# binding-exclusion: artifacts/rust-tauri/R04/T08-E01/verify-R04/R03_REGRESSION/R02/A16/legacy-entry/** — this gate's own run-time evidence output subtree (runner output, never candidate source); applied symmetrically to BOTH the main-repo binding and the candidate-copy binding (E0 mirror compare)
2f33e600c24e71dbcb74a968bd4255f7105daeccb62364dd4293bff404cf3b4f  ??  artifacts/rust-tauri/R04/T08-E01/negative-tests/c03a-stale-evidence-root/evidence/old.txt
4355a46b19d348dc2f57c046f8ef63d4538ebb936000f3c9ee954a27460dd865  ??  artifacts/rust-tauri/R04/T08-E01/negative-tests/c03a-stale-evidence-root/exit-code.txt
f5b0981175fe9bd307c7bb4e8dcb8490cfa58585d62d9c3e2f7eb03e4e875e54  ??  artifacts/rust-tauri/R04/T08-E01/negative-tests/c03b-midrun-input-change/evidence/R03_REGRESSION/A15/cases/background-run-completes-decoupled.json
fda5f46e011354371ff149d97818d48d3b78dca205e17e8a7b39dba1cb4013e6  ??  artifacts/rust-tauri/R04/T08-E01/negative-tests/c03b-midrun-input-change/evidence/R03_REGRESSION/A15/cases/background-survives-unrelated-cancel.json
92eebd1162583e5ed42a8e61a80b5c84e94753ed6562c35c930ebb65f6e23f01  ??  artifacts/rust-tauri/R04/T08-E01/negative-tests/c03b-midrun-input-change/evidence/R03_REGRESSION/A15/cases/cancel-live-run-accepted-terminal-cancelled.json
edc380e78d3b8f95b51f12c2bbfcb702760327da3f20bd6c9f456b5c7e0934de  ??  artifacts/rust-tauri/R04/T08-E01/negative-tests/c03b-midrun-input-change/evidence/R03_REGRESSION/A15/cases/cancel-terminal-run-already-terminal.json
e320e539d701e4f285fcff1a42629b28016fa5f103e77fccb5c1ddf921155742  ??  artifacts/rust-tauri/R04/T08-E01/negative-tests/c03b-midrun-input-change/evidence/R03_REGRESSION/A15/cases/cancel-unknown-run-not-found.json
a513a19cd5ca9bc857d2e01c9be7ec61e3e5677e7d1948db618b31fb7aba127a  ??  artifacts/rust-tauri/R04/T08-E01/negative-tests/c03b-midrun-input-change/evidence/R03_REGRESSION/A15/cases/cancel-waiting-approval-cancels-cleanly.json
602b436fbd1f0de778ca086853030197fe28a3fde1a5f694ebea64e4f8779c8a  ??  artifacts/rust-tauri/R04/T08-E01/negative-tests/c03b-midrun-input-change/evidence/R03_REGRESSION/A15/cases/combo-cancel-stream-terminal-cancelled.json
b24ff9cdbb08092492dd68815bdf3c4a6f38c8e2a42cd79c30abbfcacdfef745  ??  artifacts/rust-tauri/R04/T08-E01/negative-tests/c03b-midrun-input-change/evidence/R03_REGRESSION/A15/cases/combo-crash-recovery-honest-interrupted.json
d9e8dea9429b0f0c9fc86be7f31dcd96b4b227e1174dcdea6d1f00b177ec2987  ??  artifacts/rust-tauri/R04/T08-E01/negative-tests/c03b-midrun-input-change/evidence/R03_REGRESSION/A15/cases/combo-cross-session-both-complete.json
106bebd1aa293f120bb83f22b33de1e19ae817a4963587e2ee17be8731293349  ??  artifacts/rust-tauri/R04/T08-E01/negative-tests/c03b-midrun-input-change/evidence/R03_REGRESSION/A15/cases/combo-duplicate-conflict-rejected.json
eafb37ffcb4d76d45d58a64d80d9ef413064c1f979d64ba1cc2e609d147963fc  ??  artifacts/rust-tauri/R04/T08-E01/negative-tests/c03b-midrun-input-change/evidence/R03_REGRESSION/A15/cases/combo-duplicate-replay-no-second-run.json
346e6cb6ae16f125e4bbfdbf24d2bbcf63c92fa9642b2676fa06a78bfa1e8fdb  ??  artifacts/rust-tauri/R04/T08-E01/negative-tests/c03b-midrun-input-change/evidence/R03_REGRESSION/A15/cases/combo-events-subscriber-saw-terminal.json
97a0c8f8404d1c042f8f7efd240d5d5f5446103b21bcccf9c5c90461b6082043  ??  artifacts/rust-tauri/R04/T08-E01/negative-tests/c03b-midrun-input-change/evidence/R03_REGRESSION/A15/cases/combo-multi-tool-three-calls.json
aa936466e694a90f4087b7ae928f7c9b96ae1450073774fcb29d177dfa59c7b6  ??  artifacts/rust-tauri/R04/T08-E01/negative-tests/c03b-midrun-input-change/evidence/R03_REGRESSION/A15/cases/combo-multi-turn-one-terminal.json
f7bdd9e301d37d6a062e13225cfc84d7e96c1f88cd75d34e300ab00dd0fad0a0  ??  artifacts/rust-tauri/R04/T08-E01/negative-tests/c03b-midrun-input-change/evidence/R03_REGRESSION/A15/cases/combo-normal-run-completed.json
51d8bd26cb2f29bee74097b5ef9a36e3389a56a1c7127e86fa36d75a8106659e  ??  artifacts/rust-tauri/R04/T08-E01/negative-tests/c03b-midrun-input-change/evidence/R03_REGRESSION/A15/cases/combo-out-of-order-late-result-fenced.json
e18f1fcb5cc4af47da6184707fb88e0c0ed656f1fafffe8020a3001c9826c931  ??  artifacts/rust-tauri/R04/T08-E01/negative-tests/c03b-midrun-input-change/evidence/R03_REGRESSION/A15/cases/combo-timeout-budget-loud-failure.json
ccbc0f5c630f404851ca1c561fd5c73421ba9b217ceeff29973b263f05e30888  ??  artifacts/rust-tauri/R04/T08-E01/negative-tests/c03b-midrun-input-change/evidence/R03_REGRESSION/A15/cases/parent-cancel-stops-child-run.json
d72d7e1151ea38a4eeb9ad435aa66dc376039e41ff714f9f550e1f2c8934585a  ??  artifacts/rust-tauri/R04/T08-E01/negative-tests/c03b-midrun-input-change/evidence/R03_REGRESSION/A15/cases/reconnect-resume-no-model-restart.json
5d89ed42d309bfcfd13956b901f209eb432200e88c2ae1eea74d6eaffe625b2a  ??  artifacts/rust-tauri/R04/T08-E01/negative-tests/c03b-midrun-input-change/evidence/R03_REGRESSION/A15/cases/steer-busy-accepted.json
360ccd0c00f5114974f5f2967860d1c339a2e2baa808a2f5dca49f334fe0d386  ??  artifacts/rust-tauri/R04/T08-E01/negative-tests/c03b-midrun-input-change/evidence/R03_REGRESSION/A15/cases/steer-idle-miss.json
d00e58227225a313e612b18019d7f95a07382b0426ab7fbeb39bc4b05b740cc5  ??  artifacts/rust-tauri/R04/T08-E01/negative-tests/c03b-midrun-input-change/evidence/R03_REGRESSION/A15/cases/steer-text-drained-into-model-input.json
1d91fbec57470aebfedf338d49c5109fdd0216e02d720737ed53335eb06ae4c8  ??  artifacts/rust-tauri/R04/T08-E01/negative-tests/c03b-midrun-input-change/evidence/R03_REGRESSION/A15/cases/subagent-child-cancel-stops-child-only.json
25c6b5b26b72b0a4408db94f4f0e40b77faa84d32ccfeaffaf04e29fb20c07c9  ??  artifacts/rust-tauri/R04/T08-E01/negative-tests/c03b-midrun-input-change/evidence/R03_REGRESSION/A15/cases/subagent-close-thread-closed-status.json
c8d7de61de38e7dfa38ea3376602da5c50882e6d6238c3a1ff61b6ac7df04418  ??  artifacts/rust-tauri/R04/T08-E01/negative-tests/c03b-midrun-input-change/evidence/R03_REGRESSION/A15/cases/subagent-dispatch-child-lineage-recorded.json
dce5bbb9b54961ee64c8634f90f4f2600975918f6a2590b57b7b28dd425016bd  ??  artifacts/rust-tauri/R04/T08-E01/negative-tests/c03b-midrun-input-change/evidence/R03_REGRESSION/A15/cases/subagent-escalation-write-denied-zero-children.json
dcd19d358a8a5e560042eee304f1f5460d1c79ba1a64d611fb1007b830562010  ??  artifacts/rust-tauri/R04/T08-E01/negative-tests/c03b-midrun-input-change/evidence/R03_REGRESSION/A15/cases/subagent-policy-proactive-delegation-default-off.json
ffef3903ae224f661b415622ed9c76da5e265c01a9c15b867f429c1f6d10ef15  ??  artifacts/rust-tauri/R04/T08-E01/negative-tests/c03b-midrun-input-change/evidence/R03_REGRESSION/A15/cases/subagent-reply-continues-thread.json
d097c60f1416e1febc17bd0959b1c9252ca9be86b6a1e982d42d9240a38b107e  ??  artifacts/rust-tauri/R04/T08-E01/negative-tests/c03b-midrun-input-change/evidence/R03_REGRESSION/A15/combo-counts.json
4c56fd82542a56017ef5e59d3b0c9752ede52032f31f31c24c2de458153ad296  ??  artifacts/rust-tauri/R04/T08-E01/negative-tests/c03b-midrun-input-change/evidence/R03_REGRESSION/A15/combos/cancel-approval-wait.json
f861ce9b1dbe64f781134bae916b9c8f2503f4ad8572e98bfc18d180a4e35e33  ??  artifacts/rust-tauri/R04/T08-E01/negative-tests/c03b-midrun-input-change/evidence/R03_REGRESSION/A15/combos/cancel-stream-read.json
76b74d822e65d068718af971eb29865cc4891a50d128a35b0bc955cc3b6b65a2  ??  artifacts/rust-tauri/R04/T08-E01/negative-tests/c03b-midrun-input-change/evidence/R03_REGRESSION/A15/combos/crash-recovery.json
ef5545b54a472c39f9b09d995f9ba2e3671618a56d4de3eb7fe4fad24d81f22b  ??  artifacts/rust-tauri/R04/T08-E01/negative-tests/c03b-midrun-input-change/evidence/R03_REGRESSION/A15/combos/cross-session-parallel.json
7f7fd9a6f050ba6811d5b1d7313d11473f92089a4ec0fd2335779e99b59cdaa1  ??  artifacts/rust-tauri/R04/T08-E01/negative-tests/c03b-midrun-input-change/evidence/R03_REGRESSION/A15/combos/duplicate-submission.json
fc9b468ae0f2bd2cfff1a3ead3ba02756e59e73dc0c0a0ebb5142456d1ae38a8  ??  artifacts/rust-tauri/R04/T08-E01/negative-tests/c03b-midrun-input-change/evidence/R03_REGRESSION/A15/combos/leaf-parent-cancel.json
a59635405b3569b1c0c950cb282ecf3749923b36c6b1b5e4d3d21fc3f4458102  ??  artifacts/rust-tauri/R04/T08-E01/negative-tests/c03b-midrun-input-change/evidence/R03_REGRESSION/A15/combos/leaf-steer.json
fd60e4ca043c4073ddf838b3f0fe918436ede45ff7765efc8f1cad42821186f4  ??  artifacts/rust-tauri/R04/T08-E01/negative-tests/c03b-midrun-input-change/evidence/R03_REGRESSION/A15/combos/multi-tool.json
075cad25ce0207f3b49138b8d415d0db78da1005207b2f64d282b478bffa44ae  ??  artifacts/rust-tauri/R04/T08-E01/negative-tests/c03b-midrun-input-change/evidence/R03_REGRESSION/A15/combos/multi-turn-model.json
f94832aef81d68346dd1b25b1ad7312d6bc141a69a616a218b640aa170fbebcb  ??  artifacts/rust-tauri/R04/T08-E01/negative-tests/c03b-midrun-input-change/evidence/R03_REGRESSION/A15/combos/normal.json
44f5b48c4f288ee214f7053e16857997f1fb66a6be241466141301a16c6872e7  ??  artifacts/rust-tauri/R04/T08-E01/negative-tests/c03b-midrun-input-change/evidence/R03_REGRESSION/A15/combos/timeout-budget.json
505ecfbac3942739846be3a188cabea9d26c9641628253767c5457bdff2ab44f  ??  artifacts/rust-tauri/R04/T08-E01/negative-tests/c03b-midrun-input-change/evidence/R03_REGRESSION/A15/leaf-cases.json
e5d7d468d76fefaca846cba19b6791e7d1569f209256489ddb9d80c4fc491a58  ??  artifacts/rust-tauri/R04/T08-E01/negative-tests/c03b-midrun-input-change/evidence/R03_REGRESSION/A15/summary.txt
9a652a14c5a43c20164935bd4963aa32c2a32445a13a91c504c563352517c3b7  ??  artifacts/rust-tauri/R04/T08-E01/negative-tests/c03b-midrun-input-change/evidence/R03_REGRESSION/A16/captured-seed.txt
9a652a14c5a43c20164935bd4963aa32c2a32445a13a91c504c563352517c3b7  ??  artifacts/rust-tauri/R04/T08-E01/negative-tests/c03b-midrun-input-change/evidence/R03_REGRESSION/A16/p2-captured-seed-attempt-0.txt
9a652a14c5a43c20164935bd4963aa32c2a32445a13a91c504c563352517c3b7  ??  artifacts/rust-tauri/R04/T08-E01/negative-tests/c03b-midrun-input-change/evidence/R03_REGRESSION/A16/p3-replay-1-seed.txt
9a652a14c5a43c20164935bd4963aa32c2a32445a13a91c504c563352517c3b7  ??  artifacts/rust-tauri/R04/T08-E01/negative-tests/c03b-midrun-input-change/evidence/R03_REGRESSION/A16/p3-replay-2-seed.txt
3fd4aaf96fe0793daf71f6aa3f52fa6c74856c7ddd31d414962724cf4df651d5  ??  artifacts/rust-tauri/R04/T08-E01/negative-tests/c03b-midrun-input-change/evidence/R03_REGRESSION/A16/seed-mechanism.json
7d823ecd2fe778be4bc9ccdeaa060189bb8c8a9e8bd9737f51cb16fbd9b11f68  ??  artifacts/rust-tauri/R04/T08-E01/negative-tests/c03b-midrun-input-change/evidence/R03_REGRESSION/A16/summary.txt
5f7ef4991d4afea16fd8cd437d0e0b02f6b194f957746a7850b621807b94391e  ??  artifacts/rust-tauri/R04/T08-E01/negative-tests/c03b-midrun-input-change/evidence/R03_REGRESSION/G07_REPAIR/cases.jsonl
e3b0c44298fc1c149afbf4c8996fb92427ae41e4649b934ca495991b7852b855  ??  artifacts/rust-tauri/R04/T08-E01/negative-tests/c03b-midrun-input-change/evidence/R03_REGRESSION/G07_REPAIR/gaps.txt
1f29d43f2cf02b52219bc351e44642ea8aea0b0d413dd9064dac814574a7deff  ??  artifacts/rust-tauri/R04/T08-E01/negative-tests/c03b-midrun-input-change/evidence/R03_REGRESSION/G07_REPAIR/repair-cases.json
26a0ff2a5dac57c3ecace1b420b6db3294c9ca2c6c05f2a0406edb8b700f1679  ??  artifacts/rust-tauri/R04/T08-E01/negative-tests/c03b-midrun-input-change/evidence/R03_REGRESSION/G07_REPAIR/summary.txt
fa59d19f951c96dfe4e8da0fe753756b12c7bf01c4caf93a5ee95a90fbaea3b3  ??  artifacts/rust-tauri/R04/T08-E01/negative-tests/c03b-midrun-input-change/evidence/R03_REGRESSION/R02/A05_A06/.last-body
1319bbe558a1a9043433da92529bc8c24d2b6fbcabc962836a938e946e273399  ??  artifacts/rust-tauri/R04/T08-E01/negative-tests/c03b-midrun-input-change/evidence/R03_REGRESSION/R02/A05_A06/body-limit.txt
c0c19dff508a998f0c6e1fbf2643c2d78647cd6495bc53c57d2566877a3abc0b  ??  artifacts/rust-tauri/R04/T08-E01/negative-tests/c03b-midrun-input-change/evidence/R03_REGRESSION/R02/A05_A06/cli-sessions-limit-case.json
8959f0dddb31558e69c0260a0d7b743c758b00a42d795c4acbc6d9a7c1700a8d  ??  artifacts/rust-tauri/R04/T08-E01/negative-tests/c03b-midrun-input-change/evidence/R03_REGRESSION/R02/A05_A06/creds-after-authz.json
b6332822b9acc0db62fe88c5a1c63bb23f6fa2d1c1cb819cfeac629f69933a20  ??  artifacts/rust-tauri/R04/T08-E01/negative-tests/c03b-midrun-input-change/evidence/R03_REGRESSION/R02/A05_A06/creds-before-authz.json
f540665db536a7029151264071171378fcebc3b9a7cc29bf73e264b1da11f580  ??  artifacts/rust-tauri/R04/T08-E01/negative-tests/c03b-midrun-input-change/evidence/R03_REGRESSION/R02/A05_A06/devices-after-authz.json
8622386dd1fdc4a4da8b2c35212de1632c54993cea9b324a7cbb644bb44b5d22  ??  artifacts/rust-tauri/R04/T08-E01/negative-tests/c03b-midrun-input-change/evidence/R03_REGRESSION/R02/A05_A06/devices-before-authz.json
934c9db4fa89d7f0c8a92bf63a596e9117f9b91e6e9b5af43190287a074262d6  ??  artifacts/rust-tauri/R04/T08-E01/negative-tests/c03b-midrun-input-change/evidence/R03_REGRESSION/R02/A05_A06/leaf-cases.json
2be0586e01a731a11a2b718e9af4ad994182de6ef508e184da7ba8a3b2a67a17  ??  artifacts/rust-tauri/R04/T08-E01/negative-tests/c03b-midrun-input-change/evidence/R03_REGRESSION/R02/A05_A06/leaf-cases.ndjson
1486207406b5b124d77ed65bc6ea2b9590de288798fc126e5a1a21d3076a15b7  ??  artifacts/rust-tauri/R04/T08-E01/negative-tests/c03b-midrun-input-change/evidence/R03_REGRESSION/R02/A05_A06/me-denied-after.sha256
1486207406b5b124d77ed65bc6ea2b9590de288798fc126e5a1a21d3076a15b7  ??  artifacts/rust-tauri/R04/T08-E01/negative-tests/c03b-midrun-input-change/evidence/R03_REGRESSION/R02/A05_A06/me-denied-before.sha256
9901fa4939e8c0683cc392787126273c429530490fdebe18e68d1ad0c6fc2459  ??  artifacts/rust-tauri/R04/T08-E01/negative-tests/c03b-midrun-input-change/evidence/R03_REGRESSION/R02/A05_A06/sessions-list-matrix.json
2d48675c6bda9220526c64b193a20f0f174775048ea10e3d92404951a91d75f3  ??  artifacts/rust-tauri/R04/T08-E01/negative-tests/c03b-midrun-input-change/evidence/R03_REGRESSION/R02/A05_A06/state-after-authn.txt
b3e0d90797ae18452ee7907c8ffe071684b136b7bc00bf10c1251692d5709539  ??  artifacts/rust-tauri/R04/T08-E01/negative-tests/c03b-midrun-input-change/evidence/R03_REGRESSION/R02/A05_A06/state-after.txt
2d48675c6bda9220526c64b193a20f0f174775048ea10e3d92404951a91d75f3  ??  artifacts/rust-tauri/R04/T08-E01/negative-tests/c03b-midrun-input-change/evidence/R03_REGRESSION/R02/A05_A06/state-before-authz.txt
2d48675c6bda9220526c64b193a20f0f174775048ea10e3d92404951a91d75f3  ??  artifacts/rust-tauri/R04/T08-E01/negative-tests/c03b-midrun-input-change/evidence/R03_REGRESSION/R02/A05_A06/state-before.txt
6408f2a85f6761d56d240db475638cab16d965461f4ce0351241259e86ce290f  ??  artifacts/rust-tauri/R04/T08-E01/negative-tests/c03b-midrun-input-change/evidence/R03_REGRESSION/R02/A05_A06/summary.txt
a6e1536272fe3ca7c9187a0d55f645cf45afb7be55fd41331014d1fe6bb1be36  ??  artifacts/rust-tauri/R04/T08-E01/negative-tests/c03b-midrun-input-change/evidence/R03_REGRESSION/R02/A05_A06/ws-matrix.json
9a2c0c4431aa6a3e840395546b932d8857a1188fd265d708df94fcf30d866268  ??  artifacts/rust-tauri/R04/T08-E01/negative-tests/c03b-midrun-input-change/evidence/R03_REGRESSION/R02/A07_A08/last-db-hashes.txt
e613a984930f45c73fa5aa79af6955b0ac56faa30868e1da85d84a96a180eee3  ??  artifacts/rust-tauri/R04/T08-E01/negative-tests/c03b-midrun-input-change/evidence/R03_REGRESSION/R02/A07_A08/s1-counts-after-stop.json
6e11d3157e36f2f24de72943cc5df97aec8475c1e95a29c6fed9cc451e41da10  ??  artifacts/rust-tauri/R04/T08-E01/negative-tests/c03b-midrun-input-change/evidence/R03_REGRESSION/R02/A07_A08/s2-counts-after-crash.json
2b718216e7d215f7a580b0a3807b8b35ef232bd69a4aa4c8ee4e57ccf696d28c  ??  artifacts/rust-tauri/R04/T08-E01/negative-tests/c03b-midrun-input-change/evidence/R03_REGRESSION/R02/A07_A08/s2-runs-dump.jsonl
51a6262f007a392ad2f3137c49ca3a6493f984b9737885b6e0ef3e138165c395  ??  artifacts/rust-tauri/R04/T08-E01/negative-tests/c03b-midrun-input-change/evidence/R03_REGRESSION/R02/A07_A08/s3-fault.err
e3b0c44298fc1c149afbf4c8996fb92427ae41e4649b934ca495991b7852b855  ??  artifacts/rust-tauri/R04/T08-E01/negative-tests/c03b-midrun-input-change/evidence/R03_REGRESSION/R02/A07_A08/s3-fault.out
3cc8ace4ced7779bdd935feb609db24bcfe8c88f575888d6e0c137e35e852e05  ??  artifacts/rust-tauri/R04/T08-E01/negative-tests/c03b-midrun-input-change/evidence/R03_REGRESSION/R02/A07_A08/s4-hashes-after.txt
3cc8ace4ced7779bdd935feb609db24bcfe8c88f575888d6e0c137e35e852e05  ??  artifacts/rust-tauri/R04/T08-E01/negative-tests/c03b-midrun-input-change/evidence/R03_REGRESSION/R02/A07_A08/s4-hashes-before.txt
9d3b5c325a7ed8126961a7bb601fdd3193b81894b07f59e34f523249542bbfae  ??  artifacts/rust-tauri/R04/T08-E01/negative-tests/c03b-midrun-input-change/evidence/R03_REGRESSION/R02/A07_A08/s4-migrations-round1.json
9d3b5c325a7ed8126961a7bb601fdd3193b81894b07f59e34f523249542bbfae  ??  artifacts/rust-tauri/R04/T08-E01/negative-tests/c03b-midrun-input-change/evidence/R03_REGRESSION/R02/A07_A08/s4-migrations-round2.json
9d3b5c325a7ed8126961a7bb601fdd3193b81894b07f59e34f523249542bbfae  ??  artifacts/rust-tauri/R04/T08-E01/negative-tests/c03b-midrun-input-change/evidence/R03_REGRESSION/R02/A07_A08/s4-migrations-round3.json
5c65b77afbc7f8d7989dc28b6bc96957127ed673ad78b1a98cbc56373160ee5e  ??  artifacts/rust-tauri/R04/T08-E01/negative-tests/c03b-midrun-input-change/evidence/R03_REGRESSION/R02/A07_A08/service-s1.err
b76f04936bc5e0e7e1a211f2059f536f3b8a6906e33f46d8bc2a2ddd82852c5c  ??  artifacts/rust-tauri/R04/T08-E01/negative-tests/c03b-midrun-input-change/evidence/R03_REGRESSION/R02/A07_A08/service-s1.out
643e856bfa39082fb2e727d3a52073c227d1ffd7747b323ef8fd112d89b2714f  ??  artifacts/rust-tauri/R04/T08-E01/negative-tests/c03b-midrun-input-change/evidence/R03_REGRESSION/R02/A07_A08/service-s1b.err
439d7a89990b849837a10f4634fff058fbdff0ffa4c18888909460570b295365  ??  artifacts/rust-tauri/R04/T08-E01/negative-tests/c03b-midrun-input-change/evidence/R03_REGRESSION/R02/A07_A08/service-s1b.out
5725bade65d8275443cccb18452e1935f926425b795bd18c22fd0d30fcf3a840  ??  artifacts/rust-tauri/R04/T08-E01/negative-tests/c03b-midrun-input-change/evidence/R03_REGRESSION/R02/A07_A08/service-s2.err
b09f61c7a691b74ab2fb44a8d8439a5ee0a93e2405a14a996368d54891fa0d3c  ??  artifacts/rust-tauri/R04/T08-E01/negative-tests/c03b-midrun-input-change/evidence/R03_REGRESSION/R02/A07_A08/service-s2.out
38803ee16eddd500a3b6d7469cf1d371c25e4cee9ec40c0b09c84de2b17b24ea  ??  artifacts/rust-tauri/R04/T08-E01/negative-tests/c03b-midrun-input-change/evidence/R03_REGRESSION/R02/A07_A08/service-s2b.err
e66130b177c7336c751f8c9eb889489c65e6a85ed4bfd5aa6f5595bfa774fd71  ??  artifacts/rust-tauri/R04/T08-E01/negative-tests/c03b-midrun-input-change/evidence/R03_REGRESSION/R02/A07_A08/service-s2b.out
716fb2077e546d854511153381074d596e7ecd69cd997dd5668bf2fe8c3b8dd4  ??  artifacts/rust-tauri/R04/T08-E01/negative-tests/c03b-midrun-input-change/evidence/R03_REGRESSION/R02/A07_A08/service-s4-1.err
049d4aeeb8804cf293c901f3cf549adf25442688aea65777eefa1f899ccc3b0d  ??  artifacts/rust-tauri/R04/T08-E01/negative-tests/c03b-midrun-input-change/evidence/R03_REGRESSION/R02/A07_A08/service-s4-1.out
3f6be88ffbbabbb499029f5a5e07f25c60a346cc262fc117aaec06d34b1068ae  ??  artifacts/rust-tauri/R04/T08-E01/negative-tests/c03b-midrun-input-change/evidence/R03_REGRESSION/R02/A07_A08/service-s4-2.err
2d01412e0935146f6d9ac1b2af69df676289e55f1bc6920a95d588199884f2ea  ??  artifacts/rust-tauri/R04/T08-E01/negative-tests/c03b-midrun-input-change/evidence/R03_REGRESSION/R02/A07_A08/service-s4-2.out
96cf33ee008a35b7aa64fc7470802207eb34c0e2564a427810e9cbcba5b993a1  ??  artifacts/rust-tauri/R04/T08-E01/negative-tests/c03b-midrun-input-change/evidence/R03_REGRESSION/R02/A07_A08/service-s4-3.err
48a0450824b89fb3090d921e70915744bf244b1426886f558baaeea7eec9b804  ??  artifacts/rust-tauri/R04/T08-E01/negative-tests/c03b-midrun-input-change/evidence/R03_REGRESSION/R02/A07_A08/service-s4-3.out
f4acec07cddbc822b49f3c3c670255264f96694215d21e3bfc07b56469a72f3a  ??  artifacts/rust-tauri/R04/T08-E01/negative-tests/c03b-midrun-input-change/evidence/R03_REGRESSION/R02/A07_A08/service.addr
107195866f84a4e90e959543607a1e049bd07a6c83ae8b0af59276143a16429f  ??  artifacts/rust-tauri/R04/T08-E01/negative-tests/c03b-midrun-input-change/evidence/R03_REGRESSION/R02/A07_A08/service.pid
1c42fa08a9ec39a4d1b77312f9a6bab7419b66327dad965e050fc487aef2b0f6  ??  artifacts/rust-tauri/R04/T08-E01/negative-tests/c03b-midrun-input-change/evidence/R03_REGRESSION/R02/A07_A08/summary.txt
15c340416bdb463cd9c3920511c64d7985cdd169c4cc2f59f3647539aac70fea  ??  artifacts/rust-tauri/R04/T08-E01/negative-tests/c03b-midrun-input-change/evidence/R03_REGRESSION/R02/A09_A10/a09-merged-view.json
490da40b47ea321a4389c1f20d668b364c0d35db7e667d65a6367bca662031cf  ??  artifacts/rust-tauri/R04/T08-E01/negative-tests/c03b-midrun-input-change/evidence/R03_REGRESSION/R02/A09_A10/a10-rebuild-diff.json
85eb5e2c25a376280375509ad55f91d6fec3423f15c0ada150ca08dc87ae244d  ??  artifacts/rust-tauri/R04/T08-E01/negative-tests/c03b-midrun-input-change/evidence/R03_REGRESSION/R02/A09_A10/key-events-dump.json
9b070cd894c13c22e75415928b2139cc979b1408eb7e4f05621eea54750bb8dc  ??  artifacts/rust-tauri/R04/T08-E01/negative-tests/c03b-midrun-input-change/evidence/R03_REGRESSION/R02/A09_A10/matrix.json
7d1f320adf499b52ff470610ff1e4c1aec7eae1cf6dd988a5920a2bc3fe831ed  ??  artifacts/rust-tauri/R04/T08-E01/negative-tests/c03b-midrun-input-change/evidence/R03_REGRESSION/R02/A09_A10/probe-matrix.jsonl
253da80e590079e16d25b31bc3f971c6551cdb5bed2c3f68877412e6ed2f192f  ??  artifacts/rust-tauri/R04/T08-E01/negative-tests/c03b-midrun-input-change/evidence/R03_REGRESSION/R02/A09_A10/service.err
1d969db7308cd67487e4f49452e17f5b71d66165d2c6732a0e6a6d73559b2c71  ??  artifacts/rust-tauri/R04/T08-E01/negative-tests/c03b-midrun-input-change/evidence/R03_REGRESSION/R02/A09_A10/service.out
e8baff49d47994c209c9ffe9da0946b9bd9506da9888d12e21362f0e21118cb4  ??  artifacts/rust-tauri/R04/T08-E01/negative-tests/c03b-midrun-input-change/evidence/R03_REGRESSION/R02/A09_A10/summary.txt
dd63f79ce1a39fdef735dbb9eb292c3f8a45db77c2513d3cc7379e5dbe13749e  ??  artifacts/rust-tauri/R04/T08-E01/negative-tests/c03b-midrun-input-change/evidence/R03_REGRESSION/R02/A11/backup-restore/s1-backup-dir-listing.txt
1d5c31f9e1bedb0b303963817eca4d5e90cec90750fe0e5d3ce2982d59ef6f48  ??  artifacts/rust-tauri/R04/T08-E01/negative-tests/c03b-midrun-input-change/evidence/R03_REGRESSION/R02/A11/backup-restore/s1-backup-outcome.json
e3b0c44298fc1c149afbf4c8996fb92427ae41e4649b934ca495991b7852b855  ??  artifacts/rust-tauri/R04/T08-E01/negative-tests/c03b-midrun-input-change/evidence/R03_REGRESSION/R02/A11/backup-restore/s1-backup.err
7991459da29e1e7ae166e964f4814b897779aace91edf060b879f944c0f50f2d  ??  artifacts/rust-tauri/R04/T08-E01/negative-tests/c03b-midrun-input-change/evidence/R03_REGRESSION/R02/A11/backup-restore/s1-restore-outcome.json
e3b0c44298fc1c149afbf4c8996fb92427ae41e4649b934ca495991b7852b855  ??  artifacts/rust-tauri/R04/T08-E01/negative-tests/c03b-midrun-input-change/evidence/R03_REGRESSION/R02/A11/backup-restore/s1-restore.err
6370428e59719d142629100c3d6f54b3eb5038f1eded02397158a7bf833fd996  ??  artifacts/rust-tauri/R04/T08-E01/negative-tests/c03b-midrun-input-change/evidence/R03_REGRESSION/R02/A11/backup-restore/s1-restored-dump.jsonl
5fcb3639dd4f7e848fb59ae3443f4c02de0ed12cfb4811bbbf154e56a1b3c173  ??  artifacts/rust-tauri/R04/T08-E01/negative-tests/c03b-midrun-input-change/evidence/R03_REGRESSION/R02/A11/backup-restore/s1-restored-hash.txt
6370428e59719d142629100c3d6f54b3eb5038f1eded02397158a7bf833fd996  ??  artifacts/rust-tauri/R04/T08-E01/negative-tests/c03b-midrun-input-change/evidence/R03_REGRESSION/R02/A11/backup-restore/s1-source-dump.jsonl
29fe642e7c6c8e3f1354c5ce7ed50ce0b6d978dc2c4b80e7464a50afac89c0f3  ??  artifacts/rust-tauri/R04/T08-E01/negative-tests/c03b-midrun-input-change/evidence/R03_REGRESSION/R02/A11/backup-restore/s1-source-hash.txt
951e1f2cedf4a978898a4f9e620777561b8381ece9faf4223f8594a201f47f74  ??  artifacts/rust-tauri/R04/T08-E01/negative-tests/c03b-midrun-input-change/evidence/R03_REGRESSION/R02/A11/backup-restore/s1-wal-size.txt
e3b0c44298fc1c149afbf4c8996fb92427ae41e4649b934ca495991b7852b855  ??  artifacts/rust-tauri/R04/T08-E01/negative-tests/c03b-midrun-input-change/evidence/R03_REGRESSION/R02/A11/backup-restore/s3-backup-out.json
44e5c75b9f20c0748b132568b058aabd7ec134dbc42f3f225684eac0d8e241fb  ??  artifacts/rust-tauri/R04/T08-E01/negative-tests/c03b-midrun-input-change/evidence/R03_REGRESSION/R02/A11/backup-restore/s3-backup.err
9b33c4d50a9f7a0434980244454a85ce4288c7323241cf9ff22c50e6b8f8dd85  ??  artifacts/rust-tauri/R04/T08-E01/negative-tests/c03b-midrun-input-change/evidence/R03_REGRESSION/R02/A11/backup-restore/s4-ws-probe.json
a4c3ed04a95a3da14a9d235c83d868bed7c0f45cf7f3faa751ee8f50598d2211  ??  artifacts/rust-tauri/R04/T08-E01/negative-tests/c03b-midrun-input-change/evidence/R03_REGRESSION/R02/A11/backup-restore/s4-ws-probe.json.probe-done
ddf097cd13da7ad62f653935bd74fbf428a3791d8ab57c9546e555b6810f3570  ??  artifacts/rust-tauri/R04/T08-E01/negative-tests/c03b-midrun-input-change/evidence/R03_REGRESSION/R02/A11/backup-restore/service-s1.addr
8651122aa03bc51a680be2100f6c6fe9efa68c72030012b976effb570efc9581  ??  artifacts/rust-tauri/R04/T08-E01/negative-tests/c03b-midrun-input-change/evidence/R03_REGRESSION/R02/A11/backup-restore/service-s1.err
bdd9bc9d58e5153c910e0b16cf98a74d158edb07cbeb34c318fd3794b491cc62  ??  artifacts/rust-tauri/R04/T08-E01/negative-tests/c03b-midrun-input-change/evidence/R03_REGRESSION/R02/A11/backup-restore/service-s1.out
05cae97ae1cc8168be75a490e566de88690e9e212e67dd69d26b2198f8559b13  ??  artifacts/rust-tauri/R04/T08-E01/negative-tests/c03b-midrun-input-change/evidence/R03_REGRESSION/R02/A11/backup-restore/service-s2.addr
8eb1414b4903a04f3f7de68bb59130d59cb3eb430534021c121cc9e29002810e  ??  artifacts/rust-tauri/R04/T08-E01/negative-tests/c03b-midrun-input-change/evidence/R03_REGRESSION/R02/A11/backup-restore/service-s2.err
9f0ba8fb4886bc2930598fcba125d2e0aeabc42bdb320219aa0e3a1140e85d56  ??  artifacts/rust-tauri/R04/T08-E01/negative-tests/c03b-midrun-input-change/evidence/R03_REGRESSION/R02/A11/backup-restore/service-s2.out
fb8d722d9e8f382f898556b05648cf9a21604ab08e26f8f0b57b19d23bc4c6bc  ??  artifacts/rust-tauri/R04/T08-E01/negative-tests/c03b-midrun-input-change/evidence/R03_REGRESSION/R02/A11/backup-restore/service-s4.addr
cfed22ae5dd6a7774d7053a13b717694934307084af4f9b43bcc80863654f3fc  ??  artifacts/rust-tauri/R04/T08-E01/negative-tests/c03b-midrun-input-change/evidence/R03_REGRESSION/R02/A11/backup-restore/service-s4.err
169d454aa7d445d94378e08469500ff50eef31eb3d472477c6e06dafd25bd2b2  ??  artifacts/rust-tauri/R04/T08-E01/negative-tests/c03b-midrun-input-change/evidence/R03_REGRESSION/R02/A11/backup-restore/service-s4.out
bb99907ece5c218b2aa7443acb6165d28ff84b94ff7fc722d0b56f5db8f62990  ??  artifacts/rust-tauri/R04/T08-E01/negative-tests/c03b-midrun-input-change/evidence/R03_REGRESSION/R02/A11/backup-restore/service.pid
7e2e6b484a54ebaec859abb6fb4fe9137fea20c753555d04c9344a7601875172  ??  artifacts/rust-tauri/R04/T08-E01/negative-tests/c03b-midrun-input-change/evidence/R03_REGRESSION/R02/A11/backup-restore/summary.txt
431ac70356909e3ea3b9aeb4c0dcfd644dde6db51e9ffbfdedbe562f692abcf2  ??  artifacts/rust-tauri/R04/T08-E01/negative-tests/c03b-midrun-input-change/evidence/R03_REGRESSION/R02/A12/recovery-drill/coexist-after.txt
431ac70356909e3ea3b9aeb4c0dcfd644dde6db51e9ffbfdedbe562f692abcf2  ??  artifacts/rust-tauri/R04/T08-E01/negative-tests/c03b-midrun-input-change/evidence/R03_REGRESSION/R02/A12/recovery-drill/coexist-before.txt
6a8cb6f9c251a95a3e6838140b613dbb6c53290d8a82fb963c2fd36dfb595486  ??  artifacts/rust-tauri/R04/T08-E01/negative-tests/c03b-midrun-input-change/evidence/R03_REGRESSION/R02/A12/recovery-drill/own-created-homes.txt
0e0e6d91a7af6900004da1486fd5f59ea3b57f4f38b4946527c163dc75349cc1  ??  artifacts/rust-tauri/R04/T08-E01/negative-tests/c03b-midrun-input-change/evidence/R03_REGRESSION/R02/A12/recovery-drill/summary.txt
7b2f675d535131e9ee3b95eb996b520af42000b1efea572dc62eff72fd758a84  ??  artifacts/rust-tauri/R04/T08-E01/negative-tests/c03b-midrun-input-change/evidence/R03_REGRESSION/R02/A12/recovery-drill/v1-hashes-after.txt
7b2f675d535131e9ee3b95eb996b520af42000b1efea572dc62eff72fd758a84  ??  artifacts/rust-tauri/R04/T08-E01/negative-tests/c03b-midrun-input-change/evidence/R03_REGRESSION/R02/A12/recovery-drill/v1-hashes-before.txt
469d296c3e66173b437cb39ddcab1cc3d725b71323b4b92cb09a20b56f1b9c97  ??  artifacts/rust-tauri/R04/T08-E01/negative-tests/c03b-midrun-input-change/evidence/R03_REGRESSION/R02/A12/recovery-drill/v1.err
e3b0c44298fc1c149afbf4c8996fb92427ae41e4649b934ca495991b7852b855  ??  artifacts/rust-tauri/R04/T08-E01/negative-tests/c03b-midrun-input-change/evidence/R03_REGRESSION/R02/A12/recovery-drill/v1.out
fcb269f1fc43e20619871bab0f6e464d30773313e55b17f725fc62249ab521be  ??  artifacts/rust-tauri/R04/T08-E01/negative-tests/c03b-midrun-input-change/evidence/R03_REGRESSION/R02/A12/recovery-drill/v2-hashes-after.txt
fcb269f1fc43e20619871bab0f6e464d30773313e55b17f725fc62249ab521be  ??  artifacts/rust-tauri/R04/T08-E01/negative-tests/c03b-midrun-input-change/evidence/R03_REGRESSION/R02/A12/recovery-drill/v2-hashes-before.txt
a47ed81b68520616c49e0224a1936d37cf8746c4aaae87b09a58a555c103f661  ??  artifacts/rust-tauri/R04/T08-E01/negative-tests/c03b-midrun-input-change/evidence/R03_REGRESSION/R02/A12/recovery-drill/v2.err
e3b0c44298fc1c149afbf4c8996fb92427ae41e4649b934ca495991b7852b855  ??  artifacts/rust-tauri/R04/T08-E01/negative-tests/c03b-midrun-input-change/evidence/R03_REGRESSION/R02/A12/recovery-drill/v2.out
a33ffd69acb495d9a221778bb2317e4cef00e4d752d794b9c1267890666ec43d  ??  artifacts/rust-tauri/R04/T08-E01/negative-tests/c03b-midrun-input-change/evidence/R03_REGRESSION/R02/A12/recovery-drill/v3-hashes-after.txt
a33ffd69acb495d9a221778bb2317e4cef00e4d752d794b9c1267890666ec43d  ??  artifacts/rust-tauri/R04/T08-E01/negative-tests/c03b-midrun-input-change/evidence/R03_REGRESSION/R02/A12/recovery-drill/v3-hashes-before.txt
2fa2fb117a6650a322cf033bf276d9a2bd6eef6041443b6d6c4a695221a8f19c  ??  artifacts/rust-tauri/R04/T08-E01/negative-tests/c03b-midrun-input-change/evidence/R03_REGRESSION/R02/A12/recovery-drill/v3.err
e3b0c44298fc1c149afbf4c8996fb92427ae41e4649b934ca495991b7852b855  ??  artifacts/rust-tauri/R04/T08-E01/negative-tests/c03b-midrun-input-change/evidence/R03_REGRESSION/R02/A12/recovery-drill/v3.out
023aab7efdca9c8589931c01ac44e378d77edd25dc5ab16426c5848aa732151e  ??  artifacts/rust-tauri/R04/T08-E01/negative-tests/c03b-midrun-input-change/evidence/R03_REGRESSION/R02/A12/recovery-drill/v4.err
5a571ccb3a427af440759fc3db2886867e54098983c4fcdf793399021d74dc26  ??  artifacts/rust-tauri/R04/T08-E01/negative-tests/c03b-midrun-input-change/evidence/R03_REGRESSION/R02/A12/recovery-drill/v4.out
ef1163ed8579e24fc9ee22eea83daf2bc77b9d87ee0649e824bb9f3ea4eaa3f8  ??  artifacts/rust-tauri/R04/T08-E01/negative-tests/c03b-midrun-input-change/evidence/R03_REGRESSION/R02/A12/recovery-drill/v5-hashes-after.txt
ef1163ed8579e24fc9ee22eea83daf2bc77b9d87ee0649e824bb9f3ea4eaa3f8  ??  artifacts/rust-tauri/R04/T08-E01/negative-tests/c03b-midrun-input-change/evidence/R03_REGRESSION/R02/A12/recovery-drill/v5-hashes-before.txt
ca50449413c17de813719e325c8fb23d5a6bf16d57d55046bbf196c4c5c17855  ??  artifacts/rust-tauri/R04/T08-E01/negative-tests/c03b-midrun-input-change/evidence/R03_REGRESSION/R02/A12/recovery-drill/v5.err
e3b0c44298fc1c149afbf4c8996fb92427ae41e4649b934ca495991b7852b855  ??  artifacts/rust-tauri/R04/T08-E01/negative-tests/c03b-midrun-input-change/evidence/R03_REGRESSION/R02/A12/recovery-drill/v5.out
0525671543b8829e8670b3dfc72016dc0d948b97b7f9a7967507bd91730a79f4  ??  artifacts/rust-tauri/R04/T08-E01/negative-tests/c03b-midrun-input-change/evidence/R03_REGRESSION/R02/A12/recovery-drill/v6-recovered-dump.jsonl
27badc983df1780b60c2b3fa9d3a19a00e46aac798451f0febdca52920faaddf  ??  artifacts/rust-tauri/R04/T08-E01/negative-tests/c03b-midrun-input-change/evidence/R03_REGRESSION/R02/A12/recovery-drill/v6-seed-execute.txt
53781935c53ccfc05cd5a827baf8fbaeabc2614f6c2fb74349c0488feb8e2073  ??  artifacts/rust-tauri/R04/T08-E01/negative-tests/c03b-midrun-input-change/evidence/R03_REGRESSION/R02/A12/recovery-drill/v6-seed.err
a5885dbaefd752447f720da663e9262f319c6e010019849732267aeb23f9e78c  ??  artifacts/rust-tauri/R04/T08-E01/negative-tests/c03b-midrun-input-change/evidence/R03_REGRESSION/R02/A12/recovery-drill/v6-seed.out
c67161b10da6e1b00bb242d63cf9f6d27c145e867f3b9208bb3c7dc87addfabf  ??  artifacts/rust-tauri/R04/T08-E01/negative-tests/c03b-midrun-input-change/evidence/R03_REGRESSION/R02/A12/recovery-drill/v6.err
16d4406231e18c2252858eb442c7668aac02b696064b0b76812e96469f4795f8  ??  artifacts/rust-tauri/R04/T08-E01/negative-tests/c03b-midrun-input-change/evidence/R03_REGRESSION/R02/A12/recovery-drill/v6.out
83988c0373cd6a04ec3b9538eff8a3d01eb23f8275e2677ebbee970ab41571c3  ??  artifacts/rust-tauri/R04/T08-E01/negative-tests/c03b-midrun-input-change/evidence/R03_REGRESSION/R02/A12/recovery-drill/v7-hashes-after.txt
83988c0373cd6a04ec3b9538eff8a3d01eb23f8275e2677ebbee970ab41571c3  ??  artifacts/rust-tauri/R04/T08-E01/negative-tests/c03b-midrun-input-change/evidence/R03_REGRESSION/R02/A12/recovery-drill/v7-hashes-before.txt
960dcaf1ac8e44b0eb7cef3a9b4c2d83c51a0a9995044df0aa49696b896cdaf1  ??  artifacts/rust-tauri/R04/T08-E01/negative-tests/c03b-midrun-input-change/evidence/R03_REGRESSION/R02/A12/recovery-drill/v7-seed.err
5ff156f925b245b658df4f324d0307151a418189166779b403045053fc58bab0  ??  artifacts/rust-tauri/R04/T08-E01/negative-tests/c03b-midrun-input-change/evidence/R03_REGRESSION/R02/A12/recovery-drill/v7-seed.out
a5afe60899ba0d85fec8d90fbbebe5f06f391fde74dba9b069d6965b47031f68  ??  artifacts/rust-tauri/R04/T08-E01/negative-tests/c03b-midrun-input-change/evidence/R03_REGRESSION/R02/A12/recovery-drill/v7.err
e3b0c44298fc1c149afbf4c8996fb92427ae41e4649b934ca495991b7852b855  ??  artifacts/rust-tauri/R04/T08-E01/negative-tests/c03b-midrun-input-change/evidence/R03_REGRESSION/R02/A12/recovery-drill/v7.out
0cc6d840818d39d2243b885ac61fc452e5fbe157c6c01dc9770836b323b72670  ??  artifacts/rust-tauri/R04/T08-E01/negative-tests/c03b-midrun-input-change/evidence/R03_REGRESSION/R02/A12/recovery-drill/v8-observed.err
fc2e32bc118958a273915a00d761973dfffd427dbbaea7e5edc8d097c8737000  ??  artifacts/rust-tauri/R04/T08-E01/negative-tests/c03b-midrun-input-change/evidence/R03_REGRESSION/R02/A12/recovery-drill/v8-seed.err
1399cc1f4721bfc082bb5b751d6a466bd4df0692efbad65f22471a3b94c888c8  ??  artifacts/rust-tauri/R04/T08-E01/negative-tests/c03b-midrun-input-change/evidence/R03_REGRESSION/R02/A12/recovery-drill/v8-seed.out
0cc6d840818d39d2243b885ac61fc452e5fbe157c6c01dc9770836b323b72670  ??  artifacts/rust-tauri/R04/T08-E01/negative-tests/c03b-midrun-input-change/evidence/R03_REGRESSION/R02/A12/recovery-drill/v8.err
b82b3085213ddc52280f7354cac4a8da2ade944e2b4779114170ac19acd22d58  ??  artifacts/rust-tauri/R04/T08-E01/negative-tests/c03b-midrun-input-change/evidence/R03_REGRESSION/R02/A12/recovery-drill/v8.out
e7cc3f6a5d7e98b982db0e26af6adbe01217e330d23f5e16282ca9e4fb865551  ??  artifacts/rust-tauri/R04/T08-E01/negative-tests/c03b-midrun-input-change/evidence/R03_REGRESSION/R02/A15/full-chain/pre-restart-head.json
e3b0c44298fc1c149afbf4c8996fb92427ae41e4649b934ca495991b7852b855  ??  artifacts/rust-tauri/R04/T08-E01/negative-tests/c03b-midrun-input-change/evidence/R03_REGRESSION/R02/A15/full-chain/probe1.err
59c1718c752be65fbf785d8914e1428ebb3fb746ae482ac9f0729dea586a1b51  ??  artifacts/rust-tauri/R04/T08-E01/negative-tests/c03b-midrun-input-change/evidence/R03_REGRESSION/R02/A15/full-chain/probe1.pass-lines
e3b0c44298fc1c149afbf4c8996fb92427ae41e4649b934ca495991b7852b855  ??  artifacts/rust-tauri/R04/T08-E01/negative-tests/c03b-midrun-input-change/evidence/R03_REGRESSION/R02/A15/full-chain/probe2.err
28a411dc95be7e6596d2954fdbecf8eb034d9f8dc1248ab1d111c07c1c218b89  ??  artifacts/rust-tauri/R04/T08-E01/negative-tests/c03b-midrun-input-change/evidence/R03_REGRESSION/R02/A15/full-chain/probe2.pass-lines
0c8b365624ca0cac4ee378d7967c10d98b5d5e3e3fdf112a05b6bde5ba1a259e  ??  artifacts/rust-tauri/R04/T08-E01/negative-tests/c03b-midrun-input-change/evidence/R03_REGRESSION/R02/A15/full-chain/service1.err
d417a2074461a0b818a0f8a818b6686c7d23f7fff3c31230c5b699c1e8b2d22a  ??  artifacts/rust-tauri/R04/T08-E01/negative-tests/c03b-midrun-input-change/evidence/R03_REGRESSION/R02/A15/full-chain/service1.out
1dd20b9d113c63d8bfe2a40147ea2de9333d29b622e780f9edf75c3bb893f115  ??  artifacts/rust-tauri/R04/T08-E01/negative-tests/c03b-midrun-input-change/evidence/R03_REGRESSION/R02/A15/full-chain/service2.err
45d5f6a67199e479169243c8305064f3edae585db7beb08cef91f9141c0dfb08  ??  artifacts/rust-tauri/R04/T08-E01/negative-tests/c03b-midrun-input-change/evidence/R03_REGRESSION/R02/A15/full-chain/service2.out
83d4c1e4401eb98c4e770c6b9d76d8bd012888d3e145ac760b2a93676b3a0421  ??  artifacts/rust-tauri/R04/T08-E01/negative-tests/c03b-midrun-input-change/evidence/R03_REGRESSION/R02/A15/full-chain/summary.txt
f8b87d2e7bd57bf063e4b2f92b8c8c27eea0bac29d3f4ba7a59b77e8e6d5480b  ??  artifacts/rust-tauri/R04/T08-E01/negative-tests/c03b-midrun-input-change/evidence/R03_REGRESSION/R02/A16/legacy-entry/e0-candidate-binding.tsv
d30e5a8c735b839ec39d3db4a2e3ca58a9f37d9307b0acbaa2a3f9db5814ed1b  ??  artifacts/rust-tauri/R04/T08-E01/negative-tests/c03b-midrun-input-change/evidence/R03_REGRESSION/R02/A16/legacy-entry/e0-candidate-dirty.diff
74a6b4972675bd825b75f6fc7447698377488ebca55dc2eef6822385ee61d16f  ??  artifacts/rust-tauri/R04/T08-E01/negative-tests/c03b-midrun-input-change/evidence/R03_REGRESSION/R02/A16/legacy-entry/e0-candidate-dirty.txt
bb163f41c13076e8adcb5c94fd90fe8c1a2b746a20b3962c8b93dd836f0ded26  ??  artifacts/rust-tauri/R04/T08-E01/negative-tests/c03b-midrun-input-change/evidence/R03_REGRESSION/R02/A16/legacy-entry/summary.txt
e50c8ef56250d7b4d0545aa3f39e0472bafab95285346af229294ea0c4b8ee87  ??  artifacts/rust-tauri/R04/T08-E01/negative-tests/c03b-midrun-input-change/evidence/R03_REGRESSION/candidate-source-after.json
e50c8ef56250d7b4d0545aa3f39e0472bafab95285346af229294ea0c4b8ee87  ??  artifacts/rust-tauri/R04/T08-E01/negative-tests/c03b-midrun-input-change/evidence/R03_REGRESSION/candidate-source-before.json
f020e4e4a012dd2f687a4b637cf9ae1c22e128e387c9f249ee345ee68026bb17  ??  artifacts/rust-tauri/R04/T08-E01/negative-tests/c03b-midrun-input-change/evidence/R03_REGRESSION/verify-stage-result.json
10a16641e3405663989bf586c36c94e6522cc9932c30df552a4cb308377a9676  ??  artifacts/rust-tauri/R04/T08-E01/negative-tests/c03b-midrun-input-change/evidence/R04_MATRIX/cases/a15-directory-claim-refused.json
09f385efaedc793ea498845967037cfcbfc0fe2c163104737d7ff99e880e98bc  ??  artifacts/rust-tauri/R04/T08-E01/negative-tests/c03b-midrun-input-change/evidence/R04_MATRIX/cases/a15-gateway-audit-directory-ref-failed.json
d0df7dade822790f5735f4ebef501e03b8aa905318cb8a60905b81715d427965  ??  artifacts/rust-tauri/R04/T08-E01/negative-tests/c03b-midrun-input-change/evidence/R04_MATRIX/cases/a15-gateway-audit-fake-ref-failed.json
a0800cd68927a3e79f38730d4c55036813c6947a5675713428917d03a1b44145  ??  artifacts/rust-tauri/R04/T08-E01/negative-tests/c03b-midrun-input-change/evidence/R04_MATRIX/cases/a15-gateway-audit-real-ref-passes.json
8f9b212963fdfce437456018df1536c00c82aa2118f3c3af37532e979ed04f2b  ??  artifacts/rust-tauri/R04/T08-E01/negative-tests/c03b-midrun-input-change/evidence/R04_MATRIX/cases/a15-missing-claim-refused.json
04245f14680505fadaf81819e4b39818cf0d629654f8733039a6ac2e8d68bb98  ??  artifacts/rust-tauri/R04/T08-E01/negative-tests/c03b-midrun-input-change/evidence/R04_MATRIX/cases/a15-out-of-grant-claim-refused.json
e4bb14f7a842ae22ee91e7b3bebdfcc5273aec1410f84eb90970f2bc4dc3fc91  ??  artifacts/rust-tauri/R04/T08-E01/negative-tests/c03b-midrun-input-change/evidence/R04_MATRIX/cases/a15-real-delivery-registered.json
6895d6a72b4da91d630223ce6ad2b8320db84534f721b5748ac0f487c1a29223  ??  artifacts/rust-tauri/R04/T08-E01/negative-tests/c03b-midrun-input-change/evidence/R04_MATRIX/cases/a15-structure-violation-refused.json
94c57b04cb80a3ce8932e58d775b4aaa85affa76e33e34512e4a0bc47ade49a9  ??  artifacts/rust-tauri/R04/T08-E01/negative-tests/c03b-midrun-input-change/evidence/R04_MATRIX/cases/a16-alias-route-covered.json
506ae3c069a2a967546a4ca114bf3e15abac6ebcdb0f7e35b359b12c1cde92b5  ??  artifacts/rust-tauri/R04/T08-E01/negative-tests/c03b-midrun-input-change/evidence/R04_MATRIX/cases/a16-history-preserved.json
901361017912bc20e016d13a2a4f8d701ddee123481ac52c440c176b6d9510aa  ??  artifacts/rust-tauri/R04/T08-E01/negative-tests/c03b-midrun-input-change/evidence/R04_MATRIX/cases/approval-answer-executes-once.json
bd45162c41ae2eec362f6f35bc50015ae2a8266f70ce5f91d5c45e5ad8053270  ??  artifacts/rust-tauri/R04/T08-E01/negative-tests/c03b-midrun-input-change/evidence/R04_MATRIX/cases/approval-duplicate-idempotent.json
bababcc7f3e64579d35c9259a419a674630e4e549217be76c41f04eda4f0bcdc  ??  artifacts/rust-tauri/R04/T08-E01/negative-tests/c03b-midrun-input-change/evidence/R04_MATRIX/cases/approval-reject-zero-dispatch.json
20fd6bee69494fece169e2b99ea1e3085ddffbb071d88ebc23f7dcaeb412c721  ??  artifacts/rust-tauri/R04/T08-E01/negative-tests/c03b-midrun-input-change/evidence/R04_MATRIX/cases/catalog-face-lists-mcp-tools-with-permission.json
a6740bd82388993cca6d0b79d294334e6ad84438d23b819303e84cb2670999df  ??  artifacts/rust-tauri/R04/T08-E01/negative-tests/c03b-midrun-input-change/evidence/R04_MATRIX/cases/future-tool-shape-ast_edit-discoverable-not-callable.json
821137c4819111c5cab65e31fe33146b843d4bc963a7ae66bf3c6139aab4dc68  ??  artifacts/rust-tauri/R04/T08-E01/negative-tests/c03b-midrun-input-change/evidence/R04_MATRIX/cases/future-tool-shape-ast_grep-discoverable-not-callable.json
9827cfcbf4ea963126bc89e02f8247506844fc54c5a0d9086547106cafdcdefd  ??  artifacts/rust-tauri/R04/T08-E01/negative-tests/c03b-midrun-input-change/evidence/R04_MATRIX/cases/future-tool-shape-file-discoverable-not-callable.json
cb8e2db3b924a24b0bf8d611b22015f3a2a10ccc3f6ee16a819bc9388379c7f3  ??  artifacts/rust-tauri/R04/T08-E01/negative-tests/c03b-midrun-input-change/evidence/R04_MATRIX/cases/future-tool-shape-find-discoverable-not-callable.json
1c192846cc1d07ba6864e5dd594b97a48f402ab5519fca2040ecc7edc3d3fd02  ??  artifacts/rust-tauri/R04/T08-E01/negative-tests/c03b-midrun-input-change/evidence/R04_MATRIX/cases/future-tool-shape-grep-discoverable-not-callable.json
bbe14f10f21cc0a2c306c3554804930c3bf5b13c66b6b90cf1c79b465e394c3b  ??  artifacts/rust-tauri/R04/T08-E01/negative-tests/c03b-midrun-input-change/evidence/R04_MATRIX/cases/future-tool-shape-ls-discoverable-not-callable.json
a9b97d5170fb12a3359bdde03aa8fdfc8fe089399cd5f1dc3810dacaf5ac5653  ??  artifacts/rust-tauri/R04/T08-E01/negative-tests/c03b-midrun-input-change/evidence/R04_MATRIX/cases/future-tool-shape-lsp-discoverable-not-callable.json
6bc884d530bd7615a63e4dd9241155689273f4f9c70ccc044e2d91afc8eba4f1  ??  artifacts/rust-tauri/R04/T08-E01/negative-tests/c03b-midrun-input-change/evidence/R04_MATRIX/cases/future-tool-shape-materialize-discoverable-not-callable.json
5904c81036b270e82834b8084ca4b8b9b4492957d7d3ac5a83328f9bdc84b538  ??  artifacts/rust-tauri/R04/T08-E01/negative-tests/c03b-midrun-input-change/evidence/R04_MATRIX/cases/future-tool-shape-run_code-discoverable-not-callable.json
c9d67aa6d2f3fce41a3a011e42ac47399824eae28c54e2b89cf0bdae0dbf8052  ??  artifacts/rust-tauri/R04/T08-E01/negative-tests/c03b-midrun-input-change/evidence/R04_MATRIX/cases/future-tool-shape-security_scan-discoverable-not-callable.json
6cf1880613144cb8b359bd1c195f561f79c42836315ec94767b2336f24a9b783  ??  artifacts/rust-tauri/R04/T08-E01/negative-tests/c03b-midrun-input-change/evidence/R04_MATRIX/cases/future-tool-shape-stage_files-discoverable-not-callable.json
87164a841282a81c7b614451f88f157e89c03336043524a16637aa848d201f59  ??  artifacts/rust-tauri/R04/T08-E01/negative-tests/c03b-midrun-input-change/evidence/R04_MATRIX/cases/gateway-each-call-independent-permission.json
7d3631b38221c7c56e5b77793921c4de3ab067e7097d1c77131e73a3dadb0ce5  ??  artifacts/rust-tauri/R04/T08-E01/negative-tests/c03b-midrun-input-change/evidence/R04_MATRIX/cases/matrix-lifecycle-disable-holes.json
52e2294d2db41ba60884ca74bedd63d9e196def8ea43623c327cf7579c72e6e0  ??  artifacts/rust-tauri/R04/T08-E01/negative-tests/c03b-midrun-input-change/evidence/R04_MATRIX/cases/matrix-lifecycle-generation-refusals.json
710d96abbd53795e2f40639001eee2454a6ce7e5a285c883f9cd62f1b58ebda9  ??  artifacts/rust-tauri/R04/T08-E01/negative-tests/c03b-midrun-input-change/evidence/R04_MATRIX/cases/matrix-lifecycle-uninstall-holes.json
23c16612d569bb60e563215b453c022203ab19f05298ce7c9a3fc080da10b7d2  ??  artifacts/rust-tauri/R04/T08-E01/negative-tests/c03b-midrun-input-change/evidence/R04_MATRIX/cases/matrix-permission-consistency.json
d475fb8c9114bfdf95de5cc202da903bf354241d13f071bce870d8ba2502fd60  ??  artifacts/rust-tauri/R04/T08-E01/negative-tests/c03b-midrun-input-change/evidence/R04_MATRIX/cases/matrix-route-consistency.json
2b451a4a1fd773fba2e107116235dd5f28a06d104c7f7450f221f662510fc070  ??  artifacts/rust-tauri/R04/T08-E01/negative-tests/c03b-midrun-input-change/evidence/R04_MATRIX/cases/matrix-tool-family-count.json
1e442f90436b22848aeb3329ce35c020def0d74ba7d6bbc49eb983573e8e708d  ??  artifacts/rust-tauri/R04/T08-E01/negative-tests/c03b-midrun-input-change/evidence/R04_MATRIX/cases/mcp-connector-catalog-sync.json
02be7eb700e551cb0a000177a0e033872c65ad8b5ef7f46d66c014ecf3fb7150  ??  artifacts/rust-tauri/R04/T08-E01/negative-tests/c03b-midrun-input-change/evidence/R04_MATRIX/cases/mcp-connector-register-handshake.json
905e6508c4c99929579667bd3184014916a117d7522917621f1aea839bdd039e  ??  artifacts/rust-tauri/R04/T08-E01/negative-tests/c03b-midrun-input-change/evidence/R04_MATRIX/cases/mcp-describe-real-identity.json
42c719e1d9f2fdae556b08414f6facea228b729210f804971fb1f41772e1ec5f  ??  artifacts/rust-tauri/R04/T08-E01/negative-tests/c03b-midrun-input-change/evidence/R04_MATRIX/cases/mcp-search-namespaced.json
dfbc531d38332ae34bc27eef48d7c96103f6f7b0cf55e51377608e95deffabc9  ??  artifacts/rust-tauri/R04/T08-E01/negative-tests/c03b-midrun-input-change/evidence/R04_MATRIX/cases/mcp-tool-call-full-chain.json
916eba77e6c3a4f9a8bf58bdf3a14d110fe9b75b22aa316ce7a47412c013fa04  ??  artifacts/rust-tauri/R04/T08-E01/negative-tests/c03b-midrun-input-change/evidence/R04_MATRIX/cases/mcp-tool-permission-face.json
c3f30127a40dfa980a32479cec6547074c067a4d8cd61e858b0aa7dc095455b3  ??  artifacts/rust-tauri/R04/T08-E01/negative-tests/c03b-midrun-input-change/evidence/R04_MATRIX/cases/permission-face-modes-verifiable.json
c51a56cfdce860c73de8e015f088d38b31bbf8e373a0dc6e1c8e43f9b5f80a2c  ??  artifacts/rust-tauri/R04/T08-E01/negative-tests/c03b-midrun-input-change/evidence/R04_MATRIX/cases/preauthorization-single-session-scoped.json
eefd602104c2c290f3a2704acec9cf3923cbf072e0e9ac1e5dad4b1103794f05  ??  artifacts/rust-tauri/R04/T08-E01/negative-tests/c03b-midrun-input-change/evidence/R04_MATRIX/cases/semantics-cancel-leaves-no-fabricated-receipt.json
1c8fced2b48030b05d00ab397c3aa0470c4f068287f841b1c7e53778b43e038d  ??  artifacts/rust-tauri/R04/T08-E01/negative-tests/c03b-midrun-input-change/evidence/R04_MATRIX/cases/semantics-failed-never-dispatched-receipt.json
220379bb262285fad8e6314d35a23f12ba26fcb0e501fe2431141c1a4d28a5a2  ??  artifacts/rust-tauri/R04/T08-E01/negative-tests/c03b-midrun-input-change/evidence/R04_MATRIX/cases/semantics-success-receipt-dispatched.json
8337cc9f0c6c3a4eeb0b4beb6ff1d93acd40878d92c9f16c4649942469017888  ??  artifacts/rust-tauri/R04/T08-E01/negative-tests/c03b-midrun-input-change/evidence/R04_MATRIX/cases/semantics-unknown-receipt-honest.json
cb89e56a59ac812a63576832232489b328ac7abf8041df762e7b1af1e2caa95d  ??  artifacts/rust-tauri/R04/T08-E01/negative-tests/c03b-midrun-input-change/evidence/R04_MATRIX/cases/sup01-ask-subagent-write-refused.json
1b21930f6737d6935a82328d4afb7b4fd7b439c107b48d01b29e4cdfa7399015  ??  artifacts/rust-tauri/R04/T08-E01/negative-tests/c03b-midrun-input-change/evidence/R04_MATRIX/cases/terminal-close-stops-terminal.json
59095540a473b474ab918f20eb08986f6bbb6cbfd08c49b9810963ae37407de5  ??  artifacts/rust-tauri/R04/T08-E01/negative-tests/c03b-midrun-input-change/evidence/R04_MATRIX/cases/terminal-snapshot-current-transcript.json
004a41eae978391bad56ebe5c3e6d2ced1a2c02eda01a37f79abc8867cb5a063  ??  artifacts/rust-tauri/R04/T08-E01/negative-tests/c03b-midrun-input-change/evidence/R04_MATRIX/cases/terminal-tail-cursor-continuation.json
16870fec4c31cd9e67e56d3328c74d20f9213a2e96113c28be3d7f7fe0d28979  ??  artifacts/rust-tauri/R04/T08-E01/negative-tests/c03b-midrun-input-change/evidence/R04_MATRIX/cases/tool-edit-conflict-preserves-user-version.json
bb810a38ce8bfbcafc0d64e1fc2831a08e952dfdc4a057fd99166ef589df1032  ??  artifacts/rust-tauri/R04/T08-E01/negative-tests/c03b-midrun-input-change/evidence/R04_MATRIX/cases/tool-edit-real-chain.json
bec2c6d085918085fb7eb01f8ec54ea53681b68aa489b59bc0a8e9b272c5c02e  ??  artifacts/rust-tauri/R04/T08-E01/negative-tests/c03b-midrun-input-change/evidence/R04_MATRIX/cases/tool-exec-cancel-cleanup.json
c0341bc7ba746aaa51754e5650264b1d7d55e93d55ea2a03df67769834825bcc  ??  artifacts/rust-tauri/R04/T08-E01/negative-tests/c03b-midrun-input-change/evidence/R04_MATRIX/cases/tool-exec-command-real-chain.json
e990fcd2da49cb923f667ea1714cfea3f69c8f3bd0002416761b93ab35d87ec3  ??  artifacts/rust-tauri/R04/T08-E01/negative-tests/c03b-midrun-input-change/evidence/R04_MATRIX/cases/tool-read-real-chain.json
ea288f832ccf584b20e6d0ef80d0116568fd2c989aff55d985adce98266f5f62  ??  artifacts/rust-tauri/R04/T08-E01/negative-tests/c03b-midrun-input-change/evidence/R04_MATRIX/cases/tool-write-real-chain.json
52e2d9bbf2b9890f5b4d03bf7c27cfb6c82322790e254fc813b47b7f093d939f  ??  artifacts/rust-tauri/R04/T08-E01/negative-tests/c03b-midrun-input-change/evidence/R04_MATRIX/cases/tool-write-stdin-continuation.json
83f514b83ad20e51f11205b345ebcce85d4423a69379cb2a9804c8ceaf07a027  ??  artifacts/rust-tauri/R04/T08-E01/negative-tests/c03b-midrun-input-change/evidence/R04_MATRIX/cases/tool-write-stdin-foreign-writes.json
c471fa08013c67ab99fb67a5e4e430f83cfc349758cdc601fb53e35b1ee28397  ??  artifacts/rust-tauri/R04/T08-E01/negative-tests/c03b-midrun-input-change/evidence/R04_MATRIX/leaf-cases.json
1dbc5972065a848f6d2d8456df0891660c2c695ca72f24c3d4bd7fde395b462e  ??  artifacts/rust-tauri/R04/T08-E01/negative-tests/c03b-midrun-input-change/evidence/R04_MATRIX/matrix-counts.json
814516da5a440d3048e0d91264b14796ba6c568851e0dc18eccbd2ea0091bd04  ??  artifacts/rust-tauri/R04/T08-E01/negative-tests/c03b-midrun-input-change/evidence/R04_MATRIX/summary.txt
e50c8ef56250d7b4d0545aa3f39e0472bafab95285346af229294ea0c4b8ee87  ??  artifacts/rust-tauri/R04/T08-E01/negative-tests/c03b-midrun-input-change/evidence/candidate-source-after.json
c10bf6a2aa86d2973ea4d361f7147e1a56413b5696a1d643b687442e356fc1c7  ??  artifacts/rust-tauri/R04/T08-E01/negative-tests/c03b-midrun-input-change/evidence/candidate-source-before.json
d401494f6692bb177b51e05b898c77bafa24d12c99d0298eb8c0deef4bf6ae02  ??  artifacts/rust-tauri/R04/T08-E01/negative-tests/c03b-midrun-input-change/evidence/verify-stage-result.json
4355a46b19d348dc2f57c046f8ef63d4538ebb936000f3c9ee954a27460dd865  ??  artifacts/rust-tauri/R04/T08-E01/negative-tests/c03b-midrun-input-change/exit-code.txt
4355a46b19d348dc2f57c046f8ef63d4538ebb936000f3c9ee954a27460dd865  ??  artifacts/rust-tauri/R04/T08-E01/negative-tests/c03b-midrun-input-change/midrun-change-applied.txt
75a1f5ec18b32728956b143b1d118aadf0fcf8a7d6838eed91de279190a64a7b  ??  artifacts/rust-tauri/R04/T08-E01/negative-tests/c03b_rerun_driver.sh
17ab019bf828eefb7711ff163702b7bfa5d4bf6e5f937a47e8defac8ce115578  ??  artifacts/rust-tauri/R04/T08-E01/negative-tests/case-results.json
e5ea02d8428632f1a8685bc2e8995d93f3558061c743f3f7c3a3e71139dce35f  ??  artifacts/rust-tauri/R04/T08-E01/negative-tests/case-results.tsv
53c234e5e8472b6ac51c1ae1cab3fe06fad053beb8ebfd8977b010655bfdd3c3  ??  artifacts/rust-tauri/R04/T08-E01/negative-tests/n-empty-scenario-set/exit-code.txt
53c234e5e8472b6ac51c1ae1cab3fe06fad053beb8ebfd8977b010655bfdd3c3  ??  artifacts/rust-tauri/R04/T08-E01/negative-tests/n-unknown-stage/exit-code.txt
be7c8cac6692528718bb710a7236d597f21831da4dba095012b6d136c5094201  ??  artifacts/rust-tauri/R04/T08-E01/negative-tests/n1a-delete-leaf-mapping/evidence/candidate-source-after.json
be7c8cac6692528718bb710a7236d597f21831da4dba095012b6d136c5094201  ??  artifacts/rust-tauri/R04/T08-E01/negative-tests/n1a-delete-leaf-mapping/evidence/candidate-source-before.json
32ad875708abe2d6bd9e9f2f12861fff8e298f330caaf8a8b81e12406d31c113  ??  artifacts/rust-tauri/R04/T08-E01/negative-tests/n1a-delete-leaf-mapping/evidence/verify-stage-result.json
4355a46b19d348dc2f57c046f8ef63d4538ebb936000f3c9ee954a27460dd865  ??  artifacts/rust-tauri/R04/T08-E01/negative-tests/n1a-delete-leaf-mapping/exit-code.txt
53c234e5e8472b6ac51c1ae1cab3fe06fad053beb8ebfd8977b010655bfdd3c3  ??  artifacts/rust-tauri/R04/T08-E01/negative-tests/n1b-delete-command-mapping/exit-code.txt
f5b0981175fe9bd307c7bb4e8dcb8490cfa58585d62d9c3e2f7eb03e4e875e54  ??  artifacts/rust-tauri/R04/T08-E01/negative-tests/n2-zero-match-filter/evidence/R03_REGRESSION/A15/cases/background-run-completes-decoupled.json
fda5f46e011354371ff149d97818d48d3b78dca205e17e8a7b39dba1cb4013e6  ??  artifacts/rust-tauri/R04/T08-E01/negative-tests/n2-zero-match-filter/evidence/R03_REGRESSION/A15/cases/background-survives-unrelated-cancel.json
92eebd1162583e5ed42a8e61a80b5c84e94753ed6562c35c930ebb65f6e23f01  ??  artifacts/rust-tauri/R04/T08-E01/negative-tests/n2-zero-match-filter/evidence/R03_REGRESSION/A15/cases/cancel-live-run-accepted-terminal-cancelled.json
edc380e78d3b8f95b51f12c2bbfcb702760327da3f20bd6c9f456b5c7e0934de  ??  artifacts/rust-tauri/R04/T08-E01/negative-tests/n2-zero-match-filter/evidence/R03_REGRESSION/A15/cases/cancel-terminal-run-already-terminal.json
e320e539d701e4f285fcff1a42629b28016fa5f103e77fccb5c1ddf921155742  ??  artifacts/rust-tauri/R04/T08-E01/negative-tests/n2-zero-match-filter/evidence/R03_REGRESSION/A15/cases/cancel-unknown-run-not-found.json
a513a19cd5ca9bc857d2e01c9be7ec61e3e5677e7d1948db618b31fb7aba127a  ??  artifacts/rust-tauri/R04/T08-E01/negative-tests/n2-zero-match-filter/evidence/R03_REGRESSION/A15/cases/cancel-waiting-approval-cancels-cleanly.json
602b436fbd1f0de778ca086853030197fe28a3fde1a5f694ebea64e4f8779c8a  ??  artifacts/rust-tauri/R04/T08-E01/negative-tests/n2-zero-match-filter/evidence/R03_REGRESSION/A15/cases/combo-cancel-stream-terminal-cancelled.json
b24ff9cdbb08092492dd68815bdf3c4a6f38c8e2a42cd79c30abbfcacdfef745  ??  artifacts/rust-tauri/R04/T08-E01/negative-tests/n2-zero-match-filter/evidence/R03_REGRESSION/A15/cases/combo-crash-recovery-honest-interrupted.json
d9e8dea9429b0f0c9fc86be7f31dcd96b4b227e1174dcdea6d1f00b177ec2987  ??  artifacts/rust-tauri/R04/T08-E01/negative-tests/n2-zero-match-filter/evidence/R03_REGRESSION/A15/cases/combo-cross-session-both-complete.json
106bebd1aa293f120bb83f22b33de1e19ae817a4963587e2ee17be8731293349  ??  artifacts/rust-tauri/R04/T08-E01/negative-tests/n2-zero-match-filter/evidence/R03_REGRESSION/A15/cases/combo-duplicate-conflict-rejected.json
eafb37ffcb4d76d45d58a64d80d9ef413064c1f979d64ba1cc2e609d147963fc  ??  artifacts/rust-tauri/R04/T08-E01/negative-tests/n2-zero-match-filter/evidence/R03_REGRESSION/A15/cases/combo-duplicate-replay-no-second-run.json
346e6cb6ae16f125e4bbfdbf24d2bbcf63c92fa9642b2676fa06a78bfa1e8fdb  ??  artifacts/rust-tauri/R04/T08-E01/negative-tests/n2-zero-match-filter/evidence/R03_REGRESSION/A15/cases/combo-events-subscriber-saw-terminal.json
97a0c8f8404d1c042f8f7efd240d5d5f5446103b21bcccf9c5c90461b6082043  ??  artifacts/rust-tauri/R04/T08-E01/negative-tests/n2-zero-match-filter/evidence/R03_REGRESSION/A15/cases/combo-multi-tool-three-calls.json
aa936466e694a90f4087b7ae928f7c9b96ae1450073774fcb29d177dfa59c7b6  ??  artifacts/rust-tauri/R04/T08-E01/negative-tests/n2-zero-match-filter/evidence/R03_REGRESSION/A15/cases/combo-multi-turn-one-terminal.json
f7bdd9e301d37d6a062e13225cfc84d7e96c1f88cd75d34e300ab00dd0fad0a0  ??  artifacts/rust-tauri/R04/T08-E01/negative-tests/n2-zero-match-filter/evidence/R03_REGRESSION/A15/cases/combo-normal-run-completed.json
51d8bd26cb2f29bee74097b5ef9a36e3389a56a1c7127e86fa36d75a8106659e  ??  artifacts/rust-tauri/R04/T08-E01/negative-tests/n2-zero-match-filter/evidence/R03_REGRESSION/A15/cases/combo-out-of-order-late-result-fenced.json
e18f1fcb5cc4af47da6184707fb88e0c0ed656f1fafffe8020a3001c9826c931  ??  artifacts/rust-tauri/R04/T08-E01/negative-tests/n2-zero-match-filter/evidence/R03_REGRESSION/A15/cases/combo-timeout-budget-loud-failure.json
ccbc0f5c630f404851ca1c561fd5c73421ba9b217ceeff29973b263f05e30888  ??  artifacts/rust-tauri/R04/T08-E01/negative-tests/n2-zero-match-filter/evidence/R03_REGRESSION/A15/cases/parent-cancel-stops-child-run.json
d72d7e1151ea38a4eeb9ad435aa66dc376039e41ff714f9f550e1f2c8934585a  ??  artifacts/rust-tauri/R04/T08-E01/negative-tests/n2-zero-match-filter/evidence/R03_REGRESSION/A15/cases/reconnect-resume-no-model-restart.json
5d89ed42d309bfcfd13956b901f209eb432200e88c2ae1eea74d6eaffe625b2a  ??  artifacts/rust-tauri/R04/T08-E01/negative-tests/n2-zero-match-filter/evidence/R03_REGRESSION/A15/cases/steer-busy-accepted.json
360ccd0c00f5114974f5f2967860d1c339a2e2baa808a2f5dca49f334fe0d386  ??  artifacts/rust-tauri/R04/T08-E01/negative-tests/n2-zero-match-filter/evidence/R03_REGRESSION/A15/cases/steer-idle-miss.json
d00e58227225a313e612b18019d7f95a07382b0426ab7fbeb39bc4b05b740cc5  ??  artifacts/rust-tauri/R04/T08-E01/negative-tests/n2-zero-match-filter/evidence/R03_REGRESSION/A15/cases/steer-text-drained-into-model-input.json
1d91fbec57470aebfedf338d49c5109fdd0216e02d720737ed53335eb06ae4c8  ??  artifacts/rust-tauri/R04/T08-E01/negative-tests/n2-zero-match-filter/evidence/R03_REGRESSION/A15/cases/subagent-child-cancel-stops-child-only.json
25c6b5b26b72b0a4408db94f4f0e40b77faa84d32ccfeaffaf04e29fb20c07c9  ??  artifacts/rust-tauri/R04/T08-E01/negative-tests/n2-zero-match-filter/evidence/R03_REGRESSION/A15/cases/subagent-close-thread-closed-status.json
c8d7de61de38e7dfa38ea3376602da5c50882e6d6238c3a1ff61b6ac7df04418  ??  artifacts/rust-tauri/R04/T08-E01/negative-tests/n2-zero-match-filter/evidence/R03_REGRESSION/A15/cases/subagent-dispatch-child-lineage-recorded.json
dce5bbb9b54961ee64c8634f90f4f2600975918f6a2590b57b7b28dd425016bd  ??  artifacts/rust-tauri/R04/T08-E01/negative-tests/n2-zero-match-filter/evidence/R03_REGRESSION/A15/cases/subagent-escalation-write-denied-zero-children.json
dcd19d358a8a5e560042eee304f1f5460d1c79ba1a64d611fb1007b830562010  ??  artifacts/rust-tauri/R04/T08-E01/negative-tests/n2-zero-match-filter/evidence/R03_REGRESSION/A15/cases/subagent-policy-proactive-delegation-default-off.json
ffef3903ae224f661b415622ed9c76da5e265c01a9c15b867f429c1f6d10ef15  ??  artifacts/rust-tauri/R04/T08-E01/negative-tests/n2-zero-match-filter/evidence/R03_REGRESSION/A15/cases/subagent-reply-continues-thread.json
d097c60f1416e1febc17bd0959b1c9252ca9be86b6a1e982d42d9240a38b107e  ??  artifacts/rust-tauri/R04/T08-E01/negative-tests/n2-zero-match-filter/evidence/R03_REGRESSION/A15/combo-counts.json
4c56fd82542a56017ef5e59d3b0c9752ede52032f31f31c24c2de458153ad296  ??  artifacts/rust-tauri/R04/T08-E01/negative-tests/n2-zero-match-filter/evidence/R03_REGRESSION/A15/combos/cancel-approval-wait.json
f861ce9b1dbe64f781134bae916b9c8f2503f4ad8572e98bfc18d180a4e35e33  ??  artifacts/rust-tauri/R04/T08-E01/negative-tests/n2-zero-match-filter/evidence/R03_REGRESSION/A15/combos/cancel-stream-read.json
76b74d822e65d068718af971eb29865cc4891a50d128a35b0bc955cc3b6b65a2  ??  artifacts/rust-tauri/R04/T08-E01/negative-tests/n2-zero-match-filter/evidence/R03_REGRESSION/A15/combos/crash-recovery.json
ef5545b54a472c39f9b09d995f9ba2e3671618a56d4de3eb7fe4fad24d81f22b  ??  artifacts/rust-tauri/R04/T08-E01/negative-tests/n2-zero-match-filter/evidence/R03_REGRESSION/A15/combos/cross-session-parallel.json
7f7fd9a6f050ba6811d5b1d7313d11473f92089a4ec0fd2335779e99b59cdaa1  ??  artifacts/rust-tauri/R04/T08-E01/negative-tests/n2-zero-match-filter/evidence/R03_REGRESSION/A15/combos/duplicate-submission.json
fc9b468ae0f2bd2cfff1a3ead3ba02756e59e73dc0c0a0ebb5142456d1ae38a8  ??  artifacts/rust-tauri/R04/T08-E01/negative-tests/n2-zero-match-filter/evidence/R03_REGRESSION/A15/combos/leaf-parent-cancel.json
a59635405b3569b1c0c950cb282ecf3749923b36c6b1b5e4d3d21fc3f4458102  ??  artifacts/rust-tauri/R04/T08-E01/negative-tests/n2-zero-match-filter/evidence/R03_REGRESSION/A15/combos/leaf-steer.json
fd60e4ca043c4073ddf838b3f0fe918436ede45ff7765efc8f1cad42821186f4  ??  artifacts/rust-tauri/R04/T08-E01/negative-tests/n2-zero-match-filter/evidence/R03_REGRESSION/A15/combos/multi-tool.json
075cad25ce0207f3b49138b8d415d0db78da1005207b2f64d282b478bffa44ae  ??  artifacts/rust-tauri/R04/T08-E01/negative-tests/n2-zero-match-filter/evidence/R03_REGRESSION/A15/combos/multi-turn-model.json
f94832aef81d68346dd1b25b1ad7312d6bc141a69a616a218b640aa170fbebcb  ??  artifacts/rust-tauri/R04/T08-E01/negative-tests/n2-zero-match-filter/evidence/R03_REGRESSION/A15/combos/normal.json
44f5b48c4f288ee214f7053e16857997f1fb66a6be241466141301a16c6872e7  ??  artifacts/rust-tauri/R04/T08-E01/negative-tests/n2-zero-match-filter/evidence/R03_REGRESSION/A15/combos/timeout-budget.json
505ecfbac3942739846be3a188cabea9d26c9641628253767c5457bdff2ab44f  ??  artifacts/rust-tauri/R04/T08-E01/negative-tests/n2-zero-match-filter/evidence/R03_REGRESSION/A15/leaf-cases.json
e5d7d468d76fefaca846cba19b6791e7d1569f209256489ddb9d80c4fc491a58  ??  artifacts/rust-tauri/R04/T08-E01/negative-tests/n2-zero-match-filter/evidence/R03_REGRESSION/A15/summary.txt
9a652a14c5a43c20164935bd4963aa32c2a32445a13a91c504c563352517c3b7  ??  artifacts/rust-tauri/R04/T08-E01/negative-tests/n2-zero-match-filter/evidence/R03_REGRESSION/A16/captured-seed.txt
9a652a14c5a43c20164935bd4963aa32c2a32445a13a91c504c563352517c3b7  ??  artifacts/rust-tauri/R04/T08-E01/negative-tests/n2-zero-match-filter/evidence/R03_REGRESSION/A16/p2-captured-seed-attempt-0.txt
9a652a14c5a43c20164935bd4963aa32c2a32445a13a91c504c563352517c3b7  ??  artifacts/rust-tauri/R04/T08-E01/negative-tests/n2-zero-match-filter/evidence/R03_REGRESSION/A16/p3-replay-1-seed.txt
9a652a14c5a43c20164935bd4963aa32c2a32445a13a91c504c563352517c3b7  ??  artifacts/rust-tauri/R04/T08-E01/negative-tests/n2-zero-match-filter/evidence/R03_REGRESSION/A16/p3-replay-2-seed.txt
3fd4aaf96fe0793daf71f6aa3f52fa6c74856c7ddd31d414962724cf4df651d5  ??  artifacts/rust-tauri/R04/T08-E01/negative-tests/n2-zero-match-filter/evidence/R03_REGRESSION/A16/seed-mechanism.json
7d823ecd2fe778be4bc9ccdeaa060189bb8c8a9e8bd9737f51cb16fbd9b11f68  ??  artifacts/rust-tauri/R04/T08-E01/negative-tests/n2-zero-match-filter/evidence/R03_REGRESSION/A16/summary.txt
5f7ef4991d4afea16fd8cd437d0e0b02f6b194f957746a7850b621807b94391e  ??  artifacts/rust-tauri/R04/T08-E01/negative-tests/n2-zero-match-filter/evidence/R03_REGRESSION/G07_REPAIR/cases.jsonl
e3b0c44298fc1c149afbf4c8996fb92427ae41e4649b934ca495991b7852b855  ??  artifacts/rust-tauri/R04/T08-E01/negative-tests/n2-zero-match-filter/evidence/R03_REGRESSION/G07_REPAIR/gaps.txt
1f29d43f2cf02b52219bc351e44642ea8aea0b0d413dd9064dac814574a7deff  ??  artifacts/rust-tauri/R04/T08-E01/negative-tests/n2-zero-match-filter/evidence/R03_REGRESSION/G07_REPAIR/repair-cases.json
26a0ff2a5dac57c3ecace1b420b6db3294c9ca2c6c05f2a0406edb8b700f1679  ??  artifacts/rust-tauri/R04/T08-E01/negative-tests/n2-zero-match-filter/evidence/R03_REGRESSION/G07_REPAIR/summary.txt
291006bc8587a66f256205d5dda0157f4f179de0e81095a896067f32d51120e2  ??  artifacts/rust-tauri/R04/T08-E01/negative-tests/n2-zero-match-filter/evidence/R03_REGRESSION/R02/A05_A06/.last-body
1319bbe558a1a9043433da92529bc8c24d2b6fbcabc962836a938e946e273399  ??  artifacts/rust-tauri/R04/T08-E01/negative-tests/n2-zero-match-filter/evidence/R03_REGRESSION/R02/A05_A06/body-limit.txt
c0c19dff508a998f0c6e1fbf2643c2d78647cd6495bc53c57d2566877a3abc0b  ??  artifacts/rust-tauri/R04/T08-E01/negative-tests/n2-zero-match-filter/evidence/R03_REGRESSION/R02/A05_A06/cli-sessions-limit-case.json
29cd5a95ee62db0c87d855c3edeb7ee0c0afc8abf947321b0f844c4b02a003bd  ??  artifacts/rust-tauri/R04/T08-E01/negative-tests/n2-zero-match-filter/evidence/R03_REGRESSION/R02/A05_A06/creds-after-authz.json
1f3be421bdf69a0486e431d3199b4e1dc1b8497c4c5a43bc1c05113f5d2dac00  ??  artifacts/rust-tauri/R04/T08-E01/negative-tests/n2-zero-match-filter/evidence/R03_REGRESSION/R02/A05_A06/creds-before-authz.json
20bd1fb8784f52b92a71ed18109ac495e8b1f9aac3c7cf4c05761073be46b586  ??  artifacts/rust-tauri/R04/T08-E01/negative-tests/n2-zero-match-filter/evidence/R03_REGRESSION/R02/A05_A06/devices-after-authz.json
e568632e23b6602bcfceac7b43c221835041b1c56aa4587a2dd4c3bb0ee137e8  ??  artifacts/rust-tauri/R04/T08-E01/negative-tests/n2-zero-match-filter/evidence/R03_REGRESSION/R02/A05_A06/devices-before-authz.json
cda9a3086d634f12848cc8f217e8786bc6baa75571f84468f54a4f3ac5ee3b4f  ??  artifacts/rust-tauri/R04/T08-E01/negative-tests/n2-zero-match-filter/evidence/R03_REGRESSION/R02/A05_A06/leaf-cases.json
d88b1ce874be17ee6d929d6bd3b832053278f86abd7ad8aa8f4156e000cc613b  ??  artifacts/rust-tauri/R04/T08-E01/negative-tests/n2-zero-match-filter/evidence/R03_REGRESSION/R02/A05_A06/leaf-cases.ndjson
5f9e1da5f23d2d997c0c8130cd5b3ab3784f1f3d456429cfa79b75b5af46396c  ??  artifacts/rust-tauri/R04/T08-E01/negative-tests/n2-zero-match-filter/evidence/R03_REGRESSION/R02/A05_A06/me-denied-after.sha256
5f9e1da5f23d2d997c0c8130cd5b3ab3784f1f3d456429cfa79b75b5af46396c  ??  artifacts/rust-tauri/R04/T08-E01/negative-tests/n2-zero-match-filter/evidence/R03_REGRESSION/R02/A05_A06/me-denied-before.sha256
9901fa4939e8c0683cc392787126273c429530490fdebe18e68d1ad0c6fc2459  ??  artifacts/rust-tauri/R04/T08-E01/negative-tests/n2-zero-match-filter/evidence/R03_REGRESSION/R02/A05_A06/sessions-list-matrix.json
46bee90ea72f94d8bee11c5b431c4bea158755b8107b9a59b3a4ef799c85a3a1  ??  artifacts/rust-tauri/R04/T08-E01/negative-tests/n2-zero-match-filter/evidence/R03_REGRESSION/R02/A05_A06/state-after-authn.txt
fc2e29a0bd0ac8cf2bd3611389428bfa7b287ff6c860d209cef87de259ac8e4d  ??  artifacts/rust-tauri/R04/T08-E01/negative-tests/n2-zero-match-filter/evidence/R03_REGRESSION/R02/A05_A06/state-after.txt
46bee90ea72f94d8bee11c5b431c4bea158755b8107b9a59b3a4ef799c85a3a1  ??  artifacts/rust-tauri/R04/T08-E01/negative-tests/n2-zero-match-filter/evidence/R03_REGRESSION/R02/A05_A06/state-before-authz.txt
46bee90ea72f94d8bee11c5b431c4bea158755b8107b9a59b3a4ef799c85a3a1  ??  artifacts/rust-tauri/R04/T08-E01/negative-tests/n2-zero-match-filter/evidence/R03_REGRESSION/R02/A05_A06/state-before.txt
1dc990f0d15a5ed3719279db8768bb4176adb14134c338064388000a90fbc473  ??  artifacts/rust-tauri/R04/T08-E01/negative-tests/n2-zero-match-filter/evidence/R03_REGRESSION/R02/A05_A06/summary.txt
2083206d2ad8c0a5cac73ee2c2105576dcca854ceb2f18ac19411b3715cf2e1b  ??  artifacts/rust-tauri/R04/T08-E01/negative-tests/n2-zero-match-filter/evidence/R03_REGRESSION/R02/A05_A06/ws-matrix.json
979468af75c90773f1d676d7b9149d84ce14a145b38c89b5fe54ed5616ba1538  ??  artifacts/rust-tauri/R04/T08-E01/negative-tests/n2-zero-match-filter/evidence/R03_REGRESSION/R02/A07_A08/last-db-hashes.txt
e613a984930f45c73fa5aa79af6955b0ac56faa30868e1da85d84a96a180eee3  ??  artifacts/rust-tauri/R04/T08-E01/negative-tests/n2-zero-match-filter/evidence/R03_REGRESSION/R02/A07_A08/s1-counts-after-stop.json
6e11d3157e36f2f24de72943cc5df97aec8475c1e95a29c6fed9cc451e41da10  ??  artifacts/rust-tauri/R04/T08-E01/negative-tests/n2-zero-match-filter/evidence/R03_REGRESSION/R02/A07_A08/s2-counts-after-crash.json
eea8a390b08a146755d88403adb8ec3999da9da5576933eeaaaf6dcdaa047c6d  ??  artifacts/rust-tauri/R04/T08-E01/negative-tests/n2-zero-match-filter/evidence/R03_REGRESSION/R02/A07_A08/s2-runs-dump.jsonl
a2ec8be8f1ff93af1e484b10f0b819142985e768b37192a8775ba4f80e102fb6  ??  artifacts/rust-tauri/R04/T08-E01/negative-tests/n2-zero-match-filter/evidence/R03_REGRESSION/R02/A07_A08/s3-fault.err
e3b0c44298fc1c149afbf4c8996fb92427ae41e4649b934ca495991b7852b855  ??  artifacts/rust-tauri/R04/T08-E01/negative-tests/n2-zero-match-filter/evidence/R03_REGRESSION/R02/A07_A08/s3-fault.out
bc7c3e376d15bc7fd130d8d768edeb00343d791909002b2bc48042a6eaf9b8b0  ??  artifacts/rust-tauri/R04/T08-E01/negative-tests/n2-zero-match-filter/evidence/R03_REGRESSION/R02/A07_A08/s4-hashes-after.txt
bc7c3e376d15bc7fd130d8d768edeb00343d791909002b2bc48042a6eaf9b8b0  ??  artifacts/rust-tauri/R04/T08-E01/negative-tests/n2-zero-match-filter/evidence/R03_REGRESSION/R02/A07_A08/s4-hashes-before.txt
81c846a894bda34985717d6ea9744dd4f7592cbdfac1e40329dd703cb1af5d9f  ??  artifacts/rust-tauri/R04/T08-E01/negative-tests/n2-zero-match-filter/evidence/R03_REGRESSION/R02/A07_A08/s4-migrations-round1.json
81c846a894bda34985717d6ea9744dd4f7592cbdfac1e40329dd703cb1af5d9f  ??  artifacts/rust-tauri/R04/T08-E01/negative-tests/n2-zero-match-filter/evidence/R03_REGRESSION/R02/A07_A08/s4-migrations-round2.json
81c846a894bda34985717d6ea9744dd4f7592cbdfac1e40329dd703cb1af5d9f  ??  artifacts/rust-tauri/R04/T08-E01/negative-tests/n2-zero-match-filter/evidence/R03_REGRESSION/R02/A07_A08/s4-migrations-round3.json
1b8d85eb8d2c8f0af4bb32432bb97dc727f961fdf75f585550442d9b0266adf9  ??  artifacts/rust-tauri/R04/T08-E01/negative-tests/n2-zero-match-filter/evidence/R03_REGRESSION/R02/A07_A08/service-s1.err
8b284e3465f867eb02707326ae7e2f31704434b9db88aa48e6f2ab550c48c257  ??  artifacts/rust-tauri/R04/T08-E01/negative-tests/n2-zero-match-filter/evidence/R03_REGRESSION/R02/A07_A08/service-s1.out
d9b8eb9898290c387b4c137e58638049d618f63944ba2b86f91fb6a23f3f369f  ??  artifacts/rust-tauri/R04/T08-E01/negative-tests/n2-zero-match-filter/evidence/R03_REGRESSION/R02/A07_A08/service-s1b.err
b403960449812801d7155b88a71ad4b41b46f1160f9b9412bb75c189ef42514f  ??  artifacts/rust-tauri/R04/T08-E01/negative-tests/n2-zero-match-filter/evidence/R03_REGRESSION/R02/A07_A08/service-s1b.out
c6c3cf754e95060cb1c545fa5ff8ddce4f4e1a9655107731c6d195e814eeea69  ??  artifacts/rust-tauri/R04/T08-E01/negative-tests/n2-zero-match-filter/evidence/R03_REGRESSION/R02/A07_A08/service-s2.err
1f35429c5d37e2a1389df1280b5237edc6ab5adf1cab95fc075a129c7a822940  ??  artifacts/rust-tauri/R04/T08-E01/negative-tests/n2-zero-match-filter/evidence/R03_REGRESSION/R02/A07_A08/service-s2.out
b17a311c93141d7d4da5df02165d544ebe3ab96af95256ef7d79f64b9a818b67  ??  artifacts/rust-tauri/R04/T08-E01/negative-tests/n2-zero-match-filter/evidence/R03_REGRESSION/R02/A07_A08/service-s2b.err
3caaf66eb4cb5fe8c320378e5c05734efb610414b6dd72be6806152853f620f5  ??  artifacts/rust-tauri/R04/T08-E01/negative-tests/n2-zero-match-filter/evidence/R03_REGRESSION/R02/A07_A08/service-s2b.out
0ba05ca7dce35098ddda61cb51d847f90760b60d69be5b597c4b117ce8c27edb  ??  artifacts/rust-tauri/R04/T08-E01/negative-tests/n2-zero-match-filter/evidence/R03_REGRESSION/R02/A07_A08/service-s4-1.err
908c59463ecdb670c4c05b1ff4d27f0e0e4590cc9b28aafc8be83b2d723a6c4b  ??  artifacts/rust-tauri/R04/T08-E01/negative-tests/n2-zero-match-filter/evidence/R03_REGRESSION/R02/A07_A08/service-s4-1.out
9c33f291bf9258c0266e2c3717fd6daa1589ae299672c093920a39656b4a385c  ??  artifacts/rust-tauri/R04/T08-E01/negative-tests/n2-zero-match-filter/evidence/R03_REGRESSION/R02/A07_A08/service-s4-2.err
ea1c53740d204640995a046315db0c8aba2739541ed1450d53a107df5cc17b36  ??  artifacts/rust-tauri/R04/T08-E01/negative-tests/n2-zero-match-filter/evidence/R03_REGRESSION/R02/A07_A08/service-s4-2.out
49b90cd5d95a35466e5d6aa48138b11793c1a4790b8d5b4efc7d17c3bc2e6b7a  ??  artifacts/rust-tauri/R04/T08-E01/negative-tests/n2-zero-match-filter/evidence/R03_REGRESSION/R02/A07_A08/service-s4-3.err
458af3988100851587cffa6cf966622f8395b5c4f5c8748a8685b546eea4529f  ??  artifacts/rust-tauri/R04/T08-E01/negative-tests/n2-zero-match-filter/evidence/R03_REGRESSION/R02/A07_A08/service-s4-3.out
e94ce6ed734f360caacccc0a61c16237cc4d9e5c956ac7375a7d94f79ae4557a  ??  artifacts/rust-tauri/R04/T08-E01/negative-tests/n2-zero-match-filter/evidence/R03_REGRESSION/R02/A07_A08/service.addr
0ae3731b945a22cce65623c4645bf3416847cfe25505e6281559c51689971a3d  ??  artifacts/rust-tauri/R04/T08-E01/negative-tests/n2-zero-match-filter/evidence/R03_REGRESSION/R02/A07_A08/service.pid
1c42fa08a9ec39a4d1b77312f9a6bab7419b66327dad965e050fc487aef2b0f6  ??  artifacts/rust-tauri/R04/T08-E01/negative-tests/n2-zero-match-filter/evidence/R03_REGRESSION/R02/A07_A08/summary.txt
d27bbd236d1d20a42974cdf099d8a49e948bc93a954a2e99ed21a58ad2803b24  ??  artifacts/rust-tauri/R04/T08-E01/negative-tests/n2-zero-match-filter/evidence/R03_REGRESSION/R02/A09_A10/a09-merged-view.json
209f051f06bbefd5905af8e938de531feb303003666f075bf17971b41fbac839  ??  artifacts/rust-tauri/R04/T08-E01/negative-tests/n2-zero-match-filter/evidence/R03_REGRESSION/R02/A09_A10/a10-rebuild-diff.json
dfde9f9bea973b7341d8d4d0f7cadae44c0c6314a55fb88d9dd888ba64b64ef2  ??  artifacts/rust-tauri/R04/T08-E01/negative-tests/n2-zero-match-filter/evidence/R03_REGRESSION/R02/A09_A10/key-events-dump.json
6abd6baebdad2f65d1f9da29020294bcb0e840d552763ed2d9dd11043822ddf9  ??  artifacts/rust-tauri/R04/T08-E01/negative-tests/n2-zero-match-filter/evidence/R03_REGRESSION/R02/A09_A10/matrix.json
e15458f817406388d650f9a97a184ad19b1dd6aa37d76fd281aa5c68842af862  ??  artifacts/rust-tauri/R04/T08-E01/negative-tests/n2-zero-match-filter/evidence/R03_REGRESSION/R02/A09_A10/probe-matrix.jsonl
dde697ead015b20b21f0b0405b1f4c46168bfdd28b5bdce4bba6c9dfb13f413b  ??  artifacts/rust-tauri/R04/T08-E01/negative-tests/n2-zero-match-filter/evidence/R03_REGRESSION/R02/A09_A10/service.err
21a811903209737aa2938a24c4af6a111f2da36b0c0a157960848b8b5d9666f9  ??  artifacts/rust-tauri/R04/T08-E01/negative-tests/n2-zero-match-filter/evidence/R03_REGRESSION/R02/A09_A10/service.out
37a43ad5e59486653c7b404ab2ef9e96a499abcc8ff0f8009316d8f4a4240045  ??  artifacts/rust-tauri/R04/T08-E01/negative-tests/n2-zero-match-filter/evidence/R03_REGRESSION/R02/A09_A10/summary.txt
dd63f79ce1a39fdef735dbb9eb292c3f8a45db77c2513d3cc7379e5dbe13749e  ??  artifacts/rust-tauri/R04/T08-E01/negative-tests/n2-zero-match-filter/evidence/R03_REGRESSION/R02/A11/backup-restore/s1-backup-dir-listing.txt
eff9bac119f8ac3f3e4e4eea0bc8597257292bffb932eb43c5a9f6928c869a17  ??  artifacts/rust-tauri/R04/T08-E01/negative-tests/n2-zero-match-filter/evidence/R03_REGRESSION/R02/A11/backup-restore/s1-backup-outcome.json
e3b0c44298fc1c149afbf4c8996fb92427ae41e4649b934ca495991b7852b855  ??  artifacts/rust-tauri/R04/T08-E01/negative-tests/n2-zero-match-filter/evidence/R03_REGRESSION/R02/A11/backup-restore/s1-backup.err
9df5838b0d2dfcc70cd32a25183ccd529e92e4b259819dee3bb9d6928ff5aeda  ??  artifacts/rust-tauri/R04/T08-E01/negative-tests/n2-zero-match-filter/evidence/R03_REGRESSION/R02/A11/backup-restore/s1-restore-outcome.json
e3b0c44298fc1c149afbf4c8996fb92427ae41e4649b934ca495991b7852b855  ??  artifacts/rust-tauri/R04/T08-E01/negative-tests/n2-zero-match-filter/evidence/R03_REGRESSION/R02/A11/backup-restore/s1-restore.err
2c41284a47752bdc963789bf0b9c74e40c108baf7e6d797703caabbd4c2a7646  ??  artifacts/rust-tauri/R04/T08-E01/negative-tests/n2-zero-match-filter/evidence/R03_REGRESSION/R02/A11/backup-restore/s1-restored-dump.jsonl
a6be2e8f632127ae3f0f09360818b8f35f670064da5697ad6de91cb54c900edf  ??  artifacts/rust-tauri/R04/T08-E01/negative-tests/n2-zero-match-filter/evidence/R03_REGRESSION/R02/A11/backup-restore/s1-restored-hash.txt
2c41284a47752bdc963789bf0b9c74e40c108baf7e6d797703caabbd4c2a7646  ??  artifacts/rust-tauri/R04/T08-E01/negative-tests/n2-zero-match-filter/evidence/R03_REGRESSION/R02/A11/backup-restore/s1-source-dump.jsonl
9749106d8dfb588755a34ea3f39d2f567f3169837ea6ee2c20ef9df7151b41a1  ??  artifacts/rust-tauri/R04/T08-E01/negative-tests/n2-zero-match-filter/evidence/R03_REGRESSION/R02/A11/backup-restore/s1-source-hash.txt
951e1f2cedf4a978898a4f9e620777561b8381ece9faf4223f8594a201f47f74  ??  artifacts/rust-tauri/R04/T08-E01/negative-tests/n2-zero-match-filter/evidence/R03_REGRESSION/R02/A11/backup-restore/s1-wal-size.txt
e3b0c44298fc1c149afbf4c8996fb92427ae41e4649b934ca495991b7852b855  ??  artifacts/rust-tauri/R04/T08-E01/negative-tests/n2-zero-match-filter/evidence/R03_REGRESSION/R02/A11/backup-restore/s3-backup-out.json
0ff826fa4c08ac40036bcd0c5263b91a2df340618444d8fb992c7e4f17dc21ff  ??  artifacts/rust-tauri/R04/T08-E01/negative-tests/n2-zero-match-filter/evidence/R03_REGRESSION/R02/A11/backup-restore/s3-backup.err
9b33c4d50a9f7a0434980244454a85ce4288c7323241cf9ff22c50e6b8f8dd85  ??  artifacts/rust-tauri/R04/T08-E01/negative-tests/n2-zero-match-filter/evidence/R03_REGRESSION/R02/A11/backup-restore/s4-ws-probe.json
a4c3ed04a95a3da14a9d235c83d868bed7c0f45cf7f3faa751ee8f50598d2211  ??  artifacts/rust-tauri/R04/T08-E01/negative-tests/n2-zero-match-filter/evidence/R03_REGRESSION/R02/A11/backup-restore/s4-ws-probe.json.probe-done
6ff1da18544f4eef3effb66b087525dd1520b00c1ae2eb7cd7356fbc8da2c972  ??  artifacts/rust-tauri/R04/T08-E01/negative-tests/n2-zero-match-filter/evidence/R03_REGRESSION/R02/A11/backup-restore/service-s1.addr
a0c1e4ff6eba0c0d0c2aa615e1f2305a15a73eabf3c8e85315e3c87d6a7e26ec  ??  artifacts/rust-tauri/R04/T08-E01/negative-tests/n2-zero-match-filter/evidence/R03_REGRESSION/R02/A11/backup-restore/service-s1.err
46750b6931a02c1829198d9101e644bba4662be3c89f75bce8e8da064149ba01  ??  artifacts/rust-tauri/R04/T08-E01/negative-tests/n2-zero-match-filter/evidence/R03_REGRESSION/R02/A11/backup-restore/service-s1.out
75ed892f53c2f9aaca02db61e1540a9be34025eb18ab123171a80585ef5b3102  ??  artifacts/rust-tauri/R04/T08-E01/negative-tests/n2-zero-match-filter/evidence/R03_REGRESSION/R02/A11/backup-restore/service-s2.addr
b1f34f0e6c3eb8619cac38ee547c0d81c0a789d95ac206eb0affa15a687cdbfe  ??  artifacts/rust-tauri/R04/T08-E01/negative-tests/n2-zero-match-filter/evidence/R03_REGRESSION/R02/A11/backup-restore/service-s2.err
d2edc71534eedb476cacc53f769cecf3e29ba7092449c9b481980d6cef0d5cfc  ??  artifacts/rust-tauri/R04/T08-E01/negative-tests/n2-zero-match-filter/evidence/R03_REGRESSION/R02/A11/backup-restore/service-s2.out
f41fe1b566accc0e68b4f5a7e84af12be60bb10b21a9bc5bf06d08a0fdb55a62  ??  artifacts/rust-tauri/R04/T08-E01/negative-tests/n2-zero-match-filter/evidence/R03_REGRESSION/R02/A11/backup-restore/service-s4.addr
b868ff599512d0189f3ce073987b51e657b9b1d5f87d93f4979747264770b24d  ??  artifacts/rust-tauri/R04/T08-E01/negative-tests/n2-zero-match-filter/evidence/R03_REGRESSION/R02/A11/backup-restore/service-s4.err
1eeca11cb6edc13a13ef705d693a3739aceeab83567ca063295689a5354c9265  ??  artifacts/rust-tauri/R04/T08-E01/negative-tests/n2-zero-match-filter/evidence/R03_REGRESSION/R02/A11/backup-restore/service-s4.out
fcfa7944a8002fe8555d357bd1ab63cb28a67769f41ebc72cb49fe0c2d36ec4a  ??  artifacts/rust-tauri/R04/T08-E01/negative-tests/n2-zero-match-filter/evidence/R03_REGRESSION/R02/A11/backup-restore/service.pid
7e2e6b484a54ebaec859abb6fb4fe9137fea20c753555d04c9344a7601875172  ??  artifacts/rust-tauri/R04/T08-E01/negative-tests/n2-zero-match-filter/evidence/R03_REGRESSION/R02/A11/backup-restore/summary.txt
eda86a7e3ca52eefda8698009e453d94576c02ff84a6a17632b3278f1224457c  ??  artifacts/rust-tauri/R04/T08-E01/negative-tests/n2-zero-match-filter/evidence/R03_REGRESSION/R02/A12/recovery-drill/coexist-after.txt
eda86a7e3ca52eefda8698009e453d94576c02ff84a6a17632b3278f1224457c  ??  artifacts/rust-tauri/R04/T08-E01/negative-tests/n2-zero-match-filter/evidence/R03_REGRESSION/R02/A12/recovery-drill/coexist-before.txt
c0526a733462a742254ac04dc3ecf253708927e4bca571eae998673b341c984c  ??  artifacts/rust-tauri/R04/T08-E01/negative-tests/n2-zero-match-filter/evidence/R03_REGRESSION/R02/A12/recovery-drill/own-created-homes.txt
0e0e6d91a7af6900004da1486fd5f59ea3b57f4f38b4946527c163dc75349cc1  ??  artifacts/rust-tauri/R04/T08-E01/negative-tests/n2-zero-match-filter/evidence/R03_REGRESSION/R02/A12/recovery-drill/summary.txt
7b2f675d535131e9ee3b95eb996b520af42000b1efea572dc62eff72fd758a84  ??  artifacts/rust-tauri/R04/T08-E01/negative-tests/n2-zero-match-filter/evidence/R03_REGRESSION/R02/A12/recovery-drill/v1-hashes-after.txt
7b2f675d535131e9ee3b95eb996b520af42000b1efea572dc62eff72fd758a84  ??  artifacts/rust-tauri/R04/T08-E01/negative-tests/n2-zero-match-filter/evidence/R03_REGRESSION/R02/A12/recovery-drill/v1-hashes-before.txt
f54978300e9b17002d1c95a19d94ef6b62d487c3a289a3203ad2decd39cde641  ??  artifacts/rust-tauri/R04/T08-E01/negative-tests/n2-zero-match-filter/evidence/R03_REGRESSION/R02/A12/recovery-drill/v1.err
e3b0c44298fc1c149afbf4c8996fb92427ae41e4649b934ca495991b7852b855  ??  artifacts/rust-tauri/R04/T08-E01/negative-tests/n2-zero-match-filter/evidence/R03_REGRESSION/R02/A12/recovery-drill/v1.out
fcb269f1fc43e20619871bab0f6e464d30773313e55b17f725fc62249ab521be  ??  artifacts/rust-tauri/R04/T08-E01/negative-tests/n2-zero-match-filter/evidence/R03_REGRESSION/R02/A12/recovery-drill/v2-hashes-after.txt
fcb269f1fc43e20619871bab0f6e464d30773313e55b17f725fc62249ab521be  ??  artifacts/rust-tauri/R04/T08-E01/negative-tests/n2-zero-match-filter/evidence/R03_REGRESSION/R02/A12/recovery-drill/v2-hashes-before.txt
bb672fb8e4daedba67de1971aedbc6012a5f8641454504439490789cae395ccc  ??  artifacts/rust-tauri/R04/T08-E01/negative-tests/n2-zero-match-filter/evidence/R03_REGRESSION/R02/A12/recovery-drill/v2.err
e3b0c44298fc1c149afbf4c8996fb92427ae41e4649b934ca495991b7852b855  ??  artifacts/rust-tauri/R04/T08-E01/negative-tests/n2-zero-match-filter/evidence/R03_REGRESSION/R02/A12/recovery-drill/v2.out
a33ffd69acb495d9a221778bb2317e4cef00e4d752d794b9c1267890666ec43d  ??  artifacts/rust-tauri/R04/T08-E01/negative-tests/n2-zero-match-filter/evidence/R03_REGRESSION/R02/A12/recovery-drill/v3-hashes-after.txt
a33ffd69acb495d9a221778bb2317e4cef00e4d752d794b9c1267890666ec43d  ??  artifacts/rust-tauri/R04/T08-E01/negative-tests/n2-zero-match-filter/evidence/R03_REGRESSION/R02/A12/recovery-drill/v3-hashes-before.txt
ac27974d68cd5f899a0afbcc12d34003e08be7254d3c7c6a85817064ecc508a0  ??  artifacts/rust-tauri/R04/T08-E01/negative-tests/n2-zero-match-filter/evidence/R03_REGRESSION/R02/A12/recovery-drill/v3.err
e3b0c44298fc1c149afbf4c8996fb92427ae41e4649b934ca495991b7852b855  ??  artifacts/rust-tauri/R04/T08-E01/negative-tests/n2-zero-match-filter/evidence/R03_REGRESSION/R02/A12/recovery-drill/v3.out
dac86b7ed0c6cfc45cceb4b7cb80736953a78801888ec5e298ceec7dbde07a71  ??  artifacts/rust-tauri/R04/T08-E01/negative-tests/n2-zero-match-filter/evidence/R03_REGRESSION/R02/A12/recovery-drill/v4.err
8a1b13e5f01e3b161dd3c09f5d61dc6324e0c4a00c0c8d7b9ffc5d6f8456b1ba  ??  artifacts/rust-tauri/R04/T08-E01/negative-tests/n2-zero-match-filter/evidence/R03_REGRESSION/R02/A12/recovery-drill/v4.out
596e4e5d74dde3f425a64fbcab5250604b122d823452dbdf538e89f3aa9d27ac  ??  artifacts/rust-tauri/R04/T08-E01/negative-tests/n2-zero-match-filter/evidence/R03_REGRESSION/R02/A12/recovery-drill/v5-hashes-after.txt
596e4e5d74dde3f425a64fbcab5250604b122d823452dbdf538e89f3aa9d27ac  ??  artifacts/rust-tauri/R04/T08-E01/negative-tests/n2-zero-match-filter/evidence/R03_REGRESSION/R02/A12/recovery-drill/v5-hashes-before.txt
268724e6969b0eb206be70516dc76e64fa2087514b4413012045aab65f31fd4b  ??  artifacts/rust-tauri/R04/T08-E01/negative-tests/n2-zero-match-filter/evidence/R03_REGRESSION/R02/A12/recovery-drill/v5.err
e3b0c44298fc1c149afbf4c8996fb92427ae41e4649b934ca495991b7852b855  ??  artifacts/rust-tauri/R04/T08-E01/negative-tests/n2-zero-match-filter/evidence/R03_REGRESSION/R02/A12/recovery-drill/v5.out
cf61cf1e638d1ceb0832a946d031bc25cd900b437900578853ed4f8337079b8a  ??  artifacts/rust-tauri/R04/T08-E01/negative-tests/n2-zero-match-filter/evidence/R03_REGRESSION/R02/A12/recovery-drill/v6-recovered-dump.jsonl
27badc983df1780b60c2b3fa9d3a19a00e46aac798451f0febdca52920faaddf  ??  artifacts/rust-tauri/R04/T08-E01/negative-tests/n2-zero-match-filter/evidence/R03_REGRESSION/R02/A12/recovery-drill/v6-seed-execute.txt
42316ad88ac5e01e423852eac4bf2887fdeb265d165e9d6f374b7b0d7d331271  ??  artifacts/rust-tauri/R04/T08-E01/negative-tests/n2-zero-match-filter/evidence/R03_REGRESSION/R02/A12/recovery-drill/v6-seed.err
0fbfa8889dd496f5011e0c50b8aeff1c3c038cc3ce85a9925c26d2e87591609a  ??  artifacts/rust-tauri/R04/T08-E01/negative-tests/n2-zero-match-filter/evidence/R03_REGRESSION/R02/A12/recovery-drill/v6-seed.out
c2e46904f7d1d4663efbbc681ac4e09538f51c73e6c175f990eb2065e2b51cf9  ??  artifacts/rust-tauri/R04/T08-E01/negative-tests/n2-zero-match-filter/evidence/R03_REGRESSION/R02/A12/recovery-drill/v6.err
6b6b90e1d1783f58f2f7e100c8052d4a649ab3db762a02c6451933a0ea9b282a  ??  artifacts/rust-tauri/R04/T08-E01/negative-tests/n2-zero-match-filter/evidence/R03_REGRESSION/R02/A12/recovery-drill/v6.out
9d1365c79f9817202e1fc5d74a578d58bb053e3e20db60122325e9ac9528c071  ??  artifacts/rust-tauri/R04/T08-E01/negative-tests/n2-zero-match-filter/evidence/R03_REGRESSION/R02/A12/recovery-drill/v7-hashes-after.txt
9d1365c79f9817202e1fc5d74a578d58bb053e3e20db60122325e9ac9528c071  ??  artifacts/rust-tauri/R04/T08-E01/negative-tests/n2-zero-match-filter/evidence/R03_REGRESSION/R02/A12/recovery-drill/v7-hashes-before.txt
f9a723c59d4d3acf30c746e5a0e1bc92a07a041cbb19642b7b3192449c30a52a  ??  artifacts/rust-tauri/R04/T08-E01/negative-tests/n2-zero-match-filter/evidence/R03_REGRESSION/R02/A12/recovery-drill/v7-seed.err
ed4ef553b14ac1171dacc12ebdb01653a370f011a6a1b4e663e59229b9ea6b58  ??  artifacts/rust-tauri/R04/T08-E01/negative-tests/n2-zero-match-filter/evidence/R03_REGRESSION/R02/A12/recovery-drill/v7-seed.out
6ebbc0cd5452f3fb44e6f8790d132a4fdb4825538a22236169a17b1524e28523  ??  artifacts/rust-tauri/R04/T08-E01/negative-tests/n2-zero-match-filter/evidence/R03_REGRESSION/R02/A12/recovery-drill/v7.err
e3b0c44298fc1c149afbf4c8996fb92427ae41e4649b934ca495991b7852b855  ??  artifacts/rust-tauri/R04/T08-E01/negative-tests/n2-zero-match-filter/evidence/R03_REGRESSION/R02/A12/recovery-drill/v7.out
0e5250d4885873e9dff4ace85394eef971e173d7ef48425933e660645aef6721  ??  artifacts/rust-tauri/R04/T08-E01/negative-tests/n2-zero-match-filter/evidence/R03_REGRESSION/R02/A12/recovery-drill/v8-observed.err
1ac02442ca82cea5df35e776883eac3fa318f8a9214b448276d488811835e685  ??  artifacts/rust-tauri/R04/T08-E01/negative-tests/n2-zero-match-filter/evidence/R03_REGRESSION/R02/A12/recovery-drill/v8-seed.err
338b77cbd5bd43cdc842d62c085b850a572f59765d71943197d1a7e2df055822  ??  artifacts/rust-tauri/R04/T08-E01/negative-tests/n2-zero-match-filter/evidence/R03_REGRESSION/R02/A12/recovery-drill/v8-seed.out
0e5250d4885873e9dff4ace85394eef971e173d7ef48425933e660645aef6721  ??  artifacts/rust-tauri/R04/T08-E01/negative-tests/n2-zero-match-filter/evidence/R03_REGRESSION/R02/A12/recovery-drill/v8.err
ec8d3b35cbbc108e6f6818875869b8aaacb2a5f3829465e3a409e949f768a2a9  ??  artifacts/rust-tauri/R04/T08-E01/negative-tests/n2-zero-match-filter/evidence/R03_REGRESSION/R02/A12/recovery-drill/v8.out
7181ae70dc85135abb7c4ab1ba87674431d057550636231a79313dc37a3bffdc  ??  artifacts/rust-tauri/R04/T08-E01/negative-tests/n2-zero-match-filter/evidence/R03_REGRESSION/R02/A15/full-chain/pre-restart-head.json
e3b0c44298fc1c149afbf4c8996fb92427ae41e4649b934ca495991b7852b855  ??  artifacts/rust-tauri/R04/T08-E01/negative-tests/n2-zero-match-filter/evidence/R03_REGRESSION/R02/A15/full-chain/probe1.err
aed508dca0d4f81a342e4dcf4871b9b10903b6b1bafb49a3a328fc04aed28f2e  ??  artifacts/rust-tauri/R04/T08-E01/negative-tests/n2-zero-match-filter/evidence/R03_REGRESSION/R02/A15/full-chain/probe1.pass-lines
e3b0c44298fc1c149afbf4c8996fb92427ae41e4649b934ca495991b7852b855  ??  artifacts/rust-tauri/R04/T08-E01/negative-tests/n2-zero-match-filter/evidence/R03_REGRESSION/R02/A15/full-chain/probe2.err
28a411dc95be7e6596d2954fdbecf8eb034d9f8dc1248ab1d111c07c1c218b89  ??  artifacts/rust-tauri/R04/T08-E01/negative-tests/n2-zero-match-filter/evidence/R03_REGRESSION/R02/A15/full-chain/probe2.pass-lines
2d5a8f6761a40ed03a204f5eaad6df1abea138ca8c751893bd212b772beea963  ??  artifacts/rust-tauri/R04/T08-E01/negative-tests/n2-zero-match-filter/evidence/R03_REGRESSION/R02/A15/full-chain/service1.err
887c1d57d8ecf843e8bb272db0cea3a7c39bad622a2dde6e1c50a16c3ada9e64  ??  artifacts/rust-tauri/R04/T08-E01/negative-tests/n2-zero-match-filter/evidence/R03_REGRESSION/R02/A15/full-chain/service1.out
cfa14ebf0bc723730129c492c9797d104a98bc3248710a75424af270f67a15b6  ??  artifacts/rust-tauri/R04/T08-E01/negative-tests/n2-zero-match-filter/evidence/R03_REGRESSION/R02/A15/full-chain/service2.err
8b0744155a598f1da796fa0cc475bae060626ce6700d4ee55ce34b08464edf79  ??  artifacts/rust-tauri/R04/T08-E01/negative-tests/n2-zero-match-filter/evidence/R03_REGRESSION/R02/A15/full-chain/service2.out
c523950e1de21209abf1c110e9f3f5e4f1d3251bc9643ed16719f3074cf364af  ??  artifacts/rust-tauri/R04/T08-E01/negative-tests/n2-zero-match-filter/evidence/R03_REGRESSION/R02/A15/full-chain/summary.txt
54c42aff0064c639b118c6b25e11dabf2b93798c64aa9a761f2e7c8d01ae6af9  ??  artifacts/rust-tauri/R04/T08-E01/negative-tests/n2-zero-match-filter/evidence/R03_REGRESSION/R02/A16/legacy-entry/e0-candidate-binding.tsv
10aa7b2e76f9c92492448f4210e42db2e2edcaba91fe63395032cc993135c7b9  ??  artifacts/rust-tauri/R04/T08-E01/negative-tests/n2-zero-match-filter/evidence/R03_REGRESSION/R02/A16/legacy-entry/e0-candidate-dirty.diff
74a6b4972675bd825b75f6fc7447698377488ebca55dc2eef6822385ee61d16f  ??  artifacts/rust-tauri/R04/T08-E01/negative-tests/n2-zero-match-filter/evidence/R03_REGRESSION/R02/A16/legacy-entry/e0-candidate-dirty.txt
dd23ad1715a34819e7460921c4551265704135379e9e5cc25fea70049831a45d  ??  artifacts/rust-tauri/R04/T08-E01/negative-tests/n2-zero-match-filter/evidence/R03_REGRESSION/R02/A16/legacy-entry/summary.txt
4ea8ac12ab21667978181d283459d484c0543817be1f808e44357bcb05e565eb  ??  artifacts/rust-tauri/R04/T08-E01/negative-tests/n2-zero-match-filter/evidence/R03_REGRESSION/candidate-source-after.json
4ea8ac12ab21667978181d283459d484c0543817be1f808e44357bcb05e565eb  ??  artifacts/rust-tauri/R04/T08-E01/negative-tests/n2-zero-match-filter/evidence/R03_REGRESSION/candidate-source-before.json
e9b5637dabed9a4c3011d985ba247b0f3cc030e76bb541829277d463d11dc47f  ??  artifacts/rust-tauri/R04/T08-E01/negative-tests/n2-zero-match-filter/evidence/R03_REGRESSION/verify-stage-result.json
99ec153a7d21406ee523f6ac98288f49e52c29d28289ba29ba60cfa096b7fb22  ??  artifacts/rust-tauri/R04/T08-E01/negative-tests/n2-zero-match-filter/evidence/R04_MATRIX/summary.txt
4ea8ac12ab21667978181d283459d484c0543817be1f808e44357bcb05e565eb  ??  artifacts/rust-tauri/R04/T08-E01/negative-tests/n2-zero-match-filter/evidence/candidate-source-after.json
4ea8ac12ab21667978181d283459d484c0543817be1f808e44357bcb05e565eb  ??  artifacts/rust-tauri/R04/T08-E01/negative-tests/n2-zero-match-filter/evidence/candidate-source-before.json
0519ba09f88207b2a338da43c9edfb7ed453f20ed2bfc7268445df7dbdcc507f  ??  artifacts/rust-tauri/R04/T08-E01/negative-tests/n2-zero-match-filter/evidence/verify-stage-result.json
4355a46b19d348dc2f57c046f8ef63d4538ebb936000f3c9ee954a27460dd865  ??  artifacts/rust-tauri/R04/T08-E01/negative-tests/n2-zero-match-filter/exit-code.txt
f5b0981175fe9bd307c7bb4e8dcb8490cfa58585d62d9c3e2f7eb03e4e875e54  ??  artifacts/rust-tauri/R04/T08-E01/negative-tests/n3-missing-evidence-file/evidence/R03_REGRESSION/A15/cases/background-run-completes-decoupled.json
fda5f46e011354371ff149d97818d48d3b78dca205e17e8a7b39dba1cb4013e6  ??  artifacts/rust-tauri/R04/T08-E01/negative-tests/n3-missing-evidence-file/evidence/R03_REGRESSION/A15/cases/background-survives-unrelated-cancel.json
92eebd1162583e5ed42a8e61a80b5c84e94753ed6562c35c930ebb65f6e23f01  ??  artifacts/rust-tauri/R04/T08-E01/negative-tests/n3-missing-evidence-file/evidence/R03_REGRESSION/A15/cases/cancel-live-run-accepted-terminal-cancelled.json
edc380e78d3b8f95b51f12c2bbfcb702760327da3f20bd6c9f456b5c7e0934de  ??  artifacts/rust-tauri/R04/T08-E01/negative-tests/n3-missing-evidence-file/evidence/R03_REGRESSION/A15/cases/cancel-terminal-run-already-terminal.json
e320e539d701e4f285fcff1a42629b28016fa5f103e77fccb5c1ddf921155742  ??  artifacts/rust-tauri/R04/T08-E01/negative-tests/n3-missing-evidence-file/evidence/R03_REGRESSION/A15/cases/cancel-unknown-run-not-found.json
a513a19cd5ca9bc857d2e01c9be7ec61e3e5677e7d1948db618b31fb7aba127a  ??  artifacts/rust-tauri/R04/T08-E01/negative-tests/n3-missing-evidence-file/evidence/R03_REGRESSION/A15/cases/cancel-waiting-approval-cancels-cleanly.json
602b436fbd1f0de778ca086853030197fe28a3fde1a5f694ebea64e4f8779c8a  ??  artifacts/rust-tauri/R04/T08-E01/negative-tests/n3-missing-evidence-file/evidence/R03_REGRESSION/A15/cases/combo-cancel-stream-terminal-cancelled.json
b24ff9cdbb08092492dd68815bdf3c4a6f38c8e2a42cd79c30abbfcacdfef745  ??  artifacts/rust-tauri/R04/T08-E01/negative-tests/n3-missing-evidence-file/evidence/R03_REGRESSION/A15/cases/combo-crash-recovery-honest-interrupted.json
d9e8dea9429b0f0c9fc86be7f31dcd96b4b227e1174dcdea6d1f00b177ec2987  ??  artifacts/rust-tauri/R04/T08-E01/negative-tests/n3-missing-evidence-file/evidence/R03_REGRESSION/A15/cases/combo-cross-session-both-complete.json
106bebd1aa293f120bb83f22b33de1e19ae817a4963587e2ee17be8731293349  ??  artifacts/rust-tauri/R04/T08-E01/negative-tests/n3-missing-evidence-file/evidence/R03_REGRESSION/A15/cases/combo-duplicate-conflict-rejected.json
eafb37ffcb4d76d45d58a64d80d9ef413064c1f979d64ba1cc2e609d147963fc  ??  artifacts/rust-tauri/R04/T08-E01/negative-tests/n3-missing-evidence-file/evidence/R03_REGRESSION/A15/cases/combo-duplicate-replay-no-second-run.json
346e6cb6ae16f125e4bbfdbf24d2bbcf63c92fa9642b2676fa06a78bfa1e8fdb  ??  artifacts/rust-tauri/R04/T08-E01/negative-tests/n3-missing-evidence-file/evidence/R03_REGRESSION/A15/cases/combo-events-subscriber-saw-terminal.json
97a0c8f8404d1c042f8f7efd240d5d5f5446103b21bcccf9c5c90461b6082043  ??  artifacts/rust-tauri/R04/T08-E01/negative-tests/n3-missing-evidence-file/evidence/R03_REGRESSION/A15/cases/combo-multi-tool-three-calls.json
aa936466e694a90f4087b7ae928f7c9b96ae1450073774fcb29d177dfa59c7b6  ??  artifacts/rust-tauri/R04/T08-E01/negative-tests/n3-missing-evidence-file/evidence/R03_REGRESSION/A15/cases/combo-multi-turn-one-terminal.json
f7bdd9e301d37d6a062e13225cfc84d7e96c1f88cd75d34e300ab00dd0fad0a0  ??  artifacts/rust-tauri/R04/T08-E01/negative-tests/n3-missing-evidence-file/evidence/R03_REGRESSION/A15/cases/combo-normal-run-completed.json
51d8bd26cb2f29bee74097b5ef9a36e3389a56a1c7127e86fa36d75a8106659e  ??  artifacts/rust-tauri/R04/T08-E01/negative-tests/n3-missing-evidence-file/evidence/R03_REGRESSION/A15/cases/combo-out-of-order-late-result-fenced.json
e18f1fcb5cc4af47da6184707fb88e0c0ed656f1fafffe8020a3001c9826c931  ??  artifacts/rust-tauri/R04/T08-E01/negative-tests/n3-missing-evidence-file/evidence/R03_REGRESSION/A15/cases/combo-timeout-budget-loud-failure.json
ccbc0f5c630f404851ca1c561fd5c73421ba9b217ceeff29973b263f05e30888  ??  artifacts/rust-tauri/R04/T08-E01/negative-tests/n3-missing-evidence-file/evidence/R03_REGRESSION/A15/cases/parent-cancel-stops-child-run.json
d72d7e1151ea38a4eeb9ad435aa66dc376039e41ff714f9f550e1f2c8934585a  ??  artifacts/rust-tauri/R04/T08-E01/negative-tests/n3-missing-evidence-file/evidence/R03_REGRESSION/A15/cases/reconnect-resume-no-model-restart.json
5d89ed42d309bfcfd13956b901f209eb432200e88c2ae1eea74d6eaffe625b2a  ??  artifacts/rust-tauri/R04/T08-E01/negative-tests/n3-missing-evidence-file/evidence/R03_REGRESSION/A15/cases/steer-busy-accepted.json
360ccd0c00f5114974f5f2967860d1c339a2e2baa808a2f5dca49f334fe0d386  ??  artifacts/rust-tauri/R04/T08-E01/negative-tests/n3-missing-evidence-file/evidence/R03_REGRESSION/A15/cases/steer-idle-miss.json
d00e58227225a313e612b18019d7f95a07382b0426ab7fbeb39bc4b05b740cc5  ??  artifacts/rust-tauri/R04/T08-E01/negative-tests/n3-missing-evidence-file/evidence/R03_REGRESSION/A15/cases/steer-text-drained-into-model-input.json
1d91fbec57470aebfedf338d49c5109fdd0216e02d720737ed53335eb06ae4c8  ??  artifacts/rust-tauri/R04/T08-E01/negative-tests/n3-missing-evidence-file/evidence/R03_REGRESSION/A15/cases/subagent-child-cancel-stops-child-only.json
25c6b5b26b72b0a4408db94f4f0e40b77faa84d32ccfeaffaf04e29fb20c07c9  ??  artifacts/rust-tauri/R04/T08-E01/negative-tests/n3-missing-evidence-file/evidence/R03_REGRESSION/A15/cases/subagent-close-thread-closed-status.json
c8d7de61de38e7dfa38ea3376602da5c50882e6d6238c3a1ff61b6ac7df04418  ??  artifacts/rust-tauri/R04/T08-E01/negative-tests/n3-missing-evidence-file/evidence/R03_REGRESSION/A15/cases/subagent-dispatch-child-lineage-recorded.json
dce5bbb9b54961ee64c8634f90f4f2600975918f6a2590b57b7b28dd425016bd  ??  artifacts/rust-tauri/R04/T08-E01/negative-tests/n3-missing-evidence-file/evidence/R03_REGRESSION/A15/cases/subagent-escalation-write-denied-zero-children.json
dcd19d358a8a5e560042eee304f1f5460d1c79ba1a64d611fb1007b830562010  ??  artifacts/rust-tauri/R04/T08-E01/negative-tests/n3-missing-evidence-file/evidence/R03_REGRESSION/A15/cases/subagent-policy-proactive-delegation-default-off.json
ffef3903ae224f661b415622ed9c76da5e265c01a9c15b867f429c1f6d10ef15  ??  artifacts/rust-tauri/R04/T08-E01/negative-tests/n3-missing-evidence-file/evidence/R03_REGRESSION/A15/cases/subagent-reply-continues-thread.json
d097c60f1416e1febc17bd0959b1c9252ca9be86b6a1e982d42d9240a38b107e  ??  artifacts/rust-tauri/R04/T08-E01/negative-tests/n3-missing-evidence-file/evidence/R03_REGRESSION/A15/combo-counts.json
4c56fd82542a56017ef5e59d3b0c9752ede52032f31f31c24c2de458153ad296  ??  artifacts/rust-tauri/R04/T08-E01/negative-tests/n3-missing-evidence-file/evidence/R03_REGRESSION/A15/combos/cancel-approval-wait.json
f861ce9b1dbe64f781134bae916b9c8f2503f4ad8572e98bfc18d180a4e35e33  ??  artifacts/rust-tauri/R04/T08-E01/negative-tests/n3-missing-evidence-file/evidence/R03_REGRESSION/A15/combos/cancel-stream-read.json
76b74d822e65d068718af971eb29865cc4891a50d128a35b0bc955cc3b6b65a2  ??  artifacts/rust-tauri/R04/T08-E01/negative-tests/n3-missing-evidence-file/evidence/R03_REGRESSION/A15/combos/crash-recovery.json
ef5545b54a472c39f9b09d995f9ba2e3671618a56d4de3eb7fe4fad24d81f22b  ??  artifacts/rust-tauri/R04/T08-E01/negative-tests/n3-missing-evidence-file/evidence/R03_REGRESSION/A15/combos/cross-session-parallel.json
7f7fd9a6f050ba6811d5b1d7313d11473f92089a4ec0fd2335779e99b59cdaa1  ??  artifacts/rust-tauri/R04/T08-E01/negative-tests/n3-missing-evidence-file/evidence/R03_REGRESSION/A15/combos/duplicate-submission.json
fc9b468ae0f2bd2cfff1a3ead3ba02756e59e73dc0c0a0ebb5142456d1ae38a8  ??  artifacts/rust-tauri/R04/T08-E01/negative-tests/n3-missing-evidence-file/evidence/R03_REGRESSION/A15/combos/leaf-parent-cancel.json
a59635405b3569b1c0c950cb282ecf3749923b36c6b1b5e4d3d21fc3f4458102  ??  artifacts/rust-tauri/R04/T08-E01/negative-tests/n3-missing-evidence-file/evidence/R03_REGRESSION/A15/combos/leaf-steer.json
fd60e4ca043c4073ddf838b3f0fe918436ede45ff7765efc8f1cad42821186f4  ??  artifacts/rust-tauri/R04/T08-E01/negative-tests/n3-missing-evidence-file/evidence/R03_REGRESSION/A15/combos/multi-tool.json
075cad25ce0207f3b49138b8d415d0db78da1005207b2f64d282b478bffa44ae  ??  artifacts/rust-tauri/R04/T08-E01/negative-tests/n3-missing-evidence-file/evidence/R03_REGRESSION/A15/combos/multi-turn-model.json
f94832aef81d68346dd1b25b1ad7312d6bc141a69a616a218b640aa170fbebcb  ??  artifacts/rust-tauri/R04/T08-E01/negative-tests/n3-missing-evidence-file/evidence/R03_REGRESSION/A15/combos/normal.json
44f5b48c4f288ee214f7053e16857997f1fb66a6be241466141301a16c6872e7  ??  artifacts/rust-tauri/R04/T08-E01/negative-tests/n3-missing-evidence-file/evidence/R03_REGRESSION/A15/combos/timeout-budget.json
505ecfbac3942739846be3a188cabea9d26c9641628253767c5457bdff2ab44f  ??  artifacts/rust-tauri/R04/T08-E01/negative-tests/n3-missing-evidence-file/evidence/R03_REGRESSION/A15/leaf-cases.json
e5d7d468d76fefaca846cba19b6791e7d1569f209256489ddb9d80c4fc491a58  ??  artifacts/rust-tauri/R04/T08-E01/negative-tests/n3-missing-evidence-file/evidence/R03_REGRESSION/A15/summary.txt
9a652a14c5a43c20164935bd4963aa32c2a32445a13a91c504c563352517c3b7  ??  artifacts/rust-tauri/R04/T08-E01/negative-tests/n3-missing-evidence-file/evidence/R03_REGRESSION/A16/captured-seed.txt
9a652a14c5a43c20164935bd4963aa32c2a32445a13a91c504c563352517c3b7  ??  artifacts/rust-tauri/R04/T08-E01/negative-tests/n3-missing-evidence-file/evidence/R03_REGRESSION/A16/p2-captured-seed-attempt-0.txt
9a652a14c5a43c20164935bd4963aa32c2a32445a13a91c504c563352517c3b7  ??  artifacts/rust-tauri/R04/T08-E01/negative-tests/n3-missing-evidence-file/evidence/R03_REGRESSION/A16/p3-replay-1-seed.txt
9a652a14c5a43c20164935bd4963aa32c2a32445a13a91c504c563352517c3b7  ??  artifacts/rust-tauri/R04/T08-E01/negative-tests/n3-missing-evidence-file/evidence/R03_REGRESSION/A16/p3-replay-2-seed.txt
3fd4aaf96fe0793daf71f6aa3f52fa6c74856c7ddd31d414962724cf4df651d5  ??  artifacts/rust-tauri/R04/T08-E01/negative-tests/n3-missing-evidence-file/evidence/R03_REGRESSION/A16/seed-mechanism.json
7d823ecd2fe778be4bc9ccdeaa060189bb8c8a9e8bd9737f51cb16fbd9b11f68  ??  artifacts/rust-tauri/R04/T08-E01/negative-tests/n3-missing-evidence-file/evidence/R03_REGRESSION/A16/summary.txt
5f7ef4991d4afea16fd8cd437d0e0b02f6b194f957746a7850b621807b94391e  ??  artifacts/rust-tauri/R04/T08-E01/negative-tests/n3-missing-evidence-file/evidence/R03_REGRESSION/G07_REPAIR/cases.jsonl
e3b0c44298fc1c149afbf4c8996fb92427ae41e4649b934ca495991b7852b855  ??  artifacts/rust-tauri/R04/T08-E01/negative-tests/n3-missing-evidence-file/evidence/R03_REGRESSION/G07_REPAIR/gaps.txt
1f29d43f2cf02b52219bc351e44642ea8aea0b0d413dd9064dac814574a7deff  ??  artifacts/rust-tauri/R04/T08-E01/negative-tests/n3-missing-evidence-file/evidence/R03_REGRESSION/G07_REPAIR/repair-cases.json
26a0ff2a5dac57c3ecace1b420b6db3294c9ca2c6c05f2a0406edb8b700f1679  ??  artifacts/rust-tauri/R04/T08-E01/negative-tests/n3-missing-evidence-file/evidence/R03_REGRESSION/G07_REPAIR/summary.txt
0f24ee1378e4405fca22f8f7df89a3d3b834f62c371217089d3b59303276aa52  ??  artifacts/rust-tauri/R04/T08-E01/negative-tests/n3-missing-evidence-file/evidence/R03_REGRESSION/R02/A05_A06/.last-body
1319bbe558a1a9043433da92529bc8c24d2b6fbcabc962836a938e946e273399  ??  artifacts/rust-tauri/R04/T08-E01/negative-tests/n3-missing-evidence-file/evidence/R03_REGRESSION/R02/A05_A06/body-limit.txt
c0c19dff508a998f0c6e1fbf2643c2d78647cd6495bc53c57d2566877a3abc0b  ??  artifacts/rust-tauri/R04/T08-E01/negative-tests/n3-missing-evidence-file/evidence/R03_REGRESSION/R02/A05_A06/cli-sessions-limit-case.json
8d67398802bbd99be37c7f7b2937e3fd3f4b7bf82d6895a9c6e1a1cbfd4e407e  ??  artifacts/rust-tauri/R04/T08-E01/negative-tests/n3-missing-evidence-file/evidence/R03_REGRESSION/R02/A05_A06/creds-after-authz.json
48e1a59b30aba9118cef167c4a408ee0e3b57baed58c122a5a38c1eb88160f7f  ??  artifacts/rust-tauri/R04/T08-E01/negative-tests/n3-missing-evidence-file/evidence/R03_REGRESSION/R02/A05_A06/creds-before-authz.json
31f9de82e5da671d03b3abcefbfdb37817d5fcb01d8cad3644164f7d0ce041c1  ??  artifacts/rust-tauri/R04/T08-E01/negative-tests/n3-missing-evidence-file/evidence/R03_REGRESSION/R02/A05_A06/devices-after-authz.json
8e8960d710246918fea98f248a31f35d7d080fbad0c660417dcca64309dc2b8b  ??  artifacts/rust-tauri/R04/T08-E01/negative-tests/n3-missing-evidence-file/evidence/R03_REGRESSION/R02/A05_A06/devices-before-authz.json
f533c4527ba708c32a7bf90bbf0d8855d684cba2e146109dd492f628aa1ca479  ??  artifacts/rust-tauri/R04/T08-E01/negative-tests/n3-missing-evidence-file/evidence/R03_REGRESSION/R02/A05_A06/leaf-cases.json
b0119534e4878eb2aaa527974124a9bbbb0567645ca4163319e80a4dd384e768  ??  artifacts/rust-tauri/R04/T08-E01/negative-tests/n3-missing-evidence-file/evidence/R03_REGRESSION/R02/A05_A06/leaf-cases.ndjson
ff55685a9d6a087b2cc88f88ae349e799bf87f815dad3cd6f97fec53a8e40f21  ??  artifacts/rust-tauri/R04/T08-E01/negative-tests/n3-missing-evidence-file/evidence/R03_REGRESSION/R02/A05_A06/me-denied-after.sha256
ff55685a9d6a087b2cc88f88ae349e799bf87f815dad3cd6f97fec53a8e40f21  ??  artifacts/rust-tauri/R04/T08-E01/negative-tests/n3-missing-evidence-file/evidence/R03_REGRESSION/R02/A05_A06/me-denied-before.sha256
9901fa4939e8c0683cc392787126273c429530490fdebe18e68d1ad0c6fc2459  ??  artifacts/rust-tauri/R04/T08-E01/negative-tests/n3-missing-evidence-file/evidence/R03_REGRESSION/R02/A05_A06/sessions-list-matrix.json
bfa5d84293e76042ad3f4888c25f77761c2fe5ee38b8f3c5ad1a66094e040409  ??  artifacts/rust-tauri/R04/T08-E01/negative-tests/n3-missing-evidence-file/evidence/R03_REGRESSION/R02/A05_A06/state-after-authn.txt
e8f896c0c2bfa92573b90156eacd820cbc8e7b63b7f0fdc47351c307fd7ea339  ??  artifacts/rust-tauri/R04/T08-E01/negative-tests/n3-missing-evidence-file/evidence/R03_REGRESSION/R02/A05_A06/state-after.txt
bfa5d84293e76042ad3f4888c25f77761c2fe5ee38b8f3c5ad1a66094e040409  ??  artifacts/rust-tauri/R04/T08-E01/negative-tests/n3-missing-evidence-file/evidence/R03_REGRESSION/R02/A05_A06/state-before-authz.txt
bfa5d84293e76042ad3f4888c25f77761c2fe5ee38b8f3c5ad1a66094e040409  ??  artifacts/rust-tauri/R04/T08-E01/negative-tests/n3-missing-evidence-file/evidence/R03_REGRESSION/R02/A05_A06/state-before.txt
2a24dea5504e3a28da4025f1e3cd195e85da8c8bdab60d83a753e835c18357a5  ??  artifacts/rust-tauri/R04/T08-E01/negative-tests/n3-missing-evidence-file/evidence/R03_REGRESSION/R02/A05_A06/summary.txt
52d68c1f10cf2b8653a3d1b02b82c804aaf01c004e1929c103eb113559632fdb  ??  artifacts/rust-tauri/R04/T08-E01/negative-tests/n3-missing-evidence-file/evidence/R03_REGRESSION/R02/A05_A06/ws-matrix.json
502360a658384470635f30731a4d15101ded6196ddbda0a3a64baf2889dcd184  ??  artifacts/rust-tauri/R04/T08-E01/negative-tests/n3-missing-evidence-file/evidence/R03_REGRESSION/R02/A07_A08/last-db-hashes.txt
e613a984930f45c73fa5aa79af6955b0ac56faa30868e1da85d84a96a180eee3  ??  artifacts/rust-tauri/R04/T08-E01/negative-tests/n3-missing-evidence-file/evidence/R03_REGRESSION/R02/A07_A08/s1-counts-after-stop.json
6e11d3157e36f2f24de72943cc5df97aec8475c1e95a29c6fed9cc451e41da10  ??  artifacts/rust-tauri/R04/T08-E01/negative-tests/n3-missing-evidence-file/evidence/R03_REGRESSION/R02/A07_A08/s2-counts-after-crash.json
77365415a01df054c63a9bf8827b0b0c61520f7a4373dc2c9ad16e2c30c6e9ed  ??  artifacts/rust-tauri/R04/T08-E01/negative-tests/n3-missing-evidence-file/evidence/R03_REGRESSION/R02/A07_A08/s2-runs-dump.jsonl
63e3517fff4f9a786cd8343f2e5b91fc9e13fca43dc8163c4a5e6232dc7bbc69  ??  artifacts/rust-tauri/R04/T08-E01/negative-tests/n3-missing-evidence-file/evidence/R03_REGRESSION/R02/A07_A08/s3-fault.err
e3b0c44298fc1c149afbf4c8996fb92427ae41e4649b934ca495991b7852b855  ??  artifacts/rust-tauri/R04/T08-E01/negative-tests/n3-missing-evidence-file/evidence/R03_REGRESSION/R02/A07_A08/s3-fault.out
8bc74c7f8c768e4afa62f614c51fc4d8f049c85199cb46860c1465229a26decc  ??  artifacts/rust-tauri/R04/T08-E01/negative-tests/n3-missing-evidence-file/evidence/R03_REGRESSION/R02/A07_A08/s4-hashes-after.txt
8bc74c7f8c768e4afa62f614c51fc4d8f049c85199cb46860c1465229a26decc  ??  artifacts/rust-tauri/R04/T08-E01/negative-tests/n3-missing-evidence-file/evidence/R03_REGRESSION/R02/A07_A08/s4-hashes-before.txt
202b703e492c63b02e5d1e7c19d55b876d2e4bc8a66a119384368ada9c28b5fa  ??  artifacts/rust-tauri/R04/T08-E01/negative-tests/n3-missing-evidence-file/evidence/R03_REGRESSION/R02/A07_A08/s4-migrations-round1.json
202b703e492c63b02e5d1e7c19d55b876d2e4bc8a66a119384368ada9c28b5fa  ??  artifacts/rust-tauri/R04/T08-E01/negative-tests/n3-missing-evidence-file/evidence/R03_REGRESSION/R02/A07_A08/s4-migrations-round2.json
202b703e492c63b02e5d1e7c19d55b876d2e4bc8a66a119384368ada9c28b5fa  ??  artifacts/rust-tauri/R04/T08-E01/negative-tests/n3-missing-evidence-file/evidence/R03_REGRESSION/R02/A07_A08/s4-migrations-round3.json
5998bb106efa178626f53a3f21da0b31c6c1c4fa75a71c1f0a0b1f400c3abb1e  ??  artifacts/rust-tauri/R04/T08-E01/negative-tests/n3-missing-evidence-file/evidence/R03_REGRESSION/R02/A07_A08/service-s1.err
8ef6faed301591630c51a80ec3cad5e4713c2a317e37520c4b8f257e065fed57  ??  artifacts/rust-tauri/R04/T08-E01/negative-tests/n3-missing-evidence-file/evidence/R03_REGRESSION/R02/A07_A08/service-s1.out
d728e959e611f78d816d4aa5969265aadf4abaf419b0257eaa0fcd191d95e24e  ??  artifacts/rust-tauri/R04/T08-E01/negative-tests/n3-missing-evidence-file/evidence/R03_REGRESSION/R02/A07_A08/service-s1b.err
733d2f799ddc6ec72aa92c471b0a7314f80714b68d03ead0b9df541d365d7a6a  ??  artifacts/rust-tauri/R04/T08-E01/negative-tests/n3-missing-evidence-file/evidence/R03_REGRESSION/R02/A07_A08/service-s1b.out
e9d8e7d2bc2034a9779802acd9b0f68b2bc1778b688d64a4f8df7fcf4b577d65  ??  artifacts/rust-tauri/R04/T08-E01/negative-tests/n3-missing-evidence-file/evidence/R03_REGRESSION/R02/A07_A08/service-s2.err
80c55ff88ed3718e90353761987f7c018f21c97cde363c9cc1e580292df03a00  ??  artifacts/rust-tauri/R04/T08-E01/negative-tests/n3-missing-evidence-file/evidence/R03_REGRESSION/R02/A07_A08/service-s2.out
7292ccc9f768a250f0a1dfacd98d7fd3a33def610d9322019693ff8dab67c9bb  ??  artifacts/rust-tauri/R04/T08-E01/negative-tests/n3-missing-evidence-file/evidence/R03_REGRESSION/R02/A07_A08/service-s2b.err
dfefd8a8ee6a72e7c553ae516fc4800f4da75191a5ff2847a92565bcc05d3e8f  ??  artifacts/rust-tauri/R04/T08-E01/negative-tests/n3-missing-evidence-file/evidence/R03_REGRESSION/R02/A07_A08/service-s2b.out
fd915ad485814ed60c8d885d8e405a59bc7f46b6999001ee01d43a39652f6cd5  ??  artifacts/rust-tauri/R04/T08-E01/negative-tests/n3-missing-evidence-file/evidence/R03_REGRESSION/R02/A07_A08/service-s4-1.err
c173cf5bf395ea7917a6adde9d3bce7b13a51d404d120e12bbf8a732109d4f5b  ??  artifacts/rust-tauri/R04/T08-E01/negative-tests/n3-missing-evidence-file/evidence/R03_REGRESSION/R02/A07_A08/service-s4-1.out
563a1e771be7b3f17645ca4cc67aa8902c23d88e0b28fd581c17cb501a5a8660  ??  artifacts/rust-tauri/R04/T08-E01/negative-tests/n3-missing-evidence-file/evidence/R03_REGRESSION/R02/A07_A08/service-s4-2.err
66d14cc13c19b95052b5db52d5248d20cfd0b5becd7bda19f2f4aa9edfadfa47  ??  artifacts/rust-tauri/R04/T08-E01/negative-tests/n3-missing-evidence-file/evidence/R03_REGRESSION/R02/A07_A08/service-s4-2.out
2c6e13b7b7f4d3a22c001c5650be0b60938e77dfec5d5f10c78c5cfebbbbdf3e  ??  artifacts/rust-tauri/R04/T08-E01/negative-tests/n3-missing-evidence-file/evidence/R03_REGRESSION/R02/A07_A08/service-s4-3.err
e0ac8c4265f3abeea834605b7fbc1b1d3d7472e1352da016b597bf1cfeb8d303  ??  artifacts/rust-tauri/R04/T08-E01/negative-tests/n3-missing-evidence-file/evidence/R03_REGRESSION/R02/A07_A08/service-s4-3.out
31542bef45da1fa3d96579843ea9ee9b79f12277064e602287c2ee0e9f104880  ??  artifacts/rust-tauri/R04/T08-E01/negative-tests/n3-missing-evidence-file/evidence/R03_REGRESSION/R02/A07_A08/service.addr
2301b85528a85e9d880a47c08a58e9fc008b18f440770239f9b4afeeedea36b2  ??  artifacts/rust-tauri/R04/T08-E01/negative-tests/n3-missing-evidence-file/evidence/R03_REGRESSION/R02/A07_A08/service.pid
1c42fa08a9ec39a4d1b77312f9a6bab7419b66327dad965e050fc487aef2b0f6  ??  artifacts/rust-tauri/R04/T08-E01/negative-tests/n3-missing-evidence-file/evidence/R03_REGRESSION/R02/A07_A08/summary.txt
10390ad8ea013b2e263876eb26e8fc088e6be7c70dfada240a084e374f2e2196  ??  artifacts/rust-tauri/R04/T08-E01/negative-tests/n3-missing-evidence-file/evidence/R03_REGRESSION/R02/A09_A10/a09-merged-view.json
d1f7ede010d290ab20684555f5199a34201a9bebc88d154c7f6905cb0fe23539  ??  artifacts/rust-tauri/R04/T08-E01/negative-tests/n3-missing-evidence-file/evidence/R03_REGRESSION/R02/A09_A10/a10-rebuild-diff.json
02a8868c7a15722bab3911b8bf68b5890ccd97027e45f810118b5977110abd11  ??  artifacts/rust-tauri/R04/T08-E01/negative-tests/n3-missing-evidence-file/evidence/R03_REGRESSION/R02/A09_A10/key-events-dump.json
6ec1ac67d13b63050afb566f067ecb741984c56db77171b7a9a18c1abe71bc3c  ??  artifacts/rust-tauri/R04/T08-E01/negative-tests/n3-missing-evidence-file/evidence/R03_REGRESSION/R02/A09_A10/matrix.json
a5894ada578558b7da6089aeb072a8ce52ca8c35d9b06952b2100fe222d4d63f  ??  artifacts/rust-tauri/R04/T08-E01/negative-tests/n3-missing-evidence-file/evidence/R03_REGRESSION/R02/A09_A10/probe-matrix.jsonl
4117cf38bb252212d1b033d9bc7d9e7da277d40418cb9e3ba5b871563c45cf1f  ??  artifacts/rust-tauri/R04/T08-E01/negative-tests/n3-missing-evidence-file/evidence/R03_REGRESSION/R02/A09_A10/service.err
f0abaa6c5ffcb0500c5ba36a273338a45b213c98f1beccbdeaa8ea8b689141b8  ??  artifacts/rust-tauri/R04/T08-E01/negative-tests/n3-missing-evidence-file/evidence/R03_REGRESSION/R02/A09_A10/service.out
fce33cc172666f26118bfa4f56674c7a299f5d7c81d1493239cd5de663670a85  ??  artifacts/rust-tauri/R04/T08-E01/negative-tests/n3-missing-evidence-file/evidence/R03_REGRESSION/R02/A09_A10/summary.txt
dd63f79ce1a39fdef735dbb9eb292c3f8a45db77c2513d3cc7379e5dbe13749e  ??  artifacts/rust-tauri/R04/T08-E01/negative-tests/n3-missing-evidence-file/evidence/R03_REGRESSION/R02/A11/backup-restore/s1-backup-dir-listing.txt
34192971272a7ad090207779ffa63d816226917c9316b845106e85faeecf0c28  ??  artifacts/rust-tauri/R04/T08-E01/negative-tests/n3-missing-evidence-file/evidence/R03_REGRESSION/R02/A11/backup-restore/s1-backup-outcome.json
e3b0c44298fc1c149afbf4c8996fb92427ae41e4649b934ca495991b7852b855  ??  artifacts/rust-tauri/R04/T08-E01/negative-tests/n3-missing-evidence-file/evidence/R03_REGRESSION/R02/A11/backup-restore/s1-backup.err
ee5cc1a4d0bda92b69111f7b2fcec0386ad0b338ab455350c339983dfe198a78  ??  artifacts/rust-tauri/R04/T08-E01/negative-tests/n3-missing-evidence-file/evidence/R03_REGRESSION/R02/A11/backup-restore/s1-restore-outcome.json
e3b0c44298fc1c149afbf4c8996fb92427ae41e4649b934ca495991b7852b855  ??  artifacts/rust-tauri/R04/T08-E01/negative-tests/n3-missing-evidence-file/evidence/R03_REGRESSION/R02/A11/backup-restore/s1-restore.err
71676c0aab895ccd9840fd85f573c40d275ad5a5f2205aef52a1375089842fcf  ??  artifacts/rust-tauri/R04/T08-E01/negative-tests/n3-missing-evidence-file/evidence/R03_REGRESSION/R02/A11/backup-restore/s1-restored-dump.jsonl
147bbc44485baf560fd5bba0e7d1201faefb95ffe62934a3858fdbc32778c410  ??  artifacts/rust-tauri/R04/T08-E01/negative-tests/n3-missing-evidence-file/evidence/R03_REGRESSION/R02/A11/backup-restore/s1-restored-hash.txt
71676c0aab895ccd9840fd85f573c40d275ad5a5f2205aef52a1375089842fcf  ??  artifacts/rust-tauri/R04/T08-E01/negative-tests/n3-missing-evidence-file/evidence/R03_REGRESSION/R02/A11/backup-restore/s1-source-dump.jsonl
547556c519b251844c0b147f3948a2dba300c42020cdebb50315937652bab2f8  ??  artifacts/rust-tauri/R04/T08-E01/negative-tests/n3-missing-evidence-file/evidence/R03_REGRESSION/R02/A11/backup-restore/s1-source-hash.txt
951e1f2cedf4a978898a4f9e620777561b8381ece9faf4223f8594a201f47f74  ??  artifacts/rust-tauri/R04/T08-E01/negative-tests/n3-missing-evidence-file/evidence/R03_REGRESSION/R02/A11/backup-restore/s1-wal-size.txt
e3b0c44298fc1c149afbf4c8996fb92427ae41e4649b934ca495991b7852b855  ??  artifacts/rust-tauri/R04/T08-E01/negative-tests/n3-missing-evidence-file/evidence/R03_REGRESSION/R02/A11/backup-restore/s3-backup-out.json
f8cf1d554c0b7558d4dab7bef71f095ea1863df4149cfe80f56032b3a5efc12b  ??  artifacts/rust-tauri/R04/T08-E01/negative-tests/n3-missing-evidence-file/evidence/R03_REGRESSION/R02/A11/backup-restore/s3-backup.err
9b33c4d50a9f7a0434980244454a85ce4288c7323241cf9ff22c50e6b8f8dd85  ??  artifacts/rust-tauri/R04/T08-E01/negative-tests/n3-missing-evidence-file/evidence/R03_REGRESSION/R02/A11/backup-restore/s4-ws-probe.json
a4c3ed04a95a3da14a9d235c83d868bed7c0f45cf7f3faa751ee8f50598d2211  ??  artifacts/rust-tauri/R04/T08-E01/negative-tests/n3-missing-evidence-file/evidence/R03_REGRESSION/R02/A11/backup-restore/s4-ws-probe.json.probe-done
997de9f1f6a559e68388b22b2b2ef9971c925095767d421787dd42707868aaee  ??  artifacts/rust-tauri/R04/T08-E01/negative-tests/n3-missing-evidence-file/evidence/R03_REGRESSION/R02/A11/backup-restore/service-s1.addr
9cd147f13998067df46d2d312fcd73ade9dc14258534edfd32b9f6251fadbb80  ??  artifacts/rust-tauri/R04/T08-E01/negative-tests/n3-missing-evidence-file/evidence/R03_REGRESSION/R02/A11/backup-restore/service-s1.err
7d4c6d5830fcba83b2733febf37b4960c23f0c9ea0a4d007f885ebc8c049699d  ??  artifacts/rust-tauri/R04/T08-E01/negative-tests/n3-missing-evidence-file/evidence/R03_REGRESSION/R02/A11/backup-restore/service-s1.out
d31897d748af01e085f88e2bc2743478e9876a6f630e39a8d8c29df59314dcfd  ??  artifacts/rust-tauri/R04/T08-E01/negative-tests/n3-missing-evidence-file/evidence/R03_REGRESSION/R02/A11/backup-restore/service-s2.addr
777b72d8477bf48afa81cbfdfdc55d3963aa837dcf94e3832e161f5767ae4833  ??  artifacts/rust-tauri/R04/T08-E01/negative-tests/n3-missing-evidence-file/evidence/R03_REGRESSION/R02/A11/backup-restore/service-s2.err
92fb4a6158fbacc290bddb0fc32e6ae608660c0f875a0bceb0ee5683d3d95cbe  ??  artifacts/rust-tauri/R04/T08-E01/negative-tests/n3-missing-evidence-file/evidence/R03_REGRESSION/R02/A11/backup-restore/service-s2.out
5a5568158c3b32c105cd636ff6124e0fbf6f2d5620103300aafff9464e23338d  ??  artifacts/rust-tauri/R04/T08-E01/negative-tests/n3-missing-evidence-file/evidence/R03_REGRESSION/R02/A11/backup-restore/service-s4.addr
c7d278611231d960f1c31d8149cd679c5b8b5798c0be311a203739d6bf02473b  ??  artifacts/rust-tauri/R04/T08-E01/negative-tests/n3-missing-evidence-file/evidence/R03_REGRESSION/R02/A11/backup-restore/service-s4.err
18a6821d7549567658d9d320fd125331a65708f69a5b4e22900c5c267d1461b7  ??  artifacts/rust-tauri/R04/T08-E01/negative-tests/n3-missing-evidence-file/evidence/R03_REGRESSION/R02/A11/backup-restore/service-s4.out
b081f8c11b86030dae7799e529ad896591bccc5df19173bdd955b7f501712ba4  ??  artifacts/rust-tauri/R04/T08-E01/negative-tests/n3-missing-evidence-file/evidence/R03_REGRESSION/R02/A11/backup-restore/service.pid
7e2e6b484a54ebaec859abb6fb4fe9137fea20c753555d04c9344a7601875172  ??  artifacts/rust-tauri/R04/T08-E01/negative-tests/n3-missing-evidence-file/evidence/R03_REGRESSION/R02/A11/backup-restore/summary.txt
a812a104fa49a845bbf489a307237b6bd14b6afb2380201252cb7ff251914fd6  ??  artifacts/rust-tauri/R04/T08-E01/negative-tests/n3-missing-evidence-file/evidence/R03_REGRESSION/R02/A12/recovery-drill/coexist-after.txt
a812a104fa49a845bbf489a307237b6bd14b6afb2380201252cb7ff251914fd6  ??  artifacts/rust-tauri/R04/T08-E01/negative-tests/n3-missing-evidence-file/evidence/R03_REGRESSION/R02/A12/recovery-drill/coexist-before.txt
4205c2b592d9df1d113429a09b269f50046971c47a998f945c534aee49f7c9ed  ??  artifacts/rust-tauri/R04/T08-E01/negative-tests/n3-missing-evidence-file/evidence/R03_REGRESSION/R02/A12/recovery-drill/own-created-homes.txt
0e0e6d91a7af6900004da1486fd5f59ea3b57f4f38b4946527c163dc75349cc1  ??  artifacts/rust-tauri/R04/T08-E01/negative-tests/n3-missing-evidence-file/evidence/R03_REGRESSION/R02/A12/recovery-drill/summary.txt
7b2f675d535131e9ee3b95eb996b520af42000b1efea572dc62eff72fd758a84  ??  artifacts/rust-tauri/R04/T08-E01/negative-tests/n3-missing-evidence-file/evidence/R03_REGRESSION/R02/A12/recovery-drill/v1-hashes-after.txt
7b2f675d535131e9ee3b95eb996b520af42000b1efea572dc62eff72fd758a84  ??  artifacts/rust-tauri/R04/T08-E01/negative-tests/n3-missing-evidence-file/evidence/R03_REGRESSION/R02/A12/recovery-drill/v1-hashes-before.txt
d2c4e1bda143d529e827bbbe269a491cfcb76c3de8a230526a95d7c7d1bb1b29  ??  artifacts/rust-tauri/R04/T08-E01/negative-tests/n3-missing-evidence-file/evidence/R03_REGRESSION/R02/A12/recovery-drill/v1.err
e3b0c44298fc1c149afbf4c8996fb92427ae41e4649b934ca495991b7852b855  ??  artifacts/rust-tauri/R04/T08-E01/negative-tests/n3-missing-evidence-file/evidence/R03_REGRESSION/R02/A12/recovery-drill/v1.out
fcb269f1fc43e20619871bab0f6e464d30773313e55b17f725fc62249ab521be  ??  artifacts/rust-tauri/R04/T08-E01/negative-tests/n3-missing-evidence-file/evidence/R03_REGRESSION/R02/A12/recovery-drill/v2-hashes-after.txt
fcb269f1fc43e20619871bab0f6e464d30773313e55b17f725fc62249ab521be  ??  artifacts/rust-tauri/R04/T08-E01/negative-tests/n3-missing-evidence-file/evidence/R03_REGRESSION/R02/A12/recovery-drill/v2-hashes-before.txt
35f00c8a1a8e6929a1ffb87b7cafa62bfee1be5a6ee98f19a82068df16a6c45a  ??  artifacts/rust-tauri/R04/T08-E01/negative-tests/n3-missing-evidence-file/evidence/R03_REGRESSION/R02/A12/recovery-drill/v2.err
e3b0c44298fc1c149afbf4c8996fb92427ae41e4649b934ca495991b7852b855  ??  artifacts/rust-tauri/R04/T08-E01/negative-tests/n3-missing-evidence-file/evidence/R03_REGRESSION/R02/A12/recovery-drill/v2.out
a33ffd69acb495d9a221778bb2317e4cef00e4d752d794b9c1267890666ec43d  ??  artifacts/rust-tauri/R04/T08-E01/negative-tests/n3-missing-evidence-file/evidence/R03_REGRESSION/R02/A12/recovery-drill/v3-hashes-after.txt
a33ffd69acb495d9a221778bb2317e4cef00e4d752d794b9c1267890666ec43d  ??  artifacts/rust-tauri/R04/T08-E01/negative-tests/n3-missing-evidence-file/evidence/R03_REGRESSION/R02/A12/recovery-drill/v3-hashes-before.txt
862fdddda5efa1b8aa92f71628c77c2d15b4c249970bfa163a8eb5ed43fb93cb  ??  artifacts/rust-tauri/R04/T08-E01/negative-tests/n3-missing-evidence-file/evidence/R03_REGRESSION/R02/A12/recovery-drill/v3.err
e3b0c44298fc1c149afbf4c8996fb92427ae41e4649b934ca495991b7852b855  ??  artifacts/rust-tauri/R04/T08-E01/negative-tests/n3-missing-evidence-file/evidence/R03_REGRESSION/R02/A12/recovery-drill/v3.out
05b1a80448930bef9aac9d0ffa735da4d2191030dd353a25e328ec5cd8067cda  ??  artifacts/rust-tauri/R04/T08-E01/negative-tests/n3-missing-evidence-file/evidence/R03_REGRESSION/R02/A12/recovery-drill/v4.err
2d02d086b5bb884663c309f4d8a05a76ba822f67597c82b5dbf7de7a610e219a  ??  artifacts/rust-tauri/R04/T08-E01/negative-tests/n3-missing-evidence-file/evidence/R03_REGRESSION/R02/A12/recovery-drill/v4.out
18161012c12955a2a418960d6a4d0cc2776c4e9c7491ac1836d786de6f6ac134  ??  artifacts/rust-tauri/R04/T08-E01/negative-tests/n3-missing-evidence-file/evidence/R03_REGRESSION/R02/A12/recovery-drill/v5-hashes-after.txt
18161012c12955a2a418960d6a4d0cc2776c4e9c7491ac1836d786de6f6ac134  ??  artifacts/rust-tauri/R04/T08-E01/negative-tests/n3-missing-evidence-file/evidence/R03_REGRESSION/R02/A12/recovery-drill/v5-hashes-before.txt
6659abae671d09d3df4c4a164389b911b6a31dbb8c2ea8829c8805b89d0156de  ??  artifacts/rust-tauri/R04/T08-E01/negative-tests/n3-missing-evidence-file/evidence/R03_REGRESSION/R02/A12/recovery-drill/v5.err
e3b0c44298fc1c149afbf4c8996fb92427ae41e4649b934ca495991b7852b855  ??  artifacts/rust-tauri/R04/T08-E01/negative-tests/n3-missing-evidence-file/evidence/R03_REGRESSION/R02/A12/recovery-drill/v5.out
2323edc0ed0508ba50a65acf3aa756d33dce6400d6eef9a69fa99d63eebe49ca  ??  artifacts/rust-tauri/R04/T08-E01/negative-tests/n3-missing-evidence-file/evidence/R03_REGRESSION/R02/A12/recovery-drill/v6-recovered-dump.jsonl
27badc983df1780b60c2b3fa9d3a19a00e46aac798451f0febdca52920faaddf  ??  artifacts/rust-tauri/R04/T08-E01/negative-tests/n3-missing-evidence-file/evidence/R03_REGRESSION/R02/A12/recovery-drill/v6-seed-execute.txt
d18961851c29cd3cff061b178851a441bd86b6d670594a33552230b939512001  ??  artifacts/rust-tauri/R04/T08-E01/negative-tests/n3-missing-evidence-file/evidence/R03_REGRESSION/R02/A12/recovery-drill/v6-seed.err
dc4292ba92a44a59c5b6a875504683bd9a9fb9a3152b2eae525df80fedcf0712  ??  artifacts/rust-tauri/R04/T08-E01/negative-tests/n3-missing-evidence-file/evidence/R03_REGRESSION/R02/A12/recovery-drill/v6-seed.out
1b1807240253fba79ceb8f6e2912a442cd6787077c770ac57af72dccb0a1de2c  ??  artifacts/rust-tauri/R04/T08-E01/negative-tests/n3-missing-evidence-file/evidence/R03_REGRESSION/R02/A12/recovery-drill/v6.err
208f2d2d5fd7a63db614191e830b7e305608aa77245e98be127ee0aaf290c270  ??  artifacts/rust-tauri/R04/T08-E01/negative-tests/n3-missing-evidence-file/evidence/R03_REGRESSION/R02/A12/recovery-drill/v6.out
da2df37d2c64b7c03594c9f0008813693674f1985a7063efdef9fabe2ff5e485  ??  artifacts/rust-tauri/R04/T08-E01/negative-tests/n3-missing-evidence-file/evidence/R03_REGRESSION/R02/A12/recovery-drill/v7-hashes-after.txt
da2df37d2c64b7c03594c9f0008813693674f1985a7063efdef9fabe2ff5e485  ??  artifacts/rust-tauri/R04/T08-E01/negative-tests/n3-missing-evidence-file/evidence/R03_REGRESSION/R02/A12/recovery-drill/v7-hashes-before.txt
52447356489143e754a14ddf95fc88e38a7a1e2ccd736ac91a234b096f875ce1  ??  artifacts/rust-tauri/R04/T08-E01/negative-tests/n3-missing-evidence-file/evidence/R03_REGRESSION/R02/A12/recovery-drill/v7-seed.err
29e6a072c1a70a80fd2027aa9617debd661443a88f942eff8aadaffb951051ef  ??  artifacts/rust-tauri/R04/T08-E01/negative-tests/n3-missing-evidence-file/evidence/R03_REGRESSION/R02/A12/recovery-drill/v7-seed.out
86bfc21aa074bc5f3c9c8a8a171083785d59e70b85221cbefa9f54e42ba05b1f  ??  artifacts/rust-tauri/R04/T08-E01/negative-tests/n3-missing-evidence-file/evidence/R03_REGRESSION/R02/A12/recovery-drill/v7.err
e3b0c44298fc1c149afbf4c8996fb92427ae41e4649b934ca495991b7852b855  ??  artifacts/rust-tauri/R04/T08-E01/negative-tests/n3-missing-evidence-file/evidence/R03_REGRESSION/R02/A12/recovery-drill/v7.out
d7063202aff41a6616744c10652d3816747139c7b9f74bb21e711bb47b78b032  ??  artifacts/rust-tauri/R04/T08-E01/negative-tests/n3-missing-evidence-file/evidence/R03_REGRESSION/R02/A12/recovery-drill/v8-observed.err
7005dbb9366c8973ed9fbe001483638bb1f3e5a5cf1ebe427ec3b9dae86a892c  ??  artifacts/rust-tauri/R04/T08-E01/negative-tests/n3-missing-evidence-file/evidence/R03_REGRESSION/R02/A12/recovery-drill/v8-seed.err
083579d26931b99294387f1d513f07d634750efda8f7334eef3fadf46264728f  ??  artifacts/rust-tauri/R04/T08-E01/negative-tests/n3-missing-evidence-file/evidence/R03_REGRESSION/R02/A12/recovery-drill/v8-seed.out
d7063202aff41a6616744c10652d3816747139c7b9f74bb21e711bb47b78b032  ??  artifacts/rust-tauri/R04/T08-E01/negative-tests/n3-missing-evidence-file/evidence/R03_REGRESSION/R02/A12/recovery-drill/v8.err
8b967fdda1d0394de91a4b172ecb3eefb221ee63767534ca11785bdef133f77a  ??  artifacts/rust-tauri/R04/T08-E01/negative-tests/n3-missing-evidence-file/evidence/R03_REGRESSION/R02/A12/recovery-drill/v8.out
2fe798f99207825ea6ada4fdc39c67c3ff209a16cda4813b3e1214b35e7f6f6e  ??  artifacts/rust-tauri/R04/T08-E01/negative-tests/n3-missing-evidence-file/evidence/R03_REGRESSION/R02/A15/full-chain/pre-restart-head.json
e3b0c44298fc1c149afbf4c8996fb92427ae41e4649b934ca495991b7852b855  ??  artifacts/rust-tauri/R04/T08-E01/negative-tests/n3-missing-evidence-file/evidence/R03_REGRESSION/R02/A15/full-chain/probe1.err
f7ee23d7ad69ba0e29f46aec07773a49ab741a4f89cc9f8ba665a3a6b215c319  ??  artifacts/rust-tauri/R04/T08-E01/negative-tests/n3-missing-evidence-file/evidence/R03_REGRESSION/R02/A15/full-chain/probe1.pass-lines
e3b0c44298fc1c149afbf4c8996fb92427ae41e4649b934ca495991b7852b855  ??  artifacts/rust-tauri/R04/T08-E01/negative-tests/n3-missing-evidence-file/evidence/R03_REGRESSION/R02/A15/full-chain/probe2.err
28a411dc95be7e6596d2954fdbecf8eb034d9f8dc1248ab1d111c07c1c218b89  ??  artifacts/rust-tauri/R04/T08-E01/negative-tests/n3-missing-evidence-file/evidence/R03_REGRESSION/R02/A15/full-chain/probe2.pass-lines
d84355cacea831be4eb0c05cf41299c0e6af42549046bc44a667c40e2d331256  ??  artifacts/rust-tauri/R04/T08-E01/negative-tests/n3-missing-evidence-file/evidence/R03_REGRESSION/R02/A15/full-chain/service1.err
8468805b8aaa40e5764c67ee656dfceb921b24a6e7650697074b317f0b4021de  ??  artifacts/rust-tauri/R04/T08-E01/negative-tests/n3-missing-evidence-file/evidence/R03_REGRESSION/R02/A15/full-chain/service1.out
ea8bd22db14a9f8cd5d0b3fbe4f9b50785913b5140c30078a8a6e625a2269f6b  ??  artifacts/rust-tauri/R04/T08-E01/negative-tests/n3-missing-evidence-file/evidence/R03_REGRESSION/R02/A15/full-chain/service2.err
91e02b5c9617513b802c3e1284bfae6d5870f892f65b13af54eaa70326a77cee  ??  artifacts/rust-tauri/R04/T08-E01/negative-tests/n3-missing-evidence-file/evidence/R03_REGRESSION/R02/A15/full-chain/service2.out
9d8545d1bc2cdc89a5134cdec144b5590bbfcacc7538e674a325a7fe3cd56e37  ??  artifacts/rust-tauri/R04/T08-E01/negative-tests/n3-missing-evidence-file/evidence/R03_REGRESSION/R02/A15/full-chain/summary.txt
74360d01fb6142b55f9153293c0e6bb4efcd764ac578265a3272185850c6cd34  ??  artifacts/rust-tauri/R04/T08-E01/negative-tests/n3-missing-evidence-file/evidence/R03_REGRESSION/R02/A16/legacy-entry/e0-candidate-binding.tsv
10aa7b2e76f9c92492448f4210e42db2e2edcaba91fe63395032cc993135c7b9  ??  artifacts/rust-tauri/R04/T08-E01/negative-tests/n3-missing-evidence-file/evidence/R03_REGRESSION/R02/A16/legacy-entry/e0-candidate-dirty.diff
74a6b4972675bd825b75f6fc7447698377488ebca55dc2eef6822385ee61d16f  ??  artifacts/rust-tauri/R04/T08-E01/negative-tests/n3-missing-evidence-file/evidence/R03_REGRESSION/R02/A16/legacy-entry/e0-candidate-dirty.txt
726549543c65d9d385f217246ae576ec7f9684c1290f168ae973240ceaf3a7bd  ??  artifacts/rust-tauri/R04/T08-E01/negative-tests/n3-missing-evidence-file/evidence/R03_REGRESSION/R02/A16/legacy-entry/summary.txt
483e2841c7277bd5fc3e4f4bf2abe23385e604e1b0f3510ce19dc3e04f3a8973  ??  artifacts/rust-tauri/R04/T08-E01/negative-tests/n3-missing-evidence-file/evidence/R03_REGRESSION/candidate-source-after.json
483e2841c7277bd5fc3e4f4bf2abe23385e604e1b0f3510ce19dc3e04f3a8973  ??  artifacts/rust-tauri/R04/T08-E01/negative-tests/n3-missing-evidence-file/evidence/R03_REGRESSION/candidate-source-before.json
3af58aa74a4e9b2fe1b2e31bc4d302a8d166a447ff091e6b023885f0fd16cee5  ??  artifacts/rust-tauri/R04/T08-E01/negative-tests/n3-missing-evidence-file/evidence/R03_REGRESSION/verify-stage-result.json
10a16641e3405663989bf586c36c94e6522cc9932c30df552a4cb308377a9676  ??  artifacts/rust-tauri/R04/T08-E01/negative-tests/n3-missing-evidence-file/evidence/R04_MATRIX/cases/a15-directory-claim-refused.json
09f385efaedc793ea498845967037cfcbfc0fe2c163104737d7ff99e880e98bc  ??  artifacts/rust-tauri/R04/T08-E01/negative-tests/n3-missing-evidence-file/evidence/R04_MATRIX/cases/a15-gateway-audit-directory-ref-failed.json
d0df7dade822790f5735f4ebef501e03b8aa905318cb8a60905b81715d427965  ??  artifacts/rust-tauri/R04/T08-E01/negative-tests/n3-missing-evidence-file/evidence/R04_MATRIX/cases/a15-gateway-audit-fake-ref-failed.json
a0800cd68927a3e79f38730d4c55036813c6947a5675713428917d03a1b44145  ??  artifacts/rust-tauri/R04/T08-E01/negative-tests/n3-missing-evidence-file/evidence/R04_MATRIX/cases/a15-gateway-audit-real-ref-passes.json
8f9b212963fdfce437456018df1536c00c82aa2118f3c3af37532e979ed04f2b  ??  artifacts/rust-tauri/R04/T08-E01/negative-tests/n3-missing-evidence-file/evidence/R04_MATRIX/cases/a15-missing-claim-refused.json
04245f14680505fadaf81819e4b39818cf0d629654f8733039a6ac2e8d68bb98  ??  artifacts/rust-tauri/R04/T08-E01/negative-tests/n3-missing-evidence-file/evidence/R04_MATRIX/cases/a15-out-of-grant-claim-refused.json
e4bb14f7a842ae22ee91e7b3bebdfcc5273aec1410f84eb90970f2bc4dc3fc91  ??  artifacts/rust-tauri/R04/T08-E01/negative-tests/n3-missing-evidence-file/evidence/R04_MATRIX/cases/a15-real-delivery-registered.json
6895d6a72b4da91d630223ce6ad2b8320db84534f721b5748ac0f487c1a29223  ??  artifacts/rust-tauri/R04/T08-E01/negative-tests/n3-missing-evidence-file/evidence/R04_MATRIX/cases/a15-structure-violation-refused.json
94c57b04cb80a3ce8932e58d775b4aaa85affa76e33e34512e4a0bc47ade49a9  ??  artifacts/rust-tauri/R04/T08-E01/negative-tests/n3-missing-evidence-file/evidence/R04_MATRIX/cases/a16-alias-route-covered.json
506ae3c069a2a967546a4ca114bf3e15abac6ebcdb0f7e35b359b12c1cde92b5  ??  artifacts/rust-tauri/R04/T08-E01/negative-tests/n3-missing-evidence-file/evidence/R04_MATRIX/cases/a16-history-preserved.json
901361017912bc20e016d13a2a4f8d701ddee123481ac52c440c176b6d9510aa  ??  artifacts/rust-tauri/R04/T08-E01/negative-tests/n3-missing-evidence-file/evidence/R04_MATRIX/cases/approval-answer-executes-once.json
bd45162c41ae2eec362f6f35bc50015ae2a8266f70ce5f91d5c45e5ad8053270  ??  artifacts/rust-tauri/R04/T08-E01/negative-tests/n3-missing-evidence-file/evidence/R04_MATRIX/cases/approval-duplicate-idempotent.json
bababcc7f3e64579d35c9259a419a674630e4e549217be76c41f04eda4f0bcdc  ??  artifacts/rust-tauri/R04/T08-E01/negative-tests/n3-missing-evidence-file/evidence/R04_MATRIX/cases/approval-reject-zero-dispatch.json
20fd6bee69494fece169e2b99ea1e3085ddffbb071d88ebc23f7dcaeb412c721  ??  artifacts/rust-tauri/R04/T08-E01/negative-tests/n3-missing-evidence-file/evidence/R04_MATRIX/cases/catalog-face-lists-mcp-tools-with-permission.json
a6740bd82388993cca6d0b79d294334e6ad84438d23b819303e84cb2670999df  ??  artifacts/rust-tauri/R04/T08-E01/negative-tests/n3-missing-evidence-file/evidence/R04_MATRIX/cases/future-tool-shape-ast_edit-discoverable-not-callable.json
821137c4819111c5cab65e31fe33146b843d4bc963a7ae66bf3c6139aab4dc68  ??  artifacts/rust-tauri/R04/T08-E01/negative-tests/n3-missing-evidence-file/evidence/R04_MATRIX/cases/future-tool-shape-ast_grep-discoverable-not-callable.json
9827cfcbf4ea963126bc89e02f8247506844fc54c5a0d9086547106cafdcdefd  ??  artifacts/rust-tauri/R04/T08-E01/negative-tests/n3-missing-evidence-file/evidence/R04_MATRIX/cases/future-tool-shape-file-discoverable-not-callable.json
cb8e2db3b924a24b0bf8d611b22015f3a2a10ccc3f6ee16a819bc9388379c7f3  ??  artifacts/rust-tauri/R04/T08-E01/negative-tests/n3-missing-evidence-file/evidence/R04_MATRIX/cases/future-tool-shape-find-discoverable-not-callable.json
1c192846cc1d07ba6864e5dd594b97a48f402ab5519fca2040ecc7edc3d3fd02  ??  artifacts/rust-tauri/R04/T08-E01/negative-tests/n3-missing-evidence-file/evidence/R04_MATRIX/cases/future-tool-shape-grep-discoverable-not-callable.json
bbe14f10f21cc0a2c306c3554804930c3bf5b13c66b6b90cf1c79b465e394c3b  ??  artifacts/rust-tauri/R04/T08-E01/negative-tests/n3-missing-evidence-file/evidence/R04_MATRIX/cases/future-tool-shape-ls-discoverable-not-callable.json
a9b97d5170fb12a3359bdde03aa8fdfc8fe089399cd5f1dc3810dacaf5ac5653  ??  artifacts/rust-tauri/R04/T08-E01/negative-tests/n3-missing-evidence-file/evidence/R04_MATRIX/cases/future-tool-shape-lsp-discoverable-not-callable.json
6bc884d530bd7615a63e4dd9241155689273f4f9c70ccc044e2d91afc8eba4f1  ??  artifacts/rust-tauri/R04/T08-E01/negative-tests/n3-missing-evidence-file/evidence/R04_MATRIX/cases/future-tool-shape-materialize-discoverable-not-callable.json
5904c81036b270e82834b8084ca4b8b9b4492957d7d3ac5a83328f9bdc84b538  ??  artifacts/rust-tauri/R04/T08-E01/negative-tests/n3-missing-evidence-file/evidence/R04_MATRIX/cases/future-tool-shape-run_code-discoverable-not-callable.json
c9d67aa6d2f3fce41a3a011e42ac47399824eae28c54e2b89cf0bdae0dbf8052  ??  artifacts/rust-tauri/R04/T08-E01/negative-tests/n3-missing-evidence-file/evidence/R04_MATRIX/cases/future-tool-shape-security_scan-discoverable-not-callable.json
6cf1880613144cb8b359bd1c195f561f79c42836315ec94767b2336f24a9b783  ??  artifacts/rust-tauri/R04/T08-E01/negative-tests/n3-missing-evidence-file/evidence/R04_MATRIX/cases/future-tool-shape-stage_files-discoverable-not-callable.json
87164a841282a81c7b614451f88f157e89c03336043524a16637aa848d201f59  ??  artifacts/rust-tauri/R04/T08-E01/negative-tests/n3-missing-evidence-file/evidence/R04_MATRIX/cases/gateway-each-call-independent-permission.json
7d3631b38221c7c56e5b77793921c4de3ab067e7097d1c77131e73a3dadb0ce5  ??  artifacts/rust-tauri/R04/T08-E01/negative-tests/n3-missing-evidence-file/evidence/R04_MATRIX/cases/matrix-lifecycle-disable-holes.json
52e2294d2db41ba60884ca74bedd63d9e196def8ea43623c327cf7579c72e6e0  ??  artifacts/rust-tauri/R04/T08-E01/negative-tests/n3-missing-evidence-file/evidence/R04_MATRIX/cases/matrix-lifecycle-generation-refusals.json
710d96abbd53795e2f40639001eee2454a6ce7e5a285c883f9cd62f1b58ebda9  ??  artifacts/rust-tauri/R04/T08-E01/negative-tests/n3-missing-evidence-file/evidence/R04_MATRIX/cases/matrix-lifecycle-uninstall-holes.json
23c16612d569bb60e563215b453c022203ab19f05298ce7c9a3fc080da10b7d2  ??  artifacts/rust-tauri/R04/T08-E01/negative-tests/n3-missing-evidence-file/evidence/R04_MATRIX/cases/matrix-permission-consistency.json
d475fb8c9114bfdf95de5cc202da903bf354241d13f071bce870d8ba2502fd60  ??  artifacts/rust-tauri/R04/T08-E01/negative-tests/n3-missing-evidence-file/evidence/R04_MATRIX/cases/matrix-route-consistency.json
2b451a4a1fd773fba2e107116235dd5f28a06d104c7f7450f221f662510fc070  ??  artifacts/rust-tauri/R04/T08-E01/negative-tests/n3-missing-evidence-file/evidence/R04_MATRIX/cases/matrix-tool-family-count.json
1e442f90436b22848aeb3329ce35c020def0d74ba7d6bbc49eb983573e8e708d  ??  artifacts/rust-tauri/R04/T08-E01/negative-tests/n3-missing-evidence-file/evidence/R04_MATRIX/cases/mcp-connector-catalog-sync.json
02be7eb700e551cb0a000177a0e033872c65ad8b5ef7f46d66c014ecf3fb7150  ??  artifacts/rust-tauri/R04/T08-E01/negative-tests/n3-missing-evidence-file/evidence/R04_MATRIX/cases/mcp-connector-register-handshake.json
905e6508c4c99929579667bd3184014916a117d7522917621f1aea839bdd039e  ??  artifacts/rust-tauri/R04/T08-E01/negative-tests/n3-missing-evidence-file/evidence/R04_MATRIX/cases/mcp-describe-real-identity.json
42c719e1d9f2fdae556b08414f6facea228b729210f804971fb1f41772e1ec5f  ??  artifacts/rust-tauri/R04/T08-E01/negative-tests/n3-missing-evidence-file/evidence/R04_MATRIX/cases/mcp-search-namespaced.json
dfbc531d38332ae34bc27eef48d7c96103f6f7b0cf55e51377608e95deffabc9  ??  artifacts/rust-tauri/R04/T08-E01/negative-tests/n3-missing-evidence-file/evidence/R04_MATRIX/cases/mcp-tool-call-full-chain.json
916eba77e6c3a4f9a8bf58bdf3a14d110fe9b75b22aa316ce7a47412c013fa04  ??  artifacts/rust-tauri/R04/T08-E01/negative-tests/n3-missing-evidence-file/evidence/R04_MATRIX/cases/mcp-tool-permission-face.json
c3f30127a40dfa980a32479cec6547074c067a4d8cd61e858b0aa7dc095455b3  ??  artifacts/rust-tauri/R04/T08-E01/negative-tests/n3-missing-evidence-file/evidence/R04_MATRIX/cases/permission-face-modes-verifiable.json
c51a56cfdce860c73de8e015f088d38b31bbf8e373a0dc6e1c8e43f9b5f80a2c  ??  artifacts/rust-tauri/R04/T08-E01/negative-tests/n3-missing-evidence-file/evidence/R04_MATRIX/cases/preauthorization-single-session-scoped.json
eefd602104c2c290f3a2704acec9cf3923cbf072e0e9ac1e5dad4b1103794f05  ??  artifacts/rust-tauri/R04/T08-E01/negative-tests/n3-missing-evidence-file/evidence/R04_MATRIX/cases/semantics-cancel-leaves-no-fabricated-receipt.json
1c8fced2b48030b05d00ab397c3aa0470c4f068287f841b1c7e53778b43e038d  ??  artifacts/rust-tauri/R04/T08-E01/negative-tests/n3-missing-evidence-file/evidence/R04_MATRIX/cases/semantics-failed-never-dispatched-receipt.json
220379bb262285fad8e6314d35a23f12ba26fcb0e501fe2431141c1a4d28a5a2  ??  artifacts/rust-tauri/R04/T08-E01/negative-tests/n3-missing-evidence-file/evidence/R04_MATRIX/cases/semantics-success-receipt-dispatched.json
8337cc9f0c6c3a4eeb0b4beb6ff1d93acd40878d92c9f16c4649942469017888  ??  artifacts/rust-tauri/R04/T08-E01/negative-tests/n3-missing-evidence-file/evidence/R04_MATRIX/cases/semantics-unknown-receipt-honest.json
cb89e56a59ac812a63576832232489b328ac7abf8041df762e7b1af1e2caa95d  ??  artifacts/rust-tauri/R04/T08-E01/negative-tests/n3-missing-evidence-file/evidence/R04_MATRIX/cases/sup01-ask-subagent-write-refused.json
1b21930f6737d6935a82328d4afb7b4fd7b439c107b48d01b29e4cdfa7399015  ??  artifacts/rust-tauri/R04/T08-E01/negative-tests/n3-missing-evidence-file/evidence/R04_MATRIX/cases/terminal-close-stops-terminal.json
59095540a473b474ab918f20eb08986f6bbb6cbfd08c49b9810963ae37407de5  ??  artifacts/rust-tauri/R04/T08-E01/negative-tests/n3-missing-evidence-file/evidence/R04_MATRIX/cases/terminal-snapshot-current-transcript.json
004a41eae978391bad56ebe5c3e6d2ced1a2c02eda01a37f79abc8867cb5a063  ??  artifacts/rust-tauri/R04/T08-E01/negative-tests/n3-missing-evidence-file/evidence/R04_MATRIX/cases/terminal-tail-cursor-continuation.json
16870fec4c31cd9e67e56d3328c74d20f9213a2e96113c28be3d7f7fe0d28979  ??  artifacts/rust-tauri/R04/T08-E01/negative-tests/n3-missing-evidence-file/evidence/R04_MATRIX/cases/tool-edit-conflict-preserves-user-version.json
bb810a38ce8bfbcafc0d64e1fc2831a08e952dfdc4a057fd99166ef589df1032  ??  artifacts/rust-tauri/R04/T08-E01/negative-tests/n3-missing-evidence-file/evidence/R04_MATRIX/cases/tool-edit-real-chain.json
bec2c6d085918085fb7eb01f8ec54ea53681b68aa489b59bc0a8e9b272c5c02e  ??  artifacts/rust-tauri/R04/T08-E01/negative-tests/n3-missing-evidence-file/evidence/R04_MATRIX/cases/tool-exec-cancel-cleanup.json
c0341bc7ba746aaa51754e5650264b1d7d55e93d55ea2a03df67769834825bcc  ??  artifacts/rust-tauri/R04/T08-E01/negative-tests/n3-missing-evidence-file/evidence/R04_MATRIX/cases/tool-exec-command-real-chain.json
e990fcd2da49cb923f667ea1714cfea3f69c8f3bd0002416761b93ab35d87ec3  ??  artifacts/rust-tauri/R04/T08-E01/negative-tests/n3-missing-evidence-file/evidence/R04_MATRIX/cases/tool-read-real-chain.json
ea288f832ccf584b20e6d0ef80d0116568fd2c989aff55d985adce98266f5f62  ??  artifacts/rust-tauri/R04/T08-E01/negative-tests/n3-missing-evidence-file/evidence/R04_MATRIX/cases/tool-write-real-chain.json
52e2d9bbf2b9890f5b4d03bf7c27cfb6c82322790e254fc813b47b7f093d939f  ??  artifacts/rust-tauri/R04/T08-E01/negative-tests/n3-missing-evidence-file/evidence/R04_MATRIX/cases/tool-write-stdin-continuation.json
83f514b83ad20e51f11205b345ebcce85d4423a69379cb2a9804c8ceaf07a027  ??  artifacts/rust-tauri/R04/T08-E01/negative-tests/n3-missing-evidence-file/evidence/R04_MATRIX/cases/tool-write-stdin-foreign-writes.json
c471fa08013c67ab99fb67a5e4e430f83cfc349758cdc601fb53e35b1ee28397  ??  artifacts/rust-tauri/R04/T08-E01/negative-tests/n3-missing-evidence-file/evidence/R04_MATRIX/leaf-cases.json
1dbc5972065a848f6d2d8456df0891660c2c695ca72f24c3d4bd7fde395b462e  ??  artifacts/rust-tauri/R04/T08-E01/negative-tests/n3-missing-evidence-file/evidence/R04_MATRIX/matrix-counts.json
814516da5a440d3048e0d91264b14796ba6c568851e0dc18eccbd2ea0091bd04  ??  artifacts/rust-tauri/R04/T08-E01/negative-tests/n3-missing-evidence-file/evidence/R04_MATRIX/summary.txt
483e2841c7277bd5fc3e4f4bf2abe23385e604e1b0f3510ce19dc3e04f3a8973  ??  artifacts/rust-tauri/R04/T08-E01/negative-tests/n3-missing-evidence-file/evidence/candidate-source-after.json
483e2841c7277bd5fc3e4f4bf2abe23385e604e1b0f3510ce19dc3e04f3a8973  ??  artifacts/rust-tauri/R04/T08-E01/negative-tests/n3-missing-evidence-file/evidence/candidate-source-before.json
39652118f66530f3bff66c189a3baf983aaab652c0ea41704d8cafed53d4a90c  ??  artifacts/rust-tauri/R04/T08-E01/negative-tests/n3-missing-evidence-file/evidence/verify-stage-result.json
4355a46b19d348dc2f57c046f8ef63d4538ebb936000f3c9ee954a27460dd865  ??  artifacts/rust-tauri/R04/T08-E01/negative-tests/n3-missing-evidence-file/exit-code.txt
39b8dc3fc8b44765c8e6f1adee04c5b465e555ab791cc42d0d9e810d5b64297c  ??  artifacts/rust-tauri/R04/T08-E01/negative-tests/n4-delete-sup-scenario/exit-code.txt
cfa4d175039778bbebfc1339f18a9aeaf345922d4d305489908c0ada5be28262  ??  artifacts/rust-tauri/R04/T08-E01/negative-tests/pristine/R04.json
cca8b19f38bd8b061b2f7c5a52ecf27ef30ef58b80c3caa54fbf3b56190ebd4a  ??  artifacts/rust-tauri/R04/T08-E01/negative-tests/pristine/r04_t08_matrix.sh
49b5a853e8b4af41cc313f0525f3ae8d4bae6e5246bf39c679389d4c70326e34  ??  artifacts/rust-tauri/R04/T08-E01/negative-tests/summary.txt
27d5fbce0e2b19ea17df5c9da9ff770a670f61773078a641caaca5d8029cbe99  ??  artifacts/rust-tauri/R04/T08-E01/t07f1_after_fix_15runs.txt
645b02eaa17d54ddc69913b3c4a039306f0f2aa0f2a1d53713e7ec6afe208705  ??  artifacts/rust-tauri/R04/T08-E01/t07f1_panic_signature.txt
f5b0981175fe9bd307c7bb4e8dcb8490cfa58585d62d9c3e2f7eb03e4e875e54  ??  artifacts/rust-tauri/R04/T08-E01/verify-R04/R03_REGRESSION/A15/cases/background-run-completes-decoupled.json
fda5f46e011354371ff149d97818d48d3b78dca205e17e8a7b39dba1cb4013e6  ??  artifacts/rust-tauri/R04/T08-E01/verify-R04/R03_REGRESSION/A15/cases/background-survives-unrelated-cancel.json
92eebd1162583e5ed42a8e61a80b5c84e94753ed6562c35c930ebb65f6e23f01  ??  artifacts/rust-tauri/R04/T08-E01/verify-R04/R03_REGRESSION/A15/cases/cancel-live-run-accepted-terminal-cancelled.json
edc380e78d3b8f95b51f12c2bbfcb702760327da3f20bd6c9f456b5c7e0934de  ??  artifacts/rust-tauri/R04/T08-E01/verify-R04/R03_REGRESSION/A15/cases/cancel-terminal-run-already-terminal.json
e320e539d701e4f285fcff1a42629b28016fa5f103e77fccb5c1ddf921155742  ??  artifacts/rust-tauri/R04/T08-E01/verify-R04/R03_REGRESSION/A15/cases/cancel-unknown-run-not-found.json
a513a19cd5ca9bc857d2e01c9be7ec61e3e5677e7d1948db618b31fb7aba127a  ??  artifacts/rust-tauri/R04/T08-E01/verify-R04/R03_REGRESSION/A15/cases/cancel-waiting-approval-cancels-cleanly.json
602b436fbd1f0de778ca086853030197fe28a3fde1a5f694ebea64e4f8779c8a  ??  artifacts/rust-tauri/R04/T08-E01/verify-R04/R03_REGRESSION/A15/cases/combo-cancel-stream-terminal-cancelled.json
b24ff9cdbb08092492dd68815bdf3c4a6f38c8e2a42cd79c30abbfcacdfef745  ??  artifacts/rust-tauri/R04/T08-E01/verify-R04/R03_REGRESSION/A15/cases/combo-crash-recovery-honest-interrupted.json
d9e8dea9429b0f0c9fc86be7f31dcd96b4b227e1174dcdea6d1f00b177ec2987  ??  artifacts/rust-tauri/R04/T08-E01/verify-R04/R03_REGRESSION/A15/cases/combo-cross-session-both-complete.json
106bebd1aa293f120bb83f22b33de1e19ae817a4963587e2ee17be8731293349  ??  artifacts/rust-tauri/R04/T08-E01/verify-R04/R03_REGRESSION/A15/cases/combo-duplicate-conflict-rejected.json
eafb37ffcb4d76d45d58a64d80d9ef413064c1f979d64ba1cc2e609d147963fc  ??  artifacts/rust-tauri/R04/T08-E01/verify-R04/R03_REGRESSION/A15/cases/combo-duplicate-replay-no-second-run.json
346e6cb6ae16f125e4bbfdbf24d2bbcf63c92fa9642b2676fa06a78bfa1e8fdb  ??  artifacts/rust-tauri/R04/T08-E01/verify-R04/R03_REGRESSION/A15/cases/combo-events-subscriber-saw-terminal.json
97a0c8f8404d1c042f8f7efd240d5d5f5446103b21bcccf9c5c90461b6082043  ??  artifacts/rust-tauri/R04/T08-E01/verify-R04/R03_REGRESSION/A15/cases/combo-multi-tool-three-calls.json
aa936466e694a90f4087b7ae928f7c9b96ae1450073774fcb29d177dfa59c7b6  ??  artifacts/rust-tauri/R04/T08-E01/verify-R04/R03_REGRESSION/A15/cases/combo-multi-turn-one-terminal.json
f7bdd9e301d37d6a062e13225cfc84d7e96c1f88cd75d34e300ab00dd0fad0a0  ??  artifacts/rust-tauri/R04/T08-E01/verify-R04/R03_REGRESSION/A15/cases/combo-normal-run-completed.json
51d8bd26cb2f29bee74097b5ef9a36e3389a56a1c7127e86fa36d75a8106659e  ??  artifacts/rust-tauri/R04/T08-E01/verify-R04/R03_REGRESSION/A15/cases/combo-out-of-order-late-result-fenced.json
e18f1fcb5cc4af47da6184707fb88e0c0ed656f1fafffe8020a3001c9826c931  ??  artifacts/rust-tauri/R04/T08-E01/verify-R04/R03_REGRESSION/A15/cases/combo-timeout-budget-loud-failure.json
ccbc0f5c630f404851ca1c561fd5c73421ba9b217ceeff29973b263f05e30888  ??  artifacts/rust-tauri/R04/T08-E01/verify-R04/R03_REGRESSION/A15/cases/parent-cancel-stops-child-run.json
d72d7e1151ea38a4eeb9ad435aa66dc376039e41ff714f9f550e1f2c8934585a  ??  artifacts/rust-tauri/R04/T08-E01/verify-R04/R03_REGRESSION/A15/cases/reconnect-resume-no-model-restart.json
5d89ed42d309bfcfd13956b901f209eb432200e88c2ae1eea74d6eaffe625b2a  ??  artifacts/rust-tauri/R04/T08-E01/verify-R04/R03_REGRESSION/A15/cases/steer-busy-accepted.json
360ccd0c00f5114974f5f2967860d1c339a2e2baa808a2f5dca49f334fe0d386  ??  artifacts/rust-tauri/R04/T08-E01/verify-R04/R03_REGRESSION/A15/cases/steer-idle-miss.json
d00e58227225a313e612b18019d7f95a07382b0426ab7fbeb39bc4b05b740cc5  ??  artifacts/rust-tauri/R04/T08-E01/verify-R04/R03_REGRESSION/A15/cases/steer-text-drained-into-model-input.json
1d91fbec57470aebfedf338d49c5109fdd0216e02d720737ed53335eb06ae4c8  ??  artifacts/rust-tauri/R04/T08-E01/verify-R04/R03_REGRESSION/A15/cases/subagent-child-cancel-stops-child-only.json
25c6b5b26b72b0a4408db94f4f0e40b77faa84d32ccfeaffaf04e29fb20c07c9  ??  artifacts/rust-tauri/R04/T08-E01/verify-R04/R03_REGRESSION/A15/cases/subagent-close-thread-closed-status.json
c8d7de61de38e7dfa38ea3376602da5c50882e6d6238c3a1ff61b6ac7df04418  ??  artifacts/rust-tauri/R04/T08-E01/verify-R04/R03_REGRESSION/A15/cases/subagent-dispatch-child-lineage-recorded.json
dce5bbb9b54961ee64c8634f90f4f2600975918f6a2590b57b7b28dd425016bd  ??  artifacts/rust-tauri/R04/T08-E01/verify-R04/R03_REGRESSION/A15/cases/subagent-escalation-write-denied-zero-children.json
dcd19d358a8a5e560042eee304f1f5460d1c79ba1a64d611fb1007b830562010  ??  artifacts/rust-tauri/R04/T08-E01/verify-R04/R03_REGRESSION/A15/cases/subagent-policy-proactive-delegation-default-off.json
ffef3903ae224f661b415622ed9c76da5e265c01a9c15b867f429c1f6d10ef15  ??  artifacts/rust-tauri/R04/T08-E01/verify-R04/R03_REGRESSION/A15/cases/subagent-reply-continues-thread.json
d097c60f1416e1febc17bd0959b1c9252ca9be86b6a1e982d42d9240a38b107e  ??  artifacts/rust-tauri/R04/T08-E01/verify-R04/R03_REGRESSION/A15/combo-counts.json
4c56fd82542a56017ef5e59d3b0c9752ede52032f31f31c24c2de458153ad296  ??  artifacts/rust-tauri/R04/T08-E01/verify-R04/R03_REGRESSION/A15/combos/cancel-approval-wait.json
f861ce9b1dbe64f781134bae916b9c8f2503f4ad8572e98bfc18d180a4e35e33  ??  artifacts/rust-tauri/R04/T08-E01/verify-R04/R03_REGRESSION/A15/combos/cancel-stream-read.json
76b74d822e65d068718af971eb29865cc4891a50d128a35b0bc955cc3b6b65a2  ??  artifacts/rust-tauri/R04/T08-E01/verify-R04/R03_REGRESSION/A15/combos/crash-recovery.json
ef5545b54a472c39f9b09d995f9ba2e3671618a56d4de3eb7fe4fad24d81f22b  ??  artifacts/rust-tauri/R04/T08-E01/verify-R04/R03_REGRESSION/A15/combos/cross-session-parallel.json
7f7fd9a6f050ba6811d5b1d7313d11473f92089a4ec0fd2335779e99b59cdaa1  ??  artifacts/rust-tauri/R04/T08-E01/verify-R04/R03_REGRESSION/A15/combos/duplicate-submission.json
fc9b468ae0f2bd2cfff1a3ead3ba02756e59e73dc0c0a0ebb5142456d1ae38a8  ??  artifacts/rust-tauri/R04/T08-E01/verify-R04/R03_REGRESSION/A15/combos/leaf-parent-cancel.json
a59635405b3569b1c0c950cb282ecf3749923b36c6b1b5e4d3d21fc3f4458102  ??  artifacts/rust-tauri/R04/T08-E01/verify-R04/R03_REGRESSION/A15/combos/leaf-steer.json
fd60e4ca043c4073ddf838b3f0fe918436ede45ff7765efc8f1cad42821186f4  ??  artifacts/rust-tauri/R04/T08-E01/verify-R04/R03_REGRESSION/A15/combos/multi-tool.json
075cad25ce0207f3b49138b8d415d0db78da1005207b2f64d282b478bffa44ae  ??  artifacts/rust-tauri/R04/T08-E01/verify-R04/R03_REGRESSION/A15/combos/multi-turn-model.json
f94832aef81d68346dd1b25b1ad7312d6bc141a69a616a218b640aa170fbebcb  ??  artifacts/rust-tauri/R04/T08-E01/verify-R04/R03_REGRESSION/A15/combos/normal.json
44f5b48c4f288ee214f7053e16857997f1fb66a6be241466141301a16c6872e7  ??  artifacts/rust-tauri/R04/T08-E01/verify-R04/R03_REGRESSION/A15/combos/timeout-budget.json
505ecfbac3942739846be3a188cabea9d26c9641628253767c5457bdff2ab44f  ??  artifacts/rust-tauri/R04/T08-E01/verify-R04/R03_REGRESSION/A15/leaf-cases.json
bdaad3ebf5ff0689f1652a4b7c24716f5b0138db8876d8941ceb6bbe390650fa  ??  artifacts/rust-tauri/R04/T08-E01/verify-R04/R03_REGRESSION/A15/summary.txt
0b6020d36884101d3f46f0721a3627b39a677b1963924eb79380586256d247c5  ??  artifacts/rust-tauri/R04/T08-E01/verify-R04/R03_REGRESSION/R02/A05_A06/.last-body
1319bbe558a1a9043433da92529bc8c24d2b6fbcabc962836a938e946e273399  ??  artifacts/rust-tauri/R04/T08-E01/verify-R04/R03_REGRESSION/R02/A05_A06/body-limit.txt
c0c19dff508a998f0c6e1fbf2643c2d78647cd6495bc53c57d2566877a3abc0b  ??  artifacts/rust-tauri/R04/T08-E01/verify-R04/R03_REGRESSION/R02/A05_A06/cli-sessions-limit-case.json
23fc7dc32dbb6fef563a25015d3308976ca36c13133b6f6b290fd2019aa32c4f  ??  artifacts/rust-tauri/R04/T08-E01/verify-R04/R03_REGRESSION/R02/A05_A06/creds-after-authz.json
90fd806963dffd1eee802adada11b697764ef36ef6b96f5c86c9d3466bc5b935  ??  artifacts/rust-tauri/R04/T08-E01/verify-R04/R03_REGRESSION/R02/A05_A06/creds-before-authz.json
cdda86d4cea15b49e5a11e96a400fe029d8497552d70ccd6ca94b21eff0face3  ??  artifacts/rust-tauri/R04/T08-E01/verify-R04/R03_REGRESSION/R02/A05_A06/devices-after-authz.json
fc3485fe8bde10ebefe210e6394f80dac72c50cc28d12607aafc9e3c064cade0  ??  artifacts/rust-tauri/R04/T08-E01/verify-R04/R03_REGRESSION/R02/A05_A06/devices-before-authz.json
3dc2d4c79f89ab55ae1f0d6b898ffab2ec71ce9e006dc2aa9e8e5a8cddcc280c  ??  artifacts/rust-tauri/R04/T08-E01/verify-R04/R03_REGRESSION/R02/A05_A06/leaf-cases.json
02c9f1e5a507f18c6ddb3acb85597dd43614576d43ca29a6c961fc6f1bd30fea  ??  artifacts/rust-tauri/R04/T08-E01/verify-R04/R03_REGRESSION/R02/A05_A06/leaf-cases.ndjson
1840a20f31e67ce07152ef6c986b4706ff2ca2ff461090df4a6c54b71c6ce34e  ??  artifacts/rust-tauri/R04/T08-E01/verify-R04/R03_REGRESSION/R02/A05_A06/me-denied-after.sha256
1840a20f31e67ce07152ef6c986b4706ff2ca2ff461090df4a6c54b71c6ce34e  ??  artifacts/rust-tauri/R04/T08-E01/verify-R04/R03_REGRESSION/R02/A05_A06/me-denied-before.sha256
9901fa4939e8c0683cc392787126273c429530490fdebe18e68d1ad0c6fc2459  ??  artifacts/rust-tauri/R04/T08-E01/verify-R04/R03_REGRESSION/R02/A05_A06/sessions-list-matrix.json
32cac1405494a5c9c484a2cd20e83f40b9e2d366589975d5195ff7a4f88c9d1a  ??  artifacts/rust-tauri/R04/T08-E01/verify-R04/R03_REGRESSION/R02/A05_A06/state-after-authn.txt
4e01570e6937c112ffd9144f2a1f79be55d81e78fd846103e6dab4aceb806ff8  ??  artifacts/rust-tauri/R04/T08-E01/verify-R04/R03_REGRESSION/R02/A05_A06/state-after.txt
32cac1405494a5c9c484a2cd20e83f40b9e2d366589975d5195ff7a4f88c9d1a  ??  artifacts/rust-tauri/R04/T08-E01/verify-R04/R03_REGRESSION/R02/A05_A06/state-before-authz.txt
32cac1405494a5c9c484a2cd20e83f40b9e2d366589975d5195ff7a4f88c9d1a  ??  artifacts/rust-tauri/R04/T08-E01/verify-R04/R03_REGRESSION/R02/A05_A06/state-before.txt
8b5d448c262cd492083e5cb5bbc0cd4104366feb460573180674188c7ce7acf7  ??  artifacts/rust-tauri/R04/T08-E01/verify-R04/R03_REGRESSION/R02/A05_A06/summary.txt
035f389bb2570e0a1b3f55dfb2cee284768b9c7b931137d1df22408c74a943cc  ??  artifacts/rust-tauri/R04/T08-E01/verify-R04/R03_REGRESSION/R02/A05_A06/ws-matrix.json
8b8354dfe80071d0c99d73fc946a73c1efd2cd8b2b9591717ca3b09f9eaf065d  ??  artifacts/rust-tauri/R04/T08-E01/verify-R04/R03_REGRESSION/R02/A07_A08/last-db-hashes.txt
e613a984930f45c73fa5aa79af6955b0ac56faa30868e1da85d84a96a180eee3  ??  artifacts/rust-tauri/R04/T08-E01/verify-R04/R03_REGRESSION/R02/A07_A08/s1-counts-after-stop.json
6e11d3157e36f2f24de72943cc5df97aec8475c1e95a29c6fed9cc451e41da10  ??  artifacts/rust-tauri/R04/T08-E01/verify-R04/R03_REGRESSION/R02/A07_A08/s2-counts-after-crash.json
f4146f224b5b25b76d9f2cc2c2a3522f11f236e5845b3f30505b900ac5d350c5  ??  artifacts/rust-tauri/R04/T08-E01/verify-R04/R03_REGRESSION/R02/A07_A08/s2-runs-dump.jsonl
3d439369a618871171b3d76829cd558d3ac0066f97f94126c9ed7a84048e54a7  ??  artifacts/rust-tauri/R04/T08-E01/verify-R04/R03_REGRESSION/R02/A07_A08/s3-fault.err
e3b0c44298fc1c149afbf4c8996fb92427ae41e4649b934ca495991b7852b855  ??  artifacts/rust-tauri/R04/T08-E01/verify-R04/R03_REGRESSION/R02/A07_A08/s3-fault.out
1e6cba00badaa2ff73f542a615412f9e95ec6ae8b2bb8785c9d5e766962e378c  ??  artifacts/rust-tauri/R04/T08-E01/verify-R04/R03_REGRESSION/R02/A07_A08/s4-hashes-after.txt
1e6cba00badaa2ff73f542a615412f9e95ec6ae8b2bb8785c9d5e766962e378c  ??  artifacts/rust-tauri/R04/T08-E01/verify-R04/R03_REGRESSION/R02/A07_A08/s4-hashes-before.txt
0d905544181bc9772325155e3657d2631f04c6888b8ebfefc225030a79801e2e  ??  artifacts/rust-tauri/R04/T08-E01/verify-R04/R03_REGRESSION/R02/A07_A08/s4-migrations-round1.json
0d905544181bc9772325155e3657d2631f04c6888b8ebfefc225030a79801e2e  ??  artifacts/rust-tauri/R04/T08-E01/verify-R04/R03_REGRESSION/R02/A07_A08/s4-migrations-round2.json
0d905544181bc9772325155e3657d2631f04c6888b8ebfefc225030a79801e2e  ??  artifacts/rust-tauri/R04/T08-E01/verify-R04/R03_REGRESSION/R02/A07_A08/s4-migrations-round3.json
b1c0d356c3a551b409b4c2192df484d255a91d3ce267f4e4f51092c46867c8c8  ??  artifacts/rust-tauri/R04/T08-E01/verify-R04/R03_REGRESSION/R02/A07_A08/service-s1.err
e50464d3fea8ff18873828193d00f3dd0f903737c288c3ffb430ed432e91cc0d  ??  artifacts/rust-tauri/R04/T08-E01/verify-R04/R03_REGRESSION/R02/A07_A08/service-s1.out
7c0a7c5d7a90890215e564d8036d64fbaac1671ad3bf17cee11d5220f5dd4917  ??  artifacts/rust-tauri/R04/T08-E01/verify-R04/R03_REGRESSION/R02/A07_A08/service-s1b.err
25ddd4a7e4ba45d25c0b2e01be1df51770ec197ed92efa54b2e6768bd51498f1  ??  artifacts/rust-tauri/R04/T08-E01/verify-R04/R03_REGRESSION/R02/A07_A08/service-s1b.out
505922c0a59102150f0da039f62359c38770b0451458307d369afe97186a5d1d  ??  artifacts/rust-tauri/R04/T08-E01/verify-R04/R03_REGRESSION/R02/A07_A08/service-s2.err
30e6ea7098f3235b13047c41e59e3cb8f6f85ef2b573eb52d4cc25d3e219b0fb  ??  artifacts/rust-tauri/R04/T08-E01/verify-R04/R03_REGRESSION/R02/A07_A08/service-s2.out
03f27fda3237498cc284723532f8446cbabfec8c07861f5c6f16bff99e416c47  ??  artifacts/rust-tauri/R04/T08-E01/verify-R04/R03_REGRESSION/R02/A07_A08/service-s2b.err
b7947771459a38c39018774ca566edd1ab2781e2146f52e81f2264b57ec59fc8  ??  artifacts/rust-tauri/R04/T08-E01/verify-R04/R03_REGRESSION/R02/A07_A08/service-s2b.out
bad35b1f3fc4df2faa2c5cfe97da14abfb293e6fe5f84890d30e050d0b773e3a  ??  artifacts/rust-tauri/R04/T08-E01/verify-R04/R03_REGRESSION/R02/A07_A08/service-s4-1.err
4900f385d1b89210e2d42fb578a32c6d01be81b237f460533adb5558e4425863  ??  artifacts/rust-tauri/R04/T08-E01/verify-R04/R03_REGRESSION/R02/A07_A08/service-s4-1.out
2cb7c21ca8971a3baa55242c585fcc4134a249083bd39b6ab76d6a35142a2c33  ??  artifacts/rust-tauri/R04/T08-E01/verify-R04/R03_REGRESSION/R02/A07_A08/service-s4-2.err
8361f00ae8b2a3e1d59f214471dd98f68aa612564bafe74719b0372ec421aac3  ??  artifacts/rust-tauri/R04/T08-E01/verify-R04/R03_REGRESSION/R02/A07_A08/service-s4-2.out
7bafe383c613b66cb18ef3050e9b80d27032d11925ae2fea1493b29f1e4174d3  ??  artifacts/rust-tauri/R04/T08-E01/verify-R04/R03_REGRESSION/R02/A07_A08/service-s4-3.err
f4246c9861e5dd7bf4dad893e4f8f138ee4db1e987ccb88cb03b5a5ee6055ef8  ??  artifacts/rust-tauri/R04/T08-E01/verify-R04/R03_REGRESSION/R02/A07_A08/service-s4-3.out
488f6400d31ec6e0383930062188527175a3456dcfe6b1ee4036cde487765b56  ??  artifacts/rust-tauri/R04/T08-E01/verify-R04/R03_REGRESSION/R02/A07_A08/service.addr
123952f7a95c6bc66e4fb4429c264bea4a7ebdda17a05d66215c7f50a6e18ca5  ??  artifacts/rust-tauri/R04/T08-E01/verify-R04/R03_REGRESSION/R02/A07_A08/service.pid
ef0c69072110e13bcf354619c10a98d842e8e82779465f9daa468de30a268a6b  ??  artifacts/rust-tauri/R04/T08-E01/verify-R04/R03_REGRESSION/R02/A07_A08/summary.txt
dd63f79ce1a39fdef735dbb9eb292c3f8a45db77c2513d3cc7379e5dbe13749e  ??  artifacts/rust-tauri/R04/T08-E01/verify-R04/R03_REGRESSION/R02/A11/backup-restore/s1-backup-dir-listing.txt
44e83fd69b257539a9aac1e9f5737879562a7e5b0c4dc5c4a3e26f17bbbf08f1  ??  artifacts/rust-tauri/R04/T08-E01/verify-R04/R03_REGRESSION/R02/A11/backup-restore/s1-backup-outcome.json
e3b0c44298fc1c149afbf4c8996fb92427ae41e4649b934ca495991b7852b855  ??  artifacts/rust-tauri/R04/T08-E01/verify-R04/R03_REGRESSION/R02/A11/backup-restore/s1-backup.err
148c4e00c264f6ee610545ee9df6554348a6cb5866775555d62a6f70281638de  ??  artifacts/rust-tauri/R04/T08-E01/verify-R04/R03_REGRESSION/R02/A11/backup-restore/s1-restore-outcome.json
e3b0c44298fc1c149afbf4c8996fb92427ae41e4649b934ca495991b7852b855  ??  artifacts/rust-tauri/R04/T08-E01/verify-R04/R03_REGRESSION/R02/A11/backup-restore/s1-restore.err
74d807436a136039c1eb0f624b35d1ca22824b925f288d5cf14decdbe37853ea  ??  artifacts/rust-tauri/R04/T08-E01/verify-R04/R03_REGRESSION/R02/A11/backup-restore/s1-restored-dump.jsonl
7ec5b1b6dc1d01b4b8b107377ff00e25f6dd02a2b099457eab7607e9101567bf  ??  artifacts/rust-tauri/R04/T08-E01/verify-R04/R03_REGRESSION/R02/A11/backup-restore/s1-restored-hash.txt
74d807436a136039c1eb0f624b35d1ca22824b925f288d5cf14decdbe37853ea  ??  artifacts/rust-tauri/R04/T08-E01/verify-R04/R03_REGRESSION/R02/A11/backup-restore/s1-source-dump.jsonl
11e0ee49cc22586e591b9aaf96434515a99cb4750635c4e762d9223a6561d28e  ??  artifacts/rust-tauri/R04/T08-E01/verify-R04/R03_REGRESSION/R02/A11/backup-restore/s1-source-hash.txt
951e1f2cedf4a978898a4f9e620777561b8381ece9faf4223f8594a201f47f74  ??  artifacts/rust-tauri/R04/T08-E01/verify-R04/R03_REGRESSION/R02/A11/backup-restore/s1-wal-size.txt
e3b0c44298fc1c149afbf4c8996fb92427ae41e4649b934ca495991b7852b855  ??  artifacts/rust-tauri/R04/T08-E01/verify-R04/R03_REGRESSION/R02/A11/backup-restore/s3-backup-out.json
14d34f0bbbf61a9b44b82de431778e3118a643cf02ec5897aa68b51789787148  ??  artifacts/rust-tauri/R04/T08-E01/verify-R04/R03_REGRESSION/R02/A11/backup-restore/s3-backup.err
9b33c4d50a9f7a0434980244454a85ce4288c7323241cf9ff22c50e6b8f8dd85  ??  artifacts/rust-tauri/R04/T08-E01/verify-R04/R03_REGRESSION/R02/A11/backup-restore/s4-ws-probe.json
a4c3ed04a95a3da14a9d235c83d868bed7c0f45cf7f3faa751ee8f50598d2211  ??  artifacts/rust-tauri/R04/T08-E01/verify-R04/R03_REGRESSION/R02/A11/backup-restore/s4-ws-probe.json.probe-done
3535bd8e50deb8288fba4387fcaa3d020db8960e7478dd8d22a246121af2268d  ??  artifacts/rust-tauri/R04/T08-E01/verify-R04/R03_REGRESSION/R02/A11/backup-restore/service-s1.addr
0202a305af06e972ed65b3582265f2451ca36444984bd5a8f4d9d1c843fe626b  ??  artifacts/rust-tauri/R04/T08-E01/verify-R04/R03_REGRESSION/R02/A11/backup-restore/service-s1.err
fb12e821aaf78fdb70749e5aa055edc183a47f6e87187f48b4f0792db6e36086  ??  artifacts/rust-tauri/R04/T08-E01/verify-R04/R03_REGRESSION/R02/A11/backup-restore/service-s1.out
09570e228559990049486957d15ce6ff06c525ce6b9af2ab3c3d4b64902715f4  ??  artifacts/rust-tauri/R04/T08-E01/verify-R04/R03_REGRESSION/R02/A11/backup-restore/service-s2.addr
90bffedf80722e73723d80d926dc89581945b4dc27010101de9842648125661e  ??  artifacts/rust-tauri/R04/T08-E01/verify-R04/R03_REGRESSION/R02/A11/backup-restore/service-s2.err
f9ac16a43064e1931e44c72e4b0438ccaec29f681987d83a7b5a3e0bf83beea6  ??  artifacts/rust-tauri/R04/T08-E01/verify-R04/R03_REGRESSION/R02/A11/backup-restore/service-s2.out
d04e39a09ea694f59483b1a160fa85d9de56a394cb7b9c646796961063e72adf  ??  artifacts/rust-tauri/R04/T08-E01/verify-R04/R03_REGRESSION/R02/A11/backup-restore/service-s4.addr
8bad02d706973d34c38edda15e9b58bb675a1748ee78017d48bf72b6a3c45380  ??  artifacts/rust-tauri/R04/T08-E01/verify-R04/R03_REGRESSION/R02/A11/backup-restore/service-s4.err
95f9783b0830529aee4ad9267922ca94598f937ea5697a0218440954e09f3683  ??  artifacts/rust-tauri/R04/T08-E01/verify-R04/R03_REGRESSION/R02/A11/backup-restore/service-s4.out
9f3153c4f512fa87b47859946dd90cf316ee8763f2a216879cc586e471b4ff1c  ??  artifacts/rust-tauri/R04/T08-E01/verify-R04/R03_REGRESSION/R02/A11/backup-restore/service.pid
668ed90314dae2acbb6362721a735ad323dcedd827e5ccc35d22848e6361a2f5  ??  artifacts/rust-tauri/R04/T08-E01/verify-R04/R03_REGRESSION/R02/A11/backup-restore/summary.txt
5be1af514fb2c09029f65472977257dce7affa6a62edca6f447bf7f2efde4073  ??  artifacts/rust-tauri/R04/T08-E01/verify-R04/R03_REGRESSION/R02/A12/recovery-drill/coexist-after.txt
5be1af514fb2c09029f65472977257dce7affa6a62edca6f447bf7f2efde4073  ??  artifacts/rust-tauri/R04/T08-E01/verify-R04/R03_REGRESSION/R02/A12/recovery-drill/coexist-before.txt
25f1f2ef7c8b6736465e6637f21ed84a369f2ae4dd5833772882edf8b6377398  ??  artifacts/rust-tauri/R04/T08-E01/verify-R04/R03_REGRESSION/R02/A12/recovery-drill/own-created-homes.txt
79be6d64aa93bf457e5b337dfa16a187af549e49a08c7760b4ddb0f61bedf8ac  ??  artifacts/rust-tauri/R04/T08-E01/verify-R04/R03_REGRESSION/R02/A12/recovery-drill/summary.txt
7b2f675d535131e9ee3b95eb996b520af42000b1efea572dc62eff72fd758a84  ??  artifacts/rust-tauri/R04/T08-E01/verify-R04/R03_REGRESSION/R02/A12/recovery-drill/v1-hashes-after.txt
7b2f675d535131e9ee3b95eb996b520af42000b1efea572dc62eff72fd758a84  ??  artifacts/rust-tauri/R04/T08-E01/verify-R04/R03_REGRESSION/R02/A12/recovery-drill/v1-hashes-before.txt
30f5a98ca82566a97efd8f91003e123b204a2095befaac5c33731048215c9b95  ??  artifacts/rust-tauri/R04/T08-E01/verify-R04/R03_REGRESSION/R02/A12/recovery-drill/v1.err
e3b0c44298fc1c149afbf4c8996fb92427ae41e4649b934ca495991b7852b855  ??  artifacts/rust-tauri/R04/T08-E01/verify-R04/R03_REGRESSION/R02/A12/recovery-drill/v1.out
fcb269f1fc43e20619871bab0f6e464d30773313e55b17f725fc62249ab521be  ??  artifacts/rust-tauri/R04/T08-E01/verify-R04/R03_REGRESSION/R02/A12/recovery-drill/v2-hashes-after.txt
fcb269f1fc43e20619871bab0f6e464d30773313e55b17f725fc62249ab521be  ??  artifacts/rust-tauri/R04/T08-E01/verify-R04/R03_REGRESSION/R02/A12/recovery-drill/v2-hashes-before.txt
2edcba4ab8519d1f99aee003cb4474f14ed083eee40b616f5ca566d55bd3043e  ??  artifacts/rust-tauri/R04/T08-E01/verify-R04/R03_REGRESSION/R02/A12/recovery-drill/v2.err
e3b0c44298fc1c149afbf4c8996fb92427ae41e4649b934ca495991b7852b855  ??  artifacts/rust-tauri/R04/T08-E01/verify-R04/R03_REGRESSION/R02/A12/recovery-drill/v2.out
a33ffd69acb495d9a221778bb2317e4cef00e4d752d794b9c1267890666ec43d  ??  artifacts/rust-tauri/R04/T08-E01/verify-R04/R03_REGRESSION/R02/A12/recovery-drill/v3-hashes-after.txt
a33ffd69acb495d9a221778bb2317e4cef00e4d752d794b9c1267890666ec43d  ??  artifacts/rust-tauri/R04/T08-E01/verify-R04/R03_REGRESSION/R02/A12/recovery-drill/v3-hashes-before.txt
da12d67ab89bcfe73fe6bd4bbf0708b481abed140c4b058c4f9bd5475fca947b  ??  artifacts/rust-tauri/R04/T08-E01/verify-R04/R03_REGRESSION/R02/A12/recovery-drill/v3.err
e3b0c44298fc1c149afbf4c8996fb92427ae41e4649b934ca495991b7852b855  ??  artifacts/rust-tauri/R04/T08-E01/verify-R04/R03_REGRESSION/R02/A12/recovery-drill/v3.out
2f134942526292f4115a5f6ddcb5b8e6b043fa729f61efbd081952a48641b7e4  ??  artifacts/rust-tauri/R04/T08-E01/verify-R04/R03_REGRESSION/R02/A12/recovery-drill/v4.err
ae5819d8ee7996e06d9733e98d35116c141efd51e0bb6f704289156f87648bc3  ??  artifacts/rust-tauri/R04/T08-E01/verify-R04/R03_REGRESSION/R02/A12/recovery-drill/v4.out
9a75a3417b7218691da7bce597af22262b80bea916c43885381c96ee05439217  ??  artifacts/rust-tauri/R04/T08-E01/verify-R04/R03_REGRESSION/R02/A12/recovery-drill/v5-hashes-after.txt
9a75a3417b7218691da7bce597af22262b80bea916c43885381c96ee05439217  ??  artifacts/rust-tauri/R04/T08-E01/verify-R04/R03_REGRESSION/R02/A12/recovery-drill/v5-hashes-before.txt
583378c68b60e9bc78790ebd1d07721d877e08e12210d37cf53fb4523821df19  ??  artifacts/rust-tauri/R04/T08-E01/verify-R04/R03_REGRESSION/R02/A12/recovery-drill/v5.err
e3b0c44298fc1c149afbf4c8996fb92427ae41e4649b934ca495991b7852b855  ??  artifacts/rust-tauri/R04/T08-E01/verify-R04/R03_REGRESSION/R02/A12/recovery-drill/v5.out
218e84e2266e8f82c56f94daad0cafb89f116b271d0ad3dadc46f44b2958cc68  ??  artifacts/rust-tauri/R04/T08-E01/verify-R04/R03_REGRESSION/R02/A12/recovery-drill/v6-recovered-dump.jsonl
27badc983df1780b60c2b3fa9d3a19a00e46aac798451f0febdca52920faaddf  ??  artifacts/rust-tauri/R04/T08-E01/verify-R04/R03_REGRESSION/R02/A12/recovery-drill/v6-seed-execute.txt
ee813c2bb7a4a7e5154b06c8dce06b49d6e808c862ca245e357e60b98417b5a1  ??  artifacts/rust-tauri/R04/T08-E01/verify-R04/R03_REGRESSION/R02/A12/recovery-drill/v6-seed.err
aac672529d590d94083819cabff3c32b475e8e3b96f169f701022fb0c0686b61  ??  artifacts/rust-tauri/R04/T08-E01/verify-R04/R03_REGRESSION/R02/A12/recovery-drill/v6-seed.out
5088b52d044cc8673f19c5d47d2b06f1839651f2b053c6ca64ceed3b3d647268  ??  artifacts/rust-tauri/R04/T08-E01/verify-R04/R03_REGRESSION/R02/A12/recovery-drill/v6.err
42faeeecdba021ea1492938d7a9193449b9cabfc08631879b60d98be03b1e933  ??  artifacts/rust-tauri/R04/T08-E01/verify-R04/R03_REGRESSION/R02/A12/recovery-drill/v6.out
1235e07de0de816987beb55f9aa53ac00982eda612ee2937a1302ffcd74a7358  ??  artifacts/rust-tauri/R04/T08-E01/verify-R04/R03_REGRESSION/R02/A12/recovery-drill/v7-hashes-after.txt
1235e07de0de816987beb55f9aa53ac00982eda612ee2937a1302ffcd74a7358  ??  artifacts/rust-tauri/R04/T08-E01/verify-R04/R03_REGRESSION/R02/A12/recovery-drill/v7-hashes-before.txt
d7f59cc150a304fe1d034bed6654f47734cf05ceb39506159db7b3cc9b297d4a  ??  artifacts/rust-tauri/R04/T08-E01/verify-R04/R03_REGRESSION/R02/A12/recovery-drill/v7-seed.err
91ac07d2e5eee485b64bf2241364be389a907bf6d6da7fb421c0d4f563608b74  ??  artifacts/rust-tauri/R04/T08-E01/verify-R04/R03_REGRESSION/R02/A12/recovery-drill/v7-seed.out
bd691b5159e2ba7152956c2f7d178adf8f43ed157e887ce74c2c886e5bae2e34  ??  artifacts/rust-tauri/R04/T08-E01/verify-R04/R03_REGRESSION/R02/A12/recovery-drill/v7.err
e3b0c44298fc1c149afbf4c8996fb92427ae41e4649b934ca495991b7852b855  ??  artifacts/rust-tauri/R04/T08-E01/verify-R04/R03_REGRESSION/R02/A12/recovery-drill/v7.out
14ec67b236f6a888b9fb08a85836b973a663594f08f76bb68fcf762bda2e808c  ??  artifacts/rust-tauri/R04/T08-E01/verify-R04/R03_REGRESSION/R02/A12/recovery-drill/v8-observed.err
d8ea319b90d14dccbe4e327ba696f5c4470b1ef46a7521cb47dcfbfd7a8ade73  ??  artifacts/rust-tauri/R04/T08-E01/verify-R04/R03_REGRESSION/R02/A12/recovery-drill/v8-seed.err
39e421e1d654570a1527d6dbaef5bd24acf343a2ee785a25572f774edc94a26f  ??  artifacts/rust-tauri/R04/T08-E01/verify-R04/R03_REGRESSION/R02/A12/recovery-drill/v8-seed.out
14ec67b236f6a888b9fb08a85836b973a663594f08f76bb68fcf762bda2e808c  ??  artifacts/rust-tauri/R04/T08-E01/verify-R04/R03_REGRESSION/R02/A12/recovery-drill/v8.err
eb1bb9b73b455149cd6504854984ca73a9b30e2ad71403cd4d8066c46700f5d6  ??  artifacts/rust-tauri/R04/T08-E01/verify-R04/R03_REGRESSION/R02/A12/recovery-drill/v8.out
7b7b3595fccab28844cb3e50393e66577b42f30e6313f73c45b350af98dbc159  ??  artifacts/rust-tauri/R04/T08-E01/verify-R04/R03_REGRESSION/R02/A15/full-chain/pre-restart-head.json
e3b0c44298fc1c149afbf4c8996fb92427ae41e4649b934ca495991b7852b855  ??  artifacts/rust-tauri/R04/T08-E01/verify-R04/R03_REGRESSION/R02/A15/full-chain/probe1.err
4145862e98c9aabe28175080031ac1f127cbf3d4617f63804914d5f2a8a47789  ??  artifacts/rust-tauri/R04/T08-E01/verify-R04/R03_REGRESSION/R02/A15/full-chain/probe1.pass-lines
e3b0c44298fc1c149afbf4c8996fb92427ae41e4649b934ca495991b7852b855  ??  artifacts/rust-tauri/R04/T08-E01/verify-R04/R03_REGRESSION/R02/A15/full-chain/probe2.err
28a411dc95be7e6596d2954fdbecf8eb034d9f8dc1248ab1d111c07c1c218b89  ??  artifacts/rust-tauri/R04/T08-E01/verify-R04/R03_REGRESSION/R02/A15/full-chain/probe2.pass-lines
4a539387786b224b47a105f07c4649fba4d1e1d6209632509d529df0f3810125  ??  artifacts/rust-tauri/R04/T08-E01/verify-R04/R03_REGRESSION/R02/A15/full-chain/service1.err
5fe80b903d8d34c173c0e68ad4b2fa5971676c4437fe4c8ce55daf064aee8ce1  ??  artifacts/rust-tauri/R04/T08-E01/verify-R04/R03_REGRESSION/R02/A15/full-chain/service1.out
501b9663827378bb6f4418cfe43aa716639a37943eae2133674baabde00699ac  ??  artifacts/rust-tauri/R04/T08-E01/verify-R04/R03_REGRESSION/R02/A15/full-chain/service2.err
36eddd479f99b4d267d940bd8b7c730d161ab0d1362749fe54ea1828f67d17c2  ??  artifacts/rust-tauri/R04/T08-E01/verify-R04/R03_REGRESSION/R02/A15/full-chain/service2.out
27de1e7b611b29e87128fa57256eb75209b683b4aa50711f16e61d620e6ff2d9  ??  artifacts/rust-tauri/R04/T08-E01/verify-R04/R03_REGRESSION/R02/A15/full-chain/summary.txt
10a16641e3405663989bf586c36c94e6522cc9932c30df552a4cb308377a9676  ??  artifacts/rust-tauri/R04/T08-E01/verify-R04/R04_MATRIX/cases/a15-directory-claim-refused.json
09f385efaedc793ea498845967037cfcbfc0fe2c163104737d7ff99e880e98bc  ??  artifacts/rust-tauri/R04/T08-E01/verify-R04/R04_MATRIX/cases/a15-gateway-audit-directory-ref-failed.json
d0df7dade822790f5735f4ebef501e03b8aa905318cb8a60905b81715d427965  ??  artifacts/rust-tauri/R04/T08-E01/verify-R04/R04_MATRIX/cases/a15-gateway-audit-fake-ref-failed.json
a0800cd68927a3e79f38730d4c55036813c6947a5675713428917d03a1b44145  ??  artifacts/rust-tauri/R04/T08-E01/verify-R04/R04_MATRIX/cases/a15-gateway-audit-real-ref-passes.json
8f9b212963fdfce437456018df1536c00c82aa2118f3c3af37532e979ed04f2b  ??  artifacts/rust-tauri/R04/T08-E01/verify-R04/R04_MATRIX/cases/a15-missing-claim-refused.json
04245f14680505fadaf81819e4b39818cf0d629654f8733039a6ac2e8d68bb98  ??  artifacts/rust-tauri/R04/T08-E01/verify-R04/R04_MATRIX/cases/a15-out-of-grant-claim-refused.json
e4bb14f7a842ae22ee91e7b3bebdfcc5273aec1410f84eb90970f2bc4dc3fc91  ??  artifacts/rust-tauri/R04/T08-E01/verify-R04/R04_MATRIX/cases/a15-real-delivery-registered.json
6895d6a72b4da91d630223ce6ad2b8320db84534f721b5748ac0f487c1a29223  ??  artifacts/rust-tauri/R04/T08-E01/verify-R04/R04_MATRIX/cases/a15-structure-violation-refused.json
94c57b04cb80a3ce8932e58d775b4aaa85affa76e33e34512e4a0bc47ade49a9  ??  artifacts/rust-tauri/R04/T08-E01/verify-R04/R04_MATRIX/cases/a16-alias-route-covered.json
506ae3c069a2a967546a4ca114bf3e15abac6ebcdb0f7e35b359b12c1cde92b5  ??  artifacts/rust-tauri/R04/T08-E01/verify-R04/R04_MATRIX/cases/a16-history-preserved.json
901361017912bc20e016d13a2a4f8d701ddee123481ac52c440c176b6d9510aa  ??  artifacts/rust-tauri/R04/T08-E01/verify-R04/R04_MATRIX/cases/approval-answer-executes-once.json
bd45162c41ae2eec362f6f35bc50015ae2a8266f70ce5f91d5c45e5ad8053270  ??  artifacts/rust-tauri/R04/T08-E01/verify-R04/R04_MATRIX/cases/approval-duplicate-idempotent.json
bababcc7f3e64579d35c9259a419a674630e4e549217be76c41f04eda4f0bcdc  ??  artifacts/rust-tauri/R04/T08-E01/verify-R04/R04_MATRIX/cases/approval-reject-zero-dispatch.json
20fd6bee69494fece169e2b99ea1e3085ddffbb071d88ebc23f7dcaeb412c721  ??  artifacts/rust-tauri/R04/T08-E01/verify-R04/R04_MATRIX/cases/catalog-face-lists-mcp-tools-with-permission.json
a6740bd82388993cca6d0b79d294334e6ad84438d23b819303e84cb2670999df  ??  artifacts/rust-tauri/R04/T08-E01/verify-R04/R04_MATRIX/cases/future-tool-shape-ast_edit-discoverable-not-callable.json
821137c4819111c5cab65e31fe33146b843d4bc963a7ae66bf3c6139aab4dc68  ??  artifacts/rust-tauri/R04/T08-E01/verify-R04/R04_MATRIX/cases/future-tool-shape-ast_grep-discoverable-not-callable.json
9827cfcbf4ea963126bc89e02f8247506844fc54c5a0d9086547106cafdcdefd  ??  artifacts/rust-tauri/R04/T08-E01/verify-R04/R04_MATRIX/cases/future-tool-shape-file-discoverable-not-callable.json
cb8e2db3b924a24b0bf8d611b22015f3a2a10ccc3f6ee16a819bc9388379c7f3  ??  artifacts/rust-tauri/R04/T08-E01/verify-R04/R04_MATRIX/cases/future-tool-shape-find-discoverable-not-callable.json
1c192846cc1d07ba6864e5dd594b97a48f402ab5519fca2040ecc7edc3d3fd02  ??  artifacts/rust-tauri/R04/T08-E01/verify-R04/R04_MATRIX/cases/future-tool-shape-grep-discoverable-not-callable.json
bbe14f10f21cc0a2c306c3554804930c3bf5b13c66b6b90cf1c79b465e394c3b  ??  artifacts/rust-tauri/R04/T08-E01/verify-R04/R04_MATRIX/cases/future-tool-shape-ls-discoverable-not-callable.json
a9b97d5170fb12a3359bdde03aa8fdfc8fe089399cd5f1dc3810dacaf5ac5653  ??  artifacts/rust-tauri/R04/T08-E01/verify-R04/R04_MATRIX/cases/future-tool-shape-lsp-discoverable-not-callable.json
6bc884d530bd7615a63e4dd9241155689273f4f9c70ccc044e2d91afc8eba4f1  ??  artifacts/rust-tauri/R04/T08-E01/verify-R04/R04_MATRIX/cases/future-tool-shape-materialize-discoverable-not-callable.json
5904c81036b270e82834b8084ca4b8b9b4492957d7d3ac5a83328f9bdc84b538  ??  artifacts/rust-tauri/R04/T08-E01/verify-R04/R04_MATRIX/cases/future-tool-shape-run_code-discoverable-not-callable.json
c9d67aa6d2f3fce41a3a011e42ac47399824eae28c54e2b89cf0bdae0dbf8052  ??  artifacts/rust-tauri/R04/T08-E01/verify-R04/R04_MATRIX/cases/future-tool-shape-security_scan-discoverable-not-callable.json
6cf1880613144cb8b359bd1c195f561f79c42836315ec94767b2336f24a9b783  ??  artifacts/rust-tauri/R04/T08-E01/verify-R04/R04_MATRIX/cases/future-tool-shape-stage_files-discoverable-not-callable.json
87164a841282a81c7b614451f88f157e89c03336043524a16637aa848d201f59  ??  artifacts/rust-tauri/R04/T08-E01/verify-R04/R04_MATRIX/cases/gateway-each-call-independent-permission.json
7d3631b38221c7c56e5b77793921c4de3ab067e7097d1c77131e73a3dadb0ce5  ??  artifacts/rust-tauri/R04/T08-E01/verify-R04/R04_MATRIX/cases/matrix-lifecycle-disable-holes.json
52e2294d2db41ba60884ca74bedd63d9e196def8ea43623c327cf7579c72e6e0  ??  artifacts/rust-tauri/R04/T08-E01/verify-R04/R04_MATRIX/cases/matrix-lifecycle-generation-refusals.json
710d96abbd53795e2f40639001eee2454a6ce7e5a285c883f9cd62f1b58ebda9  ??  artifacts/rust-tauri/R04/T08-E01/verify-R04/R04_MATRIX/cases/matrix-lifecycle-uninstall-holes.json
23c16612d569bb60e563215b453c022203ab19f05298ce7c9a3fc080da10b7d2  ??  artifacts/rust-tauri/R04/T08-E01/verify-R04/R04_MATRIX/cases/matrix-permission-consistency.json
d475fb8c9114bfdf95de5cc202da903bf354241d13f071bce870d8ba2502fd60  ??  artifacts/rust-tauri/R04/T08-E01/verify-R04/R04_MATRIX/cases/matrix-route-consistency.json
2b451a4a1fd773fba2e107116235dd5f28a06d104c7f7450f221f662510fc070  ??  artifacts/rust-tauri/R04/T08-E01/verify-R04/R04_MATRIX/cases/matrix-tool-family-count.json
1e442f90436b22848aeb3329ce35c020def0d74ba7d6bbc49eb983573e8e708d  ??  artifacts/rust-tauri/R04/T08-E01/verify-R04/R04_MATRIX/cases/mcp-connector-catalog-sync.json
02be7eb700e551cb0a000177a0e033872c65ad8b5ef7f46d66c014ecf3fb7150  ??  artifacts/rust-tauri/R04/T08-E01/verify-R04/R04_MATRIX/cases/mcp-connector-register-handshake.json
905e6508c4c99929579667bd3184014916a117d7522917621f1aea839bdd039e  ??  artifacts/rust-tauri/R04/T08-E01/verify-R04/R04_MATRIX/cases/mcp-describe-real-identity.json
42c719e1d9f2fdae556b08414f6facea228b729210f804971fb1f41772e1ec5f  ??  artifacts/rust-tauri/R04/T08-E01/verify-R04/R04_MATRIX/cases/mcp-search-namespaced.json
dfbc531d38332ae34bc27eef48d7c96103f6f7b0cf55e51377608e95deffabc9  ??  artifacts/rust-tauri/R04/T08-E01/verify-R04/R04_MATRIX/cases/mcp-tool-call-full-chain.json
916eba77e6c3a4f9a8bf58bdf3a14d110fe9b75b22aa316ce7a47412c013fa04  ??  artifacts/rust-tauri/R04/T08-E01/verify-R04/R04_MATRIX/cases/mcp-tool-permission-face.json
c3f30127a40dfa980a32479cec6547074c067a4d8cd61e858b0aa7dc095455b3  ??  artifacts/rust-tauri/R04/T08-E01/verify-R04/R04_MATRIX/cases/permission-face-modes-verifiable.json
c51a56cfdce860c73de8e015f088d38b31bbf8e373a0dc6e1c8e43f9b5f80a2c  ??  artifacts/rust-tauri/R04/T08-E01/verify-R04/R04_MATRIX/cases/preauthorization-single-session-scoped.json
eefd602104c2c290f3a2704acec9cf3923cbf072e0e9ac1e5dad4b1103794f05  ??  artifacts/rust-tauri/R04/T08-E01/verify-R04/R04_MATRIX/cases/semantics-cancel-leaves-no-fabricated-receipt.json
1c8fced2b48030b05d00ab397c3aa0470c4f068287f841b1c7e53778b43e038d  ??  artifacts/rust-tauri/R04/T08-E01/verify-R04/R04_MATRIX/cases/semantics-failed-never-dispatched-receipt.json
220379bb262285fad8e6314d35a23f12ba26fcb0e501fe2431141c1a4d28a5a2  ??  artifacts/rust-tauri/R04/T08-E01/verify-R04/R04_MATRIX/cases/semantics-success-receipt-dispatched.json
8337cc9f0c6c3a4eeb0b4beb6ff1d93acd40878d92c9f16c4649942469017888  ??  artifacts/rust-tauri/R04/T08-E01/verify-R04/R04_MATRIX/cases/semantics-unknown-receipt-honest.json
cb89e56a59ac812a63576832232489b328ac7abf8041df762e7b1af1e2caa95d  ??  artifacts/rust-tauri/R04/T08-E01/verify-R04/R04_MATRIX/cases/sup01-ask-subagent-write-refused.json
1b21930f6737d6935a82328d4afb7b4fd7b439c107b48d01b29e4cdfa7399015  ??  artifacts/rust-tauri/R04/T08-E01/verify-R04/R04_MATRIX/cases/terminal-close-stops-terminal.json
59095540a473b474ab918f20eb08986f6bbb6cbfd08c49b9810963ae37407de5  ??  artifacts/rust-tauri/R04/T08-E01/verify-R04/R04_MATRIX/cases/terminal-snapshot-current-transcript.json
004a41eae978391bad56ebe5c3e6d2ced1a2c02eda01a37f79abc8867cb5a063  ??  artifacts/rust-tauri/R04/T08-E01/verify-R04/R04_MATRIX/cases/terminal-tail-cursor-continuation.json
16870fec4c31cd9e67e56d3328c74d20f9213a2e96113c28be3d7f7fe0d28979  ??  artifacts/rust-tauri/R04/T08-E01/verify-R04/R04_MATRIX/cases/tool-edit-conflict-preserves-user-version.json
bb810a38ce8bfbcafc0d64e1fc2831a08e952dfdc4a057fd99166ef589df1032  ??  artifacts/rust-tauri/R04/T08-E01/verify-R04/R04_MATRIX/cases/tool-edit-real-chain.json
bec2c6d085918085fb7eb01f8ec54ea53681b68aa489b59bc0a8e9b272c5c02e  ??  artifacts/rust-tauri/R04/T08-E01/verify-R04/R04_MATRIX/cases/tool-exec-cancel-cleanup.json
c0341bc7ba746aaa51754e5650264b1d7d55e93d55ea2a03df67769834825bcc  ??  artifacts/rust-tauri/R04/T08-E01/verify-R04/R04_MATRIX/cases/tool-exec-command-real-chain.json
e990fcd2da49cb923f667ea1714cfea3f69c8f3bd0002416761b93ab35d87ec3  ??  artifacts/rust-tauri/R04/T08-E01/verify-R04/R04_MATRIX/cases/tool-read-real-chain.json
ea288f832ccf584b20e6d0ef80d0116568fd2c989aff55d985adce98266f5f62  ??  artifacts/rust-tauri/R04/T08-E01/verify-R04/R04_MATRIX/cases/tool-write-real-chain.json
52e2d9bbf2b9890f5b4d03bf7c27cfb6c82322790e254fc813b47b7f093d939f  ??  artifacts/rust-tauri/R04/T08-E01/verify-R04/R04_MATRIX/cases/tool-write-stdin-continuation.json
83f514b83ad20e51f11205b345ebcce85d4423a69379cb2a9804c8ceaf07a027  ??  artifacts/rust-tauri/R04/T08-E01/verify-R04/R04_MATRIX/cases/tool-write-stdin-foreign-writes.json
c471fa08013c67ab99fb67a5e4e430f83cfc349758cdc601fb53e35b1ee28397  ??  artifacts/rust-tauri/R04/T08-E01/verify-R04/R04_MATRIX/leaf-cases.json
1dbc5972065a848f6d2d8456df0891660c2c695ca72f24c3d4bd7fde395b462e  ??  artifacts/rust-tauri/R04/T08-E01/verify-R04/R04_MATRIX/matrix-counts.json
4d427e411d4094175bda8b798c0114af4830967a0acf48fd27ee7f9e11c1fd46  ??  artifacts/rust-tauri/R04/T08-E01/verify-R04/R04_MATRIX/summary.txt
7c0c75634a269a593df9294225a15a4b43db9582c0c9b7d3a6b3a583f184c3f2   M  docs/rust-tauri/ORCHESTRATOR_PROGRESS.json
6aef88d91414433cfdd0916c77513577915f3c39c8fe4e7161b8801e3f109366  ??  docs/rust-tauri/R04/R04-T08_REPORT.md
716f00006cb63c3d388c794581d38b38a03b1e10719a1ba1dceb88f5d22ff91e  ??  docs/rust-tauri/R04/R04_ACCEPTANCE_LEDGER.json
5dc17685cdbe77422e3e7aea3e1d70e49751256526c4eb8cdc9d886d4eae96e1  ??  docs/rust-tauri/R04/R04_HANDOFF.json
681b00b8a55a1e0cba82bae350b6421d178943329301e78c26fe40ad4f34da30   M  docs/rust-tauri/R04/R04_PLATFORM_CAPABILITIES.json
86cab561f9444483428fdce7f0650df6e871b705ef88074d790a3b6396b66df1  ??  docs/rust-tauri/R04/R04_REPORT.md
8f1ec64e138806b41625b10df4e71a6481cf97638651e8cbf0116427f03e3c69   M  docs/rust-tauri/R04/R04_TEST_MAP.json
6e4de6f9a56bea59b98afc2f7ea5a9eeaf1dc2db240e7ff84e9dfd509fda2bd9  ??  docs/rust-tauri/R04/dispatches/R04-T08_DISPATCH_E01.md
3b4e84802fd3dda9719295f3d3e95a2218fca520a88d4b2ea610865113c049d7  ??  rust/crates/lingxi-service/src/artifactverify.rs
754752b02ef1e52106d5623d36f86560ca7e87d0db03c83cd273cb25427fdceb   M  rust/crates/lingxi-service/src/bin/r04_t07_fixture.rs
4fae1611fa470a2a57833d9819782ccd54a2fb4afed7400303626ace731c8bad   M  rust/crates/lingxi-service/src/filetools.rs
5228ddb7f0532be1eef955785f9c5d9d850d14f4080dee9f26bd88fd9e87b919   M  rust/crates/lingxi-service/src/lib.rs
77391f7d4419ffbb00385d4bfc58a0b5553d5f177cfb5219777e62c0192594d2   M  rust/crates/lingxi-service/src/toolgateway.rs
2a0c00766df825aefa552ec94c5a1d194c5935ca015458c0345152adb915f24b   M  rust/crates/lingxi-service/src/workerrpc.rs
982959de20ffb9cd237799544f8b7eab0e6caec2449e1365862da6f9647241fe   M  rust/crates/lingxi-service/tests/r04_t04_file_tools.rs
120966accdadb3af31880986e35831b8ba37cee38b3c09a0d06c7654e039ac53   M  rust/crates/lingxi-service/tests/r04_t07_mcp_and_workers.rs
3735f76842532761c52e1ac517383b6ebb41795e78db329faf70a1822e935136  ??  rust/crates/lingxi-service/tests/r04_t08_tool_matrix.rs
54e9f2ee1f1b8b9beef5202d002cd4624d3c81814d2eb800a400e56ea96964a4   M  rust/crates/xtask/src/main.rs
7e942bb4635d939c2856e9e3aa0899f2bb15c03a220eadf5a0b5990e152ff7c1   M  rust/crates/xtask/src/runner_identity.rs
364070db8a81de78950f6483c588e384399681b21d510a6c63dffdcf56412d83   M  rust/crates/xtask/src/stage_map.rs
cfa4d175039778bbebfc1339f18a9aeaf345922d4d305489908c0ada5be28262  ??  rust/crates/xtask/src/stage_maps/R04.json
12e54326fb0ae444ffaec0a8a257a0c8a094df1e96404a92c048f27185931be2  ??  scripts/rust-tauri/r04_t08_gate_negative_tests.sh
1cc9907c5e56ed90a792b5827e5939b1b3a6b0fdf315057b83b429381b7ffbad  ??  scripts/rust-tauri/r04_t08_generate_stage_map.py
cca8b19f38bd8b061b2f7c5a52ecf27ef30ef58b80c3caa54fbf3b56190ebd4a  ??  scripts/rust-tauri/r04_t08_matrix.sh
