2026-09-29T13:13:24.781679Z  INFO lingxi_service: data root resolved effective_home=/var/folders/5r/wq54gtms21gfjgr5v94ynfyh0000gn/T//lingxi-r02t07-a14.9VLX66 source=cli ignored_sources=none
2026-09-29T13:13:24.782919Z  INFO lingxi_service: data root prepared (canonicalized; runtime dir private 0700) canonical_home=/private/var/folders/5r/wq54gtms21gfjgr5v94ynfyh0000gn/T/lingxi-r02t07-a14.9VLX66 runtime_dir=/private/var/folders/5r/wq54gtms21gfjgr5v94ynfyh0000gn/T/lingxi-r02t07-a14.9VLX66/lingxi-service
2026-09-29T13:13:24.783468Z  INFO lingxi_service: single-writer lock acquired instance_id=e43136215a9b7f6303567906469a189d start_nonce=b5ffea8ce2f87934 pid=57170 entropy="os-random-device" lock=/private/var/folders/5r/wq54gtms21gfjgr5v94ynfyh0000gn/T/lingxi-r02t07-a14.9VLX66/lingxi-service/instance.lock network_mode=loopback
2026-09-29T13:13:24.797359Z  INFO lingxi_service: data-epoch gate passed home=/private/var/folders/5r/wq54gtms21gfjgr5v94ynfyh0000gn/T/lingxi-r02t07-a14.9VLX66 decision=ProceedStampedNew(EpochStamp { format: V2, minimum_reader_epoch: 1, committed_data_epoch: 1, last_version: Some("0.0.0") })
2026-09-29T13:13:24.841686Z  INFO lingxi_adapters::storage::run_store: run database migrated db=/private/var/folders/5r/wq54gtms21gfjgr5v94ynfyh0000gn/T/lingxi-r02t07-a14.9VLX66/lingxi-service/data/runs.db applied=[1, 2, 3, 4] version=4
2026-09-29T13:13:24.842261Z  INFO lingxi_service: auth service bootstrapped (per-start loopback token, owner-only); run database migrated and seeded local_token_file=/private/var/folders/5r/wq54gtms21gfjgr5v94ynfyh0000gn/T/lingxi-r02t07-a14.9VLX66/lingxi-service/local-token.json run_database=/private/var/folders/5r/wq54gtms21gfjgr5v94ynfyh0000gn/T/lingxi-r02t07-a14.9VLX66/lingxi-service/data/runs.db
2026-09-29T13:13:24.851693Z  INFO lingxi_service: instance record published (atomic write) record=/private/var/folders/5r/wq54gtms21gfjgr5v94ynfyh0000gn/T/lingxi-r02t07-a14.9VLX66/lingxi-service/instance.json bind_addr=127.0.0.1:58026
2026-09-29T13:13:25.049028Z  INFO lingxi_service: request handled request_id=req-0ad55d6330ed05462ea0e50fbc902c4c method=GET path=/lingxi/v1/ws status=101
2026-09-29T13:13:25.055837Z  INFO lingxi_service: request handled request_id=req-0f2ab5e31bfef19bf511da3af03a8b95 method=GET path=/lingxi/v1/ws status=101
2026-09-29T13:13:25.068244Z  INFO lingxi_service::sessions: normal submission to a busy session rejected (session_busy; retryable) session_id="sess_local_alpha"
2026-09-29T13:13:25.068367Z  INFO lingxi_service::sessions: normal submission to a busy session rejected (session_busy; retryable) session_id="sess_local_alpha"
2026-09-29T13:13:25.068453Z  INFO lingxi_service: request handled request_id=req-9402a5450fd501f8eab1d6c037908d29 method=POST path=/lingxi/v1/sessions/sess_local_alpha/execute status=409
2026-09-29T13:13:25.068487Z  INFO lingxi_service: request handled request_id=req-8bbefa353e6eb0102d1a4205086af8d0 method=POST path=/lingxi/v1/sessions/sess_local_alpha/execute status=409
2026-09-29T13:13:25.068961Z  INFO lingxi_service::sessions: normal submission to a busy session rejected (session_busy; retryable) session_id="sess_local_alpha"
2026-09-29T13:13:25.069029Z  INFO lingxi_service::sessions: normal submission to a busy session rejected (session_busy; retryable) session_id="sess_local_alpha"
2026-09-29T13:13:25.069024Z  INFO lingxi_service::sessions: normal submission to a busy session rejected (session_busy; retryable) session_id="sess_local_alpha"
2026-09-29T13:13:25.069081Z  INFO lingxi_service::sessions: normal submission to a busy session rejected (session_busy; retryable) session_id="sess_local_alpha"
2026-09-29T13:13:25.069074Z  INFO lingxi_service::sessions: normal submission to a busy session rejected (session_busy; retryable) session_id="sess_local_alpha"
2026-09-29T13:13:25.069408Z  INFO lingxi_service::sessions: normal submission to a busy session rejected (session_busy; retryable) session_id="sess_local_alpha"
2026-09-29T13:13:25.069377Z  INFO lingxi_service::sessions: normal submission to a busy session rejected (session_busy; retryable) session_id="sess_local_alpha"
2026-09-29T13:13:25.069291Z  INFO lingxi_service: request handled request_id=req-f6ad4b04f52c5fdc861a869dc2ed4d5d method=POST path=/lingxi/v1/sessions/sess_local_alpha/execute status=409
2026-09-29T13:13:25.069519Z  INFO lingxi_service: request handled request_id=req-107e1a6a891bd19b407b3c34b14d2217 method=POST path=/lingxi/v1/sessions/sess_local_alpha/execute status=409
2026-09-29T13:13:25.069719Z  INFO lingxi_service: request handled request_id=req-fe2d41be017b5215d5b45c3032fe5f08 method=POST path=/lingxi/v1/sessions/sess_local_alpha/execute status=409
2026-09-29T13:13:25.069560Z  INFO lingxi_service::sessions: normal submission to a busy session rejected (session_busy; retryable) session_id="sess_local_alpha"
2026-09-29T13:13:25.069615Z  INFO lingxi_service: request handled request_id=req-2704bdb61143ca0fc25298bb7d2bca76 method=POST path=/lingxi/v1/sessions/sess_local_alpha/execute status=409
2026-09-29T13:13:25.069689Z  INFO lingxi_service: request handled request_id=req-760683d59cf8385f9365b55a49c40d3a method=POST path=/lingxi/v1/sessions/sess_local_alpha/execute status=409
2026-09-29T13:13:25.069519Z  INFO lingxi_service: request handled request_id=req-87f54403fcf36a20ff68c687c8ce22a7 method=POST path=/lingxi/v1/sessions/sess_local_alpha/execute status=409
2026-09-29T13:13:25.069733Z  INFO lingxi_service: request handled request_id=req-8df3bbbd98b5d57e9e454f733f79284b method=POST path=/lingxi/v1/sessions/sess_local_alpha/execute status=409
2026-09-29T13:13:25.069931Z  INFO lingxi_service: request handled request_id=req-c813c60ef46af22e45dbe0ed2fbc48ce method=POST path=/lingxi/v1/sessions/sess_local_alpha/execute status=409
2026-09-29T13:13:25.070032Z  INFO lingxi_service::sessions: normal submission to a busy session rejected (session_busy; retryable) session_id="sess_local_alpha"
2026-09-29T13:13:25.070038Z  INFO lingxi_service::sessions: run settled through the single finalize path run_id=run_000001a0ed4c714c_000001 session_id="sess_local_alpha" outcome=completed.no_final.no_provider_configured input_chars=16
2026-09-29T13:13:25.070052Z  INFO lingxi_service::sessions: normal submission to a busy session rejected (session_busy; retryable) session_id="sess_local_alpha"
2026-09-29T13:13:25.070131Z  INFO lingxi_service::sessions: normal submission to a busy session rejected (session_busy; retryable) session_id="sess_local_alpha"
2026-09-29T13:13:25.070102Z  INFO lingxi_service::sessions: normal submission to a busy session rejected (session_busy; retryable) session_id="sess_local_alpha"
2026-09-29T13:13:25.070213Z  INFO lingxi_service: request handled request_id=req-0141cfd2a1ed6579262c5d7cde5b0451 method=POST path=/lingxi/v1/sessions/sess_local_alpha/execute status=409
2026-09-29T13:13:25.070080Z  INFO lingxi_service::sessions: normal submission to a busy session rejected (session_busy; retryable) session_id="sess_local_alpha"
2026-09-29T13:13:25.070148Z  INFO lingxi_service::sessions: normal submission to a busy session rejected (session_busy; retryable) session_id="sess_local_alpha"
2026-09-29T13:13:25.070121Z  INFO lingxi_service::sessions: normal submission to a busy session rejected (session_busy; retryable) session_id="sess_local_alpha"
2026-09-29T13:13:25.070267Z  INFO lingxi_service: request handled request_id=req-21ca5ce7d63076725c2434051dc0e412 method=POST path=/lingxi/v1/sessions/sess_local_alpha/execute status=200
2026-09-29T13:13:25.070280Z  INFO lingxi_service: request handled request_id=req-6625e17d881760dc8645b0406146f24d method=POST path=/lingxi/v1/sessions/sess_local_alpha/execute status=409
2026-09-29T13:13:25.070392Z  INFO lingxi_service: request handled request_id=req-87d82ba6b38bee5acdf241976751f1c4 method=POST path=/lingxi/v1/sessions/sess_local_alpha/execute status=409
2026-09-29T13:13:25.070332Z  INFO lingxi_service: request handled request_id=req-ace0f96e51f181e7d6b6e3c8dbab99a9 method=POST path=/lingxi/v1/sessions/sess_local_alpha/execute status=409
2026-09-29T13:13:25.070353Z  INFO lingxi_service: request handled request_id=req-7f360d771067b294916ff1b9276d0205 method=POST path=/lingxi/v1/sessions/sess_local_alpha/execute status=409
2026-09-29T13:13:25.070327Z  INFO lingxi_service: request handled request_id=req-984018869b3f0652f25f7e70ca7b55cb method=POST path=/lingxi/v1/sessions/sess_local_alpha/execute status=409
2026-09-29T13:13:25.070445Z  INFO lingxi_service: request handled request_id=req-f9d60d4e1e983da9b17860e574250a26 method=POST path=/lingxi/v1/sessions/sess_local_alpha/execute status=409
2026-09-29T13:13:25.070876Z  INFO lingxi_service::sessions: normal submission to a busy session rejected (session_busy; retryable) session_id="sess_local_alpha"
2026-09-29T13:13:25.070899Z  INFO lingxi_service::sessions: normal submission to a busy session rejected (session_busy; retryable) session_id="sess_local_alpha"
2026-09-29T13:13:25.070886Z  INFO lingxi_service::sessions: normal submission to a busy session rejected (session_busy; retryable) session_id="sess_local_alpha"
2026-09-29T13:13:25.070981Z  INFO lingxi_service: request handled request_id=req-a2a740ef9e5389184943b0dccd3a35a5 method=POST path=/lingxi/v1/sessions/sess_local_alpha/execute status=409
2026-09-29T13:13:25.070988Z  INFO lingxi_service: request handled request_id=req-bd650f2744dff3047cc2f53d6c160f18 method=POST path=/lingxi/v1/sessions/sess_local_alpha/execute status=409
2026-09-29T13:13:25.071071Z  INFO lingxi_service: request handled request_id=req-e320e111e578b9c2f89c18f363caccdf method=POST path=/lingxi/v1/sessions/sess_local_alpha/execute status=409
2026-09-29T13:13:25.071103Z  INFO lingxi_service::sessions: normal submission to a busy session rejected (session_busy; retryable) session_id="sess_local_alpha"
2026-09-29T13:13:25.071117Z  INFO lingxi_service::sessions: normal submission to a busy session rejected (session_busy; retryable) session_id="sess_local_alpha"
2026-09-29T13:13:25.071196Z  INFO lingxi_service: request handled request_id=req-830f59e8d3c9147f67bcd5d199656701 method=POST path=/lingxi/v1/sessions/sess_local_alpha/execute status=409
2026-09-29T13:13:25.071207Z  INFO lingxi_service: request handled request_id=req-6a544f6b31a866d55d580d2d1cbb082f method=POST path=/lingxi/v1/sessions/sess_local_alpha/execute status=409
2026-09-29T13:13:25.071344Z  INFO lingxi_service::sessions: run settled through the single finalize path run_id=run_000001a0ed4c714e_000002 session_id="sess_local_alpha" outcome=completed.no_final.no_provider_configured input_chars=16
2026-09-29T13:13:25.071484Z  INFO lingxi_service: request handled request_id=req-a20ee76c00f34713bf0118b3e42ec7c2 method=POST path=/lingxi/v1/sessions/sess_local_alpha/execute status=200
2026-09-29T13:13:25.073552Z  INFO lingxi_service::sessions: normal submission to a busy session rejected (session_busy; retryable) session_id="sess_local_alpha"
2026-09-29T13:13:25.073554Z  INFO lingxi_service::sessions: normal submission to a busy session rejected (session_busy; retryable) session_id="sess_local_alpha"
2026-09-29T13:13:25.073569Z  INFO lingxi_service::sessions: normal submission to a busy session rejected (session_busy; retryable) session_id="sess_local_alpha"
2026-09-29T13:13:25.073657Z  INFO lingxi_service: request handled request_id=req-4f349f670ff7bbe3e2c77a19bcea9736 method=POST path=/lingxi/v1/sessions/sess_local_alpha/execute status=409
2026-09-29T13:13:25.073683Z  INFO lingxi_service: request handled request_id=req-2ec7afc36279c131bc549cb239822d5a method=POST path=/lingxi/v1/sessions/sess_local_alpha/execute status=409
2026-09-29T13:13:25.073694Z  INFO lingxi_service: request handled request_id=req-3717634be26c724fe203f063a6a94329 method=POST path=/lingxi/v1/sessions/sess_local_alpha/execute status=409
2026-09-29T13:13:25.073719Z  INFO lingxi_service::sessions: normal submission to a busy session rejected (session_busy; retryable) session_id="sess_local_alpha"
2026-09-29T13:13:25.073820Z  INFO lingxi_service: request handled request_id=req-6ae25872b15f046fc0d72c503cc18364 method=POST path=/lingxi/v1/sessions/sess_local_alpha/execute status=409
2026-09-29T13:13:25.073924Z  INFO lingxi_service::sessions: normal submission to a busy session rejected (session_busy; retryable) session_id="sess_local_alpha"
2026-09-29T13:13:25.073920Z  INFO lingxi_service::sessions: run settled through the single finalize path run_id=run_000001a0ed4c7151_000003 session_id="sess_local_alpha" outcome=completed.no_final.no_provider_configured input_chars=16
2026-09-29T13:13:25.074054Z  INFO lingxi_service: request handled request_id=req-56e54746abfe6762772c786c85912ed9 method=POST path=/lingxi/v1/sessions/sess_local_alpha/execute status=409
2026-09-29T13:13:25.074094Z  INFO lingxi_service: request handled request_id=req-787ce5027a16f9c270c72e543465eddf method=POST path=/lingxi/v1/sessions/sess_local_alpha/execute status=200
2026-09-29T13:13:25.074619Z  INFO lingxi_service::sessions: normal submission to a busy session rejected (session_busy; retryable) session_id="sess_local_alpha"
2026-09-29T13:13:25.074702Z  INFO lingxi_service: request handled request_id=req-56e5e3cafe8477d4dc0f49fb0fbc9723 method=POST path=/lingxi/v1/sessions/sess_local_alpha/execute status=409
2026-09-29T13:13:25.074816Z  INFO lingxi_service::sessions: normal submission to a busy session rejected (session_busy; retryable) session_id="sess_local_alpha"
2026-09-29T13:13:25.074803Z  INFO lingxi_service::sessions: run settled through the single finalize path run_id=run_000001a0ed4c7152_000004 session_id="sess_local_alpha" outcome=completed.no_final.no_provider_configured input_chars=16
2026-09-29T13:13:25.074829Z  INFO lingxi_service::sessions: normal submission to a busy session rejected (session_busy; retryable) session_id="sess_local_alpha"
2026-09-29T13:13:25.074896Z  INFO lingxi_service: request handled request_id=req-ce2713f1ec9a9d982b0bf302e5959a7b method=POST path=/lingxi/v1/sessions/sess_local_alpha/execute status=409
2026-09-29T13:13:25.074926Z  INFO lingxi_service: request handled request_id=req-86844668c5934cfb1e159c93ec2d6486 method=POST path=/lingxi/v1/sessions/sess_local_alpha/execute status=409
2026-09-29T13:13:25.074952Z  INFO lingxi_service: request handled request_id=req-75362db4356a7ba66a166dfa23cfcb87 method=POST path=/lingxi/v1/sessions/sess_local_alpha/execute status=200
2026-09-29T13:13:25.075403Z  INFO lingxi_service::sessions: normal submission to a busy session rejected (session_busy; retryable) session_id="sess_local_alpha"
2026-09-29T13:13:25.075487Z  INFO lingxi_service: request handled request_id=req-52a97bcd6bfc2f2643724cf2173f9c02 method=POST path=/lingxi/v1/sessions/sess_local_alpha/execute status=409
2026-09-29T13:13:25.075780Z  INFO lingxi_service::sessions: run settled through the single finalize path run_id=run_000001a0ed4c7153_000005 session_id="sess_local_alpha" outcome=completed.no_final.no_provider_configured input_chars=16
2026-09-29T13:13:25.075915Z  INFO lingxi_service: request handled request_id=req-e83e1a0e1481b278c046f27eb83572a4 method=POST path=/lingxi/v1/sessions/sess_local_alpha/execute status=200
2026-09-29T13:13:25.076283Z  INFO lingxi_service::sessions: normal submission to a busy session rejected (session_busy; retryable) session_id="sess_local_alpha"
2026-09-29T13:13:25.076386Z  INFO lingxi_service: request handled request_id=req-350586df258bc0a470f61fd35c1b3e19 method=POST path=/lingxi/v1/sessions/sess_local_alpha/execute status=409
2026-09-29T13:13:25.076719Z  INFO lingxi_service::sessions: normal submission to a busy session rejected (session_busy; retryable) session_id="sess_local_alpha"
2026-09-29T13:13:25.076757Z  INFO lingxi_service::sessions: normal submission to a busy session rejected (session_busy; retryable) session_id="sess_local_alpha"
2026-09-29T13:13:25.076771Z  INFO lingxi_service::sessions: normal submission to a busy session rejected (session_busy; retryable) session_id="sess_local_alpha"
2026-09-29T13:13:25.076798Z  INFO lingxi_service: request handled request_id=req-c127d23ca6418fe839e9dee258214355 method=POST path=/lingxi/v1/sessions/sess_local_alpha/execute status=409
2026-09-29T13:13:25.076830Z  INFO lingxi_service: request handled request_id=req-771182825e0e5bd4c2a189ad635915cb method=POST path=/lingxi/v1/sessions/sess_local_alpha/execute status=409
2026-09-29T13:13:25.076901Z  INFO lingxi_service: request handled request_id=req-ce0c49e3178f4a2a1a512929cab190c4 method=POST path=/lingxi/v1/sessions/sess_local_alpha/execute status=409
2026-09-29T13:13:25.076997Z  INFO lingxi_service::sessions: normal submission to a busy session rejected (session_busy; retryable) session_id="sess_local_alpha"
2026-09-29T13:13:25.077005Z  INFO lingxi_service::sessions: run settled through the single finalize path run_id=run_000001a0ed4c7154_000006 session_id="sess_local_alpha" outcome=completed.no_final.no_provider_configured input_chars=16
2026-09-29T13:13:25.077024Z  INFO lingxi_service::sessions: normal submission to a busy session rejected (session_busy; retryable) session_id="sess_local_alpha"
2026-09-29T13:13:25.077078Z  INFO lingxi_service::sessions: normal submission to a busy session rejected (session_busy; retryable) session_id="sess_local_alpha"
2026-09-29T13:13:25.077092Z  INFO lingxi_service: request handled request_id=req-9658c707218450ae86ced9b9f222ea56 method=POST path=/lingxi/v1/sessions/sess_local_alpha/execute status=409
2026-09-29T13:13:25.077186Z  INFO lingxi_service: request handled request_id=req-39ecbba71f14884aa354602761cf788f method=POST path=/lingxi/v1/sessions/sess_local_alpha/execute status=409
2026-09-29T13:13:25.077188Z  INFO lingxi_service: request handled request_id=req-11522e4749d61fcd209956c7e6613e8a method=POST path=/lingxi/v1/sessions/sess_local_alpha/execute status=200
2026-09-29T13:13:25.077192Z  INFO lingxi_service: request handled request_id=req-bb528c6f76af6f16f0d51bc35b0771bf method=POST path=/lingxi/v1/sessions/sess_local_alpha/execute status=409
2026-09-29T13:13:25.077837Z  INFO lingxi_service::sessions: normal submission to a busy session rejected (session_busy; retryable) session_id="sess_local_alpha"
2026-09-29T13:13:25.077906Z  INFO lingxi_service: request handled request_id=req-569727efe86be987a3749d4c66767260 method=POST path=/lingxi/v1/sessions/sess_local_alpha/execute status=409
2026-09-29T13:13:25.078018Z  INFO lingxi_service::sessions: normal submission to a busy session rejected (session_busy; retryable) session_id="sess_local_alpha"
2026-09-29T13:13:25.078014Z  INFO lingxi_service::sessions: run settled through the single finalize path run_id=run_000001a0ed4c7155_000007 session_id="sess_local_alpha" outcome=completed.no_final.no_provider_configured input_chars=16
2026-09-29T13:13:25.078035Z  INFO lingxi_service::sessions: normal submission to a busy session rejected (session_busy; retryable) session_id="sess_local_alpha"
2026-09-29T13:13:25.078090Z  INFO lingxi_service: request handled request_id=req-ff8deefc417538bfb7172fe36d66b737 method=POST path=/lingxi/v1/sessions/sess_local_alpha/execute status=409
2026-09-29T13:13:25.078122Z  INFO lingxi_service: request handled request_id=req-9d66124e885cd5a288495f7f92a7b41a method=POST path=/lingxi/v1/sessions/sess_local_alpha/execute status=409
2026-09-29T13:13:25.078160Z  INFO lingxi_service: request handled request_id=req-8831360e9f76397f6c13455b9a6edbe6 method=POST path=/lingxi/v1/sessions/sess_local_alpha/execute status=200
2026-09-29T13:13:25.079407Z  INFO lingxi_service::sessions: normal submission to a busy session rejected (session_busy; retryable) session_id="sess_local_alpha"
2026-09-29T13:13:25.079454Z  INFO lingxi_service::sessions: normal submission to a busy session rejected (session_busy; retryable) session_id="sess_local_alpha"
2026-09-29T13:13:25.079495Z  INFO lingxi_service: request handled request_id=req-fcc8e8452aa4c4747713fa1ea31f4e6b method=POST path=/lingxi/v1/sessions/sess_local_alpha/execute status=409
2026-09-29T13:13:25.079554Z  INFO lingxi_service: request handled request_id=req-9faf9bcb5cb5edc7b3ed08d27943b377 method=POST path=/lingxi/v1/sessions/sess_local_alpha/execute status=409
2026-09-29T13:13:25.079777Z  INFO lingxi_service::sessions: normal submission to a busy session rejected (session_busy; retryable) session_id="sess_local_alpha"
2026-09-29T13:13:25.079777Z  INFO lingxi_service::sessions: run settled through the single finalize path run_id=run_000001a0ed4c7157_000008 session_id="sess_local_alpha" outcome=completed.no_final.no_provider_configured input_chars=16
2026-09-29T13:13:25.079871Z  INFO lingxi_service: request handled request_id=req-9626c379e32b58f2b4e3cd0d25258fe3 method=POST path=/lingxi/v1/sessions/sess_local_alpha/execute status=409
2026-09-29T13:13:25.079920Z  INFO lingxi_service: request handled request_id=req-96ea569eeb0fdd1cc949079dd1c4ce97 method=POST path=/lingxi/v1/sessions/sess_local_alpha/execute status=200
2026-09-29T13:13:25.080001Z  INFO lingxi_service::sessions: normal submission to a busy session rejected (session_busy; retryable) session_id="sess_local_alpha"
2026-09-29T13:13:25.080082Z  INFO lingxi_service: request handled request_id=req-2ae301bee5e3edd8742acd7a59b5f408 method=POST path=/lingxi/v1/sessions/sess_local_alpha/execute status=409
2026-09-29T13:13:25.080375Z  INFO lingxi_service::sessions: normal submission to a busy session rejected (session_busy; retryable) session_id="sess_local_alpha"
2026-09-29T13:13:25.080388Z  INFO lingxi_service::sessions: normal submission to a busy session rejected (session_busy; retryable) session_id="sess_local_alpha"
2026-09-29T13:13:25.080394Z  INFO lingxi_service::sessions: normal submission to a busy session rejected (session_busy; retryable) session_id="sess_local_alpha"
2026-09-29T13:13:25.080450Z  INFO lingxi_service: request handled request_id=req-0fc46a8a60d2f3b56ae0651586975bf4 method=POST path=/lingxi/v1/sessions/sess_local_alpha/execute status=409
2026-09-29T13:13:25.080524Z  INFO lingxi_service: request handled request_id=req-ae167ea66aaea6f9016d8e5f6a3d5fd4 method=POST path=/lingxi/v1/sessions/sess_local_alpha/execute status=409
2026-09-29T13:13:25.080553Z  INFO lingxi_service: request handled request_id=req-2e92e15ff6eca06f2757d50212b50a4f method=POST path=/lingxi/v1/sessions/sess_local_alpha/execute status=409
2026-09-29T13:13:25.080586Z  INFO lingxi_service::sessions: normal submission to a busy session rejected (session_busy; retryable) session_id="sess_local_alpha"
2026-09-29T13:13:25.080684Z  INFO lingxi_service: request handled request_id=req-115cb6dc8a33f92dadfb1539bbc86a53 method=POST path=/lingxi/v1/sessions/sess_local_alpha/execute status=409
2026-09-29T13:13:25.080815Z  INFO lingxi_service::sessions: run settled through the single finalize path run_id=run_000001a0ed4c7157_000009 session_id="sess_local_alpha" outcome=completed.no_final.no_provider_configured input_chars=16
2026-09-29T13:13:25.080870Z  INFO lingxi_service::sessions: normal submission to a busy session rejected (session_busy; retryable) session_id="sess_local_alpha"
2026-09-29T13:13:25.080983Z  INFO lingxi_service: request handled request_id=req-6924fddb71ea304aa1b71b473d1bd662 method=POST path=/lingxi/v1/sessions/sess_local_alpha/execute status=200
2026-09-29T13:13:25.080984Z  INFO lingxi_service: request handled request_id=req-94924dbfc9fca58821ad6db57d172f9d method=POST path=/lingxi/v1/sessions/sess_local_alpha/execute status=409
2026-09-29T13:13:25.081438Z  INFO lingxi_service::sessions: normal submission to a busy session rejected (session_busy; retryable) session_id="sess_local_alpha"
2026-09-29T13:13:25.081541Z  INFO lingxi_service: request handled request_id=req-cc9a5acbe6e55e8912b15c24aa33feff method=POST path=/lingxi/v1/sessions/sess_local_alpha/execute status=409
2026-09-29T13:13:25.081781Z  INFO lingxi_service::sessions: normal submission to a busy session rejected (session_busy; retryable) session_id="sess_local_alpha"
2026-09-29T13:13:25.081774Z  INFO lingxi_service::sessions: run settled through the single finalize path run_id=run_000001a0ed4c7159_00000a session_id="sess_local_alpha" outcome=completed.no_final.no_provider_configured input_chars=16
2026-09-29T13:13:25.081864Z  INFO lingxi_service: request handled request_id=req-53f1527240882a207e1084c61adef450 method=POST path=/lingxi/v1/sessions/sess_local_alpha/execute status=409
2026-09-29T13:13:25.081907Z  INFO lingxi_service: request handled request_id=req-fabb6f7ba016ee07e0deee4dd67ab4a9 method=POST path=/lingxi/v1/sessions/sess_local_alpha/execute status=200
2026-09-29T13:13:25.082227Z  INFO lingxi_service::sessions: normal submission to a busy session rejected (session_busy; retryable) session_id="sess_local_alpha"
2026-09-29T13:13:25.082308Z  INFO lingxi_service: request handled request_id=req-87f68150fc70f51edec62fd59450ecf5 method=POST path=/lingxi/v1/sessions/sess_local_alpha/execute status=409
2026-09-29T13:13:25.082555Z  INFO lingxi_service::sessions: run settled through the single finalize path run_id=run_000001a0ed4c7159_00000b session_id="sess_local_alpha" outcome=completed.no_final.no_provider_configured input_chars=16
2026-09-29T13:13:25.082683Z  INFO lingxi_service: request handled request_id=req-265c98fbdf6b72699ea7509713ab8c5c method=POST path=/lingxi/v1/sessions/sess_local_alpha/execute status=200
2026-09-29T13:13:25.083223Z  INFO lingxi_service::sessions: normal submission to a busy session rejected (session_busy; retryable) session_id="sess_local_alpha"
2026-09-29T13:13:25.083244Z  INFO lingxi_service::sessions: normal submission to a busy session rejected (session_busy; retryable) session_id="sess_local_alpha"
2026-09-29T13:13:25.083231Z  INFO lingxi_service::sessions: normal submission to a busy session rejected (session_busy; retryable) session_id="sess_local_alpha"
2026-09-29T13:13:25.083340Z  INFO lingxi_service: request handled request_id=req-bfb423fa253badfd77ae944495a1c38d method=POST path=/lingxi/v1/sessions/sess_local_alpha/execute status=409
2026-09-29T13:13:25.083385Z  INFO lingxi_service::sessions: normal submission to a busy session rejected (session_busy; retryable) session_id="sess_local_alpha"
2026-09-29T13:13:25.083402Z  INFO lingxi_service::sessions: normal submission to a busy session rejected (session_busy; retryable) session_id="sess_local_alpha"
2026-09-29T13:13:25.083402Z  INFO lingxi_service: request handled request_id=req-4d26df063db35d893ce2e522e029705d method=POST path=/lingxi/v1/sessions/sess_local_alpha/execute status=409
2026-09-29T13:13:25.083407Z  INFO lingxi_service: request handled request_id=req-f138c9f6067d16c3658b2d58ad19fabe method=POST path=/lingxi/v1/sessions/sess_local_alpha/execute status=409
2026-09-29T13:13:25.083410Z  INFO lingxi_service::sessions: normal submission to a busy session rejected (session_busy; retryable) session_id="sess_local_alpha"
2026-09-29T13:13:25.083473Z  INFO lingxi_service: request handled request_id=req-1f1ce172449bd325fb5c060fe18d552d method=POST path=/lingxi/v1/sessions/sess_local_alpha/execute status=409
2026-09-29T13:13:25.083489Z  INFO lingxi_service: request handled request_id=req-31f962667c2f807b81a21d8cc6b8e5e4 method=POST path=/lingxi/v1/sessions/sess_local_alpha/execute status=409
2026-09-29T13:13:25.083580Z  INFO lingxi_service: request handled request_id=req-636f0cf88051ca484473d9b6a33ccad6 method=POST path=/lingxi/v1/sessions/sess_local_alpha/execute status=409
2026-09-29T13:13:25.083639Z  INFO lingxi_service::sessions: normal submission to a busy session rejected (session_busy; retryable) session_id="sess_local_alpha"
2026-09-29T13:13:25.083636Z  INFO lingxi_service::sessions: run settled through the single finalize path run_id=run_000001a0ed4c715a_00000c session_id="sess_local_alpha" outcome=completed.no_final.no_provider_configured input_chars=16
2026-09-29T13:13:25.083711Z  INFO lingxi_service: request handled request_id=req-f6ebdb690cdde87928f093a8a18928f7 method=POST path=/lingxi/v1/sessions/sess_local_alpha/execute status=409
2026-09-29T13:13:25.083750Z  INFO lingxi_service: request handled request_id=req-440c837190463703c86987dc2d37f269 method=POST path=/lingxi/v1/sessions/sess_local_alpha/execute status=200
2026-09-29T13:13:25.085153Z  INFO lingxi_service::sessions: normal submission to a busy session rejected (session_busy; retryable) session_id="sess_local_alpha"
2026-09-29T13:13:25.085162Z  INFO lingxi_service::sessions: normal submission to a busy session rejected (session_busy; retryable) session_id="sess_local_alpha"
2026-09-29T13:13:25.085232Z  INFO lingxi_service: request handled request_id=req-222680b6eac9f093d71ea08dd57c3354 method=POST path=/lingxi/v1/sessions/sess_local_alpha/execute status=409
2026-09-29T13:13:25.085285Z  INFO lingxi_service: request handled request_id=req-1abc6e32bcff282551e51a4e485e067a method=POST path=/lingxi/v1/sessions/sess_local_alpha/execute status=409
2026-09-29T13:13:25.085382Z  INFO lingxi_service::sessions: run settled through the single finalize path run_id=run_000001a0ed4c715c_00000d session_id="sess_local_alpha" outcome=completed.no_final.no_provider_configured input_chars=16
2026-09-29T13:13:25.085473Z  INFO lingxi_service::sessions: normal submission to a busy session rejected (session_busy; retryable) session_id="sess_local_alpha"
2026-09-29T13:13:25.085546Z  INFO lingxi_service: request handled request_id=req-4e197c0b580e2884bdab39081a91b97c method=POST path=/lingxi/v1/sessions/sess_local_alpha/execute status=200
2026-09-29T13:13:25.085576Z  INFO lingxi_service::sessions: normal submission to a busy session rejected (session_busy; retryable) session_id="sess_local_alpha"
2026-09-29T13:13:25.085557Z  INFO lingxi_service: request handled request_id=req-7ea3a06c0f53744f4c6e7648d0049152 method=POST path=/lingxi/v1/sessions/sess_local_alpha/execute status=409
2026-09-29T13:13:25.085709Z  INFO lingxi_service: request handled request_id=req-64c28f12401262a367f4e1dc060f2618 method=POST path=/lingxi/v1/sessions/sess_local_alpha/execute status=409
2026-09-29T13:13:25.085906Z  INFO lingxi_service::sessions: normal submission to a busy session rejected (session_busy; retryable) session_id="sess_local_alpha"
2026-09-29T13:13:25.085924Z  INFO lingxi_service::sessions: normal submission to a busy session rejected (session_busy; retryable) session_id="sess_local_alpha"
2026-09-29T13:13:25.085976Z  INFO lingxi_service: request handled request_id=req-5df143848cf807de4e209ee5470eba81 method=POST path=/lingxi/v1/sessions/sess_local_alpha/execute status=409
2026-09-29T13:13:25.086003Z  INFO lingxi_service: request handled request_id=req-2a798732be6d6e986706b70cf8fbb2c0 method=POST path=/lingxi/v1/sessions/sess_local_alpha/execute status=409
2026-09-29T13:13:25.086047Z  INFO lingxi_service::sessions: normal submission to a busy session rejected (session_busy; retryable) session_id="sess_local_alpha"
2026-09-29T13:13:25.086115Z  INFO lingxi_service: request handled request_id=req-49f6c77fdbd40803bc052646409dd069 method=POST path=/lingxi/v1/sessions/sess_local_alpha/execute status=409
2026-09-29T13:13:25.086244Z  INFO lingxi_service::sessions: run settled through the single finalize path run_id=run_000001a0ed4c715d_00000e session_id="sess_local_alpha" outcome=completed.no_final.no_provider_configured input_chars=16
2026-09-29T13:13:25.086343Z  INFO lingxi_service: request handled request_id=req-7983062c2a282915e0a258c920f3b911 method=POST path=/lingxi/v1/sessions/sess_local_alpha/execute status=200
2026-09-29T13:13:25.086965Z  INFO lingxi_service::sessions: run settled through the single finalize path run_id=run_000001a0ed4c715e_00000f session_id="sess_local_alpha" outcome=completed.no_final.no_provider_configured input_chars=16
2026-09-29T13:13:25.087130Z  INFO lingxi_service: request handled request_id=req-7d9218b9be922afdad7ba0e18504aeae method=POST path=/lingxi/v1/sessions/sess_local_alpha/execute status=200
2026-09-29T13:13:25.087519Z  INFO lingxi_service::sessions: normal submission to a busy session rejected (session_busy; retryable) session_id="sess_local_alpha"
2026-09-29T13:13:25.087544Z  INFO lingxi_service::sessions: normal submission to a busy session rejected (session_busy; retryable) session_id="sess_local_alpha"
2026-09-29T13:13:25.087593Z  INFO lingxi_service: request handled request_id=req-7cc63a5947ab1dfe782af88b16995b3a method=POST path=/lingxi/v1/sessions/sess_local_alpha/execute status=409
2026-09-29T13:13:25.087617Z  INFO lingxi_service: request handled request_id=req-3b56dd5c7bb37a15043a6cb3a500140e method=POST path=/lingxi/v1/sessions/sess_local_alpha/execute status=409
2026-09-29T13:13:25.087729Z  INFO lingxi_service::sessions: run settled through the single finalize path run_id=run_000001a0ed4c715f_000010 session_id="sess_local_alpha" outcome=completed.no_final.no_provider_configured input_chars=16
2026-09-29T13:13:25.087742Z  INFO lingxi_service::sessions: normal submission to a busy session rejected (session_busy; retryable) session_id="sess_local_alpha"
2026-09-29T13:13:25.087840Z  INFO lingxi_service: request handled request_id=req-3a9aa2c6776824c4b6e18a932c3aef70 method=POST path=/lingxi/v1/sessions/sess_local_alpha/execute status=409
2026-09-29T13:13:25.087855Z  INFO lingxi_service: request handled request_id=req-551980532ecd3988c05265c6042576ec method=POST path=/lingxi/v1/sessions/sess_local_alpha/execute status=200
2026-09-29T13:13:25.088920Z  INFO lingxi_service::sessions: normal submission to a busy session rejected (session_busy; retryable) session_id="sess_local_alpha"
2026-09-29T13:13:25.088941Z  INFO lingxi_service::sessions: normal submission to a busy session rejected (session_busy; retryable) session_id="sess_local_alpha"
2026-09-29T13:13:25.088935Z  INFO lingxi_service::sessions: normal submission to a busy session rejected (session_busy; retryable) session_id="sess_local_alpha"
2026-09-29T13:13:25.088968Z  INFO lingxi_service::sessions: normal submission to a busy session rejected (session_busy; retryable) session_id="sess_local_alpha"
2026-09-29T13:13:25.088913Z  INFO lingxi_service::sessions: run settled through the single finalize path run_id=run_000001a0ed4c7160_000011 session_id="sess_local_alpha" outcome=completed.no_final.no_provider_configured input_chars=16
2026-09-29T13:13:25.089024Z  INFO lingxi_service: request handled request_id=req-fee260b5d801d70646f80b9701d1d121 method=POST path=/lingxi/v1/sessions/sess_local_alpha/execute status=409
2026-09-29T13:13:25.089011Z  INFO lingxi_service: request handled request_id=req-ae72b01114aeae410b839ebd89f4a7dd method=POST path=/lingxi/v1/sessions/sess_local_alpha/execute status=409
2026-09-29T13:13:25.089033Z  INFO lingxi_service::sessions: normal submission to a busy session rejected (session_busy; retryable) session_id="sess_local_alpha"
2026-09-29T13:13:25.089048Z  INFO lingxi_service: request handled request_id=req-d74957d52a29831f1529f7164b51473e method=POST path=/lingxi/v1/sessions/sess_local_alpha/execute status=409
2026-09-29T13:13:25.089074Z  INFO lingxi_service: request handled request_id=req-8192f992b9336dea1cb2c6ba291e4ff5 method=POST path=/lingxi/v1/sessions/sess_local_alpha/execute status=409
2026-09-29T13:13:25.089165Z  INFO lingxi_service: request handled request_id=req-378714dafd7001ffe337548d76a0f3ff method=POST path=/lingxi/v1/sessions/sess_local_alpha/execute status=200
2026-09-29T13:13:25.089189Z  INFO lingxi_service: request handled request_id=req-28884b133d35e51c1af9f68beaa74d8e method=POST path=/lingxi/v1/sessions/sess_local_alpha/execute status=409
2026-09-29T13:13:25.089379Z  INFO lingxi_service::sessions: normal submission to a busy session rejected (session_busy; retryable) session_id="sess_local_alpha"
2026-09-29T13:13:25.089448Z  INFO lingxi_service: request handled request_id=req-721e3f0b6e6986a198767a194ec51006 method=POST path=/lingxi/v1/sessions/sess_local_alpha/execute status=409
2026-09-29T13:13:25.089713Z  INFO lingxi_service::sessions: normal submission to a busy session rejected (session_busy; retryable) session_id="sess_local_alpha"
2026-09-29T13:13:25.089820Z  INFO lingxi_service: request handled request_id=req-6eb1d4be3392a12cbab5a6c21176a7a2 method=POST path=/lingxi/v1/sessions/sess_local_alpha/execute status=409
2026-09-29T13:13:25.089872Z  INFO lingxi_service::sessions: normal submission to a busy session rejected (session_busy; retryable) session_id="sess_local_alpha"
2026-09-29T13:13:25.089957Z  INFO lingxi_service: request handled request_id=req-eb2d4defc27b388e5eaed9696508db4d method=POST path=/lingxi/v1/sessions/sess_local_alpha/execute status=409
2026-09-29T13:13:25.090063Z  INFO lingxi_service::sessions: run settled through the single finalize path run_id=run_000001a0ed4c7161_000012 session_id="sess_local_alpha" outcome=completed.no_final.no_provider_configured input_chars=16
2026-09-29T13:13:25.090174Z  INFO lingxi_service: request handled request_id=req-706eed5418e9a81dc650722511e0ed91 method=POST path=/lingxi/v1/sessions/sess_local_alpha/execute status=200
2026-09-29T13:13:25.091314Z  INFO lingxi_service::sessions: normal submission to a busy session rejected (session_busy; retryable) session_id="sess_local_alpha"
2026-09-29T13:13:25.091421Z  INFO lingxi_service: request handled request_id=req-40daa51349349971b76a1ac9a90320a3 method=POST path=/lingxi/v1/sessions/sess_local_alpha/execute status=409
2026-09-29T13:13:25.091633Z  INFO lingxi_service::sessions: normal submission to a busy session rejected (session_busy; retryable) session_id="sess_local_alpha"
2026-09-29T13:13:25.091657Z  INFO lingxi_service::sessions: normal submission to a busy session rejected (session_busy; retryable) session_id="sess_local_alpha"
2026-09-29T13:13:25.091648Z  INFO lingxi_service::sessions: normal submission to a busy session rejected (session_busy; retryable) session_id="sess_local_alpha"
2026-09-29T13:13:25.091753Z  INFO lingxi_service: request handled request_id=req-650e8872c5432ad60764b66879207b83 method=POST path=/lingxi/v1/sessions/sess_local_alpha/execute status=409
2026-09-29T13:13:25.091806Z  INFO lingxi_service: request handled request_id=req-9df45169bc635c9de48574d1f68be4d7 method=POST path=/lingxi/v1/sessions/sess_local_alpha/execute status=409
2026-09-29T13:13:25.091831Z  INFO lingxi_service: request handled request_id=req-783c60930a40c210a02974b4ff26d385 method=POST path=/lingxi/v1/sessions/sess_local_alpha/execute status=409
2026-09-29T13:13:25.091845Z  INFO lingxi_service::sessions: normal submission to a busy session rejected (session_busy; retryable) session_id="sess_local_alpha"
2026-09-29T13:13:25.091952Z  INFO lingxi_service: request handled request_id=req-b7761a3fd5be260ff70cfef332f9f6c8 method=POST path=/lingxi/v1/sessions/sess_local_alpha/execute status=409
2026-09-29T13:13:25.092061Z  INFO lingxi_service::sessions: normal submission to a busy session rejected (session_busy; retryable) session_id="sess_local_alpha"
2026-09-29T13:13:25.092061Z  INFO lingxi_service::sessions: run settled through the single finalize path run_id=run_000001a0ed4c7163_000013 session_id="sess_local_alpha" outcome=completed.no_final.no_provider_configured input_chars=16
2026-09-29T13:13:25.092145Z  INFO lingxi_service::sessions: normal submission to a busy session rejected (session_busy; retryable) session_id="sess_local_alpha"
2026-09-29T13:13:25.092161Z  INFO lingxi_service: request handled request_id=req-274e0bfb5c5e0e4ee804985c68f30dae method=POST path=/lingxi/v1/sessions/sess_local_alpha/execute status=409
2026-09-29T13:13:25.092202Z  INFO lingxi_service: request handled request_id=req-e6846e843d95871e14d8aa8c87089b07 method=POST path=/lingxi/v1/sessions/sess_local_alpha/execute status=200
2026-09-29T13:13:25.092231Z  INFO lingxi_service: request handled request_id=req-8a00b87b131477d33d162ffee2ff6b52 method=POST path=/lingxi/v1/sessions/sess_local_alpha/execute status=409
2026-09-29T13:13:25.092653Z  INFO lingxi_service::sessions: normal submission to a busy session rejected (session_busy; retryable) session_id="sess_local_alpha"
2026-09-29T13:13:25.092736Z  INFO lingxi_service: request handled request_id=req-6b916cff818079d1d8798ed72555beba method=POST path=/lingxi/v1/sessions/sess_local_alpha/execute status=409
2026-09-29T13:13:25.092781Z  INFO lingxi_service::sessions: normal submission to a busy session rejected (session_busy; retryable) session_id="sess_local_alpha"
2026-09-29T13:13:25.092855Z  INFO lingxi_service: request handled request_id=req-c969ce92b30f43b3f656f103b89f4025 method=POST path=/lingxi/v1/sessions/sess_local_alpha/execute status=409
2026-09-29T13:13:25.092963Z  INFO lingxi_service::sessions: run settled through the single finalize path run_id=run_000001a0ed4c7164_000014 session_id="sess_local_alpha" outcome=completed.no_final.no_provider_configured input_chars=17
2026-09-29T13:13:25.093072Z  INFO lingxi_service: request handled request_id=req-cbd00f4786746e4acb65b943370573e0 method=POST path=/lingxi/v1/sessions/sess_local_alpha/execute status=200
2026-09-29T13:13:25.093712Z  INFO lingxi_service::sessions: normal submission to a busy session rejected (session_busy; retryable) session_id="sess_local_alpha"
2026-09-29T13:13:25.093723Z  INFO lingxi_service::sessions: normal submission to a busy session rejected (session_busy; retryable) session_id="sess_local_alpha"
2026-09-29T13:13:25.093794Z  INFO lingxi_service: request handled request_id=req-5bc6f043fa6355b5e5bd1978e6558209 method=POST path=/lingxi/v1/sessions/sess_local_alpha/execute status=409
2026-09-29T13:13:25.093873Z  INFO lingxi_service: request handled request_id=req-fe3558dbaee4e9acd2c1983695b8df00 method=POST path=/lingxi/v1/sessions/sess_local_alpha/execute status=409
2026-09-29T13:13:25.094099Z  INFO lingxi_service::sessions: run settled through the single finalize path run_id=run_000001a0ed4c7165_000015 session_id="sess_local_alpha" outcome=completed.no_final.no_provider_configured input_chars=17
2026-09-29T13:13:25.094123Z  INFO lingxi_service::sessions: normal submission to a busy session rejected (session_busy; retryable) session_id="sess_local_alpha"
2026-09-29T13:13:25.094125Z  INFO lingxi_service::sessions: normal submission to a busy session rejected (session_busy; retryable) session_id="sess_local_alpha"
2026-09-29T13:13:25.094254Z  INFO lingxi_service: request handled request_id=req-e7b4943d1d4359cc9c3d442167103f4f method=POST path=/lingxi/v1/sessions/sess_local_alpha/execute status=409
2026-09-29T13:13:25.094269Z  INFO lingxi_service: request handled request_id=req-1f0ed7042fd90678a99f9ae51c39d75d method=POST path=/lingxi/v1/sessions/sess_local_alpha/execute status=409
2026-09-29T13:13:25.094264Z  INFO lingxi_service: request handled request_id=req-bcb01d7786c379401ca3dabf657c2b39 method=POST path=/lingxi/v1/sessions/sess_local_alpha/execute status=200
2026-09-29T13:13:25.094872Z  INFO lingxi_service::sessions: run settled through the single finalize path run_id=run_000001a0ed4c7166_000016 session_id="sess_local_alpha" outcome=completed.no_final.no_provider_configured input_chars=17
2026-09-29T13:13:25.094884Z  INFO lingxi_service::sessions: normal submission to a busy session rejected (session_busy; retryable) session_id="sess_local_alpha"
2026-09-29T13:13:25.094887Z  INFO lingxi_service::sessions: normal submission to a busy session rejected (session_busy; retryable) session_id="sess_local_alpha"
2026-09-29T13:13:25.094902Z  INFO lingxi_service::sessions: normal submission to a busy session rejected (session_busy; retryable) session_id="sess_local_alpha"
2026-09-29T13:13:25.094983Z  INFO lingxi_service: request handled request_id=req-a0c3a837241d8efd30d3e4f66a017a9c method=POST path=/lingxi/v1/sessions/sess_local_alpha/execute status=409
2026-09-29T13:13:25.094989Z  INFO lingxi_service: request handled request_id=req-79fd79858ce430baae68ff4299e77fb2 method=POST path=/lingxi/v1/sessions/sess_local_alpha/execute status=200
2026-09-29T13:13:25.095018Z  INFO lingxi_service: request handled request_id=req-2897885baf97a62d745b554761c31f7c method=POST path=/lingxi/v1/sessions/sess_local_alpha/execute status=409
2026-09-29T13:13:25.095023Z  INFO lingxi_service: request handled request_id=req-29e08d6618514f1976f77aa8e6c5be2e method=POST path=/lingxi/v1/sessions/sess_local_alpha/execute status=409
2026-09-29T13:13:25.095282Z  INFO lingxi_service::sessions: normal submission to a busy session rejected (session_busy; retryable) session_id="sess_local_alpha"
2026-09-29T13:13:25.095365Z  INFO lingxi_service: request handled request_id=req-9758acf0005cd4c485f1c09e58ee307a method=POST path=/lingxi/v1/sessions/sess_local_alpha/execute status=409
2026-09-29T13:13:25.095684Z  INFO lingxi_service::sessions: normal submission to a busy session rejected (session_busy; retryable) session_id="sess_local_alpha"
2026-09-29T13:13:25.095691Z  INFO lingxi_service::sessions: normal submission to a busy session rejected (session_busy; retryable) session_id="sess_local_alpha"
2026-09-29T13:13:25.095763Z  INFO lingxi_service: request handled request_id=req-83f4abaecb3a0af48f1a2e802940bacc method=POST path=/lingxi/v1/sessions/sess_local_alpha/execute status=409
2026-09-29T13:13:25.095777Z  INFO lingxi_service: request handled request_id=req-74c0347523fee9a09c50a9019ad2fc81 method=POST path=/lingxi/v1/sessions/sess_local_alpha/execute status=409
2026-09-29T13:13:25.096002Z  INFO lingxi_service::sessions: run settled through the single finalize path run_id=run_000001a0ed4c7167_000017 session_id="sess_local_alpha" outcome=completed.no_final.no_provider_configured input_chars=17
2026-09-29T13:13:25.096111Z  INFO lingxi_service: request handled request_id=req-7a6ce0baab5d5d522d5f1f8608db1e37 method=POST path=/lingxi/v1/sessions/sess_local_alpha/execute status=200
2026-09-29T13:13:25.097176Z  INFO lingxi_service::sessions: normal submission to a busy session rejected (session_busy; retryable) session_id="sess_local_alpha"
2026-09-29T13:13:25.097172Z  INFO lingxi_service::sessions: run settled through the single finalize path run_id=run_000001a0ed4c7168_000018 session_id="sess_local_alpha" outcome=completed.no_final.no_provider_configured input_chars=17
2026-09-29T13:13:25.097253Z  INFO lingxi_service: request handled request_id=req-124bf24eab135008afb94e9e5aae17ae method=POST path=/lingxi/v1/sessions/sess_local_alpha/execute status=409
2026-09-29T13:13:25.097291Z  INFO lingxi_service: request handled request_id=req-8cf9d0f3f6bf6f5b09a998bc7d697b35 method=POST path=/lingxi/v1/sessions/sess_local_alpha/execute status=200
2026-09-29T13:13:25.097717Z  INFO lingxi_service::sessions: normal submission to a busy session rejected (session_busy; retryable) session_id="sess_local_alpha"
2026-09-29T13:13:25.097832Z  INFO lingxi_service: request handled request_id=req-bf8519a706ea110d59ff3e480d0c9373 method=POST path=/lingxi/v1/sessions/sess_local_alpha/execute status=409
2026-09-29T13:13:25.098077Z  INFO lingxi_service::sessions: normal submission to a busy session rejected (session_busy; retryable) session_id="sess_local_alpha"
2026-09-29T13:13:25.098068Z  INFO lingxi_service::sessions: run settled through the single finalize path run_id=run_000001a0ed4c7169_000019 session_id="sess_local_alpha" outcome=completed.no_final.no_provider_configured input_chars=17
2026-09-29T13:13:25.098083Z  INFO lingxi_service::sessions: normal submission to a busy session rejected (session_busy; retryable) session_id="sess_local_alpha"
2026-09-29T13:13:25.098111Z  INFO lingxi_service::sessions: normal submission to a busy session rejected (session_busy; retryable) session_id="sess_local_alpha"
2026-09-29T13:13:25.098145Z  INFO lingxi_service::sessions: normal submission to a busy session rejected (session_busy; retryable) session_id="sess_local_alpha"
2026-09-29T13:13:25.098163Z  INFO lingxi_service: request handled request_id=req-e6f31ff31a15ac0b87ad7b6f56eb9565 method=POST path=/lingxi/v1/sessions/sess_local_alpha/execute status=409
2026-09-29T13:13:25.098161Z  INFO lingxi_service::sessions: normal submission to a busy session rejected (session_busy; retryable) session_id="sess_local_alpha"
2026-09-29T13:13:25.098205Z  INFO lingxi_service: request handled request_id=req-2ea06a31c62a439b97bc1291834dac86 method=POST path=/lingxi/v1/sessions/sess_local_alpha/execute status=409
2026-09-29T13:13:25.098242Z  INFO lingxi_service: request handled request_id=req-270442678ecc26aae55aa86a7582b9c0 method=POST path=/lingxi/v1/sessions/sess_local_alpha/execute status=409
2026-09-29T13:13:25.098254Z  INFO lingxi_service: request handled request_id=req-f73b8960defbd4367a45e3469c1da25f method=POST path=/lingxi/v1/sessions/sess_local_alpha/execute status=200
2026-09-29T13:13:25.098256Z  INFO lingxi_service: request handled request_id=req-46f2d0a74d161f851ceae25af9851c69 method=POST path=/lingxi/v1/sessions/sess_local_alpha/execute status=409
2026-09-29T13:13:25.098273Z  INFO lingxi_service: request handled request_id=req-aad9a8715394acb4b3c3e67463e945a0 method=POST path=/lingxi/v1/sessions/sess_local_alpha/execute status=409
2026-09-29T13:13:25.099076Z  INFO lingxi_service::sessions: normal submission to a busy session rejected (session_busy; retryable) session_id="sess_local_alpha"
2026-09-29T13:13:25.099178Z  INFO lingxi_service: request handled request_id=req-3d18ebe0b68e77344898616518e4e7d3 method=POST path=/lingxi/v1/sessions/sess_local_alpha/execute status=409
2026-09-29T13:13:25.099398Z  INFO lingxi_service::sessions: normal submission to a busy session rejected (session_busy; retryable) session_id="sess_local_alpha"
2026-09-29T13:13:25.099387Z  INFO lingxi_service::sessions: run settled through the single finalize path run_id=run_000001a0ed4c716a_00001a session_id="sess_local_alpha" outcome=completed.no_final.no_provider_configured input_chars=17
2026-09-29T13:13:25.099440Z  INFO lingxi_service::sessions: normal submission to a busy session rejected (session_busy; retryable) session_id="sess_local_alpha"
2026-09-29T13:13:25.099474Z  INFO lingxi_service: request handled request_id=req-0190400a5addea72bc886199bcc88b8b method=POST path=/lingxi/v1/sessions/sess_local_alpha/execute status=409
2026-09-29T13:13:25.099512Z  INFO lingxi_service: request handled request_id=req-cef7c255eaf4030e6159d61762e8abab method=POST path=/lingxi/v1/sessions/sess_local_alpha/execute status=409
2026-09-29T13:13:25.099520Z  INFO lingxi_service: request handled request_id=req-6089bdc74c2e4aafbfa74eea5d999958 method=POST path=/lingxi/v1/sessions/sess_local_alpha/execute status=200
2026-09-29T13:13:25.099570Z  INFO lingxi_service::sessions: normal submission to a busy session rejected (session_busy; retryable) session_id="sess_local_alpha"
2026-09-29T13:13:25.099644Z  INFO lingxi_service: request handled request_id=req-7cb71fd4a4a142f705739564614f8a45 method=POST path=/lingxi/v1/sessions/sess_local_alpha/execute status=409
2026-09-29T13:13:25.099872Z  INFO lingxi_service::sessions: normal submission to a busy session rejected (session_busy; retryable) session_id="sess_local_alpha"
2026-09-29T13:13:25.099886Z  INFO lingxi_service::sessions: normal submission to a busy session rejected (session_busy; retryable) session_id="sess_local_alpha"
2026-09-29T13:13:25.099943Z  INFO lingxi_service: request handled request_id=req-d385b2f843da77250628d086ef47ae54 method=POST path=/lingxi/v1/sessions/sess_local_alpha/execute status=409
2026-09-29T13:13:25.099991Z  INFO lingxi_service: request handled request_id=req-79eebca67af6f7f7534d44568f49e8ef method=POST path=/lingxi/v1/sessions/sess_local_alpha/execute status=409
2026-09-29T13:13:25.100218Z  INFO lingxi_service::sessions: normal submission to a busy session rejected (session_busy; retryable) session_id="sess_local_alpha"
2026-09-29T13:13:25.100214Z  INFO lingxi_service::sessions: run settled through the single finalize path run_id=run_000001a0ed4c716b_00001b session_id="sess_local_alpha" outcome=completed.no_final.no_provider_configured input_chars=17
2026-09-29T13:13:25.100295Z  INFO lingxi_service: request handled request_id=req-920ebfc621e8608415c66cd084398a2b method=POST path=/lingxi/v1/sessions/sess_local_alpha/execute status=409
2026-09-29T13:13:25.100323Z  INFO lingxi_service: request handled request_id=req-463b17fff49dc015a9e8dda9a3212421 method=POST path=/lingxi/v1/sessions/sess_local_alpha/execute status=200
2026-09-29T13:13:25.101021Z  INFO lingxi_service::sessions: normal submission to a busy session rejected (session_busy; retryable) session_id="sess_local_alpha"
2026-09-29T13:13:25.101038Z  INFO lingxi_service::sessions: normal submission to a busy session rejected (session_busy; retryable) session_id="sess_local_alpha"
2026-09-29T13:13:25.101024Z  INFO lingxi_service::sessions: normal submission to a busy session rejected (session_busy; retryable) session_id="sess_local_alpha"
2026-09-29T13:13:25.101113Z  INFO lingxi_service: request handled request_id=req-97a27819d4f618063850d238edca2318 method=POST path=/lingxi/v1/sessions/sess_local_alpha/execute status=409
2026-09-29T13:13:25.101162Z  INFO lingxi_service::sessions: normal submission to a busy session rejected (session_busy; retryable) session_id="sess_local_alpha"
2026-09-29T13:13:25.101178Z  INFO lingxi_service::sessions: normal submission to a busy session rejected (session_busy; retryable) session_id="sess_local_alpha"
2026-09-29T13:13:25.101164Z  INFO lingxi_service: request handled request_id=req-a26c15db9ca88b9d358e7e4365dc2a2e method=POST path=/lingxi/v1/sessions/sess_local_alpha/execute status=409
2026-09-29T13:13:25.101179Z  INFO lingxi_service: request handled request_id=req-aa24d2ec62ea8c7e5c3b9b282f545749 method=POST path=/lingxi/v1/sessions/sess_local_alpha/execute status=409
2026-09-29T13:13:25.101234Z  INFO lingxi_service: request handled request_id=req-dce8f1f51e23c7695f340936d2c0c915 method=POST path=/lingxi/v1/sessions/sess_local_alpha/execute status=409
2026-09-29T13:13:25.101256Z  INFO lingxi_service: request handled request_id=req-621d1793c40efe6a4ca0d23d1313e7f1 method=POST path=/lingxi/v1/sessions/sess_local_alpha/execute status=409
2026-09-29T13:13:25.101388Z  INFO lingxi_service::sessions: run settled through the single finalize path run_id=run_000001a0ed4c716c_00001c session_id="sess_local_alpha" outcome=completed.no_final.no_provider_configured input_chars=17
2026-09-29T13:13:25.101495Z  INFO lingxi_service: request handled request_id=req-a7b0e57779ff9f2f3ee2c5e4f0466248 method=POST path=/lingxi/v1/sessions/sess_local_alpha/execute status=200
2026-09-29T13:13:25.102520Z  INFO lingxi_service::sessions: normal submission to a busy session rejected (session_busy; retryable) session_id="sess_local_alpha"
2026-09-29T13:13:25.102594Z  INFO lingxi_service: request handled request_id=req-cfd7490ebadba5107518f99bae350e68 method=POST path=/lingxi/v1/sessions/sess_local_alpha/execute status=409
2026-09-29T13:13:25.102659Z  INFO lingxi_service::sessions: normal submission to a busy session rejected (session_busy; retryable) session_id="sess_local_alpha"
2026-09-29T13:13:25.102700Z  INFO lingxi_service::sessions: normal submission to a busy session rejected (session_busy; retryable) session_id="sess_local_alpha"
2026-09-29T13:13:25.102752Z  INFO lingxi_service: request handled request_id=req-1614a03a7e1fa438daf17104a0427302 method=POST path=/lingxi/v1/sessions/sess_local_alpha/execute status=409
2026-09-29T13:13:25.102859Z  INFO lingxi_service: request handled request_id=req-ff8067595c9a5cb345d54e6faa6ee3f2 method=POST path=/lingxi/v1/sessions/sess_local_alpha/execute status=409
2026-09-29T13:13:25.102902Z  INFO lingxi_service::sessions: run settled through the single finalize path run_id=run_000001a0ed4c716e_00001d session_id="sess_local_alpha" outcome=completed.no_final.no_provider_configured input_chars=17
2026-09-29T13:13:25.102943Z  INFO lingxi_service::sessions: normal submission to a busy session rejected (session_busy; retryable) session_id="sess_local_alpha"
2026-09-29T13:13:25.102927Z  INFO lingxi_service::sessions: normal submission to a busy session rejected (session_busy; retryable) session_id="sess_local_alpha"
2026-09-29T13:13:25.103067Z  INFO lingxi_service: request handled request_id=req-9dd0222e7408d227d1aecce1cbac5fa9 method=POST path=/lingxi/v1/sessions/sess_local_alpha/execute status=409
2026-09-29T13:13:25.103069Z  INFO lingxi_service: request handled request_id=req-0a6aad0709f079c7f36851b3700eb632 method=POST path=/lingxi/v1/sessions/sess_local_alpha/execute status=200
2026-09-29T13:13:25.103075Z  INFO lingxi_service: request handled request_id=req-395af1f80df2d0fbfcd55e3cec61c848 method=POST path=/lingxi/v1/sessions/sess_local_alpha/execute status=409
2026-09-29T13:13:25.103355Z  INFO lingxi_service::sessions: normal submission to a busy session rejected (session_busy; retryable) session_id="sess_local_alpha"
2026-09-29T13:13:25.103423Z  INFO lingxi_service: request handled request_id=req-edfa38ac6e00ecc581dad04920e140f8 method=POST path=/lingxi/v1/sessions/sess_local_alpha/execute status=409
2026-09-29T13:13:25.103644Z  INFO lingxi_service::sessions: run settled through the single finalize path run_id=run_000001a0ed4c716f_00001e session_id="sess_local_alpha" outcome=completed.no_final.no_provider_configured input_chars=17
2026-09-29T13:13:25.103773Z  INFO lingxi_service: request handled request_id=req-9bbe0415d8163a2be1f1a3d05bd8b182 method=POST path=/lingxi/v1/sessions/sess_local_alpha/execute status=200
2026-09-29T13:13:25.104245Z  INFO lingxi_service::sessions: normal submission to a busy session rejected (session_busy; retryable) session_id="sess_local_alpha"
2026-09-29T13:13:25.104329Z  INFO lingxi_service: request handled request_id=req-f60c1c8764e18afcf05efc071142d57c method=POST path=/lingxi/v1/sessions/sess_local_alpha/execute status=409
2026-09-29T13:13:25.104399Z  INFO lingxi_service::sessions: normal submission to a busy session rejected (session_busy; retryable) session_id="sess_local_alpha"
2026-09-29T13:13:25.104432Z  INFO lingxi_service::sessions: normal submission to a busy session rejected (session_busy; retryable) session_id="sess_local_alpha"
2026-09-29T13:13:25.104470Z  INFO lingxi_service: request handled request_id=req-431d6e70bbeb86dc20e905c538ac044d method=POST path=/lingxi/v1/sessions/sess_local_alpha/execute status=409
2026-09-29T13:13:25.104502Z  INFO lingxi_service: request handled request_id=req-a0c41cd0dbdd713954e20c821efa4476 method=POST path=/lingxi/v1/sessions/sess_local_alpha/execute status=409
2026-09-29T13:13:25.104611Z  INFO lingxi_service::sessions: normal submission to a busy session rejected (session_busy; retryable) session_id="sess_local_alpha"
2026-09-29T13:13:25.104598Z  INFO lingxi_service::sessions: run settled through the single finalize path run_id=run_000001a0ed4c716f_00001f session_id="sess_local_alpha" outcome=completed.no_final.no_provider_configured input_chars=17
2026-09-29T13:13:25.104665Z  INFO lingxi_service::sessions: normal submission to a busy session rejected (session_busy; retryable) session_id="sess_local_alpha"
2026-09-29T13:13:25.104680Z  INFO lingxi_service: request handled request_id=req-4c6dfaa1d72895d9856875c1c7fbf7f7 method=POST path=/lingxi/v1/sessions/sess_local_alpha/execute status=409
2026-09-29T13:13:25.104722Z  INFO lingxi_service: request handled request_id=req-da87f907a88fc797af5af96e800f5af7 method=POST path=/lingxi/v1/sessions/sess_local_alpha/execute status=200
2026-09-29T13:13:25.104737Z  INFO lingxi_service: request handled request_id=req-4b0b54465241405d53bbdb4d2d23c5e8 method=POST path=/lingxi/v1/sessions/sess_local_alpha/execute status=409
2026-09-29T13:13:25.105724Z  INFO lingxi_service::sessions: normal submission to a busy session rejected (session_busy; retryable) session_id="sess_local_alpha"
2026-09-29T13:13:25.105713Z  INFO lingxi_service::sessions: run settled through the single finalize path run_id=run_000001a0ed4c7171_000020 session_id="sess_local_alpha" outcome=completed.no_final.no_provider_configured input_chars=17
2026-09-29T13:13:25.105732Z  INFO lingxi_service::sessions: normal submission to a busy session rejected (session_busy; retryable) session_id="sess_local_alpha"
2026-09-29T13:13:25.105752Z  INFO lingxi_service::sessions: normal submission to a busy session rejected (session_busy; retryable) session_id="sess_local_alpha"
2026-09-29T13:13:25.105761Z  INFO lingxi_service::sessions: normal submission to a busy session rejected (session_busy; retryable) session_id="sess_local_alpha"
2026-09-29T13:13:25.105823Z  INFO lingxi_service: request handled request_id=req-8f3d542890d400e72aeee3123476e794 method=POST path=/lingxi/v1/sessions/sess_local_alpha/execute status=409
2026-09-29T13:13:25.105900Z  INFO lingxi_service: request handled request_id=req-f8f96ff46c2e951c9dead674f237d81d method=POST path=/lingxi/v1/sessions/sess_local_alpha/execute status=200
2026-09-29T13:13:25.105913Z  INFO lingxi_service: request handled request_id=req-d652999bfbbfb94bb8ff3c7b6f9181dd method=POST path=/lingxi/v1/sessions/sess_local_alpha/execute status=409
2026-09-29T13:13:25.105916Z  INFO lingxi_service: request handled request_id=req-0c068919c9238d2474f4d3c874efd47e method=POST path=/lingxi/v1/sessions/sess_local_alpha/execute status=409
2026-09-29T13:13:25.105904Z  INFO lingxi_service: request handled request_id=req-3cebd80314ed00d1f4fa76e58efa410e method=POST path=/lingxi/v1/sessions/sess_local_alpha/execute status=409
2026-09-29T13:13:25.106270Z  INFO lingxi_service::sessions: normal submission to a busy session rejected (session_busy; retryable) session_id="sess_local_alpha"
2026-09-29T13:13:25.106281Z  INFO lingxi_service::sessions: normal submission to a busy session rejected (session_busy; retryable) session_id="sess_local_alpha"
2026-09-29T13:13:25.106352Z  INFO lingxi_service: request handled request_id=req-e298a1df2e0607da3c3b9e7cffc91ea1 method=POST path=/lingxi/v1/sessions/sess_local_alpha/execute status=409
2026-09-29T13:13:25.106373Z  INFO lingxi_service: request handled request_id=req-517eaa8a9d28e2f9b7a38e30c1cd7e87 method=POST path=/lingxi/v1/sessions/sess_local_alpha/execute status=409
2026-09-29T13:13:25.106606Z  INFO lingxi_service::sessions: normal submission to a busy session rejected (session_busy; retryable) session_id="sess_local_alpha"
2026-09-29T13:13:25.106596Z  INFO lingxi_service::sessions: run settled through the single finalize path run_id=run_000001a0ed4c7171_000021 session_id="sess_local_alpha" outcome=completed.no_final.no_provider_configured input_chars=17
2026-09-29T13:13:25.106611Z  INFO lingxi_service::sessions: normal submission to a busy session rejected (session_busy; retryable) session_id="sess_local_alpha"
2026-09-29T13:13:25.106702Z  INFO lingxi_service: request handled request_id=req-b0351d73296aae018ba808b7867cc4cc method=POST path=/lingxi/v1/sessions/sess_local_alpha/execute status=409
2026-09-29T13:13:25.106732Z  INFO lingxi_service: request handled request_id=req-8d316678ec182bb573ffebec05daca58 method=POST path=/lingxi/v1/sessions/sess_local_alpha/execute status=409
2026-09-29T13:13:25.106756Z  INFO lingxi_service: request handled request_id=req-2a5fa9516c50cc9db002411637213ddf method=POST path=/lingxi/v1/sessions/sess_local_alpha/execute status=200
2026-09-29T13:13:25.108061Z  INFO lingxi_service::sessions: normal submission to a busy session rejected (session_busy; retryable) session_id="sess_local_alpha"
2026-09-29T13:13:25.108077Z  INFO lingxi_service::sessions: normal submission to a busy session rejected (session_busy; retryable) session_id="sess_local_alpha"
2026-09-29T13:13:25.108082Z  INFO lingxi_service::sessions: normal submission to a busy session rejected (session_busy; retryable) session_id="sess_local_alpha"
2026-09-29T13:13:25.108096Z  INFO lingxi_service::sessions: normal submission to a busy session rejected (session_busy; retryable) session_id="sess_local_alpha"
2026-09-29T13:13:25.108148Z  INFO lingxi_service: request handled request_id=req-fbe6cec53c0d977c76d632b5ca7281a8 method=POST path=/lingxi/v1/sessions/sess_local_alpha/execute status=409
2026-09-29T13:13:25.108191Z  INFO lingxi_service: request handled request_id=req-ec50acc035af78aac4c1d2a5e9bb87d9 method=POST path=/lingxi/v1/sessions/sess_local_alpha/execute status=409
2026-09-29T13:13:25.108202Z  INFO lingxi_service: request handled request_id=req-645de4b957f6a217ac483e013e7bc4e2 method=POST path=/lingxi/v1/sessions/sess_local_alpha/execute status=409
2026-09-29T13:13:25.108232Z  INFO lingxi_service: request handled request_id=req-35b1efd339f5fbdb5f3e97aefe920c0f method=POST path=/lingxi/v1/sessions/sess_local_alpha/execute status=409
2026-09-29T13:13:25.108249Z  INFO lingxi_service::sessions: normal submission to a busy session rejected (session_busy; retryable) session_id="sess_local_alpha"
2026-09-29T13:13:25.108267Z  INFO lingxi_service::sessions: normal submission to a busy session rejected (session_busy; retryable) session_id="sess_local_alpha"
2026-09-29T13:13:25.108322Z  INFO lingxi_service: request handled request_id=req-9464046bedfbb20ef99aecbc186aa65d method=POST path=/lingxi/v1/sessions/sess_local_alpha/execute status=409
2026-09-29T13:13:25.108339Z  INFO lingxi_service: request handled request_id=req-035f0aad65ed8e0c85ed5720e6ab62cf method=POST path=/lingxi/v1/sessions/sess_local_alpha/execute status=409
2026-09-29T13:13:25.108475Z  INFO lingxi_service::sessions: normal submission to a busy session rejected (session_busy; retryable) session_id="sess_local_alpha"
2026-09-29T13:13:25.108469Z  INFO lingxi_service::sessions: run settled through the single finalize path run_id=run_000001a0ed4c7173_000022 session_id="sess_local_alpha" outcome=completed.no_final.no_provider_configured input_chars=17
2026-09-29T13:13:25.108548Z  INFO lingxi_service: request handled request_id=req-16aede95faff184c4f4fb1a7849c39e9 method=POST path=/lingxi/v1/sessions/sess_local_alpha/execute status=409
2026-09-29T13:13:25.108592Z  INFO lingxi_service: request handled request_id=req-930c29bab08e6195f3c607d8d8da44f4 method=POST path=/lingxi/v1/sessions/sess_local_alpha/execute status=200
2026-09-29T13:13:25.109466Z  INFO lingxi_service::sessions: normal submission to a busy session rejected (session_busy; retryable) session_id="sess_local_alpha"
2026-09-29T13:13:25.109479Z  INFO lingxi_service::sessions: normal submission to a busy session rejected (session_busy; retryable) session_id="sess_local_alpha"
2026-09-29T13:13:25.109559Z  INFO lingxi_service: request handled request_id=req-1969d68f56f1cbd9c0f88c49596c4623 method=POST path=/lingxi/v1/sessions/sess_local_alpha/execute status=409
2026-09-29T13:13:25.109595Z  INFO lingxi_service: request handled request_id=req-75bf0a25d4af3978361f14456ccc1ab6 method=POST path=/lingxi/v1/sessions/sess_local_alpha/execute status=409
2026-09-29T13:13:25.109605Z  INFO lingxi_service::sessions: normal submission to a busy session rejected (session_busy; retryable) session_id="sess_local_alpha"
2026-09-29T13:13:25.109692Z  INFO lingxi_service: request handled request_id=req-b403f5f8c7183f55f6371fc1da399d92 method=POST path=/lingxi/v1/sessions/sess_local_alpha/execute status=409
2026-09-29T13:13:25.109881Z  INFO lingxi_service::sessions: normal submission to a busy session rejected (session_busy; retryable) session_id="sess_local_alpha"
2026-09-29T13:13:25.109878Z  INFO lingxi_service::sessions: run settled through the single finalize path run_id=run_000001a0ed4c7175_000023 session_id="sess_local_alpha" outcome=completed.no_final.no_provider_configured input_chars=17
2026-09-29T13:13:25.109962Z  INFO lingxi_service: request handled request_id=req-6f02b74ce9ab5b8a9004258833372e8e method=POST path=/lingxi/v1/sessions/sess_local_alpha/execute status=409
2026-09-29T13:13:25.110018Z  INFO lingxi_service: request handled request_id=req-cb7f3fb4347743b770bfec498412619e method=POST path=/lingxi/v1/sessions/sess_local_alpha/execute status=200
2026-09-29T13:13:25.110409Z  INFO lingxi_service::sessions: normal submission to a busy session rejected (session_busy; retryable) session_id="sess_local_alpha"
2026-09-29T13:13:25.110489Z  INFO lingxi_service: request handled request_id=req-6ef64e15a7526414e1da11697a68a9b1 method=POST path=/lingxi/v1/sessions/sess_local_alpha/execute status=409
2026-09-29T13:13:25.110746Z  INFO lingxi_service::sessions: normal submission to a busy session rejected (session_busy; retryable) session_id="sess_local_alpha"
2026-09-29T13:13:25.110763Z  INFO lingxi_service::sessions: normal submission to a busy session rejected (session_busy; retryable) session_id="sess_local_alpha"
2026-09-29T13:13:25.110745Z  INFO lingxi_service::sessions: run settled through the single finalize path run_id=run_000001a0ed4c7176_000024 session_id="sess_local_alpha" outcome=completed.no_final.no_provider_configured input_chars=17
2026-09-29T13:13:25.110802Z  INFO lingxi_service::sessions: normal submission to a busy session rejected (session_busy; retryable) session_id="sess_local_alpha"
2026-09-29T13:13:25.110847Z  INFO lingxi_service: request handled request_id=req-4c8a51585436516ac66f51ecbe7bead5 method=POST path=/lingxi/v1/sessions/sess_local_alpha/execute status=409
2026-09-29T13:13:25.110867Z  INFO lingxi_service: request handled request_id=req-67739fccb6eceab702ad76cb59f8e0cd method=POST path=/lingxi/v1/sessions/sess_local_alpha/execute status=409
2026-09-29T13:13:25.110886Z  INFO lingxi_service::sessions: normal submission to a busy session rejected (session_busy; retryable) session_id="sess_local_alpha"
2026-09-29T13:13:25.110909Z  INFO lingxi_service: request handled request_id=req-d92c028bc974123d798809cbde52ce52 method=POST path=/lingxi/v1/sessions/sess_local_alpha/execute status=409
2026-09-29T13:13:25.110928Z  INFO lingxi_service: request handled request_id=req-84ab9768be8c4b8328f0e864e61c20c6 method=POST path=/lingxi/v1/sessions/sess_local_alpha/execute status=200
2026-09-29T13:13:25.110970Z  INFO lingxi_service: request handled request_id=req-8bdc603d106db0b52cb0248cc240a47d method=POST path=/lingxi/v1/sessions/sess_local_alpha/execute status=409
2026-09-29T13:13:25.111828Z  INFO lingxi_service::sessions: normal submission to a busy session rejected (session_busy; retryable) session_id="sess_local_alpha"
2026-09-29T13:13:25.111842Z  INFO lingxi_service::sessions: normal submission to a busy session rejected (session_busy; retryable) session_id="sess_local_alpha"
2026-09-29T13:13:25.111848Z  INFO lingxi_service::sessions: normal submission to a busy session rejected (session_busy; retryable) session_id="sess_local_alpha"
2026-09-29T13:13:25.111864Z  INFO lingxi_service::sessions: normal submission to a busy session rejected (session_busy; retryable) session_id="sess_local_alpha"
2026-09-29T13:13:25.111901Z  INFO lingxi_service: request handled request_id=req-24da5b77bfcc3fc4471775099851c898 method=POST path=/lingxi/v1/sessions/sess_local_alpha/execute status=409
2026-09-29T13:13:25.111962Z  INFO lingxi_service: request handled request_id=req-b93a9e814ad4d44f994ef398f455ed29 method=POST path=/lingxi/v1/sessions/sess_local_alpha/execute status=409
2026-09-29T13:13:25.111990Z  INFO lingxi_service: request handled request_id=req-c39fab1ff25ec28fd945832be06dea9c method=POST path=/lingxi/v1/sessions/sess_local_alpha/execute status=409
2026-09-29T13:13:25.111995Z  INFO lingxi_service: request handled request_id=req-946b8a847d80cee16c83d9cb5819fa4b method=POST path=/lingxi/v1/sessions/sess_local_alpha/execute status=409
2026-09-29T13:13:25.112184Z  INFO lingxi_service::sessions: run settled through the single finalize path run_id=run_000001a0ed4c7177_000025 session_id="sess_local_alpha" outcome=completed.no_final.no_provider_configured input_chars=17
2026-09-29T13:13:25.112284Z  INFO lingxi_service: request handled request_id=req-6f53c8164308fdab35e9a619995a2764 method=POST path=/lingxi/v1/sessions/sess_local_alpha/execute status=200
2026-09-29T13:13:25.113504Z  INFO lingxi_service::sessions: normal submission to a busy session rejected (session_busy; retryable) session_id="sess_local_alpha"
2026-09-29T13:13:25.113512Z  INFO lingxi_service::sessions: normal submission to a busy session rejected (session_busy; retryable) session_id="sess_local_alpha"
2026-09-29T13:13:25.113526Z  INFO lingxi_service::sessions: normal submission to a busy session rejected (session_busy; retryable) session_id="sess_local_alpha"
2026-09-29T13:13:25.113546Z  INFO lingxi_service::sessions: normal submission to a busy session rejected (session_busy; retryable) session_id="sess_local_alpha"
2026-09-29T13:13:25.113593Z  INFO lingxi_service: request handled request_id=req-5f239f1b9e3d7a1018b5c6104dc40633 method=POST path=/lingxi/v1/sessions/sess_local_alpha/execute status=409
2026-09-29T13:13:25.113633Z  INFO lingxi_service: request handled request_id=req-abf65c52bbf327767290c6db9c12a610 method=POST path=/lingxi/v1/sessions/sess_local_alpha/execute status=409
2026-09-29T13:13:25.113659Z  INFO lingxi_service: request handled request_id=req-24b93d7581ce480bce930d900f6a9cae method=POST path=/lingxi/v1/sessions/sess_local_alpha/execute status=409
2026-09-29T13:13:25.113667Z  INFO lingxi_service: request handled request_id=req-5a6f60d3f6fe56a98c49419ac64f8770 method=POST path=/lingxi/v1/sessions/sess_local_alpha/execute status=409
2026-09-29T13:13:25.113703Z  INFO lingxi_service::sessions: normal submission to a busy session rejected (session_busy; retryable) session_id="sess_local_alpha"
2026-09-29T13:13:25.113697Z  INFO lingxi_service::sessions: normal submission to a busy session rejected (session_busy; retryable) session_id="sess_local_alpha"
2026-09-29T13:13:25.113806Z  INFO lingxi_service: request handled request_id=req-fbfe75a82b3855a3bc80f98a591390e7 method=POST path=/lingxi/v1/sessions/sess_local_alpha/execute status=409
2026-09-29T13:13:25.113822Z  INFO lingxi_service: request handled request_id=req-f6523f2dcd2411d9a4a037b6a8da8375 method=POST path=/lingxi/v1/sessions/sess_local_alpha/execute status=409
2026-09-29T13:13:25.113931Z  INFO lingxi_service::sessions: normal submission to a busy session rejected (session_busy; retryable) session_id="sess_local_alpha"
2026-09-29T13:13:25.113924Z  INFO lingxi_service::sessions: run settled through the single finalize path run_id=run_000001a0ed4c7179_000026 session_id="sess_local_alpha" outcome=completed.no_final.no_provider_configured input_chars=17
2026-09-29T13:13:25.114020Z  INFO lingxi_service: request handled request_id=req-ce53de00bbb7c0b3b71cf24267ad0ce1 method=POST path=/lingxi/v1/sessions/sess_local_alpha/execute status=409
2026-09-29T13:13:25.114061Z  INFO lingxi_service: request handled request_id=req-003d60a259f4dd84116f179237560f54 method=POST path=/lingxi/v1/sessions/sess_local_alpha/execute status=200
2026-09-29T13:13:25.114846Z  INFO lingxi_service::sessions: normal submission to a busy session rejected (session_busy; retryable) session_id="sess_local_alpha"
2026-09-29T13:13:25.114872Z  INFO lingxi_service::sessions: normal submission to a busy session rejected (session_busy; retryable) session_id="sess_local_alpha"
2026-09-29T13:13:25.114916Z  INFO lingxi_service: request handled request_id=req-91ce53aca7f17ec69a5a15de4937e431 method=POST path=/lingxi/v1/sessions/sess_local_alpha/execute status=409
2026-09-29T13:13:25.114968Z  INFO lingxi_service: request handled request_id=req-6428d5fe7fe53eea8784e2e3f0764fa0 method=POST path=/lingxi/v1/sessions/sess_local_alpha/execute status=409
2026-09-29T13:13:25.115206Z  INFO lingxi_service::sessions: normal submission to a busy session rejected (session_busy; retryable) session_id="sess_local_alpha"
2026-09-29T13:13:25.115209Z  INFO lingxi_service::sessions: run settled through the single finalize path run_id=run_000001a0ed4c717a_000027 session_id="sess_local_alpha" outcome=completed.no_final.no_provider_configured input_chars=17
2026-09-29T13:13:25.115228Z  INFO lingxi_service::sessions: normal submission to a busy session rejected (session_busy; retryable) session_id="sess_local_alpha"
2026-09-29T13:13:25.115299Z  INFO lingxi_service: request handled request_id=req-88482cf27cb0ca22ddb9784c616035b3 method=POST path=/lingxi/v1/sessions/sess_local_alpha/execute status=409
2026-09-29T13:13:25.115329Z  INFO lingxi_service: request handled request_id=req-590fd8a7827f30e5c2f364e148296713 method=POST path=/lingxi/v1/sessions/sess_local_alpha/execute status=409
2026-09-29T13:13:25.115343Z  INFO lingxi_service: request handled request_id=req-039c6afeb633a30504026f3dc1af8d6c method=POST path=/lingxi/v1/sessions/sess_local_alpha/execute status=200
2026-09-29T13:13:25.115688Z  INFO lingxi_service::sessions: normal submission to a busy session rejected (session_busy; retryable) session_id="sess_local_alpha"
2026-09-29T13:13:25.115757Z  INFO lingxi_service: request handled request_id=req-7e648c4c14db45fb32521e0fcd7a4f4a method=POST path=/lingxi/v1/sessions/sess_local_alpha/execute status=409
2026-09-29T13:13:25.116034Z  INFO lingxi_service::sessions: run settled through the single finalize path run_id=run_000001a0ed4c717b_000028 session_id="sess_local_alpha" outcome=completed.no_final.no_provider_configured input_chars=17
2026-09-29T13:13:25.116144Z  INFO lingxi_service: request handled request_id=req-985a64ba807dd8928fe47977c1558ca5 method=POST path=/lingxi/v1/sessions/sess_local_alpha/execute status=200
2026-09-29T13:13:25.116251Z  INFO lingxi_service::sessions: normal submission to a busy session rejected (session_busy; retryable) session_id="sess_local_alpha"
2026-09-29T13:13:25.116319Z  INFO lingxi_service: request handled request_id=req-7cfbeb9130765e7cf7680f8e5a87190a method=POST path=/lingxi/v1/sessions/sess_local_alpha/execute status=409
2026-09-29T13:13:25.116812Z  INFO lingxi_service::sessions: run settled through the single finalize path run_id=run_000001a0ed4c717c_000029 session_id="sess_local_alpha" outcome=completed.no_final.no_provider_configured input_chars=17
2026-09-29T13:13:25.116844Z  INFO lingxi_service::sessions: normal submission to a busy session rejected (session_busy; retryable) session_id="sess_local_alpha"
2026-09-29T13:13:25.116828Z  INFO lingxi_service::sessions: normal submission to a busy session rejected (session_busy; retryable) session_id="sess_local_alpha"
2026-09-29T13:13:25.116824Z  INFO lingxi_service::sessions: normal submission to a busy session rejected (session_busy; retryable) session_id="sess_local_alpha"
2026-09-29T13:13:25.116969Z  INFO lingxi_service: request handled request_id=req-1fde5463be14b76b0e3724ef06920c0d method=POST path=/lingxi/v1/sessions/sess_local_alpha/execute status=200
2026-09-29T13:13:25.116972Z  INFO lingxi_service: request handled request_id=req-01b55926e29ee05a9da8d25a65853245 method=POST path=/lingxi/v1/sessions/sess_local_alpha/execute status=409
2026-09-29T13:13:25.116983Z  INFO lingxi_service: request handled request_id=req-342b3219f5364ef15316d6437dc16569 method=POST path=/lingxi/v1/sessions/sess_local_alpha/execute status=409
2026-09-29T13:13:25.116996Z  INFO lingxi_service: request handled request_id=req-c1905a2bd03ae12752b8510df52af26f method=POST path=/lingxi/v1/sessions/sess_local_alpha/execute status=409
2026-09-29T13:13:25.117300Z  INFO lingxi_service::sessions: normal submission to a busy session rejected (session_busy; retryable) session_id="sess_local_alpha"
2026-09-29T13:13:25.117311Z  INFO lingxi_service::sessions: normal submission to a busy session rejected (session_busy; retryable) session_id="sess_local_alpha"
2026-09-29T13:13:25.117326Z  INFO lingxi_service::sessions: normal submission to a busy session rejected (session_busy; retryable) session_id="sess_local_alpha"
2026-09-29T13:13:25.117388Z  INFO lingxi_service: request handled request_id=req-ae0380d97730304c35ee33d4e9ea354e method=POST path=/lingxi/v1/sessions/sess_local_alpha/execute status=409
2026-09-29T13:13:25.117403Z  INFO lingxi_service: request handled request_id=req-2e42d52defe715cfdc54633d71601924 method=POST path=/lingxi/v1/sessions/sess_local_alpha/execute status=409
2026-09-29T13:13:25.117417Z  INFO lingxi_service: request handled request_id=req-58377a27b9c0ef3dd7b0afc116598593 method=POST path=/lingxi/v1/sessions/sess_local_alpha/execute status=409
2026-09-29T13:13:25.117640Z  INFO lingxi_service::sessions: run settled through the single finalize path run_id=run_000001a0ed4c717c_00002a session_id="sess_local_alpha" outcome=completed.no_final.no_provider_configured input_chars=17
2026-09-29T13:13:25.117750Z  INFO lingxi_service: request handled request_id=req-8a07abfe1f0b79d061b4978fc8476d40 method=POST path=/lingxi/v1/sessions/sess_local_alpha/execute status=200
2026-09-29T13:13:25.118986Z  INFO lingxi_service::sessions: normal submission to a busy session rejected (session_busy; retryable) session_id="sess_local_alpha"
2026-09-29T13:13:25.119007Z  INFO lingxi_service::sessions: normal submission to a busy session rejected (session_busy; retryable) session_id="sess_local_alpha"
2026-09-29T13:13:25.119009Z  INFO lingxi_service::sessions: normal submission to a busy session rejected (session_busy; retryable) session_id="sess_local_alpha"
2026-09-29T13:13:25.119072Z  INFO lingxi_service: request handled request_id=req-fef6b1e2546581b83d4cdb8e7424f2c9 method=POST path=/lingxi/v1/sessions/sess_local_alpha/execute status=409
2026-09-29T13:13:25.119123Z  INFO lingxi_service: request handled request_id=req-de2758ec356d36c310c3cadff8dfede7 method=POST path=/lingxi/v1/sessions/sess_local_alpha/execute status=409
2026-09-29T13:13:25.119154Z  INFO lingxi_service::sessions: normal submission to a busy session rejected (session_busy; retryable) session_id="sess_local_alpha"
2026-09-29T13:13:25.119165Z  INFO lingxi_service::sessions: normal submission to a busy session rejected (session_busy; retryable) session_id="sess_local_alpha"
2026-09-29T13:13:25.119174Z  INFO lingxi_service::sessions: normal submission to a busy session rejected (session_busy; retryable) session_id="sess_local_alpha"
2026-09-29T13:13:25.119150Z  INFO lingxi_service: request handled request_id=req-f3c03f0ab84475437fddf57588da36be method=POST path=/lingxi/v1/sessions/sess_local_alpha/execute status=409
2026-09-29T13:13:25.119241Z  INFO lingxi_service: request handled request_id=req-3cbc6162b3e87adcc453ef05cfe13e2b method=POST path=/lingxi/v1/sessions/sess_local_alpha/execute status=409
2026-09-29T13:13:25.119308Z  INFO lingxi_service: request handled request_id=req-3776733c89b1e7392a02c66eaedfdbe4 method=POST path=/lingxi/v1/sessions/sess_local_alpha/execute status=409
2026-09-29T13:13:25.119347Z  INFO lingxi_service: request handled request_id=req-e5b8baf1caad3ab1001391a155aa257a method=POST path=/lingxi/v1/sessions/sess_local_alpha/execute status=409
2026-09-29T13:13:25.119390Z  INFO lingxi_service::sessions: normal submission to a busy session rejected (session_busy; retryable) session_id="sess_local_alpha"
2026-09-29T13:13:25.119384Z  INFO lingxi_service::sessions: run settled through the single finalize path run_id=run_000001a0ed4c717e_00002b session_id="sess_local_alpha" outcome=completed.no_final.no_provider_configured input_chars=17
2026-09-29T13:13:25.119483Z  INFO lingxi_service: request handled request_id=req-60746a49f97f8843ba28f996225fbb45 method=POST path=/lingxi/v1/sessions/sess_local_alpha/execute status=409
2026-09-29T13:13:25.119522Z  INFO lingxi_service: request handled request_id=req-5c9836fccab7b2b679ae32ba117e1ec9 method=POST path=/lingxi/v1/sessions/sess_local_alpha/execute status=200
2026-09-29T13:13:25.120426Z  INFO lingxi_service::sessions: normal submission to a busy session rejected (session_busy; retryable) session_id="sess_local_alpha"
2026-09-29T13:13:25.120441Z  INFO lingxi_service::sessions: normal submission to a busy session rejected (session_busy; retryable) session_id="sess_local_alpha"
2026-09-29T13:13:25.120498Z  INFO lingxi_service: request handled request_id=req-716f6226cfcb302a46d3ccfe7d88ef9f method=POST path=/lingxi/v1/sessions/sess_local_alpha/execute status=409
2026-09-29T13:13:25.120543Z  INFO lingxi_service: request handled request_id=req-f895b69ffed0ee3a9e000629a1a11947 method=POST path=/lingxi/v1/sessions/sess_local_alpha/execute status=409
2026-09-29T13:13:25.120793Z  INFO lingxi_service::sessions: normal submission to a busy session rejected (session_busy; retryable) session_id="sess_local_alpha"
2026-09-29T13:13:25.120799Z  INFO lingxi_service::sessions: normal submission to a busy session rejected (session_busy; retryable) session_id="sess_local_alpha"
2026-09-29T13:13:25.120814Z  INFO lingxi_service::sessions: normal submission to a busy session rejected (session_busy; retryable) session_id="sess_local_alpha"
2026-09-29T13:13:25.120800Z  INFO lingxi_service::sessions: run settled through the single finalize path run_id=run_000001a0ed4c7180_00002c session_id="sess_local_alpha" outcome=completed.no_final.no_provider_configured input_chars=17
2026-09-29T13:13:25.120844Z  INFO lingxi_service::sessions: normal submission to a busy session rejected (session_busy; retryable) session_id="sess_local_alpha"
2026-09-29T13:13:25.120878Z  INFO lingxi_service: request handled request_id=req-c45e1e89c12b624dbd0b8efb17d0f207 method=POST path=/lingxi/v1/sessions/sess_local_alpha/execute status=409
2026-09-29T13:13:25.120905Z  INFO lingxi_service: request handled request_id=req-ef7973a5fe4aa14aa2fad277dd34bc0b method=POST path=/lingxi/v1/sessions/sess_local_alpha/execute status=409
2026-09-29T13:13:25.120912Z  INFO lingxi_service: request handled request_id=req-fbf46e78d224a7b99202ba46a3be9ff3 method=POST path=/lingxi/v1/sessions/sess_local_alpha/execute status=409
2026-09-29T13:13:25.120963Z  INFO lingxi_service: request handled request_id=req-1b4dbd8b0732198a0e811416c31488cc method=POST path=/lingxi/v1/sessions/sess_local_alpha/execute status=409
2026-09-29T13:13:25.120972Z  INFO lingxi_service: request handled request_id=req-90d95223129a70eb33c3aac9afa66266 method=POST path=/lingxi/v1/sessions/sess_local_alpha/execute status=200
2026-09-29T13:13:25.121463Z  INFO lingxi_service::sessions: normal submission to a busy session rejected (session_busy; retryable) session_id="sess_local_alpha"
2026-09-29T13:13:25.121529Z  INFO lingxi_service: request handled request_id=req-c1e9acde3f9acd94cfd471570b1c31b0 method=POST path=/lingxi/v1/sessions/sess_local_alpha/execute status=409
2026-09-29T13:13:25.121731Z  INFO lingxi_service::sessions: normal submission to a busy session rejected (session_busy; retryable) session_id="sess_local_alpha"
2026-09-29T13:13:25.121746Z  INFO lingxi_service::sessions: normal submission to a busy session rejected (session_busy; retryable) session_id="sess_local_alpha"
2026-09-29T13:13:25.121800Z  INFO lingxi_service: request handled request_id=req-6970c586db48a6c01ce678ddf6ffe27d method=POST path=/lingxi/v1/sessions/sess_local_alpha/execute status=409
2026-09-29T13:13:25.121849Z  INFO lingxi_service: request handled request_id=req-d21cfd939950f37a84be78f121fec85f method=POST path=/lingxi/v1/sessions/sess_local_alpha/execute status=409
2026-09-29T13:13:25.122063Z  INFO lingxi_service::sessions: run settled through the single finalize path run_id=run_000001a0ed4c7181_00002d session_id="sess_local_alpha" outcome=completed.no_final.no_provider_configured input_chars=17
2026-09-29T13:13:25.122184Z  INFO lingxi_service: request handled request_id=req-c8d9cc4ce05d73dd69a46eef01ad261d method=POST path=/lingxi/v1/sessions/sess_local_alpha/execute status=200
2026-09-29T13:13:25.122217Z  INFO lingxi_service::sessions: normal submission to a busy session rejected (session_busy; retryable) session_id="sess_local_alpha"
2026-09-29T13:13:25.122283Z  INFO lingxi_service: request handled request_id=req-d927f973cb30ab359b989c342d289f92 method=POST path=/lingxi/v1/sessions/sess_local_alpha/execute status=409
2026-09-29T13:13:25.122460Z  INFO lingxi_service::sessions: normal submission to a busy session rejected (session_busy; retryable) session_id="sess_local_alpha"
2026-09-29T13:13:25.122549Z  INFO lingxi_service: request handled request_id=req-64d48453783d56f349a6e3ca71df052d method=POST path=/lingxi/v1/sessions/sess_local_alpha/execute status=409
2026-09-29T13:13:25.122874Z  INFO lingxi_service::sessions: normal submission to a busy session rejected (session_busy; retryable) session_id="sess_local_alpha"
2026-09-29T13:13:25.122873Z  INFO lingxi_service::sessions: run settled through the single finalize path run_id=run_000001a0ed4c7182_00002e session_id="sess_local_alpha" outcome=completed.no_final.no_provider_configured input_chars=17
2026-09-29T13:13:25.122889Z  INFO lingxi_service::sessions: normal submission to a busy session rejected (session_busy; retryable) session_id="sess_local_alpha"
2026-09-29T13:13:25.122953Z  INFO lingxi_service: request handled request_id=req-508e6cf3f496598f0d64a5dbac35850c method=POST path=/lingxi/v1/sessions/sess_local_alpha/execute status=409
2026-09-29T13:13:25.122977Z  INFO lingxi_service: request handled request_id=req-37f8b1ebb2c52437952c431368f11109 method=POST path=/lingxi/v1/sessions/sess_local_alpha/execute status=409
2026-09-29T13:13:25.122990Z  INFO lingxi_service: request handled request_id=req-d40988815e6a8b0cc6a9581313112c4d method=POST path=/lingxi/v1/sessions/sess_local_alpha/execute status=200
2026-09-29T13:13:25.124124Z  INFO lingxi_service::sessions: normal submission to a busy session rejected (session_busy; retryable) session_id="sess_local_alpha"
2026-09-29T13:13:25.124229Z  INFO lingxi_service: request handled request_id=req-4091f9fd006543dd9155a783b3fa7708 method=POST path=/lingxi/v1/sessions/sess_local_alpha/execute status=409
2026-09-29T13:13:25.124239Z  INFO lingxi_service::sessions: normal submission to a busy session rejected (session_busy; retryable) session_id="sess_local_alpha"
2026-09-29T13:13:25.124245Z  INFO lingxi_service::sessions: normal submission to a busy session rejected (session_busy; retryable) session_id="sess_local_alpha"
2026-09-29T13:13:25.124345Z  INFO lingxi_service: request handled request_id=req-2b9db7055f50ac14c24e304c85a19d78 method=POST path=/lingxi/v1/sessions/sess_local_alpha/execute status=409
2026-09-29T13:13:25.124352Z  INFO lingxi_service: request handled request_id=req-70b108b02da2ce9011a4da3a2fb875a9 method=POST path=/lingxi/v1/sessions/sess_local_alpha/execute status=409
2026-09-29T13:13:25.124436Z  INFO lingxi_service::sessions: run settled through the single finalize path run_id=run_000001a0ed4c7183_00002f session_id="sess_local_alpha" outcome=completed.no_final.no_provider_configured input_chars=17
2026-09-29T13:13:25.124563Z  INFO lingxi_service: request handled request_id=req-5c6377fd8e383bd8eb16008b7185a995 method=POST path=/lingxi/v1/sessions/sess_local_alpha/execute status=200
2026-09-29T13:13:25.124853Z  INFO lingxi_service::sessions: normal submission to a busy session rejected (session_busy; retryable) session_id="sess_local_alpha"
2026-09-29T13:13:25.124935Z  INFO lingxi_service: request handled request_id=req-6358253ea1c9efabd701e05d0c274e0a method=POST path=/lingxi/v1/sessions/sess_local_alpha/execute status=409
2026-09-29T13:13:25.125024Z  INFO lingxi_service::sessions: normal submission to a busy session rejected (session_busy; retryable) session_id="sess_local_alpha"
2026-09-29T13:13:25.125041Z  INFO lingxi_service::sessions: normal submission to a busy session rejected (session_busy; retryable) session_id="sess_local_alpha"
2026-09-29T13:13:25.125108Z  INFO lingxi_service: request handled request_id=req-39ce8b4aa7b875d8f065fbf8a089dbcc method=POST path=/lingxi/v1/sessions/sess_local_alpha/execute status=409
2026-09-29T13:13:25.125118Z  INFO lingxi_service: request handled request_id=req-ea399e06f1dddf92e7abd7f17884333f method=POST path=/lingxi/v1/sessions/sess_local_alpha/execute status=409
2026-09-29T13:13:25.125242Z  INFO lingxi_service::sessions: normal submission to a busy session rejected (session_busy; retryable) session_id="sess_local_alpha"
2026-09-29T13:13:25.125241Z  INFO lingxi_service::sessions: run settled through the single finalize path run_id=run_000001a0ed4c7184_000030 session_id="sess_local_alpha" outcome=completed.no_final.no_provider_configured input_chars=17
2026-09-29T13:13:25.125271Z  INFO lingxi_service::sessions: normal submission to a busy session rejected (session_busy; retryable) session_id="sess_local_alpha"
2026-09-29T13:13:25.125260Z  INFO lingxi_service::sessions: normal submission to a busy session rejected (session_busy; retryable) session_id="sess_local_alpha"
2026-09-29T13:13:25.125314Z  INFO lingxi_service: request handled request_id=req-bab40afb765ee15de1e743f97133566a method=POST path=/lingxi/v1/sessions/sess_local_alpha/execute status=409
2026-09-29T13:13:25.125369Z  INFO lingxi_service: request handled request_id=req-fc5abf09cc9844bf524a32d129ea11aa method=POST path=/lingxi/v1/sessions/sess_local_alpha/execute status=200
2026-09-29T13:13:25.125371Z  INFO lingxi_service: request handled request_id=req-2c737227e8dab668f6637c12f3efc104 method=POST path=/lingxi/v1/sessions/sess_local_alpha/execute status=409
2026-09-29T13:13:25.125380Z  INFO lingxi_service: request handled request_id=req-0351abd9a553274efe821ebdd0c36d9f method=POST path=/lingxi/v1/sessions/sess_local_alpha/execute status=409
2026-09-29T13:13:25.126189Z  INFO lingxi_service::sessions: normal submission to a busy session rejected (session_busy; retryable) session_id="sess_local_alpha"
2026-09-29T13:13:25.126257Z  INFO lingxi_service: request handled request_id=req-ab0e3c8ff28b2d7ce456b77488062b2c method=POST path=/lingxi/v1/sessions/sess_local_alpha/execute status=409
2026-09-29T13:13:25.126790Z  INFO lingxi_service::sessions: normal submission to a busy session rejected (session_busy; retryable) session_id="sess_local_alpha"
2026-09-29T13:13:25.126803Z  INFO lingxi_service::sessions: normal submission to a busy session rejected (session_busy; retryable) session_id="sess_local_alpha"
2026-09-29T13:13:25.126785Z  INFO lingxi_service::sessions: run settled through the single finalize path run_id=run_000001a0ed4c7186_000031 session_id="sess_local_alpha" outcome=completed.no_final.no_provider_configured input_chars=17
2026-09-29T13:13:25.126867Z  INFO lingxi_service: request handled request_id=req-4ba6a10a57b68f9f094bed3269404a6f method=POST path=/lingxi/v1/sessions/sess_local_alpha/execute status=409
2026-09-29T13:13:25.126884Z  INFO lingxi_service: request handled request_id=req-06259b0c1f10195ae33493ac824039ad method=POST path=/lingxi/v1/sessions/sess_local_alpha/execute status=409
2026-09-29T13:13:25.126931Z  INFO lingxi_service: request handled request_id=req-76e0db754cc8a2f194e34e4c97343b86 method=POST path=/lingxi/v1/sessions/sess_local_alpha/execute status=200
2026-09-29T13:13:25.127244Z  INFO lingxi_service::sessions: normal submission to a busy session rejected (session_busy; retryable) session_id="sess_local_alpha"
2026-09-29T13:13:25.127252Z  INFO lingxi_service::sessions: normal submission to a busy session rejected (session_busy; retryable) session_id="sess_local_alpha"
2026-09-29T13:13:25.127318Z  INFO lingxi_service: request handled request_id=req-54f6b267284fb4d7b3d07675079ee0fb method=POST path=/lingxi/v1/sessions/sess_local_alpha/execute status=409
2026-09-29T13:13:25.127330Z  INFO lingxi_service: request handled request_id=req-33f88c6136668dc1f7a7ba2d9a1cb8d4 method=POST path=/lingxi/v1/sessions/sess_local_alpha/execute status=409
2026-09-29T13:13:25.127496Z  INFO lingxi_service::sessions: normal submission to a busy session rejected (session_busy; retryable) session_id="sess_local_alpha"
2026-09-29T13:13:25.127508Z  INFO lingxi_service::sessions: normal submission to a busy session rejected (session_busy; retryable) session_id="sess_local_alpha"
2026-09-29T13:13:25.127587Z  INFO lingxi_service: request handled request_id=req-c5b68f51e8c02e3c892e46558a2d4588 method=POST path=/lingxi/v1/sessions/sess_local_alpha/execute status=409
2026-09-29T13:13:25.127612Z  INFO lingxi_service: request handled request_id=req-c70ce70f7f99ca9cf2ca136cc0e4b2cb method=POST path=/lingxi/v1/sessions/sess_local_alpha/execute status=409
2026-09-29T13:13:25.127664Z  INFO lingxi_service::sessions: normal submission to a busy session rejected (session_busy; retryable) session_id="sess_local_alpha"
2026-09-29T13:13:25.127678Z  INFO lingxi_service::sessions: normal submission to a busy session rejected (session_busy; retryable) session_id="sess_local_alpha"
2026-09-29T13:13:25.127747Z  INFO lingxi_service: request handled request_id=req-620d91c8e2a54b640ed3092e06c95013 method=POST path=/lingxi/v1/sessions/sess_local_alpha/execute status=409
2026-09-29T13:13:25.127756Z  INFO lingxi_service: request handled request_id=req-158fe2c382416f74f028ce64636c220f method=POST path=/lingxi/v1/sessions/sess_local_alpha/execute status=409
2026-09-29T13:13:25.127887Z  INFO lingxi_service::sessions: run settled through the single finalize path run_id=run_000001a0ed4c7187_000032 session_id="sess_local_alpha" outcome=completed.no_final.no_provider_configured input_chars=17
2026-09-29T13:13:25.127992Z  INFO lingxi_service: request handled request_id=req-f1044d0a4ac2015b867c60fdfa9e9bb7 method=POST path=/lingxi/v1/sessions/sess_local_alpha/execute status=200
2026-09-29T13:13:25.128454Z  INFO lingxi_service::sessions: normal submission to a busy session rejected (session_busy; retryable) session_id="sess_local_alpha"
2026-09-29T13:13:25.128522Z  INFO lingxi_service: request handled request_id=req-490a3d8fcc737219a0e394ece60f4506 method=POST path=/lingxi/v1/sessions/sess_local_alpha/execute status=409
2026-09-29T13:13:25.128623Z  INFO lingxi_service::sessions: run settled through the single finalize path run_id=run_000001a0ed4c7188_000033 session_id="sess_local_alpha" outcome=completed.no_final.no_provider_configured input_chars=17
2026-09-29T13:13:25.128723Z  INFO lingxi_service: request handled request_id=req-edd248d03a54aed0383970dd3feb4561 method=POST path=/lingxi/v1/sessions/sess_local_alpha/execute status=200
2026-09-29T13:13:25.129608Z  INFO lingxi_service::sessions: normal submission to a busy session rejected (session_busy; retryable) session_id="sess_local_alpha"
2026-09-29T13:13:25.129682Z  INFO lingxi_service: request handled request_id=req-94bd69ef71fca4ccb395fa3c80cf1f47 method=POST path=/lingxi/v1/sessions/sess_local_alpha/execute status=409
2026-09-29T13:13:25.130364Z  INFO lingxi_service::sessions: run settled through the single finalize path run_id=run_000001a0ed4c7189_000034 session_id="sess_local_alpha" outcome=completed.no_final.no_provider_configured input_chars=17
2026-09-29T13:13:25.130381Z  INFO lingxi_service::sessions: normal submission to a busy session rejected (session_busy; retryable) session_id="sess_local_alpha"
2026-09-29T13:13:25.130384Z  INFO lingxi_service::sessions: normal submission to a busy session rejected (session_busy; retryable) session_id="sess_local_alpha"
2026-09-29T13:13:25.130471Z  INFO lingxi_service: request handled request_id=req-defd8cba9d8a0a44259794d2c701ae0b method=POST path=/lingxi/v1/sessions/sess_local_alpha/execute status=409
2026-09-29T13:13:25.130483Z  INFO lingxi_service: request handled request_id=req-55d53a7ccad90dae3b4f4f9da7a1510b method=POST path=/lingxi/v1/sessions/sess_local_alpha/execute status=200
2026-09-29T13:13:25.130505Z  INFO lingxi_service: request handled request_id=req-01bc8d9b6fc5a1f45ff21bb419bc9c99 method=POST path=/lingxi/v1/sessions/sess_local_alpha/execute status=409
2026-09-29T13:13:25.130866Z  INFO lingxi_service::sessions: normal submission to a busy session rejected (session_busy; retryable) session_id="sess_local_alpha"
2026-09-29T13:13:25.130882Z  INFO lingxi_service::sessions: normal submission to a busy session rejected (session_busy; retryable) session_id="sess_local_alpha"
2026-09-29T13:13:25.130939Z  INFO lingxi_service: request handled request_id=req-d116c5672d562584f06f2bb75da59225 method=POST path=/lingxi/v1/sessions/sess_local_alpha/execute status=409
2026-09-29T13:13:25.130954Z  INFO lingxi_service: request handled request_id=req-0b8855601f9d50408197d40b0f32b60c method=POST path=/lingxi/v1/sessions/sess_local_alpha/execute status=409
2026-09-29T13:13:25.130982Z  INFO lingxi_service::sessions: normal submission to a busy session rejected (session_busy; retryable) session_id="sess_local_alpha"
2026-09-29T13:13:25.131005Z  INFO lingxi_service::sessions: normal submission to a busy session rejected (session_busy; retryable) session_id="sess_local_alpha"
2026-09-29T13:13:25.131053Z  INFO lingxi_service: request handled request_id=req-c75e6ebe6018ee9baecaf16bad1bb2c7 method=POST path=/lingxi/v1/sessions/sess_local_alpha/execute status=409
2026-09-29T13:13:25.131076Z  INFO lingxi_service: request handled request_id=req-2aed05d430dc482ea0e718de066568cc method=POST path=/lingxi/v1/sessions/sess_local_alpha/execute status=409
2026-09-29T13:13:25.131131Z  INFO lingxi_service::sessions: run settled through the single finalize path run_id=run_000001a0ed4c718a_000035 session_id="sess_local_alpha" outcome=completed.no_final.no_provider_configured input_chars=17
2026-09-29T13:13:25.131234Z  INFO lingxi_service: request handled request_id=req-fbaf43a416f658a38b8589abc7fe1d16 method=POST path=/lingxi/v1/sessions/sess_local_alpha/execute status=200
2026-09-29T13:13:25.131702Z  INFO lingxi_service::sessions: normal submission to a busy session rejected (session_busy; retryable) session_id="sess_local_alpha"
2026-09-29T13:13:25.131714Z  INFO lingxi_service::sessions: normal submission to a busy session rejected (session_busy; retryable) session_id="sess_local_alpha"
2026-09-29T13:13:25.131724Z  INFO lingxi_service::sessions: normal submission to a busy session rejected (session_busy; retryable) session_id="sess_local_alpha"
2026-09-29T13:13:25.131776Z  INFO lingxi_service: request handled request_id=req-6efd9a5f01bbb0376f08c417df212148 method=POST path=/lingxi/v1/sessions/sess_local_alpha/execute status=409
2026-09-29T13:13:25.131794Z  INFO lingxi_service: request handled request_id=req-c8c066d03db505070be3778848e6c6da method=POST path=/lingxi/v1/sessions/sess_local_alpha/execute status=409
2026-09-29T13:13:25.131822Z  INFO lingxi_service: request handled request_id=req-b8f49d182ce2e6531800b70eedc5a203 method=POST path=/lingxi/v1/sessions/sess_local_alpha/execute status=409
2026-09-29T13:13:25.131923Z  INFO lingxi_service::sessions: normal submission to a busy session rejected (session_busy; retryable) session_id="sess_local_alpha"
2026-09-29T13:13:25.131935Z  INFO lingxi_service::sessions: normal submission to a busy session rejected (session_busy; retryable) session_id="sess_local_alpha"
2026-09-29T13:13:25.132016Z  INFO lingxi_service: request handled request_id=req-d09b96b06e813e27491b0305782aa569 method=POST path=/lingxi/v1/sessions/sess_local_alpha/execute status=409
2026-09-29T13:13:25.132038Z  INFO lingxi_service: request handled request_id=req-2b5ee641a84b674cb6526442ede82ee6 method=POST path=/lingxi/v1/sessions/sess_local_alpha/execute status=409
2026-09-29T13:13:25.132215Z  INFO lingxi_service::sessions: normal submission to a busy session rejected (session_busy; retryable) session_id="sess_local_alpha"
2026-09-29T13:13:25.132210Z  INFO lingxi_service::sessions: run settled through the single finalize path run_id=run_000001a0ed4c718b_000036 session_id="sess_local_alpha" outcome=completed.no_final.no_provider_configured input_chars=17
2026-09-29T13:13:25.132287Z  INFO lingxi_service: request handled request_id=req-056ef416785bbf4df69f4cdff2b1ef51 method=POST path=/lingxi/v1/sessions/sess_local_alpha/execute status=409
2026-09-29T13:13:25.132332Z  INFO lingxi_service: request handled request_id=req-b3f7c78b9a440d44dd38c62e0387b76c method=POST path=/lingxi/v1/sessions/sess_local_alpha/execute status=200
2026-09-29T13:13:25.132779Z  INFO lingxi_service::sessions: normal submission to a busy session rejected (session_busy; retryable) session_id="sess_local_alpha"
2026-09-29T13:13:25.132848Z  INFO lingxi_service: request handled request_id=req-e4eb2bea35515b987f6fba36640728c0 method=POST path=/lingxi/v1/sessions/sess_local_alpha/execute status=409
2026-09-29T13:13:25.133007Z  INFO lingxi_service::sessions: run settled through the single finalize path run_id=run_000001a0ed4c718c_000037 session_id="sess_local_alpha" outcome=completed.no_final.no_provider_configured input_chars=17
2026-09-29T13:13:25.133120Z  INFO lingxi_service: request handled request_id=req-3799bf1978045dfa9a6ee899239e6c2a method=POST path=/lingxi/v1/sessions/sess_local_alpha/execute status=200
2026-09-29T13:13:25.133316Z  INFO lingxi_service::sessions: normal submission to a busy session rejected (session_busy; retryable) session_id="sess_local_alpha"
2026-09-29T13:13:25.133398Z  INFO lingxi_service: request handled request_id=req-7e06df23bdc1fec5c8d2bf4bc1bd6fca method=POST path=/lingxi/v1/sessions/sess_local_alpha/execute status=409
2026-09-29T13:13:25.133548Z  INFO lingxi_service::sessions: normal submission to a busy session rejected (session_busy; retryable) session_id="sess_local_alpha"
2026-09-29T13:13:25.133642Z  INFO lingxi_service: request handled request_id=req-ceea8dd582cc2dcfc412ced147179f91 method=POST path=/lingxi/v1/sessions/sess_local_alpha/execute status=409
2026-09-29T13:13:25.133818Z  INFO lingxi_service::sessions: normal submission to a busy session rejected (session_busy; retryable) session_id="sess_local_alpha"
2026-09-29T13:13:25.133833Z  INFO lingxi_service::sessions: normal submission to a busy session rejected (session_busy; retryable) session_id="sess_local_alpha"
2026-09-29T13:13:25.133846Z  INFO lingxi_service::sessions: normal submission to a busy session rejected (session_busy; retryable) session_id="sess_local_alpha"
2026-09-29T13:13:25.133814Z  INFO lingxi_service::sessions: run settled through the single finalize path run_id=run_000001a0ed4c718d_000038 session_id="sess_local_alpha" outcome=completed.no_final.no_provider_configured input_chars=17
2026-09-29T13:13:25.133894Z  INFO lingxi_service: request handled request_id=req-c1797eed79a2d1583c52b8fd1f0186fa method=POST path=/lingxi/v1/sessions/sess_local_alpha/execute status=409
2026-09-29T13:13:25.133910Z  INFO lingxi_service: request handled request_id=req-1e8544813ce0631499769690728f9816 method=POST path=/lingxi/v1/sessions/sess_local_alpha/execute status=409
2026-09-29T13:13:25.133942Z  INFO lingxi_service: request handled request_id=req-dc58a0ff42aaf32d679066ea8ebb1371 method=POST path=/lingxi/v1/sessions/sess_local_alpha/execute status=409
2026-09-29T13:13:25.133980Z  INFO lingxi_service: request handled request_id=req-8aaf95aa87e6ac7fd1eccc3e7678b995 method=POST path=/lingxi/v1/sessions/sess_local_alpha/execute status=200
2026-09-29T13:13:25.135256Z  INFO lingxi_service::sessions: normal submission to a busy session rejected (session_busy; retryable) session_id="sess_local_alpha"
2026-09-29T13:13:25.135269Z  INFO lingxi_service::sessions: normal submission to a busy session rejected (session_busy; retryable) session_id="sess_local_alpha"
2026-09-29T13:13:25.135358Z  INFO lingxi_service: request handled request_id=req-ca3e17e50513166c543ef56aac7a7a96 method=POST path=/lingxi/v1/sessions/sess_local_alpha/execute status=409
2026-09-29T13:13:25.135366Z  INFO lingxi_service: request handled request_id=req-f63a28a45a4cc2fabe76c9de5e0341b5 method=POST path=/lingxi/v1/sessions/sess_local_alpha/execute status=409
2026-09-29T13:13:25.135465Z  INFO lingxi_service::sessions: normal submission to a busy session rejected (session_busy; retryable) session_id="sess_local_alpha"
2026-09-29T13:13:25.135473Z  INFO lingxi_service::sessions: normal submission to a busy session rejected (session_busy; retryable) session_id="sess_local_alpha"
2026-09-29T13:13:25.135561Z  INFO lingxi_service: request handled request_id=req-d9971b63586099491ea1d937a1bd1e14 method=POST path=/lingxi/v1/sessions/sess_local_alpha/execute status=409
2026-09-29T13:13:25.135597Z  INFO lingxi_service: request handled request_id=req-5e781e54def2219cc685e7707400e349 method=POST path=/lingxi/v1/sessions/sess_local_alpha/execute status=409
2026-09-29T13:13:25.135678Z  INFO lingxi_service::sessions: normal submission to a busy session rejected (session_busy; retryable) session_id="sess_local_alpha"
2026-09-29T13:13:25.135669Z  INFO lingxi_service::sessions: run settled through the single finalize path run_id=run_000001a0ed4c718e_000039 session_id="sess_local_alpha" outcome=completed.no_final.no_provider_configured input_chars=17
2026-09-29T13:13:25.135723Z  INFO lingxi_service::sessions: normal submission to a busy session rejected (session_busy; retryable) session_id="sess_local_alpha"
2026-09-29T13:13:25.135756Z  INFO lingxi_service: request handled request_id=req-ca3d3b106aed70557386eea9912c2d8a method=POST path=/lingxi/v1/sessions/sess_local_alpha/execute status=409
2026-09-29T13:13:25.135827Z  INFO lingxi_service: request handled request_id=req-f3a19aa68b3c8be62b622ec6adfe99ec method=POST path=/lingxi/v1/sessions/sess_local_alpha/execute status=409
2026-09-29T13:13:25.135859Z  INFO lingxi_service: request handled request_id=req-4e0a979aea37dccd421e8df4c7cdca02 method=POST path=/lingxi/v1/sessions/sess_local_alpha/execute status=200
2026-09-29T13:13:25.136138Z  INFO lingxi_service::sessions: normal submission to a busy session rejected (session_busy; retryable) session_id="sess_local_alpha"
2026-09-29T13:13:25.136215Z  INFO lingxi_service: request handled request_id=req-25f002eb44e57cf6fd80a36fbaeb6cc5 method=POST path=/lingxi/v1/sessions/sess_local_alpha/execute status=409
2026-09-29T13:13:25.136361Z  INFO lingxi_service::sessions: run settled through the single finalize path run_id=run_000001a0ed4c718f_00003a session_id="sess_local_alpha" outcome=completed.no_final.no_provider_configured input_chars=17
2026-09-29T13:13:25.136413Z  INFO lingxi_service::sessions: normal submission to a busy session rejected (session_busy; retryable) session_id="sess_local_alpha"
2026-09-29T13:13:25.136473Z  INFO lingxi_service: request handled request_id=req-abf835e4beb3aee124d38e55fa5ee0ec method=POST path=/lingxi/v1/sessions/sess_local_alpha/execute status=200
2026-09-29T13:13:25.136482Z  INFO lingxi_service: request handled request_id=req-4b0ff2b13e132831c47bc0c51509de71 method=POST path=/lingxi/v1/sessions/sess_local_alpha/execute status=409
2026-09-29T13:13:25.137031Z  INFO lingxi_service::sessions: run settled through the single finalize path run_id=run_000001a0ed4c7190_00003b session_id="sess_local_alpha" outcome=completed.no_final.no_provider_configured input_chars=17
2026-09-29T13:13:25.137078Z  INFO lingxi_service::sessions: normal submission to a busy session rejected (session_busy; retryable) session_id="sess_local_alpha"
2026-09-29T13:13:25.137144Z  INFO lingxi_service: request handled request_id=req-2a84c45e6f63b5ac5378aff15379e4da method=POST path=/lingxi/v1/sessions/sess_local_alpha/execute status=200
2026-09-29T13:13:25.137153Z  INFO lingxi_service: request handled request_id=req-f1619e84be4e5ac5974c336569bb957f method=POST path=/lingxi/v1/sessions/sess_local_alpha/execute status=409
2026-09-29T13:13:25.137394Z  INFO lingxi_service::sessions: normal submission to a busy session rejected (session_busy; retryable) session_id="sess_local_alpha"
2026-09-29T13:13:25.137482Z  INFO lingxi_service: request handled request_id=req-d215210f52765cbe1dfc3458088091e8 method=POST path=/lingxi/v1/sessions/sess_local_alpha/execute status=409
2026-09-29T13:13:25.137678Z  INFO lingxi_service::sessions: normal submission to a busy session rejected (session_busy; retryable) session_id="sess_local_alpha"
2026-09-29T13:13:25.137694Z  INFO lingxi_service::sessions: run settled through the single finalize path run_id=run_000001a0ed4c7191_00003c session_id="sess_local_alpha" outcome=completed.no_final.no_provider_configured input_chars=17
2026-09-29T13:13:25.137717Z  INFO lingxi_service::sessions: normal submission to a busy session rejected (session_busy; retryable) session_id="sess_local_alpha"
2026-09-29T13:13:25.137754Z  INFO lingxi_service: request handled request_id=req-c8042f6efa0656b9163daed60700fe89 method=POST path=/lingxi/v1/sessions/sess_local_alpha/execute status=409
2026-09-29T13:13:25.137819Z  INFO lingxi_service: request handled request_id=req-01ac90447b9a6b92ef2d9f89cfcd1693 method=POST path=/lingxi/v1/sessions/sess_local_alpha/execute status=409
2026-09-29T13:13:25.137841Z  INFO lingxi_service: request handled request_id=req-fb76c1a97b01def0d693cce746e974bd method=POST path=/lingxi/v1/sessions/sess_local_alpha/execute status=200
2026-09-29T13:13:25.138410Z  INFO lingxi_service::sessions: normal submission to a busy session rejected (session_busy; retryable) session_id="sess_local_alpha"
2026-09-29T13:13:25.138425Z  INFO lingxi_service::sessions: normal submission to a busy session rejected (session_busy; retryable) session_id="sess_local_alpha"
2026-09-29T13:13:25.138441Z  INFO lingxi_service::sessions: normal submission to a busy session rejected (session_busy; retryable) session_id="sess_local_alpha"
2026-09-29T13:13:25.138502Z  INFO lingxi_service: request handled request_id=req-fc09ff7f05460a912ae3d8ed13c4d348 method=POST path=/lingxi/v1/sessions/sess_local_alpha/execute status=409
2026-09-29T13:13:25.138575Z  INFO lingxi_service: request handled request_id=req-b645a62406ded84defb017ec893e8ebb method=POST path=/lingxi/v1/sessions/sess_local_alpha/execute status=409
2026-09-29T13:13:25.138585Z  INFO lingxi_service: request handled request_id=req-db8d93eace334f4f73968275a6266263 method=POST path=/lingxi/v1/sessions/sess_local_alpha/execute status=409
2026-09-29T13:13:25.138703Z  INFO lingxi_service::sessions: run settled through the single finalize path run_id=run_000001a0ed4c7192_00003d session_id="sess_local_alpha" outcome=completed.no_final.no_provider_configured input_chars=17
2026-09-29T13:13:25.138768Z  INFO lingxi_service::sessions: normal submission to a busy session rejected (session_busy; retryable) session_id="sess_local_alpha"
2026-09-29T13:13:25.138811Z  INFO lingxi_service::sessions: normal submission to a busy session rejected (session_busy; retryable) session_id="sess_local_alpha"
2026-09-29T13:13:25.138848Z  INFO lingxi_service: request handled request_id=req-ed2409df6b5a38427b97bf0a66e2ec2c method=POST path=/lingxi/v1/sessions/sess_local_alpha/execute status=409
2026-09-29T13:13:25.138848Z  INFO lingxi_service: request handled request_id=req-408e01df3bef76465c04bfa10768010c method=POST path=/lingxi/v1/sessions/sess_local_alpha/execute status=200
2026-09-29T13:13:25.138896Z  INFO lingxi_service: request handled request_id=req-4eee4917e7594c40ec10939ea0e9bae1 method=POST path=/lingxi/v1/sessions/sess_local_alpha/execute status=409
2026-09-29T13:13:25.139139Z  INFO lingxi_service::sessions: normal submission to a busy session rejected (session_busy; retryable) session_id="sess_local_alpha"
2026-09-29T13:13:25.139208Z  INFO lingxi_service: request handled request_id=req-4aa6545d3d561df8c6fc9c1318633f95 method=POST path=/lingxi/v1/sessions/sess_local_alpha/execute status=409
2026-09-29T13:13:25.139543Z  INFO lingxi_service::sessions: run settled through the single finalize path run_id=run_000001a0ed4c7193_00003e session_id="sess_local_alpha" outcome=completed.no_final.no_provider_configured input_chars=17
2026-09-29T13:13:25.139644Z  INFO lingxi_service: request handled request_id=req-3b3e2247752dd96fe2aa47776c61dd18 method=POST path=/lingxi/v1/sessions/sess_local_alpha/execute status=200
2026-09-29T13:13:25.140817Z  INFO lingxi_service::sessions: run settled through the single finalize path run_id=run_000001a0ed4c7194_00003f session_id="sess_local_alpha" outcome=completed.no_final.no_provider_configured input_chars=17
2026-09-29T13:13:25.140947Z  INFO lingxi_service: request handled request_id=req-28eecd3022300e6c3a0752cc7497cb21 method=POST path=/lingxi/v1/sessions/sess_local_alpha/execute status=200
2026-09-29T13:13:25.141088Z  INFO lingxi_service::sessions: normal submission to a busy session rejected (session_busy; retryable) session_id="sess_local_alpha"
2026-09-29T13:13:25.141110Z  INFO lingxi_service::sessions: normal submission to a busy session rejected (session_busy; retryable) session_id="sess_local_alpha"
2026-09-29T13:13:25.141116Z  INFO lingxi_service::sessions: normal submission to a busy session rejected (session_busy; retryable) session_id="sess_local_alpha"
2026-09-29T13:13:25.141167Z  INFO lingxi_service: request handled request_id=req-9095aa261499cc302e5c54305b24e901 method=POST path=/lingxi/v1/sessions/sess_local_alpha/execute status=409
2026-09-29T13:13:25.141198Z  INFO lingxi_service: request handled request_id=req-e72c06faa58f4b5b1e39c2030937672f method=POST path=/lingxi/v1/sessions/sess_local_alpha/execute status=409
2026-09-29T13:13:25.141184Z  INFO lingxi_service: request handled request_id=req-20be96cb7d5728d7084999983342dff3 method=POST path=/lingxi/v1/sessions/sess_local_alpha/execute status=409
2026-09-29T13:13:25.141390Z  INFO lingxi_service::sessions: normal submission to a busy session rejected (session_busy; retryable) session_id="sess_local_alpha"
2026-09-29T13:13:25.141414Z  INFO lingxi_service::sessions: normal submission to a busy session rejected (session_busy; retryable) session_id="sess_local_alpha"
2026-09-29T13:13:25.141496Z  INFO lingxi_service: request handled request_id=req-81074b882dd0ca21a007dd0662754dcf method=POST path=/lingxi/v1/sessions/sess_local_alpha/execute status=409
2026-09-29T13:13:25.141517Z  INFO lingxi_service: request handled request_id=req-e61980fc6efa3a76dca9a7827a410652 method=POST path=/lingxi/v1/sessions/sess_local_alpha/execute status=409
2026-09-29T13:13:25.141679Z  INFO lingxi_service::sessions: normal submission to a busy session rejected (session_busy; retryable) session_id="sess_local_alpha"
2026-09-29T13:13:25.141677Z  INFO lingxi_service::sessions: run settled through the single finalize path run_id=run_000001a0ed4c7194_000040 session_id="sess_local_alpha" outcome=completed.no_final.no_provider_configured input_chars=17
2026-09-29T13:13:25.141703Z  INFO lingxi_service::sessions: normal submission to a busy session rejected (session_busy; retryable) session_id="sess_local_alpha"
2026-09-29T13:13:25.141694Z  INFO lingxi_service::sessions: normal submission to a busy session rejected (session_busy; retryable) session_id="sess_local_alpha"
2026-09-29T13:13:25.141764Z  INFO lingxi_service: request handled request_id=req-10d2782304bd0da7f6adcb8fac6d99f3 method=POST path=/lingxi/v1/sessions/sess_local_alpha/execute status=409
2026-09-29T13:13:25.141804Z  INFO lingxi_service: request handled request_id=req-5a71e03c00240440d74cd70ba56ae5ee method=POST path=/lingxi/v1/sessions/sess_local_alpha/execute status=409
2026-09-29T13:13:25.141837Z  INFO lingxi_service: request handled request_id=req-df700e30c8227d13adca69cfd0ae5ea6 method=POST path=/lingxi/v1/sessions/sess_local_alpha/execute status=200
2026-09-29T13:13:25.141840Z  INFO lingxi_service: request handled request_id=req-6bf7bf076d357db2a76429527c76438c method=POST path=/lingxi/v1/sessions/sess_local_alpha/execute status=409
2026-09-29T13:13:25.142394Z  INFO lingxi_service::sessions: normal submission to a busy session rejected (session_busy; retryable) session_id="sess_local_alpha"
2026-09-29T13:13:25.142400Z  INFO lingxi_service::sessions: normal submission to a busy session rejected (session_busy; retryable) session_id="sess_local_alpha"
2026-09-29T13:13:25.142497Z  INFO lingxi_service: request handled request_id=req-4421dd781033e81197a9073e2a104547 method=POST path=/lingxi/v1/sessions/sess_local_alpha/execute status=409
2026-09-29T13:13:25.142515Z  INFO lingxi_service: request handled request_id=req-af89d973f10d503ce3b6e73681141e1f method=POST path=/lingxi/v1/sessions/sess_local_alpha/execute status=409
2026-09-29T13:13:25.142657Z  INFO lingxi_service::sessions: run settled through the single finalize path run_id=run_000001a0ed4c7196_000041 session_id="sess_local_alpha" outcome=completed.no_final.no_provider_configured input_chars=17
2026-09-29T13:13:25.142763Z  INFO lingxi_service: request handled request_id=req-3a90ac5c85cf29d891475b22c1daeb74 method=POST path=/lingxi/v1/sessions/sess_local_alpha/execute status=200
2026-09-29T13:13:25.143258Z  INFO lingxi_service::sessions: normal submission to a busy session rejected (session_busy; retryable) session_id="sess_local_alpha"
2026-09-29T13:13:25.143346Z  INFO lingxi_service::sessions: normal submission to a busy session rejected (session_busy; retryable) session_id="sess_local_alpha"
2026-09-29T13:13:25.143344Z  INFO lingxi_service: request handled request_id=req-b4e3e807940a8287bbc711f4350de122 method=POST path=/lingxi/v1/sessions/sess_local_alpha/execute status=409
2026-09-29T13:13:25.143437Z  INFO lingxi_service: request handled request_id=req-310f6aec82fb982705a0bba5b50261c8 method=POST path=/lingxi/v1/sessions/sess_local_alpha/execute status=409
2026-09-29T13:13:25.143502Z  INFO lingxi_service::sessions: normal submission to a busy session rejected (session_busy; retryable) session_id="sess_local_alpha"
2026-09-29T13:13:25.143489Z  INFO lingxi_service::sessions: run settled through the single finalize path run_id=run_000001a0ed4c7197_000042 session_id="sess_local_alpha" outcome=completed.no_final.no_provider_configured input_chars=17
2026-09-29T13:13:25.143590Z  INFO lingxi_service: request handled request_id=req-183a97e4e28ddf0ebc6486bff0ba8878 method=POST path=/lingxi/v1/sessions/sess_local_alpha/execute status=409
2026-09-29T13:13:25.143612Z  INFO lingxi_service::sessions: normal submission to a busy session rejected (session_busy; retryable) session_id="sess_local_alpha"
2026-09-29T13:13:25.143639Z  INFO lingxi_service: request handled request_id=req-fd35971ac7761737ca441de473ff3d7e method=POST path=/lingxi/v1/sessions/sess_local_alpha/execute status=200
2026-09-29T13:13:25.143698Z  INFO lingxi_service: request handled request_id=req-1197a7abe3159861f7987c68884de8d0 method=POST path=/lingxi/v1/sessions/sess_local_alpha/execute status=409
2026-09-29T13:13:25.144373Z  INFO lingxi_service::sessions: normal submission to a busy session rejected (session_busy; retryable) session_id="sess_local_alpha"
2026-09-29T13:13:25.144392Z  INFO lingxi_service::sessions: normal submission to a busy session rejected (session_busy; retryable) session_id="sess_local_alpha"
2026-09-29T13:13:25.144403Z  INFO lingxi_service::sessions: normal submission to a busy session rejected (session_busy; retryable) session_id="sess_local_alpha"
2026-09-29T13:13:25.144456Z  INFO lingxi_service: request handled request_id=req-defbcb6097e4f955324e4a9ca91e675a method=POST path=/lingxi/v1/sessions/sess_local_alpha/execute status=409
2026-09-29T13:13:25.144479Z  INFO lingxi_service: request handled request_id=req-d0cf601d8ca81ecda4ff1d75857285e5 method=POST path=/lingxi/v1/sessions/sess_local_alpha/execute status=409
2026-09-29T13:13:25.144505Z  INFO lingxi_service: request handled request_id=req-f502328bd4fc6f683a1e682100d529fe method=POST path=/lingxi/v1/sessions/sess_local_alpha/execute status=409
2026-09-29T13:13:25.144557Z  INFO lingxi_service::sessions: run settled through the single finalize path run_id=run_000001a0ed4c7198_000043 session_id="sess_local_alpha" outcome=completed.no_final.no_provider_configured input_chars=17
2026-09-29T13:13:25.144608Z  INFO lingxi_service::sessions: normal submission to a busy session rejected (session_busy; retryable) session_id="sess_local_alpha"
2026-09-29T13:13:25.144676Z  INFO lingxi_service: request handled request_id=req-51f1eaec969c305835e1307a7c4abb72 method=POST path=/lingxi/v1/sessions/sess_local_alpha/execute status=200
2026-09-29T13:13:25.144720Z  INFO lingxi_service: request handled request_id=req-129608a7a2b6eff165abc264f502005a method=POST path=/lingxi/v1/sessions/sess_local_alpha/execute status=409
2026-09-29T13:13:25.145133Z  INFO lingxi_service::sessions: run settled through the single finalize path run_id=run_000001a0ed4c7198_000044 session_id="sess_local_alpha" outcome=completed.no_final.no_provider_configured input_chars=17
2026-09-29T13:13:25.145244Z  INFO lingxi_service: request handled request_id=req-5d17065f8c1984f64b254610461a2e30 method=POST path=/lingxi/v1/sessions/sess_local_alpha/execute status=200
2026-09-29T13:13:25.146095Z  INFO lingxi_service::sessions: normal submission to a busy session rejected (session_busy; retryable) session_id="sess_local_alpha"
2026-09-29T13:13:25.146178Z  INFO lingxi_service: request handled request_id=req-f1bb348152477c8d345ccad8ac11c0a2 method=POST path=/lingxi/v1/sessions/sess_local_alpha/execute status=409
2026-09-29T13:13:25.146419Z  INFO lingxi_service::sessions: normal submission to a busy session rejected (session_busy; retryable) session_id="sess_local_alpha"
2026-09-29T13:13:25.146420Z  INFO lingxi_service::sessions: run settled through the single finalize path run_id=run_000001a0ed4c7199_000045 session_id="sess_local_alpha" outcome=completed.no_final.no_provider_configured input_chars=17
2026-09-29T13:13:25.146503Z  INFO lingxi_service: request handled request_id=req-77a9cad3821c8eb4b5565956693c1102 method=POST path=/lingxi/v1/sessions/sess_local_alpha/execute status=409
2026-09-29T13:13:25.146542Z  INFO lingxi_service: request handled request_id=req-a05a7b91425ed5721999214a2de4dbd3 method=POST path=/lingxi/v1/sessions/sess_local_alpha/execute status=200
2026-09-29T13:13:25.146792Z  INFO lingxi_service::sessions: normal submission to a busy session rejected (session_busy; retryable) session_id="sess_local_alpha"
2026-09-29T13:13:25.146804Z  INFO lingxi_service::sessions: normal submission to a busy session rejected (session_busy; retryable) session_id="sess_local_alpha"
2026-09-29T13:13:25.146876Z  INFO lingxi_service: request handled request_id=req-e9af3dd38b523af8937772d95c2c06fe method=POST path=/lingxi/v1/sessions/sess_local_alpha/execute status=409
2026-09-29T13:13:25.146896Z  INFO lingxi_service: request handled request_id=req-b1f37da666f758d9bcc900931d9dba90 method=POST path=/lingxi/v1/sessions/sess_local_alpha/execute status=409
2026-09-29T13:13:25.147084Z  INFO lingxi_service::sessions: normal submission to a busy session rejected (session_busy; retryable) session_id="sess_local_alpha"
2026-09-29T13:13:25.147081Z  INFO lingxi_service::sessions: run settled through the single finalize path run_id=run_000001a0ed4c719a_000046 session_id="sess_local_alpha" outcome=completed.no_final.no_provider_configured input_chars=17
2026-09-29T13:13:25.147163Z  INFO lingxi_service: request handled request_id=req-241db4383eb356b4b021d3d2ecfe909d method=POST path=/lingxi/v1/sessions/sess_local_alpha/execute status=409
2026-09-29T13:13:25.147220Z  INFO lingxi_service: request handled request_id=req-c99be5e41892b8fb1b449235be8235ad method=POST path=/lingxi/v1/sessions/sess_local_alpha/execute status=200
2026-09-29T13:13:25.147468Z  INFO lingxi_service::sessions: normal submission to a busy session rejected (session_busy; retryable) session_id="sess_local_alpha"
2026-09-29T13:13:25.147545Z  INFO lingxi_service: request handled request_id=req-8dac96be9b16805341a6c813841da4d6 method=POST path=/lingxi/v1/sessions/sess_local_alpha/execute status=409
2026-09-29T13:13:25.147578Z  INFO lingxi_service::sessions: normal submission to a busy session rejected (session_busy; retryable) session_id="sess_local_alpha"
2026-09-29T13:13:25.147651Z  INFO lingxi_service: request handled request_id=req-4548ddfa9e75c9689839127747aa12a3 method=POST path=/lingxi/v1/sessions/sess_local_alpha/execute status=409
2026-09-29T13:13:25.147713Z  INFO lingxi_service::sessions: run settled through the single finalize path run_id=run_000001a0ed4c719b_000047 session_id="sess_local_alpha" outcome=completed.no_final.no_provider_configured input_chars=17
2026-09-29T13:13:25.147813Z  INFO lingxi_service: request handled request_id=req-6eeed487d53258906e7eb0da475a080e method=POST path=/lingxi/v1/sessions/sess_local_alpha/execute status=200
2026-09-29T13:13:25.148348Z  INFO lingxi_service::sessions: normal submission to a busy session rejected (session_busy; retryable) session_id="sess_local_alpha"
2026-09-29T13:13:25.148422Z  INFO lingxi_service: request handled request_id=req-9b70df949323bb83f2b54c18f335fa1e method=POST path=/lingxi/v1/sessions/sess_local_alpha/execute status=409
2026-09-29T13:13:25.148603Z  INFO lingxi_service::sessions: run settled through the single finalize path run_id=run_000001a0ed4c719c_000048 session_id="sess_local_alpha" outcome=completed.no_final.no_provider_configured input_chars=17
2026-09-29T13:13:25.148640Z  INFO lingxi_service::sessions: normal submission to a busy session rejected (session_busy; retryable) session_id="sess_local_alpha"
2026-09-29T13:13:25.148727Z  INFO lingxi_service: request handled request_id=req-3fea42f9932fe17fabf8ee4f1909a3bf method=POST path=/lingxi/v1/sessions/sess_local_alpha/execute status=409
2026-09-29T13:13:25.148734Z  INFO lingxi_service: request handled request_id=req-cfae5cd8fb6d8f0a5339f82b678fdfa2 method=POST path=/lingxi/v1/sessions/sess_local_alpha/execute status=200
2026-09-29T13:13:25.148996Z  INFO lingxi_service::sessions: normal submission to a busy session rejected (session_busy; retryable) session_id="sess_local_alpha"
2026-09-29T13:13:25.149011Z  INFO lingxi_service::sessions: normal submission to a busy session rejected (session_busy; retryable) session_id="sess_local_alpha"
2026-09-29T13:13:25.149094Z  INFO lingxi_service: request handled request_id=req-8b9267fb73d05b6f90842fdf8baf35d3 method=POST path=/lingxi/v1/sessions/sess_local_alpha/execute status=409
2026-09-29T13:13:25.149120Z  INFO lingxi_service::sessions: normal submission to a busy session rejected (session_busy; retryable) session_id="sess_local_alpha"
2026-09-29T13:13:25.149119Z  INFO lingxi_service: request handled request_id=req-6997b6be3f6ee71e658eb432ed867047 method=POST path=/lingxi/v1/sessions/sess_local_alpha/execute status=409
2026-09-29T13:13:25.149207Z  INFO lingxi_service: request handled request_id=req-72ff7977fc977b61ecf71378d288049a method=POST path=/lingxi/v1/sessions/sess_local_alpha/execute status=409
2026-09-29T13:13:25.149292Z  INFO lingxi_service::sessions: run settled through the single finalize path run_id=run_000001a0ed4c719c_000049 session_id="sess_local_alpha" outcome=completed.no_final.no_provider_configured input_chars=17
2026-09-29T13:13:25.149306Z  INFO lingxi_service::sessions: normal submission to a busy session rejected (session_busy; retryable) session_id="sess_local_alpha"
2026-09-29T13:13:25.149339Z  INFO lingxi_service::sessions: normal submission to a busy session rejected (session_busy; retryable) session_id="sess_local_alpha"
2026-09-29T13:13:25.149393Z  INFO lingxi_service: request handled request_id=req-ea884d30054461cdccefd7dd4d12af22 method=POST path=/lingxi/v1/sessions/sess_local_alpha/execute status=409
2026-09-29T13:13:25.149410Z  INFO lingxi_service: request handled request_id=req-ba65c8eb6cab66a2ada85a763b070168 method=POST path=/lingxi/v1/sessions/sess_local_alpha/execute status=409
2026-09-29T13:13:25.149416Z  INFO lingxi_service: request handled request_id=req-04ce71b6a1ef067da5e350ddc7e6c413 method=POST path=/lingxi/v1/sessions/sess_local_alpha/execute status=200
2026-09-29T13:13:25.149965Z  INFO lingxi_service::sessions: normal submission to a busy session rejected (session_busy; retryable) session_id="sess_local_alpha"
2026-09-29T13:13:25.150034Z  INFO lingxi_service: request handled request_id=req-2028875593502a005acff24072eb15a1 method=POST path=/lingxi/v1/sessions/sess_local_alpha/execute status=409
2026-09-29T13:13:25.150104Z  INFO lingxi_service::sessions: run settled through the single finalize path run_id=run_000001a0ed4c719d_00004a session_id="sess_local_alpha" outcome=completed.no_final.no_provider_configured input_chars=17
2026-09-29T13:13:25.150215Z  INFO lingxi_service: request handled request_id=req-5e507a004fbb30f3dba00a931434f560 method=POST path=/lingxi/v1/sessions/sess_local_alpha/execute status=200
2026-09-29T13:13:25.150545Z  INFO lingxi_service::sessions: normal submission to a busy session rejected (session_busy; retryable) session_id="sess_local_alpha"
2026-09-29T13:13:25.150560Z  INFO lingxi_service::sessions: normal submission to a busy session rejected (session_busy; retryable) session_id="sess_local_alpha"
2026-09-29T13:13:25.150617Z  INFO lingxi_service: request handled request_id=req-73cd064a1878f11338364e3d9a9bb145 method=POST path=/lingxi/v1/sessions/sess_local_alpha/execute status=409
2026-09-29T13:13:25.150653Z  INFO lingxi_service: request handled request_id=req-29dd35aa04ef1ed46bc02d0bed343c74 method=POST path=/lingxi/v1/sessions/sess_local_alpha/execute status=409
2026-09-29T13:13:25.150787Z  INFO lingxi_service::sessions: run settled through the single finalize path run_id=run_000001a0ed4c719e_00004b session_id="sess_local_alpha" outcome=completed.no_final.no_provider_configured input_chars=17
2026-09-29T13:13:25.150900Z  INFO lingxi_service: request handled request_id=req-a631b94be6f7254a446294137d9b2837 method=POST path=/lingxi/v1/sessions/sess_local_alpha/execute status=200
2026-09-29T13:13:25.151816Z  INFO lingxi_service::sessions: normal submission to a busy session rejected (session_busy; retryable) session_id="sess_local_alpha"
2026-09-29T13:13:25.151891Z  INFO lingxi_service: request handled request_id=req-066e2e91e0f643d8a3df71b59ee2802e method=POST path=/lingxi/v1/sessions/sess_local_alpha/execute status=409
2026-09-29T13:13:25.152070Z  INFO lingxi_service::sessions: normal submission to a busy session rejected (session_busy; retryable) session_id="sess_local_alpha"
2026-09-29T13:13:25.152077Z  INFO lingxi_service::sessions: normal submission to a busy session rejected (session_busy; retryable) session_id="sess_local_alpha"
2026-09-29T13:13:25.152148Z  INFO lingxi_service: request handled request_id=req-db87887219aad3cfe467650475b59927 method=POST path=/lingxi/v1/sessions/sess_local_alpha/execute status=409
2026-09-29T13:13:25.152176Z  INFO lingxi_service::sessions: normal submission to a busy session rejected (session_busy; retryable) session_id="sess_local_alpha"
2026-09-29T13:13:25.152179Z  INFO lingxi_service: request handled request_id=req-ea5a2161d47eab15a92cc3af97a99121 method=POST path=/lingxi/v1/sessions/sess_local_alpha/execute status=409
2026-09-29T13:13:25.152250Z  INFO lingxi_service: request handled request_id=req-b402d2ad2cf3b7bf1acf8da9f0f071a6 method=POST path=/lingxi/v1/sessions/sess_local_alpha/execute status=409
2026-09-29T13:13:25.152354Z  INFO lingxi_service::sessions: normal submission to a busy session rejected (session_busy; retryable) session_id="sess_local_alpha"
2026-09-29T13:13:25.152344Z  INFO lingxi_service::sessions: run settled through the single finalize path run_id=run_000001a0ed4c719f_00004c session_id="sess_local_alpha" outcome=completed.no_final.no_provider_configured input_chars=17
2026-09-29T13:13:25.152440Z  INFO lingxi_service: request handled request_id=req-4bf8b1b09c99c904ed4eec60551745f9 method=POST path=/lingxi/v1/sessions/sess_local_alpha/execute status=409
2026-09-29T13:13:25.152495Z  INFO lingxi_service: request handled request_id=req-8cfa44d1b3342bfab8939388011d2161 method=POST path=/lingxi/v1/sessions/sess_local_alpha/execute status=200
2026-09-29T13:13:25.153080Z  INFO lingxi_service::sessions: normal submission to a busy session rejected (session_busy; retryable) session_id="sess_local_alpha"
2026-09-29T13:13:25.153157Z  INFO lingxi_service: request handled request_id=req-c9001dcba2cf34a9cf358040d7e2dda9 method=POST path=/lingxi/v1/sessions/sess_local_alpha/execute status=409
2026-09-29T13:13:25.153362Z  INFO lingxi_service::sessions: normal submission to a busy session rejected (session_busy; retryable) session_id="sess_local_alpha"
2026-09-29T13:13:25.153373Z  INFO lingxi_service::sessions: normal submission to a busy session rejected (session_busy; retryable) session_id="sess_local_alpha"
2026-09-29T13:13:25.153357Z  INFO lingxi_service::sessions: run settled through the single finalize path run_id=run_000001a0ed4c71a0_00004d session_id="sess_local_alpha" outcome=completed.no_final.no_provider_configured input_chars=17
2026-09-29T13:13:25.153443Z  INFO lingxi_service: request handled request_id=req-b9a8b424025cd7652f88f15885573ce6 method=POST path=/lingxi/v1/sessions/sess_local_alpha/execute status=409
2026-09-29T13:13:25.153451Z  INFO lingxi_service: request handled request_id=req-bea207211dd309bac55bbe83dcabae70 method=POST path=/lingxi/v1/sessions/sess_local_alpha/execute status=409
2026-09-29T13:13:25.153485Z  INFO lingxi_service::sessions: normal submission to a busy session rejected (session_busy; retryable) session_id="sess_local_alpha"
2026-09-29T13:13:25.153544Z  INFO lingxi_service: request handled request_id=req-94d54e2c3bf1ee26091d39e5ce9460a3 method=POST path=/lingxi/v1/sessions/sess_local_alpha/execute status=200
2026-09-29T13:13:25.153571Z  INFO lingxi_service: request handled request_id=req-bb6bde44ed0fca5ebd192d5eb8fded97 method=POST path=/lingxi/v1/sessions/sess_local_alpha/execute status=409
2026-09-29T13:13:25.153828Z  INFO lingxi_service::sessions: normal submission to a busy session rejected (session_busy; retryable) session_id="sess_local_alpha"
2026-09-29T13:13:25.153935Z  INFO lingxi_service: request handled request_id=req-c387a1a878644949b5fb9478b64391d8 method=POST path=/lingxi/v1/sessions/sess_local_alpha/execute status=409
2026-09-29T13:13:25.154103Z  INFO lingxi_service::sessions: run settled through the single finalize path run_id=run_000001a0ed4c71a1_00004e session_id="sess_local_alpha" outcome=completed.no_final.no_provider_configured input_chars=17
2026-09-29T13:13:25.154135Z  INFO lingxi_service::sessions: normal submission to a busy session rejected (session_busy; retryable) session_id="sess_local_alpha"
2026-09-29T13:13:25.154130Z  INFO lingxi_service::sessions: normal submission to a busy session rejected (session_busy; retryable) session_id="sess_local_alpha"
2026-09-29T13:13:25.154254Z  INFO lingxi_service: request handled request_id=req-383fcf8122d191cccec69a8bbddeb966 method=POST path=/lingxi/v1/sessions/sess_local_alpha/execute status=409
2026-09-29T13:13:25.154257Z  INFO lingxi_service: request handled request_id=req-f3a54484d9dd3f02fb6d18ee65fb95a3 method=POST path=/lingxi/v1/sessions/sess_local_alpha/execute status=409
2026-09-29T13:13:25.154256Z  INFO lingxi_service: request handled request_id=req-d5dfc9a21fe875c4d53ef6544a8ef171 method=POST path=/lingxi/v1/sessions/sess_local_alpha/execute status=200
2026-09-29T13:13:25.154379Z  INFO lingxi_service::sessions: normal submission to a busy session rejected (session_busy; retryable) session_id="sess_local_alpha"
2026-09-29T13:13:25.154463Z  INFO lingxi_service: request handled request_id=req-d09e777962a31312c1a1a510f8358d35 method=POST path=/lingxi/v1/sessions/sess_local_alpha/execute status=409
2026-09-29T13:13:25.154616Z  INFO lingxi_service::sessions: normal submission to a busy session rejected (session_busy; retryable) session_id="sess_local_alpha"
2026-09-29T13:13:25.154689Z  INFO lingxi_service: request handled request_id=req-8112355eb4b9c0764c8f85e3db720558 method=POST path=/lingxi/v1/sessions/sess_local_alpha/execute status=409
2026-09-29T13:13:25.154859Z  INFO lingxi_service::sessions: run settled through the single finalize path run_id=run_000001a0ed4c71a2_00004f session_id="sess_local_alpha" outcome=completed.no_final.no_provider_configured input_chars=17
2026-09-29T13:13:25.154966Z  INFO lingxi_service: request handled request_id=req-f4c73de2baedb80b465e43749bbf90dd method=POST path=/lingxi/v1/sessions/sess_local_alpha/execute status=200
2026-09-29T13:13:25.155531Z  INFO lingxi_service::sessions: normal submission to a busy session rejected (session_busy; retryable) session_id="sess_local_alpha"
2026-09-29T13:13:25.155543Z  INFO lingxi_service::sessions: normal submission to a busy session rejected (session_busy; retryable) session_id="sess_local_alpha"
2026-09-29T13:13:25.155612Z  INFO lingxi_service: request handled request_id=req-4d2ff6c52751fcbd06e220c72a7b6526 method=POST path=/lingxi/v1/sessions/sess_local_alpha/execute status=409
2026-09-29T13:13:25.155633Z  INFO lingxi_service: request handled request_id=req-1904dc1c7d3b8e5bb1ce56c08c0e0eaa method=POST path=/lingxi/v1/sessions/sess_local_alpha/execute status=409
2026-09-29T13:13:25.155664Z  INFO lingxi_service::sessions: normal submission to a busy session rejected (session_busy; retryable) session_id="sess_local_alpha"
2026-09-29T13:13:25.155647Z  INFO lingxi_service::sessions: normal submission to a busy session rejected (session_busy; retryable) session_id="sess_local_alpha"
2026-09-29T13:13:25.155750Z  INFO lingxi_service: request handled request_id=req-947e15113fc98fcdf8ae6978701fbd65 method=POST path=/lingxi/v1/sessions/sess_local_alpha/execute status=409
2026-09-29T13:13:25.155784Z  INFO lingxi_service: request handled request_id=req-cf8de3490eb2ce6b6eeb07721dfb1344 method=POST path=/lingxi/v1/sessions/sess_local_alpha/execute status=409
2026-09-29T13:13:25.155844Z  INFO lingxi_service::sessions: normal submission to a busy session rejected (session_busy; retryable) session_id="sess_local_alpha"
2026-09-29T13:13:25.155839Z  INFO lingxi_service::sessions: run settled through the single finalize path run_id=run_000001a0ed4c71a3_000050 session_id="sess_local_alpha" outcome=completed.no_final.no_provider_configured input_chars=17
2026-09-29T13:13:25.155923Z  INFO lingxi_service: request handled request_id=req-85538647a28dd53ef4eb10d5357b39d8 method=POST path=/lingxi/v1/sessions/sess_local_alpha/execute status=409
2026-09-29T13:13:25.155970Z  INFO lingxi_service: request handled request_id=req-e07201e58014b57e9c5cf4c71653c744 method=POST path=/lingxi/v1/sessions/sess_local_alpha/execute status=200
2026-09-29T13:13:25.157093Z  INFO lingxi_service::sessions: normal submission to a busy session rejected (session_busy; retryable) session_id="sess_local_alpha"
2026-09-29T13:13:25.157101Z  INFO lingxi_service::sessions: normal submission to a busy session rejected (session_busy; retryable) session_id="sess_local_alpha"
2026-09-29T13:13:25.157124Z  INFO lingxi_service::sessions: normal submission to a busy session rejected (session_busy; retryable) session_id="sess_local_alpha"
2026-09-29T13:13:25.157192Z  INFO lingxi_service: request handled request_id=req-dd8f0767b623194cad24e0aa9e34a2fe method=POST path=/lingxi/v1/sessions/sess_local_alpha/execute status=409
2026-09-29T13:13:25.157208Z  INFO lingxi_service: request handled request_id=req-b98403a77c20c0aeba9ba95bbdf19596 method=POST path=/lingxi/v1/sessions/sess_local_alpha/execute status=409
2026-09-29T13:13:25.157215Z  INFO lingxi_service: request handled request_id=req-3cfdc77431cc01d1f2019dd223827a1a method=POST path=/lingxi/v1/sessions/sess_local_alpha/execute status=409
2026-09-29T13:13:25.157386Z  INFO lingxi_service::sessions: run settled through the single finalize path run_id=run_000001a0ed4c71a4_000051 session_id="sess_local_alpha" outcome=completed.no_final.no_provider_configured input_chars=17
2026-09-29T13:13:25.157400Z  INFO lingxi_service::sessions: normal submission to a busy session rejected (session_busy; retryable) session_id="sess_local_alpha"
2026-09-29T13:13:25.157500Z  INFO lingxi_service: request handled request_id=req-9434bf0f50aa26e8fca1921f65e675b4 method=POST path=/lingxi/v1/sessions/sess_local_alpha/execute status=409
2026-09-29T13:13:25.157522Z  INFO lingxi_service: request handled request_id=req-cde482ce55dee3383495ce59ce72e816 method=POST path=/lingxi/v1/sessions/sess_local_alpha/execute status=200
2026-09-29T13:13:25.158039Z  INFO lingxi_service::sessions: normal submission to a busy session rejected (session_busy; retryable) session_id="sess_local_alpha"
2026-09-29T13:13:25.158053Z  INFO lingxi_service::sessions: normal submission to a busy session rejected (session_busy; retryable) session_id="sess_local_alpha"
2026-09-29T13:13:25.158111Z  INFO lingxi_service: request handled request_id=req-afd13c57ea637d196be050f12fda4f9c method=POST path=/lingxi/v1/sessions/sess_local_alpha/execute status=409
2026-09-29T13:13:25.158141Z  INFO lingxi_service: request handled request_id=req-4a86db5102bc351d3024c67c3debb34b method=POST path=/lingxi/v1/sessions/sess_local_alpha/execute status=409
2026-09-29T13:13:25.158160Z  INFO lingxi_service::sessions: normal submission to a busy session rejected (session_busy; retryable) session_id="sess_local_alpha"
2026-09-29T13:13:25.158284Z  INFO lingxi_service: request handled request_id=req-1d3c99e85a2881858e053c907e9d9b6a method=POST path=/lingxi/v1/sessions/sess_local_alpha/execute status=409
2026-09-29T13:13:25.158349Z  INFO lingxi_service::sessions: normal submission to a busy session rejected (session_busy; retryable) session_id="sess_local_alpha"
2026-09-29T13:13:25.158344Z  INFO lingxi_service::sessions: run settled through the single finalize path run_id=run_000001a0ed4c71a5_000052 session_id="sess_local_alpha" outcome=completed.no_final.no_provider_configured input_chars=17
2026-09-29T13:13:25.158418Z  INFO lingxi_service: request handled request_id=req-eeb485bc5648328a1ca2ab833b0271f1 method=POST path=/lingxi/v1/sessions/sess_local_alpha/execute status=409
2026-09-29T13:13:25.158455Z  INFO lingxi_service: request handled request_id=req-923298876a4e02756308539ce426acb6 method=POST path=/lingxi/v1/sessions/sess_local_alpha/execute status=200
2026-09-29T13:13:25.158972Z  INFO lingxi_service::sessions: normal submission to a busy session rejected (session_busy; retryable) session_id="sess_local_alpha"
2026-09-29T13:13:25.159053Z  INFO lingxi_service: request handled request_id=req-3e0afe765aa91f225e8a32b33d8bba44 method=POST path=/lingxi/v1/sessions/sess_local_alpha/execute status=409
2026-09-29T13:13:25.159102Z  INFO lingxi_service::sessions: normal submission to a busy session rejected (session_busy; retryable) session_id="sess_local_alpha"
2026-09-29T13:13:25.159189Z  INFO lingxi_service: request handled request_id=req-5d8d4a8f67552c1908685c46b8fdfc4a method=POST path=/lingxi/v1/sessions/sess_local_alpha/execute status=409
2026-09-29T13:13:25.159267Z  INFO lingxi_service::sessions: run settled through the single finalize path run_id=run_000001a0ed4c71a6_000053 session_id="sess_local_alpha" outcome=completed.no_final.no_provider_configured input_chars=17
2026-09-29T13:13:25.159385Z  INFO lingxi_service: request handled request_id=req-4d3c27e247c3165d31dc04c28a860c95 method=POST path=/lingxi/v1/sessions/sess_local_alpha/execute status=200
2026-09-29T13:13:25.159745Z  INFO lingxi_service::sessions: normal submission to a busy session rejected (session_busy; retryable) session_id="sess_local_alpha"
2026-09-29T13:13:25.159831Z  INFO lingxi_service: request handled request_id=req-3478266baa68c95c7e74caae0c5bc963 method=POST path=/lingxi/v1/sessions/sess_local_alpha/execute status=409
2026-09-29T13:13:25.160012Z  INFO lingxi_service::sessions: normal submission to a busy session rejected (session_busy; retryable) session_id="sess_local_alpha"
2026-09-29T13:13:25.160024Z  INFO lingxi_service::sessions: normal submission to a busy session rejected (session_busy; retryable) session_id="sess_local_alpha"
2026-09-29T13:13:25.160010Z  INFO lingxi_service::sessions: run settled through the single finalize path run_id=run_000001a0ed4c71a7_000054 session_id="sess_local_alpha" outcome=completed.no_final.no_provider_configured input_chars=17
2026-09-29T13:13:25.160088Z  INFO lingxi_service: request handled request_id=req-59e731d408bb918662e2eff73ffc7a16 method=POST path=/lingxi/v1/sessions/sess_local_alpha/execute status=409
2026-09-29T13:13:25.160104Z  INFO lingxi_service: request handled request_id=req-a5b77c1149e1d33fb21e6a85a5ce8851 method=POST path=/lingxi/v1/sessions/sess_local_alpha/execute status=409
2026-09-29T13:13:25.160147Z  INFO lingxi_service: request handled request_id=req-f72bf7ef355c515b172cc34aa2e62079 method=POST path=/lingxi/v1/sessions/sess_local_alpha/execute status=200
2026-09-29T13:13:25.160386Z  INFO lingxi_service::sessions: normal submission to a busy session rejected (session_busy; retryable) session_id="sess_local_alpha"
2026-09-29T13:13:25.160499Z  INFO lingxi_service::sessions: normal submission to a busy session rejected (session_busy; retryable) session_id="sess_local_alpha"
2026-09-29T13:13:25.160498Z  INFO lingxi_service: request handled request_id=req-835eeeb37dcfb01956ad907cea88978d method=POST path=/lingxi/v1/sessions/sess_local_alpha/execute status=409
2026-09-29T13:13:25.160524Z  INFO lingxi_service::sessions: normal submission to a busy session rejected (session_busy; retryable) session_id="sess_local_alpha"
2026-09-29T13:13:25.160588Z  INFO lingxi_service: request handled request_id=req-f9e47d9ea2cf4e58ab50adf20ec7dd7c method=POST path=/lingxi/v1/sessions/sess_local_alpha/execute status=409
2026-09-29T13:13:25.160632Z  INFO lingxi_service: request handled request_id=req-078b4f237e9f4e3e62cf4b0cde64e20d method=POST path=/lingxi/v1/sessions/sess_local_alpha/execute status=409
2026-09-29T13:13:25.160688Z  INFO lingxi_service::sessions: normal submission to a busy session rejected (session_busy; retryable) session_id="sess_local_alpha"
2026-09-29T13:13:25.160679Z  INFO lingxi_service::sessions: run settled through the single finalize path run_id=run_000001a0ed4c71a8_000055 session_id="sess_local_alpha" outcome=completed.no_final.no_provider_configured input_chars=17
2026-09-29T13:13:25.160757Z  INFO lingxi_service: request handled request_id=req-d4a779c09d8133694cacab5322744987 method=POST path=/lingxi/v1/sessions/sess_local_alpha/execute status=409
2026-09-29T13:13:25.160814Z  INFO lingxi_service: request handled request_id=req-5279224940cc93a27e2f402ab6398a3a method=POST path=/lingxi/v1/sessions/sess_local_alpha/execute status=200
2026-09-29T13:13:25.161310Z  INFO lingxi_service::sessions: normal submission to a busy session rejected (session_busy; retryable) session_id="sess_local_alpha"
2026-09-29T13:13:25.161381Z  INFO lingxi_service: request handled request_id=req-9bef6d980e2e3538998174b0dddb99ff method=POST path=/lingxi/v1/sessions/sess_local_alpha/execute status=409
2026-09-29T13:13:25.161551Z  INFO lingxi_service::sessions: run settled through the single finalize path run_id=run_000001a0ed4c71a9_000056 session_id="sess_local_alpha" outcome=completed.no_final.no_provider_configured input_chars=17
2026-09-29T13:13:25.161653Z  INFO lingxi_service: request handled request_id=req-64ab24ce7444df60edb83524ea28cf8a method=POST path=/lingxi/v1/sessions/sess_local_alpha/execute status=200
2026-09-29T13:13:25.162668Z  INFO lingxi_service::sessions: normal submission to a busy session rejected (session_busy; retryable) session_id="sess_local_alpha"
2026-09-29T13:13:25.162751Z  INFO lingxi_service: request handled request_id=req-c96b665b59520e9ee3f5b94e93846866 method=POST path=/lingxi/v1/sessions/sess_local_alpha/execute status=409
2026-09-29T13:13:25.162802Z  INFO lingxi_service::sessions: run settled through the single finalize path run_id=run_000001a0ed4c71aa_000057 session_id="sess_local_alpha" outcome=completed.no_final.no_provider_configured input_chars=17
2026-09-29T13:13:25.162822Z  INFO lingxi_service::sessions: normal submission to a busy session rejected (session_busy; retryable) session_id="sess_local_alpha"
2026-09-29T13:13:25.162853Z  INFO lingxi_service::sessions: normal submission to a busy session rejected (session_busy; retryable) session_id="sess_local_alpha"
2026-09-29T13:13:25.162889Z  INFO lingxi_service::sessions: normal submission to a busy session rejected (session_busy; retryable) session_id="sess_local_alpha"
2026-09-29T13:13:25.162908Z  INFO lingxi_service: request handled request_id=req-403d0268d5a5eafd73fea353ad974aff method=POST path=/lingxi/v1/sessions/sess_local_alpha/execute status=409
2026-09-29T13:13:25.162933Z  INFO lingxi_service: request handled request_id=req-9055785c3a223a56954c8408bffdf6e2 method=POST path=/lingxi/v1/sessions/sess_local_alpha/execute status=200
2026-09-29T13:13:25.162939Z  INFO lingxi_service: request handled request_id=req-f33f0c6de096ef0f022b97f0ad6116c2 method=POST path=/lingxi/v1/sessions/sess_local_alpha/execute status=409
2026-09-29T13:13:25.162958Z  INFO lingxi_service: request handled request_id=req-53d110edcce4d0fef8dbf0e1f9994b7b method=POST path=/lingxi/v1/sessions/sess_local_alpha/execute status=409
2026-09-29T13:13:25.163336Z  INFO lingxi_service::sessions: normal submission to a busy session rejected (session_busy; retryable) session_id="sess_local_alpha"
2026-09-29T13:13:25.163402Z  INFO lingxi_service: request handled request_id=req-f8894113f7d37387e9f5d887ab7af29e method=POST path=/lingxi/v1/sessions/sess_local_alpha/execute status=409
2026-09-29T13:13:25.163574Z  INFO lingxi_service::sessions: run settled through the single finalize path run_id=run_000001a0ed4c71ab_000058 session_id="sess_local_alpha" outcome=completed.no_final.no_provider_configured input_chars=17
2026-09-29T13:13:25.163641Z  INFO lingxi_service::sessions: normal submission to a busy session rejected (session_busy; retryable) session_id="sess_local_alpha"
2026-09-29T13:13:25.163693Z  INFO lingxi_service: request handled request_id=req-b0f4f1dc79ea536cf05ab7639a05ca15 method=POST path=/lingxi/v1/sessions/sess_local_alpha/execute status=200
2026-09-29T13:13:25.163720Z  INFO lingxi_service: request handled request_id=req-ac7be82df732c848396472f2642048a9 method=POST path=/lingxi/v1/sessions/sess_local_alpha/execute status=409
2026-09-29T13:13:25.163988Z  INFO lingxi_service::sessions: normal submission to a busy session rejected (session_busy; retryable) session_id="sess_local_alpha"
2026-09-29T13:13:25.164077Z  INFO lingxi_service: request handled request_id=req-1969934ada539444c5fd38c407487d68 method=POST path=/lingxi/v1/sessions/sess_local_alpha/execute status=409
2026-09-29T13:13:25.164234Z  INFO lingxi_service::sessions: run settled through the single finalize path run_id=run_000001a0ed4c71ab_000059 session_id="sess_local_alpha" outcome=completed.no_final.no_provider_configured input_chars=17
2026-09-29T13:13:25.164342Z  INFO lingxi_service: request handled request_id=req-5cf0fccbb8a62222470a8d19034f1104 method=POST path=/lingxi/v1/sessions/sess_local_alpha/execute status=200
2026-09-29T13:13:25.164489Z  INFO lingxi_service::sessions: normal submission to a busy session rejected (session_busy; retryable) session_id="sess_local_alpha"
2026-09-29T13:13:25.164554Z  INFO lingxi_service: request handled request_id=req-d799bbef996d4458131edf7942999092 method=POST path=/lingxi/v1/sessions/sess_local_alpha/execute status=409
2026-09-29T13:13:25.164684Z  INFO lingxi_service::sessions: normal submission to a busy session rejected (session_busy; retryable) session_id="sess_local_alpha"
2026-09-29T13:13:25.164750Z  INFO lingxi_service: request handled request_id=req-37f74b6bf1cb06bbcd6345923be8e037 method=POST path=/lingxi/v1/sessions/sess_local_alpha/execute status=409
2026-09-29T13:13:25.164947Z  INFO lingxi_service::sessions: run settled through the single finalize path run_id=run_000001a0ed4c71ac_00005a session_id="sess_local_alpha" outcome=completed.no_final.no_provider_configured input_chars=17
2026-09-29T13:13:25.165058Z  INFO lingxi_service: request handled request_id=req-124103cc4bedb5b6f2aaffc1db59b7d0 method=POST path=/lingxi/v1/sessions/sess_local_alpha/execute status=200
2026-09-29T13:13:25.165400Z  INFO lingxi_service::sessions: normal submission to a busy session rejected (session_busy; retryable) session_id="sess_local_alpha"
2026-09-29T13:13:25.165428Z  INFO lingxi_service::sessions: normal submission to a busy session rejected (session_busy; retryable) session_id="sess_local_alpha"
2026-09-29T13:13:25.165469Z  INFO lingxi_service: request handled request_id=req-c2946f92191e0dd9243f18c997fdb4d0 method=POST path=/lingxi/v1/sessions/sess_local_alpha/execute status=409
2026-09-29T13:13:25.165534Z  INFO lingxi_service: request handled request_id=req-8c055d7b1995e0cddfc3b5ead9078145 method=POST path=/lingxi/v1/sessions/sess_local_alpha/execute status=409
2026-09-29T13:13:25.165720Z  INFO lingxi_service::sessions: normal submission to a busy session rejected (session_busy; retryable) session_id="sess_local_alpha"
2026-09-29T13:13:25.165714Z  INFO lingxi_service::sessions: run settled through the single finalize path run_id=run_000001a0ed4c71ad_00005b session_id="sess_local_alpha" outcome=completed.no_final.no_provider_configured input_chars=17
2026-09-29T13:13:25.165746Z  INFO lingxi_service::sessions: normal submission to a busy session rejected (session_busy; retryable) session_id="sess_local_alpha"
2026-09-29T13:13:25.165807Z  INFO lingxi_service: request handled request_id=req-315c3371ba957732bffdba8d62882390 method=POST path=/lingxi/v1/sessions/sess_local_alpha/execute status=409
2026-09-29T13:13:25.165831Z  INFO lingxi_service: request handled request_id=req-6df5ae8a13842c96cca63ecbef2c661f method=POST path=/lingxi/v1/sessions/sess_local_alpha/execute status=409
2026-09-29T13:13:25.165849Z  INFO lingxi_service: request handled request_id=req-398a54e7d91f6f479cef94e55f6f7deb method=POST path=/lingxi/v1/sessions/sess_local_alpha/execute status=200
2026-09-29T13:13:25.166008Z  INFO lingxi_service::sessions: normal submission to a busy session rejected (session_busy; retryable) session_id="sess_local_alpha"
2026-09-29T13:13:25.166077Z  INFO lingxi_service: request handled request_id=req-a1c9a0fe9270be3eb4bea2a5989146a7 method=POST path=/lingxi/v1/sessions/sess_local_alpha/execute status=409
2026-09-29T13:13:25.166483Z  INFO lingxi_service::sessions: run settled through the single finalize path run_id=run_000001a0ed4c71ad_00005c session_id="sess_local_alpha" outcome=completed.no_final.no_provider_configured input_chars=17
2026-09-29T13:13:25.166500Z  INFO lingxi_service::sessions: normal submission to a busy session rejected (session_busy; retryable) session_id="sess_local_alpha"
2026-09-29T13:13:25.166612Z  INFO lingxi_service: request handled request_id=req-b8b875eba28026d26780bad65e3e2802 method=POST path=/lingxi/v1/sessions/sess_local_alpha/execute status=409
2026-09-29T13:13:25.166633Z  INFO lingxi_service: request handled request_id=req-da7281cd55bb8646cf9fca6876d11ee6 method=POST path=/lingxi/v1/sessions/sess_local_alpha/execute status=200
2026-09-29T13:13:25.166941Z  INFO lingxi_service::sessions: normal submission to a busy session rejected (session_busy; retryable) session_id="sess_local_alpha"
2026-09-29T13:13:25.166955Z  INFO lingxi_service::sessions: normal submission to a busy session rejected (session_busy; retryable) session_id="sess_local_alpha"
2026-09-29T13:13:25.167016Z  INFO lingxi_service: request handled request_id=req-2ec5a03bd079841be6175e2f20133e20 method=POST path=/lingxi/v1/sessions/sess_local_alpha/execute status=409
2026-09-29T13:13:25.167045Z  INFO lingxi_service: request handled request_id=req-3194ef0e91de499e945f05cf381f2046 method=POST path=/lingxi/v1/sessions/sess_local_alpha/execute status=409
2026-09-29T13:13:25.167191Z  INFO lingxi_service::sessions: run settled through the single finalize path run_id=run_000001a0ed4c71ae_00005d session_id="sess_local_alpha" outcome=completed.no_final.no_provider_configured input_chars=17
2026-09-29T13:13:25.167307Z  INFO lingxi_service: request handled request_id=req-55abe9f8f74bb0ba0848103bc8727079 method=POST path=/lingxi/v1/sessions/sess_local_alpha/execute status=200
2026-09-29T13:13:25.168150Z  INFO lingxi_service::sessions: normal submission to a busy session rejected (session_busy; retryable) session_id="sess_local_alpha"
2026-09-29T13:13:25.168232Z  INFO lingxi_service: request handled request_id=req-81e6f444911fd5067a122f78acac65fb method=POST path=/lingxi/v1/sessions/sess_local_alpha/execute status=409
2026-09-29T13:13:25.168656Z  INFO lingxi_service::sessions: normal submission to a busy session rejected (session_busy; retryable) session_id="sess_local_alpha"
2026-09-29T13:13:25.168643Z  INFO lingxi_service::sessions: run settled through the single finalize path run_id=run_000001a0ed4c71b0_00005e session_id="sess_local_alpha" outcome=completed.no_final.no_provider_configured input_chars=17
2026-09-29T13:13:25.168663Z  INFO lingxi_service::sessions: normal submission to a busy session rejected (session_busy; retryable) session_id="sess_local_alpha"
2026-09-29T13:13:25.168716Z  INFO lingxi_service::sessions: normal submission to a busy session rejected (session_busy; retryable) session_id="sess_local_alpha"
2026-09-29T13:13:25.168764Z  INFO lingxi_service: request handled request_id=req-646fb97a2081e9b961f52baa6ea57b8f method=POST path=/lingxi/v1/sessions/sess_local_alpha/execute status=409
2026-09-29T13:13:25.168806Z  INFO lingxi_service: request handled request_id=req-42130b592756b599cbca59906c152aa0 method=POST path=/lingxi/v1/sessions/sess_local_alpha/execute status=409
2026-09-29T13:13:25.168825Z  INFO lingxi_service: request handled request_id=req-5d62f1b3a255a777a2d77df43f15d61c method=POST path=/lingxi/v1/sessions/sess_local_alpha/execute status=200
2026-09-29T13:13:25.168856Z  INFO lingxi_service: request handled request_id=req-d668d67ed25ce0658b5b0e55a4808b46 method=POST path=/lingxi/v1/sessions/sess_local_alpha/execute status=409
2026-09-29T13:13:25.169173Z  INFO lingxi_service::sessions: normal submission to a busy session rejected (session_busy; retryable) session_id="sess_local_alpha"
2026-09-29T13:13:25.169189Z  INFO lingxi_service::sessions: normal submission to a busy session rejected (session_busy; retryable) session_id="sess_local_alpha"
2026-09-29T13:13:25.169198Z  INFO lingxi_service::sessions: normal submission to a busy session rejected (session_busy; retryable) session_id="sess_local_alpha"
2026-09-29T13:13:25.169260Z  INFO lingxi_service: request handled request_id=req-d11e01d4e01d8f32e6b4bb527be0c5fa method=POST path=/lingxi/v1/sessions/sess_local_alpha/execute status=409
2026-09-29T13:13:25.169292Z  INFO lingxi_service: request handled request_id=req-f87a7cd11124522504ecfe11644591c9 method=POST path=/lingxi/v1/sessions/sess_local_alpha/execute status=409
2026-09-29T13:13:25.169310Z  INFO lingxi_service: request handled request_id=req-d277df64d3e1b1f2787fd10f3a4699b8 method=POST path=/lingxi/v1/sessions/sess_local_alpha/execute status=409
2026-09-29T13:13:25.169465Z  INFO lingxi_service::sessions: run settled through the single finalize path run_id=run_000001a0ed4c71b0_00005f session_id="sess_local_alpha" outcome=completed.no_final.no_provider_configured input_chars=17
2026-09-29T13:13:25.169540Z  INFO lingxi_service::sessions: normal submission to a busy session rejected (session_busy; retryable) session_id="sess_local_alpha"
2026-09-29T13:13:25.169581Z  INFO lingxi_service: request handled request_id=req-582ae14b37a8a00b498beb2f49c0e2cc method=POST path=/lingxi/v1/sessions/sess_local_alpha/execute status=200
2026-09-29T13:13:25.169620Z  INFO lingxi_service: request handled request_id=req-c57180a9460b81d89167aa9638286c43 method=POST path=/lingxi/v1/sessions/sess_local_alpha/execute status=409
2026-09-29T13:13:25.170220Z  INFO lingxi_service::sessions: normal submission to a busy session rejected (session_busy; retryable) session_id="sess_local_alpha"
2026-09-29T13:13:25.170296Z  INFO lingxi_service: request handled request_id=req-59627ecdee166b7ea29ccbd2197b6085 method=POST path=/lingxi/v1/sessions/sess_local_alpha/execute status=409
2026-09-29T13:13:25.170456Z  INFO lingxi_service::sessions: normal submission to a busy session rejected (session_busy; retryable) session_id="sess_local_alpha"
2026-09-29T13:13:25.170452Z  INFO lingxi_service::sessions: run settled through the single finalize path run_id=run_000001a0ed4c71b1_000060 session_id="sess_local_alpha" outcome=completed.no_final.no_provider_configured input_chars=17
2026-09-29T13:13:25.170526Z  INFO lingxi_service: request handled request_id=req-e30dc3366b5fdcf0182e532eb267301b method=POST path=/lingxi/v1/sessions/sess_local_alpha/execute status=409
2026-09-29T13:13:25.170570Z  INFO lingxi_service: request handled request_id=req-796f8399d141a5625db6d8b8b9074139 method=POST path=/lingxi/v1/sessions/sess_local_alpha/execute status=200
2026-09-29T13:13:25.171008Z  INFO lingxi_service::sessions: normal submission to a busy session rejected (session_busy; retryable) session_id="sess_local_alpha"
2026-09-29T13:13:25.171033Z  INFO lingxi_service::sessions: normal submission to a busy session rejected (session_busy; retryable) session_id="sess_local_alpha"
2026-09-29T13:13:25.171088Z  INFO lingxi_service: request handled request_id=req-3668078d60e894097f2563a2ceeabe68 method=POST path=/lingxi/v1/sessions/sess_local_alpha/execute status=409
2026-09-29T13:13:25.171132Z  INFO lingxi_service: request handled request_id=req-18187c34a3b32f82b050564500044d68 method=POST path=/lingxi/v1/sessions/sess_local_alpha/execute status=409
2026-09-29T13:13:25.171142Z  INFO lingxi_service::sessions: normal submission to a busy session rejected (session_busy; retryable) session_id="sess_local_alpha"
2026-09-29T13:13:25.171247Z  INFO lingxi_service: request handled request_id=req-39fe2d0eda246b75275108e462256a98 method=POST path=/lingxi/v1/sessions/sess_local_alpha/execute status=409
2026-09-29T13:13:25.171306Z  INFO lingxi_service::sessions: normal submission to a busy session rejected (session_busy; retryable) session_id="sess_local_alpha"
2026-09-29T13:13:25.171303Z  INFO lingxi_service::sessions: run settled through the single finalize path run_id=run_000001a0ed4c71b2_000061 session_id="sess_local_alpha" outcome=completed.no_final.no_provider_configured input_chars=17
2026-09-29T13:13:25.171397Z  INFO lingxi_service: request handled request_id=req-d51474a9119039dd0c0363f924f555f1 method=POST path=/lingxi/v1/sessions/sess_local_alpha/execute status=409
2026-09-29T13:13:25.171429Z  INFO lingxi_service: request handled request_id=req-85373516b56352ab6f80655ac498c8a1 method=POST path=/lingxi/v1/sessions/sess_local_alpha/execute status=200
2026-09-29T13:13:25.172015Z  INFO lingxi_service::sessions: normal submission to a busy session rejected (session_busy; retryable) session_id="sess_local_alpha"
2026-09-29T13:13:25.172108Z  INFO lingxi_service: request handled request_id=req-f3a7bad9d36c3f9224188d810386f3cb method=POST path=/lingxi/v1/sessions/sess_local_alpha/execute status=409
2026-09-29T13:13:25.172341Z  INFO lingxi_service::sessions: normal submission to a busy session rejected (session_busy; retryable) session_id="sess_local_alpha"
2026-09-29T13:13:25.172333Z  INFO lingxi_service::sessions: run settled through the single finalize path run_id=run_000001a0ed4c71b3_000062 session_id="sess_local_alpha" outcome=completed.no_final.no_provider_configured input_chars=17
2026-09-29T13:13:25.172371Z  INFO lingxi_service::sessions: normal submission to a busy session rejected (session_busy; retryable) session_id="sess_local_alpha"
2026-09-29T13:13:25.172409Z  INFO lingxi_service::sessions: normal submission to a busy session rejected (session_busy; retryable) session_id="sess_local_alpha"
2026-09-29T13:13:25.172428Z  INFO lingxi_service::sessions: normal submission to a busy session rejected (session_busy; retryable) session_id="sess_local_alpha"
2026-09-29T13:13:25.172434Z  INFO lingxi_service: request handled request_id=req-58737416d7d96816315598a7ccfbce6c method=POST path=/lingxi/v1/sessions/sess_local_alpha/execute status=409
2026-09-29T13:13:25.172496Z  INFO lingxi_service: request handled request_id=req-de048baf769a07a996e83513041b459a method=POST path=/lingxi/v1/sessions/sess_local_alpha/execute status=409
2026-09-29T13:13:25.172503Z  INFO lingxi_service: request handled request_id=req-b51bca11f087293449cdaf341bfbe7aa method=POST path=/lingxi/v1/sessions/sess_local_alpha/execute status=200
2026-09-29T13:13:25.172506Z  INFO lingxi_service: request handled request_id=req-e95b4aff9a5df7b0411060883e970bd2 method=POST path=/lingxi/v1/sessions/sess_local_alpha/execute status=409
2026-09-29T13:13:25.172508Z  INFO lingxi_service: request handled request_id=req-1e5a9133487dd5e5b7c34b944c661c4a method=POST path=/lingxi/v1/sessions/sess_local_alpha/execute status=409
2026-09-29T13:13:25.173791Z  INFO lingxi_service::sessions: normal submission to a busy session rejected (session_busy; retryable) session_id="sess_local_alpha"
2026-09-29T13:13:25.173801Z  INFO lingxi_service::sessions: normal submission to a busy session rejected (session_busy; retryable) session_id="sess_local_alpha"
2026-09-29T13:13:25.173812Z  INFO lingxi_service::sessions: normal submission to a busy session rejected (session_busy; retryable) session_id="sess_local_alpha"
2026-09-29T13:13:25.173844Z  INFO lingxi_service::sessions: normal submission to a busy session rejected (session_busy; retryable) session_id="sess_local_alpha"
2026-09-29T13:13:25.173884Z  INFO lingxi_service: request handled request_id=req-05a37c0afb683d13f752a4248275c577 method=POST path=/lingxi/v1/sessions/sess_local_alpha/execute status=409
2026-09-29T13:13:25.173929Z  INFO lingxi_service: request handled request_id=req-97084217aabd1bc9de2c9dc2765424c0 method=POST path=/lingxi/v1/sessions/sess_local_alpha/execute status=409
2026-09-29T13:13:25.173950Z  INFO lingxi_service: request handled request_id=req-d5708ed9013418506d398312e78cb927 method=POST path=/lingxi/v1/sessions/sess_local_alpha/execute status=409
2026-09-29T13:13:25.173984Z  INFO lingxi_service: request handled request_id=req-6a2a3d280921197bc27fc0eae500198f method=POST path=/lingxi/v1/sessions/sess_local_alpha/execute status=409
2026-09-29T13:13:25.174133Z  INFO lingxi_service::sessions: normal submission to a busy session rejected (session_busy; retryable) session_id="sess_local_alpha"
2026-09-29T13:13:25.174127Z  INFO lingxi_service::sessions: run settled through the single finalize path run_id=run_000001a0ed4c71b5_000063 session_id="sess_local_alpha" outcome=completed.no_final.no_provider_configured input_chars=17
2026-09-29T13:13:25.174212Z  INFO lingxi_service: request handled request_id=req-9da01a079e6ee85a942fde12100b5415 method=POST path=/lingxi/v1/sessions/sess_local_alpha/execute status=409
2026-09-29T13:13:25.174267Z  INFO lingxi_service: request handled request_id=req-7e845135fde4f18bc6c36bde3b3dc93f method=POST path=/lingxi/v1/sessions/sess_local_alpha/execute status=200
2026-09-29T13:13:25.174490Z  INFO lingxi_service::sessions: normal submission to a busy session rejected (session_busy; retryable) session_id="sess_local_alpha"
2026-09-29T13:13:25.174562Z  INFO lingxi_service: request handled request_id=req-b399370fdfe28d713f80f5b49dca6999 method=POST path=/lingxi/v1/sessions/sess_local_alpha/execute status=409
2026-09-29T13:13:25.174732Z  INFO lingxi_service::sessions: run settled through the single finalize path run_id=run_000001a0ed4c71b6_000064 session_id="sess_local_alpha" outcome=completed.no_final.no_provider_configured input_chars=17
2026-09-29T13:13:25.174783Z  INFO lingxi_service::sessions: normal submission to a busy session rejected (session_busy; retryable) session_id="sess_local_alpha"
2026-09-29T13:13:25.174808Z  INFO lingxi_service::sessions: normal submission to a busy session rejected (session_busy; retryable) session_id="sess_local_alpha"
2026-09-29T13:13:25.174844Z  INFO lingxi_service: request handled request_id=req-1b4920ceb799e224ff1443332a89f1cd method=POST path=/lingxi/v1/sessions/sess_local_alpha/execute status=200
2026-09-29T13:13:25.174867Z  INFO lingxi_service: request handled request_id=req-c8d98849af542b9bd245958be6f28d57 method=POST path=/lingxi/v1/sessions/sess_local_alpha/execute status=409
2026-09-29T13:13:25.174891Z  INFO lingxi_service: request handled request_id=req-f916995a7b30957553ef6480e88f5f7b method=POST path=/lingxi/v1/sessions/sess_local_alpha/execute status=409
2026-09-29T13:13:25.175343Z  INFO lingxi_service::sessions: normal submission to a busy session rejected (session_busy; retryable) session_id="sess_local_alpha"
2026-09-29T13:13:25.175415Z  INFO lingxi_service: request handled request_id=req-f9b018087be6b55c577203bb6af814b3 method=POST path=/lingxi/v1/sessions/sess_local_alpha/execute status=409
2026-09-29T13:13:25.175783Z  INFO lingxi_service::sessions: run settled through the single finalize path run_id=run_000001a0ed4c71b7_000065 session_id="sess_local_alpha" outcome=completed.no_final.no_provider_configured input_chars=17
2026-09-29T13:13:25.175899Z  INFO lingxi_service: request handled request_id=req-f3a186e340e48f2718337f075b99afea method=POST path=/lingxi/v1/sessions/sess_local_alpha/execute status=200
2026-09-29T13:13:25.175923Z  INFO lingxi_service::sessions: normal submission to a busy session rejected (session_busy; retryable) session_id="sess_local_alpha"
2026-09-29T13:13:25.176015Z  INFO lingxi_service: request handled request_id=req-e535f9707d4c98601a73612bda616d10 method=POST path=/lingxi/v1/sessions/sess_local_alpha/execute status=409
2026-09-29T13:13:25.176140Z  INFO lingxi_service::sessions: normal submission to a busy session rejected (session_busy; retryable) session_id="sess_local_alpha"
2026-09-29T13:13:25.176156Z  INFO lingxi_service::sessions: normal submission to a busy session rejected (session_busy; retryable) session_id="sess_local_alpha"
2026-09-29T13:13:25.176226Z  INFO lingxi_service: request handled request_id=req-93526f66dd345ec7cfab16a6f8fbe809 method=POST path=/lingxi/v1/sessions/sess_local_alpha/execute status=409
2026-09-29T13:13:25.176257Z  INFO lingxi_service: request handled request_id=req-79b7a7965400a6846446f48f46e0620d method=POST path=/lingxi/v1/sessions/sess_local_alpha/execute status=409
2026-09-29T13:13:25.176465Z  INFO lingxi_service::sessions: run settled through the single finalize path run_id=run_000001a0ed4c71b7_000066 session_id="sess_local_alpha" outcome=completed.no_final.no_provider_configured input_chars=17
2026-09-29T13:13:25.176530Z  INFO lingxi_service::sessions: normal submission to a busy session rejected (session_busy; retryable) session_id="sess_local_alpha"
2026-09-29T13:13:25.176591Z  INFO lingxi_service: request handled request_id=req-169a618e709cb982c60e66d6d06626cd method=POST path=/lingxi/v1/sessions/sess_local_alpha/execute status=200
2026-09-29T13:13:25.176626Z  INFO lingxi_service: request handled request_id=req-2458aeca2525e1cd9a7415b283002614 method=POST path=/lingxi/v1/sessions/sess_local_alpha/execute status=409
2026-09-29T13:13:25.177278Z  INFO lingxi_service::sessions: normal submission to a busy session rejected (session_busy; retryable) session_id="sess_local_alpha"
2026-09-29T13:13:25.177276Z  INFO lingxi_service::sessions: run settled through the single finalize path run_id=run_000001a0ed4c71b8_000067 session_id="sess_local_alpha" outcome=completed.no_final.no_provider_configured input_chars=17
2026-09-29T13:13:25.177358Z  INFO lingxi_service: request handled request_id=req-7ad4e39d51aa6bfea9388be685f532ab method=POST path=/lingxi/v1/sessions/sess_local_alpha/execute status=409
2026-09-29T13:13:25.177407Z  INFO lingxi_service: request handled request_id=req-c1291564606a450f9336abab5006915f method=POST path=/lingxi/v1/sessions/sess_local_alpha/execute status=200
2026-09-29T13:13:25.177714Z  INFO lingxi_service::sessions: normal submission to a busy session rejected (session_busy; retryable) session_id="sess_local_alpha"
2026-09-29T13:13:25.177743Z  INFO lingxi_service::sessions: normal submission to a busy session rejected (session_busy; retryable) session_id="sess_local_alpha"
2026-09-29T13:13:25.177792Z  INFO lingxi_service: request handled request_id=req-5a4a2fd835f7fb92251c338fb268f2bb method=POST path=/lingxi/v1/sessions/sess_local_alpha/execute status=409
2026-09-29T13:13:25.177841Z  INFO lingxi_service: request handled request_id=req-91b902ac7f8e505efc7097fe96fb9528 method=POST path=/lingxi/v1/sessions/sess_local_alpha/execute status=409
2026-09-29T13:13:25.177856Z  INFO lingxi_service::sessions: normal submission to a busy session rejected (session_busy; retryable) session_id="sess_local_alpha"
2026-09-29T13:13:25.177952Z  INFO lingxi_service: request handled request_id=req-39f56c558927ceaad6aa066bf06fdf8d method=POST path=/lingxi/v1/sessions/sess_local_alpha/execute status=409
2026-09-29T13:13:25.178018Z  INFO lingxi_service::sessions: normal submission to a busy session rejected (session_busy; retryable) session_id="sess_local_alpha"
2026-09-29T13:13:25.178015Z  INFO lingxi_service::sessions: run settled through the single finalize path run_id=run_000001a0ed4c71b9_000068 session_id="sess_local_alpha" outcome=completed.no_final.no_provider_configured input_chars=17
2026-09-29T13:13:25.178102Z  INFO lingxi_service: request handled request_id=req-fcd82a4e191d27bced15ebe1e1867500 method=POST path=/lingxi/v1/sessions/sess_local_alpha/execute status=409
2026-09-29T13:13:25.178143Z  INFO lingxi_service: request handled request_id=req-cb0aea4ad7dffc86c56deefcb4efd571 method=POST path=/lingxi/v1/sessions/sess_local_alpha/execute status=200
2026-09-29T13:13:25.179269Z  INFO lingxi_service::sessions: normal submission to a busy session rejected (session_busy; retryable) session_id="sess_local_alpha"
2026-09-29T13:13:25.179341Z  INFO lingxi_service: request handled request_id=req-77b627dcf9ef12bfe42744d5ba93e580 method=POST path=/lingxi/v1/sessions/sess_local_alpha/execute status=409
2026-09-29T13:13:25.179859Z  INFO lingxi_service::sessions: normal submission to a busy session rejected (session_busy; retryable) session_id="sess_local_alpha"
2026-09-29T13:13:25.179866Z  INFO lingxi_service::sessions: run settled through the single finalize path run_id=run_000001a0ed4c71ba_000069 session_id="sess_local_alpha" outcome=completed.no_final.no_provider_configured input_chars=17
2026-09-29T13:13:25.179899Z  INFO lingxi_service::sessions: normal submission to a busy session rejected (session_busy; retryable) session_id="sess_local_alpha"
2026-09-29T13:13:25.179887Z  INFO lingxi_service::sessions: normal submission to a busy session rejected (session_busy; retryable) session_id="sess_local_alpha"
2026-09-29T13:13:25.179906Z  INFO lingxi_service::sessions: normal submission to a busy session rejected (session_busy; retryable) session_id="sess_local_alpha"
2026-09-29T13:13:25.179881Z  INFO lingxi_service::sessions: normal submission to a busy session rejected (session_busy; retryable) session_id="sess_local_alpha"
2026-09-29T13:13:25.179916Z  INFO lingxi_service::sessions: normal submission to a busy session rejected (session_busy; retryable) session_id="sess_local_alpha"
2026-09-29T13:13:25.179943Z  INFO lingxi_service::sessions: normal submission to a busy session rejected (session_busy; retryable) session_id="sess_local_alpha"
2026-09-29T13:13:25.180044Z  INFO lingxi_service: request handled request_id=req-f483e779acc5bcc002569e53b07df83d method=POST path=/lingxi/v1/sessions/sess_local_alpha/execute status=409
2026-09-29T13:13:25.180063Z  INFO lingxi_service: request handled request_id=req-f1e85c78f5947bde14142c219e22a319 method=POST path=/lingxi/v1/sessions/sess_local_alpha/execute status=200
2026-09-29T13:13:25.180074Z  INFO lingxi_service: request handled request_id=req-6fc570fc5ab1ff81d86d937e08d5b5e5 method=POST path=/lingxi/v1/sessions/sess_local_alpha/execute status=409
2026-09-29T13:13:25.179940Z  INFO lingxi_service: request handled request_id=req-c56f8a8b1bfbd45bcdf83052b28f093e method=POST path=/lingxi/v1/sessions/sess_local_alpha/execute status=409
2026-09-29T13:13:25.180105Z  INFO lingxi_service: request handled request_id=req-af485a39394deebf0f4033a1cdaa240f method=POST path=/lingxi/v1/sessions/sess_local_alpha/execute status=409
2026-09-29T13:13:25.180117Z  INFO lingxi_service: request handled request_id=req-440997033f232803b0ee3a30738e659a method=POST path=/lingxi/v1/sessions/sess_local_alpha/execute status=409
2026-09-29T13:13:25.180121Z  INFO lingxi_service: request handled request_id=req-4ac55a478429db4abd6246c216c5421a method=POST path=/lingxi/v1/sessions/sess_local_alpha/execute status=409
2026-09-29T13:13:25.180130Z  INFO lingxi_service: request handled request_id=req-73fdb6f5cd7f108c25fec0f9a9817559 method=POST path=/lingxi/v1/sessions/sess_local_alpha/execute status=409
2026-09-29T13:13:25.180343Z  INFO lingxi_service::sessions: normal submission to a busy session rejected (session_busy; retryable) session_id="sess_local_alpha"
2026-09-29T13:13:25.180435Z  INFO lingxi_service: request handled request_id=req-98b763aa5b1756b133046018086459de method=POST path=/lingxi/v1/sessions/sess_local_alpha/execute status=409
2026-09-29T13:13:25.180597Z  INFO lingxi_service::sessions: run settled through the single finalize path run_id=run_000001a0ed4c71bb_00006a session_id="sess_local_alpha" outcome=completed.no_final.no_provider_configured input_chars=17
2026-09-29T13:13:25.180716Z  INFO lingxi_service: request handled request_id=req-79c0259ce4a017a7573276c5cc837f8d method=POST path=/lingxi/v1/sessions/sess_local_alpha/execute status=200
2026-09-29T13:13:25.181270Z  INFO lingxi_service::sessions: normal submission to a busy session rejected (session_busy; retryable) session_id="sess_local_alpha"
2026-09-29T13:13:25.181352Z  INFO lingxi_service: request handled request_id=req-d45f433c8b66ad5546a2202077b77d56 method=POST path=/lingxi/v1/sessions/sess_local_alpha/execute status=409
2026-09-29T13:13:25.181543Z  INFO lingxi_service::sessions: run settled through the single finalize path run_id=run_000001a0ed4c71bd_00006b session_id="sess_local_alpha" outcome=completed.no_final.no_provider_configured input_chars=17
2026-09-29T13:13:25.181571Z  INFO lingxi_service::sessions: normal submission to a busy session rejected (session_busy; retryable) session_id="sess_local_alpha"
2026-09-29T13:13:25.181645Z  INFO lingxi_service: request handled request_id=req-db4a04ad723589c915409522d51f57c2 method=POST path=/lingxi/v1/sessions/sess_local_alpha/execute status=409
2026-09-29T13:13:25.181694Z  INFO lingxi_service: request handled request_id=req-d48df19fdc3c7fdb3d1b3c1479910fbe method=POST path=/lingxi/v1/sessions/sess_local_alpha/execute status=200
2026-09-29T13:13:25.182002Z  INFO lingxi_service::sessions: normal submission to a busy session rejected (session_busy; retryable) session_id="sess_local_alpha"
2026-09-29T13:13:25.182088Z  INFO lingxi_service: request handled request_id=req-5d48be4e3e07786632ccdead35f0802a method=POST path=/lingxi/v1/sessions/sess_local_alpha/execute status=409
2026-09-29T13:13:25.182112Z  INFO lingxi_service::sessions: normal submission to a busy session rejected (session_busy; retryable) session_id="sess_local_alpha"
2026-09-29T13:13:25.182186Z  INFO lingxi_service: request handled request_id=req-ad6fc26a30851ed7d847d65604f479da method=POST path=/lingxi/v1/sessions/sess_local_alpha/execute status=409
2026-09-29T13:13:25.182250Z  INFO lingxi_service::sessions: run settled through the single finalize path run_id=run_000001a0ed4c71bd_00006c session_id="sess_local_alpha" outcome=completed.no_final.no_provider_configured input_chars=17
2026-09-29T13:13:25.182331Z  INFO lingxi_service::sessions: normal submission to a busy session rejected (session_busy; retryable) session_id="sess_local_alpha"
2026-09-29T13:13:25.182372Z  INFO lingxi_service: request handled request_id=req-f2d3509b45894dd2b623fddc0a7581a1 method=POST path=/lingxi/v1/sessions/sess_local_alpha/execute status=200
2026-09-29T13:13:25.182408Z  INFO lingxi_service: request handled request_id=req-20c59d56958a6aece46993ba4c9d1234 method=POST path=/lingxi/v1/sessions/sess_local_alpha/execute status=409
2026-09-29T13:13:25.182899Z  INFO lingxi_service::sessions: normal submission to a busy session rejected (session_busy; retryable) session_id="sess_local_alpha"
2026-09-29T13:13:25.183008Z  INFO lingxi_service: request handled request_id=req-cdc7de73af7a87fde79e9ad35633e75f method=POST path=/lingxi/v1/sessions/sess_local_alpha/execute status=409
2026-09-29T13:13:25.183063Z  INFO lingxi_service::sessions: run settled through the single finalize path run_id=run_000001a0ed4c71be_00006d session_id="sess_local_alpha" outcome=completed.no_final.no_provider_configured input_chars=17
2026-09-29T13:13:25.183087Z  INFO lingxi_service::sessions: normal submission to a busy session rejected (session_busy; retryable) session_id="sess_local_alpha"
2026-09-29T13:13:25.183202Z  INFO lingxi_service::sessions: normal submission to a busy session rejected (session_busy; retryable) session_id="sess_local_alpha"
2026-09-29T13:13:25.183198Z  INFO lingxi_service: request handled request_id=req-967671afc7cbddbcde1c55efd03c0a89 method=POST path=/lingxi/v1/sessions/sess_local_alpha/execute status=200
2026-09-29T13:13:25.183198Z  INFO lingxi_service: request handled request_id=req-4cd808097980b2e75db9c24e92eb05b7 method=POST path=/lingxi/v1/sessions/sess_local_alpha/execute status=409
2026-09-29T13:13:25.183217Z  INFO lingxi_service::sessions: normal submission to a busy session rejected (session_busy; retryable) session_id="sess_local_alpha"
2026-09-29T13:13:25.183291Z  INFO lingxi_service: request handled request_id=req-ab7b3d537df4eaa2313f2b383e667ebc method=POST path=/lingxi/v1/sessions/sess_local_alpha/execute status=409
2026-09-29T13:13:25.183343Z  INFO lingxi_service: request handled request_id=req-84ee509f37500d832345f81e5ce716da method=POST path=/lingxi/v1/sessions/sess_local_alpha/execute status=409
2026-09-29T13:13:25.183713Z  INFO lingxi_service::sessions: run settled through the single finalize path run_id=run_000001a0ed4c71bf_00006e session_id="sess_local_alpha" outcome=completed.no_final.no_provider_configured input_chars=17
2026-09-29T13:13:25.183816Z  INFO lingxi_service: request handled request_id=req-d785d4ec2b132bb7f59021f9816201e6 method=POST path=/lingxi/v1/sessions/sess_local_alpha/execute status=200
2026-09-29T13:13:25.184845Z  INFO lingxi_service::sessions: normal submission to a busy session rejected (session_busy; retryable) session_id="sess_local_alpha"
2026-09-29T13:13:25.184930Z  INFO lingxi_service: request handled request_id=req-8fb8485ea3885c77bf5a4f1802808b49 method=POST path=/lingxi/v1/sessions/sess_local_alpha/execute status=409
2026-09-29T13:13:25.185068Z  INFO lingxi_service::sessions: normal submission to a busy session rejected (session_busy; retryable) session_id="sess_local_alpha"
2026-09-29T13:13:25.185092Z  INFO lingxi_service::sessions: normal submission to a busy session rejected (session_busy; retryable) session_id="sess_local_alpha"
2026-09-29T13:13:25.185078Z  INFO lingxi_service::sessions: normal submission to a busy session rejected (session_busy; retryable) session_id="sess_local_alpha"
2026-09-29T13:13:25.185115Z  INFO lingxi_service::sessions: normal submission to a busy session rejected (session_busy; retryable) session_id="sess_local_alpha"
2026-09-29T13:13:25.185126Z  INFO lingxi_service::sessions: normal submission to a busy session rejected (session_busy; retryable) session_id="sess_local_alpha"
2026-09-29T13:13:25.185162Z  INFO lingxi_service: request handled request_id=req-07fefe8fecc48df88af7db236c769d76 method=POST path=/lingxi/v1/sessions/sess_local_alpha/execute status=409
2026-09-29T13:13:25.185197Z  INFO lingxi_service: request handled request_id=req-b591e5ffc845c11ee616ec1fcf072be0 method=POST path=/lingxi/v1/sessions/sess_local_alpha/execute status=409
2026-09-29T13:13:25.185217Z  INFO lingxi_service::sessions: normal submission to a busy session rejected (session_busy; retryable) session_id="sess_local_alpha"
2026-09-29T13:13:25.185222Z  INFO lingxi_service: request handled request_id=req-b96687ea31521a6b1501ee2a50093fc7 method=POST path=/lingxi/v1/sessions/sess_local_alpha/execute status=409
2026-09-29T13:13:25.185248Z  INFO lingxi_service: request handled request_id=req-85d70f3905bb25a60fa6ca62a5a04f7a method=POST path=/lingxi/v1/sessions/sess_local_alpha/execute status=409
2026-09-29T13:13:25.185267Z  INFO lingxi_service: request handled request_id=req-85b53c02c805e48a049f59eaeb890f39 method=POST path=/lingxi/v1/sessions/sess_local_alpha/execute status=409
2026-09-29T13:13:25.185340Z  INFO lingxi_service: request handled request_id=req-c153e48994a4a123c395170084c3b57c method=POST path=/lingxi/v1/sessions/sess_local_alpha/execute status=409
2026-09-29T13:13:25.185412Z  INFO lingxi_service::sessions: run settled through the single finalize path run_id=run_000001a0ed4c71c0_00006f session_id="sess_local_alpha" outcome=completed.no_final.no_provider_configured input_chars=17
2026-09-29T13:13:25.185543Z  INFO lingxi_service: request handled request_id=req-09268308e3840229bdc76be43e619276 method=POST path=/lingxi/v1/sessions/sess_local_alpha/execute status=200
2026-09-29T13:13:25.186328Z  INFO lingxi_service::sessions: normal submission to a busy session rejected (session_busy; retryable) session_id="sess_local_alpha"
2026-09-29T13:13:25.186343Z  INFO lingxi_service::sessions: normal submission to a busy session rejected (session_busy; retryable) session_id="sess_local_alpha"
2026-09-29T13:13:25.186402Z  INFO lingxi_service: request handled request_id=req-ad658af208c4e5edf99b3bb4f451e606 method=POST path=/lingxi/v1/sessions/sess_local_alpha/execute status=409
2026-09-29T13:13:25.186433Z  INFO lingxi_service: request handled request_id=req-8b8d8cf3c87d2d93aee2410eadfb301a method=POST path=/lingxi/v1/sessions/sess_local_alpha/execute status=409
2026-09-29T13:13:25.186615Z  INFO lingxi_service::sessions: normal submission to a busy session rejected (session_busy; retryable) session_id="sess_local_alpha"
2026-09-29T13:13:25.186605Z  INFO lingxi_service::sessions: run settled through the single finalize path run_id=run_000001a0ed4c71c2_000070 session_id="sess_local_alpha" outcome=completed.no_final.no_provider_configured input_chars=17
2026-09-29T13:13:25.186647Z  INFO lingxi_service::sessions: normal submission to a busy session rejected (session_busy; retryable) session_id="sess_local_alpha"
2026-09-29T13:13:25.186698Z  INFO lingxi_service: request handled request_id=req-c4ade55db18033831f35ddfd84ceaded method=POST path=/lingxi/v1/sessions/sess_local_alpha/execute status=409
2026-09-29T13:13:25.186729Z  INFO lingxi_service: request handled request_id=req-a399c5f7a10e4cbc5438e408fa5bd34c method=POST path=/lingxi/v1/sessions/sess_local_alpha/execute status=409
2026-09-29T13:13:25.186746Z  INFO lingxi_service: request handled request_id=req-79842a7a6e8a7b6dbf8c90341f0c132f method=POST path=/lingxi/v1/sessions/sess_local_alpha/execute status=200
2026-09-29T13:13:25.187189Z  INFO lingxi_service::sessions: normal submission to a busy session rejected (session_busy; retryable) session_id="sess_local_alpha"
2026-09-29T13:13:25.187273Z  INFO lingxi_service: request handled request_id=req-2cb584140d3a0a71e00944cb0276c46c method=POST path=/lingxi/v1/sessions/sess_local_alpha/execute status=409
2026-09-29T13:13:25.187450Z  INFO lingxi_service::sessions: run settled through the single finalize path run_id=run_000001a0ed4c71c2_000071 session_id="sess_local_alpha" outcome=completed.no_final.no_provider_configured input_chars=17
2026-09-29T13:13:25.187559Z  INFO lingxi_service: request handled request_id=req-5030974ecec3ef08214b7b20a2ff7b06 method=POST path=/lingxi/v1/sessions/sess_local_alpha/execute status=200
2026-09-29T13:13:25.187987Z  INFO lingxi_service::sessions: normal submission to a busy session rejected (session_busy; retryable) session_id="sess_local_alpha"
2026-09-29T13:13:25.188000Z  INFO lingxi_service::sessions: normal submission to a busy session rejected (session_busy; retryable) session_id="sess_local_alpha"
2026-09-29T13:13:25.188077Z  INFO lingxi_service: request handled request_id=req-47d37550efea7ec7aab10bcbedb1bc25 method=POST path=/lingxi/v1/sessions/sess_local_alpha/execute status=409
2026-09-29T13:13:25.188100Z  INFO lingxi_service::sessions: normal submission to a busy session rejected (session_busy; retryable) session_id="sess_local_alpha"
2026-09-29T13:13:25.188111Z  INFO lingxi_service::sessions: normal submission to a busy session rejected (session_busy; retryable) session_id="sess_local_alpha"
2026-09-29T13:13:25.188107Z  INFO lingxi_service: request handled request_id=req-18b43dd5511757a54f81e4f22973a012 method=POST path=/lingxi/v1/sessions/sess_local_alpha/execute status=409
2026-09-29T13:13:25.188202Z  INFO lingxi_service: request handled request_id=req-5375933ad704001218b23668c7476242 method=POST path=/lingxi/v1/sessions/sess_local_alpha/execute status=409
2026-09-29T13:13:25.188218Z  INFO lingxi_service: request handled request_id=req-60cf3ffc35c6adefb5b05efc925701fc method=POST path=/lingxi/v1/sessions/sess_local_alpha/execute status=409
2026-09-29T13:13:25.188286Z  INFO lingxi_service::sessions: normal submission to a busy session rejected (session_busy; retryable) session_id="sess_local_alpha"
2026-09-29T13:13:25.188277Z  INFO lingxi_service::sessions: run settled through the single finalize path run_id=run_000001a0ed4c71c3_000072 session_id="sess_local_alpha" outcome=completed.no_final.no_provider_configured input_chars=17
2026-09-29T13:13:25.188345Z  INFO lingxi_service::sessions: normal submission to a busy session rejected (session_busy; retryable) session_id="sess_local_alpha"
2026-09-29T13:13:25.188382Z  INFO lingxi_service: request handled request_id=req-3eddbd171462fe749f4a0ed8b00aeb5b method=POST path=/lingxi/v1/sessions/sess_local_alpha/execute status=409
2026-09-29T13:13:25.188425Z  INFO lingxi_service: request handled request_id=req-a9fde715b87007dbb4384a9f561b01cc method=POST path=/lingxi/v1/sessions/sess_local_alpha/execute status=409
2026-09-29T13:13:25.188431Z  INFO lingxi_service: request handled request_id=req-396e8342cf942a21eaec0cb1074e6fe6 method=POST path=/lingxi/v1/sessions/sess_local_alpha/execute status=200
2026-09-29T13:13:25.188883Z  INFO lingxi_service::sessions: normal submission to a busy session rejected (session_busy; retryable) session_id="sess_local_alpha"
2026-09-29T13:13:25.188978Z  INFO lingxi_service: request handled request_id=req-c657b7f035711fa1a8d86c880038f7eb method=POST path=/lingxi/v1/sessions/sess_local_alpha/execute status=409
2026-09-29T13:13:25.189030Z  INFO lingxi_service::sessions: run settled through the single finalize path run_id=run_000001a0ed4c71c4_000073 session_id="sess_local_alpha" outcome=completed.no_final.no_provider_configured input_chars=17
2026-09-29T13:13:25.189157Z  INFO lingxi_service: request handled request_id=req-8585aae3cd2285cff0254e9286d0b43d method=POST path=/lingxi/v1/sessions/sess_local_alpha/execute status=200
2026-09-29T13:13:25.190263Z  INFO lingxi_service::sessions: normal submission to a busy session rejected (session_busy; retryable) session_id="sess_local_alpha"
2026-09-29T13:13:25.190273Z  INFO lingxi_service::sessions: normal submission to a busy session rejected (session_busy; retryable) session_id="sess_local_alpha"
2026-09-29T13:13:25.190366Z  INFO lingxi_service: request handled request_id=req-637682ff7cb358182473d320cb26dc86 method=POST path=/lingxi/v1/sessions/sess_local_alpha/execute status=409
2026-09-29T13:13:25.190374Z  INFO lingxi_service: request handled request_id=req-2b8cafbba8f292cb9af01bde917684ed method=POST path=/lingxi/v1/sessions/sess_local_alpha/execute status=409
2026-09-29T13:13:25.190563Z  INFO lingxi_service::sessions: normal submission to a busy session rejected (session_busy; retryable) session_id="sess_local_alpha"
2026-09-29T13:13:25.190555Z  INFO lingxi_service::sessions: run settled through the single finalize path run_id=run_000001a0ed4c71c6_000074 session_id="sess_local_alpha" outcome=completed.no_final.no_provider_configured input_chars=17
2026-09-29T13:13:25.190574Z  INFO lingxi_service::sessions: normal submission to a busy session rejected (session_busy; retryable) session_id="sess_local_alpha"
2026-09-29T13:13:25.190582Z  INFO lingxi_service::sessions: normal submission to a busy session rejected (session_busy; retryable) session_id="sess_local_alpha"
2026-09-29T13:13:25.190594Z  INFO lingxi_service::sessions: normal submission to a busy session rejected (session_busy; retryable) session_id="sess_local_alpha"
2026-09-29T13:13:25.190658Z  INFO lingxi_service: request handled request_id=req-5b6c16062997372d731f282e65f21acd method=POST path=/lingxi/v1/sessions/sess_local_alpha/execute status=409
2026-09-29T13:13:25.190682Z  INFO lingxi_service: request handled request_id=req-13e4d8437a953cc7277118520b9a2969 method=POST path=/lingxi/v1/sessions/sess_local_alpha/execute status=409
2026-09-29T13:13:25.190693Z  INFO lingxi_service: request handled request_id=req-fc27f4718b4dd6edd63a80ac9c31a8a1 method=POST path=/lingxi/v1/sessions/sess_local_alpha/execute status=409
2026-09-29T13:13:25.190709Z  INFO lingxi_service: request handled request_id=req-ee58647125a17ebfdf83a881d91365a6 method=POST path=/lingxi/v1/sessions/sess_local_alpha/execute status=200
2026-09-29T13:13:25.190752Z  INFO lingxi_service: request handled request_id=req-466ebb3a0221b7adf20fc29008bf3235 method=POST path=/lingxi/v1/sessions/sess_local_alpha/execute status=409
2026-09-29T13:13:25.191318Z  INFO lingxi_service::sessions: normal submission to a busy session rejected (session_busy; retryable) session_id="sess_local_alpha"
2026-09-29T13:13:25.191398Z  INFO lingxi_service: request handled request_id=req-36ba0e758400dd2da5da046910925891 method=POST path=/lingxi/v1/sessions/sess_local_alpha/execute status=409
2026-09-29T13:13:25.191441Z  INFO lingxi_service::sessions: normal submission to a busy session rejected (session_busy; retryable) session_id="sess_local_alpha"
2026-09-29T13:13:25.191518Z  INFO lingxi_service: request handled request_id=req-7d0da0d1d901db4b50ee9d0a312744a7 method=POST path=/lingxi/v1/sessions/sess_local_alpha/execute status=409
2026-09-29T13:13:25.191606Z  INFO lingxi_service::sessions: run settled through the single finalize path run_id=run_000001a0ed4c71c7_000075 session_id="sess_local_alpha" outcome=completed.no_final.no_provider_configured input_chars=17
2026-09-29T13:13:25.191669Z  INFO lingxi_service::sessions: normal submission to a busy session rejected (session_busy; retryable) session_id="sess_local_alpha"
2026-09-29T13:13:25.191743Z  INFO lingxi_service: request handled request_id=req-1eca73237b3e8b76c5e17929fda7ed18 method=POST path=/lingxi/v1/sessions/sess_local_alpha/execute status=200
2026-09-29T13:13:25.191759Z  INFO lingxi_service: request handled request_id=req-4b95c31951d162980aa065cfcd5afa51 method=POST path=/lingxi/v1/sessions/sess_local_alpha/execute status=409
2026-09-29T13:13:25.192145Z  INFO lingxi_service::sessions: normal submission to a busy session rejected (session_busy; retryable) session_id="sess_local_alpha"
2026-09-29T13:13:25.192155Z  INFO lingxi_service::sessions: normal submission to a busy session rejected (session_busy; retryable) session_id="sess_local_alpha"
2026-09-29T13:13:25.192215Z  INFO lingxi_service: request handled request_id=req-b997de6fd35d5b02acb7e90fa2d5dda0 method=POST path=/lingxi/v1/sessions/sess_local_alpha/execute status=409
2026-09-29T13:13:25.192226Z  INFO lingxi_service: request handled request_id=req-6e1119bf179d4380dcd11bcd3b32bf81 method=POST path=/lingxi/v1/sessions/sess_local_alpha/execute status=409
2026-09-29T13:13:25.192396Z  INFO lingxi_service::sessions: run settled through the single finalize path run_id=run_000001a0ed4c71c7_000076 session_id="sess_local_alpha" outcome=completed.no_final.no_provider_configured input_chars=17
2026-09-29T13:13:25.192502Z  INFO lingxi_service: request handled request_id=req-0f37bb88ca955e23e77ebab54d37edcf method=POST path=/lingxi/v1/sessions/sess_local_alpha/execute status=200
2026-09-29T13:13:25.193229Z  INFO lingxi_service::sessions: normal submission to a busy session rejected (session_busy; retryable) session_id="sess_local_alpha"
2026-09-29T13:13:25.193247Z  INFO lingxi_service::sessions: normal submission to a busy session rejected (session_busy; retryable) session_id="sess_local_alpha"
2026-09-29T13:13:25.193299Z  INFO lingxi_service: request handled request_id=req-758534044daf95e4211a593515106c3f method=POST path=/lingxi/v1/sessions/sess_local_alpha/execute status=409
2026-09-29T13:13:25.193336Z  INFO lingxi_service: request handled request_id=req-cb90b4c526ede28bc6e365adef7d797a method=POST path=/lingxi/v1/sessions/sess_local_alpha/execute status=409
2026-09-29T13:13:25.193545Z  INFO lingxi_service::sessions: run settled through the single finalize path run_id=run_000001a0ed4c71c8_000077 session_id="sess_local_alpha" outcome=completed.no_final.no_provider_configured input_chars=17
2026-09-29T13:13:25.193668Z  INFO lingxi_service: request handled request_id=req-5d32a2930edc1851804bd5cd1b93b2e1 method=POST path=/lingxi/v1/sessions/sess_local_alpha/execute status=200
2026-09-29T13:13:25.193711Z  INFO lingxi_service::sessions: normal submission to a busy session rejected (session_busy; retryable) session_id="sess_local_alpha"
2026-09-29T13:13:25.193718Z  INFO lingxi_service::sessions: normal submission to a busy session rejected (session_busy; retryable) session_id="sess_local_alpha"
2026-09-29T13:13:25.193804Z  INFO lingxi_service: request handled request_id=req-27c62db5fc1df93f8f92fcd6796216a4 method=POST path=/lingxi/v1/sessions/sess_local_alpha/execute status=409
2026-09-29T13:13:25.193834Z  INFO lingxi_service: request handled request_id=req-a5dca32e6b0add0db25683dcf67f523a method=POST path=/lingxi/v1/sessions/sess_local_alpha/execute status=409
2026-09-29T13:13:25.193968Z  INFO lingxi_service::sessions: normal submission to a busy session rejected (session_busy; retryable) session_id="sess_local_alpha"
2026-09-29T13:13:25.194073Z  INFO lingxi_service: request handled request_id=req-3ac5179b272ac5791720ca84819b7492 method=POST path=/lingxi/v1/sessions/sess_local_alpha/execute status=409
2026-09-29T13:13:25.194263Z  INFO lingxi_service::sessions: normal submission to a busy session rejected (session_busy; retryable) session_id="sess_local_alpha"
2026-09-29T13:13:25.194260Z  INFO lingxi_service::sessions: run settled through the single finalize path run_id=run_000001a0ed4c71c9_000078 session_id="sess_local_alpha" outcome=completed.no_final.no_provider_configured input_chars=17
2026-09-29T13:13:25.194291Z  INFO lingxi_service::sessions: normal submission to a busy session rejected (session_busy; retryable) session_id="sess_local_alpha"
2026-09-29T13:13:25.194314Z  INFO lingxi_service::sessions: normal submission to a busy session rejected (session_busy; retryable) session_id="sess_local_alpha"
2026-09-29T13:13:25.194348Z  INFO lingxi_service: request handled request_id=req-5c4d55970eb750e942f7da73f58e60aa method=POST path=/lingxi/v1/sessions/sess_local_alpha/execute status=409
2026-09-29T13:13:25.194397Z  INFO lingxi_service: request handled request_id=req-e9ea2c49879241867daea653204eb8eb method=POST path=/lingxi/v1/sessions/sess_local_alpha/execute status=409
2026-09-29T13:13:25.194408Z  INFO lingxi_service: request handled request_id=req-7e11dec5926fbd2c12cb40a068aabe91 method=POST path=/lingxi/v1/sessions/sess_local_alpha/execute status=200
2026-09-29T13:13:25.194411Z  INFO lingxi_service: request handled request_id=req-b68c410cd652aa9b2140f03097959b44 method=POST path=/lingxi/v1/sessions/sess_local_alpha/execute status=409
2026-09-29T13:13:25.195446Z  INFO lingxi_service::sessions: normal submission to a busy session rejected (session_busy; retryable) session_id="sess_local_alpha"
2026-09-29T13:13:25.195526Z  INFO lingxi_service: request handled request_id=req-5cadb35fe13d5fad48ba1088e0b947e4 method=POST path=/lingxi/v1/sessions/sess_local_alpha/execute status=409
2026-09-29T13:13:25.195581Z  INFO lingxi_service::sessions: normal submission to a busy session rejected (session_busy; retryable) session_id="sess_local_alpha"
2026-09-29T13:13:25.195650Z  INFO lingxi_service: request handled request_id=req-87acb9b17aa85f7b22bf4f99613947c6 method=POST path=/lingxi/v1/sessions/sess_local_alpha/execute status=409
2026-09-29T13:13:25.195726Z  INFO lingxi_service::sessions: run settled through the single finalize path run_id=run_000001a0ed4c71cb_000079 session_id="sess_local_alpha" outcome=completed.no_final.no_provider_configured input_chars=17
2026-09-29T13:13:25.195861Z  INFO lingxi_service: request handled request_id=req-95f87189aa1e88001e9d6c49a97ada76 method=POST path=/lingxi/v1/sessions/sess_local_alpha/execute status=200
2026-09-29T13:13:25.196454Z  INFO lingxi_service::sessions: normal submission to a busy session rejected (session_busy; retryable) session_id="sess_local_alpha"
2026-09-29T13:13:25.196473Z  INFO lingxi_service::sessions: normal submission to a busy session rejected (session_busy; retryable) session_id="sess_local_alpha"
2026-09-29T13:13:25.196490Z  INFO lingxi_service::sessions: normal submission to a busy session rejected (session_busy; retryable) session_id="sess_local_alpha"
2026-09-29T13:13:25.196481Z  INFO lingxi_service::sessions: normal submission to a busy session rejected (session_busy; retryable) session_id="sess_local_alpha"
2026-09-29T13:13:25.196535Z  INFO lingxi_service: request handled request_id=req-804c0b1fe9209d8479630a4464d14b9c method=POST path=/lingxi/v1/sessions/sess_local_alpha/execute status=409
2026-09-29T13:13:25.196553Z  INFO lingxi_service: request handled request_id=req-1a20911042880ff6072c50b2defeafe2 method=POST path=/lingxi/v1/sessions/sess_local_alpha/execute status=409
2026-09-29T13:13:25.196577Z  INFO lingxi_service::sessions: normal submission to a busy session rejected (session_busy; retryable) session_id="sess_local_alpha"
2026-09-29T13:13:25.196592Z  INFO lingxi_service: request handled request_id=req-42b9dc93452fb869e132b6483a78b93a method=POST path=/lingxi/v1/sessions/sess_local_alpha/execute status=409
2026-09-29T13:13:25.196608Z  INFO lingxi_service: request handled request_id=req-2c4048428eaf7796c4c73632bf8d6cf8 method=POST path=/lingxi/v1/sessions/sess_local_alpha/execute status=409
2026-09-29T13:13:25.196662Z  INFO lingxi_service: request handled request_id=req-20816fecc79c08cb539c89bf018d6170 method=POST path=/lingxi/v1/sessions/sess_local_alpha/execute status=409
2026-09-29T13:13:25.196747Z  INFO lingxi_service::sessions: run settled through the single finalize path run_id=run_000001a0ed4c71cc_00007a session_id="sess_local_alpha" outcome=completed.no_final.no_provider_configured input_chars=17
2026-09-29T13:13:25.196834Z  INFO lingxi_service::sessions: normal submission to a busy session rejected (session_busy; retryable) session_id="sess_local_alpha"
2026-09-29T13:13:25.196867Z  INFO lingxi_service: request handled request_id=req-6ec424c4b2fe24e9f18d2eeed35bce93 method=POST path=/lingxi/v1/sessions/sess_local_alpha/execute status=200
2026-09-29T13:13:25.196910Z  INFO lingxi_service: request handled request_id=req-52299671f84c9b7f3da54fe1cdbb3c9e method=POST path=/lingxi/v1/sessions/sess_local_alpha/execute status=409
2026-09-29T13:13:25.197151Z  INFO lingxi_service::sessions: normal submission to a busy session rejected (session_busy; retryable) session_id="sess_local_alpha"
2026-09-29T13:13:25.197221Z  INFO lingxi_service: request handled request_id=req-ee6a41874273493e3776abfa8a049c2a method=POST path=/lingxi/v1/sessions/sess_local_alpha/execute status=409
2026-09-29T13:13:25.197607Z  INFO lingxi_service::sessions: normal submission to a busy session rejected (session_busy; retryable) session_id="sess_local_alpha"
2026-09-29T13:13:25.197611Z  INFO lingxi_service::sessions: run settled through the single finalize path run_id=run_000001a0ed4c71cd_00007b session_id="sess_local_alpha" outcome=completed.no_final.no_provider_configured input_chars=17
2026-09-29T13:13:25.197679Z  INFO lingxi_service: request handled request_id=req-7d1e486f7dbc0fc71ba2e430c1308dc1 method=POST path=/lingxi/v1/sessions/sess_local_alpha/execute status=409
2026-09-29T13:13:25.197724Z  INFO lingxi_service: request handled request_id=req-8af676a8bf498ac48819743ff7373a4e method=POST path=/lingxi/v1/sessions/sess_local_alpha/execute status=200
2026-09-29T13:13:25.198193Z  INFO lingxi_service::sessions: normal submission to a busy session rejected (session_busy; retryable) session_id="sess_local_alpha"
2026-09-29T13:13:25.198260Z  INFO lingxi_service: request handled request_id=req-b71864eb34dca624bf842fced3a0ad91 method=POST path=/lingxi/v1/sessions/sess_local_alpha/execute status=409
2026-09-29T13:13:25.198313Z  INFO lingxi_service::sessions: normal submission to a busy session rejected (session_busy; retryable) session_id="sess_local_alpha"
2026-09-29T13:13:25.198385Z  INFO lingxi_service: request handled request_id=req-cfc5ee0d5596ad45ba94e49854338792 method=POST path=/lingxi/v1/sessions/sess_local_alpha/execute status=409
2026-09-29T13:13:25.198472Z  INFO lingxi_service::sessions: run settled through the single finalize path run_id=run_000001a0ed4c71cd_00007c session_id="sess_local_alpha" outcome=completed.no_final.no_provider_configured input_chars=17
2026-09-29T13:13:25.198521Z  INFO lingxi_service::sessions: normal submission to a busy session rejected (session_busy; retryable) session_id="sess_local_alpha"
2026-09-29T13:13:25.198577Z  INFO lingxi_service: request handled request_id=req-5d6ce5e74619ce052b5382da63f3427e method=POST path=/lingxi/v1/sessions/sess_local_alpha/execute status=200
2026-09-29T13:13:25.198606Z  INFO lingxi_service: request handled request_id=req-2fa9951254089484a488e19a7c4dea81 method=POST path=/lingxi/v1/sessions/sess_local_alpha/execute status=409
2026-09-29T13:13:25.199071Z  INFO lingxi_service::sessions: normal submission to a busy session rejected (session_busy; retryable) session_id="sess_local_alpha"
2026-09-29T13:13:25.199086Z  INFO lingxi_service::sessions: normal submission to a busy session rejected (session_busy; retryable) session_id="sess_local_alpha"
2026-09-29T13:13:25.199157Z  INFO lingxi_service: request handled request_id=req-722bc47ff600d690ea797c064b6a32dc method=POST path=/lingxi/v1/sessions/sess_local_alpha/execute status=409
2026-09-29T13:13:25.199183Z  INFO lingxi_service::sessions: normal submission to a busy session rejected (session_busy; retryable) session_id="sess_local_alpha"
2026-09-29T13:13:25.199188Z  INFO lingxi_service: request handled request_id=req-0670939445daf74759fefc5e68e0e2ce method=POST path=/lingxi/v1/sessions/sess_local_alpha/execute status=409
2026-09-29T13:13:25.199287Z  INFO lingxi_service: request handled request_id=req-f7c6516eacc91e981c229e52f8829c87 method=POST path=/lingxi/v1/sessions/sess_local_alpha/execute status=409
2026-09-29T13:13:25.199372Z  INFO lingxi_service::sessions: normal submission to a busy session rejected (session_busy; retryable) session_id="sess_local_alpha"
2026-09-29T13:13:25.199368Z  INFO lingxi_service::sessions: run settled through the single finalize path run_id=run_000001a0ed4c71ce_00007d session_id="sess_local_alpha" outcome=completed.no_final.no_provider_configured input_chars=17
2026-09-29T13:13:25.199408Z  INFO lingxi_service::sessions: normal submission to a busy session rejected (session_busy; retryable) session_id="sess_local_alpha"
2026-09-29T13:13:25.199473Z  INFO lingxi_service: request handled request_id=req-e11fa8f6b162bea06000d88ba9f4c10a method=POST path=/lingxi/v1/sessions/sess_local_alpha/execute status=409
2026-09-29T13:13:25.199492Z  INFO lingxi_service: request handled request_id=req-9a60490744134a5b3394aef592ab4b2f method=POST path=/lingxi/v1/sessions/sess_local_alpha/execute status=409
2026-09-29T13:13:25.199523Z  INFO lingxi_service: request handled request_id=req-6eca3f4e3f4a9979f31d8eabc4f79a34 method=POST path=/lingxi/v1/sessions/sess_local_alpha/execute status=200
2026-09-29T13:13:25.200102Z  INFO lingxi_service::sessions: run settled through the single finalize path run_id=run_000001a0ed4c71cf_00007e session_id="sess_local_alpha" outcome=completed.no_final.no_provider_configured input_chars=17
2026-09-29T13:13:25.200213Z  INFO lingxi_service: request handled request_id=req-4f2efb83b37545fbeca5b611c9724764 method=POST path=/lingxi/v1/sessions/sess_local_alpha/execute status=200
2026-09-29T13:13:25.201267Z  INFO lingxi_service::sessions: normal submission to a busy session rejected (session_busy; retryable) session_id="sess_local_alpha"
2026-09-29T13:13:25.201274Z  INFO lingxi_service::sessions: normal submission to a busy session rejected (session_busy; retryable) session_id="sess_local_alpha"
2026-09-29T13:13:25.201260Z  INFO lingxi_service::sessions: run settled through the single finalize path run_id=run_000001a0ed4c71d0_00007f session_id="sess_local_alpha" outcome=completed.no_final.no_provider_configured input_chars=17
2026-09-29T13:13:25.201346Z  INFO lingxi_service: request handled request_id=req-e8ca52e4076fc4ba9274d9c4785bf9cc method=POST path=/lingxi/v1/sessions/sess_local_alpha/execute status=409
2026-09-29T13:13:25.201391Z  INFO lingxi_service: request handled request_id=req-06b996537720655cfa40c4b3c4dcfb99 method=POST path=/lingxi/v1/sessions/sess_local_alpha/execute status=409
2026-09-29T13:13:25.201419Z  INFO lingxi_service: request handled request_id=req-42af5579aba8700628b75059fafa4a88 method=POST path=/lingxi/v1/sessions/sess_local_alpha/execute status=200
2026-09-29T13:13:25.201697Z  INFO lingxi_service::sessions: normal submission to a busy session rejected (session_busy; retryable) session_id="sess_local_alpha"
2026-09-29T13:13:25.201782Z  INFO lingxi_service: request handled request_id=req-de3e526aae11d76d43f8f9700f0f70cc method=POST path=/lingxi/v1/sessions/sess_local_alpha/execute status=409
2026-09-29T13:13:25.201931Z  INFO lingxi_service::sessions: run settled through the single finalize path run_id=run_000001a0ed4c71d1_000080 session_id="sess_local_alpha" outcome=completed.no_final.no_provider_configured input_chars=17
2026-09-29T13:13:25.202055Z  INFO lingxi_service: request handled request_id=req-288903c5b888c004a6b2cc5898eaae5b method=POST path=/lingxi/v1/sessions/sess_local_alpha/execute status=200
2026-09-29T13:13:25.202367Z  INFO lingxi_service::sessions: normal submission to a busy session rejected (session_busy; retryable) session_id="sess_local_alpha"
2026-09-29T13:13:25.202380Z  INFO lingxi_service::sessions: normal submission to a busy session rejected (session_busy; retryable) session_id="sess_local_alpha"
2026-09-29T13:13:25.202452Z  INFO lingxi_service: request handled request_id=req-221b0f8d946fc613db3843b5c0029a18 method=POST path=/lingxi/v1/sessions/sess_local_alpha/execute status=409
2026-09-29T13:13:25.202473Z  INFO lingxi_service::sessions: normal submission to a busy session rejected (session_busy; retryable) session_id="sess_local_alpha"
2026-09-29T13:13:25.202486Z  INFO lingxi_service: request handled request_id=req-d4ebe731b5d081a2888236fef658d6ea method=POST path=/lingxi/v1/sessions/sess_local_alpha/execute status=409
2026-09-29T13:13:25.202601Z  INFO lingxi_service: request handled request_id=req-249e8cb1e628d324002823c5232cdd81 method=POST path=/lingxi/v1/sessions/sess_local_alpha/execute status=409
2026-09-29T13:13:25.202672Z  INFO lingxi_service::sessions: normal submission to a busy session rejected (session_busy; retryable) session_id="sess_local_alpha"
2026-09-29T13:13:25.202690Z  INFO lingxi_service::sessions: normal submission to a busy session rejected (session_busy; retryable) session_id="sess_local_alpha"
2026-09-29T13:13:25.202669Z  INFO lingxi_service::sessions: run settled through the single finalize path run_id=run_000001a0ed4c71d2_000081 session_id="sess_local_alpha" outcome=completed.no_final.no_provider_configured input_chars=17
2026-09-29T13:13:25.202767Z  INFO lingxi_service: request handled request_id=req-aca31b455567e884e6d47fbc332fe910 method=POST path=/lingxi/v1/sessions/sess_local_alpha/execute status=409
2026-09-29T13:13:25.202793Z  INFO lingxi_service: request handled request_id=req-fd2df0ba38eef4362edd44791d98aad0 method=POST path=/lingxi/v1/sessions/sess_local_alpha/execute status=409
2026-09-29T13:13:25.202820Z  INFO lingxi_service: request handled request_id=req-edf09181c8efad80ee360fdd53acf82f method=POST path=/lingxi/v1/sessions/sess_local_alpha/execute status=200
2026-09-29T13:13:25.203373Z  INFO lingxi_service::sessions: normal submission to a busy session rejected (session_busy; retryable) session_id="sess_local_alpha"
2026-09-29T13:13:25.203446Z  INFO lingxi_service: request handled request_id=req-3002cd93705899455c00187b9921c3b1 method=POST path=/lingxi/v1/sessions/sess_local_alpha/execute status=409
2026-09-29T13:13:25.203522Z  INFO lingxi_service::sessions: run settled through the single finalize path run_id=run_000001a0ed4c71d3_000082 session_id="sess_local_alpha" outcome=completed.no_final.no_provider_configured input_chars=17
2026-09-29T13:13:25.203542Z  INFO lingxi_service::sessions: normal submission to a busy session rejected (session_busy; retryable) session_id="sess_local_alpha"
2026-09-29T13:13:25.203646Z  INFO lingxi_service: request handled request_id=req-6ded19486d7b76a63e47a9e2e18cdd58 method=POST path=/lingxi/v1/sessions/sess_local_alpha/execute status=200
2026-09-29T13:13:25.203647Z  INFO lingxi_service: request handled request_id=req-4089363991a6b5e11ead092573fb0ba4 method=POST path=/lingxi/v1/sessions/sess_local_alpha/execute status=409
2026-09-29T13:13:25.203876Z  INFO lingxi_service::sessions: normal submission to a busy session rejected (session_busy; retryable) session_id="sess_local_alpha"
2026-09-29T13:13:25.203943Z  INFO lingxi_service: request handled request_id=req-6b3107c98073975cb2372dc4ef808252 method=POST path=/lingxi/v1/sessions/sess_local_alpha/execute status=409
2026-09-29T13:13:25.204061Z  INFO lingxi_service::sessions: normal submission to a busy session rejected (session_busy; retryable) session_id="sess_local_alpha"
2026-09-29T13:13:25.204072Z  INFO lingxi_service::sessions: normal submission to a busy session rejected (session_busy; retryable) session_id="sess_local_alpha"
2026-09-29T13:13:25.204134Z  INFO lingxi_service: request handled request_id=req-387b3dd937050f8e7d1682770a5b823f method=POST path=/lingxi/v1/sessions/sess_local_alpha/execute status=409
2026-09-29T13:13:25.204168Z  INFO lingxi_service: request handled request_id=req-2d15e334393b64649c37d421c54badea method=POST path=/lingxi/v1/sessions/sess_local_alpha/execute status=409
2026-09-29T13:13:25.204328Z  INFO lingxi_service::sessions: run settled through the single finalize path run_id=run_000001a0ed4c71d3_000083 session_id="sess_local_alpha" outcome=completed.no_final.no_provider_configured input_chars=17
2026-09-29T13:13:25.204456Z  INFO lingxi_service: request handled request_id=req-ac48885271b65fcacd9094947bfc7ebd method=POST path=/lingxi/v1/sessions/sess_local_alpha/execute status=200
2026-09-29T13:13:25.204930Z  INFO lingxi_service::sessions: normal submission to a busy session rejected (session_busy; retryable) session_id="sess_local_alpha"
2026-09-29T13:13:25.205023Z  INFO lingxi_service::sessions: normal submission to a busy session rejected (session_busy; retryable) session_id="sess_local_alpha"
2026-09-29T13:13:25.205018Z  INFO lingxi_service: request handled request_id=req-005f7dd08576d0c8410a515bdc4b588a method=POST path=/lingxi/v1/sessions/sess_local_alpha/execute status=409
2026-09-29T13:13:25.205110Z  INFO lingxi_service: request handled request_id=req-4fd2ef3536a15c030da9f464597c6f38 method=POST path=/lingxi/v1/sessions/sess_local_alpha/execute status=409
2026-09-29T13:13:25.205227Z  INFO lingxi_service::sessions: run settled through the single finalize path run_id=run_000001a0ed4c71d4_000084 session_id="sess_local_alpha" outcome=completed.no_final.no_provider_configured input_chars=17
2026-09-29T13:13:25.205375Z  INFO lingxi_service: request handled request_id=req-643a4348596c79b0d438e44255305693 method=POST path=/lingxi/v1/sessions/sess_local_alpha/execute status=200
2026-09-29T13:13:25.205508Z  INFO lingxi_service::sessions: normal submission to a busy session rejected (session_busy; retryable) session_id="sess_local_alpha"
2026-09-29T13:13:25.205581Z  INFO lingxi_service: request handled request_id=req-cffe82fc96d23e00b7df35ff6038112f method=POST path=/lingxi/v1/sessions/sess_local_alpha/execute status=409
2026-09-29T13:13:25.205748Z  INFO lingxi_service::sessions: normal submission to a busy session rejected (session_busy; retryable) session_id="sess_local_alpha"
2026-09-29T13:13:25.205818Z  INFO lingxi_service: request handled request_id=req-98206b3424479db1d846fbfcb89fdb39 method=POST path=/lingxi/v1/sessions/sess_local_alpha/execute status=409
2026-09-29T13:13:25.205968Z  INFO lingxi_service::sessions: run settled through the single finalize path run_id=run_000001a0ed4c71d5_000085 session_id="sess_local_alpha" outcome=completed.no_final.no_provider_configured input_chars=17
2026-09-29T13:13:25.206073Z  INFO lingxi_service: request handled request_id=req-5bfc8b8ec4983d3aa2925ac2503b819c method=POST path=/lingxi/v1/sessions/sess_local_alpha/execute status=200
2026-09-29T13:13:25.206946Z  INFO lingxi_service::sessions: normal submission to a busy session rejected (session_busy; retryable) session_id="sess_local_alpha"
2026-09-29T13:13:25.207013Z  INFO lingxi_service: request handled request_id=req-8c5996e6bcd1f3ee704b066072648529 method=POST path=/lingxi/v1/sessions/sess_local_alpha/execute status=409
2026-09-29T13:13:25.207178Z  INFO lingxi_service::sessions: normal submission to a busy session rejected (session_busy; retryable) session_id="sess_local_alpha"
2026-09-29T13:13:25.207176Z  INFO lingxi_service::sessions: run settled through the single finalize path run_id=run_000001a0ed4c71d6_000086 session_id="sess_local_alpha" outcome=completed.no_final.no_provider_configured input_chars=17
2026-09-29T13:13:25.207249Z  INFO lingxi_service: request handled request_id=req-29f3ceddce3f1797007e35eb9af4ac15 method=POST path=/lingxi/v1/sessions/sess_local_alpha/execute status=409
2026-09-29T13:13:25.207291Z  INFO lingxi_service: request handled request_id=req-b5d34bd35d2be033b7adf53b95295287 method=POST path=/lingxi/v1/sessions/sess_local_alpha/execute status=200
2026-09-29T13:13:25.207558Z  INFO lingxi_service::sessions: normal submission to a busy session rejected (session_busy; retryable) session_id="sess_local_alpha"
2026-09-29T13:13:25.207630Z  INFO lingxi_service: request handled request_id=req-b9b9f29cc050903511fbd412517aef33 method=POST path=/lingxi/v1/sessions/sess_local_alpha/execute status=409
2026-09-29T13:13:25.207743Z  INFO lingxi_service::sessions: normal submission to a busy session rejected (session_busy; retryable) session_id="sess_local_alpha"
2026-09-29T13:13:25.207749Z  INFO lingxi_service::sessions: normal submission to a busy session rejected (session_busy; retryable) session_id="sess_local_alpha"
2026-09-29T13:13:25.207818Z  INFO lingxi_service: request handled request_id=req-f8faf207b3f1692a3c2f39d01b600035 method=POST path=/lingxi/v1/sessions/sess_local_alpha/execute status=409
2026-09-29T13:13:25.207832Z  INFO lingxi_service: request handled request_id=req-0d409b26b90b1e085277f8843026e215 method=POST path=/lingxi/v1/sessions/sess_local_alpha/execute status=409
2026-09-29T13:13:25.208011Z  INFO lingxi_service::sessions: run settled through the single finalize path run_id=run_000001a0ed4c71d7_000087 session_id="sess_local_alpha" outcome=completed.no_final.no_provider_configured input_chars=17
2026-09-29T13:13:25.208132Z  INFO lingxi_service: request handled request_id=req-3acb860d825fc1071139982c43906b44 method=POST path=/lingxi/v1/sessions/sess_local_alpha/execute status=200
2026-09-29T13:13:25.208347Z  INFO lingxi_service::sessions: normal submission to a busy session rejected (session_busy; retryable) session_id="sess_local_alpha"
2026-09-29T13:13:25.208435Z  INFO lingxi_service: request handled request_id=req-0155b64d500e81adf8fb0b40b1e86b34 method=POST path=/lingxi/v1/sessions/sess_local_alpha/execute status=409
2026-09-29T13:13:25.208791Z  INFO lingxi_service::sessions: normal submission to a busy session rejected (session_busy; retryable) session_id="sess_local_alpha"
2026-09-29T13:13:25.208797Z  INFO lingxi_service::sessions: run settled through the single finalize path run_id=run_000001a0ed4c71d8_000088 session_id="sess_local_alpha" outcome=completed.no_final.no_provider_configured input_chars=17
2026-09-29T13:13:25.208875Z  INFO lingxi_service: request handled request_id=req-af1f355550d981ef006e36228a40d54c method=POST path=/lingxi/v1/sessions/sess_local_alpha/execute status=409
2026-09-29T13:13:25.208919Z  INFO lingxi_service: request handled request_id=req-fad7c807f0e8e5a5f4f1e83f9190f363 method=POST path=/lingxi/v1/sessions/sess_local_alpha/execute status=200
2026-09-29T13:13:25.209344Z  INFO lingxi_service::sessions: normal submission to a busy session rejected (session_busy; retryable) session_id="sess_local_alpha"
2026-09-29T13:13:25.209350Z  INFO lingxi_service::sessions: normal submission to a busy session rejected (session_busy; retryable) session_id="sess_local_alpha"
2026-09-29T13:13:25.209430Z  INFO lingxi_service: request handled request_id=req-d7a2ad5205e13c52bce9b5055cc06fb5 method=POST path=/lingxi/v1/sessions/sess_local_alpha/execute status=409
2026-09-29T13:13:25.209483Z  INFO lingxi_service: request handled request_id=req-aca749a24bcfffd4fed725f175cbecae method=POST path=/lingxi/v1/sessions/sess_local_alpha/execute status=409
2026-09-29T13:13:25.209492Z  INFO lingxi_service::sessions: run settled through the single finalize path run_id=run_000001a0ed4c71d8_000089 session_id="sess_local_alpha" outcome=completed.no_final.no_provider_configured input_chars=17
2026-09-29T13:13:25.209491Z  INFO lingxi_service::sessions: normal submission to a busy session rejected (session_busy; retryable) session_id="sess_local_alpha"
2026-09-29T13:13:25.209567Z  INFO lingxi_service::sessions: normal submission to a busy session rejected (session_busy; retryable) session_id="sess_local_alpha"
2026-09-29T13:13:25.209604Z  INFO lingxi_service: request handled request_id=req-2181d820bc9e56dc98e39b6d168cebae method=POST path=/lingxi/v1/sessions/sess_local_alpha/execute status=409
2026-09-29T13:13:25.209641Z  INFO lingxi_service: request handled request_id=req-65db7200913b5bb5dfe456cb4f77144f method=POST path=/lingxi/v1/sessions/sess_local_alpha/execute status=200
2026-09-29T13:13:25.209643Z  INFO lingxi_service: request handled request_id=req-914895729c3cb467c869ba6596b38551 method=POST path=/lingxi/v1/sessions/sess_local_alpha/execute status=409
2026-09-29T13:13:25.210110Z  INFO lingxi_service::sessions: normal submission to a busy session rejected (session_busy; retryable) session_id="sess_local_alpha"
2026-09-29T13:13:25.210181Z  INFO lingxi_service: request handled request_id=req-bda5b153b30084b710616254f2ffe955 method=POST path=/lingxi/v1/sessions/sess_local_alpha/execute status=409
2026-09-29T13:13:25.210300Z  INFO lingxi_service::sessions: normal submission to a busy session rejected (session_busy; retryable) session_id="sess_local_alpha"
2026-09-29T13:13:25.210294Z  INFO lingxi_service::sessions: run settled through the single finalize path run_id=run_000001a0ed4c71d9_00008a session_id="sess_local_alpha" outcome=completed.no_final.no_provider_configured input_chars=17
2026-09-29T13:13:25.210374Z  INFO lingxi_service: request handled request_id=req-1db8c1e7e93b17cd2388b368154e341c method=POST path=/lingxi/v1/sessions/sess_local_alpha/execute status=409
2026-09-29T13:13:25.210424Z  INFO lingxi_service: request handled request_id=req-0558a68f2d98e4116d0287ec53642e0d method=POST path=/lingxi/v1/sessions/sess_local_alpha/execute status=200
2026-09-29T13:13:25.210894Z  INFO lingxi_service::sessions: normal submission to a busy session rejected (session_busy; retryable) session_id="sess_local_alpha"
2026-09-29T13:13:25.210900Z  INFO lingxi_service::sessions: normal submission to a busy session rejected (session_busy; retryable) session_id="sess_local_alpha"
2026-09-29T13:13:25.210999Z  INFO lingxi_service: request handled request_id=req-f7222c0b01302111bda3f89e202480a9 method=POST path=/lingxi/v1/sessions/sess_local_alpha/execute status=409
2026-09-29T13:13:25.211042Z  INFO lingxi_service: request handled request_id=req-8199b1cb493752d9efc8c4da5365a440 method=POST path=/lingxi/v1/sessions/sess_local_alpha/execute status=409
2026-09-29T13:13:25.211178Z  INFO lingxi_service::sessions: normal submission to a busy session rejected (session_busy; retryable) session_id="sess_local_alpha"
2026-09-29T13:13:25.211177Z  INFO lingxi_service::sessions: run settled through the single finalize path run_id=run_000001a0ed4c71da_00008b session_id="sess_local_alpha" outcome=completed.no_final.no_provider_configured input_chars=17
2026-09-29T13:13:25.211203Z  INFO lingxi_service::sessions: normal submission to a busy session rejected (session_busy; retryable) session_id="sess_local_alpha"
2026-09-29T13:13:25.211193Z  INFO lingxi_service::sessions: normal submission to a busy session rejected (session_busy; retryable) session_id="sess_local_alpha"
2026-09-29T13:13:25.211248Z  INFO lingxi_service: request handled request_id=req-8104e715443eb3a17d926ee0a4b5a405 method=POST path=/lingxi/v1/sessions/sess_local_alpha/execute status=409
2026-09-29T13:13:25.211281Z  INFO lingxi_service: request handled request_id=req-a82e305018d27b117869066fb9c71fe9 method=POST path=/lingxi/v1/sessions/sess_local_alpha/execute status=409
2026-09-29T13:13:25.211302Z  INFO lingxi_service: request handled request_id=req-3c29645a3a60c7006e45b2b8f5a0bbcf method=POST path=/lingxi/v1/sessions/sess_local_alpha/execute status=409
2026-09-29T13:13:25.211305Z  INFO lingxi_service: request handled request_id=req-cf6ded0bfa40067fb32c9d339ca1bd30 method=POST path=/lingxi/v1/sessions/sess_local_alpha/execute status=200
2026-09-29T13:13:25.212470Z  INFO lingxi_service::sessions: normal submission to a busy session rejected (session_busy; retryable) session_id="sess_local_alpha"
2026-09-29T13:13:25.212484Z  INFO lingxi_service::sessions: normal submission to a busy session rejected (session_busy; retryable) session_id="sess_local_alpha"
2026-09-29T13:13:25.212571Z  INFO lingxi_service: request handled request_id=req-ca6b2bef432a60a19728a4551fbeb927 method=POST path=/lingxi/v1/sessions/sess_local_alpha/execute status=409
2026-09-29T13:13:25.212578Z  INFO lingxi_service: request handled request_id=req-affd7bf14daf82c77085c2b6cd3e68e7 method=POST path=/lingxi/v1/sessions/sess_local_alpha/execute status=409
2026-09-29T13:13:25.212768Z  INFO lingxi_service::sessions: normal submission to a busy session rejected (session_busy; retryable) session_id="sess_local_alpha"
2026-09-29T13:13:25.212763Z  INFO lingxi_service::sessions: run settled through the single finalize path run_id=run_000001a0ed4c71dc_00008c session_id="sess_local_alpha" outcome=completed.no_final.no_provider_configured input_chars=17
2026-09-29T13:13:25.212782Z  INFO lingxi_service::sessions: normal submission to a busy session rejected (session_busy; retryable) session_id="sess_local_alpha"
2026-09-29T13:13:25.212790Z  INFO lingxi_service::sessions: normal submission to a busy session rejected (session_busy; retryable) session_id="sess_local_alpha"
2026-09-29T13:13:25.212804Z  INFO lingxi_service::sessions: normal submission to a busy session rejected (session_busy; retryable) session_id="sess_local_alpha"
2026-09-29T13:13:25.212847Z  INFO lingxi_service: request handled request_id=req-f8dc4a21545eb8fc465d9feb8fa1ab8c method=POST path=/lingxi/v1/sessions/sess_local_alpha/execute status=409
2026-09-29T13:13:25.212911Z  INFO lingxi_service: request handled request_id=req-2da0a0f02ac8ba95c7ed8d4401904a16 method=POST path=/lingxi/v1/sessions/sess_local_alpha/execute status=409
2026-09-29T13:13:25.212935Z  INFO lingxi_service: request handled request_id=req-aafab596d996d810814a65cf88e09dc2 method=POST path=/lingxi/v1/sessions/sess_local_alpha/execute status=409
2026-09-29T13:13:25.212938Z  INFO lingxi_service: request handled request_id=req-4390e25b585a16c99b1928557a47235c method=POST path=/lingxi/v1/sessions/sess_local_alpha/execute status=409
2026-09-29T13:13:25.212931Z  INFO lingxi_service: request handled request_id=req-06082709b85d7df1e69c63d0579455e6 method=POST path=/lingxi/v1/sessions/sess_local_alpha/execute status=200
2026-09-29T13:13:25.213494Z  INFO lingxi_service::sessions: normal submission to a busy session rejected (session_busy; retryable) session_id="sess_local_alpha"
2026-09-29T13:13:25.213496Z  INFO lingxi_service::sessions: run settled through the single finalize path run_id=run_000001a0ed4c71dc_00008d session_id="sess_local_alpha" outcome=completed.no_final.no_provider_configured input_chars=17
2026-09-29T13:13:25.213565Z  INFO lingxi_service: request handled request_id=req-d36a8fb1c5b6e47d317d29e7ab70e9e4 method=POST path=/lingxi/v1/sessions/sess_local_alpha/execute status=409
2026-09-29T13:13:25.213606Z  INFO lingxi_service: request handled request_id=req-e643c9951d49f787fee04ece9a11aeb2 method=POST path=/lingxi/v1/sessions/sess_local_alpha/execute status=200
2026-09-29T13:13:25.214436Z  INFO lingxi_service::sessions: normal submission to a busy session rejected (session_busy; retryable) session_id="sess_local_alpha"
2026-09-29T13:13:25.214452Z  INFO lingxi_service::sessions: normal submission to a busy session rejected (session_busy; retryable) session_id="sess_local_alpha"
2026-09-29T13:13:25.214427Z  INFO lingxi_service::sessions: run settled through the single finalize path run_id=run_000001a0ed4c71dd_00008e session_id="sess_local_alpha" outcome=completed.no_final.no_provider_configured input_chars=17
2026-09-29T13:13:25.214460Z  INFO lingxi_service::sessions: normal submission to a busy session rejected (session_busy; retryable) session_id="sess_local_alpha"
2026-09-29T13:13:25.214557Z  INFO lingxi_service: request handled request_id=req-f3560583f1f5db241c60fc85008ac366 method=POST path=/lingxi/v1/sessions/sess_local_alpha/execute status=409
2026-09-29T13:13:25.214564Z  INFO lingxi_service: request handled request_id=req-1218aa6df15285f201a66381325356dd method=POST path=/lingxi/v1/sessions/sess_local_alpha/execute status=409
2026-09-29T13:13:25.214606Z  INFO lingxi_service: request handled request_id=req-4c1804a6edbb6c87dc1e3063e409500c method=POST path=/lingxi/v1/sessions/sess_local_alpha/execute status=200
2026-09-29T13:13:25.214619Z  INFO lingxi_service: request handled request_id=req-b2b3fa50f6e72aafb3d38e8e2b5fc594 method=POST path=/lingxi/v1/sessions/sess_local_alpha/execute status=409
2026-09-29T13:13:25.215018Z  INFO lingxi_service::sessions: normal submission to a busy session rejected (session_busy; retryable) session_id="sess_local_alpha"
2026-09-29T13:13:25.215104Z  INFO lingxi_service: request handled request_id=req-8419891d312c935b55e87cb3739942dc method=POST path=/lingxi/v1/sessions/sess_local_alpha/execute status=409
2026-09-29T13:13:25.215127Z  INFO lingxi_service::sessions: normal submission to a busy session rejected (session_busy; retryable) session_id="sess_local_alpha"
2026-09-29T13:13:25.215211Z  INFO lingxi_service: request handled request_id=req-7301e8438c217fcbfb350bdd4f8fb9b7 method=POST path=/lingxi/v1/sessions/sess_local_alpha/execute status=409
2026-09-29T13:13:25.215282Z  INFO lingxi_service::sessions: normal submission to a busy session rejected (session_busy; retryable) session_id="sess_local_alpha"
2026-09-29T13:13:25.215271Z  INFO lingxi_service::sessions: run settled through the single finalize path run_id=run_000001a0ed4c71de_00008f session_id="sess_local_alpha" outcome=completed.no_final.no_provider_configured input_chars=17
2026-09-29T13:13:25.215373Z  INFO lingxi_service: request handled request_id=req-e2591dd8a294ac316fd93b264148b091 method=POST path=/lingxi/v1/sessions/sess_local_alpha/execute status=409
2026-09-29T13:13:25.215413Z  INFO lingxi_service: request handled request_id=req-01fc10fb9c0661b1b760ed106006e22b method=POST path=/lingxi/v1/sessions/sess_local_alpha/execute status=200
2026-09-29T13:13:25.216273Z  INFO lingxi_service::sessions: run settled through the single finalize path run_id=run_000001a0ed4c71df_000090 session_id="sess_local_alpha" outcome=completed.no_final.no_provider_configured input_chars=17
2026-09-29T13:13:25.216294Z  INFO lingxi_service::sessions: normal submission to a busy session rejected (session_busy; retryable) session_id="sess_local_alpha"
2026-09-29T13:13:25.216295Z  INFO lingxi_service::sessions: normal submission to a busy session rejected (session_busy; retryable) session_id="sess_local_alpha"
2026-09-29T13:13:25.216304Z  INFO lingxi_service::sessions: normal submission to a busy session rejected (session_busy; retryable) session_id="sess_local_alpha"
2026-09-29T13:13:25.216421Z  INFO lingxi_service: request handled request_id=req-a3db85d152ddd92870f67163f5115967 method=POST path=/lingxi/v1/sessions/sess_local_alpha/execute status=409
2026-09-29T13:13:25.216438Z  INFO lingxi_service: request handled request_id=req-53cff660a132251afdfb070478b505e0 method=POST path=/lingxi/v1/sessions/sess_local_alpha/execute status=200
2026-09-29T13:13:25.216455Z  INFO lingxi_service: request handled request_id=req-e34d542105bfb5bab4e874671dd53171 method=POST path=/lingxi/v1/sessions/sess_local_alpha/execute status=409
2026-09-29T13:13:25.216505Z  INFO lingxi_service: request handled request_id=req-4a95a4f0094fb80ffbc99b68d2a7ce10 method=POST path=/lingxi/v1/sessions/sess_local_alpha/execute status=409
2026-09-29T13:13:25.216726Z  INFO lingxi_service::sessions: normal submission to a busy session rejected (session_busy; retryable) session_id="sess_local_alpha"
2026-09-29T13:13:25.216740Z  INFO lingxi_service::sessions: normal submission to a busy session rejected (session_busy; retryable) session_id="sess_local_alpha"
2026-09-29T13:13:25.216823Z  INFO lingxi_service: request handled request_id=req-f3ceeb0add044371e3cc7b1a8393f9ab method=POST path=/lingxi/v1/sessions/sess_local_alpha/execute status=409
2026-09-29T13:13:25.216829Z  INFO lingxi_service: request handled request_id=req-24d3942a21ce55122a70018c27bb0bf7 method=POST path=/lingxi/v1/sessions/sess_local_alpha/execute status=409
2026-09-29T13:13:25.216968Z  INFO lingxi_service::sessions: run settled through the single finalize path run_id=run_000001a0ed4c71e0_000091 session_id="sess_local_alpha" outcome=completed.no_final.no_provider_configured input_chars=17
2026-09-29T13:13:25.217078Z  INFO lingxi_service: request handled request_id=req-e7fafe4fe53e16d30485e66f1ce3ae87 method=POST path=/lingxi/v1/sessions/sess_local_alpha/execute status=200
2026-09-29T13:13:25.218086Z  INFO lingxi_service::sessions: normal submission to a busy session rejected (session_busy; retryable) session_id="sess_local_alpha"
2026-09-29T13:13:25.218097Z  INFO lingxi_service::sessions: normal submission to a busy session rejected (session_busy; retryable) session_id="sess_local_alpha"
2026-09-29T13:13:25.218110Z  INFO lingxi_service::sessions: normal submission to a busy session rejected (session_busy; retryable) session_id="sess_local_alpha"
2026-09-29T13:13:25.218180Z  INFO lingxi_service: request handled request_id=req-b70cf2ccc8667d9f52f263e096ecbf08 method=POST path=/lingxi/v1/sessions/sess_local_alpha/execute status=409
2026-09-29T13:13:25.218215Z  INFO lingxi_service: request handled request_id=req-4ca97b602ea87a693c894d938899ecd3 method=POST path=/lingxi/v1/sessions/sess_local_alpha/execute status=409
2026-09-29T13:13:25.218250Z  INFO lingxi_service: request handled request_id=req-80eb9ee8f748a9364f883f96e2f90077 method=POST path=/lingxi/v1/sessions/sess_local_alpha/execute status=409
2026-09-29T13:13:25.218388Z  INFO lingxi_service::sessions: run settled through the single finalize path run_id=run_000001a0ed4c71e1_000092 session_id="sess_local_alpha" outcome=completed.no_final.no_provider_configured input_chars=17
2026-09-29T13:13:25.218414Z  INFO lingxi_service::sessions: normal submission to a busy session rejected (session_busy; retryable) session_id="sess_local_alpha"
2026-09-29T13:13:25.218402Z  INFO lingxi_service::sessions: normal submission to a busy session rejected (session_busy; retryable) session_id="sess_local_alpha"
2026-09-29T13:13:25.218539Z  INFO lingxi_service: request handled request_id=req-e7f5407d7185e07017d46f82ae6cfb1c method=POST path=/lingxi/v1/sessions/sess_local_alpha/execute status=409
2026-09-29T13:13:25.218545Z  INFO lingxi_service: request handled request_id=req-3c63b7a354c69272987d8baa46871764 method=POST path=/lingxi/v1/sessions/sess_local_alpha/execute status=409
2026-09-29T13:13:25.218544Z  INFO lingxi_service: request handled request_id=req-23dff5653ee6016a95e79f7aa11b641b method=POST path=/lingxi/v1/sessions/sess_local_alpha/execute status=200
2026-09-29T13:13:25.219241Z  INFO lingxi_service::sessions: normal submission to a busy session rejected (session_busy; retryable) session_id="sess_local_alpha"
2026-09-29T13:13:25.219254Z  INFO lingxi_service::sessions: normal submission to a busy session rejected (session_busy; retryable) session_id="sess_local_alpha"
2026-09-29T13:13:25.219316Z  INFO lingxi_service: request handled request_id=req-e606a92d80b2db44fffe318f808d34a7 method=POST path=/lingxi/v1/sessions/sess_local_alpha/execute status=409
2026-09-29T13:13:25.219343Z  INFO lingxi_service: request handled request_id=req-b53bca29adaaadbdaa5b2603404c8e9a method=POST path=/lingxi/v1/sessions/sess_local_alpha/execute status=409
2026-09-29T13:13:25.219501Z  INFO lingxi_service::sessions: run settled through the single finalize path run_id=run_000001a0ed4c71e3_000093 session_id="sess_local_alpha" outcome=completed.no_final.no_provider_configured input_chars=17
2026-09-29T13:13:25.219627Z  INFO lingxi_service: request handled request_id=req-b9240e55540bdb2d1ece1f0bbb1e0780 method=POST path=/lingxi/v1/sessions/sess_local_alpha/execute status=200
2026-09-29T13:13:25.219783Z  INFO lingxi_service::sessions: normal submission to a busy session rejected (session_busy; retryable) session_id="sess_local_alpha"
2026-09-29T13:13:25.219868Z  INFO lingxi_service: request handled request_id=req-b51d930ea71cd640f0070c439edf5269 method=POST path=/lingxi/v1/sessions/sess_local_alpha/execute status=409
2026-09-29T13:13:25.219952Z  INFO lingxi_service::sessions: normal submission to a busy session rejected (session_busy; retryable) session_id="sess_local_alpha"
2026-09-29T13:13:25.220040Z  INFO lingxi_service: request handled request_id=req-37d3184f424e62bbedb773fe648d3a28 method=POST path=/lingxi/v1/sessions/sess_local_alpha/execute status=409
2026-09-29T13:13:25.220291Z  INFO lingxi_service::sessions: normal submission to a busy session rejected (session_busy; retryable) session_id="sess_local_alpha"
2026-09-29T13:13:25.220282Z  INFO lingxi_service::sessions: run settled through the single finalize path run_id=run_000001a0ed4c71e3_000094 session_id="sess_local_alpha" outcome=completed.no_final.no_provider_configured input_chars=17
2026-09-29T13:13:25.220296Z  INFO lingxi_service::sessions: normal submission to a busy session rejected (session_busy; retryable) session_id="sess_local_alpha"
2026-09-29T13:13:25.220323Z  INFO lingxi_service::sessions: normal submission to a busy session rejected (session_busy; retryable) session_id="sess_local_alpha"
2026-09-29T13:13:25.220371Z  INFO lingxi_service: request handled request_id=req-384ffa49534b73355c29d19322c8ca82 method=POST path=/lingxi/v1/sessions/sess_local_alpha/execute status=409
2026-09-29T13:13:25.220411Z  INFO lingxi_service: request handled request_id=req-586041714ebea0029f91833dc81ef89d method=POST path=/lingxi/v1/sessions/sess_local_alpha/execute status=409
2026-09-29T13:13:25.220436Z  INFO lingxi_service: request handled request_id=req-0c066dc6954469547c14075e065bdaa9 method=POST path=/lingxi/v1/sessions/sess_local_alpha/execute status=200
2026-09-29T13:13:25.220461Z  INFO lingxi_service: request handled request_id=req-a8eaff2d5b5fa9c7a080f46d479cd279 method=POST path=/lingxi/v1/sessions/sess_local_alpha/execute status=409
2026-09-29T13:13:25.220865Z  INFO lingxi_service::sessions: normal submission to a busy session rejected (session_busy; retryable) session_id="sess_local_alpha"
2026-09-29T13:13:25.220938Z  INFO lingxi_service: request handled request_id=req-f1769299128ebcd84a1fa343ea9194f7 method=POST path=/lingxi/v1/sessions/sess_local_alpha/execute status=409
2026-09-29T13:13:25.221076Z  INFO lingxi_service::sessions: normal submission to a busy session rejected (session_busy; retryable) session_id="sess_local_alpha"
2026-09-29T13:13:25.221065Z  INFO lingxi_service::sessions: run settled through the single finalize path run_id=run_000001a0ed4c71e4_000095 session_id="sess_local_alpha" outcome=completed.no_final.no_provider_configured input_chars=17
2026-09-29T13:13:25.221164Z  INFO lingxi_service: request handled request_id=req-4e4f05405333449aca3e5bbf28227d7f method=POST path=/lingxi/v1/sessions/sess_local_alpha/execute status=409
2026-09-29T13:13:25.221214Z  INFO lingxi_service: request handled request_id=req-e7e025f27bbf8aa8fbd72641836dea02 method=POST path=/lingxi/v1/sessions/sess_local_alpha/execute status=200
2026-09-29T13:13:25.221806Z  INFO lingxi_service::sessions: normal submission to a busy session rejected (session_busy; retryable) session_id="sess_local_alpha"
2026-09-29T13:13:25.221901Z  INFO lingxi_service: request handled request_id=req-3d5582ec529779dec088a969490fc0b6 method=POST path=/lingxi/v1/sessions/sess_local_alpha/execute status=409
2026-09-29T13:13:25.221973Z  INFO lingxi_service::sessions: run settled through the single finalize path run_id=run_000001a0ed4c71e5_000096 session_id="sess_local_alpha" outcome=completed.no_final.no_provider_configured input_chars=17
2026-09-29T13:13:25.221985Z  INFO lingxi_service::sessions: normal submission to a busy session rejected (session_busy; retryable) session_id="sess_local_alpha"
2026-09-29T13:13:25.221989Z  INFO lingxi_service::sessions: normal submission to a busy session rejected (session_busy; retryable) session_id="sess_local_alpha"
2026-09-29T13:13:25.222058Z  INFO lingxi_service::sessions: normal submission to a busy session rejected (session_busy; retryable) session_id="sess_local_alpha"
2026-09-29T13:13:25.222098Z  INFO lingxi_service: request handled request_id=req-13ce294b134420818225b1134bc41adf method=POST path=/lingxi/v1/sessions/sess_local_alpha/execute status=409
2026-09-29T13:13:25.222109Z  INFO lingxi_service: request handled request_id=req-9faa6dfcedcfaa019ba6772cdb498301 method=POST path=/lingxi/v1/sessions/sess_local_alpha/execute status=200
2026-09-29T13:13:25.222131Z  INFO lingxi_service: request handled request_id=req-3682b73d2b6e192370e9b0acb284ae95 method=POST path=/lingxi/v1/sessions/sess_local_alpha/execute status=409
2026-09-29T13:13:25.222147Z  INFO lingxi_service: request handled request_id=req-facc7cd6aa7b35d8be94890ba99ab0fd method=POST path=/lingxi/v1/sessions/sess_local_alpha/execute status=409
2026-09-29T13:13:25.222620Z  INFO lingxi_service::sessions: run settled through the single finalize path run_id=run_000001a0ed4c71e6_000097 session_id="sess_local_alpha" outcome=completed.no_final.no_provider_configured input_chars=17
2026-09-29T13:13:25.222727Z  INFO lingxi_service: request handled request_id=req-e83953bef9dd6bdc019b0b4c711c0ebf method=POST path=/lingxi/v1/sessions/sess_local_alpha/execute status=200
2026-09-29T13:13:25.223667Z  INFO lingxi_service::sessions: normal submission to a busy session rejected (session_busy; retryable) session_id="sess_local_alpha"
2026-09-29T13:13:25.223666Z  INFO lingxi_service::sessions: run settled through the single finalize path run_id=run_000001a0ed4c71e7_000098 session_id="sess_local_alpha" outcome=completed.no_final.no_provider_configured input_chars=17
2026-09-29T13:13:25.223749Z  INFO lingxi_service::sessions: normal submission to a busy session rejected (session_busy; retryable) session_id="sess_local_alpha"
2026-09-29T13:13:25.223746Z  INFO lingxi_service: request handled request_id=req-0b4e10e9fdb70b18e5eb02be4fb805b4 method=POST path=/lingxi/v1/sessions/sess_local_alpha/execute status=409
2026-09-29T13:13:25.223823Z  INFO lingxi_service: request handled request_id=req-f35a52a9668d81e786def6c0875b89bc method=POST path=/lingxi/v1/sessions/sess_local_alpha/execute status=200
2026-09-29T13:13:25.223848Z  INFO lingxi_service: request handled request_id=req-edbeda3340739c828e7f834c60153648 method=POST path=/lingxi/v1/sessions/sess_local_alpha/execute status=409
2026-09-29T13:13:25.224361Z  INFO lingxi_service::sessions: run settled through the single finalize path run_id=run_000001a0ed4c71e7_000099 session_id="sess_local_alpha" outcome=completed.no_final.no_provider_configured input_chars=17
2026-09-29T13:13:25.224384Z  INFO lingxi_service::sessions: normal submission to a busy session rejected (session_busy; retryable) session_id="sess_local_alpha"
2026-09-29T13:13:25.224407Z  INFO lingxi_service::sessions: normal submission to a busy session rejected (session_busy; retryable) session_id="sess_local_alpha"
2026-09-29T13:13:25.224509Z  INFO lingxi_service: request handled request_id=req-9432e088e961c9c2e5bcb420f0f53051 method=POST path=/lingxi/v1/sessions/sess_local_alpha/execute status=409
2026-09-29T13:13:25.224517Z  INFO lingxi_service: request handled request_id=req-f723b3128d38af191aa7a4830be3f6fa method=POST path=/lingxi/v1/sessions/sess_local_alpha/execute status=409
2026-09-29T13:13:25.224517Z  INFO lingxi_service: request handled request_id=req-7fe040ce66ee8d4e2171c936f1bd5209 method=POST path=/lingxi/v1/sessions/sess_local_alpha/execute status=200
2026-09-29T13:13:25.224803Z  INFO lingxi_service::sessions: normal submission to a busy session rejected (session_busy; retryable) session_id="sess_local_alpha"
2026-09-29T13:13:25.224876Z  INFO lingxi_service: request handled request_id=req-4dc0f9ddfb301169ed8c92e1fc2ed792 method=POST path=/lingxi/v1/sessions/sess_local_alpha/execute status=409
2026-09-29T13:13:25.225069Z  INFO lingxi_service::sessions: normal submission to a busy session rejected (session_busy; retryable) session_id="sess_local_alpha"
2026-09-29T13:13:25.225064Z  INFO lingxi_service::sessions: run settled through the single finalize path run_id=run_000001a0ed4c71e8_00009a session_id="sess_local_alpha" outcome=completed.no_final.no_provider_configured input_chars=17
2026-09-29T13:13:25.225086Z  INFO lingxi_service::sessions: normal submission to a busy session rejected (session_busy; retryable) session_id="sess_local_alpha"
2026-09-29T13:13:25.225147Z  INFO lingxi_service: request handled request_id=req-60f0a4ea7feacae683b2dd24bd727479 method=POST path=/lingxi/v1/sessions/sess_local_alpha/execute status=409
2026-09-29T13:13:25.225211Z  INFO lingxi_service: request handled request_id=req-1ad22ab3ebf21ab047260bb3d9bee8fa method=POST path=/lingxi/v1/sessions/sess_local_alpha/execute status=409
2026-09-29T13:13:25.225218Z  INFO lingxi_service: request handled request_id=req-688158a5ec46ed57e44741480a89543a method=POST path=/lingxi/v1/sessions/sess_local_alpha/execute status=200
2026-09-29T13:13:25.225730Z  INFO lingxi_service::sessions: normal submission to a busy session rejected (session_busy; retryable) session_id="sess_local_alpha"
2026-09-29T13:13:25.225744Z  INFO lingxi_service::sessions: normal submission to a busy session rejected (session_busy; retryable) session_id="sess_local_alpha"
2026-09-29T13:13:25.225808Z  INFO lingxi_service: request handled request_id=req-1c8e68ab7712aef7de8d95618984b534 method=POST path=/lingxi/v1/sessions/sess_local_alpha/execute status=409
2026-09-29T13:13:25.225867Z  INFO lingxi_service: request handled request_id=req-8d52ef75a86a97d94eb4fd150963b881 method=POST path=/lingxi/v1/sessions/sess_local_alpha/execute status=409
2026-09-29T13:13:25.226026Z  INFO lingxi_service::sessions: normal submission to a busy session rejected (session_busy; retryable) session_id="sess_local_alpha"
2026-09-29T13:13:25.226022Z  INFO lingxi_service::sessions: run settled through the single finalize path run_id=run_000001a0ed4c71e9_00009b session_id="sess_local_alpha" outcome=completed.no_final.no_provider_configured input_chars=17
2026-09-29T13:13:25.226126Z  INFO lingxi_service: request handled request_id=req-a390c138c2c3c4e914f7815933e72cf0 method=POST path=/lingxi/v1/sessions/sess_local_alpha/execute status=409
2026-09-29T13:13:25.226156Z  INFO lingxi_service: request handled request_id=req-2608201491a598cca56d8c41652b92fa method=POST path=/lingxi/v1/sessions/sess_local_alpha/execute status=200
2026-09-29T13:13:25.226459Z  INFO lingxi_service::sessions: normal submission to a busy session rejected (session_busy; retryable) session_id="sess_local_alpha"
2026-09-29T13:13:25.226478Z  INFO lingxi_service::sessions: normal submission to a busy session rejected (session_busy; retryable) session_id="sess_local_alpha"
2026-09-29T13:13:25.226562Z  INFO lingxi_service: request handled request_id=req-a92ab16691c35f4df5bc5c11505d8796 method=POST path=/lingxi/v1/sessions/sess_local_alpha/execute status=409
2026-09-29T13:13:25.226580Z  INFO lingxi_service: request handled request_id=req-3e98160ddee5246ffc1eecc63428f048 method=POST path=/lingxi/v1/sessions/sess_local_alpha/execute status=409
2026-09-29T13:13:25.227094Z  INFO lingxi_service::sessions: run settled through the single finalize path run_id=run_000001a0ed4c71ea_00009c session_id="sess_local_alpha" outcome=completed.no_final.no_provider_configured input_chars=17
2026-09-29T13:13:25.227100Z  INFO lingxi_service::sessions: normal submission to a busy session rejected (session_busy; retryable) session_id="sess_local_alpha"
2026-09-29T13:13:25.227209Z  INFO lingxi_service: request handled request_id=req-e9d427a6120a0f9cb3bc6da3b280978f method=POST path=/lingxi/v1/sessions/sess_local_alpha/execute status=409
2026-09-29T13:13:25.227221Z  INFO lingxi_service: request handled request_id=req-ca16134a3bfb92f23dd201c2a2738569 method=POST path=/lingxi/v1/sessions/sess_local_alpha/execute status=200
2026-09-29T13:13:25.227683Z  INFO lingxi_service::sessions: normal submission to a busy session rejected (session_busy; retryable) session_id="sess_local_alpha"
2026-09-29T13:13:25.227705Z  INFO lingxi_service::sessions: normal submission to a busy session rejected (session_busy; retryable) session_id="sess_local_alpha"
2026-09-29T13:13:25.227697Z  INFO lingxi_service::sessions: normal submission to a busy session rejected (session_busy; retryable) session_id="sess_local_alpha"
2026-09-29T13:13:25.227691Z  INFO lingxi_service::sessions: normal submission to a busy session rejected (session_busy; retryable) session_id="sess_local_alpha"
2026-09-29T13:13:25.227782Z  INFO lingxi_service: request handled request_id=req-7f6e99f6105dbc692cb20aa0f1537a35 method=POST path=/lingxi/v1/sessions/sess_local_alpha/execute status=409
2026-09-29T13:13:25.227813Z  INFO lingxi_service::sessions: normal submission to a busy session rejected (session_busy; retryable) session_id="sess_local_alpha"
2026-09-29T13:13:25.227817Z  INFO lingxi_service: request handled request_id=req-57a82b735b904f439c6e534e193c9086 method=POST path=/lingxi/v1/sessions/sess_local_alpha/execute status=409
2026-09-29T13:13:25.227844Z  INFO lingxi_service: request handled request_id=req-b6603c8552ed13b19b18265c5039410a method=POST path=/lingxi/v1/sessions/sess_local_alpha/execute status=409
2026-09-29T13:13:25.227806Z  INFO lingxi_service: request handled request_id=req-ae42e3f12a17a762c144730b3216b107 method=POST path=/lingxi/v1/sessions/sess_local_alpha/execute status=409
2026-09-29T13:13:25.227897Z  INFO lingxi_service: request handled request_id=req-5c889c479b78e27f5034064e346d05e0 method=POST path=/lingxi/v1/sessions/sess_local_alpha/execute status=409
2026-09-29T13:13:25.227998Z  INFO lingxi_service::sessions: run settled through the single finalize path run_id=run_000001a0ed4c71eb_00009d session_id="sess_local_alpha" outcome=completed.no_final.no_provider_configured input_chars=17
2026-09-29T13:13:25.228121Z  INFO lingxi_service: request handled request_id=req-5b1639f87bb2aeaaf20d07462f431af1 method=POST path=/lingxi/v1/sessions/sess_local_alpha/execute status=200
2026-09-29T13:13:25.228974Z  INFO lingxi_service::sessions: normal submission to a busy session rejected (session_busy; retryable) session_id="sess_local_alpha"
2026-09-29T13:13:25.229044Z  INFO lingxi_service: request handled request_id=req-37bd7a1f526fe3582e631ecf5d847eb2 method=POST path=/lingxi/v1/sessions/sess_local_alpha/execute status=409
2026-09-29T13:13:25.229227Z  INFO lingxi_service::sessions: normal submission to a busy session rejected (session_busy; retryable) session_id="sess_local_alpha"
2026-09-29T13:13:25.229248Z  INFO lingxi_service::sessions: normal submission to a busy session rejected (session_busy; retryable) session_id="sess_local_alpha"
2026-09-29T13:13:25.229239Z  INFO lingxi_service::sessions: normal submission to a busy session rejected (session_busy; retryable) session_id="sess_local_alpha"
2026-09-29T13:13:25.229330Z  INFO lingxi_service: request handled request_id=req-46d9cbb256f8a6357c284b739ea4e9d2 method=POST path=/lingxi/v1/sessions/sess_local_alpha/execute status=409
2026-09-29T13:13:25.229348Z  INFO lingxi_service: request handled request_id=req-ef7d890cbae4d547f752812bc4665747 method=POST path=/lingxi/v1/sessions/sess_local_alpha/execute status=409
2026-09-29T13:13:25.229373Z  INFO lingxi_service: request handled request_id=req-8ceec0c43c83636dd23a503cc8420814 method=POST path=/lingxi/v1/sessions/sess_local_alpha/execute status=409
2026-09-29T13:13:25.229560Z  INFO lingxi_service::sessions: run settled through the single finalize path run_id=run_000001a0ed4c71ec_00009e session_id="sess_local_alpha" outcome=completed.no_final.no_provider_configured input_chars=17
2026-09-29T13:13:25.229671Z  INFO lingxi_service: request handled request_id=req-391bb4ab4c44b76f934a57a8465c2434 method=POST path=/lingxi/v1/sessions/sess_local_alpha/execute status=200
2026-09-29T13:13:25.229992Z  INFO lingxi_service::sessions: normal submission to a busy session rejected (session_busy; retryable) session_id="sess_local_alpha"
2026-09-29T13:13:25.230009Z  INFO lingxi_service::sessions: normal submission to a busy session rejected (session_busy; retryable) session_id="sess_local_alpha"
2026-09-29T13:13:25.230097Z  INFO lingxi_service: request handled request_id=req-a0efedd0143e56581dea2a28f879063d method=POST path=/lingxi/v1/sessions/sess_local_alpha/execute status=409
2026-09-29T13:13:25.230116Z  INFO lingxi_service: request handled request_id=req-d47152734c270e11c2c6933f44db4f80 method=POST path=/lingxi/v1/sessions/sess_local_alpha/execute status=409
2026-09-29T13:13:25.230265Z  INFO lingxi_service::sessions: run settled through the single finalize path run_id=run_000001a0ed4c71ed_00009f session_id="sess_local_alpha" outcome=completed.no_final.no_provider_configured input_chars=17
2026-09-29T13:13:25.230291Z  INFO lingxi_service::sessions: normal submission to a busy session rejected (session_busy; retryable) session_id="sess_local_alpha"
2026-09-29T13:13:25.230364Z  INFO lingxi_service: request handled request_id=req-d7927ef090a2ba9163900925ef797b4e method=POST path=/lingxi/v1/sessions/sess_local_alpha/execute status=409
2026-09-29T13:13:25.230380Z  INFO lingxi_service: request handled request_id=req-a2aabbaf6a91bfbace5f937b473a9c1e method=POST path=/lingxi/v1/sessions/sess_local_alpha/execute status=200
2026-09-29T13:13:25.230672Z  INFO lingxi_service::sessions: normal submission to a busy session rejected (session_busy; retryable) session_id="sess_local_alpha"
2026-09-29T13:13:25.230741Z  INFO lingxi_service: request handled request_id=req-061f0c64017061799d176b21a25bb2f4 method=POST path=/lingxi/v1/sessions/sess_local_alpha/execute status=409
2026-09-29T13:13:25.230804Z  INFO lingxi_service::sessions: run settled through the single finalize path run_id=run_000001a0ed4c71ee_0000a0 session_id="sess_local_alpha" outcome=completed.no_final.no_provider_configured input_chars=17
2026-09-29T13:13:25.230874Z  INFO lingxi_service::sessions: normal submission to a busy session rejected (session_busy; retryable) session_id="sess_local_alpha"
2026-09-29T13:13:25.230931Z  INFO lingxi_service: request handled request_id=req-87cbcea2a7cada8d06a5d6c78a27c6a2 method=POST path=/lingxi/v1/sessions/sess_local_alpha/execute status=200
2026-09-29T13:13:25.230983Z  INFO lingxi_service: request handled request_id=req-c47e23a31f5ec211f51a0b5ef62d811e method=POST path=/lingxi/v1/sessions/sess_local_alpha/execute status=409
2026-09-29T13:13:25.231167Z  INFO lingxi_service::sessions: normal submission to a busy session rejected (session_busy; retryable) session_id="sess_local_alpha"
2026-09-29T13:13:25.231244Z  INFO lingxi_service: request handled request_id=req-a034488f1eaa6af249776bef3b993def method=POST path=/lingxi/v1/sessions/sess_local_alpha/execute status=409
2026-09-29T13:13:25.231398Z  INFO lingxi_service::sessions: run settled through the single finalize path run_id=run_000001a0ed4c71ee_0000a1 session_id="sess_local_alpha" outcome=completed.no_final.no_provider_configured input_chars=17
2026-09-29T13:13:25.231514Z  INFO lingxi_service: request handled request_id=req-cc09e6ec7c487a55933c50a673648d02 method=POST path=/lingxi/v1/sessions/sess_local_alpha/execute status=200
2026-09-29T13:13:25.231894Z  INFO lingxi_service::sessions: normal submission to a busy session rejected (session_busy; retryable) session_id="sess_local_alpha"
2026-09-29T13:13:25.231982Z  INFO lingxi_service: request handled request_id=req-b3432b32cd98f7fc238de3309aac019b method=POST path=/lingxi/v1/sessions/sess_local_alpha/execute status=409
2026-09-29T13:13:25.231997Z  INFO lingxi_service::sessions: normal submission to a busy session rejected (session_busy; retryable) session_id="sess_local_alpha"
2026-09-29T13:13:25.232095Z  INFO lingxi_service: request handled request_id=req-f42a54743226906e519eaae6e1d374cc method=POST path=/lingxi/v1/sessions/sess_local_alpha/execute status=409
2026-09-29T13:13:25.232135Z  INFO lingxi_service::sessions: run settled through the single finalize path run_id=run_000001a0ed4c71ef_0000a2 session_id="sess_local_alpha" outcome=completed.no_final.no_provider_configured input_chars=17
2026-09-29T13:13:25.232217Z  INFO lingxi_service::sessions: normal submission to a busy session rejected (session_busy; retryable) session_id="sess_local_alpha"
2026-09-29T13:13:25.232256Z  INFO lingxi_service: request handled request_id=req-dbc688aab1a8c7a92e2d2065087b0d06 method=POST path=/lingxi/v1/sessions/sess_local_alpha/execute status=200
2026-09-29T13:13:25.232285Z  INFO lingxi_service: request handled request_id=req-eb452af9e71504f4554070730dacebe8 method=POST path=/lingxi/v1/sessions/sess_local_alpha/execute status=409
2026-09-29T13:13:25.232873Z  INFO lingxi_service::sessions: normal submission to a busy session rejected (session_busy; retryable) session_id="sess_local_alpha"
2026-09-29T13:13:25.232946Z  INFO lingxi_service: request handled request_id=req-ecc2e13f8e50003577222386301c7501 method=POST path=/lingxi/v1/sessions/sess_local_alpha/execute status=409
2026-09-29T13:13:25.233154Z  INFO lingxi_service::sessions: normal submission to a busy session rejected (session_busy; retryable) session_id="sess_local_alpha"
2026-09-29T13:13:25.233248Z  INFO lingxi_service: request handled request_id=req-fab958b083868ee9446e35afc7a72e2d method=POST path=/lingxi/v1/sessions/sess_local_alpha/execute status=409
2026-09-29T13:13:25.233291Z  INFO lingxi_service::sessions: normal submission to a busy session rejected (session_busy; retryable) session_id="sess_local_alpha"
2026-09-29T13:13:25.233306Z  INFO lingxi_service::sessions: normal submission to a busy session rejected (session_busy; retryable) session_id="sess_local_alpha"
2026-09-29T13:13:25.233319Z  INFO lingxi_service::sessions: normal submission to a busy session rejected (session_busy; retryable) session_id="sess_local_alpha"
2026-09-29T13:13:25.233388Z  INFO lingxi_service: request handled request_id=req-b103e75821b5126f8aee15868f15fd72 method=POST path=/lingxi/v1/sessions/sess_local_alpha/execute status=409
2026-09-29T13:13:25.233401Z  INFO lingxi_service: request handled request_id=req-1fad1f85808b24f07df8711f9ebb5d89 method=POST path=/lingxi/v1/sessions/sess_local_alpha/execute status=409
2026-09-29T13:13:25.233406Z  INFO lingxi_service: request handled request_id=req-3768ed721cd8f62732274b13e5f29305 method=POST path=/lingxi/v1/sessions/sess_local_alpha/execute status=409
2026-09-29T13:13:25.233461Z  INFO lingxi_service::sessions: run settled through the single finalize path run_id=run_000001a0ed4c71f0_0000a3 session_id="sess_local_alpha" outcome=completed.no_final.no_provider_configured input_chars=17
2026-09-29T13:13:25.233590Z  INFO lingxi_service: request handled request_id=req-97943a54e4e2007406174a3d3d4b7a20 method=POST path=/lingxi/v1/sessions/sess_local_alpha/execute status=200
2026-09-29T13:13:25.234584Z  INFO lingxi_service::sessions: run settled through the single finalize path run_id=run_000001a0ed4c71f2_0000a4 session_id="sess_local_alpha" outcome=completed.no_final.no_provider_configured input_chars=17
2026-09-29T13:13:25.234618Z  INFO lingxi_service::sessions: normal submission to a busy session rejected (session_busy; retryable) session_id="sess_local_alpha"
2026-09-29T13:13:25.234688Z  INFO lingxi_service: request handled request_id=req-b220636be8a3bb79af8254c780653c3b method=POST path=/lingxi/v1/sessions/sess_local_alpha/execute status=409
2026-09-29T13:13:25.234700Z  INFO lingxi_service: request handled request_id=req-3c7fb90e2c91cffbe3bc24fe42d8c0ac method=POST path=/lingxi/v1/sessions/sess_local_alpha/execute status=200
2026-09-29T13:13:25.235252Z  INFO lingxi_service::sessions: normal submission to a busy session rejected (session_busy; retryable) session_id="sess_local_alpha"
2026-09-29T13:13:25.235241Z  INFO lingxi_service::sessions: run settled through the single finalize path run_id=run_000001a0ed4c71f2_0000a5 session_id="sess_local_alpha" outcome=completed.no_final.no_provider_configured input_chars=17
2026-09-29T13:13:25.235278Z  INFO lingxi_service::sessions: normal submission to a busy session rejected (session_busy; retryable) session_id="sess_local_alpha"
2026-09-29T13:13:25.235261Z  INFO lingxi_service::sessions: normal submission to a busy session rejected (session_busy; retryable) session_id="sess_local_alpha"
2026-09-29T13:13:25.235298Z  INFO lingxi_service::sessions: normal submission to a busy session rejected (session_busy; retryable) session_id="sess_local_alpha"
2026-09-29T13:13:25.235331Z  INFO lingxi_service: request handled request_id=req-97e094b8ecd89ddf3f905ab4df5e9459 method=POST path=/lingxi/v1/sessions/sess_local_alpha/execute status=409
2026-09-29T13:13:25.235343Z  INFO lingxi_service::sessions: normal submission to a busy session rejected (session_busy; retryable) session_id="sess_local_alpha"
2026-09-29T13:13:25.235405Z  INFO lingxi_service: request handled request_id=req-ff5dbd0ffcd6ca71efea5c950daac421 method=POST path=/lingxi/v1/sessions/sess_local_alpha/execute status=409
2026-09-29T13:13:25.235418Z  INFO lingxi_service: request handled request_id=req-c416e342d861385a5e05efaa58864036 method=POST path=/lingxi/v1/sessions/sess_local_alpha/execute status=409
2026-09-29T13:13:25.235415Z  INFO lingxi_service: request handled request_id=req-a979cb1c0b1d9bccab0638560bd6e180 method=POST path=/lingxi/v1/sessions/sess_local_alpha/execute status=409
2026-09-29T13:13:25.235411Z  INFO lingxi_service: request handled request_id=req-dc0756f290e7ae417510958edf36e830 method=POST path=/lingxi/v1/sessions/sess_local_alpha/execute status=200
2026-09-29T13:13:25.235471Z  INFO lingxi_service: request handled request_id=req-95ce622b166d831df0da5b8c3c511ae4 method=POST path=/lingxi/v1/sessions/sess_local_alpha/execute status=409
2026-09-29T13:13:25.236005Z  INFO lingxi_service::sessions: run settled through the single finalize path run_id=run_000001a0ed4c71f3_0000a6 session_id="sess_local_alpha" outcome=completed.no_final.no_provider_configured input_chars=17
2026-09-29T13:13:25.236134Z  INFO lingxi_service: request handled request_id=req-192ddcc2060764271b0c45e0a4445795 method=POST path=/lingxi/v1/sessions/sess_local_alpha/execute status=200
2026-09-29T13:13:25.236361Z  INFO lingxi_service::sessions: normal submission to a busy session rejected (session_busy; retryable) session_id="sess_local_alpha"
2026-09-29T13:13:25.236378Z  INFO lingxi_service::sessions: normal submission to a busy session rejected (session_busy; retryable) session_id="sess_local_alpha"
2026-09-29T13:13:25.236383Z  INFO lingxi_service::sessions: normal submission to a busy session rejected (session_busy; retryable) session_id="sess_local_alpha"
2026-09-29T13:13:25.236433Z  INFO lingxi_service: request handled request_id=req-46384e0b3bc07eda482c055928c76a63 method=POST path=/lingxi/v1/sessions/sess_local_alpha/execute status=409
2026-09-29T13:13:25.236482Z  INFO lingxi_service: request handled request_id=req-d71e9c54b93b18efd6b3984cf6f1e538 method=POST path=/lingxi/v1/sessions/sess_local_alpha/execute status=409
2026-09-29T13:13:25.236504Z  INFO lingxi_service: request handled request_id=req-6824458f2355e5971fb4e964bfcb9256 method=POST path=/lingxi/v1/sessions/sess_local_alpha/execute status=409
2026-09-29T13:13:25.236671Z  INFO lingxi_service::sessions: run settled through the single finalize path run_id=run_000001a0ed4c71f4_0000a7 session_id="sess_local_alpha" outcome=completed.no_final.no_provider_configured input_chars=17
2026-09-29T13:13:25.236783Z  INFO lingxi_service: request handled request_id=req-4c4fa9c9ef2b5ef9734f6391e444debd method=POST path=/lingxi/v1/sessions/sess_local_alpha/execute status=200
2026-09-29T13:13:25.237288Z  INFO lingxi_service::sessions: normal submission to a busy session rejected (session_busy; retryable) session_id="sess_local_alpha"
2026-09-29T13:13:25.237296Z  INFO lingxi_service::sessions: normal submission to a busy session rejected (session_busy; retryable) session_id="sess_local_alpha"
2026-09-29T13:13:25.237382Z  INFO lingxi_service: request handled request_id=req-af4fcf4045c0d357f4eaa60899c715cf method=POST path=/lingxi/v1/sessions/sess_local_alpha/execute status=409
2026-09-29T13:13:25.237404Z  INFO lingxi_service: request handled request_id=req-bd7afe38a754380e48b48191a57bf463 method=POST path=/lingxi/v1/sessions/sess_local_alpha/execute status=409
2026-09-29T13:13:25.237548Z  INFO lingxi_service::sessions: run settled through the single finalize path run_id=run_000001a0ed4c71f5_0000a8 session_id="sess_local_alpha" outcome=completed.no_final.no_provider_configured input_chars=17
2026-09-29T13:13:25.237661Z  INFO lingxi_service: request handled request_id=req-c4292f25c21b531ba85915a064c9cb68 method=POST path=/lingxi/v1/sessions/sess_local_alpha/execute status=200
2026-09-29T13:13:25.237924Z  INFO lingxi_service::sessions: normal submission to a busy session rejected (session_busy; retryable) session_id="sess_local_alpha"
2026-09-29T13:13:25.237998Z  INFO lingxi_service: request handled request_id=req-430f3551f33dbd082faddac02447ddc4 method=POST path=/lingxi/v1/sessions/sess_local_alpha/execute status=409
2026-09-29T13:13:25.238165Z  INFO lingxi_service::sessions: run settled through the single finalize path run_id=run_000001a0ed4c71f5_0000a9 session_id="sess_local_alpha" outcome=completed.no_final.no_provider_configured input_chars=17
2026-09-29T13:13:25.238297Z  INFO lingxi_service: request handled request_id=req-6e281efa46296acf5fe958197e8167c0 method=POST path=/lingxi/v1/sessions/sess_local_alpha/execute status=200
2026-09-29T13:13:25.238505Z  INFO lingxi_service::sessions: normal submission to a busy session rejected (session_busy; retryable) session_id="sess_local_alpha"
2026-09-29T13:13:25.238515Z  INFO lingxi_service::sessions: normal submission to a busy session rejected (session_busy; retryable) session_id="sess_local_alpha"
2026-09-29T13:13:25.238604Z  INFO lingxi_service: request handled request_id=req-f5ec49ab63c5a75842e81f68ddddb2e0 method=POST path=/lingxi/v1/sessions/sess_local_alpha/execute status=409
2026-09-29T13:13:25.238625Z  INFO lingxi_service::sessions: normal submission to a busy session rejected (session_busy; retryable) session_id="sess_local_alpha"
2026-09-29T13:13:25.238637Z  INFO lingxi_service: request handled request_id=req-644e0cb7b9c18782f7b9fd2e97095609 method=POST path=/lingxi/v1/sessions/sess_local_alpha/execute status=409
2026-09-29T13:13:25.238715Z  INFO lingxi_service: request handled request_id=req-2182e2fee6047e41b70f2c168634fd4f method=POST path=/lingxi/v1/sessions/sess_local_alpha/execute status=409
2026-09-29T13:13:25.238782Z  INFO lingxi_service::sessions: normal submission to a busy session rejected (session_busy; retryable) session_id="sess_local_alpha"
2026-09-29T13:13:25.238799Z  INFO lingxi_service::sessions: normal submission to a busy session rejected (session_busy; retryable) session_id="sess_local_alpha"
2026-09-29T13:13:25.238778Z  INFO lingxi_service::sessions: run settled through the single finalize path run_id=run_000001a0ed4c71f6_0000aa session_id="sess_local_alpha" outcome=completed.no_final.no_provider_configured input_chars=17
2026-09-29T13:13:25.238876Z  INFO lingxi_service: request handled request_id=req-59a926fe87beb81146f4de1580140ba9 method=POST path=/lingxi/v1/sessions/sess_local_alpha/execute status=409
2026-09-29T13:13:25.238898Z  INFO lingxi_service: request handled request_id=req-30833cc0ac88b171e762b986fe6e8648 method=POST path=/lingxi/v1/sessions/sess_local_alpha/execute status=409
2026-09-29T13:13:25.238945Z  INFO lingxi_service: request handled request_id=req-e434c3eb47ac3185f2328256522594ca method=POST path=/lingxi/v1/sessions/sess_local_alpha/execute status=200
2026-09-29T13:13:25.240033Z  INFO lingxi_service::sessions: normal submission to a busy session rejected (session_busy; retryable) session_id="sess_local_alpha"
2026-09-29T13:13:25.240051Z  INFO lingxi_service::sessions: normal submission to a busy session rejected (session_busy; retryable) session_id="sess_local_alpha"
2026-09-29T13:13:25.240078Z  INFO lingxi_service::sessions: normal submission to a busy session rejected (session_busy; retryable) session_id="sess_local_alpha"
2026-09-29T13:13:25.240143Z  INFO lingxi_service: request handled request_id=req-5592172a4e761b6c857b8b1b0c58cbdc method=POST path=/lingxi/v1/sessions/sess_local_alpha/execute status=409
2026-09-29T13:13:25.240167Z  INFO lingxi_service: request handled request_id=req-0384be994bb03d87f9c74d9532e6ec60 method=POST path=/lingxi/v1/sessions/sess_local_alpha/execute status=409
2026-09-29T13:13:25.240184Z  INFO lingxi_service: request handled request_id=req-1af662a2fe974babbae5eeec07c9655c method=POST path=/lingxi/v1/sessions/sess_local_alpha/execute status=409
2026-09-29T13:13:25.240338Z  INFO lingxi_service::sessions: normal submission to a busy session rejected (session_busy; retryable) session_id="sess_local_alpha"
2026-09-29T13:13:25.240353Z  INFO lingxi_service::sessions: normal submission to a busy session rejected (session_busy; retryable) session_id="sess_local_alpha"
2026-09-29T13:13:25.240342Z  INFO lingxi_service::sessions: run settled through the single finalize path run_id=run_000001a0ed4c71f7_0000ab session_id="sess_local_alpha" outcome=completed.no_final.no_provider_configured input_chars=17
2026-09-29T13:13:25.240410Z  INFO lingxi_service: request handled request_id=req-870ac782fb3cdd9e9ee27c7c52b3e3a2 method=POST path=/lingxi/v1/sessions/sess_local_alpha/execute status=409
2026-09-29T13:13:25.240445Z  INFO lingxi_service: request handled request_id=req-2f1399520d4304bec2f4137d96eafc31 method=POST path=/lingxi/v1/sessions/sess_local_alpha/execute status=409
2026-09-29T13:13:25.240508Z  INFO lingxi_service: request handled request_id=req-c6ee1aa829eabd797a31518fb18fc183 method=POST path=/lingxi/v1/sessions/sess_local_alpha/execute status=200
2026-09-29T13:13:25.241096Z  INFO lingxi_service::sessions: normal submission to a busy session rejected (session_busy; retryable) session_id="sess_local_alpha"
2026-09-29T13:13:25.241181Z  INFO lingxi_service: request handled request_id=req-fa832b4ca83db6c9c026e03297f62e6e method=POST path=/lingxi/v1/sessions/sess_local_alpha/execute status=409
2026-09-29T13:13:25.241204Z  INFO lingxi_service::sessions: normal submission to a busy session rejected (session_busy; retryable) session_id="sess_local_alpha"
2026-09-29T13:13:25.241218Z  INFO lingxi_service::sessions: normal submission to a busy session rejected (session_busy; retryable) session_id="sess_local_alpha"
2026-09-29T13:13:25.241297Z  INFO lingxi_service: request handled request_id=req-a7259124b069f5baea43ec82d3d4d4ef method=POST path=/lingxi/v1/sessions/sess_local_alpha/execute status=409
2026-09-29T13:13:25.241305Z  INFO lingxi_service: request handled request_id=req-27fa9989f31ee0e2a9eeb3375434cb63 method=POST path=/lingxi/v1/sessions/sess_local_alpha/execute status=409
2026-09-29T13:13:25.241377Z  INFO lingxi_service::sessions: run settled through the single finalize path run_id=run_000001a0ed4c71f8_0000ac session_id="sess_local_alpha" outcome=completed.no_final.no_provider_configured input_chars=17
2026-09-29T13:13:25.241384Z  INFO lingxi_service::sessions: normal submission to a busy session rejected (session_busy; retryable) session_id="sess_local_alpha"
2026-09-29T13:13:25.241501Z  INFO lingxi_service: request handled request_id=req-31ef1bfebafd9223309ffd736afa4cfe method=POST path=/lingxi/v1/sessions/sess_local_alpha/execute status=409
2026-09-29T13:13:25.241520Z  INFO lingxi_service: request handled request_id=req-0a0d1cbc51d58b926cb235ad8462e8de method=POST path=/lingxi/v1/sessions/sess_local_alpha/execute status=200
2026-09-29T13:13:25.241973Z  INFO lingxi_service::sessions: normal submission to a busy session rejected (session_busy; retryable) session_id="sess_local_alpha"
2026-09-29T13:13:25.241964Z  INFO lingxi_service::sessions: run settled through the single finalize path run_id=run_000001a0ed4c71f9_0000ad session_id="sess_local_alpha" outcome=completed.no_final.no_provider_configured input_chars=17
2026-09-29T13:13:25.242047Z  INFO lingxi_service: request handled request_id=req-119068a3ab9517883114655884c9b2f5 method=POST path=/lingxi/v1/sessions/sess_local_alpha/execute status=409
2026-09-29T13:13:25.242117Z  INFO lingxi_service: request handled request_id=req-d514cc67731ec1403470a217c6a2cc69 method=POST path=/lingxi/v1/sessions/sess_local_alpha/execute status=200
2026-09-29T13:13:25.242544Z  INFO lingxi_service::sessions: normal submission to a busy session rejected (session_busy; retryable) session_id="sess_local_alpha"
2026-09-29T13:13:25.242553Z  INFO lingxi_service::sessions: normal submission to a busy session rejected (session_busy; retryable) session_id="sess_local_alpha"
2026-09-29T13:13:25.242626Z  INFO lingxi_service: request handled request_id=req-626ae7c4db3f63546bd23f9a255f9e24 method=POST path=/lingxi/v1/sessions/sess_local_alpha/execute status=409
2026-09-29T13:13:25.242646Z  INFO lingxi_service: request handled request_id=req-0f390d98c40444d18b0bf7af70ec62af method=POST path=/lingxi/v1/sessions/sess_local_alpha/execute status=409
2026-09-29T13:13:25.242801Z  INFO lingxi_service::sessions: normal submission to a busy session rejected (session_busy; retryable) session_id="sess_local_alpha"
2026-09-29T13:13:25.242795Z  INFO lingxi_service::sessions: run settled through the single finalize path run_id=run_000001a0ed4c71fa_0000ae session_id="sess_local_alpha" outcome=completed.no_final.no_provider_configured input_chars=17
2026-09-29T13:13:25.242881Z  INFO lingxi_service: request handled request_id=req-73a6c68eb05877171766b22fff0a26c0 method=POST path=/lingxi/v1/sessions/sess_local_alpha/execute status=409
2026-09-29T13:13:25.242937Z  INFO lingxi_service: request handled request_id=req-7842e982ab24588c7f3c18c61bb9780d method=POST path=/lingxi/v1/sessions/sess_local_alpha/execute status=200
2026-09-29T13:13:25.243401Z  INFO lingxi_service::sessions: normal submission to a busy session rejected (session_busy; retryable) session_id="sess_local_alpha"
2026-09-29T13:13:25.243416Z  INFO lingxi_service::sessions: normal submission to a busy session rejected (session_busy; retryable) session_id="sess_local_alpha"
2026-09-29T13:13:25.243486Z  INFO lingxi_service: request handled request_id=req-0da4b17281151ed19765edc5e5673b58 method=POST path=/lingxi/v1/sessions/sess_local_alpha/execute status=409
2026-09-29T13:13:25.243542Z  INFO lingxi_service: request handled request_id=req-289868fe027bf6c866d9bb7e29946360 method=POST path=/lingxi/v1/sessions/sess_local_alpha/execute status=409
2026-09-29T13:13:25.243725Z  INFO lingxi_service::sessions: normal submission to a busy session rejected (session_busy; retryable) session_id="sess_local_alpha"
2026-09-29T13:13:25.243720Z  INFO lingxi_service::sessions: run settled through the single finalize path run_id=run_000001a0ed4c71fb_0000af session_id="sess_local_alpha" outcome=completed.no_final.no_provider_configured input_chars=17
2026-09-29T13:13:25.243806Z  INFO lingxi_service: request handled request_id=req-015289adfbba5bc69eab49b43e518530 method=POST path=/lingxi/v1/sessions/sess_local_alpha/execute status=409
2026-09-29T13:13:25.243850Z  INFO lingxi_service: request handled request_id=req-6b55ae8cf76692aee5769f740200f10a method=POST path=/lingxi/v1/sessions/sess_local_alpha/execute status=200
2026-09-29T13:13:25.244151Z  INFO lingxi_service::sessions: normal submission to a busy session rejected (session_busy; retryable) session_id="sess_local_alpha"
2026-09-29T13:13:25.244165Z  INFO lingxi_service::sessions: normal submission to a busy session rejected (session_busy; retryable) session_id="sess_local_alpha"
2026-09-29T13:13:25.244226Z  INFO lingxi_service: request handled request_id=req-5b87edf9ddc786f4ff8106911968b940 method=POST path=/lingxi/v1/sessions/sess_local_alpha/execute status=409
2026-09-29T13:13:25.244256Z  INFO lingxi_service: request handled request_id=req-42010f2da836123d6688353e20004d5f method=POST path=/lingxi/v1/sessions/sess_local_alpha/execute status=409
2026-09-29T13:13:25.244401Z  INFO lingxi_service::sessions: run settled through the single finalize path run_id=run_000001a0ed4c71fb_0000b0 session_id="sess_local_alpha" outcome=completed.no_final.no_provider_configured input_chars=17
2026-09-29T13:13:25.244519Z  INFO lingxi_service: request handled request_id=req-e3904d115db5308eddef372f89c53818 method=POST path=/lingxi/v1/sessions/sess_local_alpha/execute status=200
2026-09-29T13:13:25.245442Z  INFO lingxi_service::sessions: normal submission to a busy session rejected (session_busy; retryable) session_id="sess_local_alpha"
2026-09-29T13:13:25.245527Z  INFO lingxi_service: request handled request_id=req-cc7c6bbd05ca06fc5f950f4902d93e56 method=POST path=/lingxi/v1/sessions/sess_local_alpha/execute status=409
2026-09-29T13:13:25.245739Z  INFO lingxi_service::sessions: normal submission to a busy session rejected (session_busy; retryable) session_id="sess_local_alpha"
2026-09-29T13:13:25.245753Z  INFO lingxi_service::sessions: normal submission to a busy session rejected (session_busy; retryable) session_id="sess_local_alpha"
2026-09-29T13:13:25.245742Z  INFO lingxi_service::sessions: run settled through the single finalize path run_id=run_000001a0ed4c71fd_0000b1 session_id="sess_local_alpha" outcome=completed.no_final.no_provider_configured input_chars=17
2026-09-29T13:13:25.245779Z  INFO lingxi_service::sessions: normal submission to a busy session rejected (session_busy; retryable) session_id="sess_local_alpha"
2026-09-29T13:13:25.245823Z  INFO lingxi_service: request handled request_id=req-aa427ae69f57311f145754f6cb597c8b method=POST path=/lingxi/v1/sessions/sess_local_alpha/execute status=409
2026-09-29T13:13:25.245833Z  INFO lingxi_service: request handled request_id=req-6cf67f77f70567c0782432902b008108 method=POST path=/lingxi/v1/sessions/sess_local_alpha/execute status=409
2026-09-29T13:13:25.245858Z  INFO lingxi_service::sessions: normal submission to a busy session rejected (session_busy; retryable) session_id="sess_local_alpha"
2026-09-29T13:13:25.245887Z  INFO lingxi_service: request handled request_id=req-b5cf2b732919f40d6dd693c79ed16d93 method=POST path=/lingxi/v1/sessions/sess_local_alpha/execute status=409
2026-09-29T13:13:25.245912Z  INFO lingxi_service: request handled request_id=req-22894830f4bb7a0805b2163f57f7b808 method=POST path=/lingxi/v1/sessions/sess_local_alpha/execute status=200
2026-09-29T13:13:25.245987Z  INFO lingxi_service: request handled request_id=req-c8cb050c7312d1028b1262237ae0c1d4 method=POST path=/lingxi/v1/sessions/sess_local_alpha/execute status=409
2026-09-29T13:13:25.246371Z  INFO lingxi_service::sessions: normal submission to a busy session rejected (session_busy; retryable) session_id="sess_local_alpha"
2026-09-29T13:13:25.246386Z  INFO lingxi_service::sessions: normal submission to a busy session rejected (session_busy; retryable) session_id="sess_local_alpha"
2026-09-29T13:13:25.246472Z  INFO lingxi_service: request handled request_id=req-23e6a5cd6a542cd1d3c0536507e6b9ec method=POST path=/lingxi/v1/sessions/sess_local_alpha/execute status=409
2026-09-29T13:13:25.246492Z  INFO lingxi_service: request handled request_id=req-c13846bfefddde20d9a00d7591a52b5b method=POST path=/lingxi/v1/sessions/sess_local_alpha/execute status=409
2026-09-29T13:13:25.246639Z  INFO lingxi_service::sessions: run settled through the single finalize path run_id=run_000001a0ed4c71fe_0000b2 session_id="sess_local_alpha" outcome=completed.no_final.no_provider_configured input_chars=17
2026-09-29T13:13:25.246764Z  INFO lingxi_service: request handled request_id=req-b00928d1201d53d5a53c5c47e2fb27a8 method=POST path=/lingxi/v1/sessions/sess_local_alpha/execute status=200
2026-09-29T13:13:25.247061Z  INFO lingxi_service::sessions: normal submission to a busy session rejected (session_busy; retryable) session_id="sess_local_alpha"
2026-09-29T13:13:25.247129Z  INFO lingxi_service: request handled request_id=req-caf697e1ebff18330daa69a4dbb04ab4 method=POST path=/lingxi/v1/sessions/sess_local_alpha/execute status=409
2026-09-29T13:13:25.247244Z  INFO lingxi_service::sessions: normal submission to a busy session rejected (session_busy; retryable) session_id="sess_local_alpha"
2026-09-29T13:13:25.247318Z  INFO lingxi_service: request handled request_id=req-4f63cf86df4ef4888c0d6f1a61f832c0 method=POST path=/lingxi/v1/sessions/sess_local_alpha/execute status=409
2026-09-29T13:13:25.247513Z  INFO lingxi_service::sessions: normal submission to a busy session rejected (session_busy; retryable) session_id="sess_local_alpha"
2026-09-29T13:13:25.247503Z  INFO lingxi_service::sessions: run settled through the single finalize path run_id=run_000001a0ed4c71ff_0000b3 session_id="sess_local_alpha" outcome=completed.no_final.no_provider_configured input_chars=17
2026-09-29T13:13:25.247585Z  INFO lingxi_service: request handled request_id=req-35b2d4083422a38d17c811d1e6ebaf5f method=POST path=/lingxi/v1/sessions/sess_local_alpha/execute status=409
2026-09-29T13:13:25.247640Z  INFO lingxi_service: request handled request_id=req-d2a1d10d759ec1e0842dde61bb5e5d90 method=POST path=/lingxi/v1/sessions/sess_local_alpha/execute status=200
2026-09-29T13:13:25.248151Z  INFO lingxi_service::sessions: normal submission to a busy session rejected (session_busy; retryable) session_id="sess_local_alpha"
2026-09-29T13:13:25.248227Z  INFO lingxi_service: request handled request_id=req-afb998cfec5d2f51e5d1fe0ef97b5892 method=POST path=/lingxi/v1/sessions/sess_local_alpha/execute status=409
2026-09-29T13:13:25.248438Z  INFO lingxi_service::sessions: normal submission to a busy session rejected (session_busy; retryable) session_id="sess_local_alpha"
2026-09-29T13:13:25.248454Z  INFO lingxi_service::sessions: normal submission to a busy session rejected (session_busy; retryable) session_id="sess_local_alpha"
2026-09-29T13:13:25.248443Z  INFO lingxi_service::sessions: normal submission to a busy session rejected (session_busy; retryable) session_id="sess_local_alpha"
2026-09-29T13:13:25.248426Z  INFO lingxi_service::sessions: run settled through the single finalize path run_id=run_000001a0ed4c71ff_0000b4 session_id="sess_local_alpha" outcome=completed.no_final.no_provider_configured input_chars=17
2026-09-29T13:13:25.248517Z  INFO lingxi_service: request handled request_id=req-5450115db6a958a2b5f15232bb4a7be4 method=POST path=/lingxi/v1/sessions/sess_local_alpha/execute status=409
2026-09-29T13:13:25.248528Z  INFO lingxi_service: request handled request_id=req-9331015de37f98655e64df2f1744cab1 method=POST path=/lingxi/v1/sessions/sess_local_alpha/execute status=409
2026-09-29T13:13:25.248561Z  INFO lingxi_service: request handled request_id=req-6cfb4b485f38e4f1e53f982b2e9ccb5a method=POST path=/lingxi/v1/sessions/sess_local_alpha/execute status=409
2026-09-29T13:13:25.248615Z  INFO lingxi_service: request handled request_id=req-14c42460c2eb5440101dbb99d954bbd9 method=POST path=/lingxi/v1/sessions/sess_local_alpha/execute status=200
2026-09-29T13:13:25.249095Z  INFO lingxi_service::sessions: normal submission to a busy session rejected (session_busy; retryable) session_id="sess_local_alpha"
2026-09-29T13:13:25.249217Z  INFO lingxi_service: request handled request_id=req-24e2609df8e9a4c89a6a37a633ab0515 method=POST path=/lingxi/v1/sessions/sess_local_alpha/execute status=409
2026-09-29T13:13:25.249260Z  INFO lingxi_service::sessions: normal submission to a busy session rejected (session_busy; retryable) session_id="sess_local_alpha"
2026-09-29T13:13:25.249250Z  INFO lingxi_service::sessions: run settled through the single finalize path run_id=run_000001a0ed4c7200_0000b5 session_id="sess_local_alpha" outcome=completed.no_final.no_provider_configured input_chars=17
2026-09-29T13:13:25.249300Z  INFO lingxi_service::sessions: normal submission to a busy session rejected (session_busy; retryable) session_id="sess_local_alpha"
2026-09-29T13:13:25.249348Z  INFO lingxi_service: request handled request_id=req-770a2d7d0c96a5d130d33283ce77c194 method=POST path=/lingxi/v1/sessions/sess_local_alpha/execute status=409
2026-09-29T13:13:25.249384Z  INFO lingxi_service::sessions: normal submission to a busy session rejected (session_busy; retryable) session_id="sess_local_alpha"
2026-09-29T13:13:25.249430Z  INFO lingxi_service: request handled request_id=req-ea79d8460e5f23b5b65ee69af167f861 method=POST path=/lingxi/v1/sessions/sess_local_alpha/execute status=409
2026-09-29T13:13:25.249435Z  INFO lingxi_service: request handled request_id=req-caedde734e2d9ecd8df4aa5981c29ebd method=POST path=/lingxi/v1/sessions/sess_local_alpha/execute status=200
2026-09-29T13:13:25.249485Z  INFO lingxi_service: request handled request_id=req-99e929315b17a12bb557560dd65e8336 method=POST path=/lingxi/v1/sessions/sess_local_alpha/execute status=409
2026-09-29T13:13:25.250007Z  INFO lingxi_service::sessions: run settled through the single finalize path run_id=run_000001a0ed4c7201_0000b6 session_id="sess_local_alpha" outcome=completed.no_final.no_provider_configured input_chars=17
2026-09-29T13:13:25.250132Z  INFO lingxi_service: request handled request_id=req-0c82804972dcce712acad74057bb5ac4 method=POST path=/lingxi/v1/sessions/sess_local_alpha/execute status=200
2026-09-29T13:13:25.251044Z  INFO lingxi_service::sessions: normal submission to a busy session rejected (session_busy; retryable) session_id="sess_local_alpha"
2026-09-29T13:13:25.251155Z  INFO lingxi_service: request handled request_id=req-5f8dc77b9e9df22cf7caf4a6900f212a method=POST path=/lingxi/v1/sessions/sess_local_alpha/execute status=409
2026-09-29T13:13:25.251383Z  INFO lingxi_service::sessions: normal submission to a busy session rejected (session_busy; retryable) session_id="sess_local_alpha"
2026-09-29T13:13:25.251377Z  INFO lingxi_service::sessions: run settled through the single finalize path run_id=run_000001a0ed4c7202_0000b7 session_id="sess_local_alpha" outcome=completed.no_final.no_provider_configured input_chars=17
2026-09-29T13:13:25.251426Z  INFO lingxi_service::sessions: normal submission to a busy session rejected (session_busy; retryable) session_id="sess_local_alpha"
2026-09-29T13:13:25.251453Z  INFO lingxi_service::sessions: normal submission to a busy session rejected (session_busy; retryable) session_id="sess_local_alpha"
2026-09-29T13:13:25.251463Z  INFO lingxi_service: request handled request_id=req-eac803190a6db34f4d8b3a737eaebf25 method=POST path=/lingxi/v1/sessions/sess_local_alpha/execute status=409
2026-09-29T13:13:25.251409Z  INFO lingxi_service::sessions: normal submission to a busy session rejected (session_busy; retryable) session_id="sess_local_alpha"
2026-09-29T13:13:25.251392Z  INFO lingxi_service::sessions: normal submission to a busy session rejected (session_busy; retryable) session_id="sess_local_alpha"
2026-09-29T13:13:25.251542Z  INFO lingxi_service: request handled request_id=req-bf57fdc7eaba18b77ec0509af6ef1068 method=POST path=/lingxi/v1/sessions/sess_local_alpha/execute status=409
2026-09-29T13:13:25.251553Z  INFO lingxi_service: request handled request_id=req-d3b75da2af2011dda40077f985465162 method=POST path=/lingxi/v1/sessions/sess_local_alpha/execute status=200
2026-09-29T13:13:25.251556Z  INFO lingxi_service: request handled request_id=req-4fc78b1866414d6cee03429d61bac6f8 method=POST path=/lingxi/v1/sessions/sess_local_alpha/execute status=409
2026-09-29T13:13:25.251579Z  INFO lingxi_service: request handled request_id=req-000a70588be399a5c2ceda49c9657d9a method=POST path=/lingxi/v1/sessions/sess_local_alpha/execute status=409
2026-09-29T13:13:25.251603Z  INFO lingxi_service: request handled request_id=req-b2353c768cc2c3dfbccbe84754c0a516 method=POST path=/lingxi/v1/sessions/sess_local_alpha/execute status=409
2026-09-29T13:13:25.252029Z  INFO lingxi_service::sessions: run settled through the single finalize path run_id=run_000001a0ed4c7203_0000b8 session_id="sess_local_alpha" outcome=completed.no_final.no_provider_configured input_chars=17
2026-09-29T13:13:25.252156Z  INFO lingxi_service: request handled request_id=req-08d0183783b0891374493c561f7507eb method=POST path=/lingxi/v1/sessions/sess_local_alpha/execute status=200
2026-09-29T13:13:25.252492Z  INFO lingxi_service::sessions: normal submission to a busy session rejected (session_busy; retryable) session_id="sess_local_alpha"
2026-09-29T13:13:25.252567Z  INFO lingxi_service: request handled request_id=req-e744c88ccb89a05e5a9269475017becd method=POST path=/lingxi/v1/sessions/sess_local_alpha/execute status=409
2026-09-29T13:13:25.252718Z  INFO lingxi_service::sessions: normal submission to a busy session rejected (session_busy; retryable) session_id="sess_local_alpha"
2026-09-29T13:13:25.252805Z  INFO lingxi_service: request handled request_id=req-7a6fa73b48c0b63363e1b005d2df16f5 method=POST path=/lingxi/v1/sessions/sess_local_alpha/execute status=409
2026-09-29T13:13:25.252844Z  INFO lingxi_service::sessions: normal submission to a busy session rejected (session_busy; retryable) session_id="sess_local_alpha"
2026-09-29T13:13:25.252938Z  INFO lingxi_service: request handled request_id=req-7892c9804d7fa7aeb3f82e6d83113bd9 method=POST path=/lingxi/v1/sessions/sess_local_alpha/execute status=409
2026-09-29T13:13:25.252995Z  INFO lingxi_service::sessions: run settled through the single finalize path run_id=run_000001a0ed4c7204_0000b9 session_id="sess_local_alpha" outcome=completed.no_final.no_provider_configured input_chars=17
2026-09-29T13:13:25.253118Z  INFO lingxi_service: request handled request_id=req-bb34b2075ec6d1758a114006e1605a39 method=POST path=/lingxi/v1/sessions/sess_local_alpha/execute status=200
2026-09-29T13:13:25.253928Z  INFO lingxi_service::sessions: normal submission to a busy session rejected (session_busy; retryable) session_id="sess_local_alpha"
2026-09-29T13:13:25.253937Z  INFO lingxi_service::sessions: normal submission to a busy session rejected (session_busy; retryable) session_id="sess_local_alpha"
2026-09-29T13:13:25.254017Z  INFO lingxi_service: request handled request_id=req-4a5c8585029d24c99d44661fb33a67ef method=POST path=/lingxi/v1/sessions/sess_local_alpha/execute status=409
2026-09-29T13:13:25.254043Z  INFO lingxi_service: request handled request_id=req-f3ba5db1fc17b292fce51463b120d822 method=POST path=/lingxi/v1/sessions/sess_local_alpha/execute status=409
2026-09-29T13:13:25.254232Z  INFO lingxi_service::sessions: normal submission to a busy session rejected (session_busy; retryable) session_id="sess_local_alpha"
2026-09-29T13:13:25.254229Z  INFO lingxi_service::sessions: run settled through the single finalize path run_id=run_000001a0ed4c7205_0000ba session_id="sess_local_alpha" outcome=completed.no_final.no_provider_configured input_chars=17
2026-09-29T13:13:25.254246Z  INFO lingxi_service::sessions: normal submission to a busy session rejected (session_busy; retryable) session_id="sess_local_alpha"
2026-09-29T13:13:25.254256Z  INFO lingxi_service::sessions: normal submission to a busy session rejected (session_busy; retryable) session_id="sess_local_alpha"
2026-09-29T13:13:25.254311Z  INFO lingxi_service: request handled request_id=req-8b744a8ac5dc621a6864f6ef7aed48a4 method=POST path=/lingxi/v1/sessions/sess_local_alpha/execute status=409
2026-09-29T13:13:25.254348Z  INFO lingxi_service::sessions: normal submission to a busy session rejected (session_busy; retryable) session_id="sess_local_alpha"
2026-09-29T13:13:25.254397Z  INFO lingxi_service: request handled request_id=req-9e0c1deefdde2676c5727e8e4818b5d6 method=POST path=/lingxi/v1/sessions/sess_local_alpha/execute status=409
2026-09-29T13:13:25.254405Z  INFO lingxi_service: request handled request_id=req-898a026f540493d4d3e37999d0c0159f method=POST path=/lingxi/v1/sessions/sess_local_alpha/execute status=409
2026-09-29T13:13:25.254408Z  INFO lingxi_service: request handled request_id=req-dfccdb53986e21ed465dd1e8d376d5a7 method=POST path=/lingxi/v1/sessions/sess_local_alpha/execute status=200
2026-09-29T13:13:25.254437Z  INFO lingxi_service: request handled request_id=req-fef2ea6dea40446cc10eddec2669fcee method=POST path=/lingxi/v1/sessions/sess_local_alpha/execute status=409
2026-09-29T13:13:25.254777Z  INFO lingxi_service::sessions: normal submission to a busy session rejected (session_busy; retryable) session_id="sess_local_alpha"
2026-09-29T13:13:25.254858Z  INFO lingxi_service: request handled request_id=req-3dbd080c3bc55b2b06861b82ef50ab18 method=POST path=/lingxi/v1/sessions/sess_local_alpha/execute status=409
2026-09-29T13:13:25.255073Z  INFO lingxi_service::sessions: normal submission to a busy session rejected (session_busy; retryable) session_id="sess_local_alpha"
2026-09-29T13:13:25.255071Z  INFO lingxi_service::sessions: run settled through the single finalize path run_id=run_000001a0ed4c7206_0000bb session_id="sess_local_alpha" outcome=completed.no_final.no_provider_configured input_chars=17
2026-09-29T13:13:25.255153Z  INFO lingxi_service: request handled request_id=req-e41d4699411227a4f64b72b7ce17bb7a method=POST path=/lingxi/v1/sessions/sess_local_alpha/execute status=409
2026-09-29T13:13:25.255200Z  INFO lingxi_service: request handled request_id=req-2b51d2c480cffa90e3bb646e31159b06 method=POST path=/lingxi/v1/sessions/sess_local_alpha/execute status=200
2026-09-29T13:13:25.255509Z  INFO lingxi_service::sessions: normal submission to a busy session rejected (session_busy; retryable) session_id="sess_local_alpha"
2026-09-29T13:13:25.255588Z  INFO lingxi_service: request handled request_id=req-8bec9f17797bc3f6382d4a460b2045c3 method=POST path=/lingxi/v1/sessions/sess_local_alpha/execute status=409
2026-09-29T13:13:25.255723Z  INFO lingxi_service::sessions: run settled through the single finalize path run_id=run_000001a0ed4c7207_0000bc session_id="sess_local_alpha" outcome=completed.no_final.no_provider_configured input_chars=17
2026-09-29T13:13:25.255835Z  INFO lingxi_service: request handled request_id=req-bed56ddafb0bbb83aa545be1b2d8ebe7 method=POST path=/lingxi/v1/sessions/sess_local_alpha/execute status=200
2026-09-29T13:13:25.256650Z  INFO lingxi_service::sessions: normal submission to a busy session rejected (session_busy; retryable) session_id="sess_local_alpha"
2026-09-29T13:13:25.256726Z  INFO lingxi_service: request handled request_id=req-b47ec39cb05300436456a4e057f4d7d0 method=POST path=/lingxi/v1/sessions/sess_local_alpha/execute status=409
2026-09-29T13:13:25.256879Z  INFO lingxi_service::sessions: normal submission to a busy session rejected (session_busy; retryable) session_id="sess_local_alpha"
2026-09-29T13:13:25.256951Z  INFO lingxi_service: request handled request_id=req-edbca5edc210e438222459e8baa09728 method=POST path=/lingxi/v1/sessions/sess_local_alpha/execute status=409
2026-09-29T13:13:25.257154Z  INFO lingxi_service::sessions: normal submission to a busy session rejected (session_busy; retryable) session_id="sess_local_alpha"
2026-09-29T13:13:25.257148Z  INFO lingxi_service::sessions: run settled through the single finalize path run_id=run_000001a0ed4c7208_0000bd session_id="sess_local_alpha" outcome=completed.no_final.no_provider_configured input_chars=17
2026-09-29T13:13:25.257164Z  INFO lingxi_service::sessions: normal submission to a busy session rejected (session_busy; retryable) session_id="sess_local_alpha"
2026-09-29T13:13:25.257228Z  INFO lingxi_service: request handled request_id=req-b07dd0ffc61b9d87cd46386ba95d9344 method=POST path=/lingxi/v1/sessions/sess_local_alpha/execute status=409
2026-09-29T13:13:25.257274Z  INFO lingxi_service: request handled request_id=req-e8e0a6db793ad64f8264346896e05095 method=POST path=/lingxi/v1/sessions/sess_local_alpha/execute status=409
2026-09-29T13:13:25.257278Z  INFO lingxi_service: request handled request_id=req-6a46e3a7cc7100e49272c10a62137f52 method=POST path=/lingxi/v1/sessions/sess_local_alpha/execute status=200
2026-09-29T13:13:25.257493Z  INFO lingxi_service::sessions: normal submission to a busy session rejected (session_busy; retryable) session_id="sess_local_alpha"
2026-09-29T13:13:25.257559Z  INFO lingxi_service: request handled request_id=req-24bc7be3975a20656a43995f70bafc7b method=POST path=/lingxi/v1/sessions/sess_local_alpha/execute status=409
2026-09-29T13:13:25.257979Z  INFO lingxi_service::sessions: run settled through the single finalize path run_id=run_000001a0ed4c7209_0000be session_id="sess_local_alpha" outcome=completed.no_final.no_provider_configured input_chars=17
2026-09-29T13:13:25.258010Z  INFO lingxi_service::sessions: normal submission to a busy session rejected (session_busy; retryable) session_id="sess_local_alpha"
2026-09-29T13:13:25.258069Z  INFO lingxi_service::sessions: normal submission to a busy session rejected (session_busy; retryable) session_id="sess_local_alpha"
2026-09-29T13:13:25.258085Z  INFO lingxi_service: request handled request_id=req-8a94995cd14d55e93774e422ee7eb60b method=POST path=/lingxi/v1/sessions/sess_local_alpha/execute status=409
2026-09-29T13:13:25.258110Z  INFO lingxi_service: request handled request_id=req-e0a68d6312ba908ca51533894e0a8300 method=POST path=/lingxi/v1/sessions/sess_local_alpha/execute status=200
2026-09-29T13:13:25.258138Z  INFO lingxi_service: request handled request_id=req-a96dd99d7a62a90a0ffa062d8f7f9958 method=POST path=/lingxi/v1/sessions/sess_local_alpha/execute status=409
2026-09-29T13:13:25.258622Z  INFO lingxi_service::sessions: normal submission to a busy session rejected (session_busy; retryable) session_id="sess_local_alpha"
2026-09-29T13:13:25.258718Z  INFO lingxi_service: request handled request_id=req-95214aa7f3c2d329403b04b2fe7094d0 method=POST path=/lingxi/v1/sessions/sess_local_alpha/execute status=409
2026-09-29T13:13:25.258877Z  INFO lingxi_service::sessions: run settled through the single finalize path run_id=run_000001a0ed4c720a_0000bf session_id="sess_local_alpha" outcome=completed.no_final.no_provider_configured input_chars=17
2026-09-29T13:13:25.258960Z  INFO lingxi_service::sessions: normal submission to a busy session rejected (session_busy; retryable) session_id="sess_local_alpha"
2026-09-29T13:13:25.258971Z  INFO lingxi_service::sessions: normal submission to a busy session rejected (session_busy; retryable) session_id="sess_local_alpha"
2026-09-29T13:13:25.259006Z  INFO lingxi_service: request handled request_id=req-22f5cd558e977b6de0d1ad99d4a95b54 method=POST path=/lingxi/v1/sessions/sess_local_alpha/execute status=200
2026-09-29T13:13:25.259030Z  INFO lingxi_service: request handled request_id=req-6ec9e1c180b11bb0e3ef75ce18524d95 method=POST path=/lingxi/v1/sessions/sess_local_alpha/execute status=409
2026-09-29T13:13:25.259045Z  INFO lingxi_service: request handled request_id=req-e48256d0f9b130ecfe67e44a102b81c1 method=POST path=/lingxi/v1/sessions/sess_local_alpha/execute status=409
2026-09-29T13:13:25.259315Z  INFO lingxi_service::sessions: normal submission to a busy session rejected (session_busy; retryable) session_id="sess_local_alpha"
2026-09-29T13:13:25.259395Z  INFO lingxi_service: request handled request_id=req-5ff701085406bab797baf4f721c6eaba method=POST path=/lingxi/v1/sessions/sess_local_alpha/execute status=409
2026-09-29T13:13:25.259431Z  INFO lingxi_service::sessions: normal submission to a busy session rejected (session_busy; retryable) session_id="sess_local_alpha"
2026-09-29T13:13:25.259515Z  INFO lingxi_service: request handled request_id=req-dc20c44b304f617545aa94bbd859069e method=POST path=/lingxi/v1/sessions/sess_local_alpha/execute status=409
2026-09-29T13:13:25.259597Z  INFO lingxi_service::sessions: normal submission to a busy session rejected (session_busy; retryable) session_id="sess_local_alpha"
2026-09-29T13:13:25.259582Z  INFO lingxi_service::sessions: run settled through the single finalize path run_id=run_000001a0ed4c720b_0000c0 session_id="sess_local_alpha" outcome=completed.no_final.no_provider_configured input_chars=17
2026-09-29T13:13:25.259672Z  INFO lingxi_service: request handled request_id=req-53684a8d7c94b56aa7a5ee95abe4a75b method=POST path=/lingxi/v1/sessions/sess_local_alpha/execute status=409
2026-09-29T13:13:25.259718Z  INFO lingxi_service: request handled request_id=req-753bd4bb59f4fa27059c2284e29f4fb8 method=POST path=/lingxi/v1/sessions/sess_local_alpha/execute status=200
2026-09-29T13:13:25.260314Z  INFO lingxi_service::sessions: run settled through the single finalize path run_id=run_000001a0ed4c720b_0000c1 session_id="sess_local_alpha" outcome=completed.no_final.no_provider_configured input_chars=17
2026-09-29T13:13:25.260326Z  INFO lingxi_service::sessions: normal submission to a busy session rejected (session_busy; retryable) session_id="sess_local_alpha"
2026-09-29T13:13:25.260412Z  INFO lingxi_service::sessions: normal submission to a busy session rejected (session_busy; retryable) session_id="sess_local_alpha"
2026-09-29T13:13:25.260458Z  INFO lingxi_service: request handled request_id=req-1041ca8df0150968596303daf87a84f8 method=POST path=/lingxi/v1/sessions/sess_local_alpha/execute status=409
2026-09-29T13:13:25.260466Z  INFO lingxi_service: request handled request_id=req-b70966eae34359367d0d6cace40e4cf7 method=POST path=/lingxi/v1/sessions/sess_local_alpha/execute status=200
2026-09-29T13:13:25.260548Z  INFO lingxi_service: request handled request_id=req-e3b40ce7f323e3c650a7ed456c1cfb45 method=POST path=/lingxi/v1/sessions/sess_local_alpha/execute status=409
2026-09-29T13:13:25.260641Z  INFO lingxi_service::sessions: normal submission to a busy session rejected (session_busy; retryable) session_id="sess_local_alpha"
2026-09-29T13:13:25.260728Z  INFO lingxi_service: request handled request_id=req-410299461bbfc2b6f4b5c86177f22c57 method=POST path=/lingxi/v1/sessions/sess_local_alpha/execute status=409
2026-09-29T13:13:25.260846Z  INFO lingxi_service::sessions: normal submission to a busy session rejected (session_busy; retryable) session_id="sess_local_alpha"
2026-09-29T13:13:25.260858Z  INFO lingxi_service::sessions: normal submission to a busy session rejected (session_busy; retryable) session_id="sess_local_alpha"
2026-09-29T13:13:25.260922Z  INFO lingxi_service: request handled request_id=req-e4cdce3b4dd9dfb48c7396054f806928 method=POST path=/lingxi/v1/sessions/sess_local_alpha/execute status=409
2026-09-29T13:13:25.260938Z  INFO lingxi_service: request handled request_id=req-5adedf77b5f044bc74a6ef6a9e639744 method=POST path=/lingxi/v1/sessions/sess_local_alpha/execute status=409
2026-09-29T13:13:25.261127Z  INFO lingxi_service::sessions: run settled through the single finalize path run_id=run_000001a0ed4c720c_0000c2 session_id="sess_local_alpha" outcome=completed.no_final.no_provider_configured input_chars=17
2026-09-29T13:13:25.261236Z  INFO lingxi_service: request handled request_id=req-b43d44cdec55f1e3c08d4c0bdbbe70c1 method=POST path=/lingxi/v1/sessions/sess_local_alpha/execute status=200
2026-09-29T13:13:25.262140Z  INFO lingxi_service::sessions: normal submission to a busy session rejected (session_busy; retryable) session_id="sess_local_alpha"
2026-09-29T13:13:25.262154Z  INFO lingxi_service::sessions: normal submission to a busy session rejected (session_busy; retryable) session_id="sess_local_alpha"
2026-09-29T13:13:25.262219Z  INFO lingxi_service: request handled request_id=req-79070bf0c0b3c977ce9a0bda4e7a1bb6 method=POST path=/lingxi/v1/sessions/sess_local_alpha/execute status=409
2026-09-29T13:13:25.262258Z  INFO lingxi_service::sessions: normal submission to a busy session rejected (session_busy; retryable) session_id="sess_local_alpha"
2026-09-29T13:13:25.262251Z  INFO lingxi_service: request handled request_id=req-46eed9f1901d1f686d76e775f1ad40ff method=POST path=/lingxi/v1/sessions/sess_local_alpha/execute status=409
2026-09-29T13:13:25.262354Z  INFO lingxi_service: request handled request_id=req-c4f470e5c7bc1afaa6e40e63130ac64c method=POST path=/lingxi/v1/sessions/sess_local_alpha/execute status=409
2026-09-29T13:13:25.262506Z  INFO lingxi_service::sessions: normal submission to a busy session rejected (session_busy; retryable) session_id="sess_local_alpha"
2026-09-29T13:13:25.262499Z  INFO lingxi_service::sessions: run settled through the single finalize path run_id=run_000001a0ed4c720d_0000c3 session_id="sess_local_alpha" outcome=completed.no_final.no_provider_configured input_chars=17
2026-09-29T13:13:25.262575Z  INFO lingxi_service::sessions: normal submission to a busy session rejected (session_busy; retryable) session_id="sess_local_alpha"
2026-09-29T13:13:25.262607Z  INFO lingxi_service: request handled request_id=req-4ab19ee5ce6ebbb42df552b3fac2c29f method=POST path=/lingxi/v1/sessions/sess_local_alpha/execute status=409
2026-09-29T13:13:25.262666Z  INFO lingxi_service: request handled request_id=req-e74bcda4c740ac912933bc07b474f842 method=POST path=/lingxi/v1/sessions/sess_local_alpha/execute status=200
2026-09-29T13:13:25.262680Z  INFO lingxi_service: request handled request_id=req-f7ec84841b323f268ecae101f6c02d55 method=POST path=/lingxi/v1/sessions/sess_local_alpha/execute status=409
2026-09-29T13:13:25.262830Z  INFO lingxi_service::sessions: normal submission to a busy session rejected (session_busy; retryable) session_id="sess_local_alpha"
2026-09-29T13:13:25.262904Z  INFO lingxi_service: request handled request_id=req-8007bfe150a6b523eaf2f2481cf822d5 method=POST path=/lingxi/v1/sessions/sess_local_alpha/execute status=409
2026-09-29T13:13:25.263013Z  INFO lingxi_service::sessions: normal submission to a busy session rejected (session_busy; retryable) session_id="sess_local_alpha"
2026-09-29T13:13:25.263104Z  INFO lingxi_service: request handled request_id=req-ab05c53997eab718a1fc6b1b70107224 method=POST path=/lingxi/v1/sessions/sess_local_alpha/execute status=409
2026-09-29T13:13:25.263257Z  INFO lingxi_service::sessions: run settled through the single finalize path run_id=run_000001a0ed4c720e_0000c4 session_id="sess_local_alpha" outcome=completed.no_final.no_provider_configured input_chars=17
2026-09-29T13:13:25.263381Z  INFO lingxi_service: request handled request_id=req-959622d34d1df0b3dd7460e01ca36370 method=POST path=/lingxi/v1/sessions/sess_local_alpha/execute status=200
2026-09-29T13:13:25.264007Z  INFO lingxi_service::sessions: normal submission to a busy session rejected (session_busy; retryable) session_id="sess_local_alpha"
2026-09-29T13:13:25.264023Z  INFO lingxi_service::sessions: normal submission to a busy session rejected (session_busy; retryable) session_id="sess_local_alpha"
2026-09-29T13:13:25.264110Z  INFO lingxi_service: request handled request_id=req-2e7ec3e95468f222ba8d68b5ccb69dac method=POST path=/lingxi/v1/sessions/sess_local_alpha/execute status=409
2026-09-29T13:13:25.264133Z  INFO lingxi_service: request handled request_id=req-2b37c69f345adcaff1be3639a497e3a9 method=POST path=/lingxi/v1/sessions/sess_local_alpha/execute status=409
2026-09-29T13:13:25.264298Z  INFO lingxi_service::sessions: run settled through the single finalize path run_id=run_000001a0ed4c720f_0000c5 session_id="sess_local_alpha" outcome=completed.no_final.no_provider_configured input_chars=17
2026-09-29T13:13:25.264331Z  INFO lingxi_service::sessions: normal submission to a busy session rejected (session_busy; retryable) session_id="sess_local_alpha"
2026-09-29T13:13:25.264337Z  INFO lingxi_service::sessions: normal submission to a busy session rejected (session_busy; retryable) session_id="sess_local_alpha"
2026-09-29T13:13:25.264357Z  INFO lingxi_service::sessions: normal submission to a busy session rejected (session_busy; retryable) session_id="sess_local_alpha"
2026-09-29T13:13:25.264368Z  INFO lingxi_service::sessions: normal submission to a busy session rejected (session_busy; retryable) session_id="sess_local_alpha"
2026-09-29T13:13:25.264410Z  INFO lingxi_service: request handled request_id=req-1c520de043bc6a9177b80dc5538ae5f1 method=POST path=/lingxi/v1/sessions/sess_local_alpha/execute status=409
2026-09-29T13:13:25.264416Z  INFO lingxi_service: request handled request_id=req-306780faf3f234706fb06b1754d82ce6 method=POST path=/lingxi/v1/sessions/sess_local_alpha/execute status=200
2026-09-29T13:13:25.264424Z  INFO lingxi_service: request handled request_id=req-d178f49703fa1a76ee4af43ffcd9b3b7 method=POST path=/lingxi/v1/sessions/sess_local_alpha/execute status=409
2026-09-29T13:13:25.264438Z  INFO lingxi_service: request handled request_id=req-a67b65d83c1727797e1bf6dbb0a0e6ff method=POST path=/lingxi/v1/sessions/sess_local_alpha/execute status=409
2026-09-29T13:13:25.264447Z  INFO lingxi_service: request handled request_id=req-92c74a324285545e9789598519bf20d7 method=POST path=/lingxi/v1/sessions/sess_local_alpha/execute status=409
2026-09-29T13:13:25.265457Z  INFO lingxi_service::sessions: normal submission to a busy session rejected (session_busy; retryable) session_id="sess_local_alpha"
2026-09-29T13:13:25.265552Z  INFO lingxi_service: request handled request_id=req-8f83a4c3d266ba9f8509c99bb92fc031 method=POST path=/lingxi/v1/sessions/sess_local_alpha/execute status=409
2026-09-29T13:13:25.265791Z  INFO lingxi_service::sessions: normal submission to a busy session rejected (session_busy; retryable) session_id="sess_local_alpha"
2026-09-29T13:13:25.265808Z  INFO lingxi_service::sessions: normal submission to a busy session rejected (session_busy; retryable) session_id="sess_local_alpha"
2026-09-29T13:13:25.265786Z  INFO lingxi_service::sessions: run settled through the single finalize path run_id=run_000001a0ed4c7211_0000c6 session_id="sess_local_alpha" outcome=completed.no_final.no_provider_configured input_chars=17
2026-09-29T13:13:25.265878Z  INFO lingxi_service: request handled request_id=req-cc2ddb50de2fadc73e1f680a5c005c26 method=POST path=/lingxi/v1/sessions/sess_local_alpha/execute status=409
2026-09-29T13:13:25.265894Z  INFO lingxi_service: request handled request_id=req-6f1068d0de5700bb3182c1009d5fa64d method=POST path=/lingxi/v1/sessions/sess_local_alpha/execute status=409
2026-09-29T13:13:25.265947Z  INFO lingxi_service: request handled request_id=req-c566211083da76c77ec197286c9f498e method=POST path=/lingxi/v1/sessions/sess_local_alpha/execute status=200
2026-09-29T13:13:25.265965Z  INFO lingxi_service::sessions: normal submission to a busy session rejected (session_busy; retryable) session_id="sess_local_alpha"
2026-09-29T13:13:25.266082Z  INFO lingxi_service: request handled request_id=req-7834e26e813632362775c4b5402d374d method=POST path=/lingxi/v1/sessions/sess_local_alpha/execute status=409
2026-09-29T13:13:25.266169Z  INFO lingxi_service::sessions: normal submission to a busy session rejected (session_busy; retryable) session_id="sess_local_alpha"
2026-09-29T13:13:25.266183Z  INFO lingxi_service::sessions: normal submission to a busy session rejected (session_busy; retryable) session_id="sess_local_alpha"
2026-09-29T13:13:25.266257Z  INFO lingxi_service: request handled request_id=req-2b115d195fc7979440bc6e7810164873 method=POST path=/lingxi/v1/sessions/sess_local_alpha/execute status=409
2026-09-29T13:13:25.266267Z  INFO lingxi_service: request handled request_id=req-ba12459d77e2d55c2a405bd52fe6c6a4 method=POST path=/lingxi/v1/sessions/sess_local_alpha/execute status=409
2026-09-29T13:13:25.266448Z  INFO lingxi_service::sessions: run settled through the single finalize path run_id=run_000001a0ed4c7211_0000c7 session_id="sess_local_alpha" outcome=completed.no_final.no_provider_configured input_chars=17
2026-09-29T13:13:25.266586Z  INFO lingxi_service: request handled request_id=req-e858d5b4b5b31a8f2874fd163173f532 method=POST path=/lingxi/v1/sessions/sess_local_alpha/execute status=200
2026-09-29T13:13:25.269551Z  INFO lingxi_service::sessions: normal submission to a busy session rejected (session_busy; retryable) session_id="sess_local_alpha"
2026-09-29T13:13:25.269561Z  INFO lingxi_service::sessions: normal submission to a busy session rejected (session_busy; retryable) session_id="sess_local_alpha"
2026-09-29T13:13:25.269682Z  INFO lingxi_service: request handled request_id=req-075315a5cb07033498bc20b8834efc15 method=POST path=/lingxi/v1/sessions/sess_local_alpha/execute status=409
2026-09-29T13:13:25.269729Z  INFO lingxi_service: request handled request_id=req-89c8d39ae9ae5f1cdddc4c89b4b64770 method=POST path=/lingxi/v1/sessions/sess_local_alpha/execute status=409
2026-09-29T13:13:25.269922Z  INFO lingxi_service::sessions: normal submission to a busy session rejected (session_busy; retryable) session_id="sess_local_alpha"
2026-09-29T13:13:25.269926Z  INFO lingxi_service::sessions: run settled through the single finalize path run_id=run_000001a0ed4c7215_0000c8 session_id="sess_local_alpha" outcome=completed.no_final.no_provider_configured input_chars=17
2026-09-29T13:13:25.269983Z  INFO lingxi_service::sessions: normal submission to a busy session rejected (session_busy; retryable) session_id="sess_local_alpha"
2026-09-29T13:13:25.270034Z  INFO lingxi_service::sessions: normal submission to a busy session rejected (session_busy; retryable) session_id="sess_local_alpha"
2026-09-29T13:13:25.270031Z  INFO lingxi_service: request handled request_id=req-fe385f199a8d3b802c441eb2dff236b8 method=POST path=/lingxi/v1/sessions/sess_local_alpha/execute status=409
2026-09-29T13:13:25.270090Z  INFO lingxi_service: request handled request_id=req-98b6655a0a0954e31bb6833a821f1a84 method=POST path=/lingxi/v1/sessions/sess_local_alpha/execute status=409
2026-09-29T13:13:25.270095Z  INFO lingxi_service: request handled request_id=req-53cb257694a7c3173a8d951b622343c5 method=POST path=/lingxi/v1/sessions/sess_local_alpha/execute status=200
2026-09-29T13:13:25.270134Z  INFO lingxi_service: request handled request_id=req-8f6085aad3534d4dbf3d0dd075495283 method=POST path=/lingxi/v1/sessions/sess_local_alpha/execute status=409
2026-09-29T13:13:25.270798Z  INFO lingxi_service::sessions: run settled through the single finalize path run_id=run_000001a0ed4c7216_0000c9 session_id="sess_local_alpha" outcome=completed.no_final.no_provider_configured input_chars=17
2026-09-29T13:13:25.270912Z  INFO lingxi_service: request handled request_id=req-e97b86cbcbd5f6ebd53e4d5c50a28996 method=POST path=/lingxi/v1/sessions/sess_local_alpha/execute status=200
2026-09-29T13:13:25.271183Z  INFO lingxi_service::sessions: normal submission to a busy session rejected (session_busy; retryable) session_id="sess_local_alpha"
2026-09-29T13:13:25.271189Z  INFO lingxi_service::sessions: normal submission to a busy session rejected (session_busy; retryable) session_id="sess_local_alpha"
2026-09-29T13:13:25.271312Z  INFO lingxi_service: request handled request_id=req-20826dee190beec9de05d0074ac40428 method=POST path=/lingxi/v1/sessions/sess_local_alpha/execute status=409
2026-09-29T13:13:25.271326Z  INFO lingxi_service: request handled request_id=req-4f5abd0dbc17ae85c84843716954db9b method=POST path=/lingxi/v1/sessions/sess_local_alpha/execute status=409
2026-09-29T13:13:25.271520Z  INFO lingxi_service::sessions: run settled through the single finalize path run_id=run_000001a0ed4c7216_0000ca session_id="sess_local_alpha" outcome=completed.no_final.no_provider_configured input_chars=17
2026-09-29T13:13:25.271525Z  INFO lingxi_service::sessions: normal submission to a busy session rejected (session_busy; retryable) session_id="sess_local_alpha"
2026-09-29T13:13:25.271647Z  INFO lingxi_service: request handled request_id=req-4bdd71abc7543dd51f9508f54a2e0411 method=POST path=/lingxi/v1/sessions/sess_local_alpha/execute status=409
2026-09-29T13:13:25.271656Z  INFO lingxi_service: request handled request_id=req-7c7dee673c3c061887788325f352bc22 method=POST path=/lingxi/v1/sessions/sess_local_alpha/execute status=200
2026-09-29T13:13:25.271961Z  INFO lingxi_service::sessions: normal submission to a busy session rejected (session_busy; retryable) session_id="sess_local_alpha"
2026-09-29T13:13:25.271971Z  INFO lingxi_service::sessions: normal submission to a busy session rejected (session_busy; retryable) session_id="sess_local_alpha"
2026-09-29T13:13:25.272067Z  INFO lingxi_service: request handled request_id=req-4e1329c1ad72d413c2fdeb02c2c27cc1 method=POST path=/lingxi/v1/sessions/sess_local_alpha/execute status=409
2026-09-29T13:13:25.272081Z  INFO lingxi_service: request handled request_id=req-fb12020db26c7d5bd5870726604031af method=POST path=/lingxi/v1/sessions/sess_local_alpha/execute status=409
2026-09-29T13:13:25.272243Z  INFO lingxi_service::sessions: run settled through the single finalize path run_id=run_000001a0ed4c7217_0000cb session_id="sess_local_alpha" outcome=completed.no_final.no_provider_configured input_chars=17
2026-09-29T13:13:25.272369Z  INFO lingxi_service: request handled request_id=req-f9c57ea0d62e81a2f276084aa670f57b method=POST path=/lingxi/v1/sessions/sess_local_alpha/execute status=200
2026-09-29T13:13:25.272835Z  INFO lingxi_service::sessions: normal submission to a busy session rejected (session_busy; retryable) session_id="sess_local_alpha"
2026-09-29T13:13:25.272945Z  INFO lingxi_service::sessions: normal submission to a busy session rejected (session_busy; retryable) session_id="sess_local_alpha"
2026-09-29T13:13:25.272959Z  INFO lingxi_service::sessions: normal submission to a busy session rejected (session_busy; retryable) session_id="sess_local_alpha"
2026-09-29T13:13:25.272961Z  INFO lingxi_service: request handled request_id=req-5d8fa89244d7c2744b7d7ef247758dcc method=POST path=/lingxi/v1/sessions/sess_local_alpha/execute status=409
2026-09-29T13:13:25.273032Z  INFO lingxi_service: request handled request_id=req-5e0535f69eabe1ee69ab4a362c0e95c6 method=POST path=/lingxi/v1/sessions/sess_local_alpha/execute status=409
2026-09-29T13:13:25.273046Z  INFO lingxi_service: request handled request_id=req-3a2c8c8c2c08fe4275559dc07a0ec651 method=POST path=/lingxi/v1/sessions/sess_local_alpha/execute status=409
2026-09-29T13:13:25.273143Z  INFO lingxi_service::sessions: normal submission to a busy session rejected (session_busy; retryable) session_id="sess_local_alpha"
2026-09-29T13:13:25.273140Z  INFO lingxi_service::sessions: run settled through the single finalize path run_id=run_000001a0ed4c7218_0000cc session_id="sess_local_alpha" outcome=completed.no_final.no_provider_configured input_chars=17
2026-09-29T13:13:25.273156Z  INFO lingxi_service::sessions: normal submission to a busy session rejected (session_busy; retryable) session_id="sess_local_alpha"
2026-09-29T13:13:25.273242Z  INFO lingxi_service: request handled request_id=req-451dc271210f9e13139e6480e5b04b96 method=POST path=/lingxi/v1/sessions/sess_local_alpha/execute status=409
2026-09-29T13:13:25.273282Z  INFO lingxi_service: request handled request_id=req-13f495989ddf2ef883e9b287e5b2745e method=POST path=/lingxi/v1/sessions/sess_local_alpha/execute status=409
2026-09-29T13:13:25.273299Z  INFO lingxi_service: request handled request_id=req-c67c7fe1af02df206288f1dcec916e88 method=POST path=/lingxi/v1/sessions/sess_local_alpha/execute status=200
2026-09-29T13:13:25.273928Z  INFO lingxi_service::sessions: normal submission to a busy session rejected (session_busy; retryable) session_id="sess_local_alpha"
2026-09-29T13:13:25.274006Z  INFO lingxi_service: request handled request_id=req-c4b332e8ae5b54a5526d5f489227af42 method=POST path=/lingxi/v1/sessions/sess_local_alpha/execute status=409
2026-09-29T13:13:25.274080Z  INFO lingxi_service::sessions: normal submission to a busy session rejected (session_busy; retryable) session_id="sess_local_alpha"
2026-09-29T13:13:25.274190Z  INFO lingxi_service: request handled request_id=req-0d31fc24d6bfcce06ca5717fdc2e3416 method=POST path=/lingxi/v1/sessions/sess_local_alpha/execute status=409
2026-09-29T13:13:25.274239Z  INFO lingxi_service::sessions: run settled through the single finalize path run_id=run_000001a0ed4c7219_0000cd session_id="sess_local_alpha" outcome=completed.no_final.no_provider_configured input_chars=17
2026-09-29T13:13:25.274272Z  INFO lingxi_service::sessions: normal submission to a busy session rejected (session_busy; retryable) session_id="sess_local_alpha"
2026-09-29T13:13:25.274346Z  INFO lingxi_service: request handled request_id=req-e288d265735885eedfbe1942ed203a56 method=POST path=/lingxi/v1/sessions/sess_local_alpha/execute status=409
2026-09-29T13:13:25.274363Z  INFO lingxi_service: request handled request_id=req-ad4ff557186bead62c2120a84069e593 method=POST path=/lingxi/v1/sessions/sess_local_alpha/execute status=200
2026-09-29T13:13:25.275404Z  INFO lingxi_service::sessions: normal submission to a busy session rejected (session_busy; retryable) session_id="sess_local_alpha"
2026-09-29T13:13:25.275498Z  INFO lingxi_service: request handled request_id=req-40f057fbb5e9617a3a9061a0a1aa1d60 method=POST path=/lingxi/v1/sessions/sess_local_alpha/execute status=409
2026-09-29T13:13:25.275529Z  INFO lingxi_service::sessions: normal submission to a busy session rejected (session_busy; retryable) session_id="sess_local_alpha"
2026-09-29T13:13:25.275615Z  INFO lingxi_service: request handled request_id=req-119a9de670b71f443fa39cb06dd9a724 method=POST path=/lingxi/v1/sessions/sess_local_alpha/execute status=409
2026-09-29T13:13:25.275712Z  INFO lingxi_service::sessions: normal submission to a busy session rejected (session_busy; retryable) session_id="sess_local_alpha"
2026-09-29T13:13:25.275731Z  INFO lingxi_service::sessions: normal submission to a busy session rejected (session_busy; retryable) session_id="sess_local_alpha"
2026-09-29T13:13:25.275724Z  INFO lingxi_service::sessions: normal submission to a busy session rejected (session_busy; retryable) session_id="sess_local_alpha"
2026-09-29T13:13:25.275704Z  INFO lingxi_service::sessions: run settled through the single finalize path run_id=run_000001a0ed4c721b_0000ce session_id="sess_local_alpha" outcome=completed.no_final.no_provider_configured input_chars=17
2026-09-29T13:13:25.275798Z  INFO lingxi_service: request handled request_id=req-aabeaf87df729be11a830f51c091f77b method=POST path=/lingxi/v1/sessions/sess_local_alpha/execute status=409
2026-09-29T13:13:25.275827Z  INFO lingxi_service: request handled request_id=req-4ef1770d7aebe91d4f56b74ecbfc60af method=POST path=/lingxi/v1/sessions/sess_local_alpha/execute status=409
2026-09-29T13:13:25.275850Z  INFO lingxi_service: request handled request_id=req-43423a2405a5bc11bd4d232ec6e90abd method=POST path=/lingxi/v1/sessions/sess_local_alpha/execute status=409
2026-09-29T13:13:25.275916Z  INFO lingxi_service: request handled request_id=req-b80b54852a51f106aec9b0660dba055e method=POST path=/lingxi/v1/sessions/sess_local_alpha/execute status=200
2026-09-29T13:13:25.276592Z  INFO lingxi_service::sessions: normal submission to a busy session rejected (session_busy; retryable) session_id="sess_local_alpha"
2026-09-29T13:13:25.276594Z  INFO lingxi_service::sessions: normal submission to a busy session rejected (session_busy; retryable) session_id="sess_local_alpha"
2026-09-29T13:13:25.276609Z  INFO lingxi_service::sessions: normal submission to a busy session rejected (session_busy; retryable) session_id="sess_local_alpha"
2026-09-29T13:13:25.276675Z  INFO lingxi_service: request handled request_id=req-372ddd8a5050ab33ace259c1c5de301c method=POST path=/lingxi/v1/sessions/sess_local_alpha/execute status=409
2026-09-29T13:13:25.276694Z  INFO lingxi_service: request handled request_id=req-75bc59efffde250e07513c1ad097cc86 method=POST path=/lingxi/v1/sessions/sess_local_alpha/execute status=409
2026-09-29T13:13:25.276731Z  INFO lingxi_service: request handled request_id=req-c36e6190199f117988a8a351f113df6b method=POST path=/lingxi/v1/sessions/sess_local_alpha/execute status=409
2026-09-29T13:13:25.276966Z  INFO lingxi_service::sessions: normal submission to a busy session rejected (session_busy; retryable) session_id="sess_local_alpha"
2026-09-29T13:13:25.276960Z  INFO lingxi_service::sessions: run settled through the single finalize path run_id=run_000001a0ed4c721b_0000cf session_id="sess_local_alpha" outcome=completed.no_final.no_provider_configured input_chars=17
2026-09-29T13:13:25.276993Z  INFO lingxi_service::sessions: normal submission to a busy session rejected (session_busy; retryable) session_id="sess_local_alpha"
2026-09-29T13:13:25.277079Z  INFO lingxi_service: request handled request_id=req-c9e6f6953e62d12d66cae089c149a471 method=POST path=/lingxi/v1/sessions/sess_local_alpha/execute status=409
2026-09-29T13:13:25.277091Z  INFO lingxi_service: request handled request_id=req-58f7917bd0337056d43da7eaa0e612c0 method=POST path=/lingxi/v1/sessions/sess_local_alpha/execute status=409
2026-09-29T13:13:25.277110Z  INFO lingxi_service: request handled request_id=req-29680f287ff9769a26b92be605b0a47e method=POST path=/lingxi/v1/sessions/sess_local_alpha/execute status=200
2026-09-29T13:13:25.277462Z  INFO lingxi_service::sessions: normal submission to a busy session rejected (session_busy; retryable) session_id="sess_local_alpha"
2026-09-29T13:13:25.277554Z  INFO lingxi_service: request handled request_id=req-bda16f566f697537f9a8bee7ac42fae7 method=POST path=/lingxi/v1/sessions/sess_local_alpha/execute status=409
2026-09-29T13:13:25.277721Z  INFO lingxi_service::sessions: run settled through the single finalize path run_id=run_000001a0ed4c721d_0000d0 session_id="sess_local_alpha" outcome=completed.no_final.no_provider_configured input_chars=17
2026-09-29T13:13:25.277852Z  INFO lingxi_service: request handled request_id=req-f885d492f69e6af174cd0186ad5ad1f2 method=POST path=/lingxi/v1/sessions/sess_local_alpha/execute status=200
2026-09-29T13:13:25.278081Z  INFO lingxi_service::sessions: normal submission to a busy session rejected (session_busy; retryable) session_id="sess_local_alpha"
2026-09-29T13:13:25.278162Z  INFO lingxi_service: request handled request_id=req-bfe08e56ec7dc5dd98ea87c0d496c50c method=POST path=/lingxi/v1/sessions/sess_local_alpha/execute status=409
2026-09-29T13:13:25.278342Z  INFO lingxi_service::sessions: run settled through the single finalize path run_id=run_000001a0ed4c721d_0000d1 session_id="sess_local_alpha" outcome=completed.no_final.no_provider_configured input_chars=17
2026-09-29T13:13:25.278460Z  INFO lingxi_service: request handled request_id=req-5f2d0984fc7b72b9a7a7af661e01bf81 method=POST path=/lingxi/v1/sessions/sess_local_alpha/execute status=200
2026-09-29T13:13:25.278755Z  INFO lingxi_service::sessions: normal submission to a busy session rejected (session_busy; retryable) session_id="sess_local_alpha"
2026-09-29T13:13:25.278768Z  INFO lingxi_service::sessions: normal submission to a busy session rejected (session_busy; retryable) session_id="sess_local_alpha"
2026-09-29T13:13:25.278856Z  INFO lingxi_service: request handled request_id=req-4af45bc746c08da34ece9101225ff990 method=POST path=/lingxi/v1/sessions/sess_local_alpha/execute status=409
2026-09-29T13:13:25.278885Z  INFO lingxi_service: request handled request_id=req-cdd0d1b83b23f6e006257d3397d80243 method=POST path=/lingxi/v1/sessions/sess_local_alpha/execute status=409
2026-09-29T13:13:25.279072Z  INFO lingxi_service::sessions: normal submission to a busy session rejected (session_busy; retryable) session_id="sess_local_alpha"
2026-09-29T13:13:25.279088Z  INFO lingxi_service::sessions: normal submission to a busy session rejected (session_busy; retryable) session_id="sess_local_alpha"
2026-09-29T13:13:25.279068Z  INFO lingxi_service::sessions: run settled through the single finalize path run_id=run_000001a0ed4c721e_0000d2 session_id="sess_local_alpha" outcome=completed.no_final.no_provider_configured input_chars=17
2026-09-29T13:13:25.279161Z  INFO lingxi_service: request handled request_id=req-df0ff9b76f1313014f4f447f019b3294 method=POST path=/lingxi/v1/sessions/sess_local_alpha/execute status=409
2026-09-29T13:13:25.279187Z  INFO lingxi_service: request handled request_id=req-06fed9bdd9e3d408f58f0b39437045b7 method=POST path=/lingxi/v1/sessions/sess_local_alpha/execute status=409
2026-09-29T13:13:25.279232Z  INFO lingxi_service: request handled request_id=req-68c5850e668f31390fc55c32bdca2e33 method=POST path=/lingxi/v1/sessions/sess_local_alpha/execute status=200
2026-09-29T13:13:25.279787Z  INFO lingxi_service::sessions: run settled through the single finalize path run_id=run_000001a0ed4c721f_0000d3 session_id="sess_local_alpha" outcome=completed.no_final.no_provider_configured input_chars=17
2026-09-29T13:13:25.279803Z  INFO lingxi_service::sessions: normal submission to a busy session rejected (session_busy; retryable) session_id="sess_local_alpha"
2026-09-29T13:13:25.279809Z  INFO lingxi_service::sessions: normal submission to a busy session rejected (session_busy; retryable) session_id="sess_local_alpha"
2026-09-29T13:13:25.279886Z  INFO lingxi_service: request handled request_id=req-93fe8fddbd8ca68e56d05cfedf8170a5 method=POST path=/lingxi/v1/sessions/sess_local_alpha/execute status=409
2026-09-29T13:13:25.279897Z  INFO lingxi_service: request handled request_id=req-6f086c5c7ef0cd67505682e79bab1f09 method=POST path=/lingxi/v1/sessions/sess_local_alpha/execute status=409
2026-09-29T13:13:25.279904Z  INFO lingxi_service: request handled request_id=req-09cb76bf90f7440b039707cda6e3e8ef method=POST path=/lingxi/v1/sessions/sess_local_alpha/execute status=200
2026-09-29T13:13:25.280945Z  INFO lingxi_service::sessions: normal submission to a busy session rejected (session_busy; retryable) session_id="sess_local_alpha"
2026-09-29T13:13:25.281020Z  INFO lingxi_service: request handled request_id=req-837a85d6a9fd8bd7cb7c8e8745a8334c method=POST path=/lingxi/v1/sessions/sess_local_alpha/execute status=409
2026-09-29T13:13:25.281149Z  INFO lingxi_service::sessions: normal submission to a busy session rejected (session_busy; retryable) session_id="sess_local_alpha"
2026-09-29T13:13:25.281163Z  INFO lingxi_service::sessions: normal submission to a busy session rejected (session_busy; retryable) session_id="sess_local_alpha"
2026-09-29T13:13:25.281228Z  INFO lingxi_service: request handled request_id=req-cc866aa4eb959a5c514fd1c4c170ddfc method=POST path=/lingxi/v1/sessions/sess_local_alpha/execute status=409
2026-09-29T13:13:25.281262Z  INFO lingxi_service: request handled request_id=req-98734c92c8d2f6c7b4d8dea5477d9a53 method=POST path=/lingxi/v1/sessions/sess_local_alpha/execute status=409
2026-09-29T13:13:25.281444Z  INFO lingxi_service::sessions: run settled through the single finalize path run_id=run_000001a0ed4c7220_0000d4 session_id="sess_local_alpha" outcome=completed.no_final.no_provider_configured input_chars=17
2026-09-29T13:13:25.281570Z  INFO lingxi_service: request handled request_id=req-dae7172acd69c27becd80d9fe8be72e2 method=POST path=/lingxi/v1/sessions/sess_local_alpha/execute status=200
2026-09-29T13:13:25.281812Z  INFO lingxi_service::sessions: normal submission to a busy session rejected (session_busy; retryable) session_id="sess_local_alpha"
2026-09-29T13:13:25.281910Z  INFO lingxi_service: request handled request_id=req-ba9fe1d74cd4a426e864c3f1d6855ac4 method=POST path=/lingxi/v1/sessions/sess_local_alpha/execute status=409
2026-09-29T13:13:25.282019Z  INFO lingxi_service::sessions: normal submission to a busy session rejected (session_busy; retryable) session_id="sess_local_alpha"
2026-09-29T13:13:25.282032Z  INFO lingxi_service::sessions: normal submission to a busy session rejected (session_busy; retryable) session_id="sess_local_alpha"
2026-09-29T13:13:25.282040Z  INFO lingxi_service::sessions: normal submission to a busy session rejected (session_busy; retryable) session_id="sess_local_alpha"
2026-09-29T13:13:25.282086Z  INFO lingxi_service: request handled request_id=req-76e701a4933cf0792df616598dbb99e4 method=POST path=/lingxi/v1/sessions/sess_local_alpha/execute status=409
2026-09-29T13:13:25.282105Z  INFO lingxi_service: request handled request_id=req-f7128f5e5e51e10f735b51621a3ae9fb method=POST path=/lingxi/v1/sessions/sess_local_alpha/execute status=409
2026-09-29T13:13:25.282123Z  INFO lingxi_service: request handled request_id=req-91ac5d2af5b21b17ac892ec0bfcdef6b method=POST path=/lingxi/v1/sessions/sess_local_alpha/execute status=409
2026-09-29T13:13:25.282310Z  INFO lingxi_service::sessions: normal submission to a busy session rejected (session_busy; retryable) session_id="sess_local_alpha"
2026-09-29T13:13:25.282308Z  INFO lingxi_service::sessions: run settled through the single finalize path run_id=run_000001a0ed4c7221_0000d5 session_id="sess_local_alpha" outcome=completed.no_final.no_provider_configured input_chars=17
2026-09-29T13:13:25.282385Z  INFO lingxi_service: request handled request_id=req-4bc48c34b9fa828b5a3dd83b7654a24d method=POST path=/lingxi/v1/sessions/sess_local_alpha/execute status=409
2026-09-29T13:13:25.282419Z  INFO lingxi_service: request handled request_id=req-87aff030b9995de6c62b3b5d71f30696 method=POST path=/lingxi/v1/sessions/sess_local_alpha/execute status=200
2026-09-29T13:13:25.283087Z  INFO lingxi_service::sessions: normal submission to a busy session rejected (session_busy; retryable) session_id="sess_local_alpha"
2026-09-29T13:13:25.283091Z  INFO lingxi_service::sessions: normal submission to a busy session rejected (session_busy; retryable) session_id="sess_local_alpha"
2026-09-29T13:13:25.283201Z  INFO lingxi_service: request handled request_id=req-8d7aff9007007020a1deafc8a81a9935 method=POST path=/lingxi/v1/sessions/sess_local_alpha/execute status=409
2026-09-29T13:13:25.283209Z  INFO lingxi_service: request handled request_id=req-7d82bc0a0705b0fc96d60782f8881b0b method=POST path=/lingxi/v1/sessions/sess_local_alpha/execute status=409
2026-09-29T13:13:25.283399Z  INFO lingxi_service::sessions: run settled through the single finalize path run_id=run_000001a0ed4c7222_0000d6 session_id="sess_local_alpha" outcome=completed.no_final.no_provider_configured input_chars=17
2026-09-29T13:13:25.283516Z  INFO lingxi_service: request handled request_id=req-a33d4cdbe32299ae2d0260c7b2592faf method=POST path=/lingxi/v1/sessions/sess_local_alpha/execute status=200
2026-09-29T13:13:25.283526Z  INFO lingxi_service::sessions: normal submission to a busy session rejected (session_busy; retryable) session_id="sess_local_alpha"
2026-09-29T13:13:25.283659Z  INFO lingxi_service: request handled request_id=req-e44356b274757f5047c3901e0bf5d290 method=POST path=/lingxi/v1/sessions/sess_local_alpha/execute status=409
2026-09-29T13:13:25.283750Z  INFO lingxi_service::sessions: normal submission to a busy session rejected (session_busy; retryable) session_id="sess_local_alpha"
2026-09-29T13:13:25.283770Z  INFO lingxi_service::sessions: normal submission to a busy session rejected (session_busy; retryable) session_id="sess_local_alpha"
2026-09-29T13:13:25.283760Z  INFO lingxi_service::sessions: normal submission to a busy session rejected (session_busy; retryable) session_id="sess_local_alpha"
2026-09-29T13:13:25.283846Z  INFO lingxi_service: request handled request_id=req-68a67d2085b0e2c0021c876d674c8fb4 method=POST path=/lingxi/v1/sessions/sess_local_alpha/execute status=409
2026-09-29T13:13:25.283876Z  INFO lingxi_service: request handled request_id=req-da5071a5f39d541619c51bcdb40c258e method=POST path=/lingxi/v1/sessions/sess_local_alpha/execute status=409
2026-09-29T13:13:25.283899Z  INFO lingxi_service: request handled request_id=req-29a844b2ed60be07f2f128934381971e method=POST path=/lingxi/v1/sessions/sess_local_alpha/execute status=409
2026-09-29T13:13:25.284033Z  INFO lingxi_service::sessions: run settled through the single finalize path run_id=run_000001a0ed4c7223_0000d7 session_id="sess_local_alpha" outcome=completed.no_final.no_provider_configured input_chars=17
2026-09-29T13:13:25.284051Z  INFO lingxi_service::sessions: normal submission to a busy session rejected (session_busy; retryable) session_id="sess_local_alpha"
2026-09-29T13:13:25.284127Z  INFO lingxi_service: request handled request_id=req-f80003dddd3413b7c212544e16c99794 method=POST path=/lingxi/v1/sessions/sess_local_alpha/execute status=409
2026-09-29T13:13:25.284142Z  INFO lingxi_service: request handled request_id=req-27d86a71ea2182bcdddef92e9b121b57 method=POST path=/lingxi/v1/sessions/sess_local_alpha/execute status=200
2026-09-29T13:13:25.284765Z  INFO lingxi_service::sessions: normal submission to a busy session rejected (session_busy; retryable) session_id="sess_local_alpha"
2026-09-29T13:13:25.284784Z  INFO lingxi_service::sessions: normal submission to a busy session rejected (session_busy; retryable) session_id="sess_local_alpha"
2026-09-29T13:13:25.284848Z  INFO lingxi_service: request handled request_id=req-faadb13dc379f1f9757c9232a30bae5e method=POST path=/lingxi/v1/sessions/sess_local_alpha/execute status=409
2026-09-29T13:13:25.284873Z  INFO lingxi_service: request handled request_id=req-6df3583dd752954949774bf3aacf833a method=POST path=/lingxi/v1/sessions/sess_local_alpha/execute status=409
2026-09-29T13:13:25.284984Z  INFO lingxi_service::sessions: normal submission to a busy session rejected (session_busy; retryable) session_id="sess_local_alpha"
2026-09-29T13:13:25.284990Z  INFO lingxi_service::sessions: normal submission to a busy session rejected (session_busy; retryable) session_id="sess_local_alpha"
2026-09-29T13:13:25.285062Z  INFO lingxi_service: request handled request_id=req-01a13b179202fed26f26d5e3c8c146b6 method=POST path=/lingxi/v1/sessions/sess_local_alpha/execute status=409
2026-09-29T13:13:25.285087Z  INFO lingxi_service: request handled request_id=req-e4eeef17d0bfc4fc70d299de34fb1db1 method=POST path=/lingxi/v1/sessions/sess_local_alpha/execute status=409
2026-09-29T13:13:25.285219Z  INFO lingxi_service::sessions: run settled through the single finalize path run_id=run_000001a0ed4c7224_0000d8 session_id="sess_local_alpha" outcome=completed.no_final.no_provider_configured input_chars=17
2026-09-29T13:13:25.285338Z  INFO lingxi_service: request handled request_id=req-c3a5b621c84412d526b9f89d6434ee0f method=POST path=/lingxi/v1/sessions/sess_local_alpha/execute status=200
2026-09-29T13:13:25.286238Z  INFO lingxi_service::sessions: normal submission to a busy session rejected (session_busy; retryable) session_id="sess_local_alpha"
2026-09-29T13:13:25.286256Z  INFO lingxi_service::sessions: normal submission to a busy session rejected (session_busy; retryable) session_id="sess_local_alpha"
2026-09-29T13:13:25.286330Z  INFO lingxi_service: request handled request_id=req-4a2031c60519e2a67594b02bc8eaf58e method=POST path=/lingxi/v1/sessions/sess_local_alpha/execute status=409
2026-09-29T13:13:25.286354Z  INFO lingxi_service::sessions: normal submission to a busy session rejected (session_busy; retryable) session_id="sess_local_alpha"
2026-09-29T13:13:25.286356Z  INFO lingxi_service: request handled request_id=req-e166440e160af63458ec70c134e99329 method=POST path=/lingxi/v1/sessions/sess_local_alpha/execute status=409
2026-09-29T13:13:25.286379Z  INFO lingxi_service::sessions: normal submission to a busy session rejected (session_busy; retryable) session_id="sess_local_alpha"
2026-09-29T13:13:25.286445Z  INFO lingxi_service: request handled request_id=req-bf41d51ae01aa55f44db1e7c8e70d59c method=POST path=/lingxi/v1/sessions/sess_local_alpha/execute status=409
2026-09-29T13:13:25.286507Z  INFO lingxi_service: request handled request_id=req-71c2a56c91b20a5a6926bd14308182af method=POST path=/lingxi/v1/sessions/sess_local_alpha/execute status=409
2026-09-29T13:13:25.286554Z  INFO lingxi_service::sessions: normal submission to a busy session rejected (session_busy; retryable) session_id="sess_local_alpha"
2026-09-29T13:13:25.286548Z  INFO lingxi_service::sessions: run settled through the single finalize path run_id=run_000001a0ed4c7225_0000d9 session_id="sess_local_alpha" outcome=completed.no_final.no_provider_configured input_chars=17
2026-09-29T13:13:25.286644Z  INFO lingxi_service: request handled request_id=req-6900063317024cbb5377ee22337495d6 method=POST path=/lingxi/v1/sessions/sess_local_alpha/execute status=409
2026-09-29T13:13:25.286680Z  INFO lingxi_service: request handled request_id=req-b85c031fe67279b469ee93a2bf590fb1 method=POST path=/lingxi/v1/sessions/sess_local_alpha/execute status=200
2026-09-29T13:13:25.287254Z  INFO lingxi_service::sessions: run settled through the single finalize path run_id=run_000001a0ed4c7226_0000da session_id="sess_local_alpha" outcome=completed.no_final.no_provider_configured input_chars=17
2026-09-29T13:13:25.287339Z  INFO lingxi_service::sessions: normal submission to a busy session rejected (session_busy; retryable) session_id="sess_local_alpha"
2026-09-29T13:13:25.287391Z  INFO lingxi_service: request handled request_id=req-77916d46eb2c76c1cca2c1bec715f7e6 method=POST path=/lingxi/v1/sessions/sess_local_alpha/execute status=200
2026-09-29T13:13:25.287410Z  INFO lingxi_service: request handled request_id=req-b71653b53cecdd812c19d0df365ad834 method=POST path=/lingxi/v1/sessions/sess_local_alpha/execute status=409
2026-09-29T13:13:25.287887Z  INFO lingxi_service::sessions: normal submission to a busy session rejected (session_busy; retryable) session_id="sess_local_alpha"
2026-09-29T13:13:25.287880Z  INFO lingxi_service::sessions: run settled through the single finalize path run_id=run_000001a0ed4c7227_0000db session_id="sess_local_alpha" outcome=completed.no_final.no_provider_configured input_chars=17
2026-09-29T13:13:25.287958Z  INFO lingxi_service: request handled request_id=req-49089b2bf10e5970c69bc82232e1569e method=POST path=/lingxi/v1/sessions/sess_local_alpha/execute status=409
2026-09-29T13:13:25.288027Z  INFO lingxi_service: request handled request_id=req-7505b83a7586a6087554fb0171ecd5df method=POST path=/lingxi/v1/sessions/sess_local_alpha/execute status=200
2026-09-29T13:13:25.288201Z  INFO lingxi_service::sessions: normal submission to a busy session rejected (session_busy; retryable) session_id="sess_local_alpha"
2026-09-29T13:13:25.288271Z  INFO lingxi_service: request handled request_id=req-d081cc3a9a5317e61893b9bc34a23402 method=POST path=/lingxi/v1/sessions/sess_local_alpha/execute status=409
2026-09-29T13:13:25.288410Z  INFO lingxi_service::sessions: normal submission to a busy session rejected (session_busy; retryable) session_id="sess_local_alpha"
2026-09-29T13:13:25.288427Z  INFO lingxi_service::sessions: normal submission to a busy session rejected (session_busy; retryable) session_id="sess_local_alpha"
2026-09-29T13:13:25.288481Z  INFO lingxi_service: request handled request_id=req-11dc3803793b5f6d49c5a97fef2d91bc method=POST path=/lingxi/v1/sessions/sess_local_alpha/execute status=409
2026-09-29T13:13:25.288517Z  INFO lingxi_service: request handled request_id=req-38b678c5c9225a6587ba531deb402f9f method=POST path=/lingxi/v1/sessions/sess_local_alpha/execute status=409
2026-09-29T13:13:25.288680Z  INFO lingxi_service::sessions: normal submission to a busy session rejected (session_busy; retryable) session_id="sess_local_alpha"
2026-09-29T13:13:25.288674Z  INFO lingxi_service::sessions: run settled through the single finalize path run_id=run_000001a0ed4c7228_0000dc session_id="sess_local_alpha" outcome=completed.no_final.no_provider_configured input_chars=17
2026-09-29T13:13:25.288759Z  INFO lingxi_service: request handled request_id=req-b2f67e27d2a49c8f5a7da3625c75af3b method=POST path=/lingxi/v1/sessions/sess_local_alpha/execute status=409
2026-09-29T13:13:25.288797Z  INFO lingxi_service: request handled request_id=req-d7523886401488e6b6e5bb996b8dea4b method=POST path=/lingxi/v1/sessions/sess_local_alpha/execute status=200
2026-09-29T13:13:25.289370Z  INFO lingxi_service::sessions: normal submission to a busy session rejected (session_busy; retryable) session_id="sess_local_alpha"
2026-09-29T13:13:25.289441Z  INFO lingxi_service: request handled request_id=req-1996825c56161a7f09df560c979ddf20 method=POST path=/lingxi/v1/sessions/sess_local_alpha/execute status=409
2026-09-29T13:13:25.289609Z  INFO lingxi_service::sessions: normal submission to a busy session rejected (session_busy; retryable) session_id="sess_local_alpha"
2026-09-29T13:13:25.289617Z  INFO lingxi_service::sessions: normal submission to a busy session rejected (session_busy; retryable) session_id="sess_local_alpha"
2026-09-29T13:13:25.289690Z  INFO lingxi_service: request handled request_id=req-ccc619df489c4a307b57d2048ce967ef method=POST path=/lingxi/v1/sessions/sess_local_alpha/execute status=409
2026-09-29T13:13:25.289701Z  INFO lingxi_service: request handled request_id=req-cfd35b6ffc3f4519df7dc27127986edf method=POST path=/lingxi/v1/sessions/sess_local_alpha/execute status=409
2026-09-29T13:13:25.289728Z  INFO lingxi_service::sessions: normal submission to a busy session rejected (session_busy; retryable) session_id="sess_local_alpha"
2026-09-29T13:13:25.289797Z  INFO lingxi_service: request handled request_id=req-af7b0c635bbf0765f35223ba019bffcd method=POST path=/lingxi/v1/sessions/sess_local_alpha/execute status=409
2026-09-29T13:13:25.289902Z  INFO lingxi_service::sessions: run settled through the single finalize path run_id=run_000001a0ed4c7229_0000dd session_id="sess_local_alpha" outcome=completed.no_final.no_provider_configured input_chars=17
2026-09-29T13:13:25.290030Z  INFO lingxi_service: request handled request_id=req-55120f9606257831813cfe790ebe34af method=POST path=/lingxi/v1/sessions/sess_local_alpha/execute status=200
2026-09-29T13:13:25.290317Z  INFO lingxi_service::sessions: normal submission to a busy session rejected (session_busy; retryable) session_id="sess_local_alpha"
2026-09-29T13:13:25.290403Z  INFO lingxi_service: request handled request_id=req-73ad5c9953a1c5c3f3f1194af2cda0b6 method=POST path=/lingxi/v1/sessions/sess_local_alpha/execute status=409
2026-09-29T13:13:25.290433Z  INFO lingxi_service::sessions: normal submission to a busy session rejected (session_busy; retryable) session_id="sess_local_alpha"
2026-09-29T13:13:25.290452Z  INFO lingxi_service::sessions: normal submission to a busy session rejected (session_busy; retryable) session_id="sess_local_alpha"
2026-09-29T13:13:25.290515Z  INFO lingxi_service: request handled request_id=req-94d82182e16224fed25c77f182e61255 method=POST path=/lingxi/v1/sessions/sess_local_alpha/execute status=409
2026-09-29T13:13:25.290528Z  INFO lingxi_service: request handled request_id=req-ad111ea032a6fc686aac26982142fcbe method=POST path=/lingxi/v1/sessions/sess_local_alpha/execute status=409
2026-09-29T13:13:25.290597Z  INFO lingxi_service::sessions: run settled through the single finalize path run_id=run_000001a0ed4c722a_0000de session_id="sess_local_alpha" outcome=completed.no_final.no_provider_configured input_chars=17
2026-09-29T13:13:25.290708Z  INFO lingxi_service: request handled request_id=req-09a1dfaf1e4d8ccb400b845ada8acfed method=POST path=/lingxi/v1/sessions/sess_local_alpha/execute status=200
2026-09-29T13:13:25.291585Z  INFO lingxi_service::sessions: normal submission to a busy session rejected (session_busy; retryable) session_id="sess_local_alpha"
2026-09-29T13:13:25.291603Z  INFO lingxi_service::sessions: normal submission to a busy session rejected (session_busy; retryable) session_id="sess_local_alpha"
2026-09-29T13:13:25.291606Z  INFO lingxi_service::sessions: normal submission to a busy session rejected (session_busy; retryable) session_id="sess_local_alpha"
2026-09-29T13:13:25.291674Z  INFO lingxi_service: request handled request_id=req-cb097dd4723d90db24e8c95e17c8e4b8 method=POST path=/lingxi/v1/sessions/sess_local_alpha/execute status=409
2026-09-29T13:13:25.291708Z  INFO lingxi_service::sessions: normal submission to a busy session rejected (session_busy; retryable) session_id="sess_local_alpha"
2026-09-29T13:13:25.291706Z  INFO lingxi_service: request handled request_id=req-841a1a865ffa2e300a33934e5a698799 method=POST path=/lingxi/v1/sessions/sess_local_alpha/execute status=409
2026-09-29T13:13:25.291710Z  INFO lingxi_service: request handled request_id=req-a7ac1c3ef9e9409a843c0cd9a62253ff method=POST path=/lingxi/v1/sessions/sess_local_alpha/execute status=409
2026-09-29T13:13:25.291798Z  INFO lingxi_service: request handled request_id=req-fb0d98a4b0cecfbd3e51c120352efbfa method=POST path=/lingxi/v1/sessions/sess_local_alpha/execute status=409
2026-09-29T13:13:25.291892Z  INFO lingxi_service::sessions: run settled through the single finalize path run_id=run_000001a0ed4c722b_0000df session_id="sess_local_alpha" outcome=completed.no_final.no_provider_configured input_chars=17
2026-09-29T13:13:25.292025Z  INFO lingxi_service: request handled request_id=req-98e266e82621656259140de1132a68cf method=POST path=/lingxi/v1/sessions/sess_local_alpha/execute status=200
2026-09-29T13:13:25.292434Z  INFO lingxi_service::sessions: normal submission to a busy session rejected (session_busy; retryable) session_id="sess_local_alpha"
2026-09-29T13:13:25.292524Z  INFO lingxi_service: request handled request_id=req-0c6d015e72dc682d074fdc3a7a6ee8e5 method=POST path=/lingxi/v1/sessions/sess_local_alpha/execute status=409
2026-09-29T13:13:25.292548Z  INFO lingxi_service::sessions: normal submission to a busy session rejected (session_busy; retryable) session_id="sess_local_alpha"
2026-09-29T13:13:25.292633Z  INFO lingxi_service: request handled request_id=req-e6a1462d43f1096695df46c0e53b645e method=POST path=/lingxi/v1/sessions/sess_local_alpha/execute status=409
2026-09-29T13:13:25.292692Z  INFO lingxi_service::sessions: normal submission to a busy session rejected (session_busy; retryable) session_id="sess_local_alpha"
2026-09-29T13:13:25.292692Z  INFO lingxi_service::sessions: run settled through the single finalize path run_id=run_000001a0ed4c722c_0000e0 session_id="sess_local_alpha" outcome=completed.no_final.no_provider_configured input_chars=17
2026-09-29T13:13:25.292785Z  INFO lingxi_service: request handled request_id=req-19bc3ecd95a1c071ecefad35fc428425 method=POST path=/lingxi/v1/sessions/sess_local_alpha/execute status=409
2026-09-29T13:13:25.292828Z  INFO lingxi_service: request handled request_id=req-db95b0fc34ea555ddbf86f507eb40c4b method=POST path=/lingxi/v1/sessions/sess_local_alpha/execute status=200
2026-09-29T13:13:25.293520Z  INFO lingxi_service::sessions: normal submission to a busy session rejected (session_busy; retryable) session_id="sess_local_alpha"
2026-09-29T13:13:25.293517Z  INFO lingxi_service::sessions: run settled through the single finalize path run_id=run_000001a0ed4c722c_0000e1 session_id="sess_local_alpha" outcome=completed.no_final.no_provider_configured input_chars=17
2026-09-29T13:13:25.293597Z  INFO lingxi_service: request handled request_id=req-5b594a6796838f97770d0b4f2fa03198 method=POST path=/lingxi/v1/sessions/sess_local_alpha/execute status=409
2026-09-29T13:13:25.293653Z  INFO lingxi_service: request handled request_id=req-ff4bdec214bde2921bfb2d9529a992bd method=POST path=/lingxi/v1/sessions/sess_local_alpha/execute status=200
2026-09-29T13:13:25.293899Z  INFO lingxi_service::sessions: normal submission to a busy session rejected (session_busy; retryable) session_id="sess_local_alpha"
2026-09-29T13:13:25.293981Z  INFO lingxi_service: request handled request_id=req-852d5c9840a9ae3a413bcb4705216c4b method=POST path=/lingxi/v1/sessions/sess_local_alpha/execute status=409
2026-09-29T13:13:25.294009Z  INFO lingxi_service::sessions: normal submission to a busy session rejected (session_busy; retryable) session_id="sess_local_alpha"
2026-09-29T13:13:25.294028Z  INFO lingxi_service::sessions: normal submission to a busy session rejected (session_busy; retryable) session_id="sess_local_alpha"
2026-09-29T13:13:25.294131Z  INFO lingxi_service: request handled request_id=req-3f448563da5322615985898d46cb85ca method=POST path=/lingxi/v1/sessions/sess_local_alpha/execute status=409
2026-09-29T13:13:25.294135Z  INFO lingxi_service: request handled request_id=req-0d1e25b54bd995304e2b797a32516eec method=POST path=/lingxi/v1/sessions/sess_local_alpha/execute status=409
2026-09-29T13:13:25.294163Z  INFO lingxi_service::sessions: run settled through the single finalize path run_id=run_000001a0ed4c722d_0000e2 session_id="sess_local_alpha" outcome=completed.no_final.no_provider_configured input_chars=17
2026-09-29T13:13:25.294178Z  INFO lingxi_service::sessions: normal submission to a busy session rejected (session_busy; retryable) session_id="sess_local_alpha"
2026-09-29T13:13:25.294281Z  INFO lingxi_service: request handled request_id=req-74ee1d6f056499b21c792f83e154ff54 method=POST path=/lingxi/v1/sessions/sess_local_alpha/execute status=409
2026-09-29T13:13:25.294297Z  INFO lingxi_service: request handled request_id=req-7a995ac99cbe914373a635dec52c76ca method=POST path=/lingxi/v1/sessions/sess_local_alpha/execute status=200
2026-09-29T13:13:25.294842Z  INFO lingxi_service::sessions: run settled through the single finalize path run_id=run_000001a0ed4c722e_0000e3 session_id="sess_local_alpha" outcome=completed.no_final.no_provider_configured input_chars=17
2026-09-29T13:13:25.294911Z  INFO lingxi_service::sessions: normal submission to a busy session rejected (session_busy; retryable) session_id="sess_local_alpha"
2026-09-29T13:13:25.294955Z  INFO lingxi_service: request handled request_id=req-0fc497bf71fe26baed319ec2e0c04cdd method=POST path=/lingxi/v1/sessions/sess_local_alpha/execute status=200
2026-09-29T13:13:25.294980Z  INFO lingxi_service: request handled request_id=req-8fb4ff1d7395b8fd641b3250067edb8b method=POST path=/lingxi/v1/sessions/sess_local_alpha/execute status=409
2026-09-29T13:13:25.295354Z  INFO lingxi_service::sessions: normal submission to a busy session rejected (session_busy; retryable) session_id="sess_local_alpha"
2026-09-29T13:13:25.295446Z  INFO lingxi_service: request handled request_id=req-7544d38b9815c1e7bdacaeb926f8881d method=POST path=/lingxi/v1/sessions/sess_local_alpha/execute status=409
2026-09-29T13:13:25.295491Z  INFO lingxi_service::sessions: normal submission to a busy session rejected (session_busy; retryable) session_id="sess_local_alpha"
2026-09-29T13:13:25.295560Z  INFO lingxi_service: request handled request_id=req-f5a2804de903361de0883fc8ff7639db method=POST path=/lingxi/v1/sessions/sess_local_alpha/execute status=409
2026-09-29T13:13:25.295645Z  INFO lingxi_service::sessions: normal submission to a busy session rejected (session_busy; retryable) session_id="sess_local_alpha"
2026-09-29T13:13:25.295633Z  INFO lingxi_service::sessions: run settled through the single finalize path run_id=run_000001a0ed4c722f_0000e4 session_id="sess_local_alpha" outcome=completed.no_final.no_provider_configured input_chars=17
2026-09-29T13:13:25.295679Z  INFO lingxi_service::sessions: normal submission to a busy session rejected (session_busy; retryable) session_id="sess_local_alpha"
2026-09-29T13:13:25.295724Z  INFO lingxi_service: request handled request_id=req-d946afa88530b44a00c5dee09acbfe81 method=POST path=/lingxi/v1/sessions/sess_local_alpha/execute status=409
2026-09-29T13:13:25.295768Z  INFO lingxi_service: request handled request_id=req-0d4f1b35144476d5173c86c7edb9c75d method=POST path=/lingxi/v1/sessions/sess_local_alpha/execute status=409
2026-09-29T13:13:25.295787Z  INFO lingxi_service: request handled request_id=req-f8283e9209d389979aebcee632938520 method=POST path=/lingxi/v1/sessions/sess_local_alpha/execute status=200
2026-09-29T13:13:25.296351Z  INFO lingxi_service::sessions: run settled through the single finalize path run_id=run_000001a0ed4c722f_0000e5 session_id="sess_local_alpha" outcome=completed.no_final.no_provider_configured input_chars=17
2026-09-29T13:13:25.296466Z  INFO lingxi_service: request handled request_id=req-beeacd381ce6a54411e1d8ad02bf3dc5 method=POST path=/lingxi/v1/sessions/sess_local_alpha/execute status=200
2026-09-29T13:13:25.297470Z  INFO lingxi_service::sessions: normal submission to a busy session rejected (session_busy; retryable) session_id="sess_local_alpha"
2026-09-29T13:13:25.297466Z  INFO lingxi_service::sessions: normal submission to a busy session rejected (session_busy; retryable) session_id="sess_local_alpha"
2026-09-29T13:13:25.297479Z  INFO lingxi_service::sessions: normal submission to a busy session rejected (session_busy; retryable) session_id="sess_local_alpha"
2026-09-29T13:13:25.297569Z  INFO lingxi_service: request handled request_id=req-005761b57fa4e3ff48bdf2eed49e5433 method=POST path=/lingxi/v1/sessions/sess_local_alpha/execute status=409
2026-09-29T13:13:25.297585Z  INFO lingxi_service::sessions: normal submission to a busy session rejected (session_busy; retryable) session_id="sess_local_alpha"
2026-09-29T13:13:25.297588Z  INFO lingxi_service: request handled request_id=req-36d4cff383b41cb789ff6c79ba8a74df method=POST path=/lingxi/v1/sessions/sess_local_alpha/execute status=409
2026-09-29T13:13:25.297596Z  INFO lingxi_service: request handled request_id=req-a6eb9d20d3d7466e293991ae319489c8 method=POST path=/lingxi/v1/sessions/sess_local_alpha/execute status=409
2026-09-29T13:13:25.297682Z  INFO lingxi_service: request handled request_id=req-e43b6c8d11afdf4866bdcc78b9c1a54e method=POST path=/lingxi/v1/sessions/sess_local_alpha/execute status=409
2026-09-29T13:13:25.297746Z  INFO lingxi_service::sessions: run settled through the single finalize path run_id=run_000001a0ed4c7231_0000e6 session_id="sess_local_alpha" outcome=completed.no_final.no_provider_configured input_chars=17
2026-09-29T13:13:25.297772Z  INFO lingxi_service::sessions: normal submission to a busy session rejected (session_busy; retryable) session_id="sess_local_alpha"
2026-09-29T13:13:25.297855Z  INFO lingxi_service: request handled request_id=req-7b456ad9bd8b977971cbc93764354c29 method=POST path=/lingxi/v1/sessions/sess_local_alpha/execute status=409
2026-09-29T13:13:25.297873Z  INFO lingxi_service: request handled request_id=req-df85a9fb9c2fb91a4695ea969f9369f8 method=POST path=/lingxi/v1/sessions/sess_local_alpha/execute status=200
2026-09-29T13:13:25.298647Z  INFO lingxi_service::sessions: normal submission to a busy session rejected (session_busy; retryable) session_id="sess_local_alpha"
2026-09-29T13:13:25.298656Z  INFO lingxi_service::sessions: run settled through the single finalize path run_id=run_000001a0ed4c7232_0000e7 session_id="sess_local_alpha" outcome=completed.no_final.no_provider_configured input_chars=17
2026-09-29T13:13:25.298716Z  INFO lingxi_service: request handled request_id=req-0e7ce4de3c1264273756bc0317cf7d53 method=POST path=/lingxi/v1/sessions/sess_local_alpha/execute status=409
2026-09-29T13:13:25.298797Z  INFO lingxi_service: request handled request_id=req-4a25b3fc7479aec22ad18797581e82d1 method=POST path=/lingxi/v1/sessions/sess_local_alpha/execute status=200
2026-09-29T13:13:25.299048Z  INFO lingxi_service::sessions: normal submission to a busy session rejected (session_busy; retryable) session_id="sess_local_alpha"
2026-09-29T13:13:25.299144Z  INFO lingxi_service: request handled request_id=req-6a0d3e7fe7f79150b27fe026b9cc5fdb method=POST path=/lingxi/v1/sessions/sess_local_alpha/execute status=409
2026-09-29T13:13:25.299152Z  INFO lingxi_service::sessions: normal submission to a busy session rejected (session_busy; retryable) session_id="sess_local_alpha"
2026-09-29T13:13:25.299279Z  INFO lingxi_service: request handled request_id=req-6d4f62a1f162fab254bb6a59adeff930 method=POST path=/lingxi/v1/sessions/sess_local_alpha/execute status=409
2026-09-29T13:13:25.299376Z  INFO lingxi_service::sessions: normal submission to a busy session rejected (session_busy; retryable) session_id="sess_local_alpha"
2026-09-29T13:13:25.299378Z  INFO lingxi_service::sessions: run settled through the single finalize path run_id=run_000001a0ed4c7232_0000e8 session_id="sess_local_alpha" outcome=completed.no_final.no_provider_configured input_chars=17
2026-09-29T13:13:25.299385Z  INFO lingxi_service::sessions: normal submission to a busy session rejected (session_busy; retryable) session_id="sess_local_alpha"
2026-09-29T13:13:25.299406Z  INFO lingxi_service::sessions: normal submission to a busy session rejected (session_busy; retryable) session_id="sess_local_alpha"
2026-09-29T13:13:25.299478Z  INFO lingxi_service: request handled request_id=req-b4d02e92876772da67d6690814ea1316 method=POST path=/lingxi/v1/sessions/sess_local_alpha/execute status=409
2026-09-29T13:13:25.299520Z  INFO lingxi_service: request handled request_id=req-883145319910a5feffa82bb3fb39eaad method=POST path=/lingxi/v1/sessions/sess_local_alpha/execute status=409
2026-09-29T13:13:25.299560Z  INFO lingxi_service: request handled request_id=req-fad5d936a060c2c77635e41f8e043f09 method=POST path=/lingxi/v1/sessions/sess_local_alpha/execute status=200
2026-09-29T13:13:25.299562Z  INFO lingxi_service: request handled request_id=req-ccde2659056159cc902d28505e23859c method=POST path=/lingxi/v1/sessions/sess_local_alpha/execute status=409
2026-09-29T13:13:25.299926Z  INFO lingxi_service::sessions: normal submission to a busy session rejected (session_busy; retryable) session_id="sess_local_alpha"
2026-09-29T13:13:25.300018Z  INFO lingxi_service: request handled request_id=req-1587a1d9d344a26ea2a0a826a0be48f4 method=POST path=/lingxi/v1/sessions/sess_local_alpha/execute status=409
2026-09-29T13:13:25.300174Z  INFO lingxi_service::sessions: run settled through the single finalize path run_id=run_000001a0ed4c7233_0000e9 session_id="sess_local_alpha" outcome=completed.no_final.no_provider_configured input_chars=17
2026-09-29T13:13:25.300293Z  INFO lingxi_service: request handled request_id=req-4b46b6de6d11669b3ed7606e4790ad6b method=POST path=/lingxi/v1/sessions/sess_local_alpha/execute status=200
2026-09-29T13:13:25.301396Z  INFO lingxi_service::sessions: run settled through the single finalize path run_id=run_000001a0ed4c7234_0000ea session_id="sess_local_alpha" outcome=completed.no_final.no_provider_configured input_chars=20
2026-09-29T13:13:25.301501Z  INFO lingxi_service: request handled request_id=req-9fda7fcedc3ad2379055287663485816 method=POST path=/lingxi/v1/sessions/sess_local_alpha/execute status=200
2026-09-29T13:13:25.302194Z  INFO lingxi_service::sessions: run settled through the single finalize path run_id=run_000001a0ed4c7235_0000eb session_id="sess_local_alpha" outcome=completed.no_final.no_provider_configured input_chars=20
2026-09-29T13:13:25.302301Z  INFO lingxi_service: request handled request_id=req-077a9ba4836585590c9a4a989308bbd9 method=POST path=/lingxi/v1/sessions/sess_local_alpha/execute status=200
2026-09-29T13:13:25.302973Z  INFO lingxi_service::sessions: run settled through the single finalize path run_id=run_000001a0ed4c7236_0000ec session_id="sess_local_alpha" outcome=completed.no_final.no_provider_configured input_chars=20
2026-09-29T13:13:25.303081Z  INFO lingxi_service: request handled request_id=req-0901231fbb64538edf9c098e09651d64 method=POST path=/lingxi/v1/sessions/sess_local_alpha/execute status=200
2026-09-29T13:13:25.303770Z  INFO lingxi_service::sessions: run settled through the single finalize path run_id=run_000001a0ed4c7237_0000ed session_id="sess_local_alpha" outcome=completed.no_final.no_provider_configured input_chars=20
2026-09-29T13:13:25.303875Z  INFO lingxi_service: request handled request_id=req-0ce39afd193b4f25d8389d1f8aac3750 method=POST path=/lingxi/v1/sessions/sess_local_alpha/execute status=200
2026-09-29T13:13:25.304588Z  INFO lingxi_service::sessions: run settled through the single finalize path run_id=run_000001a0ed4c7238_0000ee session_id="sess_local_alpha" outcome=completed.no_final.no_provider_configured input_chars=20
2026-09-29T13:13:25.304701Z  INFO lingxi_service: request handled request_id=req-ab40ceaf2b55f03324ba929ddd773dcd method=POST path=/lingxi/v1/sessions/sess_local_alpha/execute status=200
2026-09-29T13:13:25.305405Z  INFO lingxi_service::sessions: run settled through the single finalize path run_id=run_000001a0ed4c7238_0000ef session_id="sess_local_alpha" outcome=completed.no_final.no_provider_configured input_chars=20
2026-09-29T13:13:25.305508Z  INFO lingxi_service: request handled request_id=req-785b84c05b35f5273ebc1dc65c275c62 method=POST path=/lingxi/v1/sessions/sess_local_alpha/execute status=200
2026-09-29T13:13:25.306164Z  INFO lingxi_service::sessions: run settled through the single finalize path run_id=run_000001a0ed4c7239_0000f0 session_id="sess_local_alpha" outcome=completed.no_final.no_provider_configured input_chars=20
2026-09-29T13:13:25.306267Z  INFO lingxi_service: request handled request_id=req-247672c38a24d777bff0df9b57207332 method=POST path=/lingxi/v1/sessions/sess_local_alpha/execute status=200
2026-09-29T13:13:25.306949Z  INFO lingxi_service::sessions: run settled through the single finalize path run_id=run_000001a0ed4c723a_0000f1 session_id="sess_local_alpha" outcome=completed.no_final.no_provider_configured input_chars=20
2026-09-29T13:13:25.307054Z  INFO lingxi_service: request handled request_id=req-bc1098004312f889a29bb419319891f6 method=POST path=/lingxi/v1/sessions/sess_local_alpha/execute status=200
2026-09-29T13:13:25.307738Z  INFO lingxi_service::sessions: run settled through the single finalize path run_id=run_000001a0ed4c723b_0000f2 session_id="sess_local_alpha" outcome=completed.no_final.no_provider_configured input_chars=20
2026-09-29T13:13:25.307839Z  INFO lingxi_service: request handled request_id=req-31b4feda7dcf1fbdc54f9f23166be487 method=POST path=/lingxi/v1/sessions/sess_local_alpha/execute status=200
2026-09-29T13:13:25.308514Z  INFO lingxi_service::sessions: run settled through the single finalize path run_id=run_000001a0ed4c723c_0000f3 session_id="sess_local_alpha" outcome=completed.no_final.no_provider_configured input_chars=20
2026-09-29T13:13:25.308615Z  INFO lingxi_service: request handled request_id=req-e7685d55cc4bc0a6dd51bb14933994a9 method=POST path=/lingxi/v1/sessions/sess_local_alpha/execute status=200
2026-09-29T13:13:25.309288Z  INFO lingxi_service::sessions: run settled through the single finalize path run_id=run_000001a0ed4c723c_0000f4 session_id="sess_local_alpha" outcome=completed.no_final.no_provider_configured input_chars=21
2026-09-29T13:13:25.309389Z  INFO lingxi_service: request handled request_id=req-01f49b7f3fb2d32570ec8b22a64efd13 method=POST path=/lingxi/v1/sessions/sess_local_alpha/execute status=200
2026-09-29T13:13:25.310038Z  INFO lingxi_service::sessions: run settled through the single finalize path run_id=run_000001a0ed4c723d_0000f5 session_id="sess_local_alpha" outcome=completed.no_final.no_provider_configured input_chars=21
2026-09-29T13:13:25.310138Z  INFO lingxi_service: request handled request_id=req-e59da14a8a09225405aee1ec194a7116 method=POST path=/lingxi/v1/sessions/sess_local_alpha/execute status=200
2026-09-29T13:13:25.310771Z  INFO lingxi_service::sessions: run settled through the single finalize path run_id=run_000001a0ed4c723e_0000f6 session_id="sess_local_alpha" outcome=completed.no_final.no_provider_configured input_chars=21
2026-09-29T13:13:25.310870Z  INFO lingxi_service: request handled request_id=req-50e2ef68032d26a05ae49e0a4f3cd1c9 method=POST path=/lingxi/v1/sessions/sess_local_alpha/execute status=200
2026-09-29T13:13:25.311509Z  INFO lingxi_service::sessions: run settled through the single finalize path run_id=run_000001a0ed4c723f_0000f7 session_id="sess_local_alpha" outcome=completed.no_final.no_provider_configured input_chars=21
2026-09-29T13:13:25.311611Z  INFO lingxi_service: request handled request_id=req-8ce1e4e20c54ba0ace0ab7d5c8218600 method=POST path=/lingxi/v1/sessions/sess_local_alpha/execute status=200
2026-09-29T13:13:25.312258Z  INFO lingxi_service::sessions: run settled through the single finalize path run_id=run_000001a0ed4c723f_0000f8 session_id="sess_local_alpha" outcome=completed.no_final.no_provider_configured input_chars=21
2026-09-29T13:13:25.312362Z  INFO lingxi_service: request handled request_id=req-ed8ab0d01e31687655f4ad4882835bec method=POST path=/lingxi/v1/sessions/sess_local_alpha/execute status=200
2026-09-29T13:13:25.313056Z  INFO lingxi_service::sessions: run settled through the single finalize path run_id=run_000001a0ed4c7240_0000f9 session_id="sess_local_alpha" outcome=completed.no_final.no_provider_configured input_chars=21
2026-09-29T13:13:25.313165Z  INFO lingxi_service: request handled request_id=req-a08a1a42fd42cf712154503e8474f2c5 method=POST path=/lingxi/v1/sessions/sess_local_alpha/execute status=200
2026-09-29T13:13:25.313819Z  INFO lingxi_service::sessions: run settled through the single finalize path run_id=run_000001a0ed4c7241_0000fa session_id="sess_local_alpha" outcome=completed.no_final.no_provider_configured input_chars=21
2026-09-29T13:13:25.313920Z  INFO lingxi_service: request handled request_id=req-9a3b4e1b26d11d3953816e657106adee method=POST path=/lingxi/v1/sessions/sess_local_alpha/execute status=200
2026-09-29T13:13:25.314571Z  INFO lingxi_service::sessions: run settled through the single finalize path run_id=run_000001a0ed4c7242_0000fb session_id="sess_local_alpha" outcome=completed.no_final.no_provider_configured input_chars=21
2026-09-29T13:13:25.314674Z  INFO lingxi_service: request handled request_id=req-26c2ee320a19e786a2952921b911cce7 method=POST path=/lingxi/v1/sessions/sess_local_alpha/execute status=200
2026-09-29T13:13:25.315318Z  INFO lingxi_service::sessions: run settled through the single finalize path run_id=run_000001a0ed4c7242_0000fc session_id="sess_local_alpha" outcome=completed.no_final.no_provider_configured input_chars=21
2026-09-29T13:13:25.315425Z  INFO lingxi_service: request handled request_id=req-336e205f9c5c293eee07d4628dc60a97 method=POST path=/lingxi/v1/sessions/sess_local_alpha/execute status=200
2026-09-29T13:13:25.316082Z  INFO lingxi_service::sessions: run settled through the single finalize path run_id=run_000001a0ed4c7243_0000fd session_id="sess_local_alpha" outcome=completed.no_final.no_provider_configured input_chars=21
2026-09-29T13:13:25.316182Z  INFO lingxi_service: request handled request_id=req-210bc135f46da613dd7b4ea5718e21bf method=POST path=/lingxi/v1/sessions/sess_local_alpha/execute status=200
2026-09-29T13:13:25.316837Z  INFO lingxi_service::sessions: run settled through the single finalize path run_id=run_000001a0ed4c7244_0000fe session_id="sess_local_alpha" outcome=completed.no_final.no_provider_configured input_chars=21
2026-09-29T13:13:25.316938Z  INFO lingxi_service: request handled request_id=req-41362f5c1f0bf20bb1cc6ef45c88aa10 method=POST path=/lingxi/v1/sessions/sess_local_alpha/execute status=200
2026-09-29T13:13:25.318031Z  INFO lingxi_service::sessions: run settled through the single finalize path run_id=run_000001a0ed4c7245_0000ff session_id="sess_local_alpha" outcome=completed.no_final.no_provider_configured input_chars=21
2026-09-29T13:13:25.318133Z  INFO lingxi_service: request handled request_id=req-d242e456dae49b206251e73a5b59267f method=POST path=/lingxi/v1/sessions/sess_local_alpha/execute status=200
2026-09-29T13:13:25.318817Z  INFO lingxi_service::sessions: run settled through the single finalize path run_id=run_000001a0ed4c7246_000100 session_id="sess_local_alpha" outcome=completed.no_final.no_provider_configured input_chars=21
2026-09-29T13:13:25.318918Z  INFO lingxi_service: request handled request_id=req-e4da82e954c9a03c4125b4da27a5b5d3 method=POST path=/lingxi/v1/sessions/sess_local_alpha/execute status=200
2026-09-29T13:13:25.319556Z  INFO lingxi_service::sessions: run settled through the single finalize path run_id=run_000001a0ed4c7247_000101 session_id="sess_local_alpha" outcome=completed.no_final.no_provider_configured input_chars=21
2026-09-29T13:13:25.319659Z  INFO lingxi_service: request handled request_id=req-e50c9b3415f8ec2643c162e254c9fd31 method=POST path=/lingxi/v1/sessions/sess_local_alpha/execute status=200
2026-09-29T13:13:25.320324Z  INFO lingxi_service::sessions: run settled through the single finalize path run_id=run_000001a0ed4c7247_000102 session_id="sess_local_alpha" outcome=completed.no_final.no_provider_configured input_chars=21
2026-09-29T13:13:25.320425Z  INFO lingxi_service: request handled request_id=req-a4ac9a27a7257e66af1b2f263c75cfe8 method=POST path=/lingxi/v1/sessions/sess_local_alpha/execute status=200
2026-09-29T13:13:25.321063Z  INFO lingxi_service::sessions: run settled through the single finalize path run_id=run_000001a0ed4c7248_000103 session_id="sess_local_alpha" outcome=completed.no_final.no_provider_configured input_chars=21
2026-09-29T13:13:25.321162Z  INFO lingxi_service: request handled request_id=req-a892367fcec3a9d98da39867fe5534a7 method=POST path=/lingxi/v1/sessions/sess_local_alpha/execute status=200
2026-09-29T13:13:25.321782Z  INFO lingxi_service::sessions: run settled through the single finalize path run_id=run_000001a0ed4c7249_000104 session_id="sess_local_alpha" outcome=completed.no_final.no_provider_configured input_chars=21
2026-09-29T13:13:25.321880Z  INFO lingxi_service: request handled request_id=req-d879221ff9e81e7b091bb6199e37a987 method=POST path=/lingxi/v1/sessions/sess_local_alpha/execute status=200
2026-09-29T13:13:25.322506Z  INFO lingxi_service::sessions: run settled through the single finalize path run_id=run_000001a0ed4c724a_000105 session_id="sess_local_alpha" outcome=completed.no_final.no_provider_configured input_chars=21
2026-09-29T13:13:25.322610Z  INFO lingxi_service: request handled request_id=req-7277f34525b6acea729362d7edfe2b10 method=POST path=/lingxi/v1/sessions/sess_local_alpha/execute status=200
2026-09-29T13:13:25.323268Z  INFO lingxi_service::sessions: run settled through the single finalize path run_id=run_000001a0ed4c724a_000106 session_id="sess_local_alpha" outcome=completed.no_final.no_provider_configured input_chars=21
2026-09-29T13:13:25.323373Z  INFO lingxi_service: request handled request_id=req-3fbedff4d23de9f2833ff82ecf35670f method=POST path=/lingxi/v1/sessions/sess_local_alpha/execute status=200
2026-09-29T13:13:25.324003Z  INFO lingxi_service::sessions: run settled through the single finalize path run_id=run_000001a0ed4c724b_000107 session_id="sess_local_alpha" outcome=completed.no_final.no_provider_configured input_chars=21
2026-09-29T13:13:25.324104Z  INFO lingxi_service: request handled request_id=req-297cefa61d744377a8c3261c4036ca01 method=POST path=/lingxi/v1/sessions/sess_local_alpha/execute status=200
2026-09-29T13:13:25.324733Z  INFO lingxi_service::sessions: run settled through the single finalize path run_id=run_000001a0ed4c724c_000108 session_id="sess_local_alpha" outcome=completed.no_final.no_provider_configured input_chars=21
2026-09-29T13:13:25.324833Z  INFO lingxi_service: request handled request_id=req-80f6b304856017c92d5c5e8d93d298e6 method=POST path=/lingxi/v1/sessions/sess_local_alpha/execute status=200
2026-09-29T13:13:25.325516Z  INFO lingxi_service::sessions: run settled through the single finalize path run_id=run_000001a0ed4c724d_000109 session_id="sess_local_alpha" outcome=completed.no_final.no_provider_configured input_chars=21
2026-09-29T13:13:25.325619Z  INFO lingxi_service: request handled request_id=req-852c63ad44e602dd0c832029535bab16 method=POST path=/lingxi/v1/sessions/sess_local_alpha/execute status=200
2026-09-29T13:13:25.326251Z  INFO lingxi_service::sessions: run settled through the single finalize path run_id=run_000001a0ed4c724d_00010a session_id="sess_local_alpha" outcome=completed.no_final.no_provider_configured input_chars=21
2026-09-29T13:13:25.326354Z  INFO lingxi_service: request handled request_id=req-14d8f993f8769bc717095e98cefea8a6 method=POST path=/lingxi/v1/sessions/sess_local_alpha/execute status=200
2026-09-29T13:13:25.327000Z  INFO lingxi_service::sessions: run settled through the single finalize path run_id=run_000001a0ed4c724e_00010b session_id="sess_local_alpha" outcome=completed.no_final.no_provider_configured input_chars=21
2026-09-29T13:13:25.327108Z  INFO lingxi_service: request handled request_id=req-fa011301bc35448ed008ad0c5e358258 method=POST path=/lingxi/v1/sessions/sess_local_alpha/execute status=200
2026-09-29T13:13:25.327837Z  INFO lingxi_service::sessions: run settled through the single finalize path run_id=run_000001a0ed4c724f_00010c session_id="sess_local_alpha" outcome=completed.no_final.no_provider_configured input_chars=21
2026-09-29T13:13:25.327952Z  INFO lingxi_service: request handled request_id=req-05409150e005b34daa0846ea8f979fdf method=POST path=/lingxi/v1/sessions/sess_local_alpha/execute status=200
2026-09-29T13:13:25.328611Z  INFO lingxi_service::sessions: run settled through the single finalize path run_id=run_000001a0ed4c7250_00010d session_id="sess_local_alpha" outcome=completed.no_final.no_provider_configured input_chars=21
2026-09-29T13:13:25.328718Z  INFO lingxi_service: request handled request_id=req-848d6287c128bf1fcc9695226b50d117 method=POST path=/lingxi/v1/sessions/sess_local_alpha/execute status=200
2026-09-29T13:13:25.329370Z  INFO lingxi_service::sessions: run settled through the single finalize path run_id=run_000001a0ed4c7250_00010e session_id="sess_local_alpha" outcome=completed.no_final.no_provider_configured input_chars=21
2026-09-29T13:13:25.329476Z  INFO lingxi_service: request handled request_id=req-d052695e677613b34e41dacb9c0509b5 method=POST path=/lingxi/v1/sessions/sess_local_alpha/execute status=200
2026-09-29T13:13:25.330207Z  INFO lingxi_service::sessions: run settled through the single finalize path run_id=run_000001a0ed4c7251_00010f session_id="sess_local_alpha" outcome=completed.no_final.no_provider_configured input_chars=21
2026-09-29T13:13:25.330313Z  INFO lingxi_service: request handled request_id=req-a7366f9827d69e9443d57dc9287624c1 method=POST path=/lingxi/v1/sessions/sess_local_alpha/execute status=200
2026-09-29T13:13:25.330985Z  INFO lingxi_service::sessions: run settled through the single finalize path run_id=run_000001a0ed4c7252_000110 session_id="sess_local_alpha" outcome=completed.no_final.no_provider_configured input_chars=21
2026-09-29T13:13:25.331089Z  INFO lingxi_service: request handled request_id=req-8038d1fad9164020d7fb70bb52bd453b method=POST path=/lingxi/v1/sessions/sess_local_alpha/execute status=200
2026-09-29T13:13:25.331753Z  INFO lingxi_service::sessions: run settled through the single finalize path run_id=run_000001a0ed4c7253_000111 session_id="sess_local_alpha" outcome=completed.no_final.no_provider_configured input_chars=21
2026-09-29T13:13:25.331862Z  INFO lingxi_service: request handled request_id=req-0aff8daafb3cc553aa5f99335a862723 method=POST path=/lingxi/v1/sessions/sess_local_alpha/execute status=200
2026-09-29T13:13:25.332490Z  INFO lingxi_service::sessions: run settled through the single finalize path run_id=run_000001a0ed4c7254_000112 session_id="sess_local_alpha" outcome=completed.no_final.no_provider_configured input_chars=21
2026-09-29T13:13:25.332591Z  INFO lingxi_service: request handled request_id=req-26eb7193c03c9f9fd707d90eb4d6f7ea method=POST path=/lingxi/v1/sessions/sess_local_alpha/execute status=200
2026-09-29T13:13:25.333232Z  INFO lingxi_service::sessions: run settled through the single finalize path run_id=run_000001a0ed4c7254_000113 session_id="sess_local_alpha" outcome=completed.no_final.no_provider_configured input_chars=21
2026-09-29T13:13:25.333340Z  INFO lingxi_service: request handled request_id=req-a2631186e58d3e56bab38678b71bfc13 method=POST path=/lingxi/v1/sessions/sess_local_alpha/execute status=200
2026-09-29T13:13:25.334080Z  INFO lingxi_service::sessions: run settled through the single finalize path run_id=run_000001a0ed4c7255_000114 session_id="sess_local_alpha" outcome=completed.no_final.no_provider_configured input_chars=21
2026-09-29T13:13:25.334190Z  INFO lingxi_service: request handled request_id=req-7a51ec7b2de16dde4e4acee106614a75 method=POST path=/lingxi/v1/sessions/sess_local_alpha/execute status=200
2026-09-29T13:13:25.334840Z  INFO lingxi_service::sessions: run settled through the single finalize path run_id=run_000001a0ed4c7256_000115 session_id="sess_local_alpha" outcome=completed.no_final.no_provider_configured input_chars=21
2026-09-29T13:13:25.334947Z  INFO lingxi_service: request handled request_id=req-9ed65f271737463e10870b28ba463fed method=POST path=/lingxi/v1/sessions/sess_local_alpha/execute status=200
2026-09-29T13:13:25.335623Z  INFO lingxi_service::sessions: run settled through the single finalize path run_id=run_000001a0ed4c7257_000116 session_id="sess_local_alpha" outcome=completed.no_final.no_provider_configured input_chars=21
2026-09-29T13:13:25.335724Z  INFO lingxi_service: request handled request_id=req-80a5a68a573a85f34374090a77c730d2 method=POST path=/lingxi/v1/sessions/sess_local_alpha/execute status=200
2026-09-29T13:13:25.336375Z  INFO lingxi_service::sessions: run settled through the single finalize path run_id=run_000001a0ed4c7257_000117 session_id="sess_local_alpha" outcome=completed.no_final.no_provider_configured input_chars=21
2026-09-29T13:13:25.336482Z  INFO lingxi_service: request handled request_id=req-45896280803e3c0a31909af97a841a5a method=POST path=/lingxi/v1/sessions/sess_local_alpha/execute status=200
2026-09-29T13:13:25.337129Z  INFO lingxi_service::sessions: run settled through the single finalize path run_id=run_000001a0ed4c7258_000118 session_id="sess_local_alpha" outcome=completed.no_final.no_provider_configured input_chars=21
2026-09-29T13:13:25.337231Z  INFO lingxi_service: request handled request_id=req-f38c8bb9ae682d78731959449af7fcdb method=POST path=/lingxi/v1/sessions/sess_local_alpha/execute status=200
2026-09-29T13:13:25.337935Z  INFO lingxi_service::sessions: run settled through the single finalize path run_id=run_000001a0ed4c7259_000119 session_id="sess_local_alpha" outcome=completed.no_final.no_provider_configured input_chars=21
2026-09-29T13:13:25.338042Z  INFO lingxi_service: request handled request_id=req-3cbeace0220d79eaa762dc671ccd984f method=POST path=/lingxi/v1/sessions/sess_local_alpha/execute status=200
2026-09-29T13:13:25.338704Z  INFO lingxi_service::sessions: run settled through the single finalize path run_id=run_000001a0ed4c725a_00011a session_id="sess_local_alpha" outcome=completed.no_final.no_provider_configured input_chars=21
2026-09-29T13:13:25.338810Z  INFO lingxi_service: request handled request_id=req-2c2f05be49359b81cca0f8e2a3bfe57d method=POST path=/lingxi/v1/sessions/sess_local_alpha/execute status=200
2026-09-29T13:13:25.339460Z  INFO lingxi_service::sessions: run settled through the single finalize path run_id=run_000001a0ed4c725b_00011b session_id="sess_local_alpha" outcome=completed.no_final.no_provider_configured input_chars=21
2026-09-29T13:13:25.339563Z  INFO lingxi_service: request handled request_id=req-024fae9cb966441ab0f321393a486c22 method=POST path=/lingxi/v1/sessions/sess_local_alpha/execute status=200
2026-09-29T13:13:25.340223Z  INFO lingxi_service::sessions: run settled through the single finalize path run_id=run_000001a0ed4c725b_00011c session_id="sess_local_alpha" outcome=completed.no_final.no_provider_configured input_chars=21
2026-09-29T13:13:25.340333Z  INFO lingxi_service: request handled request_id=req-d6cadd0cf8ec6e796ddf9d9cb3ff8300 method=POST path=/lingxi/v1/sessions/sess_local_alpha/execute status=200
2026-09-29T13:13:25.340975Z  INFO lingxi_service::sessions: run settled through the single finalize path run_id=run_000001a0ed4c725c_00011d session_id="sess_local_alpha" outcome=completed.no_final.no_provider_configured input_chars=21
2026-09-29T13:13:25.341079Z  INFO lingxi_service: request handled request_id=req-62fcdccc298b10dc39bff206cdc7a75f method=POST path=/lingxi/v1/sessions/sess_local_alpha/execute status=200
2026-09-29T13:13:25.341808Z  INFO lingxi_service::sessions: run settled through the single finalize path run_id=run_000001a0ed4c725d_00011e session_id="sess_local_alpha" outcome=completed.no_final.no_provider_configured input_chars=21
2026-09-29T13:13:25.341920Z  INFO lingxi_service: request handled request_id=req-80665de41fbdcc7f5cdd11f528bb1b58 method=POST path=/lingxi/v1/sessions/sess_local_alpha/execute status=200
2026-09-29T13:13:25.342627Z  INFO lingxi_service::sessions: run settled through the single finalize path run_id=run_000001a0ed4c725e_00011f session_id="sess_local_alpha" outcome=completed.no_final.no_provider_configured input_chars=21
2026-09-29T13:13:25.342735Z  INFO lingxi_service: request handled request_id=req-e259ca56f15bb6a36687e782b93c5ab7 method=POST path=/lingxi/v1/sessions/sess_local_alpha/execute status=200
2026-09-29T13:13:25.343410Z  INFO lingxi_service::sessions: run settled through the single finalize path run_id=run_000001a0ed4c725e_000120 session_id="sess_local_alpha" outcome=completed.no_final.no_provider_configured input_chars=21
2026-09-29T13:13:25.343515Z  INFO lingxi_service: request handled request_id=req-111d15f6bced0599ce818cb19058499a method=POST path=/lingxi/v1/sessions/sess_local_alpha/execute status=200
2026-09-29T13:13:25.344179Z  INFO lingxi_service::sessions: run settled through the single finalize path run_id=run_000001a0ed4c725f_000121 session_id="sess_local_alpha" outcome=completed.no_final.no_provider_configured input_chars=21
2026-09-29T13:13:25.344286Z  INFO lingxi_service: request handled request_id=req-dc08f9e1a4e7abce5648d0288b94a71a method=POST path=/lingxi/v1/sessions/sess_local_alpha/execute status=200
2026-09-29T13:13:25.344916Z  INFO lingxi_service::sessions: run settled through the single finalize path run_id=run_000001a0ed4c7260_000122 session_id="sess_local_alpha" outcome=completed.no_final.no_provider_configured input_chars=21
2026-09-29T13:13:25.345024Z  INFO lingxi_service: request handled request_id=req-c7ac44fb50d74e46ddc773c7bc4b8f53 method=POST path=/lingxi/v1/sessions/sess_local_alpha/execute status=200
2026-09-29T13:13:25.345683Z  INFO lingxi_service::sessions: run settled through the single finalize path run_id=run_000001a0ed4c7261_000123 session_id="sess_local_alpha" outcome=completed.no_final.no_provider_configured input_chars=21
2026-09-29T13:13:25.345786Z  INFO lingxi_service: request handled request_id=req-f9b606b9747e3efd0ff40071fed6f06e method=POST path=/lingxi/v1/sessions/sess_local_alpha/execute status=200
2026-09-29T13:13:25.346425Z  INFO lingxi_service::sessions: run settled through the single finalize path run_id=run_000001a0ed4c7262_000124 session_id="sess_local_alpha" outcome=completed.no_final.no_provider_configured input_chars=21
2026-09-29T13:13:25.346533Z  INFO lingxi_service: request handled request_id=req-8fd44613f9561f48dca54ab7808b07d4 method=POST path=/lingxi/v1/sessions/sess_local_alpha/execute status=200
2026-09-29T13:13:25.347215Z  INFO lingxi_service::sessions: run settled through the single finalize path run_id=run_000001a0ed4c7262_000125 session_id="sess_local_alpha" outcome=completed.no_final.no_provider_configured input_chars=21
2026-09-29T13:13:25.347322Z  INFO lingxi_service: request handled request_id=req-2d99086e4e1a3f319c746ba9c19c9857 method=POST path=/lingxi/v1/sessions/sess_local_alpha/execute status=200
2026-09-29T13:13:25.347972Z  INFO lingxi_service::sessions: run settled through the single finalize path run_id=run_000001a0ed4c7263_000126 session_id="sess_local_alpha" outcome=completed.no_final.no_provider_configured input_chars=21
2026-09-29T13:13:25.348075Z  INFO lingxi_service: request handled request_id=req-304b8b0ead9c8bbe496d7929e4032c2c method=POST path=/lingxi/v1/sessions/sess_local_alpha/execute status=200
2026-09-29T13:13:25.348724Z  INFO lingxi_service::sessions: run settled through the single finalize path run_id=run_000001a0ed4c7264_000127 session_id="sess_local_alpha" outcome=completed.no_final.no_provider_configured input_chars=21
2026-09-29T13:13:25.348828Z  INFO lingxi_service: request handled request_id=req-b3442160881375b783bccc1fc05759de method=POST path=/lingxi/v1/sessions/sess_local_alpha/execute status=200
2026-09-29T13:13:25.349469Z  INFO lingxi_service::sessions: run settled through the single finalize path run_id=run_000001a0ed4c7265_000128 session_id="sess_local_alpha" outcome=completed.no_final.no_provider_configured input_chars=21
2026-09-29T13:13:25.349576Z  INFO lingxi_service: request handled request_id=req-bb828d0a80bf97ea1f3b18de94567521 method=POST path=/lingxi/v1/sessions/sess_local_alpha/execute status=200
2026-09-29T13:13:25.350308Z  INFO lingxi_service::sessions: run settled through the single finalize path run_id=run_000001a0ed4c7265_000129 session_id="sess_local_alpha" outcome=completed.no_final.no_provider_configured input_chars=21
2026-09-29T13:13:25.350411Z  INFO lingxi_service: request handled request_id=req-df1e26d518a68c1e1df293f001dbaa67 method=POST path=/lingxi/v1/sessions/sess_local_alpha/execute status=200
2026-09-29T13:13:25.351107Z  INFO lingxi_service::sessions: run settled through the single finalize path run_id=run_000001a0ed4c7266_00012a session_id="sess_local_alpha" outcome=completed.no_final.no_provider_configured input_chars=21
2026-09-29T13:13:25.351218Z  INFO lingxi_service: request handled request_id=req-40b8019cd7b85bf9e90312365fa56fb1 method=POST path=/lingxi/v1/sessions/sess_local_alpha/execute status=200
2026-09-29T13:13:25.351937Z  INFO lingxi_service::sessions: run settled through the single finalize path run_id=run_000001a0ed4c7267_00012b session_id="sess_local_alpha" outcome=completed.no_final.no_provider_configured input_chars=21
2026-09-29T13:13:25.352039Z  INFO lingxi_service: request handled request_id=req-469d7dfd1a2f68b8d2864b13b454132f method=POST path=/lingxi/v1/sessions/sess_local_alpha/execute status=200
2026-09-29T13:13:25.352726Z  INFO lingxi_service::sessions: run settled through the single finalize path run_id=run_000001a0ed4c7268_00012c session_id="sess_local_alpha" outcome=completed.no_final.no_provider_configured input_chars=21
2026-09-29T13:13:25.352830Z  INFO lingxi_service: request handled request_id=req-4afdd2f14a778af147aa01570e711f2d method=POST path=/lingxi/v1/sessions/sess_local_alpha/execute status=200
2026-09-29T13:13:25.353490Z  INFO lingxi_service::sessions: run settled through the single finalize path run_id=run_000001a0ed4c7269_00012d session_id="sess_local_alpha" outcome=completed.no_final.no_provider_configured input_chars=21
2026-09-29T13:13:25.353598Z  INFO lingxi_service: request handled request_id=req-f4de344a24d5e5c1aa475a6a11e8a577 method=POST path=/lingxi/v1/sessions/sess_local_alpha/execute status=200
2026-09-29T13:13:25.354233Z  INFO lingxi_service::sessions: run settled through the single finalize path run_id=run_000001a0ed4c7269_00012e session_id="sess_local_alpha" outcome=completed.no_final.no_provider_configured input_chars=21
2026-09-29T13:13:25.354338Z  INFO lingxi_service: request handled request_id=req-36c255f3396a948f9bc787f013052b75 method=POST path=/lingxi/v1/sessions/sess_local_alpha/execute status=200
2026-09-29T13:13:25.354978Z  INFO lingxi_service::sessions: run settled through the single finalize path run_id=run_000001a0ed4c726a_00012f session_id="sess_local_alpha" outcome=completed.no_final.no_provider_configured input_chars=21
2026-09-29T13:13:25.355085Z  INFO lingxi_service: request handled request_id=req-8ceb732e8e16fe65451b1e367bb8768c method=POST path=/lingxi/v1/sessions/sess_local_alpha/execute status=200
2026-09-29T13:13:25.356149Z  INFO lingxi_service::sessions: run settled through the single finalize path run_id=run_000001a0ed4c726b_000130 session_id="sess_local_alpha" outcome=completed.no_final.no_provider_configured input_chars=21
2026-09-29T13:13:25.356260Z  INFO lingxi_service: request handled request_id=req-02138d07722b8ffea1c6c5cacea3c116 method=POST path=/lingxi/v1/sessions/sess_local_alpha/execute status=200
2026-09-29T13:13:25.356903Z  INFO lingxi_service::sessions: run settled through the single finalize path run_id=run_000001a0ed4c726c_000131 session_id="sess_local_alpha" outcome=completed.no_final.no_provider_configured input_chars=21
2026-09-29T13:13:25.357010Z  INFO lingxi_service: request handled request_id=req-6157cceff9076354ae7e49a9ee6ed10e method=POST path=/lingxi/v1/sessions/sess_local_alpha/execute status=200
2026-09-29T13:13:25.357662Z  INFO lingxi_service::sessions: run settled through the single finalize path run_id=run_000001a0ed4c726d_000132 session_id="sess_local_alpha" outcome=completed.no_final.no_provider_configured input_chars=21
2026-09-29T13:13:25.357771Z  INFO lingxi_service: request handled request_id=req-b76cd6f761b6ab3984e835e8b4a4c509 method=POST path=/lingxi/v1/sessions/sess_local_alpha/execute status=200
2026-09-29T13:13:25.358403Z  INFO lingxi_service::sessions: run settled through the single finalize path run_id=run_000001a0ed4c726e_000133 session_id="sess_local_alpha" outcome=completed.no_final.no_provider_configured input_chars=21
2026-09-29T13:13:25.358511Z  INFO lingxi_service: request handled request_id=req-76f700e2ed40af34e885b208c3bdef5c method=POST path=/lingxi/v1/sessions/sess_local_alpha/execute status=200
2026-09-29T13:13:25.359157Z  INFO lingxi_service::sessions: run settled through the single finalize path run_id=run_000001a0ed4c726e_000134 session_id="sess_local_alpha" outcome=completed.no_final.no_provider_configured input_chars=21
2026-09-29T13:13:25.359264Z  INFO lingxi_service: request handled request_id=req-ff50948f16432156c7844b39dbca87d3 method=POST path=/lingxi/v1/sessions/sess_local_alpha/execute status=200
2026-09-29T13:13:25.359908Z  INFO lingxi_service::sessions: run settled through the single finalize path run_id=run_000001a0ed4c726f_000135 session_id="sess_local_alpha" outcome=completed.no_final.no_provider_configured input_chars=21
2026-09-29T13:13:25.360016Z  INFO lingxi_service: request handled request_id=req-4fea0ae48b24dd363b3ea543de7b1798 method=POST path=/lingxi/v1/sessions/sess_local_alpha/execute status=200
2026-09-29T13:13:25.360673Z  INFO lingxi_service::sessions: run settled through the single finalize path run_id=run_000001a0ed4c7270_000136 session_id="sess_local_alpha" outcome=completed.no_final.no_provider_configured input_chars=21
2026-09-29T13:13:25.360783Z  INFO lingxi_service: request handled request_id=req-78aa1bcbfcd020efcaf37e82f0f0cb39 method=POST path=/lingxi/v1/sessions/sess_local_alpha/execute status=200
2026-09-29T13:13:25.361440Z  INFO lingxi_service::sessions: run settled through the single finalize path run_id=run_000001a0ed4c7271_000137 session_id="sess_local_alpha" outcome=completed.no_final.no_provider_configured input_chars=21
2026-09-29T13:13:25.361549Z  INFO lingxi_service: request handled request_id=req-21e94d9d3e53566a159e288ddf40475b method=POST path=/lingxi/v1/sessions/sess_local_alpha/execute status=200
2026-09-29T13:13:25.362169Z  INFO lingxi_service::sessions: run settled through the single finalize path run_id=run_000001a0ed4c7271_000138 session_id="sess_local_alpha" outcome=completed.no_final.no_provider_configured input_chars=21
2026-09-29T13:13:25.362276Z  INFO lingxi_service: request handled request_id=req-77d477c450f254bf0c17f0d4c8f601a6 method=POST path=/lingxi/v1/sessions/sess_local_alpha/execute status=200
2026-09-29T13:13:25.362934Z  INFO lingxi_service::sessions: run settled through the single finalize path run_id=run_000001a0ed4c7272_000139 session_id="sess_local_alpha" outcome=completed.no_final.no_provider_configured input_chars=21
2026-09-29T13:13:25.363039Z  INFO lingxi_service: request handled request_id=req-b7b74e31215a27120b48ac20b30d9169 method=POST path=/lingxi/v1/sessions/sess_local_alpha/execute status=200
2026-09-29T13:13:25.363665Z  INFO lingxi_service::sessions: run settled through the single finalize path run_id=run_000001a0ed4c7273_00013a session_id="sess_local_alpha" outcome=completed.no_final.no_provider_configured input_chars=21
2026-09-29T13:13:25.363776Z  INFO lingxi_service: request handled request_id=req-dc0421c07d9f83fd44576e04d9e5458c method=POST path=/lingxi/v1/sessions/sess_local_alpha/execute status=200
2026-09-29T13:13:25.364406Z  INFO lingxi_service::sessions: run settled through the single finalize path run_id=run_000001a0ed4c7274_00013b session_id="sess_local_alpha" outcome=completed.no_final.no_provider_configured input_chars=21
2026-09-29T13:13:25.364510Z  INFO lingxi_service: request handled request_id=req-15c28c4e45a28c3830097e17d9e0ff92 method=POST path=/lingxi/v1/sessions/sess_local_alpha/execute status=200
2026-09-29T13:13:25.365183Z  INFO lingxi_service::sessions: run settled through the single finalize path run_id=run_000001a0ed4c7274_00013c session_id="sess_local_alpha" outcome=completed.no_final.no_provider_configured input_chars=21
2026-09-29T13:13:25.365294Z  INFO lingxi_service: request handled request_id=req-adde96c2924a6d9be74ed8574f7119b7 method=POST path=/lingxi/v1/sessions/sess_local_alpha/execute status=200
2026-09-29T13:13:25.365948Z  INFO lingxi_service::sessions: run settled through the single finalize path run_id=run_000001a0ed4c7275_00013d session_id="sess_local_alpha" outcome=completed.no_final.no_provider_configured input_chars=21
2026-09-29T13:13:25.366056Z  INFO lingxi_service: request handled request_id=req-d51de3f273834ac49d66b54d8db5916f method=POST path=/lingxi/v1/sessions/sess_local_alpha/execute status=200
2026-09-29T13:13:25.366710Z  INFO lingxi_service::sessions: run settled through the single finalize path run_id=run_000001a0ed4c7276_00013e session_id="sess_local_alpha" outcome=completed.no_final.no_provider_configured input_chars=21
2026-09-29T13:13:25.366818Z  INFO lingxi_service: request handled request_id=req-558f1561ed04e39e12a6a9373368d39e method=POST path=/lingxi/v1/sessions/sess_local_alpha/execute status=200
2026-09-29T13:13:25.367465Z  INFO lingxi_service::sessions: run settled through the single finalize path run_id=run_000001a0ed4c7277_00013f session_id="sess_local_alpha" outcome=completed.no_final.no_provider_configured input_chars=21
2026-09-29T13:13:25.367574Z  INFO lingxi_service: request handled request_id=req-8020c089f93d8a08d6fb8616262ad324 method=POST path=/lingxi/v1/sessions/sess_local_alpha/execute status=200
2026-09-29T13:13:25.368228Z  INFO lingxi_service::sessions: run settled through the single finalize path run_id=run_000001a0ed4c7277_000140 session_id="sess_local_alpha" outcome=completed.no_final.no_provider_configured input_chars=21
2026-09-29T13:13:25.368334Z  INFO lingxi_service: request handled request_id=req-c18aff414d7a8efe884bb3607140be81 method=POST path=/lingxi/v1/sessions/sess_local_alpha/execute status=200
2026-09-29T13:13:25.368989Z  INFO lingxi_service::sessions: run settled through the single finalize path run_id=run_000001a0ed4c7278_000141 session_id="sess_local_alpha" outcome=completed.no_final.no_provider_configured input_chars=21
2026-09-29T13:13:25.369099Z  INFO lingxi_service: request handled request_id=req-f0cbc2df9eabb2c987bf20fe84926356 method=POST path=/lingxi/v1/sessions/sess_local_alpha/execute status=200
2026-09-29T13:13:25.369772Z  INFO lingxi_service::sessions: run settled through the single finalize path run_id=run_000001a0ed4c7279_000142 session_id="sess_local_alpha" outcome=completed.no_final.no_provider_configured input_chars=21
2026-09-29T13:13:25.369878Z  INFO lingxi_service: request handled request_id=req-714978f17121547e07e13bb08a3be8bd method=POST path=/lingxi/v1/sessions/sess_local_alpha/execute status=200
2026-09-29T13:13:25.370537Z  INFO lingxi_service::sessions: run settled through the single finalize path run_id=run_000001a0ed4c727a_000143 session_id="sess_local_alpha" outcome=completed.no_final.no_provider_configured input_chars=21
2026-09-29T13:13:25.370645Z  INFO lingxi_service: request handled request_id=req-f35f678d4b2c9533e39906272a1d1338 method=POST path=/lingxi/v1/sessions/sess_local_alpha/execute status=200
2026-09-29T13:13:25.371272Z  INFO lingxi_service::sessions: run settled through the single finalize path run_id=run_000001a0ed4c727a_000144 session_id="sess_local_alpha" outcome=completed.no_final.no_provider_configured input_chars=21
2026-09-29T13:13:25.371384Z  INFO lingxi_service: request handled request_id=req-3192849ad81782be7ad0bc77d7470c51 method=POST path=/lingxi/v1/sessions/sess_local_alpha/execute status=200
2026-09-29T13:13:25.372016Z  INFO lingxi_service::sessions: run settled through the single finalize path run_id=run_000001a0ed4c727b_000145 session_id="sess_local_alpha" outcome=completed.no_final.no_provider_configured input_chars=21
2026-09-29T13:13:25.372123Z  INFO lingxi_service: request handled request_id=req-0ac064e27fdeef61591f60d6692d5f6c method=POST path=/lingxi/v1/sessions/sess_local_alpha/execute status=200
2026-09-29T13:13:25.372775Z  INFO lingxi_service::sessions: run settled through the single finalize path run_id=run_000001a0ed4c727c_000146 session_id="sess_local_alpha" outcome=completed.no_final.no_provider_configured input_chars=21
2026-09-29T13:13:25.372885Z  INFO lingxi_service: request handled request_id=req-a30a90541e50a4bb472c51f5935b3cc4 method=POST path=/lingxi/v1/sessions/sess_local_alpha/execute status=200
2026-09-29T13:13:25.373501Z  INFO lingxi_service::sessions: run settled through the single finalize path run_id=run_000001a0ed4c727d_000147 session_id="sess_local_alpha" outcome=completed.no_final.no_provider_configured input_chars=21
2026-09-29T13:13:25.373609Z  INFO lingxi_service: request handled request_id=req-41c9aa7dbf88b612625b6d3e0224adb4 method=POST path=/lingxi/v1/sessions/sess_local_alpha/execute status=200
2026-09-29T13:13:25.374344Z  INFO lingxi_service::sessions: run settled through the single finalize path run_id=run_000001a0ed4c727d_000148 session_id="sess_local_alpha" outcome=completed.no_final.no_provider_configured input_chars=21
2026-09-29T13:13:25.374452Z  INFO lingxi_service: request handled request_id=req-e7bdfcb4c42cfeae46dea8c1a54e02f0 method=POST path=/lingxi/v1/sessions/sess_local_alpha/execute status=200
2026-09-29T13:13:25.375090Z  INFO lingxi_service::sessions: run settled through the single finalize path run_id=run_000001a0ed4c727e_000149 session_id="sess_local_alpha" outcome=completed.no_final.no_provider_configured input_chars=21
2026-09-29T13:13:25.375197Z  INFO lingxi_service: request handled request_id=req-15cb3ea31f7e76c8e03dfb10cfc89ded method=POST path=/lingxi/v1/sessions/sess_local_alpha/execute status=200
2026-09-29T13:13:25.375864Z  INFO lingxi_service::sessions: run settled through the single finalize path run_id=run_000001a0ed4c727f_00014a session_id="sess_local_alpha" outcome=completed.no_final.no_provider_configured input_chars=21
2026-09-29T13:13:25.375971Z  INFO lingxi_service: request handled request_id=req-8752ae9a7e2a55ccc5c5ed19353743f9 method=POST path=/lingxi/v1/sessions/sess_local_alpha/execute status=200
2026-09-29T13:13:25.376663Z  INFO lingxi_service::sessions: run settled through the single finalize path run_id=run_000001a0ed4c7280_00014b session_id="sess_local_alpha" outcome=completed.no_final.no_provider_configured input_chars=21
2026-09-29T13:13:25.376768Z  INFO lingxi_service: request handled request_id=req-37d027bde54f69256f0f63eb6e329a0f method=POST path=/lingxi/v1/sessions/sess_local_alpha/execute status=200
2026-09-29T13:13:25.377476Z  INFO lingxi_service::sessions: run settled through the single finalize path run_id=run_000001a0ed4c7281_00014c session_id="sess_local_alpha" outcome=completed.no_final.no_provider_configured input_chars=21
2026-09-29T13:13:25.377584Z  INFO lingxi_service: request handled request_id=req-8e837192cd64603db9dd2a7758591e4f method=POST path=/lingxi/v1/sessions/sess_local_alpha/execute status=200
2026-09-29T13:13:25.378253Z  INFO lingxi_service::sessions: run settled through the single finalize path run_id=run_000001a0ed4c7281_00014d session_id="sess_local_alpha" outcome=completed.no_final.no_provider_configured input_chars=21
2026-09-29T13:13:25.378363Z  INFO lingxi_service: request handled request_id=req-aa729c96c751d2e264169877091daa74 method=POST path=/lingxi/v1/sessions/sess_local_alpha/execute status=200
2026-09-29T13:13:25.379021Z  INFO lingxi_service::sessions: run settled through the single finalize path run_id=run_000001a0ed4c7282_00014e session_id="sess_local_alpha" outcome=completed.no_final.no_provider_configured input_chars=22
2026-09-29T13:13:25.379129Z  INFO lingxi_service: request handled request_id=req-46c54b3574313af2bb25f8dafde9c5f6 method=POST path=/lingxi/v1/sessions/sess_local_alpha/execute status=200
2026-09-29T13:13:25.379768Z  INFO lingxi_service::sessions: run settled through the single finalize path run_id=run_000001a0ed4c7283_00014f session_id="sess_local_alpha" outcome=completed.no_final.no_provider_configured input_chars=22
2026-09-29T13:13:25.379877Z  INFO lingxi_service: request handled request_id=req-eeac70c4905179ec15338a2566becbaa method=POST path=/lingxi/v1/sessions/sess_local_alpha/execute status=200
2026-09-29T13:13:25.380570Z  INFO lingxi_service::sessions: run settled through the single finalize path run_id=run_000001a0ed4c7284_000150 session_id="sess_local_alpha" outcome=completed.no_final.no_provider_configured input_chars=22
2026-09-29T13:13:25.380681Z  INFO lingxi_service: request handled request_id=req-e9d50577595c14f0f48f58caa7e3c5f0 method=POST path=/lingxi/v1/sessions/sess_local_alpha/execute status=200
2026-09-29T13:13:25.381331Z  INFO lingxi_service::sessions: run settled through the single finalize path run_id=run_000001a0ed4c7284_000151 session_id="sess_local_alpha" outcome=completed.no_final.no_provider_configured input_chars=22
2026-09-29T13:13:25.381438Z  INFO lingxi_service: request handled request_id=req-e5a141b2a0319a5562e766b6456f22ad method=POST path=/lingxi/v1/sessions/sess_local_alpha/execute status=200
2026-09-29T13:13:25.382108Z  INFO lingxi_service::sessions: run settled through the single finalize path run_id=run_000001a0ed4c7285_000152 session_id="sess_local_alpha" outcome=completed.no_final.no_provider_configured input_chars=22
2026-09-29T13:13:25.382216Z  INFO lingxi_service: request handled request_id=req-43acf5ffac2ac6e20ec00b3b9a4ff9f2 method=POST path=/lingxi/v1/sessions/sess_local_alpha/execute status=200
2026-09-29T13:13:25.382879Z  INFO lingxi_service::sessions: run settled through the single finalize path run_id=run_000001a0ed4c7286_000153 session_id="sess_local_alpha" outcome=completed.no_final.no_provider_configured input_chars=22
2026-09-29T13:13:25.382988Z  INFO lingxi_service: request handled request_id=req-c76e9df597887a3de5fb011f6009aaac method=POST path=/lingxi/v1/sessions/sess_local_alpha/execute status=200
2026-09-29T13:13:25.383648Z  INFO lingxi_service::sessions: run settled through the single finalize path run_id=run_000001a0ed4c7287_000154 session_id="sess_local_alpha" outcome=completed.no_final.no_provider_configured input_chars=22
2026-09-29T13:13:25.383756Z  INFO lingxi_service: request handled request_id=req-8e8c455d2ae1a193d831c609153eb511 method=POST path=/lingxi/v1/sessions/sess_local_alpha/execute status=200
2026-09-29T13:13:25.384389Z  INFO lingxi_service::sessions: run settled through the single finalize path run_id=run_000001a0ed4c7288_000155 session_id="sess_local_alpha" outcome=completed.no_final.no_provider_configured input_chars=22
2026-09-29T13:13:25.384500Z  INFO lingxi_service: request handled request_id=req-643770919a7c8edc1f8d226b04c8521f method=POST path=/lingxi/v1/sessions/sess_local_alpha/execute status=200
2026-09-29T13:13:25.385139Z  INFO lingxi_service::sessions: run settled through the single finalize path run_id=run_000001a0ed4c7288_000156 session_id="sess_local_alpha" outcome=completed.no_final.no_provider_configured input_chars=22
2026-09-29T13:13:25.385247Z  INFO lingxi_service: request handled request_id=req-5b4f76e67dbbfbf95647ccdd9621e79b method=POST path=/lingxi/v1/sessions/sess_local_alpha/execute status=200
2026-09-29T13:13:25.385956Z  INFO lingxi_service::sessions: run settled through the single finalize path run_id=run_000001a0ed4c7289_000157 session_id="sess_local_alpha" outcome=completed.no_final.no_provider_configured input_chars=22
2026-09-29T13:13:25.386065Z  INFO lingxi_service: request handled request_id=req-5f638e2e3d6675619e338d4fbbd58e66 method=POST path=/lingxi/v1/sessions/sess_local_alpha/execute status=200
2026-09-29T13:13:25.386717Z  INFO lingxi_service::sessions: run settled through the single finalize path run_id=run_000001a0ed4c728a_000158 session_id="sess_local_alpha" outcome=completed.no_final.no_provider_configured input_chars=22
2026-09-29T13:13:25.386824Z  INFO lingxi_service: request handled request_id=req-d0a70f2f9b995e92173b0d120a808841 method=POST path=/lingxi/v1/sessions/sess_local_alpha/execute status=200
2026-09-29T13:13:25.387478Z  INFO lingxi_service::sessions: run settled through the single finalize path run_id=run_000001a0ed4c728b_000159 session_id="sess_local_alpha" outcome=completed.no_final.no_provider_configured input_chars=22
2026-09-29T13:13:25.387588Z  INFO lingxi_service: request handled request_id=req-fe196bf9000a27211bd0e9380975a23d method=POST path=/lingxi/v1/sessions/sess_local_alpha/execute status=200
2026-09-29T13:13:25.388210Z  INFO lingxi_service::sessions: run settled through the single finalize path run_id=run_000001a0ed4c728b_00015a session_id="sess_local_alpha" outcome=completed.no_final.no_provider_configured input_chars=22
2026-09-29T13:13:25.388319Z  INFO lingxi_service: request handled request_id=req-f6d1bf54c1ac7e1b3873c6f4f01e4004 method=POST path=/lingxi/v1/sessions/sess_local_alpha/execute status=200
2026-09-29T13:13:25.389011Z  INFO lingxi_service::sessions: run settled through the single finalize path run_id=run_000001a0ed4c728c_00015b session_id="sess_local_alpha" outcome=completed.no_final.no_provider_configured input_chars=22
2026-09-29T13:13:25.389122Z  INFO lingxi_service: request handled request_id=req-2aa150596c9615598f4cbfb83372cdfa method=POST path=/lingxi/v1/sessions/sess_local_alpha/execute status=200
2026-09-29T13:13:25.389782Z  INFO lingxi_service::sessions: run settled through the single finalize path run_id=run_000001a0ed4c728d_00015c session_id="sess_local_alpha" outcome=completed.no_final.no_provider_configured input_chars=22
2026-09-29T13:13:25.389892Z  INFO lingxi_service: request handled request_id=req-ab74eb2fb1b72f0d94c9bcc65d7e428d method=POST path=/lingxi/v1/sessions/sess_local_alpha/execute status=200
2026-09-29T13:13:25.390561Z  INFO lingxi_service::sessions: run settled through the single finalize path run_id=run_000001a0ed4c728e_00015d session_id="sess_local_alpha" outcome=completed.no_final.no_provider_configured input_chars=22
2026-09-29T13:13:25.390668Z  INFO lingxi_service: request handled request_id=req-2bda1d72a2f9e46672296a28b02f6c0b method=POST path=/lingxi/v1/sessions/sess_local_alpha/execute status=200
2026-09-29T13:13:25.391344Z  INFO lingxi_service::sessions: run settled through the single finalize path run_id=run_000001a0ed4c728e_00015e session_id="sess_local_alpha" outcome=completed.no_final.no_provider_configured input_chars=22
2026-09-29T13:13:25.391451Z  INFO lingxi_service: request handled request_id=req-731eb130581146a0fdd9f0a72fa8ecc5 method=POST path=/lingxi/v1/sessions/sess_local_alpha/execute status=200
2026-09-29T13:13:25.392082Z  INFO lingxi_service::sessions: run settled through the single finalize path run_id=run_000001a0ed4c728f_00015f session_id="sess_local_alpha" outcome=completed.no_final.no_provider_configured input_chars=22
2026-09-29T13:13:25.392188Z  INFO lingxi_service: request handled request_id=req-b6e0ab774b7b5f76ec513e0dc29b5434 method=POST path=/lingxi/v1/sessions/sess_local_alpha/execute status=200
2026-09-29T13:13:25.392835Z  INFO lingxi_service::sessions: run settled through the single finalize path run_id=run_000001a0ed4c7290_000160 session_id="sess_local_alpha" outcome=completed.no_final.no_provider_configured input_chars=22
2026-09-29T13:13:25.392943Z  INFO lingxi_service: request handled request_id=req-b343f3a5a09ff29b80d187405a742678 method=POST path=/lingxi/v1/sessions/sess_local_alpha/execute status=200
2026-09-29T13:13:25.394033Z  INFO lingxi_service::sessions: run settled through the single finalize path run_id=run_000001a0ed4c7291_000161 session_id="sess_local_alpha" outcome=completed.no_final.no_provider_configured input_chars=22
2026-09-29T13:13:25.394142Z  INFO lingxi_service: request handled request_id=req-32873336317bb7a762c9524c782a4e8c method=POST path=/lingxi/v1/sessions/sess_local_alpha/execute status=200
2026-09-29T13:13:25.394894Z  INFO lingxi_service::sessions: run settled through the single finalize path run_id=run_000001a0ed4c7292_000162 session_id="sess_local_alpha" outcome=completed.no_final.no_provider_configured input_chars=22
2026-09-29T13:13:25.395009Z  INFO lingxi_service: request handled request_id=req-e70ba6a4de4f8a8d641a16cf1f3a6b59 method=POST path=/lingxi/v1/sessions/sess_local_alpha/execute status=200
2026-09-29T13:13:25.395719Z  INFO lingxi_service::sessions: run settled through the single finalize path run_id=run_000001a0ed4c7293_000163 session_id="sess_local_alpha" outcome=completed.no_final.no_provider_configured input_chars=22
2026-09-29T13:13:25.395831Z  INFO lingxi_service: request handled request_id=req-aec570766fb7ab3ce4667087c9796545 method=POST path=/lingxi/v1/sessions/sess_local_alpha/execute status=200
2026-09-29T13:13:25.396463Z  INFO lingxi_service::sessions: run settled through the single finalize path run_id=run_000001a0ed4c7294_000164 session_id="sess_local_alpha" outcome=completed.no_final.no_provider_configured input_chars=22
2026-09-29T13:13:25.396571Z  INFO lingxi_service: request handled request_id=req-8ad15e36c3587bb8fcb8896414930152 method=POST path=/lingxi/v1/sessions/sess_local_alpha/execute status=200
2026-09-29T13:13:25.397208Z  INFO lingxi_service::sessions: run settled through the single finalize path run_id=run_000001a0ed4c7294_000165 session_id="sess_local_alpha" outcome=completed.no_final.no_provider_configured input_chars=22
2026-09-29T13:13:25.397321Z  INFO lingxi_service: request handled request_id=req-14d81390aedb693cbcf0c508574ea280 method=POST path=/lingxi/v1/sessions/sess_local_alpha/execute status=200
2026-09-29T13:13:25.397971Z  INFO lingxi_service::sessions: run settled through the single finalize path run_id=run_000001a0ed4c7295_000166 session_id="sess_local_alpha" outcome=completed.no_final.no_provider_configured input_chars=22
2026-09-29T13:13:25.398080Z  INFO lingxi_service: request handled request_id=req-5ec1ee7a6f9cbc8407f722dee0b25cd5 method=POST path=/lingxi/v1/sessions/sess_local_alpha/execute status=200
2026-09-29T13:13:25.398702Z  INFO lingxi_service::sessions: run settled through the single finalize path run_id=run_000001a0ed4c7296_000167 session_id="sess_local_alpha" outcome=completed.no_final.no_provider_configured input_chars=22
2026-09-29T13:13:25.398808Z  INFO lingxi_service: request handled request_id=req-38f213296c5f839c841e6b40f666a8a6 method=POST path=/lingxi/v1/sessions/sess_local_alpha/execute status=200
2026-09-29T13:13:25.399473Z  INFO lingxi_service::sessions: run settled through the single finalize path run_id=run_000001a0ed4c7297_000168 session_id="sess_local_alpha" outcome=completed.no_final.no_provider_configured input_chars=22
2026-09-29T13:13:25.399585Z  INFO lingxi_service: request handled request_id=req-2834a754e92416453ad3fbe09a3bf5dd method=POST path=/lingxi/v1/sessions/sess_local_alpha/execute status=200
2026-09-29T13:13:25.400212Z  INFO lingxi_service::sessions: run settled through the single finalize path run_id=run_000001a0ed4c7297_000169 session_id="sess_local_alpha" outcome=completed.no_final.no_provider_configured input_chars=22
2026-09-29T13:13:25.400321Z  INFO lingxi_service: request handled request_id=req-32fbf37886d06075d40fc5550fba3697 method=POST path=/lingxi/v1/sessions/sess_local_alpha/execute status=200
2026-09-29T13:13:25.400995Z  INFO lingxi_service::sessions: run settled through the single finalize path run_id=run_000001a0ed4c7298_00016a session_id="sess_local_alpha" outcome=completed.no_final.no_provider_configured input_chars=22
2026-09-29T13:13:25.401106Z  INFO lingxi_service: request handled request_id=req-b5926d7ec9e1b8775470c0d2406b50ea method=POST path=/lingxi/v1/sessions/sess_local_alpha/execute status=200
2026-09-29T13:13:25.401728Z  INFO lingxi_service::sessions: run settled through the single finalize path run_id=run_000001a0ed4c7299_00016b session_id="sess_local_alpha" outcome=completed.no_final.no_provider_configured input_chars=22
2026-09-29T13:13:25.401836Z  INFO lingxi_service: request handled request_id=req-e7bf4410052bb35304100e94818b8f41 method=POST path=/lingxi/v1/sessions/sess_local_alpha/execute status=200
2026-09-29T13:13:25.402498Z  INFO lingxi_service::sessions: run settled through the single finalize path run_id=run_000001a0ed4c729a_00016c session_id="sess_local_alpha" outcome=completed.no_final.no_provider_configured input_chars=22
2026-09-29T13:13:25.402606Z  INFO lingxi_service: request handled request_id=req-4cca327edb8fd962a454927a8c67009f method=POST path=/lingxi/v1/sessions/sess_local_alpha/execute status=200
2026-09-29T13:13:25.403236Z  INFO lingxi_service::sessions: run settled through the single finalize path run_id=run_000001a0ed4c729a_00016d session_id="sess_local_alpha" outcome=completed.no_final.no_provider_configured input_chars=22
2026-09-29T13:13:25.403348Z  INFO lingxi_service: request handled request_id=req-521d3e6dfcc307d4d6043179e1143163 method=POST path=/lingxi/v1/sessions/sess_local_alpha/execute status=200
2026-09-29T13:13:25.404034Z  INFO lingxi_service::sessions: run settled through the single finalize path run_id=run_000001a0ed4c729b_00016e session_id="sess_local_alpha" outcome=completed.no_final.no_provider_configured input_chars=22
2026-09-29T13:13:25.404141Z  INFO lingxi_service: request handled request_id=req-da82261e3a665571fc15d9f4ee9aef55 method=POST path=/lingxi/v1/sessions/sess_local_alpha/execute status=200
2026-09-29T13:13:25.404881Z  INFO lingxi_service::sessions: run settled through the single finalize path run_id=run_000001a0ed4c729c_00016f session_id="sess_local_alpha" outcome=completed.no_final.no_provider_configured input_chars=22
2026-09-29T13:13:25.404993Z  INFO lingxi_service: request handled request_id=req-bf2c919e308d9c6b8430f249aac30bd3 method=POST path=/lingxi/v1/sessions/sess_local_alpha/execute status=200
2026-09-29T13:13:25.405620Z  INFO lingxi_service::sessions: run settled through the single finalize path run_id=run_000001a0ed4c729d_000170 session_id="sess_local_alpha" outcome=completed.no_final.no_provider_configured input_chars=22
2026-09-29T13:13:25.405730Z  INFO lingxi_service: request handled request_id=req-0dbf0c7790551c30b4e177db6dd0969c method=POST path=/lingxi/v1/sessions/sess_local_alpha/execute status=200
2026-09-29T13:13:25.406420Z  INFO lingxi_service::sessions: run settled through the single finalize path run_id=run_000001a0ed4c729e_000171 session_id="sess_local_alpha" outcome=completed.no_final.no_provider_configured input_chars=22
2026-09-29T13:13:25.406531Z  INFO lingxi_service: request handled request_id=req-3a7c474d798a6fe6fd77ca2977db453e method=POST path=/lingxi/v1/sessions/sess_local_alpha/execute status=200
2026-09-29T13:13:25.407162Z  INFO lingxi_service::sessions: run settled through the single finalize path run_id=run_000001a0ed4c729e_000172 session_id="sess_local_alpha" outcome=completed.no_final.no_provider_configured input_chars=22
2026-09-29T13:13:25.407272Z  INFO lingxi_service: request handled request_id=req-6a1f4536e79ef6b02046f8e79ae8ef48 method=POST path=/lingxi/v1/sessions/sess_local_alpha/execute status=200
2026-09-29T13:13:25.407884Z  INFO lingxi_service::sessions: run settled through the single finalize path run_id=run_000001a0ed4c729f_000173 session_id="sess_local_alpha" outcome=completed.no_final.no_provider_configured input_chars=22
2026-09-29T13:13:25.407992Z  INFO lingxi_service: request handled request_id=req-61c92edc52305f1a73e7e4a50284c173 method=POST path=/lingxi/v1/sessions/sess_local_alpha/execute status=200
2026-09-29T13:13:25.408661Z  INFO lingxi_service::sessions: run settled through the single finalize path run_id=run_000001a0ed4c72a0_000174 session_id="sess_local_alpha" outcome=completed.no_final.no_provider_configured input_chars=22
2026-09-29T13:13:25.408773Z  INFO lingxi_service: request handled request_id=req-22bd27ed7ddbe465a2e48af83761ad70 method=POST path=/lingxi/v1/sessions/sess_local_alpha/execute status=200
2026-09-29T13:13:25.409405Z  INFO lingxi_service::sessions: run settled through the single finalize path run_id=run_000001a0ed4c72a1_000175 session_id="sess_local_alpha" outcome=completed.no_final.no_provider_configured input_chars=22
2026-09-29T13:13:25.409514Z  INFO lingxi_service: request handled request_id=req-0256867f8d67634973ca4b1ed8e754d7 method=POST path=/lingxi/v1/sessions/sess_local_alpha/execute status=200
2026-09-29T13:13:25.410173Z  INFO lingxi_service::sessions: run settled through the single finalize path run_id=run_000001a0ed4c72a1_000176 session_id="sess_local_alpha" outcome=completed.no_final.no_provider_configured input_chars=22
2026-09-29T13:13:25.410288Z  INFO lingxi_service: request handled request_id=req-034690d594e4afb5e41792c062e370e1 method=POST path=/lingxi/v1/sessions/sess_local_alpha/execute status=200
2026-09-29T13:13:25.410935Z  INFO lingxi_service::sessions: run settled through the single finalize path run_id=run_000001a0ed4c72a2_000177 session_id="sess_local_alpha" outcome=completed.no_final.no_provider_configured input_chars=22
2026-09-29T13:13:25.411043Z  INFO lingxi_service: request handled request_id=req-8aeb9e09792c0ff7a84486d65d0898d1 method=POST path=/lingxi/v1/sessions/sess_local_alpha/execute status=200
2026-09-29T13:13:25.411794Z  INFO lingxi_service::sessions: run settled through the single finalize path run_id=run_000001a0ed4c72a3_000178 session_id="sess_local_alpha" outcome=completed.no_final.no_provider_configured input_chars=22
2026-09-29T13:13:25.411908Z  INFO lingxi_service: request handled request_id=req-e95d99a5b9f1e4184ef53394b009093a method=POST path=/lingxi/v1/sessions/sess_local_alpha/execute status=200
2026-09-29T13:13:25.412558Z  INFO lingxi_service::sessions: run settled through the single finalize path run_id=run_000001a0ed4c72a4_000179 session_id="sess_local_alpha" outcome=completed.no_final.no_provider_configured input_chars=22
2026-09-29T13:13:25.412667Z  INFO lingxi_service: request handled request_id=req-ab616354abbad837dd710bdebe1780b3 method=POST path=/lingxi/v1/sessions/sess_local_alpha/execute status=200
2026-09-29T13:13:25.413290Z  INFO lingxi_service::sessions: run settled through the single finalize path run_id=run_000001a0ed4c72a4_00017a session_id="sess_local_alpha" outcome=completed.no_final.no_provider_configured input_chars=22
2026-09-29T13:13:25.413399Z  INFO lingxi_service: request handled request_id=req-ea6756a4090b3058896a81f3eef2ac6b method=POST path=/lingxi/v1/sessions/sess_local_alpha/execute status=200
2026-09-29T13:13:25.414041Z  INFO lingxi_service::sessions: run settled through the single finalize path run_id=run_000001a0ed4c72a5_00017b session_id="sess_local_alpha" outcome=completed.no_final.no_provider_configured input_chars=22
2026-09-29T13:13:25.414149Z  INFO lingxi_service: request handled request_id=req-ae52f61849a1efe0c0ad6658fc5eaf8e method=POST path=/lingxi/v1/sessions/sess_local_alpha/execute status=200
2026-09-29T13:13:25.414792Z  INFO lingxi_service::sessions: run settled through the single finalize path run_id=run_000001a0ed4c72a6_00017c session_id="sess_local_alpha" outcome=completed.no_final.no_provider_configured input_chars=22
2026-09-29T13:13:25.414899Z  INFO lingxi_service: request handled request_id=req-06d964bf538897453515a117037d43f0 method=POST path=/lingxi/v1/sessions/sess_local_alpha/execute status=200
2026-09-29T13:13:25.415518Z  INFO lingxi_service::sessions: run settled through the single finalize path run_id=run_000001a0ed4c72a7_00017d session_id="sess_local_alpha" outcome=completed.no_final.no_provider_configured input_chars=22
2026-09-29T13:13:25.415633Z  INFO lingxi_service: request handled request_id=req-9b82b33a7228e623d0f14a3cf550b3e4 method=POST path=/lingxi/v1/sessions/sess_local_alpha/execute status=200
2026-09-29T13:13:25.416304Z  INFO lingxi_service::sessions: run settled through the single finalize path run_id=run_000001a0ed4c72a7_00017e session_id="sess_local_alpha" outcome=completed.no_final.no_provider_configured input_chars=22
2026-09-29T13:13:25.416418Z  INFO lingxi_service: request handled request_id=req-d9a7b481bdb8bf1be79d8708e04e63e7 method=POST path=/lingxi/v1/sessions/sess_local_alpha/execute status=200
2026-09-29T13:13:25.417059Z  INFO lingxi_service::sessions: run settled through the single finalize path run_id=run_000001a0ed4c72a8_00017f session_id="sess_local_alpha" outcome=completed.no_final.no_provider_configured input_chars=22
2026-09-29T13:13:25.417168Z  INFO lingxi_service: request handled request_id=req-3aef111293fdd27fe687c474b2107137 method=POST path=/lingxi/v1/sessions/sess_local_alpha/execute status=200
2026-09-29T13:13:25.417852Z  INFO lingxi_service::sessions: run settled through the single finalize path run_id=run_000001a0ed4c72a9_000180 session_id="sess_local_alpha" outcome=completed.no_final.no_provider_configured input_chars=22
2026-09-29T13:13:25.417964Z  INFO lingxi_service: request handled request_id=req-111e4752ca731e09c20b07fc2ee29019 method=POST path=/lingxi/v1/sessions/sess_local_alpha/execute status=200
2026-09-29T13:13:25.418605Z  INFO lingxi_service::sessions: run settled through the single finalize path run_id=run_000001a0ed4c72aa_000181 session_id="sess_local_alpha" outcome=completed.no_final.no_provider_configured input_chars=22
2026-09-29T13:13:25.418712Z  INFO lingxi_service: request handled request_id=req-d3682856898bce41d2543fa2c1db9c13 method=POST path=/lingxi/v1/sessions/sess_local_alpha/execute status=200
2026-09-29T13:13:25.419345Z  INFO lingxi_service::sessions: run settled through the single finalize path run_id=run_000001a0ed4c72aa_000182 session_id="sess_local_alpha" outcome=completed.no_final.no_provider_configured input_chars=22
2026-09-29T13:13:25.419452Z  INFO lingxi_service: request handled request_id=req-b07f13c6f3b1de07d574ba4b91722a10 method=POST path=/lingxi/v1/sessions/sess_local_alpha/execute status=200
2026-09-29T13:13:25.420091Z  INFO lingxi_service::sessions: run settled through the single finalize path run_id=run_000001a0ed4c72ab_000183 session_id="sess_local_alpha" outcome=completed.no_final.no_provider_configured input_chars=22
2026-09-29T13:13:25.420202Z  INFO lingxi_service: request handled request_id=req-fb5d4e53df9e7bb1d95b665511d45a44 method=POST path=/lingxi/v1/sessions/sess_local_alpha/execute status=200
2026-09-29T13:13:25.420837Z  INFO lingxi_service::sessions: run settled through the single finalize path run_id=run_000001a0ed4c72ac_000184 session_id="sess_local_alpha" outcome=completed.no_final.no_provider_configured input_chars=22
2026-09-29T13:13:25.420948Z  INFO lingxi_service: request handled request_id=req-f6d8e3bf0e42c8d3976cd6a87004c491 method=POST path=/lingxi/v1/sessions/sess_local_alpha/execute status=200
2026-09-29T13:13:25.421586Z  INFO lingxi_service::sessions: run settled through the single finalize path run_id=run_000001a0ed4c72ad_000185 session_id="sess_local_alpha" outcome=completed.no_final.no_provider_configured input_chars=22
2026-09-29T13:13:25.421696Z  INFO lingxi_service: request handled request_id=req-14c2357da1c0473a2014aea05269ca8e method=POST path=/lingxi/v1/sessions/sess_local_alpha/execute status=200
2026-09-29T13:13:25.422328Z  INFO lingxi_service::sessions: run settled through the single finalize path run_id=run_000001a0ed4c72ad_000186 session_id="sess_local_alpha" outcome=completed.no_final.no_provider_configured input_chars=22
2026-09-29T13:13:25.422438Z  INFO lingxi_service: request handled request_id=req-3bbb8d10a888c293e9e228ccc24931c5 method=POST path=/lingxi/v1/sessions/sess_local_alpha/execute status=200
2026-09-29T13:13:25.423069Z  INFO lingxi_service::sessions: run settled through the single finalize path run_id=run_000001a0ed4c72ae_000187 session_id="sess_local_alpha" outcome=completed.no_final.no_provider_configured input_chars=22
2026-09-29T13:13:25.423179Z  INFO lingxi_service: request handled request_id=req-8b87252b39137461b62b15bc35bb0bb7 method=POST path=/lingxi/v1/sessions/sess_local_alpha/execute status=200
2026-09-29T13:13:25.423829Z  INFO lingxi_service::sessions: run settled through the single finalize path run_id=run_000001a0ed4c72af_000188 session_id="sess_local_alpha" outcome=completed.no_final.no_provider_configured input_chars=22
2026-09-29T13:13:25.423939Z  INFO lingxi_service: request handled request_id=req-45b491323771e1aac1b26eac228163b9 method=POST path=/lingxi/v1/sessions/sess_local_alpha/execute status=200
2026-09-29T13:13:25.424588Z  INFO lingxi_service::sessions: run settled through the single finalize path run_id=run_000001a0ed4c72b0_000189 session_id="sess_local_alpha" outcome=completed.no_final.no_provider_configured input_chars=22
2026-09-29T13:13:25.424697Z  INFO lingxi_service: request handled request_id=req-c8afde1c23f4e52f76fa49ae665b64b8 method=POST path=/lingxi/v1/sessions/sess_local_alpha/execute status=200
2026-09-29T13:13:25.425342Z  INFO lingxi_service::sessions: run settled through the single finalize path run_id=run_000001a0ed4c72b0_00018a session_id="sess_local_alpha" outcome=completed.no_final.no_provider_configured input_chars=22
2026-09-29T13:13:25.425456Z  INFO lingxi_service: request handled request_id=req-bed7737a0553b8a8ec3f856dee3fb5b5 method=POST path=/lingxi/v1/sessions/sess_local_alpha/execute status=200
2026-09-29T13:13:25.426120Z  INFO lingxi_service::sessions: run settled through the single finalize path run_id=run_000001a0ed4c72b1_00018b session_id="sess_local_alpha" outcome=completed.no_final.no_provider_configured input_chars=22
2026-09-29T13:13:25.426231Z  INFO lingxi_service: request handled request_id=req-a706a2f0b3d7038ff70eadb75873f12d method=POST path=/lingxi/v1/sessions/sess_local_alpha/execute status=200
2026-09-29T13:13:25.426878Z  INFO lingxi_service::sessions: run settled through the single finalize path run_id=run_000001a0ed4c72b2_00018c session_id="sess_local_alpha" outcome=completed.no_final.no_provider_configured input_chars=22
2026-09-29T13:13:25.426989Z  INFO lingxi_service: request handled request_id=req-618d32ed5eb57e0811720cc31f8bb663 method=POST path=/lingxi/v1/sessions/sess_local_alpha/execute status=200
2026-09-29T13:13:25.427618Z  INFO lingxi_service::sessions: run settled through the single finalize path run_id=run_000001a0ed4c72b3_00018d session_id="sess_local_alpha" outcome=completed.no_final.no_provider_configured input_chars=22
2026-09-29T13:13:25.427727Z  INFO lingxi_service: request handled request_id=req-6284956603bad462ea1ce0f77f98339c method=POST path=/lingxi/v1/sessions/sess_local_alpha/execute status=200
2026-09-29T13:13:25.428389Z  INFO lingxi_service::sessions: run settled through the single finalize path run_id=run_000001a0ed4c72b3_00018e session_id="sess_local_alpha" outcome=completed.no_final.no_provider_configured input_chars=22
2026-09-29T13:13:25.428497Z  INFO lingxi_service: request handled request_id=req-1357df925b46ee1b80eab50872bfc7b8 method=POST path=/lingxi/v1/sessions/sess_local_alpha/execute status=200
2026-09-29T13:13:25.429118Z  INFO lingxi_service::sessions: run settled through the single finalize path run_id=run_000001a0ed4c72b4_00018f session_id="sess_local_alpha" outcome=completed.no_final.no_provider_configured input_chars=22
2026-09-29T13:13:25.429226Z  INFO lingxi_service: request handled request_id=req-1e14f9ddc7971f3400f77049f6095ba0 method=POST path=/lingxi/v1/sessions/sess_local_alpha/execute status=200
2026-09-29T13:13:25.429862Z  INFO lingxi_service::sessions: run settled through the single finalize path run_id=run_000001a0ed4c72b5_000190 session_id="sess_local_alpha" outcome=completed.no_final.no_provider_configured input_chars=22
2026-09-29T13:13:25.429972Z  INFO lingxi_service: request handled request_id=req-e87a4004b61f844a0e3acdc7833c673f method=POST path=/lingxi/v1/sessions/sess_local_alpha/execute status=200
2026-09-29T13:13:25.430631Z  INFO lingxi_service::sessions: run settled through the single finalize path run_id=run_000001a0ed4c72b6_000191 session_id="sess_local_alpha" outcome=completed.no_final.no_provider_configured input_chars=22
2026-09-29T13:13:25.430743Z  INFO lingxi_service: request handled request_id=req-2542e2081bf5049ea163181413f85ea9 method=POST path=/lingxi/v1/sessions/sess_local_alpha/execute status=200
2026-09-29T13:13:25.431385Z  INFO lingxi_service::sessions: run settled through the single finalize path run_id=run_000001a0ed4c72b6_000192 session_id="sess_local_alpha" outcome=completed.no_final.no_provider_configured input_chars=22
2026-09-29T13:13:25.431494Z  INFO lingxi_service: request handled request_id=req-1dcb085585b8f84cee06adeb02d6cc60 method=POST path=/lingxi/v1/sessions/sess_local_alpha/execute status=200
2026-09-29T13:13:25.432583Z  INFO lingxi_service::sessions: run settled through the single finalize path run_id=run_000001a0ed4c72b7_000193 session_id="sess_local_alpha" outcome=completed.no_final.no_provider_configured input_chars=22
2026-09-29T13:13:25.432698Z  INFO lingxi_service: request handled request_id=req-78acb7275bd1a1e2918579d981801090 method=POST path=/lingxi/v1/sessions/sess_local_alpha/execute status=200
2026-09-29T13:13:25.433355Z  INFO lingxi_service::sessions: run settled through the single finalize path run_id=run_000001a0ed4c72b8_000194 session_id="sess_local_alpha" outcome=completed.no_final.no_provider_configured input_chars=22
2026-09-29T13:13:25.433465Z  INFO lingxi_service: request handled request_id=req-76ac5600f882eadd447ab32953e942d3 method=POST path=/lingxi/v1/sessions/sess_local_alpha/execute status=200
2026-09-29T13:13:25.434156Z  INFO lingxi_service::sessions: run settled through the single finalize path run_id=run_000001a0ed4c72b9_000195 session_id="sess_local_alpha" outcome=completed.no_final.no_provider_configured input_chars=22
2026-09-29T13:13:25.434271Z  INFO lingxi_service: request handled request_id=req-652576d19097e10fc3baff6a88e0aecf method=POST path=/lingxi/v1/sessions/sess_local_alpha/execute status=200
2026-09-29T13:13:25.434935Z  INFO lingxi_service::sessions: run settled through the single finalize path run_id=run_000001a0ed4c72ba_000196 session_id="sess_local_alpha" outcome=completed.no_final.no_provider_configured input_chars=22
2026-09-29T13:13:25.435049Z  INFO lingxi_service: request handled request_id=req-affefb59eb16dde4b79fcd95a04d8286 method=POST path=/lingxi/v1/sessions/sess_local_alpha/execute status=200
2026-09-29T13:13:25.435734Z  INFO lingxi_service::sessions: run settled through the single finalize path run_id=run_000001a0ed4c72bb_000197 session_id="sess_local_alpha" outcome=completed.no_final.no_provider_configured input_chars=22
2026-09-29T13:13:25.435848Z  INFO lingxi_service: request handled request_id=req-fea5db0ada91a19c81deedf3f0c4e0c9 method=POST path=/lingxi/v1/sessions/sess_local_alpha/execute status=200
2026-09-29T13:13:25.436494Z  INFO lingxi_service::sessions: run settled through the single finalize path run_id=run_000001a0ed4c72bc_000198 session_id="sess_local_alpha" outcome=completed.no_final.no_provider_configured input_chars=22
2026-09-29T13:13:25.436608Z  INFO lingxi_service: request handled request_id=req-3094192cf1a6b95b37b4bee421587ee4 method=POST path=/lingxi/v1/sessions/sess_local_alpha/execute status=200
2026-09-29T13:13:25.437287Z  INFO lingxi_service::sessions: run settled through the single finalize path run_id=run_000001a0ed4c72bc_000199 session_id="sess_local_alpha" outcome=completed.no_final.no_provider_configured input_chars=22
2026-09-29T13:13:25.437396Z  INFO lingxi_service: request handled request_id=req-32f337fe89121ef121cf116e0bddf59b method=POST path=/lingxi/v1/sessions/sess_local_alpha/execute status=200
2026-09-29T13:13:25.438018Z  INFO lingxi_service::sessions: run settled through the single finalize path run_id=run_000001a0ed4c72bd_00019a session_id="sess_local_alpha" outcome=completed.no_final.no_provider_configured input_chars=22
2026-09-29T13:13:25.438127Z  INFO lingxi_service: request handled request_id=req-1aabbf00ed1379bddf29a02f09eccc5c method=POST path=/lingxi/v1/sessions/sess_local_alpha/execute status=200
2026-09-29T13:13:25.438733Z  INFO lingxi_service::sessions: run settled through the single finalize path run_id=run_000001a0ed4c72be_00019b session_id="sess_local_alpha" outcome=completed.no_final.no_provider_configured input_chars=22
2026-09-29T13:13:25.438847Z  INFO lingxi_service: request handled request_id=req-65ce4d0a40f77c111f61fcba107d9904 method=POST path=/lingxi/v1/sessions/sess_local_alpha/execute status=200
2026-09-29T13:13:25.439507Z  INFO lingxi_service::sessions: run settled through the single finalize path run_id=run_000001a0ed4c72bf_00019c session_id="sess_local_alpha" outcome=completed.no_final.no_provider_configured input_chars=22
2026-09-29T13:13:25.439619Z  INFO lingxi_service: request handled request_id=req-86935bac090fda854bc031e64b74c557 method=POST path=/lingxi/v1/sessions/sess_local_alpha/execute status=200
2026-09-29T13:13:25.440245Z  INFO lingxi_service::sessions: run settled through the single finalize path run_id=run_000001a0ed4c72bf_00019d session_id="sess_local_alpha" outcome=completed.no_final.no_provider_configured input_chars=22
2026-09-29T13:13:25.440363Z  INFO lingxi_service: request handled request_id=req-79006d0397e0df15a37c1c9258e47957 method=POST path=/lingxi/v1/sessions/sess_local_alpha/execute status=200
2026-09-29T13:13:25.441054Z  INFO lingxi_service::sessions: run settled through the single finalize path run_id=run_000001a0ed4c72c0_00019e session_id="sess_local_alpha" outcome=completed.no_final.no_provider_configured input_chars=22
2026-09-29T13:13:25.441165Z  INFO lingxi_service: request handled request_id=req-c27a91021cfe287056fffb1c4b06b096 method=POST path=/lingxi/v1/sessions/sess_local_alpha/execute status=200
2026-09-29T13:13:25.441787Z  INFO lingxi_service::sessions: run settled through the single finalize path run_id=run_000001a0ed4c72c1_00019f session_id="sess_local_alpha" outcome=completed.no_final.no_provider_configured input_chars=22
2026-09-29T13:13:25.441897Z  INFO lingxi_service: request handled request_id=req-e3df668c25215aea67481d9aea847c07 method=POST path=/lingxi/v1/sessions/sess_local_alpha/execute status=200
2026-09-29T13:13:25.442528Z  INFO lingxi_service::sessions: run settled through the single finalize path run_id=run_000001a0ed4c72c2_0001a0 session_id="sess_local_alpha" outcome=completed.no_final.no_provider_configured input_chars=22
2026-09-29T13:13:25.442637Z  INFO lingxi_service: request handled request_id=req-f0b47b239ba615b9f0de7a64a7ef02cd method=POST path=/lingxi/v1/sessions/sess_local_alpha/execute status=200
2026-09-29T13:13:25.443284Z  INFO lingxi_service::sessions: run settled through the single finalize path run_id=run_000001a0ed4c72c2_0001a1 session_id="sess_local_alpha" outcome=completed.no_final.no_provider_configured input_chars=22
2026-09-29T13:13:25.443395Z  INFO lingxi_service: request handled request_id=req-0a81c5549693bdf0bbaf2bbce39cde76 method=POST path=/lingxi/v1/sessions/sess_local_alpha/execute status=200
2026-09-29T13:13:25.444019Z  INFO lingxi_service::sessions: run settled through the single finalize path run_id=run_000001a0ed4c72c3_0001a2 session_id="sess_local_alpha" outcome=completed.no_final.no_provider_configured input_chars=22
2026-09-29T13:13:25.444129Z  INFO lingxi_service: request handled request_id=req-f0a2e4b6313125c244a2527b9619764b method=POST path=/lingxi/v1/sessions/sess_local_alpha/execute status=200
2026-09-29T13:13:25.444775Z  INFO lingxi_service::sessions: run settled through the single finalize path run_id=run_000001a0ed4c72c4_0001a3 session_id="sess_local_alpha" outcome=completed.no_final.no_provider_configured input_chars=22
2026-09-29T13:13:25.444885Z  INFO lingxi_service: request handled request_id=req-6046fcdda136f5659b9033eafa764754 method=POST path=/lingxi/v1/sessions/sess_local_alpha/execute status=200
2026-09-29T13:13:25.445576Z  INFO lingxi_service::sessions: run settled through the single finalize path run_id=run_000001a0ed4c72c5_0001a4 session_id="sess_local_alpha" outcome=completed.no_final.no_provider_configured input_chars=22
2026-09-29T13:13:25.445686Z  INFO lingxi_service: request handled request_id=req-97f7689be7349ff81daf5e7b44da5117 method=POST path=/lingxi/v1/sessions/sess_local_alpha/execute status=200
2026-09-29T13:13:25.446353Z  INFO lingxi_service::sessions: run settled through the single finalize path run_id=run_000001a0ed4c72c5_0001a5 session_id="sess_local_alpha" outcome=completed.no_final.no_provider_configured input_chars=22
2026-09-29T13:13:25.446464Z  INFO lingxi_service: request handled request_id=req-f21451f131676905a7122085ea8419f8 method=POST path=/lingxi/v1/sessions/sess_local_alpha/execute status=200
2026-09-29T13:13:25.447076Z  INFO lingxi_service::sessions: run settled through the single finalize path run_id=run_000001a0ed4c72c6_0001a6 session_id="sess_local_alpha" outcome=completed.no_final.no_provider_configured input_chars=22
2026-09-29T13:13:25.447185Z  INFO lingxi_service: request handled request_id=req-e9baec075a3a7536714eb6d5922b643d method=POST path=/lingxi/v1/sessions/sess_local_alpha/execute status=200
2026-09-29T13:13:25.447808Z  INFO lingxi_service::sessions: run settled through the single finalize path run_id=run_000001a0ed4c72c7_0001a7 session_id="sess_local_alpha" outcome=completed.no_final.no_provider_configured input_chars=22
2026-09-29T13:13:25.447917Z  INFO lingxi_service: request handled request_id=req-2384de8b9ecee1a0ed164cee392d581b method=POST path=/lingxi/v1/sessions/sess_local_alpha/execute status=200
2026-09-29T13:13:25.448531Z  INFO lingxi_service::sessions: run settled through the single finalize path run_id=run_000001a0ed4c72c8_0001a8 session_id="sess_local_alpha" outcome=completed.no_final.no_provider_configured input_chars=22
2026-09-29T13:13:25.448639Z  INFO lingxi_service: request handled request_id=req-30ed1825bc35754ad5d779700eab88b5 method=POST path=/lingxi/v1/sessions/sess_local_alpha/execute status=200
2026-09-29T13:13:25.449285Z  INFO lingxi_service::sessions: run settled through the single finalize path run_id=run_000001a0ed4c72c8_0001a9 session_id="sess_local_alpha" outcome=completed.no_final.no_provider_configured input_chars=22
2026-09-29T13:13:25.449393Z  INFO lingxi_service: request handled request_id=req-fc21c515436737d47cead9175e6e38ef method=POST path=/lingxi/v1/sessions/sess_local_alpha/execute status=200
2026-09-29T13:13:25.450027Z  INFO lingxi_service::sessions: run settled through the single finalize path run_id=run_000001a0ed4c72c9_0001aa session_id="sess_local_alpha" outcome=completed.no_final.no_provider_configured input_chars=22
2026-09-29T13:13:25.450136Z  INFO lingxi_service: request handled request_id=req-a79d352f2387f92b1f265f5749a1c4e6 method=POST path=/lingxi/v1/sessions/sess_local_alpha/execute status=200
2026-09-29T13:13:25.450800Z  INFO lingxi_service::sessions: run settled through the single finalize path run_id=run_000001a0ed4c72ca_0001ab session_id="sess_local_alpha" outcome=completed.no_final.no_provider_configured input_chars=22
2026-09-29T13:13:25.450909Z  INFO lingxi_service: request handled request_id=req-2c33f0cdfded06ef50f5086bf08c59f5 method=POST path=/lingxi/v1/sessions/sess_local_alpha/execute status=200
2026-09-29T13:13:25.451522Z  INFO lingxi_service::sessions: run settled through the single finalize path run_id=run_000001a0ed4c72cb_0001ac session_id="sess_local_alpha" outcome=completed.no_final.no_provider_configured input_chars=22
2026-09-29T13:13:25.451631Z  INFO lingxi_service: request handled request_id=req-5ad83ba4f3c49578eafcf5e9cbbc63aa method=POST path=/lingxi/v1/sessions/sess_local_alpha/execute status=200
2026-09-29T13:13:25.452249Z  INFO lingxi_service::sessions: run settled through the single finalize path run_id=run_000001a0ed4c72cb_0001ad session_id="sess_local_alpha" outcome=completed.no_final.no_provider_configured input_chars=22
2026-09-29T13:13:25.452358Z  INFO lingxi_service: request handled request_id=req-08446e4a47714710b2e5f9b12662789d method=POST path=/lingxi/v1/sessions/sess_local_alpha/execute status=200
2026-09-29T13:13:25.452976Z  INFO lingxi_service::sessions: run settled through the single finalize path run_id=run_000001a0ed4c72cc_0001ae session_id="sess_local_alpha" outcome=completed.no_final.no_provider_configured input_chars=22
2026-09-29T13:13:25.453086Z  INFO lingxi_service: request handled request_id=req-1819884179145e309b507e4c94ccb17e method=POST path=/lingxi/v1/sessions/sess_local_alpha/execute status=200
2026-09-29T13:13:25.453762Z  INFO lingxi_service::sessions: run settled through the single finalize path run_id=run_000001a0ed4c72cd_0001af session_id="sess_local_alpha" outcome=completed.no_final.no_provider_configured input_chars=22
2026-09-29T13:13:25.453871Z  INFO lingxi_service: request handled request_id=req-586f19522e4b128ddad26bea8de635ef method=POST path=/lingxi/v1/sessions/sess_local_alpha/execute status=200
2026-09-29T13:13:25.454507Z  INFO lingxi_service::sessions: run settled through the single finalize path run_id=run_000001a0ed4c72ce_0001b0 session_id="sess_local_alpha" outcome=completed.no_final.no_provider_configured input_chars=22
2026-09-29T13:13:25.454622Z  INFO lingxi_service: request handled request_id=req-23b175193908b5ca0597774b5a71e1b7 method=POST path=/lingxi/v1/sessions/sess_local_alpha/execute status=200
2026-09-29T13:13:25.455323Z  INFO lingxi_service::sessions: run settled through the single finalize path run_id=run_000001a0ed4c72ce_0001b1 session_id="sess_local_alpha" outcome=completed.no_final.no_provider_configured input_chars=22
2026-09-29T13:13:25.455436Z  INFO lingxi_service: request handled request_id=req-3301c5c9b6f2b4409ed91da0c814d753 method=POST path=/lingxi/v1/sessions/sess_local_alpha/execute status=200
2026-09-29T13:13:25.456166Z  INFO lingxi_service::sessions: run settled through the single finalize path run_id=run_000001a0ed4c72cf_0001b2 session_id="sess_local_alpha" outcome=completed.no_final.no_provider_configured input_chars=22
2026-09-29T13:13:25.456283Z  INFO lingxi_service: request handled request_id=req-ac4aed3a84330211418c28c585599e10 method=POST path=/lingxi/v1/sessions/sess_local_alpha/execute status=200
2026-09-29T13:13:25.456967Z  INFO lingxi_service::sessions: run settled through the single finalize path run_id=run_000001a0ed4c72d0_0001b3 session_id="sess_local_alpha" outcome=completed.no_final.no_provider_configured input_chars=22
2026-09-29T13:13:25.457087Z  INFO lingxi_service: request handled request_id=req-c9d21ab101ca898fbf4f074bc14e627f method=POST path=/lingxi/v1/sessions/sess_local_alpha/execute status=200
2026-09-29T13:13:25.457798Z  INFO lingxi_service::sessions: run settled through the single finalize path run_id=run_000001a0ed4c72d1_0001b4 session_id="sess_local_alpha" outcome=completed.no_final.no_provider_configured input_chars=22
2026-09-29T13:13:25.457912Z  INFO lingxi_service: request handled request_id=req-a1ea996158aabe1ed10397bb1fc122ad method=POST path=/lingxi/v1/sessions/sess_local_alpha/execute status=200
2026-09-29T13:13:25.458597Z  INFO lingxi_service::sessions: run settled through the single finalize path run_id=run_000001a0ed4c72d2_0001b5 session_id="sess_local_alpha" outcome=completed.no_final.no_provider_configured input_chars=22
2026-09-29T13:13:25.458710Z  INFO lingxi_service: request handled request_id=req-68e5469605e55d9dd762be571504f27f method=POST path=/lingxi/v1/sessions/sess_local_alpha/execute status=200
2026-09-29T13:13:25.459344Z  INFO lingxi_service::sessions: run settled through the single finalize path run_id=run_000001a0ed4c72d2_0001b6 session_id="sess_local_alpha" outcome=completed.no_final.no_provider_configured input_chars=22
2026-09-29T13:13:25.459462Z  INFO lingxi_service: request handled request_id=req-ee8f450b67782d1c8f9ea1bc4530e7c0 method=POST path=/lingxi/v1/sessions/sess_local_alpha/execute status=200
2026-09-29T13:13:25.460130Z  INFO lingxi_service::sessions: run settled through the single finalize path run_id=run_000001a0ed4c72d3_0001b7 session_id="sess_local_alpha" outcome=completed.no_final.no_provider_configured input_chars=22
2026-09-29T13:13:25.460242Z  INFO lingxi_service: request handled request_id=req-5dd47fabd53ad93be792af316c0c28f9 method=POST path=/lingxi/v1/sessions/sess_local_alpha/execute status=200
2026-09-29T13:13:25.460892Z  INFO lingxi_service::sessions: run settled through the single finalize path run_id=run_000001a0ed4c72d4_0001b8 session_id="sess_local_alpha" outcome=completed.no_final.no_provider_configured input_chars=22
2026-09-29T13:13:25.461004Z  INFO lingxi_service: request handled request_id=req-26616c2d9630bfef52417cf3235ce827 method=POST path=/lingxi/v1/sessions/sess_local_alpha/execute status=200
2026-09-29T13:13:25.461696Z  INFO lingxi_service::sessions: run settled through the single finalize path run_id=run_000001a0ed4c72d5_0001b9 session_id="sess_local_alpha" outcome=completed.no_final.no_provider_configured input_chars=22
2026-09-29T13:13:25.461808Z  INFO lingxi_service: request handled request_id=req-9124c32e7a91530586314e836f45056a method=POST path=/lingxi/v1/sessions/sess_local_alpha/execute status=200
2026-09-29T13:13:25.462430Z  INFO lingxi_service::sessions: run settled through the single finalize path run_id=run_000001a0ed4c72d6_0001ba session_id="sess_local_alpha" outcome=completed.no_final.no_provider_configured input_chars=22
2026-09-29T13:13:25.462546Z  INFO lingxi_service: request handled request_id=req-d7d4efed3f45bbe5928fa9d983fcf8fa method=POST path=/lingxi/v1/sessions/sess_local_alpha/execute status=200
2026-09-29T13:13:25.463182Z  INFO lingxi_service::sessions: run settled through the single finalize path run_id=run_000001a0ed4c72d6_0001bb session_id="sess_local_alpha" outcome=completed.no_final.no_provider_configured input_chars=22
2026-09-29T13:13:25.463297Z  INFO lingxi_service: request handled request_id=req-bcef719d181bdfd7bb4158ded35e6294 method=POST path=/lingxi/v1/sessions/sess_local_alpha/execute status=200
2026-09-29T13:13:25.463924Z  INFO lingxi_service::sessions: run settled through the single finalize path run_id=run_000001a0ed4c72d7_0001bc session_id="sess_local_alpha" outcome=completed.no_final.no_provider_configured input_chars=22
2026-09-29T13:13:25.464038Z  INFO lingxi_service: request handled request_id=req-b4e6a30decd794979f328d484b4092c1 method=POST path=/lingxi/v1/sessions/sess_local_alpha/execute status=200
2026-09-29T13:13:25.464670Z  INFO lingxi_service::sessions: run settled through the single finalize path run_id=run_000001a0ed4c72d8_0001bd session_id="sess_local_alpha" outcome=completed.no_final.no_provider_configured input_chars=22
2026-09-29T13:13:25.464783Z  INFO lingxi_service: request handled request_id=req-495b0eeeb1d82b48922074c307e5d8a6 method=POST path=/lingxi/v1/sessions/sess_local_alpha/execute status=200
2026-09-29T13:13:25.465442Z  INFO lingxi_service::sessions: run settled through the single finalize path run_id=run_000001a0ed4c72d9_0001be session_id="sess_local_alpha" outcome=completed.no_final.no_provider_configured input_chars=22
2026-09-29T13:13:25.465557Z  INFO lingxi_service: request handled request_id=req-10e2a4af3c03ab3ed63ed73c506f24f8 method=POST path=/lingxi/v1/sessions/sess_local_alpha/execute status=200
2026-09-29T13:13:25.466215Z  INFO lingxi_service::sessions: run settled through the single finalize path run_id=run_000001a0ed4c72d9_0001bf session_id="sess_local_alpha" outcome=completed.no_final.no_provider_configured input_chars=22
2026-09-29T13:13:25.466330Z  INFO lingxi_service: request handled request_id=req-8779e702de6c15416b6a62a504f37363 method=POST path=/lingxi/v1/sessions/sess_local_alpha/execute status=200
2026-09-29T13:13:25.466981Z  INFO lingxi_service::sessions: run settled through the single finalize path run_id=run_000001a0ed4c72da_0001c0 session_id="sess_local_alpha" outcome=completed.no_final.no_provider_configured input_chars=22
2026-09-29T13:13:25.467093Z  INFO lingxi_service: request handled request_id=req-e9781571af14adcfcefcf82f6be72cf8 method=POST path=/lingxi/v1/sessions/sess_local_alpha/execute status=200
2026-09-29T13:13:25.467774Z  INFO lingxi_service::sessions: run settled through the single finalize path run_id=run_000001a0ed4c72db_0001c1 session_id="sess_local_alpha" outcome=completed.no_final.no_provider_configured input_chars=22
2026-09-29T13:13:25.467885Z  INFO lingxi_service: request handled request_id=req-5d544f2dfc533bc9a1ed2c72a19b74c2 method=POST path=/lingxi/v1/sessions/sess_local_alpha/execute status=200
2026-09-29T13:13:25.468503Z  INFO lingxi_service::sessions: run settled through the single finalize path run_id=run_000001a0ed4c72dc_0001c2 session_id="sess_local_alpha" outcome=completed.no_final.no_provider_configured input_chars=22
2026-09-29T13:13:25.468621Z  INFO lingxi_service: request handled request_id=req-5810c41716ebf8e5aaf2a2c13c84ffea method=POST path=/lingxi/v1/sessions/sess_local_alpha/execute status=200
2026-09-29T13:13:25.469722Z  INFO lingxi_service::sessions: run settled through the single finalize path run_id=run_000001a0ed4c72dc_0001c3 session_id="sess_local_alpha" outcome=completed.no_final.no_provider_configured input_chars=22
2026-09-29T13:13:25.469837Z  INFO lingxi_service: request handled request_id=req-94d65023baf5766f15c04b07feefcff1 method=POST path=/lingxi/v1/sessions/sess_local_alpha/execute status=200
2026-09-29T13:13:25.470504Z  INFO lingxi_service::sessions: run settled through the single finalize path run_id=run_000001a0ed4c72de_0001c4 session_id="sess_local_alpha" outcome=completed.no_final.no_provider_configured input_chars=22
2026-09-29T13:13:25.470621Z  INFO lingxi_service: request handled request_id=req-0dc872ef6a9b118ef57175c3e7c4c9f9 method=POST path=/lingxi/v1/sessions/sess_local_alpha/execute status=200
2026-09-29T13:13:25.471259Z  INFO lingxi_service::sessions: run settled through the single finalize path run_id=run_000001a0ed4c72de_0001c5 session_id="sess_local_alpha" outcome=completed.no_final.no_provider_configured input_chars=22
2026-09-29T13:13:25.471370Z  INFO lingxi_service: request handled request_id=req-a7a4da51e832d9c21eb05fe92f94b781 method=POST path=/lingxi/v1/sessions/sess_local_alpha/execute status=200
2026-09-29T13:13:25.471994Z  INFO lingxi_service::sessions: run settled through the single finalize path run_id=run_000001a0ed4c72df_0001c6 session_id="sess_local_alpha" outcome=completed.no_final.no_provider_configured input_chars=22
2026-09-29T13:13:25.472106Z  INFO lingxi_service: request handled request_id=req-4fc327f0c199c5afcf17130edd7129d6 method=POST path=/lingxi/v1/sessions/sess_local_alpha/execute status=200
2026-09-29T13:13:25.472761Z  INFO lingxi_service::sessions: run settled through the single finalize path run_id=run_000001a0ed4c72e0_0001c7 session_id="sess_local_alpha" outcome=completed.no_final.no_provider_configured input_chars=22
2026-09-29T13:13:25.472872Z  INFO lingxi_service: request handled request_id=req-1ababc6533cdcbc2b44e34ef735d37c9 method=POST path=/lingxi/v1/sessions/sess_local_alpha/execute status=200
2026-09-29T13:13:25.473542Z  INFO lingxi_service::sessions: run settled through the single finalize path run_id=run_000001a0ed4c72e1_0001c8 session_id="sess_local_alpha" outcome=completed.no_final.no_provider_configured input_chars=22
2026-09-29T13:13:25.473652Z  INFO lingxi_service: request handled request_id=req-6c01cc2ae093ff1b757ed0037e535303 method=POST path=/lingxi/v1/sessions/sess_local_alpha/execute status=200
2026-09-29T13:13:25.474286Z  INFO lingxi_service::sessions: run settled through the single finalize path run_id=run_000001a0ed4c72e1_0001c9 session_id="sess_local_alpha" outcome=completed.no_final.no_provider_configured input_chars=22
2026-09-29T13:13:25.474398Z  INFO lingxi_service: request handled request_id=req-adba818b66a04b8abfabae7212a86569 method=POST path=/lingxi/v1/sessions/sess_local_alpha/execute status=200
2026-09-29T13:13:25.475078Z  INFO lingxi_service::sessions: run settled through the single finalize path run_id=run_000001a0ed4c72e2_0001ca session_id="sess_local_alpha" outcome=completed.no_final.no_provider_configured input_chars=22
2026-09-29T13:13:25.475191Z  INFO lingxi_service: request handled request_id=req-bcdabbdddc740c226eac4ff70712742c method=POST path=/lingxi/v1/sessions/sess_local_alpha/execute status=200
2026-09-29T13:13:25.475938Z  INFO lingxi_service::sessions: run settled through the single finalize path run_id=run_000001a0ed4c72e3_0001cb session_id="sess_local_alpha" outcome=completed.no_final.no_provider_configured input_chars=22
2026-09-29T13:13:25.476054Z  INFO lingxi_service: request handled request_id=req-522278655b72215270459431dca4e436 method=POST path=/lingxi/v1/sessions/sess_local_alpha/execute status=200
2026-09-29T13:13:25.476688Z  INFO lingxi_service::sessions: run settled through the single finalize path run_id=run_000001a0ed4c72e4_0001cc session_id="sess_local_alpha" outcome=completed.no_final.no_provider_configured input_chars=22
2026-09-29T13:13:25.476800Z  INFO lingxi_service: request handled request_id=req-a84665adfe30d091b0a6618efe452d57 method=POST path=/lingxi/v1/sessions/sess_local_alpha/execute status=200
2026-09-29T13:13:25.477434Z  INFO lingxi_service::sessions: run settled through the single finalize path run_id=run_000001a0ed4c72e5_0001cd session_id="sess_local_alpha" outcome=completed.no_final.no_provider_configured input_chars=22
2026-09-29T13:13:25.477547Z  INFO lingxi_service: request handled request_id=req-76b2a8bb51c164224fc6fe144b280a27 method=POST path=/lingxi/v1/sessions/sess_local_alpha/execute status=200
2026-09-29T13:13:25.478200Z  INFO lingxi_service::sessions: run settled through the single finalize path run_id=run_000001a0ed4c72e5_0001ce session_id="sess_local_alpha" outcome=completed.no_final.no_provider_configured input_chars=22
2026-09-29T13:13:25.478314Z  INFO lingxi_service: request handled request_id=req-3b4bdb37dc157fc4a5cefd86b30bf2aa method=POST path=/lingxi/v1/sessions/sess_local_alpha/execute status=200
2026-09-29T13:13:25.478952Z  INFO lingxi_service::sessions: run settled through the single finalize path run_id=run_000001a0ed4c72e6_0001cf session_id="sess_local_alpha" outcome=completed.no_final.no_provider_configured input_chars=22
2026-09-29T13:13:25.479063Z  INFO lingxi_service: request handled request_id=req-53d4d3409579bb8808b79f9a58a60c1d method=POST path=/lingxi/v1/sessions/sess_local_alpha/execute status=200
2026-09-29T13:13:25.479758Z  INFO lingxi_service::sessions: run settled through the single finalize path run_id=run_000001a0ed4c72e7_0001d0 session_id="sess_local_alpha" outcome=completed.no_final.no_provider_configured input_chars=22
2026-09-29T13:13:25.479871Z  INFO lingxi_service: request handled request_id=req-f0934b8506219805317c5daa84c4445e method=POST path=/lingxi/v1/sessions/sess_local_alpha/execute status=200
2026-09-29T13:13:25.480602Z  INFO lingxi_service::sessions: run settled through the single finalize path run_id=run_000001a0ed4c72e8_0001d1 session_id="sess_local_alpha" outcome=completed.no_final.no_provider_configured input_chars=22
2026-09-29T13:13:25.480718Z  INFO lingxi_service: request handled request_id=req-25b94001a03e32c2684ba8687c82b68b method=POST path=/lingxi/v1/sessions/sess_local_alpha/execute status=200
2026-09-29T13:13:25.481364Z  INFO lingxi_service::sessions: run settled through the single finalize path run_id=run_000001a0ed4c72e8_0001d2 session_id="sess_local_alpha" outcome=completed.no_final.no_provider_configured input_chars=22
2026-09-29T13:13:25.481480Z  INFO lingxi_service: request handled request_id=req-ebf6c1536b5331e76b3107a855108298 method=POST path=/lingxi/v1/sessions/sess_local_alpha/execute status=200
2026-09-29T13:13:25.482131Z  INFO lingxi_service::sessions: run settled through the single finalize path run_id=run_000001a0ed4c72e9_0001d3 session_id="sess_local_alpha" outcome=completed.no_final.no_provider_configured input_chars=22
2026-09-29T13:13:25.482245Z  INFO lingxi_service: request handled request_id=req-4971d65442a5631faac53632cb90f5b7 method=POST path=/lingxi/v1/sessions/sess_local_alpha/execute status=200
2026-09-29T13:13:25.484899Z  INFO lingxi_service::sessions: run settled through the single finalize path run_id=run_000001a0ed4c72ec_0001d4 session_id="sess_local_alpha" outcome=completed.no_final.no_provider_configured input_chars=22
2026-09-29T13:13:25.485028Z  INFO lingxi_service: request handled request_id=req-e07505642c323d5352e40db4f3d82a49 method=POST path=/lingxi/v1/sessions/sess_local_alpha/execute status=200
2026-09-29T13:13:25.485738Z  INFO lingxi_service::sessions: run settled through the single finalize path run_id=run_000001a0ed4c72ed_0001d5 session_id="sess_local_alpha" outcome=completed.no_final.no_provider_configured input_chars=22
2026-09-29T13:13:25.485860Z  INFO lingxi_service: request handled request_id=req-002b3ebb7db9498625fc2adc7547c70a method=POST path=/lingxi/v1/sessions/sess_local_alpha/execute status=200
2026-09-29T13:13:25.486544Z  INFO lingxi_service::sessions: run settled through the single finalize path run_id=run_000001a0ed4c72ee_0001d6 session_id="sess_local_alpha" outcome=completed.no_final.no_provider_configured input_chars=22
2026-09-29T13:13:25.486667Z  INFO lingxi_service: request handled request_id=req-dbc1dd9782561b9c0eeaa73c2a2cc660 method=POST path=/lingxi/v1/sessions/sess_local_alpha/execute status=200
2026-09-29T13:13:25.487329Z  INFO lingxi_service::sessions: run settled through the single finalize path run_id=run_000001a0ed4c72ee_0001d7 session_id="sess_local_alpha" outcome=completed.no_final.no_provider_configured input_chars=22
2026-09-29T13:13:25.487453Z  INFO lingxi_service: request handled request_id=req-b1bc49d15ac86c8f055e9fdee89026ce method=POST path=/lingxi/v1/sessions/sess_local_alpha/execute status=200
2026-09-29T13:13:25.488172Z  INFO lingxi_service::sessions: run settled through the single finalize path run_id=run_000001a0ed4c72ef_0001d8 session_id="sess_local_alpha" outcome=completed.no_final.no_provider_configured input_chars=22
2026-09-29T13:13:25.488290Z  INFO lingxi_service: request handled request_id=req-5a523ca4f6abbd203c661bae16039ad1 method=POST path=/lingxi/v1/sessions/sess_local_alpha/execute status=200
2026-09-29T13:13:25.489000Z  INFO lingxi_service::sessions: run settled through the single finalize path run_id=run_000001a0ed4c72f0_0001d9 session_id="sess_local_alpha" outcome=completed.no_final.no_provider_configured input_chars=22
2026-09-29T13:13:25.489115Z  INFO lingxi_service: request handled request_id=req-583a558c4d5c7c82cdaf9f95bf27a5a7 method=POST path=/lingxi/v1/sessions/sess_local_alpha/execute status=200
2026-09-29T13:13:25.489788Z  INFO lingxi_service::sessions: run settled through the single finalize path run_id=run_000001a0ed4c72f1_0001da session_id="sess_local_alpha" outcome=completed.no_final.no_provider_configured input_chars=22
2026-09-29T13:13:25.489907Z  INFO lingxi_service: request handled request_id=req-bef93f01baf368c5840da753c285fb64 method=POST path=/lingxi/v1/sessions/sess_local_alpha/execute status=200
2026-09-29T13:13:25.490541Z  INFO lingxi_service::sessions: run settled through the single finalize path run_id=run_000001a0ed4c72f2_0001db session_id="sess_local_alpha" outcome=completed.no_final.no_provider_configured input_chars=22
2026-09-29T13:13:25.490655Z  INFO lingxi_service: request handled request_id=req-1bf6143cd80294cfcdedfc48853eb7a4 method=POST path=/lingxi/v1/sessions/sess_local_alpha/execute status=200
2026-09-29T13:13:25.491365Z  INFO lingxi_service::sessions: run settled through the single finalize path run_id=run_000001a0ed4c72f2_0001dc session_id="sess_local_alpha" outcome=completed.no_final.no_provider_configured input_chars=22
2026-09-29T13:13:25.491479Z  INFO lingxi_service: request handled request_id=req-3f5684d5b039e1be93faddd34bc2d22e method=POST path=/lingxi/v1/sessions/sess_local_alpha/execute status=200
2026-09-29T13:13:25.492157Z  INFO lingxi_service::sessions: run settled through the single finalize path run_id=run_000001a0ed4c72f3_0001dd session_id="sess_local_alpha" outcome=completed.no_final.no_provider_configured input_chars=22
2026-09-29T13:13:25.492275Z  INFO lingxi_service: request handled request_id=req-442310392d5b79a8a1eaf26bde75a38b method=POST path=/lingxi/v1/sessions/sess_local_alpha/execute status=200
2026-09-29T13:13:25.492927Z  INFO lingxi_service::sessions: run settled through the single finalize path run_id=run_000001a0ed4c72f4_0001de session_id="sess_local_alpha" outcome=completed.no_final.no_provider_configured input_chars=22
2026-09-29T13:13:25.493043Z  INFO lingxi_service: request handled request_id=req-bc510bb3232d38123846fe297b2a1f4c method=POST path=/lingxi/v1/sessions/sess_local_alpha/execute status=200
2026-09-29T13:13:25.493687Z  INFO lingxi_service::sessions: run settled through the single finalize path run_id=run_000001a0ed4c72f5_0001df session_id="sess_local_alpha" outcome=completed.no_final.no_provider_configured input_chars=22
2026-09-29T13:13:25.493805Z  INFO lingxi_service: request handled request_id=req-1567314702b5bf0188252593b4f4ac2e method=POST path=/lingxi/v1/sessions/sess_local_alpha/execute status=200
2026-09-29T13:13:25.494463Z  INFO lingxi_service::sessions: run settled through the single finalize path run_id=run_000001a0ed4c72f6_0001e0 session_id="sess_local_alpha" outcome=completed.no_final.no_provider_configured input_chars=22
2026-09-29T13:13:25.494580Z  INFO lingxi_service: request handled request_id=req-ae34805b10befd0d0d57250672f155b2 method=POST path=/lingxi/v1/sessions/sess_local_alpha/execute status=200
2026-09-29T13:13:25.495235Z  INFO lingxi_service::sessions: run settled through the single finalize path run_id=run_000001a0ed4c72f6_0001e1 session_id="sess_local_alpha" outcome=completed.no_final.no_provider_configured input_chars=22
2026-09-29T13:13:25.495354Z  INFO lingxi_service: request handled request_id=req-e56ad60e72b64f7c1aead0cc90066ba0 method=POST path=/lingxi/v1/sessions/sess_local_alpha/execute status=200
2026-09-29T13:13:25.496016Z  INFO lingxi_service::sessions: run settled through the single finalize path run_id=run_000001a0ed4c72f7_0001e2 session_id="sess_local_alpha" outcome=completed.no_final.no_provider_configured input_chars=22
2026-09-29T13:13:25.496131Z  INFO lingxi_service: request handled request_id=req-475b7bb426153f5cf43b9ca623a71479 method=POST path=/lingxi/v1/sessions/sess_local_alpha/execute status=200
2026-09-29T13:13:25.496785Z  INFO lingxi_service::sessions: run settled through the single finalize path run_id=run_000001a0ed4c72f8_0001e3 session_id="sess_local_alpha" outcome=completed.no_final.no_provider_configured input_chars=22
2026-09-29T13:13:25.496904Z  INFO lingxi_service: request handled request_id=req-f63b062901486979d8a0214183009bc1 method=POST path=/lingxi/v1/sessions/sess_local_alpha/execute status=200
2026-09-29T13:13:25.497582Z  INFO lingxi_service::sessions: run settled through the single finalize path run_id=run_000001a0ed4c72f9_0001e4 session_id="sess_local_alpha" outcome=completed.no_final.no_provider_configured input_chars=22
2026-09-29T13:13:25.497696Z  INFO lingxi_service: request handled request_id=req-d4d403b3854597a67c5f63ce519a5aa9 method=POST path=/lingxi/v1/sessions/sess_local_alpha/execute status=200
2026-09-29T13:13:25.498362Z  INFO lingxi_service::sessions: run settled through the single finalize path run_id=run_000001a0ed4c72f9_0001e5 session_id="sess_local_alpha" outcome=completed.no_final.no_provider_configured input_chars=22
2026-09-29T13:13:25.498477Z  INFO lingxi_service: request handled request_id=req-17e09b07b9c04b32c32e2a24f4b4fe94 method=POST path=/lingxi/v1/sessions/sess_local_alpha/execute status=200
2026-09-29T13:13:25.499149Z  INFO lingxi_service::sessions: run settled through the single finalize path run_id=run_000001a0ed4c72fa_0001e6 session_id="sess_local_alpha" outcome=completed.no_final.no_provider_configured input_chars=22
2026-09-29T13:13:25.499267Z  INFO lingxi_service: request handled request_id=req-460c5f73df8f4d80b837fe33fb397b98 method=POST path=/lingxi/v1/sessions/sess_local_alpha/execute status=200
2026-09-29T13:13:25.499995Z  INFO lingxi_service::sessions: run settled through the single finalize path run_id=run_000001a0ed4c72fb_0001e7 session_id="sess_local_alpha" outcome=completed.no_final.no_provider_configured input_chars=22
2026-09-29T13:13:25.500110Z  INFO lingxi_service: request handled request_id=req-ff86aee2e572375487a44d9715236119 method=POST path=/lingxi/v1/sessions/sess_local_alpha/execute status=200
2026-09-29T13:13:25.500731Z  INFO lingxi_service::sessions: run settled through the single finalize path run_id=run_000001a0ed4c72fc_0001e8 session_id="sess_local_alpha" outcome=completed.no_final.no_provider_configured input_chars=22
2026-09-29T13:13:25.500845Z  INFO lingxi_service: request handled request_id=req-b2ddd4f00ed756d6679d4cf2be75922d method=POST path=/lingxi/v1/sessions/sess_local_alpha/execute status=200
2026-09-29T13:13:25.501481Z  INFO lingxi_service::sessions: run settled through the single finalize path run_id=run_000001a0ed4c72fd_0001e9 session_id="sess_local_alpha" outcome=completed.no_final.no_provider_configured input_chars=22
2026-09-29T13:13:25.501597Z  INFO lingxi_service: request handled request_id=req-ec22c7535fb957ebcc3bdbbe59c5cad0 method=POST path=/lingxi/v1/sessions/sess_local_alpha/execute status=200
2026-09-29T13:13:25.502205Z  INFO lingxi_service::sessions: run settled through the single finalize path run_id=run_000001a0ed4c72fd_0001ea session_id="sess_local_alpha" outcome=completed.no_final.no_provider_configured input_chars=22
2026-09-29T13:13:25.502321Z  INFO lingxi_service: request handled request_id=req-257aed77fabdcebed1e65fa66d42514c method=POST path=/lingxi/v1/sessions/sess_local_alpha/execute status=200
2026-09-29T13:13:25.503022Z  INFO lingxi_service::sessions: run settled through the single finalize path run_id=run_000001a0ed4c72fe_0001eb session_id="sess_local_alpha" outcome=completed.no_final.no_provider_configured input_chars=22
2026-09-29T13:13:25.503142Z  INFO lingxi_service: request handled request_id=req-532018f53ae36bf54dfaae138bb94759 method=POST path=/lingxi/v1/sessions/sess_local_alpha/execute status=200
2026-09-29T13:13:25.503808Z  INFO lingxi_service::sessions: run settled through the single finalize path run_id=run_000001a0ed4c72ff_0001ec session_id="sess_local_alpha" outcome=completed.no_final.no_provider_configured input_chars=22
2026-09-29T13:13:25.503926Z  INFO lingxi_service: request handled request_id=req-99cf366a18bdb8e4911afb687abc46b7 method=POST path=/lingxi/v1/sessions/sess_local_alpha/execute status=200
2026-09-29T13:13:25.504562Z  INFO lingxi_service::sessions: run settled through the single finalize path run_id=run_000001a0ed4c7300_0001ed session_id="sess_local_alpha" outcome=completed.no_final.no_provider_configured input_chars=22
2026-09-29T13:13:25.504678Z  INFO lingxi_service: request handled request_id=req-46abced5f3e788cd85deeb6fb6de058d method=POST path=/lingxi/v1/sessions/sess_local_alpha/execute status=200
2026-09-29T13:13:25.505358Z  INFO lingxi_service::sessions: run settled through the single finalize path run_id=run_000001a0ed4c7300_0001ee session_id="sess_local_alpha" outcome=completed.no_final.no_provider_configured input_chars=22
2026-09-29T13:13:25.505475Z  INFO lingxi_service: request handled request_id=req-8a77d89625dd911ee93f149fc259f988 method=POST path=/lingxi/v1/sessions/sess_local_alpha/execute status=200
2026-09-29T13:13:25.506112Z  INFO lingxi_service::sessions: run settled through the single finalize path run_id=run_000001a0ed4c7301_0001ef session_id="sess_local_alpha" outcome=completed.no_final.no_provider_configured input_chars=22
2026-09-29T13:13:25.506228Z  INFO lingxi_service: request handled request_id=req-64c7d0ee4ebb19201ca2eb55ae4270ca method=POST path=/lingxi/v1/sessions/sess_local_alpha/execute status=200
2026-09-29T13:13:25.506896Z  INFO lingxi_service::sessions: run settled through the single finalize path run_id=run_000001a0ed4c7302_0001f0 session_id="sess_local_alpha" outcome=completed.no_final.no_provider_configured input_chars=22
2026-09-29T13:13:25.507012Z  INFO lingxi_service: request handled request_id=req-4d92ff6e1b8b82759f49c224181ac4f0 method=POST path=/lingxi/v1/sessions/sess_local_alpha/execute status=200
2026-09-29T13:13:25.507684Z  INFO lingxi_service::sessions: run settled through the single finalize path run_id=run_000001a0ed4c7303_0001f1 session_id="sess_local_alpha" outcome=completed.no_final.no_provider_configured input_chars=22
2026-09-29T13:13:25.507799Z  INFO lingxi_service: request handled request_id=req-27c0424fd1d4f6609e5b5acfd439bc9a method=POST path=/lingxi/v1/sessions/sess_local_alpha/execute status=200
2026-09-29T13:13:25.508499Z  INFO lingxi_service::sessions: run settled through the single finalize path run_id=run_000001a0ed4c7304_0001f2 session_id="sess_local_alpha" outcome=completed.no_final.no_provider_configured input_chars=22
2026-09-29T13:13:25.508613Z  INFO lingxi_service: request handled request_id=req-27e901210bc66674abccb06f505512a2 method=POST path=/lingxi/v1/sessions/sess_local_alpha/execute status=200
2026-09-29T13:13:25.509246Z  INFO lingxi_service::sessions: run settled through the single finalize path run_id=run_000001a0ed4c7304_0001f3 session_id="sess_local_alpha" outcome=completed.no_final.no_provider_configured input_chars=22
2026-09-29T13:13:25.509364Z  INFO lingxi_service: request handled request_id=req-afd4660e2b803f2cc0905c5a04f25f5b method=POST path=/lingxi/v1/sessions/sess_local_alpha/execute status=200
2026-09-29T13:13:25.510510Z  INFO lingxi_service::sessions: run settled through the single finalize path run_id=run_000001a0ed4c7305_0001f4 session_id="sess_local_alpha" outcome=completed.no_final.no_provider_configured input_chars=22
2026-09-29T13:13:25.510627Z  INFO lingxi_service: request handled request_id=req-fb4c3bc9c26fe315df6e19d4b89b21f1 method=POST path=/lingxi/v1/sessions/sess_local_alpha/execute status=200
2026-09-29T13:13:25.511353Z  INFO lingxi_service::sessions: run settled through the single finalize path run_id=run_000001a0ed4c7306_0001f5 session_id="sess_local_alpha" outcome=completed.no_final.no_provider_configured input_chars=22
2026-09-29T13:13:25.511470Z  INFO lingxi_service: request handled request_id=req-f78fddcba7d464dd25013f414dbbd0a5 method=POST path=/lingxi/v1/sessions/sess_local_alpha/execute status=200
2026-09-29T13:13:25.512135Z  INFO lingxi_service::sessions: run settled through the single finalize path run_id=run_000001a0ed4c7307_0001f6 session_id="sess_local_alpha" outcome=completed.no_final.no_provider_configured input_chars=22
2026-09-29T13:13:25.512251Z  INFO lingxi_service: request handled request_id=req-ba23445d114f6b4d34a66daef8f2f6cc method=POST path=/lingxi/v1/sessions/sess_local_alpha/execute status=200
2026-09-29T13:13:25.512862Z  INFO lingxi_service::sessions: run settled through the single finalize path run_id=run_000001a0ed4c7308_0001f7 session_id="sess_local_alpha" outcome=completed.no_final.no_provider_configured input_chars=22
2026-09-29T13:13:25.512977Z  INFO lingxi_service: request handled request_id=req-b3b78d1866722ec3ff8eae2e1fdda21c method=POST path=/lingxi/v1/sessions/sess_local_alpha/execute status=200
2026-09-29T13:13:25.513648Z  INFO lingxi_service::sessions: run settled through the single finalize path run_id=run_000001a0ed4c7309_0001f8 session_id="sess_local_alpha" outcome=completed.no_final.no_provider_configured input_chars=22
2026-09-29T13:13:25.513763Z  INFO lingxi_service: request handled request_id=req-d873d3225dd8c1e1529e92e4e8c637a1 method=POST path=/lingxi/v1/sessions/sess_local_alpha/execute status=200
2026-09-29T13:13:25.514415Z  INFO lingxi_service::sessions: run settled through the single finalize path run_id=run_000001a0ed4c730a_0001f9 session_id="sess_local_alpha" outcome=completed.no_final.no_provider_configured input_chars=22
2026-09-29T13:13:25.514532Z  INFO lingxi_service: request handled request_id=req-da528f78a579ede51a25631b3e03c2bc method=POST path=/lingxi/v1/sessions/sess_local_alpha/execute status=200
2026-09-29T13:13:25.515189Z  INFO lingxi_service::sessions: run settled through the single finalize path run_id=run_000001a0ed4c730a_0001fa session_id="sess_local_alpha" outcome=completed.no_final.no_provider_configured input_chars=22
2026-09-29T13:13:25.515303Z  INFO lingxi_service: request handled request_id=req-921fb211d488564f837549ae6ae0ce7c method=POST path=/lingxi/v1/sessions/sess_local_alpha/execute status=200
2026-09-29T13:13:25.515928Z  INFO lingxi_service::sessions: run settled through the single finalize path run_id=run_000001a0ed4c730b_0001fb session_id="sess_local_alpha" outcome=completed.no_final.no_provider_configured input_chars=22
2026-09-29T13:13:25.516044Z  INFO lingxi_service: request handled request_id=req-d00640e27f9f8f17385d31eec252b8cd method=POST path=/lingxi/v1/sessions/sess_local_alpha/execute status=200
2026-09-29T13:13:25.516753Z  INFO lingxi_service::sessions: run settled through the single finalize path run_id=run_000001a0ed4c730c_0001fc session_id="sess_local_alpha" outcome=completed.no_final.no_provider_configured input_chars=22
2026-09-29T13:13:25.516867Z  INFO lingxi_service: request handled request_id=req-002b0b0e7781f4a6d8cf70c3993919ed method=POST path=/lingxi/v1/sessions/sess_local_alpha/execute status=200
2026-09-29T13:13:25.517550Z  INFO lingxi_service::sessions: run settled through the single finalize path run_id=run_000001a0ed4c730d_0001fd session_id="sess_local_alpha" outcome=completed.no_final.no_provider_configured input_chars=22
2026-09-29T13:13:25.517665Z  INFO lingxi_service: request handled request_id=req-0ab0eb15d5614b491786baae38adc443 method=POST path=/lingxi/v1/sessions/sess_local_alpha/execute status=200
2026-09-29T13:13:25.518338Z  INFO lingxi_service::sessions: run settled through the single finalize path run_id=run_000001a0ed4c730d_0001fe session_id="sess_local_alpha" outcome=completed.no_final.no_provider_configured input_chars=22
2026-09-29T13:13:25.518463Z  INFO lingxi_service: request handled request_id=req-43a49f50db82493c2c0bf5608d590071 method=POST path=/lingxi/v1/sessions/sess_local_alpha/execute status=200
2026-09-29T13:13:25.519105Z  INFO lingxi_service::sessions: run settled through the single finalize path run_id=run_000001a0ed4c730e_0001ff session_id="sess_local_alpha" outcome=completed.no_final.no_provider_configured input_chars=22
2026-09-29T13:13:25.519225Z  INFO lingxi_service: request handled request_id=req-eb8e0376dc5e17ab9d86afe927a60eb6 method=POST path=/lingxi/v1/sessions/sess_local_alpha/execute status=200
2026-09-29T13:13:25.519870Z  INFO lingxi_service::sessions: run settled through the single finalize path run_id=run_000001a0ed4c730f_000200 session_id="sess_local_alpha" outcome=completed.no_final.no_provider_configured input_chars=22
2026-09-29T13:13:25.519986Z  INFO lingxi_service: request handled request_id=req-1f58f651ab4fd3953989f9dfa60af116 method=POST path=/lingxi/v1/sessions/sess_local_alpha/execute status=200
2026-09-29T13:13:25.520621Z  INFO lingxi_service::sessions: run settled through the single finalize path run_id=run_000001a0ed4c7310_000201 session_id="sess_local_alpha" outcome=completed.no_final.no_provider_configured input_chars=22
2026-09-29T13:13:25.520736Z  INFO lingxi_service: request handled request_id=req-20c870329e6cf6e9d5b0f599cffb4d54 method=POST path=/lingxi/v1/sessions/sess_local_alpha/execute status=200
2026-09-29T13:13:25.521437Z  INFO lingxi_service::sessions: run settled through the single finalize path run_id=run_000001a0ed4c7311_000202 session_id="sess_local_alpha" outcome=completed.no_final.no_provider_configured input_chars=22
2026-09-29T13:13:25.521552Z  INFO lingxi_service: request handled request_id=req-74f7a1013eaba475941d44c540afdd72 method=POST path=/lingxi/v1/sessions/sess_local_alpha/execute status=200
2026-09-29T13:13:25.522214Z  INFO lingxi_service::sessions: run settled through the single finalize path run_id=run_000001a0ed4c7311_000203 session_id="sess_local_alpha" outcome=completed.no_final.no_provider_configured input_chars=22
2026-09-29T13:13:25.522330Z  INFO lingxi_service: request handled request_id=req-9e095208084511366cc58f6f48637286 method=POST path=/lingxi/v1/sessions/sess_local_alpha/execute status=200
2026-09-29T13:13:25.522965Z  INFO lingxi_service::sessions: run settled through the single finalize path run_id=run_000001a0ed4c7312_000204 session_id="sess_local_alpha" outcome=completed.no_final.no_provider_configured input_chars=22
2026-09-29T13:13:25.523082Z  INFO lingxi_service: request handled request_id=req-cea3f52ff6b6e446ec88afc7461f13c6 method=POST path=/lingxi/v1/sessions/sess_local_alpha/execute status=200
2026-09-29T13:13:25.523781Z  INFO lingxi_service::sessions: run settled through the single finalize path run_id=run_000001a0ed4c7313_000205 session_id="sess_local_alpha" outcome=completed.no_final.no_provider_configured input_chars=22
2026-09-29T13:13:25.523898Z  INFO lingxi_service: request handled request_id=req-b3fcc0a97d2325239b0ffe4bf36d5219 method=POST path=/lingxi/v1/sessions/sess_local_alpha/execute status=200
2026-09-29T13:13:25.524618Z  INFO lingxi_service::sessions: run settled through the single finalize path run_id=run_000001a0ed4c7314_000206 session_id="sess_local_alpha" outcome=completed.no_final.no_provider_configured input_chars=22
2026-09-29T13:13:25.524734Z  INFO lingxi_service: request handled request_id=req-e312bffc7abd944e827dafe19e55eb23 method=POST path=/lingxi/v1/sessions/sess_local_alpha/execute status=200
2026-09-29T13:13:25.525393Z  INFO lingxi_service::sessions: run settled through the single finalize path run_id=run_000001a0ed4c7314_000207 session_id="sess_local_alpha" outcome=completed.no_final.no_provider_configured input_chars=22
2026-09-29T13:13:25.525507Z  INFO lingxi_service: request handled request_id=req-7fb3a25f4e6f65d725c3aa8991b27850 method=POST path=/lingxi/v1/sessions/sess_local_alpha/execute status=200
2026-09-29T13:13:25.526135Z  INFO lingxi_service::sessions: run settled through the single finalize path run_id=run_000001a0ed4c7315_000208 session_id="sess_local_alpha" outcome=completed.no_final.no_provider_configured input_chars=22
2026-09-29T13:13:25.526258Z  INFO lingxi_service: request handled request_id=req-1afcaf683a25a262a6015ff99d446354 method=POST path=/lingxi/v1/sessions/sess_local_alpha/execute status=200
2026-09-29T13:13:25.526900Z  INFO lingxi_service::sessions: run settled through the single finalize path run_id=run_000001a0ed4c7316_000209 session_id="sess_local_alpha" outcome=completed.no_final.no_provider_configured input_chars=22
2026-09-29T13:13:25.527017Z  INFO lingxi_service: request handled request_id=req-f09834c3826bad65598eb3bd9f8e3f74 method=POST path=/lingxi/v1/sessions/sess_local_alpha/execute status=200
2026-09-29T13:13:25.527637Z  INFO lingxi_service::sessions: run settled through the single finalize path run_id=run_000001a0ed4c7317_00020a session_id="sess_local_alpha" outcome=completed.no_final.no_provider_configured input_chars=22
2026-09-29T13:13:25.527755Z  INFO lingxi_service: request handled request_id=req-efa5dd0db9ed52a55d832ab94885c795 method=POST path=/lingxi/v1/sessions/sess_local_alpha/execute status=200
2026-09-29T13:13:25.528413Z  INFO lingxi_service::sessions: run settled through the single finalize path run_id=run_000001a0ed4c7318_00020b session_id="sess_local_alpha" outcome=completed.no_final.no_provider_configured input_chars=22
2026-09-29T13:13:25.528533Z  INFO lingxi_service: request handled request_id=req-ae80b8f4eb1263722097e4f4e354f9ff method=POST path=/lingxi/v1/sessions/sess_local_alpha/execute status=200
2026-09-29T13:13:25.529169Z  INFO lingxi_service::sessions: run settled through the single finalize path run_id=run_000001a0ed4c7318_00020c session_id="sess_local_alpha" outcome=completed.no_final.no_provider_configured input_chars=22
2026-09-29T13:13:25.529284Z  INFO lingxi_service: request handled request_id=req-d14ede03fb0de43465b8225b42c6ed65 method=POST path=/lingxi/v1/sessions/sess_local_alpha/execute status=200
2026-09-29T13:13:25.529905Z  INFO lingxi_service::sessions: run settled through the single finalize path run_id=run_000001a0ed4c7319_00020d session_id="sess_local_alpha" outcome=completed.no_final.no_provider_configured input_chars=22
2026-09-29T13:13:25.530019Z  INFO lingxi_service: request handled request_id=req-2fe9efad0681a59d8f12bb1e7fb80e16 method=POST path=/lingxi/v1/sessions/sess_local_alpha/execute status=200
2026-09-29T13:13:25.530655Z  INFO lingxi_service::sessions: run settled through the single finalize path run_id=run_000001a0ed4c731a_00020e session_id="sess_local_alpha" outcome=completed.no_final.no_provider_configured input_chars=22
2026-09-29T13:13:25.530772Z  INFO lingxi_service: request handled request_id=req-a8ff0dd6a4e3919389292cd7fb77acc2 method=POST path=/lingxi/v1/sessions/sess_local_alpha/execute status=200
2026-09-29T13:13:25.531395Z  INFO lingxi_service::sessions: run settled through the single finalize path run_id=run_000001a0ed4c731b_00020f session_id="sess_local_alpha" outcome=completed.no_final.no_provider_configured input_chars=22
2026-09-29T13:13:25.531512Z  INFO lingxi_service: request handled request_id=req-09d9f7eb1dc058855836f5947e182899 method=POST path=/lingxi/v1/sessions/sess_local_alpha/execute status=200
2026-09-29T13:13:25.532166Z  INFO lingxi_service::sessions: run settled through the single finalize path run_id=run_000001a0ed4c731b_000210 session_id="sess_local_alpha" outcome=completed.no_final.no_provider_configured input_chars=22
2026-09-29T13:13:25.532280Z  INFO lingxi_service: request handled request_id=req-5b552c02b271c5e2a028a8e4a6e4aa7d method=POST path=/lingxi/v1/sessions/sess_local_alpha/execute status=200
2026-09-29T13:13:25.532957Z  INFO lingxi_service::sessions: run settled through the single finalize path run_id=run_000001a0ed4c731c_000211 session_id="sess_local_alpha" outcome=completed.no_final.no_provider_configured input_chars=22
2026-09-29T13:13:25.533081Z  INFO lingxi_service: request handled request_id=req-e9e82363bd91dab8da84007dd6f4d72b method=POST path=/lingxi/v1/sessions/sess_local_alpha/execute status=200
2026-09-29T13:13:25.533742Z  INFO lingxi_service::sessions: run settled through the single finalize path run_id=run_000001a0ed4c731d_000212 session_id="sess_local_alpha" outcome=completed.no_final.no_provider_configured input_chars=22
2026-09-29T13:13:25.533859Z  INFO lingxi_service: request handled request_id=req-11e30ea1ba8116fa4ff2318c50efe493 method=POST path=/lingxi/v1/sessions/sess_local_alpha/execute status=200
2026-09-29T13:13:25.534494Z  INFO lingxi_service::sessions: run settled through the single finalize path run_id=run_000001a0ed4c731e_000213 session_id="sess_local_alpha" outcome=completed.no_final.no_provider_configured input_chars=22
2026-09-29T13:13:25.534613Z  INFO lingxi_service: request handled request_id=req-aeed376c42a82f52edd92282618035d1 method=POST path=/lingxi/v1/sessions/sess_local_alpha/execute status=200
2026-09-29T13:13:25.535254Z  INFO lingxi_service::sessions: run settled through the single finalize path run_id=run_000001a0ed4c731e_000214 session_id="sess_local_alpha" outcome=completed.no_final.no_provider_configured input_chars=22
2026-09-29T13:13:25.535371Z  INFO lingxi_service: request handled request_id=req-5830222e5407f04f03f549d43adc5e89 method=POST path=/lingxi/v1/sessions/sess_local_alpha/execute status=200
2026-09-29T13:13:25.535995Z  INFO lingxi_service::sessions: run settled through the single finalize path run_id=run_000001a0ed4c731f_000215 session_id="sess_local_alpha" outcome=completed.no_final.no_provider_configured input_chars=22
2026-09-29T13:13:25.536112Z  INFO lingxi_service: request handled request_id=req-bcc17493a2489673bfb2a4d7ee6d8f6b method=POST path=/lingxi/v1/sessions/sess_local_alpha/execute status=200
2026-09-29T13:13:25.536761Z  INFO lingxi_service::sessions: run settled through the single finalize path run_id=run_000001a0ed4c7320_000216 session_id="sess_local_alpha" outcome=completed.no_final.no_provider_configured input_chars=22
2026-09-29T13:13:25.536878Z  INFO lingxi_service: request handled request_id=req-132281c1293e87a4434c47fcf8659456 method=POST path=/lingxi/v1/sessions/sess_local_alpha/execute status=200
2026-09-29T13:13:25.537539Z  INFO lingxi_service::sessions: run settled through the single finalize path run_id=run_000001a0ed4c7321_000217 session_id="sess_local_alpha" outcome=completed.no_final.no_provider_configured input_chars=22
2026-09-29T13:13:25.537655Z  INFO lingxi_service: request handled request_id=req-d72bb4064e9c16cd094e78b1f3caf05c method=POST path=/lingxi/v1/sessions/sess_local_alpha/execute status=200
2026-09-29T13:13:25.538280Z  INFO lingxi_service::sessions: run settled through the single finalize path run_id=run_000001a0ed4c7321_000218 session_id="sess_local_alpha" outcome=completed.no_final.no_provider_configured input_chars=22
2026-09-29T13:13:25.538399Z  INFO lingxi_service: request handled request_id=req-35f660e2aff679d0747de2332709b002 method=POST path=/lingxi/v1/sessions/sess_local_alpha/execute status=200
2026-09-29T13:13:25.539046Z  INFO lingxi_service::sessions: run settled through the single finalize path run_id=run_000001a0ed4c7322_000219 session_id="sess_local_alpha" outcome=completed.no_final.no_provider_configured input_chars=22
2026-09-29T13:13:25.539160Z  INFO lingxi_service: request handled request_id=req-7bb943feafc2ea18be284361b787593d method=POST path=/lingxi/v1/sessions/sess_local_alpha/execute status=200
2026-09-29T13:13:25.539813Z  INFO lingxi_service::sessions: run settled through the single finalize path run_id=run_000001a0ed4c7323_00021a session_id="sess_local_alpha" outcome=completed.no_final.no_provider_configured input_chars=22
2026-09-29T13:13:25.539931Z  INFO lingxi_service: request handled request_id=req-a2fe080cf537fcda6920aa54d35fc165 method=POST path=/lingxi/v1/sessions/sess_local_alpha/execute status=200
2026-09-29T13:13:25.540645Z  INFO lingxi_service::sessions: run settled through the single finalize path run_id=run_000001a0ed4c7324_00021b session_id="sess_local_alpha" outcome=completed.no_final.no_provider_configured input_chars=22
2026-09-29T13:13:25.540762Z  INFO lingxi_service: request handled request_id=req-ef81bff3525a6602db355997a8f9a424 method=POST path=/lingxi/v1/sessions/sess_local_alpha/execute status=200
2026-09-29T13:13:25.541400Z  INFO lingxi_service::sessions: run settled through the single finalize path run_id=run_000001a0ed4c7325_00021c session_id="sess_local_alpha" outcome=completed.no_final.no_provider_configured input_chars=22
2026-09-29T13:13:25.541521Z  INFO lingxi_service: request handled request_id=req-f12599a240ff3174868bd3f9a16d5f6e method=POST path=/lingxi/v1/sessions/sess_local_alpha/execute status=200
2026-09-29T13:13:25.542209Z  INFO lingxi_service::sessions: run settled through the single finalize path run_id=run_000001a0ed4c7325_00021d session_id="sess_local_alpha" outcome=completed.no_final.no_provider_configured input_chars=22
2026-09-29T13:13:25.542330Z  INFO lingxi_service: request handled request_id=req-56627775b6579117653218928d26f029 method=POST path=/lingxi/v1/sessions/sess_local_alpha/execute status=200
2026-09-29T13:13:25.542983Z  INFO lingxi_service::sessions: run settled through the single finalize path run_id=run_000001a0ed4c7326_00021e session_id="sess_local_alpha" outcome=completed.no_final.no_provider_configured input_chars=22
2026-09-29T13:13:25.543102Z  INFO lingxi_service: request handled request_id=req-3fa3cdf760d5fbd1cca99406c7ac14e3 method=POST path=/lingxi/v1/sessions/sess_local_alpha/execute status=200
2026-09-29T13:13:25.543761Z  INFO lingxi_service::sessions: run settled through the single finalize path run_id=run_000001a0ed4c7327_00021f session_id="sess_local_alpha" outcome=completed.no_final.no_provider_configured input_chars=22
2026-09-29T13:13:25.543882Z  INFO lingxi_service: request handled request_id=req-e633ac2de8f4f0dc008ad7f699b9f679 method=POST path=/lingxi/v1/sessions/sess_local_alpha/execute status=200
2026-09-29T13:13:25.544527Z  INFO lingxi_service::sessions: run settled through the single finalize path run_id=run_000001a0ed4c7328_000220 session_id="sess_local_alpha" outcome=completed.no_final.no_provider_configured input_chars=22
2026-09-29T13:13:25.544644Z  INFO lingxi_service: request handled request_id=req-387d68b90bd263b88926ccf3a3b6a1f7 method=POST path=/lingxi/v1/sessions/sess_local_alpha/execute status=200
2026-09-29T13:13:25.545301Z  INFO lingxi_service::sessions: run settled through the single finalize path run_id=run_000001a0ed4c7328_000221 session_id="sess_local_alpha" outcome=completed.no_final.no_provider_configured input_chars=22
2026-09-29T13:13:25.545421Z  INFO lingxi_service: request handled request_id=req-ef9f470c04a6710f6306fbe2debefe95 method=POST path=/lingxi/v1/sessions/sess_local_alpha/execute status=200
2026-09-29T13:13:25.546079Z  INFO lingxi_service::sessions: run settled through the single finalize path run_id=run_000001a0ed4c7329_000222 session_id="sess_local_alpha" outcome=completed.no_final.no_provider_configured input_chars=22
2026-09-29T13:13:25.546197Z  INFO lingxi_service: request handled request_id=req-f7f1a6dccba91cd702c104bdc7db60a1 method=POST path=/lingxi/v1/sessions/sess_local_alpha/execute status=200
2026-09-29T13:13:25.546851Z  INFO lingxi_service::sessions: run settled through the single finalize path run_id=run_000001a0ed4c732a_000223 session_id="sess_local_alpha" outcome=completed.no_final.no_provider_configured input_chars=22
2026-09-29T13:13:25.546966Z  INFO lingxi_service: request handled request_id=req-e3b2c09d6a6927882be8ad8da27ae207 method=POST path=/lingxi/v1/sessions/sess_local_alpha/execute status=200
2026-09-29T13:13:25.547593Z  INFO lingxi_service::sessions: run settled through the single finalize path run_id=run_000001a0ed4c732b_000224 session_id="sess_local_alpha" outcome=completed.no_final.no_provider_configured input_chars=22
2026-09-29T13:13:25.547709Z  INFO lingxi_service: request handled request_id=req-57efc9129ed202231d25107131e90b1d method=POST path=/lingxi/v1/sessions/sess_local_alpha/execute status=200
2026-09-29T13:13:25.548781Z  INFO lingxi_service::sessions: run settled through the single finalize path run_id=run_000001a0ed4c732b_000225 session_id="sess_local_alpha" outcome=completed.no_final.no_provider_configured input_chars=22
2026-09-29T13:13:25.548902Z  INFO lingxi_service: request handled request_id=req-50f6f7268e5c8a2da4c045f1c9d86a0d method=POST path=/lingxi/v1/sessions/sess_local_alpha/execute status=200
2026-09-29T13:13:25.549571Z  INFO lingxi_service::sessions: run settled through the single finalize path run_id=run_000001a0ed4c732d_000226 session_id="sess_local_alpha" outcome=completed.no_final.no_provider_configured input_chars=22
2026-09-29T13:13:25.549692Z  INFO lingxi_service: request handled request_id=req-d317548408cf60b704e40b33dbc47282 method=POST path=/lingxi/v1/sessions/sess_local_alpha/execute status=200
2026-09-29T13:13:25.550344Z  INFO lingxi_service::sessions: run settled through the single finalize path run_id=run_000001a0ed4c732d_000227 session_id="sess_local_alpha" outcome=completed.no_final.no_provider_configured input_chars=22
2026-09-29T13:13:25.550468Z  INFO lingxi_service: request handled request_id=req-c29dadea5278b711f1c5e0e9d7558575 method=POST path=/lingxi/v1/sessions/sess_local_alpha/execute status=200
2026-09-29T13:13:25.551152Z  INFO lingxi_service::sessions: run settled through the single finalize path run_id=run_000001a0ed4c732e_000228 session_id="sess_local_alpha" outcome=completed.no_final.no_provider_configured input_chars=22
2026-09-29T13:13:25.551270Z  INFO lingxi_service: request handled request_id=req-81358d612ed015982fd27c83296d7169 method=POST path=/lingxi/v1/sessions/sess_local_alpha/execute status=200
2026-09-29T13:13:25.551943Z  INFO lingxi_service::sessions: run settled through the single finalize path run_id=run_000001a0ed4c732f_000229 session_id="sess_local_alpha" outcome=completed.no_final.no_provider_configured input_chars=22
2026-09-29T13:13:25.552059Z  INFO lingxi_service: request handled request_id=req-87ead9284cce173791d72b1d1c9900e7 method=POST path=/lingxi/v1/sessions/sess_local_alpha/execute status=200
2026-09-29T13:13:25.552806Z  INFO lingxi_service::sessions: run settled through the single finalize path run_id=run_000001a0ed4c7330_00022a session_id="sess_local_alpha" outcome=completed.no_final.no_provider_configured input_chars=22
2026-09-29T13:13:25.552926Z  INFO lingxi_service: request handled request_id=req-fe031ddc0a9a58efacfcccdb71357206 method=POST path=/lingxi/v1/sessions/sess_local_alpha/execute status=200
2026-09-29T13:13:25.553566Z  INFO lingxi_service::sessions: run settled through the single finalize path run_id=run_000001a0ed4c7331_00022b session_id="sess_local_alpha" outcome=completed.no_final.no_provider_configured input_chars=22
2026-09-29T13:13:25.553683Z  INFO lingxi_service: request handled request_id=req-5ca0444ae6b871832ca3c04541ea6367 method=POST path=/lingxi/v1/sessions/sess_local_alpha/execute status=200
2026-09-29T13:13:25.554324Z  INFO lingxi_service::sessions: run settled through the single finalize path run_id=run_000001a0ed4c7331_00022c session_id="sess_local_alpha" outcome=completed.no_final.no_provider_configured input_chars=22
2026-09-29T13:13:25.554444Z  INFO lingxi_service: request handled request_id=req-146e59fb4039d8a059e904e3cd8f7327 method=POST path=/lingxi/v1/sessions/sess_local_alpha/execute status=200
2026-09-29T13:13:25.555064Z  INFO lingxi_service::sessions: run settled through the single finalize path run_id=run_000001a0ed4c7332_00022d session_id="sess_local_alpha" outcome=completed.no_final.no_provider_configured input_chars=22
2026-09-29T13:13:25.555182Z  INFO lingxi_service: request handled request_id=req-fa906481d8bdecb6392dbae1189e056c method=POST path=/lingxi/v1/sessions/sess_local_alpha/execute status=200
2026-09-29T13:13:25.555841Z  INFO lingxi_service::sessions: run settled through the single finalize path run_id=run_000001a0ed4c7333_00022e session_id="sess_local_alpha" outcome=completed.no_final.no_provider_configured input_chars=22
2026-09-29T13:13:25.555958Z  INFO lingxi_service: request handled request_id=req-1803b1edcd9848204a6051d8b7e46bc7 method=POST path=/lingxi/v1/sessions/sess_local_alpha/execute status=200
2026-09-29T13:13:25.556596Z  INFO lingxi_service::sessions: run settled through the single finalize path run_id=run_000001a0ed4c7334_00022f session_id="sess_local_alpha" outcome=completed.no_final.no_provider_configured input_chars=22
2026-09-29T13:13:25.556713Z  INFO lingxi_service: request handled request_id=req-24c7dd85b51864823e29c4570f2d7cb7 method=POST path=/lingxi/v1/sessions/sess_local_alpha/execute status=200
2026-09-29T13:13:25.557336Z  INFO lingxi_service::sessions: run settled through the single finalize path run_id=run_000001a0ed4c7334_000230 session_id="sess_local_alpha" outcome=completed.no_final.no_provider_configured input_chars=22
2026-09-29T13:13:25.557452Z  INFO lingxi_service: request handled request_id=req-c41145db77c71eec2f4e326d80a2e45b method=POST path=/lingxi/v1/sessions/sess_local_alpha/execute status=200
2026-09-29T13:13:25.558190Z  INFO lingxi_service::sessions: run settled through the single finalize path run_id=run_000001a0ed4c7335_000231 session_id="sess_local_alpha" outcome=completed.no_final.no_provider_configured input_chars=22
2026-09-29T13:13:25.558310Z  INFO lingxi_service: request handled request_id=req-ea6deda65494ea4cc12247f767de64b8 method=POST path=/lingxi/v1/sessions/sess_local_alpha/execute status=200
2026-09-29T13:13:25.559026Z  INFO lingxi_service::sessions: run settled through the single finalize path run_id=run_000001a0ed4c7336_000232 session_id="sess_local_alpha" outcome=completed.no_final.no_provider_configured input_chars=22
2026-09-29T13:13:25.559144Z  INFO lingxi_service: request handled request_id=req-e5931fd090a6059ca49aa28385bbd13f method=POST path=/lingxi/v1/sessions/sess_local_alpha/execute status=200
2026-09-29T13:13:25.559801Z  INFO lingxi_service::sessions: run settled through the single finalize path run_id=run_000001a0ed4c7337_000233 session_id="sess_local_alpha" outcome=completed.no_final.no_provider_configured input_chars=22
2026-09-29T13:13:25.559917Z  INFO lingxi_service: request handled request_id=req-8974b6bde76252064ff1af73cada4699 method=POST path=/lingxi/v1/sessions/sess_local_alpha/execute status=200
2026-09-29T13:13:25.560552Z  INFO lingxi_service::sessions: run settled through the single finalize path run_id=run_000001a0ed4c7338_000234 session_id="sess_local_alpha" outcome=completed.no_final.no_provider_configured input_chars=22
2026-09-29T13:13:25.560668Z  INFO lingxi_service: request handled request_id=req-ad586a332a48735eab0b8eb661873be6 method=POST path=/lingxi/v1/sessions/sess_local_alpha/execute status=200
2026-09-29T13:13:25.561336Z  INFO lingxi_service::sessions: run settled through the single finalize path run_id=run_000001a0ed4c7338_000235 session_id="sess_local_alpha" outcome=completed.no_final.no_provider_configured input_chars=22
2026-09-29T13:13:25.561456Z  INFO lingxi_service: request handled request_id=req-a9c9559585f79d862f7adc870854fe31 method=POST path=/lingxi/v1/sessions/sess_local_alpha/execute status=200
2026-09-29T13:13:25.562085Z  INFO lingxi_service::sessions: run settled through the single finalize path run_id=run_000001a0ed4c7339_000236 session_id="sess_local_alpha" outcome=completed.no_final.no_provider_configured input_chars=22
2026-09-29T13:13:25.562202Z  INFO lingxi_service: request handled request_id=req-29f385f397df256def3de7926b561308 method=POST path=/lingxi/v1/sessions/sess_local_alpha/execute status=200
2026-09-29T13:13:25.562885Z  INFO lingxi_service::sessions: run settled through the single finalize path run_id=run_000001a0ed4c733a_000237 session_id="sess_local_alpha" outcome=completed.no_final.no_provider_configured input_chars=22
2026-09-29T13:13:25.563008Z  INFO lingxi_service: request handled request_id=req-da618711c9e11a17743d4252cf7ec684 method=POST path=/lingxi/v1/sessions/sess_local_alpha/execute status=200
2026-09-29T13:13:25.563762Z  INFO lingxi_service::sessions: run settled through the single finalize path run_id=run_000001a0ed4c733b_000238 session_id="sess_local_alpha" outcome=completed.no_final.no_provider_configured input_chars=22
2026-09-29T13:13:25.563881Z  INFO lingxi_service: request handled request_id=req-edd28351d3c343ef914ebf78355a3f38 method=POST path=/lingxi/v1/sessions/sess_local_alpha/execute status=200
2026-09-29T13:13:25.564548Z  INFO lingxi_service::sessions: run settled through the single finalize path run_id=run_000001a0ed4c733c_000239 session_id="sess_local_alpha" outcome=completed.no_final.no_provider_configured input_chars=22
2026-09-29T13:13:25.564665Z  INFO lingxi_service: request handled request_id=req-18f3909afce7f5f27c190d863274f728 method=POST path=/lingxi/v1/sessions/sess_local_alpha/execute status=200
2026-09-29T13:13:25.565293Z  INFO lingxi_service::sessions: run settled through the single finalize path run_id=run_000001a0ed4c733c_00023a session_id="sess_local_alpha" outcome=completed.no_final.no_provider_configured input_chars=22
2026-09-29T13:13:25.565412Z  INFO lingxi_service: request handled request_id=req-eee4bf17b458f61f71d1bad22b17d786 method=POST path=/lingxi/v1/sessions/sess_local_alpha/execute status=200
2026-09-29T13:13:25.566064Z  INFO lingxi_service::sessions: run settled through the single finalize path run_id=run_000001a0ed4c733d_00023b session_id="sess_local_alpha" outcome=completed.no_final.no_provider_configured input_chars=22
2026-09-29T13:13:25.566186Z  INFO lingxi_service: request handled request_id=req-3db6a284d0fe64571391783c68fa353a method=POST path=/lingxi/v1/sessions/sess_local_alpha/execute status=200
2026-09-29T13:13:25.566848Z  INFO lingxi_service::sessions: run settled through the single finalize path run_id=run_000001a0ed4c733e_00023c session_id="sess_local_alpha" outcome=completed.no_final.no_provider_configured input_chars=22
2026-09-29T13:13:25.566967Z  INFO lingxi_service: request handled request_id=req-aa7ffd1d1d05213a9f0d8ba122c7e210 method=POST path=/lingxi/v1/sessions/sess_local_alpha/execute status=200
2026-09-29T13:13:25.567618Z  INFO lingxi_service::sessions: run settled through the single finalize path run_id=run_000001a0ed4c733f_00023d session_id="sess_local_alpha" outcome=completed.no_final.no_provider_configured input_chars=22
2026-09-29T13:13:25.567736Z  INFO lingxi_service: request handled request_id=req-c418e5d6b8b4ee0742ef8ea54e5cf408 method=POST path=/lingxi/v1/sessions/sess_local_alpha/execute status=200
2026-09-29T13:13:25.568422Z  INFO lingxi_service::sessions: run settled through the single finalize path run_id=run_000001a0ed4c733f_00023e session_id="sess_local_alpha" outcome=completed.no_final.no_provider_configured input_chars=22
2026-09-29T13:13:25.568541Z  INFO lingxi_service: request handled request_id=req-e9eca40142307508015a986c2c29c29f method=POST path=/lingxi/v1/sessions/sess_local_alpha/execute status=200
2026-09-29T13:13:25.569164Z  INFO lingxi_service::sessions: run settled through the single finalize path run_id=run_000001a0ed4c7340_00023f session_id="sess_local_alpha" outcome=completed.no_final.no_provider_configured input_chars=22
2026-09-29T13:13:25.569281Z  INFO lingxi_service: request handled request_id=req-51678c4226ca8c50405271c134c09afa method=POST path=/lingxi/v1/sessions/sess_local_alpha/execute status=200
2026-09-29T13:13:25.569927Z  INFO lingxi_service::sessions: run settled through the single finalize path run_id=run_000001a0ed4c7341_000240 session_id="sess_local_alpha" outcome=completed.no_final.no_provider_configured input_chars=22
2026-09-29T13:13:25.570044Z  INFO lingxi_service: request handled request_id=req-5862bd4c8e1810e23f96026c404e39cf method=POST path=/lingxi/v1/sessions/sess_local_alpha/execute status=200
2026-09-29T13:13:25.570684Z  INFO lingxi_service::sessions: run settled through the single finalize path run_id=run_000001a0ed4c7342_000241 session_id="sess_local_alpha" outcome=completed.no_final.no_provider_configured input_chars=22
2026-09-29T13:13:25.570799Z  INFO lingxi_service: request handled request_id=req-0fc425e1b90cd5727099e2946ab16271 method=POST path=/lingxi/v1/sessions/sess_local_alpha/execute status=200
2026-09-29T13:13:25.571411Z  INFO lingxi_service::sessions: run settled through the single finalize path run_id=run_000001a0ed4c7343_000242 session_id="sess_local_alpha" outcome=completed.no_final.no_provider_configured input_chars=22
2026-09-29T13:13:25.571532Z  INFO lingxi_service: request handled request_id=req-dcbb4326a76019454bf9485c879f913b method=POST path=/lingxi/v1/sessions/sess_local_alpha/execute status=200
2026-09-29T13:13:25.572144Z  INFO lingxi_service::sessions: run settled through the single finalize path run_id=run_000001a0ed4c7343_000243 session_id="sess_local_alpha" outcome=completed.no_final.no_provider_configured input_chars=22
2026-09-29T13:13:25.572265Z  INFO lingxi_service: request handled request_id=req-a28dcd18f2292bcc43bb9ecb330f7d37 method=POST path=/lingxi/v1/sessions/sess_local_alpha/execute status=200
2026-09-29T13:13:25.572959Z  INFO lingxi_service::sessions: run settled through the single finalize path run_id=run_000001a0ed4c7344_000244 session_id="sess_local_alpha" outcome=completed.no_final.no_provider_configured input_chars=22
2026-09-29T13:13:25.573079Z  INFO lingxi_service: request handled request_id=req-3ca9857eea3162d3c0d11d7bb9bdf6e2 method=POST path=/lingxi/v1/sessions/sess_local_alpha/execute status=200
2026-09-29T13:13:25.573728Z  INFO lingxi_service::sessions: run settled through the single finalize path run_id=run_000001a0ed4c7345_000245 session_id="sess_local_alpha" outcome=completed.no_final.no_provider_configured input_chars=22
2026-09-29T13:13:25.573850Z  INFO lingxi_service: request handled request_id=req-771bfbc126366b727bfec2c571d4721a method=POST path=/lingxi/v1/sessions/sess_local_alpha/execute status=200
2026-09-29T13:13:25.574471Z  INFO lingxi_service::sessions: run settled through the single finalize path run_id=run_000001a0ed4c7346_000246 session_id="sess_local_alpha" outcome=completed.no_final.no_provider_configured input_chars=22
2026-09-29T13:13:25.574592Z  INFO lingxi_service: request handled request_id=req-b03c28cb44c2915d15ae31ccf490230f method=POST path=/lingxi/v1/sessions/sess_local_alpha/execute status=200
2026-09-29T13:13:25.575228Z  INFO lingxi_service::sessions: run settled through the single finalize path run_id=run_000001a0ed4c7346_000247 session_id="sess_local_alpha" outcome=completed.no_final.no_provider_configured input_chars=22
2026-09-29T13:13:25.575347Z  INFO lingxi_service: request handled request_id=req-32e4f11087f9ee9c1c70c5fffe9548a3 method=POST path=/lingxi/v1/sessions/sess_local_alpha/execute status=200
2026-09-29T13:13:25.575973Z  INFO lingxi_service::sessions: run settled through the single finalize path run_id=run_000001a0ed4c7347_000248 session_id="sess_local_alpha" outcome=completed.no_final.no_provider_configured input_chars=22
2026-09-29T13:13:25.576097Z  INFO lingxi_service: request handled request_id=req-2e7c29636123d8485b79739a4b9ef9ac method=POST path=/lingxi/v1/sessions/sess_local_alpha/execute status=200
2026-09-29T13:13:25.576765Z  INFO lingxi_service::sessions: run settled through the single finalize path run_id=run_000001a0ed4c7348_000249 session_id="sess_local_alpha" outcome=completed.no_final.no_provider_configured input_chars=22
2026-09-29T13:13:25.576884Z  INFO lingxi_service: request handled request_id=req-d0cccf8a42690402b92659d13126c0ea method=POST path=/lingxi/v1/sessions/sess_local_alpha/execute status=200
2026-09-29T13:13:25.577503Z  INFO lingxi_service::sessions: run settled through the single finalize path run_id=run_000001a0ed4c7349_00024a session_id="sess_local_alpha" outcome=completed.no_final.no_provider_configured input_chars=22
2026-09-29T13:13:25.577619Z  INFO lingxi_service: request handled request_id=req-89e3e9d8e0ee1cebf2495009aaab10e6 method=POST path=/lingxi/v1/sessions/sess_local_alpha/execute status=200
2026-09-29T13:13:25.578246Z  INFO lingxi_service::sessions: run settled through the single finalize path run_id=run_000001a0ed4c7349_00024b session_id="sess_local_alpha" outcome=completed.no_final.no_provider_configured input_chars=22
2026-09-29T13:13:25.578365Z  INFO lingxi_service: request handled request_id=req-aff5f82cbc9b5a618f17e557c494e202 method=POST path=/lingxi/v1/sessions/sess_local_alpha/execute status=200
2026-09-29T13:13:25.579021Z  INFO lingxi_service::sessions: run settled through the single finalize path run_id=run_000001a0ed4c734a_00024c session_id="sess_local_alpha" outcome=completed.no_final.no_provider_configured input_chars=22
2026-09-29T13:13:25.579141Z  INFO lingxi_service: request handled request_id=req-a41423742c4b036b8b9b4142d472d517 method=POST path=/lingxi/v1/sessions/sess_local_alpha/execute status=200
2026-09-29T13:13:25.579773Z  INFO lingxi_service::sessions: run settled through the single finalize path run_id=run_000001a0ed4c734b_00024d session_id="sess_local_alpha" outcome=completed.no_final.no_provider_configured input_chars=22
2026-09-29T13:13:25.579891Z  INFO lingxi_service: request handled request_id=req-1eb97b8e197f3f34530219aa68b4df3a method=POST path=/lingxi/v1/sessions/sess_local_alpha/execute status=200
2026-09-29T13:13:25.580607Z  INFO lingxi_service::sessions: run settled through the single finalize path run_id=run_000001a0ed4c734c_00024e session_id="sess_local_alpha" outcome=completed.no_final.no_provider_configured input_chars=22
2026-09-29T13:13:25.580730Z  INFO lingxi_service: request handled request_id=req-1a0ced68f704b41075b422d13618e23c method=POST path=/lingxi/v1/sessions/sess_local_alpha/execute status=200
2026-09-29T13:13:25.581389Z  INFO lingxi_service::sessions: run settled through the single finalize path run_id=run_000001a0ed4c734d_00024f session_id="sess_local_alpha" outcome=completed.no_final.no_provider_configured input_chars=22
2026-09-29T13:13:25.581510Z  INFO lingxi_service: request handled request_id=req-04482a0918d10aa6b05ab3ca7bd64b3a method=POST path=/lingxi/v1/sessions/sess_local_alpha/execute status=200
2026-09-29T13:13:25.582144Z  INFO lingxi_service::sessions: run settled through the single finalize path run_id=run_000001a0ed4c734d_000250 session_id="sess_local_alpha" outcome=completed.no_final.no_provider_configured input_chars=22
2026-09-29T13:13:25.582262Z  INFO lingxi_service: request handled request_id=req-c732add36713b05abe2b4ce885541b30 method=POST path=/lingxi/v1/sessions/sess_local_alpha/execute status=200
2026-09-29T13:13:25.582895Z  INFO lingxi_service::sessions: run settled through the single finalize path run_id=run_000001a0ed4c734e_000251 session_id="sess_local_alpha" outcome=completed.no_final.no_provider_configured input_chars=22
2026-09-29T13:13:25.583016Z  INFO lingxi_service: request handled request_id=req-b6d88ef673dcbe77bc8397c799df9b30 method=POST path=/lingxi/v1/sessions/sess_local_alpha/execute status=200
2026-09-29T13:13:25.583652Z  INFO lingxi_service::sessions: run settled through the single finalize path run_id=run_000001a0ed4c734f_000252 session_id="sess_local_alpha" outcome=completed.no_final.no_provider_configured input_chars=22
2026-09-29T13:13:25.583772Z  INFO lingxi_service: request handled request_id=req-545c3d6eabb88d464b0441a778ddfd13 method=POST path=/lingxi/v1/sessions/sess_local_alpha/execute status=200
2026-09-29T13:13:25.584431Z  INFO lingxi_service::sessions: run settled through the single finalize path run_id=run_000001a0ed4c7350_000253 session_id="sess_local_alpha" outcome=completed.no_final.no_provider_configured input_chars=22
2026-09-29T13:13:25.584549Z  INFO lingxi_service: request handled request_id=req-9b1d09d3a27e284b9534e77dbe9e3281 method=POST path=/lingxi/v1/sessions/sess_local_alpha/execute status=200
2026-09-29T13:13:25.585174Z  INFO lingxi_service::sessions: run settled through the single finalize path run_id=run_000001a0ed4c7350_000254 session_id="sess_local_alpha" outcome=completed.no_final.no_provider_configured input_chars=22
2026-09-29T13:13:25.585291Z  INFO lingxi_service: request handled request_id=req-3e1e5a8b11086ff888271368afc006ac method=POST path=/lingxi/v1/sessions/sess_local_alpha/execute status=200
2026-09-29T13:13:25.586373Z  INFO lingxi_service::sessions: run settled through the single finalize path run_id=run_000001a0ed4c7351_000255 session_id="sess_local_alpha" outcome=completed.no_final.no_provider_configured input_chars=22
2026-09-29T13:13:25.586496Z  INFO lingxi_service: request handled request_id=req-ad587090dc56d3f5217df8ee313774f9 method=POST path=/lingxi/v1/sessions/sess_local_alpha/execute status=200
2026-09-29T13:13:25.587168Z  INFO lingxi_service::sessions: run settled through the single finalize path run_id=run_000001a0ed4c7352_000256 session_id="sess_local_alpha" outcome=completed.no_final.no_provider_configured input_chars=22
2026-09-29T13:13:25.587287Z  INFO lingxi_service: request handled request_id=req-51bd4d61af87bea15218979fe4741e45 method=POST path=/lingxi/v1/sessions/sess_local_alpha/execute status=200
2026-09-29T13:13:25.587945Z  INFO lingxi_service::sessions: run settled through the single finalize path run_id=run_000001a0ed4c7353_000257 session_id="sess_local_alpha" outcome=completed.no_final.no_provider_configured input_chars=22
2026-09-29T13:13:25.588062Z  INFO lingxi_service: request handled request_id=req-813288e472162cfbcce272879814cb82 method=POST path=/lingxi/v1/sessions/sess_local_alpha/execute status=200
2026-09-29T13:13:25.588684Z  INFO lingxi_service::sessions: run settled through the single finalize path run_id=run_000001a0ed4c7354_000258 session_id="sess_local_alpha" outcome=completed.no_final.no_provider_configured input_chars=22
2026-09-29T13:13:25.588801Z  INFO lingxi_service: request handled request_id=req-2cfbb106bb9c8e3abd7ee8d2b90cbb35 method=POST path=/lingxi/v1/sessions/sess_local_alpha/execute status=200
2026-09-29T13:13:25.589447Z  INFO lingxi_service::sessions: run settled through the single finalize path run_id=run_000001a0ed4c7355_000259 session_id="sess_local_alpha" outcome=completed.no_final.no_provider_configured input_chars=22
2026-09-29T13:13:25.589571Z  INFO lingxi_service: request handled request_id=req-1dd28d38e761957fae4c4aaa11af4c91 method=POST path=/lingxi/v1/sessions/sess_local_alpha/execute status=200
2026-09-29T13:13:25.590202Z  INFO lingxi_service::sessions: run settled through the single finalize path run_id=run_000001a0ed4c7355_00025a session_id="sess_local_alpha" outcome=completed.no_final.no_provider_configured input_chars=22
2026-09-29T13:13:25.590322Z  INFO lingxi_service: request handled request_id=req-28454ddeaa94a7d7df1a03e985fcc205 method=POST path=/lingxi/v1/sessions/sess_local_alpha/execute status=200
2026-09-29T13:13:25.590943Z  INFO lingxi_service::sessions: run settled through the single finalize path run_id=run_000001a0ed4c7356_00025b session_id="sess_local_alpha" outcome=completed.no_final.no_provider_configured input_chars=22
2026-09-29T13:13:25.591063Z  INFO lingxi_service: request handled request_id=req-b66e48d474d532d77a715b6e9cf7a17c method=POST path=/lingxi/v1/sessions/sess_local_alpha/execute status=200
2026-09-29T13:13:25.591727Z  INFO lingxi_service::sessions: run settled through the single finalize path run_id=run_000001a0ed4c7357_00025c session_id="sess_local_alpha" outcome=completed.no_final.no_provider_configured input_chars=22
2026-09-29T13:13:25.591848Z  INFO lingxi_service: request handled request_id=req-63e8c7924648a5a1731e9ce129e61fc0 method=POST path=/lingxi/v1/sessions/sess_local_alpha/execute status=200
2026-09-29T13:13:25.592503Z  INFO lingxi_service::sessions: run settled through the single finalize path run_id=run_000001a0ed4c7358_00025d session_id="sess_local_alpha" outcome=completed.no_final.no_provider_configured input_chars=22
2026-09-29T13:13:25.592632Z  INFO lingxi_service: request handled request_id=req-6d2d4cb42babb7753b46309b0925a7dd method=POST path=/lingxi/v1/sessions/sess_local_alpha/execute status=200
2026-09-29T13:13:25.593336Z  INFO lingxi_service::sessions: run settled through the single finalize path run_id=run_000001a0ed4c7358_00025e session_id="sess_local_alpha" outcome=completed.no_final.no_provider_configured input_chars=22
2026-09-29T13:13:25.593454Z  INFO lingxi_service: request handled request_id=req-ada67f6e8eb26239edef45a446d1f4e5 method=POST path=/lingxi/v1/sessions/sess_local_alpha/execute status=200
2026-09-29T13:13:25.594078Z  INFO lingxi_service::sessions: run settled through the single finalize path run_id=run_000001a0ed4c7359_00025f session_id="sess_local_alpha" outcome=completed.no_final.no_provider_configured input_chars=22
2026-09-29T13:13:25.594204Z  INFO lingxi_service: request handled request_id=req-88b97736ba1cbe01dc333ef6e1c55ede method=POST path=/lingxi/v1/sessions/sess_local_alpha/execute status=200
2026-09-29T13:13:25.594844Z  INFO lingxi_service::sessions: run settled through the single finalize path run_id=run_000001a0ed4c735a_000260 session_id="sess_local_alpha" outcome=completed.no_final.no_provider_configured input_chars=22
2026-09-29T13:13:25.594963Z  INFO lingxi_service: request handled request_id=req-20ef28c3dab95e3bf73457eedff0486f method=POST path=/lingxi/v1/sessions/sess_local_alpha/execute status=200
2026-09-29T13:13:25.595602Z  INFO lingxi_service::sessions: run settled through the single finalize path run_id=run_000001a0ed4c735b_000261 session_id="sess_local_alpha" outcome=completed.no_final.no_provider_configured input_chars=22
2026-09-29T13:13:25.595721Z  INFO lingxi_service: request handled request_id=req-ceb1393409e0ede93079b8a2e1de81d4 method=POST path=/lingxi/v1/sessions/sess_local_alpha/execute status=200
2026-09-29T13:13:25.596351Z  INFO lingxi_service::sessions: run settled through the single finalize path run_id=run_000001a0ed4c735b_000262 session_id="sess_local_alpha" outcome=completed.no_final.no_provider_configured input_chars=22
2026-09-29T13:13:25.596475Z  INFO lingxi_service: request handled request_id=req-4ea02333c63c4224c5402bbf6e661dee method=POST path=/lingxi/v1/sessions/sess_local_alpha/execute status=200
2026-09-29T13:13:25.597120Z  INFO lingxi_service::sessions: run settled through the single finalize path run_id=run_000001a0ed4c735c_000263 session_id="sess_local_alpha" outcome=completed.no_final.no_provider_configured input_chars=22
2026-09-29T13:13:25.597244Z  INFO lingxi_service: request handled request_id=req-bc1ae5b4331d494d2e1c9a88e611d23d method=POST path=/lingxi/v1/sessions/sess_local_alpha/execute status=200
2026-09-29T13:13:25.597864Z  INFO lingxi_service::sessions: run settled through the single finalize path run_id=run_000001a0ed4c735d_000264 session_id="sess_local_alpha" outcome=completed.no_final.no_provider_configured input_chars=22
2026-09-29T13:13:25.597986Z  INFO lingxi_service: request handled request_id=req-f54afad3d0d10776dddbbac59d9ff403 method=POST path=/lingxi/v1/sessions/sess_local_alpha/execute status=200
2026-09-29T13:13:25.598634Z  INFO lingxi_service::sessions: run settled through the single finalize path run_id=run_000001a0ed4c735e_000265 session_id="sess_local_alpha" outcome=completed.no_final.no_provider_configured input_chars=22
2026-09-29T13:13:25.598757Z  INFO lingxi_service: request handled request_id=req-1a267be8c9c36b1763f6042b46bd0619 method=POST path=/lingxi/v1/sessions/sess_local_alpha/execute status=200
2026-09-29T13:13:25.599376Z  INFO lingxi_service::sessions: run settled through the single finalize path run_id=run_000001a0ed4c735f_000266 session_id="sess_local_alpha" outcome=completed.no_final.no_provider_configured input_chars=22
2026-09-29T13:13:25.599497Z  INFO lingxi_service: request handled request_id=req-84b2c90df78bbd52ec63d55ceb80e082 method=POST path=/lingxi/v1/sessions/sess_local_alpha/execute status=200
2026-09-29T13:13:25.600113Z  INFO lingxi_service::sessions: run settled through the single finalize path run_id=run_000001a0ed4c735f_000267 session_id="sess_local_alpha" outcome=completed.no_final.no_provider_configured input_chars=22
2026-09-29T13:13:25.600236Z  INFO lingxi_service: request handled request_id=req-1a764b57ccc60f96d72944ee6a052844 method=POST path=/lingxi/v1/sessions/sess_local_alpha/execute status=200
2026-09-29T13:13:25.600876Z  INFO lingxi_service::sessions: run settled through the single finalize path run_id=run_000001a0ed4c7360_000268 session_id="sess_local_alpha" outcome=completed.no_final.no_provider_configured input_chars=22
2026-09-29T13:13:25.600993Z  INFO lingxi_service: request handled request_id=req-8c8697cb820cb40947912c81a1f507bd method=POST path=/lingxi/v1/sessions/sess_local_alpha/execute status=200
2026-09-29T13:13:25.601651Z  INFO lingxi_service::sessions: run settled through the single finalize path run_id=run_000001a0ed4c7361_000269 session_id="sess_local_alpha" outcome=completed.no_final.no_provider_configured input_chars=22
2026-09-29T13:13:25.601778Z  INFO lingxi_service: request handled request_id=req-73e5d7fe649cea591bd226f7ef03162b method=POST path=/lingxi/v1/sessions/sess_local_alpha/execute status=200
2026-09-29T13:13:25.602437Z  INFO lingxi_service::sessions: run settled through the single finalize path run_id=run_000001a0ed4c7362_00026a session_id="sess_local_alpha" outcome=completed.no_final.no_provider_configured input_chars=22
2026-09-29T13:13:25.602567Z  INFO lingxi_service: request handled request_id=req-0b8383665873f97a6f6b6e691df22dcf method=POST path=/lingxi/v1/sessions/sess_local_alpha/execute status=200
2026-09-29T13:13:25.603198Z  INFO lingxi_service::sessions: run settled through the single finalize path run_id=run_000001a0ed4c7362_00026b session_id="sess_local_alpha" outcome=completed.no_final.no_provider_configured input_chars=22
2026-09-29T13:13:25.603318Z  INFO lingxi_service: request handled request_id=req-108b21c32ce6ad163e4d0c90dc123682 method=POST path=/lingxi/v1/sessions/sess_local_alpha/execute status=200
2026-09-29T13:13:25.603966Z  INFO lingxi_service::sessions: run settled through the single finalize path run_id=run_000001a0ed4c7363_00026c session_id="sess_local_alpha" outcome=completed.no_final.no_provider_configured input_chars=22
2026-09-29T13:13:25.604085Z  INFO lingxi_service: request handled request_id=req-ab7c57591e87f60fad3ae9899c85e6d3 method=POST path=/lingxi/v1/sessions/sess_local_alpha/execute status=200
2026-09-29T13:13:25.604798Z  INFO lingxi_service::sessions: run settled through the single finalize path run_id=run_000001a0ed4c7364_00026d session_id="sess_local_alpha" outcome=completed.no_final.no_provider_configured input_chars=22
2026-09-29T13:13:25.604920Z  INFO lingxi_service: request handled request_id=req-caf19613e114e4480632d0a1ca18ef90 method=POST path=/lingxi/v1/sessions/sess_local_alpha/execute status=200
2026-09-29T13:13:25.605556Z  INFO lingxi_service::sessions: run settled through the single finalize path run_id=run_000001a0ed4c7365_00026e session_id="sess_local_alpha" outcome=completed.no_final.no_provider_configured input_chars=22
2026-09-29T13:13:25.605677Z  INFO lingxi_service: request handled request_id=req-d8ce7291e95e909aa1873eb294637f55 method=POST path=/lingxi/v1/sessions/sess_local_alpha/execute status=200
2026-09-29T13:13:25.606298Z  INFO lingxi_service::sessions: run settled through the single finalize path run_id=run_000001a0ed4c7365_00026f session_id="sess_local_alpha" outcome=completed.no_final.no_provider_configured input_chars=22
2026-09-29T13:13:25.606421Z  INFO lingxi_service: request handled request_id=req-5ff337262c97306ffa1e099dadb705f6 method=POST path=/lingxi/v1/sessions/sess_local_alpha/execute status=200
2026-09-29T13:13:25.607093Z  INFO lingxi_service::sessions: run settled through the single finalize path run_id=run_000001a0ed4c7366_000270 session_id="sess_local_alpha" outcome=completed.no_final.no_provider_configured input_chars=22
2026-09-29T13:13:25.607212Z  INFO lingxi_service: request handled request_id=req-9e4f53f62bb4579ce44289857db8281b method=POST path=/lingxi/v1/sessions/sess_local_alpha/execute status=200
2026-09-29T13:13:25.607859Z  INFO lingxi_service::sessions: run settled through the single finalize path run_id=run_000001a0ed4c7367_000271 session_id="sess_local_alpha" outcome=completed.no_final.no_provider_configured input_chars=22
2026-09-29T13:13:25.607981Z  INFO lingxi_service: request handled request_id=req-9d6014020aede241822cfd3e4e4a93cb method=POST path=/lingxi/v1/sessions/sess_local_alpha/execute status=200
2026-09-29T13:13:25.608638Z  INFO lingxi_service::sessions: run settled through the single finalize path run_id=run_000001a0ed4c7368_000272 session_id="sess_local_alpha" outcome=completed.no_final.no_provider_configured input_chars=22
2026-09-29T13:13:25.608758Z  INFO lingxi_service: request handled request_id=req-8fe9a585a3ccd987ae6a7bc2e0224049 method=POST path=/lingxi/v1/sessions/sess_local_alpha/execute status=200
2026-09-29T13:13:25.609436Z  INFO lingxi_service::sessions: run settled through the single finalize path run_id=run_000001a0ed4c7369_000273 session_id="sess_local_alpha" outcome=completed.no_final.no_provider_configured input_chars=22
2026-09-29T13:13:25.609558Z  INFO lingxi_service: request handled request_id=req-5ed15f4ea1758a6217fd5344aaf889ec method=POST path=/lingxi/v1/sessions/sess_local_alpha/execute status=200
2026-09-29T13:13:25.610238Z  INFO lingxi_service::sessions: run settled through the single finalize path run_id=run_000001a0ed4c7369_000274 session_id="sess_local_alpha" outcome=completed.no_final.no_provider_configured input_chars=22
2026-09-29T13:13:25.610357Z  INFO lingxi_service: request handled request_id=req-0b8ac519eb60cfc825fa8b17f5592cb9 method=POST path=/lingxi/v1/sessions/sess_local_alpha/execute status=200
2026-09-29T13:13:25.611023Z  INFO lingxi_service::sessions: run settled through the single finalize path run_id=run_000001a0ed4c736a_000275 session_id="sess_local_alpha" outcome=completed.no_final.no_provider_configured input_chars=22
2026-09-29T13:13:25.611145Z  INFO lingxi_service: request handled request_id=req-edb5b285e54beebff648a9d0565c7414 method=POST path=/lingxi/v1/sessions/sess_local_alpha/execute status=200
2026-09-29T13:13:25.611798Z  INFO lingxi_service::sessions: run settled through the single finalize path run_id=run_000001a0ed4c736b_000276 session_id="sess_local_alpha" outcome=completed.no_final.no_provider_configured input_chars=22
2026-09-29T13:13:25.611918Z  INFO lingxi_service: request handled request_id=req-7bcc35d12cbf38399b1f18f9c5463e65 method=POST path=/lingxi/v1/sessions/sess_local_alpha/execute status=200
2026-09-29T13:13:25.612577Z  INFO lingxi_service::sessions: run settled through the single finalize path run_id=run_000001a0ed4c736c_000277 session_id="sess_local_alpha" outcome=completed.no_final.no_provider_configured input_chars=22
2026-09-29T13:13:25.612697Z  INFO lingxi_service: request handled request_id=req-4d75f6640c72f93683068f15c41dcde8 method=POST path=/lingxi/v1/sessions/sess_local_alpha/execute status=200
2026-09-29T13:13:25.613374Z  INFO lingxi_service::sessions: run settled through the single finalize path run_id=run_000001a0ed4c736c_000278 session_id="sess_local_alpha" outcome=completed.no_final.no_provider_configured input_chars=22
2026-09-29T13:13:25.613495Z  INFO lingxi_service: request handled request_id=req-a3cefe981e037c7a45d0a6967cd8df4b method=POST path=/lingxi/v1/sessions/sess_local_alpha/execute status=200
2026-09-29T13:13:25.614154Z  INFO lingxi_service::sessions: run settled through the single finalize path run_id=run_000001a0ed4c736d_000279 session_id="sess_local_alpha" outcome=completed.no_final.no_provider_configured input_chars=22
2026-09-29T13:13:25.614277Z  INFO lingxi_service: request handled request_id=req-eb52441466efcd4781b78ee26ee585b2 method=POST path=/lingxi/v1/sessions/sess_local_alpha/execute status=200
2026-09-29T13:13:25.614974Z  INFO lingxi_service::sessions: run settled through the single finalize path run_id=run_000001a0ed4c736e_00027a session_id="sess_local_alpha" outcome=completed.no_final.no_provider_configured input_chars=22
2026-09-29T13:13:25.615094Z  INFO lingxi_service: request handled request_id=req-955a07ff78bcef9db0bff207d95b5664 method=POST path=/lingxi/v1/sessions/sess_local_alpha/execute status=200
2026-09-29T13:13:25.615819Z  INFO lingxi_service::sessions: run settled through the single finalize path run_id=run_000001a0ed4c736f_00027b session_id="sess_local_alpha" outcome=completed.no_final.no_provider_configured input_chars=22
2026-09-29T13:13:25.615940Z  INFO lingxi_service: request handled request_id=req-a99bde7c3f14babb3bf110ce9e864419 method=POST path=/lingxi/v1/sessions/sess_local_alpha/execute status=200
2026-09-29T13:13:25.616588Z  INFO lingxi_service::sessions: run settled through the single finalize path run_id=run_000001a0ed4c7370_00027c session_id="sess_local_alpha" outcome=completed.no_final.no_provider_configured input_chars=22
2026-09-29T13:13:25.616717Z  INFO lingxi_service: request handled request_id=req-566c9b0c1aa250995cec06f62be6841f method=POST path=/lingxi/v1/sessions/sess_local_alpha/execute status=200
2026-09-29T13:13:25.617402Z  INFO lingxi_service::sessions: run settled through the single finalize path run_id=run_000001a0ed4c7370_00027d session_id="sess_local_alpha" outcome=completed.no_final.no_provider_configured input_chars=22
2026-09-29T13:13:25.617524Z  INFO lingxi_service: request handled request_id=req-d4f0970a7502e3ef90b5a1bc8908de59 method=POST path=/lingxi/v1/sessions/sess_local_alpha/execute status=200
2026-09-29T13:13:25.618144Z  INFO lingxi_service::sessions: run settled through the single finalize path run_id=run_000001a0ed4c7371_00027e session_id="sess_local_alpha" outcome=completed.no_final.no_provider_configured input_chars=22
2026-09-29T13:13:25.618265Z  INFO lingxi_service: request handled request_id=req-09d5ca20632efeffdc9d13ad3052f436 method=POST path=/lingxi/v1/sessions/sess_local_alpha/execute status=200
2026-09-29T13:13:25.618910Z  INFO lingxi_service::sessions: run settled through the single finalize path run_id=run_000001a0ed4c7372_00027f session_id="sess_local_alpha" outcome=completed.no_final.no_provider_configured input_chars=22
2026-09-29T13:13:25.619030Z  INFO lingxi_service: request handled request_id=req-0b9f3f90a1c2f3d6b663070da5750ff3 method=POST path=/lingxi/v1/sessions/sess_local_alpha/execute status=200
2026-09-29T13:13:25.619674Z  INFO lingxi_service::sessions: run settled through the single finalize path run_id=run_000001a0ed4c7373_000280 session_id="sess_local_alpha" outcome=completed.no_final.no_provider_configured input_chars=22
2026-09-29T13:13:25.619798Z  INFO lingxi_service: request handled request_id=req-514108b3c7d1593bec1580174bc81c35 method=POST path=/lingxi/v1/sessions/sess_local_alpha/execute status=200
2026-09-29T13:13:25.620453Z  INFO lingxi_service::sessions: run settled through the single finalize path run_id=run_000001a0ed4c7374_000281 session_id="sess_local_alpha" outcome=completed.no_final.no_provider_configured input_chars=22
2026-09-29T13:13:25.620575Z  INFO lingxi_service: request handled request_id=req-f4b53f02d50f21149efc81899b77f80d method=POST path=/lingxi/v1/sessions/sess_local_alpha/execute status=200
2026-09-29T13:13:25.621294Z  INFO lingxi_service::sessions: run settled through the single finalize path run_id=run_000001a0ed4c7374_000282 session_id="sess_local_alpha" outcome=completed.no_final.no_provider_configured input_chars=22
2026-09-29T13:13:25.621418Z  INFO lingxi_service: request handled request_id=req-2b9a2fb19add67e0d683f9e0961f3d6f method=POST path=/lingxi/v1/sessions/sess_local_alpha/execute status=200
2026-09-29T13:13:25.622127Z  INFO lingxi_service::sessions: run settled through the single finalize path run_id=run_000001a0ed4c7375_000283 session_id="sess_local_alpha" outcome=completed.no_final.no_provider_configured input_chars=22
2026-09-29T13:13:25.622247Z  INFO lingxi_service: request handled request_id=req-5a05a1381d27fcc4252791fa8b947a47 method=POST path=/lingxi/v1/sessions/sess_local_alpha/execute status=200
2026-09-29T13:13:25.622952Z  INFO lingxi_service::sessions: run settled through the single finalize path run_id=run_000001a0ed4c7376_000284 session_id="sess_local_alpha" outcome=completed.no_final.no_provider_configured input_chars=22
2026-09-29T13:13:25.623080Z  INFO lingxi_service: request handled request_id=req-8d9c8d38001632b727b716aa8aee7380 method=POST path=/lingxi/v1/sessions/sess_local_alpha/execute status=200
2026-09-29T13:13:25.624157Z  INFO lingxi_service::sessions: run settled through the single finalize path run_id=run_000001a0ed4c7377_000285 session_id="sess_local_alpha" outcome=completed.no_final.no_provider_configured input_chars=22
2026-09-29T13:13:25.624281Z  INFO lingxi_service: request handled request_id=req-d609dd340e7d4369d31b45a16a0a720d method=POST path=/lingxi/v1/sessions/sess_local_alpha/execute status=200
2026-09-29T13:13:25.624898Z  INFO lingxi_service::sessions: run settled through the single finalize path run_id=run_000001a0ed4c7378_000286 session_id="sess_local_alpha" outcome=completed.no_final.no_provider_configured input_chars=22
2026-09-29T13:13:25.625028Z  INFO lingxi_service: request handled request_id=req-64c74fd8fb2aa6e23bb3e6a994a55386 method=POST path=/lingxi/v1/sessions/sess_local_alpha/execute status=200
2026-09-29T13:13:25.625648Z  INFO lingxi_service::sessions: run settled through the single finalize path run_id=run_000001a0ed4c7379_000287 session_id="sess_local_alpha" outcome=completed.no_final.no_provider_configured input_chars=22
2026-09-29T13:13:25.625770Z  INFO lingxi_service: request handled request_id=req-b5b02d40209b095f00417d4b65121733 method=POST path=/lingxi/v1/sessions/sess_local_alpha/execute status=200
2026-09-29T13:13:25.626432Z  INFO lingxi_service::sessions: run settled through the single finalize path run_id=run_000001a0ed4c737a_000288 session_id="sess_local_alpha" outcome=completed.no_final.no_provider_configured input_chars=22
2026-09-29T13:13:25.626554Z  INFO lingxi_service: request handled request_id=req-4fef378103d6546f0c8a2a1af6bf8d1d method=POST path=/lingxi/v1/sessions/sess_local_alpha/execute status=200
2026-09-29T13:13:25.627173Z  INFO lingxi_service::sessions: run settled through the single finalize path run_id=run_000001a0ed4c737a_000289 session_id="sess_local_alpha" outcome=completed.no_final.no_provider_configured input_chars=22
2026-09-29T13:13:25.627293Z  INFO lingxi_service: request handled request_id=req-e3aaf6780c8cf91d97406aae4077ce71 method=POST path=/lingxi/v1/sessions/sess_local_alpha/execute status=200
2026-09-29T13:13:25.627903Z  INFO lingxi_service::sessions: run settled through the single finalize path run_id=run_000001a0ed4c737b_00028a session_id="sess_local_alpha" outcome=completed.no_final.no_provider_configured input_chars=22
2026-09-29T13:13:25.628024Z  INFO lingxi_service: request handled request_id=req-f91c12bc955c453ae866e165ff1e8c69 method=POST path=/lingxi/v1/sessions/sess_local_alpha/execute status=200
2026-09-29T13:13:25.628663Z  INFO lingxi_service::sessions: run settled through the single finalize path run_id=run_000001a0ed4c737c_00028b session_id="sess_local_alpha" outcome=completed.no_final.no_provider_configured input_chars=22
2026-09-29T13:13:25.628783Z  INFO lingxi_service: request handled request_id=req-22f14c1d44aa4ed56add2a013f03b476 method=POST path=/lingxi/v1/sessions/sess_local_alpha/execute status=200
2026-09-29T13:13:25.629396Z  INFO lingxi_service::sessions: run settled through the single finalize path run_id=run_000001a0ed4c737d_00028c session_id="sess_local_alpha" outcome=completed.no_final.no_provider_configured input_chars=22
2026-09-29T13:13:25.629516Z  INFO lingxi_service: request handled request_id=req-72a84e0d1c2c91e29cbcae8d22202b8d method=POST path=/lingxi/v1/sessions/sess_local_alpha/execute status=200
2026-09-29T13:13:25.630141Z  INFO lingxi_service::sessions: run settled through the single finalize path run_id=run_000001a0ed4c737d_00028d session_id="sess_local_alpha" outcome=completed.no_final.no_provider_configured input_chars=22
2026-09-29T13:13:25.630264Z  INFO lingxi_service: request handled request_id=req-d8e749a70d0df565af92248be952099a method=POST path=/lingxi/v1/sessions/sess_local_alpha/execute status=200
2026-09-29T13:13:25.630925Z  INFO lingxi_service::sessions: run settled through the single finalize path run_id=run_000001a0ed4c737e_00028e session_id="sess_local_alpha" outcome=completed.no_final.no_provider_configured input_chars=22
2026-09-29T13:13:25.631050Z  INFO lingxi_service: request handled request_id=req-945ef0f2e18f9efb39a8f5f9c69e96fe method=POST path=/lingxi/v1/sessions/sess_local_alpha/execute status=200
2026-09-29T13:13:25.631730Z  INFO lingxi_service::sessions: run settled through the single finalize path run_id=run_000001a0ed4c737f_00028f session_id="sess_local_alpha" outcome=completed.no_final.no_provider_configured input_chars=22
2026-09-29T13:13:25.631852Z  INFO lingxi_service: request handled request_id=req-2f73e634e81cac27bd139435577db4b2 method=POST path=/lingxi/v1/sessions/sess_local_alpha/execute status=200
2026-09-29T13:13:25.632479Z  INFO lingxi_service::sessions: run settled through the single finalize path run_id=run_000001a0ed4c7380_000290 session_id="sess_local_alpha" outcome=completed.no_final.no_provider_configured input_chars=22
2026-09-29T13:13:25.632600Z  INFO lingxi_service: request handled request_id=req-002d95402b95c6b6eb3ba3ce963da774 method=POST path=/lingxi/v1/sessions/sess_local_alpha/execute status=200
2026-09-29T13:13:25.633238Z  INFO lingxi_service::sessions: run settled through the single finalize path run_id=run_000001a0ed4c7380_000291 session_id="sess_local_alpha" outcome=completed.no_final.no_provider_configured input_chars=22
2026-09-29T13:13:25.633360Z  INFO lingxi_service: request handled request_id=req-b449194a0a749a89cc088081fd1c3474 method=POST path=/lingxi/v1/sessions/sess_local_alpha/execute status=200
2026-09-29T13:13:25.633984Z  INFO lingxi_service::sessions: run settled through the single finalize path run_id=run_000001a0ed4c7381_000292 session_id="sess_local_alpha" outcome=completed.no_final.no_provider_configured input_chars=22
2026-09-29T13:13:25.634105Z  INFO lingxi_service: request handled request_id=req-d2d83acad2ce9c5d3d62eb4a149603d4 method=POST path=/lingxi/v1/sessions/sess_local_alpha/execute status=200
2026-09-29T13:13:25.634717Z  INFO lingxi_service::sessions: run settled through the single finalize path run_id=run_000001a0ed4c7382_000293 session_id="sess_local_alpha" outcome=completed.no_final.no_provider_configured input_chars=22
2026-09-29T13:13:25.634841Z  INFO lingxi_service: request handled request_id=req-a0374405ff802a10d91569db37b26956 method=POST path=/lingxi/v1/sessions/sess_local_alpha/execute status=200
2026-09-29T13:13:25.635476Z  INFO lingxi_service::sessions: run settled through the single finalize path run_id=run_000001a0ed4c7383_000294 session_id="sess_local_alpha" outcome=completed.no_final.no_provider_configured input_chars=22
2026-09-29T13:13:25.635599Z  INFO lingxi_service: request handled request_id=req-0146f90dda47e79cce493b176ed9dbe8 method=POST path=/lingxi/v1/sessions/sess_local_alpha/execute status=200
2026-09-29T13:13:25.636290Z  INFO lingxi_service::sessions: run settled through the single finalize path run_id=run_000001a0ed4c7383_000295 session_id="sess_local_alpha" outcome=completed.no_final.no_provider_configured input_chars=22
2026-09-29T13:13:25.636412Z  INFO lingxi_service: request handled request_id=req-39f38e95a48f2960a7a871a2c2730c1c method=POST path=/lingxi/v1/sessions/sess_local_alpha/execute status=200
2026-09-29T13:13:25.637057Z  INFO lingxi_service::sessions: run settled through the single finalize path run_id=run_000001a0ed4c7384_000296 session_id="sess_local_alpha" outcome=completed.no_final.no_provider_configured input_chars=22
2026-09-29T13:13:25.637179Z  INFO lingxi_service: request handled request_id=req-190f3184d02b06438e054b577eaa9a2a method=POST path=/lingxi/v1/sessions/sess_local_alpha/execute status=200
2026-09-29T13:13:25.637799Z  INFO lingxi_service::sessions: run settled through the single finalize path run_id=run_000001a0ed4c7385_000297 session_id="sess_local_alpha" outcome=completed.no_final.no_provider_configured input_chars=22
2026-09-29T13:13:25.637922Z  INFO lingxi_service: request handled request_id=req-e14704141d8f96ab315704c93b3441d7 method=POST path=/lingxi/v1/sessions/sess_local_alpha/execute status=200
2026-09-29T13:13:25.638588Z  INFO lingxi_service::sessions: run settled through the single finalize path run_id=run_000001a0ed4c7386_000298 session_id="sess_local_alpha" outcome=completed.no_final.no_provider_configured input_chars=22
2026-09-29T13:13:25.638708Z  INFO lingxi_service: request handled request_id=req-0f178cf783eab8f43deebd4ca142da34 method=POST path=/lingxi/v1/sessions/sess_local_alpha/execute status=200
2026-09-29T13:13:25.639200Z ERROR lingxi_service::events: subscription detached with explicit snapshot_required signal stream=sess_local_alpha subscriber=0 reason="slow_consumer" queue_capacity=4 dropped_deltas=0 last_enqueued_seq=1328
2026-09-29T13:13:25.639503Z  INFO lingxi_service::sessions: run settled through the single finalize path run_id=run_000001a0ed4c7386_000299 session_id="sess_local_alpha" outcome=completed.no_final.no_provider_configured input_chars=22
2026-09-29T13:13:25.639627Z  INFO lingxi_service: request handled request_id=req-01c25339efad0f43b95a18694fa8bdf3 method=POST path=/lingxi/v1/sessions/sess_local_alpha/execute status=200
2026-09-29T13:13:25.640296Z  INFO lingxi_service::sessions: run settled through the single finalize path run_id=run_000001a0ed4c7387_00029a session_id="sess_local_alpha" outcome=completed.no_final.no_provider_configured input_chars=22
2026-09-29T13:13:25.640417Z  INFO lingxi_service: request handled request_id=req-1eea3ad115324ecd772b2881478c4df8 method=POST path=/lingxi/v1/sessions/sess_local_alpha/execute status=200
2026-09-29T13:13:25.641036Z  INFO lingxi_service::sessions: run settled through the single finalize path run_id=run_000001a0ed4c7388_00029b session_id="sess_local_alpha" outcome=completed.no_final.no_provider_configured input_chars=22
2026-09-29T13:13:25.641162Z  INFO lingxi_service: request handled request_id=req-aeb0f5ea6c51c5522e5e27695155fef4 method=POST path=/lingxi/v1/sessions/sess_local_alpha/execute status=200
2026-09-29T13:13:25.641845Z  INFO lingxi_service::sessions: run settled through the single finalize path run_id=run_000001a0ed4c7389_00029c session_id="sess_local_alpha" outcome=completed.no_final.no_provider_configured input_chars=22
2026-09-29T13:13:25.641969Z  INFO lingxi_service: request handled request_id=req-e78012f48f33f707bc25a5bd22cc2ee4 method=POST path=/lingxi/v1/sessions/sess_local_alpha/execute status=200
2026-09-29T13:13:25.642660Z  INFO lingxi_service::sessions: run settled through the single finalize path run_id=run_000001a0ed4c738a_00029d session_id="sess_local_alpha" outcome=completed.no_final.no_provider_configured input_chars=22
2026-09-29T13:13:25.642782Z  INFO lingxi_service: request handled request_id=req-71ea0bb1455552d1f1959b84e74f9a0f method=POST path=/lingxi/v1/sessions/sess_local_alpha/execute status=200
2026-09-29T13:13:25.643413Z  INFO lingxi_service::sessions: run settled through the single finalize path run_id=run_000001a0ed4c738b_00029e session_id="sess_local_alpha" outcome=completed.no_final.no_provider_configured input_chars=22
2026-09-29T13:13:25.643542Z  INFO lingxi_service: request handled request_id=req-529b6dbe2f43a74f4d4230cec67dfa71 method=POST path=/lingxi/v1/sessions/sess_local_alpha/execute status=200
2026-09-29T13:13:25.644212Z  INFO lingxi_service::sessions: run settled through the single finalize path run_id=run_000001a0ed4c738b_00029f session_id="sess_local_alpha" outcome=completed.no_final.no_provider_configured input_chars=22
2026-09-29T13:13:25.644336Z  INFO lingxi_service: request handled request_id=req-38629e7398821d5fbdfdecce3843e82f method=POST path=/lingxi/v1/sessions/sess_local_alpha/execute status=200
2026-09-29T13:13:25.644973Z  INFO lingxi_service::sessions: run settled through the single finalize path run_id=run_000001a0ed4c738c_0002a0 session_id="sess_local_alpha" outcome=completed.no_final.no_provider_configured input_chars=22
2026-09-29T13:13:25.645097Z  INFO lingxi_service: request handled request_id=req-cad13524b2271ded7ea3c3889fba9c96 method=POST path=/lingxi/v1/sessions/sess_local_alpha/execute status=200
2026-09-29T13:13:25.645801Z  INFO lingxi_service::sessions: run settled through the single finalize path run_id=run_000001a0ed4c738d_0002a1 session_id="sess_local_alpha" outcome=completed.no_final.no_provider_configured input_chars=22
2026-09-29T13:13:25.645924Z  INFO lingxi_service: request handled request_id=req-083288d147dae717c9feca1221df8a54 method=POST path=/lingxi/v1/sessions/sess_local_alpha/execute status=200
2026-09-29T13:13:25.646544Z  INFO lingxi_service::sessions: run settled through the single finalize path run_id=run_000001a0ed4c738e_0002a2 session_id="sess_local_alpha" outcome=completed.no_final.no_provider_configured input_chars=22
2026-09-29T13:13:25.646665Z  INFO lingxi_service: request handled request_id=req-a67354f81d4df2541ad8ae1065b9a29d method=POST path=/lingxi/v1/sessions/sess_local_alpha/execute status=200
2026-09-29T13:13:25.647280Z  INFO lingxi_service::sessions: run settled through the single finalize path run_id=run_000001a0ed4c738e_0002a3 session_id="sess_local_alpha" outcome=completed.no_final.no_provider_configured input_chars=22
2026-09-29T13:13:25.647401Z  INFO lingxi_service: request handled request_id=req-7f24f66270d7f2ea24f31d4ad2be285c method=POST path=/lingxi/v1/sessions/sess_local_alpha/execute status=200
2026-09-29T13:13:25.648046Z  INFO lingxi_service::sessions: run settled through the single finalize path run_id=run_000001a0ed4c738f_0002a4 session_id="sess_local_alpha" outcome=completed.no_final.no_provider_configured input_chars=22
2026-09-29T13:13:25.648166Z  INFO lingxi_service: request handled request_id=req-18c17cf304692a713757e14fc8d6c6a1 method=POST path=/lingxi/v1/sessions/sess_local_alpha/execute status=200
2026-09-29T13:13:25.648779Z  INFO lingxi_service::sessions: run settled through the single finalize path run_id=run_000001a0ed4c7390_0002a5 session_id="sess_local_alpha" outcome=completed.no_final.no_provider_configured input_chars=22
2026-09-29T13:13:25.648899Z  INFO lingxi_service: request handled request_id=req-de8ccafb431d649eea81ea639ae6ca3c method=POST path=/lingxi/v1/sessions/sess_local_alpha/execute status=200
2026-09-29T13:13:25.649502Z  INFO lingxi_service::sessions: run settled through the single finalize path run_id=run_000001a0ed4c7391_0002a6 session_id="sess_local_alpha" outcome=completed.no_final.no_provider_configured input_chars=22
2026-09-29T13:13:25.649626Z  INFO lingxi_service: request handled request_id=req-d2753d5805b92b0be1033cb094b80c13 method=POST path=/lingxi/v1/sessions/sess_local_alpha/execute status=200
2026-09-29T13:13:25.650330Z  INFO lingxi_service::sessions: run settled through the single finalize path run_id=run_000001a0ed4c7391_0002a7 session_id="sess_local_alpha" outcome=completed.no_final.no_provider_configured input_chars=22
2026-09-29T13:13:25.650457Z  INFO lingxi_service: request handled request_id=req-f43e62ad442729fd8d97fc650ada02b7 method=POST path=/lingxi/v1/sessions/sess_local_alpha/execute status=200
2026-09-29T13:13:25.651081Z  INFO lingxi_service::sessions: run settled through the single finalize path run_id=run_000001a0ed4c7392_0002a8 session_id="sess_local_alpha" outcome=completed.no_final.no_provider_configured input_chars=22
2026-09-29T13:13:25.651204Z  INFO lingxi_service: request handled request_id=req-c0ac63c1dcf7cbbb0a74c09931c925a7 method=POST path=/lingxi/v1/sessions/sess_local_alpha/execute status=200
2026-09-29T13:13:25.651862Z  INFO lingxi_service::sessions: run settled through the single finalize path run_id=run_000001a0ed4c7393_0002a9 session_id="sess_local_alpha" outcome=completed.no_final.no_provider_configured input_chars=22
2026-09-29T13:13:25.651982Z  INFO lingxi_service: request handled request_id=req-44e2ce7e284b23f7283354e33271fb21 method=POST path=/lingxi/v1/sessions/sess_local_alpha/execute status=200
2026-09-29T13:13:25.652645Z  INFO lingxi_service::sessions: run settled through the single finalize path run_id=run_000001a0ed4c7394_0002aa session_id="sess_local_alpha" outcome=completed.no_final.no_provider_configured input_chars=22
2026-09-29T13:13:25.652772Z  INFO lingxi_service: request handled request_id=req-568761caf1b0d13dcda3a161b7a6cc0c method=POST path=/lingxi/v1/sessions/sess_local_alpha/execute status=200
2026-09-29T13:13:25.653428Z  INFO lingxi_service::sessions: run settled through the single finalize path run_id=run_000001a0ed4c7395_0002ab session_id="sess_local_alpha" outcome=completed.no_final.no_provider_configured input_chars=22
2026-09-29T13:13:25.653549Z  INFO lingxi_service: request handled request_id=req-f4cc8cefc8200e77191e1b308c833673 method=POST path=/lingxi/v1/sessions/sess_local_alpha/execute status=200
2026-09-29T13:13:25.654255Z  INFO lingxi_service::sessions: run settled through the single finalize path run_id=run_000001a0ed4c7395_0002ac session_id="sess_local_alpha" outcome=completed.no_final.no_provider_configured input_chars=22
2026-09-29T13:13:25.654382Z  INFO lingxi_service: request handled request_id=req-4e91b2b2e33c8ac78d135b4e415e788f method=POST path=/lingxi/v1/sessions/sess_local_alpha/execute status=200
2026-09-29T13:13:25.655023Z  INFO lingxi_service::sessions: run settled through the single finalize path run_id=run_000001a0ed4c7396_0002ad session_id="sess_local_alpha" outcome=completed.no_final.no_provider_configured input_chars=22
2026-09-29T13:13:25.655145Z  INFO lingxi_service: request handled request_id=req-1b3906ce620553cc699c3c9acc76560c method=POST path=/lingxi/v1/sessions/sess_local_alpha/execute status=200
2026-09-29T13:13:25.655788Z  INFO lingxi_service::sessions: run settled through the single finalize path run_id=run_000001a0ed4c7397_0002ae session_id="sess_local_alpha" outcome=completed.no_final.no_provider_configured input_chars=22
2026-09-29T13:13:25.655912Z  INFO lingxi_service: request handled request_id=req-dd3084d2dab1911a088bd711b75fc698 method=POST path=/lingxi/v1/sessions/sess_local_alpha/execute status=200
2026-09-29T13:13:25.656563Z  INFO lingxi_service::sessions: run settled through the single finalize path run_id=run_000001a0ed4c7398_0002af session_id="sess_local_alpha" outcome=completed.no_final.no_provider_configured input_chars=22
2026-09-29T13:13:25.656684Z  INFO lingxi_service: request handled request_id=req-207da3aeb19b796f1f9bb06821e9b4fc method=POST path=/lingxi/v1/sessions/sess_local_alpha/execute status=200
2026-09-29T13:13:25.657407Z  INFO lingxi_service::sessions: run settled through the single finalize path run_id=run_000001a0ed4c7398_0002b0 session_id="sess_local_alpha" outcome=completed.no_final.no_provider_configured input_chars=22
2026-09-29T13:13:25.657530Z  INFO lingxi_service: request handled request_id=req-b62e60a5cd3c1fdd0b471337ce1997d3 method=POST path=/lingxi/v1/sessions/sess_local_alpha/execute status=200
2026-09-29T13:13:25.658200Z  INFO lingxi_service::sessions: run settled through the single finalize path run_id=run_000001a0ed4c7399_0002b1 session_id="sess_local_alpha" outcome=completed.no_final.no_provider_configured input_chars=22
2026-09-29T13:13:25.658324Z  INFO lingxi_service: request handled request_id=req-4f304108b79d89632385e6de72c47f79 method=POST path=/lingxi/v1/sessions/sess_local_alpha/execute status=200
2026-09-29T13:13:25.658941Z  INFO lingxi_service::sessions: run settled through the single finalize path run_id=run_000001a0ed4c739a_0002b2 session_id="sess_local_alpha" outcome=completed.no_final.no_provider_configured input_chars=22
2026-09-29T13:13:25.659064Z  INFO lingxi_service: request handled request_id=req-198c5ccc1aa6768b8ce861d4f03ad61d method=POST path=/lingxi/v1/sessions/sess_local_alpha/execute status=200
2026-09-29T13:13:25.659744Z  INFO lingxi_service::sessions: run settled through the single finalize path run_id=run_000001a0ed4c739b_0002b3 session_id="sess_local_alpha" outcome=completed.no_final.no_provider_configured input_chars=22
2026-09-29T13:13:25.659869Z  INFO lingxi_service: request handled request_id=req-cb9fed19b3dfedf210e81ecd65a2b509 method=POST path=/lingxi/v1/sessions/sess_local_alpha/execute status=200
2026-09-29T13:13:25.660500Z  INFO lingxi_service::sessions: run settled through the single finalize path run_id=run_000001a0ed4c739c_0002b4 session_id="sess_local_alpha" outcome=completed.no_final.no_provider_configured input_chars=22
2026-09-29T13:13:25.660621Z  INFO lingxi_service: request handled request_id=req-665b5b243dc2ed0529b38242583b9367 method=POST path=/lingxi/v1/sessions/sess_local_alpha/execute status=200
2026-09-29T13:13:25.661713Z  INFO lingxi_service::sessions: run settled through the single finalize path run_id=run_000001a0ed4c739c_0002b5 session_id="sess_local_alpha" outcome=completed.no_final.no_provider_configured input_chars=22
2026-09-29T13:13:25.661841Z  INFO lingxi_service: request handled request_id=req-29501af04f17e3a13cd92c65fae695cb method=POST path=/lingxi/v1/sessions/sess_local_alpha/execute status=200
2026-09-29T13:13:25.662484Z  INFO lingxi_service::sessions: run settled through the single finalize path run_id=run_000001a0ed4c739e_0002b6 session_id="sess_local_alpha" outcome=completed.no_final.no_provider_configured input_chars=22
2026-09-29T13:13:25.662610Z  INFO lingxi_service: request handled request_id=req-e782373b15b29cee1f3e53c400594620 method=POST path=/lingxi/v1/sessions/sess_local_alpha/execute status=200
2026-09-29T13:13:25.663324Z  INFO lingxi_service::sessions: run settled through the single finalize path run_id=run_000001a0ed4c739e_0002b7 session_id="sess_local_alpha" outcome=completed.no_final.no_provider_configured input_chars=22
2026-09-29T13:13:25.663445Z  INFO lingxi_service: request handled request_id=req-7e0da3e3c8302d6f8b171c326e5d52a3 method=POST path=/lingxi/v1/sessions/sess_local_alpha/execute status=200
2026-09-29T13:13:25.664072Z  INFO lingxi_service::sessions: run settled through the single finalize path run_id=run_000001a0ed4c739f_0002b8 session_id="sess_local_alpha" outcome=completed.no_final.no_provider_configured input_chars=22
2026-09-29T13:13:25.664196Z  INFO lingxi_service: request handled request_id=req-95546a7fcf88515f8c4550f67a74757d method=POST path=/lingxi/v1/sessions/sess_local_alpha/execute status=200
2026-09-29T13:13:25.664836Z  INFO lingxi_service::sessions: run settled through the single finalize path run_id=run_000001a0ed4c73a0_0002b9 session_id="sess_local_alpha" outcome=completed.no_final.no_provider_configured input_chars=22
2026-09-29T13:13:25.664961Z  INFO lingxi_service: request handled request_id=req-4e6313ff040a37b3416d6f57084b223c method=POST path=/lingxi/v1/sessions/sess_local_alpha/execute status=200
2026-09-29T13:13:25.665595Z  INFO lingxi_service::sessions: run settled through the single finalize path run_id=run_000001a0ed4c73a1_0002ba session_id="sess_local_alpha" outcome=completed.no_final.no_provider_configured input_chars=22
2026-09-29T13:13:25.665717Z  INFO lingxi_service: request handled request_id=req-428edae44e2e4a8d009fc3d4086027b0 method=POST path=/lingxi/v1/sessions/sess_local_alpha/execute status=200
2026-09-29T13:13:25.666384Z  INFO lingxi_service::sessions: run settled through the single finalize path run_id=run_000001a0ed4c73a1_0002bb session_id="sess_local_alpha" outcome=completed.no_final.no_provider_configured input_chars=22
2026-09-29T13:13:25.666508Z  INFO lingxi_service: request handled request_id=req-88bd0c681378942b7dc9c96198393724 method=POST path=/lingxi/v1/sessions/sess_local_alpha/execute status=200
2026-09-29T13:13:25.667170Z  INFO lingxi_service::sessions: run settled through the single finalize path run_id=run_000001a0ed4c73a2_0002bc session_id="sess_local_alpha" outcome=completed.no_final.no_provider_configured input_chars=22
2026-09-29T13:13:25.667294Z  INFO lingxi_service: request handled request_id=req-302181360ca6fe966c7edebf4d51a870 method=POST path=/lingxi/v1/sessions/sess_local_alpha/execute status=200
2026-09-29T13:13:25.667971Z  INFO lingxi_service::sessions: run settled through the single finalize path run_id=run_000001a0ed4c73a3_0002bd session_id="sess_local_alpha" outcome=completed.no_final.no_provider_configured input_chars=22
2026-09-29T13:13:25.668093Z  INFO lingxi_service: request handled request_id=req-ef3103dc21925ba34b25d4c8c0055139 method=POST path=/lingxi/v1/sessions/sess_local_alpha/execute status=200
2026-09-29T13:13:25.668780Z  INFO lingxi_service::sessions: run settled through the single finalize path run_id=run_000001a0ed4c73a4_0002be session_id="sess_local_alpha" outcome=completed.no_final.no_provider_configured input_chars=22
2026-09-29T13:13:25.668904Z  INFO lingxi_service: request handled request_id=req-dd3d7dad50fc884afdf52a6ee5d1a07d method=POST path=/lingxi/v1/sessions/sess_local_alpha/execute status=200
2026-09-29T13:13:25.669534Z  INFO lingxi_service::sessions: run settled through the single finalize path run_id=run_000001a0ed4c73a5_0002bf session_id="sess_local_alpha" outcome=completed.no_final.no_provider_configured input_chars=22
2026-09-29T13:13:25.669657Z  INFO lingxi_service: request handled request_id=req-cbfbb1a471e81757c2ec95b7ce3f5949 method=POST path=/lingxi/v1/sessions/sess_local_alpha/execute status=200
2026-09-29T13:13:25.670304Z  INFO lingxi_service::sessions: run settled through the single finalize path run_id=run_000001a0ed4c73a5_0002c0 session_id="sess_local_alpha" outcome=completed.no_final.no_provider_configured input_chars=22
2026-09-29T13:13:25.670427Z  INFO lingxi_service: request handled request_id=req-5e194da171cb6c822606f7ee78a46b27 method=POST path=/lingxi/v1/sessions/sess_local_alpha/execute status=200
2026-09-29T13:13:25.671060Z  INFO lingxi_service::sessions: run settled through the single finalize path run_id=run_000001a0ed4c73a6_0002c1 session_id="sess_local_alpha" outcome=completed.no_final.no_provider_configured input_chars=22
2026-09-29T13:13:25.671180Z  INFO lingxi_service: request handled request_id=req-19d44a8c5f6e1bfb3c9ff7f1898346fe method=POST path=/lingxi/v1/sessions/sess_local_alpha/execute status=200
2026-09-29T13:13:25.671809Z  INFO lingxi_service::sessions: run settled through the single finalize path run_id=run_000001a0ed4c73a7_0002c2 session_id="sess_local_alpha" outcome=completed.no_final.no_provider_configured input_chars=22
2026-09-29T13:13:25.671935Z  INFO lingxi_service: request handled request_id=req-e6ba189d2d2907db7eb6364868fd138e method=POST path=/lingxi/v1/sessions/sess_local_alpha/execute status=200
2026-09-29T13:13:25.672545Z  INFO lingxi_service::sessions: run settled through the single finalize path run_id=run_000001a0ed4c73a8_0002c3 session_id="sess_local_alpha" outcome=completed.no_final.no_provider_configured input_chars=22
2026-09-29T13:13:25.672669Z  INFO lingxi_service: request handled request_id=req-deba1cba2564d64d176cfd1f18ed4cc0 method=POST path=/lingxi/v1/sessions/sess_local_alpha/execute status=200
2026-09-29T13:13:25.673312Z  INFO lingxi_service::sessions: run settled through the single finalize path run_id=run_000001a0ed4c73a8_0002c4 session_id="sess_local_alpha" outcome=completed.no_final.no_provider_configured input_chars=22
2026-09-29T13:13:25.673435Z  INFO lingxi_service: request handled request_id=req-e659e6fab4ffd30d796501474359c1b1 method=POST path=/lingxi/v1/sessions/sess_local_alpha/execute status=200
2026-09-29T13:13:25.674050Z  INFO lingxi_service::sessions: run settled through the single finalize path run_id=run_000001a0ed4c73a9_0002c5 session_id="sess_local_alpha" outcome=completed.no_final.no_provider_configured input_chars=22
2026-09-29T13:13:25.674173Z  INFO lingxi_service: request handled request_id=req-c32164642e43c7ceed8ddd39f4d7f73f method=POST path=/lingxi/v1/sessions/sess_local_alpha/execute status=200
2026-09-29T13:13:25.674786Z  INFO lingxi_service::sessions: run settled through the single finalize path run_id=run_000001a0ed4c73aa_0002c6 session_id="sess_local_alpha" outcome=completed.no_final.no_provider_configured input_chars=22
2026-09-29T13:13:25.674909Z  INFO lingxi_service: request handled request_id=req-12b0f6a6369c4efa3ec4d1ee379e43c2 method=POST path=/lingxi/v1/sessions/sess_local_alpha/execute status=200
2026-09-29T13:13:25.675516Z  INFO lingxi_service::sessions: run settled through the single finalize path run_id=run_000001a0ed4c73ab_0002c7 session_id="sess_local_alpha" outcome=completed.no_final.no_provider_configured input_chars=22
2026-09-29T13:13:25.675638Z  INFO lingxi_service: request handled request_id=req-0bd30e2104bd3826b1ffc0d2b1555daf method=POST path=/lingxi/v1/sessions/sess_local_alpha/execute status=200
2026-09-29T13:13:25.676266Z  INFO lingxi_service::sessions: run settled through the single finalize path run_id=run_000001a0ed4c73ab_0002c8 session_id="sess_local_alpha" outcome=completed.no_final.no_provider_configured input_chars=22
2026-09-29T13:13:25.676394Z  INFO lingxi_service: request handled request_id=req-ac30762e208d104a86f3920bb5f5951a method=POST path=/lingxi/v1/sessions/sess_local_alpha/execute status=200
2026-09-29T13:13:25.677033Z  INFO lingxi_service::sessions: run settled through the single finalize path run_id=run_000001a0ed4c73ac_0002c9 session_id="sess_local_alpha" outcome=completed.no_final.no_provider_configured input_chars=22
2026-09-29T13:13:25.677155Z  INFO lingxi_service: request handled request_id=req-8d9f12d2eb01cb92e6ec7544f8f79dde method=POST path=/lingxi/v1/sessions/sess_local_alpha/execute status=200
2026-09-29T13:13:25.677783Z  INFO lingxi_service::sessions: run settled through the single finalize path run_id=run_000001a0ed4c73ad_0002ca session_id="sess_local_alpha" outcome=completed.no_final.no_provider_configured input_chars=22
2026-09-29T13:13:25.677906Z  INFO lingxi_service: request handled request_id=req-9c71a99e58baaac6e08dc9c9c06ba36a method=POST path=/lingxi/v1/sessions/sess_local_alpha/execute status=200
2026-09-29T13:13:25.678538Z  INFO lingxi_service::sessions: run settled through the single finalize path run_id=run_000001a0ed4c73ae_0002cb session_id="sess_local_alpha" outcome=completed.no_final.no_provider_configured input_chars=22
2026-09-29T13:13:25.678661Z  INFO lingxi_service: request handled request_id=req-09f8f401ca3503c55e13a3d478c3d93a method=POST path=/lingxi/v1/sessions/sess_local_alpha/execute status=200
2026-09-29T13:13:25.679298Z  INFO lingxi_service::sessions: run settled through the single finalize path run_id=run_000001a0ed4c73ae_0002cc session_id="sess_local_alpha" outcome=completed.no_final.no_provider_configured input_chars=22
2026-09-29T13:13:25.679422Z  INFO lingxi_service: request handled request_id=req-80bec148fbbd71a80495d6795acdd1f0 method=POST path=/lingxi/v1/sessions/sess_local_alpha/execute status=200
2026-09-29T13:13:25.680040Z  INFO lingxi_service::sessions: run settled through the single finalize path run_id=run_000001a0ed4c73af_0002cd session_id="sess_local_alpha" outcome=completed.no_final.no_provider_configured input_chars=22
2026-09-29T13:13:25.680162Z  INFO lingxi_service: request handled request_id=req-90a5232af03a6b1c8328582383f3aa53 method=POST path=/lingxi/v1/sessions/sess_local_alpha/execute status=200
2026-09-29T13:13:25.680781Z  INFO lingxi_service::sessions: run settled through the single finalize path run_id=run_000001a0ed4c73b0_0002ce session_id="sess_local_alpha" outcome=completed.no_final.no_provider_configured input_chars=22
2026-09-29T13:13:25.680902Z  INFO lingxi_service: request handled request_id=req-42c9eee5749d431d25fd37eec4396e55 method=POST path=/lingxi/v1/sessions/sess_local_alpha/execute status=200
2026-09-29T13:13:25.681513Z  INFO lingxi_service::sessions: run settled through the single finalize path run_id=run_000001a0ed4c73b1_0002cf session_id="sess_local_alpha" outcome=completed.no_final.no_provider_configured input_chars=22
2026-09-29T13:13:25.681634Z  INFO lingxi_service: request handled request_id=req-3a55c2c1a7fe1320c288da348bcc9fa6 method=POST path=/lingxi/v1/sessions/sess_local_alpha/execute status=200
2026-09-29T13:13:25.682246Z  INFO lingxi_service::sessions: run settled through the single finalize path run_id=run_000001a0ed4c73b1_0002d0 session_id="sess_local_alpha" outcome=completed.no_final.no_provider_configured input_chars=22
2026-09-29T13:13:25.682369Z  INFO lingxi_service: request handled request_id=req-a210988e2a2528a26d1f9fee026c2a2f method=POST path=/lingxi/v1/sessions/sess_local_alpha/execute status=200
2026-09-29T13:13:25.683008Z  INFO lingxi_service::sessions: run settled through the single finalize path run_id=run_000001a0ed4c73b2_0002d1 session_id="sess_local_alpha" outcome=completed.no_final.no_provider_configured input_chars=22
2026-09-29T13:13:25.683132Z  INFO lingxi_service: request handled request_id=req-a57f8b07a9f0044c8f883f25a30bf3bb method=POST path=/lingxi/v1/sessions/sess_local_alpha/execute status=200
2026-09-29T13:13:25.683766Z  INFO lingxi_service::sessions: run settled through the single finalize path run_id=run_000001a0ed4c73b3_0002d2 session_id="sess_local_alpha" outcome=completed.no_final.no_provider_configured input_chars=22
2026-09-29T13:13:25.683889Z  INFO lingxi_service: request handled request_id=req-46e489a7e41d5829454c11ea60e024b9 method=POST path=/lingxi/v1/sessions/sess_local_alpha/execute status=200
2026-09-29T13:13:25.684546Z  INFO lingxi_service::sessions: run settled through the single finalize path run_id=run_000001a0ed4c73b4_0002d3 session_id="sess_local_alpha" outcome=completed.no_final.no_provider_configured input_chars=22
2026-09-29T13:13:25.684674Z  INFO lingxi_service: request handled request_id=req-aa0c5212b3b6916e448d00eabb5de900 method=POST path=/lingxi/v1/sessions/sess_local_alpha/execute status=200
2026-09-29T13:13:25.685335Z  INFO lingxi_service::sessions: run settled through the single finalize path run_id=run_000001a0ed4c73b4_0002d4 session_id="sess_local_alpha" outcome=completed.no_final.no_provider_configured input_chars=22
2026-09-29T13:13:25.685460Z  INFO lingxi_service: request handled request_id=req-9a9c5c93105d84b5669131df02f3d2b9 method=POST path=/lingxi/v1/sessions/sess_local_alpha/execute status=200
2026-09-29T13:13:25.686078Z  INFO lingxi_service::sessions: run settled through the single finalize path run_id=run_000001a0ed4c73b5_0002d5 session_id="sess_local_alpha" outcome=completed.no_final.no_provider_configured input_chars=22
2026-09-29T13:13:25.686200Z  INFO lingxi_service: request handled request_id=req-811f351669134610b29dab3c7d521820 method=POST path=/lingxi/v1/sessions/sess_local_alpha/execute status=200
2026-09-29T13:13:25.686863Z  INFO lingxi_service::sessions: run settled through the single finalize path run_id=run_000001a0ed4c73b6_0002d6 session_id="sess_local_alpha" outcome=completed.no_final.no_provider_configured input_chars=22
2026-09-29T13:13:25.686985Z  INFO lingxi_service: request handled request_id=req-db2971941ac14bc01f210ecf010beb00 method=POST path=/lingxi/v1/sessions/sess_local_alpha/execute status=200
2026-09-29T13:13:25.687603Z  INFO lingxi_service::sessions: run settled through the single finalize path run_id=run_000001a0ed4c73b7_0002d7 session_id="sess_local_alpha" outcome=completed.no_final.no_provider_configured input_chars=22
2026-09-29T13:13:25.687730Z  INFO lingxi_service: request handled request_id=req-bff6c29b0ddff5bcedf0e500a4359b13 method=POST path=/lingxi/v1/sessions/sess_local_alpha/execute status=200
2026-09-29T13:13:25.688406Z  INFO lingxi_service::sessions: run settled through the single finalize path run_id=run_000001a0ed4c73b7_0002d8 session_id="sess_local_alpha" outcome=completed.no_final.no_provider_configured input_chars=22
2026-09-29T13:13:25.688531Z  INFO lingxi_service: request handled request_id=req-8a58d724dd3492089673a7acf62fbd9a method=POST path=/lingxi/v1/sessions/sess_local_alpha/execute status=200
2026-09-29T13:13:25.689183Z  INFO lingxi_service::sessions: run settled through the single finalize path run_id=run_000001a0ed4c73b8_0002d9 session_id="sess_local_alpha" outcome=completed.no_final.no_provider_configured input_chars=22
2026-09-29T13:13:25.689308Z  INFO lingxi_service: request handled request_id=req-83e7e2a04d92cd55e2a30d1636677c15 method=POST path=/lingxi/v1/sessions/sess_local_alpha/execute status=200
2026-09-29T13:13:25.689933Z  INFO lingxi_service::sessions: run settled through the single finalize path run_id=run_000001a0ed4c73b9_0002da session_id="sess_local_alpha" outcome=completed.no_final.no_provider_configured input_chars=22
2026-09-29T13:13:25.690056Z  INFO lingxi_service: request handled request_id=req-726775b087b513a9f0c06187695464dd method=POST path=/lingxi/v1/sessions/sess_local_alpha/execute status=200
2026-09-29T13:13:25.690687Z  INFO lingxi_service::sessions: run settled through the single finalize path run_id=run_000001a0ed4c73ba_0002db session_id="sess_local_alpha" outcome=completed.no_final.no_provider_configured input_chars=22
2026-09-29T13:13:25.690811Z  INFO lingxi_service: request handled request_id=req-faacf54223a618ccae97921f93c30c70 method=POST path=/lingxi/v1/sessions/sess_local_alpha/execute status=200
2026-09-29T13:13:25.691495Z  INFO lingxi_service::sessions: run settled through the single finalize path run_id=run_000001a0ed4c73bb_0002dc session_id="sess_local_alpha" outcome=completed.no_final.no_provider_configured input_chars=22
2026-09-29T13:13:25.691620Z  INFO lingxi_service: request handled request_id=req-8995e5005fc3b7d44f299dbd5be837cc method=POST path=/lingxi/v1/sessions/sess_local_alpha/execute status=200
2026-09-29T13:13:25.692249Z  INFO lingxi_service::sessions: run settled through the single finalize path run_id=run_000001a0ed4c73bb_0002dd session_id="sess_local_alpha" outcome=completed.no_final.no_provider_configured input_chars=22
2026-09-29T13:13:25.692374Z  INFO lingxi_service: request handled request_id=req-1e5f847532268d5c2277315498f4e633 method=POST path=/lingxi/v1/sessions/sess_local_alpha/execute status=200
2026-09-29T13:13:25.693023Z  INFO lingxi_service::sessions: run settled through the single finalize path run_id=run_000001a0ed4c73bc_0002de session_id="sess_local_alpha" outcome=completed.no_final.no_provider_configured input_chars=22
2026-09-29T13:13:25.693148Z  INFO lingxi_service: request handled request_id=req-6b012ef6be3baba973f5f976258b6311 method=POST path=/lingxi/v1/sessions/sess_local_alpha/execute status=200
2026-09-29T13:13:25.693759Z  INFO lingxi_service::sessions: run settled through the single finalize path run_id=run_000001a0ed4c73bd_0002df session_id="sess_local_alpha" outcome=completed.no_final.no_provider_configured input_chars=22
2026-09-29T13:13:25.693880Z  INFO lingxi_service: request handled request_id=req-6d7f0e5f06ba08385c833f3b05a4154a method=POST path=/lingxi/v1/sessions/sess_local_alpha/execute status=200
2026-09-29T13:13:25.694498Z  INFO lingxi_service::sessions: run settled through the single finalize path run_id=run_000001a0ed4c73be_0002e0 session_id="sess_local_alpha" outcome=completed.no_final.no_provider_configured input_chars=22
2026-09-29T13:13:25.694620Z  INFO lingxi_service: request handled request_id=req-2b52d4e34edc2611040a5d58231cd040 method=POST path=/lingxi/v1/sessions/sess_local_alpha/execute status=200
2026-09-29T13:13:25.695270Z  INFO lingxi_service::sessions: run settled through the single finalize path run_id=run_000001a0ed4c73be_0002e1 session_id="sess_local_alpha" outcome=completed.no_final.no_provider_configured input_chars=22
2026-09-29T13:13:25.695391Z  INFO lingxi_service: request handled request_id=req-2b240d82bd13d220981822c90fa4148b method=POST path=/lingxi/v1/sessions/sess_local_alpha/execute status=200
2026-09-29T13:13:25.695989Z  INFO lingxi_service::sessions: run settled through the single finalize path run_id=run_000001a0ed4c73bf_0002e2 session_id="sess_local_alpha" outcome=completed.no_final.no_provider_configured input_chars=22
2026-09-29T13:13:25.696111Z  INFO lingxi_service: request handled request_id=req-71abfd4a7a3a28567b5f35453d0a46c4 method=POST path=/lingxi/v1/sessions/sess_local_alpha/execute status=200
2026-09-29T13:13:25.696751Z  INFO lingxi_service::sessions: run settled through the single finalize path run_id=run_000001a0ed4c73c0_0002e3 session_id="sess_local_alpha" outcome=completed.no_final.no_provider_configured input_chars=22
2026-09-29T13:13:25.696877Z  INFO lingxi_service: request handled request_id=req-66f67ff6d4eb666aeb65a8141fa846d4 method=POST path=/lingxi/v1/sessions/sess_local_alpha/execute status=200
2026-09-29T13:13:25.697608Z  INFO lingxi_service::sessions: run settled through the single finalize path run_id=run_000001a0ed4c73c1_0002e4 session_id="sess_local_alpha" outcome=completed.no_final.no_provider_configured input_chars=22
2026-09-29T13:13:25.697734Z  INFO lingxi_service: request handled request_id=req-416449fe8a3c212fe3357729522874f2 method=POST path=/lingxi/v1/sessions/sess_local_alpha/execute status=200
2026-09-29T13:13:25.698353Z  INFO lingxi_service::sessions: run settled through the single finalize path run_id=run_000001a0ed4c73c1_0002e5 session_id="sess_local_alpha" outcome=completed.no_final.no_provider_configured input_chars=22
2026-09-29T13:13:25.698477Z  INFO lingxi_service: request handled request_id=req-c20d2a9ef78da340bb9359fe08064bb8 method=POST path=/lingxi/v1/sessions/sess_local_alpha/execute status=200
2026-09-29T13:13:25.699144Z  INFO lingxi_service::sessions: run settled through the single finalize path run_id=run_000001a0ed4c73c2_0002e6 session_id="sess_local_alpha" outcome=completed.no_final.no_provider_configured input_chars=22
2026-09-29T13:13:25.699276Z  INFO lingxi_service: request handled request_id=req-3c4811122bf3798bc1661747ac11e551 method=POST path=/lingxi/v1/sessions/sess_local_alpha/execute status=200
2026-09-29T13:13:25.701919Z  INFO lingxi_service::sessions: run settled through the single finalize path run_id=run_000001a0ed4c73c5_0002e7 session_id="sess_local_alpha" outcome=completed.no_final.no_provider_configured input_chars=22
2026-09-29T13:13:25.702066Z  INFO lingxi_service: request handled request_id=req-ed8aa680186bcfa685513ddb1cfac716 method=POST path=/lingxi/v1/sessions/sess_local_alpha/execute status=200
2026-09-29T13:13:25.702853Z  INFO lingxi_service::sessions: run settled through the single finalize path run_id=run_000001a0ed4c73c6_0002e8 session_id="sess_local_alpha" outcome=completed.no_final.no_provider_configured input_chars=22
2026-09-29T13:13:25.702987Z  INFO lingxi_service: request handled request_id=req-e686a121b5e460bfe67d41b38d1637c0 method=POST path=/lingxi/v1/sessions/sess_local_alpha/execute status=200
2026-09-29T13:13:25.703710Z  INFO lingxi_service::sessions: run settled through the single finalize path run_id=run_000001a0ed4c73c7_0002e9 session_id="sess_local_alpha" outcome=completed.no_final.no_provider_configured input_chars=22
2026-09-29T13:13:25.703843Z  INFO lingxi_service: request handled request_id=req-356bc881c6b2d8b23af5ea4462c8f004 method=POST path=/lingxi/v1/sessions/sess_local_alpha/execute status=200
2026-09-29T13:13:25.704496Z  INFO lingxi_service::sessions: run settled through the single finalize path run_id=run_000001a0ed4c73c8_0002ea session_id="sess_local_alpha" outcome=completed.no_final.no_provider_configured input_chars=22
2026-09-29T13:13:25.704632Z  INFO lingxi_service: request handled request_id=req-5a86c301b39dcd93a6f3d048f3133022 method=POST path=/lingxi/v1/sessions/sess_local_alpha/execute status=200
2026-09-29T13:13:25.705340Z  INFO lingxi_service::sessions: run settled through the single finalize path run_id=run_000001a0ed4c73c8_0002eb session_id="sess_local_alpha" outcome=completed.no_final.no_provider_configured input_chars=22
2026-09-29T13:13:25.705470Z  INFO lingxi_service: request handled request_id=req-2a0a06fd03d96563b2c6d85f113e4053 method=POST path=/lingxi/v1/sessions/sess_local_alpha/execute status=200
2026-09-29T13:13:25.706179Z  INFO lingxi_service::sessions: run settled through the single finalize path run_id=run_000001a0ed4c73c9_0002ec session_id="sess_local_alpha" outcome=completed.no_final.no_provider_configured input_chars=22
2026-09-29T13:13:25.706305Z  INFO lingxi_service: request handled request_id=req-89298e495f7a3b9ed869dc0ed8a3a35f method=POST path=/lingxi/v1/sessions/sess_local_alpha/execute status=200
2026-09-29T13:13:25.706976Z  INFO lingxi_service::sessions: run settled through the single finalize path run_id=run_000001a0ed4c73ca_0002ed session_id="sess_local_alpha" outcome=completed.no_final.no_provider_configured input_chars=22
2026-09-29T13:13:25.707107Z  INFO lingxi_service: request handled request_id=req-4a8c8822a32c54459d0e0afea00d2591 method=POST path=/lingxi/v1/sessions/sess_local_alpha/execute status=200
2026-09-29T13:13:25.707753Z  INFO lingxi_service::sessions: run settled through the single finalize path run_id=run_000001a0ed4c73cb_0002ee session_id="sess_local_alpha" outcome=completed.no_final.no_provider_configured input_chars=22
2026-09-29T13:13:25.707882Z  INFO lingxi_service: request handled request_id=req-35575faad2d209e9071d9cfabf8ca604 method=POST path=/lingxi/v1/sessions/sess_local_alpha/execute status=200
2026-09-29T13:13:25.708551Z  INFO lingxi_service::sessions: run settled through the single finalize path run_id=run_000001a0ed4c73cc_0002ef session_id="sess_local_alpha" outcome=completed.no_final.no_provider_configured input_chars=22
2026-09-29T13:13:25.708675Z  INFO lingxi_service: request handled request_id=req-fa584255685d25d12bb8691d4760668b method=POST path=/lingxi/v1/sessions/sess_local_alpha/execute status=200
2026-09-29T13:13:25.709295Z  INFO lingxi_service::sessions: run settled through the single finalize path run_id=run_000001a0ed4c73cc_0002f0 session_id="sess_local_alpha" outcome=completed.no_final.no_provider_configured input_chars=22
2026-09-29T13:13:25.709427Z  INFO lingxi_service: request handled request_id=req-e2c273bb72dffe022135833fa3f304e7 method=POST path=/lingxi/v1/sessions/sess_local_alpha/execute status=200
2026-09-29T13:13:25.710069Z  INFO lingxi_service::sessions: run settled through the single finalize path run_id=run_000001a0ed4c73cd_0002f1 session_id="sess_local_alpha" outcome=completed.no_final.no_provider_configured input_chars=22
2026-09-29T13:13:25.710194Z  INFO lingxi_service: request handled request_id=req-8d83caacce6a168e6a9390252412d306 method=POST path=/lingxi/v1/sessions/sess_local_alpha/execute status=200
2026-09-29T13:13:25.710857Z  INFO lingxi_service::sessions: run settled through the single finalize path run_id=run_000001a0ed4c73ce_0002f2 session_id="sess_local_alpha" outcome=completed.no_final.no_provider_configured input_chars=22
2026-09-29T13:13:25.710986Z  INFO lingxi_service: request handled request_id=req-a119452e8ecc8b149299c55063fcad62 method=POST path=/lingxi/v1/sessions/sess_local_alpha/execute status=200
2026-09-29T13:13:25.711697Z  INFO lingxi_service::sessions: run settled through the single finalize path run_id=run_000001a0ed4c73cf_0002f3 session_id="sess_local_alpha" outcome=completed.no_final.no_provider_configured input_chars=22
2026-09-29T13:13:25.711825Z  INFO lingxi_service: request handled request_id=req-60e1ae37783dcf1a63b3f14c45f29529 method=POST path=/lingxi/v1/sessions/sess_local_alpha/execute status=200
2026-09-29T13:13:25.712439Z  INFO lingxi_service::sessions: run settled through the single finalize path run_id=run_000001a0ed4c73d0_0002f4 session_id="sess_local_alpha" outcome=completed.no_final.no_provider_configured input_chars=22
2026-09-29T13:13:25.712564Z  INFO lingxi_service: request handled request_id=req-c2e2e3c39eb0ce125be669e94fa32dab method=POST path=/lingxi/v1/sessions/sess_local_alpha/execute status=200
2026-09-29T13:13:25.713185Z  INFO lingxi_service::sessions: run settled through the single finalize path run_id=run_000001a0ed4c73d0_0002f5 session_id="sess_local_alpha" outcome=completed.no_final.no_provider_configured input_chars=22
2026-09-29T13:13:25.713310Z  INFO lingxi_service: request handled request_id=req-1c83f6decbbaf76ecac0472850ff07a4 method=POST path=/lingxi/v1/sessions/sess_local_alpha/execute status=200
2026-09-29T13:13:25.714034Z  INFO lingxi_service::sessions: run settled through the single finalize path run_id=run_000001a0ed4c73d1_0002f6 session_id="sess_local_alpha" outcome=completed.no_final.no_provider_configured input_chars=22
2026-09-29T13:13:25.714159Z  INFO lingxi_service: request handled request_id=req-9105431793250eb59e69c64565173863 method=POST path=/lingxi/v1/sessions/sess_local_alpha/execute status=200
2026-09-29T13:13:25.714788Z  INFO lingxi_service::sessions: run settled through the single finalize path run_id=run_000001a0ed4c73d2_0002f7 session_id="sess_local_alpha" outcome=completed.no_final.no_provider_configured input_chars=22
2026-09-29T13:13:25.714913Z  INFO lingxi_service: request handled request_id=req-c3539986748a1851e17f461e4da21304 method=POST path=/lingxi/v1/sessions/sess_local_alpha/execute status=200
2026-09-29T13:13:25.715521Z  INFO lingxi_service::sessions: run settled through the single finalize path run_id=run_000001a0ed4c73d3_0002f8 session_id="sess_local_alpha" outcome=completed.no_final.no_provider_configured input_chars=22
2026-09-29T13:13:25.715647Z  INFO lingxi_service: request handled request_id=req-f05e0c870515b8754d11ce056f909b58 method=POST path=/lingxi/v1/sessions/sess_local_alpha/execute status=200
2026-09-29T13:13:25.716288Z  INFO lingxi_service::sessions: run settled through the single finalize path run_id=run_000001a0ed4c73d3_0002f9 session_id="sess_local_alpha" outcome=completed.no_final.no_provider_configured input_chars=22
2026-09-29T13:13:25.716414Z  INFO lingxi_service: request handled request_id=req-4481b68c46c7d33b116216bf046cc8d8 method=POST path=/lingxi/v1/sessions/sess_local_alpha/execute status=200
2026-09-29T13:13:25.717120Z  INFO lingxi_service::sessions: run settled through the single finalize path run_id=run_000001a0ed4c73d4_0002fa session_id="sess_local_alpha" outcome=completed.no_final.no_provider_configured input_chars=22
2026-09-29T13:13:25.717253Z  INFO lingxi_service: request handled request_id=req-ef981fa861dfcee73309e7377545eaaf method=POST path=/lingxi/v1/sessions/sess_local_alpha/execute status=200
2026-09-29T13:13:25.717875Z  INFO lingxi_service::sessions: run settled through the single finalize path run_id=run_000001a0ed4c73d5_0002fb session_id="sess_local_alpha" outcome=completed.no_final.no_provider_configured input_chars=22
2026-09-29T13:13:25.718001Z  INFO lingxi_service: request handled request_id=req-fe6adbdfad6f196ce613581dfc9c510d method=POST path=/lingxi/v1/sessions/sess_local_alpha/execute status=200
2026-09-29T13:13:25.718704Z  INFO lingxi_service::sessions: run settled through the single finalize path run_id=run_000001a0ed4c73d6_0002fc session_id="sess_local_alpha" outcome=completed.no_final.no_provider_configured input_chars=22
2026-09-29T13:13:25.718830Z  INFO lingxi_service: request handled request_id=req-44d0a76e44871cc285f4c865e7458c9d method=POST path=/lingxi/v1/sessions/sess_local_alpha/execute status=200
2026-09-29T13:13:25.719454Z  INFO lingxi_service::sessions: run settled through the single finalize path run_id=run_000001a0ed4c73d7_0002fd session_id="sess_local_alpha" outcome=completed.no_final.no_provider_configured input_chars=22
2026-09-29T13:13:25.719582Z  INFO lingxi_service: request handled request_id=req-46755ae26ba5a001d874659c3511e695 method=POST path=/lingxi/v1/sessions/sess_local_alpha/execute status=200
2026-09-29T13:13:25.720251Z  INFO lingxi_service::sessions: run settled through the single finalize path run_id=run_000001a0ed4c73d7_0002fe session_id="sess_local_alpha" outcome=completed.no_final.no_provider_configured input_chars=22
2026-09-29T13:13:25.720376Z  INFO lingxi_service: request handled request_id=req-5d5b4b7d21f2140ffb8a0d5cb8b8c0f7 method=POST path=/lingxi/v1/sessions/sess_local_alpha/execute status=200
2026-09-29T13:13:25.721071Z  INFO lingxi_service::sessions: run settled through the single finalize path run_id=run_000001a0ed4c73d8_0002ff session_id="sess_local_alpha" outcome=completed.no_final.no_provider_configured input_chars=22
2026-09-29T13:13:25.721198Z  INFO lingxi_service: request handled request_id=req-586c02b5ac8e0d698c85ff4587bde52a method=POST path=/lingxi/v1/sessions/sess_local_alpha/execute status=200
2026-09-29T13:13:25.721963Z  INFO lingxi_service::sessions: run settled through the single finalize path run_id=run_000001a0ed4c73d9_000300 session_id="sess_local_alpha" outcome=completed.no_final.no_provider_configured input_chars=22
2026-09-29T13:13:25.722088Z  INFO lingxi_service: request handled request_id=req-c3d2e49c9cb86cb60203ae057769bafe method=POST path=/lingxi/v1/sessions/sess_local_alpha/execute status=200
2026-09-29T13:13:25.722778Z  INFO lingxi_service::sessions: run settled through the single finalize path run_id=run_000001a0ed4c73da_000301 session_id="sess_local_alpha" outcome=completed.no_final.no_provider_configured input_chars=22
2026-09-29T13:13:25.722905Z  INFO lingxi_service: request handled request_id=req-d4261d657c8c832c2991e467811b8a5e method=POST path=/lingxi/v1/sessions/sess_local_alpha/execute status=200
2026-09-29T13:13:25.723564Z  INFO lingxi_service::sessions: run settled through the single finalize path run_id=run_000001a0ed4c73db_000302 session_id="sess_local_alpha" outcome=completed.no_final.no_provider_configured input_chars=22
2026-09-29T13:13:25.723690Z  INFO lingxi_service: request handled request_id=req-e27352872c5d0dbd1aafb029203e408b method=POST path=/lingxi/v1/sessions/sess_local_alpha/execute status=200
2026-09-29T13:13:25.724339Z  INFO lingxi_service::sessions: run settled through the single finalize path run_id=run_000001a0ed4c73db_000303 session_id="sess_local_alpha" outcome=completed.no_final.no_provider_configured input_chars=22
2026-09-29T13:13:25.724465Z  INFO lingxi_service: request handled request_id=req-19efac568e1c7a16952f810c9c8071aa method=POST path=/lingxi/v1/sessions/sess_local_alpha/execute status=200
2026-09-29T13:13:25.725091Z  INFO lingxi_service::sessions: run settled through the single finalize path run_id=run_000001a0ed4c73dc_000304 session_id="sess_local_alpha" outcome=completed.no_final.no_provider_configured input_chars=22
2026-09-29T13:13:25.725215Z  INFO lingxi_service: request handled request_id=req-dbaee0af4d5c787f4fe721b217d2e54b method=POST path=/lingxi/v1/sessions/sess_local_alpha/execute status=200
2026-09-29T13:13:25.725896Z  INFO lingxi_service::sessions: run settled through the single finalize path run_id=run_000001a0ed4c73dd_000305 session_id="sess_local_alpha" outcome=completed.no_final.no_provider_configured input_chars=22
2026-09-29T13:13:25.726021Z  INFO lingxi_service: request handled request_id=req-2128b8c0ee97577c4381a6fbcb044fdb method=POST path=/lingxi/v1/sessions/sess_local_alpha/execute status=200
2026-09-29T13:13:25.726678Z  INFO lingxi_service::sessions: run settled through the single finalize path run_id=run_000001a0ed4c73de_000306 session_id="sess_local_alpha" outcome=completed.no_final.no_provider_configured input_chars=22
2026-09-29T13:13:25.726802Z  INFO lingxi_service: request handled request_id=req-192212dfe7d6b174b2ca5fb750a7d3bd method=POST path=/lingxi/v1/sessions/sess_local_alpha/execute status=200
2026-09-29T13:13:25.727438Z  INFO lingxi_service::sessions: run settled through the single finalize path run_id=run_000001a0ed4c73df_000307 session_id="sess_local_alpha" outcome=completed.no_final.no_provider_configured input_chars=22
2026-09-29T13:13:25.727562Z  INFO lingxi_service: request handled request_id=req-09fb785733e36b7bfadcc46f48a0cd3a method=POST path=/lingxi/v1/sessions/sess_local_alpha/execute status=200
2026-09-29T13:13:25.728196Z  INFO lingxi_service::sessions: run settled through the single finalize path run_id=run_000001a0ed4c73df_000308 session_id="sess_local_alpha" outcome=completed.no_final.no_provider_configured input_chars=22
2026-09-29T13:13:25.728320Z  INFO lingxi_service: request handled request_id=req-5eb52d372092aab04641d847d90eca4b method=POST path=/lingxi/v1/sessions/sess_local_alpha/execute status=200
2026-09-29T13:13:25.728981Z  INFO lingxi_service::sessions: run settled through the single finalize path run_id=run_000001a0ed4c73e0_000309 session_id="sess_local_alpha" outcome=completed.no_final.no_provider_configured input_chars=22
2026-09-29T13:13:25.729104Z  INFO lingxi_service: request handled request_id=req-082b7a0646b4a30e7ca093555c3ddd3a method=POST path=/lingxi/v1/sessions/sess_local_alpha/execute status=200
2026-09-29T13:13:25.729724Z  INFO lingxi_service::sessions: run settled through the single finalize path run_id=run_000001a0ed4c73e1_00030a session_id="sess_local_alpha" outcome=completed.no_final.no_provider_configured input_chars=22
2026-09-29T13:13:25.729849Z  INFO lingxi_service: request handled request_id=req-4b89b81ee0922cf4331fe6fb408fb50d method=POST path=/lingxi/v1/sessions/sess_local_alpha/execute status=200
2026-09-29T13:13:25.730458Z  INFO lingxi_service::sessions: run settled through the single finalize path run_id=run_000001a0ed4c73e2_00030b session_id="sess_local_alpha" outcome=completed.no_final.no_provider_configured input_chars=22
2026-09-29T13:13:25.730585Z  INFO lingxi_service: request handled request_id=req-50a95bb82b62f7767422919c3185790c method=POST path=/lingxi/v1/sessions/sess_local_alpha/execute status=200
2026-09-29T13:13:25.731235Z  INFO lingxi_service::sessions: run settled through the single finalize path run_id=run_000001a0ed4c73e2_00030c session_id="sess_local_alpha" outcome=completed.no_final.no_provider_configured input_chars=22
2026-09-29T13:13:25.731363Z  INFO lingxi_service: request handled request_id=req-f880178881659ec03a5d3ab1b2cff6a1 method=POST path=/lingxi/v1/sessions/sess_local_alpha/execute status=200
2026-09-29T13:13:25.732000Z  INFO lingxi_service::sessions: run settled through the single finalize path run_id=run_000001a0ed4c73e3_00030d session_id="sess_local_alpha" outcome=completed.no_final.no_provider_configured input_chars=22
2026-09-29T13:13:25.732134Z  INFO lingxi_service: request handled request_id=req-0065416400336721377cd5f30e747535 method=POST path=/lingxi/v1/sessions/sess_local_alpha/execute status=200
2026-09-29T13:13:25.732746Z  INFO lingxi_service::sessions: run settled through the single finalize path run_id=run_000001a0ed4c73e4_00030e session_id="sess_local_alpha" outcome=completed.no_final.no_provider_configured input_chars=22
2026-09-29T13:13:25.732874Z  INFO lingxi_service: request handled request_id=req-095c2e1eafbc933276c4224ed2e4ed4f method=POST path=/lingxi/v1/sessions/sess_local_alpha/execute status=200
2026-09-29T13:13:25.733521Z  INFO lingxi_service::sessions: run settled through the single finalize path run_id=run_000001a0ed4c73e5_00030f session_id="sess_local_alpha" outcome=completed.no_final.no_provider_configured input_chars=22
2026-09-29T13:13:25.733645Z  INFO lingxi_service: request handled request_id=req-b5dd4b01286fc1fc390282b4d6daedb4 method=POST path=/lingxi/v1/sessions/sess_local_alpha/execute status=200
2026-09-29T13:13:25.734270Z  INFO lingxi_service::sessions: run settled through the single finalize path run_id=run_000001a0ed4c73e5_000310 session_id="sess_local_alpha" outcome=completed.no_final.no_provider_configured input_chars=22
2026-09-29T13:13:25.734397Z  INFO lingxi_service: request handled request_id=req-48b80ecf7746c564159fb9cae8f7e852 method=POST path=/lingxi/v1/sessions/sess_local_alpha/execute status=200
2026-09-29T13:13:25.735061Z  INFO lingxi_service::sessions: run settled through the single finalize path run_id=run_000001a0ed4c73e6_000311 session_id="sess_local_alpha" outcome=completed.no_final.no_provider_configured input_chars=22
2026-09-29T13:13:25.735185Z  INFO lingxi_service: request handled request_id=req-6b2477fff0fc1afce17aa026226f1d8d method=POST path=/lingxi/v1/sessions/sess_local_alpha/execute status=200
2026-09-29T13:13:25.735818Z  INFO lingxi_service::sessions: run settled through the single finalize path run_id=run_000001a0ed4c73e7_000312 session_id="sess_local_alpha" outcome=completed.no_final.no_provider_configured input_chars=22
2026-09-29T13:13:25.735941Z  INFO lingxi_service: request handled request_id=req-9dcea42f2664a37304ef31d9ef78ccbe method=POST path=/lingxi/v1/sessions/sess_local_alpha/execute status=200
2026-09-29T13:13:25.736556Z  INFO lingxi_service::sessions: run settled through the single finalize path run_id=run_000001a0ed4c73e8_000313 session_id="sess_local_alpha" outcome=completed.no_final.no_provider_configured input_chars=22
2026-09-29T13:13:25.736683Z  INFO lingxi_service: request handled request_id=req-4ff66f281d2908b8d724b2dded5eeb6a method=POST path=/lingxi/v1/sessions/sess_local_alpha/execute status=200
2026-09-29T13:13:25.737311Z  INFO lingxi_service::sessions: run settled through the single finalize path run_id=run_000001a0ed4c73e8_000314 session_id="sess_local_alpha" outcome=completed.no_final.no_provider_configured input_chars=22
2026-09-29T13:13:25.737438Z  INFO lingxi_service: request handled request_id=req-6755036c8a8948ed3d6a8fab5386283a method=POST path=/lingxi/v1/sessions/sess_local_alpha/execute status=200
2026-09-29T13:13:25.738105Z  INFO lingxi_service::sessions: run settled through the single finalize path run_id=run_000001a0ed4c73e9_000315 session_id="sess_local_alpha" outcome=completed.no_final.no_provider_configured input_chars=22
2026-09-29T13:13:25.738229Z  INFO lingxi_service: request handled request_id=req-5e5dd16a0818bf7067999e3f0292e2fa method=POST path=/lingxi/v1/sessions/sess_local_alpha/execute status=200
2026-09-29T13:13:25.738855Z  INFO lingxi_service::sessions: run settled through the single finalize path run_id=run_000001a0ed4c73ea_000316 session_id="sess_local_alpha" outcome=completed.no_final.no_provider_configured input_chars=22
2026-09-29T13:13:25.738982Z  INFO lingxi_service: request handled request_id=req-113ac8b90ef6d6dd6a86ed068648b243 method=POST path=/lingxi/v1/sessions/sess_local_alpha/execute status=200
2026-09-29T13:13:25.739644Z  INFO lingxi_service::sessions: run settled through the single finalize path run_id=run_000001a0ed4c73eb_000317 session_id="sess_local_alpha" outcome=completed.no_final.no_provider_configured input_chars=22
2026-09-29T13:13:25.739777Z  INFO lingxi_service: request handled request_id=req-ff9f8e14e5b378abb7d1df3322db1c40 method=POST path=/lingxi/v1/sessions/sess_local_alpha/execute status=200
2026-09-29T13:13:25.741069Z  INFO lingxi_service::sessions: run settled through the single finalize path run_id=run_000001a0ed4c73ec_000318 session_id="sess_local_alpha" outcome=completed.no_final.no_provider_configured input_chars=22
2026-09-29T13:13:25.741205Z  INFO lingxi_service: request handled request_id=req-7494fc8589f36826080bdbab346c3fcf method=POST path=/lingxi/v1/sessions/sess_local_alpha/execute status=200
2026-09-29T13:13:25.741896Z  INFO lingxi_service::sessions: run settled through the single finalize path run_id=run_000001a0ed4c73ed_000319 session_id="sess_local_alpha" outcome=completed.no_final.no_provider_configured input_chars=22
2026-09-29T13:13:25.742024Z  INFO lingxi_service: request handled request_id=req-910c64e1cd8c6887580033fcd10a156c method=POST path=/lingxi/v1/sessions/sess_local_alpha/execute status=200
2026-09-29T13:13:25.742722Z  INFO lingxi_service::sessions: run settled through the single finalize path run_id=run_000001a0ed4c73ee_00031a session_id="sess_local_alpha" outcome=completed.no_final.no_provider_configured input_chars=22
2026-09-29T13:13:25.742851Z  INFO lingxi_service: request handled request_id=req-b26e9a1da04d541cbe9b17f45026ce43 method=POST path=/lingxi/v1/sessions/sess_local_alpha/execute status=200
2026-09-29T13:13:25.743491Z  INFO lingxi_service::sessions: run settled through the single finalize path run_id=run_000001a0ed4c73ef_00031b session_id="sess_local_alpha" outcome=completed.no_final.no_provider_configured input_chars=22
2026-09-29T13:13:25.743622Z  INFO lingxi_service: request handled request_id=req-61b394378c8739189c6fb7a5d53a2bd5 method=POST path=/lingxi/v1/sessions/sess_local_alpha/execute status=200
2026-09-29T13:13:25.744324Z  INFO lingxi_service::sessions: run settled through the single finalize path run_id=run_000001a0ed4c73ef_00031c session_id="sess_local_alpha" outcome=completed.no_final.no_provider_configured input_chars=22
2026-09-29T13:13:25.744452Z  INFO lingxi_service: request handled request_id=req-f9c33320ee3a27c17a6b185003d37e59 method=POST path=/lingxi/v1/sessions/sess_local_alpha/execute status=200
2026-09-29T13:13:25.745074Z  INFO lingxi_service::sessions: run settled through the single finalize path run_id=run_000001a0ed4c73f0_00031d session_id="sess_local_alpha" outcome=completed.no_final.no_provider_configured input_chars=22
2026-09-29T13:13:25.745201Z  INFO lingxi_service: request handled request_id=req-1f2df3628bd79dea1dca04a321f518aa method=POST path=/lingxi/v1/sessions/sess_local_alpha/execute status=200
2026-09-29T13:13:25.745848Z  INFO lingxi_service::sessions: run settled through the single finalize path run_id=run_000001a0ed4c73f1_00031e session_id="sess_local_alpha" outcome=completed.no_final.no_provider_configured input_chars=22
2026-09-29T13:13:25.745975Z  INFO lingxi_service: request handled request_id=req-a287ad07aecc97d70aba56f1d8262d12 method=POST path=/lingxi/v1/sessions/sess_local_alpha/execute status=200
2026-09-29T13:13:25.746597Z  INFO lingxi_service::sessions: run settled through the single finalize path run_id=run_000001a0ed4c73f2_00031f session_id="sess_local_alpha" outcome=completed.no_final.no_provider_configured input_chars=22
2026-09-29T13:13:25.746723Z  INFO lingxi_service: request handled request_id=req-95963ffc1ed5286948c77e678d3da606 method=POST path=/lingxi/v1/sessions/sess_local_alpha/execute status=200
2026-09-29T13:13:25.747351Z  INFO lingxi_service::sessions: run settled through the single finalize path run_id=run_000001a0ed4c73f2_000320 session_id="sess_local_alpha" outcome=completed.no_final.no_provider_configured input_chars=22
2026-09-29T13:13:25.747481Z  INFO lingxi_service: request handled request_id=req-ccd2c9b3293a0597469fb3ecc99a57d0 method=POST path=/lingxi/v1/sessions/sess_local_alpha/execute status=200
2026-09-29T13:13:25.748112Z  INFO lingxi_service::sessions: run settled through the single finalize path run_id=run_000001a0ed4c73f3_000321 session_id="sess_local_alpha" outcome=completed.no_final.no_provider_configured input_chars=22
2026-09-29T13:13:25.748237Z  INFO lingxi_service: request handled request_id=req-087d883253613cb6a4c88071d7a11467 method=POST path=/lingxi/v1/sessions/sess_local_alpha/execute status=200
2026-09-29T13:13:25.748871Z  INFO lingxi_service::sessions: run settled through the single finalize path run_id=run_000001a0ed4c73f4_000322 session_id="sess_local_alpha" outcome=completed.no_final.no_provider_configured input_chars=22
2026-09-29T13:13:25.748998Z  INFO lingxi_service: request handled request_id=req-d6e248fb760154ff07a217d82b564d2c method=POST path=/lingxi/v1/sessions/sess_local_alpha/execute status=200
2026-09-29T13:13:25.749628Z  INFO lingxi_service::sessions: run settled through the single finalize path run_id=run_000001a0ed4c73f5_000323 session_id="sess_local_alpha" outcome=completed.no_final.no_provider_configured input_chars=22
2026-09-29T13:13:25.749758Z  INFO lingxi_service: request handled request_id=req-ec5e4fd6d7d3f3ebc3bf6a29b89aab09 method=POST path=/lingxi/v1/sessions/sess_local_alpha/execute status=200
2026-09-29T13:13:25.750437Z  INFO lingxi_service::sessions: run settled through the single finalize path run_id=run_000001a0ed4c73f6_000324 session_id="sess_local_alpha" outcome=completed.no_final.no_provider_configured input_chars=22
2026-09-29T13:13:25.750564Z  INFO lingxi_service: request handled request_id=req-4b1ac78d5b27ee0bb8d7a8b3ec88eee5 method=POST path=/lingxi/v1/sessions/sess_local_alpha/execute status=200
2026-09-29T13:13:25.751168Z  INFO lingxi_service::sessions: run settled through the single finalize path run_id=run_000001a0ed4c73f6_000325 session_id="sess_local_alpha" outcome=completed.no_final.no_provider_configured input_chars=22
2026-09-29T13:13:25.751294Z  INFO lingxi_service: request handled request_id=req-05d3cad28bd990d4764a95e618e28e85 method=POST path=/lingxi/v1/sessions/sess_local_alpha/execute status=200
2026-09-29T13:13:25.751930Z  INFO lingxi_service::sessions: run settled through the single finalize path run_id=run_000001a0ed4c73f7_000326 session_id="sess_local_alpha" outcome=completed.no_final.no_provider_configured input_chars=22
2026-09-29T13:13:25.752058Z  INFO lingxi_service: request handled request_id=req-5b927f25f2164d6a0584d7c3d48a3649 method=POST path=/lingxi/v1/sessions/sess_local_alpha/execute status=200
2026-09-29T13:13:25.752753Z  INFO lingxi_service::sessions: run settled through the single finalize path run_id=run_000001a0ed4c73f8_000327 session_id="sess_local_alpha" outcome=completed.no_final.no_provider_configured input_chars=22
2026-09-29T13:13:25.752881Z  INFO lingxi_service: request handled request_id=req-06d30a35e8a4e6db442bd5919774e114 method=POST path=/lingxi/v1/sessions/sess_local_alpha/execute status=200
2026-09-29T13:13:25.753502Z  INFO lingxi_service::sessions: run settled through the single finalize path run_id=run_000001a0ed4c73f9_000328 session_id="sess_local_alpha" outcome=completed.no_final.no_provider_configured input_chars=22
2026-09-29T13:13:25.753628Z  INFO lingxi_service: request handled request_id=req-465624ef56ceba284ab080350d7a8a1b method=POST path=/lingxi/v1/sessions/sess_local_alpha/execute status=200
2026-09-29T13:13:25.754257Z  INFO lingxi_service::sessions: run settled through the single finalize path run_id=run_000001a0ed4c73f9_000329 session_id="sess_local_alpha" outcome=completed.no_final.no_provider_configured input_chars=22
2026-09-29T13:13:25.754383Z  INFO lingxi_service: request handled request_id=req-bdc0c97b3705b12717ba3f5d27e1634b method=POST path=/lingxi/v1/sessions/sess_local_alpha/execute status=200
2026-09-29T13:13:25.755001Z  INFO lingxi_service::sessions: run settled through the single finalize path run_id=run_000001a0ed4c73fa_00032a session_id="sess_local_alpha" outcome=completed.no_final.no_provider_configured input_chars=22
2026-09-29T13:13:25.755126Z  INFO lingxi_service: request handled request_id=req-bbf9ddeb93354e95f9160aa972285a94 method=POST path=/lingxi/v1/sessions/sess_local_alpha/execute status=200
2026-09-29T13:13:25.755736Z  INFO lingxi_service::sessions: run settled through the single finalize path run_id=run_000001a0ed4c73fb_00032b session_id="sess_local_alpha" outcome=completed.no_final.no_provider_configured input_chars=22
2026-09-29T13:13:25.755861Z  INFO lingxi_service: request handled request_id=req-c024bc9950d5b004d7ea6d5fa1d6dead method=POST path=/lingxi/v1/sessions/sess_local_alpha/execute status=200
2026-09-29T13:13:25.756536Z  INFO lingxi_service::sessions: run settled through the single finalize path run_id=run_000001a0ed4c73fc_00032c session_id="sess_local_alpha" outcome=completed.no_final.no_provider_configured input_chars=22
2026-09-29T13:13:25.756668Z  INFO lingxi_service: request handled request_id=req-4211e94518eb45eb2fa4f6581ace30f5 method=POST path=/lingxi/v1/sessions/sess_local_alpha/execute status=200
2026-09-29T13:13:25.757285Z  INFO lingxi_service::sessions: run settled through the single finalize path run_id=run_000001a0ed4c73fc_00032d session_id="sess_local_alpha" outcome=completed.no_final.no_provider_configured input_chars=22
2026-09-29T13:13:25.757414Z  INFO lingxi_service: request handled request_id=req-23effec18a44b6c54568a58d97ff56b2 method=POST path=/lingxi/v1/sessions/sess_local_alpha/execute status=200
2026-09-29T13:13:25.758039Z  INFO lingxi_service::sessions: run settled through the single finalize path run_id=run_000001a0ed4c73fd_00032e session_id="sess_local_alpha" outcome=completed.no_final.no_provider_configured input_chars=22
2026-09-29T13:13:25.758166Z  INFO lingxi_service: request handled request_id=req-ac21b6207237fd72d84064be44a1e246 method=POST path=/lingxi/v1/sessions/sess_local_alpha/execute status=200
2026-09-29T13:13:25.758783Z  INFO lingxi_service::sessions: run settled through the single finalize path run_id=run_000001a0ed4c73fe_00032f session_id="sess_local_alpha" outcome=completed.no_final.no_provider_configured input_chars=22
2026-09-29T13:13:25.758911Z  INFO lingxi_service: request handled request_id=req-ed773c1f86f5e9488af967e9e412a21f method=POST path=/lingxi/v1/sessions/sess_local_alpha/execute status=200
2026-09-29T13:13:25.759580Z  INFO lingxi_service::sessions: run settled through the single finalize path run_id=run_000001a0ed4c73ff_000330 session_id="sess_local_alpha" outcome=completed.no_final.no_provider_configured input_chars=22
2026-09-29T13:13:25.759712Z  INFO lingxi_service: request handled request_id=req-a438d677686834830d40af3c6b840891 method=POST path=/lingxi/v1/sessions/sess_local_alpha/execute status=200
2026-09-29T13:13:25.760367Z  INFO lingxi_service::sessions: run settled through the single finalize path run_id=run_000001a0ed4c73ff_000331 session_id="sess_local_alpha" outcome=completed.no_final.no_provider_configured input_chars=22
2026-09-29T13:13:25.760495Z  INFO lingxi_service: request handled request_id=req-3662d6d1b0fe398203cbd5dbe47173b3 method=POST path=/lingxi/v1/sessions/sess_local_alpha/execute status=200
2026-09-29T13:13:25.761132Z  INFO lingxi_service::sessions: run settled through the single finalize path run_id=run_000001a0ed4c7400_000332 session_id="sess_local_alpha" outcome=completed.no_final.no_provider_configured input_chars=22
2026-09-29T13:13:25.761260Z  INFO lingxi_service: request handled request_id=req-3fed11b2b56b15712a7c3b3804548367 method=POST path=/lingxi/v1/sessions/sess_local_alpha/execute status=200
2026-09-29T13:13:25.761927Z  INFO lingxi_service::sessions: run settled through the single finalize path run_id=run_000001a0ed4c7401_000333 session_id="sess_local_alpha" outcome=completed.no_final.no_provider_configured input_chars=22
2026-09-29T13:13:25.762056Z  INFO lingxi_service: request handled request_id=req-76759f6cfcb08c7d54d17dde68c76873 method=POST path=/lingxi/v1/sessions/sess_local_alpha/execute status=200
2026-09-29T13:13:25.762703Z  INFO lingxi_service::sessions: run settled through the single finalize path run_id=run_000001a0ed4c7402_000334 session_id="sess_local_alpha" outcome=completed.no_final.no_provider_configured input_chars=22
2026-09-29T13:13:25.762834Z  INFO lingxi_service: request handled request_id=req-47e1b42667db131d7f5e055f5f7b075d method=POST path=/lingxi/v1/sessions/sess_local_alpha/execute status=200
2026-09-29T13:13:25.763520Z  INFO lingxi_service::sessions: run settled through the single finalize path run_id=run_000001a0ed4c7403_000335 session_id="sess_local_alpha" outcome=completed.no_final.no_provider_configured input_chars=22
2026-09-29T13:13:25.763650Z  INFO lingxi_service: request handled request_id=req-02f9215d16449578356960b7fc200ee8 method=POST path=/lingxi/v1/sessions/sess_local_alpha/execute status=200
2026-09-29T13:13:25.764313Z  INFO lingxi_service::sessions: run settled through the single finalize path run_id=run_000001a0ed4c7403_000336 session_id="sess_local_alpha" outcome=completed.no_final.no_provider_configured input_chars=22
2026-09-29T13:13:25.764441Z  INFO lingxi_service: request handled request_id=req-0c4a5df31e31463b124d66a2d1c347ff method=POST path=/lingxi/v1/sessions/sess_local_alpha/execute status=200
2026-09-29T13:13:25.765056Z  INFO lingxi_service::sessions: run settled through the single finalize path run_id=run_000001a0ed4c7404_000337 session_id="sess_local_alpha" outcome=completed.no_final.no_provider_configured input_chars=22
2026-09-29T13:13:25.765185Z  INFO lingxi_service: request handled request_id=req-3798bdaf2cd4e6e9aedfb0b5eb1cd885 method=POST path=/lingxi/v1/sessions/sess_local_alpha/execute status=200
2026-09-29T13:13:25.765851Z  INFO lingxi_service::sessions: run settled through the single finalize path run_id=run_000001a0ed4c7405_000338 session_id="sess_local_alpha" outcome=completed.no_final.no_provider_configured input_chars=22
2026-09-29T13:13:25.765977Z  INFO lingxi_service: request handled request_id=req-07b100271f5a0e1d0828056919b3bb11 method=POST path=/lingxi/v1/sessions/sess_local_alpha/execute status=200
2026-09-29T13:13:25.766612Z  INFO lingxi_service::sessions: run settled through the single finalize path run_id=run_000001a0ed4c7406_000339 session_id="sess_local_alpha" outcome=completed.no_final.no_provider_configured input_chars=22
2026-09-29T13:13:25.766743Z  INFO lingxi_service: request handled request_id=req-0fa260db0c3da412212c5c443f34678d method=POST path=/lingxi/v1/sessions/sess_local_alpha/execute status=200
2026-09-29T13:13:25.767436Z  INFO lingxi_service::sessions: run settled through the single finalize path run_id=run_000001a0ed4c7406_00033a session_id="sess_local_alpha" outcome=completed.no_final.no_provider_configured input_chars=22
2026-09-29T13:13:25.767564Z  INFO lingxi_service: request handled request_id=req-76623e495486085b489451818e91509e method=POST path=/lingxi/v1/sessions/sess_local_alpha/execute status=200
2026-09-29T13:13:25.768226Z  INFO lingxi_service::sessions: run settled through the single finalize path run_id=run_000001a0ed4c7407_00033b session_id="sess_local_alpha" outcome=completed.no_final.no_provider_configured input_chars=22
2026-09-29T13:13:25.768354Z  INFO lingxi_service: request handled request_id=req-bd1c1b776f3e74c41c87a333f9154a9f method=POST path=/lingxi/v1/sessions/sess_local_alpha/execute status=200
2026-09-29T13:13:25.768966Z  INFO lingxi_service::sessions: run settled through the single finalize path run_id=run_000001a0ed4c7408_00033c session_id="sess_local_alpha" outcome=completed.no_final.no_provider_configured input_chars=22
2026-09-29T13:13:25.769093Z  INFO lingxi_service: request handled request_id=req-f6214e58a2cc7fb8a6ea84eb15aa8073 method=POST path=/lingxi/v1/sessions/sess_local_alpha/execute status=200
2026-09-29T13:13:25.769784Z  INFO lingxi_service::sessions: run settled through the single finalize path run_id=run_000001a0ed4c7409_00033d session_id="sess_local_alpha" outcome=completed.no_final.no_provider_configured input_chars=22
2026-09-29T13:13:25.769912Z  INFO lingxi_service: request handled request_id=req-951f474b881a2b1fe69d359dcf574dce method=POST path=/lingxi/v1/sessions/sess_local_alpha/execute status=200
2026-09-29T13:13:25.770523Z  INFO lingxi_service::sessions: run settled through the single finalize path run_id=run_000001a0ed4c740a_00033e session_id="sess_local_alpha" outcome=completed.no_final.no_provider_configured input_chars=22
2026-09-29T13:13:25.770657Z  INFO lingxi_service: request handled request_id=req-3c0c082d70ea8079d69776ae67dfcb5d method=POST path=/lingxi/v1/sessions/sess_local_alpha/execute status=200
2026-09-29T13:13:25.771272Z  INFO lingxi_service::sessions: run settled through the single finalize path run_id=run_000001a0ed4c740a_00033f session_id="sess_local_alpha" outcome=completed.no_final.no_provider_configured input_chars=22
2026-09-29T13:13:25.771403Z  INFO lingxi_service: request handled request_id=req-59b762e789d6c5986aad2915b0b5e0fd method=POST path=/lingxi/v1/sessions/sess_local_alpha/execute status=200
2026-09-29T13:13:25.772028Z  INFO lingxi_service::sessions: run settled through the single finalize path run_id=run_000001a0ed4c740b_000340 session_id="sess_local_alpha" outcome=completed.no_final.no_provider_configured input_chars=22
2026-09-29T13:13:25.772155Z  INFO lingxi_service: request handled request_id=req-70ae7faba36aa72488b2898c71fa20a4 method=POST path=/lingxi/v1/sessions/sess_local_alpha/execute status=200
2026-09-29T13:13:25.772826Z  INFO lingxi_service::sessions: run settled through the single finalize path run_id=run_000001a0ed4c740c_000341 session_id="sess_local_alpha" outcome=completed.no_final.no_provider_configured input_chars=22
2026-09-29T13:13:25.772954Z  INFO lingxi_service: request handled request_id=req-40456552442d6ebd682dce8abe0248aa method=POST path=/lingxi/v1/sessions/sess_local_alpha/execute status=200
2026-09-29T13:13:25.773590Z  INFO lingxi_service::sessions: run settled through the single finalize path run_id=run_000001a0ed4c740d_000342 session_id="sess_local_alpha" outcome=completed.no_final.no_provider_configured input_chars=22
2026-09-29T13:13:25.773718Z  INFO lingxi_service: request handled request_id=req-be61cabbd55cf57e77e25b4fb5d45918 method=POST path=/lingxi/v1/sessions/sess_local_alpha/execute status=200
2026-09-29T13:13:25.774377Z  INFO lingxi_service::sessions: run settled through the single finalize path run_id=run_000001a0ed4c740d_000343 session_id="sess_local_alpha" outcome=completed.no_final.no_provider_configured input_chars=22
2026-09-29T13:13:25.774504Z  INFO lingxi_service: request handled request_id=req-98385e4a78692f771b8c421cfcd00c68 method=POST path=/lingxi/v1/sessions/sess_local_alpha/execute status=200
2026-09-29T13:13:25.775232Z  INFO lingxi_service::sessions: run settled through the single finalize path run_id=run_000001a0ed4c740e_000344 session_id="sess_local_alpha" outcome=completed.no_final.no_provider_configured input_chars=22
2026-09-29T13:13:25.775363Z  INFO lingxi_service: request handled request_id=req-dca155d80717bd938539ed32222b162a method=POST path=/lingxi/v1/sessions/sess_local_alpha/execute status=200
2026-09-29T13:13:25.776071Z  INFO lingxi_service::sessions: run settled through the single finalize path run_id=run_000001a0ed4c740f_000345 session_id="sess_local_alpha" outcome=completed.no_final.no_provider_configured input_chars=22
2026-09-29T13:13:25.776208Z  INFO lingxi_service: request handled request_id=req-bade90660e17220cc8c610ccf5d3a2cf method=POST path=/lingxi/v1/sessions/sess_local_alpha/execute status=200
2026-09-29T13:13:25.776919Z  INFO lingxi_service::sessions: run settled through the single finalize path run_id=run_000001a0ed4c7410_000346 session_id="sess_local_alpha" outcome=completed.no_final.no_provider_configured input_chars=22
2026-09-29T13:13:25.777055Z  INFO lingxi_service: request handled request_id=req-b8e5f5826bd3762b5700c5253d444f42 method=POST path=/lingxi/v1/sessions/sess_local_alpha/execute status=200
2026-09-29T13:13:25.777722Z  INFO lingxi_service::sessions: run settled through the single finalize path run_id=run_000001a0ed4c7411_000347 session_id="sess_local_alpha" outcome=completed.no_final.no_provider_configured input_chars=22
2026-09-29T13:13:25.777852Z  INFO lingxi_service: request handled request_id=req-247d951de4e9e58d2b162e764dfd8fb8 method=POST path=/lingxi/v1/sessions/sess_local_alpha/execute status=200
2026-09-29T13:13:25.778485Z  INFO lingxi_service::sessions: run settled through the single finalize path run_id=run_000001a0ed4c7412_000348 session_id="sess_local_alpha" outcome=completed.no_final.no_provider_configured input_chars=22
2026-09-29T13:13:25.778613Z  INFO lingxi_service: request handled request_id=req-6c9e97b46c368325d99f52c06a38b439 method=POST path=/lingxi/v1/sessions/sess_local_alpha/execute status=200
2026-09-29T13:13:25.779758Z  INFO lingxi_service::sessions: run settled through the single finalize path run_id=run_000001a0ed4c7412_000349 session_id="sess_local_alpha" outcome=completed.no_final.no_provider_configured input_chars=22
2026-09-29T13:13:25.779887Z  INFO lingxi_service: request handled request_id=req-90a74ac846c6df34fd82d6b13aa20044 method=POST path=/lingxi/v1/sessions/sess_local_alpha/execute status=200
2026-09-29T13:13:25.780506Z  INFO lingxi_service::sessions: run settled through the single finalize path run_id=run_000001a0ed4c7414_00034a session_id="sess_local_alpha" outcome=completed.no_final.no_provider_configured input_chars=22
2026-09-29T13:13:25.780637Z  INFO lingxi_service: request handled request_id=req-0945316d504974f725ff510a854fb84c method=POST path=/lingxi/v1/sessions/sess_local_alpha/execute status=200
2026-09-29T13:13:25.781269Z  INFO lingxi_service::sessions: run settled through the single finalize path run_id=run_000001a0ed4c7414_00034b session_id="sess_local_alpha" outcome=completed.no_final.no_provider_configured input_chars=22
2026-09-29T13:13:25.781396Z  INFO lingxi_service: request handled request_id=req-a9fa64cf035962897d7061306c10a749 method=POST path=/lingxi/v1/sessions/sess_local_alpha/execute status=200
2026-09-29T13:13:25.782044Z  INFO lingxi_service::sessions: run settled through the single finalize path run_id=run_000001a0ed4c7415_00034c session_id="sess_local_alpha" outcome=completed.no_final.no_provider_configured input_chars=22
2026-09-29T13:13:25.782175Z  INFO lingxi_service: request handled request_id=req-aaa16d3eadb40103b4a0cddcf2f883f0 method=POST path=/lingxi/v1/sessions/sess_local_alpha/execute status=200
2026-09-29T13:13:25.782791Z  INFO lingxi_service::sessions: run settled through the single finalize path run_id=run_000001a0ed4c7416_00034d session_id="sess_local_alpha" outcome=completed.no_final.no_provider_configured input_chars=22
2026-09-29T13:13:25.782921Z  INFO lingxi_service: request handled request_id=req-a9e654cf3b16cc46b8204ba99808a1a5 method=POST path=/lingxi/v1/sessions/sess_local_alpha/execute status=200
2026-09-29T13:13:25.783580Z  INFO lingxi_service::sessions: run settled through the single finalize path run_id=run_000001a0ed4c7417_00034e session_id="sess_local_alpha" outcome=completed.no_final.no_provider_configured input_chars=22
2026-09-29T13:13:25.783709Z  INFO lingxi_service: request handled request_id=req-fe7eb06dcc7522ca5a3cd33c58ab46ec method=POST path=/lingxi/v1/sessions/sess_local_alpha/execute status=200
2026-09-29T13:13:25.784421Z  INFO lingxi_service::sessions: run settled through the single finalize path run_id=run_000001a0ed4c7417_00034f session_id="sess_local_alpha" outcome=completed.no_final.no_provider_configured input_chars=22
2026-09-29T13:13:25.784563Z  INFO lingxi_service: request handled request_id=req-b31ef7784fa8ecf7e8a88e3fa24c2b10 method=POST path=/lingxi/v1/sessions/sess_local_alpha/execute status=200
2026-09-29T13:13:25.785244Z  INFO lingxi_service::sessions: run settled through the single finalize path run_id=run_000001a0ed4c7418_000350 session_id="sess_local_alpha" outcome=completed.no_final.no_provider_configured input_chars=22
2026-09-29T13:13:25.785377Z  INFO lingxi_service: request handled request_id=req-d09c3f2ed86ce18d990c72f884be1de2 method=POST path=/lingxi/v1/sessions/sess_local_alpha/execute status=200
2026-09-29T13:13:25.786042Z  INFO lingxi_service::sessions: run settled through the single finalize path run_id=run_000001a0ed4c7419_000351 session_id="sess_local_alpha" outcome=completed.no_final.no_provider_configured input_chars=22
2026-09-29T13:13:25.786174Z  INFO lingxi_service: request handled request_id=req-7c6cccccfc4ef5e9bdd86fe1480731b4 method=POST path=/lingxi/v1/sessions/sess_local_alpha/execute status=200
2026-09-29T13:13:25.786842Z  INFO lingxi_service::sessions: run settled through the single finalize path run_id=run_000001a0ed4c741a_000352 session_id="sess_local_alpha" outcome=completed.no_final.no_provider_configured input_chars=22
2026-09-29T13:13:25.786970Z  INFO lingxi_service: request handled request_id=req-973c50793133594525f11cd4e58dfa65 method=POST path=/lingxi/v1/sessions/sess_local_alpha/execute status=200
2026-09-29T13:13:25.787768Z  INFO lingxi_service::sessions: run settled through the single finalize path run_id=run_000001a0ed4c741b_000353 session_id="sess_local_alpha" outcome=completed.no_final.no_provider_configured input_chars=22
2026-09-29T13:13:25.787897Z  INFO lingxi_service: request handled request_id=req-231261534293a3664b551142589a7b40 method=POST path=/lingxi/v1/sessions/sess_local_alpha/execute status=200
2026-09-29T13:13:25.788601Z  INFO lingxi_service::sessions: run settled through the single finalize path run_id=run_000001a0ed4c741c_000354 session_id="sess_local_alpha" outcome=completed.no_final.no_provider_configured input_chars=22
2026-09-29T13:13:25.788732Z  INFO lingxi_service: request handled request_id=req-6f4890b8a01ff15f2c8f8e1d244d5b31 method=POST path=/lingxi/v1/sessions/sess_local_alpha/execute status=200
2026-09-29T13:13:25.789449Z  INFO lingxi_service::sessions: run settled through the single finalize path run_id=run_000001a0ed4c741d_000355 session_id="sess_local_alpha" outcome=completed.no_final.no_provider_configured input_chars=22
2026-09-29T13:13:25.789579Z  INFO lingxi_service: request handled request_id=req-6c280b4284a4ef50834e4f0427157d9f method=POST path=/lingxi/v1/sessions/sess_local_alpha/execute status=200
2026-09-29T13:13:25.790297Z  INFO lingxi_service::sessions: run settled through the single finalize path run_id=run_000001a0ed4c741d_000356 session_id="sess_local_alpha" outcome=completed.no_final.no_provider_configured input_chars=22
2026-09-29T13:13:25.790427Z  INFO lingxi_service: request handled request_id=req-c23f647f2a7cc8df5e9080492b6b75d7 method=POST path=/lingxi/v1/sessions/sess_local_alpha/execute status=200
2026-09-29T13:13:25.791133Z  INFO lingxi_service::sessions: run settled through the single finalize path run_id=run_000001a0ed4c741e_000357 session_id="sess_local_alpha" outcome=completed.no_final.no_provider_configured input_chars=22
2026-09-29T13:13:25.791272Z  INFO lingxi_service: request handled request_id=req-abf1778a8b8b5fe23ce99b6257bb5ad3 method=POST path=/lingxi/v1/sessions/sess_local_alpha/execute status=200
2026-09-29T13:13:25.792045Z  INFO lingxi_service::sessions: run settled through the single finalize path run_id=run_000001a0ed4c741f_000358 session_id="sess_local_alpha" outcome=completed.no_final.no_provider_configured input_chars=22
2026-09-29T13:13:25.792178Z  INFO lingxi_service: request handled request_id=req-ed2bdd8e6b41154dcbce7e23678d38f5 method=POST path=/lingxi/v1/sessions/sess_local_alpha/execute status=200
2026-09-29T13:13:25.792897Z  INFO lingxi_service::sessions: run settled through the single finalize path run_id=run_000001a0ed4c7420_000359 session_id="sess_local_alpha" outcome=completed.no_final.no_provider_configured input_chars=22
2026-09-29T13:13:25.793028Z  INFO lingxi_service: request handled request_id=req-90fbd2efe8daccf71423d4d5c177542f method=POST path=/lingxi/v1/sessions/sess_local_alpha/execute status=200
2026-09-29T13:13:25.793697Z  INFO lingxi_service::sessions: run settled through the single finalize path run_id=run_000001a0ed4c7421_00035a session_id="sess_local_alpha" outcome=completed.no_final.no_provider_configured input_chars=22
2026-09-29T13:13:25.793826Z  INFO lingxi_service: request handled request_id=req-342b07a949e7ba8773a67906f14e92e9 method=POST path=/lingxi/v1/sessions/sess_local_alpha/execute status=200
2026-09-29T13:13:25.794512Z  INFO lingxi_service::sessions: run settled through the single finalize path run_id=run_000001a0ed4c7422_00035b session_id="sess_local_alpha" outcome=completed.no_final.no_provider_configured input_chars=22
2026-09-29T13:13:25.794648Z  INFO lingxi_service: request handled request_id=req-d7aa42f998140f17eb5b65d23a5e0f7b method=POST path=/lingxi/v1/sessions/sess_local_alpha/execute status=200
2026-09-29T13:13:25.795349Z  INFO lingxi_service::sessions: run settled through the single finalize path run_id=run_000001a0ed4c7422_00035c session_id="sess_local_alpha" outcome=completed.no_final.no_provider_configured input_chars=22
2026-09-29T13:13:25.795480Z  INFO lingxi_service: request handled request_id=req-7ad6b923ff54aeb70affd8726c5f1817 method=POST path=/lingxi/v1/sessions/sess_local_alpha/execute status=200
2026-09-29T13:13:25.796206Z  INFO lingxi_service::sessions: run settled through the single finalize path run_id=run_000001a0ed4c7423_00035d session_id="sess_local_alpha" outcome=completed.no_final.no_provider_configured input_chars=22
2026-09-29T13:13:25.796339Z  INFO lingxi_service: request handled request_id=req-c613285d921a6ae4e2b6d0198a1529cb method=POST path=/lingxi/v1/sessions/sess_local_alpha/execute status=200
2026-09-29T13:13:25.797053Z  INFO lingxi_service::sessions: run settled through the single finalize path run_id=run_000001a0ed4c7424_00035e session_id="sess_local_alpha" outcome=completed.no_final.no_provider_configured input_chars=22
2026-09-29T13:13:25.797183Z  INFO lingxi_service: request handled request_id=req-49497d2207971345c3889caa6eb8d027 method=POST path=/lingxi/v1/sessions/sess_local_alpha/execute status=200
2026-09-29T13:13:25.797868Z  INFO lingxi_service::sessions: run settled through the single finalize path run_id=run_000001a0ed4c7425_00035f session_id="sess_local_alpha" outcome=completed.no_final.no_provider_configured input_chars=22
2026-09-29T13:13:25.797998Z  INFO lingxi_service: request handled request_id=req-ba86b7d5fa1837f474b042db340e98a4 method=POST path=/lingxi/v1/sessions/sess_local_alpha/execute status=200
2026-09-29T13:13:25.798691Z  INFO lingxi_service::sessions: run settled through the single finalize path run_id=run_000001a0ed4c7426_000360 session_id="sess_local_alpha" outcome=completed.no_final.no_provider_configured input_chars=22
2026-09-29T13:13:25.798821Z  INFO lingxi_service: request handled request_id=req-c625a2cf1ae226e31027e5aa2925ced5 method=POST path=/lingxi/v1/sessions/sess_local_alpha/execute status=200
2026-09-29T13:13:25.799527Z  INFO lingxi_service::sessions: run settled through the single finalize path run_id=run_000001a0ed4c7427_000361 session_id="sess_local_alpha" outcome=completed.no_final.no_provider_configured input_chars=22
2026-09-29T13:13:25.799658Z  INFO lingxi_service: request handled request_id=req-fea9b4086f7bbd0f18ae28e0177d561e method=POST path=/lingxi/v1/sessions/sess_local_alpha/execute status=200
2026-09-29T13:13:25.800393Z  INFO lingxi_service::sessions: run settled through the single finalize path run_id=run_000001a0ed4c7427_000362 session_id="sess_local_alpha" outcome=completed.no_final.no_provider_configured input_chars=22
2026-09-29T13:13:25.800524Z  INFO lingxi_service: request handled request_id=req-80b543c5492e3a70dffcc2325409a3d1 method=POST path=/lingxi/v1/sessions/sess_local_alpha/execute status=200
2026-09-29T13:13:25.801250Z  INFO lingxi_service::sessions: run settled through the single finalize path run_id=run_000001a0ed4c7428_000363 session_id="sess_local_alpha" outcome=completed.no_final.no_provider_configured input_chars=22
2026-09-29T13:13:25.801380Z  INFO lingxi_service: request handled request_id=req-753a0a7fe34909d0c447473a7158e042 method=POST path=/lingxi/v1/sessions/sess_local_alpha/execute status=200
2026-09-29T13:13:25.802054Z  INFO lingxi_service::sessions: run settled through the single finalize path run_id=run_000001a0ed4c7429_000364 session_id="sess_local_alpha" outcome=completed.no_final.no_provider_configured input_chars=22
2026-09-29T13:13:25.802185Z  INFO lingxi_service: request handled request_id=req-d8cd083f2845bc453245761c3dd200dd method=POST path=/lingxi/v1/sessions/sess_local_alpha/execute status=200
2026-09-29T13:13:25.802868Z  INFO lingxi_service::sessions: run settled through the single finalize path run_id=run_000001a0ed4c742a_000365 session_id="sess_local_alpha" outcome=completed.no_final.no_provider_configured input_chars=22
2026-09-29T13:13:25.802998Z  INFO lingxi_service: request handled request_id=req-d02c9f1789a74a4a8de90455bde2c4cf method=POST path=/lingxi/v1/sessions/sess_local_alpha/execute status=200
2026-09-29T13:13:25.803720Z  INFO lingxi_service::sessions: run settled through the single finalize path run_id=run_000001a0ed4c742b_000366 session_id="sess_local_alpha" outcome=completed.no_final.no_provider_configured input_chars=22
2026-09-29T13:13:25.803851Z  INFO lingxi_service: request handled request_id=req-8cad70005b9cdf0d0ba4fffd8695d5ad method=POST path=/lingxi/v1/sessions/sess_local_alpha/execute status=200
2026-09-29T13:13:25.804598Z  INFO lingxi_service::sessions: run settled through the single finalize path run_id=run_000001a0ed4c742c_000367 session_id="sess_local_alpha" outcome=completed.no_final.no_provider_configured input_chars=22
2026-09-29T13:13:25.804729Z  INFO lingxi_service: request handled request_id=req-bfd96ca2af54f8bc1bc1ff68b93af321 method=POST path=/lingxi/v1/sessions/sess_local_alpha/execute status=200
2026-09-29T13:13:25.805396Z  INFO lingxi_service::sessions: run settled through the single finalize path run_id=run_000001a0ed4c742d_000368 session_id="sess_local_alpha" outcome=completed.no_final.no_provider_configured input_chars=22
2026-09-29T13:13:25.805525Z  INFO lingxi_service: request handled request_id=req-1d54ce6ec4f8072696d52c5670c391e9 method=POST path=/lingxi/v1/sessions/sess_local_alpha/execute status=200
2026-09-29T13:13:25.806206Z  INFO lingxi_service::sessions: run settled through the single finalize path run_id=run_000001a0ed4c742d_000369 session_id="sess_local_alpha" outcome=completed.no_final.no_provider_configured input_chars=22
2026-09-29T13:13:25.806338Z  INFO lingxi_service: request handled request_id=req-c7049466068881e3a8b918d06f16831a method=POST path=/lingxi/v1/sessions/sess_local_alpha/execute status=200
2026-09-29T13:13:25.807059Z  INFO lingxi_service::sessions: run settled through the single finalize path run_id=run_000001a0ed4c742e_00036a session_id="sess_local_alpha" outcome=completed.no_final.no_provider_configured input_chars=22
2026-09-29T13:13:25.807191Z  INFO lingxi_service: request handled request_id=req-ea515bf7468bfaa55081a7154781674e method=POST path=/lingxi/v1/sessions/sess_local_alpha/execute status=200
2026-09-29T13:13:25.807856Z  INFO lingxi_service::sessions: run settled through the single finalize path run_id=run_000001a0ed4c742f_00036b session_id="sess_local_alpha" outcome=completed.no_final.no_provider_configured input_chars=22
2026-09-29T13:13:25.807987Z  INFO lingxi_service: request handled request_id=req-133de97910b22bee07255cd9c7fedfe5 method=POST path=/lingxi/v1/sessions/sess_local_alpha/execute status=200
2026-09-29T13:13:25.808687Z  INFO lingxi_service::sessions: run settled through the single finalize path run_id=run_000001a0ed4c7430_00036c session_id="sess_local_alpha" outcome=completed.no_final.no_provider_configured input_chars=22
2026-09-29T13:13:25.808817Z  INFO lingxi_service: request handled request_id=req-cbc958449724ac590ca5930ba845fad9 method=POST path=/lingxi/v1/sessions/sess_local_alpha/execute status=200
2026-09-29T13:13:25.809512Z  INFO lingxi_service::sessions: run settled through the single finalize path run_id=run_000001a0ed4c7431_00036d session_id="sess_local_alpha" outcome=completed.no_final.no_provider_configured input_chars=22
2026-09-29T13:13:25.809642Z  INFO lingxi_service: request handled request_id=req-840ed9738622cf3269cc68110166723c method=POST path=/lingxi/v1/sessions/sess_local_alpha/execute status=200
2026-09-29T13:13:25.810312Z  INFO lingxi_service::sessions: run settled through the single finalize path run_id=run_000001a0ed4c7431_00036e session_id="sess_local_alpha" outcome=completed.no_final.no_provider_configured input_chars=22
2026-09-29T13:13:25.810446Z  INFO lingxi_service: request handled request_id=req-5d231224ceeaf356b64b2fe84d705e07 method=POST path=/lingxi/v1/sessions/sess_local_alpha/execute status=200
2026-09-29T13:13:25.811126Z  INFO lingxi_service::sessions: run settled through the single finalize path run_id=run_000001a0ed4c7432_00036f session_id="sess_local_alpha" outcome=completed.no_final.no_provider_configured input_chars=22
2026-09-29T13:13:25.811257Z  INFO lingxi_service: request handled request_id=req-b6fe370d7d69088ea7e7d9faa994a350 method=POST path=/lingxi/v1/sessions/sess_local_alpha/execute status=200
2026-09-29T13:13:25.811938Z  INFO lingxi_service::sessions: run settled through the single finalize path run_id=run_000001a0ed4c7433_000370 session_id="sess_local_alpha" outcome=completed.no_final.no_provider_configured input_chars=22
2026-09-29T13:13:25.812068Z  INFO lingxi_service: request handled request_id=req-fe52b49eb642961d3e0c7c2c145baa18 method=POST path=/lingxi/v1/sessions/sess_local_alpha/execute status=200
2026-09-29T13:13:25.812790Z  INFO lingxi_service::sessions: run settled through the single finalize path run_id=run_000001a0ed4c7434_000371 session_id="sess_local_alpha" outcome=completed.no_final.no_provider_configured input_chars=22
2026-09-29T13:13:25.812923Z  INFO lingxi_service: request handled request_id=req-a113ef7bce9ce5548a9f8fbb5ab1a6ca method=POST path=/lingxi/v1/sessions/sess_local_alpha/execute status=200
2026-09-29T13:13:25.813605Z  INFO lingxi_service::sessions: run settled through the single finalize path run_id=run_000001a0ed4c7435_000372 session_id="sess_local_alpha" outcome=completed.no_final.no_provider_configured input_chars=22
2026-09-29T13:13:25.813736Z  INFO lingxi_service: request handled request_id=req-772d4599ac45ecd14a370cf884fa02d7 method=POST path=/lingxi/v1/sessions/sess_local_alpha/execute status=200
2026-09-29T13:13:25.814417Z  INFO lingxi_service::sessions: run settled through the single finalize path run_id=run_000001a0ed4c7436_000373 session_id="sess_local_alpha" outcome=completed.no_final.no_provider_configured input_chars=22
2026-09-29T13:13:25.814548Z  INFO lingxi_service: request handled request_id=req-702b84b2690271e1797ca27dd4824a20 method=POST path=/lingxi/v1/sessions/sess_local_alpha/execute status=200
2026-09-29T13:13:25.815220Z  INFO lingxi_service::sessions: run settled through the single finalize path run_id=run_000001a0ed4c7436_000374 session_id="sess_local_alpha" outcome=completed.no_final.no_provider_configured input_chars=22
2026-09-29T13:13:25.815351Z  INFO lingxi_service: request handled request_id=req-07faf49606767af26a5182ab8f4862bc method=POST path=/lingxi/v1/sessions/sess_local_alpha/execute status=200
2026-09-29T13:13:25.816032Z  INFO lingxi_service::sessions: run settled through the single finalize path run_id=run_000001a0ed4c7437_000375 session_id="sess_local_alpha" outcome=completed.no_final.no_provider_configured input_chars=22
2026-09-29T13:13:25.816164Z  INFO lingxi_service: request handled request_id=req-2213e52d03a9a35ecd70759dabaf1477 method=POST path=/lingxi/v1/sessions/sess_local_alpha/execute status=200
2026-09-29T13:13:25.816840Z  INFO lingxi_service::sessions: run settled through the single finalize path run_id=run_000001a0ed4c7438_000376 session_id="sess_local_alpha" outcome=completed.no_final.no_provider_configured input_chars=22
2026-09-29T13:13:25.816971Z  INFO lingxi_service: request handled request_id=req-a8e5e0cb7b77dd29a816048d061e4f57 method=POST path=/lingxi/v1/sessions/sess_local_alpha/execute status=200
2026-09-29T13:13:25.817638Z  INFO lingxi_service::sessions: run settled through the single finalize path run_id=run_000001a0ed4c7439_000377 session_id="sess_local_alpha" outcome=completed.no_final.no_provider_configured input_chars=22
2026-09-29T13:13:25.817770Z  INFO lingxi_service: request handled request_id=req-422472eb85760d7d8c0683a16686fe25 method=POST path=/lingxi/v1/sessions/sess_local_alpha/execute status=200
2026-09-29T13:13:25.818439Z  INFO lingxi_service::sessions: run settled through the single finalize path run_id=run_000001a0ed4c743a_000378 session_id="sess_local_alpha" outcome=completed.no_final.no_provider_configured input_chars=22
2026-09-29T13:13:25.818569Z  INFO lingxi_service: request handled request_id=req-25c5df6f8569b8cbe9c550581616eb08 method=POST path=/lingxi/v1/sessions/sess_local_alpha/execute status=200
2026-09-29T13:13:25.819311Z  INFO lingxi_service::sessions: run settled through the single finalize path run_id=run_000001a0ed4c743a_000379 session_id="sess_local_alpha" outcome=completed.no_final.no_provider_configured input_chars=22
2026-09-29T13:13:25.819441Z  INFO lingxi_service: request handled request_id=req-7a8ef8526b8b2e9c6d22e2648edd56ad method=POST path=/lingxi/v1/sessions/sess_local_alpha/execute status=200
2026-09-29T13:13:25.820519Z  INFO lingxi_service::sessions: run settled through the single finalize path run_id=run_000001a0ed4c743b_00037a session_id="sess_local_alpha" outcome=completed.no_final.no_provider_configured input_chars=22
2026-09-29T13:13:25.820653Z  INFO lingxi_service: request handled request_id=req-f79ae79585cd0ae4e029cf6bcced88ff method=POST path=/lingxi/v1/sessions/sess_local_alpha/execute status=200
2026-09-29T13:13:25.821397Z  INFO lingxi_service::sessions: run settled through the single finalize path run_id=run_000001a0ed4c743c_00037b session_id="sess_local_alpha" outcome=completed.no_final.no_provider_configured input_chars=22
2026-09-29T13:13:25.821530Z  INFO lingxi_service: request handled request_id=req-5094785d12884958b7cfb75eb28eb153 method=POST path=/lingxi/v1/sessions/sess_local_alpha/execute status=200
2026-09-29T13:13:25.822200Z  INFO lingxi_service::sessions: run settled through the single finalize path run_id=run_000001a0ed4c743d_00037c session_id="sess_local_alpha" outcome=completed.no_final.no_provider_configured input_chars=22
2026-09-29T13:13:25.822332Z  INFO lingxi_service: request handled request_id=req-204f9f32a3ecaff80a353a1962a31103 method=POST path=/lingxi/v1/sessions/sess_local_alpha/execute status=200
2026-09-29T13:13:25.823029Z  INFO lingxi_service::sessions: run settled through the single finalize path run_id=run_000001a0ed4c743e_00037d session_id="sess_local_alpha" outcome=completed.no_final.no_provider_configured input_chars=22
2026-09-29T13:13:25.823159Z  INFO lingxi_service: request handled request_id=req-bee91a83c8c24dad7f9bb79d409c1ec2 method=POST path=/lingxi/v1/sessions/sess_local_alpha/execute status=200
2026-09-29T13:13:25.823859Z  INFO lingxi_service::sessions: run settled through the single finalize path run_id=run_000001a0ed4c743f_00037e session_id="sess_local_alpha" outcome=completed.no_final.no_provider_configured input_chars=22
2026-09-29T13:13:25.823990Z  INFO lingxi_service: request handled request_id=req-5e84e65e4ce2e5e4fd2547cee61fd7d6 method=POST path=/lingxi/v1/sessions/sess_local_alpha/execute status=200
2026-09-29T13:13:25.824658Z  INFO lingxi_service::sessions: run settled through the single finalize path run_id=run_000001a0ed4c7440_00037f session_id="sess_local_alpha" outcome=completed.no_final.no_provider_configured input_chars=22
2026-09-29T13:13:25.824790Z  INFO lingxi_service: request handled request_id=req-b99296594ff0acd6cd9daa160451b64e method=POST path=/lingxi/v1/sessions/sess_local_alpha/execute status=200
2026-09-29T13:13:25.825502Z  INFO lingxi_service::sessions: run settled through the single finalize path run_id=run_000001a0ed4c7441_000380 session_id="sess_local_alpha" outcome=completed.no_final.no_provider_configured input_chars=22
2026-09-29T13:13:25.825633Z  INFO lingxi_service: request handled request_id=req-1eb05ec82d619e353e38e8f296131cb7 method=POST path=/lingxi/v1/sessions/sess_local_alpha/execute status=200
2026-09-29T13:13:25.826358Z  INFO lingxi_service::sessions: run settled through the single finalize path run_id=run_000001a0ed4c7441_000381 session_id="sess_local_alpha" outcome=completed.no_final.no_provider_configured input_chars=22
2026-09-29T13:13:25.826490Z  INFO lingxi_service: request handled request_id=req-3151cbaceb36ce72393baaff2b84eb8c method=POST path=/lingxi/v1/sessions/sess_local_alpha/execute status=200
2026-09-29T13:13:25.827169Z  INFO lingxi_service::sessions: run settled through the single finalize path run_id=run_000001a0ed4c7442_000382 session_id="sess_local_alpha" outcome=completed.no_final.no_provider_configured input_chars=22
2026-09-29T13:13:25.827301Z  INFO lingxi_service: request handled request_id=req-6d8aa9a1b230cd1e5042c02a70f3fc38 method=POST path=/lingxi/v1/sessions/sess_local_alpha/execute status=200
2026-09-29T13:13:25.828060Z  INFO lingxi_service::sessions: run settled through the single finalize path run_id=run_000001a0ed4c7443_000383 session_id="sess_local_alpha" outcome=completed.no_final.no_provider_configured input_chars=22
2026-09-29T13:13:25.828194Z  INFO lingxi_service: request handled request_id=req-5ab7ceb4b38ce53b1b713af18fafcb28 method=POST path=/lingxi/v1/sessions/sess_local_alpha/execute status=200
2026-09-29T13:13:25.828910Z  INFO lingxi_service::sessions: run settled through the single finalize path run_id=run_000001a0ed4c7444_000384 session_id="sess_local_alpha" outcome=completed.no_final.no_provider_configured input_chars=22
2026-09-29T13:13:25.829047Z  INFO lingxi_service: request handled request_id=req-e2ca0aca942994533f6c328418a20f51 method=POST path=/lingxi/v1/sessions/sess_local_alpha/execute status=200
2026-09-29T13:13:25.829759Z  INFO lingxi_service::sessions: run settled through the single finalize path run_id=run_000001a0ed4c7445_000385 session_id="sess_local_alpha" outcome=completed.no_final.no_provider_configured input_chars=22
2026-09-29T13:13:25.829890Z  INFO lingxi_service: request handled request_id=req-fc5aafc90cd3d70ab5ebc33cde6e4973 method=POST path=/lingxi/v1/sessions/sess_local_alpha/execute status=200
2026-09-29T13:13:25.830619Z  INFO lingxi_service::sessions: run settled through the single finalize path run_id=run_000001a0ed4c7446_000386 session_id="sess_local_alpha" outcome=completed.no_final.no_provider_configured input_chars=22
2026-09-29T13:13:25.830751Z  INFO lingxi_service: request handled request_id=req-d4d8abf6605fa249d22334641a542c73 method=POST path=/lingxi/v1/sessions/sess_local_alpha/execute status=200
2026-09-29T13:13:25.831532Z  INFO lingxi_service::sessions: run settled through the single finalize path run_id=run_000001a0ed4c7447_000387 session_id="sess_local_alpha" outcome=completed.no_final.no_provider_configured input_chars=22
2026-09-29T13:13:25.831663Z  INFO lingxi_service: request handled request_id=req-1f9cb1f461fcc9a865b20b2bf9db0f61 method=POST path=/lingxi/v1/sessions/sess_local_alpha/execute status=200
2026-09-29T13:13:25.832396Z  INFO lingxi_service::sessions: run settled through the single finalize path run_id=run_000001a0ed4c7447_000388 session_id="sess_local_alpha" outcome=completed.no_final.no_provider_configured input_chars=22
2026-09-29T13:13:25.832527Z  INFO lingxi_service: request handled request_id=req-990b8b53f8b6256fae3e039563e17057 method=POST path=/lingxi/v1/sessions/sess_local_alpha/execute status=200
2026-09-29T13:13:25.833251Z  INFO lingxi_service::sessions: run settled through the single finalize path run_id=run_000001a0ed4c7448_000389 session_id="sess_local_alpha" outcome=completed.no_final.no_provider_configured input_chars=22
2026-09-29T13:13:25.833381Z  INFO lingxi_service: request handled request_id=req-b0c400464da61eeb4ecd2ac5e60142bb method=POST path=/lingxi/v1/sessions/sess_local_alpha/execute status=200
2026-09-29T13:13:25.834097Z  INFO lingxi_service::sessions: run settled through the single finalize path run_id=run_000001a0ed4c7449_00038a session_id="sess_local_alpha" outcome=completed.no_final.no_provider_configured input_chars=22
2026-09-29T13:13:25.834233Z  INFO lingxi_service: request handled request_id=req-47e8dd176bf51e7216066f923a9e5245 method=POST path=/lingxi/v1/sessions/sess_local_alpha/execute status=200
2026-09-29T13:13:25.834930Z  INFO lingxi_service::sessions: run settled through the single finalize path run_id=run_000001a0ed4c744a_00038b session_id="sess_local_alpha" outcome=completed.no_final.no_provider_configured input_chars=22
2026-09-29T13:13:25.835068Z  INFO lingxi_service: request handled request_id=req-d754e62569c841027a05531ad024e651 method=POST path=/lingxi/v1/sessions/sess_local_alpha/execute status=200
2026-09-29T13:13:25.835761Z  INFO lingxi_service::sessions: run settled through the single finalize path run_id=run_000001a0ed4c744b_00038c session_id="sess_local_alpha" outcome=completed.no_final.no_provider_configured input_chars=22
2026-09-29T13:13:25.835894Z  INFO lingxi_service: request handled request_id=req-9e07295b2cdb8c1832267325f7f9f60e method=POST path=/lingxi/v1/sessions/sess_local_alpha/execute status=200
2026-09-29T13:13:25.836597Z  INFO lingxi_service::sessions: run settled through the single finalize path run_id=run_000001a0ed4c744c_00038d session_id="sess_local_alpha" outcome=completed.no_final.no_provider_configured input_chars=22
2026-09-29T13:13:25.836728Z  INFO lingxi_service: request handled request_id=req-d442a4fb611cddacadaf046e16d4387c method=POST path=/lingxi/v1/sessions/sess_local_alpha/execute status=200
2026-09-29T13:13:25.837469Z  INFO lingxi_service::sessions: run settled through the single finalize path run_id=run_000001a0ed4c744d_00038e session_id="sess_local_alpha" outcome=completed.no_final.no_provider_configured input_chars=22
2026-09-29T13:13:25.837601Z  INFO lingxi_service: request handled request_id=req-7d705f85e12e65f29b028dbb0d2a5eb1 method=POST path=/lingxi/v1/sessions/sess_local_alpha/execute status=200
2026-09-29T13:13:25.838293Z  INFO lingxi_service::sessions: run settled through the single finalize path run_id=run_000001a0ed4c744d_00038f session_id="sess_local_alpha" outcome=completed.no_final.no_provider_configured input_chars=22
2026-09-29T13:13:25.838431Z  INFO lingxi_service: request handled request_id=req-a6e154310171dc7fa350c69569e08a4b method=POST path=/lingxi/v1/sessions/sess_local_alpha/execute status=200
2026-09-29T13:13:25.839134Z  INFO lingxi_service::sessions: run settled through the single finalize path run_id=run_000001a0ed4c744e_000390 session_id="sess_local_alpha" outcome=completed.no_final.no_provider_configured input_chars=22
2026-09-29T13:13:25.839267Z  INFO lingxi_service: request handled request_id=req-be262b7697b89f3ba730adbfc8ac6ae2 method=POST path=/lingxi/v1/sessions/sess_local_alpha/execute status=200
2026-09-29T13:13:25.839974Z  INFO lingxi_service::sessions: run settled through the single finalize path run_id=run_000001a0ed4c744f_000391 session_id="sess_local_alpha" outcome=completed.no_final.no_provider_configured input_chars=22
2026-09-29T13:13:25.840109Z  INFO lingxi_service: request handled request_id=req-5b277cc9cdefec67b8faf17817737948 method=POST path=/lingxi/v1/sessions/sess_local_alpha/execute status=200
2026-09-29T13:13:25.840804Z  INFO lingxi_service::sessions: run settled through the single finalize path run_id=run_000001a0ed4c7450_000392 session_id="sess_local_alpha" outcome=completed.no_final.no_provider_configured input_chars=22
2026-09-29T13:13:25.840936Z  INFO lingxi_service: request handled request_id=req-724c917873c090779fd17c3adb5b440b method=POST path=/lingxi/v1/sessions/sess_local_alpha/execute status=200
2026-09-29T13:13:25.841613Z  INFO lingxi_service::sessions: run settled through the single finalize path run_id=run_000001a0ed4c7451_000393 session_id="sess_local_alpha" outcome=completed.no_final.no_provider_configured input_chars=22
2026-09-29T13:13:25.841746Z  INFO lingxi_service: request handled request_id=req-4f2c09778ffb3bd960746faeed715462 method=POST path=/lingxi/v1/sessions/sess_local_alpha/execute status=200
2026-09-29T13:13:25.842440Z  INFO lingxi_service::sessions: run settled through the single finalize path run_id=run_000001a0ed4c7452_000394 session_id="sess_local_alpha" outcome=completed.no_final.no_provider_configured input_chars=22
2026-09-29T13:13:25.842573Z  INFO lingxi_service: request handled request_id=req-b8446357a94555547befe4b8c9153ca5 method=POST path=/lingxi/v1/sessions/sess_local_alpha/execute status=200
2026-09-29T13:13:25.843269Z  INFO lingxi_service::sessions: run settled through the single finalize path run_id=run_000001a0ed4c7452_000395 session_id="sess_local_alpha" outcome=completed.no_final.no_provider_configured input_chars=22
2026-09-29T13:13:25.843402Z  INFO lingxi_service: request handled request_id=req-c6b545e790e355dc94d490db2c770ebd method=POST path=/lingxi/v1/sessions/sess_local_alpha/execute status=200
2026-09-29T13:13:25.844110Z  INFO lingxi_service::sessions: run settled through the single finalize path run_id=run_000001a0ed4c7453_000396 session_id="sess_local_alpha" outcome=completed.no_final.no_provider_configured input_chars=22
2026-09-29T13:13:25.844243Z  INFO lingxi_service: request handled request_id=req-60eb1513ef2aa16e8d0b8454c0384863 method=POST path=/lingxi/v1/sessions/sess_local_alpha/execute status=200
2026-09-29T13:13:25.844929Z  INFO lingxi_service::sessions: run settled through the single finalize path run_id=run_000001a0ed4c7454_000397 session_id="sess_local_alpha" outcome=completed.no_final.no_provider_configured input_chars=22
2026-09-29T13:13:25.845064Z  INFO lingxi_service: request handled request_id=req-cb1ccb86c00ae28bf6da99a09993ffe4 method=POST path=/lingxi/v1/sessions/sess_local_alpha/execute status=200
2026-09-29T13:13:25.845759Z  INFO lingxi_service::sessions: run settled through the single finalize path run_id=run_000001a0ed4c7455_000398 session_id="sess_local_alpha" outcome=completed.no_final.no_provider_configured input_chars=22
2026-09-29T13:13:25.845893Z  INFO lingxi_service: request handled request_id=req-12a42bdce628cd3becab8aedd16eee88 method=POST path=/lingxi/v1/sessions/sess_local_alpha/execute status=200
2026-09-29T13:13:25.846597Z  INFO lingxi_service::sessions: run settled through the single finalize path run_id=run_000001a0ed4c7456_000399 session_id="sess_local_alpha" outcome=completed.no_final.no_provider_configured input_chars=22
2026-09-29T13:13:25.846728Z  INFO lingxi_service: request handled request_id=req-a6ebd1ed6b18a8ead5342c70e59636ac method=POST path=/lingxi/v1/sessions/sess_local_alpha/execute status=200
2026-09-29T13:13:25.847417Z  INFO lingxi_service::sessions: run settled through the single finalize path run_id=run_000001a0ed4c7457_00039a session_id="sess_local_alpha" outcome=completed.no_final.no_provider_configured input_chars=22
2026-09-29T13:13:25.847550Z  INFO lingxi_service: request handled request_id=req-e604fb7d85538095ee5e213e8925356a method=POST path=/lingxi/v1/sessions/sess_local_alpha/execute status=200
2026-09-29T13:13:25.848244Z  INFO lingxi_service::sessions: run settled through the single finalize path run_id=run_000001a0ed4c7457_00039b session_id="sess_local_alpha" outcome=completed.no_final.no_provider_configured input_chars=22
2026-09-29T13:13:25.848379Z  INFO lingxi_service: request handled request_id=req-9196bdc741d6d3224e84de755b798e72 method=POST path=/lingxi/v1/sessions/sess_local_alpha/execute status=200
2026-09-29T13:13:25.849059Z  INFO lingxi_service::sessions: run settled through the single finalize path run_id=run_000001a0ed4c7458_00039c session_id="sess_local_alpha" outcome=completed.no_final.no_provider_configured input_chars=22
2026-09-29T13:13:25.849192Z  INFO lingxi_service: request handled request_id=req-1db9c7d5958238580ffece2cd411df3a method=POST path=/lingxi/v1/sessions/sess_local_alpha/execute status=200
2026-09-29T13:13:25.849876Z  INFO lingxi_service::sessions: run settled through the single finalize path run_id=run_000001a0ed4c7459_00039d session_id="sess_local_alpha" outcome=completed.no_final.no_provider_configured input_chars=22
2026-09-29T13:13:25.850013Z  INFO lingxi_service: request handled request_id=req-c586df6157dc3f36e9afb8a4c0f2f289 method=POST path=/lingxi/v1/sessions/sess_local_alpha/execute status=200
2026-09-29T13:13:25.850726Z  INFO lingxi_service::sessions: run settled through the single finalize path run_id=run_000001a0ed4c745a_00039e session_id="sess_local_alpha" outcome=completed.no_final.no_provider_configured input_chars=22
2026-09-29T13:13:25.850860Z  INFO lingxi_service: request handled request_id=req-ed22fe914f3f2203419d21abff248c95 method=POST path=/lingxi/v1/sessions/sess_local_alpha/execute status=200
2026-09-29T13:13:25.851574Z  INFO lingxi_service::sessions: run settled through the single finalize path run_id=run_000001a0ed4c745b_00039f session_id="sess_local_alpha" outcome=completed.no_final.no_provider_configured input_chars=22
2026-09-29T13:13:25.851705Z  INFO lingxi_service: request handled request_id=req-f5f250b5bbc81dc449c1619109024533 method=POST path=/lingxi/v1/sessions/sess_local_alpha/execute status=200
2026-09-29T13:13:25.852388Z  INFO lingxi_service::sessions: run settled through the single finalize path run_id=run_000001a0ed4c745c_0003a0 session_id="sess_local_alpha" outcome=completed.no_final.no_provider_configured input_chars=22
2026-09-29T13:13:25.852521Z  INFO lingxi_service: request handled request_id=req-6dd7e5d341de38d3d45c51939c0144c8 method=POST path=/lingxi/v1/sessions/sess_local_alpha/execute status=200
2026-09-29T13:13:25.853243Z  INFO lingxi_service::sessions: run settled through the single finalize path run_id=run_000001a0ed4c745c_0003a1 session_id="sess_local_alpha" outcome=completed.no_final.no_provider_configured input_chars=22
2026-09-29T13:13:25.853376Z  INFO lingxi_service: request handled request_id=req-10d8b08c0058deb8226aaf5a77418db7 method=POST path=/lingxi/v1/sessions/sess_local_alpha/execute status=200
2026-09-29T13:13:25.854108Z  INFO lingxi_service::sessions: run settled through the single finalize path run_id=run_000001a0ed4c745d_0003a2 session_id="sess_local_alpha" outcome=completed.no_final.no_provider_configured input_chars=22
2026-09-29T13:13:25.854241Z  INFO lingxi_service: request handled request_id=req-ee8a6119f9682dac7a0a194b061a805c method=POST path=/lingxi/v1/sessions/sess_local_alpha/execute status=200
2026-09-29T13:13:25.854942Z  INFO lingxi_service::sessions: run settled through the single finalize path run_id=run_000001a0ed4c745e_0003a3 session_id="sess_local_alpha" outcome=completed.no_final.no_provider_configured input_chars=22
2026-09-29T13:13:25.855078Z  INFO lingxi_service: request handled request_id=req-5d4f79597b09fe2d2dfee5eb17976219 method=POST path=/lingxi/v1/sessions/sess_local_alpha/execute status=200
2026-09-29T13:13:25.855767Z  INFO lingxi_service::sessions: run settled through the single finalize path run_id=run_000001a0ed4c745f_0003a4 session_id="sess_local_alpha" outcome=completed.no_final.no_provider_configured input_chars=22
2026-09-29T13:13:25.855901Z  INFO lingxi_service: request handled request_id=req-1a3e54d0cd2203b72da67bb37ac9643a method=POST path=/lingxi/v1/sessions/sess_local_alpha/execute status=200
2026-09-29T13:13:25.856570Z  INFO lingxi_service::sessions: run settled through the single finalize path run_id=run_000001a0ed4c7460_0003a5 session_id="sess_local_alpha" outcome=completed.no_final.no_provider_configured input_chars=22
2026-09-29T13:13:25.856701Z  INFO lingxi_service: request handled request_id=req-be40ba045cf95b79bd67edfaa0bc4f99 method=POST path=/lingxi/v1/sessions/sess_local_alpha/execute status=200
2026-09-29T13:13:25.857395Z  INFO lingxi_service::sessions: run settled through the single finalize path run_id=run_000001a0ed4c7461_0003a6 session_id="sess_local_alpha" outcome=completed.no_final.no_provider_configured input_chars=22
2026-09-29T13:13:25.857529Z  INFO lingxi_service: request handled request_id=req-9cee37aaf0775c70318486f1f9478c6b method=POST path=/lingxi/v1/sessions/sess_local_alpha/execute status=200
2026-09-29T13:13:25.858203Z  INFO lingxi_service::sessions: run settled through the single finalize path run_id=run_000001a0ed4c7461_0003a7 session_id="sess_local_alpha" outcome=completed.no_final.no_provider_configured input_chars=22
2026-09-29T13:13:25.858336Z  INFO lingxi_service: request handled request_id=req-538754b00cd79549175482199fd69a01 method=POST path=/lingxi/v1/sessions/sess_local_alpha/execute status=200
2026-09-29T13:13:25.859055Z  INFO lingxi_service::sessions: run settled through the single finalize path run_id=run_000001a0ed4c7462_0003a8 session_id="sess_local_alpha" outcome=completed.no_final.no_provider_configured input_chars=22
2026-09-29T13:13:25.859190Z  INFO lingxi_service: request handled request_id=req-9a233c50553f5ebe420ad0af8d8f739d method=POST path=/lingxi/v1/sessions/sess_local_alpha/execute status=200
2026-09-29T13:13:25.859877Z  INFO lingxi_service::sessions: run settled through the single finalize path run_id=run_000001a0ed4c7463_0003a9 session_id="sess_local_alpha" outcome=completed.no_final.no_provider_configured input_chars=22
2026-09-29T13:13:25.860009Z  INFO lingxi_service: request handled request_id=req-af5722cdc19e73755b69822a5ae16396 method=POST path=/lingxi/v1/sessions/sess_local_alpha/execute status=200
2026-09-29T13:13:25.860730Z  INFO lingxi_service::sessions: run settled through the single finalize path run_id=run_000001a0ed4c7464_0003aa session_id="sess_local_alpha" outcome=completed.no_final.no_provider_configured input_chars=22
2026-09-29T13:13:25.860861Z  INFO lingxi_service: request handled request_id=req-d699b9252140e153cfdf843b592dbe73 method=POST path=/lingxi/v1/sessions/sess_local_alpha/execute status=200
2026-09-29T13:13:25.861526Z  INFO lingxi_service::sessions: run settled through the single finalize path run_id=run_000001a0ed4c7465_0003ab session_id="sess_local_alpha" outcome=completed.no_final.no_provider_configured input_chars=22
2026-09-29T13:13:25.861661Z  INFO lingxi_service: request handled request_id=req-8e1ff14c1718ed5f49fd83a65d14bedf method=POST path=/lingxi/v1/sessions/sess_local_alpha/execute status=200
2026-09-29T13:13:25.862803Z  INFO lingxi_service::sessions: run settled through the single finalize path run_id=run_000001a0ed4c7465_0003ac session_id="sess_local_alpha" outcome=completed.no_final.no_provider_configured input_chars=22
2026-09-29T13:13:25.862936Z  INFO lingxi_service: request handled request_id=req-7e727b3e09d9a7037fe38677d4863219 method=POST path=/lingxi/v1/sessions/sess_local_alpha/execute status=200
2026-09-29T13:13:25.863705Z  INFO lingxi_service::sessions: run settled through the single finalize path run_id=run_000001a0ed4c7467_0003ad session_id="sess_local_alpha" outcome=completed.no_final.no_provider_configured input_chars=22
2026-09-29T13:13:25.863838Z  INFO lingxi_service: request handled request_id=req-176e4eaa83a1822cd3501ce13f218a44 method=POST path=/lingxi/v1/sessions/sess_local_alpha/execute status=200
2026-09-29T13:13:25.864551Z  INFO lingxi_service::sessions: run settled through the single finalize path run_id=run_000001a0ed4c7468_0003ae session_id="sess_local_alpha" outcome=completed.no_final.no_provider_configured input_chars=22
2026-09-29T13:13:25.864686Z  INFO lingxi_service: request handled request_id=req-ec760bcbeaf1e2d8e0dd6fb4be99b633 method=POST path=/lingxi/v1/sessions/sess_local_alpha/execute status=200
2026-09-29T13:13:25.865376Z  INFO lingxi_service::sessions: run settled through the single finalize path run_id=run_000001a0ed4c7468_0003af session_id="sess_local_alpha" outcome=completed.no_final.no_provider_configured input_chars=22
2026-09-29T13:13:25.865509Z  INFO lingxi_service: request handled request_id=req-3dd6bbe649899fc3b35475f7bfd9acab method=POST path=/lingxi/v1/sessions/sess_local_alpha/execute status=200
2026-09-29T13:13:25.866215Z  INFO lingxi_service::sessions: run settled through the single finalize path run_id=run_000001a0ed4c7469_0003b0 session_id="sess_local_alpha" outcome=completed.no_final.no_provider_configured input_chars=22
2026-09-29T13:13:25.866353Z  INFO lingxi_service: request handled request_id=req-e25ac7768c36f74140f8ddb305a54fb4 method=POST path=/lingxi/v1/sessions/sess_local_alpha/execute status=200
2026-09-29T13:13:25.867059Z  INFO lingxi_service::sessions: run settled through the single finalize path run_id=run_000001a0ed4c746a_0003b1 session_id="sess_local_alpha" outcome=completed.no_final.no_provider_configured input_chars=22
2026-09-29T13:13:25.867195Z  INFO lingxi_service: request handled request_id=req-c493a32b5a822e7bdff67bf2c44b0bf8 method=POST path=/lingxi/v1/sessions/sess_local_alpha/execute status=200
2026-09-29T13:13:25.867919Z  INFO lingxi_service::sessions: run settled through the single finalize path run_id=run_000001a0ed4c746b_0003b2 session_id="sess_local_alpha" outcome=completed.no_final.no_provider_configured input_chars=22
2026-09-29T13:13:25.868055Z  INFO lingxi_service: request handled request_id=req-2acef06a131efa5ceeffca6246f9d88a method=POST path=/lingxi/v1/sessions/sess_local_alpha/execute status=200
2026-09-29T13:13:25.868758Z  INFO lingxi_service::sessions: run settled through the single finalize path run_id=run_000001a0ed4c746c_0003b3 session_id="sess_local_alpha" outcome=completed.no_final.no_provider_configured input_chars=22
2026-09-29T13:13:25.868892Z  INFO lingxi_service: request handled request_id=req-888ec4acb3c5fc646a73ace1ee190ee8 method=POST path=/lingxi/v1/sessions/sess_local_alpha/execute status=200
2026-09-29T13:13:25.869597Z  INFO lingxi_service::sessions: run settled through the single finalize path run_id=run_000001a0ed4c746d_0003b4 session_id="sess_local_alpha" outcome=completed.no_final.no_provider_configured input_chars=22
2026-09-29T13:13:25.869733Z  INFO lingxi_service: request handled request_id=req-ddb14188a972d240219d3404d149b317 method=POST path=/lingxi/v1/sessions/sess_local_alpha/execute status=200
2026-09-29T13:13:25.870435Z  INFO lingxi_service::sessions: run settled through the single finalize path run_id=run_000001a0ed4c746e_0003b5 session_id="sess_local_alpha" outcome=completed.no_final.no_provider_configured input_chars=22
2026-09-29T13:13:25.870571Z  INFO lingxi_service: request handled request_id=req-90aee5d0fefa1cdcf92d2e763c9dd57f method=POST path=/lingxi/v1/sessions/sess_local_alpha/execute status=200
2026-09-29T13:13:25.871297Z  INFO lingxi_service::sessions: run settled through the single finalize path run_id=run_000001a0ed4c746e_0003b6 session_id="sess_local_alpha" outcome=completed.no_final.no_provider_configured input_chars=22
2026-09-29T13:13:25.871434Z  INFO lingxi_service: request handled request_id=req-89ea177b85670dade8b1308d27b7c377 method=POST path=/lingxi/v1/sessions/sess_local_alpha/execute status=200
2026-09-29T13:13:25.872186Z  INFO lingxi_service::sessions: run settled through the single finalize path run_id=run_000001a0ed4c746f_0003b7 session_id="sess_local_alpha" outcome=completed.no_final.no_provider_configured input_chars=22
2026-09-29T13:13:25.872319Z  INFO lingxi_service: request handled request_id=req-a34cbe4b0e0042ffaf20db6f99b0e889 method=POST path=/lingxi/v1/sessions/sess_local_alpha/execute status=200
2026-09-29T13:13:25.873011Z  INFO lingxi_service::sessions: run settled through the single finalize path run_id=run_000001a0ed4c7470_0003b8 session_id="sess_local_alpha" outcome=completed.no_final.no_provider_configured input_chars=22
2026-09-29T13:13:25.873144Z  INFO lingxi_service: request handled request_id=req-9083dd6ea58635cda69dcb6c9b30e151 method=POST path=/lingxi/v1/sessions/sess_local_alpha/execute status=200
2026-09-29T13:13:25.873908Z  INFO lingxi_service::sessions: run settled through the single finalize path run_id=run_000001a0ed4c7471_0003b9 session_id="sess_local_alpha" outcome=completed.no_final.no_provider_configured input_chars=22
2026-09-29T13:13:25.874043Z  INFO lingxi_service: request handled request_id=req-274dfa5b269937b7b104249e6f58ccb7 method=POST path=/lingxi/v1/sessions/sess_local_alpha/execute status=200
2026-09-29T13:13:25.874799Z  INFO lingxi_service::sessions: run settled through the single finalize path run_id=run_000001a0ed4c7472_0003ba session_id="sess_local_alpha" outcome=completed.no_final.no_provider_configured input_chars=22
2026-09-29T13:13:25.874935Z  INFO lingxi_service: request handled request_id=req-04e0d144079340788ba4b0aa30de2d05 method=POST path=/lingxi/v1/sessions/sess_local_alpha/execute status=200
2026-09-29T13:13:25.875656Z  INFO lingxi_service::sessions: run settled through the single finalize path run_id=run_000001a0ed4c7473_0003bb session_id="sess_local_alpha" outcome=completed.no_final.no_provider_configured input_chars=22
2026-09-29T13:13:25.875791Z  INFO lingxi_service: request handled request_id=req-44a2ddbd662123e1656e9c86df5318f5 method=POST path=/lingxi/v1/sessions/sess_local_alpha/execute status=200
2026-09-29T13:13:25.876529Z  INFO lingxi_service::sessions: run settled through the single finalize path run_id=run_000001a0ed4c7474_0003bc session_id="sess_local_alpha" outcome=completed.no_final.no_provider_configured input_chars=22
2026-09-29T13:13:25.876668Z  INFO lingxi_service: request handled request_id=req-8adabd74e0e0f12125e5bd0cf9d1ddbb method=POST path=/lingxi/v1/sessions/sess_local_alpha/execute status=200
2026-09-29T13:13:25.877393Z  INFO lingxi_service::sessions: run settled through the single finalize path run_id=run_000001a0ed4c7474_0003bd session_id="sess_local_alpha" outcome=completed.no_final.no_provider_configured input_chars=22
2026-09-29T13:13:25.877527Z  INFO lingxi_service: request handled request_id=req-02fc98a273d71cd1784222ae0b29f36d method=POST path=/lingxi/v1/sessions/sess_local_alpha/execute status=200
2026-09-29T13:13:25.878227Z  INFO lingxi_service::sessions: run settled through the single finalize path run_id=run_000001a0ed4c7475_0003be session_id="sess_local_alpha" outcome=completed.no_final.no_provider_configured input_chars=22
2026-09-29T13:13:25.878364Z  INFO lingxi_service: request handled request_id=req-bf8a4b72fd8d49b842e58ec9e3fdf7d5 method=POST path=/lingxi/v1/sessions/sess_local_alpha/execute status=200
2026-09-29T13:13:25.879086Z  INFO lingxi_service::sessions: run settled through the single finalize path run_id=run_000001a0ed4c7476_0003bf session_id="sess_local_alpha" outcome=completed.no_final.no_provider_configured input_chars=22
2026-09-29T13:13:25.879222Z  INFO lingxi_service: request handled request_id=req-4cdc8c3548bb113abd59ba3dae1908c0 method=POST path=/lingxi/v1/sessions/sess_local_alpha/execute status=200
2026-09-29T13:13:25.879921Z  INFO lingxi_service::sessions: run settled through the single finalize path run_id=run_000001a0ed4c7477_0003c0 session_id="sess_local_alpha" outcome=completed.no_final.no_provider_configured input_chars=22
2026-09-29T13:13:25.880057Z  INFO lingxi_service: request handled request_id=req-04ae462ec9d4dcb3bc4ed420d41c8b8b method=POST path=/lingxi/v1/sessions/sess_local_alpha/execute status=200
2026-09-29T13:13:25.880758Z  INFO lingxi_service::sessions: run settled through the single finalize path run_id=run_000001a0ed4c7478_0003c1 session_id="sess_local_alpha" outcome=completed.no_final.no_provider_configured input_chars=22
2026-09-29T13:13:25.880894Z  INFO lingxi_service: request handled request_id=req-9fc6665bcd00b4473e98d2cdf1a61bdf method=POST path=/lingxi/v1/sessions/sess_local_alpha/execute status=200
2026-09-29T13:13:25.881600Z  INFO lingxi_service::sessions: run settled through the single finalize path run_id=run_000001a0ed4c7479_0003c2 session_id="sess_local_alpha" outcome=completed.no_final.no_provider_configured input_chars=22
2026-09-29T13:13:25.881736Z  INFO lingxi_service: request handled request_id=req-c00b76a31723b8a4ddcc8f865c21ad86 method=POST path=/lingxi/v1/sessions/sess_local_alpha/execute status=200
2026-09-29T13:13:25.882448Z  INFO lingxi_service::sessions: run settled through the single finalize path run_id=run_000001a0ed4c747a_0003c3 session_id="sess_local_alpha" outcome=completed.no_final.no_provider_configured input_chars=22
2026-09-29T13:13:25.882584Z  INFO lingxi_service: request handled request_id=req-ec015cea70f0997d7360e68e166d7cc1 method=POST path=/lingxi/v1/sessions/sess_local_alpha/execute status=200
2026-09-29T13:13:25.883300Z  INFO lingxi_service::sessions: run settled through the single finalize path run_id=run_000001a0ed4c747a_0003c4 session_id="sess_local_alpha" outcome=completed.no_final.no_provider_configured input_chars=22
2026-09-29T13:13:25.883436Z  INFO lingxi_service: request handled request_id=req-006e476b6b546cbe3be6c30348309d7b method=POST path=/lingxi/v1/sessions/sess_local_alpha/execute status=200
2026-09-29T13:13:25.884145Z  INFO lingxi_service::sessions: run settled through the single finalize path run_id=run_000001a0ed4c747b_0003c5 session_id="sess_local_alpha" outcome=completed.no_final.no_provider_configured input_chars=22
2026-09-29T13:13:25.884281Z  INFO lingxi_service: request handled request_id=req-50c59df247ec10e6cfefeb374d9a459b method=POST path=/lingxi/v1/sessions/sess_local_alpha/execute status=200
2026-09-29T13:13:25.884991Z  INFO lingxi_service::sessions: run settled through the single finalize path run_id=run_000001a0ed4c747c_0003c6 session_id="sess_local_alpha" outcome=completed.no_final.no_provider_configured input_chars=22
2026-09-29T13:13:25.885127Z  INFO lingxi_service: request handled request_id=req-bea481b7bf04bd0998c8b8bcb3199ece method=POST path=/lingxi/v1/sessions/sess_local_alpha/execute status=200
2026-09-29T13:13:25.885859Z  INFO lingxi_service::sessions: run settled through the single finalize path run_id=run_000001a0ed4c747d_0003c7 session_id="sess_local_alpha" outcome=completed.no_final.no_provider_configured input_chars=22
2026-09-29T13:13:25.885995Z  INFO lingxi_service: request handled request_id=req-ab46b065dd7b556e0312e4ec8abae1a2 method=POST path=/lingxi/v1/sessions/sess_local_alpha/execute status=200
2026-09-29T13:13:25.886697Z  INFO lingxi_service::sessions: run settled through the single finalize path run_id=run_000001a0ed4c747e_0003c8 session_id="sess_local_alpha" outcome=completed.no_final.no_provider_configured input_chars=22
2026-09-29T13:13:25.886834Z  INFO lingxi_service: request handled request_id=req-6a41c21c04f84cde7c99402004cbdb07 method=POST path=/lingxi/v1/sessions/sess_local_alpha/execute status=200
2026-09-29T13:13:25.887615Z  INFO lingxi_service::sessions: run settled through the single finalize path run_id=run_000001a0ed4c747f_0003c9 session_id="sess_local_alpha" outcome=completed.no_final.no_provider_configured input_chars=22
2026-09-29T13:13:25.887753Z  INFO lingxi_service: request handled request_id=req-af9e6cfcd1ef0783b158fcea6b646bf8 method=POST path=/lingxi/v1/sessions/sess_local_alpha/execute status=200
2026-09-29T13:13:25.888555Z  INFO lingxi_service::sessions: run settled through the single finalize path run_id=run_000001a0ed4c7480_0003ca session_id="sess_local_alpha" outcome=completed.no_final.no_provider_configured input_chars=22
2026-09-29T13:13:25.888692Z  INFO lingxi_service: request handled request_id=req-1a834bedf4e179b0dc2aa309e0af38a4 method=POST path=/lingxi/v1/sessions/sess_local_alpha/execute status=200
2026-09-29T13:13:25.889383Z  INFO lingxi_service::sessions: run settled through the single finalize path run_id=run_000001a0ed4c7480_0003cb session_id="sess_local_alpha" outcome=completed.no_final.no_provider_configured input_chars=22
2026-09-29T13:13:25.889519Z  INFO lingxi_service: request handled request_id=req-5cebf667435a56afbbbbd68ea5de59f9 method=POST path=/lingxi/v1/sessions/sess_local_alpha/execute status=200
2026-09-29T13:13:25.890202Z  INFO lingxi_service::sessions: run settled through the single finalize path run_id=run_000001a0ed4c7481_0003cc session_id="sess_local_alpha" outcome=completed.no_final.no_provider_configured input_chars=22
2026-09-29T13:13:25.890339Z  INFO lingxi_service: request handled request_id=req-19fe5bd0c2d7cb58a1df071e27b9f80c method=POST path=/lingxi/v1/sessions/sess_local_alpha/execute status=200
2026-09-29T13:13:25.891060Z  INFO lingxi_service::sessions: run settled through the single finalize path run_id=run_000001a0ed4c7482_0003cd session_id="sess_local_alpha" outcome=completed.no_final.no_provider_configured input_chars=22
2026-09-29T13:13:25.891199Z  INFO lingxi_service: request handled request_id=req-0eb3968d949c405d3711375836d20be4 method=POST path=/lingxi/v1/sessions/sess_local_alpha/execute status=200
2026-09-29T13:13:25.891963Z  INFO lingxi_service::sessions: run settled through the single finalize path run_id=run_000001a0ed4c7483_0003ce session_id="sess_local_alpha" outcome=completed.no_final.no_provider_configured input_chars=22
2026-09-29T13:13:25.892101Z  INFO lingxi_service: request handled request_id=req-2b4b3e8824de47ec9b6188a3151b55c6 method=POST path=/lingxi/v1/sessions/sess_local_alpha/execute status=200
2026-09-29T13:13:25.892793Z  INFO lingxi_service::sessions: run settled through the single finalize path run_id=run_000001a0ed4c7484_0003cf session_id="sess_local_alpha" outcome=completed.no_final.no_provider_configured input_chars=22
2026-09-29T13:13:25.892928Z  INFO lingxi_service: request handled request_id=req-d2d1335561c66340fd9fa692f4bc09b7 method=POST path=/lingxi/v1/sessions/sess_local_alpha/execute status=200
2026-09-29T13:13:25.893630Z  INFO lingxi_service::sessions: run settled through the single finalize path run_id=run_000001a0ed4c7485_0003d0 session_id="sess_local_alpha" outcome=completed.no_final.no_provider_configured input_chars=22
2026-09-29T13:13:25.893768Z  INFO lingxi_service: request handled request_id=req-115448e411dbfa0ce41b151ff1513d94 method=POST path=/lingxi/v1/sessions/sess_local_alpha/execute status=200
2026-09-29T13:13:25.894477Z  INFO lingxi_service::sessions: run settled through the single finalize path run_id=run_000001a0ed4c7486_0003d1 session_id="sess_local_alpha" outcome=completed.no_final.no_provider_configured input_chars=22
2026-09-29T13:13:25.894617Z  INFO lingxi_service: request handled request_id=req-088f9ed2f8816927196c43e20cc5777b method=POST path=/lingxi/v1/sessions/sess_local_alpha/execute status=200
2026-09-29T13:13:25.895299Z  INFO lingxi_service::sessions: run settled through the single finalize path run_id=run_000001a0ed4c7486_0003d2 session_id="sess_local_alpha" outcome=completed.no_final.no_provider_configured input_chars=22
2026-09-29T13:13:25.895436Z  INFO lingxi_service: request handled request_id=req-f4d7b23337b5b1415dbefc1622bd355b method=POST path=/lingxi/v1/sessions/sess_local_alpha/execute status=200
2026-09-29T13:13:25.896113Z  INFO lingxi_service::sessions: run settled through the single finalize path run_id=run_000001a0ed4c7487_0003d3 session_id="sess_local_alpha" outcome=completed.no_final.no_provider_configured input_chars=22
2026-09-29T13:13:25.896248Z  INFO lingxi_service: request handled request_id=req-2650483aedbc03f3b60281d704f5ff6b method=POST path=/lingxi/v1/sessions/sess_local_alpha/execute status=200
2026-09-29T13:13:25.896982Z  INFO lingxi_service::sessions: run settled through the single finalize path run_id=run_000001a0ed4c7488_0003d4 session_id="sess_local_alpha" outcome=completed.no_final.no_provider_configured input_chars=22
2026-09-29T13:13:25.897119Z  INFO lingxi_service: request handled request_id=req-29f1dfd3c012e682f49c56857e0976cc method=POST path=/lingxi/v1/sessions/sess_local_alpha/execute status=200
2026-09-29T13:13:25.897824Z  INFO lingxi_service::sessions: run settled through the single finalize path run_id=run_000001a0ed4c7489_0003d5 session_id="sess_local_alpha" outcome=completed.no_final.no_provider_configured input_chars=22
2026-09-29T13:13:25.897959Z  INFO lingxi_service: request handled request_id=req-fd097f97addc9ff0a89927f68cdd47a6 method=POST path=/lingxi/v1/sessions/sess_local_alpha/execute status=200
2026-09-29T13:13:25.898652Z  INFO lingxi_service::sessions: run settled through the single finalize path run_id=run_000001a0ed4c748a_0003d6 session_id="sess_local_alpha" outcome=completed.no_final.no_provider_configured input_chars=22
2026-09-29T13:13:25.898790Z  INFO lingxi_service: request handled request_id=req-07fe9231c5c6af259af57344ac61c7b5 method=POST path=/lingxi/v1/sessions/sess_local_alpha/execute status=200
2026-09-29T13:13:25.899477Z  INFO lingxi_service::sessions: run settled through the single finalize path run_id=run_000001a0ed4c748b_0003d7 session_id="sess_local_alpha" outcome=completed.no_final.no_provider_configured input_chars=22
2026-09-29T13:13:25.899616Z  INFO lingxi_service: request handled request_id=req-79996645ac904bb75aaedff973e0aba5 method=POST path=/lingxi/v1/sessions/sess_local_alpha/execute status=200
2026-09-29T13:13:25.900302Z  INFO lingxi_service::sessions: run settled through the single finalize path run_id=run_000001a0ed4c748b_0003d8 session_id="sess_local_alpha" outcome=completed.no_final.no_provider_configured input_chars=22
2026-09-29T13:13:25.900440Z  INFO lingxi_service: request handled request_id=req-077aa42905a15c6957da7059753042f9 method=POST path=/lingxi/v1/sessions/sess_local_alpha/execute status=200
2026-09-29T13:13:25.901133Z  INFO lingxi_service::sessions: run settled through the single finalize path run_id=run_000001a0ed4c748c_0003d9 session_id="sess_local_alpha" outcome=completed.no_final.no_provider_configured input_chars=22
2026-09-29T13:13:25.901270Z  INFO lingxi_service: request handled request_id=req-ce56e21243262057f76c80b7a691e0c2 method=POST path=/lingxi/v1/sessions/sess_local_alpha/execute status=200
2026-09-29T13:13:25.901969Z  INFO lingxi_service::sessions: run settled through the single finalize path run_id=run_000001a0ed4c748d_0003da session_id="sess_local_alpha" outcome=completed.no_final.no_provider_configured input_chars=22
2026-09-29T13:13:25.902110Z  INFO lingxi_service: request handled request_id=req-7a7a047ba1d2bc30896077a498ccbec1 method=POST path=/lingxi/v1/sessions/sess_local_alpha/execute status=200
2026-09-29T13:13:25.903219Z  INFO lingxi_service::sessions: run settled through the single finalize path run_id=run_000001a0ed4c748e_0003db session_id="sess_local_alpha" outcome=completed.no_final.no_provider_configured input_chars=22
2026-09-29T13:13:25.903355Z  INFO lingxi_service: request handled request_id=req-e184d7e3f2a3d3d82b12e430b8303e18 method=POST path=/lingxi/v1/sessions/sess_local_alpha/execute status=200
2026-09-29T13:13:25.904031Z  INFO lingxi_service::sessions: run settled through the single finalize path run_id=run_000001a0ed4c748f_0003dc session_id="sess_local_alpha" outcome=completed.no_final.no_provider_configured input_chars=22
2026-09-29T13:13:25.904171Z  INFO lingxi_service: request handled request_id=req-1ab5de97d82857a4703fa66a686b0bb9 method=POST path=/lingxi/v1/sessions/sess_local_alpha/execute status=200
2026-09-29T13:13:25.904844Z  INFO lingxi_service::sessions: run settled through the single finalize path run_id=run_000001a0ed4c7490_0003dd session_id="sess_local_alpha" outcome=completed.no_final.no_provider_configured input_chars=22
2026-09-29T13:13:25.904980Z  INFO lingxi_service: request handled request_id=req-a0c809643001870da48c4cffc444d919 method=POST path=/lingxi/v1/sessions/sess_local_alpha/execute status=200
2026-09-29T13:13:25.905685Z  INFO lingxi_service::sessions: run settled through the single finalize path run_id=run_000001a0ed4c7491_0003de session_id="sess_local_alpha" outcome=completed.no_final.no_provider_configured input_chars=22
2026-09-29T13:13:25.905822Z  INFO lingxi_service: request handled request_id=req-782a495970e84e0af909e7bf3ca81b82 method=POST path=/lingxi/v1/sessions/sess_local_alpha/execute status=200
2026-09-29T13:13:25.906534Z  INFO lingxi_service::sessions: run settled through the single finalize path run_id=run_000001a0ed4c7492_0003df session_id="sess_local_alpha" outcome=completed.no_final.no_provider_configured input_chars=22
2026-09-29T13:13:25.906674Z  INFO lingxi_service: request handled request_id=req-b9f2e4b3352c88001cecd63ac253c141 method=POST path=/lingxi/v1/sessions/sess_local_alpha/execute status=200
2026-09-29T13:13:25.907389Z  INFO lingxi_service::sessions: run settled through the single finalize path run_id=run_000001a0ed4c7492_0003e0 session_id="sess_local_alpha" outcome=completed.no_final.no_provider_configured input_chars=22
2026-09-29T13:13:25.907528Z  INFO lingxi_service: request handled request_id=req-84b35527c1ae6535f4f874392d8d5bc9 method=POST path=/lingxi/v1/sessions/sess_local_alpha/execute status=200
2026-09-29T13:13:25.908224Z  INFO lingxi_service::sessions: run settled through the single finalize path run_id=run_000001a0ed4c7493_0003e1 session_id="sess_local_alpha" outcome=completed.no_final.no_provider_configured input_chars=22
2026-09-29T13:13:25.908363Z  INFO lingxi_service: request handled request_id=req-0d5a29258e7c76e8032b6116845811b3 method=POST path=/lingxi/v1/sessions/sess_local_alpha/execute status=200
2026-09-29T13:13:25.909040Z  INFO lingxi_service::sessions: run settled through the single finalize path run_id=run_000001a0ed4c7494_0003e2 session_id="sess_local_alpha" outcome=completed.no_final.no_provider_configured input_chars=22
2026-09-29T13:13:25.909176Z  INFO lingxi_service: request handled request_id=req-deb8dafa520970fede7016d524bdffa3 method=POST path=/lingxi/v1/sessions/sess_local_alpha/execute status=200
2026-09-29T13:13:25.909869Z  INFO lingxi_service::sessions: run settled through the single finalize path run_id=run_000001a0ed4c7495_0003e3 session_id="sess_local_alpha" outcome=completed.no_final.no_provider_configured input_chars=22
2026-09-29T13:13:25.910009Z  INFO lingxi_service: request handled request_id=req-a1212fb695b92485792d37a0f29f8261 method=POST path=/lingxi/v1/sessions/sess_local_alpha/execute status=200
2026-09-29T13:13:25.910679Z  INFO lingxi_service::sessions: run settled through the single finalize path run_id=run_000001a0ed4c7496_0003e4 session_id="sess_local_alpha" outcome=completed.no_final.no_provider_configured input_chars=22
2026-09-29T13:13:25.910815Z  INFO lingxi_service: request handled request_id=req-d4bf89b7f95424b4509aed02a1f3fe91 method=POST path=/lingxi/v1/sessions/sess_local_alpha/execute status=200
2026-09-29T13:13:25.911508Z  INFO lingxi_service::sessions: run settled through the single finalize path run_id=run_000001a0ed4c7497_0003e5 session_id="sess_local_alpha" outcome=completed.no_final.no_provider_configured input_chars=22
2026-09-29T13:13:25.911644Z  INFO lingxi_service: request handled request_id=req-81497c7a1736dfcedf12aaa0ea6d93d2 method=POST path=/lingxi/v1/sessions/sess_local_alpha/execute status=200
2026-09-29T13:13:25.912331Z  INFO lingxi_service::sessions: run settled through the single finalize path run_id=run_000001a0ed4c7497_0003e6 session_id="sess_local_alpha" outcome=completed.no_final.no_provider_configured input_chars=22
2026-09-29T13:13:25.912469Z  INFO lingxi_service: request handled request_id=req-efe1b23cb5e92b6dc0af46be40ddd295 method=POST path=/lingxi/v1/sessions/sess_local_alpha/execute status=200
2026-09-29T13:13:25.913222Z  INFO lingxi_service::sessions: run settled through the single finalize path run_id=run_000001a0ed4c7498_0003e7 session_id="sess_local_alpha" outcome=completed.no_final.no_provider_configured input_chars=22
2026-09-29T13:13:25.913359Z  INFO lingxi_service: request handled request_id=req-73bd53115c01dc747e2e9ad10c7ac793 method=POST path=/lingxi/v1/sessions/sess_local_alpha/execute status=200
2026-09-29T13:13:25.914081Z  INFO lingxi_service::sessions: run settled through the single finalize path run_id=run_000001a0ed4c7499_0003e8 session_id="sess_local_alpha" outcome=completed.no_final.no_provider_configured input_chars=22
2026-09-29T13:13:25.914217Z  INFO lingxi_service: request handled request_id=req-f961f53b028b2c4ce01213a4b2bb0d4b method=POST path=/lingxi/v1/sessions/sess_local_alpha/execute status=200
2026-09-29T13:13:25.914912Z  INFO lingxi_service::sessions: run settled through the single finalize path run_id=run_000001a0ed4c749a_0003e9 session_id="sess_local_alpha" outcome=completed.no_final.no_provider_configured input_chars=22
2026-09-29T13:13:25.915052Z  INFO lingxi_service: request handled request_id=req-b2b7b998580a6f65f9c3bf0c82e8827d method=POST path=/lingxi/v1/sessions/sess_local_alpha/execute status=200
2026-09-29T13:13:25.917226Z  INFO lingxi_service::sessions: run settled through the single finalize path run_id=run_000001a0ed4c749c_0003ea session_id="sess_local_alpha" outcome=completed.no_final.no_provider_configured input_chars=22
2026-09-29T13:13:25.917377Z  INFO lingxi_service: request handled request_id=req-44c6122ca53c04deb729c9c329456cf5 method=POST path=/lingxi/v1/sessions/sess_local_alpha/execute status=200
2026-09-29T13:13:25.918244Z  INFO lingxi_service::sessions: run settled through the single finalize path run_id=run_000001a0ed4c749d_0003eb session_id="sess_local_alpha" outcome=completed.no_final.no_provider_configured input_chars=22
2026-09-29T13:13:25.918391Z  INFO lingxi_service: request handled request_id=req-8539cf5cd314c1898acaea074752190b method=POST path=/lingxi/v1/sessions/sess_local_alpha/execute status=200
2026-09-29T13:13:25.919146Z  INFO lingxi_service::sessions: run settled through the single finalize path run_id=run_000001a0ed4c749e_0003ec session_id="sess_local_alpha" outcome=completed.no_final.no_provider_configured input_chars=22
2026-09-29T13:13:25.919295Z  INFO lingxi_service: request handled request_id=req-06b1c8f0fd0c1140958c692baf1f2f69 method=POST path=/lingxi/v1/sessions/sess_local_alpha/execute status=200
2026-09-29T13:13:25.920031Z  INFO lingxi_service::sessions: run settled through the single finalize path run_id=run_000001a0ed4c749f_0003ed session_id="sess_local_alpha" outcome=completed.no_final.no_provider_configured input_chars=22
2026-09-29T13:13:25.920172Z  INFO lingxi_service: request handled request_id=req-95ed8d76fa2e63c9155c45fa67165355 method=POST path=/lingxi/v1/sessions/sess_local_alpha/execute status=200
2026-09-29T13:13:25.920930Z  INFO lingxi_service::sessions: run settled through the single finalize path run_id=run_000001a0ed4c74a0_0003ee session_id="sess_local_alpha" outcome=completed.no_final.no_provider_configured input_chars=22
2026-09-29T13:13:25.921074Z  INFO lingxi_service: request handled request_id=req-97558de7bd956bafd6a15714d59b4bd8 method=POST path=/lingxi/v1/sessions/sess_local_alpha/execute status=200
2026-09-29T13:13:25.921813Z  INFO lingxi_service::sessions: run settled through the single finalize path run_id=run_000001a0ed4c74a1_0003ef session_id="sess_local_alpha" outcome=completed.no_final.no_provider_configured input_chars=22
2026-09-29T13:13:25.921954Z  INFO lingxi_service: request handled request_id=req-eb90742262cdce81f14bb5933c3610b8 method=POST path=/lingxi/v1/sessions/sess_local_alpha/execute status=200
2026-09-29T13:13:25.922695Z  INFO lingxi_service::sessions: run settled through the single finalize path run_id=run_000001a0ed4c74a2_0003f0 session_id="sess_local_alpha" outcome=completed.no_final.no_provider_configured input_chars=22
2026-09-29T13:13:25.922839Z  INFO lingxi_service: request handled request_id=req-992d3d65eca9710b16d1791e463a7016 method=POST path=/lingxi/v1/sessions/sess_local_alpha/execute status=200
2026-09-29T13:13:25.923581Z  INFO lingxi_service::sessions: run settled through the single finalize path run_id=run_000001a0ed4c74a3_0003f1 session_id="sess_local_alpha" outcome=completed.no_final.no_provider_configured input_chars=22
2026-09-29T13:13:25.923718Z  INFO lingxi_service: request handled request_id=req-28b7f155cb5741b02ec5facaed00ad46 method=POST path=/lingxi/v1/sessions/sess_local_alpha/execute status=200
2026-09-29T13:13:25.924401Z  INFO lingxi_service::sessions: run settled through the single finalize path run_id=run_000001a0ed4c74a4_0003f2 session_id="sess_local_alpha" outcome=completed.no_final.no_provider_configured input_chars=22
2026-09-29T13:13:25.924538Z  INFO lingxi_service: request handled request_id=req-f76109f669974068f2e94e5185eec2de method=POST path=/lingxi/v1/sessions/sess_local_alpha/execute status=200
2026-09-29T13:13:25.925244Z  INFO lingxi_service::sessions: run settled through the single finalize path run_id=run_000001a0ed4c74a4_0003f3 session_id="sess_local_alpha" outcome=completed.no_final.no_provider_configured input_chars=22
2026-09-29T13:13:25.925383Z  INFO lingxi_service: request handled request_id=req-2f7cac1a604f85a546dc5a3ab767969d method=POST path=/lingxi/v1/sessions/sess_local_alpha/execute status=200
2026-09-29T13:13:25.926081Z  INFO lingxi_service::sessions: run settled through the single finalize path run_id=run_000001a0ed4c74a5_0003f4 session_id="sess_local_alpha" outcome=completed.no_final.no_provider_configured input_chars=22
2026-09-29T13:13:25.926218Z  INFO lingxi_service: request handled request_id=req-86dcfd88fb1697b8614b8988591aad79 method=POST path=/lingxi/v1/sessions/sess_local_alpha/execute status=200
2026-09-29T13:13:25.926903Z  INFO lingxi_service::sessions: run settled through the single finalize path run_id=run_000001a0ed4c74a6_0003f5 session_id="sess_local_alpha" outcome=completed.no_final.no_provider_configured input_chars=22
2026-09-29T13:13:25.927039Z  INFO lingxi_service: request handled request_id=req-934057b56fa53e1e48d55874e5162f12 method=POST path=/lingxi/v1/sessions/sess_local_alpha/execute status=200
2026-09-29T13:13:25.927775Z  INFO lingxi_service::sessions: run settled through the single finalize path run_id=run_000001a0ed4c74a7_0003f6 session_id="sess_local_alpha" outcome=completed.no_final.no_provider_configured input_chars=22
2026-09-29T13:13:25.927911Z  INFO lingxi_service: request handled request_id=req-853ee3207f8fa9456ef9f8e49a87fe9a method=POST path=/lingxi/v1/sessions/sess_local_alpha/execute status=200
2026-09-29T13:13:25.928577Z  INFO lingxi_service::sessions: run settled through the single finalize path run_id=run_000001a0ed4c74a8_0003f7 session_id="sess_local_alpha" outcome=completed.no_final.no_provider_configured input_chars=22
2026-09-29T13:13:25.928714Z  INFO lingxi_service: request handled request_id=req-7c6003147853c6faee3d4eece786739f method=POST path=/lingxi/v1/sessions/sess_local_alpha/execute status=200
2026-09-29T13:13:25.929459Z  INFO lingxi_service::sessions: run settled through the single finalize path run_id=run_000001a0ed4c74a9_0003f8 session_id="sess_local_alpha" outcome=completed.no_final.no_provider_configured input_chars=22
2026-09-29T13:13:25.929598Z  INFO lingxi_service: request handled request_id=req-ec80cc2027534be1201745913de3aec0 method=POST path=/lingxi/v1/sessions/sess_local_alpha/execute status=200
2026-09-29T13:13:25.930321Z  INFO lingxi_service::sessions: run settled through the single finalize path run_id=run_000001a0ed4c74a9_0003f9 session_id="sess_local_alpha" outcome=completed.no_final.no_provider_configured input_chars=22
2026-09-29T13:13:25.930457Z  INFO lingxi_service: request handled request_id=req-fa235253388bb3c3395bf108d1fbb01b method=POST path=/lingxi/v1/sessions/sess_local_alpha/execute status=200
2026-09-29T13:13:25.931147Z  INFO lingxi_service::sessions: run settled through the single finalize path run_id=run_000001a0ed4c74aa_0003fa session_id="sess_local_alpha" outcome=completed.no_final.no_provider_configured input_chars=22
2026-09-29T13:13:25.931283Z  INFO lingxi_service: request handled request_id=req-5198d96c21595801168b367a4c2ea482 method=POST path=/lingxi/v1/sessions/sess_local_alpha/execute status=200
2026-09-29T13:13:25.932000Z  INFO lingxi_service::sessions: run settled through the single finalize path run_id=run_000001a0ed4c74ab_0003fb session_id="sess_local_alpha" outcome=completed.no_final.no_provider_configured input_chars=22
2026-09-29T13:13:25.932140Z  INFO lingxi_service: request handled request_id=req-1a42283472cf393ee240cafd09a837c1 method=POST path=/lingxi/v1/sessions/sess_local_alpha/execute status=200
2026-09-29T13:13:25.932871Z  INFO lingxi_service::sessions: run settled through the single finalize path run_id=run_000001a0ed4c74ac_0003fc session_id="sess_local_alpha" outcome=completed.no_final.no_provider_configured input_chars=22
2026-09-29T13:13:25.933009Z  INFO lingxi_service: request handled request_id=req-a4216975fbf02ac345f7039227a6c4d6 method=POST path=/lingxi/v1/sessions/sess_local_alpha/execute status=200
2026-09-29T13:13:25.933716Z  INFO lingxi_service::sessions: run settled through the single finalize path run_id=run_000001a0ed4c74ad_0003fd session_id="sess_local_alpha" outcome=completed.no_final.no_provider_configured input_chars=22
2026-09-29T13:13:25.933856Z  INFO lingxi_service: request handled request_id=req-3ee7dc6fb61bcb85fbcb8323742b4e79 method=POST path=/lingxi/v1/sessions/sess_local_alpha/execute status=200
2026-09-29T13:13:25.934544Z  INFO lingxi_service::sessions: run settled through the single finalize path run_id=run_000001a0ed4c74ae_0003fe session_id="sess_local_alpha" outcome=completed.no_final.no_provider_configured input_chars=22
2026-09-29T13:13:25.934681Z  INFO lingxi_service: request handled request_id=req-8d5d6b79662f72d9acaecd5abfd6b93c method=POST path=/lingxi/v1/sessions/sess_local_alpha/execute status=200
2026-09-29T13:13:25.935452Z  INFO lingxi_service::sessions: run settled through the single finalize path run_id=run_000001a0ed4c74af_0003ff session_id="sess_local_alpha" outcome=completed.no_final.no_provider_configured input_chars=22
2026-09-29T13:13:25.935589Z  INFO lingxi_service: request handled request_id=req-9e754a61c314404a2f8bf6b413e2e892 method=POST path=/lingxi/v1/sessions/sess_local_alpha/execute status=200
2026-09-29T13:13:25.936297Z  INFO lingxi_service::sessions: run settled through the single finalize path run_id=run_000001a0ed4c74af_000400 session_id="sess_local_alpha" outcome=completed.no_final.no_provider_configured input_chars=22
2026-09-29T13:13:25.936434Z  INFO lingxi_service: request handled request_id=req-6db5129c1f807160aa6a21725513dbc6 method=POST path=/lingxi/v1/sessions/sess_local_alpha/execute status=200
2026-09-29T13:13:25.937184Z  INFO lingxi_service::sessions: run settled through the single finalize path run_id=run_000001a0ed4c74b0_000401 session_id="sess_local_alpha" outcome=completed.no_final.no_provider_configured input_chars=22
2026-09-29T13:13:25.937324Z  INFO lingxi_service: request handled request_id=req-d68950804d084d9e1835fbfd59a3e55a method=POST path=/lingxi/v1/sessions/sess_local_alpha/execute status=200
2026-09-29T13:13:25.938046Z  INFO lingxi_service::sessions: run settled through the single finalize path run_id=run_000001a0ed4c74b1_000402 session_id="sess_local_alpha" outcome=completed.no_final.no_provider_configured input_chars=22
2026-09-29T13:13:25.938187Z  INFO lingxi_service: request handled request_id=req-f9ef994867ae654cb237c28bfff577cc method=POST path=/lingxi/v1/sessions/sess_local_alpha/execute status=200
2026-09-29T13:13:25.938879Z  INFO lingxi_service::sessions: run settled through the single finalize path run_id=run_000001a0ed4c74b2_000403 session_id="sess_local_alpha" outcome=completed.no_final.no_provider_configured input_chars=22
2026-09-29T13:13:25.939015Z  INFO lingxi_service: request handled request_id=req-2ab5562ad5a26efc63c78500a0495839 method=POST path=/lingxi/v1/sessions/sess_local_alpha/execute status=200
2026-09-29T13:13:25.939704Z  INFO lingxi_service::sessions: run settled through the single finalize path run_id=run_000001a0ed4c74b3_000404 session_id="sess_local_alpha" outcome=completed.no_final.no_provider_configured input_chars=22
2026-09-29T13:13:25.939847Z  INFO lingxi_service: request handled request_id=req-7feea342b88b0ae2c2dd8705404a280d method=POST path=/lingxi/v1/sessions/sess_local_alpha/execute status=200
2026-09-29T13:13:25.940541Z  INFO lingxi_service::sessions: run settled through the single finalize path run_id=run_000001a0ed4c74b4_000405 session_id="sess_local_alpha" outcome=completed.no_final.no_provider_configured input_chars=22
2026-09-29T13:13:25.940680Z  INFO lingxi_service: request handled request_id=req-c8820a81bf66bc23f6d9eccb2430d1de method=POST path=/lingxi/v1/sessions/sess_local_alpha/execute status=200
2026-09-29T13:13:25.941404Z  INFO lingxi_service::sessions: run settled through the single finalize path run_id=run_000001a0ed4c74b4_000406 session_id="sess_local_alpha" outcome=completed.no_final.no_provider_configured input_chars=22
2026-09-29T13:13:25.941543Z  INFO lingxi_service: request handled request_id=req-c925e89bbe649ffa668b154a20b8fda0 method=POST path=/lingxi/v1/sessions/sess_local_alpha/execute status=200
2026-09-29T13:13:25.942222Z  INFO lingxi_service::sessions: run settled through the single finalize path run_id=run_000001a0ed4c74b5_000407 session_id="sess_local_alpha" outcome=completed.no_final.no_provider_configured input_chars=22
2026-09-29T13:13:25.942358Z  INFO lingxi_service: request handled request_id=req-73cc9bb35f634213fbf585a3302feb10 method=POST path=/lingxi/v1/sessions/sess_local_alpha/execute status=200
2026-09-29T13:13:25.943065Z  INFO lingxi_service::sessions: run settled through the single finalize path run_id=run_000001a0ed4c74b6_000408 session_id="sess_local_alpha" outcome=completed.no_final.no_provider_configured input_chars=22
2026-09-29T13:13:25.943202Z  INFO lingxi_service: request handled request_id=req-adbf73ad058298a252db944bb1de58ee method=POST path=/lingxi/v1/sessions/sess_local_alpha/execute status=200
2026-09-29T13:13:25.943954Z  INFO lingxi_service::sessions: run settled through the single finalize path run_id=run_000001a0ed4c74b7_000409 session_id="sess_local_alpha" outcome=completed.no_final.no_provider_configured input_chars=22
2026-09-29T13:13:25.944096Z  INFO lingxi_service: request handled request_id=req-888da4e8a4de47d1b4d33071637302d2 method=POST path=/lingxi/v1/sessions/sess_local_alpha/execute status=200
2026-09-29T13:13:25.944811Z  INFO lingxi_service::sessions: run settled through the single finalize path run_id=run_000001a0ed4c74b8_00040a session_id="sess_local_alpha" outcome=completed.no_final.no_provider_configured input_chars=22
2026-09-29T13:13:25.944948Z  INFO lingxi_service: request handled request_id=req-29fad116f028e05f91665805c78f75cb method=POST path=/lingxi/v1/sessions/sess_local_alpha/execute status=200
2026-09-29T13:13:25.945646Z  INFO lingxi_service::sessions: run settled through the single finalize path run_id=run_000001a0ed4c74b9_00040b session_id="sess_local_alpha" outcome=completed.no_final.no_provider_configured input_chars=22
2026-09-29T13:13:25.945784Z  INFO lingxi_service: request handled request_id=req-7e56d690c338dd2dd259f5477d5d27cd method=POST path=/lingxi/v1/sessions/sess_local_alpha/execute status=200
2026-09-29T13:13:25.946847Z  INFO lingxi_service::sessions: run settled through the single finalize path run_id=run_000001a0ed4c74ba_00040c session_id="sess_local_alpha" outcome=completed.no_final.no_provider_configured input_chars=22
2026-09-29T13:13:25.946984Z  INFO lingxi_service: request handled request_id=req-bf6b67864f71c556f0a49bb9c3a44da7 method=POST path=/lingxi/v1/sessions/sess_local_alpha/execute status=200
2026-09-29T13:13:25.947753Z  INFO lingxi_service::sessions: run settled through the single finalize path run_id=run_000001a0ed4c74bb_00040d session_id="sess_local_alpha" outcome=completed.no_final.no_provider_configured input_chars=22
2026-09-29T13:13:25.947891Z  INFO lingxi_service: request handled request_id=req-cbb7f669fc83c53aa6a38e6a7af2c0fc method=POST path=/lingxi/v1/sessions/sess_local_alpha/execute status=200
2026-09-29T13:13:25.948575Z  INFO lingxi_service::sessions: run settled through the single finalize path run_id=run_000001a0ed4c74bc_00040e session_id="sess_local_alpha" outcome=completed.no_final.no_provider_configured input_chars=22
2026-09-29T13:13:25.948711Z  INFO lingxi_service: request handled request_id=req-d04777bb4fe67a4389806a7a5137fff2 method=POST path=/lingxi/v1/sessions/sess_local_alpha/execute status=200
2026-09-29T13:13:25.949379Z  INFO lingxi_service::sessions: run settled through the single finalize path run_id=run_000001a0ed4c74bd_00040f session_id="sess_local_alpha" outcome=completed.no_final.no_provider_configured input_chars=22
2026-09-29T13:13:25.949516Z  INFO lingxi_service: request handled request_id=req-fb5b22303a3b5d63342c9c349fe2d609 method=POST path=/lingxi/v1/sessions/sess_local_alpha/execute status=200
2026-09-29T13:13:25.950222Z  INFO lingxi_service::sessions: run settled through the single finalize path run_id=run_000001a0ed4c74bd_000410 session_id="sess_local_alpha" outcome=completed.no_final.no_provider_configured input_chars=22
2026-09-29T13:13:25.950362Z  INFO lingxi_service: request handled request_id=req-3d23704bc15359e0891936b6cbc56cee method=POST path=/lingxi/v1/sessions/sess_local_alpha/execute status=200
2026-09-29T13:13:25.951079Z  INFO lingxi_service::sessions: run settled through the single finalize path run_id=run_000001a0ed4c74be_000411 session_id="sess_local_alpha" outcome=completed.no_final.no_provider_configured input_chars=22
2026-09-29T13:13:25.951218Z  INFO lingxi_service: request handled request_id=req-decd14593626c4e4a5242fb8edd747f6 method=POST path=/lingxi/v1/sessions/sess_local_alpha/execute status=200
2026-09-29T13:13:25.951932Z  INFO lingxi_service::sessions: run settled through the single finalize path run_id=run_000001a0ed4c74bf_000412 session_id="sess_local_alpha" outcome=completed.no_final.no_provider_configured input_chars=22
2026-09-29T13:13:25.952071Z  INFO lingxi_service: request handled request_id=req-3971583991290c8f5664cf89063c412d method=POST path=/lingxi/v1/sessions/sess_local_alpha/execute status=200
2026-09-29T13:13:25.952786Z  INFO lingxi_service::sessions: run settled through the single finalize path run_id=run_000001a0ed4c74c0_000413 session_id="sess_local_alpha" outcome=completed.no_final.no_provider_configured input_chars=22
2026-09-29T13:13:25.952923Z  INFO lingxi_service: request handled request_id=req-efc6c4276a9e4349a52f0b3c26910655 method=POST path=/lingxi/v1/sessions/sess_local_alpha/execute status=200
2026-09-29T13:13:25.953647Z  INFO lingxi_service::sessions: run settled through the single finalize path run_id=run_000001a0ed4c74c1_000414 session_id="sess_local_alpha" outcome=completed.no_final.no_provider_configured input_chars=22
2026-09-29T13:13:25.953783Z  INFO lingxi_service: request handled request_id=req-6ec88ea281c131d8ae46cb8228c373e4 method=POST path=/lingxi/v1/sessions/sess_local_alpha/execute status=200
2026-09-29T13:13:25.954458Z  INFO lingxi_service::sessions: run settled through the single finalize path run_id=run_000001a0ed4c74c2_000415 session_id="sess_local_alpha" outcome=completed.no_final.no_provider_configured input_chars=22
2026-09-29T13:13:25.954600Z  INFO lingxi_service: request handled request_id=req-eb2861909cb7ab0ce3fb199fff7fe391 method=POST path=/lingxi/v1/sessions/sess_local_alpha/execute status=200
2026-09-29T13:13:25.955296Z  INFO lingxi_service::sessions: run settled through the single finalize path run_id=run_000001a0ed4c74c2_000416 session_id="sess_local_alpha" outcome=completed.no_final.no_provider_configured input_chars=22
2026-09-29T13:13:25.955434Z  INFO lingxi_service: request handled request_id=req-a9faf5d008363b6fe73fc9081e4165af method=POST path=/lingxi/v1/sessions/sess_local_alpha/execute status=200
2026-09-29T13:13:25.956140Z  INFO lingxi_service::sessions: run settled through the single finalize path run_id=run_000001a0ed4c74c3_000417 session_id="sess_local_alpha" outcome=completed.no_final.no_provider_configured input_chars=22
2026-09-29T13:13:25.956283Z  INFO lingxi_service: request handled request_id=req-25960a2162940e4531bf49b5f4457e69 method=POST path=/lingxi/v1/sessions/sess_local_alpha/execute status=200
2026-09-29T13:13:25.956995Z  INFO lingxi_service::sessions: run settled through the single finalize path run_id=run_000001a0ed4c74c4_000418 session_id="sess_local_alpha" outcome=completed.no_final.no_provider_configured input_chars=22
2026-09-29T13:13:25.957141Z  INFO lingxi_service: request handled request_id=req-b2934ae8d94481373a2b3e49f72e37a4 method=POST path=/lingxi/v1/sessions/sess_local_alpha/execute status=200
2026-09-29T13:13:25.957903Z  INFO lingxi_service::sessions: run settled through the single finalize path run_id=run_000001a0ed4c74c5_000419 session_id="sess_local_alpha" outcome=completed.no_final.no_provider_configured input_chars=22
2026-09-29T13:13:25.958045Z  INFO lingxi_service: request handled request_id=req-e8d7c3dd031c86ac94411166333af321 method=POST path=/lingxi/v1/sessions/sess_local_alpha/execute status=200
2026-09-29T13:13:25.958767Z  INFO lingxi_service::sessions: run settled through the single finalize path run_id=run_000001a0ed4c74c6_00041a session_id="sess_local_alpha" outcome=completed.no_final.no_provider_configured input_chars=22
2026-09-29T13:13:25.958913Z  INFO lingxi_service: request handled request_id=req-9c985f5505158c5723dc4794922e80b6 method=POST path=/lingxi/v1/sessions/sess_local_alpha/execute status=200
2026-09-29T13:13:25.959630Z  INFO lingxi_service::sessions: run settled through the single finalize path run_id=run_000001a0ed4c74c7_00041b session_id="sess_local_alpha" outcome=completed.no_final.no_provider_configured input_chars=22
2026-09-29T13:13:25.959774Z  INFO lingxi_service: request handled request_id=req-30b9ca46ea41864ea6c29d82b1e848ff method=POST path=/lingxi/v1/sessions/sess_local_alpha/execute status=200
2026-09-29T13:13:25.960500Z  INFO lingxi_service::sessions: run settled through the single finalize path run_id=run_000001a0ed4c74c8_00041c session_id="sess_local_alpha" outcome=completed.no_final.no_provider_configured input_chars=22
2026-09-29T13:13:25.960640Z  INFO lingxi_service: request handled request_id=req-4fd3d9f3c3e81fcaabc037d318686cc7 method=POST path=/lingxi/v1/sessions/sess_local_alpha/execute status=200
2026-09-29T13:13:25.961357Z  INFO lingxi_service::sessions: run settled through the single finalize path run_id=run_000001a0ed4c74c8_00041d session_id="sess_local_alpha" outcome=completed.no_final.no_provider_configured input_chars=22
2026-09-29T13:13:25.961495Z  INFO lingxi_service: request handled request_id=req-27eb8323287bb16e85c86fccec487bae method=POST path=/lingxi/v1/sessions/sess_local_alpha/execute status=200
2026-09-29T13:13:25.962209Z  INFO lingxi_service::sessions: run settled through the single finalize path run_id=run_000001a0ed4c74c9_00041e session_id="sess_local_alpha" outcome=completed.no_final.no_provider_configured input_chars=22
2026-09-29T13:13:25.962349Z  INFO lingxi_service: request handled request_id=req-2e98da27fb7cd27be0f5dbe76407bf7a method=POST path=/lingxi/v1/sessions/sess_local_alpha/execute status=200
2026-09-29T13:13:25.963054Z  INFO lingxi_service::sessions: run settled through the single finalize path run_id=run_000001a0ed4c74ca_00041f session_id="sess_local_alpha" outcome=completed.no_final.no_provider_configured input_chars=22
2026-09-29T13:13:25.963199Z  INFO lingxi_service: request handled request_id=req-407c6d336893123121e026120d90f75a method=POST path=/lingxi/v1/sessions/sess_local_alpha/execute status=200
2026-09-29T13:13:25.963926Z  INFO lingxi_service::sessions: run settled through the single finalize path run_id=run_000001a0ed4c74cb_000420 session_id="sess_local_alpha" outcome=completed.no_final.no_provider_configured input_chars=22
2026-09-29T13:13:25.964066Z  INFO lingxi_service: request handled request_id=req-050fbd3cadd473abc1ddf2cba278cd47 method=POST path=/lingxi/v1/sessions/sess_local_alpha/execute status=200
2026-09-29T13:13:25.964771Z  INFO lingxi_service::sessions: run settled through the single finalize path run_id=run_000001a0ed4c74cc_000421 session_id="sess_local_alpha" outcome=completed.no_final.no_provider_configured input_chars=22
2026-09-29T13:13:25.964913Z  INFO lingxi_service: request handled request_id=req-883ea00a42ac4a0f845b3e96c8bb4225 method=POST path=/lingxi/v1/sessions/sess_local_alpha/execute status=200
2026-09-29T13:13:25.965620Z  INFO lingxi_service::sessions: run settled through the single finalize path run_id=run_000001a0ed4c74cd_000422 session_id="sess_local_alpha" outcome=completed.no_final.no_provider_configured input_chars=22
2026-09-29T13:13:25.965763Z  INFO lingxi_service: request handled request_id=req-5a52fbeed16ca7d7ef3920569f305325 method=POST path=/lingxi/v1/sessions/sess_local_alpha/execute status=200
2026-09-29T13:13:25.966448Z  INFO lingxi_service::sessions: run settled through the single finalize path run_id=run_000001a0ed4c74ce_000423 session_id="sess_local_alpha" outcome=completed.no_final.no_provider_configured input_chars=22
2026-09-29T13:13:25.966588Z  INFO lingxi_service: request handled request_id=req-bcd5f98f9cf00f3ac8593279818a75d9 method=POST path=/lingxi/v1/sessions/sess_local_alpha/execute status=200
2026-09-29T13:13:25.967288Z  INFO lingxi_service::sessions: run settled through the single finalize path run_id=run_000001a0ed4c74ce_000424 session_id="sess_local_alpha" outcome=completed.no_final.no_provider_configured input_chars=22
2026-09-29T13:13:25.967430Z  INFO lingxi_service: request handled request_id=req-dd9a729e96fcbdfd3161910c56b4c93b method=POST path=/lingxi/v1/sessions/sess_local_alpha/execute status=200
2026-09-29T13:13:25.968111Z  INFO lingxi_service::sessions: run settled through the single finalize path run_id=run_000001a0ed4c74cf_000425 session_id="sess_local_alpha" outcome=completed.no_final.no_provider_configured input_chars=22
2026-09-29T13:13:25.968255Z  INFO lingxi_service: request handled request_id=req-2d987825499e8ed076806d194abc5149 method=POST path=/lingxi/v1/sessions/sess_local_alpha/execute status=200
2026-09-29T13:13:25.968956Z  INFO lingxi_service::sessions: run settled through the single finalize path run_id=run_000001a0ed4c74d0_000426 session_id="sess_local_alpha" outcome=completed.no_final.no_provider_configured input_chars=22
2026-09-29T13:13:25.969096Z  INFO lingxi_service: request handled request_id=req-4f45aa12ca5b93fc7ad6bcb5c2b57bd0 method=POST path=/lingxi/v1/sessions/sess_local_alpha/execute status=200
2026-09-29T13:13:25.969776Z  INFO lingxi_service::sessions: run settled through the single finalize path run_id=run_000001a0ed4c74d1_000427 session_id="sess_local_alpha" outcome=completed.no_final.no_provider_configured input_chars=22
2026-09-29T13:13:25.969916Z  INFO lingxi_service: request handled request_id=req-9a76854097ddaa6160063022a2dbbb5e method=POST path=/lingxi/v1/sessions/sess_local_alpha/execute status=200
2026-09-29T13:13:25.970612Z  INFO lingxi_service::sessions: run settled through the single finalize path run_id=run_000001a0ed4c74d2_000428 session_id="sess_local_alpha" outcome=completed.no_final.no_provider_configured input_chars=22
2026-09-29T13:13:25.970752Z  INFO lingxi_service: request handled request_id=req-de4eb6b67bd62668a3d322f9c712758b method=POST path=/lingxi/v1/sessions/sess_local_alpha/execute status=200
2026-09-29T13:13:25.971448Z  INFO lingxi_service::sessions: run settled through the single finalize path run_id=run_000001a0ed4c74d3_000429 session_id="sess_local_alpha" outcome=completed.no_final.no_provider_configured input_chars=22
2026-09-29T13:13:25.971592Z  INFO lingxi_service: request handled request_id=req-1b2172281d3c8f9f5d2207768a6869ca method=POST path=/lingxi/v1/sessions/sess_local_alpha/execute status=200
2026-09-29T13:13:25.972276Z  INFO lingxi_service::sessions: run settled through the single finalize path run_id=run_000001a0ed4c74d3_00042a session_id="sess_local_alpha" outcome=completed.no_final.no_provider_configured input_chars=22
2026-09-29T13:13:25.972417Z  INFO lingxi_service: request handled request_id=req-92166e64db377d9476c084942e306420 method=POST path=/lingxi/v1/sessions/sess_local_alpha/execute status=200
2026-09-29T13:13:25.973173Z  INFO lingxi_service::sessions: run settled through the single finalize path run_id=run_000001a0ed4c74d4_00042b session_id="sess_local_alpha" outcome=completed.no_final.no_provider_configured input_chars=22
2026-09-29T13:13:25.973317Z  INFO lingxi_service: request handled request_id=req-771e62e55a92ee2821772123b84de4f7 method=POST path=/lingxi/v1/sessions/sess_local_alpha/execute status=200
2026-09-29T13:13:25.974007Z  INFO lingxi_service::sessions: run settled through the single finalize path run_id=run_000001a0ed4c74d5_00042c session_id="sess_local_alpha" outcome=completed.no_final.no_provider_configured input_chars=22
2026-09-29T13:13:25.974147Z  INFO lingxi_service: request handled request_id=req-5486dfa7c156178bf15dd65af4c0335f method=POST path=/lingxi/v1/sessions/sess_local_alpha/execute status=200
2026-09-29T13:13:25.974889Z  INFO lingxi_service::sessions: run settled through the single finalize path run_id=run_000001a0ed4c74d6_00042d session_id="sess_local_alpha" outcome=completed.no_final.no_provider_configured input_chars=22
2026-09-29T13:13:25.975030Z  INFO lingxi_service: request handled request_id=req-b1a7a007b200900d685166b305ba8aa5 method=POST path=/lingxi/v1/sessions/sess_local_alpha/execute status=200
2026-09-29T13:13:25.975726Z  INFO lingxi_service::sessions: run settled through the single finalize path run_id=run_000001a0ed4c74d7_00042e session_id="sess_local_alpha" outcome=completed.no_final.no_provider_configured input_chars=22
2026-09-29T13:13:25.975871Z  INFO lingxi_service: request handled request_id=req-0562adce086b067d898e0aa6c4045de1 method=POST path=/lingxi/v1/sessions/sess_local_alpha/execute status=200
2026-09-29T13:13:25.976547Z  INFO lingxi_service::sessions: run settled through the single finalize path run_id=run_000001a0ed4c74d8_00042f session_id="sess_local_alpha" outcome=completed.no_final.no_provider_configured input_chars=22
2026-09-29T13:13:25.976688Z  INFO lingxi_service: request handled request_id=req-01c85e0f69235c1295d46ff7e432db63 method=POST path=/lingxi/v1/sessions/sess_local_alpha/execute status=200
2026-09-29T13:13:25.977356Z  INFO lingxi_service::sessions: run settled through the single finalize path run_id=run_000001a0ed4c74d8_000430 session_id="sess_local_alpha" outcome=completed.no_final.no_provider_configured input_chars=22
2026-09-29T13:13:25.977495Z  INFO lingxi_service: request handled request_id=req-40c76e206347378cfbb6b7fac6eb2fd2 method=POST path=/lingxi/v1/sessions/sess_local_alpha/execute status=200
2026-09-29T13:13:25.978232Z  INFO lingxi_service::sessions: run settled through the single finalize path run_id=run_000001a0ed4c74d9_000431 session_id="sess_local_alpha" outcome=completed.no_final.no_provider_configured input_chars=22
2026-09-29T13:13:25.978371Z  INFO lingxi_service: request handled request_id=req-e0ac33074b1c8718c532021b48a8afae method=POST path=/lingxi/v1/sessions/sess_local_alpha/execute status=200
2026-09-29T13:13:25.979048Z  INFO lingxi_service::sessions: run settled through the single finalize path run_id=run_000001a0ed4c74da_000432 session_id="sess_local_alpha" outcome=completed.no_final.no_provider_configured input_chars=22
2026-09-29T13:13:25.979193Z  INFO lingxi_service: request handled request_id=req-6001349a0990831852ef3e9821a494c6 method=POST path=/lingxi/v1/sessions/sess_local_alpha/execute status=200
2026-09-29T13:13:25.979906Z  INFO lingxi_service::sessions: run settled through the single finalize path run_id=run_000001a0ed4c74db_000433 session_id="sess_local_alpha" outcome=completed.no_final.no_provider_configured input_chars=22
2026-09-29T13:13:25.980045Z  INFO lingxi_service: request handled request_id=req-ef3411b5907b739396e4537d94ea5f27 method=POST path=/lingxi/v1/sessions/sess_local_alpha/execute status=200
2026-09-29T13:13:25.980781Z  INFO lingxi_service::sessions: run settled through the single finalize path run_id=run_000001a0ed4c74dc_000434 session_id="sess_local_alpha" outcome=completed.no_final.no_provider_configured input_chars=22
2026-09-29T13:13:25.980924Z  INFO lingxi_service: request handled request_id=req-18bcf9b9e942e7c8cd55084528479ebf method=POST path=/lingxi/v1/sessions/sess_local_alpha/execute status=200
2026-09-29T13:13:25.981674Z  INFO lingxi_service::sessions: run settled through the single finalize path run_id=run_000001a0ed4c74dd_000435 session_id="sess_local_alpha" outcome=completed.no_final.no_provider_configured input_chars=22
2026-09-29T13:13:25.981816Z  INFO lingxi_service: request handled request_id=req-a221a48cdf084866b32639cac92e1582 method=POST path=/lingxi/v1/sessions/sess_local_alpha/execute status=200
2026-09-29T13:13:25.982498Z  INFO lingxi_service::sessions: run settled through the single finalize path run_id=run_000001a0ed4c74de_000436 session_id="sess_local_alpha" outcome=completed.no_final.no_provider_configured input_chars=22
2026-09-29T13:13:25.982638Z  INFO lingxi_service: request handled request_id=req-117f5c9b5c9837a4a27a58cb6b6b0601 method=POST path=/lingxi/v1/sessions/sess_local_alpha/execute status=200
2026-09-29T13:13:25.983343Z  INFO lingxi_service::sessions: run settled through the single finalize path run_id=run_000001a0ed4c74de_000437 session_id="sess_local_alpha" outcome=completed.no_final.no_provider_configured input_chars=22
2026-09-29T13:13:25.983485Z  INFO lingxi_service: request handled request_id=req-52a90456f0e06243a69a96d802aa3435 method=POST path=/lingxi/v1/sessions/sess_local_alpha/execute status=200
2026-09-29T13:13:25.984165Z  INFO lingxi_service::sessions: run settled through the single finalize path run_id=run_000001a0ed4c74df_000438 session_id="sess_local_alpha" outcome=completed.no_final.no_provider_configured input_chars=22
2026-09-29T13:13:25.984316Z  INFO lingxi_service: request handled request_id=req-68dabc2cc73b103c0cf2354d8f87ad19 method=POST path=/lingxi/v1/sessions/sess_local_alpha/execute status=200
2026-09-29T13:13:25.985001Z  INFO lingxi_service::sessions: run settled through the single finalize path run_id=run_000001a0ed4c74e0_000439 session_id="sess_local_alpha" outcome=completed.no_final.no_provider_configured input_chars=22
2026-09-29T13:13:25.985142Z  INFO lingxi_service: request handled request_id=req-09b727f4bc050e3b2ddbf4d1f7b0f8fb method=POST path=/lingxi/v1/sessions/sess_local_alpha/execute status=200
2026-09-29T13:13:25.985849Z  INFO lingxi_service::sessions: run settled through the single finalize path run_id=run_000001a0ed4c74e1_00043a session_id="sess_local_alpha" outcome=completed.no_final.no_provider_configured input_chars=22
2026-09-29T13:13:25.985990Z  INFO lingxi_service: request handled request_id=req-5628d66ca8abbc445e7a6a19e01229fd method=POST path=/lingxi/v1/sessions/sess_local_alpha/execute status=200
2026-09-29T13:13:25.986721Z  INFO lingxi_service::sessions: run settled through the single finalize path run_id=run_000001a0ed4c74e2_00043b session_id="sess_local_alpha" outcome=completed.no_final.no_provider_configured input_chars=22
2026-09-29T13:13:25.986861Z  INFO lingxi_service: request handled request_id=req-fd41e40ef3ff59ffc8374560985f946f method=POST path=/lingxi/v1/sessions/sess_local_alpha/execute status=200
2026-09-29T13:13:25.987590Z  INFO lingxi_service::sessions: run settled through the single finalize path run_id=run_000001a0ed4c74e3_00043c session_id="sess_local_alpha" outcome=completed.no_final.no_provider_configured input_chars=22
2026-09-29T13:13:25.987729Z  INFO lingxi_service: request handled request_id=req-613af404c58d2fda7670a8605d21ab73 method=POST path=/lingxi/v1/sessions/sess_local_alpha/execute status=200
2026-09-29T13:13:25.988877Z  INFO lingxi_service::sessions: run settled through the single finalize path run_id=run_000001a0ed4c74e4_00043d session_id="sess_local_alpha" outcome=completed.no_final.no_provider_configured input_chars=22
2026-09-29T13:13:25.989018Z  INFO lingxi_service: request handled request_id=req-74fb054f2c4b3e38bbea358399490217 method=POST path=/lingxi/v1/sessions/sess_local_alpha/execute status=200
2026-09-29T13:13:25.989740Z  INFO lingxi_service::sessions: run settled through the single finalize path run_id=run_000001a0ed4c74e5_00043e session_id="sess_local_alpha" outcome=completed.no_final.no_provider_configured input_chars=22
2026-09-29T13:13:25.989885Z  INFO lingxi_service: request handled request_id=req-9ea3238bacb38f20f8ab4fc4efd551b5 method=POST path=/lingxi/v1/sessions/sess_local_alpha/execute status=200
2026-09-29T13:13:25.990587Z  INFO lingxi_service::sessions: run settled through the single finalize path run_id=run_000001a0ed4c74e6_00043f session_id="sess_local_alpha" outcome=completed.no_final.no_provider_configured input_chars=22
2026-09-29T13:13:25.990730Z  INFO lingxi_service: request handled request_id=req-cceb1050cc03d8a027d3aee1d6a7b03b method=POST path=/lingxi/v1/sessions/sess_local_alpha/execute status=200
2026-09-29T13:13:25.991495Z  INFO lingxi_service::sessions: run settled through the single finalize path run_id=run_000001a0ed4c74e7_000440 session_id="sess_local_alpha" outcome=completed.no_final.no_provider_configured input_chars=22
2026-09-29T13:13:25.991640Z  INFO lingxi_service: request handled request_id=req-e807caa0dbfeb99a4ae4ebbb1ed8e630 method=POST path=/lingxi/v1/sessions/sess_local_alpha/execute status=200
2026-09-29T13:13:25.992360Z  INFO lingxi_service::sessions: run settled through the single finalize path run_id=run_000001a0ed4c74e7_000441 session_id="sess_local_alpha" outcome=completed.no_final.no_provider_configured input_chars=22
2026-09-29T13:13:25.992503Z  INFO lingxi_service: request handled request_id=req-dbd550dd2e1625314bae94e22a8009e9 method=POST path=/lingxi/v1/sessions/sess_local_alpha/execute status=200
2026-09-29T13:13:25.993229Z  INFO lingxi_service::sessions: run settled through the single finalize path run_id=run_000001a0ed4c74e8_000442 session_id="sess_local_alpha" outcome=completed.no_final.no_provider_configured input_chars=22
2026-09-29T13:13:25.993371Z  INFO lingxi_service: request handled request_id=req-219b7b4779958e86153127c3095b2417 method=POST path=/lingxi/v1/sessions/sess_local_alpha/execute status=200
2026-09-29T13:13:25.994069Z  INFO lingxi_service::sessions: run settled through the single finalize path run_id=run_000001a0ed4c74e9_000443 session_id="sess_local_alpha" outcome=completed.no_final.no_provider_configured input_chars=22
2026-09-29T13:13:25.994212Z  INFO lingxi_service: request handled request_id=req-3f6e036189526bed3dbf2de8aecee101 method=POST path=/lingxi/v1/sessions/sess_local_alpha/execute status=200
2026-09-29T13:13:25.994897Z  INFO lingxi_service::sessions: run settled through the single finalize path run_id=run_000001a0ed4c74ea_000444 session_id="sess_local_alpha" outcome=completed.no_final.no_provider_configured input_chars=22
2026-09-29T13:13:25.995040Z  INFO lingxi_service: request handled request_id=req-5ed161ec1e160e77ba335a4a36f97bb0 method=POST path=/lingxi/v1/sessions/sess_local_alpha/execute status=200
2026-09-29T13:13:25.995736Z  INFO lingxi_service::sessions: run settled through the single finalize path run_id=run_000001a0ed4c74eb_000445 session_id="sess_local_alpha" outcome=completed.no_final.no_provider_configured input_chars=22
2026-09-29T13:13:25.995879Z  INFO lingxi_service: request handled request_id=req-819a1add9865ff1a3cdf43ff91547210 method=POST path=/lingxi/v1/sessions/sess_local_alpha/execute status=200
2026-09-29T13:13:25.996580Z  INFO lingxi_service::sessions: run settled through the single finalize path run_id=run_000001a0ed4c74ec_000446 session_id="sess_local_alpha" outcome=completed.no_final.no_provider_configured input_chars=22
2026-09-29T13:13:25.996726Z  INFO lingxi_service: request handled request_id=req-6e7ec87e6347cb1e5f169316ce07dc41 method=POST path=/lingxi/v1/sessions/sess_local_alpha/execute status=200
2026-09-29T13:13:25.997439Z  INFO lingxi_service::sessions: run settled through the single finalize path run_id=run_000001a0ed4c74ed_000447 session_id="sess_local_alpha" outcome=completed.no_final.no_provider_configured input_chars=22
2026-09-29T13:13:25.997581Z  INFO lingxi_service: request handled request_id=req-093024f2357f015bf46bf44526f1ff2e method=POST path=/lingxi/v1/sessions/sess_local_alpha/execute status=200
2026-09-29T13:13:25.998272Z  INFO lingxi_service::sessions: run settled through the single finalize path run_id=run_000001a0ed4c74ed_000448 session_id="sess_local_alpha" outcome=completed.no_final.no_provider_configured input_chars=22
2026-09-29T13:13:25.998417Z  INFO lingxi_service: request handled request_id=req-ce86fd991cfe1cdd7bb06b0d46f4e3e0 method=POST path=/lingxi/v1/sessions/sess_local_alpha/execute status=200
2026-09-29T13:13:25.999163Z  INFO lingxi_service::sessions: run settled through the single finalize path run_id=run_000001a0ed4c74ee_000449 session_id="sess_local_alpha" outcome=completed.no_final.no_provider_configured input_chars=22
2026-09-29T13:13:25.999304Z  INFO lingxi_service: request handled request_id=req-04d844356a75990cd325b0b32eae9444 method=POST path=/lingxi/v1/sessions/sess_local_alpha/execute status=200
2026-09-29T13:13:26.000020Z  INFO lingxi_service::sessions: run settled through the single finalize path run_id=run_000001a0ed4c74ef_00044a session_id="sess_local_alpha" outcome=completed.no_final.no_provider_configured input_chars=22
2026-09-29T13:13:26.000162Z  INFO lingxi_service: request handled request_id=req-0c55b4dd24b0976114de02c44e454875 method=POST path=/lingxi/v1/sessions/sess_local_alpha/execute status=200
2026-09-29T13:13:26.000848Z  INFO lingxi_service::sessions: run settled through the single finalize path run_id=run_000001a0ed4c74f0_00044b session_id="sess_local_alpha" outcome=completed.no_final.no_provider_configured input_chars=22
2026-09-29T13:13:26.000989Z  INFO lingxi_service: request handled request_id=req-11c85d291628a2603acaf02833153b2a method=POST path=/lingxi/v1/sessions/sess_local_alpha/execute status=200
2026-09-29T13:13:26.001696Z  INFO lingxi_service::sessions: run settled through the single finalize path run_id=run_000001a0ed4c74f1_00044c session_id="sess_local_alpha" outcome=completed.no_final.no_provider_configured input_chars=22
2026-09-29T13:13:26.001840Z  INFO lingxi_service: request handled request_id=req-1bbeb15c955d3ec2a8eaf24b16398bfb method=POST path=/lingxi/v1/sessions/sess_local_alpha/execute status=200
2026-09-29T13:13:26.002597Z  INFO lingxi_service::sessions: run settled through the single finalize path run_id=run_000001a0ed4c74f2_00044d session_id="sess_local_alpha" outcome=completed.no_final.no_provider_configured input_chars=22
2026-09-29T13:13:26.002741Z  INFO lingxi_service: request handled request_id=req-9b1d2ebdfa9a1d6c3a72dbab8710eb54 method=POST path=/lingxi/v1/sessions/sess_local_alpha/execute status=200
2026-09-29T13:13:26.003418Z  INFO lingxi_service::sessions: run settled through the single finalize path run_id=run_000001a0ed4c74f3_00044e session_id="sess_local_alpha" outcome=completed.no_final.no_provider_configured input_chars=22
2026-09-29T13:13:26.003561Z  INFO lingxi_service: request handled request_id=req-1cb2917c9d6bbd6f84a7ad06ff3c30da method=POST path=/lingxi/v1/sessions/sess_local_alpha/execute status=200
2026-09-29T13:13:26.004332Z  INFO lingxi_service::sessions: run settled through the single finalize path run_id=run_000001a0ed4c74f3_00044f session_id="sess_local_alpha" outcome=completed.no_final.no_provider_configured input_chars=22
2026-09-29T13:13:26.004476Z  INFO lingxi_service: request handled request_id=req-5f0a4cb8bc3bd4018ae953da819bd656 method=POST path=/lingxi/v1/sessions/sess_local_alpha/execute status=200
2026-09-29T13:13:26.005247Z  INFO lingxi_service::sessions: run settled through the single finalize path run_id=run_000001a0ed4c74f4_000450 session_id="sess_local_alpha" outcome=completed.no_final.no_provider_configured input_chars=22
2026-09-29T13:13:26.005389Z  INFO lingxi_service: request handled request_id=req-761f6eff958cbe0c50cbea91c26c4e43 method=POST path=/lingxi/v1/sessions/sess_local_alpha/execute status=200
2026-09-29T13:13:26.006134Z  INFO lingxi_service::sessions: run settled through the single finalize path run_id=run_000001a0ed4c74f5_000451 session_id="sess_local_alpha" outcome=completed.no_final.no_provider_configured input_chars=22
2026-09-29T13:13:26.006275Z  INFO lingxi_service: request handled request_id=req-2d52e27d187492f64f4d75e36258120c method=POST path=/lingxi/v1/sessions/sess_local_alpha/execute status=200
2026-09-29T13:13:26.006959Z  INFO lingxi_service::sessions: run settled through the single finalize path run_id=run_000001a0ed4c74f6_000452 session_id="sess_local_alpha" outcome=completed.no_final.no_provider_configured input_chars=22
2026-09-29T13:13:26.007102Z  INFO lingxi_service: request handled request_id=req-2002c258452176fd2f3bfee5c477e060 method=POST path=/lingxi/v1/sessions/sess_local_alpha/execute status=200
2026-09-29T13:13:26.007786Z  INFO lingxi_service::sessions: run settled through the single finalize path run_id=run_000001a0ed4c74f7_000453 session_id="sess_local_alpha" outcome=completed.no_final.no_provider_configured input_chars=22
2026-09-29T13:13:26.007927Z  INFO lingxi_service: request handled request_id=req-acfdf1274963df55903f68ac2343fd5f method=POST path=/lingxi/v1/sessions/sess_local_alpha/execute status=200
2026-09-29T13:13:26.008600Z  INFO lingxi_service::sessions: run settled through the single finalize path run_id=run_000001a0ed4c74f8_000454 session_id="sess_local_alpha" outcome=completed.no_final.no_provider_configured input_chars=22
2026-09-29T13:13:26.008741Z  INFO lingxi_service: request handled request_id=req-8d9b9735cf4ca8c4005eab2df49e6ef2 method=POST path=/lingxi/v1/sessions/sess_local_alpha/execute status=200
2026-09-29T13:13:26.009436Z  INFO lingxi_service::sessions: run settled through the single finalize path run_id=run_000001a0ed4c74f9_000455 session_id="sess_local_alpha" outcome=completed.no_final.no_provider_configured input_chars=22
2026-09-29T13:13:26.009579Z  INFO lingxi_service: request handled request_id=req-61519fef2214c8991fb362da13fe7f99 method=POST path=/lingxi/v1/sessions/sess_local_alpha/execute status=200
2026-09-29T13:13:26.010276Z  INFO lingxi_service::sessions: run settled through the single finalize path run_id=run_000001a0ed4c74f9_000456 session_id="sess_local_alpha" outcome=completed.no_final.no_provider_configured input_chars=22
2026-09-29T13:13:26.010417Z  INFO lingxi_service: request handled request_id=req-183efe4a2d9809474c1b97d11aac08b3 method=POST path=/lingxi/v1/sessions/sess_local_alpha/execute status=200
2026-09-29T13:13:26.011100Z  INFO lingxi_service::sessions: run settled through the single finalize path run_id=run_000001a0ed4c74fa_000457 session_id="sess_local_alpha" outcome=completed.no_final.no_provider_configured input_chars=22
2026-09-29T13:13:26.011243Z  INFO lingxi_service: request handled request_id=req-b516e67a566534666d7d8c150533efa7 method=POST path=/lingxi/v1/sessions/sess_local_alpha/execute status=200
2026-09-29T13:13:26.011936Z  INFO lingxi_service::sessions: run settled through the single finalize path run_id=run_000001a0ed4c74fb_000458 session_id="sess_local_alpha" outcome=completed.no_final.no_provider_configured input_chars=22
2026-09-29T13:13:26.012077Z  INFO lingxi_service: request handled request_id=req-a4a8c0bec643f6256428e9b35c21c32f method=POST path=/lingxi/v1/sessions/sess_local_alpha/execute status=200
2026-09-29T13:13:26.012800Z  INFO lingxi_service::sessions: run settled through the single finalize path run_id=run_000001a0ed4c74fc_000459 session_id="sess_local_alpha" outcome=completed.no_final.no_provider_configured input_chars=22
2026-09-29T13:13:26.012940Z  INFO lingxi_service: request handled request_id=req-a121a9e918bd02eb1e6c249a7464634a method=POST path=/lingxi/v1/sessions/sess_local_alpha/execute status=200
2026-09-29T13:13:26.013651Z  INFO lingxi_service::sessions: run settled through the single finalize path run_id=run_000001a0ed4c74fd_00045a session_id="sess_local_alpha" outcome=completed.no_final.no_provider_configured input_chars=22
2026-09-29T13:13:26.013791Z  INFO lingxi_service: request handled request_id=req-7568422f94b92d0f49f6f595444968e6 method=POST path=/lingxi/v1/sessions/sess_local_alpha/execute status=200
2026-09-29T13:13:26.014480Z  INFO lingxi_service::sessions: run settled through the single finalize path run_id=run_000001a0ed4c74fe_00045b session_id="sess_local_alpha" outcome=completed.no_final.no_provider_configured input_chars=22
2026-09-29T13:13:26.014623Z  INFO lingxi_service: request handled request_id=req-3dcea8ff52660ed49aa52cefdc94eed2 method=POST path=/lingxi/v1/sessions/sess_local_alpha/execute status=200
2026-09-29T13:13:26.015336Z  INFO lingxi_service::sessions: run settled through the single finalize path run_id=run_000001a0ed4c74fe_00045c session_id="sess_local_alpha" outcome=completed.no_final.no_provider_configured input_chars=22
2026-09-29T13:13:26.015478Z  INFO lingxi_service: request handled request_id=req-6dece6e73731d71b68580371793e7d31 method=POST path=/lingxi/v1/sessions/sess_local_alpha/execute status=200
2026-09-29T13:13:26.016160Z  INFO lingxi_service::sessions: run settled through the single finalize path run_id=run_000001a0ed4c74ff_00045d session_id="sess_local_alpha" outcome=completed.no_final.no_provider_configured input_chars=22
2026-09-29T13:13:26.016301Z  INFO lingxi_service: request handled request_id=req-628a310129c60030112013c371be2af2 method=POST path=/lingxi/v1/sessions/sess_local_alpha/execute status=200
2026-09-29T13:13:26.017026Z  INFO lingxi_service::sessions: run settled through the single finalize path run_id=run_000001a0ed4c7500_00045e session_id="sess_local_alpha" outcome=completed.no_final.no_provider_configured input_chars=22
2026-09-29T13:13:26.017169Z  INFO lingxi_service: request handled request_id=req-f1287a437bd00a48ef5922700be81878 method=POST path=/lingxi/v1/sessions/sess_local_alpha/execute status=200
2026-09-29T13:13:26.017891Z  INFO lingxi_service::sessions: run settled through the single finalize path run_id=run_000001a0ed4c7501_00045f session_id="sess_local_alpha" outcome=completed.no_final.no_provider_configured input_chars=22
2026-09-29T13:13:26.018033Z  INFO lingxi_service: request handled request_id=req-7fb9c97f2e296a77f15a8016b4aa6cdb method=POST path=/lingxi/v1/sessions/sess_local_alpha/execute status=200
2026-09-29T13:13:26.018733Z  INFO lingxi_service::sessions: run settled through the single finalize path run_id=run_000001a0ed4c7502_000460 session_id="sess_local_alpha" outcome=completed.no_final.no_provider_configured input_chars=22
2026-09-29T13:13:26.018876Z  INFO lingxi_service: request handled request_id=req-204e6d74129a8eb22ba3e699212040de method=POST path=/lingxi/v1/sessions/sess_local_alpha/execute status=200
2026-09-29T13:13:26.019604Z  INFO lingxi_service::sessions: run settled through the single finalize path run_id=run_000001a0ed4c7503_000461 session_id="sess_local_alpha" outcome=completed.no_final.no_provider_configured input_chars=22
2026-09-29T13:13:26.019750Z  INFO lingxi_service: request handled request_id=req-3c8280c266235ae5a8241e38bd2dec5d method=POST path=/lingxi/v1/sessions/sess_local_alpha/execute status=200
2026-09-29T13:13:26.020455Z  INFO lingxi_service::sessions: run settled through the single finalize path run_id=run_000001a0ed4c7504_000462 session_id="sess_local_alpha" outcome=completed.no_final.no_provider_configured input_chars=22
2026-09-29T13:13:26.020601Z  INFO lingxi_service: request handled request_id=req-d9adcee217b6d8b49bac3fc67cc8cbd8 method=POST path=/lingxi/v1/sessions/sess_local_alpha/execute status=200
2026-09-29T13:13:26.021275Z  INFO lingxi_service::sessions: run settled through the single finalize path run_id=run_000001a0ed4c7504_000463 session_id="sess_local_alpha" outcome=completed.no_final.no_provider_configured input_chars=22
2026-09-29T13:13:26.021417Z  INFO lingxi_service: request handled request_id=req-ff80b9fef3939f033e89a74fd34fd3af method=POST path=/lingxi/v1/sessions/sess_local_alpha/execute status=200
2026-09-29T13:13:26.022161Z  INFO lingxi_service::sessions: run settled through the single finalize path run_id=run_000001a0ed4c7505_000464 session_id="sess_local_alpha" outcome=completed.no_final.no_provider_configured input_chars=22
2026-09-29T13:13:26.022302Z  INFO lingxi_service: request handled request_id=req-894fa33d9772869e23e532847d1f31d5 method=POST path=/lingxi/v1/sessions/sess_local_alpha/execute status=200
2026-09-29T13:13:26.022992Z  INFO lingxi_service::sessions: run settled through the single finalize path run_id=run_000001a0ed4c7506_000465 session_id="sess_local_alpha" outcome=completed.no_final.no_provider_configured input_chars=22
2026-09-29T13:13:26.023137Z  INFO lingxi_service: request handled request_id=req-ce46ddd4f27c7dece311c62ed7da1565 method=POST path=/lingxi/v1/sessions/sess_local_alpha/execute status=200
2026-09-29T13:13:26.023834Z  INFO lingxi_service::sessions: run settled through the single finalize path run_id=run_000001a0ed4c7507_000466 session_id="sess_local_alpha" outcome=completed.no_final.no_provider_configured input_chars=22
2026-09-29T13:13:26.023977Z  INFO lingxi_service: request handled request_id=req-5d03d455257bff39b96223df587aad26 method=POST path=/lingxi/v1/sessions/sess_local_alpha/execute status=200
2026-09-29T13:13:26.024658Z  INFO lingxi_service::sessions: run settled through the single finalize path run_id=run_000001a0ed4c7508_000467 session_id="sess_local_alpha" outcome=completed.no_final.no_provider_configured input_chars=22
2026-09-29T13:13:26.024800Z  INFO lingxi_service: request handled request_id=req-e0664022e452440e6ffc286effe77655 method=POST path=/lingxi/v1/sessions/sess_local_alpha/execute status=200
2026-09-29T13:13:26.025486Z  INFO lingxi_service::sessions: run settled through the single finalize path run_id=run_000001a0ed4c7509_000468 session_id="sess_local_alpha" outcome=completed.no_final.no_provider_configured input_chars=22
2026-09-29T13:13:26.025627Z  INFO lingxi_service: request handled request_id=req-972eb4b3fc87a3ce064a063a6a8c01b3 method=POST path=/lingxi/v1/sessions/sess_local_alpha/execute status=200
2026-09-29T13:13:26.026336Z  INFO lingxi_service::sessions: run settled through the single finalize path run_id=run_000001a0ed4c7509_000469 session_id="sess_local_alpha" outcome=completed.no_final.no_provider_configured input_chars=22
2026-09-29T13:13:26.026477Z  INFO lingxi_service: request handled request_id=req-26115c82c07bfdca6c07caf20cdd4735 method=POST path=/lingxi/v1/sessions/sess_local_alpha/execute status=200
2026-09-29T13:13:26.027153Z  INFO lingxi_service::sessions: run settled through the single finalize path run_id=run_000001a0ed4c750a_00046a session_id="sess_local_alpha" outcome=completed.no_final.no_provider_configured input_chars=22
2026-09-29T13:13:26.027297Z  INFO lingxi_service: request handled request_id=req-cb7bc438b50bdd529a30760b487a5fef method=POST path=/lingxi/v1/sessions/sess_local_alpha/execute status=200
2026-09-29T13:13:26.028016Z  INFO lingxi_service::sessions: run settled through the single finalize path run_id=run_000001a0ed4c750b_00046b session_id="sess_local_alpha" outcome=completed.no_final.no_provider_configured input_chars=22
2026-09-29T13:13:26.028161Z  INFO lingxi_service: request handled request_id=req-b072848b8f5a5eb1bb07e6f3a3271c28 method=POST path=/lingxi/v1/sessions/sess_local_alpha/execute status=200
2026-09-29T13:13:26.028865Z  INFO lingxi_service::sessions: run settled through the single finalize path run_id=run_000001a0ed4c750c_00046c session_id="sess_local_alpha" outcome=completed.no_final.no_provider_configured input_chars=22
2026-09-29T13:13:26.029011Z  INFO lingxi_service: request handled request_id=req-18356a272fa39cd5441526ec57f7d230 method=POST path=/lingxi/v1/sessions/sess_local_alpha/execute status=200
2026-09-29T13:13:26.030098Z  INFO lingxi_service::sessions: run settled through the single finalize path run_id=run_000001a0ed4c750d_00046d session_id="sess_local_alpha" outcome=completed.no_final.no_provider_configured input_chars=22
2026-09-29T13:13:26.030245Z  INFO lingxi_service: request handled request_id=req-7453ad419f54cf5405361809fa9d865d method=POST path=/lingxi/v1/sessions/sess_local_alpha/execute status=200
2026-09-29T13:13:26.030936Z  INFO lingxi_service::sessions: run settled through the single finalize path run_id=run_000001a0ed4c750e_00046e session_id="sess_local_alpha" outcome=completed.no_final.no_provider_configured input_chars=22
2026-09-29T13:13:26.031078Z  INFO lingxi_service: request handled request_id=req-abf64858bb0a7e5fde75ce56dcc992a7 method=POST path=/lingxi/v1/sessions/sess_local_alpha/execute status=200
2026-09-29T13:13:26.031778Z  INFO lingxi_service::sessions: run settled through the single finalize path run_id=run_000001a0ed4c750f_00046f session_id="sess_local_alpha" outcome=completed.no_final.no_provider_configured input_chars=22
2026-09-29T13:13:26.031921Z  INFO lingxi_service: request handled request_id=req-b21a20554d1c9716decf75c4be82aefc method=POST path=/lingxi/v1/sessions/sess_local_alpha/execute status=200
2026-09-29T13:13:26.032624Z  INFO lingxi_service::sessions: run settled through the single finalize path run_id=run_000001a0ed4c7510_000470 session_id="sess_local_alpha" outcome=completed.no_final.no_provider_configured input_chars=22
2026-09-29T13:13:26.032766Z  INFO lingxi_service: request handled request_id=req-7baee664c5ef2d815b8acb332a5e952d method=POST path=/lingxi/v1/sessions/sess_local_alpha/execute status=200
2026-09-29T13:13:26.033459Z  INFO lingxi_service::sessions: run settled through the single finalize path run_id=run_000001a0ed4c7511_000471 session_id="sess_local_alpha" outcome=completed.no_final.no_provider_configured input_chars=22
2026-09-29T13:13:26.033600Z  INFO lingxi_service: request handled request_id=req-bab779c48d4e54f479dbcd27022d9566 method=POST path=/lingxi/v1/sessions/sess_local_alpha/execute status=200
2026-09-29T13:13:26.034279Z  INFO lingxi_service::sessions: run settled through the single finalize path run_id=run_000001a0ed4c7511_000472 session_id="sess_local_alpha" outcome=completed.no_final.no_provider_configured input_chars=22
2026-09-29T13:13:26.034421Z  INFO lingxi_service: request handled request_id=req-aff4dbea55f817908346ff7172958ec8 method=POST path=/lingxi/v1/sessions/sess_local_alpha/execute status=200
2026-09-29T13:13:26.035103Z  INFO lingxi_service::sessions: run settled through the single finalize path run_id=run_000001a0ed4c7512_000473 session_id="sess_local_alpha" outcome=completed.no_final.no_provider_configured input_chars=22
2026-09-29T13:13:26.035250Z  INFO lingxi_service: request handled request_id=req-ffcebc92108f63878752c259e91923a9 method=POST path=/lingxi/v1/sessions/sess_local_alpha/execute status=200
2026-09-29T13:13:26.035937Z  INFO lingxi_service::sessions: run settled through the single finalize path run_id=run_000001a0ed4c7513_000474 session_id="sess_local_alpha" outcome=completed.no_final.no_provider_configured input_chars=22
2026-09-29T13:13:26.036080Z  INFO lingxi_service: request handled request_id=req-cb9746413fe82ce3ee75668bae34d8b7 method=POST path=/lingxi/v1/sessions/sess_local_alpha/execute status=200
2026-09-29T13:13:26.036767Z  INFO lingxi_service::sessions: run settled through the single finalize path run_id=run_000001a0ed4c7514_000475 session_id="sess_local_alpha" outcome=completed.no_final.no_provider_configured input_chars=22
2026-09-29T13:13:26.036910Z  INFO lingxi_service: request handled request_id=req-7401d857921c69591a3db9105138f80e method=POST path=/lingxi/v1/sessions/sess_local_alpha/execute status=200
2026-09-29T13:13:26.037635Z  INFO lingxi_service::sessions: run settled through the single finalize path run_id=run_000001a0ed4c7515_000476 session_id="sess_local_alpha" outcome=completed.no_final.no_provider_configured input_chars=22
2026-09-29T13:13:26.037780Z  INFO lingxi_service: request handled request_id=req-d37dc83462bf1260bfe0494b04b37bf9 method=POST path=/lingxi/v1/sessions/sess_local_alpha/execute status=200
2026-09-29T13:13:26.038457Z  INFO lingxi_service::sessions: run settled through the single finalize path run_id=run_000001a0ed4c7516_000477 session_id="sess_local_alpha" outcome=completed.no_final.no_provider_configured input_chars=22
2026-09-29T13:13:26.038599Z  INFO lingxi_service: request handled request_id=req-f1b10efc1da702e211d6f82acb49b728 method=POST path=/lingxi/v1/sessions/sess_local_alpha/execute status=200
2026-09-29T13:13:26.039273Z  INFO lingxi_service::sessions: run settled through the single finalize path run_id=run_000001a0ed4c7516_000478 session_id="sess_local_alpha" outcome=completed.no_final.no_provider_configured input_chars=22
2026-09-29T13:13:26.039415Z  INFO lingxi_service: request handled request_id=req-25d27cefd0e7ed8877805f0dca0b3db7 method=POST path=/lingxi/v1/sessions/sess_local_alpha/execute status=200
2026-09-29T13:13:26.040108Z  INFO lingxi_service::sessions: run settled through the single finalize path run_id=run_000001a0ed4c7517_000479 session_id="sess_local_alpha" outcome=completed.no_final.no_provider_configured input_chars=22
2026-09-29T13:13:26.040253Z  INFO lingxi_service: request handled request_id=req-2e2c0054103957cb07f41b7d7bfce029 method=POST path=/lingxi/v1/sessions/sess_local_alpha/execute status=200
2026-09-29T13:13:26.040946Z  INFO lingxi_service::sessions: run settled through the single finalize path run_id=run_000001a0ed4c7518_00047a session_id="sess_local_alpha" outcome=completed.no_final.no_provider_configured input_chars=22
2026-09-29T13:13:26.041090Z  INFO lingxi_service: request handled request_id=req-ac0983b352e49e8c966a267eab9410e5 method=POST path=/lingxi/v1/sessions/sess_local_alpha/execute status=200
2026-09-29T13:13:26.041771Z  INFO lingxi_service::sessions: run settled through the single finalize path run_id=run_000001a0ed4c7519_00047b session_id="sess_local_alpha" outcome=completed.no_final.no_provider_configured input_chars=22
2026-09-29T13:13:26.041917Z  INFO lingxi_service: request handled request_id=req-5bd1451c7d2dea5f8c2ac61d7ec2616f method=POST path=/lingxi/v1/sessions/sess_local_alpha/execute status=200
2026-09-29T13:13:26.042614Z  INFO lingxi_service::sessions: run settled through the single finalize path run_id=run_000001a0ed4c751a_00047c session_id="sess_local_alpha" outcome=completed.no_final.no_provider_configured input_chars=22
2026-09-29T13:13:26.042763Z  INFO lingxi_service: request handled request_id=req-007627fd691b18deb0811f6d5f9120eb method=POST path=/lingxi/v1/sessions/sess_local_alpha/execute status=200
2026-09-29T13:13:26.043458Z  INFO lingxi_service::sessions: run settled through the single finalize path run_id=run_000001a0ed4c751b_00047d session_id="sess_local_alpha" outcome=completed.no_final.no_provider_configured input_chars=22
2026-09-29T13:13:26.043605Z  INFO lingxi_service: request handled request_id=req-c69a8e9f9cfa51145823b8431abece51 method=POST path=/lingxi/v1/sessions/sess_local_alpha/execute status=200
2026-09-29T13:13:26.044397Z  INFO lingxi_service::sessions: run settled through the single finalize path run_id=run_000001a0ed4c751c_00047e session_id="sess_local_alpha" outcome=completed.no_final.no_provider_configured input_chars=22
2026-09-29T13:13:26.044543Z  INFO lingxi_service: request handled request_id=req-4f642fc025dfb50d4f5b747a16bec65c method=POST path=/lingxi/v1/sessions/sess_local_alpha/execute status=200
2026-09-29T13:13:26.045272Z  INFO lingxi_service::sessions: run settled through the single finalize path run_id=run_000001a0ed4c751c_00047f session_id="sess_local_alpha" outcome=completed.no_final.no_provider_configured input_chars=22
2026-09-29T13:13:26.045415Z  INFO lingxi_service: request handled request_id=req-3102e4bf6cca68ddad3bb6fe4536f2b2 method=POST path=/lingxi/v1/sessions/sess_local_alpha/execute status=200
2026-09-29T13:13:26.046119Z  INFO lingxi_service::sessions: run settled through the single finalize path run_id=run_000001a0ed4c751d_000480 session_id="sess_local_alpha" outcome=completed.no_final.no_provider_configured input_chars=22
2026-09-29T13:13:26.046264Z  INFO lingxi_service: request handled request_id=req-1602d827b7b13c03a8c275507fef7f58 method=POST path=/lingxi/v1/sessions/sess_local_alpha/execute status=200
2026-09-29T13:13:26.047008Z  INFO lingxi_service::sessions: run settled through the single finalize path run_id=run_000001a0ed4c751e_000481 session_id="sess_local_alpha" outcome=completed.no_final.no_provider_configured input_chars=22
2026-09-29T13:13:26.047153Z  INFO lingxi_service: request handled request_id=req-80a2ec552df08a23a52c0d93a68c4552 method=POST path=/lingxi/v1/sessions/sess_local_alpha/execute status=200
2026-09-29T13:13:26.047860Z  INFO lingxi_service::sessions: run settled through the single finalize path run_id=run_000001a0ed4c751f_000482 session_id="sess_local_alpha" outcome=completed.no_final.no_provider_configured input_chars=22
2026-09-29T13:13:26.048004Z  INFO lingxi_service: request handled request_id=req-52b4d74bd628b435d77f1f0be6d5cc87 method=POST path=/lingxi/v1/sessions/sess_local_alpha/execute status=200
2026-09-29T13:13:26.048724Z  INFO lingxi_service::sessions: run settled through the single finalize path run_id=run_000001a0ed4c7520_000483 session_id="sess_local_alpha" outcome=completed.no_final.no_provider_configured input_chars=22
2026-09-29T13:13:26.048867Z  INFO lingxi_service: request handled request_id=req-8db0f158555e9baf330457a1002dbea0 method=POST path=/lingxi/v1/sessions/sess_local_alpha/execute status=200
2026-09-29T13:13:26.049608Z  INFO lingxi_service::sessions: run settled through the single finalize path run_id=run_000001a0ed4c7521_000484 session_id="sess_local_alpha" outcome=completed.no_final.no_provider_configured input_chars=22
2026-09-29T13:13:26.049753Z  INFO lingxi_service: request handled request_id=req-a49c8f40ce6b4d2e97d1d34670ab4f26 method=POST path=/lingxi/v1/sessions/sess_local_alpha/execute status=200
2026-09-29T13:13:26.050536Z  INFO lingxi_service::sessions: run settled through the single finalize path run_id=run_000001a0ed4c7522_000485 session_id="sess_local_alpha" outcome=completed.no_final.no_provider_configured input_chars=22
2026-09-29T13:13:26.050679Z  INFO lingxi_service: request handled request_id=req-580b8aa5996975a91dd2ec0d40ae8ffe method=POST path=/lingxi/v1/sessions/sess_local_alpha/execute status=200
2026-09-29T13:13:26.051383Z  INFO lingxi_service::sessions: run settled through the single finalize path run_id=run_000001a0ed4c7522_000486 session_id="sess_local_alpha" outcome=completed.no_final.no_provider_configured input_chars=22
2026-09-29T13:13:26.051525Z  INFO lingxi_service: request handled request_id=req-7e241b25ecc4398e922af5fb5de15a1b method=POST path=/lingxi/v1/sessions/sess_local_alpha/execute status=200
2026-09-29T13:13:26.052249Z  INFO lingxi_service::sessions: run settled through the single finalize path run_id=run_000001a0ed4c7523_000487 session_id="sess_local_alpha" outcome=completed.no_final.no_provider_configured input_chars=22
2026-09-29T13:13:26.052392Z  INFO lingxi_service: request handled request_id=req-5ca84b9e48f32f3fee4fcbc01e51691a method=POST path=/lingxi/v1/sessions/sess_local_alpha/execute status=200
2026-09-29T13:13:26.053087Z  INFO lingxi_service::sessions: run settled through the single finalize path run_id=run_000001a0ed4c7524_000488 session_id="sess_local_alpha" outcome=completed.no_final.no_provider_configured input_chars=22
2026-09-29T13:13:26.053235Z  INFO lingxi_service: request handled request_id=req-3b0c3e86d1cf6ae26b2237fe92b4ac0c method=POST path=/lingxi/v1/sessions/sess_local_alpha/execute status=200
2026-09-29T13:13:26.053937Z  INFO lingxi_service::sessions: run settled through the single finalize path run_id=run_000001a0ed4c7525_000489 session_id="sess_local_alpha" outcome=completed.no_final.no_provider_configured input_chars=22
2026-09-29T13:13:26.054078Z  INFO lingxi_service: request handled request_id=req-4780fd8eeaaf17881c870e97d15fcfad method=POST path=/lingxi/v1/sessions/sess_local_alpha/execute status=200
2026-09-29T13:13:26.054754Z  INFO lingxi_service::sessions: run settled through the single finalize path run_id=run_000001a0ed4c7526_00048a session_id="sess_local_alpha" outcome=completed.no_final.no_provider_configured input_chars=22
2026-09-29T13:13:26.054899Z  INFO lingxi_service: request handled request_id=req-dda3b66bcf8510ff7b3e82346e0c1425 method=POST path=/lingxi/v1/sessions/sess_local_alpha/execute status=200
2026-09-29T13:13:26.055585Z  INFO lingxi_service::sessions: run settled through the single finalize path run_id=run_000001a0ed4c7527_00048b session_id="sess_local_alpha" outcome=completed.no_final.no_provider_configured input_chars=22
2026-09-29T13:13:26.055728Z  INFO lingxi_service: request handled request_id=req-7c995876c56f5ffb2af32fd296cb963a method=POST path=/lingxi/v1/sessions/sess_local_alpha/execute status=200
2026-09-29T13:13:26.056461Z  INFO lingxi_service::sessions: run settled through the single finalize path run_id=run_000001a0ed4c7528_00048c session_id="sess_local_alpha" outcome=completed.no_final.no_provider_configured input_chars=22
2026-09-29T13:13:26.056605Z  INFO lingxi_service: request handled request_id=req-7d5c720b46478cb7cb220ebcd81f633f method=POST path=/lingxi/v1/sessions/sess_local_alpha/execute status=200
2026-09-29T13:13:26.057281Z  INFO lingxi_service::sessions: run settled through the single finalize path run_id=run_000001a0ed4c7528_00048d session_id="sess_local_alpha" outcome=completed.no_final.no_provider_configured input_chars=22
2026-09-29T13:13:26.057423Z  INFO lingxi_service: request handled request_id=req-1fc337dc989884b800f89d40d46dd406 method=POST path=/lingxi/v1/sessions/sess_local_alpha/execute status=200
2026-09-29T13:13:26.058106Z  INFO lingxi_service::sessions: run settled through the single finalize path run_id=run_000001a0ed4c7529_00048e session_id="sess_local_alpha" outcome=completed.no_final.no_provider_configured input_chars=22
2026-09-29T13:13:26.058249Z  INFO lingxi_service: request handled request_id=req-acd67fa958c4c76c8cc6b7f2b89e014d method=POST path=/lingxi/v1/sessions/sess_local_alpha/execute status=200
2026-09-29T13:13:26.058938Z  INFO lingxi_service::sessions: run settled through the single finalize path run_id=run_000001a0ed4c752a_00048f session_id="sess_local_alpha" outcome=completed.no_final.no_provider_configured input_chars=22
2026-09-29T13:13:26.059080Z  INFO lingxi_service: request handled request_id=req-182de85411ee4d37011e4b321d402e4f method=POST path=/lingxi/v1/sessions/sess_local_alpha/execute status=200
2026-09-29T13:13:26.059862Z  INFO lingxi_service::sessions: run settled through the single finalize path run_id=run_000001a0ed4c752b_000490 session_id="sess_local_alpha" outcome=completed.no_final.no_provider_configured input_chars=22
2026-09-29T13:13:26.060005Z  INFO lingxi_service: request handled request_id=req-2c64c0a280b7f3dc8aa2bf9fb5680e9b method=POST path=/lingxi/v1/sessions/sess_local_alpha/execute status=200
2026-09-29T13:13:26.060705Z  INFO lingxi_service::sessions: run settled through the single finalize path run_id=run_000001a0ed4c752c_000491 session_id="sess_local_alpha" outcome=completed.no_final.no_provider_configured input_chars=22
2026-09-29T13:13:26.060849Z  INFO lingxi_service: request handled request_id=req-03e71800f237168626887cfb50b617e2 method=POST path=/lingxi/v1/sessions/sess_local_alpha/execute status=200
2026-09-29T13:13:26.061606Z  INFO lingxi_service::sessions: run settled through the single finalize path run_id=run_000001a0ed4c752d_000492 session_id="sess_local_alpha" outcome=completed.no_final.no_provider_configured input_chars=22
2026-09-29T13:13:26.061750Z  INFO lingxi_service: request handled request_id=req-71ae022670e5509d89524afa47215aae method=POST path=/lingxi/v1/sessions/sess_local_alpha/execute status=200
2026-09-29T13:13:26.062507Z  INFO lingxi_service::sessions: run settled through the single finalize path run_id=run_000001a0ed4c752e_000493 session_id="sess_local_alpha" outcome=completed.no_final.no_provider_configured input_chars=22
2026-09-29T13:13:26.062651Z  INFO lingxi_service: request handled request_id=req-ba99803abb635429ffbd389df48a4099 method=POST path=/lingxi/v1/sessions/sess_local_alpha/execute status=200
2026-09-29T13:13:26.063346Z  INFO lingxi_service::sessions: run settled through the single finalize path run_id=run_000001a0ed4c752e_000494 session_id="sess_local_alpha" outcome=completed.no_final.no_provider_configured input_chars=22
2026-09-29T13:13:26.063497Z  INFO lingxi_service: request handled request_id=req-f7f11ceaffa6facc3edc3830b63b71b6 method=POST path=/lingxi/v1/sessions/sess_local_alpha/execute status=200
2026-09-29T13:13:26.064207Z  INFO lingxi_service::sessions: run settled through the single finalize path run_id=run_000001a0ed4c752f_000495 session_id="sess_local_alpha" outcome=completed.no_final.no_provider_configured input_chars=22
2026-09-29T13:13:26.064352Z  INFO lingxi_service: request handled request_id=req-07e543558ff1ce5730d84239ccd9b29b method=POST path=/lingxi/v1/sessions/sess_local_alpha/execute status=200
2026-09-29T13:13:26.065054Z  INFO lingxi_service::sessions: run settled through the single finalize path run_id=run_000001a0ed4c7530_000496 session_id="sess_local_alpha" outcome=completed.no_final.no_provider_configured input_chars=22
2026-09-29T13:13:26.065198Z  INFO lingxi_service: request handled request_id=req-3ecbec87cdca7ac2eebf311ee3cc24d4 method=POST path=/lingxi/v1/sessions/sess_local_alpha/execute status=200
2026-09-29T13:13:26.065879Z  INFO lingxi_service::sessions: run settled through the single finalize path run_id=run_000001a0ed4c7531_000497 session_id="sess_local_alpha" outcome=completed.no_final.no_provider_configured input_chars=22
2026-09-29T13:13:26.066023Z  INFO lingxi_service: request handled request_id=req-61ba59b876cbd235527d079ad11f807a method=POST path=/lingxi/v1/sessions/sess_local_alpha/execute status=200
2026-09-29T13:13:26.066786Z  INFO lingxi_service::sessions: run settled through the single finalize path run_id=run_000001a0ed4c7532_000498 session_id="sess_local_alpha" outcome=completed.no_final.no_provider_configured input_chars=22
2026-09-29T13:13:26.066931Z  INFO lingxi_service: request handled request_id=req-8664c97e748fa2f5b7fa51747c820553 method=POST path=/lingxi/v1/sessions/sess_local_alpha/execute status=200
2026-09-29T13:13:26.067722Z  INFO lingxi_service::sessions: run settled through the single finalize path run_id=run_000001a0ed4c7533_000499 session_id="sess_local_alpha" outcome=completed.no_final.no_provider_configured input_chars=22
2026-09-29T13:13:26.067874Z  INFO lingxi_service: request handled request_id=req-7362c0e948da6b4537cae8f5e9b65ee7 method=POST path=/lingxi/v1/sessions/sess_local_alpha/execute status=200
2026-09-29T13:13:26.068563Z  INFO lingxi_service::sessions: run settled through the single finalize path run_id=run_000001a0ed4c7534_00049a session_id="sess_local_alpha" outcome=completed.no_final.no_provider_configured input_chars=22
2026-09-29T13:13:26.068709Z  INFO lingxi_service: request handled request_id=req-55e88577627d1184919b1692895f53c1 method=POST path=/lingxi/v1/sessions/sess_local_alpha/execute status=200
2026-09-29T13:13:26.069472Z  INFO lingxi_service::sessions: run settled through the single finalize path run_id=run_000001a0ed4c7535_00049b session_id="sess_local_alpha" outcome=completed.no_final.no_provider_configured input_chars=22
2026-09-29T13:13:26.069620Z  INFO lingxi_service: request handled request_id=req-cddfc99ac9f89a561c2faaf8904021b8 method=POST path=/lingxi/v1/sessions/sess_local_alpha/execute status=200
2026-09-29T13:13:26.070735Z  INFO lingxi_service::sessions: run settled through the single finalize path run_id=run_000001a0ed4c7535_00049c session_id="sess_local_alpha" outcome=completed.no_final.no_provider_configured input_chars=22
2026-09-29T13:13:26.070880Z  INFO lingxi_service: request handled request_id=req-8e02bd95dd416fba7e5ad6c22765a268 method=POST path=/lingxi/v1/sessions/sess_local_alpha/execute status=200
2026-09-29T13:13:26.071562Z  INFO lingxi_service::sessions: run settled through the single finalize path run_id=run_000001a0ed4c7537_00049d session_id="sess_local_alpha" outcome=completed.no_final.no_provider_configured input_chars=22
2026-09-29T13:13:26.071706Z  INFO lingxi_service: request handled request_id=req-dd72ee07628bdc1579c99e2c0c9db091 method=POST path=/lingxi/v1/sessions/sess_local_alpha/execute status=200
2026-09-29T13:13:26.075515Z  INFO lingxi_service::sessions: run settled through the single finalize path run_id=run_000001a0ed4c753b_00049e session_id="sess_local_alpha" outcome=completed.no_final.no_provider_configured input_chars=22
2026-09-29T13:13:26.075661Z  INFO lingxi_service: request handled request_id=req-6c66d6ba29ccc9aec7c5e405c16395df method=POST path=/lingxi/v1/sessions/sess_local_alpha/execute status=200
2026-09-29T13:13:26.076352Z  INFO lingxi_service::sessions: run settled through the single finalize path run_id=run_000001a0ed4c753b_00049f session_id="sess_local_alpha" outcome=completed.no_final.no_provider_configured input_chars=22
2026-09-29T13:13:26.076498Z  INFO lingxi_service: request handled request_id=req-e2a376fe2209197284b2cfec5b87e5df method=POST path=/lingxi/v1/sessions/sess_local_alpha/execute status=200
2026-09-29T13:13:26.077168Z  INFO lingxi_service::sessions: run settled through the single finalize path run_id=run_000001a0ed4c753c_0004a0 session_id="sess_local_alpha" outcome=completed.no_final.no_provider_configured input_chars=22
2026-09-29T13:13:26.077312Z  INFO lingxi_service: request handled request_id=req-422e81f84325f61781821e326efa75dd method=POST path=/lingxi/v1/sessions/sess_local_alpha/execute status=200
2026-09-29T13:13:26.078020Z  INFO lingxi_service::sessions: run settled through the single finalize path run_id=run_000001a0ed4c753d_0004a1 session_id="sess_local_alpha" outcome=completed.no_final.no_provider_configured input_chars=22
2026-09-29T13:13:26.078168Z  INFO lingxi_service: request handled request_id=req-36b447199f1b0b5dd7fea54e0ee8b335 method=POST path=/lingxi/v1/sessions/sess_local_alpha/execute status=200
2026-09-29T13:13:26.078968Z  INFO lingxi_service::sessions: run settled through the single finalize path run_id=run_000001a0ed4c753e_0004a2 session_id="sess_local_alpha" outcome=completed.no_final.no_provider_configured input_chars=22
2026-09-29T13:13:26.079115Z  INFO lingxi_service: request handled request_id=req-05fe906d2aff36a90cf9b149d6327ffc method=POST path=/lingxi/v1/sessions/sess_local_alpha/execute status=200
2026-09-29T13:13:26.079814Z  INFO lingxi_service::sessions: run settled through the single finalize path run_id=run_000001a0ed4c753f_0004a3 session_id="sess_local_alpha" outcome=completed.no_final.no_provider_configured input_chars=22
2026-09-29T13:13:26.079961Z  INFO lingxi_service: request handled request_id=req-b52b8463a6f043af02537b166484d198 method=POST path=/lingxi/v1/sessions/sess_local_alpha/execute status=200
2026-09-29T13:13:26.080632Z  INFO lingxi_service::sessions: run settled through the single finalize path run_id=run_000001a0ed4c7540_0004a4 session_id="sess_local_alpha" outcome=completed.no_final.no_provider_configured input_chars=22
2026-09-29T13:13:26.080779Z  INFO lingxi_service: request handled request_id=req-96fe5a06ba6baadca0ad37b50461a4a1 method=POST path=/lingxi/v1/sessions/sess_local_alpha/execute status=200
2026-09-29T13:13:26.081460Z  INFO lingxi_service::sessions: run settled through the single finalize path run_id=run_000001a0ed4c7541_0004a5 session_id="sess_local_alpha" outcome=completed.no_final.no_provider_configured input_chars=22
2026-09-29T13:13:26.081606Z  INFO lingxi_service: request handled request_id=req-cdac2afe763b1f87eb70b53846516efd method=POST path=/lingxi/v1/sessions/sess_local_alpha/execute status=200
2026-09-29T13:13:26.082279Z  INFO lingxi_service::sessions: run settled through the single finalize path run_id=run_000001a0ed4c7541_0004a6 session_id="sess_local_alpha" outcome=completed.no_final.no_provider_configured input_chars=22
2026-09-29T13:13:26.082425Z  INFO lingxi_service: request handled request_id=req-86ebe718ab60fc760dda96360d24e0c1 method=POST path=/lingxi/v1/sessions/sess_local_alpha/execute status=200
2026-09-29T13:13:26.083104Z  INFO lingxi_service::sessions: run settled through the single finalize path run_id=run_000001a0ed4c7542_0004a7 session_id="sess_local_alpha" outcome=completed.no_final.no_provider_configured input_chars=22
2026-09-29T13:13:26.083249Z  INFO lingxi_service: request handled request_id=req-b342dafe8ce0baeec0a071adbb37d331 method=POST path=/lingxi/v1/sessions/sess_local_alpha/execute status=200
2026-09-29T13:13:26.083939Z  INFO lingxi_service::sessions: run settled through the single finalize path run_id=run_000001a0ed4c7543_0004a8 session_id="sess_local_alpha" outcome=completed.no_final.no_provider_configured input_chars=22
2026-09-29T13:13:26.084087Z  INFO lingxi_service: request handled request_id=req-634d7fe84ee68a279237ae52aabc0d31 method=POST path=/lingxi/v1/sessions/sess_local_alpha/execute status=200
2026-09-29T13:13:26.084774Z  INFO lingxi_service::sessions: run settled through the single finalize path run_id=run_000001a0ed4c7544_0004a9 session_id="sess_local_alpha" outcome=completed.no_final.no_provider_configured input_chars=22
2026-09-29T13:13:26.084921Z  INFO lingxi_service: request handled request_id=req-561411581b04862e21ec46dc1ca35142 method=POST path=/lingxi/v1/sessions/sess_local_alpha/execute status=200
2026-09-29T13:13:26.085596Z  INFO lingxi_service::sessions: run settled through the single finalize path run_id=run_000001a0ed4c7545_0004aa session_id="sess_local_alpha" outcome=completed.no_final.no_provider_configured input_chars=22
2026-09-29T13:13:26.085742Z  INFO lingxi_service: request handled request_id=req-76109c975c5ab19a2a8080957714418f method=POST path=/lingxi/v1/sessions/sess_local_alpha/execute status=200
2026-09-29T13:13:26.086420Z  INFO lingxi_service::sessions: run settled through the single finalize path run_id=run_000001a0ed4c7546_0004ab session_id="sess_local_alpha" outcome=completed.no_final.no_provider_configured input_chars=22
2026-09-29T13:13:26.086569Z  INFO lingxi_service: request handled request_id=req-99eccd250f3a7199ca8eebc79eaa733c method=POST path=/lingxi/v1/sessions/sess_local_alpha/execute status=200
2026-09-29T13:13:26.087256Z  INFO lingxi_service::sessions: run settled through the single finalize path run_id=run_000001a0ed4c7546_0004ac session_id="sess_local_alpha" outcome=completed.no_final.no_provider_configured input_chars=22
2026-09-29T13:13:26.087406Z  INFO lingxi_service: request handled request_id=req-4da26b0d75c101bcef51f7b6209f995c method=POST path=/lingxi/v1/sessions/sess_local_alpha/execute status=200
2026-09-29T13:13:26.088086Z  INFO lingxi_service::sessions: run settled through the single finalize path run_id=run_000001a0ed4c7547_0004ad session_id="sess_local_alpha" outcome=completed.no_final.no_provider_configured input_chars=22
2026-09-29T13:13:26.088235Z  INFO lingxi_service: request handled request_id=req-6a3a64f1a11a598f454155865d35137e method=POST path=/lingxi/v1/sessions/sess_local_alpha/execute status=200
2026-09-29T13:13:26.088936Z  INFO lingxi_service::sessions: run settled through the single finalize path run_id=run_000001a0ed4c7548_0004ae session_id="sess_local_alpha" outcome=completed.no_final.no_provider_configured input_chars=22
2026-09-29T13:13:26.089082Z  INFO lingxi_service: request handled request_id=req-1765e4f874bc00a241bdd50f7a1fb8a1 method=POST path=/lingxi/v1/sessions/sess_local_alpha/execute status=200
2026-09-29T13:13:26.089769Z  INFO lingxi_service::sessions: run settled through the single finalize path run_id=run_000001a0ed4c7549_0004af session_id="sess_local_alpha" outcome=completed.no_final.no_provider_configured input_chars=22
2026-09-29T13:13:26.089915Z  INFO lingxi_service: request handled request_id=req-70e820c39b7a6e746dc619342167c229 method=POST path=/lingxi/v1/sessions/sess_local_alpha/execute status=200
2026-09-29T13:13:26.090592Z  INFO lingxi_service::sessions: run settled through the single finalize path run_id=run_000001a0ed4c754a_0004b0 session_id="sess_local_alpha" outcome=completed.no_final.no_provider_configured input_chars=22
2026-09-29T13:13:26.090736Z  INFO lingxi_service: request handled request_id=req-2e9143270e5a9e4f64d05141938fa099 method=POST path=/lingxi/v1/sessions/sess_local_alpha/execute status=200
2026-09-29T13:13:26.091432Z  INFO lingxi_service::sessions: run settled through the single finalize path run_id=run_000001a0ed4c754b_0004b1 session_id="sess_local_alpha" outcome=completed.no_final.no_provider_configured input_chars=22
2026-09-29T13:13:26.091580Z  INFO lingxi_service: request handled request_id=req-7c2d942ebcf5a48cde65a9e7de0bbbb5 method=POST path=/lingxi/v1/sessions/sess_local_alpha/execute status=200
2026-09-29T13:13:26.092266Z  INFO lingxi_service::sessions: run settled through the single finalize path run_id=run_000001a0ed4c754b_0004b2 session_id="sess_local_alpha" outcome=completed.no_final.no_provider_configured input_chars=22
2026-09-29T13:13:26.092412Z  INFO lingxi_service: request handled request_id=req-5543ccd41ea0bf0857e63ac3f64e2158 method=POST path=/lingxi/v1/sessions/sess_local_alpha/execute status=200
2026-09-29T13:13:26.093137Z  INFO lingxi_service::sessions: run settled through the single finalize path run_id=run_000001a0ed4c754c_0004b3 session_id="sess_local_alpha" outcome=completed.no_final.no_provider_configured input_chars=22
2026-09-29T13:13:26.093281Z  INFO lingxi_service: request handled request_id=req-577e9194e99c0016c6dfb0691d144e32 method=POST path=/lingxi/v1/sessions/sess_local_alpha/execute status=200
2026-09-29T13:13:26.093955Z  INFO lingxi_service::sessions: run settled through the single finalize path run_id=run_000001a0ed4c754d_0004b4 session_id="sess_local_alpha" outcome=completed.no_final.no_provider_configured input_chars=22
2026-09-29T13:13:26.094101Z  INFO lingxi_service: request handled request_id=req-10e130af8ee332b2a78c23f58da8710f method=POST path=/lingxi/v1/sessions/sess_local_alpha/execute status=200
2026-09-29T13:13:26.094810Z  INFO lingxi_service::sessions: run settled through the single finalize path run_id=run_000001a0ed4c754e_0004b5 session_id="sess_local_alpha" outcome=completed.no_final.no_provider_configured input_chars=22
2026-09-29T13:13:26.094956Z  INFO lingxi_service: request handled request_id=req-a1373b43480a0e8654280933304c5190 method=POST path=/lingxi/v1/sessions/sess_local_alpha/execute status=200
2026-09-29T13:13:26.095661Z  INFO lingxi_service::sessions: run settled through the single finalize path run_id=run_000001a0ed4c754f_0004b6 session_id="sess_local_alpha" outcome=completed.no_final.no_provider_configured input_chars=22
2026-09-29T13:13:26.095807Z  INFO lingxi_service: request handled request_id=req-4949abd5172572ae2bd6494746094da4 method=POST path=/lingxi/v1/sessions/sess_local_alpha/execute status=200
2026-09-29T13:13:26.096504Z  INFO lingxi_service::sessions: run settled through the single finalize path run_id=run_000001a0ed4c7550_0004b7 session_id="sess_local_alpha" outcome=completed.no_final.no_provider_configured input_chars=22
2026-09-29T13:13:26.096650Z  INFO lingxi_service: request handled request_id=req-04530bbef079cfd393a9221da3cc174f method=POST path=/lingxi/v1/sessions/sess_local_alpha/execute status=200
2026-09-29T13:13:26.097388Z  INFO lingxi_service::sessions: run settled through the single finalize path run_id=run_000001a0ed4c7550_0004b8 session_id="sess_local_alpha" outcome=completed.no_final.no_provider_configured input_chars=22
2026-09-29T13:13:26.097538Z  INFO lingxi_service: request handled request_id=req-793652961a26832e9261a78b1a008250 method=POST path=/lingxi/v1/sessions/sess_local_alpha/execute status=200
2026-09-29T13:13:26.098284Z  INFO lingxi_service::sessions: run settled through the single finalize path run_id=run_000001a0ed4c7551_0004b9 session_id="sess_local_alpha" outcome=completed.no_final.no_provider_configured input_chars=22
2026-09-29T13:13:26.098432Z  INFO lingxi_service: request handled request_id=req-8698cdacb74b4abc424f147180896b49 method=POST path=/lingxi/v1/sessions/sess_local_alpha/execute status=200
2026-09-29T13:13:26.099107Z  INFO lingxi_service::sessions: run settled through the single finalize path run_id=run_000001a0ed4c7552_0004ba session_id="sess_local_alpha" outcome=completed.no_final.no_provider_configured input_chars=22
2026-09-29T13:13:26.099255Z  INFO lingxi_service: request handled request_id=req-8d62d9d6f852927fb3e82c7ba070c38b method=POST path=/lingxi/v1/sessions/sess_local_alpha/execute status=200
2026-09-29T13:13:26.099966Z  INFO lingxi_service::sessions: run settled through the single finalize path run_id=run_000001a0ed4c7553_0004bb session_id="sess_local_alpha" outcome=completed.no_final.no_provider_configured input_chars=22
2026-09-29T13:13:26.100114Z  INFO lingxi_service: request handled request_id=req-b0bb2eae24ecc154ecbd8638ae54c2a4 method=POST path=/lingxi/v1/sessions/sess_local_alpha/execute status=200
2026-09-29T13:13:26.100806Z  INFO lingxi_service::sessions: run settled through the single finalize path run_id=run_000001a0ed4c7554_0004bc session_id="sess_local_alpha" outcome=completed.no_final.no_provider_configured input_chars=22
2026-09-29T13:13:26.100952Z  INFO lingxi_service: request handled request_id=req-3586039b2d0032e45c753a960a45e5a9 method=POST path=/lingxi/v1/sessions/sess_local_alpha/execute status=200
2026-09-29T13:13:26.101658Z  INFO lingxi_service::sessions: run settled through the single finalize path run_id=run_000001a0ed4c7555_0004bd session_id="sess_local_alpha" outcome=completed.no_final.no_provider_configured input_chars=22
2026-09-29T13:13:26.101803Z  INFO lingxi_service: request handled request_id=req-7b12a573e2f70485882276d1fc8ba4e0 method=POST path=/lingxi/v1/sessions/sess_local_alpha/execute status=200
2026-09-29T13:13:26.102493Z  INFO lingxi_service::sessions: run settled through the single finalize path run_id=run_000001a0ed4c7556_0004be session_id="sess_local_alpha" outcome=completed.no_final.no_provider_configured input_chars=22
2026-09-29T13:13:26.102642Z  INFO lingxi_service: request handled request_id=req-7236598fd9a4721b71bebfb28f535cd4 method=POST path=/lingxi/v1/sessions/sess_local_alpha/execute status=200
2026-09-29T13:13:26.103324Z  INFO lingxi_service::sessions: run settled through the single finalize path run_id=run_000001a0ed4c7556_0004bf session_id="sess_local_alpha" outcome=completed.no_final.no_provider_configured input_chars=22
2026-09-29T13:13:26.103470Z  INFO lingxi_service: request handled request_id=req-fb42ecad6dd0f99aff3e6b5a1b648124 method=POST path=/lingxi/v1/sessions/sess_local_alpha/execute status=200
2026-09-29T13:13:26.104152Z  INFO lingxi_service::sessions: run settled through the single finalize path run_id=run_000001a0ed4c7557_0004c0 session_id="sess_local_alpha" outcome=completed.no_final.no_provider_configured input_chars=22
2026-09-29T13:13:26.104297Z  INFO lingxi_service: request handled request_id=req-6075c2168c747f2e320b8a9859ce250f method=POST path=/lingxi/v1/sessions/sess_local_alpha/execute status=200
2026-09-29T13:13:26.104998Z  INFO lingxi_service::sessions: run settled through the single finalize path run_id=run_000001a0ed4c7558_0004c1 session_id="sess_local_alpha" outcome=completed.no_final.no_provider_configured input_chars=22
2026-09-29T13:13:26.105145Z  INFO lingxi_service: request handled request_id=req-e10735c56afd48b32b5be81a5b5acbf7 method=POST path=/lingxi/v1/sessions/sess_local_alpha/execute status=200
2026-09-29T13:13:26.105838Z  INFO lingxi_service::sessions: run settled through the single finalize path run_id=run_000001a0ed4c7559_0004c2 session_id="sess_local_alpha" outcome=completed.no_final.no_provider_configured input_chars=22
2026-09-29T13:13:26.105983Z  INFO lingxi_service: request handled request_id=req-1feec07c9e4c8e101b0feaf2e3b4a036 method=POST path=/lingxi/v1/sessions/sess_local_alpha/execute status=200
2026-09-29T13:13:26.106660Z  INFO lingxi_service::sessions: run settled through the single finalize path run_id=run_000001a0ed4c755a_0004c3 session_id="sess_local_alpha" outcome=completed.no_final.no_provider_configured input_chars=22
2026-09-29T13:13:26.106808Z  INFO lingxi_service: request handled request_id=req-a8b72c469a8972568d1c3ca4fea5311b method=POST path=/lingxi/v1/sessions/sess_local_alpha/execute status=200
2026-09-29T13:13:26.107521Z  INFO lingxi_service::sessions: run settled through the single finalize path run_id=run_000001a0ed4c755b_0004c4 session_id="sess_local_alpha" outcome=completed.no_final.no_provider_configured input_chars=22
2026-09-29T13:13:26.107669Z  INFO lingxi_service: request handled request_id=req-647799dd99cf8bf8fa286a7c1aafd6bc method=POST path=/lingxi/v1/sessions/sess_local_alpha/execute status=200
2026-09-29T13:13:26.108362Z  INFO lingxi_service::sessions: run settled through the single finalize path run_id=run_000001a0ed4c755b_0004c5 session_id="sess_local_alpha" outcome=completed.no_final.no_provider_configured input_chars=22
2026-09-29T13:13:26.108508Z  INFO lingxi_service: request handled request_id=req-8eb01db263f59c35a715b5a4a2d4cbf8 method=POST path=/lingxi/v1/sessions/sess_local_alpha/execute status=200
2026-09-29T13:13:26.109234Z  INFO lingxi_service::sessions: run settled through the single finalize path run_id=run_000001a0ed4c755c_0004c6 session_id="sess_local_alpha" outcome=completed.no_final.no_provider_configured input_chars=22
2026-09-29T13:13:26.109381Z  INFO lingxi_service: request handled request_id=req-dcbde9544af737e0527dcfc0677f43ce method=POST path=/lingxi/v1/sessions/sess_local_alpha/execute status=200
2026-09-29T13:13:26.110096Z  INFO lingxi_service::sessions: run settled through the single finalize path run_id=run_000001a0ed4c755d_0004c7 session_id="sess_local_alpha" outcome=completed.no_final.no_provider_configured input_chars=22
2026-09-29T13:13:26.110242Z  INFO lingxi_service: request handled request_id=req-9ef9bd6813361e6d9dd3b61e15dd8f41 method=POST path=/lingxi/v1/sessions/sess_local_alpha/execute status=200
2026-09-29T13:13:26.110972Z  INFO lingxi_service::sessions: run settled through the single finalize path run_id=run_000001a0ed4c755e_0004c8 session_id="sess_local_alpha" outcome=completed.no_final.no_provider_configured input_chars=22
2026-09-29T13:13:26.111118Z  INFO lingxi_service: request handled request_id=req-687bb1f4d29da9369c54341afa8349fc method=POST path=/lingxi/v1/sessions/sess_local_alpha/execute status=200
2026-09-29T13:13:26.111852Z  INFO lingxi_service::sessions: run settled through the single finalize path run_id=run_000001a0ed4c755f_0004c9 session_id="sess_local_alpha" outcome=completed.no_final.no_provider_configured input_chars=22
2026-09-29T13:13:26.111999Z  INFO lingxi_service: request handled request_id=req-4c14a2c7114d4320869f589fbc2cedf8 method=POST path=/lingxi/v1/sessions/sess_local_alpha/execute status=200
2026-09-29T13:13:26.112707Z  INFO lingxi_service::sessions: run settled through the single finalize path run_id=run_000001a0ed4c7560_0004ca session_id="sess_local_alpha" outcome=completed.no_final.no_provider_configured input_chars=22
2026-09-29T13:13:26.112853Z  INFO lingxi_service: request handled request_id=req-19abf7af38f81ba6fa0a21530d8158a8 method=POST path=/lingxi/v1/sessions/sess_local_alpha/execute status=200
2026-09-29T13:13:26.113547Z  INFO lingxi_service::sessions: run settled through the single finalize path run_id=run_000001a0ed4c7561_0004cb session_id="sess_local_alpha" outcome=completed.no_final.no_provider_configured input_chars=22
2026-09-29T13:13:26.113697Z  INFO lingxi_service: request handled request_id=req-24b436c508b6f85cc43eca1e083b3c66 method=POST path=/lingxi/v1/sessions/sess_local_alpha/execute status=200
2026-09-29T13:13:26.114373Z  INFO lingxi_service::sessions: run settled through the single finalize path run_id=run_000001a0ed4c7562_0004cc session_id="sess_local_alpha" outcome=completed.no_final.no_provider_configured input_chars=22
2026-09-29T13:13:26.114522Z  INFO lingxi_service: request handled request_id=req-986fa6cc5afc095905423a870f9227cd method=POST path=/lingxi/v1/sessions/sess_local_alpha/execute status=200
2026-09-29T13:13:26.115225Z  INFO lingxi_service::sessions: run settled through the single finalize path run_id=run_000001a0ed4c7562_0004cd session_id="sess_local_alpha" outcome=completed.no_final.no_provider_configured input_chars=22
2026-09-29T13:13:26.115370Z  INFO lingxi_service: request handled request_id=req-c687d8ab65c5019d27d19ea2a59c5c62 method=POST path=/lingxi/v1/sessions/sess_local_alpha/execute status=200
2026-09-29T13:13:26.116099Z  INFO lingxi_service::sessions: run settled through the single finalize path run_id=run_000001a0ed4c7563_0004ce session_id="sess_local_alpha" outcome=completed.no_final.no_provider_configured input_chars=22
2026-09-29T13:13:26.116247Z  INFO lingxi_service: request handled request_id=req-7dc45d621ff87b60d1636c0c95434ddc method=POST path=/lingxi/v1/sessions/sess_local_alpha/execute status=200
2026-09-29T13:13:26.117297Z  INFO lingxi_service::sessions: run settled through the single finalize path run_id=run_000001a0ed4c7564_0004cf session_id="sess_local_alpha" outcome=completed.no_final.no_provider_configured input_chars=22
2026-09-29T13:13:26.117447Z  INFO lingxi_service: request handled request_id=req-5ef316bece65ac63c682d9aa3dbe3902 method=POST path=/lingxi/v1/sessions/sess_local_alpha/execute status=200
2026-09-29T13:13:26.118183Z  INFO lingxi_service::sessions: run settled through the single finalize path run_id=run_000001a0ed4c7565_0004d0 session_id="sess_local_alpha" outcome=completed.no_final.no_provider_configured input_chars=22
2026-09-29T13:13:26.118332Z  INFO lingxi_service: request handled request_id=req-f8358184a650b75fbed32423cbc2c288 method=POST path=/lingxi/v1/sessions/sess_local_alpha/execute status=200
2026-09-29T13:13:26.119036Z  INFO lingxi_service::sessions: run settled through the single finalize path run_id=run_000001a0ed4c7566_0004d1 session_id="sess_local_alpha" outcome=completed.no_final.no_provider_configured input_chars=22
2026-09-29T13:13:26.119182Z  INFO lingxi_service: request handled request_id=req-5566bafc08dda1f81b8c794df2b26e39 method=POST path=/lingxi/v1/sessions/sess_local_alpha/execute status=200
2026-09-29T13:13:26.119908Z  INFO lingxi_service::sessions: run settled through the single finalize path run_id=run_000001a0ed4c7567_0004d2 session_id="sess_local_alpha" outcome=completed.no_final.no_provider_configured input_chars=23
2026-09-29T13:13:26.120058Z  INFO lingxi_service: request handled request_id=req-4f460b9a48bee4e5cdcebde816204be9 method=POST path=/lingxi/v1/sessions/sess_local_alpha/execute status=200
2026-09-29T13:13:26.120797Z  INFO lingxi_service::sessions: run settled through the single finalize path run_id=run_000001a0ed4c7568_0004d3 session_id="sess_local_alpha" outcome=completed.no_final.no_provider_configured input_chars=23
2026-09-29T13:13:26.120944Z  INFO lingxi_service: request handled request_id=req-5aa3a9a45b6cf725f19e72650fd30845 method=POST path=/lingxi/v1/sessions/sess_local_alpha/execute status=200
2026-09-29T13:13:26.121622Z  INFO lingxi_service::sessions: run settled through the single finalize path run_id=run_000001a0ed4c7569_0004d4 session_id="sess_local_alpha" outcome=completed.no_final.no_provider_configured input_chars=23
2026-09-29T13:13:26.121768Z  INFO lingxi_service: request handled request_id=req-edceba4c0cbb47de17fc14517dae134e method=POST path=/lingxi/v1/sessions/sess_local_alpha/execute status=200
2026-09-29T13:13:26.122487Z  INFO lingxi_service::sessions: run settled through the single finalize path run_id=run_000001a0ed4c756a_0004d5 session_id="sess_local_alpha" outcome=completed.no_final.no_provider_configured input_chars=23
2026-09-29T13:13:26.122638Z  INFO lingxi_service: request handled request_id=req-4a635171f474266a2e81c8a5ddbaf495 method=POST path=/lingxi/v1/sessions/sess_local_alpha/execute status=200
2026-09-29T13:13:26.123442Z  INFO lingxi_service::sessions: run settled through the single finalize path run_id=run_000001a0ed4c756a_0004d6 session_id="sess_local_alpha" outcome=completed.no_final.no_provider_configured input_chars=23
2026-09-29T13:13:26.123588Z  INFO lingxi_service: request handled request_id=req-11f1a69a91aa01a6f2613516f8d83376 method=POST path=/lingxi/v1/sessions/sess_local_alpha/execute status=200
2026-09-29T13:13:26.124312Z  INFO lingxi_service::sessions: run settled through the single finalize path run_id=run_000001a0ed4c756b_0004d7 session_id="sess_local_alpha" outcome=completed.no_final.no_provider_configured input_chars=23
2026-09-29T13:13:26.124460Z  INFO lingxi_service: request handled request_id=req-df5b32b42b94faf567372c802b0e6f27 method=POST path=/lingxi/v1/sessions/sess_local_alpha/execute status=200
2026-09-29T13:13:26.125126Z  INFO lingxi_service::sessions: run settled through the single finalize path run_id=run_000001a0ed4c756c_0004d8 session_id="sess_local_alpha" outcome=completed.no_final.no_provider_configured input_chars=23
2026-09-29T13:13:26.125272Z  INFO lingxi_service: request handled request_id=req-c76ec4332c8947ba12293b6e4efc7733 method=POST path=/lingxi/v1/sessions/sess_local_alpha/execute status=200
2026-09-29T13:13:26.125962Z  INFO lingxi_service::sessions: run settled through the single finalize path run_id=run_000001a0ed4c756d_0004d9 session_id="sess_local_alpha" outcome=completed.no_final.no_provider_configured input_chars=23
2026-09-29T13:13:26.126109Z  INFO lingxi_service: request handled request_id=req-dc66373423987e8145f40b2720f8dfa7 method=POST path=/lingxi/v1/sessions/sess_local_alpha/execute status=200
2026-09-29T13:13:26.126804Z  INFO lingxi_service::sessions: run settled through the single finalize path run_id=run_000001a0ed4c756e_0004da session_id="sess_local_alpha" outcome=completed.no_final.no_provider_configured input_chars=23
2026-09-29T13:13:26.126953Z  INFO lingxi_service: request handled request_id=req-91728e9edb2fec5cb06ff4772886ece8 method=POST path=/lingxi/v1/sessions/sess_local_alpha/execute status=200
2026-09-29T13:13:26.127625Z  INFO lingxi_service::sessions: run settled through the single finalize path run_id=run_000001a0ed4c756f_0004db session_id="sess_local_alpha" outcome=completed.no_final.no_provider_configured input_chars=23
2026-09-29T13:13:26.127773Z  INFO lingxi_service: request handled request_id=req-5551da1091a05bf0e9f8a9d1d955f423 method=POST path=/lingxi/v1/sessions/sess_local_alpha/execute status=200
2026-09-29T13:13:26.128481Z  INFO lingxi_service::sessions: run settled through the single finalize path run_id=run_000001a0ed4c7570_0004dc session_id="sess_local_alpha" outcome=completed.no_final.no_provider_configured input_chars=23
2026-09-29T13:13:26.128630Z  INFO lingxi_service: request handled request_id=req-ecb5d19e74bc27b9b682ce0d929a6285 method=POST path=/lingxi/v1/sessions/sess_local_alpha/execute status=200
2026-09-29T13:13:26.129328Z  INFO lingxi_service::sessions: run settled through the single finalize path run_id=run_000001a0ed4c7570_0004dd session_id="sess_local_alpha" outcome=completed.no_final.no_provider_configured input_chars=23
2026-09-29T13:13:26.129477Z  INFO lingxi_service: request handled request_id=req-58d0d0394c756f268f00c6835ee8fa90 method=POST path=/lingxi/v1/sessions/sess_local_alpha/execute status=200
2026-09-29T13:13:26.130177Z  INFO lingxi_service::sessions: run settled through the single finalize path run_id=run_000001a0ed4c7571_0004de session_id="sess_local_alpha" outcome=completed.no_final.no_provider_configured input_chars=23
2026-09-29T13:13:26.130327Z  INFO lingxi_service: request handled request_id=req-3ed28a973f2e79415c3c3f77a8debc5e method=POST path=/lingxi/v1/sessions/sess_local_alpha/execute status=200
2026-09-29T13:13:26.131039Z  INFO lingxi_service::sessions: run settled through the single finalize path run_id=run_000001a0ed4c7572_0004df session_id="sess_local_alpha" outcome=completed.no_final.no_provider_configured input_chars=23
2026-09-29T13:13:26.131191Z  INFO lingxi_service: request handled request_id=req-4731a548f639ad402cb755bfc53a4ce6 method=POST path=/lingxi/v1/sessions/sess_local_alpha/execute status=200
2026-09-29T13:13:26.132014Z  INFO lingxi_service::sessions: run settled through the single finalize path run_id=run_000001a0ed4c7573_0004e0 session_id="sess_local_alpha" outcome=completed.no_final.no_provider_configured input_chars=23
2026-09-29T13:13:26.132164Z  INFO lingxi_service: request handled request_id=req-3887b7657a3b4e4c6197feace8c58e99 method=POST path=/lingxi/v1/sessions/sess_local_alpha/execute status=200
2026-09-29T13:13:26.134552Z  INFO lingxi_service::sessions: run settled through the single finalize path run_id=run_000001a0ed4c7576_0004e1 session_id="sess_local_alpha" outcome=completed.no_final.no_provider_configured input_chars=23
2026-09-29T13:13:26.134715Z  INFO lingxi_service: request handled request_id=req-8384ef41475a6dd896ed4a38c386f1e6 method=POST path=/lingxi/v1/sessions/sess_local_alpha/execute status=200
2026-09-29T13:13:26.135524Z  INFO lingxi_service::sessions: run settled through the single finalize path run_id=run_000001a0ed4c7577_0004e2 session_id="sess_local_alpha" outcome=completed.no_final.no_provider_configured input_chars=23
2026-09-29T13:13:26.135790Z  INFO lingxi_service: request handled request_id=req-087c58fdd776a57bda651bcf7313e2d9 method=POST path=/lingxi/v1/sessions/sess_local_alpha/execute status=200
2026-09-29T13:13:26.136611Z  INFO lingxi_service::sessions: run settled through the single finalize path run_id=run_000001a0ed4c7578_0004e3 session_id="sess_local_alpha" outcome=completed.no_final.no_provider_configured input_chars=23
2026-09-29T13:13:26.136765Z  INFO lingxi_service: request handled request_id=req-b048264297fd1618dc7bb6363249f6e6 method=POST path=/lingxi/v1/sessions/sess_local_alpha/execute status=200
2026-09-29T13:13:26.137557Z  INFO lingxi_service::sessions: run settled through the single finalize path run_id=run_000001a0ed4c7579_0004e4 session_id="sess_local_alpha" outcome=completed.no_final.no_provider_configured input_chars=23
2026-09-29T13:13:26.137712Z  INFO lingxi_service: request handled request_id=req-d1be9e329075226676c82d4ca8477874 method=POST path=/lingxi/v1/sessions/sess_local_alpha/execute status=200
2026-09-29T13:13:26.138501Z  INFO lingxi_service::sessions: run settled through the single finalize path run_id=run_000001a0ed4c757a_0004e5 session_id="sess_local_alpha" outcome=completed.no_final.no_provider_configured input_chars=23
2026-09-29T13:13:26.138657Z  INFO lingxi_service: request handled request_id=req-fbd58c1649aec1c19a853a214ffb63b8 method=POST path=/lingxi/v1/sessions/sess_local_alpha/execute status=200
2026-09-29T13:13:26.139450Z  INFO lingxi_service::sessions: run settled through the single finalize path run_id=run_000001a0ed4c757b_0004e6 session_id="sess_local_alpha" outcome=completed.no_final.no_provider_configured input_chars=23
2026-09-29T13:13:26.139609Z  INFO lingxi_service: request handled request_id=req-02717c06e056d55f57fe0f78bfc452b2 method=POST path=/lingxi/v1/sessions/sess_local_alpha/execute status=200
2026-09-29T13:13:26.140383Z  INFO lingxi_service::sessions: run settled through the single finalize path run_id=run_000001a0ed4c757b_0004e7 session_id="sess_local_alpha" outcome=completed.no_final.no_provider_configured input_chars=23
2026-09-29T13:13:26.140542Z  INFO lingxi_service: request handled request_id=req-061a49d6e372d93edafaaab7b4ff2a18 method=POST path=/lingxi/v1/sessions/sess_local_alpha/execute status=200
2026-09-29T13:13:26.141297Z  INFO lingxi_service::sessions: run settled through the single finalize path run_id=run_000001a0ed4c757c_0004e8 session_id="sess_local_alpha" outcome=completed.no_final.no_provider_configured input_chars=23
2026-09-29T13:13:26.141450Z  INFO lingxi_service: request handled request_id=req-1439b00561c5eb16cadbaeda52ccc952 method=POST path=/lingxi/v1/sessions/sess_local_alpha/execute status=200
2026-09-29T13:13:26.142234Z  INFO lingxi_service::sessions: run settled through the single finalize path run_id=run_000001a0ed4c757d_0004e9 session_id="sess_local_alpha" outcome=completed.no_final.no_provider_configured input_chars=23
2026-09-29T13:13:26.142386Z  INFO lingxi_service: request handled request_id=req-279fdcfbbbe0bbdb490ec3252adca160 method=POST path=/lingxi/v1/sessions/sess_local_alpha/execute status=200
2026-09-29T13:13:26.143144Z  INFO lingxi_service::sessions: run settled through the single finalize path run_id=run_000001a0ed4c757e_0004ea session_id="sess_local_alpha" outcome=completed.no_final.no_provider_configured input_chars=23
2026-09-29T13:13:26.143303Z  INFO lingxi_service: request handled request_id=req-1620b769d449e0fb260275ac193342b6 method=POST path=/lingxi/v1/sessions/sess_local_alpha/execute status=200
2026-09-29T13:13:26.144065Z  INFO lingxi_service::sessions: run settled through the single finalize path run_id=run_000001a0ed4c757f_0004eb session_id="sess_local_alpha" outcome=completed.no_final.no_provider_configured input_chars=23
2026-09-29T13:13:26.144216Z  INFO lingxi_service: request handled request_id=req-db64509c114c56afc71671d107ed41c1 method=POST path=/lingxi/v1/sessions/sess_local_alpha/execute status=200
2026-09-29T13:13:26.144972Z  INFO lingxi_service::sessions: run settled through the single finalize path run_id=run_000001a0ed4c7580_0004ec session_id="sess_local_alpha" outcome=completed.no_final.no_provider_configured input_chars=23
2026-09-29T13:13:26.145123Z  INFO lingxi_service: request handled request_id=req-068fcda041052d8446207b180138fba0 method=POST path=/lingxi/v1/sessions/sess_local_alpha/execute status=200
2026-09-29T13:13:26.145840Z  INFO lingxi_service::sessions: run settled through the single finalize path run_id=run_000001a0ed4c7581_0004ed session_id="sess_local_alpha" outcome=completed.no_final.no_provider_configured input_chars=23
2026-09-29T13:13:26.145988Z  INFO lingxi_service: request handled request_id=req-a9d55da0ae16acfa3904abb2770be327 method=POST path=/lingxi/v1/sessions/sess_local_alpha/execute status=200
2026-09-29T13:13:26.146771Z  INFO lingxi_service::sessions: run settled through the single finalize path run_id=run_000001a0ed4c7582_0004ee session_id="sess_local_alpha" outcome=completed.no_final.no_provider_configured input_chars=23
2026-09-29T13:13:26.146920Z  INFO lingxi_service: request handled request_id=req-7fbeb37eee2361b5c65a569a2c5c5849 method=POST path=/lingxi/v1/sessions/sess_local_alpha/execute status=200
2026-09-29T13:13:26.147636Z  INFO lingxi_service::sessions: run settled through the single finalize path run_id=run_000001a0ed4c7583_0004ef session_id="sess_local_alpha" outcome=completed.no_final.no_provider_configured input_chars=23
2026-09-29T13:13:26.147788Z  INFO lingxi_service: request handled request_id=req-a6c280ef5af2fc8b0361f02210c0596b method=POST path=/lingxi/v1/sessions/sess_local_alpha/execute status=200
2026-09-29T13:13:26.148497Z  INFO lingxi_service::sessions: run settled through the single finalize path run_id=run_000001a0ed4c7584_0004f0 session_id="sess_local_alpha" outcome=completed.no_final.no_provider_configured input_chars=23
2026-09-29T13:13:26.148648Z  INFO lingxi_service: request handled request_id=req-cc7262a6f53f429ccdf3b268f9a93154 method=POST path=/lingxi/v1/sessions/sess_local_alpha/execute status=200
2026-09-29T13:13:26.149401Z  INFO lingxi_service::sessions: run settled through the single finalize path run_id=run_000001a0ed4c7584_0004f1 session_id="sess_local_alpha" outcome=completed.no_final.no_provider_configured input_chars=23
2026-09-29T13:13:26.149553Z  INFO lingxi_service: request handled request_id=req-25b2aed3a7515ac41dccc7c59637b5d8 method=POST path=/lingxi/v1/sessions/sess_local_alpha/execute status=200
2026-09-29T13:13:26.150395Z  INFO lingxi_service::sessions: run settled through the single finalize path run_id=run_000001a0ed4c7585_0004f2 session_id="sess_local_alpha" outcome=completed.no_final.no_provider_configured input_chars=23
2026-09-29T13:13:26.150546Z  INFO lingxi_service: request handled request_id=req-48937a16ea5b4043538cad20b1400c06 method=POST path=/lingxi/v1/sessions/sess_local_alpha/execute status=200
2026-09-29T13:13:26.151295Z  INFO lingxi_service::sessions: run settled through the single finalize path run_id=run_000001a0ed4c7586_0004f3 session_id="sess_local_alpha" outcome=completed.no_final.no_provider_configured input_chars=23
2026-09-29T13:13:26.151447Z  INFO lingxi_service: request handled request_id=req-faf4cb19c9c66e0593dd14f917d5b0eb method=POST path=/lingxi/v1/sessions/sess_local_alpha/execute status=200
2026-09-29T13:13:26.152298Z  INFO lingxi_service::sessions: run settled through the single finalize path run_id=run_000001a0ed4c7587_0004f4 session_id="sess_local_alpha" outcome=completed.no_final.no_provider_configured input_chars=23
2026-09-29T13:13:26.152453Z  INFO lingxi_service: request handled request_id=req-81d2baa1526db68696983c9b5432ac9d method=POST path=/lingxi/v1/sessions/sess_local_alpha/execute status=200
2026-09-29T13:13:26.153265Z  INFO lingxi_service::sessions: run settled through the single finalize path run_id=run_000001a0ed4c7588_0004f5 session_id="sess_local_alpha" outcome=completed.no_final.no_provider_configured input_chars=23
2026-09-29T13:13:26.153418Z  INFO lingxi_service: request handled request_id=req-58033612d7f006f1a90d13389602e5bd method=POST path=/lingxi/v1/sessions/sess_local_alpha/execute status=200
2026-09-29T13:13:26.154187Z  INFO lingxi_service::sessions: run settled through the single finalize path run_id=run_000001a0ed4c7589_0004f6 session_id="sess_local_alpha" outcome=completed.no_final.no_provider_configured input_chars=23
2026-09-29T13:13:26.154341Z  INFO lingxi_service: request handled request_id=req-f585bc655cf70b9341c4ebc601151975 method=POST path=/lingxi/v1/sessions/sess_local_alpha/execute status=200
2026-09-29T13:13:26.155049Z  INFO lingxi_service::sessions: run settled through the single finalize path run_id=run_000001a0ed4c758a_0004f7 session_id="sess_local_alpha" outcome=completed.no_final.no_provider_configured input_chars=23
2026-09-29T13:13:26.155199Z  INFO lingxi_service: request handled request_id=req-adc2644b88073e2ac8e5dc53d78b3536 method=POST path=/lingxi/v1/sessions/sess_local_alpha/execute status=200
2026-09-29T13:13:26.155907Z  INFO lingxi_service::sessions: run settled through the single finalize path run_id=run_000001a0ed4c758b_0004f8 session_id="sess_local_alpha" outcome=completed.no_final.no_provider_configured input_chars=23
2026-09-29T13:13:26.156056Z  INFO lingxi_service: request handled request_id=req-85e352fa48c7c7d9278b8cabf9cbb2ef method=POST path=/lingxi/v1/sessions/sess_local_alpha/execute status=200
2026-09-29T13:13:26.156813Z  INFO lingxi_service::sessions: run settled through the single finalize path run_id=run_000001a0ed4c758c_0004f9 session_id="sess_local_alpha" outcome=completed.no_final.no_provider_configured input_chars=23
2026-09-29T13:13:26.156963Z  INFO lingxi_service: request handled request_id=req-07f2b5d4efe9a66d85f8f46c1e59fb3a method=POST path=/lingxi/v1/sessions/sess_local_alpha/execute status=200
2026-09-29T13:13:26.157654Z  INFO lingxi_service::sessions: run settled through the single finalize path run_id=run_000001a0ed4c758d_0004fa session_id="sess_local_alpha" outcome=completed.no_final.no_provider_configured input_chars=23
2026-09-29T13:13:26.157802Z  INFO lingxi_service: request handled request_id=req-0b5cac9884ed2721e1ab338d11ae51ca method=POST path=/lingxi/v1/sessions/sess_local_alpha/execute status=200
2026-09-29T13:13:26.158494Z  INFO lingxi_service::sessions: run settled through the single finalize path run_id=run_000001a0ed4c758e_0004fb session_id="sess_local_alpha" outcome=completed.no_final.no_provider_configured input_chars=23
2026-09-29T13:13:26.158644Z  INFO lingxi_service: request handled request_id=req-9755ba4133352a75fde5c596a8b63e3d method=POST path=/lingxi/v1/sessions/sess_local_alpha/execute status=200
2026-09-29T13:13:26.159398Z  INFO lingxi_service::sessions: run settled through the single finalize path run_id=run_000001a0ed4c758e_0004fc session_id="sess_local_alpha" outcome=completed.no_final.no_provider_configured input_chars=23
2026-09-29T13:13:26.159548Z  INFO lingxi_service: request handled request_id=req-85900046866d9017659371e76938664b method=POST path=/lingxi/v1/sessions/sess_local_alpha/execute status=200
2026-09-29T13:13:26.160251Z  INFO lingxi_service::sessions: run settled through the single finalize path run_id=run_000001a0ed4c758f_0004fd session_id="sess_local_alpha" outcome=completed.no_final.no_provider_configured input_chars=23
2026-09-29T13:13:26.160404Z  INFO lingxi_service: request handled request_id=req-19d7a00e0faddbfe90bd488c5cbb70ca method=POST path=/lingxi/v1/sessions/sess_local_alpha/execute status=200
2026-09-29T13:13:26.161127Z  INFO lingxi_service::sessions: run settled through the single finalize path run_id=run_000001a0ed4c7590_0004fe session_id="sess_local_alpha" outcome=completed.no_final.no_provider_configured input_chars=23
2026-09-29T13:13:26.161277Z  INFO lingxi_service: request handled request_id=req-60e5518bc671a9f17499249347b7a465 method=POST path=/lingxi/v1/sessions/sess_local_alpha/execute status=200
2026-09-29T13:13:26.162446Z  INFO lingxi_service::sessions: run settled through the single finalize path run_id=run_000001a0ed4c7591_0004ff session_id="sess_local_alpha" outcome=completed.no_final.no_provider_configured input_chars=23
2026-09-29T13:13:26.162596Z  INFO lingxi_service: request handled request_id=req-41578dc167147349e1b1d7e8e6a1dde6 method=POST path=/lingxi/v1/sessions/sess_local_alpha/execute status=200
2026-09-29T13:13:26.163288Z  INFO lingxi_service::sessions: run settled through the single finalize path run_id=run_000001a0ed4c7592_000500 session_id="sess_local_alpha" outcome=completed.no_final.no_provider_configured input_chars=23
2026-09-29T13:13:26.163438Z  INFO lingxi_service: request handled request_id=req-c22937d8de5e7b8f20aad37310b8d404 method=POST path=/lingxi/v1/sessions/sess_local_alpha/execute status=200
2026-09-29T13:13:26.164148Z  INFO lingxi_service::sessions: run settled through the single finalize path run_id=run_000001a0ed4c7593_000501 session_id="sess_local_alpha" outcome=completed.no_final.no_provider_configured input_chars=23
2026-09-29T13:13:26.164297Z  INFO lingxi_service: request handled request_id=req-ced60e9bc20940d37056d3d6d0974c0f method=POST path=/lingxi/v1/sessions/sess_local_alpha/execute status=200
2026-09-29T13:13:26.165017Z  INFO lingxi_service::sessions: run settled through the single finalize path run_id=run_000001a0ed4c7594_000502 session_id="sess_local_alpha" outcome=completed.no_final.no_provider_configured input_chars=23
2026-09-29T13:13:26.165165Z  INFO lingxi_service: request handled request_id=req-15ae7b1be23bf4888bf1ef0bf25ff1b8 method=POST path=/lingxi/v1/sessions/sess_local_alpha/execute status=200
2026-09-29T13:13:26.165932Z  INFO lingxi_service::sessions: run settled through the single finalize path run_id=run_000001a0ed4c7595_000503 session_id="sess_local_alpha" outcome=completed.no_final.no_provider_configured input_chars=23
2026-09-29T13:13:26.166080Z  INFO lingxi_service: request handled request_id=req-0689327c9efa92db227b988cfd6f6d61 method=POST path=/lingxi/v1/sessions/sess_local_alpha/execute status=200
2026-09-29T13:13:26.166853Z  INFO lingxi_service::sessions: run settled through the single finalize path run_id=run_000001a0ed4c7596_000504 session_id="sess_local_alpha" outcome=completed.no_final.no_provider_configured input_chars=23
2026-09-29T13:13:26.167003Z  INFO lingxi_service: request handled request_id=req-56e95fd9afca65bd3c478b1b20fcb114 method=POST path=/lingxi/v1/sessions/sess_local_alpha/execute status=200
2026-09-29T13:13:26.167717Z  INFO lingxi_service::sessions: run settled through the single finalize path run_id=run_000001a0ed4c7597_000505 session_id="sess_local_alpha" outcome=completed.no_final.no_provider_configured input_chars=23
2026-09-29T13:13:26.167865Z  INFO lingxi_service: request handled request_id=req-313be600c6ed1875e4595c07eb68feba method=POST path=/lingxi/v1/sessions/sess_local_alpha/execute status=200
2026-09-29T13:13:26.168616Z  INFO lingxi_service::sessions: run settled through the single finalize path run_id=run_000001a0ed4c7598_000506 session_id="sess_local_alpha" outcome=completed.no_final.no_provider_configured input_chars=23
2026-09-29T13:13:26.168763Z  INFO lingxi_service: request handled request_id=req-89d9d0f941a3ec83cb589fd0d935a8ac method=POST path=/lingxi/v1/sessions/sess_local_alpha/execute status=200
2026-09-29T13:13:26.169471Z  INFO lingxi_service::sessions: run settled through the single finalize path run_id=run_000001a0ed4c7599_000507 session_id="sess_local_alpha" outcome=completed.no_final.no_provider_configured input_chars=23
2026-09-29T13:13:26.169620Z  INFO lingxi_service: request handled request_id=req-caf79d2b3f31327993727fc735a439be method=POST path=/lingxi/v1/sessions/sess_local_alpha/execute status=200
2026-09-29T13:13:26.170335Z  INFO lingxi_service::sessions: run settled through the single finalize path run_id=run_000001a0ed4c7599_000508 session_id="sess_local_alpha" outcome=completed.no_final.no_provider_configured input_chars=23
2026-09-29T13:13:26.170484Z  INFO lingxi_service: request handled request_id=req-59e687997d2af9ca3d6fb56d7ea0d137 method=POST path=/lingxi/v1/sessions/sess_local_alpha/execute status=200
2026-09-29T13:13:26.171245Z  INFO lingxi_service::sessions: run settled through the single finalize path run_id=run_000001a0ed4c759a_000509 session_id="sess_local_alpha" outcome=completed.no_final.no_provider_configured input_chars=23
2026-09-29T13:13:26.171397Z  INFO lingxi_service: request handled request_id=req-9c72726f22038b060d96ecc3846d4cd2 method=POST path=/lingxi/v1/sessions/sess_local_alpha/execute status=200
2026-09-29T13:13:26.172085Z  INFO lingxi_service::sessions: run settled through the single finalize path run_id=run_000001a0ed4c759b_00050a session_id="sess_local_alpha" outcome=completed.no_final.no_provider_configured input_chars=23
2026-09-29T13:13:26.172234Z  INFO lingxi_service: request handled request_id=req-e776b2383a6066cea68473be16e98161 method=POST path=/lingxi/v1/sessions/sess_local_alpha/execute status=200
2026-09-29T13:13:26.172982Z  INFO lingxi_service::sessions: run settled through the single finalize path run_id=run_000001a0ed4c759c_00050b session_id="sess_local_alpha" outcome=completed.no_final.no_provider_configured input_chars=23
2026-09-29T13:13:26.173134Z  INFO lingxi_service: request handled request_id=req-626a25b77cce7d2d174e168e4d3380fe method=POST path=/lingxi/v1/sessions/sess_local_alpha/execute status=200
2026-09-29T13:13:26.173849Z  INFO lingxi_service::sessions: run settled through the single finalize path run_id=run_000001a0ed4c759d_00050c session_id="sess_local_alpha" outcome=completed.no_final.no_provider_configured input_chars=23
2026-09-29T13:13:26.173997Z  INFO lingxi_service: request handled request_id=req-236dd1552da18892712f9d6a60f9d45d method=POST path=/lingxi/v1/sessions/sess_local_alpha/execute status=200
2026-09-29T13:13:26.174678Z  INFO lingxi_service::sessions: run settled through the single finalize path run_id=run_000001a0ed4c759e_00050d session_id="sess_local_alpha" outcome=completed.no_final.no_provider_configured input_chars=23
2026-09-29T13:13:26.174832Z  INFO lingxi_service: request handled request_id=req-b452eeb7e711b8e1424372e4298d5a2f method=POST path=/lingxi/v1/sessions/sess_local_alpha/execute status=200
2026-09-29T13:13:26.175521Z  INFO lingxi_service::sessions: run settled through the single finalize path run_id=run_000001a0ed4c759f_00050e session_id="sess_local_alpha" outcome=completed.no_final.no_provider_configured input_chars=23
2026-09-29T13:13:26.175672Z  INFO lingxi_service: request handled request_id=req-52c4fa603e4ff749fda3990bf4f81500 method=POST path=/lingxi/v1/sessions/sess_local_alpha/execute status=200
2026-09-29T13:13:26.176356Z  INFO lingxi_service::sessions: run settled through the single finalize path run_id=run_000001a0ed4c759f_00050f session_id="sess_local_alpha" outcome=completed.no_final.no_provider_configured input_chars=23
2026-09-29T13:13:26.176506Z  INFO lingxi_service: request handled request_id=req-ff337fcf4f83fda5263f12ca117f2323 method=POST path=/lingxi/v1/sessions/sess_local_alpha/execute status=200
2026-09-29T13:13:26.177198Z  INFO lingxi_service::sessions: run settled through the single finalize path run_id=run_000001a0ed4c75a0_000510 session_id="sess_local_alpha" outcome=completed.no_final.no_provider_configured input_chars=23
2026-09-29T13:13:26.177348Z  INFO lingxi_service: request handled request_id=req-ccc4aa05512dbaea96d678895a95b008 method=POST path=/lingxi/v1/sessions/sess_local_alpha/execute status=200
2026-09-29T13:13:26.178045Z  INFO lingxi_service::sessions: run settled through the single finalize path run_id=run_000001a0ed4c75a1_000511 session_id="sess_local_alpha" outcome=completed.no_final.no_provider_configured input_chars=23
2026-09-29T13:13:26.178195Z  INFO lingxi_service: request handled request_id=req-f6539bd151df17f9836eb161a5a5cd66 method=POST path=/lingxi/v1/sessions/sess_local_alpha/execute status=200
2026-09-29T13:13:26.178943Z  INFO lingxi_service::sessions: run settled through the single finalize path run_id=run_000001a0ed4c75a2_000512 session_id="sess_local_alpha" outcome=completed.no_final.no_provider_configured input_chars=23
2026-09-29T13:13:26.179114Z  INFO lingxi_service: request handled request_id=req-bca8547cbdde2806a8a712ea63565f0d method=POST path=/lingxi/v1/sessions/sess_local_alpha/execute status=200
2026-09-29T13:13:26.179819Z  INFO lingxi_service::sessions: run settled through the single finalize path run_id=run_000001a0ed4c75a3_000513 session_id="sess_local_alpha" outcome=completed.no_final.no_provider_configured input_chars=23
2026-09-29T13:13:26.179969Z  INFO lingxi_service: request handled request_id=req-e5d1ff5fc9b647b8bd483e6d8b12b7bd method=POST path=/lingxi/v1/sessions/sess_local_alpha/execute status=200
2026-09-29T13:13:26.180676Z  INFO lingxi_service::sessions: run settled through the single finalize path run_id=run_000001a0ed4c75a4_000514 session_id="sess_local_alpha" outcome=completed.no_final.no_provider_configured input_chars=23
2026-09-29T13:13:26.180829Z  INFO lingxi_service: request handled request_id=req-0eefbfbeba04e47620bad23501aad622 method=POST path=/lingxi/v1/sessions/sess_local_alpha/execute status=200
2026-09-29T13:13:26.181561Z  INFO lingxi_service::sessions: run settled through the single finalize path run_id=run_000001a0ed4c75a5_000515 session_id="sess_local_alpha" outcome=completed.no_final.no_provider_configured input_chars=23
2026-09-29T13:13:26.181712Z  INFO lingxi_service: request handled request_id=req-a3dda72690fbbcc5d6f8dc66efd5d9c9 method=POST path=/lingxi/v1/sessions/sess_local_alpha/execute status=200
2026-09-29T13:13:26.182466Z  INFO lingxi_service::sessions: run settled through the single finalize path run_id=run_000001a0ed4c75a6_000516 session_id="sess_local_alpha" outcome=completed.no_final.no_provider_configured input_chars=23
2026-09-29T13:13:26.182615Z  INFO lingxi_service: request handled request_id=req-adf8bbbc1e4a730fdaa4570ecc1c418b method=POST path=/lingxi/v1/sessions/sess_local_alpha/execute status=200
2026-09-29T13:13:26.183318Z  INFO lingxi_service::sessions: run settled through the single finalize path run_id=run_000001a0ed4c75a6_000517 session_id="sess_local_alpha" outcome=completed.no_final.no_provider_configured input_chars=23
2026-09-29T13:13:26.183469Z  INFO lingxi_service: request handled request_id=req-6a67fb26d8d1fc97ee57d9d8568c55ea method=POST path=/lingxi/v1/sessions/sess_local_alpha/execute status=200
2026-09-29T13:13:26.184220Z  INFO lingxi_service::sessions: run settled through the single finalize path run_id=run_000001a0ed4c75a7_000518 session_id="sess_local_alpha" outcome=completed.no_final.no_provider_configured input_chars=23
2026-09-29T13:13:26.184368Z  INFO lingxi_service: request handled request_id=req-a921df12dfa1a7c57320974ac18eb56e method=POST path=/lingxi/v1/sessions/sess_local_alpha/execute status=200
2026-09-29T13:13:26.185123Z  INFO lingxi_service::sessions: run settled through the single finalize path run_id=run_000001a0ed4c75a8_000519 session_id="sess_local_alpha" outcome=completed.no_final.no_provider_configured input_chars=23
2026-09-29T13:13:26.185271Z  INFO lingxi_service: request handled request_id=req-f52160453715f73e517b25c5bced7874 method=POST path=/lingxi/v1/sessions/sess_local_alpha/execute status=200
2026-09-29T13:13:26.185983Z  INFO lingxi_service::sessions: run settled through the single finalize path run_id=run_000001a0ed4c75a9_00051a session_id="sess_local_alpha" outcome=completed.no_final.no_provider_configured input_chars=23
2026-09-29T13:13:26.186132Z  INFO lingxi_service: request handled request_id=req-bb9e30207f05237e0ff08ab23addc8fd method=POST path=/lingxi/v1/sessions/sess_local_alpha/execute status=200
2026-09-29T13:13:26.186843Z  INFO lingxi_service::sessions: run settled through the single finalize path run_id=run_000001a0ed4c75aa_00051b session_id="sess_local_alpha" outcome=completed.no_final.no_provider_configured input_chars=23
2026-09-29T13:13:26.186991Z  INFO lingxi_service: request handled request_id=req-ccbb805305554e7dac169e9c85db76e2 method=POST path=/lingxi/v1/sessions/sess_local_alpha/execute status=200
2026-09-29T13:13:26.187670Z  INFO lingxi_service::sessions: run settled through the single finalize path run_id=run_000001a0ed4c75ab_00051c session_id="sess_local_alpha" outcome=completed.no_final.no_provider_configured input_chars=23
2026-09-29T13:13:26.187822Z  INFO lingxi_service: request handled request_id=req-85efea3b02c537ebae1260aca937ef52 method=POST path=/lingxi/v1/sessions/sess_local_alpha/execute status=200
2026-09-29T13:13:26.188562Z  INFO lingxi_service::sessions: run settled through the single finalize path run_id=run_000001a0ed4c75ac_00051d session_id="sess_local_alpha" outcome=completed.no_final.no_provider_configured input_chars=23
2026-09-29T13:13:26.188715Z  INFO lingxi_service: request handled request_id=req-9fedfad5b78bc6bfb5b8366f0a64a507 method=POST path=/lingxi/v1/sessions/sess_local_alpha/execute status=200
2026-09-29T13:13:26.189416Z  INFO lingxi_service::sessions: run settled through the single finalize path run_id=run_000001a0ed4c75ad_00051e session_id="sess_local_alpha" outcome=completed.no_final.no_provider_configured input_chars=23
2026-09-29T13:13:26.189567Z  INFO lingxi_service: request handled request_id=req-57613bc1fae8e8ab61bde500e01cc784 method=POST path=/lingxi/v1/sessions/sess_local_alpha/execute status=200
2026-09-29T13:13:26.190359Z  INFO lingxi_service::sessions: run settled through the single finalize path run_id=run_000001a0ed4c75ad_00051f session_id="sess_local_alpha" outcome=completed.no_final.no_provider_configured input_chars=23
2026-09-29T13:13:26.190507Z  INFO lingxi_service: request handled request_id=req-672c3e268fbb5cf50b9d1dcdd4f4d6a5 method=POST path=/lingxi/v1/sessions/sess_local_alpha/execute status=200
2026-09-29T13:13:26.191207Z  INFO lingxi_service::sessions: run settled through the single finalize path run_id=run_000001a0ed4c75ae_000520 session_id="sess_local_alpha" outcome=completed.no_final.no_provider_configured input_chars=23
2026-09-29T13:13:26.191360Z  INFO lingxi_service: request handled request_id=req-8c0bfa09ccfd2e2dd75daae4ecca618e method=POST path=/lingxi/v1/sessions/sess_local_alpha/execute status=200
2026-09-29T13:13:26.192060Z  INFO lingxi_service::sessions: run settled through the single finalize path run_id=run_000001a0ed4c75af_000521 session_id="sess_local_alpha" outcome=completed.no_final.no_provider_configured input_chars=23
2026-09-29T13:13:26.192208Z  INFO lingxi_service: request handled request_id=req-9327f4374c486e28419cf6eb4c548a0a method=POST path=/lingxi/v1/sessions/sess_local_alpha/execute status=200
2026-09-29T13:13:26.192919Z  INFO lingxi_service::sessions: run settled through the single finalize path run_id=run_000001a0ed4c75b0_000522 session_id="sess_local_alpha" outcome=completed.no_final.no_provider_configured input_chars=23
2026-09-29T13:13:26.193087Z  INFO lingxi_service: request handled request_id=req-dbf366c40e9a90913a9ed55ebd3720f8 method=POST path=/lingxi/v1/sessions/sess_local_alpha/execute status=200
2026-09-29T13:13:26.193801Z  INFO lingxi_service::sessions: run settled through the single finalize path run_id=run_000001a0ed4c75b1_000523 session_id="sess_local_alpha" outcome=completed.no_final.no_provider_configured input_chars=23
2026-09-29T13:13:26.193960Z  INFO lingxi_service: request handled request_id=req-2f03af4df8764b193aeb8b866e3671e9 method=POST path=/lingxi/v1/sessions/sess_local_alpha/execute status=200
2026-09-29T13:13:26.194639Z  INFO lingxi_service::sessions: run settled through the single finalize path run_id=run_000001a0ed4c75b2_000524 session_id="sess_local_alpha" outcome=completed.no_final.no_provider_configured input_chars=23
2026-09-29T13:13:26.194790Z  INFO lingxi_service: request handled request_id=req-c3af51601176affdb6e5f1f8feb3a364 method=POST path=/lingxi/v1/sessions/sess_local_alpha/execute status=200
2026-09-29T13:13:26.195459Z  INFO lingxi_service::sessions: run settled through the single finalize path run_id=run_000001a0ed4c75b3_000525 session_id="sess_local_alpha" outcome=completed.no_final.no_provider_configured input_chars=23
2026-09-29T13:13:26.195609Z  INFO lingxi_service: request handled request_id=req-178445ca8800f8b88a91b0517db085cb method=POST path=/lingxi/v1/sessions/sess_local_alpha/execute status=200
2026-09-29T13:13:26.196288Z  INFO lingxi_service::sessions: run settled through the single finalize path run_id=run_000001a0ed4c75b3_000526 session_id="sess_local_alpha" outcome=completed.no_final.no_provider_configured input_chars=23
2026-09-29T13:13:26.196442Z  INFO lingxi_service: request handled request_id=req-ccce4c8c3e19bcd387f94b0cb8171464 method=POST path=/lingxi/v1/sessions/sess_local_alpha/execute status=200
2026-09-29T13:13:26.197137Z  INFO lingxi_service::sessions: run settled through the single finalize path run_id=run_000001a0ed4c75b4_000527 session_id="sess_local_alpha" outcome=completed.no_final.no_provider_configured input_chars=23
2026-09-29T13:13:26.197292Z  INFO lingxi_service: request handled request_id=req-a7b540fb64969ed727e1031ac33279f1 method=POST path=/lingxi/v1/sessions/sess_local_alpha/execute status=200
2026-09-29T13:13:26.197966Z  INFO lingxi_service::sessions: run settled through the single finalize path run_id=run_000001a0ed4c75b5_000528 session_id="sess_local_alpha" outcome=completed.no_final.no_provider_configured input_chars=23
2026-09-29T13:13:26.198119Z  INFO lingxi_service: request handled request_id=req-ee94469a446f56b4672b3a4eb0c3c1f8 method=POST path=/lingxi/v1/sessions/sess_local_alpha/execute status=200
2026-09-29T13:13:26.198832Z  INFO lingxi_service::sessions: run settled through the single finalize path run_id=run_000001a0ed4c75b6_000529 session_id="sess_local_alpha" outcome=completed.no_final.no_provider_configured input_chars=23
2026-09-29T13:13:26.198985Z  INFO lingxi_service: request handled request_id=req-36f4e313e2bef8e52d38133231c647d6 method=POST path=/lingxi/v1/sessions/sess_local_alpha/execute status=200
2026-09-29T13:13:26.199683Z  INFO lingxi_service::sessions: run settled through the single finalize path run_id=run_000001a0ed4c75b7_00052a session_id="sess_local_alpha" outcome=completed.no_final.no_provider_configured input_chars=23
2026-09-29T13:13:26.199835Z  INFO lingxi_service: request handled request_id=req-224d91fa58ab823421a6b714e4224b5d method=POST path=/lingxi/v1/sessions/sess_local_alpha/execute status=200
2026-09-29T13:13:26.200517Z  INFO lingxi_service::sessions: run settled through the single finalize path run_id=run_000001a0ed4c75b8_00052b session_id="sess_local_alpha" outcome=completed.no_final.no_provider_configured input_chars=23
2026-09-29T13:13:26.200669Z  INFO lingxi_service: request handled request_id=req-b002e1f75f74b06b47d1c0d6939050b1 method=POST path=/lingxi/v1/sessions/sess_local_alpha/execute status=200
2026-09-29T13:13:26.201348Z  INFO lingxi_service::sessions: run settled through the single finalize path run_id=run_000001a0ed4c75b8_00052c session_id="sess_local_alpha" outcome=completed.no_final.no_provider_configured input_chars=23
2026-09-29T13:13:26.201500Z  INFO lingxi_service: request handled request_id=req-ebab63a10355a7968fd0d9bdd985f3fb method=POST path=/lingxi/v1/sessions/sess_local_alpha/execute status=200
2026-09-29T13:13:26.202162Z  INFO lingxi_service::sessions: run settled through the single finalize path run_id=run_000001a0ed4c75b9_00052d session_id="sess_local_alpha" outcome=completed.no_final.no_provider_configured input_chars=23
2026-09-29T13:13:26.202312Z  INFO lingxi_service: request handled request_id=req-6ee3405b2e73ecab58916fc816ab9d52 method=POST path=/lingxi/v1/sessions/sess_local_alpha/execute status=200
2026-09-29T13:13:26.203000Z  INFO lingxi_service::sessions: run settled through the single finalize path run_id=run_000001a0ed4c75ba_00052e session_id="sess_local_alpha" outcome=completed.no_final.no_provider_configured input_chars=23
2026-09-29T13:13:26.203153Z  INFO lingxi_service: request handled request_id=req-ee030b8a62d1ab4898f2c647a5e32941 method=POST path=/lingxi/v1/sessions/sess_local_alpha/execute status=200
2026-09-29T13:13:26.203838Z  INFO lingxi_service::sessions: run settled through the single finalize path run_id=run_000001a0ed4c75bb_00052f session_id="sess_local_alpha" outcome=completed.no_final.no_provider_configured input_chars=23
2026-09-29T13:13:26.203988Z  INFO lingxi_service: request handled request_id=req-a363d6b85f6190096b0b0e14ad0e9b0a method=POST path=/lingxi/v1/sessions/sess_local_alpha/execute status=200
2026-09-29T13:13:26.205060Z  INFO lingxi_service::sessions: run settled through the single finalize path run_id=run_000001a0ed4c75bc_000530 session_id="sess_local_alpha" outcome=completed.no_final.no_provider_configured input_chars=23
2026-09-29T13:13:26.205211Z  INFO lingxi_service: request handled request_id=req-cc0f4f4c5ad2e6602b96ce3688d0f522 method=POST path=/lingxi/v1/sessions/sess_local_alpha/execute status=200
2026-09-29T13:13:26.205904Z  INFO lingxi_service::sessions: run settled through the single finalize path run_id=run_000001a0ed4c75bd_000531 session_id="sess_local_alpha" outcome=completed.no_final.no_provider_configured input_chars=23
2026-09-29T13:13:26.206055Z  INFO lingxi_service: request handled request_id=req-2428d0e848c252d57780ab507fd12611 method=POST path=/lingxi/v1/sessions/sess_local_alpha/execute status=200
2026-09-29T13:13:26.206720Z  INFO lingxi_service::sessions: run settled through the single finalize path run_id=run_000001a0ed4c75be_000532 session_id="sess_local_alpha" outcome=completed.no_final.no_provider_configured input_chars=23
2026-09-29T13:13:26.206870Z  INFO lingxi_service: request handled request_id=req-4e4795f100b1f4784c354ba641b0f554 method=POST path=/lingxi/v1/sessions/sess_local_alpha/execute status=200
2026-09-29T13:13:26.207545Z  INFO lingxi_service::sessions: run settled through the single finalize path run_id=run_000001a0ed4c75bf_000533 session_id="sess_local_alpha" outcome=completed.no_final.no_provider_configured input_chars=23
2026-09-29T13:13:26.207697Z  INFO lingxi_service: request handled request_id=req-e1a847d172798ccb08f790c507aed177 method=POST path=/lingxi/v1/sessions/sess_local_alpha/execute status=200
2026-09-29T13:13:26.208380Z  INFO lingxi_service::sessions: run settled through the single finalize path run_id=run_000001a0ed4c75c0_000534 session_id="sess_local_alpha" outcome=completed.no_final.no_provider_configured input_chars=23
2026-09-29T13:13:26.208531Z  INFO lingxi_service: request handled request_id=req-07c600a6d59e074c859e93d014d1c75a method=POST path=/lingxi/v1/sessions/sess_local_alpha/execute status=200
2026-09-29T13:13:26.209220Z  INFO lingxi_service::sessions: run settled through the single finalize path run_id=run_000001a0ed4c75c0_000535 session_id="sess_local_alpha" outcome=completed.no_final.no_provider_configured input_chars=23
2026-09-29T13:13:26.209371Z  INFO lingxi_service: request handled request_id=req-73e044e3a2188c8f0bd156bcc1b05f6c method=POST path=/lingxi/v1/sessions/sess_local_alpha/execute status=200
2026-09-29T13:13:26.210052Z  INFO lingxi_service::sessions: run settled through the single finalize path run_id=run_000001a0ed4c75c1_000536 session_id="sess_local_alpha" outcome=completed.no_final.no_provider_configured input_chars=23
2026-09-29T13:13:26.210201Z  INFO lingxi_service: request handled request_id=req-f75b0577d12442723bae1e4180ab937d method=POST path=/lingxi/v1/sessions/sess_local_alpha/execute status=200
2026-09-29T13:13:26.210855Z  INFO lingxi_service::sessions: run settled through the single finalize path run_id=run_000001a0ed4c75c2_000537 session_id="sess_local_alpha" outcome=completed.no_final.no_provider_configured input_chars=23
2026-09-29T13:13:26.211004Z  INFO lingxi_service: request handled request_id=req-673e6286856b0ee27eb2f8a077e061d7 method=POST path=/lingxi/v1/sessions/sess_local_alpha/execute status=200
2026-09-29T13:13:26.211692Z  INFO lingxi_service::sessions: run settled through the single finalize path run_id=run_000001a0ed4c75c3_000538 session_id="sess_local_alpha" outcome=completed.no_final.no_provider_configured input_chars=23
2026-09-29T13:13:26.211845Z  INFO lingxi_service: request handled request_id=req-0f2ed55f5db0826693defaff2752680a method=POST path=/lingxi/v1/sessions/sess_local_alpha/execute status=200
2026-09-29T13:13:26.212557Z  INFO lingxi_service::sessions: run settled through the single finalize path run_id=run_000001a0ed4c75c4_000539 session_id="sess_local_alpha" outcome=completed.no_final.no_provider_configured input_chars=23
2026-09-29T13:13:26.212707Z  INFO lingxi_service: request handled request_id=req-36a25fefe6ac70c901a35cfdbf56fc5a method=POST path=/lingxi/v1/sessions/sess_local_alpha/execute status=200
2026-09-29T13:13:26.213374Z  INFO lingxi_service::sessions: run settled through the single finalize path run_id=run_000001a0ed4c75c5_00053a session_id="sess_local_alpha" outcome=completed.no_final.no_provider_configured input_chars=23
2026-09-29T13:13:26.213524Z  INFO lingxi_service: request handled request_id=req-b08d07c31df67c684cbebe0f841e9aac method=POST path=/lingxi/v1/sessions/sess_local_alpha/execute status=200
2026-09-29T13:13:26.214219Z  INFO lingxi_service::sessions: run settled through the single finalize path run_id=run_000001a0ed4c75c5_00053b session_id="sess_local_alpha" outcome=completed.no_final.no_provider_configured input_chars=23
2026-09-29T13:13:26.214372Z  INFO lingxi_service: request handled request_id=req-24943c9bb74639a7bc8797b9da44aa78 method=POST path=/lingxi/v1/sessions/sess_local_alpha/execute status=200
2026-09-29T13:13:26.215068Z  INFO lingxi_service::sessions: run settled through the single finalize path run_id=run_000001a0ed4c75c6_00053c session_id="sess_local_alpha" outcome=completed.no_final.no_provider_configured input_chars=23
2026-09-29T13:13:26.215219Z  INFO lingxi_service: request handled request_id=req-228475b5f64dd0843da8467d8d77e9d0 method=POST path=/lingxi/v1/sessions/sess_local_alpha/execute status=200
2026-09-29T13:13:26.215919Z  INFO lingxi_service::sessions: run settled through the single finalize path run_id=run_000001a0ed4c75c7_00053d session_id="sess_local_alpha" outcome=completed.no_final.no_provider_configured input_chars=23
2026-09-29T13:13:26.216070Z  INFO lingxi_service: request handled request_id=req-68e0fb66f14384993fc1be605715be6e method=POST path=/lingxi/v1/sessions/sess_local_alpha/execute status=200
2026-09-29T13:13:26.216800Z  INFO lingxi_service::sessions: run settled through the single finalize path run_id=run_000001a0ed4c75c8_00053e session_id="sess_local_alpha" outcome=completed.no_final.no_provider_configured input_chars=23
2026-09-29T13:13:26.216951Z  INFO lingxi_service: request handled request_id=req-71758fedcbbb38f0ee98e55b9bf5cc4f method=POST path=/lingxi/v1/sessions/sess_local_alpha/execute status=200
2026-09-29T13:13:26.217680Z  INFO lingxi_service::sessions: run settled through the single finalize path run_id=run_000001a0ed4c75c9_00053f session_id="sess_local_alpha" outcome=completed.no_final.no_provider_configured input_chars=23
2026-09-29T13:13:26.217834Z  INFO lingxi_service: request handled request_id=req-480ad3f2d8d567846b808f0c7f12005b method=POST path=/lingxi/v1/sessions/sess_local_alpha/execute status=200
2026-09-29T13:13:26.218546Z  INFO lingxi_service::sessions: run settled through the single finalize path run_id=run_000001a0ed4c75ca_000540 session_id="sess_local_alpha" outcome=completed.no_final.no_provider_configured input_chars=23
2026-09-29T13:13:26.218698Z  INFO lingxi_service: request handled request_id=req-110b2447e970d84bd76af14d0574a731 method=POST path=/lingxi/v1/sessions/sess_local_alpha/execute status=200
2026-09-29T13:13:26.219396Z  INFO lingxi_service::sessions: run settled through the single finalize path run_id=run_000001a0ed4c75cb_000541 session_id="sess_local_alpha" outcome=completed.no_final.no_provider_configured input_chars=23
2026-09-29T13:13:26.219547Z  INFO lingxi_service: request handled request_id=req-42c2021914816a3a4082dae2f112c3b4 method=POST path=/lingxi/v1/sessions/sess_local_alpha/execute status=200
2026-09-29T13:13:26.220251Z  INFO lingxi_service::sessions: run settled through the single finalize path run_id=run_000001a0ed4c75cb_000542 session_id="sess_local_alpha" outcome=completed.no_final.no_provider_configured input_chars=23
2026-09-29T13:13:26.220402Z  INFO lingxi_service: request handled request_id=req-ac83649cc667142dbe83244cba36c060 method=POST path=/lingxi/v1/sessions/sess_local_alpha/execute status=200
2026-09-29T13:13:26.221073Z  INFO lingxi_service::sessions: run settled through the single finalize path run_id=run_000001a0ed4c75cc_000543 session_id="sess_local_alpha" outcome=completed.no_final.no_provider_configured input_chars=23
2026-09-29T13:13:26.221223Z  INFO lingxi_service: request handled request_id=req-7229bd84c112f16df15ec3d672e20d3e method=POST path=/lingxi/v1/sessions/sess_local_alpha/execute status=200
2026-09-29T13:13:26.221905Z  INFO lingxi_service::sessions: run settled through the single finalize path run_id=run_000001a0ed4c75cd_000544 session_id="sess_local_alpha" outcome=completed.no_final.no_provider_configured input_chars=23
2026-09-29T13:13:26.222057Z  INFO lingxi_service: request handled request_id=req-f6a9d7e7e91cd89b38e7e18687c464d1 method=POST path=/lingxi/v1/sessions/sess_local_alpha/execute status=200
2026-09-29T13:13:26.222733Z  INFO lingxi_service::sessions: run settled through the single finalize path run_id=run_000001a0ed4c75ce_000545 session_id="sess_local_alpha" outcome=completed.no_final.no_provider_configured input_chars=23
2026-09-29T13:13:26.222887Z  INFO lingxi_service: request handled request_id=req-98aa083508c06f9ad40054f48c8d245d method=POST path=/lingxi/v1/sessions/sess_local_alpha/execute status=200
2026-09-29T13:13:26.223569Z  INFO lingxi_service::sessions: run settled through the single finalize path run_id=run_000001a0ed4c75cf_000546 session_id="sess_local_alpha" outcome=completed.no_final.no_provider_configured input_chars=23
2026-09-29T13:13:26.223722Z  INFO lingxi_service: request handled request_id=req-a466057b9b8d0f71e482ac3eb873e602 method=POST path=/lingxi/v1/sessions/sess_local_alpha/execute status=200
2026-09-29T13:13:26.224440Z  INFO lingxi_service::sessions: run settled through the single finalize path run_id=run_000001a0ed4c75d0_000547 session_id="sess_local_alpha" outcome=completed.no_final.no_provider_configured input_chars=23
2026-09-29T13:13:26.224590Z  INFO lingxi_service: request handled request_id=req-63fe24d8711ee3a9937c11b772016c14 method=POST path=/lingxi/v1/sessions/sess_local_alpha/execute status=200
2026-09-29T13:13:26.225308Z  INFO lingxi_service::sessions: run settled through the single finalize path run_id=run_000001a0ed4c75d0_000548 session_id="sess_local_alpha" outcome=completed.no_final.no_provider_configured input_chars=23
2026-09-29T13:13:26.225459Z  INFO lingxi_service: request handled request_id=req-89b3cd60492663530d6bf8486578d764 method=POST path=/lingxi/v1/sessions/sess_local_alpha/execute status=200
2026-09-29T13:13:26.226163Z  INFO lingxi_service::sessions: run settled through the single finalize path run_id=run_000001a0ed4c75d1_000549 session_id="sess_local_alpha" outcome=completed.no_final.no_provider_configured input_chars=23
2026-09-29T13:13:26.226317Z  INFO lingxi_service: request handled request_id=req-4f7cad88b39ff038c30469529ecf1eee method=POST path=/lingxi/v1/sessions/sess_local_alpha/execute status=200
2026-09-29T13:13:26.227018Z  INFO lingxi_service::sessions: run settled through the single finalize path run_id=run_000001a0ed4c75d2_00054a session_id="sess_local_alpha" outcome=completed.no_final.no_provider_configured input_chars=23
2026-09-29T13:13:26.227170Z  INFO lingxi_service: request handled request_id=req-9c7e95f6d0e035b574f71b4894b7dc48 method=POST path=/lingxi/v1/sessions/sess_local_alpha/execute status=200
2026-09-29T13:13:26.227941Z  INFO lingxi_service::sessions: run settled through the single finalize path run_id=run_000001a0ed4c75d3_00054b session_id="sess_local_alpha" outcome=completed.no_final.no_provider_configured input_chars=23
2026-09-29T13:13:26.228094Z  INFO lingxi_service: request handled request_id=req-9283bbb36f7206d741e970703e63b926 method=POST path=/lingxi/v1/sessions/sess_local_alpha/execute status=200
2026-09-29T13:13:26.228777Z  INFO lingxi_service::sessions: run settled through the single finalize path run_id=run_000001a0ed4c75d4_00054c session_id="sess_local_alpha" outcome=completed.no_final.no_provider_configured input_chars=23
2026-09-29T13:13:26.228929Z  INFO lingxi_service: request handled request_id=req-bb93d37660ee25a8f63db0c2ed1de7bd method=POST path=/lingxi/v1/sessions/sess_local_alpha/execute status=200
2026-09-29T13:13:26.229627Z  INFO lingxi_service::sessions: run settled through the single finalize path run_id=run_000001a0ed4c75d5_00054d session_id="sess_local_alpha" outcome=completed.no_final.no_provider_configured input_chars=23
2026-09-29T13:13:26.229781Z  INFO lingxi_service: request handled request_id=req-d5d16be391fccba8e5245838807f8e45 method=POST path=/lingxi/v1/sessions/sess_local_alpha/execute status=200
2026-09-29T13:13:26.230527Z  INFO lingxi_service::sessions: run settled through the single finalize path run_id=run_000001a0ed4c75d6_00054e session_id="sess_local_alpha" outcome=completed.no_final.no_provider_configured input_chars=23
2026-09-29T13:13:26.230680Z  INFO lingxi_service: request handled request_id=req-c2d025f48f33798505bae05d815ad4f8 method=POST path=/lingxi/v1/sessions/sess_local_alpha/execute status=200
2026-09-29T13:13:26.231365Z  INFO lingxi_service::sessions: run settled through the single finalize path run_id=run_000001a0ed4c75d6_00054f session_id="sess_local_alpha" outcome=completed.no_final.no_provider_configured input_chars=23
2026-09-29T13:13:26.231517Z  INFO lingxi_service: request handled request_id=req-2ad58311dd81f12f53b6debbe1e98ff0 method=POST path=/lingxi/v1/sessions/sess_local_alpha/execute status=200
2026-09-29T13:13:26.232241Z  INFO lingxi_service::sessions: run settled through the single finalize path run_id=run_000001a0ed4c75d7_000550 session_id="sess_local_alpha" outcome=completed.no_final.no_provider_configured input_chars=23
2026-09-29T13:13:26.232394Z  INFO lingxi_service: request handled request_id=req-4d2b202f87bbd082a9c040015aabbc53 method=POST path=/lingxi/v1/sessions/sess_local_alpha/execute status=200
2026-09-29T13:13:26.233124Z  INFO lingxi_service::sessions: run settled through the single finalize path run_id=run_000001a0ed4c75d8_000551 session_id="sess_local_alpha" outcome=completed.no_final.no_provider_configured input_chars=23
2026-09-29T13:13:26.233277Z  INFO lingxi_service: request handled request_id=req-3684d8afa66cc69aeb912993b7171a87 method=POST path=/lingxi/v1/sessions/sess_local_alpha/execute status=200
2026-09-29T13:13:26.233984Z  INFO lingxi_service::sessions: run settled through the single finalize path run_id=run_000001a0ed4c75d9_000552 session_id="sess_local_alpha" outcome=completed.no_final.no_provider_configured input_chars=23
2026-09-29T13:13:26.234135Z  INFO lingxi_service: request handled request_id=req-3fe9ce9bedf614becb4363ad7bc3f560 method=POST path=/lingxi/v1/sessions/sess_local_alpha/execute status=200
2026-09-29T13:13:26.234846Z  INFO lingxi_service::sessions: run settled through the single finalize path run_id=run_000001a0ed4c75da_000553 session_id="sess_local_alpha" outcome=completed.no_final.no_provider_configured input_chars=23
2026-09-29T13:13:26.234999Z  INFO lingxi_service: request handled request_id=req-4706de566f00a151532a23456f4d41e3 method=POST path=/lingxi/v1/sessions/sess_local_alpha/execute status=200
2026-09-29T13:13:26.235680Z  INFO lingxi_service::sessions: run settled through the single finalize path run_id=run_000001a0ed4c75db_000554 session_id="sess_local_alpha" outcome=completed.no_final.no_provider_configured input_chars=23
2026-09-29T13:13:26.235835Z  INFO lingxi_service: request handled request_id=req-574d4e8fefc1d4be5b23bfc9cdd4cd3e method=POST path=/lingxi/v1/sessions/sess_local_alpha/execute status=200
2026-09-29T13:13:26.236606Z  INFO lingxi_service::sessions: run settled through the single finalize path run_id=run_000001a0ed4c75dc_000555 session_id="sess_local_alpha" outcome=completed.no_final.no_provider_configured input_chars=23
2026-09-29T13:13:26.236760Z  INFO lingxi_service: request handled request_id=req-97779cd7692efb46728f8b642d4b9b84 method=POST path=/lingxi/v1/sessions/sess_local_alpha/execute status=200
2026-09-29T13:13:26.237443Z  INFO lingxi_service::sessions: run settled through the single finalize path run_id=run_000001a0ed4c75dd_000556 session_id="sess_local_alpha" outcome=completed.no_final.no_provider_configured input_chars=23
2026-09-29T13:13:26.237594Z  INFO lingxi_service: request handled request_id=req-58d88f415b3990660b7b02b19ccee210 method=POST path=/lingxi/v1/sessions/sess_local_alpha/execute status=200
2026-09-29T13:13:26.238267Z  INFO lingxi_service::sessions: run settled through the single finalize path run_id=run_000001a0ed4c75dd_000557 session_id="sess_local_alpha" outcome=completed.no_final.no_provider_configured input_chars=23
2026-09-29T13:13:26.238419Z  INFO lingxi_service: request handled request_id=req-c9fae8726e8c3cd0678d9ff707ed9b19 method=POST path=/lingxi/v1/sessions/sess_local_alpha/execute status=200
2026-09-29T13:13:26.239083Z  INFO lingxi_service::sessions: run settled through the single finalize path run_id=run_000001a0ed4c75de_000558 session_id="sess_local_alpha" outcome=completed.no_final.no_provider_configured input_chars=23
2026-09-29T13:13:26.239234Z  INFO lingxi_service: request handled request_id=req-62206fa2c93fe6dc35ec9a2bc6188d92 method=POST path=/lingxi/v1/sessions/sess_local_alpha/execute status=200
2026-09-29T13:13:26.239949Z  INFO lingxi_service::sessions: run settled through the single finalize path run_id=run_000001a0ed4c75df_000559 session_id="sess_local_alpha" outcome=completed.no_final.no_provider_configured input_chars=23
2026-09-29T13:13:26.240100Z  INFO lingxi_service: request handled request_id=req-0e01dd32f819b12e8f03159c8062df45 method=POST path=/lingxi/v1/sessions/sess_local_alpha/execute status=200
2026-09-29T13:13:26.240785Z  INFO lingxi_service::sessions: run settled through the single finalize path run_id=run_000001a0ed4c75e0_00055a session_id="sess_local_alpha" outcome=completed.no_final.no_provider_configured input_chars=23
2026-09-29T13:13:26.240937Z  INFO lingxi_service: request handled request_id=req-4cddf0bacf210d9abd33e564baa3c3e4 method=POST path=/lingxi/v1/sessions/sess_local_alpha/execute status=200
2026-09-29T13:13:26.241657Z  INFO lingxi_service::sessions: run settled through the single finalize path run_id=run_000001a0ed4c75e1_00055b session_id="sess_local_alpha" outcome=completed.no_final.no_provider_configured input_chars=23
2026-09-29T13:13:26.241808Z  INFO lingxi_service: request handled request_id=req-89b7f673ab3a14ec8c9e9a3dd86ca619 method=POST path=/lingxi/v1/sessions/sess_local_alpha/execute status=200
2026-09-29T13:13:26.242558Z  INFO lingxi_service::sessions: run settled through the single finalize path run_id=run_000001a0ed4c75e2_00055c session_id="sess_local_alpha" outcome=completed.no_final.no_provider_configured input_chars=23
2026-09-29T13:13:26.242715Z  INFO lingxi_service: request handled request_id=req-d72ccea9b8f01e8297598ed419227d6b method=POST path=/lingxi/v1/sessions/sess_local_alpha/execute status=200
2026-09-29T13:13:26.243383Z  INFO lingxi_service::sessions: run settled through the single finalize path run_id=run_000001a0ed4c75e3_00055d session_id="sess_local_alpha" outcome=completed.no_final.no_provider_configured input_chars=23
2026-09-29T13:13:26.243536Z  INFO lingxi_service: request handled request_id=req-813890410c8cf496cfc64ac2bf55b3fd method=POST path=/lingxi/v1/sessions/sess_local_alpha/execute status=200
2026-09-29T13:13:26.244236Z  INFO lingxi_service::sessions: run settled through the single finalize path run_id=run_000001a0ed4c75e3_00055e session_id="sess_local_alpha" outcome=completed.no_final.no_provider_configured input_chars=23
2026-09-29T13:13:26.244390Z  INFO lingxi_service: request handled request_id=req-f384a364a3ad3ccf958f34daf497afc6 method=POST path=/lingxi/v1/sessions/sess_local_alpha/execute status=200
2026-09-29T13:13:26.245081Z  INFO lingxi_service::sessions: run settled through the single finalize path run_id=run_000001a0ed4c75e4_00055f session_id="sess_local_alpha" outcome=completed.no_final.no_provider_configured input_chars=23
2026-09-29T13:13:26.245233Z  INFO lingxi_service: request handled request_id=req-b7be0af997e9a50bc1e830a9232fad53 method=POST path=/lingxi/v1/sessions/sess_local_alpha/execute status=200
2026-09-29T13:13:26.246436Z  INFO lingxi_service::sessions: run settled through the single finalize path run_id=run_000001a0ed4c75e5_000560 session_id="sess_local_alpha" outcome=completed.no_final.no_provider_configured input_chars=23
2026-09-29T13:13:26.246591Z  INFO lingxi_service: request handled request_id=req-6643ddcc43a24a702f1dca586fac8a24 method=POST path=/lingxi/v1/sessions/sess_local_alpha/execute status=200
2026-09-29T13:13:26.247308Z  INFO lingxi_service::sessions: run settled through the single finalize path run_id=run_000001a0ed4c75e6_000561 session_id="sess_local_alpha" outcome=completed.no_final.no_provider_configured input_chars=23
2026-09-29T13:13:26.247460Z  INFO lingxi_service: request handled request_id=req-de361d15902361356ee8ede46cf98f89 method=POST path=/lingxi/v1/sessions/sess_local_alpha/execute status=200
2026-09-29T13:13:26.248143Z  INFO lingxi_service::sessions: run settled through the single finalize path run_id=run_000001a0ed4c75e7_000562 session_id="sess_local_alpha" outcome=completed.no_final.no_provider_configured input_chars=23
2026-09-29T13:13:26.248297Z  INFO lingxi_service: request handled request_id=req-f461e17681ca226b47e9398d110e272f method=POST path=/lingxi/v1/sessions/sess_local_alpha/execute status=200
2026-09-29T13:13:26.248981Z  INFO lingxi_service::sessions: run settled through the single finalize path run_id=run_000001a0ed4c75e8_000563 session_id="sess_local_alpha" outcome=completed.no_final.no_provider_configured input_chars=23
2026-09-29T13:13:26.249134Z  INFO lingxi_service: request handled request_id=req-580929245d7fcb3b28ff7e90d09428c1 method=POST path=/lingxi/v1/sessions/sess_local_alpha/execute status=200
2026-09-29T13:13:26.249813Z  INFO lingxi_service::sessions: run settled through the single finalize path run_id=run_000001a0ed4c75e9_000564 session_id="sess_local_alpha" outcome=completed.no_final.no_provider_configured input_chars=23
2026-09-29T13:13:26.249967Z  INFO lingxi_service: request handled request_id=req-15047ffb8b3008ed3f7e1dcd2a659886 method=POST path=/lingxi/v1/sessions/sess_local_alpha/execute status=200
2026-09-29T13:13:26.250665Z  INFO lingxi_service::sessions: run settled through the single finalize path run_id=run_000001a0ed4c75ea_000565 session_id="sess_local_alpha" outcome=completed.no_final.no_provider_configured input_chars=23
2026-09-29T13:13:26.250818Z  INFO lingxi_service: request handled request_id=req-8f4bb4e0daf172a6b9f3dd7d28ad78d2 method=POST path=/lingxi/v1/sessions/sess_local_alpha/execute status=200
2026-09-29T13:13:26.251548Z  INFO lingxi_service::sessions: run settled through the single finalize path run_id=run_000001a0ed4c75eb_000566 session_id="sess_local_alpha" outcome=completed.no_final.no_provider_configured input_chars=23
2026-09-29T13:13:26.251701Z  INFO lingxi_service: request handled request_id=req-80a89697bdd964aa795a9fa0b94e7459 method=POST path=/lingxi/v1/sessions/sess_local_alpha/execute status=200
2026-09-29T13:13:26.252398Z  INFO lingxi_service::sessions: run settled through the single finalize path run_id=run_000001a0ed4c75ec_000567 session_id="sess_local_alpha" outcome=completed.no_final.no_provider_configured input_chars=23
2026-09-29T13:13:26.252551Z  INFO lingxi_service: request handled request_id=req-1e48b396d23dd852af1db11592307d10 method=POST path=/lingxi/v1/sessions/sess_local_alpha/execute status=200
2026-09-29T13:13:26.253237Z  INFO lingxi_service::sessions: run settled through the single finalize path run_id=run_000001a0ed4c75ec_000568 session_id="sess_local_alpha" outcome=completed.no_final.no_provider_configured input_chars=23
2026-09-29T13:13:26.253390Z  INFO lingxi_service: request handled request_id=req-5152930ff09ce00afd05ffea67095deb method=POST path=/lingxi/v1/sessions/sess_local_alpha/execute status=200
2026-09-29T13:13:26.254126Z  INFO lingxi_service::sessions: run settled through the single finalize path run_id=run_000001a0ed4c75ed_000569 session_id="sess_local_alpha" outcome=completed.no_final.no_provider_configured input_chars=23
2026-09-29T13:13:26.254287Z  INFO lingxi_service: request handled request_id=req-72c8fc20fa28f785117fc23bfbf1181e method=POST path=/lingxi/v1/sessions/sess_local_alpha/execute status=200
2026-09-29T13:13:26.255044Z  INFO lingxi_service::sessions: run settled through the single finalize path run_id=run_000001a0ed4c75ee_00056a session_id="sess_local_alpha" outcome=completed.no_final.no_provider_configured input_chars=23
2026-09-29T13:13:26.255200Z  INFO lingxi_service: request handled request_id=req-3225237176b618fddeefd6045a993c74 method=POST path=/lingxi/v1/sessions/sess_local_alpha/execute status=200
2026-09-29T13:13:26.255885Z  INFO lingxi_service::sessions: run settled through the single finalize path run_id=run_000001a0ed4c75ef_00056b session_id="sess_local_alpha" outcome=completed.no_final.no_provider_configured input_chars=23
2026-09-29T13:13:26.256042Z  INFO lingxi_service: request handled request_id=req-2a7f8c637ebb69bc00be71350f66cdd7 method=POST path=/lingxi/v1/sessions/sess_local_alpha/execute status=200
2026-09-29T13:13:26.256778Z  INFO lingxi_service::sessions: run settled through the single finalize path run_id=run_000001a0ed4c75f0_00056c session_id="sess_local_alpha" outcome=completed.no_final.no_provider_configured input_chars=23
2026-09-29T13:13:26.256933Z  INFO lingxi_service: request handled request_id=req-5bd8990bcbd36ac97839ef474d24293d method=POST path=/lingxi/v1/sessions/sess_local_alpha/execute status=200
2026-09-29T13:13:26.257620Z  INFO lingxi_service::sessions: run settled through the single finalize path run_id=run_000001a0ed4c75f1_00056d session_id="sess_local_alpha" outcome=completed.no_final.no_provider_configured input_chars=23
2026-09-29T13:13:26.257776Z  INFO lingxi_service: request handled request_id=req-807de38fa8adbb28d7a3b458dd3645d5 method=POST path=/lingxi/v1/sessions/sess_local_alpha/execute status=200
2026-09-29T13:13:26.258468Z  INFO lingxi_service::sessions: run settled through the single finalize path run_id=run_000001a0ed4c75f2_00056e session_id="sess_local_alpha" outcome=completed.no_final.no_provider_configured input_chars=23
2026-09-29T13:13:26.258624Z  INFO lingxi_service: request handled request_id=req-f8980e40149c4870284c6d70e1994302 method=POST path=/lingxi/v1/sessions/sess_local_alpha/execute status=200
2026-09-29T13:13:26.259322Z  INFO lingxi_service::sessions: run settled through the single finalize path run_id=run_000001a0ed4c75f2_00056f session_id="sess_local_alpha" outcome=completed.no_final.no_provider_configured input_chars=23
2026-09-29T13:13:26.259483Z  INFO lingxi_service: request handled request_id=req-293baa21f4d05185b191a0397a0c9fbd method=POST path=/lingxi/v1/sessions/sess_local_alpha/execute status=200
2026-09-29T13:13:26.260214Z  INFO lingxi_service::sessions: run settled through the single finalize path run_id=run_000001a0ed4c75f3_000570 session_id="sess_local_alpha" outcome=completed.no_final.no_provider_configured input_chars=23
2026-09-29T13:13:26.260367Z  INFO lingxi_service: request handled request_id=req-0dc4c6881d9c9aa1b1970aefadafdc8a method=POST path=/lingxi/v1/sessions/sess_local_alpha/execute status=200
2026-09-29T13:13:26.261077Z  INFO lingxi_service::sessions: run settled through the single finalize path run_id=run_000001a0ed4c75f4_000571 session_id="sess_local_alpha" outcome=completed.no_final.no_provider_configured input_chars=23
2026-09-29T13:13:26.261231Z  INFO lingxi_service: request handled request_id=req-2a60e4107549e5f668460171fafbd712 method=POST path=/lingxi/v1/sessions/sess_local_alpha/execute status=200
2026-09-29T13:13:26.261945Z  INFO lingxi_service::sessions: run settled through the single finalize path run_id=run_000001a0ed4c75f5_000572 session_id="sess_local_alpha" outcome=completed.no_final.no_provider_configured input_chars=23
2026-09-29T13:13:26.262097Z  INFO lingxi_service: request handled request_id=req-f1c1d0e4d51e400e51853e89a580dc66 method=POST path=/lingxi/v1/sessions/sess_local_alpha/execute status=200
2026-09-29T13:13:26.262829Z  INFO lingxi_service::sessions: run settled through the single finalize path run_id=run_000001a0ed4c75f6_000573 session_id="sess_local_alpha" outcome=completed.no_final.no_provider_configured input_chars=23
2026-09-29T13:13:26.262987Z  INFO lingxi_service: request handled request_id=req-e3fb9621bae665e136b89f90f7813472 method=POST path=/lingxi/v1/sessions/sess_local_alpha/execute status=200
2026-09-29T13:13:26.263715Z  INFO lingxi_service::sessions: run settled through the single finalize path run_id=run_000001a0ed4c75f7_000574 session_id="sess_local_alpha" outcome=completed.no_final.no_provider_configured input_chars=23
2026-09-29T13:13:26.263870Z  INFO lingxi_service: request handled request_id=req-88568910c83108dd9efc06e8c81d12ea method=POST path=/lingxi/v1/sessions/sess_local_alpha/execute status=200
2026-09-29T13:13:26.264586Z  INFO lingxi_service::sessions: run settled through the single finalize path run_id=run_000001a0ed4c75f8_000575 session_id="sess_local_alpha" outcome=completed.no_final.no_provider_configured input_chars=23
2026-09-29T13:13:26.264740Z  INFO lingxi_service: request handled request_id=req-bfa8d59346824b51d720b18fd73f8028 method=POST path=/lingxi/v1/sessions/sess_local_alpha/execute status=200
2026-09-29T13:13:26.265440Z  INFO lingxi_service::sessions: run settled through the single finalize path run_id=run_000001a0ed4c75f9_000576 session_id="sess_local_alpha" outcome=completed.no_final.no_provider_configured input_chars=23
2026-09-29T13:13:26.265593Z  INFO lingxi_service: request handled request_id=req-100e8c5414416e25f4e1021acad9c64b method=POST path=/lingxi/v1/sessions/sess_local_alpha/execute status=200
2026-09-29T13:13:26.266337Z  INFO lingxi_service::sessions: run settled through the single finalize path run_id=run_000001a0ed4c75f9_000577 session_id="sess_local_alpha" outcome=completed.no_final.no_provider_configured input_chars=23
2026-09-29T13:13:26.266490Z  INFO lingxi_service: request handled request_id=req-c8fb04d4de938654cc8b6b947e8f1f29 method=POST path=/lingxi/v1/sessions/sess_local_alpha/execute status=200
2026-09-29T13:13:26.267216Z  INFO lingxi_service::sessions: run settled through the single finalize path run_id=run_000001a0ed4c75fa_000578 session_id="sess_local_alpha" outcome=completed.no_final.no_provider_configured input_chars=23
2026-09-29T13:13:26.267367Z  INFO lingxi_service: request handled request_id=req-5f0a3ea759ce532103fe1f488ff51630 method=POST path=/lingxi/v1/sessions/sess_local_alpha/execute status=200
2026-09-29T13:13:26.268064Z  INFO lingxi_service::sessions: run settled through the single finalize path run_id=run_000001a0ed4c75fb_000579 session_id="sess_local_alpha" outcome=completed.no_final.no_provider_configured input_chars=23
2026-09-29T13:13:26.268215Z  INFO lingxi_service: request handled request_id=req-29c4ab2e9d811ebcbfb896f99a4acdf8 method=POST path=/lingxi/v1/sessions/sess_local_alpha/execute status=200
2026-09-29T13:13:26.268916Z  INFO lingxi_service::sessions: run settled through the single finalize path run_id=run_000001a0ed4c75fc_00057a session_id="sess_local_alpha" outcome=completed.no_final.no_provider_configured input_chars=23
2026-09-29T13:13:26.269088Z  INFO lingxi_service: request handled request_id=req-1f37d8c3aef4ba71749fc0599fd61cb4 method=POST path=/lingxi/v1/sessions/sess_local_alpha/execute status=200
2026-09-29T13:13:26.269853Z  INFO lingxi_service::sessions: run settled through the single finalize path run_id=run_000001a0ed4c75fd_00057b session_id="sess_local_alpha" outcome=completed.no_final.no_provider_configured input_chars=23
2026-09-29T13:13:26.270009Z  INFO lingxi_service: request handled request_id=req-63d190c19247d815596eed99523893d8 method=POST path=/lingxi/v1/sessions/sess_local_alpha/execute status=200
2026-09-29T13:13:26.270775Z  INFO lingxi_service::sessions: run settled through the single finalize path run_id=run_000001a0ed4c75fe_00057c session_id="sess_local_alpha" outcome=completed.no_final.no_provider_configured input_chars=23
2026-09-29T13:13:26.270934Z  INFO lingxi_service: request handled request_id=req-ff6c5bef9493de110f00604ffeb2326c method=POST path=/lingxi/v1/sessions/sess_local_alpha/execute status=200
2026-09-29T13:13:26.271635Z  INFO lingxi_service::sessions: run settled through the single finalize path run_id=run_000001a0ed4c75ff_00057d session_id="sess_local_alpha" outcome=completed.no_final.no_provider_configured input_chars=23
2026-09-29T13:13:26.271791Z  INFO lingxi_service: request handled request_id=req-1c0c6e1af421a758f7be2e4f2cca4d6d method=POST path=/lingxi/v1/sessions/sess_local_alpha/execute status=200
2026-09-29T13:13:26.272481Z  INFO lingxi_service::sessions: run settled through the single finalize path run_id=run_000001a0ed4c7600_00057e session_id="sess_local_alpha" outcome=completed.no_final.no_provider_configured input_chars=23
2026-09-29T13:13:26.272642Z  INFO lingxi_service: request handled request_id=req-35e6b496345a6b9c6b855e459d056c50 method=POST path=/lingxi/v1/sessions/sess_local_alpha/execute status=200
2026-09-29T13:13:26.273336Z  INFO lingxi_service::sessions: run settled through the single finalize path run_id=run_000001a0ed4c7600_00057f session_id="sess_local_alpha" outcome=completed.no_final.no_provider_configured input_chars=23
2026-09-29T13:13:26.273493Z  INFO lingxi_service: request handled request_id=req-2f73c1bd99cb82ed56faa8e78f5807c8 method=POST path=/lingxi/v1/sessions/sess_local_alpha/execute status=200
2026-09-29T13:13:26.274176Z  INFO lingxi_service::sessions: run settled through the single finalize path run_id=run_000001a0ed4c7601_000580 session_id="sess_local_alpha" outcome=completed.no_final.no_provider_configured input_chars=23
2026-09-29T13:13:26.274334Z  INFO lingxi_service: request handled request_id=req-01a57a403061e412c8f6ced4767e27fe method=POST path=/lingxi/v1/sessions/sess_local_alpha/execute status=200
2026-09-29T13:13:26.275064Z  INFO lingxi_service::sessions: run settled through the single finalize path run_id=run_000001a0ed4c7602_000581 session_id="sess_local_alpha" outcome=completed.no_final.no_provider_configured input_chars=23
2026-09-29T13:13:26.275218Z  INFO lingxi_service: request handled request_id=req-bd739c5ba38c4ea0487bbbdf498ed018 method=POST path=/lingxi/v1/sessions/sess_local_alpha/execute status=200
2026-09-29T13:13:26.275947Z  INFO lingxi_service::sessions: run settled through the single finalize path run_id=run_000001a0ed4c7603_000582 session_id="sess_local_alpha" outcome=completed.no_final.no_provider_configured input_chars=23
2026-09-29T13:13:26.276102Z  INFO lingxi_service: request handled request_id=req-9bb2de2c3d3ecbabfeaf6a8a971342bf method=POST path=/lingxi/v1/sessions/sess_local_alpha/execute status=200
2026-09-29T13:13:26.276798Z  INFO lingxi_service::sessions: run settled through the single finalize path run_id=run_000001a0ed4c7604_000583 session_id="sess_local_alpha" outcome=completed.no_final.no_provider_configured input_chars=23
2026-09-29T13:13:26.276954Z  INFO lingxi_service: request handled request_id=req-87e7daec7d2c266a90495a2fd8182fe4 method=POST path=/lingxi/v1/sessions/sess_local_alpha/execute status=200
2026-09-29T13:13:26.277681Z  INFO lingxi_service::sessions: run settled through the single finalize path run_id=run_000001a0ed4c7605_000584 session_id="sess_local_alpha" outcome=completed.no_final.no_provider_configured input_chars=23
2026-09-29T13:13:26.277836Z  INFO lingxi_service: request handled request_id=req-9ebcde506e4d1400ebcdb990c67889ec method=POST path=/lingxi/v1/sessions/sess_local_alpha/execute status=200
2026-09-29T13:13:26.278531Z  INFO lingxi_service::sessions: run settled through the single finalize path run_id=run_000001a0ed4c7606_000585 session_id="sess_local_alpha" outcome=completed.no_final.no_provider_configured input_chars=23
2026-09-29T13:13:26.278687Z  INFO lingxi_service: request handled request_id=req-92d069a45be0803f17130f9061f33d1f method=POST path=/lingxi/v1/sessions/sess_local_alpha/execute status=200
2026-09-29T13:13:26.279435Z  INFO lingxi_service::sessions: run settled through the single finalize path run_id=run_000001a0ed4c7606_000586 session_id="sess_local_alpha" outcome=completed.no_final.no_provider_configured input_chars=23
2026-09-29T13:13:26.279589Z  INFO lingxi_service: request handled request_id=req-cf26a5761969af29481c9f4df32e9fda method=POST path=/lingxi/v1/sessions/sess_local_alpha/execute status=200
2026-09-29T13:13:26.280295Z  INFO lingxi_service::sessions: run settled through the single finalize path run_id=run_000001a0ed4c7607_000587 session_id="sess_local_alpha" outcome=completed.no_final.no_provider_configured input_chars=23
2026-09-29T13:13:26.280449Z  INFO lingxi_service: request handled request_id=req-4dc7c6b0eb8c132a6705afcb10a5fca4 method=POST path=/lingxi/v1/sessions/sess_local_alpha/execute status=200
2026-09-29T13:13:26.281151Z  INFO lingxi_service::sessions: run settled through the single finalize path run_id=run_000001a0ed4c7608_000588 session_id="sess_local_alpha" outcome=completed.no_final.no_provider_configured input_chars=23
2026-09-29T13:13:26.281305Z  INFO lingxi_service: request handled request_id=req-ac543cc55392743739d6f7f1a077199d method=POST path=/lingxi/v1/sessions/sess_local_alpha/execute status=200
2026-09-29T13:13:26.282003Z  INFO lingxi_service::sessions: run settled through the single finalize path run_id=run_000001a0ed4c7609_000589 session_id="sess_local_alpha" outcome=completed.no_final.no_provider_configured input_chars=23
2026-09-29T13:13:26.282161Z  INFO lingxi_service: request handled request_id=req-90c251fb36d792e4ffb1f637e6032fa5 method=POST path=/lingxi/v1/sessions/sess_local_alpha/execute status=200
2026-09-29T13:13:26.282877Z  INFO lingxi_service::sessions: run settled through the single finalize path run_id=run_000001a0ed4c760a_00058a session_id="sess_local_alpha" outcome=completed.no_final.no_provider_configured input_chars=23
2026-09-29T13:13:26.283033Z  INFO lingxi_service: request handled request_id=req-ba409e30ce0955da50f88c81a5371c9e method=POST path=/lingxi/v1/sessions/sess_local_alpha/execute status=200
2026-09-29T13:13:26.283767Z  INFO lingxi_service::sessions: run settled through the single finalize path run_id=run_000001a0ed4c760b_00058b session_id="sess_local_alpha" outcome=completed.no_final.no_provider_configured input_chars=23
2026-09-29T13:13:26.283924Z  INFO lingxi_service: request handled request_id=req-13a5fee4309004e24f2c686f98555b53 method=POST path=/lingxi/v1/sessions/sess_local_alpha/execute status=200
2026-09-29T13:13:26.284627Z  INFO lingxi_service::sessions: run settled through the single finalize path run_id=run_000001a0ed4c760c_00058c session_id="sess_local_alpha" outcome=completed.no_final.no_provider_configured input_chars=23
2026-09-29T13:13:26.284782Z  INFO lingxi_service: request handled request_id=req-bfeb8bde095e60d7e25d482f29904d97 method=POST path=/lingxi/v1/sessions/sess_local_alpha/execute status=200
2026-09-29T13:13:26.285474Z  INFO lingxi_service::sessions: run settled through the single finalize path run_id=run_000001a0ed4c760d_00058d session_id="sess_local_alpha" outcome=completed.no_final.no_provider_configured input_chars=23
2026-09-29T13:13:26.285630Z  INFO lingxi_service: request handled request_id=req-f65aef55c84decfcf79436d91b42dccc method=POST path=/lingxi/v1/sessions/sess_local_alpha/execute status=200
2026-09-29T13:13:26.286322Z  INFO lingxi_service::sessions: run settled through the single finalize path run_id=run_000001a0ed4c760d_00058e session_id="sess_local_alpha" outcome=completed.no_final.no_provider_configured input_chars=23
2026-09-29T13:13:26.286480Z  INFO lingxi_service: request handled request_id=req-eecf2fd8744fd70532d0f5398bd54336 method=POST path=/lingxi/v1/sessions/sess_local_alpha/execute status=200
2026-09-29T13:13:26.287158Z  INFO lingxi_service::sessions: run settled through the single finalize path run_id=run_000001a0ed4c760e_00058f session_id="sess_local_alpha" outcome=completed.no_final.no_provider_configured input_chars=23
2026-09-29T13:13:26.287315Z  INFO lingxi_service: request handled request_id=req-4d50b0610922004da3381f329869d9ed method=POST path=/lingxi/v1/sessions/sess_local_alpha/execute status=200
2026-09-29T13:13:26.287995Z  INFO lingxi_service::sessions: run settled through the single finalize path run_id=run_000001a0ed4c760f_000590 session_id="sess_local_alpha" outcome=completed.no_final.no_provider_configured input_chars=23
2026-09-29T13:13:26.288152Z  INFO lingxi_service: request handled request_id=req-08f4da050843890e01705ae62f58e2ff method=POST path=/lingxi/v1/sessions/sess_local_alpha/execute status=200
2026-09-29T13:13:26.289342Z  INFO lingxi_service::sessions: run settled through the single finalize path run_id=run_000001a0ed4c7610_000591 session_id="sess_local_alpha" outcome=completed.no_final.no_provider_configured input_chars=23
2026-09-29T13:13:26.289499Z  INFO lingxi_service: request handled request_id=req-2236c17b8e87831a14d8051d9773feb9 method=POST path=/lingxi/v1/sessions/sess_local_alpha/execute status=200
2026-09-29T13:13:26.290196Z  INFO lingxi_service::sessions: run settled through the single finalize path run_id=run_000001a0ed4c7611_000592 session_id="sess_local_alpha" outcome=completed.no_final.no_provider_configured input_chars=23
2026-09-29T13:13:26.290353Z  INFO lingxi_service: request handled request_id=req-68751222d6db8e4cb914984d34810a14 method=POST path=/lingxi/v1/sessions/sess_local_alpha/execute status=200
2026-09-29T13:13:26.291032Z  INFO lingxi_service::sessions: run settled through the single finalize path run_id=run_000001a0ed4c7612_000593 session_id="sess_local_alpha" outcome=completed.no_final.no_provider_configured input_chars=23
2026-09-29T13:13:26.291188Z  INFO lingxi_service: request handled request_id=req-36e793c3bafeadbda91bcad2f985d9e0 method=POST path=/lingxi/v1/sessions/sess_local_alpha/execute status=200
2026-09-29T13:13:26.291854Z  INFO lingxi_service::sessions: run settled through the single finalize path run_id=run_000001a0ed4c7613_000594 session_id="sess_local_alpha" outcome=completed.no_final.no_provider_configured input_chars=23
2026-09-29T13:13:26.292009Z  INFO lingxi_service: request handled request_id=req-12d31967bb4568afea0a12ae74cfccbd method=POST path=/lingxi/v1/sessions/sess_local_alpha/execute status=200
2026-09-29T13:13:26.292683Z  INFO lingxi_service::sessions: run settled through the single finalize path run_id=run_000001a0ed4c7614_000595 session_id="sess_local_alpha" outcome=completed.no_final.no_provider_configured input_chars=23
2026-09-29T13:13:26.292840Z  INFO lingxi_service: request handled request_id=req-20fe73e6cb0cd634f666c70c7461bc22 method=POST path=/lingxi/v1/sessions/sess_local_alpha/execute status=200
2026-09-29T13:13:26.293516Z  INFO lingxi_service::sessions: run settled through the single finalize path run_id=run_000001a0ed4c7615_000596 session_id="sess_local_alpha" outcome=completed.no_final.no_provider_configured input_chars=23
2026-09-29T13:13:26.293672Z  INFO lingxi_service: request handled request_id=req-9ab9b335e0824653a5b17b207abc8763 method=POST path=/lingxi/v1/sessions/sess_local_alpha/execute status=200
2026-09-29T13:13:26.294385Z  INFO lingxi_service::sessions: run settled through the single finalize path run_id=run_000001a0ed4c7615_000597 session_id="sess_local_alpha" outcome=completed.no_final.no_provider_configured input_chars=23
2026-09-29T13:13:26.294542Z  INFO lingxi_service: request handled request_id=req-e36ee642f4941efe65012bd805962c91 method=POST path=/lingxi/v1/sessions/sess_local_alpha/execute status=200
2026-09-29T13:13:26.295268Z  INFO lingxi_service::sessions: run settled through the single finalize path run_id=run_000001a0ed4c7616_000598 session_id="sess_local_alpha" outcome=completed.no_final.no_provider_configured input_chars=23
2026-09-29T13:13:26.295424Z  INFO lingxi_service: request handled request_id=req-1e29e7ac5da6689ea73ebfe351a34bbb method=POST path=/lingxi/v1/sessions/sess_local_alpha/execute status=200
2026-09-29T13:13:26.296120Z  INFO lingxi_service::sessions: run settled through the single finalize path run_id=run_000001a0ed4c7617_000599 session_id="sess_local_alpha" outcome=completed.no_final.no_provider_configured input_chars=23
2026-09-29T13:13:26.296275Z  INFO lingxi_service: request handled request_id=req-78ad838e35c5c591373be4fd33dcefb5 method=POST path=/lingxi/v1/sessions/sess_local_alpha/execute status=200
2026-09-29T13:13:56.318244Z  INFO lingxi_service: request handled request_id=req-9c3a22413766ca61f3ada3b9cc22deb5 method=GET path=/lingxi/v1/sessions/sess_local_alpha/events status=200
2026-09-29T13:13:56.334020Z  INFO lingxi_service: request handled request_id=req-2c07db606f6fa52aabc4984b53cd6818 method=GET path=/lingxi/v1/sessions/sess_local_alpha/events status=200
2026-09-29T13:13:56.346764Z  INFO lingxi_service: request handled request_id=req-6dc5cfb06aef18b71f1bf2146bf64625 method=GET path=/lingxi/v1/sessions/sess_local_alpha/events status=200
2026-09-29T13:13:56.358243Z  INFO lingxi_service: request handled request_id=req-5309959639871ba95102ee9e85862209 method=GET path=/lingxi/v1/sessions/sess_local_alpha/events status=200
2026-09-29T13:13:56.369031Z  INFO lingxi_service: request handled request_id=req-11a5924b729a60dfbac128e8a1aa53d6 method=GET path=/lingxi/v1/sessions/sess_local_alpha/events status=200
2026-09-29T13:13:56.377199Z  INFO lingxi_service: request handled request_id=req-1b069b6ff776fe7882024dd3822d1635 method=GET path=/lingxi/v1/sessions/sess_local_alpha/events status=200
2026-09-29T13:13:56.618658Z  WARN lingxi_service: ws session read failed err=Connection reset by peer (os error 54)
2026-09-29T13:13:56.848184Z  INFO lingxi_service: shutdown signal: SIGTERM
2026-09-29T13:13:56.850140Z  INFO lingxi_service::shutdown: run database closed (drained, WAL truncated) phase=storage_close
2026-09-29T13:13:56.850375Z  INFO lingxi_service::shutdown: own instance record removed, lock released phase=record_cleanup
2026-09-29T13:13:56.850437Z  INFO lingxi_service: lingxi-service stopped cleanly (run database closed, own record removed, lock released)
