2026-09-30T02:44:32.725703Z  INFO lingxi_service: data root resolved effective_home=/var/folders/5r/wq54gtms21gfjgr5v94ynfyh0000gn/T//lingxi-r02t07-a14.uFZ7ZF source=cli ignored_sources=none
2026-09-30T02:44:32.726988Z  INFO lingxi_service: data root prepared (canonicalized; runtime dir private 0700) canonical_home=/private/var/folders/5r/wq54gtms21gfjgr5v94ynfyh0000gn/T/lingxi-r02t07-a14.uFZ7ZF runtime_dir=/private/var/folders/5r/wq54gtms21gfjgr5v94ynfyh0000gn/T/lingxi-r02t07-a14.uFZ7ZF/lingxi-service
2026-09-30T02:44:32.727605Z  INFO lingxi_service: single-writer lock acquired instance_id=11eeb192a11bd5046645131f90eeae81 start_nonce=0a89c70ea5aa8c3d pid=62753 entropy="os-random-device" lock=/private/var/folders/5r/wq54gtms21gfjgr5v94ynfyh0000gn/T/lingxi-r02t07-a14.uFZ7ZF/lingxi-service/instance.lock network_mode=loopback
2026-09-30T02:44:32.742262Z  INFO lingxi_service: data-epoch gate passed home=/private/var/folders/5r/wq54gtms21gfjgr5v94ynfyh0000gn/T/lingxi-r02t07-a14.uFZ7ZF decision=ProceedStampedNew(EpochStamp { format: V2, minimum_reader_epoch: 1, committed_data_epoch: 1, last_version: Some("0.0.0") })
2026-09-30T02:44:32.792829Z  INFO lingxi_adapters::storage::run_store: run database migrated db=/private/var/folders/5r/wq54gtms21gfjgr5v94ynfyh0000gn/T/lingxi-r02t07-a14.uFZ7ZF/lingxi-service/data/runs.db applied=[1, 2, 3, 4] version=4
2026-09-30T02:44:32.793831Z  INFO lingxi_service: auth service bootstrapped (per-start loopback token, owner-only); run database migrated and seeded local_token_file=/private/var/folders/5r/wq54gtms21gfjgr5v94ynfyh0000gn/T/lingxi-r02t07-a14.uFZ7ZF/lingxi-service/local-token.json run_database=/private/var/folders/5r/wq54gtms21gfjgr5v94ynfyh0000gn/T/lingxi-r02t07-a14.uFZ7ZF/lingxi-service/data/runs.db
2026-09-30T02:44:32.804122Z  INFO lingxi_service: instance record published (atomic write) record=/private/var/folders/5r/wq54gtms21gfjgr5v94ynfyh0000gn/T/lingxi-r02t07-a14.uFZ7ZF/lingxi-service/instance.json bind_addr=127.0.0.1:51718
2026-09-30T02:44:33.019161Z  INFO lingxi_service: request handled request_id=req-37afd7fa7ac902d17ede16cec0f19450 method=GET path=/lingxi/v1/ws status=101
2026-09-30T02:44:33.026068Z  INFO lingxi_service: request handled request_id=req-d57b1edc008e1ec06d18b7ec3e4a9822 method=GET path=/lingxi/v1/ws status=101
2026-09-30T02:44:33.055949Z  INFO lingxi_service::sessions: normal submission to a busy session rejected (session_busy; retryable) session_id="sess_local_alpha"
2026-09-30T02:44:33.056152Z  INFO lingxi_service: request handled request_id=req-6baee58406e0930d0d5ec0c0986875e3 method=POST path=/lingxi/v1/sessions/sess_local_alpha/execute status=409
2026-09-30T02:44:33.056610Z  INFO lingxi_service::sessions: run settled through the single finalize path run_id=run_000001a0f0330e9f_000001 session_id="sess_local_alpha" outcome=completed.no_final.no_provider_configured input_chars=16 input_bytes=16
2026-09-30T02:44:33.056673Z  INFO lingxi_service::sessions: normal submission to a busy session rejected (session_busy; retryable) session_id="sess_local_alpha"
2026-09-30T02:44:33.056668Z  INFO lingxi_service::sessions: normal submission to a busy session rejected (session_busy; retryable) session_id="sess_local_alpha"
2026-09-30T02:44:33.056784Z  INFO lingxi_service: request handled request_id=req-39bfacba9fb66c6875bf5854e57a81d3 method=POST path=/lingxi/v1/sessions/sess_local_alpha/execute status=409
2026-09-30T02:44:33.056791Z  INFO lingxi_service: request handled request_id=req-2077d320914a40905b821ade8be675f0 method=POST path=/lingxi/v1/sessions/sess_local_alpha/execute status=200
2026-09-30T02:44:33.056812Z  INFO lingxi_service: request handled request_id=req-7e96d328fdb05b6c1f38abd9cf9d475d method=POST path=/lingxi/v1/sessions/sess_local_alpha/execute status=409
2026-09-30T02:44:33.057417Z  INFO lingxi_service::sessions: normal submission to a busy session rejected (session_busy; retryable) session_id="sess_local_alpha"
2026-09-30T02:44:33.057432Z  INFO lingxi_service::sessions: normal submission to a busy session rejected (session_busy; retryable) session_id="sess_local_alpha"
2026-09-30T02:44:33.057453Z  INFO lingxi_service::sessions: normal submission to a busy session rejected (session_busy; retryable) session_id="sess_local_alpha"
2026-09-30T02:44:33.057509Z  INFO lingxi_service: request handled request_id=req-bf3ddd21e53ddb63fb6dadfde129f759 method=POST path=/lingxi/v1/sessions/sess_local_alpha/execute status=409
2026-09-30T02:44:33.057548Z  INFO lingxi_service: request handled request_id=req-21df6c820548f1c3c68d6e0041579578 method=POST path=/lingxi/v1/sessions/sess_local_alpha/execute status=409
2026-09-30T02:44:33.057586Z  INFO lingxi_service: request handled request_id=req-c38be9cfcbb499cfe83f6170596b97c7 method=POST path=/lingxi/v1/sessions/sess_local_alpha/execute status=409
2026-09-30T02:44:33.057628Z  INFO lingxi_service::sessions: normal submission to a busy session rejected (session_busy; retryable) session_id="sess_local_alpha"
2026-09-30T02:44:33.057658Z  INFO lingxi_service::sessions: normal submission to a busy session rejected (session_busy; retryable) session_id="sess_local_alpha"
2026-09-30T02:44:33.057745Z  INFO lingxi_service: request handled request_id=req-ce9c39ccc365524f8de65c651b43a6e4 method=POST path=/lingxi/v1/sessions/sess_local_alpha/execute status=409
2026-09-30T02:44:33.057792Z  INFO lingxi_service: request handled request_id=req-aadfc99ab3afbde1c884af7caea7ba10 method=POST path=/lingxi/v1/sessions/sess_local_alpha/execute status=409
2026-09-30T02:44:33.057902Z  INFO lingxi_service::sessions: normal submission to a busy session rejected (session_busy; retryable) session_id="sess_local_alpha"
2026-09-30T02:44:33.057891Z  INFO lingxi_service::sessions: run settled through the single finalize path run_id=run_000001a0f0330ea0_000002 session_id="sess_local_alpha" outcome=completed.no_final.no_provider_configured input_chars=15 input_bytes=15
2026-09-30T02:44:33.057992Z  INFO lingxi_service: request handled request_id=req-cbc6fa9f13c9c07eabc3a050513059a3 method=POST path=/lingxi/v1/sessions/sess_local_alpha/execute status=409
2026-09-30T02:44:33.058046Z  INFO lingxi_service: request handled request_id=req-6088a9ed6b320903ee42494f319fb7a1 method=POST path=/lingxi/v1/sessions/sess_local_alpha/execute status=200
2026-09-30T02:44:33.058196Z  INFO lingxi_service::sessions: normal submission to a busy session rejected (session_busy; retryable) session_id="sess_local_alpha"
2026-09-30T02:44:33.058290Z  INFO lingxi_service: request handled request_id=req-2de3f33226adbb0c06f110c0e64ac5b6 method=POST path=/lingxi/v1/sessions/sess_local_alpha/execute status=409
2026-09-30T02:44:33.058581Z  INFO lingxi_service::sessions: normal submission to a busy session rejected (session_busy; retryable) session_id="sess_local_alpha"
2026-09-30T02:44:33.058598Z  INFO lingxi_service::sessions: normal submission to a busy session rejected (session_busy; retryable) session_id="sess_local_alpha"
2026-09-30T02:44:33.058612Z  INFO lingxi_service::sessions: normal submission to a busy session rejected (session_busy; retryable) session_id="sess_local_alpha"
2026-09-30T02:44:33.058631Z  INFO lingxi_service::sessions: normal submission to a busy session rejected (session_busy; retryable) session_id="sess_local_alpha"
2026-09-30T02:44:33.058663Z  INFO lingxi_service: request handled request_id=req-c408d50622f1c7956f3d24a8227b1d17 method=POST path=/lingxi/v1/sessions/sess_local_alpha/execute status=409
2026-09-30T02:44:33.058708Z  INFO lingxi_service: request handled request_id=req-986667c7e385ab777afa94d8c6a17573 method=POST path=/lingxi/v1/sessions/sess_local_alpha/execute status=409
2026-09-30T02:44:33.058735Z  INFO lingxi_service: request handled request_id=req-922ebcdae7c8999789b60143c250078a method=POST path=/lingxi/v1/sessions/sess_local_alpha/execute status=409
2026-09-30T02:44:33.058749Z  INFO lingxi_service: request handled request_id=req-383b26be8ef401da92acecf2dd1f9795 method=POST path=/lingxi/v1/sessions/sess_local_alpha/execute status=409
2026-09-30T02:44:33.058797Z  INFO lingxi_service::sessions: normal submission to a busy session rejected (session_busy; retryable) session_id="sess_local_alpha"
2026-09-30T02:44:33.058817Z  INFO lingxi_service::sessions: normal submission to a busy session rejected (session_busy; retryable) session_id="sess_local_alpha"
2026-09-30T02:44:33.058826Z  INFO lingxi_service::sessions: normal submission to a busy session rejected (session_busy; retryable) session_id="sess_local_alpha"
2026-09-30T02:44:33.058898Z  INFO lingxi_service: request handled request_id=req-c3334aae914183876e9800ffdc5744a7 method=POST path=/lingxi/v1/sessions/sess_local_alpha/execute status=409
2026-09-30T02:44:33.058939Z  INFO lingxi_service: request handled request_id=req-2abf20dcbb99bf26ce2006a3356b18d7 method=POST path=/lingxi/v1/sessions/sess_local_alpha/execute status=409
2026-09-30T02:44:33.058955Z  INFO lingxi_service: request handled request_id=req-a63a2c2849450b97f2e0ebaa66255c07 method=POST path=/lingxi/v1/sessions/sess_local_alpha/execute status=409
2026-09-30T02:44:33.059071Z  INFO lingxi_service::sessions: normal submission to a busy session rejected (session_busy; retryable) session_id="sess_local_alpha"
2026-09-30T02:44:33.059071Z  INFO lingxi_service::sessions: run settled through the single finalize path run_id=run_000001a0f0330ea2_000003 session_id="sess_local_alpha" outcome=completed.no_final.no_provider_configured input_chars=16 input_bytes=16
2026-09-30T02:44:33.059084Z  INFO lingxi_service::sessions: normal submission to a busy session rejected (session_busy; retryable) session_id="sess_local_alpha"
2026-09-30T02:44:33.059184Z  INFO lingxi_service: request handled request_id=req-cb623bd60aaefe882c32127b0b7d993d method=POST path=/lingxi/v1/sessions/sess_local_alpha/execute status=409
2026-09-30T02:44:33.059206Z  INFO lingxi_service: request handled request_id=req-e744bc48e669096da69c45b94c97f9d6 method=POST path=/lingxi/v1/sessions/sess_local_alpha/execute status=409
2026-09-30T02:44:33.059214Z  INFO lingxi_service: request handled request_id=req-927fc13d282bd356f0311be12e7a4e81 method=POST path=/lingxi/v1/sessions/sess_local_alpha/execute status=200
2026-09-30T02:44:33.059751Z  INFO lingxi_service::sessions: normal submission to a busy session rejected (session_busy; retryable) session_id="sess_local_alpha"
2026-09-30T02:44:33.059825Z  INFO lingxi_service: request handled request_id=req-e18c7da8881f2999aee0a91405f889d8 method=POST path=/lingxi/v1/sessions/sess_local_alpha/execute status=409
2026-09-30T02:44:33.060084Z  INFO lingxi_service::sessions: run settled through the single finalize path run_id=run_000001a0f0330ea3_000004 session_id="sess_local_alpha" outcome=completed.no_final.no_provider_configured input_chars=15 input_bytes=15
2026-09-30T02:44:33.060199Z  INFO lingxi_service: request handled request_id=req-70c9de406339e5a19568c4e3f5ab0cf4 method=POST path=/lingxi/v1/sessions/sess_local_alpha/execute status=200
2026-09-30T02:44:33.061420Z  INFO lingxi_service::sessions: normal submission to a busy session rejected (session_busy; retryable) session_id="sess_local_alpha"
2026-09-30T02:44:33.061527Z  INFO lingxi_service: request handled request_id=req-da8251a197f587878a3f29ed0b9df072 method=POST path=/lingxi/v1/sessions/sess_local_alpha/execute status=409
2026-09-30T02:44:33.061820Z  INFO lingxi_service::sessions: normal submission to a busy session rejected (session_busy; retryable) session_id="sess_local_alpha"
2026-09-30T02:44:33.061837Z  INFO lingxi_service::sessions: normal submission to a busy session rejected (session_busy; retryable) session_id="sess_local_alpha"
2026-09-30T02:44:33.061831Z  INFO lingxi_service::sessions: normal submission to a busy session rejected (session_busy; retryable) session_id="sess_local_alpha"
2026-09-30T02:44:33.061908Z  INFO lingxi_service: request handled request_id=req-6280273762bcb1f4cc54d6722c10c753 method=POST path=/lingxi/v1/sessions/sess_local_alpha/execute status=409
2026-09-30T02:44:33.061952Z  INFO lingxi_service: request handled request_id=req-619301b8a7c1c6574277a64a8a0ea7cc method=POST path=/lingxi/v1/sessions/sess_local_alpha/execute status=409
2026-09-30T02:44:33.061977Z  INFO lingxi_service: request handled request_id=req-b2729a3f30948dea88fa40a8573f533c method=POST path=/lingxi/v1/sessions/sess_local_alpha/execute status=409
2026-09-30T02:44:33.062239Z  INFO lingxi_service::sessions: run settled through the single finalize path run_id=run_000001a0f0330ea5_000005 session_id="sess_local_alpha" outcome=completed.no_final.no_provider_configured input_chars=16 input_bytes=16
2026-09-30T02:44:33.062362Z  INFO lingxi_service: request handled request_id=req-59ad14f3932acf26e6c65fcda0af7de4 method=POST path=/lingxi/v1/sessions/sess_local_alpha/execute status=200
2026-09-30T02:44:33.062617Z  INFO lingxi_service::sessions: normal submission to a busy session rejected (session_busy; retryable) session_id="sess_local_alpha"
2026-09-30T02:44:33.062691Z  INFO lingxi_service: request handled request_id=req-85571c6dc7d0c4991ec830f7cdbc022a method=POST path=/lingxi/v1/sessions/sess_local_alpha/execute status=409
2026-09-30T02:44:33.062861Z  INFO lingxi_service::sessions: normal submission to a busy session rejected (session_busy; retryable) session_id="sess_local_alpha"
2026-09-30T02:44:33.062937Z  INFO lingxi_service: request handled request_id=req-cc0d46926fc9bb40c4fc26ee6d6f6a02 method=POST path=/lingxi/v1/sessions/sess_local_alpha/execute status=409
2026-09-30T02:44:33.063201Z  INFO lingxi_service::sessions: run settled through the single finalize path run_id=run_000001a0f0330ea6_000006 session_id="sess_local_alpha" outcome=completed.no_final.no_provider_configured input_chars=16 input_bytes=16
2026-09-30T02:44:33.063283Z  INFO lingxi_service::sessions: normal submission to a busy session rejected (session_busy; retryable) session_id="sess_local_alpha"
2026-09-30T02:44:33.063294Z  INFO lingxi_service::sessions: normal submission to a busy session rejected (session_busy; retryable) session_id="sess_local_alpha"
2026-09-30T02:44:33.063320Z  INFO lingxi_service: request handled request_id=req-3b1d964801004eed66b0984d369a7d76 method=POST path=/lingxi/v1/sessions/sess_local_alpha/execute status=200
2026-09-30T02:44:33.063362Z  INFO lingxi_service: request handled request_id=req-7bd4e0ed34bec7eb7ceef897faa181bc method=POST path=/lingxi/v1/sessions/sess_local_alpha/execute status=409
2026-09-30T02:44:33.063408Z  INFO lingxi_service: request handled request_id=req-07d1526830a479004ac6c069b7b05d51 method=POST path=/lingxi/v1/sessions/sess_local_alpha/execute status=409
2026-09-30T02:44:33.063898Z  INFO lingxi_service::sessions: normal submission to a busy session rejected (session_busy; retryable) session_id="sess_local_alpha"
2026-09-30T02:44:33.063981Z  INFO lingxi_service: request handled request_id=req-99d35087cd75c11b341033ac6fdff126 method=POST path=/lingxi/v1/sessions/sess_local_alpha/execute status=409
2026-09-30T02:44:33.064076Z  INFO lingxi_service::sessions: normal submission to a busy session rejected (session_busy; retryable) session_id="sess_local_alpha"
2026-09-30T02:44:33.064145Z  INFO lingxi_service: request handled request_id=req-27936acc5b0ef8607db87fafcf076e60 method=POST path=/lingxi/v1/sessions/sess_local_alpha/execute status=409
2026-09-30T02:44:33.064273Z  INFO lingxi_service::sessions: run settled through the single finalize path run_id=run_000001a0f0330ea7_000007 session_id="sess_local_alpha" outcome=completed.no_final.no_provider_configured input_chars=16 input_bytes=16
2026-09-30T02:44:33.064395Z  INFO lingxi_service: request handled request_id=req-71e26491e6c355fe575190d2fb629772 method=POST path=/lingxi/v1/sessions/sess_local_alpha/execute status=200
2026-09-30T02:44:33.064748Z  INFO lingxi_service::sessions: normal submission to a busy session rejected (session_busy; retryable) session_id="sess_local_alpha"
2026-09-30T02:44:33.064840Z  INFO lingxi_service: request handled request_id=req-72ebc3830b8a240ef53117c6791c6dfc method=POST path=/lingxi/v1/sessions/sess_local_alpha/execute status=409
2026-09-30T02:44:33.064971Z  INFO lingxi_service::sessions: normal submission to a busy session rejected (session_busy; retryable) session_id="sess_local_alpha"
2026-09-30T02:44:33.065046Z  INFO lingxi_service: request handled request_id=req-18f7a000316431f9d260d2fa6d52689c method=POST path=/lingxi/v1/sessions/sess_local_alpha/execute status=409
2026-09-30T02:44:33.065238Z  INFO lingxi_service::sessions: normal submission to a busy session rejected (session_busy; retryable) session_id="sess_local_alpha"
2026-09-30T02:44:33.065246Z  INFO lingxi_service::sessions: normal submission to a busy session rejected (session_busy; retryable) session_id="sess_local_alpha"
2026-09-30T02:44:33.065233Z  INFO lingxi_service::sessions: run settled through the single finalize path run_id=run_000001a0f0330ea8_000008 session_id="sess_local_alpha" outcome=completed.no_final.no_provider_configured input_chars=16 input_bytes=16
2026-09-30T02:44:33.065315Z  INFO lingxi_service: request handled request_id=req-88e02fd01b0174b5b707b196588c8514 method=POST path=/lingxi/v1/sessions/sess_local_alpha/execute status=409
2026-09-30T02:44:33.065328Z  INFO lingxi_service: request handled request_id=req-6e37cf3026a1f9836e882fa5e7ad8246 method=POST path=/lingxi/v1/sessions/sess_local_alpha/execute status=409
2026-09-30T02:44:33.065386Z  INFO lingxi_service: request handled request_id=req-1cf1fcccd5a90bb60ad6c1e6aa3021c3 method=POST path=/lingxi/v1/sessions/sess_local_alpha/execute status=200
2026-09-30T02:44:33.065992Z  INFO lingxi_service::sessions: normal submission to a busy session rejected (session_busy; retryable) session_id="sess_local_alpha"
2026-09-30T02:44:33.066084Z  INFO lingxi_service: request handled request_id=req-e32d130aa0fcd3bc59ae6d4dc04fef78 method=POST path=/lingxi/v1/sessions/sess_local_alpha/execute status=409
2026-09-30T02:44:33.066420Z  INFO lingxi_service::sessions: normal submission to a busy session rejected (session_busy; retryable) session_id="sess_local_alpha"
2026-09-30T02:44:33.066436Z  INFO lingxi_service::sessions: normal submission to a busy session rejected (session_busy; retryable) session_id="sess_local_alpha"
2026-09-30T02:44:33.066410Z  INFO lingxi_service::sessions: run settled through the single finalize path run_id=run_000001a0f0330ea9_000009 session_id="sess_local_alpha" outcome=completed.no_final.no_provider_configured input_chars=16 input_bytes=16
2026-09-30T02:44:33.066494Z  INFO lingxi_service::sessions: normal submission to a busy session rejected (session_busy; retryable) session_id="sess_local_alpha"
2026-09-30T02:44:33.066501Z  INFO lingxi_service: request handled request_id=req-017950240751f266629018cb0f769982 method=POST path=/lingxi/v1/sessions/sess_local_alpha/execute status=409
2026-09-30T02:44:33.066536Z  INFO lingxi_service: request handled request_id=req-e5997292143f2793e09d78bc63b988d9 method=POST path=/lingxi/v1/sessions/sess_local_alpha/execute status=409
2026-09-30T02:44:33.066589Z  INFO lingxi_service: request handled request_id=req-f28e2bfb25a635aa11a2f111cb4a3664 method=POST path=/lingxi/v1/sessions/sess_local_alpha/execute status=409
2026-09-30T02:44:33.066590Z  INFO lingxi_service: request handled request_id=req-a5194c53c1355958c3b9080aed0f760a method=POST path=/lingxi/v1/sessions/sess_local_alpha/execute status=200
2026-09-30T02:44:33.067209Z  INFO lingxi_service::sessions: run settled through the single finalize path run_id=run_000001a0f0330eaa_00000a session_id="sess_local_alpha" outcome=completed.no_final.no_provider_configured input_chars=16 input_bytes=16
2026-09-30T02:44:33.067315Z  INFO lingxi_service: request handled request_id=req-06e05e00afc76b8d2f21992072faf349 method=POST path=/lingxi/v1/sessions/sess_local_alpha/execute status=200
2026-09-30T02:44:33.068470Z  INFO lingxi_service::sessions: normal submission to a busy session rejected (session_busy; retryable) session_id="sess_local_alpha"
2026-09-30T02:44:33.068490Z  INFO lingxi_service::sessions: normal submission to a busy session rejected (session_busy; retryable) session_id="sess_local_alpha"
2026-09-30T02:44:33.068559Z  INFO lingxi_service: request handled request_id=req-004247c35816dc854cbae9d7419f530c method=POST path=/lingxi/v1/sessions/sess_local_alpha/execute status=409
2026-09-30T02:44:33.068614Z  INFO lingxi_service: request handled request_id=req-08034ca491df5eee20fd87d418f1c56f method=POST path=/lingxi/v1/sessions/sess_local_alpha/execute status=409
2026-09-30T02:44:33.068900Z  INFO lingxi_service::sessions: normal submission to a busy session rejected (session_busy; retryable) session_id="sess_local_alpha"
2026-09-30T02:44:33.068898Z  INFO lingxi_service::sessions: run settled through the single finalize path run_id=run_000001a0f0330eac_00000b session_id="sess_local_alpha" outcome=completed.no_final.no_provider_configured input_chars=16 input_bytes=16
2026-09-30T02:44:33.068911Z  INFO lingxi_service::sessions: normal submission to a busy session rejected (session_busy; retryable) session_id="sess_local_alpha"
2026-09-30T02:44:33.068980Z  INFO lingxi_service: request handled request_id=req-ebc7d93a860fab815c0b944b79d678c7 method=POST path=/lingxi/v1/sessions/sess_local_alpha/execute status=409
2026-09-30T02:44:33.069007Z  INFO lingxi_service: request handled request_id=req-76347b11236c5d0f8edf02afad4113ee method=POST path=/lingxi/v1/sessions/sess_local_alpha/execute status=409
2026-09-30T02:44:33.069033Z  INFO lingxi_service: request handled request_id=req-fd1d9cd5212cbc9d347c460d5d15ad80 method=POST path=/lingxi/v1/sessions/sess_local_alpha/execute status=200
2026-09-30T02:44:33.069689Z  INFO lingxi_service::sessions: normal submission to a busy session rejected (session_busy; retryable) session_id="sess_local_alpha"
2026-09-30T02:44:33.069700Z  INFO lingxi_service::sessions: normal submission to a busy session rejected (session_busy; retryable) session_id="sess_local_alpha"
2026-09-30T02:44:33.069782Z  INFO lingxi_service: request handled request_id=req-bf96d59a76d48221f629ba40cb3e0cfd method=POST path=/lingxi/v1/sessions/sess_local_alpha/execute status=409
2026-09-30T02:44:33.069792Z  INFO lingxi_service: request handled request_id=req-254925fa3aa3dfcba609f4d7fb78a142 method=POST path=/lingxi/v1/sessions/sess_local_alpha/execute status=409
2026-09-30T02:44:33.070033Z  INFO lingxi_service::sessions: normal submission to a busy session rejected (session_busy; retryable) session_id="sess_local_alpha"
2026-09-30T02:44:33.070022Z  INFO lingxi_service::sessions: run settled through the single finalize path run_id=run_000001a0f0330ead_00000c session_id="sess_local_alpha" outcome=completed.no_final.no_provider_configured input_chars=16 input_bytes=16
2026-09-30T02:44:33.070137Z  INFO lingxi_service: request handled request_id=req-2cb22222d894396d0740a4e0b34a9e6e method=POST path=/lingxi/v1/sessions/sess_local_alpha/execute status=409
2026-09-30T02:44:33.070197Z  INFO lingxi_service: request handled request_id=req-dd86b8434492154bcfacb2a1253a8df4 method=POST path=/lingxi/v1/sessions/sess_local_alpha/execute status=200
2026-09-30T02:44:33.070336Z  INFO lingxi_service::sessions: normal submission to a busy session rejected (session_busy; retryable) session_id="sess_local_alpha"
2026-09-30T02:44:33.070403Z  INFO lingxi_service: request handled request_id=req-e0132b4ae47bbd2e5db76503e33ee1c9 method=POST path=/lingxi/v1/sessions/sess_local_alpha/execute status=409
2026-09-30T02:44:33.070605Z  INFO lingxi_service::sessions: normal submission to a busy session rejected (session_busy; retryable) session_id="sess_local_alpha"
2026-09-30T02:44:33.070680Z  INFO lingxi_service: request handled request_id=req-b110cef4f37bc9a6ef4dd0f2169f0eca method=POST path=/lingxi/v1/sessions/sess_local_alpha/execute status=409
2026-09-30T02:44:33.070917Z  INFO lingxi_service::sessions: run settled through the single finalize path run_id=run_000001a0f0330eae_00000d session_id="sess_local_alpha" outcome=completed.no_final.no_provider_configured input_chars=16 input_bytes=16
2026-09-30T02:44:33.071034Z  INFO lingxi_service: request handled request_id=req-0677df1fb25fd13b7f3d570790a368aa method=POST path=/lingxi/v1/sessions/sess_local_alpha/execute status=200
2026-09-30T02:44:33.071394Z  INFO lingxi_service::sessions: normal submission to a busy session rejected (session_busy; retryable) session_id="sess_local_alpha"
2026-09-30T02:44:33.071428Z  INFO lingxi_service::sessions: normal submission to a busy session rejected (session_busy; retryable) session_id="sess_local_alpha"
2026-09-30T02:44:33.071492Z  INFO lingxi_service: request handled request_id=req-642820458bbca9055c29857c79e98763 method=POST path=/lingxi/v1/sessions/sess_local_alpha/execute status=409
2026-09-30T02:44:33.071525Z  INFO lingxi_service: request handled request_id=req-3f210365ef69ece278a6a2f18442f173 method=POST path=/lingxi/v1/sessions/sess_local_alpha/execute status=409
2026-09-30T02:44:33.071757Z  INFO lingxi_service::sessions: run settled through the single finalize path run_id=run_000001a0f0330eaf_00000e session_id="sess_local_alpha" outcome=completed.no_final.no_provider_configured input_chars=16 input_bytes=16
2026-09-30T02:44:33.071785Z  INFO lingxi_service::sessions: normal submission to a busy session rejected (session_busy; retryable) session_id="sess_local_alpha"
2026-09-30T02:44:33.071896Z  INFO lingxi_service: request handled request_id=req-ba362ed64ec19462186f07985084727c method=POST path=/lingxi/v1/sessions/sess_local_alpha/execute status=409
2026-09-30T02:44:33.071908Z  INFO lingxi_service: request handled request_id=req-f320db56185db0021136dd1c8e5ad17c method=POST path=/lingxi/v1/sessions/sess_local_alpha/execute status=200
2026-09-30T02:44:33.072566Z  INFO lingxi_service::sessions: normal submission to a busy session rejected (session_busy; retryable) session_id="sess_local_alpha"
2026-09-30T02:44:33.072558Z  INFO lingxi_service::sessions: run settled through the single finalize path run_id=run_000001a0f0330eaf_00000f session_id="sess_local_alpha" outcome=completed.no_final.no_provider_configured input_chars=16 input_bytes=16
2026-09-30T02:44:33.072683Z  INFO lingxi_service: request handled request_id=req-140e93f76ed7ffee75cfb98eb26c3eaf method=POST path=/lingxi/v1/sessions/sess_local_alpha/execute status=409
2026-09-30T02:44:33.072726Z  INFO lingxi_service: request handled request_id=req-7784b545cd45dc2426495ce57eeac580 method=POST path=/lingxi/v1/sessions/sess_local_alpha/execute status=200
2026-09-30T02:44:33.073124Z  INFO lingxi_service::sessions: normal submission to a busy session rejected (session_busy; retryable) session_id="sess_local_alpha"
2026-09-30T02:44:33.073142Z  INFO lingxi_service::sessions: normal submission to a busy session rejected (session_busy; retryable) session_id="sess_local_alpha"
2026-09-30T02:44:33.073194Z  INFO lingxi_service: request handled request_id=req-246e9bf9536d10a17a0da19c3c16f3cd method=POST path=/lingxi/v1/sessions/sess_local_alpha/execute status=409
2026-09-30T02:44:33.073214Z  INFO lingxi_service: request handled request_id=req-8dfab483503ffe5b8c46856c3553bdda method=POST path=/lingxi/v1/sessions/sess_local_alpha/execute status=409
2026-09-30T02:44:33.073337Z  INFO lingxi_service::sessions: normal submission to a busy session rejected (session_busy; retryable) session_id="sess_local_alpha"
2026-09-30T02:44:33.073348Z  INFO lingxi_service::sessions: run settled through the single finalize path run_id=run_000001a0f0330eb0_000010 session_id="sess_local_alpha" outcome=completed.no_final.no_provider_configured input_chars=16 input_bytes=16
2026-09-30T02:44:33.073424Z  INFO lingxi_service: request handled request_id=req-32d7aa7e4631cc4213401e2e007723db method=POST path=/lingxi/v1/sessions/sess_local_alpha/execute status=409
2026-09-30T02:44:33.073453Z  INFO lingxi_service::sessions: normal submission to a busy session rejected (session_busy; retryable) session_id="sess_local_alpha"
2026-09-30T02:44:33.073475Z  INFO lingxi_service: request handled request_id=req-9e73f4e844cbf3ec7f290c628af7569d method=POST path=/lingxi/v1/sessions/sess_local_alpha/execute status=200
2026-09-30T02:44:33.073529Z  INFO lingxi_service: request handled request_id=req-a08563e10f9053135d2af3fd60fef506 method=POST path=/lingxi/v1/sessions/sess_local_alpha/execute status=409
2026-09-30T02:44:33.074190Z  INFO lingxi_service::sessions: run settled through the single finalize path run_id=run_000001a0f0330eb1_000011 session_id="sess_local_alpha" outcome=completed.no_final.no_provider_configured input_chars=16 input_bytes=16
2026-09-30T02:44:33.074309Z  INFO lingxi_service: request handled request_id=req-77454469b976d29dcea8c7ba57e35458 method=POST path=/lingxi/v1/sessions/sess_local_alpha/execute status=200
2026-09-30T02:44:33.075470Z  INFO lingxi_service::sessions: normal submission to a busy session rejected (session_busy; retryable) session_id="sess_local_alpha"
2026-09-30T02:44:33.075579Z  INFO lingxi_service::sessions: normal submission to a busy session rejected (session_busy; retryable) session_id="sess_local_alpha"
2026-09-30T02:44:33.075603Z  INFO lingxi_service: request handled request_id=req-163b14e0a382c5489333632bba41f45a method=POST path=/lingxi/v1/sessions/sess_local_alpha/execute status=409
2026-09-30T02:44:33.075658Z  INFO lingxi_service: request handled request_id=req-57b1b03450ab9fcbdb3fd6cc1e62ffc1 method=POST path=/lingxi/v1/sessions/sess_local_alpha/execute status=409
2026-09-30T02:44:33.075813Z  INFO lingxi_service::sessions: normal submission to a busy session rejected (session_busy; retryable) session_id="sess_local_alpha"
2026-09-30T02:44:33.075820Z  INFO lingxi_service::sessions: normal submission to a busy session rejected (session_busy; retryable) session_id="sess_local_alpha"
2026-09-30T02:44:33.075809Z  INFO lingxi_service::sessions: run settled through the single finalize path run_id=run_000001a0f0330eb3_000012 session_id="sess_local_alpha" outcome=completed.no_final.no_provider_configured input_chars=16 input_bytes=16
2026-09-30T02:44:33.075947Z  INFO lingxi_service: request handled request_id=req-07796a21f44acf5c80534bc3513885eb method=POST path=/lingxi/v1/sessions/sess_local_alpha/execute status=409
2026-09-30T02:44:33.075956Z  INFO lingxi_service: request handled request_id=req-4ad2aba3512655b8b612a9ac7b4e3c59 method=POST path=/lingxi/v1/sessions/sess_local_alpha/execute status=409
2026-09-30T02:44:33.075988Z  INFO lingxi_service: request handled request_id=req-fa134926dfa62d0ce43a9b0fe3ebf918 method=POST path=/lingxi/v1/sessions/sess_local_alpha/execute status=200
2026-09-30T02:44:33.076685Z  INFO lingxi_service::sessions: normal submission to a busy session rejected (session_busy; retryable) session_id="sess_local_alpha"
2026-09-30T02:44:33.076757Z  INFO lingxi_service: request handled request_id=req-fffccc1b617612d9346b329de749ea16 method=POST path=/lingxi/v1/sessions/sess_local_alpha/execute status=409
2026-09-30T02:44:33.076866Z  INFO lingxi_service::sessions: normal submission to a busy session rejected (session_busy; retryable) session_id="sess_local_alpha"
2026-09-30T02:44:33.076863Z  INFO lingxi_service::sessions: run settled through the single finalize path run_id=run_000001a0f0330eb4_000013 session_id="sess_local_alpha" outcome=completed.no_final.no_provider_configured input_chars=16 input_bytes=16
2026-09-30T02:44:33.076945Z  INFO lingxi_service: request handled request_id=req-7500e131ce04132432a39fd30093008c method=POST path=/lingxi/v1/sessions/sess_local_alpha/execute status=409
2026-09-30T02:44:33.077010Z  INFO lingxi_service: request handled request_id=req-4867fde9d9005cd218acde29cac1598b method=POST path=/lingxi/v1/sessions/sess_local_alpha/execute status=200
2026-09-30T02:44:33.077395Z  INFO lingxi_service::sessions: normal submission to a busy session rejected (session_busy; retryable) session_id="sess_local_alpha"
2026-09-30T02:44:33.077409Z  INFO lingxi_service::sessions: normal submission to a busy session rejected (session_busy; retryable) session_id="sess_local_alpha"
2026-09-30T02:44:33.077469Z  INFO lingxi_service: request handled request_id=req-124de35eb48ab702e5b1d1e2918ca456 method=POST path=/lingxi/v1/sessions/sess_local_alpha/execute status=409
2026-09-30T02:44:33.077519Z  INFO lingxi_service: request handled request_id=req-94b141aa1aefff0c43f931afd5ff78d7 method=POST path=/lingxi/v1/sessions/sess_local_alpha/execute status=409
2026-09-30T02:44:33.077775Z  INFO lingxi_service::sessions: normal submission to a busy session rejected (session_busy; retryable) session_id="sess_local_alpha"
2026-09-30T02:44:33.077779Z  INFO lingxi_service::sessions: run settled through the single finalize path run_id=run_000001a0f0330eb5_000014 session_id="sess_local_alpha" outcome=completed.no_final.no_provider_configured input_chars=16 input_bytes=16
2026-09-30T02:44:33.077862Z  INFO lingxi_service: request handled request_id=req-f32606af5a9c763d7c6e943545487e3e method=POST path=/lingxi/v1/sessions/sess_local_alpha/execute status=409
2026-09-30T02:44:33.077910Z  INFO lingxi_service: request handled request_id=req-5b76539540d49aff63b58c072049e64f method=POST path=/lingxi/v1/sessions/sess_local_alpha/execute status=200
2026-09-30T02:44:33.078287Z  INFO lingxi_service::sessions: normal submission to a busy session rejected (session_busy; retryable) session_id="sess_local_alpha"
2026-09-30T02:44:33.078401Z  INFO lingxi_service: request handled request_id=req-2bdd902243f274641a0031aa107f49db method=POST path=/lingxi/v1/sessions/sess_local_alpha/execute status=409
2026-09-30T02:44:33.078436Z  INFO lingxi_service::sessions: normal submission to a busy session rejected (session_busy; retryable) session_id="sess_local_alpha"
2026-09-30T02:44:33.078543Z  INFO lingxi_service: request handled request_id=req-4545f5a5657ffb73783d01b626ebdb79 method=POST path=/lingxi/v1/sessions/sess_local_alpha/execute status=409
2026-09-30T02:44:33.078647Z  INFO lingxi_service::sessions: run settled through the single finalize path run_id=run_000001a0f0330eb5_000015 session_id="sess_local_alpha" outcome=completed.no_final.no_provider_configured input_chars=16 input_bytes=16
2026-09-30T02:44:33.078727Z  INFO lingxi_service::sessions: normal submission to a busy session rejected (session_busy; retryable) session_id="sess_local_alpha"
2026-09-30T02:44:33.078775Z  INFO lingxi_service: request handled request_id=req-f91bed2fae6e083b7040afa322e90ad0 method=POST path=/lingxi/v1/sessions/sess_local_alpha/execute status=200
2026-09-30T02:44:33.078813Z  INFO lingxi_service: request handled request_id=req-c95c4e82745f9ef8d932d734af34bec8 method=POST path=/lingxi/v1/sessions/sess_local_alpha/execute status=409
2026-09-30T02:44:33.079071Z  INFO lingxi_service::sessions: normal submission to a busy session rejected (session_busy; retryable) session_id="sess_local_alpha"
2026-09-30T02:44:33.079147Z  INFO lingxi_service: request handled request_id=req-725f246315b71e6bbcb88659b8924345 method=POST path=/lingxi/v1/sessions/sess_local_alpha/execute status=409
2026-09-30T02:44:33.079378Z  INFO lingxi_service::sessions: normal submission to a busy session rejected (session_busy; retryable) session_id="sess_local_alpha"
2026-09-30T02:44:33.079373Z  INFO lingxi_service::sessions: run settled through the single finalize path run_id=run_000001a0f0330eb6_000016 session_id="sess_local_alpha" outcome=completed.no_final.no_provider_configured input_chars=16 input_bytes=16
2026-09-30T02:44:33.079398Z  INFO lingxi_service::sessions: normal submission to a busy session rejected (session_busy; retryable) session_id="sess_local_alpha"
2026-09-30T02:44:33.079452Z  INFO lingxi_service: request handled request_id=req-39af70212fa1db1b087c439bbb45f37d method=POST path=/lingxi/v1/sessions/sess_local_alpha/execute status=409
2026-09-30T02:44:33.079536Z  INFO lingxi_service: request handled request_id=req-448b44e90605c92400514ab562806a6e method=POST path=/lingxi/v1/sessions/sess_local_alpha/execute status=200
2026-09-30T02:44:33.079536Z  INFO lingxi_service: request handled request_id=req-ae397dd73f9807318ed54f869426c84e method=POST path=/lingxi/v1/sessions/sess_local_alpha/execute status=409
2026-09-30T02:44:33.080151Z  INFO lingxi_service::sessions: normal submission to a busy session rejected (session_busy; retryable) session_id="sess_local_alpha"
2026-09-30T02:44:33.080229Z  INFO lingxi_service: request handled request_id=req-1559e99f2269ddd4b4a1685421666204 method=POST path=/lingxi/v1/sessions/sess_local_alpha/execute status=409
2026-09-30T02:44:33.080344Z  INFO lingxi_service::sessions: normal submission to a busy session rejected (session_busy; retryable) session_id="sess_local_alpha"
2026-09-30T02:44:33.080333Z  INFO lingxi_service::sessions: run settled through the single finalize path run_id=run_000001a0f0330eb7_000017 session_id="sess_local_alpha" outcome=completed.no_final.no_provider_configured input_chars=16 input_bytes=16
2026-09-30T02:44:33.080384Z  INFO lingxi_service::sessions: normal submission to a busy session rejected (session_busy; retryable) session_id="sess_local_alpha"
2026-09-30T02:44:33.080445Z  INFO lingxi_service: request handled request_id=req-afbe33190da0bef1993a6005f05a7630 method=POST path=/lingxi/v1/sessions/sess_local_alpha/execute status=409
2026-09-30T02:44:33.080482Z  INFO lingxi_service: request handled request_id=req-5afc53881547e62a19a07379e7c268d3 method=POST path=/lingxi/v1/sessions/sess_local_alpha/execute status=409
2026-09-30T02:44:33.080495Z  INFO lingxi_service: request handled request_id=req-f60a0c35e24f7a4b6c25af9cd55af653 method=POST path=/lingxi/v1/sessions/sess_local_alpha/execute status=200
2026-09-30T02:44:33.081582Z  INFO lingxi_service::sessions: normal submission to a busy session rejected (session_busy; retryable) session_id="sess_local_alpha"
2026-09-30T02:44:33.081615Z  INFO lingxi_service::sessions: normal submission to a busy session rejected (session_busy; retryable) session_id="sess_local_alpha"
2026-09-30T02:44:33.081670Z  INFO lingxi_service: request handled request_id=req-0348cae81b4aa9728bee3b2bd4964326 method=POST path=/lingxi/v1/sessions/sess_local_alpha/execute status=409
2026-09-30T02:44:33.081727Z  INFO lingxi_service: request handled request_id=req-0ed68b3055cf5aaaa603d10fd7960a7a method=POST path=/lingxi/v1/sessions/sess_local_alpha/execute status=409
2026-09-30T02:44:33.082019Z  INFO lingxi_service::sessions: run settled through the single finalize path run_id=run_000001a0f0330eb9_000018 session_id="sess_local_alpha" outcome=completed.no_final.no_provider_configured input_chars=16 input_bytes=16
2026-09-30T02:44:33.082055Z  INFO lingxi_service::sessions: normal submission to a busy session rejected (session_busy; retryable) session_id="sess_local_alpha"
2026-09-30T02:44:33.082035Z  INFO lingxi_service::sessions: normal submission to a busy session rejected (session_busy; retryable) session_id="sess_local_alpha"
2026-09-30T02:44:33.082133Z  INFO lingxi_service: request handled request_id=req-69f436f348835ce71efd658211999709 method=POST path=/lingxi/v1/sessions/sess_local_alpha/execute status=409
2026-09-30T02:44:33.082172Z  INFO lingxi_service: request handled request_id=req-fd786434bbfd3d4dbc6f1d821a6f63b9 method=POST path=/lingxi/v1/sessions/sess_local_alpha/execute status=409
2026-09-30T02:44:33.082174Z  INFO lingxi_service: request handled request_id=req-6ad9a6d41923a8497ef25ff5098ddba9 method=POST path=/lingxi/v1/sessions/sess_local_alpha/execute status=200
2026-09-30T02:44:33.082331Z  INFO lingxi_service::sessions: normal submission to a busy session rejected (session_busy; retryable) session_id="sess_local_alpha"
2026-09-30T02:44:33.082399Z  INFO lingxi_service: request handled request_id=req-17cdc012ebbfed1134aeda78967e6aa1 method=POST path=/lingxi/v1/sessions/sess_local_alpha/execute status=409
2026-09-30T02:44:33.082749Z  INFO lingxi_service::sessions: normal submission to a busy session rejected (session_busy; retryable) session_id="sess_local_alpha"
2026-09-30T02:44:33.082821Z  INFO lingxi_service: request handled request_id=req-ca910b4dfae8a7ebbf609cbb29261032 method=POST path=/lingxi/v1/sessions/sess_local_alpha/execute status=409
2026-09-30T02:44:33.082992Z  INFO lingxi_service::sessions: run settled through the single finalize path run_id=run_000001a0f0330eba_000019 session_id="sess_local_alpha" outcome=completed.no_final.no_provider_configured input_chars=17 input_bytes=17
2026-09-30T02:44:33.083103Z  INFO lingxi_service: request handled request_id=req-47f0393285c85a7bb7264daeba29885d method=POST path=/lingxi/v1/sessions/sess_local_alpha/execute status=200
2026-09-30T02:44:33.083514Z  INFO lingxi_service::sessions: normal submission to a busy session rejected (session_busy; retryable) session_id="sess_local_alpha"
2026-09-30T02:44:33.083523Z  INFO lingxi_service::sessions: normal submission to a busy session rejected (session_busy; retryable) session_id="sess_local_alpha"
2026-09-30T02:44:33.083537Z  INFO lingxi_service::sessions: normal submission to a busy session rejected (session_busy; retryable) session_id="sess_local_alpha"
2026-09-30T02:44:33.083595Z  INFO lingxi_service: request handled request_id=req-e851af79a4acea9098f184bfc1a65aa9 method=POST path=/lingxi/v1/sessions/sess_local_alpha/execute status=409
2026-09-30T02:44:33.083661Z  INFO lingxi_service: request handled request_id=req-260db90798e7f77967e90ce412f8b427 method=POST path=/lingxi/v1/sessions/sess_local_alpha/execute status=409
2026-09-30T02:44:33.083679Z  INFO lingxi_service: request handled request_id=req-49b97a3c148108ceb20231a56a866ae0 method=POST path=/lingxi/v1/sessions/sess_local_alpha/execute status=409
2026-09-30T02:44:33.083935Z  INFO lingxi_service::sessions: normal submission to a busy session rejected (session_busy; retryable) session_id="sess_local_alpha"
2026-09-30T02:44:33.083933Z  INFO lingxi_service::sessions: run settled through the single finalize path run_id=run_000001a0f0330ebb_00001a session_id="sess_local_alpha" outcome=completed.no_final.no_provider_configured input_chars=17 input_bytes=17
2026-09-30T02:44:33.084014Z  INFO lingxi_service: request handled request_id=req-1d48b8bed7997e7067ca6928930553ce method=POST path=/lingxi/v1/sessions/sess_local_alpha/execute status=409
2026-09-30T02:44:33.084055Z  INFO lingxi_service: request handled request_id=req-699e69bc6b4d122843cfd73f44bfcffb method=POST path=/lingxi/v1/sessions/sess_local_alpha/execute status=200
2026-09-30T02:44:33.085106Z  INFO lingxi_service::sessions: normal submission to a busy session rejected (session_busy; retryable) session_id="sess_local_alpha"
2026-09-30T02:44:33.085213Z  INFO lingxi_service: request handled request_id=req-caf819efa17f373874dc6f8967bb4882 method=POST path=/lingxi/v1/sessions/sess_local_alpha/execute status=409
2026-09-30T02:44:33.085277Z  INFO lingxi_service::sessions: normal submission to a busy session rejected (session_busy; retryable) session_id="sess_local_alpha"
2026-09-30T02:44:33.085351Z  INFO lingxi_service: request handled request_id=req-802af9478aacc6959680a993ebaae33e method=POST path=/lingxi/v1/sessions/sess_local_alpha/execute status=409
2026-09-30T02:44:33.085502Z  INFO lingxi_service::sessions: run settled through the single finalize path run_id=run_000001a0f0330ebc_00001b session_id="sess_local_alpha" outcome=completed.no_final.no_provider_configured input_chars=17 input_bytes=17
2026-09-30T02:44:33.085532Z  INFO lingxi_service::sessions: normal submission to a busy session rejected (session_busy; retryable) session_id="sess_local_alpha"
2026-09-30T02:44:33.085534Z  INFO lingxi_service::sessions: normal submission to a busy session rejected (session_busy; retryable) session_id="sess_local_alpha"
2026-09-30T02:44:33.085649Z  INFO lingxi_service: request handled request_id=req-b27b069a4c1628b706bf310c53c11619 method=POST path=/lingxi/v1/sessions/sess_local_alpha/execute status=200
2026-09-30T02:44:33.085685Z  INFO lingxi_service: request handled request_id=req-1a66bf2903c2ed1e88d8fda25ba56a91 method=POST path=/lingxi/v1/sessions/sess_local_alpha/execute status=409
2026-09-30T02:44:33.085688Z  INFO lingxi_service: request handled request_id=req-b840d02704aa0f86dc315870d6f69525 method=POST path=/lingxi/v1/sessions/sess_local_alpha/execute status=409
2026-09-30T02:44:33.086010Z  INFO lingxi_service::sessions: normal submission to a busy session rejected (session_busy; retryable) session_id="sess_local_alpha"
2026-09-30T02:44:33.086132Z  INFO lingxi_service: request handled request_id=req-6200b10d4b51b3ce2ff5a18205e806bd method=POST path=/lingxi/v1/sessions/sess_local_alpha/execute status=409
2026-09-30T02:44:33.086427Z  INFO lingxi_service::sessions: run settled through the single finalize path run_id=run_000001a0f0330ebd_00001c session_id="sess_local_alpha" outcome=completed.no_final.no_provider_configured input_chars=17 input_bytes=17
2026-09-30T02:44:33.086451Z  INFO lingxi_service::sessions: normal submission to a busy session rejected (session_busy; retryable) session_id="sess_local_alpha"
2026-09-30T02:44:33.086602Z  INFO lingxi_service: request handled request_id=req-93058251459722f2b35b6ca023c4e4ed method=POST path=/lingxi/v1/sessions/sess_local_alpha/execute status=200
2026-09-30T02:44:33.086602Z  INFO lingxi_service: request handled request_id=req-d27372dffbfefbebd310c3e81bd5e986 method=POST path=/lingxi/v1/sessions/sess_local_alpha/execute status=409
2026-09-30T02:44:33.086895Z  INFO lingxi_service::sessions: normal submission to a busy session rejected (session_busy; retryable) session_id="sess_local_alpha"
2026-09-30T02:44:33.086989Z  INFO lingxi_service: request handled request_id=req-0f008ee95b39fbfb2806441f248df297 method=POST path=/lingxi/v1/sessions/sess_local_alpha/execute status=409
2026-09-30T02:44:33.087078Z  INFO lingxi_service::sessions: normal submission to a busy session rejected (session_busy; retryable) session_id="sess_local_alpha"
2026-09-30T02:44:33.087153Z  INFO lingxi_service: request handled request_id=req-ae2dda5a9040b44369e61b387ed1afdd method=POST path=/lingxi/v1/sessions/sess_local_alpha/execute status=409
2026-09-30T02:44:33.087286Z  INFO lingxi_service::sessions: run settled through the single finalize path run_id=run_000001a0f0330ebe_00001d session_id="sess_local_alpha" outcome=completed.no_final.no_provider_configured input_chars=17 input_bytes=17
2026-09-30T02:44:33.087413Z  INFO lingxi_service: request handled request_id=req-591e3eb9a48429366898f751e7ed9a7c method=POST path=/lingxi/v1/sessions/sess_local_alpha/execute status=200
2026-09-30T02:44:33.088837Z  INFO lingxi_service::sessions: normal submission to a busy session rejected (session_busy; retryable) session_id="sess_local_alpha"
2026-09-30T02:44:33.088838Z  INFO lingxi_service::sessions: normal submission to a busy session rejected (session_busy; retryable) session_id="sess_local_alpha"
2026-09-30T02:44:33.088938Z  INFO lingxi_service: request handled request_id=req-1e0c5e6e42de737daae582fec90c4ef1 method=POST path=/lingxi/v1/sessions/sess_local_alpha/execute status=409
2026-09-30T02:44:33.088969Z  INFO lingxi_service: request handled request_id=req-86110241e4a2ec15b6a1646a11d9b15b method=POST path=/lingxi/v1/sessions/sess_local_alpha/execute status=409
2026-09-30T02:44:33.088978Z  INFO lingxi_service::sessions: normal submission to a busy session rejected (session_busy; retryable) session_id="sess_local_alpha"
2026-09-30T02:44:33.089113Z  INFO lingxi_service: request handled request_id=req-a22a05e9f0030919ca82332d90dd17c0 method=POST path=/lingxi/v1/sessions/sess_local_alpha/execute status=409
2026-09-30T02:44:33.089253Z  INFO lingxi_service::sessions: normal submission to a busy session rejected (session_busy; retryable) session_id="sess_local_alpha"
2026-09-30T02:44:33.089255Z  INFO lingxi_service::sessions: run settled through the single finalize path run_id=run_000001a0f0330ec0_00001e session_id="sess_local_alpha" outcome=completed.no_final.no_provider_configured input_chars=17 input_bytes=17
2026-09-30T02:44:33.089287Z  INFO lingxi_service::sessions: normal submission to a busy session rejected (session_busy; retryable) session_id="sess_local_alpha"
2026-09-30T02:44:33.089325Z  INFO lingxi_service: request handled request_id=req-de1169d55535f91071dd74b09b32ce34 method=POST path=/lingxi/v1/sessions/sess_local_alpha/execute status=409
2026-09-30T02:44:33.089372Z  INFO lingxi_service: request handled request_id=req-6c6bf8b2e233e4e9ea08a38ff8768ab1 method=POST path=/lingxi/v1/sessions/sess_local_alpha/execute status=409
2026-09-30T02:44:33.089386Z  INFO lingxi_service: request handled request_id=req-de121f873a5dec0af866fbf8f26a98ee method=POST path=/lingxi/v1/sessions/sess_local_alpha/execute status=200
2026-09-30T02:44:33.089997Z  INFO lingxi_service::sessions: normal submission to a busy session rejected (session_busy; retryable) session_id="sess_local_alpha"
2026-09-30T02:44:33.089993Z  INFO lingxi_service::sessions: run settled through the single finalize path run_id=run_000001a0f0330ec1_00001f session_id="sess_local_alpha" outcome=completed.no_final.no_provider_configured input_chars=17 input_bytes=17
2026-09-30T02:44:33.090030Z  INFO lingxi_service::sessions: normal submission to a busy session rejected (session_busy; retryable) session_id="sess_local_alpha"
2026-09-30T02:44:33.090075Z  INFO lingxi_service: request handled request_id=req-7ed732472cc1c4297ebb53383b6a03b7 method=POST path=/lingxi/v1/sessions/sess_local_alpha/execute status=409
2026-09-30T02:44:33.090102Z  INFO lingxi_service: request handled request_id=req-b3a4e89c7823ddd22d311dd7087643f7 method=POST path=/lingxi/v1/sessions/sess_local_alpha/execute status=409
2026-09-30T02:44:33.090121Z  INFO lingxi_service: request handled request_id=req-59ee9208535c5f10a83ea7fd8f2efe67 method=POST path=/lingxi/v1/sessions/sess_local_alpha/execute status=200
2026-09-30T02:44:33.090717Z  INFO lingxi_service::sessions: normal submission to a busy session rejected (session_busy; retryable) session_id="sess_local_alpha"
2026-09-30T02:44:33.090803Z  INFO lingxi_service: request handled request_id=req-223943ac80f48505637f20a81b6421c9 method=POST path=/lingxi/v1/sessions/sess_local_alpha/execute status=409
2026-09-30T02:44:33.090912Z  INFO lingxi_service::sessions: run settled through the single finalize path run_id=run_000001a0f0330ec2_000020 session_id="sess_local_alpha" outcome=completed.no_final.no_provider_configured input_chars=17 input_bytes=17
2026-09-30T02:44:33.090988Z  INFO lingxi_service::sessions: normal submission to a busy session rejected (session_busy; retryable) session_id="sess_local_alpha"
2026-09-30T02:44:33.091033Z  INFO lingxi_service: request handled request_id=req-bd6970efed0a97484e97fe33925f67cc method=POST path=/lingxi/v1/sessions/sess_local_alpha/execute status=200
2026-09-30T02:44:33.091056Z  INFO lingxi_service: request handled request_id=req-a748caa5280460db5f376975fc596004 method=POST path=/lingxi/v1/sessions/sess_local_alpha/execute status=409
2026-09-30T02:44:33.091504Z  INFO lingxi_service::sessions: normal submission to a busy session rejected (session_busy; retryable) session_id="sess_local_alpha"
2026-09-30T02:44:33.091577Z  INFO lingxi_service: request handled request_id=req-2ec6ae807745bfbc9acdd6ffc26410f8 method=POST path=/lingxi/v1/sessions/sess_local_alpha/execute status=409
2026-09-30T02:44:33.091711Z  INFO lingxi_service::sessions: run settled through the single finalize path run_id=run_000001a0f0330ec3_000021 session_id="sess_local_alpha" outcome=completed.no_final.no_provider_configured input_chars=17 input_bytes=17
2026-09-30T02:44:33.091765Z  INFO lingxi_service::sessions: normal submission to a busy session rejected (session_busy; retryable) session_id="sess_local_alpha"
2026-09-30T02:44:33.091779Z  INFO lingxi_service::sessions: normal submission to a busy session rejected (session_busy; retryable) session_id="sess_local_alpha"
2026-09-30T02:44:33.091830Z  INFO lingxi_service: request handled request_id=req-b1b34bd29d2b25a49ccc96e37938dced method=POST path=/lingxi/v1/sessions/sess_local_alpha/execute status=200
2026-09-30T02:44:33.091841Z  INFO lingxi_service: request handled request_id=req-e8f633ac1c253fa548a1ae027293e85d method=POST path=/lingxi/v1/sessions/sess_local_alpha/execute status=409
2026-09-30T02:44:33.091852Z  INFO lingxi_service: request handled request_id=req-58491f6c6fb0c350f6dc5d8022192e7c method=POST path=/lingxi/v1/sessions/sess_local_alpha/execute status=409
2026-09-30T02:44:33.092660Z  INFO lingxi_service::sessions: normal submission to a busy session rejected (session_busy; retryable) session_id="sess_local_alpha"
2026-09-30T02:44:33.092758Z  INFO lingxi_service: request handled request_id=req-3ba64f303a6544a250e89d5926cc7372 method=POST path=/lingxi/v1/sessions/sess_local_alpha/execute status=409
2026-09-30T02:44:33.093007Z  INFO lingxi_service::sessions: normal submission to a busy session rejected (session_busy; retryable) session_id="sess_local_alpha"
2026-09-30T02:44:33.093017Z  INFO lingxi_service::sessions: normal submission to a busy session rejected (session_busy; retryable) session_id="sess_local_alpha"
2026-09-30T02:44:33.093000Z  INFO lingxi_service::sessions: run settled through the single finalize path run_id=run_000001a0f0330ec4_000022 session_id="sess_local_alpha" outcome=completed.no_final.no_provider_configured input_chars=17 input_bytes=17
2026-09-30T02:44:33.093032Z  INFO lingxi_service::sessions: normal submission to a busy session rejected (session_busy; retryable) session_id="sess_local_alpha"
2026-09-30T02:44:33.093089Z  INFO lingxi_service: request handled request_id=req-8f058d07eb9823f927df600680d118e6 method=POST path=/lingxi/v1/sessions/sess_local_alpha/execute status=409
2026-09-30T02:44:33.093107Z  INFO lingxi_service: request handled request_id=req-c0f0d463bd488fdf83f5da1b5845797e method=POST path=/lingxi/v1/sessions/sess_local_alpha/execute status=409
2026-09-30T02:44:33.093137Z  INFO lingxi_service: request handled request_id=req-b47b829295810cb7661725c68c7c307d method=POST path=/lingxi/v1/sessions/sess_local_alpha/execute status=409
2026-09-30T02:44:33.093160Z  INFO lingxi_service: request handled request_id=req-ea22d4ad2a9673021a851011c0451b39 method=POST path=/lingxi/v1/sessions/sess_local_alpha/execute status=200
2026-09-30T02:44:33.093560Z  INFO lingxi_service::sessions: normal submission to a busy session rejected (session_busy; retryable) session_id="sess_local_alpha"
2026-09-30T02:44:33.093571Z  INFO lingxi_service::sessions: normal submission to a busy session rejected (session_busy; retryable) session_id="sess_local_alpha"
2026-09-30T02:44:33.093649Z  INFO lingxi_service: request handled request_id=req-764030610d047a6a662541f55c1f4c06 method=POST path=/lingxi/v1/sessions/sess_local_alpha/execute status=409
2026-09-30T02:44:33.093657Z  INFO lingxi_service: request handled request_id=req-92e8cc5ac89e3316a648b8a557a78488 method=POST path=/lingxi/v1/sessions/sess_local_alpha/execute status=409
2026-09-30T02:44:33.093862Z  INFO lingxi_service::sessions: run settled through the single finalize path run_id=run_000001a0f0330ec5_000023 session_id="sess_local_alpha" outcome=completed.no_final.no_provider_configured input_chars=17 input_bytes=17
2026-09-30T02:44:33.093970Z  INFO lingxi_service: request handled request_id=req-bd3ea1d246223de7eb014b0854e3acbe method=POST path=/lingxi/v1/sessions/sess_local_alpha/execute status=200
2026-09-30T02:44:33.095045Z  INFO lingxi_service::sessions: normal submission to a busy session rejected (session_busy; retryable) session_id="sess_local_alpha"
2026-09-30T02:44:33.095061Z  INFO lingxi_service::sessions: normal submission to a busy session rejected (session_busy; retryable) session_id="sess_local_alpha"
2026-09-30T02:44:33.095140Z  INFO lingxi_service: request handled request_id=req-f6f86d6354410ac63e8bbe987ac9e366 method=POST path=/lingxi/v1/sessions/sess_local_alpha/execute status=409
2026-09-30T02:44:33.095162Z  INFO lingxi_service: request handled request_id=req-5bb2aaa2669e5e82042da04e8de33fad method=POST path=/lingxi/v1/sessions/sess_local_alpha/execute status=409
2026-09-30T02:44:33.095463Z  INFO lingxi_service::sessions: normal submission to a busy session rejected (session_busy; retryable) session_id="sess_local_alpha"
2026-09-30T02:44:33.095446Z  INFO lingxi_service::sessions: run settled through the single finalize path run_id=run_000001a0f0330ec6_000024 session_id="sess_local_alpha" outcome=completed.no_final.no_provider_configured input_chars=17 input_bytes=17
2026-09-30T02:44:33.095548Z  INFO lingxi_service: request handled request_id=req-be99ab98591883b3cb28acd936dfb1f9 method=POST path=/lingxi/v1/sessions/sess_local_alpha/execute status=409
2026-09-30T02:44:33.095607Z  INFO lingxi_service::sessions: normal submission to a busy session rejected (session_busy; retryable) session_id="sess_local_alpha"
2026-09-30T02:44:33.095615Z  INFO lingxi_service: request handled request_id=req-5f25f43a74cf4733e87828151d58361c method=POST path=/lingxi/v1/sessions/sess_local_alpha/execute status=200
2026-09-30T02:44:33.095711Z  INFO lingxi_service: request handled request_id=req-705c9df476fba902c7be62f124185519 method=POST path=/lingxi/v1/sessions/sess_local_alpha/execute status=409
2026-09-30T02:44:33.095914Z  INFO lingxi_service::sessions: normal submission to a busy session rejected (session_busy; retryable) session_id="sess_local_alpha"
2026-09-30T02:44:33.095934Z  INFO lingxi_service::sessions: normal submission to a busy session rejected (session_busy; retryable) session_id="sess_local_alpha"
2026-09-30T02:44:33.095996Z  INFO lingxi_service: request handled request_id=req-040fa1e086f131af94b53065640b441b method=POST path=/lingxi/v1/sessions/sess_local_alpha/execute status=409
2026-09-30T02:44:33.096011Z  INFO lingxi_service: request handled request_id=req-b7a7f4996293c25ae49366bb3b914b77 method=POST path=/lingxi/v1/sessions/sess_local_alpha/execute status=409
2026-09-30T02:44:33.096295Z  INFO lingxi_service::sessions: normal submission to a busy session rejected (session_busy; retryable) session_id="sess_local_alpha"
2026-09-30T02:44:33.096291Z  INFO lingxi_service::sessions: run settled through the single finalize path run_id=run_000001a0f0330ec7_000025 session_id="sess_local_alpha" outcome=completed.no_final.no_provider_configured input_chars=17 input_bytes=17
2026-09-30T02:44:33.096372Z  INFO lingxi_service: request handled request_id=req-0cbf3bc4211af4232b175831e55e32fc method=POST path=/lingxi/v1/sessions/sess_local_alpha/execute status=409
2026-09-30T02:44:33.096404Z  INFO lingxi_service: request handled request_id=req-45c605a2bc1623e2407ea82028bb12da method=POST path=/lingxi/v1/sessions/sess_local_alpha/execute status=200
2026-09-30T02:44:33.096962Z  INFO lingxi_service::sessions: normal submission to a busy session rejected (session_busy; retryable) session_id="sess_local_alpha"
2026-09-30T02:44:33.097070Z  INFO lingxi_service: request handled request_id=req-22945fcc17c511c888b9c3305179f002 method=POST path=/lingxi/v1/sessions/sess_local_alpha/execute status=409
2026-09-30T02:44:33.097287Z  INFO lingxi_service::sessions: normal submission to a busy session rejected (session_busy; retryable) session_id="sess_local_alpha"
2026-09-30T02:44:33.097282Z  INFO lingxi_service::sessions: run settled through the single finalize path run_id=run_000001a0f0330ec8_000026 session_id="sess_local_alpha" outcome=completed.no_final.no_provider_configured input_chars=17 input_bytes=17
2026-09-30T02:44:33.097303Z  INFO lingxi_service::sessions: normal submission to a busy session rejected (session_busy; retryable) session_id="sess_local_alpha"
2026-09-30T02:44:33.097368Z  INFO lingxi_service: request handled request_id=req-0ff12c5730d39459b6bdc5f2386b372a method=POST path=/lingxi/v1/sessions/sess_local_alpha/execute status=409
2026-09-30T02:44:33.097401Z  INFO lingxi_service: request handled request_id=req-7a3c2450362acf4e063b93e440447b24 method=POST path=/lingxi/v1/sessions/sess_local_alpha/execute status=409
2026-09-30T02:44:33.097419Z  INFO lingxi_service: request handled request_id=req-c1c74012244ec8181acfc67a95ed5fd2 method=POST path=/lingxi/v1/sessions/sess_local_alpha/execute status=200
2026-09-30T02:44:33.097991Z  INFO lingxi_service::sessions: normal submission to a busy session rejected (session_busy; retryable) session_id="sess_local_alpha"
2026-09-30T02:44:33.098014Z  INFO lingxi_service::sessions: normal submission to a busy session rejected (session_busy; retryable) session_id="sess_local_alpha"
2026-09-30T02:44:33.098068Z  INFO lingxi_service: request handled request_id=req-5726770da2fafab3ba26d667431ebf5a method=POST path=/lingxi/v1/sessions/sess_local_alpha/execute status=409
2026-09-30T02:44:33.098086Z  INFO lingxi_service: request handled request_id=req-2142328f21106bebc11e714881805961 method=POST path=/lingxi/v1/sessions/sess_local_alpha/execute status=409
2026-09-30T02:44:33.098300Z  INFO lingxi_service::sessions: run settled through the single finalize path run_id=run_000001a0f0330ec9_000027 session_id="sess_local_alpha" outcome=completed.no_final.no_provider_configured input_chars=17 input_bytes=17
2026-09-30T02:44:33.098416Z  INFO lingxi_service: request handled request_id=req-7a8781d6597d5dbd51589cb59be92ad4 method=POST path=/lingxi/v1/sessions/sess_local_alpha/execute status=200
2026-09-30T02:44:33.098957Z  INFO lingxi_service::sessions: normal submission to a busy session rejected (session_busy; retryable) session_id="sess_local_alpha"
2026-09-30T02:44:33.099059Z  INFO lingxi_service: request handled request_id=req-68d93bb59b1c412768d41027b185aa5d method=POST path=/lingxi/v1/sessions/sess_local_alpha/execute status=409
2026-09-30T02:44:33.099321Z  INFO lingxi_service::sessions: normal submission to a busy session rejected (session_busy; retryable) session_id="sess_local_alpha"
2026-09-30T02:44:33.099315Z  INFO lingxi_service::sessions: run settled through the single finalize path run_id=run_000001a0f0330eca_000028 session_id="sess_local_alpha" outcome=completed.no_final.no_provider_configured input_chars=17 input_bytes=17
2026-09-30T02:44:33.099337Z  INFO lingxi_service::sessions: normal submission to a busy session rejected (session_busy; retryable) session_id="sess_local_alpha"
2026-09-30T02:44:33.099365Z  INFO lingxi_service::sessions: normal submission to a busy session rejected (session_busy; retryable) session_id="sess_local_alpha"
2026-09-30T02:44:33.099346Z  INFO lingxi_service::sessions: normal submission to a busy session rejected (session_busy; retryable) session_id="sess_local_alpha"
2026-09-30T02:44:33.099400Z  INFO lingxi_service: request handled request_id=req-ff4edae103a562f384c52f13904d66d0 method=POST path=/lingxi/v1/sessions/sess_local_alpha/execute status=409
2026-09-30T02:44:33.099410Z  INFO lingxi_service::sessions: normal submission to a busy session rejected (session_busy; retryable) session_id="sess_local_alpha"
2026-09-30T02:44:33.099465Z  INFO lingxi_service: request handled request_id=req-9a122c980f357280a9ae4b84d0c67c8e method=POST path=/lingxi/v1/sessions/sess_local_alpha/execute status=409
2026-09-30T02:44:33.099486Z  INFO lingxi_service: request handled request_id=req-a9c70585cb2134df8644dd5b8af21b2f method=POST path=/lingxi/v1/sessions/sess_local_alpha/execute status=200
2026-09-30T02:44:33.099511Z  INFO lingxi_service: request handled request_id=req-bd957be75be1338fb0230517f98cf098 method=POST path=/lingxi/v1/sessions/sess_local_alpha/execute status=409
2026-09-30T02:44:33.099499Z  INFO lingxi_service: request handled request_id=req-4a6e55d75cde882596ff8ce3a06e8f89 method=POST path=/lingxi/v1/sessions/sess_local_alpha/execute status=409
2026-09-30T02:44:33.099493Z  INFO lingxi_service: request handled request_id=req-a65da10714d134c0fc48ec981c1abbfd method=POST path=/lingxi/v1/sessions/sess_local_alpha/execute status=409
2026-09-30T02:44:33.100092Z  INFO lingxi_service::sessions: run settled through the single finalize path run_id=run_000001a0f0330ecb_000029 session_id="sess_local_alpha" outcome=completed.no_final.no_provider_configured input_chars=17 input_bytes=17
2026-09-30T02:44:33.100203Z  INFO lingxi_service: request handled request_id=req-897791db2d114bfed48b369134be5213 method=POST path=/lingxi/v1/sessions/sess_local_alpha/execute status=200
2026-09-30T02:44:33.101187Z  INFO lingxi_service::sessions: normal submission to a busy session rejected (session_busy; retryable) session_id="sess_local_alpha"
2026-09-30T02:44:33.101284Z  INFO lingxi_service: request handled request_id=req-36d12c6b485aff715c165c1839cd3646 method=POST path=/lingxi/v1/sessions/sess_local_alpha/execute status=409
2026-09-30T02:44:33.101456Z  INFO lingxi_service::sessions: normal submission to a busy session rejected (session_busy; retryable) session_id="sess_local_alpha"
2026-09-30T02:44:33.101480Z  INFO lingxi_service::sessions: normal submission to a busy session rejected (session_busy; retryable) session_id="sess_local_alpha"
2026-09-30T02:44:33.101541Z  INFO lingxi_service: request handled request_id=req-95098c0f34e30e075763287f316b1aed method=POST path=/lingxi/v1/sessions/sess_local_alpha/execute status=409
2026-09-30T02:44:33.101557Z  INFO lingxi_service: request handled request_id=req-e0f88e13f61c423f6fb31e53f8c8d86d method=POST path=/lingxi/v1/sessions/sess_local_alpha/execute status=409
2026-09-30T02:44:33.101605Z  INFO lingxi_service::sessions: normal submission to a busy session rejected (session_busy; retryable) session_id="sess_local_alpha"
2026-09-30T02:44:33.101709Z  INFO lingxi_service: request handled request_id=req-6f4a098f8af9269e385814a476ce3fa3 method=POST path=/lingxi/v1/sessions/sess_local_alpha/execute status=409
2026-09-30T02:44:33.101863Z  INFO lingxi_service::sessions: normal submission to a busy session rejected (session_busy; retryable) session_id="sess_local_alpha"
2026-09-30T02:44:33.101873Z  INFO lingxi_service::sessions: normal submission to a busy session rejected (session_busy; retryable) session_id="sess_local_alpha"
2026-09-30T02:44:33.101852Z  INFO lingxi_service::sessions: run settled through the single finalize path run_id=run_000001a0f0330ecd_00002a session_id="sess_local_alpha" outcome=completed.no_final.no_provider_configured input_chars=17 input_bytes=17
2026-09-30T02:44:33.101962Z  INFO lingxi_service: request handled request_id=req-85259d0a45d782645eb6e59cfeb98b01 method=POST path=/lingxi/v1/sessions/sess_local_alpha/execute status=409
2026-09-30T02:44:33.101984Z  INFO lingxi_service: request handled request_id=req-2a611abbf1bf9f0f6469c32c177af399 method=POST path=/lingxi/v1/sessions/sess_local_alpha/execute status=409
2026-09-30T02:44:33.102056Z  INFO lingxi_service: request handled request_id=req-55ea2ce551fe65e8143193b519a353c3 method=POST path=/lingxi/v1/sessions/sess_local_alpha/execute status=200
2026-09-30T02:44:33.102682Z  INFO lingxi_service::sessions: normal submission to a busy session rejected (session_busy; retryable) session_id="sess_local_alpha"
2026-09-30T02:44:33.102754Z  INFO lingxi_service: request handled request_id=req-13ce715f9721ed848e3a20cf058bda4a method=POST path=/lingxi/v1/sessions/sess_local_alpha/execute status=409
2026-09-30T02:44:33.102887Z  INFO lingxi_service::sessions: normal submission to a busy session rejected (session_busy; retryable) session_id="sess_local_alpha"
2026-09-30T02:44:33.102873Z  INFO lingxi_service::sessions: run settled through the single finalize path run_id=run_000001a0f0330ece_00002b session_id="sess_local_alpha" outcome=completed.no_final.no_provider_configured input_chars=17 input_bytes=17
2026-09-30T02:44:33.102960Z  INFO lingxi_service: request handled request_id=req-86e1d6a69b12256cc245202b058340c0 method=POST path=/lingxi/v1/sessions/sess_local_alpha/execute status=409
2026-09-30T02:44:33.103022Z  INFO lingxi_service: request handled request_id=req-824a815a050759408ed3177d3cd950b0 method=POST path=/lingxi/v1/sessions/sess_local_alpha/execute status=200
2026-09-30T02:44:33.103371Z  INFO lingxi_service::sessions: normal submission to a busy session rejected (session_busy; retryable) session_id="sess_local_alpha"
2026-09-30T02:44:33.103443Z  INFO lingxi_service: request handled request_id=req-53348c3979c35087b5fb2a2be233efb0 method=POST path=/lingxi/v1/sessions/sess_local_alpha/execute status=409
2026-09-30T02:44:33.103926Z  INFO lingxi_service::sessions: run settled through the single finalize path run_id=run_000001a0f0330ecf_00002c session_id="sess_local_alpha" outcome=completed.no_final.no_provider_configured input_chars=17 input_bytes=17
2026-09-30T02:44:33.104054Z  INFO lingxi_service: request handled request_id=req-f006d2b3cd46db81b279857ec8fce5bb method=POST path=/lingxi/v1/sessions/sess_local_alpha/execute status=200
2026-09-30T02:44:33.104328Z  INFO lingxi_service::sessions: normal submission to a busy session rejected (session_busy; retryable) session_id="sess_local_alpha"
2026-09-30T02:44:33.104336Z  INFO lingxi_service::sessions: normal submission to a busy session rejected (session_busy; retryable) session_id="sess_local_alpha"
2026-09-30T02:44:33.104349Z  INFO lingxi_service::sessions: normal submission to a busy session rejected (session_busy; retryable) session_id="sess_local_alpha"
2026-09-30T02:44:33.104448Z  INFO lingxi_service: request handled request_id=req-0e82f77a4a7ddd22035a812f431b44d4 method=POST path=/lingxi/v1/sessions/sess_local_alpha/execute status=409
2026-09-30T02:44:33.104467Z  INFO lingxi_service: request handled request_id=req-b5faa970666e59f1076766b1a957ab79 method=POST path=/lingxi/v1/sessions/sess_local_alpha/execute status=409
2026-09-30T02:44:33.104485Z  INFO lingxi_service::sessions: normal submission to a busy session rejected (session_busy; retryable) session_id="sess_local_alpha"
2026-09-30T02:44:33.104500Z  INFO lingxi_service::sessions: normal submission to a busy session rejected (session_busy; retryable) session_id="sess_local_alpha"
2026-09-30T02:44:33.104498Z  INFO lingxi_service: request handled request_id=req-43523d43dcb6875edc239735a031670d method=POST path=/lingxi/v1/sessions/sess_local_alpha/execute status=409
2026-09-30T02:44:33.104576Z  INFO lingxi_service: request handled request_id=req-ca34638b27d9820e03c88f5d8efbc52e method=POST path=/lingxi/v1/sessions/sess_local_alpha/execute status=409
2026-09-30T02:44:33.104592Z  INFO lingxi_service: request handled request_id=req-6fc118929dd4d0d2b3e3c0441e17706c method=POST path=/lingxi/v1/sessions/sess_local_alpha/execute status=409
2026-09-30T02:44:33.104707Z  INFO lingxi_service::sessions: normal submission to a busy session rejected (session_busy; retryable) session_id="sess_local_alpha"
2026-09-30T02:44:33.104701Z  INFO lingxi_service::sessions: run settled through the single finalize path run_id=run_000001a0f0330ed0_00002d session_id="sess_local_alpha" outcome=completed.no_final.no_provider_configured input_chars=17 input_bytes=17
2026-09-30T02:44:33.104801Z  INFO lingxi_service: request handled request_id=req-ac0fba177c2fadc15b2db8d0c08a1227 method=POST path=/lingxi/v1/sessions/sess_local_alpha/execute status=409
2026-09-30T02:44:33.104847Z  INFO lingxi_service: request handled request_id=req-416c88407bc65d80fc22f329af21b97d method=POST path=/lingxi/v1/sessions/sess_local_alpha/execute status=200
2026-09-30T02:44:33.105214Z  INFO lingxi_service::sessions: normal submission to a busy session rejected (session_busy; retryable) session_id="sess_local_alpha"
2026-09-30T02:44:33.105302Z  INFO lingxi_service: request handled request_id=req-80a28b9e6c6bb91e1e578723aea8e650 method=POST path=/lingxi/v1/sessions/sess_local_alpha/execute status=409
2026-09-30T02:44:33.105387Z  INFO lingxi_service::sessions: normal submission to a busy session rejected (session_busy; retryable) session_id="sess_local_alpha"
2026-09-30T02:44:33.105456Z  INFO lingxi_service: request handled request_id=req-3e1a16e864e8fb6d64f75d87027dc807 method=POST path=/lingxi/v1/sessions/sess_local_alpha/execute status=409
2026-09-30T02:44:33.105601Z  INFO lingxi_service::sessions: run settled through the single finalize path run_id=run_000001a0f0330ed0_00002e session_id="sess_local_alpha" outcome=completed.no_final.no_provider_configured input_chars=17 input_bytes=17
2026-09-30T02:44:33.105739Z  INFO lingxi_service: request handled request_id=req-955fbc58529bc0761b179d7517734b71 method=POST path=/lingxi/v1/sessions/sess_local_alpha/execute status=200
2026-09-30T02:44:33.106015Z  INFO lingxi_service::sessions: normal submission to a busy session rejected (session_busy; retryable) session_id="sess_local_alpha"
2026-09-30T02:44:33.106092Z  INFO lingxi_service: request handled request_id=req-07866586c55ecd34c4b6765e87575c50 method=POST path=/lingxi/v1/sessions/sess_local_alpha/execute status=409
2026-09-30T02:44:33.106275Z  INFO lingxi_service::sessions: run settled through the single finalize path run_id=run_000001a0f0330ed1_00002f session_id="sess_local_alpha" outcome=completed.no_final.no_provider_configured input_chars=17 input_bytes=17
2026-09-30T02:44:33.106379Z  INFO lingxi_service: request handled request_id=req-df3a1c7d6b9135bd0ae66ed67ee0cc34 method=POST path=/lingxi/v1/sessions/sess_local_alpha/execute status=200
2026-09-30T02:44:33.107209Z  INFO lingxi_service::sessions: normal submission to a busy session rejected (session_busy; retryable) session_id="sess_local_alpha"
2026-09-30T02:44:33.107277Z  INFO lingxi_service: request handled request_id=req-17e23ff54a5bfa6b3e99882b3ecf50fb method=POST path=/lingxi/v1/sessions/sess_local_alpha/execute status=409
2026-09-30T02:44:33.107728Z  INFO lingxi_service::sessions: normal submission to a busy session rejected (session_busy; retryable) session_id="sess_local_alpha"
2026-09-30T02:44:33.107718Z  INFO lingxi_service::sessions: run settled through the single finalize path run_id=run_000001a0f0330ed3_000030 session_id="sess_local_alpha" outcome=completed.no_final.no_provider_configured input_chars=17 input_bytes=17
2026-09-30T02:44:33.107825Z  INFO lingxi_service: request handled request_id=req-d2f671833292849794c7251b936b9664 method=POST path=/lingxi/v1/sessions/sess_local_alpha/execute status=409
2026-09-30T02:44:33.107879Z  INFO lingxi_service: request handled request_id=req-fb1167c515e8793fe739a66f621f7ba5 method=POST path=/lingxi/v1/sessions/sess_local_alpha/execute status=200
2026-09-30T02:44:33.108194Z  INFO lingxi_service::sessions: normal submission to a busy session rejected (session_busy; retryable) session_id="sess_local_alpha"
2026-09-30T02:44:33.108295Z  INFO lingxi_service: request handled request_id=req-61f4b661dd1b3613ed27c9ba9bf252b0 method=POST path=/lingxi/v1/sessions/sess_local_alpha/execute status=409
2026-09-30T02:44:33.108371Z  INFO lingxi_service::sessions: normal submission to a busy session rejected (session_busy; retryable) session_id="sess_local_alpha"
2026-09-30T02:44:33.108392Z  INFO lingxi_service::sessions: normal submission to a busy session rejected (session_busy; retryable) session_id="sess_local_alpha"
2026-09-30T02:44:33.108439Z  INFO lingxi_service: request handled request_id=req-f90391c3010559f3261aa9106c988580 method=POST path=/lingxi/v1/sessions/sess_local_alpha/execute status=409
2026-09-30T02:44:33.108469Z  INFO lingxi_service: request handled request_id=req-62c4992aa1db83082b2931df54c590f7 method=POST path=/lingxi/v1/sessions/sess_local_alpha/execute status=409
2026-09-30T02:44:33.108586Z  INFO lingxi_service::sessions: normal submission to a busy session rejected (session_busy; retryable) session_id="sess_local_alpha"
2026-09-30T02:44:33.108582Z  INFO lingxi_service::sessions: run settled through the single finalize path run_id=run_000001a0f0330ed3_000031 session_id="sess_local_alpha" outcome=completed.no_final.no_provider_configured input_chars=17 input_bytes=17
2026-09-30T02:44:33.108646Z  INFO lingxi_service::sessions: normal submission to a busy session rejected (session_busy; retryable) session_id="sess_local_alpha"
2026-09-30T02:44:33.108681Z  INFO lingxi_service: request handled request_id=req-d29b6d00a57f46bcefd1406848911072 method=POST path=/lingxi/v1/sessions/sess_local_alpha/execute status=409
2026-09-30T02:44:33.108719Z  INFO lingxi_service: request handled request_id=req-f8cc6a81a486c20776f031935e8fc6ab method=POST path=/lingxi/v1/sessions/sess_local_alpha/execute status=409
2026-09-30T02:44:33.108725Z  INFO lingxi_service: request handled request_id=req-b37926c11441953bd38593b1778dcb37 method=POST path=/lingxi/v1/sessions/sess_local_alpha/execute status=200
2026-09-30T02:44:33.109475Z  INFO lingxi_service::sessions: normal submission to a busy session rejected (session_busy; retryable) session_id="sess_local_alpha"
2026-09-30T02:44:33.109549Z  INFO lingxi_service: request handled request_id=req-71ec8226e42a36fb604a4b82ee3333b1 method=POST path=/lingxi/v1/sessions/sess_local_alpha/execute status=409
2026-09-30T02:44:33.109603Z  INFO lingxi_service::sessions: normal submission to a busy session rejected (session_busy; retryable) session_id="sess_local_alpha"
2026-09-30T02:44:33.109671Z  INFO lingxi_service: request handled request_id=req-3ecca604be1ef5a947062695dd04e258 method=POST path=/lingxi/v1/sessions/sess_local_alpha/execute status=409
2026-09-30T02:44:33.109791Z  INFO lingxi_service::sessions: normal submission to a busy session rejected (session_busy; retryable) session_id="sess_local_alpha"
2026-09-30T02:44:33.109789Z  INFO lingxi_service::sessions: run settled through the single finalize path run_id=run_000001a0f0330ed5_000032 session_id="sess_local_alpha" outcome=completed.no_final.no_provider_configured input_chars=17 input_bytes=17
2026-09-30T02:44:33.109866Z  INFO lingxi_service: request handled request_id=req-a6a2f9502f52ee852ba699c88f19e19b method=POST path=/lingxi/v1/sessions/sess_local_alpha/execute status=409
2026-09-30T02:44:33.109919Z  INFO lingxi_service: request handled request_id=req-ded8845ae9fd11013a8bb75ee6f3ee59 method=POST path=/lingxi/v1/sessions/sess_local_alpha/execute status=200
2026-09-30T02:44:33.110310Z  INFO lingxi_service::sessions: normal submission to a busy session rejected (session_busy; retryable) session_id="sess_local_alpha"
2026-09-30T02:44:33.110387Z  INFO lingxi_service: request handled request_id=req-0b37568df74e062845d2814992688f05 method=POST path=/lingxi/v1/sessions/sess_local_alpha/execute status=409
2026-09-30T02:44:33.110695Z  INFO lingxi_service::sessions: normal submission to a busy session rejected (session_busy; retryable) session_id="sess_local_alpha"
2026-09-30T02:44:33.110690Z  INFO lingxi_service::sessions: run settled through the single finalize path run_id=run_000001a0f0330ed6_000033 session_id="sess_local_alpha" outcome=completed.no_final.no_provider_configured input_chars=17 input_bytes=17
2026-09-30T02:44:33.110709Z  INFO lingxi_service::sessions: normal submission to a busy session rejected (session_busy; retryable) session_id="sess_local_alpha"
2026-09-30T02:44:33.110769Z  INFO lingxi_service: request handled request_id=req-b356f39a62d0d01f96081f994c66035e method=POST path=/lingxi/v1/sessions/sess_local_alpha/execute status=409
2026-09-30T02:44:33.110800Z  INFO lingxi_service: request handled request_id=req-3ad9155de80f04698029e72a041ca0c6 method=POST path=/lingxi/v1/sessions/sess_local_alpha/execute status=409
2026-09-30T02:44:33.110823Z  INFO lingxi_service: request handled request_id=req-281e85c3f235e03511e6840318f0f7dc method=POST path=/lingxi/v1/sessions/sess_local_alpha/execute status=200
2026-09-30T02:44:33.111291Z  INFO lingxi_service::sessions: normal submission to a busy session rejected (session_busy; retryable) session_id="sess_local_alpha"
2026-09-30T02:44:33.111370Z  INFO lingxi_service: request handled request_id=req-bac8385834c258578a69751909d552cd method=POST path=/lingxi/v1/sessions/sess_local_alpha/execute status=409
2026-09-30T02:44:33.112255Z  INFO lingxi_service::sessions: normal submission to a busy session rejected (session_busy; retryable) session_id="sess_local_alpha"
2026-09-30T02:44:33.112266Z  INFO lingxi_service::sessions: normal submission to a busy session rejected (session_busy; retryable) session_id="sess_local_alpha"
2026-09-30T02:44:33.112276Z  INFO lingxi_service::sessions: normal submission to a busy session rejected (session_busy; retryable) session_id="sess_local_alpha"
2026-09-30T02:44:33.112304Z  INFO lingxi_service::sessions: normal submission to a busy session rejected (session_busy; retryable) session_id="sess_local_alpha"
2026-09-30T02:44:33.112286Z  INFO lingxi_service::sessions: normal submission to a busy session rejected (session_busy; retryable) session_id="sess_local_alpha"
2026-09-30T02:44:33.112249Z  INFO lingxi_service::sessions: run settled through the single finalize path run_id=run_000001a0f0330ed7_000034 session_id="sess_local_alpha" outcome=completed.no_final.no_provider_configured input_chars=17 input_bytes=17
2026-09-30T02:44:33.112333Z  INFO lingxi_service: request handled request_id=req-1ef933566d8e5d9d99f1d7e4981e118c method=POST path=/lingxi/v1/sessions/sess_local_alpha/execute status=409
2026-09-30T02:44:33.112343Z  INFO lingxi_service: request handled request_id=req-dc16092c19c2e286e719e5af900858cd method=POST path=/lingxi/v1/sessions/sess_local_alpha/execute status=409
2026-09-30T02:44:33.112385Z  INFO lingxi_service: request handled request_id=req-f756e01b7fc0c9212dadd88a85f28188 method=POST path=/lingxi/v1/sessions/sess_local_alpha/execute status=409
2026-09-30T02:44:33.112409Z  INFO lingxi_service: request handled request_id=req-3e00d20779998c36c9867e53657aa062 method=POST path=/lingxi/v1/sessions/sess_local_alpha/execute status=409
2026-09-30T02:44:33.112399Z  INFO lingxi_service: request handled request_id=req-1823b4ae37e49eb431d357e2c23fbf89 method=POST path=/lingxi/v1/sessions/sess_local_alpha/execute status=409
2026-09-30T02:44:33.112453Z  INFO lingxi_service: request handled request_id=req-995d3da5fe828d5c5509aa164d61aae0 method=POST path=/lingxi/v1/sessions/sess_local_alpha/execute status=200
2026-09-30T02:44:33.113718Z  INFO lingxi_service::sessions: normal submission to a busy session rejected (session_busy; retryable) session_id="sess_local_alpha"
2026-09-30T02:44:33.113728Z  INFO lingxi_service::sessions: normal submission to a busy session rejected (session_busy; retryable) session_id="sess_local_alpha"
2026-09-30T02:44:33.113805Z  INFO lingxi_service: request handled request_id=req-ac881283bb07238fe214aee74e55155a method=POST path=/lingxi/v1/sessions/sess_local_alpha/execute status=409
2026-09-30T02:44:33.113812Z  INFO lingxi_service: request handled request_id=req-8ba035972bb01f6750b9e9e97fb7971e method=POST path=/lingxi/v1/sessions/sess_local_alpha/execute status=409
2026-09-30T02:44:33.113827Z  INFO lingxi_service::sessions: normal submission to a busy session rejected (session_busy; retryable) session_id="sess_local_alpha"
2026-09-30T02:44:33.113980Z  INFO lingxi_service: request handled request_id=req-c23ba15c9380c1c35c2b9fe43850b198 method=POST path=/lingxi/v1/sessions/sess_local_alpha/execute status=409
2026-09-30T02:44:33.114001Z  INFO lingxi_service::sessions: normal submission to a busy session rejected (session_busy; retryable) session_id="sess_local_alpha"
2026-09-30T02:44:33.114014Z  INFO lingxi_service::sessions: normal submission to a busy session rejected (session_busy; retryable) session_id="sess_local_alpha"
2026-09-30T02:44:33.114009Z  INFO lingxi_service::sessions: run settled through the single finalize path run_id=run_000001a0f0330ed9_000035 session_id="sess_local_alpha" outcome=completed.no_final.no_provider_configured input_chars=17 input_bytes=17
2026-09-30T02:44:33.114073Z  INFO lingxi_service: request handled request_id=req-0c37184919773eb1c8f702425c568c14 method=POST path=/lingxi/v1/sessions/sess_local_alpha/execute status=409
2026-09-30T02:44:33.114113Z  INFO lingxi_service: request handled request_id=req-f62881365139b23bd6cee08984f09741 method=POST path=/lingxi/v1/sessions/sess_local_alpha/execute status=409
2026-09-30T02:44:33.114166Z  INFO lingxi_service: request handled request_id=req-e1e155f2bbb9d266d509fffc265b6912 method=POST path=/lingxi/v1/sessions/sess_local_alpha/execute status=200
2026-09-30T02:44:33.114885Z  INFO lingxi_service::sessions: normal submission to a busy session rejected (session_busy; retryable) session_id="sess_local_alpha"
2026-09-30T02:44:33.114912Z  INFO lingxi_service::sessions: normal submission to a busy session rejected (session_busy; retryable) session_id="sess_local_alpha"
2026-09-30T02:44:33.114962Z  INFO lingxi_service: request handled request_id=req-2950d6c886108199292bb21ff29203a8 method=POST path=/lingxi/v1/sessions/sess_local_alpha/execute status=409
2026-09-30T02:44:33.114983Z  INFO lingxi_service: request handled request_id=req-c283746e549761f8cd8c37986ab423d8 method=POST path=/lingxi/v1/sessions/sess_local_alpha/execute status=409
2026-09-30T02:44:33.115138Z  INFO lingxi_service::sessions: run settled through the single finalize path run_id=run_000001a0f0330eda_000036 session_id="sess_local_alpha" outcome=completed.no_final.no_provider_configured input_chars=17 input_bytes=17
2026-09-30T02:44:33.115249Z  INFO lingxi_service: request handled request_id=req-4f89c7a67df6d838861856ae052d2e00 method=POST path=/lingxi/v1/sessions/sess_local_alpha/execute status=200
2026-09-30T02:44:33.115712Z  INFO lingxi_service::sessions: normal submission to a busy session rejected (session_busy; retryable) session_id="sess_local_alpha"
2026-09-30T02:44:33.115795Z  INFO lingxi_service: request handled request_id=req-e53a7576a8413b4f3faa5bf2f8e07df7 method=POST path=/lingxi/v1/sessions/sess_local_alpha/execute status=409
2026-09-30T02:44:33.115892Z  INFO lingxi_service::sessions: normal submission to a busy session rejected (session_busy; retryable) session_id="sess_local_alpha"
2026-09-30T02:44:33.115887Z  INFO lingxi_service::sessions: run settled through the single finalize path run_id=run_000001a0f0330edb_000037 session_id="sess_local_alpha" outcome=completed.no_final.no_provider_configured input_chars=17 input_bytes=17
2026-09-30T02:44:33.115906Z  INFO lingxi_service::sessions: normal submission to a busy session rejected (session_busy; retryable) session_id="sess_local_alpha"
2026-09-30T02:44:33.115979Z  INFO lingxi_service: request handled request_id=req-da01e8f7854d2bcea4ab1a38f70d8e0a method=POST path=/lingxi/v1/sessions/sess_local_alpha/execute status=409
2026-09-30T02:44:33.116057Z  INFO lingxi_service: request handled request_id=req-6eda0b1b4214870aabc342efb0038a21 method=POST path=/lingxi/v1/sessions/sess_local_alpha/execute status=200
2026-09-30T02:44:33.116061Z  INFO lingxi_service: request handled request_id=req-144dc5b79f207dd960563d7bc741bf7f method=POST path=/lingxi/v1/sessions/sess_local_alpha/execute status=409
2026-09-30T02:44:33.116384Z  INFO lingxi_service::sessions: normal submission to a busy session rejected (session_busy; retryable) session_id="sess_local_alpha"
2026-09-30T02:44:33.116392Z  INFO lingxi_service::sessions: normal submission to a busy session rejected (session_busy; retryable) session_id="sess_local_alpha"
2026-09-30T02:44:33.116468Z  INFO lingxi_service: request handled request_id=req-e5396b3e9f981a0262f85b43ce4dbd6f method=POST path=/lingxi/v1/sessions/sess_local_alpha/execute status=409
2026-09-30T02:44:33.116487Z  INFO lingxi_service: request handled request_id=req-33a9588e7ce9c628dcaf6a24e8dd8a06 method=POST path=/lingxi/v1/sessions/sess_local_alpha/execute status=409
2026-09-30T02:44:33.116636Z  INFO lingxi_service::sessions: run settled through the single finalize path run_id=run_000001a0f0330edc_000038 session_id="sess_local_alpha" outcome=completed.no_final.no_provider_configured input_chars=17 input_bytes=17
2026-09-30T02:44:33.116751Z  INFO lingxi_service: request handled request_id=req-687e4d7b2876eb9d84dfe3d15b8095f6 method=POST path=/lingxi/v1/sessions/sess_local_alpha/execute status=200
2026-09-30T02:44:33.117350Z  INFO lingxi_service::sessions: normal submission to a busy session rejected (session_busy; retryable) session_id="sess_local_alpha"
2026-09-30T02:44:33.117444Z  INFO lingxi_service: request handled request_id=req-62a4fc5be8f0110b930badc798c72e35 method=POST path=/lingxi/v1/sessions/sess_local_alpha/execute status=409
2026-09-30T02:44:33.117647Z  INFO lingxi_service::sessions: normal submission to a busy session rejected (session_busy; retryable) session_id="sess_local_alpha"
2026-09-30T02:44:33.117660Z  INFO lingxi_service::sessions: normal submission to a busy session rejected (session_busy; retryable) session_id="sess_local_alpha"
2026-09-30T02:44:33.117648Z  INFO lingxi_service::sessions: run settled through the single finalize path run_id=run_000001a0f0330edd_000039 session_id="sess_local_alpha" outcome=completed.no_final.no_provider_configured input_chars=17 input_bytes=17
2026-09-30T02:44:33.117674Z  INFO lingxi_service::sessions: normal submission to a busy session rejected (session_busy; retryable) session_id="sess_local_alpha"
2026-09-30T02:44:33.117722Z  INFO lingxi_service: request handled request_id=req-b4cc3757482a7c9f9dbd187a37dd1a0c method=POST path=/lingxi/v1/sessions/sess_local_alpha/execute status=409
2026-09-30T02:44:33.117689Z  INFO lingxi_service::sessions: normal submission to a busy session rejected (session_busy; retryable) session_id="sess_local_alpha"
2026-09-30T02:44:33.117755Z  INFO lingxi_service: request handled request_id=req-03e4742a917529802253a05884c330cb method=POST path=/lingxi/v1/sessions/sess_local_alpha/execute status=409
2026-09-30T02:44:33.117808Z  INFO lingxi_service: request handled request_id=req-9f8d2dd844c549b313ccf7926aaebaef method=POST path=/lingxi/v1/sessions/sess_local_alpha/execute status=409
2026-09-30T02:44:33.117828Z  INFO lingxi_service: request handled request_id=req-28780607b587f676653df0d24b4864da method=POST path=/lingxi/v1/sessions/sess_local_alpha/execute status=200
2026-09-30T02:44:33.117846Z  INFO lingxi_service: request handled request_id=req-39c6afc20bef893db3efac22457e071a method=POST path=/lingxi/v1/sessions/sess_local_alpha/execute status=409
2026-09-30T02:44:33.117901Z  INFO lingxi_service::sessions: normal submission to a busy session rejected (session_busy; retryable) session_id="sess_local_alpha"
2026-09-30T02:44:33.117974Z  INFO lingxi_service: request handled request_id=req-1c6412d49cbad9f8e197823e071ad652 method=POST path=/lingxi/v1/sessions/sess_local_alpha/execute status=409
2026-09-30T02:44:33.118363Z  INFO lingxi_service::sessions: run settled through the single finalize path run_id=run_000001a0f0330edd_00003a session_id="sess_local_alpha" outcome=completed.no_final.no_provider_configured input_chars=17 input_bytes=17
2026-09-30T02:44:33.118472Z  INFO lingxi_service: request handled request_id=req-2a800c4eabfb25c00d9c7e3ab0168c37 method=POST path=/lingxi/v1/sessions/sess_local_alpha/execute status=200
2026-09-30T02:44:33.119435Z  INFO lingxi_service::sessions: normal submission to a busy session rejected (session_busy; retryable) session_id="sess_local_alpha"
2026-09-30T02:44:33.119512Z  INFO lingxi_service: request handled request_id=req-9dbe9d2f53cb553642f794cd154f7696 method=POST path=/lingxi/v1/sessions/sess_local_alpha/execute status=409
2026-09-30T02:44:33.119543Z  INFO lingxi_service::sessions: normal submission to a busy session rejected (session_busy; retryable) session_id="sess_local_alpha"
2026-09-30T02:44:33.119625Z  INFO lingxi_service: request handled request_id=req-b96d1ceab97355bfbee47e2972e79a21 method=POST path=/lingxi/v1/sessions/sess_local_alpha/execute status=409
2026-09-30T02:44:33.119667Z  INFO lingxi_service::sessions: run settled through the single finalize path run_id=run_000001a0f0330edf_00003b session_id="sess_local_alpha" outcome=completed.no_final.no_provider_configured input_chars=17 input_bytes=17
2026-09-30T02:44:33.119779Z  INFO lingxi_service: request handled request_id=req-35f2294abbf7464f5940bfcbca0324b3 method=POST path=/lingxi/v1/sessions/sess_local_alpha/execute status=200
2026-09-30T02:44:33.120133Z  INFO lingxi_service::sessions: normal submission to a busy session rejected (session_busy; retryable) session_id="sess_local_alpha"
2026-09-30T02:44:33.120201Z  INFO lingxi_service: request handled request_id=req-28e9f9110a4ac4cffb910cd542371c8e method=POST path=/lingxi/v1/sessions/sess_local_alpha/execute status=409
2026-09-30T02:44:33.120295Z  INFO lingxi_service::sessions: normal submission to a busy session rejected (session_busy; retryable) session_id="sess_local_alpha"
2026-09-30T02:44:33.120289Z  INFO lingxi_service::sessions: run settled through the single finalize path run_id=run_000001a0f0330edf_00003c session_id="sess_local_alpha" outcome=completed.no_final.no_provider_configured input_chars=17 input_bytes=17
2026-09-30T02:44:33.120385Z  INFO lingxi_service: request handled request_id=req-fcfc0422202ed6c3aecb9bd943432cef method=POST path=/lingxi/v1/sessions/sess_local_alpha/execute status=409
2026-09-30T02:44:33.120427Z  INFO lingxi_service: request handled request_id=req-65992d86ff78c729518a87d24a0b2d44 method=POST path=/lingxi/v1/sessions/sess_local_alpha/execute status=200
2026-09-30T02:44:33.120818Z  INFO lingxi_service::sessions: normal submission to a busy session rejected (session_busy; retryable) session_id="sess_local_alpha"
2026-09-30T02:44:33.120898Z  INFO lingxi_service::sessions: normal submission to a busy session rejected (session_busy; retryable) session_id="sess_local_alpha"
2026-09-30T02:44:33.120919Z  INFO lingxi_service::sessions: normal submission to a busy session rejected (session_busy; retryable) session_id="sess_local_alpha"
2026-09-30T02:44:33.120906Z  INFO lingxi_service: request handled request_id=req-59b48bb872405ce6a8d5ff16098c250e method=POST path=/lingxi/v1/sessions/sess_local_alpha/execute status=409
2026-09-30T02:44:33.120988Z  INFO lingxi_service: request handled request_id=req-a3630f0fab35cbe05aa8fd2db8bb7030 method=POST path=/lingxi/v1/sessions/sess_local_alpha/execute status=409
2026-09-30T02:44:33.120999Z  INFO lingxi_service: request handled request_id=req-f43c701dc008aeae16c7ddf01b1f4787 method=POST path=/lingxi/v1/sessions/sess_local_alpha/execute status=409
2026-09-30T02:44:33.121087Z  INFO lingxi_service::sessions: run settled through the single finalize path run_id=run_000001a0f0330ee0_00003d session_id="sess_local_alpha" outcome=completed.no_final.no_provider_configured input_chars=17 input_bytes=17
2026-09-30T02:44:33.121231Z  INFO lingxi_service: request handled request_id=req-1867408011b16d7bed173560a8e2b410 method=POST path=/lingxi/v1/sessions/sess_local_alpha/execute status=200
2026-09-30T02:44:33.121702Z  INFO lingxi_service::sessions: run settled through the single finalize path run_id=run_000001a0f0330ee1_00003e session_id="sess_local_alpha" outcome=completed.no_final.no_provider_configured input_chars=17 input_bytes=17
2026-09-30T02:44:33.121827Z  INFO lingxi_service: request handled request_id=req-2cefae9f03736ce6ea608f2654a74eb5 method=POST path=/lingxi/v1/sessions/sess_local_alpha/execute status=200
2026-09-30T02:44:33.122178Z  INFO lingxi_service::sessions: normal submission to a busy session rejected (session_busy; retryable) session_id="sess_local_alpha"
2026-09-30T02:44:33.122194Z  INFO lingxi_service::sessions: normal submission to a busy session rejected (session_busy; retryable) session_id="sess_local_alpha"
2026-09-30T02:44:33.122265Z  INFO lingxi_service: request handled request_id=req-bbf974e9727a861be3872891238cbcbc method=POST path=/lingxi/v1/sessions/sess_local_alpha/execute status=409
2026-09-30T02:44:33.122331Z  INFO lingxi_service: request handled request_id=req-7d9eccd5124b9f03cbfda908abdcbd53 method=POST path=/lingxi/v1/sessions/sess_local_alpha/execute status=409
2026-09-30T02:44:33.122510Z  INFO lingxi_service::sessions: normal submission to a busy session rejected (session_busy; retryable) session_id="sess_local_alpha"
2026-09-30T02:44:33.122497Z  INFO lingxi_service::sessions: run settled through the single finalize path run_id=run_000001a0f0330ee1_00003f session_id="sess_local_alpha" outcome=completed.no_final.no_provider_configured input_chars=17 input_bytes=17
2026-09-30T02:44:33.122516Z  INFO lingxi_service::sessions: normal submission to a busy session rejected (session_busy; retryable) session_id="sess_local_alpha"
2026-09-30T02:44:33.122595Z  INFO lingxi_service: request handled request_id=req-5786a6599e4b886a8f7a5564931462f2 method=POST path=/lingxi/v1/sessions/sess_local_alpha/execute status=409
2026-09-30T02:44:33.122654Z  INFO lingxi_service: request handled request_id=req-f1661fdaa392f3c0d9567474d8cb94c2 method=POST path=/lingxi/v1/sessions/sess_local_alpha/execute status=200
2026-09-30T02:44:33.122654Z  INFO lingxi_service: request handled request_id=req-fb5e6c10974178cac49629efb5a03977 method=POST path=/lingxi/v1/sessions/sess_local_alpha/execute status=409
2026-09-30T02:44:33.122874Z  INFO lingxi_service::sessions: normal submission to a busy session rejected (session_busy; retryable) session_id="sess_local_alpha"
2026-09-30T02:44:33.122943Z  INFO lingxi_service: request handled request_id=req-d08d511cc04b5e1c010e6473fb69e9c5 method=POST path=/lingxi/v1/sessions/sess_local_alpha/execute status=409
2026-09-30T02:44:33.122979Z  INFO lingxi_service::sessions: normal submission to a busy session rejected (session_busy; retryable) session_id="sess_local_alpha"
2026-09-30T02:44:33.123045Z  INFO lingxi_service: request handled request_id=req-dd0412a39705092cf703354385158650 method=POST path=/lingxi/v1/sessions/sess_local_alpha/execute status=409
2026-09-30T02:44:33.123113Z  INFO lingxi_service::sessions: run settled through the single finalize path run_id=run_000001a0f0330ee2_000040 session_id="sess_local_alpha" outcome=completed.no_final.no_provider_configured input_chars=17 input_bytes=17
2026-09-30T02:44:33.123221Z  INFO lingxi_service: request handled request_id=req-aba410b6e147a186fd4a5a4ca03f9cbc method=POST path=/lingxi/v1/sessions/sess_local_alpha/execute status=200
2026-09-30T02:44:33.124004Z  INFO lingxi_service::sessions: normal submission to a busy session rejected (session_busy; retryable) session_id="sess_local_alpha"
2026-09-30T02:44:33.124005Z  INFO lingxi_service::sessions: normal submission to a busy session rejected (session_busy; retryable) session_id="sess_local_alpha"
2026-09-30T02:44:33.124083Z  INFO lingxi_service: request handled request_id=req-d99c070941beedb93886beba3505ff43 method=POST path=/lingxi/v1/sessions/sess_local_alpha/execute status=409
2026-09-30T02:44:33.124100Z  INFO lingxi_service: request handled request_id=req-73c54d6a1a8fe53e4eb18ecbf7a0f0cc method=POST path=/lingxi/v1/sessions/sess_local_alpha/execute status=409
2026-09-30T02:44:33.124112Z  INFO lingxi_service::sessions: normal submission to a busy session rejected (session_busy; retryable) session_id="sess_local_alpha"
2026-09-30T02:44:33.124131Z  INFO lingxi_service::sessions: normal submission to a busy session rejected (session_busy; retryable) session_id="sess_local_alpha"
2026-09-30T02:44:33.124192Z  INFO lingxi_service: request handled request_id=req-3256c15393acee743d9230b5872cd0f9 method=POST path=/lingxi/v1/sessions/sess_local_alpha/execute status=409
2026-09-30T02:44:33.124209Z  INFO lingxi_service: request handled request_id=req-96b5b379abb0e3dbda8e210d6304b15f method=POST path=/lingxi/v1/sessions/sess_local_alpha/execute status=409
2026-09-30T02:44:33.124268Z  INFO lingxi_service::sessions: run settled through the single finalize path run_id=run_000001a0f0330ee3_000041 session_id="sess_local_alpha" outcome=completed.no_final.no_provider_configured input_chars=17 input_bytes=17
2026-09-30T02:44:33.124392Z  INFO lingxi_service: request handled request_id=req-3b6dbee7c7347cfd2130c55f9f327342 method=POST path=/lingxi/v1/sessions/sess_local_alpha/execute status=200
2026-09-30T02:44:33.125443Z  INFO lingxi_service::sessions: normal submission to a busy session rejected (session_busy; retryable) session_id="sess_local_alpha"
2026-09-30T02:44:33.125541Z  INFO lingxi_service: request handled request_id=req-845523f0316c23b79eb5c70266843673 method=POST path=/lingxi/v1/sessions/sess_local_alpha/execute status=409
2026-09-30T02:44:33.125772Z  INFO lingxi_service::sessions: normal submission to a busy session rejected (session_busy; retryable) session_id="sess_local_alpha"
2026-09-30T02:44:33.125767Z  INFO lingxi_service::sessions: run settled through the single finalize path run_id=run_000001a0f0330ee5_000042 session_id="sess_local_alpha" outcome=completed.no_final.no_provider_configured input_chars=17 input_bytes=17
2026-09-30T02:44:33.125813Z  INFO lingxi_service::sessions: normal submission to a busy session rejected (session_busy; retryable) session_id="sess_local_alpha"
2026-09-30T02:44:33.125851Z  INFO lingxi_service: request handled request_id=req-bab160022fa3180edc36917f69ecde44 method=POST path=/lingxi/v1/sessions/sess_local_alpha/execute status=409
2026-09-30T02:44:33.125885Z  INFO lingxi_service: request handled request_id=req-5fca261d52efcd0d90a3b55175209e47 method=POST path=/lingxi/v1/sessions/sess_local_alpha/execute status=200
2026-09-30T02:44:33.125903Z  INFO lingxi_service: request handled request_id=req-93f942e7fadcb267529b1afa9047c992 method=POST path=/lingxi/v1/sessions/sess_local_alpha/execute status=409
2026-09-30T02:44:33.126377Z  INFO lingxi_service::sessions: normal submission to a busy session rejected (session_busy; retryable) session_id="sess_local_alpha"
2026-09-30T02:44:33.126375Z  INFO lingxi_service::sessions: run settled through the single finalize path run_id=run_000001a0f0330ee5_000043 session_id="sess_local_alpha" outcome=completed.no_final.no_provider_configured input_chars=17 input_bytes=17
2026-09-30T02:44:33.126395Z  INFO lingxi_service::sessions: normal submission to a busy session rejected (session_busy; retryable) session_id="sess_local_alpha"
2026-09-30T02:44:33.126455Z  INFO lingxi_service: request handled request_id=req-a817be97df357c3f46fb841d3013aee0 method=POST path=/lingxi/v1/sessions/sess_local_alpha/execute status=409
2026-09-30T02:44:33.126483Z  INFO lingxi_service: request handled request_id=req-333883c9d124cfe988f3652fcfecbf1b method=POST path=/lingxi/v1/sessions/sess_local_alpha/execute status=409
2026-09-30T02:44:33.126505Z  INFO lingxi_service: request handled request_id=req-a7721f812b81978b32642c7abcb00927 method=POST path=/lingxi/v1/sessions/sess_local_alpha/execute status=200
2026-09-30T02:44:33.126552Z  INFO lingxi_service::sessions: normal submission to a busy session rejected (session_busy; retryable) session_id="sess_local_alpha"
2026-09-30T02:44:33.126638Z  INFO lingxi_service: request handled request_id=req-179390e48e8f19a4f95ba6193abe6a85 method=POST path=/lingxi/v1/sessions/sess_local_alpha/execute status=409
2026-09-30T02:44:33.127068Z  INFO lingxi_service::sessions: run settled through the single finalize path run_id=run_000001a0f0330ee6_000044 session_id="sess_local_alpha" outcome=completed.no_final.no_provider_configured input_chars=17 input_bytes=17
2026-09-30T02:44:33.127183Z  INFO lingxi_service: request handled request_id=req-437f3f883dcb2c916429648bc4249076 method=POST path=/lingxi/v1/sessions/sess_local_alpha/execute status=200
2026-09-30T02:44:33.127488Z  INFO lingxi_service::sessions: normal submission to a busy session rejected (session_busy; retryable) session_id="sess_local_alpha"
2026-09-30T02:44:33.127494Z  INFO lingxi_service::sessions: normal submission to a busy session rejected (session_busy; retryable) session_id="sess_local_alpha"
2026-09-30T02:44:33.127496Z  INFO lingxi_service::sessions: normal submission to a busy session rejected (session_busy; retryable) session_id="sess_local_alpha"
2026-09-30T02:44:33.127575Z  INFO lingxi_service: request handled request_id=req-3b37ceb0ed99438fa38fb5149d13aee8 method=POST path=/lingxi/v1/sessions/sess_local_alpha/execute status=409
2026-09-30T02:44:33.127593Z  INFO lingxi_service: request handled request_id=req-89ef2fb6ba00f63340008f9f215b8150 method=POST path=/lingxi/v1/sessions/sess_local_alpha/execute status=409
2026-09-30T02:44:33.127606Z  INFO lingxi_service: request handled request_id=req-132bf82d492c51791b87c35632704424 method=POST path=/lingxi/v1/sessions/sess_local_alpha/execute status=409
2026-09-30T02:44:33.127599Z  INFO lingxi_service::sessions: normal submission to a busy session rejected (session_busy; retryable) session_id="sess_local_alpha"
2026-09-30T02:44:33.127701Z  INFO lingxi_service: request handled request_id=req-9ea81c8c9c2f22eacbb113d69cc917cd method=POST path=/lingxi/v1/sessions/sess_local_alpha/execute status=409
2026-09-30T02:44:33.127797Z  INFO lingxi_service::sessions: run settled through the single finalize path run_id=run_000001a0f0330ee7_000045 session_id="sess_local_alpha" outcome=completed.no_final.no_provider_configured input_chars=17 input_bytes=17
2026-09-30T02:44:33.127908Z  INFO lingxi_service: request handled request_id=req-7cebd44baf76556d797f9b22157160a9 method=POST path=/lingxi/v1/sessions/sess_local_alpha/execute status=200
2026-09-30T02:44:33.128451Z  INFO lingxi_service::sessions: normal submission to a busy session rejected (session_busy; retryable) session_id="sess_local_alpha"
2026-09-30T02:44:33.128521Z  INFO lingxi_service: request handled request_id=req-3746bcca941c841ed3ca0119792539ae method=POST path=/lingxi/v1/sessions/sess_local_alpha/execute status=409
2026-09-30T02:44:33.128596Z  INFO lingxi_service::sessions: normal submission to a busy session rejected (session_busy; retryable) session_id="sess_local_alpha"
2026-09-30T02:44:33.128584Z  INFO lingxi_service::sessions: run settled through the single finalize path run_id=run_000001a0f0330ee8_000046 session_id="sess_local_alpha" outcome=completed.no_final.no_provider_configured input_chars=17 input_bytes=17
2026-09-30T02:44:33.128674Z  INFO lingxi_service: request handled request_id=req-bb40dbf3ffd569059c403bc0ddc622e7 method=POST path=/lingxi/v1/sessions/sess_local_alpha/execute status=409
2026-09-30T02:44:33.128710Z  INFO lingxi_service: request handled request_id=req-d1fc81e6697048cdbc4cdf6f8dcff341 method=POST path=/lingxi/v1/sessions/sess_local_alpha/execute status=200
2026-09-30T02:44:33.129261Z  INFO lingxi_service::sessions: normal submission to a busy session rejected (session_busy; retryable) session_id="sess_local_alpha"
2026-09-30T02:44:33.129249Z  INFO lingxi_service::sessions: run settled through the single finalize path run_id=run_000001a0f0330ee8_000047 session_id="sess_local_alpha" outcome=completed.no_final.no_provider_configured input_chars=17 input_bytes=17
2026-09-30T02:44:33.129373Z  INFO lingxi_service: request handled request_id=req-5c7324245b78e3b2e1f420382c0cce86 method=POST path=/lingxi/v1/sessions/sess_local_alpha/execute status=409
2026-09-30T02:44:33.129410Z  INFO lingxi_service: request handled request_id=req-3d72842d0aa175c12309bd3ac4ef1aab method=POST path=/lingxi/v1/sessions/sess_local_alpha/execute status=200
2026-09-30T02:44:33.129557Z  INFO lingxi_service::sessions: normal submission to a busy session rejected (session_busy; retryable) session_id="sess_local_alpha"
2026-09-30T02:44:33.129636Z  INFO lingxi_service: request handled request_id=req-d7dcfa7a082fa37097029cfc4e13f76c method=POST path=/lingxi/v1/sessions/sess_local_alpha/execute status=409
2026-09-30T02:44:33.129877Z  INFO lingxi_service::sessions: normal submission to a busy session rejected (session_busy; retryable) session_id="sess_local_alpha"
2026-09-30T02:44:33.129946Z  INFO lingxi_service: request handled request_id=req-76e0e9f1a53cd8e770eb7c26ee65a469 method=POST path=/lingxi/v1/sessions/sess_local_alpha/execute status=409
2026-09-30T02:44:33.130017Z  INFO lingxi_service::sessions: normal submission to a busy session rejected (session_busy; retryable) session_id="sess_local_alpha"
2026-09-30T02:44:33.130020Z  INFO lingxi_service::sessions: normal submission to a busy session rejected (session_busy; retryable) session_id="sess_local_alpha"
2026-09-30T02:44:33.130007Z  INFO lingxi_service::sessions: run settled through the single finalize path run_id=run_000001a0f0330ee9_000048 session_id="sess_local_alpha" outcome=completed.no_final.no_provider_configured input_chars=17 input_bytes=17
2026-09-30T02:44:33.130092Z  INFO lingxi_service: request handled request_id=req-70825fd40530487449581446e7bfb3ca method=POST path=/lingxi/v1/sessions/sess_local_alpha/execute status=409
2026-09-30T02:44:33.130104Z  INFO lingxi_service: request handled request_id=req-40f36e62dd9969e481c815ebdaca988c method=POST path=/lingxi/v1/sessions/sess_local_alpha/execute status=409
2026-09-30T02:44:33.130149Z  INFO lingxi_service: request handled request_id=req-2ed454f2c08b3531c09f71da9ac6021e method=POST path=/lingxi/v1/sessions/sess_local_alpha/execute status=200
2026-09-30T02:44:33.131467Z  INFO lingxi_service::sessions: normal submission to a busy session rejected (session_busy; retryable) session_id="sess_local_alpha"
2026-09-30T02:44:33.131487Z  INFO lingxi_service::sessions: normal submission to a busy session rejected (session_busy; retryable) session_id="sess_local_alpha"
2026-09-30T02:44:33.131477Z  INFO lingxi_service::sessions: normal submission to a busy session rejected (session_busy; retryable) session_id="sess_local_alpha"
2026-09-30T02:44:33.131514Z  INFO lingxi_service::sessions: normal submission to a busy session rejected (session_busy; retryable) session_id="sess_local_alpha"
2026-09-30T02:44:33.131566Z  INFO lingxi_service: request handled request_id=req-75d376c518761c614a82c4b2cf63006e method=POST path=/lingxi/v1/sessions/sess_local_alpha/execute status=409
2026-09-30T02:44:33.131590Z  INFO lingxi_service: request handled request_id=req-47d70a7db6b87945a0ca5a37c45f9536 method=POST path=/lingxi/v1/sessions/sess_local_alpha/execute status=409
2026-09-30T02:44:33.131608Z  INFO lingxi_service: request handled request_id=req-3cc9d638b2309696bf526285cd49d76e method=POST path=/lingxi/v1/sessions/sess_local_alpha/execute status=409
2026-09-30T02:44:33.131627Z  INFO lingxi_service: request handled request_id=req-27a1d64dc89a75d1a841bb4c8f938527 method=POST path=/lingxi/v1/sessions/sess_local_alpha/execute status=409
2026-09-30T02:44:33.131826Z  INFO lingxi_service::sessions: normal submission to a busy session rejected (session_busy; retryable) session_id="sess_local_alpha"
2026-09-30T02:44:33.131823Z  INFO lingxi_service::sessions: run settled through the single finalize path run_id=run_000001a0f0330eeb_000049 session_id="sess_local_alpha" outcome=completed.no_final.no_provider_configured input_chars=17 input_bytes=17
2026-09-30T02:44:33.131904Z  INFO lingxi_service: request handled request_id=req-8098e258c86052d363d235eb7071fcdd method=POST path=/lingxi/v1/sessions/sess_local_alpha/execute status=409
2026-09-30T02:44:33.131942Z  INFO lingxi_service: request handled request_id=req-a93e59ca7aeb1fbf39d3da73e8d41e96 method=POST path=/lingxi/v1/sessions/sess_local_alpha/execute status=200
2026-09-30T02:44:33.132629Z  INFO lingxi_service::sessions: normal submission to a busy session rejected (session_busy; retryable) session_id="sess_local_alpha"
2026-09-30T02:44:33.132708Z  INFO lingxi_service: request handled request_id=req-b559e1979f245990cc6f587913381a80 method=POST path=/lingxi/v1/sessions/sess_local_alpha/execute status=409
2026-09-30T02:44:33.132772Z  INFO lingxi_service::sessions: normal submission to a busy session rejected (session_busy; retryable) session_id="sess_local_alpha"
2026-09-30T02:44:33.132872Z  INFO lingxi_service: request handled request_id=req-c1d586738b6a587bb240225353ff6901 method=POST path=/lingxi/v1/sessions/sess_local_alpha/execute status=409
2026-09-30T02:44:33.132962Z  INFO lingxi_service::sessions: normal submission to a busy session rejected (session_busy; retryable) session_id="sess_local_alpha"
2026-09-30T02:44:33.132959Z  INFO lingxi_service::sessions: run settled through the single finalize path run_id=run_000001a0f0330eec_00004a session_id="sess_local_alpha" outcome=completed.no_final.no_provider_configured input_chars=17 input_bytes=17
2026-09-30T02:44:33.132986Z  INFO lingxi_service::sessions: normal submission to a busy session rejected (session_busy; retryable) session_id="sess_local_alpha"
2026-09-30T02:44:33.133045Z  INFO lingxi_service: request handled request_id=req-2e009b8a10b2eb84a58cb9bdc94129b5 method=POST path=/lingxi/v1/sessions/sess_local_alpha/execute status=409
2026-09-30T02:44:33.133068Z  INFO lingxi_service: request handled request_id=req-4b477e5ad04a80b04eb173423fe1629b method=POST path=/lingxi/v1/sessions/sess_local_alpha/execute status=409
2026-09-30T02:44:33.133089Z  INFO lingxi_service: request handled request_id=req-492f987603dc7b83e3d544e8a6c4ec9a method=POST path=/lingxi/v1/sessions/sess_local_alpha/execute status=200
2026-09-30T02:44:33.133543Z  INFO lingxi_service::sessions: normal submission to a busy session rejected (session_busy; retryable) session_id="sess_local_alpha"
2026-09-30T02:44:33.133618Z  INFO lingxi_service: request handled request_id=req-f8757c3b7d384a9b467d86ae26103c9c method=POST path=/lingxi/v1/sessions/sess_local_alpha/execute status=409
2026-09-30T02:44:33.133729Z  INFO lingxi_service::sessions: normal submission to a busy session rejected (session_busy; retryable) session_id="sess_local_alpha"
2026-09-30T02:44:33.133797Z  INFO lingxi_service: request handled request_id=req-f73d23cd913e26919830b31fc1ca19a5 method=POST path=/lingxi/v1/sessions/sess_local_alpha/execute status=409
2026-09-30T02:44:33.133998Z  INFO lingxi_service::sessions: normal submission to a busy session rejected (session_busy; retryable) session_id="sess_local_alpha"
2026-09-30T02:44:33.133991Z  INFO lingxi_service::sessions: run settled through the single finalize path run_id=run_000001a0f0330eed_00004b session_id="sess_local_alpha" outcome=completed.no_final.no_provider_configured input_chars=17 input_bytes=17
2026-09-30T02:44:33.134069Z  INFO lingxi_service: request handled request_id=req-8f322205cab6b72b29a08f7c1ad6460f method=POST path=/lingxi/v1/sessions/sess_local_alpha/execute status=409
2026-09-30T02:44:33.134105Z  INFO lingxi_service: request handled request_id=req-bf6b517f9671207f6adad0a87854999e method=POST path=/lingxi/v1/sessions/sess_local_alpha/execute status=200
2026-09-30T02:44:33.134777Z  INFO lingxi_service::sessions: normal submission to a busy session rejected (session_busy; retryable) session_id="sess_local_alpha"
2026-09-30T02:44:33.134791Z  INFO lingxi_service::sessions: normal submission to a busy session rejected (session_busy; retryable) session_id="sess_local_alpha"
2026-09-30T02:44:33.134796Z  INFO lingxi_service::sessions: normal submission to a busy session rejected (session_busy; retryable) session_id="sess_local_alpha"
2026-09-30T02:44:33.134888Z  INFO lingxi_service: request handled request_id=req-008c7d2bbaf88eb26231b95a3c504c8a method=POST path=/lingxi/v1/sessions/sess_local_alpha/execute status=409
2026-09-30T02:44:33.134920Z  INFO lingxi_service: request handled request_id=req-71abb500997257af3e22ad5a534d4bfd method=POST path=/lingxi/v1/sessions/sess_local_alpha/execute status=409
2026-09-30T02:44:33.134946Z  INFO lingxi_service: request handled request_id=req-0608e4176bfde8954ffb8c8a2e1859f6 method=POST path=/lingxi/v1/sessions/sess_local_alpha/execute status=409
2026-09-30T02:44:33.135109Z  INFO lingxi_service::sessions: normal submission to a busy session rejected (session_busy; retryable) session_id="sess_local_alpha"
2026-09-30T02:44:33.135124Z  INFO lingxi_service::sessions: normal submission to a busy session rejected (session_busy; retryable) session_id="sess_local_alpha"
2026-09-30T02:44:33.135101Z  INFO lingxi_service::sessions: run settled through the single finalize path run_id=run_000001a0f0330eee_00004c session_id="sess_local_alpha" outcome=completed.no_final.no_provider_configured input_chars=17 input_bytes=17
2026-09-30T02:44:33.135198Z  INFO lingxi_service: request handled request_id=req-64800eb1333cfc51f65254d3f2881375 method=POST path=/lingxi/v1/sessions/sess_local_alpha/execute status=409
2026-09-30T02:44:33.135224Z  INFO lingxi_service: request handled request_id=req-f3136b55f02a9b79f2609a5f2379448c method=POST path=/lingxi/v1/sessions/sess_local_alpha/execute status=409
2026-09-30T02:44:33.135271Z  INFO lingxi_service: request handled request_id=req-8f5581ec9f02635247865eb6cf3712bc method=POST path=/lingxi/v1/sessions/sess_local_alpha/execute status=200
2026-09-30T02:44:33.135601Z  INFO lingxi_service::sessions: normal submission to a busy session rejected (session_busy; retryable) session_id="sess_local_alpha"
2026-09-30T02:44:33.135615Z  INFO lingxi_service::sessions: normal submission to a busy session rejected (session_busy; retryable) session_id="sess_local_alpha"
2026-09-30T02:44:33.135675Z  INFO lingxi_service: request handled request_id=req-3dc63c0afb1138f02e5e1562194cf8f6 method=POST path=/lingxi/v1/sessions/sess_local_alpha/execute status=409
2026-09-30T02:44:33.135702Z  INFO lingxi_service: request handled request_id=req-020521674c4bd8f05c8abd43a19a33e9 method=POST path=/lingxi/v1/sessions/sess_local_alpha/execute status=409
2026-09-30T02:44:33.135853Z  INFO lingxi_service::sessions: run settled through the single finalize path run_id=run_000001a0f0330eef_00004d session_id="sess_local_alpha" outcome=completed.no_final.no_provider_configured input_chars=17 input_bytes=17
2026-09-30T02:44:33.135973Z  INFO lingxi_service: request handled request_id=req-21e41e37cb767162333888badb5a1b9f method=POST path=/lingxi/v1/sessions/sess_local_alpha/execute status=200
2026-09-30T02:44:33.137006Z  INFO lingxi_service::sessions: normal submission to a busy session rejected (session_busy; retryable) session_id="sess_local_alpha"
2026-09-30T02:44:33.137017Z  INFO lingxi_service::sessions: normal submission to a busy session rejected (session_busy; retryable) session_id="sess_local_alpha"
2026-09-30T02:44:33.137119Z  INFO lingxi_service: request handled request_id=req-8d3b2974165aedd1b03625a17015f6da method=POST path=/lingxi/v1/sessions/sess_local_alpha/execute status=409
2026-09-30T02:44:33.137137Z  INFO lingxi_service: request handled request_id=req-ebfe733f64d22d946357214668603fcd method=POST path=/lingxi/v1/sessions/sess_local_alpha/execute status=409
2026-09-30T02:44:33.137149Z  INFO lingxi_service::sessions: normal submission to a busy session rejected (session_busy; retryable) session_id="sess_local_alpha"
2026-09-30T02:44:33.137131Z  INFO lingxi_service::sessions: normal submission to a busy session rejected (session_busy; retryable) session_id="sess_local_alpha"
2026-09-30T02:44:33.137255Z  INFO lingxi_service: request handled request_id=req-e9261d71951d93e71919f7329f770b2e method=POST path=/lingxi/v1/sessions/sess_local_alpha/execute status=409
2026-09-30T02:44:33.137268Z  INFO lingxi_service: request handled request_id=req-002ebf1424a446bb75b6ea7af87f6759 method=POST path=/lingxi/v1/sessions/sess_local_alpha/execute status=409
2026-09-30T02:44:33.137321Z  INFO lingxi_service::sessions: run settled through the single finalize path run_id=run_000001a0f0330ef0_00004e session_id="sess_local_alpha" outcome=completed.no_final.no_provider_configured input_chars=17 input_bytes=17
2026-09-30T02:44:33.137437Z  INFO lingxi_service: request handled request_id=req-a0c1707820a2e5b3a03a3d96c163510c method=POST path=/lingxi/v1/sessions/sess_local_alpha/execute status=200
2026-09-30T02:44:33.138110Z  INFO lingxi_service::sessions: normal submission to a busy session rejected (session_busy; retryable) session_id="sess_local_alpha"
2026-09-30T02:44:33.138136Z  INFO lingxi_service::sessions: normal submission to a busy session rejected (session_busy; retryable) session_id="sess_local_alpha"
2026-09-30T02:44:33.138143Z  INFO lingxi_service::sessions: normal submission to a busy session rejected (session_busy; retryable) session_id="sess_local_alpha"
2026-09-30T02:44:33.138188Z  INFO lingxi_service: request handled request_id=req-b81aee3c87f4c0c08d66088e117642dd method=POST path=/lingxi/v1/sessions/sess_local_alpha/execute status=409
2026-09-30T02:44:33.138215Z  INFO lingxi_service: request handled request_id=req-266bfa5b1198741e78cddb1f4cabb843 method=POST path=/lingxi/v1/sessions/sess_local_alpha/execute status=409
2026-09-30T02:44:33.138246Z  INFO lingxi_service::sessions: normal submission to a busy session rejected (session_busy; retryable) session_id="sess_local_alpha"
2026-09-30T02:44:33.138250Z  INFO lingxi_service: request handled request_id=req-f7dca0b859e4ff32718ce8783390ce36 method=POST path=/lingxi/v1/sessions/sess_local_alpha/execute status=409
2026-09-30T02:44:33.138338Z  INFO lingxi_service: request handled request_id=req-1b3e82b2939658dd8030f68c891d6a5a method=POST path=/lingxi/v1/sessions/sess_local_alpha/execute status=409
2026-09-30T02:44:33.138409Z  INFO lingxi_service::sessions: normal submission to a busy session rejected (session_busy; retryable) session_id="sess_local_alpha"
2026-09-30T02:44:33.138395Z  INFO lingxi_service::sessions: run settled through the single finalize path run_id=run_000001a0f0330ef1_00004f session_id="sess_local_alpha" outcome=completed.no_final.no_provider_configured input_chars=17 input_bytes=17
2026-09-30T02:44:33.138486Z  INFO lingxi_service: request handled request_id=req-f8cd50f45931b9bf1dbdc634cc701082 method=POST path=/lingxi/v1/sessions/sess_local_alpha/execute status=409
2026-09-30T02:44:33.138523Z  INFO lingxi_service: request handled request_id=req-788c3d3d6ff85285bc83878dd6d23d0c method=POST path=/lingxi/v1/sessions/sess_local_alpha/execute status=200
2026-09-30T02:44:33.139404Z  INFO lingxi_service::sessions: normal submission to a busy session rejected (session_busy; retryable) session_id="sess_local_alpha"
2026-09-30T02:44:33.139397Z  INFO lingxi_service::sessions: run settled through the single finalize path run_id=run_000001a0f0330ef2_000050 session_id="sess_local_alpha" outcome=completed.no_final.no_provider_configured input_chars=17 input_bytes=17
2026-09-30T02:44:33.139480Z  INFO lingxi_service: request handled request_id=req-6b9bbd71f98276aa6e48530581ee6460 method=POST path=/lingxi/v1/sessions/sess_local_alpha/execute status=409
2026-09-30T02:44:33.139527Z  INFO lingxi_service: request handled request_id=req-8b09f043f0a873567e118635c7db0ae4 method=POST path=/lingxi/v1/sessions/sess_local_alpha/execute status=200
2026-09-30T02:44:33.140151Z  INFO lingxi_service::sessions: normal submission to a busy session rejected (session_busy; retryable) session_id="sess_local_alpha"
2026-09-30T02:44:33.140149Z  INFO lingxi_service::sessions: run settled through the single finalize path run_id=run_000001a0f0330ef3_000051 session_id="sess_local_alpha" outcome=completed.no_final.no_provider_configured input_chars=17 input_bytes=17
2026-09-30T02:44:33.140229Z  INFO lingxi_service: request handled request_id=req-eb64c74d33ba04ec8521f1a7d8d2e9b3 method=POST path=/lingxi/v1/sessions/sess_local_alpha/execute status=409
2026-09-30T02:44:33.140274Z  INFO lingxi_service: request handled request_id=req-ef0bcf85aa61a939562d635212857d01 method=POST path=/lingxi/v1/sessions/sess_local_alpha/execute status=200
2026-09-30T02:44:33.140513Z  INFO lingxi_service::sessions: normal submission to a busy session rejected (session_busy; retryable) session_id="sess_local_alpha"
2026-09-30T02:44:33.140586Z  INFO lingxi_service: request handled request_id=req-0f176429c7e4387bc490b577fbd0f8f4 method=POST path=/lingxi/v1/sessions/sess_local_alpha/execute status=409
2026-09-30T02:44:33.140762Z  INFO lingxi_service::sessions: normal submission to a busy session rejected (session_busy; retryable) session_id="sess_local_alpha"
2026-09-30T02:44:33.140869Z  INFO lingxi_service: request handled request_id=req-155ee2c1bb5c68c6b74e97bbe9f56ffd method=POST path=/lingxi/v1/sessions/sess_local_alpha/execute status=409
2026-09-30T02:44:33.141063Z  INFO lingxi_service::sessions: normal submission to a busy session rejected (session_busy; retryable) session_id="sess_local_alpha"
2026-09-30T02:44:33.141070Z  INFO lingxi_service::sessions: normal submission to a busy session rejected (session_busy; retryable) session_id="sess_local_alpha"
2026-09-30T02:44:33.141083Z  INFO lingxi_service::sessions: normal submission to a busy session rejected (session_busy; retryable) session_id="sess_local_alpha"
2026-09-30T02:44:33.141072Z  INFO lingxi_service::sessions: run settled through the single finalize path run_id=run_000001a0f0330ef4_000052 session_id="sess_local_alpha" outcome=completed.no_final.no_provider_configured input_chars=17 input_bytes=17
2026-09-30T02:44:33.141104Z  INFO lingxi_service::sessions: normal submission to a busy session rejected (session_busy; retryable) session_id="sess_local_alpha"
2026-09-30T02:44:33.141142Z  INFO lingxi_service: request handled request_id=req-6feffc5692fcbd6d60b1dcc859fd1abd method=POST path=/lingxi/v1/sessions/sess_local_alpha/execute status=409
2026-09-30T02:44:33.141174Z  INFO lingxi_service: request handled request_id=req-b3510b22fd9790b369c1c523d9ab582d method=POST path=/lingxi/v1/sessions/sess_local_alpha/execute status=409
2026-09-30T02:44:33.141180Z  INFO lingxi_service: request handled request_id=req-f874de7462687ec1692f513ba919dea5 method=POST path=/lingxi/v1/sessions/sess_local_alpha/execute status=409
2026-09-30T02:44:33.141244Z  INFO lingxi_service: request handled request_id=req-8a036fb5a3f6a7076e098555641b00c3 method=POST path=/lingxi/v1/sessions/sess_local_alpha/execute status=409
2026-09-30T02:44:33.141259Z  INFO lingxi_service: request handled request_id=req-08171df3e097ac02773fa05748b437b6 method=POST path=/lingxi/v1/sessions/sess_local_alpha/execute status=200
2026-09-30T02:44:33.141501Z  INFO lingxi_service::sessions: normal submission to a busy session rejected (session_busy; retryable) session_id="sess_local_alpha"
2026-09-30T02:44:33.141589Z  INFO lingxi_service: request handled request_id=req-47d5ff258360356bfa9d8daca7b05ace method=POST path=/lingxi/v1/sessions/sess_local_alpha/execute status=409
2026-09-30T02:44:33.141757Z  INFO lingxi_service::sessions: run settled through the single finalize path run_id=run_000001a0f0330ef5_000053 session_id="sess_local_alpha" outcome=completed.no_final.no_provider_configured input_chars=17 input_bytes=17
2026-09-30T02:44:33.141866Z  INFO lingxi_service: request handled request_id=req-affc5fb19b0cc3edee82f22997d26def method=POST path=/lingxi/v1/sessions/sess_local_alpha/execute status=200
2026-09-30T02:44:33.142759Z  INFO lingxi_service::sessions: normal submission to a busy session rejected (session_busy; retryable) session_id="sess_local_alpha"
2026-09-30T02:44:33.142775Z  INFO lingxi_service::sessions: normal submission to a busy session rejected (session_busy; retryable) session_id="sess_local_alpha"
2026-09-30T02:44:33.142835Z  INFO lingxi_service: request handled request_id=req-ffffdeaed3b6dd541c5109ab8ee1e208 method=POST path=/lingxi/v1/sessions/sess_local_alpha/execute status=409
2026-09-30T02:44:33.142869Z  INFO lingxi_service: request handled request_id=req-dceb403ad4f81a7ea6096cccc318add5 method=POST path=/lingxi/v1/sessions/sess_local_alpha/execute status=409
2026-09-30T02:44:33.143038Z  INFO lingxi_service::sessions: run settled through the single finalize path run_id=run_000001a0f0330ef6_000054 session_id="sess_local_alpha" outcome=completed.no_final.no_provider_configured input_chars=17 input_bytes=17
2026-09-30T02:44:33.143096Z  INFO lingxi_service::sessions: normal submission to a busy session rejected (session_busy; retryable) session_id="sess_local_alpha"
2026-09-30T02:44:33.143176Z  INFO lingxi_service: request handled request_id=req-edddce3d253ab2dd6ed0a5b45eb8c011 method=POST path=/lingxi/v1/sessions/sess_local_alpha/execute status=200
2026-09-30T02:44:33.143182Z  INFO lingxi_service: request handled request_id=req-ef5da242c93605b17ac82c8b59e14984 method=POST path=/lingxi/v1/sessions/sess_local_alpha/execute status=409
2026-09-30T02:44:33.143392Z  INFO lingxi_service::sessions: normal submission to a busy session rejected (session_busy; retryable) session_id="sess_local_alpha"
2026-09-30T02:44:33.143466Z  INFO lingxi_service: request handled request_id=req-f328f20f542fec813794a2d1e6106ecc method=POST path=/lingxi/v1/sessions/sess_local_alpha/execute status=409
2026-09-30T02:44:33.143617Z  INFO lingxi_service::sessions: run settled through the single finalize path run_id=run_000001a0f0330ef7_000055 session_id="sess_local_alpha" outcome=completed.no_final.no_provider_configured input_chars=17 input_bytes=17
2026-09-30T02:44:33.143728Z  INFO lingxi_service: request handled request_id=req-3ea75e4c9a9212765f124753f13bca57 method=POST path=/lingxi/v1/sessions/sess_local_alpha/execute status=200
2026-09-30T02:44:33.144396Z  INFO lingxi_service::sessions: normal submission to a busy session rejected (session_busy; retryable) session_id="sess_local_alpha"
2026-09-30T02:44:33.144400Z  INFO lingxi_service::sessions: run settled through the single finalize path run_id=run_000001a0f0330ef7_000056 session_id="sess_local_alpha" outcome=completed.no_final.no_provider_configured input_chars=17 input_bytes=17
2026-09-30T02:44:33.144513Z  INFO lingxi_service: request handled request_id=req-fb6014f454d4c5a11dd183f92be30449 method=POST path=/lingxi/v1/sessions/sess_local_alpha/execute status=409
2026-09-30T02:44:33.144530Z  INFO lingxi_service: request handled request_id=req-f058b125e99d5f44cbbca79ce1a33634 method=POST path=/lingxi/v1/sessions/sess_local_alpha/execute status=200
2026-09-30T02:44:33.144802Z  INFO lingxi_service::sessions: normal submission to a busy session rejected (session_busy; retryable) session_id="sess_local_alpha"
2026-09-30T02:44:33.144889Z  INFO lingxi_service: request handled request_id=req-9de773bffa9d1e6b5fdd88d520d24671 method=POST path=/lingxi/v1/sessions/sess_local_alpha/execute status=409
2026-09-30T02:44:33.145061Z  INFO lingxi_service::sessions: run settled through the single finalize path run_id=run_000001a0f0330ef8_000057 session_id="sess_local_alpha" outcome=completed.no_final.no_provider_configured input_chars=17 input_bytes=17
2026-09-30T02:44:33.145113Z  INFO lingxi_service::sessions: normal submission to a busy session rejected (session_busy; retryable) session_id="sess_local_alpha"
2026-09-30T02:44:33.145178Z  INFO lingxi_service: request handled request_id=req-a130906b99cf004cf2412fdb60b5c517 method=POST path=/lingxi/v1/sessions/sess_local_alpha/execute status=200
2026-09-30T02:44:33.145186Z  INFO lingxi_service: request handled request_id=req-860fa20b3e7fb9720fa126d03bcfee24 method=POST path=/lingxi/v1/sessions/sess_local_alpha/execute status=409
2026-09-30T02:44:33.145219Z  INFO lingxi_service::sessions: normal submission to a busy session rejected (session_busy; retryable) session_id="sess_local_alpha"
2026-09-30T02:44:33.145289Z  INFO lingxi_service: request handled request_id=req-ac862fd4659b4b766ef5a1ff120be584 method=POST path=/lingxi/v1/sessions/sess_local_alpha/execute status=409
2026-09-30T02:44:33.145759Z  INFO lingxi_service::sessions: run settled through the single finalize path run_id=run_000001a0f0330ef9_000058 session_id="sess_local_alpha" outcome=completed.no_final.no_provider_configured input_chars=17 input_bytes=17
2026-09-30T02:44:33.145799Z  INFO lingxi_service::sessions: normal submission to a busy session rejected (session_busy; retryable) session_id="sess_local_alpha"
2026-09-30T02:44:33.145916Z  INFO lingxi_service: request handled request_id=req-a6db102cfb4f18aebc4a67235ba21601 method=POST path=/lingxi/v1/sessions/sess_local_alpha/execute status=409
2026-09-30T02:44:33.145918Z  INFO lingxi_service: request handled request_id=req-f729a3fca49bf169cb3726b3313aec33 method=POST path=/lingxi/v1/sessions/sess_local_alpha/execute status=200
2026-09-30T02:44:33.146040Z  INFO lingxi_service::sessions: normal submission to a busy session rejected (session_busy; retryable) session_id="sess_local_alpha"
2026-09-30T02:44:33.146122Z  INFO lingxi_service: request handled request_id=req-46c712564e7e4bc125504722e60f2fa8 method=POST path=/lingxi/v1/sessions/sess_local_alpha/execute status=409
2026-09-30T02:44:33.146300Z  INFO lingxi_service::sessions: normal submission to a busy session rejected (session_busy; retryable) session_id="sess_local_alpha"
2026-09-30T02:44:33.146392Z  INFO lingxi_service: request handled request_id=req-fc2b3e83e46fa7d8223cf5e3ae7dc29f method=POST path=/lingxi/v1/sessions/sess_local_alpha/execute status=409
2026-09-30T02:44:33.146420Z  INFO lingxi_service::sessions: normal submission to a busy session rejected (session_busy; retryable) session_id="sess_local_alpha"
2026-09-30T02:44:33.146514Z  INFO lingxi_service: request handled request_id=req-1dd3373e251652337d96cc4c8e290701 method=POST path=/lingxi/v1/sessions/sess_local_alpha/execute status=409
2026-09-30T02:44:33.146587Z  INFO lingxi_service::sessions: normal submission to a busy session rejected (session_busy; retryable) session_id="sess_local_alpha"
2026-09-30T02:44:33.146585Z  INFO lingxi_service::sessions: run settled through the single finalize path run_id=run_000001a0f0330ef9_000059 session_id="sess_local_alpha" outcome=completed.no_final.no_provider_configured input_chars=17 input_bytes=17
2026-09-30T02:44:33.146678Z  INFO lingxi_service: request handled request_id=req-b713c503ff877b02747fc29256df18e5 method=POST path=/lingxi/v1/sessions/sess_local_alpha/execute status=409
2026-09-30T02:44:33.146746Z  INFO lingxi_service: request handled request_id=req-d3a5212c619bdf46b9b66160286dac25 method=POST path=/lingxi/v1/sessions/sess_local_alpha/execute status=200
2026-09-30T02:44:33.146916Z  INFO lingxi_service::sessions: normal submission to a busy session rejected (session_busy; retryable) session_id="sess_local_alpha"
2026-09-30T02:44:33.146981Z  INFO lingxi_service: request handled request_id=req-a446cf0a9ed7ecb568331786278db4d2 method=POST path=/lingxi/v1/sessions/sess_local_alpha/execute status=409
2026-09-30T02:44:33.147109Z  INFO lingxi_service::sessions: normal submission to a busy session rejected (session_busy; retryable) session_id="sess_local_alpha"
2026-09-30T02:44:33.147185Z  INFO lingxi_service: request handled request_id=req-c305c6e341499ef20831c99cab85a8a7 method=POST path=/lingxi/v1/sessions/sess_local_alpha/execute status=409
2026-09-30T02:44:33.147411Z  INFO lingxi_service::sessions: normal submission to a busy session rejected (session_busy; retryable) session_id="sess_local_alpha"
2026-09-30T02:44:33.147399Z  INFO lingxi_service::sessions: run settled through the single finalize path run_id=run_000001a0f0330efa_00005a session_id="sess_local_alpha" outcome=completed.no_final.no_provider_configured input_chars=17 input_bytes=17
2026-09-30T02:44:33.147470Z  INFO lingxi_service::sessions: normal submission to a busy session rejected (session_busy; retryable) session_id="sess_local_alpha"
2026-09-30T02:44:33.147505Z  INFO lingxi_service: request handled request_id=req-c465b14b12cbed529c9d4571a9e2b82c method=POST path=/lingxi/v1/sessions/sess_local_alpha/execute status=409
2026-09-30T02:44:33.147546Z  INFO lingxi_service: request handled request_id=req-43b19ba92f3b44cd6b5cca3062fe7868 method=POST path=/lingxi/v1/sessions/sess_local_alpha/execute status=409
2026-09-30T02:44:33.147560Z  INFO lingxi_service: request handled request_id=req-35dc364b222c6602a9d2bc9c377f0fae method=POST path=/lingxi/v1/sessions/sess_local_alpha/execute status=200
2026-09-30T02:44:33.148523Z  INFO lingxi_service::sessions: normal submission to a busy session rejected (session_busy; retryable) session_id="sess_local_alpha"
2026-09-30T02:44:33.148533Z  INFO lingxi_service::sessions: normal submission to a busy session rejected (session_busy; retryable) session_id="sess_local_alpha"
2026-09-30T02:44:33.148620Z  INFO lingxi_service: request handled request_id=req-7ad9134fcb6cc0d2b3d1773c79665d45 method=POST path=/lingxi/v1/sessions/sess_local_alpha/execute status=409
2026-09-30T02:44:33.148628Z  INFO lingxi_service::sessions: normal submission to a busy session rejected (session_busy; retryable) session_id="sess_local_alpha"
2026-09-30T02:44:33.148642Z  INFO lingxi_service: request handled request_id=req-3e66253d672b7ae1ded3b18f35f81797 method=POST path=/lingxi/v1/sessions/sess_local_alpha/execute status=409
2026-09-30T02:44:33.148758Z  INFO lingxi_service: request handled request_id=req-732a4453f8307602ddad0c73bf241201 method=POST path=/lingxi/v1/sessions/sess_local_alpha/execute status=409
2026-09-30T02:44:33.148825Z  INFO lingxi_service::sessions: normal submission to a busy session rejected (session_busy; retryable) session_id="sess_local_alpha"
2026-09-30T02:44:33.148817Z  INFO lingxi_service::sessions: run settled through the single finalize path run_id=run_000001a0f0330efc_00005b session_id="sess_local_alpha" outcome=completed.no_final.no_provider_configured input_chars=17 input_bytes=17
2026-09-30T02:44:33.148895Z  INFO lingxi_service: request handled request_id=req-711f6d5ec0e8709eadf6836d3466eec3 method=POST path=/lingxi/v1/sessions/sess_local_alpha/execute status=409
2026-09-30T02:44:33.148933Z  INFO lingxi_service: request handled request_id=req-2cfb58417f2744a50e00e2383ac5aa18 method=POST path=/lingxi/v1/sessions/sess_local_alpha/execute status=200
2026-09-30T02:44:33.149590Z  INFO lingxi_service::sessions: normal submission to a busy session rejected (session_busy; retryable) session_id="sess_local_alpha"
2026-09-30T02:44:33.149674Z  INFO lingxi_service: request handled request_id=req-f95320a7013bc88b88f9cc8d30a60081 method=POST path=/lingxi/v1/sessions/sess_local_alpha/execute status=409
2026-09-30T02:44:33.149791Z  INFO lingxi_service::sessions: normal submission to a busy session rejected (session_busy; retryable) session_id="sess_local_alpha"
2026-09-30T02:44:33.149800Z  INFO lingxi_service::sessions: normal submission to a busy session rejected (session_busy; retryable) session_id="sess_local_alpha"
2026-09-30T02:44:33.149907Z  INFO lingxi_service: request handled request_id=req-93c5fd3c870dba6400a8b9ab1be79d94 method=POST path=/lingxi/v1/sessions/sess_local_alpha/execute status=409
2026-09-30T02:44:33.149916Z  INFO lingxi_service: request handled request_id=req-30d5e936be25c44cc95c63a99139b015 method=POST path=/lingxi/v1/sessions/sess_local_alpha/execute status=409
2026-09-30T02:44:33.150109Z  INFO lingxi_service::sessions: normal submission to a busy session rejected (session_busy; retryable) session_id="sess_local_alpha"
2026-09-30T02:44:33.150104Z  INFO lingxi_service::sessions: run settled through the single finalize path run_id=run_000001a0f0330efd_00005c session_id="sess_local_alpha" outcome=completed.no_final.no_provider_configured input_chars=17 input_bytes=17
2026-09-30T02:44:33.150184Z  INFO lingxi_service: request handled request_id=req-f45b2c6a2b80feedd9be448ac03f11d0 method=POST path=/lingxi/v1/sessions/sess_local_alpha/execute status=409
2026-09-30T02:44:33.150225Z  INFO lingxi_service: request handled request_id=req-88eb92832815dcbd9537b0930f9dc4a9 method=POST path=/lingxi/v1/sessions/sess_local_alpha/execute status=200
2026-09-30T02:44:33.150634Z  INFO lingxi_service::sessions: normal submission to a busy session rejected (session_busy; retryable) session_id="sess_local_alpha"
2026-09-30T02:44:33.150712Z  INFO lingxi_service: request handled request_id=req-dad65492d9d412ceb96fdb2152936b27 method=POST path=/lingxi/v1/sessions/sess_local_alpha/execute status=409
2026-09-30T02:44:33.150872Z  INFO lingxi_service::sessions: run settled through the single finalize path run_id=run_000001a0f0330efe_00005d session_id="sess_local_alpha" outcome=completed.no_final.no_provider_configured input_chars=17 input_bytes=17
2026-09-30T02:44:33.150959Z  INFO lingxi_service::sessions: normal submission to a busy session rejected (session_busy; retryable) session_id="sess_local_alpha"
2026-09-30T02:44:33.150985Z  INFO lingxi_service: request handled request_id=req-768e36a71315ede782038db08464e7ef method=POST path=/lingxi/v1/sessions/sess_local_alpha/execute status=200
2026-09-30T02:44:33.151040Z  INFO lingxi_service: request handled request_id=req-ed0978524b7a6aa097182e5c8bb8a24d method=POST path=/lingxi/v1/sessions/sess_local_alpha/execute status=409
2026-09-30T02:44:33.151361Z  INFO lingxi_service::sessions: normal submission to a busy session rejected (session_busy; retryable) session_id="sess_local_alpha"
2026-09-30T02:44:33.151386Z  INFO lingxi_service::sessions: normal submission to a busy session rejected (session_busy; retryable) session_id="sess_local_alpha"
2026-09-30T02:44:33.151444Z  INFO lingxi_service: request handled request_id=req-9f5669c898fd9fcb7b8c9cbcedb31265 method=POST path=/lingxi/v1/sessions/sess_local_alpha/execute status=409
2026-09-30T02:44:33.151490Z  INFO lingxi_service: request handled request_id=req-595281637b53878f3717f2d93be860d7 method=POST path=/lingxi/v1/sessions/sess_local_alpha/execute status=409
2026-09-30T02:44:33.151547Z  INFO lingxi_service::sessions: run settled through the single finalize path run_id=run_000001a0f0330eff_00005e session_id="sess_local_alpha" outcome=completed.no_final.no_provider_configured input_chars=17 input_bytes=17
2026-09-30T02:44:33.151678Z  INFO lingxi_service: request handled request_id=req-705ea47b0888222d9f89543fab9592a6 method=POST path=/lingxi/v1/sessions/sess_local_alpha/execute status=200
2026-09-30T02:44:33.152376Z  INFO lingxi_service::sessions: normal submission to a busy session rejected (session_busy; retryable) session_id="sess_local_alpha"
2026-09-30T02:44:33.152393Z  INFO lingxi_service::sessions: normal submission to a busy session rejected (session_busy; retryable) session_id="sess_local_alpha"
2026-09-30T02:44:33.152454Z  INFO lingxi_service: request handled request_id=req-dab5b1e3eebd38bb112a7a355f1ce035 method=POST path=/lingxi/v1/sessions/sess_local_alpha/execute status=409
2026-09-30T02:44:33.152467Z  INFO lingxi_service: request handled request_id=req-035bbf623bbdd7606b4680bd0e812c60 method=POST path=/lingxi/v1/sessions/sess_local_alpha/execute status=409
2026-09-30T02:44:33.152570Z  INFO lingxi_service::sessions: normal submission to a busy session rejected (session_busy; retryable) session_id="sess_local_alpha"
2026-09-30T02:44:33.152559Z  INFO lingxi_service::sessions: run settled through the single finalize path run_id=run_000001a0f0330eff_00005f session_id="sess_local_alpha" outcome=completed.no_final.no_provider_configured input_chars=17 input_bytes=17
2026-09-30T02:44:33.152620Z  INFO lingxi_service::sessions: normal submission to a busy session rejected (session_busy; retryable) session_id="sess_local_alpha"
2026-09-30T02:44:33.152655Z  INFO lingxi_service: request handled request_id=req-84fd581daf4f8e078aba33ace99eb767 method=POST path=/lingxi/v1/sessions/sess_local_alpha/execute status=409
2026-09-30T02:44:33.152683Z  INFO lingxi_service::sessions: normal submission to a busy session rejected (session_busy; retryable) session_id="sess_local_alpha"
2026-09-30T02:44:33.152708Z  INFO lingxi_service: request handled request_id=req-e18549d19b25a8135b90eed49d866c0c method=POST path=/lingxi/v1/sessions/sess_local_alpha/execute status=409
2026-09-30T02:44:33.152720Z  INFO lingxi_service: request handled request_id=req-07717631c168cb12b2b17ca21fe784d8 method=POST path=/lingxi/v1/sessions/sess_local_alpha/execute status=200
2026-09-30T02:44:33.152757Z  INFO lingxi_service: request handled request_id=req-68085534250b8fb61117e4499c1027b2 method=POST path=/lingxi/v1/sessions/sess_local_alpha/execute status=409
2026-09-30T02:44:33.152952Z  INFO lingxi_service::sessions: normal submission to a busy session rejected (session_busy; retryable) session_id="sess_local_alpha"
2026-09-30T02:44:33.153028Z  INFO lingxi_service: request handled request_id=req-882e8ac3d62e479e9a964167faf301c9 method=POST path=/lingxi/v1/sessions/sess_local_alpha/execute status=409
2026-09-30T02:44:33.153383Z  INFO lingxi_service::sessions: run settled through the single finalize path run_id=run_000001a0f0330f00_000060 session_id="sess_local_alpha" outcome=completed.no_final.no_provider_configured input_chars=17 input_bytes=17
2026-09-30T02:44:33.153492Z  INFO lingxi_service: request handled request_id=req-a986bd4878446025118d49ee915a1957 method=POST path=/lingxi/v1/sessions/sess_local_alpha/execute status=200
2026-09-30T02:44:33.154476Z  INFO lingxi_service::sessions: normal submission to a busy session rejected (session_busy; retryable) session_id="sess_local_alpha"
2026-09-30T02:44:33.154512Z  INFO lingxi_service::sessions: normal submission to a busy session rejected (session_busy; retryable) session_id="sess_local_alpha"
2026-09-30T02:44:33.154554Z  INFO lingxi_service: request handled request_id=req-9f9e3657e7ce5a989229a59dcc9cdd50 method=POST path=/lingxi/v1/sessions/sess_local_alpha/execute status=409
2026-09-30T02:44:33.154595Z  INFO lingxi_service: request handled request_id=req-c76bd5647f6cba303a1a1b7201dcaf8f method=POST path=/lingxi/v1/sessions/sess_local_alpha/execute status=409
2026-09-30T02:44:33.154673Z  INFO lingxi_service::sessions: normal submission to a busy session rejected (session_busy; retryable) session_id="sess_local_alpha"
2026-09-30T02:44:33.154760Z  INFO lingxi_service: request handled request_id=req-5211b21d692e265f4cfbadfe5822d06b method=POST path=/lingxi/v1/sessions/sess_local_alpha/execute status=409
2026-09-30T02:44:33.154884Z  INFO lingxi_service::sessions: normal submission to a busy session rejected (session_busy; retryable) session_id="sess_local_alpha"
2026-09-30T02:44:33.154881Z  INFO lingxi_service::sessions: run settled through the single finalize path run_id=run_000001a0f0330f02_000061 session_id="sess_local_alpha" outcome=completed.no_final.no_provider_configured input_chars=17 input_bytes=17
2026-09-30T02:44:33.154956Z  INFO lingxi_service: request handled request_id=req-ba49fed671ef3dc5eab1b643ef3d4c3f method=POST path=/lingxi/v1/sessions/sess_local_alpha/execute status=409
2026-09-30T02:44:33.155025Z  INFO lingxi_service: request handled request_id=req-501e58a8780fa0130c6fea4f85e34241 method=POST path=/lingxi/v1/sessions/sess_local_alpha/execute status=200
2026-09-30T02:44:33.155641Z  INFO lingxi_service::sessions: normal submission to a busy session rejected (session_busy; retryable) session_id="sess_local_alpha"
2026-09-30T02:44:33.155644Z  INFO lingxi_service::sessions: normal submission to a busy session rejected (session_busy; retryable) session_id="sess_local_alpha"
2026-09-30T02:44:33.155652Z  INFO lingxi_service::sessions: normal submission to a busy session rejected (session_busy; retryable) session_id="sess_local_alpha"
2026-09-30T02:44:33.155727Z  INFO lingxi_service: request handled request_id=req-5dd174b1c6f7a5a0b723921ad1971d5c method=POST path=/lingxi/v1/sessions/sess_local_alpha/execute status=409
2026-09-30T02:44:33.155750Z  INFO lingxi_service: request handled request_id=req-235b6fc01b777ffa038dec7733017592 method=POST path=/lingxi/v1/sessions/sess_local_alpha/execute status=409
2026-09-30T02:44:33.155758Z  INFO lingxi_service: request handled request_id=req-cf44da3da4d6a98666dc62b805cfed32 method=POST path=/lingxi/v1/sessions/sess_local_alpha/execute status=409
2026-09-30T02:44:33.155963Z  INFO lingxi_service::sessions: normal submission to a busy session rejected (session_busy; retryable) session_id="sess_local_alpha"
2026-09-30T02:44:33.155957Z  INFO lingxi_service::sessions: run settled through the single finalize path run_id=run_000001a0f0330f03_000062 session_id="sess_local_alpha" outcome=completed.no_final.no_provider_configured input_chars=17 input_bytes=17
2026-09-30T02:44:33.156050Z  INFO lingxi_service::sessions: normal submission to a busy session rejected (session_busy; retryable) session_id="sess_local_alpha"
2026-09-30T02:44:33.156057Z  INFO lingxi_service: request handled request_id=req-756cb5bb085119d755c98e5b32be33b3 method=POST path=/lingxi/v1/sessions/sess_local_alpha/execute status=409
2026-09-30T02:44:33.156089Z  INFO lingxi_service: request handled request_id=req-9b33090d7970b40f3a8d42423b0375cf method=POST path=/lingxi/v1/sessions/sess_local_alpha/execute status=200
2026-09-30T02:44:33.156121Z  INFO lingxi_service: request handled request_id=req-7ddf881e8ceb3e2b2620117c1522fd9b method=POST path=/lingxi/v1/sessions/sess_local_alpha/execute status=409
2026-09-30T02:44:33.156660Z  INFO lingxi_service::sessions: run settled through the single finalize path run_id=run_000001a0f0330f04_000063 session_id="sess_local_alpha" outcome=completed.no_final.no_provider_configured input_chars=17 input_bytes=17
2026-09-30T02:44:33.156772Z  INFO lingxi_service: request handled request_id=req-91ce38a9b0fb9797170e72d20dda4779 method=POST path=/lingxi/v1/sessions/sess_local_alpha/execute status=200
2026-09-30T02:44:33.157076Z  INFO lingxi_service::sessions: normal submission to a busy session rejected (session_busy; retryable) session_id="sess_local_alpha"
2026-09-30T02:44:33.157149Z  INFO lingxi_service: request handled request_id=req-8ce1ccb9356eae55d0ed048f0698ba3f method=POST path=/lingxi/v1/sessions/sess_local_alpha/execute status=409
2026-09-30T02:44:33.157329Z  INFO lingxi_service::sessions: run settled through the single finalize path run_id=run_000001a0f0330f04_000064 session_id="sess_local_alpha" outcome=completed.no_final.no_provider_configured input_chars=17 input_bytes=17
2026-09-30T02:44:33.157342Z  INFO lingxi_service::sessions: normal submission to a busy session rejected (session_busy; retryable) session_id="sess_local_alpha"
2026-09-30T02:44:33.157459Z  INFO lingxi_service: request handled request_id=req-746cfd1756c53ac194404cf9dac5c5f2 method=POST path=/lingxi/v1/sessions/sess_local_alpha/execute status=200
2026-09-30T02:44:33.157465Z  INFO lingxi_service: request handled request_id=req-3e918705f0b3f122b939b01925386f4b method=POST path=/lingxi/v1/sessions/sess_local_alpha/execute status=409
2026-09-30T02:44:33.157884Z  INFO lingxi_service::sessions: normal submission to a busy session rejected (session_busy; retryable) session_id="sess_local_alpha"
2026-09-30T02:44:33.157957Z  INFO lingxi_service: request handled request_id=req-501148f939154f83eb41f53f528adbd3 method=POST path=/lingxi/v1/sessions/sess_local_alpha/execute status=409
2026-09-30T02:44:33.158028Z  INFO lingxi_service::sessions: normal submission to a busy session rejected (session_busy; retryable) session_id="sess_local_alpha"
2026-09-30T02:44:33.158025Z  INFO lingxi_service::sessions: run settled through the single finalize path run_id=run_000001a0f0330f05_000065 session_id="sess_local_alpha" outcome=completed.no_final.no_provider_configured input_chars=17 input_bytes=17
2026-09-30T02:44:33.158100Z  INFO lingxi_service: request handled request_id=req-d17f255ab8810db13da5b236ab2e7b7d method=POST path=/lingxi/v1/sessions/sess_local_alpha/execute status=409
2026-09-30T02:44:33.158145Z  INFO lingxi_service: request handled request_id=req-90e105963f0c6649226c199b3e2ea5b4 method=POST path=/lingxi/v1/sessions/sess_local_alpha/execute status=200
2026-09-30T02:44:33.158781Z  INFO lingxi_service::sessions: normal submission to a busy session rejected (session_busy; retryable) session_id="sess_local_alpha"
2026-09-30T02:44:33.158778Z  INFO lingxi_service::sessions: run settled through the single finalize path run_id=run_000001a0f0330f06_000066 session_id="sess_local_alpha" outcome=completed.no_final.no_provider_configured input_chars=17 input_bytes=17
2026-09-30T02:44:33.158854Z  INFO lingxi_service: request handled request_id=req-4a6979ecdb12c1d365b4d28c54afe224 method=POST path=/lingxi/v1/sessions/sess_local_alpha/execute status=409
2026-09-30T02:44:33.158915Z  INFO lingxi_service: request handled request_id=req-061835cc010ba784f80870d466c458bf method=POST path=/lingxi/v1/sessions/sess_local_alpha/execute status=200
2026-09-30T02:44:33.159133Z  INFO lingxi_service::sessions: normal submission to a busy session rejected (session_busy; retryable) session_id="sess_local_alpha"
2026-09-30T02:44:33.159149Z  INFO lingxi_service::sessions: normal submission to a busy session rejected (session_busy; retryable) session_id="sess_local_alpha"
2026-09-30T02:44:33.159155Z  INFO lingxi_service::sessions: normal submission to a busy session rejected (session_busy; retryable) session_id="sess_local_alpha"
2026-09-30T02:44:33.159227Z  INFO lingxi_service: request handled request_id=req-b951a7444eceb92fa3031b30ad453fcf method=POST path=/lingxi/v1/sessions/sess_local_alpha/execute status=409
2026-09-30T02:44:33.159240Z  INFO lingxi_service: request handled request_id=req-a227d4bba53a105bbbcac4dedd019bea method=POST path=/lingxi/v1/sessions/sess_local_alpha/execute status=409
2026-09-30T02:44:33.159282Z  INFO lingxi_service: request handled request_id=req-8fdb34641802896b177f9dafb8c8d584 method=POST path=/lingxi/v1/sessions/sess_local_alpha/execute status=409
2026-09-30T02:44:33.159464Z  INFO lingxi_service::sessions: run settled through the single finalize path run_id=run_000001a0f0330f06_000067 session_id="sess_local_alpha" outcome=completed.no_final.no_provider_configured input_chars=17 input_bytes=17
2026-09-30T02:44:33.159583Z  INFO lingxi_service: request handled request_id=req-17018a823a9e46cd6bcc9f75860fca87 method=POST path=/lingxi/v1/sessions/sess_local_alpha/execute status=200
2026-09-30T02:44:33.160335Z  INFO lingxi_service::sessions: normal submission to a busy session rejected (session_busy; retryable) session_id="sess_local_alpha"
2026-09-30T02:44:33.160409Z  INFO lingxi_service: request handled request_id=req-6a72bdda84cffdfb2cf38652ffae9b52 method=POST path=/lingxi/v1/sessions/sess_local_alpha/execute status=409
2026-09-30T02:44:33.160552Z  INFO lingxi_service::sessions: normal submission to a busy session rejected (session_busy; retryable) session_id="sess_local_alpha"
2026-09-30T02:44:33.160628Z  INFO lingxi_service: request handled request_id=req-d01c7617bf67050c71c1a66c4fc197a6 method=POST path=/lingxi/v1/sessions/sess_local_alpha/execute status=409
2026-09-30T02:44:33.160654Z  INFO lingxi_service::sessions: normal submission to a busy session rejected (session_busy; retryable) session_id="sess_local_alpha"
2026-09-30T02:44:33.160727Z  INFO lingxi_service: request handled request_id=req-10f435aaf26434cbbd578844a91adf13 method=POST path=/lingxi/v1/sessions/sess_local_alpha/execute status=409
2026-09-30T02:44:33.160802Z  INFO lingxi_service::sessions: run settled through the single finalize path run_id=run_000001a0f0330f08_000068 session_id="sess_local_alpha" outcome=completed.no_final.no_provider_configured input_chars=17 input_bytes=17
2026-09-30T02:44:33.160943Z  INFO lingxi_service: request handled request_id=req-2a24e808aa3b70a8901f13c7a08de264 method=POST path=/lingxi/v1/sessions/sess_local_alpha/execute status=200
2026-09-30T02:44:33.161556Z  INFO lingxi_service::sessions: normal submission to a busy session rejected (session_busy; retryable) session_id="sess_local_alpha"
2026-09-30T02:44:33.161570Z  INFO lingxi_service::sessions: normal submission to a busy session rejected (session_busy; retryable) session_id="sess_local_alpha"
2026-09-30T02:44:33.161580Z  INFO lingxi_service::sessions: normal submission to a busy session rejected (session_busy; retryable) session_id="sess_local_alpha"
2026-09-30T02:44:33.161637Z  INFO lingxi_service: request handled request_id=req-3e2d1c48f2f3e99cd3a52f4825782a3d method=POST path=/lingxi/v1/sessions/sess_local_alpha/execute status=409
2026-09-30T02:44:33.161676Z  INFO lingxi_service: request handled request_id=req-77a1e1632c844953dd20a2b8040969b0 method=POST path=/lingxi/v1/sessions/sess_local_alpha/execute status=409
2026-09-30T02:44:33.161693Z  INFO lingxi_service: request handled request_id=req-9d351c2434522861e5e969328eeb7e6d method=POST path=/lingxi/v1/sessions/sess_local_alpha/execute status=409
2026-09-30T02:44:33.162275Z  INFO lingxi_service::sessions: normal submission to a busy session rejected (session_busy; retryable) session_id="sess_local_alpha"
2026-09-30T02:44:33.162288Z  INFO lingxi_service::sessions: normal submission to a busy session rejected (session_busy; retryable) session_id="sess_local_alpha"
2026-09-30T02:44:33.162298Z  INFO lingxi_service::sessions: normal submission to a busy session rejected (session_busy; retryable) session_id="sess_local_alpha"
2026-09-30T02:44:33.162272Z  INFO lingxi_service::sessions: run settled through the single finalize path run_id=run_000001a0f0330f09_000069 session_id="sess_local_alpha" outcome=completed.no_final.no_provider_configured input_chars=17 input_bytes=17
2026-09-30T02:44:33.162347Z  INFO lingxi_service: request handled request_id=req-86af75b62d6e4174ec32d7564efd0e82 method=POST path=/lingxi/v1/sessions/sess_local_alpha/execute status=409
2026-09-30T02:44:33.162367Z  INFO lingxi_service: request handled request_id=req-fee60fe372746beec37cf81b8ff30e0e method=POST path=/lingxi/v1/sessions/sess_local_alpha/execute status=409
2026-09-30T02:44:33.162395Z  INFO lingxi_service: request handled request_id=req-5919557d4c26e412de7f645fc1e28f29 method=POST path=/lingxi/v1/sessions/sess_local_alpha/execute status=409
2026-09-30T02:44:33.162447Z  INFO lingxi_service: request handled request_id=req-62f3ad2b31a7f1bbf6dbdaf366ba0b4f method=POST path=/lingxi/v1/sessions/sess_local_alpha/execute status=200
2026-09-30T02:44:33.163000Z  INFO lingxi_service::sessions: run settled through the single finalize path run_id=run_000001a0f0330f0a_00006a session_id="sess_local_alpha" outcome=completed.no_final.no_provider_configured input_chars=17 input_bytes=17
2026-09-30T02:44:33.163097Z  INFO lingxi_service::sessions: normal submission to a busy session rejected (session_busy; retryable) session_id="sess_local_alpha"
2026-09-30T02:44:33.163125Z  INFO lingxi_service: request handled request_id=req-0710f5e3650a0a08f6ee0138e9b88615 method=POST path=/lingxi/v1/sessions/sess_local_alpha/execute status=200
2026-09-30T02:44:33.163165Z  INFO lingxi_service: request handled request_id=req-9273612891a79e5a1a965bde199c6b71 method=POST path=/lingxi/v1/sessions/sess_local_alpha/execute status=409
2026-09-30T02:44:33.163749Z  INFO lingxi_service::sessions: normal submission to a busy session rejected (session_busy; retryable) session_id="sess_local_alpha"
2026-09-30T02:44:33.163769Z  INFO lingxi_service::sessions: normal submission to a busy session rejected (session_busy; retryable) session_id="sess_local_alpha"
2026-09-30T02:44:33.163824Z  INFO lingxi_service: request handled request_id=req-3e0f349924ae1a7b851927cbb7dfd197 method=POST path=/lingxi/v1/sessions/sess_local_alpha/execute status=409
2026-09-30T02:44:33.163867Z  INFO lingxi_service: request handled request_id=req-cbb562ae122c34ad9a95399bcb71d37e method=POST path=/lingxi/v1/sessions/sess_local_alpha/execute status=409
2026-09-30T02:44:33.164056Z  INFO lingxi_service::sessions: normal submission to a busy session rejected (session_busy; retryable) session_id="sess_local_alpha"
2026-09-30T02:44:33.164050Z  INFO lingxi_service::sessions: run settled through the single finalize path run_id=run_000001a0f0330f0b_00006b session_id="sess_local_alpha" outcome=completed.no_final.no_provider_configured input_chars=17 input_bytes=17
2026-09-30T02:44:33.164149Z  INFO lingxi_service: request handled request_id=req-27720f7e64d08c467edeb7337317b714 method=POST path=/lingxi/v1/sessions/sess_local_alpha/execute status=409
2026-09-30T02:44:33.164179Z  INFO lingxi_service: request handled request_id=req-ba9a9673f9d3a0ed43246b3ebe42891b method=POST path=/lingxi/v1/sessions/sess_local_alpha/execute status=200
2026-09-30T02:44:33.164338Z  INFO lingxi_service::sessions: normal submission to a busy session rejected (session_busy; retryable) session_id="sess_local_alpha"
2026-09-30T02:44:33.164422Z  INFO lingxi_service: request handled request_id=req-813aa7d4f68b66c01184d21fa48b160d method=POST path=/lingxi/v1/sessions/sess_local_alpha/execute status=409
2026-09-30T02:44:33.164546Z  INFO lingxi_service::sessions: normal submission to a busy session rejected (session_busy; retryable) session_id="sess_local_alpha"
2026-09-30T02:44:33.164570Z  INFO lingxi_service::sessions: normal submission to a busy session rejected (session_busy; retryable) session_id="sess_local_alpha"
2026-09-30T02:44:33.164626Z  INFO lingxi_service: request handled request_id=req-6f8f6246623bdea26844e6afe0154f13 method=POST path=/lingxi/v1/sessions/sess_local_alpha/execute status=409
2026-09-30T02:44:33.164653Z  INFO lingxi_service: request handled request_id=req-de40d635558f334f1d3aea12ca07d50d method=POST path=/lingxi/v1/sessions/sess_local_alpha/execute status=409
2026-09-30T02:44:33.164815Z  INFO lingxi_service::sessions: run settled through the single finalize path run_id=run_000001a0f0330f0c_00006c session_id="sess_local_alpha" outcome=completed.no_final.no_provider_configured input_chars=17 input_bytes=17
2026-09-30T02:44:33.164924Z  INFO lingxi_service: request handled request_id=req-460856ccdc5eb4bd7a55bdc27f7a4681 method=POST path=/lingxi/v1/sessions/sess_local_alpha/execute status=200
2026-09-30T02:44:33.165401Z  INFO lingxi_service::sessions: normal submission to a busy session rejected (session_busy; retryable) session_id="sess_local_alpha"
2026-09-30T02:44:33.165407Z  INFO lingxi_service::sessions: normal submission to a busy session rejected (session_busy; retryable) session_id="sess_local_alpha"
2026-09-30T02:44:33.165473Z  INFO lingxi_service: request handled request_id=req-e5052c7f39431a51580f4ca0c8e02480 method=POST path=/lingxi/v1/sessions/sess_local_alpha/execute status=409
2026-09-30T02:44:33.165486Z  INFO lingxi_service: request handled request_id=req-cd12c8c2965642aff1ba79d6ed426395 method=POST path=/lingxi/v1/sessions/sess_local_alpha/execute status=409
2026-09-30T02:44:33.165535Z  INFO lingxi_service::sessions: run settled through the single finalize path run_id=run_000001a0f0330f0d_00006d session_id="sess_local_alpha" outcome=completed.no_final.no_provider_configured input_chars=17 input_bytes=17
2026-09-30T02:44:33.165640Z  INFO lingxi_service: request handled request_id=req-828fae61b4130d383ae333a109f122bc method=POST path=/lingxi/v1/sessions/sess_local_alpha/execute status=200
2026-09-30T02:44:33.166446Z  INFO lingxi_service::sessions: normal submission to a busy session rejected (session_busy; retryable) session_id="sess_local_alpha"
2026-09-30T02:44:33.166517Z  INFO lingxi_service: request handled request_id=req-5dbc41c4509f2a9f3455636e7b5f3790 method=POST path=/lingxi/v1/sessions/sess_local_alpha/execute status=409
2026-09-30T02:44:33.166677Z  INFO lingxi_service::sessions: normal submission to a busy session rejected (session_busy; retryable) session_id="sess_local_alpha"
2026-09-30T02:44:33.166755Z  INFO lingxi_service: request handled request_id=req-b5178efba3e39d4be10009de627f248d method=POST path=/lingxi/v1/sessions/sess_local_alpha/execute status=409
2026-09-30T02:44:33.166922Z  INFO lingxi_service::sessions: run settled through the single finalize path run_id=run_000001a0f0330f0e_00006e session_id="sess_local_alpha" outcome=completed.no_final.no_provider_configured input_chars=17 input_bytes=17
2026-09-30T02:44:33.167013Z  INFO lingxi_service::sessions: normal submission to a busy session rejected (session_busy; retryable) session_id="sess_local_alpha"
2026-09-30T02:44:33.167059Z  INFO lingxi_service: request handled request_id=req-fb34980b7aac921b18285d2f8cecc5ed method=POST path=/lingxi/v1/sessions/sess_local_alpha/execute status=200
2026-09-30T02:44:33.167087Z  INFO lingxi_service: request handled request_id=req-79a8662514e3983e4f9511a5d1d96a94 method=POST path=/lingxi/v1/sessions/sess_local_alpha/execute status=409
2026-09-30T02:44:33.167313Z  INFO lingxi_service::sessions: normal submission to a busy session rejected (session_busy; retryable) session_id="sess_local_alpha"
2026-09-30T02:44:33.167324Z  INFO lingxi_service::sessions: normal submission to a busy session rejected (session_busy; retryable) session_id="sess_local_alpha"
2026-09-30T02:44:33.167405Z  INFO lingxi_service: request handled request_id=req-13fdb921a859306793ffd5191812961c method=POST path=/lingxi/v1/sessions/sess_local_alpha/execute status=409
2026-09-30T02:44:33.167440Z  INFO lingxi_service: request handled request_id=req-6fbcc8dc902c8b5ebea3c05b806c5781 method=POST path=/lingxi/v1/sessions/sess_local_alpha/execute status=409
2026-09-30T02:44:33.167636Z  INFO lingxi_service::sessions: normal submission to a busy session rejected (session_busy; retryable) session_id="sess_local_alpha"
2026-09-30T02:44:33.167625Z  INFO lingxi_service::sessions: run settled through the single finalize path run_id=run_000001a0f0330f0f_00006f session_id="sess_local_alpha" outcome=completed.no_final.no_provider_configured input_chars=17 input_bytes=17
2026-09-30T02:44:33.167642Z  INFO lingxi_service::sessions: normal submission to a busy session rejected (session_busy; retryable) session_id="sess_local_alpha"
2026-09-30T02:44:33.167737Z  INFO lingxi_service: request handled request_id=req-80fbad4e690398f1070e55b6dbfefdb8 method=POST path=/lingxi/v1/sessions/sess_local_alpha/execute status=409
2026-09-30T02:44:33.167769Z  INFO lingxi_service: request handled request_id=req-ac7c04ab4da5c8ce02a307ca008553c0 method=POST path=/lingxi/v1/sessions/sess_local_alpha/execute status=409
2026-09-30T02:44:33.167776Z  INFO lingxi_service: request handled request_id=req-26c9aaf5d7bb77677bba88c2c0ef9720 method=POST path=/lingxi/v1/sessions/sess_local_alpha/execute status=200
2026-09-30T02:44:33.168129Z  INFO lingxi_service::sessions: normal submission to a busy session rejected (session_busy; retryable) session_id="sess_local_alpha"
2026-09-30T02:44:33.168195Z  INFO lingxi_service: request handled request_id=req-aec297d56fce2aea75b15b162693296a method=POST path=/lingxi/v1/sessions/sess_local_alpha/execute status=409
2026-09-30T02:44:33.168572Z  INFO lingxi_service::sessions: run settled through the single finalize path run_id=run_000001a0f0330f10_000070 session_id="sess_local_alpha" outcome=completed.no_final.no_provider_configured input_chars=17 input_bytes=17
2026-09-30T02:44:33.168692Z  INFO lingxi_service: request handled request_id=req-60a477c5254856b6889ee5633a712351 method=POST path=/lingxi/v1/sessions/sess_local_alpha/execute status=200
2026-09-30T02:44:33.168974Z  INFO lingxi_service::sessions: normal submission to a busy session rejected (session_busy; retryable) session_id="sess_local_alpha"
2026-09-30T02:44:33.169086Z  INFO lingxi_service: request handled request_id=req-3da64318f8e54fd1a0c000d1344faf93 method=POST path=/lingxi/v1/sessions/sess_local_alpha/execute status=409
2026-09-30T02:44:33.169242Z  INFO lingxi_service::sessions: normal submission to a busy session rejected (session_busy; retryable) session_id="sess_local_alpha"
2026-09-30T02:44:33.169261Z  INFO lingxi_service::sessions: normal submission to a busy session rejected (session_busy; retryable) session_id="sess_local_alpha"
2026-09-30T02:44:33.169237Z  INFO lingxi_service::sessions: run settled through the single finalize path run_id=run_000001a0f0330f10_000071 session_id="sess_local_alpha" outcome=completed.no_final.no_provider_configured input_chars=17 input_bytes=17
2026-09-30T02:44:33.169265Z  INFO lingxi_service::sessions: normal submission to a busy session rejected (session_busy; retryable) session_id="sess_local_alpha"
2026-09-30T02:44:33.169328Z  INFO lingxi_service: request handled request_id=req-8097f5b17e0d4d4d00a27fba707842af method=POST path=/lingxi/v1/sessions/sess_local_alpha/execute status=409
2026-09-30T02:44:33.169382Z  INFO lingxi_service: request handled request_id=req-37b2c43bcd8e53bbe862dd606ef8add5 method=POST path=/lingxi/v1/sessions/sess_local_alpha/execute status=409
2026-09-30T02:44:33.169401Z  INFO lingxi_service: request handled request_id=req-57372704eecfe3a1a742a2531b7be28b method=POST path=/lingxi/v1/sessions/sess_local_alpha/execute status=409
2026-09-30T02:44:33.169425Z  INFO lingxi_service: request handled request_id=req-336850f70c3a145084cfdf322eaba7cd method=POST path=/lingxi/v1/sessions/sess_local_alpha/execute status=200
2026-09-30T02:44:33.169768Z  INFO lingxi_service::sessions: normal submission to a busy session rejected (session_busy; retryable) session_id="sess_local_alpha"
2026-09-30T02:44:33.169861Z  INFO lingxi_service: request handled request_id=req-968f548c3428668e866b0be833a53c28 method=POST path=/lingxi/v1/sessions/sess_local_alpha/execute status=409
2026-09-30T02:44:33.170023Z  INFO lingxi_service::sessions: normal submission to a busy session rejected (session_busy; retryable) session_id="sess_local_alpha"
2026-09-30T02:44:33.170017Z  INFO lingxi_service::sessions: run settled through the single finalize path run_id=run_000001a0f0330f11_000072 session_id="sess_local_alpha" outcome=completed.no_final.no_provider_configured input_chars=17 input_bytes=17
2026-09-30T02:44:33.170119Z  INFO lingxi_service: request handled request_id=req-7d591bcfb3615e99b2e064da32235147 method=POST path=/lingxi/v1/sessions/sess_local_alpha/execute status=409
2026-09-30T02:44:33.170160Z  INFO lingxi_service: request handled request_id=req-50fa62d68db3241f95f7b8f214b32f22 method=POST path=/lingxi/v1/sessions/sess_local_alpha/execute status=200
2026-09-30T02:44:33.170693Z  INFO lingxi_service::sessions: normal submission to a busy session rejected (session_busy; retryable) session_id="sess_local_alpha"
2026-09-30T02:44:33.170770Z  INFO lingxi_service: request handled request_id=req-4a33bf35653c99db07223c039bb19d9f method=POST path=/lingxi/v1/sessions/sess_local_alpha/execute status=409
2026-09-30T02:44:33.170857Z  INFO lingxi_service::sessions: normal submission to a busy session rejected (session_busy; retryable) session_id="sess_local_alpha"
2026-09-30T02:44:33.170863Z  INFO lingxi_service::sessions: run settled through the single finalize path run_id=run_000001a0f0330f12_000073 session_id="sess_local_alpha" outcome=completed.no_final.no_provider_configured input_chars=17 input_bytes=17
2026-09-30T02:44:33.170928Z  INFO lingxi_service: request handled request_id=req-446269c88a88731c5adc40218c02df25 method=POST path=/lingxi/v1/sessions/sess_local_alpha/execute status=409
2026-09-30T02:44:33.170999Z  INFO lingxi_service: request handled request_id=req-e36c477d8ef64e8789ba85fd3f3504b1 method=POST path=/lingxi/v1/sessions/sess_local_alpha/execute status=200
2026-09-30T02:44:33.171137Z  INFO lingxi_service::sessions: normal submission to a busy session rejected (session_busy; retryable) session_id="sess_local_alpha"
2026-09-30T02:44:33.171212Z  INFO lingxi_service: request handled request_id=req-9579eaaa08ba5f86ede0f0270eaa58fc method=POST path=/lingxi/v1/sessions/sess_local_alpha/execute status=409
2026-09-30T02:44:33.171604Z  INFO lingxi_service::sessions: run settled through the single finalize path run_id=run_000001a0f0330f13_000074 session_id="sess_local_alpha" outcome=completed.no_final.no_provider_configured input_chars=17 input_bytes=17
2026-09-30T02:44:33.171712Z  INFO lingxi_service: request handled request_id=req-da5680506fd8e579493e54f78d52ac11 method=POST path=/lingxi/v1/sessions/sess_local_alpha/execute status=200
2026-09-30T02:44:33.172496Z  INFO lingxi_service::sessions: normal submission to a busy session rejected (session_busy; retryable) session_id="sess_local_alpha"
2026-09-30T02:44:33.172573Z  INFO lingxi_service: request handled request_id=req-facacd7fa5cbb1aff8713b94c933c0e5 method=POST path=/lingxi/v1/sessions/sess_local_alpha/execute status=409
2026-09-30T02:44:33.172746Z  INFO lingxi_service::sessions: run settled through the single finalize path run_id=run_000001a0f0330f14_000075 session_id="sess_local_alpha" outcome=completed.no_final.no_provider_configured input_chars=17 input_bytes=17
2026-09-30T02:44:33.172789Z  INFO lingxi_service::sessions: normal submission to a busy session rejected (session_busy; retryable) session_id="sess_local_alpha"
2026-09-30T02:44:33.172873Z  INFO lingxi_service: request handled request_id=req-9b599cc1a7e60918ab590b6d1f80412c method=POST path=/lingxi/v1/sessions/sess_local_alpha/execute status=200
2026-09-30T02:44:33.172884Z  INFO lingxi_service: request handled request_id=req-5f250393cc3d69a5976d800faa08fd99 method=POST path=/lingxi/v1/sessions/sess_local_alpha/execute status=409
2026-09-30T02:44:33.173390Z  INFO lingxi_service::sessions: normal submission to a busy session rejected (session_busy; retryable) session_id="sess_local_alpha"
2026-09-30T02:44:33.173476Z  INFO lingxi_service: request handled request_id=req-c84bb09c9d0c1fca139bc29ba96d139e method=POST path=/lingxi/v1/sessions/sess_local_alpha/execute status=409
2026-09-30T02:44:33.173561Z  INFO lingxi_service::sessions: normal submission to a busy session rejected (session_busy; retryable) session_id="sess_local_alpha"
2026-09-30T02:44:33.173558Z  INFO lingxi_service::sessions: run settled through the single finalize path run_id=run_000001a0f0330f15_000076 session_id="sess_local_alpha" outcome=completed.no_final.no_provider_configured input_chars=17 input_bytes=17
2026-09-30T02:44:33.173591Z  INFO lingxi_service::sessions: normal submission to a busy session rejected (session_busy; retryable) session_id="sess_local_alpha"
2026-09-30T02:44:33.173649Z  INFO lingxi_service: request handled request_id=req-66d7222542323d5503c5ad275f17b365 method=POST path=/lingxi/v1/sessions/sess_local_alpha/execute status=409
2026-09-30T02:44:33.173675Z  INFO lingxi_service: request handled request_id=req-c03c0d5ca5a51436fb05120321a6039a method=POST path=/lingxi/v1/sessions/sess_local_alpha/execute status=409
2026-09-30T02:44:33.173685Z  INFO lingxi_service: request handled request_id=req-7ad35b796671d60d7186a3600c61c181 method=POST path=/lingxi/v1/sessions/sess_local_alpha/execute status=200
2026-09-30T02:44:33.174167Z  INFO lingxi_service::sessions: normal submission to a busy session rejected (session_busy; retryable) session_id="sess_local_alpha"
2026-09-30T02:44:33.174276Z  INFO lingxi_service: request handled request_id=req-da70648bf43b895ade29b2a8f1c49310 method=POST path=/lingxi/v1/sessions/sess_local_alpha/execute status=409
2026-09-30T02:44:33.174310Z  INFO lingxi_service::sessions: normal submission to a busy session rejected (session_busy; retryable) session_id="sess_local_alpha"
2026-09-30T02:44:33.174381Z  INFO lingxi_service: request handled request_id=req-96e83ad56a7f5c3a308a69b58e0ac5d3 method=POST path=/lingxi/v1/sessions/sess_local_alpha/execute status=409
2026-09-30T02:44:33.174531Z  INFO lingxi_service::sessions: normal submission to a busy session rejected (session_busy; retryable) session_id="sess_local_alpha"
2026-09-30T02:44:33.174527Z  INFO lingxi_service::sessions: run settled through the single finalize path run_id=run_000001a0f0330f15_000077 session_id="sess_local_alpha" outcome=completed.no_final.no_provider_configured input_chars=17 input_bytes=17
2026-09-30T02:44:33.174608Z  INFO lingxi_service: request handled request_id=req-0ca15aa5ecb11e992f46eafe6805a74f method=POST path=/lingxi/v1/sessions/sess_local_alpha/execute status=409
2026-09-30T02:44:33.174647Z  INFO lingxi_service: request handled request_id=req-e53a9d6546b155f89bbce5d74d1de7e7 method=POST path=/lingxi/v1/sessions/sess_local_alpha/execute status=200
2026-09-30T02:44:33.175021Z  INFO lingxi_service::sessions: normal submission to a busy session rejected (session_busy; retryable) session_id="sess_local_alpha"
2026-09-30T02:44:33.175033Z  INFO lingxi_service::sessions: normal submission to a busy session rejected (session_busy; retryable) session_id="sess_local_alpha"
2026-09-30T02:44:33.175099Z  INFO lingxi_service: request handled request_id=req-3c98eb8f73986615459e01fa8a27e973 method=POST path=/lingxi/v1/sessions/sess_local_alpha/execute status=409
2026-09-30T02:44:33.175119Z  INFO lingxi_service: request handled request_id=req-74ed4b56e44155a67dffd946346b3bed method=POST path=/lingxi/v1/sessions/sess_local_alpha/execute status=409
2026-09-30T02:44:33.175298Z  INFO lingxi_service::sessions: run settled through the single finalize path run_id=run_000001a0f0330f16_000078 session_id="sess_local_alpha" outcome=completed.no_final.no_provider_configured input_chars=17 input_bytes=17
2026-09-30T02:44:33.175418Z  INFO lingxi_service: request handled request_id=req-20d525e7aa508c05c1e8aaa72503b2c6 method=POST path=/lingxi/v1/sessions/sess_local_alpha/execute status=200
2026-09-30T02:44:33.175724Z  INFO lingxi_service::sessions: normal submission to a busy session rejected (session_busy; retryable) session_id="sess_local_alpha"
2026-09-30T02:44:33.175737Z  INFO lingxi_service::sessions: normal submission to a busy session rejected (session_busy; retryable) session_id="sess_local_alpha"
2026-09-30T02:44:33.175873Z  INFO lingxi_service: request handled request_id=req-57c8422626aeb291638bc12a5c5b781c method=POST path=/lingxi/v1/sessions/sess_local_alpha/execute status=409
2026-09-30T02:44:33.175878Z  INFO lingxi_service: request handled request_id=req-492dfbe238cb390a935878e6c3af2b9a method=POST path=/lingxi/v1/sessions/sess_local_alpha/execute status=409
2026-09-30T02:44:33.176070Z  INFO lingxi_service::sessions: normal submission to a busy session rejected (session_busy; retryable) session_id="sess_local_alpha"
2026-09-30T02:44:33.176066Z  INFO lingxi_service::sessions: run settled through the single finalize path run_id=run_000001a0f0330f17_000079 session_id="sess_local_alpha" outcome=completed.no_final.no_provider_configured input_chars=17 input_bytes=17
2026-09-30T02:44:33.176142Z  INFO lingxi_service: request handled request_id=req-8f1d978a1ac0b94786be0d6ac51d230e method=POST path=/lingxi/v1/sessions/sess_local_alpha/execute status=409
2026-09-30T02:44:33.176193Z  INFO lingxi_service: request handled request_id=req-8bf3c8b85837e5326b9be0299ca9e4b9 method=POST path=/lingxi/v1/sessions/sess_local_alpha/execute status=200
2026-09-30T02:44:33.176768Z  INFO lingxi_service::sessions: normal submission to a busy session rejected (session_busy; retryable) session_id="sess_local_alpha"
2026-09-30T02:44:33.176842Z  INFO lingxi_service: request handled request_id=req-1d2745d9e0f72e1d7875ae1ebc8e8308 method=POST path=/lingxi/v1/sessions/sess_local_alpha/execute status=409
2026-09-30T02:44:33.176973Z  INFO lingxi_service::sessions: normal submission to a busy session rejected (session_busy; retryable) session_id="sess_local_alpha"
2026-09-30T02:44:33.176983Z  INFO lingxi_service::sessions: normal submission to a busy session rejected (session_busy; retryable) session_id="sess_local_alpha"
2026-09-30T02:44:33.176995Z  INFO lingxi_service::sessions: normal submission to a busy session rejected (session_busy; retryable) session_id="sess_local_alpha"
2026-09-30T02:44:33.177083Z  INFO lingxi_service: request handled request_id=req-9fa8d66be6ebef572204935eeab29be2 method=POST path=/lingxi/v1/sessions/sess_local_alpha/execute status=409
2026-09-30T02:44:33.177099Z  INFO lingxi_service: request handled request_id=req-5d1605400ed0e10d32fc2140c9588d6f method=POST path=/lingxi/v1/sessions/sess_local_alpha/execute status=409
2026-09-30T02:44:33.177126Z  INFO lingxi_service: request handled request_id=req-50254d09f21f601e4b3c55d93ca53566 method=POST path=/lingxi/v1/sessions/sess_local_alpha/execute status=409
2026-09-30T02:44:33.177289Z  INFO lingxi_service::sessions: normal submission to a busy session rejected (session_busy; retryable) session_id="sess_local_alpha"
2026-09-30T02:44:33.177288Z  INFO lingxi_service::sessions: run settled through the single finalize path run_id=run_000001a0f0330f18_00007a session_id="sess_local_alpha" outcome=completed.no_final.no_provider_configured input_chars=17 input_bytes=17
2026-09-30T02:44:33.177375Z  INFO lingxi_service: request handled request_id=req-edc60bd0fb476d145dfc104a5c7ba38d method=POST path=/lingxi/v1/sessions/sess_local_alpha/execute status=409
2026-09-30T02:44:33.177412Z  INFO lingxi_service: request handled request_id=req-7a9b657f72c685f6f17ed2850d7c5385 method=POST path=/lingxi/v1/sessions/sess_local_alpha/execute status=200
2026-09-30T02:44:33.178624Z  INFO lingxi_service::sessions: normal submission to a busy session rejected (session_busy; retryable) session_id="sess_local_alpha"
2026-09-30T02:44:33.178650Z  INFO lingxi_service::sessions: normal submission to a busy session rejected (session_busy; retryable) session_id="sess_local_alpha"
2026-09-30T02:44:33.178657Z  INFO lingxi_service::sessions: normal submission to a busy session rejected (session_busy; retryable) session_id="sess_local_alpha"
2026-09-30T02:44:33.178710Z  INFO lingxi_service: request handled request_id=req-57c0c354f586c6ff16e412bfaf15f77b method=POST path=/lingxi/v1/sessions/sess_local_alpha/execute status=409
2026-09-30T02:44:33.178725Z  INFO lingxi_service: request handled request_id=req-bee9a497a57c434726a7bb7469a015a8 method=POST path=/lingxi/v1/sessions/sess_local_alpha/execute status=409
2026-09-30T02:44:33.178738Z  INFO lingxi_service::sessions: normal submission to a busy session rejected (session_busy; retryable) session_id="sess_local_alpha"
2026-09-30T02:44:33.178749Z  INFO lingxi_service::sessions: normal submission to a busy session rejected (session_busy; retryable) session_id="sess_local_alpha"
2026-09-30T02:44:33.178750Z  INFO lingxi_service: request handled request_id=req-04d0640af6de7580a04ef91279806035 method=POST path=/lingxi/v1/sessions/sess_local_alpha/execute status=409
2026-09-30T02:44:33.178821Z  INFO lingxi_service: request handled request_id=req-7e1af2799dda8e01457a4c3adcfa37c6 method=POST path=/lingxi/v1/sessions/sess_local_alpha/execute status=409
2026-09-30T02:44:33.178875Z  INFO lingxi_service: request handled request_id=req-b89bf38237d44845ee3ae8378604818e method=POST path=/lingxi/v1/sessions/sess_local_alpha/execute status=409
2026-09-30T02:44:33.178943Z  INFO lingxi_service::sessions: run settled through the single finalize path run_id=run_000001a0f0330f1a_00007b session_id="sess_local_alpha" outcome=completed.no_final.no_provider_configured input_chars=17 input_bytes=17
2026-09-30T02:44:33.179067Z  INFO lingxi_service: request handled request_id=req-b49730bc27d56c7bc11360ceac9b335a method=POST path=/lingxi/v1/sessions/sess_local_alpha/execute status=200
2026-09-30T02:44:33.179783Z  INFO lingxi_service::sessions: normal submission to a busy session rejected (session_busy; retryable) session_id="sess_local_alpha"
2026-09-30T02:44:33.179789Z  INFO lingxi_service::sessions: normal submission to a busy session rejected (session_busy; retryable) session_id="sess_local_alpha"
2026-09-30T02:44:33.179773Z  INFO lingxi_service::sessions: run settled through the single finalize path run_id=run_000001a0f0330f1b_00007c session_id="sess_local_alpha" outcome=completed.no_final.no_provider_configured input_chars=17 input_bytes=17
2026-09-30T02:44:33.179866Z  INFO lingxi_service: request handled request_id=req-58d52419f82e9c1d576e5cfcb421708c method=POST path=/lingxi/v1/sessions/sess_local_alpha/execute status=409
2026-09-30T02:44:33.179879Z  INFO lingxi_service: request handled request_id=req-d0d087c7408f7e9f21e1e3dc537bd276 method=POST path=/lingxi/v1/sessions/sess_local_alpha/execute status=409
2026-09-30T02:44:33.179943Z  INFO lingxi_service: request handled request_id=req-d111289646574d56d9293a5fd97d1c01 method=POST path=/lingxi/v1/sessions/sess_local_alpha/execute status=200
2026-09-30T02:44:33.180375Z  INFO lingxi_service::sessions: normal submission to a busy session rejected (session_busy; retryable) session_id="sess_local_alpha"
2026-09-30T02:44:33.180453Z  INFO lingxi_service: request handled request_id=req-6ab47b387ed0e61b1baaf229fe82a23b method=POST path=/lingxi/v1/sessions/sess_local_alpha/execute status=409
2026-09-30T02:44:33.180757Z  INFO lingxi_service::sessions: normal submission to a busy session rejected (session_busy; retryable) session_id="sess_local_alpha"
2026-09-30T02:44:33.180837Z  INFO lingxi_service: request handled request_id=req-e9d208f737f8c0c41809f53464046dd9 method=POST path=/lingxi/v1/sessions/sess_local_alpha/execute status=409
2026-09-30T02:44:33.180905Z  INFO lingxi_service::sessions: run settled through the single finalize path run_id=run_000001a0f0330f1c_00007d session_id="sess_local_alpha" outcome=completed.no_final.no_provider_configured input_chars=17 input_bytes=17
2026-09-30T02:44:33.180942Z  INFO lingxi_service::sessions: normal submission to a busy session rejected (session_busy; retryable) session_id="sess_local_alpha"
2026-09-30T02:44:33.181036Z  INFO lingxi_service: request handled request_id=req-a44c3daac6feaeee6f692652d8bdb24e method=POST path=/lingxi/v1/sessions/sess_local_alpha/execute status=409
2026-09-30T02:44:33.181044Z  INFO lingxi_service: request handled request_id=req-357c5979a50dd405bc0c2f58df9bcd3e method=POST path=/lingxi/v1/sessions/sess_local_alpha/execute status=200
2026-09-30T02:44:33.181576Z  INFO lingxi_service::sessions: normal submission to a busy session rejected (session_busy; retryable) session_id="sess_local_alpha"
2026-09-30T02:44:33.181590Z  INFO lingxi_service::sessions: normal submission to a busy session rejected (session_busy; retryable) session_id="sess_local_alpha"
2026-09-30T02:44:33.181581Z  INFO lingxi_service::sessions: run settled through the single finalize path run_id=run_000001a0f0330f1c_00007e session_id="sess_local_alpha" outcome=completed.no_final.no_provider_configured input_chars=17 input_bytes=17
2026-09-30T02:44:33.181654Z  INFO lingxi_service: request handled request_id=req-ad3e8d2dbd181b72a8eaa824b90be8bb method=POST path=/lingxi/v1/sessions/sess_local_alpha/execute status=409
2026-09-30T02:44:33.181685Z  INFO lingxi_service: request handled request_id=req-2f98b2933306f649919916e785711a63 method=POST path=/lingxi/v1/sessions/sess_local_alpha/execute status=409
2026-09-30T02:44:33.181764Z  INFO lingxi_service: request handled request_id=req-40b79dc8d2826ad66821de2458a30c39 method=POST path=/lingxi/v1/sessions/sess_local_alpha/execute status=200
2026-09-30T02:44:33.181917Z  INFO lingxi_service::sessions: normal submission to a busy session rejected (session_busy; retryable) session_id="sess_local_alpha"
2026-09-30T02:44:33.181935Z  INFO lingxi_service::sessions: normal submission to a busy session rejected (session_busy; retryable) session_id="sess_local_alpha"
2026-09-30T02:44:33.181996Z  INFO lingxi_service: request handled request_id=req-d2f6e78f29bdcc9cd5992202977f0588 method=POST path=/lingxi/v1/sessions/sess_local_alpha/execute status=409
2026-09-30T02:44:33.182018Z  INFO lingxi_service: request handled request_id=req-fd2cf6b855dee5ae9978ca34456ff152 method=POST path=/lingxi/v1/sessions/sess_local_alpha/execute status=409
2026-09-30T02:44:33.182398Z  INFO lingxi_service::sessions: run settled through the single finalize path run_id=run_000001a0f0330f1d_00007f session_id="sess_local_alpha" outcome=completed.no_final.no_provider_configured input_chars=17 input_bytes=17
2026-09-30T02:44:33.182509Z  INFO lingxi_service: request handled request_id=req-d76d0adfa744633715d4dc03df88c742 method=POST path=/lingxi/v1/sessions/sess_local_alpha/execute status=200
2026-09-30T02:44:33.182832Z  INFO lingxi_service::sessions: normal submission to a busy session rejected (session_busy; retryable) session_id="sess_local_alpha"
2026-09-30T02:44:33.182924Z  INFO lingxi_service: request handled request_id=req-9174f99a2cd2de0621134d26498e37e3 method=POST path=/lingxi/v1/sessions/sess_local_alpha/execute status=409
2026-09-30T02:44:33.183055Z  INFO lingxi_service::sessions: normal submission to a busy session rejected (session_busy; retryable) session_id="sess_local_alpha"
2026-09-30T02:44:33.183071Z  INFO lingxi_service::sessions: normal submission to a busy session rejected (session_busy; retryable) session_id="sess_local_alpha"
2026-09-30T02:44:33.183088Z  INFO lingxi_service::sessions: normal submission to a busy session rejected (session_busy; retryable) session_id="sess_local_alpha"
2026-09-30T02:44:33.183136Z  INFO lingxi_service: request handled request_id=req-4dbd19e1f4793b93d10e245f0beeb513 method=POST path=/lingxi/v1/sessions/sess_local_alpha/execute status=409
2026-09-30T02:44:33.183147Z  INFO lingxi_service: request handled request_id=req-7d1990680f436ae222c84b9fad8953c1 method=POST path=/lingxi/v1/sessions/sess_local_alpha/execute status=409
2026-09-30T02:44:33.183186Z  INFO lingxi_service: request handled request_id=req-91f516216dfe0ea325f06c4ab8b508a9 method=POST path=/lingxi/v1/sessions/sess_local_alpha/execute status=409
2026-09-30T02:44:33.183351Z  INFO lingxi_service::sessions: run settled through the single finalize path run_id=run_000001a0f0330f1e_000080 session_id="sess_local_alpha" outcome=completed.no_final.no_provider_configured input_chars=17 input_bytes=17
2026-09-30T02:44:33.183477Z  INFO lingxi_service: request handled request_id=req-ce490bde1b419d7ca321d014a5cfaf50 method=POST path=/lingxi/v1/sessions/sess_local_alpha/execute status=200
2026-09-30T02:44:33.184236Z  INFO lingxi_service::sessions: normal submission to a busy session rejected (session_busy; retryable) session_id="sess_local_alpha"
2026-09-30T02:44:33.184323Z  INFO lingxi_service: request handled request_id=req-a7e8f11394de04b509eda861d1203cff method=POST path=/lingxi/v1/sessions/sess_local_alpha/execute status=409
2026-09-30T02:44:33.184588Z  INFO lingxi_service::sessions: normal submission to a busy session rejected (session_busy; retryable) session_id="sess_local_alpha"
2026-09-30T02:44:33.184657Z  INFO lingxi_service: request handled request_id=req-11d1f51e9b7875b0bb8998cdd81cd0d1 method=POST path=/lingxi/v1/sessions/sess_local_alpha/execute status=409
2026-09-30T02:44:33.184748Z  INFO lingxi_service::sessions: run settled through the single finalize path run_id=run_000001a0f0330f20_000081 session_id="sess_local_alpha" outcome=completed.no_final.no_provider_configured input_chars=17 input_bytes=17
2026-09-30T02:44:33.184869Z  INFO lingxi_service: request handled request_id=req-9021c53cb436146083f4d5528987bf5c method=POST path=/lingxi/v1/sessions/sess_local_alpha/execute status=200
2026-09-30T02:44:33.185165Z  INFO lingxi_service::sessions: normal submission to a busy session rejected (session_busy; retryable) session_id="sess_local_alpha"
2026-09-30T02:44:33.185181Z  INFO lingxi_service::sessions: normal submission to a busy session rejected (session_busy; retryable) session_id="sess_local_alpha"
2026-09-30T02:44:33.185237Z  INFO lingxi_service: request handled request_id=req-6362dad40c2e56177ab6c6a16cea4434 method=POST path=/lingxi/v1/sessions/sess_local_alpha/execute status=409
2026-09-30T02:44:33.185256Z  INFO lingxi_service: request handled request_id=req-51155f8842f67eec1e9a93881c4edf86 method=POST path=/lingxi/v1/sessions/sess_local_alpha/execute status=409
2026-09-30T02:44:33.185438Z  INFO lingxi_service::sessions: run settled through the single finalize path run_id=run_000001a0f0330f20_000082 session_id="sess_local_alpha" outcome=completed.no_final.no_provider_configured input_chars=17 input_bytes=17
2026-09-30T02:44:33.185479Z  INFO lingxi_service::sessions: normal submission to a busy session rejected (session_busy; retryable) session_id="sess_local_alpha"
2026-09-30T02:44:33.185558Z  INFO lingxi_service: request handled request_id=req-6445086150fc924456cd4f1427ea2693 method=POST path=/lingxi/v1/sessions/sess_local_alpha/execute status=409
2026-09-30T02:44:33.185559Z  INFO lingxi_service: request handled request_id=req-036994539ee49d0f8983449f97c75460 method=POST path=/lingxi/v1/sessions/sess_local_alpha/execute status=200
2026-09-30T02:44:33.186204Z  INFO lingxi_service::sessions: normal submission to a busy session rejected (session_busy; retryable) session_id="sess_local_alpha"
2026-09-30T02:44:33.186192Z  INFO lingxi_service::sessions: run settled through the single finalize path run_id=run_000001a0f0330f21_000083 session_id="sess_local_alpha" outcome=completed.no_final.no_provider_configured input_chars=17 input_bytes=17
2026-09-30T02:44:33.186215Z  INFO lingxi_service::sessions: normal submission to a busy session rejected (session_busy; retryable) session_id="sess_local_alpha"
2026-09-30T02:44:33.186282Z  INFO lingxi_service: request handled request_id=req-07b55b3557aa89bd1d6b7f98cacbfb1d method=POST path=/lingxi/v1/sessions/sess_local_alpha/execute status=409
2026-09-30T02:44:33.186314Z  INFO lingxi_service: request handled request_id=req-508784c6c11df9e8361c69a2752db1a0 method=POST path=/lingxi/v1/sessions/sess_local_alpha/execute status=409
2026-09-30T02:44:33.186329Z  INFO lingxi_service: request handled request_id=req-5305282a09cedd205b67ac6fb4c6406d method=POST path=/lingxi/v1/sessions/sess_local_alpha/execute status=200
2026-09-30T02:44:33.186606Z  INFO lingxi_service::sessions: normal submission to a busy session rejected (session_busy; retryable) session_id="sess_local_alpha"
2026-09-30T02:44:33.186714Z  INFO lingxi_service: request handled request_id=req-314eeed116e68fd599dc7dddd143d69d method=POST path=/lingxi/v1/sessions/sess_local_alpha/execute status=409
2026-09-30T02:44:33.186882Z  INFO lingxi_service::sessions: run settled through the single finalize path run_id=run_000001a0f0330f22_000084 session_id="sess_local_alpha" outcome=completed.no_final.no_provider_configured input_chars=17 input_bytes=17
2026-09-30T02:44:33.186999Z  INFO lingxi_service: request handled request_id=req-788d6d5eb3455de322da9b3a1c6371fd method=POST path=/lingxi/v1/sessions/sess_local_alpha/execute status=200
2026-09-30T02:44:33.187307Z  INFO lingxi_service::sessions: normal submission to a busy session rejected (session_busy; retryable) session_id="sess_local_alpha"
2026-09-30T02:44:33.187313Z  INFO lingxi_service::sessions: normal submission to a busy session rejected (session_busy; retryable) session_id="sess_local_alpha"
2026-09-30T02:44:33.187408Z  INFO lingxi_service: request handled request_id=req-d2ceeea778197b84508da104b967baf6 method=POST path=/lingxi/v1/sessions/sess_local_alpha/execute status=409
2026-09-30T02:44:33.187431Z  INFO lingxi_service: request handled request_id=req-82b5be28a7c383183f29d0099475b074 method=POST path=/lingxi/v1/sessions/sess_local_alpha/execute status=409
2026-09-30T02:44:33.187625Z  INFO lingxi_service::sessions: normal submission to a busy session rejected (session_busy; retryable) session_id="sess_local_alpha"
2026-09-30T02:44:33.187616Z  INFO lingxi_service::sessions: run settled through the single finalize path run_id=run_000001a0f0330f23_000085 session_id="sess_local_alpha" outcome=completed.no_final.no_provider_configured input_chars=17 input_bytes=17
2026-09-30T02:44:33.187704Z  INFO lingxi_service: request handled request_id=req-e39c4215a69733cc4824679c0bb25eee method=POST path=/lingxi/v1/sessions/sess_local_alpha/execute status=409
2026-09-30T02:44:33.187752Z  INFO lingxi_service: request handled request_id=req-e958a787ecadae21ea3683ec299274af method=POST path=/lingxi/v1/sessions/sess_local_alpha/execute status=200
2026-09-30T02:44:33.188147Z  INFO lingxi_service::sessions: normal submission to a busy session rejected (session_busy; retryable) session_id="sess_local_alpha"
2026-09-30T02:44:33.188168Z  INFO lingxi_service::sessions: normal submission to a busy session rejected (session_busy; retryable) session_id="sess_local_alpha"
2026-09-30T02:44:33.188225Z  INFO lingxi_service: request handled request_id=req-f53d17d3ca17b0623ddf476762b05afe method=POST path=/lingxi/v1/sessions/sess_local_alpha/execute status=409
2026-09-30T02:44:33.188269Z  INFO lingxi_service: request handled request_id=req-c80b7172b3d4c684ea5f7197f877cbde method=POST path=/lingxi/v1/sessions/sess_local_alpha/execute status=409
2026-09-30T02:44:33.188348Z  INFO lingxi_service::sessions: normal submission to a busy session rejected (session_busy; retryable) session_id="sess_local_alpha"
2026-09-30T02:44:33.188360Z  INFO lingxi_service::sessions: run settled through the single finalize path run_id=run_000001a0f0330f23_000086 session_id="sess_local_alpha" outcome=completed.no_final.no_provider_configured input_chars=17 input_bytes=17
2026-09-30T02:44:33.188442Z  INFO lingxi_service: request handled request_id=req-bb042b992d08ae8fd0ca4834d74082cd method=POST path=/lingxi/v1/sessions/sess_local_alpha/execute status=409
2026-09-30T02:44:33.188481Z  INFO lingxi_service: request handled request_id=req-06273dd8e147eb1f0fb29206de10d7f5 method=POST path=/lingxi/v1/sessions/sess_local_alpha/execute status=200
2026-09-30T02:44:33.188913Z  INFO lingxi_service::sessions: normal submission to a busy session rejected (session_busy; retryable) session_id="sess_local_alpha"
2026-09-30T02:44:33.189005Z  INFO lingxi_service: request handled request_id=req-2f6abf55c324f666b75fd2cea42f142d method=POST path=/lingxi/v1/sessions/sess_local_alpha/execute status=409
2026-09-30T02:44:33.189042Z  INFO lingxi_service::sessions: normal submission to a busy session rejected (session_busy; retryable) session_id="sess_local_alpha"
2026-09-30T02:44:33.189111Z  INFO lingxi_service: request handled request_id=req-1a3a31737f836f16e40efc4c0b0be063 method=POST path=/lingxi/v1/sessions/sess_local_alpha/execute status=409
2026-09-30T02:44:33.189201Z  INFO lingxi_service::sessions: run settled through the single finalize path run_id=run_000001a0f0330f24_000087 session_id="sess_local_alpha" outcome=completed.no_final.no_provider_configured input_chars=17 input_bytes=17
2026-09-30T02:44:33.189318Z  INFO lingxi_service: request handled request_id=req-5a27a03573a98b2c8b52320ef1e138a2 method=POST path=/lingxi/v1/sessions/sess_local_alpha/execute status=200
2026-09-30T02:44:33.189828Z  INFO lingxi_service::sessions: run settled through the single finalize path run_id=run_000001a0f0330f25_000088 session_id="sess_local_alpha" outcome=completed.no_final.no_provider_configured input_chars=17 input_bytes=17
2026-09-30T02:44:33.189933Z  INFO lingxi_service: request handled request_id=req-ad9dadd28ad725145d9d28dcf6d6255d method=POST path=/lingxi/v1/sessions/sess_local_alpha/execute status=200
2026-09-30T02:44:33.190798Z  INFO lingxi_service::sessions: normal submission to a busy session rejected (session_busy; retryable) session_id="sess_local_alpha"
2026-09-30T02:44:33.190873Z  INFO lingxi_service: request handled request_id=req-2b4289f65fd44ba94fe60c0285f804b0 method=POST path=/lingxi/v1/sessions/sess_local_alpha/execute status=409
2026-09-30T02:44:33.191050Z  INFO lingxi_service::sessions: normal submission to a busy session rejected (session_busy; retryable) session_id="sess_local_alpha"
2026-09-30T02:44:33.191066Z  INFO lingxi_service::sessions: normal submission to a busy session rejected (session_busy; retryable) session_id="sess_local_alpha"
2026-09-30T02:44:33.191059Z  INFO lingxi_service::sessions: normal submission to a busy session rejected (session_busy; retryable) session_id="sess_local_alpha"
2026-09-30T02:44:33.191131Z  INFO lingxi_service: request handled request_id=req-301f380e385f3a2f4cdd964e8e49a4d3 method=POST path=/lingxi/v1/sessions/sess_local_alpha/execute status=409
2026-09-30T02:44:33.191176Z  INFO lingxi_service: request handled request_id=req-d3ebd0e4943b6fb18e355a0d630bfa19 method=POST path=/lingxi/v1/sessions/sess_local_alpha/execute status=409
2026-09-30T02:44:33.191190Z  INFO lingxi_service: request handled request_id=req-6d6909592acec9ae6f3cde87b8c03179 method=POST path=/lingxi/v1/sessions/sess_local_alpha/execute status=409
2026-09-30T02:44:33.191391Z  INFO lingxi_service::sessions: normal submission to a busy session rejected (session_busy; retryable) session_id="sess_local_alpha"
2026-09-30T02:44:33.191380Z  INFO lingxi_service::sessions: run settled through the single finalize path run_id=run_000001a0f0330f26_000089 session_id="sess_local_alpha" outcome=completed.no_final.no_provider_configured input_chars=17 input_bytes=17
2026-09-30T02:44:33.191467Z  INFO lingxi_service: request handled request_id=req-c26888c52fbb9e8c349599f3750e731d method=POST path=/lingxi/v1/sessions/sess_local_alpha/execute status=409
2026-09-30T02:44:33.191524Z  INFO lingxi_service: request handled request_id=req-5261da1542dca0a25e566cf520ef5027 method=POST path=/lingxi/v1/sessions/sess_local_alpha/execute status=200
2026-09-30T02:44:33.192040Z  INFO lingxi_service::sessions: run settled through the single finalize path run_id=run_000001a0f0330f27_00008a session_id="sess_local_alpha" outcome=completed.no_final.no_provider_configured input_chars=17 input_bytes=17
2026-09-30T02:44:33.192069Z  INFO lingxi_service::sessions: normal submission to a busy session rejected (session_busy; retryable) session_id="sess_local_alpha"
2026-09-30T02:44:33.192162Z  INFO lingxi_service: request handled request_id=req-ef7f47ab5f71e3a7ac412df226f9d915 method=POST path=/lingxi/v1/sessions/sess_local_alpha/execute status=200
2026-09-30T02:44:33.192176Z  INFO lingxi_service: request handled request_id=req-d810b8cbb6e63e330a56299f740d5f9b method=POST path=/lingxi/v1/sessions/sess_local_alpha/execute status=409
2026-09-30T02:44:33.192407Z  INFO lingxi_service::sessions: normal submission to a busy session rejected (session_busy; retryable) session_id="sess_local_alpha"
2026-09-30T02:44:33.192489Z  INFO lingxi_service: request handled request_id=req-74dbe21d1691f166dca4127fcd61d8dc method=POST path=/lingxi/v1/sessions/sess_local_alpha/execute status=409
2026-09-30T02:44:33.192676Z  INFO lingxi_service::sessions: run settled through the single finalize path run_id=run_000001a0f0330f28_00008b session_id="sess_local_alpha" outcome=completed.no_final.no_provider_configured input_chars=17 input_bytes=17
2026-09-30T02:44:33.192826Z  INFO lingxi_service: request handled request_id=req-c8be7773479cd56c5cd54b491327d8b2 method=POST path=/lingxi/v1/sessions/sess_local_alpha/execute status=200
2026-09-30T02:44:33.193184Z  INFO lingxi_service::sessions: normal submission to a busy session rejected (session_busy; retryable) session_id="sess_local_alpha"
2026-09-30T02:44:33.193286Z  INFO lingxi_service: request handled request_id=req-2935536091f60c54f9e2f69823432657 method=POST path=/lingxi/v1/sessions/sess_local_alpha/execute status=409
2026-09-30T02:44:33.193493Z  INFO lingxi_service::sessions: run settled through the single finalize path run_id=run_000001a0f0330f28_00008c session_id="sess_local_alpha" outcome=completed.no_final.no_provider_configured input_chars=17 input_bytes=17
2026-09-30T02:44:33.193551Z  INFO lingxi_service::sessions: normal submission to a busy session rejected (session_busy; retryable) session_id="sess_local_alpha"
2026-09-30T02:44:33.193566Z  INFO lingxi_service::sessions: normal submission to a busy session rejected (session_busy; retryable) session_id="sess_local_alpha"
2026-09-30T02:44:33.193615Z  INFO lingxi_service: request handled request_id=req-17214e5fefaba6b8b8be36093568747c method=POST path=/lingxi/v1/sessions/sess_local_alpha/execute status=200
2026-09-30T02:44:33.193646Z  INFO lingxi_service: request handled request_id=req-e4177de5fe937cec2e2cbe082545f660 method=POST path=/lingxi/v1/sessions/sess_local_alpha/execute status=409
2026-09-30T02:44:33.193663Z  INFO lingxi_service: request handled request_id=req-f2ed0ec889f50a2607c571ec755e729f method=POST path=/lingxi/v1/sessions/sess_local_alpha/execute status=409
2026-09-30T02:44:33.193724Z  INFO lingxi_service::sessions: normal submission to a busy session rejected (session_busy; retryable) session_id="sess_local_alpha"
2026-09-30T02:44:33.193798Z  INFO lingxi_service: request handled request_id=req-616aa3c6820f383a9bbcb57d4b5788ca method=POST path=/lingxi/v1/sessions/sess_local_alpha/execute status=409
2026-09-30T02:44:33.194208Z  INFO lingxi_service::sessions: run settled through the single finalize path run_id=run_000001a0f0330f29_00008d session_id="sess_local_alpha" outcome=completed.no_final.no_provider_configured input_chars=17 input_bytes=17
2026-09-30T02:44:33.194316Z  INFO lingxi_service: request handled request_id=req-f52d038b93ca822ac3a6bb456ead3f05 method=POST path=/lingxi/v1/sessions/sess_local_alpha/execute status=200
2026-09-30T02:44:33.194748Z  INFO lingxi_service::sessions: normal submission to a busy session rejected (session_busy; retryable) session_id="sess_local_alpha"
2026-09-30T02:44:33.194833Z  INFO lingxi_service: request handled request_id=req-864674f634fb13be41ccfa0c2566b691 method=POST path=/lingxi/v1/sessions/sess_local_alpha/execute status=409
2026-09-30T02:44:33.195051Z  INFO lingxi_service::sessions: normal submission to a busy session rejected (session_busy; retryable) session_id="sess_local_alpha"
2026-09-30T02:44:33.195049Z  INFO lingxi_service::sessions: run settled through the single finalize path run_id=run_000001a0f0330f2a_00008e session_id="sess_local_alpha" outcome=completed.no_final.no_provider_configured input_chars=17 input_bytes=17
2026-09-30T02:44:33.195137Z  INFO lingxi_service: request handled request_id=req-e583138a86bc96fa403520d694638a17 method=POST path=/lingxi/v1/sessions/sess_local_alpha/execute status=409
2026-09-30T02:44:33.195162Z  INFO lingxi_service::sessions: normal submission to a busy session rejected (session_busy; retryable) session_id="sess_local_alpha"
2026-09-30T02:44:33.195145Z  INFO lingxi_service::sessions: normal submission to a busy session rejected (session_busy; retryable) session_id="sess_local_alpha"
2026-09-30T02:44:33.195211Z  INFO lingxi_service: request handled request_id=req-e4ee876233048797a97e244e432737d3 method=POST path=/lingxi/v1/sessions/sess_local_alpha/execute status=200
2026-09-30T02:44:33.195260Z  INFO lingxi_service: request handled request_id=req-91c727bf4d075b14d50a9a63c3fb74ff method=POST path=/lingxi/v1/sessions/sess_local_alpha/execute status=409
2026-09-30T02:44:33.195271Z  INFO lingxi_service: request handled request_id=req-b10ae1c6e4276b7d021270993db2365c method=POST path=/lingxi/v1/sessions/sess_local_alpha/execute status=409
2026-09-30T02:44:33.195334Z  INFO lingxi_service::sessions: normal submission to a busy session rejected (session_busy; retryable) session_id="sess_local_alpha"
2026-09-30T02:44:33.195408Z  INFO lingxi_service: request handled request_id=req-cb8ea49a8ebdc8ce27329e2955d2f085 method=POST path=/lingxi/v1/sessions/sess_local_alpha/execute status=409
2026-09-30T02:44:33.195533Z  INFO lingxi_service::sessions: normal submission to a busy session rejected (session_busy; retryable) session_id="sess_local_alpha"
2026-09-30T02:44:33.195609Z  INFO lingxi_service: request handled request_id=req-38acf2403b803ee1c49d22f540404509 method=POST path=/lingxi/v1/sessions/sess_local_alpha/execute status=409
2026-09-30T02:44:33.195760Z  INFO lingxi_service::sessions: run settled through the single finalize path run_id=run_000001a0f0330f2b_00008f session_id="sess_local_alpha" outcome=completed.no_final.no_provider_configured input_chars=17 input_bytes=17
2026-09-30T02:44:33.195869Z  INFO lingxi_service: request handled request_id=req-088bc30b3453f408715afedaec373b3b method=POST path=/lingxi/v1/sessions/sess_local_alpha/execute status=200
2026-09-30T02:44:33.197001Z  INFO lingxi_service::sessions: normal submission to a busy session rejected (session_busy; retryable) session_id="sess_local_alpha"
2026-09-30T02:44:33.197084Z  INFO lingxi_service: request handled request_id=req-69f7a16b18974c09e1bc6f4a83f6382b method=POST path=/lingxi/v1/sessions/sess_local_alpha/execute status=409
2026-09-30T02:44:33.197114Z  INFO lingxi_service::sessions: normal submission to a busy session rejected (session_busy; retryable) session_id="sess_local_alpha"
2026-09-30T02:44:33.197099Z  INFO lingxi_service::sessions: normal submission to a busy session rejected (session_busy; retryable) session_id="sess_local_alpha"
2026-09-30T02:44:33.197213Z  INFO lingxi_service: request handled request_id=req-74abee3a66d78ddd2796770e8b45c2dc method=POST path=/lingxi/v1/sessions/sess_local_alpha/execute status=409
2026-09-30T02:44:33.197230Z  INFO lingxi_service: request handled request_id=req-058d3f39b39aa1061d499c0adf808bcf method=POST path=/lingxi/v1/sessions/sess_local_alpha/execute status=409
2026-09-30T02:44:33.197308Z  INFO lingxi_service::sessions: run settled through the single finalize path run_id=run_000001a0f0330f2c_000090 session_id="sess_local_alpha" outcome=completed.no_final.no_provider_configured input_chars=17 input_bytes=17
2026-09-30T02:44:33.197332Z  INFO lingxi_service::sessions: normal submission to a busy session rejected (session_busy; retryable) session_id="sess_local_alpha"
2026-09-30T02:44:33.197349Z  INFO lingxi_service::sessions: normal submission to a busy session rejected (session_busy; retryable) session_id="sess_local_alpha"
2026-09-30T02:44:33.197443Z  INFO lingxi_service: request handled request_id=req-31aa7b6cda7aad0a960efd34d4913fc3 method=POST path=/lingxi/v1/sessions/sess_local_alpha/execute status=409
2026-09-30T02:44:33.197475Z  INFO lingxi_service: request handled request_id=req-98b151257f04d4317e9478ee32091f08 method=POST path=/lingxi/v1/sessions/sess_local_alpha/execute status=409
2026-09-30T02:44:33.197477Z  INFO lingxi_service: request handled request_id=req-336b2862b4a9d0c083d8f7140fa65195 method=POST path=/lingxi/v1/sessions/sess_local_alpha/execute status=200
2026-09-30T02:44:33.197727Z  INFO lingxi_service::sessions: normal submission to a busy session rejected (session_busy; retryable) session_id="sess_local_alpha"
2026-09-30T02:44:33.197800Z  INFO lingxi_service: request handled request_id=req-cffb21357a37340ce39ce458b84e68ee method=POST path=/lingxi/v1/sessions/sess_local_alpha/execute status=409
2026-09-30T02:44:33.197993Z  INFO lingxi_service::sessions: run settled through the single finalize path run_id=run_000001a0f0330f2d_000091 session_id="sess_local_alpha" outcome=completed.no_final.no_provider_configured input_chars=17 input_bytes=17
2026-09-30T02:44:33.198107Z  INFO lingxi_service: request handled request_id=req-dd43766185ff469b6598029df1019597 method=POST path=/lingxi/v1/sessions/sess_local_alpha/execute status=200
2026-09-30T02:44:33.198676Z  INFO lingxi_service::sessions: normal submission to a busy session rejected (session_busy; retryable) session_id="sess_local_alpha"
2026-09-30T02:44:33.198765Z  INFO lingxi_service: request handled request_id=req-4fc0decea1f5290519bbde35408dee6b method=POST path=/lingxi/v1/sessions/sess_local_alpha/execute status=409
2026-09-30T02:44:33.198813Z  INFO lingxi_service::sessions: run settled through the single finalize path run_id=run_000001a0f0330f2e_000092 session_id="sess_local_alpha" outcome=completed.no_final.no_provider_configured input_chars=17 input_bytes=17
2026-09-30T02:44:33.198913Z  INFO lingxi_service::sessions: normal submission to a busy session rejected (session_busy; retryable) session_id="sess_local_alpha"
2026-09-30T02:44:33.198933Z  INFO lingxi_service: request handled request_id=req-c18ebc566184d54f9cd35b90d2e2e03a method=POST path=/lingxi/v1/sessions/sess_local_alpha/execute status=200
2026-09-30T02:44:33.199033Z  INFO lingxi_service: request handled request_id=req-f8df5f7a3b3963d516c3eeb3b336d5f2 method=POST path=/lingxi/v1/sessions/sess_local_alpha/execute status=409
2026-09-30T02:44:33.199374Z  INFO lingxi_service::sessions: normal submission to a busy session rejected (session_busy; retryable) session_id="sess_local_alpha"
2026-09-30T02:44:33.199471Z  INFO lingxi_service: request handled request_id=req-bfced7f3749fe60432abea88b00dc354 method=POST path=/lingxi/v1/sessions/sess_local_alpha/execute status=409
2026-09-30T02:44:33.199659Z  INFO lingxi_service::sessions: normal submission to a busy session rejected (session_busy; retryable) session_id="sess_local_alpha"
2026-09-30T02:44:33.199660Z  INFO lingxi_service::sessions: run settled through the single finalize path run_id=run_000001a0f0330f2f_000093 session_id="sess_local_alpha" outcome=completed.no_final.no_provider_configured input_chars=17 input_bytes=17
2026-09-30T02:44:33.199684Z  INFO lingxi_service::sessions: normal submission to a busy session rejected (session_busy; retryable) session_id="sess_local_alpha"
2026-09-30T02:44:33.199737Z  INFO lingxi_service: request handled request_id=req-4fc32144833123f5b844f6778dc423de method=POST path=/lingxi/v1/sessions/sess_local_alpha/execute status=409
2026-09-30T02:44:33.199796Z  INFO lingxi_service: request handled request_id=req-8b5cadfd3d7ec1b5c33335dae193c1ef method=POST path=/lingxi/v1/sessions/sess_local_alpha/execute status=409
2026-09-30T02:44:33.199805Z  INFO lingxi_service: request handled request_id=req-a8d99c304150c8be16719e84830fa567 method=POST path=/lingxi/v1/sessions/sess_local_alpha/execute status=200
2026-09-30T02:44:33.200029Z  INFO lingxi_service::sessions: normal submission to a busy session rejected (session_busy; retryable) session_id="sess_local_alpha"
2026-09-30T02:44:33.200110Z  INFO lingxi_service: request handled request_id=req-908b6d17cf576354c35917f8c5529322 method=POST path=/lingxi/v1/sessions/sess_local_alpha/execute status=409
2026-09-30T02:44:33.200349Z  INFO lingxi_service::sessions: normal submission to a busy session rejected (session_busy; retryable) session_id="sess_local_alpha"
2026-09-30T02:44:33.200351Z  INFO lingxi_service::sessions: run settled through the single finalize path run_id=run_000001a0f0330f2f_000094 session_id="sess_local_alpha" outcome=completed.no_final.no_provider_configured input_chars=17 input_bytes=17
2026-09-30T02:44:33.200422Z  INFO lingxi_service: request handled request_id=req-f931e90c9d1443d05e6d0463789d9bd3 method=POST path=/lingxi/v1/sessions/sess_local_alpha/execute status=409
2026-09-30T02:44:33.200486Z  INFO lingxi_service: request handled request_id=req-fff1af5523a9e28095c6de3a1cb39976 method=POST path=/lingxi/v1/sessions/sess_local_alpha/execute status=200
2026-09-30T02:44:33.200769Z  INFO lingxi_service::sessions: normal submission to a busy session rejected (session_busy; retryable) session_id="sess_local_alpha"
2026-09-30T02:44:33.200762Z  INFO lingxi_service::sessions: normal submission to a busy session rejected (session_busy; retryable) session_id="sess_local_alpha"
2026-09-30T02:44:33.200855Z  INFO lingxi_service: request handled request_id=req-ad316e7031f2959d1e3e82abe160a72e method=POST path=/lingxi/v1/sessions/sess_local_alpha/execute status=409
2026-09-30T02:44:33.200866Z  INFO lingxi_service: request handled request_id=req-9d22e49da420dcb34f0016dfb2131a6c method=POST path=/lingxi/v1/sessions/sess_local_alpha/execute status=409
2026-09-30T02:44:33.201039Z  INFO lingxi_service::sessions: run settled through the single finalize path run_id=run_000001a0f0330f30_000095 session_id="sess_local_alpha" outcome=completed.no_final.no_provider_configured input_chars=17 input_bytes=17
2026-09-30T02:44:33.201149Z  INFO lingxi_service: request handled request_id=req-3e32bb690733e9427a8004981966c61b method=POST path=/lingxi/v1/sessions/sess_local_alpha/execute status=200
2026-09-30T02:44:33.201549Z  INFO lingxi_service::sessions: normal submission to a busy session rejected (session_busy; retryable) session_id="sess_local_alpha"
2026-09-30T02:44:33.201643Z  INFO lingxi_service: request handled request_id=req-01a221210f2cf0b0e6a00c0a7dbbc7de method=POST path=/lingxi/v1/sessions/sess_local_alpha/execute status=409
2026-09-30T02:44:33.201656Z  INFO lingxi_service::sessions: normal submission to a busy session rejected (session_busy; retryable) session_id="sess_local_alpha"
2026-09-30T02:44:33.201749Z  INFO lingxi_service: request handled request_id=req-2b41f89d89a79775ba38e8232ed1840e method=POST path=/lingxi/v1/sessions/sess_local_alpha/execute status=409
2026-09-30T02:44:33.201796Z  INFO lingxi_service::sessions: run settled through the single finalize path run_id=run_000001a0f0330f31_000096 session_id="sess_local_alpha" outcome=completed.no_final.no_provider_configured input_chars=17 input_bytes=17
2026-09-30T02:44:33.201903Z  INFO lingxi_service: request handled request_id=req-0d883937fd4a4031977879c3309225eb method=POST path=/lingxi/v1/sessions/sess_local_alpha/execute status=200
2026-09-30T02:44:33.202552Z  INFO lingxi_service::sessions: normal submission to a busy session rejected (session_busy; retryable) session_id="sess_local_alpha"
2026-09-30T02:44:33.202625Z  INFO lingxi_service: request handled request_id=req-d478d43d9b43a1a8aa415637545156f2 method=POST path=/lingxi/v1/sessions/sess_local_alpha/execute status=409
2026-09-30T02:44:33.203062Z  INFO lingxi_service::sessions: normal submission to a busy session rejected (session_busy; retryable) session_id="sess_local_alpha"
2026-09-30T02:44:33.203052Z  INFO lingxi_service::sessions: run settled through the single finalize path run_id=run_000001a0f0330f32_000097 session_id="sess_local_alpha" outcome=completed.no_final.no_provider_configured input_chars=17 input_bytes=17
2026-09-30T02:44:33.203168Z  INFO lingxi_service: request handled request_id=req-c7a3df13a8f0fe0e19a443455f226be6 method=POST path=/lingxi/v1/sessions/sess_local_alpha/execute status=409
2026-09-30T02:44:33.203199Z  INFO lingxi_service: request handled request_id=req-e8c342a37362889f6d3e4e5fd982f1e2 method=POST path=/lingxi/v1/sessions/sess_local_alpha/execute status=200
2026-09-30T02:44:33.203544Z  INFO lingxi_service::sessions: normal submission to a busy session rejected (session_busy; retryable) session_id="sess_local_alpha"
2026-09-30T02:44:33.203561Z  INFO lingxi_service::sessions: normal submission to a busy session rejected (session_busy; retryable) session_id="sess_local_alpha"
2026-09-30T02:44:33.203634Z  INFO lingxi_service: request handled request_id=req-dd7047ab5f27c5929806b385c5b0cf81 method=POST path=/lingxi/v1/sessions/sess_local_alpha/execute status=409
2026-09-30T02:44:33.203662Z  INFO lingxi_service: request handled request_id=req-345203b3c07a362dee6354de9c9c02f1 method=POST path=/lingxi/v1/sessions/sess_local_alpha/execute status=409
2026-09-30T02:44:33.203836Z  INFO lingxi_service::sessions: normal submission to a busy session rejected (session_busy; retryable) session_id="sess_local_alpha"
2026-09-30T02:44:33.203829Z  INFO lingxi_service::sessions: run settled through the single finalize path run_id=run_000001a0f0330f33_000098 session_id="sess_local_alpha" outcome=completed.no_final.no_provider_configured input_chars=17 input_bytes=17
2026-09-30T02:44:33.203920Z  INFO lingxi_service: request handled request_id=req-c7f0b54d2ce0a619b963c88a6623fbaa method=POST path=/lingxi/v1/sessions/sess_local_alpha/execute status=409
2026-09-30T02:44:33.203955Z  INFO lingxi_service: request handled request_id=req-b98ba646b0ce8bcc55b27613be73eb06 method=POST path=/lingxi/v1/sessions/sess_local_alpha/execute status=200
2026-09-30T02:44:33.204298Z  INFO lingxi_service::sessions: normal submission to a busy session rejected (session_busy; retryable) session_id="sess_local_alpha"
2026-09-30T02:44:33.204374Z  INFO lingxi_service: request handled request_id=req-aa4410bc28ea518ca61996a06a3b0626 method=POST path=/lingxi/v1/sessions/sess_local_alpha/execute status=409
2026-09-30T02:44:33.204808Z  INFO lingxi_service::sessions: normal submission to a busy session rejected (session_busy; retryable) session_id="sess_local_alpha"
2026-09-30T02:44:33.204807Z  INFO lingxi_service::sessions: run settled through the single finalize path run_id=run_000001a0f0330f34_000099 session_id="sess_local_alpha" outcome=completed.no_final.no_provider_configured input_chars=17 input_bytes=17
2026-09-30T02:44:33.204885Z  INFO lingxi_service: request handled request_id=req-477199ff6c0902e47d5620f890f8f850 method=POST path=/lingxi/v1/sessions/sess_local_alpha/execute status=409
2026-09-30T02:44:33.204924Z  INFO lingxi_service: request handled request_id=req-5df78cefa1b77272386d2aecc951572e method=POST path=/lingxi/v1/sessions/sess_local_alpha/execute status=200
2026-09-30T02:44:33.205338Z  INFO lingxi_service::sessions: normal submission to a busy session rejected (session_busy; retryable) session_id="sess_local_alpha"
2026-09-30T02:44:33.205415Z  INFO lingxi_service: request handled request_id=req-76a161281171a39e8a79a3f680ea04b0 method=POST path=/lingxi/v1/sessions/sess_local_alpha/execute status=409
2026-09-30T02:44:33.205492Z  INFO lingxi_service::sessions: normal submission to a busy session rejected (session_busy; retryable) session_id="sess_local_alpha"
2026-09-30T02:44:33.205500Z  INFO lingxi_service::sessions: normal submission to a busy session rejected (session_busy; retryable) session_id="sess_local_alpha"
2026-09-30T02:44:33.205490Z  INFO lingxi_service::sessions: run settled through the single finalize path run_id=run_000001a0f0330f34_00009a session_id="sess_local_alpha" outcome=completed.no_final.no_provider_configured input_chars=17 input_bytes=17
2026-09-30T02:44:33.205592Z  INFO lingxi_service: request handled request_id=req-1115842024664f88718d79e9f7ba2418 method=POST path=/lingxi/v1/sessions/sess_local_alpha/execute status=409
2026-09-30T02:44:33.205623Z  INFO lingxi_service: request handled request_id=req-a81a1fa5a4225a5178f9412ec464b76b method=POST path=/lingxi/v1/sessions/sess_local_alpha/execute status=409
2026-09-30T02:44:33.205716Z  INFO lingxi_service: request handled request_id=req-4b2dbe099dd6229f8285dae499db8e50 method=POST path=/lingxi/v1/sessions/sess_local_alpha/execute status=200
2026-09-30T02:44:33.205937Z  INFO lingxi_service::sessions: normal submission to a busy session rejected (session_busy; retryable) session_id="sess_local_alpha"
2026-09-30T02:44:33.206023Z  INFO lingxi_service: request handled request_id=req-7a8f7dad52922cfe28badbdde3f82a4a method=POST path=/lingxi/v1/sessions/sess_local_alpha/execute status=409
2026-09-30T02:44:33.206234Z  INFO lingxi_service::sessions: normal submission to a busy session rejected (session_busy; retryable) session_id="sess_local_alpha"
2026-09-30T02:44:33.206225Z  INFO lingxi_service::sessions: run settled through the single finalize path run_id=run_000001a0f0330f35_00009b session_id="sess_local_alpha" outcome=completed.no_final.no_provider_configured input_chars=17 input_bytes=17
2026-09-30T02:44:33.206305Z  INFO lingxi_service::sessions: normal submission to a busy session rejected (session_busy; retryable) session_id="sess_local_alpha"
2026-09-30T02:44:33.206327Z  INFO lingxi_service: request handled request_id=req-1c19d8eb71dfb0eb5955a1b48efc4709 method=POST path=/lingxi/v1/sessions/sess_local_alpha/execute status=409
2026-09-30T02:44:33.206383Z  INFO lingxi_service: request handled request_id=req-94031fc1dfc9a4c46d8b1627835057d0 method=POST path=/lingxi/v1/sessions/sess_local_alpha/execute status=409
2026-09-30T02:44:33.206384Z  INFO lingxi_service: request handled request_id=req-ebf9fae4ba519e525f9942db3965f438 method=POST path=/lingxi/v1/sessions/sess_local_alpha/execute status=200
2026-09-30T02:44:33.206906Z  INFO lingxi_service::sessions: normal submission to a busy session rejected (session_busy; retryable) session_id="sess_local_alpha"
2026-09-30T02:44:33.206976Z  INFO lingxi_service: request handled request_id=req-044e55d0fbc39f2b551507c009b8fb5f method=POST path=/lingxi/v1/sessions/sess_local_alpha/execute status=409
2026-09-30T02:44:33.207152Z  INFO lingxi_service::sessions: normal submission to a busy session rejected (session_busy; retryable) session_id="sess_local_alpha"
2026-09-30T02:44:33.207254Z  INFO lingxi_service: request handled request_id=req-02961d35e33ed3b78ff444d4a583184f method=POST path=/lingxi/v1/sessions/sess_local_alpha/execute status=409
2026-09-30T02:44:33.207812Z  INFO lingxi_service::sessions: normal submission to a busy session rejected (session_busy; retryable) session_id="sess_local_alpha"
2026-09-30T02:44:33.207806Z  INFO lingxi_service::sessions: run settled through the single finalize path run_id=run_000001a0f0330f36_00009c session_id="sess_local_alpha" outcome=completed.no_final.no_provider_configured input_chars=17 input_bytes=17
2026-09-30T02:44:33.207824Z  INFO lingxi_service::sessions: normal submission to a busy session rejected (session_busy; retryable) session_id="sess_local_alpha"
2026-09-30T02:44:33.207840Z  INFO lingxi_service::sessions: normal submission to a busy session rejected (session_busy; retryable) session_id="sess_local_alpha"
2026-09-30T02:44:33.207880Z  INFO lingxi_service: request handled request_id=req-f00a697ada5ab7774b386fc11c1b43c9 method=POST path=/lingxi/v1/sessions/sess_local_alpha/execute status=409
2026-09-30T02:44:33.207915Z  INFO lingxi_service: request handled request_id=req-2e6a1f6d890f7b989629ea9c7811fed2 method=POST path=/lingxi/v1/sessions/sess_local_alpha/execute status=409
2026-09-30T02:44:33.207931Z  INFO lingxi_service: request handled request_id=req-3cfb6e62ee37d0622d0212953a7faa83 method=POST path=/lingxi/v1/sessions/sess_local_alpha/execute status=409
2026-09-30T02:44:33.207934Z  INFO lingxi_service: request handled request_id=req-e336e9a2b744c8a7b5c5da2ee6c8f2d0 method=POST path=/lingxi/v1/sessions/sess_local_alpha/execute status=200
2026-09-30T02:44:33.209134Z  INFO lingxi_service::sessions: normal submission to a busy session rejected (session_busy; retryable) session_id="sess_local_alpha"
2026-09-30T02:44:33.209150Z  INFO lingxi_service::sessions: normal submission to a busy session rejected (session_busy; retryable) session_id="sess_local_alpha"
2026-09-30T02:44:33.209240Z  INFO lingxi_service: request handled request_id=req-d99ed792a63102a6df9c8380be1026dd method=POST path=/lingxi/v1/sessions/sess_local_alpha/execute status=409
2026-09-30T02:44:33.209268Z  INFO lingxi_service::sessions: normal submission to a busy session rejected (session_busy; retryable) session_id="sess_local_alpha"
2026-09-30T02:44:33.209275Z  INFO lingxi_service::sessions: normal submission to a busy session rejected (session_busy; retryable) session_id="sess_local_alpha"
2026-09-30T02:44:33.209261Z  INFO lingxi_service: request handled request_id=req-a434f729b05353dcb636549faaacd1b2 method=POST path=/lingxi/v1/sessions/sess_local_alpha/execute status=409
2026-09-30T02:44:33.209368Z  INFO lingxi_service: request handled request_id=req-4e9cded0b8d805dbf7625dd81a615e61 method=POST path=/lingxi/v1/sessions/sess_local_alpha/execute status=409
2026-09-30T02:44:33.209358Z  INFO lingxi_service: request handled request_id=req-8898e3565556bf2a3a14ccac17bd7056 method=POST path=/lingxi/v1/sessions/sess_local_alpha/execute status=409
2026-09-30T02:44:33.209429Z  INFO lingxi_service::sessions: normal submission to a busy session rejected (session_busy; retryable) session_id="sess_local_alpha"
2026-09-30T02:44:33.209429Z  INFO lingxi_service::sessions: run settled through the single finalize path run_id=run_000001a0f0330f38_00009d session_id="sess_local_alpha" outcome=completed.no_final.no_provider_configured input_chars=17 input_bytes=17
2026-09-30T02:44:33.209498Z  INFO lingxi_service: request handled request_id=req-5b6dbbee9da3fc71aa615f0074684678 method=POST path=/lingxi/v1/sessions/sess_local_alpha/execute status=409
2026-09-30T02:44:33.209565Z  INFO lingxi_service: request handled request_id=req-7b5f7a017a0e8622b78f884a3919ac08 method=POST path=/lingxi/v1/sessions/sess_local_alpha/execute status=200
2026-09-30T02:44:33.210451Z  INFO lingxi_service::sessions: normal submission to a busy session rejected (session_busy; retryable) session_id="sess_local_alpha"
2026-09-30T02:44:33.210533Z  INFO lingxi_service: request handled request_id=req-335e839333754f5332023021d3b25412 method=POST path=/lingxi/v1/sessions/sess_local_alpha/execute status=409
2026-09-30T02:44:33.210731Z  INFO lingxi_service::sessions: normal submission to a busy session rejected (session_busy; retryable) session_id="sess_local_alpha"
2026-09-30T02:44:33.210746Z  INFO lingxi_service::sessions: normal submission to a busy session rejected (session_busy; retryable) session_id="sess_local_alpha"
2026-09-30T02:44:33.210729Z  INFO lingxi_service::sessions: run settled through the single finalize path run_id=run_000001a0f0330f3a_00009e session_id="sess_local_alpha" outcome=completed.no_final.no_provider_configured input_chars=17 input_bytes=17
2026-09-30T02:44:33.210801Z  INFO lingxi_service: request handled request_id=req-38c4fa5466cc8fc8e55f910e232d8668 method=POST path=/lingxi/v1/sessions/sess_local_alpha/execute status=409
2026-09-30T02:44:33.210835Z  INFO lingxi_service: request handled request_id=req-612a735a914bf14bce17abd82e2e595d method=POST path=/lingxi/v1/sessions/sess_local_alpha/execute status=409
2026-09-30T02:44:33.210907Z  INFO lingxi_service: request handled request_id=req-c38f5edfd6f79f2607bede33dc03f529 method=POST path=/lingxi/v1/sessions/sess_local_alpha/execute status=200
2026-09-30T02:44:33.211272Z  INFO lingxi_service::sessions: normal submission to a busy session rejected (session_busy; retryable) session_id="sess_local_alpha"
2026-09-30T02:44:33.211346Z  INFO lingxi_service: request handled request_id=req-b35051a82c493e196047447998bcf460 method=POST path=/lingxi/v1/sessions/sess_local_alpha/execute status=409
2026-09-30T02:44:33.211466Z  INFO lingxi_service::sessions: normal submission to a busy session rejected (session_busy; retryable) session_id="sess_local_alpha"
2026-09-30T02:44:33.211552Z  INFO lingxi_service: request handled request_id=req-08fbfa17cc484f29f172208901f59a06 method=POST path=/lingxi/v1/sessions/sess_local_alpha/execute status=409
2026-09-30T02:44:33.211699Z  INFO lingxi_service::sessions: run settled through the single finalize path run_id=run_000001a0f0330f3b_00009f session_id="sess_local_alpha" outcome=completed.no_final.no_provider_configured input_chars=17 input_bytes=17
2026-09-30T02:44:33.211797Z  INFO lingxi_service::sessions: normal submission to a busy session rejected (session_busy; retryable) session_id="sess_local_alpha"
2026-09-30T02:44:33.211805Z  INFO lingxi_service::sessions: normal submission to a busy session rejected (session_busy; retryable) session_id="sess_local_alpha"
2026-09-30T02:44:33.211852Z  INFO lingxi_service: request handled request_id=req-61e9f7795c16f40119c7599bb1504333 method=POST path=/lingxi/v1/sessions/sess_local_alpha/execute status=200
2026-09-30T02:44:33.211874Z  INFO lingxi_service: request handled request_id=req-b5f59950fd333380dd65d72289f20307 method=POST path=/lingxi/v1/sessions/sess_local_alpha/execute status=409
2026-09-30T02:44:33.211890Z  INFO lingxi_service: request handled request_id=req-cd73eee11cbde1f94475fea989286e64 method=POST path=/lingxi/v1/sessions/sess_local_alpha/execute status=409
2026-09-30T02:44:33.212340Z  INFO lingxi_service::sessions: run settled through the single finalize path run_id=run_000001a0f0330f3b_0000a0 session_id="sess_local_alpha" outcome=completed.no_final.no_provider_configured input_chars=17 input_bytes=17
2026-09-30T02:44:33.212376Z  INFO lingxi_service::sessions: normal submission to a busy session rejected (session_busy; retryable) session_id="sess_local_alpha"
2026-09-30T02:44:33.212450Z  INFO lingxi_service: request handled request_id=req-949ce27fc976e97169c7f49c05ea319b method=POST path=/lingxi/v1/sessions/sess_local_alpha/execute status=409
2026-09-30T02:44:33.212463Z  INFO lingxi_service: request handled request_id=req-3dfc37b3c2105ca5b33c1671071231a9 method=POST path=/lingxi/v1/sessions/sess_local_alpha/execute status=200
2026-09-30T02:44:33.212901Z  INFO lingxi_service::sessions: normal submission to a busy session rejected (session_busy; retryable) session_id="sess_local_alpha"
2026-09-30T02:44:33.212973Z  INFO lingxi_service: request handled request_id=req-457fbaf10c605a195555f22e0892bb22 method=POST path=/lingxi/v1/sessions/sess_local_alpha/execute status=409
2026-09-30T02:44:33.213051Z  INFO lingxi_service::sessions: run settled through the single finalize path run_id=run_000001a0f0330f3c_0000a1 session_id="sess_local_alpha" outcome=completed.no_final.no_provider_configured input_chars=17 input_bytes=17
2026-09-30T02:44:33.213099Z  INFO lingxi_service::sessions: normal submission to a busy session rejected (session_busy; retryable) session_id="sess_local_alpha"
2026-09-30T02:44:33.213182Z  INFO lingxi_service: request handled request_id=req-2b6f54a0e8fe629fe71ad8e8c0cbbd80 method=POST path=/lingxi/v1/sessions/sess_local_alpha/execute status=200
2026-09-30T02:44:33.213192Z  INFO lingxi_service: request handled request_id=req-962d1ea2858d42b9893a4387934477d5 method=POST path=/lingxi/v1/sessions/sess_local_alpha/execute status=409
2026-09-30T02:44:33.213620Z  INFO lingxi_service::sessions: normal submission to a busy session rejected (session_busy; retryable) session_id="sess_local_alpha"
2026-09-30T02:44:33.213716Z  INFO lingxi_service: request handled request_id=req-3323de605654ed264513eb76a2d61781 method=POST path=/lingxi/v1/sessions/sess_local_alpha/execute status=409
2026-09-30T02:44:33.213777Z  INFO lingxi_service::sessions: run settled through the single finalize path run_id=run_000001a0f0330f3d_0000a2 session_id="sess_local_alpha" outcome=completed.no_final.no_provider_configured input_chars=17 input_bytes=17
2026-09-30T02:44:33.213803Z  INFO lingxi_service::sessions: normal submission to a busy session rejected (session_busy; retryable) session_id="sess_local_alpha"
2026-09-30T02:44:33.213893Z  INFO lingxi_service: request handled request_id=req-a635e8736443f50164bcc49446600945 method=POST path=/lingxi/v1/sessions/sess_local_alpha/execute status=409
2026-09-30T02:44:33.213896Z  INFO lingxi_service: request handled request_id=req-3071f1872cfdff9ecf815cde830b6be6 method=POST path=/lingxi/v1/sessions/sess_local_alpha/execute status=200
2026-09-30T02:44:33.214302Z  INFO lingxi_service::sessions: run settled through the single finalize path run_id=run_000001a0f0330f3d_0000a3 session_id="sess_local_alpha" outcome=completed.no_final.no_provider_configured input_chars=17 input_bytes=17
2026-09-30T02:44:33.214413Z  INFO lingxi_service: request handled request_id=req-5a40ce0d57166c9b39c8908a08aa3726 method=POST path=/lingxi/v1/sessions/sess_local_alpha/execute status=200
2026-09-30T02:44:33.215308Z  INFO lingxi_service::sessions: normal submission to a busy session rejected (session_busy; retryable) session_id="sess_local_alpha"
2026-09-30T02:44:33.215317Z  INFO lingxi_service::sessions: normal submission to a busy session rejected (session_busy; retryable) session_id="sess_local_alpha"
2026-09-30T02:44:33.215414Z  INFO lingxi_service::sessions: normal submission to a busy session rejected (session_busy; retryable) session_id="sess_local_alpha"
2026-09-30T02:44:33.215422Z  INFO lingxi_service: request handled request_id=req-0ab0856ffc09ce22f01323a0bb419b97 method=POST path=/lingxi/v1/sessions/sess_local_alpha/execute status=409
2026-09-30T02:44:33.215439Z  INFO lingxi_service: request handled request_id=req-c236ce4aa11af4ce3ebd89bf8d37da47 method=POST path=/lingxi/v1/sessions/sess_local_alpha/execute status=409
2026-09-30T02:44:33.215507Z  INFO lingxi_service: request handled request_id=req-278135477e422b38f7325b341d187403 method=POST path=/lingxi/v1/sessions/sess_local_alpha/execute status=409
2026-09-30T02:44:33.215651Z  INFO lingxi_service::sessions: normal submission to a busy session rejected (session_busy; retryable) session_id="sess_local_alpha"
2026-09-30T02:44:33.215642Z  INFO lingxi_service::sessions: run settled through the single finalize path run_id=run_000001a0f0330f3f_0000a4 session_id="sess_local_alpha" outcome=completed.no_final.no_provider_configured input_chars=17 input_bytes=17
2026-09-30T02:44:33.215724Z  INFO lingxi_service::sessions: normal submission to a busy session rejected (session_busy; retryable) session_id="sess_local_alpha"
2026-09-30T02:44:33.215726Z  INFO lingxi_service: request handled request_id=req-cabd0f5a59c774d6250b06208078bd77 method=POST path=/lingxi/v1/sessions/sess_local_alpha/execute status=409
2026-09-30T02:44:33.215774Z  INFO lingxi_service: request handled request_id=req-54a4341afe5963e2d6c5b1af7282760f method=POST path=/lingxi/v1/sessions/sess_local_alpha/execute status=200
2026-09-30T02:44:33.215801Z  INFO lingxi_service: request handled request_id=req-edead9a3b21cee8dc74ee7bc609d1414 method=POST path=/lingxi/v1/sessions/sess_local_alpha/execute status=409
2026-09-30T02:44:33.216576Z  INFO lingxi_service::sessions: normal submission to a busy session rejected (session_busy; retryable) session_id="sess_local_alpha"
2026-09-30T02:44:33.216683Z  INFO lingxi_service: request handled request_id=req-3c2195e35c007c97dd5b7a9273b8a4bc method=POST path=/lingxi/v1/sessions/sess_local_alpha/execute status=409
2026-09-30T02:44:33.216905Z  INFO lingxi_service::sessions: normal submission to a busy session rejected (session_busy; retryable) session_id="sess_local_alpha"
2026-09-30T02:44:33.216894Z  INFO lingxi_service::sessions: run settled through the single finalize path run_id=run_000001a0f0330f40_0000a5 session_id="sess_local_alpha" outcome=completed.no_final.no_provider_configured input_chars=17 input_bytes=17
2026-09-30T02:44:33.216993Z  INFO lingxi_service::sessions: normal submission to a busy session rejected (session_busy; retryable) session_id="sess_local_alpha"
2026-09-30T02:44:33.216993Z  INFO lingxi_service: request handled request_id=req-bcf36cff5d3ecc94f3011933dc541c18 method=POST path=/lingxi/v1/sessions/sess_local_alpha/execute status=409
2026-09-30T02:44:33.217036Z  INFO lingxi_service: request handled request_id=req-40e5850f2e383401bf4bbb88b584aa82 method=POST path=/lingxi/v1/sessions/sess_local_alpha/execute status=200
2026-09-30T02:44:33.217081Z  INFO lingxi_service: request handled request_id=req-5be974ca12eab45dac225c7ecd416fb3 method=POST path=/lingxi/v1/sessions/sess_local_alpha/execute status=409
2026-09-30T02:44:33.217330Z  INFO lingxi_service::sessions: normal submission to a busy session rejected (session_busy; retryable) session_id="sess_local_alpha"
2026-09-30T02:44:33.217400Z  INFO lingxi_service: request handled request_id=req-a49e6479d0d40e54d5839c2f32643439 method=POST path=/lingxi/v1/sessions/sess_local_alpha/execute status=409
2026-09-30T02:44:33.217603Z  INFO lingxi_service::sessions: run settled through the single finalize path run_id=run_000001a0f0330f41_0000a6 session_id="sess_local_alpha" outcome=completed.no_final.no_provider_configured input_chars=17 input_bytes=17
2026-09-30T02:44:33.217622Z  INFO lingxi_service::sessions: normal submission to a busy session rejected (session_busy; retryable) session_id="sess_local_alpha"
2026-09-30T02:44:33.217706Z  INFO lingxi_service: request handled request_id=req-c1cb53ff229628192453b9a515fe8046 method=POST path=/lingxi/v1/sessions/sess_local_alpha/execute status=409
2026-09-30T02:44:33.217741Z  INFO lingxi_service: request handled request_id=req-88cf6c977abfc3d934c418c6398507bc method=POST path=/lingxi/v1/sessions/sess_local_alpha/execute status=200
2026-09-30T02:44:33.218275Z  INFO lingxi_service::sessions: run settled through the single finalize path run_id=run_000001a0f0330f41_0000a7 session_id="sess_local_alpha" outcome=completed.no_final.no_provider_configured input_chars=17 input_bytes=17
2026-09-30T02:44:33.218349Z  INFO lingxi_service::sessions: normal submission to a busy session rejected (session_busy; retryable) session_id="sess_local_alpha"
2026-09-30T02:44:33.218361Z  INFO lingxi_service::sessions: normal submission to a busy session rejected (session_busy; retryable) session_id="sess_local_alpha"
2026-09-30T02:44:33.218398Z  INFO lingxi_service: request handled request_id=req-bad9a5bedaaf3a0ceb9c12107c1f8025 method=POST path=/lingxi/v1/sessions/sess_local_alpha/execute status=200
2026-09-30T02:44:33.218422Z  INFO lingxi_service: request handled request_id=req-12676145ede23131d3c6920ee6a7b94d method=POST path=/lingxi/v1/sessions/sess_local_alpha/execute status=409
2026-09-30T02:44:33.218438Z  INFO lingxi_service: request handled request_id=req-271ed6a0ce33645152e34dae0827ff45 method=POST path=/lingxi/v1/sessions/sess_local_alpha/execute status=409
2026-09-30T02:44:33.218601Z  INFO lingxi_service::sessions: normal submission to a busy session rejected (session_busy; retryable) session_id="sess_local_alpha"
2026-09-30T02:44:33.218668Z  INFO lingxi_service: request handled request_id=req-02301990b34a75046ba57bbd3eae35fd method=POST path=/lingxi/v1/sessions/sess_local_alpha/execute status=409
2026-09-30T02:44:33.219063Z  INFO lingxi_service::sessions: run settled through the single finalize path run_id=run_000001a0f0330f42_0000a8 session_id="sess_local_alpha" outcome=completed.no_final.no_provider_configured input_chars=17 input_bytes=17
2026-09-30T02:44:33.219178Z  INFO lingxi_service: request handled request_id=req-295ada81b72cefd24003b036e76690bb method=POST path=/lingxi/v1/sessions/sess_local_alpha/execute status=200
2026-09-30T02:44:33.219547Z  INFO lingxi_service::sessions: normal submission to a busy session rejected (session_busy; retryable) session_id="sess_local_alpha"
2026-09-30T02:44:33.219649Z  INFO lingxi_service: request handled request_id=req-8c71439ba79c28d459cf4f5314b335ca method=POST path=/lingxi/v1/sessions/sess_local_alpha/execute status=409
2026-09-30T02:44:33.219660Z  INFO lingxi_service::sessions: normal submission to a busy session rejected (session_busy; retryable) session_id="sess_local_alpha"
2026-09-30T02:44:33.219761Z  INFO lingxi_service: request handled request_id=req-5399006a7ea1ffbffd955b7c2d9f0369 method=POST path=/lingxi/v1/sessions/sess_local_alpha/execute status=409
2026-09-30T02:44:33.219813Z  INFO lingxi_service::sessions: normal submission to a busy session rejected (session_busy; retryable) session_id="sess_local_alpha"
2026-09-30T02:44:33.219814Z  INFO lingxi_service::sessions: run settled through the single finalize path run_id=run_000001a0f0330f43_0000a9 session_id="sess_local_alpha" outcome=completed.no_final.no_provider_configured input_chars=17 input_bytes=17
2026-09-30T02:44:33.219836Z  INFO lingxi_service::sessions: normal submission to a busy session rejected (session_busy; retryable) session_id="sess_local_alpha"
2026-09-30T02:44:33.219887Z  INFO lingxi_service: request handled request_id=req-ad3b482bc1ef146b86f4c1ed63860f55 method=POST path=/lingxi/v1/sessions/sess_local_alpha/execute status=409
2026-09-30T02:44:33.219904Z  INFO lingxi_service::sessions: normal submission to a busy session rejected (session_busy; retryable) session_id="sess_local_alpha"
2026-09-30T02:44:33.219950Z  INFO lingxi_service: request handled request_id=req-0a14a9692b0f7927cfc0e6c72c8a7b4c method=POST path=/lingxi/v1/sessions/sess_local_alpha/execute status=409
2026-09-30T02:44:33.219965Z  INFO lingxi_service: request handled request_id=req-87f8ad998ba3983dda81581c465e2a34 method=POST path=/lingxi/v1/sessions/sess_local_alpha/execute status=200
2026-09-30T02:44:33.219979Z  INFO lingxi_service: request handled request_id=req-b62082802cd31429b0fc9cdafd255f17 method=POST path=/lingxi/v1/sessions/sess_local_alpha/execute status=409
2026-09-30T02:44:33.221189Z  INFO lingxi_service::sessions: normal submission to a busy session rejected (session_busy; retryable) session_id="sess_local_alpha"
2026-09-30T02:44:33.221290Z  INFO lingxi_service: request handled request_id=req-b1a2453c87c10973c2dbc5d933eebb21 method=POST path=/lingxi/v1/sessions/sess_local_alpha/execute status=409
2026-09-30T02:44:33.221298Z  INFO lingxi_service::sessions: normal submission to a busy session rejected (session_busy; retryable) session_id="sess_local_alpha"
2026-09-30T02:44:33.221315Z  INFO lingxi_service::sessions: normal submission to a busy session rejected (session_busy; retryable) session_id="sess_local_alpha"
2026-09-30T02:44:33.221406Z  INFO lingxi_service: request handled request_id=req-a72599afaf6672931bf6962f2815d240 method=POST path=/lingxi/v1/sessions/sess_local_alpha/execute status=409
2026-09-30T02:44:33.221419Z  INFO lingxi_service: request handled request_id=req-5e2c3b610b0b065c4e4a6380dc73696a method=POST path=/lingxi/v1/sessions/sess_local_alpha/execute status=409
2026-09-30T02:44:33.221461Z  INFO lingxi_service::sessions: normal submission to a busy session rejected (session_busy; retryable) session_id="sess_local_alpha"
2026-09-30T02:44:33.221455Z  INFO lingxi_service::sessions: run settled through the single finalize path run_id=run_000001a0f0330f44_0000aa session_id="sess_local_alpha" outcome=completed.no_final.no_provider_configured input_chars=17 input_bytes=17
2026-09-30T02:44:33.221536Z  INFO lingxi_service: request handled request_id=req-e13909508cb20800b5fe0991a1d16181 method=POST path=/lingxi/v1/sessions/sess_local_alpha/execute status=409
2026-09-30T02:44:33.221584Z  INFO lingxi_service: request handled request_id=req-a5b9cc97d8e0250c111a4079af32ef63 method=POST path=/lingxi/v1/sessions/sess_local_alpha/execute status=200
2026-09-30T02:44:33.222217Z  INFO lingxi_service::sessions: normal submission to a busy session rejected (session_busy; retryable) session_id="sess_local_alpha"
2026-09-30T02:44:33.222233Z  INFO lingxi_service::sessions: normal submission to a busy session rejected (session_busy; retryable) session_id="sess_local_alpha"
2026-09-30T02:44:33.222221Z  INFO lingxi_service::sessions: run settled through the single finalize path run_id=run_000001a0f0330f45_0000ab session_id="sess_local_alpha" outcome=completed.no_final.no_provider_configured input_chars=17 input_bytes=17
2026-09-30T02:44:33.222298Z  INFO lingxi_service: request handled request_id=req-0090764e2d8b5de12aa46d38db0fec1e method=POST path=/lingxi/v1/sessions/sess_local_alpha/execute status=409
2026-09-30T02:44:33.222328Z  INFO lingxi_service: request handled request_id=req-17544a8f990acf920676640bd02cea74 method=POST path=/lingxi/v1/sessions/sess_local_alpha/execute status=409
2026-09-30T02:44:33.222368Z  INFO lingxi_service: request handled request_id=req-2be1b3da9067a9b0b0ee307159febfb6 method=POST path=/lingxi/v1/sessions/sess_local_alpha/execute status=200
2026-09-30T02:44:33.222415Z  INFO lingxi_service::sessions: normal submission to a busy session rejected (session_busy; retryable) session_id="sess_local_alpha"
2026-09-30T02:44:33.222498Z  INFO lingxi_service: request handled request_id=req-0307f3b6577f69d50d9751ccb64cfcbd method=POST path=/lingxi/v1/sessions/sess_local_alpha/execute status=409
2026-09-30T02:44:33.222884Z  INFO lingxi_service::sessions: run settled through the single finalize path run_id=run_000001a0f0330f46_0000ac session_id="sess_local_alpha" outcome=completed.no_final.no_provider_configured input_chars=17 input_bytes=17
2026-09-30T02:44:33.223004Z  INFO lingxi_service: request handled request_id=req-06ff37fe9342222a38cc80359aa16231 method=POST path=/lingxi/v1/sessions/sess_local_alpha/execute status=200
2026-09-30T02:44:33.223448Z  INFO lingxi_service::sessions: normal submission to a busy session rejected (session_busy; retryable) session_id="sess_local_alpha"
2026-09-30T02:44:33.223470Z  INFO lingxi_service::sessions: normal submission to a busy session rejected (session_busy; retryable) session_id="sess_local_alpha"
2026-09-30T02:44:33.223520Z  INFO lingxi_service: request handled request_id=req-9f6e2ce712acac1fc6b1b2e44b820cf3 method=POST path=/lingxi/v1/sessions/sess_local_alpha/execute status=409
2026-09-30T02:44:33.223541Z  INFO lingxi_service: request handled request_id=req-6ac47dc367141796f472704e7bd8b8bb method=POST path=/lingxi/v1/sessions/sess_local_alpha/execute status=409
2026-09-30T02:44:33.223989Z  INFO lingxi_service::sessions: run settled through the single finalize path run_id=run_000001a0f0330f47_0000ad session_id="sess_local_alpha" outcome=completed.no_final.no_provider_configured input_chars=17 input_bytes=17
2026-09-30T02:44:33.224015Z  INFO lingxi_service::sessions: normal submission to a busy session rejected (session_busy; retryable) session_id="sess_local_alpha"
2026-09-30T02:44:33.224086Z  INFO lingxi_service: request handled request_id=req-e9d6f13a6859b172dd4e0d64297e988e method=POST path=/lingxi/v1/sessions/sess_local_alpha/execute status=409
2026-09-30T02:44:33.224112Z  INFO lingxi_service: request handled request_id=req-c1fae0780971fe5c99d3959b7c1bf983 method=POST path=/lingxi/v1/sessions/sess_local_alpha/execute status=200
2026-09-30T02:44:33.224647Z  INFO lingxi_service::sessions: normal submission to a busy session rejected (session_busy; retryable) session_id="sess_local_alpha"
2026-09-30T02:44:33.224734Z  INFO lingxi_service: request handled request_id=req-9844290d985056d22295a889bec7f4c0 method=POST path=/lingxi/v1/sessions/sess_local_alpha/execute status=409
2026-09-30T02:44:33.224895Z  INFO lingxi_service::sessions: run settled through the single finalize path run_id=run_000001a0f0330f48_0000ae session_id="sess_local_alpha" outcome=completed.no_final.no_provider_configured input_chars=17 input_bytes=17
2026-09-30T02:44:33.224957Z  INFO lingxi_service::sessions: normal submission to a busy session rejected (session_busy; retryable) session_id="sess_local_alpha"
2026-09-30T02:44:33.224971Z  INFO lingxi_service::sessions: normal submission to a busy session rejected (session_busy; retryable) session_id="sess_local_alpha"
2026-09-30T02:44:33.225018Z  INFO lingxi_service: request handled request_id=req-f80b2d2f8edc3bc8bc3b53dfa7d7eec5 method=POST path=/lingxi/v1/sessions/sess_local_alpha/execute status=200
2026-09-30T02:44:33.225036Z  INFO lingxi_service: request handled request_id=req-3e7a6db0c070d8355162e324038b7349 method=POST path=/lingxi/v1/sessions/sess_local_alpha/execute status=409
2026-09-30T02:44:33.225079Z  INFO lingxi_service: request handled request_id=req-fffa16996aaee9928800d6c608412325 method=POST path=/lingxi/v1/sessions/sess_local_alpha/execute status=409
2026-09-30T02:44:33.225510Z  INFO lingxi_service::sessions: normal submission to a busy session rejected (session_busy; retryable) session_id="sess_local_alpha"
2026-09-30T02:44:33.225528Z  INFO lingxi_service::sessions: normal submission to a busy session rejected (session_busy; retryable) session_id="sess_local_alpha"
2026-09-30T02:44:33.225589Z  INFO lingxi_service: request handled request_id=req-53a0f628a26477530317aa66c0d3a3ce method=POST path=/lingxi/v1/sessions/sess_local_alpha/execute status=409
2026-09-30T02:44:33.225607Z  INFO lingxi_service: request handled request_id=req-ac6212c4ffd947049c451ef8aef0b6df method=POST path=/lingxi/v1/sessions/sess_local_alpha/execute status=409
2026-09-30T02:44:33.225746Z  INFO lingxi_service::sessions: run settled through the single finalize path run_id=run_000001a0f0330f49_0000af session_id="sess_local_alpha" outcome=completed.no_final.no_provider_configured input_chars=17 input_bytes=17
2026-09-30T02:44:33.225760Z  INFO lingxi_service::sessions: normal submission to a busy session rejected (session_busy; retryable) session_id="sess_local_alpha"
2026-09-30T02:44:33.225764Z  INFO lingxi_service::sessions: normal submission to a busy session rejected (session_busy; retryable) session_id="sess_local_alpha"
2026-09-30T02:44:33.225796Z  INFO lingxi_service::sessions: normal submission to a busy session rejected (session_busy; retryable) session_id="sess_local_alpha"
2026-09-30T02:44:33.225858Z  INFO lingxi_service: request handled request_id=req-cd0c9f321b30c0f15202907dd3a5835c method=POST path=/lingxi/v1/sessions/sess_local_alpha/execute status=409
2026-09-30T02:44:33.225910Z  INFO lingxi_service: request handled request_id=req-01568985f67e26475a9e9fb656034cbe method=POST path=/lingxi/v1/sessions/sess_local_alpha/execute status=200
2026-09-30T02:44:33.225927Z  INFO lingxi_service: request handled request_id=req-9dfef7a5ba7ff8049764633ae5389f0a method=POST path=/lingxi/v1/sessions/sess_local_alpha/execute status=409
2026-09-30T02:44:33.225918Z  INFO lingxi_service: request handled request_id=req-181075a53c1938bf22663fe6d3ca6dbc method=POST path=/lingxi/v1/sessions/sess_local_alpha/execute status=409
2026-09-30T02:44:33.227054Z  INFO lingxi_service::sessions: normal submission to a busy session rejected (session_busy; retryable) session_id="sess_local_alpha"
2026-09-30T02:44:33.227142Z  INFO lingxi_service: request handled request_id=req-43c1186eb949f1c9ed666843c8c756ed method=POST path=/lingxi/v1/sessions/sess_local_alpha/execute status=409
2026-09-30T02:44:33.227317Z  INFO lingxi_service::sessions: run settled through the single finalize path run_id=run_000001a0f0330f4a_0000b0 session_id="sess_local_alpha" outcome=completed.no_final.no_provider_configured input_chars=17 input_bytes=17
2026-09-30T02:44:33.227436Z  INFO lingxi_service: request handled request_id=req-c9c0efad965f9479f30e205c98bb0d5e method=POST path=/lingxi/v1/sessions/sess_local_alpha/execute status=200
2026-09-30T02:44:33.227705Z  INFO lingxi_service::sessions: normal submission to a busy session rejected (session_busy; retryable) session_id="sess_local_alpha"
2026-09-30T02:44:33.227802Z  INFO lingxi_service: request handled request_id=req-80a3b9ca81d49ec84aa5994e994bde67 method=POST path=/lingxi/v1/sessions/sess_local_alpha/execute status=409
2026-09-30T02:44:33.227965Z  INFO lingxi_service::sessions: normal submission to a busy session rejected (session_busy; retryable) session_id="sess_local_alpha"
2026-09-30T02:44:33.227981Z  INFO lingxi_service::sessions: normal submission to a busy session rejected (session_busy; retryable) session_id="sess_local_alpha"
2026-09-30T02:44:33.227993Z  INFO lingxi_service::sessions: normal submission to a busy session rejected (session_busy; retryable) session_id="sess_local_alpha"
2026-09-30T02:44:33.228010Z  INFO lingxi_service::sessions: normal submission to a busy session rejected (session_busy; retryable) session_id="sess_local_alpha"
2026-09-30T02:44:33.228063Z  INFO lingxi_service: request handled request_id=req-e2dab68acba0529c5053898c6e7e5531 method=POST path=/lingxi/v1/sessions/sess_local_alpha/execute status=409
2026-09-30T02:44:33.228077Z  INFO lingxi_service: request handled request_id=req-1a347247ca0529ff26ff8bcd86185c89 method=POST path=/lingxi/v1/sessions/sess_local_alpha/execute status=409
2026-09-30T02:44:33.228106Z  INFO lingxi_service: request handled request_id=req-ee6acc26e57ae0a443ea43a4a8cde856 method=POST path=/lingxi/v1/sessions/sess_local_alpha/execute status=409
2026-09-30T02:44:33.228135Z  INFO lingxi_service: request handled request_id=req-50ca4ad198532b8baccbd3fc1d40631a method=POST path=/lingxi/v1/sessions/sess_local_alpha/execute status=409
2026-09-30T02:44:33.228324Z  INFO lingxi_service::sessions: normal submission to a busy session rejected (session_busy; retryable) session_id="sess_local_alpha"
2026-09-30T02:44:33.228319Z  INFO lingxi_service::sessions: run settled through the single finalize path run_id=run_000001a0f0330f4b_0000b1 session_id="sess_local_alpha" outcome=completed.no_final.no_provider_configured input_chars=17 input_bytes=17
2026-09-30T02:44:33.228396Z  INFO lingxi_service: request handled request_id=req-e129a2f1642537bbd25a498a33417219 method=POST path=/lingxi/v1/sessions/sess_local_alpha/execute status=409
2026-09-30T02:44:33.228437Z  INFO lingxi_service: request handled request_id=req-9a7af6f8c5826f353278826924b11b74 method=POST path=/lingxi/v1/sessions/sess_local_alpha/execute status=200
2026-09-30T02:44:33.229261Z  INFO lingxi_service::sessions: normal submission to a busy session rejected (session_busy; retryable) session_id="sess_local_alpha"
2026-09-30T02:44:33.229330Z  INFO lingxi_service: request handled request_id=req-254dab306922c51d7feabf65c76a373d method=POST path=/lingxi/v1/sessions/sess_local_alpha/execute status=409
2026-09-30T02:44:33.229400Z  INFO lingxi_service::sessions: run settled through the single finalize path run_id=run_000001a0f0330f4c_0000b2 session_id="sess_local_alpha" outcome=completed.no_final.no_provider_configured input_chars=17 input_bytes=17
2026-09-30T02:44:33.229514Z  INFO lingxi_service: request handled request_id=req-325eb81625add1928976c24603fa547e method=POST path=/lingxi/v1/sessions/sess_local_alpha/execute status=200
2026-09-30T02:44:33.229724Z  INFO lingxi_service::sessions: normal submission to a busy session rejected (session_busy; retryable) session_id="sess_local_alpha"
2026-09-30T02:44:33.229804Z  INFO lingxi_service: request handled request_id=req-f5416042268b1caa6785ba2fd4dbce51 method=POST path=/lingxi/v1/sessions/sess_local_alpha/execute status=409
2026-09-30T02:44:33.230005Z  INFO lingxi_service::sessions: normal submission to a busy session rejected (session_busy; retryable) session_id="sess_local_alpha"
2026-09-30T02:44:33.230015Z  INFO lingxi_service::sessions: normal submission to a busy session rejected (session_busy; retryable) session_id="sess_local_alpha"
2026-09-30T02:44:33.229998Z  INFO lingxi_service::sessions: run settled through the single finalize path run_id=run_000001a0f0330f4d_0000b3 session_id="sess_local_alpha" outcome=completed.no_final.no_provider_configured input_chars=17 input_bytes=17
2026-09-30T02:44:33.230080Z  INFO lingxi_service: request handled request_id=req-5e8edad4527b4c15c700b9365527bd9b method=POST path=/lingxi/v1/sessions/sess_local_alpha/execute status=409
2026-09-30T02:44:33.230091Z  INFO lingxi_service: request handled request_id=req-47295702bade4fdcc795dc5f562016ff method=POST path=/lingxi/v1/sessions/sess_local_alpha/execute status=409
2026-09-30T02:44:33.230142Z  INFO lingxi_service: request handled request_id=req-cac6a25ea5471900329c14a0fa2a919c method=POST path=/lingxi/v1/sessions/sess_local_alpha/execute status=200
2026-09-30T02:44:33.230704Z  INFO lingxi_service::sessions: normal submission to a busy session rejected (session_busy; retryable) session_id="sess_local_alpha"
2026-09-30T02:44:33.230775Z  INFO lingxi_service: request handled request_id=req-f48fab3509c91f9e7570b84233618d4f method=POST path=/lingxi/v1/sessions/sess_local_alpha/execute status=409
2026-09-30T02:44:33.230870Z  INFO lingxi_service::sessions: normal submission to a busy session rejected (session_busy; retryable) session_id="sess_local_alpha"
2026-09-30T02:44:33.230872Z  INFO lingxi_service::sessions: normal submission to a busy session rejected (session_busy; retryable) session_id="sess_local_alpha"
2026-09-30T02:44:33.230861Z  INFO lingxi_service::sessions: run settled through the single finalize path run_id=run_000001a0f0330f4e_0000b4 session_id="sess_local_alpha" outcome=completed.no_final.no_provider_configured input_chars=17 input_bytes=17
2026-09-30T02:44:33.230984Z  INFO lingxi_service: request handled request_id=req-f18f3101609412953259e8bd25b9ac45 method=POST path=/lingxi/v1/sessions/sess_local_alpha/execute status=409
2026-09-30T02:44:33.230994Z  INFO lingxi_service: request handled request_id=req-2c9b1aef823a4e97ee57f11d0adabe36 method=POST path=/lingxi/v1/sessions/sess_local_alpha/execute status=409
2026-09-30T02:44:33.231024Z  INFO lingxi_service: request handled request_id=req-ac6865995138aaaf46df635cd1587baf method=POST path=/lingxi/v1/sessions/sess_local_alpha/execute status=200
2026-09-30T02:44:33.231103Z  INFO lingxi_service::sessions: normal submission to a busy session rejected (session_busy; retryable) session_id="sess_local_alpha"
2026-09-30T02:44:33.231184Z  INFO lingxi_service: request handled request_id=req-e4cffea9e0e56489c92a990c0a5f7677 method=POST path=/lingxi/v1/sessions/sess_local_alpha/execute status=409
2026-09-30T02:44:33.231612Z  INFO lingxi_service::sessions: run settled through the single finalize path run_id=run_000001a0f0330f4f_0000b5 session_id="sess_local_alpha" outcome=completed.no_final.no_provider_configured input_chars=17 input_bytes=17
2026-09-30T02:44:33.231712Z  INFO lingxi_service::sessions: normal submission to a busy session rejected (session_busy; retryable) session_id="sess_local_alpha"
2026-09-30T02:44:33.231756Z  INFO lingxi_service: request handled request_id=req-5439f83eb8b21398afda3183ec27eebe method=POST path=/lingxi/v1/sessions/sess_local_alpha/execute status=200
2026-09-30T02:44:33.231798Z  INFO lingxi_service: request handled request_id=req-75f1d4b4aa53a7e6e9ef90475a60849a method=POST path=/lingxi/v1/sessions/sess_local_alpha/execute status=409
2026-09-30T02:44:33.231803Z  INFO lingxi_service::sessions: normal submission to a busy session rejected (session_busy; retryable) session_id="sess_local_alpha"
2026-09-30T02:44:33.231890Z  INFO lingxi_service: request handled request_id=req-d2194ff310b28726a6652844750a8eb5 method=POST path=/lingxi/v1/sessions/sess_local_alpha/execute status=409
2026-09-30T02:44:33.232177Z  INFO lingxi_service::sessions: run settled through the single finalize path run_id=run_000001a0f0330f4f_0000b6 session_id="sess_local_alpha" outcome=completed.no_final.no_provider_configured input_chars=17 input_bytes=17
2026-09-30T02:44:33.232288Z  INFO lingxi_service: request handled request_id=req-584bd27e012bc9b905d69cc86c110109 method=POST path=/lingxi/v1/sessions/sess_local_alpha/execute status=200
2026-09-30T02:44:33.233376Z  INFO lingxi_service::sessions: normal submission to a busy session rejected (session_busy; retryable) session_id="sess_local_alpha"
2026-09-30T02:44:33.233414Z  INFO lingxi_service::sessions: normal submission to a busy session rejected (session_busy; retryable) session_id="sess_local_alpha"
2026-09-30T02:44:33.233452Z  INFO lingxi_service: request handled request_id=req-fb250febf90e99669016b18519ac6921 method=POST path=/lingxi/v1/sessions/sess_local_alpha/execute status=409
2026-09-30T02:44:33.233504Z  INFO lingxi_service: request handled request_id=req-b6fd1a534d8408291efa8d380775ed97 method=POST path=/lingxi/v1/sessions/sess_local_alpha/execute status=409
2026-09-30T02:44:33.233553Z  INFO lingxi_service::sessions: normal submission to a busy session rejected (session_busy; retryable) session_id="sess_local_alpha"
2026-09-30T02:44:33.233573Z  INFO lingxi_service::sessions: normal submission to a busy session rejected (session_busy; retryable) session_id="sess_local_alpha"
2026-09-30T02:44:33.233645Z  INFO lingxi_service: request handled request_id=req-3ec3207cb5db2e5880bec45535dc0e14 method=POST path=/lingxi/v1/sessions/sess_local_alpha/execute status=409
2026-09-30T02:44:33.233678Z  INFO lingxi_service: request handled request_id=req-d424c8bbe4987049b798f31910ef684b method=POST path=/lingxi/v1/sessions/sess_local_alpha/execute status=409
2026-09-30T02:44:33.233729Z  INFO lingxi_service::sessions: run settled through the single finalize path run_id=run_000001a0f0330f51_0000b7 session_id="sess_local_alpha" outcome=completed.no_final.no_provider_configured input_chars=17 input_bytes=17
2026-09-30T02:44:33.233864Z  INFO lingxi_service: request handled request_id=req-b96053ae86ff793c257abae367344b21 method=POST path=/lingxi/v1/sessions/sess_local_alpha/execute status=200
2026-09-30T02:44:33.234586Z  INFO lingxi_service::sessions: normal submission to a busy session rejected (session_busy; retryable) session_id="sess_local_alpha"
2026-09-30T02:44:33.234582Z  INFO lingxi_service::sessions: run settled through the single finalize path run_id=run_000001a0f0330f52_0000b8 session_id="sess_local_alpha" outcome=completed.no_final.no_provider_configured input_chars=17 input_bytes=17
2026-09-30T02:44:33.234595Z  INFO lingxi_service::sessions: normal submission to a busy session rejected (session_busy; retryable) session_id="sess_local_alpha"
2026-09-30T02:44:33.234658Z  INFO lingxi_service: request handled request_id=req-9ab9f86c5b060dc6715e25eb14cfbf89 method=POST path=/lingxi/v1/sessions/sess_local_alpha/execute status=409
2026-09-30T02:44:33.234695Z  INFO lingxi_service: request handled request_id=req-57831cd4dffd92503fdd3f137fb4a88e method=POST path=/lingxi/v1/sessions/sess_local_alpha/execute status=409
2026-09-30T02:44:33.234719Z  INFO lingxi_service: request handled request_id=req-b810d3d0c747c1845e526a3716db42d7 method=POST path=/lingxi/v1/sessions/sess_local_alpha/execute status=200
2026-09-30T02:44:33.235304Z  INFO lingxi_service::sessions: normal submission to a busy session rejected (session_busy; retryable) session_id="sess_local_alpha"
2026-09-30T02:44:33.235315Z  INFO lingxi_service::sessions: normal submission to a busy session rejected (session_busy; retryable) session_id="sess_local_alpha"
2026-09-30T02:44:33.235379Z  INFO lingxi_service: request handled request_id=req-43e8880a3f8f8de5ce708f836dda3168 method=POST path=/lingxi/v1/sessions/sess_local_alpha/execute status=409
2026-09-30T02:44:33.235387Z  INFO lingxi_service: request handled request_id=req-a6209bd55fdb1818fe4eb40bbd0572af method=POST path=/lingxi/v1/sessions/sess_local_alpha/execute status=409
2026-09-30T02:44:33.235481Z  INFO lingxi_service::sessions: normal submission to a busy session rejected (session_busy; retryable) session_id="sess_local_alpha"
2026-09-30T02:44:33.235475Z  INFO lingxi_service::sessions: run settled through the single finalize path run_id=run_000001a0f0330f52_0000b9 session_id="sess_local_alpha" outcome=completed.no_final.no_provider_configured input_chars=17 input_bytes=17
2026-09-30T02:44:33.235569Z  INFO lingxi_service: request handled request_id=req-03eb7e49403e5a38b10f18837b07c3a3 method=POST path=/lingxi/v1/sessions/sess_local_alpha/execute status=409
2026-09-30T02:44:33.235606Z  INFO lingxi_service: request handled request_id=req-efccc961d8c8c6dd920aff0131ea46a4 method=POST path=/lingxi/v1/sessions/sess_local_alpha/execute status=200
2026-09-30T02:44:33.235919Z  INFO lingxi_service::sessions: normal submission to a busy session rejected (session_busy; retryable) session_id="sess_local_alpha"
2026-09-30T02:44:33.235994Z  INFO lingxi_service: request handled request_id=req-5f67c4c8123b6a4a72c7d5f0152cf69e method=POST path=/lingxi/v1/sessions/sess_local_alpha/execute status=409
2026-09-30T02:44:33.236195Z  INFO lingxi_service::sessions: run settled through the single finalize path run_id=run_000001a0f0330f53_0000ba session_id="sess_local_alpha" outcome=completed.no_final.no_provider_configured input_chars=17 input_bytes=17
2026-09-30T02:44:33.236216Z  INFO lingxi_service::sessions: normal submission to a busy session rejected (session_busy; retryable) session_id="sess_local_alpha"
2026-09-30T02:44:33.236307Z  INFO lingxi_service: request handled request_id=req-aa4c01b3c5a4b408bdff0870bfe2a4e7 method=POST path=/lingxi/v1/sessions/sess_local_alpha/execute status=409
2026-09-30T02:44:33.236316Z  INFO lingxi_service: request handled request_id=req-d89c127a5947e9455d025c4cc618d74a method=POST path=/lingxi/v1/sessions/sess_local_alpha/execute status=200
2026-09-30T02:44:33.236801Z  INFO lingxi_service::sessions: normal submission to a busy session rejected (session_busy; retryable) session_id="sess_local_alpha"
2026-09-30T02:44:33.236815Z  INFO lingxi_service::sessions: normal submission to a busy session rejected (session_busy; retryable) session_id="sess_local_alpha"
2026-09-30T02:44:33.236883Z  INFO lingxi_service: request handled request_id=req-33cc6ddcbaf9f2b14ec795bd0f71e133 method=POST path=/lingxi/v1/sessions/sess_local_alpha/execute status=409
2026-09-30T02:44:33.236898Z  INFO lingxi_service: request handled request_id=req-65352223e8cb6d9333eba50714699646 method=POST path=/lingxi/v1/sessions/sess_local_alpha/execute status=409
2026-09-30T02:44:33.237072Z  INFO lingxi_service::sessions: run settled through the single finalize path run_id=run_000001a0f0330f54_0000bb session_id="sess_local_alpha" outcome=completed.no_final.no_provider_configured input_chars=17 input_bytes=17
2026-09-30T02:44:33.237180Z  INFO lingxi_service::sessions: normal submission to a busy session rejected (session_busy; retryable) session_id="sess_local_alpha"
2026-09-30T02:44:33.237229Z  INFO lingxi_service: request handled request_id=req-717c1a452d780b12a9b97bd23378defc method=POST path=/lingxi/v1/sessions/sess_local_alpha/execute status=200
2026-09-30T02:44:33.237253Z  INFO lingxi_service: request handled request_id=req-6af18455598ac0a8b485792f412e52e9 method=POST path=/lingxi/v1/sessions/sess_local_alpha/execute status=409
2026-09-30T02:44:33.237682Z  INFO lingxi_service::sessions: normal submission to a busy session rejected (session_busy; retryable) session_id="sess_local_alpha"
2026-09-30T02:44:33.237755Z  INFO lingxi_service: request handled request_id=req-7e48e765fb36ce88f7c2ed81ce097713 method=POST path=/lingxi/v1/sessions/sess_local_alpha/execute status=409
2026-09-30T02:44:33.237941Z  INFO lingxi_service::sessions: normal submission to a busy session rejected (session_busy; retryable) session_id="sess_local_alpha"
2026-09-30T02:44:33.237949Z  INFO lingxi_service::sessions: normal submission to a busy session rejected (session_busy; retryable) session_id="sess_local_alpha"
2026-09-30T02:44:33.238017Z  INFO lingxi_service: request handled request_id=req-396de53e28998cff91c7677445d537a6 method=POST path=/lingxi/v1/sessions/sess_local_alpha/execute status=409
2026-09-30T02:44:33.238051Z  INFO lingxi_service::sessions: normal submission to a busy session rejected (session_busy; retryable) session_id="sess_local_alpha"
2026-09-30T02:44:33.238052Z  INFO lingxi_service: request handled request_id=req-9e118fa2732caaf5708d387a971e295d method=POST path=/lingxi/v1/sessions/sess_local_alpha/execute status=409
2026-09-30T02:44:33.238122Z  INFO lingxi_service: request handled request_id=req-10b5ab389881aa32ee6b9218091f5356 method=POST path=/lingxi/v1/sessions/sess_local_alpha/execute status=409
2026-09-30T02:44:33.238182Z  INFO lingxi_service::sessions: run settled through the single finalize path run_id=run_000001a0f0330f55_0000bc session_id="sess_local_alpha" outcome=completed.no_final.no_provider_configured input_chars=17 input_bytes=17
2026-09-30T02:44:33.238293Z  INFO lingxi_service: request handled request_id=req-0f32474e7e2db7e359c1f8fff61c2988 method=POST path=/lingxi/v1/sessions/sess_local_alpha/execute status=200
2026-09-30T02:44:33.239194Z  INFO lingxi_service::sessions: normal submission to a busy session rejected (session_busy; retryable) session_id="sess_local_alpha"
2026-09-30T02:44:33.239206Z  INFO lingxi_service::sessions: normal submission to a busy session rejected (session_busy; retryable) session_id="sess_local_alpha"
2026-09-30T02:44:33.239274Z  INFO lingxi_service: request handled request_id=req-0668a57048283c2843eb04e07ad4fe98 method=POST path=/lingxi/v1/sessions/sess_local_alpha/execute status=409
2026-09-30T02:44:33.239311Z  INFO lingxi_service: request handled request_id=req-10aee3043fce49211a55b3adf4a4bcb8 method=POST path=/lingxi/v1/sessions/sess_local_alpha/execute status=409
2026-09-30T02:44:33.239511Z  INFO lingxi_service::sessions: run settled through the single finalize path run_id=run_000001a0f0330f56_0000bd session_id="sess_local_alpha" outcome=completed.no_final.no_provider_configured input_chars=17 input_bytes=17
2026-09-30T02:44:33.239637Z  INFO lingxi_service: request handled request_id=req-e7372c692751c3639a8fd8b5bdecdd1e method=POST path=/lingxi/v1/sessions/sess_local_alpha/execute status=200
2026-09-30T02:44:33.241404Z  INFO lingxi_service::sessions: normal submission to a busy session rejected (session_busy; retryable) session_id="sess_local_alpha"
2026-09-30T02:44:33.241415Z  INFO lingxi_service::sessions: normal submission to a busy session rejected (session_busy; retryable) session_id="sess_local_alpha"
2026-09-30T02:44:33.241502Z  INFO lingxi_service: request handled request_id=req-fd54e97869c2fe360535e325cb88ee97 method=POST path=/lingxi/v1/sessions/sess_local_alpha/execute status=409
2026-09-30T02:44:33.241507Z  INFO lingxi_service::sessions: normal submission to a busy session rejected (session_busy; retryable) session_id="sess_local_alpha"
2026-09-30T02:44:33.241525Z  INFO lingxi_service: request handled request_id=req-2ab26033cc5383a902f92236c766b4f2 method=POST path=/lingxi/v1/sessions/sess_local_alpha/execute status=409
2026-09-30T02:44:33.241658Z  INFO lingxi_service: request handled request_id=req-9945ee1bbd3026d04b1feb78fa398baa method=POST path=/lingxi/v1/sessions/sess_local_alpha/execute status=409
2026-09-30T02:44:33.241680Z  INFO lingxi_service::sessions: run settled through the single finalize path run_id=run_000001a0f0330f59_0000be session_id="sess_local_alpha" outcome=completed.no_final.no_provider_configured input_chars=17 input_bytes=17
2026-09-30T02:44:33.241803Z  INFO lingxi_service: request handled request_id=req-0b3bd6a6e547b3ddb8e41862917cd31b method=POST path=/lingxi/v1/sessions/sess_local_alpha/execute status=200
2026-09-30T02:44:33.242682Z  INFO lingxi_service::sessions: normal submission to a busy session rejected (session_busy; retryable) session_id="sess_local_alpha"
2026-09-30T02:44:33.242699Z  INFO lingxi_service::sessions: normal submission to a busy session rejected (session_busy; retryable) session_id="sess_local_alpha"
2026-09-30T02:44:33.242770Z  INFO lingxi_service: request handled request_id=req-ae4533f3aefd8e535c9ee5603ed52ad0 method=POST path=/lingxi/v1/sessions/sess_local_alpha/execute status=409
2026-09-30T02:44:33.242803Z  INFO lingxi_service::sessions: normal submission to a busy session rejected (session_busy; retryable) session_id="sess_local_alpha"
2026-09-30T02:44:33.242789Z  INFO lingxi_service: request handled request_id=req-a15189c63451d6315707210c97d40d17 method=POST path=/lingxi/v1/sessions/sess_local_alpha/execute status=409
2026-09-30T02:44:33.242903Z  INFO lingxi_service: request handled request_id=req-9dfcf1a19303332c1b610a1e20f720d9 method=POST path=/lingxi/v1/sessions/sess_local_alpha/execute status=409
2026-09-30T02:44:33.243019Z  INFO lingxi_service::sessions: run settled through the single finalize path run_id=run_000001a0f0330f5a_0000bf session_id="sess_local_alpha" outcome=completed.no_final.no_provider_configured input_chars=17 input_bytes=17
2026-09-30T02:44:33.243174Z  INFO lingxi_service: request handled request_id=req-3477bd811d09003b936e9b11db934f72 method=POST path=/lingxi/v1/sessions/sess_local_alpha/execute status=200
2026-09-30T02:44:33.243496Z  INFO lingxi_service::sessions: normal submission to a busy session rejected (session_busy; retryable) session_id="sess_local_alpha"
2026-09-30T02:44:33.243588Z  INFO lingxi_service: request handled request_id=req-2cb0075f8db03aa66c61d11bcac068c1 method=POST path=/lingxi/v1/sessions/sess_local_alpha/execute status=409
2026-09-30T02:44:33.243603Z  INFO lingxi_service::sessions: normal submission to a busy session rejected (session_busy; retryable) session_id="sess_local_alpha"
2026-09-30T02:44:33.243702Z  INFO lingxi_service: request handled request_id=req-0a881094ed85ad364a8346082103badd method=POST path=/lingxi/v1/sessions/sess_local_alpha/execute status=409
2026-09-30T02:44:33.243757Z  INFO lingxi_service::sessions: run settled through the single finalize path run_id=run_000001a0f0330f5b_0000c0 session_id="sess_local_alpha" outcome=completed.no_final.no_provider_configured input_chars=17 input_bytes=17
2026-09-30T02:44:33.243794Z  INFO lingxi_service::sessions: normal submission to a busy session rejected (session_busy; retryable) session_id="sess_local_alpha"
2026-09-30T02:44:33.243892Z  INFO lingxi_service: request handled request_id=req-68869f0a02cf5e28f2cb5508669ff59f method=POST path=/lingxi/v1/sessions/sess_local_alpha/execute status=409
2026-09-30T02:44:33.243922Z  INFO lingxi_service: request handled request_id=req-92bdd4967045567fd0c94a9670ad67d8 method=POST path=/lingxi/v1/sessions/sess_local_alpha/execute status=200
2026-09-30T02:44:33.244604Z  INFO lingxi_service::sessions: run settled through the single finalize path run_id=run_000001a0f0330f5c_0000c1 session_id="sess_local_alpha" outcome=completed.no_final.no_provider_configured input_chars=17 input_bytes=17
2026-09-30T02:44:33.244732Z  INFO lingxi_service: request handled request_id=req-f57ae1e5684e4b33aef740c785d2e721 method=POST path=/lingxi/v1/sessions/sess_local_alpha/execute status=200
2026-09-30T02:44:33.245091Z  INFO lingxi_service::sessions: normal submission to a busy session rejected (session_busy; retryable) session_id="sess_local_alpha"
2026-09-30T02:44:33.245099Z  INFO lingxi_service::sessions: normal submission to a busy session rejected (session_busy; retryable) session_id="sess_local_alpha"
2026-09-30T02:44:33.245104Z  INFO lingxi_service::sessions: normal submission to a busy session rejected (session_busy; retryable) session_id="sess_local_alpha"
2026-09-30T02:44:33.245175Z  INFO lingxi_service: request handled request_id=req-72a571f3f6a7825a2f9e8574815fe764 method=POST path=/lingxi/v1/sessions/sess_local_alpha/execute status=409
2026-09-30T02:44:33.245212Z  INFO lingxi_service: request handled request_id=req-f7753da39c5e74388a49b683472c7d67 method=POST path=/lingxi/v1/sessions/sess_local_alpha/execute status=409
2026-09-30T02:44:33.245235Z  INFO lingxi_service::sessions: normal submission to a busy session rejected (session_busy; retryable) session_id="sess_local_alpha"
2026-09-30T02:44:33.245235Z  INFO lingxi_service: request handled request_id=req-8ec05284faede67fc9e386a5a6d7213c method=POST path=/lingxi/v1/sessions/sess_local_alpha/execute status=409
2026-09-30T02:44:33.245363Z  INFO lingxi_service: request handled request_id=req-7c0ce9538768fd33a39734793a6ff6cf method=POST path=/lingxi/v1/sessions/sess_local_alpha/execute status=409
2026-09-30T02:44:33.245408Z  INFO lingxi_service::sessions: normal submission to a busy session rejected (session_busy; retryable) session_id="sess_local_alpha"
2026-09-30T02:44:33.245432Z  INFO lingxi_service::sessions: normal submission to a busy session rejected (session_busy; retryable) session_id="sess_local_alpha"
2026-09-30T02:44:33.245424Z  INFO lingxi_service::sessions: run settled through the single finalize path run_id=run_000001a0f0330f5c_0000c2 session_id="sess_local_alpha" outcome=completed.no_final.no_provider_configured input_chars=17 input_bytes=17
2026-09-30T02:44:33.245498Z  INFO lingxi_service: request handled request_id=req-e4003a5a6ed5f603d56d9e9ee3aa9d5f method=POST path=/lingxi/v1/sessions/sess_local_alpha/execute status=409
2026-09-30T02:44:33.245509Z  INFO lingxi_service: request handled request_id=req-43826a9b9736e0e301f07eb4c90760e8 method=POST path=/lingxi/v1/sessions/sess_local_alpha/execute status=409
2026-09-30T02:44:33.245570Z  INFO lingxi_service: request handled request_id=req-891f51abf935c3db1b35c9e5f6555c36 method=POST path=/lingxi/v1/sessions/sess_local_alpha/execute status=200
2026-09-30T02:44:33.246542Z  INFO lingxi_service::sessions: run settled through the single finalize path run_id=run_000001a0f0330f5e_0000c3 session_id="sess_local_alpha" outcome=completed.no_final.no_provider_configured input_chars=17 input_bytes=17
2026-09-30T02:44:33.246651Z  INFO lingxi_service: request handled request_id=req-0b438026602b5d2dad88b94b128e4efa method=POST path=/lingxi/v1/sessions/sess_local_alpha/execute status=200
2026-09-30T02:44:33.247487Z  INFO lingxi_service::sessions: normal submission to a busy session rejected (session_busy; retryable) session_id="sess_local_alpha"
2026-09-30T02:44:33.247557Z  INFO lingxi_service: request handled request_id=req-84199bed66cbae0e29c8e698eafb8e7b method=POST path=/lingxi/v1/sessions/sess_local_alpha/execute status=409
2026-09-30T02:44:33.247756Z  INFO lingxi_service::sessions: normal submission to a busy session rejected (session_busy; retryable) session_id="sess_local_alpha"
2026-09-30T02:44:33.247768Z  INFO lingxi_service::sessions: normal submission to a busy session rejected (session_busy; retryable) session_id="sess_local_alpha"
2026-09-30T02:44:33.247843Z  INFO lingxi_service: request handled request_id=req-b2f6afef0e97d6a8e7881b5768d30f2a method=POST path=/lingxi/v1/sessions/sess_local_alpha/execute status=409
2026-09-30T02:44:33.247869Z  INFO lingxi_service: request handled request_id=req-4992a871ea268165495359b418a861dc method=POST path=/lingxi/v1/sessions/sess_local_alpha/execute status=409
2026-09-30T02:44:33.248042Z  INFO lingxi_service::sessions: run settled through the single finalize path run_id=run_000001a0f0330f5f_0000c4 session_id="sess_local_alpha" outcome=completed.no_final.no_provider_configured input_chars=17 input_bytes=17
2026-09-30T02:44:33.248171Z  INFO lingxi_service: request handled request_id=req-fb227e440c512416dd1f72353726e591 method=POST path=/lingxi/v1/sessions/sess_local_alpha/execute status=200
2026-09-30T02:44:33.248438Z  INFO lingxi_service::sessions: normal submission to a busy session rejected (session_busy; retryable) session_id="sess_local_alpha"
2026-09-30T02:44:33.248511Z  INFO lingxi_service: request handled request_id=req-d1e7b00da002403126799d02fef429eb method=POST path=/lingxi/v1/sessions/sess_local_alpha/execute status=409
2026-09-30T02:44:33.248705Z  INFO lingxi_service::sessions: normal submission to a busy session rejected (session_busy; retryable) session_id="sess_local_alpha"
2026-09-30T02:44:33.248780Z  INFO lingxi_service: request handled request_id=req-714a6faf3f1acf281224dd54074e9adb method=POST path=/lingxi/v1/sessions/sess_local_alpha/execute status=409
2026-09-30T02:44:33.248838Z  INFO lingxi_service::sessions: normal submission to a busy session rejected (session_busy; retryable) session_id="sess_local_alpha"
2026-09-30T02:44:33.248949Z  INFO lingxi_service: request handled request_id=req-aa132cf5ff30393ea9231afbe90318c4 method=POST path=/lingxi/v1/sessions/sess_local_alpha/execute status=409
2026-09-30T02:44:33.248990Z  INFO lingxi_service::sessions: run settled through the single finalize path run_id=run_000001a0f0330f60_0000c5 session_id="sess_local_alpha" outcome=completed.no_final.no_provider_configured input_chars=17 input_bytes=17
2026-09-30T02:44:33.249146Z  INFO lingxi_service: request handled request_id=req-b7aa244094f12de799284bdd775fc24b method=POST path=/lingxi/v1/sessions/sess_local_alpha/execute status=200
2026-09-30T02:44:33.249523Z  INFO lingxi_service::sessions: normal submission to a busy session rejected (session_busy; retryable) session_id="sess_local_alpha"
2026-09-30T02:44:33.249538Z  INFO lingxi_service::sessions: normal submission to a busy session rejected (session_busy; retryable) session_id="sess_local_alpha"
2026-09-30T02:44:33.249622Z  INFO lingxi_service: request handled request_id=req-1a4c8e5253c2c02d542055411f0768be method=POST path=/lingxi/v1/sessions/sess_local_alpha/execute status=409
2026-09-30T02:44:33.249644Z  INFO lingxi_service: request handled request_id=req-5ee098ba29f4068ffc7a85c8b6bf9a62 method=POST path=/lingxi/v1/sessions/sess_local_alpha/execute status=409
2026-09-30T02:44:33.249850Z  INFO lingxi_service::sessions: run settled through the single finalize path run_id=run_000001a0f0330f61_0000c6 session_id="sess_local_alpha" outcome=completed.no_final.no_provider_configured input_chars=17 input_bytes=17
2026-09-30T02:44:33.249864Z  INFO lingxi_service::sessions: normal submission to a busy session rejected (session_busy; retryable) session_id="sess_local_alpha"
2026-09-30T02:44:33.249959Z  INFO lingxi_service: request handled request_id=req-076c2e57f0c0551447a2590c2fa17e60 method=POST path=/lingxi/v1/sessions/sess_local_alpha/execute status=409
2026-09-30T02:44:33.249994Z  INFO lingxi_service: request handled request_id=req-257ac515ba970115c5cd5372e21a69bb method=POST path=/lingxi/v1/sessions/sess_local_alpha/execute status=200
2026-09-30T02:44:33.250801Z  INFO lingxi_service::sessions: normal submission to a busy session rejected (session_busy; retryable) session_id="sess_local_alpha"
2026-09-30T02:44:33.250820Z  INFO lingxi_service::sessions: normal submission to a busy session rejected (session_busy; retryable) session_id="sess_local_alpha"
2026-09-30T02:44:33.250885Z  INFO lingxi_service: request handled request_id=req-b2aee07de18c9cbb46ff931b88f92000 method=POST path=/lingxi/v1/sessions/sess_local_alpha/execute status=409
2026-09-30T02:44:33.250909Z  INFO lingxi_service: request handled request_id=req-b3195b9d1bcceebf8790fcd0a5b67ad7 method=POST path=/lingxi/v1/sessions/sess_local_alpha/execute status=409
2026-09-30T02:44:33.250956Z  INFO lingxi_service::sessions: run settled through the single finalize path run_id=run_000001a0f0330f62_0000c7 session_id="sess_local_alpha" outcome=completed.no_final.no_provider_configured input_chars=17 input_bytes=17
2026-09-30T02:44:33.251037Z  INFO lingxi_service::sessions: normal submission to a busy session rejected (session_busy; retryable) session_id="sess_local_alpha"
2026-09-30T02:44:33.251074Z  INFO lingxi_service: request handled request_id=req-c06fe7641019277398b1af413a23aa2f method=POST path=/lingxi/v1/sessions/sess_local_alpha/execute status=200
2026-09-30T02:44:33.251106Z  INFO lingxi_service: request handled request_id=req-289acdc6ae23f8161431df3c735c8592 method=POST path=/lingxi/v1/sessions/sess_local_alpha/execute status=409
2026-09-30T02:44:33.251545Z  INFO lingxi_service::sessions: normal submission to a busy session rejected (session_busy; retryable) session_id="sess_local_alpha"
2026-09-30T02:44:33.251628Z  INFO lingxi_service: request handled request_id=req-baeedb274f745fad6e905df96a6e3d89 method=POST path=/lingxi/v1/sessions/sess_local_alpha/execute status=409
2026-09-30T02:44:33.251822Z  INFO lingxi_service::sessions: normal submission to a busy session rejected (session_busy; retryable) session_id="sess_local_alpha"
2026-09-30T02:44:33.251807Z  INFO lingxi_service::sessions: run settled through the single finalize path run_id=run_000001a0f0330f63_0000c8 session_id="sess_local_alpha" outcome=completed.no_final.no_provider_configured input_chars=17 input_bytes=17
2026-09-30T02:44:33.251853Z  INFO lingxi_service::sessions: normal submission to a busy session rejected (session_busy; retryable) session_id="sess_local_alpha"
2026-09-30T02:44:33.251867Z  INFO lingxi_service::sessions: normal submission to a busy session rejected (session_busy; retryable) session_id="sess_local_alpha"
2026-09-30T02:44:33.251913Z  INFO lingxi_service: request handled request_id=req-c013ce1ec8f5939db581ce99605b7aeb method=POST path=/lingxi/v1/sessions/sess_local_alpha/execute status=409
2026-09-30T02:44:33.251949Z  INFO lingxi_service: request handled request_id=req-31410e26600ed61a304d75e3c358214e method=POST path=/lingxi/v1/sessions/sess_local_alpha/execute status=409
2026-09-30T02:44:33.251995Z  INFO lingxi_service: request handled request_id=req-943bc5c11d100fb7b6409fe605411b09 method=POST path=/lingxi/v1/sessions/sess_local_alpha/execute status=200
2026-09-30T02:44:33.251998Z  INFO lingxi_service: request handled request_id=req-9ad227b99fd88f6c01070b055ef6a5fc method=POST path=/lingxi/v1/sessions/sess_local_alpha/execute status=409
2026-09-30T02:44:33.252459Z  INFO lingxi_service::sessions: normal submission to a busy session rejected (session_busy; retryable) session_id="sess_local_alpha"
2026-09-30T02:44:33.252531Z  INFO lingxi_service: request handled request_id=req-0b19d0ec308c5373daf23f69dc1ec1dc method=POST path=/lingxi/v1/sessions/sess_local_alpha/execute status=409
2026-09-30T02:44:33.252622Z  INFO lingxi_service::sessions: normal submission to a busy session rejected (session_busy; retryable) session_id="sess_local_alpha"
2026-09-30T02:44:33.252618Z  INFO lingxi_service::sessions: run settled through the single finalize path run_id=run_000001a0f0330f64_0000c9 session_id="sess_local_alpha" outcome=completed.no_final.no_provider_configured input_chars=17 input_bytes=17
2026-09-30T02:44:33.252700Z  INFO lingxi_service: request handled request_id=req-27cfa0939820e51df251a0c9b94271fd method=POST path=/lingxi/v1/sessions/sess_local_alpha/execute status=409
2026-09-30T02:44:33.252741Z  INFO lingxi_service: request handled request_id=req-d29cd8b614d8fcd027dfa4a46ce97aea method=POST path=/lingxi/v1/sessions/sess_local_alpha/execute status=200
2026-09-30T02:44:33.253744Z  INFO lingxi_service::sessions: normal submission to a busy session rejected (session_busy; retryable) session_id="sess_local_alpha"
2026-09-30T02:44:33.253760Z  INFO lingxi_service::sessions: normal submission to a busy session rejected (session_busy; retryable) session_id="sess_local_alpha"
2026-09-30T02:44:33.253846Z  INFO lingxi_service: request handled request_id=req-68f497a22ac318a3172cef18e95e9bdb method=POST path=/lingxi/v1/sessions/sess_local_alpha/execute status=409
2026-09-30T02:44:33.253865Z  INFO lingxi_service: request handled request_id=req-728cb0d656393ce88fd69a8f3fd6367c method=POST path=/lingxi/v1/sessions/sess_local_alpha/execute status=409
2026-09-30T02:44:33.254062Z  INFO lingxi_service::sessions: normal submission to a busy session rejected (session_busy; retryable) session_id="sess_local_alpha"
2026-09-30T02:44:33.254055Z  INFO lingxi_service::sessions: run settled through the single finalize path run_id=run_000001a0f0330f65_0000ca session_id="sess_local_alpha" outcome=completed.no_final.no_provider_configured input_chars=17 input_bytes=17
2026-09-30T02:44:33.254088Z  INFO lingxi_service::sessions: normal submission to a busy session rejected (session_busy; retryable) session_id="sess_local_alpha"
2026-09-30T02:44:33.254156Z  INFO lingxi_service: request handled request_id=req-4c3b19adf20e809d060126ae62b7f0a7 method=POST path=/lingxi/v1/sessions/sess_local_alpha/execute status=409
2026-09-30T02:44:33.254186Z  INFO lingxi_service: request handled request_id=req-c50712a99f447fe420bc602ab15d46f3 method=POST path=/lingxi/v1/sessions/sess_local_alpha/execute status=409
2026-09-30T02:44:33.254217Z  INFO lingxi_service: request handled request_id=req-42629fef676f4f2bc3cd1b6c840be93a method=POST path=/lingxi/v1/sessions/sess_local_alpha/execute status=200
2026-09-30T02:44:33.254757Z  INFO lingxi_service::sessions: normal submission to a busy session rejected (session_busy; retryable) session_id="sess_local_alpha"
2026-09-30T02:44:33.254775Z  INFO lingxi_service::sessions: normal submission to a busy session rejected (session_busy; retryable) session_id="sess_local_alpha"
2026-09-30T02:44:33.254842Z  INFO lingxi_service: request handled request_id=req-953e97229338b50941cafc482adf4d3a method=POST path=/lingxi/v1/sessions/sess_local_alpha/execute status=409
2026-09-30T02:44:33.254869Z  INFO lingxi_service: request handled request_id=req-a079fb3c913b9a96849d840260687ada method=POST path=/lingxi/v1/sessions/sess_local_alpha/execute status=409
2026-09-30T02:44:33.255028Z  INFO lingxi_service::sessions: normal submission to a busy session rejected (session_busy; retryable) session_id="sess_local_alpha"
2026-09-30T02:44:33.255036Z  INFO lingxi_service::sessions: run settled through the single finalize path run_id=run_000001a0f0330f66_0000cb session_id="sess_local_alpha" outcome=completed.no_final.no_provider_configured input_chars=17 input_bytes=17
2026-09-30T02:44:33.255105Z  INFO lingxi_service: request handled request_id=req-654ab28eeb77e0b04030ee6733f01999 method=POST path=/lingxi/v1/sessions/sess_local_alpha/execute status=409
2026-09-30T02:44:33.255159Z  INFO lingxi_service: request handled request_id=req-ec6157d0f2fc99f2e137f1a8cedbbbe8 method=POST path=/lingxi/v1/sessions/sess_local_alpha/execute status=200
2026-09-30T02:44:33.255500Z  INFO lingxi_service::sessions: normal submission to a busy session rejected (session_busy; retryable) session_id="sess_local_alpha"
2026-09-30T02:44:33.255578Z  INFO lingxi_service: request handled request_id=req-13760ba5c95eb3d48e01711ebd4d812e method=POST path=/lingxi/v1/sessions/sess_local_alpha/execute status=409
2026-09-30T02:44:33.255635Z  INFO lingxi_service::sessions: run settled through the single finalize path run_id=run_000001a0f0330f67_0000cc session_id="sess_local_alpha" outcome=completed.no_final.no_provider_configured input_chars=17 input_bytes=17
2026-09-30T02:44:33.255747Z  INFO lingxi_service: request handled request_id=req-9693226dce61c5c579008327617f1592 method=POST path=/lingxi/v1/sessions/sess_local_alpha/execute status=200
2026-09-30T02:44:33.256210Z  INFO lingxi_service::sessions: run settled through the single finalize path run_id=run_000001a0f0330f67_0000cd session_id="sess_local_alpha" outcome=completed.no_final.no_provider_configured input_chars=17 input_bytes=17
2026-09-30T02:44:33.256347Z  INFO lingxi_service: request handled request_id=req-8a3babb7ea4961b6c23e093d5461aa84 method=POST path=/lingxi/v1/sessions/sess_local_alpha/execute status=200
2026-09-30T02:44:33.256597Z  INFO lingxi_service::sessions: normal submission to a busy session rejected (session_busy; retryable) session_id="sess_local_alpha"
2026-09-30T02:44:33.256617Z  INFO lingxi_service::sessions: normal submission to a busy session rejected (session_busy; retryable) session_id="sess_local_alpha"
2026-09-30T02:44:33.256685Z  INFO lingxi_service: request handled request_id=req-b47f955c86042c0e4ffa87ced3f52f7c method=POST path=/lingxi/v1/sessions/sess_local_alpha/execute status=409
2026-09-30T02:44:33.256705Z  INFO lingxi_service: request handled request_id=req-8c929ef67b66f2247431282aa3d5732f method=POST path=/lingxi/v1/sessions/sess_local_alpha/execute status=409
2026-09-30T02:44:33.256880Z  INFO lingxi_service::sessions: normal submission to a busy session rejected (session_busy; retryable) session_id="sess_local_alpha"
2026-09-30T02:44:33.256880Z  INFO lingxi_service::sessions: run settled through the single finalize path run_id=run_000001a0f0330f68_0000ce session_id="sess_local_alpha" outcome=completed.no_final.no_provider_configured input_chars=17 input_bytes=17
2026-09-30T02:44:33.256955Z  INFO lingxi_service: request handled request_id=req-58d01493755c180464cab3dee117c3a9 method=POST path=/lingxi/v1/sessions/sess_local_alpha/execute status=409
2026-09-30T02:44:33.257000Z  INFO lingxi_service: request handled request_id=req-abf625a0034f7a81d29d50ccacd5a892 method=POST path=/lingxi/v1/sessions/sess_local_alpha/execute status=200
2026-09-30T02:44:33.257892Z  INFO lingxi_service::sessions: normal submission to a busy session rejected (session_busy; retryable) session_id="sess_local_alpha"
2026-09-30T02:44:33.257912Z  INFO lingxi_service::sessions: normal submission to a busy session rejected (session_busy; retryable) session_id="sess_local_alpha"
2026-09-30T02:44:33.257938Z  INFO lingxi_service::sessions: normal submission to a busy session rejected (session_busy; retryable) session_id="sess_local_alpha"
2026-09-30T02:44:33.257957Z  INFO lingxi_service::sessions: normal submission to a busy session rejected (session_busy; retryable) session_id="sess_local_alpha"
2026-09-30T02:44:33.257972Z  INFO lingxi_service::sessions: normal submission to a busy session rejected (session_busy; retryable) session_id="sess_local_alpha"
2026-09-30T02:44:33.257985Z  INFO lingxi_service::sessions: normal submission to a busy session rejected (session_busy; retryable) session_id="sess_local_alpha"
2026-09-30T02:44:33.257994Z  INFO lingxi_service: request handled request_id=req-375bed65d53a0d08b73869e5953c2409 method=POST path=/lingxi/v1/sessions/sess_local_alpha/execute status=409
2026-09-30T02:44:33.258027Z  INFO lingxi_service: request handled request_id=req-ce9c1d59a5f9f16c8378c1b65479d429 method=POST path=/lingxi/v1/sessions/sess_local_alpha/execute status=409
2026-09-30T02:44:33.258034Z  INFO lingxi_service: request handled request_id=req-98e2e8db9572f6b6d5d24e21d69b026a method=POST path=/lingxi/v1/sessions/sess_local_alpha/execute status=409
2026-09-30T02:44:33.258002Z  INFO lingxi_service: request handled request_id=req-7357b5d2ee85669e800f18aed8c9cade method=POST path=/lingxi/v1/sessions/sess_local_alpha/execute status=409
2026-09-30T02:44:33.258063Z  INFO lingxi_service: request handled request_id=req-a0dbfc5694daa2d64f3dcfe2edd7a317 method=POST path=/lingxi/v1/sessions/sess_local_alpha/execute status=409
2026-09-30T02:44:33.258075Z  INFO lingxi_service: request handled request_id=req-14f3fa00424cedbb630b5d3568980933 method=POST path=/lingxi/v1/sessions/sess_local_alpha/execute status=409
2026-09-30T02:44:33.258160Z  INFO lingxi_service::sessions: normal submission to a busy session rejected (session_busy; retryable) session_id="sess_local_alpha"
2026-09-30T02:44:33.258235Z  INFO lingxi_service: request handled request_id=req-7a4650f6388a1b2a6b81b563a532f486 method=POST path=/lingxi/v1/sessions/sess_local_alpha/execute status=409
2026-09-30T02:44:33.258371Z  INFO lingxi_service::sessions: run settled through the single finalize path run_id=run_000001a0f0330f69_0000cf session_id="sess_local_alpha" outcome=completed.no_final.no_provider_configured input_chars=17 input_bytes=17
2026-09-30T02:44:33.258493Z  INFO lingxi_service: request handled request_id=req-a2b4d23eb8925c75e6555ea4a63edaa0 method=POST path=/lingxi/v1/sessions/sess_local_alpha/execute status=200
2026-09-30T02:44:33.259621Z  INFO lingxi_service::sessions: normal submission to a busy session rejected (session_busy; retryable) session_id="sess_local_alpha"
2026-09-30T02:44:33.259619Z  INFO lingxi_service::sessions: run settled through the single finalize path run_id=run_000001a0f0330f6b_0000d0 session_id="sess_local_alpha" outcome=completed.no_final.no_provider_configured input_chars=17 input_bytes=17
2026-09-30T02:44:33.259699Z  INFO lingxi_service: request handled request_id=req-9bf8dd23f4e5d1b28d9f89ab3806eeaa method=POST path=/lingxi/v1/sessions/sess_local_alpha/execute status=409
2026-09-30T02:44:33.259755Z  INFO lingxi_service: request handled request_id=req-8157dc5d6d60ea20b9634b77be4ef061 method=POST path=/lingxi/v1/sessions/sess_local_alpha/execute status=200
2026-09-30T02:44:33.260206Z  INFO lingxi_service::sessions: normal submission to a busy session rejected (session_busy; retryable) session_id="sess_local_alpha"
2026-09-30T02:44:33.260243Z  INFO lingxi_service::sessions: normal submission to a busy session rejected (session_busy; retryable) session_id="sess_local_alpha"
2026-09-30T02:44:33.260292Z  INFO lingxi_service: request handled request_id=req-59f0e1df843b6451832ec3e45cc7b91a method=POST path=/lingxi/v1/sessions/sess_local_alpha/execute status=409
2026-09-30T02:44:33.260330Z  INFO lingxi_service: request handled request_id=req-1ae2990ba87972a5ea35e8f13c23315f method=POST path=/lingxi/v1/sessions/sess_local_alpha/execute status=409
2026-09-30T02:44:33.260560Z  INFO lingxi_service::sessions: normal submission to a busy session rejected (session_busy; retryable) session_id="sess_local_alpha"
2026-09-30T02:44:33.260569Z  INFO lingxi_service::sessions: normal submission to a busy session rejected (session_busy; retryable) session_id="sess_local_alpha"
2026-09-30T02:44:33.260643Z  INFO lingxi_service: request handled request_id=req-973a2cde50db08389db6f958a7bc48fb method=POST path=/lingxi/v1/sessions/sess_local_alpha/execute status=409
2026-09-30T02:44:33.260666Z  INFO lingxi_service: request handled request_id=req-34204d0f1f3db8dc34c52b27d9238089 method=POST path=/lingxi/v1/sessions/sess_local_alpha/execute status=409
2026-09-30T02:44:33.260673Z  INFO lingxi_service::sessions: normal submission to a busy session rejected (session_busy; retryable) session_id="sess_local_alpha"
2026-09-30T02:44:33.260775Z  INFO lingxi_service: request handled request_id=req-da836c5920e2b0d56d1bf652f15e915a method=POST path=/lingxi/v1/sessions/sess_local_alpha/execute status=409
2026-09-30T02:44:33.260841Z  INFO lingxi_service::sessions: run settled through the single finalize path run_id=run_000001a0f0330f6c_0000d1 session_id="sess_local_alpha" outcome=completed.no_final.no_provider_configured input_chars=17 input_bytes=17
2026-09-30T02:44:33.260906Z  INFO lingxi_service::sessions: normal submission to a busy session rejected (session_busy; retryable) session_id="sess_local_alpha"
2026-09-30T02:44:33.260993Z  INFO lingxi_service: request handled request_id=req-0ef5ab4ef83b905bcee6dfaf696c5e2b method=POST path=/lingxi/v1/sessions/sess_local_alpha/execute status=200
2026-09-30T02:44:33.260998Z  INFO lingxi_service: request handled request_id=req-9c03aa76d730ca317057e5f416e4c21d method=POST path=/lingxi/v1/sessions/sess_local_alpha/execute status=409
2026-09-30T02:44:33.261418Z  INFO lingxi_service::sessions: normal submission to a busy session rejected (session_busy; retryable) session_id="sess_local_alpha"
2026-09-30T02:44:33.261493Z  INFO lingxi_service: request handled request_id=req-83165f721b7a2f407d6c2299e4b17d0f method=POST path=/lingxi/v1/sessions/sess_local_alpha/execute status=409
2026-09-30T02:44:33.261582Z  INFO lingxi_service::sessions: run settled through the single finalize path run_id=run_000001a0f0330f6d_0000d2 session_id="sess_local_alpha" outcome=completed.no_final.no_provider_configured input_chars=17 input_bytes=17
2026-09-30T02:44:33.261722Z  INFO lingxi_service: request handled request_id=req-8d6c20c3a7ec7a44212079c47c2c5978 method=POST path=/lingxi/v1/sessions/sess_local_alpha/execute status=200
2026-09-30T02:44:33.261824Z  INFO lingxi_service::sessions: normal submission to a busy session rejected (session_busy; retryable) session_id="sess_local_alpha"
2026-09-30T02:44:33.261892Z  INFO lingxi_service: request handled request_id=req-95dcfe8e1e5d6349e93b106c91706613 method=POST path=/lingxi/v1/sessions/sess_local_alpha/execute status=409
2026-09-30T02:44:33.262263Z  INFO lingxi_service::sessions: run settled through the single finalize path run_id=run_000001a0f0330f6d_0000d3 session_id="sess_local_alpha" outcome=completed.no_final.no_provider_configured input_chars=17 input_bytes=17
2026-09-30T02:44:33.262374Z  INFO lingxi_service: request handled request_id=req-f8d96096016084cb3826347a37b0ef6c method=POST path=/lingxi/v1/sessions/sess_local_alpha/execute status=200
2026-09-30T02:44:33.262957Z  INFO lingxi_service::sessions: run settled through the single finalize path run_id=run_000001a0f0330f6e_0000d4 session_id="sess_local_alpha" outcome=completed.no_final.no_provider_configured input_chars=17 input_bytes=17
2026-09-30T02:44:33.262988Z  INFO lingxi_service::sessions: normal submission to a busy session rejected (session_busy; retryable) session_id="sess_local_alpha"
2026-09-30T02:44:33.263017Z  INFO lingxi_service::sessions: normal submission to a busy session rejected (session_busy; retryable) session_id="sess_local_alpha"
2026-09-30T02:44:33.263037Z  INFO lingxi_service::sessions: normal submission to a busy session rejected (session_busy; retryable) session_id="sess_local_alpha"
2026-09-30T02:44:33.263063Z  INFO lingxi_service: request handled request_id=req-3d36358e5355b7ac61ec1651a404eee5 method=POST path=/lingxi/v1/sessions/sess_local_alpha/execute status=409
2026-09-30T02:44:33.263090Z  INFO lingxi_service: request handled request_id=req-29d7a978fa0a43990a79684f770b0fc4 method=POST path=/lingxi/v1/sessions/sess_local_alpha/execute status=200
2026-09-30T02:44:33.263093Z  INFO lingxi_service: request handled request_id=req-a677f0c3664fb3961ae58772c750346f method=POST path=/lingxi/v1/sessions/sess_local_alpha/execute status=409
2026-09-30T02:44:33.263161Z  INFO lingxi_service: request handled request_id=req-0f81648d0cb54d80bedf9e47f037c445 method=POST path=/lingxi/v1/sessions/sess_local_alpha/execute status=409
2026-09-30T02:44:33.263652Z  INFO lingxi_service::sessions: normal submission to a busy session rejected (session_busy; retryable) session_id="sess_local_alpha"
2026-09-30T02:44:33.263743Z  INFO lingxi_service: request handled request_id=req-7407ac720f8c6a75bf67048694566589 method=POST path=/lingxi/v1/sessions/sess_local_alpha/execute status=409
2026-09-30T02:44:33.263875Z  INFO lingxi_service::sessions: normal submission to a busy session rejected (session_busy; retryable) session_id="sess_local_alpha"
2026-09-30T02:44:33.263960Z  INFO lingxi_service: request handled request_id=req-7d98a1f529a53a1fa6914ab06397b48f method=POST path=/lingxi/v1/sessions/sess_local_alpha/execute status=409
2026-09-30T02:44:33.264009Z  INFO lingxi_service::sessions: normal submission to a busy session rejected (session_busy; retryable) session_id="sess_local_alpha"
2026-09-30T02:44:33.264018Z  INFO lingxi_service::sessions: normal submission to a busy session rejected (session_busy; retryable) session_id="sess_local_alpha"
2026-09-30T02:44:33.264098Z  INFO lingxi_service: request handled request_id=req-05457e04d6c2eeec4a6504e491a99a38 method=POST path=/lingxi/v1/sessions/sess_local_alpha/execute status=409
2026-09-30T02:44:33.264123Z  INFO lingxi_service: request handled request_id=req-dd48ae80dc8dda96cce64d66caedf440 method=POST path=/lingxi/v1/sessions/sess_local_alpha/execute status=409
2026-09-30T02:44:33.264198Z  INFO lingxi_service::sessions: normal submission to a busy session rejected (session_busy; retryable) session_id="sess_local_alpha"
2026-09-30T02:44:33.264183Z  INFO lingxi_service::sessions: run settled through the single finalize path run_id=run_000001a0f0330f6f_0000d5 session_id="sess_local_alpha" outcome=completed.no_final.no_provider_configured input_chars=17 input_bytes=17
2026-09-30T02:44:33.264212Z  INFO lingxi_service::sessions: normal submission to a busy session rejected (session_busy; retryable) session_id="sess_local_alpha"
2026-09-30T02:44:33.264292Z  INFO lingxi_service: request handled request_id=req-0052059f9475bf245103d95d5dc65fb1 method=POST path=/lingxi/v1/sessions/sess_local_alpha/execute status=409
2026-09-30T02:44:33.264326Z  INFO lingxi_service: request handled request_id=req-0aa0d9f9e185350acbb962437502eeab method=POST path=/lingxi/v1/sessions/sess_local_alpha/execute status=409
2026-09-30T02:44:33.264341Z  INFO lingxi_service: request handled request_id=req-d36afc8405e50a760fc6f4bdfbd64879 method=POST path=/lingxi/v1/sessions/sess_local_alpha/execute status=200
2026-09-30T02:44:33.265516Z  INFO lingxi_service::sessions: normal submission to a busy session rejected (session_busy; retryable) session_id="sess_local_alpha"
2026-09-30T02:44:33.265508Z  INFO lingxi_service::sessions: normal submission to a busy session rejected (session_busy; retryable) session_id="sess_local_alpha"
2026-09-30T02:44:33.265629Z  INFO lingxi_service: request handled request_id=req-4efe58f3cfeb6d1ed9f189e945493938 method=POST path=/lingxi/v1/sessions/sess_local_alpha/execute status=409
2026-09-30T02:44:33.265639Z  INFO lingxi_service: request handled request_id=req-68b7c4b6d7a9eb9d24709460ace764e9 method=POST path=/lingxi/v1/sessions/sess_local_alpha/execute status=409
2026-09-30T02:44:33.265863Z  INFO lingxi_service::sessions: normal submission to a busy session rejected (session_busy; retryable) session_id="sess_local_alpha"
2026-09-30T02:44:33.265855Z  INFO lingxi_service::sessions: run settled through the single finalize path run_id=run_000001a0f0330f71_0000d6 session_id="sess_local_alpha" outcome=completed.no_final.no_provider_configured input_chars=17 input_bytes=17
2026-09-30T02:44:33.265944Z  INFO lingxi_service: request handled request_id=req-2d087e33025800db1e61ad738d5b8da6 method=POST path=/lingxi/v1/sessions/sess_local_alpha/execute status=409
2026-09-30T02:44:33.265979Z  INFO lingxi_service: request handled request_id=req-248e63e5f0d9ba877154545c9008c16c method=POST path=/lingxi/v1/sessions/sess_local_alpha/execute status=200
2026-09-30T02:44:33.266386Z  INFO lingxi_service::sessions: normal submission to a busy session rejected (session_busy; retryable) session_id="sess_local_alpha"
2026-09-30T02:44:33.266457Z  INFO lingxi_service: request handled request_id=req-19d0e295aabd3e5d94c80d354c5a23cd method=POST path=/lingxi/v1/sessions/sess_local_alpha/execute status=409
2026-09-30T02:44:33.266630Z  INFO lingxi_service::sessions: normal submission to a busy session rejected (session_busy; retryable) session_id="sess_local_alpha"
2026-09-30T02:44:33.266637Z  INFO lingxi_service::sessions: normal submission to a busy session rejected (session_busy; retryable) session_id="sess_local_alpha"
2026-09-30T02:44:33.266757Z  INFO lingxi_service: request handled request_id=req-e2b86930a34865f65510849dcb7b780e method=POST path=/lingxi/v1/sessions/sess_local_alpha/execute status=409
2026-09-30T02:44:33.266780Z  INFO lingxi_service: request handled request_id=req-383e7454c6cd8ca31a4123a798a644fa method=POST path=/lingxi/v1/sessions/sess_local_alpha/execute status=409
2026-09-30T02:44:33.266964Z  INFO lingxi_service::sessions: normal submission to a busy session rejected (session_busy; retryable) session_id="sess_local_alpha"
2026-09-30T02:44:33.266959Z  INFO lingxi_service::sessions: run settled through the single finalize path run_id=run_000001a0f0330f72_0000d7 session_id="sess_local_alpha" outcome=completed.no_final.no_provider_configured input_chars=17 input_bytes=17
2026-09-30T02:44:33.267041Z  INFO lingxi_service: request handled request_id=req-01a9e081001190c138080680a1b2d2ed method=POST path=/lingxi/v1/sessions/sess_local_alpha/execute status=409
2026-09-30T02:44:33.267090Z  INFO lingxi_service: request handled request_id=req-e69e304ed88b727ece6e2244a86a414a method=POST path=/lingxi/v1/sessions/sess_local_alpha/execute status=200
2026-09-30T02:44:33.267572Z  INFO lingxi_service::sessions: normal submission to a busy session rejected (session_busy; retryable) session_id="sess_local_alpha"
2026-09-30T02:44:33.267559Z  INFO lingxi_service::sessions: run settled through the single finalize path run_id=run_000001a0f0330f73_0000d8 session_id="sess_local_alpha" outcome=completed.no_final.no_provider_configured input_chars=17 input_bytes=17
2026-09-30T02:44:33.267663Z  INFO lingxi_service: request handled request_id=req-6f6060c9e79c06e2425b7a87af837517 method=POST path=/lingxi/v1/sessions/sess_local_alpha/execute status=409
2026-09-30T02:44:33.267709Z  INFO lingxi_service: request handled request_id=req-1b32d4eb5b3ad3301f4fd91a31213302 method=POST path=/lingxi/v1/sessions/sess_local_alpha/execute status=200
2026-09-30T02:44:33.268033Z  INFO lingxi_service::sessions: normal submission to a busy session rejected (session_busy; retryable) session_id="sess_local_alpha"
2026-09-30T02:44:33.268126Z  INFO lingxi_service: request handled request_id=req-dcef0cfe2b95f493c369809f6d3af55b method=POST path=/lingxi/v1/sessions/sess_local_alpha/execute status=409
2026-09-30T02:44:33.268329Z  INFO lingxi_service::sessions: normal submission to a busy session rejected (session_busy; retryable) session_id="sess_local_alpha"
2026-09-30T02:44:33.268309Z  INFO lingxi_service::sessions: run settled through the single finalize path run_id=run_000001a0f0330f73_0000d9 session_id="sess_local_alpha" outcome=completed.no_final.no_provider_configured input_chars=17 input_bytes=17
2026-09-30T02:44:33.268395Z  INFO lingxi_service::sessions: normal submission to a busy session rejected (session_busy; retryable) session_id="sess_local_alpha"
2026-09-30T02:44:33.268418Z  INFO lingxi_service: request handled request_id=req-e5cb6624be9390a48e3784dfb4f09a07 method=POST path=/lingxi/v1/sessions/sess_local_alpha/execute status=409
2026-09-30T02:44:33.268476Z  INFO lingxi_service: request handled request_id=req-46af715bb3f212c89e3f915095baf218 method=POST path=/lingxi/v1/sessions/sess_local_alpha/execute status=200
2026-09-30T02:44:33.268477Z  INFO lingxi_service: request handled request_id=req-f57ed15905f40131affadb01b2196f08 method=POST path=/lingxi/v1/sessions/sess_local_alpha/execute status=409
2026-09-30T02:44:33.268879Z  INFO lingxi_service::sessions: normal submission to a busy session rejected (session_busy; retryable) session_id="sess_local_alpha"
2026-09-30T02:44:33.268957Z  INFO lingxi_service: request handled request_id=req-f572beafcfd9ae1c2f42ca9961cecfb2 method=POST path=/lingxi/v1/sessions/sess_local_alpha/execute status=409
2026-09-30T02:44:33.269158Z  INFO lingxi_service::sessions: run settled through the single finalize path run_id=run_000001a0f0330f74_0000da session_id="sess_local_alpha" outcome=completed.no_final.no_provider_configured input_chars=17 input_bytes=17
2026-09-30T02:44:33.269284Z  INFO lingxi_service: request handled request_id=req-14397e9ff6702a5000f160c772dd43c5 method=POST path=/lingxi/v1/sessions/sess_local_alpha/execute status=200
2026-09-30T02:44:33.269542Z  INFO lingxi_service::sessions: normal submission to a busy session rejected (session_busy; retryable) session_id="sess_local_alpha"
2026-09-30T02:44:33.269559Z  INFO lingxi_service::sessions: normal submission to a busy session rejected (session_busy; retryable) session_id="sess_local_alpha"
2026-09-30T02:44:33.269644Z  INFO lingxi_service: request handled request_id=req-a97eb4a5bdf448bdaad750f941789994 method=POST path=/lingxi/v1/sessions/sess_local_alpha/execute status=409
2026-09-30T02:44:33.269664Z  INFO lingxi_service: request handled request_id=req-9bd50a2f7afdba5b2f973e4cac0fb452 method=POST path=/lingxi/v1/sessions/sess_local_alpha/execute status=409
2026-09-30T02:44:33.269871Z  INFO lingxi_service::sessions: run settled through the single finalize path run_id=run_000001a0f0330f75_0000db session_id="sess_local_alpha" outcome=completed.no_final.no_provider_configured input_chars=17 input_bytes=17
2026-09-30T02:44:33.270012Z  INFO lingxi_service: request handled request_id=req-bf3986360746fb79f32275bf7d60f46c method=POST path=/lingxi/v1/sessions/sess_local_alpha/execute status=200
2026-09-30T02:44:33.270242Z  INFO lingxi_service::sessions: normal submission to a busy session rejected (session_busy; retryable) session_id="sess_local_alpha"
2026-09-30T02:44:33.270255Z  INFO lingxi_service::sessions: normal submission to a busy session rejected (session_busy; retryable) session_id="sess_local_alpha"
2026-09-30T02:44:33.270273Z  INFO lingxi_service::sessions: normal submission to a busy session rejected (session_busy; retryable) session_id="sess_local_alpha"
2026-09-30T02:44:33.270331Z  INFO lingxi_service: request handled request_id=req-7a308866fb5ef7a1f7f75225191f943c method=POST path=/lingxi/v1/sessions/sess_local_alpha/execute status=409
2026-09-30T02:44:33.270364Z  INFO lingxi_service: request handled request_id=req-813a612e82817c753c9234f7b55a73f9 method=POST path=/lingxi/v1/sessions/sess_local_alpha/execute status=409
2026-09-30T02:44:33.270390Z  INFO lingxi_service: request handled request_id=req-052ba3ff8dd181b3fa71c54eb1d05497 method=POST path=/lingxi/v1/sessions/sess_local_alpha/execute status=409
2026-09-30T02:44:33.270523Z  INFO lingxi_service::sessions: run settled through the single finalize path run_id=run_000001a0f0330f75_0000dc session_id="sess_local_alpha" outcome=completed.no_final.no_provider_configured input_chars=17 input_bytes=17
2026-09-30T02:44:33.270632Z  INFO lingxi_service: request handled request_id=req-b1b961841253d91948802b52efa73bc1 method=POST path=/lingxi/v1/sessions/sess_local_alpha/execute status=200
2026-09-30T02:44:33.271522Z  INFO lingxi_service::sessions: normal submission to a busy session rejected (session_busy; retryable) session_id="sess_local_alpha"
2026-09-30T02:44:33.271538Z  INFO lingxi_service::sessions: normal submission to a busy session rejected (session_busy; retryable) session_id="sess_local_alpha"
2026-09-30T02:44:33.271551Z  INFO lingxi_service::sessions: normal submission to a busy session rejected (session_busy; retryable) session_id="sess_local_alpha"
2026-09-30T02:44:33.271599Z  INFO lingxi_service: request handled request_id=req-ccdfc6cc3f25befbf5b46c743bcdd7fa method=POST path=/lingxi/v1/sessions/sess_local_alpha/execute status=409
2026-09-30T02:44:33.271643Z  INFO lingxi_service: request handled request_id=req-ada512e0a37e8f6f5f4e073e423a5b6f method=POST path=/lingxi/v1/sessions/sess_local_alpha/execute status=409
2026-09-30T02:44:33.271658Z  INFO lingxi_service::sessions: normal submission to a busy session rejected (session_busy; retryable) session_id="sess_local_alpha"
2026-09-30T02:44:33.271665Z  INFO lingxi_service: request handled request_id=req-72575c68da6bbfffb06455812ffed318 method=POST path=/lingxi/v1/sessions/sess_local_alpha/execute status=409
2026-09-30T02:44:33.271748Z  INFO lingxi_service: request handled request_id=req-53c0803a9fccd639357c415e3bd154bb method=POST path=/lingxi/v1/sessions/sess_local_alpha/execute status=409
2026-09-30T02:44:33.271830Z  INFO lingxi_service::sessions: run settled through the single finalize path run_id=run_000001a0f0330f77_0000dd session_id="sess_local_alpha" outcome=completed.no_final.no_provider_configured input_chars=17 input_bytes=17
2026-09-30T02:44:33.271957Z  INFO lingxi_service: request handled request_id=req-168d0f1e7e67207f06f98e1c9c11602b method=POST path=/lingxi/v1/sessions/sess_local_alpha/execute status=200
2026-09-30T02:44:33.272753Z  INFO lingxi_service::sessions: normal submission to a busy session rejected (session_busy; retryable) session_id="sess_local_alpha"
2026-09-30T02:44:33.272767Z  INFO lingxi_service::sessions: normal submission to a busy session rejected (session_busy; retryable) session_id="sess_local_alpha"
2026-09-30T02:44:33.272778Z  INFO lingxi_service::sessions: normal submission to a busy session rejected (session_busy; retryable) session_id="sess_local_alpha"
2026-09-30T02:44:33.272849Z  INFO lingxi_service: request handled request_id=req-6620ea1f04350e5e00ba17f97b48e114 method=POST path=/lingxi/v1/sessions/sess_local_alpha/execute status=409
2026-09-30T02:44:33.272887Z  INFO lingxi_service: request handled request_id=req-694956da65368bce6b373a37ccde68a9 method=POST path=/lingxi/v1/sessions/sess_local_alpha/execute status=409
2026-09-30T02:44:33.272909Z  INFO lingxi_service: request handled request_id=req-e96fb0d0e899fbd0989acfa319adf46f method=POST path=/lingxi/v1/sessions/sess_local_alpha/execute status=409
2026-09-30T02:44:33.273162Z  INFO lingxi_service::sessions: normal submission to a busy session rejected (session_busy; retryable) session_id="sess_local_alpha"
2026-09-30T02:44:33.273159Z  INFO lingxi_service::sessions: run settled through the single finalize path run_id=run_000001a0f0330f78_0000de session_id="sess_local_alpha" outcome=completed.no_final.no_provider_configured input_chars=17 input_bytes=17
2026-09-30T02:44:33.273231Z  INFO lingxi_service: request handled request_id=req-68973505e4fa75400d6e9037fb288b6d method=POST path=/lingxi/v1/sessions/sess_local_alpha/execute status=409
2026-09-30T02:44:33.273314Z  INFO lingxi_service: request handled request_id=req-31b429fd81aadfe42e38960443887a1b method=POST path=/lingxi/v1/sessions/sess_local_alpha/execute status=200
2026-09-30T02:44:33.273644Z  INFO lingxi_service::sessions: normal submission to a busy session rejected (session_busy; retryable) session_id="sess_local_alpha"
2026-09-30T02:44:33.273717Z  INFO lingxi_service: request handled request_id=req-69b8cd3c84558ae94c85beee0136d038 method=POST path=/lingxi/v1/sessions/sess_local_alpha/execute status=409
2026-09-30T02:44:33.273883Z  INFO lingxi_service::sessions: run settled through the single finalize path run_id=run_000001a0f0330f79_0000df session_id="sess_local_alpha" outcome=completed.no_final.no_provider_configured input_chars=17 input_bytes=17
2026-09-30T02:44:33.273927Z  INFO lingxi_service::sessions: normal submission to a busy session rejected (session_busy; retryable) session_id="sess_local_alpha"
2026-09-30T02:44:33.273996Z  INFO lingxi_service: request handled request_id=req-35ad3c82edb8846c035e7d51da9661e8 method=POST path=/lingxi/v1/sessions/sess_local_alpha/execute status=409
2026-09-30T02:44:33.274009Z  INFO lingxi_service: request handled request_id=req-93d8df877baf27b21bd1727767d14ed9 method=POST path=/lingxi/v1/sessions/sess_local_alpha/execute status=200
2026-09-30T02:44:33.274301Z  INFO lingxi_service::sessions: normal submission to a busy session rejected (session_busy; retryable) session_id="sess_local_alpha"
2026-09-30T02:44:33.274395Z  INFO lingxi_service: request handled request_id=req-8caa52ab302790f8fbe196ef2ba47473 method=POST path=/lingxi/v1/sessions/sess_local_alpha/execute status=409
2026-09-30T02:44:33.274588Z  INFO lingxi_service::sessions: normal submission to a busy session rejected (session_busy; retryable) session_id="sess_local_alpha"
2026-09-30T02:44:33.274587Z  INFO lingxi_service::sessions: run settled through the single finalize path run_id=run_000001a0f0330f79_0000e0 session_id="sess_local_alpha" outcome=completed.no_final.no_provider_configured input_chars=17 input_bytes=17
2026-09-30T02:44:33.274676Z  INFO lingxi_service: request handled request_id=req-d48d2da6b94f9759ebbf233d828102f8 method=POST path=/lingxi/v1/sessions/sess_local_alpha/execute status=409
2026-09-30T02:44:33.274714Z  INFO lingxi_service: request handled request_id=req-57e73d4ba4d066ac48678a848750bcd7 method=POST path=/lingxi/v1/sessions/sess_local_alpha/execute status=200
2026-09-30T02:44:33.275528Z  INFO lingxi_service::sessions: normal submission to a busy session rejected (session_busy; retryable) session_id="sess_local_alpha"
2026-09-30T02:44:33.275543Z  INFO lingxi_service::sessions: normal submission to a busy session rejected (session_busy; retryable) session_id="sess_local_alpha"
2026-09-30T02:44:33.275549Z  INFO lingxi_service::sessions: normal submission to a busy session rejected (session_busy; retryable) session_id="sess_local_alpha"
2026-09-30T02:44:33.275557Z  INFO lingxi_service::sessions: normal submission to a busy session rejected (session_busy; retryable) session_id="sess_local_alpha"
2026-09-30T02:44:33.275602Z  INFO lingxi_service: request handled request_id=req-acac4fe22754f23994350edcc311cc33 method=POST path=/lingxi/v1/sessions/sess_local_alpha/execute status=409
2026-09-30T02:44:33.275679Z  INFO lingxi_service: request handled request_id=req-ef1be615ee032df2fad18c22779b4f78 method=POST path=/lingxi/v1/sessions/sess_local_alpha/execute status=409
2026-09-30T02:44:33.275733Z  INFO lingxi_service: request handled request_id=req-ce20b41863dc25c49c294e344c071770 method=POST path=/lingxi/v1/sessions/sess_local_alpha/execute status=409
2026-09-30T02:44:33.275754Z  INFO lingxi_service::sessions: normal submission to a busy session rejected (session_busy; retryable) session_id="sess_local_alpha"
2026-09-30T02:44:33.275726Z  INFO lingxi_service: request handled request_id=req-235336f553671938034d292d9fd0f79f method=POST path=/lingxi/v1/sessions/sess_local_alpha/execute status=409
2026-09-30T02:44:33.275889Z  INFO lingxi_service: request handled request_id=req-ed3770408f2b12de9118784a60684261 method=POST path=/lingxi/v1/sessions/sess_local_alpha/execute status=409
2026-09-30T02:44:33.275953Z  INFO lingxi_service::sessions: normal submission to a busy session rejected (session_busy; retryable) session_id="sess_local_alpha"
2026-09-30T02:44:33.275966Z  INFO lingxi_service::sessions: normal submission to a busy session rejected (session_busy; retryable) session_id="sess_local_alpha"
2026-09-30T02:44:33.275943Z  INFO lingxi_service::sessions: run settled through the single finalize path run_id=run_000001a0f0330f7b_0000e1 session_id="sess_local_alpha" outcome=completed.no_final.no_provider_configured input_chars=17 input_bytes=17
2026-09-30T02:44:33.276043Z  INFO lingxi_service: request handled request_id=req-db34368c89842174e41b77a501c7b78b method=POST path=/lingxi/v1/sessions/sess_local_alpha/execute status=409
2026-09-30T02:44:33.276055Z  INFO lingxi_service: request handled request_id=req-664b330cf4557cdef67a7d55a78f90bd method=POST path=/lingxi/v1/sessions/sess_local_alpha/execute status=409
2026-09-30T02:44:33.276117Z  INFO lingxi_service: request handled request_id=req-1d0d7ced30e816fd100e4b0a11c85033 method=POST path=/lingxi/v1/sessions/sess_local_alpha/execute status=200
2026-09-30T02:44:33.277450Z  INFO lingxi_service::sessions: normal submission to a busy session rejected (session_busy; retryable) session_id="sess_local_alpha"
2026-09-30T02:44:33.277451Z  INFO lingxi_service::sessions: normal submission to a busy session rejected (session_busy; retryable) session_id="sess_local_alpha"
2026-09-30T02:44:33.277546Z  INFO lingxi_service: request handled request_id=req-d867ca4578975fcb4857b610c33856b7 method=POST path=/lingxi/v1/sessions/sess_local_alpha/execute status=409
2026-09-30T02:44:33.277572Z  INFO lingxi_service::sessions: normal submission to a busy session rejected (session_busy; retryable) session_id="sess_local_alpha"
2026-09-30T02:44:33.277567Z  INFO lingxi_service: request handled request_id=req-f12174045ca1fc977b72f246cdbe58c3 method=POST path=/lingxi/v1/sessions/sess_local_alpha/execute status=409
2026-09-30T02:44:33.277576Z  INFO lingxi_service::sessions: normal submission to a busy session rejected (session_busy; retryable) session_id="sess_local_alpha"
2026-09-30T02:44:33.277666Z  INFO lingxi_service: request handled request_id=req-273d3315f483da70aaf5affcaa9c660a method=POST path=/lingxi/v1/sessions/sess_local_alpha/execute status=409
2026-09-30T02:44:33.277728Z  INFO lingxi_service: request handled request_id=req-b77bc0d8104637159c53288ce729f6f2 method=POST path=/lingxi/v1/sessions/sess_local_alpha/execute status=409
2026-09-30T02:44:33.277778Z  INFO lingxi_service::sessions: normal submission to a busy session rejected (session_busy; retryable) session_id="sess_local_alpha"
2026-09-30T02:44:33.277791Z  INFO lingxi_service::sessions: normal submission to a busy session rejected (session_busy; retryable) session_id="sess_local_alpha"
2026-09-30T02:44:33.277773Z  INFO lingxi_service::sessions: run settled through the single finalize path run_id=run_000001a0f0330f7d_0000e2 session_id="sess_local_alpha" outcome=completed.no_final.no_provider_configured input_chars=17 input_bytes=17
2026-09-30T02:44:33.277878Z  INFO lingxi_service: request handled request_id=req-d03c006209474a76e6bf93956fcb8e59 method=POST path=/lingxi/v1/sessions/sess_local_alpha/execute status=409
2026-09-30T02:44:33.277886Z  INFO lingxi_service: request handled request_id=req-081317aa37a57bf6d645ecca80a4cf08 method=POST path=/lingxi/v1/sessions/sess_local_alpha/execute status=409
2026-09-30T02:44:33.277930Z  INFO lingxi_service: request handled request_id=req-312edcba7e3df0944c1e8feeb120317c method=POST path=/lingxi/v1/sessions/sess_local_alpha/execute status=200
2026-09-30T02:44:33.278874Z  INFO lingxi_service::sessions: normal submission to a busy session rejected (session_busy; retryable) session_id="sess_local_alpha"
2026-09-30T02:44:33.278886Z  INFO lingxi_service::sessions: normal submission to a busy session rejected (session_busy; retryable) session_id="sess_local_alpha"
2026-09-30T02:44:33.278975Z  INFO lingxi_service: request handled request_id=req-f2413657c9347984036178dfe97ab228 method=POST path=/lingxi/v1/sessions/sess_local_alpha/execute status=409
2026-09-30T02:44:33.279000Z  INFO lingxi_service: request handled request_id=req-79df657b32736800bac5f776f4500e67 method=POST path=/lingxi/v1/sessions/sess_local_alpha/execute status=409
2026-09-30T02:44:33.279220Z  INFO lingxi_service::sessions: normal submission to a busy session rejected (session_busy; retryable) session_id="sess_local_alpha"
2026-09-30T02:44:33.279212Z  INFO lingxi_service::sessions: run settled through the single finalize path run_id=run_000001a0f0330f7e_0000e3 session_id="sess_local_alpha" outcome=completed.no_final.no_provider_configured input_chars=17 input_bytes=17
2026-09-30T02:44:33.279255Z  INFO lingxi_service::sessions: normal submission to a busy session rejected (session_busy; retryable) session_id="sess_local_alpha"
2026-09-30T02:44:33.279301Z  INFO lingxi_service: request handled request_id=req-32681283541b4483eddd8833854f08cd method=POST path=/lingxi/v1/sessions/sess_local_alpha/execute status=409
2026-09-30T02:44:33.279392Z  INFO lingxi_service: request handled request_id=req-f7a1540795b73b56eb08e27f26e3c2c2 method=POST path=/lingxi/v1/sessions/sess_local_alpha/execute status=200
2026-09-30T02:44:33.279402Z  INFO lingxi_service: request handled request_id=req-da8e99b37231386a18f9ddc4fd838d69 method=POST path=/lingxi/v1/sessions/sess_local_alpha/execute status=409
2026-09-30T02:44:33.279547Z  INFO lingxi_service::sessions: normal submission to a busy session rejected (session_busy; retryable) session_id="sess_local_alpha"
2026-09-30T02:44:33.279622Z  INFO lingxi_service: request handled request_id=req-66f3b706f512a9db53b84ce72cd455c1 method=POST path=/lingxi/v1/sessions/sess_local_alpha/execute status=409
2026-09-30T02:44:33.280016Z  INFO lingxi_service::sessions: run settled through the single finalize path run_id=run_000001a0f0330f7f_0000e4 session_id="sess_local_alpha" outcome=completed.no_final.no_provider_configured input_chars=17 input_bytes=17
2026-09-30T02:44:33.280096Z  INFO lingxi_service::sessions: normal submission to a busy session rejected (session_busy; retryable) session_id="sess_local_alpha"
2026-09-30T02:44:33.280139Z  INFO lingxi_service: request handled request_id=req-7779e8164ae5c33c8c1de5a853725a96 method=POST path=/lingxi/v1/sessions/sess_local_alpha/execute status=200
2026-09-30T02:44:33.280167Z  INFO lingxi_service: request handled request_id=req-c2ee6d6629ef6d5717fd99d83ef97d5a method=POST path=/lingxi/v1/sessions/sess_local_alpha/execute status=409
2026-09-30T02:44:33.280731Z  INFO lingxi_service::sessions: normal submission to a busy session rejected (session_busy; retryable) session_id="sess_local_alpha"
2026-09-30T02:44:33.280808Z  INFO lingxi_service: request handled request_id=req-7056972a53a778ea57e443a1186e08e6 method=POST path=/lingxi/v1/sessions/sess_local_alpha/execute status=409
2026-09-30T02:44:33.280939Z  INFO lingxi_service::sessions: run settled through the single finalize path run_id=run_000001a0f0330f80_0000e5 session_id="sess_local_alpha" outcome=completed.no_final.no_provider_configured input_chars=17 input_bytes=17
2026-09-30T02:44:33.281076Z  INFO lingxi_service: request handled request_id=req-10a08738c058d4ac8824cf16eacea380 method=POST path=/lingxi/v1/sessions/sess_local_alpha/execute status=200
2026-09-30T02:44:33.281373Z  INFO lingxi_service::sessions: normal submission to a busy session rejected (session_busy; retryable) session_id="sess_local_alpha"
2026-09-30T02:44:33.281386Z  INFO lingxi_service::sessions: normal submission to a busy session rejected (session_busy; retryable) session_id="sess_local_alpha"
2026-09-30T02:44:33.281402Z  INFO lingxi_service::sessions: normal submission to a busy session rejected (session_busy; retryable) session_id="sess_local_alpha"
2026-09-30T02:44:33.281457Z  INFO lingxi_service: request handled request_id=req-8f15b094c50940634d8b0dd7d66f4bcc method=POST path=/lingxi/v1/sessions/sess_local_alpha/execute status=409
2026-09-30T02:44:33.281499Z  INFO lingxi_service: request handled request_id=req-5ce1fed258f992362d97c958ff4c6ca7 method=POST path=/lingxi/v1/sessions/sess_local_alpha/execute status=409
2026-09-30T02:44:33.281527Z  INFO lingxi_service::sessions: normal submission to a busy session rejected (session_busy; retryable) session_id="sess_local_alpha"
2026-09-30T02:44:33.281514Z  INFO lingxi_service: request handled request_id=req-fe8202d62047e269b805eeb3a287ced1 method=POST path=/lingxi/v1/sessions/sess_local_alpha/execute status=409
2026-09-30T02:44:33.281517Z  INFO lingxi_service::sessions: normal submission to a busy session rejected (session_busy; retryable) session_id="sess_local_alpha"
2026-09-30T02:44:33.281625Z  INFO lingxi_service: request handled request_id=req-b1ed26a60c614ab69f85c2c931edbbd0 method=POST path=/lingxi/v1/sessions/sess_local_alpha/execute status=409
2026-09-30T02:44:33.281664Z  INFO lingxi_service: request handled request_id=req-67b90398f0e9ea77d85eb3551f019bb6 method=POST path=/lingxi/v1/sessions/sess_local_alpha/execute status=409
2026-09-30T02:44:33.281710Z  INFO lingxi_service::sessions: run settled through the single finalize path run_id=run_000001a0f0330f81_0000e6 session_id="sess_local_alpha" outcome=completed.no_final.no_provider_configured input_chars=17 input_bytes=17
2026-09-30T02:44:33.281841Z  INFO lingxi_service: request handled request_id=req-f4ca0a54dfceed510336f6d116b7be0d method=POST path=/lingxi/v1/sessions/sess_local_alpha/execute status=200
2026-09-30T02:44:33.282527Z  INFO lingxi_service::sessions: run settled through the single finalize path run_id=run_000001a0f0330f82_0000e7 session_id="sess_local_alpha" outcome=completed.no_final.no_provider_configured input_chars=17 input_bytes=17
2026-09-30T02:44:33.282641Z  INFO lingxi_service: request handled request_id=req-5ba90c65647ab508b1a090dc31e0c765 method=POST path=/lingxi/v1/sessions/sess_local_alpha/execute status=200
2026-09-30T02:44:33.283625Z  INFO lingxi_service::sessions: normal submission to a busy session rejected (session_busy; retryable) session_id="sess_local_alpha"
2026-09-30T02:44:33.283700Z  INFO lingxi_service: request handled request_id=req-341963f1392f5c18b0393324924e7120 method=POST path=/lingxi/v1/sessions/sess_local_alpha/execute status=409
2026-09-30T02:44:33.283976Z  INFO lingxi_service::sessions: normal submission to a busy session rejected (session_busy; retryable) session_id="sess_local_alpha"
2026-09-30T02:44:33.283969Z  INFO lingxi_service::sessions: run settled through the single finalize path run_id=run_000001a0f0330f83_0000e8 session_id="sess_local_alpha" outcome=completed.no_final.no_provider_configured input_chars=17 input_bytes=17
2026-09-30T02:44:33.284060Z  INFO lingxi_service: request handled request_id=req-c3e82c203e39f0d4abfc062b99ec2fdf method=POST path=/lingxi/v1/sessions/sess_local_alpha/execute status=409
2026-09-30T02:44:33.284105Z  INFO lingxi_service: request handled request_id=req-7efe8ecbf0cf3afe8c173a895679d932 method=POST path=/lingxi/v1/sessions/sess_local_alpha/execute status=200
2026-09-30T02:44:33.284492Z  INFO lingxi_service::sessions: normal submission to a busy session rejected (session_busy; retryable) session_id="sess_local_alpha"
2026-09-30T02:44:33.284588Z  INFO lingxi_service: request handled request_id=req-fa90203b06bc895ec82038e5bcad5ec5 method=POST path=/lingxi/v1/sessions/sess_local_alpha/execute status=409
2026-09-30T02:44:33.284595Z  INFO lingxi_service::sessions: normal submission to a busy session rejected (session_busy; retryable) session_id="sess_local_alpha"
2026-09-30T02:44:33.284708Z  INFO lingxi_service: request handled request_id=req-3fc6c5f69e68fcc90bcc6e01026770c0 method=POST path=/lingxi/v1/sessions/sess_local_alpha/execute status=409
2026-09-30T02:44:33.284783Z  INFO lingxi_service::sessions: run settled through the single finalize path run_id=run_000001a0f0330f84_0000e9 session_id="sess_local_alpha" outcome=completed.no_final.no_provider_configured input_chars=17 input_bytes=17
2026-09-30T02:44:33.284852Z  INFO lingxi_service::sessions: normal submission to a busy session rejected (session_busy; retryable) session_id="sess_local_alpha"
2026-09-30T02:44:33.284910Z  INFO lingxi_service: request handled request_id=req-85d845ecb13db3103665892f79478984 method=POST path=/lingxi/v1/sessions/sess_local_alpha/execute status=200
2026-09-30T02:44:33.284922Z  INFO lingxi_service: request handled request_id=req-ecb221f522295f289ea1dbb0ffb2ccb5 method=POST path=/lingxi/v1/sessions/sess_local_alpha/execute status=409
2026-09-30T02:44:33.285594Z  INFO lingxi_service::sessions: normal submission to a busy session rejected (session_busy; retryable) session_id="sess_local_alpha"
2026-09-30T02:44:33.285612Z  INFO lingxi_service::sessions: normal submission to a busy session rejected (session_busy; retryable) session_id="sess_local_alpha"
2026-09-30T02:44:33.285714Z  INFO lingxi_service: request handled request_id=req-c1c8fbce5d512d2e5de44ee5de95bfc2 method=POST path=/lingxi/v1/sessions/sess_local_alpha/execute status=409
2026-09-30T02:44:33.285726Z  INFO lingxi_service: request handled request_id=req-456811ef5356fc10cd3cc55471bec0e1 method=POST path=/lingxi/v1/sessions/sess_local_alpha/execute status=409
2026-09-30T02:44:33.285896Z  INFO lingxi_service::sessions: normal submission to a busy session rejected (session_busy; retryable) session_id="sess_local_alpha"
2026-09-30T02:44:33.285876Z  INFO lingxi_service::sessions: run settled through the single finalize path run_id=run_000001a0f0330f85_0000ea session_id="sess_local_alpha" outcome=completed.no_final.no_provider_configured input_chars=17 input_bytes=17
2026-09-30T02:44:33.285921Z  INFO lingxi_service::sessions: normal submission to a busy session rejected (session_busy; retryable) session_id="sess_local_alpha"
2026-09-30T02:44:33.286003Z  INFO lingxi_service: request handled request_id=req-8a6db26b2f20a1fdd1bb5bb3d7e98599 method=POST path=/lingxi/v1/sessions/sess_local_alpha/execute status=409
2026-09-30T02:44:33.286020Z  INFO lingxi_service: request handled request_id=req-f53693095eb080ddf375df1dbba6a8f7 method=POST path=/lingxi/v1/sessions/sess_local_alpha/execute status=409
2026-09-30T02:44:33.286053Z  INFO lingxi_service: request handled request_id=req-a619011076f18fe63608e6297c40c8bc method=POST path=/lingxi/v1/sessions/sess_local_alpha/execute status=200
2026-09-30T02:44:33.286287Z  INFO lingxi_service::sessions: normal submission to a busy session rejected (session_busy; retryable) session_id="sess_local_alpha"
2026-09-30T02:44:33.286357Z  INFO lingxi_service: request handled request_id=req-5c8a4d2ee3e713d341628634938e078d method=POST path=/lingxi/v1/sessions/sess_local_alpha/execute status=409
2026-09-30T02:44:33.286551Z  INFO lingxi_service::sessions: normal submission to a busy session rejected (session_busy; retryable) session_id="sess_local_alpha"
2026-09-30T02:44:33.286579Z  INFO lingxi_service::sessions: normal submission to a busy session rejected (session_busy; retryable) session_id="sess_local_alpha"
2026-09-30T02:44:33.286633Z  INFO lingxi_service: request handled request_id=req-06c8cd8fac3a61fdcaa430c83ca1690f method=POST path=/lingxi/v1/sessions/sess_local_alpha/execute status=409
2026-09-30T02:44:33.286673Z  INFO lingxi_service: request handled request_id=req-dd0b8df28ebf707f1dc46b0e56d8c51d method=POST path=/lingxi/v1/sessions/sess_local_alpha/execute status=409
2026-09-30T02:44:33.286852Z  INFO lingxi_service::sessions: run settled through the single finalize path run_id=run_000001a0f0330f86_0000eb session_id="sess_local_alpha" outcome=completed.no_final.no_provider_configured input_chars=17 input_bytes=17
2026-09-30T02:44:33.287010Z  INFO lingxi_service: request handled request_id=req-3d494ba9409ed23f851d376293a09004 method=POST path=/lingxi/v1/sessions/sess_local_alpha/execute status=200
2026-09-30T02:44:33.287144Z  INFO lingxi_service::sessions: normal submission to a busy session rejected (session_busy; retryable) session_id="sess_local_alpha"
2026-09-30T02:44:33.287219Z  INFO lingxi_service: request handled request_id=req-bedc6ef207c78a2a92c51db833d14646 method=POST path=/lingxi/v1/sessions/sess_local_alpha/execute status=409
2026-09-30T02:44:33.287378Z  INFO lingxi_service::sessions: normal submission to a busy session rejected (session_busy; retryable) session_id="sess_local_alpha"
2026-09-30T02:44:33.287464Z  INFO lingxi_service: request handled request_id=req-eb8d0ed2051de1409e71e49c2f511106 method=POST path=/lingxi/v1/sessions/sess_local_alpha/execute status=409
2026-09-30T02:44:33.287664Z  INFO lingxi_service::sessions: normal submission to a busy session rejected (session_busy; retryable) session_id="sess_local_alpha"
2026-09-30T02:44:33.287658Z  INFO lingxi_service::sessions: run settled through the single finalize path run_id=run_000001a0f0330f87_0000ec session_id="sess_local_alpha" outcome=completed.no_final.no_provider_configured input_chars=17 input_bytes=17
2026-09-30T02:44:33.287734Z  INFO lingxi_service: request handled request_id=req-e71490f89e801680dfa769e4380abd2c method=POST path=/lingxi/v1/sessions/sess_local_alpha/execute status=409
2026-09-30T02:44:33.287794Z  INFO lingxi_service: request handled request_id=req-9b04ea8a1c116dddf9096544e6a739b9 method=POST path=/lingxi/v1/sessions/sess_local_alpha/execute status=200
2026-09-30T02:44:33.288117Z  INFO lingxi_service::sessions: normal submission to a busy session rejected (session_busy; retryable) session_id="sess_local_alpha"
2026-09-30T02:44:33.288186Z  INFO lingxi_service: request handled request_id=req-65dbc5a3ea1352c1e653b6f428fcb28d method=POST path=/lingxi/v1/sessions/sess_local_alpha/execute status=409
2026-09-30T02:44:33.288331Z  INFO lingxi_service::sessions: normal submission to a busy session rejected (session_busy; retryable) session_id="sess_local_alpha"
2026-09-30T02:44:33.288348Z  INFO lingxi_service::sessions: normal submission to a busy session rejected (session_busy; retryable) session_id="sess_local_alpha"
2026-09-30T02:44:33.288408Z  INFO lingxi_service: request handled request_id=req-4e991839c1c911cc0732c5663b08bdc6 method=POST path=/lingxi/v1/sessions/sess_local_alpha/execute status=409
2026-09-30T02:44:33.288457Z  INFO lingxi_service: request handled request_id=req-12939a2103c4b4595e78b7720c2622bd method=POST path=/lingxi/v1/sessions/sess_local_alpha/execute status=409
2026-09-30T02:44:33.288617Z  INFO lingxi_service::sessions: run settled through the single finalize path run_id=run_000001a0f0330f88_0000ed session_id="sess_local_alpha" outcome=completed.no_final.no_provider_configured input_chars=17 input_bytes=17
2026-09-30T02:44:33.288737Z  INFO lingxi_service: request handled request_id=req-3c6a273320150d65195216ddb15f8ca9 method=POST path=/lingxi/v1/sessions/sess_local_alpha/execute status=200
2026-09-30T02:44:33.289888Z  INFO lingxi_service::sessions: normal submission to a busy session rejected (session_busy; retryable) session_id="sess_local_alpha"
2026-09-30T02:44:33.289907Z  INFO lingxi_service::sessions: normal submission to a busy session rejected (session_busy; retryable) session_id="sess_local_alpha"
2026-09-30T02:44:33.289970Z  INFO lingxi_service: request handled request_id=req-4c210823d67f0b04884f4e055c24845d method=POST path=/lingxi/v1/sessions/sess_local_alpha/execute status=409
2026-09-30T02:44:33.290005Z  INFO lingxi_service: request handled request_id=req-3e8a9e6a332f4877371555c08da704a0 method=POST path=/lingxi/v1/sessions/sess_local_alpha/execute status=409
2026-09-30T02:44:33.290065Z  INFO lingxi_service::sessions: normal submission to a busy session rejected (session_busy; retryable) session_id="sess_local_alpha"
2026-09-30T02:44:33.290061Z  INFO lingxi_service::sessions: run settled through the single finalize path run_id=run_000001a0f0330f89_0000ee session_id="sess_local_alpha" outcome=completed.no_final.no_provider_configured input_chars=17 input_bytes=17
2026-09-30T02:44:33.290158Z  INFO lingxi_service::sessions: normal submission to a busy session rejected (session_busy; retryable) session_id="sess_local_alpha"
2026-09-30T02:44:33.290166Z  INFO lingxi_service: request handled request_id=req-05f15bc63fae139fbfc8f9d988ad78b4 method=POST path=/lingxi/v1/sessions/sess_local_alpha/execute status=409
2026-09-30T02:44:33.290193Z  INFO lingxi_service: request handled request_id=req-ab79193e8a36b3d3e10664a38d4be8ee method=POST path=/lingxi/v1/sessions/sess_local_alpha/execute status=200
2026-09-30T02:44:33.290248Z  INFO lingxi_service: request handled request_id=req-2f23bf6c66cef81e361bf01e2f049825 method=POST path=/lingxi/v1/sessions/sess_local_alpha/execute status=409
2026-09-30T02:44:33.290763Z  INFO lingxi_service::sessions: run settled through the single finalize path run_id=run_000001a0f0330f8a_0000ef session_id="sess_local_alpha" outcome=completed.no_final.no_provider_configured input_chars=17 input_bytes=17
2026-09-30T02:44:33.290908Z  INFO lingxi_service: request handled request_id=req-bab361892ba8c0ce79861e635ca00705 method=POST path=/lingxi/v1/sessions/sess_local_alpha/execute status=200
2026-09-30T02:44:33.291406Z  INFO lingxi_service::sessions: normal submission to a busy session rejected (session_busy; retryable) session_id="sess_local_alpha"
2026-09-30T02:44:33.291419Z  INFO lingxi_service::sessions: normal submission to a busy session rejected (session_busy; retryable) session_id="sess_local_alpha"
2026-09-30T02:44:33.291404Z  INFO lingxi_service::sessions: run settled through the single finalize path run_id=run_000001a0f0330f8a_0000f0 session_id="sess_local_alpha" outcome=completed.no_final.no_provider_configured input_chars=17 input_bytes=17
2026-09-30T02:44:33.291437Z  INFO lingxi_service::sessions: normal submission to a busy session rejected (session_busy; retryable) session_id="sess_local_alpha"
2026-09-30T02:44:33.291511Z  INFO lingxi_service: request handled request_id=req-1fbe6962c5cbd261d8a4a1435836ac34 method=POST path=/lingxi/v1/sessions/sess_local_alpha/execute status=409
2026-09-30T02:44:33.291518Z  INFO lingxi_service: request handled request_id=req-b1475818a8c7a7b9148e7f0e9f42c4a8 method=POST path=/lingxi/v1/sessions/sess_local_alpha/execute status=409
2026-09-30T02:44:33.291563Z  INFO lingxi_service: request handled request_id=req-35a981adada6bae2f3277a8261b22946 method=POST path=/lingxi/v1/sessions/sess_local_alpha/execute status=409
2026-09-30T02:44:33.291574Z  INFO lingxi_service: request handled request_id=req-6275f21ae95a689d19fc2935a6e96021 method=POST path=/lingxi/v1/sessions/sess_local_alpha/execute status=200
2026-09-30T02:44:33.291899Z  INFO lingxi_service::sessions: normal submission to a busy session rejected (session_busy; retryable) session_id="sess_local_alpha"
2026-09-30T02:44:33.291917Z  INFO lingxi_service::sessions: normal submission to a busy session rejected (session_busy; retryable) session_id="sess_local_alpha"
2026-09-30T02:44:33.291924Z  INFO lingxi_service::sessions: normal submission to a busy session rejected (session_busy; retryable) session_id="sess_local_alpha"
2026-09-30T02:44:33.291979Z  INFO lingxi_service: request handled request_id=req-db8ff8a21efb77db947d5b61261017f4 method=POST path=/lingxi/v1/sessions/sess_local_alpha/execute status=409
2026-09-30T02:44:33.292019Z  INFO lingxi_service: request handled request_id=req-cc9561518a78ae0d775f21786f8688e1 method=POST path=/lingxi/v1/sessions/sess_local_alpha/execute status=409
2026-09-30T02:44:33.292052Z  INFO lingxi_service: request handled request_id=req-e5e4b590fd5b89ef52b4d2467b1def15 method=POST path=/lingxi/v1/sessions/sess_local_alpha/execute status=409
2026-09-30T02:44:33.292232Z  INFO lingxi_service::sessions: run settled through the single finalize path run_id=run_000001a0f0330f8b_0000f1 session_id="sess_local_alpha" outcome=completed.no_final.no_provider_configured input_chars=17 input_bytes=17
2026-09-30T02:44:33.292284Z  INFO lingxi_service::sessions: normal submission to a busy session rejected (session_busy; retryable) session_id="sess_local_alpha"
2026-09-30T02:44:33.292353Z  INFO lingxi_service: request handled request_id=req-3eab0f7a08f24c434cc0f1932361bdb1 method=POST path=/lingxi/v1/sessions/sess_local_alpha/execute status=200
2026-09-30T02:44:33.292358Z  INFO lingxi_service: request handled request_id=req-324d15d8f70469b522d6131316224024 method=POST path=/lingxi/v1/sessions/sess_local_alpha/execute status=409
2026-09-30T02:44:33.293154Z  INFO lingxi_service::sessions: normal submission to a busy session rejected (session_busy; retryable) session_id="sess_local_alpha"
2026-09-30T02:44:33.293243Z  INFO lingxi_service: request handled request_id=req-02d28eb6cb0d3c7169b2ec1fd8afdb8a method=POST path=/lingxi/v1/sessions/sess_local_alpha/execute status=409
2026-09-30T02:44:33.293322Z  INFO lingxi_service::sessions: normal submission to a busy session rejected (session_busy; retryable) session_id="sess_local_alpha"
2026-09-30T02:44:33.293321Z  INFO lingxi_service::sessions: run settled through the single finalize path run_id=run_000001a0f0330f8c_0000f2 session_id="sess_local_alpha" outcome=completed.no_final.no_provider_configured input_chars=17 input_bytes=17
2026-09-30T02:44:33.293397Z  INFO lingxi_service::sessions: normal submission to a busy session rejected (session_busy; retryable) session_id="sess_local_alpha"
2026-09-30T02:44:33.293410Z  INFO lingxi_service: request handled request_id=req-05c14a334e366622c6e15312a1da5274 method=POST path=/lingxi/v1/sessions/sess_local_alpha/execute status=409
2026-09-30T02:44:33.293457Z  INFO lingxi_service: request handled request_id=req-5c88298e37bc29e8d80ebf8c86352616 method=POST path=/lingxi/v1/sessions/sess_local_alpha/execute status=200
2026-09-30T02:44:33.293469Z  INFO lingxi_service: request handled request_id=req-d7adf65148f553ee8c0e11a1408b37da method=POST path=/lingxi/v1/sessions/sess_local_alpha/execute status=409
2026-09-30T02:44:33.294058Z  INFO lingxi_service::sessions: normal submission to a busy session rejected (session_busy; retryable) session_id="sess_local_alpha"
2026-09-30T02:44:33.294151Z  INFO lingxi_service: request handled request_id=req-07fc2c967d30b4aa2176dece31822432 method=POST path=/lingxi/v1/sessions/sess_local_alpha/execute status=409
2026-09-30T02:44:33.294167Z  INFO lingxi_service::sessions: normal submission to a busy session rejected (session_busy; retryable) session_id="sess_local_alpha"
2026-09-30T02:44:33.294272Z  INFO lingxi_service: request handled request_id=req-9b6d74cdf3ba0a45c016b8cc4a9e268b method=POST path=/lingxi/v1/sessions/sess_local_alpha/execute status=409
2026-09-30T02:44:33.294322Z  INFO lingxi_service::sessions: normal submission to a busy session rejected (session_busy; retryable) session_id="sess_local_alpha"
2026-09-30T02:44:33.294320Z  INFO lingxi_service::sessions: run settled through the single finalize path run_id=run_000001a0f0330f8d_0000f3 session_id="sess_local_alpha" outcome=completed.no_final.no_provider_configured input_chars=17 input_bytes=17
2026-09-30T02:44:33.294361Z  INFO lingxi_service::sessions: normal submission to a busy session rejected (session_busy; retryable) session_id="sess_local_alpha"
2026-09-30T02:44:33.294421Z  INFO lingxi_service: request handled request_id=req-730f1fde74cf56d89fa329328f650eb8 method=POST path=/lingxi/v1/sessions/sess_local_alpha/execute status=409
2026-09-30T02:44:33.294449Z  INFO lingxi_service: request handled request_id=req-4863f807382ba85fea04e1474a317de7 method=POST path=/lingxi/v1/sessions/sess_local_alpha/execute status=409
2026-09-30T02:44:33.294472Z  INFO lingxi_service: request handled request_id=req-d49d22fe497138ad46674f4b6bc36b1a method=POST path=/lingxi/v1/sessions/sess_local_alpha/execute status=200
2026-09-30T02:44:33.295725Z  INFO lingxi_service::sessions: normal submission to a busy session rejected (session_busy; retryable) session_id="sess_local_alpha"
2026-09-30T02:44:33.295742Z  INFO lingxi_service::sessions: normal submission to a busy session rejected (session_busy; retryable) session_id="sess_local_alpha"
2026-09-30T02:44:33.295750Z  INFO lingxi_service::sessions: normal submission to a busy session rejected (session_busy; retryable) session_id="sess_local_alpha"
2026-09-30T02:44:33.295763Z  INFO lingxi_service::sessions: normal submission to a busy session rejected (session_busy; retryable) session_id="sess_local_alpha"
2026-09-30T02:44:33.295799Z  INFO lingxi_service: request handled request_id=req-efd93d3bfac0e06fa7f73da02179b7f9 method=POST path=/lingxi/v1/sessions/sess_local_alpha/execute status=409
2026-09-30T02:44:33.295845Z  INFO lingxi_service: request handled request_id=req-e0ed18a393bc08c607a1ec240fa4dda8 method=POST path=/lingxi/v1/sessions/sess_local_alpha/execute status=409
2026-09-30T02:44:33.295870Z  INFO lingxi_service: request handled request_id=req-534def23d81f597c3931fc8767ef9b0a method=POST path=/lingxi/v1/sessions/sess_local_alpha/execute status=409
2026-09-30T02:44:33.295878Z  INFO lingxi_service: request handled request_id=req-beabbe55ad13920ad919a6215130d94b method=POST path=/lingxi/v1/sessions/sess_local_alpha/execute status=409
2026-09-30T02:44:33.296039Z  INFO lingxi_service::sessions: normal submission to a busy session rejected (session_busy; retryable) session_id="sess_local_alpha"
2026-09-30T02:44:33.296034Z  INFO lingxi_service::sessions: run settled through the single finalize path run_id=run_000001a0f0330f8f_0000f4 session_id="sess_local_alpha" outcome=completed.no_final.no_provider_configured input_chars=17 input_bytes=17
2026-09-30T02:44:33.296127Z  INFO lingxi_service: request handled request_id=req-bf04de0b981faf3d652c9622fbaf806a method=POST path=/lingxi/v1/sessions/sess_local_alpha/execute status=409
2026-09-30T02:44:33.296181Z  INFO lingxi_service: request handled request_id=req-d7b4b27fb92d8eac1c23cefa23f5fff0 method=POST path=/lingxi/v1/sessions/sess_local_alpha/execute status=200
2026-09-30T02:44:33.296905Z  INFO lingxi_service::sessions: normal submission to a busy session rejected (session_busy; retryable) session_id="sess_local_alpha"
2026-09-30T02:44:33.297033Z  INFO lingxi_service::sessions: normal submission to a busy session rejected (session_busy; retryable) session_id="sess_local_alpha"
2026-09-30T02:44:33.296999Z  INFO lingxi_service: request handled request_id=req-1f4c03d68e152386e6d90f8228b36235 method=POST path=/lingxi/v1/sessions/sess_local_alpha/execute status=409
2026-09-30T02:44:33.297127Z  INFO lingxi_service: request handled request_id=req-8b652565b249e21f194c16c56f34e8ab method=POST path=/lingxi/v1/sessions/sess_local_alpha/execute status=409
2026-09-30T02:44:33.297233Z  INFO lingxi_service::sessions: run settled through the single finalize path run_id=run_000001a0f0330f90_0000f5 session_id="sess_local_alpha" outcome=completed.no_final.no_provider_configured input_chars=17 input_bytes=17
2026-09-30T02:44:33.297249Z  INFO lingxi_service::sessions: normal submission to a busy session rejected (session_busy; retryable) session_id="sess_local_alpha"
2026-09-30T02:44:33.297273Z  INFO lingxi_service::sessions: normal submission to a busy session rejected (session_busy; retryable) session_id="sess_local_alpha"
2026-09-30T02:44:33.297270Z  INFO lingxi_service::sessions: normal submission to a busy session rejected (session_busy; retryable) session_id="sess_local_alpha"
2026-09-30T02:44:33.297339Z  INFO lingxi_service: request handled request_id=req-8c353de84eed42761f56586bb93f29dc method=POST path=/lingxi/v1/sessions/sess_local_alpha/execute status=409
2026-09-30T02:44:33.297383Z  INFO lingxi_service: request handled request_id=req-4a47306600a3f78c8fa3e9608d60cf8b method=POST path=/lingxi/v1/sessions/sess_local_alpha/execute status=200
2026-09-30T02:44:33.297384Z  INFO lingxi_service: request handled request_id=req-c6a4eb3d9c722efed7a34768b3f6af65 method=POST path=/lingxi/v1/sessions/sess_local_alpha/execute status=409
2026-09-30T02:44:33.297413Z  INFO lingxi_service: request handled request_id=req-2725e379776db559a5723f87b095fd87 method=POST path=/lingxi/v1/sessions/sess_local_alpha/execute status=409
2026-09-30T02:44:33.298203Z  INFO lingxi_service::sessions: normal submission to a busy session rejected (session_busy; retryable) session_id="sess_local_alpha"
2026-09-30T02:44:33.298288Z  INFO lingxi_service: request handled request_id=req-6ab8434f4f077ce5b175332ca0c35cdb method=POST path=/lingxi/v1/sessions/sess_local_alpha/execute status=409
2026-09-30T02:44:33.298367Z  INFO lingxi_service::sessions: normal submission to a busy session rejected (session_busy; retryable) session_id="sess_local_alpha"
2026-09-30T02:44:33.298358Z  INFO lingxi_service::sessions: run settled through the single finalize path run_id=run_000001a0f0330f91_0000f6 session_id="sess_local_alpha" outcome=completed.no_final.no_provider_configured input_chars=17 input_bytes=17
2026-09-30T02:44:33.298388Z  INFO lingxi_service::sessions: normal submission to a busy session rejected (session_busy; retryable) session_id="sess_local_alpha"
2026-09-30T02:44:33.298455Z  INFO lingxi_service: request handled request_id=req-2cae2897afab62241dbb01e53a64641e method=POST path=/lingxi/v1/sessions/sess_local_alpha/execute status=409
2026-09-30T02:44:33.298481Z  INFO lingxi_service: request handled request_id=req-0c63343fa866a1028be7088581d6bac0 method=POST path=/lingxi/v1/sessions/sess_local_alpha/execute status=409
2026-09-30T02:44:33.298508Z  INFO lingxi_service: request handled request_id=req-920925c72ae20d476f47bdf4b02abe6e method=POST path=/lingxi/v1/sessions/sess_local_alpha/execute status=200
2026-09-30T02:44:33.299101Z  INFO lingxi_service::sessions: normal submission to a busy session rejected (session_busy; retryable) session_id="sess_local_alpha"
2026-09-30T02:44:33.299098Z  INFO lingxi_service::sessions: run settled through the single finalize path run_id=run_000001a0f0330f92_0000f7 session_id="sess_local_alpha" outcome=completed.no_final.no_provider_configured input_chars=17 input_bytes=17
2026-09-30T02:44:33.299193Z  INFO lingxi_service: request handled request_id=req-c5c67caccced35c8fd763a28249bd1a8 method=POST path=/lingxi/v1/sessions/sess_local_alpha/execute status=409
2026-09-30T02:44:33.299200Z  INFO lingxi_service::sessions: normal submission to a busy session rejected (session_busy; retryable) session_id="sess_local_alpha"
2026-09-30T02:44:33.299215Z  INFO lingxi_service::sessions: normal submission to a busy session rejected (session_busy; retryable) session_id="sess_local_alpha"
2026-09-30T02:44:33.299264Z  INFO lingxi_service: request handled request_id=req-7092c34ce1b7e5c096eb3a6519f590eb method=POST path=/lingxi/v1/sessions/sess_local_alpha/execute status=200
2026-09-30T02:44:33.299300Z  INFO lingxi_service: request handled request_id=req-3fe6dbc4777887b2360a84141451eeb5 method=POST path=/lingxi/v1/sessions/sess_local_alpha/execute status=409
2026-09-30T02:44:33.299331Z  INFO lingxi_service: request handled request_id=req-6db1bb11bbf22767c137879ff08c6569 method=POST path=/lingxi/v1/sessions/sess_local_alpha/execute status=409
2026-09-30T02:44:33.299914Z  INFO lingxi_service::sessions: normal submission to a busy session rejected (session_busy; retryable) session_id="sess_local_alpha"
2026-09-30T02:44:33.299903Z  INFO lingxi_service::sessions: run settled through the single finalize path run_id=run_000001a0f0330f93_0000f8 session_id="sess_local_alpha" outcome=completed.no_final.no_provider_configured input_chars=17 input_bytes=17
2026-09-30T02:44:33.299921Z  INFO lingxi_service::sessions: normal submission to a busy session rejected (session_busy; retryable) session_id="sess_local_alpha"
2026-09-30T02:44:33.299997Z  INFO lingxi_service: request handled request_id=req-50b5fde4d7fac34751a6fef478a667e8 method=POST path=/lingxi/v1/sessions/sess_local_alpha/execute status=409
2026-09-30T02:44:33.300022Z  INFO lingxi_service: request handled request_id=req-6112ff7d54a8ad7fb319cee37118a827 method=POST path=/lingxi/v1/sessions/sess_local_alpha/execute status=409
2026-09-30T02:44:33.300043Z  INFO lingxi_service: request handled request_id=req-ddfd506d05f60383f7bdf24aaf2cd812 method=POST path=/lingxi/v1/sessions/sess_local_alpha/execute status=200
2026-09-30T02:44:33.300633Z  INFO lingxi_service::sessions: run settled through the single finalize path run_id=run_000001a0f0330f94_0000f9 session_id="sess_local_alpha" outcome=completed.no_final.no_provider_configured input_chars=17 input_bytes=17
2026-09-30T02:44:33.300740Z  INFO lingxi_service: request handled request_id=req-5df7acfc5f4d01bb84763cc6f93ec9da method=POST path=/lingxi/v1/sessions/sess_local_alpha/execute status=200
2026-09-30T02:44:33.301596Z  INFO lingxi_service::sessions: normal submission to a busy session rejected (session_busy; retryable) session_id="sess_local_alpha"
2026-09-30T02:44:33.301605Z  INFO lingxi_service::sessions: normal submission to a busy session rejected (session_busy; retryable) session_id="sess_local_alpha"
2026-09-30T02:44:33.301671Z  INFO lingxi_service: request handled request_id=req-fd83c29b2a73a1f0c550db6bed90fbef method=POST path=/lingxi/v1/sessions/sess_local_alpha/execute status=409
2026-09-30T02:44:33.301692Z  INFO lingxi_service::sessions: normal submission to a busy session rejected (session_busy; retryable) session_id="sess_local_alpha"
2026-09-30T02:44:33.301692Z  INFO lingxi_service: request handled request_id=req-6c6f74655f6e764db68636192019e18e method=POST path=/lingxi/v1/sessions/sess_local_alpha/execute status=409
2026-09-30T02:44:33.301764Z  INFO lingxi_service: request handled request_id=req-6f86ea6f8322b1c78a4218127346f9f7 method=POST path=/lingxi/v1/sessions/sess_local_alpha/execute status=409
2026-09-30T02:44:33.301841Z  INFO lingxi_service::sessions: run settled through the single finalize path run_id=run_000001a0f0330f95_0000fa session_id="sess_local_alpha" outcome=completed.no_final.no_provider_configured input_chars=17 input_bytes=17
2026-09-30T02:44:33.301953Z  INFO lingxi_service: request handled request_id=req-f305e840a5a7b04ea05f9c6cdd331dbf method=POST path=/lingxi/v1/sessions/sess_local_alpha/execute status=200
2026-09-30T02:44:33.302650Z  INFO lingxi_service::sessions: normal submission to a busy session rejected (session_busy; retryable) session_id="sess_local_alpha"
2026-09-30T02:44:33.302677Z  INFO lingxi_service::sessions: normal submission to a busy session rejected (session_busy; retryable) session_id="sess_local_alpha"
2026-09-30T02:44:33.302735Z  INFO lingxi_service: request handled request_id=req-4e7564958d3fa58510650144b24d5f68 method=POST path=/lingxi/v1/sessions/sess_local_alpha/execute status=409
2026-09-30T02:44:33.302762Z  INFO lingxi_service: request handled request_id=req-c71749b59f6b70a5401fba2cd760fe18 method=POST path=/lingxi/v1/sessions/sess_local_alpha/execute status=409
2026-09-30T02:44:33.302771Z  INFO lingxi_service::sessions: normal submission to a busy session rejected (session_busy; retryable) session_id="sess_local_alpha"
2026-09-30T02:44:33.302793Z  INFO lingxi_service::sessions: normal submission to a busy session rejected (session_busy; retryable) session_id="sess_local_alpha"
2026-09-30T02:44:33.302867Z  INFO lingxi_service: request handled request_id=req-1b0e74bb53a015b53eac81a046fbf148 method=POST path=/lingxi/v1/sessions/sess_local_alpha/execute status=409
2026-09-30T02:44:33.302883Z  INFO lingxi_service: request handled request_id=req-8489b63bdb129ab1a9208def1dce6117 method=POST path=/lingxi/v1/sessions/sess_local_alpha/execute status=409
2026-09-30T02:44:33.302943Z  INFO lingxi_service::sessions: run settled through the single finalize path run_id=run_000001a0f0330f96_0000fb session_id="sess_local_alpha" outcome=completed.no_final.no_provider_configured input_chars=17 input_bytes=17
2026-09-30T02:44:33.303117Z  INFO lingxi_service: request handled request_id=req-a725b794e958190f1b0eb754402c98b9 method=POST path=/lingxi/v1/sessions/sess_local_alpha/execute status=200
2026-09-30T02:44:33.303525Z  INFO lingxi_service::sessions: normal submission to a busy session rejected (session_busy; retryable) session_id="sess_local_alpha"
2026-09-30T02:44:33.303617Z  INFO lingxi_service: request handled request_id=req-0bfbf29cf3fdd2e7ef2c8a1e95339699 method=POST path=/lingxi/v1/sessions/sess_local_alpha/execute status=409
2026-09-30T02:44:33.303806Z  INFO lingxi_service::sessions: normal submission to a busy session rejected (session_busy; retryable) session_id="sess_local_alpha"
2026-09-30T02:44:33.303801Z  INFO lingxi_service::sessions: run settled through the single finalize path run_id=run_000001a0f0330f97_0000fc session_id="sess_local_alpha" outcome=completed.no_final.no_provider_configured input_chars=17 input_bytes=17
2026-09-30T02:44:33.303892Z  INFO lingxi_service: request handled request_id=req-a71def14a61a5afea18646916015ee09 method=POST path=/lingxi/v1/sessions/sess_local_alpha/execute status=409
2026-09-30T02:44:33.303942Z  INFO lingxi_service: request handled request_id=req-bc41bbcdbcb9b79b2b593c52abcee498 method=POST path=/lingxi/v1/sessions/sess_local_alpha/execute status=200
2026-09-30T02:44:33.304561Z  INFO lingxi_service::sessions: normal submission to a busy session rejected (session_busy; retryable) session_id="sess_local_alpha"
2026-09-30T02:44:33.304665Z  INFO lingxi_service: request handled request_id=req-16846ae9679e36b7e094ad8f8f088fb8 method=POST path=/lingxi/v1/sessions/sess_local_alpha/execute status=409
2026-09-30T02:44:33.304680Z  INFO lingxi_service::sessions: normal submission to a busy session rejected (session_busy; retryable) session_id="sess_local_alpha"
2026-09-30T02:44:33.304694Z  INFO lingxi_service::sessions: normal submission to a busy session rejected (session_busy; retryable) session_id="sess_local_alpha"
2026-09-30T02:44:33.304774Z  INFO lingxi_service: request handled request_id=req-bc7bd663682a876b0f84e3c292a1a6e0 method=POST path=/lingxi/v1/sessions/sess_local_alpha/execute status=409
2026-09-30T02:44:33.304801Z  INFO lingxi_service: request handled request_id=req-f7141a9a7bbacb7392901331238233e1 method=POST path=/lingxi/v1/sessions/sess_local_alpha/execute status=409
2026-09-30T02:44:33.304846Z  INFO lingxi_service::sessions: normal submission to a busy session rejected (session_busy; retryable) session_id="sess_local_alpha"
2026-09-30T02:44:33.304859Z  INFO lingxi_service::sessions: normal submission to a busy session rejected (session_busy; retryable) session_id="sess_local_alpha"
2026-09-30T02:44:33.304845Z  INFO lingxi_service::sessions: run settled through the single finalize path run_id=run_000001a0f0330f98_0000fd session_id="sess_local_alpha" outcome=completed.no_final.no_provider_configured input_chars=17 input_bytes=17
2026-09-30T02:44:33.304876Z  INFO lingxi_service::sessions: normal submission to a busy session rejected (session_busy; retryable) session_id="sess_local_alpha"
2026-09-30T02:44:33.304926Z  INFO lingxi_service: request handled request_id=req-c7f8d34c85a4f8f99b0cfcbac856127e method=POST path=/lingxi/v1/sessions/sess_local_alpha/execute status=409
2026-09-30T02:44:33.304955Z  INFO lingxi_service: request handled request_id=req-cd80ab5d0f0eb57e2702d435dadc6581 method=POST path=/lingxi/v1/sessions/sess_local_alpha/execute status=409
2026-09-30T02:44:33.304995Z  INFO lingxi_service: request handled request_id=req-29d0dac164b60491341b167c8163adf1 method=POST path=/lingxi/v1/sessions/sess_local_alpha/execute status=409
2026-09-30T02:44:33.305024Z  INFO lingxi_service: request handled request_id=req-10a1045cc368a6d9f6ec725289d8b01e method=POST path=/lingxi/v1/sessions/sess_local_alpha/execute status=200
2026-09-30T02:44:33.306082Z  INFO lingxi_service::sessions: normal submission to a busy session rejected (session_busy; retryable) session_id="sess_local_alpha"
2026-09-30T02:44:33.306099Z  INFO lingxi_service::sessions: normal submission to a busy session rejected (session_busy; retryable) session_id="sess_local_alpha"
2026-09-30T02:44:33.306166Z  INFO lingxi_service: request handled request_id=req-b7002458b9a736c5489ddd89e391fd4e method=POST path=/lingxi/v1/sessions/sess_local_alpha/execute status=409
2026-09-30T02:44:33.306179Z  INFO lingxi_service: request handled request_id=req-2ccc123ceaff706e2f1911efdc02968e method=POST path=/lingxi/v1/sessions/sess_local_alpha/execute status=409
2026-09-30T02:44:33.306188Z  INFO lingxi_service::sessions: normal submission to a busy session rejected (session_busy; retryable) session_id="sess_local_alpha"
2026-09-30T02:44:33.306201Z  INFO lingxi_service::sessions: normal submission to a busy session rejected (session_busy; retryable) session_id="sess_local_alpha"
2026-09-30T02:44:33.306271Z  INFO lingxi_service: request handled request_id=req-a19ae92712eae660bf504ad77cec9046 method=POST path=/lingxi/v1/sessions/sess_local_alpha/execute status=409
2026-09-30T02:44:33.306282Z  INFO lingxi_service: request handled request_id=req-edbdb35377bb38fc71c035526ecccccc method=POST path=/lingxi/v1/sessions/sess_local_alpha/execute status=409
2026-09-30T02:44:33.306377Z  INFO lingxi_service::sessions: run settled through the single finalize path run_id=run_000001a0f0330f99_0000fe session_id="sess_local_alpha" outcome=completed.no_final.no_provider_configured input_chars=17 input_bytes=17
2026-09-30T02:44:33.306507Z  INFO lingxi_service: request handled request_id=req-5e77ddf3062ac92ca0a79878cdea9936 method=POST path=/lingxi/v1/sessions/sess_local_alpha/execute status=200
2026-09-30T02:44:33.307831Z  INFO lingxi_service::sessions: normal submission to a busy session rejected (session_busy; retryable) session_id="sess_local_alpha"
2026-09-30T02:44:33.307845Z  INFO lingxi_service::sessions: normal submission to a busy session rejected (session_busy; retryable) session_id="sess_local_alpha"
2026-09-30T02:44:33.307869Z  INFO lingxi_service::sessions: normal submission to a busy session rejected (session_busy; retryable) session_id="sess_local_alpha"
2026-09-30T02:44:33.307873Z  INFO lingxi_service::sessions: normal submission to a busy session rejected (session_busy; retryable) session_id="sess_local_alpha"
2026-09-30T02:44:33.307947Z  INFO lingxi_service: request handled request_id=req-720b53e5eddd6fa11ac108d999aa1f67 method=POST path=/lingxi/v1/sessions/sess_local_alpha/execute status=409
2026-09-30T02:44:33.307960Z  INFO lingxi_service: request handled request_id=req-bd9218158c5be98a62595043bbcb67e3 method=POST path=/lingxi/v1/sessions/sess_local_alpha/execute status=409
2026-09-30T02:44:33.307970Z  INFO lingxi_service: request handled request_id=req-ce2b48f93bfa95e67468c72d4ea7aac5 method=POST path=/lingxi/v1/sessions/sess_local_alpha/execute status=409
2026-09-30T02:44:33.307993Z  INFO lingxi_service: request handled request_id=req-b341c1fdf2c94b59da58e0c6c8c0c425 method=POST path=/lingxi/v1/sessions/sess_local_alpha/execute status=409
2026-09-30T02:44:33.308269Z  INFO lingxi_service::sessions: normal submission to a busy session rejected (session_busy; retryable) session_id="sess_local_alpha"
2026-09-30T02:44:33.308265Z  INFO lingxi_service::sessions: run settled through the single finalize path run_id=run_000001a0f0330f9b_0000ff session_id="sess_local_alpha" outcome=completed.no_final.no_provider_configured input_chars=17 input_bytes=17
2026-09-30T02:44:33.308305Z  INFO lingxi_service::sessions: normal submission to a busy session rejected (session_busy; retryable) session_id="sess_local_alpha"
2026-09-30T02:44:33.308362Z  INFO lingxi_service: request handled request_id=req-ed39d8d6ee72a2c210167052940826c3 method=POST path=/lingxi/v1/sessions/sess_local_alpha/execute status=409
2026-09-30T02:44:33.308376Z  INFO lingxi_service: request handled request_id=req-b5375c64c841353db6ae8b358b77e5dc method=POST path=/lingxi/v1/sessions/sess_local_alpha/execute status=409
2026-09-30T02:44:33.308399Z  INFO lingxi_service: request handled request_id=req-97d5c5476f96406bba9be843ad91393c method=POST path=/lingxi/v1/sessions/sess_local_alpha/execute status=200
2026-09-30T02:44:33.308994Z  INFO lingxi_service::sessions: run settled through the single finalize path run_id=run_000001a0f0330f9c_000100 session_id="sess_local_alpha" outcome=completed.no_final.no_provider_configured input_chars=17 input_bytes=17
2026-09-30T02:44:33.309124Z  INFO lingxi_service: request handled request_id=req-17828b34b64f93bb1b4f06836b21dda5 method=POST path=/lingxi/v1/sessions/sess_local_alpha/execute status=200
2026-09-30T02:44:33.309423Z  INFO lingxi_service::sessions: normal submission to a busy session rejected (session_busy; retryable) session_id="sess_local_alpha"
2026-09-30T02:44:33.309536Z  INFO lingxi_service: request handled request_id=req-398bcd067ee296e593113f95e50de1ea method=POST path=/lingxi/v1/sessions/sess_local_alpha/execute status=409
2026-09-30T02:44:33.309698Z  INFO lingxi_service::sessions: run settled through the single finalize path run_id=run_000001a0f0330f9d_000101 session_id="sess_local_alpha" outcome=completed.no_final.no_provider_configured input_chars=17 input_bytes=17
2026-09-30T02:44:33.309710Z  INFO lingxi_service::sessions: normal submission to a busy session rejected (session_busy; retryable) session_id="sess_local_alpha"
2026-09-30T02:44:33.309801Z  INFO lingxi_service::sessions: normal submission to a busy session rejected (session_busy; retryable) session_id="sess_local_alpha"
2026-09-30T02:44:33.309865Z  INFO lingxi_service: request handled request_id=req-07a9f6c7640a8dfcaeeb438effee0d42 method=POST path=/lingxi/v1/sessions/sess_local_alpha/execute status=409
2026-09-30T02:44:33.309873Z  INFO lingxi_service: request handled request_id=req-03f71b3f16fdb8716163e85ea60b3c05 method=POST path=/lingxi/v1/sessions/sess_local_alpha/execute status=200
2026-09-30T02:44:33.309894Z  INFO lingxi_service: request handled request_id=req-3dd70962a90328db90a35be42e81e062 method=POST path=/lingxi/v1/sessions/sess_local_alpha/execute status=409
2026-09-30T02:44:33.310080Z  INFO lingxi_service::sessions: normal submission to a busy session rejected (session_busy; retryable) session_id="sess_local_alpha"
2026-09-30T02:44:33.310095Z  INFO lingxi_service::sessions: normal submission to a busy session rejected (session_busy; retryable) session_id="sess_local_alpha"
2026-09-30T02:44:33.310168Z  INFO lingxi_service: request handled request_id=req-970aa7329eefe925b7fca83c8f310437 method=POST path=/lingxi/v1/sessions/sess_local_alpha/execute status=409
2026-09-30T02:44:33.310198Z  INFO lingxi_service: request handled request_id=req-e197e647c0a70033f7b6576ca186fe27 method=POST path=/lingxi/v1/sessions/sess_local_alpha/execute status=409
2026-09-30T02:44:33.310369Z  INFO lingxi_service::sessions: normal submission to a busy session rejected (session_busy; retryable) session_id="sess_local_alpha"
2026-09-30T02:44:33.310364Z  INFO lingxi_service::sessions: run settled through the single finalize path run_id=run_000001a0f0330f9d_000102 session_id="sess_local_alpha" outcome=completed.no_final.no_provider_configured input_chars=17 input_bytes=17
2026-09-30T02:44:33.310449Z  INFO lingxi_service: request handled request_id=req-e23b2a161329cbeef087d1109af8a4fe method=POST path=/lingxi/v1/sessions/sess_local_alpha/execute status=409
2026-09-30T02:44:33.310490Z  INFO lingxi_service: request handled request_id=req-1072921bc59d61feb4266508de5cac77 method=POST path=/lingxi/v1/sessions/sess_local_alpha/execute status=200
2026-09-30T02:44:33.311751Z  INFO lingxi_service::sessions: run settled through the single finalize path run_id=run_000001a0f0330f9f_000103 session_id="sess_local_alpha" outcome=completed.no_final.no_provider_configured input_chars=20 input_bytes=20
2026-09-30T02:44:33.311863Z  INFO lingxi_service: request handled request_id=req-204fb4178382237fae82c4782debf0c9 method=POST path=/lingxi/v1/sessions/sess_local_alpha/execute status=200
2026-09-30T02:44:33.312571Z  INFO lingxi_service::sessions: run settled through the single finalize path run_id=run_000001a0f0330fa0_000104 session_id="sess_local_alpha" outcome=completed.no_final.no_provider_configured input_chars=20 input_bytes=20
2026-09-30T02:44:33.312677Z  INFO lingxi_service: request handled request_id=req-2020329b88f67622b329313d767a9738 method=POST path=/lingxi/v1/sessions/sess_local_alpha/execute status=200
2026-09-30T02:44:33.313405Z  INFO lingxi_service::sessions: run settled through the single finalize path run_id=run_000001a0f0330fa0_000105 session_id="sess_local_alpha" outcome=completed.no_final.no_provider_configured input_chars=20 input_bytes=20
2026-09-30T02:44:33.313517Z  INFO lingxi_service: request handled request_id=req-19e529e58574cf9167c47bb23da13695 method=POST path=/lingxi/v1/sessions/sess_local_alpha/execute status=200
2026-09-30T02:44:33.314246Z  INFO lingxi_service::sessions: run settled through the single finalize path run_id=run_000001a0f0330fa1_000106 session_id="sess_local_alpha" outcome=completed.no_final.no_provider_configured input_chars=20 input_bytes=20
2026-09-30T02:44:33.314352Z  INFO lingxi_service: request handled request_id=req-2537a8589c2696bf5d36f70ee3e3ee18 method=POST path=/lingxi/v1/sessions/sess_local_alpha/execute status=200
2026-09-30T02:44:33.315033Z  INFO lingxi_service::sessions: run settled through the single finalize path run_id=run_000001a0f0330fa2_000107 session_id="sess_local_alpha" outcome=completed.no_final.no_provider_configured input_chars=20 input_bytes=20
2026-09-30T02:44:33.315139Z  INFO lingxi_service: request handled request_id=req-a222ae89ff414511a73046d75481c89d method=POST path=/lingxi/v1/sessions/sess_local_alpha/execute status=200
2026-09-30T02:44:33.315879Z  INFO lingxi_service::sessions: run settled through the single finalize path run_id=run_000001a0f0330fa3_000108 session_id="sess_local_alpha" outcome=completed.no_final.no_provider_configured input_chars=20 input_bytes=20
2026-09-30T02:44:33.315983Z  INFO lingxi_service: request handled request_id=req-d279d8f3f4dcd1537b91c5a59f5b2698 method=POST path=/lingxi/v1/sessions/sess_local_alpha/execute status=200
2026-09-30T02:44:33.316694Z  INFO lingxi_service::sessions: run settled through the single finalize path run_id=run_000001a0f0330fa4_000109 session_id="sess_local_alpha" outcome=completed.no_final.no_provider_configured input_chars=20 input_bytes=20
2026-09-30T02:44:33.316799Z  INFO lingxi_service: request handled request_id=req-3ebf2a3649b98020adb7292751bccdf0 method=POST path=/lingxi/v1/sessions/sess_local_alpha/execute status=200
2026-09-30T02:44:33.317501Z  INFO lingxi_service::sessions: run settled through the single finalize path run_id=run_000001a0f0330fa5_00010a session_id="sess_local_alpha" outcome=completed.no_final.no_provider_configured input_chars=20 input_bytes=20
2026-09-30T02:44:33.317609Z  INFO lingxi_service: request handled request_id=req-9d8d4070d6ba06380eddee883e0cadea method=POST path=/lingxi/v1/sessions/sess_local_alpha/execute status=200
2026-09-30T02:44:33.318343Z  INFO lingxi_service::sessions: run settled through the single finalize path run_id=run_000001a0f0330fa5_00010b session_id="sess_local_alpha" outcome=completed.no_final.no_provider_configured input_chars=20 input_bytes=20
2026-09-30T02:44:33.318460Z  INFO lingxi_service: request handled request_id=req-802a3abf0c4aff0bd004696d98f3ce18 method=POST path=/lingxi/v1/sessions/sess_local_alpha/execute status=200
2026-09-30T02:44:33.319207Z  INFO lingxi_service::sessions: run settled through the single finalize path run_id=run_000001a0f0330fa6_00010c session_id="sess_local_alpha" outcome=completed.no_final.no_provider_configured input_chars=20 input_bytes=20
2026-09-30T02:44:33.319318Z  INFO lingxi_service: request handled request_id=req-775d17f2390d530bacd399e5c2d97778 method=POST path=/lingxi/v1/sessions/sess_local_alpha/execute status=200
2026-09-30T02:44:33.320039Z  INFO lingxi_service::sessions: run settled through the single finalize path run_id=run_000001a0f0330fa7_00010d session_id="sess_local_alpha" outcome=completed.no_final.no_provider_configured input_chars=21 input_bytes=21
2026-09-30T02:44:33.320150Z  INFO lingxi_service: request handled request_id=req-de024904e44fdaec5c92492b27c52e09 method=POST path=/lingxi/v1/sessions/sess_local_alpha/execute status=200
2026-09-30T02:44:33.320866Z  INFO lingxi_service::sessions: run settled through the single finalize path run_id=run_000001a0f0330fa8_00010e session_id="sess_local_alpha" outcome=completed.no_final.no_provider_configured input_chars=21 input_bytes=21
2026-09-30T02:44:33.320975Z  INFO lingxi_service: request handled request_id=req-971fed1c90e630cfa02ce16bcf766527 method=POST path=/lingxi/v1/sessions/sess_local_alpha/execute status=200
2026-09-30T02:44:33.321738Z  INFO lingxi_service::sessions: run settled through the single finalize path run_id=run_000001a0f0330fa9_00010f session_id="sess_local_alpha" outcome=completed.no_final.no_provider_configured input_chars=21 input_bytes=21
2026-09-30T02:44:33.321845Z  INFO lingxi_service: request handled request_id=req-3ed3ffb730e99996bdec8ca59ed1f2d5 method=POST path=/lingxi/v1/sessions/sess_local_alpha/execute status=200
2026-09-30T02:44:33.322551Z  INFO lingxi_service::sessions: run settled through the single finalize path run_id=run_000001a0f0330faa_000110 session_id="sess_local_alpha" outcome=completed.no_final.no_provider_configured input_chars=21 input_bytes=21
2026-09-30T02:44:33.322657Z  INFO lingxi_service: request handled request_id=req-8b7a831a75bc1750abf8e0fe1de98b51 method=POST path=/lingxi/v1/sessions/sess_local_alpha/execute status=200
2026-09-30T02:44:33.323393Z  INFO lingxi_service::sessions: run settled through the single finalize path run_id=run_000001a0f0330faa_000111 session_id="sess_local_alpha" outcome=completed.no_final.no_provider_configured input_chars=21 input_bytes=21
2026-09-30T02:44:33.323498Z  INFO lingxi_service: request handled request_id=req-cb7ac1636bb364b52f43faf488aa1a21 method=POST path=/lingxi/v1/sessions/sess_local_alpha/execute status=200
2026-09-30T02:44:33.324212Z  INFO lingxi_service::sessions: run settled through the single finalize path run_id=run_000001a0f0330fab_000112 session_id="sess_local_alpha" outcome=completed.no_final.no_provider_configured input_chars=21 input_bytes=21
2026-09-30T02:44:33.324321Z  INFO lingxi_service: request handled request_id=req-1cf703fe3ca53dde5dae120ddae8b751 method=POST path=/lingxi/v1/sessions/sess_local_alpha/execute status=200
2026-09-30T02:44:33.325015Z  INFO lingxi_service::sessions: run settled through the single finalize path run_id=run_000001a0f0330fac_000113 session_id="sess_local_alpha" outcome=completed.no_final.no_provider_configured input_chars=21 input_bytes=21
2026-09-30T02:44:33.325119Z  INFO lingxi_service: request handled request_id=req-55a99eeb1a1a41a262253f8ceb93c333 method=POST path=/lingxi/v1/sessions/sess_local_alpha/execute status=200
2026-09-30T02:44:33.325865Z  INFO lingxi_service::sessions: run settled through the single finalize path run_id=run_000001a0f0330fad_000114 session_id="sess_local_alpha" outcome=completed.no_final.no_provider_configured input_chars=21 input_bytes=21
2026-09-30T02:44:33.325974Z  INFO lingxi_service: request handled request_id=req-e269258347ad7a9dc1a26135dce17b64 method=POST path=/lingxi/v1/sessions/sess_local_alpha/execute status=200
2026-09-30T02:44:33.326657Z  INFO lingxi_service::sessions: run settled through the single finalize path run_id=run_000001a0f0330fae_000115 session_id="sess_local_alpha" outcome=completed.no_final.no_provider_configured input_chars=21 input_bytes=21
2026-09-30T02:44:33.326761Z  INFO lingxi_service: request handled request_id=req-150c73ab724da7315806298bb1a0cb24 method=POST path=/lingxi/v1/sessions/sess_local_alpha/execute status=200
2026-09-30T02:44:33.327464Z  INFO lingxi_service::sessions: run settled through the single finalize path run_id=run_000001a0f0330faf_000116 session_id="sess_local_alpha" outcome=completed.no_final.no_provider_configured input_chars=21 input_bytes=21
2026-09-30T02:44:33.327580Z  INFO lingxi_service: request handled request_id=req-ea89c5b650a15ee96e92ed3d74be5a5c method=POST path=/lingxi/v1/sessions/sess_local_alpha/execute status=200
2026-09-30T02:44:33.328284Z  INFO lingxi_service::sessions: run settled through the single finalize path run_id=run_000001a0f0330faf_000117 session_id="sess_local_alpha" outcome=completed.no_final.no_provider_configured input_chars=21 input_bytes=21
2026-09-30T02:44:33.328393Z  INFO lingxi_service: request handled request_id=req-b682e72a6cde9a3d9d965ad6adbfce84 method=POST path=/lingxi/v1/sessions/sess_local_alpha/execute status=200
2026-09-30T02:44:33.329087Z  INFO lingxi_service::sessions: run settled through the single finalize path run_id=run_000001a0f0330fb0_000118 session_id="sess_local_alpha" outcome=completed.no_final.no_provider_configured input_chars=21 input_bytes=21
2026-09-30T02:44:33.329192Z  INFO lingxi_service: request handled request_id=req-c65766e09223162ffa1a15f2f8e436ba method=POST path=/lingxi/v1/sessions/sess_local_alpha/execute status=200
2026-09-30T02:44:33.329978Z  INFO lingxi_service::sessions: run settled through the single finalize path run_id=run_000001a0f0330fb1_000119 session_id="sess_local_alpha" outcome=completed.no_final.no_provider_configured input_chars=21 input_bytes=21
2026-09-30T02:44:33.330093Z  INFO lingxi_service: request handled request_id=req-bc5d7fb04de11eb2c3d800a4162557c9 method=POST path=/lingxi/v1/sessions/sess_local_alpha/execute status=200
2026-09-30T02:44:33.330801Z  INFO lingxi_service::sessions: run settled through the single finalize path run_id=run_000001a0f0330fb2_00011a session_id="sess_local_alpha" outcome=completed.no_final.no_provider_configured input_chars=21 input_bytes=21
2026-09-30T02:44:33.330907Z  INFO lingxi_service: request handled request_id=req-eba03134ef52ff582148eb28203dd3d1 method=POST path=/lingxi/v1/sessions/sess_local_alpha/execute status=200
2026-09-30T02:44:33.331641Z  INFO lingxi_service::sessions: run settled through the single finalize path run_id=run_000001a0f0330fb3_00011b session_id="sess_local_alpha" outcome=completed.no_final.no_provider_configured input_chars=21 input_bytes=21
2026-09-30T02:44:33.331745Z  INFO lingxi_service: request handled request_id=req-ada6f7c3648c3b1dad31cb06855daa33 method=POST path=/lingxi/v1/sessions/sess_local_alpha/execute status=200
2026-09-30T02:44:33.332418Z  INFO lingxi_service::sessions: run settled through the single finalize path run_id=run_000001a0f0330fb4_00011c session_id="sess_local_alpha" outcome=completed.no_final.no_provider_configured input_chars=21 input_bytes=21
2026-09-30T02:44:33.332521Z  INFO lingxi_service: request handled request_id=req-c8e224f39bca201e61b228b789aae1f6 method=POST path=/lingxi/v1/sessions/sess_local_alpha/execute status=200
2026-09-30T02:44:33.333182Z  INFO lingxi_service::sessions: run settled through the single finalize path run_id=run_000001a0f0330fb4_00011d session_id="sess_local_alpha" outcome=completed.no_final.no_provider_configured input_chars=21 input_bytes=21
2026-09-30T02:44:33.333289Z  INFO lingxi_service: request handled request_id=req-42c96185bc6556d2133242732e5226b9 method=POST path=/lingxi/v1/sessions/sess_local_alpha/execute status=200
2026-09-30T02:44:33.334042Z  INFO lingxi_service::sessions: run settled through the single finalize path run_id=run_000001a0f0330fb5_00011e session_id="sess_local_alpha" outcome=completed.no_final.no_provider_configured input_chars=21 input_bytes=21
2026-09-30T02:44:33.334147Z  INFO lingxi_service: request handled request_id=req-8ae683bd09fd48839d5b93ee9defd6c9 method=POST path=/lingxi/v1/sessions/sess_local_alpha/execute status=200
2026-09-30T02:44:33.334889Z  INFO lingxi_service::sessions: run settled through the single finalize path run_id=run_000001a0f0330fb6_00011f session_id="sess_local_alpha" outcome=completed.no_final.no_provider_configured input_chars=21 input_bytes=21
2026-09-30T02:44:33.334992Z  INFO lingxi_service: request handled request_id=req-fdbb9e1d8e6a33df57898ff0134aea94 method=POST path=/lingxi/v1/sessions/sess_local_alpha/execute status=200
2026-09-30T02:44:33.335746Z  INFO lingxi_service::sessions: run settled through the single finalize path run_id=run_000001a0f0330fb7_000120 session_id="sess_local_alpha" outcome=completed.no_final.no_provider_configured input_chars=21 input_bytes=21
2026-09-30T02:44:33.335851Z  INFO lingxi_service: request handled request_id=req-112e8e3541f96cf9372d8814b9650d42 method=POST path=/lingxi/v1/sessions/sess_local_alpha/execute status=200
2026-09-30T02:44:33.336531Z  INFO lingxi_service::sessions: run settled through the single finalize path run_id=run_000001a0f0330fb8_000121 session_id="sess_local_alpha" outcome=completed.no_final.no_provider_configured input_chars=21 input_bytes=21
2026-09-30T02:44:33.336641Z  INFO lingxi_service: request handled request_id=req-e2adbe6624e04d4d91e0f5b98501ef66 method=POST path=/lingxi/v1/sessions/sess_local_alpha/execute status=200
2026-09-30T02:44:33.337360Z  INFO lingxi_service::sessions: run settled through the single finalize path run_id=run_000001a0f0330fb8_000122 session_id="sess_local_alpha" outcome=completed.no_final.no_provider_configured input_chars=21 input_bytes=21
2026-09-30T02:44:33.337470Z  INFO lingxi_service: request handled request_id=req-adb3663d56dbd0a8c2ee2090ae130f54 method=POST path=/lingxi/v1/sessions/sess_local_alpha/execute status=200
2026-09-30T02:44:33.338143Z  INFO lingxi_service::sessions: run settled through the single finalize path run_id=run_000001a0f0330fb9_000123 session_id="sess_local_alpha" outcome=completed.no_final.no_provider_configured input_chars=21 input_bytes=21
2026-09-30T02:44:33.338246Z  INFO lingxi_service: request handled request_id=req-f33c9623a037a95e9e798a16b8b7452d method=POST path=/lingxi/v1/sessions/sess_local_alpha/execute status=200
2026-09-30T02:44:33.338902Z  INFO lingxi_service::sessions: run settled through the single finalize path run_id=run_000001a0f0330fba_000124 session_id="sess_local_alpha" outcome=completed.no_final.no_provider_configured input_chars=21 input_bytes=21
2026-09-30T02:44:33.339006Z  INFO lingxi_service: request handled request_id=req-da6c28aa11eb4f74927ca331ab7242fe method=POST path=/lingxi/v1/sessions/sess_local_alpha/execute status=200
2026-09-30T02:44:33.339702Z  INFO lingxi_service::sessions: run settled through the single finalize path run_id=run_000001a0f0330fbb_000125 session_id="sess_local_alpha" outcome=completed.no_final.no_provider_configured input_chars=21 input_bytes=21
2026-09-30T02:44:33.339815Z  INFO lingxi_service: request handled request_id=req-503d63507c2526e6a2195414d0004361 method=POST path=/lingxi/v1/sessions/sess_local_alpha/execute status=200
2026-09-30T02:44:33.340531Z  INFO lingxi_service::sessions: run settled through the single finalize path run_id=run_000001a0f0330fbc_000126 session_id="sess_local_alpha" outcome=completed.no_final.no_provider_configured input_chars=21 input_bytes=21
2026-09-30T02:44:33.340647Z  INFO lingxi_service: request handled request_id=req-1b5a1ddf3b65819c029d4889d63fce63 method=POST path=/lingxi/v1/sessions/sess_local_alpha/execute status=200
2026-09-30T02:44:33.341329Z  INFO lingxi_service::sessions: run settled through the single finalize path run_id=run_000001a0f0330fbc_000127 session_id="sess_local_alpha" outcome=completed.no_final.no_provider_configured input_chars=21 input_bytes=21
2026-09-30T02:44:33.341441Z  INFO lingxi_service: request handled request_id=req-ff3b1c6ba9dfd78ce552341ae6a75f35 method=POST path=/lingxi/v1/sessions/sess_local_alpha/execute status=200
2026-09-30T02:44:33.342136Z  INFO lingxi_service::sessions: run settled through the single finalize path run_id=run_000001a0f0330fbd_000128 session_id="sess_local_alpha" outcome=completed.no_final.no_provider_configured input_chars=21 input_bytes=21
2026-09-30T02:44:33.342244Z  INFO lingxi_service: request handled request_id=req-5180c12e85fb71524d7156d2e38c35c4 method=POST path=/lingxi/v1/sessions/sess_local_alpha/execute status=200
2026-09-30T02:44:33.343008Z  INFO lingxi_service::sessions: run settled through the single finalize path run_id=run_000001a0f0330fbe_000129 session_id="sess_local_alpha" outcome=completed.no_final.no_provider_configured input_chars=21 input_bytes=21
2026-09-30T02:44:33.343124Z  INFO lingxi_service: request handled request_id=req-55c0dcbe2463c57feb018ee0c5659bd9 method=POST path=/lingxi/v1/sessions/sess_local_alpha/execute status=200
2026-09-30T02:44:33.343882Z  INFO lingxi_service::sessions: run settled through the single finalize path run_id=run_000001a0f0330fbf_00012a session_id="sess_local_alpha" outcome=completed.no_final.no_provider_configured input_chars=21 input_bytes=21
2026-09-30T02:44:33.343998Z  INFO lingxi_service: request handled request_id=req-790e1ae809b66d3fb01908b162c9eb6a method=POST path=/lingxi/v1/sessions/sess_local_alpha/execute status=200
2026-09-30T02:44:33.344759Z  INFO lingxi_service::sessions: run settled through the single finalize path run_id=run_000001a0f0330fc0_00012b session_id="sess_local_alpha" outcome=completed.no_final.no_provider_configured input_chars=21 input_bytes=21
2026-09-30T02:44:33.344866Z  INFO lingxi_service: request handled request_id=req-250ab1e427d0561abef14503e41c2763 method=POST path=/lingxi/v1/sessions/sess_local_alpha/execute status=200
2026-09-30T02:44:33.345617Z  INFO lingxi_service::sessions: run settled through the single finalize path run_id=run_000001a0f0330fc1_00012c session_id="sess_local_alpha" outcome=completed.no_final.no_provider_configured input_chars=21 input_bytes=21
2026-09-30T02:44:33.345728Z  INFO lingxi_service: request handled request_id=req-2ee78dcbd341dfa634252713718556f9 method=POST path=/lingxi/v1/sessions/sess_local_alpha/execute status=200
2026-09-30T02:44:33.346458Z  INFO lingxi_service::sessions: run settled through the single finalize path run_id=run_000001a0f0330fc2_00012d session_id="sess_local_alpha" outcome=completed.no_final.no_provider_configured input_chars=21 input_bytes=21
2026-09-30T02:44:33.346570Z  INFO lingxi_service: request handled request_id=req-b371f64a3750a29a141266ec9db46612 method=POST path=/lingxi/v1/sessions/sess_local_alpha/execute status=200
2026-09-30T02:44:33.347259Z  INFO lingxi_service::sessions: run settled through the single finalize path run_id=run_000001a0f0330fc2_00012e session_id="sess_local_alpha" outcome=completed.no_final.no_provider_configured input_chars=21 input_bytes=21
2026-09-30T02:44:33.347366Z  INFO lingxi_service: request handled request_id=req-ff9b376fb2432b29b65b30b0cf498d5d method=POST path=/lingxi/v1/sessions/sess_local_alpha/execute status=200
2026-09-30T02:44:33.348039Z  INFO lingxi_service::sessions: run settled through the single finalize path run_id=run_000001a0f0330fc3_00012f session_id="sess_local_alpha" outcome=completed.no_final.no_provider_configured input_chars=21 input_bytes=21
2026-09-30T02:44:33.348147Z  INFO lingxi_service: request handled request_id=req-f197b7cb4573c770b9fcbf02fbd628bd method=POST path=/lingxi/v1/sessions/sess_local_alpha/execute status=200
2026-09-30T02:44:33.349294Z  INFO lingxi_service::sessions: run settled through the single finalize path run_id=run_000001a0f0330fc4_000130 session_id="sess_local_alpha" outcome=completed.no_final.no_provider_configured input_chars=21 input_bytes=21
2026-09-30T02:44:33.349405Z  INFO lingxi_service: request handled request_id=req-46973b7065f1975cd44913cab4b4de76 method=POST path=/lingxi/v1/sessions/sess_local_alpha/execute status=200
2026-09-30T02:44:33.350100Z  INFO lingxi_service::sessions: run settled through the single finalize path run_id=run_000001a0f0330fc5_000131 session_id="sess_local_alpha" outcome=completed.no_final.no_provider_configured input_chars=21 input_bytes=21
2026-09-30T02:44:33.350208Z  INFO lingxi_service: request handled request_id=req-dc5424485f5fcd46e5529d895cff0e65 method=POST path=/lingxi/v1/sessions/sess_local_alpha/execute status=200
2026-09-30T02:44:33.350915Z  INFO lingxi_service::sessions: run settled through the single finalize path run_id=run_000001a0f0330fc6_000132 session_id="sess_local_alpha" outcome=completed.no_final.no_provider_configured input_chars=21 input_bytes=21
2026-09-30T02:44:33.351031Z  INFO lingxi_service: request handled request_id=req-5e087c46f1a5306a114abf9e8ada13ff method=POST path=/lingxi/v1/sessions/sess_local_alpha/execute status=200
2026-09-30T02:44:33.351701Z  INFO lingxi_service::sessions: run settled through the single finalize path run_id=run_000001a0f0330fc7_000133 session_id="sess_local_alpha" outcome=completed.no_final.no_provider_configured input_chars=21 input_bytes=21
2026-09-30T02:44:33.351816Z  INFO lingxi_service: request handled request_id=req-4b54381031bc2d8013f0767befbc4a1f method=POST path=/lingxi/v1/sessions/sess_local_alpha/execute status=200
2026-09-30T02:44:33.352531Z  INFO lingxi_service::sessions: run settled through the single finalize path run_id=run_000001a0f0330fc8_000134 session_id="sess_local_alpha" outcome=completed.no_final.no_provider_configured input_chars=21 input_bytes=21
2026-09-30T02:44:33.352642Z  INFO lingxi_service: request handled request_id=req-fbc3f36bcc078a9767d731ff9b612e00 method=POST path=/lingxi/v1/sessions/sess_local_alpha/execute status=200
2026-09-30T02:44:33.353344Z  INFO lingxi_service::sessions: run settled through the single finalize path run_id=run_000001a0f0330fc8_000135 session_id="sess_local_alpha" outcome=completed.no_final.no_provider_configured input_chars=21 input_bytes=21
2026-09-30T02:44:33.353454Z  INFO lingxi_service: request handled request_id=req-35c8cfbf5ebc89d9146f640c3cdf1f54 method=POST path=/lingxi/v1/sessions/sess_local_alpha/execute status=200
2026-09-30T02:44:33.354175Z  INFO lingxi_service::sessions: run settled through the single finalize path run_id=run_000001a0f0330fc9_000136 session_id="sess_local_alpha" outcome=completed.no_final.no_provider_configured input_chars=21 input_bytes=21
2026-09-30T02:44:33.354292Z  INFO lingxi_service: request handled request_id=req-679c895a3abd974e3ec2d198fd3ea8e2 method=POST path=/lingxi/v1/sessions/sess_local_alpha/execute status=200
2026-09-30T02:44:33.354997Z  INFO lingxi_service::sessions: run settled through the single finalize path run_id=run_000001a0f0330fca_000137 session_id="sess_local_alpha" outcome=completed.no_final.no_provider_configured input_chars=21 input_bytes=21
2026-09-30T02:44:33.355110Z  INFO lingxi_service: request handled request_id=req-c9419c5a1eb1b4bd7ef37ad33a118733 method=POST path=/lingxi/v1/sessions/sess_local_alpha/execute status=200
2026-09-30T02:44:33.355802Z  INFO lingxi_service::sessions: run settled through the single finalize path run_id=run_000001a0f0330fcb_000138 session_id="sess_local_alpha" outcome=completed.no_final.no_provider_configured input_chars=21 input_bytes=21
2026-09-30T02:44:33.355914Z  INFO lingxi_service: request handled request_id=req-975a7d0fb5ae03e717e7e04cf1e263a0 method=POST path=/lingxi/v1/sessions/sess_local_alpha/execute status=200
2026-09-30T02:44:33.356649Z  INFO lingxi_service::sessions: run settled through the single finalize path run_id=run_000001a0f0330fcc_000139 session_id="sess_local_alpha" outcome=completed.no_final.no_provider_configured input_chars=21 input_bytes=21
2026-09-30T02:44:33.356754Z  INFO lingxi_service: request handled request_id=req-6f1c1aad355dbf0284cbe7674f4c0192 method=POST path=/lingxi/v1/sessions/sess_local_alpha/execute status=200
2026-09-30T02:44:33.357454Z  INFO lingxi_service::sessions: run settled through the single finalize path run_id=run_000001a0f0330fcd_00013a session_id="sess_local_alpha" outcome=completed.no_final.no_provider_configured input_chars=21 input_bytes=21
2026-09-30T02:44:33.357568Z  INFO lingxi_service: request handled request_id=req-c07dac994780fe5de453ac7f539ba4cf method=POST path=/lingxi/v1/sessions/sess_local_alpha/execute status=200
2026-09-30T02:44:33.358279Z  INFO lingxi_service::sessions: run settled through the single finalize path run_id=run_000001a0f0330fcd_00013b session_id="sess_local_alpha" outcome=completed.no_final.no_provider_configured input_chars=21 input_bytes=21
2026-09-30T02:44:33.358391Z  INFO lingxi_service: request handled request_id=req-e1c5a20313cbeca773fa75f79bc23cb8 method=POST path=/lingxi/v1/sessions/sess_local_alpha/execute status=200
2026-09-30T02:44:33.359088Z  INFO lingxi_service::sessions: run settled through the single finalize path run_id=run_000001a0f0330fce_00013c session_id="sess_local_alpha" outcome=completed.no_final.no_provider_configured input_chars=21 input_bytes=21
2026-09-30T02:44:33.359200Z  INFO lingxi_service: request handled request_id=req-bfea27220dc87981dca03e64a5e7924f method=POST path=/lingxi/v1/sessions/sess_local_alpha/execute status=200
2026-09-30T02:44:33.359887Z  INFO lingxi_service::sessions: run settled through the single finalize path run_id=run_000001a0f0330fcf_00013d session_id="sess_local_alpha" outcome=completed.no_final.no_provider_configured input_chars=21 input_bytes=21
2026-09-30T02:44:33.359997Z  INFO lingxi_service: request handled request_id=req-c61c5954bf4ab5cc4a1e5925270409b6 method=POST path=/lingxi/v1/sessions/sess_local_alpha/execute status=200
2026-09-30T02:44:33.360689Z  INFO lingxi_service::sessions: run settled through the single finalize path run_id=run_000001a0f0330fd0_00013e session_id="sess_local_alpha" outcome=completed.no_final.no_provider_configured input_chars=21 input_bytes=21
2026-09-30T02:44:33.360799Z  INFO lingxi_service: request handled request_id=req-ff1ba4318a419b161c45e2f100442c03 method=POST path=/lingxi/v1/sessions/sess_local_alpha/execute status=200
2026-09-30T02:44:33.361495Z  INFO lingxi_service::sessions: run settled through the single finalize path run_id=run_000001a0f0330fd1_00013f session_id="sess_local_alpha" outcome=completed.no_final.no_provider_configured input_chars=21 input_bytes=21
2026-09-30T02:44:33.361608Z  INFO lingxi_service: request handled request_id=req-2b2db54097ee24239de3ce94a4c064bc method=POST path=/lingxi/v1/sessions/sess_local_alpha/execute status=200
2026-09-30T02:44:33.362290Z  INFO lingxi_service::sessions: run settled through the single finalize path run_id=run_000001a0f0330fd1_000140 session_id="sess_local_alpha" outcome=completed.no_final.no_provider_configured input_chars=21 input_bytes=21
2026-09-30T02:44:33.362401Z  INFO lingxi_service: request handled request_id=req-1174b05e5acf4e30eeed4b1224ba4e43 method=POST path=/lingxi/v1/sessions/sess_local_alpha/execute status=200
2026-09-30T02:44:33.363101Z  INFO lingxi_service::sessions: run settled through the single finalize path run_id=run_000001a0f0330fd2_000141 session_id="sess_local_alpha" outcome=completed.no_final.no_provider_configured input_chars=21 input_bytes=21
2026-09-30T02:44:33.363211Z  INFO lingxi_service: request handled request_id=req-f0481e8ff435bc47b4e0542dad3b9b3a method=POST path=/lingxi/v1/sessions/sess_local_alpha/execute status=200
2026-09-30T02:44:33.363911Z  INFO lingxi_service::sessions: run settled through the single finalize path run_id=run_000001a0f0330fd3_000142 session_id="sess_local_alpha" outcome=completed.no_final.no_provider_configured input_chars=21 input_bytes=21
2026-09-30T02:44:33.364017Z  INFO lingxi_service: request handled request_id=req-e11cd44e6834f02815089c125a84b9b3 method=POST path=/lingxi/v1/sessions/sess_local_alpha/execute status=200
2026-09-30T02:44:33.364720Z  INFO lingxi_service::sessions: run settled through the single finalize path run_id=run_000001a0f0330fd4_000143 session_id="sess_local_alpha" outcome=completed.no_final.no_provider_configured input_chars=21 input_bytes=21
2026-09-30T02:44:33.364832Z  INFO lingxi_service: request handled request_id=req-1f7010b6963b9bc59c75f42ceefbb782 method=POST path=/lingxi/v1/sessions/sess_local_alpha/execute status=200
2026-09-30T02:44:33.365501Z  INFO lingxi_service::sessions: run settled through the single finalize path run_id=run_000001a0f0330fd5_000144 session_id="sess_local_alpha" outcome=completed.no_final.no_provider_configured input_chars=21 input_bytes=21
2026-09-30T02:44:33.365611Z  INFO lingxi_service: request handled request_id=req-204bf4985d5d8e7f83d80f5effbda662 method=POST path=/lingxi/v1/sessions/sess_local_alpha/execute status=200
2026-09-30T02:44:33.366322Z  INFO lingxi_service::sessions: run settled through the single finalize path run_id=run_000001a0f0330fd5_000145 session_id="sess_local_alpha" outcome=completed.no_final.no_provider_configured input_chars=21 input_bytes=21
2026-09-30T02:44:33.366435Z  INFO lingxi_service: request handled request_id=req-ac465c743d3c22e2addeb4357545e21c method=POST path=/lingxi/v1/sessions/sess_local_alpha/execute status=200
2026-09-30T02:44:33.367137Z  INFO lingxi_service::sessions: run settled through the single finalize path run_id=run_000001a0f0330fd6_000146 session_id="sess_local_alpha" outcome=completed.no_final.no_provider_configured input_chars=21 input_bytes=21
2026-09-30T02:44:33.367251Z  INFO lingxi_service: request handled request_id=req-a4ae429cb13afe4612d48a4d192a622e method=POST path=/lingxi/v1/sessions/sess_local_alpha/execute status=200
2026-09-30T02:44:33.367924Z  INFO lingxi_service::sessions: run settled through the single finalize path run_id=run_000001a0f0330fd7_000147 session_id="sess_local_alpha" outcome=completed.no_final.no_provider_configured input_chars=21 input_bytes=21
2026-09-30T02:44:33.368032Z  INFO lingxi_service: request handled request_id=req-23b88b5d7be70864ac6f2784270d364d method=POST path=/lingxi/v1/sessions/sess_local_alpha/execute status=200
2026-09-30T02:44:33.368836Z  INFO lingxi_service::sessions: run settled through the single finalize path run_id=run_000001a0f0330fd8_000148 session_id="sess_local_alpha" outcome=completed.no_final.no_provider_configured input_chars=21 input_bytes=21
2026-09-30T02:44:33.368946Z  INFO lingxi_service: request handled request_id=req-3efe23db932d36b97f7d7b3731a076c2 method=POST path=/lingxi/v1/sessions/sess_local_alpha/execute status=200
2026-09-30T02:44:33.369625Z  INFO lingxi_service::sessions: run settled through the single finalize path run_id=run_000001a0f0330fd9_000149 session_id="sess_local_alpha" outcome=completed.no_final.no_provider_configured input_chars=21 input_bytes=21
2026-09-30T02:44:33.369735Z  INFO lingxi_service: request handled request_id=req-9f102c0523081ae11780a43b1dc88a98 method=POST path=/lingxi/v1/sessions/sess_local_alpha/execute status=200
2026-09-30T02:44:33.370428Z  INFO lingxi_service::sessions: run settled through the single finalize path run_id=run_000001a0f0330fda_00014a session_id="sess_local_alpha" outcome=completed.no_final.no_provider_configured input_chars=21 input_bytes=21
2026-09-30T02:44:33.370538Z  INFO lingxi_service: request handled request_id=req-9bbc4ebe9c7e5422b5b9569d15a6dd22 method=POST path=/lingxi/v1/sessions/sess_local_alpha/execute status=200
2026-09-30T02:44:33.371334Z  INFO lingxi_service::sessions: run settled through the single finalize path run_id=run_000001a0f0330fda_00014b session_id="sess_local_alpha" outcome=completed.no_final.no_provider_configured input_chars=21 input_bytes=21
2026-09-30T02:44:33.371449Z  INFO lingxi_service: request handled request_id=req-991bebd1986d70b3456897b74b791c89 method=POST path=/lingxi/v1/sessions/sess_local_alpha/execute status=200
2026-09-30T02:44:33.372198Z  INFO lingxi_service::sessions: run settled through the single finalize path run_id=run_000001a0f0330fdb_00014c session_id="sess_local_alpha" outcome=completed.no_final.no_provider_configured input_chars=21 input_bytes=21
2026-09-30T02:44:33.372308Z  INFO lingxi_service: request handled request_id=req-21fc99a8d48d9c0d72b53e7e0276c5a7 method=POST path=/lingxi/v1/sessions/sess_local_alpha/execute status=200
2026-09-30T02:44:33.373033Z  INFO lingxi_service::sessions: run settled through the single finalize path run_id=run_000001a0f0330fdc_00014d session_id="sess_local_alpha" outcome=completed.no_final.no_provider_configured input_chars=21 input_bytes=21
2026-09-30T02:44:33.373144Z  INFO lingxi_service: request handled request_id=req-e74648b3b85a99ff5639c7786685e535 method=POST path=/lingxi/v1/sessions/sess_local_alpha/execute status=200
2026-09-30T02:44:33.373821Z  INFO lingxi_service::sessions: run settled through the single finalize path run_id=run_000001a0f0330fdd_00014e session_id="sess_local_alpha" outcome=completed.no_final.no_provider_configured input_chars=21 input_bytes=21
2026-09-30T02:44:33.373936Z  INFO lingxi_service: request handled request_id=req-bf44fe9aff84d9f91630eb5bf7687f98 method=POST path=/lingxi/v1/sessions/sess_local_alpha/execute status=200
2026-09-30T02:44:33.374650Z  INFO lingxi_service::sessions: run settled through the single finalize path run_id=run_000001a0f0330fde_00014f session_id="sess_local_alpha" outcome=completed.no_final.no_provider_configured input_chars=21 input_bytes=21
2026-09-30T02:44:33.374760Z  INFO lingxi_service: request handled request_id=req-bf81d8fab450596796b555898851a5f0 method=POST path=/lingxi/v1/sessions/sess_local_alpha/execute status=200
2026-09-30T02:44:33.375456Z  INFO lingxi_service::sessions: run settled through the single finalize path run_id=run_000001a0f0330fdf_000150 session_id="sess_local_alpha" outcome=completed.no_final.no_provider_configured input_chars=21 input_bytes=21
2026-09-30T02:44:33.375566Z  INFO lingxi_service: request handled request_id=req-98ead826cf917f21c5a5adb1308670fa method=POST path=/lingxi/v1/sessions/sess_local_alpha/execute status=200
2026-09-30T02:44:33.376258Z  INFO lingxi_service::sessions: run settled through the single finalize path run_id=run_000001a0f0330fdf_000151 session_id="sess_local_alpha" outcome=completed.no_final.no_provider_configured input_chars=21 input_bytes=21
2026-09-30T02:44:33.376370Z  INFO lingxi_service: request handled request_id=req-e268a7e4d7f06b9025f5d4fd0537d2eb method=POST path=/lingxi/v1/sessions/sess_local_alpha/execute status=200
2026-09-30T02:44:33.377103Z  INFO lingxi_service::sessions: run settled through the single finalize path run_id=run_000001a0f0330fe0_000152 session_id="sess_local_alpha" outcome=completed.no_final.no_provider_configured input_chars=21 input_bytes=21
2026-09-30T02:44:33.377218Z  INFO lingxi_service: request handled request_id=req-718e0e10bdf72e53a47b9e1325fb7a02 method=POST path=/lingxi/v1/sessions/sess_local_alpha/execute status=200
2026-09-30T02:44:33.377928Z  INFO lingxi_service::sessions: run settled through the single finalize path run_id=run_000001a0f0330fe1_000153 session_id="sess_local_alpha" outcome=completed.no_final.no_provider_configured input_chars=21 input_bytes=21
2026-09-30T02:44:33.378038Z  INFO lingxi_service: request handled request_id=req-b3597276905205ef3602ab168fb6a915 method=POST path=/lingxi/v1/sessions/sess_local_alpha/execute status=200
2026-09-30T02:44:33.378748Z  INFO lingxi_service::sessions: run settled through the single finalize path run_id=run_000001a0f0330fe2_000154 session_id="sess_local_alpha" outcome=completed.no_final.no_provider_configured input_chars=21 input_bytes=21
2026-09-30T02:44:33.378860Z  INFO lingxi_service: request handled request_id=req-5daa7ba97fdc52aff29cad5c7995ed96 method=POST path=/lingxi/v1/sessions/sess_local_alpha/execute status=200
2026-09-30T02:44:33.379526Z  INFO lingxi_service::sessions: run settled through the single finalize path run_id=run_000001a0f0330fe3_000155 session_id="sess_local_alpha" outcome=completed.no_final.no_provider_configured input_chars=21 input_bytes=21
2026-09-30T02:44:33.379636Z  INFO lingxi_service: request handled request_id=req-bb13b053ccc33580e06860a2a7adfac2 method=POST path=/lingxi/v1/sessions/sess_local_alpha/execute status=200
2026-09-30T02:44:33.380309Z  INFO lingxi_service::sessions: run settled through the single finalize path run_id=run_000001a0f0330fe3_000156 session_id="sess_local_alpha" outcome=completed.no_final.no_provider_configured input_chars=21 input_bytes=21
2026-09-30T02:44:33.380421Z  INFO lingxi_service: request handled request_id=req-0c11ac4cd04656a62a7be4303c17c46f method=POST path=/lingxi/v1/sessions/sess_local_alpha/execute status=200
2026-09-30T02:44:33.381190Z  INFO lingxi_service::sessions: run settled through the single finalize path run_id=run_000001a0f0330fe4_000157 session_id="sess_local_alpha" outcome=completed.no_final.no_provider_configured input_chars=21 input_bytes=21
2026-09-30T02:44:33.381303Z  INFO lingxi_service: request handled request_id=req-a7591c818d8028df730734b0a938a93b method=POST path=/lingxi/v1/sessions/sess_local_alpha/execute status=200
2026-09-30T02:44:33.381988Z  INFO lingxi_service::sessions: run settled through the single finalize path run_id=run_000001a0f0330fe5_000158 session_id="sess_local_alpha" outcome=completed.no_final.no_provider_configured input_chars=21 input_bytes=21
2026-09-30T02:44:33.382103Z  INFO lingxi_service: request handled request_id=req-6e3b0ff6b24b3cd59ad74ff381d1f51b method=POST path=/lingxi/v1/sessions/sess_local_alpha/execute status=200
2026-09-30T02:44:33.382785Z  INFO lingxi_service::sessions: run settled through the single finalize path run_id=run_000001a0f0330fe6_000159 session_id="sess_local_alpha" outcome=completed.no_final.no_provider_configured input_chars=21 input_bytes=21
2026-09-30T02:44:33.382896Z  INFO lingxi_service: request handled request_id=req-f4caf1ade5827761b07f5d7883d3f65b method=POST path=/lingxi/v1/sessions/sess_local_alpha/execute status=200
2026-09-30T02:44:33.383557Z  INFO lingxi_service::sessions: run settled through the single finalize path run_id=run_000001a0f0330fe7_00015a session_id="sess_local_alpha" outcome=completed.no_final.no_provider_configured input_chars=21 input_bytes=21
2026-09-30T02:44:33.383666Z  INFO lingxi_service: request handled request_id=req-6a942ad858460866675fdec8cf39319f method=POST path=/lingxi/v1/sessions/sess_local_alpha/execute status=200
2026-09-30T02:44:33.384384Z  INFO lingxi_service::sessions: run settled through the single finalize path run_id=run_000001a0f0330fe7_00015b session_id="sess_local_alpha" outcome=completed.no_final.no_provider_configured input_chars=21 input_bytes=21
2026-09-30T02:44:33.384503Z  INFO lingxi_service: request handled request_id=req-2fe1a02b1179ba3435af1657eaae56ac method=POST path=/lingxi/v1/sessions/sess_local_alpha/execute status=200
2026-09-30T02:44:33.385210Z  INFO lingxi_service::sessions: run settled through the single finalize path run_id=run_000001a0f0330fe8_00015c session_id="sess_local_alpha" outcome=completed.no_final.no_provider_configured input_chars=21 input_bytes=21
2026-09-30T02:44:33.385322Z  INFO lingxi_service: request handled request_id=req-78ab8b4d3f4343da24922902f5eaa8d0 method=POST path=/lingxi/v1/sessions/sess_local_alpha/execute status=200
2026-09-30T02:44:33.386038Z  INFO lingxi_service::sessions: run settled through the single finalize path run_id=run_000001a0f0330fe9_00015d session_id="sess_local_alpha" outcome=completed.no_final.no_provider_configured input_chars=21 input_bytes=21
2026-09-30T02:44:33.386148Z  INFO lingxi_service: request handled request_id=req-4cf8f6247f2841c079328e7d35fa71c6 method=POST path=/lingxi/v1/sessions/sess_local_alpha/execute status=200
2026-09-30T02:44:33.386873Z  INFO lingxi_service::sessions: run settled through the single finalize path run_id=run_000001a0f0330fea_00015e session_id="sess_local_alpha" outcome=completed.no_final.no_provider_configured input_chars=21 input_bytes=21
2026-09-30T02:44:33.386985Z  INFO lingxi_service: request handled request_id=req-a7f91517bbc4b746f59a28178c3cb5a0 method=POST path=/lingxi/v1/sessions/sess_local_alpha/execute status=200
2026-09-30T02:44:33.387693Z  INFO lingxi_service::sessions: run settled through the single finalize path run_id=run_000001a0f0330feb_00015f session_id="sess_local_alpha" outcome=completed.no_final.no_provider_configured input_chars=21 input_bytes=21
2026-09-30T02:44:33.387806Z  INFO lingxi_service: request handled request_id=req-b381527c15a1d2af6e2bedc77b47157b method=POST path=/lingxi/v1/sessions/sess_local_alpha/execute status=200
2026-09-30T02:44:33.388522Z  INFO lingxi_service::sessions: run settled through the single finalize path run_id=run_000001a0f0330fec_000160 session_id="sess_local_alpha" outcome=completed.no_final.no_provider_configured input_chars=21 input_bytes=21
2026-09-30T02:44:33.388635Z  INFO lingxi_service: request handled request_id=req-119ee9667548a75496ef06bd2f59bff8 method=POST path=/lingxi/v1/sessions/sess_local_alpha/execute status=200
2026-09-30T02:44:33.389773Z  INFO lingxi_service::sessions: run settled through the single finalize path run_id=run_000001a0f0330fec_000161 session_id="sess_local_alpha" outcome=completed.no_final.no_provider_configured input_chars=21 input_bytes=21
2026-09-30T02:44:33.389883Z  INFO lingxi_service: request handled request_id=req-3413947e546c6c5aeadc20fa596d48b5 method=POST path=/lingxi/v1/sessions/sess_local_alpha/execute status=200
2026-09-30T02:44:33.390722Z  INFO lingxi_service::sessions: run settled through the single finalize path run_id=run_000001a0f0330fee_000162 session_id="sess_local_alpha" outcome=completed.no_final.no_provider_configured input_chars=21 input_bytes=21
2026-09-30T02:44:33.390836Z  INFO lingxi_service: request handled request_id=req-22e528561ce71768da4d50bc17fde667 method=POST path=/lingxi/v1/sessions/sess_local_alpha/execute status=200
2026-09-30T02:44:33.391640Z  INFO lingxi_service::sessions: run settled through the single finalize path run_id=run_000001a0f0330fef_000163 session_id="sess_local_alpha" outcome=completed.no_final.no_provider_configured input_chars=21 input_bytes=21
2026-09-30T02:44:33.391759Z  INFO lingxi_service: request handled request_id=req-6cc4768cd8b324b87627dcdec793703c method=POST path=/lingxi/v1/sessions/sess_local_alpha/execute status=200
2026-09-30T02:44:33.392479Z  INFO lingxi_service::sessions: run settled through the single finalize path run_id=run_000001a0f0330ff0_000164 session_id="sess_local_alpha" outcome=completed.no_final.no_provider_configured input_chars=21 input_bytes=21
2026-09-30T02:44:33.392591Z  INFO lingxi_service: request handled request_id=req-3c3e487e35c3287830f294c69e8dcf17 method=POST path=/lingxi/v1/sessions/sess_local_alpha/execute status=200
2026-09-30T02:44:33.393297Z  INFO lingxi_service::sessions: run settled through the single finalize path run_id=run_000001a0f0330ff0_000165 session_id="sess_local_alpha" outcome=completed.no_final.no_provider_configured input_chars=21 input_bytes=21
2026-09-30T02:44:33.393413Z  INFO lingxi_service: request handled request_id=req-d12f8e9bec167d6fc6751e7a2c165e23 method=POST path=/lingxi/v1/sessions/sess_local_alpha/execute status=200
2026-09-30T02:44:33.394095Z  INFO lingxi_service::sessions: run settled through the single finalize path run_id=run_000001a0f0330ff1_000166 session_id="sess_local_alpha" outcome=completed.no_final.no_provider_configured input_chars=21 input_bytes=21
2026-09-30T02:44:33.394207Z  INFO lingxi_service: request handled request_id=req-198fa38dd4dc608adbffd357194e94c4 method=POST path=/lingxi/v1/sessions/sess_local_alpha/execute status=200
2026-09-30T02:44:33.394917Z  INFO lingxi_service::sessions: run settled through the single finalize path run_id=run_000001a0f0330ff2_000167 session_id="sess_local_alpha" outcome=completed.no_final.no_provider_configured input_chars=22 input_bytes=22
2026-09-30T02:44:33.395029Z  INFO lingxi_service: request handled request_id=req-55a5637b17fa90144959414e1d8e9bd9 method=POST path=/lingxi/v1/sessions/sess_local_alpha/execute status=200
2026-09-30T02:44:33.395758Z  INFO lingxi_service::sessions: run settled through the single finalize path run_id=run_000001a0f0330ff3_000168 session_id="sess_local_alpha" outcome=completed.no_final.no_provider_configured input_chars=22 input_bytes=22
2026-09-30T02:44:33.395873Z  INFO lingxi_service: request handled request_id=req-4f8b7ecc5927e539a3305995158a2247 method=POST path=/lingxi/v1/sessions/sess_local_alpha/execute status=200
2026-09-30T02:44:33.396576Z  INFO lingxi_service::sessions: run settled through the single finalize path run_id=run_000001a0f0330ff4_000169 session_id="sess_local_alpha" outcome=completed.no_final.no_provider_configured input_chars=22 input_bytes=22
2026-09-30T02:44:33.396693Z  INFO lingxi_service: request handled request_id=req-ed81eda34184434baeebddbb8ed9c731 method=POST path=/lingxi/v1/sessions/sess_local_alpha/execute status=200
2026-09-30T02:44:33.397417Z  INFO lingxi_service::sessions: run settled through the single finalize path run_id=run_000001a0f0330ff5_00016a session_id="sess_local_alpha" outcome=completed.no_final.no_provider_configured input_chars=22 input_bytes=22
2026-09-30T02:44:33.397531Z  INFO lingxi_service: request handled request_id=req-994d2538b7c9ce4739c7c634185825d6 method=POST path=/lingxi/v1/sessions/sess_local_alpha/execute status=200
2026-09-30T02:44:33.398216Z  INFO lingxi_service::sessions: run settled through the single finalize path run_id=run_000001a0f0330ff5_00016b session_id="sess_local_alpha" outcome=completed.no_final.no_provider_configured input_chars=22 input_bytes=22
2026-09-30T02:44:33.398330Z  INFO lingxi_service: request handled request_id=req-1917f29a4e45700e1ccad8226e5a844f method=POST path=/lingxi/v1/sessions/sess_local_alpha/execute status=200
2026-09-30T02:44:33.399059Z  INFO lingxi_service::sessions: run settled through the single finalize path run_id=run_000001a0f0330ff6_00016c session_id="sess_local_alpha" outcome=completed.no_final.no_provider_configured input_chars=22 input_bytes=22
2026-09-30T02:44:33.399172Z  INFO lingxi_service: request handled request_id=req-4548b957a10bc0d243306ce7f3f1ec51 method=POST path=/lingxi/v1/sessions/sess_local_alpha/execute status=200
2026-09-30T02:44:33.399835Z  INFO lingxi_service::sessions: run settled through the single finalize path run_id=run_000001a0f0330ff7_00016d session_id="sess_local_alpha" outcome=completed.no_final.no_provider_configured input_chars=22 input_bytes=22
2026-09-30T02:44:33.399946Z  INFO lingxi_service: request handled request_id=req-c39e9419e81077178d8a7e9813c9781d method=POST path=/lingxi/v1/sessions/sess_local_alpha/execute status=200
2026-09-30T02:44:33.400722Z  INFO lingxi_service::sessions: run settled through the single finalize path run_id=run_000001a0f0330ff8_00016e session_id="sess_local_alpha" outcome=completed.no_final.no_provider_configured input_chars=22 input_bytes=22
2026-09-30T02:44:33.400835Z  INFO lingxi_service: request handled request_id=req-003bf31afac812b0e06a6fb25dbb30e2 method=POST path=/lingxi/v1/sessions/sess_local_alpha/execute status=200
2026-09-30T02:44:33.401643Z  INFO lingxi_service::sessions: run settled through the single finalize path run_id=run_000001a0f0330ff9_00016f session_id="sess_local_alpha" outcome=completed.no_final.no_provider_configured input_chars=22 input_bytes=22
2026-09-30T02:44:33.401755Z  INFO lingxi_service: request handled request_id=req-3f0c25ec855bd0b9fb3d3afa3950e750 method=POST path=/lingxi/v1/sessions/sess_local_alpha/execute status=200
2026-09-30T02:44:33.402436Z  INFO lingxi_service::sessions: run settled through the single finalize path run_id=run_000001a0f0330ffa_000170 session_id="sess_local_alpha" outcome=completed.no_final.no_provider_configured input_chars=22 input_bytes=22
2026-09-30T02:44:33.402548Z  INFO lingxi_service: request handled request_id=req-0463ca8eeef0ea9a89eeebc0893088c2 method=POST path=/lingxi/v1/sessions/sess_local_alpha/execute status=200
2026-09-30T02:44:33.403238Z  INFO lingxi_service::sessions: run settled through the single finalize path run_id=run_000001a0f0330ffa_000171 session_id="sess_local_alpha" outcome=completed.no_final.no_provider_configured input_chars=22 input_bytes=22
2026-09-30T02:44:33.403348Z  INFO lingxi_service: request handled request_id=req-d7c9d29e2ed323a08ebf17663d66ae60 method=POST path=/lingxi/v1/sessions/sess_local_alpha/execute status=200
2026-09-30T02:44:33.404046Z  INFO lingxi_service::sessions: run settled through the single finalize path run_id=run_000001a0f0330ffb_000172 session_id="sess_local_alpha" outcome=completed.no_final.no_provider_configured input_chars=22 input_bytes=22
2026-09-30T02:44:33.404165Z  INFO lingxi_service: request handled request_id=req-1ee7752d69a6332cbcd9614c6103a896 method=POST path=/lingxi/v1/sessions/sess_local_alpha/execute status=200
2026-09-30T02:44:33.404875Z  INFO lingxi_service::sessions: run settled through the single finalize path run_id=run_000001a0f0330ffc_000173 session_id="sess_local_alpha" outcome=completed.no_final.no_provider_configured input_chars=22 input_bytes=22
2026-09-30T02:44:33.404987Z  INFO lingxi_service: request handled request_id=req-e7c6993163f8c2660a6725638e931410 method=POST path=/lingxi/v1/sessions/sess_local_alpha/execute status=200
2026-09-30T02:44:33.405694Z  INFO lingxi_service::sessions: run settled through the single finalize path run_id=run_000001a0f0330ffd_000174 session_id="sess_local_alpha" outcome=completed.no_final.no_provider_configured input_chars=22 input_bytes=22
2026-09-30T02:44:33.405811Z  INFO lingxi_service: request handled request_id=req-7525530cd0bb09ed9800c6313f312a26 method=POST path=/lingxi/v1/sessions/sess_local_alpha/execute status=200
2026-09-30T02:44:33.406510Z  INFO lingxi_service::sessions: run settled through the single finalize path run_id=run_000001a0f0330ffe_000175 session_id="sess_local_alpha" outcome=completed.no_final.no_provider_configured input_chars=22 input_bytes=22
2026-09-30T02:44:33.406629Z  INFO lingxi_service: request handled request_id=req-88a43949089303d8d5375bd9c5630651 method=POST path=/lingxi/v1/sessions/sess_local_alpha/execute status=200
2026-09-30T02:44:33.407357Z  INFO lingxi_service::sessions: run settled through the single finalize path run_id=run_000001a0f0330ffe_000176 session_id="sess_local_alpha" outcome=completed.no_final.no_provider_configured input_chars=22 input_bytes=22
2026-09-30T02:44:33.407469Z  INFO lingxi_service: request handled request_id=req-bf58f0903415c0c679a74f0ad6e1e835 method=POST path=/lingxi/v1/sessions/sess_local_alpha/execute status=200
2026-09-30T02:44:33.408185Z  INFO lingxi_service::sessions: run settled through the single finalize path run_id=run_000001a0f0330fff_000177 session_id="sess_local_alpha" outcome=completed.no_final.no_provider_configured input_chars=22 input_bytes=22
2026-09-30T02:44:33.408298Z  INFO lingxi_service: request handled request_id=req-7f9eaa836ed9035f604065c8b2d3ef5e method=POST path=/lingxi/v1/sessions/sess_local_alpha/execute status=200
2026-09-30T02:44:33.409056Z  INFO lingxi_service::sessions: run settled through the single finalize path run_id=run_000001a0f0331000_000178 session_id="sess_local_alpha" outcome=completed.no_final.no_provider_configured input_chars=22 input_bytes=22
2026-09-30T02:44:33.409170Z  INFO lingxi_service: request handled request_id=req-988b043a730ce56fba8bdbc611aa5dfa method=POST path=/lingxi/v1/sessions/sess_local_alpha/execute status=200
2026-09-30T02:44:33.409884Z  INFO lingxi_service::sessions: run settled through the single finalize path run_id=run_000001a0f0331001_000179 session_id="sess_local_alpha" outcome=completed.no_final.no_provider_configured input_chars=22 input_bytes=22
2026-09-30T02:44:33.409997Z  INFO lingxi_service: request handled request_id=req-1d8ff329d16e68b2427145eaefa64c1b method=POST path=/lingxi/v1/sessions/sess_local_alpha/execute status=200
2026-09-30T02:44:33.410685Z  INFO lingxi_service::sessions: run settled through the single finalize path run_id=run_000001a0f0331002_00017a session_id="sess_local_alpha" outcome=completed.no_final.no_provider_configured input_chars=22 input_bytes=22
2026-09-30T02:44:33.410797Z  INFO lingxi_service: request handled request_id=req-d2350a1c2b8360083656f56985be3873 method=POST path=/lingxi/v1/sessions/sess_local_alpha/execute status=200
2026-09-30T02:44:33.411491Z  INFO lingxi_service::sessions: run settled through the single finalize path run_id=run_000001a0f0331003_00017b session_id="sess_local_alpha" outcome=completed.no_final.no_provider_configured input_chars=22 input_bytes=22
2026-09-30T02:44:33.411603Z  INFO lingxi_service: request handled request_id=req-159823d8c71589a6c00c5efe5012700e method=POST path=/lingxi/v1/sessions/sess_local_alpha/execute status=200
2026-09-30T02:44:33.412272Z  INFO lingxi_service::sessions: run settled through the single finalize path run_id=run_000001a0f0331003_00017c session_id="sess_local_alpha" outcome=completed.no_final.no_provider_configured input_chars=22 input_bytes=22
2026-09-30T02:44:33.412387Z  INFO lingxi_service: request handled request_id=req-a55182fe681715e785a35757c8e32f66 method=POST path=/lingxi/v1/sessions/sess_local_alpha/execute status=200
2026-09-30T02:44:33.413075Z  INFO lingxi_service::sessions: run settled through the single finalize path run_id=run_000001a0f0331004_00017d session_id="sess_local_alpha" outcome=completed.no_final.no_provider_configured input_chars=22 input_bytes=22
2026-09-30T02:44:33.413193Z  INFO lingxi_service: request handled request_id=req-e2d10ebaea1f7fe512aebfb965da3823 method=POST path=/lingxi/v1/sessions/sess_local_alpha/execute status=200
2026-09-30T02:44:33.413895Z  INFO lingxi_service::sessions: run settled through the single finalize path run_id=run_000001a0f0331005_00017e session_id="sess_local_alpha" outcome=completed.no_final.no_provider_configured input_chars=22 input_bytes=22
2026-09-30T02:44:33.414010Z  INFO lingxi_service: request handled request_id=req-40f1b96fe00fa8a738a59eaf51bea932 method=POST path=/lingxi/v1/sessions/sess_local_alpha/execute status=200
2026-09-30T02:44:33.414672Z  INFO lingxi_service::sessions: run settled through the single finalize path run_id=run_000001a0f0331006_00017f session_id="sess_local_alpha" outcome=completed.no_final.no_provider_configured input_chars=22 input_bytes=22
2026-09-30T02:44:33.414785Z  INFO lingxi_service: request handled request_id=req-615bf5b4f55b96c9517145fc561ebeea method=POST path=/lingxi/v1/sessions/sess_local_alpha/execute status=200
2026-09-30T02:44:33.415545Z  INFO lingxi_service::sessions: run settled through the single finalize path run_id=run_000001a0f0331007_000180 session_id="sess_local_alpha" outcome=completed.no_final.no_provider_configured input_chars=22 input_bytes=22
2026-09-30T02:44:33.415656Z  INFO lingxi_service: request handled request_id=req-0c865d945dbbaee0e1533430688a0227 method=POST path=/lingxi/v1/sessions/sess_local_alpha/execute status=200
2026-09-30T02:44:33.416362Z  INFO lingxi_service::sessions: run settled through the single finalize path run_id=run_000001a0f0331007_000181 session_id="sess_local_alpha" outcome=completed.no_final.no_provider_configured input_chars=22 input_bytes=22
2026-09-30T02:44:33.416478Z  INFO lingxi_service: request handled request_id=req-460aabb1cc068f40325f3042a9824003 method=POST path=/lingxi/v1/sessions/sess_local_alpha/execute status=200
2026-09-30T02:44:33.417179Z  INFO lingxi_service::sessions: run settled through the single finalize path run_id=run_000001a0f0331008_000182 session_id="sess_local_alpha" outcome=completed.no_final.no_provider_configured input_chars=22 input_bytes=22
2026-09-30T02:44:33.417296Z  INFO lingxi_service: request handled request_id=req-3ed9a6c429a7ad545839bebba9b7d3e8 method=POST path=/lingxi/v1/sessions/sess_local_alpha/execute status=200
2026-09-30T02:44:33.417992Z  INFO lingxi_service::sessions: run settled through the single finalize path run_id=run_000001a0f0331009_000183 session_id="sess_local_alpha" outcome=completed.no_final.no_provider_configured input_chars=22 input_bytes=22
2026-09-30T02:44:33.418105Z  INFO lingxi_service: request handled request_id=req-be1f12d4b0294d0084062589d78a20ed method=POST path=/lingxi/v1/sessions/sess_local_alpha/execute status=200
2026-09-30T02:44:33.418816Z  INFO lingxi_service::sessions: run settled through the single finalize path run_id=run_000001a0f033100a_000184 session_id="sess_local_alpha" outcome=completed.no_final.no_provider_configured input_chars=22 input_bytes=22
2026-09-30T02:44:33.418934Z  INFO lingxi_service: request handled request_id=req-8d9225e14457161688e55d17fa5c6aba method=POST path=/lingxi/v1/sessions/sess_local_alpha/execute status=200
2026-09-30T02:44:33.419629Z  INFO lingxi_service::sessions: run settled through the single finalize path run_id=run_000001a0f033100b_000185 session_id="sess_local_alpha" outcome=completed.no_final.no_provider_configured input_chars=22 input_bytes=22
2026-09-30T02:44:33.419742Z  INFO lingxi_service: request handled request_id=req-cb2ad57c3624d09e1a38c25ea9182589 method=POST path=/lingxi/v1/sessions/sess_local_alpha/execute status=200
2026-09-30T02:44:33.420452Z  INFO lingxi_service::sessions: run settled through the single finalize path run_id=run_000001a0f033100c_000186 session_id="sess_local_alpha" outcome=completed.no_final.no_provider_configured input_chars=22 input_bytes=22
2026-09-30T02:44:33.420566Z  INFO lingxi_service: request handled request_id=req-9a765c45282e06c0d5dccc944bc9e01b method=POST path=/lingxi/v1/sessions/sess_local_alpha/execute status=200
2026-09-30T02:44:33.421256Z  INFO lingxi_service::sessions: run settled through the single finalize path run_id=run_000001a0f033100c_000187 session_id="sess_local_alpha" outcome=completed.no_final.no_provider_configured input_chars=22 input_bytes=22
2026-09-30T02:44:33.421370Z  INFO lingxi_service: request handled request_id=req-e306422284702a960833560468f1fd06 method=POST path=/lingxi/v1/sessions/sess_local_alpha/execute status=200
2026-09-30T02:44:33.422061Z  INFO lingxi_service::sessions: run settled through the single finalize path run_id=run_000001a0f033100d_000188 session_id="sess_local_alpha" outcome=completed.no_final.no_provider_configured input_chars=22 input_bytes=22
2026-09-30T02:44:33.422174Z  INFO lingxi_service: request handled request_id=req-65dabb08d44d0a4138f1ae138b3cc19d method=POST path=/lingxi/v1/sessions/sess_local_alpha/execute status=200
2026-09-30T02:44:33.422913Z  INFO lingxi_service::sessions: run settled through the single finalize path run_id=run_000001a0f033100e_000189 session_id="sess_local_alpha" outcome=completed.no_final.no_provider_configured input_chars=22 input_bytes=22
2026-09-30T02:44:33.423028Z  INFO lingxi_service: request handled request_id=req-6780f54ca75fc46b2697b8b1b06dad58 method=POST path=/lingxi/v1/sessions/sess_local_alpha/execute status=200
2026-09-30T02:44:33.423694Z  INFO lingxi_service::sessions: run settled through the single finalize path run_id=run_000001a0f033100f_00018a session_id="sess_local_alpha" outcome=completed.no_final.no_provider_configured input_chars=22 input_bytes=22
2026-09-30T02:44:33.423811Z  INFO lingxi_service: request handled request_id=req-563b214228797099eafd0bda436d883e method=POST path=/lingxi/v1/sessions/sess_local_alpha/execute status=200
2026-09-30T02:44:33.424497Z  INFO lingxi_service::sessions: run settled through the single finalize path run_id=run_000001a0f0331010_00018b session_id="sess_local_alpha" outcome=completed.no_final.no_provider_configured input_chars=22 input_bytes=22
2026-09-30T02:44:33.424615Z  INFO lingxi_service: request handled request_id=req-d888012bdd700f0f946963a114806b74 method=POST path=/lingxi/v1/sessions/sess_local_alpha/execute status=200
2026-09-30T02:44:33.425297Z  INFO lingxi_service::sessions: run settled through the single finalize path run_id=run_000001a0f0331010_00018c session_id="sess_local_alpha" outcome=completed.no_final.no_provider_configured input_chars=22 input_bytes=22
2026-09-30T02:44:33.425410Z  INFO lingxi_service: request handled request_id=req-389fe0bc1c2b639847bfdad707c4f44a method=POST path=/lingxi/v1/sessions/sess_local_alpha/execute status=200
2026-09-30T02:44:33.426081Z  INFO lingxi_service::sessions: run settled through the single finalize path run_id=run_000001a0f0331011_00018d session_id="sess_local_alpha" outcome=completed.no_final.no_provider_configured input_chars=22 input_bytes=22
2026-09-30T02:44:33.426194Z  INFO lingxi_service: request handled request_id=req-473797c83b527d7d05f02d2ef042da3c method=POST path=/lingxi/v1/sessions/sess_local_alpha/execute status=200
2026-09-30T02:44:33.426898Z  INFO lingxi_service::sessions: run settled through the single finalize path run_id=run_000001a0f0331012_00018e session_id="sess_local_alpha" outcome=completed.no_final.no_provider_configured input_chars=22 input_bytes=22
2026-09-30T02:44:33.427011Z  INFO lingxi_service: request handled request_id=req-edbd71d6263a9c253dbda7027e0762d2 method=POST path=/lingxi/v1/sessions/sess_local_alpha/execute status=200
2026-09-30T02:44:33.427686Z  INFO lingxi_service::sessions: run settled through the single finalize path run_id=run_000001a0f0331013_00018f session_id="sess_local_alpha" outcome=completed.no_final.no_provider_configured input_chars=22 input_bytes=22
2026-09-30T02:44:33.427801Z  INFO lingxi_service: request handled request_id=req-01ea02421aa5ee0c8bb9e74da5e40ce5 method=POST path=/lingxi/v1/sessions/sess_local_alpha/execute status=200
2026-09-30T02:44:33.428529Z  INFO lingxi_service::sessions: run settled through the single finalize path run_id=run_000001a0f0331014_000190 session_id="sess_local_alpha" outcome=completed.no_final.no_provider_configured input_chars=22 input_bytes=22
2026-09-30T02:44:33.428650Z  INFO lingxi_service: request handled request_id=req-125e753b8cfd6eedc397566a4f0bf326 method=POST path=/lingxi/v1/sessions/sess_local_alpha/execute status=200
2026-09-30T02:44:33.429369Z  INFO lingxi_service::sessions: run settled through the single finalize path run_id=run_000001a0f0331014_000191 session_id="sess_local_alpha" outcome=completed.no_final.no_provider_configured input_chars=22 input_bytes=22
2026-09-30T02:44:33.429482Z  INFO lingxi_service: request handled request_id=req-59fae23b99302811a6faf1b62670efda method=POST path=/lingxi/v1/sessions/sess_local_alpha/execute status=200
2026-09-30T02:44:33.430189Z  INFO lingxi_service::sessions: run settled through the single finalize path run_id=run_000001a0f0331015_000192 session_id="sess_local_alpha" outcome=completed.no_final.no_provider_configured input_chars=22 input_bytes=22
2026-09-30T02:44:33.430302Z  INFO lingxi_service: request handled request_id=req-819caded72d534be4fa42a423a80ae9a method=POST path=/lingxi/v1/sessions/sess_local_alpha/execute status=200
2026-09-30T02:44:33.431434Z  INFO lingxi_service::sessions: run settled through the single finalize path run_id=run_000001a0f0331016_000193 session_id="sess_local_alpha" outcome=completed.no_final.no_provider_configured input_chars=22 input_bytes=22
2026-09-30T02:44:33.431553Z  INFO lingxi_service: request handled request_id=req-28cbb62ca4f58f54a6106a8532c9f814 method=POST path=/lingxi/v1/sessions/sess_local_alpha/execute status=200
2026-09-30T02:44:33.432255Z  INFO lingxi_service::sessions: run settled through the single finalize path run_id=run_000001a0f0331017_000194 session_id="sess_local_alpha" outcome=completed.no_final.no_provider_configured input_chars=22 input_bytes=22
2026-09-30T02:44:33.432368Z  INFO lingxi_service: request handled request_id=req-c2be26d740f91b16e2a3d907bd883d78 method=POST path=/lingxi/v1/sessions/sess_local_alpha/execute status=200
2026-09-30T02:44:33.433085Z  INFO lingxi_service::sessions: run settled through the single finalize path run_id=run_000001a0f0331018_000195 session_id="sess_local_alpha" outcome=completed.no_final.no_provider_configured input_chars=22 input_bytes=22
2026-09-30T02:44:33.433198Z  INFO lingxi_service: request handled request_id=req-4a904730a98e7b37a94237f258ea7c15 method=POST path=/lingxi/v1/sessions/sess_local_alpha/execute status=200
2026-09-30T02:44:33.433881Z  INFO lingxi_service::sessions: run settled through the single finalize path run_id=run_000001a0f0331019_000196 session_id="sess_local_alpha" outcome=completed.no_final.no_provider_configured input_chars=22 input_bytes=22
2026-09-30T02:44:33.433999Z  INFO lingxi_service: request handled request_id=req-621aea4877627fd639905f866f0cdcc8 method=POST path=/lingxi/v1/sessions/sess_local_alpha/execute status=200
2026-09-30T02:44:33.434720Z  INFO lingxi_service::sessions: run settled through the single finalize path run_id=run_000001a0f033101a_000197 session_id="sess_local_alpha" outcome=completed.no_final.no_provider_configured input_chars=22 input_bytes=22
2026-09-30T02:44:33.434832Z  INFO lingxi_service: request handled request_id=req-207adacb80b86b74c84708c3edb68438 method=POST path=/lingxi/v1/sessions/sess_local_alpha/execute status=200
2026-09-30T02:44:33.435548Z  INFO lingxi_service::sessions: run settled through the single finalize path run_id=run_000001a0f033101b_000198 session_id="sess_local_alpha" outcome=completed.no_final.no_provider_configured input_chars=22 input_bytes=22
2026-09-30T02:44:33.435665Z  INFO lingxi_service: request handled request_id=req-1e975f104dd3767d99bb8ddb557a9aa1 method=POST path=/lingxi/v1/sessions/sess_local_alpha/execute status=200
2026-09-30T02:44:33.436389Z  INFO lingxi_service::sessions: run settled through the single finalize path run_id=run_000001a0f033101b_000199 session_id="sess_local_alpha" outcome=completed.no_final.no_provider_configured input_chars=22 input_bytes=22
2026-09-30T02:44:33.436503Z  INFO lingxi_service: request handled request_id=req-e101ca5ad201e0071eca33cd11d0fd99 method=POST path=/lingxi/v1/sessions/sess_local_alpha/execute status=200
2026-09-30T02:44:33.437197Z  INFO lingxi_service::sessions: run settled through the single finalize path run_id=run_000001a0f033101c_00019a session_id="sess_local_alpha" outcome=completed.no_final.no_provider_configured input_chars=22 input_bytes=22
2026-09-30T02:44:33.437310Z  INFO lingxi_service: request handled request_id=req-266b9df0bc8674b74ba6448be2d8abee method=POST path=/lingxi/v1/sessions/sess_local_alpha/execute status=200
2026-09-30T02:44:33.438009Z  INFO lingxi_service::sessions: run settled through the single finalize path run_id=run_000001a0f033101d_00019b session_id="sess_local_alpha" outcome=completed.no_final.no_provider_configured input_chars=22 input_bytes=22
2026-09-30T02:44:33.438125Z  INFO lingxi_service: request handled request_id=req-15f7b8a7aa4beba971c3910d353d98c0 method=POST path=/lingxi/v1/sessions/sess_local_alpha/execute status=200
2026-09-30T02:44:33.438821Z  INFO lingxi_service::sessions: run settled through the single finalize path run_id=run_000001a0f033101e_00019c session_id="sess_local_alpha" outcome=completed.no_final.no_provider_configured input_chars=22 input_bytes=22
2026-09-30T02:44:33.438937Z  INFO lingxi_service: request handled request_id=req-8d8484c5b5a0fe29a36e72566cd55efe method=POST path=/lingxi/v1/sessions/sess_local_alpha/execute status=200
2026-09-30T02:44:33.439614Z  INFO lingxi_service::sessions: run settled through the single finalize path run_id=run_000001a0f033101f_00019d session_id="sess_local_alpha" outcome=completed.no_final.no_provider_configured input_chars=22 input_bytes=22
2026-09-30T02:44:33.439728Z  INFO lingxi_service: request handled request_id=req-6501f6a95f22bce7dcf7179d25d1810e method=POST path=/lingxi/v1/sessions/sess_local_alpha/execute status=200
2026-09-30T02:44:33.440468Z  INFO lingxi_service::sessions: run settled through the single finalize path run_id=run_000001a0f0331020_00019e session_id="sess_local_alpha" outcome=completed.no_final.no_provider_configured input_chars=22 input_bytes=22
2026-09-30T02:44:33.440584Z  INFO lingxi_service: request handled request_id=req-bfef3c1cf823f9f61bdb8898b01213ae method=POST path=/lingxi/v1/sessions/sess_local_alpha/execute status=200
2026-09-30T02:44:33.441242Z  INFO lingxi_service::sessions: run settled through the single finalize path run_id=run_000001a0f0331020_00019f session_id="sess_local_alpha" outcome=completed.no_final.no_provider_configured input_chars=22 input_bytes=22
2026-09-30T02:44:33.441356Z  INFO lingxi_service: request handled request_id=req-3b0d997a17cefd41a2ab7bb17b94f3cd method=POST path=/lingxi/v1/sessions/sess_local_alpha/execute status=200
2026-09-30T02:44:33.442022Z  INFO lingxi_service::sessions: run settled through the single finalize path run_id=run_000001a0f0331021_0001a0 session_id="sess_local_alpha" outcome=completed.no_final.no_provider_configured input_chars=22 input_bytes=22
2026-09-30T02:44:33.442139Z  INFO lingxi_service: request handled request_id=req-14bca3ac97b0a618f0d60223fe02ffb2 method=POST path=/lingxi/v1/sessions/sess_local_alpha/execute status=200
2026-09-30T02:44:33.442851Z  INFO lingxi_service::sessions: run settled through the single finalize path run_id=run_000001a0f0331022_0001a1 session_id="sess_local_alpha" outcome=completed.no_final.no_provider_configured input_chars=22 input_bytes=22
2026-09-30T02:44:33.442966Z  INFO lingxi_service: request handled request_id=req-95da3fcd641241c40aab35e59f9e84f9 method=POST path=/lingxi/v1/sessions/sess_local_alpha/execute status=200
2026-09-30T02:44:33.443681Z  INFO lingxi_service::sessions: run settled through the single finalize path run_id=run_000001a0f0331023_0001a2 session_id="sess_local_alpha" outcome=completed.no_final.no_provider_configured input_chars=22 input_bytes=22
2026-09-30T02:44:33.443799Z  INFO lingxi_service: request handled request_id=req-2216f3dbc6dc8e8f39f5c4a820a8b7d4 method=POST path=/lingxi/v1/sessions/sess_local_alpha/execute status=200
2026-09-30T02:44:33.444524Z  INFO lingxi_service::sessions: run settled through the single finalize path run_id=run_000001a0f0331024_0001a3 session_id="sess_local_alpha" outcome=completed.no_final.no_provider_configured input_chars=22 input_bytes=22
2026-09-30T02:44:33.444645Z  INFO lingxi_service: request handled request_id=req-925fa5d8b67056443b40b4afa039de9d method=POST path=/lingxi/v1/sessions/sess_local_alpha/execute status=200
2026-09-30T02:44:33.445385Z  INFO lingxi_service::sessions: run settled through the single finalize path run_id=run_000001a0f0331024_0001a4 session_id="sess_local_alpha" outcome=completed.no_final.no_provider_configured input_chars=22 input_bytes=22
2026-09-30T02:44:33.445498Z  INFO lingxi_service: request handled request_id=req-897fce429c256170fd4cc03b176a710e method=POST path=/lingxi/v1/sessions/sess_local_alpha/execute status=200
2026-09-30T02:44:33.446201Z  INFO lingxi_service::sessions: run settled through the single finalize path run_id=run_000001a0f0331025_0001a5 session_id="sess_local_alpha" outcome=completed.no_final.no_provider_configured input_chars=22 input_bytes=22
2026-09-30T02:44:33.446314Z  INFO lingxi_service: request handled request_id=req-ff0bcc831e3f92c924678427b1a6004a method=POST path=/lingxi/v1/sessions/sess_local_alpha/execute status=200
2026-09-30T02:44:33.446967Z  INFO lingxi_service::sessions: run settled through the single finalize path run_id=run_000001a0f0331026_0001a6 session_id="sess_local_alpha" outcome=completed.no_final.no_provider_configured input_chars=22 input_bytes=22
2026-09-30T02:44:33.447082Z  INFO lingxi_service: request handled request_id=req-09fa8c683f1c9b61bb36b7d8ff718ac4 method=POST path=/lingxi/v1/sessions/sess_local_alpha/execute status=200
2026-09-30T02:44:33.447792Z  INFO lingxi_service::sessions: run settled through the single finalize path run_id=run_000001a0f0331027_0001a7 session_id="sess_local_alpha" outcome=completed.no_final.no_provider_configured input_chars=22 input_bytes=22
2026-09-30T02:44:33.447909Z  INFO lingxi_service: request handled request_id=req-96b81012ecf08e3279f098d02cf88c5b method=POST path=/lingxi/v1/sessions/sess_local_alpha/execute status=200
2026-09-30T02:44:33.448593Z  INFO lingxi_service::sessions: run settled through the single finalize path run_id=run_000001a0f0331028_0001a8 session_id="sess_local_alpha" outcome=completed.no_final.no_provider_configured input_chars=22 input_bytes=22
2026-09-30T02:44:33.448713Z  INFO lingxi_service: request handled request_id=req-134a3e6ebaf15e0345fe706ac7aa7b65 method=POST path=/lingxi/v1/sessions/sess_local_alpha/execute status=200
2026-09-30T02:44:33.449469Z  INFO lingxi_service::sessions: run settled through the single finalize path run_id=run_000001a0f0331029_0001a9 session_id="sess_local_alpha" outcome=completed.no_final.no_provider_configured input_chars=22 input_bytes=22
2026-09-30T02:44:33.449584Z  INFO lingxi_service: request handled request_id=req-dcabfc2da8ede0c8c33eb42625b93544 method=POST path=/lingxi/v1/sessions/sess_local_alpha/execute status=200
2026-09-30T02:44:33.450304Z  INFO lingxi_service::sessions: run settled through the single finalize path run_id=run_000001a0f0331029_0001aa session_id="sess_local_alpha" outcome=completed.no_final.no_provider_configured input_chars=22 input_bytes=22
2026-09-30T02:44:33.450422Z  INFO lingxi_service: request handled request_id=req-542b4cf71b3eb2648545c6c5e111618b method=POST path=/lingxi/v1/sessions/sess_local_alpha/execute status=200
2026-09-30T02:44:33.451177Z  INFO lingxi_service::sessions: run settled through the single finalize path run_id=run_000001a0f033102a_0001ab session_id="sess_local_alpha" outcome=completed.no_final.no_provider_configured input_chars=22 input_bytes=22
2026-09-30T02:44:33.451290Z  INFO lingxi_service: request handled request_id=req-7bb165b41c38d750728babf955addc56 method=POST path=/lingxi/v1/sessions/sess_local_alpha/execute status=200
2026-09-30T02:44:33.452002Z  INFO lingxi_service::sessions: run settled through the single finalize path run_id=run_000001a0f033102b_0001ac session_id="sess_local_alpha" outcome=completed.no_final.no_provider_configured input_chars=22 input_bytes=22
2026-09-30T02:44:33.452124Z  INFO lingxi_service: request handled request_id=req-b25eb36bc0003d906006cdc61660df7e method=POST path=/lingxi/v1/sessions/sess_local_alpha/execute status=200
2026-09-30T02:44:33.452802Z  INFO lingxi_service::sessions: run settled through the single finalize path run_id=run_000001a0f033102c_0001ad session_id="sess_local_alpha" outcome=completed.no_final.no_provider_configured input_chars=22 input_bytes=22
2026-09-30T02:44:33.452920Z  INFO lingxi_service: request handled request_id=req-9696807afb0f3dc128fb71c61960e9b1 method=POST path=/lingxi/v1/sessions/sess_local_alpha/execute status=200
2026-09-30T02:44:33.453593Z  INFO lingxi_service::sessions: run settled through the single finalize path run_id=run_000001a0f033102d_0001ae session_id="sess_local_alpha" outcome=completed.no_final.no_provider_configured input_chars=22 input_bytes=22
2026-09-30T02:44:33.453709Z  INFO lingxi_service: request handled request_id=req-6b56b2cf555752feb17c5f7f4a4e9ebd method=POST path=/lingxi/v1/sessions/sess_local_alpha/execute status=200
2026-09-30T02:44:33.454466Z  INFO lingxi_service::sessions: run settled through the single finalize path run_id=run_000001a0f033102e_0001af session_id="sess_local_alpha" outcome=completed.no_final.no_provider_configured input_chars=22 input_bytes=22
2026-09-30T02:44:33.454584Z  INFO lingxi_service: request handled request_id=req-15c0d828bdca1d86993260c1af171292 method=POST path=/lingxi/v1/sessions/sess_local_alpha/execute status=200
2026-09-30T02:44:33.455311Z  INFO lingxi_service::sessions: run settled through the single finalize path run_id=run_000001a0f033102e_0001b0 session_id="sess_local_alpha" outcome=completed.no_final.no_provider_configured input_chars=22 input_bytes=22
2026-09-30T02:44:33.455425Z  INFO lingxi_service: request handled request_id=req-2c31d62a2aac487e1447b1a247de2df3 method=POST path=/lingxi/v1/sessions/sess_local_alpha/execute status=200
2026-09-30T02:44:33.456177Z  INFO lingxi_service::sessions: run settled through the single finalize path run_id=run_000001a0f033102f_0001b1 session_id="sess_local_alpha" outcome=completed.no_final.no_provider_configured input_chars=22 input_bytes=22
2026-09-30T02:44:33.456294Z  INFO lingxi_service: request handled request_id=req-46ec57c82d7cb663941d754779eb106e method=POST path=/lingxi/v1/sessions/sess_local_alpha/execute status=200
2026-09-30T02:44:33.459116Z  INFO lingxi_service::sessions: run settled through the single finalize path run_id=run_000001a0f0331032_0001b2 session_id="sess_local_alpha" outcome=completed.no_final.no_provider_configured input_chars=22 input_bytes=22
2026-09-30T02:44:33.459250Z  INFO lingxi_service: request handled request_id=req-56999815f1447f1b16354e4da7319258 method=POST path=/lingxi/v1/sessions/sess_local_alpha/execute status=200
2026-09-30T02:44:33.460108Z  INFO lingxi_service::sessions: run settled through the single finalize path run_id=run_000001a0f0331033_0001b3 session_id="sess_local_alpha" outcome=completed.no_final.no_provider_configured input_chars=22 input_bytes=22
2026-09-30T02:44:33.460226Z  INFO lingxi_service: request handled request_id=req-521abe60211e361cfd1c99c497bb4965 method=POST path=/lingxi/v1/sessions/sess_local_alpha/execute status=200
2026-09-30T02:44:33.461036Z  INFO lingxi_service::sessions: run settled through the single finalize path run_id=run_000001a0f0331034_0001b4 session_id="sess_local_alpha" outcome=completed.no_final.no_provider_configured input_chars=22 input_bytes=22
2026-09-30T02:44:33.461165Z  INFO lingxi_service: request handled request_id=req-4ecb3627db40918bebdce3ce011caa96 method=POST path=/lingxi/v1/sessions/sess_local_alpha/execute status=200
2026-09-30T02:44:33.461970Z  INFO lingxi_service::sessions: run settled through the single finalize path run_id=run_000001a0f0331035_0001b5 session_id="sess_local_alpha" outcome=completed.no_final.no_provider_configured input_chars=22 input_bytes=22
2026-09-30T02:44:33.462094Z  INFO lingxi_service: request handled request_id=req-fc1e564711fbd5320b2640599c874e94 method=POST path=/lingxi/v1/sessions/sess_local_alpha/execute status=200
2026-09-30T02:44:33.462840Z  INFO lingxi_service::sessions: run settled through the single finalize path run_id=run_000001a0f0331036_0001b6 session_id="sess_local_alpha" outcome=completed.no_final.no_provider_configured input_chars=22 input_bytes=22
2026-09-30T02:44:33.462959Z  INFO lingxi_service: request handled request_id=req-e60e877651476155f9fb8bf82c340d20 method=POST path=/lingxi/v1/sessions/sess_local_alpha/execute status=200
2026-09-30T02:44:33.463660Z  INFO lingxi_service::sessions: run settled through the single finalize path run_id=run_000001a0f0331037_0001b7 session_id="sess_local_alpha" outcome=completed.no_final.no_provider_configured input_chars=22 input_bytes=22
2026-09-30T02:44:33.463776Z  INFO lingxi_service: request handled request_id=req-f171a1ab88f77858562952e5a4118aa6 method=POST path=/lingxi/v1/sessions/sess_local_alpha/execute status=200
2026-09-30T02:44:33.464491Z  INFO lingxi_service::sessions: run settled through the single finalize path run_id=run_000001a0f0331038_0001b8 session_id="sess_local_alpha" outcome=completed.no_final.no_provider_configured input_chars=22 input_bytes=22
2026-09-30T02:44:33.464610Z  INFO lingxi_service: request handled request_id=req-8ea1541ef62489018fa9770036c6c752 method=POST path=/lingxi/v1/sessions/sess_local_alpha/execute status=200
2026-09-30T02:44:33.465362Z  INFO lingxi_service::sessions: run settled through the single finalize path run_id=run_000001a0f0331038_0001b9 session_id="sess_local_alpha" outcome=completed.no_final.no_provider_configured input_chars=22 input_bytes=22
2026-09-30T02:44:33.465482Z  INFO lingxi_service: request handled request_id=req-1332b7023be3cc71d28e9180a3081809 method=POST path=/lingxi/v1/sessions/sess_local_alpha/execute status=200
2026-09-30T02:44:33.466204Z  INFO lingxi_service::sessions: run settled through the single finalize path run_id=run_000001a0f0331039_0001ba session_id="sess_local_alpha" outcome=completed.no_final.no_provider_configured input_chars=22 input_bytes=22
2026-09-30T02:44:33.466323Z  INFO lingxi_service: request handled request_id=req-c29d1e7d857b618b04e36050e25a4762 method=POST path=/lingxi/v1/sessions/sess_local_alpha/execute status=200
2026-09-30T02:44:33.467057Z  INFO lingxi_service::sessions: run settled through the single finalize path run_id=run_000001a0f033103a_0001bb session_id="sess_local_alpha" outcome=completed.no_final.no_provider_configured input_chars=22 input_bytes=22
2026-09-30T02:44:33.467183Z  INFO lingxi_service: request handled request_id=req-4f8ea15b12e02c04a791359d880b4a2f method=POST path=/lingxi/v1/sessions/sess_local_alpha/execute status=200
2026-09-30T02:44:33.467895Z  INFO lingxi_service::sessions: run settled through the single finalize path run_id=run_000001a0f033103b_0001bc session_id="sess_local_alpha" outcome=completed.no_final.no_provider_configured input_chars=22 input_bytes=22
2026-09-30T02:44:33.468016Z  INFO lingxi_service: request handled request_id=req-4d9e5106b296ca556e6b586d03f6e2f5 method=POST path=/lingxi/v1/sessions/sess_local_alpha/execute status=200
2026-09-30T02:44:33.468702Z  INFO lingxi_service::sessions: run settled through the single finalize path run_id=run_000001a0f033103c_0001bd session_id="sess_local_alpha" outcome=completed.no_final.no_provider_configured input_chars=22 input_bytes=22
2026-09-30T02:44:33.468818Z  INFO lingxi_service: request handled request_id=req-2d3940a47a5c014631350b960b35c3f2 method=POST path=/lingxi/v1/sessions/sess_local_alpha/execute status=200
2026-09-30T02:44:33.469530Z  INFO lingxi_service::sessions: run settled through the single finalize path run_id=run_000001a0f033103d_0001be session_id="sess_local_alpha" outcome=completed.no_final.no_provider_configured input_chars=22 input_bytes=22
2026-09-30T02:44:33.469649Z  INFO lingxi_service: request handled request_id=req-3b7161993622f76a5296a7c815f8edb6 method=POST path=/lingxi/v1/sessions/sess_local_alpha/execute status=200
2026-09-30T02:44:33.470343Z  INFO lingxi_service::sessions: run settled through the single finalize path run_id=run_000001a0f033103d_0001bf session_id="sess_local_alpha" outcome=completed.no_final.no_provider_configured input_chars=22 input_bytes=22
2026-09-30T02:44:33.470467Z  INFO lingxi_service: request handled request_id=req-f56819a2b61a0f77ee9b1abfec8f4223 method=POST path=/lingxi/v1/sessions/sess_local_alpha/execute status=200
2026-09-30T02:44:33.471177Z  INFO lingxi_service::sessions: run settled through the single finalize path run_id=run_000001a0f033103e_0001c0 session_id="sess_local_alpha" outcome=completed.no_final.no_provider_configured input_chars=22 input_bytes=22
2026-09-30T02:44:33.471293Z  INFO lingxi_service: request handled request_id=req-c521b736026994c878d1b07cc3770409 method=POST path=/lingxi/v1/sessions/sess_local_alpha/execute status=200
2026-09-30T02:44:33.472038Z  INFO lingxi_service::sessions: run settled through the single finalize path run_id=run_000001a0f033103f_0001c1 session_id="sess_local_alpha" outcome=completed.no_final.no_provider_configured input_chars=22 input_bytes=22
2026-09-30T02:44:33.472155Z  INFO lingxi_service: request handled request_id=req-5d4863751a426f1a9fea99ad33898e78 method=POST path=/lingxi/v1/sessions/sess_local_alpha/execute status=200
2026-09-30T02:44:33.472827Z  INFO lingxi_service::sessions: run settled through the single finalize path run_id=run_000001a0f0331040_0001c2 session_id="sess_local_alpha" outcome=completed.no_final.no_provider_configured input_chars=22 input_bytes=22
2026-09-30T02:44:33.472945Z  INFO lingxi_service: request handled request_id=req-00fb771ae41b3ea0cd59fdad3276ef27 method=POST path=/lingxi/v1/sessions/sess_local_alpha/execute status=200
2026-09-30T02:44:33.474083Z  INFO lingxi_service::sessions: run settled through the single finalize path run_id=run_000001a0f0331041_0001c3 session_id="sess_local_alpha" outcome=completed.no_final.no_provider_configured input_chars=22 input_bytes=22
2026-09-30T02:44:33.474202Z  INFO lingxi_service: request handled request_id=req-917b91580e43ea011dd4a8932dd8aca8 method=POST path=/lingxi/v1/sessions/sess_local_alpha/execute status=200
2026-09-30T02:44:33.474935Z  INFO lingxi_service::sessions: run settled through the single finalize path run_id=run_000001a0f0331042_0001c4 session_id="sess_local_alpha" outcome=completed.no_final.no_provider_configured input_chars=22 input_bytes=22
2026-09-30T02:44:33.475054Z  INFO lingxi_service: request handled request_id=req-4a3dcf51525b7fc2d4baf00475500847 method=POST path=/lingxi/v1/sessions/sess_local_alpha/execute status=200
2026-09-30T02:44:33.475738Z  INFO lingxi_service::sessions: run settled through the single finalize path run_id=run_000001a0f0331043_0001c5 session_id="sess_local_alpha" outcome=completed.no_final.no_provider_configured input_chars=22 input_bytes=22
2026-09-30T02:44:33.475853Z  INFO lingxi_service: request handled request_id=req-1bbb4acdb0b0b9d7f5dfea8c6f6ee496 method=POST path=/lingxi/v1/sessions/sess_local_alpha/execute status=200
2026-09-30T02:44:33.476511Z  INFO lingxi_service::sessions: run settled through the single finalize path run_id=run_000001a0f0331044_0001c6 session_id="sess_local_alpha" outcome=completed.no_final.no_provider_configured input_chars=22 input_bytes=22
2026-09-30T02:44:33.476627Z  INFO lingxi_service: request handled request_id=req-41fc6324795af1ee09f1ba572c613d3f method=POST path=/lingxi/v1/sessions/sess_local_alpha/execute status=200
2026-09-30T02:44:33.477335Z  INFO lingxi_service::sessions: run settled through the single finalize path run_id=run_000001a0f0331044_0001c7 session_id="sess_local_alpha" outcome=completed.no_final.no_provider_configured input_chars=22 input_bytes=22
2026-09-30T02:44:33.477448Z  INFO lingxi_service: request handled request_id=req-f453c9409938b2bd6e09d42090213338 method=POST path=/lingxi/v1/sessions/sess_local_alpha/execute status=200
2026-09-30T02:44:33.478133Z  INFO lingxi_service::sessions: run settled through the single finalize path run_id=run_000001a0f0331045_0001c8 session_id="sess_local_alpha" outcome=completed.no_final.no_provider_configured input_chars=22 input_bytes=22
2026-09-30T02:44:33.478255Z  INFO lingxi_service: request handled request_id=req-45ff588911cd75fcb2bdf30ee8459d9e method=POST path=/lingxi/v1/sessions/sess_local_alpha/execute status=200
2026-09-30T02:44:33.478916Z  INFO lingxi_service::sessions: run settled through the single finalize path run_id=run_000001a0f0331046_0001c9 session_id="sess_local_alpha" outcome=completed.no_final.no_provider_configured input_chars=22 input_bytes=22
2026-09-30T02:44:33.479033Z  INFO lingxi_service: request handled request_id=req-b1c325698a3dc152673ab41ae6643f66 method=POST path=/lingxi/v1/sessions/sess_local_alpha/execute status=200
2026-09-30T02:44:33.479765Z  INFO lingxi_service::sessions: run settled through the single finalize path run_id=run_000001a0f0331047_0001ca session_id="sess_local_alpha" outcome=completed.no_final.no_provider_configured input_chars=22 input_bytes=22
2026-09-30T02:44:33.479883Z  INFO lingxi_service: request handled request_id=req-2cffecb0881f69a0ac9045af67f991d0 method=POST path=/lingxi/v1/sessions/sess_local_alpha/execute status=200
2026-09-30T02:44:33.480671Z  INFO lingxi_service::sessions: run settled through the single finalize path run_id=run_000001a0f0331048_0001cb session_id="sess_local_alpha" outcome=completed.no_final.no_provider_configured input_chars=22 input_bytes=22
2026-09-30T02:44:33.480786Z  INFO lingxi_service: request handled request_id=req-e5fd5faa9723d55d9952f18b11eced4e method=POST path=/lingxi/v1/sessions/sess_local_alpha/execute status=200
2026-09-30T02:44:33.481474Z  INFO lingxi_service::sessions: run settled through the single finalize path run_id=run_000001a0f0331049_0001cc session_id="sess_local_alpha" outcome=completed.no_final.no_provider_configured input_chars=22 input_bytes=22
2026-09-30T02:44:33.481590Z  INFO lingxi_service: request handled request_id=req-16832c2aa705a9e0c4170482f86fcb55 method=POST path=/lingxi/v1/sessions/sess_local_alpha/execute status=200
2026-09-30T02:44:33.482285Z  INFO lingxi_service::sessions: run settled through the single finalize path run_id=run_000001a0f0331049_0001cd session_id="sess_local_alpha" outcome=completed.no_final.no_provider_configured input_chars=22 input_bytes=22
2026-09-30T02:44:33.482399Z  INFO lingxi_service: request handled request_id=req-44e6ad9390f1a2265391a08f91e3201c method=POST path=/lingxi/v1/sessions/sess_local_alpha/execute status=200
2026-09-30T02:44:33.483105Z  INFO lingxi_service::sessions: run settled through the single finalize path run_id=run_000001a0f033104a_0001ce session_id="sess_local_alpha" outcome=completed.no_final.no_provider_configured input_chars=22 input_bytes=22
2026-09-30T02:44:33.483224Z  INFO lingxi_service: request handled request_id=req-9dfda9017bfda047933ac75ae04150bf method=POST path=/lingxi/v1/sessions/sess_local_alpha/execute status=200
2026-09-30T02:44:33.483914Z  INFO lingxi_service::sessions: run settled through the single finalize path run_id=run_000001a0f033104b_0001cf session_id="sess_local_alpha" outcome=completed.no_final.no_provider_configured input_chars=22 input_bytes=22
2026-09-30T02:44:33.484031Z  INFO lingxi_service: request handled request_id=req-f8e2a6637e938e8358f05f8843e5c50b method=POST path=/lingxi/v1/sessions/sess_local_alpha/execute status=200
2026-09-30T02:44:33.484774Z  INFO lingxi_service::sessions: run settled through the single finalize path run_id=run_000001a0f033104c_0001d0 session_id="sess_local_alpha" outcome=completed.no_final.no_provider_configured input_chars=22 input_bytes=22
2026-09-30T02:44:33.484890Z  INFO lingxi_service: request handled request_id=req-370cc32103043c584939769a5bba2f0d method=POST path=/lingxi/v1/sessions/sess_local_alpha/execute status=200
2026-09-30T02:44:33.485663Z  INFO lingxi_service::sessions: run settled through the single finalize path run_id=run_000001a0f033104d_0001d1 session_id="sess_local_alpha" outcome=completed.no_final.no_provider_configured input_chars=22 input_bytes=22
2026-09-30T02:44:33.485778Z  INFO lingxi_service: request handled request_id=req-d2f761c4fe4987cd8a1986512c8eaf41 method=POST path=/lingxi/v1/sessions/sess_local_alpha/execute status=200
2026-09-30T02:44:33.486453Z  INFO lingxi_service::sessions: run settled through the single finalize path run_id=run_000001a0f033104e_0001d2 session_id="sess_local_alpha" outcome=completed.no_final.no_provider_configured input_chars=22 input_bytes=22
2026-09-30T02:44:33.486568Z  INFO lingxi_service: request handled request_id=req-8783d350dac71bcda6e57fcded4d8c4f method=POST path=/lingxi/v1/sessions/sess_local_alpha/execute status=200
2026-09-30T02:44:33.487238Z  INFO lingxi_service::sessions: run settled through the single finalize path run_id=run_000001a0f033104e_0001d3 session_id="sess_local_alpha" outcome=completed.no_final.no_provider_configured input_chars=22 input_bytes=22
2026-09-30T02:44:33.487359Z  INFO lingxi_service: request handled request_id=req-61b9dbab9333dbd63883b14cdefda0a3 method=POST path=/lingxi/v1/sessions/sess_local_alpha/execute status=200
2026-09-30T02:44:33.488040Z  INFO lingxi_service::sessions: run settled through the single finalize path run_id=run_000001a0f033104f_0001d4 session_id="sess_local_alpha" outcome=completed.no_final.no_provider_configured input_chars=22 input_bytes=22
2026-09-30T02:44:33.488159Z  INFO lingxi_service: request handled request_id=req-aa6a7a386b4684ba7c3fdb9a384eff9a method=POST path=/lingxi/v1/sessions/sess_local_alpha/execute status=200
2026-09-30T02:44:33.488884Z  INFO lingxi_service::sessions: run settled through the single finalize path run_id=run_000001a0f0331050_0001d5 session_id="sess_local_alpha" outcome=completed.no_final.no_provider_configured input_chars=22 input_bytes=22
2026-09-30T02:44:33.489000Z  INFO lingxi_service: request handled request_id=req-51c29c0eae76d3530d3c9a65f6ef4133 method=POST path=/lingxi/v1/sessions/sess_local_alpha/execute status=200
2026-09-30T02:44:33.489708Z  INFO lingxi_service::sessions: run settled through the single finalize path run_id=run_000001a0f0331051_0001d6 session_id="sess_local_alpha" outcome=completed.no_final.no_provider_configured input_chars=22 input_bytes=22
2026-09-30T02:44:33.489826Z  INFO lingxi_service: request handled request_id=req-3a5adfc02a2dcba0f1205a3cb579a74b method=POST path=/lingxi/v1/sessions/sess_local_alpha/execute status=200
2026-09-30T02:44:33.490532Z  INFO lingxi_service::sessions: run settled through the single finalize path run_id=run_000001a0f0331052_0001d7 session_id="sess_local_alpha" outcome=completed.no_final.no_provider_configured input_chars=22 input_bytes=22
2026-09-30T02:44:33.490644Z  INFO lingxi_service: request handled request_id=req-6570125b874861fd8db62d71d0b7bb0b method=POST path=/lingxi/v1/sessions/sess_local_alpha/execute status=200
2026-09-30T02:44:33.491417Z  INFO lingxi_service::sessions: run settled through the single finalize path run_id=run_000001a0f0331052_0001d8 session_id="sess_local_alpha" outcome=completed.no_final.no_provider_configured input_chars=22 input_bytes=22
2026-09-30T02:44:33.491543Z  INFO lingxi_service: request handled request_id=req-b4f7384295b489f2a99f2e3a0795f6ce method=POST path=/lingxi/v1/sessions/sess_local_alpha/execute status=200
2026-09-30T02:44:33.492272Z  INFO lingxi_service::sessions: run settled through the single finalize path run_id=run_000001a0f0331053_0001d9 session_id="sess_local_alpha" outcome=completed.no_final.no_provider_configured input_chars=22 input_bytes=22
2026-09-30T02:44:33.492390Z  INFO lingxi_service: request handled request_id=req-94d15f5729fb3c8fa7637aa49fed22c4 method=POST path=/lingxi/v1/sessions/sess_local_alpha/execute status=200
2026-09-30T02:44:33.493119Z  INFO lingxi_service::sessions: run settled through the single finalize path run_id=run_000001a0f0331054_0001da session_id="sess_local_alpha" outcome=completed.no_final.no_provider_configured input_chars=22 input_bytes=22
2026-09-30T02:44:33.493239Z  INFO lingxi_service: request handled request_id=req-508e0231d7277582bf6d1fbd522efad2 method=POST path=/lingxi/v1/sessions/sess_local_alpha/execute status=200
2026-09-30T02:44:33.493953Z  INFO lingxi_service::sessions: run settled through the single finalize path run_id=run_000001a0f0331055_0001db session_id="sess_local_alpha" outcome=completed.no_final.no_provider_configured input_chars=22 input_bytes=22
2026-09-30T02:44:33.494077Z  INFO lingxi_service: request handled request_id=req-cd8227fdf283b1b143b4e429412e6a03 method=POST path=/lingxi/v1/sessions/sess_local_alpha/execute status=200
2026-09-30T02:44:33.494812Z  INFO lingxi_service::sessions: run settled through the single finalize path run_id=run_000001a0f0331056_0001dc session_id="sess_local_alpha" outcome=completed.no_final.no_provider_configured input_chars=22 input_bytes=22
2026-09-30T02:44:33.494928Z  INFO lingxi_service: request handled request_id=req-854f949e47cdb988fb5b21e9be72c242 method=POST path=/lingxi/v1/sessions/sess_local_alpha/execute status=200
2026-09-30T02:44:33.495668Z  INFO lingxi_service::sessions: run settled through the single finalize path run_id=run_000001a0f0331057_0001dd session_id="sess_local_alpha" outcome=completed.no_final.no_provider_configured input_chars=22 input_bytes=22
2026-09-30T02:44:33.495784Z  INFO lingxi_service: request handled request_id=req-f0ff5ed83dec5a8e2a9ab0b7f2fe4e31 method=POST path=/lingxi/v1/sessions/sess_local_alpha/execute status=200
2026-09-30T02:44:33.496466Z  INFO lingxi_service::sessions: run settled through the single finalize path run_id=run_000001a0f0331058_0001de session_id="sess_local_alpha" outcome=completed.no_final.no_provider_configured input_chars=22 input_bytes=22
2026-09-30T02:44:33.496589Z  INFO lingxi_service: request handled request_id=req-f33313484765c69a6657fe43f253ad0a method=POST path=/lingxi/v1/sessions/sess_local_alpha/execute status=200
2026-09-30T02:44:33.497305Z  INFO lingxi_service::sessions: run settled through the single finalize path run_id=run_000001a0f0331058_0001df session_id="sess_local_alpha" outcome=completed.no_final.no_provider_configured input_chars=22 input_bytes=22
2026-09-30T02:44:33.497425Z  INFO lingxi_service: request handled request_id=req-9385e8075c615e87407e841ed583e868 method=POST path=/lingxi/v1/sessions/sess_local_alpha/execute status=200
2026-09-30T02:44:33.498120Z  INFO lingxi_service::sessions: run settled through the single finalize path run_id=run_000001a0f0331059_0001e0 session_id="sess_local_alpha" outcome=completed.no_final.no_provider_configured input_chars=22 input_bytes=22
2026-09-30T02:44:33.498236Z  INFO lingxi_service: request handled request_id=req-7215a6bf7c065bd87412b2d547801e86 method=POST path=/lingxi/v1/sessions/sess_local_alpha/execute status=200
2026-09-30T02:44:33.498967Z  INFO lingxi_service::sessions: run settled through the single finalize path run_id=run_000001a0f033105a_0001e1 session_id="sess_local_alpha" outcome=completed.no_final.no_provider_configured input_chars=22 input_bytes=22
2026-09-30T02:44:33.499085Z  INFO lingxi_service: request handled request_id=req-2a4cb6e236dc706595f7b9af8698a495 method=POST path=/lingxi/v1/sessions/sess_local_alpha/execute status=200
2026-09-30T02:44:33.499824Z  INFO lingxi_service::sessions: run settled through the single finalize path run_id=run_000001a0f033105b_0001e2 session_id="sess_local_alpha" outcome=completed.no_final.no_provider_configured input_chars=22 input_bytes=22
2026-09-30T02:44:33.499944Z  INFO lingxi_service: request handled request_id=req-e487530d836afa0d6cb0a4864aed8fe6 method=POST path=/lingxi/v1/sessions/sess_local_alpha/execute status=200
2026-09-30T02:44:33.500675Z  INFO lingxi_service::sessions: run settled through the single finalize path run_id=run_000001a0f033105c_0001e3 session_id="sess_local_alpha" outcome=completed.no_final.no_provider_configured input_chars=22 input_bytes=22
2026-09-30T02:44:33.500793Z  INFO lingxi_service: request handled request_id=req-c4604d7102872f871b5d2cd0af11d0e3 method=POST path=/lingxi/v1/sessions/sess_local_alpha/execute status=200
2026-09-30T02:44:33.501488Z  INFO lingxi_service::sessions: run settled through the single finalize path run_id=run_000001a0f033105d_0001e4 session_id="sess_local_alpha" outcome=completed.no_final.no_provider_configured input_chars=22 input_bytes=22
2026-09-30T02:44:33.501609Z  INFO lingxi_service: request handled request_id=req-82a330faea6fe98e89cafb3f4c05fe25 method=POST path=/lingxi/v1/sessions/sess_local_alpha/execute status=200
2026-09-30T02:44:33.502330Z  INFO lingxi_service::sessions: run settled through the single finalize path run_id=run_000001a0f033105d_0001e5 session_id="sess_local_alpha" outcome=completed.no_final.no_provider_configured input_chars=22 input_bytes=22
2026-09-30T02:44:33.502452Z  INFO lingxi_service: request handled request_id=req-e31efc1521ad40c561da12f5e40a3de8 method=POST path=/lingxi/v1/sessions/sess_local_alpha/execute status=200
2026-09-30T02:44:33.503162Z  INFO lingxi_service::sessions: run settled through the single finalize path run_id=run_000001a0f033105e_0001e6 session_id="sess_local_alpha" outcome=completed.no_final.no_provider_configured input_chars=22 input_bytes=22
2026-09-30T02:44:33.503280Z  INFO lingxi_service: request handled request_id=req-bebf897d84c6f7d14a71625344c0361f method=POST path=/lingxi/v1/sessions/sess_local_alpha/execute status=200
2026-09-30T02:44:33.504080Z  INFO lingxi_service::sessions: run settled through the single finalize path run_id=run_000001a0f033105f_0001e7 session_id="sess_local_alpha" outcome=completed.no_final.no_provider_configured input_chars=22 input_bytes=22
2026-09-30T02:44:33.504198Z  INFO lingxi_service: request handled request_id=req-e17eb65dc48a43386accf0ae5d5ee0cd method=POST path=/lingxi/v1/sessions/sess_local_alpha/execute status=200
2026-09-30T02:44:33.504908Z  INFO lingxi_service::sessions: run settled through the single finalize path run_id=run_000001a0f0331060_0001e8 session_id="sess_local_alpha" outcome=completed.no_final.no_provider_configured input_chars=22 input_bytes=22
2026-09-30T02:44:33.505023Z  INFO lingxi_service: request handled request_id=req-1aa64818325b1a8732ee86c023770f5d method=POST path=/lingxi/v1/sessions/sess_local_alpha/execute status=200
2026-09-30T02:44:33.505729Z  INFO lingxi_service::sessions: run settled through the single finalize path run_id=run_000001a0f0331061_0001e9 session_id="sess_local_alpha" outcome=completed.no_final.no_provider_configured input_chars=22 input_bytes=22
2026-09-30T02:44:33.505851Z  INFO lingxi_service: request handled request_id=req-75b6dbf4ce8e476171bb2cc25aac009f method=POST path=/lingxi/v1/sessions/sess_local_alpha/execute status=200
2026-09-30T02:44:33.506531Z  INFO lingxi_service::sessions: run settled through the single finalize path run_id=run_000001a0f0331062_0001ea session_id="sess_local_alpha" outcome=completed.no_final.no_provider_configured input_chars=22 input_bytes=22
2026-09-30T02:44:33.506648Z  INFO lingxi_service: request handled request_id=req-af7cf26f35830d0e2448e8c202a9bc31 method=POST path=/lingxi/v1/sessions/sess_local_alpha/execute status=200
2026-09-30T02:44:33.507353Z  INFO lingxi_service::sessions: run settled through the single finalize path run_id=run_000001a0f0331062_0001eb session_id="sess_local_alpha" outcome=completed.no_final.no_provider_configured input_chars=22 input_bytes=22
2026-09-30T02:44:33.507473Z  INFO lingxi_service: request handled request_id=req-381ded7ba5bc1f94464d0137ff68fef3 method=POST path=/lingxi/v1/sessions/sess_local_alpha/execute status=200
2026-09-30T02:44:33.508163Z  INFO lingxi_service::sessions: run settled through the single finalize path run_id=run_000001a0f0331063_0001ec session_id="sess_local_alpha" outcome=completed.no_final.no_provider_configured input_chars=22 input_bytes=22
2026-09-30T02:44:33.508283Z  INFO lingxi_service: request handled request_id=req-6b0b125657f80f5509ec54646bd561f0 method=POST path=/lingxi/v1/sessions/sess_local_alpha/execute status=200
2026-09-30T02:44:33.508979Z  INFO lingxi_service::sessions: run settled through the single finalize path run_id=run_000001a0f0331064_0001ed session_id="sess_local_alpha" outcome=completed.no_final.no_provider_configured input_chars=22 input_bytes=22
2026-09-30T02:44:33.509097Z  INFO lingxi_service: request handled request_id=req-fb651d8e7fde917a307486525a2e029a method=POST path=/lingxi/v1/sessions/sess_local_alpha/execute status=200
2026-09-30T02:44:33.509818Z  INFO lingxi_service::sessions: run settled through the single finalize path run_id=run_000001a0f0331065_0001ee session_id="sess_local_alpha" outcome=completed.no_final.no_provider_configured input_chars=22 input_bytes=22
2026-09-30T02:44:33.509944Z  INFO lingxi_service: request handled request_id=req-e6a138926bfb82d0b70688df8d8d5139 method=POST path=/lingxi/v1/sessions/sess_local_alpha/execute status=200
2026-09-30T02:44:33.510628Z  INFO lingxi_service::sessions: run settled through the single finalize path run_id=run_000001a0f0331066_0001ef session_id="sess_local_alpha" outcome=completed.no_final.no_provider_configured input_chars=22 input_bytes=22
2026-09-30T02:44:33.510745Z  INFO lingxi_service: request handled request_id=req-9a31e4dc29949972110a5356d32561ae method=POST path=/lingxi/v1/sessions/sess_local_alpha/execute status=200
2026-09-30T02:44:33.511431Z  INFO lingxi_service::sessions: run settled through the single finalize path run_id=run_000001a0f0331067_0001f0 session_id="sess_local_alpha" outcome=completed.no_final.no_provider_configured input_chars=22 input_bytes=22
2026-09-30T02:44:33.511548Z  INFO lingxi_service: request handled request_id=req-361d27f17a0c71eb943e74be5bea4eca method=POST path=/lingxi/v1/sessions/sess_local_alpha/execute status=200
2026-09-30T02:44:33.512225Z  INFO lingxi_service::sessions: run settled through the single finalize path run_id=run_000001a0f0331067_0001f1 session_id="sess_local_alpha" outcome=completed.no_final.no_provider_configured input_chars=22 input_bytes=22
2026-09-30T02:44:33.512345Z  INFO lingxi_service: request handled request_id=req-fc83656755a092d6b3f0cacff4eb6ac2 method=POST path=/lingxi/v1/sessions/sess_local_alpha/execute status=200
2026-09-30T02:44:33.513102Z  INFO lingxi_service::sessions: run settled through the single finalize path run_id=run_000001a0f0331068_0001f2 session_id="sess_local_alpha" outcome=completed.no_final.no_provider_configured input_chars=22 input_bytes=22
2026-09-30T02:44:33.513223Z  INFO lingxi_service: request handled request_id=req-43b584bcbd3bfb542f68f4a425cfae9b method=POST path=/lingxi/v1/sessions/sess_local_alpha/execute status=200
2026-09-30T02:44:33.513920Z  INFO lingxi_service::sessions: run settled through the single finalize path run_id=run_000001a0f0331069_0001f3 session_id="sess_local_alpha" outcome=completed.no_final.no_provider_configured input_chars=22 input_bytes=22
2026-09-30T02:44:33.514037Z  INFO lingxi_service: request handled request_id=req-b5d8c6cb3d54698b0e3e41638a4b08c7 method=POST path=/lingxi/v1/sessions/sess_local_alpha/execute status=200
2026-09-30T02:44:33.515219Z  INFO lingxi_service::sessions: run settled through the single finalize path run_id=run_000001a0f033106a_0001f4 session_id="sess_local_alpha" outcome=completed.no_final.no_provider_configured input_chars=22 input_bytes=22
2026-09-30T02:44:33.515339Z  INFO lingxi_service: request handled request_id=req-be0ca626b282b815918c137143dcdfb1 method=POST path=/lingxi/v1/sessions/sess_local_alpha/execute status=200
2026-09-30T02:44:33.516099Z  INFO lingxi_service::sessions: run settled through the single finalize path run_id=run_000001a0f033106b_0001f5 session_id="sess_local_alpha" outcome=completed.no_final.no_provider_configured input_chars=22 input_bytes=22
2026-09-30T02:44:33.516216Z  INFO lingxi_service: request handled request_id=req-c5b11c1869163442214b2b4e6aff33bf method=POST path=/lingxi/v1/sessions/sess_local_alpha/execute status=200
2026-09-30T02:44:33.516919Z  INFO lingxi_service::sessions: run settled through the single finalize path run_id=run_000001a0f033106c_0001f6 session_id="sess_local_alpha" outcome=completed.no_final.no_provider_configured input_chars=22 input_bytes=22
2026-09-30T02:44:33.517036Z  INFO lingxi_service: request handled request_id=req-6c4716cc8cbd309174333af87549e5b3 method=POST path=/lingxi/v1/sessions/sess_local_alpha/execute status=200
2026-09-30T02:44:33.517706Z  INFO lingxi_service::sessions: run settled through the single finalize path run_id=run_000001a0f033106d_0001f7 session_id="sess_local_alpha" outcome=completed.no_final.no_provider_configured input_chars=22 input_bytes=22
2026-09-30T02:44:33.517830Z  INFO lingxi_service: request handled request_id=req-d0077d7f3bdcddbe0e041aa1f24fb7a0 method=POST path=/lingxi/v1/sessions/sess_local_alpha/execute status=200
2026-09-30T02:44:33.518497Z  INFO lingxi_service::sessions: run settled through the single finalize path run_id=run_000001a0f033106e_0001f8 session_id="sess_local_alpha" outcome=completed.no_final.no_provider_configured input_chars=22 input_bytes=22
2026-09-30T02:44:33.518615Z  INFO lingxi_service: request handled request_id=req-ddea8dd9142934aee0838d73097379ab method=POST path=/lingxi/v1/sessions/sess_local_alpha/execute status=200
2026-09-30T02:44:33.519290Z  INFO lingxi_service::sessions: run settled through the single finalize path run_id=run_000001a0f033106e_0001f9 session_id="sess_local_alpha" outcome=completed.no_final.no_provider_configured input_chars=22 input_bytes=22
2026-09-30T02:44:33.519407Z  INFO lingxi_service: request handled request_id=req-664d6924bc112c9a1296774fc0d622fe method=POST path=/lingxi/v1/sessions/sess_local_alpha/execute status=200
2026-09-30T02:44:33.520100Z  INFO lingxi_service::sessions: run settled through the single finalize path run_id=run_000001a0f033106f_0001fa session_id="sess_local_alpha" outcome=completed.no_final.no_provider_configured input_chars=22 input_bytes=22
2026-09-30T02:44:33.520220Z  INFO lingxi_service: request handled request_id=req-e03c6bf8c433f2780e2cdaedafa9acca method=POST path=/lingxi/v1/sessions/sess_local_alpha/execute status=200
2026-09-30T02:44:33.520943Z  INFO lingxi_service::sessions: run settled through the single finalize path run_id=run_000001a0f0331070_0001fb session_id="sess_local_alpha" outcome=completed.no_final.no_provider_configured input_chars=22 input_bytes=22
2026-09-30T02:44:33.521062Z  INFO lingxi_service: request handled request_id=req-2d577142e730cf3c1f8fb0642c629a75 method=POST path=/lingxi/v1/sessions/sess_local_alpha/execute status=200
2026-09-30T02:44:33.521818Z  INFO lingxi_service::sessions: run settled through the single finalize path run_id=run_000001a0f0331071_0001fc session_id="sess_local_alpha" outcome=completed.no_final.no_provider_configured input_chars=22 input_bytes=22
2026-09-30T02:44:33.521938Z  INFO lingxi_service: request handled request_id=req-1c1b4f65a209b389a938214a0840a095 method=POST path=/lingxi/v1/sessions/sess_local_alpha/execute status=200
2026-09-30T02:44:33.522661Z  INFO lingxi_service::sessions: run settled through the single finalize path run_id=run_000001a0f0331072_0001fd session_id="sess_local_alpha" outcome=completed.no_final.no_provider_configured input_chars=22 input_bytes=22
2026-09-30T02:44:33.522780Z  INFO lingxi_service: request handled request_id=req-93ec1c98f543ef2edb71f9f6459466f1 method=POST path=/lingxi/v1/sessions/sess_local_alpha/execute status=200
2026-09-30T02:44:33.523504Z  INFO lingxi_service::sessions: run settled through the single finalize path run_id=run_000001a0f0331073_0001fe session_id="sess_local_alpha" outcome=completed.no_final.no_provider_configured input_chars=22 input_bytes=22
2026-09-30T02:44:33.523622Z  INFO lingxi_service: request handled request_id=req-4d4200148f1ab270e6374c5a2d60acc1 method=POST path=/lingxi/v1/sessions/sess_local_alpha/execute status=200
2026-09-30T02:44:33.524338Z  INFO lingxi_service::sessions: run settled through the single finalize path run_id=run_000001a0f0331073_0001ff session_id="sess_local_alpha" outcome=completed.no_final.no_provider_configured input_chars=22 input_bytes=22
2026-09-30T02:44:33.524458Z  INFO lingxi_service: request handled request_id=req-f399056f55e9e71e37dbeecee84840e0 method=POST path=/lingxi/v1/sessions/sess_local_alpha/execute status=200
2026-09-30T02:44:33.525134Z  INFO lingxi_service::sessions: run settled through the single finalize path run_id=run_000001a0f0331074_000200 session_id="sess_local_alpha" outcome=completed.no_final.no_provider_configured input_chars=22 input_bytes=22
2026-09-30T02:44:33.525257Z  INFO lingxi_service: request handled request_id=req-f339dd292072235ad7572f3bf8960e17 method=POST path=/lingxi/v1/sessions/sess_local_alpha/execute status=200
2026-09-30T02:44:33.525976Z  INFO lingxi_service::sessions: run settled through the single finalize path run_id=run_000001a0f0331075_000201 session_id="sess_local_alpha" outcome=completed.no_final.no_provider_configured input_chars=22 input_bytes=22
2026-09-30T02:44:33.526096Z  INFO lingxi_service: request handled request_id=req-ac3401db8f37ec33721523fb48280904 method=POST path=/lingxi/v1/sessions/sess_local_alpha/execute status=200
2026-09-30T02:44:33.526828Z  INFO lingxi_service::sessions: run settled through the single finalize path run_id=run_000001a0f0331076_000202 session_id="sess_local_alpha" outcome=completed.no_final.no_provider_configured input_chars=22 input_bytes=22
2026-09-30T02:44:33.526948Z  INFO lingxi_service: request handled request_id=req-97b80bb417a6eb857664e7c988ffa5aa method=POST path=/lingxi/v1/sessions/sess_local_alpha/execute status=200
2026-09-30T02:44:33.527658Z  INFO lingxi_service::sessions: run settled through the single finalize path run_id=run_000001a0f0331077_000203 session_id="sess_local_alpha" outcome=completed.no_final.no_provider_configured input_chars=22 input_bytes=22
2026-09-30T02:44:33.527775Z  INFO lingxi_service: request handled request_id=req-9de8fe962dd09d5b94db4c5ce0e8bc80 method=POST path=/lingxi/v1/sessions/sess_local_alpha/execute status=200
2026-09-30T02:44:33.528452Z  INFO lingxi_service::sessions: run settled through the single finalize path run_id=run_000001a0f0331078_000204 session_id="sess_local_alpha" outcome=completed.no_final.no_provider_configured input_chars=22 input_bytes=22
2026-09-30T02:44:33.528569Z  INFO lingxi_service: request handled request_id=req-8e850da6f78aae499941d871e692ce1a method=POST path=/lingxi/v1/sessions/sess_local_alpha/execute status=200
2026-09-30T02:44:33.529318Z  INFO lingxi_service::sessions: run settled through the single finalize path run_id=run_000001a0f0331078_000205 session_id="sess_local_alpha" outcome=completed.no_final.no_provider_configured input_chars=22 input_bytes=22
2026-09-30T02:44:33.529436Z  INFO lingxi_service: request handled request_id=req-a8777093eda911e1f3100b1c2810566c method=POST path=/lingxi/v1/sessions/sess_local_alpha/execute status=200
2026-09-30T02:44:33.530196Z  INFO lingxi_service::sessions: run settled through the single finalize path run_id=run_000001a0f0331079_000206 session_id="sess_local_alpha" outcome=completed.no_final.no_provider_configured input_chars=22 input_bytes=22
2026-09-30T02:44:33.530314Z  INFO lingxi_service: request handled request_id=req-b25a5375c05aba891abdba9e0cc0c12b method=POST path=/lingxi/v1/sessions/sess_local_alpha/execute status=200
2026-09-30T02:44:33.531024Z  INFO lingxi_service::sessions: run settled through the single finalize path run_id=run_000001a0f033107a_000207 session_id="sess_local_alpha" outcome=completed.no_final.no_provider_configured input_chars=22 input_bytes=22
2026-09-30T02:44:33.531144Z  INFO lingxi_service: request handled request_id=req-7e242914fc02524448ef8965c8e2d235 method=POST path=/lingxi/v1/sessions/sess_local_alpha/execute status=200
2026-09-30T02:44:33.531815Z  INFO lingxi_service::sessions: run settled through the single finalize path run_id=run_000001a0f033107b_000208 session_id="sess_local_alpha" outcome=completed.no_final.no_provider_configured input_chars=22 input_bytes=22
2026-09-30T02:44:33.531932Z  INFO lingxi_service: request handled request_id=req-b0507dea28f9c8cc82fada2aabcc997d method=POST path=/lingxi/v1/sessions/sess_local_alpha/execute status=200
2026-09-30T02:44:33.532603Z  INFO lingxi_service::sessions: run settled through the single finalize path run_id=run_000001a0f033107c_000209 session_id="sess_local_alpha" outcome=completed.no_final.no_provider_configured input_chars=22 input_bytes=22
2026-09-30T02:44:33.532720Z  INFO lingxi_service: request handled request_id=req-45b6709f3b8eea6f143765d0f25521e5 method=POST path=/lingxi/v1/sessions/sess_local_alpha/execute status=200
2026-09-30T02:44:33.533389Z  INFO lingxi_service::sessions: run settled through the single finalize path run_id=run_000001a0f033107d_00020a session_id="sess_local_alpha" outcome=completed.no_final.no_provider_configured input_chars=22 input_bytes=22
2026-09-30T02:44:33.533510Z  INFO lingxi_service: request handled request_id=req-fb3fa31c8573315be7cde073a385dedf method=POST path=/lingxi/v1/sessions/sess_local_alpha/execute status=200
2026-09-30T02:44:33.534169Z  INFO lingxi_service::sessions: run settled through the single finalize path run_id=run_000001a0f033107d_00020b session_id="sess_local_alpha" outcome=completed.no_final.no_provider_configured input_chars=22 input_bytes=22
2026-09-30T02:44:33.534289Z  INFO lingxi_service: request handled request_id=req-61cd8ea140231e759b742af86c8f72c0 method=POST path=/lingxi/v1/sessions/sess_local_alpha/execute status=200
2026-09-30T02:44:33.534972Z  INFO lingxi_service::sessions: run settled through the single finalize path run_id=run_000001a0f033107e_00020c session_id="sess_local_alpha" outcome=completed.no_final.no_provider_configured input_chars=22 input_bytes=22
2026-09-30T02:44:33.535096Z  INFO lingxi_service: request handled request_id=req-257dcb7fb23061a8ce4f9d1b2b2f6010 method=POST path=/lingxi/v1/sessions/sess_local_alpha/execute status=200
2026-09-30T02:44:33.535775Z  INFO lingxi_service::sessions: run settled through the single finalize path run_id=run_000001a0f033107f_00020d session_id="sess_local_alpha" outcome=completed.no_final.no_provider_configured input_chars=22 input_bytes=22
2026-09-30T02:44:33.535896Z  INFO lingxi_service: request handled request_id=req-67ded272286ff537b0ccfd612b8a6171 method=POST path=/lingxi/v1/sessions/sess_local_alpha/execute status=200
2026-09-30T02:44:33.536612Z  INFO lingxi_service::sessions: run settled through the single finalize path run_id=run_000001a0f0331080_00020e session_id="sess_local_alpha" outcome=completed.no_final.no_provider_configured input_chars=22 input_bytes=22
2026-09-30T02:44:33.536731Z  INFO lingxi_service: request handled request_id=req-be416cd6e4e9317fb0dd2df64803dd4b method=POST path=/lingxi/v1/sessions/sess_local_alpha/execute status=200
2026-09-30T02:44:33.537413Z  INFO lingxi_service::sessions: run settled through the single finalize path run_id=run_000001a0f0331081_00020f session_id="sess_local_alpha" outcome=completed.no_final.no_provider_configured input_chars=22 input_bytes=22
2026-09-30T02:44:33.537534Z  INFO lingxi_service: request handled request_id=req-c44faa5105cbed7c53f74e9a7ada6a05 method=POST path=/lingxi/v1/sessions/sess_local_alpha/execute status=200
2026-09-30T02:44:33.538243Z  INFO lingxi_service::sessions: run settled through the single finalize path run_id=run_000001a0f0331081_000210 session_id="sess_local_alpha" outcome=completed.no_final.no_provider_configured input_chars=22 input_bytes=22
2026-09-30T02:44:33.538362Z  INFO lingxi_service: request handled request_id=req-89296e08fea62f30df2451a636f7c19d method=POST path=/lingxi/v1/sessions/sess_local_alpha/execute status=200
2026-09-30T02:44:33.539069Z  INFO lingxi_service::sessions: run settled through the single finalize path run_id=run_000001a0f0331082_000211 session_id="sess_local_alpha" outcome=completed.no_final.no_provider_configured input_chars=22 input_bytes=22
2026-09-30T02:44:33.539190Z  INFO lingxi_service: request handled request_id=req-4834dedc1a56c7ffe203204d27c26a2b method=POST path=/lingxi/v1/sessions/sess_local_alpha/execute status=200
2026-09-30T02:44:33.539877Z  INFO lingxi_service::sessions: run settled through the single finalize path run_id=run_000001a0f0331083_000212 session_id="sess_local_alpha" outcome=completed.no_final.no_provider_configured input_chars=22 input_bytes=22
2026-09-30T02:44:33.539999Z  INFO lingxi_service: request handled request_id=req-d52b3fd7faa9eaf2982527b9633c6613 method=POST path=/lingxi/v1/sessions/sess_local_alpha/execute status=200
2026-09-30T02:44:33.540715Z  INFO lingxi_service::sessions: run settled through the single finalize path run_id=run_000001a0f0331084_000213 session_id="sess_local_alpha" outcome=completed.no_final.no_provider_configured input_chars=22 input_bytes=22
2026-09-30T02:44:33.540842Z  INFO lingxi_service: request handled request_id=req-60b2e2f46adde7673299b36ef10b1214 method=POST path=/lingxi/v1/sessions/sess_local_alpha/execute status=200
2026-09-30T02:44:33.541525Z  INFO lingxi_service::sessions: run settled through the single finalize path run_id=run_000001a0f0331085_000214 session_id="sess_local_alpha" outcome=completed.no_final.no_provider_configured input_chars=22 input_bytes=22
2026-09-30T02:44:33.541650Z  INFO lingxi_service: request handled request_id=req-01edbba3e229b1320073c4f1b67d96d3 method=POST path=/lingxi/v1/sessions/sess_local_alpha/execute status=200
2026-09-30T02:44:33.542354Z  INFO lingxi_service::sessions: run settled through the single finalize path run_id=run_000001a0f0331085_000215 session_id="sess_local_alpha" outcome=completed.no_final.no_provider_configured input_chars=22 input_bytes=22
2026-09-30T02:44:33.542475Z  INFO lingxi_service: request handled request_id=req-6e01079124750b50c1bcfce3bab19b4a method=POST path=/lingxi/v1/sessions/sess_local_alpha/execute status=200
2026-09-30T02:44:33.543159Z  INFO lingxi_service::sessions: run settled through the single finalize path run_id=run_000001a0f0331086_000216 session_id="sess_local_alpha" outcome=completed.no_final.no_provider_configured input_chars=22 input_bytes=22
2026-09-30T02:44:33.543276Z  INFO lingxi_service: request handled request_id=req-f55f5ce8d9fb32b301ee4f83b160e494 method=POST path=/lingxi/v1/sessions/sess_local_alpha/execute status=200
2026-09-30T02:44:33.543965Z  INFO lingxi_service::sessions: run settled through the single finalize path run_id=run_000001a0f0331087_000217 session_id="sess_local_alpha" outcome=completed.no_final.no_provider_configured input_chars=22 input_bytes=22
2026-09-30T02:44:33.544089Z  INFO lingxi_service: request handled request_id=req-bad8813af7e429ad406dbbe4c7c188bd method=POST path=/lingxi/v1/sessions/sess_local_alpha/execute status=200
2026-09-30T02:44:33.544768Z  INFO lingxi_service::sessions: run settled through the single finalize path run_id=run_000001a0f0331088_000218 session_id="sess_local_alpha" outcome=completed.no_final.no_provider_configured input_chars=22 input_bytes=22
2026-09-30T02:44:33.544888Z  INFO lingxi_service: request handled request_id=req-5506731a744b237a627b2ad346ed5f0c method=POST path=/lingxi/v1/sessions/sess_local_alpha/execute status=200
2026-09-30T02:44:33.545615Z  INFO lingxi_service::sessions: run settled through the single finalize path run_id=run_000001a0f0331089_000219 session_id="sess_local_alpha" outcome=completed.no_final.no_provider_configured input_chars=22 input_bytes=22
2026-09-30T02:44:33.545738Z  INFO lingxi_service: request handled request_id=req-2d720d87b757cbe448958df591319ce9 method=POST path=/lingxi/v1/sessions/sess_local_alpha/execute status=200
2026-09-30T02:44:33.546453Z  INFO lingxi_service::sessions: run settled through the single finalize path run_id=run_000001a0f033108a_00021a session_id="sess_local_alpha" outcome=completed.no_final.no_provider_configured input_chars=22 input_bytes=22
2026-09-30T02:44:33.546574Z  INFO lingxi_service: request handled request_id=req-e248b0784919e18f43aa92b12dbba9bc method=POST path=/lingxi/v1/sessions/sess_local_alpha/execute status=200
2026-09-30T02:44:33.547336Z  INFO lingxi_service::sessions: run settled through the single finalize path run_id=run_000001a0f033108a_00021b session_id="sess_local_alpha" outcome=completed.no_final.no_provider_configured input_chars=22 input_bytes=22
2026-09-30T02:44:33.547459Z  INFO lingxi_service: request handled request_id=req-bfc5eb6e57b2075f35e7a89af39f9a2a method=POST path=/lingxi/v1/sessions/sess_local_alpha/execute status=200
2026-09-30T02:44:33.548153Z  INFO lingxi_service::sessions: run settled through the single finalize path run_id=run_000001a0f033108b_00021c session_id="sess_local_alpha" outcome=completed.no_final.no_provider_configured input_chars=22 input_bytes=22
2026-09-30T02:44:33.548278Z  INFO lingxi_service: request handled request_id=req-fa34d49e059235c4b50dc0762d17f5ee method=POST path=/lingxi/v1/sessions/sess_local_alpha/execute status=200
2026-09-30T02:44:33.549010Z  INFO lingxi_service::sessions: run settled through the single finalize path run_id=run_000001a0f033108c_00021d session_id="sess_local_alpha" outcome=completed.no_final.no_provider_configured input_chars=22 input_bytes=22
2026-09-30T02:44:33.549132Z  INFO lingxi_service: request handled request_id=req-112af31b65445cff2eda6c3655ec780c method=POST path=/lingxi/v1/sessions/sess_local_alpha/execute status=200
2026-09-30T02:44:33.549828Z  INFO lingxi_service::sessions: run settled through the single finalize path run_id=run_000001a0f033108d_00021e session_id="sess_local_alpha" outcome=completed.no_final.no_provider_configured input_chars=22 input_bytes=22
2026-09-30T02:44:33.549948Z  INFO lingxi_service: request handled request_id=req-575c85e19ed6b93030d2a6a9959af374 method=POST path=/lingxi/v1/sessions/sess_local_alpha/execute status=200
2026-09-30T02:44:33.550627Z  INFO lingxi_service::sessions: run settled through the single finalize path run_id=run_000001a0f033108e_00021f session_id="sess_local_alpha" outcome=completed.no_final.no_provider_configured input_chars=22 input_bytes=22
2026-09-30T02:44:33.550745Z  INFO lingxi_service: request handled request_id=req-e5f6c697aa464fb8d0ff498c24d60274 method=POST path=/lingxi/v1/sessions/sess_local_alpha/execute status=200
2026-09-30T02:44:33.551425Z  INFO lingxi_service::sessions: run settled through the single finalize path run_id=run_000001a0f033108f_000220 session_id="sess_local_alpha" outcome=completed.no_final.no_provider_configured input_chars=22 input_bytes=22
2026-09-30T02:44:33.551543Z  INFO lingxi_service: request handled request_id=req-60b5ffadf071bd1fdb0580e38c7281e7 method=POST path=/lingxi/v1/sessions/sess_local_alpha/execute status=200
2026-09-30T02:44:33.552252Z  INFO lingxi_service::sessions: run settled through the single finalize path run_id=run_000001a0f033108f_000221 session_id="sess_local_alpha" outcome=completed.no_final.no_provider_configured input_chars=22 input_bytes=22
2026-09-30T02:44:33.552374Z  INFO lingxi_service: request handled request_id=req-c3083149a737d1b0957d9d9116cc776c method=POST path=/lingxi/v1/sessions/sess_local_alpha/execute status=200
2026-09-30T02:44:33.553043Z  INFO lingxi_service::sessions: run settled through the single finalize path run_id=run_000001a0f0331090_000222 session_id="sess_local_alpha" outcome=completed.no_final.no_provider_configured input_chars=22 input_bytes=22
2026-09-30T02:44:33.553162Z  INFO lingxi_service: request handled request_id=req-c7bb606d71fee36150b9d9e323b4aada method=POST path=/lingxi/v1/sessions/sess_local_alpha/execute status=200
2026-09-30T02:44:33.553837Z  INFO lingxi_service::sessions: run settled through the single finalize path run_id=run_000001a0f0331091_000223 session_id="sess_local_alpha" outcome=completed.no_final.no_provider_configured input_chars=22 input_bytes=22
2026-09-30T02:44:33.553963Z  INFO lingxi_service: request handled request_id=req-13e2e7604c042a11a6b87609b5efe11a method=POST path=/lingxi/v1/sessions/sess_local_alpha/execute status=200
2026-09-30T02:44:33.554664Z  INFO lingxi_service::sessions: run settled through the single finalize path run_id=run_000001a0f0331092_000224 session_id="sess_local_alpha" outcome=completed.no_final.no_provider_configured input_chars=22 input_bytes=22
2026-09-30T02:44:33.554785Z  INFO lingxi_service: request handled request_id=req-1de47e775178e19c18e2a025bf8446f8 method=POST path=/lingxi/v1/sessions/sess_local_alpha/execute status=200
2026-09-30T02:44:33.555922Z  INFO lingxi_service::sessions: run settled through the single finalize path run_id=run_000001a0f0331093_000225 session_id="sess_local_alpha" outcome=completed.no_final.no_provider_configured input_chars=22 input_bytes=22
2026-09-30T02:44:33.556042Z  INFO lingxi_service: request handled request_id=req-dc299a0e3a01d0e505716cda1b576531 method=POST path=/lingxi/v1/sessions/sess_local_alpha/execute status=200
2026-09-30T02:44:33.556727Z  INFO lingxi_service::sessions: run settled through the single finalize path run_id=run_000001a0f0331094_000226 session_id="sess_local_alpha" outcome=completed.no_final.no_provider_configured input_chars=22 input_bytes=22
2026-09-30T02:44:33.556852Z  INFO lingxi_service: request handled request_id=req-13a8614866db047f428ca8c0cfce2bb0 method=POST path=/lingxi/v1/sessions/sess_local_alpha/execute status=200
2026-09-30T02:44:33.557544Z  INFO lingxi_service::sessions: run settled through the single finalize path run_id=run_000001a0f0331095_000227 session_id="sess_local_alpha" outcome=completed.no_final.no_provider_configured input_chars=22 input_bytes=22
2026-09-30T02:44:33.557664Z  INFO lingxi_service: request handled request_id=req-c3f945f17bfb9b0abd3359628037d865 method=POST path=/lingxi/v1/sessions/sess_local_alpha/execute status=200
2026-09-30T02:44:33.558356Z  INFO lingxi_service::sessions: run settled through the single finalize path run_id=run_000001a0f0331095_000228 session_id="sess_local_alpha" outcome=completed.no_final.no_provider_configured input_chars=22 input_bytes=22
2026-09-30T02:44:33.558472Z  INFO lingxi_service: request handled request_id=req-0eec87b91d19fc21881bcfc1386c1298 method=POST path=/lingxi/v1/sessions/sess_local_alpha/execute status=200
2026-09-30T02:44:33.559177Z  INFO lingxi_service::sessions: run settled through the single finalize path run_id=run_000001a0f0331096_000229 session_id="sess_local_alpha" outcome=completed.no_final.no_provider_configured input_chars=22 input_bytes=22
2026-09-30T02:44:33.559299Z  INFO lingxi_service: request handled request_id=req-8f83939c32bc716ba4f27e592446f84a method=POST path=/lingxi/v1/sessions/sess_local_alpha/execute status=200
2026-09-30T02:44:33.560071Z  INFO lingxi_service::sessions: run settled through the single finalize path run_id=run_000001a0f0331097_00022a session_id="sess_local_alpha" outcome=completed.no_final.no_provider_configured input_chars=22 input_bytes=22
2026-09-30T02:44:33.560195Z  INFO lingxi_service: request handled request_id=req-c1a6942243405cb4dd44c78c285f2d94 method=POST path=/lingxi/v1/sessions/sess_local_alpha/execute status=200
2026-09-30T02:44:33.560905Z  INFO lingxi_service::sessions: run settled through the single finalize path run_id=run_000001a0f0331098_00022b session_id="sess_local_alpha" outcome=completed.no_final.no_provider_configured input_chars=22 input_bytes=22
2026-09-30T02:44:33.561025Z  INFO lingxi_service: request handled request_id=req-c6c5b161eca8a7888adf35467d84f969 method=POST path=/lingxi/v1/sessions/sess_local_alpha/execute status=200
2026-09-30T02:44:33.561682Z  INFO lingxi_service::sessions: run settled through the single finalize path run_id=run_000001a0f0331099_00022c session_id="sess_local_alpha" outcome=completed.no_final.no_provider_configured input_chars=22 input_bytes=22
2026-09-30T02:44:33.561802Z  INFO lingxi_service: request handled request_id=req-e0a378205623ce355fbcdc8b611f12f6 method=POST path=/lingxi/v1/sessions/sess_local_alpha/execute status=200
2026-09-30T02:44:33.562492Z  INFO lingxi_service::sessions: run settled through the single finalize path run_id=run_000001a0f033109a_00022d session_id="sess_local_alpha" outcome=completed.no_final.no_provider_configured input_chars=22 input_bytes=22
2026-09-30T02:44:33.562613Z  INFO lingxi_service: request handled request_id=req-b84b0856be544db2480891f9215b47dc method=POST path=/lingxi/v1/sessions/sess_local_alpha/execute status=200
2026-09-30T02:44:33.563395Z  INFO lingxi_service::sessions: run settled through the single finalize path run_id=run_000001a0f033109a_00022e session_id="sess_local_alpha" outcome=completed.no_final.no_provider_configured input_chars=22 input_bytes=22
2026-09-30T02:44:33.563521Z  INFO lingxi_service: request handled request_id=req-155d7728368cbd5465dfabc48c948a65 method=POST path=/lingxi/v1/sessions/sess_local_alpha/execute status=200
2026-09-30T02:44:33.564207Z  INFO lingxi_service::sessions: run settled through the single finalize path run_id=run_000001a0f033109b_00022f session_id="sess_local_alpha" outcome=completed.no_final.no_provider_configured input_chars=22 input_bytes=22
2026-09-30T02:44:33.564328Z  INFO lingxi_service: request handled request_id=req-c3f5abdbed7320576a511fda46857e57 method=POST path=/lingxi/v1/sessions/sess_local_alpha/execute status=200
2026-09-30T02:44:33.565036Z  INFO lingxi_service::sessions: run settled through the single finalize path run_id=run_000001a0f033109c_000230 session_id="sess_local_alpha" outcome=completed.no_final.no_provider_configured input_chars=22 input_bytes=22
2026-09-30T02:44:33.565159Z  INFO lingxi_service: request handled request_id=req-fba742b64e0257db4c985e541c6a0c93 method=POST path=/lingxi/v1/sessions/sess_local_alpha/execute status=200
2026-09-30T02:44:33.565944Z  INFO lingxi_service::sessions: run settled through the single finalize path run_id=run_000001a0f033109d_000231 session_id="sess_local_alpha" outcome=completed.no_final.no_provider_configured input_chars=22 input_bytes=22
2026-09-30T02:44:33.566065Z  INFO lingxi_service: request handled request_id=req-22448146906ec6a0ba6e7ac89aa46150 method=POST path=/lingxi/v1/sessions/sess_local_alpha/execute status=200
2026-09-30T02:44:33.566827Z  INFO lingxi_service::sessions: run settled through the single finalize path run_id=run_000001a0f033109e_000232 session_id="sess_local_alpha" outcome=completed.no_final.no_provider_configured input_chars=22 input_bytes=22
2026-09-30T02:44:33.566948Z  INFO lingxi_service: request handled request_id=req-a50f292f6ffdc03644bc8fa1384a8031 method=POST path=/lingxi/v1/sessions/sess_local_alpha/execute status=200
2026-09-30T02:44:33.567680Z  INFO lingxi_service::sessions: run settled through the single finalize path run_id=run_000001a0f033109f_000233 session_id="sess_local_alpha" outcome=completed.no_final.no_provider_configured input_chars=22 input_bytes=22
2026-09-30T02:44:33.567802Z  INFO lingxi_service: request handled request_id=req-49a83a8a8977ea558680903c32014dd3 method=POST path=/lingxi/v1/sessions/sess_local_alpha/execute status=200
2026-09-30T02:44:33.568490Z  INFO lingxi_service::sessions: run settled through the single finalize path run_id=run_000001a0f03310a0_000234 session_id="sess_local_alpha" outcome=completed.no_final.no_provider_configured input_chars=22 input_bytes=22
2026-09-30T02:44:33.568612Z  INFO lingxi_service: request handled request_id=req-8785a9762d1ff83864d4eb0751cd389b method=POST path=/lingxi/v1/sessions/sess_local_alpha/execute status=200
2026-09-30T02:44:33.569348Z  INFO lingxi_service::sessions: run settled through the single finalize path run_id=run_000001a0f03310a0_000235 session_id="sess_local_alpha" outcome=completed.no_final.no_provider_configured input_chars=22 input_bytes=22
2026-09-30T02:44:33.569470Z  INFO lingxi_service: request handled request_id=req-a135164df8e209cf0a296faff7af003b method=POST path=/lingxi/v1/sessions/sess_local_alpha/execute status=200
2026-09-30T02:44:33.570164Z  INFO lingxi_service::sessions: run settled through the single finalize path run_id=run_000001a0f03310a1_000236 session_id="sess_local_alpha" outcome=completed.no_final.no_provider_configured input_chars=22 input_bytes=22
2026-09-30T02:44:33.570285Z  INFO lingxi_service: request handled request_id=req-40f94f7d84aa7220358c3a8a8883794b method=POST path=/lingxi/v1/sessions/sess_local_alpha/execute status=200
2026-09-30T02:44:33.571014Z  INFO lingxi_service::sessions: run settled through the single finalize path run_id=run_000001a0f03310a2_000237 session_id="sess_local_alpha" outcome=completed.no_final.no_provider_configured input_chars=22 input_bytes=22
2026-09-30T02:44:33.571135Z  INFO lingxi_service: request handled request_id=req-43a41a5fe22e0abbc7727d4ecc227aa5 method=POST path=/lingxi/v1/sessions/sess_local_alpha/execute status=200
2026-09-30T02:44:33.571942Z  INFO lingxi_service::sessions: run settled through the single finalize path run_id=run_000001a0f03310a3_000238 session_id="sess_local_alpha" outcome=completed.no_final.no_provider_configured input_chars=22 input_bytes=22
2026-09-30T02:44:33.572064Z  INFO lingxi_service: request handled request_id=req-dc42d426260755fccc424b0f333dc986 method=POST path=/lingxi/v1/sessions/sess_local_alpha/execute status=200
2026-09-30T02:44:33.572830Z  INFO lingxi_service::sessions: run settled through the single finalize path run_id=run_000001a0f03310a4_000239 session_id="sess_local_alpha" outcome=completed.no_final.no_provider_configured input_chars=22 input_bytes=22
2026-09-30T02:44:33.572954Z  INFO lingxi_service: request handled request_id=req-4cbadeb5056487d76771a225dd128d5e method=POST path=/lingxi/v1/sessions/sess_local_alpha/execute status=200
2026-09-30T02:44:33.573645Z  INFO lingxi_service::sessions: run settled through the single finalize path run_id=run_000001a0f03310a5_00023a session_id="sess_local_alpha" outcome=completed.no_final.no_provider_configured input_chars=22 input_bytes=22
2026-09-30T02:44:33.573766Z  INFO lingxi_service: request handled request_id=req-13242843d758041ae2b45fe6e51ad2f2 method=POST path=/lingxi/v1/sessions/sess_local_alpha/execute status=200
2026-09-30T02:44:33.574452Z  INFO lingxi_service::sessions: run settled through the single finalize path run_id=run_000001a0f03310a6_00023b session_id="sess_local_alpha" outcome=completed.no_final.no_provider_configured input_chars=22 input_bytes=22
2026-09-30T02:44:33.574579Z  INFO lingxi_service: request handled request_id=req-d367c1940c319b500706a17746274a26 method=POST path=/lingxi/v1/sessions/sess_local_alpha/execute status=200
2026-09-30T02:44:33.575278Z  INFO lingxi_service::sessions: run settled through the single finalize path run_id=run_000001a0f03310a6_00023c session_id="sess_local_alpha" outcome=completed.no_final.no_provider_configured input_chars=22 input_bytes=22
2026-09-30T02:44:33.575400Z  INFO lingxi_service: request handled request_id=req-d160c4582430b65fdbdc54e32ec7e89f method=POST path=/lingxi/v1/sessions/sess_local_alpha/execute status=200
2026-09-30T02:44:33.576083Z  INFO lingxi_service::sessions: run settled through the single finalize path run_id=run_000001a0f03310a7_00023d session_id="sess_local_alpha" outcome=completed.no_final.no_provider_configured input_chars=22 input_bytes=22
2026-09-30T02:44:33.576203Z  INFO lingxi_service: request handled request_id=req-a11cb132f9496e53dc3ae7c39a4a6e4b method=POST path=/lingxi/v1/sessions/sess_local_alpha/execute status=200
2026-09-30T02:44:33.576919Z  INFO lingxi_service::sessions: run settled through the single finalize path run_id=run_000001a0f03310a8_00023e session_id="sess_local_alpha" outcome=completed.no_final.no_provider_configured input_chars=22 input_bytes=22
2026-09-30T02:44:33.577040Z  INFO lingxi_service: request handled request_id=req-cbe7903939296557abd599c1bc0d758f method=POST path=/lingxi/v1/sessions/sess_local_alpha/execute status=200
2026-09-30T02:44:33.577767Z  INFO lingxi_service::sessions: run settled through the single finalize path run_id=run_000001a0f03310a9_00023f session_id="sess_local_alpha" outcome=completed.no_final.no_provider_configured input_chars=22 input_bytes=22
2026-09-30T02:44:33.577890Z  INFO lingxi_service: request handled request_id=req-9def8d1b5b8789333bc930c8d54550df method=POST path=/lingxi/v1/sessions/sess_local_alpha/execute status=200
2026-09-30T02:44:33.578582Z  INFO lingxi_service::sessions: run settled through the single finalize path run_id=run_000001a0f03310aa_000240 session_id="sess_local_alpha" outcome=completed.no_final.no_provider_configured input_chars=22 input_bytes=22
2026-09-30T02:44:33.578707Z  INFO lingxi_service: request handled request_id=req-56ce4af1474f31e75678dfea0d41f510 method=POST path=/lingxi/v1/sessions/sess_local_alpha/execute status=200
2026-09-30T02:44:33.579416Z  INFO lingxi_service::sessions: run settled through the single finalize path run_id=run_000001a0f03310aa_000241 session_id="sess_local_alpha" outcome=completed.no_final.no_provider_configured input_chars=22 input_bytes=22
2026-09-30T02:44:33.579541Z  INFO lingxi_service: request handled request_id=req-3998243421bbf2013bea7e28d79858f1 method=POST path=/lingxi/v1/sessions/sess_local_alpha/execute status=200
2026-09-30T02:44:33.580221Z  INFO lingxi_service::sessions: run settled through the single finalize path run_id=run_000001a0f03310ab_000242 session_id="sess_local_alpha" outcome=completed.no_final.no_provider_configured input_chars=22 input_bytes=22
2026-09-30T02:44:33.580347Z  INFO lingxi_service: request handled request_id=req-3d09cbded07421e796f7ea9a9427940a method=POST path=/lingxi/v1/sessions/sess_local_alpha/execute status=200
2026-09-30T02:44:33.581054Z  INFO lingxi_service::sessions: run settled through the single finalize path run_id=run_000001a0f03310ac_000243 session_id="sess_local_alpha" outcome=completed.no_final.no_provider_configured input_chars=22 input_bytes=22
2026-09-30T02:44:33.581174Z  INFO lingxi_service: request handled request_id=req-e1e5f7ff7ae092e4e25c4d1ca6ff9200 method=POST path=/lingxi/v1/sessions/sess_local_alpha/execute status=200
2026-09-30T02:44:33.581893Z  INFO lingxi_service::sessions: run settled through the single finalize path run_id=run_000001a0f03310ad_000244 session_id="sess_local_alpha" outcome=completed.no_final.no_provider_configured input_chars=22 input_bytes=22
2026-09-30T02:44:33.582015Z  INFO lingxi_service: request handled request_id=req-28c88bb198acb07398822067cfb6c56e method=POST path=/lingxi/v1/sessions/sess_local_alpha/execute status=200
2026-09-30T02:44:33.582678Z  INFO lingxi_service::sessions: run settled through the single finalize path run_id=run_000001a0f03310ae_000245 session_id="sess_local_alpha" outcome=completed.no_final.no_provider_configured input_chars=22 input_bytes=22
2026-09-30T02:44:33.582801Z  INFO lingxi_service: request handled request_id=req-d1bc3c562965f0ebd5ee70ab8c2176a0 method=POST path=/lingxi/v1/sessions/sess_local_alpha/execute status=200
2026-09-30T02:44:33.583462Z  INFO lingxi_service::sessions: run settled through the single finalize path run_id=run_000001a0f03310af_000246 session_id="sess_local_alpha" outcome=completed.no_final.no_provider_configured input_chars=22 input_bytes=22
2026-09-30T02:44:33.583582Z  INFO lingxi_service: request handled request_id=req-57a0e5204ca6b2bfaa5f8a018136f52e method=POST path=/lingxi/v1/sessions/sess_local_alpha/execute status=200
2026-09-30T02:44:33.584268Z  INFO lingxi_service::sessions: run settled through the single finalize path run_id=run_000001a0f03310af_000247 session_id="sess_local_alpha" outcome=completed.no_final.no_provider_configured input_chars=22 input_bytes=22
2026-09-30T02:44:33.584392Z  INFO lingxi_service: request handled request_id=req-29f0a23c858ed9abde8f59b5ba51b37c method=POST path=/lingxi/v1/sessions/sess_local_alpha/execute status=200
2026-09-30T02:44:33.585068Z  INFO lingxi_service::sessions: run settled through the single finalize path run_id=run_000001a0f03310b0_000248 session_id="sess_local_alpha" outcome=completed.no_final.no_provider_configured input_chars=22 input_bytes=22
2026-09-30T02:44:33.585194Z  INFO lingxi_service: request handled request_id=req-05b316b8d6d907eb3052c556df435230 method=POST path=/lingxi/v1/sessions/sess_local_alpha/execute status=200
2026-09-30T02:44:33.585931Z  INFO lingxi_service::sessions: run settled through the single finalize path run_id=run_000001a0f03310b1_000249 session_id="sess_local_alpha" outcome=completed.no_final.no_provider_configured input_chars=22 input_bytes=22
2026-09-30T02:44:33.586055Z  INFO lingxi_service: request handled request_id=req-36ed9193aa84246ef9ea2ab2498ccc23 method=POST path=/lingxi/v1/sessions/sess_local_alpha/execute status=200
2026-09-30T02:44:33.586732Z  INFO lingxi_service::sessions: run settled through the single finalize path run_id=run_000001a0f03310b2_00024a session_id="sess_local_alpha" outcome=completed.no_final.no_provider_configured input_chars=22 input_bytes=22
2026-09-30T02:44:33.586854Z  INFO lingxi_service: request handled request_id=req-1a5528fc2b97b716ae10aa635f513a92 method=POST path=/lingxi/v1/sessions/sess_local_alpha/execute status=200
2026-09-30T02:44:33.587520Z  INFO lingxi_service::sessions: run settled through the single finalize path run_id=run_000001a0f03310b3_00024b session_id="sess_local_alpha" outcome=completed.no_final.no_provider_configured input_chars=22 input_bytes=22
2026-09-30T02:44:33.587644Z  INFO lingxi_service: request handled request_id=req-2b764d8fd49471bb71901d9cf9f8bf59 method=POST path=/lingxi/v1/sessions/sess_local_alpha/execute status=200
2026-09-30T02:44:33.588346Z  INFO lingxi_service::sessions: run settled through the single finalize path run_id=run_000001a0f03310b3_00024c session_id="sess_local_alpha" outcome=completed.no_final.no_provider_configured input_chars=22 input_bytes=22
2026-09-30T02:44:33.588468Z  INFO lingxi_service: request handled request_id=req-545b36173ab4f3e5ac133c24001a530a method=POST path=/lingxi/v1/sessions/sess_local_alpha/execute status=200
2026-09-30T02:44:33.589139Z  INFO lingxi_service::sessions: run settled through the single finalize path run_id=run_000001a0f03310b4_00024d session_id="sess_local_alpha" outcome=completed.no_final.no_provider_configured input_chars=22 input_bytes=22
2026-09-30T02:44:33.589260Z  INFO lingxi_service: request handled request_id=req-7e0392e75ee2aa80738aff2154af6660 method=POST path=/lingxi/v1/sessions/sess_local_alpha/execute status=200
2026-09-30T02:44:33.590041Z  INFO lingxi_service::sessions: run settled through the single finalize path run_id=run_000001a0f03310b5_00024e session_id="sess_local_alpha" outcome=completed.no_final.no_provider_configured input_chars=22 input_bytes=22
2026-09-30T02:44:33.590165Z  INFO lingxi_service: request handled request_id=req-924a58be3c201acbd720fd380a9d7113 method=POST path=/lingxi/v1/sessions/sess_local_alpha/execute status=200
2026-09-30T02:44:33.590841Z  INFO lingxi_service::sessions: run settled through the single finalize path run_id=run_000001a0f03310b6_00024f session_id="sess_local_alpha" outcome=completed.no_final.no_provider_configured input_chars=22 input_bytes=22
2026-09-30T02:44:33.590969Z  INFO lingxi_service: request handled request_id=req-e1776244a9bae785f35d48992151a8c6 method=POST path=/lingxi/v1/sessions/sess_local_alpha/execute status=200
2026-09-30T02:44:33.591638Z  INFO lingxi_service::sessions: run settled through the single finalize path run_id=run_000001a0f03310b7_000250 session_id="sess_local_alpha" outcome=completed.no_final.no_provider_configured input_chars=22 input_bytes=22
2026-09-30T02:44:33.591758Z  INFO lingxi_service: request handled request_id=req-87e2a46440e6509c4e4b7fa9fd3668dc method=POST path=/lingxi/v1/sessions/sess_local_alpha/execute status=200
2026-09-30T02:44:33.592424Z  INFO lingxi_service::sessions: run settled through the single finalize path run_id=run_000001a0f03310b8_000251 session_id="sess_local_alpha" outcome=completed.no_final.no_provider_configured input_chars=22 input_bytes=22
2026-09-30T02:44:33.592550Z  INFO lingxi_service: request handled request_id=req-b284cff951d4354342893661f3880bd8 method=POST path=/lingxi/v1/sessions/sess_local_alpha/execute status=200
2026-09-30T02:44:33.593224Z  INFO lingxi_service::sessions: run settled through the single finalize path run_id=run_000001a0f03310b8_000252 session_id="sess_local_alpha" outcome=completed.no_final.no_provider_configured input_chars=22 input_bytes=22
2026-09-30T02:44:33.593351Z  INFO lingxi_service: request handled request_id=req-33645918567754c76ed3f3a8f408652d method=POST path=/lingxi/v1/sessions/sess_local_alpha/execute status=200
2026-09-30T02:44:33.594085Z  INFO lingxi_service::sessions: run settled through the single finalize path run_id=run_000001a0f03310b9_000253 session_id="sess_local_alpha" outcome=completed.no_final.no_provider_configured input_chars=22 input_bytes=22
2026-09-30T02:44:33.594205Z  INFO lingxi_service: request handled request_id=req-0afe30f1359fd699271bcee8ea8f48fd method=POST path=/lingxi/v1/sessions/sess_local_alpha/execute status=200
2026-09-30T02:44:33.594900Z  INFO lingxi_service::sessions: run settled through the single finalize path run_id=run_000001a0f03310ba_000254 session_id="sess_local_alpha" outcome=completed.no_final.no_provider_configured input_chars=22 input_bytes=22
2026-09-30T02:44:33.595025Z  INFO lingxi_service: request handled request_id=req-a9e30e74232c4a3c57254857dc4cf911 method=POST path=/lingxi/v1/sessions/sess_local_alpha/execute status=200
2026-09-30T02:44:33.596165Z  INFO lingxi_service::sessions: run settled through the single finalize path run_id=run_000001a0f03310bb_000255 session_id="sess_local_alpha" outcome=completed.no_final.no_provider_configured input_chars=22 input_bytes=22
2026-09-30T02:44:33.596291Z  INFO lingxi_service: request handled request_id=req-9f6a549c4a7196bb021d7b3f5a2a57ac method=POST path=/lingxi/v1/sessions/sess_local_alpha/execute status=200
2026-09-30T02:44:33.596992Z  INFO lingxi_service::sessions: run settled through the single finalize path run_id=run_000001a0f03310bc_000256 session_id="sess_local_alpha" outcome=completed.no_final.no_provider_configured input_chars=22 input_bytes=22
2026-09-30T02:44:33.597118Z  INFO lingxi_service: request handled request_id=req-bde6708fe6733e9d871ca583c1d9b0c3 method=POST path=/lingxi/v1/sessions/sess_local_alpha/execute status=200
2026-09-30T02:44:33.597833Z  INFO lingxi_service::sessions: run settled through the single finalize path run_id=run_000001a0f03310bd_000257 session_id="sess_local_alpha" outcome=completed.no_final.no_provider_configured input_chars=22 input_bytes=22
2026-09-30T02:44:33.597956Z  INFO lingxi_service: request handled request_id=req-a6998b4adb81cc7b367cc38f8ba05e90 method=POST path=/lingxi/v1/sessions/sess_local_alpha/execute status=200
2026-09-30T02:44:33.598639Z  INFO lingxi_service::sessions: run settled through the single finalize path run_id=run_000001a0f03310be_000258 session_id="sess_local_alpha" outcome=completed.no_final.no_provider_configured input_chars=22 input_bytes=22
2026-09-30T02:44:33.598760Z  INFO lingxi_service: request handled request_id=req-d7804cdac37ed2397fe337f5db596f89 method=POST path=/lingxi/v1/sessions/sess_local_alpha/execute status=200
2026-09-30T02:44:33.599436Z  INFO lingxi_service::sessions: run settled through the single finalize path run_id=run_000001a0f03310bf_000259 session_id="sess_local_alpha" outcome=completed.no_final.no_provider_configured input_chars=22 input_bytes=22
2026-09-30T02:44:33.599557Z  INFO lingxi_service: request handled request_id=req-4878a68abd50da97a132ea3b45919b93 method=POST path=/lingxi/v1/sessions/sess_local_alpha/execute status=200
2026-09-30T02:44:33.600216Z  INFO lingxi_service::sessions: run settled through the single finalize path run_id=run_000001a0f03310bf_00025a session_id="sess_local_alpha" outcome=completed.no_final.no_provider_configured input_chars=22 input_bytes=22
2026-09-30T02:44:33.600336Z  INFO lingxi_service: request handled request_id=req-b667e37f2ccf3882d17ac5758fea3a47 method=POST path=/lingxi/v1/sessions/sess_local_alpha/execute status=200
2026-09-30T02:44:33.601018Z  INFO lingxi_service::sessions: run settled through the single finalize path run_id=run_000001a0f03310c0_00025b session_id="sess_local_alpha" outcome=completed.no_final.no_provider_configured input_chars=22 input_bytes=22
2026-09-30T02:44:33.601143Z  INFO lingxi_service: request handled request_id=req-7457cae8bbc3ca889739d9b1038a18fe method=POST path=/lingxi/v1/sessions/sess_local_alpha/execute status=200
2026-09-30T02:44:33.601876Z  INFO lingxi_service::sessions: run settled through the single finalize path run_id=run_000001a0f03310c1_00025c session_id="sess_local_alpha" outcome=completed.no_final.no_provider_configured input_chars=22 input_bytes=22
2026-09-30T02:44:33.602004Z  INFO lingxi_service: request handled request_id=req-a11e4e262cc21a231509e1b507ad042b method=POST path=/lingxi/v1/sessions/sess_local_alpha/execute status=200
2026-09-30T02:44:33.602683Z  INFO lingxi_service::sessions: run settled through the single finalize path run_id=run_000001a0f03310c2_00025d session_id="sess_local_alpha" outcome=completed.no_final.no_provider_configured input_chars=22 input_bytes=22
2026-09-30T02:44:33.602811Z  INFO lingxi_service: request handled request_id=req-1403164fd64d58a838feacc8d7a1509c method=POST path=/lingxi/v1/sessions/sess_local_alpha/execute status=200
2026-09-30T02:44:33.603562Z  INFO lingxi_service::sessions: run settled through the single finalize path run_id=run_000001a0f03310c3_00025e session_id="sess_local_alpha" outcome=completed.no_final.no_provider_configured input_chars=22 input_bytes=22
2026-09-30T02:44:33.603690Z  INFO lingxi_service: request handled request_id=req-fe8b95c851b64113b287ab9e2a054f5f method=POST path=/lingxi/v1/sessions/sess_local_alpha/execute status=200
2026-09-30T02:44:33.604375Z  INFO lingxi_service::sessions: run settled through the single finalize path run_id=run_000001a0f03310c3_00025f session_id="sess_local_alpha" outcome=completed.no_final.no_provider_configured input_chars=22 input_bytes=22
2026-09-30T02:44:33.604498Z  INFO lingxi_service: request handled request_id=req-9dd6a460a9c1dec31912ff05c868c6e0 method=POST path=/lingxi/v1/sessions/sess_local_alpha/execute status=200
2026-09-30T02:44:33.605160Z  INFO lingxi_service::sessions: run settled through the single finalize path run_id=run_000001a0f03310c4_000260 session_id="sess_local_alpha" outcome=completed.no_final.no_provider_configured input_chars=22 input_bytes=22
2026-09-30T02:44:33.605281Z  INFO lingxi_service: request handled request_id=req-339128d4e9f49a746cd2551b8c343a50 method=POST path=/lingxi/v1/sessions/sess_local_alpha/execute status=200
2026-09-30T02:44:33.606005Z  INFO lingxi_service::sessions: run settled through the single finalize path run_id=run_000001a0f03310c5_000261 session_id="sess_local_alpha" outcome=completed.no_final.no_provider_configured input_chars=22 input_bytes=22
2026-09-30T02:44:33.606133Z  INFO lingxi_service: request handled request_id=req-c6e833f8530f4e1e3099c8e78f9cc3da method=POST path=/lingxi/v1/sessions/sess_local_alpha/execute status=200
2026-09-30T02:44:33.606810Z  INFO lingxi_service::sessions: run settled through the single finalize path run_id=run_000001a0f03310c6_000262 session_id="sess_local_alpha" outcome=completed.no_final.no_provider_configured input_chars=22 input_bytes=22
2026-09-30T02:44:33.606933Z  INFO lingxi_service: request handled request_id=req-75baa337aaccea0120d0926468c1079e method=POST path=/lingxi/v1/sessions/sess_local_alpha/execute status=200
2026-09-30T02:44:33.607623Z  INFO lingxi_service::sessions: run settled through the single finalize path run_id=run_000001a0f03310c7_000263 session_id="sess_local_alpha" outcome=completed.no_final.no_provider_configured input_chars=22 input_bytes=22
2026-09-30T02:44:33.607746Z  INFO lingxi_service: request handled request_id=req-b3b13a03fcc27beea0e5f3aed18f241c method=POST path=/lingxi/v1/sessions/sess_local_alpha/execute status=200
2026-09-30T02:44:33.608432Z  INFO lingxi_service::sessions: run settled through the single finalize path run_id=run_000001a0f03310c8_000264 session_id="sess_local_alpha" outcome=completed.no_final.no_provider_configured input_chars=22 input_bytes=22
2026-09-30T02:44:33.608555Z  INFO lingxi_service: request handled request_id=req-ae427428dc7606b90b3a134612ec435c method=POST path=/lingxi/v1/sessions/sess_local_alpha/execute status=200
2026-09-30T02:44:33.609222Z  INFO lingxi_service::sessions: run settled through the single finalize path run_id=run_000001a0f03310c8_000265 session_id="sess_local_alpha" outcome=completed.no_final.no_provider_configured input_chars=22 input_bytes=22
2026-09-30T02:44:33.609346Z  INFO lingxi_service: request handled request_id=req-77ba5e4d93c17bb6701914d2cd4a07ed method=POST path=/lingxi/v1/sessions/sess_local_alpha/execute status=200
2026-09-30T02:44:33.610020Z  INFO lingxi_service::sessions: run settled through the single finalize path run_id=run_000001a0f03310c9_000266 session_id="sess_local_alpha" outcome=completed.no_final.no_provider_configured input_chars=22 input_bytes=22
2026-09-30T02:44:33.610143Z  INFO lingxi_service: request handled request_id=req-00bed3c10bb28443021031939ad7f3db method=POST path=/lingxi/v1/sessions/sess_local_alpha/execute status=200
2026-09-30T02:44:33.610815Z  INFO lingxi_service::sessions: run settled through the single finalize path run_id=run_000001a0f03310ca_000267 session_id="sess_local_alpha" outcome=completed.no_final.no_provider_configured input_chars=22 input_bytes=22
2026-09-30T02:44:33.610940Z  INFO lingxi_service: request handled request_id=req-a77131e9fd2f452ef61fec2e8a64ea95 method=POST path=/lingxi/v1/sessions/sess_local_alpha/execute status=200
2026-09-30T02:44:33.611614Z  INFO lingxi_service::sessions: run settled through the single finalize path run_id=run_000001a0f03310cb_000268 session_id="sess_local_alpha" outcome=completed.no_final.no_provider_configured input_chars=22 input_bytes=22
2026-09-30T02:44:33.611735Z  INFO lingxi_service: request handled request_id=req-02690e7f843a7a01ad5f513aeedc936e method=POST path=/lingxi/v1/sessions/sess_local_alpha/execute status=200
2026-09-30T02:44:33.612414Z  INFO lingxi_service::sessions: run settled through the single finalize path run_id=run_000001a0f03310cc_000269 session_id="sess_local_alpha" outcome=completed.no_final.no_provider_configured input_chars=22 input_bytes=22
2026-09-30T02:44:33.612539Z  INFO lingxi_service: request handled request_id=req-34301658d338dc566b7d810086e00fb2 method=POST path=/lingxi/v1/sessions/sess_local_alpha/execute status=200
2026-09-30T02:44:33.613217Z  INFO lingxi_service::sessions: run settled through the single finalize path run_id=run_000001a0f03310cc_00026a session_id="sess_local_alpha" outcome=completed.no_final.no_provider_configured input_chars=22 input_bytes=22
2026-09-30T02:44:33.613339Z  INFO lingxi_service: request handled request_id=req-8435446bd6fcd71125a3ce30aaa4b9a5 method=POST path=/lingxi/v1/sessions/sess_local_alpha/execute status=200
2026-09-30T02:44:33.614010Z  INFO lingxi_service::sessions: run settled through the single finalize path run_id=run_000001a0f03310cd_00026b session_id="sess_local_alpha" outcome=completed.no_final.no_provider_configured input_chars=22 input_bytes=22
2026-09-30T02:44:33.614133Z  INFO lingxi_service: request handled request_id=req-00d1f6818c383bfe42a5d3d454756d4b method=POST path=/lingxi/v1/sessions/sess_local_alpha/execute status=200
2026-09-30T02:44:33.614838Z  INFO lingxi_service::sessions: run settled through the single finalize path run_id=run_000001a0f03310ce_00026c session_id="sess_local_alpha" outcome=completed.no_final.no_provider_configured input_chars=22 input_bytes=22
2026-09-30T02:44:33.614960Z  INFO lingxi_service: request handled request_id=req-ea51bd34226e3fde2bffd2e43bcdca3a method=POST path=/lingxi/v1/sessions/sess_local_alpha/execute status=200
2026-09-30T02:44:33.615725Z  INFO lingxi_service::sessions: run settled through the single finalize path run_id=run_000001a0f03310cf_00026d session_id="sess_local_alpha" outcome=completed.no_final.no_provider_configured input_chars=22 input_bytes=22
2026-09-30T02:44:33.615852Z  INFO lingxi_service: request handled request_id=req-1c7e95a016ec6c87baae6f426691ab17 method=POST path=/lingxi/v1/sessions/sess_local_alpha/execute status=200
2026-09-30T02:44:33.616563Z  INFO lingxi_service::sessions: run settled through the single finalize path run_id=run_000001a0f03310d0_00026e session_id="sess_local_alpha" outcome=completed.no_final.no_provider_configured input_chars=22 input_bytes=22
2026-09-30T02:44:33.616686Z  INFO lingxi_service: request handled request_id=req-1ba1d23f6e48fa7a44f49f1ab1e3d757 method=POST path=/lingxi/v1/sessions/sess_local_alpha/execute status=200
2026-09-30T02:44:33.617365Z  INFO lingxi_service::sessions: run settled through the single finalize path run_id=run_000001a0f03310d0_00026f session_id="sess_local_alpha" outcome=completed.no_final.no_provider_configured input_chars=22 input_bytes=22
2026-09-30T02:44:33.617488Z  INFO lingxi_service: request handled request_id=req-d6f41266bf787b585ba4c2dae9079ebd method=POST path=/lingxi/v1/sessions/sess_local_alpha/execute status=200
2026-09-30T02:44:33.618231Z  INFO lingxi_service::sessions: run settled through the single finalize path run_id=run_000001a0f03310d1_000270 session_id="sess_local_alpha" outcome=completed.no_final.no_provider_configured input_chars=22 input_bytes=22
2026-09-30T02:44:33.618353Z  INFO lingxi_service: request handled request_id=req-78aa41186255b97be3f8ad9ece71d737 method=POST path=/lingxi/v1/sessions/sess_local_alpha/execute status=200
2026-09-30T02:44:33.619066Z  INFO lingxi_service::sessions: run settled through the single finalize path run_id=run_000001a0f03310d2_000271 session_id="sess_local_alpha" outcome=completed.no_final.no_provider_configured input_chars=22 input_bytes=22
2026-09-30T02:44:33.619200Z  INFO lingxi_service: request handled request_id=req-350bb23e77d4cf5b928750c6e92a3d15 method=POST path=/lingxi/v1/sessions/sess_local_alpha/execute status=200
2026-09-30T02:44:33.619911Z  INFO lingxi_service::sessions: run settled through the single finalize path run_id=run_000001a0f03310d3_000272 session_id="sess_local_alpha" outcome=completed.no_final.no_provider_configured input_chars=22 input_bytes=22
2026-09-30T02:44:33.620036Z  INFO lingxi_service: request handled request_id=req-f15f12d667493b41d6d3ffb02a5e9baa method=POST path=/lingxi/v1/sessions/sess_local_alpha/execute status=200
2026-09-30T02:44:33.620778Z  INFO lingxi_service::sessions: run settled through the single finalize path run_id=run_000001a0f03310d4_000273 session_id="sess_local_alpha" outcome=completed.no_final.no_provider_configured input_chars=22 input_bytes=22
2026-09-30T02:44:33.620901Z  INFO lingxi_service: request handled request_id=req-b439329e82657a4d526ace573fe9b339 method=POST path=/lingxi/v1/sessions/sess_local_alpha/execute status=200
2026-09-30T02:44:33.621631Z  INFO lingxi_service::sessions: run settled through the single finalize path run_id=run_000001a0f03310d5_000274 session_id="sess_local_alpha" outcome=completed.no_final.no_provider_configured input_chars=22 input_bytes=22
2026-09-30T02:44:33.621757Z  INFO lingxi_service: request handled request_id=req-a4661efec12835dc377ecc40c4a8c7bf method=POST path=/lingxi/v1/sessions/sess_local_alpha/execute status=200
2026-09-30T02:44:33.622488Z  INFO lingxi_service::sessions: run settled through the single finalize path run_id=run_000001a0f03310d6_000275 session_id="sess_local_alpha" outcome=completed.no_final.no_provider_configured input_chars=22 input_bytes=22
2026-09-30T02:44:33.622612Z  INFO lingxi_service: request handled request_id=req-0e4c73189b1e1b302e773de3b68c14b5 method=POST path=/lingxi/v1/sessions/sess_local_alpha/execute status=200
2026-09-30T02:44:33.623310Z  INFO lingxi_service::sessions: run settled through the single finalize path run_id=run_000001a0f03310d6_000276 session_id="sess_local_alpha" outcome=completed.no_final.no_provider_configured input_chars=22 input_bytes=22
2026-09-30T02:44:33.623434Z  INFO lingxi_service: request handled request_id=req-591d9634463a6defa8095a256c50bb2f method=POST path=/lingxi/v1/sessions/sess_local_alpha/execute status=200
2026-09-30T02:44:33.624156Z  INFO lingxi_service::sessions: run settled through the single finalize path run_id=run_000001a0f03310d7_000277 session_id="sess_local_alpha" outcome=completed.no_final.no_provider_configured input_chars=22 input_bytes=22
2026-09-30T02:44:33.624280Z  INFO lingxi_service: request handled request_id=req-7e6c64dc91e71bf0fa412f11f59a3985 method=POST path=/lingxi/v1/sessions/sess_local_alpha/execute status=200
2026-09-30T02:44:33.625008Z  INFO lingxi_service::sessions: run settled through the single finalize path run_id=run_000001a0f03310d8_000278 session_id="sess_local_alpha" outcome=completed.no_final.no_provider_configured input_chars=22 input_bytes=22
2026-09-30T02:44:33.625131Z  INFO lingxi_service: request handled request_id=req-52f1ad18d498f86bbd5ccb9910882c09 method=POST path=/lingxi/v1/sessions/sess_local_alpha/execute status=200
2026-09-30T02:44:33.625811Z  INFO lingxi_service::sessions: run settled through the single finalize path run_id=run_000001a0f03310d9_000279 session_id="sess_local_alpha" outcome=completed.no_final.no_provider_configured input_chars=22 input_bytes=22
2026-09-30T02:44:33.625937Z  INFO lingxi_service: request handled request_id=req-39f0955283c97f3389799b73a2f87321 method=POST path=/lingxi/v1/sessions/sess_local_alpha/execute status=200
2026-09-30T02:44:33.626667Z  INFO lingxi_service::sessions: run settled through the single finalize path run_id=run_000001a0f03310da_00027a session_id="sess_local_alpha" outcome=completed.no_final.no_provider_configured input_chars=22 input_bytes=22
2026-09-30T02:44:33.626791Z  INFO lingxi_service: request handled request_id=req-cb85b2eaad1ad514327fb3f1e4d7c326 method=POST path=/lingxi/v1/sessions/sess_local_alpha/execute status=200
2026-09-30T02:44:33.627545Z  INFO lingxi_service::sessions: run settled through the single finalize path run_id=run_000001a0f03310db_00027b session_id="sess_local_alpha" outcome=completed.no_final.no_provider_configured input_chars=22 input_bytes=22
2026-09-30T02:44:33.627670Z  INFO lingxi_service: request handled request_id=req-8032fc7c25ae3dc7c7137c298308fe7e method=POST path=/lingxi/v1/sessions/sess_local_alpha/execute status=200
2026-09-30T02:44:33.628351Z  INFO lingxi_service::sessions: run settled through the single finalize path run_id=run_000001a0f03310db_00027c session_id="sess_local_alpha" outcome=completed.no_final.no_provider_configured input_chars=22 input_bytes=22
2026-09-30T02:44:33.628475Z  INFO lingxi_service: request handled request_id=req-ce195e7de3844ebd04ef647c4b14b7d5 method=POST path=/lingxi/v1/sessions/sess_local_alpha/execute status=200
2026-09-30T02:44:33.629176Z  INFO lingxi_service::sessions: run settled through the single finalize path run_id=run_000001a0f03310dc_00027d session_id="sess_local_alpha" outcome=completed.no_final.no_provider_configured input_chars=22 input_bytes=22
2026-09-30T02:44:33.629299Z  INFO lingxi_service: request handled request_id=req-7534dfcc5bf17e55966c755b8a48ea98 method=POST path=/lingxi/v1/sessions/sess_local_alpha/execute status=200
2026-09-30T02:44:33.629949Z  INFO lingxi_service::sessions: run settled through the single finalize path run_id=run_000001a0f03310dd_00027e session_id="sess_local_alpha" outcome=completed.no_final.no_provider_configured input_chars=22 input_bytes=22
2026-09-30T02:44:33.630074Z  INFO lingxi_service: request handled request_id=req-cfa5c155ad28a7b423a5f4be9c905f24 method=POST path=/lingxi/v1/sessions/sess_local_alpha/execute status=200
2026-09-30T02:44:33.630754Z  INFO lingxi_service::sessions: run settled through the single finalize path run_id=run_000001a0f03310de_00027f session_id="sess_local_alpha" outcome=completed.no_final.no_provider_configured input_chars=22 input_bytes=22
2026-09-30T02:44:33.630876Z  INFO lingxi_service: request handled request_id=req-85f0cf9a93890b6b955dc8f3d134eac8 method=POST path=/lingxi/v1/sessions/sess_local_alpha/execute status=200
2026-09-30T02:44:33.631624Z  INFO lingxi_service::sessions: run settled through the single finalize path run_id=run_000001a0f03310df_000280 session_id="sess_local_alpha" outcome=completed.no_final.no_provider_configured input_chars=22 input_bytes=22
2026-09-30T02:44:33.631752Z  INFO lingxi_service: request handled request_id=req-d468602a5c1e062e41ebb172099c294a method=POST path=/lingxi/v1/sessions/sess_local_alpha/execute status=200
2026-09-30T02:44:33.632500Z  INFO lingxi_service::sessions: run settled through the single finalize path run_id=run_000001a0f03310e0_000281 session_id="sess_local_alpha" outcome=completed.no_final.no_provider_configured input_chars=22 input_bytes=22
2026-09-30T02:44:33.632624Z  INFO lingxi_service: request handled request_id=req-773f4fcca79ff1290d7f77a2adc8b707 method=POST path=/lingxi/v1/sessions/sess_local_alpha/execute status=200
2026-09-30T02:44:33.633389Z  INFO lingxi_service::sessions: run settled through the single finalize path run_id=run_000001a0f03310e0_000282 session_id="sess_local_alpha" outcome=completed.no_final.no_provider_configured input_chars=22 input_bytes=22
2026-09-30T02:44:33.633516Z  INFO lingxi_service: request handled request_id=req-64ccfd3b7e2f8d6e5741658c31d83a7d method=POST path=/lingxi/v1/sessions/sess_local_alpha/execute status=200
2026-09-30T02:44:33.634244Z  INFO lingxi_service::sessions: run settled through the single finalize path run_id=run_000001a0f03310e1_000283 session_id="sess_local_alpha" outcome=completed.no_final.no_provider_configured input_chars=22 input_bytes=22
2026-09-30T02:44:33.634369Z  INFO lingxi_service: request handled request_id=req-566fab6f7debc6a1270252c0f94fd31c method=POST path=/lingxi/v1/sessions/sess_local_alpha/execute status=200
2026-09-30T02:44:33.635102Z  INFO lingxi_service::sessions: run settled through the single finalize path run_id=run_000001a0f03310e2_000284 session_id="sess_local_alpha" outcome=completed.no_final.no_provider_configured input_chars=22 input_bytes=22
2026-09-30T02:44:33.635225Z  INFO lingxi_service: request handled request_id=req-4173e0b763d14645c9d69b55e0160d63 method=POST path=/lingxi/v1/sessions/sess_local_alpha/execute status=200
2026-09-30T02:44:33.636324Z  INFO lingxi_service::sessions: run settled through the single finalize path run_id=run_000001a0f03310e3_000285 session_id="sess_local_alpha" outcome=completed.no_final.no_provider_configured input_chars=22 input_bytes=22
2026-09-30T02:44:33.636450Z  INFO lingxi_service: request handled request_id=req-335b984318ecc96da581851ce2f5518c method=POST path=/lingxi/v1/sessions/sess_local_alpha/execute status=200
2026-09-30T02:44:33.637114Z  INFO lingxi_service::sessions: run settled through the single finalize path run_id=run_000001a0f03310e4_000286 session_id="sess_local_alpha" outcome=completed.no_final.no_provider_configured input_chars=22 input_bytes=22
2026-09-30T02:44:33.637239Z  INFO lingxi_service: request handled request_id=req-ee2427c12b43b2fc5ed4ff905c43cc8c method=POST path=/lingxi/v1/sessions/sess_local_alpha/execute status=200
2026-09-30T02:44:33.637898Z  INFO lingxi_service::sessions: run settled through the single finalize path run_id=run_000001a0f03310e5_000287 session_id="sess_local_alpha" outcome=completed.no_final.no_provider_configured input_chars=22 input_bytes=22
2026-09-30T02:44:33.638023Z  INFO lingxi_service: request handled request_id=req-763138c5a2ac8f1e24412db2dda4c845 method=POST path=/lingxi/v1/sessions/sess_local_alpha/execute status=200
2026-09-30T02:44:33.638681Z  INFO lingxi_service::sessions: run settled through the single finalize path run_id=run_000001a0f03310e6_000288 session_id="sess_local_alpha" outcome=completed.no_final.no_provider_configured input_chars=22 input_bytes=22
2026-09-30T02:44:33.638804Z  INFO lingxi_service: request handled request_id=req-f2335e4292f5daab33a415d5444a0669 method=POST path=/lingxi/v1/sessions/sess_local_alpha/execute status=200
2026-09-30T02:44:33.639487Z  INFO lingxi_service::sessions: run settled through the single finalize path run_id=run_000001a0f03310e7_000289 session_id="sess_local_alpha" outcome=completed.no_final.no_provider_configured input_chars=22 input_bytes=22
2026-09-30T02:44:33.639612Z  INFO lingxi_service: request handled request_id=req-f20ea0337057ff455f966458747cae7c method=POST path=/lingxi/v1/sessions/sess_local_alpha/execute status=200
2026-09-30T02:44:33.640288Z  INFO lingxi_service::sessions: run settled through the single finalize path run_id=run_000001a0f03310e7_00028a session_id="sess_local_alpha" outcome=completed.no_final.no_provider_configured input_chars=22 input_bytes=22
2026-09-30T02:44:33.640416Z  INFO lingxi_service: request handled request_id=req-eb97169a9953f3deadf93736c7ee8253 method=POST path=/lingxi/v1/sessions/sess_local_alpha/execute status=200
2026-09-30T02:44:33.641100Z  INFO lingxi_service::sessions: run settled through the single finalize path run_id=run_000001a0f03310e8_00028b session_id="sess_local_alpha" outcome=completed.no_final.no_provider_configured input_chars=22 input_bytes=22
2026-09-30T02:44:33.641225Z  INFO lingxi_service: request handled request_id=req-7f8f7a4076bb79eb23deb4d9fd00b2a3 method=POST path=/lingxi/v1/sessions/sess_local_alpha/execute status=200
2026-09-30T02:44:33.641899Z  INFO lingxi_service::sessions: run settled through the single finalize path run_id=run_000001a0f03310e9_00028c session_id="sess_local_alpha" outcome=completed.no_final.no_provider_configured input_chars=22 input_bytes=22
2026-09-30T02:44:33.642023Z  INFO lingxi_service: request handled request_id=req-4e0bbe67646365983abb0d9ed96f2cfd method=POST path=/lingxi/v1/sessions/sess_local_alpha/execute status=200
2026-09-30T02:44:33.642678Z  INFO lingxi_service::sessions: run settled through the single finalize path run_id=run_000001a0f03310ea_00028d session_id="sess_local_alpha" outcome=completed.no_final.no_provider_configured input_chars=22 input_bytes=22
2026-09-30T02:44:33.642809Z  INFO lingxi_service: request handled request_id=req-c2720e9cebbb7ecc8ffb905f906be65f method=POST path=/lingxi/v1/sessions/sess_local_alpha/execute status=200
2026-09-30T02:44:33.643485Z  INFO lingxi_service::sessions: run settled through the single finalize path run_id=run_000001a0f03310eb_00028e session_id="sess_local_alpha" outcome=completed.no_final.no_provider_configured input_chars=22 input_bytes=22
2026-09-30T02:44:33.643608Z  INFO lingxi_service: request handled request_id=req-0bf4c1efce08f295102b4aeaa0a5caab method=POST path=/lingxi/v1/sessions/sess_local_alpha/execute status=200
2026-09-30T02:44:33.644305Z  INFO lingxi_service::sessions: run settled through the single finalize path run_id=run_000001a0f03310eb_00028f session_id="sess_local_alpha" outcome=completed.no_final.no_provider_configured input_chars=22 input_bytes=22
2026-09-30T02:44:33.644429Z  INFO lingxi_service: request handled request_id=req-d77f1723fe072b40403427d3f5ffd0ec method=POST path=/lingxi/v1/sessions/sess_local_alpha/execute status=200
2026-09-30T02:44:33.645101Z  INFO lingxi_service::sessions: run settled through the single finalize path run_id=run_000001a0f03310ec_000290 session_id="sess_local_alpha" outcome=completed.no_final.no_provider_configured input_chars=22 input_bytes=22
2026-09-30T02:44:33.645226Z  INFO lingxi_service: request handled request_id=req-48f30644d4455c70dfbc609f39eab9aa method=POST path=/lingxi/v1/sessions/sess_local_alpha/execute status=200
2026-09-30T02:44:33.645900Z  INFO lingxi_service::sessions: run settled through the single finalize path run_id=run_000001a0f03310ed_000291 session_id="sess_local_alpha" outcome=completed.no_final.no_provider_configured input_chars=22 input_bytes=22
2026-09-30T02:44:33.646026Z  INFO lingxi_service: request handled request_id=req-2914264e36ed9deba29e80041cd7f318 method=POST path=/lingxi/v1/sessions/sess_local_alpha/execute status=200
2026-09-30T02:44:33.646703Z  INFO lingxi_service::sessions: run settled through the single finalize path run_id=run_000001a0f03310ee_000292 session_id="sess_local_alpha" outcome=completed.no_final.no_provider_configured input_chars=22 input_bytes=22
2026-09-30T02:44:33.646827Z  INFO lingxi_service: request handled request_id=req-37b7a4e2e0ae3567644d63630bb15d28 method=POST path=/lingxi/v1/sessions/sess_local_alpha/execute status=200
2026-09-30T02:44:33.647514Z  INFO lingxi_service::sessions: run settled through the single finalize path run_id=run_000001a0f03310ef_000293 session_id="sess_local_alpha" outcome=completed.no_final.no_provider_configured input_chars=22 input_bytes=22
2026-09-30T02:44:33.647641Z  INFO lingxi_service: request handled request_id=req-66d1b1979809c0ccc1da26fe5b064800 method=POST path=/lingxi/v1/sessions/sess_local_alpha/execute status=200
2026-09-30T02:44:33.648319Z  INFO lingxi_service::sessions: run settled through the single finalize path run_id=run_000001a0f03310ef_000294 session_id="sess_local_alpha" outcome=completed.no_final.no_provider_configured input_chars=22 input_bytes=22
2026-09-30T02:44:33.648444Z  INFO lingxi_service: request handled request_id=req-3e270c215b5be3f0deb6cc45c322d5ed method=POST path=/lingxi/v1/sessions/sess_local_alpha/execute status=200
2026-09-30T02:44:33.649180Z  INFO lingxi_service::sessions: run settled through the single finalize path run_id=run_000001a0f03310f0_000295 session_id="sess_local_alpha" outcome=completed.no_final.no_provider_configured input_chars=22 input_bytes=22
2026-09-30T02:44:33.649304Z  INFO lingxi_service: request handled request_id=req-968a9339caf755d6393882693037f49b method=POST path=/lingxi/v1/sessions/sess_local_alpha/execute status=200
2026-09-30T02:44:33.649986Z  INFO lingxi_service::sessions: run settled through the single finalize path run_id=run_000001a0f03310f1_000296 session_id="sess_local_alpha" outcome=completed.no_final.no_provider_configured input_chars=22 input_bytes=22
2026-09-30T02:44:33.650111Z  INFO lingxi_service: request handled request_id=req-ba6f5dbe2068c98556678c14263a6834 method=POST path=/lingxi/v1/sessions/sess_local_alpha/execute status=200
2026-09-30T02:44:33.650771Z  INFO lingxi_service::sessions: run settled through the single finalize path run_id=run_000001a0f03310f2_000297 session_id="sess_local_alpha" outcome=completed.no_final.no_provider_configured input_chars=22 input_bytes=22
2026-09-30T02:44:33.650893Z  INFO lingxi_service: request handled request_id=req-5ec3eea3d60e118394604bd33ee6f741 method=POST path=/lingxi/v1/sessions/sess_local_alpha/execute status=200
2026-09-30T02:44:33.651603Z  INFO lingxi_service::sessions: run settled through the single finalize path run_id=run_000001a0f03310f3_000298 session_id="sess_local_alpha" outcome=completed.no_final.no_provider_configured input_chars=22 input_bytes=22
2026-09-30T02:44:33.651724Z  INFO lingxi_service: request handled request_id=req-e647d34055416976fd603305c738434c method=POST path=/lingxi/v1/sessions/sess_local_alpha/execute status=200
2026-09-30T02:44:33.652247Z ERROR lingxi_service::events: subscription detached with explicit snapshot_required signal stream=sess_local_alpha subscriber=0 reason="slow_consumer" queue_capacity=4 dropped_deltas=0 last_enqueued_seq=1328
2026-09-30T02:44:33.652545Z  INFO lingxi_service::sessions: run settled through the single finalize path run_id=run_000001a0f03310f3_000299 session_id="sess_local_alpha" outcome=completed.no_final.no_provider_configured input_chars=22 input_bytes=22
2026-09-30T02:44:33.652666Z  INFO lingxi_service: request handled request_id=req-9fdaee97d59720b0f0367bfa3e1eab9d method=POST path=/lingxi/v1/sessions/sess_local_alpha/execute status=200
2026-09-30T02:44:33.653341Z  INFO lingxi_service::sessions: run settled through the single finalize path run_id=run_000001a0f03310f4_00029a session_id="sess_local_alpha" outcome=completed.no_final.no_provider_configured input_chars=22 input_bytes=22
2026-09-30T02:44:33.653462Z  INFO lingxi_service: request handled request_id=req-febdc95f9799ab13c2f25a0ff5bfc2e4 method=POST path=/lingxi/v1/sessions/sess_local_alpha/execute status=200
2026-09-30T02:44:33.654143Z  INFO lingxi_service::sessions: run settled through the single finalize path run_id=run_000001a0f03310f5_00029b session_id="sess_local_alpha" outcome=completed.no_final.no_provider_configured input_chars=22 input_bytes=22
2026-09-30T02:44:33.654270Z  INFO lingxi_service: request handled request_id=req-fec0f11860905ef939a312ced43e8511 method=POST path=/lingxi/v1/sessions/sess_local_alpha/execute status=200
2026-09-30T02:44:33.654984Z  INFO lingxi_service::sessions: run settled through the single finalize path run_id=run_000001a0f03310f6_00029c session_id="sess_local_alpha" outcome=completed.no_final.no_provider_configured input_chars=22 input_bytes=22
2026-09-30T02:44:33.655106Z  INFO lingxi_service: request handled request_id=req-f159f554a8c7fd93eb88ed88392ad8e6 method=POST path=/lingxi/v1/sessions/sess_local_alpha/execute status=200
2026-09-30T02:44:33.655820Z  INFO lingxi_service::sessions: run settled through the single finalize path run_id=run_000001a0f03310f7_00029d session_id="sess_local_alpha" outcome=completed.no_final.no_provider_configured input_chars=22 input_bytes=22
2026-09-30T02:44:33.655942Z  INFO lingxi_service: request handled request_id=req-7070e9a9d6b0b1add7b8f1a8a54d57c4 method=POST path=/lingxi/v1/sessions/sess_local_alpha/execute status=200
2026-09-30T02:44:33.656626Z  INFO lingxi_service::sessions: run settled through the single finalize path run_id=run_000001a0f03310f8_00029e session_id="sess_local_alpha" outcome=completed.no_final.no_provider_configured input_chars=22 input_bytes=22
2026-09-30T02:44:33.656747Z  INFO lingxi_service: request handled request_id=req-200efc2bc303f00ea4f9b77b78ac6f39 method=POST path=/lingxi/v1/sessions/sess_local_alpha/execute status=200
2026-09-30T02:44:33.657428Z  INFO lingxi_service::sessions: run settled through the single finalize path run_id=run_000001a0f03310f9_00029f session_id="sess_local_alpha" outcome=completed.no_final.no_provider_configured input_chars=22 input_bytes=22
2026-09-30T02:44:33.657555Z  INFO lingxi_service: request handled request_id=req-779ebd2ee470f42a9adb7408a5576344 method=POST path=/lingxi/v1/sessions/sess_local_alpha/execute status=200
2026-09-30T02:44:33.658232Z  INFO lingxi_service::sessions: run settled through the single finalize path run_id=run_000001a0f03310f9_0002a0 session_id="sess_local_alpha" outcome=completed.no_final.no_provider_configured input_chars=22 input_bytes=22
2026-09-30T02:44:33.658363Z  INFO lingxi_service: request handled request_id=req-8c58a63ff8d34c2a3e95a8d1f4f9a76a method=POST path=/lingxi/v1/sessions/sess_local_alpha/execute status=200
2026-09-30T02:44:33.659270Z  INFO lingxi_service::sessions: run settled through the single finalize path run_id=run_000001a0f03310fa_0002a1 session_id="sess_local_alpha" outcome=completed.no_final.no_provider_configured input_chars=22 input_bytes=22
2026-09-30T02:44:33.659400Z  INFO lingxi_service: request handled request_id=req-b62deb2c4c5137ce59c96162c7fd00ac method=POST path=/lingxi/v1/sessions/sess_local_alpha/execute status=200
2026-09-30T02:44:33.660198Z  INFO lingxi_service::sessions: run settled through the single finalize path run_id=run_000001a0f03310fb_0002a2 session_id="sess_local_alpha" outcome=completed.no_final.no_provider_configured input_chars=22 input_bytes=22
2026-09-30T02:44:33.660324Z  INFO lingxi_service: request handled request_id=req-f23586f87f710a38e0caff6425bd087f method=POST path=/lingxi/v1/sessions/sess_local_alpha/execute status=200
2026-09-30T02:44:33.661132Z  INFO lingxi_service::sessions: run settled through the single finalize path run_id=run_000001a0f03310fc_0002a3 session_id="sess_local_alpha" outcome=completed.no_final.no_provider_configured input_chars=22 input_bytes=22
2026-09-30T02:44:33.661258Z  INFO lingxi_service: request handled request_id=req-fa28e0ce101947133fece2f3c6d33b39 method=POST path=/lingxi/v1/sessions/sess_local_alpha/execute status=200
2026-09-30T02:44:33.662066Z  INFO lingxi_service::sessions: run settled through the single finalize path run_id=run_000001a0f03310fd_0002a4 session_id="sess_local_alpha" outcome=completed.no_final.no_provider_configured input_chars=22 input_bytes=22
2026-09-30T02:44:33.662197Z  INFO lingxi_service: request handled request_id=req-acb184dd28a11bbf4b7d84ad2d74c59f method=POST path=/lingxi/v1/sessions/sess_local_alpha/execute status=200
2026-09-30T02:44:33.662977Z  INFO lingxi_service::sessions: run settled through the single finalize path run_id=run_000001a0f03310fe_0002a5 session_id="sess_local_alpha" outcome=completed.no_final.no_provider_configured input_chars=22 input_bytes=22
2026-09-30T02:44:33.663103Z  INFO lingxi_service: request handled request_id=req-fecffba4af4fc399401391c4afd2ce5e method=POST path=/lingxi/v1/sessions/sess_local_alpha/execute status=200
2026-09-30T02:44:33.663886Z  INFO lingxi_service::sessions: run settled through the single finalize path run_id=run_000001a0f03310ff_0002a6 session_id="sess_local_alpha" outcome=completed.no_final.no_provider_configured input_chars=22 input_bytes=22
2026-09-30T02:44:33.664013Z  INFO lingxi_service: request handled request_id=req-06996609a6cb88b2bfed9c5418c94264 method=POST path=/lingxi/v1/sessions/sess_local_alpha/execute status=200
2026-09-30T02:44:33.664834Z  INFO lingxi_service::sessions: run settled through the single finalize path run_id=run_000001a0f0331100_0002a7 session_id="sess_local_alpha" outcome=completed.no_final.no_provider_configured input_chars=22 input_bytes=22
2026-09-30T02:44:33.664964Z  INFO lingxi_service: request handled request_id=req-7708d577ed953ca9fb4bfb9a7e81c5bf method=POST path=/lingxi/v1/sessions/sess_local_alpha/execute status=200
2026-09-30T02:44:33.665737Z  INFO lingxi_service::sessions: run settled through the single finalize path run_id=run_000001a0f0331101_0002a8 session_id="sess_local_alpha" outcome=completed.no_final.no_provider_configured input_chars=22 input_bytes=22
2026-09-30T02:44:33.665862Z  INFO lingxi_service: request handled request_id=req-02521515d6408b115b10a5071a252436 method=POST path=/lingxi/v1/sessions/sess_local_alpha/execute status=200
2026-09-30T02:44:33.666636Z  INFO lingxi_service::sessions: run settled through the single finalize path run_id=run_000001a0f0331102_0002a9 session_id="sess_local_alpha" outcome=completed.no_final.no_provider_configured input_chars=22 input_bytes=22
2026-09-30T02:44:33.666764Z  INFO lingxi_service: request handled request_id=req-e891ca5ff408b2cc708a49755cb16af6 method=POST path=/lingxi/v1/sessions/sess_local_alpha/execute status=200
2026-09-30T02:44:33.667564Z  INFO lingxi_service::sessions: run settled through the single finalize path run_id=run_000001a0f0331103_0002aa session_id="sess_local_alpha" outcome=completed.no_final.no_provider_configured input_chars=22 input_bytes=22
2026-09-30T02:44:33.667691Z  INFO lingxi_service: request handled request_id=req-c8838a513d7df201260a3dd79fa447b9 method=POST path=/lingxi/v1/sessions/sess_local_alpha/execute status=200
2026-09-30T02:44:33.668462Z  INFO lingxi_service::sessions: run settled through the single finalize path run_id=run_000001a0f0331104_0002ab session_id="sess_local_alpha" outcome=completed.no_final.no_provider_configured input_chars=22 input_bytes=22
2026-09-30T02:44:33.668589Z  INFO lingxi_service: request handled request_id=req-0a885f66ce5fb1aec66be0071e76d7dc method=POST path=/lingxi/v1/sessions/sess_local_alpha/execute status=200
2026-09-30T02:44:33.669392Z  INFO lingxi_service::sessions: run settled through the single finalize path run_id=run_000001a0f0331104_0002ac session_id="sess_local_alpha" outcome=completed.no_final.no_provider_configured input_chars=22 input_bytes=22
2026-09-30T02:44:33.669516Z  INFO lingxi_service: request handled request_id=req-39dcdb9aaaf88e532521546a08307706 method=POST path=/lingxi/v1/sessions/sess_local_alpha/execute status=200
2026-09-30T02:44:33.670247Z  INFO lingxi_service::sessions: run settled through the single finalize path run_id=run_000001a0f0331105_0002ad session_id="sess_local_alpha" outcome=completed.no_final.no_provider_configured input_chars=22 input_bytes=22
2026-09-30T02:44:33.670373Z  INFO lingxi_service: request handled request_id=req-4425e7c630defe7ffb27c8c6fefdc60f method=POST path=/lingxi/v1/sessions/sess_local_alpha/execute status=200
2026-09-30T02:44:33.671165Z  INFO lingxi_service::sessions: run settled through the single finalize path run_id=run_000001a0f0331106_0002ae session_id="sess_local_alpha" outcome=completed.no_final.no_provider_configured input_chars=22 input_bytes=22
2026-09-30T02:44:33.671290Z  INFO lingxi_service: request handled request_id=req-3f001fee74dc604b7dc85703697ac656 method=POST path=/lingxi/v1/sessions/sess_local_alpha/execute status=200
2026-09-30T02:44:33.672080Z  INFO lingxi_service::sessions: run settled through the single finalize path run_id=run_000001a0f0331107_0002af session_id="sess_local_alpha" outcome=completed.no_final.no_provider_configured input_chars=22 input_bytes=22
2026-09-30T02:44:33.672208Z  INFO lingxi_service: request handled request_id=req-13538eadab8cec48ae4164a57c687e94 method=POST path=/lingxi/v1/sessions/sess_local_alpha/execute status=200
2026-09-30T02:44:33.673070Z  INFO lingxi_service::sessions: run settled through the single finalize path run_id=run_000001a0f0331108_0002b0 session_id="sess_local_alpha" outcome=completed.no_final.no_provider_configured input_chars=22 input_bytes=22
2026-09-30T02:44:33.673194Z  INFO lingxi_service: request handled request_id=req-93ba8d77abef19d8f0a01839a5f2051e method=POST path=/lingxi/v1/sessions/sess_local_alpha/execute status=200
2026-09-30T02:44:33.675676Z  INFO lingxi_service::sessions: run settled through the single finalize path run_id=run_000001a0f033110b_0002b1 session_id="sess_local_alpha" outcome=completed.no_final.no_provider_configured input_chars=22 input_bytes=22
2026-09-30T02:44:33.675817Z  INFO lingxi_service: request handled request_id=req-6b2bd19e02cab0e6b9142b1bbc7f97db method=POST path=/lingxi/v1/sessions/sess_local_alpha/execute status=200
2026-09-30T02:44:33.676713Z  INFO lingxi_service::sessions: run settled through the single finalize path run_id=run_000001a0f033110c_0002b2 session_id="sess_local_alpha" outcome=completed.no_final.no_provider_configured input_chars=22 input_bytes=22
2026-09-30T02:44:33.676852Z  INFO lingxi_service: request handled request_id=req-e3811366688fe44ad2d05d453a45d610 method=POST path=/lingxi/v1/sessions/sess_local_alpha/execute status=200
2026-09-30T02:44:33.677709Z  INFO lingxi_service::sessions: run settled through the single finalize path run_id=run_000001a0f033110d_0002b3 session_id="sess_local_alpha" outcome=completed.no_final.no_provider_configured input_chars=22 input_bytes=22
2026-09-30T02:44:33.677846Z  INFO lingxi_service: request handled request_id=req-f55b56759358fb68ebbf4a6efa3b1058 method=POST path=/lingxi/v1/sessions/sess_local_alpha/execute status=200
2026-09-30T02:44:33.678654Z  INFO lingxi_service::sessions: run settled through the single finalize path run_id=run_000001a0f033110e_0002b4 session_id="sess_local_alpha" outcome=completed.no_final.no_provider_configured input_chars=22 input_bytes=22
2026-09-30T02:44:33.678784Z  INFO lingxi_service: request handled request_id=req-5f06d2fb510a724749a1d6b37b082393 method=POST path=/lingxi/v1/sessions/sess_local_alpha/execute status=200
2026-09-30T02:44:33.680126Z  INFO lingxi_service::sessions: run settled through the single finalize path run_id=run_000001a0f033110f_0002b5 session_id="sess_local_alpha" outcome=completed.no_final.no_provider_configured input_chars=22 input_bytes=22
2026-09-30T02:44:33.680270Z  INFO lingxi_service: request handled request_id=req-2909c7b063a9415e6a318c39065cc48f method=POST path=/lingxi/v1/sessions/sess_local_alpha/execute status=200
2026-09-30T02:44:33.681102Z  INFO lingxi_service::sessions: run settled through the single finalize path run_id=run_000001a0f0331110_0002b6 session_id="sess_local_alpha" outcome=completed.no_final.no_provider_configured input_chars=22 input_bytes=22
2026-09-30T02:44:33.681232Z  INFO lingxi_service: request handled request_id=req-58fe0d93e479c61e8cb6d72722f0482e method=POST path=/lingxi/v1/sessions/sess_local_alpha/execute status=200
2026-09-30T02:44:33.682110Z  INFO lingxi_service::sessions: run settled through the single finalize path run_id=run_000001a0f0331111_0002b7 session_id="sess_local_alpha" outcome=completed.no_final.no_provider_configured input_chars=22 input_bytes=22
2026-09-30T02:44:33.682239Z  INFO lingxi_service: request handled request_id=req-34c921d4d6ce8638e5b84cdda285cb7b method=POST path=/lingxi/v1/sessions/sess_local_alpha/execute status=200
2026-09-30T02:44:33.683009Z  INFO lingxi_service::sessions: run settled through the single finalize path run_id=run_000001a0f0331112_0002b8 session_id="sess_local_alpha" outcome=completed.no_final.no_provider_configured input_chars=22 input_bytes=22
2026-09-30T02:44:33.683138Z  INFO lingxi_service: request handled request_id=req-c50614b68e6aa3d42f5b80e90c4f2ac3 method=POST path=/lingxi/v1/sessions/sess_local_alpha/execute status=200
2026-09-30T02:44:33.683915Z  INFO lingxi_service::sessions: run settled through the single finalize path run_id=run_000001a0f0331113_0002b9 session_id="sess_local_alpha" outcome=completed.no_final.no_provider_configured input_chars=22 input_bytes=22
2026-09-30T02:44:33.684052Z  INFO lingxi_service: request handled request_id=req-90bf8d887c63378a6af7547a65868ee4 method=POST path=/lingxi/v1/sessions/sess_local_alpha/execute status=200
2026-09-30T02:44:33.684954Z  INFO lingxi_service::sessions: run settled through the single finalize path run_id=run_000001a0f0331114_0002ba session_id="sess_local_alpha" outcome=completed.no_final.no_provider_configured input_chars=22 input_bytes=22
2026-09-30T02:44:33.685090Z  INFO lingxi_service: request handled request_id=req-bbc00ef7b38dd24d4eecd2a9daab828a method=POST path=/lingxi/v1/sessions/sess_local_alpha/execute status=200
2026-09-30T02:44:33.685946Z  INFO lingxi_service::sessions: run settled through the single finalize path run_id=run_000001a0f0331115_0002bb session_id="sess_local_alpha" outcome=completed.no_final.no_provider_configured input_chars=22 input_bytes=22
2026-09-30T02:44:33.686078Z  INFO lingxi_service: request handled request_id=req-c9b28473bf3680d4977e31e6700df652 method=POST path=/lingxi/v1/sessions/sess_local_alpha/execute status=200
2026-09-30T02:44:33.686872Z  INFO lingxi_service::sessions: run settled through the single finalize path run_id=run_000001a0f0331116_0002bc session_id="sess_local_alpha" outcome=completed.no_final.no_provider_configured input_chars=22 input_bytes=22
2026-09-30T02:44:33.687001Z  INFO lingxi_service: request handled request_id=req-613f5d92aa391aef986fca9dd310f312 method=POST path=/lingxi/v1/sessions/sess_local_alpha/execute status=200
2026-09-30T02:44:33.687849Z  INFO lingxi_service::sessions: run settled through the single finalize path run_id=run_000001a0f0331117_0002bd session_id="sess_local_alpha" outcome=completed.no_final.no_provider_configured input_chars=22 input_bytes=22
2026-09-30T02:44:33.687977Z  INFO lingxi_service: request handled request_id=req-fa464d6c93019bb2b0c50b27dde78555 method=POST path=/lingxi/v1/sessions/sess_local_alpha/execute status=200
2026-09-30T02:44:33.688810Z  INFO lingxi_service::sessions: run settled through the single finalize path run_id=run_000001a0f0331118_0002be session_id="sess_local_alpha" outcome=completed.no_final.no_provider_configured input_chars=22 input_bytes=22
2026-09-30T02:44:33.688938Z  INFO lingxi_service: request handled request_id=req-bb90d80cf3383d42696bb4ca5fb3f577 method=POST path=/lingxi/v1/sessions/sess_local_alpha/execute status=200
2026-09-30T02:44:33.689699Z  INFO lingxi_service::sessions: run settled through the single finalize path run_id=run_000001a0f0331119_0002bf session_id="sess_local_alpha" outcome=completed.no_final.no_provider_configured input_chars=22 input_bytes=22
2026-09-30T02:44:33.689829Z  INFO lingxi_service: request handled request_id=req-d39473c81f1d36d4b31c169699fb5b2f method=POST path=/lingxi/v1/sessions/sess_local_alpha/execute status=200
2026-09-30T02:44:33.690593Z  INFO lingxi_service::sessions: run settled through the single finalize path run_id=run_000001a0f033111a_0002c0 session_id="sess_local_alpha" outcome=completed.no_final.no_provider_configured input_chars=22 input_bytes=22
2026-09-30T02:44:33.690723Z  INFO lingxi_service: request handled request_id=req-2e66875e24f8bb963d333c3e1891668c method=POST path=/lingxi/v1/sessions/sess_local_alpha/execute status=200
2026-09-30T02:44:33.691530Z  INFO lingxi_service::sessions: run settled through the single finalize path run_id=run_000001a0f033111b_0002c1 session_id="sess_local_alpha" outcome=completed.no_final.no_provider_configured input_chars=22 input_bytes=22
2026-09-30T02:44:33.691660Z  INFO lingxi_service: request handled request_id=req-cc835a0dc5d15e9b700506269fb471cb method=POST path=/lingxi/v1/sessions/sess_local_alpha/execute status=200
2026-09-30T02:44:33.692428Z  INFO lingxi_service::sessions: run settled through the single finalize path run_id=run_000001a0f033111c_0002c2 session_id="sess_local_alpha" outcome=completed.no_final.no_provider_configured input_chars=22 input_bytes=22
2026-09-30T02:44:33.692555Z  INFO lingxi_service: request handled request_id=req-e7cce1397454c13d93a00d994d6c2e9f method=POST path=/lingxi/v1/sessions/sess_local_alpha/execute status=200
2026-09-30T02:44:33.693314Z  INFO lingxi_service::sessions: run settled through the single finalize path run_id=run_000001a0f033111c_0002c3 session_id="sess_local_alpha" outcome=completed.no_final.no_provider_configured input_chars=22 input_bytes=22
2026-09-30T02:44:33.693442Z  INFO lingxi_service: request handled request_id=req-9c206e7742923617c0b682c25c5e6b9a method=POST path=/lingxi/v1/sessions/sess_local_alpha/execute status=200
2026-09-30T02:44:33.694215Z  INFO lingxi_service::sessions: run settled through the single finalize path run_id=run_000001a0f033111d_0002c4 session_id="sess_local_alpha" outcome=completed.no_final.no_provider_configured input_chars=22 input_bytes=22
2026-09-30T02:44:33.694342Z  INFO lingxi_service: request handled request_id=req-369d5c0cb34cac9b65fbc33ae367bab2 method=POST path=/lingxi/v1/sessions/sess_local_alpha/execute status=200
2026-09-30T02:44:33.695180Z  INFO lingxi_service::sessions: run settled through the single finalize path run_id=run_000001a0f033111e_0002c5 session_id="sess_local_alpha" outcome=completed.no_final.no_provider_configured input_chars=22 input_bytes=22
2026-09-30T02:44:33.695314Z  INFO lingxi_service: request handled request_id=req-4a6950a95734774fc35162dbbb04b7fb method=POST path=/lingxi/v1/sessions/sess_local_alpha/execute status=200
2026-09-30T02:44:33.696093Z  INFO lingxi_service::sessions: run settled through the single finalize path run_id=run_000001a0f033111f_0002c6 session_id="sess_local_alpha" outcome=completed.no_final.no_provider_configured input_chars=22 input_bytes=22
2026-09-30T02:44:33.696220Z  INFO lingxi_service: request handled request_id=req-157e136027a40c4518482a9f9ae8238d method=POST path=/lingxi/v1/sessions/sess_local_alpha/execute status=200
2026-09-30T02:44:33.696988Z  INFO lingxi_service::sessions: run settled through the single finalize path run_id=run_000001a0f0331120_0002c7 session_id="sess_local_alpha" outcome=completed.no_final.no_provider_configured input_chars=22 input_bytes=22
2026-09-30T02:44:33.697118Z  INFO lingxi_service: request handled request_id=req-689acb2050b7ff5ae3cf289f86646689 method=POST path=/lingxi/v1/sessions/sess_local_alpha/execute status=200
2026-09-30T02:44:33.697909Z  INFO lingxi_service::sessions: run settled through the single finalize path run_id=run_000001a0f0331121_0002c8 session_id="sess_local_alpha" outcome=completed.no_final.no_provider_configured input_chars=22 input_bytes=22
2026-09-30T02:44:33.698037Z  INFO lingxi_service: request handled request_id=req-42901372d4b103b169dc1b41ee3e954b method=POST path=/lingxi/v1/sessions/sess_local_alpha/execute status=200
2026-09-30T02:44:33.698859Z  INFO lingxi_service::sessions: run settled through the single finalize path run_id=run_000001a0f0331122_0002c9 session_id="sess_local_alpha" outcome=completed.no_final.no_provider_configured input_chars=22 input_bytes=22
2026-09-30T02:44:33.698990Z  INFO lingxi_service: request handled request_id=req-3e4706fad093e11ff7c5a5f83abb8d21 method=POST path=/lingxi/v1/sessions/sess_local_alpha/execute status=200
2026-09-30T02:44:33.699757Z  INFO lingxi_service::sessions: run settled through the single finalize path run_id=run_000001a0f0331123_0002ca session_id="sess_local_alpha" outcome=completed.no_final.no_provider_configured input_chars=22 input_bytes=22
2026-09-30T02:44:33.699884Z  INFO lingxi_service: request handled request_id=req-f5b6fd9bfc964bd3884c9447aa8b87c7 method=POST path=/lingxi/v1/sessions/sess_local_alpha/execute status=200
2026-09-30T02:44:33.700639Z  INFO lingxi_service::sessions: run settled through the single finalize path run_id=run_000001a0f0331124_0002cb session_id="sess_local_alpha" outcome=completed.no_final.no_provider_configured input_chars=22 input_bytes=22
2026-09-30T02:44:33.700767Z  INFO lingxi_service: request handled request_id=req-df36bbe9551f9298b890e3e1323cf7dd method=POST path=/lingxi/v1/sessions/sess_local_alpha/execute status=200
2026-09-30T02:44:33.701571Z  INFO lingxi_service::sessions: run settled through the single finalize path run_id=run_000001a0f0331125_0002cc session_id="sess_local_alpha" outcome=completed.no_final.no_provider_configured input_chars=22 input_bytes=22
2026-09-30T02:44:33.701701Z  INFO lingxi_service: request handled request_id=req-f1b6f47acc3a8d3c3dbb14065dcf3671 method=POST path=/lingxi/v1/sessions/sess_local_alpha/execute status=200
2026-09-30T02:44:33.702466Z  INFO lingxi_service::sessions: run settled through the single finalize path run_id=run_000001a0f0331126_0002cd session_id="sess_local_alpha" outcome=completed.no_final.no_provider_configured input_chars=22 input_bytes=22
2026-09-30T02:44:33.702594Z  INFO lingxi_service: request handled request_id=req-57f983e8f8a326e2c2f35ce46f1b171a method=POST path=/lingxi/v1/sessions/sess_local_alpha/execute status=200
2026-09-30T02:44:33.703353Z  INFO lingxi_service::sessions: run settled through the single finalize path run_id=run_000001a0f0331126_0002ce session_id="sess_local_alpha" outcome=completed.no_final.no_provider_configured input_chars=22 input_bytes=22
2026-09-30T02:44:33.703486Z  INFO lingxi_service: request handled request_id=req-5adaabc2e892e1c78f7cc3f0914f46fd method=POST path=/lingxi/v1/sessions/sess_local_alpha/execute status=200
2026-09-30T02:44:33.704257Z  INFO lingxi_service::sessions: run settled through the single finalize path run_id=run_000001a0f0331127_0002cf session_id="sess_local_alpha" outcome=completed.no_final.no_provider_configured input_chars=22 input_bytes=22
2026-09-30T02:44:33.704386Z  INFO lingxi_service: request handled request_id=req-78b6f2fffb5a34ee1ce231cf765b9a84 method=POST path=/lingxi/v1/sessions/sess_local_alpha/execute status=200
2026-09-30T02:44:33.705156Z  INFO lingxi_service::sessions: run settled through the single finalize path run_id=run_000001a0f0331128_0002d0 session_id="sess_local_alpha" outcome=completed.no_final.no_provider_configured input_chars=22 input_bytes=22
2026-09-30T02:44:33.705285Z  INFO lingxi_service: request handled request_id=req-8c995ff27bc04c87eb4ca2c006e2269f method=POST path=/lingxi/v1/sessions/sess_local_alpha/execute status=200
2026-09-30T02:44:33.706069Z  INFO lingxi_service::sessions: run settled through the single finalize path run_id=run_000001a0f0331129_0002d1 session_id="sess_local_alpha" outcome=completed.no_final.no_provider_configured input_chars=22 input_bytes=22
2026-09-30T02:44:33.706197Z  INFO lingxi_service: request handled request_id=req-845fccc3f8b46734dae2beef798b2e35 method=POST path=/lingxi/v1/sessions/sess_local_alpha/execute status=200
2026-09-30T02:44:33.706953Z  INFO lingxi_service::sessions: run settled through the single finalize path run_id=run_000001a0f033112a_0002d2 session_id="sess_local_alpha" outcome=completed.no_final.no_provider_configured input_chars=22 input_bytes=22
2026-09-30T02:44:33.707080Z  INFO lingxi_service: request handled request_id=req-4ff67de52d99b67d4c0bc78844ba34d6 method=POST path=/lingxi/v1/sessions/sess_local_alpha/execute status=200
2026-09-30T02:44:33.707882Z  INFO lingxi_service::sessions: run settled through the single finalize path run_id=run_000001a0f033112b_0002d3 session_id="sess_local_alpha" outcome=completed.no_final.no_provider_configured input_chars=22 input_bytes=22
2026-09-30T02:44:33.708007Z  INFO lingxi_service: request handled request_id=req-0b47383d849d1b739a6518231b4f836d method=POST path=/lingxi/v1/sessions/sess_local_alpha/execute status=200
2026-09-30T02:44:33.708791Z  INFO lingxi_service::sessions: run settled through the single finalize path run_id=run_000001a0f033112c_0002d4 session_id="sess_local_alpha" outcome=completed.no_final.no_provider_configured input_chars=22 input_bytes=22
2026-09-30T02:44:33.708917Z  INFO lingxi_service: request handled request_id=req-ecdae1b10033bfb3a71a77f49d19419c method=POST path=/lingxi/v1/sessions/sess_local_alpha/execute status=200
2026-09-30T02:44:33.709692Z  INFO lingxi_service::sessions: run settled through the single finalize path run_id=run_000001a0f033112d_0002d5 session_id="sess_local_alpha" outcome=completed.no_final.no_provider_configured input_chars=22 input_bytes=22
2026-09-30T02:44:33.709822Z  INFO lingxi_service: request handled request_id=req-fc0df0d5b12fa1a8cc7ccecba42d3e9b method=POST path=/lingxi/v1/sessions/sess_local_alpha/execute status=200
2026-09-30T02:44:33.710604Z  INFO lingxi_service::sessions: run settled through the single finalize path run_id=run_000001a0f033112e_0002d6 session_id="sess_local_alpha" outcome=completed.no_final.no_provider_configured input_chars=22 input_bytes=22
2026-09-30T02:44:33.710734Z  INFO lingxi_service: request handled request_id=req-5419ad3fff30ea9ffbab254ba3497da8 method=POST path=/lingxi/v1/sessions/sess_local_alpha/execute status=200
2026-09-30T02:44:33.711514Z  INFO lingxi_service::sessions: run settled through the single finalize path run_id=run_000001a0f033112f_0002d7 session_id="sess_local_alpha" outcome=completed.no_final.no_provider_configured input_chars=22 input_bytes=22
2026-09-30T02:44:33.711644Z  INFO lingxi_service: request handled request_id=req-ca8186f531ee3242d6e4c858d8d95054 method=POST path=/lingxi/v1/sessions/sess_local_alpha/execute status=200
2026-09-30T02:44:33.712451Z  INFO lingxi_service::sessions: run settled through the single finalize path run_id=run_000001a0f0331130_0002d8 session_id="sess_local_alpha" outcome=completed.no_final.no_provider_configured input_chars=22 input_bytes=22
2026-09-30T02:44:33.712580Z  INFO lingxi_service: request handled request_id=req-256cbe5a482297644381867e785fa50e method=POST path=/lingxi/v1/sessions/sess_local_alpha/execute status=200
2026-09-30T02:44:33.713360Z  INFO lingxi_service::sessions: run settled through the single finalize path run_id=run_000001a0f0331130_0002d9 session_id="sess_local_alpha" outcome=completed.no_final.no_provider_configured input_chars=22 input_bytes=22
2026-09-30T02:44:33.713488Z  INFO lingxi_service: request handled request_id=req-67e1493cc62044622431234158730b9d method=POST path=/lingxi/v1/sessions/sess_local_alpha/execute status=200
2026-09-30T02:44:33.714256Z  INFO lingxi_service::sessions: run settled through the single finalize path run_id=run_000001a0f0331131_0002da session_id="sess_local_alpha" outcome=completed.no_final.no_provider_configured input_chars=22 input_bytes=22
2026-09-30T02:44:33.714383Z  INFO lingxi_service: request handled request_id=req-75f3cbe6c20b8148783aeafbbf9d37ee method=POST path=/lingxi/v1/sessions/sess_local_alpha/execute status=200
2026-09-30T02:44:33.715142Z  INFO lingxi_service::sessions: run settled through the single finalize path run_id=run_000001a0f0331132_0002db session_id="sess_local_alpha" outcome=completed.no_final.no_provider_configured input_chars=22 input_bytes=22
2026-09-30T02:44:33.715268Z  INFO lingxi_service: request handled request_id=req-f3286a169c7797f0fd1870c61fd29b52 method=POST path=/lingxi/v1/sessions/sess_local_alpha/execute status=200
2026-09-30T02:44:33.716066Z  INFO lingxi_service::sessions: run settled through the single finalize path run_id=run_000001a0f0331133_0002dc session_id="sess_local_alpha" outcome=completed.no_final.no_provider_configured input_chars=22 input_bytes=22
2026-09-30T02:44:33.716197Z  INFO lingxi_service: request handled request_id=req-67a82ba0e4121557d41afe056aa93e1c method=POST path=/lingxi/v1/sessions/sess_local_alpha/execute status=200
2026-09-30T02:44:33.716957Z  INFO lingxi_service::sessions: run settled through the single finalize path run_id=run_000001a0f0331134_0002dd session_id="sess_local_alpha" outcome=completed.no_final.no_provider_configured input_chars=22 input_bytes=22
2026-09-30T02:44:33.717085Z  INFO lingxi_service: request handled request_id=req-5e015488c064ee804b8c07f9494924d5 method=POST path=/lingxi/v1/sessions/sess_local_alpha/execute status=200
2026-09-30T02:44:33.717881Z  INFO lingxi_service::sessions: run settled through the single finalize path run_id=run_000001a0f0331135_0002de session_id="sess_local_alpha" outcome=completed.no_final.no_provider_configured input_chars=22 input_bytes=22
2026-09-30T02:44:33.718009Z  INFO lingxi_service: request handled request_id=req-ad8f8d47c7ba3c4b880c66c367c5d323 method=POST path=/lingxi/v1/sessions/sess_local_alpha/execute status=200
2026-09-30T02:44:33.718730Z  INFO lingxi_service::sessions: run settled through the single finalize path run_id=run_000001a0f0331136_0002df session_id="sess_local_alpha" outcome=completed.no_final.no_provider_configured input_chars=22 input_bytes=22
2026-09-30T02:44:33.718859Z  INFO lingxi_service: request handled request_id=req-bc362b7159560e254f40cfb0b8f090b2 method=POST path=/lingxi/v1/sessions/sess_local_alpha/execute status=200
2026-09-30T02:44:33.719608Z  INFO lingxi_service::sessions: run settled through the single finalize path run_id=run_000001a0f0331137_0002e0 session_id="sess_local_alpha" outcome=completed.no_final.no_provider_configured input_chars=22 input_bytes=22
2026-09-30T02:44:33.719737Z  INFO lingxi_service: request handled request_id=req-e85b3d5b4651f1b238ba6ba1f082b2da method=POST path=/lingxi/v1/sessions/sess_local_alpha/execute status=200
2026-09-30T02:44:33.720531Z  INFO lingxi_service::sessions: run settled through the single finalize path run_id=run_000001a0f0331138_0002e1 session_id="sess_local_alpha" outcome=completed.no_final.no_provider_configured input_chars=22 input_bytes=22
2026-09-30T02:44:33.720667Z  INFO lingxi_service: request handled request_id=req-e3eea07b8ebbd57fe81cac50beda3771 method=POST path=/lingxi/v1/sessions/sess_local_alpha/execute status=200
2026-09-30T02:44:33.721417Z  INFO lingxi_service::sessions: run settled through the single finalize path run_id=run_000001a0f0331139_0002e2 session_id="sess_local_alpha" outcome=completed.no_final.no_provider_configured input_chars=22 input_bytes=22
2026-09-30T02:44:33.721543Z  INFO lingxi_service: request handled request_id=req-e4d36d022e33d65f2dc7d1b2956ea160 method=POST path=/lingxi/v1/sessions/sess_local_alpha/execute status=200
2026-09-30T02:44:33.722323Z  INFO lingxi_service::sessions: run settled through the single finalize path run_id=run_000001a0f0331139_0002e3 session_id="sess_local_alpha" outcome=completed.no_final.no_provider_configured input_chars=22 input_bytes=22
2026-09-30T02:44:33.722456Z  INFO lingxi_service: request handled request_id=req-77d31247ea03f5d7673529d11c17dc7d method=POST path=/lingxi/v1/sessions/sess_local_alpha/execute status=200
2026-09-30T02:44:33.723281Z  INFO lingxi_service::sessions: run settled through the single finalize path run_id=run_000001a0f033113a_0002e4 session_id="sess_local_alpha" outcome=completed.no_final.no_provider_configured input_chars=22 input_bytes=22
2026-09-30T02:44:33.723411Z  INFO lingxi_service: request handled request_id=req-08abc05244a9a7ce70c55ffcfea244d9 method=POST path=/lingxi/v1/sessions/sess_local_alpha/execute status=200
2026-09-30T02:44:33.724164Z  INFO lingxi_service::sessions: run settled through the single finalize path run_id=run_000001a0f033113b_0002e5 session_id="sess_local_alpha" outcome=completed.no_final.no_provider_configured input_chars=22 input_bytes=22
2026-09-30T02:44:33.724292Z  INFO lingxi_service: request handled request_id=req-f9e9ad6e4d794607f7b493b661eaa4ad method=POST path=/lingxi/v1/sessions/sess_local_alpha/execute status=200
2026-09-30T02:44:33.725049Z  INFO lingxi_service::sessions: run settled through the single finalize path run_id=run_000001a0f033113c_0002e6 session_id="sess_local_alpha" outcome=completed.no_final.no_provider_configured input_chars=22 input_bytes=22
2026-09-30T02:44:33.725176Z  INFO lingxi_service: request handled request_id=req-15bff260d29b9f7822d301e00f8de2d1 method=POST path=/lingxi/v1/sessions/sess_local_alpha/execute status=200
2026-09-30T02:44:33.726386Z  INFO lingxi_service::sessions: run settled through the single finalize path run_id=run_000001a0f033113d_0002e7 session_id="sess_local_alpha" outcome=completed.no_final.no_provider_configured input_chars=22 input_bytes=22
2026-09-30T02:44:33.726517Z  INFO lingxi_service: request handled request_id=req-26b6d0d1297815bc553fa5479c54e20d method=POST path=/lingxi/v1/sessions/sess_local_alpha/execute status=200
2026-09-30T02:44:33.727346Z  INFO lingxi_service::sessions: run settled through the single finalize path run_id=run_000001a0f033113e_0002e8 session_id="sess_local_alpha" outcome=completed.no_final.no_provider_configured input_chars=22 input_bytes=22
2026-09-30T02:44:33.727477Z  INFO lingxi_service: request handled request_id=req-dac13adf9b0746cf2e3b39e29fb7e21a method=POST path=/lingxi/v1/sessions/sess_local_alpha/execute status=200
2026-09-30T02:44:33.728288Z  INFO lingxi_service::sessions: run settled through the single finalize path run_id=run_000001a0f033113f_0002e9 session_id="sess_local_alpha" outcome=completed.no_final.no_provider_configured input_chars=22 input_bytes=22
2026-09-30T02:44:33.728417Z  INFO lingxi_service: request handled request_id=req-b745c26d6d13465357d6ed84591e7fad method=POST path=/lingxi/v1/sessions/sess_local_alpha/execute status=200
2026-09-30T02:44:33.729174Z  INFO lingxi_service::sessions: run settled through the single finalize path run_id=run_000001a0f0331140_0002ea session_id="sess_local_alpha" outcome=completed.no_final.no_provider_configured input_chars=22 input_bytes=22
2026-09-30T02:44:33.729308Z  INFO lingxi_service: request handled request_id=req-5961226a0bcaa8178029859ed615eaaa method=POST path=/lingxi/v1/sessions/sess_local_alpha/execute status=200
2026-09-30T02:44:33.730101Z  INFO lingxi_service::sessions: run settled through the single finalize path run_id=run_000001a0f0331141_0002eb session_id="sess_local_alpha" outcome=completed.no_final.no_provider_configured input_chars=22 input_bytes=22
2026-09-30T02:44:33.730233Z  INFO lingxi_service: request handled request_id=req-76c26f7ae5ec3fbaa31410886ca65415 method=POST path=/lingxi/v1/sessions/sess_local_alpha/execute status=200
2026-09-30T02:44:33.730985Z  INFO lingxi_service::sessions: run settled through the single finalize path run_id=run_000001a0f0331142_0002ec session_id="sess_local_alpha" outcome=completed.no_final.no_provider_configured input_chars=22 input_bytes=22
2026-09-30T02:44:33.731115Z  INFO lingxi_service: request handled request_id=req-75401aff6671073b2160ea528e9ffdb8 method=POST path=/lingxi/v1/sessions/sess_local_alpha/execute status=200
2026-09-30T02:44:33.731860Z  INFO lingxi_service::sessions: run settled through the single finalize path run_id=run_000001a0f0331143_0002ed session_id="sess_local_alpha" outcome=completed.no_final.no_provider_configured input_chars=22 input_bytes=22
2026-09-30T02:44:33.731989Z  INFO lingxi_service: request handled request_id=req-e98d63e44cd68b4fab2e1070e5afde93 method=POST path=/lingxi/v1/sessions/sess_local_alpha/execute status=200
2026-09-30T02:44:33.732795Z  INFO lingxi_service::sessions: run settled through the single finalize path run_id=run_000001a0f0331144_0002ee session_id="sess_local_alpha" outcome=completed.no_final.no_provider_configured input_chars=22 input_bytes=22
2026-09-30T02:44:33.732923Z  INFO lingxi_service: request handled request_id=req-52779c40df5e035488ab6de34f4bfd40 method=POST path=/lingxi/v1/sessions/sess_local_alpha/execute status=200
2026-09-30T02:44:33.733688Z  INFO lingxi_service::sessions: run settled through the single finalize path run_id=run_000001a0f0331145_0002ef session_id="sess_local_alpha" outcome=completed.no_final.no_provider_configured input_chars=22 input_bytes=22
2026-09-30T02:44:33.733821Z  INFO lingxi_service: request handled request_id=req-75bc5f86b6c88a5ef091864e13dffd38 method=POST path=/lingxi/v1/sessions/sess_local_alpha/execute status=200
2026-09-30T02:44:33.734596Z  INFO lingxi_service::sessions: run settled through the single finalize path run_id=run_000001a0f0331146_0002f0 session_id="sess_local_alpha" outcome=completed.no_final.no_provider_configured input_chars=22 input_bytes=22
2026-09-30T02:44:33.734729Z  INFO lingxi_service: request handled request_id=req-7ca0e2fd1785f9a79181689ee3085844 method=POST path=/lingxi/v1/sessions/sess_local_alpha/execute status=200
2026-09-30T02:44:33.735502Z  INFO lingxi_service::sessions: run settled through the single finalize path run_id=run_000001a0f0331147_0002f1 session_id="sess_local_alpha" outcome=completed.no_final.no_provider_configured input_chars=22 input_bytes=22
2026-09-30T02:44:33.735631Z  INFO lingxi_service: request handled request_id=req-12439803d8760558ec238928fd993954 method=POST path=/lingxi/v1/sessions/sess_local_alpha/execute status=200
2026-09-30T02:44:33.736371Z  INFO lingxi_service::sessions: run settled through the single finalize path run_id=run_000001a0f0331147_0002f2 session_id="sess_local_alpha" outcome=completed.no_final.no_provider_configured input_chars=22 input_bytes=22
2026-09-30T02:44:33.736499Z  INFO lingxi_service: request handled request_id=req-91276e27ac96f489d10f074cdce34092 method=POST path=/lingxi/v1/sessions/sess_local_alpha/execute status=200
2026-09-30T02:44:33.737304Z  INFO lingxi_service::sessions: run settled through the single finalize path run_id=run_000001a0f0331148_0002f3 session_id="sess_local_alpha" outcome=completed.no_final.no_provider_configured input_chars=22 input_bytes=22
2026-09-30T02:44:33.737434Z  INFO lingxi_service: request handled request_id=req-d3c5cdc37a1ea48b780f1c29998bc585 method=POST path=/lingxi/v1/sessions/sess_local_alpha/execute status=200
2026-09-30T02:44:33.738190Z  INFO lingxi_service::sessions: run settled through the single finalize path run_id=run_000001a0f0331149_0002f4 session_id="sess_local_alpha" outcome=completed.no_final.no_provider_configured input_chars=22 input_bytes=22
2026-09-30T02:44:33.738320Z  INFO lingxi_service: request handled request_id=req-c5241f47a63c0ceaa0fb0131cc632b55 method=POST path=/lingxi/v1/sessions/sess_local_alpha/execute status=200
2026-09-30T02:44:33.739066Z  INFO lingxi_service::sessions: run settled through the single finalize path run_id=run_000001a0f033114a_0002f5 session_id="sess_local_alpha" outcome=completed.no_final.no_provider_configured input_chars=22 input_bytes=22
2026-09-30T02:44:33.739195Z  INFO lingxi_service: request handled request_id=req-4d816f881e091d77de50b268a5a3269c method=POST path=/lingxi/v1/sessions/sess_local_alpha/execute status=200
2026-09-30T02:44:33.740013Z  INFO lingxi_service::sessions: run settled through the single finalize path run_id=run_000001a0f033114b_0002f6 session_id="sess_local_alpha" outcome=completed.no_final.no_provider_configured input_chars=22 input_bytes=22
2026-09-30T02:44:33.740141Z  INFO lingxi_service: request handled request_id=req-b7637a4c2baff2111e790ec280cf4e7a method=POST path=/lingxi/v1/sessions/sess_local_alpha/execute status=200
2026-09-30T02:44:33.740890Z  INFO lingxi_service::sessions: run settled through the single finalize path run_id=run_000001a0f033114c_0002f7 session_id="sess_local_alpha" outcome=completed.no_final.no_provider_configured input_chars=22 input_bytes=22
2026-09-30T02:44:33.741018Z  INFO lingxi_service: request handled request_id=req-2a05f9c43612951e2ea194a6092cd056 method=POST path=/lingxi/v1/sessions/sess_local_alpha/execute status=200
2026-09-30T02:44:33.741763Z  INFO lingxi_service::sessions: run settled through the single finalize path run_id=run_000001a0f033114d_0002f8 session_id="sess_local_alpha" outcome=completed.no_final.no_provider_configured input_chars=22 input_bytes=22
2026-09-30T02:44:33.741889Z  INFO lingxi_service: request handled request_id=req-beb862b689e0956edf64ba7ae7856c70 method=POST path=/lingxi/v1/sessions/sess_local_alpha/execute status=200
2026-09-30T02:44:33.742649Z  INFO lingxi_service::sessions: run settled through the single finalize path run_id=run_000001a0f033114e_0002f9 session_id="sess_local_alpha" outcome=completed.no_final.no_provider_configured input_chars=22 input_bytes=22
2026-09-30T02:44:33.742782Z  INFO lingxi_service: request handled request_id=req-ce411d2a5c4c6c7f34db12e043833fb6 method=POST path=/lingxi/v1/sessions/sess_local_alpha/execute status=200
2026-09-30T02:44:33.743576Z  INFO lingxi_service::sessions: run settled through the single finalize path run_id=run_000001a0f033114f_0002fa session_id="sess_local_alpha" outcome=completed.no_final.no_provider_configured input_chars=22 input_bytes=22
2026-09-30T02:44:33.743703Z  INFO lingxi_service: request handled request_id=req-00510a2f19cdb106f3b4fd8ee536d25a method=POST path=/lingxi/v1/sessions/sess_local_alpha/execute status=200
2026-09-30T02:44:33.744448Z  INFO lingxi_service::sessions: run settled through the single finalize path run_id=run_000001a0f0331150_0002fb session_id="sess_local_alpha" outcome=completed.no_final.no_provider_configured input_chars=22 input_bytes=22
2026-09-30T02:44:33.744579Z  INFO lingxi_service: request handled request_id=req-a97970f01429f62565b15c89339f7190 method=POST path=/lingxi/v1/sessions/sess_local_alpha/execute status=200
2026-09-30T02:44:33.745397Z  INFO lingxi_service::sessions: run settled through the single finalize path run_id=run_000001a0f0331150_0002fc session_id="sess_local_alpha" outcome=completed.no_final.no_provider_configured input_chars=22 input_bytes=22
2026-09-30T02:44:33.745525Z  INFO lingxi_service: request handled request_id=req-34b3df1ab1795895714974ed02bfe339 method=POST path=/lingxi/v1/sessions/sess_local_alpha/execute status=200
2026-09-30T02:44:33.746270Z  INFO lingxi_service::sessions: run settled through the single finalize path run_id=run_000001a0f0331151_0002fd session_id="sess_local_alpha" outcome=completed.no_final.no_provider_configured input_chars=22 input_bytes=22
2026-09-30T02:44:33.746397Z  INFO lingxi_service: request handled request_id=req-1ba2c19657acdfcddc999a2a6366170d method=POST path=/lingxi/v1/sessions/sess_local_alpha/execute status=200
2026-09-30T02:44:33.747181Z  INFO lingxi_service::sessions: run settled through the single finalize path run_id=run_000001a0f0331152_0002fe session_id="sess_local_alpha" outcome=completed.no_final.no_provider_configured input_chars=22 input_bytes=22
2026-09-30T02:44:33.747314Z  INFO lingxi_service: request handled request_id=req-1cff0e40d87454e5ecf506b76deb7331 method=POST path=/lingxi/v1/sessions/sess_local_alpha/execute status=200
2026-09-30T02:44:33.748110Z  INFO lingxi_service::sessions: run settled through the single finalize path run_id=run_000001a0f0331153_0002ff session_id="sess_local_alpha" outcome=completed.no_final.no_provider_configured input_chars=22 input_bytes=22
2026-09-30T02:44:33.748238Z  INFO lingxi_service: request handled request_id=req-4f513dc0cb1407ad90cfc891edfc16f9 method=POST path=/lingxi/v1/sessions/sess_local_alpha/execute status=200
2026-09-30T02:44:33.749135Z  INFO lingxi_service::sessions: run settled through the single finalize path run_id=run_000001a0f0331154_000300 session_id="sess_local_alpha" outcome=completed.no_final.no_provider_configured input_chars=22 input_bytes=22
2026-09-30T02:44:33.749263Z  INFO lingxi_service: request handled request_id=req-90e456b2387e471830ba6e76b84e5308 method=POST path=/lingxi/v1/sessions/sess_local_alpha/execute status=200
2026-09-30T02:44:33.750088Z  INFO lingxi_service::sessions: run settled through the single finalize path run_id=run_000001a0f0331155_000301 session_id="sess_local_alpha" outcome=completed.no_final.no_provider_configured input_chars=22 input_bytes=22
2026-09-30T02:44:33.750218Z  INFO lingxi_service: request handled request_id=req-ebea97a63b877417dafb9447116f9b88 method=POST path=/lingxi/v1/sessions/sess_local_alpha/execute status=200
2026-09-30T02:44:33.750966Z  INFO lingxi_service::sessions: run settled through the single finalize path run_id=run_000001a0f0331156_000302 session_id="sess_local_alpha" outcome=completed.no_final.no_provider_configured input_chars=22 input_bytes=22
2026-09-30T02:44:33.751096Z  INFO lingxi_service: request handled request_id=req-ed4828b09a38ca2ba5631c7859b8792f method=POST path=/lingxi/v1/sessions/sess_local_alpha/execute status=200
2026-09-30T02:44:33.751861Z  INFO lingxi_service::sessions: run settled through the single finalize path run_id=run_000001a0f0331157_000303 session_id="sess_local_alpha" outcome=completed.no_final.no_provider_configured input_chars=22 input_bytes=22
2026-09-30T02:44:33.751991Z  INFO lingxi_service: request handled request_id=req-c0eacbb8958f6def37680f8bb8e99a60 method=POST path=/lingxi/v1/sessions/sess_local_alpha/execute status=200
2026-09-30T02:44:33.752730Z  INFO lingxi_service::sessions: run settled through the single finalize path run_id=run_000001a0f0331158_000304 session_id="sess_local_alpha" outcome=completed.no_final.no_provider_configured input_chars=22 input_bytes=22
2026-09-30T02:44:33.752858Z  INFO lingxi_service: request handled request_id=req-91834f24579c40db6a9d98420e3c8800 method=POST path=/lingxi/v1/sessions/sess_local_alpha/execute status=200
2026-09-30T02:44:33.753634Z  INFO lingxi_service::sessions: run settled through the single finalize path run_id=run_000001a0f0331159_000305 session_id="sess_local_alpha" outcome=completed.no_final.no_provider_configured input_chars=22 input_bytes=22
2026-09-30T02:44:33.753764Z  INFO lingxi_service: request handled request_id=req-7f293460eddf4fc3d450313cc3bcdaf9 method=POST path=/lingxi/v1/sessions/sess_local_alpha/execute status=200
2026-09-30T02:44:33.754547Z  INFO lingxi_service::sessions: run settled through the single finalize path run_id=run_000001a0f033115a_000306 session_id="sess_local_alpha" outcome=completed.no_final.no_provider_configured input_chars=22 input_bytes=22
2026-09-30T02:44:33.754678Z  INFO lingxi_service: request handled request_id=req-1478ae92fb227fec666e1a7a62086582 method=POST path=/lingxi/v1/sessions/sess_local_alpha/execute status=200
2026-09-30T02:44:33.755439Z  INFO lingxi_service::sessions: run settled through the single finalize path run_id=run_000001a0f033115b_000307 session_id="sess_local_alpha" outcome=completed.no_final.no_provider_configured input_chars=22 input_bytes=22
2026-09-30T02:44:33.755570Z  INFO lingxi_service: request handled request_id=req-7fc07b1a6db334c588ea3581b811b016 method=POST path=/lingxi/v1/sessions/sess_local_alpha/execute status=200
2026-09-30T02:44:33.756340Z  INFO lingxi_service::sessions: run settled through the single finalize path run_id=run_000001a0f033115b_000308 session_id="sess_local_alpha" outcome=completed.no_final.no_provider_configured input_chars=22 input_bytes=22
2026-09-30T02:44:33.756471Z  INFO lingxi_service: request handled request_id=req-b663991f703b43c9c9e85080381d9803 method=POST path=/lingxi/v1/sessions/sess_local_alpha/execute status=200
2026-09-30T02:44:33.757269Z  INFO lingxi_service::sessions: run settled through the single finalize path run_id=run_000001a0f033115c_000309 session_id="sess_local_alpha" outcome=completed.no_final.no_provider_configured input_chars=22 input_bytes=22
2026-09-30T02:44:33.757398Z  INFO lingxi_service: request handled request_id=req-68e594020aa79dc483d99a5fefbfeabd method=POST path=/lingxi/v1/sessions/sess_local_alpha/execute status=200
2026-09-30T02:44:33.758130Z  INFO lingxi_service::sessions: run settled through the single finalize path run_id=run_000001a0f033115d_00030a session_id="sess_local_alpha" outcome=completed.no_final.no_provider_configured input_chars=22 input_bytes=22
2026-09-30T02:44:33.758260Z  INFO lingxi_service: request handled request_id=req-86fbee940d87675d3026af84a608be73 method=POST path=/lingxi/v1/sessions/sess_local_alpha/execute status=200
2026-09-30T02:44:33.759007Z  INFO lingxi_service::sessions: run settled through the single finalize path run_id=run_000001a0f033115e_00030b session_id="sess_local_alpha" outcome=completed.no_final.no_provider_configured input_chars=22 input_bytes=22
2026-09-30T02:44:33.759136Z  INFO lingxi_service: request handled request_id=req-5c046047ec90231059f05cf9a3f7be12 method=POST path=/lingxi/v1/sessions/sess_local_alpha/execute status=200
2026-09-30T02:44:33.759879Z  INFO lingxi_service::sessions: run settled through the single finalize path run_id=run_000001a0f033115f_00030c session_id="sess_local_alpha" outcome=completed.no_final.no_provider_configured input_chars=22 input_bytes=22
2026-09-30T02:44:33.760009Z  INFO lingxi_service: request handled request_id=req-1e7f7e58e7b2779d1c4d11dd55f12ef8 method=POST path=/lingxi/v1/sessions/sess_local_alpha/execute status=200
2026-09-30T02:44:33.760737Z  INFO lingxi_service::sessions: run settled through the single finalize path run_id=run_000001a0f0331160_00030d session_id="sess_local_alpha" outcome=completed.no_final.no_provider_configured input_chars=22 input_bytes=22
2026-09-30T02:44:33.760865Z  INFO lingxi_service: request handled request_id=req-6eaff2a91e634e6d824fc73ced5369e9 method=POST path=/lingxi/v1/sessions/sess_local_alpha/execute status=200
2026-09-30T02:44:33.761645Z  INFO lingxi_service::sessions: run settled through the single finalize path run_id=run_000001a0f0331161_00030e session_id="sess_local_alpha" outcome=completed.no_final.no_provider_configured input_chars=22 input_bytes=22
2026-09-30T02:44:33.761773Z  INFO lingxi_service: request handled request_id=req-d8058a4a1737350a0cc975c67c435269 method=POST path=/lingxi/v1/sessions/sess_local_alpha/execute status=200
2026-09-30T02:44:33.762570Z  INFO lingxi_service::sessions: run settled through the single finalize path run_id=run_000001a0f0331162_00030f session_id="sess_local_alpha" outcome=completed.no_final.no_provider_configured input_chars=22 input_bytes=22
2026-09-30T02:44:33.762696Z  INFO lingxi_service: request handled request_id=req-f50b906830d222ed28a7e67c4ac93873 method=POST path=/lingxi/v1/sessions/sess_local_alpha/execute status=200
2026-09-30T02:44:33.763478Z  INFO lingxi_service::sessions: run settled through the single finalize path run_id=run_000001a0f0331163_000310 session_id="sess_local_alpha" outcome=completed.no_final.no_provider_configured input_chars=22 input_bytes=22
2026-09-30T02:44:33.763605Z  INFO lingxi_service: request handled request_id=req-bb2960c84a427a1588ae2ed599ed7e92 method=POST path=/lingxi/v1/sessions/sess_local_alpha/execute status=200
2026-09-30T02:44:33.764399Z  INFO lingxi_service::sessions: run settled through the single finalize path run_id=run_000001a0f0331163_000311 session_id="sess_local_alpha" outcome=completed.no_final.no_provider_configured input_chars=22 input_bytes=22
2026-09-30T02:44:33.764533Z  INFO lingxi_service: request handled request_id=req-6471020f1b79d0b3c8e6b32cf96916ae method=POST path=/lingxi/v1/sessions/sess_local_alpha/execute status=200
2026-09-30T02:44:33.765329Z  INFO lingxi_service::sessions: run settled through the single finalize path run_id=run_000001a0f0331164_000312 session_id="sess_local_alpha" outcome=completed.no_final.no_provider_configured input_chars=22 input_bytes=22
2026-09-30T02:44:33.765464Z  INFO lingxi_service: request handled request_id=req-a3c229828e411bb0eac7e14dfa97b068 method=POST path=/lingxi/v1/sessions/sess_local_alpha/execute status=200
2026-09-30T02:44:33.766212Z  INFO lingxi_service::sessions: run settled through the single finalize path run_id=run_000001a0f0331165_000313 session_id="sess_local_alpha" outcome=completed.no_final.no_provider_configured input_chars=22 input_bytes=22
2026-09-30T02:44:33.766342Z  INFO lingxi_service: request handled request_id=req-5560b05dc8da35d914c66884da399c3e method=POST path=/lingxi/v1/sessions/sess_local_alpha/execute status=200
2026-09-30T02:44:33.767123Z  INFO lingxi_service::sessions: run settled through the single finalize path run_id=run_000001a0f0331166_000314 session_id="sess_local_alpha" outcome=completed.no_final.no_provider_configured input_chars=22 input_bytes=22
2026-09-30T02:44:33.767254Z  INFO lingxi_service: request handled request_id=req-726c439c684e9e48cd07a2da27af593c method=POST path=/lingxi/v1/sessions/sess_local_alpha/execute status=200
2026-09-30T02:44:33.768036Z  INFO lingxi_service::sessions: run settled through the single finalize path run_id=run_000001a0f0331167_000315 session_id="sess_local_alpha" outcome=completed.no_final.no_provider_configured input_chars=22 input_bytes=22
2026-09-30T02:44:33.768166Z  INFO lingxi_service: request handled request_id=req-31b2631cc5d910104791980be6436ffe method=POST path=/lingxi/v1/sessions/sess_local_alpha/execute status=200
2026-09-30T02:44:33.768903Z  INFO lingxi_service::sessions: run settled through the single finalize path run_id=run_000001a0f0331168_000316 session_id="sess_local_alpha" outcome=completed.no_final.no_provider_configured input_chars=22 input_bytes=22
2026-09-30T02:44:33.769033Z  INFO lingxi_service: request handled request_id=req-2859861ce80dc86c9a4166e3456c1440 method=POST path=/lingxi/v1/sessions/sess_local_alpha/execute status=200
2026-09-30T02:44:33.769793Z  INFO lingxi_service::sessions: run settled through the single finalize path run_id=run_000001a0f0331169_000317 session_id="sess_local_alpha" outcome=completed.no_final.no_provider_configured input_chars=22 input_bytes=22
2026-09-30T02:44:33.769924Z  INFO lingxi_service: request handled request_id=req-8be156a678d9ea52743981e898dc7e43 method=POST path=/lingxi/v1/sessions/sess_local_alpha/execute status=200
2026-09-30T02:44:33.771214Z  INFO lingxi_service::sessions: run settled through the single finalize path run_id=run_000001a0f033116a_000318 session_id="sess_local_alpha" outcome=completed.no_final.no_provider_configured input_chars=22 input_bytes=22
2026-09-30T02:44:33.771344Z  INFO lingxi_service: request handled request_id=req-e461617d1920499141edb6733e230531 method=POST path=/lingxi/v1/sessions/sess_local_alpha/execute status=200
2026-09-30T02:44:33.772112Z  INFO lingxi_service::sessions: run settled through the single finalize path run_id=run_000001a0f033116b_000319 session_id="sess_local_alpha" outcome=completed.no_final.no_provider_configured input_chars=22 input_bytes=22
2026-09-30T02:44:33.772245Z  INFO lingxi_service: request handled request_id=req-acbda3a623aa3fc58cfc51174149da75 method=POST path=/lingxi/v1/sessions/sess_local_alpha/execute status=200
2026-09-30T02:44:33.773059Z  INFO lingxi_service::sessions: run settled through the single finalize path run_id=run_000001a0f033116c_00031a session_id="sess_local_alpha" outcome=completed.no_final.no_provider_configured input_chars=22 input_bytes=22
2026-09-30T02:44:33.773191Z  INFO lingxi_service: request handled request_id=req-33fba8373316651a412ec9f70d4bf4ab method=POST path=/lingxi/v1/sessions/sess_local_alpha/execute status=200
2026-09-30T02:44:33.773938Z  INFO lingxi_service::sessions: run settled through the single finalize path run_id=run_000001a0f033116d_00031b session_id="sess_local_alpha" outcome=completed.no_final.no_provider_configured input_chars=22 input_bytes=22
2026-09-30T02:44:33.774068Z  INFO lingxi_service: request handled request_id=req-78c4b604123d76b91106dcce66133c12 method=POST path=/lingxi/v1/sessions/sess_local_alpha/execute status=200
2026-09-30T02:44:33.774896Z  INFO lingxi_service::sessions: run settled through the single finalize path run_id=run_000001a0f033116e_00031c session_id="sess_local_alpha" outcome=completed.no_final.no_provider_configured input_chars=22 input_bytes=22
2026-09-30T02:44:33.775028Z  INFO lingxi_service: request handled request_id=req-95d42eb186dec9740a7e36f4734812ea method=POST path=/lingxi/v1/sessions/sess_local_alpha/execute status=200
2026-09-30T02:44:33.775789Z  INFO lingxi_service::sessions: run settled through the single finalize path run_id=run_000001a0f033116f_00031d session_id="sess_local_alpha" outcome=completed.no_final.no_provider_configured input_chars=22 input_bytes=22
2026-09-30T02:44:33.775919Z  INFO lingxi_service: request handled request_id=req-9278904f6f8e53cd38f802d52a9e56ae method=POST path=/lingxi/v1/sessions/sess_local_alpha/execute status=200
2026-09-30T02:44:33.776656Z  INFO lingxi_service::sessions: run settled through the single finalize path run_id=run_000001a0f0331170_00031e session_id="sess_local_alpha" outcome=completed.no_final.no_provider_configured input_chars=22 input_bytes=22
2026-09-30T02:44:33.776786Z  INFO lingxi_service: request handled request_id=req-24b589fcab339e3105d9847a56f88cc2 method=POST path=/lingxi/v1/sessions/sess_local_alpha/execute status=200
2026-09-30T02:44:33.777537Z  INFO lingxi_service::sessions: run settled through the single finalize path run_id=run_000001a0f0331171_00031f session_id="sess_local_alpha" outcome=completed.no_final.no_provider_configured input_chars=22 input_bytes=22
2026-09-30T02:44:33.777667Z  INFO lingxi_service: request handled request_id=req-995c46b68ed333496b6293ad6aabddf6 method=POST path=/lingxi/v1/sessions/sess_local_alpha/execute status=200
2026-09-30T02:44:33.778407Z  INFO lingxi_service::sessions: run settled through the single finalize path run_id=run_000001a0f0331172_000320 session_id="sess_local_alpha" outcome=completed.no_final.no_provider_configured input_chars=22 input_bytes=22
2026-09-30T02:44:33.778538Z  INFO lingxi_service: request handled request_id=req-fe270aff577fc8d2317cffaaa0d21831 method=POST path=/lingxi/v1/sessions/sess_local_alpha/execute status=200
2026-09-30T02:44:33.779331Z  INFO lingxi_service::sessions: run settled through the single finalize path run_id=run_000001a0f0331172_000321 session_id="sess_local_alpha" outcome=completed.no_final.no_provider_configured input_chars=22 input_bytes=22
2026-09-30T02:44:33.779460Z  INFO lingxi_service: request handled request_id=req-665fc6b171f76f3023c4c291291a4fea method=POST path=/lingxi/v1/sessions/sess_local_alpha/execute status=200
2026-09-30T02:44:33.780236Z  INFO lingxi_service::sessions: run settled through the single finalize path run_id=run_000001a0f0331173_000322 session_id="sess_local_alpha" outcome=completed.no_final.no_provider_configured input_chars=22 input_bytes=22
2026-09-30T02:44:33.780368Z  INFO lingxi_service: request handled request_id=req-ee9f43dd2f07a155a6c78c4654d75caf method=POST path=/lingxi/v1/sessions/sess_local_alpha/execute status=200
2026-09-30T02:44:33.781106Z  INFO lingxi_service::sessions: run settled through the single finalize path run_id=run_000001a0f0331174_000323 session_id="sess_local_alpha" outcome=completed.no_final.no_provider_configured input_chars=22 input_bytes=22
2026-09-30T02:44:33.781237Z  INFO lingxi_service: request handled request_id=req-81a20aa2b796c968f1d2ceb60eda6f00 method=POST path=/lingxi/v1/sessions/sess_local_alpha/execute status=200
2026-09-30T02:44:33.782018Z  INFO lingxi_service::sessions: run settled through the single finalize path run_id=run_000001a0f0331175_000324 session_id="sess_local_alpha" outcome=completed.no_final.no_provider_configured input_chars=22 input_bytes=22
2026-09-30T02:44:33.782148Z  INFO lingxi_service: request handled request_id=req-8dcff339f885d20144693f91f7c1dfb6 method=POST path=/lingxi/v1/sessions/sess_local_alpha/execute status=200
2026-09-30T02:44:33.782899Z  INFO lingxi_service::sessions: run settled through the single finalize path run_id=run_000001a0f0331176_000325 session_id="sess_local_alpha" outcome=completed.no_final.no_provider_configured input_chars=22 input_bytes=22
2026-09-30T02:44:33.783028Z  INFO lingxi_service: request handled request_id=req-21577a6fba9c6416736e4eb68d9e8abc method=POST path=/lingxi/v1/sessions/sess_local_alpha/execute status=200
2026-09-30T02:44:33.783783Z  INFO lingxi_service::sessions: run settled through the single finalize path run_id=run_000001a0f0331177_000326 session_id="sess_local_alpha" outcome=completed.no_final.no_provider_configured input_chars=22 input_bytes=22
2026-09-30T02:44:33.783914Z  INFO lingxi_service: request handled request_id=req-e4bce851fe409eb241c2661c8c037278 method=POST path=/lingxi/v1/sessions/sess_local_alpha/execute status=200
2026-09-30T02:44:33.784712Z  INFO lingxi_service::sessions: run settled through the single finalize path run_id=run_000001a0f0331178_000327 session_id="sess_local_alpha" outcome=completed.no_final.no_provider_configured input_chars=22 input_bytes=22
2026-09-30T02:44:33.784845Z  INFO lingxi_service: request handled request_id=req-077f3d50cac347c7a698e2c7e53a991d method=POST path=/lingxi/v1/sessions/sess_local_alpha/execute status=200
2026-09-30T02:44:33.785594Z  INFO lingxi_service::sessions: run settled through the single finalize path run_id=run_000001a0f0331179_000328 session_id="sess_local_alpha" outcome=completed.no_final.no_provider_configured input_chars=22 input_bytes=22
2026-09-30T02:44:33.785726Z  INFO lingxi_service: request handled request_id=req-b8d6b4023f852744ccaa1bee50d238ab method=POST path=/lingxi/v1/sessions/sess_local_alpha/execute status=200
2026-09-30T02:44:33.786491Z  INFO lingxi_service::sessions: run settled through the single finalize path run_id=run_000001a0f033117a_000329 session_id="sess_local_alpha" outcome=completed.no_final.no_provider_configured input_chars=22 input_bytes=22
2026-09-30T02:44:33.786624Z  INFO lingxi_service: request handled request_id=req-eefd94cada1ae8ab7a1b6b58c22bd77d method=POST path=/lingxi/v1/sessions/sess_local_alpha/execute status=200
2026-09-30T02:44:33.787398Z  INFO lingxi_service::sessions: run settled through the single finalize path run_id=run_000001a0f033117a_00032a session_id="sess_local_alpha" outcome=completed.no_final.no_provider_configured input_chars=22 input_bytes=22
2026-09-30T02:44:33.787531Z  INFO lingxi_service: request handled request_id=req-9caa3cc48de9aa9e5f2bdf5b240f5126 method=POST path=/lingxi/v1/sessions/sess_local_alpha/execute status=200
2026-09-30T02:44:33.788292Z  INFO lingxi_service::sessions: run settled through the single finalize path run_id=run_000001a0f033117b_00032b session_id="sess_local_alpha" outcome=completed.no_final.no_provider_configured input_chars=22 input_bytes=22
2026-09-30T02:44:33.788424Z  INFO lingxi_service: request handled request_id=req-fa472335785fdaed5c87a1a185d9d906 method=POST path=/lingxi/v1/sessions/sess_local_alpha/execute status=200
2026-09-30T02:44:33.789216Z  INFO lingxi_service::sessions: run settled through the single finalize path run_id=run_000001a0f033117c_00032c session_id="sess_local_alpha" outcome=completed.no_final.no_provider_configured input_chars=22 input_bytes=22
2026-09-30T02:44:33.789348Z  INFO lingxi_service: request handled request_id=req-15ae73ab45b33d7d6e7fba698d81f72c method=POST path=/lingxi/v1/sessions/sess_local_alpha/execute status=200
2026-09-30T02:44:33.790089Z  INFO lingxi_service::sessions: run settled through the single finalize path run_id=run_000001a0f033117d_00032d session_id="sess_local_alpha" outcome=completed.no_final.no_provider_configured input_chars=22 input_bytes=22
2026-09-30T02:44:33.790221Z  INFO lingxi_service: request handled request_id=req-1940416dd7ca4d427b2cba952eafdd83 method=POST path=/lingxi/v1/sessions/sess_local_alpha/execute status=200
2026-09-30T02:44:33.790984Z  INFO lingxi_service::sessions: run settled through the single finalize path run_id=run_000001a0f033117e_00032e session_id="sess_local_alpha" outcome=completed.no_final.no_provider_configured input_chars=22 input_bytes=22
2026-09-30T02:44:33.791120Z  INFO lingxi_service: request handled request_id=req-39c3f740805afd678c0a11c3f3d4800c method=POST path=/lingxi/v1/sessions/sess_local_alpha/execute status=200
2026-09-30T02:44:33.791897Z  INFO lingxi_service::sessions: run settled through the single finalize path run_id=run_000001a0f033117f_00032f session_id="sess_local_alpha" outcome=completed.no_final.no_provider_configured input_chars=22 input_bytes=22
2026-09-30T02:44:33.792027Z  INFO lingxi_service: request handled request_id=req-fcd9394ff1e6935572c43483fd0ca92e method=POST path=/lingxi/v1/sessions/sess_local_alpha/execute status=200
2026-09-30T02:44:33.792820Z  INFO lingxi_service::sessions: run settled through the single finalize path run_id=run_000001a0f0331180_000330 session_id="sess_local_alpha" outcome=completed.no_final.no_provider_configured input_chars=22 input_bytes=22
2026-09-30T02:44:33.792956Z  INFO lingxi_service: request handled request_id=req-558f141b79a41ca2e8adefa8ffde6300 method=POST path=/lingxi/v1/sessions/sess_local_alpha/execute status=200
2026-09-30T02:44:33.793734Z  INFO lingxi_service::sessions: run settled through the single finalize path run_id=run_000001a0f0331181_000331 session_id="sess_local_alpha" outcome=completed.no_final.no_provider_configured input_chars=22 input_bytes=22
2026-09-30T02:44:33.793866Z  INFO lingxi_service: request handled request_id=req-5eda73e34b9913e172621345fdd0592f method=POST path=/lingxi/v1/sessions/sess_local_alpha/execute status=200
2026-09-30T02:44:33.794697Z  INFO lingxi_service::sessions: run settled through the single finalize path run_id=run_000001a0f0331182_000332 session_id="sess_local_alpha" outcome=completed.no_final.no_provider_configured input_chars=22 input_bytes=22
2026-09-30T02:44:33.794829Z  INFO lingxi_service: request handled request_id=req-78803344255146b9b8d3ed1fbaaf33e4 method=POST path=/lingxi/v1/sessions/sess_local_alpha/execute status=200
2026-09-30T02:44:33.795624Z  INFO lingxi_service::sessions: run settled through the single finalize path run_id=run_000001a0f0331183_000333 session_id="sess_local_alpha" outcome=completed.no_final.no_provider_configured input_chars=22 input_bytes=22
2026-09-30T02:44:33.795755Z  INFO lingxi_service: request handled request_id=req-0bd9627dc3293f44c82e1935df34d8ff method=POST path=/lingxi/v1/sessions/sess_local_alpha/execute status=200
2026-09-30T02:44:33.796536Z  INFO lingxi_service::sessions: run settled through the single finalize path run_id=run_000001a0f0331184_000334 session_id="sess_local_alpha" outcome=completed.no_final.no_provider_configured input_chars=22 input_bytes=22
2026-09-30T02:44:33.796669Z  INFO lingxi_service: request handled request_id=req-8334ce352b27fc63d553b2f14157e0fe method=POST path=/lingxi/v1/sessions/sess_local_alpha/execute status=200
2026-09-30T02:44:33.797481Z  INFO lingxi_service::sessions: run settled through the single finalize path run_id=run_000001a0f0331185_000335 session_id="sess_local_alpha" outcome=completed.no_final.no_provider_configured input_chars=22 input_bytes=22
2026-09-30T02:44:33.797615Z  INFO lingxi_service: request handled request_id=req-b799f3760491d545b0ac9f7def391ee7 method=POST path=/lingxi/v1/sessions/sess_local_alpha/execute status=200
2026-09-30T02:44:33.798398Z  INFO lingxi_service::sessions: run settled through the single finalize path run_id=run_000001a0f0331185_000336 session_id="sess_local_alpha" outcome=completed.no_final.no_provider_configured input_chars=22 input_bytes=22
2026-09-30T02:44:33.798531Z  INFO lingxi_service: request handled request_id=req-838c2601476c0717d79107f1aeb3d78b method=POST path=/lingxi/v1/sessions/sess_local_alpha/execute status=200
2026-09-30T02:44:33.799284Z  INFO lingxi_service::sessions: run settled through the single finalize path run_id=run_000001a0f0331186_000337 session_id="sess_local_alpha" outcome=completed.no_final.no_provider_configured input_chars=22 input_bytes=22
2026-09-30T02:44:33.799418Z  INFO lingxi_service: request handled request_id=req-9279c4f66913e95e72592fd104107ba2 method=POST path=/lingxi/v1/sessions/sess_local_alpha/execute status=200
2026-09-30T02:44:33.800165Z  INFO lingxi_service::sessions: run settled through the single finalize path run_id=run_000001a0f0331187_000338 session_id="sess_local_alpha" outcome=completed.no_final.no_provider_configured input_chars=22 input_bytes=22
2026-09-30T02:44:33.800297Z  INFO lingxi_service: request handled request_id=req-5c51111977f5b874e0ec18c0cec35bdf method=POST path=/lingxi/v1/sessions/sess_local_alpha/execute status=200
2026-09-30T02:44:33.801052Z  INFO lingxi_service::sessions: run settled through the single finalize path run_id=run_000001a0f0331188_000339 session_id="sess_local_alpha" outcome=completed.no_final.no_provider_configured input_chars=22 input_bytes=22
2026-09-30T02:44:33.801183Z  INFO lingxi_service: request handled request_id=req-ca523d1c8c31919b5a2b8a55dacef9c9 method=POST path=/lingxi/v1/sessions/sess_local_alpha/execute status=200
2026-09-30T02:44:33.801985Z  INFO lingxi_service::sessions: run settled through the single finalize path run_id=run_000001a0f0331189_00033a session_id="sess_local_alpha" outcome=completed.no_final.no_provider_configured input_chars=22 input_bytes=22
2026-09-30T02:44:33.802117Z  INFO lingxi_service: request handled request_id=req-73728a6db2282ca8d054a6f7302c5192 method=POST path=/lingxi/v1/sessions/sess_local_alpha/execute status=200
2026-09-30T02:44:33.802928Z  INFO lingxi_service::sessions: run settled through the single finalize path run_id=run_000001a0f033118a_00033b session_id="sess_local_alpha" outcome=completed.no_final.no_provider_configured input_chars=22 input_bytes=22
2026-09-30T02:44:33.803060Z  INFO lingxi_service: request handled request_id=req-cd6d26feb3e2f0816badcd1f1b1a3042 method=POST path=/lingxi/v1/sessions/sess_local_alpha/execute status=200
2026-09-30T02:44:33.803838Z  INFO lingxi_service::sessions: run settled through the single finalize path run_id=run_000001a0f033118b_00033c session_id="sess_local_alpha" outcome=completed.no_final.no_provider_configured input_chars=22 input_bytes=22
2026-09-30T02:44:33.803969Z  INFO lingxi_service: request handled request_id=req-facf9cc97393c09528387ce7b186633b method=POST path=/lingxi/v1/sessions/sess_local_alpha/execute status=200
2026-09-30T02:44:33.804790Z  INFO lingxi_service::sessions: run settled through the single finalize path run_id=run_000001a0f033118c_00033d session_id="sess_local_alpha" outcome=completed.no_final.no_provider_configured input_chars=22 input_bytes=22
2026-09-30T02:44:33.804927Z  INFO lingxi_service: request handled request_id=req-1b287cb0743b388e0aad3b0a44454791 method=POST path=/lingxi/v1/sessions/sess_local_alpha/execute status=200
2026-09-30T02:44:33.805690Z  INFO lingxi_service::sessions: run settled through the single finalize path run_id=run_000001a0f033118d_00033e session_id="sess_local_alpha" outcome=completed.no_final.no_provider_configured input_chars=22 input_bytes=22
2026-09-30T02:44:33.805823Z  INFO lingxi_service: request handled request_id=req-0ac8966250c154b48274ccadb0f389b7 method=POST path=/lingxi/v1/sessions/sess_local_alpha/execute status=200
2026-09-30T02:44:33.806576Z  INFO lingxi_service::sessions: run settled through the single finalize path run_id=run_000001a0f033118e_00033f session_id="sess_local_alpha" outcome=completed.no_final.no_provider_configured input_chars=22 input_bytes=22
2026-09-30T02:44:33.806707Z  INFO lingxi_service: request handled request_id=req-da6e8750d678e459e47d15a1dd3f5efa method=POST path=/lingxi/v1/sessions/sess_local_alpha/execute status=200
2026-09-30T02:44:33.807446Z  INFO lingxi_service::sessions: run settled through the single finalize path run_id=run_000001a0f033118f_000340 session_id="sess_local_alpha" outcome=completed.no_final.no_provider_configured input_chars=22 input_bytes=22
2026-09-30T02:44:33.807578Z  INFO lingxi_service: request handled request_id=req-326dbb71d4a26a03336a88a9a04d0a1d method=POST path=/lingxi/v1/sessions/sess_local_alpha/execute status=200
2026-09-30T02:44:33.808381Z  INFO lingxi_service::sessions: run settled through the single finalize path run_id=run_000001a0f033118f_000341 session_id="sess_local_alpha" outcome=completed.no_final.no_provider_configured input_chars=22 input_bytes=22
2026-09-30T02:44:33.808515Z  INFO lingxi_service: request handled request_id=req-7ad74cbaea68c1bcd61ccdf64569e344 method=POST path=/lingxi/v1/sessions/sess_local_alpha/execute status=200
2026-09-30T02:44:33.809286Z  INFO lingxi_service::sessions: run settled through the single finalize path run_id=run_000001a0f0331190_000342 session_id="sess_local_alpha" outcome=completed.no_final.no_provider_configured input_chars=22 input_bytes=22
2026-09-30T02:44:33.809419Z  INFO lingxi_service: request handled request_id=req-7eaa4b5ebba9d0a91bec29226b9949c5 method=POST path=/lingxi/v1/sessions/sess_local_alpha/execute status=200
2026-09-30T02:44:33.810253Z  INFO lingxi_service::sessions: run settled through the single finalize path run_id=run_000001a0f0331191_000343 session_id="sess_local_alpha" outcome=completed.no_final.no_provider_configured input_chars=22 input_bytes=22
2026-09-30T02:44:33.810388Z  INFO lingxi_service: request handled request_id=req-c35ec631a556acdfe6671dace1dc94b5 method=POST path=/lingxi/v1/sessions/sess_local_alpha/execute status=200
2026-09-30T02:44:33.811222Z  INFO lingxi_service::sessions: run settled through the single finalize path run_id=run_000001a0f0331192_000344 session_id="sess_local_alpha" outcome=completed.no_final.no_provider_configured input_chars=22 input_bytes=22
2026-09-30T02:44:33.811355Z  INFO lingxi_service: request handled request_id=req-ac955427437f05188478f2a5c2a93dad method=POST path=/lingxi/v1/sessions/sess_local_alpha/execute status=200
2026-09-30T02:44:33.812148Z  INFO lingxi_service::sessions: run settled through the single finalize path run_id=run_000001a0f0331193_000345 session_id="sess_local_alpha" outcome=completed.no_final.no_provider_configured input_chars=22 input_bytes=22
2026-09-30T02:44:33.812282Z  INFO lingxi_service: request handled request_id=req-2ce0195760bf4eb92ef2881ec3b50d1c method=POST path=/lingxi/v1/sessions/sess_local_alpha/execute status=200
2026-09-30T02:44:33.813055Z  INFO lingxi_service::sessions: run settled through the single finalize path run_id=run_000001a0f0331194_000346 session_id="sess_local_alpha" outcome=completed.no_final.no_provider_configured input_chars=22 input_bytes=22
2026-09-30T02:44:33.813188Z  INFO lingxi_service: request handled request_id=req-7213bfdb51613bf9a9bbe304fc20b79c method=POST path=/lingxi/v1/sessions/sess_local_alpha/execute status=200
2026-09-30T02:44:33.813937Z  INFO lingxi_service::sessions: run settled through the single finalize path run_id=run_000001a0f0331195_000347 session_id="sess_local_alpha" outcome=completed.no_final.no_provider_configured input_chars=22 input_bytes=22
2026-09-30T02:44:33.814070Z  INFO lingxi_service: request handled request_id=req-b146fc4080797b0f1eec873469281aca method=POST path=/lingxi/v1/sessions/sess_local_alpha/execute status=200
2026-09-30T02:44:33.814826Z  INFO lingxi_service::sessions: run settled through the single finalize path run_id=run_000001a0f0331196_000348 session_id="sess_local_alpha" outcome=completed.no_final.no_provider_configured input_chars=22 input_bytes=22
2026-09-30T02:44:33.814961Z  INFO lingxi_service: request handled request_id=req-25d28b0a14ce464198536f9c07fc9cbe method=POST path=/lingxi/v1/sessions/sess_local_alpha/execute status=200
2026-09-30T02:44:33.816182Z  INFO lingxi_service::sessions: run settled through the single finalize path run_id=run_000001a0f0331197_000349 session_id="sess_local_alpha" outcome=completed.no_final.no_provider_configured input_chars=22 input_bytes=22
2026-09-30T02:44:33.816318Z  INFO lingxi_service: request handled request_id=req-0e7e6fc5b26af6b87f4ea12ed7968969 method=POST path=/lingxi/v1/sessions/sess_local_alpha/execute status=200
2026-09-30T02:44:33.817093Z  INFO lingxi_service::sessions: run settled through the single finalize path run_id=run_000001a0f0331198_00034a session_id="sess_local_alpha" outcome=completed.no_final.no_provider_configured input_chars=22 input_bytes=22
2026-09-30T02:44:33.817231Z  INFO lingxi_service: request handled request_id=req-f934dca4ab94f569230b8282d9f59ba4 method=POST path=/lingxi/v1/sessions/sess_local_alpha/execute status=200
2026-09-30T02:44:33.818015Z  INFO lingxi_service::sessions: run settled through the single finalize path run_id=run_000001a0f0331199_00034b session_id="sess_local_alpha" outcome=completed.no_final.no_provider_configured input_chars=22 input_bytes=22
2026-09-30T02:44:33.818148Z  INFO lingxi_service: request handled request_id=req-36eff1d3c8073adaee6e4975068d963a method=POST path=/lingxi/v1/sessions/sess_local_alpha/execute status=200
2026-09-30T02:44:33.818920Z  INFO lingxi_service::sessions: run settled through the single finalize path run_id=run_000001a0f033119a_00034c session_id="sess_local_alpha" outcome=completed.no_final.no_provider_configured input_chars=22 input_bytes=22
2026-09-30T02:44:33.819053Z  INFO lingxi_service: request handled request_id=req-bacd26c76defbb530009b5a583d5806d method=POST path=/lingxi/v1/sessions/sess_local_alpha/execute status=200
2026-09-30T02:44:33.819785Z  INFO lingxi_service::sessions: run settled through the single finalize path run_id=run_000001a0f033119b_00034d session_id="sess_local_alpha" outcome=completed.no_final.no_provider_configured input_chars=22 input_bytes=22
2026-09-30T02:44:33.819917Z  INFO lingxi_service: request handled request_id=req-a3fa2baef5200f32551786271165b361 method=POST path=/lingxi/v1/sessions/sess_local_alpha/execute status=200
2026-09-30T02:44:33.820699Z  INFO lingxi_service::sessions: run settled through the single finalize path run_id=run_000001a0f033119c_00034e session_id="sess_local_alpha" outcome=completed.no_final.no_provider_configured input_chars=22 input_bytes=22
2026-09-30T02:44:33.820832Z  INFO lingxi_service: request handled request_id=req-ffc3f36b343f6f333a1b16390473d9c8 method=POST path=/lingxi/v1/sessions/sess_local_alpha/execute status=200
2026-09-30T02:44:33.821651Z  INFO lingxi_service::sessions: run settled through the single finalize path run_id=run_000001a0f033119d_00034f session_id="sess_local_alpha" outcome=completed.no_final.no_provider_configured input_chars=22 input_bytes=22
2026-09-30T02:44:33.821789Z  INFO lingxi_service: request handled request_id=req-0c174b631f93f41044e12fa3f6c9de08 method=POST path=/lingxi/v1/sessions/sess_local_alpha/execute status=200
2026-09-30T02:44:33.822557Z  INFO lingxi_service::sessions: run settled through the single finalize path run_id=run_000001a0f033119e_000350 session_id="sess_local_alpha" outcome=completed.no_final.no_provider_configured input_chars=22 input_bytes=22
2026-09-30T02:44:33.822692Z  INFO lingxi_service: request handled request_id=req-7da6b8583bc19b586a23282713bd131a method=POST path=/lingxi/v1/sessions/sess_local_alpha/execute status=200
2026-09-30T02:44:33.823474Z  INFO lingxi_service::sessions: run settled through the single finalize path run_id=run_000001a0f033119f_000351 session_id="sess_local_alpha" outcome=completed.no_final.no_provider_configured input_chars=22 input_bytes=22
2026-09-30T02:44:33.823606Z  INFO lingxi_service: request handled request_id=req-09bf11c5aedfab601f909dc28636de20 method=POST path=/lingxi/v1/sessions/sess_local_alpha/execute status=200
2026-09-30T02:44:33.824438Z  INFO lingxi_service::sessions: run settled through the single finalize path run_id=run_000001a0f033119f_000352 session_id="sess_local_alpha" outcome=completed.no_final.no_provider_configured input_chars=22 input_bytes=22
2026-09-30T02:44:33.824576Z  INFO lingxi_service: request handled request_id=req-e7ea6306a536c3b6652a76e362e1db23 method=POST path=/lingxi/v1/sessions/sess_local_alpha/execute status=200
2026-09-30T02:44:33.825358Z  INFO lingxi_service::sessions: run settled through the single finalize path run_id=run_000001a0f03311a0_000353 session_id="sess_local_alpha" outcome=completed.no_final.no_provider_configured input_chars=22 input_bytes=22
2026-09-30T02:44:33.825492Z  INFO lingxi_service: request handled request_id=req-17c0bde4fdc31fd7ac18c84f59e74705 method=POST path=/lingxi/v1/sessions/sess_local_alpha/execute status=200
2026-09-30T02:44:33.826268Z  INFO lingxi_service::sessions: run settled through the single finalize path run_id=run_000001a0f03311a1_000354 session_id="sess_local_alpha" outcome=completed.no_final.no_provider_configured input_chars=22 input_bytes=22
2026-09-30T02:44:33.826402Z  INFO lingxi_service: request handled request_id=req-f89b0df5d4c898e34b3a64db2b6adb4f method=POST path=/lingxi/v1/sessions/sess_local_alpha/execute status=200
2026-09-30T02:44:33.827167Z  INFO lingxi_service::sessions: run settled through the single finalize path run_id=run_000001a0f03311a2_000355 session_id="sess_local_alpha" outcome=completed.no_final.no_provider_configured input_chars=22 input_bytes=22
2026-09-30T02:44:33.827301Z  INFO lingxi_service: request handled request_id=req-d52f8020d52a59e2672c5e2eaaaf0b00 method=POST path=/lingxi/v1/sessions/sess_local_alpha/execute status=200
2026-09-30T02:44:33.828069Z  INFO lingxi_service::sessions: run settled through the single finalize path run_id=run_000001a0f03311a3_000356 session_id="sess_local_alpha" outcome=completed.no_final.no_provider_configured input_chars=22 input_bytes=22
2026-09-30T02:44:33.828202Z  INFO lingxi_service: request handled request_id=req-535b616201d5668c90f366d36675030d method=POST path=/lingxi/v1/sessions/sess_local_alpha/execute status=200
2026-09-30T02:44:33.828934Z  INFO lingxi_service::sessions: run settled through the single finalize path run_id=run_000001a0f03311a4_000357 session_id="sess_local_alpha" outcome=completed.no_final.no_provider_configured input_chars=22 input_bytes=22
2026-09-30T02:44:33.829070Z  INFO lingxi_service: request handled request_id=req-52de911c22343b16b4a36c278a6963ee method=POST path=/lingxi/v1/sessions/sess_local_alpha/execute status=200
2026-09-30T02:44:33.829822Z  INFO lingxi_service::sessions: run settled through the single finalize path run_id=run_000001a0f03311a5_000358 session_id="sess_local_alpha" outcome=completed.no_final.no_provider_configured input_chars=22 input_bytes=22
2026-09-30T02:44:33.829955Z  INFO lingxi_service: request handled request_id=req-fad6e27bca0cd0d81ed9347be8878600 method=POST path=/lingxi/v1/sessions/sess_local_alpha/execute status=200
2026-09-30T02:44:33.830740Z  INFO lingxi_service::sessions: run settled through the single finalize path run_id=run_000001a0f03311a6_000359 session_id="sess_local_alpha" outcome=completed.no_final.no_provider_configured input_chars=22 input_bytes=22
2026-09-30T02:44:33.830876Z  INFO lingxi_service: request handled request_id=req-01251b9fec171ef4df2c2a5eefc04016 method=POST path=/lingxi/v1/sessions/sess_local_alpha/execute status=200
2026-09-30T02:44:33.831639Z  INFO lingxi_service::sessions: run settled through the single finalize path run_id=run_000001a0f03311a7_00035a session_id="sess_local_alpha" outcome=completed.no_final.no_provider_configured input_chars=22 input_bytes=22
2026-09-30T02:44:33.831773Z  INFO lingxi_service: request handled request_id=req-ceea1d30994fa7e552e8f5e831f81028 method=POST path=/lingxi/v1/sessions/sess_local_alpha/execute status=200
2026-09-30T02:44:33.832525Z  INFO lingxi_service::sessions: run settled through the single finalize path run_id=run_000001a0f03311a8_00035b session_id="sess_local_alpha" outcome=completed.no_final.no_provider_configured input_chars=22 input_bytes=22
2026-09-30T02:44:33.832659Z  INFO lingxi_service: request handled request_id=req-00245ca44208f565aa7a250a2d93e999 method=POST path=/lingxi/v1/sessions/sess_local_alpha/execute status=200
2026-09-30T02:44:33.833418Z  INFO lingxi_service::sessions: run settled through the single finalize path run_id=run_000001a0f03311a9_00035c session_id="sess_local_alpha" outcome=completed.no_final.no_provider_configured input_chars=22 input_bytes=22
2026-09-30T02:44:33.833553Z  INFO lingxi_service: request handled request_id=req-faf6b98d800cf0a3bf5de23c698a29af method=POST path=/lingxi/v1/sessions/sess_local_alpha/execute status=200
2026-09-30T02:44:33.834365Z  INFO lingxi_service::sessions: run settled through the single finalize path run_id=run_000001a0f03311a9_00035d session_id="sess_local_alpha" outcome=completed.no_final.no_provider_configured input_chars=22 input_bytes=22
2026-09-30T02:44:33.834497Z  INFO lingxi_service: request handled request_id=req-4d1009cc0f97a43714632f94fd49a2ef method=POST path=/lingxi/v1/sessions/sess_local_alpha/execute status=200
2026-09-30T02:44:33.835286Z  INFO lingxi_service::sessions: run settled through the single finalize path run_id=run_000001a0f03311aa_00035e session_id="sess_local_alpha" outcome=completed.no_final.no_provider_configured input_chars=22 input_bytes=22
2026-09-30T02:44:33.835420Z  INFO lingxi_service: request handled request_id=req-342a77ba085e4dba02124ed3b096c127 method=POST path=/lingxi/v1/sessions/sess_local_alpha/execute status=200
2026-09-30T02:44:33.836185Z  INFO lingxi_service::sessions: run settled through the single finalize path run_id=run_000001a0f03311ab_00035f session_id="sess_local_alpha" outcome=completed.no_final.no_provider_configured input_chars=22 input_bytes=22
2026-09-30T02:44:33.836320Z  INFO lingxi_service: request handled request_id=req-58b13f291b6889cb162caf25555caf42 method=POST path=/lingxi/v1/sessions/sess_local_alpha/execute status=200
2026-09-30T02:44:33.837118Z  INFO lingxi_service::sessions: run settled through the single finalize path run_id=run_000001a0f03311ac_000360 session_id="sess_local_alpha" outcome=completed.no_final.no_provider_configured input_chars=22 input_bytes=22
2026-09-30T02:44:33.837252Z  INFO lingxi_service: request handled request_id=req-b25acc47ca750d57436b62a67f06ae4d method=POST path=/lingxi/v1/sessions/sess_local_alpha/execute status=200
2026-09-30T02:44:33.838063Z  INFO lingxi_service::sessions: run settled through the single finalize path run_id=run_000001a0f03311ad_000361 session_id="sess_local_alpha" outcome=completed.no_final.no_provider_configured input_chars=22 input_bytes=22
2026-09-30T02:44:33.838198Z  INFO lingxi_service: request handled request_id=req-05df068b294b668d087a3f4b22ea0c34 method=POST path=/lingxi/v1/sessions/sess_local_alpha/execute status=200
2026-09-30T02:44:33.838983Z  INFO lingxi_service::sessions: run settled through the single finalize path run_id=run_000001a0f03311ae_000362 session_id="sess_local_alpha" outcome=completed.no_final.no_provider_configured input_chars=22 input_bytes=22
2026-09-30T02:44:33.839117Z  INFO lingxi_service: request handled request_id=req-a0bfb9344cadceb9dae21a14299bfd5f method=POST path=/lingxi/v1/sessions/sess_local_alpha/execute status=200
2026-09-30T02:44:33.839904Z  INFO lingxi_service::sessions: run settled through the single finalize path run_id=run_000001a0f03311af_000363 session_id="sess_local_alpha" outcome=completed.no_final.no_provider_configured input_chars=22 input_bytes=22
2026-09-30T02:44:33.840037Z  INFO lingxi_service: request handled request_id=req-a69b6568de3fb518df5f8c557a862b69 method=POST path=/lingxi/v1/sessions/sess_local_alpha/execute status=200
2026-09-30T02:44:33.840789Z  INFO lingxi_service::sessions: run settled through the single finalize path run_id=run_000001a0f03311b0_000364 session_id="sess_local_alpha" outcome=completed.no_final.no_provider_configured input_chars=22 input_bytes=22
2026-09-30T02:44:33.840925Z  INFO lingxi_service: request handled request_id=req-eb881fb60e7e9d7d26a1ed234c8ccccc method=POST path=/lingxi/v1/sessions/sess_local_alpha/execute status=200
2026-09-30T02:44:33.841712Z  INFO lingxi_service::sessions: run settled through the single finalize path run_id=run_000001a0f03311b1_000365 session_id="sess_local_alpha" outcome=completed.no_final.no_provider_configured input_chars=22 input_bytes=22
2026-09-30T02:44:33.841844Z  INFO lingxi_service: request handled request_id=req-a14a0f9b4151ba93854806d17b52781a method=POST path=/lingxi/v1/sessions/sess_local_alpha/execute status=200
2026-09-30T02:44:33.842642Z  INFO lingxi_service::sessions: run settled through the single finalize path run_id=run_000001a0f03311b2_000366 session_id="sess_local_alpha" outcome=completed.no_final.no_provider_configured input_chars=22 input_bytes=22
2026-09-30T02:44:33.842778Z  INFO lingxi_service: request handled request_id=req-650f7453233fa6997c1bb33039bb44b8 method=POST path=/lingxi/v1/sessions/sess_local_alpha/execute status=200
2026-09-30T02:44:33.843611Z  INFO lingxi_service::sessions: run settled through the single finalize path run_id=run_000001a0f03311b3_000367 session_id="sess_local_alpha" outcome=completed.no_final.no_provider_configured input_chars=22 input_bytes=22
2026-09-30T02:44:33.843748Z  INFO lingxi_service: request handled request_id=req-314b53cd022f401f3166573d578a3419 method=POST path=/lingxi/v1/sessions/sess_local_alpha/execute status=200
2026-09-30T02:44:33.844518Z  INFO lingxi_service::sessions: run settled through the single finalize path run_id=run_000001a0f03311b4_000368 session_id="sess_local_alpha" outcome=completed.no_final.no_provider_configured input_chars=22 input_bytes=22
2026-09-30T02:44:33.844653Z  INFO lingxi_service: request handled request_id=req-1fab27e6db2ad8ae5c47e53e4e6e2ca4 method=POST path=/lingxi/v1/sessions/sess_local_alpha/execute status=200
2026-09-30T02:44:33.845420Z  INFO lingxi_service::sessions: run settled through the single finalize path run_id=run_000001a0f03311b5_000369 session_id="sess_local_alpha" outcome=completed.no_final.no_provider_configured input_chars=22 input_bytes=22
2026-09-30T02:44:33.845555Z  INFO lingxi_service: request handled request_id=req-bc3eeea509c9c099b0dab8cf799ef349 method=POST path=/lingxi/v1/sessions/sess_local_alpha/execute status=200
2026-09-30T02:44:33.846352Z  INFO lingxi_service::sessions: run settled through the single finalize path run_id=run_000001a0f03311b5_00036a session_id="sess_local_alpha" outcome=completed.no_final.no_provider_configured input_chars=22 input_bytes=22
2026-09-30T02:44:33.846487Z  INFO lingxi_service: request handled request_id=req-84c81abb55c4e9378c5c9605f5dbcb34 method=POST path=/lingxi/v1/sessions/sess_local_alpha/execute status=200
2026-09-30T02:44:33.847226Z  INFO lingxi_service::sessions: run settled through the single finalize path run_id=run_000001a0f03311b6_00036b session_id="sess_local_alpha" outcome=completed.no_final.no_provider_configured input_chars=22 input_bytes=22
2026-09-30T02:44:33.847360Z  INFO lingxi_service: request handled request_id=req-e56a5ac7cf0e1b2ce10327ee42a4ec25 method=POST path=/lingxi/v1/sessions/sess_local_alpha/execute status=200
2026-09-30T02:44:33.848136Z  INFO lingxi_service::sessions: run settled through the single finalize path run_id=run_000001a0f03311b7_00036c session_id="sess_local_alpha" outcome=completed.no_final.no_provider_configured input_chars=22 input_bytes=22
2026-09-30T02:44:33.848273Z  INFO lingxi_service: request handled request_id=req-15f659243f05e9ed539eda32e2e87590 method=POST path=/lingxi/v1/sessions/sess_local_alpha/execute status=200
2026-09-30T02:44:33.849031Z  INFO lingxi_service::sessions: run settled through the single finalize path run_id=run_000001a0f03311b8_00036d session_id="sess_local_alpha" outcome=completed.no_final.no_provider_configured input_chars=22 input_bytes=22
2026-09-30T02:44:33.849165Z  INFO lingxi_service: request handled request_id=req-9c19bfca1d0aa498cb25a8d2f056d72c method=POST path=/lingxi/v1/sessions/sess_local_alpha/execute status=200
2026-09-30T02:44:33.849904Z  INFO lingxi_service::sessions: run settled through the single finalize path run_id=run_000001a0f03311b9_00036e session_id="sess_local_alpha" outcome=completed.no_final.no_provider_configured input_chars=22 input_bytes=22
2026-09-30T02:44:33.850041Z  INFO lingxi_service: request handled request_id=req-53ebd2570fce249bdd5d935015643e6d method=POST path=/lingxi/v1/sessions/sess_local_alpha/execute status=200
2026-09-30T02:44:33.850786Z  INFO lingxi_service::sessions: run settled through the single finalize path run_id=run_000001a0f03311ba_00036f session_id="sess_local_alpha" outcome=completed.no_final.no_provider_configured input_chars=22 input_bytes=22
2026-09-30T02:44:33.850920Z  INFO lingxi_service: request handled request_id=req-5db102e252cd42fb45cee8049731669a method=POST path=/lingxi/v1/sessions/sess_local_alpha/execute status=200
2026-09-30T02:44:33.851695Z  INFO lingxi_service::sessions: run settled through the single finalize path run_id=run_000001a0f03311bb_000370 session_id="sess_local_alpha" outcome=completed.no_final.no_provider_configured input_chars=22 input_bytes=22
2026-09-30T02:44:33.851832Z  INFO lingxi_service: request handled request_id=req-c1b1e8073c7102b74b879dcbf7a720c1 method=POST path=/lingxi/v1/sessions/sess_local_alpha/execute status=200
2026-09-30T02:44:33.852625Z  INFO lingxi_service::sessions: run settled through the single finalize path run_id=run_000001a0f03311bc_000371 session_id="sess_local_alpha" outcome=completed.no_final.no_provider_configured input_chars=22 input_bytes=22
2026-09-30T02:44:33.852761Z  INFO lingxi_service: request handled request_id=req-030de898461b230e77f3e29a4b01591c method=POST path=/lingxi/v1/sessions/sess_local_alpha/execute status=200
2026-09-30T02:44:33.853511Z  INFO lingxi_service::sessions: run settled through the single finalize path run_id=run_000001a0f03311bd_000372 session_id="sess_local_alpha" outcome=completed.no_final.no_provider_configured input_chars=22 input_bytes=22
2026-09-30T02:44:33.853644Z  INFO lingxi_service: request handled request_id=req-228f3839c8074b240951d5b0a0cbc3ce method=POST path=/lingxi/v1/sessions/sess_local_alpha/execute status=200
2026-09-30T02:44:33.854430Z  INFO lingxi_service::sessions: run settled through the single finalize path run_id=run_000001a0f03311be_000373 session_id="sess_local_alpha" outcome=completed.no_final.no_provider_configured input_chars=22 input_bytes=22
2026-09-30T02:44:33.854565Z  INFO lingxi_service: request handled request_id=req-e3825d9a6fdfc33d9c6d5404cf8c01f0 method=POST path=/lingxi/v1/sessions/sess_local_alpha/execute status=200
2026-09-30T02:44:33.855318Z  INFO lingxi_service::sessions: run settled through the single finalize path run_id=run_000001a0f03311be_000374 session_id="sess_local_alpha" outcome=completed.no_final.no_provider_configured input_chars=22 input_bytes=22
2026-09-30T02:44:33.855452Z  INFO lingxi_service: request handled request_id=req-1deeee67057a39417a53ba9df7035cd6 method=POST path=/lingxi/v1/sessions/sess_local_alpha/execute status=200
2026-09-30T02:44:33.856213Z  INFO lingxi_service::sessions: run settled through the single finalize path run_id=run_000001a0f03311bf_000375 session_id="sess_local_alpha" outcome=completed.no_final.no_provider_configured input_chars=22 input_bytes=22
2026-09-30T02:44:33.856348Z  INFO lingxi_service: request handled request_id=req-5d710bff783d398f3924109c0bac7811 method=POST path=/lingxi/v1/sessions/sess_local_alpha/execute status=200
2026-09-30T02:44:33.857104Z  INFO lingxi_service::sessions: run settled through the single finalize path run_id=run_000001a0f03311c0_000376 session_id="sess_local_alpha" outcome=completed.no_final.no_provider_configured input_chars=22 input_bytes=22
2026-09-30T02:44:33.857240Z  INFO lingxi_service: request handled request_id=req-ef1ec051e86227902a31f5796ef2aeaf method=POST path=/lingxi/v1/sessions/sess_local_alpha/execute status=200
2026-09-30T02:44:33.857987Z  INFO lingxi_service::sessions: run settled through the single finalize path run_id=run_000001a0f03311c1_000377 session_id="sess_local_alpha" outcome=completed.no_final.no_provider_configured input_chars=22 input_bytes=22
2026-09-30T02:44:33.858126Z  INFO lingxi_service: request handled request_id=req-52ccd9e3717b61d9cfbea962b8f2a7d2 method=POST path=/lingxi/v1/sessions/sess_local_alpha/execute status=200
2026-09-30T02:44:33.858857Z  INFO lingxi_service::sessions: run settled through the single finalize path run_id=run_000001a0f03311c2_000378 session_id="sess_local_alpha" outcome=completed.no_final.no_provider_configured input_chars=22 input_bytes=22
2026-09-30T02:44:33.858994Z  INFO lingxi_service: request handled request_id=req-b3e3b346165c30113e04dbb05a8b1c0c method=POST path=/lingxi/v1/sessions/sess_local_alpha/execute status=200
2026-09-30T02:44:33.859851Z  INFO lingxi_service::sessions: run settled through the single finalize path run_id=run_000001a0f03311c3_000379 session_id="sess_local_alpha" outcome=completed.no_final.no_provider_configured input_chars=22 input_bytes=22
2026-09-30T02:44:33.859985Z  INFO lingxi_service: request handled request_id=req-f10180b1aa3d94dcf6a04e0db331ee4c method=POST path=/lingxi/v1/sessions/sess_local_alpha/execute status=200
2026-09-30T02:44:33.861121Z  INFO lingxi_service::sessions: run settled through the single finalize path run_id=run_000001a0f03311c4_00037a session_id="sess_local_alpha" outcome=completed.no_final.no_provider_configured input_chars=22 input_bytes=22
2026-09-30T02:44:33.861259Z  INFO lingxi_service: request handled request_id=req-2e25b5686eda7d0a6e97fdd90d8cd06a method=POST path=/lingxi/v1/sessions/sess_local_alpha/execute status=200
2026-09-30T02:44:33.862085Z  INFO lingxi_service::sessions: run settled through the single finalize path run_id=run_000001a0f03311c5_00037b session_id="sess_local_alpha" outcome=completed.no_final.no_provider_configured input_chars=22 input_bytes=22
2026-09-30T02:44:33.862223Z  INFO lingxi_service: request handled request_id=req-0a3e3df364357b65bfffc55e93adaf87 method=POST path=/lingxi/v1/sessions/sess_local_alpha/execute status=200
2026-09-30T02:44:33.862981Z  INFO lingxi_service::sessions: run settled through the single finalize path run_id=run_000001a0f03311c6_00037c session_id="sess_local_alpha" outcome=completed.no_final.no_provider_configured input_chars=22 input_bytes=22
2026-09-30T02:44:33.863118Z  INFO lingxi_service: request handled request_id=req-fe5f1670cd28697aae0926a3204af55a method=POST path=/lingxi/v1/sessions/sess_local_alpha/execute status=200
2026-09-30T02:44:33.863890Z  INFO lingxi_service::sessions: run settled through the single finalize path run_id=run_000001a0f03311c7_00037d session_id="sess_local_alpha" outcome=completed.no_final.no_provider_configured input_chars=22 input_bytes=22
2026-09-30T02:44:33.864026Z  INFO lingxi_service: request handled request_id=req-3e9a10474f2f10973e70b93e25074a19 method=POST path=/lingxi/v1/sessions/sess_local_alpha/execute status=200
2026-09-30T02:44:33.864807Z  INFO lingxi_service::sessions: run settled through the single finalize path run_id=run_000001a0f03311c8_00037e session_id="sess_local_alpha" outcome=completed.no_final.no_provider_configured input_chars=22 input_bytes=22
2026-09-30T02:44:33.864943Z  INFO lingxi_service: request handled request_id=req-6ce72b0465a942337c90209791e1d5ad method=POST path=/lingxi/v1/sessions/sess_local_alpha/execute status=200
2026-09-30T02:44:33.865683Z  INFO lingxi_service::sessions: run settled through the single finalize path run_id=run_000001a0f03311c9_00037f session_id="sess_local_alpha" outcome=completed.no_final.no_provider_configured input_chars=22 input_bytes=22
2026-09-30T02:44:33.865816Z  INFO lingxi_service: request handled request_id=req-842149c72e6a792ec4aa9322826e9948 method=POST path=/lingxi/v1/sessions/sess_local_alpha/execute status=200
2026-09-30T02:44:33.866613Z  INFO lingxi_service::sessions: run settled through the single finalize path run_id=run_000001a0f03311ca_000380 session_id="sess_local_alpha" outcome=completed.no_final.no_provider_configured input_chars=22 input_bytes=22
2026-09-30T02:44:33.866754Z  INFO lingxi_service: request handled request_id=req-f6cac9af3308248f2c202d0cba9a7cb8 method=POST path=/lingxi/v1/sessions/sess_local_alpha/execute status=200
2026-09-30T02:44:33.867546Z  INFO lingxi_service::sessions: run settled through the single finalize path run_id=run_000001a0f03311cb_000381 session_id="sess_local_alpha" outcome=completed.no_final.no_provider_configured input_chars=22 input_bytes=22
2026-09-30T02:44:33.867682Z  INFO lingxi_service: request handled request_id=req-e8c08123b5bf369c4570fb9c1e4ecfd5 method=POST path=/lingxi/v1/sessions/sess_local_alpha/execute status=200
2026-09-30T02:44:33.868427Z  INFO lingxi_service::sessions: run settled through the single finalize path run_id=run_000001a0f03311cc_000382 session_id="sess_local_alpha" outcome=completed.no_final.no_provider_configured input_chars=22 input_bytes=22
2026-09-30T02:44:33.868562Z  INFO lingxi_service: request handled request_id=req-f921c4c38b0c6176eb107adac64e415d method=POST path=/lingxi/v1/sessions/sess_local_alpha/execute status=200
2026-09-30T02:44:33.869364Z  INFO lingxi_service::sessions: run settled through the single finalize path run_id=run_000001a0f03311cc_000383 session_id="sess_local_alpha" outcome=completed.no_final.no_provider_configured input_chars=22 input_bytes=22
2026-09-30T02:44:33.869498Z  INFO lingxi_service: request handled request_id=req-624500834ec13bbb1ca0b3ff837373d0 method=POST path=/lingxi/v1/sessions/sess_local_alpha/execute status=200
2026-09-30T02:44:33.870284Z  INFO lingxi_service::sessions: run settled through the single finalize path run_id=run_000001a0f03311cd_000384 session_id="sess_local_alpha" outcome=completed.no_final.no_provider_configured input_chars=22 input_bytes=22
2026-09-30T02:44:33.870423Z  INFO lingxi_service: request handled request_id=req-1ac838b3a66945c2b7885c8232af5def method=POST path=/lingxi/v1/sessions/sess_local_alpha/execute status=200
2026-09-30T02:44:33.871202Z  INFO lingxi_service::sessions: run settled through the single finalize path run_id=run_000001a0f03311ce_000385 session_id="sess_local_alpha" outcome=completed.no_final.no_provider_configured input_chars=22 input_bytes=22
2026-09-30T02:44:33.871338Z  INFO lingxi_service: request handled request_id=req-9f9f313b9317032a4f3fc4235fec1fb7 method=POST path=/lingxi/v1/sessions/sess_local_alpha/execute status=200
2026-09-30T02:44:33.872135Z  INFO lingxi_service::sessions: run settled through the single finalize path run_id=run_000001a0f03311cf_000386 session_id="sess_local_alpha" outcome=completed.no_final.no_provider_configured input_chars=22 input_bytes=22
2026-09-30T02:44:33.872271Z  INFO lingxi_service: request handled request_id=req-b40fda396b10bcbee2c6a4a417274285 method=POST path=/lingxi/v1/sessions/sess_local_alpha/execute status=200
2026-09-30T02:44:33.873231Z  INFO lingxi_service::sessions: run settled through the single finalize path run_id=run_000001a0f03311d0_000387 session_id="sess_local_alpha" outcome=completed.no_final.no_provider_configured input_chars=22 input_bytes=22
2026-09-30T02:44:33.873375Z  INFO lingxi_service: request handled request_id=req-b026ac63b813e0093c3982664bb58b57 method=POST path=/lingxi/v1/sessions/sess_local_alpha/execute status=200
2026-09-30T02:44:33.874350Z  INFO lingxi_service::sessions: run settled through the single finalize path run_id=run_000001a0f03311d1_000388 session_id="sess_local_alpha" outcome=completed.no_final.no_provider_configured input_chars=22 input_bytes=22
2026-09-30T02:44:33.874498Z  INFO lingxi_service: request handled request_id=req-9ddadc3edf6805222e9b61a1c7f8b64e method=POST path=/lingxi/v1/sessions/sess_local_alpha/execute status=200
2026-09-30T02:44:33.875445Z  INFO lingxi_service::sessions: run settled through the single finalize path run_id=run_000001a0f03311d2_000389 session_id="sess_local_alpha" outcome=completed.no_final.no_provider_configured input_chars=22 input_bytes=22
2026-09-30T02:44:33.875603Z  INFO lingxi_service: request handled request_id=req-90721957cf5930ba641947a1d4597cf9 method=POST path=/lingxi/v1/sessions/sess_local_alpha/execute status=200
2026-09-30T02:44:33.876556Z  INFO lingxi_service::sessions: run settled through the single finalize path run_id=run_000001a0f03311d4_00038a session_id="sess_local_alpha" outcome=completed.no_final.no_provider_configured input_chars=22 input_bytes=22
2026-09-30T02:44:33.876708Z  INFO lingxi_service: request handled request_id=req-8ee6ccf63230a55a5fbf22be31402ba9 method=POST path=/lingxi/v1/sessions/sess_local_alpha/execute status=200
2026-09-30T02:44:33.877562Z  INFO lingxi_service::sessions: run settled through the single finalize path run_id=run_000001a0f03311d5_00038b session_id="sess_local_alpha" outcome=completed.no_final.no_provider_configured input_chars=22 input_bytes=22
2026-09-30T02:44:33.877704Z  INFO lingxi_service: request handled request_id=req-3a5d4f214916fbc8e73da1e44126a850 method=POST path=/lingxi/v1/sessions/sess_local_alpha/execute status=200
2026-09-30T02:44:33.878563Z  INFO lingxi_service::sessions: run settled through the single finalize path run_id=run_000001a0f03311d6_00038c session_id="sess_local_alpha" outcome=completed.no_final.no_provider_configured input_chars=22 input_bytes=22
2026-09-30T02:44:33.878716Z  INFO lingxi_service: request handled request_id=req-db94a47e0f67f3ae481f77199261ed74 method=POST path=/lingxi/v1/sessions/sess_local_alpha/execute status=200
2026-09-30T02:44:33.879569Z  INFO lingxi_service::sessions: run settled through the single finalize path run_id=run_000001a0f03311d7_00038d session_id="sess_local_alpha" outcome=completed.no_final.no_provider_configured input_chars=22 input_bytes=22
2026-09-30T02:44:33.879709Z  INFO lingxi_service: request handled request_id=req-7c6fcd454b702eb12a5570c96bb8d11b method=POST path=/lingxi/v1/sessions/sess_local_alpha/execute status=200
2026-09-30T02:44:33.880560Z  INFO lingxi_service::sessions: run settled through the single finalize path run_id=run_000001a0f03311d8_00038e session_id="sess_local_alpha" outcome=completed.no_final.no_provider_configured input_chars=22 input_bytes=22
2026-09-30T02:44:33.880699Z  INFO lingxi_service: request handled request_id=req-4299dfb8ebc65f5d655f60202b5fb45e method=POST path=/lingxi/v1/sessions/sess_local_alpha/execute status=200
2026-09-30T02:44:33.881495Z  INFO lingxi_service::sessions: run settled through the single finalize path run_id=run_000001a0f03311d9_00038f session_id="sess_local_alpha" outcome=completed.no_final.no_provider_configured input_chars=22 input_bytes=22
2026-09-30T02:44:33.881633Z  INFO lingxi_service: request handled request_id=req-687f4a668f555ea6586efd8af689f95a method=POST path=/lingxi/v1/sessions/sess_local_alpha/execute status=200
2026-09-30T02:44:33.882388Z  INFO lingxi_service::sessions: run settled through the single finalize path run_id=run_000001a0f03311da_000390 session_id="sess_local_alpha" outcome=completed.no_final.no_provider_configured input_chars=22 input_bytes=22
2026-09-30T02:44:33.882529Z  INFO lingxi_service: request handled request_id=req-b4c397a1447ade64b71be693d08a4f0b method=POST path=/lingxi/v1/sessions/sess_local_alpha/execute status=200
2026-09-30T02:44:33.883330Z  INFO lingxi_service::sessions: run settled through the single finalize path run_id=run_000001a0f03311da_000391 session_id="sess_local_alpha" outcome=completed.no_final.no_provider_configured input_chars=22 input_bytes=22
2026-09-30T02:44:33.883467Z  INFO lingxi_service: request handled request_id=req-618e44905139c1635afd3fa985f9694d method=POST path=/lingxi/v1/sessions/sess_local_alpha/execute status=200
2026-09-30T02:44:33.884221Z  INFO lingxi_service::sessions: run settled through the single finalize path run_id=run_000001a0f03311db_000392 session_id="sess_local_alpha" outcome=completed.no_final.no_provider_configured input_chars=22 input_bytes=22
2026-09-30T02:44:33.884358Z  INFO lingxi_service: request handled request_id=req-c928d191d9d2a16ab9e8edbf0c84cd1c method=POST path=/lingxi/v1/sessions/sess_local_alpha/execute status=200
2026-09-30T02:44:33.885132Z  INFO lingxi_service::sessions: run settled through the single finalize path run_id=run_000001a0f03311dc_000393 session_id="sess_local_alpha" outcome=completed.no_final.no_provider_configured input_chars=22 input_bytes=22
2026-09-30T02:44:33.885270Z  INFO lingxi_service: request handled request_id=req-cff688f152c6b4ff64241654ad976b17 method=POST path=/lingxi/v1/sessions/sess_local_alpha/execute status=200
2026-09-30T02:44:33.886044Z  INFO lingxi_service::sessions: run settled through the single finalize path run_id=run_000001a0f03311dd_000394 session_id="sess_local_alpha" outcome=completed.no_final.no_provider_configured input_chars=22 input_bytes=22
2026-09-30T02:44:33.886180Z  INFO lingxi_service: request handled request_id=req-592154f00e889c431d9ce2b6518e3fd1 method=POST path=/lingxi/v1/sessions/sess_local_alpha/execute status=200
2026-09-30T02:44:33.886936Z  INFO lingxi_service::sessions: run settled through the single finalize path run_id=run_000001a0f03311de_000395 session_id="sess_local_alpha" outcome=completed.no_final.no_provider_configured input_chars=22 input_bytes=22
2026-09-30T02:44:33.887074Z  INFO lingxi_service: request handled request_id=req-53d7f00c0fa65d96b8d21a418d76377e method=POST path=/lingxi/v1/sessions/sess_local_alpha/execute status=200
2026-09-30T02:44:33.887940Z  INFO lingxi_service::sessions: run settled through the single finalize path run_id=run_000001a0f03311df_000396 session_id="sess_local_alpha" outcome=completed.no_final.no_provider_configured input_chars=22 input_bytes=22
2026-09-30T02:44:33.888084Z  INFO lingxi_service: request handled request_id=req-99fc6ffa4ac04f54f138774c88c48aa6 method=POST path=/lingxi/v1/sessions/sess_local_alpha/execute status=200
2026-09-30T02:44:33.888904Z  INFO lingxi_service::sessions: run settled through the single finalize path run_id=run_000001a0f03311e0_000397 session_id="sess_local_alpha" outcome=completed.no_final.no_provider_configured input_chars=22 input_bytes=22
2026-09-30T02:44:33.889042Z  INFO lingxi_service: request handled request_id=req-734d1b32dc3093acba2c5b6b1457f992 method=POST path=/lingxi/v1/sessions/sess_local_alpha/execute status=200
2026-09-30T02:44:33.891442Z  INFO lingxi_service::sessions: run settled through the single finalize path run_id=run_000001a0f03311e2_000398 session_id="sess_local_alpha" outcome=completed.no_final.no_provider_configured input_chars=22 input_bytes=22
2026-09-30T02:44:33.891592Z  INFO lingxi_service: request handled request_id=req-903dac31e3fe0c14083da5f215901429 method=POST path=/lingxi/v1/sessions/sess_local_alpha/execute status=200
2026-09-30T02:44:33.892648Z  INFO lingxi_service::sessions: run settled through the single finalize path run_id=run_000001a0f03311e4_000399 session_id="sess_local_alpha" outcome=completed.no_final.no_provider_configured input_chars=22 input_bytes=22
2026-09-30T02:44:33.892797Z  INFO lingxi_service: request handled request_id=req-8d36332148a5f1c06ee166a68eeff33c method=POST path=/lingxi/v1/sessions/sess_local_alpha/execute status=200
2026-09-30T02:44:33.893642Z  INFO lingxi_service::sessions: run settled through the single finalize path run_id=run_000001a0f03311e5_00039a session_id="sess_local_alpha" outcome=completed.no_final.no_provider_configured input_chars=22 input_bytes=22
2026-09-30T02:44:33.893795Z  INFO lingxi_service: request handled request_id=req-2ab2fc96575780220730183fe0483e73 method=POST path=/lingxi/v1/sessions/sess_local_alpha/execute status=200
2026-09-30T02:44:33.894670Z  INFO lingxi_service::sessions: run settled through the single finalize path run_id=run_000001a0f03311e6_00039b session_id="sess_local_alpha" outcome=completed.no_final.no_provider_configured input_chars=22 input_bytes=22
2026-09-30T02:44:33.894813Z  INFO lingxi_service: request handled request_id=req-477d298e11b3381b5a2ecc593770dc8c method=POST path=/lingxi/v1/sessions/sess_local_alpha/execute status=200
2026-09-30T02:44:33.895680Z  INFO lingxi_service::sessions: run settled through the single finalize path run_id=run_000001a0f03311e7_00039c session_id="sess_local_alpha" outcome=completed.no_final.no_provider_configured input_chars=22 input_bytes=22
2026-09-30T02:44:33.895830Z  INFO lingxi_service: request handled request_id=req-b167011081e20fc8237966b64600c9d6 method=POST path=/lingxi/v1/sessions/sess_local_alpha/execute status=200
2026-09-30T02:44:33.896692Z  INFO lingxi_service::sessions: run settled through the single finalize path run_id=run_000001a0f03311e8_00039d session_id="sess_local_alpha" outcome=completed.no_final.no_provider_configured input_chars=22 input_bytes=22
2026-09-30T02:44:33.896830Z  INFO lingxi_service: request handled request_id=req-e090f02053ba988a57b6e4bbd53d69b3 method=POST path=/lingxi/v1/sessions/sess_local_alpha/execute status=200
2026-09-30T02:44:33.897646Z  INFO lingxi_service::sessions: run settled through the single finalize path run_id=run_000001a0f03311e9_00039e session_id="sess_local_alpha" outcome=completed.no_final.no_provider_configured input_chars=22 input_bytes=22
2026-09-30T02:44:33.897785Z  INFO lingxi_service: request handled request_id=req-9aadda58929f680915ea98227298d45e method=POST path=/lingxi/v1/sessions/sess_local_alpha/execute status=200
2026-09-30T02:44:33.898598Z  INFO lingxi_service::sessions: run settled through the single finalize path run_id=run_000001a0f03311ea_00039f session_id="sess_local_alpha" outcome=completed.no_final.no_provider_configured input_chars=22 input_bytes=22
2026-09-30T02:44:33.898742Z  INFO lingxi_service: request handled request_id=req-ffc9f002b277baf38943951cdeacab3d method=POST path=/lingxi/v1/sessions/sess_local_alpha/execute status=200
2026-09-30T02:44:33.899554Z  INFO lingxi_service::sessions: run settled through the single finalize path run_id=run_000001a0f03311eb_0003a0 session_id="sess_local_alpha" outcome=completed.no_final.no_provider_configured input_chars=22 input_bytes=22
2026-09-30T02:44:33.899695Z  INFO lingxi_service: request handled request_id=req-1ec0230ede67d6b724a3fdb3281f6731 method=POST path=/lingxi/v1/sessions/sess_local_alpha/execute status=200
2026-09-30T02:44:33.900503Z  INFO lingxi_service::sessions: run settled through the single finalize path run_id=run_000001a0f03311ec_0003a1 session_id="sess_local_alpha" outcome=completed.no_final.no_provider_configured input_chars=22 input_bytes=22
2026-09-30T02:44:33.900646Z  INFO lingxi_service: request handled request_id=req-da779201f1645b8651d4a43ddd20fabd method=POST path=/lingxi/v1/sessions/sess_local_alpha/execute status=200
2026-09-30T02:44:33.901454Z  INFO lingxi_service::sessions: run settled through the single finalize path run_id=run_000001a0f03311ed_0003a2 session_id="sess_local_alpha" outcome=completed.no_final.no_provider_configured input_chars=22 input_bytes=22
2026-09-30T02:44:33.901591Z  INFO lingxi_service: request handled request_id=req-c6bc71743ec0c6ab4a6e09b125210b77 method=POST path=/lingxi/v1/sessions/sess_local_alpha/execute status=200
2026-09-30T02:44:33.902438Z  INFO lingxi_service::sessions: run settled through the single finalize path run_id=run_000001a0f03311ee_0003a3 session_id="sess_local_alpha" outcome=completed.no_final.no_provider_configured input_chars=22 input_bytes=22
2026-09-30T02:44:33.902577Z  INFO lingxi_service: request handled request_id=req-637c9bb2f140de0817544f877eeb3ffa method=POST path=/lingxi/v1/sessions/sess_local_alpha/execute status=200
2026-09-30T02:44:33.903374Z  INFO lingxi_service::sessions: run settled through the single finalize path run_id=run_000001a0f03311ee_0003a4 session_id="sess_local_alpha" outcome=completed.no_final.no_provider_configured input_chars=22 input_bytes=22
2026-09-30T02:44:33.903515Z  INFO lingxi_service: request handled request_id=req-34c05730c155475f69b0f6f28031d5b8 method=POST path=/lingxi/v1/sessions/sess_local_alpha/execute status=200
2026-09-30T02:44:33.904316Z  INFO lingxi_service::sessions: run settled through the single finalize path run_id=run_000001a0f03311ef_0003a5 session_id="sess_local_alpha" outcome=completed.no_final.no_provider_configured input_chars=22 input_bytes=22
2026-09-30T02:44:33.904458Z  INFO lingxi_service: request handled request_id=req-e603df763745b0c0366bf66186f3d11e method=POST path=/lingxi/v1/sessions/sess_local_alpha/execute status=200
2026-09-30T02:44:33.905256Z  INFO lingxi_service::sessions: run settled through the single finalize path run_id=run_000001a0f03311f0_0003a6 session_id="sess_local_alpha" outcome=completed.no_final.no_provider_configured input_chars=22 input_bytes=22
2026-09-30T02:44:33.905399Z  INFO lingxi_service: request handled request_id=req-1560e2e02b21afcc37a98e601c0732bf method=POST path=/lingxi/v1/sessions/sess_local_alpha/execute status=200
2026-09-30T02:44:33.906216Z  INFO lingxi_service::sessions: run settled through the single finalize path run_id=run_000001a0f03311f1_0003a7 session_id="sess_local_alpha" outcome=completed.no_final.no_provider_configured input_chars=22 input_bytes=22
2026-09-30T02:44:33.906356Z  INFO lingxi_service: request handled request_id=req-f0160cb93e9d7b5709f223ef860bfa41 method=POST path=/lingxi/v1/sessions/sess_local_alpha/execute status=200
2026-09-30T02:44:33.907253Z  INFO lingxi_service::sessions: run settled through the single finalize path run_id=run_000001a0f03311f2_0003a8 session_id="sess_local_alpha" outcome=completed.no_final.no_provider_configured input_chars=22 input_bytes=22
2026-09-30T02:44:33.907398Z  INFO lingxi_service: request handled request_id=req-0c5b05cffc0bf8ac27f7f5695319b7be method=POST path=/lingxi/v1/sessions/sess_local_alpha/execute status=200
2026-09-30T02:44:33.908272Z  INFO lingxi_service::sessions: run settled through the single finalize path run_id=run_000001a0f03311f3_0003a9 session_id="sess_local_alpha" outcome=completed.no_final.no_provider_configured input_chars=22 input_bytes=22
2026-09-30T02:44:33.908416Z  INFO lingxi_service: request handled request_id=req-e1b3c71fc30788d22b6345a372f87c86 method=POST path=/lingxi/v1/sessions/sess_local_alpha/execute status=200
2026-09-30T02:44:33.909233Z  INFO lingxi_service::sessions: run settled through the single finalize path run_id=run_000001a0f03311f4_0003aa session_id="sess_local_alpha" outcome=completed.no_final.no_provider_configured input_chars=22 input_bytes=22
2026-09-30T02:44:33.909374Z  INFO lingxi_service: request handled request_id=req-bb683a2581226bf8c56719a9bde93edc method=POST path=/lingxi/v1/sessions/sess_local_alpha/execute status=200
2026-09-30T02:44:33.910153Z  INFO lingxi_service::sessions: run settled through the single finalize path run_id=run_000001a0f03311f5_0003ab session_id="sess_local_alpha" outcome=completed.no_final.no_provider_configured input_chars=22 input_bytes=22
2026-09-30T02:44:33.910289Z  INFO lingxi_service: request handled request_id=req-8fafa940cf85d84ca4ef84a96b2adea7 method=POST path=/lingxi/v1/sessions/sess_local_alpha/execute status=200
2026-09-30T02:44:33.911559Z  INFO lingxi_service::sessions: run settled through the single finalize path run_id=run_000001a0f03311f6_0003ac session_id="sess_local_alpha" outcome=completed.no_final.no_provider_configured input_chars=22 input_bytes=22
2026-09-30T02:44:33.911706Z  INFO lingxi_service: request handled request_id=req-71d1c95a555e88a117184b0f7a8e7f71 method=POST path=/lingxi/v1/sessions/sess_local_alpha/execute status=200
2026-09-30T02:44:33.912575Z  INFO lingxi_service::sessions: run settled through the single finalize path run_id=run_000001a0f03311f8_0003ad session_id="sess_local_alpha" outcome=completed.no_final.no_provider_configured input_chars=22 input_bytes=22
2026-09-30T02:44:33.912719Z  INFO lingxi_service: request handled request_id=req-e39d5db59938afbeccf4047fda508980 method=POST path=/lingxi/v1/sessions/sess_local_alpha/execute status=200
2026-09-30T02:44:33.913542Z  INFO lingxi_service::sessions: run settled through the single finalize path run_id=run_000001a0f03311f9_0003ae session_id="sess_local_alpha" outcome=completed.no_final.no_provider_configured input_chars=22 input_bytes=22
2026-09-30T02:44:33.913691Z  INFO lingxi_service: request handled request_id=req-34d4b50e11e6fe94e92cb5724827a4a1 method=POST path=/lingxi/v1/sessions/sess_local_alpha/execute status=200
2026-09-30T02:44:33.914646Z  INFO lingxi_service::sessions: run settled through the single finalize path run_id=run_000001a0f03311fa_0003af session_id="sess_local_alpha" outcome=completed.no_final.no_provider_configured input_chars=22 input_bytes=22
2026-09-30T02:44:33.914790Z  INFO lingxi_service: request handled request_id=req-1f77f360fbe6cc2866cbb281ccb8ed50 method=POST path=/lingxi/v1/sessions/sess_local_alpha/execute status=200
2026-09-30T02:44:33.915638Z  INFO lingxi_service::sessions: run settled through the single finalize path run_id=run_000001a0f03311fb_0003b0 session_id="sess_local_alpha" outcome=completed.no_final.no_provider_configured input_chars=22 input_bytes=22
2026-09-30T02:44:33.915778Z  INFO lingxi_service: request handled request_id=req-a71a0612b77757787576a6d3300933ff method=POST path=/lingxi/v1/sessions/sess_local_alpha/execute status=200
2026-09-30T02:44:33.916623Z  INFO lingxi_service::sessions: run settled through the single finalize path run_id=run_000001a0f03311fc_0003b1 session_id="sess_local_alpha" outcome=completed.no_final.no_provider_configured input_chars=22 input_bytes=22
2026-09-30T02:44:33.916770Z  INFO lingxi_service: request handled request_id=req-be2860ce81eb777b97505e38828fe02c method=POST path=/lingxi/v1/sessions/sess_local_alpha/execute status=200
2026-09-30T02:44:33.917617Z  INFO lingxi_service::sessions: run settled through the single finalize path run_id=run_000001a0f03311fd_0003b2 session_id="sess_local_alpha" outcome=completed.no_final.no_provider_configured input_chars=22 input_bytes=22
2026-09-30T02:44:33.917754Z  INFO lingxi_service: request handled request_id=req-52a8204a54868fb75013d9826159c0b6 method=POST path=/lingxi/v1/sessions/sess_local_alpha/execute status=200
2026-09-30T02:44:33.918538Z  INFO lingxi_service::sessions: run settled through the single finalize path run_id=run_000001a0f03311fe_0003b3 session_id="sess_local_alpha" outcome=completed.no_final.no_provider_configured input_chars=22 input_bytes=22
2026-09-30T02:44:33.918681Z  INFO lingxi_service: request handled request_id=req-23bc372a2d9b2fd1f30920eb6d1ac765 method=POST path=/lingxi/v1/sessions/sess_local_alpha/execute status=200
2026-09-30T02:44:33.919474Z  INFO lingxi_service::sessions: run settled through the single finalize path run_id=run_000001a0f03311ff_0003b4 session_id="sess_local_alpha" outcome=completed.no_final.no_provider_configured input_chars=22 input_bytes=22
2026-09-30T02:44:33.919611Z  INFO lingxi_service: request handled request_id=req-e1479d0e63a4b3c2694497a891408aa8 method=POST path=/lingxi/v1/sessions/sess_local_alpha/execute status=200
2026-09-30T02:44:33.920411Z  INFO lingxi_service::sessions: run settled through the single finalize path run_id=run_000001a0f03311ff_0003b5 session_id="sess_local_alpha" outcome=completed.no_final.no_provider_configured input_chars=22 input_bytes=22
2026-09-30T02:44:33.920548Z  INFO lingxi_service: request handled request_id=req-6453172bad3ec2a1407af819a0ca6ccc method=POST path=/lingxi/v1/sessions/sess_local_alpha/execute status=200
2026-09-30T02:44:33.921335Z  INFO lingxi_service::sessions: run settled through the single finalize path run_id=run_000001a0f0331200_0003b6 session_id="sess_local_alpha" outcome=completed.no_final.no_provider_configured input_chars=22 input_bytes=22
2026-09-30T02:44:33.921474Z  INFO lingxi_service: request handled request_id=req-fa6698cf14e509906729e4ed54d7580d method=POST path=/lingxi/v1/sessions/sess_local_alpha/execute status=200
2026-09-30T02:44:33.922306Z  INFO lingxi_service::sessions: run settled through the single finalize path run_id=run_000001a0f0331201_0003b7 session_id="sess_local_alpha" outcome=completed.no_final.no_provider_configured input_chars=22 input_bytes=22
2026-09-30T02:44:33.922455Z  INFO lingxi_service: request handled request_id=req-6586b3ef6a1b8225c4931ec3edaebb1f method=POST path=/lingxi/v1/sessions/sess_local_alpha/execute status=200
2026-09-30T02:44:33.923220Z  INFO lingxi_service::sessions: run settled through the single finalize path run_id=run_000001a0f0331202_0003b8 session_id="sess_local_alpha" outcome=completed.no_final.no_provider_configured input_chars=22 input_bytes=22
2026-09-30T02:44:33.923359Z  INFO lingxi_service: request handled request_id=req-4cc00bf33d1060a8b8977655f2b06f25 method=POST path=/lingxi/v1/sessions/sess_local_alpha/execute status=200
2026-09-30T02:44:33.924255Z  INFO lingxi_service::sessions: run settled through the single finalize path run_id=run_000001a0f0331203_0003b9 session_id="sess_local_alpha" outcome=completed.no_final.no_provider_configured input_chars=22 input_bytes=22
2026-09-30T02:44:33.924396Z  INFO lingxi_service: request handled request_id=req-3056c6415366047bec28ca73f7b25e77 method=POST path=/lingxi/v1/sessions/sess_local_alpha/execute status=200
2026-09-30T02:44:33.925310Z  INFO lingxi_service::sessions: run settled through the single finalize path run_id=run_000001a0f0331204_0003ba session_id="sess_local_alpha" outcome=completed.no_final.no_provider_configured input_chars=22 input_bytes=22
2026-09-30T02:44:33.925452Z  INFO lingxi_service: request handled request_id=req-45131c9de6177d6634eadb584f7c14a8 method=POST path=/lingxi/v1/sessions/sess_local_alpha/execute status=200
2026-09-30T02:44:33.926342Z  INFO lingxi_service::sessions: run settled through the single finalize path run_id=run_000001a0f0331205_0003bb session_id="sess_local_alpha" outcome=completed.no_final.no_provider_configured input_chars=22 input_bytes=22
2026-09-30T02:44:33.926491Z  INFO lingxi_service: request handled request_id=req-d0af3ddd32ba11dd13f1f8b1fe653d17 method=POST path=/lingxi/v1/sessions/sess_local_alpha/execute status=200
2026-09-30T02:44:33.927336Z  INFO lingxi_service::sessions: run settled through the single finalize path run_id=run_000001a0f0331206_0003bc session_id="sess_local_alpha" outcome=completed.no_final.no_provider_configured input_chars=22 input_bytes=22
2026-09-30T02:44:33.927480Z  INFO lingxi_service: request handled request_id=req-667a4b0abf28414a410414da491412c3 method=POST path=/lingxi/v1/sessions/sess_local_alpha/execute status=200
2026-09-30T02:44:33.928327Z  INFO lingxi_service::sessions: run settled through the single finalize path run_id=run_000001a0f0331207_0003bd session_id="sess_local_alpha" outcome=completed.no_final.no_provider_configured input_chars=22 input_bytes=22
2026-09-30T02:44:33.928466Z  INFO lingxi_service: request handled request_id=req-37e0d258130526ff4c68ead057e1dbf5 method=POST path=/lingxi/v1/sessions/sess_local_alpha/execute status=200
2026-09-30T02:44:33.929244Z  INFO lingxi_service::sessions: run settled through the single finalize path run_id=run_000001a0f0331208_0003be session_id="sess_local_alpha" outcome=completed.no_final.no_provider_configured input_chars=22 input_bytes=22
2026-09-30T02:44:33.929381Z  INFO lingxi_service: request handled request_id=req-10162d17a2d88b20b7b39dfc95b54c2f method=POST path=/lingxi/v1/sessions/sess_local_alpha/execute status=200
2026-09-30T02:44:33.930196Z  INFO lingxi_service::sessions: run settled through the single finalize path run_id=run_000001a0f0331209_0003bf session_id="sess_local_alpha" outcome=completed.no_final.no_provider_configured input_chars=22 input_bytes=22
2026-09-30T02:44:33.930336Z  INFO lingxi_service: request handled request_id=req-ef0c370004490cc5d3f4d068b2246c66 method=POST path=/lingxi/v1/sessions/sess_local_alpha/execute status=200
2026-09-30T02:44:33.931117Z  INFO lingxi_service::sessions: run settled through the single finalize path run_id=run_000001a0f033120a_0003c0 session_id="sess_local_alpha" outcome=completed.no_final.no_provider_configured input_chars=22 input_bytes=22
2026-09-30T02:44:33.931256Z  INFO lingxi_service: request handled request_id=req-0e414fb3242c1574cb8ca1bcdc74d96b method=POST path=/lingxi/v1/sessions/sess_local_alpha/execute status=200
2026-09-30T02:44:33.932028Z  INFO lingxi_service::sessions: run settled through the single finalize path run_id=run_000001a0f033120b_0003c1 session_id="sess_local_alpha" outcome=completed.no_final.no_provider_configured input_chars=22 input_bytes=22
2026-09-30T02:44:33.932179Z  INFO lingxi_service: request handled request_id=req-9ffdb20526f0105f368c4d24eaa545b1 method=POST path=/lingxi/v1/sessions/sess_local_alpha/execute status=200
2026-09-30T02:44:33.932975Z  INFO lingxi_service::sessions: run settled through the single finalize path run_id=run_000001a0f033120c_0003c2 session_id="sess_local_alpha" outcome=completed.no_final.no_provider_configured input_chars=22 input_bytes=22
2026-09-30T02:44:33.933116Z  INFO lingxi_service: request handled request_id=req-b60e4abd644fe4be08e7a3444881c7c9 method=POST path=/lingxi/v1/sessions/sess_local_alpha/execute status=200
2026-09-30T02:44:33.933936Z  INFO lingxi_service::sessions: run settled through the single finalize path run_id=run_000001a0f033120d_0003c3 session_id="sess_local_alpha" outcome=completed.no_final.no_provider_configured input_chars=22 input_bytes=22
2026-09-30T02:44:33.934076Z  INFO lingxi_service: request handled request_id=req-d6645901296d18973b6fd7dfaa56ed28 method=POST path=/lingxi/v1/sessions/sess_local_alpha/execute status=200
2026-09-30T02:44:33.934871Z  INFO lingxi_service::sessions: run settled through the single finalize path run_id=run_000001a0f033120e_0003c4 session_id="sess_local_alpha" outcome=completed.no_final.no_provider_configured input_chars=22 input_bytes=22
2026-09-30T02:44:33.935011Z  INFO lingxi_service: request handled request_id=req-b056c043d54d5eda843f821eb5bafc2f method=POST path=/lingxi/v1/sessions/sess_local_alpha/execute status=200
2026-09-30T02:44:33.935784Z  INFO lingxi_service::sessions: run settled through the single finalize path run_id=run_000001a0f033120f_0003c5 session_id="sess_local_alpha" outcome=completed.no_final.no_provider_configured input_chars=22 input_bytes=22
2026-09-30T02:44:33.935923Z  INFO lingxi_service: request handled request_id=req-e6385e514d8d49af5019b4de805feef6 method=POST path=/lingxi/v1/sessions/sess_local_alpha/execute status=200
2026-09-30T02:44:33.936710Z  INFO lingxi_service::sessions: run settled through the single finalize path run_id=run_000001a0f0331210_0003c6 session_id="sess_local_alpha" outcome=completed.no_final.no_provider_configured input_chars=22 input_bytes=22
2026-09-30T02:44:33.936852Z  INFO lingxi_service: request handled request_id=req-79d1c31cfc96e03651857901c6deed56 method=POST path=/lingxi/v1/sessions/sess_local_alpha/execute status=200
2026-09-30T02:44:33.937653Z  INFO lingxi_service::sessions: run settled through the single finalize path run_id=run_000001a0f0331211_0003c7 session_id="sess_local_alpha" outcome=completed.no_final.no_provider_configured input_chars=22 input_bytes=22
2026-09-30T02:44:33.937793Z  INFO lingxi_service: request handled request_id=req-93de1e3eea9eb24232ec0b971b428b5f method=POST path=/lingxi/v1/sessions/sess_local_alpha/execute status=200
2026-09-30T02:44:33.938572Z  INFO lingxi_service::sessions: run settled through the single finalize path run_id=run_000001a0f0331212_0003c8 session_id="sess_local_alpha" outcome=completed.no_final.no_provider_configured input_chars=22 input_bytes=22
2026-09-30T02:44:33.938710Z  INFO lingxi_service: request handled request_id=req-2c23dbb0843552fdace365e414f3c17e method=POST path=/lingxi/v1/sessions/sess_local_alpha/execute status=200
2026-09-30T02:44:33.939540Z  INFO lingxi_service::sessions: run settled through the single finalize path run_id=run_000001a0f0331213_0003c9 session_id="sess_local_alpha" outcome=completed.no_final.no_provider_configured input_chars=22 input_bytes=22
2026-09-30T02:44:33.939680Z  INFO lingxi_service: request handled request_id=req-be962878ae060dd2fe2aa46a78cc1451 method=POST path=/lingxi/v1/sessions/sess_local_alpha/execute status=200
2026-09-30T02:44:33.940535Z  INFO lingxi_service::sessions: run settled through the single finalize path run_id=run_000001a0f0331214_0003ca session_id="sess_local_alpha" outcome=completed.no_final.no_provider_configured input_chars=22 input_bytes=22
2026-09-30T02:44:33.940672Z  INFO lingxi_service: request handled request_id=req-a3115b89cb725111f1c511efa55cf6a3 method=POST path=/lingxi/v1/sessions/sess_local_alpha/execute status=200
2026-09-30T02:44:33.941445Z  INFO lingxi_service::sessions: run settled through the single finalize path run_id=run_000001a0f0331215_0003cb session_id="sess_local_alpha" outcome=completed.no_final.no_provider_configured input_chars=22 input_bytes=22
2026-09-30T02:44:33.941583Z  INFO lingxi_service: request handled request_id=req-6fe604169ef290c8b3861f53c791bca4 method=POST path=/lingxi/v1/sessions/sess_local_alpha/execute status=200
2026-09-30T02:44:33.942360Z  INFO lingxi_service::sessions: run settled through the single finalize path run_id=run_000001a0f0331215_0003cc session_id="sess_local_alpha" outcome=completed.no_final.no_provider_configured input_chars=22 input_bytes=22
2026-09-30T02:44:33.942498Z  INFO lingxi_service: request handled request_id=req-7a5c03bf1296fbace8f9f8cfb11085ad method=POST path=/lingxi/v1/sessions/sess_local_alpha/execute status=200
2026-09-30T02:44:33.943304Z  INFO lingxi_service::sessions: run settled through the single finalize path run_id=run_000001a0f0331216_0003cd session_id="sess_local_alpha" outcome=completed.no_final.no_provider_configured input_chars=22 input_bytes=22
2026-09-30T02:44:33.943444Z  INFO lingxi_service: request handled request_id=req-740dc7320538c0b98b3cc0ccff959b2d method=POST path=/lingxi/v1/sessions/sess_local_alpha/execute status=200
2026-09-30T02:44:33.944277Z  INFO lingxi_service::sessions: run settled through the single finalize path run_id=run_000001a0f0331217_0003ce session_id="sess_local_alpha" outcome=completed.no_final.no_provider_configured input_chars=22 input_bytes=22
2026-09-30T02:44:33.944419Z  INFO lingxi_service: request handled request_id=req-0b30b3da186cf25e6b161cd0038a97ea method=POST path=/lingxi/v1/sessions/sess_local_alpha/execute status=200
2026-09-30T02:44:33.945175Z  INFO lingxi_service::sessions: run settled through the single finalize path run_id=run_000001a0f0331218_0003cf session_id="sess_local_alpha" outcome=completed.no_final.no_provider_configured input_chars=22 input_bytes=22
2026-09-30T02:44:33.945314Z  INFO lingxi_service: request handled request_id=req-abdc229860a98a4c2e89fcc22122939f method=POST path=/lingxi/v1/sessions/sess_local_alpha/execute status=200
2026-09-30T02:44:33.946063Z  INFO lingxi_service::sessions: run settled through the single finalize path run_id=run_000001a0f0331219_0003d0 session_id="sess_local_alpha" outcome=completed.no_final.no_provider_configured input_chars=22 input_bytes=22
2026-09-30T02:44:33.946204Z  INFO lingxi_service: request handled request_id=req-a864aacb8c347cdcf140ca06e580a6e4 method=POST path=/lingxi/v1/sessions/sess_local_alpha/execute status=200
2026-09-30T02:44:33.946974Z  INFO lingxi_service::sessions: run settled through the single finalize path run_id=run_000001a0f033121a_0003d1 session_id="sess_local_alpha" outcome=completed.no_final.no_provider_configured input_chars=22 input_bytes=22
2026-09-30T02:44:33.947116Z  INFO lingxi_service: request handled request_id=req-4fd924f3dfb05b913282abb936ed0ef0 method=POST path=/lingxi/v1/sessions/sess_local_alpha/execute status=200
2026-09-30T02:44:33.947859Z  INFO lingxi_service::sessions: run settled through the single finalize path run_id=run_000001a0f033121b_0003d2 session_id="sess_local_alpha" outcome=completed.no_final.no_provider_configured input_chars=22 input_bytes=22
2026-09-30T02:44:33.947998Z  INFO lingxi_service: request handled request_id=req-3c4d180e9d235f84c1b422b9e180dfa4 method=POST path=/lingxi/v1/sessions/sess_local_alpha/execute status=200
2026-09-30T02:44:33.948738Z  INFO lingxi_service::sessions: run settled through the single finalize path run_id=run_000001a0f033121c_0003d3 session_id="sess_local_alpha" outcome=completed.no_final.no_provider_configured input_chars=22 input_bytes=22
2026-09-30T02:44:33.948876Z  INFO lingxi_service: request handled request_id=req-2a0f38d7ec20169582d3d54ac3a7b120 method=POST path=/lingxi/v1/sessions/sess_local_alpha/execute status=200
2026-09-30T02:44:33.949674Z  INFO lingxi_service::sessions: run settled through the single finalize path run_id=run_000001a0f033121d_0003d4 session_id="sess_local_alpha" outcome=completed.no_final.no_provider_configured input_chars=22 input_bytes=22
2026-09-30T02:44:33.949812Z  INFO lingxi_service: request handled request_id=req-f854e29fd79eae950345bc43109a4a1d method=POST path=/lingxi/v1/sessions/sess_local_alpha/execute status=200
2026-09-30T02:44:33.950564Z  INFO lingxi_service::sessions: run settled through the single finalize path run_id=run_000001a0f033121e_0003d5 session_id="sess_local_alpha" outcome=completed.no_final.no_provider_configured input_chars=22 input_bytes=22
2026-09-30T02:44:33.950703Z  INFO lingxi_service: request handled request_id=req-0a8c0bba4b242167058e4e620b720621 method=POST path=/lingxi/v1/sessions/sess_local_alpha/execute status=200
2026-09-30T02:44:33.951466Z  INFO lingxi_service::sessions: run settled through the single finalize path run_id=run_000001a0f033121f_0003d6 session_id="sess_local_alpha" outcome=completed.no_final.no_provider_configured input_chars=22 input_bytes=22
2026-09-30T02:44:33.951608Z  INFO lingxi_service: request handled request_id=req-39f5c568815305614eb1b4720a5f47a0 method=POST path=/lingxi/v1/sessions/sess_local_alpha/execute status=200
2026-09-30T02:44:33.952350Z  INFO lingxi_service::sessions: run settled through the single finalize path run_id=run_000001a0f033121f_0003d7 session_id="sess_local_alpha" outcome=completed.no_final.no_provider_configured input_chars=22 input_bytes=22
2026-09-30T02:44:33.952493Z  INFO lingxi_service: request handled request_id=req-5aec72f86d7b4f2f2fd5871540ce436c method=POST path=/lingxi/v1/sessions/sess_local_alpha/execute status=200
2026-09-30T02:44:33.953227Z  INFO lingxi_service::sessions: run settled through the single finalize path run_id=run_000001a0f0331220_0003d8 session_id="sess_local_alpha" outcome=completed.no_final.no_provider_configured input_chars=22 input_bytes=22
2026-09-30T02:44:33.953368Z  INFO lingxi_service: request handled request_id=req-bdd820340291c09ca1edb908052b43be method=POST path=/lingxi/v1/sessions/sess_local_alpha/execute status=200
2026-09-30T02:44:33.954137Z  INFO lingxi_service::sessions: run settled through the single finalize path run_id=run_000001a0f0331221_0003d9 session_id="sess_local_alpha" outcome=completed.no_final.no_provider_configured input_chars=22 input_bytes=22
2026-09-30T02:44:33.954278Z  INFO lingxi_service: request handled request_id=req-6936ad07ac53d17da59d062ca6a0c5f7 method=POST path=/lingxi/v1/sessions/sess_local_alpha/execute status=200
2026-09-30T02:44:33.955068Z  INFO lingxi_service::sessions: run settled through the single finalize path run_id=run_000001a0f0331222_0003da session_id="sess_local_alpha" outcome=completed.no_final.no_provider_configured input_chars=22 input_bytes=22
2026-09-30T02:44:33.955207Z  INFO lingxi_service: request handled request_id=req-8a91d84a4db5bb1b8f02ba93f296f194 method=POST path=/lingxi/v1/sessions/sess_local_alpha/execute status=200
2026-09-30T02:44:33.956399Z  INFO lingxi_service::sessions: run settled through the single finalize path run_id=run_000001a0f0331223_0003db session_id="sess_local_alpha" outcome=completed.no_final.no_provider_configured input_chars=22 input_bytes=22
2026-09-30T02:44:33.956538Z  INFO lingxi_service: request handled request_id=req-9f80c4d1be5cfd4710123608c97b9d8b method=POST path=/lingxi/v1/sessions/sess_local_alpha/execute status=200
2026-09-30T02:44:33.957323Z  INFO lingxi_service::sessions: run settled through the single finalize path run_id=run_000001a0f0331224_0003dc session_id="sess_local_alpha" outcome=completed.no_final.no_provider_configured input_chars=22 input_bytes=22
2026-09-30T02:44:33.957464Z  INFO lingxi_service: request handled request_id=req-2c3b1275e7ecd024ae7c32681ac545c4 method=POST path=/lingxi/v1/sessions/sess_local_alpha/execute status=200
2026-09-30T02:44:33.958207Z  INFO lingxi_service::sessions: run settled through the single finalize path run_id=run_000001a0f0331225_0003dd session_id="sess_local_alpha" outcome=completed.no_final.no_provider_configured input_chars=22 input_bytes=22
2026-09-30T02:44:33.958346Z  INFO lingxi_service: request handled request_id=req-42ecb895416297d84b80b693426a05d8 method=POST path=/lingxi/v1/sessions/sess_local_alpha/execute status=200
2026-09-30T02:44:33.959107Z  INFO lingxi_service::sessions: run settled through the single finalize path run_id=run_000001a0f0331226_0003de session_id="sess_local_alpha" outcome=completed.no_final.no_provider_configured input_chars=22 input_bytes=22
2026-09-30T02:44:33.959245Z  INFO lingxi_service: request handled request_id=req-c8ba495e8362cb9bbdd8665aff934388 method=POST path=/lingxi/v1/sessions/sess_local_alpha/execute status=200
2026-09-30T02:44:33.960007Z  INFO lingxi_service::sessions: run settled through the single finalize path run_id=run_000001a0f0331227_0003df session_id="sess_local_alpha" outcome=completed.no_final.no_provider_configured input_chars=22 input_bytes=22
2026-09-30T02:44:33.960145Z  INFO lingxi_service: request handled request_id=req-4226e983d7eb68b95c6b17ab02cc8475 method=POST path=/lingxi/v1/sessions/sess_local_alpha/execute status=200
2026-09-30T02:44:33.960931Z  INFO lingxi_service::sessions: run settled through the single finalize path run_id=run_000001a0f0331228_0003e0 session_id="sess_local_alpha" outcome=completed.no_final.no_provider_configured input_chars=22 input_bytes=22
2026-09-30T02:44:33.961079Z  INFO lingxi_service: request handled request_id=req-ba539d5f6b6d700e2487dbe60af79bc5 method=POST path=/lingxi/v1/sessions/sess_local_alpha/execute status=200
2026-09-30T02:44:33.961844Z  INFO lingxi_service::sessions: run settled through the single finalize path run_id=run_000001a0f0331229_0003e1 session_id="sess_local_alpha" outcome=completed.no_final.no_provider_configured input_chars=22 input_bytes=22
2026-09-30T02:44:33.961983Z  INFO lingxi_service: request handled request_id=req-b0f0f82d303c566713b8f47675083b6c method=POST path=/lingxi/v1/sessions/sess_local_alpha/execute status=200
2026-09-30T02:44:33.965089Z  INFO lingxi_service::sessions: run settled through the single finalize path run_id=run_000001a0f033122c_0003e2 session_id="sess_local_alpha" outcome=completed.no_final.no_provider_configured input_chars=22 input_bytes=22
2026-09-30T02:44:33.965229Z  INFO lingxi_service: request handled request_id=req-7d48010a8e1117daec686552f3dce537 method=POST path=/lingxi/v1/sessions/sess_local_alpha/execute status=200
2026-09-30T02:44:33.966002Z  INFO lingxi_service::sessions: run settled through the single finalize path run_id=run_000001a0f033122d_0003e3 session_id="sess_local_alpha" outcome=completed.no_final.no_provider_configured input_chars=22 input_bytes=22
2026-09-30T02:44:33.966148Z  INFO lingxi_service: request handled request_id=req-beedc91f9504147f16dee0fd24d9e26f method=POST path=/lingxi/v1/sessions/sess_local_alpha/execute status=200
2026-09-30T02:44:33.966899Z  INFO lingxi_service::sessions: run settled through the single finalize path run_id=run_000001a0f033122e_0003e4 session_id="sess_local_alpha" outcome=completed.no_final.no_provider_configured input_chars=22 input_bytes=22
2026-09-30T02:44:33.967042Z  INFO lingxi_service: request handled request_id=req-449e83dc424664f7e37e5bcbb88778ae method=POST path=/lingxi/v1/sessions/sess_local_alpha/execute status=200
2026-09-30T02:44:33.967825Z  INFO lingxi_service::sessions: run settled through the single finalize path run_id=run_000001a0f033122f_0003e5 session_id="sess_local_alpha" outcome=completed.no_final.no_provider_configured input_chars=22 input_bytes=22
2026-09-30T02:44:33.967968Z  INFO lingxi_service: request handled request_id=req-8045df16ae11d18c86e0af8b7cb70f5f method=POST path=/lingxi/v1/sessions/sess_local_alpha/execute status=200
2026-09-30T02:44:33.968733Z  INFO lingxi_service::sessions: run settled through the single finalize path run_id=run_000001a0f0331230_0003e6 session_id="sess_local_alpha" outcome=completed.no_final.no_provider_configured input_chars=22 input_bytes=22
2026-09-30T02:44:33.968874Z  INFO lingxi_service: request handled request_id=req-467ddfced122005433a1c01402e156fe method=POST path=/lingxi/v1/sessions/sess_local_alpha/execute status=200
2026-09-30T02:44:33.969682Z  INFO lingxi_service::sessions: run settled through the single finalize path run_id=run_000001a0f0331231_0003e7 session_id="sess_local_alpha" outcome=completed.no_final.no_provider_configured input_chars=22 input_bytes=22
2026-09-30T02:44:33.969824Z  INFO lingxi_service: request handled request_id=req-26e53e1a3c9dbd70e821106811ab5ced method=POST path=/lingxi/v1/sessions/sess_local_alpha/execute status=200
2026-09-30T02:44:33.970605Z  INFO lingxi_service::sessions: run settled through the single finalize path run_id=run_000001a0f0331232_0003e8 session_id="sess_local_alpha" outcome=completed.no_final.no_provider_configured input_chars=22 input_bytes=22
2026-09-30T02:44:33.970749Z  INFO lingxi_service: request handled request_id=req-31b7794d7880bd5daefb61f98fb1b5ae method=POST path=/lingxi/v1/sessions/sess_local_alpha/execute status=200
2026-09-30T02:44:33.971509Z  INFO lingxi_service::sessions: run settled through the single finalize path run_id=run_000001a0f0331233_0003e9 session_id="sess_local_alpha" outcome=completed.no_final.no_provider_configured input_chars=22 input_bytes=22
2026-09-30T02:44:33.971650Z  INFO lingxi_service: request handled request_id=req-07b5e20c42fca8941404a4a174925ad2 method=POST path=/lingxi/v1/sessions/sess_local_alpha/execute status=200
2026-09-30T02:44:33.972441Z  INFO lingxi_service::sessions: run settled through the single finalize path run_id=run_000001a0f0331234_0003ea session_id="sess_local_alpha" outcome=completed.no_final.no_provider_configured input_chars=22 input_bytes=22
2026-09-30T02:44:33.972582Z  INFO lingxi_service: request handled request_id=req-ee894b1e10ab0c0f01482ba5f3b47c1c method=POST path=/lingxi/v1/sessions/sess_local_alpha/execute status=200
2026-09-30T02:44:33.973368Z  INFO lingxi_service::sessions: run settled through the single finalize path run_id=run_000001a0f0331234_0003eb session_id="sess_local_alpha" outcome=completed.no_final.no_provider_configured input_chars=22 input_bytes=22
2026-09-30T02:44:33.973514Z  INFO lingxi_service: request handled request_id=req-338d21ba5040e6f97c7ce7af7de35e6c method=POST path=/lingxi/v1/sessions/sess_local_alpha/execute status=200
2026-09-30T02:44:33.974277Z  INFO lingxi_service::sessions: run settled through the single finalize path run_id=run_000001a0f0331235_0003ec session_id="sess_local_alpha" outcome=completed.no_final.no_provider_configured input_chars=22 input_bytes=22
2026-09-30T02:44:33.974423Z  INFO lingxi_service: request handled request_id=req-ba4a0d79293e0bad19e9ac413b53ca69 method=POST path=/lingxi/v1/sessions/sess_local_alpha/execute status=200
2026-09-30T02:44:33.975180Z  INFO lingxi_service::sessions: run settled through the single finalize path run_id=run_000001a0f0331236_0003ed session_id="sess_local_alpha" outcome=completed.no_final.no_provider_configured input_chars=22 input_bytes=22
2026-09-30T02:44:33.975319Z  INFO lingxi_service: request handled request_id=req-a71e09da2a80c4581b4c0ea7bd0a71eb method=POST path=/lingxi/v1/sessions/sess_local_alpha/execute status=200
2026-09-30T02:44:33.976074Z  INFO lingxi_service::sessions: run settled through the single finalize path run_id=run_000001a0f0331237_0003ee session_id="sess_local_alpha" outcome=completed.no_final.no_provider_configured input_chars=22 input_bytes=22
2026-09-30T02:44:33.976214Z  INFO lingxi_service: request handled request_id=req-3f0cc01842aa0f16a0259ac3c9497c42 method=POST path=/lingxi/v1/sessions/sess_local_alpha/execute status=200
2026-09-30T02:44:33.976960Z  INFO lingxi_service::sessions: run settled through the single finalize path run_id=run_000001a0f0331238_0003ef session_id="sess_local_alpha" outcome=completed.no_final.no_provider_configured input_chars=22 input_bytes=22
2026-09-30T02:44:33.977101Z  INFO lingxi_service: request handled request_id=req-b78ee5e58e9bd6846220974354d56103 method=POST path=/lingxi/v1/sessions/sess_local_alpha/execute status=200
2026-09-30T02:44:33.977882Z  INFO lingxi_service::sessions: run settled through the single finalize path run_id=run_000001a0f0331239_0003f0 session_id="sess_local_alpha" outcome=completed.no_final.no_provider_configured input_chars=22 input_bytes=22
2026-09-30T02:44:33.978023Z  INFO lingxi_service: request handled request_id=req-c86a38d1782116fa77b03800a554ad50 method=POST path=/lingxi/v1/sessions/sess_local_alpha/execute status=200
2026-09-30T02:44:33.978800Z  INFO lingxi_service::sessions: run settled through the single finalize path run_id=run_000001a0f033123a_0003f1 session_id="sess_local_alpha" outcome=completed.no_final.no_provider_configured input_chars=22 input_bytes=22
2026-09-30T02:44:33.978939Z  INFO lingxi_service: request handled request_id=req-d35457f332a5563f3c18ae139e89705d method=POST path=/lingxi/v1/sessions/sess_local_alpha/execute status=200
2026-09-30T02:44:33.979657Z  INFO lingxi_service::sessions: run settled through the single finalize path run_id=run_000001a0f033123b_0003f2 session_id="sess_local_alpha" outcome=completed.no_final.no_provider_configured input_chars=22 input_bytes=22
2026-09-30T02:44:33.979796Z  INFO lingxi_service: request handled request_id=req-d39eefd0239765aad5d7790934aa88fc method=POST path=/lingxi/v1/sessions/sess_local_alpha/execute status=200
2026-09-30T02:44:33.980561Z  INFO lingxi_service::sessions: run settled through the single finalize path run_id=run_000001a0f033123c_0003f3 session_id="sess_local_alpha" outcome=completed.no_final.no_provider_configured input_chars=22 input_bytes=22
2026-09-30T02:44:33.980704Z  INFO lingxi_service: request handled request_id=req-599d07f35e10d083b988445251fcdf52 method=POST path=/lingxi/v1/sessions/sess_local_alpha/execute status=200
2026-09-30T02:44:33.981474Z  INFO lingxi_service::sessions: run settled through the single finalize path run_id=run_000001a0f033123d_0003f4 session_id="sess_local_alpha" outcome=completed.no_final.no_provider_configured input_chars=22 input_bytes=22
2026-09-30T02:44:33.981614Z  INFO lingxi_service: request handled request_id=req-bee3cf1dcf7619a3cf5714076f182147 method=POST path=/lingxi/v1/sessions/sess_local_alpha/execute status=200
2026-09-30T02:44:33.982360Z  INFO lingxi_service::sessions: run settled through the single finalize path run_id=run_000001a0f033123d_0003f5 session_id="sess_local_alpha" outcome=completed.no_final.no_provider_configured input_chars=22 input_bytes=22
2026-09-30T02:44:33.982502Z  INFO lingxi_service: request handled request_id=req-53df6e31002842857cbd0b456c394b78 method=POST path=/lingxi/v1/sessions/sess_local_alpha/execute status=200
2026-09-30T02:44:33.983277Z  INFO lingxi_service::sessions: run settled through the single finalize path run_id=run_000001a0f033123e_0003f6 session_id="sess_local_alpha" outcome=completed.no_final.no_provider_configured input_chars=22 input_bytes=22
2026-09-30T02:44:33.983418Z  INFO lingxi_service: request handled request_id=req-c1947d0ef17a3ba3f8e9c4b4f6aba492 method=POST path=/lingxi/v1/sessions/sess_local_alpha/execute status=200
2026-09-30T02:44:33.984162Z  INFO lingxi_service::sessions: run settled through the single finalize path run_id=run_000001a0f033123f_0003f7 session_id="sess_local_alpha" outcome=completed.no_final.no_provider_configured input_chars=22 input_bytes=22
2026-09-30T02:44:33.984306Z  INFO lingxi_service: request handled request_id=req-4c80e4ca1ff0ede4f980e392e9deb2ab method=POST path=/lingxi/v1/sessions/sess_local_alpha/execute status=200
2026-09-30T02:44:33.985024Z  INFO lingxi_service::sessions: run settled through the single finalize path run_id=run_000001a0f0331240_0003f8 session_id="sess_local_alpha" outcome=completed.no_final.no_provider_configured input_chars=22 input_bytes=22
2026-09-30T02:44:33.985165Z  INFO lingxi_service: request handled request_id=req-c45b37ad75bcff46caa9bbf87cf1202f method=POST path=/lingxi/v1/sessions/sess_local_alpha/execute status=200
2026-09-30T02:44:33.985909Z  INFO lingxi_service::sessions: run settled through the single finalize path run_id=run_000001a0f0331241_0003f9 session_id="sess_local_alpha" outcome=completed.no_final.no_provider_configured input_chars=22 input_bytes=22
2026-09-30T02:44:33.986051Z  INFO lingxi_service: request handled request_id=req-5ac1f6e25a697fa00a5ac56c478cb9ab method=POST path=/lingxi/v1/sessions/sess_local_alpha/execute status=200
2026-09-30T02:44:33.986773Z  INFO lingxi_service::sessions: run settled through the single finalize path run_id=run_000001a0f0331242_0003fa session_id="sess_local_alpha" outcome=completed.no_final.no_provider_configured input_chars=22 input_bytes=22
2026-09-30T02:44:33.986918Z  INFO lingxi_service: request handled request_id=req-e33cf3c79bb4f89226ca930bf84584f3 method=POST path=/lingxi/v1/sessions/sess_local_alpha/execute status=200
2026-09-30T02:44:33.987680Z  INFO lingxi_service::sessions: run settled through the single finalize path run_id=run_000001a0f0331243_0003fb session_id="sess_local_alpha" outcome=completed.no_final.no_provider_configured input_chars=22 input_bytes=22
2026-09-30T02:44:33.987822Z  INFO lingxi_service: request handled request_id=req-de1160cea86c10e82e9be2bec693e7fa method=POST path=/lingxi/v1/sessions/sess_local_alpha/execute status=200
2026-09-30T02:44:33.988560Z  INFO lingxi_service::sessions: run settled through the single finalize path run_id=run_000001a0f0331244_0003fc session_id="sess_local_alpha" outcome=completed.no_final.no_provider_configured input_chars=22 input_bytes=22
2026-09-30T02:44:33.988703Z  INFO lingxi_service: request handled request_id=req-2a0f1f5bbbd70f2699f5db509c61a281 method=POST path=/lingxi/v1/sessions/sess_local_alpha/execute status=200
2026-09-30T02:44:33.989466Z  INFO lingxi_service::sessions: run settled through the single finalize path run_id=run_000001a0f0331245_0003fd session_id="sess_local_alpha" outcome=completed.no_final.no_provider_configured input_chars=22 input_bytes=22
2026-09-30T02:44:33.989605Z  INFO lingxi_service: request handled request_id=req-0ee0a9be6b4db3ad9a21d7d7360b2e36 method=POST path=/lingxi/v1/sessions/sess_local_alpha/execute status=200
2026-09-30T02:44:33.990370Z  INFO lingxi_service::sessions: run settled through the single finalize path run_id=run_000001a0f0331245_0003fe session_id="sess_local_alpha" outcome=completed.no_final.no_provider_configured input_chars=22 input_bytes=22
2026-09-30T02:44:33.990514Z  INFO lingxi_service: request handled request_id=req-41911f72a0346c2ee032e6318d0e6268 method=POST path=/lingxi/v1/sessions/sess_local_alpha/execute status=200
2026-09-30T02:44:33.991321Z  INFO lingxi_service::sessions: run settled through the single finalize path run_id=run_000001a0f0331246_0003ff session_id="sess_local_alpha" outcome=completed.no_final.no_provider_configured input_chars=22 input_bytes=22
2026-09-30T02:44:33.991463Z  INFO lingxi_service: request handled request_id=req-1b00db429e1ccbf9dfd718145be02071 method=POST path=/lingxi/v1/sessions/sess_local_alpha/execute status=200
2026-09-30T02:44:33.992220Z  INFO lingxi_service::sessions: run settled through the single finalize path run_id=run_000001a0f0331247_000400 session_id="sess_local_alpha" outcome=completed.no_final.no_provider_configured input_chars=22 input_bytes=22
2026-09-30T02:44:33.992359Z  INFO lingxi_service: request handled request_id=req-582de1cd0ec6ba955766fe87a20f7e88 method=POST path=/lingxi/v1/sessions/sess_local_alpha/execute status=200
2026-09-30T02:44:33.993149Z  INFO lingxi_service::sessions: run settled through the single finalize path run_id=run_000001a0f0331248_000401 session_id="sess_local_alpha" outcome=completed.no_final.no_provider_configured input_chars=22 input_bytes=22
2026-09-30T02:44:33.993290Z  INFO lingxi_service: request handled request_id=req-f3c98a8766cc1e6df5bd61517fa3ee51 method=POST path=/lingxi/v1/sessions/sess_local_alpha/execute status=200
2026-09-30T02:44:33.994070Z  INFO lingxi_service::sessions: run settled through the single finalize path run_id=run_000001a0f0331249_000402 session_id="sess_local_alpha" outcome=completed.no_final.no_provider_configured input_chars=22 input_bytes=22
2026-09-30T02:44:33.994210Z  INFO lingxi_service: request handled request_id=req-8027c34f0cfe324430c5ed05c26324db method=POST path=/lingxi/v1/sessions/sess_local_alpha/execute status=200
2026-09-30T02:44:33.994948Z  INFO lingxi_service::sessions: run settled through the single finalize path run_id=run_000001a0f033124a_000403 session_id="sess_local_alpha" outcome=completed.no_final.no_provider_configured input_chars=22 input_bytes=22
2026-09-30T02:44:33.995091Z  INFO lingxi_service: request handled request_id=req-a360f9f9a0cecba62b654ed2f98cc8ef method=POST path=/lingxi/v1/sessions/sess_local_alpha/execute status=200
2026-09-30T02:44:33.995840Z  INFO lingxi_service::sessions: run settled through the single finalize path run_id=run_000001a0f033124b_000404 session_id="sess_local_alpha" outcome=completed.no_final.no_provider_configured input_chars=22 input_bytes=22
2026-09-30T02:44:33.995985Z  INFO lingxi_service: request handled request_id=req-7b059b418cfa0a5ab39f199f0a47b71e method=POST path=/lingxi/v1/sessions/sess_local_alpha/execute status=200
2026-09-30T02:44:33.996724Z  INFO lingxi_service::sessions: run settled through the single finalize path run_id=run_000001a0f033124c_000405 session_id="sess_local_alpha" outcome=completed.no_final.no_provider_configured input_chars=22 input_bytes=22
2026-09-30T02:44:33.996867Z  INFO lingxi_service: request handled request_id=req-9d2e49d96e243ec26c7645de8c106358 method=POST path=/lingxi/v1/sessions/sess_local_alpha/execute status=200
2026-09-30T02:44:33.997660Z  INFO lingxi_service::sessions: run settled through the single finalize path run_id=run_000001a0f033124d_000406 session_id="sess_local_alpha" outcome=completed.no_final.no_provider_configured input_chars=22 input_bytes=22
2026-09-30T02:44:33.997802Z  INFO lingxi_service: request handled request_id=req-8098bb162657c32ee65aa632a7333ad7 method=POST path=/lingxi/v1/sessions/sess_local_alpha/execute status=200
2026-09-30T02:44:33.998534Z  INFO lingxi_service::sessions: run settled through the single finalize path run_id=run_000001a0f033124e_000407 session_id="sess_local_alpha" outcome=completed.no_final.no_provider_configured input_chars=22 input_bytes=22
2026-09-30T02:44:33.998673Z  INFO lingxi_service: request handled request_id=req-3763a7ccf2f1e73711de812e4c6be9e7 method=POST path=/lingxi/v1/sessions/sess_local_alpha/execute status=200
2026-09-30T02:44:33.999417Z  INFO lingxi_service::sessions: run settled through the single finalize path run_id=run_000001a0f033124f_000408 session_id="sess_local_alpha" outcome=completed.no_final.no_provider_configured input_chars=22 input_bytes=22
2026-09-30T02:44:33.999557Z  INFO lingxi_service: request handled request_id=req-8aecc6050927312ba92b4784fcd08752 method=POST path=/lingxi/v1/sessions/sess_local_alpha/execute status=200
2026-09-30T02:44:34.000345Z  INFO lingxi_service::sessions: run settled through the single finalize path run_id=run_000001a0f033124f_000409 session_id="sess_local_alpha" outcome=completed.no_final.no_provider_configured input_chars=22 input_bytes=22
2026-09-30T02:44:34.000490Z  INFO lingxi_service: request handled request_id=req-b937c45ac8b5890ca5b96e963fefc815 method=POST path=/lingxi/v1/sessions/sess_local_alpha/execute status=200
2026-09-30T02:44:34.001310Z  INFO lingxi_service::sessions: run settled through the single finalize path run_id=run_000001a0f0331250_00040a session_id="sess_local_alpha" outcome=completed.no_final.no_provider_configured input_chars=22 input_bytes=22
2026-09-30T02:44:34.001457Z  INFO lingxi_service: request handled request_id=req-8a66bf07beb067a149f7a3c3eeda8aba method=POST path=/lingxi/v1/sessions/sess_local_alpha/execute status=200
2026-09-30T02:44:34.002245Z  INFO lingxi_service::sessions: run settled through the single finalize path run_id=run_000001a0f0331251_00040b session_id="sess_local_alpha" outcome=completed.no_final.no_provider_configured input_chars=22 input_bytes=22
2026-09-30T02:44:34.002389Z  INFO lingxi_service: request handled request_id=req-5f8254328cddbc4517b6d6c0c95d9eba method=POST path=/lingxi/v1/sessions/sess_local_alpha/execute status=200
2026-09-30T02:44:34.003502Z  INFO lingxi_service::sessions: run settled through the single finalize path run_id=run_000001a0f0331252_00040c session_id="sess_local_alpha" outcome=completed.no_final.no_provider_configured input_chars=22 input_bytes=22
2026-09-30T02:44:34.003642Z  INFO lingxi_service: request handled request_id=req-580152f9979658fef21cef379b492feb method=POST path=/lingxi/v1/sessions/sess_local_alpha/execute status=200
2026-09-30T02:44:34.004533Z  INFO lingxi_service::sessions: run settled through the single finalize path run_id=run_000001a0f0331254_00040d session_id="sess_local_alpha" outcome=completed.no_final.no_provider_configured input_chars=22 input_bytes=22
2026-09-30T02:44:34.004676Z  INFO lingxi_service: request handled request_id=req-bf15a27b0253335d2a8a4e03f1b4f3f7 method=POST path=/lingxi/v1/sessions/sess_local_alpha/execute status=200
2026-09-30T02:44:34.005454Z  INFO lingxi_service::sessions: run settled through the single finalize path run_id=run_000001a0f0331255_00040e session_id="sess_local_alpha" outcome=completed.no_final.no_provider_configured input_chars=22 input_bytes=22
2026-09-30T02:44:34.005595Z  INFO lingxi_service: request handled request_id=req-d67f3fe25ac067310c7121303b173e4b method=POST path=/lingxi/v1/sessions/sess_local_alpha/execute status=200
2026-09-30T02:44:34.006339Z  INFO lingxi_service::sessions: run settled through the single finalize path run_id=run_000001a0f0331255_00040f session_id="sess_local_alpha" outcome=completed.no_final.no_provider_configured input_chars=22 input_bytes=22
2026-09-30T02:44:34.006480Z  INFO lingxi_service: request handled request_id=req-6ecac9d459c2e8d6f63733ba63e70d87 method=POST path=/lingxi/v1/sessions/sess_local_alpha/execute status=200
2026-09-30T02:44:34.007252Z  INFO lingxi_service::sessions: run settled through the single finalize path run_id=run_000001a0f0331256_000410 session_id="sess_local_alpha" outcome=completed.no_final.no_provider_configured input_chars=22 input_bytes=22
2026-09-30T02:44:34.007393Z  INFO lingxi_service: request handled request_id=req-09026de14cb21cac37e901f9fab77b5e method=POST path=/lingxi/v1/sessions/sess_local_alpha/execute status=200
2026-09-30T02:44:34.008153Z  INFO lingxi_service::sessions: run settled through the single finalize path run_id=run_000001a0f0331257_000411 session_id="sess_local_alpha" outcome=completed.no_final.no_provider_configured input_chars=22 input_bytes=22
2026-09-30T02:44:34.008298Z  INFO lingxi_service: request handled request_id=req-9b64daae705c336cf59595fe47c52976 method=POST path=/lingxi/v1/sessions/sess_local_alpha/execute status=200
2026-09-30T02:44:34.009062Z  INFO lingxi_service::sessions: run settled through the single finalize path run_id=run_000001a0f0331258_000412 session_id="sess_local_alpha" outcome=completed.no_final.no_provider_configured input_chars=22 input_bytes=22
2026-09-30T02:44:34.009208Z  INFO lingxi_service: request handled request_id=req-b55eba21542c0fdea40eccf4b18c79eb method=POST path=/lingxi/v1/sessions/sess_local_alpha/execute status=200
2026-09-30T02:44:34.009988Z  INFO lingxi_service::sessions: run settled through the single finalize path run_id=run_000001a0f0331259_000413 session_id="sess_local_alpha" outcome=completed.no_final.no_provider_configured input_chars=22 input_bytes=22
2026-09-30T02:44:34.010131Z  INFO lingxi_service: request handled request_id=req-ce34205518e440e4cd7254d05dd2ad95 method=POST path=/lingxi/v1/sessions/sess_local_alpha/execute status=200
2026-09-30T02:44:34.010932Z  INFO lingxi_service::sessions: run settled through the single finalize path run_id=run_000001a0f033125a_000414 session_id="sess_local_alpha" outcome=completed.no_final.no_provider_configured input_chars=22 input_bytes=22
2026-09-30T02:44:34.011079Z  INFO lingxi_service: request handled request_id=req-9ae787aa789085083d136ba9ad0e88e2 method=POST path=/lingxi/v1/sessions/sess_local_alpha/execute status=200
2026-09-30T02:44:34.011836Z  INFO lingxi_service::sessions: run settled through the single finalize path run_id=run_000001a0f033125b_000415 session_id="sess_local_alpha" outcome=completed.no_final.no_provider_configured input_chars=22 input_bytes=22
2026-09-30T02:44:34.011980Z  INFO lingxi_service: request handled request_id=req-708245aec82f34adca06f8c35e1fb096 method=POST path=/lingxi/v1/sessions/sess_local_alpha/execute status=200
2026-09-30T02:44:34.012737Z  INFO lingxi_service::sessions: run settled through the single finalize path run_id=run_000001a0f033125c_000416 session_id="sess_local_alpha" outcome=completed.no_final.no_provider_configured input_chars=22 input_bytes=22
2026-09-30T02:44:34.012886Z  INFO lingxi_service: request handled request_id=req-7f59ccfcb07d774e69c333e59dc4f3db method=POST path=/lingxi/v1/sessions/sess_local_alpha/execute status=200
2026-09-30T02:44:34.013631Z  INFO lingxi_service::sessions: run settled through the single finalize path run_id=run_000001a0f033125d_000417 session_id="sess_local_alpha" outcome=completed.no_final.no_provider_configured input_chars=22 input_bytes=22
2026-09-30T02:44:34.013774Z  INFO lingxi_service: request handled request_id=req-380057d66487927a3c78ff348ac6c17e method=POST path=/lingxi/v1/sessions/sess_local_alpha/execute status=200
2026-09-30T02:44:34.014511Z  INFO lingxi_service::sessions: run settled through the single finalize path run_id=run_000001a0f033125e_000418 session_id="sess_local_alpha" outcome=completed.no_final.no_provider_configured input_chars=22 input_bytes=22
2026-09-30T02:44:34.014654Z  INFO lingxi_service: request handled request_id=req-65bcfd7b549249d1f1e0c96a04abea8a method=POST path=/lingxi/v1/sessions/sess_local_alpha/execute status=200
2026-09-30T02:44:34.015443Z  INFO lingxi_service::sessions: run settled through the single finalize path run_id=run_000001a0f033125f_000419 session_id="sess_local_alpha" outcome=completed.no_final.no_provider_configured input_chars=22 input_bytes=22
2026-09-30T02:44:34.015592Z  INFO lingxi_service: request handled request_id=req-140bbc234cd767fdd9e25022df9c0573 method=POST path=/lingxi/v1/sessions/sess_local_alpha/execute status=200
2026-09-30T02:44:34.016370Z  INFO lingxi_service::sessions: run settled through the single finalize path run_id=run_000001a0f033125f_00041a session_id="sess_local_alpha" outcome=completed.no_final.no_provider_configured input_chars=22 input_bytes=22
2026-09-30T02:44:34.016517Z  INFO lingxi_service: request handled request_id=req-ef0ac9b960dd357818204b137d72d307 method=POST path=/lingxi/v1/sessions/sess_local_alpha/execute status=200
2026-09-30T02:44:34.017346Z  INFO lingxi_service::sessions: run settled through the single finalize path run_id=run_000001a0f0331260_00041b session_id="sess_local_alpha" outcome=completed.no_final.no_provider_configured input_chars=22 input_bytes=22
2026-09-30T02:44:34.017490Z  INFO lingxi_service: request handled request_id=req-66c627e9cb9bb1381949cf8acfd60cc4 method=POST path=/lingxi/v1/sessions/sess_local_alpha/execute status=200
2026-09-30T02:44:34.018291Z  INFO lingxi_service::sessions: run settled through the single finalize path run_id=run_000001a0f0331261_00041c session_id="sess_local_alpha" outcome=completed.no_final.no_provider_configured input_chars=22 input_bytes=22
2026-09-30T02:44:34.018437Z  INFO lingxi_service: request handled request_id=req-7ac1bd9234ecefd3d8723479c6229180 method=POST path=/lingxi/v1/sessions/sess_local_alpha/execute status=200
2026-09-30T02:44:34.019216Z  INFO lingxi_service::sessions: run settled through the single finalize path run_id=run_000001a0f0331262_00041d session_id="sess_local_alpha" outcome=completed.no_final.no_provider_configured input_chars=22 input_bytes=22
2026-09-30T02:44:34.019359Z  INFO lingxi_service: request handled request_id=req-85ea468585e1f74a2b55979176fec69e method=POST path=/lingxi/v1/sessions/sess_local_alpha/execute status=200
2026-09-30T02:44:34.020149Z  INFO lingxi_service::sessions: run settled through the single finalize path run_id=run_000001a0f0331263_00041e session_id="sess_local_alpha" outcome=completed.no_final.no_provider_configured input_chars=22 input_bytes=22
2026-09-30T02:44:34.020291Z  INFO lingxi_service: request handled request_id=req-6e58edce216450c241b185ea292ae2dd method=POST path=/lingxi/v1/sessions/sess_local_alpha/execute status=200
2026-09-30T02:44:34.021081Z  INFO lingxi_service::sessions: run settled through the single finalize path run_id=run_000001a0f0331264_00041f session_id="sess_local_alpha" outcome=completed.no_final.no_provider_configured input_chars=22 input_bytes=22
2026-09-30T02:44:34.021224Z  INFO lingxi_service: request handled request_id=req-0099f03578c23541b24c845c134df5c8 method=POST path=/lingxi/v1/sessions/sess_local_alpha/execute status=200
2026-09-30T02:44:34.022047Z  INFO lingxi_service::sessions: run settled through the single finalize path run_id=run_000001a0f0331265_000420 session_id="sess_local_alpha" outcome=completed.no_final.no_provider_configured input_chars=22 input_bytes=22
2026-09-30T02:44:34.022187Z  INFO lingxi_service: request handled request_id=req-6463c78c1fedda0fa18fec8873015869 method=POST path=/lingxi/v1/sessions/sess_local_alpha/execute status=200
2026-09-30T02:44:34.022959Z  INFO lingxi_service::sessions: run settled through the single finalize path run_id=run_000001a0f0331266_000421 session_id="sess_local_alpha" outcome=completed.no_final.no_provider_configured input_chars=22 input_bytes=22
2026-09-30T02:44:34.023104Z  INFO lingxi_service: request handled request_id=req-74df1a08ea7f33a94fcb8c1c0f7677b4 method=POST path=/lingxi/v1/sessions/sess_local_alpha/execute status=200
2026-09-30T02:44:34.023866Z  INFO lingxi_service::sessions: run settled through the single finalize path run_id=run_000001a0f0331267_000422 session_id="sess_local_alpha" outcome=completed.no_final.no_provider_configured input_chars=22 input_bytes=22
2026-09-30T02:44:34.024007Z  INFO lingxi_service: request handled request_id=req-20df45305dc8f53e7647348d7360f1b2 method=POST path=/lingxi/v1/sessions/sess_local_alpha/execute status=200
2026-09-30T02:44:34.024745Z  INFO lingxi_service::sessions: run settled through the single finalize path run_id=run_000001a0f0331268_000423 session_id="sess_local_alpha" outcome=completed.no_final.no_provider_configured input_chars=22 input_bytes=22
2026-09-30T02:44:34.024890Z  INFO lingxi_service: request handled request_id=req-c63e046abfcd71bf19eded2cc9d2fdaf method=POST path=/lingxi/v1/sessions/sess_local_alpha/execute status=200
2026-09-30T02:44:34.025625Z  INFO lingxi_service::sessions: run settled through the single finalize path run_id=run_000001a0f0331269_000424 session_id="sess_local_alpha" outcome=completed.no_final.no_provider_configured input_chars=22 input_bytes=22
2026-09-30T02:44:34.025767Z  INFO lingxi_service: request handled request_id=req-1cf97d0bdb2d52f3bd0c6bde77f6280d method=POST path=/lingxi/v1/sessions/sess_local_alpha/execute status=200
2026-09-30T02:44:34.026499Z  INFO lingxi_service::sessions: run settled through the single finalize path run_id=run_000001a0f033126a_000425 session_id="sess_local_alpha" outcome=completed.no_final.no_provider_configured input_chars=22 input_bytes=22
2026-09-30T02:44:34.026641Z  INFO lingxi_service: request handled request_id=req-012cfb72120e9e3a7697d0b04da2f591 method=POST path=/lingxi/v1/sessions/sess_local_alpha/execute status=200
2026-09-30T02:44:34.027375Z  INFO lingxi_service::sessions: run settled through the single finalize path run_id=run_000001a0f033126a_000426 session_id="sess_local_alpha" outcome=completed.no_final.no_provider_configured input_chars=22 input_bytes=22
2026-09-30T02:44:34.027517Z  INFO lingxi_service: request handled request_id=req-a815b35ecc1202a1d4f2a89007146ce6 method=POST path=/lingxi/v1/sessions/sess_local_alpha/execute status=200
2026-09-30T02:44:34.028280Z  INFO lingxi_service::sessions: run settled through the single finalize path run_id=run_000001a0f033126b_000427 session_id="sess_local_alpha" outcome=completed.no_final.no_provider_configured input_chars=22 input_bytes=22
2026-09-30T02:44:34.028427Z  INFO lingxi_service: request handled request_id=req-da23fd9a66b0456ebf0a3b335517bfd1 method=POST path=/lingxi/v1/sessions/sess_local_alpha/execute status=200
2026-09-30T02:44:34.029246Z  INFO lingxi_service::sessions: run settled through the single finalize path run_id=run_000001a0f033126c_000428 session_id="sess_local_alpha" outcome=completed.no_final.no_provider_configured input_chars=22 input_bytes=22
2026-09-30T02:44:34.029392Z  INFO lingxi_service: request handled request_id=req-4f266e9f82b6d4f7b815973347a13a34 method=POST path=/lingxi/v1/sessions/sess_local_alpha/execute status=200
2026-09-30T02:44:34.030179Z  INFO lingxi_service::sessions: run settled through the single finalize path run_id=run_000001a0f033126d_000429 session_id="sess_local_alpha" outcome=completed.no_final.no_provider_configured input_chars=22 input_bytes=22
2026-09-30T02:44:34.030322Z  INFO lingxi_service: request handled request_id=req-d148c21d9af452fc692d150803770faa method=POST path=/lingxi/v1/sessions/sess_local_alpha/execute status=200
2026-09-30T02:44:34.031090Z  INFO lingxi_service::sessions: run settled through the single finalize path run_id=run_000001a0f033126e_00042a session_id="sess_local_alpha" outcome=completed.no_final.no_provider_configured input_chars=22 input_bytes=22
2026-09-30T02:44:34.031239Z  INFO lingxi_service: request handled request_id=req-723022edadd4e1d4926f3ae17a978b06 method=POST path=/lingxi/v1/sessions/sess_local_alpha/execute status=200
2026-09-30T02:44:34.032079Z  INFO lingxi_service::sessions: run settled through the single finalize path run_id=run_000001a0f033126f_00042b session_id="sess_local_alpha" outcome=completed.no_final.no_provider_configured input_chars=22 input_bytes=22
2026-09-30T02:44:34.032223Z  INFO lingxi_service: request handled request_id=req-9ad5dc688c256f4346d5035872c6d76d method=POST path=/lingxi/v1/sessions/sess_local_alpha/execute status=200
2026-09-30T02:44:34.032989Z  INFO lingxi_service::sessions: run settled through the single finalize path run_id=run_000001a0f0331270_00042c session_id="sess_local_alpha" outcome=completed.no_final.no_provider_configured input_chars=22 input_bytes=22
2026-09-30T02:44:34.033132Z  INFO lingxi_service: request handled request_id=req-44c084c83f3547607708823a4f48ee72 method=POST path=/lingxi/v1/sessions/sess_local_alpha/execute status=200
2026-09-30T02:44:34.033946Z  INFO lingxi_service::sessions: run settled through the single finalize path run_id=run_000001a0f0331271_00042d session_id="sess_local_alpha" outcome=completed.no_final.no_provider_configured input_chars=22 input_bytes=22
2026-09-30T02:44:34.034094Z  INFO lingxi_service: request handled request_id=req-06a07f89c886bb978256a7af61886ff0 method=POST path=/lingxi/v1/sessions/sess_local_alpha/execute status=200
2026-09-30T02:44:34.034856Z  INFO lingxi_service::sessions: run settled through the single finalize path run_id=run_000001a0f0331272_00042e session_id="sess_local_alpha" outcome=completed.no_final.no_provider_configured input_chars=22 input_bytes=22
2026-09-30T02:44:34.034999Z  INFO lingxi_service: request handled request_id=req-7dd5330941b8fc61ea896adbf840ff80 method=POST path=/lingxi/v1/sessions/sess_local_alpha/execute status=200
2026-09-30T02:44:34.035747Z  INFO lingxi_service::sessions: run settled through the single finalize path run_id=run_000001a0f0331273_00042f session_id="sess_local_alpha" outcome=completed.no_final.no_provider_configured input_chars=22 input_bytes=22
2026-09-30T02:44:34.035893Z  INFO lingxi_service: request handled request_id=req-be6af89908e1edc2cf0d0c34b7a39a6f method=POST path=/lingxi/v1/sessions/sess_local_alpha/execute status=200
2026-09-30T02:44:34.036642Z  INFO lingxi_service::sessions: run settled through the single finalize path run_id=run_000001a0f0331274_000430 session_id="sess_local_alpha" outcome=completed.no_final.no_provider_configured input_chars=22 input_bytes=22
2026-09-30T02:44:34.036786Z  INFO lingxi_service: request handled request_id=req-64a519ae9ec6e0e63398c7f804ad0ec4 method=POST path=/lingxi/v1/sessions/sess_local_alpha/execute status=200
2026-09-30T02:44:34.037587Z  INFO lingxi_service::sessions: run settled through the single finalize path run_id=run_000001a0f0331275_000431 session_id="sess_local_alpha" outcome=completed.no_final.no_provider_configured input_chars=22 input_bytes=22
2026-09-30T02:44:34.037736Z  INFO lingxi_service: request handled request_id=req-c1ba91083ad0bacba11d56bb87e5f029 method=POST path=/lingxi/v1/sessions/sess_local_alpha/execute status=200
2026-09-30T02:44:34.038468Z  INFO lingxi_service::sessions: run settled through the single finalize path run_id=run_000001a0f0331276_000432 session_id="sess_local_alpha" outcome=completed.no_final.no_provider_configured input_chars=22 input_bytes=22
2026-09-30T02:44:34.038610Z  INFO lingxi_service: request handled request_id=req-805b4b6ec582390cb55f02a284bd2a69 method=POST path=/lingxi/v1/sessions/sess_local_alpha/execute status=200
2026-09-30T02:44:34.039402Z  INFO lingxi_service::sessions: run settled through the single finalize path run_id=run_000001a0f0331276_000433 session_id="sess_local_alpha" outcome=completed.no_final.no_provider_configured input_chars=22 input_bytes=22
2026-09-30T02:44:34.039546Z  INFO lingxi_service: request handled request_id=req-068663a81146c884af4ea972d489495d method=POST path=/lingxi/v1/sessions/sess_local_alpha/execute status=200
2026-09-30T02:44:34.040353Z  INFO lingxi_service::sessions: run settled through the single finalize path run_id=run_000001a0f0331277_000434 session_id="sess_local_alpha" outcome=completed.no_final.no_provider_configured input_chars=22 input_bytes=22
2026-09-30T02:44:34.040497Z  INFO lingxi_service: request handled request_id=req-8dff8de42c97550e4cb1b4414dc3efb7 method=POST path=/lingxi/v1/sessions/sess_local_alpha/execute status=200
2026-09-30T02:44:34.041320Z  INFO lingxi_service::sessions: run settled through the single finalize path run_id=run_000001a0f0331278_000435 session_id="sess_local_alpha" outcome=completed.no_final.no_provider_configured input_chars=22 input_bytes=22
2026-09-30T02:44:34.041470Z  INFO lingxi_service: request handled request_id=req-3865908e76891d6c232466f0f5578779 method=POST path=/lingxi/v1/sessions/sess_local_alpha/execute status=200
2026-09-30T02:44:34.042237Z  INFO lingxi_service::sessions: run settled through the single finalize path run_id=run_000001a0f0331279_000436 session_id="sess_local_alpha" outcome=completed.no_final.no_provider_configured input_chars=22 input_bytes=22
2026-09-30T02:44:34.042380Z  INFO lingxi_service: request handled request_id=req-1a748dd83c5184bb2f2145a03358046d method=POST path=/lingxi/v1/sessions/sess_local_alpha/execute status=200
2026-09-30T02:44:34.043191Z  INFO lingxi_service::sessions: run settled through the single finalize path run_id=run_000001a0f033127a_000437 session_id="sess_local_alpha" outcome=completed.no_final.no_provider_configured input_chars=22 input_bytes=22
2026-09-30T02:44:34.043334Z  INFO lingxi_service: request handled request_id=req-e4394dc6da61d04210951f47872148d0 method=POST path=/lingxi/v1/sessions/sess_local_alpha/execute status=200
2026-09-30T02:44:34.044119Z  INFO lingxi_service::sessions: run settled through the single finalize path run_id=run_000001a0f033127b_000438 session_id="sess_local_alpha" outcome=completed.no_final.no_provider_configured input_chars=22 input_bytes=22
2026-09-30T02:44:34.044265Z  INFO lingxi_service: request handled request_id=req-d596bb36d752dbc037fb0a130d1e0b10 method=POST path=/lingxi/v1/sessions/sess_local_alpha/execute status=200
2026-09-30T02:44:34.045050Z  INFO lingxi_service::sessions: run settled through the single finalize path run_id=run_000001a0f033127c_000439 session_id="sess_local_alpha" outcome=completed.no_final.no_provider_configured input_chars=22 input_bytes=22
2026-09-30T02:44:34.045198Z  INFO lingxi_service: request handled request_id=req-422f42f988526d3b242a4449fbe965be method=POST path=/lingxi/v1/sessions/sess_local_alpha/execute status=200
2026-09-30T02:44:34.045948Z  INFO lingxi_service::sessions: run settled through the single finalize path run_id=run_000001a0f033127d_00043a session_id="sess_local_alpha" outcome=completed.no_final.no_provider_configured input_chars=22 input_bytes=22
2026-09-30T02:44:34.046093Z  INFO lingxi_service: request handled request_id=req-6b8fbc54fb644f783633def99afd8972 method=POST path=/lingxi/v1/sessions/sess_local_alpha/execute status=200
2026-09-30T02:44:34.046893Z  INFO lingxi_service::sessions: run settled through the single finalize path run_id=run_000001a0f033127e_00043b session_id="sess_local_alpha" outcome=completed.no_final.no_provider_configured input_chars=22 input_bytes=22
2026-09-30T02:44:34.047037Z  INFO lingxi_service: request handled request_id=req-95840bc5dff231d115581861b9326d67 method=POST path=/lingxi/v1/sessions/sess_local_alpha/execute status=200
2026-09-30T02:44:34.047852Z  INFO lingxi_service::sessions: run settled through the single finalize path run_id=run_000001a0f033127f_00043c session_id="sess_local_alpha" outcome=completed.no_final.no_provider_configured input_chars=22 input_bytes=22
2026-09-30T02:44:34.048000Z  INFO lingxi_service: request handled request_id=req-58fe4e929e8b0e12f0fd11b7c747e1df method=POST path=/lingxi/v1/sessions/sess_local_alpha/execute status=200
2026-09-30T02:44:34.049230Z  INFO lingxi_service::sessions: run settled through the single finalize path run_id=run_000001a0f0331280_00043d session_id="sess_local_alpha" outcome=completed.no_final.no_provider_configured input_chars=22 input_bytes=22
2026-09-30T02:44:34.049378Z  INFO lingxi_service: request handled request_id=req-d7386a7439d82a81e86ea3ae617731fa method=POST path=/lingxi/v1/sessions/sess_local_alpha/execute status=200
2026-09-30T02:44:34.050146Z  INFO lingxi_service::sessions: run settled through the single finalize path run_id=run_000001a0f0331281_00043e session_id="sess_local_alpha" outcome=completed.no_final.no_provider_configured input_chars=22 input_bytes=22
2026-09-30T02:44:34.050293Z  INFO lingxi_service: request handled request_id=req-40be97e563f4f3e342bcbc554d479f60 method=POST path=/lingxi/v1/sessions/sess_local_alpha/execute status=200
2026-09-30T02:44:34.051089Z  INFO lingxi_service::sessions: run settled through the single finalize path run_id=run_000001a0f0331282_00043f session_id="sess_local_alpha" outcome=completed.no_final.no_provider_configured input_chars=22 input_bytes=22
2026-09-30T02:44:34.051240Z  INFO lingxi_service: request handled request_id=req-0f080685327e3e83145d05abe3e6d3ab method=POST path=/lingxi/v1/sessions/sess_local_alpha/execute status=200
2026-09-30T02:44:34.052131Z  INFO lingxi_service::sessions: run settled through the single finalize path run_id=run_000001a0f0331283_000440 session_id="sess_local_alpha" outcome=completed.no_final.no_provider_configured input_chars=22 input_bytes=22
2026-09-30T02:44:34.052287Z  INFO lingxi_service: request handled request_id=req-b955da27558434a01f24a3341ec50bf5 method=POST path=/lingxi/v1/sessions/sess_local_alpha/execute status=200
2026-09-30T02:44:34.053093Z  INFO lingxi_service::sessions: run settled through the single finalize path run_id=run_000001a0f0331284_000441 session_id="sess_local_alpha" outcome=completed.no_final.no_provider_configured input_chars=22 input_bytes=22
2026-09-30T02:44:34.053238Z  INFO lingxi_service: request handled request_id=req-96fa93cbd93f883ce7c320d64758ffda method=POST path=/lingxi/v1/sessions/sess_local_alpha/execute status=200
2026-09-30T02:44:34.054068Z  INFO lingxi_service::sessions: run settled through the single finalize path run_id=run_000001a0f0331285_000442 session_id="sess_local_alpha" outcome=completed.no_final.no_provider_configured input_chars=22 input_bytes=22
2026-09-30T02:44:34.054217Z  INFO lingxi_service: request handled request_id=req-e7f17790056349b3cbe3db4d8953a7f6 method=POST path=/lingxi/v1/sessions/sess_local_alpha/execute status=200
2026-09-30T02:44:34.055006Z  INFO lingxi_service::sessions: run settled through the single finalize path run_id=run_000001a0f0331286_000443 session_id="sess_local_alpha" outcome=completed.no_final.no_provider_configured input_chars=22 input_bytes=22
2026-09-30T02:44:34.055158Z  INFO lingxi_service: request handled request_id=req-2ea6da4a7c63f272bebe1931e85178a0 method=POST path=/lingxi/v1/sessions/sess_local_alpha/execute status=200
2026-09-30T02:44:34.055962Z  INFO lingxi_service::sessions: run settled through the single finalize path run_id=run_000001a0f0331287_000444 session_id="sess_local_alpha" outcome=completed.no_final.no_provider_configured input_chars=22 input_bytes=22
2026-09-30T02:44:34.056111Z  INFO lingxi_service: request handled request_id=req-ae2a9d0e95e2601c2827606dedacfff2 method=POST path=/lingxi/v1/sessions/sess_local_alpha/execute status=200
2026-09-30T02:44:34.056867Z  INFO lingxi_service::sessions: run settled through the single finalize path run_id=run_000001a0f0331288_000445 session_id="sess_local_alpha" outcome=completed.no_final.no_provider_configured input_chars=22 input_bytes=22
2026-09-30T02:44:34.057013Z  INFO lingxi_service: request handled request_id=req-c0b9024532c2a1710ada7fba840563ff method=POST path=/lingxi/v1/sessions/sess_local_alpha/execute status=200
2026-09-30T02:44:34.057766Z  INFO lingxi_service::sessions: run settled through the single finalize path run_id=run_000001a0f0331289_000446 session_id="sess_local_alpha" outcome=completed.no_final.no_provider_configured input_chars=22 input_bytes=22
2026-09-30T02:44:34.057911Z  INFO lingxi_service: request handled request_id=req-f2652657c016c381e7554ca62daa9287 method=POST path=/lingxi/v1/sessions/sess_local_alpha/execute status=200
2026-09-30T02:44:34.058674Z  INFO lingxi_service::sessions: run settled through the single finalize path run_id=run_000001a0f033128a_000447 session_id="sess_local_alpha" outcome=completed.no_final.no_provider_configured input_chars=22 input_bytes=22
2026-09-30T02:44:34.058818Z  INFO lingxi_service: request handled request_id=req-654eb9f8960000c6852b9e2220d67786 method=POST path=/lingxi/v1/sessions/sess_local_alpha/execute status=200
2026-09-30T02:44:34.059563Z  INFO lingxi_service::sessions: run settled through the single finalize path run_id=run_000001a0f033128b_000448 session_id="sess_local_alpha" outcome=completed.no_final.no_provider_configured input_chars=22 input_bytes=22
2026-09-30T02:44:34.059706Z  INFO lingxi_service: request handled request_id=req-97b73b02b78a6a4e7005dc93a294989d method=POST path=/lingxi/v1/sessions/sess_local_alpha/execute status=200
2026-09-30T02:44:34.060509Z  INFO lingxi_service::sessions: run settled through the single finalize path run_id=run_000001a0f033128c_000449 session_id="sess_local_alpha" outcome=completed.no_final.no_provider_configured input_chars=22 input_bytes=22
2026-09-30T02:44:34.060655Z  INFO lingxi_service: request handled request_id=req-06a42644fe264296216f34c49d86c42c method=POST path=/lingxi/v1/sessions/sess_local_alpha/execute status=200
2026-09-30T02:44:34.061416Z  INFO lingxi_service::sessions: run settled through the single finalize path run_id=run_000001a0f033128d_00044a session_id="sess_local_alpha" outcome=completed.no_final.no_provider_configured input_chars=22 input_bytes=22
2026-09-30T02:44:34.061560Z  INFO lingxi_service: request handled request_id=req-8fb94d7ae8f6381c0edd4b9a05eef10a method=POST path=/lingxi/v1/sessions/sess_local_alpha/execute status=200
2026-09-30T02:44:34.062318Z  INFO lingxi_service::sessions: run settled through the single finalize path run_id=run_000001a0f033128d_00044b session_id="sess_local_alpha" outcome=completed.no_final.no_provider_configured input_chars=22 input_bytes=22
2026-09-30T02:44:34.062462Z  INFO lingxi_service: request handled request_id=req-fe768c02db49adb510c7b4c2dcd80b1b method=POST path=/lingxi/v1/sessions/sess_local_alpha/execute status=200
2026-09-30T02:44:34.063243Z  INFO lingxi_service::sessions: run settled through the single finalize path run_id=run_000001a0f033128e_00044c session_id="sess_local_alpha" outcome=completed.no_final.no_provider_configured input_chars=22 input_bytes=22
2026-09-30T02:44:34.063389Z  INFO lingxi_service: request handled request_id=req-8255ee1aa8848659fd6712014b484129 method=POST path=/lingxi/v1/sessions/sess_local_alpha/execute status=200
2026-09-30T02:44:34.064224Z  INFO lingxi_service::sessions: run settled through the single finalize path run_id=run_000001a0f033128f_00044d session_id="sess_local_alpha" outcome=completed.no_final.no_provider_configured input_chars=22 input_bytes=22
2026-09-30T02:44:34.064369Z  INFO lingxi_service: request handled request_id=req-d91f4b228856c1d476ab8864cb9bc2c6 method=POST path=/lingxi/v1/sessions/sess_local_alpha/execute status=200
2026-09-30T02:44:34.065112Z  INFO lingxi_service::sessions: run settled through the single finalize path run_id=run_000001a0f0331290_00044e session_id="sess_local_alpha" outcome=completed.no_final.no_provider_configured input_chars=22 input_bytes=22
2026-09-30T02:44:34.065253Z  INFO lingxi_service: request handled request_id=req-2d135c9813745fd4f0c5fdb4bf80305d method=POST path=/lingxi/v1/sessions/sess_local_alpha/execute status=200
2026-09-30T02:44:34.066069Z  INFO lingxi_service::sessions: run settled through the single finalize path run_id=run_000001a0f0331291_00044f session_id="sess_local_alpha" outcome=completed.no_final.no_provider_configured input_chars=22 input_bytes=22
2026-09-30T02:44:34.066213Z  INFO lingxi_service: request handled request_id=req-a485ba6301f4c4864d497fa362254319 method=POST path=/lingxi/v1/sessions/sess_local_alpha/execute status=200
2026-09-30T02:44:34.067060Z  INFO lingxi_service::sessions: run settled through the single finalize path run_id=run_000001a0f0331292_000450 session_id="sess_local_alpha" outcome=completed.no_final.no_provider_configured input_chars=22 input_bytes=22
2026-09-30T02:44:34.067205Z  INFO lingxi_service: request handled request_id=req-0a4bb156ddeff60ea3ae4265dcb2c836 method=POST path=/lingxi/v1/sessions/sess_local_alpha/execute status=200
2026-09-30T02:44:34.068076Z  INFO lingxi_service::sessions: run settled through the single finalize path run_id=run_000001a0f0331293_000451 session_id="sess_local_alpha" outcome=completed.no_final.no_provider_configured input_chars=22 input_bytes=22
2026-09-30T02:44:34.068225Z  INFO lingxi_service: request handled request_id=req-b37e81e4e876bdf0c53b122ed85b070d method=POST path=/lingxi/v1/sessions/sess_local_alpha/execute status=200
2026-09-30T02:44:34.069008Z  INFO lingxi_service::sessions: run settled through the single finalize path run_id=run_000001a0f0331294_000452 session_id="sess_local_alpha" outcome=completed.no_final.no_provider_configured input_chars=22 input_bytes=22
2026-09-30T02:44:34.069159Z  INFO lingxi_service: request handled request_id=req-3569b23a9264a368fa626ecf7c394b9d method=POST path=/lingxi/v1/sessions/sess_local_alpha/execute status=200
2026-09-30T02:44:34.069917Z  INFO lingxi_service::sessions: run settled through the single finalize path run_id=run_000001a0f0331295_000453 session_id="sess_local_alpha" outcome=completed.no_final.no_provider_configured input_chars=22 input_bytes=22
2026-09-30T02:44:34.070062Z  INFO lingxi_service: request handled request_id=req-76b483c2504bddcd9d1f7a89b1408ff2 method=POST path=/lingxi/v1/sessions/sess_local_alpha/execute status=200
2026-09-30T02:44:34.070808Z  INFO lingxi_service::sessions: run settled through the single finalize path run_id=run_000001a0f0331296_000454 session_id="sess_local_alpha" outcome=completed.no_final.no_provider_configured input_chars=22 input_bytes=22
2026-09-30T02:44:34.070956Z  INFO lingxi_service: request handled request_id=req-abebf69c78483c5cfccb439b60b342e8 method=POST path=/lingxi/v1/sessions/sess_local_alpha/execute status=200
2026-09-30T02:44:34.071696Z  INFO lingxi_service::sessions: run settled through the single finalize path run_id=run_000001a0f0331297_000455 session_id="sess_local_alpha" outcome=completed.no_final.no_provider_configured input_chars=22 input_bytes=22
2026-09-30T02:44:34.071839Z  INFO lingxi_service: request handled request_id=req-fb5b824ef1c517fb81a0537972f45ef4 method=POST path=/lingxi/v1/sessions/sess_local_alpha/execute status=200
2026-09-30T02:44:34.072580Z  INFO lingxi_service::sessions: run settled through the single finalize path run_id=run_000001a0f0331298_000456 session_id="sess_local_alpha" outcome=completed.no_final.no_provider_configured input_chars=22 input_bytes=22
2026-09-30T02:44:34.072723Z  INFO lingxi_service: request handled request_id=req-4c3bbe0cdb6a09dd21b78bb8e3df1b3a method=POST path=/lingxi/v1/sessions/sess_local_alpha/execute status=200
2026-09-30T02:44:34.073503Z  INFO lingxi_service::sessions: run settled through the single finalize path run_id=run_000001a0f0331299_000457 session_id="sess_local_alpha" outcome=completed.no_final.no_provider_configured input_chars=22 input_bytes=22
2026-09-30T02:44:34.073654Z  INFO lingxi_service: request handled request_id=req-cbc39cf7b8764e3805a66be733c81d65 method=POST path=/lingxi/v1/sessions/sess_local_alpha/execute status=200
2026-09-30T02:44:34.074430Z  INFO lingxi_service::sessions: run settled through the single finalize path run_id=run_000001a0f033129a_000458 session_id="sess_local_alpha" outcome=completed.no_final.no_provider_configured input_chars=22 input_bytes=22
2026-09-30T02:44:34.074579Z  INFO lingxi_service: request handled request_id=req-38529f92942d7177aed40ea85f019b7b method=POST path=/lingxi/v1/sessions/sess_local_alpha/execute status=200
2026-09-30T02:44:34.075353Z  INFO lingxi_service::sessions: run settled through the single finalize path run_id=run_000001a0f033129a_000459 session_id="sess_local_alpha" outcome=completed.no_final.no_provider_configured input_chars=22 input_bytes=22
2026-09-30T02:44:34.075501Z  INFO lingxi_service: request handled request_id=req-d9f89230aa25ed32f557613f1b967fd7 method=POST path=/lingxi/v1/sessions/sess_local_alpha/execute status=200
2026-09-30T02:44:34.076297Z  INFO lingxi_service::sessions: run settled through the single finalize path run_id=run_000001a0f033129b_00045a session_id="sess_local_alpha" outcome=completed.no_final.no_provider_configured input_chars=22 input_bytes=22
2026-09-30T02:44:34.076445Z  INFO lingxi_service: request handled request_id=req-c30aab265d927d1606d0fa1eda3ca45e method=POST path=/lingxi/v1/sessions/sess_local_alpha/execute status=200
2026-09-30T02:44:34.077194Z  INFO lingxi_service::sessions: run settled through the single finalize path run_id=run_000001a0f033129c_00045b session_id="sess_local_alpha" outcome=completed.no_final.no_provider_configured input_chars=22 input_bytes=22
2026-09-30T02:44:34.077339Z  INFO lingxi_service: request handled request_id=req-bdfc9ba530b950f4c9cda3f0f1b19ba4 method=POST path=/lingxi/v1/sessions/sess_local_alpha/execute status=200
2026-09-30T02:44:34.078110Z  INFO lingxi_service::sessions: run settled through the single finalize path run_id=run_000001a0f033129d_00045c session_id="sess_local_alpha" outcome=completed.no_final.no_provider_configured input_chars=22 input_bytes=22
2026-09-30T02:44:34.078259Z  INFO lingxi_service: request handled request_id=req-7270b6e10ba446b77ac339c4e53b2f6d method=POST path=/lingxi/v1/sessions/sess_local_alpha/execute status=200
2026-09-30T02:44:34.079020Z  INFO lingxi_service::sessions: run settled through the single finalize path run_id=run_000001a0f033129e_00045d session_id="sess_local_alpha" outcome=completed.no_final.no_provider_configured input_chars=22 input_bytes=22
2026-09-30T02:44:34.079167Z  INFO lingxi_service: request handled request_id=req-6a2289a7d36ae2a213cca907a0776c8f method=POST path=/lingxi/v1/sessions/sess_local_alpha/execute status=200
2026-09-30T02:44:34.079991Z  INFO lingxi_service::sessions: run settled through the single finalize path run_id=run_000001a0f033129f_00045e session_id="sess_local_alpha" outcome=completed.no_final.no_provider_configured input_chars=22 input_bytes=22
2026-09-30T02:44:34.080141Z  INFO lingxi_service: request handled request_id=req-c6500d40bc9c1357adfd58b62f048635 method=POST path=/lingxi/v1/sessions/sess_local_alpha/execute status=200
2026-09-30T02:44:34.080971Z  INFO lingxi_service::sessions: run settled through the single finalize path run_id=run_000001a0f03312a0_00045f session_id="sess_local_alpha" outcome=completed.no_final.no_provider_configured input_chars=22 input_bytes=22
2026-09-30T02:44:34.081121Z  INFO lingxi_service: request handled request_id=req-a4ecf5f033404b754437bd0c8679d4c7 method=POST path=/lingxi/v1/sessions/sess_local_alpha/execute status=200
2026-09-30T02:44:34.081889Z  INFO lingxi_service::sessions: run settled through the single finalize path run_id=run_000001a0f03312a1_000460 session_id="sess_local_alpha" outcome=completed.no_final.no_provider_configured input_chars=22 input_bytes=22
2026-09-30T02:44:34.082041Z  INFO lingxi_service: request handled request_id=req-3cd323c9b1c003609412be17050e2542 method=POST path=/lingxi/v1/sessions/sess_local_alpha/execute status=200
2026-09-30T02:44:34.082806Z  INFO lingxi_service::sessions: run settled through the single finalize path run_id=run_000001a0f03312a2_000461 session_id="sess_local_alpha" outcome=completed.no_final.no_provider_configured input_chars=22 input_bytes=22
2026-09-30T02:44:34.082955Z  INFO lingxi_service: request handled request_id=req-88bd80fd531318342adb2518c2c9fac2 method=POST path=/lingxi/v1/sessions/sess_local_alpha/execute status=200
2026-09-30T02:44:34.083726Z  INFO lingxi_service::sessions: run settled through the single finalize path run_id=run_000001a0f03312a3_000462 session_id="sess_local_alpha" outcome=completed.no_final.no_provider_configured input_chars=22 input_bytes=22
2026-09-30T02:44:34.083874Z  INFO lingxi_service: request handled request_id=req-0be242dd63f715f5d096217db517b27b method=POST path=/lingxi/v1/sessions/sess_local_alpha/execute status=200
2026-09-30T02:44:34.084615Z  INFO lingxi_service::sessions: run settled through the single finalize path run_id=run_000001a0f03312a4_000463 session_id="sess_local_alpha" outcome=completed.no_final.no_provider_configured input_chars=22 input_bytes=22
2026-09-30T02:44:34.084762Z  INFO lingxi_service: request handled request_id=req-394ffc21d00b40323463103254bb35ea method=POST path=/lingxi/v1/sessions/sess_local_alpha/execute status=200
2026-09-30T02:44:34.085589Z  INFO lingxi_service::sessions: run settled through the single finalize path run_id=run_000001a0f03312a5_000464 session_id="sess_local_alpha" outcome=completed.no_final.no_provider_configured input_chars=22 input_bytes=22
2026-09-30T02:44:34.085734Z  INFO lingxi_service: request handled request_id=req-b40acbaef181ec81b3ab5dacb7ff2080 method=POST path=/lingxi/v1/sessions/sess_local_alpha/execute status=200
2026-09-30T02:44:34.086501Z  INFO lingxi_service::sessions: run settled through the single finalize path run_id=run_000001a0f03312a6_000465 session_id="sess_local_alpha" outcome=completed.no_final.no_provider_configured input_chars=22 input_bytes=22
2026-09-30T02:44:34.086648Z  INFO lingxi_service: request handled request_id=req-de8a7473e734423f2335261e476b3cc2 method=POST path=/lingxi/v1/sessions/sess_local_alpha/execute status=200
2026-09-30T02:44:34.087421Z  INFO lingxi_service::sessions: run settled through the single finalize path run_id=run_000001a0f03312a7_000466 session_id="sess_local_alpha" outcome=completed.no_final.no_provider_configured input_chars=22 input_bytes=22
2026-09-30T02:44:34.087568Z  INFO lingxi_service: request handled request_id=req-3cc4cb9b7672e89efd42c919d13138c7 method=POST path=/lingxi/v1/sessions/sess_local_alpha/execute status=200
2026-09-30T02:44:34.088338Z  INFO lingxi_service::sessions: run settled through the single finalize path run_id=run_000001a0f03312a7_000467 session_id="sess_local_alpha" outcome=completed.no_final.no_provider_configured input_chars=22 input_bytes=22
2026-09-30T02:44:34.088484Z  INFO lingxi_service: request handled request_id=req-22fc8f4a809c73a1356d85305ceda064 method=POST path=/lingxi/v1/sessions/sess_local_alpha/execute status=200
2026-09-30T02:44:34.089252Z  INFO lingxi_service::sessions: run settled through the single finalize path run_id=run_000001a0f03312a8_000468 session_id="sess_local_alpha" outcome=completed.no_final.no_provider_configured input_chars=22 input_bytes=22
2026-09-30T02:44:34.089398Z  INFO lingxi_service: request handled request_id=req-a6b31b1f36756688013613d3942efc07 method=POST path=/lingxi/v1/sessions/sess_local_alpha/execute status=200
2026-09-30T02:44:34.090195Z  INFO lingxi_service::sessions: run settled through the single finalize path run_id=run_000001a0f03312a9_000469 session_id="sess_local_alpha" outcome=completed.no_final.no_provider_configured input_chars=22 input_bytes=22
2026-09-30T02:44:34.090341Z  INFO lingxi_service: request handled request_id=req-fd3f6478e4bd3745bbd62113344e2f0b method=POST path=/lingxi/v1/sessions/sess_local_alpha/execute status=200
2026-09-30T02:44:34.091101Z  INFO lingxi_service::sessions: run settled through the single finalize path run_id=run_000001a0f03312aa_00046a session_id="sess_local_alpha" outcome=completed.no_final.no_provider_configured input_chars=22 input_bytes=22
2026-09-30T02:44:34.091247Z  INFO lingxi_service: request handled request_id=req-b3fd37329f2f41b0d8b8c67a70b95056 method=POST path=/lingxi/v1/sessions/sess_local_alpha/execute status=200
2026-09-30T02:44:34.092031Z  INFO lingxi_service::sessions: run settled through the single finalize path run_id=run_000001a0f03312ab_00046b session_id="sess_local_alpha" outcome=completed.no_final.no_provider_configured input_chars=22 input_bytes=22
2026-09-30T02:44:34.092181Z  INFO lingxi_service: request handled request_id=req-cac0016497aa20d64f8e4b501d044060 method=POST path=/lingxi/v1/sessions/sess_local_alpha/execute status=200
2026-09-30T02:44:34.092960Z  INFO lingxi_service::sessions: run settled through the single finalize path run_id=run_000001a0f03312ac_00046c session_id="sess_local_alpha" outcome=completed.no_final.no_provider_configured input_chars=22 input_bytes=22
2026-09-30T02:44:34.093107Z  INFO lingxi_service: request handled request_id=req-7ea1ecff76434c49070d0a7790aeee80 method=POST path=/lingxi/v1/sessions/sess_local_alpha/execute status=200
2026-09-30T02:44:34.094289Z  INFO lingxi_service::sessions: run settled through the single finalize path run_id=run_000001a0f03312ad_00046d session_id="sess_local_alpha" outcome=completed.no_final.no_provider_configured input_chars=22 input_bytes=22
2026-09-30T02:44:34.094439Z  INFO lingxi_service: request handled request_id=req-971ffaf8af52fd0ac8cb9df655eb4e91 method=POST path=/lingxi/v1/sessions/sess_local_alpha/execute status=200
2026-09-30T02:44:34.095188Z  INFO lingxi_service::sessions: run settled through the single finalize path run_id=run_000001a0f03312ae_00046e session_id="sess_local_alpha" outcome=completed.no_final.no_provider_configured input_chars=22 input_bytes=22
2026-09-30T02:44:34.095340Z  INFO lingxi_service: request handled request_id=req-21c07b4fefb9b4cc0f4e1c81ef2307b1 method=POST path=/lingxi/v1/sessions/sess_local_alpha/execute status=200
2026-09-30T02:44:34.096118Z  INFO lingxi_service::sessions: run settled through the single finalize path run_id=run_000001a0f03312af_00046f session_id="sess_local_alpha" outcome=completed.no_final.no_provider_configured input_chars=22 input_bytes=22
2026-09-30T02:44:34.096278Z  INFO lingxi_service: request handled request_id=req-c13fc29de1c1f9c00ad71f8d6c5e53d4 method=POST path=/lingxi/v1/sessions/sess_local_alpha/execute status=200
2026-09-30T02:44:34.097049Z  INFO lingxi_service::sessions: run settled through the single finalize path run_id=run_000001a0f03312b0_000470 session_id="sess_local_alpha" outcome=completed.no_final.no_provider_configured input_chars=22 input_bytes=22
2026-09-30T02:44:34.097198Z  INFO lingxi_service: request handled request_id=req-29c452f0dca57cf6a7294139356d5b17 method=POST path=/lingxi/v1/sessions/sess_local_alpha/execute status=200
2026-09-30T02:44:34.097956Z  INFO lingxi_service::sessions: run settled through the single finalize path run_id=run_000001a0f03312b1_000471 session_id="sess_local_alpha" outcome=completed.no_final.no_provider_configured input_chars=22 input_bytes=22
2026-09-30T02:44:34.098106Z  INFO lingxi_service: request handled request_id=req-539477b405ebfcbc0d2db6b88951ba8b method=POST path=/lingxi/v1/sessions/sess_local_alpha/execute status=200
2026-09-30T02:44:34.098859Z  INFO lingxi_service::sessions: run settled through the single finalize path run_id=run_000001a0f03312b2_000472 session_id="sess_local_alpha" outcome=completed.no_final.no_provider_configured input_chars=22 input_bytes=22
2026-09-30T02:44:34.099006Z  INFO lingxi_service: request handled request_id=req-42870699e3ebeec82a10db10cc07b92a method=POST path=/lingxi/v1/sessions/sess_local_alpha/execute status=200
2026-09-30T02:44:34.099772Z  INFO lingxi_service::sessions: run settled through the single finalize path run_id=run_000001a0f03312b3_000473 session_id="sess_local_alpha" outcome=completed.no_final.no_provider_configured input_chars=22 input_bytes=22
2026-09-30T02:44:34.099921Z  INFO lingxi_service: request handled request_id=req-e312abd22260536c34ffc62f401cdae5 method=POST path=/lingxi/v1/sessions/sess_local_alpha/execute status=200
2026-09-30T02:44:34.100679Z  INFO lingxi_service::sessions: run settled through the single finalize path run_id=run_000001a0f03312b4_000474 session_id="sess_local_alpha" outcome=completed.no_final.no_provider_configured input_chars=22 input_bytes=22
2026-09-30T02:44:34.100828Z  INFO lingxi_service: request handled request_id=req-5ed1d9abcb4bfa3852faede3907dd2ea method=POST path=/lingxi/v1/sessions/sess_local_alpha/execute status=200
2026-09-30T02:44:34.101603Z  INFO lingxi_service::sessions: run settled through the single finalize path run_id=run_000001a0f03312b5_000475 session_id="sess_local_alpha" outcome=completed.no_final.no_provider_configured input_chars=22 input_bytes=22
2026-09-30T02:44:34.101750Z  INFO lingxi_service: request handled request_id=req-4f2c632c23fbc775a8dbd2eebcaeddb9 method=POST path=/lingxi/v1/sessions/sess_local_alpha/execute status=200
2026-09-30T02:44:34.102543Z  INFO lingxi_service::sessions: run settled through the single finalize path run_id=run_000001a0f03312b6_000476 session_id="sess_local_alpha" outcome=completed.no_final.no_provider_configured input_chars=22 input_bytes=22
2026-09-30T02:44:34.102687Z  INFO lingxi_service: request handled request_id=req-909ff94a2e4ee848e991f0805ceeb576 method=POST path=/lingxi/v1/sessions/sess_local_alpha/execute status=200
2026-09-30T02:44:34.103437Z  INFO lingxi_service::sessions: run settled through the single finalize path run_id=run_000001a0f03312b7_000477 session_id="sess_local_alpha" outcome=completed.no_final.no_provider_configured input_chars=22 input_bytes=22
2026-09-30T02:44:34.103585Z  INFO lingxi_service: request handled request_id=req-83ed66b15a7aea9c38ee071ef3ff5470 method=POST path=/lingxi/v1/sessions/sess_local_alpha/execute status=200
2026-09-30T02:44:34.104336Z  INFO lingxi_service::sessions: run settled through the single finalize path run_id=run_000001a0f03312b7_000478 session_id="sess_local_alpha" outcome=completed.no_final.no_provider_configured input_chars=22 input_bytes=22
2026-09-30T02:44:34.104483Z  INFO lingxi_service: request handled request_id=req-b8144d0b07afb4c9e5d35ea9b239efb8 method=POST path=/lingxi/v1/sessions/sess_local_alpha/execute status=200
2026-09-30T02:44:34.105262Z  INFO lingxi_service::sessions: run settled through the single finalize path run_id=run_000001a0f03312b8_000479 session_id="sess_local_alpha" outcome=completed.no_final.no_provider_configured input_chars=22 input_bytes=22
2026-09-30T02:44:34.105414Z  INFO lingxi_service: request handled request_id=req-cb2801cf7c093311066dc1e809991833 method=POST path=/lingxi/v1/sessions/sess_local_alpha/execute status=200
2026-09-30T02:44:34.106182Z  INFO lingxi_service::sessions: run settled through the single finalize path run_id=run_000001a0f03312b9_00047a session_id="sess_local_alpha" outcome=completed.no_final.no_provider_configured input_chars=22 input_bytes=22
2026-09-30T02:44:34.106326Z  INFO lingxi_service: request handled request_id=req-3f46d7b2b6c4c486bd9c4955ff2a8075 method=POST path=/lingxi/v1/sessions/sess_local_alpha/execute status=200
2026-09-30T02:44:34.108790Z  INFO lingxi_service::sessions: run settled through the single finalize path run_id=run_000001a0f03312bc_00047b session_id="sess_local_alpha" outcome=completed.no_final.no_provider_configured input_chars=22 input_bytes=22
2026-09-30T02:44:34.108962Z  INFO lingxi_service: request handled request_id=req-64a6d55623cdb079a293cdb1243592f6 method=POST path=/lingxi/v1/sessions/sess_local_alpha/execute status=200
2026-09-30T02:44:34.109789Z  INFO lingxi_service::sessions: run settled through the single finalize path run_id=run_000001a0f03312bd_00047c session_id="sess_local_alpha" outcome=completed.no_final.no_provider_configured input_chars=22 input_bytes=22
2026-09-30T02:44:34.109942Z  INFO lingxi_service: request handled request_id=req-cd043d5b6872b5a800071962b53bb90e method=POST path=/lingxi/v1/sessions/sess_local_alpha/execute status=200
2026-09-30T02:44:34.110753Z  INFO lingxi_service::sessions: run settled through the single finalize path run_id=run_000001a0f03312be_00047d session_id="sess_local_alpha" outcome=completed.no_final.no_provider_configured input_chars=22 input_bytes=22
2026-09-30T02:44:34.110917Z  INFO lingxi_service: request handled request_id=req-ce25e461dd4bc421b1f025cf564986bd method=POST path=/lingxi/v1/sessions/sess_local_alpha/execute status=200
2026-09-30T02:44:34.111720Z  INFO lingxi_service::sessions: run settled through the single finalize path run_id=run_000001a0f03312bf_00047e session_id="sess_local_alpha" outcome=completed.no_final.no_provider_configured input_chars=22 input_bytes=22
2026-09-30T02:44:34.111871Z  INFO lingxi_service: request handled request_id=req-695b59d96ce5286b578f5d70c412a787 method=POST path=/lingxi/v1/sessions/sess_local_alpha/execute status=200
2026-09-30T02:44:34.112730Z  INFO lingxi_service::sessions: run settled through the single finalize path run_id=run_000001a0f03312c0_00047f session_id="sess_local_alpha" outcome=completed.no_final.no_provider_configured input_chars=22 input_bytes=22
2026-09-30T02:44:34.112889Z  INFO lingxi_service: request handled request_id=req-c6e78d99e93d92b2f1671affa5bda3db method=POST path=/lingxi/v1/sessions/sess_local_alpha/execute status=200
2026-09-30T02:44:34.113684Z  INFO lingxi_service::sessions: run settled through the single finalize path run_id=run_000001a0f03312c1_000480 session_id="sess_local_alpha" outcome=completed.no_final.no_provider_configured input_chars=22 input_bytes=22
2026-09-30T02:44:34.113839Z  INFO lingxi_service: request handled request_id=req-d1316dca647b67a1b7a404a065e2ac0d method=POST path=/lingxi/v1/sessions/sess_local_alpha/execute status=200
2026-09-30T02:44:34.114608Z  INFO lingxi_service::sessions: run settled through the single finalize path run_id=run_000001a0f03312c2_000481 session_id="sess_local_alpha" outcome=completed.no_final.no_provider_configured input_chars=22 input_bytes=22
2026-09-30T02:44:34.114756Z  INFO lingxi_service: request handled request_id=req-1d5ac5320d078155d26afe64313acbe5 method=POST path=/lingxi/v1/sessions/sess_local_alpha/execute status=200
2026-09-30T02:44:34.115505Z  INFO lingxi_service::sessions: run settled through the single finalize path run_id=run_000001a0f03312c3_000482 session_id="sess_local_alpha" outcome=completed.no_final.no_provider_configured input_chars=22 input_bytes=22
2026-09-30T02:44:34.115654Z  INFO lingxi_service: request handled request_id=req-41272d5f19189ec193ffd60478f31a6e method=POST path=/lingxi/v1/sessions/sess_local_alpha/execute status=200
2026-09-30T02:44:34.116419Z  INFO lingxi_service::sessions: run settled through the single finalize path run_id=run_000001a0f03312c4_000483 session_id="sess_local_alpha" outcome=completed.no_final.no_provider_configured input_chars=22 input_bytes=22
2026-09-30T02:44:34.116569Z  INFO lingxi_service: request handled request_id=req-7580448d6f970cd24860db3ebebd2fc7 method=POST path=/lingxi/v1/sessions/sess_local_alpha/execute status=200
2026-09-30T02:44:34.117361Z  INFO lingxi_service::sessions: run settled through the single finalize path run_id=run_000001a0f03312c4_000484 session_id="sess_local_alpha" outcome=completed.no_final.no_provider_configured input_chars=22 input_bytes=22
2026-09-30T02:44:34.117510Z  INFO lingxi_service: request handled request_id=req-02106de88d600f1f8c7b29e64671a617 method=POST path=/lingxi/v1/sessions/sess_local_alpha/execute status=200
2026-09-30T02:44:34.118343Z  INFO lingxi_service::sessions: run settled through the single finalize path run_id=run_000001a0f03312c5_000485 session_id="sess_local_alpha" outcome=completed.no_final.no_provider_configured input_chars=22 input_bytes=22
2026-09-30T02:44:34.118489Z  INFO lingxi_service: request handled request_id=req-f329ae2931801b2d3cb67a280fdb1dae method=POST path=/lingxi/v1/sessions/sess_local_alpha/execute status=200
2026-09-30T02:44:34.119250Z  INFO lingxi_service::sessions: run settled through the single finalize path run_id=run_000001a0f03312c6_000486 session_id="sess_local_alpha" outcome=completed.no_final.no_provider_configured input_chars=22 input_bytes=22
2026-09-30T02:44:34.119401Z  INFO lingxi_service: request handled request_id=req-35c7a8a6caf9a4d90edf8e56cfe3b572 method=POST path=/lingxi/v1/sessions/sess_local_alpha/execute status=200
2026-09-30T02:44:34.120198Z  INFO lingxi_service::sessions: run settled through the single finalize path run_id=run_000001a0f03312c7_000487 session_id="sess_local_alpha" outcome=completed.no_final.no_provider_configured input_chars=22 input_bytes=22
2026-09-30T02:44:34.120347Z  INFO lingxi_service: request handled request_id=req-8c1ee1750702886063e8b6b4599be6ba method=POST path=/lingxi/v1/sessions/sess_local_alpha/execute status=200
2026-09-30T02:44:34.121137Z  INFO lingxi_service::sessions: run settled through the single finalize path run_id=run_000001a0f03312c8_000488 session_id="sess_local_alpha" outcome=completed.no_final.no_provider_configured input_chars=22 input_bytes=22
2026-09-30T02:44:34.121288Z  INFO lingxi_service: request handled request_id=req-9de361501e3b939211888ff27c410a1d method=POST path=/lingxi/v1/sessions/sess_local_alpha/execute status=200
2026-09-30T02:44:34.122068Z  INFO lingxi_service::sessions: run settled through the single finalize path run_id=run_000001a0f03312c9_000489 session_id="sess_local_alpha" outcome=completed.no_final.no_provider_configured input_chars=22 input_bytes=22
2026-09-30T02:44:34.122215Z  INFO lingxi_service: request handled request_id=req-2e508f55c2b6b699a443ddc63b141043 method=POST path=/lingxi/v1/sessions/sess_local_alpha/execute status=200
2026-09-30T02:44:34.122960Z  INFO lingxi_service::sessions: run settled through the single finalize path run_id=run_000001a0f03312ca_00048a session_id="sess_local_alpha" outcome=completed.no_final.no_provider_configured input_chars=22 input_bytes=22
2026-09-30T02:44:34.123110Z  INFO lingxi_service: request handled request_id=req-e994a02e4238b2584c86eb0f31438b5d method=POST path=/lingxi/v1/sessions/sess_local_alpha/execute status=200
2026-09-30T02:44:34.123918Z  INFO lingxi_service::sessions: run settled through the single finalize path run_id=run_000001a0f03312cb_00048b session_id="sess_local_alpha" outcome=completed.no_final.no_provider_configured input_chars=22 input_bytes=22
2026-09-30T02:44:34.124067Z  INFO lingxi_service: request handled request_id=req-51e9d47eda9456159f00cbf3162ff54c method=POST path=/lingxi/v1/sessions/sess_local_alpha/execute status=200
2026-09-30T02:44:34.124885Z  INFO lingxi_service::sessions: run settled through the single finalize path run_id=run_000001a0f03312cc_00048c session_id="sess_local_alpha" outcome=completed.no_final.no_provider_configured input_chars=22 input_bytes=22
2026-09-30T02:44:34.125032Z  INFO lingxi_service: request handled request_id=req-0d911d91e189a8c52b01848b8a8c2376 method=POST path=/lingxi/v1/sessions/sess_local_alpha/execute status=200
2026-09-30T02:44:34.125797Z  INFO lingxi_service::sessions: run settled through the single finalize path run_id=run_000001a0f03312cd_00048d session_id="sess_local_alpha" outcome=completed.no_final.no_provider_configured input_chars=22 input_bytes=22
2026-09-30T02:44:34.125949Z  INFO lingxi_service: request handled request_id=req-62b3442e20cb4770de7bb3fecbab25aa method=POST path=/lingxi/v1/sessions/sess_local_alpha/execute status=200
2026-09-30T02:44:34.126712Z  INFO lingxi_service::sessions: run settled through the single finalize path run_id=run_000001a0f03312ce_00048e session_id="sess_local_alpha" outcome=completed.no_final.no_provider_configured input_chars=22 input_bytes=22
2026-09-30T02:44:34.126863Z  INFO lingxi_service: request handled request_id=req-38b88feef1973251c54b9170f033b8dd method=POST path=/lingxi/v1/sessions/sess_local_alpha/execute status=200
2026-09-30T02:44:34.127633Z  INFO lingxi_service::sessions: run settled through the single finalize path run_id=run_000001a0f03312cf_00048f session_id="sess_local_alpha" outcome=completed.no_final.no_provider_configured input_chars=22 input_bytes=22
2026-09-30T02:44:34.127782Z  INFO lingxi_service: request handled request_id=req-58da6398154b1565802e2c13228fa10b method=POST path=/lingxi/v1/sessions/sess_local_alpha/execute status=200
2026-09-30T02:44:34.128644Z  INFO lingxi_service::sessions: run settled through the single finalize path run_id=run_000001a0f03312d0_000490 session_id="sess_local_alpha" outcome=completed.no_final.no_provider_configured input_chars=22 input_bytes=22
2026-09-30T02:44:34.128795Z  INFO lingxi_service: request handled request_id=req-e2d8c2dc4b7ee489cbed99643a948c4c method=POST path=/lingxi/v1/sessions/sess_local_alpha/execute status=200
2026-09-30T02:44:34.129554Z  INFO lingxi_service::sessions: run settled through the single finalize path run_id=run_000001a0f03312d1_000491 session_id="sess_local_alpha" outcome=completed.no_final.no_provider_configured input_chars=22 input_bytes=22
2026-09-30T02:44:34.129704Z  INFO lingxi_service: request handled request_id=req-5ebc674210312591b293027a7aa4bf44 method=POST path=/lingxi/v1/sessions/sess_local_alpha/execute status=200
2026-09-30T02:44:34.130534Z  INFO lingxi_service::sessions: run settled through the single finalize path run_id=run_000001a0f03312d2_000492 session_id="sess_local_alpha" outcome=completed.no_final.no_provider_configured input_chars=22 input_bytes=22
2026-09-30T02:44:34.130683Z  INFO lingxi_service: request handled request_id=req-2ca36ed41af65039c7c304bbed0626ed method=POST path=/lingxi/v1/sessions/sess_local_alpha/execute status=200
2026-09-30T02:44:34.131513Z  INFO lingxi_service::sessions: run settled through the single finalize path run_id=run_000001a0f03312d3_000493 session_id="sess_local_alpha" outcome=completed.no_final.no_provider_configured input_chars=22 input_bytes=22
2026-09-30T02:44:34.131662Z  INFO lingxi_service: request handled request_id=req-451532e05964a1f804076b76d7a3d0f3 method=POST path=/lingxi/v1/sessions/sess_local_alpha/execute status=200
2026-09-30T02:44:34.132394Z  INFO lingxi_service::sessions: run settled through the single finalize path run_id=run_000001a0f03312d4_000494 session_id="sess_local_alpha" outcome=completed.no_final.no_provider_configured input_chars=22 input_bytes=22
2026-09-30T02:44:34.132543Z  INFO lingxi_service: request handled request_id=req-d728f3f54b473dc7638d04eee5eeaa83 method=POST path=/lingxi/v1/sessions/sess_local_alpha/execute status=200
2026-09-30T02:44:34.133371Z  INFO lingxi_service::sessions: run settled through the single finalize path run_id=run_000001a0f03312d4_000495 session_id="sess_local_alpha" outcome=completed.no_final.no_provider_configured input_chars=22 input_bytes=22
2026-09-30T02:44:34.133519Z  INFO lingxi_service: request handled request_id=req-cae4a68e6d7d1d0824d4aacf44ad1863 method=POST path=/lingxi/v1/sessions/sess_local_alpha/execute status=200
2026-09-30T02:44:34.134337Z  INFO lingxi_service::sessions: run settled through the single finalize path run_id=run_000001a0f03312d5_000496 session_id="sess_local_alpha" outcome=completed.no_final.no_provider_configured input_chars=22 input_bytes=22
2026-09-30T02:44:34.134484Z  INFO lingxi_service: request handled request_id=req-907ceb76a3269b33858a99d2318a6a73 method=POST path=/lingxi/v1/sessions/sess_local_alpha/execute status=200
2026-09-30T02:44:34.135251Z  INFO lingxi_service::sessions: run settled through the single finalize path run_id=run_000001a0f03312d6_000497 session_id="sess_local_alpha" outcome=completed.no_final.no_provider_configured input_chars=22 input_bytes=22
2026-09-30T02:44:34.135401Z  INFO lingxi_service: request handled request_id=req-6b9ee39930edefb04855b82d5cd5a84f method=POST path=/lingxi/v1/sessions/sess_local_alpha/execute status=200
2026-09-30T02:44:34.136243Z  INFO lingxi_service::sessions: run settled through the single finalize path run_id=run_000001a0f03312d7_000498 session_id="sess_local_alpha" outcome=completed.no_final.no_provider_configured input_chars=22 input_bytes=22
2026-09-30T02:44:34.136394Z  INFO lingxi_service: request handled request_id=req-e6b799b1e70302a70ed9f0ba26bc1c53 method=POST path=/lingxi/v1/sessions/sess_local_alpha/execute status=200
2026-09-30T02:44:34.137248Z  INFO lingxi_service::sessions: run settled through the single finalize path run_id=run_000001a0f03312d8_000499 session_id="sess_local_alpha" outcome=completed.no_final.no_provider_configured input_chars=22 input_bytes=22
2026-09-30T02:44:34.137398Z  INFO lingxi_service: request handled request_id=req-ed1bd7c1d8de7b7935fa82f20c3274c4 method=POST path=/lingxi/v1/sessions/sess_local_alpha/execute status=200
2026-09-30T02:44:34.138147Z  INFO lingxi_service::sessions: run settled through the single finalize path run_id=run_000001a0f03312d9_00049a session_id="sess_local_alpha" outcome=completed.no_final.no_provider_configured input_chars=22 input_bytes=22
2026-09-30T02:44:34.138297Z  INFO lingxi_service: request handled request_id=req-505eb1ee27eb2dcea5f8bddea98e53db method=POST path=/lingxi/v1/sessions/sess_local_alpha/execute status=200
2026-09-30T02:44:34.139125Z  INFO lingxi_service::sessions: run settled through the single finalize path run_id=run_000001a0f03312da_00049b session_id="sess_local_alpha" outcome=completed.no_final.no_provider_configured input_chars=22 input_bytes=22
2026-09-30T02:44:34.139273Z  INFO lingxi_service: request handled request_id=req-d51c084841aa8fde1cd1e7fc67ba1c6b method=POST path=/lingxi/v1/sessions/sess_local_alpha/execute status=200
2026-09-30T02:44:34.140477Z  INFO lingxi_service::sessions: run settled through the single finalize path run_id=run_000001a0f03312db_00049c session_id="sess_local_alpha" outcome=completed.no_final.no_provider_configured input_chars=22 input_bytes=22
2026-09-30T02:44:34.140626Z  INFO lingxi_service: request handled request_id=req-aade112cde5b9e08b480eda58d76218a method=POST path=/lingxi/v1/sessions/sess_local_alpha/execute status=200
2026-09-30T02:44:34.141377Z  INFO lingxi_service::sessions: run settled through the single finalize path run_id=run_000001a0f03312dc_00049d session_id="sess_local_alpha" outcome=completed.no_final.no_provider_configured input_chars=22 input_bytes=22
2026-09-30T02:44:34.141524Z  INFO lingxi_service: request handled request_id=req-3b06101a3d6da375a6177dd5d8829609 method=POST path=/lingxi/v1/sessions/sess_local_alpha/execute status=200
2026-09-30T02:44:34.142263Z  INFO lingxi_service::sessions: run settled through the single finalize path run_id=run_000001a0f03312dd_00049e session_id="sess_local_alpha" outcome=completed.no_final.no_provider_configured input_chars=22 input_bytes=22
2026-09-30T02:44:34.142410Z  INFO lingxi_service: request handled request_id=req-0c8deb0f8162e1d47141657fd10375de method=POST path=/lingxi/v1/sessions/sess_local_alpha/execute status=200
2026-09-30T02:44:34.143181Z  INFO lingxi_service::sessions: run settled through the single finalize path run_id=run_000001a0f03312de_00049f session_id="sess_local_alpha" outcome=completed.no_final.no_provider_configured input_chars=22 input_bytes=22
2026-09-30T02:44:34.143331Z  INFO lingxi_service: request handled request_id=req-faec1f2e160b29da6162c2f607512e5b method=POST path=/lingxi/v1/sessions/sess_local_alpha/execute status=200
2026-09-30T02:44:34.144089Z  INFO lingxi_service::sessions: run settled through the single finalize path run_id=run_000001a0f03312df_0004a0 session_id="sess_local_alpha" outcome=completed.no_final.no_provider_configured input_chars=22 input_bytes=22
2026-09-30T02:44:34.144243Z  INFO lingxi_service: request handled request_id=req-b84a9ee6b5c0cd37bab0c947c91a41f0 method=POST path=/lingxi/v1/sessions/sess_local_alpha/execute status=200
2026-09-30T02:44:34.145017Z  INFO lingxi_service::sessions: run settled through the single finalize path run_id=run_000001a0f03312e0_0004a1 session_id="sess_local_alpha" outcome=completed.no_final.no_provider_configured input_chars=22 input_bytes=22
2026-09-30T02:44:34.145166Z  INFO lingxi_service: request handled request_id=req-48071760901a7250a2eb6fc97f3a8170 method=POST path=/lingxi/v1/sessions/sess_local_alpha/execute status=200
2026-09-30T02:44:34.145922Z  INFO lingxi_service::sessions: run settled through the single finalize path run_id=run_000001a0f03312e1_0004a2 session_id="sess_local_alpha" outcome=completed.no_final.no_provider_configured input_chars=22 input_bytes=22
2026-09-30T02:44:34.146070Z  INFO lingxi_service: request handled request_id=req-eeca7a08918b541458767d8015d71033 method=POST path=/lingxi/v1/sessions/sess_local_alpha/execute status=200
2026-09-30T02:44:34.146807Z  INFO lingxi_service::sessions: run settled through the single finalize path run_id=run_000001a0f03312e2_0004a3 session_id="sess_local_alpha" outcome=completed.no_final.no_provider_configured input_chars=22 input_bytes=22
2026-09-30T02:44:34.146956Z  INFO lingxi_service: request handled request_id=req-bec0882cb4609f7a63703b165e929247 method=POST path=/lingxi/v1/sessions/sess_local_alpha/execute status=200
2026-09-30T02:44:34.147693Z  INFO lingxi_service::sessions: run settled through the single finalize path run_id=run_000001a0f03312e3_0004a4 session_id="sess_local_alpha" outcome=completed.no_final.no_provider_configured input_chars=22 input_bytes=22
2026-09-30T02:44:34.147840Z  INFO lingxi_service: request handled request_id=req-6648fd5439b6b3fce0f4377c7437f241 method=POST path=/lingxi/v1/sessions/sess_local_alpha/execute status=200
2026-09-30T02:44:34.148579Z  INFO lingxi_service::sessions: run settled through the single finalize path run_id=run_000001a0f03312e4_0004a5 session_id="sess_local_alpha" outcome=completed.no_final.no_provider_configured input_chars=22 input_bytes=22
2026-09-30T02:44:34.148729Z  INFO lingxi_service: request handled request_id=req-2d22953aa9474f66616656d6992992cc method=POST path=/lingxi/v1/sessions/sess_local_alpha/execute status=200
2026-09-30T02:44:34.149460Z  INFO lingxi_service::sessions: run settled through the single finalize path run_id=run_000001a0f03312e5_0004a6 session_id="sess_local_alpha" outcome=completed.no_final.no_provider_configured input_chars=22 input_bytes=22
2026-09-30T02:44:34.149607Z  INFO lingxi_service: request handled request_id=req-075bc24dcbf4725bebfd42b23416f88e method=POST path=/lingxi/v1/sessions/sess_local_alpha/execute status=200
2026-09-30T02:44:34.150338Z  INFO lingxi_service::sessions: run settled through the single finalize path run_id=run_000001a0f03312e5_0004a7 session_id="sess_local_alpha" outcome=completed.no_final.no_provider_configured input_chars=22 input_bytes=22
2026-09-30T02:44:34.150487Z  INFO lingxi_service: request handled request_id=req-78563e4ac5a713982d717222669bf3cb method=POST path=/lingxi/v1/sessions/sess_local_alpha/execute status=200
2026-09-30T02:44:34.151259Z  INFO lingxi_service::sessions: run settled through the single finalize path run_id=run_000001a0f03312e6_0004a8 session_id="sess_local_alpha" outcome=completed.no_final.no_provider_configured input_chars=22 input_bytes=22
2026-09-30T02:44:34.151415Z  INFO lingxi_service: request handled request_id=req-e249676b9a70da76fc6b281c3788d5c7 method=POST path=/lingxi/v1/sessions/sess_local_alpha/execute status=200
2026-09-30T02:44:34.152192Z  INFO lingxi_service::sessions: run settled through the single finalize path run_id=run_000001a0f03312e7_0004a9 session_id="sess_local_alpha" outcome=completed.no_final.no_provider_configured input_chars=22 input_bytes=22
2026-09-30T02:44:34.152345Z  INFO lingxi_service: request handled request_id=req-a8458d9b10e2079036c73b55b54a0fa9 method=POST path=/lingxi/v1/sessions/sess_local_alpha/execute status=200
2026-09-30T02:44:34.153089Z  INFO lingxi_service::sessions: run settled through the single finalize path run_id=run_000001a0f03312e8_0004aa session_id="sess_local_alpha" outcome=completed.no_final.no_provider_configured input_chars=22 input_bytes=22
2026-09-30T02:44:34.153237Z  INFO lingxi_service: request handled request_id=req-7e1a8333146754fc1a9780eb5dd68575 method=POST path=/lingxi/v1/sessions/sess_local_alpha/execute status=200
2026-09-30T02:44:34.153995Z  INFO lingxi_service::sessions: run settled through the single finalize path run_id=run_000001a0f03312e9_0004ab session_id="sess_local_alpha" outcome=completed.no_final.no_provider_configured input_chars=22 input_bytes=22
2026-09-30T02:44:34.154145Z  INFO lingxi_service: request handled request_id=req-f22f736511631a44a72413a326c88a9a method=POST path=/lingxi/v1/sessions/sess_local_alpha/execute status=200
2026-09-30T02:44:34.154889Z  INFO lingxi_service::sessions: run settled through the single finalize path run_id=run_000001a0f03312ea_0004ac session_id="sess_local_alpha" outcome=completed.no_final.no_provider_configured input_chars=22 input_bytes=22
2026-09-30T02:44:34.155044Z  INFO lingxi_service: request handled request_id=req-796ec51fd0236ebc512a17555defb59b method=POST path=/lingxi/v1/sessions/sess_local_alpha/execute status=200
2026-09-30T02:44:34.155805Z  INFO lingxi_service::sessions: run settled through the single finalize path run_id=run_000001a0f03312eb_0004ad session_id="sess_local_alpha" outcome=completed.no_final.no_provider_configured input_chars=22 input_bytes=22
2026-09-30T02:44:34.155955Z  INFO lingxi_service: request handled request_id=req-434010e24f08ee213cb35cfdd6f0de8f method=POST path=/lingxi/v1/sessions/sess_local_alpha/execute status=200
2026-09-30T02:44:34.156739Z  INFO lingxi_service::sessions: run settled through the single finalize path run_id=run_000001a0f03312ec_0004ae session_id="sess_local_alpha" outcome=completed.no_final.no_provider_configured input_chars=22 input_bytes=22
2026-09-30T02:44:34.156888Z  INFO lingxi_service: request handled request_id=req-96c33f7a3b05d8d876337994b9f97c2e method=POST path=/lingxi/v1/sessions/sess_local_alpha/execute status=200
2026-09-30T02:44:34.157644Z  INFO lingxi_service::sessions: run settled through the single finalize path run_id=run_000001a0f03312ed_0004af session_id="sess_local_alpha" outcome=completed.no_final.no_provider_configured input_chars=22 input_bytes=22
2026-09-30T02:44:34.157793Z  INFO lingxi_service: request handled request_id=req-f4d2977e970f533512265f1efc9093c5 method=POST path=/lingxi/v1/sessions/sess_local_alpha/execute status=200
2026-09-30T02:44:34.158538Z  INFO lingxi_service::sessions: run settled through the single finalize path run_id=run_000001a0f03312ee_0004b0 session_id="sess_local_alpha" outcome=completed.no_final.no_provider_configured input_chars=22 input_bytes=22
2026-09-30T02:44:34.158685Z  INFO lingxi_service: request handled request_id=req-d7f6f34981a76db5c04d611b2f4cf28a method=POST path=/lingxi/v1/sessions/sess_local_alpha/execute status=200
2026-09-30T02:44:34.159432Z  INFO lingxi_service::sessions: run settled through the single finalize path run_id=run_000001a0f03312ef_0004b1 session_id="sess_local_alpha" outcome=completed.no_final.no_provider_configured input_chars=22 input_bytes=22
2026-09-30T02:44:34.159581Z  INFO lingxi_service: request handled request_id=req-7a1ef26dd5868090f6e129b1dc967a5a method=POST path=/lingxi/v1/sessions/sess_local_alpha/execute status=200
2026-09-30T02:44:34.160352Z  INFO lingxi_service::sessions: run settled through the single finalize path run_id=run_000001a0f03312ef_0004b2 session_id="sess_local_alpha" outcome=completed.no_final.no_provider_configured input_chars=22 input_bytes=22
2026-09-30T02:44:34.160499Z  INFO lingxi_service: request handled request_id=req-476fe6968387be72501e8637307fba91 method=POST path=/lingxi/v1/sessions/sess_local_alpha/execute status=200
2026-09-30T02:44:34.161308Z  INFO lingxi_service::sessions: run settled through the single finalize path run_id=run_000001a0f03312f0_0004b3 session_id="sess_local_alpha" outcome=completed.no_final.no_provider_configured input_chars=22 input_bytes=22
2026-09-30T02:44:34.161457Z  INFO lingxi_service: request handled request_id=req-1ea3c232a45acdaf6cab79cf39b82a34 method=POST path=/lingxi/v1/sessions/sess_local_alpha/execute status=200
2026-09-30T02:44:34.162210Z  INFO lingxi_service::sessions: run settled through the single finalize path run_id=run_000001a0f03312f1_0004b4 session_id="sess_local_alpha" outcome=completed.no_final.no_provider_configured input_chars=22 input_bytes=22
2026-09-30T02:44:34.162363Z  INFO lingxi_service: request handled request_id=req-a260452f722ecc7a33a590045bae923d method=POST path=/lingxi/v1/sessions/sess_local_alpha/execute status=200
2026-09-30T02:44:34.163153Z  INFO lingxi_service::sessions: run settled through the single finalize path run_id=run_000001a0f03312f2_0004b5 session_id="sess_local_alpha" outcome=completed.no_final.no_provider_configured input_chars=22 input_bytes=22
2026-09-30T02:44:34.163303Z  INFO lingxi_service: request handled request_id=req-f0ab715528f3c7d26fb62d38871fbbf6 method=POST path=/lingxi/v1/sessions/sess_local_alpha/execute status=200
2026-09-30T02:44:34.164073Z  INFO lingxi_service::sessions: run settled through the single finalize path run_id=run_000001a0f03312f3_0004b6 session_id="sess_local_alpha" outcome=completed.no_final.no_provider_configured input_chars=22 input_bytes=22
2026-09-30T02:44:34.164220Z  INFO lingxi_service: request handled request_id=req-928105f0d3316f902a1cfd670350c1d8 method=POST path=/lingxi/v1/sessions/sess_local_alpha/execute status=200
2026-09-30T02:44:34.164955Z  INFO lingxi_service::sessions: run settled through the single finalize path run_id=run_000001a0f03312f4_0004b7 session_id="sess_local_alpha" outcome=completed.no_final.no_provider_configured input_chars=22 input_bytes=22
2026-09-30T02:44:34.165106Z  INFO lingxi_service: request handled request_id=req-776d40f61f70445a5e46051fcfd7914a method=POST path=/lingxi/v1/sessions/sess_local_alpha/execute status=200
2026-09-30T02:44:34.165897Z  INFO lingxi_service::sessions: run settled through the single finalize path run_id=run_000001a0f03312f5_0004b8 session_id="sess_local_alpha" outcome=completed.no_final.no_provider_configured input_chars=22 input_bytes=22
2026-09-30T02:44:34.166046Z  INFO lingxi_service: request handled request_id=req-8e1bd217c348a0cecf8445f221bcf9a3 method=POST path=/lingxi/v1/sessions/sess_local_alpha/execute status=200
2026-09-30T02:44:34.166841Z  INFO lingxi_service::sessions: run settled through the single finalize path run_id=run_000001a0f03312f6_0004b9 session_id="sess_local_alpha" outcome=completed.no_final.no_provider_configured input_chars=22 input_bytes=22
2026-09-30T02:44:34.166992Z  INFO lingxi_service: request handled request_id=req-33c2474568598305f9233f6e1c7b4fa2 method=POST path=/lingxi/v1/sessions/sess_local_alpha/execute status=200
2026-09-30T02:44:34.167733Z  INFO lingxi_service::sessions: run settled through the single finalize path run_id=run_000001a0f03312f7_0004ba session_id="sess_local_alpha" outcome=completed.no_final.no_provider_configured input_chars=22 input_bytes=22
2026-09-30T02:44:34.167882Z  INFO lingxi_service: request handled request_id=req-69c16d7cdad1c4e41af42a4dc8c751a5 method=POST path=/lingxi/v1/sessions/sess_local_alpha/execute status=200
2026-09-30T02:44:34.168636Z  INFO lingxi_service::sessions: run settled through the single finalize path run_id=run_000001a0f03312f8_0004bb session_id="sess_local_alpha" outcome=completed.no_final.no_provider_configured input_chars=22 input_bytes=22
2026-09-30T02:44:34.168787Z  INFO lingxi_service: request handled request_id=req-6c49b8109d4ddc6ec73bfe909fe103ad method=POST path=/lingxi/v1/sessions/sess_local_alpha/execute status=200
2026-09-30T02:44:34.169539Z  INFO lingxi_service::sessions: run settled through the single finalize path run_id=run_000001a0f03312f9_0004bc session_id="sess_local_alpha" outcome=completed.no_final.no_provider_configured input_chars=22 input_bytes=22
2026-09-30T02:44:34.169689Z  INFO lingxi_service: request handled request_id=req-89e653e58db65d0c84a2b19fbb0352b6 method=POST path=/lingxi/v1/sessions/sess_local_alpha/execute status=200
2026-09-30T02:44:34.170463Z  INFO lingxi_service::sessions: run settled through the single finalize path run_id=run_000001a0f03312fa_0004bd session_id="sess_local_alpha" outcome=completed.no_final.no_provider_configured input_chars=22 input_bytes=22
2026-09-30T02:44:34.170619Z  INFO lingxi_service: request handled request_id=req-cfb8bbad754421db358e9df993fdf3bf method=POST path=/lingxi/v1/sessions/sess_local_alpha/execute status=200
2026-09-30T02:44:34.171369Z  INFO lingxi_service::sessions: run settled through the single finalize path run_id=run_000001a0f03312fa_0004be session_id="sess_local_alpha" outcome=completed.no_final.no_provider_configured input_chars=22 input_bytes=22
2026-09-30T02:44:34.171520Z  INFO lingxi_service: request handled request_id=req-0d7dc13f08ba2e511b68edfc37918a59 method=POST path=/lingxi/v1/sessions/sess_local_alpha/execute status=200
2026-09-30T02:44:34.172298Z  INFO lingxi_service::sessions: run settled through the single finalize path run_id=run_000001a0f03312fb_0004bf session_id="sess_local_alpha" outcome=completed.no_final.no_provider_configured input_chars=22 input_bytes=22
2026-09-30T02:44:34.172447Z  INFO lingxi_service: request handled request_id=req-7a8da3e5d02309fa4cbf738da35cd0ed method=POST path=/lingxi/v1/sessions/sess_local_alpha/execute status=200
2026-09-30T02:44:34.173216Z  INFO lingxi_service::sessions: run settled through the single finalize path run_id=run_000001a0f03312fc_0004c0 session_id="sess_local_alpha" outcome=completed.no_final.no_provider_configured input_chars=22 input_bytes=22
2026-09-30T02:44:34.173365Z  INFO lingxi_service: request handled request_id=req-634ae8b7862d5016426c55dee4eee9cb method=POST path=/lingxi/v1/sessions/sess_local_alpha/execute status=200
2026-09-30T02:44:34.174259Z  INFO lingxi_service::sessions: run settled through the single finalize path run_id=run_000001a0f03312fd_0004c1 session_id="sess_local_alpha" outcome=completed.no_final.no_provider_configured input_chars=22 input_bytes=22
2026-09-30T02:44:34.174407Z  INFO lingxi_service: request handled request_id=req-e354d345b1217263343cccb4b861158c method=POST path=/lingxi/v1/sessions/sess_local_alpha/execute status=200
2026-09-30T02:44:34.175203Z  INFO lingxi_service::sessions: run settled through the single finalize path run_id=run_000001a0f03312fe_0004c2 session_id="sess_local_alpha" outcome=completed.no_final.no_provider_configured input_chars=22 input_bytes=22
2026-09-30T02:44:34.175354Z  INFO lingxi_service: request handled request_id=req-861ada912aaa66ede1b92dc827cf17f3 method=POST path=/lingxi/v1/sessions/sess_local_alpha/execute status=200
2026-09-30T02:44:34.176105Z  INFO lingxi_service::sessions: run settled through the single finalize path run_id=run_000001a0f03312ff_0004c3 session_id="sess_local_alpha" outcome=completed.no_final.no_provider_configured input_chars=22 input_bytes=22
2026-09-30T02:44:34.176255Z  INFO lingxi_service: request handled request_id=req-70a59382b2a21b4fbbd42d2e185dacf5 method=POST path=/lingxi/v1/sessions/sess_local_alpha/execute status=200
2026-09-30T02:44:34.177026Z  INFO lingxi_service::sessions: run settled through the single finalize path run_id=run_000001a0f0331300_0004c4 session_id="sess_local_alpha" outcome=completed.no_final.no_provider_configured input_chars=22 input_bytes=22
2026-09-30T02:44:34.177182Z  INFO lingxi_service: request handled request_id=req-0735f5d6c788ef90582f81d6ccef2032 method=POST path=/lingxi/v1/sessions/sess_local_alpha/execute status=200
2026-09-30T02:44:34.177938Z  INFO lingxi_service::sessions: run settled through the single finalize path run_id=run_000001a0f0331301_0004c5 session_id="sess_local_alpha" outcome=completed.no_final.no_provider_configured input_chars=22 input_bytes=22
2026-09-30T02:44:34.178089Z  INFO lingxi_service: request handled request_id=req-58de1e36c64efb51c30c89f3c94b54e5 method=POST path=/lingxi/v1/sessions/sess_local_alpha/execute status=200
2026-09-30T02:44:34.178866Z  INFO lingxi_service::sessions: run settled through the single finalize path run_id=run_000001a0f0331302_0004c6 session_id="sess_local_alpha" outcome=completed.no_final.no_provider_configured input_chars=22 input_bytes=22
2026-09-30T02:44:34.179016Z  INFO lingxi_service: request handled request_id=req-315b7d25613c344f5d6b7a448c84afe3 method=POST path=/lingxi/v1/sessions/sess_local_alpha/execute status=200
2026-09-30T02:44:34.179776Z  INFO lingxi_service::sessions: run settled through the single finalize path run_id=run_000001a0f0331303_0004c7 session_id="sess_local_alpha" outcome=completed.no_final.no_provider_configured input_chars=22 input_bytes=22
2026-09-30T02:44:34.179926Z  INFO lingxi_service: request handled request_id=req-46da1ef01623d896cb04446a21e2b31f method=POST path=/lingxi/v1/sessions/sess_local_alpha/execute status=200
2026-09-30T02:44:34.180715Z  INFO lingxi_service::sessions: run settled through the single finalize path run_id=run_000001a0f0331304_0004c8 session_id="sess_local_alpha" outcome=completed.no_final.no_provider_configured input_chars=22 input_bytes=22
2026-09-30T02:44:34.180866Z  INFO lingxi_service: request handled request_id=req-550399874922bd1dd1b0bc59050dbbfe method=POST path=/lingxi/v1/sessions/sess_local_alpha/execute status=200
2026-09-30T02:44:34.181635Z  INFO lingxi_service::sessions: run settled through the single finalize path run_id=run_000001a0f0331305_0004c9 session_id="sess_local_alpha" outcome=completed.no_final.no_provider_configured input_chars=22 input_bytes=22
2026-09-30T02:44:34.181787Z  INFO lingxi_service: request handled request_id=req-bc837d008fbd29ad90b715c4d0633ebe method=POST path=/lingxi/v1/sessions/sess_local_alpha/execute status=200
2026-09-30T02:44:34.182551Z  INFO lingxi_service::sessions: run settled through the single finalize path run_id=run_000001a0f0331306_0004ca session_id="sess_local_alpha" outcome=completed.no_final.no_provider_configured input_chars=22 input_bytes=22
2026-09-30T02:44:34.182701Z  INFO lingxi_service: request handled request_id=req-2d5b544e40462a403ba5188e59d88c79 method=POST path=/lingxi/v1/sessions/sess_local_alpha/execute status=200
2026-09-30T02:44:34.183444Z  INFO lingxi_service::sessions: run settled through the single finalize path run_id=run_000001a0f0331307_0004cb session_id="sess_local_alpha" outcome=completed.no_final.no_provider_configured input_chars=22 input_bytes=22
2026-09-30T02:44:34.183594Z  INFO lingxi_service: request handled request_id=req-c9d42fe2660135b67648caab35e01bbd method=POST path=/lingxi/v1/sessions/sess_local_alpha/execute status=200
2026-09-30T02:44:34.184341Z  INFO lingxi_service::sessions: run settled through the single finalize path run_id=run_000001a0f0331307_0004cc session_id="sess_local_alpha" outcome=completed.no_final.no_provider_configured input_chars=22 input_bytes=22
2026-09-30T02:44:34.184492Z  INFO lingxi_service: request handled request_id=req-e5b0262ea192492304449394edc54afe method=POST path=/lingxi/v1/sessions/sess_local_alpha/execute status=200
2026-09-30T02:44:34.185267Z  INFO lingxi_service::sessions: run settled through the single finalize path run_id=run_000001a0f0331308_0004cd session_id="sess_local_alpha" outcome=completed.no_final.no_provider_configured input_chars=22 input_bytes=22
2026-09-30T02:44:34.185415Z  INFO lingxi_service: request handled request_id=req-827becb7b639ee60ed34cd821d80583d method=POST path=/lingxi/v1/sessions/sess_local_alpha/execute status=200
2026-09-30T02:44:34.186146Z  INFO lingxi_service::sessions: run settled through the single finalize path run_id=run_000001a0f0331309_0004ce session_id="sess_local_alpha" outcome=completed.no_final.no_provider_configured input_chars=22 input_bytes=22
2026-09-30T02:44:34.186298Z  INFO lingxi_service: request handled request_id=req-22ab73b99bb37110da39143e147bf3bc method=POST path=/lingxi/v1/sessions/sess_local_alpha/execute status=200
2026-09-30T02:44:34.187382Z  INFO lingxi_service::sessions: run settled through the single finalize path run_id=run_000001a0f033130a_0004cf session_id="sess_local_alpha" outcome=completed.no_final.no_provider_configured input_chars=22 input_bytes=22
2026-09-30T02:44:34.187533Z  INFO lingxi_service: request handled request_id=req-6748eca6b9d769dbdf246aa70accc8fa method=POST path=/lingxi/v1/sessions/sess_local_alpha/execute status=200
2026-09-30T02:44:34.188360Z  INFO lingxi_service::sessions: run settled through the single finalize path run_id=run_000001a0f033130b_0004d0 session_id="sess_local_alpha" outcome=completed.no_final.no_provider_configured input_chars=22 input_bytes=22
2026-09-30T02:44:34.188513Z  INFO lingxi_service: request handled request_id=req-36342dbf5604a0da6cf82ae687f20809 method=POST path=/lingxi/v1/sessions/sess_local_alpha/execute status=200
2026-09-30T02:44:34.189294Z  INFO lingxi_service::sessions: run settled through the single finalize path run_id=run_000001a0f033130c_0004d1 session_id="sess_local_alpha" outcome=completed.no_final.no_provider_configured input_chars=22 input_bytes=22
2026-09-30T02:44:34.189445Z  INFO lingxi_service: request handled request_id=req-8e722ad922d9e42f1d92578ac890f698 method=POST path=/lingxi/v1/sessions/sess_local_alpha/execute status=200
2026-09-30T02:44:34.190227Z  INFO lingxi_service::sessions: run settled through the single finalize path run_id=run_000001a0f033130d_0004d2 session_id="sess_local_alpha" outcome=completed.no_final.no_provider_configured input_chars=22 input_bytes=22
2026-09-30T02:44:34.190379Z  INFO lingxi_service: request handled request_id=req-bbf1523a14f6082c55817735b2efe85c method=POST path=/lingxi/v1/sessions/sess_local_alpha/execute status=200
2026-09-30T02:44:34.191194Z  INFO lingxi_service::sessions: run settled through the single finalize path run_id=run_000001a0f033130e_0004d3 session_id="sess_local_alpha" outcome=completed.no_final.no_provider_configured input_chars=22 input_bytes=22
2026-09-30T02:44:34.191347Z  INFO lingxi_service: request handled request_id=req-c173e09eb781b99e810b458c83dc5f59 method=POST path=/lingxi/v1/sessions/sess_local_alpha/execute status=200
2026-09-30T02:44:34.192102Z  INFO lingxi_service::sessions: run settled through the single finalize path run_id=run_000001a0f033130f_0004d4 session_id="sess_local_alpha" outcome=completed.no_final.no_provider_configured input_chars=22 input_bytes=22
2026-09-30T02:44:34.192251Z  INFO lingxi_service: request handled request_id=req-5de89ca56886919aae109895a51aa817 method=POST path=/lingxi/v1/sessions/sess_local_alpha/execute status=200
2026-09-30T02:44:34.193029Z  INFO lingxi_service::sessions: run settled through the single finalize path run_id=run_000001a0f0331310_0004d5 session_id="sess_local_alpha" outcome=completed.no_final.no_provider_configured input_chars=22 input_bytes=22
2026-09-30T02:44:34.193180Z  INFO lingxi_service: request handled request_id=req-b31854279cf899187c7d255099d86737 method=POST path=/lingxi/v1/sessions/sess_local_alpha/execute status=200
2026-09-30T02:44:34.194045Z  INFO lingxi_service::sessions: run settled through the single finalize path run_id=run_000001a0f0331311_0004d6 session_id="sess_local_alpha" outcome=completed.no_final.no_provider_configured input_chars=22 input_bytes=22
2026-09-30T02:44:34.194196Z  INFO lingxi_service: request handled request_id=req-77b586e8d4beba1ca0807c7a3d7d4ff2 method=POST path=/lingxi/v1/sessions/sess_local_alpha/execute status=200
2026-09-30T02:44:34.194973Z  INFO lingxi_service::sessions: run settled through the single finalize path run_id=run_000001a0f0331312_0004d7 session_id="sess_local_alpha" outcome=completed.no_final.no_provider_configured input_chars=22 input_bytes=22
2026-09-30T02:44:34.195126Z  INFO lingxi_service: request handled request_id=req-033fad7679ce1acac2242869265e83bd method=POST path=/lingxi/v1/sessions/sess_local_alpha/execute status=200
2026-09-30T02:44:34.195856Z  INFO lingxi_service::sessions: run settled through the single finalize path run_id=run_000001a0f0331313_0004d8 session_id="sess_local_alpha" outcome=completed.no_final.no_provider_configured input_chars=22 input_bytes=22
2026-09-30T02:44:34.196006Z  INFO lingxi_service: request handled request_id=req-cb053128ba3c6d7aada4f4c9028e9660 method=POST path=/lingxi/v1/sessions/sess_local_alpha/execute status=200
2026-09-30T02:44:34.196747Z  INFO lingxi_service::sessions: run settled through the single finalize path run_id=run_000001a0f0331314_0004d9 session_id="sess_local_alpha" outcome=completed.no_final.no_provider_configured input_chars=22 input_bytes=22
2026-09-30T02:44:34.196899Z  INFO lingxi_service: request handled request_id=req-a4d276604482b57753565fa774a80bca method=POST path=/lingxi/v1/sessions/sess_local_alpha/execute status=200
2026-09-30T02:44:34.197653Z  INFO lingxi_service::sessions: run settled through the single finalize path run_id=run_000001a0f0331315_0004da session_id="sess_local_alpha" outcome=completed.no_final.no_provider_configured input_chars=22 input_bytes=22
2026-09-30T02:44:34.197805Z  INFO lingxi_service: request handled request_id=req-f5e2cee476c28aff5cac6b6ea8f91809 method=POST path=/lingxi/v1/sessions/sess_local_alpha/execute status=200
2026-09-30T02:44:34.198554Z  INFO lingxi_service::sessions: run settled through the single finalize path run_id=run_000001a0f0331316_0004db session_id="sess_local_alpha" outcome=completed.no_final.no_provider_configured input_chars=22 input_bytes=22
2026-09-30T02:44:34.198707Z  INFO lingxi_service: request handled request_id=req-9d48876d3fa3c18ee1aff4ecfb5159e2 method=POST path=/lingxi/v1/sessions/sess_local_alpha/execute status=200
2026-09-30T02:44:34.199450Z  INFO lingxi_service::sessions: run settled through the single finalize path run_id=run_000001a0f0331317_0004dc session_id="sess_local_alpha" outcome=completed.no_final.no_provider_configured input_chars=22 input_bytes=22
2026-09-30T02:44:34.199603Z  INFO lingxi_service: request handled request_id=req-9fb5d75230cf4820d11459a818640668 method=POST path=/lingxi/v1/sessions/sess_local_alpha/execute status=200
2026-09-30T02:44:34.200421Z  INFO lingxi_service::sessions: run settled through the single finalize path run_id=run_000001a0f0331318_0004dd session_id="sess_local_alpha" outcome=completed.no_final.no_provider_configured input_chars=22 input_bytes=22
2026-09-30T02:44:34.200574Z  INFO lingxi_service: request handled request_id=req-19814974409345cd23d7c5ce9cab8746 method=POST path=/lingxi/v1/sessions/sess_local_alpha/execute status=200
2026-09-30T02:44:34.201378Z  INFO lingxi_service::sessions: run settled through the single finalize path run_id=run_000001a0f0331318_0004de session_id="sess_local_alpha" outcome=completed.no_final.no_provider_configured input_chars=22 input_bytes=22
2026-09-30T02:44:34.201531Z  INFO lingxi_service: request handled request_id=req-ba061fffe0e32e636363427e21e6b23b method=POST path=/lingxi/v1/sessions/sess_local_alpha/execute status=200
2026-09-30T02:44:34.202343Z  INFO lingxi_service::sessions: run settled through the single finalize path run_id=run_000001a0f0331319_0004df session_id="sess_local_alpha" outcome=completed.no_final.no_provider_configured input_chars=22 input_bytes=22
2026-09-30T02:44:34.202496Z  INFO lingxi_service: request handled request_id=req-3eaa5f6fa3b1c18e3378a27ca9af57b9 method=POST path=/lingxi/v1/sessions/sess_local_alpha/execute status=200
2026-09-30T02:44:34.203303Z  INFO lingxi_service::sessions: run settled through the single finalize path run_id=run_000001a0f033131a_0004e0 session_id="sess_local_alpha" outcome=completed.no_final.no_provider_configured input_chars=22 input_bytes=22
2026-09-30T02:44:34.203457Z  INFO lingxi_service: request handled request_id=req-3da98ce6a658a007f7b8457772652683 method=POST path=/lingxi/v1/sessions/sess_local_alpha/execute status=200
2026-09-30T02:44:34.204293Z  INFO lingxi_service::sessions: run settled through the single finalize path run_id=run_000001a0f033131b_0004e1 session_id="sess_local_alpha" outcome=completed.no_final.no_provider_configured input_chars=22 input_bytes=22
2026-09-30T02:44:34.204449Z  INFO lingxi_service: request handled request_id=req-e1ea06f7101fbc6bb37e86c311c6b26c method=POST path=/lingxi/v1/sessions/sess_local_alpha/execute status=200
2026-09-30T02:44:34.205270Z  INFO lingxi_service::sessions: run settled through the single finalize path run_id=run_000001a0f033131c_0004e2 session_id="sess_local_alpha" outcome=completed.no_final.no_provider_configured input_chars=22 input_bytes=22
2026-09-30T02:44:34.205429Z  INFO lingxi_service: request handled request_id=req-00b361ffc6ecc3c0c6bc77b6860f1fd6 method=POST path=/lingxi/v1/sessions/sess_local_alpha/execute status=200
2026-09-30T02:44:34.206342Z  INFO lingxi_service::sessions: run settled through the single finalize path run_id=run_000001a0f033131d_0004e3 session_id="sess_local_alpha" outcome=completed.no_final.no_provider_configured input_chars=22 input_bytes=22
2026-09-30T02:44:34.206499Z  INFO lingxi_service: request handled request_id=req-73620042289f7d11350ed23e4a74d504 method=POST path=/lingxi/v1/sessions/sess_local_alpha/execute status=200
2026-09-30T02:44:34.207307Z  INFO lingxi_service::sessions: run settled through the single finalize path run_id=run_000001a0f033131e_0004e4 session_id="sess_local_alpha" outcome=completed.no_final.no_provider_configured input_chars=22 input_bytes=22
2026-09-30T02:44:34.207461Z  INFO lingxi_service: request handled request_id=req-829995a5dff9ce50c3487c82e7091cfa method=POST path=/lingxi/v1/sessions/sess_local_alpha/execute status=200
2026-09-30T02:44:34.208273Z  INFO lingxi_service::sessions: run settled through the single finalize path run_id=run_000001a0f033131f_0004e5 session_id="sess_local_alpha" outcome=completed.no_final.no_provider_configured input_chars=22 input_bytes=22
2026-09-30T02:44:34.208430Z  INFO lingxi_service: request handled request_id=req-49f09dbab1f41e978479ebd283d5df88 method=POST path=/lingxi/v1/sessions/sess_local_alpha/execute status=200
2026-09-30T02:44:34.209258Z  INFO lingxi_service::sessions: run settled through the single finalize path run_id=run_000001a0f0331320_0004e6 session_id="sess_local_alpha" outcome=completed.no_final.no_provider_configured input_chars=22 input_bytes=22
2026-09-30T02:44:34.209412Z  INFO lingxi_service: request handled request_id=req-8ca37bdcca0db07a13687e681ee500bf method=POST path=/lingxi/v1/sessions/sess_local_alpha/execute status=200
2026-09-30T02:44:34.210232Z  INFO lingxi_service::sessions: run settled through the single finalize path run_id=run_000001a0f0331321_0004e7 session_id="sess_local_alpha" outcome=completed.no_final.no_provider_configured input_chars=22 input_bytes=22
2026-09-30T02:44:34.210382Z  INFO lingxi_service: request handled request_id=req-bdd5f3363615dec672703f9e185bb1f5 method=POST path=/lingxi/v1/sessions/sess_local_alpha/execute status=200
2026-09-30T02:44:34.211191Z  INFO lingxi_service::sessions: run settled through the single finalize path run_id=run_000001a0f0331322_0004e8 session_id="sess_local_alpha" outcome=completed.no_final.no_provider_configured input_chars=22 input_bytes=22
2026-09-30T02:44:34.211347Z  INFO lingxi_service: request handled request_id=req-712d1bd443c81a1d15cb104ab79426f1 method=POST path=/lingxi/v1/sessions/sess_local_alpha/execute status=200
2026-09-30T02:44:34.212205Z  INFO lingxi_service::sessions: run settled through the single finalize path run_id=run_000001a0f0331323_0004e9 session_id="sess_local_alpha" outcome=completed.no_final.no_provider_configured input_chars=22 input_bytes=22
2026-09-30T02:44:34.212362Z  INFO lingxi_service: request handled request_id=req-783e41834d2e342abf2da873f3876f9c method=POST path=/lingxi/v1/sessions/sess_local_alpha/execute status=200
2026-09-30T02:44:34.213208Z  INFO lingxi_service::sessions: run settled through the single finalize path run_id=run_000001a0f0331324_0004ea session_id="sess_local_alpha" outcome=completed.no_final.no_provider_configured input_chars=22 input_bytes=22
2026-09-30T02:44:34.213367Z  INFO lingxi_service: request handled request_id=req-ee01170b68e63fa26a27870ee3fe22bd method=POST path=/lingxi/v1/sessions/sess_local_alpha/execute status=200
2026-09-30T02:44:34.214200Z  INFO lingxi_service::sessions: run settled through the single finalize path run_id=run_000001a0f0331325_0004eb session_id="sess_local_alpha" outcome=completed.no_final.no_provider_configured input_chars=23 input_bytes=23
2026-09-30T02:44:34.214360Z  INFO lingxi_service: request handled request_id=req-82be20c2508214213876b63fab2592c1 method=POST path=/lingxi/v1/sessions/sess_local_alpha/execute status=200
2026-09-30T02:44:34.215221Z  INFO lingxi_service::sessions: run settled through the single finalize path run_id=run_000001a0f0331326_0004ec session_id="sess_local_alpha" outcome=completed.no_final.no_provider_configured input_chars=23 input_bytes=23
2026-09-30T02:44:34.215376Z  INFO lingxi_service: request handled request_id=req-622d3ca412144283be4a7f283028877b method=POST path=/lingxi/v1/sessions/sess_local_alpha/execute status=200
2026-09-30T02:44:34.216184Z  INFO lingxi_service::sessions: run settled through the single finalize path run_id=run_000001a0f0331327_0004ed session_id="sess_local_alpha" outcome=completed.no_final.no_provider_configured input_chars=23 input_bytes=23
2026-09-30T02:44:34.216347Z  INFO lingxi_service: request handled request_id=req-2597d074c6d80430aa82d060f6da1d9d method=POST path=/lingxi/v1/sessions/sess_local_alpha/execute status=200
2026-09-30T02:44:34.217222Z  INFO lingxi_service::sessions: run settled through the single finalize path run_id=run_000001a0f0331328_0004ee session_id="sess_local_alpha" outcome=completed.no_final.no_provider_configured input_chars=23 input_bytes=23
2026-09-30T02:44:34.217385Z  INFO lingxi_service: request handled request_id=req-7e5f252a23fa0bb9b8cbc0516103e447 method=POST path=/lingxi/v1/sessions/sess_local_alpha/execute status=200
2026-09-30T02:44:34.218196Z  INFO lingxi_service::sessions: run settled through the single finalize path run_id=run_000001a0f0331329_0004ef session_id="sess_local_alpha" outcome=completed.no_final.no_provider_configured input_chars=23 input_bytes=23
2026-09-30T02:44:34.218347Z  INFO lingxi_service: request handled request_id=req-8275b3fd39cd7cfa040e9a898ab7d939 method=POST path=/lingxi/v1/sessions/sess_local_alpha/execute status=200
2026-09-30T02:44:34.219111Z  INFO lingxi_service::sessions: run settled through the single finalize path run_id=run_000001a0f033132a_0004f0 session_id="sess_local_alpha" outcome=completed.no_final.no_provider_configured input_chars=23 input_bytes=23
2026-09-30T02:44:34.219266Z  INFO lingxi_service: request handled request_id=req-f46098b141e3c442aa489e7acd86439a method=POST path=/lingxi/v1/sessions/sess_local_alpha/execute status=200
2026-09-30T02:44:34.220094Z  INFO lingxi_service::sessions: run settled through the single finalize path run_id=run_000001a0f033132b_0004f1 session_id="sess_local_alpha" outcome=completed.no_final.no_provider_configured input_chars=23 input_bytes=23
2026-09-30T02:44:34.220249Z  INFO lingxi_service: request handled request_id=req-1c8c126e4f71b192e9ca67982c79ad23 method=POST path=/lingxi/v1/sessions/sess_local_alpha/execute status=200
2026-09-30T02:44:34.221297Z  INFO lingxi_service::sessions: run settled through the single finalize path run_id=run_000001a0f033132c_0004f2 session_id="sess_local_alpha" outcome=completed.no_final.no_provider_configured input_chars=23 input_bytes=23
2026-09-30T02:44:34.221452Z  INFO lingxi_service: request handled request_id=req-16eaad3f4ea53c08d8f64958a8233c9b method=POST path=/lingxi/v1/sessions/sess_local_alpha/execute status=200
2026-09-30T02:44:34.222399Z  INFO lingxi_service::sessions: run settled through the single finalize path run_id=run_000001a0f033132d_0004f3 session_id="sess_local_alpha" outcome=completed.no_final.no_provider_configured input_chars=23 input_bytes=23
2026-09-30T02:44:34.222574Z  INFO lingxi_service: request handled request_id=req-4e63beb7d38c425039c129f8d6c2c9e1 method=POST path=/lingxi/v1/sessions/sess_local_alpha/execute status=200
2026-09-30T02:44:34.223394Z  INFO lingxi_service::sessions: run settled through the single finalize path run_id=run_000001a0f033132e_0004f4 session_id="sess_local_alpha" outcome=completed.no_final.no_provider_configured input_chars=23 input_bytes=23
2026-09-30T02:44:34.223547Z  INFO lingxi_service: request handled request_id=req-9aca9f44f99cf9eedb16aae3c00a5318 method=POST path=/lingxi/v1/sessions/sess_local_alpha/execute status=200
2026-09-30T02:44:34.224353Z  INFO lingxi_service::sessions: run settled through the single finalize path run_id=run_000001a0f033132f_0004f5 session_id="sess_local_alpha" outcome=completed.no_final.no_provider_configured input_chars=23 input_bytes=23
2026-09-30T02:44:34.224505Z  INFO lingxi_service: request handled request_id=req-c8174948d434500bd7eb1916e0db2c35 method=POST path=/lingxi/v1/sessions/sess_local_alpha/execute status=200
2026-09-30T02:44:34.225270Z  INFO lingxi_service::sessions: run settled through the single finalize path run_id=run_000001a0f0331330_0004f6 session_id="sess_local_alpha" outcome=completed.no_final.no_provider_configured input_chars=23 input_bytes=23
2026-09-30T02:44:34.225426Z  INFO lingxi_service: request handled request_id=req-316f9ba515021f64ebd04da298daaac9 method=POST path=/lingxi/v1/sessions/sess_local_alpha/execute status=200
2026-09-30T02:44:34.226169Z  INFO lingxi_service::sessions: run settled through the single finalize path run_id=run_000001a0f0331331_0004f7 session_id="sess_local_alpha" outcome=completed.no_final.no_provider_configured input_chars=23 input_bytes=23
2026-09-30T02:44:34.226321Z  INFO lingxi_service: request handled request_id=req-59850904004f1ed3876cdf8a05f9a95b method=POST path=/lingxi/v1/sessions/sess_local_alpha/execute status=200
2026-09-30T02:44:34.227079Z  INFO lingxi_service::sessions: run settled through the single finalize path run_id=run_000001a0f0331332_0004f8 session_id="sess_local_alpha" outcome=completed.no_final.no_provider_configured input_chars=23 input_bytes=23
2026-09-30T02:44:34.227232Z  INFO lingxi_service: request handled request_id=req-7b3494f32c57266d7e835305ff71d1d6 method=POST path=/lingxi/v1/sessions/sess_local_alpha/execute status=200
2026-09-30T02:44:34.228026Z  INFO lingxi_service::sessions: run settled through the single finalize path run_id=run_000001a0f0331333_0004f9 session_id="sess_local_alpha" outcome=completed.no_final.no_provider_configured input_chars=23 input_bytes=23
2026-09-30T02:44:34.228183Z  INFO lingxi_service: request handled request_id=req-7fe05180227d859381e381471c706b4f method=POST path=/lingxi/v1/sessions/sess_local_alpha/execute status=200
2026-09-30T02:44:34.228961Z  INFO lingxi_service::sessions: run settled through the single finalize path run_id=run_000001a0f0331334_0004fa session_id="sess_local_alpha" outcome=completed.no_final.no_provider_configured input_chars=23 input_bytes=23
2026-09-30T02:44:34.229115Z  INFO lingxi_service: request handled request_id=req-ec5bef07947b4940642c9bb8602470f5 method=POST path=/lingxi/v1/sessions/sess_local_alpha/execute status=200
2026-09-30T02:44:34.229891Z  INFO lingxi_service::sessions: run settled through the single finalize path run_id=run_000001a0f0331335_0004fb session_id="sess_local_alpha" outcome=completed.no_final.no_provider_configured input_chars=23 input_bytes=23
2026-09-30T02:44:34.230044Z  INFO lingxi_service: request handled request_id=req-7b39157fae2f0f091242d7f02b23a5c7 method=POST path=/lingxi/v1/sessions/sess_local_alpha/execute status=200
2026-09-30T02:44:34.230862Z  INFO lingxi_service::sessions: run settled through the single finalize path run_id=run_000001a0f0331336_0004fc session_id="sess_local_alpha" outcome=completed.no_final.no_provider_configured input_chars=23 input_bytes=23
2026-09-30T02:44:34.231018Z  INFO lingxi_service: request handled request_id=req-77e0335f8d0035e08b5edf4acdeecfba method=POST path=/lingxi/v1/sessions/sess_local_alpha/execute status=200
2026-09-30T02:44:34.231773Z  INFO lingxi_service::sessions: run settled through the single finalize path run_id=run_000001a0f0331337_0004fd session_id="sess_local_alpha" outcome=completed.no_final.no_provider_configured input_chars=23 input_bytes=23
2026-09-30T02:44:34.231924Z  INFO lingxi_service: request handled request_id=req-042bb44242f505334bf1013431ad1e5a method=POST path=/lingxi/v1/sessions/sess_local_alpha/execute status=200
2026-09-30T02:44:34.232695Z  INFO lingxi_service::sessions: run settled through the single finalize path run_id=run_000001a0f0331338_0004fe session_id="sess_local_alpha" outcome=completed.no_final.no_provider_configured input_chars=23 input_bytes=23
2026-09-30T02:44:34.232846Z  INFO lingxi_service: request handled request_id=req-6eb4618c2ad2d49c8bf1e1926d1b5f60 method=POST path=/lingxi/v1/sessions/sess_local_alpha/execute status=200
2026-09-30T02:44:34.234095Z  INFO lingxi_service::sessions: run settled through the single finalize path run_id=run_000001a0f0331339_0004ff session_id="sess_local_alpha" outcome=completed.no_final.no_provider_configured input_chars=23 input_bytes=23
2026-09-30T02:44:34.234249Z  INFO lingxi_service: request handled request_id=req-8bea7c977b0ce61dff2a8384ba7f0e8c method=POST path=/lingxi/v1/sessions/sess_local_alpha/execute status=200
2026-09-30T02:44:34.235001Z  INFO lingxi_service::sessions: run settled through the single finalize path run_id=run_000001a0f033133a_000500 session_id="sess_local_alpha" outcome=completed.no_final.no_provider_configured input_chars=23 input_bytes=23
2026-09-30T02:44:34.235154Z  INFO lingxi_service: request handled request_id=req-c26f93db146e9c80c0620261ad1dbab7 method=POST path=/lingxi/v1/sessions/sess_local_alpha/execute status=200
2026-09-30T02:44:34.235899Z  INFO lingxi_service::sessions: run settled through the single finalize path run_id=run_000001a0f033133b_000501 session_id="sess_local_alpha" outcome=completed.no_final.no_provider_configured input_chars=23 input_bytes=23
2026-09-30T02:44:34.236051Z  INFO lingxi_service: request handled request_id=req-ee67c2b41d81b085faebda7ce4a33d01 method=POST path=/lingxi/v1/sessions/sess_local_alpha/execute status=200
2026-09-30T02:44:34.236831Z  INFO lingxi_service::sessions: run settled through the single finalize path run_id=run_000001a0f033133c_000502 session_id="sess_local_alpha" outcome=completed.no_final.no_provider_configured input_chars=23 input_bytes=23
2026-09-30T02:44:34.236983Z  INFO lingxi_service: request handled request_id=req-50552a1bff3c5444d3a56ca0399d7f2d method=POST path=/lingxi/v1/sessions/sess_local_alpha/execute status=200
2026-09-30T02:44:34.237835Z  INFO lingxi_service::sessions: run settled through the single finalize path run_id=run_000001a0f033133d_000503 session_id="sess_local_alpha" outcome=completed.no_final.no_provider_configured input_chars=23 input_bytes=23
2026-09-30T02:44:34.237987Z  INFO lingxi_service: request handled request_id=req-5221bbb37722e4916afaac7859f41a20 method=POST path=/lingxi/v1/sessions/sess_local_alpha/execute status=200
2026-09-30T02:44:34.238761Z  INFO lingxi_service::sessions: run settled through the single finalize path run_id=run_000001a0f033133e_000504 session_id="sess_local_alpha" outcome=completed.no_final.no_provider_configured input_chars=23 input_bytes=23
2026-09-30T02:44:34.238920Z  INFO lingxi_service: request handled request_id=req-f1a75b39547d825efc14d980b25a7185 method=POST path=/lingxi/v1/sessions/sess_local_alpha/execute status=200
2026-09-30T02:44:34.239671Z  INFO lingxi_service::sessions: run settled through the single finalize path run_id=run_000001a0f033133f_000505 session_id="sess_local_alpha" outcome=completed.no_final.no_provider_configured input_chars=23 input_bytes=23
2026-09-30T02:44:34.239827Z  INFO lingxi_service: request handled request_id=req-d594eaa8ff555d33d2d84ded23c54b5c method=POST path=/lingxi/v1/sessions/sess_local_alpha/execute status=200
2026-09-30T02:44:34.240571Z  INFO lingxi_service::sessions: run settled through the single finalize path run_id=run_000001a0f0331340_000506 session_id="sess_local_alpha" outcome=completed.no_final.no_provider_configured input_chars=23 input_bytes=23
2026-09-30T02:44:34.240727Z  INFO lingxi_service: request handled request_id=req-339240f1d998a7563ce9636a2e153f51 method=POST path=/lingxi/v1/sessions/sess_local_alpha/execute status=200
2026-09-30T02:44:34.241504Z  INFO lingxi_service::sessions: run settled through the single finalize path run_id=run_000001a0f0331341_000507 session_id="sess_local_alpha" outcome=completed.no_final.no_provider_configured input_chars=23 input_bytes=23
2026-09-30T02:44:34.241659Z  INFO lingxi_service: request handled request_id=req-e28c0857551fdcf2979b1396317bfad7 method=POST path=/lingxi/v1/sessions/sess_local_alpha/execute status=200
2026-09-30T02:44:34.242398Z  INFO lingxi_service::sessions: run settled through the single finalize path run_id=run_000001a0f0331342_000508 session_id="sess_local_alpha" outcome=completed.no_final.no_provider_configured input_chars=23 input_bytes=23
2026-09-30T02:44:34.242554Z  INFO lingxi_service: request handled request_id=req-e9e3ac7f002b8b6a9942ec9dcb20281e method=POST path=/lingxi/v1/sessions/sess_local_alpha/execute status=200
2026-09-30T02:44:34.243368Z  INFO lingxi_service::sessions: run settled through the single finalize path run_id=run_000001a0f0331342_000509 session_id="sess_local_alpha" outcome=completed.no_final.no_provider_configured input_chars=23 input_bytes=23
2026-09-30T02:44:34.243524Z  INFO lingxi_service: request handled request_id=req-4729143a36c073c37cd7eff095fbd807 method=POST path=/lingxi/v1/sessions/sess_local_alpha/execute status=200
2026-09-30T02:44:34.244263Z  INFO lingxi_service::sessions: run settled through the single finalize path run_id=run_000001a0f0331343_00050a session_id="sess_local_alpha" outcome=completed.no_final.no_provider_configured input_chars=23 input_bytes=23
2026-09-30T02:44:34.244418Z  INFO lingxi_service: request handled request_id=req-230169ca99c3cec89aaed2211ff6e3d5 method=POST path=/lingxi/v1/sessions/sess_local_alpha/execute status=200
2026-09-30T02:44:34.245217Z  INFO lingxi_service::sessions: run settled through the single finalize path run_id=run_000001a0f0331344_00050b session_id="sess_local_alpha" outcome=completed.no_final.no_provider_configured input_chars=23 input_bytes=23
2026-09-30T02:44:34.245369Z  INFO lingxi_service: request handled request_id=req-b34f0c776c9c44cc37a7fe200c048620 method=POST path=/lingxi/v1/sessions/sess_local_alpha/execute status=200
2026-09-30T02:44:34.246148Z  INFO lingxi_service::sessions: run settled through the single finalize path run_id=run_000001a0f0331345_00050c session_id="sess_local_alpha" outcome=completed.no_final.no_provider_configured input_chars=23 input_bytes=23
2026-09-30T02:44:34.246301Z  INFO lingxi_service: request handled request_id=req-43a517e02a46bfd56b425751549039ef method=POST path=/lingxi/v1/sessions/sess_local_alpha/execute status=200
2026-09-30T02:44:34.247064Z  INFO lingxi_service::sessions: run settled through the single finalize path run_id=run_000001a0f0331346_00050d session_id="sess_local_alpha" outcome=completed.no_final.no_provider_configured input_chars=23 input_bytes=23
2026-09-30T02:44:34.247219Z  INFO lingxi_service: request handled request_id=req-31761cdd97ecd1c6eae6ab910ab42eaf method=POST path=/lingxi/v1/sessions/sess_local_alpha/execute status=200
2026-09-30T02:44:34.247970Z  INFO lingxi_service::sessions: run settled through the single finalize path run_id=run_000001a0f0331347_00050e session_id="sess_local_alpha" outcome=completed.no_final.no_provider_configured input_chars=23 input_bytes=23
2026-09-30T02:44:34.248126Z  INFO lingxi_service: request handled request_id=req-ddb5203aebb9763d6a48240543412ef4 method=POST path=/lingxi/v1/sessions/sess_local_alpha/execute status=200
2026-09-30T02:44:34.248870Z  INFO lingxi_service::sessions: run settled through the single finalize path run_id=run_000001a0f0331348_00050f session_id="sess_local_alpha" outcome=completed.no_final.no_provider_configured input_chars=23 input_bytes=23
2026-09-30T02:44:34.249025Z  INFO lingxi_service: request handled request_id=req-c5e19bff4107139b7220d6b5aecd994b method=POST path=/lingxi/v1/sessions/sess_local_alpha/execute status=200
2026-09-30T02:44:34.249847Z  INFO lingxi_service::sessions: run settled through the single finalize path run_id=run_000001a0f0331349_000510 session_id="sess_local_alpha" outcome=completed.no_final.no_provider_configured input_chars=23 input_bytes=23
2026-09-30T02:44:34.250009Z  INFO lingxi_service: request handled request_id=req-14490fdc20614a00e8c4d93eb85cc0ea method=POST path=/lingxi/v1/sessions/sess_local_alpha/execute status=200
2026-09-30T02:44:34.250834Z  INFO lingxi_service::sessions: run settled through the single finalize path run_id=run_000001a0f033134a_000511 session_id="sess_local_alpha" outcome=completed.no_final.no_provider_configured input_chars=23 input_bytes=23
2026-09-30T02:44:34.250991Z  INFO lingxi_service: request handled request_id=req-ab5987f7d7c1a7f3b4f32798b68d60f4 method=POST path=/lingxi/v1/sessions/sess_local_alpha/execute status=200
2026-09-30T02:44:34.251828Z  INFO lingxi_service::sessions: run settled through the single finalize path run_id=run_000001a0f033134b_000512 session_id="sess_local_alpha" outcome=completed.no_final.no_provider_configured input_chars=23 input_bytes=23
2026-09-30T02:44:34.251981Z  INFO lingxi_service: request handled request_id=req-40f698b71dbb62204f5ae27838bada4f method=POST path=/lingxi/v1/sessions/sess_local_alpha/execute status=200
2026-09-30T02:44:34.252748Z  INFO lingxi_service::sessions: run settled through the single finalize path run_id=run_000001a0f033134c_000513 session_id="sess_local_alpha" outcome=completed.no_final.no_provider_configured input_chars=23 input_bytes=23
2026-09-30T02:44:34.252903Z  INFO lingxi_service: request handled request_id=req-38f13610164933a73dfd00e031505ecf method=POST path=/lingxi/v1/sessions/sess_local_alpha/execute status=200
2026-09-30T02:44:34.253677Z  INFO lingxi_service::sessions: run settled through the single finalize path run_id=run_000001a0f033134d_000514 session_id="sess_local_alpha" outcome=completed.no_final.no_provider_configured input_chars=23 input_bytes=23
2026-09-30T02:44:34.253829Z  INFO lingxi_service: request handled request_id=req-58375f9ada4b84547dee74760abf424c method=POST path=/lingxi/v1/sessions/sess_local_alpha/execute status=200
2026-09-30T02:44:34.254634Z  INFO lingxi_service::sessions: run settled through the single finalize path run_id=run_000001a0f033134e_000515 session_id="sess_local_alpha" outcome=completed.no_final.no_provider_configured input_chars=23 input_bytes=23
2026-09-30T02:44:34.254786Z  INFO lingxi_service: request handled request_id=req-cb47a41e9e51f18e55c4981184ddca35 method=POST path=/lingxi/v1/sessions/sess_local_alpha/execute status=200
2026-09-30T02:44:34.255606Z  INFO lingxi_service::sessions: run settled through the single finalize path run_id=run_000001a0f033134f_000516 session_id="sess_local_alpha" outcome=completed.no_final.no_provider_configured input_chars=23 input_bytes=23
2026-09-30T02:44:34.255758Z  INFO lingxi_service: request handled request_id=req-c4cba41225bfc70d15c326a369d4d4e2 method=POST path=/lingxi/v1/sessions/sess_local_alpha/execute status=200
2026-09-30T02:44:34.256492Z  INFO lingxi_service::sessions: run settled through the single finalize path run_id=run_000001a0f0331350_000517 session_id="sess_local_alpha" outcome=completed.no_final.no_provider_configured input_chars=23 input_bytes=23
2026-09-30T02:44:34.256644Z  INFO lingxi_service: request handled request_id=req-fc65dd77f933792d5c8c054d2f50a346 method=POST path=/lingxi/v1/sessions/sess_local_alpha/execute status=200
2026-09-30T02:44:34.257443Z  INFO lingxi_service::sessions: run settled through the single finalize path run_id=run_000001a0f0331351_000518 session_id="sess_local_alpha" outcome=completed.no_final.no_provider_configured input_chars=23 input_bytes=23
2026-09-30T02:44:34.257597Z  INFO lingxi_service: request handled request_id=req-731754fa73352288bd145bc007a84b41 method=POST path=/lingxi/v1/sessions/sess_local_alpha/execute status=200
2026-09-30T02:44:34.258456Z  INFO lingxi_service::sessions: run settled through the single finalize path run_id=run_000001a0f0331351_000519 session_id="sess_local_alpha" outcome=completed.no_final.no_provider_configured input_chars=23 input_bytes=23
2026-09-30T02:44:34.258610Z  INFO lingxi_service: request handled request_id=req-62ea51f7db3fb8dcdf4b855e95f1193e method=POST path=/lingxi/v1/sessions/sess_local_alpha/execute status=200
2026-09-30T02:44:34.259415Z  INFO lingxi_service::sessions: run settled through the single finalize path run_id=run_000001a0f0331352_00051a session_id="sess_local_alpha" outcome=completed.no_final.no_provider_configured input_chars=23 input_bytes=23
2026-09-30T02:44:34.259574Z  INFO lingxi_service: request handled request_id=req-df1e4dee1b8eb5eec237c17d2b71fb38 method=POST path=/lingxi/v1/sessions/sess_local_alpha/execute status=200
2026-09-30T02:44:34.260443Z  INFO lingxi_service::sessions: run settled through the single finalize path run_id=run_000001a0f0331353_00051b session_id="sess_local_alpha" outcome=completed.no_final.no_provider_configured input_chars=23 input_bytes=23
2026-09-30T02:44:34.260603Z  INFO lingxi_service: request handled request_id=req-23afa149a1aea4a0e30d2704129d8b27 method=POST path=/lingxi/v1/sessions/sess_local_alpha/execute status=200
2026-09-30T02:44:34.261394Z  INFO lingxi_service::sessions: run settled through the single finalize path run_id=run_000001a0f0331355_00051c session_id="sess_local_alpha" outcome=completed.no_final.no_provider_configured input_chars=23 input_bytes=23
2026-09-30T02:44:34.261546Z  INFO lingxi_service: request handled request_id=req-ec161b54a81fab41a63d34b19b60591b method=POST path=/lingxi/v1/sessions/sess_local_alpha/execute status=200
2026-09-30T02:44:34.262344Z  INFO lingxi_service::sessions: run settled through the single finalize path run_id=run_000001a0f0331355_00051d session_id="sess_local_alpha" outcome=completed.no_final.no_provider_configured input_chars=23 input_bytes=23
2026-09-30T02:44:34.262499Z  INFO lingxi_service: request handled request_id=req-408b28b4d04a6ee98bad4fa8370e529c method=POST path=/lingxi/v1/sessions/sess_local_alpha/execute status=200
2026-09-30T02:44:34.263282Z  INFO lingxi_service::sessions: run settled through the single finalize path run_id=run_000001a0f0331356_00051e session_id="sess_local_alpha" outcome=completed.no_final.no_provider_configured input_chars=23 input_bytes=23
2026-09-30T02:44:34.263433Z  INFO lingxi_service: request handled request_id=req-9d013592f76c9c12eabc47ce686a6b17 method=POST path=/lingxi/v1/sessions/sess_local_alpha/execute status=200
2026-09-30T02:44:34.264282Z  INFO lingxi_service::sessions: run settled through the single finalize path run_id=run_000001a0f0331357_00051f session_id="sess_local_alpha" outcome=completed.no_final.no_provider_configured input_chars=23 input_bytes=23
2026-09-30T02:44:34.264436Z  INFO lingxi_service: request handled request_id=req-ebedbc42aa18bd81dc17a5808c2f9692 method=POST path=/lingxi/v1/sessions/sess_local_alpha/execute status=200
2026-09-30T02:44:34.265222Z  INFO lingxi_service::sessions: run settled through the single finalize path run_id=run_000001a0f0331358_000520 session_id="sess_local_alpha" outcome=completed.no_final.no_provider_configured input_chars=23 input_bytes=23
2026-09-30T02:44:34.265381Z  INFO lingxi_service: request handled request_id=req-eabee2b12a1c6bd0aa9656dec745c1e0 method=POST path=/lingxi/v1/sessions/sess_local_alpha/execute status=200
2026-09-30T02:44:34.266143Z  INFO lingxi_service::sessions: run settled through the single finalize path run_id=run_000001a0f0331359_000521 session_id="sess_local_alpha" outcome=completed.no_final.no_provider_configured input_chars=23 input_bytes=23
2026-09-30T02:44:34.266299Z  INFO lingxi_service: request handled request_id=req-eb2685046317352f6653aa7e926d4488 method=POST path=/lingxi/v1/sessions/sess_local_alpha/execute status=200
2026-09-30T02:44:34.267034Z  INFO lingxi_service::sessions: run settled through the single finalize path run_id=run_000001a0f033135a_000522 session_id="sess_local_alpha" outcome=completed.no_final.no_provider_configured input_chars=23 input_bytes=23
2026-09-30T02:44:34.267194Z  INFO lingxi_service: request handled request_id=req-5b43cc91eabf2058e2521f76b6c399d2 method=POST path=/lingxi/v1/sessions/sess_local_alpha/execute status=200
2026-09-30T02:44:34.267957Z  INFO lingxi_service::sessions: run settled through the single finalize path run_id=run_000001a0f033135b_000523 session_id="sess_local_alpha" outcome=completed.no_final.no_provider_configured input_chars=23 input_bytes=23
2026-09-30T02:44:34.268111Z  INFO lingxi_service: request handled request_id=req-e2ac5a2aeb4b8000bad3158bdd80c0b9 method=POST path=/lingxi/v1/sessions/sess_local_alpha/execute status=200
2026-09-30T02:44:34.268851Z  INFO lingxi_service::sessions: run settled through the single finalize path run_id=run_000001a0f033135c_000524 session_id="sess_local_alpha" outcome=completed.no_final.no_provider_configured input_chars=23 input_bytes=23
2026-09-30T02:44:34.269008Z  INFO lingxi_service: request handled request_id=req-b29022d7220ecbcf41c78f367fac430e method=POST path=/lingxi/v1/sessions/sess_local_alpha/execute status=200
2026-09-30T02:44:34.269749Z  INFO lingxi_service::sessions: run settled through the single finalize path run_id=run_000001a0f033135d_000525 session_id="sess_local_alpha" outcome=completed.no_final.no_provider_configured input_chars=23 input_bytes=23
2026-09-30T02:44:34.269906Z  INFO lingxi_service: request handled request_id=req-d83b9f9ede3efc392bea5cefff694e4e method=POST path=/lingxi/v1/sessions/sess_local_alpha/execute status=200
2026-09-30T02:44:34.270664Z  INFO lingxi_service::sessions: run settled through the single finalize path run_id=run_000001a0f033135e_000526 session_id="sess_local_alpha" outcome=completed.no_final.no_provider_configured input_chars=23 input_bytes=23
2026-09-30T02:44:34.270820Z  INFO lingxi_service: request handled request_id=req-6fbc70ed2c3aad7cbd7272eea155dbe9 method=POST path=/lingxi/v1/sessions/sess_local_alpha/execute status=200
2026-09-30T02:44:34.271560Z  INFO lingxi_service::sessions: run settled through the single finalize path run_id=run_000001a0f033135f_000527 session_id="sess_local_alpha" outcome=completed.no_final.no_provider_configured input_chars=23 input_bytes=23
2026-09-30T02:44:34.271711Z  INFO lingxi_service: request handled request_id=req-5f2cd73c235a53cf9b40cc05aa0f9f69 method=POST path=/lingxi/v1/sessions/sess_local_alpha/execute status=200
2026-09-30T02:44:34.272436Z  INFO lingxi_service::sessions: run settled through the single finalize path run_id=run_000001a0f0331360_000528 session_id="sess_local_alpha" outcome=completed.no_final.no_provider_configured input_chars=23 input_bytes=23
2026-09-30T02:44:34.272588Z  INFO lingxi_service: request handled request_id=req-6342c371a9f001dcebb9b575c96d3451 method=POST path=/lingxi/v1/sessions/sess_local_alpha/execute status=200
2026-09-30T02:44:34.273381Z  INFO lingxi_service::sessions: run settled through the single finalize path run_id=run_000001a0f0331360_000529 session_id="sess_local_alpha" outcome=completed.no_final.no_provider_configured input_chars=23 input_bytes=23
2026-09-30T02:44:34.273537Z  INFO lingxi_service: request handled request_id=req-8f7c64046180196bfe7183c56343718b method=POST path=/lingxi/v1/sessions/sess_local_alpha/execute status=200
2026-09-30T02:44:34.274288Z  INFO lingxi_service::sessions: run settled through the single finalize path run_id=run_000001a0f0331361_00052a session_id="sess_local_alpha" outcome=completed.no_final.no_provider_configured input_chars=23 input_bytes=23
2026-09-30T02:44:34.274443Z  INFO lingxi_service: request handled request_id=req-f81f4a4f2263001a2191664a26b0eb9f method=POST path=/lingxi/v1/sessions/sess_local_alpha/execute status=200
2026-09-30T02:44:34.275187Z  INFO lingxi_service::sessions: run settled through the single finalize path run_id=run_000001a0f0331362_00052b session_id="sess_local_alpha" outcome=completed.no_final.no_provider_configured input_chars=23 input_bytes=23
2026-09-30T02:44:34.275339Z  INFO lingxi_service: request handled request_id=req-de2fd34aae36d36156156ef5ade4d9fe method=POST path=/lingxi/v1/sessions/sess_local_alpha/execute status=200
2026-09-30T02:44:34.276070Z  INFO lingxi_service::sessions: run settled through the single finalize path run_id=run_000001a0f0331363_00052c session_id="sess_local_alpha" outcome=completed.no_final.no_provider_configured input_chars=23 input_bytes=23
2026-09-30T02:44:34.276225Z  INFO lingxi_service: request handled request_id=req-c7064738ec015541a143ac1b0d133894 method=POST path=/lingxi/v1/sessions/sess_local_alpha/execute status=200
2026-09-30T02:44:34.276993Z  INFO lingxi_service::sessions: run settled through the single finalize path run_id=run_000001a0f0331364_00052d session_id="sess_local_alpha" outcome=completed.no_final.no_provider_configured input_chars=23 input_bytes=23
2026-09-30T02:44:34.277150Z  INFO lingxi_service: request handled request_id=req-045934dd0c00e405877463fd9a889d13 method=POST path=/lingxi/v1/sessions/sess_local_alpha/execute status=200
2026-09-30T02:44:34.277960Z  INFO lingxi_service::sessions: run settled through the single finalize path run_id=run_000001a0f0331365_00052e session_id="sess_local_alpha" outcome=completed.no_final.no_provider_configured input_chars=23 input_bytes=23
2026-09-30T02:44:34.278112Z  INFO lingxi_service: request handled request_id=req-30048ec8bbdd98e86f7e56263642a7d8 method=POST path=/lingxi/v1/sessions/sess_local_alpha/execute status=200
2026-09-30T02:44:34.278867Z  INFO lingxi_service::sessions: run settled through the single finalize path run_id=run_000001a0f0331366_00052f session_id="sess_local_alpha" outcome=completed.no_final.no_provider_configured input_chars=23 input_bytes=23
2026-09-30T02:44:34.279021Z  INFO lingxi_service: request handled request_id=req-5e216ee5861ef1ad456dcde708db2861 method=POST path=/lingxi/v1/sessions/sess_local_alpha/execute status=200
2026-09-30T02:44:34.280157Z  INFO lingxi_service::sessions: run settled through the single finalize path run_id=run_000001a0f0331367_000530 session_id="sess_local_alpha" outcome=completed.no_final.no_provider_configured input_chars=23 input_bytes=23
2026-09-30T02:44:34.280322Z  INFO lingxi_service: request handled request_id=req-c4b61b50a9b74a4e233500c51574d560 method=POST path=/lingxi/v1/sessions/sess_local_alpha/execute status=200
2026-09-30T02:44:34.281076Z  INFO lingxi_service::sessions: run settled through the single finalize path run_id=run_000001a0f0331368_000531 session_id="sess_local_alpha" outcome=completed.no_final.no_provider_configured input_chars=23 input_bytes=23
2026-09-30T02:44:34.281234Z  INFO lingxi_service: request handled request_id=req-eb167835dd3faf560710396140c55359 method=POST path=/lingxi/v1/sessions/sess_local_alpha/execute status=200
2026-09-30T02:44:34.281975Z  INFO lingxi_service::sessions: run settled through the single finalize path run_id=run_000001a0f0331369_000532 session_id="sess_local_alpha" outcome=completed.no_final.no_provider_configured input_chars=23 input_bytes=23
2026-09-30T02:44:34.282129Z  INFO lingxi_service: request handled request_id=req-d9b2435c0d1fe6dcd56c2fd62f426c34 method=POST path=/lingxi/v1/sessions/sess_local_alpha/execute status=200
2026-09-30T02:44:34.282858Z  INFO lingxi_service::sessions: run settled through the single finalize path run_id=run_000001a0f033136a_000533 session_id="sess_local_alpha" outcome=completed.no_final.no_provider_configured input_chars=23 input_bytes=23
2026-09-30T02:44:34.283014Z  INFO lingxi_service: request handled request_id=req-2bbf84f023f69ce6f6abd183c7795148 method=POST path=/lingxi/v1/sessions/sess_local_alpha/execute status=200
2026-09-30T02:44:34.283774Z  INFO lingxi_service::sessions: run settled through the single finalize path run_id=run_000001a0f033136b_000534 session_id="sess_local_alpha" outcome=completed.no_final.no_provider_configured input_chars=23 input_bytes=23
2026-09-30T02:44:34.283930Z  INFO lingxi_service: request handled request_id=req-d223609dd60fc3378b09fc2d6c8b2553 method=POST path=/lingxi/v1/sessions/sess_local_alpha/execute status=200
2026-09-30T02:44:34.284715Z  INFO lingxi_service::sessions: run settled through the single finalize path run_id=run_000001a0f033136c_000535 session_id="sess_local_alpha" outcome=completed.no_final.no_provider_configured input_chars=23 input_bytes=23
2026-09-30T02:44:34.284873Z  INFO lingxi_service: request handled request_id=req-58623488e191362181e0b765a90bdadb method=POST path=/lingxi/v1/sessions/sess_local_alpha/execute status=200
2026-09-30T02:44:34.285630Z  INFO lingxi_service::sessions: run settled through the single finalize path run_id=run_000001a0f033136d_000536 session_id="sess_local_alpha" outcome=completed.no_final.no_provider_configured input_chars=23 input_bytes=23
2026-09-30T02:44:34.285785Z  INFO lingxi_service: request handled request_id=req-dc78b62114d2fbdc206f8beeaddafd94 method=POST path=/lingxi/v1/sessions/sess_local_alpha/execute status=200
2026-09-30T02:44:34.286525Z  INFO lingxi_service::sessions: run settled through the single finalize path run_id=run_000001a0f033136e_000537 session_id="sess_local_alpha" outcome=completed.no_final.no_provider_configured input_chars=23 input_bytes=23
2026-09-30T02:44:34.286680Z  INFO lingxi_service: request handled request_id=req-d1e5e513a9b113598bdcede587f2e31d method=POST path=/lingxi/v1/sessions/sess_local_alpha/execute status=200
2026-09-30T02:44:34.287455Z  INFO lingxi_service::sessions: run settled through the single finalize path run_id=run_000001a0f033136f_000538 session_id="sess_local_alpha" outcome=completed.no_final.no_provider_configured input_chars=23 input_bytes=23
2026-09-30T02:44:34.287610Z  INFO lingxi_service: request handled request_id=req-1dec294c7286d93aeeed8dbcc44fad2b method=POST path=/lingxi/v1/sessions/sess_local_alpha/execute status=200
2026-09-30T02:44:34.288382Z  INFO lingxi_service::sessions: run settled through the single finalize path run_id=run_000001a0f033136f_000539 session_id="sess_local_alpha" outcome=completed.no_final.no_provider_configured input_chars=23 input_bytes=23
2026-09-30T02:44:34.288536Z  INFO lingxi_service: request handled request_id=req-2e1e65a2f9c2775d91abe8e5e0ebcef4 method=POST path=/lingxi/v1/sessions/sess_local_alpha/execute status=200
2026-09-30T02:44:34.289302Z  INFO lingxi_service::sessions: run settled through the single finalize path run_id=run_000001a0f0331370_00053a session_id="sess_local_alpha" outcome=completed.no_final.no_provider_configured input_chars=23 input_bytes=23
2026-09-30T02:44:34.289463Z  INFO lingxi_service: request handled request_id=req-97c32aa2c1feef91c55ef917a891a07a method=POST path=/lingxi/v1/sessions/sess_local_alpha/execute status=200
2026-09-30T02:44:34.290250Z  INFO lingxi_service::sessions: run settled through the single finalize path run_id=run_000001a0f0331371_00053b session_id="sess_local_alpha" outcome=completed.no_final.no_provider_configured input_chars=23 input_bytes=23
2026-09-30T02:44:34.290407Z  INFO lingxi_service: request handled request_id=req-6761d6c3758e5276f7287812d542de2b method=POST path=/lingxi/v1/sessions/sess_local_alpha/execute status=200
2026-09-30T02:44:34.291155Z  INFO lingxi_service::sessions: run settled through the single finalize path run_id=run_000001a0f0331372_00053c session_id="sess_local_alpha" outcome=completed.no_final.no_provider_configured input_chars=23 input_bytes=23
2026-09-30T02:44:34.291308Z  INFO lingxi_service: request handled request_id=req-52af9fdf7f73256a1137af32c85a9db8 method=POST path=/lingxi/v1/sessions/sess_local_alpha/execute status=200
2026-09-30T02:44:34.292089Z  INFO lingxi_service::sessions: run settled through the single finalize path run_id=run_000001a0f0331373_00053d session_id="sess_local_alpha" outcome=completed.no_final.no_provider_configured input_chars=23 input_bytes=23
2026-09-30T02:44:34.292246Z  INFO lingxi_service: request handled request_id=req-3debab3e24199ccd3a61b3c5a1773c1d method=POST path=/lingxi/v1/sessions/sess_local_alpha/execute status=200
2026-09-30T02:44:34.293048Z  INFO lingxi_service::sessions: run settled through the single finalize path run_id=run_000001a0f0331374_00053e session_id="sess_local_alpha" outcome=completed.no_final.no_provider_configured input_chars=23 input_bytes=23
2026-09-30T02:44:34.293203Z  INFO lingxi_service: request handled request_id=req-3e786dc1aa56157b42ba137bde6d4d98 method=POST path=/lingxi/v1/sessions/sess_local_alpha/execute status=200
2026-09-30T02:44:34.293993Z  INFO lingxi_service::sessions: run settled through the single finalize path run_id=run_000001a0f0331375_00053f session_id="sess_local_alpha" outcome=completed.no_final.no_provider_configured input_chars=23 input_bytes=23
2026-09-30T02:44:34.294149Z  INFO lingxi_service: request handled request_id=req-6093d6b5d38d86e1b16beedcf6b786af method=POST path=/lingxi/v1/sessions/sess_local_alpha/execute status=200
2026-09-30T02:44:34.294961Z  INFO lingxi_service::sessions: run settled through the single finalize path run_id=run_000001a0f0331376_000540 session_id="sess_local_alpha" outcome=completed.no_final.no_provider_configured input_chars=23 input_bytes=23
2026-09-30T02:44:34.295120Z  INFO lingxi_service: request handled request_id=req-399d24ffe29b95566887ad4c43579d29 method=POST path=/lingxi/v1/sessions/sess_local_alpha/execute status=200
2026-09-30T02:44:34.295890Z  INFO lingxi_service::sessions: run settled through the single finalize path run_id=run_000001a0f0331377_000541 session_id="sess_local_alpha" outcome=completed.no_final.no_provider_configured input_chars=23 input_bytes=23
2026-09-30T02:44:34.296048Z  INFO lingxi_service: request handled request_id=req-b0bdbd818192bf2e2bf17cbb6519ece6 method=POST path=/lingxi/v1/sessions/sess_local_alpha/execute status=200
2026-09-30T02:44:34.296817Z  INFO lingxi_service::sessions: run settled through the single finalize path run_id=run_000001a0f0331378_000542 session_id="sess_local_alpha" outcome=completed.no_final.no_provider_configured input_chars=23 input_bytes=23
2026-09-30T02:44:34.296978Z  INFO lingxi_service: request handled request_id=req-dc5b3d5f4016ed2d752d2850a45ae59a method=POST path=/lingxi/v1/sessions/sess_local_alpha/execute status=200
2026-09-30T02:44:34.297741Z  INFO lingxi_service::sessions: run settled through the single finalize path run_id=run_000001a0f0331379_000543 session_id="sess_local_alpha" outcome=completed.no_final.no_provider_configured input_chars=23 input_bytes=23
2026-09-30T02:44:34.297898Z  INFO lingxi_service: request handled request_id=req-a3a322d6bb266e6ac45f8da9705e99e2 method=POST path=/lingxi/v1/sessions/sess_local_alpha/execute status=200
2026-09-30T02:44:34.298661Z  INFO lingxi_service::sessions: run settled through the single finalize path run_id=run_000001a0f033137a_000544 session_id="sess_local_alpha" outcome=completed.no_final.no_provider_configured input_chars=23 input_bytes=23
2026-09-30T02:44:34.298816Z  INFO lingxi_service: request handled request_id=req-38dc73485db88af91bf8b13ba712f38d method=POST path=/lingxi/v1/sessions/sess_local_alpha/execute status=200
2026-09-30T02:44:34.299553Z  INFO lingxi_service::sessions: run settled through the single finalize path run_id=run_000001a0f033137b_000545 session_id="sess_local_alpha" outcome=completed.no_final.no_provider_configured input_chars=23 input_bytes=23
2026-09-30T02:44:34.299708Z  INFO lingxi_service: request handled request_id=req-f6d2bb0e345836b317100dfee5936b6d method=POST path=/lingxi/v1/sessions/sess_local_alpha/execute status=200
2026-09-30T02:44:34.300462Z  INFO lingxi_service::sessions: run settled through the single finalize path run_id=run_000001a0f033137c_000546 session_id="sess_local_alpha" outcome=completed.no_final.no_provider_configured input_chars=23 input_bytes=23
2026-09-30T02:44:34.300619Z  INFO lingxi_service: request handled request_id=req-ac195ee6cc1fe32c7a716a341db6a39c method=POST path=/lingxi/v1/sessions/sess_local_alpha/execute status=200
2026-09-30T02:44:34.301416Z  INFO lingxi_service::sessions: run settled through the single finalize path run_id=run_000001a0f033137c_000547 session_id="sess_local_alpha" outcome=completed.no_final.no_provider_configured input_chars=23 input_bytes=23
2026-09-30T02:44:34.301573Z  INFO lingxi_service: request handled request_id=req-e078c137ddb4b4f3c29468eb5e6a1995 method=POST path=/lingxi/v1/sessions/sess_local_alpha/execute status=200
2026-09-30T02:44:34.302332Z  INFO lingxi_service::sessions: run settled through the single finalize path run_id=run_000001a0f033137d_000548 session_id="sess_local_alpha" outcome=completed.no_final.no_provider_configured input_chars=23 input_bytes=23
2026-09-30T02:44:34.302489Z  INFO lingxi_service: request handled request_id=req-1120dd1f9745e3e4e7d7f9fd472b62e0 method=POST path=/lingxi/v1/sessions/sess_local_alpha/execute status=200
2026-09-30T02:44:34.303244Z  INFO lingxi_service::sessions: run settled through the single finalize path run_id=run_000001a0f033137e_000549 session_id="sess_local_alpha" outcome=completed.no_final.no_provider_configured input_chars=23 input_bytes=23
2026-09-30T02:44:34.303400Z  INFO lingxi_service: request handled request_id=req-a4fef764dead9b679aa48b4e06d686d4 method=POST path=/lingxi/v1/sessions/sess_local_alpha/execute status=200
2026-09-30T02:44:34.304162Z  INFO lingxi_service::sessions: run settled through the single finalize path run_id=run_000001a0f033137f_00054a session_id="sess_local_alpha" outcome=completed.no_final.no_provider_configured input_chars=23 input_bytes=23
2026-09-30T02:44:34.304317Z  INFO lingxi_service: request handled request_id=req-25901a38a9eb4bbd70647c8c67e56bfd method=POST path=/lingxi/v1/sessions/sess_local_alpha/execute status=200
2026-09-30T02:44:34.305140Z  INFO lingxi_service::sessions: run settled through the single finalize path run_id=run_000001a0f0331380_00054b session_id="sess_local_alpha" outcome=completed.no_final.no_provider_configured input_chars=23 input_bytes=23
2026-09-30T02:44:34.305295Z  INFO lingxi_service: request handled request_id=req-351ffcbc1b01d8618ff7d6fcf98d35da method=POST path=/lingxi/v1/sessions/sess_local_alpha/execute status=200
2026-09-30T02:44:34.306025Z  INFO lingxi_service::sessions: run settled through the single finalize path run_id=run_000001a0f0331381_00054c session_id="sess_local_alpha" outcome=completed.no_final.no_provider_configured input_chars=23 input_bytes=23
2026-09-30T02:44:34.306180Z  INFO lingxi_service: request handled request_id=req-85639ea0c2ddca865628453cc29d8a3c method=POST path=/lingxi/v1/sessions/sess_local_alpha/execute status=200
2026-09-30T02:44:34.306927Z  INFO lingxi_service::sessions: run settled through the single finalize path run_id=run_000001a0f0331382_00054d session_id="sess_local_alpha" outcome=completed.no_final.no_provider_configured input_chars=23 input_bytes=23
2026-09-30T02:44:34.307085Z  INFO lingxi_service: request handled request_id=req-3973862677d20af7ab6768b29772d274 method=POST path=/lingxi/v1/sessions/sess_local_alpha/execute status=200
2026-09-30T02:44:34.307895Z  INFO lingxi_service::sessions: run settled through the single finalize path run_id=run_000001a0f0331383_00054e session_id="sess_local_alpha" outcome=completed.no_final.no_provider_configured input_chars=23 input_bytes=23
2026-09-30T02:44:34.308052Z  INFO lingxi_service: request handled request_id=req-5fe6f20c0ca633c8157cc53a69b62e36 method=POST path=/lingxi/v1/sessions/sess_local_alpha/execute status=200
2026-09-30T02:44:34.308790Z  INFO lingxi_service::sessions: run settled through the single finalize path run_id=run_000001a0f0331384_00054f session_id="sess_local_alpha" outcome=completed.no_final.no_provider_configured input_chars=23 input_bytes=23
2026-09-30T02:44:34.308944Z  INFO lingxi_service: request handled request_id=req-38c487db174fdccfc7b783137c8b2c4f method=POST path=/lingxi/v1/sessions/sess_local_alpha/execute status=200
2026-09-30T02:44:34.309675Z  INFO lingxi_service::sessions: run settled through the single finalize path run_id=run_000001a0f0331385_000550 session_id="sess_local_alpha" outcome=completed.no_final.no_provider_configured input_chars=23 input_bytes=23
2026-09-30T02:44:34.309833Z  INFO lingxi_service: request handled request_id=req-04e447629908d4d97fe6c9b56630649f method=POST path=/lingxi/v1/sessions/sess_local_alpha/execute status=200
2026-09-30T02:44:34.310623Z  INFO lingxi_service::sessions: run settled through the single finalize path run_id=run_000001a0f0331386_000551 session_id="sess_local_alpha" outcome=completed.no_final.no_provider_configured input_chars=23 input_bytes=23
2026-09-30T02:44:34.310780Z  INFO lingxi_service: request handled request_id=req-0db2524eb3b0e6d08358804894d3805a method=POST path=/lingxi/v1/sessions/sess_local_alpha/execute status=200
2026-09-30T02:44:34.311544Z  INFO lingxi_service::sessions: run settled through the single finalize path run_id=run_000001a0f0331387_000552 session_id="sess_local_alpha" outcome=completed.no_final.no_provider_configured input_chars=23 input_bytes=23
2026-09-30T02:44:34.311698Z  INFO lingxi_service: request handled request_id=req-e4899673140d5fc37c10ca8c0267c206 method=POST path=/lingxi/v1/sessions/sess_local_alpha/execute status=200
2026-09-30T02:44:34.312475Z  INFO lingxi_service::sessions: run settled through the single finalize path run_id=run_000001a0f0331388_000553 session_id="sess_local_alpha" outcome=completed.no_final.no_provider_configured input_chars=23 input_bytes=23
2026-09-30T02:44:34.312630Z  INFO lingxi_service: request handled request_id=req-259df62d5164dda31ac2a456b96266e7 method=POST path=/lingxi/v1/sessions/sess_local_alpha/execute status=200
2026-09-30T02:44:34.313370Z  INFO lingxi_service::sessions: run settled through the single finalize path run_id=run_000001a0f0331388_000554 session_id="sess_local_alpha" outcome=completed.no_final.no_provider_configured input_chars=23 input_bytes=23
2026-09-30T02:44:34.313525Z  INFO lingxi_service: request handled request_id=req-2a0bae36e73747ed98c2d5cff67e5ee2 method=POST path=/lingxi/v1/sessions/sess_local_alpha/execute status=200
2026-09-30T02:44:34.314345Z  INFO lingxi_service::sessions: run settled through the single finalize path run_id=run_000001a0f0331389_000555 session_id="sess_local_alpha" outcome=completed.no_final.no_provider_configured input_chars=23 input_bytes=23
2026-09-30T02:44:34.314501Z  INFO lingxi_service: request handled request_id=req-7386c19a4b11adb5453dc8cba24cc220 method=POST path=/lingxi/v1/sessions/sess_local_alpha/execute status=200
2026-09-30T02:44:34.315235Z  INFO lingxi_service::sessions: run settled through the single finalize path run_id=run_000001a0f033138a_000556 session_id="sess_local_alpha" outcome=completed.no_final.no_provider_configured input_chars=23 input_bytes=23
2026-09-30T02:44:34.315390Z  INFO lingxi_service: request handled request_id=req-7a004172cc2eaecf7a7dc0700525c6f7 method=POST path=/lingxi/v1/sessions/sess_local_alpha/execute status=200
2026-09-30T02:44:34.316133Z  INFO lingxi_service::sessions: run settled through the single finalize path run_id=run_000001a0f033138b_000557 session_id="sess_local_alpha" outcome=completed.no_final.no_provider_configured input_chars=23 input_bytes=23
2026-09-30T02:44:34.316290Z  INFO lingxi_service: request handled request_id=req-6cb426354418c15fa30e989355d2ffed method=POST path=/lingxi/v1/sessions/sess_local_alpha/execute status=200
2026-09-30T02:44:34.317021Z  INFO lingxi_service::sessions: run settled through the single finalize path run_id=run_000001a0f033138c_000558 session_id="sess_local_alpha" outcome=completed.no_final.no_provider_configured input_chars=23 input_bytes=23
2026-09-30T02:44:34.317176Z  INFO lingxi_service: request handled request_id=req-c5de7bf625f3a23a3381aa2af78d07e8 method=POST path=/lingxi/v1/sessions/sess_local_alpha/execute status=200
2026-09-30T02:44:34.317968Z  INFO lingxi_service::sessions: run settled through the single finalize path run_id=run_000001a0f033138d_000559 session_id="sess_local_alpha" outcome=completed.no_final.no_provider_configured input_chars=23 input_bytes=23
2026-09-30T02:44:34.318122Z  INFO lingxi_service: request handled request_id=req-070c3ee9daa4b3cca836bd1076344848 method=POST path=/lingxi/v1/sessions/sess_local_alpha/execute status=200
2026-09-30T02:44:34.318860Z  INFO lingxi_service::sessions: run settled through the single finalize path run_id=run_000001a0f033138e_00055a session_id="sess_local_alpha" outcome=completed.no_final.no_provider_configured input_chars=23 input_bytes=23
2026-09-30T02:44:34.319012Z  INFO lingxi_service: request handled request_id=req-20e21711aa865bb4b74a9ffe665a3d7a method=POST path=/lingxi/v1/sessions/sess_local_alpha/execute status=200
2026-09-30T02:44:34.319790Z  INFO lingxi_service::sessions: run settled through the single finalize path run_id=run_000001a0f033138f_00055b session_id="sess_local_alpha" outcome=completed.no_final.no_provider_configured input_chars=23 input_bytes=23
2026-09-30T02:44:34.319946Z  INFO lingxi_service: request handled request_id=req-17ead0b3f418c43605618b2b1f4fa0f8 method=POST path=/lingxi/v1/sessions/sess_local_alpha/execute status=200
2026-09-30T02:44:34.320785Z  INFO lingxi_service::sessions: run settled through the single finalize path run_id=run_000001a0f0331390_00055c session_id="sess_local_alpha" outcome=completed.no_final.no_provider_configured input_chars=23 input_bytes=23
2026-09-30T02:44:34.320946Z  INFO lingxi_service: request handled request_id=req-2d8bc5baa1ace2d809047ec514696d0f method=POST path=/lingxi/v1/sessions/sess_local_alpha/execute status=200
2026-09-30T02:44:34.321729Z  INFO lingxi_service::sessions: run settled through the single finalize path run_id=run_000001a0f0331391_00055d session_id="sess_local_alpha" outcome=completed.no_final.no_provider_configured input_chars=23 input_bytes=23
2026-09-30T02:44:34.321885Z  INFO lingxi_service: request handled request_id=req-05ae81efe2e8328125a6dbc1274338ad method=POST path=/lingxi/v1/sessions/sess_local_alpha/execute status=200
2026-09-30T02:44:34.322649Z  INFO lingxi_service::sessions: run settled through the single finalize path run_id=run_000001a0f0331392_00055e session_id="sess_local_alpha" outcome=completed.no_final.no_provider_configured input_chars=23 input_bytes=23
2026-09-30T02:44:34.322807Z  INFO lingxi_service: request handled request_id=req-847a76044c10a4275a2cc3c5f114cc06 method=POST path=/lingxi/v1/sessions/sess_local_alpha/execute status=200
2026-09-30T02:44:34.325092Z  INFO lingxi_service::sessions: run settled through the single finalize path run_id=run_000001a0f0331394_00055f session_id="sess_local_alpha" outcome=completed.no_final.no_provider_configured input_chars=23 input_bytes=23
2026-09-30T02:44:34.325262Z  INFO lingxi_service: request handled request_id=req-b3e97be4175c384a4bcefe6c6dd60cb0 method=POST path=/lingxi/v1/sessions/sess_local_alpha/execute status=200
2026-09-30T02:44:34.326579Z  INFO lingxi_service::sessions: run settled through the single finalize path run_id=run_000001a0f0331395_000560 session_id="sess_local_alpha" outcome=completed.no_final.no_provider_configured input_chars=23 input_bytes=23
2026-09-30T02:44:34.326752Z  INFO lingxi_service: request handled request_id=req-898d560e5d65e216af4aedff041fd5f4 method=POST path=/lingxi/v1/sessions/sess_local_alpha/execute status=200
2026-09-30T02:44:34.327615Z  INFO lingxi_service::sessions: run settled through the single finalize path run_id=run_000001a0f0331397_000561 session_id="sess_local_alpha" outcome=completed.no_final.no_provider_configured input_chars=23 input_bytes=23
2026-09-30T02:44:34.327775Z  INFO lingxi_service: request handled request_id=req-587355414502dfd6c6ccb6beb8509658 method=POST path=/lingxi/v1/sessions/sess_local_alpha/execute status=200
2026-09-30T02:44:34.328607Z  INFO lingxi_service::sessions: run settled through the single finalize path run_id=run_000001a0f0331398_000562 session_id="sess_local_alpha" outcome=completed.no_final.no_provider_configured input_chars=23 input_bytes=23
2026-09-30T02:44:34.328773Z  INFO lingxi_service: request handled request_id=req-f913d2b5f3660ffa77fafcfdf9467be6 method=POST path=/lingxi/v1/sessions/sess_local_alpha/execute status=200
2026-09-30T02:44:34.329563Z  INFO lingxi_service::sessions: run settled through the single finalize path run_id=run_000001a0f0331399_000563 session_id="sess_local_alpha" outcome=completed.no_final.no_provider_configured input_chars=23 input_bytes=23
2026-09-30T02:44:34.329720Z  INFO lingxi_service: request handled request_id=req-2d409227ab452c7a44b12ff5ddda1abf method=POST path=/lingxi/v1/sessions/sess_local_alpha/execute status=200
2026-09-30T02:44:34.330473Z  INFO lingxi_service::sessions: run settled through the single finalize path run_id=run_000001a0f033139a_000564 session_id="sess_local_alpha" outcome=completed.no_final.no_provider_configured input_chars=23 input_bytes=23
2026-09-30T02:44:34.330634Z  INFO lingxi_service: request handled request_id=req-8c0c53fa8ca0e27eac03eac89bbb4985 method=POST path=/lingxi/v1/sessions/sess_local_alpha/execute status=200
2026-09-30T02:44:34.331412Z  INFO lingxi_service::sessions: run settled through the single finalize path run_id=run_000001a0f033139a_000565 session_id="sess_local_alpha" outcome=completed.no_final.no_provider_configured input_chars=23 input_bytes=23
2026-09-30T02:44:34.331571Z  INFO lingxi_service: request handled request_id=req-aa31b6b8ad154a59637963aefed93ce7 method=POST path=/lingxi/v1/sessions/sess_local_alpha/execute status=200
2026-09-30T02:44:34.332363Z  INFO lingxi_service::sessions: run settled through the single finalize path run_id=run_000001a0f033139b_000566 session_id="sess_local_alpha" outcome=completed.no_final.no_provider_configured input_chars=23 input_bytes=23
2026-09-30T02:44:34.332522Z  INFO lingxi_service: request handled request_id=req-5b0f5a6e3ca9b8d087a7a1723199d3a9 method=POST path=/lingxi/v1/sessions/sess_local_alpha/execute status=200
2026-09-30T02:44:34.333264Z  INFO lingxi_service::sessions: run settled through the single finalize path run_id=run_000001a0f033139c_000567 session_id="sess_local_alpha" outcome=completed.no_final.no_provider_configured input_chars=23 input_bytes=23
2026-09-30T02:44:34.333420Z  INFO lingxi_service: request handled request_id=req-bb19b2786959272ec59c4be64f6d7338 method=POST path=/lingxi/v1/sessions/sess_local_alpha/execute status=200
2026-09-30T02:44:34.334204Z  INFO lingxi_service::sessions: run settled through the single finalize path run_id=run_000001a0f033139d_000568 session_id="sess_local_alpha" outcome=completed.no_final.no_provider_configured input_chars=23 input_bytes=23
2026-09-30T02:44:34.334360Z  INFO lingxi_service: request handled request_id=req-6858c050a7592cd331fdd38d6c543373 method=POST path=/lingxi/v1/sessions/sess_local_alpha/execute status=200
2026-09-30T02:44:34.335199Z  INFO lingxi_service::sessions: run settled through the single finalize path run_id=run_000001a0f033139e_000569 session_id="sess_local_alpha" outcome=completed.no_final.no_provider_configured input_chars=23 input_bytes=23
2026-09-30T02:44:34.335364Z  INFO lingxi_service: request handled request_id=req-b9aac52357aeb218c441c682a26a4773 method=POST path=/lingxi/v1/sessions/sess_local_alpha/execute status=200
2026-09-30T02:44:34.336229Z  INFO lingxi_service::sessions: run settled through the single finalize path run_id=run_000001a0f033139f_00056a session_id="sess_local_alpha" outcome=completed.no_final.no_provider_configured input_chars=23 input_bytes=23
2026-09-30T02:44:34.336390Z  INFO lingxi_service: request handled request_id=req-afbe115e5216ec4ee5dbe517bfaeacc0 method=POST path=/lingxi/v1/sessions/sess_local_alpha/execute status=200
2026-09-30T02:44:34.337149Z  INFO lingxi_service::sessions: run settled through the single finalize path run_id=run_000001a0f03313a0_00056b session_id="sess_local_alpha" outcome=completed.no_final.no_provider_configured input_chars=23 input_bytes=23
2026-09-30T02:44:34.337308Z  INFO lingxi_service: request handled request_id=req-dce6e030b773dd3184b64ef50446380d method=POST path=/lingxi/v1/sessions/sess_local_alpha/execute status=200
2026-09-30T02:44:34.338119Z  INFO lingxi_service::sessions: run settled through the single finalize path run_id=run_000001a0f03313a1_00056c session_id="sess_local_alpha" outcome=completed.no_final.no_provider_configured input_chars=23 input_bytes=23
2026-09-30T02:44:34.338276Z  INFO lingxi_service: request handled request_id=req-48995b8acdcff0281243bcf67e45215f method=POST path=/lingxi/v1/sessions/sess_local_alpha/execute status=200
2026-09-30T02:44:34.339023Z  INFO lingxi_service::sessions: run settled through the single finalize path run_id=run_000001a0f03313a2_00056d session_id="sess_local_alpha" outcome=completed.no_final.no_provider_configured input_chars=23 input_bytes=23
2026-09-30T02:44:34.339182Z  INFO lingxi_service: request handled request_id=req-70db11100e24ca58c34d986b618d8976 method=POST path=/lingxi/v1/sessions/sess_local_alpha/execute status=200
2026-09-30T02:44:34.339930Z  INFO lingxi_service::sessions: run settled through the single finalize path run_id=run_000001a0f03313a3_00056e session_id="sess_local_alpha" outcome=completed.no_final.no_provider_configured input_chars=23 input_bytes=23
2026-09-30T02:44:34.340090Z  INFO lingxi_service: request handled request_id=req-83ac840aadc2901ab87f7939c8566e91 method=POST path=/lingxi/v1/sessions/sess_local_alpha/execute status=200
2026-09-30T02:44:34.340851Z  INFO lingxi_service::sessions: run settled through the single finalize path run_id=run_000001a0f03313a4_00056f session_id="sess_local_alpha" outcome=completed.no_final.no_provider_configured input_chars=23 input_bytes=23
2026-09-30T02:44:34.341012Z  INFO lingxi_service: request handled request_id=req-4dbe8e078290e3d0e31d93ba52cd6517 method=POST path=/lingxi/v1/sessions/sess_local_alpha/execute status=200
2026-09-30T02:44:34.341771Z  INFO lingxi_service::sessions: run settled through the single finalize path run_id=run_000001a0f03313a5_000570 session_id="sess_local_alpha" outcome=completed.no_final.no_provider_configured input_chars=23 input_bytes=23
2026-09-30T02:44:34.341928Z  INFO lingxi_service: request handled request_id=req-227c62d974144f5174fe80ff24f34c16 method=POST path=/lingxi/v1/sessions/sess_local_alpha/execute status=200
2026-09-30T02:44:34.342714Z  INFO lingxi_service::sessions: run settled through the single finalize path run_id=run_000001a0f03313a6_000571 session_id="sess_local_alpha" outcome=completed.no_final.no_provider_configured input_chars=23 input_bytes=23
2026-09-30T02:44:34.342882Z  INFO lingxi_service: request handled request_id=req-68336404692e8baa8ec9d04bceecc9ca method=POST path=/lingxi/v1/sessions/sess_local_alpha/execute status=200
2026-09-30T02:44:34.343674Z  INFO lingxi_service::sessions: run settled through the single finalize path run_id=run_000001a0f03313a7_000572 session_id="sess_local_alpha" outcome=completed.no_final.no_provider_configured input_chars=23 input_bytes=23
2026-09-30T02:44:34.343832Z  INFO lingxi_service: request handled request_id=req-23e2bafad0967dc36e712c9d0ce7c572 method=POST path=/lingxi/v1/sessions/sess_local_alpha/execute status=200
2026-09-30T02:44:34.344609Z  INFO lingxi_service::sessions: run settled through the single finalize path run_id=run_000001a0f03313a8_000573 session_id="sess_local_alpha" outcome=completed.no_final.no_provider_configured input_chars=23 input_bytes=23
2026-09-30T02:44:34.344767Z  INFO lingxi_service: request handled request_id=req-6bdf1b86f5903c05455d3c83ba4f6c22 method=POST path=/lingxi/v1/sessions/sess_local_alpha/execute status=200
2026-09-30T02:44:34.345542Z  INFO lingxi_service::sessions: run settled through the single finalize path run_id=run_000001a0f03313a9_000574 session_id="sess_local_alpha" outcome=completed.no_final.no_provider_configured input_chars=23 input_bytes=23
2026-09-30T02:44:34.345698Z  INFO lingxi_service: request handled request_id=req-57956a03ca6fd979d6255cad503bd2dd method=POST path=/lingxi/v1/sessions/sess_local_alpha/execute status=200
2026-09-30T02:44:34.346504Z  INFO lingxi_service::sessions: run settled through the single finalize path run_id=run_000001a0f03313aa_000575 session_id="sess_local_alpha" outcome=completed.no_final.no_provider_configured input_chars=23 input_bytes=23
2026-09-30T02:44:34.346662Z  INFO lingxi_service: request handled request_id=req-a8eec81e5eb8383379d057c29a93350b method=POST path=/lingxi/v1/sessions/sess_local_alpha/execute status=200
2026-09-30T02:44:34.347449Z  INFO lingxi_service::sessions: run settled through the single finalize path run_id=run_000001a0f03313ab_000576 session_id="sess_local_alpha" outcome=completed.no_final.no_provider_configured input_chars=23 input_bytes=23
2026-09-30T02:44:34.347607Z  INFO lingxi_service: request handled request_id=req-21e0c68e6302f071323399bf726194dc method=POST path=/lingxi/v1/sessions/sess_local_alpha/execute status=200
2026-09-30T02:44:34.348419Z  INFO lingxi_service::sessions: run settled through the single finalize path run_id=run_000001a0f03313ab_000577 session_id="sess_local_alpha" outcome=completed.no_final.no_provider_configured input_chars=23 input_bytes=23
2026-09-30T02:44:34.348575Z  INFO lingxi_service: request handled request_id=req-50f0ca6deddd8a1f5993a7284c9d49df method=POST path=/lingxi/v1/sessions/sess_local_alpha/execute status=200
2026-09-30T02:44:34.349369Z  INFO lingxi_service::sessions: run settled through the single finalize path run_id=run_000001a0f03313ac_000578 session_id="sess_local_alpha" outcome=completed.no_final.no_provider_configured input_chars=23 input_bytes=23
2026-09-30T02:44:34.349526Z  INFO lingxi_service: request handled request_id=req-8602c2bd5a8e9a85e106d30be9398ead method=POST path=/lingxi/v1/sessions/sess_local_alpha/execute status=200
2026-09-30T02:44:34.350287Z  INFO lingxi_service::sessions: run settled through the single finalize path run_id=run_000001a0f03313ad_000579 session_id="sess_local_alpha" outcome=completed.no_final.no_provider_configured input_chars=23 input_bytes=23
2026-09-30T02:44:34.350445Z  INFO lingxi_service: request handled request_id=req-d77e3ed5a15dd69e55de0e257bdf6eea method=POST path=/lingxi/v1/sessions/sess_local_alpha/execute status=200
2026-09-30T02:44:34.351221Z  INFO lingxi_service::sessions: run settled through the single finalize path run_id=run_000001a0f03313ae_00057a session_id="sess_local_alpha" outcome=completed.no_final.no_provider_configured input_chars=23 input_bytes=23
2026-09-30T02:44:34.351384Z  INFO lingxi_service: request handled request_id=req-ae6545fdd422a2c7ccf3a36bd6fb2a3f method=POST path=/lingxi/v1/sessions/sess_local_alpha/execute status=200
2026-09-30T02:44:34.352158Z  INFO lingxi_service::sessions: run settled through the single finalize path run_id=run_000001a0f03313af_00057b session_id="sess_local_alpha" outcome=completed.no_final.no_provider_configured input_chars=23 input_bytes=23
2026-09-30T02:44:34.352318Z  INFO lingxi_service: request handled request_id=req-c6910932f990e166c0e403806a0a5ffe method=POST path=/lingxi/v1/sessions/sess_local_alpha/execute status=200
2026-09-30T02:44:34.353128Z  INFO lingxi_service::sessions: run settled through the single finalize path run_id=run_000001a0f03313b0_00057c session_id="sess_local_alpha" outcome=completed.no_final.no_provider_configured input_chars=23 input_bytes=23
2026-09-30T02:44:34.353284Z  INFO lingxi_service: request handled request_id=req-c784043ecd85cadc467930541722ba3a method=POST path=/lingxi/v1/sessions/sess_local_alpha/execute status=200
2026-09-30T02:44:34.354047Z  INFO lingxi_service::sessions: run settled through the single finalize path run_id=run_000001a0f03313b1_00057d session_id="sess_local_alpha" outcome=completed.no_final.no_provider_configured input_chars=23 input_bytes=23
2026-09-30T02:44:34.354205Z  INFO lingxi_service: request handled request_id=req-59e5f76d95251a7a7cb89255d9407cd7 method=POST path=/lingxi/v1/sessions/sess_local_alpha/execute status=200
2026-09-30T02:44:34.354980Z  INFO lingxi_service::sessions: run settled through the single finalize path run_id=run_000001a0f03313b2_00057e session_id="sess_local_alpha" outcome=completed.no_final.no_provider_configured input_chars=23 input_bytes=23
2026-09-30T02:44:34.355136Z  INFO lingxi_service: request handled request_id=req-b5d47ece7f47c585eb37fb7aad32f468 method=POST path=/lingxi/v1/sessions/sess_local_alpha/execute status=200
2026-09-30T02:44:34.355891Z  INFO lingxi_service::sessions: run settled through the single finalize path run_id=run_000001a0f03313b3_00057f session_id="sess_local_alpha" outcome=completed.no_final.no_provider_configured input_chars=23 input_bytes=23
2026-09-30T02:44:34.356049Z  INFO lingxi_service: request handled request_id=req-a614b398c4ec8c023fe957a117c2abb1 method=POST path=/lingxi/v1/sessions/sess_local_alpha/execute status=200
2026-09-30T02:44:34.356798Z  INFO lingxi_service::sessions: run settled through the single finalize path run_id=run_000001a0f03313b4_000580 session_id="sess_local_alpha" outcome=completed.no_final.no_provider_configured input_chars=23 input_bytes=23
2026-09-30T02:44:34.356954Z  INFO lingxi_service: request handled request_id=req-4b08587bea80001d9ba3636010c02661 method=POST path=/lingxi/v1/sessions/sess_local_alpha/execute status=200
2026-09-30T02:44:34.357766Z  INFO lingxi_service::sessions: run settled through the single finalize path run_id=run_000001a0f03313b5_000581 session_id="sess_local_alpha" outcome=completed.no_final.no_provider_configured input_chars=23 input_bytes=23
2026-09-30T02:44:34.357922Z  INFO lingxi_service: request handled request_id=req-4c6669a10a023e4e27fac6388399ef01 method=POST path=/lingxi/v1/sessions/sess_local_alpha/execute status=200
2026-09-30T02:44:34.358730Z  INFO lingxi_service::sessions: run settled through the single finalize path run_id=run_000001a0f03313b6_000582 session_id="sess_local_alpha" outcome=completed.no_final.no_provider_configured input_chars=23 input_bytes=23
2026-09-30T02:44:34.358888Z  INFO lingxi_service: request handled request_id=req-b819c9fa4184f213545c1605a654b58f method=POST path=/lingxi/v1/sessions/sess_local_alpha/execute status=200
2026-09-30T02:44:34.359650Z  INFO lingxi_service::sessions: run settled through the single finalize path run_id=run_000001a0f03313b7_000583 session_id="sess_local_alpha" outcome=completed.no_final.no_provider_configured input_chars=23 input_bytes=23
2026-09-30T02:44:34.359807Z  INFO lingxi_service: request handled request_id=req-248bdbf2fca4304b4180dd700d31f974 method=POST path=/lingxi/v1/sessions/sess_local_alpha/execute status=200
2026-09-30T02:44:34.360615Z  INFO lingxi_service::sessions: run settled through the single finalize path run_id=run_000001a0f03313b8_000584 session_id="sess_local_alpha" outcome=completed.no_final.no_provider_configured input_chars=23 input_bytes=23
2026-09-30T02:44:34.360780Z  INFO lingxi_service: request handled request_id=req-9c0c24bce0c5ddcd5628f80db692616d method=POST path=/lingxi/v1/sessions/sess_local_alpha/execute status=200
2026-09-30T02:44:34.361550Z  INFO lingxi_service::sessions: run settled through the single finalize path run_id=run_000001a0f03313b9_000585 session_id="sess_local_alpha" outcome=completed.no_final.no_provider_configured input_chars=23 input_bytes=23
2026-09-30T02:44:34.361709Z  INFO lingxi_service: request handled request_id=req-43e099c7f2ec306acd083a31ed72a3d3 method=POST path=/lingxi/v1/sessions/sess_local_alpha/execute status=200
2026-09-30T02:44:34.362515Z  INFO lingxi_service::sessions: run settled through the single finalize path run_id=run_000001a0f03313ba_000586 session_id="sess_local_alpha" outcome=completed.no_final.no_provider_configured input_chars=23 input_bytes=23
2026-09-30T02:44:34.362671Z  INFO lingxi_service: request handled request_id=req-7d4588b846caaaaa55c7a19e3adc27ce method=POST path=/lingxi/v1/sessions/sess_local_alpha/execute status=200
2026-09-30T02:44:34.363437Z  INFO lingxi_service::sessions: run settled through the single finalize path run_id=run_000001a0f03313bb_000587 session_id="sess_local_alpha" outcome=completed.no_final.no_provider_configured input_chars=23 input_bytes=23
2026-09-30T02:44:34.363597Z  INFO lingxi_service: request handled request_id=req-f6981dd782b31ea4610b1a7c94e4dd89 method=POST path=/lingxi/v1/sessions/sess_local_alpha/execute status=200
2026-09-30T02:44:34.364386Z  INFO lingxi_service::sessions: run settled through the single finalize path run_id=run_000001a0f03313bb_000588 session_id="sess_local_alpha" outcome=completed.no_final.no_provider_configured input_chars=23 input_bytes=23
2026-09-30T02:44:34.364547Z  INFO lingxi_service: request handled request_id=req-e88693ddef464211d985d621efaf45fe method=POST path=/lingxi/v1/sessions/sess_local_alpha/execute status=200
2026-09-30T02:44:34.365306Z  INFO lingxi_service::sessions: run settled through the single finalize path run_id=run_000001a0f03313bc_000589 session_id="sess_local_alpha" outcome=completed.no_final.no_provider_configured input_chars=23 input_bytes=23
2026-09-30T02:44:34.365465Z  INFO lingxi_service: request handled request_id=req-28bb3fba5a2f205efdfcb0ec7ecb60f2 method=POST path=/lingxi/v1/sessions/sess_local_alpha/execute status=200
2026-09-30T02:44:34.366232Z  INFO lingxi_service::sessions: run settled through the single finalize path run_id=run_000001a0f03313bd_00058a session_id="sess_local_alpha" outcome=completed.no_final.no_provider_configured input_chars=23 input_bytes=23
2026-09-30T02:44:34.366393Z  INFO lingxi_service: request handled request_id=req-a97c62129dbb8992b424a68f515f61f7 method=POST path=/lingxi/v1/sessions/sess_local_alpha/execute status=200
2026-09-30T02:44:34.367172Z  INFO lingxi_service::sessions: run settled through the single finalize path run_id=run_000001a0f03313be_00058b session_id="sess_local_alpha" outcome=completed.no_final.no_provider_configured input_chars=23 input_bytes=23
2026-09-30T02:44:34.367330Z  INFO lingxi_service: request handled request_id=req-788ef5050ef88679fe25ca3c86b841d4 method=POST path=/lingxi/v1/sessions/sess_local_alpha/execute status=200
2026-09-30T02:44:34.368085Z  INFO lingxi_service::sessions: run settled through the single finalize path run_id=run_000001a0f03313bf_00058c session_id="sess_local_alpha" outcome=completed.no_final.no_provider_configured input_chars=23 input_bytes=23
2026-09-30T02:44:34.368244Z  INFO lingxi_service: request handled request_id=req-21c36d0e983c5af31fdd790b14bba930 method=POST path=/lingxi/v1/sessions/sess_local_alpha/execute status=200
2026-09-30T02:44:34.368978Z  INFO lingxi_service::sessions: run settled through the single finalize path run_id=run_000001a0f03313c0_00058d session_id="sess_local_alpha" outcome=completed.no_final.no_provider_configured input_chars=23 input_bytes=23
2026-09-30T02:44:34.369134Z  INFO lingxi_service: request handled request_id=req-3b3b475a9923cd06ea756c1f41f65e97 method=POST path=/lingxi/v1/sessions/sess_local_alpha/execute status=200
2026-09-30T02:44:34.369874Z  INFO lingxi_service::sessions: run settled through the single finalize path run_id=run_000001a0f03313c1_00058e session_id="sess_local_alpha" outcome=completed.no_final.no_provider_configured input_chars=23 input_bytes=23
2026-09-30T02:44:34.370032Z  INFO lingxi_service: request handled request_id=req-371d309d655aee39e47ea92adb828886 method=POST path=/lingxi/v1/sessions/sess_local_alpha/execute status=200
2026-09-30T02:44:34.370784Z  INFO lingxi_service::sessions: run settled through the single finalize path run_id=run_000001a0f03313c2_00058f session_id="sess_local_alpha" outcome=completed.no_final.no_provider_configured input_chars=23 input_bytes=23
2026-09-30T02:44:34.370941Z  INFO lingxi_service: request handled request_id=req-152b67179393eb5a988ea294b5a84c19 method=POST path=/lingxi/v1/sessions/sess_local_alpha/execute status=200
2026-09-30T02:44:34.371694Z  INFO lingxi_service::sessions: run settled through the single finalize path run_id=run_000001a0f03313c3_000590 session_id="sess_local_alpha" outcome=completed.no_final.no_provider_configured input_chars=23 input_bytes=23
2026-09-30T02:44:34.371857Z  INFO lingxi_service: request handled request_id=req-ffe5510adfb3280b30a4b4843287c4e1 method=POST path=/lingxi/v1/sessions/sess_local_alpha/execute status=200
2026-09-30T02:44:34.373107Z  INFO lingxi_service::sessions: run settled through the single finalize path run_id=run_000001a0f03313c4_000591 session_id="sess_local_alpha" outcome=completed.no_final.no_provider_configured input_chars=23 input_bytes=23
2026-09-30T02:44:34.373264Z  INFO lingxi_service: request handled request_id=req-d795022e5b2f38287b3032afca419c17 method=POST path=/lingxi/v1/sessions/sess_local_alpha/execute status=200
2026-09-30T02:44:34.374043Z  INFO lingxi_service::sessions: run settled through the single finalize path run_id=run_000001a0f03313c5_000592 session_id="sess_local_alpha" outcome=completed.no_final.no_provider_configured input_chars=23 input_bytes=23
2026-09-30T02:44:34.374201Z  INFO lingxi_service: request handled request_id=req-92eb915f05f577f118c379d9974b3794 method=POST path=/lingxi/v1/sessions/sess_local_alpha/execute status=200
2026-09-30T02:44:34.374945Z  INFO lingxi_service::sessions: run settled through the single finalize path run_id=run_000001a0f03313c6_000593 session_id="sess_local_alpha" outcome=completed.no_final.no_provider_configured input_chars=23 input_bytes=23
2026-09-30T02:44:34.375108Z  INFO lingxi_service: request handled request_id=req-5da5b15f67bb6ec5ac1ddc7753306ace method=POST path=/lingxi/v1/sessions/sess_local_alpha/execute status=200
2026-09-30T02:44:34.375856Z  INFO lingxi_service::sessions: run settled through the single finalize path run_id=run_000001a0f03313c7_000594 session_id="sess_local_alpha" outcome=completed.no_final.no_provider_configured input_chars=23 input_bytes=23
2026-09-30T02:44:34.376013Z  INFO lingxi_service: request handled request_id=req-ce31fa0f75cf44b3bed6a9f9f2658d0d method=POST path=/lingxi/v1/sessions/sess_local_alpha/execute status=200
2026-09-30T02:44:34.376743Z  INFO lingxi_service::sessions: run settled through the single finalize path run_id=run_000001a0f03313c8_000595 session_id="sess_local_alpha" outcome=completed.no_final.no_provider_configured input_chars=23 input_bytes=23
2026-09-30T02:44:34.376900Z  INFO lingxi_service: request handled request_id=req-f1934b56c0c430656e16820f7ee73b37 method=POST path=/lingxi/v1/sessions/sess_local_alpha/execute status=200
2026-09-30T02:44:34.377674Z  INFO lingxi_service::sessions: run settled through the single finalize path run_id=run_000001a0f03313c9_000596 session_id="sess_local_alpha" outcome=completed.no_final.no_provider_configured input_chars=23 input_bytes=23
2026-09-30T02:44:34.377831Z  INFO lingxi_service: request handled request_id=req-920b545beeac82f54e458b1b2146add6 method=POST path=/lingxi/v1/sessions/sess_local_alpha/execute status=200
2026-09-30T02:44:34.378617Z  INFO lingxi_service::sessions: run settled through the single finalize path run_id=run_000001a0f03313ca_000597 session_id="sess_local_alpha" outcome=completed.no_final.no_provider_configured input_chars=23 input_bytes=23
2026-09-30T02:44:34.378776Z  INFO lingxi_service: request handled request_id=req-28ffc9ebbbc5a6a145e05edd3ebaaa20 method=POST path=/lingxi/v1/sessions/sess_local_alpha/execute status=200
2026-09-30T02:44:34.379570Z  INFO lingxi_service::sessions: run settled through the single finalize path run_id=run_000001a0f03313cb_000598 session_id="sess_local_alpha" outcome=completed.no_final.no_provider_configured input_chars=23 input_bytes=23
2026-09-30T02:44:34.379732Z  INFO lingxi_service: request handled request_id=req-d8b9a59c5ee79b42f80552aff4843bd5 method=POST path=/lingxi/v1/sessions/sess_local_alpha/execute status=200
2026-09-30T02:44:34.380492Z  INFO lingxi_service::sessions: run settled through the single finalize path run_id=run_000001a0f03313cc_000599 session_id="sess_local_alpha" outcome=completed.no_final.no_provider_configured input_chars=23 input_bytes=23
2026-09-30T02:44:34.380655Z  INFO lingxi_service: request handled request_id=req-195fc7c5aae4e22f405fca2aca935e41 method=POST path=/lingxi/v1/sessions/sess_local_alpha/execute status=200
2026-09-30T02:44:34.381416Z  INFO lingxi_service::sessions: run settled through the single finalize path run_id=run_000001a0f03313cd_00059a session_id="sess_local_alpha" outcome=completed.no_final.no_provider_configured input_chars=23 input_bytes=23
2026-09-30T02:44:34.381576Z  INFO lingxi_service: request handled request_id=req-fb00f7cc6c011da1cacc8d7c44998b5a method=POST path=/lingxi/v1/sessions/sess_local_alpha/execute status=200
2026-09-30T02:44:34.382344Z  INFO lingxi_service::sessions: run settled through the single finalize path run_id=run_000001a0f03313cd_00059b session_id="sess_local_alpha" outcome=completed.no_final.no_provider_configured input_chars=23 input_bytes=23
2026-09-30T02:44:34.382504Z  INFO lingxi_service: request handled request_id=req-12cddd22b23fff1c103a18c59f17afd2 method=POST path=/lingxi/v1/sessions/sess_local_alpha/execute status=200
2026-09-30T02:44:34.383291Z  INFO lingxi_service::sessions: run settled through the single finalize path run_id=run_000001a0f03313ce_00059c session_id="sess_local_alpha" outcome=completed.no_final.no_provider_configured input_chars=23 input_bytes=23
2026-09-30T02:44:34.383451Z  INFO lingxi_service: request handled request_id=req-3dae74ae6626a73c8a8037b8376f61a0 method=POST path=/lingxi/v1/sessions/sess_local_alpha/execute status=200
2026-09-30T02:44:34.384197Z  INFO lingxi_service::sessions: run settled through the single finalize path run_id=run_000001a0f03313cf_00059d session_id="sess_local_alpha" outcome=completed.no_final.no_provider_configured input_chars=23 input_bytes=23
2026-09-30T02:44:34.384356Z  INFO lingxi_service: request handled request_id=req-ece2fccea18924c28a27c50e5c29bd09 method=POST path=/lingxi/v1/sessions/sess_local_alpha/execute status=200
2026-09-30T02:44:34.385166Z  INFO lingxi_service::sessions: run settled through the single finalize path run_id=run_000001a0f03313d0_00059e session_id="sess_local_alpha" outcome=completed.no_final.no_provider_configured input_chars=23 input_bytes=23
2026-09-30T02:44:34.385325Z  INFO lingxi_service: request handled request_id=req-0bf7d58f0359d93389172436241f9549 method=POST path=/lingxi/v1/sessions/sess_local_alpha/execute status=200
2026-09-30T02:44:34.386154Z  INFO lingxi_service::sessions: run settled through the single finalize path run_id=run_000001a0f03313d1_00059f session_id="sess_local_alpha" outcome=completed.no_final.no_provider_configured input_chars=23 input_bytes=23
2026-09-30T02:44:34.386313Z  INFO lingxi_service: request handled request_id=req-75473a34f8945c7d3c1c6099fc56058d method=POST path=/lingxi/v1/sessions/sess_local_alpha/execute status=200
2026-09-30T02:44:34.387081Z  INFO lingxi_service::sessions: run settled through the single finalize path run_id=run_000001a0f03313d2_0005a0 session_id="sess_local_alpha" outcome=completed.no_final.no_provider_configured input_chars=23 input_bytes=23
2026-09-30T02:44:34.387241Z  INFO lingxi_service: request handled request_id=req-6f519cf7b8d1a616a0c8469d8cc74143 method=POST path=/lingxi/v1/sessions/sess_local_alpha/execute status=200
2026-09-30T02:44:34.387997Z  INFO lingxi_service::sessions: run settled through the single finalize path run_id=run_000001a0f03313d3_0005a1 session_id="sess_local_alpha" outcome=completed.no_final.no_provider_configured input_chars=23 input_bytes=23
2026-09-30T02:44:34.388155Z  INFO lingxi_service: request handled request_id=req-c7a6bd175d149281c49c338c62e6ca50 method=POST path=/lingxi/v1/sessions/sess_local_alpha/execute status=200
2026-09-30T02:44:34.388902Z  INFO lingxi_service::sessions: run settled through the single finalize path run_id=run_000001a0f03313d4_0005a2 session_id="sess_local_alpha" outcome=completed.no_final.no_provider_configured input_chars=23 input_bytes=23
2026-09-30T02:44:34.389061Z  INFO lingxi_service: request handled request_id=req-2268a1dff0e2aba011bd4cbd10fc6320 method=POST path=/lingxi/v1/sessions/sess_local_alpha/execute status=200
2026-09-30T02:44:34.389867Z  INFO lingxi_service::sessions: run settled through the single finalize path run_id=run_000001a0f03313d5_0005a3 session_id="sess_local_alpha" outcome=completed.no_final.no_provider_configured input_chars=23 input_bytes=23
2026-09-30T02:44:34.390025Z  INFO lingxi_service: request handled request_id=req-0e67a691e17a656b5c9808b963a2e2ab method=POST path=/lingxi/v1/sessions/sess_local_alpha/execute status=200
2026-09-30T02:44:34.390880Z  INFO lingxi_service::sessions: run settled through the single finalize path run_id=run_000001a0f03313d6_0005a4 session_id="sess_local_alpha" outcome=completed.no_final.no_provider_configured input_chars=23 input_bytes=23
2026-09-30T02:44:34.391048Z  INFO lingxi_service: request handled request_id=req-eb62cc6b3f7b6987ee227a73e5eec3ac method=POST path=/lingxi/v1/sessions/sess_local_alpha/execute status=200
2026-09-30T02:44:34.391852Z  INFO lingxi_service::sessions: run settled through the single finalize path run_id=run_000001a0f03313d7_0005a5 session_id="sess_local_alpha" outcome=completed.no_final.no_provider_configured input_chars=23 input_bytes=23
2026-09-30T02:44:34.392013Z  INFO lingxi_service: request handled request_id=req-539fad84b76836a44eb088aeda698e5a method=POST path=/lingxi/v1/sessions/sess_local_alpha/execute status=200
2026-09-30T02:44:34.392771Z  INFO lingxi_service::sessions: run settled through the single finalize path run_id=run_000001a0f03313d8_0005a6 session_id="sess_local_alpha" outcome=completed.no_final.no_provider_configured input_chars=23 input_bytes=23
2026-09-30T02:44:34.392931Z  INFO lingxi_service: request handled request_id=req-805c44f7c15c3c75283002208564b873 method=POST path=/lingxi/v1/sessions/sess_local_alpha/execute status=200
2026-09-30T02:44:34.393682Z  INFO lingxi_service::sessions: run settled through the single finalize path run_id=run_000001a0f03313d9_0005a7 session_id="sess_local_alpha" outcome=completed.no_final.no_provider_configured input_chars=23 input_bytes=23
2026-09-30T02:44:34.393843Z  INFO lingxi_service: request handled request_id=req-92194bad1d07899efb606bafa6a0a948 method=POST path=/lingxi/v1/sessions/sess_local_alpha/execute status=200
2026-09-30T02:44:34.394610Z  INFO lingxi_service::sessions: run settled through the single finalize path run_id=run_000001a0f03313da_0005a8 session_id="sess_local_alpha" outcome=completed.no_final.no_provider_configured input_chars=23 input_bytes=23
2026-09-30T02:44:34.394768Z  INFO lingxi_service: request handled request_id=req-669a7bd094e3a4b9df4d15b5bf8a16fd method=POST path=/lingxi/v1/sessions/sess_local_alpha/execute status=200
2026-09-30T02:44:34.395563Z  INFO lingxi_service::sessions: run settled through the single finalize path run_id=run_000001a0f03313db_0005a9 session_id="sess_local_alpha" outcome=completed.no_final.no_provider_configured input_chars=23 input_bytes=23
2026-09-30T02:44:34.395727Z  INFO lingxi_service: request handled request_id=req-78eae9741649fa67b3b3f1a8f66e21a2 method=POST path=/lingxi/v1/sessions/sess_local_alpha/execute status=200
2026-09-30T02:44:34.396481Z  INFO lingxi_service::sessions: run settled through the single finalize path run_id=run_000001a0f03313dc_0005aa session_id="sess_local_alpha" outcome=completed.no_final.no_provider_configured input_chars=23 input_bytes=23
2026-09-30T02:44:34.396640Z  INFO lingxi_service: request handled request_id=req-3b8085218adf43a4a1f636751d1926da method=POST path=/lingxi/v1/sessions/sess_local_alpha/execute status=200
2026-09-30T02:44:34.397398Z  INFO lingxi_service::sessions: run settled through the single finalize path run_id=run_000001a0f03313dc_0005ab session_id="sess_local_alpha" outcome=completed.no_final.no_provider_configured input_chars=23 input_bytes=23
2026-09-30T02:44:34.397559Z  INFO lingxi_service: request handled request_id=req-43a91659e408bfc28d63096ecc27c51a method=POST path=/lingxi/v1/sessions/sess_local_alpha/execute status=200
2026-09-30T02:44:34.398451Z  INFO lingxi_service::sessions: run settled through the single finalize path run_id=run_000001a0f03313de_0005ac session_id="sess_local_alpha" outcome=completed.no_final.no_provider_configured input_chars=23 input_bytes=23
2026-09-30T02:44:34.398614Z  INFO lingxi_service: request handled request_id=req-58cf9a41475579d3d19f8012bc16c4d5 method=POST path=/lingxi/v1/sessions/sess_local_alpha/execute status=200
2026-09-30T02:44:34.399379Z  INFO lingxi_service::sessions: run settled through the single finalize path run_id=run_000001a0f03313de_0005ad session_id="sess_local_alpha" outcome=completed.no_final.no_provider_configured input_chars=23 input_bytes=23
2026-09-30T02:44:34.399540Z  INFO lingxi_service: request handled request_id=req-8da78f854ce2bc16ef3f6dfcbedb46a6 method=POST path=/lingxi/v1/sessions/sess_local_alpha/execute status=200
2026-09-30T02:44:34.400325Z  INFO lingxi_service::sessions: run settled through the single finalize path run_id=run_000001a0f03313df_0005ae session_id="sess_local_alpha" outcome=completed.no_final.no_provider_configured input_chars=23 input_bytes=23
2026-09-30T02:44:34.400484Z  INFO lingxi_service: request handled request_id=req-f73330332af2254bd1f8f7e94d15f7cd method=POST path=/lingxi/v1/sessions/sess_local_alpha/execute status=200
2026-09-30T02:44:34.401235Z  INFO lingxi_service::sessions: run settled through the single finalize path run_id=run_000001a0f03313e0_0005af session_id="sess_local_alpha" outcome=completed.no_final.no_provider_configured input_chars=23 input_bytes=23
2026-09-30T02:44:34.401395Z  INFO lingxi_service: request handled request_id=req-7fa3273c5e575f1ddfc27cfd09f9efdc method=POST path=/lingxi/v1/sessions/sess_local_alpha/execute status=200
2026-09-30T02:44:34.402130Z  INFO lingxi_service::sessions: run settled through the single finalize path run_id=run_000001a0f03313e1_0005b0 session_id="sess_local_alpha" outcome=completed.no_final.no_provider_configured input_chars=23 input_bytes=23
2026-09-30T02:44:34.402289Z  INFO lingxi_service: request handled request_id=req-170a2ed7c8098839272ffc9b5e0906b1 method=POST path=/lingxi/v1/sessions/sess_local_alpha/execute status=200
2026-09-30T02:44:34.403051Z  INFO lingxi_service::sessions: run settled through the single finalize path run_id=run_000001a0f03313e2_0005b1 session_id="sess_local_alpha" outcome=completed.no_final.no_provider_configured input_chars=23 input_bytes=23
2026-09-30T02:44:34.403211Z  INFO lingxi_service: request handled request_id=req-b4471917c402954e1357d7c61e2c803b method=POST path=/lingxi/v1/sessions/sess_local_alpha/execute status=200
2026-09-30T02:44:34.403953Z  INFO lingxi_service::sessions: run settled through the single finalize path run_id=run_000001a0f03313e3_0005b2 session_id="sess_local_alpha" outcome=completed.no_final.no_provider_configured input_chars=23 input_bytes=23
2026-09-30T02:44:34.404112Z  INFO lingxi_service: request handled request_id=req-be77505b75609191f7046bbbf2d5e2a5 method=POST path=/lingxi/v1/sessions/sess_local_alpha/execute status=200
2026-09-30T02:45:04.432627Z  INFO lingxi_service: request handled request_id=req-cc0f800d47a66fbce4822870ce005d43 method=GET path=/lingxi/v1/sessions/sess_local_alpha/events status=200
2026-09-30T02:45:04.449551Z  INFO lingxi_service: request handled request_id=req-bd9cdd7a88cb0801a2fa532e34bcb045 method=GET path=/lingxi/v1/sessions/sess_local_alpha/events status=200
2026-09-30T02:45:04.462978Z  INFO lingxi_service: request handled request_id=req-7204e53ead301495069a8610d6113c51 method=GET path=/lingxi/v1/sessions/sess_local_alpha/events status=200
2026-09-30T02:45:04.474889Z  INFO lingxi_service: request handled request_id=req-29d5d8fbd769150c4d7e46b2bc456a0d method=GET path=/lingxi/v1/sessions/sess_local_alpha/events status=200
2026-09-30T02:45:04.485800Z  INFO lingxi_service: request handled request_id=req-ee9e8e83f2c8e748c6923c00553855f2 method=GET path=/lingxi/v1/sessions/sess_local_alpha/events status=200
2026-09-30T02:45:04.494818Z  INFO lingxi_service: request handled request_id=req-d1dd5a98653a8be86f6ff3f741bf88b0 method=GET path=/lingxi/v1/sessions/sess_local_alpha/events status=200
2026-09-30T02:45:04.737070Z  WARN lingxi_service: ws session read failed err=Connection reset by peer (os error 54)
2026-09-30T02:45:05.721306Z  INFO lingxi_service: shutdown signal: SIGTERM
2026-09-30T02:45:05.723508Z  INFO lingxi_service::shutdown: run database closed (drained, WAL truncated) phase=storage_close
2026-09-30T02:45:05.723820Z  INFO lingxi_service::shutdown: own instance record removed, lock released phase=record_cleanup
2026-09-30T02:45:05.723909Z  INFO lingxi_service: lingxi-service stopped cleanly (run database closed, own record removed, lock released)
