# binding-exclusion: artifacts/rust-tauri/R05/T01/verify-R04/R03_REGRESSION/R02/A16/legacy-entry/** — this gate's own run-time evidence output subtree (runner output, never candidate source); applied symmetrically to BOTH the main-repo binding and the candidate-copy binding (E0 mirror compare)
f5b0981175fe9bd307c7bb4e8dcb8490cfa58585d62d9c3e2f7eb03e4e875e54  ??  artifacts/rust-tauri/R05/ENTRY-01/verify-R04/R03_REGRESSION/A15/cases/background-run-completes-decoupled.json
fda5f46e011354371ff149d97818d48d3b78dca205e17e8a7b39dba1cb4013e6  ??  artifacts/rust-tauri/R05/ENTRY-01/verify-R04/R03_REGRESSION/A15/cases/background-survives-unrelated-cancel.json
92eebd1162583e5ed42a8e61a80b5c84e94753ed6562c35c930ebb65f6e23f01  ??  artifacts/rust-tauri/R05/ENTRY-01/verify-R04/R03_REGRESSION/A15/cases/cancel-live-run-accepted-terminal-cancelled.json
edc380e78d3b8f95b51f12c2bbfcb702760327da3f20bd6c9f456b5c7e0934de  ??  artifacts/rust-tauri/R05/ENTRY-01/verify-R04/R03_REGRESSION/A15/cases/cancel-terminal-run-already-terminal.json
e320e539d701e4f285fcff1a42629b28016fa5f103e77fccb5c1ddf921155742  ??  artifacts/rust-tauri/R05/ENTRY-01/verify-R04/R03_REGRESSION/A15/cases/cancel-unknown-run-not-found.json
a513a19cd5ca9bc857d2e01c9be7ec61e3e5677e7d1948db618b31fb7aba127a  ??  artifacts/rust-tauri/R05/ENTRY-01/verify-R04/R03_REGRESSION/A15/cases/cancel-waiting-approval-cancels-cleanly.json
602b436fbd1f0de778ca086853030197fe28a3fde1a5f694ebea64e4f8779c8a  ??  artifacts/rust-tauri/R05/ENTRY-01/verify-R04/R03_REGRESSION/A15/cases/combo-cancel-stream-terminal-cancelled.json
b24ff9cdbb08092492dd68815bdf3c4a6f38c8e2a42cd79c30abbfcacdfef745  ??  artifacts/rust-tauri/R05/ENTRY-01/verify-R04/R03_REGRESSION/A15/cases/combo-crash-recovery-honest-interrupted.json
d9e8dea9429b0f0c9fc86be7f31dcd96b4b227e1174dcdea6d1f00b177ec2987  ??  artifacts/rust-tauri/R05/ENTRY-01/verify-R04/R03_REGRESSION/A15/cases/combo-cross-session-both-complete.json
106bebd1aa293f120bb83f22b33de1e19ae817a4963587e2ee17be8731293349  ??  artifacts/rust-tauri/R05/ENTRY-01/verify-R04/R03_REGRESSION/A15/cases/combo-duplicate-conflict-rejected.json
eafb37ffcb4d76d45d58a64d80d9ef413064c1f979d64ba1cc2e609d147963fc  ??  artifacts/rust-tauri/R05/ENTRY-01/verify-R04/R03_REGRESSION/A15/cases/combo-duplicate-replay-no-second-run.json
346e6cb6ae16f125e4bbfdbf24d2bbcf63c92fa9642b2676fa06a78bfa1e8fdb  ??  artifacts/rust-tauri/R05/ENTRY-01/verify-R04/R03_REGRESSION/A15/cases/combo-events-subscriber-saw-terminal.json
97a0c8f8404d1c042f8f7efd240d5d5f5446103b21bcccf9c5c90461b6082043  ??  artifacts/rust-tauri/R05/ENTRY-01/verify-R04/R03_REGRESSION/A15/cases/combo-multi-tool-three-calls.json
aa936466e694a90f4087b7ae928f7c9b96ae1450073774fcb29d177dfa59c7b6  ??  artifacts/rust-tauri/R05/ENTRY-01/verify-R04/R03_REGRESSION/A15/cases/combo-multi-turn-one-terminal.json
f7bdd9e301d37d6a062e13225cfc84d7e96c1f88cd75d34e300ab00dd0fad0a0  ??  artifacts/rust-tauri/R05/ENTRY-01/verify-R04/R03_REGRESSION/A15/cases/combo-normal-run-completed.json
51d8bd26cb2f29bee74097b5ef9a36e3389a56a1c7127e86fa36d75a8106659e  ??  artifacts/rust-tauri/R05/ENTRY-01/verify-R04/R03_REGRESSION/A15/cases/combo-out-of-order-late-result-fenced.json
e18f1fcb5cc4af47da6184707fb88e0c0ed656f1fafffe8020a3001c9826c931  ??  artifacts/rust-tauri/R05/ENTRY-01/verify-R04/R03_REGRESSION/A15/cases/combo-timeout-budget-loud-failure.json
ccbc0f5c630f404851ca1c561fd5c73421ba9b217ceeff29973b263f05e30888  ??  artifacts/rust-tauri/R05/ENTRY-01/verify-R04/R03_REGRESSION/A15/cases/parent-cancel-stops-child-run.json
d72d7e1151ea38a4eeb9ad435aa66dc376039e41ff714f9f550e1f2c8934585a  ??  artifacts/rust-tauri/R05/ENTRY-01/verify-R04/R03_REGRESSION/A15/cases/reconnect-resume-no-model-restart.json
5d89ed42d309bfcfd13956b901f209eb432200e88c2ae1eea74d6eaffe625b2a  ??  artifacts/rust-tauri/R05/ENTRY-01/verify-R04/R03_REGRESSION/A15/cases/steer-busy-accepted.json
360ccd0c00f5114974f5f2967860d1c339a2e2baa808a2f5dca49f334fe0d386  ??  artifacts/rust-tauri/R05/ENTRY-01/verify-R04/R03_REGRESSION/A15/cases/steer-idle-miss.json
d00e58227225a313e612b18019d7f95a07382b0426ab7fbeb39bc4b05b740cc5  ??  artifacts/rust-tauri/R05/ENTRY-01/verify-R04/R03_REGRESSION/A15/cases/steer-text-drained-into-model-input.json
1d91fbec57470aebfedf338d49c5109fdd0216e02d720737ed53335eb06ae4c8  ??  artifacts/rust-tauri/R05/ENTRY-01/verify-R04/R03_REGRESSION/A15/cases/subagent-child-cancel-stops-child-only.json
25c6b5b26b72b0a4408db94f4f0e40b77faa84d32ccfeaffaf04e29fb20c07c9  ??  artifacts/rust-tauri/R05/ENTRY-01/verify-R04/R03_REGRESSION/A15/cases/subagent-close-thread-closed-status.json
c8d7de61de38e7dfa38ea3376602da5c50882e6d6238c3a1ff61b6ac7df04418  ??  artifacts/rust-tauri/R05/ENTRY-01/verify-R04/R03_REGRESSION/A15/cases/subagent-dispatch-child-lineage-recorded.json
dce5bbb9b54961ee64c8634f90f4f2600975918f6a2590b57b7b28dd425016bd  ??  artifacts/rust-tauri/R05/ENTRY-01/verify-R04/R03_REGRESSION/A15/cases/subagent-escalation-write-denied-zero-children.json
dcd19d358a8a5e560042eee304f1f5460d1c79ba1a64d611fb1007b830562010  ??  artifacts/rust-tauri/R05/ENTRY-01/verify-R04/R03_REGRESSION/A15/cases/subagent-policy-proactive-delegation-default-off.json
ffef3903ae224f661b415622ed9c76da5e265c01a9c15b867f429c1f6d10ef15  ??  artifacts/rust-tauri/R05/ENTRY-01/verify-R04/R03_REGRESSION/A15/cases/subagent-reply-continues-thread.json
d097c60f1416e1febc17bd0959b1c9252ca9be86b6a1e982d42d9240a38b107e  ??  artifacts/rust-tauri/R05/ENTRY-01/verify-R04/R03_REGRESSION/A15/combo-counts.json
4c56fd82542a56017ef5e59d3b0c9752ede52032f31f31c24c2de458153ad296  ??  artifacts/rust-tauri/R05/ENTRY-01/verify-R04/R03_REGRESSION/A15/combos/cancel-approval-wait.json
f861ce9b1dbe64f781134bae916b9c8f2503f4ad8572e98bfc18d180a4e35e33  ??  artifacts/rust-tauri/R05/ENTRY-01/verify-R04/R03_REGRESSION/A15/combos/cancel-stream-read.json
76b74d822e65d068718af971eb29865cc4891a50d128a35b0bc955cc3b6b65a2  ??  artifacts/rust-tauri/R05/ENTRY-01/verify-R04/R03_REGRESSION/A15/combos/crash-recovery.json
ef5545b54a472c39f9b09d995f9ba2e3671618a56d4de3eb7fe4fad24d81f22b  ??  artifacts/rust-tauri/R05/ENTRY-01/verify-R04/R03_REGRESSION/A15/combos/cross-session-parallel.json
7f7fd9a6f050ba6811d5b1d7313d11473f92089a4ec0fd2335779e99b59cdaa1  ??  artifacts/rust-tauri/R05/ENTRY-01/verify-R04/R03_REGRESSION/A15/combos/duplicate-submission.json
fc9b468ae0f2bd2cfff1a3ead3ba02756e59e73dc0c0a0ebb5142456d1ae38a8  ??  artifacts/rust-tauri/R05/ENTRY-01/verify-R04/R03_REGRESSION/A15/combos/leaf-parent-cancel.json
a59635405b3569b1c0c950cb282ecf3749923b36c6b1b5e4d3d21fc3f4458102  ??  artifacts/rust-tauri/R05/ENTRY-01/verify-R04/R03_REGRESSION/A15/combos/leaf-steer.json
fd60e4ca043c4073ddf838b3f0fe918436ede45ff7765efc8f1cad42821186f4  ??  artifacts/rust-tauri/R05/ENTRY-01/verify-R04/R03_REGRESSION/A15/combos/multi-tool.json
075cad25ce0207f3b49138b8d415d0db78da1005207b2f64d282b478bffa44ae  ??  artifacts/rust-tauri/R05/ENTRY-01/verify-R04/R03_REGRESSION/A15/combos/multi-turn-model.json
f94832aef81d68346dd1b25b1ad7312d6bc141a69a616a218b640aa170fbebcb  ??  artifacts/rust-tauri/R05/ENTRY-01/verify-R04/R03_REGRESSION/A15/combos/normal.json
44f5b48c4f288ee214f7053e16857997f1fb66a6be241466141301a16c6872e7  ??  artifacts/rust-tauri/R05/ENTRY-01/verify-R04/R03_REGRESSION/A15/combos/timeout-budget.json
505ecfbac3942739846be3a188cabea9d26c9641628253767c5457bdff2ab44f  ??  artifacts/rust-tauri/R05/ENTRY-01/verify-R04/R03_REGRESSION/A15/leaf-cases.json
bdaad3ebf5ff0689f1652a4b7c24716f5b0138db8876d8941ceb6bbe390650fa  ??  artifacts/rust-tauri/R05/ENTRY-01/verify-R04/R03_REGRESSION/A15/summary.txt
0c45a37d00f1f08be9bb2ca13e6a6ce5419c347741f26aac2b8f99cd184a40c2  ??  artifacts/rust-tauri/R05/ENTRY-01/verify-R04/R03_REGRESSION/A16/summary.txt
5f7ef4991d4afea16fd8cd437d0e0b02f6b194f957746a7850b621807b94391e  ??  artifacts/rust-tauri/R05/ENTRY-01/verify-R04/R03_REGRESSION/G07_REPAIR/cases.jsonl
e3b0c44298fc1c149afbf4c8996fb92427ae41e4649b934ca495991b7852b855  ??  artifacts/rust-tauri/R05/ENTRY-01/verify-R04/R03_REGRESSION/G07_REPAIR/gaps.txt
1f29d43f2cf02b52219bc351e44642ea8aea0b0d413dd9064dac814574a7deff  ??  artifacts/rust-tauri/R05/ENTRY-01/verify-R04/R03_REGRESSION/G07_REPAIR/repair-cases.json
5df7a3de271b9e0346ecab24934c0ab10069d2d5ccf2a8abc6c612303c536ee6  ??  artifacts/rust-tauri/R05/ENTRY-01/verify-R04/R03_REGRESSION/G07_REPAIR/summary.txt
043a76f043dd80f4bcd6c207abde2842fa4fb5db0f7f26cd6947ea86753f5c23  ??  artifacts/rust-tauri/R05/ENTRY-01/verify-R04/R03_REGRESSION/R02/A05_A06/.last-body
1319bbe558a1a9043433da92529bc8c24d2b6fbcabc962836a938e946e273399  ??  artifacts/rust-tauri/R05/ENTRY-01/verify-R04/R03_REGRESSION/R02/A05_A06/body-limit.txt
c0c19dff508a998f0c6e1fbf2643c2d78647cd6495bc53c57d2566877a3abc0b  ??  artifacts/rust-tauri/R05/ENTRY-01/verify-R04/R03_REGRESSION/R02/A05_A06/cli-sessions-limit-case.json
ace319dcb6a6e61133df6c5f369e48d00457fa27a5a1d197f56cb8b3104a50d1  ??  artifacts/rust-tauri/R05/ENTRY-01/verify-R04/R03_REGRESSION/R02/A05_A06/creds-after-authz.json
059a2752dffe861cf3e4be194ef93ec86fff350696be158669b803cec3ab91dc  ??  artifacts/rust-tauri/R05/ENTRY-01/verify-R04/R03_REGRESSION/R02/A05_A06/creds-before-authz.json
275be79f6efdfa583691c72407f57fdc084263a322e0a28fa64ee88f12e6ce4b  ??  artifacts/rust-tauri/R05/ENTRY-01/verify-R04/R03_REGRESSION/R02/A05_A06/devices-after-authz.json
99e2e3a36e25e17f9b7d73fc2cf02b0f9e6555cc3e67b297498903129ad0b3fd  ??  artifacts/rust-tauri/R05/ENTRY-01/verify-R04/R03_REGRESSION/R02/A05_A06/devices-before-authz.json
2a4b78bc47bbee861db41ad29ad1f23f620d2935e62a2f59dd756b3039e11999  ??  artifacts/rust-tauri/R05/ENTRY-01/verify-R04/R03_REGRESSION/R02/A05_A06/leaf-cases.json
989ed55a41ca368de6362ee967923abcfdf75a4efbcd3485981eb5156060cc14  ??  artifacts/rust-tauri/R05/ENTRY-01/verify-R04/R03_REGRESSION/R02/A05_A06/leaf-cases.ndjson
13fb69c278344aed88953384688e4f6f94760d788e127771754729c969bc94ed  ??  artifacts/rust-tauri/R05/ENTRY-01/verify-R04/R03_REGRESSION/R02/A05_A06/me-denied-after.sha256
13fb69c278344aed88953384688e4f6f94760d788e127771754729c969bc94ed  ??  artifacts/rust-tauri/R05/ENTRY-01/verify-R04/R03_REGRESSION/R02/A05_A06/me-denied-before.sha256
9901fa4939e8c0683cc392787126273c429530490fdebe18e68d1ad0c6fc2459  ??  artifacts/rust-tauri/R05/ENTRY-01/verify-R04/R03_REGRESSION/R02/A05_A06/sessions-list-matrix.json
2f53159d3e5265c3a2602444e1396f851cd0adc99fd0992babc2c2f5258fc88a  ??  artifacts/rust-tauri/R05/ENTRY-01/verify-R04/R03_REGRESSION/R02/A05_A06/state-after-authn.txt
39a93efc1d5237e0ae0daf716fae91f7baec75053f1bb25685552ac2c7f8c33b  ??  artifacts/rust-tauri/R05/ENTRY-01/verify-R04/R03_REGRESSION/R02/A05_A06/state-after.txt
2f53159d3e5265c3a2602444e1396f851cd0adc99fd0992babc2c2f5258fc88a  ??  artifacts/rust-tauri/R05/ENTRY-01/verify-R04/R03_REGRESSION/R02/A05_A06/state-before-authz.txt
2f53159d3e5265c3a2602444e1396f851cd0adc99fd0992babc2c2f5258fc88a  ??  artifacts/rust-tauri/R05/ENTRY-01/verify-R04/R03_REGRESSION/R02/A05_A06/state-before.txt
2b1f984857773768a4873d987fe727a1747ecbed3c7a8604b2322b5ee3061d97  ??  artifacts/rust-tauri/R05/ENTRY-01/verify-R04/R03_REGRESSION/R02/A05_A06/summary.txt
595d511d3edaeccccab3c7fec61f0a72489f04c3ad0dfc954274f6309170be19  ??  artifacts/rust-tauri/R05/ENTRY-01/verify-R04/R03_REGRESSION/R02/A05_A06/ws-matrix.json
a9e79e6742975e5aae0eb6de04534b67c186797970da93af24e3a9e5d405c6d2  ??  artifacts/rust-tauri/R05/ENTRY-01/verify-R04/R03_REGRESSION/R02/A07_A08/last-db-hashes.txt
e613a984930f45c73fa5aa79af6955b0ac56faa30868e1da85d84a96a180eee3  ??  artifacts/rust-tauri/R05/ENTRY-01/verify-R04/R03_REGRESSION/R02/A07_A08/s1-counts-after-stop.json
6e11d3157e36f2f24de72943cc5df97aec8475c1e95a29c6fed9cc451e41da10  ??  artifacts/rust-tauri/R05/ENTRY-01/verify-R04/R03_REGRESSION/R02/A07_A08/s2-counts-after-crash.json
b60a20eb725da78295aea3239f0a670438f90de6b4d0feab64d1d5edf94280ea  ??  artifacts/rust-tauri/R05/ENTRY-01/verify-R04/R03_REGRESSION/R02/A07_A08/s2-runs-dump.jsonl
60c0ccc673185781785a4d142e28ac75c0a16fb96a59501a9364a8b2bc7852c5  ??  artifacts/rust-tauri/R05/ENTRY-01/verify-R04/R03_REGRESSION/R02/A07_A08/s3-fault.err
e3b0c44298fc1c149afbf4c8996fb92427ae41e4649b934ca495991b7852b855  ??  artifacts/rust-tauri/R05/ENTRY-01/verify-R04/R03_REGRESSION/R02/A07_A08/s3-fault.out
72d0cf3cd015f623d0faea2949580c23250b8b561c02294e32d531bdb86fbfb0  ??  artifacts/rust-tauri/R05/ENTRY-01/verify-R04/R03_REGRESSION/R02/A07_A08/s4-hashes-after.txt
72d0cf3cd015f623d0faea2949580c23250b8b561c02294e32d531bdb86fbfb0  ??  artifacts/rust-tauri/R05/ENTRY-01/verify-R04/R03_REGRESSION/R02/A07_A08/s4-hashes-before.txt
d91060d0248d9ec45204f2fd7b74bf032fcc376fbd792d5eefad907cce2139c6  ??  artifacts/rust-tauri/R05/ENTRY-01/verify-R04/R03_REGRESSION/R02/A07_A08/s4-migrations-round1.json
d91060d0248d9ec45204f2fd7b74bf032fcc376fbd792d5eefad907cce2139c6  ??  artifacts/rust-tauri/R05/ENTRY-01/verify-R04/R03_REGRESSION/R02/A07_A08/s4-migrations-round2.json
d91060d0248d9ec45204f2fd7b74bf032fcc376fbd792d5eefad907cce2139c6  ??  artifacts/rust-tauri/R05/ENTRY-01/verify-R04/R03_REGRESSION/R02/A07_A08/s4-migrations-round3.json
22c2333435dcf6806dddef7cadbeaeade9ee55359eac952913c13c2a4bd4423d  ??  artifacts/rust-tauri/R05/ENTRY-01/verify-R04/R03_REGRESSION/R02/A07_A08/service-s1.err
41d2a93d10194422196e7a7fe93173ac1700bf557df2e252384e0c6eea34e0a4  ??  artifacts/rust-tauri/R05/ENTRY-01/verify-R04/R03_REGRESSION/R02/A07_A08/service-s1.out
363a9060cad38ca5785e0f1df569715835d288e23cdf745a93a01935164175b7  ??  artifacts/rust-tauri/R05/ENTRY-01/verify-R04/R03_REGRESSION/R02/A07_A08/service-s1b.err
1714bcb4edc48467c9375e7c632c83d5d788c07b606d0444290ab6f29c9d7757  ??  artifacts/rust-tauri/R05/ENTRY-01/verify-R04/R03_REGRESSION/R02/A07_A08/service-s1b.out
16589d45e531a47912c10c10a03154487a987a462d86ebf5936bfbc8f07703bf  ??  artifacts/rust-tauri/R05/ENTRY-01/verify-R04/R03_REGRESSION/R02/A07_A08/service-s2.err
123a853cfbfb922c391c83cd29c109ef6d07a7d7dde92a9c2fa503c879577a98  ??  artifacts/rust-tauri/R05/ENTRY-01/verify-R04/R03_REGRESSION/R02/A07_A08/service-s2.out
076f982396508aad4b55b7ad842ca6478c38617da306b221f4cb4d1b9cd35923  ??  artifacts/rust-tauri/R05/ENTRY-01/verify-R04/R03_REGRESSION/R02/A07_A08/service-s2b.err
797453db5d31e6027940b1e5246dd94e706481b46d9e847aad5373e0cde3e2e8  ??  artifacts/rust-tauri/R05/ENTRY-01/verify-R04/R03_REGRESSION/R02/A07_A08/service-s2b.out
8b0d0b438f5fdcee0ad6a595d50418331c5f130aadb7e8c22a601c7d28f0aebe  ??  artifacts/rust-tauri/R05/ENTRY-01/verify-R04/R03_REGRESSION/R02/A07_A08/service-s4-1.err
0ca59146724b4979aa9fb37a53a254a7c092c501c8c3b723b790eebf5203c7b3  ??  artifacts/rust-tauri/R05/ENTRY-01/verify-R04/R03_REGRESSION/R02/A07_A08/service-s4-1.out
c56959d94d802c3628a5c6218a2e27abfe7b6aee1df10099f235624b2327b8a6  ??  artifacts/rust-tauri/R05/ENTRY-01/verify-R04/R03_REGRESSION/R02/A07_A08/service-s4-2.err
eedc7eb303c022811906449b5b47ecacfae04d35c955b4172d480e594a3d7bb6  ??  artifacts/rust-tauri/R05/ENTRY-01/verify-R04/R03_REGRESSION/R02/A07_A08/service-s4-2.out
4bf22a5193a15adff50bfe8797d4577a8f3bed175139f7534d1e207d9d4b6201  ??  artifacts/rust-tauri/R05/ENTRY-01/verify-R04/R03_REGRESSION/R02/A07_A08/service-s4-3.err
ee1426e3328e2e11292205a41859361853e294b73d56f3d4e6f27bb4461c704a  ??  artifacts/rust-tauri/R05/ENTRY-01/verify-R04/R03_REGRESSION/R02/A07_A08/service-s4-3.out
e30bec7408aa1693e53c1a3c778fc88d2b2258882bb1eacd9ee20c1601879ba5  ??  artifacts/rust-tauri/R05/ENTRY-01/verify-R04/R03_REGRESSION/R02/A07_A08/service.addr
c6762a7029b37816566f9dd45a34a496f63f0828d2b1a5fadbe09ef3a0239252  ??  artifacts/rust-tauri/R05/ENTRY-01/verify-R04/R03_REGRESSION/R02/A07_A08/service.pid
ef0c69072110e13bcf354619c10a98d842e8e82779465f9daa468de30a268a6b  ??  artifacts/rust-tauri/R05/ENTRY-01/verify-R04/R03_REGRESSION/R02/A07_A08/summary.txt
5a57aa124e7f85f0a0f738f3bafada308abb746a643a4f73f84d8d97f64c46d2  ??  artifacts/rust-tauri/R05/ENTRY-01/verify-R04/R03_REGRESSION/R02/A09_A10/a09-merged-view.json
16cec951944a25fbd345858dc28a4910374732792b268e6e556009c9b111e465  ??  artifacts/rust-tauri/R05/ENTRY-01/verify-R04/R03_REGRESSION/R02/A09_A10/a10-rebuild-diff.json
dbd692c252acb4fb84569899583c4ac94bab31e18b85794ddd6c7a406e658c28  ??  artifacts/rust-tauri/R05/ENTRY-01/verify-R04/R03_REGRESSION/R02/A09_A10/key-events-dump.json
22d095ef067e4a1194fc9ea7cc76278066a46b950893a6d6d6531a1cb9ed4ed8  ??  artifacts/rust-tauri/R05/ENTRY-01/verify-R04/R03_REGRESSION/R02/A09_A10/matrix.json
8f946ae77a25ea9725ad2b19c91d2b7f896c0fa537033ff8d1557abbf910c691  ??  artifacts/rust-tauri/R05/ENTRY-01/verify-R04/R03_REGRESSION/R02/A09_A10/probe-matrix.jsonl
67db0c187db4c4e3f9ebd70e79098f599d8db8dcd19a845b1f6d6a7bd0d182b9  ??  artifacts/rust-tauri/R05/ENTRY-01/verify-R04/R03_REGRESSION/R02/A09_A10/service.err
81e64125cecf94ea6c09555a4f511bb5b71915f5497770fe56689ed661a06396  ??  artifacts/rust-tauri/R05/ENTRY-01/verify-R04/R03_REGRESSION/R02/A09_A10/service.out
f16c474b0cfc5e526f1a5352b25383b1f0cc35078677f16e9c300e7bb236c7e4  ??  artifacts/rust-tauri/R05/ENTRY-01/verify-R04/R03_REGRESSION/R02/A09_A10/summary.txt
dd63f79ce1a39fdef735dbb9eb292c3f8a45db77c2513d3cc7379e5dbe13749e  ??  artifacts/rust-tauri/R05/ENTRY-01/verify-R04/R03_REGRESSION/R02/A11/backup-restore/s1-backup-dir-listing.txt
aeaa5a017ace28b0aebda9331e3c8aac82d0d12610dacabf8247ce28103bf75e  ??  artifacts/rust-tauri/R05/ENTRY-01/verify-R04/R03_REGRESSION/R02/A11/backup-restore/s1-backup-outcome.json
e3b0c44298fc1c149afbf4c8996fb92427ae41e4649b934ca495991b7852b855  ??  artifacts/rust-tauri/R05/ENTRY-01/verify-R04/R03_REGRESSION/R02/A11/backup-restore/s1-backup.err
5b6a2f8ce8e969b17f270cfdaa29f292f457bed6b4a448716841a862388de22f  ??  artifacts/rust-tauri/R05/ENTRY-01/verify-R04/R03_REGRESSION/R02/A11/backup-restore/s1-restore-outcome.json
e3b0c44298fc1c149afbf4c8996fb92427ae41e4649b934ca495991b7852b855  ??  artifacts/rust-tauri/R05/ENTRY-01/verify-R04/R03_REGRESSION/R02/A11/backup-restore/s1-restore.err
8a8c60ab3ad89e528f241e949e942275a953204c636e4c443d92f208794a2564  ??  artifacts/rust-tauri/R05/ENTRY-01/verify-R04/R03_REGRESSION/R02/A11/backup-restore/s1-restored-dump.jsonl
d6989f4cb035f3b8e89b867d8550f1e866c6b4a7b9a204bc3e13964ce2d6ec07  ??  artifacts/rust-tauri/R05/ENTRY-01/verify-R04/R03_REGRESSION/R02/A11/backup-restore/s1-restored-hash.txt
8a8c60ab3ad89e528f241e949e942275a953204c636e4c443d92f208794a2564  ??  artifacts/rust-tauri/R05/ENTRY-01/verify-R04/R03_REGRESSION/R02/A11/backup-restore/s1-source-dump.jsonl
9b59f54006fa70703e8ac320287b37c111457a8f1c654c01030da3810edf6484  ??  artifacts/rust-tauri/R05/ENTRY-01/verify-R04/R03_REGRESSION/R02/A11/backup-restore/s1-source-hash.txt
951e1f2cedf4a978898a4f9e620777561b8381ece9faf4223f8594a201f47f74  ??  artifacts/rust-tauri/R05/ENTRY-01/verify-R04/R03_REGRESSION/R02/A11/backup-restore/s1-wal-size.txt
e3b0c44298fc1c149afbf4c8996fb92427ae41e4649b934ca495991b7852b855  ??  artifacts/rust-tauri/R05/ENTRY-01/verify-R04/R03_REGRESSION/R02/A11/backup-restore/s3-backup-out.json
0815443bb87380b78f8d842e6e44e81dda4b1af91d35f178df09a90743bc8896  ??  artifacts/rust-tauri/R05/ENTRY-01/verify-R04/R03_REGRESSION/R02/A11/backup-restore/s3-backup.err
9b33c4d50a9f7a0434980244454a85ce4288c7323241cf9ff22c50e6b8f8dd85  ??  artifacts/rust-tauri/R05/ENTRY-01/verify-R04/R03_REGRESSION/R02/A11/backup-restore/s4-ws-probe.json
a4c3ed04a95a3da14a9d235c83d868bed7c0f45cf7f3faa751ee8f50598d2211  ??  artifacts/rust-tauri/R05/ENTRY-01/verify-R04/R03_REGRESSION/R02/A11/backup-restore/s4-ws-probe.json.probe-done
379beb8e22c4dba1836862c8cf9520c065e5d211abdb1ada202a9373df4f9486  ??  artifacts/rust-tauri/R05/ENTRY-01/verify-R04/R03_REGRESSION/R02/A11/backup-restore/service-s1.addr
38c86ba0b5f2d9b97b307b543176e7a6a6e8d734344e121d4a94763b003c8688  ??  artifacts/rust-tauri/R05/ENTRY-01/verify-R04/R03_REGRESSION/R02/A11/backup-restore/service-s1.err
a8e3e6606e359f2d2491a385960dea05c376a4515fbe4d01e970a8625785465b  ??  artifacts/rust-tauri/R05/ENTRY-01/verify-R04/R03_REGRESSION/R02/A11/backup-restore/service-s1.out
72a789770d8607a4873eaa52c7951acc786e3454bd51bfbc88400407825dee48  ??  artifacts/rust-tauri/R05/ENTRY-01/verify-R04/R03_REGRESSION/R02/A11/backup-restore/service-s2.addr
f977dc6293c01624c2dd3d19009b950e3b66d0fb6d03fb48855fe47f2ca85a4d  ??  artifacts/rust-tauri/R05/ENTRY-01/verify-R04/R03_REGRESSION/R02/A11/backup-restore/service-s2.err
e6e86cad54077c011fe140a53d8582e9884d6cbfd5ab3a3751262ba5d65811bd  ??  artifacts/rust-tauri/R05/ENTRY-01/verify-R04/R03_REGRESSION/R02/A11/backup-restore/service-s2.out
2a31e69aa95fb4f9a3a68522a6d8dd43ee90c5752f838119167d884218e10654  ??  artifacts/rust-tauri/R05/ENTRY-01/verify-R04/R03_REGRESSION/R02/A11/backup-restore/service-s4.addr
8b811c623ba86461d927ac3c27c646984752b864c5ff41c49500dca173327ddb  ??  artifacts/rust-tauri/R05/ENTRY-01/verify-R04/R03_REGRESSION/R02/A11/backup-restore/service-s4.err
10b6d96f3b865438dfec98c0db4749d78f0c86f78cce16677baf99e6f7f176e2  ??  artifacts/rust-tauri/R05/ENTRY-01/verify-R04/R03_REGRESSION/R02/A11/backup-restore/service-s4.out
16e6b95dba26e15dbd3ab088d52fc07fa515d2628f4cd19ba83cc37a1960c4a3  ??  artifacts/rust-tauri/R05/ENTRY-01/verify-R04/R03_REGRESSION/R02/A11/backup-restore/service.pid
668ed90314dae2acbb6362721a735ad323dcedd827e5ccc35d22848e6361a2f5  ??  artifacts/rust-tauri/R05/ENTRY-01/verify-R04/R03_REGRESSION/R02/A11/backup-restore/summary.txt
25bbedb013df829c0547e800c770d2d7162cf78004e3da3fc69c2a687b3f788b  ??  artifacts/rust-tauri/R05/ENTRY-01/verify-R04/R03_REGRESSION/R02/A12/recovery-drill/coexist-after.txt
25bbedb013df829c0547e800c770d2d7162cf78004e3da3fc69c2a687b3f788b  ??  artifacts/rust-tauri/R05/ENTRY-01/verify-R04/R03_REGRESSION/R02/A12/recovery-drill/coexist-before.txt
517bcdaf9b59085a30c1da9b9a719af3f7ca1edcc5351c698c67108658b55f58  ??  artifacts/rust-tauri/R05/ENTRY-01/verify-R04/R03_REGRESSION/R02/A12/recovery-drill/own-created-homes.txt
79be6d64aa93bf457e5b337dfa16a187af549e49a08c7760b4ddb0f61bedf8ac  ??  artifacts/rust-tauri/R05/ENTRY-01/verify-R04/R03_REGRESSION/R02/A12/recovery-drill/summary.txt
7b2f675d535131e9ee3b95eb996b520af42000b1efea572dc62eff72fd758a84  ??  artifacts/rust-tauri/R05/ENTRY-01/verify-R04/R03_REGRESSION/R02/A12/recovery-drill/v1-hashes-after.txt
7b2f675d535131e9ee3b95eb996b520af42000b1efea572dc62eff72fd758a84  ??  artifacts/rust-tauri/R05/ENTRY-01/verify-R04/R03_REGRESSION/R02/A12/recovery-drill/v1-hashes-before.txt
05120f7878240a7286bdde8f0ef57b01f65f9bb2c79224cd497ada1cd849bbc9  ??  artifacts/rust-tauri/R05/ENTRY-01/verify-R04/R03_REGRESSION/R02/A12/recovery-drill/v1.err
e3b0c44298fc1c149afbf4c8996fb92427ae41e4649b934ca495991b7852b855  ??  artifacts/rust-tauri/R05/ENTRY-01/verify-R04/R03_REGRESSION/R02/A12/recovery-drill/v1.out
fcb269f1fc43e20619871bab0f6e464d30773313e55b17f725fc62249ab521be  ??  artifacts/rust-tauri/R05/ENTRY-01/verify-R04/R03_REGRESSION/R02/A12/recovery-drill/v2-hashes-after.txt
fcb269f1fc43e20619871bab0f6e464d30773313e55b17f725fc62249ab521be  ??  artifacts/rust-tauri/R05/ENTRY-01/verify-R04/R03_REGRESSION/R02/A12/recovery-drill/v2-hashes-before.txt
2557d6dc4a9ddb488a720e8069f1274638659e3417d5eb955db529571c50d312  ??  artifacts/rust-tauri/R05/ENTRY-01/verify-R04/R03_REGRESSION/R02/A12/recovery-drill/v2.err
e3b0c44298fc1c149afbf4c8996fb92427ae41e4649b934ca495991b7852b855  ??  artifacts/rust-tauri/R05/ENTRY-01/verify-R04/R03_REGRESSION/R02/A12/recovery-drill/v2.out
a33ffd69acb495d9a221778bb2317e4cef00e4d752d794b9c1267890666ec43d  ??  artifacts/rust-tauri/R05/ENTRY-01/verify-R04/R03_REGRESSION/R02/A12/recovery-drill/v3-hashes-after.txt
a33ffd69acb495d9a221778bb2317e4cef00e4d752d794b9c1267890666ec43d  ??  artifacts/rust-tauri/R05/ENTRY-01/verify-R04/R03_REGRESSION/R02/A12/recovery-drill/v3-hashes-before.txt
f04949a74eb7a0e4444af291f52a3c0f4daee44184c5181ad24a5f1080c2c3a3  ??  artifacts/rust-tauri/R05/ENTRY-01/verify-R04/R03_REGRESSION/R02/A12/recovery-drill/v3.err
e3b0c44298fc1c149afbf4c8996fb92427ae41e4649b934ca495991b7852b855  ??  artifacts/rust-tauri/R05/ENTRY-01/verify-R04/R03_REGRESSION/R02/A12/recovery-drill/v3.out
a088da74ba57e22da28709545a18ad20431334772360913f7aea11adb81f3e91  ??  artifacts/rust-tauri/R05/ENTRY-01/verify-R04/R03_REGRESSION/R02/A12/recovery-drill/v4.err
ae83d0d3a160d6643137a15243be9830e670affdf44c96ac68257683ce244d95  ??  artifacts/rust-tauri/R05/ENTRY-01/verify-R04/R03_REGRESSION/R02/A12/recovery-drill/v4.out
0235b79aebb0927666b55a121aef98d494e0855bab6e3e1c19df1e1e3b069479  ??  artifacts/rust-tauri/R05/ENTRY-01/verify-R04/R03_REGRESSION/R02/A12/recovery-drill/v5-hashes-after.txt
0235b79aebb0927666b55a121aef98d494e0855bab6e3e1c19df1e1e3b069479  ??  artifacts/rust-tauri/R05/ENTRY-01/verify-R04/R03_REGRESSION/R02/A12/recovery-drill/v5-hashes-before.txt
31651f44dffd7b4f6ad0df4590045f7c7e58827898693461d29cf405d10af3b0  ??  artifacts/rust-tauri/R05/ENTRY-01/verify-R04/R03_REGRESSION/R02/A12/recovery-drill/v5.err
e3b0c44298fc1c149afbf4c8996fb92427ae41e4649b934ca495991b7852b855  ??  artifacts/rust-tauri/R05/ENTRY-01/verify-R04/R03_REGRESSION/R02/A12/recovery-drill/v5.out
cf0736e81e9bf1f5f4601324307a8e699c8f0a40e6b68a5914e919f809ad9149  ??  artifacts/rust-tauri/R05/ENTRY-01/verify-R04/R03_REGRESSION/R02/A12/recovery-drill/v6-recovered-dump.jsonl
27badc983df1780b60c2b3fa9d3a19a00e46aac798451f0febdca52920faaddf  ??  artifacts/rust-tauri/R05/ENTRY-01/verify-R04/R03_REGRESSION/R02/A12/recovery-drill/v6-seed-execute.txt
115d7b3cc5592fe3e9fe9b6578280267b67e5e8e4220462de03eb53fb28837fe  ??  artifacts/rust-tauri/R05/ENTRY-01/verify-R04/R03_REGRESSION/R02/A12/recovery-drill/v6-seed.err
174996e92dbaed901a2c69a4956cf6ec1e552cf3c9d2aa98643f4fe74fdf2d12  ??  artifacts/rust-tauri/R05/ENTRY-01/verify-R04/R03_REGRESSION/R02/A12/recovery-drill/v6-seed.out
8b21db40e38f73b1371fc46a4b83730ac119b6b5c772f0b8e30544e41f69f460  ??  artifacts/rust-tauri/R05/ENTRY-01/verify-R04/R03_REGRESSION/R02/A12/recovery-drill/v6.err
3eacca45453dc83c90b804fbf9149b7970635d545b0ad1004770db7f1eedda45  ??  artifacts/rust-tauri/R05/ENTRY-01/verify-R04/R03_REGRESSION/R02/A12/recovery-drill/v6.out
4b6864da46a763b5d150c8a1ec3939f6b8e369136751e17cc88dd2f177217962  ??  artifacts/rust-tauri/R05/ENTRY-01/verify-R04/R03_REGRESSION/R02/A12/recovery-drill/v7-hashes-after.txt
4b6864da46a763b5d150c8a1ec3939f6b8e369136751e17cc88dd2f177217962  ??  artifacts/rust-tauri/R05/ENTRY-01/verify-R04/R03_REGRESSION/R02/A12/recovery-drill/v7-hashes-before.txt
896d3c5c467e1e5f924f6ef059512d0215133de55b8c5ce3bc32647bd33c4cb8  ??  artifacts/rust-tauri/R05/ENTRY-01/verify-R04/R03_REGRESSION/R02/A12/recovery-drill/v7-seed.err
fee242f1b2f458cae1d8dda0a2cf8e33b30707f98711f2e42d4802e5718fcc5c  ??  artifacts/rust-tauri/R05/ENTRY-01/verify-R04/R03_REGRESSION/R02/A12/recovery-drill/v7-seed.out
ad26e09ac6f62e2d5a85ff80618195ea7ea1d07e0b1e6e4501669008a2a98370  ??  artifacts/rust-tauri/R05/ENTRY-01/verify-R04/R03_REGRESSION/R02/A12/recovery-drill/v7.err
e3b0c44298fc1c149afbf4c8996fb92427ae41e4649b934ca495991b7852b855  ??  artifacts/rust-tauri/R05/ENTRY-01/verify-R04/R03_REGRESSION/R02/A12/recovery-drill/v7.out
9082ba344c554ed49ada5a44cf362a7f65ea7af458e98a05ef2e56f83e789394  ??  artifacts/rust-tauri/R05/ENTRY-01/verify-R04/R03_REGRESSION/R02/A12/recovery-drill/v8-observed.err
4fa8e5ebefa263523e6407adca23bf171768be8af24de60fe8b35cfa8275b46b  ??  artifacts/rust-tauri/R05/ENTRY-01/verify-R04/R03_REGRESSION/R02/A12/recovery-drill/v8-seed.err
fac49ca2f272bc396cab786c37697c18f7c115b7dce2df65793b136822c2f117  ??  artifacts/rust-tauri/R05/ENTRY-01/verify-R04/R03_REGRESSION/R02/A12/recovery-drill/v8-seed.out
9082ba344c554ed49ada5a44cf362a7f65ea7af458e98a05ef2e56f83e789394  ??  artifacts/rust-tauri/R05/ENTRY-01/verify-R04/R03_REGRESSION/R02/A12/recovery-drill/v8.err
57bb5ef641481d7ac01a616fb552cf59fcac5785e7cf809d26bf952d1a34808e  ??  artifacts/rust-tauri/R05/ENTRY-01/verify-R04/R03_REGRESSION/R02/A12/recovery-drill/v8.out
c362455c517108ac6d13a71d43c058135287e4fad771399f7adc2ed2d6d80a91  ??  artifacts/rust-tauri/R05/ENTRY-01/verify-R04/R03_REGRESSION/R02/A15/full-chain/pre-restart-head.json
e3b0c44298fc1c149afbf4c8996fb92427ae41e4649b934ca495991b7852b855  ??  artifacts/rust-tauri/R05/ENTRY-01/verify-R04/R03_REGRESSION/R02/A15/full-chain/probe1.err
4b2121a098c4baf5e4c9e102425a2436098b14b2f37ebdbaec336ba5aeb70bbc  ??  artifacts/rust-tauri/R05/ENTRY-01/verify-R04/R03_REGRESSION/R02/A15/full-chain/probe1.pass-lines
e3b0c44298fc1c149afbf4c8996fb92427ae41e4649b934ca495991b7852b855  ??  artifacts/rust-tauri/R05/ENTRY-01/verify-R04/R03_REGRESSION/R02/A15/full-chain/probe2.err
28a411dc95be7e6596d2954fdbecf8eb034d9f8dc1248ab1d111c07c1c218b89  ??  artifacts/rust-tauri/R05/ENTRY-01/verify-R04/R03_REGRESSION/R02/A15/full-chain/probe2.pass-lines
6126b32739353cff0029f379caa16db19a8fe08962c419eeb917b860e5a524cf  ??  artifacts/rust-tauri/R05/ENTRY-01/verify-R04/R03_REGRESSION/R02/A15/full-chain/service1.err
a9c4f205afeeebadf681c4624b1227022e640128e8f4bc3d46b57fa4d6415788  ??  artifacts/rust-tauri/R05/ENTRY-01/verify-R04/R03_REGRESSION/R02/A15/full-chain/service1.out
2210451012144ee8f9c28a2b88175ecccfe2e091820d27b38db006db5767ef05  ??  artifacts/rust-tauri/R05/ENTRY-01/verify-R04/R03_REGRESSION/R02/A15/full-chain/service2.err
ea62c90a8aed4255d8689bc8d6b137a8d931cc5c547e210237f0b4b8ad8c5dca  ??  artifacts/rust-tauri/R05/ENTRY-01/verify-R04/R03_REGRESSION/R02/A15/full-chain/service2.out
29199b821ec663156646a13bca1f1cff02a201015bbc39c68c451ade248a9cbb  ??  artifacts/rust-tauri/R05/ENTRY-01/verify-R04/R03_REGRESSION/R02/A15/full-chain/summary.txt
523ab963a6589a5728516dedfd166d3bb33ca94dad0fc96ba72028e6cc17b218  ??  artifacts/rust-tauri/R05/ENTRY-01/verify-R04/R03_REGRESSION/R02/A16/legacy-entry/e0-base-purity.txt
4796bf94eca9f8f0200396098be61c7ec3a83705eb027fb6e1b6c1ffc461e442  ??  artifacts/rust-tauri/R05/ENTRY-01/verify-R04/R03_REGRESSION/R02/A16/legacy-entry/e0-candidate-binding.tsv
e3b0c44298fc1c149afbf4c8996fb92427ae41e4649b934ca495991b7852b855  ??  artifacts/rust-tauri/R05/ENTRY-01/verify-R04/R03_REGRESSION/R02/A16/legacy-entry/e0-candidate-dirty.diff
e3b0c44298fc1c149afbf4c8996fb92427ae41e4649b934ca495991b7852b855  ??  artifacts/rust-tauri/R05/ENTRY-01/verify-R04/R03_REGRESSION/R02/A16/legacy-entry/e0-candidate-dirty.txt
dafecdaa505ce47155b8f0b1a6b9d326f65e6e84a229add0428c0fb851a0e505  ??  artifacts/rust-tauri/R05/ENTRY-01/verify-R04/R03_REGRESSION/R02/A16/legacy-entry/e1-binding-surface-intersect.txt
e478b5019f8dc054385b670fc46863aacb8ae7bb2c6af54b195ae23a7474e9a3  ??  artifacts/rust-tauri/R05/ENTRY-01/verify-R04/R03_REGRESSION/R02/A16/legacy-entry/e1-default-entry-assertions.txt
ef2350de6ebbff4c6a51fabb6fb01f20fc0a67edbd04555ea9e9a1603d3e4f19  ??  artifacts/rust-tauri/R05/ENTRY-01/verify-R04/R03_REGRESSION/R02/A16/legacy-entry/e1-surface-diff-files.txt
65a8e4d55d1d7b3d0f11e06928569acf896fdaa4c01cf07c3eb17427b16c603a  ??  artifacts/rust-tauri/R05/ENTRY-01/verify-R04/R03_REGRESSION/R02/A16/legacy-entry/e5-cause-classes.txt
a6336e88a861d5d65bf8332c6e104672fbecde11272907b15e2847bc36cfc7b2  ??  artifacts/rust-tauri/R05/ENTRY-01/verify-R04/R03_REGRESSION/R02/A16/legacy-entry/e5-seal-family.txt
376ce186d9afcad4df725ca774ed5fa9c562e9e34b81786b3a6d68bcb8fbea7c  ??  artifacts/rust-tauri/R05/ENTRY-01/verify-R04/R03_REGRESSION/R02/A16/legacy-entry/summary.txt
ccd7cd34ce9551a973442056a1fed368a5c0ead7cb2468a1c5f62b1e9871d09b  ??  artifacts/rust-tauri/R05/ENTRY-01/verify-R04/R03_REGRESSION/candidate-source-after.json
ccd7cd34ce9551a973442056a1fed368a5c0ead7cb2468a1c5f62b1e9871d09b  ??  artifacts/rust-tauri/R05/ENTRY-01/verify-R04/R03_REGRESSION/candidate-source-before.json
ca0c6670dfe338e96c8569693fcbf3b9da8b13e4b732c8c2941b93bb7e8b508a  ??  artifacts/rust-tauri/R05/ENTRY-01/verify-R04/R03_REGRESSION/verify-stage-result.json
10a16641e3405663989bf586c36c94e6522cc9932c30df552a4cb308377a9676  ??  artifacts/rust-tauri/R05/ENTRY-01/verify-R04/R04_MATRIX/cases/a15-directory-claim-refused.json
09f385efaedc793ea498845967037cfcbfc0fe2c163104737d7ff99e880e98bc  ??  artifacts/rust-tauri/R05/ENTRY-01/verify-R04/R04_MATRIX/cases/a15-gateway-audit-directory-ref-failed.json
d0df7dade822790f5735f4ebef501e03b8aa905318cb8a60905b81715d427965  ??  artifacts/rust-tauri/R05/ENTRY-01/verify-R04/R04_MATRIX/cases/a15-gateway-audit-fake-ref-failed.json
a0800cd68927a3e79f38730d4c55036813c6947a5675713428917d03a1b44145  ??  artifacts/rust-tauri/R05/ENTRY-01/verify-R04/R04_MATRIX/cases/a15-gateway-audit-real-ref-passes.json
8f9b212963fdfce437456018df1536c00c82aa2118f3c3af37532e979ed04f2b  ??  artifacts/rust-tauri/R05/ENTRY-01/verify-R04/R04_MATRIX/cases/a15-missing-claim-refused.json
04245f14680505fadaf81819e4b39818cf0d629654f8733039a6ac2e8d68bb98  ??  artifacts/rust-tauri/R05/ENTRY-01/verify-R04/R04_MATRIX/cases/a15-out-of-grant-claim-refused.json
e4bb14f7a842ae22ee91e7b3bebdfcc5273aec1410f84eb90970f2bc4dc3fc91  ??  artifacts/rust-tauri/R05/ENTRY-01/verify-R04/R04_MATRIX/cases/a15-real-delivery-registered.json
6895d6a72b4da91d630223ce6ad2b8320db84534f721b5748ac0f487c1a29223  ??  artifacts/rust-tauri/R05/ENTRY-01/verify-R04/R04_MATRIX/cases/a15-structure-violation-refused.json
94c57b04cb80a3ce8932e58d775b4aaa85affa76e33e34512e4a0bc47ade49a9  ??  artifacts/rust-tauri/R05/ENTRY-01/verify-R04/R04_MATRIX/cases/a16-alias-route-covered.json
506ae3c069a2a967546a4ca114bf3e15abac6ebcdb0f7e35b359b12c1cde92b5  ??  artifacts/rust-tauri/R05/ENTRY-01/verify-R04/R04_MATRIX/cases/a16-history-preserved.json
901361017912bc20e016d13a2a4f8d701ddee123481ac52c440c176b6d9510aa  ??  artifacts/rust-tauri/R05/ENTRY-01/verify-R04/R04_MATRIX/cases/approval-answer-executes-once.json
bd45162c41ae2eec362f6f35bc50015ae2a8266f70ce5f91d5c45e5ad8053270  ??  artifacts/rust-tauri/R05/ENTRY-01/verify-R04/R04_MATRIX/cases/approval-duplicate-idempotent.json
bababcc7f3e64579d35c9259a419a674630e4e549217be76c41f04eda4f0bcdc  ??  artifacts/rust-tauri/R05/ENTRY-01/verify-R04/R04_MATRIX/cases/approval-reject-zero-dispatch.json
20fd6bee69494fece169e2b99ea1e3085ddffbb071d88ebc23f7dcaeb412c721  ??  artifacts/rust-tauri/R05/ENTRY-01/verify-R04/R04_MATRIX/cases/catalog-face-lists-mcp-tools-with-permission.json
a6740bd82388993cca6d0b79d294334e6ad84438d23b819303e84cb2670999df  ??  artifacts/rust-tauri/R05/ENTRY-01/verify-R04/R04_MATRIX/cases/future-tool-shape-ast_edit-discoverable-not-callable.json
821137c4819111c5cab65e31fe33146b843d4bc963a7ae66bf3c6139aab4dc68  ??  artifacts/rust-tauri/R05/ENTRY-01/verify-R04/R04_MATRIX/cases/future-tool-shape-ast_grep-discoverable-not-callable.json
9827cfcbf4ea963126bc89e02f8247506844fc54c5a0d9086547106cafdcdefd  ??  artifacts/rust-tauri/R05/ENTRY-01/verify-R04/R04_MATRIX/cases/future-tool-shape-file-discoverable-not-callable.json
cb8e2db3b924a24b0bf8d611b22015f3a2a10ccc3f6ee16a819bc9388379c7f3  ??  artifacts/rust-tauri/R05/ENTRY-01/verify-R04/R04_MATRIX/cases/future-tool-shape-find-discoverable-not-callable.json
1c192846cc1d07ba6864e5dd594b97a48f402ab5519fca2040ecc7edc3d3fd02  ??  artifacts/rust-tauri/R05/ENTRY-01/verify-R04/R04_MATRIX/cases/future-tool-shape-grep-discoverable-not-callable.json
bbe14f10f21cc0a2c306c3554804930c3bf5b13c66b6b90cf1c79b465e394c3b  ??  artifacts/rust-tauri/R05/ENTRY-01/verify-R04/R04_MATRIX/cases/future-tool-shape-ls-discoverable-not-callable.json
a9b97d5170fb12a3359bdde03aa8fdfc8fe089399cd5f1dc3810dacaf5ac5653  ??  artifacts/rust-tauri/R05/ENTRY-01/verify-R04/R04_MATRIX/cases/future-tool-shape-lsp-discoverable-not-callable.json
6bc884d530bd7615a63e4dd9241155689273f4f9c70ccc044e2d91afc8eba4f1  ??  artifacts/rust-tauri/R05/ENTRY-01/verify-R04/R04_MATRIX/cases/future-tool-shape-materialize-discoverable-not-callable.json
5904c81036b270e82834b8084ca4b8b9b4492957d7d3ac5a83328f9bdc84b538  ??  artifacts/rust-tauri/R05/ENTRY-01/verify-R04/R04_MATRIX/cases/future-tool-shape-run_code-discoverable-not-callable.json
c9d67aa6d2f3fce41a3a011e42ac47399824eae28c54e2b89cf0bdae0dbf8052  ??  artifacts/rust-tauri/R05/ENTRY-01/verify-R04/R04_MATRIX/cases/future-tool-shape-security_scan-discoverable-not-callable.json
6cf1880613144cb8b359bd1c195f561f79c42836315ec94767b2336f24a9b783  ??  artifacts/rust-tauri/R05/ENTRY-01/verify-R04/R04_MATRIX/cases/future-tool-shape-stage_files-discoverable-not-callable.json
87164a841282a81c7b614451f88f157e89c03336043524a16637aa848d201f59  ??  artifacts/rust-tauri/R05/ENTRY-01/verify-R04/R04_MATRIX/cases/gateway-each-call-independent-permission.json
7d3631b38221c7c56e5b77793921c4de3ab067e7097d1c77131e73a3dadb0ce5  ??  artifacts/rust-tauri/R05/ENTRY-01/verify-R04/R04_MATRIX/cases/matrix-lifecycle-disable-holes.json
52e2294d2db41ba60884ca74bedd63d9e196def8ea43623c327cf7579c72e6e0  ??  artifacts/rust-tauri/R05/ENTRY-01/verify-R04/R04_MATRIX/cases/matrix-lifecycle-generation-refusals.json
710d96abbd53795e2f40639001eee2454a6ce7e5a285c883f9cd62f1b58ebda9  ??  artifacts/rust-tauri/R05/ENTRY-01/verify-R04/R04_MATRIX/cases/matrix-lifecycle-uninstall-holes.json
23c16612d569bb60e563215b453c022203ab19f05298ce7c9a3fc080da10b7d2  ??  artifacts/rust-tauri/R05/ENTRY-01/verify-R04/R04_MATRIX/cases/matrix-permission-consistency.json
d475fb8c9114bfdf95de5cc202da903bf354241d13f071bce870d8ba2502fd60  ??  artifacts/rust-tauri/R05/ENTRY-01/verify-R04/R04_MATRIX/cases/matrix-route-consistency.json
2b451a4a1fd773fba2e107116235dd5f28a06d104c7f7450f221f662510fc070  ??  artifacts/rust-tauri/R05/ENTRY-01/verify-R04/R04_MATRIX/cases/matrix-tool-family-count.json
1e442f90436b22848aeb3329ce35c020def0d74ba7d6bbc49eb983573e8e708d  ??  artifacts/rust-tauri/R05/ENTRY-01/verify-R04/R04_MATRIX/cases/mcp-connector-catalog-sync.json
02be7eb700e551cb0a000177a0e033872c65ad8b5ef7f46d66c014ecf3fb7150  ??  artifacts/rust-tauri/R05/ENTRY-01/verify-R04/R04_MATRIX/cases/mcp-connector-register-handshake.json
905e6508c4c99929579667bd3184014916a117d7522917621f1aea839bdd039e  ??  artifacts/rust-tauri/R05/ENTRY-01/verify-R04/R04_MATRIX/cases/mcp-describe-real-identity.json
42c719e1d9f2fdae556b08414f6facea228b729210f804971fb1f41772e1ec5f  ??  artifacts/rust-tauri/R05/ENTRY-01/verify-R04/R04_MATRIX/cases/mcp-search-namespaced.json
dfbc531d38332ae34bc27eef48d7c96103f6f7b0cf55e51377608e95deffabc9  ??  artifacts/rust-tauri/R05/ENTRY-01/verify-R04/R04_MATRIX/cases/mcp-tool-call-full-chain.json
916eba77e6c3a4f9a8bf58bdf3a14d110fe9b75b22aa316ce7a47412c013fa04  ??  artifacts/rust-tauri/R05/ENTRY-01/verify-R04/R04_MATRIX/cases/mcp-tool-permission-face.json
c3f30127a40dfa980a32479cec6547074c067a4d8cd61e858b0aa7dc095455b3  ??  artifacts/rust-tauri/R05/ENTRY-01/verify-R04/R04_MATRIX/cases/permission-face-modes-verifiable.json
c51a56cfdce860c73de8e015f088d38b31bbf8e373a0dc6e1c8e43f9b5f80a2c  ??  artifacts/rust-tauri/R05/ENTRY-01/verify-R04/R04_MATRIX/cases/preauthorization-single-session-scoped.json
eefd602104c2c290f3a2704acec9cf3923cbf072e0e9ac1e5dad4b1103794f05  ??  artifacts/rust-tauri/R05/ENTRY-01/verify-R04/R04_MATRIX/cases/semantics-cancel-leaves-no-fabricated-receipt.json
1c8fced2b48030b05d00ab397c3aa0470c4f068287f841b1c7e53778b43e038d  ??  artifacts/rust-tauri/R05/ENTRY-01/verify-R04/R04_MATRIX/cases/semantics-failed-never-dispatched-receipt.json
220379bb262285fad8e6314d35a23f12ba26fcb0e501fe2431141c1a4d28a5a2  ??  artifacts/rust-tauri/R05/ENTRY-01/verify-R04/R04_MATRIX/cases/semantics-success-receipt-dispatched.json
8337cc9f0c6c3a4eeb0b4beb6ff1d93acd40878d92c9f16c4649942469017888  ??  artifacts/rust-tauri/R05/ENTRY-01/verify-R04/R04_MATRIX/cases/semantics-unknown-receipt-honest.json
cb89e56a59ac812a63576832232489b328ac7abf8041df762e7b1af1e2caa95d  ??  artifacts/rust-tauri/R05/ENTRY-01/verify-R04/R04_MATRIX/cases/sup01-ask-subagent-write-refused.json
1b21930f6737d6935a82328d4afb7b4fd7b439c107b48d01b29e4cdfa7399015  ??  artifacts/rust-tauri/R05/ENTRY-01/verify-R04/R04_MATRIX/cases/terminal-close-stops-terminal.json
59095540a473b474ab918f20eb08986f6bbb6cbfd08c49b9810963ae37407de5  ??  artifacts/rust-tauri/R05/ENTRY-01/verify-R04/R04_MATRIX/cases/terminal-snapshot-current-transcript.json
004a41eae978391bad56ebe5c3e6d2ced1a2c02eda01a37f79abc8867cb5a063  ??  artifacts/rust-tauri/R05/ENTRY-01/verify-R04/R04_MATRIX/cases/terminal-tail-cursor-continuation.json
16870fec4c31cd9e67e56d3328c74d20f9213a2e96113c28be3d7f7fe0d28979  ??  artifacts/rust-tauri/R05/ENTRY-01/verify-R04/R04_MATRIX/cases/tool-edit-conflict-preserves-user-version.json
bb810a38ce8bfbcafc0d64e1fc2831a08e952dfdc4a057fd99166ef589df1032  ??  artifacts/rust-tauri/R05/ENTRY-01/verify-R04/R04_MATRIX/cases/tool-edit-real-chain.json
bec2c6d085918085fb7eb01f8ec54ea53681b68aa489b59bc0a8e9b272c5c02e  ??  artifacts/rust-tauri/R05/ENTRY-01/verify-R04/R04_MATRIX/cases/tool-exec-cancel-cleanup.json
c0341bc7ba746aaa51754e5650264b1d7d55e93d55ea2a03df67769834825bcc  ??  artifacts/rust-tauri/R05/ENTRY-01/verify-R04/R04_MATRIX/cases/tool-exec-command-real-chain.json
e990fcd2da49cb923f667ea1714cfea3f69c8f3bd0002416761b93ab35d87ec3  ??  artifacts/rust-tauri/R05/ENTRY-01/verify-R04/R04_MATRIX/cases/tool-read-real-chain.json
ea288f832ccf584b20e6d0ef80d0116568fd2c989aff55d985adce98266f5f62  ??  artifacts/rust-tauri/R05/ENTRY-01/verify-R04/R04_MATRIX/cases/tool-write-real-chain.json
52e2d9bbf2b9890f5b4d03bf7c27cfb6c82322790e254fc813b47b7f093d939f  ??  artifacts/rust-tauri/R05/ENTRY-01/verify-R04/R04_MATRIX/cases/tool-write-stdin-continuation.json
83f514b83ad20e51f11205b345ebcce85d4423a69379cb2a9804c8ceaf07a027  ??  artifacts/rust-tauri/R05/ENTRY-01/verify-R04/R04_MATRIX/cases/tool-write-stdin-foreign-writes.json
c471fa08013c67ab99fb67a5e4e430f83cfc349758cdc601fb53e35b1ee28397  ??  artifacts/rust-tauri/R05/ENTRY-01/verify-R04/R04_MATRIX/leaf-cases.json
1dbc5972065a848f6d2d8456df0891660c2c695ca72f24c3d4bd7fde395b462e  ??  artifacts/rust-tauri/R05/ENTRY-01/verify-R04/R04_MATRIX/matrix-counts.json
4d427e411d4094175bda8b798c0114af4830967a0acf48fd27ee7f9e11c1fd46  ??  artifacts/rust-tauri/R05/ENTRY-01/verify-R04/R04_MATRIX/summary.txt
03e75607ce89dd2e535b6cf22efaed7cf04a57924ed973dec1a260cb30c15557  ??  artifacts/rust-tauri/R05/ENTRY-01/verify-R04/R04_RR1_REPAIR/cases.jsonl
b4fd3ba1d5faec40aabb94b266bc3484540894de3ccac3756469a6737878300a  ??  artifacts/rust-tauri/R05/ENTRY-01/verify-R04/R04_RR1_REPAIR/cid-table.txt
e3b0c44298fc1c149afbf4c8996fb92427ae41e4649b934ca495991b7852b855  ??  artifacts/rust-tauri/R05/ENTRY-01/verify-R04/R04_RR1_REPAIR/gaps.txt
ba844bee5f873a8bb6499613c3ac20e7d0807fd4d848e52c3021047ed6b60bd7  ??  artifacts/rust-tauri/R05/ENTRY-01/verify-R04/R04_RR1_REPAIR/pin-table.txt
e3a88bae43771884e0e5533f962b936823b53d97a6a31a19b8bbdf8fd6ea8ad8  ??  artifacts/rust-tauri/R05/ENTRY-01/verify-R04/R04_RR1_REPAIR/rr1-cases.json
a5320ab81cc9b04ac125140a9bffca4f8fd222c774b5109b4c869beed40631bf  ??  artifacts/rust-tauri/R05/ENTRY-01/verify-R04/R04_RR1_REPAIR/summary.txt
49814fd9af6b10075f963e609f709413777ef53ed30043ce6fac27c807902329  ??  artifacts/rust-tauri/R05/ENTRY-01/verify-R04/candidate-source-after.json
49814fd9af6b10075f963e609f709413777ef53ed30043ce6fac27c807902329  ??  artifacts/rust-tauri/R05/ENTRY-01/verify-R04/candidate-source-before.json
e8c5fce52c8b9c82ead0117ec89c80943cd0f0a80d8610a663e914559b4eccb1  ??  artifacts/rust-tauri/R05/ENTRY-01/verify-R04/verify-stage-result.json
f5b0981175fe9bd307c7bb4e8dcb8490cfa58585d62d9c3e2f7eb03e4e875e54  ??  artifacts/rust-tauri/R05/ENTRY-02/verify-R04/R03_REGRESSION/A15/cases/background-run-completes-decoupled.json
fda5f46e011354371ff149d97818d48d3b78dca205e17e8a7b39dba1cb4013e6  ??  artifacts/rust-tauri/R05/ENTRY-02/verify-R04/R03_REGRESSION/A15/cases/background-survives-unrelated-cancel.json
92eebd1162583e5ed42a8e61a80b5c84e94753ed6562c35c930ebb65f6e23f01  ??  artifacts/rust-tauri/R05/ENTRY-02/verify-R04/R03_REGRESSION/A15/cases/cancel-live-run-accepted-terminal-cancelled.json
edc380e78d3b8f95b51f12c2bbfcb702760327da3f20bd6c9f456b5c7e0934de  ??  artifacts/rust-tauri/R05/ENTRY-02/verify-R04/R03_REGRESSION/A15/cases/cancel-terminal-run-already-terminal.json
e320e539d701e4f285fcff1a42629b28016fa5f103e77fccb5c1ddf921155742  ??  artifacts/rust-tauri/R05/ENTRY-02/verify-R04/R03_REGRESSION/A15/cases/cancel-unknown-run-not-found.json
a513a19cd5ca9bc857d2e01c9be7ec61e3e5677e7d1948db618b31fb7aba127a  ??  artifacts/rust-tauri/R05/ENTRY-02/verify-R04/R03_REGRESSION/A15/cases/cancel-waiting-approval-cancels-cleanly.json
602b436fbd1f0de778ca086853030197fe28a3fde1a5f694ebea64e4f8779c8a  ??  artifacts/rust-tauri/R05/ENTRY-02/verify-R04/R03_REGRESSION/A15/cases/combo-cancel-stream-terminal-cancelled.json
b24ff9cdbb08092492dd68815bdf3c4a6f38c8e2a42cd79c30abbfcacdfef745  ??  artifacts/rust-tauri/R05/ENTRY-02/verify-R04/R03_REGRESSION/A15/cases/combo-crash-recovery-honest-interrupted.json
d9e8dea9429b0f0c9fc86be7f31dcd96b4b227e1174dcdea6d1f00b177ec2987  ??  artifacts/rust-tauri/R05/ENTRY-02/verify-R04/R03_REGRESSION/A15/cases/combo-cross-session-both-complete.json
106bebd1aa293f120bb83f22b33de1e19ae817a4963587e2ee17be8731293349  ??  artifacts/rust-tauri/R05/ENTRY-02/verify-R04/R03_REGRESSION/A15/cases/combo-duplicate-conflict-rejected.json
eafb37ffcb4d76d45d58a64d80d9ef413064c1f979d64ba1cc2e609d147963fc  ??  artifacts/rust-tauri/R05/ENTRY-02/verify-R04/R03_REGRESSION/A15/cases/combo-duplicate-replay-no-second-run.json
346e6cb6ae16f125e4bbfdbf24d2bbcf63c92fa9642b2676fa06a78bfa1e8fdb  ??  artifacts/rust-tauri/R05/ENTRY-02/verify-R04/R03_REGRESSION/A15/cases/combo-events-subscriber-saw-terminal.json
97a0c8f8404d1c042f8f7efd240d5d5f5446103b21bcccf9c5c90461b6082043  ??  artifacts/rust-tauri/R05/ENTRY-02/verify-R04/R03_REGRESSION/A15/cases/combo-multi-tool-three-calls.json
aa936466e694a90f4087b7ae928f7c9b96ae1450073774fcb29d177dfa59c7b6  ??  artifacts/rust-tauri/R05/ENTRY-02/verify-R04/R03_REGRESSION/A15/cases/combo-multi-turn-one-terminal.json
f7bdd9e301d37d6a062e13225cfc84d7e96c1f88cd75d34e300ab00dd0fad0a0  ??  artifacts/rust-tauri/R05/ENTRY-02/verify-R04/R03_REGRESSION/A15/cases/combo-normal-run-completed.json
51d8bd26cb2f29bee74097b5ef9a36e3389a56a1c7127e86fa36d75a8106659e  ??  artifacts/rust-tauri/R05/ENTRY-02/verify-R04/R03_REGRESSION/A15/cases/combo-out-of-order-late-result-fenced.json
e18f1fcb5cc4af47da6184707fb88e0c0ed656f1fafffe8020a3001c9826c931  ??  artifacts/rust-tauri/R05/ENTRY-02/verify-R04/R03_REGRESSION/A15/cases/combo-timeout-budget-loud-failure.json
ccbc0f5c630f404851ca1c561fd5c73421ba9b217ceeff29973b263f05e30888  ??  artifacts/rust-tauri/R05/ENTRY-02/verify-R04/R03_REGRESSION/A15/cases/parent-cancel-stops-child-run.json
d72d7e1151ea38a4eeb9ad435aa66dc376039e41ff714f9f550e1f2c8934585a  ??  artifacts/rust-tauri/R05/ENTRY-02/verify-R04/R03_REGRESSION/A15/cases/reconnect-resume-no-model-restart.json
5d89ed42d309bfcfd13956b901f209eb432200e88c2ae1eea74d6eaffe625b2a  ??  artifacts/rust-tauri/R05/ENTRY-02/verify-R04/R03_REGRESSION/A15/cases/steer-busy-accepted.json
360ccd0c00f5114974f5f2967860d1c339a2e2baa808a2f5dca49f334fe0d386  ??  artifacts/rust-tauri/R05/ENTRY-02/verify-R04/R03_REGRESSION/A15/cases/steer-idle-miss.json
d00e58227225a313e612b18019d7f95a07382b0426ab7fbeb39bc4b05b740cc5  ??  artifacts/rust-tauri/R05/ENTRY-02/verify-R04/R03_REGRESSION/A15/cases/steer-text-drained-into-model-input.json
1d91fbec57470aebfedf338d49c5109fdd0216e02d720737ed53335eb06ae4c8  ??  artifacts/rust-tauri/R05/ENTRY-02/verify-R04/R03_REGRESSION/A15/cases/subagent-child-cancel-stops-child-only.json
25c6b5b26b72b0a4408db94f4f0e40b77faa84d32ccfeaffaf04e29fb20c07c9  ??  artifacts/rust-tauri/R05/ENTRY-02/verify-R04/R03_REGRESSION/A15/cases/subagent-close-thread-closed-status.json
c8d7de61de38e7dfa38ea3376602da5c50882e6d6238c3a1ff61b6ac7df04418  ??  artifacts/rust-tauri/R05/ENTRY-02/verify-R04/R03_REGRESSION/A15/cases/subagent-dispatch-child-lineage-recorded.json
dce5bbb9b54961ee64c8634f90f4f2600975918f6a2590b57b7b28dd425016bd  ??  artifacts/rust-tauri/R05/ENTRY-02/verify-R04/R03_REGRESSION/A15/cases/subagent-escalation-write-denied-zero-children.json
dcd19d358a8a5e560042eee304f1f5460d1c79ba1a64d611fb1007b830562010  ??  artifacts/rust-tauri/R05/ENTRY-02/verify-R04/R03_REGRESSION/A15/cases/subagent-policy-proactive-delegation-default-off.json
ffef3903ae224f661b415622ed9c76da5e265c01a9c15b867f429c1f6d10ef15  ??  artifacts/rust-tauri/R05/ENTRY-02/verify-R04/R03_REGRESSION/A15/cases/subagent-reply-continues-thread.json
d097c60f1416e1febc17bd0959b1c9252ca9be86b6a1e982d42d9240a38b107e  ??  artifacts/rust-tauri/R05/ENTRY-02/verify-R04/R03_REGRESSION/A15/combo-counts.json
4c56fd82542a56017ef5e59d3b0c9752ede52032f31f31c24c2de458153ad296  ??  artifacts/rust-tauri/R05/ENTRY-02/verify-R04/R03_REGRESSION/A15/combos/cancel-approval-wait.json
f861ce9b1dbe64f781134bae916b9c8f2503f4ad8572e98bfc18d180a4e35e33  ??  artifacts/rust-tauri/R05/ENTRY-02/verify-R04/R03_REGRESSION/A15/combos/cancel-stream-read.json
76b74d822e65d068718af971eb29865cc4891a50d128a35b0bc955cc3b6b65a2  ??  artifacts/rust-tauri/R05/ENTRY-02/verify-R04/R03_REGRESSION/A15/combos/crash-recovery.json
ef5545b54a472c39f9b09d995f9ba2e3671618a56d4de3eb7fe4fad24d81f22b  ??  artifacts/rust-tauri/R05/ENTRY-02/verify-R04/R03_REGRESSION/A15/combos/cross-session-parallel.json
7f7fd9a6f050ba6811d5b1d7313d11473f92089a4ec0fd2335779e99b59cdaa1  ??  artifacts/rust-tauri/R05/ENTRY-02/verify-R04/R03_REGRESSION/A15/combos/duplicate-submission.json
fc9b468ae0f2bd2cfff1a3ead3ba02756e59e73dc0c0a0ebb5142456d1ae38a8  ??  artifacts/rust-tauri/R05/ENTRY-02/verify-R04/R03_REGRESSION/A15/combos/leaf-parent-cancel.json
a59635405b3569b1c0c950cb282ecf3749923b36c6b1b5e4d3d21fc3f4458102  ??  artifacts/rust-tauri/R05/ENTRY-02/verify-R04/R03_REGRESSION/A15/combos/leaf-steer.json
fd60e4ca043c4073ddf838b3f0fe918436ede45ff7765efc8f1cad42821186f4  ??  artifacts/rust-tauri/R05/ENTRY-02/verify-R04/R03_REGRESSION/A15/combos/multi-tool.json
075cad25ce0207f3b49138b8d415d0db78da1005207b2f64d282b478bffa44ae  ??  artifacts/rust-tauri/R05/ENTRY-02/verify-R04/R03_REGRESSION/A15/combos/multi-turn-model.json
f94832aef81d68346dd1b25b1ad7312d6bc141a69a616a218b640aa170fbebcb  ??  artifacts/rust-tauri/R05/ENTRY-02/verify-R04/R03_REGRESSION/A15/combos/normal.json
44f5b48c4f288ee214f7053e16857997f1fb66a6be241466141301a16c6872e7  ??  artifacts/rust-tauri/R05/ENTRY-02/verify-R04/R03_REGRESSION/A15/combos/timeout-budget.json
505ecfbac3942739846be3a188cabea9d26c9641628253767c5457bdff2ab44f  ??  artifacts/rust-tauri/R05/ENTRY-02/verify-R04/R03_REGRESSION/A15/leaf-cases.json
bdaad3ebf5ff0689f1652a4b7c24716f5b0138db8876d8941ceb6bbe390650fa  ??  artifacts/rust-tauri/R05/ENTRY-02/verify-R04/R03_REGRESSION/A15/summary.txt
9a652a14c5a43c20164935bd4963aa32c2a32445a13a91c504c563352517c3b7  ??  artifacts/rust-tauri/R05/ENTRY-02/verify-R04/R03_REGRESSION/A16/captured-seed.txt
9a652a14c5a43c20164935bd4963aa32c2a32445a13a91c504c563352517c3b7  ??  artifacts/rust-tauri/R05/ENTRY-02/verify-R04/R03_REGRESSION/A16/p2-captured-seed-attempt-0.txt
9a652a14c5a43c20164935bd4963aa32c2a32445a13a91c504c563352517c3b7  ??  artifacts/rust-tauri/R05/ENTRY-02/verify-R04/R03_REGRESSION/A16/p3-replay-1-seed.txt
9a652a14c5a43c20164935bd4963aa32c2a32445a13a91c504c563352517c3b7  ??  artifacts/rust-tauri/R05/ENTRY-02/verify-R04/R03_REGRESSION/A16/p3-replay-2-seed.txt
3fd4aaf96fe0793daf71f6aa3f52fa6c74856c7ddd31d414962724cf4df651d5  ??  artifacts/rust-tauri/R05/ENTRY-02/verify-R04/R03_REGRESSION/A16/seed-mechanism.json
7d823ecd2fe778be4bc9ccdeaa060189bb8c8a9e8bd9737f51cb16fbd9b11f68  ??  artifacts/rust-tauri/R05/ENTRY-02/verify-R04/R03_REGRESSION/A16/summary.txt
5f7ef4991d4afea16fd8cd437d0e0b02f6b194f957746a7850b621807b94391e  ??  artifacts/rust-tauri/R05/ENTRY-02/verify-R04/R03_REGRESSION/G07_REPAIR/cases.jsonl
e3b0c44298fc1c149afbf4c8996fb92427ae41e4649b934ca495991b7852b855  ??  artifacts/rust-tauri/R05/ENTRY-02/verify-R04/R03_REGRESSION/G07_REPAIR/gaps.txt
1f29d43f2cf02b52219bc351e44642ea8aea0b0d413dd9064dac814574a7deff  ??  artifacts/rust-tauri/R05/ENTRY-02/verify-R04/R03_REGRESSION/G07_REPAIR/repair-cases.json
5df7a3de271b9e0346ecab24934c0ab10069d2d5ccf2a8abc6c612303c536ee6  ??  artifacts/rust-tauri/R05/ENTRY-02/verify-R04/R03_REGRESSION/G07_REPAIR/summary.txt
f9cdf4c9cd6267c0dd9a2ca05d52785f64ab7fd39f67d9d9a19cc7fef06a716a  ??  artifacts/rust-tauri/R05/ENTRY-02/verify-R04/R03_REGRESSION/R02/A05_A06/.last-body
1319bbe558a1a9043433da92529bc8c24d2b6fbcabc962836a938e946e273399  ??  artifacts/rust-tauri/R05/ENTRY-02/verify-R04/R03_REGRESSION/R02/A05_A06/body-limit.txt
c0c19dff508a998f0c6e1fbf2643c2d78647cd6495bc53c57d2566877a3abc0b  ??  artifacts/rust-tauri/R05/ENTRY-02/verify-R04/R03_REGRESSION/R02/A05_A06/cli-sessions-limit-case.json
ef05c5b22ae9882365d834c550fa2e870907bd6472633e4255d720fb58c86638  ??  artifacts/rust-tauri/R05/ENTRY-02/verify-R04/R03_REGRESSION/R02/A05_A06/creds-after-authz.json
567b83daae64870027ff758fdfc559ce13354031b0429835283f1584feb7fad6  ??  artifacts/rust-tauri/R05/ENTRY-02/verify-R04/R03_REGRESSION/R02/A05_A06/creds-before-authz.json
c20f79e48f5ea0d88388d88a163835a77699e69d1fbba1a077e584acb502abc8  ??  artifacts/rust-tauri/R05/ENTRY-02/verify-R04/R03_REGRESSION/R02/A05_A06/devices-after-authz.json
b8ddb1710b8b802401fcbad2b020c79742913eebb6885cae6e1eeb84b87985ce  ??  artifacts/rust-tauri/R05/ENTRY-02/verify-R04/R03_REGRESSION/R02/A05_A06/devices-before-authz.json
f7e8fbbf37c0619d9d8859641550f1c06547a0b505306a5c920663356d9acb9e  ??  artifacts/rust-tauri/R05/ENTRY-02/verify-R04/R03_REGRESSION/R02/A05_A06/leaf-cases.json
e47fbe4a0eee214f45097fe6cc8051763911c4849277e279b8838f761ab47414  ??  artifacts/rust-tauri/R05/ENTRY-02/verify-R04/R03_REGRESSION/R02/A05_A06/leaf-cases.ndjson
367d6a0e75fa37154d37117c5beab0962a5da69ee2140135691a829c0a885a40  ??  artifacts/rust-tauri/R05/ENTRY-02/verify-R04/R03_REGRESSION/R02/A05_A06/me-denied-after.sha256
367d6a0e75fa37154d37117c5beab0962a5da69ee2140135691a829c0a885a40  ??  artifacts/rust-tauri/R05/ENTRY-02/verify-R04/R03_REGRESSION/R02/A05_A06/me-denied-before.sha256
9901fa4939e8c0683cc392787126273c429530490fdebe18e68d1ad0c6fc2459  ??  artifacts/rust-tauri/R05/ENTRY-02/verify-R04/R03_REGRESSION/R02/A05_A06/sessions-list-matrix.json
7a7697cbef03cb562469cda16a039638151f005b8b60759f0b0fcf8743ce0023  ??  artifacts/rust-tauri/R05/ENTRY-02/verify-R04/R03_REGRESSION/R02/A05_A06/state-after-authn.txt
1657f97debaafc6036e1b9e1ac47342b3193baa3149d2c7f185078bde6c167d6  ??  artifacts/rust-tauri/R05/ENTRY-02/verify-R04/R03_REGRESSION/R02/A05_A06/state-after.txt
7a7697cbef03cb562469cda16a039638151f005b8b60759f0b0fcf8743ce0023  ??  artifacts/rust-tauri/R05/ENTRY-02/verify-R04/R03_REGRESSION/R02/A05_A06/state-before-authz.txt
7a7697cbef03cb562469cda16a039638151f005b8b60759f0b0fcf8743ce0023  ??  artifacts/rust-tauri/R05/ENTRY-02/verify-R04/R03_REGRESSION/R02/A05_A06/state-before.txt
26b9e4930d09cebb5df24520bfd35d1ce33dd3df4eea32671fa8f7e8adf12a11  ??  artifacts/rust-tauri/R05/ENTRY-02/verify-R04/R03_REGRESSION/R02/A05_A06/summary.txt
b786b2e9167a0252409a154f59ef07babcc954dc693aac1b7dbf1daa000b7da5  ??  artifacts/rust-tauri/R05/ENTRY-02/verify-R04/R03_REGRESSION/R02/A05_A06/ws-matrix.json
64e536c6e73bd7b4fe646a917fe404e43946e2112643ed10a45fc37125fab079  ??  artifacts/rust-tauri/R05/ENTRY-02/verify-R04/R03_REGRESSION/R02/A07_A08/last-db-hashes.txt
e613a984930f45c73fa5aa79af6955b0ac56faa30868e1da85d84a96a180eee3  ??  artifacts/rust-tauri/R05/ENTRY-02/verify-R04/R03_REGRESSION/R02/A07_A08/s1-counts-after-stop.json
6e11d3157e36f2f24de72943cc5df97aec8475c1e95a29c6fed9cc451e41da10  ??  artifacts/rust-tauri/R05/ENTRY-02/verify-R04/R03_REGRESSION/R02/A07_A08/s2-counts-after-crash.json
7a357bdf1c9ef8f2d578fd82642a21185bb00dce4b8dde219916a025abf625ad  ??  artifacts/rust-tauri/R05/ENTRY-02/verify-R04/R03_REGRESSION/R02/A07_A08/s2-runs-dump.jsonl
48c1154a2a151d20fe66eddf212d583fcab8b532f72697b4c5f2f6b47a2d279f  ??  artifacts/rust-tauri/R05/ENTRY-02/verify-R04/R03_REGRESSION/R02/A07_A08/s3-fault.err
e3b0c44298fc1c149afbf4c8996fb92427ae41e4649b934ca495991b7852b855  ??  artifacts/rust-tauri/R05/ENTRY-02/verify-R04/R03_REGRESSION/R02/A07_A08/s3-fault.out
066f7523de4dfb0ffea1293534ae4f66d7d321eb0b59db7eab3502ed975800fa  ??  artifacts/rust-tauri/R05/ENTRY-02/verify-R04/R03_REGRESSION/R02/A07_A08/s4-hashes-after.txt
066f7523de4dfb0ffea1293534ae4f66d7d321eb0b59db7eab3502ed975800fa  ??  artifacts/rust-tauri/R05/ENTRY-02/verify-R04/R03_REGRESSION/R02/A07_A08/s4-hashes-before.txt
a356ccf1651fa794098e4abb39c2e59f61bf49154241f60d0c92a0df638069ed  ??  artifacts/rust-tauri/R05/ENTRY-02/verify-R04/R03_REGRESSION/R02/A07_A08/s4-migrations-round1.json
a356ccf1651fa794098e4abb39c2e59f61bf49154241f60d0c92a0df638069ed  ??  artifacts/rust-tauri/R05/ENTRY-02/verify-R04/R03_REGRESSION/R02/A07_A08/s4-migrations-round2.json
a356ccf1651fa794098e4abb39c2e59f61bf49154241f60d0c92a0df638069ed  ??  artifacts/rust-tauri/R05/ENTRY-02/verify-R04/R03_REGRESSION/R02/A07_A08/s4-migrations-round3.json
de98c81296bec43adc2bdf616acdc55c6eaf1c4aaac3b30bec2a3ef2828dce32  ??  artifacts/rust-tauri/R05/ENTRY-02/verify-R04/R03_REGRESSION/R02/A07_A08/service-s1.err
648674cb7f5afaa3ae867caa768cbd709b738bb02a8f06184b9edec1bcddb088  ??  artifacts/rust-tauri/R05/ENTRY-02/verify-R04/R03_REGRESSION/R02/A07_A08/service-s1.out
e161122d6e130c8b05a9881063f1bfe20affe803c2cfae3cbc9a50bbe2902ecb  ??  artifacts/rust-tauri/R05/ENTRY-02/verify-R04/R03_REGRESSION/R02/A07_A08/service-s1b.err
09f60ae0c37fa6fa797be045613cd2284560dbb79eff60bd63c7fce27bb35cfb  ??  artifacts/rust-tauri/R05/ENTRY-02/verify-R04/R03_REGRESSION/R02/A07_A08/service-s1b.out
f9f30ff4d4fbe35ac1a091f4d5d5f17cb59e7e2df281d165c229f00c91c0a18d  ??  artifacts/rust-tauri/R05/ENTRY-02/verify-R04/R03_REGRESSION/R02/A07_A08/service-s2.err
b86cc1463b1e5410c64dcef55816ff1daab8faddd7ecad7c13315c5c9e168f6b  ??  artifacts/rust-tauri/R05/ENTRY-02/verify-R04/R03_REGRESSION/R02/A07_A08/service-s2.out
95e7dc4b9f8ef1bc3aad29cb4b12f71ab3a9e0bdb330ccc38e909c1c954adbcc  ??  artifacts/rust-tauri/R05/ENTRY-02/verify-R04/R03_REGRESSION/R02/A07_A08/service-s2b.err
dca8d4a2f0f92e7bb23afce3ad7a17de5cad20e26bc601b0f74dc1bfeb3e7919  ??  artifacts/rust-tauri/R05/ENTRY-02/verify-R04/R03_REGRESSION/R02/A07_A08/service-s2b.out
e3fd6074fb39bd1bfd9cc8049ed532e138b45ab986ec3d5427ec871cc6313edb  ??  artifacts/rust-tauri/R05/ENTRY-02/verify-R04/R03_REGRESSION/R02/A07_A08/service-s4-1.err
db3d551d061ef0599e95183062d67f69849a795bdf0d7cfef4d2f250411c829c  ??  artifacts/rust-tauri/R05/ENTRY-02/verify-R04/R03_REGRESSION/R02/A07_A08/service-s4-1.out
b9cd67e63a5e02ee65fc57908cf8dc803553dda42c13db8ddcec6bb5bf997ac9  ??  artifacts/rust-tauri/R05/ENTRY-02/verify-R04/R03_REGRESSION/R02/A07_A08/service-s4-2.err
54c4aed822ea61b0c0f61de1dcf4f6578983c4d7941c290d1ee4c43215cb62f0  ??  artifacts/rust-tauri/R05/ENTRY-02/verify-R04/R03_REGRESSION/R02/A07_A08/service-s4-2.out
ec94a9f861af15beca1a0517b9037cd056297c2d5e4b26d73f6c630d862cf33e  ??  artifacts/rust-tauri/R05/ENTRY-02/verify-R04/R03_REGRESSION/R02/A07_A08/service-s4-3.err
6b2a47d4200a88163785d1ebcd6a20562247d982ca29c4dd65834e5c3630693c  ??  artifacts/rust-tauri/R05/ENTRY-02/verify-R04/R03_REGRESSION/R02/A07_A08/service-s4-3.out
fdf2ec13833158fc1b97ccc26b6712c49f0c5e3eb5ec090d6d13fe2e18ade63f  ??  artifacts/rust-tauri/R05/ENTRY-02/verify-R04/R03_REGRESSION/R02/A07_A08/service.addr
0d46e044fa620a3df57a1a3597fc78312fe4f2098b85c1caaae9ed0a3437e425  ??  artifacts/rust-tauri/R05/ENTRY-02/verify-R04/R03_REGRESSION/R02/A07_A08/service.pid
ef0c69072110e13bcf354619c10a98d842e8e82779465f9daa468de30a268a6b  ??  artifacts/rust-tauri/R05/ENTRY-02/verify-R04/R03_REGRESSION/R02/A07_A08/summary.txt
9668ccbe529d1a9a7ca780215d075f3678f22c41760ef301f6dc430eefc510de  ??  artifacts/rust-tauri/R05/ENTRY-02/verify-R04/R03_REGRESSION/R02/A09_A10/a09-merged-view.json
cf2994b836704abb41d3803ce29c339db46ff03b466f1d2330aa8c09fa1efe7f  ??  artifacts/rust-tauri/R05/ENTRY-02/verify-R04/R03_REGRESSION/R02/A09_A10/a10-rebuild-diff.json
27aab25455ae947abf98a75ba950a2c21461da003c51fb26041b6044bf51ce16  ??  artifacts/rust-tauri/R05/ENTRY-02/verify-R04/R03_REGRESSION/R02/A09_A10/key-events-dump.json
3f0990b26ae381fbf861746d30a0f3a2ff80ce216a51f57548f6342ca5c194ba  ??  artifacts/rust-tauri/R05/ENTRY-02/verify-R04/R03_REGRESSION/R02/A09_A10/matrix.json
b1774bea3e515b74cf8fe554a5d1e44359d4024bad24100e285070acc9618ca9  ??  artifacts/rust-tauri/R05/ENTRY-02/verify-R04/R03_REGRESSION/R02/A09_A10/probe-matrix.jsonl
7b21710871e9d0c0c6d8ec081520d9bdee4989ecc52bfacfed9454d6aa2cef1b  ??  artifacts/rust-tauri/R05/ENTRY-02/verify-R04/R03_REGRESSION/R02/A09_A10/service.err
aab432f9dfed3f3c64a00b9a80dc1e7bbf72d4bd05ec8c810bfa2fa3d3687615  ??  artifacts/rust-tauri/R05/ENTRY-02/verify-R04/R03_REGRESSION/R02/A09_A10/service.out
d20936c6425d6e9565f80315c99bd95cb2496208d7a0d0f3ba4b3cc556754b94  ??  artifacts/rust-tauri/R05/ENTRY-02/verify-R04/R03_REGRESSION/R02/A09_A10/summary.txt
dd63f79ce1a39fdef735dbb9eb292c3f8a45db77c2513d3cc7379e5dbe13749e  ??  artifacts/rust-tauri/R05/ENTRY-02/verify-R04/R03_REGRESSION/R02/A11/backup-restore/s1-backup-dir-listing.txt
a358a63ccf23ed8507f9f961ad6a7a88c54bed47cf89387d291fae0e759cde4b  ??  artifacts/rust-tauri/R05/ENTRY-02/verify-R04/R03_REGRESSION/R02/A11/backup-restore/s1-backup-outcome.json
e3b0c44298fc1c149afbf4c8996fb92427ae41e4649b934ca495991b7852b855  ??  artifacts/rust-tauri/R05/ENTRY-02/verify-R04/R03_REGRESSION/R02/A11/backup-restore/s1-backup.err
fcced3f6e5f0c77bb803a3189457ace9cc11840c953b6e96f3bfcdada7f6be28  ??  artifacts/rust-tauri/R05/ENTRY-02/verify-R04/R03_REGRESSION/R02/A11/backup-restore/s1-restore-outcome.json
e3b0c44298fc1c149afbf4c8996fb92427ae41e4649b934ca495991b7852b855  ??  artifacts/rust-tauri/R05/ENTRY-02/verify-R04/R03_REGRESSION/R02/A11/backup-restore/s1-restore.err
29ce844024aa4be4159e695da2aadfc35c8322442381505b86d6a857acc79959  ??  artifacts/rust-tauri/R05/ENTRY-02/verify-R04/R03_REGRESSION/R02/A11/backup-restore/s1-restored-dump.jsonl
6d880c69c5f9f59fd7a0c20b9f2617fdf43b19a6d6314256d4958bd1afa09665  ??  artifacts/rust-tauri/R05/ENTRY-02/verify-R04/R03_REGRESSION/R02/A11/backup-restore/s1-restored-hash.txt
29ce844024aa4be4159e695da2aadfc35c8322442381505b86d6a857acc79959  ??  artifacts/rust-tauri/R05/ENTRY-02/verify-R04/R03_REGRESSION/R02/A11/backup-restore/s1-source-dump.jsonl
d8e15e2930d8999b095e234b5dacfcddc958c93e8ee1ad9f03d32c260d236492  ??  artifacts/rust-tauri/R05/ENTRY-02/verify-R04/R03_REGRESSION/R02/A11/backup-restore/s1-source-hash.txt
951e1f2cedf4a978898a4f9e620777561b8381ece9faf4223f8594a201f47f74  ??  artifacts/rust-tauri/R05/ENTRY-02/verify-R04/R03_REGRESSION/R02/A11/backup-restore/s1-wal-size.txt
e3b0c44298fc1c149afbf4c8996fb92427ae41e4649b934ca495991b7852b855  ??  artifacts/rust-tauri/R05/ENTRY-02/verify-R04/R03_REGRESSION/R02/A11/backup-restore/s3-backup-out.json
0a73e1898268c4046a8e442649f15abcadc4ca99016b69c57f2e0cb4d01140a6  ??  artifacts/rust-tauri/R05/ENTRY-02/verify-R04/R03_REGRESSION/R02/A11/backup-restore/s3-backup.err
9b33c4d50a9f7a0434980244454a85ce4288c7323241cf9ff22c50e6b8f8dd85  ??  artifacts/rust-tauri/R05/ENTRY-02/verify-R04/R03_REGRESSION/R02/A11/backup-restore/s4-ws-probe.json
a4c3ed04a95a3da14a9d235c83d868bed7c0f45cf7f3faa751ee8f50598d2211  ??  artifacts/rust-tauri/R05/ENTRY-02/verify-R04/R03_REGRESSION/R02/A11/backup-restore/s4-ws-probe.json.probe-done
cae9b31fbc11dbbf9cbb0795e40a21d20db8e6f8307e40353f6f1b9eb0f2c0c7  ??  artifacts/rust-tauri/R05/ENTRY-02/verify-R04/R03_REGRESSION/R02/A11/backup-restore/service-s1.addr
2d720071f18ebf719096a8346f09f9eead3ef1ecea53ae43ecdf9d7bd5c25ca9  ??  artifacts/rust-tauri/R05/ENTRY-02/verify-R04/R03_REGRESSION/R02/A11/backup-restore/service-s1.err
d8073d225c3f0e4bdc435664e846b02e852afebded67b05bf3a54feb0d1cfb24  ??  artifacts/rust-tauri/R05/ENTRY-02/verify-R04/R03_REGRESSION/R02/A11/backup-restore/service-s1.out
01c3ec68e02606d32f7a532c3dd8472a5e7f4e30d27c803b97025b37d09d5e62  ??  artifacts/rust-tauri/R05/ENTRY-02/verify-R04/R03_REGRESSION/R02/A11/backup-restore/service-s2.addr
ea7c97ea277f1b07e48574df5ff01d543f178890e0da66262ab5e8b93ef93803  ??  artifacts/rust-tauri/R05/ENTRY-02/verify-R04/R03_REGRESSION/R02/A11/backup-restore/service-s2.err
5656eb868c69ec40f3688e0d9a3d0c522760ca16e96d26b879bbce65de1d4a10  ??  artifacts/rust-tauri/R05/ENTRY-02/verify-R04/R03_REGRESSION/R02/A11/backup-restore/service-s2.out
6dfff9401caefac94489267e6c5b41b675658b75d5a8050b635fe07c36d48ae0  ??  artifacts/rust-tauri/R05/ENTRY-02/verify-R04/R03_REGRESSION/R02/A11/backup-restore/service-s4.addr
f0067228a7589fb438448e122a449d3dbc1acb99459780e38dd4be1118d839d9  ??  artifacts/rust-tauri/R05/ENTRY-02/verify-R04/R03_REGRESSION/R02/A11/backup-restore/service-s4.err
ad7af0049e409e13282aec4aa687f542926fde4697fc52db9d75432c63ebe7f1  ??  artifacts/rust-tauri/R05/ENTRY-02/verify-R04/R03_REGRESSION/R02/A11/backup-restore/service-s4.out
a7b4c94e63d3b61233ddf9704502ffe849ac17d5221c01cf00f34d633e05e491  ??  artifacts/rust-tauri/R05/ENTRY-02/verify-R04/R03_REGRESSION/R02/A11/backup-restore/service.pid
668ed90314dae2acbb6362721a735ad323dcedd827e5ccc35d22848e6361a2f5  ??  artifacts/rust-tauri/R05/ENTRY-02/verify-R04/R03_REGRESSION/R02/A11/backup-restore/summary.txt
4e2ad075a6a3f7c72c76f95baf745775938a21d89cbf1b505df25144439e7568  ??  artifacts/rust-tauri/R05/ENTRY-02/verify-R04/R03_REGRESSION/R02/A12/recovery-drill/coexist-after.txt
4e2ad075a6a3f7c72c76f95baf745775938a21d89cbf1b505df25144439e7568  ??  artifacts/rust-tauri/R05/ENTRY-02/verify-R04/R03_REGRESSION/R02/A12/recovery-drill/coexist-before.txt
0a0343c6a706c02481d3684be427e56ffceaf5e277f88cb5a15314329abc907c  ??  artifacts/rust-tauri/R05/ENTRY-02/verify-R04/R03_REGRESSION/R02/A12/recovery-drill/own-created-homes.txt
79be6d64aa93bf457e5b337dfa16a187af549e49a08c7760b4ddb0f61bedf8ac  ??  artifacts/rust-tauri/R05/ENTRY-02/verify-R04/R03_REGRESSION/R02/A12/recovery-drill/summary.txt
7b2f675d535131e9ee3b95eb996b520af42000b1efea572dc62eff72fd758a84  ??  artifacts/rust-tauri/R05/ENTRY-02/verify-R04/R03_REGRESSION/R02/A12/recovery-drill/v1-hashes-after.txt
7b2f675d535131e9ee3b95eb996b520af42000b1efea572dc62eff72fd758a84  ??  artifacts/rust-tauri/R05/ENTRY-02/verify-R04/R03_REGRESSION/R02/A12/recovery-drill/v1-hashes-before.txt
fa5cf53123b5d1812c1fbf0f4e32b1c56cc3e33a7b27a439d605f5028105bdea  ??  artifacts/rust-tauri/R05/ENTRY-02/verify-R04/R03_REGRESSION/R02/A12/recovery-drill/v1.err
e3b0c44298fc1c149afbf4c8996fb92427ae41e4649b934ca495991b7852b855  ??  artifacts/rust-tauri/R05/ENTRY-02/verify-R04/R03_REGRESSION/R02/A12/recovery-drill/v1.out
fcb269f1fc43e20619871bab0f6e464d30773313e55b17f725fc62249ab521be  ??  artifacts/rust-tauri/R05/ENTRY-02/verify-R04/R03_REGRESSION/R02/A12/recovery-drill/v2-hashes-after.txt
fcb269f1fc43e20619871bab0f6e464d30773313e55b17f725fc62249ab521be  ??  artifacts/rust-tauri/R05/ENTRY-02/verify-R04/R03_REGRESSION/R02/A12/recovery-drill/v2-hashes-before.txt
c9f28c1532c31bb84fae1961adec9057224e6d7dc1c5eb8441fd62805d70b25b  ??  artifacts/rust-tauri/R05/ENTRY-02/verify-R04/R03_REGRESSION/R02/A12/recovery-drill/v2.err
e3b0c44298fc1c149afbf4c8996fb92427ae41e4649b934ca495991b7852b855  ??  artifacts/rust-tauri/R05/ENTRY-02/verify-R04/R03_REGRESSION/R02/A12/recovery-drill/v2.out
a33ffd69acb495d9a221778bb2317e4cef00e4d752d794b9c1267890666ec43d  ??  artifacts/rust-tauri/R05/ENTRY-02/verify-R04/R03_REGRESSION/R02/A12/recovery-drill/v3-hashes-after.txt
a33ffd69acb495d9a221778bb2317e4cef00e4d752d794b9c1267890666ec43d  ??  artifacts/rust-tauri/R05/ENTRY-02/verify-R04/R03_REGRESSION/R02/A12/recovery-drill/v3-hashes-before.txt
2217ea58daa8299eaa4d3b00676a9af4ab9617c25511a973cdd8eb280900c64a  ??  artifacts/rust-tauri/R05/ENTRY-02/verify-R04/R03_REGRESSION/R02/A12/recovery-drill/v3.err
e3b0c44298fc1c149afbf4c8996fb92427ae41e4649b934ca495991b7852b855  ??  artifacts/rust-tauri/R05/ENTRY-02/verify-R04/R03_REGRESSION/R02/A12/recovery-drill/v3.out
2975d6de942fb82a8dc6ae32fd1b8cef3d652f66797f06eeb498609f10b0b559  ??  artifacts/rust-tauri/R05/ENTRY-02/verify-R04/R03_REGRESSION/R02/A12/recovery-drill/v4.err
a08c7a7d3eeb7062ec187ec792fea8098c419029ee5018de3ee5db97ce5addcd  ??  artifacts/rust-tauri/R05/ENTRY-02/verify-R04/R03_REGRESSION/R02/A12/recovery-drill/v4.out
e5db5c22a769a2e8d922e27b8d7194625a06bb3e495642953e7a5eac1e931b35  ??  artifacts/rust-tauri/R05/ENTRY-02/verify-R04/R03_REGRESSION/R02/A12/recovery-drill/v5-hashes-after.txt
e5db5c22a769a2e8d922e27b8d7194625a06bb3e495642953e7a5eac1e931b35  ??  artifacts/rust-tauri/R05/ENTRY-02/verify-R04/R03_REGRESSION/R02/A12/recovery-drill/v5-hashes-before.txt
b2c25382ce1ea576c6b6d3dc4f7f155e15c3f0b41d943965029087da80014909  ??  artifacts/rust-tauri/R05/ENTRY-02/verify-R04/R03_REGRESSION/R02/A12/recovery-drill/v5.err
e3b0c44298fc1c149afbf4c8996fb92427ae41e4649b934ca495991b7852b855  ??  artifacts/rust-tauri/R05/ENTRY-02/verify-R04/R03_REGRESSION/R02/A12/recovery-drill/v5.out
126806ec31195894ba0b010ab43fd4a5efea0c7c4351c63b45776aa27aa9edc3  ??  artifacts/rust-tauri/R05/ENTRY-02/verify-R04/R03_REGRESSION/R02/A12/recovery-drill/v6-recovered-dump.jsonl
27badc983df1780b60c2b3fa9d3a19a00e46aac798451f0febdca52920faaddf  ??  artifacts/rust-tauri/R05/ENTRY-02/verify-R04/R03_REGRESSION/R02/A12/recovery-drill/v6-seed-execute.txt
45040e77a35b302a9afc91deee933d42a66a7f170e698ae80f47950615fd7a6c  ??  artifacts/rust-tauri/R05/ENTRY-02/verify-R04/R03_REGRESSION/R02/A12/recovery-drill/v6-seed.err
9f51f0f2899345dbdfd57485300848b4c3cb9013d4ae1d52e50352f62daa1c6b  ??  artifacts/rust-tauri/R05/ENTRY-02/verify-R04/R03_REGRESSION/R02/A12/recovery-drill/v6-seed.out
6718a6aaf11864d7d7788e03631a4a64ecb57b22a7df50a166c8b5c20292131a  ??  artifacts/rust-tauri/R05/ENTRY-02/verify-R04/R03_REGRESSION/R02/A12/recovery-drill/v6.err
eab90a54279f0b451a648d1f1aeb0cf09bc1971dd5f593c6888afb059398d5a4  ??  artifacts/rust-tauri/R05/ENTRY-02/verify-R04/R03_REGRESSION/R02/A12/recovery-drill/v6.out
bd3454d72e219908af1265493d611896ce9b724f84abc9d94ec5634bf4555501  ??  artifacts/rust-tauri/R05/ENTRY-02/verify-R04/R03_REGRESSION/R02/A12/recovery-drill/v7-hashes-after.txt
bd3454d72e219908af1265493d611896ce9b724f84abc9d94ec5634bf4555501  ??  artifacts/rust-tauri/R05/ENTRY-02/verify-R04/R03_REGRESSION/R02/A12/recovery-drill/v7-hashes-before.txt
b18d4b50beaa0838ab41745909a56fd80d9037b522e9bf48261b1e293d3d05b1  ??  artifacts/rust-tauri/R05/ENTRY-02/verify-R04/R03_REGRESSION/R02/A12/recovery-drill/v7-seed.err
22adab4631fa74eda5edc0203f3c9ef9f9faa94140d6d4b2e1f83e45216047ac  ??  artifacts/rust-tauri/R05/ENTRY-02/verify-R04/R03_REGRESSION/R02/A12/recovery-drill/v7-seed.out
5481a39bc57b076de26d1eda809485c299627b8031db70604bbf6bce4fd5080c  ??  artifacts/rust-tauri/R05/ENTRY-02/verify-R04/R03_REGRESSION/R02/A12/recovery-drill/v7.err
e3b0c44298fc1c149afbf4c8996fb92427ae41e4649b934ca495991b7852b855  ??  artifacts/rust-tauri/R05/ENTRY-02/verify-R04/R03_REGRESSION/R02/A12/recovery-drill/v7.out
24aa4fa52d5bf3b4c9b5b586bc12952c22c7f97a4c793d4363f2c6f99bafb47c  ??  artifacts/rust-tauri/R05/ENTRY-02/verify-R04/R03_REGRESSION/R02/A12/recovery-drill/v8-observed.err
c41b9e622a2ea0b575dd55e83283ea9dbe63c1c2491d5e2784997e84448d4103  ??  artifacts/rust-tauri/R05/ENTRY-02/verify-R04/R03_REGRESSION/R02/A12/recovery-drill/v8-seed.err
53e97c02a2d4343bb4cf473738ce810435562040b9451a7a99602e2e60e8a8d4  ??  artifacts/rust-tauri/R05/ENTRY-02/verify-R04/R03_REGRESSION/R02/A12/recovery-drill/v8-seed.out
24aa4fa52d5bf3b4c9b5b586bc12952c22c7f97a4c793d4363f2c6f99bafb47c  ??  artifacts/rust-tauri/R05/ENTRY-02/verify-R04/R03_REGRESSION/R02/A12/recovery-drill/v8.err
7ff8dbd968ae32d761340f6121cbba2517df951b7a104653e0f82f8cc4fb3fca  ??  artifacts/rust-tauri/R05/ENTRY-02/verify-R04/R03_REGRESSION/R02/A12/recovery-drill/v8.out
2a2902ee9f4ff0a037894c49417693375de470d1007c0e98942dfa80a4315d49  ??  artifacts/rust-tauri/R05/ENTRY-02/verify-R04/R03_REGRESSION/R02/A15/full-chain/pre-restart-head.json
e3b0c44298fc1c149afbf4c8996fb92427ae41e4649b934ca495991b7852b855  ??  artifacts/rust-tauri/R05/ENTRY-02/verify-R04/R03_REGRESSION/R02/A15/full-chain/probe1.err
34a28ef97130c2b10b1b85c596e020e398c452cdc48ba0422059aa03f439b755  ??  artifacts/rust-tauri/R05/ENTRY-02/verify-R04/R03_REGRESSION/R02/A15/full-chain/probe1.pass-lines
e3b0c44298fc1c149afbf4c8996fb92427ae41e4649b934ca495991b7852b855  ??  artifacts/rust-tauri/R05/ENTRY-02/verify-R04/R03_REGRESSION/R02/A15/full-chain/probe2.err
28a411dc95be7e6596d2954fdbecf8eb034d9f8dc1248ab1d111c07c1c218b89  ??  artifacts/rust-tauri/R05/ENTRY-02/verify-R04/R03_REGRESSION/R02/A15/full-chain/probe2.pass-lines
ff52469909645366813258e674ac23b4904bedbbdb46936efc88a01abe3d15ff  ??  artifacts/rust-tauri/R05/ENTRY-02/verify-R04/R03_REGRESSION/R02/A15/full-chain/service1.err
d4b15bc73410ddc21f657757c9988c335ac26dbe81c3dca44799329e9326f771  ??  artifacts/rust-tauri/R05/ENTRY-02/verify-R04/R03_REGRESSION/R02/A15/full-chain/service1.out
ae7d9519b2c86adf5ee9db698fbcff163742ed169e221becb7631d6835107dd8  ??  artifacts/rust-tauri/R05/ENTRY-02/verify-R04/R03_REGRESSION/R02/A15/full-chain/service2.err
7dc47a1ddaf899d9802d256e44757755fa85222879ed14cc99720f0c41f2cefe  ??  artifacts/rust-tauri/R05/ENTRY-02/verify-R04/R03_REGRESSION/R02/A15/full-chain/service2.out
550810c48f75a30659c4246523e1f9fd7103a201e0672b5ac5b2026ba1da50c1  ??  artifacts/rust-tauri/R05/ENTRY-02/verify-R04/R03_REGRESSION/R02/A15/full-chain/summary.txt
523ab963a6589a5728516dedfd166d3bb33ca94dad0fc96ba72028e6cc17b218  ??  artifacts/rust-tauri/R05/ENTRY-02/verify-R04/R03_REGRESSION/R02/A16/legacy-entry/e0-base-purity.txt
24b3f0cebfca3759f0ec92c0c741abbc3370cd3c060f11884cd83e4414928971  ??  artifacts/rust-tauri/R05/ENTRY-02/verify-R04/R03_REGRESSION/R02/A16/legacy-entry/e0-candidate-binding.tsv
e3b0c44298fc1c149afbf4c8996fb92427ae41e4649b934ca495991b7852b855  ??  artifacts/rust-tauri/R05/ENTRY-02/verify-R04/R03_REGRESSION/R02/A16/legacy-entry/e0-candidate-dirty.diff
e3b0c44298fc1c149afbf4c8996fb92427ae41e4649b934ca495991b7852b855  ??  artifacts/rust-tauri/R05/ENTRY-02/verify-R04/R03_REGRESSION/R02/A16/legacy-entry/e0-candidate-dirty.txt
dafecdaa505ce47155b8f0b1a6b9d326f65e6e84a229add0428c0fb851a0e505  ??  artifacts/rust-tauri/R05/ENTRY-02/verify-R04/R03_REGRESSION/R02/A16/legacy-entry/e1-binding-surface-intersect.txt
e478b5019f8dc054385b670fc46863aacb8ae7bb2c6af54b195ae23a7474e9a3  ??  artifacts/rust-tauri/R05/ENTRY-02/verify-R04/R03_REGRESSION/R02/A16/legacy-entry/e1-default-entry-assertions.txt
ef2350de6ebbff4c6a51fabb6fb01f20fc0a67edbd04555ea9e9a1603d3e4f19  ??  artifacts/rust-tauri/R05/ENTRY-02/verify-R04/R03_REGRESSION/R02/A16/legacy-entry/e1-surface-diff-files.txt
65a8e4d55d1d7b3d0f11e06928569acf896fdaa4c01cf07c3eb17427b16c603a  ??  artifacts/rust-tauri/R05/ENTRY-02/verify-R04/R03_REGRESSION/R02/A16/legacy-entry/e5-cause-classes.txt
a6336e88a861d5d65bf8332c6e104672fbecde11272907b15e2847bc36cfc7b2  ??  artifacts/rust-tauri/R05/ENTRY-02/verify-R04/R03_REGRESSION/R02/A16/legacy-entry/e5-seal-family.txt
854082a01324e3174d1bf23aefa23841eede619df7286f8d2c253a858207ff9b  ??  artifacts/rust-tauri/R05/ENTRY-02/verify-R04/R03_REGRESSION/R02/A16/legacy-entry/summary.txt
4366e63153962eb499fd0e3c7caf8866f51640cbc97a3cf7549ba11d422fe7b9  ??  artifacts/rust-tauri/R05/ENTRY-02/verify-R04/R03_REGRESSION/candidate-source-after.json
4366e63153962eb499fd0e3c7caf8866f51640cbc97a3cf7549ba11d422fe7b9  ??  artifacts/rust-tauri/R05/ENTRY-02/verify-R04/R03_REGRESSION/candidate-source-before.json
26669ceef7b45b022bb2ca1157624ca04f91b874687b944ac5f120d50ee23f0a  ??  artifacts/rust-tauri/R05/ENTRY-02/verify-R04/R03_REGRESSION/verify-stage-result.json
10a16641e3405663989bf586c36c94e6522cc9932c30df552a4cb308377a9676  ??  artifacts/rust-tauri/R05/ENTRY-02/verify-R04/R04_MATRIX/cases/a15-directory-claim-refused.json
09f385efaedc793ea498845967037cfcbfc0fe2c163104737d7ff99e880e98bc  ??  artifacts/rust-tauri/R05/ENTRY-02/verify-R04/R04_MATRIX/cases/a15-gateway-audit-directory-ref-failed.json
d0df7dade822790f5735f4ebef501e03b8aa905318cb8a60905b81715d427965  ??  artifacts/rust-tauri/R05/ENTRY-02/verify-R04/R04_MATRIX/cases/a15-gateway-audit-fake-ref-failed.json
a0800cd68927a3e79f38730d4c55036813c6947a5675713428917d03a1b44145  ??  artifacts/rust-tauri/R05/ENTRY-02/verify-R04/R04_MATRIX/cases/a15-gateway-audit-real-ref-passes.json
8f9b212963fdfce437456018df1536c00c82aa2118f3c3af37532e979ed04f2b  ??  artifacts/rust-tauri/R05/ENTRY-02/verify-R04/R04_MATRIX/cases/a15-missing-claim-refused.json
04245f14680505fadaf81819e4b39818cf0d629654f8733039a6ac2e8d68bb98  ??  artifacts/rust-tauri/R05/ENTRY-02/verify-R04/R04_MATRIX/cases/a15-out-of-grant-claim-refused.json
e4bb14f7a842ae22ee91e7b3bebdfcc5273aec1410f84eb90970f2bc4dc3fc91  ??  artifacts/rust-tauri/R05/ENTRY-02/verify-R04/R04_MATRIX/cases/a15-real-delivery-registered.json
6895d6a72b4da91d630223ce6ad2b8320db84534f721b5748ac0f487c1a29223  ??  artifacts/rust-tauri/R05/ENTRY-02/verify-R04/R04_MATRIX/cases/a15-structure-violation-refused.json
94c57b04cb80a3ce8932e58d775b4aaa85affa76e33e34512e4a0bc47ade49a9  ??  artifacts/rust-tauri/R05/ENTRY-02/verify-R04/R04_MATRIX/cases/a16-alias-route-covered.json
506ae3c069a2a967546a4ca114bf3e15abac6ebcdb0f7e35b359b12c1cde92b5  ??  artifacts/rust-tauri/R05/ENTRY-02/verify-R04/R04_MATRIX/cases/a16-history-preserved.json
901361017912bc20e016d13a2a4f8d701ddee123481ac52c440c176b6d9510aa  ??  artifacts/rust-tauri/R05/ENTRY-02/verify-R04/R04_MATRIX/cases/approval-answer-executes-once.json
bd45162c41ae2eec362f6f35bc50015ae2a8266f70ce5f91d5c45e5ad8053270  ??  artifacts/rust-tauri/R05/ENTRY-02/verify-R04/R04_MATRIX/cases/approval-duplicate-idempotent.json
bababcc7f3e64579d35c9259a419a674630e4e549217be76c41f04eda4f0bcdc  ??  artifacts/rust-tauri/R05/ENTRY-02/verify-R04/R04_MATRIX/cases/approval-reject-zero-dispatch.json
20fd6bee69494fece169e2b99ea1e3085ddffbb071d88ebc23f7dcaeb412c721  ??  artifacts/rust-tauri/R05/ENTRY-02/verify-R04/R04_MATRIX/cases/catalog-face-lists-mcp-tools-with-permission.json
a6740bd82388993cca6d0b79d294334e6ad84438d23b819303e84cb2670999df  ??  artifacts/rust-tauri/R05/ENTRY-02/verify-R04/R04_MATRIX/cases/future-tool-shape-ast_edit-discoverable-not-callable.json
821137c4819111c5cab65e31fe33146b843d4bc963a7ae66bf3c6139aab4dc68  ??  artifacts/rust-tauri/R05/ENTRY-02/verify-R04/R04_MATRIX/cases/future-tool-shape-ast_grep-discoverable-not-callable.json
9827cfcbf4ea963126bc89e02f8247506844fc54c5a0d9086547106cafdcdefd  ??  artifacts/rust-tauri/R05/ENTRY-02/verify-R04/R04_MATRIX/cases/future-tool-shape-file-discoverable-not-callable.json
cb8e2db3b924a24b0bf8d611b22015f3a2a10ccc3f6ee16a819bc9388379c7f3  ??  artifacts/rust-tauri/R05/ENTRY-02/verify-R04/R04_MATRIX/cases/future-tool-shape-find-discoverable-not-callable.json
1c192846cc1d07ba6864e5dd594b97a48f402ab5519fca2040ecc7edc3d3fd02  ??  artifacts/rust-tauri/R05/ENTRY-02/verify-R04/R04_MATRIX/cases/future-tool-shape-grep-discoverable-not-callable.json
bbe14f10f21cc0a2c306c3554804930c3bf5b13c66b6b90cf1c79b465e394c3b  ??  artifacts/rust-tauri/R05/ENTRY-02/verify-R04/R04_MATRIX/cases/future-tool-shape-ls-discoverable-not-callable.json
a9b97d5170fb12a3359bdde03aa8fdfc8fe089399cd5f1dc3810dacaf5ac5653  ??  artifacts/rust-tauri/R05/ENTRY-02/verify-R04/R04_MATRIX/cases/future-tool-shape-lsp-discoverable-not-callable.json
6bc884d530bd7615a63e4dd9241155689273f4f9c70ccc044e2d91afc8eba4f1  ??  artifacts/rust-tauri/R05/ENTRY-02/verify-R04/R04_MATRIX/cases/future-tool-shape-materialize-discoverable-not-callable.json
5904c81036b270e82834b8084ca4b8b9b4492957d7d3ac5a83328f9bdc84b538  ??  artifacts/rust-tauri/R05/ENTRY-02/verify-R04/R04_MATRIX/cases/future-tool-shape-run_code-discoverable-not-callable.json
c9d67aa6d2f3fce41a3a011e42ac47399824eae28c54e2b89cf0bdae0dbf8052  ??  artifacts/rust-tauri/R05/ENTRY-02/verify-R04/R04_MATRIX/cases/future-tool-shape-security_scan-discoverable-not-callable.json
6cf1880613144cb8b359bd1c195f561f79c42836315ec94767b2336f24a9b783  ??  artifacts/rust-tauri/R05/ENTRY-02/verify-R04/R04_MATRIX/cases/future-tool-shape-stage_files-discoverable-not-callable.json
87164a841282a81c7b614451f88f157e89c03336043524a16637aa848d201f59  ??  artifacts/rust-tauri/R05/ENTRY-02/verify-R04/R04_MATRIX/cases/gateway-each-call-independent-permission.json
7d3631b38221c7c56e5b77793921c4de3ab067e7097d1c77131e73a3dadb0ce5  ??  artifacts/rust-tauri/R05/ENTRY-02/verify-R04/R04_MATRIX/cases/matrix-lifecycle-disable-holes.json
52e2294d2db41ba60884ca74bedd63d9e196def8ea43623c327cf7579c72e6e0  ??  artifacts/rust-tauri/R05/ENTRY-02/verify-R04/R04_MATRIX/cases/matrix-lifecycle-generation-refusals.json
710d96abbd53795e2f40639001eee2454a6ce7e5a285c883f9cd62f1b58ebda9  ??  artifacts/rust-tauri/R05/ENTRY-02/verify-R04/R04_MATRIX/cases/matrix-lifecycle-uninstall-holes.json
23c16612d569bb60e563215b453c022203ab19f05298ce7c9a3fc080da10b7d2  ??  artifacts/rust-tauri/R05/ENTRY-02/verify-R04/R04_MATRIX/cases/matrix-permission-consistency.json
d475fb8c9114bfdf95de5cc202da903bf354241d13f071bce870d8ba2502fd60  ??  artifacts/rust-tauri/R05/ENTRY-02/verify-R04/R04_MATRIX/cases/matrix-route-consistency.json
2b451a4a1fd773fba2e107116235dd5f28a06d104c7f7450f221f662510fc070  ??  artifacts/rust-tauri/R05/ENTRY-02/verify-R04/R04_MATRIX/cases/matrix-tool-family-count.json
1e442f90436b22848aeb3329ce35c020def0d74ba7d6bbc49eb983573e8e708d  ??  artifacts/rust-tauri/R05/ENTRY-02/verify-R04/R04_MATRIX/cases/mcp-connector-catalog-sync.json
02be7eb700e551cb0a000177a0e033872c65ad8b5ef7f46d66c014ecf3fb7150  ??  artifacts/rust-tauri/R05/ENTRY-02/verify-R04/R04_MATRIX/cases/mcp-connector-register-handshake.json
905e6508c4c99929579667bd3184014916a117d7522917621f1aea839bdd039e  ??  artifacts/rust-tauri/R05/ENTRY-02/verify-R04/R04_MATRIX/cases/mcp-describe-real-identity.json
42c719e1d9f2fdae556b08414f6facea228b729210f804971fb1f41772e1ec5f  ??  artifacts/rust-tauri/R05/ENTRY-02/verify-R04/R04_MATRIX/cases/mcp-search-namespaced.json
dfbc531d38332ae34bc27eef48d7c96103f6f7b0cf55e51377608e95deffabc9  ??  artifacts/rust-tauri/R05/ENTRY-02/verify-R04/R04_MATRIX/cases/mcp-tool-call-full-chain.json
916eba77e6c3a4f9a8bf58bdf3a14d110fe9b75b22aa316ce7a47412c013fa04  ??  artifacts/rust-tauri/R05/ENTRY-02/verify-R04/R04_MATRIX/cases/mcp-tool-permission-face.json
c3f30127a40dfa980a32479cec6547074c067a4d8cd61e858b0aa7dc095455b3  ??  artifacts/rust-tauri/R05/ENTRY-02/verify-R04/R04_MATRIX/cases/permission-face-modes-verifiable.json
c51a56cfdce860c73de8e015f088d38b31bbf8e373a0dc6e1c8e43f9b5f80a2c  ??  artifacts/rust-tauri/R05/ENTRY-02/verify-R04/R04_MATRIX/cases/preauthorization-single-session-scoped.json
eefd602104c2c290f3a2704acec9cf3923cbf072e0e9ac1e5dad4b1103794f05  ??  artifacts/rust-tauri/R05/ENTRY-02/verify-R04/R04_MATRIX/cases/semantics-cancel-leaves-no-fabricated-receipt.json
1c8fced2b48030b05d00ab397c3aa0470c4f068287f841b1c7e53778b43e038d  ??  artifacts/rust-tauri/R05/ENTRY-02/verify-R04/R04_MATRIX/cases/semantics-failed-never-dispatched-receipt.json
220379bb262285fad8e6314d35a23f12ba26fcb0e501fe2431141c1a4d28a5a2  ??  artifacts/rust-tauri/R05/ENTRY-02/verify-R04/R04_MATRIX/cases/semantics-success-receipt-dispatched.json
8337cc9f0c6c3a4eeb0b4beb6ff1d93acd40878d92c9f16c4649942469017888  ??  artifacts/rust-tauri/R05/ENTRY-02/verify-R04/R04_MATRIX/cases/semantics-unknown-receipt-honest.json
cb89e56a59ac812a63576832232489b328ac7abf8041df762e7b1af1e2caa95d  ??  artifacts/rust-tauri/R05/ENTRY-02/verify-R04/R04_MATRIX/cases/sup01-ask-subagent-write-refused.json
1b21930f6737d6935a82328d4afb7b4fd7b439c107b48d01b29e4cdfa7399015  ??  artifacts/rust-tauri/R05/ENTRY-02/verify-R04/R04_MATRIX/cases/terminal-close-stops-terminal.json
59095540a473b474ab918f20eb08986f6bbb6cbfd08c49b9810963ae37407de5  ??  artifacts/rust-tauri/R05/ENTRY-02/verify-R04/R04_MATRIX/cases/terminal-snapshot-current-transcript.json
004a41eae978391bad56ebe5c3e6d2ced1a2c02eda01a37f79abc8867cb5a063  ??  artifacts/rust-tauri/R05/ENTRY-02/verify-R04/R04_MATRIX/cases/terminal-tail-cursor-continuation.json
16870fec4c31cd9e67e56d3328c74d20f9213a2e96113c28be3d7f7fe0d28979  ??  artifacts/rust-tauri/R05/ENTRY-02/verify-R04/R04_MATRIX/cases/tool-edit-conflict-preserves-user-version.json
bb810a38ce8bfbcafc0d64e1fc2831a08e952dfdc4a057fd99166ef589df1032  ??  artifacts/rust-tauri/R05/ENTRY-02/verify-R04/R04_MATRIX/cases/tool-edit-real-chain.json
bec2c6d085918085fb7eb01f8ec54ea53681b68aa489b59bc0a8e9b272c5c02e  ??  artifacts/rust-tauri/R05/ENTRY-02/verify-R04/R04_MATRIX/cases/tool-exec-cancel-cleanup.json
c0341bc7ba746aaa51754e5650264b1d7d55e93d55ea2a03df67769834825bcc  ??  artifacts/rust-tauri/R05/ENTRY-02/verify-R04/R04_MATRIX/cases/tool-exec-command-real-chain.json
e990fcd2da49cb923f667ea1714cfea3f69c8f3bd0002416761b93ab35d87ec3  ??  artifacts/rust-tauri/R05/ENTRY-02/verify-R04/R04_MATRIX/cases/tool-read-real-chain.json
ea288f832ccf584b20e6d0ef80d0116568fd2c989aff55d985adce98266f5f62  ??  artifacts/rust-tauri/R05/ENTRY-02/verify-R04/R04_MATRIX/cases/tool-write-real-chain.json
52e2d9bbf2b9890f5b4d03bf7c27cfb6c82322790e254fc813b47b7f093d939f  ??  artifacts/rust-tauri/R05/ENTRY-02/verify-R04/R04_MATRIX/cases/tool-write-stdin-continuation.json
83f514b83ad20e51f11205b345ebcce85d4423a69379cb2a9804c8ceaf07a027  ??  artifacts/rust-tauri/R05/ENTRY-02/verify-R04/R04_MATRIX/cases/tool-write-stdin-foreign-writes.json
c471fa08013c67ab99fb67a5e4e430f83cfc349758cdc601fb53e35b1ee28397  ??  artifacts/rust-tauri/R05/ENTRY-02/verify-R04/R04_MATRIX/leaf-cases.json
1dbc5972065a848f6d2d8456df0891660c2c695ca72f24c3d4bd7fde395b462e  ??  artifacts/rust-tauri/R05/ENTRY-02/verify-R04/R04_MATRIX/matrix-counts.json
4d427e411d4094175bda8b798c0114af4830967a0acf48fd27ee7f9e11c1fd46  ??  artifacts/rust-tauri/R05/ENTRY-02/verify-R04/R04_MATRIX/summary.txt
03e75607ce89dd2e535b6cf22efaed7cf04a57924ed973dec1a260cb30c15557  ??  artifacts/rust-tauri/R05/ENTRY-02/verify-R04/R04_RR1_REPAIR/cases.jsonl
b4fd3ba1d5faec40aabb94b266bc3484540894de3ccac3756469a6737878300a  ??  artifacts/rust-tauri/R05/ENTRY-02/verify-R04/R04_RR1_REPAIR/cid-table.txt
e3b0c44298fc1c149afbf4c8996fb92427ae41e4649b934ca495991b7852b855  ??  artifacts/rust-tauri/R05/ENTRY-02/verify-R04/R04_RR1_REPAIR/gaps.txt
ba844bee5f873a8bb6499613c3ac20e7d0807fd4d848e52c3021047ed6b60bd7  ??  artifacts/rust-tauri/R05/ENTRY-02/verify-R04/R04_RR1_REPAIR/pin-table.txt
e3a88bae43771884e0e5533f962b936823b53d97a6a31a19b8bbdf8fd6ea8ad8  ??  artifacts/rust-tauri/R05/ENTRY-02/verify-R04/R04_RR1_REPAIR/rr1-cases.json
a5320ab81cc9b04ac125140a9bffca4f8fd222c774b5109b4c869beed40631bf  ??  artifacts/rust-tauri/R05/ENTRY-02/verify-R04/R04_RR1_REPAIR/summary.txt
063de4ba5573273a321e1517387bbe53a13a19c24fec3a872d7d2f235692381c  ??  artifacts/rust-tauri/R05/ENTRY-02/verify-R04/candidate-source-after.json
063de4ba5573273a321e1517387bbe53a13a19c24fec3a872d7d2f235692381c  ??  artifacts/rust-tauri/R05/ENTRY-02/verify-R04/candidate-source-before.json
ce68b4403f9a572fc91d17cbf73c50bdb364bb6b530988c00c76ba288efe8bfd  ??  artifacts/rust-tauri/R05/ENTRY-02/verify-R04/verify-stage-result.json
f5b0981175fe9bd307c7bb4e8dcb8490cfa58585d62d9c3e2f7eb03e4e875e54  ??  artifacts/rust-tauri/R05/T01/verify-R04/R03_REGRESSION/A15/cases/background-run-completes-decoupled.json
fda5f46e011354371ff149d97818d48d3b78dca205e17e8a7b39dba1cb4013e6  ??  artifacts/rust-tauri/R05/T01/verify-R04/R03_REGRESSION/A15/cases/background-survives-unrelated-cancel.json
92eebd1162583e5ed42a8e61a80b5c84e94753ed6562c35c930ebb65f6e23f01  ??  artifacts/rust-tauri/R05/T01/verify-R04/R03_REGRESSION/A15/cases/cancel-live-run-accepted-terminal-cancelled.json
edc380e78d3b8f95b51f12c2bbfcb702760327da3f20bd6c9f456b5c7e0934de  ??  artifacts/rust-tauri/R05/T01/verify-R04/R03_REGRESSION/A15/cases/cancel-terminal-run-already-terminal.json
e320e539d701e4f285fcff1a42629b28016fa5f103e77fccb5c1ddf921155742  ??  artifacts/rust-tauri/R05/T01/verify-R04/R03_REGRESSION/A15/cases/cancel-unknown-run-not-found.json
a513a19cd5ca9bc857d2e01c9be7ec61e3e5677e7d1948db618b31fb7aba127a  ??  artifacts/rust-tauri/R05/T01/verify-R04/R03_REGRESSION/A15/cases/cancel-waiting-approval-cancels-cleanly.json
602b436fbd1f0de778ca086853030197fe28a3fde1a5f694ebea64e4f8779c8a  ??  artifacts/rust-tauri/R05/T01/verify-R04/R03_REGRESSION/A15/cases/combo-cancel-stream-terminal-cancelled.json
b24ff9cdbb08092492dd68815bdf3c4a6f38c8e2a42cd79c30abbfcacdfef745  ??  artifacts/rust-tauri/R05/T01/verify-R04/R03_REGRESSION/A15/cases/combo-crash-recovery-honest-interrupted.json
d9e8dea9429b0f0c9fc86be7f31dcd96b4b227e1174dcdea6d1f00b177ec2987  ??  artifacts/rust-tauri/R05/T01/verify-R04/R03_REGRESSION/A15/cases/combo-cross-session-both-complete.json
106bebd1aa293f120bb83f22b33de1e19ae817a4963587e2ee17be8731293349  ??  artifacts/rust-tauri/R05/T01/verify-R04/R03_REGRESSION/A15/cases/combo-duplicate-conflict-rejected.json
eafb37ffcb4d76d45d58a64d80d9ef413064c1f979d64ba1cc2e609d147963fc  ??  artifacts/rust-tauri/R05/T01/verify-R04/R03_REGRESSION/A15/cases/combo-duplicate-replay-no-second-run.json
346e6cb6ae16f125e4bbfdbf24d2bbcf63c92fa9642b2676fa06a78bfa1e8fdb  ??  artifacts/rust-tauri/R05/T01/verify-R04/R03_REGRESSION/A15/cases/combo-events-subscriber-saw-terminal.json
97a0c8f8404d1c042f8f7efd240d5d5f5446103b21bcccf9c5c90461b6082043  ??  artifacts/rust-tauri/R05/T01/verify-R04/R03_REGRESSION/A15/cases/combo-multi-tool-three-calls.json
aa936466e694a90f4087b7ae928f7c9b96ae1450073774fcb29d177dfa59c7b6  ??  artifacts/rust-tauri/R05/T01/verify-R04/R03_REGRESSION/A15/cases/combo-multi-turn-one-terminal.json
f7bdd9e301d37d6a062e13225cfc84d7e96c1f88cd75d34e300ab00dd0fad0a0  ??  artifacts/rust-tauri/R05/T01/verify-R04/R03_REGRESSION/A15/cases/combo-normal-run-completed.json
51d8bd26cb2f29bee74097b5ef9a36e3389a56a1c7127e86fa36d75a8106659e  ??  artifacts/rust-tauri/R05/T01/verify-R04/R03_REGRESSION/A15/cases/combo-out-of-order-late-result-fenced.json
e18f1fcb5cc4af47da6184707fb88e0c0ed656f1fafffe8020a3001c9826c931  ??  artifacts/rust-tauri/R05/T01/verify-R04/R03_REGRESSION/A15/cases/combo-timeout-budget-loud-failure.json
ccbc0f5c630f404851ca1c561fd5c73421ba9b217ceeff29973b263f05e30888  ??  artifacts/rust-tauri/R05/T01/verify-R04/R03_REGRESSION/A15/cases/parent-cancel-stops-child-run.json
d72d7e1151ea38a4eeb9ad435aa66dc376039e41ff714f9f550e1f2c8934585a  ??  artifacts/rust-tauri/R05/T01/verify-R04/R03_REGRESSION/A15/cases/reconnect-resume-no-model-restart.json
5d89ed42d309bfcfd13956b901f209eb432200e88c2ae1eea74d6eaffe625b2a  ??  artifacts/rust-tauri/R05/T01/verify-R04/R03_REGRESSION/A15/cases/steer-busy-accepted.json
360ccd0c00f5114974f5f2967860d1c339a2e2baa808a2f5dca49f334fe0d386  ??  artifacts/rust-tauri/R05/T01/verify-R04/R03_REGRESSION/A15/cases/steer-idle-miss.json
d00e58227225a313e612b18019d7f95a07382b0426ab7fbeb39bc4b05b740cc5  ??  artifacts/rust-tauri/R05/T01/verify-R04/R03_REGRESSION/A15/cases/steer-text-drained-into-model-input.json
1d91fbec57470aebfedf338d49c5109fdd0216e02d720737ed53335eb06ae4c8  ??  artifacts/rust-tauri/R05/T01/verify-R04/R03_REGRESSION/A15/cases/subagent-child-cancel-stops-child-only.json
25c6b5b26b72b0a4408db94f4f0e40b77faa84d32ccfeaffaf04e29fb20c07c9  ??  artifacts/rust-tauri/R05/T01/verify-R04/R03_REGRESSION/A15/cases/subagent-close-thread-closed-status.json
c8d7de61de38e7dfa38ea3376602da5c50882e6d6238c3a1ff61b6ac7df04418  ??  artifacts/rust-tauri/R05/T01/verify-R04/R03_REGRESSION/A15/cases/subagent-dispatch-child-lineage-recorded.json
dce5bbb9b54961ee64c8634f90f4f2600975918f6a2590b57b7b28dd425016bd  ??  artifacts/rust-tauri/R05/T01/verify-R04/R03_REGRESSION/A15/cases/subagent-escalation-write-denied-zero-children.json
dcd19d358a8a5e560042eee304f1f5460d1c79ba1a64d611fb1007b830562010  ??  artifacts/rust-tauri/R05/T01/verify-R04/R03_REGRESSION/A15/cases/subagent-policy-proactive-delegation-default-off.json
ffef3903ae224f661b415622ed9c76da5e265c01a9c15b867f429c1f6d10ef15  ??  artifacts/rust-tauri/R05/T01/verify-R04/R03_REGRESSION/A15/cases/subagent-reply-continues-thread.json
d097c60f1416e1febc17bd0959b1c9252ca9be86b6a1e982d42d9240a38b107e  ??  artifacts/rust-tauri/R05/T01/verify-R04/R03_REGRESSION/A15/combo-counts.json
4c56fd82542a56017ef5e59d3b0c9752ede52032f31f31c24c2de458153ad296  ??  artifacts/rust-tauri/R05/T01/verify-R04/R03_REGRESSION/A15/combos/cancel-approval-wait.json
f861ce9b1dbe64f781134bae916b9c8f2503f4ad8572e98bfc18d180a4e35e33  ??  artifacts/rust-tauri/R05/T01/verify-R04/R03_REGRESSION/A15/combos/cancel-stream-read.json
76b74d822e65d068718af971eb29865cc4891a50d128a35b0bc955cc3b6b65a2  ??  artifacts/rust-tauri/R05/T01/verify-R04/R03_REGRESSION/A15/combos/crash-recovery.json
ef5545b54a472c39f9b09d995f9ba2e3671618a56d4de3eb7fe4fad24d81f22b  ??  artifacts/rust-tauri/R05/T01/verify-R04/R03_REGRESSION/A15/combos/cross-session-parallel.json
7f7fd9a6f050ba6811d5b1d7313d11473f92089a4ec0fd2335779e99b59cdaa1  ??  artifacts/rust-tauri/R05/T01/verify-R04/R03_REGRESSION/A15/combos/duplicate-submission.json
fc9b468ae0f2bd2cfff1a3ead3ba02756e59e73dc0c0a0ebb5142456d1ae38a8  ??  artifacts/rust-tauri/R05/T01/verify-R04/R03_REGRESSION/A15/combos/leaf-parent-cancel.json
a59635405b3569b1c0c950cb282ecf3749923b36c6b1b5e4d3d21fc3f4458102  ??  artifacts/rust-tauri/R05/T01/verify-R04/R03_REGRESSION/A15/combos/leaf-steer.json
fd60e4ca043c4073ddf838b3f0fe918436ede45ff7765efc8f1cad42821186f4  ??  artifacts/rust-tauri/R05/T01/verify-R04/R03_REGRESSION/A15/combos/multi-tool.json
075cad25ce0207f3b49138b8d415d0db78da1005207b2f64d282b478bffa44ae  ??  artifacts/rust-tauri/R05/T01/verify-R04/R03_REGRESSION/A15/combos/multi-turn-model.json
f94832aef81d68346dd1b25b1ad7312d6bc141a69a616a218b640aa170fbebcb  ??  artifacts/rust-tauri/R05/T01/verify-R04/R03_REGRESSION/A15/combos/normal.json
44f5b48c4f288ee214f7053e16857997f1fb66a6be241466141301a16c6872e7  ??  artifacts/rust-tauri/R05/T01/verify-R04/R03_REGRESSION/A15/combos/timeout-budget.json
505ecfbac3942739846be3a188cabea9d26c9641628253767c5457bdff2ab44f  ??  artifacts/rust-tauri/R05/T01/verify-R04/R03_REGRESSION/A15/leaf-cases.json
bdaad3ebf5ff0689f1652a4b7c24716f5b0138db8876d8941ceb6bbe390650fa  ??  artifacts/rust-tauri/R05/T01/verify-R04/R03_REGRESSION/A15/summary.txt
e31506e5ff83e024b71780cb7d2934afe7627a64275cb4668f0553035de3f702  ??  artifacts/rust-tauri/R05/T01/verify-R04/R03_REGRESSION/R02/A05_A06/.last-body
1319bbe558a1a9043433da92529bc8c24d2b6fbcabc962836a938e946e273399  ??  artifacts/rust-tauri/R05/T01/verify-R04/R03_REGRESSION/R02/A05_A06/body-limit.txt
c0c19dff508a998f0c6e1fbf2643c2d78647cd6495bc53c57d2566877a3abc0b  ??  artifacts/rust-tauri/R05/T01/verify-R04/R03_REGRESSION/R02/A05_A06/cli-sessions-limit-case.json
1fd5d8dfc88bc139fd77c59fa485b83ec8c05f6798c3559ab96e0ccecad1d212  ??  artifacts/rust-tauri/R05/T01/verify-R04/R03_REGRESSION/R02/A05_A06/creds-after-authz.json
996ceca8a879184a99cf43dcb35aa1dba5545063b3d6f38339663b358c886230  ??  artifacts/rust-tauri/R05/T01/verify-R04/R03_REGRESSION/R02/A05_A06/creds-before-authz.json
06e6281b41130e7a2ee8de6282b51b64c75a640ba8237fdd8d49d27173cf522a  ??  artifacts/rust-tauri/R05/T01/verify-R04/R03_REGRESSION/R02/A05_A06/devices-after-authz.json
5547674a4ae290de03285ac6e09ab64139784372e5a8e7dda217eecf10ec4088  ??  artifacts/rust-tauri/R05/T01/verify-R04/R03_REGRESSION/R02/A05_A06/devices-before-authz.json
c7c75ccd3e486c1ba85f1e731c0a6d573195e153fffb1e1f4f0a3c8c0575eb54  ??  artifacts/rust-tauri/R05/T01/verify-R04/R03_REGRESSION/R02/A05_A06/leaf-cases.json
8befe3a4d31d55f6321b056fde0193fad5635e60d2dbdb4bd0295062dd30d0eb  ??  artifacts/rust-tauri/R05/T01/verify-R04/R03_REGRESSION/R02/A05_A06/leaf-cases.ndjson
52319b9f4b04b0e614bbcb3a406a635b325fdb0fad8ee969d74056ad20327534  ??  artifacts/rust-tauri/R05/T01/verify-R04/R03_REGRESSION/R02/A05_A06/me-denied-after.sha256
52319b9f4b04b0e614bbcb3a406a635b325fdb0fad8ee969d74056ad20327534  ??  artifacts/rust-tauri/R05/T01/verify-R04/R03_REGRESSION/R02/A05_A06/me-denied-before.sha256
9901fa4939e8c0683cc392787126273c429530490fdebe18e68d1ad0c6fc2459  ??  artifacts/rust-tauri/R05/T01/verify-R04/R03_REGRESSION/R02/A05_A06/sessions-list-matrix.json
6fd15d849260a1bab8fcc317705d2c3a7257837445e8d6d45907e1ae921c7aaf  ??  artifacts/rust-tauri/R05/T01/verify-R04/R03_REGRESSION/R02/A05_A06/state-after-authn.txt
1ab75ea44b08f334bdd7bb2885adca8508dd2c30f1a22af637186c1c441019fb  ??  artifacts/rust-tauri/R05/T01/verify-R04/R03_REGRESSION/R02/A05_A06/state-after.txt
6fd15d849260a1bab8fcc317705d2c3a7257837445e8d6d45907e1ae921c7aaf  ??  artifacts/rust-tauri/R05/T01/verify-R04/R03_REGRESSION/R02/A05_A06/state-before-authz.txt
6fd15d849260a1bab8fcc317705d2c3a7257837445e8d6d45907e1ae921c7aaf  ??  artifacts/rust-tauri/R05/T01/verify-R04/R03_REGRESSION/R02/A05_A06/state-before.txt
76cc98709e7bbc44ed20585361efc45edbd7dbf5afbed28ba20b6dec35cb1d38  ??  artifacts/rust-tauri/R05/T01/verify-R04/R03_REGRESSION/R02/A05_A06/summary.txt
6a8e467903be8771bd510a8440325b549af38539496a22d41a5cae508ac7fa32  ??  artifacts/rust-tauri/R05/T01/verify-R04/R03_REGRESSION/R02/A05_A06/ws-matrix.json
51963a1aa7969c613429b46c1c8e97e7b44bbc5fd60f61be16d7e31249df27f6  ??  artifacts/rust-tauri/R05/T01/verify-R04/R03_REGRESSION/R02/A07_A08/last-db-hashes.txt
e613a984930f45c73fa5aa79af6955b0ac56faa30868e1da85d84a96a180eee3  ??  artifacts/rust-tauri/R05/T01/verify-R04/R03_REGRESSION/R02/A07_A08/s1-counts-after-stop.json
6e11d3157e36f2f24de72943cc5df97aec8475c1e95a29c6fed9cc451e41da10  ??  artifacts/rust-tauri/R05/T01/verify-R04/R03_REGRESSION/R02/A07_A08/s2-counts-after-crash.json
316a67724bcf8e89bd18efaa5b675f962f7231e4dbeb230721de3efcfaae52c1  ??  artifacts/rust-tauri/R05/T01/verify-R04/R03_REGRESSION/R02/A07_A08/s2-runs-dump.jsonl
89cbf96a94d0b8a9328032bcd436c0b99d521d9e51e65e78e3f15eb18fd069fc  ??  artifacts/rust-tauri/R05/T01/verify-R04/R03_REGRESSION/R02/A07_A08/s3-fault.err
e3b0c44298fc1c149afbf4c8996fb92427ae41e4649b934ca495991b7852b855  ??  artifacts/rust-tauri/R05/T01/verify-R04/R03_REGRESSION/R02/A07_A08/s3-fault.out
04a925298e762e8f2bdb1533706f04db405b0dfa5354b349b8058e808982ddad  ??  artifacts/rust-tauri/R05/T01/verify-R04/R03_REGRESSION/R02/A07_A08/s4-hashes-after.txt
04a925298e762e8f2bdb1533706f04db405b0dfa5354b349b8058e808982ddad  ??  artifacts/rust-tauri/R05/T01/verify-R04/R03_REGRESSION/R02/A07_A08/s4-hashes-before.txt
1c30b87b63176f69ff86b1fbb791914cc3ddf7a961764a49616c389977909dd9  ??  artifacts/rust-tauri/R05/T01/verify-R04/R03_REGRESSION/R02/A07_A08/s4-migrations-round1.json
1c30b87b63176f69ff86b1fbb791914cc3ddf7a961764a49616c389977909dd9  ??  artifacts/rust-tauri/R05/T01/verify-R04/R03_REGRESSION/R02/A07_A08/s4-migrations-round2.json
1c30b87b63176f69ff86b1fbb791914cc3ddf7a961764a49616c389977909dd9  ??  artifacts/rust-tauri/R05/T01/verify-R04/R03_REGRESSION/R02/A07_A08/s4-migrations-round3.json
6fed6bfc57632e8e5b94c49ade506ab59788931f164752e27cabb291b5b44bdb  ??  artifacts/rust-tauri/R05/T01/verify-R04/R03_REGRESSION/R02/A07_A08/service-s1.err
f92bc6b768cbbcd625551d1c83b80a0e64df4f23b9883877f0e43d0bb754aef9  ??  artifacts/rust-tauri/R05/T01/verify-R04/R03_REGRESSION/R02/A07_A08/service-s1.out
e3b8c1946f08a4a210258952bf291111460c538f3683ca2ef0a82f7e26e83366  ??  artifacts/rust-tauri/R05/T01/verify-R04/R03_REGRESSION/R02/A07_A08/service-s1b.err
f73560bd1892b9a513ca567ae00c72147d2e0f0d3985e4cfbc3f86bab654101e  ??  artifacts/rust-tauri/R05/T01/verify-R04/R03_REGRESSION/R02/A07_A08/service-s1b.out
e5ce93cf4cdc5c553dca281b0b244677e2705967a922d3b709f98ef235fa2c3c  ??  artifacts/rust-tauri/R05/T01/verify-R04/R03_REGRESSION/R02/A07_A08/service-s2.err
04ee0e88e11f8f9626c6ec0de92ae5c6a5a479cd1fcd37716bb314b6d01063f5  ??  artifacts/rust-tauri/R05/T01/verify-R04/R03_REGRESSION/R02/A07_A08/service-s2.out
ac2b40a84fc46b2be3081e64e5190a706f370883d90ebcff8108e6b67208ab45  ??  artifacts/rust-tauri/R05/T01/verify-R04/R03_REGRESSION/R02/A07_A08/service-s2b.err
aa793ec5ef2c01c275c9023fcfd3f3dc2793ac0f4d667e6ce2d022b06ea0da1f  ??  artifacts/rust-tauri/R05/T01/verify-R04/R03_REGRESSION/R02/A07_A08/service-s2b.out
c81a6427be9e76c415dce1748fad9743ed2ecee158cfcabdbc2339224b29c6f8  ??  artifacts/rust-tauri/R05/T01/verify-R04/R03_REGRESSION/R02/A07_A08/service-s4-1.err
0dc31ebbd892d394542de7527105969343331fb21e19fb6733f1be1614277707  ??  artifacts/rust-tauri/R05/T01/verify-R04/R03_REGRESSION/R02/A07_A08/service-s4-1.out
c86a3ac90d256cc14c5746f7bae2ff55894ad571d4f31c44e770f94500977200  ??  artifacts/rust-tauri/R05/T01/verify-R04/R03_REGRESSION/R02/A07_A08/service-s4-2.err
e7790f28257a319047bc5a57acf411bfb150ded7769ac56715dbd69e1abac494  ??  artifacts/rust-tauri/R05/T01/verify-R04/R03_REGRESSION/R02/A07_A08/service-s4-2.out
63a0a60521b964fb916eb9031f5b1e8df83390e6d3c278d2c62f504939efbb47  ??  artifacts/rust-tauri/R05/T01/verify-R04/R03_REGRESSION/R02/A07_A08/service-s4-3.err
41439e875d8f88e6fc861509658898575db030d7da073ea6b5f1134728c8576e  ??  artifacts/rust-tauri/R05/T01/verify-R04/R03_REGRESSION/R02/A07_A08/service-s4-3.out
6aed918fbd7b1250c2820a4e40df8909a369c10c257fb9435c85077b42a732c4  ??  artifacts/rust-tauri/R05/T01/verify-R04/R03_REGRESSION/R02/A07_A08/service.addr
11897ea3ed700c1bab39e0ff851cb62a1f9ee388bb831b67d32fb9d8f1d5e218  ??  artifacts/rust-tauri/R05/T01/verify-R04/R03_REGRESSION/R02/A07_A08/service.pid
ef0c69072110e13bcf354619c10a98d842e8e82779465f9daa468de30a268a6b  ??  artifacts/rust-tauri/R05/T01/verify-R04/R03_REGRESSION/R02/A07_A08/summary.txt
dd63f79ce1a39fdef735dbb9eb292c3f8a45db77c2513d3cc7379e5dbe13749e  ??  artifacts/rust-tauri/R05/T01/verify-R04/R03_REGRESSION/R02/A11/backup-restore/s1-backup-dir-listing.txt
a4a2f691886b20b85b96538d4963c7332b8862ac084e29b6448c4fffef00b2c5  ??  artifacts/rust-tauri/R05/T01/verify-R04/R03_REGRESSION/R02/A11/backup-restore/s1-backup-outcome.json
e3b0c44298fc1c149afbf4c8996fb92427ae41e4649b934ca495991b7852b855  ??  artifacts/rust-tauri/R05/T01/verify-R04/R03_REGRESSION/R02/A11/backup-restore/s1-backup.err
8ba430760be707038d54129872fb3d900bed0bc6c218796796a058dcda4f27a5  ??  artifacts/rust-tauri/R05/T01/verify-R04/R03_REGRESSION/R02/A11/backup-restore/s1-restore-outcome.json
e3b0c44298fc1c149afbf4c8996fb92427ae41e4649b934ca495991b7852b855  ??  artifacts/rust-tauri/R05/T01/verify-R04/R03_REGRESSION/R02/A11/backup-restore/s1-restore.err
5778d4b576b0e103df7701f6c732cfa493f0b18cc503fdf4386579b19b61e46e  ??  artifacts/rust-tauri/R05/T01/verify-R04/R03_REGRESSION/R02/A11/backup-restore/s1-restored-dump.jsonl
884644b827a05c6875e8414a03b063c5c3636630b393b81e1c9c356a7678bcdb  ??  artifacts/rust-tauri/R05/T01/verify-R04/R03_REGRESSION/R02/A11/backup-restore/s1-restored-hash.txt
5778d4b576b0e103df7701f6c732cfa493f0b18cc503fdf4386579b19b61e46e  ??  artifacts/rust-tauri/R05/T01/verify-R04/R03_REGRESSION/R02/A11/backup-restore/s1-source-dump.jsonl
711d2dcf35a74e009e1ac48b8e2c1f69d0905a84cf576e63b27232f89ba76ba2  ??  artifacts/rust-tauri/R05/T01/verify-R04/R03_REGRESSION/R02/A11/backup-restore/s1-source-hash.txt
951e1f2cedf4a978898a4f9e620777561b8381ece9faf4223f8594a201f47f74  ??  artifacts/rust-tauri/R05/T01/verify-R04/R03_REGRESSION/R02/A11/backup-restore/s1-wal-size.txt
e3b0c44298fc1c149afbf4c8996fb92427ae41e4649b934ca495991b7852b855  ??  artifacts/rust-tauri/R05/T01/verify-R04/R03_REGRESSION/R02/A11/backup-restore/s3-backup-out.json
3121dcc4ea5021c0a846b7821da7f1044e5b1d210080bb57696d0adcd6902e97  ??  artifacts/rust-tauri/R05/T01/verify-R04/R03_REGRESSION/R02/A11/backup-restore/s3-backup.err
9b33c4d50a9f7a0434980244454a85ce4288c7323241cf9ff22c50e6b8f8dd85  ??  artifacts/rust-tauri/R05/T01/verify-R04/R03_REGRESSION/R02/A11/backup-restore/s4-ws-probe.json
a4c3ed04a95a3da14a9d235c83d868bed7c0f45cf7f3faa751ee8f50598d2211  ??  artifacts/rust-tauri/R05/T01/verify-R04/R03_REGRESSION/R02/A11/backup-restore/s4-ws-probe.json.probe-done
f0557c6ca8d0b5c5dede6509fb4d6d6b6a9121e89175735a2055cc6eb4029076  ??  artifacts/rust-tauri/R05/T01/verify-R04/R03_REGRESSION/R02/A11/backup-restore/service-s1.addr
257b9d5f9d11d7c3bad3088cd32091535d78d21cda2fe3936583087ba50340dc  ??  artifacts/rust-tauri/R05/T01/verify-R04/R03_REGRESSION/R02/A11/backup-restore/service-s1.err
bf5b5615cd15e16491dc220b540ae9067ec169505f39d4644512a6b3e971a779  ??  artifacts/rust-tauri/R05/T01/verify-R04/R03_REGRESSION/R02/A11/backup-restore/service-s1.out
2a1d5c8980b3554e4df5e515bd81d47618ea9289e63019735dc0da4ef9cdcf1c  ??  artifacts/rust-tauri/R05/T01/verify-R04/R03_REGRESSION/R02/A11/backup-restore/service-s2.addr
aed895eab085231bcb9ee3020cfd7d888d4ec2fe46650dd3ae2632f05a922831  ??  artifacts/rust-tauri/R05/T01/verify-R04/R03_REGRESSION/R02/A11/backup-restore/service-s2.err
d7b74d3c2b80541c46923ac72e399d930034639762aed687e330c75e49771c62  ??  artifacts/rust-tauri/R05/T01/verify-R04/R03_REGRESSION/R02/A11/backup-restore/service-s2.out
04bc7ed1cdb4e07591adf29a00c13006ef56435a422c036bc38223531f123aca  ??  artifacts/rust-tauri/R05/T01/verify-R04/R03_REGRESSION/R02/A11/backup-restore/service-s4.addr
29de8ad2e24c5ebcf3af26bf142b54f6f3c692b1a605c276da3193173040e55c  ??  artifacts/rust-tauri/R05/T01/verify-R04/R03_REGRESSION/R02/A11/backup-restore/service-s4.err
29e92fd8f6e850aa6f5b63a9d0faafc3040c6b627bef5ea2b39f25f29b17692e  ??  artifacts/rust-tauri/R05/T01/verify-R04/R03_REGRESSION/R02/A11/backup-restore/service-s4.out
21b24983e6deed9405acf8e43fc4ad1c2d193ea69f6841789296dbee4a0cb348  ??  artifacts/rust-tauri/R05/T01/verify-R04/R03_REGRESSION/R02/A11/backup-restore/service.pid
668ed90314dae2acbb6362721a735ad323dcedd827e5ccc35d22848e6361a2f5  ??  artifacts/rust-tauri/R05/T01/verify-R04/R03_REGRESSION/R02/A11/backup-restore/summary.txt
795492a0172fbda3970f4bff315742b61bf354039c68ee8dac7811ba20a6892c  ??  artifacts/rust-tauri/R05/T01/verify-R04/R03_REGRESSION/R02/A12/recovery-drill/coexist-after.txt
795492a0172fbda3970f4bff315742b61bf354039c68ee8dac7811ba20a6892c  ??  artifacts/rust-tauri/R05/T01/verify-R04/R03_REGRESSION/R02/A12/recovery-drill/coexist-before.txt
18ef0442eb066bb40bee9607e8e700768cbad6a69c9ee392ac87be9311b27265  ??  artifacts/rust-tauri/R05/T01/verify-R04/R03_REGRESSION/R02/A12/recovery-drill/own-created-homes.txt
79be6d64aa93bf457e5b337dfa16a187af549e49a08c7760b4ddb0f61bedf8ac  ??  artifacts/rust-tauri/R05/T01/verify-R04/R03_REGRESSION/R02/A12/recovery-drill/summary.txt
7b2f675d535131e9ee3b95eb996b520af42000b1efea572dc62eff72fd758a84  ??  artifacts/rust-tauri/R05/T01/verify-R04/R03_REGRESSION/R02/A12/recovery-drill/v1-hashes-after.txt
7b2f675d535131e9ee3b95eb996b520af42000b1efea572dc62eff72fd758a84  ??  artifacts/rust-tauri/R05/T01/verify-R04/R03_REGRESSION/R02/A12/recovery-drill/v1-hashes-before.txt
049548e6d2573d8099de4837991266a200de84ed6d92fc5517b46ec36bc059a8  ??  artifacts/rust-tauri/R05/T01/verify-R04/R03_REGRESSION/R02/A12/recovery-drill/v1.err
e3b0c44298fc1c149afbf4c8996fb92427ae41e4649b934ca495991b7852b855  ??  artifacts/rust-tauri/R05/T01/verify-R04/R03_REGRESSION/R02/A12/recovery-drill/v1.out
fcb269f1fc43e20619871bab0f6e464d30773313e55b17f725fc62249ab521be  ??  artifacts/rust-tauri/R05/T01/verify-R04/R03_REGRESSION/R02/A12/recovery-drill/v2-hashes-after.txt
fcb269f1fc43e20619871bab0f6e464d30773313e55b17f725fc62249ab521be  ??  artifacts/rust-tauri/R05/T01/verify-R04/R03_REGRESSION/R02/A12/recovery-drill/v2-hashes-before.txt
8657ac7a39ada44cbb29c0188d7b2d900ac616e489cc9b5a96787b09431c7d60  ??  artifacts/rust-tauri/R05/T01/verify-R04/R03_REGRESSION/R02/A12/recovery-drill/v2.err
e3b0c44298fc1c149afbf4c8996fb92427ae41e4649b934ca495991b7852b855  ??  artifacts/rust-tauri/R05/T01/verify-R04/R03_REGRESSION/R02/A12/recovery-drill/v2.out
a33ffd69acb495d9a221778bb2317e4cef00e4d752d794b9c1267890666ec43d  ??  artifacts/rust-tauri/R05/T01/verify-R04/R03_REGRESSION/R02/A12/recovery-drill/v3-hashes-after.txt
a33ffd69acb495d9a221778bb2317e4cef00e4d752d794b9c1267890666ec43d  ??  artifacts/rust-tauri/R05/T01/verify-R04/R03_REGRESSION/R02/A12/recovery-drill/v3-hashes-before.txt
1b06b3d7c725493212cf8ab7bc8115b5d1171fe3d8340d90204377940b3b852d  ??  artifacts/rust-tauri/R05/T01/verify-R04/R03_REGRESSION/R02/A12/recovery-drill/v3.err
e3b0c44298fc1c149afbf4c8996fb92427ae41e4649b934ca495991b7852b855  ??  artifacts/rust-tauri/R05/T01/verify-R04/R03_REGRESSION/R02/A12/recovery-drill/v3.out
139497b4903506359bf6c15d665f6174aa78eb663b04ab40e8c0d48d6090ae51  ??  artifacts/rust-tauri/R05/T01/verify-R04/R03_REGRESSION/R02/A12/recovery-drill/v4.err
b395c9225403c34d20fc4fb7b847844a4146e2b28b02aafa2af183fce539ee1c  ??  artifacts/rust-tauri/R05/T01/verify-R04/R03_REGRESSION/R02/A12/recovery-drill/v4.out
055103bf7ff8ed650f73b538d5c333119c20bc4e4f3515d1ee000a982e6b2d7a  ??  artifacts/rust-tauri/R05/T01/verify-R04/R03_REGRESSION/R02/A12/recovery-drill/v5-hashes-after.txt
055103bf7ff8ed650f73b538d5c333119c20bc4e4f3515d1ee000a982e6b2d7a  ??  artifacts/rust-tauri/R05/T01/verify-R04/R03_REGRESSION/R02/A12/recovery-drill/v5-hashes-before.txt
7f299f64ee2d62c61c3bfc98e562f81fa54abe873d0db80d02060e46cf3cd91b  ??  artifacts/rust-tauri/R05/T01/verify-R04/R03_REGRESSION/R02/A12/recovery-drill/v5.err
e3b0c44298fc1c149afbf4c8996fb92427ae41e4649b934ca495991b7852b855  ??  artifacts/rust-tauri/R05/T01/verify-R04/R03_REGRESSION/R02/A12/recovery-drill/v5.out
978d635b51abfe5613b6c23c734c46e2160fa00b9284d5d27a58c09ebacf4373  ??  artifacts/rust-tauri/R05/T01/verify-R04/R03_REGRESSION/R02/A12/recovery-drill/v6-recovered-dump.jsonl
27badc983df1780b60c2b3fa9d3a19a00e46aac798451f0febdca52920faaddf  ??  artifacts/rust-tauri/R05/T01/verify-R04/R03_REGRESSION/R02/A12/recovery-drill/v6-seed-execute.txt
dfba0d7db39ea6929d51e9f3059936829921568907c9c5a3846554cc0368f8c1  ??  artifacts/rust-tauri/R05/T01/verify-R04/R03_REGRESSION/R02/A12/recovery-drill/v6-seed.err
791ab895e78a5cae45d69bc0fa1424e10a022e102c908b11b3e4fe0a5bceefff  ??  artifacts/rust-tauri/R05/T01/verify-R04/R03_REGRESSION/R02/A12/recovery-drill/v6-seed.out
09e06d6b2d620dd7e2cd6c5c1039cc1624e3bcc04aa22251ef9aa6816adef73a  ??  artifacts/rust-tauri/R05/T01/verify-R04/R03_REGRESSION/R02/A12/recovery-drill/v6.err
03caffb3f5deb456fc2e0d4c7a5d908aab7fc6b3be2dd20f8e83a404dcbe5285  ??  artifacts/rust-tauri/R05/T01/verify-R04/R03_REGRESSION/R02/A12/recovery-drill/v6.out
bb924d04e64f21a59760ff32f0d7620ec9b95f4f9bea8415b61ef6212a28a935  ??  artifacts/rust-tauri/R05/T01/verify-R04/R03_REGRESSION/R02/A12/recovery-drill/v7-hashes-after.txt
bb924d04e64f21a59760ff32f0d7620ec9b95f4f9bea8415b61ef6212a28a935  ??  artifacts/rust-tauri/R05/T01/verify-R04/R03_REGRESSION/R02/A12/recovery-drill/v7-hashes-before.txt
32a5ea81ba4f639524a2f282c7bdcebdcf3cda18869dadf1b78b600b16332e45  ??  artifacts/rust-tauri/R05/T01/verify-R04/R03_REGRESSION/R02/A12/recovery-drill/v7-seed.err
f805bd6055a8ff264731c08740a505135337dfb80aa7c21940975112a8a3ea17  ??  artifacts/rust-tauri/R05/T01/verify-R04/R03_REGRESSION/R02/A12/recovery-drill/v7-seed.out
757a6726f9a34a545ef553a5eaf91ad760335c62287b3ae3a71c2899e1f57188  ??  artifacts/rust-tauri/R05/T01/verify-R04/R03_REGRESSION/R02/A12/recovery-drill/v7.err
e3b0c44298fc1c149afbf4c8996fb92427ae41e4649b934ca495991b7852b855  ??  artifacts/rust-tauri/R05/T01/verify-R04/R03_REGRESSION/R02/A12/recovery-drill/v7.out
b0ba0e796c67e8bdfbe7a974400aac3dffaabcc79e81bbf8160b519836e5baf4  ??  artifacts/rust-tauri/R05/T01/verify-R04/R03_REGRESSION/R02/A12/recovery-drill/v8-observed.err
2d13406f6bfcce870d355cf1a4339447f3f8655430aa2a06bdc2320d07d73a89  ??  artifacts/rust-tauri/R05/T01/verify-R04/R03_REGRESSION/R02/A12/recovery-drill/v8-seed.err
82d7dc1bf86ad8582b586be11a2606feed6fed24294d90ca3e770329ac51317b  ??  artifacts/rust-tauri/R05/T01/verify-R04/R03_REGRESSION/R02/A12/recovery-drill/v8-seed.out
b0ba0e796c67e8bdfbe7a974400aac3dffaabcc79e81bbf8160b519836e5baf4  ??  artifacts/rust-tauri/R05/T01/verify-R04/R03_REGRESSION/R02/A12/recovery-drill/v8.err
f308efcf2ece55642bb9f70b5fefa9327eda7d95866d56aa2dc75ae18a4256e6  ??  artifacts/rust-tauri/R05/T01/verify-R04/R03_REGRESSION/R02/A12/recovery-drill/v8.out
8bda8db395deb0563db5c4f9d92fa32c7befa39850630acf71ee3d927a88219d  ??  artifacts/rust-tauri/R05/T01/verify-R04/R03_REGRESSION/R02/A15/full-chain/pre-restart-head.json
e3b0c44298fc1c149afbf4c8996fb92427ae41e4649b934ca495991b7852b855  ??  artifacts/rust-tauri/R05/T01/verify-R04/R03_REGRESSION/R02/A15/full-chain/probe1.err
fd3e0e1dab3fd999ce8f318bf9455508fcf5a26e77d2f379eb97b0455b37b661  ??  artifacts/rust-tauri/R05/T01/verify-R04/R03_REGRESSION/R02/A15/full-chain/probe1.pass-lines
e3b0c44298fc1c149afbf4c8996fb92427ae41e4649b934ca495991b7852b855  ??  artifacts/rust-tauri/R05/T01/verify-R04/R03_REGRESSION/R02/A15/full-chain/probe2.err
28a411dc95be7e6596d2954fdbecf8eb034d9f8dc1248ab1d111c07c1c218b89  ??  artifacts/rust-tauri/R05/T01/verify-R04/R03_REGRESSION/R02/A15/full-chain/probe2.pass-lines
3168c84c81702a8e1ccef31b8470028bc9242472c92bfdf423c1a0fb3439c187  ??  artifacts/rust-tauri/R05/T01/verify-R04/R03_REGRESSION/R02/A15/full-chain/service1.err
bf777e3770c4dd879a2b5bca42eae77dcce9a5b4e180954ea8a1602da824176b  ??  artifacts/rust-tauri/R05/T01/verify-R04/R03_REGRESSION/R02/A15/full-chain/service1.out
31230d81a717a97ee94520fddae5aa55035b572712e61c9d46fb195e5fefc2f5  ??  artifacts/rust-tauri/R05/T01/verify-R04/R03_REGRESSION/R02/A15/full-chain/service2.err
e9e0b553ff0d38bb912e4a280ea5174a60222df9136ce944515f578c504005da  ??  artifacts/rust-tauri/R05/T01/verify-R04/R03_REGRESSION/R02/A15/full-chain/service2.out
767f1b379848353e0f5a70bf0c5c8cbedeebfebd8423adb0e99882affc8ba4e0  ??  artifacts/rust-tauri/R05/T01/verify-R04/R03_REGRESSION/R02/A15/full-chain/summary.txt
10a16641e3405663989bf586c36c94e6522cc9932c30df552a4cb308377a9676  ??  artifacts/rust-tauri/R05/T01/verify-R04/R04_MATRIX/cases/a15-directory-claim-refused.json
09f385efaedc793ea498845967037cfcbfc0fe2c163104737d7ff99e880e98bc  ??  artifacts/rust-tauri/R05/T01/verify-R04/R04_MATRIX/cases/a15-gateway-audit-directory-ref-failed.json
d0df7dade822790f5735f4ebef501e03b8aa905318cb8a60905b81715d427965  ??  artifacts/rust-tauri/R05/T01/verify-R04/R04_MATRIX/cases/a15-gateway-audit-fake-ref-failed.json
a0800cd68927a3e79f38730d4c55036813c6947a5675713428917d03a1b44145  ??  artifacts/rust-tauri/R05/T01/verify-R04/R04_MATRIX/cases/a15-gateway-audit-real-ref-passes.json
8f9b212963fdfce437456018df1536c00c82aa2118f3c3af37532e979ed04f2b  ??  artifacts/rust-tauri/R05/T01/verify-R04/R04_MATRIX/cases/a15-missing-claim-refused.json
04245f14680505fadaf81819e4b39818cf0d629654f8733039a6ac2e8d68bb98  ??  artifacts/rust-tauri/R05/T01/verify-R04/R04_MATRIX/cases/a15-out-of-grant-claim-refused.json
e4bb14f7a842ae22ee91e7b3bebdfcc5273aec1410f84eb90970f2bc4dc3fc91  ??  artifacts/rust-tauri/R05/T01/verify-R04/R04_MATRIX/cases/a15-real-delivery-registered.json
6895d6a72b4da91d630223ce6ad2b8320db84534f721b5748ac0f487c1a29223  ??  artifacts/rust-tauri/R05/T01/verify-R04/R04_MATRIX/cases/a15-structure-violation-refused.json
94c57b04cb80a3ce8932e58d775b4aaa85affa76e33e34512e4a0bc47ade49a9  ??  artifacts/rust-tauri/R05/T01/verify-R04/R04_MATRIX/cases/a16-alias-route-covered.json
506ae3c069a2a967546a4ca114bf3e15abac6ebcdb0f7e35b359b12c1cde92b5  ??  artifacts/rust-tauri/R05/T01/verify-R04/R04_MATRIX/cases/a16-history-preserved.json
901361017912bc20e016d13a2a4f8d701ddee123481ac52c440c176b6d9510aa  ??  artifacts/rust-tauri/R05/T01/verify-R04/R04_MATRIX/cases/approval-answer-executes-once.json
bd45162c41ae2eec362f6f35bc50015ae2a8266f70ce5f91d5c45e5ad8053270  ??  artifacts/rust-tauri/R05/T01/verify-R04/R04_MATRIX/cases/approval-duplicate-idempotent.json
bababcc7f3e64579d35c9259a419a674630e4e549217be76c41f04eda4f0bcdc  ??  artifacts/rust-tauri/R05/T01/verify-R04/R04_MATRIX/cases/approval-reject-zero-dispatch.json
20fd6bee69494fece169e2b99ea1e3085ddffbb071d88ebc23f7dcaeb412c721  ??  artifacts/rust-tauri/R05/T01/verify-R04/R04_MATRIX/cases/catalog-face-lists-mcp-tools-with-permission.json
a6740bd82388993cca6d0b79d294334e6ad84438d23b819303e84cb2670999df  ??  artifacts/rust-tauri/R05/T01/verify-R04/R04_MATRIX/cases/future-tool-shape-ast_edit-discoverable-not-callable.json
821137c4819111c5cab65e31fe33146b843d4bc963a7ae66bf3c6139aab4dc68  ??  artifacts/rust-tauri/R05/T01/verify-R04/R04_MATRIX/cases/future-tool-shape-ast_grep-discoverable-not-callable.json
9827cfcbf4ea963126bc89e02f8247506844fc54c5a0d9086547106cafdcdefd  ??  artifacts/rust-tauri/R05/T01/verify-R04/R04_MATRIX/cases/future-tool-shape-file-discoverable-not-callable.json
cb8e2db3b924a24b0bf8d611b22015f3a2a10ccc3f6ee16a819bc9388379c7f3  ??  artifacts/rust-tauri/R05/T01/verify-R04/R04_MATRIX/cases/future-tool-shape-find-discoverable-not-callable.json
1c192846cc1d07ba6864e5dd594b97a48f402ab5519fca2040ecc7edc3d3fd02  ??  artifacts/rust-tauri/R05/T01/verify-R04/R04_MATRIX/cases/future-tool-shape-grep-discoverable-not-callable.json
bbe14f10f21cc0a2c306c3554804930c3bf5b13c66b6b90cf1c79b465e394c3b  ??  artifacts/rust-tauri/R05/T01/verify-R04/R04_MATRIX/cases/future-tool-shape-ls-discoverable-not-callable.json
a9b97d5170fb12a3359bdde03aa8fdfc8fe089399cd5f1dc3810dacaf5ac5653  ??  artifacts/rust-tauri/R05/T01/verify-R04/R04_MATRIX/cases/future-tool-shape-lsp-discoverable-not-callable.json
6bc884d530bd7615a63e4dd9241155689273f4f9c70ccc044e2d91afc8eba4f1  ??  artifacts/rust-tauri/R05/T01/verify-R04/R04_MATRIX/cases/future-tool-shape-materialize-discoverable-not-callable.json
5904c81036b270e82834b8084ca4b8b9b4492957d7d3ac5a83328f9bdc84b538  ??  artifacts/rust-tauri/R05/T01/verify-R04/R04_MATRIX/cases/future-tool-shape-run_code-discoverable-not-callable.json
c9d67aa6d2f3fce41a3a011e42ac47399824eae28c54e2b89cf0bdae0dbf8052  ??  artifacts/rust-tauri/R05/T01/verify-R04/R04_MATRIX/cases/future-tool-shape-security_scan-discoverable-not-callable.json
6cf1880613144cb8b359bd1c195f561f79c42836315ec94767b2336f24a9b783  ??  artifacts/rust-tauri/R05/T01/verify-R04/R04_MATRIX/cases/future-tool-shape-stage_files-discoverable-not-callable.json
87164a841282a81c7b614451f88f157e89c03336043524a16637aa848d201f59  ??  artifacts/rust-tauri/R05/T01/verify-R04/R04_MATRIX/cases/gateway-each-call-independent-permission.json
7d3631b38221c7c56e5b77793921c4de3ab067e7097d1c77131e73a3dadb0ce5  ??  artifacts/rust-tauri/R05/T01/verify-R04/R04_MATRIX/cases/matrix-lifecycle-disable-holes.json
52e2294d2db41ba60884ca74bedd63d9e196def8ea43623c327cf7579c72e6e0  ??  artifacts/rust-tauri/R05/T01/verify-R04/R04_MATRIX/cases/matrix-lifecycle-generation-refusals.json
710d96abbd53795e2f40639001eee2454a6ce7e5a285c883f9cd62f1b58ebda9  ??  artifacts/rust-tauri/R05/T01/verify-R04/R04_MATRIX/cases/matrix-lifecycle-uninstall-holes.json
23c16612d569bb60e563215b453c022203ab19f05298ce7c9a3fc080da10b7d2  ??  artifacts/rust-tauri/R05/T01/verify-R04/R04_MATRIX/cases/matrix-permission-consistency.json
d475fb8c9114bfdf95de5cc202da903bf354241d13f071bce870d8ba2502fd60  ??  artifacts/rust-tauri/R05/T01/verify-R04/R04_MATRIX/cases/matrix-route-consistency.json
2b451a4a1fd773fba2e107116235dd5f28a06d104c7f7450f221f662510fc070  ??  artifacts/rust-tauri/R05/T01/verify-R04/R04_MATRIX/cases/matrix-tool-family-count.json
1e442f90436b22848aeb3329ce35c020def0d74ba7d6bbc49eb983573e8e708d  ??  artifacts/rust-tauri/R05/T01/verify-R04/R04_MATRIX/cases/mcp-connector-catalog-sync.json
02be7eb700e551cb0a000177a0e033872c65ad8b5ef7f46d66c014ecf3fb7150  ??  artifacts/rust-tauri/R05/T01/verify-R04/R04_MATRIX/cases/mcp-connector-register-handshake.json
905e6508c4c99929579667bd3184014916a117d7522917621f1aea839bdd039e  ??  artifacts/rust-tauri/R05/T01/verify-R04/R04_MATRIX/cases/mcp-describe-real-identity.json
42c719e1d9f2fdae556b08414f6facea228b729210f804971fb1f41772e1ec5f  ??  artifacts/rust-tauri/R05/T01/verify-R04/R04_MATRIX/cases/mcp-search-namespaced.json
dfbc531d38332ae34bc27eef48d7c96103f6f7b0cf55e51377608e95deffabc9  ??  artifacts/rust-tauri/R05/T01/verify-R04/R04_MATRIX/cases/mcp-tool-call-full-chain.json
916eba77e6c3a4f9a8bf58bdf3a14d110fe9b75b22aa316ce7a47412c013fa04  ??  artifacts/rust-tauri/R05/T01/verify-R04/R04_MATRIX/cases/mcp-tool-permission-face.json
c3f30127a40dfa980a32479cec6547074c067a4d8cd61e858b0aa7dc095455b3  ??  artifacts/rust-tauri/R05/T01/verify-R04/R04_MATRIX/cases/permission-face-modes-verifiable.json
c51a56cfdce860c73de8e015f088d38b31bbf8e373a0dc6e1c8e43f9b5f80a2c  ??  artifacts/rust-tauri/R05/T01/verify-R04/R04_MATRIX/cases/preauthorization-single-session-scoped.json
eefd602104c2c290f3a2704acec9cf3923cbf072e0e9ac1e5dad4b1103794f05  ??  artifacts/rust-tauri/R05/T01/verify-R04/R04_MATRIX/cases/semantics-cancel-leaves-no-fabricated-receipt.json
1c8fced2b48030b05d00ab397c3aa0470c4f068287f841b1c7e53778b43e038d  ??  artifacts/rust-tauri/R05/T01/verify-R04/R04_MATRIX/cases/semantics-failed-never-dispatched-receipt.json
220379bb262285fad8e6314d35a23f12ba26fcb0e501fe2431141c1a4d28a5a2  ??  artifacts/rust-tauri/R05/T01/verify-R04/R04_MATRIX/cases/semantics-success-receipt-dispatched.json
8337cc9f0c6c3a4eeb0b4beb6ff1d93acd40878d92c9f16c4649942469017888  ??  artifacts/rust-tauri/R05/T01/verify-R04/R04_MATRIX/cases/semantics-unknown-receipt-honest.json
cb89e56a59ac812a63576832232489b328ac7abf8041df762e7b1af1e2caa95d  ??  artifacts/rust-tauri/R05/T01/verify-R04/R04_MATRIX/cases/sup01-ask-subagent-write-refused.json
1b21930f6737d6935a82328d4afb7b4fd7b439c107b48d01b29e4cdfa7399015  ??  artifacts/rust-tauri/R05/T01/verify-R04/R04_MATRIX/cases/terminal-close-stops-terminal.json
59095540a473b474ab918f20eb08986f6bbb6cbfd08c49b9810963ae37407de5  ??  artifacts/rust-tauri/R05/T01/verify-R04/R04_MATRIX/cases/terminal-snapshot-current-transcript.json
004a41eae978391bad56ebe5c3e6d2ced1a2c02eda01a37f79abc8867cb5a063  ??  artifacts/rust-tauri/R05/T01/verify-R04/R04_MATRIX/cases/terminal-tail-cursor-continuation.json
16870fec4c31cd9e67e56d3328c74d20f9213a2e96113c28be3d7f7fe0d28979  ??  artifacts/rust-tauri/R05/T01/verify-R04/R04_MATRIX/cases/tool-edit-conflict-preserves-user-version.json
bb810a38ce8bfbcafc0d64e1fc2831a08e952dfdc4a057fd99166ef589df1032  ??  artifacts/rust-tauri/R05/T01/verify-R04/R04_MATRIX/cases/tool-edit-real-chain.json
bec2c6d085918085fb7eb01f8ec54ea53681b68aa489b59bc0a8e9b272c5c02e  ??  artifacts/rust-tauri/R05/T01/verify-R04/R04_MATRIX/cases/tool-exec-cancel-cleanup.json
c0341bc7ba746aaa51754e5650264b1d7d55e93d55ea2a03df67769834825bcc  ??  artifacts/rust-tauri/R05/T01/verify-R04/R04_MATRIX/cases/tool-exec-command-real-chain.json
e990fcd2da49cb923f667ea1714cfea3f69c8f3bd0002416761b93ab35d87ec3  ??  artifacts/rust-tauri/R05/T01/verify-R04/R04_MATRIX/cases/tool-read-real-chain.json
ea288f832ccf584b20e6d0ef80d0116568fd2c989aff55d985adce98266f5f62  ??  artifacts/rust-tauri/R05/T01/verify-R04/R04_MATRIX/cases/tool-write-real-chain.json
52e2d9bbf2b9890f5b4d03bf7c27cfb6c82322790e254fc813b47b7f093d939f  ??  artifacts/rust-tauri/R05/T01/verify-R04/R04_MATRIX/cases/tool-write-stdin-continuation.json
83f514b83ad20e51f11205b345ebcce85d4423a69379cb2a9804c8ceaf07a027  ??  artifacts/rust-tauri/R05/T01/verify-R04/R04_MATRIX/cases/tool-write-stdin-foreign-writes.json
c471fa08013c67ab99fb67a5e4e430f83cfc349758cdc601fb53e35b1ee28397  ??  artifacts/rust-tauri/R05/T01/verify-R04/R04_MATRIX/leaf-cases.json
1dbc5972065a848f6d2d8456df0891660c2c695ca72f24c3d4bd7fde395b462e  ??  artifacts/rust-tauri/R05/T01/verify-R04/R04_MATRIX/matrix-counts.json
4d427e411d4094175bda8b798c0114af4830967a0acf48fd27ee7f9e11c1fd46  ??  artifacts/rust-tauri/R05/T01/verify-R04/R04_MATRIX/summary.txt
db8a068683cdba168e205877b9e1b69bdd5cb734729e0c47485437eb94f7a6ce  ??  artifacts/rust-tauri/R05/T01/working-tree-manifest.txt
ec39ebf839be3fbc3a0311e7164b4e6b996239240c0fa73d08e123366b7776bf  ??  docs/rust-tauri/R05/MODEL_CALLSITE_MATRIX.json
c1ddf6301578f0d3ab493a120b95c9edcc9b7c6f304da28c6a7df16b09053d86  ??  docs/rust-tauri/R05/PROVIDER_SUPPORT_MATRIX.json
dd0f3e0cf070dea03a3128e2a9be576bb032c44b0597129056947de2d425aa0b  ??  docs/rust-tauri/R05/R05_BASELINE.json
735a448be8a5051b1208e495cc34d0cc7c532fb0a61eadff96df1a5c3203ec5a  ??  docs/rust-tauri/R05/R05_INTERFACE_EVOLUTION.md
cb1754f2ca93975e05701b20dbafe0628e8da96da5c7467d5e8c46e3628c9abd  ??  docs/rust-tauri/R05/R05_SCOPE_MATRIX.json
a62dabe310b4ace1e9439646464a11f9a654b02cba703abd347e2b0b587d86b6  ??  docs/rust-tauri/R05/r05_t01_build_callsite_matrix.py
424737b2cbf041394d814f11ee1111715b6fa3d4c478ccca4e533772bd04e4cf  ??  docs/rust-tauri/R05/r05_t01_build_scope_matrix.py
6b728f4c396d92dadd88e830637a7112a7309ab78c3bd4e5589cf40b1d58f4e9  ??  docs/rust-tauri/R05/r05_t01_codemod_next_turn.py
9376dfb9862fd93b31d4fe9d0331eb8ebe70747fef80ef4e58290bb130bc615c  ??  docs/rust-tauri/R05/r05_t01_extract_provider_matrix.mjs
2dd93e0c1dd7872c0c1497cfe54e32f68cb399a4ee576c66d2d4b8725a27426b   M  rust/Cargo.lock
c422db0b5f9dd140d7bbad3552f3844d9125741c9b41025f8e030d44dc7864b7   M  rust/crates/lingxi-adapters/Cargo.toml
b7abdb77d7a3bbf8ed5caac833ae9322804591bb4696c0e5a53d2a2e146559f7   M  rust/crates/lingxi-adapters/src/lib.rs
f86be05f175d0ea9dddff66b6c3809133220a441d9e15845ddb9d4c28ca00a01  ??  rust/crates/lingxi-adapters/src/models/config.rs
7f874526d625d62befe25270308ca57eaeafce03e7903a5284c1e9aff0223ad5  ??  rust/crates/lingxi-adapters/src/models/gateway.rs
0144bbe20a461085b15f81d4cec2fcadce24fdab8c324ed4a628c459777aac36  ??  rust/crates/lingxi-adapters/src/models/mod.rs
ae48502709a9fa84d45f0653d561964ba27a1e2f78ea754d1c1a7916f2fe515f  ??  rust/crates/lingxi-adapters/src/models/openai_completions.rs
6933690169538075584391dee4bfcd4297173fdbb19866fb49b93d3feded25d4  ??  rust/crates/lingxi-adapters/src/models/provider.rs
781b3deccd8282d6c0b985123316752961b94c2e6728396f7d2cfd54242b01a1   M  rust/crates/lingxi-kernel/src/lib.rs
92fc92ccf953e2137e32e6f59fb708eda324fd5b828e25c077ad0f3394eaab02  ??  rust/crates/lingxi-kernel/src/model_exchange.rs
f8402fd12bf43b480c039b2b08ddd2642a5e61333d5d486d81a4f042e771553c   M  rust/crates/lingxi-kernel/src/ports.rs
2b7505387b6b45aebc9ff7a0c836d49d24573df1d2de2e3137549eab5983ad1f   M  rust/crates/lingxi-kernel/src/toolcatalog.rs
cacb1e66e8632484eda0c0ee5590e65a5fc16ccdaf762bb8b5344faf8f1aa100   M  rust/crates/lingxi-service/src/config.rs
a86ce99fcbeda73a4305ddc9db802e552499c3da69efa7e2bf5f73e54133a7c8   M  rust/crates/lingxi-service/src/lib.rs
2a28b8ee7ee372b270da5cb513838dfe6050bc7f61bc54cdd9ae2c72a122d898   M  rust/crates/lingxi-service/src/main.rs
7c52abc5758d1633f52b2d4c9d32b16dc0c69c8ec57f40c102d8976da7b80671   M  rust/crates/lingxi-service/src/management.rs
93a40330aa1cf7b35aeba780fd9f40090a69d176d38cece933dee842543474b4   M  rust/crates/lingxi-service/src/redaction.rs
db2ac13494b34e495c8ef51f31a17e849387a64dfe3051a3997908300f4c0707   M  rust/crates/lingxi-service/src/runs.rs
e887b7c05c3f0bb41081ead32da1d1a9dfcbc232ceacd85c514d5a5ced2bbfec   M  rust/crates/lingxi-service/src/toolgateway.rs
db1d1f5cd1f293a53600a0ec47db44211141c2d9afd3f04a5d1b5c20641eec34   M  rust/crates/lingxi-service/tests/admission_dedup_adversarial.rs
d00bf426bc37d8bafd57721b18d4e9035155db656da2681e2fdd6c4944cc5609   M  rust/crates/lingxi-service/tests/admission_dedup_consistency.rs
be7aedd3bc3ce5008764417728e8a05c5759fc383b1adadd0fc7ded773735b91   M  rust/crates/lingxi-service/tests/background_disconnect_recovery.rs
0761d23e8bf9aa95954a3a164d578418e9d597c59925d60a4dd84de7ae093ebd   M  rust/crates/lingxi-service/tests/background_steering.rs
e636524993c5c8213e0c5bf05f4b0b4e53e205d9836aadd7e9ed74abd5288515   M  rust/crates/lingxi-service/tests/cancel_link_inheritance.rs
3e98baaf3f0c2c859469d4d2888ec39d20047a5073bc5e9fe75fe5fb60f2f841   M  rust/crates/lingxi-service/tests/cancel_terminal_race.rs
3cef620606bc573332440a0e8215a4ad3d627877bae53e0c7bb4e5122ea823bf   M  rust/crates/lingxi-service/tests/cancellation_tree.rs
a8e243440bbf6cdb36045a6a097a6fba601f80e29d0c2aaf3aa65160e30c5e56   M  rust/crates/lingxi-service/tests/exit_race_rejections.rs
36a25b4357ee901cf76673bdcd673ff07b6e22471fcd28c11947b5e5fc175c0f   M  rust/crates/lingxi-service/tests/input_budget_refusal.rs
d5015b5bd6b1287f685587aa5df859f7c4cbcaca2ad040fc52cb98dcb76d9c9f   M  rust/crates/lingxi-service/tests/input_payload_fidelity.rs
89fb530a70e0d046616642e24f882bf8dbc594d68e140839df4c781d6fe17ab4   M  rust/crates/lingxi-service/tests/invocation_journal.rs
bb0892bd6535344f701fe93739730e26ea144a6f6bdd77b8a3527d09a61d8460   M  rust/crates/lingxi-service/tests/late_result_fence.rs
d09f48a2847fd1ddbc9f09b7d17eec574e65da85ffb2079f8e5b4d30c4d338c0   M  rust/crates/lingxi-service/tests/r03_t08_acceptance_matrix.rs
85cbb38c7e72cd62c272060fcd98f6907d361701e1bb26c36cc421b8a9528237   M  rust/crates/lingxi-service/tests/r04_rr1_f03_stop_honesty.rs
ca4bb56258e7eb5a7964f2b0db07690bdb71627d4b87aabebb3252a2abdcd31a   M  rust/crates/lingxi-service/tests/r04_t01_tool_catalog.rs
e414d3da4f06d2307f82f77d46a1f7a7614dfcbf7ece4f0d9321b91e4ebb8d15   M  rust/crates/lingxi-service/tests/r04_t02_tool_gateway.rs
16b910a9fc6814e106f009e9ad50426ceaa39ee24569677e2a95ce3dd6cd70f3   M  rust/crates/lingxi-service/tests/r04_t03_approval_service.rs
a830fb03692db53f0fce9f2b80dcd89222daff4e48b1156b981a47f01446617a   M  rust/crates/lingxi-service/tests/r04_t04_file_tools.rs
dfb5b0120f321c09925145cf432204c16f7abe993374c1e497ff1fc08aaaac75   M  rust/crates/lingxi-service/tests/r04_t05_process_tools.rs
3751e1c14b39578096d1d85c0b18b73056f75cb88443c215db2d5966fc04de47   M  rust/crates/lingxi-service/tests/r04_t06_sandbox.rs
686b8ef326ff8e388df94283574636db466f8ea98c82fd021cf27142a0af1f20   M  rust/crates/lingxi-service/tests/r04_t07_mcp_and_workers.rs
3fc88197d280abb2b6af8aaa0cfb3a44db92c77633432b8e0db125d3d780d3b1   M  rust/crates/lingxi-service/tests/r04_t08_tool_matrix.rs
181326327682d84a7028137848fff8bf62c9590262563f72f00c598b5437178f  ??  rust/crates/lingxi-service/tests/r05_t01_binary_wiring.rs
a5d0c3c4b92df8df3bfc2b9482809559bebff93808d904b722c81748902ceceb  ??  rust/crates/lingxi-service/tests/r05_t01_model_plane.rs
0fc93108a9e4fee5ff655cb31f8223e58f503141773101100d3a406469c8467c   M  rust/crates/lingxi-service/tests/recovery_crash_points.rs
dcafbed3d5cd4b4bfc32e2d0615d3433dabd5b472ffebebb75de0d279c9309a4   M  rust/crates/lingxi-service/tests/request_id_canonicalization.rs
f3cc98cd6e4b70915ebd974a05ae07d5128a2a4673755235546a744ca6c079e5   M  rust/crates/lingxi-service/tests/run_lifecycle.rs
b524f0296fb338442caa3294d1d9600bb21a075f863ad9217984af8eb6f946ab   M  rust/crates/lingxi-service/tests/session_serialization.rs
11d2ec2d3bb9e211b57bb8e5992cc3f899d150204c8dd7ffb8a7823460939c41   M  rust/crates/lingxi-service/tests/subagent_closeout.rs
622c856262ca808291884a10b1efc91fef9bcc244e63612dfc4a6fd5623b154b   M  rust/crates/lingxi-service/tests/subagent_lifecycle.rs
d067eb4d8abebf8052dad7615c5231c4fd5e346326b637736de52dd9740417cb   M  rust/crates/lingxi-service/tests/subagent_permission_inheritance.rs
41aa8dea2e2a6fc3baeb428e77de89722346e45bad330a6010986475fd61229a   M  rust/crates/lingxi-service/tests/tool_receipt_unknown.rs
