2026-09-28T17:56:29.542889Z  INFO lingxi_service: data root resolved effective_home=/var/folders/5r/wq54gtms21gfjgr5v94ynfyh0000gn/T//lingxi-r02t07-a14.rv84Pl source=cli ignored_sources=none
2026-09-28T17:56:29.543543Z  INFO lingxi_service: data root prepared (canonicalized; runtime dir private 0700) canonical_home=/private/var/folders/5r/wq54gtms21gfjgr5v94ynfyh0000gn/T/lingxi-r02t07-a14.rv84Pl runtime_dir=/private/var/folders/5r/wq54gtms21gfjgr5v94ynfyh0000gn/T/lingxi-r02t07-a14.rv84Pl/lingxi-service
2026-09-28T17:56:29.543793Z  INFO lingxi_service: single-writer lock acquired instance_id=2835f80f61d067cef61208eca201a7c9 start_nonce=c086705e6449be8a pid=46748 entropy="os-random-device" lock=/private/var/folders/5r/wq54gtms21gfjgr5v94ynfyh0000gn/T/lingxi-r02t07-a14.rv84Pl/lingxi-service/instance.lock network_mode=loopback
2026-09-28T17:56:29.556036Z  INFO lingxi_service: data-epoch gate passed home=/private/var/folders/5r/wq54gtms21gfjgr5v94ynfyh0000gn/T/lingxi-r02t07-a14.rv84Pl decision=ProceedStampedNew(EpochStamp { format: V2, minimum_reader_epoch: 1, committed_data_epoch: 1, last_version: Some("0.0.0") })
2026-09-28T17:56:29.598220Z  INFO lingxi_adapters::storage::run_store: run database migrated db=/private/var/folders/5r/wq54gtms21gfjgr5v94ynfyh0000gn/T/lingxi-r02t07-a14.rv84Pl/lingxi-service/data/runs.db applied=[1] version=1
2026-09-28T17:56:29.598628Z  INFO lingxi_service: auth service bootstrapped (per-start loopback token, owner-only); run database migrated and seeded local_token_file=/private/var/folders/5r/wq54gtms21gfjgr5v94ynfyh0000gn/T/lingxi-r02t07-a14.rv84Pl/lingxi-service/local-token.json run_database=/private/var/folders/5r/wq54gtms21gfjgr5v94ynfyh0000gn/T/lingxi-r02t07-a14.rv84Pl/lingxi-service/data/runs.db
2026-09-28T17:56:29.608000Z  INFO lingxi_service: instance record published (atomic write) record=/private/var/folders/5r/wq54gtms21gfjgr5v94ynfyh0000gn/T/lingxi-r02t07-a14.rv84Pl/lingxi-service/instance.json bind_addr=127.0.0.1:52128
2026-09-28T17:56:29.729506Z  INFO lingxi_service: request handled request_id=req-41887390ad7563f29e04a3027767e62e method=GET path=/lingxi/v1/ws status=101
2026-09-28T17:56:29.734522Z  INFO lingxi_service: request handled request_id=req-ee37260197b4c9ff00e5d92037a0e00e method=GET path=/lingxi/v1/ws status=101
2026-09-28T17:56:29.745899Z  INFO lingxi_service::sessions: run committed and published (post-commit) run_id=run_000001a0e9293fb0_000001 session_id=sess_local_alpha events=run_000001a0e9293fb0_000001-done input_chars=15
2026-09-28T17:56:29.746308Z  INFO lingxi_service::sessions: run committed and published (post-commit) run_id=run_000001a0e9293fb0_000002 session_id=sess_local_alpha events=run_000001a0e9293fb0_000002-done input_chars=15
2026-09-28T17:56:29.746530Z  INFO lingxi_service::sessions: run committed and published (post-commit) run_id=run_000001a0e9293fb0_000003 session_id=sess_local_alpha events=run_000001a0e9293fb0_000003-done input_chars=15
2026-09-28T17:56:29.746750Z  INFO lingxi_service::sessions: run committed and published (post-commit) run_id=run_000001a0e9293fb0_000004 session_id=sess_local_alpha events=run_000001a0e9293fb0_000004-done input_chars=16
2026-09-28T17:56:29.746819Z  INFO lingxi_service: request handled request_id=req-b76ec6c447f0cbff91c81f710c06dc5b method=POST path=/lingxi/v1/sessions/sess_local_alpha/execute status=200
2026-09-28T17:56:29.746953Z  INFO lingxi_service::sessions: run committed and published (post-commit) run_id=run_000001a0e9293fb0_000005 session_id=sess_local_alpha events=run_000001a0e9293fb0_000005-done input_chars=15
2026-09-28T17:56:29.748261Z  INFO lingxi_service: request handled request_id=req-d72c1a10bb24270f86a4f7ddff0a7a31 method=POST path=/lingxi/v1/sessions/sess_local_alpha/execute status=200
2026-09-28T17:56:29.749206Z  INFO lingxi_service: request handled request_id=req-5219b0fc072d803dbf6544d4a9087bae method=POST path=/lingxi/v1/sessions/sess_local_alpha/execute status=200
2026-09-28T17:56:29.749751Z  INFO lingxi_service: request handled request_id=req-d89041ccaa179113e0abed57fb8de2b3 method=POST path=/lingxi/v1/sessions/sess_local_alpha/execute status=200
2026-09-28T17:56:29.749948Z  INFO lingxi_service: request handled request_id=req-10166d775eeb4f324c0ebec3d6d05af2 method=POST path=/lingxi/v1/sessions/sess_local_alpha/execute status=200
2026-09-28T17:56:29.750090Z  INFO lingxi_service::sessions: run committed and published (post-commit) run_id=run_000001a0e9293fb1_000006 session_id=sess_local_alpha events=run_000001a0e9293fb1_000006-done input_chars=16
2026-09-28T17:56:29.750785Z  INFO lingxi_service::sessions: run committed and published (post-commit) run_id=run_000001a0e9293fb1_000007 session_id=sess_local_alpha events=run_000001a0e9293fb1_000007-done input_chars=16
2026-09-28T17:56:29.750921Z  INFO lingxi_service::sessions: run committed and published (post-commit) run_id=run_000001a0e9293fb1_000008 session_id=sess_local_alpha events=run_000001a0e9293fb1_000008-done input_chars=16
2026-09-28T17:56:29.751061Z  INFO lingxi_service::sessions: run committed and published (post-commit) run_id=run_000001a0e9293fb1_000009 session_id=sess_local_alpha events=run_000001a0e9293fb1_000009-done input_chars=16
2026-09-28T17:56:29.751398Z  INFO lingxi_service::sessions: run committed and published (post-commit) run_id=run_000001a0e9293fb1_00000a session_id=sess_local_alpha events=run_000001a0e9293fb1_00000a-done input_chars=15
2026-09-28T17:56:29.751537Z  INFO lingxi_service::sessions: run committed and published (post-commit) run_id=run_000001a0e9293fb1_00000b session_id=sess_local_alpha events=run_000001a0e9293fb1_00000b-done input_chars=15
2026-09-28T17:56:29.751678Z  INFO lingxi_service::sessions: run committed and published (post-commit) run_id=run_000001a0e9293fb1_00000c session_id=sess_local_alpha events=run_000001a0e9293fb1_00000c-done input_chars=15
2026-09-28T17:56:29.751839Z  INFO lingxi_service::sessions: run committed and published (post-commit) run_id=run_000001a0e9293fb1_00000d session_id=sess_local_alpha events=run_000001a0e9293fb1_00000d-done input_chars=16
2026-09-28T17:56:29.751972Z  INFO lingxi_service::sessions: run committed and published (post-commit) run_id=run_000001a0e9293fb1_00000e session_id=sess_local_alpha events=run_000001a0e9293fb1_00000e-done input_chars=16
2026-09-28T17:56:29.752107Z  INFO lingxi_service::sessions: run committed and published (post-commit) run_id=run_000001a0e9293fb1_00000f session_id=sess_local_alpha events=run_000001a0e9293fb1_00000f-done input_chars=15
2026-09-28T17:56:29.752236Z  INFO lingxi_service::sessions: run committed and published (post-commit) run_id=run_000001a0e9293fb1_000010 session_id=sess_local_alpha events=run_000001a0e9293fb1_000010-done input_chars=16
2026-09-28T17:56:29.752369Z  INFO lingxi_service::sessions: run committed and published (post-commit) run_id=run_000001a0e9293fb1_000011 session_id=sess_local_alpha events=run_000001a0e9293fb1_000011-done input_chars=16
2026-09-28T17:56:29.752500Z  INFO lingxi_service::sessions: run committed and published (post-commit) run_id=run_000001a0e9293fb1_000012 session_id=sess_local_alpha events=run_000001a0e9293fb1_000012-done input_chars=15
2026-09-28T17:56:29.752631Z  INFO lingxi_service::sessions: run committed and published (post-commit) run_id=run_000001a0e9293fb1_000013 session_id=sess_local_alpha events=run_000001a0e9293fb1_000013-done input_chars=16
2026-09-28T17:56:29.752763Z  INFO lingxi_service::sessions: run committed and published (post-commit) run_id=run_000001a0e9293fb2_000014 session_id=sess_local_alpha events=run_000001a0e9293fb2_000014-done input_chars=16
2026-09-28T17:56:29.752789Z  INFO lingxi_service: request handled request_id=req-18b339b8a69d5646123d63cd20b8dd59 method=POST path=/lingxi/v1/sessions/sess_local_alpha/execute status=200
2026-09-28T17:56:29.752922Z  INFO lingxi_service::sessions: run committed and published (post-commit) run_id=run_000001a0e9293fb2_000015 session_id=sess_local_alpha events=run_000001a0e9293fb2_000015-done input_chars=16
2026-09-28T17:56:29.753058Z  INFO lingxi_service::sessions: run committed and published (post-commit) run_id=run_000001a0e9293fb2_000016 session_id=sess_local_alpha events=run_000001a0e9293fb2_000016-done input_chars=15
2026-09-28T17:56:29.753194Z  INFO lingxi_service::sessions: run committed and published (post-commit) run_id=run_000001a0e9293fb2_000017 session_id=sess_local_alpha events=run_000001a0e9293fb2_000017-done input_chars=16
2026-09-28T17:56:29.753210Z  INFO lingxi_service: request handled request_id=req-41d268c1d65e537ffa2728166cd4d168 method=POST path=/lingxi/v1/sessions/sess_local_alpha/execute status=200
2026-09-28T17:56:29.753228Z  INFO lingxi_service: request handled request_id=req-4a33ea6a0997498eb30178696defd5be method=POST path=/lingxi/v1/sessions/sess_local_alpha/execute status=200
2026-09-28T17:56:29.753242Z  INFO lingxi_service: request handled request_id=req-482d349f044adc4e7bbd01b3ecaa6094 method=POST path=/lingxi/v1/sessions/sess_local_alpha/execute status=200
2026-09-28T17:56:29.753374Z  INFO lingxi_service::sessions: run committed and published (post-commit) run_id=run_000001a0e9293fb2_000018 session_id=sess_local_alpha events=run_000001a0e9293fb2_000018-done input_chars=16
2026-09-28T17:56:29.753439Z  INFO lingxi_service: request handled request_id=req-200ba20261b911ba5216622a900eb784 method=POST path=/lingxi/v1/sessions/sess_local_alpha/execute status=200
2026-09-28T17:56:29.753455Z  INFO lingxi_service: request handled request_id=req-db526278c584d50e06680056c95da0b6 method=POST path=/lingxi/v1/sessions/sess_local_alpha/execute status=200
2026-09-28T17:56:29.753470Z  INFO lingxi_service: request handled request_id=req-98313c0cdecc2fe17b928224a6ae0e5b method=POST path=/lingxi/v1/sessions/sess_local_alpha/execute status=200
2026-09-28T17:56:29.753455Z  INFO lingxi_service: request handled request_id=req-9f2a82d3b0bd96f4ba252affb6222c1b method=POST path=/lingxi/v1/sessions/sess_local_alpha/execute status=200
2026-09-28T17:56:29.753455Z  INFO lingxi_service: request handled request_id=req-7b8950ca48e25059dccd2ad4c5c84a42 method=POST path=/lingxi/v1/sessions/sess_local_alpha/execute status=200
2026-09-28T17:56:29.753428Z  INFO lingxi_service: request handled request_id=req-a545ad0266f227868cfd6f2b70d212c9 method=POST path=/lingxi/v1/sessions/sess_local_alpha/execute status=200
2026-09-28T17:56:29.753473Z  INFO lingxi_service: request handled request_id=req-c9260617d50905c1fdd1540b836bc46e method=POST path=/lingxi/v1/sessions/sess_local_alpha/execute status=200
2026-09-28T17:56:29.753502Z  INFO lingxi_service: request handled request_id=req-da6154e8b16bd8f8aefb7e9efe8b7930 method=POST path=/lingxi/v1/sessions/sess_local_alpha/execute status=200
2026-09-28T17:56:29.753627Z  INFO lingxi_service: request handled request_id=req-85644cd10ee7080f7797a98037d5ce29 method=POST path=/lingxi/v1/sessions/sess_local_alpha/execute status=200
2026-09-28T17:56:29.753622Z  INFO lingxi_service: request handled request_id=req-526bd12df5013bb807dee5c155b8756a method=POST path=/lingxi/v1/sessions/sess_local_alpha/execute status=200
2026-09-28T17:56:29.753607Z  INFO lingxi_service: request handled request_id=req-3601f2364bacf8397ab02c063e725845 method=POST path=/lingxi/v1/sessions/sess_local_alpha/execute status=200
2026-09-28T17:56:29.753635Z  INFO lingxi_service: request handled request_id=req-00a282092f1a6c69cc91c4e489918fd7 method=POST path=/lingxi/v1/sessions/sess_local_alpha/execute status=200
2026-09-28T17:56:29.753622Z  INFO lingxi_service: request handled request_id=req-2528b4d17923b6441b888eb8dbf3eab5 method=POST path=/lingxi/v1/sessions/sess_local_alpha/execute status=200
2026-09-28T17:56:29.753636Z  INFO lingxi_service: request handled request_id=req-9c0a4e8ef9eef4604cf62c1eeed3eeb0 method=POST path=/lingxi/v1/sessions/sess_local_alpha/execute status=200
2026-09-28T17:56:29.753600Z  INFO lingxi_service: request handled request_id=req-66bf6a497ab33211812221485b2aedd5 method=POST path=/lingxi/v1/sessions/sess_local_alpha/execute status=200
2026-09-28T17:56:29.756028Z  INFO lingxi_service::sessions: run committed and published (post-commit) run_id=run_000001a0e9293fbb_000019 session_id=sess_local_alpha events=run_000001a0e9293fbb_000019-done input_chars=16
2026-09-28T17:56:29.756871Z  INFO lingxi_service::sessions: run committed and published (post-commit) run_id=run_000001a0e9293fbb_00001a session_id=sess_local_alpha events=run_000001a0e9293fbb_00001a-done input_chars=16
2026-09-28T17:56:29.756893Z  INFO lingxi_service: request handled request_id=req-0b090af0151f344ad9441746e9ef0e26 method=POST path=/lingxi/v1/sessions/sess_local_alpha/execute status=200
2026-09-28T17:56:29.757047Z  INFO lingxi_service::sessions: run committed and published (post-commit) run_id=run_000001a0e9293fbb_00001b session_id=sess_local_alpha events=run_000001a0e9293fbb_00001b-done input_chars=16
2026-09-28T17:56:29.757213Z  INFO lingxi_service::sessions: run committed and published (post-commit) run_id=run_000001a0e9293fbb_00001c session_id=sess_local_alpha events=run_000001a0e9293fbb_00001c-done input_chars=16
2026-09-28T17:56:29.757375Z  INFO lingxi_service::sessions: run committed and published (post-commit) run_id=run_000001a0e9293fbb_00001d session_id=sess_local_alpha events=run_000001a0e9293fbb_00001d-done input_chars=16
2026-09-28T17:56:29.757640Z  INFO lingxi_service: request handled request_id=req-d798adf6eaa8fa56156335c417f29c45 method=POST path=/lingxi/v1/sessions/sess_local_alpha/execute status=200
2026-09-28T17:56:29.758069Z  INFO lingxi_service: request handled request_id=req-39b2ab73721f99599f4e9ed11996670d method=POST path=/lingxi/v1/sessions/sess_local_alpha/execute status=200
2026-09-28T17:56:29.758319Z  INFO lingxi_service: request handled request_id=req-2713ba89ab3503b3ea1f33d5dfd0684f method=POST path=/lingxi/v1/sessions/sess_local_alpha/execute status=200
2026-09-28T17:56:29.758537Z  INFO lingxi_service: request handled request_id=req-a08ff8380e3b0379460f77f6e2f10354 method=POST path=/lingxi/v1/sessions/sess_local_alpha/execute status=200
2026-09-28T17:56:29.758691Z  INFO lingxi_service::sessions: run committed and published (post-commit) run_id=run_000001a0e9293fbb_00001e session_id=sess_local_alpha events=run_000001a0e9293fbb_00001e-done input_chars=16
2026-09-28T17:56:29.759602Z  INFO lingxi_service::sessions: run committed and published (post-commit) run_id=run_000001a0e9293fbc_00001f session_id=sess_local_alpha events=run_000001a0e9293fbc_00001f-done input_chars=16
2026-09-28T17:56:29.759769Z  INFO lingxi_service::sessions: run committed and published (post-commit) run_id=run_000001a0e9293fbc_000020 session_id=sess_local_alpha events=run_000001a0e9293fbc_000020-done input_chars=16
2026-09-28T17:56:29.760106Z  INFO lingxi_service::sessions: run committed and published (post-commit) run_id=run_000001a0e9293fbc_000021 session_id=sess_local_alpha events=run_000001a0e9293fbc_000021-done input_chars=16
2026-09-28T17:56:29.760275Z  INFO lingxi_service::sessions: run committed and published (post-commit) run_id=run_000001a0e9293fbc_000022 session_id=sess_local_alpha events=run_000001a0e9293fbc_000022-done input_chars=16
2026-09-28T17:56:29.760291Z  INFO lingxi_service: request handled request_id=req-30732bf17bf994c996ca05439f4a881a method=POST path=/lingxi/v1/sessions/sess_local_alpha/execute status=200
2026-09-28T17:56:29.760477Z  INFO lingxi_service::sessions: run committed and published (post-commit) run_id=run_000001a0e9293fbc_000023 session_id=sess_local_alpha events=run_000001a0e9293fbc_000023-done input_chars=16
2026-09-28T17:56:29.760636Z  INFO lingxi_service::sessions: run committed and published (post-commit) run_id=run_000001a0e9293fbc_000024 session_id=sess_local_alpha events=run_000001a0e9293fbc_000024-done input_chars=16
2026-09-28T17:56:29.760775Z  INFO lingxi_service::sessions: run committed and published (post-commit) run_id=run_000001a0e9293fbc_000025 session_id=sess_local_alpha events=run_000001a0e9293fbc_000025-done input_chars=16
2026-09-28T17:56:29.760916Z  INFO lingxi_service::sessions: run committed and published (post-commit) run_id=run_000001a0e9293fbc_000026 session_id=sess_local_alpha events=run_000001a0e9293fbc_000026-done input_chars=16
2026-09-28T17:56:29.760940Z  INFO lingxi_service: request handled request_id=req-273b74506c5fedc872ad513ea3fdff65 method=POST path=/lingxi/v1/sessions/sess_local_alpha/execute status=200
2026-09-28T17:56:29.761344Z  INFO lingxi_service: request handled request_id=req-ab4bb5815b851f0ddb88f7e6747e90f2 method=POST path=/lingxi/v1/sessions/sess_local_alpha/execute status=200
2026-09-28T17:56:29.761473Z  INFO lingxi_service::sessions: run committed and published (post-commit) run_id=run_000001a0e9293fbd_000027 session_id=sess_local_alpha events=run_000001a0e9293fbd_000027-done input_chars=16
2026-09-28T17:56:29.761866Z  INFO lingxi_service: request handled request_id=req-5cb5157af4071e82cf7d247d2dc8a2a7 method=POST path=/lingxi/v1/sessions/sess_local_alpha/execute status=200
2026-09-28T17:56:29.762429Z  INFO lingxi_service: request handled request_id=req-82d5f92477c590f7b30c4fc60998e3ff method=POST path=/lingxi/v1/sessions/sess_local_alpha/execute status=200
2026-09-28T17:56:29.762800Z  INFO lingxi_service: request handled request_id=req-70672c324f310c3ae1f252ae457be0be method=POST path=/lingxi/v1/sessions/sess_local_alpha/execute status=200
2026-09-28T17:56:29.762813Z  INFO lingxi_service: request handled request_id=req-7ae965b832233e177001dd9c1818e34d method=POST path=/lingxi/v1/sessions/sess_local_alpha/execute status=200
2026-09-28T17:56:29.762824Z  INFO lingxi_service: request handled request_id=req-7bdcc3a6b504d403046b49acfd9a773d method=POST path=/lingxi/v1/sessions/sess_local_alpha/execute status=200
2026-09-28T17:56:29.762897Z  INFO lingxi_service: request handled request_id=req-2b2e4ebc175d748984a852226cb66857 method=POST path=/lingxi/v1/sessions/sess_local_alpha/execute status=200
2026-09-28T17:56:29.762971Z  INFO lingxi_service::sessions: run committed and published (post-commit) run_id=run_000001a0e9293fbe_000028 session_id=sess_local_alpha events=run_000001a0e9293fbe_000028-done input_chars=16
2026-09-28T17:56:29.763118Z  INFO lingxi_service::sessions: run committed and published (post-commit) run_id=run_000001a0e9293fbe_000029 session_id=sess_local_alpha events=run_000001a0e9293fbe_000029-done input_chars=16
2026-09-28T17:56:29.763144Z  INFO lingxi_service: request handled request_id=req-c2d588e7309c18a66f4668633c892798 method=POST path=/lingxi/v1/sessions/sess_local_alpha/execute status=200
2026-09-28T17:56:29.763289Z  INFO lingxi_service::sessions: run committed and published (post-commit) run_id=run_000001a0e9293fbe_00002a session_id=sess_local_alpha events=run_000001a0e9293fbe_00002a-done input_chars=16
2026-09-28T17:56:29.763446Z  INFO lingxi_service::sessions: run committed and published (post-commit) run_id=run_000001a0e9293fbe_00002b session_id=sess_local_alpha events=run_000001a0e9293fbe_00002b-done input_chars=16
2026-09-28T17:56:29.763579Z  INFO lingxi_service::sessions: run committed and published (post-commit) run_id=run_000001a0e9293fbe_00002c session_id=sess_local_alpha events=run_000001a0e9293fbe_00002c-done input_chars=16
2026-09-28T17:56:29.763712Z  INFO lingxi_service::sessions: run committed and published (post-commit) run_id=run_000001a0e9293fbe_00002d session_id=sess_local_alpha events=run_000001a0e9293fbe_00002d-done input_chars=16
2026-09-28T17:56:29.763844Z  INFO lingxi_service::sessions: run committed and published (post-commit) run_id=run_000001a0e9293fbe_00002e session_id=sess_local_alpha events=run_000001a0e9293fbe_00002e-done input_chars=16
2026-09-28T17:56:29.763977Z  INFO lingxi_service::sessions: run committed and published (post-commit) run_id=run_000001a0e9293fbe_00002f session_id=sess_local_alpha events=run_000001a0e9293fbe_00002f-done input_chars=16
2026-09-28T17:56:29.764111Z  INFO lingxi_service::sessions: run committed and published (post-commit) run_id=run_000001a0e9293fbe_000030 session_id=sess_local_alpha events=run_000001a0e9293fbe_000030-done input_chars=16
2026-09-28T17:56:29.764133Z  INFO lingxi_service: request handled request_id=req-206e9197912d7e08cad0a278ab38d70d method=POST path=/lingxi/v1/sessions/sess_local_alpha/execute status=200
2026-09-28T17:56:29.764142Z  INFO lingxi_service: request handled request_id=req-ceee8891909f0dea4e304fee7009e0e0 method=POST path=/lingxi/v1/sessions/sess_local_alpha/execute status=200
2026-09-28T17:56:29.764154Z  INFO lingxi_service: request handled request_id=req-0b95fdf331e4cab4678b12a736505393 method=POST path=/lingxi/v1/sessions/sess_local_alpha/execute status=200
2026-09-28T17:56:29.764220Z  INFO lingxi_service: request handled request_id=req-b6c3f5ebf69fd0c01b98917ded07dca8 method=POST path=/lingxi/v1/sessions/sess_local_alpha/execute status=200
2026-09-28T17:56:29.764251Z  INFO lingxi_service: request handled request_id=req-a7d6f87cf7c9f4eab5a5ab1b8aff628b method=POST path=/lingxi/v1/sessions/sess_local_alpha/execute status=200
2026-09-28T17:56:29.764247Z  INFO lingxi_service: request handled request_id=req-c4da311f461c9e601de92fdb6686056e method=POST path=/lingxi/v1/sessions/sess_local_alpha/execute status=200
2026-09-28T17:56:29.764255Z  INFO lingxi_service: request handled request_id=req-af47ddd7c4c2da57f236e38607414080 method=POST path=/lingxi/v1/sessions/sess_local_alpha/execute status=200
2026-09-28T17:56:29.764262Z  INFO lingxi_service: request handled request_id=req-25901042ceafd0a6a943312dae060d80 method=POST path=/lingxi/v1/sessions/sess_local_alpha/execute status=200
2026-09-28T17:56:29.764262Z  INFO lingxi_service: request handled request_id=req-2f75599c38c74a7b28e19b72bb9d2103 method=POST path=/lingxi/v1/sessions/sess_local_alpha/execute status=200
2026-09-28T17:56:29.765858Z  INFO lingxi_service::sessions: run committed and published (post-commit) run_id=run_000001a0e9293fc5_000031 session_id=sess_local_alpha events=run_000001a0e9293fc5_000031-done input_chars=16
2026-09-28T17:56:29.766516Z  INFO lingxi_service: request handled request_id=req-a94fde9b770b08572db462d54cd754ae method=POST path=/lingxi/v1/sessions/sess_local_alpha/execute status=200
2026-09-28T17:56:29.766688Z  INFO lingxi_service::sessions: run committed and published (post-commit) run_id=run_000001a0e9293fc5_000032 session_id=sess_local_alpha events=run_000001a0e9293fc5_000032-done input_chars=16
2026-09-28T17:56:29.766862Z  INFO lingxi_service::sessions: run committed and published (post-commit) run_id=run_000001a0e9293fc5_000033 session_id=sess_local_alpha events=run_000001a0e9293fc5_000033-done input_chars=16
2026-09-28T17:56:29.767044Z  INFO lingxi_service::sessions: run committed and published (post-commit) run_id=run_000001a0e9293fc5_000034 session_id=sess_local_alpha events=run_000001a0e9293fc5_000034-done input_chars=16
2026-09-28T17:56:29.767911Z  INFO lingxi_service: request handled request_id=req-d0d0f04de910b617892e0a247325035e method=POST path=/lingxi/v1/sessions/sess_local_alpha/execute status=200
2026-09-28T17:56:29.768212Z  INFO lingxi_service: request handled request_id=req-34c059ef91a837f5afc07474cfc5f705 method=POST path=/lingxi/v1/sessions/sess_local_alpha/execute status=200
2026-09-28T17:56:29.768237Z  INFO lingxi_service: request handled request_id=req-e58cc86ee3f50f486feabec7d426e5d6 method=POST path=/lingxi/v1/sessions/sess_local_alpha/execute status=200
2026-09-28T17:56:29.768434Z  INFO lingxi_service::sessions: run committed and published (post-commit) run_id=run_000001a0e9293fc5_000035 session_id=sess_local_alpha events=run_000001a0e9293fc5_000035-done input_chars=16
2026-09-28T17:56:29.768806Z  INFO lingxi_service::sessions: run committed and published (post-commit) run_id=run_000001a0e9293fc5_000036 session_id=sess_local_alpha events=run_000001a0e9293fc5_000036-done input_chars=16
2026-09-28T17:56:29.768961Z  INFO lingxi_service::sessions: run committed and published (post-commit) run_id=run_000001a0e9293fc5_000037 session_id=sess_local_alpha events=run_000001a0e9293fc5_000037-done input_chars=16
2026-09-28T17:56:29.769271Z  INFO lingxi_service::sessions: run committed and published (post-commit) run_id=run_000001a0e9293fc6_000038 session_id=sess_local_alpha events=run_000001a0e9293fc6_000038-done input_chars=16
2026-09-28T17:56:29.769627Z  INFO lingxi_service::sessions: run committed and published (post-commit) run_id=run_000001a0e9293fc6_000039 session_id=sess_local_alpha events=run_000001a0e9293fc6_000039-done input_chars=16
2026-09-28T17:56:29.769697Z  INFO lingxi_service: request handled request_id=req-ef5295e63c6e1b742c06f821ec6cddf2 method=POST path=/lingxi/v1/sessions/sess_local_alpha/execute status=200
2026-09-28T17:56:29.769846Z  INFO lingxi_service::sessions: run committed and published (post-commit) run_id=run_000001a0e9293fc6_00003a session_id=sess_local_alpha events=run_000001a0e9293fc6_00003a-done input_chars=16
2026-09-28T17:56:29.770714Z  INFO lingxi_service: request handled request_id=req-a59350024b97ba29d7a46981102787d4 method=POST path=/lingxi/v1/sessions/sess_local_alpha/execute status=200
2026-09-28T17:56:29.770728Z  INFO lingxi_service: request handled request_id=req-a1533ace5ece840cbf72f733c97ee1a6 method=POST path=/lingxi/v1/sessions/sess_local_alpha/execute status=200
2026-09-28T17:56:29.770839Z  INFO lingxi_service::sessions: run committed and published (post-commit) run_id=run_000001a0e9293fc6_00003b session_id=sess_local_alpha events=run_000001a0e9293fc6_00003b-done input_chars=16
2026-09-28T17:56:29.771008Z  INFO lingxi_service: request handled request_id=req-08990bdffd5eabeef096b46667c7dd2b method=POST path=/lingxi/v1/sessions/sess_local_alpha/execute status=200
2026-09-28T17:56:29.771112Z  INFO lingxi_service::sessions: run committed and published (post-commit) run_id=run_000001a0e9293fc6_00003c session_id=sess_local_alpha events=run_000001a0e9293fc6_00003c-done input_chars=16
2026-09-28T17:56:29.771904Z  INFO lingxi_service: request handled request_id=req-aa2d812927fd7bb8d5f8b40cb74a2662 method=POST path=/lingxi/v1/sessions/sess_local_alpha/execute status=200
2026-09-28T17:56:29.772350Z  INFO lingxi_service: request handled request_id=req-61affd99b34bbb2437a841454c88ef7e method=POST path=/lingxi/v1/sessions/sess_local_alpha/execute status=200
2026-09-28T17:56:29.772459Z  INFO lingxi_service::sessions: run committed and published (post-commit) run_id=run_000001a0e9293fc7_00003d session_id=sess_local_alpha events=run_000001a0e9293fc7_00003d-done input_chars=16
2026-09-28T17:56:29.772569Z  INFO lingxi_service::sessions: run committed and published (post-commit) run_id=run_000001a0e9293fc7_00003e session_id=sess_local_alpha events=run_000001a0e9293fc7_00003e-done input_chars=16
2026-09-28T17:56:29.772683Z  INFO lingxi_service::sessions: run committed and published (post-commit) run_id=run_000001a0e9293fc7_00003f session_id=sess_local_alpha events=run_000001a0e9293fc7_00003f-done input_chars=16
2026-09-28T17:56:29.772702Z  INFO lingxi_service: request handled request_id=req-6d198f1bbeab439b90a35767980e6804 method=POST path=/lingxi/v1/sessions/sess_local_alpha/execute status=200
2026-09-28T17:56:29.772815Z  INFO lingxi_service::sessions: run committed and published (post-commit) run_id=run_000001a0e9293fc7_000040 session_id=sess_local_alpha events=run_000001a0e9293fc7_000040-done input_chars=16
2026-09-28T17:56:29.772837Z  INFO lingxi_service: request handled request_id=req-9f5071444ffa59130145d2a59e7a9449 method=POST path=/lingxi/v1/sessions/sess_local_alpha/execute status=200
2026-09-28T17:56:29.772948Z  INFO lingxi_service::sessions: run committed and published (post-commit) run_id=run_000001a0e9293fc8_000041 session_id=sess_local_alpha events=run_000001a0e9293fc8_000041-done input_chars=16
2026-09-28T17:56:29.773059Z  INFO lingxi_service::sessions: run committed and published (post-commit) run_id=run_000001a0e9293fc8_000042 session_id=sess_local_alpha events=run_000001a0e9293fc8_000042-done input_chars=16
2026-09-28T17:56:29.773167Z  INFO lingxi_service::sessions: run committed and published (post-commit) run_id=run_000001a0e9293fc8_000043 session_id=sess_local_alpha events=run_000001a0e9293fc8_000043-done input_chars=16
2026-09-28T17:56:29.773277Z  INFO lingxi_service::sessions: run committed and published (post-commit) run_id=run_000001a0e9293fc8_000044 session_id=sess_local_alpha events=run_000001a0e9293fc8_000044-done input_chars=16
2026-09-28T17:56:29.773404Z  INFO lingxi_service::sessions: run committed and published (post-commit) run_id=run_000001a0e9293fc8_000045 session_id=sess_local_alpha events=run_000001a0e9293fc8_000045-done input_chars=16
2026-09-28T17:56:29.773511Z  INFO lingxi_service::sessions: run committed and published (post-commit) run_id=run_000001a0e9293fc8_000046 session_id=sess_local_alpha events=run_000001a0e9293fc8_000046-done input_chars=16
2026-09-28T17:56:29.773616Z  INFO lingxi_service::sessions: run committed and published (post-commit) run_id=run_000001a0e9293fc8_000047 session_id=sess_local_alpha events=run_000001a0e9293fc8_000047-done input_chars=16
2026-09-28T17:56:29.773725Z  INFO lingxi_service::sessions: run committed and published (post-commit) run_id=run_000001a0e9293fc8_000048 session_id=sess_local_alpha events=run_000001a0e9293fc8_000048-done input_chars=16
2026-09-28T17:56:29.773746Z  INFO lingxi_service: request handled request_id=req-63f4bbc6154d8eb1da1350f31d0fb6c4 method=POST path=/lingxi/v1/sessions/sess_local_alpha/execute status=200
2026-09-28T17:56:29.773764Z  INFO lingxi_service: request handled request_id=req-cf25b8b774a197df694ee179bd2e0f8e method=POST path=/lingxi/v1/sessions/sess_local_alpha/execute status=200
2026-09-28T17:56:29.773821Z  INFO lingxi_service: request handled request_id=req-0d10bc5944de9dca551085b3c176787d method=POST path=/lingxi/v1/sessions/sess_local_alpha/execute status=200
2026-09-28T17:56:29.773857Z  INFO lingxi_service: request handled request_id=req-b948579be4908297884ca04491f47ac3 method=POST path=/lingxi/v1/sessions/sess_local_alpha/execute status=200
2026-09-28T17:56:29.773879Z  INFO lingxi_service: request handled request_id=req-48c385fddd3f3de9f4f0f7fdb6219be2 method=POST path=/lingxi/v1/sessions/sess_local_alpha/execute status=200
2026-09-28T17:56:29.773863Z  INFO lingxi_service: request handled request_id=req-b6bb65d2bd4429970b1a6d0fb8914411 method=POST path=/lingxi/v1/sessions/sess_local_alpha/execute status=200
2026-09-28T17:56:29.773847Z  INFO lingxi_service: request handled request_id=req-a9c18277743a7973750d1a16c9c466f2 method=POST path=/lingxi/v1/sessions/sess_local_alpha/execute status=200
2026-09-28T17:56:29.773890Z  INFO lingxi_service: request handled request_id=req-dc2a378a8e23b27c79a5878f26ec2c60 method=POST path=/lingxi/v1/sessions/sess_local_alpha/execute status=200
2026-09-28T17:56:29.773896Z  INFO lingxi_service: request handled request_id=req-20dc428c4c987fd216474740b0c692d8 method=POST path=/lingxi/v1/sessions/sess_local_alpha/execute status=200
2026-09-28T17:56:29.773900Z  INFO lingxi_service: request handled request_id=req-e3af6e802b012ad0f36d79734b612373 method=POST path=/lingxi/v1/sessions/sess_local_alpha/execute status=200
2026-09-28T17:56:29.773930Z  INFO lingxi_service: request handled request_id=req-9d215bcb7cee753fa363d0658b2839b3 method=POST path=/lingxi/v1/sessions/sess_local_alpha/execute status=200
2026-09-28T17:56:29.773969Z  INFO lingxi_service: request handled request_id=req-c21e3d1b91536cd669d11623aa2b8145 method=POST path=/lingxi/v1/sessions/sess_local_alpha/execute status=200
2026-09-28T17:56:29.775571Z  INFO lingxi_service::sessions: run committed and published (post-commit) run_id=run_000001a0e9293fcf_000049 session_id=sess_local_alpha events=run_000001a0e9293fcf_000049-done input_chars=16
2026-09-28T17:56:29.775977Z  INFO lingxi_service: request handled request_id=req-7ea0fc5201247cfbf00eab7d57bdac12 method=POST path=/lingxi/v1/sessions/sess_local_alpha/execute status=200
2026-09-28T17:56:29.776113Z  INFO lingxi_service::sessions: run committed and published (post-commit) run_id=run_000001a0e9293fcf_00004a session_id=sess_local_alpha events=run_000001a0e9293fcf_00004a-done input_chars=16
2026-09-28T17:56:29.776260Z  INFO lingxi_service::sessions: run committed and published (post-commit) run_id=run_000001a0e9293fcf_00004b session_id=sess_local_alpha events=run_000001a0e9293fcf_00004b-done input_chars=16
2026-09-28T17:56:29.776488Z  INFO lingxi_service: request handled request_id=req-7e8d6c21cdea3422cef63bb679974d6e method=POST path=/lingxi/v1/sessions/sess_local_alpha/execute status=200
2026-09-28T17:56:29.776509Z  INFO lingxi_service: request handled request_id=req-a8215f4648fb1fec80f179542e641cd5 method=POST path=/lingxi/v1/sessions/sess_local_alpha/execute status=200
2026-09-28T17:56:29.776636Z  INFO lingxi_service::sessions: run committed and published (post-commit) run_id=run_000001a0e9293fcf_00004c session_id=sess_local_alpha events=run_000001a0e9293fcf_00004c-done input_chars=16
2026-09-28T17:56:29.777266Z  INFO lingxi_service: request handled request_id=req-8c85f7fe030c29df8b87891466bb0b46 method=POST path=/lingxi/v1/sessions/sess_local_alpha/execute status=200
2026-09-28T17:56:29.777448Z  INFO lingxi_service::sessions: run committed and published (post-commit) run_id=run_000001a0e9293fd0_00004d session_id=sess_local_alpha events=run_000001a0e9293fd0_00004d-done input_chars=16
2026-09-28T17:56:29.777591Z  INFO lingxi_service::sessions: run committed and published (post-commit) run_id=run_000001a0e9293fd0_00004e session_id=sess_local_alpha events=run_000001a0e9293fd0_00004e-done input_chars=16
2026-09-28T17:56:29.777749Z  INFO lingxi_service::sessions: run committed and published (post-commit) run_id=run_000001a0e9293fd0_00004f session_id=sess_local_alpha events=run_000001a0e9293fd0_00004f-done input_chars=16
2026-09-28T17:56:29.778671Z  INFO lingxi_service: request handled request_id=req-6f81dba9cf9365bb029ced73e13b5e8c method=POST path=/lingxi/v1/sessions/sess_local_alpha/execute status=200
2026-09-28T17:56:29.778708Z  INFO lingxi_service: request handled request_id=req-5c1246c2ad878bd79271f0af394fa9c9 method=POST path=/lingxi/v1/sessions/sess_local_alpha/execute status=200
2026-09-28T17:56:29.778721Z  INFO lingxi_service: request handled request_id=req-d01d85744b46d57aef745f069850320d method=POST path=/lingxi/v1/sessions/sess_local_alpha/execute status=200
2026-09-28T17:56:29.778837Z  INFO lingxi_service::sessions: run committed and published (post-commit) run_id=run_000001a0e9293fd0_000050 session_id=sess_local_alpha events=run_000001a0e9293fd0_000050-done input_chars=16
2026-09-28T17:56:29.778964Z  INFO lingxi_service::sessions: run committed and published (post-commit) run_id=run_000001a0e9293fd0_000051 session_id=sess_local_alpha events=run_000001a0e9293fd0_000051-done input_chars=16
2026-09-28T17:56:29.779241Z  INFO lingxi_service::sessions: run committed and published (post-commit) run_id=run_000001a0e9293fd0_000052 session_id=sess_local_alpha events=run_000001a0e9293fd0_000052-done input_chars=16
2026-09-28T17:56:29.779378Z  INFO lingxi_service::sessions: run committed and published (post-commit) run_id=run_000001a0e9293fd0_000053 session_id=sess_local_alpha events=run_000001a0e9293fd0_000053-done input_chars=16
2026-09-28T17:56:29.779495Z  INFO lingxi_service::sessions: run committed and published (post-commit) run_id=run_000001a0e9293fd0_000054 session_id=sess_local_alpha events=run_000001a0e9293fd0_000054-done input_chars=16
2026-09-28T17:56:29.780265Z  INFO lingxi_service: request handled request_id=req-cdf1ec4d7b1c7ba35bcdf1009f34c321 method=POST path=/lingxi/v1/sessions/sess_local_alpha/execute status=200
2026-09-28T17:56:29.780287Z  INFO lingxi_service: request handled request_id=req-2ed544797b7d84de5d9ca8065d50bdb1 method=POST path=/lingxi/v1/sessions/sess_local_alpha/execute status=200
2026-09-28T17:56:29.780392Z  INFO lingxi_service::sessions: run committed and published (post-commit) run_id=run_000001a0e9293fd1_000055 session_id=sess_local_alpha events=run_000001a0e9293fd1_000055-done input_chars=16
2026-09-28T17:56:29.781164Z  INFO lingxi_service: request handled request_id=req-7e25953e9f3a900d7c72781e3450d4c1 method=POST path=/lingxi/v1/sessions/sess_local_alpha/execute status=200
2026-09-28T17:56:29.781357Z  INFO lingxi_service: request handled request_id=req-472ebf0a8a1ffffe326df6fe0fd43aff method=POST path=/lingxi/v1/sessions/sess_local_alpha/execute status=200
2026-09-28T17:56:29.781374Z  INFO lingxi_service: request handled request_id=req-6b4b1a3ed1c2ebae3458e048493ff837 method=POST path=/lingxi/v1/sessions/sess_local_alpha/execute status=200
2026-09-28T17:56:29.781483Z  INFO lingxi_service::sessions: run committed and published (post-commit) run_id=run_000001a0e9293fd1_000056 session_id=sess_local_alpha events=run_000001a0e9293fd1_000056-done input_chars=16
2026-09-28T17:56:29.781609Z  INFO lingxi_service::sessions: run committed and published (post-commit) run_id=run_000001a0e9293fd1_000057 session_id=sess_local_alpha events=run_000001a0e9293fd1_000057-done input_chars=16
2026-09-28T17:56:29.781722Z  INFO lingxi_service::sessions: run committed and published (post-commit) run_id=run_000001a0e9293fd1_000058 session_id=sess_local_alpha events=run_000001a0e9293fd1_000058-done input_chars=16
2026-09-28T17:56:29.781827Z  INFO lingxi_service::sessions: run committed and published (post-commit) run_id=run_000001a0e9293fd1_000059 session_id=sess_local_alpha events=run_000001a0e9293fd1_000059-done input_chars=16
2026-09-28T17:56:29.781934Z  INFO lingxi_service::sessions: run committed and published (post-commit) run_id=run_000001a0e9293fd1_00005a session_id=sess_local_alpha events=run_000001a0e9293fd1_00005a-done input_chars=16
2026-09-28T17:56:29.781952Z  INFO lingxi_service: request handled request_id=req-788df06f4efee26c09adb53d8a7bac0d method=POST path=/lingxi/v1/sessions/sess_local_alpha/execute status=200
2026-09-28T17:56:29.782058Z  INFO lingxi_service::sessions: run committed and published (post-commit) run_id=run_000001a0e9293fd2_00005b session_id=sess_local_alpha events=run_000001a0e9293fd2_00005b-done input_chars=16
2026-09-28T17:56:29.782164Z  INFO lingxi_service::sessions: run committed and published (post-commit) run_id=run_000001a0e9293fd2_00005c session_id=sess_local_alpha events=run_000001a0e9293fd2_00005c-done input_chars=16
2026-09-28T17:56:29.782266Z  INFO lingxi_service::sessions: run committed and published (post-commit) run_id=run_000001a0e9293fd2_00005d session_id=sess_local_alpha events=run_000001a0e9293fd2_00005d-done input_chars=16
2026-09-28T17:56:29.782376Z  INFO lingxi_service::sessions: run committed and published (post-commit) run_id=run_000001a0e9293fd2_00005e session_id=sess_local_alpha events=run_000001a0e9293fd2_00005e-done input_chars=16
2026-09-28T17:56:29.782483Z  INFO lingxi_service::sessions: run committed and published (post-commit) run_id=run_000001a0e9293fd2_00005f session_id=sess_local_alpha events=run_000001a0e9293fd2_00005f-done input_chars=16
2026-09-28T17:56:29.782597Z  INFO lingxi_service::sessions: run committed and published (post-commit) run_id=run_000001a0e9293fd2_000060 session_id=sess_local_alpha events=run_000001a0e9293fd2_000060-done input_chars=16
2026-09-28T17:56:29.782616Z  INFO lingxi_service: request handled request_id=req-7d87d989a46f12ed92126cfaf578f626 method=POST path=/lingxi/v1/sessions/sess_local_alpha/execute status=200
2026-09-28T17:56:29.782636Z  INFO lingxi_service: request handled request_id=req-01b263398b63743ea95d30e847ef7919 method=POST path=/lingxi/v1/sessions/sess_local_alpha/execute status=200
2026-09-28T17:56:29.782650Z  INFO lingxi_service: request handled request_id=req-c3fab469104f27869f710e72c175dd48 method=POST path=/lingxi/v1/sessions/sess_local_alpha/execute status=200
2026-09-28T17:56:29.782689Z  INFO lingxi_service: request handled request_id=req-345deb2b7d9366f45a1f22b401b80032 method=POST path=/lingxi/v1/sessions/sess_local_alpha/execute status=200
2026-09-28T17:56:29.782704Z  INFO lingxi_service: request handled request_id=req-697a9b37bc72d2c8952bdde3139d1de1 method=POST path=/lingxi/v1/sessions/sess_local_alpha/execute status=200
2026-09-28T17:56:29.782727Z  INFO lingxi_service: request handled request_id=req-3afd832ac6dda435f0844ea2b04d0ebd method=POST path=/lingxi/v1/sessions/sess_local_alpha/execute status=200
2026-09-28T17:56:29.782757Z  INFO lingxi_service: request handled request_id=req-a0385b5e2eafa10da8bcf7d6b2c7a9bd method=POST path=/lingxi/v1/sessions/sess_local_alpha/execute status=200
2026-09-28T17:56:29.782741Z  INFO lingxi_service: request handled request_id=req-4756cdd3ddbc1a7c73dbd82205ae270d method=POST path=/lingxi/v1/sessions/sess_local_alpha/execute status=200
2026-09-28T17:56:29.782727Z  INFO lingxi_service: request handled request_id=req-beb96390ea9a3a860b925fa9a6073f34 method=POST path=/lingxi/v1/sessions/sess_local_alpha/execute status=200
2026-09-28T17:56:29.782761Z  INFO lingxi_service: request handled request_id=req-a64be0703cdfaff8421bdcfc04d78758 method=POST path=/lingxi/v1/sessions/sess_local_alpha/execute status=200
2026-09-28T17:56:29.782817Z  INFO lingxi_service: request handled request_id=req-72622185b1228caa6aa8488c6140b6a8 method=POST path=/lingxi/v1/sessions/sess_local_alpha/execute status=200
2026-09-28T17:56:29.784042Z  INFO lingxi_service::sessions: run committed and published (post-commit) run_id=run_000001a0e9293fd7_000061 session_id=sess_local_alpha events=run_000001a0e9293fd7_000061-done input_chars=16
2026-09-28T17:56:29.784495Z  INFO lingxi_service: request handled request_id=req-4afe2781ac5a996295b2482b4b9a450b method=POST path=/lingxi/v1/sessions/sess_local_alpha/execute status=200
2026-09-28T17:56:29.784594Z  INFO lingxi_service::sessions: run committed and published (post-commit) run_id=run_000001a0e9293fd7_000062 session_id=sess_local_alpha events=run_000001a0e9293fd7_000062-done input_chars=16
2026-09-28T17:56:29.784744Z  INFO lingxi_service::sessions: run committed and published (post-commit) run_id=run_000001a0e9293fd7_000063 session_id=sess_local_alpha events=run_000001a0e9293fd7_000063-done input_chars=16
2026-09-28T17:56:29.785280Z  INFO lingxi_service: request handled request_id=req-66d6f0ff012f81fb05084c783f9ef649 method=POST path=/lingxi/v1/sessions/sess_local_alpha/execute status=200
2026-09-28T17:56:29.785662Z  INFO lingxi_service: request handled request_id=req-bf20b0f5e8cf566c95c69bc73438e6a6 method=POST path=/lingxi/v1/sessions/sess_local_alpha/execute status=200
2026-09-28T17:56:29.785783Z  INFO lingxi_service::sessions: run committed and published (post-commit) run_id=run_000001a0e9293fd8_000064 session_id=sess_local_alpha events=run_000001a0e9293fd8_000064-done input_chars=16
2026-09-28T17:56:29.785926Z  INFO lingxi_service::sessions: run committed and published (post-commit) run_id=run_000001a0e9293fd8_000065 session_id=sess_local_alpha events=run_000001a0e9293fd8_000065-done input_chars=17
2026-09-28T17:56:29.786067Z  INFO lingxi_service::sessions: run committed and published (post-commit) run_id=run_000001a0e9293fd8_000066 session_id=sess_local_alpha events=run_000001a0e9293fd8_000066-done input_chars=17
2026-09-28T17:56:29.786207Z  INFO lingxi_service::sessions: run committed and published (post-commit) run_id=run_000001a0e9293fd8_000067 session_id=sess_local_alpha events=run_000001a0e9293fd8_000067-done input_chars=17
2026-09-28T17:56:29.786344Z  INFO lingxi_service::sessions: run committed and published (post-commit) run_id=run_000001a0e9293fd8_000068 session_id=sess_local_alpha events=run_000001a0e9293fd8_000068-done input_chars=17
2026-09-28T17:56:29.786711Z  INFO lingxi_service: request handled request_id=req-a7539a59d27e96efbd7e124502ffedd0 method=POST path=/lingxi/v1/sessions/sess_local_alpha/execute status=200
2026-09-28T17:56:29.786739Z  INFO lingxi_service: request handled request_id=req-ea4d7dcc1bf1ad3a94d5e83017e85950 method=POST path=/lingxi/v1/sessions/sess_local_alpha/execute status=200
2026-09-28T17:56:29.786783Z  INFO lingxi_service: request handled request_id=req-30a2c4537e0097da7940def3e91a72d0 method=POST path=/lingxi/v1/sessions/sess_local_alpha/execute status=200
2026-09-28T17:56:29.786962Z  INFO lingxi_service: request handled request_id=req-838d5342f7bf28cb6b0f4c46063c6f48 method=POST path=/lingxi/v1/sessions/sess_local_alpha/execute status=200
2026-09-28T17:56:29.787008Z  INFO lingxi_service: request handled request_id=req-95bb08a3b6d44c7ae44e0e3398c12c80 method=POST path=/lingxi/v1/sessions/sess_local_alpha/execute status=200
2026-09-28T17:56:29.787160Z  INFO lingxi_service::sessions: run committed and published (post-commit) run_id=run_000001a0e9293fd8_000069 session_id=sess_local_alpha events=run_000001a0e9293fd8_000069-done input_chars=17
2026-09-28T17:56:29.787293Z  INFO lingxi_service::sessions: run committed and published (post-commit) run_id=run_000001a0e9293fd8_00006a session_id=sess_local_alpha events=run_000001a0e9293fd8_00006a-done input_chars=17
2026-09-28T17:56:29.788065Z  INFO lingxi_service::sessions: run committed and published (post-commit) run_id=run_000001a0e9293fd9_00006b session_id=sess_local_alpha events=run_000001a0e9293fd9_00006b-done input_chars=17
2026-09-28T17:56:29.788696Z  INFO lingxi_service: request handled request_id=req-6886f11b75c8ad1ff31e00969d32bede method=POST path=/lingxi/v1/sessions/sess_local_alpha/execute status=200
2026-09-28T17:56:29.788718Z  INFO lingxi_service: request handled request_id=req-cb243f7d98550af1469df37ed74e0583 method=POST path=/lingxi/v1/sessions/sess_local_alpha/execute status=200
2026-09-28T17:56:29.788840Z  INFO lingxi_service::sessions: run committed and published (post-commit) run_id=run_000001a0e9293fd9_00006c session_id=sess_local_alpha events=run_000001a0e9293fd9_00006c-done input_chars=17
2026-09-28T17:56:29.788972Z  INFO lingxi_service::sessions: run committed and published (post-commit) run_id=run_000001a0e9293fda_00006d session_id=sess_local_alpha events=run_000001a0e9293fda_00006d-done input_chars=17
2026-09-28T17:56:29.789095Z  INFO lingxi_service::sessions: run committed and published (post-commit) run_id=run_000001a0e9293fda_00006e session_id=sess_local_alpha events=run_000001a0e9293fda_00006e-done input_chars=17
2026-09-28T17:56:29.789202Z  INFO lingxi_service::sessions: run committed and published (post-commit) run_id=run_000001a0e9293fda_00006f session_id=sess_local_alpha events=run_000001a0e9293fda_00006f-done input_chars=17
2026-09-28T17:56:29.789224Z  INFO lingxi_service: request handled request_id=req-36520b9fb00bff83babcc4a4715ce0d7 method=POST path=/lingxi/v1/sessions/sess_local_alpha/execute status=200
2026-09-28T17:56:29.789328Z  INFO lingxi_service::sessions: run committed and published (post-commit) run_id=run_000001a0e9293fda_000070 session_id=sess_local_alpha events=run_000001a0e9293fda_000070-done input_chars=17
2026-09-28T17:56:29.789440Z  INFO lingxi_service::sessions: run committed and published (post-commit) run_id=run_000001a0e9293fda_000071 session_id=sess_local_alpha events=run_000001a0e9293fda_000071-done input_chars=17
2026-09-28T17:56:29.789545Z  INFO lingxi_service::sessions: run committed and published (post-commit) run_id=run_000001a0e9293fda_000072 session_id=sess_local_alpha events=run_000001a0e9293fda_000072-done input_chars=17
2026-09-28T17:56:29.789796Z  INFO lingxi_service::sessions: run committed and published (post-commit) run_id=run_000001a0e9293fda_000073 session_id=sess_local_alpha events=run_000001a0e9293fda_000073-done input_chars=17
2026-09-28T17:56:29.790443Z  INFO lingxi_service: request handled request_id=req-14bc7155bfecea65274e221f9916554d method=POST path=/lingxi/v1/sessions/sess_local_alpha/execute status=200
2026-09-28T17:56:29.790463Z  INFO lingxi_service: request handled request_id=req-a89a177fc6f28821dd13806a6295b2bb method=POST path=/lingxi/v1/sessions/sess_local_alpha/execute status=200
2026-09-28T17:56:29.790478Z  INFO lingxi_service: request handled request_id=req-a9c92f7febeafd8e5892f603fe624431 method=POST path=/lingxi/v1/sessions/sess_local_alpha/execute status=200
2026-09-28T17:56:29.790529Z  INFO lingxi_service: request handled request_id=req-6158efbedd47813b1949c043c42b55f4 method=POST path=/lingxi/v1/sessions/sess_local_alpha/execute status=200
2026-09-28T17:56:29.790535Z  INFO lingxi_service: request handled request_id=req-478926d7c86b8adc113766941bf02b78 method=POST path=/lingxi/v1/sessions/sess_local_alpha/execute status=200
2026-09-28T17:56:29.790547Z  INFO lingxi_service: request handled request_id=req-cc95666a77e1b28bf9277f16df0cc908 method=POST path=/lingxi/v1/sessions/sess_local_alpha/execute status=200
2026-09-28T17:56:29.790551Z  INFO lingxi_service: request handled request_id=req-b4f42d92609ae01229bad926f58d76d2 method=POST path=/lingxi/v1/sessions/sess_local_alpha/execute status=200
2026-09-28T17:56:29.790670Z  INFO lingxi_service::sessions: run committed and published (post-commit) run_id=run_000001a0e9293fdb_000074 session_id=sess_local_alpha events=run_000001a0e9293fdb_000074-done input_chars=17
2026-09-28T17:56:29.790698Z  INFO lingxi_service: request handled request_id=req-2337ff2ebe1f9176f02400567badde59 method=POST path=/lingxi/v1/sessions/sess_local_alpha/execute status=200
2026-09-28T17:56:29.791099Z  INFO lingxi_service::sessions: run committed and published (post-commit) run_id=run_000001a0e9293fdb_000075 session_id=sess_local_alpha events=run_000001a0e9293fdb_000075-done input_chars=17
2026-09-28T17:56:29.791287Z  INFO lingxi_service::sessions: run committed and published (post-commit) run_id=run_000001a0e9293fdb_000076 session_id=sess_local_alpha events=run_000001a0e9293fdb_000076-done input_chars=17
2026-09-28T17:56:29.791393Z  INFO lingxi_service::sessions: run committed and published (post-commit) run_id=run_000001a0e9293fdb_000077 session_id=sess_local_alpha events=run_000001a0e9293fdb_000077-done input_chars=17
2026-09-28T17:56:29.791504Z  INFO lingxi_service::sessions: run committed and published (post-commit) run_id=run_000001a0e9293fdb_000078 session_id=sess_local_alpha events=run_000001a0e9293fdb_000078-done input_chars=17
2026-09-28T17:56:29.791526Z  INFO lingxi_service: request handled request_id=req-c93c7c10a6e6468882eda8a7d00d87c8 method=POST path=/lingxi/v1/sessions/sess_local_alpha/execute status=200
2026-09-28T17:56:29.791543Z  INFO lingxi_service: request handled request_id=req-62c2a6113f827b2ce00dc0f7863143c6 method=POST path=/lingxi/v1/sessions/sess_local_alpha/execute status=200
2026-09-28T17:56:29.791570Z  INFO lingxi_service: request handled request_id=req-35aa767853916046abab5dcc17b2bc38 method=POST path=/lingxi/v1/sessions/sess_local_alpha/execute status=200
2026-09-28T17:56:29.791579Z  INFO lingxi_service: request handled request_id=req-7e31d5c2fccfa1585c28f8dcde8d54c4 method=POST path=/lingxi/v1/sessions/sess_local_alpha/execute status=200
2026-09-28T17:56:29.791604Z  INFO lingxi_service: request handled request_id=req-e1e8594031ac1d0daa32592a1ee1821b method=POST path=/lingxi/v1/sessions/sess_local_alpha/execute status=200
2026-09-28T17:56:29.792927Z  INFO lingxi_service::sessions: run committed and published (post-commit) run_id=run_000001a0e9293fe0_000079 session_id=sess_local_alpha events=run_000001a0e9293fe0_000079-done input_chars=17
2026-09-28T17:56:29.793668Z  INFO lingxi_service: request handled request_id=req-aaea4560ff7e929ff0c4667302e9358d method=POST path=/lingxi/v1/sessions/sess_local_alpha/execute status=200
2026-09-28T17:56:29.793794Z  INFO lingxi_service::sessions: run committed and published (post-commit) run_id=run_000001a0e9293fe0_00007a session_id=sess_local_alpha events=run_000001a0e9293fe0_00007a-done input_chars=17
2026-09-28T17:56:29.793901Z  INFO lingxi_service::sessions: run committed and published (post-commit) run_id=run_000001a0e9293fe0_00007b session_id=sess_local_alpha events=run_000001a0e9293fe0_00007b-done input_chars=17
2026-09-28T17:56:29.794023Z  INFO lingxi_service::sessions: run committed and published (post-commit) run_id=run_000001a0e9293fe0_00007c session_id=sess_local_alpha events=run_000001a0e9293fe0_00007c-done input_chars=17
2026-09-28T17:56:29.794145Z  INFO lingxi_service::sessions: run committed and published (post-commit) run_id=run_000001a0e9293fe0_00007d session_id=sess_local_alpha events=run_000001a0e9293fe0_00007d-done input_chars=17
2026-09-28T17:56:29.794559Z  INFO lingxi_service: request handled request_id=req-fd4acb5dce66d06da28c458dff0d2747 method=POST path=/lingxi/v1/sessions/sess_local_alpha/execute status=200
2026-09-28T17:56:29.794743Z  INFO lingxi_service: request handled request_id=req-1ee6653267034cd4ea91f1ad9c4bf3f9 method=POST path=/lingxi/v1/sessions/sess_local_alpha/execute status=200
2026-09-28T17:56:29.794942Z  INFO lingxi_service: request handled request_id=req-89e9a6038667aea3be80cd40878a5290 method=POST path=/lingxi/v1/sessions/sess_local_alpha/execute status=200
2026-09-28T17:56:29.794949Z  INFO lingxi_service: request handled request_id=req-52749f6a6781a928ee41072c19b7c019 method=POST path=/lingxi/v1/sessions/sess_local_alpha/execute status=200
2026-09-28T17:56:29.795095Z  INFO lingxi_service::sessions: run committed and published (post-commit) run_id=run_000001a0e9293fe0_00007e session_id=sess_local_alpha events=run_000001a0e9293fe0_00007e-done input_chars=17
2026-09-28T17:56:29.795254Z  INFO lingxi_service::sessions: run committed and published (post-commit) run_id=run_000001a0e9293fe1_00007f session_id=sess_local_alpha events=run_000001a0e9293fe1_00007f-done input_chars=17
2026-09-28T17:56:29.795734Z  INFO lingxi_service::sessions: run committed and published (post-commit) run_id=run_000001a0e9293fe1_000080 session_id=sess_local_alpha events=run_000001a0e9293fe1_000080-done input_chars=17
2026-09-28T17:56:29.796003Z  INFO lingxi_service::sessions: run committed and published (post-commit) run_id=run_000001a0e9293fe1_000081 session_id=sess_local_alpha events=run_000001a0e9293fe1_000081-done input_chars=17
2026-09-28T17:56:29.796489Z  INFO lingxi_service: request handled request_id=req-2d72cbf791e398347d6a263bca6500b1 method=POST path=/lingxi/v1/sessions/sess_local_alpha/execute status=200
2026-09-28T17:56:29.796504Z  INFO lingxi_service: request handled request_id=req-aca51907ba3d075ae94be0cee822f311 method=POST path=/lingxi/v1/sessions/sess_local_alpha/execute status=200
2026-09-28T17:56:29.796637Z  INFO lingxi_service::sessions: run committed and published (post-commit) run_id=run_000001a0e9293fe1_000083 session_id=sess_local_alpha events=run_000001a0e9293fe1_000083-done input_chars=17
2026-09-28T17:56:29.796778Z  INFO lingxi_service::sessions: run committed and published (post-commit) run_id=run_000001a0e9293fe1_000082 session_id=sess_local_alpha events=run_000001a0e9293fe1_000082-done input_chars=17
2026-09-28T17:56:29.796975Z  INFO lingxi_service: request handled request_id=req-72f225f0b4d83c229230d86a7ef51656 method=POST path=/lingxi/v1/sessions/sess_local_alpha/execute status=200
2026-09-28T17:56:29.797074Z  INFO lingxi_service::sessions: run committed and published (post-commit) run_id=run_000001a0e9293fe2_000084 session_id=sess_local_alpha events=run_000001a0e9293fe2_000084-done input_chars=17
2026-09-28T17:56:29.797095Z  INFO lingxi_service: request handled request_id=req-e34b533254c793f6cfc9eec0fe055f8e method=POST path=/lingxi/v1/sessions/sess_local_alpha/execute status=200
2026-09-28T17:56:29.797201Z  INFO lingxi_service::sessions: run committed and published (post-commit) run_id=run_000001a0e9293fe2_000085 session_id=sess_local_alpha events=run_000001a0e9293fe2_000085-done input_chars=17
2026-09-28T17:56:29.797313Z  INFO lingxi_service::sessions: run committed and published (post-commit) run_id=run_000001a0e9293fe2_000086 session_id=sess_local_alpha events=run_000001a0e9293fe2_000086-done input_chars=17
2026-09-28T17:56:29.797444Z  INFO lingxi_service::sessions: run committed and published (post-commit) run_id=run_000001a0e9293fe2_000087 session_id=sess_local_alpha events=run_000001a0e9293fe2_000087-done input_chars=17
2026-09-28T17:56:29.798371Z  INFO lingxi_service: request handled request_id=req-012bea4fee7ad64d14cbfcb7e7b47a11 method=POST path=/lingxi/v1/sessions/sess_local_alpha/execute status=200
2026-09-28T17:56:29.798530Z  INFO lingxi_service: request handled request_id=req-9d87bfeeb1814a7a2b31c2f2a31022b2 method=POST path=/lingxi/v1/sessions/sess_local_alpha/execute status=200
2026-09-28T17:56:29.798637Z  INFO lingxi_service::sessions: run committed and published (post-commit) run_id=run_000001a0e9293fe2_000088 session_id=sess_local_alpha events=run_000001a0e9293fe2_000088-done input_chars=17
2026-09-28T17:56:29.798808Z  INFO lingxi_service: request handled request_id=req-05adfba7e40b3cbb84b4d3dec702c005 method=POST path=/lingxi/v1/sessions/sess_local_alpha/execute status=200
2026-09-28T17:56:29.798822Z  INFO lingxi_service: request handled request_id=req-b524f450ada78af7b2d343f2d1661e75 method=POST path=/lingxi/v1/sessions/sess_local_alpha/execute status=200
2026-09-28T17:56:29.798843Z  INFO lingxi_service: request handled request_id=req-c0a62c90664164bf2c39819981ee6599 method=POST path=/lingxi/v1/sessions/sess_local_alpha/execute status=200
2026-09-28T17:56:29.798857Z  INFO lingxi_service: request handled request_id=req-87aa2a3e8e93acd3a2e046b59a2bcd2e method=POST path=/lingxi/v1/sessions/sess_local_alpha/execute status=200
2026-09-28T17:56:29.798978Z  INFO lingxi_service::sessions: run committed and published (post-commit) run_id=run_000001a0e9293fe3_000089 session_id=sess_local_alpha events=run_000001a0e9293fe3_000089-done input_chars=17
2026-09-28T17:56:29.799099Z  INFO lingxi_service::sessions: run committed and published (post-commit) run_id=run_000001a0e9293fe3_00008a session_id=sess_local_alpha events=run_000001a0e9293fe3_00008a-done input_chars=17
2026-09-28T17:56:29.799231Z  INFO lingxi_service::sessions: run committed and published (post-commit) run_id=run_000001a0e9293fe3_00008b session_id=sess_local_alpha events=run_000001a0e9293fe3_00008b-done input_chars=17
2026-09-28T17:56:29.799336Z  INFO lingxi_service::sessions: run committed and published (post-commit) run_id=run_000001a0e9293fe3_00008c session_id=sess_local_alpha events=run_000001a0e9293fe3_00008c-done input_chars=17
2026-09-28T17:56:29.799447Z  INFO lingxi_service::sessions: run committed and published (post-commit) run_id=run_000001a0e9293fe3_00008d session_id=sess_local_alpha events=run_000001a0e9293fe3_00008d-done input_chars=17
2026-09-28T17:56:29.799555Z  INFO lingxi_service::sessions: run committed and published (post-commit) run_id=run_000001a0e9293fe3_00008e session_id=sess_local_alpha events=run_000001a0e9293fe3_00008e-done input_chars=17
2026-09-28T17:56:29.799662Z  INFO lingxi_service::sessions: run committed and published (post-commit) run_id=run_000001a0e9293fe3_00008f session_id=sess_local_alpha events=run_000001a0e9293fe3_00008f-done input_chars=17
2026-09-28T17:56:29.799689Z  INFO lingxi_service: request handled request_id=req-a460e40957eb038aa3a22a5bc9c781ad method=POST path=/lingxi/v1/sessions/sess_local_alpha/execute status=200
2026-09-28T17:56:29.799790Z  INFO lingxi_service::sessions: run committed and published (post-commit) run_id=run_000001a0e9293fe3_000090 session_id=sess_local_alpha events=run_000001a0e9293fe3_000090-done input_chars=17
2026-09-28T17:56:29.799811Z  INFO lingxi_service: request handled request_id=req-a62cc3a788b64d23dba753c9ba89e078 method=POST path=/lingxi/v1/sessions/sess_local_alpha/execute status=200
2026-09-28T17:56:29.799842Z  INFO lingxi_service: request handled request_id=req-3a9ca5f8b2e8a04bef38e8e9349c27b5 method=POST path=/lingxi/v1/sessions/sess_local_alpha/execute status=200
2026-09-28T17:56:29.799881Z  INFO lingxi_service: request handled request_id=req-f218f2e91f0e2d9eb32675ab5ae4a1f1 method=POST path=/lingxi/v1/sessions/sess_local_alpha/execute status=200
2026-09-28T17:56:29.799894Z  INFO lingxi_service: request handled request_id=req-94f40eae38ce2cf45fc7fb6e57b0783d method=POST path=/lingxi/v1/sessions/sess_local_alpha/execute status=200
2026-09-28T17:56:29.799889Z  INFO lingxi_service: request handled request_id=req-e68dc04b89b0891c62437308d47d97db method=POST path=/lingxi/v1/sessions/sess_local_alpha/execute status=200
2026-09-28T17:56:29.799885Z  INFO lingxi_service: request handled request_id=req-d55d952c3cb39c2b3af03a95055f02fd method=POST path=/lingxi/v1/sessions/sess_local_alpha/execute status=200
2026-09-28T17:56:29.799907Z  INFO lingxi_service: request handled request_id=req-3a6d2330d4ee3e9eb830628ad75702e4 method=POST path=/lingxi/v1/sessions/sess_local_alpha/execute status=200
2026-09-28T17:56:29.799942Z  INFO lingxi_service: request handled request_id=req-d761bae772bb67147bbceef766126bec method=POST path=/lingxi/v1/sessions/sess_local_alpha/execute status=200
2026-09-28T17:56:29.801600Z  INFO lingxi_service::sessions: run committed and published (post-commit) run_id=run_000001a0e9293fe9_000091 session_id=sess_local_alpha events=run_000001a0e9293fe9_000091-done input_chars=17
2026-09-28T17:56:29.801739Z  INFO lingxi_service::sessions: run committed and published (post-commit) run_id=run_000001a0e9293fe9_000092 session_id=sess_local_alpha events=run_000001a0e9293fe9_000092-done input_chars=17
2026-09-28T17:56:29.801946Z  INFO lingxi_service: request handled request_id=req-a31fe605cca8a8f14c6023c2123fc0ad method=POST path=/lingxi/v1/sessions/sess_local_alpha/execute status=200
2026-09-28T17:56:29.802330Z  INFO lingxi_service: request handled request_id=req-cfe4d57ef64b23e552d3fe936f6e6512 method=POST path=/lingxi/v1/sessions/sess_local_alpha/execute status=200
2026-09-28T17:56:29.802513Z  INFO lingxi_service::sessions: run committed and published (post-commit) run_id=run_000001a0e9293fe9_000093 session_id=sess_local_alpha events=run_000001a0e9293fe9_000093-done input_chars=17
2026-09-28T17:56:29.802617Z  INFO lingxi_service::sessions: run committed and published (post-commit) run_id=run_000001a0e9293fe9_000094 session_id=sess_local_alpha events=run_000001a0e9293fe9_000094-done input_chars=17
2026-09-28T17:56:29.802768Z  INFO lingxi_service::sessions: run committed and published (post-commit) run_id=run_000001a0e9293fe9_000095 session_id=sess_local_alpha events=run_000001a0e9293fe9_000095-done input_chars=17
2026-09-28T17:56:29.803155Z  INFO lingxi_service: request handled request_id=req-c801913855c9e35f2839a4089298c46d method=POST path=/lingxi/v1/sessions/sess_local_alpha/execute status=200
2026-09-28T17:56:29.803348Z  INFO lingxi_service: request handled request_id=req-c374aeb4f0882ea7bc689a70992e856d method=POST path=/lingxi/v1/sessions/sess_local_alpha/execute status=200
2026-09-28T17:56:29.803405Z  INFO lingxi_service: request handled request_id=req-3f22972b0da18ce843afee01324931d1 method=POST path=/lingxi/v1/sessions/sess_local_alpha/execute status=200
2026-09-28T17:56:29.803556Z  INFO lingxi_service::sessions: run committed and published (post-commit) run_id=run_000001a0e9293fe9_000096 session_id=sess_local_alpha events=run_000001a0e9293fe9_000096-done input_chars=17
2026-09-28T17:56:29.803831Z  INFO lingxi_service::sessions: run committed and published (post-commit) run_id=run_000001a0e9293fe9_000097 session_id=sess_local_alpha events=run_000001a0e9293fe9_000097-done input_chars=17
2026-09-28T17:56:29.804195Z  INFO lingxi_service::sessions: run committed and published (post-commit) run_id=run_000001a0e9293fea_000098 session_id=sess_local_alpha events=run_000001a0e9293fea_000098-done input_chars=17
2026-09-28T17:56:29.804766Z  INFO lingxi_service: request handled request_id=req-e030fee1fd08aafcab4b9b5c04d8a356 method=POST path=/lingxi/v1/sessions/sess_local_alpha/execute status=200
2026-09-28T17:56:29.804870Z  INFO lingxi_service::sessions: run committed and published (post-commit) run_id=run_000001a0e9293fea_000099 session_id=sess_local_alpha events=run_000001a0e9293fea_000099-done input_chars=17
2026-09-28T17:56:29.804914Z  INFO lingxi_service: request handled request_id=req-67a00929be047c3d0a04c7c29d0de4da method=POST path=/lingxi/v1/sessions/sess_local_alpha/execute status=200
2026-09-28T17:56:29.805083Z  INFO lingxi_service::sessions: run committed and published (post-commit) run_id=run_000001a0e9293fea_00009a session_id=sess_local_alpha events=run_000001a0e9293fea_00009a-done input_chars=17
2026-09-28T17:56:29.805637Z  INFO lingxi_service: request handled request_id=req-fa3416578acc0a1e62dfdf94ee7b5f75 method=POST path=/lingxi/v1/sessions/sess_local_alpha/execute status=200
2026-09-28T17:56:29.805755Z  INFO lingxi_service::sessions: run committed and published (post-commit) run_id=run_000001a0e9293fea_00009b session_id=sess_local_alpha events=run_000001a0e9293fea_00009b-done input_chars=17
2026-09-28T17:56:29.805862Z  INFO lingxi_service::sessions: run committed and published (post-commit) run_id=run_000001a0e9293fea_00009c session_id=sess_local_alpha events=run_000001a0e9293fea_00009c-done input_chars=17
2026-09-28T17:56:29.805965Z  INFO lingxi_service::sessions: run committed and published (post-commit) run_id=run_000001a0e9293fea_00009d session_id=sess_local_alpha events=run_000001a0e9293fea_00009d-done input_chars=17
2026-09-28T17:56:29.806569Z  INFO lingxi_service: request handled request_id=req-750ee18a35f9c4634eff3b547a608dbb method=POST path=/lingxi/v1/sessions/sess_local_alpha/execute status=200
2026-09-28T17:56:29.806733Z  INFO lingxi_service: request handled request_id=req-343e9a8bd6fc4775c98a2b725ba9bb62 method=POST path=/lingxi/v1/sessions/sess_local_alpha/execute status=200
2026-09-28T17:56:29.806844Z  INFO lingxi_service::sessions: run committed and published (post-commit) run_id=run_000001a0e9293feb_00009e session_id=sess_local_alpha events=run_000001a0e9293feb_00009e-done input_chars=17
2026-09-28T17:56:29.806957Z  INFO lingxi_service::sessions: run committed and published (post-commit) run_id=run_000001a0e9293feb_00009f session_id=sess_local_alpha events=run_000001a0e9293feb_00009f-done input_chars=17
2026-09-28T17:56:29.807080Z  INFO lingxi_service::sessions: run committed and published (post-commit) run_id=run_000001a0e9293feb_0000a0 session_id=sess_local_alpha events=run_000001a0e9293feb_0000a0-done input_chars=17
2026-09-28T17:56:29.807567Z  INFO lingxi_service: request handled request_id=req-c755d60d5d56d2914714846f48d2bb74 method=POST path=/lingxi/v1/sessions/sess_local_alpha/execute status=200
2026-09-28T17:56:29.807583Z  INFO lingxi_service: request handled request_id=req-a247f6168fc4afbf0242b881a0ac78dd method=POST path=/lingxi/v1/sessions/sess_local_alpha/execute status=200
2026-09-28T17:56:29.807605Z  INFO lingxi_service: request handled request_id=req-fef822aaff59770e5157e2b8bc877193 method=POST path=/lingxi/v1/sessions/sess_local_alpha/execute status=200
2026-09-28T17:56:29.807713Z  INFO lingxi_service::sessions: run committed and published (post-commit) run_id=run_000001a0e9293feb_0000a1 session_id=sess_local_alpha events=run_000001a0e9293feb_0000a1-done input_chars=17
2026-09-28T17:56:29.807829Z  INFO lingxi_service::sessions: run committed and published (post-commit) run_id=run_000001a0e9293feb_0000a2 session_id=sess_local_alpha events=run_000001a0e9293feb_0000a2-done input_chars=17
2026-09-28T17:56:29.807940Z  INFO lingxi_service::sessions: run committed and published (post-commit) run_id=run_000001a0e9293feb_0000a3 session_id=sess_local_alpha events=run_000001a0e9293feb_0000a3-done input_chars=17
2026-09-28T17:56:29.808044Z  INFO lingxi_service::sessions: run committed and published (post-commit) run_id=run_000001a0e9293feb_0000a4 session_id=sess_local_alpha events=run_000001a0e9293feb_0000a4-done input_chars=17
2026-09-28T17:56:29.808154Z  INFO lingxi_service::sessions: run committed and published (post-commit) run_id=run_000001a0e9293feb_0000a5 session_id=sess_local_alpha events=run_000001a0e9293feb_0000a5-done input_chars=17
2026-09-28T17:56:29.808183Z  INFO lingxi_service: request handled request_id=req-771cc7742a22581d6e4bd4aa264eeec0 method=POST path=/lingxi/v1/sessions/sess_local_alpha/execute status=200
2026-09-28T17:56:29.808195Z  INFO lingxi_service: request handled request_id=req-e3922adb5d193d758a49dec3c9856af4 method=POST path=/lingxi/v1/sessions/sess_local_alpha/execute status=200
2026-09-28T17:56:29.808237Z  INFO lingxi_service: request handled request_id=req-e67963275c5e98acc98c99a0ce944061 method=POST path=/lingxi/v1/sessions/sess_local_alpha/execute status=200
2026-09-28T17:56:29.808334Z  INFO lingxi_service::sessions: run committed and published (post-commit) run_id=run_000001a0e9293fec_0000a6 session_id=sess_local_alpha events=run_000001a0e9293fec_0000a6-done input_chars=17
2026-09-28T17:56:29.808441Z  INFO lingxi_service::sessions: run committed and published (post-commit) run_id=run_000001a0e9293fec_0000a7 session_id=sess_local_alpha events=run_000001a0e9293fec_0000a7-done input_chars=17
2026-09-28T17:56:29.808547Z  INFO lingxi_service::sessions: run committed and published (post-commit) run_id=run_000001a0e9293fec_0000a8 session_id=sess_local_alpha events=run_000001a0e9293fec_0000a8-done input_chars=17
2026-09-28T17:56:29.808576Z  INFO lingxi_service: request handled request_id=req-337f1d43726796620b3f8ff82230e09f method=POST path=/lingxi/v1/sessions/sess_local_alpha/execute status=200
2026-09-28T17:56:29.808589Z  INFO lingxi_service: request handled request_id=req-f0ad45d05c28dcaea6de8ef47f6cb333 method=POST path=/lingxi/v1/sessions/sess_local_alpha/execute status=200
2026-09-28T17:56:29.808626Z  INFO lingxi_service: request handled request_id=req-1c341fe52f215acf3a971d9848e22563 method=POST path=/lingxi/v1/sessions/sess_local_alpha/execute status=200
2026-09-28T17:56:29.808634Z  INFO lingxi_service: request handled request_id=req-c5d4c1b925fc6a701c0df850b928a1eb method=POST path=/lingxi/v1/sessions/sess_local_alpha/execute status=200
2026-09-28T17:56:29.808668Z  INFO lingxi_service: request handled request_id=req-a9cf1d16898468dc17e3e95c050c98e6 method=POST path=/lingxi/v1/sessions/sess_local_alpha/execute status=200
2026-09-28T17:56:29.808657Z  INFO lingxi_service: request handled request_id=req-bee604536df425fa8b5f0566ee2443e5 method=POST path=/lingxi/v1/sessions/sess_local_alpha/execute status=200
2026-09-28T17:56:29.808682Z  INFO lingxi_service: request handled request_id=req-b731fe9444e47f88354c0c2ddd492997 method=POST path=/lingxi/v1/sessions/sess_local_alpha/execute status=200
2026-09-28T17:56:29.808704Z  INFO lingxi_service: request handled request_id=req-9899ff7bd836a9af1494511bb5e11fdf method=POST path=/lingxi/v1/sessions/sess_local_alpha/execute status=200
2026-09-28T17:56:29.810452Z  INFO lingxi_service::sessions: run committed and published (post-commit) run_id=run_000001a0e9293ff1_0000a9 session_id=sess_local_alpha events=run_000001a0e9293ff1_0000a9-done input_chars=17
2026-09-28T17:56:29.810595Z  INFO lingxi_service::sessions: run committed and published (post-commit) run_id=run_000001a0e9293ff1_0000aa session_id=sess_local_alpha events=run_000001a0e9293ff1_0000aa-done input_chars=17
2026-09-28T17:56:29.811474Z  INFO lingxi_service: request handled request_id=req-4e948843230e55f100a483c9bb66de0e method=POST path=/lingxi/v1/sessions/sess_local_alpha/execute status=200
2026-09-28T17:56:29.811507Z  INFO lingxi_service: request handled request_id=req-24bf0604a31fdf088a5469ed8be8254c method=POST path=/lingxi/v1/sessions/sess_local_alpha/execute status=200
2026-09-28T17:56:29.811638Z  INFO lingxi_service::sessions: run committed and published (post-commit) run_id=run_000001a0e9293ff1_0000ab session_id=sess_local_alpha events=run_000001a0e9293ff1_0000ab-done input_chars=17
2026-09-28T17:56:29.811790Z  INFO lingxi_service::sessions: run committed and published (post-commit) run_id=run_000001a0e9293ff2_0000ac session_id=sess_local_alpha events=run_000001a0e9293ff2_0000ac-done input_chars=17
2026-09-28T17:56:29.811938Z  INFO lingxi_service::sessions: run committed and published (post-commit) run_id=run_000001a0e9293ff2_0000ad session_id=sess_local_alpha events=run_000001a0e9293ff2_0000ad-done input_chars=17
2026-09-28T17:56:29.812078Z  INFO lingxi_service::sessions: run committed and published (post-commit) run_id=run_000001a0e9293ff2_0000ae session_id=sess_local_alpha events=run_000001a0e9293ff2_0000ae-done input_chars=17
2026-09-28T17:56:29.812231Z  INFO lingxi_service::sessions: run committed and published (post-commit) run_id=run_000001a0e9293ff2_0000af session_id=sess_local_alpha events=run_000001a0e9293ff2_0000af-done input_chars=17
2026-09-28T17:56:29.813182Z  INFO lingxi_service: request handled request_id=req-17ac117e7657ca7cd64680bfa5f41c10 method=POST path=/lingxi/v1/sessions/sess_local_alpha/execute status=200
2026-09-28T17:56:29.813383Z  INFO lingxi_service: request handled request_id=req-cc6c4521973b5136255041da6b2e1cfb method=POST path=/lingxi/v1/sessions/sess_local_alpha/execute status=200
2026-09-28T17:56:29.813601Z  INFO lingxi_service: request handled request_id=req-b927169fe5a6b8033831a000cec0642b method=POST path=/lingxi/v1/sessions/sess_local_alpha/execute status=200
2026-09-28T17:56:29.813784Z  INFO lingxi_service: request handled request_id=req-ddb61bb05dd4733e96ae2e420b443237 method=POST path=/lingxi/v1/sessions/sess_local_alpha/execute status=200
2026-09-28T17:56:29.813829Z  INFO lingxi_service: request handled request_id=req-a54600707b4b33a3aa7d4db64d3b6c6a method=POST path=/lingxi/v1/sessions/sess_local_alpha/execute status=200
2026-09-28T17:56:29.813961Z  INFO lingxi_service::sessions: run committed and published (post-commit) run_id=run_000001a0e9293ff2_0000b0 session_id=sess_local_alpha events=run_000001a0e9293ff2_0000b0-done input_chars=17
2026-09-28T17:56:29.814119Z  INFO lingxi_service::sessions: run committed and published (post-commit) run_id=run_000001a0e9293ff2_0000b1 session_id=sess_local_alpha events=run_000001a0e9293ff2_0000b1-done input_chars=17
2026-09-28T17:56:29.814368Z  INFO lingxi_service::sessions: run committed and published (post-commit) run_id=run_000001a0e9293ff2_0000b2 session_id=sess_local_alpha events=run_000001a0e9293ff2_0000b2-done input_chars=17
2026-09-28T17:56:29.814662Z  INFO lingxi_service::sessions: run committed and published (post-commit) run_id=run_000001a0e9293ff2_0000b3 session_id=sess_local_alpha events=run_000001a0e9293ff2_0000b3-done input_chars=17
2026-09-28T17:56:29.814765Z  INFO lingxi_service::sessions: run committed and published (post-commit) run_id=run_000001a0e9293ff3_0000b4 session_id=sess_local_alpha events=run_000001a0e9293ff3_0000b4-done input_chars=17
2026-09-28T17:56:29.814878Z  INFO lingxi_service::sessions: run committed and published (post-commit) run_id=run_000001a0e9293ff3_0000b5 session_id=sess_local_alpha events=run_000001a0e9293ff3_0000b5-done input_chars=17
2026-09-28T17:56:29.816291Z  INFO lingxi_service: request handled request_id=req-e0087f8ebf18ed8e24640dc2d37c5d41 method=POST path=/lingxi/v1/sessions/sess_local_alpha/execute status=200
2026-09-28T17:56:29.816314Z  INFO lingxi_service: request handled request_id=req-140c49e077ec64323a410d492ae55136 method=POST path=/lingxi/v1/sessions/sess_local_alpha/execute status=200
2026-09-28T17:56:29.816418Z  INFO lingxi_service::sessions: run committed and published (post-commit) run_id=run_000001a0e9293ff3_0000b6 session_id=sess_local_alpha events=run_000001a0e9293ff3_0000b6-done input_chars=17
2026-09-28T17:56:29.816446Z  INFO lingxi_service: request handled request_id=req-54ed36642cd18d2fb10b3828659d12c2 method=POST path=/lingxi/v1/sessions/sess_local_alpha/execute status=200
2026-09-28T17:56:29.816555Z  INFO lingxi_service::sessions: run committed and published (post-commit) run_id=run_000001a0e9293ff3_0000b7 session_id=sess_local_alpha events=run_000001a0e9293ff3_0000b7-done input_chars=17
2026-09-28T17:56:29.816583Z  INFO lingxi_service: request handled request_id=req-7431a6786447cef274502c5ceaec69bf method=POST path=/lingxi/v1/sessions/sess_local_alpha/execute status=200
2026-09-28T17:56:29.816598Z  INFO lingxi_service: request handled request_id=req-0f4a52786f9aac4ad536f8208054a170 method=POST path=/lingxi/v1/sessions/sess_local_alpha/execute status=200
2026-09-28T17:56:29.816622Z  INFO lingxi_service: request handled request_id=req-5a21d8673b32263ecbab295dd4cd355e method=POST path=/lingxi/v1/sessions/sess_local_alpha/execute status=200
2026-09-28T17:56:29.816727Z  INFO lingxi_service::sessions: run committed and published (post-commit) run_id=run_000001a0e9293ff4_0000b8 session_id=sess_local_alpha events=run_000001a0e9293ff4_0000b8-done input_chars=17
2026-09-28T17:56:29.816845Z  INFO lingxi_service::sessions: run committed and published (post-commit) run_id=run_000001a0e9293ff4_0000b9 session_id=sess_local_alpha events=run_000001a0e9293ff4_0000b9-done input_chars=17
2026-09-28T17:56:29.816975Z  INFO lingxi_service::sessions: run committed and published (post-commit) run_id=run_000001a0e9293ff4_0000ba session_id=sess_local_alpha events=run_000001a0e9293ff4_0000ba-done input_chars=17
2026-09-28T17:56:29.817096Z  INFO lingxi_service::sessions: run committed and published (post-commit) run_id=run_000001a0e9293ff4_0000bb session_id=sess_local_alpha events=run_000001a0e9293ff4_0000bb-done input_chars=17
2026-09-28T17:56:29.817203Z  INFO lingxi_service::sessions: run committed and published (post-commit) run_id=run_000001a0e9293ff4_0000bc session_id=sess_local_alpha events=run_000001a0e9293ff4_0000bc-done input_chars=17
2026-09-28T17:56:29.817306Z  INFO lingxi_service::sessions: run committed and published (post-commit) run_id=run_000001a0e9293ff4_0000bd session_id=sess_local_alpha events=run_000001a0e9293ff4_0000bd-done input_chars=17
2026-09-28T17:56:29.817417Z  INFO lingxi_service::sessions: run committed and published (post-commit) run_id=run_000001a0e9293ff4_0000be session_id=sess_local_alpha events=run_000001a0e9293ff4_0000be-done input_chars=17
2026-09-28T17:56:29.817527Z  INFO lingxi_service::sessions: run committed and published (post-commit) run_id=run_000001a0e9293ff4_0000bf session_id=sess_local_alpha events=run_000001a0e9293ff4_0000bf-done input_chars=17
2026-09-28T17:56:29.817639Z  INFO lingxi_service::sessions: run committed and published (post-commit) run_id=run_000001a0e9293ff4_0000c0 session_id=sess_local_alpha events=run_000001a0e9293ff4_0000c0-done input_chars=17
2026-09-28T17:56:29.817665Z  INFO lingxi_service: request handled request_id=req-f5bb66468da3aa5e9b20f71c71f49ee1 method=POST path=/lingxi/v1/sessions/sess_local_alpha/execute status=200
2026-09-28T17:56:29.817685Z  INFO lingxi_service: request handled request_id=req-a9caa38688c2f25a115527ee5287a574 method=POST path=/lingxi/v1/sessions/sess_local_alpha/execute status=200
2026-09-28T17:56:29.817751Z  INFO lingxi_service: request handled request_id=req-1d585c707d90b51e2464fd97806212d6 method=POST path=/lingxi/v1/sessions/sess_local_alpha/execute status=200
2026-09-28T17:56:29.817751Z  INFO lingxi_service: request handled request_id=req-9adb773d13fee2d088b82061196a1fc8 method=POST path=/lingxi/v1/sessions/sess_local_alpha/execute status=200
2026-09-28T17:56:29.817753Z  INFO lingxi_service: request handled request_id=req-4a15486b4127c558d8c4f73dfd3ab2ae method=POST path=/lingxi/v1/sessions/sess_local_alpha/execute status=200
2026-09-28T17:56:29.817758Z  INFO lingxi_service: request handled request_id=req-ff0d3bedb517b378643f9f87176012c7 method=POST path=/lingxi/v1/sessions/sess_local_alpha/execute status=200
2026-09-28T17:56:29.817789Z  INFO lingxi_service: request handled request_id=req-79eda3274cfafab4f36ff9949b7f0066 method=POST path=/lingxi/v1/sessions/sess_local_alpha/execute status=200
2026-09-28T17:56:29.817863Z  INFO lingxi_service: request handled request_id=req-cd0fb6adf3ef4e092e737dc4360a3518 method=POST path=/lingxi/v1/sessions/sess_local_alpha/execute status=200
2026-09-28T17:56:29.817821Z  INFO lingxi_service: request handled request_id=req-323bd90cb220342c29e4c447a58bf5f7 method=POST path=/lingxi/v1/sessions/sess_local_alpha/execute status=200
2026-09-28T17:56:29.817845Z  INFO lingxi_service: request handled request_id=req-006e26b1e90a8e5e2b5c3b7d400a7059 method=POST path=/lingxi/v1/sessions/sess_local_alpha/execute status=200
2026-09-28T17:56:29.817802Z  INFO lingxi_service: request handled request_id=req-dc6eb8913a5d46dbf547f5637aeaceab method=POST path=/lingxi/v1/sessions/sess_local_alpha/execute status=200
2026-09-28T17:56:29.819298Z  INFO lingxi_service::sessions: run committed and published (post-commit) run_id=run_000001a0e9293ffa_0000c1 session_id=sess_local_alpha events=run_000001a0e9293ffa_0000c1-done input_chars=17
2026-09-28T17:56:29.819769Z  INFO lingxi_service: request handled request_id=req-34675a74050935c5274fc5ca23b7cf46 method=POST path=/lingxi/v1/sessions/sess_local_alpha/execute status=200
2026-09-28T17:56:29.819923Z  INFO lingxi_service::sessions: run committed and published (post-commit) run_id=run_000001a0e9293ffb_0000c2 session_id=sess_local_alpha events=run_000001a0e9293ffb_0000c2-done input_chars=17
2026-09-28T17:56:29.820147Z  INFO lingxi_service::sessions: run committed and published (post-commit) run_id=run_000001a0e9293ffb_0000c3 session_id=sess_local_alpha events=run_000001a0e9293ffb_0000c3-done input_chars=17
2026-09-28T17:56:29.820854Z  INFO lingxi_service: request handled request_id=req-8811e3f93b9bfbf7bccf3f044a710214 method=POST path=/lingxi/v1/sessions/sess_local_alpha/execute status=200
2026-09-28T17:56:29.820962Z  INFO lingxi_service: request handled request_id=req-d35aa8938ce011a0c1261c8b67414ef6 method=POST path=/lingxi/v1/sessions/sess_local_alpha/execute status=200
2026-09-28T17:56:29.821102Z  INFO lingxi_service::sessions: run committed and published (post-commit) run_id=run_000001a0e9293ffb_0000c4 session_id=sess_local_alpha events=run_000001a0e9293ffb_0000c4-done input_chars=17
2026-09-28T17:56:29.821285Z  INFO lingxi_service::sessions: run committed and published (post-commit) run_id=run_000001a0e9293ffb_0000c5 session_id=sess_local_alpha events=run_000001a0e9293ffb_0000c5-done input_chars=17
2026-09-28T17:56:29.821423Z  INFO lingxi_service::sessions: run committed and published (post-commit) run_id=run_000001a0e9293ffb_0000c6 session_id=sess_local_alpha events=run_000001a0e9293ffb_0000c6-done input_chars=17
2026-09-28T17:56:29.821554Z  INFO lingxi_service::sessions: run committed and published (post-commit) run_id=run_000001a0e9293ffb_0000c7 session_id=sess_local_alpha events=run_000001a0e9293ffb_0000c7-done input_chars=17
2026-09-28T17:56:29.822595Z  INFO lingxi_service: request handled request_id=req-632166a695e7b8266d4fe248730d0bad method=POST path=/lingxi/v1/sessions/sess_local_alpha/execute status=200
2026-09-28T17:56:29.822631Z  INFO lingxi_service: request handled request_id=req-b7038f07a0ca0aaf0a6d5c723a414695 method=POST path=/lingxi/v1/sessions/sess_local_alpha/execute status=200
2026-09-28T17:56:29.822645Z  INFO lingxi_service: request handled request_id=req-0dc4ecf9f61790c21b56afe24092e8eb method=POST path=/lingxi/v1/sessions/sess_local_alpha/execute status=200
2026-09-28T17:56:29.822665Z  INFO lingxi_service: request handled request_id=req-fc56a205d9c6f18dcdd816b02d2e49a8 method=POST path=/lingxi/v1/sessions/sess_local_alpha/execute status=200
2026-09-28T17:56:29.822819Z  INFO lingxi_service::sessions: run committed and published (post-commit) run_id=run_000001a0e9293ffc_0000c8 session_id=sess_local_alpha events=run_000001a0e9293ffc_0000c8-done input_chars=17
2026-09-28T17:56:29.822956Z  INFO lingxi_service::sessions: run committed and published (post-commit) run_id=run_000001a0e9293ffc_0000c9 session_id=sess_local_alpha events=run_000001a0e9293ffc_0000c9-done input_chars=17
2026-09-28T17:56:29.823221Z  INFO lingxi_service::sessions: run committed and published (post-commit) run_id=run_000001a0e9293ffc_0000ca session_id=sess_local_alpha events=run_000001a0e9293ffc_0000ca-done input_chars=17
2026-09-28T17:56:29.823366Z  INFO lingxi_service::sessions: run committed and published (post-commit) run_id=run_000001a0e9293ffc_0000cb session_id=sess_local_alpha events=run_000001a0e9293ffc_0000cb-done input_chars=17
2026-09-28T17:56:29.823804Z  INFO lingxi_service::sessions: run committed and published (post-commit) run_id=run_000001a0e9293ffc_0000cc session_id=sess_local_alpha events=run_000001a0e9293ffc_0000cc-done input_chars=17
2026-09-28T17:56:29.823911Z  INFO lingxi_service::sessions: run committed and published (post-commit) run_id=run_000001a0e9293ffc_0000cd session_id=sess_local_alpha events=run_000001a0e9293ffc_0000cd-done input_chars=17
2026-09-28T17:56:29.824446Z  INFO lingxi_service: request handled request_id=req-49c8783339f9799cf06ff9d358960ac3 method=POST path=/lingxi/v1/sessions/sess_local_alpha/execute status=200
2026-09-28T17:56:29.824465Z  INFO lingxi_service: request handled request_id=req-b517747f5c713981bdadd13044e1c7c7 method=POST path=/lingxi/v1/sessions/sess_local_alpha/execute status=200
2026-09-28T17:56:29.824571Z  INFO lingxi_service::sessions: run committed and published (post-commit) run_id=run_000001a0e9293ffc_0000ce session_id=sess_local_alpha events=run_000001a0e9293ffc_0000ce-done input_chars=17
2026-09-28T17:56:29.824892Z  INFO lingxi_service: request handled request_id=req-a08492e89456d22a0a0da270afacbd74 method=POST path=/lingxi/v1/sessions/sess_local_alpha/execute status=200
2026-09-28T17:56:29.824912Z  INFO lingxi_service: request handled request_id=req-4baa1d5431895ccb823cbf46ce8d71be method=POST path=/lingxi/v1/sessions/sess_local_alpha/execute status=200
2026-09-28T17:56:29.825015Z  INFO lingxi_service::sessions: run committed and published (post-commit) run_id=run_000001a0e9293ffd_0000cf session_id=sess_local_alpha events=run_000001a0e9293ffd_0000cf-done input_chars=17
2026-09-28T17:56:29.825121Z  INFO lingxi_service::sessions: run committed and published (post-commit) run_id=run_000001a0e9293ffd_0000d0 session_id=sess_local_alpha events=run_000001a0e9293ffd_0000d0-done input_chars=17
2026-09-28T17:56:29.825591Z  INFO lingxi_service: request handled request_id=req-d05114b86d761e66ab69639c8161275d method=POST path=/lingxi/v1/sessions/sess_local_alpha/execute status=200
2026-09-28T17:56:29.825614Z  INFO lingxi_service: request handled request_id=req-a370a606ff0eec34b2635b555e2496fa method=POST path=/lingxi/v1/sessions/sess_local_alpha/execute status=200
2026-09-28T17:56:29.825727Z  INFO lingxi_service::sessions: run committed and published (post-commit) run_id=run_000001a0e9293ffd_0000d1 session_id=sess_local_alpha events=run_000001a0e9293ffd_0000d1-done input_chars=17
2026-09-28T17:56:29.825836Z  INFO lingxi_service::sessions: run committed and published (post-commit) run_id=run_000001a0e9293ffd_0000d2 session_id=sess_local_alpha events=run_000001a0e9293ffd_0000d2-done input_chars=17
2026-09-28T17:56:29.825944Z  INFO lingxi_service::sessions: run committed and published (post-commit) run_id=run_000001a0e9293ffd_0000d3 session_id=sess_local_alpha events=run_000001a0e9293ffd_0000d3-done input_chars=17
2026-09-28T17:56:29.825972Z  INFO lingxi_service: request handled request_id=req-b2d6cd4d63a7b47d07673dd01b380702 method=POST path=/lingxi/v1/sessions/sess_local_alpha/execute status=200
2026-09-28T17:56:29.826119Z  INFO lingxi_service::sessions: run committed and published (post-commit) run_id=run_000001a0e9293ffe_0000d4 session_id=sess_local_alpha events=run_000001a0e9293ffe_0000d4-done input_chars=17
2026-09-28T17:56:29.826230Z  INFO lingxi_service::sessions: run committed and published (post-commit) run_id=run_000001a0e9293ffe_0000d5 session_id=sess_local_alpha events=run_000001a0e9293ffe_0000d5-done input_chars=17
2026-09-28T17:56:29.826257Z  INFO lingxi_service: request handled request_id=req-1fe3c544833a8a48b4239a2f21c4078f method=POST path=/lingxi/v1/sessions/sess_local_alpha/execute status=200
2026-09-28T17:56:29.826301Z  INFO lingxi_service: request handled request_id=req-b9a98552667c623b751a9276dbcdecf7 method=POST path=/lingxi/v1/sessions/sess_local_alpha/execute status=200
2026-09-28T17:56:29.826403Z  INFO lingxi_service::sessions: run committed and published (post-commit) run_id=run_000001a0e9293ffe_0000d6 session_id=sess_local_alpha events=run_000001a0e9293ffe_0000d6-done input_chars=17
2026-09-28T17:56:29.826518Z  INFO lingxi_service::sessions: run committed and published (post-commit) run_id=run_000001a0e9293ffe_0000d7 session_id=sess_local_alpha events=run_000001a0e9293ffe_0000d7-done input_chars=17
2026-09-28T17:56:29.826626Z  INFO lingxi_service::sessions: run committed and published (post-commit) run_id=run_000001a0e9293ffe_0000d8 session_id=sess_local_alpha events=run_000001a0e9293ffe_0000d8-done input_chars=17
2026-09-28T17:56:29.826658Z  INFO lingxi_service: request handled request_id=req-1e7b74c9246df9aed4c2349f602198ab method=POST path=/lingxi/v1/sessions/sess_local_alpha/execute status=200
2026-09-28T17:56:29.826678Z  INFO lingxi_service: request handled request_id=req-e7c7d309ba168d6ad2ea2fb9099bda65 method=POST path=/lingxi/v1/sessions/sess_local_alpha/execute status=200
2026-09-28T17:56:29.826698Z  INFO lingxi_service: request handled request_id=req-d0d53a0cd25cff25cbea8ea0761ff9b1 method=POST path=/lingxi/v1/sessions/sess_local_alpha/execute status=200
2026-09-28T17:56:29.826728Z  INFO lingxi_service: request handled request_id=req-475f616edb8e53e118fe90b2af36cfa3 method=POST path=/lingxi/v1/sessions/sess_local_alpha/execute status=200
2026-09-28T17:56:29.826744Z  INFO lingxi_service: request handled request_id=req-14ec043f9259611de156c1d0bea0145d method=POST path=/lingxi/v1/sessions/sess_local_alpha/execute status=200
2026-09-28T17:56:29.826760Z  INFO lingxi_service: request handled request_id=req-c2f536512bafa7a1cd1a17a791e5a7d2 method=POST path=/lingxi/v1/sessions/sess_local_alpha/execute status=200
2026-09-28T17:56:29.826811Z  INFO lingxi_service: request handled request_id=req-ec9888e66ee697186dadae65ba12deea method=POST path=/lingxi/v1/sessions/sess_local_alpha/execute status=200
2026-09-28T17:56:29.826853Z  INFO lingxi_service: request handled request_id=req-b63dade1470d173d4963ee1a23d2e7af method=POST path=/lingxi/v1/sessions/sess_local_alpha/execute status=200
2026-09-28T17:56:29.828249Z  INFO lingxi_service::sessions: run committed and published (post-commit) run_id=run_000001a0e9294003_0000d9 session_id=sess_local_alpha events=run_000001a0e9294003_0000d9-done input_chars=17
2026-09-28T17:56:29.828646Z  INFO lingxi_service: request handled request_id=req-fea608ec41d8bb8047150f128b40f34c method=POST path=/lingxi/v1/sessions/sess_local_alpha/execute status=200
2026-09-28T17:56:29.828781Z  INFO lingxi_service::sessions: run committed and published (post-commit) run_id=run_000001a0e9294003_0000da session_id=sess_local_alpha events=run_000001a0e9294003_0000da-done input_chars=17
2026-09-28T17:56:29.828917Z  INFO lingxi_service::sessions: run committed and published (post-commit) run_id=run_000001a0e9294004_0000db session_id=sess_local_alpha events=run_000001a0e9294004_0000db-done input_chars=17
2026-09-28T17:56:29.829773Z  INFO lingxi_service: request handled request_id=req-ec5ab096c552b39c9e638f81debaa656 method=POST path=/lingxi/v1/sessions/sess_local_alpha/execute status=200
2026-09-28T17:56:29.829969Z  INFO lingxi_service: request handled request_id=req-edd7969dc90482b12a2765559cbbdbac method=POST path=/lingxi/v1/sessions/sess_local_alpha/execute status=200
2026-09-28T17:56:29.830114Z  INFO lingxi_service::sessions: run committed and published (post-commit) run_id=run_000001a0e9294004_0000dc session_id=sess_local_alpha events=run_000001a0e9294004_0000dc-done input_chars=17
2026-09-28T17:56:29.830220Z  INFO lingxi_service::sessions: run committed and published (post-commit) run_id=run_000001a0e9294004_0000dd session_id=sess_local_alpha events=run_000001a0e9294004_0000dd-done input_chars=17
2026-09-28T17:56:29.830339Z  INFO lingxi_service::sessions: run committed and published (post-commit) run_id=run_000001a0e9294004_0000de session_id=sess_local_alpha events=run_000001a0e9294004_0000de-done input_chars=17
2026-09-28T17:56:29.830760Z  INFO lingxi_service::sessions: run committed and published (post-commit) run_id=run_000001a0e9294004_0000df session_id=sess_local_alpha events=run_000001a0e9294004_0000df-done input_chars=17
2026-09-28T17:56:29.830958Z  INFO lingxi_service::sessions: run committed and published (post-commit) run_id=run_000001a0e9294004_0000e0 session_id=sess_local_alpha events=run_000001a0e9294004_0000e0-done input_chars=17
2026-09-28T17:56:29.831320Z  INFO lingxi_service: request handled request_id=req-26c2be98c9b4ad1936bc8e862f775059 method=POST path=/lingxi/v1/sessions/sess_local_alpha/execute status=200
2026-09-28T17:56:29.831489Z  INFO lingxi_service: request handled request_id=req-fb197b4572142bd57f36a1eda4ced261 method=POST path=/lingxi/v1/sessions/sess_local_alpha/execute status=200
2026-09-28T17:56:29.831667Z  INFO lingxi_service: request handled request_id=req-d436e2b09872da6a5ed4758903a6ec31 method=POST path=/lingxi/v1/sessions/sess_local_alpha/execute status=200
2026-09-28T17:56:29.831772Z  INFO lingxi_service::sessions: run committed and published (post-commit) run_id=run_000001a0e9294004_0000e1 session_id=sess_local_alpha events=run_000001a0e9294004_0000e1-done input_chars=17
2026-09-28T17:56:29.832770Z  INFO lingxi_service: request handled request_id=req-e44d0a904a93b1a9764a88effb1e46ce method=POST path=/lingxi/v1/sessions/sess_local_alpha/execute status=200
2026-09-28T17:56:29.832792Z  INFO lingxi_service: request handled request_id=req-8b0a8d82a4557049dc470a9845410737 method=POST path=/lingxi/v1/sessions/sess_local_alpha/execute status=200
2026-09-28T17:56:29.833241Z  INFO lingxi_service::sessions: run committed and published (post-commit) run_id=run_000001a0e9294005_0000e2 session_id=sess_local_alpha events=run_000001a0e9294005_0000e2-done input_chars=17
2026-09-28T17:56:29.833364Z  INFO lingxi_service::sessions: run committed and published (post-commit) run_id=run_000001a0e9294005_0000e3 session_id=sess_local_alpha events=run_000001a0e9294005_0000e3-done input_chars=17
2026-09-28T17:56:29.833512Z  INFO lingxi_service::sessions: run committed and published (post-commit) run_id=run_000001a0e9294005_0000e4 session_id=sess_local_alpha events=run_000001a0e9294005_0000e4-done input_chars=17
2026-09-28T17:56:29.833623Z  INFO lingxi_service::sessions: run committed and published (post-commit) run_id=run_000001a0e9294005_0000e5 session_id=sess_local_alpha events=run_000001a0e9294005_0000e5-done input_chars=17
2026-09-28T17:56:29.833848Z  INFO lingxi_service: request handled request_id=req-6dad5b929adfdf42853b0260425319d1 method=POST path=/lingxi/v1/sessions/sess_local_alpha/execute status=200
2026-09-28T17:56:29.834009Z  INFO lingxi_service::sessions: run committed and published (post-commit) run_id=run_000001a0e9294005_0000e6 session_id=sess_local_alpha events=run_000001a0e9294005_0000e6-done input_chars=17
2026-09-28T17:56:29.834118Z  INFO lingxi_service::sessions: run committed and published (post-commit) run_id=run_000001a0e9294005_0000e7 session_id=sess_local_alpha events=run_000001a0e9294005_0000e7-done input_chars=17
2026-09-28T17:56:29.834725Z  INFO lingxi_service::sessions: run committed and published (post-commit) run_id=run_000001a0e9294005_0000e8 session_id=sess_local_alpha events=run_000001a0e9294005_0000e8-done input_chars=17
2026-09-28T17:56:29.834830Z  INFO lingxi_service::sessions: run committed and published (post-commit) run_id=run_000001a0e9294005_0000e9 session_id=sess_local_alpha events=run_000001a0e9294005_0000e9-done input_chars=17
2026-09-28T17:56:29.834935Z  INFO lingxi_service::sessions: run committed and published (post-commit) run_id=run_000001a0e9294005_0000ea session_id=sess_local_alpha events=run_000001a0e9294005_0000ea-done input_chars=17
2026-09-28T17:56:29.835278Z  INFO lingxi_service: request handled request_id=req-c4afb7cc19d3ebff901c30f4c0b10b4c method=POST path=/lingxi/v1/sessions/sess_local_alpha/execute status=200
2026-09-28T17:56:29.835316Z  INFO lingxi_service: request handled request_id=req-98fc4d01d55e514562dd298dca4fe190 method=POST path=/lingxi/v1/sessions/sess_local_alpha/execute status=200
2026-09-28T17:56:29.835343Z  INFO lingxi_service: request handled request_id=req-b43f2e517815c8af763cd916e3a12d98 method=POST path=/lingxi/v1/sessions/sess_local_alpha/execute status=200
2026-09-28T17:56:29.835326Z  INFO lingxi_service: request handled request_id=req-486d025f7e66b12cf0ca7088e4d3c90e method=POST path=/lingxi/v1/sessions/sess_local_alpha/execute status=200
2026-09-28T17:56:29.835473Z  INFO lingxi_service::sessions: run committed and published (post-commit) run_id=run_000001a0e9294006_0000eb session_id=sess_local_alpha events=run_000001a0e9294006_0000eb-done input_chars=17
2026-09-28T17:56:29.835508Z  INFO lingxi_service: request handled request_id=req-ac81454d896ed5274399d1c35fda4dfc method=POST path=/lingxi/v1/sessions/sess_local_alpha/execute status=200
2026-09-28T17:56:29.835534Z  INFO lingxi_service: request handled request_id=req-e19e0fd0c40c2ce37b4fc38646c4852a method=POST path=/lingxi/v1/sessions/sess_local_alpha/execute status=200
2026-09-28T17:56:29.835663Z  INFO lingxi_service::sessions: run committed and published (post-commit) run_id=run_000001a0e9294006_0000ec session_id=sess_local_alpha events=run_000001a0e9294006_0000ec-done input_chars=17
2026-09-28T17:56:29.835792Z  INFO lingxi_service::sessions: run committed and published (post-commit) run_id=run_000001a0e9294006_0000ed session_id=sess_local_alpha events=run_000001a0e9294006_0000ed-done input_chars=17
2026-09-28T17:56:29.835903Z  INFO lingxi_service::sessions: run committed and published (post-commit) run_id=run_000001a0e9294006_0000ee session_id=sess_local_alpha events=run_000001a0e9294006_0000ee-done input_chars=17
2026-09-28T17:56:29.835932Z  INFO lingxi_service: request handled request_id=req-b7b56484ff3709c11e1c2e1e3dff3ba2 method=POST path=/lingxi/v1/sessions/sess_local_alpha/execute status=200
2026-09-28T17:56:29.835979Z  INFO lingxi_service: request handled request_id=req-3a0e10f13d1c7078bd98ca24de7befbf method=POST path=/lingxi/v1/sessions/sess_local_alpha/execute status=200
2026-09-28T17:56:29.835984Z  INFO lingxi_service: request handled request_id=req-f3164f1a0cd61bf6b6afb7a88ad448d4 method=POST path=/lingxi/v1/sessions/sess_local_alpha/execute status=200
2026-09-28T17:56:29.836104Z  INFO lingxi_service::sessions: run committed and published (post-commit) run_id=run_000001a0e9294007_0000ef session_id=sess_local_alpha events=run_000001a0e9294007_0000ef-done input_chars=17
2026-09-28T17:56:29.836222Z  INFO lingxi_service::sessions: run committed and published (post-commit) run_id=run_000001a0e9294007_0000f0 session_id=sess_local_alpha events=run_000001a0e9294007_0000f0-done input_chars=17
2026-09-28T17:56:29.836240Z  INFO lingxi_service: request handled request_id=req-08f53163d1a9b4cd14b1ffba8e83c3ce method=POST path=/lingxi/v1/sessions/sess_local_alpha/execute status=200
2026-09-28T17:56:29.836273Z  INFO lingxi_service: request handled request_id=req-9d7717ae47061a7b93ad1406f332329a method=POST path=/lingxi/v1/sessions/sess_local_alpha/execute status=200
2026-09-28T17:56:29.836286Z  INFO lingxi_service: request handled request_id=req-e209ceef7f6f0670be5dbca33d05d33f method=POST path=/lingxi/v1/sessions/sess_local_alpha/execute status=200
2026-09-28T17:56:29.836305Z  INFO lingxi_service: request handled request_id=req-75d76a2eda747934f2fb06a9dec336c5 method=POST path=/lingxi/v1/sessions/sess_local_alpha/execute status=200
2026-09-28T17:56:29.836333Z  INFO lingxi_service: request handled request_id=req-feb47f945ccc661cc6d8acfdcf1dfb00 method=POST path=/lingxi/v1/sessions/sess_local_alpha/execute status=200
2026-09-28T17:56:29.836356Z  INFO lingxi_service: request handled request_id=req-e2a21c87e9ffd7ab602064e007042494 method=POST path=/lingxi/v1/sessions/sess_local_alpha/execute status=200
2026-09-28T17:56:29.837784Z  INFO lingxi_service::sessions: run committed and published (post-commit) run_id=run_000001a0e929400d_0000f1 session_id=sess_local_alpha events=run_000001a0e929400d_0000f1-done input_chars=17
2026-09-28T17:56:29.837972Z  INFO lingxi_service::sessions: run committed and published (post-commit) run_id=run_000001a0e929400d_0000f2 session_id=sess_local_alpha events=run_000001a0e929400d_0000f2-done input_chars=17
2026-09-28T17:56:29.838903Z  INFO lingxi_service: request handled request_id=req-71e832030a3d89372172f23eb211a955 method=POST path=/lingxi/v1/sessions/sess_local_alpha/execute status=200
2026-09-28T17:56:29.838926Z  INFO lingxi_service: request handled request_id=req-5b5b067afe85235e5f144d8a659b0f9d method=POST path=/lingxi/v1/sessions/sess_local_alpha/execute status=200
2026-09-28T17:56:29.839050Z  INFO lingxi_service::sessions: run committed and published (post-commit) run_id=run_000001a0e929400d_0000f3 session_id=sess_local_alpha events=run_000001a0e929400d_0000f3-done input_chars=17
2026-09-28T17:56:29.839186Z  INFO lingxi_service::sessions: run committed and published (post-commit) run_id=run_000001a0e929400d_0000f4 session_id=sess_local_alpha events=run_000001a0e929400d_0000f4-done input_chars=17
2026-09-28T17:56:29.839329Z  INFO lingxi_service::sessions: run committed and published (post-commit) run_id=run_000001a0e929400d_0000f5 session_id=sess_local_alpha events=run_000001a0e929400d_0000f5-done input_chars=17
2026-09-28T17:56:29.839435Z  INFO lingxi_service::sessions: run committed and published (post-commit) run_id=run_000001a0e929400d_0000f6 session_id=sess_local_alpha events=run_000001a0e929400d_0000f6-done input_chars=17
2026-09-28T17:56:29.839589Z  INFO lingxi_service::sessions: run committed and published (post-commit) run_id=run_000001a0e929400d_0000f7 session_id=sess_local_alpha events=run_000001a0e929400d_0000f7-done input_chars=17
2026-09-28T17:56:29.840136Z  INFO lingxi_service: request handled request_id=req-6d145ab057b8f2736a1a61da98cbf0aa method=POST path=/lingxi/v1/sessions/sess_local_alpha/execute status=200
2026-09-28T17:56:29.840354Z  INFO lingxi_service: request handled request_id=req-4237a7fac158722d07bd6d348fd3ec12 method=POST path=/lingxi/v1/sessions/sess_local_alpha/execute status=200
2026-09-28T17:56:29.840399Z  INFO lingxi_service: request handled request_id=req-825a6003ede4b2f32bf7897b13b1ed22 method=POST path=/lingxi/v1/sessions/sess_local_alpha/execute status=200
2026-09-28T17:56:29.840600Z  INFO lingxi_service: request handled request_id=req-9bab4228f824ae701226002893dfac67 method=POST path=/lingxi/v1/sessions/sess_local_alpha/execute status=200
2026-09-28T17:56:29.840779Z  INFO lingxi_service: request handled request_id=req-5bb1baa5c04417e4a4303826530af44f method=POST path=/lingxi/v1/sessions/sess_local_alpha/execute status=200
2026-09-28T17:56:29.840879Z  INFO lingxi_service::sessions: run committed and published (post-commit) run_id=run_000001a0e929400d_0000f8 session_id=sess_local_alpha events=run_000001a0e929400d_0000f8-done input_chars=17
2026-09-28T17:56:29.841177Z  INFO lingxi_service::sessions: run committed and published (post-commit) run_id=run_000001a0e929400e_0000f9 session_id=sess_local_alpha events=run_000001a0e929400e_0000f9-done input_chars=17
2026-09-28T17:56:29.841298Z  INFO lingxi_service::sessions: run committed and published (post-commit) run_id=run_000001a0e929400e_0000fa session_id=sess_local_alpha events=run_000001a0e929400e_0000fa-done input_chars=17
2026-09-28T17:56:29.841569Z  INFO lingxi_service::sessions: run committed and published (post-commit) run_id=run_000001a0e929400e_0000fb session_id=sess_local_alpha events=run_000001a0e929400e_0000fb-done input_chars=17
2026-09-28T17:56:29.841865Z  INFO lingxi_service::sessions: run committed and published (post-commit) run_id=run_000001a0e929400e_0000fc session_id=sess_local_alpha events=run_000001a0e929400e_0000fc-done input_chars=17
2026-09-28T17:56:29.841973Z  INFO lingxi_service::sessions: run committed and published (post-commit) run_id=run_000001a0e929400e_0000fd session_id=sess_local_alpha events=run_000001a0e929400e_0000fd-done input_chars=17
2026-09-28T17:56:29.842460Z  INFO lingxi_service: request handled request_id=req-cf2c47add1792acdb51da7a96c0e9631 method=POST path=/lingxi/v1/sessions/sess_local_alpha/execute status=200
2026-09-28T17:56:29.842561Z  INFO lingxi_service::sessions: run committed and published (post-commit) run_id=run_000001a0e929400e_0000fe session_id=sess_local_alpha events=run_000001a0e929400e_0000fe-done input_chars=17
2026-09-28T17:56:29.842739Z  INFO lingxi_service: request handled request_id=req-b8e116e795944e35fe1261653cda6713 method=POST path=/lingxi/v1/sessions/sess_local_alpha/execute status=200
2026-09-28T17:56:29.842763Z  INFO lingxi_service: request handled request_id=req-2f03482dc4f0b888b2bc71e0baecc209 method=POST path=/lingxi/v1/sessions/sess_local_alpha/execute status=200
2026-09-28T17:56:29.842864Z  INFO lingxi_service::sessions: run committed and published (post-commit) run_id=run_000001a0e929400f_0000ff session_id=sess_local_alpha events=run_000001a0e929400f_0000ff-done input_chars=17
2026-09-28T17:56:29.842898Z  INFO lingxi_service: request handled request_id=req-e0d47b88aae22d65e22af6a15274cff6 method=POST path=/lingxi/v1/sessions/sess_local_alpha/execute status=200
2026-09-28T17:56:29.843026Z  INFO lingxi_service::sessions: run committed and published (post-commit) run_id=run_000001a0e929400f_000100 session_id=sess_local_alpha events=run_000001a0e929400f_000100-done input_chars=17
2026-09-28T17:56:29.843691Z  INFO lingxi_service: request handled request_id=req-246272ba909530891cec2bda521a0d15 method=POST path=/lingxi/v1/sessions/sess_local_alpha/execute status=200
2026-09-28T17:56:29.843708Z  INFO lingxi_service: request handled request_id=req-c46a96b63706bf62963352482246f0dc method=POST path=/lingxi/v1/sessions/sess_local_alpha/execute status=200
2026-09-28T17:56:29.843812Z  INFO lingxi_service::sessions: run committed and published (post-commit) run_id=run_000001a0e929400f_000101 session_id=sess_local_alpha events=run_000001a0e929400f_000101-done input_chars=17
2026-09-28T17:56:29.843952Z  INFO lingxi_service::sessions: run committed and published (post-commit) run_id=run_000001a0e929400f_000102 session_id=sess_local_alpha events=run_000001a0e929400f_000102-done input_chars=17
2026-09-28T17:56:29.844092Z  INFO lingxi_service::sessions: run committed and published (post-commit) run_id=run_000001a0e929400f_000103 session_id=sess_local_alpha events=run_000001a0e929400f_000103-done input_chars=17
2026-09-28T17:56:29.844124Z  INFO lingxi_service: request handled request_id=req-06e44ee30ce470842a63816508ab2dbd method=POST path=/lingxi/v1/sessions/sess_local_alpha/execute status=200
2026-09-28T17:56:29.844271Z  INFO lingxi_service::sessions: run committed and published (post-commit) run_id=run_000001a0e929400f_000104 session_id=sess_local_alpha events=run_000001a0e929400f_000104-done input_chars=17
2026-09-28T17:56:29.844301Z  INFO lingxi_service: request handled request_id=req-0a2a703c88bde1a6db40574f9416dea3 method=POST path=/lingxi/v1/sessions/sess_local_alpha/execute status=200
2026-09-28T17:56:29.844326Z  INFO lingxi_service: request handled request_id=req-2dcb6e34cade6a7058eef52f08cab579 method=POST path=/lingxi/v1/sessions/sess_local_alpha/execute status=200
2026-09-28T17:56:29.844443Z  INFO lingxi_service::sessions: run committed and published (post-commit) run_id=run_000001a0e9294010_000105 session_id=sess_local_alpha events=run_000001a0e9294010_000105-done input_chars=17
2026-09-28T17:56:29.844564Z  INFO lingxi_service::sessions: run committed and published (post-commit) run_id=run_000001a0e9294010_000106 session_id=sess_local_alpha events=run_000001a0e9294010_000106-done input_chars=17
2026-09-28T17:56:29.844671Z  INFO lingxi_service::sessions: run committed and published (post-commit) run_id=run_000001a0e9294010_000107 session_id=sess_local_alpha events=run_000001a0e9294010_000107-done input_chars=17
2026-09-28T17:56:29.844789Z  INFO lingxi_service::sessions: run committed and published (post-commit) run_id=run_000001a0e9294010_000108 session_id=sess_local_alpha events=run_000001a0e9294010_000108-done input_chars=17
2026-09-28T17:56:29.844820Z  INFO lingxi_service: request handled request_id=req-02676294dece2d04ebaeecdc9f0303ba method=POST path=/lingxi/v1/sessions/sess_local_alpha/execute status=200
2026-09-28T17:56:29.844866Z  INFO lingxi_service: request handled request_id=req-c83c3031486c3c8468be673bcc3ca3e1 method=POST path=/lingxi/v1/sessions/sess_local_alpha/execute status=200
2026-09-28T17:56:29.844888Z  INFO lingxi_service: request handled request_id=req-b8b421f8d80e42c0e7ca681b36525a4f method=POST path=/lingxi/v1/sessions/sess_local_alpha/execute status=200
2026-09-28T17:56:29.844874Z  INFO lingxi_service: request handled request_id=req-5dddb4076da0bc30a9373c823b5d4b7e method=POST path=/lingxi/v1/sessions/sess_local_alpha/execute status=200
2026-09-28T17:56:29.844906Z  INFO lingxi_service: request handled request_id=req-b45e1d58d8ce4d8916d22c7f282d2613 method=POST path=/lingxi/v1/sessions/sess_local_alpha/execute status=200
2026-09-28T17:56:29.844936Z  INFO lingxi_service: request handled request_id=req-3883ccf6220d4935c36e22ea17ffecb4 method=POST path=/lingxi/v1/sessions/sess_local_alpha/execute status=200
2026-09-28T17:56:29.844961Z  INFO lingxi_service: request handled request_id=req-cbca2a2ef7e9f7f41d56dfed1eb9f675 method=POST path=/lingxi/v1/sessions/sess_local_alpha/execute status=200
2026-09-28T17:56:29.844988Z  INFO lingxi_service: request handled request_id=req-f358157351982ca0f5625b375d6a9982 method=POST path=/lingxi/v1/sessions/sess_local_alpha/execute status=200
2026-09-28T17:56:29.846298Z  INFO lingxi_service::sessions: run committed and published (post-commit) run_id=run_000001a0e9294015_000109 session_id=sess_local_alpha events=run_000001a0e9294015_000109-done input_chars=17
2026-09-28T17:56:29.846867Z  INFO lingxi_service: request handled request_id=req-db6dc670ea597d79cded0c484ffb0e22 method=POST path=/lingxi/v1/sessions/sess_local_alpha/execute status=200
2026-09-28T17:56:29.846993Z  INFO lingxi_service::sessions: run committed and published (post-commit) run_id=run_000001a0e9294016_00010a session_id=sess_local_alpha events=run_000001a0e9294016_00010a-done input_chars=17
2026-09-28T17:56:29.847158Z  INFO lingxi_service::sessions: run committed and published (post-commit) run_id=run_000001a0e9294016_00010b session_id=sess_local_alpha events=run_000001a0e9294016_00010b-done input_chars=17
2026-09-28T17:56:29.847316Z  INFO lingxi_service::sessions: run committed and published (post-commit) run_id=run_000001a0e9294016_00010c session_id=sess_local_alpha events=run_000001a0e9294016_00010c-done input_chars=17
2026-09-28T17:56:29.847870Z  INFO lingxi_service: request handled request_id=req-fb5a57bf8d26cdb0230bf6e8e4a21dcc method=POST path=/lingxi/v1/sessions/sess_local_alpha/execute status=200
2026-09-28T17:56:29.848091Z  INFO lingxi_service: request handled request_id=req-ef0a2dda5c17e34a12d63549729b6a55 method=POST path=/lingxi/v1/sessions/sess_local_alpha/execute status=200
2026-09-28T17:56:29.848131Z  INFO lingxi_service: request handled request_id=req-97cde2b824ba5a3ab639349ca5d214a7 method=POST path=/lingxi/v1/sessions/sess_local_alpha/execute status=200
2026-09-28T17:56:29.848316Z  INFO lingxi_service::sessions: run committed and published (post-commit) run_id=run_000001a0e9294016_00010d session_id=sess_local_alpha events=run_000001a0e9294016_00010d-done input_chars=17
2026-09-28T17:56:29.848529Z  INFO lingxi_service::sessions: run committed and published (post-commit) run_id=run_000001a0e9294016_00010e session_id=sess_local_alpha events=run_000001a0e9294016_00010e-done input_chars=17
2026-09-28T17:56:29.848649Z  INFO lingxi_service::sessions: run committed and published (post-commit) run_id=run_000001a0e9294016_00010f session_id=sess_local_alpha events=run_000001a0e9294016_00010f-done input_chars=17
2026-09-28T17:56:29.848957Z  INFO lingxi_service::sessions: run committed and published (post-commit) run_id=run_000001a0e9294016_000110 session_id=sess_local_alpha events=run_000001a0e9294016_000110-done input_chars=17
2026-09-28T17:56:29.849686Z  INFO lingxi_service: request handled request_id=req-b39ca24e826826ec58a62769d523532b method=POST path=/lingxi/v1/sessions/sess_local_alpha/execute status=200
2026-09-28T17:56:29.849707Z  INFO lingxi_service: request handled request_id=req-58bd5bddcc4e1b5f89978990d8c91f50 method=POST path=/lingxi/v1/sessions/sess_local_alpha/execute status=200
2026-09-28T17:56:29.849907Z  INFO lingxi_service: request handled request_id=req-93a386a4b2c9537ec003e7f18724bccc method=POST path=/lingxi/v1/sessions/sess_local_alpha/execute status=200
2026-09-28T17:56:29.850027Z  INFO lingxi_service::sessions: run committed and published (post-commit) run_id=run_000001a0e9294017_000111 session_id=sess_local_alpha events=run_000001a0e9294017_000111-done input_chars=17
2026-09-28T17:56:29.850398Z  INFO lingxi_service: request handled request_id=req-ac2f1226d340d7304a3b1dbed34f7f45 method=POST path=/lingxi/v1/sessions/sess_local_alpha/execute status=200
2026-09-28T17:56:29.850515Z  INFO lingxi_service::sessions: run committed and published (post-commit) run_id=run_000001a0e9294017_000112 session_id=sess_local_alpha events=run_000001a0e9294017_000112-done input_chars=17
2026-09-28T17:56:29.850633Z  INFO lingxi_service::sessions: run committed and published (post-commit) run_id=run_000001a0e9294017_000113 session_id=sess_local_alpha events=run_000001a0e9294017_000113-done input_chars=17
2026-09-28T17:56:29.850780Z  INFO lingxi_service::sessions: run committed and published (post-commit) run_id=run_000001a0e9294017_000114 session_id=sess_local_alpha events=run_000001a0e9294017_000114-done input_chars=17
2026-09-28T17:56:29.850886Z  INFO lingxi_service::sessions: run committed and published (post-commit) run_id=run_000001a0e9294017_000115 session_id=sess_local_alpha events=run_000001a0e9294017_000115-done input_chars=17
2026-09-28T17:56:29.851188Z  INFO lingxi_service::sessions: run committed and published (post-commit) run_id=run_000001a0e9294017_000116 session_id=sess_local_alpha events=run_000001a0e9294017_000116-done input_chars=17
2026-09-28T17:56:29.851371Z  INFO lingxi_service: request handled request_id=req-53c9b5445bcc52ff915fca07ed0a7d07 method=POST path=/lingxi/v1/sessions/sess_local_alpha/execute status=200
2026-09-28T17:56:29.851494Z  INFO lingxi_service::sessions: run committed and published (post-commit) run_id=run_000001a0e9294018_000117 session_id=sess_local_alpha events=run_000001a0e9294018_000117-done input_chars=17
2026-09-28T17:56:29.851657Z  INFO lingxi_service::sessions: run committed and published (post-commit) run_id=run_000001a0e9294018_000118 session_id=sess_local_alpha events=run_000001a0e9294018_000118-done input_chars=17
2026-09-28T17:56:29.852304Z  INFO lingxi_service: request handled request_id=req-02b4db4a172823ca69dc18d2386d8f52 method=POST path=/lingxi/v1/sessions/sess_local_alpha/execute status=200
2026-09-28T17:56:29.852638Z  INFO lingxi_service: request handled request_id=req-047c7b79ee9ab04a486927cd3a80da01 method=POST path=/lingxi/v1/sessions/sess_local_alpha/execute status=200
2026-09-28T17:56:29.852662Z  INFO lingxi_service: request handled request_id=req-a635ffd2da08e68783f60de0cb04e996 method=POST path=/lingxi/v1/sessions/sess_local_alpha/execute status=200
2026-09-28T17:56:29.852685Z  INFO lingxi_service: request handled request_id=req-ca16d6bde4ffbe73c92f8620df7310c6 method=POST path=/lingxi/v1/sessions/sess_local_alpha/execute status=200
2026-09-28T17:56:29.852805Z  INFO lingxi_service::sessions: run committed and published (post-commit) run_id=run_000001a0e9294018_000119 session_id=sess_local_alpha events=run_000001a0e9294018_000119-done input_chars=17
2026-09-28T17:56:29.852845Z  INFO lingxi_service: request handled request_id=req-969dbe029525036442993c085730e90a method=POST path=/lingxi/v1/sessions/sess_local_alpha/execute status=200
2026-09-28T17:56:29.852973Z  INFO lingxi_service::sessions: run committed and published (post-commit) run_id=run_000001a0e9294018_00011a session_id=sess_local_alpha events=run_000001a0e9294018_00011a-done input_chars=17
2026-09-28T17:56:29.853013Z  INFO lingxi_service: request handled request_id=req-855692f6c26ba794e0bd3396ea0fba3c method=POST path=/lingxi/v1/sessions/sess_local_alpha/execute status=200
2026-09-28T17:56:29.853047Z  INFO lingxi_service: request handled request_id=req-038095dfd8a5ffc9d6adf83cd3a2ac92 method=POST path=/lingxi/v1/sessions/sess_local_alpha/execute status=200
2026-09-28T17:56:29.853592Z  INFO lingxi_service::sessions: run committed and published (post-commit) run_id=run_000001a0e9294018_00011b session_id=sess_local_alpha events=run_000001a0e9294018_00011b-done input_chars=17
2026-09-28T17:56:29.853731Z  INFO lingxi_service::sessions: run committed and published (post-commit) run_id=run_000001a0e9294018_00011c session_id=sess_local_alpha events=run_000001a0e9294018_00011c-done input_chars=17
2026-09-28T17:56:29.853853Z  INFO lingxi_service::sessions: run committed and published (post-commit) run_id=run_000001a0e9294019_00011d session_id=sess_local_alpha events=run_000001a0e9294019_00011d-done input_chars=17
2026-09-28T17:56:29.853996Z  INFO lingxi_service::sessions: run committed and published (post-commit) run_id=run_000001a0e9294019_00011e session_id=sess_local_alpha events=run_000001a0e9294019_00011e-done input_chars=17
2026-09-28T17:56:29.854104Z  INFO lingxi_service::sessions: run committed and published (post-commit) run_id=run_000001a0e9294019_00011f session_id=sess_local_alpha events=run_000001a0e9294019_00011f-done input_chars=17
2026-09-28T17:56:29.854210Z  INFO lingxi_service::sessions: run committed and published (post-commit) run_id=run_000001a0e9294019_000120 session_id=sess_local_alpha events=run_000001a0e9294019_000120-done input_chars=17
2026-09-28T17:56:29.854248Z  INFO lingxi_service: request handled request_id=req-dcae18694fa8bc40a304a0ba8a7e553e method=POST path=/lingxi/v1/sessions/sess_local_alpha/execute status=200
2026-09-28T17:56:29.854265Z  INFO lingxi_service: request handled request_id=req-3d022896e6167fcf8b226d3cb650d599 method=POST path=/lingxi/v1/sessions/sess_local_alpha/execute status=200
2026-09-28T17:56:29.854298Z  INFO lingxi_service: request handled request_id=req-ba3c45d65ec7155db53337cb01ddc705 method=POST path=/lingxi/v1/sessions/sess_local_alpha/execute status=200
2026-09-28T17:56:29.854308Z  INFO lingxi_service: request handled request_id=req-c6a9d9f0f9431daf60637e95fcfbe6b5 method=POST path=/lingxi/v1/sessions/sess_local_alpha/execute status=200
2026-09-28T17:56:29.854349Z  INFO lingxi_service: request handled request_id=req-c791f4b9b0c57c22f3bfdcf3ebfcf950 method=POST path=/lingxi/v1/sessions/sess_local_alpha/execute status=200
2026-09-28T17:56:29.854368Z  INFO lingxi_service: request handled request_id=req-129661e6923602eb12f4caca19e44f12 method=POST path=/lingxi/v1/sessions/sess_local_alpha/execute status=200
2026-09-28T17:56:29.854389Z  INFO lingxi_service: request handled request_id=req-e572cb3007e1c75a17f61f42932275cc method=POST path=/lingxi/v1/sessions/sess_local_alpha/execute status=200
2026-09-28T17:56:29.854417Z  INFO lingxi_service: request handled request_id=req-fdf8fb6ab03701afa943997a22cc4d52 method=POST path=/lingxi/v1/sessions/sess_local_alpha/execute status=200
2026-09-28T17:56:29.856156Z  INFO lingxi_service::sessions: run committed and published (post-commit) run_id=run_000001a0e929401f_000121 session_id=sess_local_alpha events=run_000001a0e929401f_000121-done input_chars=17
2026-09-28T17:56:29.856937Z  INFO lingxi_service: request handled request_id=req-09e2e052912a233f2264b7b8c8feeb0e method=POST path=/lingxi/v1/sessions/sess_local_alpha/execute status=200
2026-09-28T17:56:29.857110Z  INFO lingxi_service::sessions: run committed and published (post-commit) run_id=run_000001a0e929401f_000122 session_id=sess_local_alpha events=run_000001a0e929401f_000122-done input_chars=17
2026-09-28T17:56:29.857241Z  INFO lingxi_service::sessions: run committed and published (post-commit) run_id=run_000001a0e929401f_000123 session_id=sess_local_alpha events=run_000001a0e929401f_000123-done input_chars=17
2026-09-28T17:56:29.857373Z  INFO lingxi_service::sessions: run committed and published (post-commit) run_id=run_000001a0e929401f_000124 session_id=sess_local_alpha events=run_000001a0e929401f_000124-done input_chars=17
2026-09-28T17:56:29.857575Z  INFO lingxi_service::sessions: run committed and published (post-commit) run_id=run_000001a0e929401f_000125 session_id=sess_local_alpha events=run_000001a0e929401f_000125-done input_chars=17
2026-09-28T17:56:29.858428Z  INFO lingxi_service: request handled request_id=req-fc99f0474dd62613582a56ac6e08a0e8 method=POST path=/lingxi/v1/sessions/sess_local_alpha/execute status=200
2026-09-28T17:56:29.858442Z  INFO lingxi_service: request handled request_id=req-a14bdb6eff691641db653981a23b3763 method=POST path=/lingxi/v1/sessions/sess_local_alpha/execute status=200
2026-09-28T17:56:29.858681Z  INFO lingxi_service: request handled request_id=req-63762f56f79f76a42763fb2d2e205def method=POST path=/lingxi/v1/sessions/sess_local_alpha/execute status=200
2026-09-28T17:56:29.858694Z  INFO lingxi_service: request handled request_id=req-373b7f2d95b1127f5c077ed2ca9fb95f method=POST path=/lingxi/v1/sessions/sess_local_alpha/execute status=200
2026-09-28T17:56:29.858834Z  INFO lingxi_service::sessions: run committed and published (post-commit) run_id=run_000001a0e9294020_000126 session_id=sess_local_alpha events=run_000001a0e9294020_000126-done input_chars=17
2026-09-28T17:56:29.859024Z  INFO lingxi_service::sessions: run committed and published (post-commit) run_id=run_000001a0e9294020_000127 session_id=sess_local_alpha events=run_000001a0e9294020_000127-done input_chars=17
2026-09-28T17:56:29.859133Z  INFO lingxi_service::sessions: run committed and published (post-commit) run_id=run_000001a0e9294020_000128 session_id=sess_local_alpha events=run_000001a0e9294020_000128-done input_chars=17
2026-09-28T17:56:29.860034Z  INFO lingxi_service::sessions: run committed and published (post-commit) run_id=run_000001a0e9294020_000129 session_id=sess_local_alpha events=run_000001a0e9294020_000129-done input_chars=17
2026-09-28T17:56:29.860309Z  INFO lingxi_service::sessions: run committed and published (post-commit) run_id=run_000001a0e9294020_00012a session_id=sess_local_alpha events=run_000001a0e9294020_00012a-done input_chars=17
2026-09-28T17:56:29.860510Z  INFO lingxi_service: request handled request_id=req-d910612d1725d489407f9f6c38bdd781 method=POST path=/lingxi/v1/sessions/sess_local_alpha/execute status=200
2026-09-28T17:56:29.860531Z  INFO lingxi_service: request handled request_id=req-d6ad334e541636c8b51aae8cf35bfe9c method=POST path=/lingxi/v1/sessions/sess_local_alpha/execute status=200
2026-09-28T17:56:29.860553Z  INFO lingxi_service: request handled request_id=req-bffd2e90d58cd6ad54d4c3acf6e56313 method=POST path=/lingxi/v1/sessions/sess_local_alpha/execute status=200
2026-09-28T17:56:29.860672Z  INFO lingxi_service::sessions: run committed and published (post-commit) run_id=run_000001a0e9294020_00012b session_id=sess_local_alpha events=run_000001a0e9294020_00012b-done input_chars=17
2026-09-28T17:56:29.860796Z  INFO lingxi_service::sessions: run committed and published (post-commit) run_id=run_000001a0e9294020_00012c session_id=sess_local_alpha events=run_000001a0e9294020_00012c-done input_chars=17
2026-09-28T17:56:29.860911Z  INFO lingxi_service::sessions: run committed and published (post-commit) run_id=run_000001a0e9294021_00012d session_id=sess_local_alpha events=run_000001a0e9294021_00012d-done input_chars=17
2026-09-28T17:56:29.861022Z  INFO lingxi_service::sessions: run committed and published (post-commit) run_id=run_000001a0e9294021_00012e session_id=sess_local_alpha events=run_000001a0e9294021_00012e-done input_chars=17
2026-09-28T17:56:29.861819Z  INFO lingxi_service: request handled request_id=req-3af71f0853d23f40d388881a15b1215f method=POST path=/lingxi/v1/sessions/sess_local_alpha/execute status=200
2026-09-28T17:56:29.861923Z  INFO lingxi_service::sessions: run committed and published (post-commit) run_id=run_000001a0e9294021_00012f session_id=sess_local_alpha events=run_000001a0e9294021_00012f-done input_chars=17
2026-09-28T17:56:29.862419Z  INFO lingxi_service: request handled request_id=req-ca1f5b5dfc8f47241c956c28cda1fc72 method=POST path=/lingxi/v1/sessions/sess_local_alpha/execute status=200
2026-09-28T17:56:29.862523Z  INFO lingxi_service::sessions: run committed and published (post-commit) run_id=run_000001a0e9294021_000130 session_id=sess_local_alpha events=run_000001a0e9294021_000130-done input_chars=17
2026-09-28T17:56:29.862562Z  INFO lingxi_service: request handled request_id=req-d985b2a392b0a9b0133fe8473265b4a7 method=POST path=/lingxi/v1/sessions/sess_local_alpha/execute status=200
2026-09-28T17:56:29.862587Z  INFO lingxi_service: request handled request_id=req-6646b97675ad355261d5117430de8977 method=POST path=/lingxi/v1/sessions/sess_local_alpha/execute status=200
2026-09-28T17:56:29.862616Z  INFO lingxi_service: request handled request_id=req-4eb215b05e170e344626db6e2418bd71 method=POST path=/lingxi/v1/sessions/sess_local_alpha/execute status=200
2026-09-28T17:56:29.862640Z  INFO lingxi_service: request handled request_id=req-544456a42fc24c2928c3262237f07b62 method=POST path=/lingxi/v1/sessions/sess_local_alpha/execute status=200
2026-09-28T17:56:29.862754Z  INFO lingxi_service::sessions: run committed and published (post-commit) run_id=run_000001a0e9294022_000131 session_id=sess_local_alpha events=run_000001a0e9294022_000131-done input_chars=17
2026-09-28T17:56:29.862872Z  INFO lingxi_service::sessions: run committed and published (post-commit) run_id=run_000001a0e9294022_000132 session_id=sess_local_alpha events=run_000001a0e9294022_000132-done input_chars=17
2026-09-28T17:56:29.862984Z  INFO lingxi_service::sessions: run committed and published (post-commit) run_id=run_000001a0e9294022_000133 session_id=sess_local_alpha events=run_000001a0e9294022_000133-done input_chars=17
2026-09-28T17:56:29.863088Z  INFO lingxi_service::sessions: run committed and published (post-commit) run_id=run_000001a0e9294022_000134 session_id=sess_local_alpha events=run_000001a0e9294022_000134-done input_chars=17
2026-09-28T17:56:29.863220Z  INFO lingxi_service::sessions: run committed and published (post-commit) run_id=run_000001a0e9294022_000135 session_id=sess_local_alpha events=run_000001a0e9294022_000135-done input_chars=17
2026-09-28T17:56:29.863251Z  INFO lingxi_service: request handled request_id=req-9b1f084f523a2ca7157386614c004f0b method=POST path=/lingxi/v1/sessions/sess_local_alpha/execute status=200
2026-09-28T17:56:29.863358Z  INFO lingxi_service::sessions: run committed and published (post-commit) run_id=run_000001a0e9294022_000136 session_id=sess_local_alpha events=run_000001a0e9294022_000136-done input_chars=17
2026-09-28T17:56:29.863469Z  INFO lingxi_service::sessions: run committed and published (post-commit) run_id=run_000001a0e9294022_000137 session_id=sess_local_alpha events=run_000001a0e9294022_000137-done input_chars=17
2026-09-28T17:56:29.863581Z  INFO lingxi_service::sessions: run committed and published (post-commit) run_id=run_000001a0e9294022_000138 session_id=sess_local_alpha events=run_000001a0e9294022_000138-done input_chars=17
2026-09-28T17:56:29.863613Z  INFO lingxi_service: request handled request_id=req-ce91996c82889ebd9f62e1f3d946d5b6 method=POST path=/lingxi/v1/sessions/sess_local_alpha/execute status=200
2026-09-28T17:56:29.863640Z  INFO lingxi_service: request handled request_id=req-1149ea55abf4f120a6adce63d2a0b3a4 method=POST path=/lingxi/v1/sessions/sess_local_alpha/execute status=200
2026-09-28T17:56:29.863664Z  INFO lingxi_service: request handled request_id=req-a8c424b28d03b078cc8a0bd06da3c3ba method=POST path=/lingxi/v1/sessions/sess_local_alpha/execute status=200
2026-09-28T17:56:29.863709Z  INFO lingxi_service: request handled request_id=req-f91e0514d2112664c9e69033fa231d3a method=POST path=/lingxi/v1/sessions/sess_local_alpha/execute status=200
2026-09-28T17:56:29.863717Z  INFO lingxi_service: request handled request_id=req-0f6196e8daa0b731848956f81c71ee2c method=POST path=/lingxi/v1/sessions/sess_local_alpha/execute status=200
2026-09-28T17:56:29.863740Z  INFO lingxi_service: request handled request_id=req-d5e6b85a0080b5924770aeb9622a8817 method=POST path=/lingxi/v1/sessions/sess_local_alpha/execute status=200
2026-09-28T17:56:29.863764Z  INFO lingxi_service: request handled request_id=req-a48c43f63452d11e5defe48eba88ee9a method=POST path=/lingxi/v1/sessions/sess_local_alpha/execute status=200
2026-09-28T17:56:29.863798Z  INFO lingxi_service: request handled request_id=req-ce6071ee66f116ef4c0fcf8afa36c658 method=POST path=/lingxi/v1/sessions/sess_local_alpha/execute status=200
2026-09-28T17:56:29.863822Z  INFO lingxi_service: request handled request_id=req-83a0ef4995e3f462aa8c789b4931f187 method=POST path=/lingxi/v1/sessions/sess_local_alpha/execute status=200
2026-09-28T17:56:29.865205Z  INFO lingxi_service::sessions: run committed and published (post-commit) run_id=run_000001a0e9294028_000139 session_id=sess_local_alpha events=run_000001a0e9294028_000139-done input_chars=17
2026-09-28T17:56:29.865928Z  INFO lingxi_service: request handled request_id=req-be063bfcd817b423e909edc548f9f704 method=POST path=/lingxi/v1/sessions/sess_local_alpha/execute status=200
2026-09-28T17:56:29.866073Z  INFO lingxi_service::sessions: run committed and published (post-commit) run_id=run_000001a0e9294028_00013a session_id=sess_local_alpha events=run_000001a0e9294028_00013a-done input_chars=17
2026-09-28T17:56:29.866229Z  INFO lingxi_service::sessions: run committed and published (post-commit) run_id=run_000001a0e9294028_00013b session_id=sess_local_alpha events=run_000001a0e9294028_00013b-done input_chars=17
2026-09-28T17:56:29.866375Z  INFO lingxi_service::sessions: run committed and published (post-commit) run_id=run_000001a0e9294028_00013c session_id=sess_local_alpha events=run_000001a0e9294028_00013c-done input_chars=17
2026-09-28T17:56:29.866485Z  INFO lingxi_service::sessions: run committed and published (post-commit) run_id=run_000001a0e9294028_00013d session_id=sess_local_alpha events=run_000001a0e9294028_00013d-done input_chars=17
2026-09-28T17:56:29.866914Z  INFO lingxi_service: request handled request_id=req-c7303ed027474e8bc365cffc44e68a89 method=POST path=/lingxi/v1/sessions/sess_local_alpha/execute status=200
2026-09-28T17:56:29.866963Z  INFO lingxi_service: request handled request_id=req-40bbf2637b1095a468c2c4cf19bd8325 method=POST path=/lingxi/v1/sessions/sess_local_alpha/execute status=200
2026-09-28T17:56:29.866987Z  INFO lingxi_service: request handled request_id=req-a2c7455ad74ae47f774ab0fa124d5242 method=POST path=/lingxi/v1/sessions/sess_local_alpha/execute status=200
2026-09-28T17:56:29.867020Z  INFO lingxi_service: request handled request_id=req-042d9bc7cef9cfc6802cdd4e58a875f8 method=POST path=/lingxi/v1/sessions/sess_local_alpha/execute status=200
2026-09-28T17:56:29.867115Z  INFO lingxi_service::sessions: run committed and published (post-commit) run_id=run_000001a0e9294029_00013e session_id=sess_local_alpha events=run_000001a0e9294029_00013e-done input_chars=17
2026-09-28T17:56:29.867281Z  INFO lingxi_service::sessions: run committed and published (post-commit) run_id=run_000001a0e9294029_00013f session_id=sess_local_alpha events=run_000001a0e9294029_00013f-done input_chars=17
2026-09-28T17:56:29.868359Z  INFO lingxi_service: request handled request_id=req-c5970a74fa49cb8c0ecafc730cd89d2e method=POST path=/lingxi/v1/sessions/sess_local_alpha/execute status=200
2026-09-28T17:56:29.868577Z  INFO lingxi_service: request handled request_id=req-5312f6df4881098f825927341f484d61 method=POST path=/lingxi/v1/sessions/sess_local_alpha/execute status=200
2026-09-28T17:56:29.868684Z  INFO lingxi_service::sessions: run committed and published (post-commit) run_id=run_000001a0e929402a_000140 session_id=sess_local_alpha events=run_000001a0e929402a_000140-done input_chars=17
2026-09-28T17:56:29.868791Z  INFO lingxi_service::sessions: run committed and published (post-commit) run_id=run_000001a0e929402a_000141 session_id=sess_local_alpha events=run_000001a0e929402a_000141-done input_chars=17
2026-09-28T17:56:29.869400Z  INFO lingxi_service::sessions: run committed and published (post-commit) run_id=run_000001a0e929402a_000142 session_id=sess_local_alpha events=run_000001a0e929402a_000142-done input_chars=17
2026-09-28T17:56:29.869508Z  INFO lingxi_service::sessions: run committed and published (post-commit) run_id=run_000001a0e929402a_000143 session_id=sess_local_alpha events=run_000001a0e929402a_000143-done input_chars=17
2026-09-28T17:56:29.869644Z  INFO lingxi_service::sessions: run committed and published (post-commit) run_id=run_000001a0e929402a_000144 session_id=sess_local_alpha events=run_000001a0e929402a_000144-done input_chars=17
2026-09-28T17:56:29.869775Z  INFO lingxi_service::sessions: run committed and published (post-commit) run_id=run_000001a0e929402a_000145 session_id=sess_local_alpha events=run_000001a0e929402a_000145-done input_chars=17
2026-09-28T17:56:29.870066Z  INFO lingxi_service::sessions: run committed and published (post-commit) run_id=run_000001a0e929402a_000146 session_id=sess_local_alpha events=run_000001a0e929402a_000146-done input_chars=17
2026-09-28T17:56:29.870106Z  INFO lingxi_service: request handled request_id=req-733ee10575b0626378cd3e16faebcc99 method=POST path=/lingxi/v1/sessions/sess_local_alpha/execute status=200
2026-09-28T17:56:29.870124Z  INFO lingxi_service: request handled request_id=req-035f51cc48af5cc5d52f8877aaf188df method=POST path=/lingxi/v1/sessions/sess_local_alpha/execute status=200
2026-09-28T17:56:29.870231Z  INFO lingxi_service::sessions: run committed and published (post-commit) run_id=run_000001a0e929402a_000147 session_id=sess_local_alpha events=run_000001a0e929402a_000147-done input_chars=17
2026-09-28T17:56:29.870511Z  INFO lingxi_service::sessions: run committed and published (post-commit) run_id=run_000001a0e929402b_000148 session_id=sess_local_alpha events=run_000001a0e929402b_000148-done input_chars=17
2026-09-28T17:56:29.870647Z  INFO lingxi_service::sessions: run committed and published (post-commit) run_id=run_000001a0e929402b_000149 session_id=sess_local_alpha events=run_000001a0e929402b_000149-done input_chars=17
2026-09-28T17:56:29.870681Z  INFO lingxi_service: request handled request_id=req-b45541bed499a9928b818e48237a2b60 method=POST path=/lingxi/v1/sessions/sess_local_alpha/execute status=200
2026-09-28T17:56:29.871243Z  INFO lingxi_service: request handled request_id=req-d302ee567c9a307fd2b6f145bb7c2944 method=POST path=/lingxi/v1/sessions/sess_local_alpha/execute status=200
2026-09-28T17:56:29.871629Z  INFO lingxi_service: request handled request_id=req-518b175126fc3ed536fa9894991632ca method=POST path=/lingxi/v1/sessions/sess_local_alpha/execute status=200
2026-09-28T17:56:29.871648Z  INFO lingxi_service: request handled request_id=req-6246b18f0802017a3833a8a38e4a431a method=POST path=/lingxi/v1/sessions/sess_local_alpha/execute status=200
2026-09-28T17:56:29.871752Z  INFO lingxi_service::sessions: run committed and published (post-commit) run_id=run_000001a0e929402b_00014a session_id=sess_local_alpha events=run_000001a0e929402b_00014a-done input_chars=17
2026-09-28T17:56:29.871801Z  INFO lingxi_service: request handled request_id=req-04b3566ea04db817113d6f78e29c6922 method=POST path=/lingxi/v1/sessions/sess_local_alpha/execute status=200
2026-09-28T17:56:29.871826Z  INFO lingxi_service: request handled request_id=req-3526226216c7f92a05428a400c429fec method=POST path=/lingxi/v1/sessions/sess_local_alpha/execute status=200
2026-09-28T17:56:29.871955Z  INFO lingxi_service::sessions: run committed and published (post-commit) run_id=run_000001a0e929402b_00014b session_id=sess_local_alpha events=run_000001a0e929402b_00014b-done input_chars=17
2026-09-28T17:56:29.872010Z  INFO lingxi_service: request handled request_id=req-fcef27a4e420a2586610cb62b7b47459 method=POST path=/lingxi/v1/sessions/sess_local_alpha/execute status=200
2026-09-28T17:56:29.872025Z  INFO lingxi_service: request handled request_id=req-a3e34e99858ccdd3c045f3e74bfc51f0 method=POST path=/lingxi/v1/sessions/sess_local_alpha/execute status=200
2026-09-28T17:56:29.872142Z  INFO lingxi_service::sessions: run committed and published (post-commit) run_id=run_000001a0e929402c_00014c session_id=sess_local_alpha events=run_000001a0e929402c_00014c-done input_chars=17
2026-09-28T17:56:29.872255Z  INFO lingxi_service::sessions: run committed and published (post-commit) run_id=run_000001a0e929402c_00014d session_id=sess_local_alpha events=run_000001a0e929402c_00014d-done input_chars=17
2026-09-28T17:56:29.872364Z  INFO lingxi_service::sessions: run committed and published (post-commit) run_id=run_000001a0e929402c_00014e session_id=sess_local_alpha events=run_000001a0e929402c_00014e-done input_chars=17
2026-09-28T17:56:29.872473Z  INFO lingxi_service::sessions: run committed and published (post-commit) run_id=run_000001a0e929402c_00014f session_id=sess_local_alpha events=run_000001a0e929402c_00014f-done input_chars=17
2026-09-28T17:56:29.872581Z  INFO lingxi_service::sessions: run committed and published (post-commit) run_id=run_000001a0e929402c_000150 session_id=sess_local_alpha events=run_000001a0e929402c_000150-done input_chars=17
2026-09-28T17:56:29.872616Z  INFO lingxi_service: request handled request_id=req-c533c415ac5af383499e3e47742cbacb method=POST path=/lingxi/v1/sessions/sess_local_alpha/execute status=200
2026-09-28T17:56:29.872642Z  INFO lingxi_service: request handled request_id=req-acf90266c515f4cfd1b5b3406fa4d6b3 method=POST path=/lingxi/v1/sessions/sess_local_alpha/execute status=200
2026-09-28T17:56:29.872666Z  INFO lingxi_service: request handled request_id=req-a1eedd1f6b0c446b9d750c2cfe2b5fad method=POST path=/lingxi/v1/sessions/sess_local_alpha/execute status=200
2026-09-28T17:56:29.872692Z  INFO lingxi_service: request handled request_id=req-7815a9e63c4d92c1e41fe684c217bf19 method=POST path=/lingxi/v1/sessions/sess_local_alpha/execute status=200
2026-09-28T17:56:29.872717Z  INFO lingxi_service: request handled request_id=req-71c42df8dd8032ee6499fe48a56b4f99 method=POST path=/lingxi/v1/sessions/sess_local_alpha/execute status=200
2026-09-28T17:56:29.872771Z  INFO lingxi_service: request handled request_id=req-43e85096b48f5bb450ad6fa4b5154552 method=POST path=/lingxi/v1/sessions/sess_local_alpha/execute status=200
2026-09-28T17:56:29.872779Z  INFO lingxi_service: request handled request_id=req-3c4a384db71e8e91cd4405b789b52b31 method=POST path=/lingxi/v1/sessions/sess_local_alpha/execute status=200
2026-09-28T17:56:29.874071Z  INFO lingxi_service::sessions: run committed and published (post-commit) run_id=run_000001a0e9294031_000151 session_id=sess_local_alpha events=run_000001a0e9294031_000151-done input_chars=17
2026-09-28T17:56:29.874312Z  INFO lingxi_service: request handled request_id=req-25fca23d5735fa30f2adc0a79bbc3b9d method=POST path=/lingxi/v1/sessions/sess_local_alpha/execute status=200
2026-09-28T17:56:29.874496Z  INFO lingxi_service::sessions: run committed and published (post-commit) run_id=run_000001a0e9294031_000152 session_id=sess_local_alpha events=run_000001a0e9294031_000152-done input_chars=17
2026-09-28T17:56:29.874756Z  INFO lingxi_service: request handled request_id=req-c01f7d04a5df44ef6cc411eb628a4a8e method=POST path=/lingxi/v1/sessions/sess_local_alpha/execute status=200
2026-09-28T17:56:29.874887Z  INFO lingxi_service::sessions: run committed and published (post-commit) run_id=run_000001a0e9294032_000153 session_id=sess_local_alpha events=run_000001a0e9294032_000153-done input_chars=17
2026-09-28T17:56:29.876173Z  INFO lingxi_service: request handled request_id=req-b480d2ac309dfeeea6604d81767a5ea5 method=POST path=/lingxi/v1/sessions/sess_local_alpha/execute status=200
2026-09-28T17:56:29.876332Z  INFO lingxi_service::sessions: run committed and published (post-commit) run_id=run_000001a0e9294032_000154 session_id=sess_local_alpha events=run_000001a0e9294032_000154-done input_chars=17
2026-09-28T17:56:29.876635Z  INFO lingxi_service::sessions: run committed and published (post-commit) run_id=run_000001a0e9294032_000155 session_id=sess_local_alpha events=run_000001a0e9294032_000155-done input_chars=17
2026-09-28T17:56:29.876783Z  INFO lingxi_service::sessions: run committed and published (post-commit) run_id=run_000001a0e9294032_000156 session_id=sess_local_alpha events=run_000001a0e9294032_000156-done input_chars=17
2026-09-28T17:56:29.876925Z  INFO lingxi_service::sessions: run committed and published (post-commit) run_id=run_000001a0e9294032_000157 session_id=sess_local_alpha events=run_000001a0e9294032_000157-done input_chars=17
2026-09-28T17:56:29.877504Z  INFO lingxi_service: request handled request_id=req-55fc02a6d24e305b84512ab1686086f7 method=POST path=/lingxi/v1/sessions/sess_local_alpha/execute status=200
2026-09-28T17:56:29.877616Z  INFO lingxi_service::sessions: run committed and published (post-commit) run_id=run_000001a0e9294032_000158 session_id=sess_local_alpha events=run_000001a0e9294032_000158-done input_chars=17
2026-09-28T17:56:29.877838Z  INFO lingxi_service: request handled request_id=req-63b2691c2e603169de68f6b18ccb1707 method=POST path=/lingxi/v1/sessions/sess_local_alpha/execute status=200
2026-09-28T17:56:29.878208Z  INFO lingxi_service: request handled request_id=req-44b7c46d0eef96f70ffdafd0b0955465 method=POST path=/lingxi/v1/sessions/sess_local_alpha/execute status=200
2026-09-28T17:56:29.878256Z  INFO lingxi_service: request handled request_id=req-d0c8461730059229b2c59c42dc6def96 method=POST path=/lingxi/v1/sessions/sess_local_alpha/execute status=200
2026-09-28T17:56:29.878386Z  INFO lingxi_service::sessions: run committed and published (post-commit) run_id=run_000001a0e9294032_000159 session_id=sess_local_alpha events=run_000001a0e9294032_000159-done input_chars=17
2026-09-28T17:56:29.878645Z  INFO lingxi_service::sessions: run committed and published (post-commit) run_id=run_000001a0e9294032_00015a session_id=sess_local_alpha events=run_000001a0e9294032_00015a-done input_chars=17
2026-09-28T17:56:29.878915Z  INFO lingxi_service::sessions: run committed and published (post-commit) run_id=run_000001a0e9294033_00015b session_id=sess_local_alpha events=run_000001a0e9294033_00015b-done input_chars=17
2026-09-28T17:56:29.879096Z  INFO lingxi_service: request handled request_id=req-d1fa20661d32706fdaa2beb1bcb221d0 method=POST path=/lingxi/v1/sessions/sess_local_alpha/execute status=200
2026-09-28T17:56:29.879199Z  INFO lingxi_service::sessions: run committed and published (post-commit) run_id=run_000001a0e9294033_00015c session_id=sess_local_alpha events=run_000001a0e9294033_00015c-done input_chars=17
2026-09-28T17:56:29.879698Z  INFO lingxi_service::sessions: run committed and published (post-commit) run_id=run_000001a0e9294033_00015d session_id=sess_local_alpha events=run_000001a0e9294033_00015d-done input_chars=17
2026-09-28T17:56:29.879851Z  INFO lingxi_service::sessions: run committed and published (post-commit) run_id=run_000001a0e9294033_00015e session_id=sess_local_alpha events=run_000001a0e9294033_00015e-done input_chars=17
2026-09-28T17:56:29.880461Z  INFO lingxi_service: request handled request_id=req-e4c844f36b00a7bd371def62a37aa793 method=POST path=/lingxi/v1/sessions/sess_local_alpha/execute status=200
2026-09-28T17:56:29.880576Z  INFO lingxi_service::sessions: run committed and published (post-commit) run_id=run_000001a0e9294034_00015f session_id=sess_local_alpha events=run_000001a0e9294034_00015f-done input_chars=17
2026-09-28T17:56:29.880778Z  INFO lingxi_service: request handled request_id=req-c2c33ac5ca7d31e65e16c45f5299f055 method=POST path=/lingxi/v1/sessions/sess_local_alpha/execute status=200
2026-09-28T17:56:29.880882Z  INFO lingxi_service::sessions: run committed and published (post-commit) run_id=run_000001a0e9294034_000160 session_id=sess_local_alpha events=run_000001a0e9294034_000160-done input_chars=17
2026-09-28T17:56:29.880925Z  INFO lingxi_service: request handled request_id=req-760cc5ff0675f5e14b508e213aca1085 method=POST path=/lingxi/v1/sessions/sess_local_alpha/execute status=200
2026-09-28T17:56:29.881025Z  INFO lingxi_service::sessions: run committed and published (post-commit) run_id=run_000001a0e9294034_000161 session_id=sess_local_alpha events=run_000001a0e9294034_000161-done input_chars=17
2026-09-28T17:56:29.881073Z  INFO lingxi_service: request handled request_id=req-ed3ead38c644d08c3526c524033598a5 method=POST path=/lingxi/v1/sessions/sess_local_alpha/execute status=200
2026-09-28T17:56:29.881181Z  INFO lingxi_service::sessions: run committed and published (post-commit) run_id=run_000001a0e9294034_000162 session_id=sess_local_alpha events=run_000001a0e9294034_000162-done input_chars=17
2026-09-28T17:56:29.881309Z  INFO lingxi_service::sessions: run committed and published (post-commit) run_id=run_000001a0e9294034_000163 session_id=sess_local_alpha events=run_000001a0e9294034_000163-done input_chars=17
2026-09-28T17:56:29.881347Z  INFO lingxi_service: request handled request_id=req-06ccc2f9c95392c5fff48d8f4f0c0047 method=POST path=/lingxi/v1/sessions/sess_local_alpha/execute status=200
2026-09-28T17:56:29.881371Z  INFO lingxi_service: request handled request_id=req-432a7729da7c81c2e45855af3710a249 method=POST path=/lingxi/v1/sessions/sess_local_alpha/execute status=200
2026-09-28T17:56:29.881476Z  INFO lingxi_service::sessions: run committed and published (post-commit) run_id=run_000001a0e9294034_000164 session_id=sess_local_alpha events=run_000001a0e9294034_000164-done input_chars=17
2026-09-28T17:56:29.881586Z  INFO lingxi_service::sessions: run committed and published (post-commit) run_id=run_000001a0e9294034_000165 session_id=sess_local_alpha events=run_000001a0e9294034_000165-done input_chars=17
2026-09-28T17:56:29.881720Z  INFO lingxi_service::sessions: run committed and published (post-commit) run_id=run_000001a0e9294035_000166 session_id=sess_local_alpha events=run_000001a0e9294035_000166-done input_chars=17
2026-09-28T17:56:29.881841Z  INFO lingxi_service::sessions: run committed and published (post-commit) run_id=run_000001a0e9294035_000167 session_id=sess_local_alpha events=run_000001a0e9294035_000167-done input_chars=17
2026-09-28T17:56:29.881877Z  INFO lingxi_service: request handled request_id=req-c160e8ad6e44d4e9b918a34cf44becb1 method=POST path=/lingxi/v1/sessions/sess_local_alpha/execute status=200
2026-09-28T17:56:29.882028Z  INFO lingxi_service::sessions: run committed and published (post-commit) run_id=run_000001a0e9294035_000168 session_id=sess_local_alpha events=run_000001a0e9294035_000168-done input_chars=17
2026-09-28T17:56:29.882063Z  INFO lingxi_service: request handled request_id=req-b043350c49610e2b307a1b298e4324c9 method=POST path=/lingxi/v1/sessions/sess_local_alpha/execute status=200
2026-09-28T17:56:29.882094Z  INFO lingxi_service: request handled request_id=req-872cd362763a14b4247d140c581b456e method=POST path=/lingxi/v1/sessions/sess_local_alpha/execute status=200
2026-09-28T17:56:29.882117Z  INFO lingxi_service: request handled request_id=req-5465624e5ab2a0805f5fd7801a1a7e70 method=POST path=/lingxi/v1/sessions/sess_local_alpha/execute status=200
2026-09-28T17:56:29.882143Z  INFO lingxi_service: request handled request_id=req-a0189ab2698e33b27e5456fa2ad579ef method=POST path=/lingxi/v1/sessions/sess_local_alpha/execute status=200
2026-09-28T17:56:29.882189Z  INFO lingxi_service: request handled request_id=req-4949aa0a94e7f3321b0464321f135bbb method=POST path=/lingxi/v1/sessions/sess_local_alpha/execute status=200
2026-09-28T17:56:29.882221Z  INFO lingxi_service: request handled request_id=req-dc3ed80c9d5c45876899d3f0828ab802 method=POST path=/lingxi/v1/sessions/sess_local_alpha/execute status=200
2026-09-28T17:56:29.882263Z  INFO lingxi_service: request handled request_id=req-16e338ca51fcfb671a7219cfe4cc6e76 method=POST path=/lingxi/v1/sessions/sess_local_alpha/execute status=200
2026-09-28T17:56:29.882280Z  INFO lingxi_service: request handled request_id=req-61322f81402c88f88525eb7a412baa06 method=POST path=/lingxi/v1/sessions/sess_local_alpha/execute status=200
2026-09-28T17:56:29.882319Z  INFO lingxi_service: request handled request_id=req-83b1fd56b679c71fffae07621cad43b9 method=POST path=/lingxi/v1/sessions/sess_local_alpha/execute status=200
2026-09-28T17:56:29.883713Z  INFO lingxi_service::sessions: run committed and published (post-commit) run_id=run_000001a0e929403b_000169 session_id=sess_local_alpha events=run_000001a0e929403b_000169-done input_chars=17
2026-09-28T17:56:29.883948Z  INFO lingxi_service: request handled request_id=req-355fab64954e6484edfbfbab8476f85d method=POST path=/lingxi/v1/sessions/sess_local_alpha/execute status=200
2026-09-28T17:56:29.884071Z  INFO lingxi_service::sessions: run committed and published (post-commit) run_id=run_000001a0e929403b_00016a session_id=sess_local_alpha events=run_000001a0e929403b_00016a-done input_chars=17
2026-09-28T17:56:29.884481Z  INFO lingxi_service: request handled request_id=req-4ec3ebc8b5886b76d52db9e10eb41063 method=POST path=/lingxi/v1/sessions/sess_local_alpha/execute status=200
2026-09-28T17:56:29.884663Z  INFO lingxi_service::sessions: run committed and published (post-commit) run_id=run_000001a0e929403b_00016b session_id=sess_local_alpha events=run_000001a0e929403b_00016b-done input_chars=17
2026-09-28T17:56:29.885350Z  INFO lingxi_service::sessions: run committed and published (post-commit) run_id=run_000001a0e929403b_00016c session_id=sess_local_alpha events=run_000001a0e929403b_00016c-done input_chars=17
2026-09-28T17:56:29.885572Z  INFO lingxi_service: request handled request_id=req-9ae031491004c40a3d7d320a3d325069 method=POST path=/lingxi/v1/sessions/sess_local_alpha/execute status=200
2026-09-28T17:56:29.885755Z  INFO lingxi_service::sessions: run committed and published (post-commit) run_id=run_000001a0e929403b_00016d session_id=sess_local_alpha events=run_000001a0e929403b_00016d-done input_chars=17
2026-09-28T17:56:29.885895Z  INFO lingxi_service::sessions: run committed and published (post-commit) run_id=run_000001a0e929403b_00016e session_id=sess_local_alpha events=run_000001a0e929403b_00016e-done input_chars=17
2026-09-28T17:56:29.886037Z  INFO lingxi_service::sessions: run committed and published (post-commit) run_id=run_000001a0e929403c_00016f session_id=sess_local_alpha events=run_000001a0e929403c_00016f-done input_chars=17
2026-09-28T17:56:29.886412Z  INFO lingxi_service: request handled request_id=req-06d920c86b61b50d392352f288a6ac93 method=POST path=/lingxi/v1/sessions/sess_local_alpha/execute status=200
2026-09-28T17:56:29.886567Z  INFO lingxi_service::sessions: run committed and published (post-commit) run_id=run_000001a0e929403c_000170 session_id=sess_local_alpha events=run_000001a0e929403c_000170-done input_chars=17
2026-09-28T17:56:29.887089Z  INFO lingxi_service: request handled request_id=req-dd979a1cfb95e1effc960ceef54bb303 method=POST path=/lingxi/v1/sessions/sess_local_alpha/execute status=200
2026-09-28T17:56:29.887122Z  INFO lingxi_service: request handled request_id=req-048a002ea9371705e86d0bd503e697e9 method=POST path=/lingxi/v1/sessions/sess_local_alpha/execute status=200
2026-09-28T17:56:29.887149Z  INFO lingxi_service: request handled request_id=req-964d18f8d7564c77e4edc9dbfb8f2577 method=POST path=/lingxi/v1/sessions/sess_local_alpha/execute status=200
2026-09-28T17:56:29.887265Z  INFO lingxi_service::sessions: run committed and published (post-commit) run_id=run_000001a0e929403c_000171 session_id=sess_local_alpha events=run_000001a0e929403c_000171-done input_chars=17
2026-09-28T17:56:29.887397Z  INFO lingxi_service::sessions: run committed and published (post-commit) run_id=run_000001a0e929403c_000172 session_id=sess_local_alpha events=run_000001a0e929403c_000172-done input_chars=17
2026-09-28T17:56:29.887776Z  INFO lingxi_service: request handled request_id=req-2c8960d867d6669c9e63b1304d3afe4c method=POST path=/lingxi/v1/sessions/sess_local_alpha/execute status=200
2026-09-28T17:56:29.887879Z  INFO lingxi_service::sessions: run committed and published (post-commit) run_id=run_000001a0e929403c_000173 session_id=sess_local_alpha events=run_000001a0e929403c_000173-done input_chars=17
2026-09-28T17:56:29.888405Z  INFO lingxi_service::sessions: run committed and published (post-commit) run_id=run_000001a0e929403c_000174 session_id=sess_local_alpha events=run_000001a0e929403c_000174-done input_chars=17
2026-09-28T17:56:29.888516Z  INFO lingxi_service::sessions: run committed and published (post-commit) run_id=run_000001a0e929403c_000175 session_id=sess_local_alpha events=run_000001a0e929403c_000175-done input_chars=17
2026-09-28T17:56:29.889182Z  INFO lingxi_service: request handled request_id=req-7ba75ac8dbd5a7cd5548885a1e4a866f method=POST path=/lingxi/v1/sessions/sess_local_alpha/execute status=200
2026-09-28T17:56:29.889210Z  INFO lingxi_service: request handled request_id=req-7a98f84463cae9781995cbe5e0294107 method=POST path=/lingxi/v1/sessions/sess_local_alpha/execute status=200
2026-09-28T17:56:29.889312Z  INFO lingxi_service::sessions: run committed and published (post-commit) run_id=run_000001a0e929403d_000176 session_id=sess_local_alpha events=run_000001a0e929403d_000176-done input_chars=17
2026-09-28T17:56:29.889428Z  INFO lingxi_service::sessions: run committed and published (post-commit) run_id=run_000001a0e929403d_000177 session_id=sess_local_alpha events=run_000001a0e929403d_000177-done input_chars=17
2026-09-28T17:56:29.889952Z  INFO lingxi_service: request handled request_id=req-d9a6d2b46d66283d42f143d36cdcfbd8 method=POST path=/lingxi/v1/sessions/sess_local_alpha/execute status=200
2026-09-28T17:56:29.890053Z  INFO lingxi_service::sessions: run committed and published (post-commit) run_id=run_000001a0e929403d_000178 session_id=sess_local_alpha events=run_000001a0e929403d_000178-done input_chars=17
2026-09-28T17:56:29.890162Z  INFO lingxi_service::sessions: run committed and published (post-commit) run_id=run_000001a0e929403d_000179 session_id=sess_local_alpha events=run_000001a0e929403d_000179-done input_chars=17
2026-09-28T17:56:29.890212Z  INFO lingxi_service: request handled request_id=req-90ff72463949db6f2a00ed8ed69b4784 method=POST path=/lingxi/v1/sessions/sess_local_alpha/execute status=200
2026-09-28T17:56:29.890230Z  INFO lingxi_service: request handled request_id=req-92461ae255579d1470f11011c4f99646 method=POST path=/lingxi/v1/sessions/sess_local_alpha/execute status=200
2026-09-28T17:56:29.890344Z  INFO lingxi_service::sessions: run committed and published (post-commit) run_id=run_000001a0e929403d_00017a session_id=sess_local_alpha events=run_000001a0e929403d_00017a-done input_chars=17
2026-09-28T17:56:29.890455Z  INFO lingxi_service::sessions: run committed and published (post-commit) run_id=run_000001a0e929403e_00017b session_id=sess_local_alpha events=run_000001a0e929403e_00017b-done input_chars=17
2026-09-28T17:56:29.890587Z  INFO lingxi_service::sessions: run committed and published (post-commit) run_id=run_000001a0e929403e_00017c session_id=sess_local_alpha events=run_000001a0e929403e_00017c-done input_chars=17
2026-09-28T17:56:29.890699Z  INFO lingxi_service::sessions: run committed and published (post-commit) run_id=run_000001a0e929403e_00017d session_id=sess_local_alpha events=run_000001a0e929403e_00017d-done input_chars=17
2026-09-28T17:56:29.890739Z  INFO lingxi_service: request handled request_id=req-d5aa11cef021a0043b12c17ce7524b71 method=POST path=/lingxi/v1/sessions/sess_local_alpha/execute status=200
2026-09-28T17:56:29.890767Z  INFO lingxi_service: request handled request_id=req-349ee8a82869928b1af5bc80dbe0d8ab method=POST path=/lingxi/v1/sessions/sess_local_alpha/execute status=200
2026-09-28T17:56:29.890878Z  INFO lingxi_service::sessions: run committed and published (post-commit) run_id=run_000001a0e929403e_00017e session_id=sess_local_alpha events=run_000001a0e929403e_00017e-done input_chars=17
2026-09-28T17:56:29.891045Z  INFO lingxi_service::sessions: run committed and published (post-commit) run_id=run_000001a0e929403e_00017f session_id=sess_local_alpha events=run_000001a0e929403e_00017f-done input_chars=17
2026-09-28T17:56:29.891209Z  INFO lingxi_service::sessions: run committed and published (post-commit) run_id=run_000001a0e929403e_000180 session_id=sess_local_alpha events=run_000001a0e929403e_000180-done input_chars=17
2026-09-28T17:56:29.891246Z  INFO lingxi_service: request handled request_id=req-859dea81567af5e4bf6b4c362a0bcab5 method=POST path=/lingxi/v1/sessions/sess_local_alpha/execute status=200
2026-09-28T17:56:29.891272Z  INFO lingxi_service: request handled request_id=req-ac317361e7f9485140a3db73ee4091c1 method=POST path=/lingxi/v1/sessions/sess_local_alpha/execute status=200
2026-09-28T17:56:29.891298Z  INFO lingxi_service: request handled request_id=req-e0aaeb183fb494da8584cd074eb0c53b method=POST path=/lingxi/v1/sessions/sess_local_alpha/execute status=200
2026-09-28T17:56:29.891332Z  INFO lingxi_service: request handled request_id=req-8b413db0671cfd852b3226365a741730 method=POST path=/lingxi/v1/sessions/sess_local_alpha/execute status=200
2026-09-28T17:56:29.891368Z  INFO lingxi_service: request handled request_id=req-f321766c8c00eeed09f9bf4c80c18ad5 method=POST path=/lingxi/v1/sessions/sess_local_alpha/execute status=200
2026-09-28T17:56:29.891397Z  INFO lingxi_service: request handled request_id=req-a1f12a66e782f629f69123e9562f18a3 method=POST path=/lingxi/v1/sessions/sess_local_alpha/execute status=200
2026-09-28T17:56:29.891419Z  INFO lingxi_service: request handled request_id=req-37d622f73198ebb20c6446d26c33e247 method=POST path=/lingxi/v1/sessions/sess_local_alpha/execute status=200
2026-09-28T17:56:29.891451Z  INFO lingxi_service: request handled request_id=req-6e67db0abce063d8e14921371e3be072 method=POST path=/lingxi/v1/sessions/sess_local_alpha/execute status=200
2026-09-28T17:56:29.891477Z  INFO lingxi_service: request handled request_id=req-2824c313efa3c78ec4c264b312c0037f method=POST path=/lingxi/v1/sessions/sess_local_alpha/execute status=200
2026-09-28T17:56:29.892691Z  INFO lingxi_service::sessions: run committed and published (post-commit) run_id=run_000001a0e9294044_000181 session_id=sess_local_alpha events=run_000001a0e9294044_000181-done input_chars=17
2026-09-28T17:56:29.892963Z  INFO lingxi_service: request handled request_id=req-7d1766ea1e889cc9f89c5aa827621fe6 method=POST path=/lingxi/v1/sessions/sess_local_alpha/execute status=200
2026-09-28T17:56:29.893106Z  INFO lingxi_service::sessions: run committed and published (post-commit) run_id=run_000001a0e9294044_000182 session_id=sess_local_alpha events=run_000001a0e9294044_000182-done input_chars=17
2026-09-28T17:56:29.893483Z  INFO lingxi_service: request handled request_id=req-9d24bdf956b41fe2f623c30ca1245fb6 method=POST path=/lingxi/v1/sessions/sess_local_alpha/execute status=200
2026-09-28T17:56:29.893611Z  INFO lingxi_service::sessions: run committed and published (post-commit) run_id=run_000001a0e9294044_000183 session_id=sess_local_alpha events=run_000001a0e9294044_000183-done input_chars=17
2026-09-28T17:56:29.893730Z  INFO lingxi_service::sessions: run committed and published (post-commit) run_id=run_000001a0e9294044_000184 session_id=sess_local_alpha events=run_000001a0e9294044_000184-done input_chars=17
2026-09-28T17:56:29.894440Z  INFO lingxi_service: request handled request_id=req-5e39242f3eff344388765ca064f8eebf method=POST path=/lingxi/v1/sessions/sess_local_alpha/execute status=200
2026-09-28T17:56:29.894467Z  INFO lingxi_service: request handled request_id=req-56881498217df4a24edd3b3f8deba592 method=POST path=/lingxi/v1/sessions/sess_local_alpha/execute status=200
2026-09-28T17:56:29.894608Z  INFO lingxi_service::sessions: run committed and published (post-commit) run_id=run_000001a0e9294045_000185 session_id=sess_local_alpha events=run_000001a0e9294045_000185-done input_chars=17
2026-09-28T17:56:29.894746Z  INFO lingxi_service::sessions: run committed and published (post-commit) run_id=run_000001a0e9294045_000186 session_id=sess_local_alpha events=run_000001a0e9294045_000186-done input_chars=17
2026-09-28T17:56:29.894890Z  INFO lingxi_service::sessions: run committed and published (post-commit) run_id=run_000001a0e9294045_000187 session_id=sess_local_alpha events=run_000001a0e9294045_000187-done input_chars=17
2026-09-28T17:56:29.895034Z  INFO lingxi_service::sessions: run committed and published (post-commit) run_id=run_000001a0e9294045_000188 session_id=sess_local_alpha events=run_000001a0e9294045_000188-done input_chars=17
2026-09-28T17:56:29.895119Z  INFO lingxi_service: request handled request_id=req-47c765d97a7e98557d584e7dea721f3c method=POST path=/lingxi/v1/sessions/sess_local_alpha/execute status=200
2026-09-28T17:56:29.895323Z  INFO lingxi_service: request handled request_id=req-f5c8895da5ef3efe9a09cacf9b3062c7 method=POST path=/lingxi/v1/sessions/sess_local_alpha/execute status=200
2026-09-28T17:56:29.895580Z  INFO lingxi_service: request handled request_id=req-0987a692669ac0e77fb2a0bf6e79649d method=POST path=/lingxi/v1/sessions/sess_local_alpha/execute status=200
2026-09-28T17:56:29.895953Z  INFO lingxi_service: request handled request_id=req-09b26faccc4428434ec8f9e7837032e4 method=POST path=/lingxi/v1/sessions/sess_local_alpha/execute status=200
2026-09-28T17:56:29.896291Z  INFO lingxi_service::sessions: run committed and published (post-commit) run_id=run_000001a0e9294046_000189 session_id=sess_local_alpha events=run_000001a0e9294046_000189-done input_chars=17
2026-09-28T17:56:29.896978Z  INFO lingxi_service::sessions: run committed and published (post-commit) run_id=run_000001a0e9294046_00018a session_id=sess_local_alpha events=run_000001a0e9294046_00018a-done input_chars=17
2026-09-28T17:56:29.897141Z  INFO lingxi_service::sessions: run committed and published (post-commit) run_id=run_000001a0e9294046_00018b session_id=sess_local_alpha events=run_000001a0e9294046_00018b-done input_chars=17
2026-09-28T17:56:29.897263Z  INFO lingxi_service::sessions: run committed and published (post-commit) run_id=run_000001a0e9294046_00018c session_id=sess_local_alpha events=run_000001a0e9294046_00018c-done input_chars=17
2026-09-28T17:56:29.897383Z  INFO lingxi_service::sessions: run committed and published (post-commit) run_id=run_000001a0e9294046_00018d session_id=sess_local_alpha events=run_000001a0e9294046_00018d-done input_chars=17
2026-09-28T17:56:29.897896Z  INFO lingxi_service: request handled request_id=req-d1b5ff859da04e3d2653a452c462f1a8 method=POST path=/lingxi/v1/sessions/sess_local_alpha/execute status=200
2026-09-28T17:56:29.897998Z  INFO lingxi_service::sessions: run committed and published (post-commit) run_id=run_000001a0e9294046_00018e session_id=sess_local_alpha events=run_000001a0e9294046_00018e-done input_chars=17
2026-09-28T17:56:29.898331Z  INFO lingxi_service: request handled request_id=req-06b7f9da9473f61696cd01d140ca4491 method=POST path=/lingxi/v1/sessions/sess_local_alpha/execute status=200
2026-09-28T17:56:29.898535Z  INFO lingxi_service: request handled request_id=req-4438ea02fb573c24fc9ac48c9e63b357 method=POST path=/lingxi/v1/sessions/sess_local_alpha/execute status=200
2026-09-28T17:56:29.898706Z  INFO lingxi_service: request handled request_id=req-1d739ece6ec86a562c99390ec38f471d method=POST path=/lingxi/v1/sessions/sess_local_alpha/execute status=200
2026-09-28T17:56:29.898747Z  INFO lingxi_service: request handled request_id=req-f2782148954c28ff52884de2875e88b6 method=POST path=/lingxi/v1/sessions/sess_local_alpha/execute status=200
2026-09-28T17:56:29.898878Z  INFO lingxi_service::sessions: run committed and published (post-commit) run_id=run_000001a0e9294047_00018f session_id=sess_local_alpha events=run_000001a0e9294047_00018f-done input_chars=17
2026-09-28T17:56:29.898990Z  INFO lingxi_service::sessions: run committed and published (post-commit) run_id=run_000001a0e9294047_000190 session_id=sess_local_alpha events=run_000001a0e9294047_000190-done input_chars=17
2026-09-28T17:56:29.899100Z  INFO lingxi_service::sessions: run committed and published (post-commit) run_id=run_000001a0e9294047_000191 session_id=sess_local_alpha events=run_000001a0e9294047_000191-done input_chars=17
2026-09-28T17:56:29.899601Z  INFO lingxi_service: request handled request_id=req-4a93767eeddb4e19d1842105256b1bc8 method=POST path=/lingxi/v1/sessions/sess_local_alpha/execute status=200
2026-09-28T17:56:29.899762Z  INFO lingxi_service::sessions: run committed and published (post-commit) run_id=run_000001a0e9294047_000192 session_id=sess_local_alpha events=run_000001a0e9294047_000192-done input_chars=17
2026-09-28T17:56:29.899887Z  INFO lingxi_service::sessions: run committed and published (post-commit) run_id=run_000001a0e9294047_000193 session_id=sess_local_alpha events=run_000001a0e9294047_000193-done input_chars=17
2026-09-28T17:56:29.899995Z  INFO lingxi_service::sessions: run committed and published (post-commit) run_id=run_000001a0e9294047_000194 session_id=sess_local_alpha events=run_000001a0e9294047_000194-done input_chars=17
2026-09-28T17:56:29.900104Z  INFO lingxi_service::sessions: run committed and published (post-commit) run_id=run_000001a0e9294047_000195 session_id=sess_local_alpha events=run_000001a0e9294047_000195-done input_chars=17
2026-09-28T17:56:29.900141Z  INFO lingxi_service: request handled request_id=req-ae8b8a1324d405ffe56460102aaf3116 method=POST path=/lingxi/v1/sessions/sess_local_alpha/execute status=200
2026-09-28T17:56:29.900170Z  INFO lingxi_service: request handled request_id=req-788c3ae16e22babc2fd5244d87c60658 method=POST path=/lingxi/v1/sessions/sess_local_alpha/execute status=200
2026-09-28T17:56:29.900200Z  INFO lingxi_service: request handled request_id=req-18ca990cc022bc29836b6478096fe1e5 method=POST path=/lingxi/v1/sessions/sess_local_alpha/execute status=200
2026-09-28T17:56:29.900308Z  INFO lingxi_service::sessions: run committed and published (post-commit) run_id=run_000001a0e9294048_000196 session_id=sess_local_alpha events=run_000001a0e9294048_000196-done input_chars=17
2026-09-28T17:56:29.900429Z  INFO lingxi_service::sessions: run committed and published (post-commit) run_id=run_000001a0e9294048_000197 session_id=sess_local_alpha events=run_000001a0e9294048_000197-done input_chars=17
2026-09-28T17:56:29.900540Z  INFO lingxi_service::sessions: run committed and published (post-commit) run_id=run_000001a0e9294048_000198 session_id=sess_local_alpha events=run_000001a0e9294048_000198-done input_chars=17
2026-09-28T17:56:29.900575Z  INFO lingxi_service: request handled request_id=req-f481377919c6585ab08ac1ff400b1eee method=POST path=/lingxi/v1/sessions/sess_local_alpha/execute status=200
2026-09-28T17:56:29.900611Z  INFO lingxi_service: request handled request_id=req-4f1c10fabe659e6e9425cff8811338a6 method=POST path=/lingxi/v1/sessions/sess_local_alpha/execute status=200
2026-09-28T17:56:29.900634Z  INFO lingxi_service: request handled request_id=req-3dd4b0ed43a8e6762df61766fdbff1f0 method=POST path=/lingxi/v1/sessions/sess_local_alpha/execute status=200
2026-09-28T17:56:29.900661Z  INFO lingxi_service: request handled request_id=req-75a991c5923c8ca54d71811bf821533a method=POST path=/lingxi/v1/sessions/sess_local_alpha/execute status=200
2026-09-28T17:56:29.900708Z  INFO lingxi_service: request handled request_id=req-186365c21cb23bd0b0a1afbaaa7f3d41 method=POST path=/lingxi/v1/sessions/sess_local_alpha/execute status=200
2026-09-28T17:56:29.900726Z  INFO lingxi_service: request handled request_id=req-9f6fbcbe50a9e00995573be80dcc873f method=POST path=/lingxi/v1/sessions/sess_local_alpha/execute status=200
2026-09-28T17:56:29.900750Z  INFO lingxi_service: request handled request_id=req-daae931520c55eee6b86f3ebe6731c33 method=POST path=/lingxi/v1/sessions/sess_local_alpha/execute status=200
2026-09-28T17:56:29.902256Z  INFO lingxi_service::sessions: run committed and published (post-commit) run_id=run_000001a0e929404d_000199 session_id=sess_local_alpha events=run_000001a0e929404d_000199-done input_chars=17
2026-09-28T17:56:29.902790Z  INFO lingxi_service: request handled request_id=req-15a9ab7cdf5e88e4c1e72fe3e98a6ac4 method=POST path=/lingxi/v1/sessions/sess_local_alpha/execute status=200
2026-09-28T17:56:29.902947Z  INFO lingxi_service::sessions: run committed and published (post-commit) run_id=run_000001a0e929404d_00019a session_id=sess_local_alpha events=run_000001a0e929404d_00019a-done input_chars=17
2026-09-28T17:56:29.903069Z  INFO lingxi_service::sessions: run committed and published (post-commit) run_id=run_000001a0e929404d_00019b session_id=sess_local_alpha events=run_000001a0e929404d_00019b-done input_chars=17
2026-09-28T17:56:29.903213Z  INFO lingxi_service::sessions: run committed and published (post-commit) run_id=run_000001a0e929404e_00019c session_id=sess_local_alpha events=run_000001a0e929404e_00019c-done input_chars=17
2026-09-28T17:56:29.903977Z  INFO lingxi_service: request handled request_id=req-0bd6c99e11f46e30a9e616d8c7e9e7df method=POST path=/lingxi/v1/sessions/sess_local_alpha/execute status=200
2026-09-28T17:56:29.904012Z  INFO lingxi_service: request handled request_id=req-05aa03cb8a40cc8f22de2cb43f00f1b8 method=POST path=/lingxi/v1/sessions/sess_local_alpha/execute status=200
2026-09-28T17:56:29.904230Z  INFO lingxi_service: request handled request_id=req-1599ee3785edeff590789cfae0775460 method=POST path=/lingxi/v1/sessions/sess_local_alpha/execute status=200
2026-09-28T17:56:29.904355Z  INFO lingxi_service::sessions: run committed and published (post-commit) run_id=run_000001a0e929404e_00019d session_id=sess_local_alpha events=run_000001a0e929404e_00019d-done input_chars=17
2026-09-28T17:56:29.904514Z  INFO lingxi_service::sessions: run committed and published (post-commit) run_id=run_000001a0e929404e_00019e session_id=sess_local_alpha events=run_000001a0e929404e_00019e-done input_chars=17
2026-09-28T17:56:29.904627Z  INFO lingxi_service::sessions: run committed and published (post-commit) run_id=run_000001a0e929404e_00019f session_id=sess_local_alpha events=run_000001a0e929404e_00019f-done input_chars=17
2026-09-28T17:56:29.904839Z  INFO lingxi_service::sessions: run committed and published (post-commit) run_id=run_000001a0e929404e_0001a0 session_id=sess_local_alpha events=run_000001a0e929404e_0001a0-done input_chars=17
2026-09-28T17:56:29.905323Z  INFO lingxi_service::sessions: run committed and published (post-commit) run_id=run_000001a0e929404e_0001a1 session_id=sess_local_alpha events=run_000001a0e929404e_0001a1-done input_chars=17
2026-09-28T17:56:29.905704Z  INFO lingxi_service: request handled request_id=req-92f57aa5e963acc933db8a2c6c819b79 method=POST path=/lingxi/v1/sessions/sess_local_alpha/execute status=200
2026-09-28T17:56:29.905734Z  INFO lingxi_service: request handled request_id=req-d759c0093f36658aa8f29e57de88ac3e method=POST path=/lingxi/v1/sessions/sess_local_alpha/execute status=200
2026-09-28T17:56:29.906127Z  INFO lingxi_service: request handled request_id=req-c755edd530c0030a8ca34a9358876f56 method=POST path=/lingxi/v1/sessions/sess_local_alpha/execute status=200
2026-09-28T17:56:29.906167Z  INFO lingxi_service: request handled request_id=req-8db24d85bc6f537c6813a66de1e1a6cb method=POST path=/lingxi/v1/sessions/sess_local_alpha/execute status=200
2026-09-28T17:56:29.906348Z  INFO lingxi_service::sessions: run committed and published (post-commit) run_id=run_000001a0e929404f_0001a2 session_id=sess_local_alpha events=run_000001a0e929404f_0001a2-done input_chars=17
2026-09-28T17:56:29.906477Z  INFO lingxi_service::sessions: run committed and published (post-commit) run_id=run_000001a0e929404f_0001a3 session_id=sess_local_alpha events=run_000001a0e929404f_0001a3-done input_chars=17
2026-09-28T17:56:29.906664Z  INFO lingxi_service: request handled request_id=req-74360cf02c488cef67b87c0494e71a6f method=POST path=/lingxi/v1/sessions/sess_local_alpha/execute status=200
2026-09-28T17:56:29.906767Z  INFO lingxi_service::sessions: run committed and published (post-commit) run_id=run_000001a0e929404f_0001a4 session_id=sess_local_alpha events=run_000001a0e929404f_0001a4-done input_chars=17
2026-09-28T17:56:29.907031Z  INFO lingxi_service::sessions: run committed and published (post-commit) run_id=run_000001a0e929404f_0001a5 session_id=sess_local_alpha events=run_000001a0e929404f_0001a5-done input_chars=17
2026-09-28T17:56:29.907299Z  INFO lingxi_service::sessions: run committed and published (post-commit) run_id=run_000001a0e929404f_0001a6 session_id=sess_local_alpha events=run_000001a0e929404f_0001a6-done input_chars=17
2026-09-28T17:56:29.907407Z  INFO lingxi_service::sessions: run committed and published (post-commit) run_id=run_000001a0e929404f_0001a7 session_id=sess_local_alpha events=run_000001a0e929404f_0001a7-done input_chars=17
2026-09-28T17:56:29.908429Z  INFO lingxi_service: request handled request_id=req-bbfa3cd92c22cc534687727affa76881 method=POST path=/lingxi/v1/sessions/sess_local_alpha/execute status=200
2026-09-28T17:56:29.908458Z  INFO lingxi_service: request handled request_id=req-b01a0873345e4003a3d754b74bc1dbdd method=POST path=/lingxi/v1/sessions/sess_local_alpha/execute status=200
2026-09-28T17:56:29.908560Z  INFO lingxi_service::sessions: run committed and published (post-commit) run_id=run_000001a0e9294050_0001a8 session_id=sess_local_alpha events=run_000001a0e9294050_0001a8-done input_chars=17
2026-09-28T17:56:29.908615Z  INFO lingxi_service: request handled request_id=req-ce4323f04f1e668bf2489b012260f94e method=POST path=/lingxi/v1/sessions/sess_local_alpha/execute status=200
2026-09-28T17:56:29.908732Z  INFO lingxi_service::sessions: run committed and published (post-commit) run_id=run_000001a0e9294050_0001a9 session_id=sess_local_alpha events=run_000001a0e9294050_0001a9-done input_chars=17
2026-09-28T17:56:29.908788Z  INFO lingxi_service: request handled request_id=req-2969c28a95796f8ec5a17ac78aa13e88 method=POST path=/lingxi/v1/sessions/sess_local_alpha/execute status=200
2026-09-28T17:56:29.908870Z  INFO lingxi_service::sessions: run committed and published (post-commit) run_id=run_000001a0e9294050_0001aa session_id=sess_local_alpha events=run_000001a0e9294050_0001aa-done input_chars=17
2026-09-28T17:56:29.908911Z  INFO lingxi_service: request handled request_id=req-24fabba8950041e29bb4920875cb7c4d method=POST path=/lingxi/v1/sessions/sess_local_alpha/execute status=200
2026-09-28T17:56:29.908942Z  INFO lingxi_service: request handled request_id=req-3d4eb4d30a628704ff3d581a7e08d9ac method=POST path=/lingxi/v1/sessions/sess_local_alpha/execute status=200
2026-09-28T17:56:29.909048Z  INFO lingxi_service::sessions: run committed and published (post-commit) run_id=run_000001a0e9294050_0001ab session_id=sess_local_alpha events=run_000001a0e9294050_0001ab-done input_chars=17
2026-09-28T17:56:29.909158Z  INFO lingxi_service::sessions: run committed and published (post-commit) run_id=run_000001a0e9294050_0001ac session_id=sess_local_alpha events=run_000001a0e9294050_0001ac-done input_chars=17
2026-09-28T17:56:29.909328Z  INFO lingxi_service::sessions: run committed and published (post-commit) run_id=run_000001a0e9294050_0001ad session_id=sess_local_alpha events=run_000001a0e9294050_0001ad-done input_chars=17
2026-09-28T17:56:29.909438Z  INFO lingxi_service::sessions: run committed and published (post-commit) run_id=run_000001a0e9294050_0001ae session_id=sess_local_alpha events=run_000001a0e9294050_0001ae-done input_chars=17
2026-09-28T17:56:29.909542Z  INFO lingxi_service::sessions: run committed and published (post-commit) run_id=run_000001a0e9294051_0001af session_id=sess_local_alpha events=run_000001a0e9294051_0001af-done input_chars=17
2026-09-28T17:56:29.909654Z  INFO lingxi_service::sessions: run committed and published (post-commit) run_id=run_000001a0e9294051_0001b0 session_id=sess_local_alpha events=run_000001a0e9294051_0001b0-done input_chars=17
2026-09-28T17:56:29.909694Z  INFO lingxi_service: request handled request_id=req-53133bbde7c022f1f0387c4f13aa17bc method=POST path=/lingxi/v1/sessions/sess_local_alpha/execute status=200
2026-09-28T17:56:29.909727Z  INFO lingxi_service: request handled request_id=req-40ae4322b448287cbb30e267d5be7087 method=POST path=/lingxi/v1/sessions/sess_local_alpha/execute status=200
2026-09-28T17:56:29.909757Z  INFO lingxi_service: request handled request_id=req-ba185e3f26755821b566bbcf72280489 method=POST path=/lingxi/v1/sessions/sess_local_alpha/execute status=200
2026-09-28T17:56:29.909787Z  INFO lingxi_service: request handled request_id=req-9155a52c22421d96680c7a4e6cd7abdb method=POST path=/lingxi/v1/sessions/sess_local_alpha/execute status=200
2026-09-28T17:56:29.909814Z  INFO lingxi_service: request handled request_id=req-024858d2138ec333cc8445d31bd2eb6c method=POST path=/lingxi/v1/sessions/sess_local_alpha/execute status=200
2026-09-28T17:56:29.909842Z  INFO lingxi_service: request handled request_id=req-1c82331cbc8ba2742d156d684c9047bc method=POST path=/lingxi/v1/sessions/sess_local_alpha/execute status=200
2026-09-28T17:56:29.909871Z  INFO lingxi_service: request handled request_id=req-553c9b9582ebc3dcc0513ab06fb03cdb method=POST path=/lingxi/v1/sessions/sess_local_alpha/execute status=200
2026-09-28T17:56:29.909910Z  INFO lingxi_service: request handled request_id=req-d51867386c4861aedb95b3ba43ce3169 method=POST path=/lingxi/v1/sessions/sess_local_alpha/execute status=200
2026-09-28T17:56:29.909942Z  INFO lingxi_service: request handled request_id=req-35bbc45581c6b70ee60ea25f311f36e5 method=POST path=/lingxi/v1/sessions/sess_local_alpha/execute status=200
2026-09-28T17:56:29.911881Z  INFO lingxi_service::sessions: run committed and published (post-commit) run_id=run_000001a0e9294057_0001b1 session_id=sess_local_alpha events=run_000001a0e9294057_0001b1-done input_chars=17
2026-09-28T17:56:29.912037Z  INFO lingxi_service::sessions: run committed and published (post-commit) run_id=run_000001a0e9294057_0001b2 session_id=sess_local_alpha events=run_000001a0e9294057_0001b2-done input_chars=17
2026-09-28T17:56:29.913174Z  INFO lingxi_service: request handled request_id=req-1eb41b014019cec108900de370047808 method=POST path=/lingxi/v1/sessions/sess_local_alpha/execute status=200
2026-09-28T17:56:29.913228Z  INFO lingxi_service: request handled request_id=req-9841604fa63fc82f414429b780b8f8f6 method=POST path=/lingxi/v1/sessions/sess_local_alpha/execute status=200
2026-09-28T17:56:29.913419Z  INFO lingxi_service::sessions: run committed and published (post-commit) run_id=run_000001a0e9294057_0001b3 session_id=sess_local_alpha events=run_000001a0e9294057_0001b3-done input_chars=17
2026-09-28T17:56:29.913582Z  INFO lingxi_service::sessions: run committed and published (post-commit) run_id=run_000001a0e9294057_0001b4 session_id=sess_local_alpha events=run_000001a0e9294057_0001b4-done input_chars=17
2026-09-28T17:56:29.913749Z  INFO lingxi_service::sessions: run committed and published (post-commit) run_id=run_000001a0e9294057_0001b5 session_id=sess_local_alpha events=run_000001a0e9294057_0001b5-done input_chars=17
2026-09-28T17:56:29.913897Z  INFO lingxi_service::sessions: run committed and published (post-commit) run_id=run_000001a0e9294057_0001b6 session_id=sess_local_alpha events=run_000001a0e9294057_0001b6-done input_chars=17
2026-09-28T17:56:29.914229Z  INFO lingxi_service::sessions: run committed and published (post-commit) run_id=run_000001a0e9294057_0001b7 session_id=sess_local_alpha events=run_000001a0e9294057_0001b7-done input_chars=17
2026-09-28T17:56:29.914349Z  INFO lingxi_service::sessions: run committed and published (post-commit) run_id=run_000001a0e9294057_0001b8 session_id=sess_local_alpha events=run_000001a0e9294057_0001b8-done input_chars=17
2026-09-28T17:56:29.915020Z  INFO lingxi_service: request handled request_id=req-d6fbae10afb37ac7e5f62f598e8c9a77 method=POST path=/lingxi/v1/sessions/sess_local_alpha/execute status=200
2026-09-28T17:56:29.915061Z  INFO lingxi_service: request handled request_id=req-5603e1c6e81f69e8c8b2cd0460eb91f8 method=POST path=/lingxi/v1/sessions/sess_local_alpha/execute status=200
2026-09-28T17:56:29.915100Z  INFO lingxi_service: request handled request_id=req-5db25605744dcc3814397d7ab28754d2 method=POST path=/lingxi/v1/sessions/sess_local_alpha/execute status=200
2026-09-28T17:56:29.915324Z  INFO lingxi_service: request handled request_id=req-97d7a025bacf92949bbf050d5509c7f9 method=POST path=/lingxi/v1/sessions/sess_local_alpha/execute status=200
2026-09-28T17:56:29.915474Z  INFO lingxi_service::sessions: run committed and published (post-commit) run_id=run_000001a0e9294057_0001b9 session_id=sess_local_alpha events=run_000001a0e9294057_0001b9-done input_chars=17
2026-09-28T17:56:29.915668Z  INFO lingxi_service: request handled request_id=req-4a656dad56ca37f771733d0c152ce533 method=POST path=/lingxi/v1/sessions/sess_local_alpha/execute status=200
2026-09-28T17:56:29.915853Z  INFO lingxi_service: request handled request_id=req-2a8cc608d32b2c975caeb68bd92f1b22 method=POST path=/lingxi/v1/sessions/sess_local_alpha/execute status=200
2026-09-28T17:56:29.915961Z  INFO lingxi_service::sessions: run committed and published (post-commit) run_id=run_000001a0e9294058_0001ba session_id=sess_local_alpha events=run_000001a0e9294058_0001ba-done input_chars=17
2026-09-28T17:56:29.916077Z  INFO lingxi_service::sessions: run committed and published (post-commit) run_id=run_000001a0e9294058_0001bb session_id=sess_local_alpha events=run_000001a0e9294058_0001bb-done input_chars=17
2026-09-28T17:56:29.916186Z  INFO lingxi_service::sessions: run committed and published (post-commit) run_id=run_000001a0e9294058_0001bc session_id=sess_local_alpha events=run_000001a0e9294058_0001bc-done input_chars=17
2026-09-28T17:56:29.916494Z  INFO lingxi_service::sessions: run committed and published (post-commit) run_id=run_000001a0e9294058_0001bd session_id=sess_local_alpha events=run_000001a0e9294058_0001bd-done input_chars=17
2026-09-28T17:56:29.916886Z  INFO lingxi_service::sessions: run committed and published (post-commit) run_id=run_000001a0e9294058_0001be session_id=sess_local_alpha events=run_000001a0e9294058_0001be-done input_chars=17
2026-09-28T17:56:29.918160Z  INFO lingxi_service: request handled request_id=req-7aaac868de5c27c442d66df26840623b method=POST path=/lingxi/v1/sessions/sess_local_alpha/execute status=200
2026-09-28T17:56:29.918272Z  INFO lingxi_service::sessions: run committed and published (post-commit) run_id=run_000001a0e9294059_0001bf session_id=sess_local_alpha events=run_000001a0e9294059_0001bf-done input_chars=17
2026-09-28T17:56:29.918383Z  INFO lingxi_service::sessions: run committed and published (post-commit) run_id=run_000001a0e9294059_0001c0 session_id=sess_local_alpha events=run_000001a0e9294059_0001c0-done input_chars=17
2026-09-28T17:56:29.918422Z  INFO lingxi_service: request handled request_id=req-ea075f26bae636ca0cea58e8915d93bf method=POST path=/lingxi/v1/sessions/sess_local_alpha/execute status=200
2026-09-28T17:56:29.918454Z  INFO lingxi_service: request handled request_id=req-618f1fa273a2e8ced1827749d3309fb3 method=POST path=/lingxi/v1/sessions/sess_local_alpha/execute status=200
2026-09-28T17:56:29.918480Z  INFO lingxi_service: request handled request_id=req-7dbb2b86cd2dac0befec506a179a1196 method=POST path=/lingxi/v1/sessions/sess_local_alpha/execute status=200
2026-09-28T17:56:29.918589Z  INFO lingxi_service::sessions: run committed and published (post-commit) run_id=run_000001a0e9294059_0001c1 session_id=sess_local_alpha events=run_000001a0e9294059_0001c1-done input_chars=17
2026-09-28T17:56:29.918629Z  INFO lingxi_service: request handled request_id=req-8593365b2a91c095b0dc6048ea11c1c9 method=POST path=/lingxi/v1/sessions/sess_local_alpha/execute status=200
2026-09-28T17:56:29.918745Z  INFO lingxi_service::sessions: run committed and published (post-commit) run_id=run_000001a0e9294059_0001c2 session_id=sess_local_alpha events=run_000001a0e9294059_0001c2-done input_chars=17
2026-09-28T17:56:29.918856Z  INFO lingxi_service::sessions: run committed and published (post-commit) run_id=run_000001a0e9294059_0001c3 session_id=sess_local_alpha events=run_000001a0e9294059_0001c3-done input_chars=17
2026-09-28T17:56:29.918897Z  INFO lingxi_service: request handled request_id=req-092d3aa3ce46b601903979aa663eba99 method=POST path=/lingxi/v1/sessions/sess_local_alpha/execute status=200
2026-09-28T17:56:29.918999Z  INFO lingxi_service::sessions: run committed and published (post-commit) run_id=run_000001a0e9294059_0001c4 session_id=sess_local_alpha events=run_000001a0e9294059_0001c4-done input_chars=17
2026-09-28T17:56:29.919106Z  INFO lingxi_service::sessions: run committed and published (post-commit) run_id=run_000001a0e929405a_0001c5 session_id=sess_local_alpha events=run_000001a0e929405a_0001c5-done input_chars=17
2026-09-28T17:56:29.919225Z  INFO lingxi_service::sessions: run committed and published (post-commit) run_id=run_000001a0e929405a_0001c6 session_id=sess_local_alpha events=run_000001a0e929405a_0001c6-done input_chars=17
2026-09-28T17:56:29.919335Z  INFO lingxi_service::sessions: run committed and published (post-commit) run_id=run_000001a0e929405a_0001c7 session_id=sess_local_alpha events=run_000001a0e929405a_0001c7-done input_chars=17
2026-09-28T17:56:29.919442Z  INFO lingxi_service::sessions: run committed and published (post-commit) run_id=run_000001a0e929405a_0001c8 session_id=sess_local_alpha events=run_000001a0e929405a_0001c8-done input_chars=17
2026-09-28T17:56:29.919478Z  INFO lingxi_service: request handled request_id=req-cb7f42d857ee9a7b7c159f3df897f84e method=POST path=/lingxi/v1/sessions/sess_local_alpha/execute status=200
2026-09-28T17:56:29.919513Z  INFO lingxi_service: request handled request_id=req-6d503a0d7f5a245dd34fc7ab94a3555d method=POST path=/lingxi/v1/sessions/sess_local_alpha/execute status=200
2026-09-28T17:56:29.919541Z  INFO lingxi_service: request handled request_id=req-c53b9ab6747403ee1f820b26d264111d method=POST path=/lingxi/v1/sessions/sess_local_alpha/execute status=200
2026-09-28T17:56:29.919573Z  INFO lingxi_service: request handled request_id=req-4b3040e24c18abf90c0a92e7a1d5d0e8 method=POST path=/lingxi/v1/sessions/sess_local_alpha/execute status=200
2026-09-28T17:56:29.919604Z  INFO lingxi_service: request handled request_id=req-e7f87fff9615944d984ede1813a329a4 method=POST path=/lingxi/v1/sessions/sess_local_alpha/execute status=200
2026-09-28T17:56:29.919639Z  INFO lingxi_service: request handled request_id=req-b2ec9cdfe62f4e2e7b31952925c3b4fa method=POST path=/lingxi/v1/sessions/sess_local_alpha/execute status=200
2026-09-28T17:56:29.919681Z  INFO lingxi_service: request handled request_id=req-c57d04f85a56fb26fa6190979167e050 method=POST path=/lingxi/v1/sessions/sess_local_alpha/execute status=200
2026-09-28T17:56:29.919722Z  INFO lingxi_service: request handled request_id=req-b3aaadbb15908c90bfe32bceb864d073 method=POST path=/lingxi/v1/sessions/sess_local_alpha/execute status=200
2026-09-28T17:56:29.919734Z  INFO lingxi_service: request handled request_id=req-bcec3f248eeef541ff05d10f65513629 method=POST path=/lingxi/v1/sessions/sess_local_alpha/execute status=200
2026-09-28T17:56:29.919767Z  INFO lingxi_service: request handled request_id=req-c4887130c532e5953c3e04c2138b1282 method=POST path=/lingxi/v1/sessions/sess_local_alpha/execute status=200
2026-09-28T17:56:29.921361Z  INFO lingxi_service::sessions: run committed and published (post-commit) run_id=run_000001a0e9294060_0001c9 session_id=sess_local_alpha events=run_000001a0e9294060_0001c9-done input_chars=17
2026-09-28T17:56:29.921496Z  INFO lingxi_service::sessions: run committed and published (post-commit) run_id=run_000001a0e9294060_0001ca session_id=sess_local_alpha events=run_000001a0e9294060_0001ca-done input_chars=17
2026-09-28T17:56:29.922366Z  INFO lingxi_service: request handled request_id=req-5c35a4dec12f6977596041ce01b09a57 method=POST path=/lingxi/v1/sessions/sess_local_alpha/execute status=200
2026-09-28T17:56:29.922415Z  INFO lingxi_service: request handled request_id=req-8dcc0bb132525948efc2781341698450 method=POST path=/lingxi/v1/sessions/sess_local_alpha/execute status=200
2026-09-28T17:56:29.922553Z  INFO lingxi_service::sessions: run committed and published (post-commit) run_id=run_000001a0e9294060_0001cb session_id=sess_local_alpha events=run_000001a0e9294060_0001cb-done input_chars=17
2026-09-28T17:56:29.922700Z  INFO lingxi_service::sessions: run committed and published (post-commit) run_id=run_000001a0e9294061_0001cc session_id=sess_local_alpha events=run_000001a0e9294061_0001cc-done input_chars=17
2026-09-28T17:56:29.922858Z  INFO lingxi_service::sessions: run committed and published (post-commit) run_id=run_000001a0e9294061_0001cd session_id=sess_local_alpha events=run_000001a0e9294061_0001cd-done input_chars=17
2026-09-28T17:56:29.922997Z  INFO lingxi_service::sessions: run committed and published (post-commit) run_id=run_000001a0e9294061_0001ce session_id=sess_local_alpha events=run_000001a0e9294061_0001ce-done input_chars=17
2026-09-28T17:56:29.923400Z  INFO lingxi_service: request handled request_id=req-fb975f64c737271ea86152c12b783efd method=POST path=/lingxi/v1/sessions/sess_local_alpha/execute status=200
2026-09-28T17:56:29.923983Z  INFO lingxi_service: request handled request_id=req-f27a41d1194dcf0275ec9c61d1509616 method=POST path=/lingxi/v1/sessions/sess_local_alpha/execute status=200
2026-09-28T17:56:29.924256Z  INFO lingxi_service: request handled request_id=req-64ad69784009508c791434392e350fcb method=POST path=/lingxi/v1/sessions/sess_local_alpha/execute status=200
2026-09-28T17:56:29.924301Z  INFO lingxi_service: request handled request_id=req-ab80abf3e192d034dc0caed21f5a1637 method=POST path=/lingxi/v1/sessions/sess_local_alpha/execute status=200
2026-09-28T17:56:29.924423Z  INFO lingxi_service::sessions: run committed and published (post-commit) run_id=run_000001a0e9294061_0001cf session_id=sess_local_alpha events=run_000001a0e9294061_0001cf-done input_chars=17
2026-09-28T17:56:29.924586Z  INFO lingxi_service::sessions: run committed and published (post-commit) run_id=run_000001a0e9294061_0001d0 session_id=sess_local_alpha events=run_000001a0e9294061_0001d0-done input_chars=17
2026-09-28T17:56:29.924849Z  INFO lingxi_service::sessions: run committed and published (post-commit) run_id=run_000001a0e9294061_0001d1 session_id=sess_local_alpha events=run_000001a0e9294061_0001d1-done input_chars=17
2026-09-28T17:56:29.924966Z  INFO lingxi_service::sessions: run committed and published (post-commit) run_id=run_000001a0e9294061_0001d2 session_id=sess_local_alpha events=run_000001a0e9294061_0001d2-done input_chars=17
2026-09-28T17:56:29.925072Z  INFO lingxi_service::sessions: run committed and published (post-commit) run_id=run_000001a0e9294062_0001d3 session_id=sess_local_alpha events=run_000001a0e9294062_0001d3-done input_chars=17
2026-09-28T17:56:29.925372Z  INFO lingxi_service::sessions: run committed and published (post-commit) run_id=run_000001a0e9294062_0001d4 session_id=sess_local_alpha events=run_000001a0e9294062_0001d4-done input_chars=17
2026-09-28T17:56:29.926022Z  INFO lingxi_service: request handled request_id=req-531f35d6a092b8466b99515162322238 method=POST path=/lingxi/v1/sessions/sess_local_alpha/execute status=200
2026-09-28T17:56:29.926052Z  INFO lingxi_service: request handled request_id=req-42ca3f4eb594c8bc6352face75ca81b4 method=POST path=/lingxi/v1/sessions/sess_local_alpha/execute status=200
2026-09-28T17:56:29.926155Z  INFO lingxi_service::sessions: run committed and published (post-commit) run_id=run_000001a0e9294062_0001d5 session_id=sess_local_alpha events=run_000001a0e9294062_0001d5-done input_chars=17
2026-09-28T17:56:29.926391Z  INFO lingxi_service: request handled request_id=req-ac9f44df249a96fe5fe7ebc6594b9b95 method=POST path=/lingxi/v1/sessions/sess_local_alpha/execute status=200
2026-09-28T17:56:29.926426Z  INFO lingxi_service: request handled request_id=req-1c7827b07cac7b32d179d15402b840fe method=POST path=/lingxi/v1/sessions/sess_local_alpha/execute status=200
2026-09-28T17:56:29.926456Z  INFO lingxi_service: request handled request_id=req-aacf23b918cb9e48e1dd903171ec926a method=POST path=/lingxi/v1/sessions/sess_local_alpha/execute status=200
2026-09-28T17:56:29.926566Z  INFO lingxi_service::sessions: run committed and published (post-commit) run_id=run_000001a0e9294062_0001d6 session_id=sess_local_alpha events=run_000001a0e9294062_0001d6-done input_chars=17
2026-09-28T17:56:29.927072Z  INFO lingxi_service: request handled request_id=req-e10adaf83ef347d342c9c61503c5d657 method=POST path=/lingxi/v1/sessions/sess_local_alpha/execute status=200
2026-09-28T17:56:29.927178Z  INFO lingxi_service::sessions: run committed and published (post-commit) run_id=run_000001a0e9294062_0001d7 session_id=sess_local_alpha events=run_000001a0e9294062_0001d7-done input_chars=17
2026-09-28T17:56:29.927286Z  INFO lingxi_service::sessions: run committed and published (post-commit) run_id=run_000001a0e9294062_0001d8 session_id=sess_local_alpha events=run_000001a0e9294062_0001d8-done input_chars=17
2026-09-28T17:56:29.927722Z  INFO lingxi_service::sessions: run committed and published (post-commit) run_id=run_000001a0e9294063_0001d9 session_id=sess_local_alpha events=run_000001a0e9294063_0001d9-done input_chars=17
2026-09-28T17:56:29.927832Z  INFO lingxi_service::sessions: run committed and published (post-commit) run_id=run_000001a0e9294063_0001da session_id=sess_local_alpha events=run_000001a0e9294063_0001da-done input_chars=17
2026-09-28T17:56:29.927868Z  INFO lingxi_service: request handled request_id=req-0259867f05615a1e906ef7a9f87cc655 method=POST path=/lingxi/v1/sessions/sess_local_alpha/execute status=200
2026-09-28T17:56:29.927985Z  INFO lingxi_service::sessions: run committed and published (post-commit) run_id=run_000001a0e9294063_0001db session_id=sess_local_alpha events=run_000001a0e9294063_0001db-done input_chars=17
2026-09-28T17:56:29.928025Z  INFO lingxi_service: request handled request_id=req-bdb5d88ba38d533b9ba2b7a554954de9 method=POST path=/lingxi/v1/sessions/sess_local_alpha/execute status=200
2026-09-28T17:56:29.928126Z  INFO lingxi_service::sessions: run committed and published (post-commit) run_id=run_000001a0e9294064_0001dc session_id=sess_local_alpha events=run_000001a0e9294064_0001dc-done input_chars=17
2026-09-28T17:56:29.928246Z  INFO lingxi_service::sessions: run committed and published (post-commit) run_id=run_000001a0e9294064_0001dd session_id=sess_local_alpha events=run_000001a0e9294064_0001dd-done input_chars=17
2026-09-28T17:56:29.928372Z  INFO lingxi_service::sessions: run committed and published (post-commit) run_id=run_000001a0e9294064_0001de session_id=sess_local_alpha events=run_000001a0e9294064_0001de-done input_chars=17
2026-09-28T17:56:29.928413Z  INFO lingxi_service: request handled request_id=req-4ca4bbcd60d8b1d2429377e77defa96b method=POST path=/lingxi/v1/sessions/sess_local_alpha/execute status=200
2026-09-28T17:56:29.928447Z  INFO lingxi_service: request handled request_id=req-7c466e848db06a194ea56b11832d3351 method=POST path=/lingxi/v1/sessions/sess_local_alpha/execute status=200
2026-09-28T17:56:29.928560Z  INFO lingxi_service::sessions: run committed and published (post-commit) run_id=run_000001a0e9294064_0001df session_id=sess_local_alpha events=run_000001a0e9294064_0001df-done input_chars=17
2026-09-28T17:56:29.928669Z  INFO lingxi_service::sessions: run committed and published (post-commit) run_id=run_000001a0e9294064_0001e0 session_id=sess_local_alpha events=run_000001a0e9294064_0001e0-done input_chars=17
2026-09-28T17:56:29.928705Z  INFO lingxi_service: request handled request_id=req-d4c9805520befdb7963a8e3568827064 method=POST path=/lingxi/v1/sessions/sess_local_alpha/execute status=200
2026-09-28T17:56:29.928739Z  INFO lingxi_service: request handled request_id=req-2e1a362e96c3747424e05fbd028b7f1e method=POST path=/lingxi/v1/sessions/sess_local_alpha/execute status=200
2026-09-28T17:56:29.928769Z  INFO lingxi_service: request handled request_id=req-9d42770ef38fe67c116b0a738e680ee0 method=POST path=/lingxi/v1/sessions/sess_local_alpha/execute status=200
2026-09-28T17:56:29.928801Z  INFO lingxi_service: request handled request_id=req-e56e13488424cf818096ef63f1d7824d method=POST path=/lingxi/v1/sessions/sess_local_alpha/execute status=200
2026-09-28T17:56:29.928835Z  INFO lingxi_service: request handled request_id=req-16abec9d326637a494beecd5b57a67bf method=POST path=/lingxi/v1/sessions/sess_local_alpha/execute status=200
2026-09-28T17:56:29.928877Z  INFO lingxi_service: request handled request_id=req-4eb28e1a1ca4356a46261fc1513cecef method=POST path=/lingxi/v1/sessions/sess_local_alpha/execute status=200
2026-09-28T17:56:29.928919Z  INFO lingxi_service: request handled request_id=req-657c1a507284e2536686618e93318230 method=POST path=/lingxi/v1/sessions/sess_local_alpha/execute status=200
2026-09-28T17:56:29.928965Z  INFO lingxi_service: request handled request_id=req-6880f0901a5cfcd8fb03e2ffac2c661e method=POST path=/lingxi/v1/sessions/sess_local_alpha/execute status=200
2026-09-28T17:56:29.930342Z  INFO lingxi_service::sessions: run committed and published (post-commit) run_id=run_000001a0e9294069_0001e1 session_id=sess_local_alpha events=run_000001a0e9294069_0001e1-done input_chars=17
2026-09-28T17:56:29.931081Z  INFO lingxi_service: request handled request_id=req-d1b11d3c0ce9883e47f29e05139a5fd7 method=POST path=/lingxi/v1/sessions/sess_local_alpha/execute status=200
2026-09-28T17:56:29.931192Z  INFO lingxi_service::sessions: run committed and published (post-commit) run_id=run_000001a0e9294069_0001e2 session_id=sess_local_alpha events=run_000001a0e9294069_0001e2-done input_chars=17
2026-09-28T17:56:29.931331Z  INFO lingxi_service::sessions: run committed and published (post-commit) run_id=run_000001a0e9294069_0001e3 session_id=sess_local_alpha events=run_000001a0e9294069_0001e3-done input_chars=17
2026-09-28T17:56:29.931463Z  INFO lingxi_service::sessions: run committed and published (post-commit) run_id=run_000001a0e9294069_0001e4 session_id=sess_local_alpha events=run_000001a0e9294069_0001e4-done input_chars=17
2026-09-28T17:56:29.931790Z  INFO lingxi_service::sessions: run committed and published (post-commit) run_id=run_000001a0e929406a_0001e5 session_id=sess_local_alpha events=run_000001a0e929406a_0001e5-done input_chars=17
2026-09-28T17:56:29.931857Z  INFO lingxi_service: request handled request_id=req-62241352c4afed01030dabb3ba2d068b method=POST path=/lingxi/v1/sessions/sess_local_alpha/execute status=200
2026-09-28T17:56:29.932063Z  INFO lingxi_service: request handled request_id=req-003e06a04c92d9fc98919d0eb17cbf4c method=POST path=/lingxi/v1/sessions/sess_local_alpha/execute status=200
2026-09-28T17:56:29.932109Z  INFO lingxi_service: request handled request_id=req-e8312add3c222e096fd7a925fc9fd502 method=POST path=/lingxi/v1/sessions/sess_local_alpha/execute status=200
2026-09-28T17:56:29.932338Z  INFO lingxi_service::sessions: run committed and published (post-commit) run_id=run_000001a0e929406a_0001e6 session_id=sess_local_alpha events=run_000001a0e929406a_0001e6-done input_chars=17
2026-09-28T17:56:29.932738Z  INFO lingxi_service: request handled request_id=req-a20d02ca74beb9f68d4548b2a851a559 method=POST path=/lingxi/v1/sessions/sess_local_alpha/execute status=200
2026-09-28T17:56:29.932878Z  INFO lingxi_service::sessions: run committed and published (post-commit) run_id=run_000001a0e929406a_0001e7 session_id=sess_local_alpha events=run_000001a0e929406a_0001e7-done input_chars=17
2026-09-28T17:56:29.933716Z  INFO lingxi_service: request handled request_id=req-1ff64a2d53ff7fac2ef8697e5c8cdd44 method=POST path=/lingxi/v1/sessions/sess_local_alpha/execute status=200
2026-09-28T17:56:29.933845Z  INFO lingxi_service::sessions: run committed and published (post-commit) run_id=run_000001a0e929406a_0001e8 session_id=sess_local_alpha events=run_000001a0e929406a_0001e8-done input_chars=17
2026-09-28T17:56:29.933980Z  INFO lingxi_service::sessions: run committed and published (post-commit) run_id=run_000001a0e929406b_0001e9 session_id=sess_local_alpha events=run_000001a0e929406b_0001e9-done input_chars=17
2026-09-28T17:56:29.934490Z  INFO lingxi_service: request handled request_id=req-bdfdf7b3991a858397008d686ee6ddfa method=POST path=/lingxi/v1/sessions/sess_local_alpha/execute status=200
2026-09-28T17:56:29.934593Z  INFO lingxi_service::sessions: run committed and published (post-commit) run_id=run_000001a0e929406b_0001ea session_id=sess_local_alpha events=run_000001a0e929406b_0001ea-done input_chars=17
2026-09-28T17:56:29.934761Z  INFO lingxi_service::sessions: run committed and published (post-commit) run_id=run_000001a0e929406b_0001eb session_id=sess_local_alpha events=run_000001a0e929406b_0001eb-done input_chars=17
2026-09-28T17:56:29.934889Z  INFO lingxi_service::sessions: run committed and published (post-commit) run_id=run_000001a0e929406b_0001ec session_id=sess_local_alpha events=run_000001a0e929406b_0001ec-done input_chars=17
2026-09-28T17:56:29.935005Z  INFO lingxi_service::sessions: run committed and published (post-commit) run_id=run_000001a0e929406b_0001ed session_id=sess_local_alpha events=run_000001a0e929406b_0001ed-done input_chars=17
2026-09-28T17:56:29.935137Z  INFO lingxi_service::sessions: run committed and published (post-commit) run_id=run_000001a0e929406b_0001ee session_id=sess_local_alpha events=run_000001a0e929406b_0001ee-done input_chars=17
2026-09-28T17:56:29.935641Z  INFO lingxi_service: request handled request_id=req-1dacd371ef776092e4de8fd8e2c9a11a method=POST path=/lingxi/v1/sessions/sess_local_alpha/execute status=200
2026-09-28T17:56:29.935675Z  INFO lingxi_service: request handled request_id=req-09813b3628089bf3ec0f12999006b411 method=POST path=/lingxi/v1/sessions/sess_local_alpha/execute status=200
2026-09-28T17:56:29.935819Z  INFO lingxi_service::sessions: run committed and published (post-commit) run_id=run_000001a0e929406b_0001ef session_id=sess_local_alpha events=run_000001a0e929406b_0001ef-done input_chars=17
2026-09-28T17:56:29.935926Z  INFO lingxi_service::sessions: run committed and published (post-commit) run_id=run_000001a0e929406b_0001f0 session_id=sess_local_alpha events=run_000001a0e929406b_0001f0-done input_chars=17
2026-09-28T17:56:29.936036Z  INFO lingxi_service::sessions: run committed and published (post-commit) run_id=run_000001a0e929406b_0001f1 session_id=sess_local_alpha events=run_000001a0e929406b_0001f1-done input_chars=17
2026-09-28T17:56:29.936412Z  INFO lingxi_service: request handled request_id=req-f87182c2bfead32ed37a033386ef9b0d method=POST path=/lingxi/v1/sessions/sess_local_alpha/execute status=200
2026-09-28T17:56:29.936809Z  INFO lingxi_service: request handled request_id=req-01422b0d8c35eaf1dca52f562722bdda method=POST path=/lingxi/v1/sessions/sess_local_alpha/execute status=200
2026-09-28T17:56:29.936843Z  INFO lingxi_service: request handled request_id=req-1c5e6dbb5668c1fc1e00e7fa5ac70221 method=POST path=/lingxi/v1/sessions/sess_local_alpha/execute status=200
2026-09-28T17:56:29.936875Z  INFO lingxi_service: request handled request_id=req-0a195c59d6951d31284ff01f2500adf8 method=POST path=/lingxi/v1/sessions/sess_local_alpha/execute status=200
2026-09-28T17:56:29.936910Z  INFO lingxi_service: request handled request_id=req-8a81473b75d78677685ecb9957cbe11a method=POST path=/lingxi/v1/sessions/sess_local_alpha/execute status=200
2026-09-28T17:56:29.937080Z  INFO lingxi_service::sessions: run committed and published (post-commit) run_id=run_000001a0e929406c_0001f2 session_id=sess_local_alpha events=run_000001a0e929406c_0001f2-done input_chars=17
2026-09-28T17:56:29.937200Z  INFO lingxi_service::sessions: run committed and published (post-commit) run_id=run_000001a0e929406c_0001f3 session_id=sess_local_alpha events=run_000001a0e929406c_0001f3-done input_chars=17
2026-09-28T17:56:29.937306Z  INFO lingxi_service::sessions: run committed and published (post-commit) run_id=run_000001a0e929406c_0001f4 session_id=sess_local_alpha events=run_000001a0e929406c_0001f4-done input_chars=17
2026-09-28T17:56:29.937343Z  INFO lingxi_service: request handled request_id=req-182affd72a28b113eac20f7ee0d815bc method=POST path=/lingxi/v1/sessions/sess_local_alpha/execute status=200
2026-09-28T17:56:29.937382Z  INFO lingxi_service: request handled request_id=req-84ddb6cf14e8bc5c10af6f100c091580 method=POST path=/lingxi/v1/sessions/sess_local_alpha/execute status=200
2026-09-28T17:56:29.937411Z  INFO lingxi_service: request handled request_id=req-2701b4355d9d85f33f4c71e70ed1c3ff method=POST path=/lingxi/v1/sessions/sess_local_alpha/execute status=200
2026-09-28T17:56:29.937523Z  INFO lingxi_service::sessions: run committed and published (post-commit) run_id=run_000001a0e929406d_0001f5 session_id=sess_local_alpha events=run_000001a0e929406d_0001f5-done input_chars=17
2026-09-28T17:56:29.937634Z  INFO lingxi_service::sessions: run committed and published (post-commit) run_id=run_000001a0e929406d_0001f6 session_id=sess_local_alpha events=run_000001a0e929406d_0001f6-done input_chars=17
2026-09-28T17:56:29.937758Z  INFO lingxi_service::sessions: run committed and published (post-commit) run_id=run_000001a0e929406d_0001f7 session_id=sess_local_alpha events=run_000001a0e929406d_0001f7-done input_chars=17
2026-09-28T17:56:29.937871Z  INFO lingxi_service::sessions: run committed and published (post-commit) run_id=run_000001a0e929406d_0001f8 session_id=sess_local_alpha events=run_000001a0e929406d_0001f8-done input_chars=17
2026-09-28T17:56:29.937913Z  INFO lingxi_service: request handled request_id=req-b5c79a96f1fa758c49ce291c6a5bf317 method=POST path=/lingxi/v1/sessions/sess_local_alpha/execute status=200
2026-09-28T17:56:29.937949Z  INFO lingxi_service: request handled request_id=req-c0c3b2a5a8add646505e937d7582c757 method=POST path=/lingxi/v1/sessions/sess_local_alpha/execute status=200
2026-09-28T17:56:29.937980Z  INFO lingxi_service: request handled request_id=req-3a7b6292921496427301f54f9a134088 method=POST path=/lingxi/v1/sessions/sess_local_alpha/execute status=200
2026-09-28T17:56:29.938012Z  INFO lingxi_service: request handled request_id=req-a685135d1442b702008954fb08239999 method=POST path=/lingxi/v1/sessions/sess_local_alpha/execute status=200
2026-09-28T17:56:29.938046Z  INFO lingxi_service: request handled request_id=req-84c098efeab856b1fcf2f3a802e1ccbc method=POST path=/lingxi/v1/sessions/sess_local_alpha/execute status=200
2026-09-28T17:56:29.938085Z  INFO lingxi_service: request handled request_id=req-a8ab57e07b6e87f7213bd5ab34662e6d method=POST path=/lingxi/v1/sessions/sess_local_alpha/execute status=200
2026-09-28T17:56:29.938112Z  INFO lingxi_service: request handled request_id=req-a2384a0512b621ad66c7b8c9bb33e2ac method=POST path=/lingxi/v1/sessions/sess_local_alpha/execute status=200
2026-09-28T17:56:29.939317Z  INFO lingxi_service::sessions: run committed and published (post-commit) run_id=run_000001a0e9294072_0001f9 session_id=sess_local_alpha events=run_000001a0e9294072_0001f9-done input_chars=17
2026-09-28T17:56:29.940450Z  INFO lingxi_service: request handled request_id=req-64b38fef2689cfe1d1c4ab8b453d8735 method=POST path=/lingxi/v1/sessions/sess_local_alpha/execute status=200
2026-09-28T17:56:29.940810Z  INFO lingxi_service::sessions: run committed and published (post-commit) run_id=run_000001a0e9294073_0001fa session_id=sess_local_alpha events=run_000001a0e9294073_0001fa-done input_chars=17
2026-09-28T17:56:29.940986Z  INFO lingxi_service::sessions: run committed and published (post-commit) run_id=run_000001a0e9294073_0001fb session_id=sess_local_alpha events=run_000001a0e9294073_0001fb-done input_chars=17
2026-09-28T17:56:29.941129Z  INFO lingxi_service::sessions: run committed and published (post-commit) run_id=run_000001a0e9294073_0001fc session_id=sess_local_alpha events=run_000001a0e9294073_0001fc-done input_chars=17
2026-09-28T17:56:29.941483Z  INFO lingxi_service::sessions: run committed and published (post-commit) run_id=run_000001a0e9294073_0001fd session_id=sess_local_alpha events=run_000001a0e9294073_0001fd-done input_chars=17
2026-09-28T17:56:29.942247Z  INFO lingxi_service: request handled request_id=req-63e9492b15c88be811c0f3c2f020b9bf method=POST path=/lingxi/v1/sessions/sess_local_alpha/execute status=200
2026-09-28T17:56:29.942572Z  INFO lingxi_service: request handled request_id=req-f6d445573e66b78ccc94d75a8e6582c6 method=POST path=/lingxi/v1/sessions/sess_local_alpha/execute status=200
2026-09-28T17:56:29.942612Z  INFO lingxi_service: request handled request_id=req-3fb63fade7b06d058151ad37926dbb7c method=POST path=/lingxi/v1/sessions/sess_local_alpha/execute status=200
2026-09-28T17:56:29.942711Z  INFO lingxi_service::sessions: run committed and published (post-commit) run_id=run_000001a0e9294073_0001fe session_id=sess_local_alpha events=run_000001a0e9294073_0001fe-done input_chars=17
2026-09-28T17:56:29.943210Z  INFO lingxi_service: request handled request_id=req-e484843e1b749184a79b4733f1bbfd0c method=POST path=/lingxi/v1/sessions/sess_local_alpha/execute status=200
2026-09-28T17:56:29.943318Z  INFO lingxi_service::sessions: run committed and published (post-commit) run_id=run_000001a0e9294073_0001ff session_id=sess_local_alpha events=run_000001a0e9294073_0001ff-done input_chars=17
2026-09-28T17:56:29.943439Z  INFO lingxi_service::sessions: run committed and published (post-commit) run_id=run_000001a0e9294074_000200 session_id=sess_local_alpha events=run_000001a0e9294074_000200-done input_chars=17
2026-09-28T17:56:29.943545Z  INFO lingxi_service::sessions: run committed and published (post-commit) run_id=run_000001a0e9294074_000201 session_id=sess_local_alpha events=run_000001a0e9294074_000201-done input_chars=17
2026-09-28T17:56:29.943902Z  INFO lingxi_service::sessions: run committed and published (post-commit) run_id=run_000001a0e9294074_000202 session_id=sess_local_alpha events=run_000001a0e9294074_000202-done input_chars=17
2026-09-28T17:56:29.944021Z  INFO lingxi_service::sessions: run committed and published (post-commit) run_id=run_000001a0e9294074_000203 session_id=sess_local_alpha events=run_000001a0e9294074_000203-done input_chars=17
2026-09-28T17:56:29.944130Z  INFO lingxi_service::sessions: run committed and published (post-commit) run_id=run_000001a0e9294074_000204 session_id=sess_local_alpha events=run_000001a0e9294074_000204-done input_chars=17
2026-09-28T17:56:29.944166Z  INFO lingxi_service: request handled request_id=req-69df94ce20c9f66250017c385ccc2b33 method=POST path=/lingxi/v1/sessions/sess_local_alpha/execute status=200
2026-09-28T17:56:29.944274Z  INFO lingxi_service::sessions: run committed and published (post-commit) run_id=run_000001a0e9294074_000205 session_id=sess_local_alpha events=run_000001a0e9294074_000205-done input_chars=17
2026-09-28T17:56:29.944812Z  INFO lingxi_service::sessions: run committed and published (post-commit) run_id=run_000001a0e9294074_000206 session_id=sess_local_alpha events=run_000001a0e9294074_000206-done input_chars=17
2026-09-28T17:56:29.945007Z  INFO lingxi_service: request handled request_id=req-810c412abf7f0fb18e60fd734778a331 method=POST path=/lingxi/v1/sessions/sess_local_alpha/execute status=200
2026-09-28T17:56:29.945040Z  INFO lingxi_service: request handled request_id=req-4a455f2fa6e5c0dd2875e52a41b8ae28 method=POST path=/lingxi/v1/sessions/sess_local_alpha/execute status=200
2026-09-28T17:56:29.945079Z  INFO lingxi_service: request handled request_id=req-eed911f4ea7a6cc8b7b26e59285820ef method=POST path=/lingxi/v1/sessions/sess_local_alpha/execute status=200
2026-09-28T17:56:29.945190Z  INFO lingxi_service::sessions: run committed and published (post-commit) run_id=run_000001a0e9294074_000207 session_id=sess_local_alpha events=run_000001a0e9294074_000207-done input_chars=17
2026-09-28T17:56:29.946034Z  INFO lingxi_service: request handled request_id=req-7966380d8a98c1303cb10437846dde32 method=POST path=/lingxi/v1/sessions/sess_local_alpha/execute status=200
2026-09-28T17:56:29.946071Z  INFO lingxi_service: request handled request_id=req-ad1ef248b148f2a4f3ced7203a15bb78 method=POST path=/lingxi/v1/sessions/sess_local_alpha/execute status=200
2026-09-28T17:56:29.946104Z  INFO lingxi_service: request handled request_id=req-199da8fed112d740579f2d143bdd2563 method=POST path=/lingxi/v1/sessions/sess_local_alpha/execute status=200
2026-09-28T17:56:29.946138Z  INFO lingxi_service: request handled request_id=req-7479e17c8514b238a750cbecec2144c4 method=POST path=/lingxi/v1/sessions/sess_local_alpha/execute status=200
2026-09-28T17:56:29.946249Z  INFO lingxi_service::sessions: run committed and published (post-commit) run_id=run_000001a0e9294075_000208 session_id=sess_local_alpha events=run_000001a0e9294075_000208-done input_chars=17
2026-09-28T17:56:29.946372Z  INFO lingxi_service::sessions: run committed and published (post-commit) run_id=run_000001a0e9294075_000209 session_id=sess_local_alpha events=run_000001a0e9294075_000209-done input_chars=17
2026-09-28T17:56:29.946486Z  INFO lingxi_service::sessions: run committed and published (post-commit) run_id=run_000001a0e9294075_00020a session_id=sess_local_alpha events=run_000001a0e9294075_00020a-done input_chars=17
2026-09-28T17:56:29.946525Z  INFO lingxi_service: request handled request_id=req-8ffdda17a6b8436e9af1757ff7761bb1 method=POST path=/lingxi/v1/sessions/sess_local_alpha/execute status=200
2026-09-28T17:56:29.946634Z  INFO lingxi_service::sessions: run committed and published (post-commit) run_id=run_000001a0e9294075_00020b session_id=sess_local_alpha events=run_000001a0e9294075_00020b-done input_chars=17
2026-09-28T17:56:29.946676Z  INFO lingxi_service: request handled request_id=req-47a9fcfc7a5638c2d78110bb871c4c7a method=POST path=/lingxi/v1/sessions/sess_local_alpha/execute status=200
2026-09-28T17:56:29.946779Z  INFO lingxi_service::sessions: run committed and published (post-commit) run_id=run_000001a0e9294076_00020c session_id=sess_local_alpha events=run_000001a0e9294076_00020c-done input_chars=17
2026-09-28T17:56:29.946888Z  INFO lingxi_service::sessions: run committed and published (post-commit) run_id=run_000001a0e9294076_00020d session_id=sess_local_alpha events=run_000001a0e9294076_00020d-done input_chars=17
2026-09-28T17:56:29.946994Z  INFO lingxi_service::sessions: run committed and published (post-commit) run_id=run_000001a0e9294076_00020e session_id=sess_local_alpha events=run_000001a0e9294076_00020e-done input_chars=17
2026-09-28T17:56:29.947102Z  INFO lingxi_service::sessions: run committed and published (post-commit) run_id=run_000001a0e9294076_00020f session_id=sess_local_alpha events=run_000001a0e9294076_00020f-done input_chars=17
2026-09-28T17:56:29.947230Z  INFO lingxi_service::sessions: run committed and published (post-commit) run_id=run_000001a0e9294076_000210 session_id=sess_local_alpha events=run_000001a0e9294076_000210-done input_chars=17
2026-09-28T17:56:29.947269Z  INFO lingxi_service: request handled request_id=req-bb3b51aff352cd469c5c52f62123fee4 method=POST path=/lingxi/v1/sessions/sess_local_alpha/execute status=200
2026-09-28T17:56:29.947304Z  INFO lingxi_service: request handled request_id=req-718608c70e0d05abbc921a2786207554 method=POST path=/lingxi/v1/sessions/sess_local_alpha/execute status=200
2026-09-28T17:56:29.947337Z  INFO lingxi_service: request handled request_id=req-24c7b9ec95da61fff92704cdbc2820b8 method=POST path=/lingxi/v1/sessions/sess_local_alpha/execute status=200
2026-09-28T17:56:29.947371Z  INFO lingxi_service: request handled request_id=req-067e0b18f0fc4679aaa194716b65fa2a method=POST path=/lingxi/v1/sessions/sess_local_alpha/execute status=200
2026-09-28T17:56:29.947412Z  INFO lingxi_service: request handled request_id=req-e01e09b41a10026d230728ff2971ba46 method=POST path=/lingxi/v1/sessions/sess_local_alpha/execute status=200
2026-09-28T17:56:29.947446Z  INFO lingxi_service: request handled request_id=req-1cd74a96a5b6488ed8d395bd8e79888d method=POST path=/lingxi/v1/sessions/sess_local_alpha/execute status=200
2026-09-28T17:56:29.947471Z  INFO lingxi_service: request handled request_id=req-b7fb9e5de71b291ef85295b38bba2cea method=POST path=/lingxi/v1/sessions/sess_local_alpha/execute status=200
2026-09-28T17:56:29.947524Z  INFO lingxi_service: request handled request_id=req-b7235ca32326a921ceacfbee837f9150 method=POST path=/lingxi/v1/sessions/sess_local_alpha/execute status=200
2026-09-28T17:56:29.947546Z  INFO lingxi_service: request handled request_id=req-67aea6f337ae03031e86d7a1f4a14e43 method=POST path=/lingxi/v1/sessions/sess_local_alpha/execute status=200
2026-09-28T17:56:29.950931Z  INFO lingxi_service::sessions: run committed and published (post-commit) run_id=run_000001a0e929407e_000211 session_id=sess_local_alpha events=run_000001a0e929407e_000211-done input_chars=17
2026-09-28T17:56:29.951204Z  INFO lingxi_service: request handled request_id=req-0ea098a30140bfeaae80f71110381b18 method=POST path=/lingxi/v1/sessions/sess_local_alpha/execute status=200
2026-09-28T17:56:29.951355Z  INFO lingxi_service::sessions: run committed and published (post-commit) run_id=run_000001a0e929407e_000212 session_id=sess_local_alpha events=run_000001a0e929407e_000212-done input_chars=17
2026-09-28T17:56:29.952160Z  INFO lingxi_service: request handled request_id=req-cd0ae104fa9043848d06ed22b121b0ec method=POST path=/lingxi/v1/sessions/sess_local_alpha/execute status=200
2026-09-28T17:56:29.952304Z  INFO lingxi_service::sessions: run committed and published (post-commit) run_id=run_000001a0e929407e_000213 session_id=sess_local_alpha events=run_000001a0e929407e_000213-done input_chars=17
2026-09-28T17:56:29.952445Z  INFO lingxi_service::sessions: run committed and published (post-commit) run_id=run_000001a0e929407e_000214 session_id=sess_local_alpha events=run_000001a0e929407e_000214-done input_chars=17
2026-09-28T17:56:29.952780Z  INFO lingxi_service::sessions: run committed and published (post-commit) run_id=run_000001a0e929407f_000215 session_id=sess_local_alpha events=run_000001a0e929407f_000215-done input_chars=17
2026-09-28T17:56:29.952909Z  INFO lingxi_service::sessions: run committed and published (post-commit) run_id=run_000001a0e929407f_000216 session_id=sess_local_alpha events=run_000001a0e929407f_000216-done input_chars=17
2026-09-28T17:56:29.953183Z  INFO lingxi_service: request handled request_id=req-80a31432d2159d84994b3ce25534d860 method=POST path=/lingxi/v1/sessions/sess_local_alpha/execute status=200
2026-09-28T17:56:29.953207Z  INFO lingxi_service: request handled request_id=req-2bed2fc3a013fc3fd0d34c016bc4d6b3 method=POST path=/lingxi/v1/sessions/sess_local_alpha/execute status=200
2026-09-28T17:56:29.953365Z  INFO lingxi_service::sessions: run committed and published (post-commit) run_id=run_000001a0e929407f_000217 session_id=sess_local_alpha events=run_000001a0e929407f_000217-done input_chars=17
2026-09-28T17:56:29.953580Z  INFO lingxi_service: request handled request_id=req-46a4bc95363b497786a819537c56b12e method=POST path=/lingxi/v1/sessions/sess_local_alpha/execute status=200
2026-09-28T17:56:29.953626Z  INFO lingxi_service: request handled request_id=req-22ebe344e3caf5b7bb63294c098efc43 method=POST path=/lingxi/v1/sessions/sess_local_alpha/execute status=200
2026-09-28T17:56:29.953771Z  INFO lingxi_service::sessions: run committed and published (post-commit) run_id=run_000001a0e929407f_000218 session_id=sess_local_alpha events=run_000001a0e929407f_000218-done input_chars=17
2026-09-28T17:56:29.954194Z  INFO lingxi_service: request handled request_id=req-5d51a3c045e640d36df544737132f4f7 method=POST path=/lingxi/v1/sessions/sess_local_alpha/execute status=200
2026-09-28T17:56:29.954319Z  INFO lingxi_service::sessions: run committed and published (post-commit) run_id=run_000001a0e929407f_000219 session_id=sess_local_alpha events=run_000001a0e929407f_000219-done input_chars=17
2026-09-28T17:56:29.954804Z  INFO lingxi_service: request handled request_id=req-f856e2a729e031834b6a1139a4efff75 method=POST path=/lingxi/v1/sessions/sess_local_alpha/execute status=200
2026-09-28T17:56:29.954912Z  INFO lingxi_service::sessions: run committed and published (post-commit) run_id=run_000001a0e9294080_00021a session_id=sess_local_alpha events=run_000001a0e9294080_00021a-done input_chars=17
2026-09-28T17:56:29.955114Z  INFO lingxi_service::sessions: run committed and published (post-commit) run_id=run_000001a0e9294080_00021b session_id=sess_local_alpha events=run_000001a0e9294080_00021b-done input_chars=17
2026-09-28T17:56:29.955643Z  INFO lingxi_service: request handled request_id=req-cf8ec05eb132d37d4d7c75672f5d0ee0 method=POST path=/lingxi/v1/sessions/sess_local_alpha/execute status=200
2026-09-28T17:56:29.955767Z  INFO lingxi_service::sessions: run committed and published (post-commit) run_id=run_000001a0e9294080_00021c session_id=sess_local_alpha events=run_000001a0e9294080_00021c-done input_chars=17
2026-09-28T17:56:29.955930Z  INFO lingxi_service::sessions: run committed and published (post-commit) run_id=run_000001a0e9294080_00021d session_id=sess_local_alpha events=run_000001a0e9294080_00021d-done input_chars=17
2026-09-28T17:56:29.956121Z  INFO lingxi_service: request handled request_id=req-f9d6a548be8183d5dfd869f2e1047ca8 method=POST path=/lingxi/v1/sessions/sess_local_alpha/execute status=200
2026-09-28T17:56:29.956159Z  INFO lingxi_service: request handled request_id=req-be4a5aacd123f18cd29b5b9ad62d7c8f method=POST path=/lingxi/v1/sessions/sess_local_alpha/execute status=200
2026-09-28T17:56:29.956265Z  INFO lingxi_service::sessions: run committed and published (post-commit) run_id=run_000001a0e9294081_00021e session_id=sess_local_alpha events=run_000001a0e9294081_00021e-done input_chars=17
2026-09-28T17:56:29.956372Z  INFO lingxi_service::sessions: run committed and published (post-commit) run_id=run_000001a0e9294081_00021f session_id=sess_local_alpha events=run_000001a0e9294081_00021f-done input_chars=17
2026-09-28T17:56:29.956480Z  INFO lingxi_service::sessions: run committed and published (post-commit) run_id=run_000001a0e9294081_000220 session_id=sess_local_alpha events=run_000001a0e9294081_000220-done input_chars=17
2026-09-28T17:56:29.957620Z  INFO lingxi_service: request handled request_id=req-ef503c2b0e1614b2ec74fa28fb27e532 method=POST path=/lingxi/v1/sessions/sess_local_alpha/execute status=200
2026-09-28T17:56:29.957653Z  INFO lingxi_service: request handled request_id=req-9ca6e10203ba6e522ab1623b971bc4a5 method=POST path=/lingxi/v1/sessions/sess_local_alpha/execute status=200
2026-09-28T17:56:29.957756Z  INFO lingxi_service::sessions: run committed and published (post-commit) run_id=run_000001a0e9294082_000221 session_id=sess_local_alpha events=run_000001a0e9294082_000221-done input_chars=17
2026-09-28T17:56:29.957794Z  INFO lingxi_service: request handled request_id=req-95ec9d08176828958358a8fa036bdd98 method=POST path=/lingxi/v1/sessions/sess_local_alpha/execute status=200
2026-09-28T17:56:29.957858Z  INFO lingxi_service: request handled request_id=req-05a138f27bede74d22db824e6b8699e4 method=POST path=/lingxi/v1/sessions/sess_local_alpha/execute status=200
2026-09-28T17:56:29.957902Z  INFO lingxi_service: request handled request_id=req-26a79742f9491071474b1d6e9eb25d9f method=POST path=/lingxi/v1/sessions/sess_local_alpha/execute status=200
2026-09-28T17:56:29.958063Z  INFO lingxi_service::sessions: run committed and published (post-commit) run_id=run_000001a0e9294082_000222 session_id=sess_local_alpha events=run_000001a0e9294082_000222-done input_chars=17
2026-09-28T17:56:29.958200Z  INFO lingxi_service::sessions: run committed and published (post-commit) run_id=run_000001a0e9294082_000223 session_id=sess_local_alpha events=run_000001a0e9294082_000223-done input_chars=17
2026-09-28T17:56:29.958329Z  INFO lingxi_service::sessions: run committed and published (post-commit) run_id=run_000001a0e9294082_000224 session_id=sess_local_alpha events=run_000001a0e9294082_000224-done input_chars=17
2026-09-28T17:56:29.958435Z  INFO lingxi_service::sessions: run committed and published (post-commit) run_id=run_000001a0e9294082_000225 session_id=sess_local_alpha events=run_000001a0e9294082_000225-done input_chars=17
2026-09-28T17:56:29.958547Z  INFO lingxi_service::sessions: run committed and published (post-commit) run_id=run_000001a0e9294082_000226 session_id=sess_local_alpha events=run_000001a0e9294082_000226-done input_chars=17
2026-09-28T17:56:29.958656Z  INFO lingxi_service::sessions: run committed and published (post-commit) run_id=run_000001a0e9294082_000227 session_id=sess_local_alpha events=run_000001a0e9294082_000227-done input_chars=17
2026-09-28T17:56:29.958765Z  INFO lingxi_service::sessions: run committed and published (post-commit) run_id=run_000001a0e9294082_000228 session_id=sess_local_alpha events=run_000001a0e9294082_000228-done input_chars=17
2026-09-28T17:56:29.958813Z  INFO lingxi_service: request handled request_id=req-8cd6f690adb812f87346198d405c8a32 method=POST path=/lingxi/v1/sessions/sess_local_alpha/execute status=200
2026-09-28T17:56:29.958844Z  INFO lingxi_service: request handled request_id=req-8c9464f0167b90c14a9ab744ca30f9cb method=POST path=/lingxi/v1/sessions/sess_local_alpha/execute status=200
2026-09-28T17:56:29.958876Z  INFO lingxi_service: request handled request_id=req-0b1db5917fef21d2f17cbe6d48e82b6c method=POST path=/lingxi/v1/sessions/sess_local_alpha/execute status=200
2026-09-28T17:56:29.958930Z  INFO lingxi_service: request handled request_id=req-6cce63f3869f6a3cb956f8e2acff039b method=POST path=/lingxi/v1/sessions/sess_local_alpha/execute status=200
2026-09-28T17:56:29.958952Z  INFO lingxi_service: request handled request_id=req-2deb9e2879206fbc53fd4c95e06c00fc method=POST path=/lingxi/v1/sessions/sess_local_alpha/execute status=200
2026-09-28T17:56:29.958998Z  INFO lingxi_service: request handled request_id=req-709ec04ac9384288cca6f6a94e365419 method=POST path=/lingxi/v1/sessions/sess_local_alpha/execute status=200
2026-09-28T17:56:29.959027Z  INFO lingxi_service: request handled request_id=req-48a9b3029b7243867f57c01472ebe19a method=POST path=/lingxi/v1/sessions/sess_local_alpha/execute status=200
2026-09-28T17:56:29.959062Z  INFO lingxi_service: request handled request_id=req-18f9022a96c92a5a0cf663b41684a75c method=POST path=/lingxi/v1/sessions/sess_local_alpha/execute status=200
2026-09-28T17:56:29.960265Z  INFO lingxi_service::sessions: run committed and published (post-commit) run_id=run_000001a0e9294087_000229 session_id=sess_local_alpha events=run_000001a0e9294087_000229-done input_chars=17
2026-09-28T17:56:29.960942Z  INFO lingxi_service: request handled request_id=req-361f46e8eb8ca3b0a201bd258eb81274 method=POST path=/lingxi/v1/sessions/sess_local_alpha/execute status=200
2026-09-28T17:56:29.961074Z  INFO lingxi_service::sessions: run committed and published (post-commit) run_id=run_000001a0e9294088_00022a session_id=sess_local_alpha events=run_000001a0e9294088_00022a-done input_chars=17
2026-09-28T17:56:29.961180Z  INFO lingxi_service::sessions: run committed and published (post-commit) run_id=run_000001a0e9294088_00022b session_id=sess_local_alpha events=run_000001a0e9294088_00022b-done input_chars=17
2026-09-28T17:56:29.961309Z  INFO lingxi_service::sessions: run committed and published (post-commit) run_id=run_000001a0e9294088_00022c session_id=sess_local_alpha events=run_000001a0e9294088_00022c-done input_chars=17
2026-09-28T17:56:29.961746Z  INFO lingxi_service: request handled request_id=req-1e7bf5490b9e931c0f5f3b0a5918fc92 method=POST path=/lingxi/v1/sessions/sess_local_alpha/execute status=200
2026-09-28T17:56:29.961803Z  INFO lingxi_service: request handled request_id=req-12ccce39ab7bea6f3270785abbca5ec5 method=POST path=/lingxi/v1/sessions/sess_local_alpha/execute status=200
2026-09-28T17:56:29.962365Z  INFO lingxi_service: request handled request_id=req-3fddca2ef26c6027b0bdd20ef90b2e0c method=POST path=/lingxi/v1/sessions/sess_local_alpha/execute status=200
2026-09-28T17:56:29.962486Z  INFO lingxi_service::sessions: run committed and published (post-commit) run_id=run_000001a0e9294088_00022d session_id=sess_local_alpha events=run_000001a0e9294088_00022d-done input_chars=17
2026-09-28T17:56:29.962711Z  INFO lingxi_service::sessions: run committed and published (post-commit) run_id=run_000001a0e9294088_00022e session_id=sess_local_alpha events=run_000001a0e9294088_00022e-done input_chars=17
2026-09-28T17:56:29.963442Z  INFO lingxi_service::sessions: run committed and published (post-commit) run_id=run_000001a0e9294088_00022f session_id=sess_local_alpha events=run_000001a0e9294088_00022f-done input_chars=17
2026-09-28T17:56:29.963617Z  INFO lingxi_service::sessions: run committed and published (post-commit) run_id=run_000001a0e9294088_000230 session_id=sess_local_alpha events=run_000001a0e9294088_000230-done input_chars=17
2026-09-28T17:56:29.963727Z  INFO lingxi_service::sessions: run committed and published (post-commit) run_id=run_000001a0e9294088_000231 session_id=sess_local_alpha events=run_000001a0e9294088_000231-done input_chars=17
2026-09-28T17:56:29.964409Z  INFO lingxi_service: request handled request_id=req-0343aecc3dfb0c5f7ace19beeb75fef1 method=POST path=/lingxi/v1/sessions/sess_local_alpha/execute status=200
2026-09-28T17:56:29.964606Z  INFO lingxi_service: request handled request_id=req-bcf7f38335c474a290da4294a6bea67f method=POST path=/lingxi/v1/sessions/sess_local_alpha/execute status=200
2026-09-28T17:56:29.964772Z  INFO lingxi_service::sessions: run committed and published (post-commit) run_id=run_000001a0e9294089_000232 session_id=sess_local_alpha events=run_000001a0e9294089_000232-done input_chars=17
2026-09-28T17:56:29.964869Z  INFO lingxi_service: request handled request_id=req-0361ce3deaef2dc7d8d25e538f049314 method=POST path=/lingxi/v1/sessions/sess_local_alpha/execute status=200
2026-09-28T17:56:29.964904Z  INFO lingxi_service: request handled request_id=req-1bf1b04703cc663a55db26cba79a943d method=POST path=/lingxi/v1/sessions/sess_local_alpha/execute status=200
2026-09-28T17:56:29.965090Z  INFO lingxi_service: request handled request_id=req-2e5cff5d396504b45f8a1d2b1d8c14e6 method=POST path=/lingxi/v1/sessions/sess_local_alpha/execute status=200
2026-09-28T17:56:29.965199Z  INFO lingxi_service::sessions: run committed and published (post-commit) run_id=run_000001a0e9294089_000233 session_id=sess_local_alpha events=run_000001a0e9294089_000233-done input_chars=17
2026-09-28T17:56:29.965323Z  INFO lingxi_service::sessions: run committed and published (post-commit) run_id=run_000001a0e9294089_000234 session_id=sess_local_alpha events=run_000001a0e9294089_000234-done input_chars=17
2026-09-28T17:56:29.965475Z  INFO lingxi_service::sessions: run committed and published (post-commit) run_id=run_000001a0e9294089_000235 session_id=sess_local_alpha events=run_000001a0e9294089_000235-done input_chars=17
2026-09-28T17:56:29.965585Z  INFO lingxi_service::sessions: run committed and published (post-commit) run_id=run_000001a0e9294089_000236 session_id=sess_local_alpha events=run_000001a0e9294089_000236-done input_chars=17
2026-09-28T17:56:29.965963Z  INFO lingxi_service::sessions: run committed and published (post-commit) run_id=run_000001a0e9294089_000237 session_id=sess_local_alpha events=run_000001a0e9294089_000237-done input_chars=17
2026-09-28T17:56:29.967081Z  INFO lingxi_service: request handled request_id=req-0dd46c1dd1fa77a693a5944a644f8377 method=POST path=/lingxi/v1/sessions/sess_local_alpha/execute status=200
2026-09-28T17:56:29.967181Z  INFO lingxi_service::sessions: run committed and published (post-commit) run_id=run_000001a0e929408a_000238 session_id=sess_local_alpha events=run_000001a0e929408a_000238-done input_chars=17
2026-09-28T17:56:29.967226Z  INFO lingxi_service: request handled request_id=req-e67272f3c84aa29bc5d0525b1771ba4b method=POST path=/lingxi/v1/sessions/sess_local_alpha/execute status=200
2026-09-28T17:56:29.967267Z  INFO lingxi_service: request handled request_id=req-0a5ad7638726a6b47fe2a09573c1616f method=POST path=/lingxi/v1/sessions/sess_local_alpha/execute status=200
2026-09-28T17:56:29.967302Z  INFO lingxi_service: request handled request_id=req-de7af9c47ad817f71e9a3d4d19de16a4 method=POST path=/lingxi/v1/sessions/sess_local_alpha/execute status=200
2026-09-28T17:56:29.967340Z  INFO lingxi_service: request handled request_id=req-795b117a414597e46ce02bbc7a6b1dee method=POST path=/lingxi/v1/sessions/sess_local_alpha/execute status=200
2026-09-28T17:56:29.967457Z  INFO lingxi_service::sessions: run committed and published (post-commit) run_id=run_000001a0e929408a_000239 session_id=sess_local_alpha events=run_000001a0e929408a_000239-done input_chars=17
2026-09-28T17:56:29.967498Z  INFO lingxi_service: request handled request_id=req-f77a2746b53a05576907219e403fdf67 method=POST path=/lingxi/v1/sessions/sess_local_alpha/execute status=200
2026-09-28T17:56:29.967610Z  INFO lingxi_service::sessions: run committed and published (post-commit) run_id=run_000001a0e929408a_00023a session_id=sess_local_alpha events=run_000001a0e929408a_00023a-done input_chars=17
2026-09-28T17:56:29.967723Z  INFO lingxi_service::sessions: run committed and published (post-commit) run_id=run_000001a0e929408a_00023b session_id=sess_local_alpha events=run_000001a0e929408a_00023b-done input_chars=17
2026-09-28T17:56:29.967827Z  INFO lingxi_service::sessions: run committed and published (post-commit) run_id=run_000001a0e929408b_00023c session_id=sess_local_alpha events=run_000001a0e929408b_00023c-done input_chars=17
2026-09-28T17:56:29.967934Z  INFO lingxi_service::sessions: run committed and published (post-commit) run_id=run_000001a0e929408b_00023d session_id=sess_local_alpha events=run_000001a0e929408b_00023d-done input_chars=17
2026-09-28T17:56:29.968038Z  INFO lingxi_service::sessions: run committed and published (post-commit) run_id=run_000001a0e929408b_00023e session_id=sess_local_alpha events=run_000001a0e929408b_00023e-done input_chars=17
2026-09-28T17:56:29.968146Z  INFO lingxi_service::sessions: run committed and published (post-commit) run_id=run_000001a0e929408b_00023f session_id=sess_local_alpha events=run_000001a0e929408b_00023f-done input_chars=17
2026-09-28T17:56:29.968260Z  INFO lingxi_service::sessions: run committed and published (post-commit) run_id=run_000001a0e929408b_000240 session_id=sess_local_alpha events=run_000001a0e929408b_000240-done input_chars=17
2026-09-28T17:56:29.968301Z  INFO lingxi_service: request handled request_id=req-2adbf757711b5d86636c3d61329ef8dc method=POST path=/lingxi/v1/sessions/sess_local_alpha/execute status=200
2026-09-28T17:56:29.968341Z  INFO lingxi_service: request handled request_id=req-67d56931b98f367888b063ccb36f7a45 method=POST path=/lingxi/v1/sessions/sess_local_alpha/execute status=200
2026-09-28T17:56:29.968376Z  INFO lingxi_service: request handled request_id=req-82ca8fc42ab25f5769e305626adef0d9 method=POST path=/lingxi/v1/sessions/sess_local_alpha/execute status=200
2026-09-28T17:56:29.968414Z  INFO lingxi_service: request handled request_id=req-d01a6eff5bd0eb2a8941d341add70e92 method=POST path=/lingxi/v1/sessions/sess_local_alpha/execute status=200
2026-09-28T17:56:29.968450Z  INFO lingxi_service: request handled request_id=req-b8fc100a25202684a0eed251b46a1ec2 method=POST path=/lingxi/v1/sessions/sess_local_alpha/execute status=200
2026-09-28T17:56:29.968500Z  INFO lingxi_service: request handled request_id=req-908f2debf8a4b95d6a3fb03f1521a1a3 method=POST path=/lingxi/v1/sessions/sess_local_alpha/execute status=200
2026-09-28T17:56:29.968525Z  INFO lingxi_service: request handled request_id=req-3a60b6cd0212cf3efd79cb148ca4a6a7 method=POST path=/lingxi/v1/sessions/sess_local_alpha/execute status=200
2026-09-28T17:56:29.968559Z  INFO lingxi_service: request handled request_id=req-9bcfd9b7f91c272b67e3e181da8f39ea method=POST path=/lingxi/v1/sessions/sess_local_alpha/execute status=200
2026-09-28T17:56:29.968609Z  INFO lingxi_service: request handled request_id=req-b99e0629b727370518f966690bf7f0da method=POST path=/lingxi/v1/sessions/sess_local_alpha/execute status=200
2026-09-28T17:56:29.970133Z  INFO lingxi_service::sessions: run committed and published (post-commit) run_id=run_000001a0e9294091_000241 session_id=sess_local_alpha events=run_000001a0e9294091_000241-done input_chars=17
2026-09-28T17:56:29.970426Z  INFO lingxi_service::sessions: run committed and published (post-commit) run_id=run_000001a0e9294091_000242 session_id=sess_local_alpha events=run_000001a0e9294091_000242-done input_chars=17
2026-09-28T17:56:29.970919Z  INFO lingxi_service: request handled request_id=req-641eb70ba839004f091567e5390b75df method=POST path=/lingxi/v1/sessions/sess_local_alpha/execute status=200
2026-09-28T17:56:29.971001Z  INFO lingxi_service::sessions: run committed and published (post-commit) run_id=run_000001a0e9294091_000243 session_id=sess_local_alpha events=run_000001a0e9294091_000243-done input_chars=17
2026-09-28T17:56:29.971388Z  INFO lingxi_service: request handled request_id=req-67138734c7b0f86f3973bdfbcab509bb method=POST path=/lingxi/v1/sessions/sess_local_alpha/execute status=200
2026-09-28T17:56:29.971512Z  INFO lingxi_service::sessions: run committed and published (post-commit) run_id=run_000001a0e9294091_000244 session_id=sess_local_alpha events=run_000001a0e9294091_000244-done input_chars=17
2026-09-28T17:56:29.971669Z  INFO lingxi_service::sessions: run committed and published (post-commit) run_id=run_000001a0e9294091_000245 session_id=sess_local_alpha events=run_000001a0e9294091_000245-done input_chars=17
2026-09-28T17:56:29.972064Z  INFO lingxi_service: request handled request_id=req-9a4130f5ecfe13ab1a88ee597eac7e9d method=POST path=/lingxi/v1/sessions/sess_local_alpha/execute status=200
2026-09-28T17:56:29.972183Z  INFO lingxi_service::sessions: run committed and published (post-commit) run_id=run_000001a0e9294091_000246 session_id=sess_local_alpha events=run_000001a0e9294091_000246-done input_chars=17
2026-09-28T17:56:29.972314Z  INFO lingxi_service::sessions: run committed and published (post-commit) run_id=run_000001a0e9294091_000247 session_id=sess_local_alpha events=run_000001a0e9294091_000247-done input_chars=17
2026-09-28T17:56:29.972781Z  INFO lingxi_service: request handled request_id=req-a319d24a9c3df61f914a92ece97e286e method=POST path=/lingxi/v1/sessions/sess_local_alpha/execute status=200
2026-09-28T17:56:29.972831Z  INFO lingxi_service: request handled request_id=req-1df4fc2424a0b79d09a6d3631126b5c5 method=POST path=/lingxi/v1/sessions/sess_local_alpha/execute status=200
2026-09-28T17:56:29.972973Z  INFO lingxi_service::sessions: run committed and published (post-commit) run_id=run_000001a0e9294092_000248 session_id=sess_local_alpha events=run_000001a0e9294092_000248-done input_chars=17
2026-09-28T17:56:29.973078Z  INFO lingxi_service::sessions: run committed and published (post-commit) run_id=run_000001a0e9294092_000249 session_id=sess_local_alpha events=run_000001a0e9294092_000249-done input_chars=17
2026-09-28T17:56:29.973742Z  INFO lingxi_service: request handled request_id=req-50932aeaae7b3af1a0ade7c72c46a3e8 method=POST path=/lingxi/v1/sessions/sess_local_alpha/execute status=200
2026-09-28T17:56:29.973789Z  INFO lingxi_service: request handled request_id=req-79da8422beda4adbbc63cf00f84e7e6b method=POST path=/lingxi/v1/sessions/sess_local_alpha/execute status=200
2026-09-28T17:56:29.973914Z  INFO lingxi_service::sessions: run committed and published (post-commit) run_id=run_000001a0e9294092_00024a session_id=sess_local_alpha events=run_000001a0e9294092_00024a-done input_chars=17
2026-09-28T17:56:29.974032Z  INFO lingxi_service::sessions: run committed and published (post-commit) run_id=run_000001a0e9294092_00024b session_id=sess_local_alpha events=run_000001a0e9294092_00024b-done input_chars=17
2026-09-28T17:56:29.974296Z  INFO lingxi_service: request handled request_id=req-aeca0348636350f95ebc9161a052d8e4 method=POST path=/lingxi/v1/sessions/sess_local_alpha/execute status=200
2026-09-28T17:56:29.974513Z  INFO lingxi_service: request handled request_id=req-5e72a6a364e407e6c01a395ea2ef18b5 method=POST path=/lingxi/v1/sessions/sess_local_alpha/execute status=200
2026-09-28T17:56:29.974616Z  INFO lingxi_service::sessions: run committed and published (post-commit) run_id=run_000001a0e9294092_00024c session_id=sess_local_alpha events=run_000001a0e9294092_00024c-done input_chars=17
2026-09-28T17:56:29.974722Z  INFO lingxi_service::sessions: run committed and published (post-commit) run_id=run_000001a0e9294093_00024d session_id=sess_local_alpha events=run_000001a0e9294093_00024d-done input_chars=17
2026-09-28T17:56:29.974850Z  INFO lingxi_service::sessions: run committed and published (post-commit) run_id=run_000001a0e9294093_00024e session_id=sess_local_alpha events=run_000001a0e9294093_00024e-done input_chars=17
2026-09-28T17:56:29.974973Z  INFO lingxi_service::sessions: run committed and published (post-commit) run_id=run_000001a0e9294093_00024f session_id=sess_local_alpha events=run_000001a0e9294093_00024f-done input_chars=17
2026-09-28T17:56:29.975621Z  INFO lingxi_service: request handled request_id=req-9ed7c606fa388fcdaf026607e040c3ed method=POST path=/lingxi/v1/sessions/sess_local_alpha/execute status=200
2026-09-28T17:56:29.975657Z  INFO lingxi_service: request handled request_id=req-6eebabb539435a52072c98570ee32c4a method=POST path=/lingxi/v1/sessions/sess_local_alpha/execute status=200
2026-09-28T17:56:29.975797Z  INFO lingxi_service::sessions: run committed and published (post-commit) run_id=run_000001a0e9294093_000250 session_id=sess_local_alpha events=run_000001a0e9294093_000250-done input_chars=17
2026-09-28T17:56:29.976356Z  INFO lingxi_service::sessions: run committed and published (post-commit) run_id=run_000001a0e9294094_000251 session_id=sess_local_alpha events=run_000001a0e9294094_000251-done input_chars=17
2026-09-28T17:56:29.976400Z  INFO lingxi_service: request handled request_id=req-555a82e89626d3a485f56f363c5438e0 method=POST path=/lingxi/v1/sessions/sess_local_alpha/execute status=200
2026-09-28T17:56:29.976437Z  INFO lingxi_service: request handled request_id=req-f4af9e0afb2a5d88201eb1a8ba7303be method=POST path=/lingxi/v1/sessions/sess_local_alpha/execute status=200
2026-09-28T17:56:29.976476Z  INFO lingxi_service: request handled request_id=req-2258e404a0b4f1076413514a817eecc1 method=POST path=/lingxi/v1/sessions/sess_local_alpha/execute status=200
2026-09-28T17:56:29.976518Z  INFO lingxi_service: request handled request_id=req-3365aa651a0e5264eb37401a6e5bd0dd method=POST path=/lingxi/v1/sessions/sess_local_alpha/execute status=200
2026-09-28T17:56:29.976647Z  INFO lingxi_service::sessions: run committed and published (post-commit) run_id=run_000001a0e9294094_000252 session_id=sess_local_alpha events=run_000001a0e9294094_000252-done input_chars=17
2026-09-28T17:56:29.976758Z  INFO lingxi_service::sessions: run committed and published (post-commit) run_id=run_000001a0e9294094_000253 session_id=sess_local_alpha events=run_000001a0e9294094_000253-done input_chars=17
2026-09-28T17:56:29.976872Z  INFO lingxi_service::sessions: run committed and published (post-commit) run_id=run_000001a0e9294094_000254 session_id=sess_local_alpha events=run_000001a0e9294094_000254-done input_chars=17
2026-09-28T17:56:29.977024Z  INFO lingxi_service::sessions: run committed and published (post-commit) run_id=run_000001a0e9294094_000255 session_id=sess_local_alpha events=run_000001a0e9294094_000255-done input_chars=17
2026-09-28T17:56:29.977070Z  INFO lingxi_service: request handled request_id=req-68ab670e43abdac6d4f108af5d936e6f method=POST path=/lingxi/v1/sessions/sess_local_alpha/execute status=200
2026-09-28T17:56:29.977171Z  INFO lingxi_service::sessions: run committed and published (post-commit) run_id=run_000001a0e9294094_000256 session_id=sess_local_alpha events=run_000001a0e9294094_000256-done input_chars=17
2026-09-28T17:56:29.977279Z  INFO lingxi_service::sessions: run committed and published (post-commit) run_id=run_000001a0e9294094_000257 session_id=sess_local_alpha events=run_000001a0e9294094_000257-done input_chars=17
2026-09-28T17:56:29.977390Z  INFO lingxi_service::sessions: run committed and published (post-commit) run_id=run_000001a0e9294094_000258 session_id=sess_local_alpha events=run_000001a0e9294094_000258-done input_chars=17
2026-09-28T17:56:29.977434Z  INFO lingxi_service: request handled request_id=req-6fefc6e28f0b80850e929169cd5361ba method=POST path=/lingxi/v1/sessions/sess_local_alpha/execute status=200
2026-09-28T17:56:29.977473Z  INFO lingxi_service: request handled request_id=req-0847235a0a6a1bdcc3fef5d0bfb1b4eb method=POST path=/lingxi/v1/sessions/sess_local_alpha/execute status=200
2026-09-28T17:56:29.977510Z  INFO lingxi_service: request handled request_id=req-67ef2ededb112f4361c0c5a01fc9ca22 method=POST path=/lingxi/v1/sessions/sess_local_alpha/execute status=200
2026-09-28T17:56:29.977546Z  INFO lingxi_service: request handled request_id=req-2eda6df57fdac699057487525e6fdea2 method=POST path=/lingxi/v1/sessions/sess_local_alpha/execute status=200
2026-09-28T17:56:29.977584Z  INFO lingxi_service: request handled request_id=req-f89ecc084e2df3f4161bdfe142242e35 method=POST path=/lingxi/v1/sessions/sess_local_alpha/execute status=200
2026-09-28T17:56:29.977634Z  INFO lingxi_service: request handled request_id=req-4b079a0b9b09fd88bf2fe6c6abb14a36 method=POST path=/lingxi/v1/sessions/sess_local_alpha/execute status=200
2026-09-28T17:56:29.977674Z  INFO lingxi_service: request handled request_id=req-0c462fe74bc1d8ddce0210b0202f4dad method=POST path=/lingxi/v1/sessions/sess_local_alpha/execute status=200
2026-09-28T17:56:29.977707Z  INFO lingxi_service: request handled request_id=req-d2c5cbea4efca82e58a434a0a2007d62 method=POST path=/lingxi/v1/sessions/sess_local_alpha/execute status=200
2026-09-28T17:56:29.978854Z  INFO lingxi_service::sessions: run committed and published (post-commit) run_id=run_000001a0e929409a_000259 session_id=sess_local_alpha events=run_000001a0e929409a_000259-done input_chars=17
2026-09-28T17:56:29.979125Z  INFO lingxi_service: request handled request_id=req-c31fdb5bdc3473f2faad05ac9f6fc642 method=POST path=/lingxi/v1/sessions/sess_local_alpha/execute status=200
2026-09-28T17:56:29.979229Z  INFO lingxi_service::sessions: run committed and published (post-commit) run_id=run_000001a0e929409a_00025a session_id=sess_local_alpha events=run_000001a0e929409a_00025a-done input_chars=17
2026-09-28T17:56:29.979630Z  INFO lingxi_service: request handled request_id=req-7aa508309a496bdb106dd811ee5bca85 method=POST path=/lingxi/v1/sessions/sess_local_alpha/execute status=200
2026-09-28T17:56:29.979790Z  INFO lingxi_service::sessions: run committed and published (post-commit) run_id=run_000001a0e929409a_00025b session_id=sess_local_alpha events=run_000001a0e929409a_00025b-done input_chars=17
2026-09-28T17:56:29.979934Z  INFO lingxi_service::sessions: run committed and published (post-commit) run_id=run_000001a0e929409a_00025c session_id=sess_local_alpha events=run_000001a0e929409a_00025c-done input_chars=17
2026-09-28T17:56:29.980843Z  INFO lingxi_service: request handled request_id=req-1670bb109340df0edfc527d4cb997a19 method=POST path=/lingxi/v1/sessions/sess_local_alpha/execute status=200
2026-09-28T17:56:29.980897Z  INFO lingxi_service: request handled request_id=req-13a8bc627b945eadcd4a22de8fa09479 method=POST path=/lingxi/v1/sessions/sess_local_alpha/execute status=200
2026-09-28T17:56:29.980995Z  INFO lingxi_service::sessions: run committed and published (post-commit) run_id=run_000001a0e929409b_00025d session_id=sess_local_alpha events=run_000001a0e929409b_00025d-done input_chars=17
2026-09-28T17:56:29.981144Z  INFO lingxi_service::sessions: run committed and published (post-commit) run_id=run_000001a0e929409b_00025e session_id=sess_local_alpha events=run_000001a0e929409b_00025e-done input_chars=17
2026-09-28T17:56:29.981273Z  INFO lingxi_service::sessions: run committed and published (post-commit) run_id=run_000001a0e929409b_00025f session_id=sess_local_alpha events=run_000001a0e929409b_00025f-done input_chars=17
2026-09-28T17:56:29.981401Z  INFO lingxi_service::sessions: run committed and published (post-commit) run_id=run_000001a0e929409b_000260 session_id=sess_local_alpha events=run_000001a0e929409b_000260-done input_chars=17
2026-09-28T17:56:29.981543Z  INFO lingxi_service::sessions: run committed and published (post-commit) run_id=run_000001a0e929409b_000261 session_id=sess_local_alpha events=run_000001a0e929409b_000261-done input_chars=17
2026-09-28T17:56:29.981634Z  INFO lingxi_service: request handled request_id=req-e1bb8b8ceca585bddeb614758bfd5704 method=POST path=/lingxi/v1/sessions/sess_local_alpha/execute status=200
2026-09-28T17:56:29.982033Z  INFO lingxi_service: request handled request_id=req-eb2c2cd1305cc994324634158ff9cf9a method=POST path=/lingxi/v1/sessions/sess_local_alpha/execute status=200
2026-09-28T17:56:29.982268Z  INFO lingxi_service: request handled request_id=req-d0af2e7006cce67411cc05e00544179d method=POST path=/lingxi/v1/sessions/sess_local_alpha/execute status=200
2026-09-28T17:56:29.982662Z  INFO lingxi_service: request handled request_id=req-8b3d45c4081f529b20ee2b1cceeb0212 method=POST path=/lingxi/v1/sessions/sess_local_alpha/execute status=200
2026-09-28T17:56:29.983194Z  INFO lingxi_service: request handled request_id=req-c35b67111f738702ad2aa530fc74acd9 method=POST path=/lingxi/v1/sessions/sess_local_alpha/execute status=200
2026-09-28T17:56:29.983298Z  INFO lingxi_service::sessions: run committed and published (post-commit) run_id=run_000001a0e929409c_000262 session_id=sess_local_alpha events=run_000001a0e929409c_000262-done input_chars=17
2026-09-28T17:56:29.983598Z  INFO lingxi_service::sessions: run committed and published (post-commit) run_id=run_000001a0e929409c_000263 session_id=sess_local_alpha events=run_000001a0e929409c_000263-done input_chars=17
2026-09-28T17:56:29.983713Z  INFO lingxi_service::sessions: run committed and published (post-commit) run_id=run_000001a0e929409c_000264 session_id=sess_local_alpha events=run_000001a0e929409c_000264-done input_chars=17
2026-09-28T17:56:29.983840Z  INFO lingxi_service::sessions: run committed and published (post-commit) run_id=run_000001a0e929409c_000265 session_id=sess_local_alpha events=run_000001a0e929409c_000265-done input_chars=17
2026-09-28T17:56:29.984320Z  INFO lingxi_service::sessions: run committed and published (post-commit) run_id=run_000001a0e929409c_000266 session_id=sess_local_alpha events=run_000001a0e929409c_000266-done input_chars=17
2026-09-28T17:56:29.984593Z  INFO lingxi_service::sessions: run committed and published (post-commit) run_id=run_000001a0e929409c_000267 session_id=sess_local_alpha events=run_000001a0e929409c_000267-done input_chars=17
2026-09-28T17:56:29.984698Z  INFO lingxi_service::sessions: run committed and published (post-commit) run_id=run_000001a0e929409c_000268 session_id=sess_local_alpha events=run_000001a0e929409c_000268-done input_chars=17
2026-09-28T17:56:29.984805Z  INFO lingxi_service::sessions: run committed and published (post-commit) run_id=run_000001a0e929409d_000269 session_id=sess_local_alpha events=run_000001a0e929409d_000269-done input_chars=17
2026-09-28T17:56:29.985169Z  INFO lingxi_service: request handled request_id=req-333782d8d2895dd58eb8d74dfa593754 method=POST path=/lingxi/v1/sessions/sess_local_alpha/execute status=200
2026-09-28T17:56:29.985291Z  INFO lingxi_service::sessions: run committed and published (post-commit) run_id=run_000001a0e929409d_00026a session_id=sess_local_alpha events=run_000001a0e929409d_00026a-done input_chars=17
2026-09-28T17:56:29.985483Z  INFO lingxi_service: request handled request_id=req-b6a7487fb34541ecd4112d14000c44cc method=POST path=/lingxi/v1/sessions/sess_local_alpha/execute status=200
2026-09-28T17:56:29.985887Z  INFO lingxi_service: request handled request_id=req-d863df55a7651d850af302a6cd44ff77 method=POST path=/lingxi/v1/sessions/sess_local_alpha/execute status=200
2026-09-28T17:56:29.985925Z  INFO lingxi_service: request handled request_id=req-1004250246f040e9d30261c6e810aeff method=POST path=/lingxi/v1/sessions/sess_local_alpha/execute status=200
2026-09-28T17:56:29.985963Z  INFO lingxi_service: request handled request_id=req-df57de0a876702c6d98d9324c8acfd07 method=POST path=/lingxi/v1/sessions/sess_local_alpha/execute status=200
2026-09-28T17:56:29.986083Z  INFO lingxi_service::sessions: run committed and published (post-commit) run_id=run_000001a0e929409d_00026b session_id=sess_local_alpha events=run_000001a0e929409d_00026b-done input_chars=17
2026-09-28T17:56:29.986129Z  INFO lingxi_service: request handled request_id=req-6dd46fd3b95961404ad217c2b53eff21 method=POST path=/lingxi/v1/sessions/sess_local_alpha/execute status=200
2026-09-28T17:56:29.986168Z  INFO lingxi_service: request handled request_id=req-bc28f3d23b9d8c60d43373ac1f0909fe method=POST path=/lingxi/v1/sessions/sess_local_alpha/execute status=200
2026-09-28T17:56:29.986206Z  INFO lingxi_service: request handled request_id=req-bd41675218ae611c3d3a408a8d2ad366 method=POST path=/lingxi/v1/sessions/sess_local_alpha/execute status=200
2026-09-28T17:56:29.986317Z  INFO lingxi_service::sessions: run committed and published (post-commit) run_id=run_000001a0e929409d_00026c session_id=sess_local_alpha events=run_000001a0e929409d_00026c-done input_chars=17
2026-09-28T17:56:29.986472Z  INFO lingxi_service::sessions: run committed and published (post-commit) run_id=run_000001a0e929409d_00026d session_id=sess_local_alpha events=run_000001a0e929409d_00026d-done input_chars=17
2026-09-28T17:56:29.986523Z  INFO lingxi_service: request handled request_id=req-c977dda73d7e5f8091c1d6c73fef7e9c method=POST path=/lingxi/v1/sessions/sess_local_alpha/execute status=200
2026-09-28T17:56:29.986645Z  INFO lingxi_service::sessions: run committed and published (post-commit) run_id=run_000001a0e929409e_00026e session_id=sess_local_alpha events=run_000001a0e929409e_00026e-done input_chars=17
2026-09-28T17:56:29.986755Z  INFO lingxi_service::sessions: run committed and published (post-commit) run_id=run_000001a0e929409e_00026f session_id=sess_local_alpha events=run_000001a0e929409e_00026f-done input_chars=17
2026-09-28T17:56:29.986893Z  INFO lingxi_service::sessions: run committed and published (post-commit) run_id=run_000001a0e929409e_000270 session_id=sess_local_alpha events=run_000001a0e929409e_000270-done input_chars=17
2026-09-28T17:56:29.986940Z  INFO lingxi_service: request handled request_id=req-291e9c4c6eeeeb57218beae7df889bb1 method=POST path=/lingxi/v1/sessions/sess_local_alpha/execute status=200
2026-09-28T17:56:29.986982Z  INFO lingxi_service: request handled request_id=req-eecd5e7644d42f049bf04ddb536f726a method=POST path=/lingxi/v1/sessions/sess_local_alpha/execute status=200
2026-09-28T17:56:29.987017Z  INFO lingxi_service: request handled request_id=req-75c861200427c5be12adb94675a1df85 method=POST path=/lingxi/v1/sessions/sess_local_alpha/execute status=200
2026-09-28T17:56:29.987054Z  INFO lingxi_service: request handled request_id=req-5fc069b8cb60af00c1629b30c65b2377 method=POST path=/lingxi/v1/sessions/sess_local_alpha/execute status=200
2026-09-28T17:56:29.987093Z  INFO lingxi_service: request handled request_id=req-7a87eb54d0294bb072ab985fe1a57a6a method=POST path=/lingxi/v1/sessions/sess_local_alpha/execute status=200
2026-09-28T17:56:29.987131Z  INFO lingxi_service: request handled request_id=req-4ad2776fcf974553cbaeecb6bfa80f70 method=POST path=/lingxi/v1/sessions/sess_local_alpha/execute status=200
2026-09-28T17:56:29.988441Z  INFO lingxi_service::sessions: run committed and published (post-commit) run_id=run_000001a0e92940a4_000271 session_id=sess_local_alpha events=run_000001a0e92940a4_000271-done input_chars=17
2026-09-28T17:56:29.989029Z  INFO lingxi_service: request handled request_id=req-09a94f50961e5684b3cc78716c115c79 method=POST path=/lingxi/v1/sessions/sess_local_alpha/execute status=200
2026-09-28T17:56:29.989209Z  INFO lingxi_service::sessions: run committed and published (post-commit) run_id=run_000001a0e92940a4_000272 session_id=sess_local_alpha events=run_000001a0e92940a4_000272-done input_chars=17
2026-09-28T17:56:29.989338Z  INFO lingxi_service::sessions: run committed and published (post-commit) run_id=run_000001a0e92940a4_000273 session_id=sess_local_alpha events=run_000001a0e92940a4_000273-done input_chars=17
2026-09-28T17:56:29.989698Z  INFO lingxi_service::sessions: run committed and published (post-commit) run_id=run_000001a0e92940a4_000274 session_id=sess_local_alpha events=run_000001a0e92940a4_000274-done input_chars=17
2026-09-28T17:56:29.990067Z  INFO lingxi_service: request handled request_id=req-cbc5f32d000aca63a1843d58a5152b41 method=POST path=/lingxi/v1/sessions/sess_local_alpha/execute status=200
2026-09-28T17:56:29.990120Z  INFO lingxi_service: request handled request_id=req-0e496dd1b76a327125922269b1214fa1 method=POST path=/lingxi/v1/sessions/sess_local_alpha/execute status=200
2026-09-28T17:56:29.990249Z  INFO lingxi_service::sessions: run committed and published (post-commit) run_id=run_000001a0e92940a4_000275 session_id=sess_local_alpha events=run_000001a0e92940a4_000275-done input_chars=17
2026-09-28T17:56:29.990478Z  INFO lingxi_service: request handled request_id=req-dacf4a9a116775f981dd9604c6891438 method=POST path=/lingxi/v1/sessions/sess_local_alpha/execute status=200
2026-09-28T17:56:29.990608Z  INFO lingxi_service::sessions: run committed and published (post-commit) run_id=run_000001a0e92940a4_000276 session_id=sess_local_alpha events=run_000001a0e92940a4_000276-done input_chars=17
2026-09-28T17:56:29.990778Z  INFO lingxi_service::sessions: run committed and published (post-commit) run_id=run_000001a0e92940a4_000277 session_id=sess_local_alpha events=run_000001a0e92940a4_000277-done input_chars=17
2026-09-28T17:56:29.991372Z  INFO lingxi_service: request handled request_id=req-09913b386f6d225ef3a796cd5c169583 method=POST path=/lingxi/v1/sessions/sess_local_alpha/execute status=200
2026-09-28T17:56:29.991700Z  INFO lingxi_service::sessions: run committed and published (post-commit) run_id=run_000001a0e92940a4_000278 session_id=sess_local_alpha events=run_000001a0e92940a4_000278-done input_chars=17
2026-09-28T17:56:29.991761Z  INFO lingxi_service: request handled request_id=req-068cc3f9c52a90d7369df4f8ee48efb4 method=POST path=/lingxi/v1/sessions/sess_local_alpha/execute status=200
2026-09-28T17:56:29.991820Z  INFO lingxi_service: request handled request_id=req-13c354535743dcff9bc180890247937b method=POST path=/lingxi/v1/sessions/sess_local_alpha/execute status=200
2026-09-28T17:56:29.992032Z  INFO lingxi_service::sessions: run committed and published (post-commit) run_id=run_000001a0e92940a5_000279 session_id=sess_local_alpha events=run_000001a0e92940a5_000279-done input_chars=17
2026-09-28T17:56:29.992154Z  INFO lingxi_service::sessions: run committed and published (post-commit) run_id=run_000001a0e92940a5_00027a session_id=sess_local_alpha events=run_000001a0e92940a5_00027a-done input_chars=17
2026-09-28T17:56:29.992464Z  INFO lingxi_service::sessions: run committed and published (post-commit) run_id=run_000001a0e92940a5_00027b session_id=sess_local_alpha events=run_000001a0e92940a5_00027b-done input_chars=17
2026-09-28T17:56:29.992899Z  INFO lingxi_service::sessions: run committed and published (post-commit) run_id=run_000001a0e92940a5_00027c session_id=sess_local_alpha events=run_000001a0e92940a5_00027c-done input_chars=17
2026-09-28T17:56:29.993236Z  INFO lingxi_service: request handled request_id=req-a64685904c02f3387067835b797cd985 method=POST path=/lingxi/v1/sessions/sess_local_alpha/execute status=200
2026-09-28T17:56:29.993942Z  INFO lingxi_service: request handled request_id=req-f7ebac993a064a11d37fa7d2e142fbf9 method=POST path=/lingxi/v1/sessions/sess_local_alpha/execute status=200
2026-09-28T17:56:29.993982Z  INFO lingxi_service: request handled request_id=req-a6228b7bd45337d8e556afe0e7095999 method=POST path=/lingxi/v1/sessions/sess_local_alpha/execute status=200
2026-09-28T17:56:29.994108Z  INFO lingxi_service::sessions: run committed and published (post-commit) run_id=run_000001a0e92940a6_00027d session_id=sess_local_alpha events=run_000001a0e92940a6_00027d-done input_chars=17
2026-09-28T17:56:29.994518Z  INFO lingxi_service: request handled request_id=req-66b378102c70054db992fcc4aaa0f6fc method=POST path=/lingxi/v1/sessions/sess_local_alpha/execute status=200
2026-09-28T17:56:29.994624Z  INFO lingxi_service::sessions: run committed and published (post-commit) run_id=run_000001a0e92940a6_00027e session_id=sess_local_alpha events=run_000001a0e92940a6_00027e-done input_chars=17
2026-09-28T17:56:29.994776Z  INFO lingxi_service::sessions: run committed and published (post-commit) run_id=run_000001a0e92940a6_00027f session_id=sess_local_alpha events=run_000001a0e92940a6_00027f-done input_chars=17
2026-09-28T17:56:29.994972Z  INFO lingxi_service: request handled request_id=req-297a9769c8717e1faa2b79e9e77c2a98 method=POST path=/lingxi/v1/sessions/sess_local_alpha/execute status=200
2026-09-28T17:56:29.995074Z  INFO lingxi_service::sessions: run committed and published (post-commit) run_id=run_000001a0e92940a6_000280 session_id=sess_local_alpha events=run_000001a0e92940a6_000280-done input_chars=17
2026-09-28T17:56:29.995180Z  INFO lingxi_service::sessions: run committed and published (post-commit) run_id=run_000001a0e92940a6_000281 session_id=sess_local_alpha events=run_000001a0e92940a6_000281-done input_chars=17
2026-09-28T17:56:29.995297Z  INFO lingxi_service::sessions: run committed and published (post-commit) run_id=run_000001a0e92940a6_000282 session_id=sess_local_alpha events=run_000001a0e92940a6_000282-done input_chars=17
2026-09-28T17:56:29.995407Z  INFO lingxi_service::sessions: run committed and published (post-commit) run_id=run_000001a0e92940a6_000283 session_id=sess_local_alpha events=run_000001a0e92940a6_000283-done input_chars=17
2026-09-28T17:56:29.995515Z  INFO lingxi_service::sessions: run committed and published (post-commit) run_id=run_000001a0e92940a6_000284 session_id=sess_local_alpha events=run_000001a0e92940a6_000284-done input_chars=17
2026-09-28T17:56:29.995623Z  INFO lingxi_service::sessions: run committed and published (post-commit) run_id=run_000001a0e92940a6_000285 session_id=sess_local_alpha events=run_000001a0e92940a6_000285-done input_chars=17
2026-09-28T17:56:29.995671Z  INFO lingxi_service: request handled request_id=req-ae7b56cea207023d2cc3de764f109a3f method=POST path=/lingxi/v1/sessions/sess_local_alpha/execute status=200
2026-09-28T17:56:29.995779Z  INFO lingxi_service::sessions: run committed and published (post-commit) run_id=run_000001a0e92940a7_000286 session_id=sess_local_alpha events=run_000001a0e92940a7_000286-done input_chars=17
2026-09-28T17:56:29.995890Z  INFO lingxi_service::sessions: run committed and published (post-commit) run_id=run_000001a0e92940a7_000287 session_id=sess_local_alpha events=run_000001a0e92940a7_000287-done input_chars=17
2026-09-28T17:56:29.995936Z  INFO lingxi_service: request handled request_id=req-75f64db1f989f5d6b9d0b0cf610bf197 method=POST path=/lingxi/v1/sessions/sess_local_alpha/execute status=200
2026-09-28T17:56:29.995981Z  INFO lingxi_service: request handled request_id=req-96b36a6a55d0e0fbb916b98cf49552f7 method=POST path=/lingxi/v1/sessions/sess_local_alpha/execute status=200
2026-09-28T17:56:29.996082Z  INFO lingxi_service::sessions: run committed and published (post-commit) run_id=run_000001a0e92940a7_000288 session_id=sess_local_alpha events=run_000001a0e92940a7_000288-done input_chars=17
2026-09-28T17:56:29.996132Z  INFO lingxi_service: request handled request_id=req-4bba4f7897b6db00ffa8584f6d87c560 method=POST path=/lingxi/v1/sessions/sess_local_alpha/execute status=200
2026-09-28T17:56:29.996166Z  INFO lingxi_service: request handled request_id=req-a3702fad276454093ce4c78eabdaeb92 method=POST path=/lingxi/v1/sessions/sess_local_alpha/execute status=200
2026-09-28T17:56:29.996208Z  INFO lingxi_service: request handled request_id=req-cabede8f420361eb263205d23d1218f9 method=POST path=/lingxi/v1/sessions/sess_local_alpha/execute status=200
2026-09-28T17:56:29.996248Z  INFO lingxi_service: request handled request_id=req-9dac03ff59019ed5e24c83f20684ea07 method=POST path=/lingxi/v1/sessions/sess_local_alpha/execute status=200
2026-09-28T17:56:29.996300Z  INFO lingxi_service: request handled request_id=req-06301eb92a55ada9304fb891c57746a6 method=POST path=/lingxi/v1/sessions/sess_local_alpha/execute status=200
2026-09-28T17:56:29.996344Z  INFO lingxi_service: request handled request_id=req-15a9d024c7b85cb3df752cb0ef18a34b method=POST path=/lingxi/v1/sessions/sess_local_alpha/execute status=200
2026-09-28T17:56:29.996394Z  INFO lingxi_service: request handled request_id=req-4ea641da85cab45f257330b44254f153 method=POST path=/lingxi/v1/sessions/sess_local_alpha/execute status=200
2026-09-28T17:56:29.996438Z  INFO lingxi_service: request handled request_id=req-3934413d30e217753ca9988a573463aa method=POST path=/lingxi/v1/sessions/sess_local_alpha/execute status=200
2026-09-28T17:56:29.996479Z  INFO lingxi_service: request handled request_id=req-bc62a23b40566d0fa0d9783c3afb11ca method=POST path=/lingxi/v1/sessions/sess_local_alpha/execute status=200
2026-09-28T17:56:29.997743Z  INFO lingxi_service::sessions: run committed and published (post-commit) run_id=run_000001a0e92940ad_000289 session_id=sess_local_alpha events=run_000001a0e92940ad_000289-done input_chars=17
2026-09-28T17:56:29.998460Z  INFO lingxi_service: request handled request_id=req-677462ba01062b12219644b15bd8990d method=POST path=/lingxi/v1/sessions/sess_local_alpha/execute status=200
2026-09-28T17:56:29.998594Z  INFO lingxi_service::sessions: run committed and published (post-commit) run_id=run_000001a0e92940ad_00028a session_id=sess_local_alpha events=run_000001a0e92940ad_00028a-done input_chars=17
2026-09-28T17:56:29.998720Z  INFO lingxi_service::sessions: run committed and published (post-commit) run_id=run_000001a0e92940ad_00028b session_id=sess_local_alpha events=run_000001a0e92940ad_00028b-done input_chars=17
2026-09-28T17:56:29.998853Z  INFO lingxi_service::sessions: run committed and published (post-commit) run_id=run_000001a0e92940ad_00028c session_id=sess_local_alpha events=run_000001a0e92940ad_00028c-done input_chars=17
2026-09-28T17:56:29.998990Z  INFO lingxi_service::sessions: run committed and published (post-commit) run_id=run_000001a0e92940ad_00028d session_id=sess_local_alpha events=run_000001a0e92940ad_00028d-done input_chars=17
2026-09-28T17:56:29.999464Z  INFO lingxi_service: request handled request_id=req-b15d8e6b9d398075b3d1c00b23376066 method=POST path=/lingxi/v1/sessions/sess_local_alpha/execute status=200
2026-09-28T17:56:29.999672Z  INFO lingxi_service: request handled request_id=req-f7e223eb40d31af30ff556faa1e5aa94 method=POST path=/lingxi/v1/sessions/sess_local_alpha/execute status=200
2026-09-28T17:56:29.999885Z  INFO lingxi_service: request handled request_id=req-5ce2308c05bc05261beda28c8436d040 method=POST path=/lingxi/v1/sessions/sess_local_alpha/execute status=200
2026-09-28T17:56:29.999930Z  INFO lingxi_service: request handled request_id=req-1c8b64f4acc132ffb91b4820b5805cfc method=POST path=/lingxi/v1/sessions/sess_local_alpha/execute status=200
2026-09-28T17:56:30.000046Z  INFO lingxi_service::sessions: run committed and published (post-commit) run_id=run_000001a0e92940ad_00028e session_id=sess_local_alpha events=run_000001a0e92940ad_00028e-done input_chars=17
2026-09-28T17:56:30.000495Z  INFO lingxi_service::sessions: run committed and published (post-commit) run_id=run_000001a0e92940ae_00028f session_id=sess_local_alpha events=run_000001a0e92940ae_00028f-done input_chars=17
2026-09-28T17:56:30.000868Z  INFO lingxi_service::sessions: run committed and published (post-commit) run_id=run_000001a0e92940ae_000290 session_id=sess_local_alpha events=run_000001a0e92940ae_000290-done input_chars=17
2026-09-28T17:56:30.001174Z  INFO lingxi_service::sessions: run committed and published (post-commit) run_id=run_000001a0e92940ae_000291 session_id=sess_local_alpha events=run_000001a0e92940ae_000291-done input_chars=17
2026-09-28T17:56:30.001420Z  INFO lingxi_service: request handled request_id=req-10a9cd5eb205cefcb56a8cd5bcbc1465 method=POST path=/lingxi/v1/sessions/sess_local_alpha/execute status=200
2026-09-28T17:56:30.001546Z  INFO lingxi_service::sessions: run committed and published (post-commit) run_id=run_000001a0e92940ae_000292 session_id=sess_local_alpha events=run_000001a0e92940ae_000292-done input_chars=17
2026-09-28T17:56:30.001656Z  INFO lingxi_service::sessions: run committed and published (post-commit) run_id=run_000001a0e92940ae_000293 session_id=sess_local_alpha events=run_000001a0e92940ae_000293-done input_chars=17
2026-09-28T17:56:30.001876Z  INFO lingxi_service: request handled request_id=req-6b9906fc3a567d502b16718373b2f4c3 method=POST path=/lingxi/v1/sessions/sess_local_alpha/execute status=200
2026-09-28T17:56:30.001991Z  INFO lingxi_service::sessions: run committed and published (post-commit) run_id=run_000001a0e92940ae_000294 session_id=sess_local_alpha events=run_000001a0e92940ae_000294-done input_chars=17
2026-09-28T17:56:30.002242Z  INFO lingxi_service: request handled request_id=req-5d3c7c796990ed85ebcf078d7df0a9e3 method=POST path=/lingxi/v1/sessions/sess_local_alpha/execute status=200
2026-09-28T17:56:30.002341Z  INFO lingxi_service::sessions: run committed and published (post-commit) run_id=run_000001a0e92940ae_000295 session_id=sess_local_alpha events=run_000001a0e92940ae_000295-done input_chars=17
2026-09-28T17:56:30.002830Z  INFO lingxi_service: request handled request_id=req-e4f5e2c33ce0d4095b3646e88545965c method=POST path=/lingxi/v1/sessions/sess_local_alpha/execute status=200
2026-09-28T17:56:30.002935Z  INFO lingxi_service::sessions: run committed and published (post-commit) run_id=run_000001a0e92940af_000296 session_id=sess_local_alpha events=run_000001a0e92940af_000296-done input_chars=17
2026-09-28T17:56:30.003132Z  INFO lingxi_service: request handled request_id=req-c3ac191808cf22e60800274ba9cfff49 method=POST path=/lingxi/v1/sessions/sess_local_alpha/execute status=200
2026-09-28T17:56:30.003174Z  INFO lingxi_service: request handled request_id=req-c84f9079ebb3e0aed73c9d99a27d3856 method=POST path=/lingxi/v1/sessions/sess_local_alpha/execute status=200
2026-09-28T17:56:30.003280Z  INFO lingxi_service::sessions: run committed and published (post-commit) run_id=run_000001a0e92940af_000297 session_id=sess_local_alpha events=run_000001a0e92940af_000297-done input_chars=17
2026-09-28T17:56:30.003688Z  INFO lingxi_service: request handled request_id=req-2171bfc7c71d83b3cc33801900624c08 method=POST path=/lingxi/v1/sessions/sess_local_alpha/execute status=200
2026-09-28T17:56:30.003822Z  INFO lingxi_service::sessions: run committed and published (post-commit) run_id=run_000001a0e92940af_000298 session_id=sess_local_alpha events=run_000001a0e92940af_000298-done input_chars=17
2026-09-28T17:56:30.004321Z  INFO lingxi_service: request handled request_id=req-2ff0fad93652a83851425be0774a4a34 method=POST path=/lingxi/v1/sessions/sess_local_alpha/execute status=200
2026-09-28T17:56:30.004422Z  INFO lingxi_service::sessions: run committed and published (post-commit) run_id=run_000001a0e92940af_000299 session_id=sess_local_alpha events=run_000001a0e92940af_000299-done input_chars=17
2026-09-28T17:56:30.004555Z  INFO lingxi_service::sessions: run committed and published (post-commit) run_id=run_000001a0e92940af_00029a session_id=sess_local_alpha events=run_000001a0e92940af_00029a-done input_chars=17
2026-09-28T17:56:30.004602Z  INFO lingxi_service: request handled request_id=req-e03615e5d9ea8b165f73febd7f9f5367 method=POST path=/lingxi/v1/sessions/sess_local_alpha/execute status=200
2026-09-28T17:56:30.005085Z  INFO lingxi_service::sessions: run committed and published (post-commit) run_id=run_000001a0e92940b0_00029b session_id=sess_local_alpha events=run_000001a0e92940b0_00029b-done input_chars=17
2026-09-28T17:56:30.005133Z  INFO lingxi_service: request handled request_id=req-ac92724823a2b6040e2de1ece7c6af98 method=POST path=/lingxi/v1/sessions/sess_local_alpha/execute status=200
2026-09-28T17:56:30.005264Z  INFO lingxi_service::sessions: run committed and published (post-commit) run_id=run_000001a0e92940b0_00029c session_id=sess_local_alpha events=run_000001a0e92940b0_00029c-done input_chars=17
2026-09-28T17:56:30.005374Z  INFO lingxi_service::sessions: run committed and published (post-commit) run_id=run_000001a0e92940b0_00029d session_id=sess_local_alpha events=run_000001a0e92940b0_00029d-done input_chars=17
2026-09-28T17:56:30.005425Z  INFO lingxi_service: request handled request_id=req-aa14579f6fcbb93cd7fc6dfb4de25dc2 method=POST path=/lingxi/v1/sessions/sess_local_alpha/execute status=200
2026-09-28T17:56:30.005547Z  INFO lingxi_service::sessions: run committed and published (post-commit) run_id=run_000001a0e92940b0_00029e session_id=sess_local_alpha events=run_000001a0e92940b0_00029e-done input_chars=17
2026-09-28T17:56:30.005653Z  INFO lingxi_service::sessions: run committed and published (post-commit) run_id=run_000001a0e92940b0_00029f session_id=sess_local_alpha events=run_000001a0e92940b0_00029f-done input_chars=17
2026-09-28T17:56:30.005767Z  INFO lingxi_service::sessions: run committed and published (post-commit) run_id=run_000001a0e92940b0_0002a0 session_id=sess_local_alpha events=run_000001a0e92940b0_0002a0-done input_chars=17
2026-09-28T17:56:30.005819Z  INFO lingxi_service: request handled request_id=req-fe60ca3e56748496e85a6cc76735ffa3 method=POST path=/lingxi/v1/sessions/sess_local_alpha/execute status=200
2026-09-28T17:56:30.005859Z  INFO lingxi_service: request handled request_id=req-83215d682e37ca38db7e1b41ef619ebf method=POST path=/lingxi/v1/sessions/sess_local_alpha/execute status=200
2026-09-28T17:56:30.005905Z  INFO lingxi_service: request handled request_id=req-96f314880f80e3b837408e967634812f method=POST path=/lingxi/v1/sessions/sess_local_alpha/execute status=200
2026-09-28T17:56:30.005941Z  INFO lingxi_service: request handled request_id=req-b7a19c4ccaaa2be2cd64ce3bdca8cf80 method=POST path=/lingxi/v1/sessions/sess_local_alpha/execute status=200
2026-09-28T17:56:30.006005Z  INFO lingxi_service: request handled request_id=req-baef751342721abb234749b5c97182a6 method=POST path=/lingxi/v1/sessions/sess_local_alpha/execute status=200
2026-09-28T17:56:30.006030Z  INFO lingxi_service: request handled request_id=req-7581928c444107caffb5a41d10d82f57 method=POST path=/lingxi/v1/sessions/sess_local_alpha/execute status=200
2026-09-28T17:56:30.006074Z  INFO lingxi_service: request handled request_id=req-33fec3a3b4e8c1a435c8ee570666d035 method=POST path=/lingxi/v1/sessions/sess_local_alpha/execute status=200
2026-09-28T17:56:30.006121Z  INFO lingxi_service: request handled request_id=req-4595c090dd23397ba637bb19223a6b2e method=POST path=/lingxi/v1/sessions/sess_local_alpha/execute status=200
2026-09-28T17:56:30.007340Z  INFO lingxi_service::sessions: run committed and published (post-commit) run_id=run_000001a0e92940b6_0002a1 session_id=sess_local_alpha events=run_000001a0e92940b6_0002a1-done input_chars=17
2026-09-28T17:56:30.007751Z  INFO lingxi_service: request handled request_id=req-c294a33ffd932368f44bea3e41921e7e method=POST path=/lingxi/v1/sessions/sess_local_alpha/execute status=200
2026-09-28T17:56:30.007874Z  INFO lingxi_service::sessions: run committed and published (post-commit) run_id=run_000001a0e92940b6_0002a2 session_id=sess_local_alpha events=run_000001a0e92940b6_0002a2-done input_chars=17
2026-09-28T17:56:30.008028Z  INFO lingxi_service::sessions: run committed and published (post-commit) run_id=run_000001a0e92940b6_0002a3 session_id=sess_local_alpha events=run_000001a0e92940b6_0002a3-done input_chars=17
2026-09-28T17:56:30.008621Z  INFO lingxi_service: request handled request_id=req-d32303cf9d274cd0e9e1baad2435ab19 method=POST path=/lingxi/v1/sessions/sess_local_alpha/execute status=200
2026-09-28T17:56:30.008714Z  INFO lingxi_service: request handled request_id=req-548a928d987af435b63d3d80a2943a59 method=POST path=/lingxi/v1/sessions/sess_local_alpha/execute status=200
2026-09-28T17:56:30.008785Z  INFO lingxi_service::sessions: run committed and published (post-commit) run_id=run_000001a0e92940b7_0002a4 session_id=sess_local_alpha events=run_000001a0e92940b7_0002a4-done input_chars=17
2026-09-28T17:56:30.008931Z  INFO lingxi_service::sessions: run committed and published (post-commit) run_id=run_000001a0e92940b7_0002a5 session_id=sess_local_alpha events=run_000001a0e92940b7_0002a5-done input_chars=17
2026-09-28T17:56:30.009207Z  INFO lingxi_service::sessions: run committed and published (post-commit) run_id=run_000001a0e92940b7_0002a6 session_id=sess_local_alpha events=run_000001a0e92940b7_0002a6-done input_chars=17
2026-09-28T17:56:30.009672Z  INFO lingxi_service: request handled request_id=req-0951e0c27f76528cdfb778c6ead79e1e method=POST path=/lingxi/v1/sessions/sess_local_alpha/execute status=200
2026-09-28T17:56:30.009755Z  INFO lingxi_service: request handled request_id=req-24bbd1ece2197f9cb36757feb2bc4319 method=POST path=/lingxi/v1/sessions/sess_local_alpha/execute status=200
2026-09-28T17:56:30.009889Z  INFO lingxi_service::sessions: run committed and published (post-commit) run_id=run_000001a0e92940b7_0002a7 session_id=sess_local_alpha events=run_000001a0e92940b7_0002a7-done input_chars=17
2026-09-28T17:56:30.009939Z  INFO lingxi_service: request handled request_id=req-2eec681089f60930f8feffe77e9b3ac0 method=POST path=/lingxi/v1/sessions/sess_local_alpha/execute status=200
2026-09-28T17:56:30.010064Z  INFO lingxi_service::sessions: run committed and published (post-commit) run_id=run_000001a0e92940b8_0002a8 session_id=sess_local_alpha events=run_000001a0e92940b8_0002a8-done input_chars=17
2026-09-28T17:56:30.010745Z  INFO lingxi_service::sessions: run committed and published (post-commit) run_id=run_000001a0e92940b8_0002a9 session_id=sess_local_alpha events=run_000001a0e92940b8_0002a9-done input_chars=17
2026-09-28T17:56:30.011433Z  INFO lingxi_service: request handled request_id=req-d577394db4f92c1fdf6650b1a2bc3bb8 method=POST path=/lingxi/v1/sessions/sess_local_alpha/execute status=200
2026-09-28T17:56:30.011488Z  INFO lingxi_service: request handled request_id=req-d95e0546801b9b00a1097dee9d5f4ada method=POST path=/lingxi/v1/sessions/sess_local_alpha/execute status=200
2026-09-28T17:56:30.011621Z  INFO lingxi_service::sessions: run committed and published (post-commit) run_id=run_000001a0e92940b8_0002aa session_id=sess_local_alpha events=run_000001a0e92940b8_0002aa-done input_chars=17
2026-09-28T17:56:30.011747Z  INFO lingxi_service::sessions: run committed and published (post-commit) run_id=run_000001a0e92940b8_0002ab session_id=sess_local_alpha events=run_000001a0e92940b8_0002ab-done input_chars=17
2026-09-28T17:56:30.011897Z  INFO lingxi_service::sessions: run committed and published (post-commit) run_id=run_000001a0e92940b8_0002ac session_id=sess_local_alpha events=run_000001a0e92940b8_0002ac-done input_chars=17
2026-09-28T17:56:30.012101Z  INFO lingxi_service: request handled request_id=req-f6e399b950e745ac0e14fa545ffa859e method=POST path=/lingxi/v1/sessions/sess_local_alpha/execute status=200
2026-09-28T17:56:30.012227Z  INFO lingxi_service::sessions: run committed and published (post-commit) run_id=run_000001a0e92940b8_0002ad session_id=sess_local_alpha events=run_000001a0e92940b8_0002ad-done input_chars=17
2026-09-28T17:56:30.012415Z  INFO lingxi_service::sessions: run committed and published (post-commit) run_id=run_000001a0e92940b8_0002ae session_id=sess_local_alpha events=run_000001a0e92940b8_0002ae-done input_chars=17
2026-09-28T17:56:30.012692Z  INFO lingxi_service::sessions: run committed and published (post-commit) run_id=run_000001a0e92940b8_0002af session_id=sess_local_alpha events=run_000001a0e92940b8_0002af-done input_chars=17
2026-09-28T17:56:30.012796Z  INFO lingxi_service::sessions: run committed and published (post-commit) run_id=run_000001a0e92940b9_0002b0 session_id=sess_local_alpha events=run_000001a0e92940b9_0002b0-done input_chars=17
2026-09-28T17:56:30.013448Z  INFO lingxi_service: request handled request_id=req-627500ad8fa782a5602bdcd13335c1cb method=POST path=/lingxi/v1/sessions/sess_local_alpha/execute status=200
2026-09-28T17:56:30.013787Z  INFO lingxi_service: request handled request_id=req-876ed7a88522a7487fe569ad579c99ef method=POST path=/lingxi/v1/sessions/sess_local_alpha/execute status=200
2026-09-28T17:56:30.013828Z  INFO lingxi_service: request handled request_id=req-6b384db5f4aa838822c946a732516609 method=POST path=/lingxi/v1/sessions/sess_local_alpha/execute status=200
2026-09-28T17:56:30.013951Z  INFO lingxi_service::sessions: run committed and published (post-commit) run_id=run_000001a0e92940b9_0002b1 session_id=sess_local_alpha events=run_000001a0e92940b9_0002b1-done input_chars=17
2026-09-28T17:56:30.013998Z  INFO lingxi_service: request handled request_id=req-03243efcf6418df506b8921ae13a51d3 method=POST path=/lingxi/v1/sessions/sess_local_alpha/execute status=200
2026-09-28T17:56:30.014043Z  INFO lingxi_service: request handled request_id=req-cacb754323bbc7688c1dab579208f0f1 method=POST path=/lingxi/v1/sessions/sess_local_alpha/execute status=200
2026-09-28T17:56:30.014190Z  INFO lingxi_service::sessions: run committed and published (post-commit) run_id=run_000001a0e92940b9_0002b2 session_id=sess_local_alpha events=run_000001a0e92940b9_0002b2-done input_chars=17
2026-09-28T17:56:30.014236Z  INFO lingxi_service: request handled request_id=req-0c61bf10eaa65f284b28ca70ca3617c8 method=POST path=/lingxi/v1/sessions/sess_local_alpha/execute status=200
2026-09-28T17:56:30.014280Z  INFO lingxi_service: request handled request_id=req-699d148e1758cb574fe779357cf50853 method=POST path=/lingxi/v1/sessions/sess_local_alpha/execute status=200
2026-09-28T17:56:30.014416Z  INFO lingxi_service::sessions: run committed and published (post-commit) run_id=run_000001a0e92940ba_0002b3 session_id=sess_local_alpha events=run_000001a0e92940ba_0002b3-done input_chars=17
2026-09-28T17:56:30.014544Z  INFO lingxi_service::sessions: run committed and published (post-commit) run_id=run_000001a0e92940ba_0002b4 session_id=sess_local_alpha events=run_000001a0e92940ba_0002b4-done input_chars=17
2026-09-28T17:56:30.014657Z  INFO lingxi_service::sessions: run committed and published (post-commit) run_id=run_000001a0e92940ba_0002b5 session_id=sess_local_alpha events=run_000001a0e92940ba_0002b5-done input_chars=17
2026-09-28T17:56:30.014817Z  INFO lingxi_service::sessions: run committed and published (post-commit) run_id=run_000001a0e92940ba_0002b6 session_id=sess_local_alpha events=run_000001a0e92940ba_0002b6-done input_chars=17
2026-09-28T17:56:30.014930Z  INFO lingxi_service::sessions: run committed and published (post-commit) run_id=run_000001a0e92940ba_0002b7 session_id=sess_local_alpha events=run_000001a0e92940ba_0002b7-done input_chars=17
2026-09-28T17:56:30.015045Z  INFO lingxi_service::sessions: run committed and published (post-commit) run_id=run_000001a0e92940ba_0002b8 session_id=sess_local_alpha events=run_000001a0e92940ba_0002b8-done input_chars=17
2026-09-28T17:56:30.015100Z  INFO lingxi_service: request handled request_id=req-bdd3f63984c15d279d35c16149e0c6ed method=POST path=/lingxi/v1/sessions/sess_local_alpha/execute status=200
2026-09-28T17:56:30.015138Z  INFO lingxi_service: request handled request_id=req-5fbc8baa60499c45c322918acb92f3a0 method=POST path=/lingxi/v1/sessions/sess_local_alpha/execute status=200
2026-09-28T17:56:30.015183Z  INFO lingxi_service: request handled request_id=req-33a555e2ba0b3ea219dceccbd4bdb14c method=POST path=/lingxi/v1/sessions/sess_local_alpha/execute status=200
2026-09-28T17:56:30.015223Z  INFO lingxi_service: request handled request_id=req-d052487a13527183bd03cc4d9e152ae0 method=POST path=/lingxi/v1/sessions/sess_local_alpha/execute status=200
2026-09-28T17:56:30.015263Z  INFO lingxi_service: request handled request_id=req-c310e85d24dd13b8038e24efa0e69549 method=POST path=/lingxi/v1/sessions/sess_local_alpha/execute status=200
2026-09-28T17:56:30.015304Z  INFO lingxi_service: request handled request_id=req-c08dc3fb12efb33aa51ed438c3bf794a method=POST path=/lingxi/v1/sessions/sess_local_alpha/execute status=200
2026-09-28T17:56:30.015344Z  INFO lingxi_service: request handled request_id=req-e5017de8bda0225d907d0e42815e3d41 method=POST path=/lingxi/v1/sessions/sess_local_alpha/execute status=200
2026-09-28T17:56:30.015404Z  INFO lingxi_service: request handled request_id=req-f21a3f8a1e535a5fa719aa9558096e62 method=POST path=/lingxi/v1/sessions/sess_local_alpha/execute status=200
2026-09-28T17:56:30.016356Z  INFO lingxi_service::sessions: run committed and published (post-commit) run_id=run_000001a0e92940bf_0002b9 session_id=sess_local_alpha events=run_000001a0e92940bf_0002b9-done input_chars=17
2026-09-28T17:56:30.016748Z  INFO lingxi_service: request handled request_id=req-efc0982ced8392d47219d20593ba20b4 method=POST path=/lingxi/v1/sessions/sess_local_alpha/execute status=200
2026-09-28T17:56:30.016904Z  INFO lingxi_service::sessions: run committed and published (post-commit) run_id=run_000001a0e92940c0_0002ba session_id=sess_local_alpha events=run_000001a0e92940c0_0002ba-done input_chars=17
2026-09-28T17:56:30.017068Z  INFO lingxi_service::sessions: run committed and published (post-commit) run_id=run_000001a0e92940c0_0002bb session_id=sess_local_alpha events=run_000001a0e92940c0_0002bb-done input_chars=17
2026-09-28T17:56:30.017322Z  INFO lingxi_service: request handled request_id=req-45164f1251d71caa4b122610fd329157 method=POST path=/lingxi/v1/sessions/sess_local_alpha/execute status=200
2026-09-28T17:56:30.017367Z  INFO lingxi_service: request handled request_id=req-b939f6e0629b05d7430a7d8b2b247d51 method=POST path=/lingxi/v1/sessions/sess_local_alpha/execute status=200
2026-09-28T17:56:30.017485Z  INFO lingxi_service::sessions: run committed and published (post-commit) run_id=run_000001a0e92940c0_0002bc session_id=sess_local_alpha events=run_000001a0e92940c0_0002bc-done input_chars=17
2026-09-28T17:56:30.017940Z  INFO lingxi_service: request handled request_id=req-ba203c3fb21e6f1b6524dc6f155b9c9f method=POST path=/lingxi/v1/sessions/sess_local_alpha/execute status=200
2026-09-28T17:56:30.018123Z  INFO lingxi_service::sessions: run committed and published (post-commit) run_id=run_000001a0e92940c0_0002bd session_id=sess_local_alpha events=run_000001a0e92940c0_0002bd-done input_chars=17
2026-09-28T17:56:30.018756Z  INFO lingxi_service::sessions: run committed and published (post-commit) run_id=run_000001a0e92940c1_0002be session_id=sess_local_alpha events=run_000001a0e92940c1_0002be-done input_chars=17
2026-09-28T17:56:30.018975Z  INFO lingxi_service: request handled request_id=req-4ab4f89dba2ed6bf84aa946b4952941a method=POST path=/lingxi/v1/sessions/sess_local_alpha/execute status=200
2026-09-28T17:56:30.019089Z  INFO lingxi_service::sessions: run committed and published (post-commit) run_id=run_000001a0e92940c1_0002bf session_id=sess_local_alpha events=run_000001a0e92940c1_0002bf-done input_chars=17
2026-09-28T17:56:30.019235Z  INFO lingxi_service::sessions: run committed and published (post-commit) run_id=run_000001a0e92940c1_0002c0 session_id=sess_local_alpha events=run_000001a0e92940c1_0002c0-done input_chars=17
2026-09-28T17:56:30.019383Z  INFO lingxi_service::sessions: run committed and published (post-commit) run_id=run_000001a0e92940c1_0002c1 session_id=sess_local_alpha events=run_000001a0e92940c1_0002c1-done input_chars=17
2026-09-28T17:56:30.019774Z  INFO lingxi_service: request handled request_id=req-e8626790d8bacc8986a3c46928fff177 method=POST path=/lingxi/v1/sessions/sess_local_alpha/execute status=200
2026-09-28T17:56:30.019886Z  INFO lingxi_service::sessions: run committed and published (post-commit) run_id=run_000001a0e92940c1_0002c2 session_id=sess_local_alpha events=run_000001a0e92940c1_0002c2-done input_chars=17
2026-09-28T17:56:30.020256Z  INFO lingxi_service: request handled request_id=req-022f4824b6eef000e76b5cf9b4d5f968 method=POST path=/lingxi/v1/sessions/sess_local_alpha/execute status=200
2026-09-28T17:56:30.020601Z  INFO lingxi_service: request handled request_id=req-af4512f1e3cf82cec80cc109caf0c464 method=POST path=/lingxi/v1/sessions/sess_local_alpha/execute status=200
2026-09-28T17:56:30.020656Z  INFO lingxi_service: request handled request_id=req-c75728a10ff53add0e36cbbe96f400c0 method=POST path=/lingxi/v1/sessions/sess_local_alpha/execute status=200
2026-09-28T17:56:30.020770Z  INFO lingxi_service::sessions: run committed and published (post-commit) run_id=run_000001a0e92940c1_0002c3 session_id=sess_local_alpha events=run_000001a0e92940c1_0002c3-done input_chars=17
2026-09-28T17:56:30.020879Z  INFO lingxi_service::sessions: run committed and published (post-commit) run_id=run_000001a0e92940c1_0002c4 session_id=sess_local_alpha events=run_000001a0e92940c1_0002c4-done input_chars=17
2026-09-28T17:56:30.021125Z  INFO lingxi_service: request handled request_id=req-9a3aaf236fbc333c1c685264291890c1 method=POST path=/lingxi/v1/sessions/sess_local_alpha/execute status=200
2026-09-28T17:56:30.021227Z  INFO lingxi_service::sessions: run committed and published (post-commit) run_id=run_000001a0e92940c2_0002c5 session_id=sess_local_alpha events=run_000001a0e92940c2_0002c5-done input_chars=17
2026-09-28T17:56:30.021350Z  INFO lingxi_service::sessions: run committed and published (post-commit) run_id=run_000001a0e92940c2_0002c6 session_id=sess_local_alpha events=run_000001a0e92940c2_0002c6-done input_chars=17
2026-09-28T17:56:30.021462Z  INFO lingxi_service::sessions: run committed and published (post-commit) run_id=run_000001a0e92940c2_0002c7 session_id=sess_local_alpha events=run_000001a0e92940c2_0002c7-done input_chars=17
2026-09-28T17:56:30.021575Z  INFO lingxi_service::sessions: run committed and published (post-commit) run_id=run_000001a0e92940c2_0002c8 session_id=sess_local_alpha events=run_000001a0e92940c2_0002c8-done input_chars=17
2026-09-28T17:56:30.021942Z  INFO lingxi_service: request handled request_id=req-67b5c4b45fcd102d5a9ebc5c8e320ffd method=POST path=/lingxi/v1/sessions/sess_local_alpha/execute status=200
2026-09-28T17:56:30.021985Z  INFO lingxi_service: request handled request_id=req-eb9db99a91dab107a5c2560341ede644 method=POST path=/lingxi/v1/sessions/sess_local_alpha/execute status=200
2026-09-28T17:56:30.022097Z  INFO lingxi_service::sessions: run committed and published (post-commit) run_id=run_000001a0e92940c2_0002c9 session_id=sess_local_alpha events=run_000001a0e92940c2_0002c9-done input_chars=17
2026-09-28T17:56:30.022908Z  INFO lingxi_service: request handled request_id=req-f056a88d4c1a676cea4824da19ea5963 method=POST path=/lingxi/v1/sessions/sess_local_alpha/execute status=200
2026-09-28T17:56:30.022952Z  INFO lingxi_service: request handled request_id=req-419ec0071ce4536c97c74614cf0b20ef method=POST path=/lingxi/v1/sessions/sess_local_alpha/execute status=200
2026-09-28T17:56:30.022991Z  INFO lingxi_service: request handled request_id=req-e0c9bf9b2c399e9707debfecd00a65fc method=POST path=/lingxi/v1/sessions/sess_local_alpha/execute status=200
2026-09-28T17:56:30.023034Z  INFO lingxi_service: request handled request_id=req-d84479fe685f392e2453469422813fbd method=POST path=/lingxi/v1/sessions/sess_local_alpha/execute status=200
2026-09-28T17:56:30.023158Z  INFO lingxi_service::sessions: run committed and published (post-commit) run_id=run_000001a0e92940c3_0002ca session_id=sess_local_alpha events=run_000001a0e92940c3_0002ca-done input_chars=17
2026-09-28T17:56:30.023269Z  INFO lingxi_service::sessions: run committed and published (post-commit) run_id=run_000001a0e92940c3_0002cb session_id=sess_local_alpha events=run_000001a0e92940c3_0002cb-done input_chars=17
2026-09-28T17:56:30.023325Z  INFO lingxi_service: request handled request_id=req-a930bbb2261c36b202ec1db3afaa1c1f method=POST path=/lingxi/v1/sessions/sess_local_alpha/execute status=200
2026-09-28T17:56:30.023421Z  INFO lingxi_service::sessions: run committed and published (post-commit) run_id=run_000001a0e92940c3_0002cc session_id=sess_local_alpha events=run_000001a0e92940c3_0002cc-done input_chars=17
2026-09-28T17:56:30.023535Z ERROR lingxi_service::events: subscription detached with explicit snapshot_required signal stream=sess_local_alpha subscriber=0 reason="slow_consumer" queue_capacity=4 dropped_deltas=0 last_enqueued_seq=1436
2026-09-28T17:56:30.023602Z  INFO lingxi_service::sessions: run committed and published (post-commit) run_id=run_000001a0e92940c3_0002cd session_id=sess_local_alpha events=run_000001a0e92940c3_0002cd-done input_chars=17
2026-09-28T17:56:30.023644Z  INFO lingxi_service::sessions: run committed and published (post-commit) run_id=run_000001a0e92940c3_0002ce session_id=sess_local_alpha events=run_000001a0e92940c3_0002ce-done input_chars=17
2026-09-28T17:56:30.023753Z  INFO lingxi_service::sessions: run committed and published (post-commit) run_id=run_000001a0e92940c3_0002cf session_id=sess_local_alpha events=run_000001a0e92940c3_0002cf-done input_chars=17
2026-09-28T17:56:30.023867Z  INFO lingxi_service::sessions: run committed and published (post-commit) run_id=run_000001a0e92940c3_0002d0 session_id=sess_local_alpha events=run_000001a0e92940c3_0002d0-done input_chars=17
2026-09-28T17:56:30.023917Z  INFO lingxi_service: request handled request_id=req-f9cc5fda12a1019e3dd415821e6cab11 method=POST path=/lingxi/v1/sessions/sess_local_alpha/execute status=200
2026-09-28T17:56:30.023961Z  INFO lingxi_service: request handled request_id=req-b4e12f6838006b6448b44a2b1df58d25 method=POST path=/lingxi/v1/sessions/sess_local_alpha/execute status=200
2026-09-28T17:56:30.023998Z  INFO lingxi_service: request handled request_id=req-2d9883d8897f77bd8c6a0556d820293e method=POST path=/lingxi/v1/sessions/sess_local_alpha/execute status=200
2026-09-28T17:56:30.024042Z  INFO lingxi_service: request handled request_id=req-de0636c672476fc3120512783b89b451 method=POST path=/lingxi/v1/sessions/sess_local_alpha/execute status=200
2026-09-28T17:56:30.024109Z  INFO lingxi_service: request handled request_id=req-c3228ef6ddd58017d4914dffa7b1b6c3 method=POST path=/lingxi/v1/sessions/sess_local_alpha/execute status=200
2026-09-28T17:56:30.024136Z  INFO lingxi_service: request handled request_id=req-cd319a4004cbd178d1a426106b6fc11d method=POST path=/lingxi/v1/sessions/sess_local_alpha/execute status=200
2026-09-28T17:56:30.024184Z  INFO lingxi_service: request handled request_id=req-b1df46630193cd36ea69110ad359e3de method=POST path=/lingxi/v1/sessions/sess_local_alpha/execute status=200
2026-09-28T17:56:30.025474Z  INFO lingxi_service::sessions: run committed and published (post-commit) run_id=run_000001a0e92940c8_0002d1 session_id=sess_local_alpha events=run_000001a0e92940c8_0002d1-done input_chars=17
2026-09-28T17:56:30.025591Z  INFO lingxi_service::sessions: run committed and published (post-commit) run_id=run_000001a0e92940c9_0002d2 session_id=sess_local_alpha events=run_000001a0e92940c9_0002d2-done input_chars=17
2026-09-28T17:56:30.025879Z  INFO lingxi_service: request handled request_id=req-df44a42b615d42bae04d407205a2e70d method=POST path=/lingxi/v1/sessions/sess_local_alpha/execute status=200
2026-09-28T17:56:30.026469Z  INFO lingxi_service: request handled request_id=req-93f712abb3a8017a71335951055852d7 method=POST path=/lingxi/v1/sessions/sess_local_alpha/execute status=200
2026-09-28T17:56:30.026579Z  INFO lingxi_service::sessions: run committed and published (post-commit) run_id=run_000001a0e92940c9_0002d3 session_id=sess_local_alpha events=run_000001a0e92940c9_0002d3-done input_chars=17
2026-09-28T17:56:30.027147Z  INFO lingxi_service::sessions: run committed and published (post-commit) run_id=run_000001a0e92940c9_0002d4 session_id=sess_local_alpha events=run_000001a0e92940c9_0002d4-done input_chars=17
2026-09-28T17:56:30.027309Z  INFO lingxi_service::sessions: run committed and published (post-commit) run_id=run_000001a0e92940c9_0002d5 session_id=sess_local_alpha events=run_000001a0e92940c9_0002d5-done input_chars=17
2026-09-28T17:56:30.027460Z  INFO lingxi_service::sessions: run committed and published (post-commit) run_id=run_000001a0e92940c9_0002d6 session_id=sess_local_alpha events=run_000001a0e92940c9_0002d6-done input_chars=17
2026-09-28T17:56:30.028053Z  INFO lingxi_service: request handled request_id=req-987e1677d4fc08d584acbccb1b94fe2a method=POST path=/lingxi/v1/sessions/sess_local_alpha/execute status=200
2026-09-28T17:56:30.028311Z  INFO lingxi_service: request handled request_id=req-c027c632285530178c93e6e70ff74fd1 method=POST path=/lingxi/v1/sessions/sess_local_alpha/execute status=200
2026-09-28T17:56:30.028664Z  INFO lingxi_service: request handled request_id=req-b094c4e6ccbaecd4cd9f83541ab36bf2 method=POST path=/lingxi/v1/sessions/sess_local_alpha/execute status=200
2026-09-28T17:56:30.028873Z  INFO lingxi_service: request handled request_id=req-f5a3200114b879c70ab0eddc4cf10cfb method=POST path=/lingxi/v1/sessions/sess_local_alpha/execute status=200
2026-09-28T17:56:30.028994Z  INFO lingxi_service::sessions: run committed and published (post-commit) run_id=run_000001a0e92940c9_0002d7 session_id=sess_local_alpha events=run_000001a0e92940c9_0002d7-done input_chars=17
2026-09-28T17:56:30.029136Z  INFO lingxi_service::sessions: run committed and published (post-commit) run_id=run_000001a0e92940c9_0002d8 session_id=sess_local_alpha events=run_000001a0e92940c9_0002d8-done input_chars=17
2026-09-28T17:56:30.029254Z  INFO lingxi_service::sessions: run committed and published (post-commit) run_id=run_000001a0e92940c9_0002d9 session_id=sess_local_alpha events=run_000001a0e92940c9_0002d9-done input_chars=17
2026-09-28T17:56:30.029920Z  INFO lingxi_service::sessions: run committed and published (post-commit) run_id=run_000001a0e92940ca_0002da session_id=sess_local_alpha events=run_000001a0e92940ca_0002da-done input_chars=17
2026-09-28T17:56:30.030033Z  INFO lingxi_service::sessions: run committed and published (post-commit) run_id=run_000001a0e92940ca_0002db session_id=sess_local_alpha events=run_000001a0e92940ca_0002db-done input_chars=17
2026-09-28T17:56:30.030170Z  INFO lingxi_service::sessions: run committed and published (post-commit) run_id=run_000001a0e92940ca_0002dc session_id=sess_local_alpha events=run_000001a0e92940ca_0002dc-done input_chars=17
2026-09-28T17:56:30.030281Z  INFO lingxi_service::sessions: run committed and published (post-commit) run_id=run_000001a0e92940ca_0002dd session_id=sess_local_alpha events=run_000001a0e92940ca_0002dd-done input_chars=17
2026-09-28T17:56:30.030827Z  INFO lingxi_service: request handled request_id=req-746ddaa67444becb270ad7547c41e8b8 method=POST path=/lingxi/v1/sessions/sess_local_alpha/execute status=200
2026-09-28T17:56:30.031026Z  INFO lingxi_service: request handled request_id=req-e463d7a885445c45b27ad301c30906f9 method=POST path=/lingxi/v1/sessions/sess_local_alpha/execute status=200
2026-09-28T17:56:30.031234Z  INFO lingxi_service: request handled request_id=req-c188b6b5239208c95e40c7932a641879 method=POST path=/lingxi/v1/sessions/sess_local_alpha/execute status=200
2026-09-28T17:56:30.031335Z  INFO lingxi_service::sessions: run committed and published (post-commit) run_id=run_000001a0e92940ca_0002de session_id=sess_local_alpha events=run_000001a0e92940ca_0002de-done input_chars=17
2026-09-28T17:56:30.031448Z  INFO lingxi_service::sessions: run committed and published (post-commit) run_id=run_000001a0e92940ca_0002df session_id=sess_local_alpha events=run_000001a0e92940ca_0002df-done input_chars=17
2026-09-28T17:56:30.031578Z  INFO lingxi_service::sessions: run committed and published (post-commit) run_id=run_000001a0e92940ca_0002e0 session_id=sess_local_alpha events=run_000001a0e92940ca_0002e0-done input_chars=17
2026-09-28T17:56:30.032140Z  INFO lingxi_service: request handled request_id=req-218908fd2d5219a92b645ddbd223c335 method=POST path=/lingxi/v1/sessions/sess_local_alpha/execute status=200
2026-09-28T17:56:30.032182Z  INFO lingxi_service: request handled request_id=req-6482c58939dddc42d1d599f476befd4a method=POST path=/lingxi/v1/sessions/sess_local_alpha/execute status=200
2026-09-28T17:56:30.032225Z  INFO lingxi_service: request handled request_id=req-d8ced37e592bf73b6fe51aa902b74020 method=POST path=/lingxi/v1/sessions/sess_local_alpha/execute status=200
2026-09-28T17:56:30.032279Z  INFO lingxi_service: request handled request_id=req-d4577a1ee483dcc2e8d440145b6c268f method=POST path=/lingxi/v1/sessions/sess_local_alpha/execute status=200
2026-09-28T17:56:30.032381Z  INFO lingxi_service::sessions: run committed and published (post-commit) run_id=run_000001a0e92940cb_0002e1 session_id=sess_local_alpha events=run_000001a0e92940cb_0002e1-done input_chars=17
2026-09-28T17:56:30.032503Z  INFO lingxi_service::sessions: run committed and published (post-commit) run_id=run_000001a0e92940cb_0002e2 session_id=sess_local_alpha events=run_000001a0e92940cb_0002e2-done input_chars=17
2026-09-28T17:56:30.032621Z  INFO lingxi_service::sessions: run committed and published (post-commit) run_id=run_000001a0e92940cb_0002e3 session_id=sess_local_alpha events=run_000001a0e92940cb_0002e3-done input_chars=17
2026-09-28T17:56:30.032733Z  INFO lingxi_service::sessions: run committed and published (post-commit) run_id=run_000001a0e92940cb_0002e4 session_id=sess_local_alpha events=run_000001a0e92940cb_0002e4-done input_chars=17
2026-09-28T17:56:30.032865Z  INFO lingxi_service::sessions: run committed and published (post-commit) run_id=run_000001a0e92940cc_0002e5 session_id=sess_local_alpha events=run_000001a0e92940cc_0002e5-done input_chars=17
2026-09-28T17:56:30.032923Z  INFO lingxi_service: request handled request_id=req-b78ffb97899c25a25c723e74e034718f method=POST path=/lingxi/v1/sessions/sess_local_alpha/execute status=200
2026-09-28T17:56:30.032963Z  INFO lingxi_service: request handled request_id=req-388468517ead5b2ab75ea07c89c20594 method=POST path=/lingxi/v1/sessions/sess_local_alpha/execute status=200
2026-09-28T17:56:30.033010Z  INFO lingxi_service: request handled request_id=req-3d12cf7eb07714655f9eb30ad87cac9b method=POST path=/lingxi/v1/sessions/sess_local_alpha/execute status=200
2026-09-28T17:56:30.033127Z  INFO lingxi_service::sessions: run committed and published (post-commit) run_id=run_000001a0e92940cc_0002e6 session_id=sess_local_alpha events=run_000001a0e92940cc_0002e6-done input_chars=17
2026-09-28T17:56:30.033245Z  INFO lingxi_service::sessions: run committed and published (post-commit) run_id=run_000001a0e92940cc_0002e7 session_id=sess_local_alpha events=run_000001a0e92940cc_0002e7-done input_chars=17
2026-09-28T17:56:30.033380Z  INFO lingxi_service::sessions: run committed and published (post-commit) run_id=run_000001a0e92940cc_0002e8 session_id=sess_local_alpha events=run_000001a0e92940cc_0002e8-done input_chars=17
2026-09-28T17:56:30.033430Z  INFO lingxi_service: request handled request_id=req-d5f378d01346674b6938e87b4e9fda9a method=POST path=/lingxi/v1/sessions/sess_local_alpha/execute status=200
2026-09-28T17:56:30.033473Z  INFO lingxi_service: request handled request_id=req-fd797855d6e0c0e2c2dd5835c95b120d method=POST path=/lingxi/v1/sessions/sess_local_alpha/execute status=200
2026-09-28T17:56:30.033520Z  INFO lingxi_service: request handled request_id=req-960dc6784dfd4bc23e8a44f547b2ba9e method=POST path=/lingxi/v1/sessions/sess_local_alpha/execute status=200
2026-09-28T17:56:30.033563Z  INFO lingxi_service: request handled request_id=req-89178c95d84d310ab487fdd01e8ba2dc method=POST path=/lingxi/v1/sessions/sess_local_alpha/execute status=200
2026-09-28T17:56:30.033602Z  INFO lingxi_service: request handled request_id=req-6aed8416333a94adf0e654a328de2e89 method=POST path=/lingxi/v1/sessions/sess_local_alpha/execute status=200
2026-09-28T17:56:30.033648Z  INFO lingxi_service: request handled request_id=req-d57e6fcfab72ece726e004d605ac8ebd method=POST path=/lingxi/v1/sessions/sess_local_alpha/execute status=200
2026-09-28T17:56:30.033696Z  INFO lingxi_service: request handled request_id=req-b7e8ac60886bffccb1c8a7431ac232fd method=POST path=/lingxi/v1/sessions/sess_local_alpha/execute status=200
2026-09-28T17:56:30.033741Z  INFO lingxi_service: request handled request_id=req-e9eba6dcdd341171db65bfc2d3ba3232 method=POST path=/lingxi/v1/sessions/sess_local_alpha/execute status=200
2026-09-28T17:56:30.034721Z  INFO lingxi_service::sessions: run committed and published (post-commit) run_id=run_000001a0e92940d2_0002e9 session_id=sess_local_alpha events=run_000001a0e92940d2_0002e9-done input_chars=17
2026-09-28T17:56:30.035168Z  INFO lingxi_service: request handled request_id=req-e0918800ffac4d3eeb64ef70bdaa4d43 method=POST path=/lingxi/v1/sessions/sess_local_alpha/execute status=200
2026-09-28T17:56:30.035319Z  INFO lingxi_service::sessions: run committed and published (post-commit) run_id=run_000001a0e92940d2_0002ea session_id=sess_local_alpha events=run_000001a0e92940d2_0002ea-done input_chars=17
2026-09-28T17:56:30.035462Z  INFO lingxi_service::sessions: run committed and published (post-commit) run_id=run_000001a0e92940d2_0002eb session_id=sess_local_alpha events=run_000001a0e92940d2_0002eb-done input_chars=17
2026-09-28T17:56:30.036080Z  INFO lingxi_service: request handled request_id=req-c76ca8d8b164a1cd7fc8504d0b703ee2 method=POST path=/lingxi/v1/sessions/sess_local_alpha/execute status=200
2026-09-28T17:56:30.036127Z  INFO lingxi_service: request handled request_id=req-b450eaa6c1214a47afed1861178f65d2 method=POST path=/lingxi/v1/sessions/sess_local_alpha/execute status=200
2026-09-28T17:56:30.036262Z  INFO lingxi_service::sessions: run committed and published (post-commit) run_id=run_000001a0e92940d2_0002ec session_id=sess_local_alpha events=run_000001a0e92940d2_0002ec-done input_chars=17
2026-09-28T17:56:30.036549Z  INFO lingxi_service::sessions: run committed and published (post-commit) run_id=run_000001a0e92940d3_0002ed session_id=sess_local_alpha events=run_000001a0e92940d3_0002ed-done input_chars=17
2026-09-28T17:56:30.036821Z  INFO lingxi_service::sessions: run committed and published (post-commit) run_id=run_000001a0e92940d3_0002ee session_id=sess_local_alpha events=run_000001a0e92940d3_0002ee-done input_chars=17
2026-09-28T17:56:30.037086Z  INFO lingxi_service: request handled request_id=req-d17f3c3e626b5a2935cff56a1a663807 method=POST path=/lingxi/v1/sessions/sess_local_alpha/execute status=200
2026-09-28T17:56:30.037220Z  INFO lingxi_service::sessions: run committed and published (post-commit) run_id=run_000001a0e92940d3_0002ef session_id=sess_local_alpha events=run_000001a0e92940d3_0002ef-done input_chars=17
2026-09-28T17:56:30.037449Z  INFO lingxi_service: request handled request_id=req-be1e7d30eeb341d0a2589af9a514ab46 method=POST path=/lingxi/v1/sessions/sess_local_alpha/execute status=200
2026-09-28T17:56:30.037564Z  INFO lingxi_service::sessions: run committed and published (post-commit) run_id=run_000001a0e92940d3_0002f0 session_id=sess_local_alpha events=run_000001a0e92940d3_0002f0-done input_chars=17
2026-09-28T17:56:30.037975Z  INFO lingxi_service: request handled request_id=req-fc4d9008e5263a2cc7884cf78d843413 method=POST path=/lingxi/v1/sessions/sess_local_alpha/execute status=200
2026-09-28T17:56:30.038130Z  INFO lingxi_service::sessions: run committed and published (post-commit) run_id=run_000001a0e92940d3_0002f1 session_id=sess_local_alpha events=run_000001a0e92940d3_0002f1-done input_chars=17
2026-09-28T17:56:30.038772Z  INFO lingxi_service: request handled request_id=req-ed4ee2b09c74081ab1b8b21830d2b9b4 method=POST path=/lingxi/v1/sessions/sess_local_alpha/execute status=200
2026-09-28T17:56:30.038911Z  INFO lingxi_service::sessions: run committed and published (post-commit) run_id=run_000001a0e92940d3_0002f2 session_id=sess_local_alpha events=run_000001a0e92940d3_0002f2-done input_chars=17
2026-09-28T17:56:30.038982Z  INFO lingxi_service: request handled request_id=req-1aeb1f4b859f26ada0dba302e667c831 method=POST path=/lingxi/v1/sessions/sess_local_alpha/execute status=200
2026-09-28T17:56:30.039105Z  INFO lingxi_service::sessions: run committed and published (post-commit) run_id=run_000001a0e92940d3_0002f3 session_id=sess_local_alpha events=run_000001a0e92940d3_0002f3-done input_chars=17
2026-09-28T17:56:30.039231Z  INFO lingxi_service::sessions: run committed and published (post-commit) run_id=run_000001a0e92940d4_0002f4 session_id=sess_local_alpha events=run_000001a0e92940d4_0002f4-done input_chars=17
2026-09-28T17:56:30.039311Z  INFO lingxi_service: request handled request_id=req-f2ef06af287878966ea3fa7fc9703395 method=POST path=/lingxi/v1/sessions/sess_local_alpha/execute status=200
2026-09-28T17:56:30.039443Z  INFO lingxi_service::sessions: run committed and published (post-commit) run_id=run_000001a0e92940d4_0002f5 session_id=sess_local_alpha events=run_000001a0e92940d4_0002f5-done input_chars=17
2026-09-28T17:56:30.039555Z  INFO lingxi_service::sessions: run committed and published (post-commit) run_id=run_000001a0e92940d4_0002f6 session_id=sess_local_alpha events=run_000001a0e92940d4_0002f6-done input_chars=17
2026-09-28T17:56:30.039664Z  INFO lingxi_service::sessions: run committed and published (post-commit) run_id=run_000001a0e92940d4_0002f7 session_id=sess_local_alpha events=run_000001a0e92940d4_0002f7-done input_chars=17
2026-09-28T17:56:30.040465Z  INFO lingxi_service: request handled request_id=req-170c4d7d8b1705feefbf77f197e9d3e9 method=POST path=/lingxi/v1/sessions/sess_local_alpha/execute status=200
2026-09-28T17:56:30.040845Z  INFO lingxi_service: request handled request_id=req-7c1041e1aedf42251300cdb11c0ddd9d method=POST path=/lingxi/v1/sessions/sess_local_alpha/execute status=200
2026-09-28T17:56:30.041249Z  INFO lingxi_service: request handled request_id=req-84ff56a56801fc0a77cad511772b1baf method=POST path=/lingxi/v1/sessions/sess_local_alpha/execute status=200
2026-09-28T17:56:30.041296Z  INFO lingxi_service: request handled request_id=req-5f4693d3b6ef217d7185413419121f75 method=POST path=/lingxi/v1/sessions/sess_local_alpha/execute status=200
2026-09-28T17:56:30.041340Z  INFO lingxi_service: request handled request_id=req-4bbaeb493bb404f576616f7d17e9f1ab method=POST path=/lingxi/v1/sessions/sess_local_alpha/execute status=200
2026-09-28T17:56:30.041387Z  INFO lingxi_service: request handled request_id=req-d683e4da57dcca26f9f15a8b361235ab method=POST path=/lingxi/v1/sessions/sess_local_alpha/execute status=200
2026-09-28T17:56:30.041503Z  INFO lingxi_service::sessions: run committed and published (post-commit) run_id=run_000001a0e92940d5_0002f8 session_id=sess_local_alpha events=run_000001a0e92940d5_0002f8-done input_chars=17
2026-09-28T17:56:30.041609Z  INFO lingxi_service::sessions: run committed and published (post-commit) run_id=run_000001a0e92940d5_0002f9 session_id=sess_local_alpha events=run_000001a0e92940d5_0002f9-done input_chars=17
2026-09-28T17:56:30.041723Z  INFO lingxi_service::sessions: run committed and published (post-commit) run_id=run_000001a0e92940d5_0002fa session_id=sess_local_alpha events=run_000001a0e92940d5_0002fa-done input_chars=17
2026-09-28T17:56:30.041887Z  INFO lingxi_service::sessions: run committed and published (post-commit) run_id=run_000001a0e92940d5_0002fb session_id=sess_local_alpha events=run_000001a0e92940d5_0002fb-done input_chars=17
2026-09-28T17:56:30.041998Z  INFO lingxi_service::sessions: run committed and published (post-commit) run_id=run_000001a0e92940d5_0002fc session_id=sess_local_alpha events=run_000001a0e92940d5_0002fc-done input_chars=17
2026-09-28T17:56:30.042112Z  INFO lingxi_service::sessions: run committed and published (post-commit) run_id=run_000001a0e92940d5_0002fd session_id=sess_local_alpha events=run_000001a0e92940d5_0002fd-done input_chars=17
2026-09-28T17:56:30.042224Z  INFO lingxi_service::sessions: run committed and published (post-commit) run_id=run_000001a0e92940d5_0002fe session_id=sess_local_alpha events=run_000001a0e92940d5_0002fe-done input_chars=17
2026-09-28T17:56:30.042392Z  INFO lingxi_service::sessions: run committed and published (post-commit) run_id=run_000001a0e92940d6_0002ff session_id=sess_local_alpha events=run_000001a0e92940d6_0002ff-done input_chars=17
2026-09-28T17:56:30.042500Z  INFO lingxi_service::sessions: run committed and published (post-commit) run_id=run_000001a0e92940d6_000300 session_id=sess_local_alpha events=run_000001a0e92940d6_000300-done input_chars=17
2026-09-28T17:56:30.042554Z  INFO lingxi_service: request handled request_id=req-3f566b8eeae083fc1b57314565b0cc14 method=POST path=/lingxi/v1/sessions/sess_local_alpha/execute status=200
2026-09-28T17:56:30.042596Z  INFO lingxi_service: request handled request_id=req-ce163eb19817a9aeceb43fafaaa24fab method=POST path=/lingxi/v1/sessions/sess_local_alpha/execute status=200
2026-09-28T17:56:30.042638Z  INFO lingxi_service: request handled request_id=req-048c0febf70e82a526501fadf55059ce method=POST path=/lingxi/v1/sessions/sess_local_alpha/execute status=200
2026-09-28T17:56:30.042682Z  INFO lingxi_service: request handled request_id=req-6d597c870a249ed0f649b3247ddd4995 method=POST path=/lingxi/v1/sessions/sess_local_alpha/execute status=200
2026-09-28T17:56:30.042726Z  INFO lingxi_service: request handled request_id=req-c623e1e6bb64b3d0f3d09a8268932e9a method=POST path=/lingxi/v1/sessions/sess_local_alpha/execute status=200
2026-09-28T17:56:30.042771Z  INFO lingxi_service: request handled request_id=req-c024a92b5d4eab85b9ec261ad064c738 method=POST path=/lingxi/v1/sessions/sess_local_alpha/execute status=200
2026-09-28T17:56:30.042811Z  INFO lingxi_service: request handled request_id=req-214b2d8012863ebceb9d5ccaa59dfc1c method=POST path=/lingxi/v1/sessions/sess_local_alpha/execute status=200
2026-09-28T17:56:30.042862Z  INFO lingxi_service: request handled request_id=req-656c7a3ffcadd18ace547e01228fd55e method=POST path=/lingxi/v1/sessions/sess_local_alpha/execute status=200
2026-09-28T17:56:30.042906Z  INFO lingxi_service: request handled request_id=req-11a014265b7ee8d7607ca4e8c9774f8c method=POST path=/lingxi/v1/sessions/sess_local_alpha/execute status=200
2026-09-28T17:56:30.043959Z  INFO lingxi_service::sessions: run committed and published (post-commit) run_id=run_000001a0e92940db_000301 session_id=sess_local_alpha events=run_000001a0e92940db_000301-done input_chars=17
2026-09-28T17:56:30.044466Z  INFO lingxi_service: request handled request_id=req-832e6bbd9dbe7e21145df25e64312e40 method=POST path=/lingxi/v1/sessions/sess_local_alpha/execute status=200
2026-09-28T17:56:30.044606Z  INFO lingxi_service::sessions: run committed and published (post-commit) run_id=run_000001a0e92940db_000302 session_id=sess_local_alpha events=run_000001a0e92940db_000302-done input_chars=17
2026-09-28T17:56:30.044724Z  INFO lingxi_service::sessions: run committed and published (post-commit) run_id=run_000001a0e92940db_000303 session_id=sess_local_alpha events=run_000001a0e92940db_000303-done input_chars=17
2026-09-28T17:56:30.045143Z  INFO lingxi_service: request handled request_id=req-6da23142957056e7a2308f0c3bf5f4d1 method=POST path=/lingxi/v1/sessions/sess_local_alpha/execute status=200
2026-09-28T17:56:30.045187Z  INFO lingxi_service: request handled request_id=req-d43bd0a3ae309c43dac18c76ae5a6b92 method=POST path=/lingxi/v1/sessions/sess_local_alpha/execute status=200
2026-09-28T17:56:30.045372Z  INFO lingxi_service::sessions: run committed and published (post-commit) run_id=run_000001a0e92940dc_000304 session_id=sess_local_alpha events=run_000001a0e92940dc_000304-done input_chars=17
2026-09-28T17:56:30.045502Z  INFO lingxi_service::sessions: run committed and published (post-commit) run_id=run_000001a0e92940dc_000305 session_id=sess_local_alpha events=run_000001a0e92940dc_000305-done input_chars=17
2026-09-28T17:56:30.046431Z  INFO lingxi_service: request handled request_id=req-8ab2a943ad1773a0e3a6bc49f61a9c48 method=POST path=/lingxi/v1/sessions/sess_local_alpha/execute status=200
2026-09-28T17:56:30.046720Z  INFO lingxi_service: request handled request_id=req-8c16b17573b728d9f0283c3d0339339e method=POST path=/lingxi/v1/sessions/sess_local_alpha/execute status=200
2026-09-28T17:56:30.046923Z  INFO lingxi_service::sessions: run committed and published (post-commit) run_id=run_000001a0e92940dc_000306 session_id=sess_local_alpha events=run_000001a0e92940dc_000306-done input_chars=17
2026-09-28T17:56:30.047057Z  INFO lingxi_service::sessions: run committed and published (post-commit) run_id=run_000001a0e92940dc_000307 session_id=sess_local_alpha events=run_000001a0e92940dc_000307-done input_chars=17
2026-09-28T17:56:30.047332Z  INFO lingxi_service::sessions: run committed and published (post-commit) run_id=run_000001a0e92940dc_000308 session_id=sess_local_alpha events=run_000001a0e92940dc_000308-done input_chars=17
2026-09-28T17:56:30.047833Z  INFO lingxi_service::sessions: run committed and published (post-commit) run_id=run_000001a0e92940dc_000309 session_id=sess_local_alpha events=run_000001a0e92940dc_000309-done input_chars=17
2026-09-28T17:56:30.047959Z  INFO lingxi_service::sessions: run committed and published (post-commit) run_id=run_000001a0e92940dc_00030a session_id=sess_local_alpha events=run_000001a0e92940dc_00030a-done input_chars=17
2026-09-28T17:56:30.048233Z  INFO lingxi_service::sessions: run committed and published (post-commit) run_id=run_000001a0e92940dd_00030b session_id=sess_local_alpha events=run_000001a0e92940dd_00030b-done input_chars=17
2026-09-28T17:56:30.048793Z  INFO lingxi_service: request handled request_id=req-ef8f76cab3b0bab975a33e1c90eae04b method=POST path=/lingxi/v1/sessions/sess_local_alpha/execute status=200
2026-09-28T17:56:30.048847Z  INFO lingxi_service: request handled request_id=req-010d9ff14cab876e9a73b0096cc79e73 method=POST path=/lingxi/v1/sessions/sess_local_alpha/execute status=200
2026-09-28T17:56:30.048957Z  INFO lingxi_service::sessions: run committed and published (post-commit) run_id=run_000001a0e92940dd_00030c session_id=sess_local_alpha events=run_000001a0e92940dd_00030c-done input_chars=17
2026-09-28T17:56:30.049177Z  INFO lingxi_service: request handled request_id=req-67fa9a9f63f0bb07d191c15536e533ac method=POST path=/lingxi/v1/sessions/sess_local_alpha/execute status=200
2026-09-28T17:56:30.049224Z  INFO lingxi_service: request handled request_id=req-363360d73b41e7a2f5c0cc59c894f110 method=POST path=/lingxi/v1/sessions/sess_local_alpha/execute status=200
2026-09-28T17:56:30.049267Z  INFO lingxi_service: request handled request_id=req-b407b37abe9e20b2b9f0c6222843d700 method=POST path=/lingxi/v1/sessions/sess_local_alpha/execute status=200
2026-09-28T17:56:30.049372Z  INFO lingxi_service::sessions: run committed and published (post-commit) run_id=run_000001a0e92940dd_00030d session_id=sess_local_alpha events=run_000001a0e92940dd_00030d-done input_chars=17
2026-09-28T17:56:30.049924Z  INFO lingxi_service: request handled request_id=req-d31d5b5751feec0287f68a72454af0e2 method=POST path=/lingxi/v1/sessions/sess_local_alpha/execute status=200
2026-09-28T17:56:30.050026Z  INFO lingxi_service::sessions: run committed and published (post-commit) run_id=run_000001a0e92940dd_00030e session_id=sess_local_alpha events=run_000001a0e92940dd_00030e-done input_chars=17
2026-09-28T17:56:30.050603Z  INFO lingxi_service::sessions: run committed and published (post-commit) run_id=run_000001a0e92940dd_00030f session_id=sess_local_alpha events=run_000001a0e92940dd_00030f-done input_chars=17
2026-09-28T17:56:30.050714Z  INFO lingxi_service::sessions: run committed and published (post-commit) run_id=run_000001a0e92940dd_000310 session_id=sess_local_alpha events=run_000001a0e92940dd_000310-done input_chars=17
2026-09-28T17:56:30.050931Z  INFO lingxi_service: request handled request_id=req-fd34270643c3de51622e047961fbe69e method=POST path=/lingxi/v1/sessions/sess_local_alpha/execute status=200
2026-09-28T17:56:30.051035Z  INFO lingxi_service::sessions: run committed and published (post-commit) run_id=run_000001a0e92940dd_000311 session_id=sess_local_alpha events=run_000001a0e92940dd_000311-done input_chars=17
2026-09-28T17:56:30.051092Z  INFO lingxi_service: request handled request_id=req-9b47abb372ec42225415d96ab7223794 method=POST path=/lingxi/v1/sessions/sess_local_alpha/execute status=200
2026-09-28T17:56:30.051192Z  INFO lingxi_service::sessions: run committed and published (post-commit) run_id=run_000001a0e92940de_000312 session_id=sess_local_alpha events=run_000001a0e92940de_000312-done input_chars=17
2026-09-28T17:56:30.051303Z  INFO lingxi_service::sessions: run committed and published (post-commit) run_id=run_000001a0e92940de_000313 session_id=sess_local_alpha events=run_000001a0e92940de_000313-done input_chars=17
2026-09-28T17:56:30.051419Z  INFO lingxi_service::sessions: run committed and published (post-commit) run_id=run_000001a0e92940de_000314 session_id=sess_local_alpha events=run_000001a0e92940de_000314-done input_chars=17
2026-09-28T17:56:30.051476Z  INFO lingxi_service: request handled request_id=req-8c4eec51f4999b1bc5ca93bca307d408 method=POST path=/lingxi/v1/sessions/sess_local_alpha/execute status=200
2026-09-28T17:56:30.051583Z  INFO lingxi_service::sessions: run committed and published (post-commit) run_id=run_000001a0e92940de_000315 session_id=sess_local_alpha events=run_000001a0e92940de_000315-done input_chars=17
2026-09-28T17:56:30.051711Z  INFO lingxi_service::sessions: run committed and published (post-commit) run_id=run_000001a0e92940de_000316 session_id=sess_local_alpha events=run_000001a0e92940de_000316-done input_chars=17
2026-09-28T17:56:30.051817Z  INFO lingxi_service::sessions: run committed and published (post-commit) run_id=run_000001a0e92940de_000317 session_id=sess_local_alpha events=run_000001a0e92940de_000317-done input_chars=17
2026-09-28T17:56:30.051873Z  INFO lingxi_service: request handled request_id=req-2597485b7ae509a459309d2a9ed816eb method=POST path=/lingxi/v1/sessions/sess_local_alpha/execute status=200
2026-09-28T17:56:30.051918Z  INFO lingxi_service: request handled request_id=req-f8df60ab00759aba4b8bc5640a25b37b method=POST path=/lingxi/v1/sessions/sess_local_alpha/execute status=200
2026-09-28T17:56:30.052020Z  INFO lingxi_service::sessions: run committed and published (post-commit) run_id=run_000001a0e92940df_000318 session_id=sess_local_alpha events=run_000001a0e92940df_000318-done input_chars=17
2026-09-28T17:56:30.052080Z  INFO lingxi_service: request handled request_id=req-fe44bcf7f0ce796c82df6895555dd561 method=POST path=/lingxi/v1/sessions/sess_local_alpha/execute status=200
2026-09-28T17:56:30.052125Z  INFO lingxi_service: request handled request_id=req-6ee0036390a8184c1692991127d1d380 method=POST path=/lingxi/v1/sessions/sess_local_alpha/execute status=200
2026-09-28T17:56:30.052171Z  INFO lingxi_service: request handled request_id=req-a5525e941f8d93c1465ded40545b914a method=POST path=/lingxi/v1/sessions/sess_local_alpha/execute status=200
2026-09-28T17:56:30.052214Z  INFO lingxi_service: request handled request_id=req-d1db7e74ddc171327928779a3cb63df9 method=POST path=/lingxi/v1/sessions/sess_local_alpha/execute status=200
2026-09-28T17:56:30.052265Z  INFO lingxi_service: request handled request_id=req-5ec85d98c56297d34c35a60656ebe1f0 method=POST path=/lingxi/v1/sessions/sess_local_alpha/execute status=200
2026-09-28T17:56:30.052310Z  INFO lingxi_service: request handled request_id=req-699a319a61d6c9f422bf877621dfd973 method=POST path=/lingxi/v1/sessions/sess_local_alpha/execute status=200
2026-09-28T17:56:30.052355Z  INFO lingxi_service: request handled request_id=req-560dc4a6f4a2963d80227a1390b5ae85 method=POST path=/lingxi/v1/sessions/sess_local_alpha/execute status=200
2026-09-28T17:56:30.052398Z  INFO lingxi_service: request handled request_id=req-3bd83722f4a93c99fc96a84ae8e70616 method=POST path=/lingxi/v1/sessions/sess_local_alpha/execute status=200
2026-09-28T17:56:30.053657Z  INFO lingxi_service::sessions: run committed and published (post-commit) run_id=run_000001a0e92940e5_000319 session_id=sess_local_alpha events=run_000001a0e92940e5_000319-done input_chars=17
2026-09-28T17:56:30.054190Z  INFO lingxi_service: request handled request_id=req-badf5493416124615e497d63b28f1bbe method=POST path=/lingxi/v1/sessions/sess_local_alpha/execute status=200
2026-09-28T17:56:30.054326Z  INFO lingxi_service::sessions: run committed and published (post-commit) run_id=run_000001a0e92940e5_00031a session_id=sess_local_alpha events=run_000001a0e92940e5_00031a-done input_chars=17
2026-09-28T17:56:30.054638Z  INFO lingxi_service::sessions: run committed and published (post-commit) run_id=run_000001a0e92940e5_00031b session_id=sess_local_alpha events=run_000001a0e92940e5_00031b-done input_chars=17
2026-09-28T17:56:30.054940Z  INFO lingxi_service: request handled request_id=req-79418efd8073c283e45b412f78da4c11 method=POST path=/lingxi/v1/sessions/sess_local_alpha/execute status=200
2026-09-28T17:56:30.055129Z  INFO lingxi_service::sessions: run committed and published (post-commit) run_id=run_000001a0e92940e5_00031c session_id=sess_local_alpha events=run_000001a0e92940e5_00031c-done input_chars=17
2026-09-28T17:56:30.055898Z  INFO lingxi_service: request handled request_id=req-7ebff71362af282779ab1380b3439b87 method=POST path=/lingxi/v1/sessions/sess_local_alpha/execute status=200
2026-09-28T17:56:30.056062Z  INFO lingxi_service::sessions: run committed and published (post-commit) run_id=run_000001a0e92940e5_00031d session_id=sess_local_alpha events=run_000001a0e92940e5_00031d-done input_chars=17
2026-09-28T17:56:30.056348Z  INFO lingxi_service: request handled request_id=req-4579fe6ac9a2db1ae5bae664dc762f81 method=POST path=/lingxi/v1/sessions/sess_local_alpha/execute status=200
2026-09-28T17:56:30.056449Z  INFO lingxi_service::sessions: run committed and published (post-commit) run_id=run_000001a0e92940e5_00031e session_id=sess_local_alpha events=run_000001a0e92940e5_00031e-done input_chars=17
2026-09-28T17:56:30.056599Z  INFO lingxi_service::sessions: run committed and published (post-commit) run_id=run_000001a0e92940e5_00031f session_id=sess_local_alpha events=run_000001a0e92940e5_00031f-done input_chars=17
2026-09-28T17:56:30.056885Z  INFO lingxi_service::sessions: run committed and published (post-commit) run_id=run_000001a0e92940e6_000320 session_id=sess_local_alpha events=run_000001a0e92940e6_000320-done input_chars=17
2026-09-28T17:56:30.056998Z  INFO lingxi_service::sessions: run committed and published (post-commit) run_id=run_000001a0e92940e6_000321 session_id=sess_local_alpha events=run_000001a0e92940e6_000321-done input_chars=17
2026-09-28T17:56:30.057274Z  INFO lingxi_service: request handled request_id=req-61e9de7b00eb8cd064c6b77d02ca55d4 method=POST path=/lingxi/v1/sessions/sess_local_alpha/execute status=200
2026-09-28T17:56:30.057384Z  INFO lingxi_service::sessions: run committed and published (post-commit) run_id=run_000001a0e92940e6_000322 session_id=sess_local_alpha events=run_000001a0e92940e6_000322-done input_chars=17
2026-09-28T17:56:30.058080Z  INFO lingxi_service: request handled request_id=req-ba178d4ef8cd018c4700bb82fd94e7bc method=POST path=/lingxi/v1/sessions/sess_local_alpha/execute status=200
2026-09-28T17:56:30.058123Z  INFO lingxi_service: request handled request_id=req-f1f96ef37f05d43dacbb84cdde9c9a59 method=POST path=/lingxi/v1/sessions/sess_local_alpha/execute status=200
2026-09-28T17:56:30.058233Z  INFO lingxi_service::sessions: run committed and published (post-commit) run_id=run_000001a0e92940e6_000323 session_id=sess_local_alpha events=run_000001a0e92940e6_000323-done input_chars=17
2026-09-28T17:56:30.058437Z  INFO lingxi_service: request handled request_id=req-a1b3a53588c125d4dcfb12b6cbbb4d6c method=POST path=/lingxi/v1/sessions/sess_local_alpha/execute status=200
2026-09-28T17:56:30.058484Z  INFO lingxi_service: request handled request_id=req-7be5cbbb2b9d067dd256450379263144 method=POST path=/lingxi/v1/sessions/sess_local_alpha/execute status=200
2026-09-28T17:56:30.058586Z  INFO lingxi_service::sessions: run committed and published (post-commit) run_id=run_000001a0e92940e6_000324 session_id=sess_local_alpha events=run_000001a0e92940e6_000324-done input_chars=17
2026-09-28T17:56:30.059157Z  INFO lingxi_service: request handled request_id=req-5a0960760c8b1da1cbf14ffb1a2f9fae method=POST path=/lingxi/v1/sessions/sess_local_alpha/execute status=200
2026-09-28T17:56:30.059257Z  INFO lingxi_service::sessions: run committed and published (post-commit) run_id=run_000001a0e92940e7_000325 session_id=sess_local_alpha events=run_000001a0e92940e7_000325-done input_chars=17
2026-09-28T17:56:30.059980Z  INFO lingxi_service::sessions: run committed and published (post-commit) run_id=run_000001a0e92940e7_000326 session_id=sess_local_alpha events=run_000001a0e92940e7_000326-done input_chars=17
2026-09-28T17:56:30.060087Z  INFO lingxi_service::sessions: run committed and published (post-commit) run_id=run_000001a0e92940e7_000327 session_id=sess_local_alpha events=run_000001a0e92940e7_000327-done input_chars=17
2026-09-28T17:56:30.060222Z  INFO lingxi_service::sessions: run committed and published (post-commit) run_id=run_000001a0e92940e7_000328 session_id=sess_local_alpha events=run_000001a0e92940e7_000328-done input_chars=17
2026-09-28T17:56:30.060277Z  INFO lingxi_service: request handled request_id=req-35bc51d2b340a2dd577ae8691652e941 method=POST path=/lingxi/v1/sessions/sess_local_alpha/execute status=200
2026-09-28T17:56:30.060379Z  INFO lingxi_service::sessions: run committed and published (post-commit) run_id=run_000001a0e92940e7_000329 session_id=sess_local_alpha events=run_000001a0e92940e7_000329-done input_chars=17
2026-09-28T17:56:30.060435Z  INFO lingxi_service: request handled request_id=req-3f276646216d614cf34fda7f0187c8b0 method=POST path=/lingxi/v1/sessions/sess_local_alpha/execute status=200
2026-09-28T17:56:30.060536Z  INFO lingxi_service::sessions: run committed and published (post-commit) run_id=run_000001a0e92940e7_00032a session_id=sess_local_alpha events=run_000001a0e92940e7_00032a-done input_chars=17
2026-09-28T17:56:30.060642Z  INFO lingxi_service::sessions: run committed and published (post-commit) run_id=run_000001a0e92940e8_00032b session_id=sess_local_alpha events=run_000001a0e92940e8_00032b-done input_chars=17
2026-09-28T17:56:30.060751Z  INFO lingxi_service::sessions: run committed and published (post-commit) run_id=run_000001a0e92940e8_00032c session_id=sess_local_alpha events=run_000001a0e92940e8_00032c-done input_chars=17
2026-09-28T17:56:30.060810Z  INFO lingxi_service: request handled request_id=req-6591f5756ba0fa404b2e21b26a3a8ac6 method=POST path=/lingxi/v1/sessions/sess_local_alpha/execute status=200
2026-09-28T17:56:30.060915Z  INFO lingxi_service::sessions: run committed and published (post-commit) run_id=run_000001a0e92940e8_00032d session_id=sess_local_alpha events=run_000001a0e92940e8_00032d-done input_chars=17
2026-09-28T17:56:30.061026Z  INFO lingxi_service::sessions: run committed and published (post-commit) run_id=run_000001a0e92940e8_00032e session_id=sess_local_alpha events=run_000001a0e92940e8_00032e-done input_chars=17
2026-09-28T17:56:30.061134Z  INFO lingxi_service::sessions: run committed and published (post-commit) run_id=run_000001a0e92940e8_00032f session_id=sess_local_alpha events=run_000001a0e92940e8_00032f-done input_chars=17
2026-09-28T17:56:30.061244Z  INFO lingxi_service::sessions: run committed and published (post-commit) run_id=run_000001a0e92940e8_000330 session_id=sess_local_alpha events=run_000001a0e92940e8_000330-done input_chars=17
2026-09-28T17:56:30.061299Z  INFO lingxi_service: request handled request_id=req-864fb8f9feee6c4accdcf1392bf762b9 method=POST path=/lingxi/v1/sessions/sess_local_alpha/execute status=200
2026-09-28T17:56:30.061353Z  INFO lingxi_service: request handled request_id=req-542abe45d970659616b33277870dc1ad method=POST path=/lingxi/v1/sessions/sess_local_alpha/execute status=200
2026-09-28T17:56:30.061393Z  INFO lingxi_service: request handled request_id=req-5136812ed4d3cacefe539c7d0445d6d5 method=POST path=/lingxi/v1/sessions/sess_local_alpha/execute status=200
2026-09-28T17:56:30.061445Z  INFO lingxi_service: request handled request_id=req-5169c0885bfa0960ad998bb975b95bdd method=POST path=/lingxi/v1/sessions/sess_local_alpha/execute status=200
2026-09-28T17:56:30.061484Z  INFO lingxi_service: request handled request_id=req-13e31e3af8e80df446f383033d90d44c method=POST path=/lingxi/v1/sessions/sess_local_alpha/execute status=200
2026-09-28T17:56:30.061529Z  INFO lingxi_service: request handled request_id=req-8a930e3e22e77ac295f156095570f816 method=POST path=/lingxi/v1/sessions/sess_local_alpha/execute status=200
2026-09-28T17:56:30.061583Z  INFO lingxi_service: request handled request_id=req-950994df077e3ffb5cb2cba104f038a3 method=POST path=/lingxi/v1/sessions/sess_local_alpha/execute status=200
2026-09-28T17:56:30.061629Z  INFO lingxi_service: request handled request_id=req-48e9f41d7dedacbc105639d2a6f4fb2b method=POST path=/lingxi/v1/sessions/sess_local_alpha/execute status=200
2026-09-28T17:56:30.061667Z  INFO lingxi_service: request handled request_id=req-92014a319d63616dbd74fba5ca85cbfc method=POST path=/lingxi/v1/sessions/sess_local_alpha/execute status=200
2026-09-28T17:56:30.061718Z  INFO lingxi_service: request handled request_id=req-51733e8de0802d19e13280a6693a0036 method=POST path=/lingxi/v1/sessions/sess_local_alpha/execute status=200
2026-09-28T17:56:30.061781Z  INFO lingxi_service: request handled request_id=req-afe2acf6bdf6fc94ea1ce7a5e085433c method=POST path=/lingxi/v1/sessions/sess_local_alpha/execute status=200
2026-09-28T17:56:30.063397Z  INFO lingxi_service::sessions: run committed and published (post-commit) run_id=run_000001a0e92940ee_000331 session_id=sess_local_alpha events=run_000001a0e92940ee_000331-done input_chars=17
2026-09-28T17:56:30.063547Z  INFO lingxi_service::sessions: run committed and published (post-commit) run_id=run_000001a0e92940ee_000332 session_id=sess_local_alpha events=run_000001a0e92940ee_000332-done input_chars=17
2026-09-28T17:56:30.064534Z  INFO lingxi_service: request handled request_id=req-44f6d4788d05340525fb7f0fc7afbb59 method=POST path=/lingxi/v1/sessions/sess_local_alpha/execute status=200
2026-09-28T17:56:30.064636Z  INFO lingxi_service: request handled request_id=req-8033550a14d3ad110817f75b80d54f23 method=POST path=/lingxi/v1/sessions/sess_local_alpha/execute status=200
2026-09-28T17:56:30.064750Z  INFO lingxi_service::sessions: run committed and published (post-commit) run_id=run_000001a0e92940ee_000333 session_id=sess_local_alpha events=run_000001a0e92940ee_000333-done input_chars=17
2026-09-28T17:56:30.064919Z  INFO lingxi_service::sessions: run committed and published (post-commit) run_id=run_000001a0e92940ee_000334 session_id=sess_local_alpha events=run_000001a0e92940ee_000334-done input_chars=17
2026-09-28T17:56:30.065044Z  INFO lingxi_service::sessions: run committed and published (post-commit) run_id=run_000001a0e92940ee_000335 session_id=sess_local_alpha events=run_000001a0e92940ee_000335-done input_chars=17
2026-09-28T17:56:30.065190Z  INFO lingxi_service::sessions: run committed and published (post-commit) run_id=run_000001a0e92940ee_000336 session_id=sess_local_alpha events=run_000001a0e92940ee_000336-done input_chars=17
2026-09-28T17:56:30.065320Z  INFO lingxi_service::sessions: run committed and published (post-commit) run_id=run_000001a0e92940ef_000337 session_id=sess_local_alpha events=run_000001a0e92940ef_000337-done input_chars=17
2026-09-28T17:56:30.065745Z  INFO lingxi_service: request handled request_id=req-779765465f3b18384b3b7f5ca9a5d9b6 method=POST path=/lingxi/v1/sessions/sess_local_alpha/execute status=200
2026-09-28T17:56:30.065982Z  INFO lingxi_service: request handled request_id=req-4a83c8a5f80079dd8b52eb87fb6ca91a method=POST path=/lingxi/v1/sessions/sess_local_alpha/execute status=200
2026-09-28T17:56:30.066379Z  INFO lingxi_service: request handled request_id=req-8bf53865f78d1465aff8b27ec4e94d2f method=POST path=/lingxi/v1/sessions/sess_local_alpha/execute status=200
2026-09-28T17:56:30.066595Z  INFO lingxi_service: request handled request_id=req-3dc82da412564808a546442e107a72f7 method=POST path=/lingxi/v1/sessions/sess_local_alpha/execute status=200
2026-09-28T17:56:30.066793Z  INFO lingxi_service: request handled request_id=req-49be751d40849bcf7ec2a302d1dd9b7a method=POST path=/lingxi/v1/sessions/sess_local_alpha/execute status=200
2026-09-28T17:56:30.066917Z  INFO lingxi_service::sessions: run committed and published (post-commit) run_id=run_000001a0e92940ef_000338 session_id=sess_local_alpha events=run_000001a0e92940ef_000338-done input_chars=17
2026-09-28T17:56:30.067178Z  INFO lingxi_service::sessions: run committed and published (post-commit) run_id=run_000001a0e92940ef_000339 session_id=sess_local_alpha events=run_000001a0e92940ef_000339-done input_chars=17
2026-09-28T17:56:30.067318Z  INFO lingxi_service::sessions: run committed and published (post-commit) run_id=run_000001a0e92940f0_00033a session_id=sess_local_alpha events=run_000001a0e92940f0_00033a-done input_chars=17
2026-09-28T17:56:30.067614Z  INFO lingxi_service::sessions: run committed and published (post-commit) run_id=run_000001a0e92940f0_00033b session_id=sess_local_alpha events=run_000001a0e92940f0_00033b-done input_chars=17
2026-09-28T17:56:30.067729Z  INFO lingxi_service::sessions: run committed and published (post-commit) run_id=run_000001a0e92940f0_00033c session_id=sess_local_alpha events=run_000001a0e92940f0_00033c-done input_chars=17
2026-09-28T17:56:30.068288Z  INFO lingxi_service::sessions: run committed and published (post-commit) run_id=run_000001a0e92940f0_00033d session_id=sess_local_alpha events=run_000001a0e92940f0_00033d-done input_chars=17
2026-09-28T17:56:30.068437Z  INFO lingxi_service::sessions: run committed and published (post-commit) run_id=run_000001a0e92940f0_00033e session_id=sess_local_alpha events=run_000001a0e92940f0_00033e-done input_chars=17
2026-09-28T17:56:30.069213Z  INFO lingxi_service: request handled request_id=req-3e752b31ff290b06ffaf08e3cf3ecabb method=POST path=/lingxi/v1/sessions/sess_local_alpha/execute status=200
2026-09-28T17:56:30.069314Z  INFO lingxi_service::sessions: run committed and published (post-commit) run_id=run_000001a0e92940f0_00033f session_id=sess_local_alpha events=run_000001a0e92940f0_00033f-done input_chars=17
2026-09-28T17:56:30.069939Z  INFO lingxi_service: request handled request_id=req-213b6d0474022973ce2ea1f531894723 method=POST path=/lingxi/v1/sessions/sess_local_alpha/execute status=200
2026-09-28T17:56:30.069991Z  INFO lingxi_service: request handled request_id=req-3626ee48793e98b0e7ad75c1536409cc method=POST path=/lingxi/v1/sessions/sess_local_alpha/execute status=200
2026-09-28T17:56:30.070087Z  INFO lingxi_service::sessions: run committed and published (post-commit) run_id=run_000001a0e92940f0_000340 session_id=sess_local_alpha events=run_000001a0e92940f0_000340-done input_chars=17
2026-09-28T17:56:30.070146Z  INFO lingxi_service: request handled request_id=req-1f9e37e95aa817addfcaebb050b4c234 method=POST path=/lingxi/v1/sessions/sess_local_alpha/execute status=200
2026-09-28T17:56:30.070192Z  INFO lingxi_service: request handled request_id=req-d81e6a4721977893d0feefaf07c75a7b method=POST path=/lingxi/v1/sessions/sess_local_alpha/execute status=200
2026-09-28T17:56:30.070302Z  INFO lingxi_service::sessions: run committed and published (post-commit) run_id=run_000001a0e92940f1_000341 session_id=sess_local_alpha events=run_000001a0e92940f1_000341-done input_chars=17
2026-09-28T17:56:30.070440Z  INFO lingxi_service::sessions: run committed and published (post-commit) run_id=run_000001a0e92940f1_000342 session_id=sess_local_alpha events=run_000001a0e92940f1_000342-done input_chars=17
2026-09-28T17:56:30.070568Z  INFO lingxi_service::sessions: run committed and published (post-commit) run_id=run_000001a0e92940f1_000343 session_id=sess_local_alpha events=run_000001a0e92940f1_000343-done input_chars=17
2026-09-28T17:56:30.070625Z  INFO lingxi_service: request handled request_id=req-c0309aa24f086a932523700a82d47bd8 method=POST path=/lingxi/v1/sessions/sess_local_alpha/execute status=200
2026-09-28T17:56:30.070675Z  INFO lingxi_service: request handled request_id=req-172e70ce9e53477d225436beb912f766 method=POST path=/lingxi/v1/sessions/sess_local_alpha/execute status=200
2026-09-28T17:56:30.070782Z  INFO lingxi_service::sessions: run committed and published (post-commit) run_id=run_000001a0e92940f1_000344 session_id=sess_local_alpha events=run_000001a0e92940f1_000344-done input_chars=17
2026-09-28T17:56:30.070894Z  INFO lingxi_service::sessions: run committed and published (post-commit) run_id=run_000001a0e92940f1_000345 session_id=sess_local_alpha events=run_000001a0e92940f1_000345-done input_chars=17
2026-09-28T17:56:30.070951Z  INFO lingxi_service: request handled request_id=req-ffba256c99ace88dff3e57a9e839768f method=POST path=/lingxi/v1/sessions/sess_local_alpha/execute status=200
2026-09-28T17:56:30.071056Z  INFO lingxi_service::sessions: run committed and published (post-commit) run_id=run_000001a0e92940f1_000346 session_id=sess_local_alpha events=run_000001a0e92940f1_000346-done input_chars=17
2026-09-28T17:56:30.071172Z  INFO lingxi_service::sessions: run committed and published (post-commit) run_id=run_000001a0e92940f1_000347 session_id=sess_local_alpha events=run_000001a0e92940f1_000347-done input_chars=17
2026-09-28T17:56:30.071281Z  INFO lingxi_service::sessions: run committed and published (post-commit) run_id=run_000001a0e92940f1_000348 session_id=sess_local_alpha events=run_000001a0e92940f1_000348-done input_chars=17
2026-09-28T17:56:30.071339Z  INFO lingxi_service: request handled request_id=req-d17d4337785547bfa5439838a10c79cd method=POST path=/lingxi/v1/sessions/sess_local_alpha/execute status=200
2026-09-28T17:56:30.071389Z  INFO lingxi_service: request handled request_id=req-680983bdad5d3a1c272c106d2c754609 method=POST path=/lingxi/v1/sessions/sess_local_alpha/execute status=200
2026-09-28T17:56:30.071433Z  INFO lingxi_service: request handled request_id=req-62c2333a99fce70254deee170fa81c5b method=POST path=/lingxi/v1/sessions/sess_local_alpha/execute status=200
2026-09-28T17:56:30.071482Z  INFO lingxi_service: request handled request_id=req-404d58693691af9a879b3671402bbdf6 method=POST path=/lingxi/v1/sessions/sess_local_alpha/execute status=200
2026-09-28T17:56:30.071530Z  INFO lingxi_service: request handled request_id=req-1ada4755a7eab405d04c35668370a178 method=POST path=/lingxi/v1/sessions/sess_local_alpha/execute status=200
2026-09-28T17:56:30.071577Z  INFO lingxi_service: request handled request_id=req-0f0d0d64b8f89d2e9e899576f501c74b method=POST path=/lingxi/v1/sessions/sess_local_alpha/execute status=200
2026-09-28T17:56:30.071626Z  INFO lingxi_service: request handled request_id=req-c96014d74446111fb0bc38d6f3b09b5f method=POST path=/lingxi/v1/sessions/sess_local_alpha/execute status=200
2026-09-28T17:56:30.071671Z  INFO lingxi_service: request handled request_id=req-b90798162f3b08cdf0360e29aa19852f method=POST path=/lingxi/v1/sessions/sess_local_alpha/execute status=200
2026-09-28T17:56:30.071718Z  INFO lingxi_service: request handled request_id=req-0472b8a13cda26d8fe7f99fd8d5e50cb method=POST path=/lingxi/v1/sessions/sess_local_alpha/execute status=200
2026-09-28T17:56:30.073115Z  INFO lingxi_service::sessions: run committed and published (post-commit) run_id=run_000001a0e92940f8_000349 session_id=sess_local_alpha events=run_000001a0e92940f8_000349-done input_chars=17
2026-09-28T17:56:30.073266Z  INFO lingxi_service::sessions: run committed and published (post-commit) run_id=run_000001a0e92940f8_00034a session_id=sess_local_alpha events=run_000001a0e92940f8_00034a-done input_chars=17
2026-09-28T17:56:30.074013Z  INFO lingxi_service: request handled request_id=req-1ebbef63cc6c6e1d4800a94368b12275 method=POST path=/lingxi/v1/sessions/sess_local_alpha/execute status=200
2026-09-28T17:56:30.074279Z  INFO lingxi_service: request handled request_id=req-6bc4d91103b9258e4ea13ee5cac1af77 method=POST path=/lingxi/v1/sessions/sess_local_alpha/execute status=200
2026-09-28T17:56:30.074427Z  INFO lingxi_service::sessions: run committed and published (post-commit) run_id=run_000001a0e92940f8_00034b session_id=sess_local_alpha events=run_000001a0e92940f8_00034b-done input_chars=17
2026-09-28T17:56:30.074586Z  INFO lingxi_service::sessions: run committed and published (post-commit) run_id=run_000001a0e92940f8_00034c session_id=sess_local_alpha events=run_000001a0e92940f8_00034c-done input_chars=17
2026-09-28T17:56:30.074724Z  INFO lingxi_service::sessions: run committed and published (post-commit) run_id=run_000001a0e92940f8_00034d session_id=sess_local_alpha events=run_000001a0e92940f8_00034d-done input_chars=17
2026-09-28T17:56:30.074888Z  INFO lingxi_service::sessions: run committed and published (post-commit) run_id=run_000001a0e92940f8_00034e session_id=sess_local_alpha events=run_000001a0e92940f8_00034e-done input_chars=17
2026-09-28T17:56:30.075045Z  INFO lingxi_service::sessions: run committed and published (post-commit) run_id=run_000001a0e92940f8_00034f session_id=sess_local_alpha events=run_000001a0e92940f8_00034f-done input_chars=17
2026-09-28T17:56:30.075560Z  INFO lingxi_service: request handled request_id=req-16aaeb720782be1d18375579013b21d9 method=POST path=/lingxi/v1/sessions/sess_local_alpha/execute status=200
2026-09-28T17:56:30.075953Z  INFO lingxi_service: request handled request_id=req-59571d045754cb0671944f877e7992c9 method=POST path=/lingxi/v1/sessions/sess_local_alpha/execute status=200
2026-09-28T17:56:30.076012Z  INFO lingxi_service: request handled request_id=req-d70a5c12e33b175c701549391cf07a6e method=POST path=/lingxi/v1/sessions/sess_local_alpha/execute status=200
2026-09-28T17:56:30.076366Z  INFO lingxi_service: request handled request_id=req-ac98673c0c8c7c0406daa1521cf10968 method=POST path=/lingxi/v1/sessions/sess_local_alpha/execute status=200
2026-09-28T17:56:30.076425Z  INFO lingxi_service: request handled request_id=req-96fe100359c4ddfbef69571370b58058 method=POST path=/lingxi/v1/sessions/sess_local_alpha/execute status=200
2026-09-28T17:56:30.076528Z  INFO lingxi_service::sessions: run committed and published (post-commit) run_id=run_000001a0e92940f9_000350 session_id=sess_local_alpha events=run_000001a0e92940f9_000350-done input_chars=17
2026-09-28T17:56:30.077092Z  INFO lingxi_service::sessions: run committed and published (post-commit) run_id=run_000001a0e92940f9_000351 session_id=sess_local_alpha events=run_000001a0e92940f9_000351-done input_chars=17
2026-09-28T17:56:30.077229Z  INFO lingxi_service::sessions: run committed and published (post-commit) run_id=run_000001a0e92940f9_000352 session_id=sess_local_alpha events=run_000001a0e92940f9_000352-done input_chars=17
2026-09-28T17:56:30.077337Z  INFO lingxi_service::sessions: run committed and published (post-commit) run_id=run_000001a0e92940f9_000353 session_id=sess_local_alpha events=run_000001a0e92940f9_000353-done input_chars=17
2026-09-28T17:56:30.077895Z  INFO lingxi_service::sessions: run committed and published (post-commit) run_id=run_000001a0e92940f9_000354 session_id=sess_local_alpha events=run_000001a0e92940f9_000354-done input_chars=17
2026-09-28T17:56:30.078007Z  INFO lingxi_service::sessions: run committed and published (post-commit) run_id=run_000001a0e92940fa_000355 session_id=sess_local_alpha events=run_000001a0e92940fa_000355-done input_chars=17
2026-09-28T17:56:30.078241Z  INFO lingxi_service: request handled request_id=req-5235711a40b79d471d7f4814f3664354 method=POST path=/lingxi/v1/sessions/sess_local_alpha/execute status=200
2026-09-28T17:56:30.078347Z  INFO lingxi_service::sessions: run committed and published (post-commit) run_id=run_000001a0e92940fa_000356 session_id=sess_local_alpha events=run_000001a0e92940fa_000356-done input_chars=17
2026-09-28T17:56:30.078453Z  INFO lingxi_service::sessions: run committed and published (post-commit) run_id=run_000001a0e92940fa_000357 session_id=sess_local_alpha events=run_000001a0e92940fa_000357-done input_chars=17
2026-09-28T17:56:30.078570Z  INFO lingxi_service::sessions: run committed and published (post-commit) run_id=run_000001a0e92940fa_000358 session_id=sess_local_alpha events=run_000001a0e92940fa_000358-done input_chars=17
2026-09-28T17:56:30.079232Z  INFO lingxi_service: request handled request_id=req-7018ed79b5ca91b24a556051c0b9fad2 method=POST path=/lingxi/v1/sessions/sess_local_alpha/execute status=200
2026-09-28T17:56:30.079280Z  INFO lingxi_service: request handled request_id=req-e875767df6862fe684cfe292c14f2d78 method=POST path=/lingxi/v1/sessions/sess_local_alpha/execute status=200
2026-09-28T17:56:30.079328Z  INFO lingxi_service: request handled request_id=req-adc79ec020ddd7892eef105bc784f95c method=POST path=/lingxi/v1/sessions/sess_local_alpha/execute status=200
2026-09-28T17:56:30.079431Z  INFO lingxi_service::sessions: run committed and published (post-commit) run_id=run_000001a0e92940fa_000359 session_id=sess_local_alpha events=run_000001a0e92940fa_000359-done input_chars=17
2026-09-28T17:56:30.079542Z  INFO lingxi_service::sessions: run committed and published (post-commit) run_id=run_000001a0e92940fa_00035a session_id=sess_local_alpha events=run_000001a0e92940fa_00035a-done input_chars=17
2026-09-28T17:56:30.079674Z  INFO lingxi_service::sessions: run committed and published (post-commit) run_id=run_000001a0e92940fa_00035b session_id=sess_local_alpha events=run_000001a0e92940fa_00035b-done input_chars=17
2026-09-28T17:56:30.079732Z  INFO lingxi_service: request handled request_id=req-2d7228c55799b773a46730199e0805eb method=POST path=/lingxi/v1/sessions/sess_local_alpha/execute status=200
2026-09-28T17:56:30.079783Z  INFO lingxi_service: request handled request_id=req-718deaa7e59d10a43f560ee683646b08 method=POST path=/lingxi/v1/sessions/sess_local_alpha/execute status=200
2026-09-28T17:56:30.079886Z  INFO lingxi_service::sessions: run committed and published (post-commit) run_id=run_000001a0e92940fb_00035c session_id=sess_local_alpha events=run_000001a0e92940fb_00035c-done input_chars=17
2026-09-28T17:56:30.079945Z  INFO lingxi_service: request handled request_id=req-fae68ffa08dd62b7eceec84dffb82f70 method=POST path=/lingxi/v1/sessions/sess_local_alpha/execute status=200
2026-09-28T17:56:30.079992Z  INFO lingxi_service: request handled request_id=req-2090c0e757411ea1e89eb0c3c154005c method=POST path=/lingxi/v1/sessions/sess_local_alpha/execute status=200
2026-09-28T17:56:30.080041Z  INFO lingxi_service: request handled request_id=req-e92c2e721e452c69898f5983c581f246 method=POST path=/lingxi/v1/sessions/sess_local_alpha/execute status=200
2026-09-28T17:56:30.080153Z  INFO lingxi_service::sessions: run committed and published (post-commit) run_id=run_000001a0e92940fb_00035d session_id=sess_local_alpha events=run_000001a0e92940fb_00035d-done input_chars=17
2026-09-28T17:56:30.080265Z  INFO lingxi_service::sessions: run committed and published (post-commit) run_id=run_000001a0e92940fb_00035e session_id=sess_local_alpha events=run_000001a0e92940fb_00035e-done input_chars=17
2026-09-28T17:56:30.080382Z  INFO lingxi_service::sessions: run committed and published (post-commit) run_id=run_000001a0e92940fb_00035f session_id=sess_local_alpha events=run_000001a0e92940fb_00035f-done input_chars=17
2026-09-28T17:56:30.080515Z  INFO lingxi_service::sessions: run committed and published (post-commit) run_id=run_000001a0e92940fb_000360 session_id=sess_local_alpha events=run_000001a0e92940fb_000360-done input_chars=17
2026-09-28T17:56:30.080573Z  INFO lingxi_service: request handled request_id=req-66cbe66beccb0838dfcb4d6f00a985e6 method=POST path=/lingxi/v1/sessions/sess_local_alpha/execute status=200
2026-09-28T17:56:30.080619Z  INFO lingxi_service: request handled request_id=req-0c7e1f93adb78d93325fe85a1a27d3f0 method=POST path=/lingxi/v1/sessions/sess_local_alpha/execute status=200
2026-09-28T17:56:30.080667Z  INFO lingxi_service: request handled request_id=req-7fe22dc3bf9792a6d1f81289c35b161b method=POST path=/lingxi/v1/sessions/sess_local_alpha/execute status=200
2026-09-28T17:56:30.080717Z  INFO lingxi_service: request handled request_id=req-9c6c9f53e9472f21c99bb67ad7202db7 method=POST path=/lingxi/v1/sessions/sess_local_alpha/execute status=200
2026-09-28T17:56:30.080764Z  INFO lingxi_service: request handled request_id=req-9f5820743bbcb7f52e2bae7f146cf51c method=POST path=/lingxi/v1/sessions/sess_local_alpha/execute status=200
2026-09-28T17:56:30.080810Z  INFO lingxi_service: request handled request_id=req-b8f27e29f414cf6a1758e50446c3842d method=POST path=/lingxi/v1/sessions/sess_local_alpha/execute status=200
2026-09-28T17:56:30.080899Z  INFO lingxi_service: request handled request_id=req-8c80d72f31d563c08d0cac8d63266cb5 method=POST path=/lingxi/v1/sessions/sess_local_alpha/execute status=200
2026-09-28T17:56:30.080948Z  INFO lingxi_service: request handled request_id=req-1fed13599c2b82d43d07a1db2090b9ac method=POST path=/lingxi/v1/sessions/sess_local_alpha/execute status=200
2026-09-28T17:56:30.082243Z  INFO lingxi_service::sessions: run committed and published (post-commit) run_id=run_000001a0e9294101_000361 session_id=sess_local_alpha events=run_000001a0e9294101_000361-done input_chars=17
2026-09-28T17:56:30.082902Z  INFO lingxi_service: request handled request_id=req-f9ada05c8c1dfe73a621511201cf057d method=POST path=/lingxi/v1/sessions/sess_local_alpha/execute status=200
2026-09-28T17:56:30.083060Z  INFO lingxi_service::sessions: run committed and published (post-commit) run_id=run_000001a0e9294101_000362 session_id=sess_local_alpha events=run_000001a0e9294101_000362-done input_chars=17
2026-09-28T17:56:30.083172Z  INFO lingxi_service::sessions: run committed and published (post-commit) run_id=run_000001a0e9294101_000363 session_id=sess_local_alpha events=run_000001a0e9294101_000363-done input_chars=17
2026-09-28T17:56:30.083302Z  INFO lingxi_service::sessions: run committed and published (post-commit) run_id=run_000001a0e9294102_000364 session_id=sess_local_alpha events=run_000001a0e9294102_000364-done input_chars=17
2026-09-28T17:56:30.084131Z  INFO lingxi_service: request handled request_id=req-ed6cdcda574af87574eb7ce3f0791865 method=POST path=/lingxi/v1/sessions/sess_local_alpha/execute status=200
2026-09-28T17:56:30.084190Z  INFO lingxi_service: request handled request_id=req-98bc1e45d56cc349e4033debc4876c6d method=POST path=/lingxi/v1/sessions/sess_local_alpha/execute status=200
2026-09-28T17:56:30.084254Z  INFO lingxi_service: request handled request_id=req-10b16065f6ca91bdb0cf4dc2177f6bec method=POST path=/lingxi/v1/sessions/sess_local_alpha/execute status=200
2026-09-28T17:56:30.084355Z  INFO lingxi_service::sessions: run committed and published (post-commit) run_id=run_000001a0e9294102_000365 session_id=sess_local_alpha events=run_000001a0e9294102_000365-done input_chars=17
2026-09-28T17:56:30.084502Z  INFO lingxi_service::sessions: run committed and published (post-commit) run_id=run_000001a0e9294102_000366 session_id=sess_local_alpha events=run_000001a0e9294102_000366-done input_chars=17
2026-09-28T17:56:30.084687Z  INFO lingxi_service::sessions: run committed and published (post-commit) run_id=run_000001a0e9294102_000367 session_id=sess_local_alpha events=run_000001a0e9294102_000367-done input_chars=17
2026-09-28T17:56:30.084845Z  INFO lingxi_service::sessions: run committed and published (post-commit) run_id=run_000001a0e9294102_000368 session_id=sess_local_alpha events=run_000001a0e9294102_000368-done input_chars=17
2026-09-28T17:56:30.086064Z  INFO lingxi_service: request handled request_id=req-b1e4c3670d14cf4682ae7500b6bb2dd2 method=POST path=/lingxi/v1/sessions/sess_local_alpha/execute status=200
2026-09-28T17:56:30.086266Z  INFO lingxi_service: request handled request_id=req-8fdf5ebd890dd1e2dcf584b3988ca5b0 method=POST path=/lingxi/v1/sessions/sess_local_alpha/execute status=200
2026-09-28T17:56:30.086331Z  INFO lingxi_service: request handled request_id=req-8cd774a879819178ad1c452464c50b31 method=POST path=/lingxi/v1/sessions/sess_local_alpha/execute status=200
2026-09-28T17:56:30.086394Z  INFO lingxi_service: request handled request_id=req-6265860c6fc8ac5cd8df14775238bb0a method=POST path=/lingxi/v1/sessions/sess_local_alpha/execute status=200
2026-09-28T17:56:30.086521Z  INFO lingxi_service::sessions: run committed and published (post-commit) run_id=run_000001a0e9294102_000369 session_id=sess_local_alpha events=run_000001a0e9294102_000369-done input_chars=17
2026-09-28T17:56:30.086686Z  INFO lingxi_service::sessions: run committed and published (post-commit) run_id=run_000001a0e9294103_00036a session_id=sess_local_alpha events=run_000001a0e9294103_00036a-done input_chars=17
2026-09-28T17:56:30.086801Z  INFO lingxi_service::sessions: run committed and published (post-commit) run_id=run_000001a0e9294103_00036b session_id=sess_local_alpha events=run_000001a0e9294103_00036b-done input_chars=17
2026-09-28T17:56:30.086916Z  INFO lingxi_service::sessions: run committed and published (post-commit) run_id=run_000001a0e9294103_00036c session_id=sess_local_alpha events=run_000001a0e9294103_00036c-done input_chars=17
2026-09-28T17:56:30.087200Z  INFO lingxi_service::sessions: run committed and published (post-commit) run_id=run_000001a0e9294103_00036d session_id=sess_local_alpha events=run_000001a0e9294103_00036d-done input_chars=17
2026-09-28T17:56:30.087458Z  INFO lingxi_service::sessions: run committed and published (post-commit) run_id=run_000001a0e9294103_00036e session_id=sess_local_alpha events=run_000001a0e9294103_00036e-done input_chars=17
2026-09-28T17:56:30.087572Z  INFO lingxi_service::sessions: run committed and published (post-commit) run_id=run_000001a0e9294103_00036f session_id=sess_local_alpha events=run_000001a0e9294103_00036f-done input_chars=17
2026-09-28T17:56:30.087691Z  INFO lingxi_service::sessions: run committed and published (post-commit) run_id=run_000001a0e9294103_000370 session_id=sess_local_alpha events=run_000001a0e9294103_000370-done input_chars=17
2026-09-28T17:56:30.088710Z  INFO lingxi_service: request handled request_id=req-2ec8770cf92ea96d51a56b8175715201 method=POST path=/lingxi/v1/sessions/sess_local_alpha/execute status=200
2026-09-28T17:56:30.088758Z  INFO lingxi_service: request handled request_id=req-acdc67a11e3700714bc6539d83fe6ca1 method=POST path=/lingxi/v1/sessions/sess_local_alpha/execute status=200
2026-09-28T17:56:30.088810Z  INFO lingxi_service: request handled request_id=req-a4ced6834f53d865c85f05135d68c394 method=POST path=/lingxi/v1/sessions/sess_local_alpha/execute status=200
2026-09-28T17:56:30.088860Z  INFO lingxi_service: request handled request_id=req-392a959b6402345c2b67b5bf3c7b2f5d method=POST path=/lingxi/v1/sessions/sess_local_alpha/execute status=200
2026-09-28T17:56:30.088967Z  INFO lingxi_service::sessions: run committed and published (post-commit) run_id=run_000001a0e9294104_000371 session_id=sess_local_alpha events=run_000001a0e9294104_000371-done input_chars=17
2026-09-28T17:56:30.089026Z  INFO lingxi_service: request handled request_id=req-ed817ab008c3dac436de0d328ae4443c method=POST path=/lingxi/v1/sessions/sess_local_alpha/execute status=200
2026-09-28T17:56:30.089132Z  INFO lingxi_service::sessions: run committed and published (post-commit) run_id=run_000001a0e9294104_000372 session_id=sess_local_alpha events=run_000001a0e9294104_000372-done input_chars=17
2026-09-28T17:56:30.089190Z  INFO lingxi_service: request handled request_id=req-b5606e8d3efaf1077e0c2619170399ba method=POST path=/lingxi/v1/sessions/sess_local_alpha/execute status=200
2026-09-28T17:56:30.089238Z  INFO lingxi_service: request handled request_id=req-944391ea1179a90b0dd69d8e9fffb012 method=POST path=/lingxi/v1/sessions/sess_local_alpha/execute status=200
2026-09-28T17:56:30.089289Z  INFO lingxi_service: request handled request_id=req-eb5a73f8f887f3e075dfa87d93f4043d method=POST path=/lingxi/v1/sessions/sess_local_alpha/execute status=200
2026-09-28T17:56:30.089394Z  INFO lingxi_service::sessions: run committed and published (post-commit) run_id=run_000001a0e9294104_000373 session_id=sess_local_alpha events=run_000001a0e9294104_000373-done input_chars=17
2026-09-28T17:56:30.089507Z  INFO lingxi_service::sessions: run committed and published (post-commit) run_id=run_000001a0e9294104_000374 session_id=sess_local_alpha events=run_000001a0e9294104_000374-done input_chars=17
2026-09-28T17:56:30.089617Z  INFO lingxi_service::sessions: run committed and published (post-commit) run_id=run_000001a0e9294104_000375 session_id=sess_local_alpha events=run_000001a0e9294104_000375-done input_chars=17
2026-09-28T17:56:30.089727Z  INFO lingxi_service::sessions: run committed and published (post-commit) run_id=run_000001a0e9294105_000376 session_id=sess_local_alpha events=run_000001a0e9294105_000376-done input_chars=17
2026-09-28T17:56:30.089834Z  INFO lingxi_service::sessions: run committed and published (post-commit) run_id=run_000001a0e9294105_000377 session_id=sess_local_alpha events=run_000001a0e9294105_000377-done input_chars=17
2026-09-28T17:56:30.089944Z  INFO lingxi_service::sessions: run committed and published (post-commit) run_id=run_000001a0e9294105_000378 session_id=sess_local_alpha events=run_000001a0e9294105_000378-done input_chars=17
2026-09-28T17:56:30.090005Z  INFO lingxi_service: request handled request_id=req-aa93a8e7cbb2a25d1ed04047482689fb method=POST path=/lingxi/v1/sessions/sess_local_alpha/execute status=200
2026-09-28T17:56:30.090051Z  INFO lingxi_service: request handled request_id=req-3d7238f4ac803eeeda51f525a04fd2ed method=POST path=/lingxi/v1/sessions/sess_local_alpha/execute status=200
2026-09-28T17:56:30.090100Z  INFO lingxi_service: request handled request_id=req-d2dad85ff77b4a2e2d32ba13c8b2b2fe method=POST path=/lingxi/v1/sessions/sess_local_alpha/execute status=200
2026-09-28T17:56:30.090152Z  INFO lingxi_service: request handled request_id=req-6e0a0747af2198af60b8167190435bfa method=POST path=/lingxi/v1/sessions/sess_local_alpha/execute status=200
2026-09-28T17:56:30.090202Z  INFO lingxi_service: request handled request_id=req-911a4c8e3691f2ed057c9b413b791f44 method=POST path=/lingxi/v1/sessions/sess_local_alpha/execute status=200
2026-09-28T17:56:30.090252Z  INFO lingxi_service: request handled request_id=req-6af537fe99c6978d9e156b64969cf684 method=POST path=/lingxi/v1/sessions/sess_local_alpha/execute status=200
2026-09-28T17:56:30.090302Z  INFO lingxi_service: request handled request_id=req-b433a17d466e078a75b2015c64080a4c method=POST path=/lingxi/v1/sessions/sess_local_alpha/execute status=200
2026-09-28T17:56:30.090350Z  INFO lingxi_service: request handled request_id=req-5d9faaaf9ad282c15ae7174a7ae9c7ff method=POST path=/lingxi/v1/sessions/sess_local_alpha/execute status=200
2026-09-28T17:56:30.092039Z  INFO lingxi_service::sessions: run committed and published (post-commit) run_id=run_000001a0e929410a_000379 session_id=sess_local_alpha events=run_000001a0e929410a_000379-done input_chars=17
2026-09-28T17:56:30.092182Z  INFO lingxi_service::sessions: run committed and published (post-commit) run_id=run_000001a0e929410b_00037a session_id=sess_local_alpha events=run_000001a0e929410b_00037a-done input_chars=17
2026-09-28T17:56:30.093147Z  INFO lingxi_service: request handled request_id=req-b1a38b83120b9f3f2044a27227977b32 method=POST path=/lingxi/v1/sessions/sess_local_alpha/execute status=200
2026-09-28T17:56:30.093198Z  INFO lingxi_service: request handled request_id=req-1dc435148870364748218fc6188a1b0d method=POST path=/lingxi/v1/sessions/sess_local_alpha/execute status=200
2026-09-28T17:56:30.093317Z  INFO lingxi_service::sessions: run committed and published (post-commit) run_id=run_000001a0e929410b_00037b session_id=sess_local_alpha events=run_000001a0e929410b_00037b-done input_chars=17
2026-09-28T17:56:30.093491Z  INFO lingxi_service::sessions: run committed and published (post-commit) run_id=run_000001a0e929410b_00037c session_id=sess_local_alpha events=run_000001a0e929410b_00037c-done input_chars=17
2026-09-28T17:56:30.093668Z  INFO lingxi_service::sessions: run committed and published (post-commit) run_id=run_000001a0e929410b_00037d session_id=sess_local_alpha events=run_000001a0e929410b_00037d-done input_chars=17
2026-09-28T17:56:30.093849Z  INFO lingxi_service::sessions: run committed and published (post-commit) run_id=run_000001a0e929410b_00037e session_id=sess_local_alpha events=run_000001a0e929410b_00037e-done input_chars=17
2026-09-28T17:56:30.094125Z  INFO lingxi_service::sessions: run committed and published (post-commit) run_id=run_000001a0e929410b_00037f session_id=sess_local_alpha events=run_000001a0e929410b_00037f-done input_chars=17
2026-09-28T17:56:30.094958Z  INFO lingxi_service: request handled request_id=req-580a0c41b44f08a07ff1006bf782ac4b method=POST path=/lingxi/v1/sessions/sess_local_alpha/execute status=200
2026-09-28T17:56:30.095186Z  INFO lingxi_service: request handled request_id=req-5deb0128e423e12815d26889432c3deb method=POST path=/lingxi/v1/sessions/sess_local_alpha/execute status=200
2026-09-28T17:56:30.095427Z  INFO lingxi_service: request handled request_id=req-5aad281b09aea16690349b3323d73718 method=POST path=/lingxi/v1/sessions/sess_local_alpha/execute status=200
2026-09-28T17:56:30.095504Z  INFO lingxi_service: request handled request_id=req-a43812fc8a634e32505b146958c31d80 method=POST path=/lingxi/v1/sessions/sess_local_alpha/execute status=200
2026-09-28T17:56:30.095659Z  INFO lingxi_service::sessions: run committed and published (post-commit) run_id=run_000001a0e929410c_000380 session_id=sess_local_alpha events=run_000001a0e929410c_000380-done input_chars=17
2026-09-28T17:56:30.095718Z  INFO lingxi_service: request handled request_id=req-a6d9a53258e42d06adaeeb8d6f47a948 method=POST path=/lingxi/v1/sessions/sess_local_alpha/execute status=200
2026-09-28T17:56:30.095872Z  INFO lingxi_service::sessions: run committed and published (post-commit) run_id=run_000001a0e929410c_000381 session_id=sess_local_alpha events=run_000001a0e929410c_000381-done input_chars=17
2026-09-28T17:56:30.096175Z  INFO lingxi_service::sessions: run committed and published (post-commit) run_id=run_000001a0e929410c_000382 session_id=sess_local_alpha events=run_000001a0e929410c_000382-done input_chars=17
2026-09-28T17:56:30.096533Z  INFO lingxi_service::sessions: run committed and published (post-commit) run_id=run_000001a0e929410c_000383 session_id=sess_local_alpha events=run_000001a0e929410c_000383-done input_chars=17
2026-09-28T17:56:30.096644Z  INFO lingxi_service::sessions: run committed and published (post-commit) run_id=run_000001a0e929410c_000384 session_id=sess_local_alpha events=run_000001a0e929410c_000384-done input_chars=17
2026-09-28T17:56:30.096986Z  INFO lingxi_service::sessions: run committed and published (post-commit) run_id=run_000001a0e929410c_000385 session_id=sess_local_alpha events=run_000001a0e929410c_000385-done input_chars=17
2026-09-28T17:56:30.097242Z  INFO lingxi_service::sessions: run committed and published (post-commit) run_id=run_000001a0e929410c_000386 session_id=sess_local_alpha events=run_000001a0e929410c_000386-done input_chars=17
2026-09-28T17:56:30.097737Z  INFO lingxi_service: request handled request_id=req-f4109c82e33cc0decc53b75bb015b589 method=POST path=/lingxi/v1/sessions/sess_local_alpha/execute status=200
2026-09-28T17:56:30.097961Z  INFO lingxi_service: request handled request_id=req-4f5153e414e1e768add8ac4b5fc72d8b method=POST path=/lingxi/v1/sessions/sess_local_alpha/execute status=200
2026-09-28T17:56:30.098064Z  INFO lingxi_service::sessions: run committed and published (post-commit) run_id=run_000001a0e929410d_000387 session_id=sess_local_alpha events=run_000001a0e929410d_000387-done input_chars=17
2026-09-28T17:56:30.098437Z  INFO lingxi_service: request handled request_id=req-1ffe4627f403d47cf2f2973635026112 method=POST path=/lingxi/v1/sessions/sess_local_alpha/execute status=200
2026-09-28T17:56:30.098542Z  INFO lingxi_service::sessions: run committed and published (post-commit) run_id=run_000001a0e929410d_000388 session_id=sess_local_alpha events=run_000001a0e929410d_000388-done input_chars=17
2026-09-28T17:56:30.098604Z  INFO lingxi_service: request handled request_id=req-ca4bc8537201d6267798cc9caee67013 method=POST path=/lingxi/v1/sessions/sess_local_alpha/execute status=200
2026-09-28T17:56:30.098653Z  INFO lingxi_service: request handled request_id=req-b81d5e499adabf8695d49a7c288bb51d method=POST path=/lingxi/v1/sessions/sess_local_alpha/execute status=200
2026-09-28T17:56:30.098780Z  INFO lingxi_service::sessions: run committed and published (post-commit) run_id=run_000001a0e929410d_000389 session_id=sess_local_alpha events=run_000001a0e929410d_000389-done input_chars=17
2026-09-28T17:56:30.098841Z  INFO lingxi_service: request handled request_id=req-093897bf9aa9f43362e85b89e25fd2a8 method=POST path=/lingxi/v1/sessions/sess_local_alpha/execute status=200
2026-09-28T17:56:30.098950Z  INFO lingxi_service::sessions: run committed and published (post-commit) run_id=run_000001a0e929410d_00038a session_id=sess_local_alpha events=run_000001a0e929410d_00038a-done input_chars=17
2026-09-28T17:56:30.099011Z  INFO lingxi_service: request handled request_id=req-0a169b1544ad69b2d8e697006403c907 method=POST path=/lingxi/v1/sessions/sess_local_alpha/execute status=200
2026-09-28T17:56:30.099127Z  INFO lingxi_service::sessions: run committed and published (post-commit) run_id=run_000001a0e929410d_00038b session_id=sess_local_alpha events=run_000001a0e929410d_00038b-done input_chars=17
2026-09-28T17:56:30.099272Z  INFO lingxi_service::sessions: run committed and published (post-commit) run_id=run_000001a0e929410d_00038c session_id=sess_local_alpha events=run_000001a0e929410d_00038c-done input_chars=17
2026-09-28T17:56:30.099383Z  INFO lingxi_service::sessions: run committed and published (post-commit) run_id=run_000001a0e929410d_00038d session_id=sess_local_alpha events=run_000001a0e929410d_00038d-done input_chars=17
2026-09-28T17:56:30.099495Z  INFO lingxi_service::sessions: run committed and published (post-commit) run_id=run_000001a0e929410e_00038e session_id=sess_local_alpha events=run_000001a0e929410e_00038e-done input_chars=17
2026-09-28T17:56:30.099554Z  INFO lingxi_service: request handled request_id=req-d671cd2145e3c35bfabaecb402e5abca method=POST path=/lingxi/v1/sessions/sess_local_alpha/execute status=200
2026-09-28T17:56:30.099666Z  INFO lingxi_service::sessions: run committed and published (post-commit) run_id=run_000001a0e929410e_00038f session_id=sess_local_alpha events=run_000001a0e929410e_00038f-done input_chars=17
2026-09-28T17:56:30.099774Z  INFO lingxi_service::sessions: run committed and published (post-commit) run_id=run_000001a0e929410e_000390 session_id=sess_local_alpha events=run_000001a0e929410e_000390-done input_chars=17
2026-09-28T17:56:30.099837Z  INFO lingxi_service: request handled request_id=req-78c54a43ebfa87aefb2866794d5a97fb method=POST path=/lingxi/v1/sessions/sess_local_alpha/execute status=200
2026-09-28T17:56:30.099893Z  INFO lingxi_service: request handled request_id=req-07070285b21c5275104e067020b96f40 method=POST path=/lingxi/v1/sessions/sess_local_alpha/execute status=200
2026-09-28T17:56:30.099940Z  INFO lingxi_service: request handled request_id=req-2da511f6540b2c837e960f08a50f9262 method=POST path=/lingxi/v1/sessions/sess_local_alpha/execute status=200
2026-09-28T17:56:30.099991Z  INFO lingxi_service: request handled request_id=req-85ef6b6c23e0b8be8502a4a73ce63d02 method=POST path=/lingxi/v1/sessions/sess_local_alpha/execute status=200
2026-09-28T17:56:30.100042Z  INFO lingxi_service: request handled request_id=req-6fa8503665ef5e1e23896d3e9c75f6fc method=POST path=/lingxi/v1/sessions/sess_local_alpha/execute status=200
2026-09-28T17:56:30.100093Z  INFO lingxi_service: request handled request_id=req-a6ee8a42289df74c617f2ca5fe10fa8c method=POST path=/lingxi/v1/sessions/sess_local_alpha/execute status=200
2026-09-28T17:56:30.100145Z  INFO lingxi_service: request handled request_id=req-83c7e0429d4ed61330683778e583c361 method=POST path=/lingxi/v1/sessions/sess_local_alpha/execute status=200
2026-09-28T17:56:30.100193Z  INFO lingxi_service: request handled request_id=req-1d51c109951513a3a7db30abac0617f9 method=POST path=/lingxi/v1/sessions/sess_local_alpha/execute status=200
2026-09-28T17:56:30.100242Z  INFO lingxi_service: request handled request_id=req-89fd0e74002dd3b8ba643b87952f0caf method=POST path=/lingxi/v1/sessions/sess_local_alpha/execute status=200
2026-09-28T17:56:30.101694Z  INFO lingxi_service::sessions: run committed and published (post-commit) run_id=run_000001a0e9294115_000391 session_id=sess_local_alpha events=run_000001a0e9294115_000391-done input_chars=17
2026-09-28T17:56:30.101817Z  INFO lingxi_service::sessions: run committed and published (post-commit) run_id=run_000001a0e9294115_000392 session_id=sess_local_alpha events=run_000001a0e9294115_000392-done input_chars=17
2026-09-28T17:56:30.102608Z  INFO lingxi_service: request handled request_id=req-bf47cb5a3bb151e56a7f0d8ef58666c4 method=POST path=/lingxi/v1/sessions/sess_local_alpha/execute status=200
2026-09-28T17:56:30.102674Z  INFO lingxi_service: request handled request_id=req-992aab241d0b6906492637124c248f36 method=POST path=/lingxi/v1/sessions/sess_local_alpha/execute status=200
2026-09-28T17:56:30.102774Z  INFO lingxi_service::sessions: run committed and published (post-commit) run_id=run_000001a0e9294115_000393 session_id=sess_local_alpha events=run_000001a0e9294115_000393-done input_chars=17
2026-09-28T17:56:30.102890Z  INFO lingxi_service::sessions: run committed and published (post-commit) run_id=run_000001a0e9294115_000394 session_id=sess_local_alpha events=run_000001a0e9294115_000394-done input_chars=17
2026-09-28T17:56:30.103036Z  INFO lingxi_service::sessions: run committed and published (post-commit) run_id=run_000001a0e9294115_000395 session_id=sess_local_alpha events=run_000001a0e9294115_000395-done input_chars=17
2026-09-28T17:56:30.103148Z  INFO lingxi_service::sessions: run committed and published (post-commit) run_id=run_000001a0e9294115_000396 session_id=sess_local_alpha events=run_000001a0e9294115_000396-done input_chars=17
2026-09-28T17:56:30.103271Z  INFO lingxi_service: request handled request_id=req-9e66de673c2fdff5d1c770e86f522e1e method=POST path=/lingxi/v1/sessions/sess_local_alpha/execute status=200
2026-09-28T17:56:30.103683Z  INFO lingxi_service: request handled request_id=req-c6652a4362334ef8882dac4c760c4443 method=POST path=/lingxi/v1/sessions/sess_local_alpha/execute status=200
2026-09-28T17:56:30.103745Z  INFO lingxi_service: request handled request_id=req-a788fb9dc2e363ac910e5bfe1b0f1b8c method=POST path=/lingxi/v1/sessions/sess_local_alpha/execute status=200
2026-09-28T17:56:30.104482Z  INFO lingxi_service: request handled request_id=req-7ee9a82f57170e5c7d93dcbdee9e0be1 method=POST path=/lingxi/v1/sessions/sess_local_alpha/execute status=200
2026-09-28T17:56:30.105076Z  INFO lingxi_service::sessions: run committed and published (post-commit) run_id=run_000001a0e9294116_000397 session_id=sess_local_alpha events=run_000001a0e9294116_000397-done input_chars=17
2026-09-28T17:56:30.105192Z  INFO lingxi_service::sessions: run committed and published (post-commit) run_id=run_000001a0e9294116_000398 session_id=sess_local_alpha events=run_000001a0e9294116_000398-done input_chars=17
2026-09-28T17:56:30.105470Z  INFO lingxi_service::sessions: run committed and published (post-commit) run_id=run_000001a0e9294116_000399 session_id=sess_local_alpha events=run_000001a0e9294116_000399-done input_chars=17
2026-09-28T17:56:30.105590Z  INFO lingxi_service::sessions: run committed and published (post-commit) run_id=run_000001a0e9294116_00039a session_id=sess_local_alpha events=run_000001a0e9294116_00039a-done input_chars=17
2026-09-28T17:56:30.105708Z  INFO lingxi_service::sessions: run committed and published (post-commit) run_id=run_000001a0e9294116_00039b session_id=sess_local_alpha events=run_000001a0e9294116_00039b-done input_chars=17
2026-09-28T17:56:30.105818Z  INFO lingxi_service::sessions: run committed and published (post-commit) run_id=run_000001a0e9294116_00039c session_id=sess_local_alpha events=run_000001a0e9294116_00039c-done input_chars=17
2026-09-28T17:56:30.105961Z  INFO lingxi_service::sessions: run committed and published (post-commit) run_id=run_000001a0e9294116_00039d session_id=sess_local_alpha events=run_000001a0e9294116_00039d-done input_chars=17
2026-09-28T17:56:30.106089Z  INFO lingxi_service::sessions: run committed and published (post-commit) run_id=run_000001a0e9294116_00039e session_id=sess_local_alpha events=run_000001a0e9294116_00039e-done input_chars=17
2026-09-28T17:56:30.106214Z  INFO lingxi_service::sessions: run committed and published (post-commit) run_id=run_000001a0e9294116_00039f session_id=sess_local_alpha events=run_000001a0e9294116_00039f-done input_chars=17
2026-09-28T17:56:30.106427Z  INFO lingxi_service: request handled request_id=req-56d875fd9d8ccef0bd24889ea3db1ab8 method=POST path=/lingxi/v1/sessions/sess_local_alpha/execute status=200
2026-09-28T17:56:30.106477Z  INFO lingxi_service: request handled request_id=req-a8b3b92c510a974d02dfb20d9eabca09 method=POST path=/lingxi/v1/sessions/sess_local_alpha/execute status=200
2026-09-28T17:56:30.106606Z  INFO lingxi_service::sessions: run committed and published (post-commit) run_id=run_000001a0e9294117_0003a0 session_id=sess_local_alpha events=run_000001a0e9294117_0003a0-done input_chars=17
2026-09-28T17:56:30.106979Z  INFO lingxi_service: request handled request_id=req-99ca9bc89c0f4f7011983b01df41c16c method=POST path=/lingxi/v1/sessions/sess_local_alpha/execute status=200
2026-09-28T17:56:30.107177Z  INFO lingxi_service: request handled request_id=req-fc9734ab55241da60a748178a35a145a method=POST path=/lingxi/v1/sessions/sess_local_alpha/execute status=200
2026-09-28T17:56:30.107230Z  INFO lingxi_service: request handled request_id=req-237c6e031614a867f52c1aa368339d4d method=POST path=/lingxi/v1/sessions/sess_local_alpha/execute status=200
2026-09-28T17:56:30.107748Z  INFO lingxi_service: request handled request_id=req-4e4ac9093908b481dd8734ae7eb5def4 method=POST path=/lingxi/v1/sessions/sess_local_alpha/execute status=200
2026-09-28T17:56:30.107974Z  INFO lingxi_service: request handled request_id=req-563af19c8fa304c40d363551f68237b0 method=POST path=/lingxi/v1/sessions/sess_local_alpha/execute status=200
2026-09-28T17:56:30.108027Z  INFO lingxi_service: request handled request_id=req-061acd015dfd9e8f969a351414e6ae75 method=POST path=/lingxi/v1/sessions/sess_local_alpha/execute status=200
2026-09-28T17:56:30.108076Z  INFO lingxi_service: request handled request_id=req-cb449a89950532d73c04c8e17edac91c method=POST path=/lingxi/v1/sessions/sess_local_alpha/execute status=200
2026-09-28T17:56:30.108183Z  INFO lingxi_service::sessions: run committed and published (post-commit) run_id=run_000001a0e9294117_0003a1 session_id=sess_local_alpha events=run_000001a0e9294117_0003a1-done input_chars=17
2026-09-28T17:56:30.108245Z  INFO lingxi_service: request handled request_id=req-7b3fda746371fcd7861aefe0de51d010 method=POST path=/lingxi/v1/sessions/sess_local_alpha/execute status=200
2026-09-28T17:56:30.108348Z  INFO lingxi_service::sessions: run committed and published (post-commit) run_id=run_000001a0e9294117_0003a2 session_id=sess_local_alpha events=run_000001a0e9294117_0003a2-done input_chars=17
2026-09-28T17:56:30.108463Z  INFO lingxi_service::sessions: run committed and published (post-commit) run_id=run_000001a0e9294117_0003a3 session_id=sess_local_alpha events=run_000001a0e9294117_0003a3-done input_chars=17
2026-09-28T17:56:30.108577Z  INFO lingxi_service::sessions: run committed and published (post-commit) run_id=run_000001a0e9294118_0003a4 session_id=sess_local_alpha events=run_000001a0e9294118_0003a4-done input_chars=17
2026-09-28T17:56:30.108690Z  INFO lingxi_service::sessions: run committed and published (post-commit) run_id=run_000001a0e9294118_0003a5 session_id=sess_local_alpha events=run_000001a0e9294118_0003a5-done input_chars=17
2026-09-28T17:56:30.108809Z  INFO lingxi_service::sessions: run committed and published (post-commit) run_id=run_000001a0e9294118_0003a6 session_id=sess_local_alpha events=run_000001a0e9294118_0003a6-done input_chars=17
2026-09-28T17:56:30.108940Z  INFO lingxi_service::sessions: run committed and published (post-commit) run_id=run_000001a0e9294118_0003a7 session_id=sess_local_alpha events=run_000001a0e9294118_0003a7-done input_chars=17
2026-09-28T17:56:30.109051Z  INFO lingxi_service::sessions: run committed and published (post-commit) run_id=run_000001a0e9294118_0003a8 session_id=sess_local_alpha events=run_000001a0e9294118_0003a8-done input_chars=17
2026-09-28T17:56:30.109112Z  INFO lingxi_service: request handled request_id=req-d2b00952488e874a2a157fc0238aec4d method=POST path=/lingxi/v1/sessions/sess_local_alpha/execute status=200
2026-09-28T17:56:30.109167Z  INFO lingxi_service: request handled request_id=req-c2a5b0698110fb6e2420a2af324cf521 method=POST path=/lingxi/v1/sessions/sess_local_alpha/execute status=200
2026-09-28T17:56:30.109217Z  INFO lingxi_service: request handled request_id=req-10b9f8e0fbc4d48fddf4a3a6dacf5acc method=POST path=/lingxi/v1/sessions/sess_local_alpha/execute status=200
2026-09-28T17:56:30.109270Z  INFO lingxi_service: request handled request_id=req-8730dd088de2af62386f474d562bfde0 method=POST path=/lingxi/v1/sessions/sess_local_alpha/execute status=200
2026-09-28T17:56:30.109324Z  INFO lingxi_service: request handled request_id=req-6bf7c79502e100913172f468908c9d7e method=POST path=/lingxi/v1/sessions/sess_local_alpha/execute status=200
2026-09-28T17:56:30.109374Z  INFO lingxi_service: request handled request_id=req-1c993d983abb90af2056f130a8c134b9 method=POST path=/lingxi/v1/sessions/sess_local_alpha/execute status=200
2026-09-28T17:56:30.109427Z  INFO lingxi_service: request handled request_id=req-7a230ccb3068570b0adce740bf973ce9 method=POST path=/lingxi/v1/sessions/sess_local_alpha/execute status=200
2026-09-28T17:56:30.109482Z  INFO lingxi_service: request handled request_id=req-7f4fd42c025ae42556aeb75073968687 method=POST path=/lingxi/v1/sessions/sess_local_alpha/execute status=200
2026-09-28T17:56:30.110757Z  INFO lingxi_service::sessions: run committed and published (post-commit) run_id=run_000001a0e929411e_0003a9 session_id=sess_local_alpha events=run_000001a0e929411e_0003a9-done input_chars=17
2026-09-28T17:56:30.110895Z  INFO lingxi_service::sessions: run committed and published (post-commit) run_id=run_000001a0e929411e_0003aa session_id=sess_local_alpha events=run_000001a0e929411e_0003aa-done input_chars=17
2026-09-28T17:56:30.111342Z  INFO lingxi_service: request handled request_id=req-6d42c6c22c53977299c5fd988c5df58a method=POST path=/lingxi/v1/sessions/sess_local_alpha/execute status=200
2026-09-28T17:56:30.111428Z  INFO lingxi_service: request handled request_id=req-3abe3a013a36eb373e4177c88f4f9668 method=POST path=/lingxi/v1/sessions/sess_local_alpha/execute status=200
2026-09-28T17:56:30.111572Z  INFO lingxi_service::sessions: run committed and published (post-commit) run_id=run_000001a0e929411e_0003ab session_id=sess_local_alpha events=run_000001a0e929411e_0003ab-done input_chars=17
2026-09-28T17:56:30.111723Z  INFO lingxi_service::sessions: run committed and published (post-commit) run_id=run_000001a0e929411e_0003ac session_id=sess_local_alpha events=run_000001a0e929411e_0003ac-done input_chars=17
2026-09-28T17:56:30.112497Z  INFO lingxi_service: request handled request_id=req-1871a1d7c30073c2bd0ba689af12716e method=POST path=/lingxi/v1/sessions/sess_local_alpha/execute status=200
2026-09-28T17:56:30.112723Z  INFO lingxi_service: request handled request_id=req-19434f11d987a025c8301aa33a7487db method=POST path=/lingxi/v1/sessions/sess_local_alpha/execute status=200
2026-09-28T17:56:30.112876Z  INFO lingxi_service::sessions: run committed and published (post-commit) run_id=run_000001a0e929411e_0003ad session_id=sess_local_alpha events=run_000001a0e929411e_0003ad-done input_chars=17
2026-09-28T17:56:30.113039Z  INFO lingxi_service::sessions: run committed and published (post-commit) run_id=run_000001a0e929411e_0003ae session_id=sess_local_alpha events=run_000001a0e929411e_0003ae-done input_chars=17
2026-09-28T17:56:30.113205Z  INFO lingxi_service::sessions: run committed and published (post-commit) run_id=run_000001a0e929411e_0003af session_id=sess_local_alpha events=run_000001a0e929411e_0003af-done input_chars=17
2026-09-28T17:56:30.113846Z  INFO lingxi_service::sessions: run committed and published (post-commit) run_id=run_000001a0e929411f_0003b0 session_id=sess_local_alpha events=run_000001a0e929411f_0003b0-done input_chars=17
2026-09-28T17:56:30.114250Z  INFO lingxi_service::sessions: run committed and published (post-commit) run_id=run_000001a0e929411f_0003b1 session_id=sess_local_alpha events=run_000001a0e929411f_0003b1-done input_chars=17
2026-09-28T17:56:30.114990Z  INFO lingxi_service: request handled request_id=req-9aa24573d4b5d0c01ce8aa67a4f67122 method=POST path=/lingxi/v1/sessions/sess_local_alpha/execute status=200
2026-09-28T17:56:30.115214Z  INFO lingxi_service: request handled request_id=req-8571ab0849d87819c28ce9885e940cac method=POST path=/lingxi/v1/sessions/sess_local_alpha/execute status=200
2026-09-28T17:56:30.115280Z  INFO lingxi_service: request handled request_id=req-8f452fd08701a8de4e9330fbba7ee162 method=POST path=/lingxi/v1/sessions/sess_local_alpha/execute status=200
2026-09-28T17:56:30.115371Z  INFO lingxi_service: request handled request_id=req-1ee68391697e24c30838ab70577a6433 method=POST path=/lingxi/v1/sessions/sess_local_alpha/execute status=200
2026-09-28T17:56:30.115505Z  INFO lingxi_service::sessions: run committed and published (post-commit) run_id=run_000001a0e929411f_0003b2 session_id=sess_local_alpha events=run_000001a0e929411f_0003b2-done input_chars=17
2026-09-28T17:56:30.115718Z  INFO lingxi_service: request handled request_id=req-7ae7d67e96e151c61f40ee93b3798570 method=POST path=/lingxi/v1/sessions/sess_local_alpha/execute status=200
2026-09-28T17:56:30.115822Z  INFO lingxi_service::sessions: run committed and published (post-commit) run_id=run_000001a0e929411f_0003b3 session_id=sess_local_alpha events=run_000001a0e929411f_0003b3-done input_chars=17
2026-09-28T17:56:30.115955Z  INFO lingxi_service::sessions: run committed and published (post-commit) run_id=run_000001a0e929411f_0003b4 session_id=sess_local_alpha events=run_000001a0e929411f_0003b4-done input_chars=17
2026-09-28T17:56:30.116306Z  INFO lingxi_service::sessions: run committed and published (post-commit) run_id=run_000001a0e9294120_0003b5 session_id=sess_local_alpha events=run_000001a0e9294120_0003b5-done input_chars=17
2026-09-28T17:56:30.116422Z  INFO lingxi_service::sessions: run committed and published (post-commit) run_id=run_000001a0e9294120_0003b6 session_id=sess_local_alpha events=run_000001a0e9294120_0003b6-done input_chars=17
2026-09-28T17:56:30.116741Z  INFO lingxi_service::sessions: run committed and published (post-commit) run_id=run_000001a0e9294120_0003b7 session_id=sess_local_alpha events=run_000001a0e9294120_0003b7-done input_chars=17
2026-09-28T17:56:30.117894Z  INFO lingxi_service: request handled request_id=req-b1fbecfab9b9276340f39df7f5d30de1 method=POST path=/lingxi/v1/sessions/sess_local_alpha/execute status=200
2026-09-28T17:56:30.118000Z  INFO lingxi_service::sessions: run committed and published (post-commit) run_id=run_000001a0e9294120_0003b8 session_id=sess_local_alpha events=run_000001a0e9294120_0003b8-done input_chars=17
2026-09-28T17:56:30.118068Z  INFO lingxi_service: request handled request_id=req-f390c4dbf6a75321ef986687b25baf73 method=POST path=/lingxi/v1/sessions/sess_local_alpha/execute status=200
2026-09-28T17:56:30.118122Z  INFO lingxi_service: request handled request_id=req-5f4382bd10297ed06a92d669b63272d3 method=POST path=/lingxi/v1/sessions/sess_local_alpha/execute status=200
2026-09-28T17:56:30.118257Z  INFO lingxi_service::sessions: run committed and published (post-commit) run_id=run_000001a0e9294120_0003b9 session_id=sess_local_alpha events=run_000001a0e9294120_0003b9-done input_chars=17
2026-09-28T17:56:30.118320Z  INFO lingxi_service: request handled request_id=req-1e6550b2e3f4ec654322f84a7f416d83 method=POST path=/lingxi/v1/sessions/sess_local_alpha/execute status=200
2026-09-28T17:56:30.118375Z  INFO lingxi_service: request handled request_id=req-44bf605e94329a4b7960138d169e8fbc method=POST path=/lingxi/v1/sessions/sess_local_alpha/execute status=200
2026-09-28T17:56:30.118494Z  INFO lingxi_service::sessions: run committed and published (post-commit) run_id=run_000001a0e9294121_0003ba session_id=sess_local_alpha events=run_000001a0e9294121_0003ba-done input_chars=17
2026-09-28T17:56:30.118558Z  INFO lingxi_service: request handled request_id=req-3f7b7aef93c57c4a67d250160aed127d method=POST path=/lingxi/v1/sessions/sess_local_alpha/execute status=200
2026-09-28T17:56:30.118674Z  INFO lingxi_service::sessions: run committed and published (post-commit) run_id=run_000001a0e9294121_0003bb session_id=sess_local_alpha events=run_000001a0e9294121_0003bb-done input_chars=17
2026-09-28T17:56:30.118790Z  INFO lingxi_service::sessions: run committed and published (post-commit) run_id=run_000001a0e9294121_0003bc session_id=sess_local_alpha events=run_000001a0e9294121_0003bc-done input_chars=17
2026-09-28T17:56:30.118901Z  INFO lingxi_service::sessions: run committed and published (post-commit) run_id=run_000001a0e9294121_0003bd session_id=sess_local_alpha events=run_000001a0e9294121_0003bd-done input_chars=17
2026-09-28T17:56:30.119021Z  INFO lingxi_service::sessions: run committed and published (post-commit) run_id=run_000001a0e9294121_0003be session_id=sess_local_alpha events=run_000001a0e9294121_0003be-done input_chars=17
2026-09-28T17:56:30.119133Z  INFO lingxi_service::sessions: run committed and published (post-commit) run_id=run_000001a0e9294121_0003bf session_id=sess_local_alpha events=run_000001a0e9294121_0003bf-done input_chars=17
2026-09-28T17:56:30.119246Z  INFO lingxi_service::sessions: run committed and published (post-commit) run_id=run_000001a0e9294121_0003c0 session_id=sess_local_alpha events=run_000001a0e9294121_0003c0-done input_chars=17
2026-09-28T17:56:30.119308Z  INFO lingxi_service: request handled request_id=req-ac960db190f883f1cfb765d1b3314b56 method=POST path=/lingxi/v1/sessions/sess_local_alpha/execute status=200
2026-09-28T17:56:30.119364Z  INFO lingxi_service: request handled request_id=req-cb4a32d48f6d0c87c1af3a178eb8002a method=POST path=/lingxi/v1/sessions/sess_local_alpha/execute status=200
2026-09-28T17:56:30.119421Z  INFO lingxi_service: request handled request_id=req-c35f99baca93d65288846abc9a6b2f19 method=POST path=/lingxi/v1/sessions/sess_local_alpha/execute status=200
2026-09-28T17:56:30.119472Z  INFO lingxi_service: request handled request_id=req-31419446a559ee65f0ca083d78bb2a48 method=POST path=/lingxi/v1/sessions/sess_local_alpha/execute status=200
2026-09-28T17:56:30.119526Z  INFO lingxi_service: request handled request_id=req-908efde1bb17139b6d9dd2a9711707ce method=POST path=/lingxi/v1/sessions/sess_local_alpha/execute status=200
2026-09-28T17:56:30.119576Z  INFO lingxi_service: request handled request_id=req-291dbb638ee2f6389e2b8614db2e3a7b method=POST path=/lingxi/v1/sessions/sess_local_alpha/execute status=200
2026-09-28T17:56:30.119630Z  INFO lingxi_service: request handled request_id=req-0d8ef5f0b4a2912c292ab9bed3108c6a method=POST path=/lingxi/v1/sessions/sess_local_alpha/execute status=200
2026-09-28T17:56:30.119685Z  INFO lingxi_service: request handled request_id=req-de831af7b5b4fcf310b6e19478009214 method=POST path=/lingxi/v1/sessions/sess_local_alpha/execute status=200
2026-09-28T17:56:30.119739Z  INFO lingxi_service: request handled request_id=req-2184bfea012cb36d57d4118ff4905ddd method=POST path=/lingxi/v1/sessions/sess_local_alpha/execute status=200
2026-09-28T17:56:30.121042Z  INFO lingxi_service::sessions: run committed and published (post-commit) run_id=run_000001a0e9294128_0003c1 session_id=sess_local_alpha events=run_000001a0e9294128_0003c1-done input_chars=17
2026-09-28T17:56:30.121641Z  INFO lingxi_service: request handled request_id=req-2c7305dd6abcc8f29c3377ba44a98f47 method=POST path=/lingxi/v1/sessions/sess_local_alpha/execute status=200
2026-09-28T17:56:30.121833Z  INFO lingxi_service::sessions: run committed and published (post-commit) run_id=run_000001a0e9294128_0003c2 session_id=sess_local_alpha events=run_000001a0e9294128_0003c2-done input_chars=17
2026-09-28T17:56:30.121968Z  INFO lingxi_service::sessions: run committed and published (post-commit) run_id=run_000001a0e9294128_0003c3 session_id=sess_local_alpha events=run_000001a0e9294128_0003c3-done input_chars=17
2026-09-28T17:56:30.122107Z  INFO lingxi_service::sessions: run committed and published (post-commit) run_id=run_000001a0e9294128_0003c4 session_id=sess_local_alpha events=run_000001a0e9294128_0003c4-done input_chars=17
2026-09-28T17:56:30.122574Z  INFO lingxi_service: request handled request_id=req-684d9d282031cf34740f1dbb097efb25 method=POST path=/lingxi/v1/sessions/sess_local_alpha/execute status=200
2026-09-28T17:56:30.122994Z  INFO lingxi_service: request handled request_id=req-84b4fe3b4cb4a0c788987f3a7f38e5fc method=POST path=/lingxi/v1/sessions/sess_local_alpha/execute status=200
2026-09-28T17:56:30.123064Z  INFO lingxi_service: request handled request_id=req-b47a00ecbf836dd6ffbb29967fa00a33 method=POST path=/lingxi/v1/sessions/sess_local_alpha/execute status=200
2026-09-28T17:56:30.123232Z  INFO lingxi_service::sessions: run committed and published (post-commit) run_id=run_000001a0e9294128_0003c5 session_id=sess_local_alpha events=run_000001a0e9294128_0003c5-done input_chars=17
2026-09-28T17:56:30.123376Z  INFO lingxi_service::sessions: run committed and published (post-commit) run_id=run_000001a0e9294129_0003c6 session_id=sess_local_alpha events=run_000001a0e9294129_0003c6-done input_chars=17
2026-09-28T17:56:30.123956Z  INFO lingxi_service::sessions: run committed and published (post-commit) run_id=run_000001a0e9294129_0003c7 session_id=sess_local_alpha events=run_000001a0e9294129_0003c7-done input_chars=17
2026-09-28T17:56:30.124090Z  INFO lingxi_service::sessions: run committed and published (post-commit) run_id=run_000001a0e9294129_0003c8 session_id=sess_local_alpha events=run_000001a0e9294129_0003c8-done input_chars=17
2026-09-28T17:56:30.124728Z  INFO lingxi_service: request handled request_id=req-cb2ecf6cc28bbc2d0e259cd5f08738b8 method=POST path=/lingxi/v1/sessions/sess_local_alpha/execute status=200
2026-09-28T17:56:30.124779Z  INFO lingxi_service: request handled request_id=req-dadd8cf5a91e7b9db7e7980106443aba method=POST path=/lingxi/v1/sessions/sess_local_alpha/execute status=200
2026-09-28T17:56:30.124902Z  INFO lingxi_service::sessions: run committed and published (post-commit) run_id=run_000001a0e9294129_0003c9 session_id=sess_local_alpha events=run_000001a0e9294129_0003c9-done input_chars=17
2026-09-28T17:56:30.125232Z  INFO lingxi_service::sessions: run committed and published (post-commit) run_id=run_000001a0e9294129_0003ca session_id=sess_local_alpha events=run_000001a0e9294129_0003ca-done input_chars=17
2026-09-28T17:56:30.125634Z  INFO lingxi_service: request handled request_id=req-81e522acc77fdffe1d2ac77298cbe9c2 method=POST path=/lingxi/v1/sessions/sess_local_alpha/execute status=200
2026-09-28T17:56:30.125686Z  INFO lingxi_service: request handled request_id=req-ed2e113fd26e9bbc251e89c6d12b82f1 method=POST path=/lingxi/v1/sessions/sess_local_alpha/execute status=200
2026-09-28T17:56:30.125794Z  INFO lingxi_service::sessions: run committed and published (post-commit) run_id=run_000001a0e929412a_0003cb session_id=sess_local_alpha events=run_000001a0e929412a_0003cb-done input_chars=17
2026-09-28T17:56:30.126065Z  INFO lingxi_service::sessions: run committed and published (post-commit) run_id=run_000001a0e929412a_0003cc session_id=sess_local_alpha events=run_000001a0e929412a_0003cc-done input_chars=17
2026-09-28T17:56:30.126177Z  INFO lingxi_service::sessions: run committed and published (post-commit) run_id=run_000001a0e929412a_0003cd session_id=sess_local_alpha events=run_000001a0e929412a_0003cd-done input_chars=17
2026-09-28T17:56:30.126400Z  INFO lingxi_service: request handled request_id=req-3739d2abef5ae273f584d50ee0a37155 method=POST path=/lingxi/v1/sessions/sess_local_alpha/execute status=200
2026-09-28T17:56:30.126508Z  INFO lingxi_service::sessions: run committed and published (post-commit) run_id=run_000001a0e929412a_0003ce session_id=sess_local_alpha events=run_000001a0e929412a_0003ce-done input_chars=17
2026-09-28T17:56:30.127477Z  INFO lingxi_service: request handled request_id=req-e7ddab5a0b0a58da40e7a7252c11c353 method=POST path=/lingxi/v1/sessions/sess_local_alpha/execute status=200
2026-09-28T17:56:30.127579Z  INFO lingxi_service::sessions: run committed and published (post-commit) run_id=run_000001a0e929412a_0003cf session_id=sess_local_alpha events=run_000001a0e929412a_0003cf-done input_chars=17
2026-09-28T17:56:30.127707Z  INFO lingxi_service::sessions: run committed and published (post-commit) run_id=run_000001a0e929412a_0003d0 session_id=sess_local_alpha events=run_000001a0e929412a_0003d0-done input_chars=17
2026-09-28T17:56:30.127771Z  INFO lingxi_service: request handled request_id=req-f5dea2f87b1e85fb74d4ec98d58cc28e method=POST path=/lingxi/v1/sessions/sess_local_alpha/execute status=200
2026-09-28T17:56:30.127899Z  INFO lingxi_service::sessions: run committed and published (post-commit) run_id=run_000001a0e929412b_0003d1 session_id=sess_local_alpha events=run_000001a0e929412b_0003d1-done input_chars=17
2026-09-28T17:56:30.127960Z  INFO lingxi_service: request handled request_id=req-5906e9e5201dad1191e8a104d2e8b87e method=POST path=/lingxi/v1/sessions/sess_local_alpha/execute status=200
2026-09-28T17:56:30.128013Z  INFO lingxi_service: request handled request_id=req-ce7f69245de7be28071669e740dc1782 method=POST path=/lingxi/v1/sessions/sess_local_alpha/execute status=200
2026-09-28T17:56:30.128121Z  INFO lingxi_service::sessions: run committed and published (post-commit) run_id=run_000001a0e929412b_0003d2 session_id=sess_local_alpha events=run_000001a0e929412b_0003d2-done input_chars=17
2026-09-28T17:56:30.128186Z  INFO lingxi_service: request handled request_id=req-8954f608ee178b5f77294d6021de5404 method=POST path=/lingxi/v1/sessions/sess_local_alpha/execute status=200
2026-09-28T17:56:30.128304Z  INFO lingxi_service::sessions: run committed and published (post-commit) run_id=run_000001a0e929412b_0003d3 session_id=sess_local_alpha events=run_000001a0e929412b_0003d3-done input_chars=17
2026-09-28T17:56:30.128415Z  INFO lingxi_service::sessions: run committed and published (post-commit) run_id=run_000001a0e929412b_0003d4 session_id=sess_local_alpha events=run_000001a0e929412b_0003d4-done input_chars=17
2026-09-28T17:56:30.128533Z  INFO lingxi_service::sessions: run committed and published (post-commit) run_id=run_000001a0e929412b_0003d5 session_id=sess_local_alpha events=run_000001a0e929412b_0003d5-done input_chars=17
2026-09-28T17:56:30.128651Z  INFO lingxi_service::sessions: run committed and published (post-commit) run_id=run_000001a0e929412b_0003d6 session_id=sess_local_alpha events=run_000001a0e929412b_0003d6-done input_chars=17
2026-09-28T17:56:30.128762Z  INFO lingxi_service::sessions: run committed and published (post-commit) run_id=run_000001a0e929412b_0003d7 session_id=sess_local_alpha events=run_000001a0e929412b_0003d7-done input_chars=17
2026-09-28T17:56:30.128873Z  INFO lingxi_service::sessions: run committed and published (post-commit) run_id=run_000001a0e929412b_0003d8 session_id=sess_local_alpha events=run_000001a0e929412b_0003d8-done input_chars=17
2026-09-28T17:56:30.128936Z  INFO lingxi_service: request handled request_id=req-6188de99819e6ab6f1aeb390f883806d method=POST path=/lingxi/v1/sessions/sess_local_alpha/execute status=200
2026-09-28T17:56:30.128993Z  INFO lingxi_service: request handled request_id=req-781d3e2bb1f4dae1df52ed9e658a7305 method=POST path=/lingxi/v1/sessions/sess_local_alpha/execute status=200
2026-09-28T17:56:30.129046Z  INFO lingxi_service: request handled request_id=req-b52f01078abe5ce3fe9dc63ef1589e34 method=POST path=/lingxi/v1/sessions/sess_local_alpha/execute status=200
2026-09-28T17:56:30.129103Z  INFO lingxi_service: request handled request_id=req-b71af720bee9dd8ea7cb227762332dac method=POST path=/lingxi/v1/sessions/sess_local_alpha/execute status=200
2026-09-28T17:56:30.129158Z  INFO lingxi_service: request handled request_id=req-da0cb4afea235709f837c06ff3b24ced method=POST path=/lingxi/v1/sessions/sess_local_alpha/execute status=200
2026-09-28T17:56:30.129212Z  INFO lingxi_service: request handled request_id=req-e6740365ce431c2266ca56bde9aad094 method=POST path=/lingxi/v1/sessions/sess_local_alpha/execute status=200
2026-09-28T17:56:30.129269Z  INFO lingxi_service: request handled request_id=req-6a9ebf25947e83ce2c4c7f52c730fe73 method=POST path=/lingxi/v1/sessions/sess_local_alpha/execute status=200
2026-09-28T17:56:30.129320Z  INFO lingxi_service: request handled request_id=req-0ad23505ad32b476b81f9d5394dabe82 method=POST path=/lingxi/v1/sessions/sess_local_alpha/execute status=200
2026-09-28T17:56:30.129373Z  INFO lingxi_service: request handled request_id=req-856352aed9acb8029f9948cce6c1f66e method=POST path=/lingxi/v1/sessions/sess_local_alpha/execute status=200
2026-09-28T17:56:30.129445Z  INFO lingxi_service: request handled request_id=req-89e088892741af918735a01c57313960 method=POST path=/lingxi/v1/sessions/sess_local_alpha/execute status=200
2026-09-28T17:56:30.130633Z  INFO lingxi_service::sessions: run committed and published (post-commit) run_id=run_000001a0e9294132_0003d9 session_id=sess_local_alpha events=run_000001a0e9294132_0003d9-done input_chars=17
2026-09-28T17:56:30.131036Z  INFO lingxi_service: request handled request_id=req-6899accd7de65e58afcb0f0af7364468 method=POST path=/lingxi/v1/sessions/sess_local_alpha/execute status=200
2026-09-28T17:56:30.131169Z  INFO lingxi_service::sessions: run committed and published (post-commit) run_id=run_000001a0e9294132_0003da session_id=sess_local_alpha events=run_000001a0e9294132_0003da-done input_chars=17
2026-09-28T17:56:30.131291Z  INFO lingxi_service::sessions: run committed and published (post-commit) run_id=run_000001a0e9294132_0003db session_id=sess_local_alpha events=run_000001a0e9294132_0003db-done input_chars=17
2026-09-28T17:56:30.131556Z  INFO lingxi_service: request handled request_id=req-c3ad6b8cb028a0f951ef1f2157b8e168 method=POST path=/lingxi/v1/sessions/sess_local_alpha/execute status=200
2026-09-28T17:56:30.131833Z  INFO lingxi_service: request handled request_id=req-10370b61abb44a2bc7a7dfd61078a770 method=POST path=/lingxi/v1/sessions/sess_local_alpha/execute status=200
2026-09-28T17:56:30.131988Z  INFO lingxi_service::sessions: run committed and published (post-commit) run_id=run_000001a0e9294132_0003dc session_id=sess_local_alpha events=run_000001a0e9294132_0003dc-done input_chars=17
2026-09-28T17:56:30.132816Z  INFO lingxi_service::sessions: run committed and published (post-commit) run_id=run_000001a0e9294132_0003dd session_id=sess_local_alpha events=run_000001a0e9294132_0003dd-done input_chars=17
2026-09-28T17:56:30.133239Z  INFO lingxi_service: request handled request_id=req-d9e50758b7825755d4b5798dcbc5bdf9 method=POST path=/lingxi/v1/sessions/sess_local_alpha/execute status=200
2026-09-28T17:56:30.133343Z  INFO lingxi_service::sessions: run committed and published (post-commit) run_id=run_000001a0e9294133_0003de session_id=sess_local_alpha events=run_000001a0e9294133_0003de-done input_chars=17
2026-09-28T17:56:30.133473Z  INFO lingxi_service::sessions: run committed and published (post-commit) run_id=run_000001a0e9294133_0003df session_id=sess_local_alpha events=run_000001a0e9294133_0003df-done input_chars=17
2026-09-28T17:56:30.133582Z  INFO lingxi_service::sessions: run committed and published (post-commit) run_id=run_000001a0e9294133_0003e0 session_id=sess_local_alpha events=run_000001a0e9294133_0003e0-done input_chars=17
2026-09-28T17:56:30.133694Z  INFO lingxi_service::sessions: run committed and published (post-commit) run_id=run_000001a0e9294133_0003e1 session_id=sess_local_alpha events=run_000001a0e9294133_0003e1-done input_chars=17
2026-09-28T17:56:30.133908Z  INFO lingxi_service: request handled request_id=req-9b1ea3c61850cd0b25b2274041ce00ba method=POST path=/lingxi/v1/sessions/sess_local_alpha/execute status=200
2026-09-28T17:56:30.134019Z  INFO lingxi_service::sessions: run committed and published (post-commit) run_id=run_000001a0e9294133_0003e2 session_id=sess_local_alpha events=run_000001a0e9294133_0003e2-done input_chars=17
2026-09-28T17:56:30.134314Z  INFO lingxi_service::sessions: run committed and published (post-commit) run_id=run_000001a0e9294133_0003e3 session_id=sess_local_alpha events=run_000001a0e9294133_0003e3-done input_chars=17
2026-09-28T17:56:30.135282Z  INFO lingxi_service: request handled request_id=req-e6f5b33ef8eb79c18043d49bb0f6e85d method=POST path=/lingxi/v1/sessions/sess_local_alpha/execute status=200
2026-09-28T17:56:30.135337Z  INFO lingxi_service: request handled request_id=req-a42324551fe2120c39c56c54254a7107 method=POST path=/lingxi/v1/sessions/sess_local_alpha/execute status=200
2026-09-28T17:56:30.135389Z  INFO lingxi_service: request handled request_id=req-c8ec24b051feb800e2be65c1d44bb495 method=POST path=/lingxi/v1/sessions/sess_local_alpha/execute status=200
2026-09-28T17:56:30.135444Z  INFO lingxi_service: request handled request_id=req-1b17e48a19c95c156304f8dec5aaaae6 method=POST path=/lingxi/v1/sessions/sess_local_alpha/execute status=200
2026-09-28T17:56:30.135577Z  INFO lingxi_service::sessions: run committed and published (post-commit) run_id=run_000001a0e9294133_0003e4 session_id=sess_local_alpha events=run_000001a0e9294133_0003e4-done input_chars=17
2026-09-28T17:56:30.135641Z  INFO lingxi_service: request handled request_id=req-07d9d74d55241640687f1b8cd4e929a9 method=POST path=/lingxi/v1/sessions/sess_local_alpha/execute status=200
2026-09-28T17:56:30.135750Z  INFO lingxi_service::sessions: run committed and published (post-commit) run_id=run_000001a0e9294133_0003e5 session_id=sess_local_alpha events=run_000001a0e9294133_0003e5-done input_chars=17
2026-09-28T17:56:30.135817Z  INFO lingxi_service: request handled request_id=req-ffc076be5cb0456209efffbcd8a253fe method=POST path=/lingxi/v1/sessions/sess_local_alpha/execute status=200
2026-09-28T17:56:30.135959Z  INFO lingxi_service::sessions: run committed and published (post-commit) run_id=run_000001a0e9294133_0003e6 session_id=sess_local_alpha events=run_000001a0e9294133_0003e6-done input_chars=17
2026-09-28T17:56:30.136086Z  INFO lingxi_service::sessions: run committed and published (post-commit) run_id=run_000001a0e9294134_0003e7 session_id=sess_local_alpha events=run_000001a0e9294134_0003e7-done input_chars=17
2026-09-28T17:56:30.136214Z  INFO lingxi_service::sessions: run committed and published (post-commit) run_id=run_000001a0e9294134_0003e8 session_id=sess_local_alpha events=run_000001a0e9294134_0003e8-done input_chars=17
2026-09-28T17:56:30.136277Z  INFO lingxi_service: request handled request_id=req-a270170cf79b8799d65571c92ab29378 method=POST path=/lingxi/v1/sessions/sess_local_alpha/execute status=200
2026-09-28T17:56:30.136334Z  INFO lingxi_service: request handled request_id=req-027320c62588019a649fe415ae186c3a method=POST path=/lingxi/v1/sessions/sess_local_alpha/execute status=200
2026-09-28T17:56:30.136388Z  INFO lingxi_service: request handled request_id=req-dcc4d4c28061978d9532d933f79da85c method=POST path=/lingxi/v1/sessions/sess_local_alpha/execute status=200
2026-09-28T17:56:30.136445Z  INFO lingxi_service: request handled request_id=req-0b56668f6ea972f362aae904b17c56ad method=POST path=/lingxi/v1/sessions/sess_local_alpha/execute status=200
2026-09-28T17:56:30.136505Z  INFO lingxi_service: request handled request_id=req-12e84d1dda3fd116ed54b3166ce0f406 method=POST path=/lingxi/v1/sessions/sess_local_alpha/execute status=200
2026-09-28T17:56:30.137282Z  INFO lingxi_service::sessions: run committed and published (post-commit) run_id=run_000001a0e9294138_0003e9 session_id=sess_local_alpha events=run_000001a0e9294138_0003e9-done input_chars=20
2026-09-28T17:56:30.137429Z  INFO lingxi_service: request handled request_id=req-380d9147806657caeeafa952ed2a36cf method=POST path=/lingxi/v1/sessions/sess_local_alpha/execute status=200
2026-09-28T17:56:30.138135Z  INFO lingxi_service::sessions: run committed and published (post-commit) run_id=run_000001a0e9294139_0003ea session_id=sess_local_alpha events=run_000001a0e9294139_0003ea-done input_chars=20
2026-09-28T17:56:30.138270Z  INFO lingxi_service: request handled request_id=req-fe1f6138fe30bd8fed7b09f90f426c04 method=POST path=/lingxi/v1/sessions/sess_local_alpha/execute status=200
2026-09-28T17:56:30.138921Z  INFO lingxi_service::sessions: run committed and published (post-commit) run_id=run_000001a0e929413a_0003eb session_id=sess_local_alpha events=run_000001a0e929413a_0003eb-done input_chars=20
2026-09-28T17:56:30.139066Z  INFO lingxi_service: request handled request_id=req-d05979285870359037e28e4004ef9d82 method=POST path=/lingxi/v1/sessions/sess_local_alpha/execute status=200
2026-09-28T17:56:30.139655Z  INFO lingxi_service::sessions: run committed and published (post-commit) run_id=run_000001a0e929413b_0003ec session_id=sess_local_alpha events=run_000001a0e929413b_0003ec-done input_chars=20
2026-09-28T17:56:30.139797Z  INFO lingxi_service: request handled request_id=req-7f9ad01ed80a413233403221f9f44961 method=POST path=/lingxi/v1/sessions/sess_local_alpha/execute status=200
2026-09-28T17:56:30.140365Z  INFO lingxi_service::sessions: run committed and published (post-commit) run_id=run_000001a0e929413c_0003ed session_id=sess_local_alpha events=run_000001a0e929413c_0003ed-done input_chars=20
2026-09-28T17:56:30.140497Z  INFO lingxi_service: request handled request_id=req-df9181d400667dad923a28674be9cf7e method=POST path=/lingxi/v1/sessions/sess_local_alpha/execute status=200
2026-09-28T17:56:30.141077Z  INFO lingxi_service::sessions: run committed and published (post-commit) run_id=run_000001a0e929413c_0003ee session_id=sess_local_alpha events=run_000001a0e929413c_0003ee-done input_chars=20
2026-09-28T17:56:30.141215Z  INFO lingxi_service: request handled request_id=req-789a7167b6012499b9cc931cb59c4007 method=POST path=/lingxi/v1/sessions/sess_local_alpha/execute status=200
2026-09-28T17:56:30.141798Z  INFO lingxi_service::sessions: run committed and published (post-commit) run_id=run_000001a0e929413d_0003ef session_id=sess_local_alpha events=run_000001a0e929413d_0003ef-done input_chars=20
2026-09-28T17:56:30.141930Z  INFO lingxi_service: request handled request_id=req-4fa69988ba571f67d58eb6aa4597e4c6 method=POST path=/lingxi/v1/sessions/sess_local_alpha/execute status=200
2026-09-28T17:56:30.142528Z  INFO lingxi_service::sessions: run committed and published (post-commit) run_id=run_000001a0e929413e_0003f0 session_id=sess_local_alpha events=run_000001a0e929413e_0003f0-done input_chars=20
2026-09-28T17:56:30.142657Z  INFO lingxi_service: request handled request_id=req-f0f624dd8610b02a1854c7e7639f3654 method=POST path=/lingxi/v1/sessions/sess_local_alpha/execute status=200
2026-09-28T17:56:30.143239Z  INFO lingxi_service::sessions: run committed and published (post-commit) run_id=run_000001a0e929413e_0003f1 session_id=sess_local_alpha events=run_000001a0e929413e_0003f1-done input_chars=20
2026-09-28T17:56:30.143369Z  INFO lingxi_service: request handled request_id=req-9bbd63001ffe746b8659950fff0da633 method=POST path=/lingxi/v1/sessions/sess_local_alpha/execute status=200
2026-09-28T17:56:30.143937Z  INFO lingxi_service::sessions: run committed and published (post-commit) run_id=run_000001a0e929413f_0003f2 session_id=sess_local_alpha events=run_000001a0e929413f_0003f2-done input_chars=20
2026-09-28T17:56:30.144066Z  INFO lingxi_service: request handled request_id=req-1417b3db47b2b03c15360165ef4ecc27 method=POST path=/lingxi/v1/sessions/sess_local_alpha/execute status=200
2026-09-28T17:56:30.144614Z  INFO lingxi_service::sessions: run committed and published (post-commit) run_id=run_000001a0e9294140_0003f3 session_id=sess_local_alpha events=run_000001a0e9294140_0003f3-done input_chars=21
2026-09-28T17:56:30.144750Z  INFO lingxi_service: request handled request_id=req-be3b4c0188560f55eb13699e732df0d6 method=POST path=/lingxi/v1/sessions/sess_local_alpha/execute status=200
2026-09-28T17:56:30.145355Z  INFO lingxi_service::sessions: run committed and published (post-commit) run_id=run_000001a0e9294141_0003f4 session_id=sess_local_alpha events=run_000001a0e9294141_0003f4-done input_chars=21
2026-09-28T17:56:30.145494Z  INFO lingxi_service: request handled request_id=req-5a1e5c1e25f1c25884bbc3ceaa0e1c4e method=POST path=/lingxi/v1/sessions/sess_local_alpha/execute status=200
2026-09-28T17:56:30.146086Z  INFO lingxi_service::sessions: run committed and published (post-commit) run_id=run_000001a0e9294141_0003f5 session_id=sess_local_alpha events=run_000001a0e9294141_0003f5-done input_chars=21
2026-09-28T17:56:30.146224Z  INFO lingxi_service: request handled request_id=req-b7574eeb4f8bbf102e1aa97002c55bb1 method=POST path=/lingxi/v1/sessions/sess_local_alpha/execute status=200
2026-09-28T17:56:30.146833Z  INFO lingxi_service::sessions: run committed and published (post-commit) run_id=run_000001a0e9294142_0003f6 session_id=sess_local_alpha events=run_000001a0e9294142_0003f6-done input_chars=21
2026-09-28T17:56:30.146969Z  INFO lingxi_service: request handled request_id=req-ea585fb61a7531e25fe9412f8f1c1548 method=POST path=/lingxi/v1/sessions/sess_local_alpha/execute status=200
2026-09-28T17:56:30.147546Z  INFO lingxi_service::sessions: run committed and published (post-commit) run_id=run_000001a0e9294143_0003f7 session_id=sess_local_alpha events=run_000001a0e9294143_0003f7-done input_chars=21
2026-09-28T17:56:30.147681Z  INFO lingxi_service: request handled request_id=req-02ff64ef77a1436b7e31134f7da438bc method=POST path=/lingxi/v1/sessions/sess_local_alpha/execute status=200
2026-09-28T17:56:30.148263Z  INFO lingxi_service::sessions: run committed and published (post-commit) run_id=run_000001a0e9294143_0003f8 session_id=sess_local_alpha events=run_000001a0e9294143_0003f8-done input_chars=21
2026-09-28T17:56:30.148400Z  INFO lingxi_service: request handled request_id=req-bd082b78d79a554d84cd8f113d106b59 method=POST path=/lingxi/v1/sessions/sess_local_alpha/execute status=200
2026-09-28T17:56:30.148954Z  INFO lingxi_service::sessions: run committed and published (post-commit) run_id=run_000001a0e9294144_0003f9 session_id=sess_local_alpha events=run_000001a0e9294144_0003f9-done input_chars=21
2026-09-28T17:56:30.149085Z  INFO lingxi_service: request handled request_id=req-b50e356366ab796f0c09a2b661e5c619 method=POST path=/lingxi/v1/sessions/sess_local_alpha/execute status=200
2026-09-28T17:56:30.149653Z  INFO lingxi_service::sessions: run committed and published (post-commit) run_id=run_000001a0e9294145_0003fa session_id=sess_local_alpha events=run_000001a0e9294145_0003fa-done input_chars=21
2026-09-28T17:56:30.149786Z  INFO lingxi_service: request handled request_id=req-31b70bbdea3cd8599f6b0555cd3ed364 method=POST path=/lingxi/v1/sessions/sess_local_alpha/execute status=200
2026-09-28T17:56:30.150345Z  INFO lingxi_service::sessions: run committed and published (post-commit) run_id=run_000001a0e9294146_0003fb session_id=sess_local_alpha events=run_000001a0e9294146_0003fb-done input_chars=21
2026-09-28T17:56:30.150477Z  INFO lingxi_service: request handled request_id=req-faa69b0aa886d82c90e1ad2883b41c5b method=POST path=/lingxi/v1/sessions/sess_local_alpha/execute status=200
2026-09-28T17:56:30.151034Z  INFO lingxi_service::sessions: run committed and published (post-commit) run_id=run_000001a0e9294146_0003fc session_id=sess_local_alpha events=run_000001a0e9294146_0003fc-done input_chars=21
2026-09-28T17:56:30.151165Z  INFO lingxi_service: request handled request_id=req-813469d7e6f89d7ae7fab5e82efd57eb method=POST path=/lingxi/v1/sessions/sess_local_alpha/execute status=200
2026-09-28T17:56:30.151744Z  INFO lingxi_service::sessions: run committed and published (post-commit) run_id=run_000001a0e9294147_0003fd session_id=sess_local_alpha events=run_000001a0e9294147_0003fd-done input_chars=21
2026-09-28T17:56:30.151880Z  INFO lingxi_service: request handled request_id=req-a85ea0781c8738d19d4b22e9c2d6c4a8 method=POST path=/lingxi/v1/sessions/sess_local_alpha/execute status=200
2026-09-28T17:56:30.152421Z  INFO lingxi_service::sessions: run committed and published (post-commit) run_id=run_000001a0e9294148_0003fe session_id=sess_local_alpha events=run_000001a0e9294148_0003fe-done input_chars=21
2026-09-28T17:56:30.152553Z  INFO lingxi_service: request handled request_id=req-c4501a2531f5a8fcf2f2f9cd61a38848 method=POST path=/lingxi/v1/sessions/sess_local_alpha/execute status=200
2026-09-28T17:56:30.153146Z  INFO lingxi_service::sessions: run committed and published (post-commit) run_id=run_000001a0e9294148_0003ff session_id=sess_local_alpha events=run_000001a0e9294148_0003ff-done input_chars=21
2026-09-28T17:56:30.153281Z  INFO lingxi_service: request handled request_id=req-ce917a2ac1d5e47d2232c9f61c43a440 method=POST path=/lingxi/v1/sessions/sess_local_alpha/execute status=200
2026-09-28T17:56:30.153823Z  INFO lingxi_service::sessions: run committed and published (post-commit) run_id=run_000001a0e9294149_000400 session_id=sess_local_alpha events=run_000001a0e9294149_000400-done input_chars=21
2026-09-28T17:56:30.153956Z  INFO lingxi_service: request handled request_id=req-d78f505ea950a9c719ad944da1182a46 method=POST path=/lingxi/v1/sessions/sess_local_alpha/execute status=200
2026-09-28T17:56:30.154518Z  INFO lingxi_service::sessions: run committed and published (post-commit) run_id=run_000001a0e929414a_000401 session_id=sess_local_alpha events=run_000001a0e929414a_000401-done input_chars=21
2026-09-28T17:56:30.154648Z  INFO lingxi_service: request handled request_id=req-e442f5301744ce5e27131c9636f763e4 method=POST path=/lingxi/v1/sessions/sess_local_alpha/execute status=200
2026-09-28T17:56:30.155193Z  INFO lingxi_service::sessions: run committed and published (post-commit) run_id=run_000001a0e929414a_000402 session_id=sess_local_alpha events=run_000001a0e929414a_000402-done input_chars=21
2026-09-28T17:56:30.155329Z  INFO lingxi_service: request handled request_id=req-45a446f18f7ec33b41ef13d2dbbca8d2 method=POST path=/lingxi/v1/sessions/sess_local_alpha/execute status=200
2026-09-28T17:56:30.155929Z  INFO lingxi_service::sessions: run committed and published (post-commit) run_id=run_000001a0e929414b_000403 session_id=sess_local_alpha events=run_000001a0e929414b_000403-done input_chars=21
2026-09-28T17:56:30.156060Z  INFO lingxi_service: request handled request_id=req-e9146e6ccec266141333d3c946609229 method=POST path=/lingxi/v1/sessions/sess_local_alpha/execute status=200
2026-09-28T17:56:30.156605Z  INFO lingxi_service::sessions: run committed and published (post-commit) run_id=run_000001a0e929414c_000404 session_id=sess_local_alpha events=run_000001a0e929414c_000404-done input_chars=21
2026-09-28T17:56:30.156739Z  INFO lingxi_service: request handled request_id=req-42428a9a0697e5bb38741e733050d9a7 method=POST path=/lingxi/v1/sessions/sess_local_alpha/execute status=200
2026-09-28T17:56:30.157297Z  INFO lingxi_service::sessions: run committed and published (post-commit) run_id=run_000001a0e929414c_000405 session_id=sess_local_alpha events=run_000001a0e929414c_000405-done input_chars=21
2026-09-28T17:56:30.157428Z  INFO lingxi_service: request handled request_id=req-abdbf9c6f2491417361ba43fd8898d3c method=POST path=/lingxi/v1/sessions/sess_local_alpha/execute status=200
2026-09-28T17:56:30.158018Z  INFO lingxi_service::sessions: run committed and published (post-commit) run_id=run_000001a0e929414d_000406 session_id=sess_local_alpha events=run_000001a0e929414d_000406-done input_chars=21
2026-09-28T17:56:30.158151Z  INFO lingxi_service: request handled request_id=req-77a362d6afa7210bafceebe1fcb30238 method=POST path=/lingxi/v1/sessions/sess_local_alpha/execute status=200
2026-09-28T17:56:30.158701Z  INFO lingxi_service::sessions: run committed and published (post-commit) run_id=run_000001a0e929414e_000407 session_id=sess_local_alpha events=run_000001a0e929414e_000407-done input_chars=21
2026-09-28T17:56:30.158838Z  INFO lingxi_service: request handled request_id=req-c1710f4cf36dfe892bbd8690ca3cd415 method=POST path=/lingxi/v1/sessions/sess_local_alpha/execute status=200
2026-09-28T17:56:30.159445Z  INFO lingxi_service::sessions: run committed and published (post-commit) run_id=run_000001a0e929414f_000408 session_id=sess_local_alpha events=run_000001a0e929414f_000408-done input_chars=21
2026-09-28T17:56:30.159577Z  INFO lingxi_service: request handled request_id=req-82d0bed5c1a4d353da33e7459650cc7e method=POST path=/lingxi/v1/sessions/sess_local_alpha/execute status=200
2026-09-28T17:56:30.160147Z  INFO lingxi_service::sessions: run committed and published (post-commit) run_id=run_000001a0e929414f_000409 session_id=sess_local_alpha events=run_000001a0e929414f_000409-done input_chars=21
2026-09-28T17:56:30.160282Z  INFO lingxi_service: request handled request_id=req-320d9e32dfd426193ede67db2e6a3716 method=POST path=/lingxi/v1/sessions/sess_local_alpha/execute status=200
2026-09-28T17:56:30.160857Z  INFO lingxi_service::sessions: run committed and published (post-commit) run_id=run_000001a0e9294150_00040a session_id=sess_local_alpha events=run_000001a0e9294150_00040a-done input_chars=21
2026-09-28T17:56:30.160991Z  INFO lingxi_service: request handled request_id=req-828edb61ca93ea8ff16a7ffcbdbfb377 method=POST path=/lingxi/v1/sessions/sess_local_alpha/execute status=200
2026-09-28T17:56:30.161560Z  INFO lingxi_service::sessions: run committed and published (post-commit) run_id=run_000001a0e9294151_00040b session_id=sess_local_alpha events=run_000001a0e9294151_00040b-done input_chars=21
2026-09-28T17:56:30.161695Z  INFO lingxi_service: request handled request_id=req-f890a6bc956d79396ef0399738aa646b method=POST path=/lingxi/v1/sessions/sess_local_alpha/execute status=200
2026-09-28T17:56:30.162284Z  INFO lingxi_service::sessions: run committed and published (post-commit) run_id=run_000001a0e9294151_00040c session_id=sess_local_alpha events=run_000001a0e9294151_00040c-done input_chars=21
2026-09-28T17:56:30.162417Z  INFO lingxi_service: request handled request_id=req-9e16d7421ab3343b9e842f647e819d7e method=POST path=/lingxi/v1/sessions/sess_local_alpha/execute status=200
2026-09-28T17:56:30.163028Z  INFO lingxi_service::sessions: run committed and published (post-commit) run_id=run_000001a0e9294152_00040d session_id=sess_local_alpha events=run_000001a0e9294152_00040d-done input_chars=21
2026-09-28T17:56:30.163160Z  INFO lingxi_service: request handled request_id=req-798aa3aa865d032493ddac06e53bdf50 method=POST path=/lingxi/v1/sessions/sess_local_alpha/execute status=200
2026-09-28T17:56:30.163699Z  INFO lingxi_service::sessions: run committed and published (post-commit) run_id=run_000001a0e9294153_00040e session_id=sess_local_alpha events=run_000001a0e9294153_00040e-done input_chars=21
2026-09-28T17:56:30.163830Z  INFO lingxi_service: request handled request_id=req-6e96f6f7dcc57d089e6b354b038f0fc2 method=POST path=/lingxi/v1/sessions/sess_local_alpha/execute status=200
2026-09-28T17:56:30.164369Z  INFO lingxi_service::sessions: run committed and published (post-commit) run_id=run_000001a0e9294154_00040f session_id=sess_local_alpha events=run_000001a0e9294154_00040f-done input_chars=21
2026-09-28T17:56:30.164500Z  INFO lingxi_service: request handled request_id=req-60e132a871fd595795d1c27bec8148f3 method=POST path=/lingxi/v1/sessions/sess_local_alpha/execute status=200
2026-09-28T17:56:30.165078Z  INFO lingxi_service::sessions: run committed and published (post-commit) run_id=run_000001a0e9294154_000410 session_id=sess_local_alpha events=run_000001a0e9294154_000410-done input_chars=21
2026-09-28T17:56:30.165216Z  INFO lingxi_service: request handled request_id=req-4733f4120a9f4ca8c0178cd8dfef47bf method=POST path=/lingxi/v1/sessions/sess_local_alpha/execute status=200
2026-09-28T17:56:30.167765Z  INFO lingxi_service::sessions: run committed and published (post-commit) run_id=run_000001a0e9294157_000411 session_id=sess_local_alpha events=run_000001a0e9294157_000411-done input_chars=21
2026-09-28T17:56:30.167916Z  INFO lingxi_service: request handled request_id=req-60537e78543dc3bfa5ed0f8940f0e2d5 method=POST path=/lingxi/v1/sessions/sess_local_alpha/execute status=200
2026-09-28T17:56:30.168556Z  INFO lingxi_service::sessions: run committed and published (post-commit) run_id=run_000001a0e9294158_000412 session_id=sess_local_alpha events=run_000001a0e9294158_000412-done input_chars=21
2026-09-28T17:56:30.168695Z  INFO lingxi_service: request handled request_id=req-e6d762f6b9691630d57c5a68a10f28b1 method=POST path=/lingxi/v1/sessions/sess_local_alpha/execute status=200
2026-09-28T17:56:30.169323Z  INFO lingxi_service::sessions: run committed and published (post-commit) run_id=run_000001a0e9294158_000413 session_id=sess_local_alpha events=run_000001a0e9294158_000413-done input_chars=21
2026-09-28T17:56:30.169466Z  INFO lingxi_service: request handled request_id=req-5bdbf7e7de311b786b38e7d95e4a3bf4 method=POST path=/lingxi/v1/sessions/sess_local_alpha/execute status=200
2026-09-28T17:56:30.170085Z  INFO lingxi_service::sessions: run committed and published (post-commit) run_id=run_000001a0e9294159_000414 session_id=sess_local_alpha events=run_000001a0e9294159_000414-done input_chars=21
2026-09-28T17:56:30.170219Z  INFO lingxi_service: request handled request_id=req-14814890180b8f43adc18e4a5fe5f7a1 method=POST path=/lingxi/v1/sessions/sess_local_alpha/execute status=200
2026-09-28T17:56:30.170841Z  INFO lingxi_service::sessions: run committed and published (post-commit) run_id=run_000001a0e929415a_000415 session_id=sess_local_alpha events=run_000001a0e929415a_000415-done input_chars=21
2026-09-28T17:56:30.170980Z  INFO lingxi_service: request handled request_id=req-d70e53647be29d6115d50f99baf9c357 method=POST path=/lingxi/v1/sessions/sess_local_alpha/execute status=200
2026-09-28T17:56:30.171598Z  INFO lingxi_service::sessions: run committed and published (post-commit) run_id=run_000001a0e929415b_000416 session_id=sess_local_alpha events=run_000001a0e929415b_000416-done input_chars=21
2026-09-28T17:56:30.171741Z  INFO lingxi_service: request handled request_id=req-4dbb6293d02c2a59f126e10550f26c98 method=POST path=/lingxi/v1/sessions/sess_local_alpha/execute status=200
2026-09-28T17:56:30.172329Z  INFO lingxi_service::sessions: run committed and published (post-commit) run_id=run_000001a0e929415c_000417 session_id=sess_local_alpha events=run_000001a0e929415c_000417-done input_chars=21
2026-09-28T17:56:30.172463Z  INFO lingxi_service: request handled request_id=req-095135321452101221964502dbf7b9cf method=POST path=/lingxi/v1/sessions/sess_local_alpha/execute status=200
2026-09-28T17:56:30.173083Z  INFO lingxi_service::sessions: run committed and published (post-commit) run_id=run_000001a0e929415c_000418 session_id=sess_local_alpha events=run_000001a0e929415c_000418-done input_chars=21
2026-09-28T17:56:30.173222Z  INFO lingxi_service: request handled request_id=req-2aa538d6ecf756186d17a3a63cd0b033 method=POST path=/lingxi/v1/sessions/sess_local_alpha/execute status=200
2026-09-28T17:56:30.173815Z  INFO lingxi_service::sessions: run committed and published (post-commit) run_id=run_000001a0e929415d_000419 session_id=sess_local_alpha events=run_000001a0e929415d_000419-done input_chars=21
2026-09-28T17:56:30.173947Z  INFO lingxi_service: request handled request_id=req-f3d898447937ceaac08635ee29ebbc8f method=POST path=/lingxi/v1/sessions/sess_local_alpha/execute status=200
2026-09-28T17:56:30.174496Z  INFO lingxi_service::sessions: run committed and published (post-commit) run_id=run_000001a0e929415e_00041a session_id=sess_local_alpha events=run_000001a0e929415e_00041a-done input_chars=21
2026-09-28T17:56:30.174632Z  INFO lingxi_service: request handled request_id=req-8c46edb65469cb9eda260be3d4b64064 method=POST path=/lingxi/v1/sessions/sess_local_alpha/execute status=200
2026-09-28T17:56:30.175210Z  INFO lingxi_service::sessions: run committed and published (post-commit) run_id=run_000001a0e929415e_00041b session_id=sess_local_alpha events=run_000001a0e929415e_00041b-done input_chars=21
2026-09-28T17:56:30.175350Z  INFO lingxi_service: request handled request_id=req-a1b43715d8ff41cee7c61ee16ae48d7d method=POST path=/lingxi/v1/sessions/sess_local_alpha/execute status=200
2026-09-28T17:56:30.175943Z  INFO lingxi_service::sessions: run committed and published (post-commit) run_id=run_000001a0e929415f_00041c session_id=sess_local_alpha events=run_000001a0e929415f_00041c-done input_chars=21
2026-09-28T17:56:30.176075Z  INFO lingxi_service: request handled request_id=req-a598b27bd2d529132fecca7809c2ba62 method=POST path=/lingxi/v1/sessions/sess_local_alpha/execute status=200
2026-09-28T17:56:30.177005Z  INFO lingxi_service::sessions: run committed and published (post-commit) run_id=run_000001a0e9294160_00041d session_id=sess_local_alpha events=run_000001a0e9294160_00041d-done input_chars=21
2026-09-28T17:56:30.177155Z  INFO lingxi_service: request handled request_id=req-83ebcb8a9c7702d99d0d8a793d7038dc method=POST path=/lingxi/v1/sessions/sess_local_alpha/execute status=200
2026-09-28T17:56:30.177794Z  INFO lingxi_service::sessions: run committed and published (post-commit) run_id=run_000001a0e9294161_00041e session_id=sess_local_alpha events=run_000001a0e9294161_00041e-done input_chars=21
2026-09-28T17:56:30.177929Z  INFO lingxi_service: request handled request_id=req-056116c24113959c3a838da774fb19ab method=POST path=/lingxi/v1/sessions/sess_local_alpha/execute status=200
2026-09-28T17:56:30.178502Z  INFO lingxi_service::sessions: run committed and published (post-commit) run_id=run_000001a0e9294162_00041f session_id=sess_local_alpha events=run_000001a0e9294162_00041f-done input_chars=21
2026-09-28T17:56:30.178639Z  INFO lingxi_service: request handled request_id=req-4af50ba2b82d76ac3ce231bbbf801132 method=POST path=/lingxi/v1/sessions/sess_local_alpha/execute status=200
2026-09-28T17:56:30.179249Z  INFO lingxi_service::sessions: run committed and published (post-commit) run_id=run_000001a0e9294162_000420 session_id=sess_local_alpha events=run_000001a0e9294162_000420-done input_chars=21
2026-09-28T17:56:30.179384Z  INFO lingxi_service: request handled request_id=req-ad3476ee622f64afe1d8841e34a54cb6 method=POST path=/lingxi/v1/sessions/sess_local_alpha/execute status=200
2026-09-28T17:56:30.179932Z  INFO lingxi_service::sessions: run committed and published (post-commit) run_id=run_000001a0e9294163_000421 session_id=sess_local_alpha events=run_000001a0e9294163_000421-done input_chars=21
2026-09-28T17:56:30.180068Z  INFO lingxi_service: request handled request_id=req-3bd85efbe9ff0096c86f9c2264e3c0d8 method=POST path=/lingxi/v1/sessions/sess_local_alpha/execute status=200
2026-09-28T17:56:30.180621Z  INFO lingxi_service::sessions: run committed and published (post-commit) run_id=run_000001a0e9294164_000422 session_id=sess_local_alpha events=run_000001a0e9294164_000422-done input_chars=21
2026-09-28T17:56:30.180755Z  INFO lingxi_service: request handled request_id=req-42a9899a48a91b8d8f4892b3613ac875 method=POST path=/lingxi/v1/sessions/sess_local_alpha/execute status=200
2026-09-28T17:56:30.181315Z  INFO lingxi_service::sessions: run committed and published (post-commit) run_id=run_000001a0e9294165_000423 session_id=sess_local_alpha events=run_000001a0e9294165_000423-done input_chars=21
2026-09-28T17:56:30.181447Z  INFO lingxi_service: request handled request_id=req-09d282934ccb5efe58426b31213c5e37 method=POST path=/lingxi/v1/sessions/sess_local_alpha/execute status=200
2026-09-28T17:56:30.182012Z  INFO lingxi_service::sessions: run committed and published (post-commit) run_id=run_000001a0e9294165_000424 session_id=sess_local_alpha events=run_000001a0e9294165_000424-done input_chars=21
2026-09-28T17:56:30.182144Z  INFO lingxi_service: request handled request_id=req-b09d42756b45816724ade8c74bf7f371 method=POST path=/lingxi/v1/sessions/sess_local_alpha/execute status=200
2026-09-28T17:56:30.182679Z  INFO lingxi_service::sessions: run committed and published (post-commit) run_id=run_000001a0e9294166_000425 session_id=sess_local_alpha events=run_000001a0e9294166_000425-done input_chars=21
2026-09-28T17:56:30.182814Z  INFO lingxi_service: request handled request_id=req-e3d0dab9db2e728ded5dee7408f6b813 method=POST path=/lingxi/v1/sessions/sess_local_alpha/execute status=200
2026-09-28T17:56:30.183392Z  INFO lingxi_service::sessions: run committed and published (post-commit) run_id=run_000001a0e9294167_000426 session_id=sess_local_alpha events=run_000001a0e9294167_000426-done input_chars=21
2026-09-28T17:56:30.183523Z  INFO lingxi_service: request handled request_id=req-d8f41dfd51a894e9e99fb8b98d8ade29 method=POST path=/lingxi/v1/sessions/sess_local_alpha/execute status=200
2026-09-28T17:56:30.184098Z  INFO lingxi_service::sessions: run committed and published (post-commit) run_id=run_000001a0e9294167_000427 session_id=sess_local_alpha events=run_000001a0e9294167_000427-done input_chars=21
2026-09-28T17:56:30.184236Z  INFO lingxi_service: request handled request_id=req-2010ba72d6931ceba9ebe3629ecb4275 method=POST path=/lingxi/v1/sessions/sess_local_alpha/execute status=200
2026-09-28T17:56:30.184800Z  INFO lingxi_service::sessions: run committed and published (post-commit) run_id=run_000001a0e9294168_000428 session_id=sess_local_alpha events=run_000001a0e9294168_000428-done input_chars=21
2026-09-28T17:56:30.184936Z  INFO lingxi_service: request handled request_id=req-e78709d996b8407014ebc63d76aefb33 method=POST path=/lingxi/v1/sessions/sess_local_alpha/execute status=200
2026-09-28T17:56:30.185517Z  INFO lingxi_service::sessions: run committed and published (post-commit) run_id=run_000001a0e9294169_000429 session_id=sess_local_alpha events=run_000001a0e9294169_000429-done input_chars=21
2026-09-28T17:56:30.185652Z  INFO lingxi_service: request handled request_id=req-095f298e71ea1772250ee43c9146b6d8 method=POST path=/lingxi/v1/sessions/sess_local_alpha/execute status=200
2026-09-28T17:56:30.186183Z  INFO lingxi_service::sessions: run committed and published (post-commit) run_id=run_000001a0e9294169_00042a session_id=sess_local_alpha events=run_000001a0e9294169_00042a-done input_chars=21
2026-09-28T17:56:30.186319Z  INFO lingxi_service: request handled request_id=req-4519b64bcef0a1eb2fdc3c8eeea1d73b method=POST path=/lingxi/v1/sessions/sess_local_alpha/execute status=200
2026-09-28T17:56:30.186893Z  INFO lingxi_service::sessions: run committed and published (post-commit) run_id=run_000001a0e929416a_00042b session_id=sess_local_alpha events=run_000001a0e929416a_00042b-done input_chars=21
2026-09-28T17:56:30.187027Z  INFO lingxi_service: request handled request_id=req-5d983218515b7ae1a6951d70f3df7efa method=POST path=/lingxi/v1/sessions/sess_local_alpha/execute status=200
2026-09-28T17:56:30.187564Z  INFO lingxi_service::sessions: run committed and published (post-commit) run_id=run_000001a0e929416b_00042c session_id=sess_local_alpha events=run_000001a0e929416b_00042c-done input_chars=21
2026-09-28T17:56:30.187698Z  INFO lingxi_service: request handled request_id=req-0d23f4cc0d83ef735572acc1d724d516 method=POST path=/lingxi/v1/sessions/sess_local_alpha/execute status=200
2026-09-28T17:56:30.188293Z  INFO lingxi_service::sessions: run committed and published (post-commit) run_id=run_000001a0e929416b_00042d session_id=sess_local_alpha events=run_000001a0e929416b_00042d-done input_chars=21
2026-09-28T17:56:30.188428Z  INFO lingxi_service: request handled request_id=req-d0cf5ac0b35f56a1ebe68c51e62269b9 method=POST path=/lingxi/v1/sessions/sess_local_alpha/execute status=200
2026-09-28T17:56:30.188974Z  INFO lingxi_service::sessions: run committed and published (post-commit) run_id=run_000001a0e929416c_00042e session_id=sess_local_alpha events=run_000001a0e929416c_00042e-done input_chars=21
2026-09-28T17:56:30.189108Z  INFO lingxi_service: request handled request_id=req-a9beaa7edac98b07a7b2083055a9ec8a method=POST path=/lingxi/v1/sessions/sess_local_alpha/execute status=200
2026-09-28T17:56:30.189665Z  INFO lingxi_service::sessions: run committed and published (post-commit) run_id=run_000001a0e929416d_00042f session_id=sess_local_alpha events=run_000001a0e929416d_00042f-done input_chars=21
2026-09-28T17:56:30.189799Z  INFO lingxi_service: request handled request_id=req-c6c28f6e0c22be5500d03d32e268698c method=POST path=/lingxi/v1/sessions/sess_local_alpha/execute status=200
2026-09-28T17:56:30.190348Z  INFO lingxi_service::sessions: run committed and published (post-commit) run_id=run_000001a0e929416e_000430 session_id=sess_local_alpha events=run_000001a0e929416e_000430-done input_chars=21
2026-09-28T17:56:30.190483Z  INFO lingxi_service: request handled request_id=req-2a551b72e7db3045a319dd66d0888c24 method=POST path=/lingxi/v1/sessions/sess_local_alpha/execute status=200
2026-09-28T17:56:30.191057Z  INFO lingxi_service::sessions: run committed and published (post-commit) run_id=run_000001a0e929416e_000431 session_id=sess_local_alpha events=run_000001a0e929416e_000431-done input_chars=21
2026-09-28T17:56:30.191193Z  INFO lingxi_service: request handled request_id=req-c22fba68ce58c4172e0bd5e2157b113a method=POST path=/lingxi/v1/sessions/sess_local_alpha/execute status=200
2026-09-28T17:56:30.191763Z  INFO lingxi_service::sessions: run committed and published (post-commit) run_id=run_000001a0e929416f_000432 session_id=sess_local_alpha events=run_000001a0e929416f_000432-done input_chars=21
2026-09-28T17:56:30.191896Z  INFO lingxi_service: request handled request_id=req-5051670cc96df795f59c43f3c7f35fda method=POST path=/lingxi/v1/sessions/sess_local_alpha/execute status=200
2026-09-28T17:56:30.192508Z  INFO lingxi_service::sessions: run committed and published (post-commit) run_id=run_000001a0e9294170_000433 session_id=sess_local_alpha events=run_000001a0e9294170_000433-done input_chars=21
2026-09-28T17:56:30.192642Z  INFO lingxi_service: request handled request_id=req-296861641983a04218491fb94210840c method=POST path=/lingxi/v1/sessions/sess_local_alpha/execute status=200
2026-09-28T17:56:30.193207Z  INFO lingxi_service::sessions: run committed and published (post-commit) run_id=run_000001a0e9294170_000434 session_id=sess_local_alpha events=run_000001a0e9294170_000434-done input_chars=21
2026-09-28T17:56:30.193341Z  INFO lingxi_service: request handled request_id=req-97ad8010404f7ed55cd631c6af1a1ced method=POST path=/lingxi/v1/sessions/sess_local_alpha/execute status=200
2026-09-28T17:56:30.193910Z  INFO lingxi_service::sessions: run committed and published (post-commit) run_id=run_000001a0e9294171_000435 session_id=sess_local_alpha events=run_000001a0e9294171_000435-done input_chars=21
2026-09-28T17:56:30.194045Z  INFO lingxi_service: request handled request_id=req-de3ae1e360c25073e236eb804ed89d5a method=POST path=/lingxi/v1/sessions/sess_local_alpha/execute status=200
2026-09-28T17:56:30.194608Z  INFO lingxi_service::sessions: run committed and published (post-commit) run_id=run_000001a0e9294172_000436 session_id=sess_local_alpha events=run_000001a0e9294172_000436-done input_chars=21
2026-09-28T17:56:30.194742Z  INFO lingxi_service: request handled request_id=req-a8b7a480ea468e76b1e4ac6cf7a663a9 method=POST path=/lingxi/v1/sessions/sess_local_alpha/execute status=200
2026-09-28T17:56:30.195305Z  INFO lingxi_service::sessions: run committed and published (post-commit) run_id=run_000001a0e9294172_000437 session_id=sess_local_alpha events=run_000001a0e9294172_000437-done input_chars=21
2026-09-28T17:56:30.195438Z  INFO lingxi_service: request handled request_id=req-cf3e0deffe25718a0b420b95f2a93434 method=POST path=/lingxi/v1/sessions/sess_local_alpha/execute status=200
2026-09-28T17:56:30.195967Z  INFO lingxi_service::sessions: run committed and published (post-commit) run_id=run_000001a0e9294173_000438 session_id=sess_local_alpha events=run_000001a0e9294173_000438-done input_chars=21
2026-09-28T17:56:30.196102Z  INFO lingxi_service: request handled request_id=req-bcc2f9808a156e5a1442bcdb15e77c08 method=POST path=/lingxi/v1/sessions/sess_local_alpha/execute status=200
2026-09-28T17:56:30.196669Z  INFO lingxi_service::sessions: run committed and published (post-commit) run_id=run_000001a0e9294174_000439 session_id=sess_local_alpha events=run_000001a0e9294174_000439-done input_chars=21
2026-09-28T17:56:30.196803Z  INFO lingxi_service: request handled request_id=req-def7715f62d2fa30fd4a61ed62c0df36 method=POST path=/lingxi/v1/sessions/sess_local_alpha/execute status=200
2026-09-28T17:56:30.197348Z  INFO lingxi_service::sessions: run committed and published (post-commit) run_id=run_000001a0e9294175_00043a session_id=sess_local_alpha events=run_000001a0e9294175_00043a-done input_chars=21
2026-09-28T17:56:30.197481Z  INFO lingxi_service: request handled request_id=req-f7385fc48eba181b0db3c310aa3a3b8c method=POST path=/lingxi/v1/sessions/sess_local_alpha/execute status=200
2026-09-28T17:56:30.198056Z  INFO lingxi_service::sessions: run committed and published (post-commit) run_id=run_000001a0e9294175_00043b session_id=sess_local_alpha events=run_000001a0e9294175_00043b-done input_chars=21
2026-09-28T17:56:30.198192Z  INFO lingxi_service: request handled request_id=req-3215964b6aa8f9b14fbcc7a502f3aa24 method=POST path=/lingxi/v1/sessions/sess_local_alpha/execute status=200
2026-09-28T17:56:30.199536Z  INFO lingxi_service::sessions: run committed and published (post-commit) run_id=run_000001a0e9294177_00043c session_id=sess_local_alpha events=run_000001a0e9294177_00043c-done input_chars=21
2026-09-28T17:56:30.199676Z  INFO lingxi_service: request handled request_id=req-bdf49636fe07decb8a6dffca9f025806 method=POST path=/lingxi/v1/sessions/sess_local_alpha/execute status=200
2026-09-28T17:56:30.200217Z  INFO lingxi_service::sessions: run committed and published (post-commit) run_id=run_000001a0e9294177_00043d session_id=sess_local_alpha events=run_000001a0e9294177_00043d-done input_chars=21
2026-09-28T17:56:30.200351Z  INFO lingxi_service: request handled request_id=req-26df9a3c954038f26251673ed1f8bb8c method=POST path=/lingxi/v1/sessions/sess_local_alpha/execute status=200
2026-09-28T17:56:30.200899Z  INFO lingxi_service::sessions: run committed and published (post-commit) run_id=run_000001a0e9294178_00043e session_id=sess_local_alpha events=run_000001a0e9294178_00043e-done input_chars=21
2026-09-28T17:56:30.201033Z  INFO lingxi_service: request handled request_id=req-fa6d2972624b87e488fa7e12a142f816 method=POST path=/lingxi/v1/sessions/sess_local_alpha/execute status=200
2026-09-28T17:56:30.201590Z  INFO lingxi_service::sessions: run committed and published (post-commit) run_id=run_000001a0e9294179_00043f session_id=sess_local_alpha events=run_000001a0e9294179_00043f-done input_chars=21
2026-09-28T17:56:30.201724Z  INFO lingxi_service: request handled request_id=req-cce4656370a3bb43bfa99a9f24948298 method=POST path=/lingxi/v1/sessions/sess_local_alpha/execute status=200
2026-09-28T17:56:30.202368Z  INFO lingxi_service::sessions: run committed and published (post-commit) run_id=run_000001a0e9294179_000440 session_id=sess_local_alpha events=run_000001a0e9294179_000440-done input_chars=21
2026-09-28T17:56:30.202502Z  INFO lingxi_service: request handled request_id=req-84d809802b50ef8ffff60f933719a958 method=POST path=/lingxi/v1/sessions/sess_local_alpha/execute status=200
2026-09-28T17:56:30.203049Z  INFO lingxi_service::sessions: run committed and published (post-commit) run_id=run_000001a0e929417a_000441 session_id=sess_local_alpha events=run_000001a0e929417a_000441-done input_chars=21
2026-09-28T17:56:30.203185Z  INFO lingxi_service: request handled request_id=req-4a9dbcf842465ffda647a25d05b2ff77 method=POST path=/lingxi/v1/sessions/sess_local_alpha/execute status=200
2026-09-28T17:56:30.203796Z  INFO lingxi_service::sessions: run committed and published (post-commit) run_id=run_000001a0e929417b_000442 session_id=sess_local_alpha events=run_000001a0e929417b_000442-done input_chars=21
2026-09-28T17:56:30.203930Z  INFO lingxi_service: request handled request_id=req-d58d0a0fcf5f8e56b81ee4176a497a3d method=POST path=/lingxi/v1/sessions/sess_local_alpha/execute status=200
2026-09-28T17:56:30.204471Z  INFO lingxi_service::sessions: run committed and published (post-commit) run_id=run_000001a0e929417c_000443 session_id=sess_local_alpha events=run_000001a0e929417c_000443-done input_chars=21
2026-09-28T17:56:30.204604Z  INFO lingxi_service: request handled request_id=req-c93b38abf59532ceac8b31988bad5715 method=POST path=/lingxi/v1/sessions/sess_local_alpha/execute status=200
2026-09-28T17:56:30.205155Z  INFO lingxi_service::sessions: run committed and published (post-commit) run_id=run_000001a0e929417c_000444 session_id=sess_local_alpha events=run_000001a0e929417c_000444-done input_chars=21
2026-09-28T17:56:30.205289Z  INFO lingxi_service: request handled request_id=req-1ffc7d7f0286f16e35d97c4b383adc57 method=POST path=/lingxi/v1/sessions/sess_local_alpha/execute status=200
2026-09-28T17:56:30.205822Z  INFO lingxi_service::sessions: run committed and published (post-commit) run_id=run_000001a0e929417d_000445 session_id=sess_local_alpha events=run_000001a0e929417d_000445-done input_chars=21
2026-09-28T17:56:30.205955Z  INFO lingxi_service: request handled request_id=req-64c84491fa1fce867f47b8bc4de8fecd method=POST path=/lingxi/v1/sessions/sess_local_alpha/execute status=200
2026-09-28T17:56:30.206486Z  INFO lingxi_service::sessions: run committed and published (post-commit) run_id=run_000001a0e929417e_000446 session_id=sess_local_alpha events=run_000001a0e929417e_000446-done input_chars=21
2026-09-28T17:56:30.206619Z  INFO lingxi_service: request handled request_id=req-bf2a5ea649374f9b1167a8f0b0d7ca51 method=POST path=/lingxi/v1/sessions/sess_local_alpha/execute status=200
2026-09-28T17:56:30.207167Z  INFO lingxi_service::sessions: run committed and published (post-commit) run_id=run_000001a0e929417e_000447 session_id=sess_local_alpha events=run_000001a0e929417e_000447-done input_chars=21
2026-09-28T17:56:30.207303Z  INFO lingxi_service: request handled request_id=req-9a91e04a073cf6c5deb0a97d6ba8deff method=POST path=/lingxi/v1/sessions/sess_local_alpha/execute status=200
2026-09-28T17:56:30.207844Z  INFO lingxi_service::sessions: run committed and published (post-commit) run_id=run_000001a0e929417f_000448 session_id=sess_local_alpha events=run_000001a0e929417f_000448-done input_chars=21
2026-09-28T17:56:30.207978Z  INFO lingxi_service: request handled request_id=req-79543eef6f29a090bfb5e575884c2144 method=POST path=/lingxi/v1/sessions/sess_local_alpha/execute status=200
2026-09-28T17:56:30.208580Z  INFO lingxi_service::sessions: run committed and published (post-commit) run_id=run_000001a0e9294180_000449 session_id=sess_local_alpha events=run_000001a0e9294180_000449-done input_chars=21
2026-09-28T17:56:30.208713Z  INFO lingxi_service: request handled request_id=req-3bcc9a19467a7a9a83e66c7d51aaa928 method=POST path=/lingxi/v1/sessions/sess_local_alpha/execute status=200
2026-09-28T17:56:30.209244Z  INFO lingxi_service::sessions: run committed and published (post-commit) run_id=run_000001a0e9294180_00044a session_id=sess_local_alpha events=run_000001a0e9294180_00044a-done input_chars=21
2026-09-28T17:56:30.209380Z  INFO lingxi_service: request handled request_id=req-e3ab0750f57e9e0ba59cade8be8a63b0 method=POST path=/lingxi/v1/sessions/sess_local_alpha/execute status=200
2026-09-28T17:56:30.209950Z  INFO lingxi_service::sessions: run committed and published (post-commit) run_id=run_000001a0e9294181_00044b session_id=sess_local_alpha events=run_000001a0e9294181_00044b-done input_chars=21
2026-09-28T17:56:30.210085Z  INFO lingxi_service: request handled request_id=req-ada5ee63847953a5bd9102ce5a14690f method=POST path=/lingxi/v1/sessions/sess_local_alpha/execute status=200
2026-09-28T17:56:30.210649Z  INFO lingxi_service::sessions: run committed and published (post-commit) run_id=run_000001a0e9294182_00044c session_id=sess_local_alpha events=run_000001a0e9294182_00044c-done input_chars=21
2026-09-28T17:56:30.210786Z  INFO lingxi_service: request handled request_id=req-f1ad31953a7d027743fa41d77f48d4e1 method=POST path=/lingxi/v1/sessions/sess_local_alpha/execute status=200
2026-09-28T17:56:30.211378Z  INFO lingxi_service::sessions: run committed and published (post-commit) run_id=run_000001a0e9294183_00044d session_id=sess_local_alpha events=run_000001a0e9294183_00044d-done input_chars=22
2026-09-28T17:56:30.211513Z  INFO lingxi_service: request handled request_id=req-ada44a335bac75ac675072ae715e63bc method=POST path=/lingxi/v1/sessions/sess_local_alpha/execute status=200
2026-09-28T17:56:30.212061Z  INFO lingxi_service::sessions: run committed and published (post-commit) run_id=run_000001a0e9294183_00044e session_id=sess_local_alpha events=run_000001a0e9294183_00044e-done input_chars=22
2026-09-28T17:56:30.212194Z  INFO lingxi_service: request handled request_id=req-e0b29165c782d9321e10ddb0eb4058dd method=POST path=/lingxi/v1/sessions/sess_local_alpha/execute status=200
2026-09-28T17:56:30.212797Z  INFO lingxi_service::sessions: run committed and published (post-commit) run_id=run_000001a0e9294184_00044f session_id=sess_local_alpha events=run_000001a0e9294184_00044f-done input_chars=22
2026-09-28T17:56:30.212931Z  INFO lingxi_service: request handled request_id=req-cd722e7b16bb6e9f67ae09c57c2de67e method=POST path=/lingxi/v1/sessions/sess_local_alpha/execute status=200
2026-09-28T17:56:30.213563Z  INFO lingxi_service::sessions: run committed and published (post-commit) run_id=run_000001a0e9294185_000450 session_id=sess_local_alpha events=run_000001a0e9294185_000450-done input_chars=22
2026-09-28T17:56:30.213701Z  INFO lingxi_service: request handled request_id=req-55139d3adfe01f563a1cae0e586672ec method=POST path=/lingxi/v1/sessions/sess_local_alpha/execute status=200
2026-09-28T17:56:30.214305Z  INFO lingxi_service::sessions: run committed and published (post-commit) run_id=run_000001a0e9294185_000451 session_id=sess_local_alpha events=run_000001a0e9294185_000451-done input_chars=22
2026-09-28T17:56:30.214439Z  INFO lingxi_service: request handled request_id=req-97a1a38182abf73028e593358426f0b6 method=POST path=/lingxi/v1/sessions/sess_local_alpha/execute status=200
2026-09-28T17:56:30.215040Z  INFO lingxi_service::sessions: run committed and published (post-commit) run_id=run_000001a0e9294186_000452 session_id=sess_local_alpha events=run_000001a0e9294186_000452-done input_chars=22
2026-09-28T17:56:30.215183Z  INFO lingxi_service: request handled request_id=req-ff937df53466832aa39ffd0eb2e178dd method=POST path=/lingxi/v1/sessions/sess_local_alpha/execute status=200
2026-09-28T17:56:30.216171Z  INFO lingxi_service::sessions: run committed and published (post-commit) run_id=run_000001a0e9294187_000453 session_id=sess_local_alpha events=run_000001a0e9294187_000453-done input_chars=22
2026-09-28T17:56:30.216305Z  INFO lingxi_service: request handled request_id=req-aea2aaddfb152384364894dc336a45c4 method=POST path=/lingxi/v1/sessions/sess_local_alpha/execute status=200
2026-09-28T17:56:30.216880Z  INFO lingxi_service::sessions: run committed and published (post-commit) run_id=run_000001a0e9294188_000454 session_id=sess_local_alpha events=run_000001a0e9294188_000454-done input_chars=22
2026-09-28T17:56:30.217016Z  INFO lingxi_service: request handled request_id=req-02482c1c7d5d624721fdb8ad7fa9c093 method=POST path=/lingxi/v1/sessions/sess_local_alpha/execute status=200
2026-09-28T17:56:30.217545Z  INFO lingxi_service::sessions: run committed and published (post-commit) run_id=run_000001a0e9294189_000455 session_id=sess_local_alpha events=run_000001a0e9294189_000455-done input_chars=22
2026-09-28T17:56:30.217678Z  INFO lingxi_service: request handled request_id=req-2ad7ba11ae79fa3c99c159be8ed0376e method=POST path=/lingxi/v1/sessions/sess_local_alpha/execute status=200
2026-09-28T17:56:30.218218Z  INFO lingxi_service::sessions: run committed and published (post-commit) run_id=run_000001a0e9294189_000456 session_id=sess_local_alpha events=run_000001a0e9294189_000456-done input_chars=22
2026-09-28T17:56:30.218355Z  INFO lingxi_service: request handled request_id=req-5b2f988c3a22670ded5a784552b8033e method=POST path=/lingxi/v1/sessions/sess_local_alpha/execute status=200
2026-09-28T17:56:30.218900Z  INFO lingxi_service::sessions: run committed and published (post-commit) run_id=run_000001a0e929418a_000457 session_id=sess_local_alpha events=run_000001a0e929418a_000457-done input_chars=22
2026-09-28T17:56:30.219033Z  INFO lingxi_service: request handled request_id=req-c888b08a80194f43bca5db64ed679f03 method=POST path=/lingxi/v1/sessions/sess_local_alpha/execute status=200
2026-09-28T17:56:30.219580Z  INFO lingxi_service::sessions: run committed and published (post-commit) run_id=run_000001a0e929418b_000458 session_id=sess_local_alpha events=run_000001a0e929418b_000458-done input_chars=22
2026-09-28T17:56:30.219716Z  INFO lingxi_service: request handled request_id=req-a7bb4d123e7c71a1345d5e874e85037c method=POST path=/lingxi/v1/sessions/sess_local_alpha/execute status=200
2026-09-28T17:56:30.220293Z  INFO lingxi_service::sessions: run committed and published (post-commit) run_id=run_000001a0e929418b_000459 session_id=sess_local_alpha events=run_000001a0e929418b_000459-done input_chars=22
2026-09-28T17:56:30.220427Z  INFO lingxi_service: request handled request_id=req-0c86183774181c2ce53ed91cf11f68f0 method=POST path=/lingxi/v1/sessions/sess_local_alpha/execute status=200
2026-09-28T17:56:30.220994Z  INFO lingxi_service::sessions: run committed and published (post-commit) run_id=run_000001a0e929418c_00045a session_id=sess_local_alpha events=run_000001a0e929418c_00045a-done input_chars=22
2026-09-28T17:56:30.221129Z  INFO lingxi_service: request handled request_id=req-256dc062234364d3ff155c6320cb8e72 method=POST path=/lingxi/v1/sessions/sess_local_alpha/execute status=200
2026-09-28T17:56:30.221704Z  INFO lingxi_service::sessions: run committed and published (post-commit) run_id=run_000001a0e929418d_00045b session_id=sess_local_alpha events=run_000001a0e929418d_00045b-done input_chars=22
2026-09-28T17:56:30.221849Z  INFO lingxi_service: request handled request_id=req-e36a75e9a5119cbfd14f75de26872483 method=POST path=/lingxi/v1/sessions/sess_local_alpha/execute status=200
2026-09-28T17:56:30.222415Z  INFO lingxi_service::sessions: run committed and published (post-commit) run_id=run_000001a0e929418e_00045c session_id=sess_local_alpha events=run_000001a0e929418e_00045c-done input_chars=22
2026-09-28T17:56:30.222550Z  INFO lingxi_service: request handled request_id=req-3506da6846f6368cd237f10f9146694c method=POST path=/lingxi/v1/sessions/sess_local_alpha/execute status=200
2026-09-28T17:56:30.223098Z  INFO lingxi_service::sessions: run committed and published (post-commit) run_id=run_000001a0e929418e_00045d session_id=sess_local_alpha events=run_000001a0e929418e_00045d-done input_chars=22
2026-09-28T17:56:30.223233Z  INFO lingxi_service: request handled request_id=req-9046fe0720a4976cbb5d8aadd7017d22 method=POST path=/lingxi/v1/sessions/sess_local_alpha/execute status=200
2026-09-28T17:56:30.223828Z  INFO lingxi_service::sessions: run committed and published (post-commit) run_id=run_000001a0e929418f_00045e session_id=sess_local_alpha events=run_000001a0e929418f_00045e-done input_chars=22
2026-09-28T17:56:30.223965Z  INFO lingxi_service: request handled request_id=req-e2933f951ecfd0519c4bbba5a50694b5 method=POST path=/lingxi/v1/sessions/sess_local_alpha/execute status=200
2026-09-28T17:56:30.224563Z  INFO lingxi_service::sessions: run committed and published (post-commit) run_id=run_000001a0e9294190_00045f session_id=sess_local_alpha events=run_000001a0e9294190_00045f-done input_chars=22
2026-09-28T17:56:30.224700Z  INFO lingxi_service: request handled request_id=req-d2e8920a8d00b44975786e8242ec0f0b method=POST path=/lingxi/v1/sessions/sess_local_alpha/execute status=200
2026-09-28T17:56:30.225237Z  INFO lingxi_service::sessions: run committed and published (post-commit) run_id=run_000001a0e9294190_000460 session_id=sess_local_alpha events=run_000001a0e9294190_000460-done input_chars=22
2026-09-28T17:56:30.225372Z  INFO lingxi_service: request handled request_id=req-e8d8492aa0a3b3afe4f3232768ccd591 method=POST path=/lingxi/v1/sessions/sess_local_alpha/execute status=200
2026-09-28T17:56:30.225923Z  INFO lingxi_service::sessions: run committed and published (post-commit) run_id=run_000001a0e9294191_000461 session_id=sess_local_alpha events=run_000001a0e9294191_000461-done input_chars=22
2026-09-28T17:56:30.226059Z  INFO lingxi_service: request handled request_id=req-eee04d0b09ce571dbcb97bb124e6134a method=POST path=/lingxi/v1/sessions/sess_local_alpha/execute status=200
2026-09-28T17:56:30.226666Z  INFO lingxi_service::sessions: run committed and published (post-commit) run_id=run_000001a0e9294192_000462 session_id=sess_local_alpha events=run_000001a0e9294192_000462-done input_chars=22
2026-09-28T17:56:30.226808Z  INFO lingxi_service: request handled request_id=req-6c769cd0acdae80862a1bb23b2b6d45c method=POST path=/lingxi/v1/sessions/sess_local_alpha/execute status=200
2026-09-28T17:56:30.227348Z  INFO lingxi_service::sessions: run committed and published (post-commit) run_id=run_000001a0e9294193_000463 session_id=sess_local_alpha events=run_000001a0e9294193_000463-done input_chars=22
2026-09-28T17:56:30.227485Z  INFO lingxi_service: request handled request_id=req-55e5d47c2092710a189e30f1b84d4c44 method=POST path=/lingxi/v1/sessions/sess_local_alpha/execute status=200
2026-09-28T17:56:30.228107Z  INFO lingxi_service::sessions: run committed and published (post-commit) run_id=run_000001a0e9294193_000464 session_id=sess_local_alpha events=run_000001a0e9294193_000464-done input_chars=22
2026-09-28T17:56:30.228246Z  INFO lingxi_service: request handled request_id=req-583f6bbe316bc6b6af51a1c14371972b method=POST path=/lingxi/v1/sessions/sess_local_alpha/execute status=200
2026-09-28T17:56:30.228803Z  INFO lingxi_service::sessions: run committed and published (post-commit) run_id=run_000001a0e9294194_000465 session_id=sess_local_alpha events=run_000001a0e9294194_000465-done input_chars=22
2026-09-28T17:56:30.228938Z  INFO lingxi_service: request handled request_id=req-5d8f944a6b3ac1b877c12f041d3b20ff method=POST path=/lingxi/v1/sessions/sess_local_alpha/execute status=200
2026-09-28T17:56:30.229498Z  INFO lingxi_service::sessions: run committed and published (post-commit) run_id=run_000001a0e9294195_000466 session_id=sess_local_alpha events=run_000001a0e9294195_000466-done input_chars=22
2026-09-28T17:56:30.229634Z  INFO lingxi_service: request handled request_id=req-d52480429e058aa8b0fbc5ad5df6d98b method=POST path=/lingxi/v1/sessions/sess_local_alpha/execute status=200
2026-09-28T17:56:30.230181Z  INFO lingxi_service::sessions: run committed and published (post-commit) run_id=run_000001a0e9294195_000467 session_id=sess_local_alpha events=run_000001a0e9294195_000467-done input_chars=22
2026-09-28T17:56:30.230314Z  INFO lingxi_service: request handled request_id=req-e43b4770cfd8623655cdf62007e14732 method=POST path=/lingxi/v1/sessions/sess_local_alpha/execute status=200
2026-09-28T17:56:30.230874Z  INFO lingxi_service::sessions: run committed and published (post-commit) run_id=run_000001a0e9294196_000468 session_id=sess_local_alpha events=run_000001a0e9294196_000468-done input_chars=22
2026-09-28T17:56:30.231015Z  INFO lingxi_service: request handled request_id=req-069d77b829451fbe03ef584872d23255 method=POST path=/lingxi/v1/sessions/sess_local_alpha/execute status=200
2026-09-28T17:56:30.231584Z  INFO lingxi_service::sessions: run committed and published (post-commit) run_id=run_000001a0e9294197_000469 session_id=sess_local_alpha events=run_000001a0e9294197_000469-done input_chars=22
2026-09-28T17:56:30.231718Z  INFO lingxi_service: request handled request_id=req-063eeec821da8ff13ff48854e7e8bb8d method=POST path=/lingxi/v1/sessions/sess_local_alpha/execute status=200
2026-09-28T17:56:30.232289Z  INFO lingxi_service::sessions: run committed and published (post-commit) run_id=run_000001a0e9294197_00046a session_id=sess_local_alpha events=run_000001a0e9294197_00046a-done input_chars=22
2026-09-28T17:56:30.232424Z  INFO lingxi_service: request handled request_id=req-162e0f176462ac48f69070b4d22b2934 method=POST path=/lingxi/v1/sessions/sess_local_alpha/execute status=200
2026-09-28T17:56:30.232976Z  INFO lingxi_service::sessions: run committed and published (post-commit) run_id=run_000001a0e9294198_00046b session_id=sess_local_alpha events=run_000001a0e9294198_00046b-done input_chars=22
2026-09-28T17:56:30.233118Z  INFO lingxi_service: request handled request_id=req-e4280a3df075ff344207f8180919368b method=POST path=/lingxi/v1/sessions/sess_local_alpha/execute status=200
2026-09-28T17:56:30.233734Z  INFO lingxi_service::sessions: run committed and published (post-commit) run_id=run_000001a0e9294199_00046c session_id=sess_local_alpha events=run_000001a0e9294199_00046c-done input_chars=22
2026-09-28T17:56:30.233874Z  INFO lingxi_service: request handled request_id=req-fad1929a3f64ecdef582db5cc479ee61 method=POST path=/lingxi/v1/sessions/sess_local_alpha/execute status=200
2026-09-28T17:56:30.234458Z  INFO lingxi_service::sessions: run committed and published (post-commit) run_id=run_000001a0e929419a_00046d session_id=sess_local_alpha events=run_000001a0e929419a_00046d-done input_chars=22
2026-09-28T17:56:30.234598Z  INFO lingxi_service: request handled request_id=req-13577d9ad4f8d83b89c9a12939572da3 method=POST path=/lingxi/v1/sessions/sess_local_alpha/execute status=200
2026-09-28T17:56:30.235143Z  INFO lingxi_service::sessions: run committed and published (post-commit) run_id=run_000001a0e929419a_00046e session_id=sess_local_alpha events=run_000001a0e929419a_00046e-done input_chars=22
2026-09-28T17:56:30.235286Z  INFO lingxi_service: request handled request_id=req-a80beef89408f6efa994a9af00cbc03f method=POST path=/lingxi/v1/sessions/sess_local_alpha/execute status=200
2026-09-28T17:56:30.235853Z  INFO lingxi_service::sessions: run committed and published (post-commit) run_id=run_000001a0e929419b_00046f session_id=sess_local_alpha events=run_000001a0e929419b_00046f-done input_chars=22
2026-09-28T17:56:30.235989Z  INFO lingxi_service: request handled request_id=req-b02b0ee4a481d84863c4d3e1a10bb388 method=POST path=/lingxi/v1/sessions/sess_local_alpha/execute status=200
2026-09-28T17:56:30.236581Z  INFO lingxi_service::sessions: run committed and published (post-commit) run_id=run_000001a0e929419c_000470 session_id=sess_local_alpha events=run_000001a0e929419c_000470-done input_chars=22
2026-09-28T17:56:30.236718Z  INFO lingxi_service: request handled request_id=req-493eed952b6c1779a128b77bffbc7499 method=POST path=/lingxi/v1/sessions/sess_local_alpha/execute status=200
2026-09-28T17:56:30.237260Z  INFO lingxi_service::sessions: run committed and published (post-commit) run_id=run_000001a0e929419c_000471 session_id=sess_local_alpha events=run_000001a0e929419c_000471-done input_chars=22
2026-09-28T17:56:30.237399Z  INFO lingxi_service: request handled request_id=req-faea6f369add0662623fc0c7fe59e684 method=POST path=/lingxi/v1/sessions/sess_local_alpha/execute status=200
2026-09-28T17:56:30.237944Z  INFO lingxi_service::sessions: run committed and published (post-commit) run_id=run_000001a0e929419d_000472 session_id=sess_local_alpha events=run_000001a0e929419d_000472-done input_chars=22
2026-09-28T17:56:30.238080Z  INFO lingxi_service: request handled request_id=req-8fa000475f0bc2d440900b2c50a5330e method=POST path=/lingxi/v1/sessions/sess_local_alpha/execute status=200
2026-09-28T17:56:30.238627Z  INFO lingxi_service::sessions: run committed and published (post-commit) run_id=run_000001a0e929419e_000473 session_id=sess_local_alpha events=run_000001a0e929419e_000473-done input_chars=22
2026-09-28T17:56:30.238766Z  INFO lingxi_service: request handled request_id=req-fe783a4986446f7132fa118ab1ed5408 method=POST path=/lingxi/v1/sessions/sess_local_alpha/execute status=200
2026-09-28T17:56:30.239318Z  INFO lingxi_service::sessions: run committed and published (post-commit) run_id=run_000001a0e929419f_000474 session_id=sess_local_alpha events=run_000001a0e929419f_000474-done input_chars=22
2026-09-28T17:56:30.239453Z  INFO lingxi_service: request handled request_id=req-6ab7bd5069c87fc7b5568e2ec040b168 method=POST path=/lingxi/v1/sessions/sess_local_alpha/execute status=200
2026-09-28T17:56:30.239995Z  INFO lingxi_service::sessions: run committed and published (post-commit) run_id=run_000001a0e929419f_000475 session_id=sess_local_alpha events=run_000001a0e929419f_000475-done input_chars=22
2026-09-28T17:56:30.240132Z  INFO lingxi_service: request handled request_id=req-72987bcd180669f232e2a820a3820aa4 method=POST path=/lingxi/v1/sessions/sess_local_alpha/execute status=200
2026-09-28T17:56:30.240751Z  INFO lingxi_service::sessions: run committed and published (post-commit) run_id=run_000001a0e92941a0_000476 session_id=sess_local_alpha events=run_000001a0e92941a0_000476-done input_chars=22
2026-09-28T17:56:30.240887Z  INFO lingxi_service: request handled request_id=req-871486a1aa15b4680814a387d0140589 method=POST path=/lingxi/v1/sessions/sess_local_alpha/execute status=200
2026-09-28T17:56:30.241427Z  INFO lingxi_service::sessions: run committed and published (post-commit) run_id=run_000001a0e92941a1_000477 session_id=sess_local_alpha events=run_000001a0e92941a1_000477-done input_chars=22
2026-09-28T17:56:30.241568Z  INFO lingxi_service: request handled request_id=req-c8c9fab73db53067e591a959e1a4bc1b method=POST path=/lingxi/v1/sessions/sess_local_alpha/execute status=200
2026-09-28T17:56:30.242154Z  INFO lingxi_service::sessions: run committed and published (post-commit) run_id=run_000001a0e92941a1_000478 session_id=sess_local_alpha events=run_000001a0e92941a1_000478-done input_chars=22
2026-09-28T17:56:30.242295Z  INFO lingxi_service: request handled request_id=req-df7c28380a94a1de169640739b446ed4 method=POST path=/lingxi/v1/sessions/sess_local_alpha/execute status=200
2026-09-28T17:56:30.242826Z  INFO lingxi_service::sessions: run committed and published (post-commit) run_id=run_000001a0e92941a2_000479 session_id=sess_local_alpha events=run_000001a0e92941a2_000479-done input_chars=22
2026-09-28T17:56:30.242961Z  INFO lingxi_service: request handled request_id=req-73290a6d14d0ff3635aed253e9b1ffeb method=POST path=/lingxi/v1/sessions/sess_local_alpha/execute status=200
2026-09-28T17:56:30.243511Z  INFO lingxi_service::sessions: run committed and published (post-commit) run_id=run_000001a0e92941a3_00047a session_id=sess_local_alpha events=run_000001a0e92941a3_00047a-done input_chars=22
2026-09-28T17:56:30.243647Z  INFO lingxi_service: request handled request_id=req-508d335f8bc49912bbd44a896a55736d method=POST path=/lingxi/v1/sessions/sess_local_alpha/execute status=200
2026-09-28T17:56:30.244182Z  INFO lingxi_service::sessions: run committed and published (post-commit) run_id=run_000001a0e92941a3_00047b session_id=sess_local_alpha events=run_000001a0e92941a3_00047b-done input_chars=22
2026-09-28T17:56:30.244319Z  INFO lingxi_service: request handled request_id=req-b08ca590fe75e811ea17df2047ef4364 method=POST path=/lingxi/v1/sessions/sess_local_alpha/execute status=200
2026-09-28T17:56:30.244891Z  INFO lingxi_service::sessions: run committed and published (post-commit) run_id=run_000001a0e92941a4_00047c session_id=sess_local_alpha events=run_000001a0e92941a4_00047c-done input_chars=22
2026-09-28T17:56:30.245033Z  INFO lingxi_service: request handled request_id=req-6cfa09279b70c01522da82eaeade4e1a method=POST path=/lingxi/v1/sessions/sess_local_alpha/execute status=200
2026-09-28T17:56:30.245573Z  INFO lingxi_service::sessions: run committed and published (post-commit) run_id=run_000001a0e92941a5_00047d session_id=sess_local_alpha events=run_000001a0e92941a5_00047d-done input_chars=22
2026-09-28T17:56:30.245710Z  INFO lingxi_service: request handled request_id=req-b7692715240cae20521a9148ce835632 method=POST path=/lingxi/v1/sessions/sess_local_alpha/execute status=200
2026-09-28T17:56:30.246274Z  INFO lingxi_service::sessions: run committed and published (post-commit) run_id=run_000001a0e92941a5_00047e session_id=sess_local_alpha events=run_000001a0e92941a5_00047e-done input_chars=22
2026-09-28T17:56:30.246412Z  INFO lingxi_service: request handled request_id=req-e200a3295a1a136d1b0484ac82f2d085 method=POST path=/lingxi/v1/sessions/sess_local_alpha/execute status=200
2026-09-28T17:56:30.246955Z  INFO lingxi_service::sessions: run committed and published (post-commit) run_id=run_000001a0e92941a6_00047f session_id=sess_local_alpha events=run_000001a0e92941a6_00047f-done input_chars=22
2026-09-28T17:56:30.247090Z  INFO lingxi_service: request handled request_id=req-37222221d9a0da5def136deb18e53412 method=POST path=/lingxi/v1/sessions/sess_local_alpha/execute status=200
2026-09-28T17:56:30.247637Z  INFO lingxi_service::sessions: run committed and published (post-commit) run_id=run_000001a0e92941a7_000480 session_id=sess_local_alpha events=run_000001a0e92941a7_000480-done input_chars=22
2026-09-28T17:56:30.247777Z  INFO lingxi_service: request handled request_id=req-91965ada5c74aaca3b7ebf690a4f8dc8 method=POST path=/lingxi/v1/sessions/sess_local_alpha/execute status=200
2026-09-28T17:56:30.248347Z  INFO lingxi_service::sessions: run committed and published (post-commit) run_id=run_000001a0e92941a8_000481 session_id=sess_local_alpha events=run_000001a0e92941a8_000481-done input_chars=22
2026-09-28T17:56:30.248485Z  INFO lingxi_service: request handled request_id=req-b8077a5f27503623aee2f9da2f7dcb06 method=POST path=/lingxi/v1/sessions/sess_local_alpha/execute status=200
2026-09-28T17:56:30.249032Z  INFO lingxi_service::sessions: run committed and published (post-commit) run_id=run_000001a0e92941a8_000482 session_id=sess_local_alpha events=run_000001a0e92941a8_000482-done input_chars=22
2026-09-28T17:56:30.249174Z  INFO lingxi_service: request handled request_id=req-99465a05d4cf280c54384f84e0b3cc56 method=POST path=/lingxi/v1/sessions/sess_local_alpha/execute status=200
2026-09-28T17:56:30.249744Z  INFO lingxi_service::sessions: run committed and published (post-commit) run_id=run_000001a0e92941a9_000483 session_id=sess_local_alpha events=run_000001a0e92941a9_000483-done input_chars=22
2026-09-28T17:56:30.249883Z  INFO lingxi_service: request handled request_id=req-c05a05268294b3bc200347e115f9e045 method=POST path=/lingxi/v1/sessions/sess_local_alpha/execute status=200
2026-09-28T17:56:30.250461Z  INFO lingxi_service::sessions: run committed and published (post-commit) run_id=run_000001a0e92941aa_000484 session_id=sess_local_alpha events=run_000001a0e92941aa_000484-done input_chars=22
2026-09-28T17:56:30.250601Z  INFO lingxi_service: request handled request_id=req-732d798a86ab8ed455eadd3f2948a3b6 method=POST path=/lingxi/v1/sessions/sess_local_alpha/execute status=200
2026-09-28T17:56:30.251243Z  INFO lingxi_service::sessions: run committed and published (post-commit) run_id=run_000001a0e92941aa_000485 session_id=sess_local_alpha events=run_000001a0e92941aa_000485-done input_chars=22
2026-09-28T17:56:30.251381Z  INFO lingxi_service: request handled request_id=req-6b2ae1b08def072d3d95a3fca2d926bb method=POST path=/lingxi/v1/sessions/sess_local_alpha/execute status=200
2026-09-28T17:56:30.251952Z  INFO lingxi_service::sessions: run committed and published (post-commit) run_id=run_000001a0e92941ab_000486 session_id=sess_local_alpha events=run_000001a0e92941ab_000486-done input_chars=22
2026-09-28T17:56:30.252089Z  INFO lingxi_service: request handled request_id=req-4709bf6ed5a0e3d57263fb11a14b6860 method=POST path=/lingxi/v1/sessions/sess_local_alpha/execute status=200
2026-09-28T17:56:30.252662Z  INFO lingxi_service::sessions: run committed and published (post-commit) run_id=run_000001a0e92941ac_000487 session_id=sess_local_alpha events=run_000001a0e92941ac_000487-done input_chars=22
2026-09-28T17:56:30.252801Z  INFO lingxi_service: request handled request_id=req-2e3d78b08543288f120bb6230bd8642b method=POST path=/lingxi/v1/sessions/sess_local_alpha/execute status=200
2026-09-28T17:56:30.253333Z  INFO lingxi_service::sessions: run committed and published (post-commit) run_id=run_000001a0e92941ad_000488 session_id=sess_local_alpha events=run_000001a0e92941ad_000488-done input_chars=22
2026-09-28T17:56:30.253469Z  INFO lingxi_service: request handled request_id=req-a28109083ae31b482bb32533094df645 method=POST path=/lingxi/v1/sessions/sess_local_alpha/execute status=200
2026-09-28T17:56:30.254009Z  INFO lingxi_service::sessions: run committed and published (post-commit) run_id=run_000001a0e92941ad_000489 session_id=sess_local_alpha events=run_000001a0e92941ad_000489-done input_chars=22
2026-09-28T17:56:30.254147Z  INFO lingxi_service: request handled request_id=req-fb9e98289bbdb9a32d5af348f0c24c38 method=POST path=/lingxi/v1/sessions/sess_local_alpha/execute status=200
2026-09-28T17:56:30.254692Z  INFO lingxi_service::sessions: run committed and published (post-commit) run_id=run_000001a0e92941ae_00048a session_id=sess_local_alpha events=run_000001a0e92941ae_00048a-done input_chars=22
2026-09-28T17:56:30.254833Z  INFO lingxi_service: request handled request_id=req-4834f6289b89ccc58286c5ab1778226a method=POST path=/lingxi/v1/sessions/sess_local_alpha/execute status=200
2026-09-28T17:56:30.255769Z  INFO lingxi_service::sessions: run committed and published (post-commit) run_id=run_000001a0e92941af_00048b session_id=sess_local_alpha events=run_000001a0e92941af_00048b-done input_chars=22
2026-09-28T17:56:30.255907Z  INFO lingxi_service: request handled request_id=req-d51cae952ee526433653767e916235f5 method=POST path=/lingxi/v1/sessions/sess_local_alpha/execute status=200
2026-09-28T17:56:30.256503Z  INFO lingxi_service::sessions: run committed and published (post-commit) run_id=run_000001a0e92941b0_00048c session_id=sess_local_alpha events=run_000001a0e92941b0_00048c-done input_chars=22
2026-09-28T17:56:30.256644Z  INFO lingxi_service: request handled request_id=req-75c08279a5ff8bc846b18618a3b17c7e method=POST path=/lingxi/v1/sessions/sess_local_alpha/execute status=200
2026-09-28T17:56:30.257184Z  INFO lingxi_service::sessions: run committed and published (post-commit) run_id=run_000001a0e92941b0_00048d session_id=sess_local_alpha events=run_000001a0e92941b0_00048d-done input_chars=22
2026-09-28T17:56:30.257319Z  INFO lingxi_service: request handled request_id=req-4294146e5c1d24105c0cae5158228d9d method=POST path=/lingxi/v1/sessions/sess_local_alpha/execute status=200
2026-09-28T17:56:30.257854Z  INFO lingxi_service::sessions: run committed and published (post-commit) run_id=run_000001a0e92941b1_00048e session_id=sess_local_alpha events=run_000001a0e92941b1_00048e-done input_chars=22
2026-09-28T17:56:30.257991Z  INFO lingxi_service: request handled request_id=req-bda1e95d0300abd8f321e7076e2aa600 method=POST path=/lingxi/v1/sessions/sess_local_alpha/execute status=200
2026-09-28T17:56:30.258511Z  INFO lingxi_service::sessions: run committed and published (post-commit) run_id=run_000001a0e92941b2_00048f session_id=sess_local_alpha events=run_000001a0e92941b2_00048f-done input_chars=22
2026-09-28T17:56:30.258654Z  INFO lingxi_service: request handled request_id=req-16d4f109afdf981567cbcd587fc18c33 method=POST path=/lingxi/v1/sessions/sess_local_alpha/execute status=200
2026-09-28T17:56:30.259297Z  INFO lingxi_service::sessions: run committed and published (post-commit) run_id=run_000001a0e92941b2_000490 session_id=sess_local_alpha events=run_000001a0e92941b2_000490-done input_chars=22
2026-09-28T17:56:30.259440Z  INFO lingxi_service: request handled request_id=req-ce9757ae39cd775cb7d803c78b19fa6e method=POST path=/lingxi/v1/sessions/sess_local_alpha/execute status=200
2026-09-28T17:56:30.259985Z  INFO lingxi_service::sessions: run committed and published (post-commit) run_id=run_000001a0e92941b3_000491 session_id=sess_local_alpha events=run_000001a0e92941b3_000491-done input_chars=22
2026-09-28T17:56:30.260123Z  INFO lingxi_service: request handled request_id=req-88eae0ee4cfaa7040a5ba2017d65b7f1 method=POST path=/lingxi/v1/sessions/sess_local_alpha/execute status=200
2026-09-28T17:56:30.260729Z  INFO lingxi_service::sessions: run committed and published (post-commit) run_id=run_000001a0e92941b4_000492 session_id=sess_local_alpha events=run_000001a0e92941b4_000492-done input_chars=22
2026-09-28T17:56:30.260867Z  INFO lingxi_service: request handled request_id=req-ab0da86e1e3d4de54719ec9baaf62d2c method=POST path=/lingxi/v1/sessions/sess_local_alpha/execute status=200
2026-09-28T17:56:30.261485Z  INFO lingxi_service::sessions: run committed and published (post-commit) run_id=run_000001a0e92941b5_000493 session_id=sess_local_alpha events=run_000001a0e92941b5_000493-done input_chars=22
2026-09-28T17:56:30.261625Z  INFO lingxi_service: request handled request_id=req-80d530ba245b97469002f9b097da8a3f method=POST path=/lingxi/v1/sessions/sess_local_alpha/execute status=200
2026-09-28T17:56:30.262177Z  INFO lingxi_service::sessions: run committed and published (post-commit) run_id=run_000001a0e92941b5_000494 session_id=sess_local_alpha events=run_000001a0e92941b5_000494-done input_chars=22
2026-09-28T17:56:30.262315Z  INFO lingxi_service: request handled request_id=req-f5310892a99d0a27f4555fd5b1fc0b08 method=POST path=/lingxi/v1/sessions/sess_local_alpha/execute status=200
2026-09-28T17:56:30.262898Z  INFO lingxi_service::sessions: run committed and published (post-commit) run_id=run_000001a0e92941b6_000495 session_id=sess_local_alpha events=run_000001a0e92941b6_000495-done input_chars=22
2026-09-28T17:56:30.263038Z  INFO lingxi_service: request handled request_id=req-4730faf535c003d5ca8cc32d01dc204a method=POST path=/lingxi/v1/sessions/sess_local_alpha/execute status=200
2026-09-28T17:56:30.263601Z  INFO lingxi_service::sessions: run committed and published (post-commit) run_id=run_000001a0e92941b7_000496 session_id=sess_local_alpha events=run_000001a0e92941b7_000496-done input_chars=22
2026-09-28T17:56:30.263743Z  INFO lingxi_service: request handled request_id=req-5c575dddde0b9fa58bc6821c579163df method=POST path=/lingxi/v1/sessions/sess_local_alpha/execute status=200
2026-09-28T17:56:30.264277Z  INFO lingxi_service::sessions: run committed and published (post-commit) run_id=run_000001a0e92941b7_000497 session_id=sess_local_alpha events=run_000001a0e92941b7_000497-done input_chars=22
2026-09-28T17:56:30.264413Z  INFO lingxi_service: request handled request_id=req-4dcb51eb2b5d162fa277ab5fa61bdba8 method=POST path=/lingxi/v1/sessions/sess_local_alpha/execute status=200
2026-09-28T17:56:30.265013Z  INFO lingxi_service::sessions: run committed and published (post-commit) run_id=run_000001a0e92941b8_000498 session_id=sess_local_alpha events=run_000001a0e92941b8_000498-done input_chars=22
2026-09-28T17:56:30.265153Z  INFO lingxi_service: request handled request_id=req-3d113688ac43c9ceda44b3c4f983906f method=POST path=/lingxi/v1/sessions/sess_local_alpha/execute status=200
2026-09-28T17:56:30.265794Z  INFO lingxi_service::sessions: run committed and published (post-commit) run_id=run_000001a0e92941b9_000499 session_id=sess_local_alpha events=run_000001a0e92941b9_000499-done input_chars=22
2026-09-28T17:56:30.265933Z  INFO lingxi_service: request handled request_id=req-c9a9d0b41f44005794911a4c02b46394 method=POST path=/lingxi/v1/sessions/sess_local_alpha/execute status=200
2026-09-28T17:56:30.266475Z  INFO lingxi_service::sessions: run committed and published (post-commit) run_id=run_000001a0e92941ba_00049a session_id=sess_local_alpha events=run_000001a0e92941ba_00049a-done input_chars=22
2026-09-28T17:56:30.266614Z  INFO lingxi_service: request handled request_id=req-37570c997e3d3b34dfaffe4b545a8789 method=POST path=/lingxi/v1/sessions/sess_local_alpha/execute status=200
2026-09-28T17:56:30.267200Z  INFO lingxi_service::sessions: run committed and published (post-commit) run_id=run_000001a0e92941ba_00049b session_id=sess_local_alpha events=run_000001a0e92941ba_00049b-done input_chars=22
2026-09-28T17:56:30.267338Z  INFO lingxi_service: request handled request_id=req-d75a75f9a27ee103a86bdaabc38b00df method=POST path=/lingxi/v1/sessions/sess_local_alpha/execute status=200
2026-09-28T17:56:30.267936Z  INFO lingxi_service::sessions: run committed and published (post-commit) run_id=run_000001a0e92941bb_00049c session_id=sess_local_alpha events=run_000001a0e92941bb_00049c-done input_chars=22
2026-09-28T17:56:30.268076Z  INFO lingxi_service: request handled request_id=req-39348d5ac8374b70d6e3381f824bbd2d method=POST path=/lingxi/v1/sessions/sess_local_alpha/execute status=200
2026-09-28T17:56:30.268647Z  INFO lingxi_service::sessions: run committed and published (post-commit) run_id=run_000001a0e92941bc_00049d session_id=sess_local_alpha events=run_000001a0e92941bc_00049d-done input_chars=22
2026-09-28T17:56:30.268788Z  INFO lingxi_service: request handled request_id=req-c2058095b200e19b1e35c9056ebe79f4 method=POST path=/lingxi/v1/sessions/sess_local_alpha/execute status=200
2026-09-28T17:56:30.269339Z  INFO lingxi_service::sessions: run committed and published (post-commit) run_id=run_000001a0e92941bd_00049e session_id=sess_local_alpha events=run_000001a0e92941bd_00049e-done input_chars=22
2026-09-28T17:56:30.269477Z  INFO lingxi_service: request handled request_id=req-65d57159b91e36dd7e8e6120f0e2ade9 method=POST path=/lingxi/v1/sessions/sess_local_alpha/execute status=200
2026-09-28T17:56:30.270007Z  INFO lingxi_service::sessions: run committed and published (post-commit) run_id=run_000001a0e92941bd_00049f session_id=sess_local_alpha events=run_000001a0e92941bd_00049f-done input_chars=22
2026-09-28T17:56:30.270147Z  INFO lingxi_service: request handled request_id=req-d943aeafa714ae169e17ca70d1b72705 method=POST path=/lingxi/v1/sessions/sess_local_alpha/execute status=200
2026-09-28T17:56:30.270679Z  INFO lingxi_service::sessions: run committed and published (post-commit) run_id=run_000001a0e92941be_0004a0 session_id=sess_local_alpha events=run_000001a0e92941be_0004a0-done input_chars=22
2026-09-28T17:56:30.270823Z  INFO lingxi_service: request handled request_id=req-cd2da28cc0ab77df594d273e548ac7a3 method=POST path=/lingxi/v1/sessions/sess_local_alpha/execute status=200
2026-09-28T17:56:30.271381Z  INFO lingxi_service::sessions: run committed and published (post-commit) run_id=run_000001a0e92941bf_0004a1 session_id=sess_local_alpha events=run_000001a0e92941bf_0004a1-done input_chars=22
2026-09-28T17:56:30.271518Z  INFO lingxi_service: request handled request_id=req-27c9f054212b5edf55154c09ddb80832 method=POST path=/lingxi/v1/sessions/sess_local_alpha/execute status=200
2026-09-28T17:56:30.272090Z  INFO lingxi_service::sessions: run committed and published (post-commit) run_id=run_000001a0e92941bf_0004a2 session_id=sess_local_alpha events=run_000001a0e92941bf_0004a2-done input_chars=22
2026-09-28T17:56:30.272227Z  INFO lingxi_service: request handled request_id=req-e52d22fbdd3325840c61f43bd137659e method=POST path=/lingxi/v1/sessions/sess_local_alpha/execute status=200
2026-09-28T17:56:30.272775Z  INFO lingxi_service::sessions: run committed and published (post-commit) run_id=run_000001a0e92941c0_0004a3 session_id=sess_local_alpha events=run_000001a0e92941c0_0004a3-done input_chars=22
2026-09-28T17:56:30.272913Z  INFO lingxi_service: request handled request_id=req-c52c8383e6b3d0f5c2091318c2952eb1 method=POST path=/lingxi/v1/sessions/sess_local_alpha/execute status=200
2026-09-28T17:56:30.273444Z  INFO lingxi_service::sessions: run committed and published (post-commit) run_id=run_000001a0e92941c1_0004a4 session_id=sess_local_alpha events=run_000001a0e92941c1_0004a4-done input_chars=22
2026-09-28T17:56:30.273582Z  INFO lingxi_service: request handled request_id=req-742af1173efb04c86c58564f9368f337 method=POST path=/lingxi/v1/sessions/sess_local_alpha/execute status=200
2026-09-28T17:56:30.274115Z  INFO lingxi_service::sessions: run committed and published (post-commit) run_id=run_000001a0e92941c1_0004a5 session_id=sess_local_alpha events=run_000001a0e92941c1_0004a5-done input_chars=22
2026-09-28T17:56:30.274252Z  INFO lingxi_service: request handled request_id=req-81e07e3288dfc769736d4b8d20ae4dfb method=POST path=/lingxi/v1/sessions/sess_local_alpha/execute status=200
2026-09-28T17:56:30.274794Z  INFO lingxi_service::sessions: run committed and published (post-commit) run_id=run_000001a0e92941c2_0004a6 session_id=sess_local_alpha events=run_000001a0e92941c2_0004a6-done input_chars=22
2026-09-28T17:56:30.274934Z  INFO lingxi_service: request handled request_id=req-11299d68693ce95fa78d7d1cd19899ef method=POST path=/lingxi/v1/sessions/sess_local_alpha/execute status=200
2026-09-28T17:56:30.275486Z  INFO lingxi_service::sessions: run committed and published (post-commit) run_id=run_000001a0e92941c3_0004a7 session_id=sess_local_alpha events=run_000001a0e92941c3_0004a7-done input_chars=22
2026-09-28T17:56:30.275623Z  INFO lingxi_service: request handled request_id=req-f3daca3d00689774e7cc0a8ae93992eb method=POST path=/lingxi/v1/sessions/sess_local_alpha/execute status=200
2026-09-28T17:56:30.276159Z  INFO lingxi_service::sessions: run committed and published (post-commit) run_id=run_000001a0e92941c3_0004a8 session_id=sess_local_alpha events=run_000001a0e92941c3_0004a8-done input_chars=22
2026-09-28T17:56:30.276294Z  INFO lingxi_service: request handled request_id=req-9b2ffd5eccfdd43e3481509cff1a9245 method=POST path=/lingxi/v1/sessions/sess_local_alpha/execute status=200
2026-09-28T17:56:30.276825Z  INFO lingxi_service::sessions: run committed and published (post-commit) run_id=run_000001a0e92941c4_0004a9 session_id=sess_local_alpha events=run_000001a0e92941c4_0004a9-done input_chars=22
2026-09-28T17:56:30.276961Z  INFO lingxi_service: request handled request_id=req-4c78e8c44988bc46db69583a49abeb81 method=POST path=/lingxi/v1/sessions/sess_local_alpha/execute status=200
2026-09-28T17:56:30.277493Z  INFO lingxi_service::sessions: run committed and published (post-commit) run_id=run_000001a0e92941c5_0004aa session_id=sess_local_alpha events=run_000001a0e92941c5_0004aa-done input_chars=22
2026-09-28T17:56:30.277636Z  INFO lingxi_service: request handled request_id=req-8fc6c0e780a1019e70a9f8c9b63e7310 method=POST path=/lingxi/v1/sessions/sess_local_alpha/execute status=200
2026-09-28T17:56:30.278190Z  INFO lingxi_service::sessions: run committed and published (post-commit) run_id=run_000001a0e92941c5_0004ab session_id=sess_local_alpha events=run_000001a0e92941c5_0004ab-done input_chars=22
2026-09-28T17:56:30.278334Z  INFO lingxi_service: request handled request_id=req-2e4f59cf1a61adc63ee008a487bd00a4 method=POST path=/lingxi/v1/sessions/sess_local_alpha/execute status=200
2026-09-28T17:56:30.278886Z  INFO lingxi_service::sessions: run committed and published (post-commit) run_id=run_000001a0e92941c6_0004ac session_id=sess_local_alpha events=run_000001a0e92941c6_0004ac-done input_chars=22
2026-09-28T17:56:30.279030Z  INFO lingxi_service: request handled request_id=req-da0f2416587b6f03de30357243a2ca96 method=POST path=/lingxi/v1/sessions/sess_local_alpha/execute status=200
2026-09-28T17:56:30.279563Z  INFO lingxi_service::sessions: run committed and published (post-commit) run_id=run_000001a0e92941c7_0004ad session_id=sess_local_alpha events=run_000001a0e92941c7_0004ad-done input_chars=22
2026-09-28T17:56:30.279702Z  INFO lingxi_service: request handled request_id=req-f3b079701a6aecc47ddc9b601e32b699 method=POST path=/lingxi/v1/sessions/sess_local_alpha/execute status=200
2026-09-28T17:56:30.280287Z  INFO lingxi_service::sessions: run committed and published (post-commit) run_id=run_000001a0e92941c7_0004ae session_id=sess_local_alpha events=run_000001a0e92941c7_0004ae-done input_chars=22
2026-09-28T17:56:30.280426Z  INFO lingxi_service: request handled request_id=req-3933c416c2eea62ad140b766c3a1760a method=POST path=/lingxi/v1/sessions/sess_local_alpha/execute status=200
2026-09-28T17:56:30.280967Z  INFO lingxi_service::sessions: run committed and published (post-commit) run_id=run_000001a0e92941c8_0004af session_id=sess_local_alpha events=run_000001a0e92941c8_0004af-done input_chars=22
2026-09-28T17:56:30.281105Z  INFO lingxi_service: request handled request_id=req-ee290cf10bd72318725ac8813aa2f5bb method=POST path=/lingxi/v1/sessions/sess_local_alpha/execute status=200
2026-09-28T17:56:30.281668Z  INFO lingxi_service::sessions: run committed and published (post-commit) run_id=run_000001a0e92941c9_0004b0 session_id=sess_local_alpha events=run_000001a0e92941c9_0004b0-done input_chars=22
2026-09-28T17:56:30.281808Z  INFO lingxi_service: request handled request_id=req-95fbbe975af535ac87c5f71896b5038c method=POST path=/lingxi/v1/sessions/sess_local_alpha/execute status=200
2026-09-28T17:56:30.282351Z  INFO lingxi_service::sessions: run committed and published (post-commit) run_id=run_000001a0e92941ca_0004b1 session_id=sess_local_alpha events=run_000001a0e92941ca_0004b1-done input_chars=22
2026-09-28T17:56:30.282492Z  INFO lingxi_service: request handled request_id=req-7cb875224c84f80187dae05566cb621b method=POST path=/lingxi/v1/sessions/sess_local_alpha/execute status=200
2026-09-28T17:56:30.283024Z  INFO lingxi_service::sessions: run committed and published (post-commit) run_id=run_000001a0e92941ca_0004b2 session_id=sess_local_alpha events=run_000001a0e92941ca_0004b2-done input_chars=22
2026-09-28T17:56:30.283164Z  INFO lingxi_service: request handled request_id=req-4a48123a38c6db9c5ac46e798267c8cc method=POST path=/lingxi/v1/sessions/sess_local_alpha/execute status=200
2026-09-28T17:56:30.283762Z  INFO lingxi_service::sessions: run committed and published (post-commit) run_id=run_000001a0e92941cb_0004b3 session_id=sess_local_alpha events=run_000001a0e92941cb_0004b3-done input_chars=22
2026-09-28T17:56:30.283900Z  INFO lingxi_service: request handled request_id=req-9b854cc7920c649b096e22e929281ea2 method=POST path=/lingxi/v1/sessions/sess_local_alpha/execute status=200
2026-09-28T17:56:30.284446Z  INFO lingxi_service::sessions: run committed and published (post-commit) run_id=run_000001a0e92941cc_0004b4 session_id=sess_local_alpha events=run_000001a0e92941cc_0004b4-done input_chars=22
2026-09-28T17:56:30.284590Z  INFO lingxi_service: request handled request_id=req-0c56805bab9c1ecf6b4b6b6583e2ac49 method=POST path=/lingxi/v1/sessions/sess_local_alpha/execute status=200
2026-09-28T17:56:30.285162Z  INFO lingxi_service::sessions: run committed and published (post-commit) run_id=run_000001a0e92941cc_0004b5 session_id=sess_local_alpha events=run_000001a0e92941cc_0004b5-done input_chars=22
2026-09-28T17:56:30.285302Z  INFO lingxi_service: request handled request_id=req-3f5b0d5a240a5f042ffd61a5648fa443 method=POST path=/lingxi/v1/sessions/sess_local_alpha/execute status=200
2026-09-28T17:56:30.285858Z  INFO lingxi_service::sessions: run committed and published (post-commit) run_id=run_000001a0e92941cd_0004b6 session_id=sess_local_alpha events=run_000001a0e92941cd_0004b6-done input_chars=22
2026-09-28T17:56:30.285998Z  INFO lingxi_service: request handled request_id=req-a0ff2dc3f71a3041057d9bc9d1fec319 method=POST path=/lingxi/v1/sessions/sess_local_alpha/execute status=200
2026-09-28T17:56:30.286553Z  INFO lingxi_service::sessions: run committed and published (post-commit) run_id=run_000001a0e92941ce_0004b7 session_id=sess_local_alpha events=run_000001a0e92941ce_0004b7-done input_chars=22
2026-09-28T17:56:30.286693Z  INFO lingxi_service: request handled request_id=req-af8a2cf02d695f28fb5afe9abd06bcea method=POST path=/lingxi/v1/sessions/sess_local_alpha/execute status=200
2026-09-28T17:56:30.287294Z  INFO lingxi_service::sessions: run committed and published (post-commit) run_id=run_000001a0e92941ce_0004b8 session_id=sess_local_alpha events=run_000001a0e92941ce_0004b8-done input_chars=22
2026-09-28T17:56:30.287433Z  INFO lingxi_service: request handled request_id=req-bcbac520536c046a144e0fcbc0c952e6 method=POST path=/lingxi/v1/sessions/sess_local_alpha/execute status=200
2026-09-28T17:56:30.288009Z  INFO lingxi_service::sessions: run committed and published (post-commit) run_id=run_000001a0e92941cf_0004b9 session_id=sess_local_alpha events=run_000001a0e92941cf_0004b9-done input_chars=22
2026-09-28T17:56:30.288150Z  INFO lingxi_service: request handled request_id=req-d8453cce0f382329c3c2c8bd86c5415c method=POST path=/lingxi/v1/sessions/sess_local_alpha/execute status=200
2026-09-28T17:56:30.288716Z  INFO lingxi_service::sessions: run committed and published (post-commit) run_id=run_000001a0e92941d0_0004ba session_id=sess_local_alpha events=run_000001a0e92941d0_0004ba-done input_chars=22
2026-09-28T17:56:30.288854Z  INFO lingxi_service: request handled request_id=req-0f1c35bd463ff7124b32e9c8d577b2f7 method=POST path=/lingxi/v1/sessions/sess_local_alpha/execute status=200
2026-09-28T17:56:30.289404Z  INFO lingxi_service::sessions: run committed and published (post-commit) run_id=run_000001a0e92941d1_0004bb session_id=sess_local_alpha events=run_000001a0e92941d1_0004bb-done input_chars=22
2026-09-28T17:56:30.289544Z  INFO lingxi_service: request handled request_id=req-4c540b0db5cf9e7e4f61757ebd23cb9e method=POST path=/lingxi/v1/sessions/sess_local_alpha/execute status=200
2026-09-28T17:56:30.290100Z  INFO lingxi_service::sessions: run committed and published (post-commit) run_id=run_000001a0e92941d1_0004bc session_id=sess_local_alpha events=run_000001a0e92941d1_0004bc-done input_chars=22
2026-09-28T17:56:30.290241Z  INFO lingxi_service: request handled request_id=req-7e5c652399f9ce4e7832d7a2492b0514 method=POST path=/lingxi/v1/sessions/sess_local_alpha/execute status=200
2026-09-28T17:56:30.290793Z  INFO lingxi_service::sessions: run committed and published (post-commit) run_id=run_000001a0e92941d2_0004bd session_id=sess_local_alpha events=run_000001a0e92941d2_0004bd-done input_chars=22
2026-09-28T17:56:30.290932Z  INFO lingxi_service: request handled request_id=req-0d9e30ff557d6e7ec9fbd34a3b1910cb method=POST path=/lingxi/v1/sessions/sess_local_alpha/execute status=200
2026-09-28T17:56:30.291480Z  INFO lingxi_service::sessions: run committed and published (post-commit) run_id=run_000001a0e92941d3_0004be session_id=sess_local_alpha events=run_000001a0e92941d3_0004be-done input_chars=22
2026-09-28T17:56:30.291620Z  INFO lingxi_service: request handled request_id=req-de565bb0cfa1d7d444c916b530bc0549 method=POST path=/lingxi/v1/sessions/sess_local_alpha/execute status=200
2026-09-28T17:56:30.292179Z  INFO lingxi_service::sessions: run committed and published (post-commit) run_id=run_000001a0e92941d3_0004bf session_id=sess_local_alpha events=run_000001a0e92941d3_0004bf-done input_chars=22
2026-09-28T17:56:30.292317Z  INFO lingxi_service: request handled request_id=req-0fa640b91d0c7e7fa875c2948654f6cd method=POST path=/lingxi/v1/sessions/sess_local_alpha/execute status=200
2026-09-28T17:56:30.292879Z  INFO lingxi_service::sessions: run committed and published (post-commit) run_id=run_000001a0e92941d4_0004c0 session_id=sess_local_alpha events=run_000001a0e92941d4_0004c0-done input_chars=22
2026-09-28T17:56:30.293019Z  INFO lingxi_service: request handled request_id=req-f62935f699a59647e419a86c40c59d57 method=POST path=/lingxi/v1/sessions/sess_local_alpha/execute status=200
2026-09-28T17:56:30.293547Z  INFO lingxi_service::sessions: run committed and published (post-commit) run_id=run_000001a0e92941d5_0004c1 session_id=sess_local_alpha events=run_000001a0e92941d5_0004c1-done input_chars=22
2026-09-28T17:56:30.293685Z  INFO lingxi_service: request handled request_id=req-1697b0423365fbd8c5e9af34810b70aa method=POST path=/lingxi/v1/sessions/sess_local_alpha/execute status=200
2026-09-28T17:56:30.294620Z  INFO lingxi_service::sessions: run committed and published (post-commit) run_id=run_000001a0e92941d5_0004c2 session_id=sess_local_alpha events=run_000001a0e92941d5_0004c2-done input_chars=22
2026-09-28T17:56:30.294762Z  INFO lingxi_service: request handled request_id=req-cc29aaf9b4ba712c1d1f4add28f8b4a5 method=POST path=/lingxi/v1/sessions/sess_local_alpha/execute status=200
2026-09-28T17:56:30.295306Z  INFO lingxi_service::sessions: run committed and published (post-commit) run_id=run_000001a0e92941d7_0004c3 session_id=sess_local_alpha events=run_000001a0e92941d7_0004c3-done input_chars=22
2026-09-28T17:56:30.295447Z  INFO lingxi_service: request handled request_id=req-f5ff52b861406527f6043123780b5268 method=POST path=/lingxi/v1/sessions/sess_local_alpha/execute status=200
2026-09-28T17:56:30.296004Z  INFO lingxi_service::sessions: run committed and published (post-commit) run_id=run_000001a0e92941d7_0004c4 session_id=sess_local_alpha events=run_000001a0e92941d7_0004c4-done input_chars=22
2026-09-28T17:56:30.296145Z  INFO lingxi_service: request handled request_id=req-746a7fa421dc15c3ed2f600430723574 method=POST path=/lingxi/v1/sessions/sess_local_alpha/execute status=200
2026-09-28T17:56:30.296714Z  INFO lingxi_service::sessions: run committed and published (post-commit) run_id=run_000001a0e92941d8_0004c5 session_id=sess_local_alpha events=run_000001a0e92941d8_0004c5-done input_chars=22
2026-09-28T17:56:30.296854Z  INFO lingxi_service: request handled request_id=req-52a4bff42b7087e317b28638e95e8c9d method=POST path=/lingxi/v1/sessions/sess_local_alpha/execute status=200
2026-09-28T17:56:30.297438Z  INFO lingxi_service::sessions: run committed and published (post-commit) run_id=run_000001a0e92941d9_0004c6 session_id=sess_local_alpha events=run_000001a0e92941d9_0004c6-done input_chars=22
2026-09-28T17:56:30.297579Z  INFO lingxi_service: request handled request_id=req-b66a15261ae0dc33674d1509af21dfbc method=POST path=/lingxi/v1/sessions/sess_local_alpha/execute status=200
2026-09-28T17:56:30.298134Z  INFO lingxi_service::sessions: run committed and published (post-commit) run_id=run_000001a0e92941d9_0004c7 session_id=sess_local_alpha events=run_000001a0e92941d9_0004c7-done input_chars=22
2026-09-28T17:56:30.298272Z  INFO lingxi_service: request handled request_id=req-af5ce97ded93372d1ebe655f5ed60491 method=POST path=/lingxi/v1/sessions/sess_local_alpha/execute status=200
2026-09-28T17:56:30.298844Z  INFO lingxi_service::sessions: run committed and published (post-commit) run_id=run_000001a0e92941da_0004c8 session_id=sess_local_alpha events=run_000001a0e92941da_0004c8-done input_chars=22
2026-09-28T17:56:30.298985Z  INFO lingxi_service: request handled request_id=req-02c723be9c49424895883ec75221b518 method=POST path=/lingxi/v1/sessions/sess_local_alpha/execute status=200
2026-09-28T17:56:30.299543Z  INFO lingxi_service::sessions: run committed and published (post-commit) run_id=run_000001a0e92941db_0004c9 session_id=sess_local_alpha events=run_000001a0e92941db_0004c9-done input_chars=22
2026-09-28T17:56:30.299682Z  INFO lingxi_service: request handled request_id=req-5d16092f82cd7854814be7bb2d82f747 method=POST path=/lingxi/v1/sessions/sess_local_alpha/execute status=200
2026-09-28T17:56:30.300211Z  INFO lingxi_service::sessions: run committed and published (post-commit) run_id=run_000001a0e92941db_0004ca session_id=sess_local_alpha events=run_000001a0e92941db_0004ca-done input_chars=22
2026-09-28T17:56:30.300350Z  INFO lingxi_service: request handled request_id=req-a525623662476958f8b354a1f1b427ce method=POST path=/lingxi/v1/sessions/sess_local_alpha/execute status=200
2026-09-28T17:56:30.300873Z  INFO lingxi_service::sessions: run committed and published (post-commit) run_id=run_000001a0e92941dc_0004cb session_id=sess_local_alpha events=run_000001a0e92941dc_0004cb-done input_chars=22
2026-09-28T17:56:30.301013Z  INFO lingxi_service: request handled request_id=req-10c123e9fb761d8f291c28aaf07acdcf method=POST path=/lingxi/v1/sessions/sess_local_alpha/execute status=200
2026-09-28T17:56:30.301558Z  INFO lingxi_service::sessions: run committed and published (post-commit) run_id=run_000001a0e92941dd_0004cc session_id=sess_local_alpha events=run_000001a0e92941dd_0004cc-done input_chars=22
2026-09-28T17:56:30.301704Z  INFO lingxi_service: request handled request_id=req-18f4b086bfbc14a11a8f01d28173e509 method=POST path=/lingxi/v1/sessions/sess_local_alpha/execute status=200
2026-09-28T17:56:30.302260Z  INFO lingxi_service::sessions: run committed and published (post-commit) run_id=run_000001a0e92941dd_0004cd session_id=sess_local_alpha events=run_000001a0e92941dd_0004cd-done input_chars=22
2026-09-28T17:56:30.302401Z  INFO lingxi_service: request handled request_id=req-60e6cefe829f3023b2607ca5161aae36 method=POST path=/lingxi/v1/sessions/sess_local_alpha/execute status=200
2026-09-28T17:56:30.302932Z  INFO lingxi_service::sessions: run committed and published (post-commit) run_id=run_000001a0e92941de_0004ce session_id=sess_local_alpha events=run_000001a0e92941de_0004ce-done input_chars=22
2026-09-28T17:56:30.303072Z  INFO lingxi_service: request handled request_id=req-9378a3acf8dbed5003dfdb490536bac3 method=POST path=/lingxi/v1/sessions/sess_local_alpha/execute status=200
2026-09-28T17:56:30.303646Z  INFO lingxi_service::sessions: run committed and published (post-commit) run_id=run_000001a0e92941df_0004cf session_id=sess_local_alpha events=run_000001a0e92941df_0004cf-done input_chars=22
2026-09-28T17:56:30.303787Z  INFO lingxi_service: request handled request_id=req-869dd3fef82ccc93b0f4e7c1fbc73fac method=POST path=/lingxi/v1/sessions/sess_local_alpha/execute status=200
2026-09-28T17:56:30.304332Z  INFO lingxi_service::sessions: run committed and published (post-commit) run_id=run_000001a0e92941e0_0004d0 session_id=sess_local_alpha events=run_000001a0e92941e0_0004d0-done input_chars=22
2026-09-28T17:56:30.304473Z  INFO lingxi_service: request handled request_id=req-a5e537fa2f2bd727624b2b385c9b8505 method=POST path=/lingxi/v1/sessions/sess_local_alpha/execute status=200
2026-09-28T17:56:30.305034Z  INFO lingxi_service::sessions: run committed and published (post-commit) run_id=run_000001a0e92941e0_0004d1 session_id=sess_local_alpha events=run_000001a0e92941e0_0004d1-done input_chars=22
2026-09-28T17:56:30.305176Z  INFO lingxi_service: request handled request_id=req-e7c5929e6e27d91ff54ae89e1207986c method=POST path=/lingxi/v1/sessions/sess_local_alpha/execute status=200
2026-09-28T17:56:30.305780Z  INFO lingxi_service::sessions: run committed and published (post-commit) run_id=run_000001a0e92941e1_0004d2 session_id=sess_local_alpha events=run_000001a0e92941e1_0004d2-done input_chars=22
2026-09-28T17:56:30.305922Z  INFO lingxi_service: request handled request_id=req-58024e199d04c11373f40bc3237b615f method=POST path=/lingxi/v1/sessions/sess_local_alpha/execute status=200
2026-09-28T17:56:30.306491Z  INFO lingxi_service::sessions: run committed and published (post-commit) run_id=run_000001a0e92941e2_0004d3 session_id=sess_local_alpha events=run_000001a0e92941e2_0004d3-done input_chars=22
2026-09-28T17:56:30.306628Z  INFO lingxi_service: request handled request_id=req-540f3f4b9cf1e0d11684b1a16fd79de7 method=POST path=/lingxi/v1/sessions/sess_local_alpha/execute status=200
2026-09-28T17:56:30.307151Z  INFO lingxi_service::sessions: run committed and published (post-commit) run_id=run_000001a0e92941e2_0004d4 session_id=sess_local_alpha events=run_000001a0e92941e2_0004d4-done input_chars=22
2026-09-28T17:56:30.307291Z  INFO lingxi_service: request handled request_id=req-b587fb0f0b7de21e356b369290e31129 method=POST path=/lingxi/v1/sessions/sess_local_alpha/execute status=200
2026-09-28T17:56:30.307914Z  INFO lingxi_service::sessions: run committed and published (post-commit) run_id=run_000001a0e92941e3_0004d5 session_id=sess_local_alpha events=run_000001a0e92941e3_0004d5-done input_chars=22
2026-09-28T17:56:30.308056Z  INFO lingxi_service: request handled request_id=req-323a1ab867bb2fc60318a0b5faf4eea2 method=POST path=/lingxi/v1/sessions/sess_local_alpha/execute status=200
2026-09-28T17:56:30.308711Z  INFO lingxi_service::sessions: run committed and published (post-commit) run_id=run_000001a0e92941e4_0004d6 session_id=sess_local_alpha events=run_000001a0e92941e4_0004d6-done input_chars=22
2026-09-28T17:56:30.308851Z  INFO lingxi_service: request handled request_id=req-1da1877396b14213196169ac0b441af9 method=POST path=/lingxi/v1/sessions/sess_local_alpha/execute status=200
2026-09-28T17:56:30.309412Z  INFO lingxi_service::sessions: run committed and published (post-commit) run_id=run_000001a0e92941e5_0004d7 session_id=sess_local_alpha events=run_000001a0e92941e5_0004d7-done input_chars=22
2026-09-28T17:56:30.309554Z  INFO lingxi_service: request handled request_id=req-c11a6ad540ad705666f010d0d8fb48aa method=POST path=/lingxi/v1/sessions/sess_local_alpha/execute status=200
2026-09-28T17:56:30.310103Z  INFO lingxi_service::sessions: run committed and published (post-commit) run_id=run_000001a0e92941e5_0004d8 session_id=sess_local_alpha events=run_000001a0e92941e5_0004d8-done input_chars=22
2026-09-28T17:56:30.310243Z  INFO lingxi_service: request handled request_id=req-fa2fc5ca34311f8e8b138c936c189d88 method=POST path=/lingxi/v1/sessions/sess_local_alpha/execute status=200
2026-09-28T17:56:30.310774Z  INFO lingxi_service::sessions: run committed and published (post-commit) run_id=run_000001a0e92941e6_0004d9 session_id=sess_local_alpha events=run_000001a0e92941e6_0004d9-done input_chars=22
2026-09-28T17:56:30.310914Z  INFO lingxi_service: request handled request_id=req-40e95a7bd788bd65a844697213fdd43a method=POST path=/lingxi/v1/sessions/sess_local_alpha/execute status=200
2026-09-28T17:56:30.311445Z  INFO lingxi_service::sessions: run committed and published (post-commit) run_id=run_000001a0e92941e7_0004da session_id=sess_local_alpha events=run_000001a0e92941e7_0004da-done input_chars=22
2026-09-28T17:56:30.311587Z  INFO lingxi_service: request handled request_id=req-ac59bf53e1a153deef90a49fadfa7b7d method=POST path=/lingxi/v1/sessions/sess_local_alpha/execute status=200
2026-09-28T17:56:30.312159Z  INFO lingxi_service::sessions: run committed and published (post-commit) run_id=run_000001a0e92941e7_0004db session_id=sess_local_alpha events=run_000001a0e92941e7_0004db-done input_chars=22
2026-09-28T17:56:30.312299Z  INFO lingxi_service: request handled request_id=req-e3fd7ed41f4eaab4ed23f298278598b6 method=POST path=/lingxi/v1/sessions/sess_local_alpha/execute status=200
2026-09-28T17:56:30.312847Z  INFO lingxi_service::sessions: run committed and published (post-commit) run_id=run_000001a0e92941e8_0004dc session_id=sess_local_alpha events=run_000001a0e92941e8_0004dc-done input_chars=22
2026-09-28T17:56:30.312987Z  INFO lingxi_service: request handled request_id=req-c7d8467369e1d41a27824ca18cdaafab method=POST path=/lingxi/v1/sessions/sess_local_alpha/execute status=200
2026-09-28T17:56:30.313517Z  INFO lingxi_service::sessions: run committed and published (post-commit) run_id=run_000001a0e92941e9_0004dd session_id=sess_local_alpha events=run_000001a0e92941e9_0004dd-done input_chars=22
2026-09-28T17:56:30.313658Z  INFO lingxi_service: request handled request_id=req-cf0d6f5fbecf930afceb43816f5a54f5 method=POST path=/lingxi/v1/sessions/sess_local_alpha/execute status=200
2026-09-28T17:56:30.314221Z  INFO lingxi_service::sessions: run committed and published (post-commit) run_id=run_000001a0e92941e9_0004de session_id=sess_local_alpha events=run_000001a0e92941e9_0004de-done input_chars=22
2026-09-28T17:56:30.314362Z  INFO lingxi_service: request handled request_id=req-38cac39d13898822f828f9b9e55548ab method=POST path=/lingxi/v1/sessions/sess_local_alpha/execute status=200
2026-09-28T17:56:30.314920Z  INFO lingxi_service::sessions: run committed and published (post-commit) run_id=run_000001a0e92941ea_0004df session_id=sess_local_alpha events=run_000001a0e92941ea_0004df-done input_chars=22
2026-09-28T17:56:30.315061Z  INFO lingxi_service: request handled request_id=req-5aa69909db20bab5fbbdfa04d960f7ea method=POST path=/lingxi/v1/sessions/sess_local_alpha/execute status=200
2026-09-28T17:56:30.315602Z  INFO lingxi_service::sessions: run committed and published (post-commit) run_id=run_000001a0e92941eb_0004e0 session_id=sess_local_alpha events=run_000001a0e92941eb_0004e0-done input_chars=22
2026-09-28T17:56:30.315743Z  INFO lingxi_service: request handled request_id=req-708eba70a19e0578d0ab81686d86894c method=POST path=/lingxi/v1/sessions/sess_local_alpha/execute status=200
2026-09-28T17:56:30.316299Z  INFO lingxi_service::sessions: run committed and published (post-commit) run_id=run_000001a0e92941eb_0004e1 session_id=sess_local_alpha events=run_000001a0e92941eb_0004e1-done input_chars=22
2026-09-28T17:56:30.316439Z  INFO lingxi_service: request handled request_id=req-89ed3697b66512248f08d140333518a9 method=POST path=/lingxi/v1/sessions/sess_local_alpha/execute status=200
2026-09-28T17:56:30.316968Z  INFO lingxi_service::sessions: run committed and published (post-commit) run_id=run_000001a0e92941ec_0004e2 session_id=sess_local_alpha events=run_000001a0e92941ec_0004e2-done input_chars=22
2026-09-28T17:56:30.317108Z  INFO lingxi_service: request handled request_id=req-6311234e035895e280c4d118e80b9e55 method=POST path=/lingxi/v1/sessions/sess_local_alpha/execute status=200
2026-09-28T17:56:30.317634Z  INFO lingxi_service::sessions: run committed and published (post-commit) run_id=run_000001a0e92941ed_0004e3 session_id=sess_local_alpha events=run_000001a0e92941ed_0004e3-done input_chars=22
2026-09-28T17:56:30.317773Z  INFO lingxi_service: request handled request_id=req-358f3ea42d03a4707d96d22159368daf method=POST path=/lingxi/v1/sessions/sess_local_alpha/execute status=200
2026-09-28T17:56:30.318323Z  INFO lingxi_service::sessions: run committed and published (post-commit) run_id=run_000001a0e92941ee_0004e4 session_id=sess_local_alpha events=run_000001a0e92941ee_0004e4-done input_chars=22
2026-09-28T17:56:30.318466Z  INFO lingxi_service: request handled request_id=req-7d5dc9ba957e5928b68fed5bda494a8b method=POST path=/lingxi/v1/sessions/sess_local_alpha/execute status=200
2026-09-28T17:56:30.318993Z  INFO lingxi_service::sessions: run committed and published (post-commit) run_id=run_000001a0e92941ee_0004e5 session_id=sess_local_alpha events=run_000001a0e92941ee_0004e5-done input_chars=22
2026-09-28T17:56:30.319135Z  INFO lingxi_service: request handled request_id=req-f77819a7881208ba538dc9e13e25ee1f method=POST path=/lingxi/v1/sessions/sess_local_alpha/execute status=200
2026-09-28T17:56:30.319706Z  INFO lingxi_service::sessions: run committed and published (post-commit) run_id=run_000001a0e92941ef_0004e6 session_id=sess_local_alpha events=run_000001a0e92941ef_0004e6-done input_chars=22
2026-09-28T17:56:30.319846Z  INFO lingxi_service: request handled request_id=req-f2e304abca2e2c91353afd5938b9e079 method=POST path=/lingxi/v1/sessions/sess_local_alpha/execute status=200
2026-09-28T17:56:30.320402Z  INFO lingxi_service::sessions: run committed and published (post-commit) run_id=run_000001a0e92941f0_0004e7 session_id=sess_local_alpha events=run_000001a0e92941f0_0004e7-done input_chars=22
2026-09-28T17:56:30.320543Z  INFO lingxi_service: request handled request_id=req-35b71c11a215786ee2d62e73cc4650b8 method=POST path=/lingxi/v1/sessions/sess_local_alpha/execute status=200
2026-09-28T17:56:30.321075Z  INFO lingxi_service::sessions: run committed and published (post-commit) run_id=run_000001a0e92941f0_0004e8 session_id=sess_local_alpha events=run_000001a0e92941f0_0004e8-done input_chars=22
2026-09-28T17:56:30.321218Z  INFO lingxi_service: request handled request_id=req-3102acde570b8bf29aa59d8895fddff4 method=POST path=/lingxi/v1/sessions/sess_local_alpha/execute status=200
2026-09-28T17:56:30.321791Z  INFO lingxi_service::sessions: run committed and published (post-commit) run_id=run_000001a0e92941f1_0004e9 session_id=sess_local_alpha events=run_000001a0e92941f1_0004e9-done input_chars=22
2026-09-28T17:56:30.321933Z  INFO lingxi_service: request handled request_id=req-e8c8c0b8d7c34a9730a6e28e41d92a31 method=POST path=/lingxi/v1/sessions/sess_local_alpha/execute status=200
2026-09-28T17:56:30.322496Z  INFO lingxi_service::sessions: run committed and published (post-commit) run_id=run_000001a0e92941f2_0004ea session_id=sess_local_alpha events=run_000001a0e92941f2_0004ea-done input_chars=22
2026-09-28T17:56:30.322639Z  INFO lingxi_service: request handled request_id=req-42c12bb7c3903cf1df9f1b4de76d41a4 method=POST path=/lingxi/v1/sessions/sess_local_alpha/execute status=200
2026-09-28T17:56:30.323201Z  INFO lingxi_service::sessions: run committed and published (post-commit) run_id=run_000001a0e92941f2_0004eb session_id=sess_local_alpha events=run_000001a0e92941f2_0004eb-done input_chars=22
2026-09-28T17:56:30.323342Z  INFO lingxi_service: request handled request_id=req-65fd49dd53b4b5ace59168df6de24aab method=POST path=/lingxi/v1/sessions/sess_local_alpha/execute status=200
2026-09-28T17:56:30.323906Z  INFO lingxi_service::sessions: run committed and published (post-commit) run_id=run_000001a0e92941f3_0004ec session_id=sess_local_alpha events=run_000001a0e92941f3_0004ec-done input_chars=22
2026-09-28T17:56:30.324049Z  INFO lingxi_service: request handled request_id=req-ce38c55982db09e69f54bf6ad8f38ea7 method=POST path=/lingxi/v1/sessions/sess_local_alpha/execute status=200
2026-09-28T17:56:30.324626Z  INFO lingxi_service::sessions: run committed and published (post-commit) run_id=run_000001a0e92941f4_0004ed session_id=sess_local_alpha events=run_000001a0e92941f4_0004ed-done input_chars=22
2026-09-28T17:56:30.324768Z  INFO lingxi_service: request handled request_id=req-3ffe3d6c6498f84cf1b160c9dc041fd0 method=POST path=/lingxi/v1/sessions/sess_local_alpha/execute status=200
2026-09-28T17:56:30.325402Z  INFO lingxi_service::sessions: run committed and published (post-commit) run_id=run_000001a0e92941f5_0004ee session_id=sess_local_alpha events=run_000001a0e92941f5_0004ee-done input_chars=22
2026-09-28T17:56:30.325545Z  INFO lingxi_service: request handled request_id=req-b7ee9568f2a735c4597ab7aed80c10ac method=POST path=/lingxi/v1/sessions/sess_local_alpha/execute status=200
2026-09-28T17:56:30.326076Z  INFO lingxi_service::sessions: run committed and published (post-commit) run_id=run_000001a0e92941f5_0004ef session_id=sess_local_alpha events=run_000001a0e92941f5_0004ef-done input_chars=22
2026-09-28T17:56:30.326218Z  INFO lingxi_service: request handled request_id=req-af9a3c44a7baa1800a7bfd5083e3385a method=POST path=/lingxi/v1/sessions/sess_local_alpha/execute status=200
2026-09-28T17:56:30.326777Z  INFO lingxi_service::sessions: run committed and published (post-commit) run_id=run_000001a0e92941f6_0004f0 session_id=sess_local_alpha events=run_000001a0e92941f6_0004f0-done input_chars=22
2026-09-28T17:56:30.326919Z  INFO lingxi_service: request handled request_id=req-faf4b1b94798e316bf4c5458451d00f2 method=POST path=/lingxi/v1/sessions/sess_local_alpha/execute status=200
2026-09-28T17:56:30.327482Z  INFO lingxi_service::sessions: run committed and published (post-commit) run_id=run_000001a0e92941f7_0004f1 session_id=sess_local_alpha events=run_000001a0e92941f7_0004f1-done input_chars=22
2026-09-28T17:56:30.327624Z  INFO lingxi_service: request handled request_id=req-f0d65336f12c481a3cd39b29845e980f method=POST path=/lingxi/v1/sessions/sess_local_alpha/execute status=200
2026-09-28T17:56:30.328278Z  INFO lingxi_service::sessions: run committed and published (post-commit) run_id=run_000001a0e92941f7_0004f2 session_id=sess_local_alpha events=run_000001a0e92941f7_0004f2-done input_chars=22
2026-09-28T17:56:30.328422Z  INFO lingxi_service: request handled request_id=req-e1bc79d5724631b42ff6720a84136460 method=POST path=/lingxi/v1/sessions/sess_local_alpha/execute status=200
2026-09-28T17:56:30.328952Z  INFO lingxi_service::sessions: run committed and published (post-commit) run_id=run_000001a0e92941f8_0004f3 session_id=sess_local_alpha events=run_000001a0e92941f8_0004f3-done input_chars=22
2026-09-28T17:56:30.329093Z  INFO lingxi_service: request handled request_id=req-0de89506a5ff02988f118f21d3bf7cd3 method=POST path=/lingxi/v1/sessions/sess_local_alpha/execute status=200
2026-09-28T17:56:30.329652Z  INFO lingxi_service::sessions: run committed and published (post-commit) run_id=run_000001a0e92941f9_0004f4 session_id=sess_local_alpha events=run_000001a0e92941f9_0004f4-done input_chars=22
2026-09-28T17:56:30.329796Z  INFO lingxi_service: request handled request_id=req-c46ff19630cdaacfea78b37e49b56f78 method=POST path=/lingxi/v1/sessions/sess_local_alpha/execute status=200
2026-09-28T17:56:30.330378Z  INFO lingxi_service::sessions: run committed and published (post-commit) run_id=run_000001a0e92941fa_0004f5 session_id=sess_local_alpha events=run_000001a0e92941fa_0004f5-done input_chars=22
2026-09-28T17:56:30.330519Z  INFO lingxi_service: request handled request_id=req-9d293aa3adbd0746b8dc84f93d01b2a2 method=POST path=/lingxi/v1/sessions/sess_local_alpha/execute status=200
2026-09-28T17:56:30.331067Z  INFO lingxi_service::sessions: run committed and published (post-commit) run_id=run_000001a0e92941fa_0004f6 session_id=sess_local_alpha events=run_000001a0e92941fa_0004f6-done input_chars=22
2026-09-28T17:56:30.331209Z  INFO lingxi_service: request handled request_id=req-6e48adb6b9b419f489681e4631793366 method=POST path=/lingxi/v1/sessions/sess_local_alpha/execute status=200
2026-09-28T17:56:30.331760Z  INFO lingxi_service::sessions: run committed and published (post-commit) run_id=run_000001a0e92941fb_0004f7 session_id=sess_local_alpha events=run_000001a0e92941fb_0004f7-done input_chars=22
2026-09-28T17:56:30.331903Z  INFO lingxi_service: request handled request_id=req-7b509ee5db1683fdc798551080a25611 method=POST path=/lingxi/v1/sessions/sess_local_alpha/execute status=200
2026-09-28T17:56:30.332841Z  INFO lingxi_service::sessions: run committed and published (post-commit) run_id=run_000001a0e92941fc_0004f8 session_id=sess_local_alpha events=run_000001a0e92941fc_0004f8-done input_chars=22
2026-09-28T17:56:30.332983Z  INFO lingxi_service: request handled request_id=req-9466bc4cc752aca4618f222735fbe6e2 method=POST path=/lingxi/v1/sessions/sess_local_alpha/execute status=200
2026-09-28T17:56:30.333541Z  INFO lingxi_service::sessions: run committed and published (post-commit) run_id=run_000001a0e92941fd_0004f9 session_id=sess_local_alpha events=run_000001a0e92941fd_0004f9-done input_chars=22
2026-09-28T17:56:30.333681Z  INFO lingxi_service: request handled request_id=req-00da43554fd069d745dd19ed35c75ea8 method=POST path=/lingxi/v1/sessions/sess_local_alpha/execute status=200
2026-09-28T17:56:30.334232Z  INFO lingxi_service::sessions: run committed and published (post-commit) run_id=run_000001a0e92941fd_0004fa session_id=sess_local_alpha events=run_000001a0e92941fd_0004fa-done input_chars=22
2026-09-28T17:56:30.334373Z  INFO lingxi_service: request handled request_id=req-f32dfd704f7edee04f7e11d500913d37 method=POST path=/lingxi/v1/sessions/sess_local_alpha/execute status=200
2026-09-28T17:56:30.334898Z  INFO lingxi_service::sessions: run committed and published (post-commit) run_id=run_000001a0e92941fe_0004fb session_id=sess_local_alpha events=run_000001a0e92941fe_0004fb-done input_chars=22
2026-09-28T17:56:30.335041Z  INFO lingxi_service: request handled request_id=req-2e7cd950abab54e27b69c600ae357037 method=POST path=/lingxi/v1/sessions/sess_local_alpha/execute status=200
2026-09-28T17:56:30.335639Z  INFO lingxi_service::sessions: run committed and published (post-commit) run_id=run_000001a0e92941ff_0004fc session_id=sess_local_alpha events=run_000001a0e92941ff_0004fc-done input_chars=22
2026-09-28T17:56:30.335782Z  INFO lingxi_service: request handled request_id=req-fcdf286a692ec1ace7d6e70c21612a47 method=POST path=/lingxi/v1/sessions/sess_local_alpha/execute status=200
2026-09-28T17:56:30.336315Z  INFO lingxi_service::sessions: run committed and published (post-commit) run_id=run_000001a0e9294200_0004fd session_id=sess_local_alpha events=run_000001a0e9294200_0004fd-done input_chars=22
2026-09-28T17:56:30.336462Z  INFO lingxi_service: request handled request_id=req-9430b33241f87ae29af0ad3dc6db2214 method=POST path=/lingxi/v1/sessions/sess_local_alpha/execute status=200
2026-09-28T17:56:30.337042Z  INFO lingxi_service::sessions: run committed and published (post-commit) run_id=run_000001a0e9294200_0004fe session_id=sess_local_alpha events=run_000001a0e9294200_0004fe-done input_chars=22
2026-09-28T17:56:30.337184Z  INFO lingxi_service: request handled request_id=req-fde42120e5f68b1fadd62c0eef7922aa method=POST path=/lingxi/v1/sessions/sess_local_alpha/execute status=200
2026-09-28T17:56:30.337744Z  INFO lingxi_service::sessions: run committed and published (post-commit) run_id=run_000001a0e9294201_0004ff session_id=sess_local_alpha events=run_000001a0e9294201_0004ff-done input_chars=22
2026-09-28T17:56:30.337884Z  INFO lingxi_service: request handled request_id=req-b21b7a32a8a03c9a7b1527c0ec134c3b method=POST path=/lingxi/v1/sessions/sess_local_alpha/execute status=200
2026-09-28T17:56:30.338434Z  INFO lingxi_service::sessions: run committed and published (post-commit) run_id=run_000001a0e9294202_000500 session_id=sess_local_alpha events=run_000001a0e9294202_000500-done input_chars=22
2026-09-28T17:56:30.338581Z  INFO lingxi_service: request handled request_id=req-db146c84d19a45d48d2acfdd05b5f012 method=POST path=/lingxi/v1/sessions/sess_local_alpha/execute status=200
2026-09-28T17:56:30.339113Z  INFO lingxi_service::sessions: run committed and published (post-commit) run_id=run_000001a0e9294202_000501 session_id=sess_local_alpha events=run_000001a0e9294202_000501-done input_chars=22
2026-09-28T17:56:30.339254Z  INFO lingxi_service: request handled request_id=req-706d0a8fb633a931929161644191f620 method=POST path=/lingxi/v1/sessions/sess_local_alpha/execute status=200
2026-09-28T17:56:30.339831Z  INFO lingxi_service::sessions: run committed and published (post-commit) run_id=run_000001a0e9294203_000502 session_id=sess_local_alpha events=run_000001a0e9294203_000502-done input_chars=22
2026-09-28T17:56:30.339974Z  INFO lingxi_service: request handled request_id=req-ddca93b2bbef2945c023a79019ed7a5a method=POST path=/lingxi/v1/sessions/sess_local_alpha/execute status=200
2026-09-28T17:56:30.340551Z  INFO lingxi_service::sessions: run committed and published (post-commit) run_id=run_000001a0e9294204_000503 session_id=sess_local_alpha events=run_000001a0e9294204_000503-done input_chars=22
2026-09-28T17:56:30.340694Z  INFO lingxi_service: request handled request_id=req-4540662ba4b1d0a1629d07524022cdca method=POST path=/lingxi/v1/sessions/sess_local_alpha/execute status=200
2026-09-28T17:56:30.341255Z  INFO lingxi_service::sessions: run committed and published (post-commit) run_id=run_000001a0e9294204_000504 session_id=sess_local_alpha events=run_000001a0e9294204_000504-done input_chars=22
2026-09-28T17:56:30.341398Z  INFO lingxi_service: request handled request_id=req-d4dfd09e2476a954d03d9ad68f866533 method=POST path=/lingxi/v1/sessions/sess_local_alpha/execute status=200
2026-09-28T17:56:30.341974Z  INFO lingxi_service::sessions: run committed and published (post-commit) run_id=run_000001a0e9294205_000505 session_id=sess_local_alpha events=run_000001a0e9294205_000505-done input_chars=22
2026-09-28T17:56:30.342119Z  INFO lingxi_service: request handled request_id=req-a751ef7f2e2a7d93805ffb2e878f93e4 method=POST path=/lingxi/v1/sessions/sess_local_alpha/execute status=200
2026-09-28T17:56:30.342773Z  INFO lingxi_service::sessions: run committed and published (post-commit) run_id=run_000001a0e9294206_000506 session_id=sess_local_alpha events=run_000001a0e9294206_000506-done input_chars=22
2026-09-28T17:56:30.342938Z  INFO lingxi_service: request handled request_id=req-3da29c8ac0969ed4cce05d2859e5f71d method=POST path=/lingxi/v1/sessions/sess_local_alpha/execute status=200
2026-09-28T17:56:30.343666Z  INFO lingxi_service::sessions: run committed and published (post-commit) run_id=run_000001a0e9294207_000507 session_id=sess_local_alpha events=run_000001a0e9294207_000507-done input_chars=22
2026-09-28T17:56:30.343828Z  INFO lingxi_service: request handled request_id=req-804499bd08b372757e8e127138c95d09 method=POST path=/lingxi/v1/sessions/sess_local_alpha/execute status=200
2026-09-28T17:56:30.344505Z  INFO lingxi_service::sessions: run committed and published (post-commit) run_id=run_000001a0e9294208_000508 session_id=sess_local_alpha events=run_000001a0e9294208_000508-done input_chars=22
2026-09-28T17:56:30.344658Z  INFO lingxi_service: request handled request_id=req-07f7bf874bae0dcea70181bb11643367 method=POST path=/lingxi/v1/sessions/sess_local_alpha/execute status=200
2026-09-28T17:56:30.345324Z  INFO lingxi_service::sessions: run committed and published (post-commit) run_id=run_000001a0e9294208_000509 session_id=sess_local_alpha events=run_000001a0e9294208_000509-done input_chars=22
2026-09-28T17:56:30.345471Z  INFO lingxi_service: request handled request_id=req-a023c24492926b656ad8e4743aeaa994 method=POST path=/lingxi/v1/sessions/sess_local_alpha/execute status=200
2026-09-28T17:56:30.346062Z  INFO lingxi_service::sessions: run committed and published (post-commit) run_id=run_000001a0e9294209_00050a session_id=sess_local_alpha events=run_000001a0e9294209_00050a-done input_chars=22
2026-09-28T17:56:30.346217Z  INFO lingxi_service: request handled request_id=req-1ffa3d579dba029f4c6983e5c988ad3d method=POST path=/lingxi/v1/sessions/sess_local_alpha/execute status=200
2026-09-28T17:56:30.346837Z  INFO lingxi_service::sessions: run committed and published (post-commit) run_id=run_000001a0e929420a_00050b session_id=sess_local_alpha events=run_000001a0e929420a_00050b-done input_chars=22
2026-09-28T17:56:30.346990Z  INFO lingxi_service: request handled request_id=req-0fcd85bc5e724dde8b933f1a435e14ea method=POST path=/lingxi/v1/sessions/sess_local_alpha/execute status=200
2026-09-28T17:56:30.347601Z  INFO lingxi_service::sessions: run committed and published (post-commit) run_id=run_000001a0e929420b_00050c session_id=sess_local_alpha events=run_000001a0e929420b_00050c-done input_chars=22
2026-09-28T17:56:30.347763Z  INFO lingxi_service: request handled request_id=req-2ae681a43212969d829bf1de52394d8a method=POST path=/lingxi/v1/sessions/sess_local_alpha/execute status=200
2026-09-28T17:56:30.348383Z  INFO lingxi_service::sessions: run committed and published (post-commit) run_id=run_000001a0e929420c_00050d session_id=sess_local_alpha events=run_000001a0e929420c_00050d-done input_chars=22
2026-09-28T17:56:30.348536Z  INFO lingxi_service: request handled request_id=req-ccc770c2b863b4b25aa647d32db3041b method=POST path=/lingxi/v1/sessions/sess_local_alpha/execute status=200
2026-09-28T17:56:30.349134Z  INFO lingxi_service::sessions: run committed and published (post-commit) run_id=run_000001a0e929420c_00050e session_id=sess_local_alpha events=run_000001a0e929420c_00050e-done input_chars=22
2026-09-28T17:56:30.349284Z  INFO lingxi_service: request handled request_id=req-161d6d8f919b7ad55cd713814547aae4 method=POST path=/lingxi/v1/sessions/sess_local_alpha/execute status=200
2026-09-28T17:56:30.349910Z  INFO lingxi_service::sessions: run committed and published (post-commit) run_id=run_000001a0e929420d_00050f session_id=sess_local_alpha events=run_000001a0e929420d_00050f-done input_chars=22
2026-09-28T17:56:30.350077Z  INFO lingxi_service: request handled request_id=req-24a200a7505418e542d2a902f9148a73 method=POST path=/lingxi/v1/sessions/sess_local_alpha/execute status=200
2026-09-28T17:56:30.350699Z  INFO lingxi_service::sessions: run committed and published (post-commit) run_id=run_000001a0e929420e_000510 session_id=sess_local_alpha events=run_000001a0e929420e_000510-done input_chars=22
2026-09-28T17:56:30.350852Z  INFO lingxi_service: request handled request_id=req-fe0a7511abf026d583c09835b69ce8b0 method=POST path=/lingxi/v1/sessions/sess_local_alpha/execute status=200
2026-09-28T17:56:30.351464Z  INFO lingxi_service::sessions: run committed and published (post-commit) run_id=run_000001a0e929420f_000511 session_id=sess_local_alpha events=run_000001a0e929420f_000511-done input_chars=22
2026-09-28T17:56:30.351621Z  INFO lingxi_service: request handled request_id=req-0be9c53bcc49ab2e792c333d53e74609 method=POST path=/lingxi/v1/sessions/sess_local_alpha/execute status=200
2026-09-28T17:56:30.352280Z  INFO lingxi_service::sessions: run committed and published (post-commit) run_id=run_000001a0e929420f_000512 session_id=sess_local_alpha events=run_000001a0e929420f_000512-done input_chars=22
2026-09-28T17:56:30.352437Z  INFO lingxi_service: request handled request_id=req-6cf8facb699f5ad70fb749a1d979a32b method=POST path=/lingxi/v1/sessions/sess_local_alpha/execute status=200
2026-09-28T17:56:30.353041Z  INFO lingxi_service::sessions: run committed and published (post-commit) run_id=run_000001a0e9294210_000513 session_id=sess_local_alpha events=run_000001a0e9294210_000513-done input_chars=22
2026-09-28T17:56:30.353191Z  INFO lingxi_service: request handled request_id=req-69baf5036f2813a3f987c0bfbfe11587 method=POST path=/lingxi/v1/sessions/sess_local_alpha/execute status=200
2026-09-28T17:56:30.353772Z  INFO lingxi_service::sessions: run committed and published (post-commit) run_id=run_000001a0e9294211_000514 session_id=sess_local_alpha events=run_000001a0e9294211_000514-done input_chars=22
2026-09-28T17:56:30.353921Z  INFO lingxi_service: request handled request_id=req-81d0d0cf513699b227f0d579501acde2 method=POST path=/lingxi/v1/sessions/sess_local_alpha/execute status=200
2026-09-28T17:56:30.354545Z  INFO lingxi_service::sessions: run committed and published (post-commit) run_id=run_000001a0e9294212_000515 session_id=sess_local_alpha events=run_000001a0e9294212_000515-done input_chars=22
2026-09-28T17:56:30.354696Z  INFO lingxi_service: request handled request_id=req-40253ba4d84e54f9f83082c432270567 method=POST path=/lingxi/v1/sessions/sess_local_alpha/execute status=200
2026-09-28T17:56:30.355374Z  INFO lingxi_service::sessions: run committed and published (post-commit) run_id=run_000001a0e9294212_000516 session_id=sess_local_alpha events=run_000001a0e9294212_000516-done input_chars=22
2026-09-28T17:56:30.355525Z  INFO lingxi_service: request handled request_id=req-f54ce1c66b5a733fc8acb57d17c828d2 method=POST path=/lingxi/v1/sessions/sess_local_alpha/execute status=200
2026-09-28T17:56:30.356140Z  INFO lingxi_service::sessions: run committed and published (post-commit) run_id=run_000001a0e9294213_000517 session_id=sess_local_alpha events=run_000001a0e9294213_000517-done input_chars=22
2026-09-28T17:56:30.356290Z  INFO lingxi_service: request handled request_id=req-83bf39b9e78784e13b563e02058b2e7b method=POST path=/lingxi/v1/sessions/sess_local_alpha/execute status=200
2026-09-28T17:56:30.356963Z  INFO lingxi_service::sessions: run committed and published (post-commit) run_id=run_000001a0e9294214_000518 session_id=sess_local_alpha events=run_000001a0e9294214_000518-done input_chars=22
2026-09-28T17:56:30.357121Z  INFO lingxi_service: request handled request_id=req-57fec4284ab8da39ae5cc1ec3af47517 method=POST path=/lingxi/v1/sessions/sess_local_alpha/execute status=200
2026-09-28T17:56:30.357831Z  INFO lingxi_service::sessions: run committed and published (post-commit) run_id=run_000001a0e9294215_000519 session_id=sess_local_alpha events=run_000001a0e9294215_000519-done input_chars=22
2026-09-28T17:56:30.357991Z  INFO lingxi_service: request handled request_id=req-217ba58b37d35a4f952315a1b2756eb0 method=POST path=/lingxi/v1/sessions/sess_local_alpha/execute status=200
2026-09-28T17:56:30.358654Z  INFO lingxi_service::sessions: run committed and published (post-commit) run_id=run_000001a0e9294216_00051a session_id=sess_local_alpha events=run_000001a0e9294216_00051a-done input_chars=22
2026-09-28T17:56:30.358806Z  INFO lingxi_service: request handled request_id=req-d0131d1e23ba8454581a2d02f36cc8eb method=POST path=/lingxi/v1/sessions/sess_local_alpha/execute status=200
2026-09-28T17:56:30.359416Z  INFO lingxi_service::sessions: run committed and published (post-commit) run_id=run_000001a0e9294217_00051b session_id=sess_local_alpha events=run_000001a0e9294217_00051b-done input_chars=22
2026-09-28T17:56:30.359564Z  INFO lingxi_service: request handled request_id=req-1772f540b7d507dbc73c0e1d1da7cd39 method=POST path=/lingxi/v1/sessions/sess_local_alpha/execute status=200
2026-09-28T17:56:30.360156Z  INFO lingxi_service::sessions: run committed and published (post-commit) run_id=run_000001a0e9294217_00051c session_id=sess_local_alpha events=run_000001a0e9294217_00051c-done input_chars=22
2026-09-28T17:56:30.360306Z  INFO lingxi_service: request handled request_id=req-0597c517d4971560d5efb7f7e266f61f method=POST path=/lingxi/v1/sessions/sess_local_alpha/execute status=200
2026-09-28T17:56:30.360935Z  INFO lingxi_service::sessions: run committed and published (post-commit) run_id=run_000001a0e9294218_00051d session_id=sess_local_alpha events=run_000001a0e9294218_00051d-done input_chars=22
2026-09-28T17:56:30.361087Z  INFO lingxi_service: request handled request_id=req-9ff3d9e7d3322e3b89214a3e6d58ce3d method=POST path=/lingxi/v1/sessions/sess_local_alpha/execute status=200
2026-09-28T17:56:30.361715Z  INFO lingxi_service::sessions: run committed and published (post-commit) run_id=run_000001a0e9294219_00051e session_id=sess_local_alpha events=run_000001a0e9294219_00051e-done input_chars=22
2026-09-28T17:56:30.361866Z  INFO lingxi_service: request handled request_id=req-d749d97bce1effe764d3fb167846a476 method=POST path=/lingxi/v1/sessions/sess_local_alpha/execute status=200
2026-09-28T17:56:30.362566Z  INFO lingxi_service::sessions: run committed and published (post-commit) run_id=run_000001a0e929421a_00051f session_id=sess_local_alpha events=run_000001a0e929421a_00051f-done input_chars=22
2026-09-28T17:56:30.362718Z  INFO lingxi_service: request handled request_id=req-ea002e87294804df1168250d7c59e6e9 method=POST path=/lingxi/v1/sessions/sess_local_alpha/execute status=200
2026-09-28T17:56:30.363333Z  INFO lingxi_service::sessions: run committed and published (post-commit) run_id=run_000001a0e929421a_000520 session_id=sess_local_alpha events=run_000001a0e929421a_000520-done input_chars=22
2026-09-28T17:56:30.363493Z  INFO lingxi_service: request handled request_id=req-737243f0ca24932d27abe741f6cee13c method=POST path=/lingxi/v1/sessions/sess_local_alpha/execute status=200
2026-09-28T17:56:30.364127Z  INFO lingxi_service::sessions: run committed and published (post-commit) run_id=run_000001a0e929421b_000521 session_id=sess_local_alpha events=run_000001a0e929421b_000521-done input_chars=22
2026-09-28T17:56:30.364281Z  INFO lingxi_service: request handled request_id=req-c5bf89182c7e0070c3fb5c70c9595203 method=POST path=/lingxi/v1/sessions/sess_local_alpha/execute status=200
2026-09-28T17:56:30.364892Z  INFO lingxi_service::sessions: run committed and published (post-commit) run_id=run_000001a0e929421c_000522 session_id=sess_local_alpha events=run_000001a0e929421c_000522-done input_chars=22
2026-09-28T17:56:30.365051Z  INFO lingxi_service: request handled request_id=req-19d5cf591709dee087133d9e76409d2e method=POST path=/lingxi/v1/sessions/sess_local_alpha/execute status=200
2026-09-28T17:56:30.365668Z  INFO lingxi_service::sessions: run committed and published (post-commit) run_id=run_000001a0e929421d_000523 session_id=sess_local_alpha events=run_000001a0e929421d_000523-done input_chars=22
2026-09-28T17:56:30.365827Z  INFO lingxi_service: request handled request_id=req-0b79116ae17e9dc752d3ef2a0776b47b method=POST path=/lingxi/v1/sessions/sess_local_alpha/execute status=200
2026-09-28T17:56:30.366413Z  INFO lingxi_service::sessions: run committed and published (post-commit) run_id=run_000001a0e929421e_000524 session_id=sess_local_alpha events=run_000001a0e929421e_000524-done input_chars=22
2026-09-28T17:56:30.366571Z  INFO lingxi_service: request handled request_id=req-3c71834a1d92bffa1859c1d1b8cd4c1e method=POST path=/lingxi/v1/sessions/sess_local_alpha/execute status=200
2026-09-28T17:56:30.367183Z  INFO lingxi_service::sessions: run committed and published (post-commit) run_id=run_000001a0e929421e_000525 session_id=sess_local_alpha events=run_000001a0e929421e_000525-done input_chars=22
2026-09-28T17:56:30.367339Z  INFO lingxi_service: request handled request_id=req-e1465f1e2a08dc35f029647f3877fd5e method=POST path=/lingxi/v1/sessions/sess_local_alpha/execute status=200
2026-09-28T17:56:30.367957Z  INFO lingxi_service::sessions: run committed and published (post-commit) run_id=run_000001a0e929421f_000526 session_id=sess_local_alpha events=run_000001a0e929421f_000526-done input_chars=22
2026-09-28T17:56:30.368109Z  INFO lingxi_service: request handled request_id=req-f121bf96d971c5a94813126ae8cc7f19 method=POST path=/lingxi/v1/sessions/sess_local_alpha/execute status=200
2026-09-28T17:56:30.368725Z  INFO lingxi_service::sessions: run committed and published (post-commit) run_id=run_000001a0e9294220_000527 session_id=sess_local_alpha events=run_000001a0e9294220_000527-done input_chars=22
2026-09-28T17:56:30.368878Z  INFO lingxi_service: request handled request_id=req-4d509b9fd36114da50360d32c049af9a method=POST path=/lingxi/v1/sessions/sess_local_alpha/execute status=200
2026-09-28T17:56:30.369459Z  INFO lingxi_service::sessions: run committed and published (post-commit) run_id=run_000001a0e9294221_000528 session_id=sess_local_alpha events=run_000001a0e9294221_000528-done input_chars=22
2026-09-28T17:56:30.369613Z  INFO lingxi_service: request handled request_id=req-6c24bc4864fa384cfea352a0d084a3ec method=POST path=/lingxi/v1/sessions/sess_local_alpha/execute status=200
2026-09-28T17:56:30.370232Z  INFO lingxi_service::sessions: run committed and published (post-commit) run_id=run_000001a0e9294221_000529 session_id=sess_local_alpha events=run_000001a0e9294221_000529-done input_chars=22
2026-09-28T17:56:30.370384Z  INFO lingxi_service: request handled request_id=req-f687a7c8261f5573f1dc8db978c6bc32 method=POST path=/lingxi/v1/sessions/sess_local_alpha/execute status=200
2026-09-28T17:56:30.370979Z  INFO lingxi_service::sessions: run committed and published (post-commit) run_id=run_000001a0e9294222_00052a session_id=sess_local_alpha events=run_000001a0e9294222_00052a-done input_chars=22
2026-09-28T17:56:30.371137Z  INFO lingxi_service: request handled request_id=req-39dd9871b9a1021c1d77824a74a1bc56 method=POST path=/lingxi/v1/sessions/sess_local_alpha/execute status=200
2026-09-28T17:56:30.371780Z  INFO lingxi_service::sessions: run committed and published (post-commit) run_id=run_000001a0e9294223_00052b session_id=sess_local_alpha events=run_000001a0e9294223_00052b-done input_chars=22
2026-09-28T17:56:30.371942Z  INFO lingxi_service: request handled request_id=req-16a0f87aace340456807597c9da85c78 method=POST path=/lingxi/v1/sessions/sess_local_alpha/execute status=200
2026-09-28T17:56:30.372534Z  INFO lingxi_service::sessions: run committed and published (post-commit) run_id=run_000001a0e9294224_00052c session_id=sess_local_alpha events=run_000001a0e9294224_00052c-done input_chars=22
2026-09-28T17:56:30.372688Z  INFO lingxi_service: request handled request_id=req-c16f992f91e0b7c8efbc3218542be444 method=POST path=/lingxi/v1/sessions/sess_local_alpha/execute status=200
2026-09-28T17:56:30.373455Z  INFO lingxi_service::sessions: run committed and published (post-commit) run_id=run_000001a0e9294224_00052d session_id=sess_local_alpha events=run_000001a0e9294224_00052d-done input_chars=22
2026-09-28T17:56:30.373647Z  INFO lingxi_service: request handled request_id=req-b059482a22159afaced812f65720ac33 method=POST path=/lingxi/v1/sessions/sess_local_alpha/execute status=200
2026-09-28T17:56:30.375782Z  INFO lingxi_service::sessions: run committed and published (post-commit) run_id=run_000001a0e9294227_00052e session_id=sess_local_alpha events=run_000001a0e9294227_00052e-done input_chars=22
2026-09-28T17:56:30.375955Z  INFO lingxi_service: request handled request_id=req-a9cc9be3c3953bc798006a0ff1fea779 method=POST path=/lingxi/v1/sessions/sess_local_alpha/execute status=200
2026-09-28T17:56:30.377026Z  INFO lingxi_service::sessions: run committed and published (post-commit) run_id=run_000001a0e9294228_00052f session_id=sess_local_alpha events=run_000001a0e9294228_00052f-done input_chars=22
2026-09-28T17:56:30.377178Z  INFO lingxi_service: request handled request_id=req-f1ef3298afd0fb0b5cec4b88ca6cced4 method=POST path=/lingxi/v1/sessions/sess_local_alpha/execute status=200
2026-09-28T17:56:30.377787Z  INFO lingxi_service::sessions: run committed and published (post-commit) run_id=run_000001a0e9294229_000530 session_id=sess_local_alpha events=run_000001a0e9294229_000530-done input_chars=22
2026-09-28T17:56:30.377933Z  INFO lingxi_service: request handled request_id=req-ef79a18a1bda3783094b74b6b33d309b method=POST path=/lingxi/v1/sessions/sess_local_alpha/execute status=200
2026-09-28T17:56:30.378620Z  INFO lingxi_service::sessions: run committed and published (post-commit) run_id=run_000001a0e929422a_000531 session_id=sess_local_alpha events=run_000001a0e929422a_000531-done input_chars=22
2026-09-28T17:56:30.378782Z  INFO lingxi_service: request handled request_id=req-0179efabb8b74bea11b895c45a26332e method=POST path=/lingxi/v1/sessions/sess_local_alpha/execute status=200
2026-09-28T17:56:30.379380Z  INFO lingxi_service::sessions: run committed and published (post-commit) run_id=run_000001a0e929422b_000532 session_id=sess_local_alpha events=run_000001a0e929422b_000532-done input_chars=22
2026-09-28T17:56:30.379534Z  INFO lingxi_service: request handled request_id=req-e0a44599977df9c2f1a5e9a7a2004bf7 method=POST path=/lingxi/v1/sessions/sess_local_alpha/execute status=200
2026-09-28T17:56:30.380145Z  INFO lingxi_service::sessions: run committed and published (post-commit) run_id=run_000001a0e929422b_000533 session_id=sess_local_alpha events=run_000001a0e929422b_000533-done input_chars=22
2026-09-28T17:56:30.380293Z  INFO lingxi_service: request handled request_id=req-969fb21e878ffac62034e20e92630f3d method=POST path=/lingxi/v1/sessions/sess_local_alpha/execute status=200
2026-09-28T17:56:30.380844Z  INFO lingxi_service::sessions: run committed and published (post-commit) run_id=run_000001a0e929422c_000534 session_id=sess_local_alpha events=run_000001a0e929422c_000534-done input_chars=22
2026-09-28T17:56:30.380997Z  INFO lingxi_service: request handled request_id=req-ceacfabbb8e8f3683103430df33946f1 method=POST path=/lingxi/v1/sessions/sess_local_alpha/execute status=200
2026-09-28T17:56:30.381620Z  INFO lingxi_service::sessions: run committed and published (post-commit) run_id=run_000001a0e929422d_000535 session_id=sess_local_alpha events=run_000001a0e929422d_000535-done input_chars=22
2026-09-28T17:56:30.381767Z  INFO lingxi_service: request handled request_id=req-ca246a319cc3cc5b57c59875239a1422 method=POST path=/lingxi/v1/sessions/sess_local_alpha/execute status=200
2026-09-28T17:56:30.382341Z  INFO lingxi_service::sessions: run committed and published (post-commit) run_id=run_000001a0e929422e_000536 session_id=sess_local_alpha events=run_000001a0e929422e_000536-done input_chars=22
2026-09-28T17:56:30.382491Z  INFO lingxi_service: request handled request_id=req-cbccee78638414d83f0f97002b1d3553 method=POST path=/lingxi/v1/sessions/sess_local_alpha/execute status=200
2026-09-28T17:56:30.383050Z  INFO lingxi_service::sessions: run committed and published (post-commit) run_id=run_000001a0e929422e_000537 session_id=sess_local_alpha events=run_000001a0e929422e_000537-done input_chars=22
2026-09-28T17:56:30.383200Z  INFO lingxi_service: request handled request_id=req-3592b433713397a2e99bb585f96b031e method=POST path=/lingxi/v1/sessions/sess_local_alpha/execute status=200
2026-09-28T17:56:30.383775Z  INFO lingxi_service::sessions: run committed and published (post-commit) run_id=run_000001a0e929422f_000538 session_id=sess_local_alpha events=run_000001a0e929422f_000538-done input_chars=22
2026-09-28T17:56:30.383926Z  INFO lingxi_service: request handled request_id=req-6a1e4f61eba38a5baf7e41b60a6e04a1 method=POST path=/lingxi/v1/sessions/sess_local_alpha/execute status=200
2026-09-28T17:56:30.384529Z  INFO lingxi_service::sessions: run committed and published (post-commit) run_id=run_000001a0e9294230_000539 session_id=sess_local_alpha events=run_000001a0e9294230_000539-done input_chars=22
2026-09-28T17:56:30.384685Z  INFO lingxi_service: request handled request_id=req-a03ff6e597815a32ecf7d5350ad92bed method=POST path=/lingxi/v1/sessions/sess_local_alpha/execute status=200
2026-09-28T17:56:30.385249Z  INFO lingxi_service::sessions: run committed and published (post-commit) run_id=run_000001a0e9294230_00053a session_id=sess_local_alpha events=run_000001a0e9294230_00053a-done input_chars=22
2026-09-28T17:56:30.385401Z  INFO lingxi_service: request handled request_id=req-8336faddc3033d06754bff4216e21635 method=POST path=/lingxi/v1/sessions/sess_local_alpha/execute status=200
2026-09-28T17:56:30.386003Z  INFO lingxi_service::sessions: run committed and published (post-commit) run_id=run_000001a0e9294231_00053b session_id=sess_local_alpha events=run_000001a0e9294231_00053b-done input_chars=22
2026-09-28T17:56:30.386150Z  INFO lingxi_service: request handled request_id=req-75a841d40f50601ebfe0d4f387ddeb44 method=POST path=/lingxi/v1/sessions/sess_local_alpha/execute status=200
2026-09-28T17:56:30.386704Z  INFO lingxi_service::sessions: run committed and published (post-commit) run_id=run_000001a0e9294232_00053c session_id=sess_local_alpha events=run_000001a0e9294232_00053c-done input_chars=22
2026-09-28T17:56:30.386856Z  INFO lingxi_service: request handled request_id=req-63517c2cae8ecb0990fc59e234a9d795 method=POST path=/lingxi/v1/sessions/sess_local_alpha/execute status=200
2026-09-28T17:56:30.387423Z  INFO lingxi_service::sessions: run committed and published (post-commit) run_id=run_000001a0e9294233_00053d session_id=sess_local_alpha events=run_000001a0e9294233_00053d-done input_chars=22
2026-09-28T17:56:30.387573Z  INFO lingxi_service: request handled request_id=req-820900d297165296209fcf6c8c486384 method=POST path=/lingxi/v1/sessions/sess_local_alpha/execute status=200
2026-09-28T17:56:30.388205Z  INFO lingxi_service::sessions: run committed and published (post-commit) run_id=run_000001a0e9294233_00053e session_id=sess_local_alpha events=run_000001a0e9294233_00053e-done input_chars=22
2026-09-28T17:56:30.388353Z  INFO lingxi_service: request handled request_id=req-b4b3f8ef6a528b7e82e18115eaba4f95 method=POST path=/lingxi/v1/sessions/sess_local_alpha/execute status=200
2026-09-28T17:56:30.388988Z  INFO lingxi_service::sessions: run committed and published (post-commit) run_id=run_000001a0e9294234_00053f session_id=sess_local_alpha events=run_000001a0e9294234_00053f-done input_chars=22
2026-09-28T17:56:30.389143Z  INFO lingxi_service: request handled request_id=req-dc6aa2de26332131f6bab21d26feb60b method=POST path=/lingxi/v1/sessions/sess_local_alpha/execute status=200
2026-09-28T17:56:30.389751Z  INFO lingxi_service::sessions: run committed and published (post-commit) run_id=run_000001a0e9294235_000540 session_id=sess_local_alpha events=run_000001a0e9294235_000540-done input_chars=22
2026-09-28T17:56:30.389901Z  INFO lingxi_service: request handled request_id=req-f4b91ff377ecc161763184ce8f85ba43 method=POST path=/lingxi/v1/sessions/sess_local_alpha/execute status=200
2026-09-28T17:56:30.390469Z  INFO lingxi_service::sessions: run committed and published (post-commit) run_id=run_000001a0e9294236_000541 session_id=sess_local_alpha events=run_000001a0e9294236_000541-done input_chars=22
2026-09-28T17:56:30.390628Z  INFO lingxi_service: request handled request_id=req-5dab541b341623917954725bb15259de method=POST path=/lingxi/v1/sessions/sess_local_alpha/execute status=200
2026-09-28T17:56:30.391239Z  INFO lingxi_service::sessions: run committed and published (post-commit) run_id=run_000001a0e9294236_000542 session_id=sess_local_alpha events=run_000001a0e9294236_000542-done input_chars=22
2026-09-28T17:56:30.391386Z  INFO lingxi_service: request handled request_id=req-e0637acfe09bb1edfa823ca2ee4a7e4d method=POST path=/lingxi/v1/sessions/sess_local_alpha/execute status=200
2026-09-28T17:56:30.391934Z  INFO lingxi_service::sessions: run committed and published (post-commit) run_id=run_000001a0e9294237_000543 session_id=sess_local_alpha events=run_000001a0e9294237_000543-done input_chars=22
2026-09-28T17:56:30.392078Z  INFO lingxi_service: request handled request_id=req-41018eb15f267e4cf40b7303f2b3ca44 method=POST path=/lingxi/v1/sessions/sess_local_alpha/execute status=200
2026-09-28T17:56:30.392613Z  INFO lingxi_service::sessions: run committed and published (post-commit) run_id=run_000001a0e9294238_000544 session_id=sess_local_alpha events=run_000001a0e9294238_000544-done input_chars=22
2026-09-28T17:56:30.392760Z  INFO lingxi_service: request handled request_id=req-ef29f4029251e3d395691e8bc7a07f7a method=POST path=/lingxi/v1/sessions/sess_local_alpha/execute status=200
2026-09-28T17:56:30.393346Z  INFO lingxi_service::sessions: run committed and published (post-commit) run_id=run_000001a0e9294238_000545 session_id=sess_local_alpha events=run_000001a0e9294238_000545-done input_chars=22
2026-09-28T17:56:30.393495Z  INFO lingxi_service: request handled request_id=req-09681275a5c1abfe4a391602e8692818 method=POST path=/lingxi/v1/sessions/sess_local_alpha/execute status=200
2026-09-28T17:56:30.394052Z  INFO lingxi_service::sessions: run committed and published (post-commit) run_id=run_000001a0e9294239_000546 session_id=sess_local_alpha events=run_000001a0e9294239_000546-done input_chars=22
2026-09-28T17:56:30.394203Z  INFO lingxi_service: request handled request_id=req-4f2d693cb2d2eb7e6eb9a844bd5cab10 method=POST path=/lingxi/v1/sessions/sess_local_alpha/execute status=200
2026-09-28T17:56:30.394891Z  INFO lingxi_service::sessions: run committed and published (post-commit) run_id=run_000001a0e929423a_000547 session_id=sess_local_alpha events=run_000001a0e929423a_000547-done input_chars=22
2026-09-28T17:56:30.395045Z  INFO lingxi_service: request handled request_id=req-9245432519e5109633c13dd87ecb6a2e method=POST path=/lingxi/v1/sessions/sess_local_alpha/execute status=200
2026-09-28T17:56:30.395692Z  INFO lingxi_service::sessions: run committed and published (post-commit) run_id=run_000001a0e929423b_000548 session_id=sess_local_alpha events=run_000001a0e929423b_000548-done input_chars=22
2026-09-28T17:56:30.395850Z  INFO lingxi_service: request handled request_id=req-d93602d7ecab5f0f701f0a8488cd68a3 method=POST path=/lingxi/v1/sessions/sess_local_alpha/execute status=200
2026-09-28T17:56:30.396450Z  INFO lingxi_service::sessions: run committed and published (post-commit) run_id=run_000001a0e929423c_000549 session_id=sess_local_alpha events=run_000001a0e929423c_000549-done input_chars=22
2026-09-28T17:56:30.396603Z  INFO lingxi_service: request handled request_id=req-e44d014f8dcb6a6980433c61235affac method=POST path=/lingxi/v1/sessions/sess_local_alpha/execute status=200
2026-09-28T17:56:30.397217Z  INFO lingxi_service::sessions: run committed and published (post-commit) run_id=run_000001a0e929423c_00054a session_id=sess_local_alpha events=run_000001a0e929423c_00054a-done input_chars=22
2026-09-28T17:56:30.397370Z  INFO lingxi_service: request handled request_id=req-43d15f1072772def4a28e098990c2b02 method=POST path=/lingxi/v1/sessions/sess_local_alpha/execute status=200
2026-09-28T17:56:30.398046Z  INFO lingxi_service::sessions: run committed and published (post-commit) run_id=run_000001a0e929423d_00054b session_id=sess_local_alpha events=run_000001a0e929423d_00054b-done input_chars=22
2026-09-28T17:56:30.398207Z  INFO lingxi_service: request handled request_id=req-edb74a2548e7f3baa00cbcfff5a4abdf method=POST path=/lingxi/v1/sessions/sess_local_alpha/execute status=200
2026-09-28T17:56:30.398825Z  INFO lingxi_service::sessions: run committed and published (post-commit) run_id=run_000001a0e929423e_00054c session_id=sess_local_alpha events=run_000001a0e929423e_00054c-done input_chars=22
2026-09-28T17:56:30.398982Z  INFO lingxi_service: request handled request_id=req-2e46d262c23bb7db3aaf8e3c301320f0 method=POST path=/lingxi/v1/sessions/sess_local_alpha/execute status=200
2026-09-28T17:56:30.399638Z  INFO lingxi_service::sessions: run committed and published (post-commit) run_id=run_000001a0e929423f_00054d session_id=sess_local_alpha events=run_000001a0e929423f_00054d-done input_chars=22
2026-09-28T17:56:30.399797Z  INFO lingxi_service: request handled request_id=req-2486d37f486e582c6abe0e0b6f64b117 method=POST path=/lingxi/v1/sessions/sess_local_alpha/execute status=200
2026-09-28T17:56:30.400471Z  INFO lingxi_service::sessions: run committed and published (post-commit) run_id=run_000001a0e9294240_00054e session_id=sess_local_alpha events=run_000001a0e9294240_00054e-done input_chars=22
2026-09-28T17:56:30.400628Z  INFO lingxi_service: request handled request_id=req-609a231ada34c36f1f2e2abd3a0e3a33 method=POST path=/lingxi/v1/sessions/sess_local_alpha/execute status=200
2026-09-28T17:56:30.401207Z  INFO lingxi_service::sessions: run committed and published (post-commit) run_id=run_000001a0e9294240_00054f session_id=sess_local_alpha events=run_000001a0e9294240_00054f-done input_chars=22
2026-09-28T17:56:30.401358Z  INFO lingxi_service: request handled request_id=req-83d2e5bb063bf07029b88d3a94a5615d method=POST path=/lingxi/v1/sessions/sess_local_alpha/execute status=200
2026-09-28T17:56:30.401972Z  INFO lingxi_service::sessions: run committed and published (post-commit) run_id=run_000001a0e9294241_000550 session_id=sess_local_alpha events=run_000001a0e9294241_000550-done input_chars=22
2026-09-28T17:56:30.402127Z  INFO lingxi_service: request handled request_id=req-a6ea64c73d3dc7ff3bec9716ff0e8305 method=POST path=/lingxi/v1/sessions/sess_local_alpha/execute status=200
2026-09-28T17:56:30.402737Z  INFO lingxi_service::sessions: run committed and published (post-commit) run_id=run_000001a0e9294242_000551 session_id=sess_local_alpha events=run_000001a0e9294242_000551-done input_chars=22
2026-09-28T17:56:30.402894Z  INFO lingxi_service: request handled request_id=req-9e10584a5d5d9e71f09e99b38d8c6a30 method=POST path=/lingxi/v1/sessions/sess_local_alpha/execute status=200
2026-09-28T17:56:30.403485Z  INFO lingxi_service::sessions: run committed and published (post-commit) run_id=run_000001a0e9294243_000552 session_id=sess_local_alpha events=run_000001a0e9294243_000552-done input_chars=22
2026-09-28T17:56:30.403637Z  INFO lingxi_service: request handled request_id=req-c3d20953a4aaa4ea1492ff65e82d8b06 method=POST path=/lingxi/v1/sessions/sess_local_alpha/execute status=200
2026-09-28T17:56:30.404241Z  INFO lingxi_service::sessions: run committed and published (post-commit) run_id=run_000001a0e9294243_000553 session_id=sess_local_alpha events=run_000001a0e9294243_000553-done input_chars=22
2026-09-28T17:56:30.404397Z  INFO lingxi_service: request handled request_id=req-502d05748b4ef3876527f0bcf131bd10 method=POST path=/lingxi/v1/sessions/sess_local_alpha/execute status=200
2026-09-28T17:56:30.404983Z  INFO lingxi_service::sessions: run committed and published (post-commit) run_id=run_000001a0e9294244_000554 session_id=sess_local_alpha events=run_000001a0e9294244_000554-done input_chars=22
2026-09-28T17:56:30.405137Z  INFO lingxi_service: request handled request_id=req-b17403a1b334323132e5caf6aa78e7e9 method=POST path=/lingxi/v1/sessions/sess_local_alpha/execute status=200
2026-09-28T17:56:30.405783Z  INFO lingxi_service::sessions: run committed and published (post-commit) run_id=run_000001a0e9294245_000555 session_id=sess_local_alpha events=run_000001a0e9294245_000555-done input_chars=22
2026-09-28T17:56:30.405948Z  INFO lingxi_service: request handled request_id=req-8ec6dc3f065a47ad0456e59c7a8d9143 method=POST path=/lingxi/v1/sessions/sess_local_alpha/execute status=200
2026-09-28T17:56:30.406531Z  INFO lingxi_service::sessions: run committed and published (post-commit) run_id=run_000001a0e9294246_000556 session_id=sess_local_alpha events=run_000001a0e9294246_000556-done input_chars=22
2026-09-28T17:56:30.406687Z  INFO lingxi_service: request handled request_id=req-514721dd928d046af97edf8047171dd1 method=POST path=/lingxi/v1/sessions/sess_local_alpha/execute status=200
2026-09-28T17:56:30.407264Z  INFO lingxi_service::sessions: run committed and published (post-commit) run_id=run_000001a0e9294246_000557 session_id=sess_local_alpha events=run_000001a0e9294246_000557-done input_chars=22
2026-09-28T17:56:30.407417Z  INFO lingxi_service: request handled request_id=req-3013029cf4967d3334e4c3815cc885e6 method=POST path=/lingxi/v1/sessions/sess_local_alpha/execute status=200
2026-09-28T17:56:30.407992Z  INFO lingxi_service::sessions: run committed and published (post-commit) run_id=run_000001a0e9294247_000558 session_id=sess_local_alpha events=run_000001a0e9294247_000558-done input_chars=22
2026-09-28T17:56:30.408148Z  INFO lingxi_service: request handled request_id=req-05c181dfe295e307a5acfe5d05fde58d method=POST path=/lingxi/v1/sessions/sess_local_alpha/execute status=200
2026-09-28T17:56:30.408838Z  INFO lingxi_service::sessions: run committed and published (post-commit) run_id=run_000001a0e9294248_000559 session_id=sess_local_alpha events=run_000001a0e9294248_000559-done input_chars=22
2026-09-28T17:56:30.408994Z  INFO lingxi_service: request handled request_id=req-aaf9d8551fb70ea191e6f63216c9a545 method=POST path=/lingxi/v1/sessions/sess_local_alpha/execute status=200
2026-09-28T17:56:30.409593Z  INFO lingxi_service::sessions: run committed and published (post-commit) run_id=run_000001a0e9294249_00055a session_id=sess_local_alpha events=run_000001a0e9294249_00055a-done input_chars=22
2026-09-28T17:56:30.409749Z  INFO lingxi_service: request handled request_id=req-bca538bfb99e42e6d71f490e33c3ab98 method=POST path=/lingxi/v1/sessions/sess_local_alpha/execute status=200
2026-09-28T17:56:30.410369Z  INFO lingxi_service::sessions: run committed and published (post-commit) run_id=run_000001a0e929424a_00055b session_id=sess_local_alpha events=run_000001a0e929424a_00055b-done input_chars=22
2026-09-28T17:56:30.410523Z  INFO lingxi_service: request handled request_id=req-4b56bcfe0bc695e6d6180e76c5120649 method=POST path=/lingxi/v1/sessions/sess_local_alpha/execute status=200
2026-09-28T17:56:30.411182Z  INFO lingxi_service::sessions: run committed and published (post-commit) run_id=run_000001a0e929424a_00055c session_id=sess_local_alpha events=run_000001a0e929424a_00055c-done input_chars=22
2026-09-28T17:56:30.411349Z  INFO lingxi_service: request handled request_id=req-77695722cae4b458969f1de7e4285942 method=POST path=/lingxi/v1/sessions/sess_local_alpha/execute status=200
2026-09-28T17:56:30.412065Z  INFO lingxi_service::sessions: run committed and published (post-commit) run_id=run_000001a0e929424b_00055d session_id=sess_local_alpha events=run_000001a0e929424b_00055d-done input_chars=22
2026-09-28T17:56:30.412232Z  INFO lingxi_service: request handled request_id=req-4e82c095cc3a6044df34be5b564c4d45 method=POST path=/lingxi/v1/sessions/sess_local_alpha/execute status=200
2026-09-28T17:56:30.412862Z  INFO lingxi_service::sessions: run committed and published (post-commit) run_id=run_000001a0e929424c_00055e session_id=sess_local_alpha events=run_000001a0e929424c_00055e-done input_chars=22
2026-09-28T17:56:30.413015Z  INFO lingxi_service: request handled request_id=req-f6b56d61b3fe7923be9584a5d1e9aa7d method=POST path=/lingxi/v1/sessions/sess_local_alpha/execute status=200
2026-09-28T17:56:30.413622Z  INFO lingxi_service::sessions: run committed and published (post-commit) run_id=run_000001a0e929424d_00055f session_id=sess_local_alpha events=run_000001a0e929424d_00055f-done input_chars=22
2026-09-28T17:56:30.413780Z  INFO lingxi_service: request handled request_id=req-c425bffefe7da0ebd72157b4daa0231b method=POST path=/lingxi/v1/sessions/sess_local_alpha/execute status=200
2026-09-28T17:56:30.414425Z  INFO lingxi_service::sessions: run committed and published (post-commit) run_id=run_000001a0e929424e_000560 session_id=sess_local_alpha events=run_000001a0e929424e_000560-done input_chars=22
2026-09-28T17:56:30.414580Z  INFO lingxi_service: request handled request_id=req-454c6ed83ce68b5ed53f84db0d741d0a method=POST path=/lingxi/v1/sessions/sess_local_alpha/execute status=200
2026-09-28T17:56:30.415195Z  INFO lingxi_service::sessions: run committed and published (post-commit) run_id=run_000001a0e929424e_000561 session_id=sess_local_alpha events=run_000001a0e929424e_000561-done input_chars=22
2026-09-28T17:56:30.415349Z  INFO lingxi_service: request handled request_id=req-613d96f45ce8ade1942da6112847177f method=POST path=/lingxi/v1/sessions/sess_local_alpha/execute status=200
2026-09-28T17:56:30.415971Z  INFO lingxi_service::sessions: run committed and published (post-commit) run_id=run_000001a0e929424f_000562 session_id=sess_local_alpha events=run_000001a0e929424f_000562-done input_chars=22
2026-09-28T17:56:30.416130Z  INFO lingxi_service: request handled request_id=req-7668059f3492b1eba3b3c8452b6084ff method=POST path=/lingxi/v1/sessions/sess_local_alpha/execute status=200
2026-09-28T17:56:30.416716Z  INFO lingxi_service::sessions: run committed and published (post-commit) run_id=run_000001a0e9294250_000563 session_id=sess_local_alpha events=run_000001a0e9294250_000563-done input_chars=22
2026-09-28T17:56:30.416868Z  INFO lingxi_service: request handled request_id=req-916015cbbb152f50f5ef2c4843048d8f method=POST path=/lingxi/v1/sessions/sess_local_alpha/execute status=200
2026-09-28T17:56:30.417463Z  INFO lingxi_service::sessions: run committed and published (post-commit) run_id=run_000001a0e9294251_000564 session_id=sess_local_alpha events=run_000001a0e9294251_000564-done input_chars=22
2026-09-28T17:56:30.417616Z  INFO lingxi_service: request handled request_id=req-75f49b9452a3d3dfd5bb5ec7ecbae639 method=POST path=/lingxi/v1/sessions/sess_local_alpha/execute status=200
2026-09-28T17:56:30.418215Z  INFO lingxi_service::sessions: run committed and published (post-commit) run_id=run_000001a0e9294251_000565 session_id=sess_local_alpha events=run_000001a0e9294251_000565-done input_chars=22
2026-09-28T17:56:30.418371Z  INFO lingxi_service: request handled request_id=req-ba46f261922174f58fc4a12df76f9e5e method=POST path=/lingxi/v1/sessions/sess_local_alpha/execute status=200
2026-09-28T17:56:30.419424Z  INFO lingxi_service::sessions: run committed and published (post-commit) run_id=run_000001a0e9294252_000566 session_id=sess_local_alpha events=run_000001a0e9294252_000566-done input_chars=22
2026-09-28T17:56:30.419586Z  INFO lingxi_service: request handled request_id=req-b0122990492a82f92268749e159d0d75 method=POST path=/lingxi/v1/sessions/sess_local_alpha/execute status=200
2026-09-28T17:56:30.420188Z  INFO lingxi_service::sessions: run committed and published (post-commit) run_id=run_000001a0e9294253_000567 session_id=sess_local_alpha events=run_000001a0e9294253_000567-done input_chars=22
2026-09-28T17:56:30.420343Z  INFO lingxi_service: request handled request_id=req-c33532d7b750a28fd1da5765c44903c3 method=POST path=/lingxi/v1/sessions/sess_local_alpha/execute status=200
2026-09-28T17:56:30.420929Z  INFO lingxi_service::sessions: run committed and published (post-commit) run_id=run_000001a0e9294254_000568 session_id=sess_local_alpha events=run_000001a0e9294254_000568-done input_chars=22
2026-09-28T17:56:30.421085Z  INFO lingxi_service: request handled request_id=req-5d8bdaf752236b6868f4d7ba0971540f method=POST path=/lingxi/v1/sessions/sess_local_alpha/execute status=200
2026-09-28T17:56:30.421697Z  INFO lingxi_service::sessions: run committed and published (post-commit) run_id=run_000001a0e9294255_000569 session_id=sess_local_alpha events=run_000001a0e9294255_000569-done input_chars=22
2026-09-28T17:56:30.421855Z  INFO lingxi_service: request handled request_id=req-1be232aec325813fc412d686606771f5 method=POST path=/lingxi/v1/sessions/sess_local_alpha/execute status=200
2026-09-28T17:56:30.422507Z  INFO lingxi_service::sessions: run committed and published (post-commit) run_id=run_000001a0e9294256_00056a session_id=sess_local_alpha events=run_000001a0e9294256_00056a-done input_chars=22
2026-09-28T17:56:30.422660Z  INFO lingxi_service: request handled request_id=req-ae9008d654fda784a47ad30decab32a2 method=POST path=/lingxi/v1/sessions/sess_local_alpha/execute status=200
2026-09-28T17:56:30.423262Z  INFO lingxi_service::sessions: run committed and published (post-commit) run_id=run_000001a0e9294256_00056b session_id=sess_local_alpha events=run_000001a0e9294256_00056b-done input_chars=22
2026-09-28T17:56:30.423414Z  INFO lingxi_service: request handled request_id=req-c9fc762415b874481672acefba6f1bfe method=POST path=/lingxi/v1/sessions/sess_local_alpha/execute status=200
2026-09-28T17:56:30.424056Z  INFO lingxi_service::sessions: run committed and published (post-commit) run_id=run_000001a0e9294257_00056c session_id=sess_local_alpha events=run_000001a0e9294257_00056c-done input_chars=22
2026-09-28T17:56:30.424213Z  INFO lingxi_service: request handled request_id=req-00fe284c2057f752efcef87d015f1883 method=POST path=/lingxi/v1/sessions/sess_local_alpha/execute status=200
2026-09-28T17:56:30.424808Z  INFO lingxi_service::sessions: run committed and published (post-commit) run_id=run_000001a0e9294258_00056d session_id=sess_local_alpha events=run_000001a0e9294258_00056d-done input_chars=22
2026-09-28T17:56:30.424964Z  INFO lingxi_service: request handled request_id=req-ed041811afc0aea05880f9d472aecd6b method=POST path=/lingxi/v1/sessions/sess_local_alpha/execute status=200
2026-09-28T17:56:30.425579Z  INFO lingxi_service::sessions: run committed and published (post-commit) run_id=run_000001a0e9294259_00056e session_id=sess_local_alpha events=run_000001a0e9294259_00056e-done input_chars=22
2026-09-28T17:56:30.425733Z  INFO lingxi_service: request handled request_id=req-1eb20108151c5c1095c0636ee7f78db5 method=POST path=/lingxi/v1/sessions/sess_local_alpha/execute status=200
2026-09-28T17:56:30.426348Z  INFO lingxi_service::sessions: run committed and published (post-commit) run_id=run_000001a0e929425a_00056f session_id=sess_local_alpha events=run_000001a0e929425a_00056f-done input_chars=22
2026-09-28T17:56:30.426503Z  INFO lingxi_service: request handled request_id=req-28ba4bcc1092a3bea38732f69b53e5ce method=POST path=/lingxi/v1/sessions/sess_local_alpha/execute status=200
2026-09-28T17:56:30.427149Z  INFO lingxi_service::sessions: run committed and published (post-commit) run_id=run_000001a0e929425a_000570 session_id=sess_local_alpha events=run_000001a0e929425a_000570-done input_chars=22
2026-09-28T17:56:30.427301Z  INFO lingxi_service: request handled request_id=req-ad379fc261cd5bf7c6d6af8e3afd1069 method=POST path=/lingxi/v1/sessions/sess_local_alpha/execute status=200
2026-09-28T17:56:30.427898Z  INFO lingxi_service::sessions: run committed and published (post-commit) run_id=run_000001a0e929425b_000571 session_id=sess_local_alpha events=run_000001a0e929425b_000571-done input_chars=22
2026-09-28T17:56:30.428050Z  INFO lingxi_service: request handled request_id=req-9df59314948ffaffb7a4385d9d8343e1 method=POST path=/lingxi/v1/sessions/sess_local_alpha/execute status=200
2026-09-28T17:56:30.428680Z  INFO lingxi_service::sessions: run committed and published (post-commit) run_id=run_000001a0e929425c_000572 session_id=sess_local_alpha events=run_000001a0e929425c_000572-done input_chars=22
2026-09-28T17:56:30.428844Z  INFO lingxi_service: request handled request_id=req-e9655758261eea13e375eea65382c3ea method=POST path=/lingxi/v1/sessions/sess_local_alpha/execute status=200
2026-09-28T17:56:30.429439Z  INFO lingxi_service::sessions: run committed and published (post-commit) run_id=run_000001a0e929425d_000573 session_id=sess_local_alpha events=run_000001a0e929425d_000573-done input_chars=22
2026-09-28T17:56:30.429595Z  INFO lingxi_service: request handled request_id=req-f0b8c930a24e374834bd378f92c37a31 method=POST path=/lingxi/v1/sessions/sess_local_alpha/execute status=200
2026-09-28T17:56:30.430249Z  INFO lingxi_service::sessions: run committed and published (post-commit) run_id=run_000001a0e929425d_000574 session_id=sess_local_alpha events=run_000001a0e929425d_000574-done input_chars=22
2026-09-28T17:56:30.430409Z  INFO lingxi_service: request handled request_id=req-ded317277b87657b1aff24e055523ae7 method=POST path=/lingxi/v1/sessions/sess_local_alpha/execute status=200
2026-09-28T17:56:30.431034Z  INFO lingxi_service::sessions: run committed and published (post-commit) run_id=run_000001a0e929425e_000575 session_id=sess_local_alpha events=run_000001a0e929425e_000575-done input_chars=22
2026-09-28T17:56:30.431190Z  INFO lingxi_service: request handled request_id=req-da9bce45015e8902bee4755509b9dbba method=POST path=/lingxi/v1/sessions/sess_local_alpha/execute status=200
2026-09-28T17:56:30.431816Z  INFO lingxi_service::sessions: run committed and published (post-commit) run_id=run_000001a0e929425f_000576 session_id=sess_local_alpha events=run_000001a0e929425f_000576-done input_chars=22
2026-09-28T17:56:30.431971Z  INFO lingxi_service: request handled request_id=req-309f7e6466ce47f26353d33724e1187f method=POST path=/lingxi/v1/sessions/sess_local_alpha/execute status=200
2026-09-28T17:56:30.432618Z  INFO lingxi_service::sessions: run committed and published (post-commit) run_id=run_000001a0e9294260_000577 session_id=sess_local_alpha events=run_000001a0e9294260_000577-done input_chars=22
2026-09-28T17:56:30.432775Z  INFO lingxi_service: request handled request_id=req-4bdb24fb89ce9817969cd86c5b7265fd method=POST path=/lingxi/v1/sessions/sess_local_alpha/execute status=200
2026-09-28T17:56:30.433395Z  INFO lingxi_service::sessions: run committed and published (post-commit) run_id=run_000001a0e9294261_000578 session_id=sess_local_alpha events=run_000001a0e9294261_000578-done input_chars=22
2026-09-28T17:56:30.433549Z  INFO lingxi_service: request handled request_id=req-47052afe4c35e9b7458d55378db6f9b4 method=POST path=/lingxi/v1/sessions/sess_local_alpha/execute status=200
2026-09-28T17:56:30.434152Z  INFO lingxi_service::sessions: run committed and published (post-commit) run_id=run_000001a0e9294261_000579 session_id=sess_local_alpha events=run_000001a0e9294261_000579-done input_chars=22
2026-09-28T17:56:30.434307Z  INFO lingxi_service: request handled request_id=req-e03b43c6eac763d5fb3069a39bb8d0cc method=POST path=/lingxi/v1/sessions/sess_local_alpha/execute status=200
2026-09-28T17:56:30.434899Z  INFO lingxi_service::sessions: run committed and published (post-commit) run_id=run_000001a0e9294262_00057a session_id=sess_local_alpha events=run_000001a0e9294262_00057a-done input_chars=22
2026-09-28T17:56:30.435054Z  INFO lingxi_service: request handled request_id=req-161893ff8c717cd83a2b7861f6f62017 method=POST path=/lingxi/v1/sessions/sess_local_alpha/execute status=200
2026-09-28T17:56:30.435672Z  INFO lingxi_service::sessions: run committed and published (post-commit) run_id=run_000001a0e9294263_00057b session_id=sess_local_alpha events=run_000001a0e9294263_00057b-done input_chars=22
2026-09-28T17:56:30.435824Z  INFO lingxi_service: request handled request_id=req-e4e18be06ef159d0c5331053ae36583f method=POST path=/lingxi/v1/sessions/sess_local_alpha/execute status=200
2026-09-28T17:56:30.436438Z  INFO lingxi_service::sessions: run committed and published (post-commit) run_id=run_000001a0e9294264_00057c session_id=sess_local_alpha events=run_000001a0e9294264_00057c-done input_chars=22
2026-09-28T17:56:30.436593Z  INFO lingxi_service: request handled request_id=req-f22e1c1f466987cc1b1c848c3eaee680 method=POST path=/lingxi/v1/sessions/sess_local_alpha/execute status=200
2026-09-28T17:56:30.437191Z  INFO lingxi_service::sessions: run committed and published (post-commit) run_id=run_000001a0e9294264_00057d session_id=sess_local_alpha events=run_000001a0e9294264_00057d-done input_chars=22
2026-09-28T17:56:30.437343Z  INFO lingxi_service: request handled request_id=req-61a6dc1e89b8fd323579396e0279e86a method=POST path=/lingxi/v1/sessions/sess_local_alpha/execute status=200
2026-09-28T17:56:30.437932Z  INFO lingxi_service::sessions: run committed and published (post-commit) run_id=run_000001a0e9294265_00057e session_id=sess_local_alpha events=run_000001a0e9294265_00057e-done input_chars=22
2026-09-28T17:56:30.438090Z  INFO lingxi_service: request handled request_id=req-1d8312d62a98ebe353f3356956065864 method=POST path=/lingxi/v1/sessions/sess_local_alpha/execute status=200
2026-09-28T17:56:30.438742Z  INFO lingxi_service::sessions: run committed and published (post-commit) run_id=run_000001a0e9294266_00057f session_id=sess_local_alpha events=run_000001a0e9294266_00057f-done input_chars=22
2026-09-28T17:56:30.438901Z  INFO lingxi_service: request handled request_id=req-26d20303bdb00fdda89a798753f293b1 method=POST path=/lingxi/v1/sessions/sess_local_alpha/execute status=200
2026-09-28T17:56:30.439490Z  INFO lingxi_service::sessions: run committed and published (post-commit) run_id=run_000001a0e9294267_000580 session_id=sess_local_alpha events=run_000001a0e9294267_000580-done input_chars=22
2026-09-28T17:56:30.439645Z  INFO lingxi_service: request handled request_id=req-44ecef29091cba83ce9a2de7f6efb2fd method=POST path=/lingxi/v1/sessions/sess_local_alpha/execute status=200
2026-09-28T17:56:30.440253Z  INFO lingxi_service::sessions: run committed and published (post-commit) run_id=run_000001a0e9294267_000581 session_id=sess_local_alpha events=run_000001a0e9294267_000581-done input_chars=22
2026-09-28T17:56:30.440405Z  INFO lingxi_service: request handled request_id=req-f03ca1ee17a0e32aa115df09c7943e06 method=POST path=/lingxi/v1/sessions/sess_local_alpha/execute status=200
2026-09-28T17:56:30.441049Z  INFO lingxi_service::sessions: run committed and published (post-commit) run_id=run_000001a0e9294268_000582 session_id=sess_local_alpha events=run_000001a0e9294268_000582-done input_chars=22
2026-09-28T17:56:30.441207Z  INFO lingxi_service: request handled request_id=req-3ffd83a455a46dc15f62fbecfceb2b82 method=POST path=/lingxi/v1/sessions/sess_local_alpha/execute status=200
2026-09-28T17:56:30.441794Z  INFO lingxi_service::sessions: run committed and published (post-commit) run_id=run_000001a0e9294269_000583 session_id=sess_local_alpha events=run_000001a0e9294269_000583-done input_chars=22
2026-09-28T17:56:30.441947Z  INFO lingxi_service: request handled request_id=req-987c4f056288e454becb6ed78b509a71 method=POST path=/lingxi/v1/sessions/sess_local_alpha/execute status=200
2026-09-28T17:56:30.442564Z  INFO lingxi_service::sessions: run committed and published (post-commit) run_id=run_000001a0e929426a_000584 session_id=sess_local_alpha events=run_000001a0e929426a_000584-done input_chars=22
2026-09-28T17:56:30.442721Z  INFO lingxi_service: request handled request_id=req-899ce180cb131a51f167243a2cdf0033 method=POST path=/lingxi/v1/sessions/sess_local_alpha/execute status=200
2026-09-28T17:56:30.443322Z  INFO lingxi_service::sessions: run committed and published (post-commit) run_id=run_000001a0e929426b_000585 session_id=sess_local_alpha events=run_000001a0e929426b_000585-done input_chars=22
2026-09-28T17:56:30.443477Z  INFO lingxi_service: request handled request_id=req-aec99ada46ed1d8516f88a654f47a591 method=POST path=/lingxi/v1/sessions/sess_local_alpha/execute status=200
2026-09-28T17:56:30.444155Z  INFO lingxi_service::sessions: run committed and published (post-commit) run_id=run_000001a0e929426b_000586 session_id=sess_local_alpha events=run_000001a0e929426b_000586-done input_chars=22
2026-09-28T17:56:30.444312Z  INFO lingxi_service: request handled request_id=req-3b77a34ef6968c98f11665911ce5c4c9 method=POST path=/lingxi/v1/sessions/sess_local_alpha/execute status=200
2026-09-28T17:56:30.444925Z  INFO lingxi_service::sessions: run committed and published (post-commit) run_id=run_000001a0e929426c_000587 session_id=sess_local_alpha events=run_000001a0e929426c_000587-done input_chars=22
2026-09-28T17:56:30.445088Z  INFO lingxi_service: request handled request_id=req-8e01788d82a5865dc5e4314a49b716af method=POST path=/lingxi/v1/sessions/sess_local_alpha/execute status=200
2026-09-28T17:56:30.445704Z  INFO lingxi_service::sessions: run committed and published (post-commit) run_id=run_000001a0e929426d_000588 session_id=sess_local_alpha events=run_000001a0e929426d_000588-done input_chars=22
2026-09-28T17:56:30.445862Z  INFO lingxi_service: request handled request_id=req-18268f57ca5794c1e81ba50e11cba192 method=POST path=/lingxi/v1/sessions/sess_local_alpha/execute status=200
2026-09-28T17:56:30.446444Z  INFO lingxi_service::sessions: run committed and published (post-commit) run_id=run_000001a0e929426e_000589 session_id=sess_local_alpha events=run_000001a0e929426e_000589-done input_chars=22
2026-09-28T17:56:30.446600Z  INFO lingxi_service: request handled request_id=req-918a51e9362f2ac6043fe078d18290ec method=POST path=/lingxi/v1/sessions/sess_local_alpha/execute status=200
2026-09-28T17:56:30.447201Z  INFO lingxi_service::sessions: run committed and published (post-commit) run_id=run_000001a0e929426e_00058a session_id=sess_local_alpha events=run_000001a0e929426e_00058a-done input_chars=22
2026-09-28T17:56:30.447356Z  INFO lingxi_service: request handled request_id=req-650ed4ab9cad034ff60a1e35f651fc09 method=POST path=/lingxi/v1/sessions/sess_local_alpha/execute status=200
2026-09-28T17:56:30.447989Z  INFO lingxi_service::sessions: run committed and published (post-commit) run_id=run_000001a0e929426f_00058b session_id=sess_local_alpha events=run_000001a0e929426f_00058b-done input_chars=22
2026-09-28T17:56:30.448145Z  INFO lingxi_service: request handled request_id=req-920b6dc545c04b7afeb621b220e97486 method=POST path=/lingxi/v1/sessions/sess_local_alpha/execute status=200
2026-09-28T17:56:30.448738Z  INFO lingxi_service::sessions: run committed and published (post-commit) run_id=run_000001a0e9294270_00058c session_id=sess_local_alpha events=run_000001a0e9294270_00058c-done input_chars=22
2026-09-28T17:56:30.448904Z  INFO lingxi_service: request handled request_id=req-8699c7db5a6387e56aee60b45c435e71 method=POST path=/lingxi/v1/sessions/sess_local_alpha/execute status=200
2026-09-28T17:56:30.449507Z  INFO lingxi_service::sessions: run committed and published (post-commit) run_id=run_000001a0e9294271_00058d session_id=sess_local_alpha events=run_000001a0e9294271_00058d-done input_chars=22
2026-09-28T17:56:30.449661Z  INFO lingxi_service: request handled request_id=req-88c625f8de4dc80182298bf9e134fee1 method=POST path=/lingxi/v1/sessions/sess_local_alpha/execute status=200
2026-09-28T17:56:30.450242Z  INFO lingxi_service::sessions: run committed and published (post-commit) run_id=run_000001a0e9294271_00058e session_id=sess_local_alpha events=run_000001a0e9294271_00058e-done input_chars=22
2026-09-28T17:56:30.450398Z  INFO lingxi_service: request handled request_id=req-b6c6ff7fff225feb87a39be43027bc94 method=POST path=/lingxi/v1/sessions/sess_local_alpha/execute status=200
2026-09-28T17:56:30.451012Z  INFO lingxi_service::sessions: run committed and published (post-commit) run_id=run_000001a0e9294272_00058f session_id=sess_local_alpha events=run_000001a0e9294272_00058f-done input_chars=22
2026-09-28T17:56:30.451171Z  INFO lingxi_service: request handled request_id=req-99063b57de0c3e1b67b79afc3d5af132 method=POST path=/lingxi/v1/sessions/sess_local_alpha/execute status=200
2026-09-28T17:56:30.451777Z  INFO lingxi_service::sessions: run committed and published (post-commit) run_id=run_000001a0e9294273_000590 session_id=sess_local_alpha events=run_000001a0e9294273_000590-done input_chars=22
2026-09-28T17:56:30.451933Z  INFO lingxi_service: request handled request_id=req-d25788fd69e6a88bf380d18f1f093cfb method=POST path=/lingxi/v1/sessions/sess_local_alpha/execute status=200
2026-09-28T17:56:30.452577Z  INFO lingxi_service::sessions: run committed and published (post-commit) run_id=run_000001a0e9294274_000591 session_id=sess_local_alpha events=run_000001a0e9294274_000591-done input_chars=22
2026-09-28T17:56:30.452735Z  INFO lingxi_service: request handled request_id=req-663b686b3d9b71e71edeb71c6626a8f4 method=POST path=/lingxi/v1/sessions/sess_local_alpha/execute status=200
2026-09-28T17:56:30.453326Z  INFO lingxi_service::sessions: run committed and published (post-commit) run_id=run_000001a0e9294275_000592 session_id=sess_local_alpha events=run_000001a0e9294275_000592-done input_chars=22
2026-09-28T17:56:30.453480Z  INFO lingxi_service: request handled request_id=req-bf826d54e4b28a4a2405e89745767219 method=POST path=/lingxi/v1/sessions/sess_local_alpha/execute status=200
2026-09-28T17:56:30.454067Z  INFO lingxi_service::sessions: run committed and published (post-commit) run_id=run_000001a0e9294275_000593 session_id=sess_local_alpha events=run_000001a0e9294275_000593-done input_chars=22
2026-09-28T17:56:30.454223Z  INFO lingxi_service: request handled request_id=req-0101ffebcdb286cf015feebf4d990912 method=POST path=/lingxi/v1/sessions/sess_local_alpha/execute status=200
2026-09-28T17:56:30.454837Z  INFO lingxi_service::sessions: run committed and published (post-commit) run_id=run_000001a0e9294276_000594 session_id=sess_local_alpha events=run_000001a0e9294276_000594-done input_chars=22
2026-09-28T17:56:30.454998Z  INFO lingxi_service: request handled request_id=req-368cc899b8ee4e32cd41937e50033e00 method=POST path=/lingxi/v1/sessions/sess_local_alpha/execute status=200
2026-09-28T17:56:30.455598Z  INFO lingxi_service::sessions: run committed and published (post-commit) run_id=run_000001a0e9294277_000595 session_id=sess_local_alpha events=run_000001a0e9294277_000595-done input_chars=22
2026-09-28T17:56:30.455753Z  INFO lingxi_service: request handled request_id=req-fd50d765c1b1528639ea0cfe72e599cb method=POST path=/lingxi/v1/sessions/sess_local_alpha/execute status=200
2026-09-28T17:56:30.456338Z  INFO lingxi_service::sessions: run committed and published (post-commit) run_id=run_000001a0e9294278_000596 session_id=sess_local_alpha events=run_000001a0e9294278_000596-done input_chars=22
2026-09-28T17:56:30.456494Z  INFO lingxi_service: request handled request_id=req-9bed5634b738e90fbe520a1ec85408be method=POST path=/lingxi/v1/sessions/sess_local_alpha/execute status=200
2026-09-28T17:56:30.457094Z  INFO lingxi_service::sessions: run committed and published (post-commit) run_id=run_000001a0e9294278_000597 session_id=sess_local_alpha events=run_000001a0e9294278_000597-done input_chars=22
2026-09-28T17:56:30.457248Z  INFO lingxi_service: request handled request_id=req-b81846f87550574e964d06c2a33838ad method=POST path=/lingxi/v1/sessions/sess_local_alpha/execute status=200
2026-09-28T17:56:30.457878Z  INFO lingxi_service::sessions: run committed and published (post-commit) run_id=run_000001a0e9294279_000598 session_id=sess_local_alpha events=run_000001a0e9294279_000598-done input_chars=22
2026-09-28T17:56:30.458036Z  INFO lingxi_service: request handled request_id=req-32e5bcbc0a7335ae31f327843351c3a0 method=POST path=/lingxi/v1/sessions/sess_local_alpha/execute status=200
2026-09-28T17:56:30.458662Z  INFO lingxi_service::sessions: run committed and published (post-commit) run_id=run_000001a0e929427a_000599 session_id=sess_local_alpha events=run_000001a0e929427a_000599-done input_chars=22
2026-09-28T17:56:30.458821Z  INFO lingxi_service: request handled request_id=req-51621c1709c4013b44f5a8759d92993b method=POST path=/lingxi/v1/sessions/sess_local_alpha/execute status=200
2026-09-28T17:56:30.459378Z  INFO lingxi_service::sessions: run committed and published (post-commit) run_id=run_000001a0e929427b_00059a session_id=sess_local_alpha events=run_000001a0e929427b_00059a-done input_chars=22
2026-09-28T17:56:30.459531Z  INFO lingxi_service: request handled request_id=req-dcc8b5ef1159ec58e75bc87cf9ee8840 method=POST path=/lingxi/v1/sessions/sess_local_alpha/execute status=200
2026-09-28T17:56:30.460101Z  INFO lingxi_service::sessions: run committed and published (post-commit) run_id=run_000001a0e929427b_00059b session_id=sess_local_alpha events=run_000001a0e929427b_00059b-done input_chars=22
2026-09-28T17:56:30.460251Z  INFO lingxi_service: request handled request_id=req-272e525bb4ea7ccc66807b7593da5e37 method=POST path=/lingxi/v1/sessions/sess_local_alpha/execute status=200
2026-09-28T17:56:30.460847Z  INFO lingxi_service::sessions: run committed and published (post-commit) run_id=run_000001a0e929427c_00059c session_id=sess_local_alpha events=run_000001a0e929427c_00059c-done input_chars=22
2026-09-28T17:56:30.460998Z  INFO lingxi_service: request handled request_id=req-fd0a474799069022caecdb2b444717cd method=POST path=/lingxi/v1/sessions/sess_local_alpha/execute status=200
2026-09-28T17:56:30.461965Z  INFO lingxi_service::sessions: run committed and published (post-commit) run_id=run_000001a0e929427d_00059d session_id=sess_local_alpha events=run_000001a0e929427d_00059d-done input_chars=22
2026-09-28T17:56:30.462116Z  INFO lingxi_service: request handled request_id=req-79a5a7309b3e0611863fcde0915c45e1 method=POST path=/lingxi/v1/sessions/sess_local_alpha/execute status=200
2026-09-28T17:56:30.462717Z  INFO lingxi_service::sessions: run committed and published (post-commit) run_id=run_000001a0e929427e_00059e session_id=sess_local_alpha events=run_000001a0e929427e_00059e-done input_chars=22
2026-09-28T17:56:30.462868Z  INFO lingxi_service: request handled request_id=req-20ec4f9f65d19e7b3502ced4dfc16214 method=POST path=/lingxi/v1/sessions/sess_local_alpha/execute status=200
2026-09-28T17:56:30.463483Z  INFO lingxi_service::sessions: run committed and published (post-commit) run_id=run_000001a0e929427f_00059f session_id=sess_local_alpha events=run_000001a0e929427f_00059f-done input_chars=22
2026-09-28T17:56:30.463638Z  INFO lingxi_service: request handled request_id=req-7d5f78e550e8620bf5e5ce0353746d71 method=POST path=/lingxi/v1/sessions/sess_local_alpha/execute status=200
2026-09-28T17:56:30.464200Z  INFO lingxi_service::sessions: run committed and published (post-commit) run_id=run_000001a0e929427f_0005a0 session_id=sess_local_alpha events=run_000001a0e929427f_0005a0-done input_chars=22
2026-09-28T17:56:30.464355Z  INFO lingxi_service: request handled request_id=req-d28aa16a065020646bfee87fb140fdb1 method=POST path=/lingxi/v1/sessions/sess_local_alpha/execute status=200
2026-09-28T17:56:30.464922Z  INFO lingxi_service::sessions: run committed and published (post-commit) run_id=run_000001a0e9294280_0005a1 session_id=sess_local_alpha events=run_000001a0e9294280_0005a1-done input_chars=22
2026-09-28T17:56:30.465076Z  INFO lingxi_service: request handled request_id=req-4cb1a0f2aa82a9a2c1cd307ff69541b5 method=POST path=/lingxi/v1/sessions/sess_local_alpha/execute status=200
2026-09-28T17:56:30.465704Z  INFO lingxi_service::sessions: run committed and published (post-commit) run_id=run_000001a0e9294281_0005a2 session_id=sess_local_alpha events=run_000001a0e9294281_0005a2-done input_chars=22
2026-09-28T17:56:30.465859Z  INFO lingxi_service: request handled request_id=req-990de74ff649abf21ee120ff00ec6ed7 method=POST path=/lingxi/v1/sessions/sess_local_alpha/execute status=200
2026-09-28T17:56:30.466467Z  INFO lingxi_service::sessions: run committed and published (post-commit) run_id=run_000001a0e9294282_0005a3 session_id=sess_local_alpha events=run_000001a0e9294282_0005a3-done input_chars=22
2026-09-28T17:56:30.466618Z  INFO lingxi_service: request handled request_id=req-ee7d96477b30273f3588ade21cfe024d method=POST path=/lingxi/v1/sessions/sess_local_alpha/execute status=200
2026-09-28T17:56:30.467275Z  INFO lingxi_service::sessions: run committed and published (post-commit) run_id=run_000001a0e9294282_0005a4 session_id=sess_local_alpha events=run_000001a0e9294282_0005a4-done input_chars=22
2026-09-28T17:56:30.467429Z  INFO lingxi_service: request handled request_id=req-e3e3aae7fa535b8af52202ed0406bf88 method=POST path=/lingxi/v1/sessions/sess_local_alpha/execute status=200
2026-09-28T17:56:30.468016Z  INFO lingxi_service::sessions: run committed and published (post-commit) run_id=run_000001a0e9294283_0005a5 session_id=sess_local_alpha events=run_000001a0e9294283_0005a5-done input_chars=22
2026-09-28T17:56:30.468167Z  INFO lingxi_service: request handled request_id=req-f67f2c4d1cee8d7ada6099d7186456a7 method=POST path=/lingxi/v1/sessions/sess_local_alpha/execute status=200
2026-09-28T17:56:30.468725Z  INFO lingxi_service::sessions: run committed and published (post-commit) run_id=run_000001a0e9294284_0005a6 session_id=sess_local_alpha events=run_000001a0e9294284_0005a6-done input_chars=22
2026-09-28T17:56:30.468885Z  INFO lingxi_service: request handled request_id=req-c4183d684cbd63cf3b8bf029dd7f0759 method=POST path=/lingxi/v1/sessions/sess_local_alpha/execute status=200
2026-09-28T17:56:30.469425Z  INFO lingxi_service::sessions: run committed and published (post-commit) run_id=run_000001a0e9294285_0005a7 session_id=sess_local_alpha events=run_000001a0e9294285_0005a7-done input_chars=22
2026-09-28T17:56:30.469578Z  INFO lingxi_service: request handled request_id=req-ea738c54e4787d0ecb9b0e8be3d185c3 method=POST path=/lingxi/v1/sessions/sess_local_alpha/execute status=200
2026-09-28T17:56:30.470144Z  INFO lingxi_service::sessions: run committed and published (post-commit) run_id=run_000001a0e9294285_0005a8 session_id=sess_local_alpha events=run_000001a0e9294285_0005a8-done input_chars=22
2026-09-28T17:56:30.470294Z  INFO lingxi_service: request handled request_id=req-bb17c46308c7643b3db8c28893bade12 method=POST path=/lingxi/v1/sessions/sess_local_alpha/execute status=200
2026-09-28T17:56:30.470861Z  INFO lingxi_service::sessions: run committed and published (post-commit) run_id=run_000001a0e9294286_0005a9 session_id=sess_local_alpha events=run_000001a0e9294286_0005a9-done input_chars=22
2026-09-28T17:56:30.471011Z  INFO lingxi_service: request handled request_id=req-8a44a30ccd2527b92695cc40ce9f5353 method=POST path=/lingxi/v1/sessions/sess_local_alpha/execute status=200
2026-09-28T17:56:30.471579Z  INFO lingxi_service::sessions: run committed and published (post-commit) run_id=run_000001a0e9294287_0005aa session_id=sess_local_alpha events=run_000001a0e9294287_0005aa-done input_chars=22
2026-09-28T17:56:30.471734Z  INFO lingxi_service: request handled request_id=req-0542045e92a7db72409892a37e88b08b method=POST path=/lingxi/v1/sessions/sess_local_alpha/execute status=200
2026-09-28T17:56:30.472301Z  INFO lingxi_service::sessions: run committed and published (post-commit) run_id=run_000001a0e9294287_0005ab session_id=sess_local_alpha events=run_000001a0e9294287_0005ab-done input_chars=22
2026-09-28T17:56:30.472454Z  INFO lingxi_service: request handled request_id=req-456e3f3990f6ecc1a1a903d67ac3384e method=POST path=/lingxi/v1/sessions/sess_local_alpha/execute status=200
2026-09-28T17:56:30.473017Z  INFO lingxi_service::sessions: run committed and published (post-commit) run_id=run_000001a0e9294288_0005ac session_id=sess_local_alpha events=run_000001a0e9294288_0005ac-done input_chars=22
2026-09-28T17:56:30.473172Z  INFO lingxi_service: request handled request_id=req-58855dd0ac036e99cc78e4d934e9a3a7 method=POST path=/lingxi/v1/sessions/sess_local_alpha/execute status=200
2026-09-28T17:56:30.473720Z  INFO lingxi_service::sessions: run committed and published (post-commit) run_id=run_000001a0e9294289_0005ad session_id=sess_local_alpha events=run_000001a0e9294289_0005ad-done input_chars=22
2026-09-28T17:56:30.473874Z  INFO lingxi_service: request handled request_id=req-68ff3f35f3f9f3e1c327e0fa5e82f52a method=POST path=/lingxi/v1/sessions/sess_local_alpha/execute status=200
2026-09-28T17:56:30.474457Z  INFO lingxi_service::sessions: run committed and published (post-commit) run_id=run_000001a0e929428a_0005ae session_id=sess_local_alpha events=run_000001a0e929428a_0005ae-done input_chars=22
2026-09-28T17:56:30.474608Z  INFO lingxi_service: request handled request_id=req-dcaa13c933e607730b39463c08e16c61 method=POST path=/lingxi/v1/sessions/sess_local_alpha/execute status=200
2026-09-28T17:56:30.475181Z  INFO lingxi_service::sessions: run committed and published (post-commit) run_id=run_000001a0e929428a_0005af session_id=sess_local_alpha events=run_000001a0e929428a_0005af-done input_chars=22
2026-09-28T17:56:30.475332Z  INFO lingxi_service: request handled request_id=req-264828eaba3c5fd501c0c460e1853745 method=POST path=/lingxi/v1/sessions/sess_local_alpha/execute status=200
2026-09-28T17:56:30.475871Z  INFO lingxi_service::sessions: run committed and published (post-commit) run_id=run_000001a0e929428b_0005b0 session_id=sess_local_alpha events=run_000001a0e929428b_0005b0-done input_chars=22
2026-09-28T17:56:30.476030Z  INFO lingxi_service: request handled request_id=req-fbff59fbe1bbadd0186ed837203cae34 method=POST path=/lingxi/v1/sessions/sess_local_alpha/execute status=200
2026-09-28T17:56:30.476605Z  INFO lingxi_service::sessions: run committed and published (post-commit) run_id=run_000001a0e929428c_0005b1 session_id=sess_local_alpha events=run_000001a0e929428c_0005b1-done input_chars=22
2026-09-28T17:56:30.476763Z  INFO lingxi_service: request handled request_id=req-0bd3a1c4c699bc474a6690c18bc69967 method=POST path=/lingxi/v1/sessions/sess_local_alpha/execute status=200
2026-09-28T17:56:30.477347Z  INFO lingxi_service::sessions: run committed and published (post-commit) run_id=run_000001a0e929428d_0005b2 session_id=sess_local_alpha events=run_000001a0e929428d_0005b2-done input_chars=22
2026-09-28T17:56:30.477505Z  INFO lingxi_service: request handled request_id=req-f57b5a6bbfcca4f6c9d9795d0c678093 method=POST path=/lingxi/v1/sessions/sess_local_alpha/execute status=200
2026-09-28T17:56:30.478102Z  INFO lingxi_service::sessions: run committed and published (post-commit) run_id=run_000001a0e929428d_0005b3 session_id=sess_local_alpha events=run_000001a0e929428d_0005b3-done input_chars=22
2026-09-28T17:56:30.478261Z  INFO lingxi_service: request handled request_id=req-39a516d0aae073393505b4e4747fcc1c method=POST path=/lingxi/v1/sessions/sess_local_alpha/execute status=200
2026-09-28T17:56:30.478842Z  INFO lingxi_service::sessions: run committed and published (post-commit) run_id=run_000001a0e929428e_0005b4 session_id=sess_local_alpha events=run_000001a0e929428e_0005b4-done input_chars=22
2026-09-28T17:56:30.478998Z  INFO lingxi_service: request handled request_id=req-71f47e1468704701d0accb8c41196b77 method=POST path=/lingxi/v1/sessions/sess_local_alpha/execute status=200
2026-09-28T17:56:30.479605Z  INFO lingxi_service::sessions: run committed and published (post-commit) run_id=run_000001a0e929428f_0005b5 session_id=sess_local_alpha events=run_000001a0e929428f_0005b5-done input_chars=22
2026-09-28T17:56:30.479763Z  INFO lingxi_service: request handled request_id=req-8b30cf293293ad076cbeff4d5ce1c93f method=POST path=/lingxi/v1/sessions/sess_local_alpha/execute status=200
2026-09-28T17:56:30.480344Z  INFO lingxi_service::sessions: run committed and published (post-commit) run_id=run_000001a0e9294290_0005b6 session_id=sess_local_alpha events=run_000001a0e9294290_0005b6-done input_chars=22
2026-09-28T17:56:30.480503Z  INFO lingxi_service: request handled request_id=req-9195f62ff19468e34c20ebe5374b89b9 method=POST path=/lingxi/v1/sessions/sess_local_alpha/execute status=200
2026-09-28T17:56:30.481101Z  INFO lingxi_service::sessions: run committed and published (post-commit) run_id=run_000001a0e9294290_0005b7 session_id=sess_local_alpha events=run_000001a0e9294290_0005b7-done input_chars=22
2026-09-28T17:56:30.481258Z  INFO lingxi_service: request handled request_id=req-d8a81f20e14757bdcd2e1a876e94f68a method=POST path=/lingxi/v1/sessions/sess_local_alpha/execute status=200
2026-09-28T17:56:30.481874Z  INFO lingxi_service::sessions: run committed and published (post-commit) run_id=run_000001a0e9294291_0005b8 session_id=sess_local_alpha events=run_000001a0e9294291_0005b8-done input_chars=22
2026-09-28T17:56:30.482032Z  INFO lingxi_service: request handled request_id=req-6207c13dc4048fbc8b2b56c94d8c9ccd method=POST path=/lingxi/v1/sessions/sess_local_alpha/execute status=200
2026-09-28T17:56:30.482705Z  INFO lingxi_service::sessions: run committed and published (post-commit) run_id=run_000001a0e9294292_0005b9 session_id=sess_local_alpha events=run_000001a0e9294292_0005b9-done input_chars=22
2026-09-28T17:56:30.482863Z  INFO lingxi_service: request handled request_id=req-b8e48acfd81f82c8a586e28ffd65adc9 method=POST path=/lingxi/v1/sessions/sess_local_alpha/execute status=200
2026-09-28T17:56:30.483483Z  INFO lingxi_service::sessions: run committed and published (post-commit) run_id=run_000001a0e9294293_0005ba session_id=sess_local_alpha events=run_000001a0e9294293_0005ba-done input_chars=22
2026-09-28T17:56:30.483650Z  INFO lingxi_service: request handled request_id=req-aae8d45b22e857df099439ee92da1080 method=POST path=/lingxi/v1/sessions/sess_local_alpha/execute status=200
2026-09-28T17:56:30.484230Z  INFO lingxi_service::sessions: run committed and published (post-commit) run_id=run_000001a0e9294293_0005bb session_id=sess_local_alpha events=run_000001a0e9294293_0005bb-done input_chars=22
2026-09-28T17:56:30.484388Z  INFO lingxi_service: request handled request_id=req-4b1a7245b3170c90a956a10a72f28452 method=POST path=/lingxi/v1/sessions/sess_local_alpha/execute status=200
2026-09-28T17:56:30.485041Z  INFO lingxi_service::sessions: run committed and published (post-commit) run_id=run_000001a0e9294294_0005bc session_id=sess_local_alpha events=run_000001a0e9294294_0005bc-done input_chars=22
2026-09-28T17:56:30.485201Z  INFO lingxi_service: request handled request_id=req-cb218725362562037a42e31c5c46a9e5 method=POST path=/lingxi/v1/sessions/sess_local_alpha/execute status=200
2026-09-28T17:56:30.485809Z  INFO lingxi_service::sessions: run committed and published (post-commit) run_id=run_000001a0e9294295_0005bd session_id=sess_local_alpha events=run_000001a0e9294295_0005bd-done input_chars=22
2026-09-28T17:56:30.485969Z  INFO lingxi_service: request handled request_id=req-350f17f81716c4b677cc28a7a76eeaed method=POST path=/lingxi/v1/sessions/sess_local_alpha/execute status=200
2026-09-28T17:56:30.486580Z  INFO lingxi_service::sessions: run committed and published (post-commit) run_id=run_000001a0e9294296_0005be session_id=sess_local_alpha events=run_000001a0e9294296_0005be-done input_chars=22
2026-09-28T17:56:30.486737Z  INFO lingxi_service: request handled request_id=req-e88e4d95c9559bf446fb7a62eec8a514 method=POST path=/lingxi/v1/sessions/sess_local_alpha/execute status=200
2026-09-28T17:56:30.487323Z  INFO lingxi_service::sessions: run committed and published (post-commit) run_id=run_000001a0e9294297_0005bf session_id=sess_local_alpha events=run_000001a0e9294297_0005bf-done input_chars=22
2026-09-28T17:56:30.487481Z  INFO lingxi_service: request handled request_id=req-184d569aa269c19a69d8cf04f1e362e4 method=POST path=/lingxi/v1/sessions/sess_local_alpha/execute status=200
2026-09-28T17:56:30.488080Z  INFO lingxi_service::sessions: run committed and published (post-commit) run_id=run_000001a0e9294297_0005c0 session_id=sess_local_alpha events=run_000001a0e9294297_0005c0-done input_chars=22
2026-09-28T17:56:30.488240Z  INFO lingxi_service: request handled request_id=req-48a7e32a6081d65f8834ddff8020c64d method=POST path=/lingxi/v1/sessions/sess_local_alpha/execute status=200
2026-09-28T17:56:30.488839Z  INFO lingxi_service::sessions: run committed and published (post-commit) run_id=run_000001a0e9294298_0005c1 session_id=sess_local_alpha events=run_000001a0e9294298_0005c1-done input_chars=22
2026-09-28T17:56:30.488995Z  INFO lingxi_service: request handled request_id=req-dc9cbc9bac2f46d4cbbc636d78485b8d method=POST path=/lingxi/v1/sessions/sess_local_alpha/execute status=200
2026-09-28T17:56:30.489590Z  INFO lingxi_service::sessions: run committed and published (post-commit) run_id=run_000001a0e9294299_0005c2 session_id=sess_local_alpha events=run_000001a0e9294299_0005c2-done input_chars=22
2026-09-28T17:56:30.489749Z  INFO lingxi_service: request handled request_id=req-694a3dfb7af5ba5bd8b98915b8dbae7b method=POST path=/lingxi/v1/sessions/sess_local_alpha/execute status=200
2026-09-28T17:56:30.490358Z  INFO lingxi_service::sessions: run committed and published (post-commit) run_id=run_000001a0e929429a_0005c3 session_id=sess_local_alpha events=run_000001a0e929429a_0005c3-done input_chars=22
2026-09-28T17:56:30.490513Z  INFO lingxi_service: request handled request_id=req-979405061038e1d2f19ce37c16516ca9 method=POST path=/lingxi/v1/sessions/sess_local_alpha/execute status=200
2026-09-28T17:56:30.491213Z  INFO lingxi_service::sessions: run committed and published (post-commit) run_id=run_000001a0e929429a_0005c4 session_id=sess_local_alpha events=run_000001a0e929429a_0005c4-done input_chars=22
2026-09-28T17:56:30.491383Z  INFO lingxi_service: request handled request_id=req-dfbf018b973cbb021c4e807842451546 method=POST path=/lingxi/v1/sessions/sess_local_alpha/execute status=200
2026-09-28T17:56:30.492037Z  INFO lingxi_service::sessions: run committed and published (post-commit) run_id=run_000001a0e929429b_0005c5 session_id=sess_local_alpha events=run_000001a0e929429b_0005c5-done input_chars=22
2026-09-28T17:56:30.492193Z  INFO lingxi_service: request handled request_id=req-ada409206c3d42d705101d407e434d53 method=POST path=/lingxi/v1/sessions/sess_local_alpha/execute status=200
2026-09-28T17:56:30.492769Z  INFO lingxi_service::sessions: run committed and published (post-commit) run_id=run_000001a0e929429c_0005c6 session_id=sess_local_alpha events=run_000001a0e929429c_0005c6-done input_chars=22
2026-09-28T17:56:30.492921Z  INFO lingxi_service: request handled request_id=req-45178820a94d7ad415e882d3388de14e method=POST path=/lingxi/v1/sessions/sess_local_alpha/execute status=200
2026-09-28T17:56:30.493514Z  INFO lingxi_service::sessions: run committed and published (post-commit) run_id=run_000001a0e929429d_0005c7 session_id=sess_local_alpha events=run_000001a0e929429d_0005c7-done input_chars=22
2026-09-28T17:56:30.493671Z  INFO lingxi_service: request handled request_id=req-8557a38ab12fd2230b257cdb54227784 method=POST path=/lingxi/v1/sessions/sess_local_alpha/execute status=200
2026-09-28T17:56:30.494327Z  INFO lingxi_service::sessions: run committed and published (post-commit) run_id=run_000001a0e929429d_0005c8 session_id=sess_local_alpha events=run_000001a0e929429d_0005c8-done input_chars=22
2026-09-28T17:56:30.494499Z  INFO lingxi_service: request handled request_id=req-3aa0104235ed834a58761ad5b6faf0e2 method=POST path=/lingxi/v1/sessions/sess_local_alpha/execute status=200
2026-09-28T17:56:30.495120Z  INFO lingxi_service::sessions: run committed and published (post-commit) run_id=run_000001a0e929429e_0005c9 session_id=sess_local_alpha events=run_000001a0e929429e_0005c9-done input_chars=22
2026-09-28T17:56:30.495279Z  INFO lingxi_service: request handled request_id=req-aeebb46aa927a1d34991ac855fb91373 method=POST path=/lingxi/v1/sessions/sess_local_alpha/execute status=200
2026-09-28T17:56:30.495929Z  INFO lingxi_service::sessions: run committed and published (post-commit) run_id=run_000001a0e929429f_0005ca session_id=sess_local_alpha events=run_000001a0e929429f_0005ca-done input_chars=22
2026-09-28T17:56:30.496093Z  INFO lingxi_service: request handled request_id=req-a5ab6010ec5349aeef3cb204bd2969be method=POST path=/lingxi/v1/sessions/sess_local_alpha/execute status=200
2026-09-28T17:56:30.496711Z  INFO lingxi_service::sessions: run committed and published (post-commit) run_id=run_000001a0e92942a0_0005cb session_id=sess_local_alpha events=run_000001a0e92942a0_0005cb-done input_chars=22
2026-09-28T17:56:30.496872Z  INFO lingxi_service: request handled request_id=req-2ac99b3155e5b174cb4c9d741ef9c0f2 method=POST path=/lingxi/v1/sessions/sess_local_alpha/execute status=200
2026-09-28T17:56:30.497466Z  INFO lingxi_service::sessions: run committed and published (post-commit) run_id=run_000001a0e92942a1_0005cc session_id=sess_local_alpha events=run_000001a0e92942a1_0005cc-done input_chars=22
2026-09-28T17:56:30.497626Z  INFO lingxi_service: request handled request_id=req-1d7fcd0c71290b5dc7131378b273bc40 method=POST path=/lingxi/v1/sessions/sess_local_alpha/execute status=200
2026-09-28T17:56:30.498266Z  INFO lingxi_service::sessions: run committed and published (post-commit) run_id=run_000001a0e92942a1_0005cd session_id=sess_local_alpha events=run_000001a0e92942a1_0005cd-done input_chars=22
2026-09-28T17:56:30.498429Z  INFO lingxi_service: request handled request_id=req-6b68dbc741197b39ed62da3681406e52 method=POST path=/lingxi/v1/sessions/sess_local_alpha/execute status=200
2026-09-28T17:56:30.499074Z  INFO lingxi_service::sessions: run committed and published (post-commit) run_id=run_000001a0e92942a2_0005ce session_id=sess_local_alpha events=run_000001a0e92942a2_0005ce-done input_chars=22
2026-09-28T17:56:30.499245Z  INFO lingxi_service: request handled request_id=req-930debd50558f96c43686fdec298b678 method=POST path=/lingxi/v1/sessions/sess_local_alpha/execute status=200
2026-09-28T17:56:30.499863Z  INFO lingxi_service::sessions: run committed and published (post-commit) run_id=run_000001a0e92942a3_0005cf session_id=sess_local_alpha events=run_000001a0e92942a3_0005cf-done input_chars=22
2026-09-28T17:56:30.500023Z  INFO lingxi_service: request handled request_id=req-e711901f066085031c605ca267454fb1 method=POST path=/lingxi/v1/sessions/sess_local_alpha/execute status=200
2026-09-28T17:56:30.500673Z  INFO lingxi_service::sessions: run committed and published (post-commit) run_id=run_000001a0e92942a4_0005d0 session_id=sess_local_alpha events=run_000001a0e92942a4_0005d0-done input_chars=22
2026-09-28T17:56:30.500831Z  INFO lingxi_service: request handled request_id=req-d32fa7610b5f6701e24a94695a2aee0a method=POST path=/lingxi/v1/sessions/sess_local_alpha/execute status=200
2026-09-28T17:56:30.501497Z  INFO lingxi_service::sessions: run committed and published (post-commit) run_id=run_000001a0e92942a5_0005d1 session_id=sess_local_alpha events=run_000001a0e92942a5_0005d1-done input_chars=22
2026-09-28T17:56:30.501656Z  INFO lingxi_service: request handled request_id=req-8277bb5d4e95b5690d170e7763ad7fe4 method=POST path=/lingxi/v1/sessions/sess_local_alpha/execute status=200
2026-09-28T17:56:30.502267Z  INFO lingxi_service::sessions: run committed and published (post-commit) run_id=run_000001a0e92942a5_0005d2 session_id=sess_local_alpha events=run_000001a0e92942a5_0005d2-done input_chars=22
2026-09-28T17:56:30.502428Z  INFO lingxi_service: request handled request_id=req-525750d88a3706b6e5f0086423a0b745 method=POST path=/lingxi/v1/sessions/sess_local_alpha/execute status=200
2026-09-28T17:56:30.503037Z  INFO lingxi_service::sessions: run committed and published (post-commit) run_id=run_000001a0e92942a6_0005d3 session_id=sess_local_alpha events=run_000001a0e92942a6_0005d3-done input_chars=22
2026-09-28T17:56:30.503194Z  INFO lingxi_service: request handled request_id=req-054f84ac34bff8aabd710e0fd7b38705 method=POST path=/lingxi/v1/sessions/sess_local_alpha/execute status=200
2026-09-28T17:56:30.504269Z  INFO lingxi_service::sessions: run committed and published (post-commit) run_id=run_000001a0e92942a7_0005d4 session_id=sess_local_alpha events=run_000001a0e92942a7_0005d4-done input_chars=22
2026-09-28T17:56:30.504439Z  INFO lingxi_service: request handled request_id=req-26526859898c26afb061cb93ed623faa method=POST path=/lingxi/v1/sessions/sess_local_alpha/execute status=200
2026-09-28T17:56:30.505089Z  INFO lingxi_service::sessions: run committed and published (post-commit) run_id=run_000001a0e92942a8_0005d5 session_id=sess_local_alpha events=run_000001a0e92942a8_0005d5-done input_chars=22
2026-09-28T17:56:30.505255Z  INFO lingxi_service: request handled request_id=req-8c141707e951be4e2e61abef4eb8c049 method=POST path=/lingxi/v1/sessions/sess_local_alpha/execute status=200
2026-09-28T17:56:30.505837Z  INFO lingxi_service::sessions: run committed and published (post-commit) run_id=run_000001a0e92942a9_0005d6 session_id=sess_local_alpha events=run_000001a0e92942a9_0005d6-done input_chars=22
2026-09-28T17:56:30.505995Z  INFO lingxi_service: request handled request_id=req-fe129d6677335c3beaa0c6880e2020ad method=POST path=/lingxi/v1/sessions/sess_local_alpha/execute status=200
2026-09-28T17:56:30.506622Z  INFO lingxi_service::sessions: run committed and published (post-commit) run_id=run_000001a0e92942aa_0005d7 session_id=sess_local_alpha events=run_000001a0e92942aa_0005d7-done input_chars=22
2026-09-28T17:56:30.506779Z  INFO lingxi_service: request handled request_id=req-83dcd212101d6dbf7121dc5e3410fa8c method=POST path=/lingxi/v1/sessions/sess_local_alpha/execute status=200
2026-09-28T17:56:30.507382Z  INFO lingxi_service::sessions: run committed and published (post-commit) run_id=run_000001a0e92942ab_0005d8 session_id=sess_local_alpha events=run_000001a0e92942ab_0005d8-done input_chars=22
2026-09-28T17:56:30.507553Z  INFO lingxi_service: request handled request_id=req-9f406782189a91491b2476f282d03dfc method=POST path=/lingxi/v1/sessions/sess_local_alpha/execute status=200
2026-09-28T17:56:30.508144Z  INFO lingxi_service::sessions: run committed and published (post-commit) run_id=run_000001a0e92942ab_0005d9 session_id=sess_local_alpha events=run_000001a0e92942ab_0005d9-done input_chars=22
2026-09-28T17:56:30.508306Z  INFO lingxi_service: request handled request_id=req-36068bb448f2375cbc66cd95e7698632 method=POST path=/lingxi/v1/sessions/sess_local_alpha/execute status=200
2026-09-28T17:56:30.508910Z  INFO lingxi_service::sessions: run committed and published (post-commit) run_id=run_000001a0e92942ac_0005da session_id=sess_local_alpha events=run_000001a0e92942ac_0005da-done input_chars=22
2026-09-28T17:56:30.509066Z  INFO lingxi_service: request handled request_id=req-641f722b820d462abad72d3a732750a5 method=POST path=/lingxi/v1/sessions/sess_local_alpha/execute status=200
2026-09-28T17:56:30.509686Z  INFO lingxi_service::sessions: run committed and published (post-commit) run_id=run_000001a0e92942ad_0005db session_id=sess_local_alpha events=run_000001a0e92942ad_0005db-done input_chars=22
2026-09-28T17:56:30.509844Z  INFO lingxi_service: request handled request_id=req-5fa3906fea65064850de8792acab4727 method=POST path=/lingxi/v1/sessions/sess_local_alpha/execute status=200
2026-09-28T17:56:30.510431Z  INFO lingxi_service::sessions: run committed and published (post-commit) run_id=run_000001a0e92942ae_0005dc session_id=sess_local_alpha events=run_000001a0e92942ae_0005dc-done input_chars=22
2026-09-28T17:56:30.510587Z  INFO lingxi_service: request handled request_id=req-fd4eeb3a70314a61f38bc9551b8be5eb method=POST path=/lingxi/v1/sessions/sess_local_alpha/execute status=200
2026-09-28T17:56:30.511160Z  INFO lingxi_service::sessions: run committed and published (post-commit) run_id=run_000001a0e92942ae_0005dd session_id=sess_local_alpha events=run_000001a0e92942ae_0005dd-done input_chars=22
2026-09-28T17:56:30.511315Z  INFO lingxi_service: request handled request_id=req-762eb6cbe3ff2c03df16c4a036525b4a method=POST path=/lingxi/v1/sessions/sess_local_alpha/execute status=200
2026-09-28T17:56:30.511904Z  INFO lingxi_service::sessions: run committed and published (post-commit) run_id=run_000001a0e92942af_0005de session_id=sess_local_alpha events=run_000001a0e92942af_0005de-done input_chars=22
2026-09-28T17:56:30.512066Z  INFO lingxi_service: request handled request_id=req-81f353afceee94d21bee9cb01805a3ef method=POST path=/lingxi/v1/sessions/sess_local_alpha/execute status=200
2026-09-28T17:56:30.512706Z  INFO lingxi_service::sessions: run committed and published (post-commit) run_id=run_000001a0e92942b0_0005df session_id=sess_local_alpha events=run_000001a0e92942b0_0005df-done input_chars=22
2026-09-28T17:56:30.512867Z  INFO lingxi_service: request handled request_id=req-acc81cc92d095f006e487c2cdd9ea5d6 method=POST path=/lingxi/v1/sessions/sess_local_alpha/execute status=200
2026-09-28T17:56:30.513500Z  INFO lingxi_service::sessions: run committed and published (post-commit) run_id=run_000001a0e92942b1_0005e0 session_id=sess_local_alpha events=run_000001a0e92942b1_0005e0-done input_chars=22
2026-09-28T17:56:30.513659Z  INFO lingxi_service: request handled request_id=req-ab425f0d952056ebb046557eac04b79f method=POST path=/lingxi/v1/sessions/sess_local_alpha/execute status=200
2026-09-28T17:56:30.514315Z  INFO lingxi_service::sessions: run committed and published (post-commit) run_id=run_000001a0e92942b1_0005e1 session_id=sess_local_alpha events=run_000001a0e92942b1_0005e1-done input_chars=22
2026-09-28T17:56:30.514473Z  INFO lingxi_service: request handled request_id=req-3c30f958d368f4f0afb76dab1b75f248 method=POST path=/lingxi/v1/sessions/sess_local_alpha/execute status=200
2026-09-28T17:56:30.515154Z  INFO lingxi_service::sessions: run committed and published (post-commit) run_id=run_000001a0e92942b2_0005e2 session_id=sess_local_alpha events=run_000001a0e92942b2_0005e2-done input_chars=22
2026-09-28T17:56:30.515323Z  INFO lingxi_service: request handled request_id=req-ae5efb776d809b8c58574e2df148425f method=POST path=/lingxi/v1/sessions/sess_local_alpha/execute status=200
2026-09-28T17:56:30.515959Z  INFO lingxi_service::sessions: run committed and published (post-commit) run_id=run_000001a0e92942b3_0005e3 session_id=sess_local_alpha events=run_000001a0e92942b3_0005e3-done input_chars=22
2026-09-28T17:56:30.516126Z  INFO lingxi_service: request handled request_id=req-96bebe6786d3e59ee8180766e659639d method=POST path=/lingxi/v1/sessions/sess_local_alpha/execute status=200
2026-09-28T17:56:30.516730Z  INFO lingxi_service::sessions: run committed and published (post-commit) run_id=run_000001a0e92942b4_0005e4 session_id=sess_local_alpha events=run_000001a0e92942b4_0005e4-done input_chars=22
2026-09-28T17:56:30.516887Z  INFO lingxi_service: request handled request_id=req-a0a8f0b51bd3a4934aaf0c9f02f5e480 method=POST path=/lingxi/v1/sessions/sess_local_alpha/execute status=200
2026-09-28T17:56:30.517511Z  INFO lingxi_service::sessions: run committed and published (post-commit) run_id=run_000001a0e92942b5_0005e5 session_id=sess_local_alpha events=run_000001a0e92942b5_0005e5-done input_chars=22
2026-09-28T17:56:30.517672Z  INFO lingxi_service: request handled request_id=req-6356f29626014e3bffe7b7515de7f7eb method=POST path=/lingxi/v1/sessions/sess_local_alpha/execute status=200
2026-09-28T17:56:30.518260Z  INFO lingxi_service::sessions: run committed and published (post-commit) run_id=run_000001a0e92942b5_0005e6 session_id=sess_local_alpha events=run_000001a0e92942b5_0005e6-done input_chars=22
2026-09-28T17:56:30.518421Z  INFO lingxi_service: request handled request_id=req-b227db5ecc5e9d25a1a32022b14b376f method=POST path=/lingxi/v1/sessions/sess_local_alpha/execute status=200
2026-09-28T17:56:30.519013Z  INFO lingxi_service::sessions: run committed and published (post-commit) run_id=run_000001a0e92942b6_0005e7 session_id=sess_local_alpha events=run_000001a0e92942b6_0005e7-done input_chars=22
2026-09-28T17:56:30.519173Z  INFO lingxi_service: request handled request_id=req-e6206b67e860505ff59aa2cbcca2fff2 method=POST path=/lingxi/v1/sessions/sess_local_alpha/execute status=200
2026-09-28T17:56:30.519811Z  INFO lingxi_service::sessions: run committed and published (post-commit) run_id=run_000001a0e92942b7_0005e8 session_id=sess_local_alpha events=run_000001a0e92942b7_0005e8-done input_chars=22
2026-09-28T17:56:30.519976Z  INFO lingxi_service: request handled request_id=req-d48b63a7163dd693569b27145fe9c908 method=POST path=/lingxi/v1/sessions/sess_local_alpha/execute status=200
2026-09-28T17:56:30.520590Z  INFO lingxi_service::sessions: run committed and published (post-commit) run_id=run_000001a0e92942b8_0005e9 session_id=sess_local_alpha events=run_000001a0e92942b8_0005e9-done input_chars=22
2026-09-28T17:56:30.520747Z  INFO lingxi_service: request handled request_id=req-da339884c3afca46fa52d2fdb8c1ad10 method=POST path=/lingxi/v1/sessions/sess_local_alpha/execute status=200
2026-09-28T17:56:30.521354Z  INFO lingxi_service::sessions: run committed and published (post-commit) run_id=run_000001a0e92942b9_0005ea session_id=sess_local_alpha events=run_000001a0e92942b9_0005ea-done input_chars=22
2026-09-28T17:56:30.521515Z  INFO lingxi_service: request handled request_id=req-3ff4379e84da7bc2b43bb23deab471d9 method=POST path=/lingxi/v1/sessions/sess_local_alpha/execute status=200
2026-09-28T17:56:30.522121Z  INFO lingxi_service::sessions: run committed and published (post-commit) run_id=run_000001a0e92942b9_0005eb session_id=sess_local_alpha events=run_000001a0e92942b9_0005eb-done input_chars=22
2026-09-28T17:56:30.522280Z  INFO lingxi_service: request handled request_id=req-a9f517931bfc39800e2c7d1dff8c4ef9 method=POST path=/lingxi/v1/sessions/sess_local_alpha/execute status=200
2026-09-28T17:56:30.522896Z  INFO lingxi_service::sessions: run committed and published (post-commit) run_id=run_000001a0e92942ba_0005ec session_id=sess_local_alpha events=run_000001a0e92942ba_0005ec-done input_chars=22
2026-09-28T17:56:30.523062Z  INFO lingxi_service: request handled request_id=req-ccba5b06dae610882211e61eb7d75666 method=POST path=/lingxi/v1/sessions/sess_local_alpha/execute status=200
2026-09-28T17:56:30.523696Z  INFO lingxi_service::sessions: run committed and published (post-commit) run_id=run_000001a0e92942bb_0005ed session_id=sess_local_alpha events=run_000001a0e92942bb_0005ed-done input_chars=22
2026-09-28T17:56:30.523858Z  INFO lingxi_service: request handled request_id=req-f9a928f43986ae93a05f0aedce3bcb74 method=POST path=/lingxi/v1/sessions/sess_local_alpha/execute status=200
2026-09-28T17:56:30.524442Z  INFO lingxi_service::sessions: run committed and published (post-commit) run_id=run_000001a0e92942bc_0005ee session_id=sess_local_alpha events=run_000001a0e92942bc_0005ee-done input_chars=22
2026-09-28T17:56:30.524603Z  INFO lingxi_service: request handled request_id=req-e393d06e32dd74b63e84bc4a40cf3deb method=POST path=/lingxi/v1/sessions/sess_local_alpha/execute status=200
2026-09-28T17:56:30.525194Z  INFO lingxi_service::sessions: run committed and published (post-commit) run_id=run_000001a0e92942bc_0005ef session_id=sess_local_alpha events=run_000001a0e92942bc_0005ef-done input_chars=22
2026-09-28T17:56:30.525350Z  INFO lingxi_service: request handled request_id=req-a27d8ee3fd46ce55d031a855a25d3c9e method=POST path=/lingxi/v1/sessions/sess_local_alpha/execute status=200
2026-09-28T17:56:30.525894Z  INFO lingxi_service::sessions: run committed and published (post-commit) run_id=run_000001a0e92942bd_0005f0 session_id=sess_local_alpha events=run_000001a0e92942bd_0005f0-done input_chars=22
2026-09-28T17:56:30.526050Z  INFO lingxi_service: request handled request_id=req-229e4a04d57ce662a9d5190154f81a61 method=POST path=/lingxi/v1/sessions/sess_local_alpha/execute status=200
2026-09-28T17:56:30.526615Z  INFO lingxi_service::sessions: run committed and published (post-commit) run_id=run_000001a0e92942be_0005f1 session_id=sess_local_alpha events=run_000001a0e92942be_0005f1-done input_chars=22
2026-09-28T17:56:30.526777Z  INFO lingxi_service: request handled request_id=req-6a51cc2bd1dba0df0de645347efbfabc method=POST path=/lingxi/v1/sessions/sess_local_alpha/execute status=200
2026-09-28T17:56:30.527347Z  INFO lingxi_service::sessions: run committed and published (post-commit) run_id=run_000001a0e92942bf_0005f2 session_id=sess_local_alpha events=run_000001a0e92942bf_0005f2-done input_chars=22
2026-09-28T17:56:30.527504Z  INFO lingxi_service: request handled request_id=req-95ab20c778a751f29031c935d6ccf66f method=POST path=/lingxi/v1/sessions/sess_local_alpha/execute status=200
2026-09-28T17:56:30.528053Z  INFO lingxi_service::sessions: run committed and published (post-commit) run_id=run_000001a0e92942bf_0005f3 session_id=sess_local_alpha events=run_000001a0e92942bf_0005f3-done input_chars=22
2026-09-28T17:56:30.528210Z  INFO lingxi_service: request handled request_id=req-ad6ba08cf24122cea12497e257e94cb2 method=POST path=/lingxi/v1/sessions/sess_local_alpha/execute status=200
2026-09-28T17:56:30.528782Z  INFO lingxi_service::sessions: run committed and published (post-commit) run_id=run_000001a0e92942c0_0005f4 session_id=sess_local_alpha events=run_000001a0e92942c0_0005f4-done input_chars=22
2026-09-28T17:56:30.528938Z  INFO lingxi_service: request handled request_id=req-95161fe5fb82d9352acbc16a7cb062f5 method=POST path=/lingxi/v1/sessions/sess_local_alpha/execute status=200
2026-09-28T17:56:30.529483Z  INFO lingxi_service::sessions: run committed and published (post-commit) run_id=run_000001a0e92942c1_0005f5 session_id=sess_local_alpha events=run_000001a0e92942c1_0005f5-done input_chars=22
2026-09-28T17:56:30.529638Z  INFO lingxi_service: request handled request_id=req-9d1a36d427767568fa6c4bc2f2e51ac4 method=POST path=/lingxi/v1/sessions/sess_local_alpha/execute status=200
2026-09-28T17:56:30.530181Z  INFO lingxi_service::sessions: run committed and published (post-commit) run_id=run_000001a0e92942c1_0005f6 session_id=sess_local_alpha events=run_000001a0e92942c1_0005f6-done input_chars=22
2026-09-28T17:56:30.530343Z  INFO lingxi_service: request handled request_id=req-83cb825175303f446b55935c50f2d1ac method=POST path=/lingxi/v1/sessions/sess_local_alpha/execute status=200
2026-09-28T17:56:30.530884Z  INFO lingxi_service::sessions: run committed and published (post-commit) run_id=run_000001a0e92942c2_0005f7 session_id=sess_local_alpha events=run_000001a0e92942c2_0005f7-done input_chars=22
2026-09-28T17:56:30.531042Z  INFO lingxi_service: request handled request_id=req-8cffffeeafb386963fc7a94ebc57d3cf method=POST path=/lingxi/v1/sessions/sess_local_alpha/execute status=200
2026-09-28T17:56:30.531611Z  INFO lingxi_service::sessions: run committed and published (post-commit) run_id=run_000001a0e92942c3_0005f8 session_id=sess_local_alpha events=run_000001a0e92942c3_0005f8-done input_chars=22
2026-09-28T17:56:30.531772Z  INFO lingxi_service: request handled request_id=req-5a1abfcef5ff92125fcbd774114789b3 method=POST path=/lingxi/v1/sessions/sess_local_alpha/execute status=200
2026-09-28T17:56:30.532380Z  INFO lingxi_service::sessions: run committed and published (post-commit) run_id=run_000001a0e92942c4_0005f9 session_id=sess_local_alpha events=run_000001a0e92942c4_0005f9-done input_chars=22
2026-09-28T17:56:30.532539Z  INFO lingxi_service: request handled request_id=req-8c42edc1254c0bd03e529fb643a3b9f1 method=POST path=/lingxi/v1/sessions/sess_local_alpha/execute status=200
2026-09-28T17:56:30.533124Z  INFO lingxi_service::sessions: run committed and published (post-commit) run_id=run_000001a0e92942c4_0005fa session_id=sess_local_alpha events=run_000001a0e92942c4_0005fa-done input_chars=22
2026-09-28T17:56:30.533281Z  INFO lingxi_service: request handled request_id=req-f8ae55912b7fe5cc45a9394107328fd3 method=POST path=/lingxi/v1/sessions/sess_local_alpha/execute status=200
2026-09-28T17:56:30.533894Z  INFO lingxi_service::sessions: run committed and published (post-commit) run_id=run_000001a0e92942c5_0005fb session_id=sess_local_alpha events=run_000001a0e92942c5_0005fb-done input_chars=22
2026-09-28T17:56:30.534052Z  INFO lingxi_service: request handled request_id=req-782bb4dca467674566c23ede5e1f5c2f method=POST path=/lingxi/v1/sessions/sess_local_alpha/execute status=200
2026-09-28T17:56:30.534648Z  INFO lingxi_service::sessions: run committed and published (post-commit) run_id=run_000001a0e92942c6_0005fc session_id=sess_local_alpha events=run_000001a0e92942c6_0005fc-done input_chars=22
2026-09-28T17:56:30.534806Z  INFO lingxi_service: request handled request_id=req-cf0bfde782291be8e8292bb2509f93f2 method=POST path=/lingxi/v1/sessions/sess_local_alpha/execute status=200
2026-09-28T17:56:30.535462Z  INFO lingxi_service::sessions: run committed and published (post-commit) run_id=run_000001a0e92942c7_0005fd session_id=sess_local_alpha events=run_000001a0e92942c7_0005fd-done input_chars=22
2026-09-28T17:56:30.535622Z  INFO lingxi_service: request handled request_id=req-dcee98834f26a822ad1ec6e34a9e0a88 method=POST path=/lingxi/v1/sessions/sess_local_alpha/execute status=200
2026-09-28T17:56:30.536214Z  INFO lingxi_service::sessions: run committed and published (post-commit) run_id=run_000001a0e92942c7_0005fe session_id=sess_local_alpha events=run_000001a0e92942c7_0005fe-done input_chars=22
2026-09-28T17:56:30.536375Z  INFO lingxi_service: request handled request_id=req-1df3ef00494abdb3c3814ed5072b9ace method=POST path=/lingxi/v1/sessions/sess_local_alpha/execute status=200
2026-09-28T17:56:30.536969Z  INFO lingxi_service::sessions: run committed and published (post-commit) run_id=run_000001a0e92942c8_0005ff session_id=sess_local_alpha events=run_000001a0e92942c8_0005ff-done input_chars=22
2026-09-28T17:56:30.537131Z  INFO lingxi_service: request handled request_id=req-f1edb9c8d3a49e27464f88a595770f81 method=POST path=/lingxi/v1/sessions/sess_local_alpha/execute status=200
2026-09-28T17:56:30.537710Z  INFO lingxi_service::sessions: run committed and published (post-commit) run_id=run_000001a0e92942c9_000600 session_id=sess_local_alpha events=run_000001a0e92942c9_000600-done input_chars=22
2026-09-28T17:56:30.537873Z  INFO lingxi_service: request handled request_id=req-3c93a0317713b6c654d99fd7b5b28ba8 method=POST path=/lingxi/v1/sessions/sess_local_alpha/execute status=200
2026-09-28T17:56:30.538487Z  INFO lingxi_service::sessions: run committed and published (post-commit) run_id=run_000001a0e92942ca_000601 session_id=sess_local_alpha events=run_000001a0e92942ca_000601-done input_chars=22
2026-09-28T17:56:30.538650Z  INFO lingxi_service: request handled request_id=req-3342f818db2f302d54152c9746ca9d11 method=POST path=/lingxi/v1/sessions/sess_local_alpha/execute status=200
2026-09-28T17:56:30.539286Z  INFO lingxi_service::sessions: run committed and published (post-commit) run_id=run_000001a0e92942ca_000602 session_id=sess_local_alpha events=run_000001a0e92942ca_000602-done input_chars=22
2026-09-28T17:56:30.539442Z  INFO lingxi_service: request handled request_id=req-11231a4872b159f3f359d207b3390971 method=POST path=/lingxi/v1/sessions/sess_local_alpha/execute status=200
2026-09-28T17:56:30.540083Z  INFO lingxi_service::sessions: run committed and published (post-commit) run_id=run_000001a0e92942cb_000603 session_id=sess_local_alpha events=run_000001a0e92942cb_000603-done input_chars=22
2026-09-28T17:56:30.540268Z  INFO lingxi_service: request handled request_id=req-caad1cc891d09ab60c0421405f058125 method=POST path=/lingxi/v1/sessions/sess_local_alpha/execute status=200
2026-09-28T17:56:30.540884Z  INFO lingxi_service::sessions: run committed and published (post-commit) run_id=run_000001a0e92942cc_000604 session_id=sess_local_alpha events=run_000001a0e92942cc_000604-done input_chars=22
2026-09-28T17:56:30.541041Z  INFO lingxi_service: request handled request_id=req-ab4356f6aff209e12005924e9c6b73f7 method=POST path=/lingxi/v1/sessions/sess_local_alpha/execute status=200
2026-09-28T17:56:30.541639Z  INFO lingxi_service::sessions: run committed and published (post-commit) run_id=run_000001a0e92942cd_000605 session_id=sess_local_alpha events=run_000001a0e92942cd_000605-done input_chars=22
2026-09-28T17:56:30.541806Z  INFO lingxi_service: request handled request_id=req-b0833d713d506308af323f845c53b6a1 method=POST path=/lingxi/v1/sessions/sess_local_alpha/execute status=200
2026-09-28T17:56:30.542371Z  INFO lingxi_service::sessions: run committed and published (post-commit) run_id=run_000001a0e92942ce_000606 session_id=sess_local_alpha events=run_000001a0e92942ce_000606-done input_chars=22
2026-09-28T17:56:30.542531Z  INFO lingxi_service: request handled request_id=req-c8012569f8cd5530b1eab929382da6db method=POST path=/lingxi/v1/sessions/sess_local_alpha/execute status=200
2026-09-28T17:56:30.543185Z  INFO lingxi_service::sessions: run committed and published (post-commit) run_id=run_000001a0e92942ce_000607 session_id=sess_local_alpha events=run_000001a0e92942ce_000607-done input_chars=22
2026-09-28T17:56:30.543347Z  INFO lingxi_service: request handled request_id=req-4ed552d7dd0c79d7d74a08938d261bb5 method=POST path=/lingxi/v1/sessions/sess_local_alpha/execute status=200
2026-09-28T17:56:30.543977Z  INFO lingxi_service::sessions: run committed and published (post-commit) run_id=run_000001a0e92942cf_000608 session_id=sess_local_alpha events=run_000001a0e92942cf_000608-done input_chars=22
2026-09-28T17:56:30.544134Z  INFO lingxi_service: request handled request_id=req-8ae00bab26e49b6279cfb633e081190d method=POST path=/lingxi/v1/sessions/sess_local_alpha/execute status=200
2026-09-28T17:56:30.544700Z  INFO lingxi_service::sessions: run committed and published (post-commit) run_id=run_000001a0e92942d0_000609 session_id=sess_local_alpha events=run_000001a0e92942d0_000609-done input_chars=22
2026-09-28T17:56:30.544861Z  INFO lingxi_service: request handled request_id=req-5849e23997a93c45562b9d30abc51d6b method=POST path=/lingxi/v1/sessions/sess_local_alpha/execute status=200
2026-09-28T17:56:30.545524Z  INFO lingxi_service::sessions: run committed and published (post-commit) run_id=run_000001a0e92942d1_00060a session_id=sess_local_alpha events=run_000001a0e92942d1_00060a-done input_chars=22
2026-09-28T17:56:30.545681Z  INFO lingxi_service: request handled request_id=req-3a7ae11bd3bc424f6c7515b1b253b31b method=POST path=/lingxi/v1/sessions/sess_local_alpha/execute status=200
2026-09-28T17:56:30.546706Z  INFO lingxi_service::sessions: run committed and published (post-commit) run_id=run_000001a0e92942d1_00060b session_id=sess_local_alpha events=run_000001a0e92942d1_00060b-done input_chars=22
2026-09-28T17:56:30.546874Z  INFO lingxi_service: request handled request_id=req-596fa367362ac49ee42eab223bdf7324 method=POST path=/lingxi/v1/sessions/sess_local_alpha/execute status=200
2026-09-28T17:56:30.547504Z  INFO lingxi_service::sessions: run committed and published (post-commit) run_id=run_000001a0e92942d3_00060c session_id=sess_local_alpha events=run_000001a0e92942d3_00060c-done input_chars=22
2026-09-28T17:56:30.547663Z  INFO lingxi_service: request handled request_id=req-6687187ef7c56f6719f30217a8570d98 method=POST path=/lingxi/v1/sessions/sess_local_alpha/execute status=200
2026-09-28T17:56:30.548255Z  INFO lingxi_service::sessions: run committed and published (post-commit) run_id=run_000001a0e92942d3_00060d session_id=sess_local_alpha events=run_000001a0e92942d3_00060d-done input_chars=22
2026-09-28T17:56:30.548415Z  INFO lingxi_service: request handled request_id=req-ad4bfbf628e567417bae8f810f547033 method=POST path=/lingxi/v1/sessions/sess_local_alpha/execute status=200
2026-09-28T17:56:30.549044Z  INFO lingxi_service::sessions: run committed and published (post-commit) run_id=run_000001a0e92942d4_00060e session_id=sess_local_alpha events=run_000001a0e92942d4_00060e-done input_chars=22
2026-09-28T17:56:30.549208Z  INFO lingxi_service: request handled request_id=req-1c79f6a40291fc6162808c893731254a method=POST path=/lingxi/v1/sessions/sess_local_alpha/execute status=200
2026-09-28T17:56:30.549764Z  INFO lingxi_service::sessions: run committed and published (post-commit) run_id=run_000001a0e92942d5_00060f session_id=sess_local_alpha events=run_000001a0e92942d5_00060f-done input_chars=22
2026-09-28T17:56:30.549920Z  INFO lingxi_service: request handled request_id=req-67168e8a3905c50a3931b7cfafe61491 method=POST path=/lingxi/v1/sessions/sess_local_alpha/execute status=200
2026-09-28T17:56:30.550463Z  INFO lingxi_service::sessions: run committed and published (post-commit) run_id=run_000001a0e92942d6_000610 session_id=sess_local_alpha events=run_000001a0e92942d6_000610-done input_chars=22
2026-09-28T17:56:30.550620Z  INFO lingxi_service: request handled request_id=req-a2f53cd9fca610a1d03f9363211db4c3 method=POST path=/lingxi/v1/sessions/sess_local_alpha/execute status=200
2026-09-28T17:56:30.551221Z  INFO lingxi_service::sessions: run committed and published (post-commit) run_id=run_000001a0e92942d6_000611 session_id=sess_local_alpha events=run_000001a0e92942d6_000611-done input_chars=22
2026-09-28T17:56:30.551379Z  INFO lingxi_service: request handled request_id=req-d1e638c1621c310e92e8aca90fd4f720 method=POST path=/lingxi/v1/sessions/sess_local_alpha/execute status=200
2026-09-28T17:56:30.551959Z  INFO lingxi_service::sessions: run committed and published (post-commit) run_id=run_000001a0e92942d7_000612 session_id=sess_local_alpha events=run_000001a0e92942d7_000612-done input_chars=22
2026-09-28T17:56:30.552114Z  INFO lingxi_service: request handled request_id=req-1b00cdc75ef8f8c4f7165b4b6b9c00e7 method=POST path=/lingxi/v1/sessions/sess_local_alpha/execute status=200
2026-09-28T17:56:30.552681Z  INFO lingxi_service::sessions: run committed and published (post-commit) run_id=run_000001a0e92942d8_000613 session_id=sess_local_alpha events=run_000001a0e92942d8_000613-done input_chars=22
2026-09-28T17:56:30.552837Z  INFO lingxi_service: request handled request_id=req-ff938d43a6ff3b64efb75f78b98bafee method=POST path=/lingxi/v1/sessions/sess_local_alpha/execute status=200
2026-09-28T17:56:30.553401Z  INFO lingxi_service::sessions: run committed and published (post-commit) run_id=run_000001a0e92942d9_000614 session_id=sess_local_alpha events=run_000001a0e92942d9_000614-done input_chars=22
2026-09-28T17:56:30.553560Z  INFO lingxi_service: request handled request_id=req-f3f62b494dcdc06538a722a83acfafe6 method=POST path=/lingxi/v1/sessions/sess_local_alpha/execute status=200
2026-09-28T17:56:30.554123Z  INFO lingxi_service::sessions: run committed and published (post-commit) run_id=run_000001a0e92942d9_000615 session_id=sess_local_alpha events=run_000001a0e92942d9_000615-done input_chars=22
2026-09-28T17:56:30.554284Z  INFO lingxi_service: request handled request_id=req-756e31d51958571a5e8aea750ffb761a method=POST path=/lingxi/v1/sessions/sess_local_alpha/execute status=200
2026-09-28T17:56:30.554872Z  INFO lingxi_service::sessions: run committed and published (post-commit) run_id=run_000001a0e92942da_000616 session_id=sess_local_alpha events=run_000001a0e92942da_000616-done input_chars=22
2026-09-28T17:56:30.555032Z  INFO lingxi_service: request handled request_id=req-bd7312547f279e322b3597e572a64790 method=POST path=/lingxi/v1/sessions/sess_local_alpha/execute status=200
2026-09-28T17:56:30.555669Z  INFO lingxi_service::sessions: run committed and published (post-commit) run_id=run_000001a0e92942db_000617 session_id=sess_local_alpha events=run_000001a0e92942db_000617-done input_chars=22
2026-09-28T17:56:30.555826Z  INFO lingxi_service: request handled request_id=req-227407bb780e94c3831db9cd1ea4cb84 method=POST path=/lingxi/v1/sessions/sess_local_alpha/execute status=200
2026-09-28T17:56:30.556380Z  INFO lingxi_service::sessions: run committed and published (post-commit) run_id=run_000001a0e92942dc_000618 session_id=sess_local_alpha events=run_000001a0e92942dc_000618-done input_chars=22
2026-09-28T17:56:30.556540Z  INFO lingxi_service: request handled request_id=req-22c4f665dd1e243a9437dad54c297a2e method=POST path=/lingxi/v1/sessions/sess_local_alpha/execute status=200
2026-09-28T17:56:30.557115Z  INFO lingxi_service::sessions: run committed and published (post-commit) run_id=run_000001a0e92942dc_000619 session_id=sess_local_alpha events=run_000001a0e92942dc_000619-done input_chars=22
2026-09-28T17:56:30.557275Z  INFO lingxi_service: request handled request_id=req-485762ef861bdf59befeef5a0cd12788 method=POST path=/lingxi/v1/sessions/sess_local_alpha/execute status=200
2026-09-28T17:56:30.557865Z  INFO lingxi_service::sessions: run committed and published (post-commit) run_id=run_000001a0e92942dd_00061a session_id=sess_local_alpha events=run_000001a0e92942dd_00061a-done input_chars=22
2026-09-28T17:56:30.558022Z  INFO lingxi_service: request handled request_id=req-0ba3b42a8216149dd49aba46a077ab1f method=POST path=/lingxi/v1/sessions/sess_local_alpha/execute status=200
2026-09-28T17:56:30.558578Z  INFO lingxi_service::sessions: run committed and published (post-commit) run_id=run_000001a0e92942de_00061b session_id=sess_local_alpha events=run_000001a0e92942de_00061b-done input_chars=22
2026-09-28T17:56:30.558734Z  INFO lingxi_service: request handled request_id=req-64a7c650ea58f8d95a99ef3031750510 method=POST path=/lingxi/v1/sessions/sess_local_alpha/execute status=200
2026-09-28T17:56:30.559383Z  INFO lingxi_service::sessions: run committed and published (post-commit) run_id=run_000001a0e92942de_00061c session_id=sess_local_alpha events=run_000001a0e92942de_00061c-done input_chars=22
2026-09-28T17:56:30.559544Z  INFO lingxi_service: request handled request_id=req-9ef4e6016f33205eb699e5f36828d9c2 method=POST path=/lingxi/v1/sessions/sess_local_alpha/execute status=200
2026-09-28T17:56:30.560116Z  INFO lingxi_service::sessions: run committed and published (post-commit) run_id=run_000001a0e92942df_00061d session_id=sess_local_alpha events=run_000001a0e92942df_00061d-done input_chars=22
2026-09-28T17:56:30.560277Z  INFO lingxi_service: request handled request_id=req-59ad670daab4bd7cfef68bd47ceebfb7 method=POST path=/lingxi/v1/sessions/sess_local_alpha/execute status=200
2026-09-28T17:56:30.560895Z  INFO lingxi_service::sessions: run committed and published (post-commit) run_id=run_000001a0e92942e0_00061e session_id=sess_local_alpha events=run_000001a0e92942e0_00061e-done input_chars=22
2026-09-28T17:56:30.561055Z  INFO lingxi_service: request handled request_id=req-ae8bb6f3c1e54f52f092f7cc8ff8c256 method=POST path=/lingxi/v1/sessions/sess_local_alpha/execute status=200
2026-09-28T17:56:30.561701Z  INFO lingxi_service::sessions: run committed and published (post-commit) run_id=run_000001a0e92942e1_00061f session_id=sess_local_alpha events=run_000001a0e92942e1_00061f-done input_chars=22
2026-09-28T17:56:30.561861Z  INFO lingxi_service: request handled request_id=req-425822c75d19ef9fbe16b44bcd82615f method=POST path=/lingxi/v1/sessions/sess_local_alpha/execute status=200
2026-09-28T17:56:30.562462Z  INFO lingxi_service::sessions: run committed and published (post-commit) run_id=run_000001a0e92942e2_000620 session_id=sess_local_alpha events=run_000001a0e92942e2_000620-done input_chars=22
2026-09-28T17:56:30.562624Z  INFO lingxi_service: request handled request_id=req-edfdedb9ad021936f0bd22b26fde2ed1 method=POST path=/lingxi/v1/sessions/sess_local_alpha/execute status=200
2026-09-28T17:56:30.563267Z  INFO lingxi_service::sessions: run committed and published (post-commit) run_id=run_000001a0e92942e2_000621 session_id=sess_local_alpha events=run_000001a0e92942e2_000621-done input_chars=22
2026-09-28T17:56:30.563423Z  INFO lingxi_service: request handled request_id=req-e70d6533626984d6a90322247b56d10d method=POST path=/lingxi/v1/sessions/sess_local_alpha/execute status=200
2026-09-28T17:56:30.564041Z  INFO lingxi_service::sessions: run committed and published (post-commit) run_id=run_000001a0e92942e3_000622 session_id=sess_local_alpha events=run_000001a0e92942e3_000622-done input_chars=22
2026-09-28T17:56:30.564198Z  INFO lingxi_service: request handled request_id=req-4e35731d6fcb185ddeacdd53e624e0bd method=POST path=/lingxi/v1/sessions/sess_local_alpha/execute status=200
2026-09-28T17:56:30.564782Z  INFO lingxi_service::sessions: run committed and published (post-commit) run_id=run_000001a0e92942e4_000623 session_id=sess_local_alpha events=run_000001a0e92942e4_000623-done input_chars=22
2026-09-28T17:56:30.564945Z  INFO lingxi_service: request handled request_id=req-785c03f6f5d9afc944a23437951da2a9 method=POST path=/lingxi/v1/sessions/sess_local_alpha/execute status=200
2026-09-28T17:56:30.565527Z  INFO lingxi_service::sessions: run committed and published (post-commit) run_id=run_000001a0e92942e5_000624 session_id=sess_local_alpha events=run_000001a0e92942e5_000624-done input_chars=22
2026-09-28T17:56:30.565685Z  INFO lingxi_service: request handled request_id=req-78aae43e134a0864e696af1e1cce44cd method=POST path=/lingxi/v1/sessions/sess_local_alpha/execute status=200
2026-09-28T17:56:30.566317Z  INFO lingxi_service::sessions: run committed and published (post-commit) run_id=run_000001a0e92942e5_000625 session_id=sess_local_alpha events=run_000001a0e92942e5_000625-done input_chars=22
2026-09-28T17:56:30.566475Z  INFO lingxi_service: request handled request_id=req-6ba9b195e8d9949860261e4310dec8f1 method=POST path=/lingxi/v1/sessions/sess_local_alpha/execute status=200
2026-09-28T17:56:30.567058Z  INFO lingxi_service::sessions: run committed and published (post-commit) run_id=run_000001a0e92942e6_000626 session_id=sess_local_alpha events=run_000001a0e92942e6_000626-done input_chars=22
2026-09-28T17:56:30.567219Z  INFO lingxi_service: request handled request_id=req-77a79dd42d815137314a114792d6969f method=POST path=/lingxi/v1/sessions/sess_local_alpha/execute status=200
2026-09-28T17:56:30.567767Z  INFO lingxi_service::sessions: run committed and published (post-commit) run_id=run_000001a0e92942e7_000627 session_id=sess_local_alpha events=run_000001a0e92942e7_000627-done input_chars=22
2026-09-28T17:56:30.567927Z  INFO lingxi_service: request handled request_id=req-2f37195b745719a7c10e660791f3b2df method=POST path=/lingxi/v1/sessions/sess_local_alpha/execute status=200
2026-09-28T17:56:30.568521Z  INFO lingxi_service::sessions: run committed and published (post-commit) run_id=run_000001a0e92942e8_000628 session_id=sess_local_alpha events=run_000001a0e92942e8_000628-done input_chars=22
2026-09-28T17:56:30.568680Z  INFO lingxi_service: request handled request_id=req-88c6898878d7c2b9d14c8ba7f0e41bf4 method=POST path=/lingxi/v1/sessions/sess_local_alpha/execute status=200
2026-09-28T17:56:30.569248Z  INFO lingxi_service::sessions: run committed and published (post-commit) run_id=run_000001a0e92942e8_000629 session_id=sess_local_alpha events=run_000001a0e92942e8_000629-done input_chars=22
2026-09-28T17:56:30.569406Z  INFO lingxi_service: request handled request_id=req-34bdee97076aa560558b547505419c41 method=POST path=/lingxi/v1/sessions/sess_local_alpha/execute status=200
2026-09-28T17:56:30.570044Z  INFO lingxi_service::sessions: run committed and published (post-commit) run_id=run_000001a0e92942e9_00062a session_id=sess_local_alpha events=run_000001a0e92942e9_00062a-done input_chars=22
2026-09-28T17:56:30.570206Z  INFO lingxi_service: request handled request_id=req-b344292a6aa52e8d05983337e378fe3b method=POST path=/lingxi/v1/sessions/sess_local_alpha/execute status=200
2026-09-28T17:56:30.570755Z  INFO lingxi_service::sessions: run committed and published (post-commit) run_id=run_000001a0e92942ea_00062b session_id=sess_local_alpha events=run_000001a0e92942ea_00062b-done input_chars=22
2026-09-28T17:56:30.570916Z  INFO lingxi_service: request handled request_id=req-0ef4b0a6d4e98f76b165eea945aa605a method=POST path=/lingxi/v1/sessions/sess_local_alpha/execute status=200
2026-09-28T17:56:30.571470Z  INFO lingxi_service::sessions: run committed and published (post-commit) run_id=run_000001a0e92942eb_00062c session_id=sess_local_alpha events=run_000001a0e92942eb_00062c-done input_chars=22
2026-09-28T17:56:30.571631Z  INFO lingxi_service: request handled request_id=req-c574b63bea359e9445caf73f40c7a954 method=POST path=/lingxi/v1/sessions/sess_local_alpha/execute status=200
2026-09-28T17:56:30.572171Z  INFO lingxi_service::sessions: run committed and published (post-commit) run_id=run_000001a0e92942eb_00062d session_id=sess_local_alpha events=run_000001a0e92942eb_00062d-done input_chars=22
2026-09-28T17:56:30.572330Z  INFO lingxi_service: request handled request_id=req-c10e9e8908f70eb19f24aafc4f432206 method=POST path=/lingxi/v1/sessions/sess_local_alpha/execute status=200
2026-09-28T17:56:30.572893Z  INFO lingxi_service::sessions: run committed and published (post-commit) run_id=run_000001a0e92942ec_00062e session_id=sess_local_alpha events=run_000001a0e92942ec_00062e-done input_chars=22
2026-09-28T17:56:30.573051Z  INFO lingxi_service: request handled request_id=req-a19fe825de8f7a15f62445fa316a366c method=POST path=/lingxi/v1/sessions/sess_local_alpha/execute status=200
2026-09-28T17:56:30.573587Z  INFO lingxi_service::sessions: run committed and published (post-commit) run_id=run_000001a0e92942ed_00062f session_id=sess_local_alpha events=run_000001a0e92942ed_00062f-done input_chars=22
2026-09-28T17:56:30.573744Z  INFO lingxi_service: request handled request_id=req-a96e5a5288d9c612721177f2c6d7e361 method=POST path=/lingxi/v1/sessions/sess_local_alpha/execute status=200
2026-09-28T17:56:30.574287Z  INFO lingxi_service::sessions: run committed and published (post-commit) run_id=run_000001a0e92942ed_000630 session_id=sess_local_alpha events=run_000001a0e92942ed_000630-done input_chars=22
2026-09-28T17:56:30.574448Z  INFO lingxi_service: request handled request_id=req-a5fd4b775659f4f85c121576a749fc57 method=POST path=/lingxi/v1/sessions/sess_local_alpha/execute status=200
2026-09-28T17:56:30.575036Z  INFO lingxi_service::sessions: run committed and published (post-commit) run_id=run_000001a0e92942ee_000631 session_id=sess_local_alpha events=run_000001a0e92942ee_000631-done input_chars=22
2026-09-28T17:56:30.575194Z  INFO lingxi_service: request handled request_id=req-75557f7198f2a02bc0c39261578589d7 method=POST path=/lingxi/v1/sessions/sess_local_alpha/execute status=200
2026-09-28T17:56:30.575749Z  INFO lingxi_service::sessions: run committed and published (post-commit) run_id=run_000001a0e92942ef_000632 session_id=sess_local_alpha events=run_000001a0e92942ef_000632-done input_chars=22
2026-09-28T17:56:30.575906Z  INFO lingxi_service: request handled request_id=req-72f11322babc771fe81fc9774b75558c method=POST path=/lingxi/v1/sessions/sess_local_alpha/execute status=200
2026-09-28T17:56:30.576466Z  INFO lingxi_service::sessions: run committed and published (post-commit) run_id=run_000001a0e92942f0_000633 session_id=sess_local_alpha events=run_000001a0e92942f0_000633-done input_chars=22
2026-09-28T17:56:30.576625Z  INFO lingxi_service: request handled request_id=req-021ef08bcc0378027720727d0e9e3756 method=POST path=/lingxi/v1/sessions/sess_local_alpha/execute status=200
2026-09-28T17:56:30.577210Z  INFO lingxi_service::sessions: run committed and published (post-commit) run_id=run_000001a0e92942f0_000634 session_id=sess_local_alpha events=run_000001a0e92942f0_000634-done input_chars=22
2026-09-28T17:56:30.577368Z  INFO lingxi_service: request handled request_id=req-51ea1bfdc3d2e4578903bf8c1b356b1a method=POST path=/lingxi/v1/sessions/sess_local_alpha/execute status=200
2026-09-28T17:56:30.577912Z  INFO lingxi_service::sessions: run committed and published (post-commit) run_id=run_000001a0e92942f1_000635 session_id=sess_local_alpha events=run_000001a0e92942f1_000635-done input_chars=22
2026-09-28T17:56:30.578068Z  INFO lingxi_service: request handled request_id=req-120f9d3ff19dff51b8f426a8784a7f68 method=POST path=/lingxi/v1/sessions/sess_local_alpha/execute status=200
2026-09-28T17:56:30.578662Z  INFO lingxi_service::sessions: run committed and published (post-commit) run_id=run_000001a0e92942f2_000636 session_id=sess_local_alpha events=run_000001a0e92942f2_000636-done input_chars=22
2026-09-28T17:56:30.578822Z  INFO lingxi_service: request handled request_id=req-26423d59393439d8fe780655d96d2e7d method=POST path=/lingxi/v1/sessions/sess_local_alpha/execute status=200
2026-09-28T17:56:30.579400Z  INFO lingxi_service::sessions: run committed and published (post-commit) run_id=run_000001a0e92942f3_000637 session_id=sess_local_alpha events=run_000001a0e92942f3_000637-done input_chars=22
2026-09-28T17:56:30.579558Z  INFO lingxi_service: request handled request_id=req-4bc8be29df4fb719d4ef4b83e0644884 method=POST path=/lingxi/v1/sessions/sess_local_alpha/execute status=200
2026-09-28T17:56:30.580152Z  INFO lingxi_service::sessions: run committed and published (post-commit) run_id=run_000001a0e92942f3_000638 session_id=sess_local_alpha events=run_000001a0e92942f3_000638-done input_chars=22
2026-09-28T17:56:30.580311Z  INFO lingxi_service: request handled request_id=req-e294a58d8a5f3b2ac3dc077ccd46ca56 method=POST path=/lingxi/v1/sessions/sess_local_alpha/execute status=200
2026-09-28T17:56:30.580861Z  INFO lingxi_service::sessions: run committed and published (post-commit) run_id=run_000001a0e92942f4_000639 session_id=sess_local_alpha events=run_000001a0e92942f4_000639-done input_chars=22
2026-09-28T17:56:30.581018Z  INFO lingxi_service: request handled request_id=req-47f1483605aca8bdb597353334d23c60 method=POST path=/lingxi/v1/sessions/sess_local_alpha/execute status=200
2026-09-28T17:56:30.581589Z  INFO lingxi_service::sessions: run committed and published (post-commit) run_id=run_000001a0e92942f5_00063a session_id=sess_local_alpha events=run_000001a0e92942f5_00063a-done input_chars=22
2026-09-28T17:56:30.581748Z  INFO lingxi_service: request handled request_id=req-91c85de5434d4f4a50e9b0ca27870b7b method=POST path=/lingxi/v1/sessions/sess_local_alpha/execute status=200
2026-09-28T17:56:30.582295Z  INFO lingxi_service::sessions: run committed and published (post-commit) run_id=run_000001a0e92942f5_00063b session_id=sess_local_alpha events=run_000001a0e92942f5_00063b-done input_chars=22
2026-09-28T17:56:30.582452Z  INFO lingxi_service: request handled request_id=req-ea63c4c455c5172d057709c7d6eb1e32 method=POST path=/lingxi/v1/sessions/sess_local_alpha/execute status=200
2026-09-28T17:56:30.583006Z  INFO lingxi_service::sessions: run committed and published (post-commit) run_id=run_000001a0e92942f6_00063c session_id=sess_local_alpha events=run_000001a0e92942f6_00063c-done input_chars=22
2026-09-28T17:56:30.583163Z  INFO lingxi_service: request handled request_id=req-d20c7968f3e38243b823fe75d8e85b0e method=POST path=/lingxi/v1/sessions/sess_local_alpha/execute status=200
2026-09-28T17:56:30.583700Z  INFO lingxi_service::sessions: run committed and published (post-commit) run_id=run_000001a0e92942f7_00063d session_id=sess_local_alpha events=run_000001a0e92942f7_00063d-done input_chars=22
2026-09-28T17:56:30.583857Z  INFO lingxi_service: request handled request_id=req-7998bf4533682bfd18cdd926d5987e41 method=POST path=/lingxi/v1/sessions/sess_local_alpha/execute status=200
2026-09-28T17:56:30.584413Z  INFO lingxi_service::sessions: run committed and published (post-commit) run_id=run_000001a0e92942f8_00063e session_id=sess_local_alpha events=run_000001a0e92942f8_00063e-done input_chars=22
2026-09-28T17:56:30.584570Z  INFO lingxi_service: request handled request_id=req-2d2af29f06d42bd97b7cb577c4e06ca6 method=POST path=/lingxi/v1/sessions/sess_local_alpha/execute status=200
2026-09-28T17:56:30.585116Z  INFO lingxi_service::sessions: run committed and published (post-commit) run_id=run_000001a0e92942f8_00063f session_id=sess_local_alpha events=run_000001a0e92942f8_00063f-done input_chars=22
2026-09-28T17:56:30.585273Z  INFO lingxi_service: request handled request_id=req-f2a19b7c700b23f4b35b65b657e61f74 method=POST path=/lingxi/v1/sessions/sess_local_alpha/execute status=200
2026-09-28T17:56:30.585801Z  INFO lingxi_service::sessions: run committed and published (post-commit) run_id=run_000001a0e92942f9_000640 session_id=sess_local_alpha events=run_000001a0e92942f9_000640-done input_chars=22
2026-09-28T17:56:30.585958Z  INFO lingxi_service: request handled request_id=req-447894cfc98a5896d394663f88640249 method=POST path=/lingxi/v1/sessions/sess_local_alpha/execute status=200
2026-09-28T17:56:30.586898Z  INFO lingxi_service::sessions: run committed and published (post-commit) run_id=run_000001a0e92942fa_000641 session_id=sess_local_alpha events=run_000001a0e92942fa_000641-done input_chars=22
2026-09-28T17:56:30.587057Z  INFO lingxi_service: request handled request_id=req-532ee65bb031bb21428fcf94b59b810a method=POST path=/lingxi/v1/sessions/sess_local_alpha/execute status=200
2026-09-28T17:56:30.587606Z  INFO lingxi_service::sessions: run committed and published (post-commit) run_id=run_000001a0e92942fb_000642 session_id=sess_local_alpha events=run_000001a0e92942fb_000642-done input_chars=22
2026-09-28T17:56:30.587763Z  INFO lingxi_service: request handled request_id=req-ea519df6e3a738fdde6f8483f61715ae method=POST path=/lingxi/v1/sessions/sess_local_alpha/execute status=200
2026-09-28T17:56:30.588350Z  INFO lingxi_service::sessions: run committed and published (post-commit) run_id=run_000001a0e92942fc_000643 session_id=sess_local_alpha events=run_000001a0e92942fc_000643-done input_chars=22
2026-09-28T17:56:30.588514Z  INFO lingxi_service: request handled request_id=req-49b1b47b80350b0f154b54db8c1bdad6 method=POST path=/lingxi/v1/sessions/sess_local_alpha/execute status=200
2026-09-28T17:56:30.589081Z  INFO lingxi_service::sessions: run committed and published (post-commit) run_id=run_000001a0e92942fc_000644 session_id=sess_local_alpha events=run_000001a0e92942fc_000644-done input_chars=22
2026-09-28T17:56:30.589237Z  INFO lingxi_service: request handled request_id=req-adfb9cd6982f6ba0c3fe8cb0761393c4 method=POST path=/lingxi/v1/sessions/sess_local_alpha/execute status=200
2026-09-28T17:56:30.589780Z  INFO lingxi_service::sessions: run committed and published (post-commit) run_id=run_000001a0e92942fd_000645 session_id=sess_local_alpha events=run_000001a0e92942fd_000645-done input_chars=22
2026-09-28T17:56:30.589938Z  INFO lingxi_service: request handled request_id=req-da7b9d6bc0f1b5f6d7a461242b3a5992 method=POST path=/lingxi/v1/sessions/sess_local_alpha/execute status=200
2026-09-28T17:56:30.592246Z  INFO lingxi_service::sessions: run committed and published (post-commit) run_id=run_000001a0e92942ff_000646 session_id=sess_local_alpha events=run_000001a0e92942ff_000646-done input_chars=22
2026-09-28T17:56:30.592422Z  INFO lingxi_service: request handled request_id=req-f76f57d201045c6f33cf6cc799b59abb method=POST path=/lingxi/v1/sessions/sess_local_alpha/execute status=200
2026-09-28T17:56:30.593010Z  INFO lingxi_service::sessions: run committed and published (post-commit) run_id=run_000001a0e9294300_000647 session_id=sess_local_alpha events=run_000001a0e9294300_000647-done input_chars=22
2026-09-28T17:56:30.593179Z  INFO lingxi_service: request handled request_id=req-f9b1aec7fb313b36f6207af58193bc59 method=POST path=/lingxi/v1/sessions/sess_local_alpha/execute status=200
2026-09-28T17:56:30.593793Z  INFO lingxi_service::sessions: run committed and published (post-commit) run_id=run_000001a0e9294301_000648 session_id=sess_local_alpha events=run_000001a0e9294301_000648-done input_chars=22
2026-09-28T17:56:30.593956Z  INFO lingxi_service: request handled request_id=req-aa197ccae6ade60f94ff90dba25548e7 method=POST path=/lingxi/v1/sessions/sess_local_alpha/execute status=200
2026-09-28T17:56:30.594522Z  INFO lingxi_service::sessions: run committed and published (post-commit) run_id=run_000001a0e9294302_000649 session_id=sess_local_alpha events=run_000001a0e9294302_000649-done input_chars=22
2026-09-28T17:56:30.594688Z  INFO lingxi_service: request handled request_id=req-f47d844f8951a575e2f9378f97bd9f31 method=POST path=/lingxi/v1/sessions/sess_local_alpha/execute status=200
2026-09-28T17:56:30.595318Z  INFO lingxi_service::sessions: run committed and published (post-commit) run_id=run_000001a0e9294302_00064a session_id=sess_local_alpha events=run_000001a0e9294302_00064a-done input_chars=22
2026-09-28T17:56:30.595485Z  INFO lingxi_service: request handled request_id=req-91a456842e92414995bb6b6d0220139c method=POST path=/lingxi/v1/sessions/sess_local_alpha/execute status=200
2026-09-28T17:56:30.596111Z  INFO lingxi_service::sessions: run committed and published (post-commit) run_id=run_000001a0e9294303_00064b session_id=sess_local_alpha events=run_000001a0e9294303_00064b-done input_chars=22
2026-09-28T17:56:30.596272Z  INFO lingxi_service: request handled request_id=req-29a26ab60c9cad8c970053d12cbf8bf2 method=POST path=/lingxi/v1/sessions/sess_local_alpha/execute status=200
2026-09-28T17:56:30.596850Z  INFO lingxi_service::sessions: run committed and published (post-commit) run_id=run_000001a0e9294304_00064c session_id=sess_local_alpha events=run_000001a0e9294304_00064c-done input_chars=22
2026-09-28T17:56:30.597011Z  INFO lingxi_service: request handled request_id=req-86f01f2facf67e2e9c0a94514afb5c67 method=POST path=/lingxi/v1/sessions/sess_local_alpha/execute status=200
2026-09-28T17:56:30.597610Z  INFO lingxi_service::sessions: run committed and published (post-commit) run_id=run_000001a0e9294305_00064d session_id=sess_local_alpha events=run_000001a0e9294305_00064d-done input_chars=22
2026-09-28T17:56:30.597767Z  INFO lingxi_service: request handled request_id=req-f795de8e7d38d0727d22171518453033 method=POST path=/lingxi/v1/sessions/sess_local_alpha/execute status=200
2026-09-28T17:56:30.598354Z  INFO lingxi_service::sessions: run committed and published (post-commit) run_id=run_000001a0e9294306_00064e session_id=sess_local_alpha events=run_000001a0e9294306_00064e-done input_chars=22
2026-09-28T17:56:30.598512Z  INFO lingxi_service: request handled request_id=req-2a6fd07a2ec837ad4508e2fb7b503561 method=POST path=/lingxi/v1/sessions/sess_local_alpha/execute status=200
2026-09-28T17:56:30.599092Z  INFO lingxi_service::sessions: run committed and published (post-commit) run_id=run_000001a0e9294306_00064f session_id=sess_local_alpha events=run_000001a0e9294306_00064f-done input_chars=22
2026-09-28T17:56:30.599258Z  INFO lingxi_service: request handled request_id=req-d70c76e335af0b221c8b2c62e7d4cab0 method=POST path=/lingxi/v1/sessions/sess_local_alpha/execute status=200
2026-09-28T17:56:30.599876Z  INFO lingxi_service::sessions: run committed and published (post-commit) run_id=run_000001a0e9294307_000650 session_id=sess_local_alpha events=run_000001a0e9294307_000650-done input_chars=22
2026-09-28T17:56:30.600039Z  INFO lingxi_service: request handled request_id=req-99bffc3b551b1ebc4932a8f6f7c1a537 method=POST path=/lingxi/v1/sessions/sess_local_alpha/execute status=200
2026-09-28T17:56:30.600618Z  INFO lingxi_service::sessions: run committed and published (post-commit) run_id=run_000001a0e9294308_000651 session_id=sess_local_alpha events=run_000001a0e9294308_000651-done input_chars=22
2026-09-28T17:56:30.600779Z  INFO lingxi_service: request handled request_id=req-894dc280f3d188f1e8af8d17a4fa2a77 method=POST path=/lingxi/v1/sessions/sess_local_alpha/execute status=200
2026-09-28T17:56:30.601446Z  INFO lingxi_service::sessions: run committed and published (post-commit) run_id=run_000001a0e9294309_000652 session_id=sess_local_alpha events=run_000001a0e9294309_000652-done input_chars=22
2026-09-28T17:56:30.601609Z  INFO lingxi_service: request handled request_id=req-6b57e81118d982427f2dcde369990bc1 method=POST path=/lingxi/v1/sessions/sess_local_alpha/execute status=200
2026-09-28T17:56:30.602226Z  INFO lingxi_service::sessions: run committed and published (post-commit) run_id=run_000001a0e9294309_000653 session_id=sess_local_alpha events=run_000001a0e9294309_000653-done input_chars=22
2026-09-28T17:56:30.602383Z  INFO lingxi_service: request handled request_id=req-4279eb618413a5cb1ff5c7f5fa01603b method=POST path=/lingxi/v1/sessions/sess_local_alpha/execute status=200
2026-09-28T17:56:30.602989Z  INFO lingxi_service::sessions: run committed and published (post-commit) run_id=run_000001a0e929430a_000654 session_id=sess_local_alpha events=run_000001a0e929430a_000654-done input_chars=22
2026-09-28T17:56:30.603146Z  INFO lingxi_service: request handled request_id=req-46899454c02694b30541ce2e0753c874 method=POST path=/lingxi/v1/sessions/sess_local_alpha/execute status=200
2026-09-28T17:56:30.603707Z  INFO lingxi_service::sessions: run committed and published (post-commit) run_id=run_000001a0e929430b_000655 session_id=sess_local_alpha events=run_000001a0e929430b_000655-done input_chars=22
2026-09-28T17:56:30.603867Z  INFO lingxi_service: request handled request_id=req-f897498c6a772d1f532871bbf4acabd2 method=POST path=/lingxi/v1/sessions/sess_local_alpha/execute status=200
2026-09-28T17:56:30.604488Z  INFO lingxi_service::sessions: run committed and published (post-commit) run_id=run_000001a0e929430c_000656 session_id=sess_local_alpha events=run_000001a0e929430c_000656-done input_chars=22
2026-09-28T17:56:30.604648Z  INFO lingxi_service: request handled request_id=req-47ad79d10ab4b37baa1dcb4f08e34db6 method=POST path=/lingxi/v1/sessions/sess_local_alpha/execute status=200
2026-09-28T17:56:30.605211Z  INFO lingxi_service::sessions: run committed and published (post-commit) run_id=run_000001a0e929430c_000657 session_id=sess_local_alpha events=run_000001a0e929430c_000657-done input_chars=22
2026-09-28T17:56:30.605371Z  INFO lingxi_service: request handled request_id=req-0d5f12455fceb06dcadc1128bfed27de method=POST path=/lingxi/v1/sessions/sess_local_alpha/execute status=200
2026-09-28T17:56:30.605925Z  INFO lingxi_service::sessions: run committed and published (post-commit) run_id=run_000001a0e929430d_000658 session_id=sess_local_alpha events=run_000001a0e929430d_000658-done input_chars=22
2026-09-28T17:56:30.606085Z  INFO lingxi_service: request handled request_id=req-994a0a30a14268ee2026e117da887d15 method=POST path=/lingxi/v1/sessions/sess_local_alpha/execute status=200
2026-09-28T17:56:30.606637Z  INFO lingxi_service::sessions: run committed and published (post-commit) run_id=run_000001a0e929430e_000659 session_id=sess_local_alpha events=run_000001a0e929430e_000659-done input_chars=22
2026-09-28T17:56:30.606796Z  INFO lingxi_service: request handled request_id=req-39ec57d89fdb4cc3d691e76ce63690a7 method=POST path=/lingxi/v1/sessions/sess_local_alpha/execute status=200
2026-09-28T17:56:30.607410Z  INFO lingxi_service::sessions: run committed and published (post-commit) run_id=run_000001a0e929430f_00065a session_id=sess_local_alpha events=run_000001a0e929430f_00065a-done input_chars=22
2026-09-28T17:56:30.607568Z  INFO lingxi_service: request handled request_id=req-1fdba83811c6636cdbc3c7a5856b5efc method=POST path=/lingxi/v1/sessions/sess_local_alpha/execute status=200
2026-09-28T17:56:30.608135Z  INFO lingxi_service::sessions: run committed and published (post-commit) run_id=run_000001a0e929430f_00065b session_id=sess_local_alpha events=run_000001a0e929430f_00065b-done input_chars=22
2026-09-28T17:56:30.608296Z  INFO lingxi_service: request handled request_id=req-4c5b7a0e0e7a4bc9e8135df6e5e3afbe method=POST path=/lingxi/v1/sessions/sess_local_alpha/execute status=200
2026-09-28T17:56:30.608857Z  INFO lingxi_service::sessions: run committed and published (post-commit) run_id=run_000001a0e9294310_00065c session_id=sess_local_alpha events=run_000001a0e9294310_00065c-done input_chars=22
2026-09-28T17:56:30.609014Z  INFO lingxi_service: request handled request_id=req-58bfa202797604695209c89c78f8159e method=POST path=/lingxi/v1/sessions/sess_local_alpha/execute status=200
2026-09-28T17:56:30.609560Z  INFO lingxi_service::sessions: run committed and published (post-commit) run_id=run_000001a0e9294311_00065d session_id=sess_local_alpha events=run_000001a0e9294311_00065d-done input_chars=22
2026-09-28T17:56:30.609717Z  INFO lingxi_service: request handled request_id=req-fcb3b36f244e5b7d21ecf77c834b1fbc method=POST path=/lingxi/v1/sessions/sess_local_alpha/execute status=200
2026-09-28T17:56:30.610284Z  INFO lingxi_service::sessions: run committed and published (post-commit) run_id=run_000001a0e9294311_00065e session_id=sess_local_alpha events=run_000001a0e9294311_00065e-done input_chars=22
2026-09-28T17:56:30.610444Z  INFO lingxi_service: request handled request_id=req-e026a9aa306711217ce47b4c326e03c4 method=POST path=/lingxi/v1/sessions/sess_local_alpha/execute status=200
2026-09-28T17:56:30.610998Z  INFO lingxi_service::sessions: run committed and published (post-commit) run_id=run_000001a0e9294312_00065f session_id=sess_local_alpha events=run_000001a0e9294312_00065f-done input_chars=22
2026-09-28T17:56:30.611158Z  INFO lingxi_service: request handled request_id=req-150e82ae51564890f4673fd5fd44d6ad method=POST path=/lingxi/v1/sessions/sess_local_alpha/execute status=200
2026-09-28T17:56:30.611709Z  INFO lingxi_service::sessions: run committed and published (post-commit) run_id=run_000001a0e9294313_000660 session_id=sess_local_alpha events=run_000001a0e9294313_000660-done input_chars=22
2026-09-28T17:56:30.611866Z  INFO lingxi_service: request handled request_id=req-9d49e956ceecbcb62fbe6c2d30f208ed method=POST path=/lingxi/v1/sessions/sess_local_alpha/execute status=200
2026-09-28T17:56:30.612443Z  INFO lingxi_service::sessions: run committed and published (post-commit) run_id=run_000001a0e9294314_000661 session_id=sess_local_alpha events=run_000001a0e9294314_000661-done input_chars=22
2026-09-28T17:56:30.612602Z  INFO lingxi_service: request handled request_id=req-913e751f2770e5dfeb6a7d44018cdf93 method=POST path=/lingxi/v1/sessions/sess_local_alpha/execute status=200
2026-09-28T17:56:30.613132Z  INFO lingxi_service::sessions: run committed and published (post-commit) run_id=run_000001a0e9294314_000662 session_id=sess_local_alpha events=run_000001a0e9294314_000662-done input_chars=22
2026-09-28T17:56:30.613288Z  INFO lingxi_service: request handled request_id=req-2cf7f29fd5950f09cec8d42b41ec009b method=POST path=/lingxi/v1/sessions/sess_local_alpha/execute status=200
2026-09-28T17:56:30.613839Z  INFO lingxi_service::sessions: run committed and published (post-commit) run_id=run_000001a0e9294315_000663 session_id=sess_local_alpha events=run_000001a0e9294315_000663-done input_chars=22
2026-09-28T17:56:30.613995Z  INFO lingxi_service: request handled request_id=req-7bf20220460a162741e7709387f1d8d9 method=POST path=/lingxi/v1/sessions/sess_local_alpha/execute status=200
2026-09-28T17:56:30.614539Z  INFO lingxi_service::sessions: run committed and published (post-commit) run_id=run_000001a0e9294316_000664 session_id=sess_local_alpha events=run_000001a0e9294316_000664-done input_chars=22
2026-09-28T17:56:30.614698Z  INFO lingxi_service: request handled request_id=req-43ae120e8e5b0b7aa4ffce18ae9b3227 method=POST path=/lingxi/v1/sessions/sess_local_alpha/execute status=200
2026-09-28T17:56:30.615289Z  INFO lingxi_service::sessions: run committed and published (post-commit) run_id=run_000001a0e9294316_000665 session_id=sess_local_alpha events=run_000001a0e9294316_000665-done input_chars=22
2026-09-28T17:56:30.615445Z  INFO lingxi_service: request handled request_id=req-16a65fd44899da3928f1cd111f418d79 method=POST path=/lingxi/v1/sessions/sess_local_alpha/execute status=200
2026-09-28T17:56:30.615974Z  INFO lingxi_service::sessions: run committed and published (post-commit) run_id=run_000001a0e9294317_000666 session_id=sess_local_alpha events=run_000001a0e9294317_000666-done input_chars=22
2026-09-28T17:56:30.616131Z  INFO lingxi_service: request handled request_id=req-6919f3e4576cd7c5ee0d7d1c1b943113 method=POST path=/lingxi/v1/sessions/sess_local_alpha/execute status=200
2026-09-28T17:56:30.616730Z  INFO lingxi_service::sessions: run committed and published (post-commit) run_id=run_000001a0e9294318_000667 session_id=sess_local_alpha events=run_000001a0e9294318_000667-done input_chars=22
2026-09-28T17:56:30.616890Z  INFO lingxi_service: request handled request_id=req-3045580ef4360e311d23ad1b30c95aa9 method=POST path=/lingxi/v1/sessions/sess_local_alpha/execute status=200
2026-09-28T17:56:30.617543Z  INFO lingxi_service::sessions: run committed and published (post-commit) run_id=run_000001a0e9294319_000668 session_id=sess_local_alpha events=run_000001a0e9294319_000668-done input_chars=22
2026-09-28T17:56:30.617703Z  INFO lingxi_service: request handled request_id=req-d5e2359d7fd78b54a57c9fc07a8610ee method=POST path=/lingxi/v1/sessions/sess_local_alpha/execute status=200
2026-09-28T17:56:30.618256Z  INFO lingxi_service::sessions: run committed and published (post-commit) run_id=run_000001a0e9294319_000669 session_id=sess_local_alpha events=run_000001a0e9294319_000669-done input_chars=22
2026-09-28T17:56:30.618418Z  INFO lingxi_service: request handled request_id=req-665160fabe6a1cc5413aba6b963096c4 method=POST path=/lingxi/v1/sessions/sess_local_alpha/execute status=200
2026-09-28T17:56:30.618979Z  INFO lingxi_service::sessions: run committed and published (post-commit) run_id=run_000001a0e929431a_00066a session_id=sess_local_alpha events=run_000001a0e929431a_00066a-done input_chars=22
2026-09-28T17:56:30.619138Z  INFO lingxi_service: request handled request_id=req-d1889353f27c1d4564de221442ec6e0b method=POST path=/lingxi/v1/sessions/sess_local_alpha/execute status=200
2026-09-28T17:56:30.619702Z  INFO lingxi_service::sessions: run committed and published (post-commit) run_id=run_000001a0e929431b_00066b session_id=sess_local_alpha events=run_000001a0e929431b_00066b-done input_chars=22
2026-09-28T17:56:30.619859Z  INFO lingxi_service: request handled request_id=req-09ac86b9fdf44a37ca9d307cef84d9a2 method=POST path=/lingxi/v1/sessions/sess_local_alpha/execute status=200
2026-09-28T17:56:30.620403Z  INFO lingxi_service::sessions: run committed and published (post-commit) run_id=run_000001a0e929431c_00066c session_id=sess_local_alpha events=run_000001a0e929431c_00066c-done input_chars=22
2026-09-28T17:56:30.620560Z  INFO lingxi_service: request handled request_id=req-923e9a9bc127361f4e9f172ba952108e method=POST path=/lingxi/v1/sessions/sess_local_alpha/execute status=200
2026-09-28T17:56:30.621089Z  INFO lingxi_service::sessions: run committed and published (post-commit) run_id=run_000001a0e929431c_00066d session_id=sess_local_alpha events=run_000001a0e929431c_00066d-done input_chars=22
2026-09-28T17:56:30.621247Z  INFO lingxi_service: request handled request_id=req-02cf85522a93b4f85aa92a66e2f82ade method=POST path=/lingxi/v1/sessions/sess_local_alpha/execute status=200
2026-09-28T17:56:30.621788Z  INFO lingxi_service::sessions: run committed and published (post-commit) run_id=run_000001a0e929431d_00066e session_id=sess_local_alpha events=run_000001a0e929431d_00066e-done input_chars=22
2026-09-28T17:56:30.621947Z  INFO lingxi_service: request handled request_id=req-5eed012c1be597626fe5bcf28468d6a2 method=POST path=/lingxi/v1/sessions/sess_local_alpha/execute status=200
2026-09-28T17:56:30.622495Z  INFO lingxi_service::sessions: run committed and published (post-commit) run_id=run_000001a0e929431e_00066f session_id=sess_local_alpha events=run_000001a0e929431e_00066f-done input_chars=22
2026-09-28T17:56:30.622655Z  INFO lingxi_service: request handled request_id=req-cc01b00731765db46008b65fa6983059 method=POST path=/lingxi/v1/sessions/sess_local_alpha/execute status=200
2026-09-28T17:56:30.623218Z  INFO lingxi_service::sessions: run committed and published (post-commit) run_id=run_000001a0e929431e_000670 session_id=sess_local_alpha events=run_000001a0e929431e_000670-done input_chars=22
2026-09-28T17:56:30.623374Z  INFO lingxi_service: request handled request_id=req-822403f1fb33de41c944506de5bcc265 method=POST path=/lingxi/v1/sessions/sess_local_alpha/execute status=200
2026-09-28T17:56:30.623903Z  INFO lingxi_service::sessions: run committed and published (post-commit) run_id=run_000001a0e929431f_000671 session_id=sess_local_alpha events=run_000001a0e929431f_000671-done input_chars=22
2026-09-28T17:56:30.624060Z  INFO lingxi_service: request handled request_id=req-9287df16c08baaf573103c43358503f4 method=POST path=/lingxi/v1/sessions/sess_local_alpha/execute status=200
2026-09-28T17:56:30.624605Z  INFO lingxi_service::sessions: run committed and published (post-commit) run_id=run_000001a0e9294320_000672 session_id=sess_local_alpha events=run_000001a0e9294320_000672-done input_chars=22
2026-09-28T17:56:30.624761Z  INFO lingxi_service: request handled request_id=req-6b2f109832f27478dfa7ff6cb18f10d4 method=POST path=/lingxi/v1/sessions/sess_local_alpha/execute status=200
2026-09-28T17:56:30.625368Z  INFO lingxi_service::sessions: run committed and published (post-commit) run_id=run_000001a0e9294321_000673 session_id=sess_local_alpha events=run_000001a0e9294321_000673-done input_chars=22
2026-09-28T17:56:30.625530Z  INFO lingxi_service: request handled request_id=req-7e44dc7ea8509dd5849f1858dbb2e662 method=POST path=/lingxi/v1/sessions/sess_local_alpha/execute status=200
2026-09-28T17:56:30.626103Z  INFO lingxi_service::sessions: run committed and published (post-commit) run_id=run_000001a0e9294321_000674 session_id=sess_local_alpha events=run_000001a0e9294321_000674-done input_chars=22
2026-09-28T17:56:30.626269Z  INFO lingxi_service: request handled request_id=req-467c3c0d2513725e7fdfb4bc4b754393 method=POST path=/lingxi/v1/sessions/sess_local_alpha/execute status=200
2026-09-28T17:56:30.626860Z  INFO lingxi_service::sessions: run committed and published (post-commit) run_id=run_000001a0e9294322_000675 session_id=sess_local_alpha events=run_000001a0e9294322_000675-done input_chars=22
2026-09-28T17:56:30.627028Z  INFO lingxi_service: request handled request_id=req-abec1559ab8fc89e08b81c161a45ae53 method=POST path=/lingxi/v1/sessions/sess_local_alpha/execute status=200
2026-09-28T17:56:30.627620Z  INFO lingxi_service::sessions: run committed and published (post-commit) run_id=run_000001a0e9294323_000676 session_id=sess_local_alpha events=run_000001a0e9294323_000676-done input_chars=22
2026-09-28T17:56:30.627789Z  INFO lingxi_service: request handled request_id=req-ee18c3cbd12bee195a9a96d2c81d9587 method=POST path=/lingxi/v1/sessions/sess_local_alpha/execute status=200
2026-09-28T17:56:30.628518Z  INFO lingxi_service::sessions: run committed and published (post-commit) run_id=run_000001a0e9294324_000677 session_id=sess_local_alpha events=run_000001a0e9294324_000677-done input_chars=22
2026-09-28T17:56:30.628696Z  INFO lingxi_service: request handled request_id=req-5ce822a490da6a8595e5ec7592c8664a method=POST path=/lingxi/v1/sessions/sess_local_alpha/execute status=200
2026-09-28T17:56:30.629732Z  INFO lingxi_service::sessions: run committed and published (post-commit) run_id=run_000001a0e9294324_000678 session_id=sess_local_alpha events=run_000001a0e9294324_000678-done input_chars=22
2026-09-28T17:56:30.629901Z  INFO lingxi_service: request handled request_id=req-a61314d8baf6c58d589552eb3515d6b1 method=POST path=/lingxi/v1/sessions/sess_local_alpha/execute status=200
2026-09-28T17:56:30.630533Z  INFO lingxi_service::sessions: run committed and published (post-commit) run_id=run_000001a0e9294326_000679 session_id=sess_local_alpha events=run_000001a0e9294326_000679-done input_chars=22
2026-09-28T17:56:30.630696Z  INFO lingxi_service: request handled request_id=req-3c9163b268e96f98e0774bddbee0bf1b method=POST path=/lingxi/v1/sessions/sess_local_alpha/execute status=200
2026-09-28T17:56:30.631314Z  INFO lingxi_service::sessions: run committed and published (post-commit) run_id=run_000001a0e9294326_00067a session_id=sess_local_alpha events=run_000001a0e9294326_00067a-done input_chars=22
2026-09-28T17:56:30.631482Z  INFO lingxi_service: request handled request_id=req-0ee36fa62fd817dd84b927e3dfc05be4 method=POST path=/lingxi/v1/sessions/sess_local_alpha/execute status=200
2026-09-28T17:56:30.632113Z  INFO lingxi_service::sessions: run committed and published (post-commit) run_id=run_000001a0e9294327_00067b session_id=sess_local_alpha events=run_000001a0e9294327_00067b-done input_chars=22
2026-09-28T17:56:30.632276Z  INFO lingxi_service: request handled request_id=req-5792071fe28a4c7cfc38fa51f4376402 method=POST path=/lingxi/v1/sessions/sess_local_alpha/execute status=200
2026-09-28T17:56:30.632854Z  INFO lingxi_service::sessions: run committed and published (post-commit) run_id=run_000001a0e9294328_00067c session_id=sess_local_alpha events=run_000001a0e9294328_00067c-done input_chars=22
2026-09-28T17:56:30.633016Z  INFO lingxi_service: request handled request_id=req-60d12d690e85a3b7e43def826dd8b527 method=POST path=/lingxi/v1/sessions/sess_local_alpha/execute status=200
2026-09-28T17:56:30.633661Z  INFO lingxi_service::sessions: run committed and published (post-commit) run_id=run_000001a0e9294329_00067d session_id=sess_local_alpha events=run_000001a0e9294329_00067d-done input_chars=22
2026-09-28T17:56:30.633830Z  INFO lingxi_service: request handled request_id=req-48e2bb553a4bdcca5106b310db3c1d79 method=POST path=/lingxi/v1/sessions/sess_local_alpha/execute status=200
2026-09-28T17:56:30.634404Z  INFO lingxi_service::sessions: run committed and published (post-commit) run_id=run_000001a0e929432a_00067e session_id=sess_local_alpha events=run_000001a0e929432a_00067e-done input_chars=22
2026-09-28T17:56:30.634570Z  INFO lingxi_service: request handled request_id=req-a3a06afd02d58131d80f04d3c00036be method=POST path=/lingxi/v1/sessions/sess_local_alpha/execute status=200
2026-09-28T17:56:30.635197Z  INFO lingxi_service::sessions: run committed and published (post-commit) run_id=run_000001a0e929432a_00067f session_id=sess_local_alpha events=run_000001a0e929432a_00067f-done input_chars=22
2026-09-28T17:56:30.635364Z  INFO lingxi_service: request handled request_id=req-65c952115e5ddab162476b9e6ad9fd6c method=POST path=/lingxi/v1/sessions/sess_local_alpha/execute status=200
2026-09-28T17:56:30.636084Z  INFO lingxi_service::sessions: run committed and published (post-commit) run_id=run_000001a0e929432b_000680 session_id=sess_local_alpha events=run_000001a0e929432b_000680-done input_chars=22
2026-09-28T17:56:30.636250Z  INFO lingxi_service: request handled request_id=req-77f047783a819d13bef1285e09a700d1 method=POST path=/lingxi/v1/sessions/sess_local_alpha/execute status=200
2026-09-28T17:56:30.636831Z  INFO lingxi_service::sessions: run committed and published (post-commit) run_id=run_000001a0e929432c_000681 session_id=sess_local_alpha events=run_000001a0e929432c_000681-done input_chars=22
2026-09-28T17:56:30.636995Z  INFO lingxi_service: request handled request_id=req-32fdb3161e6e25248ab8a90d0d0997c2 method=POST path=/lingxi/v1/sessions/sess_local_alpha/execute status=200
2026-09-28T17:56:30.637621Z  INFO lingxi_service::sessions: run committed and published (post-commit) run_id=run_000001a0e929432d_000682 session_id=sess_local_alpha events=run_000001a0e929432d_000682-done input_chars=22
2026-09-28T17:56:30.637783Z  INFO lingxi_service: request handled request_id=req-876f681e6028418eb3a65a3375f16d52 method=POST path=/lingxi/v1/sessions/sess_local_alpha/execute status=200
2026-09-28T17:56:30.638407Z  INFO lingxi_service::sessions: run committed and published (post-commit) run_id=run_000001a0e929432e_000683 session_id=sess_local_alpha events=run_000001a0e929432e_000683-done input_chars=22
2026-09-28T17:56:30.638571Z  INFO lingxi_service: request handled request_id=req-01d644633a1181a3b038a23ef8395c6a method=POST path=/lingxi/v1/sessions/sess_local_alpha/execute status=200
2026-09-28T17:56:30.639127Z  INFO lingxi_service::sessions: run committed and published (post-commit) run_id=run_000001a0e929432e_000684 session_id=sess_local_alpha events=run_000001a0e929432e_000684-done input_chars=22
2026-09-28T17:56:30.639289Z  INFO lingxi_service: request handled request_id=req-9388a1edfb93ab0d9cfaf679d5dc2d59 method=POST path=/lingxi/v1/sessions/sess_local_alpha/execute status=200
2026-09-28T17:56:30.639853Z  INFO lingxi_service::sessions: run committed and published (post-commit) run_id=run_000001a0e929432f_000685 session_id=sess_local_alpha events=run_000001a0e929432f_000685-done input_chars=22
2026-09-28T17:56:30.640016Z  INFO lingxi_service: request handled request_id=req-546c5d01e09040e32d6117a3871fd9bc method=POST path=/lingxi/v1/sessions/sess_local_alpha/execute status=200
2026-09-28T17:56:30.640580Z  INFO lingxi_service::sessions: run committed and published (post-commit) run_id=run_000001a0e9294330_000686 session_id=sess_local_alpha events=run_000001a0e9294330_000686-done input_chars=22
2026-09-28T17:56:30.640744Z  INFO lingxi_service: request handled request_id=req-db1e3fa6104dac67f2189d4e2575cf21 method=POST path=/lingxi/v1/sessions/sess_local_alpha/execute status=200
2026-09-28T17:56:30.641321Z  INFO lingxi_service::sessions: run committed and published (post-commit) run_id=run_000001a0e9294330_000687 session_id=sess_local_alpha events=run_000001a0e9294330_000687-done input_chars=22
2026-09-28T17:56:30.641483Z  INFO lingxi_service: request handled request_id=req-7536ec640a7cc5be0c4d6929e1f258d8 method=POST path=/lingxi/v1/sessions/sess_local_alpha/execute status=200
2026-09-28T17:56:30.642130Z  INFO lingxi_service::sessions: run committed and published (post-commit) run_id=run_000001a0e9294331_000688 session_id=sess_local_alpha events=run_000001a0e9294331_000688-done input_chars=22
2026-09-28T17:56:30.642296Z  INFO lingxi_service: request handled request_id=req-8ff529a96782e3f31e62ac7a7d4be22e method=POST path=/lingxi/v1/sessions/sess_local_alpha/execute status=200
2026-09-28T17:56:30.642859Z  INFO lingxi_service::sessions: run committed and published (post-commit) run_id=run_000001a0e9294332_000689 session_id=sess_local_alpha events=run_000001a0e9294332_000689-done input_chars=22
2026-09-28T17:56:30.643020Z  INFO lingxi_service: request handled request_id=req-fe7849d0131d41d46c7c2706f0e0e466 method=POST path=/lingxi/v1/sessions/sess_local_alpha/execute status=200
2026-09-28T17:56:30.643658Z  INFO lingxi_service::sessions: run committed and published (post-commit) run_id=run_000001a0e9294333_00068a session_id=sess_local_alpha events=run_000001a0e9294333_00068a-done input_chars=22
2026-09-28T17:56:30.643834Z  INFO lingxi_service: request handled request_id=req-86d7da67588852f51961bfbfa943605b method=POST path=/lingxi/v1/sessions/sess_local_alpha/execute status=200
2026-09-28T17:56:30.644430Z  INFO lingxi_service::sessions: run committed and published (post-commit) run_id=run_000001a0e9294334_00068b session_id=sess_local_alpha events=run_000001a0e9294334_00068b-done input_chars=22
2026-09-28T17:56:30.644593Z  INFO lingxi_service: request handled request_id=req-e35f6c1f5c82994b0c0a4e77ac459e54 method=POST path=/lingxi/v1/sessions/sess_local_alpha/execute status=200
2026-09-28T17:56:30.645171Z  INFO lingxi_service::sessions: run committed and published (post-commit) run_id=run_000001a0e9294334_00068c session_id=sess_local_alpha events=run_000001a0e9294334_00068c-done input_chars=22
2026-09-28T17:56:30.645334Z  INFO lingxi_service: request handled request_id=req-275efcf3c9f9bb1834a845e02ff535cf method=POST path=/lingxi/v1/sessions/sess_local_alpha/execute status=200
2026-09-28T17:56:30.645885Z  INFO lingxi_service::sessions: run committed and published (post-commit) run_id=run_000001a0e9294335_00068d session_id=sess_local_alpha events=run_000001a0e9294335_00068d-done input_chars=22
2026-09-28T17:56:30.646044Z  INFO lingxi_service: request handled request_id=req-e23a45bd8267863cbae5ef7e6d25c926 method=POST path=/lingxi/v1/sessions/sess_local_alpha/execute status=200
2026-09-28T17:56:30.646627Z  INFO lingxi_service::sessions: run committed and published (post-commit) run_id=run_000001a0e9294336_00068e session_id=sess_local_alpha events=run_000001a0e9294336_00068e-done input_chars=22
2026-09-28T17:56:30.646793Z  INFO lingxi_service: request handled request_id=req-f57565626008a85e8703311d2edab632 method=POST path=/lingxi/v1/sessions/sess_local_alpha/execute status=200
2026-09-28T17:56:30.647346Z  INFO lingxi_service::sessions: run committed and published (post-commit) run_id=run_000001a0e9294337_00068f session_id=sess_local_alpha events=run_000001a0e9294337_00068f-done input_chars=22
2026-09-28T17:56:30.647510Z  INFO lingxi_service: request handled request_id=req-4b7f9a51fe0d8be02b12b0b49837e9a2 method=POST path=/lingxi/v1/sessions/sess_local_alpha/execute status=200
2026-09-28T17:56:30.648052Z  INFO lingxi_service::sessions: run committed and published (post-commit) run_id=run_000001a0e9294337_000690 session_id=sess_local_alpha events=run_000001a0e9294337_000690-done input_chars=22
2026-09-28T17:56:30.648214Z  INFO lingxi_service: request handled request_id=req-557f7db882005423a24015a15c8c7b02 method=POST path=/lingxi/v1/sessions/sess_local_alpha/execute status=200
2026-09-28T17:56:30.648801Z  INFO lingxi_service::sessions: run committed and published (post-commit) run_id=run_000001a0e9294338_000691 session_id=sess_local_alpha events=run_000001a0e9294338_000691-done input_chars=22
2026-09-28T17:56:30.648962Z  INFO lingxi_service: request handled request_id=req-550502cc7e53d0697a8611dfe09b82cd method=POST path=/lingxi/v1/sessions/sess_local_alpha/execute status=200
2026-09-28T17:56:30.649506Z  INFO lingxi_service::sessions: run committed and published (post-commit) run_id=run_000001a0e9294339_000692 session_id=sess_local_alpha events=run_000001a0e9294339_000692-done input_chars=22
2026-09-28T17:56:30.649666Z  INFO lingxi_service: request handled request_id=req-243821a1a8603b4182cf3b926db45d1c method=POST path=/lingxi/v1/sessions/sess_local_alpha/execute status=200
2026-09-28T17:56:30.650212Z  INFO lingxi_service::sessions: run committed and published (post-commit) run_id=run_000001a0e9294339_000693 session_id=sess_local_alpha events=run_000001a0e9294339_000693-done input_chars=22
2026-09-28T17:56:30.650373Z  INFO lingxi_service: request handled request_id=req-3044e64a76cdf5f93e924baf97f6c3a6 method=POST path=/lingxi/v1/sessions/sess_local_alpha/execute status=200
2026-09-28T17:56:30.650924Z  INFO lingxi_service::sessions: run committed and published (post-commit) run_id=run_000001a0e929433a_000694 session_id=sess_local_alpha events=run_000001a0e929433a_000694-done input_chars=22
2026-09-28T17:56:30.651084Z  INFO lingxi_service: request handled request_id=req-b9cc1dfcd8113df64b962876673fbbb2 method=POST path=/lingxi/v1/sessions/sess_local_alpha/execute status=200
2026-09-28T17:56:30.651648Z  INFO lingxi_service::sessions: run committed and published (post-commit) run_id=run_000001a0e929433b_000695 session_id=sess_local_alpha events=run_000001a0e929433b_000695-done input_chars=22
2026-09-28T17:56:30.651811Z  INFO lingxi_service: request handled request_id=req-5ee921657019bff823833bb8ec9dd25a method=POST path=/lingxi/v1/sessions/sess_local_alpha/execute status=200
2026-09-28T17:56:30.652406Z  INFO lingxi_service::sessions: run committed and published (post-commit) run_id=run_000001a0e929433c_000696 session_id=sess_local_alpha events=run_000001a0e929433c_000696-done input_chars=22
2026-09-28T17:56:30.652567Z  INFO lingxi_service: request handled request_id=req-9e1d9c46bb0d1ea3d25428883f00249b method=POST path=/lingxi/v1/sessions/sess_local_alpha/execute status=200
2026-09-28T17:56:30.653113Z  INFO lingxi_service::sessions: run committed and published (post-commit) run_id=run_000001a0e929433c_000697 session_id=sess_local_alpha events=run_000001a0e929433c_000697-done input_chars=22
2026-09-28T17:56:30.653274Z  INFO lingxi_service: request handled request_id=req-b5f6b2263f54e5b518b7432f53a1649e method=POST path=/lingxi/v1/sessions/sess_local_alpha/execute status=200
2026-09-28T17:56:30.653879Z  INFO lingxi_service::sessions: run committed and published (post-commit) run_id=run_000001a0e929433d_000698 session_id=sess_local_alpha events=run_000001a0e929433d_000698-done input_chars=22
2026-09-28T17:56:30.654043Z  INFO lingxi_service: request handled request_id=req-8b001ae4985e25d60b28de99314dee69 method=POST path=/lingxi/v1/sessions/sess_local_alpha/execute status=200
2026-09-28T17:56:30.654596Z  INFO lingxi_service::sessions: run committed and published (post-commit) run_id=run_000001a0e929433e_000699 session_id=sess_local_alpha events=run_000001a0e929433e_000699-done input_chars=22
2026-09-28T17:56:30.654758Z  INFO lingxi_service: request handled request_id=req-eafb98317ad7a883536123750523b022 method=POST path=/lingxi/v1/sessions/sess_local_alpha/execute status=200
2026-09-28T17:56:30.655310Z  INFO lingxi_service::sessions: run committed and published (post-commit) run_id=run_000001a0e929433f_00069a session_id=sess_local_alpha events=run_000001a0e929433f_00069a-done input_chars=22
2026-09-28T17:56:30.655472Z  INFO lingxi_service: request handled request_id=req-5fbcc2f598c5995ec48533707ea557cc method=POST path=/lingxi/v1/sessions/sess_local_alpha/execute status=200
2026-09-28T17:56:30.656047Z  INFO lingxi_service::sessions: run committed and published (post-commit) run_id=run_000001a0e929433f_00069b session_id=sess_local_alpha events=run_000001a0e929433f_00069b-done input_chars=22
2026-09-28T17:56:30.656207Z  INFO lingxi_service: request handled request_id=req-56d7be468d0c4352fb85cb447e07518f method=POST path=/lingxi/v1/sessions/sess_local_alpha/execute status=200
2026-09-28T17:56:30.656773Z  INFO lingxi_service::sessions: run committed and published (post-commit) run_id=run_000001a0e9294340_00069c session_id=sess_local_alpha events=run_000001a0e9294340_00069c-done input_chars=22
2026-09-28T17:56:30.656939Z  INFO lingxi_service: request handled request_id=req-8cbc474bb767a6e5f8a36385f8637023 method=POST path=/lingxi/v1/sessions/sess_local_alpha/execute status=200
2026-09-28T17:56:30.657563Z  INFO lingxi_service::sessions: run committed and published (post-commit) run_id=run_000001a0e9294341_00069d session_id=sess_local_alpha events=run_000001a0e9294341_00069d-done input_chars=22
2026-09-28T17:56:30.657725Z  INFO lingxi_service: request handled request_id=req-d8a3a33ec7558bc31cf75cfb78e2958a method=POST path=/lingxi/v1/sessions/sess_local_alpha/execute status=200
2026-09-28T17:56:30.658299Z  INFO lingxi_service::sessions: run committed and published (post-commit) run_id=run_000001a0e9294341_00069e session_id=sess_local_alpha events=run_000001a0e9294341_00069e-done input_chars=22
2026-09-28T17:56:30.658461Z  INFO lingxi_service: request handled request_id=req-29ce5442f6b59b83588d1b466a1dfb5e method=POST path=/lingxi/v1/sessions/sess_local_alpha/execute status=200
2026-09-28T17:56:30.659061Z  INFO lingxi_service::sessions: run committed and published (post-commit) run_id=run_000001a0e9294342_00069f session_id=sess_local_alpha events=run_000001a0e9294342_00069f-done input_chars=22
2026-09-28T17:56:30.659225Z  INFO lingxi_service: request handled request_id=req-7e21751e0a646d3ab9db61eba0072091 method=POST path=/lingxi/v1/sessions/sess_local_alpha/execute status=200
2026-09-28T17:56:30.659800Z  INFO lingxi_service::sessions: run committed and published (post-commit) run_id=run_000001a0e9294343_0006a0 session_id=sess_local_alpha events=run_000001a0e9294343_0006a0-done input_chars=22
2026-09-28T17:56:30.659962Z  INFO lingxi_service: request handled request_id=req-bf82628f0f03fb00839c4a36b5e91c27 method=POST path=/lingxi/v1/sessions/sess_local_alpha/execute status=200
2026-09-28T17:56:30.660517Z  INFO lingxi_service::sessions: run committed and published (post-commit) run_id=run_000001a0e9294344_0006a1 session_id=sess_local_alpha events=run_000001a0e9294344_0006a1-done input_chars=22
2026-09-28T17:56:30.660678Z  INFO lingxi_service: request handled request_id=req-a7bb0f7b7d004071ae6b095e8f67d3b7 method=POST path=/lingxi/v1/sessions/sess_local_alpha/execute status=200
2026-09-28T17:56:30.661231Z  INFO lingxi_service::sessions: run committed and published (post-commit) run_id=run_000001a0e9294344_0006a2 session_id=sess_local_alpha events=run_000001a0e9294344_0006a2-done input_chars=22
2026-09-28T17:56:30.661399Z  INFO lingxi_service: request handled request_id=req-da2631ae4ad6fec949a56501b176b356 method=POST path=/lingxi/v1/sessions/sess_local_alpha/execute status=200
2026-09-28T17:56:30.661980Z  INFO lingxi_service::sessions: run committed and published (post-commit) run_id=run_000001a0e9294345_0006a3 session_id=sess_local_alpha events=run_000001a0e9294345_0006a3-done input_chars=22
2026-09-28T17:56:30.662150Z  INFO lingxi_service: request handled request_id=req-19bbf968beaf1f5138b05cd95384cea8 method=POST path=/lingxi/v1/sessions/sess_local_alpha/execute status=200
2026-09-28T17:56:30.662798Z  INFO lingxi_service::sessions: run committed and published (post-commit) run_id=run_000001a0e9294346_0006a4 session_id=sess_local_alpha events=run_000001a0e9294346_0006a4-done input_chars=22
2026-09-28T17:56:30.662964Z  INFO lingxi_service: request handled request_id=req-0b423cb8a9b63537b0ab6f470dfe7043 method=POST path=/lingxi/v1/sessions/sess_local_alpha/execute status=200
2026-09-28T17:56:30.663574Z  INFO lingxi_service::sessions: run committed and published (post-commit) run_id=run_000001a0e9294347_0006a5 session_id=sess_local_alpha events=run_000001a0e9294347_0006a5-done input_chars=22
2026-09-28T17:56:30.663741Z  INFO lingxi_service: request handled request_id=req-2d752d6c2aa16d82997a22a715ea8829 method=POST path=/lingxi/v1/sessions/sess_local_alpha/execute status=200
2026-09-28T17:56:30.664394Z  INFO lingxi_service::sessions: run committed and published (post-commit) run_id=run_000001a0e9294348_0006a6 session_id=sess_local_alpha events=run_000001a0e9294348_0006a6-done input_chars=22
2026-09-28T17:56:30.664560Z  INFO lingxi_service: request handled request_id=req-649f0f401d3ddca8c71b17cfb61ba8e6 method=POST path=/lingxi/v1/sessions/sess_local_alpha/execute status=200
2026-09-28T17:56:30.665156Z  INFO lingxi_service::sessions: run committed and published (post-commit) run_id=run_000001a0e9294348_0006a7 session_id=sess_local_alpha events=run_000001a0e9294348_0006a7-done input_chars=22
2026-09-28T17:56:30.665323Z  INFO lingxi_service: request handled request_id=req-7eeebf8eb47e2f31483f6213addbf9ee method=POST path=/lingxi/v1/sessions/sess_local_alpha/execute status=200
2026-09-28T17:56:30.666017Z  INFO lingxi_service::sessions: run committed and published (post-commit) run_id=run_000001a0e9294349_0006a8 session_id=sess_local_alpha events=run_000001a0e9294349_0006a8-done input_chars=22
2026-09-28T17:56:30.666189Z  INFO lingxi_service: request handled request_id=req-e2356f61b37d90fba88149efda779211 method=POST path=/lingxi/v1/sessions/sess_local_alpha/execute status=200
2026-09-28T17:56:30.666762Z  INFO lingxi_service::sessions: run committed and published (post-commit) run_id=run_000001a0e929434a_0006a9 session_id=sess_local_alpha events=run_000001a0e929434a_0006a9-done input_chars=22
2026-09-28T17:56:30.666926Z  INFO lingxi_service: request handled request_id=req-8b20c70a145c4fdba023205cbb02406f method=POST path=/lingxi/v1/sessions/sess_local_alpha/execute status=200
2026-09-28T17:56:30.667538Z  INFO lingxi_service::sessions: run committed and published (post-commit) run_id=run_000001a0e929434b_0006aa session_id=sess_local_alpha events=run_000001a0e929434b_0006aa-done input_chars=22
2026-09-28T17:56:30.667697Z  INFO lingxi_service: request handled request_id=req-ef462b52671cfbb7f2f5fdc24c249f96 method=POST path=/lingxi/v1/sessions/sess_local_alpha/execute status=200
2026-09-28T17:56:30.668339Z  INFO lingxi_service::sessions: run committed and published (post-commit) run_id=run_000001a0e929434b_0006ab session_id=sess_local_alpha events=run_000001a0e929434b_0006ab-done input_chars=22
2026-09-28T17:56:30.668504Z  INFO lingxi_service: request handled request_id=req-03d29ef089d442d9271a3c13cda5f8ba method=POST path=/lingxi/v1/sessions/sess_local_alpha/execute status=200
2026-09-28T17:56:30.669069Z  INFO lingxi_service::sessions: run committed and published (post-commit) run_id=run_000001a0e929434c_0006ac session_id=sess_local_alpha events=run_000001a0e929434c_0006ac-done input_chars=22
2026-09-28T17:56:30.669230Z  INFO lingxi_service: request handled request_id=req-90e045b0f8533d57adb157585647afe5 method=POST path=/lingxi/v1/sessions/sess_local_alpha/execute status=200
2026-09-28T17:56:30.669800Z  INFO lingxi_service::sessions: run committed and published (post-commit) run_id=run_000001a0e929434d_0006ad session_id=sess_local_alpha events=run_000001a0e929434d_0006ad-done input_chars=22
2026-09-28T17:56:30.669963Z  INFO lingxi_service: request handled request_id=req-6976863b1486a96a1790d4624a1696de method=POST path=/lingxi/v1/sessions/sess_local_alpha/execute status=200
2026-09-28T17:56:30.670947Z  INFO lingxi_service::sessions: run committed and published (post-commit) run_id=run_000001a0e929434e_0006ae session_id=sess_local_alpha events=run_000001a0e929434e_0006ae-done input_chars=22
2026-09-28T17:56:30.671109Z  INFO lingxi_service: request handled request_id=req-bfb5440718146577b4cac9f3a9f82d35 method=POST path=/lingxi/v1/sessions/sess_local_alpha/execute status=200
2026-09-28T17:56:30.671741Z  INFO lingxi_service::sessions: run committed and published (post-commit) run_id=run_000001a0e929434f_0006af session_id=sess_local_alpha events=run_000001a0e929434f_0006af-done input_chars=22
2026-09-28T17:56:30.671908Z  INFO lingxi_service: request handled request_id=req-ae07a135c4d26943bd6802985ce918e9 method=POST path=/lingxi/v1/sessions/sess_local_alpha/execute status=200
2026-09-28T17:56:30.672490Z  INFO lingxi_service::sessions: run committed and published (post-commit) run_id=run_000001a0e9294350_0006b0 session_id=sess_local_alpha events=run_000001a0e9294350_0006b0-done input_chars=22
2026-09-28T17:56:30.672652Z  INFO lingxi_service: request handled request_id=req-c46ee4413405e1391fbf98174607c16e method=POST path=/lingxi/v1/sessions/sess_local_alpha/execute status=200
2026-09-28T17:56:30.673228Z  INFO lingxi_service::sessions: run committed and published (post-commit) run_id=run_000001a0e9294350_0006b1 session_id=sess_local_alpha events=run_000001a0e9294350_0006b1-done input_chars=22
2026-09-28T17:56:30.673391Z  INFO lingxi_service: request handled request_id=req-c935cc9e2eae02c49dd2d2e320123de7 method=POST path=/lingxi/v1/sessions/sess_local_alpha/execute status=200
2026-09-28T17:56:30.673925Z  INFO lingxi_service::sessions: run committed and published (post-commit) run_id=run_000001a0e9294351_0006b2 session_id=sess_local_alpha events=run_000001a0e9294351_0006b2-done input_chars=22
2026-09-28T17:56:30.674088Z  INFO lingxi_service: request handled request_id=req-0076a12159d0f51272c8fd03afae551c method=POST path=/lingxi/v1/sessions/sess_local_alpha/execute status=200
2026-09-28T17:56:30.674666Z  INFO lingxi_service::sessions: run committed and published (post-commit) run_id=run_000001a0e9294352_0006b3 session_id=sess_local_alpha events=run_000001a0e9294352_0006b3-done input_chars=22
2026-09-28T17:56:30.674827Z  INFO lingxi_service: request handled request_id=req-2a0ea6c65de80b1d2b2339830959d9a5 method=POST path=/lingxi/v1/sessions/sess_local_alpha/execute status=200
2026-09-28T17:56:30.675395Z  INFO lingxi_service::sessions: run committed and published (post-commit) run_id=run_000001a0e9294353_0006b4 session_id=sess_local_alpha events=run_000001a0e9294353_0006b4-done input_chars=22
2026-09-28T17:56:30.675556Z  INFO lingxi_service: request handled request_id=req-2995d4bff3caf78b96312320f219a257 method=POST path=/lingxi/v1/sessions/sess_local_alpha/execute status=200
2026-09-28T17:56:30.676152Z  INFO lingxi_service::sessions: run committed and published (post-commit) run_id=run_000001a0e9294353_0006b5 session_id=sess_local_alpha events=run_000001a0e9294353_0006b5-done input_chars=22
2026-09-28T17:56:30.676316Z  INFO lingxi_service: request handled request_id=req-a48c7f92b9a73ce57d2796891545dd71 method=POST path=/lingxi/v1/sessions/sess_local_alpha/execute status=200
2026-09-28T17:56:30.676918Z  INFO lingxi_service::sessions: run committed and published (post-commit) run_id=run_000001a0e9294354_0006b6 session_id=sess_local_alpha events=run_000001a0e9294354_0006b6-done input_chars=22
2026-09-28T17:56:30.677080Z  INFO lingxi_service: request handled request_id=req-4184a9a87517f8495ff375c4fcd0344e method=POST path=/lingxi/v1/sessions/sess_local_alpha/execute status=200
2026-09-28T17:56:30.677674Z  INFO lingxi_service::sessions: run committed and published (post-commit) run_id=run_000001a0e9294355_0006b7 session_id=sess_local_alpha events=run_000001a0e9294355_0006b7-done input_chars=22
2026-09-28T17:56:30.677835Z  INFO lingxi_service: request handled request_id=req-5bce3d142e4ae3a8ec30bb23798c608e method=POST path=/lingxi/v1/sessions/sess_local_alpha/execute status=200
2026-09-28T17:56:30.678397Z  INFO lingxi_service::sessions: run committed and published (post-commit) run_id=run_000001a0e9294356_0006b8 session_id=sess_local_alpha events=run_000001a0e9294356_0006b8-done input_chars=22
2026-09-28T17:56:30.678566Z  INFO lingxi_service: request handled request_id=req-b68e7bf0c8c0f803468d5636f5879045 method=POST path=/lingxi/v1/sessions/sess_local_alpha/execute status=200
2026-09-28T17:56:30.679143Z  INFO lingxi_service::sessions: run committed and published (post-commit) run_id=run_000001a0e9294356_0006b9 session_id=sess_local_alpha events=run_000001a0e9294356_0006b9-done input_chars=22
2026-09-28T17:56:30.679305Z  INFO lingxi_service: request handled request_id=req-db089a24ce6b9e9c00fdc3378832baeb method=POST path=/lingxi/v1/sessions/sess_local_alpha/execute status=200
2026-09-28T17:56:30.679839Z  INFO lingxi_service::sessions: run committed and published (post-commit) run_id=run_000001a0e9294357_0006ba session_id=sess_local_alpha events=run_000001a0e9294357_0006ba-done input_chars=22
2026-09-28T17:56:30.680001Z  INFO lingxi_service: request handled request_id=req-f45fa1ca1921011e237f9568053c204f method=POST path=/lingxi/v1/sessions/sess_local_alpha/execute status=200
2026-09-28T17:56:30.680623Z  INFO lingxi_service::sessions: run committed and published (post-commit) run_id=run_000001a0e9294358_0006bb session_id=sess_local_alpha events=run_000001a0e9294358_0006bb-done input_chars=22
2026-09-28T17:56:30.680789Z  INFO lingxi_service: request handled request_id=req-08f3e01d0af87b023025369614ce5fd7 method=POST path=/lingxi/v1/sessions/sess_local_alpha/execute status=200
2026-09-28T17:56:30.681373Z  INFO lingxi_service::sessions: run committed and published (post-commit) run_id=run_000001a0e9294359_0006bc session_id=sess_local_alpha events=run_000001a0e9294359_0006bc-done input_chars=22
2026-09-28T17:56:30.681538Z  INFO lingxi_service: request handled request_id=req-62e31dc8415b1e4afe3dc062d11244d3 method=POST path=/lingxi/v1/sessions/sess_local_alpha/execute status=200
2026-09-28T17:56:30.682124Z  INFO lingxi_service::sessions: run committed and published (post-commit) run_id=run_000001a0e9294359_0006bd session_id=sess_local_alpha events=run_000001a0e9294359_0006bd-done input_chars=22
2026-09-28T17:56:30.682285Z  INFO lingxi_service: request handled request_id=req-73c84e2b7395492eebef7c207b8b0b0e method=POST path=/lingxi/v1/sessions/sess_local_alpha/execute status=200
2026-09-28T17:56:30.682840Z  INFO lingxi_service::sessions: run committed and published (post-commit) run_id=run_000001a0e929435a_0006be session_id=sess_local_alpha events=run_000001a0e929435a_0006be-done input_chars=22
2026-09-28T17:56:30.683004Z  INFO lingxi_service: request handled request_id=req-92bbb724ca6ae544304a350527f49450 method=POST path=/lingxi/v1/sessions/sess_local_alpha/execute status=200
2026-09-28T17:56:30.683561Z  INFO lingxi_service::sessions: run committed and published (post-commit) run_id=run_000001a0e929435b_0006bf session_id=sess_local_alpha events=run_000001a0e929435b_0006bf-done input_chars=22
2026-09-28T17:56:30.683724Z  INFO lingxi_service: request handled request_id=req-7e29c64ad5ee4bc17dd74261718f3026 method=POST path=/lingxi/v1/sessions/sess_local_alpha/execute status=200
2026-09-28T17:56:30.684267Z  INFO lingxi_service::sessions: run committed and published (post-commit) run_id=run_000001a0e929435b_0006c0 session_id=sess_local_alpha events=run_000001a0e929435b_0006c0-done input_chars=22
2026-09-28T17:56:30.684430Z  INFO lingxi_service: request handled request_id=req-c92760f8ae7515710247348aca804642 method=POST path=/lingxi/v1/sessions/sess_local_alpha/execute status=200
2026-09-28T17:56:30.685019Z  INFO lingxi_service::sessions: run committed and published (post-commit) run_id=run_000001a0e929435c_0006c1 session_id=sess_local_alpha events=run_000001a0e929435c_0006c1-done input_chars=22
2026-09-28T17:56:30.685183Z  INFO lingxi_service: request handled request_id=req-5c6ebb2aa5613097a2e38fde6a4b4b98 method=POST path=/lingxi/v1/sessions/sess_local_alpha/execute status=200
2026-09-28T17:56:30.685732Z  INFO lingxi_service::sessions: run committed and published (post-commit) run_id=run_000001a0e929435d_0006c2 session_id=sess_local_alpha events=run_000001a0e929435d_0006c2-done input_chars=22
2026-09-28T17:56:30.685895Z  INFO lingxi_service: request handled request_id=req-75a32d7429040fb1dbf7e6e82bf10ebd method=POST path=/lingxi/v1/sessions/sess_local_alpha/execute status=200
2026-09-28T17:56:30.686443Z  INFO lingxi_service::sessions: run committed and published (post-commit) run_id=run_000001a0e929435e_0006c3 session_id=sess_local_alpha events=run_000001a0e929435e_0006c3-done input_chars=22
2026-09-28T17:56:30.686608Z  INFO lingxi_service: request handled request_id=req-2f8899a80902a86c21077bf0f8a1a155 method=POST path=/lingxi/v1/sessions/sess_local_alpha/execute status=200
2026-09-28T17:56:30.687173Z  INFO lingxi_service::sessions: run committed and published (post-commit) run_id=run_000001a0e929435e_0006c4 session_id=sess_local_alpha events=run_000001a0e929435e_0006c4-done input_chars=22
2026-09-28T17:56:30.687338Z  INFO lingxi_service: request handled request_id=req-1027d618eadc4bae5490ca0094fd5ac9 method=POST path=/lingxi/v1/sessions/sess_local_alpha/execute status=200
2026-09-28T17:56:30.687877Z  INFO lingxi_service::sessions: run committed and published (post-commit) run_id=run_000001a0e929435f_0006c5 session_id=sess_local_alpha events=run_000001a0e929435f_0006c5-done input_chars=22
2026-09-28T17:56:30.688039Z  INFO lingxi_service: request handled request_id=req-45dabc5f8739959b6ad1fde733baa293 method=POST path=/lingxi/v1/sessions/sess_local_alpha/execute status=200
2026-09-28T17:56:30.688575Z  INFO lingxi_service::sessions: run committed and published (post-commit) run_id=run_000001a0e9294360_0006c6 session_id=sess_local_alpha events=run_000001a0e9294360_0006c6-done input_chars=22
2026-09-28T17:56:30.688739Z  INFO lingxi_service: request handled request_id=req-d36df95e65c22568563307f7c1b21c5e method=POST path=/lingxi/v1/sessions/sess_local_alpha/execute status=200
2026-09-28T17:56:30.689316Z  INFO lingxi_service::sessions: run committed and published (post-commit) run_id=run_000001a0e9294361_0006c7 session_id=sess_local_alpha events=run_000001a0e9294361_0006c7-done input_chars=22
2026-09-28T17:56:30.689481Z  INFO lingxi_service: request handled request_id=req-b3844e89c3e0ba4926ed77efdd1eb83f method=POST path=/lingxi/v1/sessions/sess_local_alpha/execute status=200
2026-09-28T17:56:30.690024Z  INFO lingxi_service::sessions: run committed and published (post-commit) run_id=run_000001a0e9294361_0006c8 session_id=sess_local_alpha events=run_000001a0e9294361_0006c8-done input_chars=22
2026-09-28T17:56:30.690186Z  INFO lingxi_service: request handled request_id=req-761dcc5235ce2f6ca889353afe239185 method=POST path=/lingxi/v1/sessions/sess_local_alpha/execute status=200
2026-09-28T17:56:30.690770Z  INFO lingxi_service::sessions: run committed and published (post-commit) run_id=run_000001a0e9294362_0006c9 session_id=sess_local_alpha events=run_000001a0e9294362_0006c9-done input_chars=22
2026-09-28T17:56:30.690934Z  INFO lingxi_service: request handled request_id=req-848573933be8f701ef61f231bcb80e73 method=POST path=/lingxi/v1/sessions/sess_local_alpha/execute status=200
2026-09-28T17:56:30.691506Z  INFO lingxi_service::sessions: run committed and published (post-commit) run_id=run_000001a0e9294363_0006ca session_id=sess_local_alpha events=run_000001a0e9294363_0006ca-done input_chars=22
2026-09-28T17:56:30.691671Z  INFO lingxi_service: request handled request_id=req-8d0e840a49fedc5a258300693d85af88 method=POST path=/lingxi/v1/sessions/sess_local_alpha/execute status=200
2026-09-28T17:56:30.692237Z  INFO lingxi_service::sessions: run committed and published (post-commit) run_id=run_000001a0e9294363_0006cb session_id=sess_local_alpha events=run_000001a0e9294363_0006cb-done input_chars=22
2026-09-28T17:56:30.692400Z  INFO lingxi_service: request handled request_id=req-1062e14d7cc0c3c3d80ccfc8ab774775 method=POST path=/lingxi/v1/sessions/sess_local_alpha/execute status=200
2026-09-28T17:56:30.692941Z  INFO lingxi_service::sessions: run committed and published (post-commit) run_id=run_000001a0e9294364_0006cc session_id=sess_local_alpha events=run_000001a0e9294364_0006cc-done input_chars=22
2026-09-28T17:56:30.693104Z  INFO lingxi_service: request handled request_id=req-0f79d2153daf8d36a64803a88e9317d4 method=POST path=/lingxi/v1/sessions/sess_local_alpha/execute status=200
2026-09-28T17:56:30.693642Z  INFO lingxi_service::sessions: run committed and published (post-commit) run_id=run_000001a0e9294365_0006cd session_id=sess_local_alpha events=run_000001a0e9294365_0006cd-done input_chars=22
2026-09-28T17:56:30.693809Z  INFO lingxi_service: request handled request_id=req-aab11d4f9e6de5c96bd1e7bd39ddab50 method=POST path=/lingxi/v1/sessions/sess_local_alpha/execute status=200
2026-09-28T17:56:30.694349Z  INFO lingxi_service::sessions: run committed and published (post-commit) run_id=run_000001a0e9294366_0006ce session_id=sess_local_alpha events=run_000001a0e9294366_0006ce-done input_chars=22
2026-09-28T17:56:30.694513Z  INFO lingxi_service: request handled request_id=req-0d6a4dceb66f6b65bc6f3610fd05ae54 method=POST path=/lingxi/v1/sessions/sess_local_alpha/execute status=200
2026-09-28T17:56:30.695093Z  INFO lingxi_service::sessions: run committed and published (post-commit) run_id=run_000001a0e9294366_0006cf session_id=sess_local_alpha events=run_000001a0e9294366_0006cf-done input_chars=22
2026-09-28T17:56:30.695261Z  INFO lingxi_service: request handled request_id=req-84a189f33eb7ea806229032f55d30718 method=POST path=/lingxi/v1/sessions/sess_local_alpha/execute status=200
2026-09-28T17:56:30.695809Z  INFO lingxi_service::sessions: run committed and published (post-commit) run_id=run_000001a0e9294367_0006d0 session_id=sess_local_alpha events=run_000001a0e9294367_0006d0-done input_chars=22
2026-09-28T17:56:30.695974Z  INFO lingxi_service: request handled request_id=req-b6af18cb0dbaa82c58ab4f994b25346a method=POST path=/lingxi/v1/sessions/sess_local_alpha/execute status=200
2026-09-28T17:56:30.696562Z  INFO lingxi_service::sessions: run committed and published (post-commit) run_id=run_000001a0e9294368_0006d1 session_id=sess_local_alpha events=run_000001a0e9294368_0006d1-done input_chars=22
2026-09-28T17:56:30.696725Z  INFO lingxi_service: request handled request_id=req-e78ca2397b62f2cc4ace5d655067f908 method=POST path=/lingxi/v1/sessions/sess_local_alpha/execute status=200
2026-09-28T17:56:30.697296Z  INFO lingxi_service::sessions: run committed and published (post-commit) run_id=run_000001a0e9294368_0006d2 session_id=sess_local_alpha events=run_000001a0e9294368_0006d2-done input_chars=22
2026-09-28T17:56:30.697459Z  INFO lingxi_service: request handled request_id=req-bb282f8307e5934c70c95f0650b3d3fb method=POST path=/lingxi/v1/sessions/sess_local_alpha/execute status=200
2026-09-28T17:56:30.698037Z  INFO lingxi_service::sessions: run committed and published (post-commit) run_id=run_000001a0e9294369_0006d3 session_id=sess_local_alpha events=run_000001a0e9294369_0006d3-done input_chars=22
2026-09-28T17:56:30.698201Z  INFO lingxi_service: request handled request_id=req-e5d1979a25622b2acc1f4655598f929d method=POST path=/lingxi/v1/sessions/sess_local_alpha/execute status=200
2026-09-28T17:56:30.698757Z  INFO lingxi_service::sessions: run committed and published (post-commit) run_id=run_000001a0e929436a_0006d4 session_id=sess_local_alpha events=run_000001a0e929436a_0006d4-done input_chars=22
2026-09-28T17:56:30.698919Z  INFO lingxi_service: request handled request_id=req-32b35fd0577c3cedf3129f8bc1503eb5 method=POST path=/lingxi/v1/sessions/sess_local_alpha/execute status=200
2026-09-28T17:56:30.699481Z  INFO lingxi_service::sessions: run committed and published (post-commit) run_id=run_000001a0e929436b_0006d5 session_id=sess_local_alpha events=run_000001a0e929436b_0006d5-done input_chars=22
2026-09-28T17:56:30.699647Z  INFO lingxi_service: request handled request_id=req-eb3de8032ddcf5d8c93b0c84bc8dbfa6 method=POST path=/lingxi/v1/sessions/sess_local_alpha/execute status=200
2026-09-28T17:56:30.700194Z  INFO lingxi_service::sessions: run committed and published (post-commit) run_id=run_000001a0e929436b_0006d6 session_id=sess_local_alpha events=run_000001a0e929436b_0006d6-done input_chars=22
2026-09-28T17:56:30.700358Z  INFO lingxi_service: request handled request_id=req-81f568e0a62cd3be8d8975c2652001b4 method=POST path=/lingxi/v1/sessions/sess_local_alpha/execute status=200
2026-09-28T17:56:30.700895Z  INFO lingxi_service::sessions: run committed and published (post-commit) run_id=run_000001a0e929436c_0006d7 session_id=sess_local_alpha events=run_000001a0e929436c_0006d7-done input_chars=22
2026-09-28T17:56:30.701057Z  INFO lingxi_service: request handled request_id=req-0179298d16450ebb98cbf7b523682840 method=POST path=/lingxi/v1/sessions/sess_local_alpha/execute status=200
2026-09-28T17:56:30.701609Z  INFO lingxi_service::sessions: run committed and published (post-commit) run_id=run_000001a0e929436d_0006d8 session_id=sess_local_alpha events=run_000001a0e929436d_0006d8-done input_chars=22
2026-09-28T17:56:30.701774Z  INFO lingxi_service: request handled request_id=req-0f8c9db4a670c591611a854735d899de method=POST path=/lingxi/v1/sessions/sess_local_alpha/execute status=200
2026-09-28T17:56:30.702332Z  INFO lingxi_service::sessions: run committed and published (post-commit) run_id=run_000001a0e929436e_0006d9 session_id=sess_local_alpha events=run_000001a0e929436e_0006d9-done input_chars=22
2026-09-28T17:56:30.702495Z  INFO lingxi_service: request handled request_id=req-a3da09205a14b7e67f6e304e4d4ca2ba method=POST path=/lingxi/v1/sessions/sess_local_alpha/execute status=200
2026-09-28T17:56:30.703135Z  INFO lingxi_service::sessions: run committed and published (post-commit) run_id=run_000001a0e929436e_0006da session_id=sess_local_alpha events=run_000001a0e929436e_0006da-done input_chars=22
2026-09-28T17:56:30.703301Z  INFO lingxi_service: request handled request_id=req-c62e33eb15681d6a2bd3395bc6a46371 method=POST path=/lingxi/v1/sessions/sess_local_alpha/execute status=200
2026-09-28T17:56:30.703874Z  INFO lingxi_service::sessions: run committed and published (post-commit) run_id=run_000001a0e929436f_0006db session_id=sess_local_alpha events=run_000001a0e929436f_0006db-done input_chars=22
2026-09-28T17:56:30.704045Z  INFO lingxi_service: request handled request_id=req-45d924b5b43e0c29b820df8bef85371f method=POST path=/lingxi/v1/sessions/sess_local_alpha/execute status=200
2026-09-28T17:56:30.704636Z  INFO lingxi_service::sessions: run committed and published (post-commit) run_id=run_000001a0e9294370_0006dc session_id=sess_local_alpha events=run_000001a0e9294370_0006dc-done input_chars=22
2026-09-28T17:56:30.704801Z  INFO lingxi_service: request handled request_id=req-f2f3d10084bfe7701a270a071656c8b2 method=POST path=/lingxi/v1/sessions/sess_local_alpha/execute status=200
2026-09-28T17:56:30.705375Z  INFO lingxi_service::sessions: run committed and published (post-commit) run_id=run_000001a0e9294371_0006dd session_id=sess_local_alpha events=run_000001a0e9294371_0006dd-done input_chars=22
2026-09-28T17:56:30.705537Z  INFO lingxi_service: request handled request_id=req-3e243740fa9f729d189058eb33ac6840 method=POST path=/lingxi/v1/sessions/sess_local_alpha/execute status=200
2026-09-28T17:56:30.706073Z  INFO lingxi_service::sessions: run committed and published (post-commit) run_id=run_000001a0e9294371_0006de session_id=sess_local_alpha events=run_000001a0e9294371_0006de-done input_chars=22
2026-09-28T17:56:30.706236Z  INFO lingxi_service: request handled request_id=req-cb60f6cfc7366ac32412e5bdbdb18708 method=POST path=/lingxi/v1/sessions/sess_local_alpha/execute status=200
2026-09-28T17:56:30.706777Z  INFO lingxi_service::sessions: run committed and published (post-commit) run_id=run_000001a0e9294372_0006df session_id=sess_local_alpha events=run_000001a0e9294372_0006df-done input_chars=22
2026-09-28T17:56:30.706942Z  INFO lingxi_service: request handled request_id=req-f8fcfdcc3810576e7aaf8df2a7adecf4 method=POST path=/lingxi/v1/sessions/sess_local_alpha/execute status=200
2026-09-28T17:56:30.707525Z  INFO lingxi_service::sessions: run committed and published (post-commit) run_id=run_000001a0e9294373_0006e0 session_id=sess_local_alpha events=run_000001a0e9294373_0006e0-done input_chars=22
2026-09-28T17:56:30.707691Z  INFO lingxi_service: request handled request_id=req-644e12b4e7995ff1f21a56f2bf4f14b0 method=POST path=/lingxi/v1/sessions/sess_local_alpha/execute status=200
2026-09-28T17:56:30.708282Z  INFO lingxi_service::sessions: run committed and published (post-commit) run_id=run_000001a0e9294373_0006e1 session_id=sess_local_alpha events=run_000001a0e9294373_0006e1-done input_chars=22
2026-09-28T17:56:30.708447Z  INFO lingxi_service: request handled request_id=req-df602f4e22bd9546722fd1392b73811b method=POST path=/lingxi/v1/sessions/sess_local_alpha/execute status=200
2026-09-28T17:56:30.709071Z  INFO lingxi_service::sessions: run committed and published (post-commit) run_id=run_000001a0e9294374_0006e2 session_id=sess_local_alpha events=run_000001a0e9294374_0006e2-done input_chars=22
2026-09-28T17:56:30.709246Z  INFO lingxi_service: request handled request_id=req-3521d6eae0fca203ac1ef90991155d7d method=POST path=/lingxi/v1/sessions/sess_local_alpha/execute status=200
2026-09-28T17:56:30.709841Z  INFO lingxi_service::sessions: run committed and published (post-commit) run_id=run_000001a0e9294375_0006e3 session_id=sess_local_alpha events=run_000001a0e9294375_0006e3-done input_chars=22
2026-09-28T17:56:30.710011Z  INFO lingxi_service: request handled request_id=req-2f2bb98919b46c88e56a23909c715eb7 method=POST path=/lingxi/v1/sessions/sess_local_alpha/execute status=200
2026-09-28T17:56:30.710632Z  INFO lingxi_service::sessions: run committed and published (post-commit) run_id=run_000001a0e9294376_0006e4 session_id=sess_local_alpha events=run_000001a0e9294376_0006e4-done input_chars=22
2026-09-28T17:56:30.710808Z  INFO lingxi_service: request handled request_id=req-038eab8416f824243951529eaea12449 method=POST path=/lingxi/v1/sessions/sess_local_alpha/execute status=200
2026-09-28T17:56:30.711796Z  INFO lingxi_service::sessions: run committed and published (post-commit) run_id=run_000001a0e9294377_0006e5 session_id=sess_local_alpha events=run_000001a0e9294377_0006e5-done input_chars=22
2026-09-28T17:56:30.711968Z  INFO lingxi_service: request handled request_id=req-82d1cffd2d92692d4ecf09304b04b1f7 method=POST path=/lingxi/v1/sessions/sess_local_alpha/execute status=200
2026-09-28T17:56:30.712605Z  INFO lingxi_service::sessions: run committed and published (post-commit) run_id=run_000001a0e9294378_0006e6 session_id=sess_local_alpha events=run_000001a0e9294378_0006e6-done input_chars=22
2026-09-28T17:56:30.712779Z  INFO lingxi_service: request handled request_id=req-8bea043fa702755f366d1ff176f51505 method=POST path=/lingxi/v1/sessions/sess_local_alpha/execute status=200
2026-09-28T17:56:30.713398Z  INFO lingxi_service::sessions: run committed and published (post-commit) run_id=run_000001a0e9294379_0006e7 session_id=sess_local_alpha events=run_000001a0e9294379_0006e7-done input_chars=22
2026-09-28T17:56:30.713566Z  INFO lingxi_service: request handled request_id=req-b50c25e06859c2c56d25dc496a842f3a method=POST path=/lingxi/v1/sessions/sess_local_alpha/execute status=200
2026-09-28T17:56:30.714188Z  INFO lingxi_service::sessions: run committed and published (post-commit) run_id=run_000001a0e9294379_0006e8 session_id=sess_local_alpha events=run_000001a0e9294379_0006e8-done input_chars=22
2026-09-28T17:56:30.714354Z  INFO lingxi_service: request handled request_id=req-19b0676f55ac2670a476b00ade16e488 method=POST path=/lingxi/v1/sessions/sess_local_alpha/execute status=200
2026-09-28T17:56:30.714914Z  INFO lingxi_service::sessions: run committed and published (post-commit) run_id=run_000001a0e929437a_0006e9 session_id=sess_local_alpha events=run_000001a0e929437a_0006e9-done input_chars=22
2026-09-28T17:56:30.715081Z  INFO lingxi_service: request handled request_id=req-d5f64b718880d4d42b22b422440fa95e method=POST path=/lingxi/v1/sessions/sess_local_alpha/execute status=200
2026-09-28T17:56:30.715648Z  INFO lingxi_service::sessions: run committed and published (post-commit) run_id=run_000001a0e929437b_0006ea session_id=sess_local_alpha events=run_000001a0e929437b_0006ea-done input_chars=22
2026-09-28T17:56:30.715812Z  INFO lingxi_service: request handled request_id=req-4e44077ed5ac4e323d14c0112bcbb9f1 method=POST path=/lingxi/v1/sessions/sess_local_alpha/execute status=200
2026-09-28T17:56:30.716413Z  INFO lingxi_service::sessions: run committed and published (post-commit) run_id=run_000001a0e929437c_0006eb session_id=sess_local_alpha events=run_000001a0e929437c_0006eb-done input_chars=22
2026-09-28T17:56:30.716583Z  INFO lingxi_service: request handled request_id=req-6b2d2d62ce60acf55ebc6a8898d4ad09 method=POST path=/lingxi/v1/sessions/sess_local_alpha/execute status=200
2026-09-28T17:56:30.717139Z  INFO lingxi_service::sessions: run committed and published (post-commit) run_id=run_000001a0e929437c_0006ec session_id=sess_local_alpha events=run_000001a0e929437c_0006ec-done input_chars=22
2026-09-28T17:56:30.717305Z  INFO lingxi_service: request handled request_id=req-bf44f12a64f3a4b9acd5e0df231036a2 method=POST path=/lingxi/v1/sessions/sess_local_alpha/execute status=200
2026-09-28T17:56:30.717938Z  INFO lingxi_service::sessions: run committed and published (post-commit) run_id=run_000001a0e929437d_0006ed session_id=sess_local_alpha events=run_000001a0e929437d_0006ed-done input_chars=22
2026-09-28T17:56:30.718102Z  INFO lingxi_service: request handled request_id=req-6ade09eec9c39902045c2fcba5b446e7 method=POST path=/lingxi/v1/sessions/sess_local_alpha/execute status=200
2026-09-28T17:56:30.718850Z  INFO lingxi_service::sessions: run committed and published (post-commit) run_id=run_000001a0e929437e_0006ee session_id=sess_local_alpha events=run_000001a0e929437e_0006ee-done input_chars=22
2026-09-28T17:56:30.719012Z  INFO lingxi_service: request handled request_id=req-af05352d0de6d3fe877eb610fe4dc5fd method=POST path=/lingxi/v1/sessions/sess_local_alpha/execute status=200
2026-09-28T17:56:30.719693Z  INFO lingxi_service::sessions: run committed and published (post-commit) run_id=run_000001a0e929437f_0006ef session_id=sess_local_alpha events=run_000001a0e929437f_0006ef-done input_chars=22
2026-09-28T17:56:30.719870Z  INFO lingxi_service: request handled request_id=req-34816fb164e1cedfc22e2fcaa80785cb method=POST path=/lingxi/v1/sessions/sess_local_alpha/execute status=200
2026-09-28T17:56:30.720548Z  INFO lingxi_service::sessions: run committed and published (post-commit) run_id=run_000001a0e9294380_0006f0 session_id=sess_local_alpha events=run_000001a0e9294380_0006f0-done input_chars=22
2026-09-28T17:56:30.720709Z  INFO lingxi_service: request handled request_id=req-34b2d3e90c5191b4de612424ce3b0630 method=POST path=/lingxi/v1/sessions/sess_local_alpha/execute status=200
2026-09-28T17:56:30.721352Z  INFO lingxi_service::sessions: run committed and published (post-commit) run_id=run_000001a0e9294381_0006f1 session_id=sess_local_alpha events=run_000001a0e9294381_0006f1-done input_chars=22
2026-09-28T17:56:30.721514Z  INFO lingxi_service: request handled request_id=req-77cf311ac594762efff28ebc728e37e8 method=POST path=/lingxi/v1/sessions/sess_local_alpha/execute status=200
2026-09-28T17:56:30.722147Z  INFO lingxi_service::sessions: run committed and published (post-commit) run_id=run_000001a0e9294381_0006f2 session_id=sess_local_alpha events=run_000001a0e9294381_0006f2-done input_chars=22
2026-09-28T17:56:30.722310Z  INFO lingxi_service: request handled request_id=req-5acb295fce6bc1d85e84c28c54d31d60 method=POST path=/lingxi/v1/sessions/sess_local_alpha/execute status=200
2026-09-28T17:56:30.722959Z  INFO lingxi_service::sessions: run committed and published (post-commit) run_id=run_000001a0e9294382_0006f3 session_id=sess_local_alpha events=run_000001a0e9294382_0006f3-done input_chars=22
2026-09-28T17:56:30.723120Z  INFO lingxi_service: request handled request_id=req-a6248b994534409b8e0e3963c0e1b93f method=POST path=/lingxi/v1/sessions/sess_local_alpha/execute status=200
2026-09-28T17:56:30.723734Z  INFO lingxi_service::sessions: run committed and published (post-commit) run_id=run_000001a0e9294383_0006f4 session_id=sess_local_alpha events=run_000001a0e9294383_0006f4-done input_chars=22
2026-09-28T17:56:30.723896Z  INFO lingxi_service: request handled request_id=req-504a33635cfca42e4fad967cfd11d187 method=POST path=/lingxi/v1/sessions/sess_local_alpha/execute status=200
2026-09-28T17:56:30.724540Z  INFO lingxi_service::sessions: run committed and published (post-commit) run_id=run_000001a0e9294384_0006f5 session_id=sess_local_alpha events=run_000001a0e9294384_0006f5-done input_chars=22
2026-09-28T17:56:30.724702Z  INFO lingxi_service: request handled request_id=req-f8d88cc41ba798875675129ac52dfbb7 method=POST path=/lingxi/v1/sessions/sess_local_alpha/execute status=200
2026-09-28T17:56:30.725351Z  INFO lingxi_service::sessions: run committed and published (post-commit) run_id=run_000001a0e9294385_0006f6 session_id=sess_local_alpha events=run_000001a0e9294385_0006f6-done input_chars=22
2026-09-28T17:56:30.725516Z  INFO lingxi_service: request handled request_id=req-a17a319fd82ca26f64cfe40f14e59e6f method=POST path=/lingxi/v1/sessions/sess_local_alpha/execute status=200
2026-09-28T17:56:30.726143Z  INFO lingxi_service::sessions: run committed and published (post-commit) run_id=run_000001a0e9294385_0006f7 session_id=sess_local_alpha events=run_000001a0e9294385_0006f7-done input_chars=22
2026-09-28T17:56:30.726304Z  INFO lingxi_service: request handled request_id=req-e63c4135c334ec854a616e3ad904e608 method=POST path=/lingxi/v1/sessions/sess_local_alpha/execute status=200
2026-09-28T17:56:30.726956Z  INFO lingxi_service::sessions: run committed and published (post-commit) run_id=run_000001a0e9294386_0006f8 session_id=sess_local_alpha events=run_000001a0e9294386_0006f8-done input_chars=22
2026-09-28T17:56:30.727120Z  INFO lingxi_service: request handled request_id=req-dc0324b27349347e4903a89886b741ba method=POST path=/lingxi/v1/sessions/sess_local_alpha/execute status=200
2026-09-28T17:56:30.727733Z  INFO lingxi_service::sessions: run committed and published (post-commit) run_id=run_000001a0e9294387_0006f9 session_id=sess_local_alpha events=run_000001a0e9294387_0006f9-done input_chars=22
2026-09-28T17:56:30.727896Z  INFO lingxi_service: request handled request_id=req-2581dddea8e937a6e2eed06b7fc12552 method=POST path=/lingxi/v1/sessions/sess_local_alpha/execute status=200
2026-09-28T17:56:30.728500Z  INFO lingxi_service::sessions: run committed and published (post-commit) run_id=run_000001a0e9294388_0006fa session_id=sess_local_alpha events=run_000001a0e9294388_0006fa-done input_chars=22
2026-09-28T17:56:30.728664Z  INFO lingxi_service: request handled request_id=req-44de6e03346e215f7cb86ddf0aabc9ad method=POST path=/lingxi/v1/sessions/sess_local_alpha/execute status=200
2026-09-28T17:56:30.729275Z  INFO lingxi_service::sessions: run committed and published (post-commit) run_id=run_000001a0e9294388_0006fb session_id=sess_local_alpha events=run_000001a0e9294388_0006fb-done input_chars=22
2026-09-28T17:56:30.729437Z  INFO lingxi_service: request handled request_id=req-6bcdb32244d8820f01c964f08ee034b5 method=POST path=/lingxi/v1/sessions/sess_local_alpha/execute status=200
2026-09-28T17:56:30.730093Z  INFO lingxi_service::sessions: run committed and published (post-commit) run_id=run_000001a0e9294389_0006fc session_id=sess_local_alpha events=run_000001a0e9294389_0006fc-done input_chars=22
2026-09-28T17:56:30.730261Z  INFO lingxi_service: request handled request_id=req-1bac50bf14b45aa1d77adee1915624b4 method=POST path=/lingxi/v1/sessions/sess_local_alpha/execute status=200
2026-09-28T17:56:30.730905Z  INFO lingxi_service::sessions: run committed and published (post-commit) run_id=run_000001a0e929438a_0006fd session_id=sess_local_alpha events=run_000001a0e929438a_0006fd-done input_chars=22
2026-09-28T17:56:30.731075Z  INFO lingxi_service: request handled request_id=req-9787d30d22d4dcac1ad9e9b31bf0f5af method=POST path=/lingxi/v1/sessions/sess_local_alpha/execute status=200
2026-09-28T17:56:30.731702Z  INFO lingxi_service::sessions: run committed and published (post-commit) run_id=run_000001a0e929438b_0006fe session_id=sess_local_alpha events=run_000001a0e929438b_0006fe-done input_chars=22
2026-09-28T17:56:30.731867Z  INFO lingxi_service: request handled request_id=req-b1ef0c663a137d17dc5001d3c93b3ccc method=POST path=/lingxi/v1/sessions/sess_local_alpha/execute status=200
2026-09-28T17:56:30.732506Z  INFO lingxi_service::sessions: run committed and published (post-commit) run_id=run_000001a0e929438c_0006ff session_id=sess_local_alpha events=run_000001a0e929438c_0006ff-done input_chars=22
2026-09-28T17:56:30.732671Z  INFO lingxi_service: request handled request_id=req-19921458e64cbecd4ab00553b7324b7e method=POST path=/lingxi/v1/sessions/sess_local_alpha/execute status=200
2026-09-28T17:56:30.733295Z  INFO lingxi_service::sessions: run committed and published (post-commit) run_id=run_000001a0e929438c_000700 session_id=sess_local_alpha events=run_000001a0e929438c_000700-done input_chars=22
2026-09-28T17:56:30.733458Z  INFO lingxi_service: request handled request_id=req-c83f402558458559b46c8c0938ba68a6 method=POST path=/lingxi/v1/sessions/sess_local_alpha/execute status=200
2026-09-28T17:56:30.734089Z  INFO lingxi_service::sessions: run committed and published (post-commit) run_id=run_000001a0e929438d_000701 session_id=sess_local_alpha events=run_000001a0e929438d_000701-done input_chars=22
2026-09-28T17:56:30.734253Z  INFO lingxi_service: request handled request_id=req-f606d5408c60c07df15b5b0d7b744718 method=POST path=/lingxi/v1/sessions/sess_local_alpha/execute status=200
2026-09-28T17:56:30.734876Z  INFO lingxi_service::sessions: run committed and published (post-commit) run_id=run_000001a0e929438e_000702 session_id=sess_local_alpha events=run_000001a0e929438e_000702-done input_chars=22
2026-09-28T17:56:30.735042Z  INFO lingxi_service: request handled request_id=req-b5d2ecbff48949957f0771817e039edd method=POST path=/lingxi/v1/sessions/sess_local_alpha/execute status=200
2026-09-28T17:56:30.735727Z  INFO lingxi_service::sessions: run committed and published (post-commit) run_id=run_000001a0e929438f_000703 session_id=sess_local_alpha events=run_000001a0e929438f_000703-done input_chars=22
2026-09-28T17:56:30.735895Z  INFO lingxi_service: request handled request_id=req-5badb6b015728372f642c335d8d89d6a method=POST path=/lingxi/v1/sessions/sess_local_alpha/execute status=200
2026-09-28T17:56:30.736537Z  INFO lingxi_service::sessions: run committed and published (post-commit) run_id=run_000001a0e9294390_000704 session_id=sess_local_alpha events=run_000001a0e9294390_000704-done input_chars=22
2026-09-28T17:56:30.736704Z  INFO lingxi_service: request handled request_id=req-94b9927f586d50c3b5d5292a87f99d7c method=POST path=/lingxi/v1/sessions/sess_local_alpha/execute status=200
2026-09-28T17:56:30.737344Z  INFO lingxi_service::sessions: run committed and published (post-commit) run_id=run_000001a0e9294391_000705 session_id=sess_local_alpha events=run_000001a0e9294391_000705-done input_chars=22
2026-09-28T17:56:30.737508Z  INFO lingxi_service: request handled request_id=req-9689d2b8e0328eb9a46ec8573b94c943 method=POST path=/lingxi/v1/sessions/sess_local_alpha/execute status=200
2026-09-28T17:56:30.738155Z  INFO lingxi_service::sessions: run committed and published (post-commit) run_id=run_000001a0e9294391_000706 session_id=sess_local_alpha events=run_000001a0e9294391_000706-done input_chars=22
2026-09-28T17:56:30.738320Z  INFO lingxi_service: request handled request_id=req-9361ed22f5c84b7b11dadaf653f322a5 method=POST path=/lingxi/v1/sessions/sess_local_alpha/execute status=200
2026-09-28T17:56:30.738957Z  INFO lingxi_service::sessions: run committed and published (post-commit) run_id=run_000001a0e9294392_000707 session_id=sess_local_alpha events=run_000001a0e9294392_000707-done input_chars=22
2026-09-28T17:56:30.739122Z  INFO lingxi_service: request handled request_id=req-dfbc1a9e07d96dae0158b0a55797caec method=POST path=/lingxi/v1/sessions/sess_local_alpha/execute status=200
2026-09-28T17:56:30.739803Z  INFO lingxi_service::sessions: run committed and published (post-commit) run_id=run_000001a0e9294393_000708 session_id=sess_local_alpha events=run_000001a0e9294393_000708-done input_chars=22
2026-09-28T17:56:30.739969Z  INFO lingxi_service: request handled request_id=req-ee2a7eee72856ba6897184e014c3d77e method=POST path=/lingxi/v1/sessions/sess_local_alpha/execute status=200
2026-09-28T17:56:30.740603Z  INFO lingxi_service::sessions: run committed and published (post-commit) run_id=run_000001a0e9294394_000709 session_id=sess_local_alpha events=run_000001a0e9294394_000709-done input_chars=22
2026-09-28T17:56:30.740768Z  INFO lingxi_service: request handled request_id=req-65eebbfc2e8b4a0a22131885e4e1a92f method=POST path=/lingxi/v1/sessions/sess_local_alpha/execute status=200
2026-09-28T17:56:30.741441Z  INFO lingxi_service::sessions: run committed and published (post-commit) run_id=run_000001a0e9294395_00070a session_id=sess_local_alpha events=run_000001a0e9294395_00070a-done input_chars=22
2026-09-28T17:56:30.741622Z  INFO lingxi_service: request handled request_id=req-67336d052379791beb9460e93ea90db8 method=POST path=/lingxi/v1/sessions/sess_local_alpha/execute status=200
2026-09-28T17:56:30.742293Z  INFO lingxi_service::sessions: run committed and published (post-commit) run_id=run_000001a0e9294395_00070b session_id=sess_local_alpha events=run_000001a0e9294395_00070b-done input_chars=22
2026-09-28T17:56:30.742460Z  INFO lingxi_service: request handled request_id=req-44a35d8dc65b3737338dabe29c126b37 method=POST path=/lingxi/v1/sessions/sess_local_alpha/execute status=200
2026-09-28T17:56:30.743089Z  INFO lingxi_service::sessions: run committed and published (post-commit) run_id=run_000001a0e9294396_00070c session_id=sess_local_alpha events=run_000001a0e9294396_00070c-done input_chars=22
2026-09-28T17:56:30.743257Z  INFO lingxi_service: request handled request_id=req-e7d18d5eac306b6f6a436daa8ca5a7c2 method=POST path=/lingxi/v1/sessions/sess_local_alpha/execute status=200
2026-09-28T17:56:30.743924Z  INFO lingxi_service::sessions: run committed and published (post-commit) run_id=run_000001a0e9294397_00070d session_id=sess_local_alpha events=run_000001a0e9294397_00070d-done input_chars=22
2026-09-28T17:56:30.744093Z  INFO lingxi_service: request handled request_id=req-0fad74fdb559bafbce67e65cb6028a28 method=POST path=/lingxi/v1/sessions/sess_local_alpha/execute status=200
2026-09-28T17:56:30.744719Z  INFO lingxi_service::sessions: run committed and published (post-commit) run_id=run_000001a0e9294398_00070e session_id=sess_local_alpha events=run_000001a0e9294398_00070e-done input_chars=22
2026-09-28T17:56:30.744887Z  INFO lingxi_service: request handled request_id=req-0317acc46a9969f8051b167cf888012b method=POST path=/lingxi/v1/sessions/sess_local_alpha/execute status=200
2026-09-28T17:56:30.745511Z  INFO lingxi_service::sessions: run committed and published (post-commit) run_id=run_000001a0e9294399_00070f session_id=sess_local_alpha events=run_000001a0e9294399_00070f-done input_chars=22
2026-09-28T17:56:30.745677Z  INFO lingxi_service: request handled request_id=req-a8d70bd1366b53f821a6c4e06a477101 method=POST path=/lingxi/v1/sessions/sess_local_alpha/execute status=200
2026-09-28T17:56:30.746291Z  INFO lingxi_service::sessions: run committed and published (post-commit) run_id=run_000001a0e9294399_000710 session_id=sess_local_alpha events=run_000001a0e9294399_000710-done input_chars=22
2026-09-28T17:56:30.746462Z  INFO lingxi_service: request handled request_id=req-d31a6480bba60c095cc725839c1459ef method=POST path=/lingxi/v1/sessions/sess_local_alpha/execute status=200
2026-09-28T17:56:30.747089Z  INFO lingxi_service::sessions: run committed and published (post-commit) run_id=run_000001a0e929439a_000711 session_id=sess_local_alpha events=run_000001a0e929439a_000711-done input_chars=22
2026-09-28T17:56:30.747255Z  INFO lingxi_service: request handled request_id=req-259c23bdb3b9384c0a6e86ff0c091e19 method=POST path=/lingxi/v1/sessions/sess_local_alpha/execute status=200
2026-09-28T17:56:30.747883Z  INFO lingxi_service::sessions: run committed and published (post-commit) run_id=run_000001a0e929439b_000712 session_id=sess_local_alpha events=run_000001a0e929439b_000712-done input_chars=22
2026-09-28T17:56:30.748051Z  INFO lingxi_service: request handled request_id=req-b3ce316e7c9e6f15f9493d278e7b4635 method=POST path=/lingxi/v1/sessions/sess_local_alpha/execute status=200
2026-09-28T17:56:30.748694Z  INFO lingxi_service::sessions: run committed and published (post-commit) run_id=run_000001a0e929439c_000713 session_id=sess_local_alpha events=run_000001a0e929439c_000713-done input_chars=22
2026-09-28T17:56:30.748861Z  INFO lingxi_service: request handled request_id=req-f245b13ed99ac013ef58db4018b2e4a4 method=POST path=/lingxi/v1/sessions/sess_local_alpha/execute status=200
2026-09-28T17:56:30.749511Z  INFO lingxi_service::sessions: run committed and published (post-commit) run_id=run_000001a0e929439d_000714 session_id=sess_local_alpha events=run_000001a0e929439d_000714-done input_chars=22
2026-09-28T17:56:30.749679Z  INFO lingxi_service: request handled request_id=req-2c075f67679a508862e01f3e5de003f6 method=POST path=/lingxi/v1/sessions/sess_local_alpha/execute status=200
2026-09-28T17:56:30.750293Z  INFO lingxi_service::sessions: run committed and published (post-commit) run_id=run_000001a0e929439d_000715 session_id=sess_local_alpha events=run_000001a0e929439d_000715-done input_chars=22
2026-09-28T17:56:30.750460Z  INFO lingxi_service: request handled request_id=req-8a402fe80c49231b3b2e35ddcde30efe method=POST path=/lingxi/v1/sessions/sess_local_alpha/execute status=200
2026-09-28T17:56:30.751111Z  INFO lingxi_service::sessions: run committed and published (post-commit) run_id=run_000001a0e929439e_000716 session_id=sess_local_alpha events=run_000001a0e929439e_000716-done input_chars=22
2026-09-28T17:56:30.751277Z  INFO lingxi_service: request handled request_id=req-b629dde996371a4a959f69edab07b82f method=POST path=/lingxi/v1/sessions/sess_local_alpha/execute status=200
2026-09-28T17:56:30.751896Z  INFO lingxi_service::sessions: run committed and published (post-commit) run_id=run_000001a0e929439f_000717 session_id=sess_local_alpha events=run_000001a0e929439f_000717-done input_chars=22
2026-09-28T17:56:30.752061Z  INFO lingxi_service: request handled request_id=req-4d6b61f4480d4d0e1bc58e7271dc8a32 method=POST path=/lingxi/v1/sessions/sess_local_alpha/execute status=200
2026-09-28T17:56:30.752710Z  INFO lingxi_service::sessions: run committed and published (post-commit) run_id=run_000001a0e92943a0_000718 session_id=sess_local_alpha events=run_000001a0e92943a0_000718-done input_chars=22
2026-09-28T17:56:30.752879Z  INFO lingxi_service: request handled request_id=req-8fcd6dfceab1562ab51f396bb3244bf5 method=POST path=/lingxi/v1/sessions/sess_local_alpha/execute status=200
2026-09-28T17:56:30.753534Z  INFO lingxi_service::sessions: run committed and published (post-commit) run_id=run_000001a0e92943a1_000719 session_id=sess_local_alpha events=run_000001a0e92943a1_000719-done input_chars=22
2026-09-28T17:56:30.753700Z  INFO lingxi_service: request handled request_id=req-b4f71d8fdd6ca065ee3d93cac6f22449 method=POST path=/lingxi/v1/sessions/sess_local_alpha/execute status=200
2026-09-28T17:56:30.754293Z  INFO lingxi_service::sessions: run committed and published (post-commit) run_id=run_000001a0e92943a2_00071a session_id=sess_local_alpha events=run_000001a0e92943a2_00071a-done input_chars=22
2026-09-28T17:56:30.754460Z  INFO lingxi_service: request handled request_id=req-b6df0f49538634557bffe9e66a6ee234 method=POST path=/lingxi/v1/sessions/sess_local_alpha/execute status=200
2026-09-28T17:56:30.755083Z  INFO lingxi_service::sessions: run committed and published (post-commit) run_id=run_000001a0e92943a2_00071b session_id=sess_local_alpha events=run_000001a0e92943a2_00071b-done input_chars=22
2026-09-28T17:56:30.755250Z  INFO lingxi_service: request handled request_id=req-1ac6e675e044a9ffebb356fc9d2d34ea method=POST path=/lingxi/v1/sessions/sess_local_alpha/execute status=200
2026-09-28T17:56:30.756220Z  INFO lingxi_service::sessions: run committed and published (post-commit) run_id=run_000001a0e92943a3_00071c session_id=sess_local_alpha events=run_000001a0e92943a3_00071c-done input_chars=22
2026-09-28T17:56:30.756393Z  INFO lingxi_service: request handled request_id=req-04e1c339023ab36620a286e0be4ab36c method=POST path=/lingxi/v1/sessions/sess_local_alpha/execute status=200
2026-09-28T17:56:30.757066Z  INFO lingxi_service::sessions: run committed and published (post-commit) run_id=run_000001a0e92943a4_00071d session_id=sess_local_alpha events=run_000001a0e92943a4_00071d-done input_chars=22
2026-09-28T17:56:30.757235Z  INFO lingxi_service: request handled request_id=req-31cdcc0fa211717bab25aeac48dab87f method=POST path=/lingxi/v1/sessions/sess_local_alpha/execute status=200
2026-09-28T17:56:30.757865Z  INFO lingxi_service::sessions: run committed and published (post-commit) run_id=run_000001a0e92943a5_00071e session_id=sess_local_alpha events=run_000001a0e92943a5_00071e-done input_chars=22
2026-09-28T17:56:30.758033Z  INFO lingxi_service: request handled request_id=req-e6de6c21432d128e5f0978896f64c365 method=POST path=/lingxi/v1/sessions/sess_local_alpha/execute status=200
2026-09-28T17:56:30.758657Z  INFO lingxi_service::sessions: run committed and published (post-commit) run_id=run_000001a0e92943a6_00071f session_id=sess_local_alpha events=run_000001a0e92943a6_00071f-done input_chars=22
2026-09-28T17:56:30.758826Z  INFO lingxi_service: request handled request_id=req-5f61df8685ba5e449b6f103a5c5edc47 method=POST path=/lingxi/v1/sessions/sess_local_alpha/execute status=200
2026-09-28T17:56:30.759458Z  INFO lingxi_service::sessions: run committed and published (post-commit) run_id=run_000001a0e92943a7_000720 session_id=sess_local_alpha events=run_000001a0e92943a7_000720-done input_chars=22
2026-09-28T17:56:30.759625Z  INFO lingxi_service: request handled request_id=req-a5c9c3940c5ff1b27e75f6e9649b7fcd method=POST path=/lingxi/v1/sessions/sess_local_alpha/execute status=200
2026-09-28T17:56:30.760229Z  INFO lingxi_service::sessions: run committed and published (post-commit) run_id=run_000001a0e92943a7_000721 session_id=sess_local_alpha events=run_000001a0e92943a7_000721-done input_chars=22
2026-09-28T17:56:30.760397Z  INFO lingxi_service: request handled request_id=req-670d98f0cbe9683a077cee3f991802c3 method=POST path=/lingxi/v1/sessions/sess_local_alpha/execute status=200
2026-09-28T17:56:30.761072Z  INFO lingxi_service::sessions: run committed and published (post-commit) run_id=run_000001a0e92943a8_000722 session_id=sess_local_alpha events=run_000001a0e92943a8_000722-done input_chars=22
2026-09-28T17:56:30.761240Z  INFO lingxi_service: request handled request_id=req-001103f2328053b7bbcd9e50ad96318c method=POST path=/lingxi/v1/sessions/sess_local_alpha/execute status=200
2026-09-28T17:56:30.761885Z  INFO lingxi_service::sessions: run committed and published (post-commit) run_id=run_000001a0e92943a9_000723 session_id=sess_local_alpha events=run_000001a0e92943a9_000723-done input_chars=22
2026-09-28T17:56:30.762052Z  INFO lingxi_service: request handled request_id=req-a7d1d774d5a036415f0924150c91be65 method=POST path=/lingxi/v1/sessions/sess_local_alpha/execute status=200
2026-09-28T17:56:30.762685Z  INFO lingxi_service::sessions: run committed and published (post-commit) run_id=run_000001a0e92943aa_000724 session_id=sess_local_alpha events=run_000001a0e92943aa_000724-done input_chars=22
2026-09-28T17:56:30.762854Z  INFO lingxi_service: request handled request_id=req-7e397fb662b18280f5e051f52fa9733a method=POST path=/lingxi/v1/sessions/sess_local_alpha/execute status=200
2026-09-28T17:56:30.763450Z  INFO lingxi_service::sessions: run committed and published (post-commit) run_id=run_000001a0e92943ab_000725 session_id=sess_local_alpha events=run_000001a0e92943ab_000725-done input_chars=22
2026-09-28T17:56:30.763616Z  INFO lingxi_service: request handled request_id=req-240addf88e7ede74c21340aa0b2b37db method=POST path=/lingxi/v1/sessions/sess_local_alpha/execute status=200
2026-09-28T17:56:30.764215Z  INFO lingxi_service::sessions: run committed and published (post-commit) run_id=run_000001a0e92943ab_000726 session_id=sess_local_alpha events=run_000001a0e92943ab_000726-done input_chars=22
2026-09-28T17:56:30.764382Z  INFO lingxi_service: request handled request_id=req-129831cdeb15908f2b7d5358c380f84c method=POST path=/lingxi/v1/sessions/sess_local_alpha/execute status=200
2026-09-28T17:56:30.764984Z  INFO lingxi_service::sessions: run committed and published (post-commit) run_id=run_000001a0e92943ac_000727 session_id=sess_local_alpha events=run_000001a0e92943ac_000727-done input_chars=22
2026-09-28T17:56:30.765151Z  INFO lingxi_service: request handled request_id=req-e8b86cd2d0457bbdd88487d73d14c05a method=POST path=/lingxi/v1/sessions/sess_local_alpha/execute status=200
2026-09-28T17:56:30.765741Z  INFO lingxi_service::sessions: run committed and published (post-commit) run_id=run_000001a0e92943ad_000728 session_id=sess_local_alpha events=run_000001a0e92943ad_000728-done input_chars=22
2026-09-28T17:56:30.765909Z  INFO lingxi_service: request handled request_id=req-a7f1656fea3e3ba45e0c35aa2eb9d82f method=POST path=/lingxi/v1/sessions/sess_local_alpha/execute status=200
2026-09-28T17:56:30.766507Z  INFO lingxi_service::sessions: run committed and published (post-commit) run_id=run_000001a0e92943ae_000729 session_id=sess_local_alpha events=run_000001a0e92943ae_000729-done input_chars=22
2026-09-28T17:56:30.766674Z  INFO lingxi_service: request handled request_id=req-c90947a11143e1c87b87e172d955769a method=POST path=/lingxi/v1/sessions/sess_local_alpha/execute status=200
2026-09-28T17:56:30.767326Z  INFO lingxi_service::sessions: run committed and published (post-commit) run_id=run_000001a0e92943ae_00072a session_id=sess_local_alpha events=run_000001a0e92943ae_00072a-done input_chars=22
2026-09-28T17:56:30.767494Z  INFO lingxi_service: request handled request_id=req-2e125cfbd38693d7e51eca775d39eb61 method=POST path=/lingxi/v1/sessions/sess_local_alpha/execute status=200
2026-09-28T17:56:30.768106Z  INFO lingxi_service::sessions: run committed and published (post-commit) run_id=run_000001a0e92943af_00072b session_id=sess_local_alpha events=run_000001a0e92943af_00072b-done input_chars=22
2026-09-28T17:56:30.768276Z  INFO lingxi_service: request handled request_id=req-14de2942379f53efa1da9b4678ac16b6 method=POST path=/lingxi/v1/sessions/sess_local_alpha/execute status=200
2026-09-28T17:56:30.768909Z  INFO lingxi_service::sessions: run committed and published (post-commit) run_id=run_000001a0e92943b0_00072c session_id=sess_local_alpha events=run_000001a0e92943b0_00072c-done input_chars=22
2026-09-28T17:56:30.769077Z  INFO lingxi_service: request handled request_id=req-8cc4bc17cd05a8aac0b559396ed8819e method=POST path=/lingxi/v1/sessions/sess_local_alpha/execute status=200
2026-09-28T17:56:30.769704Z  INFO lingxi_service::sessions: run committed and published (post-commit) run_id=run_000001a0e92943b1_00072d session_id=sess_local_alpha events=run_000001a0e92943b1_00072d-done input_chars=22
2026-09-28T17:56:30.769871Z  INFO lingxi_service: request handled request_id=req-76e8624045222fb6e242aa73ab4f8966 method=POST path=/lingxi/v1/sessions/sess_local_alpha/execute status=200
2026-09-28T17:56:30.770517Z  INFO lingxi_service::sessions: run committed and published (post-commit) run_id=run_000001a0e92943b2_00072e session_id=sess_local_alpha events=run_000001a0e92943b2_00072e-done input_chars=22
2026-09-28T17:56:30.770684Z  INFO lingxi_service: request handled request_id=req-89f43dc4c5327b84af76bb28aede9d78 method=POST path=/lingxi/v1/sessions/sess_local_alpha/execute status=200
2026-09-28T17:56:30.771311Z  INFO lingxi_service::sessions: run committed and published (post-commit) run_id=run_000001a0e92943b2_00072f session_id=sess_local_alpha events=run_000001a0e92943b2_00072f-done input_chars=22
2026-09-28T17:56:30.771479Z  INFO lingxi_service: request handled request_id=req-1592b1ae43966b77b1c5cba26224b01f method=POST path=/lingxi/v1/sessions/sess_local_alpha/execute status=200
2026-09-28T17:56:30.772122Z  INFO lingxi_service::sessions: run committed and published (post-commit) run_id=run_000001a0e92943b3_000730 session_id=sess_local_alpha events=run_000001a0e92943b3_000730-done input_chars=22
2026-09-28T17:56:30.772289Z  INFO lingxi_service: request handled request_id=req-fb0b9339af48d136b8ed59239581232d method=POST path=/lingxi/v1/sessions/sess_local_alpha/execute status=200
2026-09-28T17:56:30.772991Z  INFO lingxi_service::sessions: run committed and published (post-commit) run_id=run_000001a0e92943b4_000731 session_id=sess_local_alpha events=run_000001a0e92943b4_000731-done input_chars=22
2026-09-28T17:56:30.773159Z  INFO lingxi_service: request handled request_id=req-3af100f20537b6d0d6fff13212ffeb6b method=POST path=/lingxi/v1/sessions/sess_local_alpha/execute status=200
2026-09-28T17:56:30.773744Z  INFO lingxi_service::sessions: run committed and published (post-commit) run_id=run_000001a0e92943b5_000732 session_id=sess_local_alpha events=run_000001a0e92943b5_000732-done input_chars=22
2026-09-28T17:56:30.773910Z  INFO lingxi_service: request handled request_id=req-c4ca597db0316843329a8583f8611066 method=POST path=/lingxi/v1/sessions/sess_local_alpha/execute status=200
2026-09-28T17:56:30.774547Z  INFO lingxi_service::sessions: run committed and published (post-commit) run_id=run_000001a0e92943b6_000733 session_id=sess_local_alpha events=run_000001a0e92943b6_000733-done input_chars=22
2026-09-28T17:56:30.774718Z  INFO lingxi_service: request handled request_id=req-369ab9769b39165af7af81358de45576 method=POST path=/lingxi/v1/sessions/sess_local_alpha/execute status=200
2026-09-28T17:56:30.775334Z  INFO lingxi_service::sessions: run committed and published (post-commit) run_id=run_000001a0e92943b7_000734 session_id=sess_local_alpha events=run_000001a0e92943b7_000734-done input_chars=22
2026-09-28T17:56:30.775502Z  INFO lingxi_service: request handled request_id=req-d73fd4778c0b41e5b3e7c61a366df610 method=POST path=/lingxi/v1/sessions/sess_local_alpha/execute status=200
2026-09-28T17:56:30.776142Z  INFO lingxi_service::sessions: run committed and published (post-commit) run_id=run_000001a0e92943b7_000735 session_id=sess_local_alpha events=run_000001a0e92943b7_000735-done input_chars=22
2026-09-28T17:56:30.776309Z  INFO lingxi_service: request handled request_id=req-0cdbe053aeaed8d5d5cfa232b7f715ac method=POST path=/lingxi/v1/sessions/sess_local_alpha/execute status=200
2026-09-28T17:56:30.776913Z  INFO lingxi_service::sessions: run committed and published (post-commit) run_id=run_000001a0e92943b8_000736 session_id=sess_local_alpha events=run_000001a0e92943b8_000736-done input_chars=22
2026-09-28T17:56:30.777089Z  INFO lingxi_service: request handled request_id=req-f794acda6d2898b3ef6e6cca9d2b1c8c method=POST path=/lingxi/v1/sessions/sess_local_alpha/execute status=200
2026-09-28T17:56:30.777690Z  INFO lingxi_service::sessions: run committed and published (post-commit) run_id=run_000001a0e92943b9_000737 session_id=sess_local_alpha events=run_000001a0e92943b9_000737-done input_chars=22
2026-09-28T17:56:30.777859Z  INFO lingxi_service: request handled request_id=req-dd94d1b97100db83033c8273b3caf8ff method=POST path=/lingxi/v1/sessions/sess_local_alpha/execute status=200
2026-09-28T17:56:30.778461Z  INFO lingxi_service::sessions: run committed and published (post-commit) run_id=run_000001a0e92943ba_000738 session_id=sess_local_alpha events=run_000001a0e92943ba_000738-done input_chars=22
2026-09-28T17:56:30.778631Z  INFO lingxi_service: request handled request_id=req-8b9b82c591e9b4328b3587a77013ff8f method=POST path=/lingxi/v1/sessions/sess_local_alpha/execute status=200
2026-09-28T17:56:30.779255Z  INFO lingxi_service::sessions: run committed and published (post-commit) run_id=run_000001a0e92943ba_000739 session_id=sess_local_alpha events=run_000001a0e92943ba_000739-done input_chars=22
2026-09-28T17:56:30.779423Z  INFO lingxi_service: request handled request_id=req-7d1edcf94e46c99ff9c8005da91a24f2 method=POST path=/lingxi/v1/sessions/sess_local_alpha/execute status=200
2026-09-28T17:56:30.780013Z  INFO lingxi_service::sessions: run committed and published (post-commit) run_id=run_000001a0e92943bb_00073a session_id=sess_local_alpha events=run_000001a0e92943bb_00073a-done input_chars=22
2026-09-28T17:56:30.780182Z  INFO lingxi_service: request handled request_id=req-e97a86dec982e954a7609efe77a49fe9 method=POST path=/lingxi/v1/sessions/sess_local_alpha/execute status=200
2026-09-28T17:56:30.780784Z  INFO lingxi_service::sessions: run committed and published (post-commit) run_id=run_000001a0e92943bc_00073b session_id=sess_local_alpha events=run_000001a0e92943bc_00073b-done input_chars=22
2026-09-28T17:56:30.780956Z  INFO lingxi_service: request handled request_id=req-e857bc08ff90227a6fcc3fb391b7b403 method=POST path=/lingxi/v1/sessions/sess_local_alpha/execute status=200
2026-09-28T17:56:30.781594Z  INFO lingxi_service::sessions: run committed and published (post-commit) run_id=run_000001a0e92943bd_00073c session_id=sess_local_alpha events=run_000001a0e92943bd_00073c-done input_chars=22
2026-09-28T17:56:30.781765Z  INFO lingxi_service: request handled request_id=req-f5da35c1e952b30cc86d06136512c111 method=POST path=/lingxi/v1/sessions/sess_local_alpha/execute status=200
2026-09-28T17:56:30.782374Z  INFO lingxi_service::sessions: run committed and published (post-commit) run_id=run_000001a0e92943be_00073d session_id=sess_local_alpha events=run_000001a0e92943be_00073d-done input_chars=22
2026-09-28T17:56:30.782542Z  INFO lingxi_service: request handled request_id=req-2678254ff3af7859141eb5b6eaf3c39e method=POST path=/lingxi/v1/sessions/sess_local_alpha/execute status=200
2026-09-28T17:56:30.783156Z  INFO lingxi_service::sessions: run committed and published (post-commit) run_id=run_000001a0e92943be_00073e session_id=sess_local_alpha events=run_000001a0e92943be_00073e-done input_chars=22
2026-09-28T17:56:30.783324Z  INFO lingxi_service: request handled request_id=req-64ba3775cce202bd40802843b06dda9d method=POST path=/lingxi/v1/sessions/sess_local_alpha/execute status=200
2026-09-28T17:56:30.783937Z  INFO lingxi_service::sessions: run committed and published (post-commit) run_id=run_000001a0e92943bf_00073f session_id=sess_local_alpha events=run_000001a0e92943bf_00073f-done input_chars=22
2026-09-28T17:56:30.784105Z  INFO lingxi_service: request handled request_id=req-17b2a110cb55359e63426b632b263703 method=POST path=/lingxi/v1/sessions/sess_local_alpha/execute status=200
2026-09-28T17:56:30.784740Z  INFO lingxi_service::sessions: run committed and published (post-commit) run_id=run_000001a0e92943c0_000740 session_id=sess_local_alpha events=run_000001a0e92943c0_000740-done input_chars=22
2026-09-28T17:56:30.784910Z  INFO lingxi_service: request handled request_id=req-43e048a484aa77b0cffb4090de3d82e1 method=POST path=/lingxi/v1/sessions/sess_local_alpha/execute status=200
2026-09-28T17:56:30.785535Z  INFO lingxi_service::sessions: run committed and published (post-commit) run_id=run_000001a0e92943c1_000741 session_id=sess_local_alpha events=run_000001a0e92943c1_000741-done input_chars=22
2026-09-28T17:56:30.785705Z  INFO lingxi_service: request handled request_id=req-3a71df82a189c5b465a4f41a33749505 method=POST path=/lingxi/v1/sessions/sess_local_alpha/execute status=200
2026-09-28T17:56:30.786300Z  INFO lingxi_service::sessions: run committed and published (post-commit) run_id=run_000001a0e92943c2_000742 session_id=sess_local_alpha events=run_000001a0e92943c2_000742-done input_chars=22
2026-09-28T17:56:30.786467Z  INFO lingxi_service: request handled request_id=req-f5bfcadc2160e570903eb2fb3ee273b7 method=POST path=/lingxi/v1/sessions/sess_local_alpha/execute status=200
2026-09-28T17:56:30.787067Z  INFO lingxi_service::sessions: run committed and published (post-commit) run_id=run_000001a0e92943c2_000743 session_id=sess_local_alpha events=run_000001a0e92943c2_000743-done input_chars=22
2026-09-28T17:56:30.787234Z  INFO lingxi_service: request handled request_id=req-c46333f9bb292a47a9f26ab96b25fa09 method=POST path=/lingxi/v1/sessions/sess_local_alpha/execute status=200
2026-09-28T17:56:30.787847Z  INFO lingxi_service::sessions: run committed and published (post-commit) run_id=run_000001a0e92943c3_000744 session_id=sess_local_alpha events=run_000001a0e92943c3_000744-done input_chars=22
2026-09-28T17:56:30.788019Z  INFO lingxi_service: request handled request_id=req-4d5d41dd982ce03207cae8c3d9099ead method=POST path=/lingxi/v1/sessions/sess_local_alpha/execute status=200
2026-09-28T17:56:30.788630Z  INFO lingxi_service::sessions: run committed and published (post-commit) run_id=run_000001a0e92943c4_000745 session_id=sess_local_alpha events=run_000001a0e92943c4_000745-done input_chars=22
2026-09-28T17:56:30.788799Z  INFO lingxi_service: request handled request_id=req-4f441465467527367efe45c9d5e49cad method=POST path=/lingxi/v1/sessions/sess_local_alpha/execute status=200
2026-09-28T17:56:30.789433Z  INFO lingxi_service::sessions: run committed and published (post-commit) run_id=run_000001a0e92943c5_000746 session_id=sess_local_alpha events=run_000001a0e92943c5_000746-done input_chars=22
2026-09-28T17:56:30.789605Z  INFO lingxi_service: request handled request_id=req-a8a7cc8f76a982a191a5ddd6b14a630c method=POST path=/lingxi/v1/sessions/sess_local_alpha/execute status=200
2026-09-28T17:56:30.790203Z  INFO lingxi_service::sessions: run committed and published (post-commit) run_id=run_000001a0e92943c5_000747 session_id=sess_local_alpha events=run_000001a0e92943c5_000747-done input_chars=22
2026-09-28T17:56:30.790372Z  INFO lingxi_service: request handled request_id=req-79f94abfd86f831de330d3957456e57b method=POST path=/lingxi/v1/sessions/sess_local_alpha/execute status=200
2026-09-28T17:56:30.790979Z  INFO lingxi_service::sessions: run committed and published (post-commit) run_id=run_000001a0e92943c6_000748 session_id=sess_local_alpha events=run_000001a0e92943c6_000748-done input_chars=22
2026-09-28T17:56:30.791148Z  INFO lingxi_service: request handled request_id=req-ed442ee76a6a1edd8ac570a8a07f6d5d method=POST path=/lingxi/v1/sessions/sess_local_alpha/execute status=200
2026-09-28T17:56:30.791770Z  INFO lingxi_service::sessions: run committed and published (post-commit) run_id=run_000001a0e92943c7_000749 session_id=sess_local_alpha events=run_000001a0e92943c7_000749-done input_chars=22
2026-09-28T17:56:30.791939Z  INFO lingxi_service: request handled request_id=req-18ebe984437f9ca453aff01bdcd90a9c method=POST path=/lingxi/v1/sessions/sess_local_alpha/execute status=200
2026-09-28T17:56:30.792568Z  INFO lingxi_service::sessions: run committed and published (post-commit) run_id=run_000001a0e92943c8_00074a session_id=sess_local_alpha events=run_000001a0e92943c8_00074a-done input_chars=22
2026-09-28T17:56:30.792739Z  INFO lingxi_service: request handled request_id=req-bcbe2aaa75a5d1872d1033d0480328f2 method=POST path=/lingxi/v1/sessions/sess_local_alpha/execute status=200
2026-09-28T17:56:30.793361Z  INFO lingxi_service::sessions: run committed and published (post-commit) run_id=run_000001a0e92943c9_00074b session_id=sess_local_alpha events=run_000001a0e92943c9_00074b-done input_chars=22
2026-09-28T17:56:30.793529Z  INFO lingxi_service: request handled request_id=req-d12e5d110820c8d9391bbbd5a8562ae4 method=POST path=/lingxi/v1/sessions/sess_local_alpha/execute status=200
2026-09-28T17:56:30.794147Z  INFO lingxi_service::sessions: run committed and published (post-commit) run_id=run_000001a0e92943c9_00074c session_id=sess_local_alpha events=run_000001a0e92943c9_00074c-done input_chars=22
2026-09-28T17:56:30.794317Z  INFO lingxi_service: request handled request_id=req-696dd7b7483167963072883b4319e758 method=POST path=/lingxi/v1/sessions/sess_local_alpha/execute status=200
2026-09-28T17:56:30.794962Z  INFO lingxi_service::sessions: run committed and published (post-commit) run_id=run_000001a0e92943ca_00074d session_id=sess_local_alpha events=run_000001a0e92943ca_00074d-done input_chars=22
2026-09-28T17:56:30.795132Z  INFO lingxi_service: request handled request_id=req-e4205ab8dd2cfea5cb33d4231d9b8ba6 method=POST path=/lingxi/v1/sessions/sess_local_alpha/execute status=200
2026-09-28T17:56:30.795758Z  INFO lingxi_service::sessions: run committed and published (post-commit) run_id=run_000001a0e92943cb_00074e session_id=sess_local_alpha events=run_000001a0e92943cb_00074e-done input_chars=22
2026-09-28T17:56:30.795927Z  INFO lingxi_service: request handled request_id=req-8776010c78a0e3b2081e391d7fd9bf13 method=POST path=/lingxi/v1/sessions/sess_local_alpha/execute status=200
2026-09-28T17:56:30.796555Z  INFO lingxi_service::sessions: run committed and published (post-commit) run_id=run_000001a0e92943cc_00074f session_id=sess_local_alpha events=run_000001a0e92943cc_00074f-done input_chars=22
2026-09-28T17:56:30.796726Z  INFO lingxi_service: request handled request_id=req-c125ee99e12558cba553c9bbc0c16876 method=POST path=/lingxi/v1/sessions/sess_local_alpha/execute status=200
2026-09-28T17:56:30.797319Z  INFO lingxi_service::sessions: run committed and published (post-commit) run_id=run_000001a0e92943cd_000750 session_id=sess_local_alpha events=run_000001a0e92943cd_000750-done input_chars=22
2026-09-28T17:56:30.797486Z  INFO lingxi_service: request handled request_id=req-7dda333c50300882288bb3c323dfa584 method=POST path=/lingxi/v1/sessions/sess_local_alpha/execute status=200
2026-09-28T17:56:30.798109Z  INFO lingxi_service::sessions: run committed and published (post-commit) run_id=run_000001a0e92943cd_000751 session_id=sess_local_alpha events=run_000001a0e92943cd_000751-done input_chars=22
2026-09-28T17:56:30.798278Z  INFO lingxi_service: request handled request_id=req-64c9a385abe9c27c5fa073e0422056e0 method=POST path=/lingxi/v1/sessions/sess_local_alpha/execute status=200
2026-09-28T17:56:30.799231Z  INFO lingxi_service::sessions: run committed and published (post-commit) run_id=run_000001a0e92943ce_000752 session_id=sess_local_alpha events=run_000001a0e92943ce_000752-done input_chars=22
2026-09-28T17:56:30.799405Z  INFO lingxi_service: request handled request_id=req-7739c0c8ee77f2ef6cf2b9be09780732 method=POST path=/lingxi/v1/sessions/sess_local_alpha/execute status=200
2026-09-28T17:56:30.800040Z  INFO lingxi_service::sessions: run committed and published (post-commit) run_id=run_000001a0e92943cf_000753 session_id=sess_local_alpha events=run_000001a0e92943cf_000753-done input_chars=22
2026-09-28T17:56:30.800211Z  INFO lingxi_service: request handled request_id=req-f763b5134c2f749f8dc8867485c72886 method=POST path=/lingxi/v1/sessions/sess_local_alpha/execute status=200
2026-09-28T17:56:30.800809Z  INFO lingxi_service::sessions: run committed and published (post-commit) run_id=run_000001a0e92943d0_000754 session_id=sess_local_alpha events=run_000001a0e92943d0_000754-done input_chars=22
2026-09-28T17:56:30.800985Z  INFO lingxi_service: request handled request_id=req-4cc8458bdbcb20462eb2d02cbbc9db8c method=POST path=/lingxi/v1/sessions/sess_local_alpha/execute status=200
2026-09-28T17:56:30.801615Z  INFO lingxi_service::sessions: run committed and published (post-commit) run_id=run_000001a0e92943d1_000755 session_id=sess_local_alpha events=run_000001a0e92943d1_000755-done input_chars=22
2026-09-28T17:56:30.801785Z  INFO lingxi_service: request handled request_id=req-8529d69696011ac2346b3010d20a6aab method=POST path=/lingxi/v1/sessions/sess_local_alpha/execute status=200
2026-09-28T17:56:30.802411Z  INFO lingxi_service::sessions: run committed and published (post-commit) run_id=run_000001a0e92943d2_000756 session_id=sess_local_alpha events=run_000001a0e92943d2_000756-done input_chars=22
2026-09-28T17:56:30.802579Z  INFO lingxi_service: request handled request_id=req-b430b3a5e261f286d6e397901a545459 method=POST path=/lingxi/v1/sessions/sess_local_alpha/execute status=200
2026-09-28T17:56:30.803232Z  INFO lingxi_service::sessions: run committed and published (post-commit) run_id=run_000001a0e92943d2_000757 session_id=sess_local_alpha events=run_000001a0e92943d2_000757-done input_chars=22
2026-09-28T17:56:30.803402Z  INFO lingxi_service: request handled request_id=req-e8ceb2036b0325232503a1af0dd2b7c0 method=POST path=/lingxi/v1/sessions/sess_local_alpha/execute status=200
2026-09-28T17:56:30.804059Z  INFO lingxi_service::sessions: run committed and published (post-commit) run_id=run_000001a0e92943d3_000758 session_id=sess_local_alpha events=run_000001a0e92943d3_000758-done input_chars=22
2026-09-28T17:56:30.804232Z  INFO lingxi_service: request handled request_id=req-f894cba2be4e715d25039d6506172a1a method=POST path=/lingxi/v1/sessions/sess_local_alpha/execute status=200
2026-09-28T17:56:30.804849Z  INFO lingxi_service::sessions: run committed and published (post-commit) run_id=run_000001a0e92943d4_000759 session_id=sess_local_alpha events=run_000001a0e92943d4_000759-done input_chars=22
2026-09-28T17:56:30.805022Z  INFO lingxi_service: request handled request_id=req-e47a92119ce4d0ce9225dc39f52854d1 method=POST path=/lingxi/v1/sessions/sess_local_alpha/execute status=200
2026-09-28T17:56:30.805654Z  INFO lingxi_service::sessions: run committed and published (post-commit) run_id=run_000001a0e92943d5_00075a session_id=sess_local_alpha events=run_000001a0e92943d5_00075a-done input_chars=22
2026-09-28T17:56:30.805824Z  INFO lingxi_service: request handled request_id=req-38baba07cd7caa95dcf7d6928b3043f1 method=POST path=/lingxi/v1/sessions/sess_local_alpha/execute status=200
2026-09-28T17:56:30.806502Z  INFO lingxi_service::sessions: run committed and published (post-commit) run_id=run_000001a0e92943d6_00075b session_id=sess_local_alpha events=run_000001a0e92943d6_00075b-done input_chars=22
2026-09-28T17:56:30.806677Z  INFO lingxi_service: request handled request_id=req-3d3ea43594c0fc216f065bedc570cb50 method=POST path=/lingxi/v1/sessions/sess_local_alpha/execute status=200
2026-09-28T17:56:30.808595Z  INFO lingxi_service::sessions: run committed and published (post-commit) run_id=run_000001a0e92943d8_00075c session_id=sess_local_alpha events=run_000001a0e92943d8_00075c-done input_chars=22
2026-09-28T17:56:30.808773Z  INFO lingxi_service: request handled request_id=req-d6434de4dd0364345ad952742b908c89 method=POST path=/lingxi/v1/sessions/sess_local_alpha/execute status=200
2026-09-28T17:56:30.809447Z  INFO lingxi_service::sessions: run committed and published (post-commit) run_id=run_000001a0e92943d9_00075d session_id=sess_local_alpha events=run_000001a0e92943d9_00075d-done input_chars=22
2026-09-28T17:56:30.809618Z  INFO lingxi_service: request handled request_id=req-542c87edd0c77b6d9e7535c13ffaa85e method=POST path=/lingxi/v1/sessions/sess_local_alpha/execute status=200
2026-09-28T17:56:30.810254Z  INFO lingxi_service::sessions: run committed and published (post-commit) run_id=run_000001a0e92943d9_00075e session_id=sess_local_alpha events=run_000001a0e92943d9_00075e-done input_chars=22
2026-09-28T17:56:30.810428Z  INFO lingxi_service: request handled request_id=req-c4b4cf87f19de333950c9fec17c46b52 method=POST path=/lingxi/v1/sessions/sess_local_alpha/execute status=200
2026-09-28T17:56:30.811053Z  INFO lingxi_service::sessions: run committed and published (post-commit) run_id=run_000001a0e92943da_00075f session_id=sess_local_alpha events=run_000001a0e92943da_00075f-done input_chars=22
2026-09-28T17:56:30.811230Z  INFO lingxi_service: request handled request_id=req-7903014f29d5a353bb14458a8dc80f76 method=POST path=/lingxi/v1/sessions/sess_local_alpha/execute status=200
2026-09-28T17:56:30.811946Z  INFO lingxi_service::sessions: run committed and published (post-commit) run_id=run_000001a0e92943db_000760 session_id=sess_local_alpha events=run_000001a0e92943db_000760-done input_chars=22
2026-09-28T17:56:30.812118Z  INFO lingxi_service: request handled request_id=req-1e4ca749c257f82692d95a9f9ba11ae6 method=POST path=/lingxi/v1/sessions/sess_local_alpha/execute status=200
2026-09-28T17:56:30.812879Z  INFO lingxi_service::sessions: run committed and published (post-commit) run_id=run_000001a0e92943dc_000761 session_id=sess_local_alpha events=run_000001a0e92943dc_000761-done input_chars=22
2026-09-28T17:56:30.813046Z  INFO lingxi_service: request handled request_id=req-3f9477ba29b5d54d1db0c7e32d6b6194 method=POST path=/lingxi/v1/sessions/sess_local_alpha/execute status=200
2026-09-28T17:56:30.813679Z  INFO lingxi_service::sessions: run committed and published (post-commit) run_id=run_000001a0e92943dd_000762 session_id=sess_local_alpha events=run_000001a0e92943dd_000762-done input_chars=22
2026-09-28T17:56:30.813848Z  INFO lingxi_service: request handled request_id=req-e8332d90c803663ba0f60bf181865a5b method=POST path=/lingxi/v1/sessions/sess_local_alpha/execute status=200
2026-09-28T17:56:30.814516Z  INFO lingxi_service::sessions: run committed and published (post-commit) run_id=run_000001a0e92943de_000763 session_id=sess_local_alpha events=run_000001a0e92943de_000763-done input_chars=22
2026-09-28T17:56:30.814694Z  INFO lingxi_service: request handled request_id=req-94488328bb7c8bac6d284728f63e28fd method=POST path=/lingxi/v1/sessions/sess_local_alpha/execute status=200
2026-09-28T17:56:30.815339Z  INFO lingxi_service::sessions: run committed and published (post-commit) run_id=run_000001a0e92943df_000764 session_id=sess_local_alpha events=run_000001a0e92943df_000764-done input_chars=22
2026-09-28T17:56:30.815511Z  INFO lingxi_service: request handled request_id=req-86744ffaf9fafdcc7fd3049b4b65c30c method=POST path=/lingxi/v1/sessions/sess_local_alpha/execute status=200
2026-09-28T17:56:30.816130Z  INFO lingxi_service::sessions: run committed and published (post-commit) run_id=run_000001a0e92943df_000765 session_id=sess_local_alpha events=run_000001a0e92943df_000765-done input_chars=22
2026-09-28T17:56:30.816303Z  INFO lingxi_service: request handled request_id=req-3954220de2f8532565b8932638c44a79 method=POST path=/lingxi/v1/sessions/sess_local_alpha/execute status=200
2026-09-28T17:56:30.816992Z  INFO lingxi_service::sessions: run committed and published (post-commit) run_id=run_000001a0e92943e0_000766 session_id=sess_local_alpha events=run_000001a0e92943e0_000766-done input_chars=22
2026-09-28T17:56:30.817163Z  INFO lingxi_service: request handled request_id=req-910fe48726df7ce6ee4631ca9923c1c0 method=POST path=/lingxi/v1/sessions/sess_local_alpha/execute status=200
2026-09-28T17:56:30.817776Z  INFO lingxi_service::sessions: run committed and published (post-commit) run_id=run_000001a0e92943e1_000767 session_id=sess_local_alpha events=run_000001a0e92943e1_000767-done input_chars=22
2026-09-28T17:56:30.817946Z  INFO lingxi_service: request handled request_id=req-4f3959f645731b3e89ffd8d63351aa82 method=POST path=/lingxi/v1/sessions/sess_local_alpha/execute status=200
2026-09-28T17:56:30.818582Z  INFO lingxi_service::sessions: run committed and published (post-commit) run_id=run_000001a0e92943e2_000768 session_id=sess_local_alpha events=run_000001a0e92943e2_000768-done input_chars=22
2026-09-28T17:56:30.818752Z  INFO lingxi_service: request handled request_id=req-8f11e9d7b58ad6a518462904f89ef0a1 method=POST path=/lingxi/v1/sessions/sess_local_alpha/execute status=200
2026-09-28T17:56:30.819388Z  INFO lingxi_service::sessions: run committed and published (post-commit) run_id=run_000001a0e92943e3_000769 session_id=sess_local_alpha events=run_000001a0e92943e3_000769-done input_chars=22
2026-09-28T17:56:30.819558Z  INFO lingxi_service: request handled request_id=req-1626b1c1e2bcdb9e1dd5d0fef3451818 method=POST path=/lingxi/v1/sessions/sess_local_alpha/execute status=200
2026-09-28T17:56:30.820159Z  INFO lingxi_service::sessions: run committed and published (post-commit) run_id=run_000001a0e92943e3_00076a session_id=sess_local_alpha events=run_000001a0e92943e3_00076a-done input_chars=22
2026-09-28T17:56:30.820328Z  INFO lingxi_service: request handled request_id=req-d8b75a9970920a01ccfcf2d4c7d3fdfd method=POST path=/lingxi/v1/sessions/sess_local_alpha/execute status=200
2026-09-28T17:56:30.820946Z  INFO lingxi_service::sessions: run committed and published (post-commit) run_id=run_000001a0e92943e4_00076b session_id=sess_local_alpha events=run_000001a0e92943e4_00076b-done input_chars=22
2026-09-28T17:56:30.821115Z  INFO lingxi_service: request handled request_id=req-97f3d640942e7cfb535ddbc77b1f28b8 method=POST path=/lingxi/v1/sessions/sess_local_alpha/execute status=200
2026-09-28T17:56:30.821753Z  INFO lingxi_service::sessions: run committed and published (post-commit) run_id=run_000001a0e92943e5_00076c session_id=sess_local_alpha events=run_000001a0e92943e5_00076c-done input_chars=22
2026-09-28T17:56:30.821924Z  INFO lingxi_service: request handled request_id=req-78d42beafeecfb1651e44aaa6e0a68cf method=POST path=/lingxi/v1/sessions/sess_local_alpha/execute status=200
2026-09-28T17:56:30.822651Z  INFO lingxi_service::sessions: run committed and published (post-commit) run_id=run_000001a0e92943e6_00076d session_id=sess_local_alpha events=run_000001a0e92943e6_00076d-done input_chars=22
2026-09-28T17:56:30.822831Z  INFO lingxi_service: request handled request_id=req-e885dcc239ba91b893e25a511671285c method=POST path=/lingxi/v1/sessions/sess_local_alpha/execute status=200
2026-09-28T17:56:30.823452Z  INFO lingxi_service::sessions: run committed and published (post-commit) run_id=run_000001a0e92943e7_00076e session_id=sess_local_alpha events=run_000001a0e92943e7_00076e-done input_chars=22
2026-09-28T17:56:30.823622Z  INFO lingxi_service: request handled request_id=req-d2a5feaf1d5e94fe2f5f316f43d3550a method=POST path=/lingxi/v1/sessions/sess_local_alpha/execute status=200
2026-09-28T17:56:30.824237Z  INFO lingxi_service::sessions: run committed and published (post-commit) run_id=run_000001a0e92943e7_00076f session_id=sess_local_alpha events=run_000001a0e92943e7_00076f-done input_chars=22
2026-09-28T17:56:30.824410Z  INFO lingxi_service: request handled request_id=req-b48241bfef91ac58b295bc8c2ddbbce9 method=POST path=/lingxi/v1/sessions/sess_local_alpha/execute status=200
2026-09-28T17:56:30.825024Z  INFO lingxi_service::sessions: run committed and published (post-commit) run_id=run_000001a0e92943e8_000770 session_id=sess_local_alpha events=run_000001a0e92943e8_000770-done input_chars=22
2026-09-28T17:56:30.825197Z  INFO lingxi_service: request handled request_id=req-8a5e6427f7a94e00399ac7fb250f756f method=POST path=/lingxi/v1/sessions/sess_local_alpha/execute status=200
2026-09-28T17:56:30.825864Z  INFO lingxi_service::sessions: run committed and published (post-commit) run_id=run_000001a0e92943e9_000771 session_id=sess_local_alpha events=run_000001a0e92943e9_000771-done input_chars=22
2026-09-28T17:56:30.826033Z  INFO lingxi_service: request handled request_id=req-d947bca5638ea2ba68114a840a54f2ca method=POST path=/lingxi/v1/sessions/sess_local_alpha/execute status=200
2026-09-28T17:56:30.826633Z  INFO lingxi_service::sessions: run committed and published (post-commit) run_id=run_000001a0e92943ea_000772 session_id=sess_local_alpha events=run_000001a0e92943ea_000772-done input_chars=22
2026-09-28T17:56:30.826805Z  INFO lingxi_service: request handled request_id=req-009891b9d72395cd7fed3e9700ccd647 method=POST path=/lingxi/v1/sessions/sess_local_alpha/execute status=200
2026-09-28T17:56:30.827475Z  INFO lingxi_service::sessions: run committed and published (post-commit) run_id=run_000001a0e92943eb_000773 session_id=sess_local_alpha events=run_000001a0e92943eb_000773-done input_chars=22
2026-09-28T17:56:30.827645Z  INFO lingxi_service: request handled request_id=req-9b349644071ae2bb77e300e934db4e67 method=POST path=/lingxi/v1/sessions/sess_local_alpha/execute status=200
2026-09-28T17:56:30.828318Z  INFO lingxi_service::sessions: run committed and published (post-commit) run_id=run_000001a0e92943eb_000774 session_id=sess_local_alpha events=run_000001a0e92943eb_000774-done input_chars=22
2026-09-28T17:56:30.828489Z  INFO lingxi_service: request handled request_id=req-6d6a15546b2c219d43b403891d8d85e5 method=POST path=/lingxi/v1/sessions/sess_local_alpha/execute status=200
2026-09-28T17:56:30.829124Z  INFO lingxi_service::sessions: run committed and published (post-commit) run_id=run_000001a0e92943ec_000775 session_id=sess_local_alpha events=run_000001a0e92943ec_000775-done input_chars=22
2026-09-28T17:56:30.829294Z  INFO lingxi_service: request handled request_id=req-c09129d5f8c81c6a17f154d7e1aeeb3d method=POST path=/lingxi/v1/sessions/sess_local_alpha/execute status=200
2026-09-28T17:56:30.829909Z  INFO lingxi_service::sessions: run committed and published (post-commit) run_id=run_000001a0e92943ed_000776 session_id=sess_local_alpha events=run_000001a0e92943ed_000776-done input_chars=22
2026-09-28T17:56:30.830084Z  INFO lingxi_service: request handled request_id=req-d37f7b31cb130b683cab271054b2ce6c method=POST path=/lingxi/v1/sessions/sess_local_alpha/execute status=200
2026-09-28T17:56:30.830697Z  INFO lingxi_service::sessions: run committed and published (post-commit) run_id=run_000001a0e92943ee_000777 session_id=sess_local_alpha events=run_000001a0e92943ee_000777-done input_chars=22
2026-09-28T17:56:30.830867Z  INFO lingxi_service: request handled request_id=req-6917d0004ecb65e2dc58a9b6f721d347 method=POST path=/lingxi/v1/sessions/sess_local_alpha/execute status=200
2026-09-28T17:56:30.831461Z  INFO lingxi_service::sessions: run committed and published (post-commit) run_id=run_000001a0e92943ef_000778 session_id=sess_local_alpha events=run_000001a0e92943ef_000778-done input_chars=22
2026-09-28T17:56:30.831636Z  INFO lingxi_service: request handled request_id=req-0ade05df15d46225b846b22496d52f73 method=POST path=/lingxi/v1/sessions/sess_local_alpha/execute status=200
2026-09-28T17:56:30.832241Z  INFO lingxi_service::sessions: run committed and published (post-commit) run_id=run_000001a0e92943ef_000779 session_id=sess_local_alpha events=run_000001a0e92943ef_000779-done input_chars=22
2026-09-28T17:56:30.832411Z  INFO lingxi_service: request handled request_id=req-09fcba025034577ddef4cbc1f09b164d method=POST path=/lingxi/v1/sessions/sess_local_alpha/execute status=200
2026-09-28T17:56:30.833006Z  INFO lingxi_service::sessions: run committed and published (post-commit) run_id=run_000001a0e92943f0_00077a session_id=sess_local_alpha events=run_000001a0e92943f0_00077a-done input_chars=22
2026-09-28T17:56:30.833178Z  INFO lingxi_service: request handled request_id=req-24e2dbfd5745afb2a01c38d8017b93bc method=POST path=/lingxi/v1/sessions/sess_local_alpha/execute status=200
2026-09-28T17:56:30.833802Z  INFO lingxi_service::sessions: run committed and published (post-commit) run_id=run_000001a0e92943f1_00077b session_id=sess_local_alpha events=run_000001a0e92943f1_00077b-done input_chars=22
2026-09-28T17:56:30.833972Z  INFO lingxi_service: request handled request_id=req-dcc1e8c0231f4accf98bb44de4a7aab2 method=POST path=/lingxi/v1/sessions/sess_local_alpha/execute status=200
2026-09-28T17:56:30.834575Z  INFO lingxi_service::sessions: run committed and published (post-commit) run_id=run_000001a0e92943f2_00077c session_id=sess_local_alpha events=run_000001a0e92943f2_00077c-done input_chars=22
2026-09-28T17:56:30.834746Z  INFO lingxi_service: request handled request_id=req-3c1fae7bcb42e3fb37ea1d7e6cc0de78 method=POST path=/lingxi/v1/sessions/sess_local_alpha/execute status=200
2026-09-28T17:56:30.835367Z  INFO lingxi_service::sessions: run committed and published (post-commit) run_id=run_000001a0e92943f3_00077d session_id=sess_local_alpha events=run_000001a0e92943f3_00077d-done input_chars=22
2026-09-28T17:56:30.835539Z  INFO lingxi_service: request handled request_id=req-3425757f036e026b19d1d885ba8711ca method=POST path=/lingxi/v1/sessions/sess_local_alpha/execute status=200
2026-09-28T17:56:30.836177Z  INFO lingxi_service::sessions: run committed and published (post-commit) run_id=run_000001a0e92943f3_00077e session_id=sess_local_alpha events=run_000001a0e92943f3_00077e-done input_chars=22
2026-09-28T17:56:30.836350Z  INFO lingxi_service: request handled request_id=req-2aa90a3a99d22c7f014e49ee35bf0fef method=POST path=/lingxi/v1/sessions/sess_local_alpha/execute status=200
2026-09-28T17:56:30.836995Z  INFO lingxi_service::sessions: run committed and published (post-commit) run_id=run_000001a0e92943f4_00077f session_id=sess_local_alpha events=run_000001a0e92943f4_00077f-done input_chars=22
2026-09-28T17:56:30.837167Z  INFO lingxi_service: request handled request_id=req-0f9f078d11126f2cf70ee944d369aa85 method=POST path=/lingxi/v1/sessions/sess_local_alpha/execute status=200
2026-09-28T17:56:30.837773Z  INFO lingxi_service::sessions: run committed and published (post-commit) run_id=run_000001a0e92943f5_000780 session_id=sess_local_alpha events=run_000001a0e92943f5_000780-done input_chars=22
2026-09-28T17:56:30.837943Z  INFO lingxi_service: request handled request_id=req-86c75b0b607706c9a209a06ab7d4d44e method=POST path=/lingxi/v1/sessions/sess_local_alpha/execute status=200
2026-09-28T17:56:30.838559Z  INFO lingxi_service::sessions: run committed and published (post-commit) run_id=run_000001a0e92943f6_000781 session_id=sess_local_alpha events=run_000001a0e92943f6_000781-done input_chars=22
2026-09-28T17:56:30.838735Z  INFO lingxi_service: request handled request_id=req-eaa729c3633d029ab29cd03e6a1cc8f0 method=POST path=/lingxi/v1/sessions/sess_local_alpha/execute status=200
2026-09-28T17:56:30.839337Z  INFO lingxi_service::sessions: run committed and published (post-commit) run_id=run_000001a0e92943f7_000782 session_id=sess_local_alpha events=run_000001a0e92943f7_000782-done input_chars=22
2026-09-28T17:56:30.839510Z  INFO lingxi_service: request handled request_id=req-bf5a607a53100c613da764609754b479 method=POST path=/lingxi/v1/sessions/sess_local_alpha/execute status=200
2026-09-28T17:56:30.840136Z  INFO lingxi_service::sessions: run committed and published (post-commit) run_id=run_000001a0e92943f7_000783 session_id=sess_local_alpha events=run_000001a0e92943f7_000783-done input_chars=22
2026-09-28T17:56:30.840310Z  INFO lingxi_service: request handled request_id=req-6a0ac8ed52191ec6699dc73db4d1ae9d method=POST path=/lingxi/v1/sessions/sess_local_alpha/execute status=200
2026-09-28T17:56:30.840956Z  INFO lingxi_service::sessions: run committed and published (post-commit) run_id=run_000001a0e92943f8_000784 session_id=sess_local_alpha events=run_000001a0e92943f8_000784-done input_chars=22
2026-09-28T17:56:30.841130Z  INFO lingxi_service: request handled request_id=req-32efa7874bc6b97f109c6d9644257e13 method=POST path=/lingxi/v1/sessions/sess_local_alpha/execute status=200
2026-09-28T17:56:30.841758Z  INFO lingxi_service::sessions: run committed and published (post-commit) run_id=run_000001a0e92943f9_000785 session_id=sess_local_alpha events=run_000001a0e92943f9_000785-done input_chars=22
2026-09-28T17:56:30.841930Z  INFO lingxi_service: request handled request_id=req-5a6506065f45ea415889cc6734705fb6 method=POST path=/lingxi/v1/sessions/sess_local_alpha/execute status=200
2026-09-28T17:56:30.842546Z  INFO lingxi_service::sessions: run committed and published (post-commit) run_id=run_000001a0e92943fa_000786 session_id=sess_local_alpha events=run_000001a0e92943fa_000786-done input_chars=22
2026-09-28T17:56:30.842718Z  INFO lingxi_service: request handled request_id=req-a8a76597fffacc7112f0fa3882089982 method=POST path=/lingxi/v1/sessions/sess_local_alpha/execute status=200
2026-09-28T17:56:30.843373Z  INFO lingxi_service::sessions: run committed and published (post-commit) run_id=run_000001a0e92943fb_000787 session_id=sess_local_alpha events=run_000001a0e92943fb_000787-done input_chars=22
2026-09-28T17:56:30.843547Z  INFO lingxi_service: request handled request_id=req-f839b0deaced4fef828e384633e3734b method=POST path=/lingxi/v1/sessions/sess_local_alpha/execute status=200
2026-09-28T17:56:30.844472Z  INFO lingxi_service::sessions: run committed and published (post-commit) run_id=run_000001a0e92943fb_000788 session_id=sess_local_alpha events=run_000001a0e92943fb_000788-done input_chars=22
2026-09-28T17:56:30.844654Z  INFO lingxi_service: request handled request_id=req-b902b25773b9775e294030f205588ab0 method=POST path=/lingxi/v1/sessions/sess_local_alpha/execute status=200
2026-09-28T17:56:30.845369Z  INFO lingxi_service::sessions: run committed and published (post-commit) run_id=run_000001a0e92943fc_000789 session_id=sess_local_alpha events=run_000001a0e92943fc_000789-done input_chars=22
2026-09-28T17:56:30.845543Z  INFO lingxi_service: request handled request_id=req-856cd3cce409b7cdb96a418ce0ab4d6e method=POST path=/lingxi/v1/sessions/sess_local_alpha/execute status=200
2026-09-28T17:56:30.846167Z  INFO lingxi_service::sessions: run committed and published (post-commit) run_id=run_000001a0e92943fd_00078a session_id=sess_local_alpha events=run_000001a0e92943fd_00078a-done input_chars=22
2026-09-28T17:56:30.846341Z  INFO lingxi_service: request handled request_id=req-ee6a114cb77daa7f2d264f046b0b75c5 method=POST path=/lingxi/v1/sessions/sess_local_alpha/execute status=200
2026-09-28T17:56:30.846941Z  INFO lingxi_service::sessions: run committed and published (post-commit) run_id=run_000001a0e92943fe_00078b session_id=sess_local_alpha events=run_000001a0e92943fe_00078b-done input_chars=22
2026-09-28T17:56:30.847112Z  INFO lingxi_service: request handled request_id=req-d58e6fdaed8817c8c1f88a7ad3f6dab9 method=POST path=/lingxi/v1/sessions/sess_local_alpha/execute status=200
2026-09-28T17:56:30.847726Z  INFO lingxi_service::sessions: run committed and published (post-commit) run_id=run_000001a0e92943ff_00078c session_id=sess_local_alpha events=run_000001a0e92943ff_00078c-done input_chars=22
2026-09-28T17:56:30.847898Z  INFO lingxi_service: request handled request_id=req-294df8416f5e0e37810f7a23414971b3 method=POST path=/lingxi/v1/sessions/sess_local_alpha/execute status=200
2026-09-28T17:56:30.848537Z  INFO lingxi_service::sessions: run committed and published (post-commit) run_id=run_000001a0e9294400_00078d session_id=sess_local_alpha events=run_000001a0e9294400_00078d-done input_chars=22
2026-09-28T17:56:30.848709Z  INFO lingxi_service: request handled request_id=req-cf93d554460d236ba42aa6ef4d693bd7 method=POST path=/lingxi/v1/sessions/sess_local_alpha/execute status=200
2026-09-28T17:56:30.849337Z  INFO lingxi_service::sessions: run committed and published (post-commit) run_id=run_000001a0e9294401_00078e session_id=sess_local_alpha events=run_000001a0e9294401_00078e-done input_chars=22
2026-09-28T17:56:30.849510Z  INFO lingxi_service: request handled request_id=req-f1b340c251ea26c04fe8fa4b97d2d9a3 method=POST path=/lingxi/v1/sessions/sess_local_alpha/execute status=200
2026-09-28T17:56:30.850109Z  INFO lingxi_service::sessions: run committed and published (post-commit) run_id=run_000001a0e9294401_00078f session_id=sess_local_alpha events=run_000001a0e9294401_00078f-done input_chars=22
2026-09-28T17:56:30.850281Z  INFO lingxi_service: request handled request_id=req-927fbf132bdfb6226053410e0d5595fb method=POST path=/lingxi/v1/sessions/sess_local_alpha/execute status=200
2026-09-28T17:56:30.850885Z  INFO lingxi_service::sessions: run committed and published (post-commit) run_id=run_000001a0e9294402_000790 session_id=sess_local_alpha events=run_000001a0e9294402_000790-done input_chars=22
2026-09-28T17:56:30.851057Z  INFO lingxi_service: request handled request_id=req-c6b080810217d17736850e81fc36fe17 method=POST path=/lingxi/v1/sessions/sess_local_alpha/execute status=200
2026-09-28T17:56:30.851666Z  INFO lingxi_service::sessions: run committed and published (post-commit) run_id=run_000001a0e9294403_000791 session_id=sess_local_alpha events=run_000001a0e9294403_000791-done input_chars=22
2026-09-28T17:56:30.851837Z  INFO lingxi_service: request handled request_id=req-98ab99c4d476a39e492ab33740db2a54 method=POST path=/lingxi/v1/sessions/sess_local_alpha/execute status=200
2026-09-28T17:56:30.852455Z  INFO lingxi_service::sessions: run committed and published (post-commit) run_id=run_000001a0e9294404_000792 session_id=sess_local_alpha events=run_000001a0e9294404_000792-done input_chars=22
2026-09-28T17:56:30.852627Z  INFO lingxi_service: request handled request_id=req-2d47d0186d4aee65d43d40b75596e2bb method=POST path=/lingxi/v1/sessions/sess_local_alpha/execute status=200
2026-09-28T17:56:30.853233Z  INFO lingxi_service::sessions: run committed and published (post-commit) run_id=run_000001a0e9294404_000793 session_id=sess_local_alpha events=run_000001a0e9294404_000793-done input_chars=22
2026-09-28T17:56:30.853410Z  INFO lingxi_service: request handled request_id=req-45e1f14d44ed8fee06cabef022fdabeb method=POST path=/lingxi/v1/sessions/sess_local_alpha/execute status=200
2026-09-28T17:56:30.854011Z  INFO lingxi_service::sessions: run committed and published (post-commit) run_id=run_000001a0e9294405_000794 session_id=sess_local_alpha events=run_000001a0e9294405_000794-done input_chars=22
2026-09-28T17:56:30.854184Z  INFO lingxi_service: request handled request_id=req-820948efa163f2897df90594fd384f35 method=POST path=/lingxi/v1/sessions/sess_local_alpha/execute status=200
2026-09-28T17:56:30.854789Z  INFO lingxi_service::sessions: run committed and published (post-commit) run_id=run_000001a0e9294406_000795 session_id=sess_local_alpha events=run_000001a0e9294406_000795-done input_chars=22
2026-09-28T17:56:30.854962Z  INFO lingxi_service: request handled request_id=req-3578a4dfb4744792c1ac9b76a610b24a method=POST path=/lingxi/v1/sessions/sess_local_alpha/execute status=200
2026-09-28T17:56:30.855565Z  INFO lingxi_service::sessions: run committed and published (post-commit) run_id=run_000001a0e9294407_000796 session_id=sess_local_alpha events=run_000001a0e9294407_000796-done input_chars=22
2026-09-28T17:56:30.855737Z  INFO lingxi_service: request handled request_id=req-8aa624da548f5dcfb07701f0b86c6783 method=POST path=/lingxi/v1/sessions/sess_local_alpha/execute status=200
2026-09-28T17:56:30.856341Z  INFO lingxi_service::sessions: run committed and published (post-commit) run_id=run_000001a0e9294408_000797 session_id=sess_local_alpha events=run_000001a0e9294408_000797-done input_chars=22
2026-09-28T17:56:30.856514Z  INFO lingxi_service: request handled request_id=req-83b8aa731e8507e9c0a81199123e094f method=POST path=/lingxi/v1/sessions/sess_local_alpha/execute status=200
2026-09-28T17:56:30.857137Z  INFO lingxi_service::sessions: run committed and published (post-commit) run_id=run_000001a0e9294408_000798 session_id=sess_local_alpha events=run_000001a0e9294408_000798-done input_chars=22
2026-09-28T17:56:30.857311Z  INFO lingxi_service: request handled request_id=req-339187da2f0b68348d70e03b8fe7ed0b method=POST path=/lingxi/v1/sessions/sess_local_alpha/execute status=200
2026-09-28T17:56:30.857923Z  INFO lingxi_service::sessions: run committed and published (post-commit) run_id=run_000001a0e9294409_000799 session_id=sess_local_alpha events=run_000001a0e9294409_000799-done input_chars=22
2026-09-28T17:56:30.858096Z  INFO lingxi_service: request handled request_id=req-0cd53ead0f151dca4343e8c7255df271 method=POST path=/lingxi/v1/sessions/sess_local_alpha/execute status=200
2026-09-28T17:56:30.858735Z  INFO lingxi_service::sessions: run committed and published (post-commit) run_id=run_000001a0e929440a_00079a session_id=sess_local_alpha events=run_000001a0e929440a_00079a-done input_chars=22
2026-09-28T17:56:30.858907Z  INFO lingxi_service: request handled request_id=req-ff10e23206f98d92374797dfcd10c8fc method=POST path=/lingxi/v1/sessions/sess_local_alpha/execute status=200
2026-09-28T17:56:30.859525Z  INFO lingxi_service::sessions: run committed and published (post-commit) run_id=run_000001a0e929440b_00079b session_id=sess_local_alpha events=run_000001a0e929440b_00079b-done input_chars=22
2026-09-28T17:56:30.859696Z  INFO lingxi_service: request handled request_id=req-3a14f602f6ed65146ce4398efaaf0558 method=POST path=/lingxi/v1/sessions/sess_local_alpha/execute status=200
2026-09-28T17:56:30.860303Z  INFO lingxi_service::sessions: run committed and published (post-commit) run_id=run_000001a0e929440c_00079c session_id=sess_local_alpha events=run_000001a0e929440c_00079c-done input_chars=22
2026-09-28T17:56:30.860476Z  INFO lingxi_service: request handled request_id=req-75e0e42da083e91d15d354e52d635dd9 method=POST path=/lingxi/v1/sessions/sess_local_alpha/execute status=200
2026-09-28T17:56:30.861105Z  INFO lingxi_service::sessions: run committed and published (post-commit) run_id=run_000001a0e929440c_00079d session_id=sess_local_alpha events=run_000001a0e929440c_00079d-done input_chars=22
2026-09-28T17:56:30.861276Z  INFO lingxi_service: request handled request_id=req-a9fca7684792a70855b860b447a3c866 method=POST path=/lingxi/v1/sessions/sess_local_alpha/execute status=200
2026-09-28T17:56:30.861884Z  INFO lingxi_service::sessions: run committed and published (post-commit) run_id=run_000001a0e929440d_00079e session_id=sess_local_alpha events=run_000001a0e929440d_00079e-done input_chars=22
2026-09-28T17:56:30.862054Z  INFO lingxi_service: request handled request_id=req-d202574cbec25bbc1603f5c677fb3dc2 method=POST path=/lingxi/v1/sessions/sess_local_alpha/execute status=200
2026-09-28T17:56:30.862654Z  INFO lingxi_service::sessions: run committed and published (post-commit) run_id=run_000001a0e929440e_00079f session_id=sess_local_alpha events=run_000001a0e929440e_00079f-done input_chars=22
2026-09-28T17:56:30.862826Z  INFO lingxi_service: request handled request_id=req-e0effb0fc0e44d4b9fea566bcc6c5324 method=POST path=/lingxi/v1/sessions/sess_local_alpha/execute status=200
2026-09-28T17:56:30.863420Z  INFO lingxi_service::sessions: run committed and published (post-commit) run_id=run_000001a0e929440f_0007a0 session_id=sess_local_alpha events=run_000001a0e929440f_0007a0-done input_chars=22
2026-09-28T17:56:30.863591Z  INFO lingxi_service: request handled request_id=req-8f080163c7c757ba641c2caf6601b2bf method=POST path=/lingxi/v1/sessions/sess_local_alpha/execute status=200
2026-09-28T17:56:30.864215Z  INFO lingxi_service::sessions: run committed and published (post-commit) run_id=run_000001a0e929440f_0007a1 session_id=sess_local_alpha events=run_000001a0e929440f_0007a1-done input_chars=22
2026-09-28T17:56:30.864390Z  INFO lingxi_service: request handled request_id=req-239204da6a961d6423d0205bc62ed217 method=POST path=/lingxi/v1/sessions/sess_local_alpha/execute status=200
2026-09-28T17:56:30.865022Z  INFO lingxi_service::sessions: run committed and published (post-commit) run_id=run_000001a0e9294410_0007a2 session_id=sess_local_alpha events=run_000001a0e9294410_0007a2-done input_chars=22
2026-09-28T17:56:30.865195Z  INFO lingxi_service: request handled request_id=req-a8f9128b82ab2165f30471b77e555df8 method=POST path=/lingxi/v1/sessions/sess_local_alpha/execute status=200
2026-09-28T17:56:30.865835Z  INFO lingxi_service::sessions: run committed and published (post-commit) run_id=run_000001a0e9294411_0007a3 session_id=sess_local_alpha events=run_000001a0e9294411_0007a3-done input_chars=22
2026-09-28T17:56:30.866007Z  INFO lingxi_service: request handled request_id=req-edc098ef80a2d761883489718bacfa34 method=POST path=/lingxi/v1/sessions/sess_local_alpha/execute status=200
2026-09-28T17:56:30.866642Z  INFO lingxi_service::sessions: run committed and published (post-commit) run_id=run_000001a0e9294412_0007a4 session_id=sess_local_alpha events=run_000001a0e9294412_0007a4-done input_chars=22
2026-09-28T17:56:30.866817Z  INFO lingxi_service: request handled request_id=req-4373d897fb4a99847d4a75cf7b7822f7 method=POST path=/lingxi/v1/sessions/sess_local_alpha/execute status=200
2026-09-28T17:56:30.867433Z  INFO lingxi_service::sessions: run committed and published (post-commit) run_id=run_000001a0e9294413_0007a5 session_id=sess_local_alpha events=run_000001a0e9294413_0007a5-done input_chars=22
2026-09-28T17:56:30.867607Z  INFO lingxi_service: request handled request_id=req-1be26f10e40fe613568bbef3ab9178a0 method=POST path=/lingxi/v1/sessions/sess_local_alpha/execute status=200
2026-09-28T17:56:30.868237Z  INFO lingxi_service::sessions: run committed and published (post-commit) run_id=run_000001a0e9294413_0007a6 session_id=sess_local_alpha events=run_000001a0e9294413_0007a6-done input_chars=22
2026-09-28T17:56:30.868411Z  INFO lingxi_service: request handled request_id=req-959edcc6b96ef087d4dde03a4f5bb740 method=POST path=/lingxi/v1/sessions/sess_local_alpha/execute status=200
2026-09-28T17:56:30.869078Z  INFO lingxi_service::sessions: run committed and published (post-commit) run_id=run_000001a0e9294414_0007a7 session_id=sess_local_alpha events=run_000001a0e9294414_0007a7-done input_chars=22
2026-09-28T17:56:30.869251Z  INFO lingxi_service: request handled request_id=req-c8b739a054767e1b55e5c845210aac1a method=POST path=/lingxi/v1/sessions/sess_local_alpha/execute status=200
2026-09-28T17:56:30.869872Z  INFO lingxi_service::sessions: run committed and published (post-commit) run_id=run_000001a0e9294415_0007a8 session_id=sess_local_alpha events=run_000001a0e9294415_0007a8-done input_chars=22
2026-09-28T17:56:30.870045Z  INFO lingxi_service: request handled request_id=req-f3c06503bf099ce7ee42edaf968ff0cd method=POST path=/lingxi/v1/sessions/sess_local_alpha/execute status=200
2026-09-28T17:56:30.870704Z  INFO lingxi_service::sessions: run committed and published (post-commit) run_id=run_000001a0e9294416_0007a9 session_id=sess_local_alpha events=run_000001a0e9294416_0007a9-done input_chars=22
2026-09-28T17:56:30.870876Z  INFO lingxi_service: request handled request_id=req-5e6e3839b47b5c28af88a8f2950383be method=POST path=/lingxi/v1/sessions/sess_local_alpha/execute status=200
2026-09-28T17:56:30.871477Z  INFO lingxi_service::sessions: run committed and published (post-commit) run_id=run_000001a0e9294417_0007aa session_id=sess_local_alpha events=run_000001a0e9294417_0007aa-done input_chars=22
2026-09-28T17:56:30.871651Z  INFO lingxi_service: request handled request_id=req-1db07845b853435fa4add8730b4d8c99 method=POST path=/lingxi/v1/sessions/sess_local_alpha/execute status=200
2026-09-28T17:56:30.872275Z  INFO lingxi_service::sessions: run committed and published (post-commit) run_id=run_000001a0e9294417_0007ab session_id=sess_local_alpha events=run_000001a0e9294417_0007ab-done input_chars=22
2026-09-28T17:56:30.872448Z  INFO lingxi_service: request handled request_id=req-e914667bddb0f4976eff5d3bf8dd5823 method=POST path=/lingxi/v1/sessions/sess_local_alpha/execute status=200
2026-09-28T17:56:30.873046Z  INFO lingxi_service::sessions: run committed and published (post-commit) run_id=run_000001a0e9294418_0007ac session_id=sess_local_alpha events=run_000001a0e9294418_0007ac-done input_chars=22
2026-09-28T17:56:30.873220Z  INFO lingxi_service: request handled request_id=req-3f006442a7755d22f4ce4d0010f5430a method=POST path=/lingxi/v1/sessions/sess_local_alpha/execute status=200
2026-09-28T17:56:30.873831Z  INFO lingxi_service::sessions: run committed and published (post-commit) run_id=run_000001a0e9294419_0007ad session_id=sess_local_alpha events=run_000001a0e9294419_0007ad-done input_chars=22
2026-09-28T17:56:30.874004Z  INFO lingxi_service: request handled request_id=req-0dfa5c085a6b05e3f7b267a655b8038f method=POST path=/lingxi/v1/sessions/sess_local_alpha/execute status=200
2026-09-28T17:56:30.874600Z  INFO lingxi_service::sessions: run committed and published (post-commit) run_id=run_000001a0e929441a_0007ae session_id=sess_local_alpha events=run_000001a0e929441a_0007ae-done input_chars=22
2026-09-28T17:56:30.874773Z  INFO lingxi_service: request handled request_id=req-eba03fe8c6a03b18ad3a3f08aaf77e7e method=POST path=/lingxi/v1/sessions/sess_local_alpha/execute status=200
2026-09-28T17:56:30.875385Z  INFO lingxi_service::sessions: run committed and published (post-commit) run_id=run_000001a0e929441b_0007af session_id=sess_local_alpha events=run_000001a0e929441b_0007af-done input_chars=22
2026-09-28T17:56:30.875560Z  INFO lingxi_service: request handled request_id=req-563431df3158c4afd39e3884bb60d31b method=POST path=/lingxi/v1/sessions/sess_local_alpha/execute status=200
2026-09-28T17:56:30.876199Z  INFO lingxi_service::sessions: run committed and published (post-commit) run_id=run_000001a0e929441b_0007b0 session_id=sess_local_alpha events=run_000001a0e929441b_0007b0-done input_chars=22
2026-09-28T17:56:30.876371Z  INFO lingxi_service: request handled request_id=req-c3ccaa3b8da640bc07c0276ee22494de method=POST path=/lingxi/v1/sessions/sess_local_alpha/execute status=200
2026-09-28T17:56:30.877002Z  INFO lingxi_service::sessions: run committed and published (post-commit) run_id=run_000001a0e929441c_0007b1 session_id=sess_local_alpha events=run_000001a0e929441c_0007b1-done input_chars=22
2026-09-28T17:56:30.877177Z  INFO lingxi_service: request handled request_id=req-974c375a5d5dc6d45468aecf625fb1db method=POST path=/lingxi/v1/sessions/sess_local_alpha/execute status=200
2026-09-28T17:56:30.877821Z  INFO lingxi_service::sessions: run committed and published (post-commit) run_id=run_000001a0e929441d_0007b2 session_id=sess_local_alpha events=run_000001a0e929441d_0007b2-done input_chars=22
2026-09-28T17:56:30.877994Z  INFO lingxi_service: request handled request_id=req-26e6df32224f355f20058db1b6039b65 method=POST path=/lingxi/v1/sessions/sess_local_alpha/execute status=200
2026-09-28T17:56:30.878609Z  INFO lingxi_service::sessions: run committed and published (post-commit) run_id=run_000001a0e929441e_0007b3 session_id=sess_local_alpha events=run_000001a0e929441e_0007b3-done input_chars=22
2026-09-28T17:56:30.878780Z  INFO lingxi_service: request handled request_id=req-3ea3133857beb38ae999ca73f2750c02 method=POST path=/lingxi/v1/sessions/sess_local_alpha/execute status=200
2026-09-28T17:56:30.879435Z  INFO lingxi_service::sessions: run committed and published (post-commit) run_id=run_000001a0e929441f_0007b4 session_id=sess_local_alpha events=run_000001a0e929441f_0007b4-done input_chars=22
2026-09-28T17:56:30.879606Z  INFO lingxi_service: request handled request_id=req-97ada78367d724daf689f208292df716 method=POST path=/lingxi/v1/sessions/sess_local_alpha/execute status=200
2026-09-28T17:56:30.880205Z  INFO lingxi_service::sessions: run committed and published (post-commit) run_id=run_000001a0e929441f_0007b5 session_id=sess_local_alpha events=run_000001a0e929441f_0007b5-done input_chars=22
2026-09-28T17:56:30.880378Z  INFO lingxi_service: request handled request_id=req-d2ed783b704cc8fb2b4ac7b97f5d9e1f method=POST path=/lingxi/v1/sessions/sess_local_alpha/execute status=200
2026-09-28T17:56:30.881043Z  INFO lingxi_service::sessions: run committed and published (post-commit) run_id=run_000001a0e9294420_0007b6 session_id=sess_local_alpha events=run_000001a0e9294420_0007b6-done input_chars=22
2026-09-28T17:56:30.881215Z  INFO lingxi_service: request handled request_id=req-53e7b9941706d550d68dafd4711324e7 method=POST path=/lingxi/v1/sessions/sess_local_alpha/execute status=200
2026-09-28T17:56:30.881889Z  INFO lingxi_service::sessions: run committed and published (post-commit) run_id=run_000001a0e9294421_0007b7 session_id=sess_local_alpha events=run_000001a0e9294421_0007b7-done input_chars=22
2026-09-28T17:56:30.882063Z  INFO lingxi_service: request handled request_id=req-ddd31a268550096480908594ba98bad7 method=POST path=/lingxi/v1/sessions/sess_local_alpha/execute status=200
2026-09-28T17:56:30.882681Z  INFO lingxi_service::sessions: run committed and published (post-commit) run_id=run_000001a0e9294422_0007b8 session_id=sess_local_alpha events=run_000001a0e9294422_0007b8-done input_chars=22
2026-09-28T17:56:30.882854Z  INFO lingxi_service: request handled request_id=req-4bee0c54fc6f5eb7635549836eb906a3 method=POST path=/lingxi/v1/sessions/sess_local_alpha/execute status=200
2026-09-28T17:56:30.883475Z  INFO lingxi_service::sessions: run committed and published (post-commit) run_id=run_000001a0e9294423_0007b9 session_id=sess_local_alpha events=run_000001a0e9294423_0007b9-done input_chars=22
2026-09-28T17:56:30.883648Z  INFO lingxi_service: request handled request_id=req-a9f4ff349795a005fec41515398be766 method=POST path=/lingxi/v1/sessions/sess_local_alpha/execute status=200
2026-09-28T17:56:30.884307Z  INFO lingxi_service::sessions: run committed and published (post-commit) run_id=run_000001a0e9294423_0007ba session_id=sess_local_alpha events=run_000001a0e9294423_0007ba-done input_chars=22
2026-09-28T17:56:30.884488Z  INFO lingxi_service: request handled request_id=req-36d8a39ab0865154713950720f94b158 method=POST path=/lingxi/v1/sessions/sess_local_alpha/execute status=200
2026-09-28T17:56:30.885108Z  INFO lingxi_service::sessions: run committed and published (post-commit) run_id=run_000001a0e9294424_0007bb session_id=sess_local_alpha events=run_000001a0e9294424_0007bb-done input_chars=22
2026-09-28T17:56:30.885281Z  INFO lingxi_service: request handled request_id=req-68614ed2475467de04bef4b01c7e027f method=POST path=/lingxi/v1/sessions/sess_local_alpha/execute status=200
2026-09-28T17:56:30.885892Z  INFO lingxi_service::sessions: run committed and published (post-commit) run_id=run_000001a0e9294425_0007bc session_id=sess_local_alpha events=run_000001a0e9294425_0007bc-done input_chars=22
2026-09-28T17:56:30.886068Z  INFO lingxi_service: request handled request_id=req-2d62d32516a7d4cb349fd55d7a86e54f method=POST path=/lingxi/v1/sessions/sess_local_alpha/execute status=200
2026-09-28T17:56:30.886727Z  INFO lingxi_service::sessions: run committed and published (post-commit) run_id=run_000001a0e9294426_0007bd session_id=sess_local_alpha events=run_000001a0e9294426_0007bd-done input_chars=22
2026-09-28T17:56:30.886900Z  INFO lingxi_service: request handled request_id=req-dc8e5fcb7ade9206a9682a1dcffb7a4d method=POST path=/lingxi/v1/sessions/sess_local_alpha/execute status=200
2026-09-28T17:56:30.887814Z  INFO lingxi_service::sessions: run committed and published (post-commit) run_id=run_000001a0e9294427_0007be session_id=sess_local_alpha events=run_000001a0e9294427_0007be-done input_chars=22
2026-09-28T17:56:30.887997Z  INFO lingxi_service: request handled request_id=req-1277929fa9dfdd4d5b525f4eed7984a0 method=POST path=/lingxi/v1/sessions/sess_local_alpha/execute status=200
2026-09-28T17:56:30.888666Z  INFO lingxi_service::sessions: run committed and published (post-commit) run_id=run_000001a0e9294428_0007bf session_id=sess_local_alpha events=run_000001a0e9294428_0007bf-done input_chars=22
2026-09-28T17:56:30.888841Z  INFO lingxi_service: request handled request_id=req-e2d53a77c6b10fe3494caa877dd75acb method=POST path=/lingxi/v1/sessions/sess_local_alpha/execute status=200
2026-09-28T17:56:30.889447Z  INFO lingxi_service::sessions: run committed and published (post-commit) run_id=run_000001a0e9294429_0007c0 session_id=sess_local_alpha events=run_000001a0e9294429_0007c0-done input_chars=22
2026-09-28T17:56:30.889622Z  INFO lingxi_service: request handled request_id=req-58105e81d8261b58dfe1c2bfb5821fab method=POST path=/lingxi/v1/sessions/sess_local_alpha/execute status=200
2026-09-28T17:56:30.890244Z  INFO lingxi_service::sessions: run committed and published (post-commit) run_id=run_000001a0e9294429_0007c1 session_id=sess_local_alpha events=run_000001a0e9294429_0007c1-done input_chars=22
2026-09-28T17:56:30.890419Z  INFO lingxi_service: request handled request_id=req-6995b8ff772432ee8d2026bb56683b13 method=POST path=/lingxi/v1/sessions/sess_local_alpha/execute status=200
2026-09-28T17:56:30.891020Z  INFO lingxi_service::sessions: run committed and published (post-commit) run_id=run_000001a0e929442a_0007c2 session_id=sess_local_alpha events=run_000001a0e929442a_0007c2-done input_chars=22
2026-09-28T17:56:30.891194Z  INFO lingxi_service: request handled request_id=req-4c1d6ba73fb8d009d12a84923e3fb1e8 method=POST path=/lingxi/v1/sessions/sess_local_alpha/execute status=200
2026-09-28T17:56:30.891794Z  INFO lingxi_service::sessions: run committed and published (post-commit) run_id=run_000001a0e929442b_0007c3 session_id=sess_local_alpha events=run_000001a0e929442b_0007c3-done input_chars=22
2026-09-28T17:56:30.891969Z  INFO lingxi_service: request handled request_id=req-1e86c1b30bb6bdbe566d758051938932 method=POST path=/lingxi/v1/sessions/sess_local_alpha/execute status=200
2026-09-28T17:56:30.892597Z  INFO lingxi_service::sessions: run committed and published (post-commit) run_id=run_000001a0e929442c_0007c4 session_id=sess_local_alpha events=run_000001a0e929442c_0007c4-done input_chars=22
2026-09-28T17:56:30.892772Z  INFO lingxi_service: request handled request_id=req-8757657ce12921109bd65f95102c43bb method=POST path=/lingxi/v1/sessions/sess_local_alpha/execute status=200
2026-09-28T17:56:30.893418Z  INFO lingxi_service::sessions: run committed and published (post-commit) run_id=run_000001a0e929442d_0007c5 session_id=sess_local_alpha events=run_000001a0e929442d_0007c5-done input_chars=22
2026-09-28T17:56:30.893593Z  INFO lingxi_service: request handled request_id=req-c2d83b4302cf472466effc2da68c3433 method=POST path=/lingxi/v1/sessions/sess_local_alpha/execute status=200
2026-09-28T17:56:30.894207Z  INFO lingxi_service::sessions: run committed and published (post-commit) run_id=run_000001a0e929442d_0007c6 session_id=sess_local_alpha events=run_000001a0e929442d_0007c6-done input_chars=22
2026-09-28T17:56:30.894381Z  INFO lingxi_service: request handled request_id=req-9f7304c37ef5f4d7251c1e69654a97ba method=POST path=/lingxi/v1/sessions/sess_local_alpha/execute status=200
2026-09-28T17:56:30.894997Z  INFO lingxi_service::sessions: run committed and published (post-commit) run_id=run_000001a0e929442e_0007c7 session_id=sess_local_alpha events=run_000001a0e929442e_0007c7-done input_chars=22
2026-09-28T17:56:30.895172Z  INFO lingxi_service: request handled request_id=req-8b98390bee83b94090616f30f12ee007 method=POST path=/lingxi/v1/sessions/sess_local_alpha/execute status=200
2026-09-28T17:56:30.895778Z  INFO lingxi_service::sessions: run committed and published (post-commit) run_id=run_000001a0e929442f_0007c8 session_id=sess_local_alpha events=run_000001a0e929442f_0007c8-done input_chars=22
2026-09-28T17:56:30.895949Z  INFO lingxi_service: request handled request_id=req-7051680b208db68fc611fc5e2f872d80 method=POST path=/lingxi/v1/sessions/sess_local_alpha/execute status=200
2026-09-28T17:56:30.896560Z  INFO lingxi_service::sessions: run committed and published (post-commit) run_id=run_000001a0e9294430_0007c9 session_id=sess_local_alpha events=run_000001a0e9294430_0007c9-done input_chars=22
2026-09-28T17:56:30.896732Z  INFO lingxi_service: request handled request_id=req-ad8d0687986756e91415bd0e0b12203f method=POST path=/lingxi/v1/sessions/sess_local_alpha/execute status=200
2026-09-28T17:56:30.897348Z  INFO lingxi_service::sessions: run committed and published (post-commit) run_id=run_000001a0e9294431_0007ca session_id=sess_local_alpha events=run_000001a0e9294431_0007ca-done input_chars=22
2026-09-28T17:56:30.897519Z  INFO lingxi_service: request handled request_id=req-da372a979e37821785d1d73d0ec7eff2 method=POST path=/lingxi/v1/sessions/sess_local_alpha/execute status=200
2026-09-28T17:56:30.898110Z  INFO lingxi_service::sessions: run committed and published (post-commit) run_id=run_000001a0e9294431_0007cb session_id=sess_local_alpha events=run_000001a0e9294431_0007cb-done input_chars=22
2026-09-28T17:56:30.898285Z  INFO lingxi_service: request handled request_id=req-dd2964b317e33bfdcb645ae9dab6a2f0 method=POST path=/lingxi/v1/sessions/sess_local_alpha/execute status=200
2026-09-28T17:56:30.898873Z  INFO lingxi_service::sessions: run committed and published (post-commit) run_id=run_000001a0e9294432_0007cc session_id=sess_local_alpha events=run_000001a0e9294432_0007cc-done input_chars=22
2026-09-28T17:56:30.899046Z  INFO lingxi_service: request handled request_id=req-5a78e6ee9c93108107a75a49a8bf93b2 method=POST path=/lingxi/v1/sessions/sess_local_alpha/execute status=200
2026-09-28T17:56:30.899659Z  INFO lingxi_service::sessions: run committed and published (post-commit) run_id=run_000001a0e9294433_0007cd session_id=sess_local_alpha events=run_000001a0e9294433_0007cd-done input_chars=22
2026-09-28T17:56:30.899835Z  INFO lingxi_service: request handled request_id=req-a5f4c2642ef8e0d122611ce5e1561e35 method=POST path=/lingxi/v1/sessions/sess_local_alpha/execute status=200
2026-09-28T17:56:30.900436Z  INFO lingxi_service::sessions: run committed and published (post-commit) run_id=run_000001a0e9294434_0007ce session_id=sess_local_alpha events=run_000001a0e9294434_0007ce-done input_chars=22
2026-09-28T17:56:30.900611Z  INFO lingxi_service: request handled request_id=req-7b5ba12859b4a7f9634a187c57f2ca20 method=POST path=/lingxi/v1/sessions/sess_local_alpha/execute status=200
2026-09-28T17:56:30.901244Z  INFO lingxi_service::sessions: run committed and published (post-commit) run_id=run_000001a0e9294434_0007cf session_id=sess_local_alpha events=run_000001a0e9294434_0007cf-done input_chars=22
2026-09-28T17:56:30.901418Z  INFO lingxi_service: request handled request_id=req-39ef102e000aa0219b2bae1f1fa4595a method=POST path=/lingxi/v1/sessions/sess_local_alpha/execute status=200
2026-09-28T17:56:30.902032Z  INFO lingxi_service::sessions: run committed and published (post-commit) run_id=run_000001a0e9294435_0007d0 session_id=sess_local_alpha events=run_000001a0e9294435_0007d0-done input_chars=22
2026-09-28T17:56:30.902208Z  INFO lingxi_service: request handled request_id=req-8ed313b81a1308f74f190d791b3bfa45 method=POST path=/lingxi/v1/sessions/sess_local_alpha/execute status=200
2026-09-28T17:56:30.902811Z  INFO lingxi_service::sessions: run committed and published (post-commit) run_id=run_000001a0e9294436_0007d1 session_id=sess_local_alpha events=run_000001a0e9294436_0007d1-done input_chars=23
2026-09-28T17:56:30.902983Z  INFO lingxi_service: request handled request_id=req-100b4eba6094ada690752f95a81f3d5c method=POST path=/lingxi/v1/sessions/sess_local_alpha/execute status=200
2026-09-28T17:56:30.903595Z  INFO lingxi_service::sessions: run committed and published (post-commit) run_id=run_000001a0e9294437_0007d2 session_id=sess_local_alpha events=run_000001a0e9294437_0007d2-done input_chars=23
2026-09-28T17:56:30.903772Z  INFO lingxi_service: request handled request_id=req-86511c4aa780976c76209983d0b0cba8 method=POST path=/lingxi/v1/sessions/sess_local_alpha/execute status=200
2026-09-28T17:56:30.904388Z  INFO lingxi_service::sessions: run committed and published (post-commit) run_id=run_000001a0e9294438_0007d3 session_id=sess_local_alpha events=run_000001a0e9294438_0007d3-done input_chars=23
2026-09-28T17:56:30.904562Z  INFO lingxi_service: request handled request_id=req-a608228a636bba129d0e93697de363ba method=POST path=/lingxi/v1/sessions/sess_local_alpha/execute status=200
2026-09-28T17:56:30.905260Z  INFO lingxi_service::sessions: run committed and published (post-commit) run_id=run_000001a0e9294438_0007d4 session_id=sess_local_alpha events=run_000001a0e9294438_0007d4-done input_chars=23
2026-09-28T17:56:30.905434Z  INFO lingxi_service: request handled request_id=req-c11058a3545b1113b72e3b7d157df8f0 method=POST path=/lingxi/v1/sessions/sess_local_alpha/execute status=200
2026-09-28T17:56:30.906051Z  INFO lingxi_service::sessions: run committed and published (post-commit) run_id=run_000001a0e9294439_0007d5 session_id=sess_local_alpha events=run_000001a0e9294439_0007d5-done input_chars=23
2026-09-28T17:56:30.906224Z  INFO lingxi_service: request handled request_id=req-947daeefac3e3373ee744b4cce060aa6 method=POST path=/lingxi/v1/sessions/sess_local_alpha/execute status=200
2026-09-28T17:56:30.906819Z  INFO lingxi_service::sessions: run committed and published (post-commit) run_id=run_000001a0e929443a_0007d6 session_id=sess_local_alpha events=run_000001a0e929443a_0007d6-done input_chars=23
2026-09-28T17:56:30.906992Z  INFO lingxi_service: request handled request_id=req-b2628f6528efddce5205e587a887a550 method=POST path=/lingxi/v1/sessions/sess_local_alpha/execute status=200
2026-09-28T17:56:30.907590Z  INFO lingxi_service::sessions: run committed and published (post-commit) run_id=run_000001a0e929443b_0007d7 session_id=sess_local_alpha events=run_000001a0e929443b_0007d7-done input_chars=23
2026-09-28T17:56:30.907767Z  INFO lingxi_service: request handled request_id=req-ec89347617a61c59495f0977bd395b11 method=POST path=/lingxi/v1/sessions/sess_local_alpha/execute status=200
2026-09-28T17:56:30.908376Z  INFO lingxi_service::sessions: run committed and published (post-commit) run_id=run_000001a0e929443c_0007d8 session_id=sess_local_alpha events=run_000001a0e929443c_0007d8-done input_chars=23
2026-09-28T17:56:30.908551Z  INFO lingxi_service: request handled request_id=req-87dea9fbe1145a90843b5fc09d9068bb method=POST path=/lingxi/v1/sessions/sess_local_alpha/execute status=200
2026-09-28T17:56:30.909143Z  INFO lingxi_service::sessions: run committed and published (post-commit) run_id=run_000001a0e929443c_0007d9 session_id=sess_local_alpha events=run_000001a0e929443c_0007d9-done input_chars=23
2026-09-28T17:56:30.909317Z  INFO lingxi_service: request handled request_id=req-11ac90010145df281fbd9d69a90c3c5c method=POST path=/lingxi/v1/sessions/sess_local_alpha/execute status=200
2026-09-28T17:56:30.909944Z  INFO lingxi_service::sessions: run committed and published (post-commit) run_id=run_000001a0e929443d_0007da session_id=sess_local_alpha events=run_000001a0e929443d_0007da-done input_chars=23
2026-09-28T17:56:30.910118Z  INFO lingxi_service: request handled request_id=req-f4f721dcf76468e779e80c212ab9ee19 method=POST path=/lingxi/v1/sessions/sess_local_alpha/execute status=200
2026-09-28T17:56:30.910718Z  INFO lingxi_service::sessions: run committed and published (post-commit) run_id=run_000001a0e929443e_0007db session_id=sess_local_alpha events=run_000001a0e929443e_0007db-done input_chars=23
2026-09-28T17:56:30.910891Z  INFO lingxi_service: request handled request_id=req-817392601727c064a9106913050d0aef method=POST path=/lingxi/v1/sessions/sess_local_alpha/execute status=200
2026-09-28T17:56:30.911516Z  INFO lingxi_service::sessions: run committed and published (post-commit) run_id=run_000001a0e929443f_0007dc session_id=sess_local_alpha events=run_000001a0e929443f_0007dc-done input_chars=23
2026-09-28T17:56:30.911691Z  INFO lingxi_service: request handled request_id=req-3f974a0b1514d09f82e62d2a60d723e7 method=POST path=/lingxi/v1/sessions/sess_local_alpha/execute status=200
2026-09-28T17:56:30.912325Z  INFO lingxi_service::sessions: run committed and published (post-commit) run_id=run_000001a0e929443f_0007dd session_id=sess_local_alpha events=run_000001a0e929443f_0007dd-done input_chars=23
2026-09-28T17:56:30.912499Z  INFO lingxi_service: request handled request_id=req-d1ee2bad19a7ef76e0c876711ee235c7 method=POST path=/lingxi/v1/sessions/sess_local_alpha/execute status=200
2026-09-28T17:56:30.913121Z  INFO lingxi_service::sessions: run committed and published (post-commit) run_id=run_000001a0e9294440_0007de session_id=sess_local_alpha events=run_000001a0e9294440_0007de-done input_chars=23
2026-09-28T17:56:30.913293Z  INFO lingxi_service: request handled request_id=req-9558902ee187a8f8d1b9778141aa35ac method=POST path=/lingxi/v1/sessions/sess_local_alpha/execute status=200
2026-09-28T17:56:30.913891Z  INFO lingxi_service::sessions: run committed and published (post-commit) run_id=run_000001a0e9294441_0007df session_id=sess_local_alpha events=run_000001a0e9294441_0007df-done input_chars=23
2026-09-28T17:56:30.914063Z  INFO lingxi_service: request handled request_id=req-2da350a2225c865eb8375413a30cb7be method=POST path=/lingxi/v1/sessions/sess_local_alpha/execute status=200
2026-09-28T17:56:30.914678Z  INFO lingxi_service::sessions: run committed and published (post-commit) run_id=run_000001a0e9294442_0007e0 session_id=sess_local_alpha events=run_000001a0e9294442_0007e0-done input_chars=23
2026-09-28T17:56:30.914856Z  INFO lingxi_service: request handled request_id=req-bd93745209b540ae2df08f52e894f663 method=POST path=/lingxi/v1/sessions/sess_local_alpha/execute status=200
2026-09-28T17:56:30.915468Z  INFO lingxi_service::sessions: run committed and published (post-commit) run_id=run_000001a0e9294443_0007e1 session_id=sess_local_alpha events=run_000001a0e9294443_0007e1-done input_chars=23
2026-09-28T17:56:30.915641Z  INFO lingxi_service: request handled request_id=req-afd23d5c6cee2e0f43b8447390cc22c4 method=POST path=/lingxi/v1/sessions/sess_local_alpha/execute status=200
2026-09-28T17:56:30.916257Z  INFO lingxi_service::sessions: run committed and published (post-commit) run_id=run_000001a0e9294443_0007e2 session_id=sess_local_alpha events=run_000001a0e9294443_0007e2-done input_chars=23
2026-09-28T17:56:30.916431Z  INFO lingxi_service: request handled request_id=req-323ce124b03d91c6ef27ecf8d7d207e1 method=POST path=/lingxi/v1/sessions/sess_local_alpha/execute status=200
2026-09-28T17:56:30.917089Z  INFO lingxi_service::sessions: run committed and published (post-commit) run_id=run_000001a0e9294444_0007e3 session_id=sess_local_alpha events=run_000001a0e9294444_0007e3-done input_chars=23
2026-09-28T17:56:30.917265Z  INFO lingxi_service: request handled request_id=req-cef4e97d46ca0e18d8821b1c6655d3f1 method=POST path=/lingxi/v1/sessions/sess_local_alpha/execute status=200
2026-09-28T17:56:30.917860Z  INFO lingxi_service::sessions: run committed and published (post-commit) run_id=run_000001a0e9294445_0007e4 session_id=sess_local_alpha events=run_000001a0e9294445_0007e4-done input_chars=23
2026-09-28T17:56:30.918037Z  INFO lingxi_service: request handled request_id=req-92a0bdae339b3cae5995f11bbf46754b method=POST path=/lingxi/v1/sessions/sess_local_alpha/execute status=200
2026-09-28T17:56:30.918652Z  INFO lingxi_service::sessions: run committed and published (post-commit) run_id=run_000001a0e9294446_0007e5 session_id=sess_local_alpha events=run_000001a0e9294446_0007e5-done input_chars=23
2026-09-28T17:56:30.918827Z  INFO lingxi_service: request handled request_id=req-c47cc6f9aad25469ea12ea6411de3b9f method=POST path=/lingxi/v1/sessions/sess_local_alpha/execute status=200
2026-09-28T17:56:30.919468Z  INFO lingxi_service::sessions: run committed and published (post-commit) run_id=run_000001a0e9294447_0007e6 session_id=sess_local_alpha events=run_000001a0e9294447_0007e6-done input_chars=23
2026-09-28T17:56:30.919643Z  INFO lingxi_service: request handled request_id=req-351af13c3e2d55c7fe7a7c1a03abcfb3 method=POST path=/lingxi/v1/sessions/sess_local_alpha/execute status=200
2026-09-28T17:56:30.920277Z  INFO lingxi_service::sessions: run committed and published (post-commit) run_id=run_000001a0e9294447_0007e7 session_id=sess_local_alpha events=run_000001a0e9294447_0007e7-done input_chars=23
2026-09-28T17:56:30.920452Z  INFO lingxi_service: request handled request_id=req-8699db64a966b9e7abaf63483fb1ef7d method=POST path=/lingxi/v1/sessions/sess_local_alpha/execute status=200
2026-09-28T17:56:30.921054Z  INFO lingxi_service::sessions: run committed and published (post-commit) run_id=run_000001a0e9294448_0007e8 session_id=sess_local_alpha events=run_000001a0e9294448_0007e8-done input_chars=23
2026-09-28T17:56:30.921230Z  INFO lingxi_service: request handled request_id=req-050e49de84f6e66ae7433e490f330ae1 method=POST path=/lingxi/v1/sessions/sess_local_alpha/execute status=200
2026-09-28T17:56:30.921832Z  INFO lingxi_service::sessions: run committed and published (post-commit) run_id=run_000001a0e9294449_0007e9 session_id=sess_local_alpha events=run_000001a0e9294449_0007e9-done input_chars=23
2026-09-28T17:56:30.922007Z  INFO lingxi_service: request handled request_id=req-9706eb3b1ce770a9ace27b375446df3d method=POST path=/lingxi/v1/sessions/sess_local_alpha/execute status=200
2026-09-28T17:56:30.922626Z  INFO lingxi_service::sessions: run committed and published (post-commit) run_id=run_000001a0e929444a_0007ea session_id=sess_local_alpha events=run_000001a0e929444a_0007ea-done input_chars=23
2026-09-28T17:56:30.922802Z  INFO lingxi_service: request handled request_id=req-a3e8432534b5d14cd97fa167f14abf61 method=POST path=/lingxi/v1/sessions/sess_local_alpha/execute status=200
2026-09-28T17:56:30.923478Z  INFO lingxi_service::sessions: run committed and published (post-commit) run_id=run_000001a0e929444b_0007eb session_id=sess_local_alpha events=run_000001a0e929444b_0007eb-done input_chars=23
2026-09-28T17:56:30.923656Z  INFO lingxi_service: request handled request_id=req-d006a36e653f9f82ba9d664714e1abfb method=POST path=/lingxi/v1/sessions/sess_local_alpha/execute status=200
2026-09-28T17:56:30.924307Z  INFO lingxi_service::sessions: run committed and published (post-commit) run_id=run_000001a0e929444b_0007ec session_id=sess_local_alpha events=run_000001a0e929444b_0007ec-done input_chars=23
2026-09-28T17:56:30.924482Z  INFO lingxi_service: request handled request_id=req-116985c4bb53c4ad1bd70a0b39a73017 method=POST path=/lingxi/v1/sessions/sess_local_alpha/execute status=200
2026-09-28T17:56:30.925103Z  INFO lingxi_service::sessions: run committed and published (post-commit) run_id=run_000001a0e929444c_0007ed session_id=sess_local_alpha events=run_000001a0e929444c_0007ed-done input_chars=23
2026-09-28T17:56:30.925277Z  INFO lingxi_service: request handled request_id=req-b8b8b5a6b3b3fa722b7d3ce1acd79b7d method=POST path=/lingxi/v1/sessions/sess_local_alpha/execute status=200
2026-09-28T17:56:30.925983Z  INFO lingxi_service::sessions: run committed and published (post-commit) run_id=run_000001a0e929444d_0007ee session_id=sess_local_alpha events=run_000001a0e929444d_0007ee-done input_chars=23
2026-09-28T17:56:30.926166Z  INFO lingxi_service: request handled request_id=req-fdc59766c1d6386a937be029098c7035 method=POST path=/lingxi/v1/sessions/sess_local_alpha/execute status=200
2026-09-28T17:56:30.926812Z  INFO lingxi_service::sessions: run committed and published (post-commit) run_id=run_000001a0e929444e_0007ef session_id=sess_local_alpha events=run_000001a0e929444e_0007ef-done input_chars=23
2026-09-28T17:56:30.926990Z  INFO lingxi_service: request handled request_id=req-d69eb0d15b68fc617da83336c79b6c16 method=POST path=/lingxi/v1/sessions/sess_local_alpha/execute status=200
2026-09-28T17:56:30.927661Z  INFO lingxi_service::sessions: run committed and published (post-commit) run_id=run_000001a0e929444f_0007f0 session_id=sess_local_alpha events=run_000001a0e929444f_0007f0-done input_chars=23
2026-09-28T17:56:30.927838Z  INFO lingxi_service: request handled request_id=req-cef1088141f4226c94712dbf8e6cf92e method=POST path=/lingxi/v1/sessions/sess_local_alpha/execute status=200
2026-09-28T17:56:30.928449Z  INFO lingxi_service::sessions: run committed and published (post-commit) run_id=run_000001a0e9294450_0007f1 session_id=sess_local_alpha events=run_000001a0e9294450_0007f1-done input_chars=23
2026-09-28T17:56:30.928624Z  INFO lingxi_service: request handled request_id=req-e81608166350953404addbe7708d4551 method=POST path=/lingxi/v1/sessions/sess_local_alpha/execute status=200
2026-09-28T17:56:30.929231Z  INFO lingxi_service::sessions: run committed and published (post-commit) run_id=run_000001a0e9294450_0007f2 session_id=sess_local_alpha events=run_000001a0e9294450_0007f2-done input_chars=23
2026-09-28T17:56:30.929407Z  INFO lingxi_service: request handled request_id=req-eddbf633ce7623b6b94e284a27e5fa3e method=POST path=/lingxi/v1/sessions/sess_local_alpha/execute status=200
2026-09-28T17:56:30.930084Z  INFO lingxi_service::sessions: run committed and published (post-commit) run_id=run_000001a0e9294451_0007f3 session_id=sess_local_alpha events=run_000001a0e9294451_0007f3-done input_chars=23
2026-09-28T17:56:30.930265Z  INFO lingxi_service: request handled request_id=req-1bef561eb8dc85e50eabca1cf2fca0ec method=POST path=/lingxi/v1/sessions/sess_local_alpha/execute status=200
2026-09-28T17:56:30.930894Z  INFO lingxi_service::sessions: run committed and published (post-commit) run_id=run_000001a0e9294452_0007f4 session_id=sess_local_alpha events=run_000001a0e9294452_0007f4-done input_chars=23
2026-09-28T17:56:30.931072Z  INFO lingxi_service: request handled request_id=req-152359be547edc18deda559c19ef7bb1 method=POST path=/lingxi/v1/sessions/sess_local_alpha/execute status=200
2026-09-28T17:56:30.932082Z  INFO lingxi_service::sessions: run committed and published (post-commit) run_id=run_000001a0e9294453_0007f5 session_id=sess_local_alpha events=run_000001a0e9294453_0007f5-done input_chars=23
2026-09-28T17:56:30.932260Z  INFO lingxi_service: request handled request_id=req-019936cbdf184fdb34a1705e6453c324 method=POST path=/lingxi/v1/sessions/sess_local_alpha/execute status=200
2026-09-28T17:56:30.932893Z  INFO lingxi_service::sessions: run committed and published (post-commit) run_id=run_000001a0e9294454_0007f6 session_id=sess_local_alpha events=run_000001a0e9294454_0007f6-done input_chars=23
2026-09-28T17:56:30.933070Z  INFO lingxi_service: request handled request_id=req-1a984819d24fb3befcdd23bcd8d904c3 method=POST path=/lingxi/v1/sessions/sess_local_alpha/execute status=200
2026-09-28T17:56:30.933724Z  INFO lingxi_service::sessions: run committed and published (post-commit) run_id=run_000001a0e9294455_0007f7 session_id=sess_local_alpha events=run_000001a0e9294455_0007f7-done input_chars=23
2026-09-28T17:56:30.933900Z  INFO lingxi_service: request handled request_id=req-18763e8b6ebcdface61bb54afdb11388 method=POST path=/lingxi/v1/sessions/sess_local_alpha/execute status=200
2026-09-28T17:56:30.934507Z  INFO lingxi_service::sessions: run committed and published (post-commit) run_id=run_000001a0e9294456_0007f8 session_id=sess_local_alpha events=run_000001a0e9294456_0007f8-done input_chars=23
2026-09-28T17:56:30.934684Z  INFO lingxi_service: request handled request_id=req-d177eaacccf7a32b892916de262df840 method=POST path=/lingxi/v1/sessions/sess_local_alpha/execute status=200
2026-09-28T17:56:30.935327Z  INFO lingxi_service::sessions: run committed and published (post-commit) run_id=run_000001a0e9294457_0007f9 session_id=sess_local_alpha events=run_000001a0e9294457_0007f9-done input_chars=23
2026-09-28T17:56:30.935502Z  INFO lingxi_service: request handled request_id=req-64d95bdeeb90708847df478aa9bed4cf method=POST path=/lingxi/v1/sessions/sess_local_alpha/execute status=200
2026-09-28T17:56:30.936163Z  INFO lingxi_service::sessions: run committed and published (post-commit) run_id=run_000001a0e9294457_0007fa session_id=sess_local_alpha events=run_000001a0e9294457_0007fa-done input_chars=23
2026-09-28T17:56:30.936341Z  INFO lingxi_service: request handled request_id=req-6f8810bd671918b5de93604bfc1a9b46 method=POST path=/lingxi/v1/sessions/sess_local_alpha/execute status=200
2026-09-28T17:56:30.936943Z  INFO lingxi_service::sessions: run committed and published (post-commit) run_id=run_000001a0e9294458_0007fb session_id=sess_local_alpha events=run_000001a0e9294458_0007fb-done input_chars=23
2026-09-28T17:56:30.937118Z  INFO lingxi_service: request handled request_id=req-c8e88214c748ec43a8d668d02848eba0 method=POST path=/lingxi/v1/sessions/sess_local_alpha/execute status=200
2026-09-28T17:56:30.937758Z  INFO lingxi_service::sessions: run committed and published (post-commit) run_id=run_000001a0e9294459_0007fc session_id=sess_local_alpha events=run_000001a0e9294459_0007fc-done input_chars=23
2026-09-28T17:56:30.937937Z  INFO lingxi_service: request handled request_id=req-3590242dfe931caf81ccb2470c78e621 method=POST path=/lingxi/v1/sessions/sess_local_alpha/execute status=200
2026-09-28T17:56:30.938551Z  INFO lingxi_service::sessions: run committed and published (post-commit) run_id=run_000001a0e929445a_0007fd session_id=sess_local_alpha events=run_000001a0e929445a_0007fd-done input_chars=23
2026-09-28T17:56:30.938726Z  INFO lingxi_service: request handled request_id=req-aed8cbee1bd1df66bf51844a6c61fd97 method=POST path=/lingxi/v1/sessions/sess_local_alpha/execute status=200
2026-09-28T17:56:30.939324Z  INFO lingxi_service::sessions: run committed and published (post-commit) run_id=run_000001a0e929445b_0007fe session_id=sess_local_alpha events=run_000001a0e929445b_0007fe-done input_chars=23
2026-09-28T17:56:30.939502Z  INFO lingxi_service: request handled request_id=req-16382212f7c71b24cf7328ddf4f3c3ce method=POST path=/lingxi/v1/sessions/sess_local_alpha/execute status=200
2026-09-28T17:56:30.940115Z  INFO lingxi_service::sessions: run committed and published (post-commit) run_id=run_000001a0e929445b_0007ff session_id=sess_local_alpha events=run_000001a0e929445b_0007ff-done input_chars=23
2026-09-28T17:56:30.940292Z  INFO lingxi_service: request handled request_id=req-e84324e456e6899920da8693ca3b15b8 method=POST path=/lingxi/v1/sessions/sess_local_alpha/execute status=200
2026-09-28T17:56:30.940944Z  INFO lingxi_service::sessions: run committed and published (post-commit) run_id=run_000001a0e929445c_000800 session_id=sess_local_alpha events=run_000001a0e929445c_000800-done input_chars=23
2026-09-28T17:56:30.941122Z  INFO lingxi_service: request handled request_id=req-03b0153daa4a15aea87cc1b491686f8e method=POST path=/lingxi/v1/sessions/sess_local_alpha/execute status=200
2026-09-28T17:56:30.941733Z  INFO lingxi_service::sessions: run committed and published (post-commit) run_id=run_000001a0e929445d_000801 session_id=sess_local_alpha events=run_000001a0e929445d_000801-done input_chars=23
2026-09-28T17:56:30.941909Z  INFO lingxi_service: request handled request_id=req-28970f634da7d0480c631935bb531acd method=POST path=/lingxi/v1/sessions/sess_local_alpha/execute status=200
2026-09-28T17:56:30.942514Z  INFO lingxi_service::sessions: run committed and published (post-commit) run_id=run_000001a0e929445e_000802 session_id=sess_local_alpha events=run_000001a0e929445e_000802-done input_chars=23
2026-09-28T17:56:30.942691Z  INFO lingxi_service: request handled request_id=req-8585f9de8eac7bbfa4a4cf4319db99cb method=POST path=/lingxi/v1/sessions/sess_local_alpha/execute status=200
2026-09-28T17:56:30.943316Z  INFO lingxi_service::sessions: run committed and published (post-commit) run_id=run_000001a0e929445f_000803 session_id=sess_local_alpha events=run_000001a0e929445f_000803-done input_chars=23
2026-09-28T17:56:30.943494Z  INFO lingxi_service: request handled request_id=req-a7469f1d9aac9947f5fd6c3365ccaaba method=POST path=/lingxi/v1/sessions/sess_local_alpha/execute status=200
2026-09-28T17:56:30.944101Z  INFO lingxi_service::sessions: run committed and published (post-commit) run_id=run_000001a0e929445f_000804 session_id=sess_local_alpha events=run_000001a0e929445f_000804-done input_chars=23
2026-09-28T17:56:30.944277Z  INFO lingxi_service: request handled request_id=req-8969c0f192e1fa34d26259ba47cb947b method=POST path=/lingxi/v1/sessions/sess_local_alpha/execute status=200
2026-09-28T17:56:30.944891Z  INFO lingxi_service::sessions: run committed and published (post-commit) run_id=run_000001a0e9294460_000805 session_id=sess_local_alpha events=run_000001a0e9294460_000805-done input_chars=23
2026-09-28T17:56:30.945069Z  INFO lingxi_service: request handled request_id=req-5fbfd0309a193c787d5c63df1d0f7098 method=POST path=/lingxi/v1/sessions/sess_local_alpha/execute status=200
2026-09-28T17:56:30.945698Z  INFO lingxi_service::sessions: run committed and published (post-commit) run_id=run_000001a0e9294461_000806 session_id=sess_local_alpha events=run_000001a0e9294461_000806-done input_chars=23
2026-09-28T17:56:30.945873Z  INFO lingxi_service: request handled request_id=req-44440c77c846eb8ac6eeef330b062212 method=POST path=/lingxi/v1/sessions/sess_local_alpha/execute status=200
2026-09-28T17:56:30.946480Z  INFO lingxi_service::sessions: run committed and published (post-commit) run_id=run_000001a0e9294462_000807 session_id=sess_local_alpha events=run_000001a0e9294462_000807-done input_chars=23
2026-09-28T17:56:30.946655Z  INFO lingxi_service: request handled request_id=req-6f20be284119f76eff3b79cf7703469b method=POST path=/lingxi/v1/sessions/sess_local_alpha/execute status=200
2026-09-28T17:56:30.947251Z  INFO lingxi_service::sessions: run committed and published (post-commit) run_id=run_000001a0e9294462_000808 session_id=sess_local_alpha events=run_000001a0e9294462_000808-done input_chars=23
2026-09-28T17:56:30.947426Z  INFO lingxi_service: request handled request_id=req-462b28192ff23a042a524096f9c0bbcf method=POST path=/lingxi/v1/sessions/sess_local_alpha/execute status=200
2026-09-28T17:56:30.948042Z  INFO lingxi_service::sessions: run committed and published (post-commit) run_id=run_000001a0e9294463_000809 session_id=sess_local_alpha events=run_000001a0e9294463_000809-done input_chars=23
2026-09-28T17:56:30.948218Z  INFO lingxi_service: request handled request_id=req-5a01e2369dcbb33a233e6e488c35e980 method=POST path=/lingxi/v1/sessions/sess_local_alpha/execute status=200
2026-09-28T17:56:30.948835Z  INFO lingxi_service::sessions: run committed and published (post-commit) run_id=run_000001a0e9294464_00080a session_id=sess_local_alpha events=run_000001a0e9294464_00080a-done input_chars=23
2026-09-28T17:56:30.949011Z  INFO lingxi_service: request handled request_id=req-2bdf98a9deb8b716b355b67bea399edd method=POST path=/lingxi/v1/sessions/sess_local_alpha/execute status=200
2026-09-28T17:56:30.949642Z  INFO lingxi_service::sessions: run committed and published (post-commit) run_id=run_000001a0e9294465_00080b session_id=sess_local_alpha events=run_000001a0e9294465_00080b-done input_chars=23
2026-09-28T17:56:30.949816Z  INFO lingxi_service: request handled request_id=req-b8942d1d3c3d1ad08443cd2ca05bcc9c method=POST path=/lingxi/v1/sessions/sess_local_alpha/execute status=200
2026-09-28T17:56:30.950423Z  INFO lingxi_service::sessions: run committed and published (post-commit) run_id=run_000001a0e9294466_00080c session_id=sess_local_alpha events=run_000001a0e9294466_00080c-done input_chars=23
2026-09-28T17:56:30.950599Z  INFO lingxi_service: request handled request_id=req-807f654f2448cbf5a27616fd8d89ce26 method=POST path=/lingxi/v1/sessions/sess_local_alpha/execute status=200
2026-09-28T17:56:30.951189Z  INFO lingxi_service::sessions: run committed and published (post-commit) run_id=run_000001a0e9294466_00080d session_id=sess_local_alpha events=run_000001a0e9294466_00080d-done input_chars=23
2026-09-28T17:56:30.951363Z  INFO lingxi_service: request handled request_id=req-0b6ce6c6ebbaae595863ea37f96a6e7c method=POST path=/lingxi/v1/sessions/sess_local_alpha/execute status=200
2026-09-28T17:56:30.952032Z  INFO lingxi_service::sessions: run committed and published (post-commit) run_id=run_000001a0e9294467_00080e session_id=sess_local_alpha events=run_000001a0e9294467_00080e-done input_chars=23
2026-09-28T17:56:30.952209Z  INFO lingxi_service: request handled request_id=req-b6a089d912713f622f78f503f1801f09 method=POST path=/lingxi/v1/sessions/sess_local_alpha/execute status=200
2026-09-28T17:56:30.952868Z  INFO lingxi_service::sessions: run committed and published (post-commit) run_id=run_000001a0e9294468_00080f session_id=sess_local_alpha events=run_000001a0e9294468_00080f-done input_chars=23
2026-09-28T17:56:30.953044Z  INFO lingxi_service: request handled request_id=req-e55458abd3b94c6309ac57b38c6af6be method=POST path=/lingxi/v1/sessions/sess_local_alpha/execute status=200
2026-09-28T17:56:30.953664Z  INFO lingxi_service::sessions: run committed and published (post-commit) run_id=run_000001a0e9294469_000810 session_id=sess_local_alpha events=run_000001a0e9294469_000810-done input_chars=23
2026-09-28T17:56:30.953840Z  INFO lingxi_service: request handled request_id=req-e59f7b319fd62d915e87b5efeca912f8 method=POST path=/lingxi/v1/sessions/sess_local_alpha/execute status=200
2026-09-28T17:56:30.954450Z  INFO lingxi_service::sessions: run committed and published (post-commit) run_id=run_000001a0e929446a_000811 session_id=sess_local_alpha events=run_000001a0e929446a_000811-done input_chars=23
2026-09-28T17:56:30.954627Z  INFO lingxi_service: request handled request_id=req-c74274b4e8e1c92692d152457fb87d3a method=POST path=/lingxi/v1/sessions/sess_local_alpha/execute status=200
2026-09-28T17:56:30.955253Z  INFO lingxi_service::sessions: run committed and published (post-commit) run_id=run_000001a0e929446a_000812 session_id=sess_local_alpha events=run_000001a0e929446a_000812-done input_chars=23
2026-09-28T17:56:30.955427Z  INFO lingxi_service: request handled request_id=req-990b4270df3c2224ed5f6ddcdc1ccc76 method=POST path=/lingxi/v1/sessions/sess_local_alpha/execute status=200
2026-09-28T17:56:30.956092Z  INFO lingxi_service::sessions: run committed and published (post-commit) run_id=run_000001a0e929446b_000813 session_id=sess_local_alpha events=run_000001a0e929446b_000813-done input_chars=23
2026-09-28T17:56:30.956265Z  INFO lingxi_service: request handled request_id=req-f4ab8d3966a921749c611c135e61f168 method=POST path=/lingxi/v1/sessions/sess_local_alpha/execute status=200
2026-09-28T17:56:30.956887Z  INFO lingxi_service::sessions: run committed and published (post-commit) run_id=run_000001a0e929446c_000814 session_id=sess_local_alpha events=run_000001a0e929446c_000814-done input_chars=23
2026-09-28T17:56:30.957067Z  INFO lingxi_service: request handled request_id=req-6b8b55f4778ab83e932f33dd77a673ce method=POST path=/lingxi/v1/sessions/sess_local_alpha/execute status=200
2026-09-28T17:56:30.957691Z  INFO lingxi_service::sessions: run committed and published (post-commit) run_id=run_000001a0e929446d_000815 session_id=sess_local_alpha events=run_000001a0e929446d_000815-done input_chars=23
2026-09-28T17:56:30.957870Z  INFO lingxi_service: request handled request_id=req-bd517559e8eb3e8d3d222b311e73f25e method=POST path=/lingxi/v1/sessions/sess_local_alpha/execute status=200
2026-09-28T17:56:30.958500Z  INFO lingxi_service::sessions: run committed and published (post-commit) run_id=run_000001a0e929446e_000816 session_id=sess_local_alpha events=run_000001a0e929446e_000816-done input_chars=23
2026-09-28T17:56:30.958681Z  INFO lingxi_service: request handled request_id=req-41f4787b51dd0efc8624feacea6eea85 method=POST path=/lingxi/v1/sessions/sess_local_alpha/execute status=200
2026-09-28T17:56:30.959327Z  INFO lingxi_service::sessions: run committed and published (post-commit) run_id=run_000001a0e929446f_000817 session_id=sess_local_alpha events=run_000001a0e929446f_000817-done input_chars=23
2026-09-28T17:56:30.959508Z  INFO lingxi_service: request handled request_id=req-1bc811dfe6ee881db2d46cf7542bb430 method=POST path=/lingxi/v1/sessions/sess_local_alpha/execute status=200
2026-09-28T17:56:30.960116Z  INFO lingxi_service::sessions: run committed and published (post-commit) run_id=run_000001a0e929446f_000818 session_id=sess_local_alpha events=run_000001a0e929446f_000818-done input_chars=23
2026-09-28T17:56:30.960300Z  INFO lingxi_service: request handled request_id=req-0a3a84267d3f4b57fe279a72a99ec6ad method=POST path=/lingxi/v1/sessions/sess_local_alpha/execute status=200
2026-09-28T17:56:30.960937Z  INFO lingxi_service::sessions: run committed and published (post-commit) run_id=run_000001a0e9294470_000819 session_id=sess_local_alpha events=run_000001a0e9294470_000819-done input_chars=23
2026-09-28T17:56:30.961113Z  INFO lingxi_service: request handled request_id=req-cecc2e34bfdca61985afbff8d3cd5401 method=POST path=/lingxi/v1/sessions/sess_local_alpha/execute status=200
2026-09-28T17:56:30.961719Z  INFO lingxi_service::sessions: run committed and published (post-commit) run_id=run_000001a0e9294471_00081a session_id=sess_local_alpha events=run_000001a0e9294471_00081a-done input_chars=23
2026-09-28T17:56:30.961896Z  INFO lingxi_service: request handled request_id=req-7021f6a53738ae4b41505db467bc315c method=POST path=/lingxi/v1/sessions/sess_local_alpha/execute status=200
2026-09-28T17:56:30.962505Z  INFO lingxi_service::sessions: run committed and published (post-commit) run_id=run_000001a0e9294472_00081b session_id=sess_local_alpha events=run_000001a0e9294472_00081b-done input_chars=23
2026-09-28T17:56:30.962682Z  INFO lingxi_service: request handled request_id=req-2c0ee3d8281180447a0b826857c54cd0 method=POST path=/lingxi/v1/sessions/sess_local_alpha/execute status=200
2026-09-28T17:56:30.963276Z  INFO lingxi_service::sessions: run committed and published (post-commit) run_id=run_000001a0e9294472_00081c session_id=sess_local_alpha events=run_000001a0e9294472_00081c-done input_chars=23
2026-09-28T17:56:30.963451Z  INFO lingxi_service: request handled request_id=req-8298a7505056e3e5b75e4bf2b8a7a070 method=POST path=/lingxi/v1/sessions/sess_local_alpha/execute status=200
2026-09-28T17:56:30.964059Z  INFO lingxi_service::sessions: run committed and published (post-commit) run_id=run_000001a0e9294473_00081d session_id=sess_local_alpha events=run_000001a0e9294473_00081d-done input_chars=23
2026-09-28T17:56:30.964232Z  INFO lingxi_service: request handled request_id=req-5789da37885d3554c9755d3db3805f84 method=POST path=/lingxi/v1/sessions/sess_local_alpha/execute status=200
2026-09-28T17:56:30.964825Z  INFO lingxi_service::sessions: run committed and published (post-commit) run_id=run_000001a0e9294474_00081e session_id=sess_local_alpha events=run_000001a0e9294474_00081e-done input_chars=23
2026-09-28T17:56:30.965002Z  INFO lingxi_service: request handled request_id=req-2803a86d1fe65de7e2deff3cef75f4aa method=POST path=/lingxi/v1/sessions/sess_local_alpha/execute status=200
2026-09-28T17:56:30.965629Z  INFO lingxi_service::sessions: run committed and published (post-commit) run_id=run_000001a0e9294475_00081f session_id=sess_local_alpha events=run_000001a0e9294475_00081f-done input_chars=23
2026-09-28T17:56:30.965803Z  INFO lingxi_service: request handled request_id=req-44d86009991ddfdc546846dff3a5dabe method=POST path=/lingxi/v1/sessions/sess_local_alpha/execute status=200
2026-09-28T17:56:30.966465Z  INFO lingxi_service::sessions: run committed and published (post-commit) run_id=run_000001a0e9294476_000820 session_id=sess_local_alpha events=run_000001a0e9294476_000820-done input_chars=23
2026-09-28T17:56:30.966642Z  INFO lingxi_service: request handled request_id=req-96cd3d02318c0906b8e1d32141baa06e method=POST path=/lingxi/v1/sessions/sess_local_alpha/execute status=200
2026-09-28T17:56:30.967269Z  INFO lingxi_service::sessions: run committed and published (post-commit) run_id=run_000001a0e9294476_000821 session_id=sess_local_alpha events=run_000001a0e9294476_000821-done input_chars=23
2026-09-28T17:56:30.967444Z  INFO lingxi_service: request handled request_id=req-10fff2c9ead448a15f24d51c339ef8e8 method=POST path=/lingxi/v1/sessions/sess_local_alpha/execute status=200
2026-09-28T17:56:30.968058Z  INFO lingxi_service::sessions: run committed and published (post-commit) run_id=run_000001a0e9294477_000822 session_id=sess_local_alpha events=run_000001a0e9294477_000822-done input_chars=23
2026-09-28T17:56:30.968236Z  INFO lingxi_service: request handled request_id=req-c5ed9373d0622ac0b5e13473e25e66c5 method=POST path=/lingxi/v1/sessions/sess_local_alpha/execute status=200
2026-09-28T17:56:30.968866Z  INFO lingxi_service::sessions: run committed and published (post-commit) run_id=run_000001a0e9294478_000823 session_id=sess_local_alpha events=run_000001a0e9294478_000823-done input_chars=23
2026-09-28T17:56:30.969048Z  INFO lingxi_service: request handled request_id=req-c3687366856212fd35c6db11f0c91524 method=POST path=/lingxi/v1/sessions/sess_local_alpha/execute status=200
2026-09-28T17:56:30.969707Z  INFO lingxi_service::sessions: run committed and published (post-commit) run_id=run_000001a0e9294479_000824 session_id=sess_local_alpha events=run_000001a0e9294479_000824-done input_chars=23
2026-09-28T17:56:30.969887Z  INFO lingxi_service: request handled request_id=req-281b40b6526cd8431e2460ef23faae10 method=POST path=/lingxi/v1/sessions/sess_local_alpha/execute status=200
2026-09-28T17:56:30.970481Z  INFO lingxi_service::sessions: run committed and published (post-commit) run_id=run_000001a0e929447a_000825 session_id=sess_local_alpha events=run_000001a0e929447a_000825-done input_chars=23
2026-09-28T17:56:30.970659Z  INFO lingxi_service: request handled request_id=req-999caf6ee4a43e33df74b06185c4e412 method=POST path=/lingxi/v1/sessions/sess_local_alpha/execute status=200
2026-09-28T17:56:30.971276Z  INFO lingxi_service::sessions: run committed and published (post-commit) run_id=run_000001a0e929447a_000826 session_id=sess_local_alpha events=run_000001a0e929447a_000826-done input_chars=23
2026-09-28T17:56:30.971455Z  INFO lingxi_service: request handled request_id=req-3dcbcfd8850fbdbef7bf45f1629149ae method=POST path=/lingxi/v1/sessions/sess_local_alpha/execute status=200
2026-09-28T17:56:30.972058Z  INFO lingxi_service::sessions: run committed and published (post-commit) run_id=run_000001a0e929447b_000827 session_id=sess_local_alpha events=run_000001a0e929447b_000827-done input_chars=23
2026-09-28T17:56:30.972235Z  INFO lingxi_service: request handled request_id=req-fef0ef359142f5223279068c0fb4e1cb method=POST path=/lingxi/v1/sessions/sess_local_alpha/execute status=200
2026-09-28T17:56:30.972824Z  INFO lingxi_service::sessions: run committed and published (post-commit) run_id=run_000001a0e929447c_000828 session_id=sess_local_alpha events=run_000001a0e929447c_000828-done input_chars=23
2026-09-28T17:56:30.973006Z  INFO lingxi_service: request handled request_id=req-800572553a710280be7b4cc8135cb39e method=POST path=/lingxi/v1/sessions/sess_local_alpha/execute status=200
2026-09-28T17:56:30.973648Z  INFO lingxi_service::sessions: run committed and published (post-commit) run_id=run_000001a0e929447d_000829 session_id=sess_local_alpha events=run_000001a0e929447d_000829-done input_chars=23
2026-09-28T17:56:30.973824Z  INFO lingxi_service: request handled request_id=req-42966ba7f5c2fc93fbefda7cb15a8ccf method=POST path=/lingxi/v1/sessions/sess_local_alpha/execute status=200
2026-09-28T17:56:30.974446Z  INFO lingxi_service::sessions: run committed and published (post-commit) run_id=run_000001a0e929447e_00082a session_id=sess_local_alpha events=run_000001a0e929447e_00082a-done input_chars=23
2026-09-28T17:56:30.974629Z  INFO lingxi_service: request handled request_id=req-724a8e0b29e68f82ac1871e61c4ccfab method=POST path=/lingxi/v1/sessions/sess_local_alpha/execute status=200
2026-09-28T17:56:30.975263Z  INFO lingxi_service::sessions: run committed and published (post-commit) run_id=run_000001a0e929447e_00082b session_id=sess_local_alpha events=run_000001a0e929447e_00082b-done input_chars=23
2026-09-28T17:56:30.975443Z  INFO lingxi_service: request handled request_id=req-45b099ab4fc2cf0b9d2afc9faf889852 method=POST path=/lingxi/v1/sessions/sess_local_alpha/execute status=200
2026-09-28T17:56:30.976047Z  INFO lingxi_service::sessions: run committed and published (post-commit) run_id=run_000001a0e929447f_00082c session_id=sess_local_alpha events=run_000001a0e929447f_00082c-done input_chars=23
2026-09-28T17:56:30.976227Z  INFO lingxi_service: request handled request_id=req-271ccd9afd8bfa15afe47c780a579772 method=POST path=/lingxi/v1/sessions/sess_local_alpha/execute status=200
2026-09-28T17:56:30.977189Z  INFO lingxi_service::sessions: run committed and published (post-commit) run_id=run_000001a0e9294480_00082d session_id=sess_local_alpha events=run_000001a0e9294480_00082d-done input_chars=23
2026-09-28T17:56:30.977370Z  INFO lingxi_service: request handled request_id=req-7611e9f7c3ab0ebc261680aceb12bd58 method=POST path=/lingxi/v1/sessions/sess_local_alpha/execute status=200
2026-09-28T17:56:30.977979Z  INFO lingxi_service::sessions: run committed and published (post-commit) run_id=run_000001a0e9294481_00082e session_id=sess_local_alpha events=run_000001a0e9294481_00082e-done input_chars=23
2026-09-28T17:56:30.978158Z  INFO lingxi_service: request handled request_id=req-a0135a61062ed8e530813f440a0ba414 method=POST path=/lingxi/v1/sessions/sess_local_alpha/execute status=200
2026-09-28T17:56:30.978833Z  INFO lingxi_service::sessions: run committed and published (post-commit) run_id=run_000001a0e9294482_00082f session_id=sess_local_alpha events=run_000001a0e9294482_00082f-done input_chars=23
2026-09-28T17:56:30.979010Z  INFO lingxi_service: request handled request_id=req-1937b489699902d23bb3d2a57475afeb method=POST path=/lingxi/v1/sessions/sess_local_alpha/execute status=200
2026-09-28T17:56:30.979605Z  INFO lingxi_service::sessions: run committed and published (post-commit) run_id=run_000001a0e9294483_000830 session_id=sess_local_alpha events=run_000001a0e9294483_000830-done input_chars=23
2026-09-28T17:56:30.979783Z  INFO lingxi_service: request handled request_id=req-fd0ecaed9f311780329e3b26136f7ec5 method=POST path=/lingxi/v1/sessions/sess_local_alpha/execute status=200
2026-09-28T17:56:30.980404Z  INFO lingxi_service::sessions: run committed and published (post-commit) run_id=run_000001a0e9294484_000831 session_id=sess_local_alpha events=run_000001a0e9294484_000831-done input_chars=23
2026-09-28T17:56:30.980582Z  INFO lingxi_service: request handled request_id=req-596ab684f50c0a4f41e26a6e17c382c9 method=POST path=/lingxi/v1/sessions/sess_local_alpha/execute status=200
2026-09-28T17:56:30.981197Z  INFO lingxi_service::sessions: run committed and published (post-commit) run_id=run_000001a0e9294484_000832 session_id=sess_local_alpha events=run_000001a0e9294484_000832-done input_chars=23
2026-09-28T17:56:30.981376Z  INFO lingxi_service: request handled request_id=req-de0a532daf1ddf3b3e5dfc78e9554a6f method=POST path=/lingxi/v1/sessions/sess_local_alpha/execute status=200
2026-09-28T17:56:30.981991Z  INFO lingxi_service::sessions: run committed and published (post-commit) run_id=run_000001a0e9294485_000833 session_id=sess_local_alpha events=run_000001a0e9294485_000833-done input_chars=23
2026-09-28T17:56:30.982172Z  INFO lingxi_service: request handled request_id=req-30194d63132b137a93859ed39aad97bf method=POST path=/lingxi/v1/sessions/sess_local_alpha/execute status=200
2026-09-28T17:56:30.982808Z  INFO lingxi_service::sessions: run committed and published (post-commit) run_id=run_000001a0e9294486_000834 session_id=sess_local_alpha events=run_000001a0e9294486_000834-done input_chars=23
2026-09-28T17:56:30.982987Z  INFO lingxi_service: request handled request_id=req-ba04910cc81f10c1faf6602e3a2603fb method=POST path=/lingxi/v1/sessions/sess_local_alpha/execute status=200
2026-09-28T17:56:30.983590Z  INFO lingxi_service::sessions: run committed and published (post-commit) run_id=run_000001a0e9294487_000835 session_id=sess_local_alpha events=run_000001a0e9294487_000835-done input_chars=23
2026-09-28T17:56:30.983767Z  INFO lingxi_service: request handled request_id=req-8a52ac2095cc500cc3280a06748b96f7 method=POST path=/lingxi/v1/sessions/sess_local_alpha/execute status=200
2026-09-28T17:56:30.984406Z  INFO lingxi_service::sessions: run committed and published (post-commit) run_id=run_000001a0e9294488_000836 session_id=sess_local_alpha events=run_000001a0e9294488_000836-done input_chars=23
2026-09-28T17:56:30.984585Z  INFO lingxi_service: request handled request_id=req-4382c48b402d14db795a0431e47bc894 method=POST path=/lingxi/v1/sessions/sess_local_alpha/execute status=200
2026-09-28T17:56:30.985260Z  INFO lingxi_service::sessions: run committed and published (post-commit) run_id=run_000001a0e9294488_000837 session_id=sess_local_alpha events=run_000001a0e9294488_000837-done input_chars=23
2026-09-28T17:56:30.985435Z  INFO lingxi_service: request handled request_id=req-7ca5e5d5761debf679be376af6b4d11a method=POST path=/lingxi/v1/sessions/sess_local_alpha/execute status=200
2026-09-28T17:56:30.986024Z  INFO lingxi_service::sessions: run committed and published (post-commit) run_id=run_000001a0e9294489_000838 session_id=sess_local_alpha events=run_000001a0e9294489_000838-done input_chars=23
2026-09-28T17:56:30.986200Z  INFO lingxi_service: request handled request_id=req-4ceb703e305107d4bb735deb917c28e9 method=POST path=/lingxi/v1/sessions/sess_local_alpha/execute status=200
2026-09-28T17:56:30.986822Z  INFO lingxi_service::sessions: run committed and published (post-commit) run_id=run_000001a0e929448a_000839 session_id=sess_local_alpha events=run_000001a0e929448a_000839-done input_chars=23
2026-09-28T17:56:30.986997Z  INFO lingxi_service: request handled request_id=req-45f5d2b98665b8c0d84852fdbdcf88a6 method=POST path=/lingxi/v1/sessions/sess_local_alpha/execute status=200
2026-09-28T17:56:30.987648Z  INFO lingxi_service::sessions: run committed and published (post-commit) run_id=run_000001a0e929448b_00083a session_id=sess_local_alpha events=run_000001a0e929448b_00083a-done input_chars=23
2026-09-28T17:56:30.987826Z  INFO lingxi_service: request handled request_id=req-24d4a59e49fe445ebbcabebefe5fcae2 method=POST path=/lingxi/v1/sessions/sess_local_alpha/execute status=200
2026-09-28T17:56:30.988487Z  INFO lingxi_service::sessions: run committed and published (post-commit) run_id=run_000001a0e929448c_00083b session_id=sess_local_alpha events=run_000001a0e929448c_00083b-done input_chars=23
2026-09-28T17:56:30.988664Z  INFO lingxi_service: request handled request_id=req-d10c881a4fc2dc23c53d515f28f3bf3f method=POST path=/lingxi/v1/sessions/sess_local_alpha/execute status=200
2026-09-28T17:56:30.989326Z  INFO lingxi_service::sessions: run committed and published (post-commit) run_id=run_000001a0e929448c_00083c session_id=sess_local_alpha events=run_000001a0e929448c_00083c-done input_chars=23
2026-09-28T17:56:30.989505Z  INFO lingxi_service: request handled request_id=req-e28dbe8f22f543553df72a322ce5f400 method=POST path=/lingxi/v1/sessions/sess_local_alpha/execute status=200
2026-09-28T17:56:30.990191Z  INFO lingxi_service::sessions: run committed and published (post-commit) run_id=run_000001a0e929448d_00083d session_id=sess_local_alpha events=run_000001a0e929448d_00083d-done input_chars=23
2026-09-28T17:56:30.990367Z  INFO lingxi_service: request handled request_id=req-64db092c5ced474701d9da530a6a7c01 method=POST path=/lingxi/v1/sessions/sess_local_alpha/execute status=200
2026-09-28T17:56:30.990981Z  INFO lingxi_service::sessions: run committed and published (post-commit) run_id=run_000001a0e929448e_00083e session_id=sess_local_alpha events=run_000001a0e929448e_00083e-done input_chars=23
2026-09-28T17:56:30.991160Z  INFO lingxi_service: request handled request_id=req-712f01b862b913154657547424fbaf81 method=POST path=/lingxi/v1/sessions/sess_local_alpha/execute status=200
2026-09-28T17:56:30.991781Z  INFO lingxi_service::sessions: run committed and published (post-commit) run_id=run_000001a0e929448f_00083f session_id=sess_local_alpha events=run_000001a0e929448f_00083f-done input_chars=23
2026-09-28T17:56:30.991957Z  INFO lingxi_service: request handled request_id=req-be87c9d85acc199182de041d155d1e98 method=POST path=/lingxi/v1/sessions/sess_local_alpha/execute status=200
2026-09-28T17:56:30.992605Z  INFO lingxi_service::sessions: run committed and published (post-commit) run_id=run_000001a0e9294490_000840 session_id=sess_local_alpha events=run_000001a0e9294490_000840-done input_chars=23
2026-09-28T17:56:30.992781Z  INFO lingxi_service: request handled request_id=req-0e156ca81238b0e9778f3ac47b11d657 method=POST path=/lingxi/v1/sessions/sess_local_alpha/execute status=200
2026-09-28T17:56:30.993418Z  INFO lingxi_service::sessions: run committed and published (post-commit) run_id=run_000001a0e9294491_000841 session_id=sess_local_alpha events=run_000001a0e9294491_000841-done input_chars=23
2026-09-28T17:56:30.993597Z  INFO lingxi_service: request handled request_id=req-d7e3bc11313b5545610bccb276f2e1bb method=POST path=/lingxi/v1/sessions/sess_local_alpha/execute status=200
2026-09-28T17:56:30.994241Z  INFO lingxi_service::sessions: run committed and published (post-commit) run_id=run_000001a0e9294491_000842 session_id=sess_local_alpha events=run_000001a0e9294491_000842-done input_chars=23
2026-09-28T17:56:30.994420Z  INFO lingxi_service: request handled request_id=req-8fa6a6b2742ec8316060cf00351b093b method=POST path=/lingxi/v1/sessions/sess_local_alpha/execute status=200
2026-09-28T17:56:30.995028Z  INFO lingxi_service::sessions: run committed and published (post-commit) run_id=run_000001a0e9294492_000843 session_id=sess_local_alpha events=run_000001a0e9294492_000843-done input_chars=23
2026-09-28T17:56:30.995208Z  INFO lingxi_service: request handled request_id=req-df3c8c276cd5b28c7512859bf74ff6aa method=POST path=/lingxi/v1/sessions/sess_local_alpha/execute status=200
2026-09-28T17:56:30.995817Z  INFO lingxi_service::sessions: run committed and published (post-commit) run_id=run_000001a0e9294493_000844 session_id=sess_local_alpha events=run_000001a0e9294493_000844-done input_chars=23
2026-09-28T17:56:30.995996Z  INFO lingxi_service: request handled request_id=req-41e73d2b7da22421c1d4f97c16666dc5 method=POST path=/lingxi/v1/sessions/sess_local_alpha/execute status=200
2026-09-28T17:56:30.996595Z  INFO lingxi_service::sessions: run committed and published (post-commit) run_id=run_000001a0e9294494_000845 session_id=sess_local_alpha events=run_000001a0e9294494_000845-done input_chars=23
2026-09-28T17:56:30.996779Z  INFO lingxi_service: request handled request_id=req-8d38cc3e80098a3315fca4721227777b method=POST path=/lingxi/v1/sessions/sess_local_alpha/execute status=200
2026-09-28T17:56:30.997376Z  INFO lingxi_service::sessions: run committed and published (post-commit) run_id=run_000001a0e9294495_000846 session_id=sess_local_alpha events=run_000001a0e9294495_000846-done input_chars=23
2026-09-28T17:56:30.997557Z  INFO lingxi_service: request handled request_id=req-5f2957f78b3a949226f69df66c0c5287 method=POST path=/lingxi/v1/sessions/sess_local_alpha/execute status=200
2026-09-28T17:56:30.998168Z  INFO lingxi_service::sessions: run committed and published (post-commit) run_id=run_000001a0e9294495_000847 session_id=sess_local_alpha events=run_000001a0e9294495_000847-done input_chars=23
2026-09-28T17:56:30.998349Z  INFO lingxi_service: request handled request_id=req-fc61621b3fb202c4425f18a208d5a9a1 method=POST path=/lingxi/v1/sessions/sess_local_alpha/execute status=200
2026-09-28T17:56:30.998974Z  INFO lingxi_service::sessions: run committed and published (post-commit) run_id=run_000001a0e9294496_000848 session_id=sess_local_alpha events=run_000001a0e9294496_000848-done input_chars=23
2026-09-28T17:56:30.999152Z  INFO lingxi_service: request handled request_id=req-4dd25a12c98bfbdd8beef7aaa6d437ea method=POST path=/lingxi/v1/sessions/sess_local_alpha/execute status=200
2026-09-28T17:56:30.999771Z  INFO lingxi_service::sessions: run committed and published (post-commit) run_id=run_000001a0e9294497_000849 session_id=sess_local_alpha events=run_000001a0e9294497_000849-done input_chars=23
2026-09-28T17:56:30.999949Z  INFO lingxi_service: request handled request_id=req-d78535a6378ac60f0edcd3bb5e03c1ec method=POST path=/lingxi/v1/sessions/sess_local_alpha/execute status=200
2026-09-28T17:56:31.000562Z  INFO lingxi_service::sessions: run committed and published (post-commit) run_id=run_000001a0e9294498_00084a session_id=sess_local_alpha events=run_000001a0e9294498_00084a-done input_chars=23
2026-09-28T17:56:31.000741Z  INFO lingxi_service: request handled request_id=req-ceb06f15cb058c96ecae8f5085d10ba4 method=POST path=/lingxi/v1/sessions/sess_local_alpha/execute status=200
2026-09-28T17:56:31.001367Z  INFO lingxi_service::sessions: run committed and published (post-commit) run_id=run_000001a0e9294499_00084b session_id=sess_local_alpha events=run_000001a0e9294499_00084b-done input_chars=23
2026-09-28T17:56:31.001551Z  INFO lingxi_service: request handled request_id=req-01c3dd7a4ebc25f9bc7d010ffa3e5593 method=POST path=/lingxi/v1/sessions/sess_local_alpha/execute status=200
2026-09-28T17:56:31.002168Z  INFO lingxi_service::sessions: run committed and published (post-commit) run_id=run_000001a0e9294499_00084c session_id=sess_local_alpha events=run_000001a0e9294499_00084c-done input_chars=23
2026-09-28T17:56:31.002348Z  INFO lingxi_service: request handled request_id=req-ccd326448381031518834d174ff13b3c method=POST path=/lingxi/v1/sessions/sess_local_alpha/execute status=200
2026-09-28T17:56:31.002994Z  INFO lingxi_service::sessions: run committed and published (post-commit) run_id=run_000001a0e929449a_00084d session_id=sess_local_alpha events=run_000001a0e929449a_00084d-done input_chars=23
2026-09-28T17:56:31.003173Z  INFO lingxi_service: request handled request_id=req-7836ef36b4db9e6e25783f5e990a204d method=POST path=/lingxi/v1/sessions/sess_local_alpha/execute status=200
2026-09-28T17:56:31.003790Z  INFO lingxi_service::sessions: run committed and published (post-commit) run_id=run_000001a0e929449b_00084e session_id=sess_local_alpha events=run_000001a0e929449b_00084e-done input_chars=23
2026-09-28T17:56:31.003970Z  INFO lingxi_service: request handled request_id=req-6df47b076e3c089f8c83f3566886f223 method=POST path=/lingxi/v1/sessions/sess_local_alpha/execute status=200
2026-09-28T17:56:31.004575Z  INFO lingxi_service::sessions: run committed and published (post-commit) run_id=run_000001a0e929449c_00084f session_id=sess_local_alpha events=run_000001a0e929449c_00084f-done input_chars=23
2026-09-28T17:56:31.004757Z  INFO lingxi_service: request handled request_id=req-f70403e1ad0e147822ef7451997da2b8 method=POST path=/lingxi/v1/sessions/sess_local_alpha/execute status=200
2026-09-28T17:56:31.005383Z  INFO lingxi_service::sessions: run committed and published (post-commit) run_id=run_000001a0e929449d_000850 session_id=sess_local_alpha events=run_000001a0e929449d_000850-done input_chars=23
2026-09-28T17:56:31.005565Z  INFO lingxi_service: request handled request_id=req-f7a0ec6e67104c76f01420939a68d9f9 method=POST path=/lingxi/v1/sessions/sess_local_alpha/execute status=200
2026-09-28T17:56:31.006201Z  INFO lingxi_service::sessions: run committed and published (post-commit) run_id=run_000001a0e929449d_000851 session_id=sess_local_alpha events=run_000001a0e929449d_000851-done input_chars=23
2026-09-28T17:56:31.006385Z  INFO lingxi_service: request handled request_id=req-cfc2ff231ae693030dec7a9dd9316431 method=POST path=/lingxi/v1/sessions/sess_local_alpha/execute status=200
2026-09-28T17:56:31.007020Z  INFO lingxi_service::sessions: run committed and published (post-commit) run_id=run_000001a0e929449e_000852 session_id=sess_local_alpha events=run_000001a0e929449e_000852-done input_chars=23
2026-09-28T17:56:31.007201Z  INFO lingxi_service: request handled request_id=req-4c7878005da4dc0f82c0f395f75ee98e method=POST path=/lingxi/v1/sessions/sess_local_alpha/execute status=200
2026-09-28T17:56:31.007805Z  INFO lingxi_service::sessions: run committed and published (post-commit) run_id=run_000001a0e929449f_000853 session_id=sess_local_alpha events=run_000001a0e929449f_000853-done input_chars=23
2026-09-28T17:56:31.007988Z  INFO lingxi_service: request handled request_id=req-fddb928b253feefe326d1abc27e274fd method=POST path=/lingxi/v1/sessions/sess_local_alpha/execute status=200
2026-09-28T17:56:31.008586Z  INFO lingxi_service::sessions: run committed and published (post-commit) run_id=run_000001a0e92944a0_000854 session_id=sess_local_alpha events=run_000001a0e92944a0_000854-done input_chars=23
2026-09-28T17:56:31.008765Z  INFO lingxi_service: request handled request_id=req-c008f6afef65b3dde23818f9567458d4 method=POST path=/lingxi/v1/sessions/sess_local_alpha/execute status=200
2026-09-28T17:56:31.009391Z  INFO lingxi_service::sessions: run committed and published (post-commit) run_id=run_000001a0e92944a1_000855 session_id=sess_local_alpha events=run_000001a0e92944a1_000855-done input_chars=23
2026-09-28T17:56:31.009574Z  INFO lingxi_service: request handled request_id=req-cae68986a646ae9072598e1c48e478a3 method=POST path=/lingxi/v1/sessions/sess_local_alpha/execute status=200
2026-09-28T17:56:31.010186Z  INFO lingxi_service::sessions: run committed and published (post-commit) run_id=run_000001a0e92944a1_000856 session_id=sess_local_alpha events=run_000001a0e92944a1_000856-done input_chars=23
2026-09-28T17:56:31.010366Z  INFO lingxi_service: request handled request_id=req-f3749ff036c043831ee576f4be2d7aa5 method=POST path=/lingxi/v1/sessions/sess_local_alpha/execute status=200
2026-09-28T17:56:31.011039Z  INFO lingxi_service::sessions: run committed and published (post-commit) run_id=run_000001a0e92944a2_000857 session_id=sess_local_alpha events=run_000001a0e92944a2_000857-done input_chars=23
2026-09-28T17:56:31.011220Z  INFO lingxi_service: request handled request_id=req-93e5df4249e0676419889f6b6a59adaa method=POST path=/lingxi/v1/sessions/sess_local_alpha/execute status=200
2026-09-28T17:56:31.011823Z  INFO lingxi_service::sessions: run committed and published (post-commit) run_id=run_000001a0e92944a3_000858 session_id=sess_local_alpha events=run_000001a0e92944a3_000858-done input_chars=23
2026-09-28T17:56:31.012004Z  INFO lingxi_service: request handled request_id=req-628076b4cad0872e820a281ca48481cb method=POST path=/lingxi/v1/sessions/sess_local_alpha/execute status=200
2026-09-28T17:56:31.012629Z  INFO lingxi_service::sessions: run committed and published (post-commit) run_id=run_000001a0e92944a4_000859 session_id=sess_local_alpha events=run_000001a0e92944a4_000859-done input_chars=23
2026-09-28T17:56:31.012813Z  INFO lingxi_service: request handled request_id=req-75b7dc6876dd9a3ccedbbddcf6749359 method=POST path=/lingxi/v1/sessions/sess_local_alpha/execute status=200
2026-09-28T17:56:31.013432Z  INFO lingxi_service::sessions: run committed and published (post-commit) run_id=run_000001a0e92944a5_00085a session_id=sess_local_alpha events=run_000001a0e92944a5_00085a-done input_chars=23
2026-09-28T17:56:31.013612Z  INFO lingxi_service: request handled request_id=req-73473276e9f0f79d44f422a6d5128a42 method=POST path=/lingxi/v1/sessions/sess_local_alpha/execute status=200
2026-09-28T17:56:31.014199Z  INFO lingxi_service::sessions: run committed and published (post-commit) run_id=run_000001a0e92944a5_00085b session_id=sess_local_alpha events=run_000001a0e92944a5_00085b-done input_chars=23
2026-09-28T17:56:31.014377Z  INFO lingxi_service: request handled request_id=req-a1d3843edd4f1e937e3b824e1771825f method=POST path=/lingxi/v1/sessions/sess_local_alpha/execute status=200
2026-09-28T17:56:31.014971Z  INFO lingxi_service::sessions: run committed and published (post-commit) run_id=run_000001a0e92944a6_00085c session_id=sess_local_alpha events=run_000001a0e92944a6_00085c-done input_chars=23
2026-09-28T17:56:31.015152Z  INFO lingxi_service: request handled request_id=req-28ef77fbb2538801fc05b746022e0735 method=POST path=/lingxi/v1/sessions/sess_local_alpha/execute status=200
2026-09-28T17:56:31.015747Z  INFO lingxi_service::sessions: run committed and published (post-commit) run_id=run_000001a0e92944a7_00085d session_id=sess_local_alpha events=run_000001a0e92944a7_00085d-done input_chars=23
2026-09-28T17:56:31.015926Z  INFO lingxi_service: request handled request_id=req-b8e68d3c90079bdb749835e19b03c5d2 method=POST path=/lingxi/v1/sessions/sess_local_alpha/execute status=200
2026-09-28T17:56:31.016519Z  INFO lingxi_service::sessions: run committed and published (post-commit) run_id=run_000001a0e92944a8_00085e session_id=sess_local_alpha events=run_000001a0e92944a8_00085e-done input_chars=23
2026-09-28T17:56:31.016699Z  INFO lingxi_service: request handled request_id=req-d0280456cbcc42ae081752e48d57d83d method=POST path=/lingxi/v1/sessions/sess_local_alpha/execute status=200
2026-09-28T17:56:31.017319Z  INFO lingxi_service::sessions: run committed and published (post-commit) run_id=run_000001a0e92944a9_00085f session_id=sess_local_alpha events=run_000001a0e92944a9_00085f-done input_chars=23
2026-09-28T17:56:31.017503Z  INFO lingxi_service: request handled request_id=req-b66272c9e41b78cb5448cffcbb701826 method=POST path=/lingxi/v1/sessions/sess_local_alpha/execute status=200
2026-09-28T17:56:31.018097Z  INFO lingxi_service::sessions: run committed and published (post-commit) run_id=run_000001a0e92944a9_000860 session_id=sess_local_alpha events=run_000001a0e92944a9_000860-done input_chars=23
2026-09-28T17:56:31.018279Z  INFO lingxi_service: request handled request_id=req-418fdfa31a6807e53d4df347de505306 method=POST path=/lingxi/v1/sessions/sess_local_alpha/execute status=200
2026-09-28T17:56:31.018887Z  INFO lingxi_service::sessions: run committed and published (post-commit) run_id=run_000001a0e92944aa_000861 session_id=sess_local_alpha events=run_000001a0e92944aa_000861-done input_chars=23
2026-09-28T17:56:31.019068Z  INFO lingxi_service: request handled request_id=req-34df548e70fbc25cb70099e440a70e12 method=POST path=/lingxi/v1/sessions/sess_local_alpha/execute status=200
2026-09-28T17:56:31.019684Z  INFO lingxi_service::sessions: run committed and published (post-commit) run_id=run_000001a0e92944ab_000862 session_id=sess_local_alpha events=run_000001a0e92944ab_000862-done input_chars=23
2026-09-28T17:56:31.019865Z  INFO lingxi_service: request handled request_id=req-24f1236ad79be849dc853aa14db46a81 method=POST path=/lingxi/v1/sessions/sess_local_alpha/execute status=200
2026-09-28T17:56:31.020912Z  INFO lingxi_service::sessions: run committed and published (post-commit) run_id=run_000001a0e92944ac_000863 session_id=sess_local_alpha events=run_000001a0e92944ac_000863-done input_chars=23
2026-09-28T17:56:31.021099Z  INFO lingxi_service: request handled request_id=req-96c5c8358a3023eb72988a8c65bb0685 method=POST path=/lingxi/v1/sessions/sess_local_alpha/execute status=200
2026-09-28T17:56:31.021729Z  INFO lingxi_service::sessions: run committed and published (post-commit) run_id=run_000001a0e92944ad_000864 session_id=sess_local_alpha events=run_000001a0e92944ad_000864-done input_chars=23
2026-09-28T17:56:31.021913Z  INFO lingxi_service: request handled request_id=req-7da29d8adce71d19ff9e592d4e8f8cf8 method=POST path=/lingxi/v1/sessions/sess_local_alpha/execute status=200
2026-09-28T17:56:31.022522Z  INFO lingxi_service::sessions: run committed and published (post-commit) run_id=run_000001a0e92944ae_000865 session_id=sess_local_alpha events=run_000001a0e92944ae_000865-done input_chars=23
2026-09-28T17:56:31.022705Z  INFO lingxi_service: request handled request_id=req-8da18fa7a59968cdb6ff74f37e6c20dd method=POST path=/lingxi/v1/sessions/sess_local_alpha/execute status=200
2026-09-28T17:56:31.024953Z  INFO lingxi_service::sessions: run committed and published (post-commit) run_id=run_000001a0e92944b0_000866 session_id=sess_local_alpha events=run_000001a0e92944b0_000866-done input_chars=23
2026-09-28T17:56:31.025145Z  INFO lingxi_service: request handled request_id=req-486b75c30ac970ed060426a90445a850 method=POST path=/lingxi/v1/sessions/sess_local_alpha/execute status=200
2026-09-28T17:56:31.025824Z  INFO lingxi_service::sessions: run committed and published (post-commit) run_id=run_000001a0e92944b1_000867 session_id=sess_local_alpha events=run_000001a0e92944b1_000867-done input_chars=23
2026-09-28T17:56:31.026014Z  INFO lingxi_service: request handled request_id=req-bbe9b548bca55bab62cfca33c8f06b71 method=POST path=/lingxi/v1/sessions/sess_local_alpha/execute status=200
2026-09-28T17:56:31.026699Z  INFO lingxi_service::sessions: run committed and published (post-commit) run_id=run_000001a0e92944b2_000868 session_id=sess_local_alpha events=run_000001a0e92944b2_000868-done input_chars=23
2026-09-28T17:56:31.026890Z  INFO lingxi_service: request handled request_id=req-d8fbd2cf821f1d63a96be12b0ced7e66 method=POST path=/lingxi/v1/sessions/sess_local_alpha/execute status=200
2026-09-28T17:56:31.027534Z  INFO lingxi_service::sessions: run committed and published (post-commit) run_id=run_000001a0e92944b3_000869 session_id=sess_local_alpha events=run_000001a0e92944b3_000869-done input_chars=23
2026-09-28T17:56:31.027723Z  INFO lingxi_service: request handled request_id=req-685d009c8d1f97a3869b83cfe80119dc method=POST path=/lingxi/v1/sessions/sess_local_alpha/execute status=200
2026-09-28T17:56:31.028397Z  INFO lingxi_service::sessions: run committed and published (post-commit) run_id=run_000001a0e92944b4_00086a session_id=sess_local_alpha events=run_000001a0e92944b4_00086a-done input_chars=23
2026-09-28T17:56:31.028586Z  INFO lingxi_service: request handled request_id=req-df20ec1323036e47f433745dd94d5c0f method=POST path=/lingxi/v1/sessions/sess_local_alpha/execute status=200
2026-09-28T17:56:31.029237Z  INFO lingxi_service::sessions: run committed and published (post-commit) run_id=run_000001a0e92944b4_00086b session_id=sess_local_alpha events=run_000001a0e92944b4_00086b-done input_chars=23
2026-09-28T17:56:31.029426Z  INFO lingxi_service: request handled request_id=req-030ad1ecf61ecaa302c27d3979854078 method=POST path=/lingxi/v1/sessions/sess_local_alpha/execute status=200
2026-09-28T17:56:31.030096Z  INFO lingxi_service::sessions: run committed and published (post-commit) run_id=run_000001a0e92944b5_00086c session_id=sess_local_alpha events=run_000001a0e92944b5_00086c-done input_chars=23
2026-09-28T17:56:31.030280Z  INFO lingxi_service: request handled request_id=req-4ed6b794cecf8f47e574806573142849 method=POST path=/lingxi/v1/sessions/sess_local_alpha/execute status=200
2026-09-28T17:56:31.030899Z  INFO lingxi_service::sessions: run committed and published (post-commit) run_id=run_000001a0e92944b6_00086d session_id=sess_local_alpha events=run_000001a0e92944b6_00086d-done input_chars=23
2026-09-28T17:56:31.031083Z  INFO lingxi_service: request handled request_id=req-21c6b2d087b958aec1e227d4ac088eb0 method=POST path=/lingxi/v1/sessions/sess_local_alpha/execute status=200
2026-09-28T17:56:31.031711Z  INFO lingxi_service::sessions: run committed and published (post-commit) run_id=run_000001a0e92944b7_00086e session_id=sess_local_alpha events=run_000001a0e92944b7_00086e-done input_chars=23
2026-09-28T17:56:31.031897Z  INFO lingxi_service: request handled request_id=req-85b524d1bb334b185814b3a0a96edf1c method=POST path=/lingxi/v1/sessions/sess_local_alpha/execute status=200
2026-09-28T17:56:31.032523Z  INFO lingxi_service::sessions: run committed and published (post-commit) run_id=run_000001a0e92944b8_00086f session_id=sess_local_alpha events=run_000001a0e92944b8_00086f-done input_chars=23
2026-09-28T17:56:31.032708Z  INFO lingxi_service: request handled request_id=req-90abbaf4f840bbb3f0adfc434c85ffa4 method=POST path=/lingxi/v1/sessions/sess_local_alpha/execute status=200
2026-09-28T17:56:31.033330Z  INFO lingxi_service::sessions: run committed and published (post-commit) run_id=run_000001a0e92944b9_000870 session_id=sess_local_alpha events=run_000001a0e92944b9_000870-done input_chars=23
2026-09-28T17:56:31.033521Z  INFO lingxi_service: request handled request_id=req-740fa124dd73c308cf3eed561c465038 method=POST path=/lingxi/v1/sessions/sess_local_alpha/execute status=200
2026-09-28T17:56:31.034141Z  INFO lingxi_service::sessions: run committed and published (post-commit) run_id=run_000001a0e92944b9_000871 session_id=sess_local_alpha events=run_000001a0e92944b9_000871-done input_chars=23
2026-09-28T17:56:31.034325Z  INFO lingxi_service: request handled request_id=req-91673e1003094a99b470f89a675e86b2 method=POST path=/lingxi/v1/sessions/sess_local_alpha/execute status=200
2026-09-28T17:56:31.035015Z  INFO lingxi_service::sessions: run committed and published (post-commit) run_id=run_000001a0e92944ba_000872 session_id=sess_local_alpha events=run_000001a0e92944ba_000872-done input_chars=23
2026-09-28T17:56:31.035201Z  INFO lingxi_service: request handled request_id=req-a2dbfaa548cc4549d32aef3d93cd1e7c method=POST path=/lingxi/v1/sessions/sess_local_alpha/execute status=200
2026-09-28T17:56:31.035887Z  INFO lingxi_service::sessions: run committed and published (post-commit) run_id=run_000001a0e92944bb_000873 session_id=sess_local_alpha events=run_000001a0e92944bb_000873-done input_chars=23
2026-09-28T17:56:31.036073Z  INFO lingxi_service: request handled request_id=req-6eb639f26616c600776fb9bec50741b8 method=POST path=/lingxi/v1/sessions/sess_local_alpha/execute status=200
2026-09-28T17:56:31.036722Z  INFO lingxi_service::sessions: run committed and published (post-commit) run_id=run_000001a0e92944bc_000874 session_id=sess_local_alpha events=run_000001a0e92944bc_000874-done input_chars=23
2026-09-28T17:56:31.036906Z  INFO lingxi_service: request handled request_id=req-1e76085bbfc7c313fff13dc4de6a81c1 method=POST path=/lingxi/v1/sessions/sess_local_alpha/execute status=200
2026-09-28T17:56:31.037549Z  INFO lingxi_service::sessions: run committed and published (post-commit) run_id=run_000001a0e92944bd_000875 session_id=sess_local_alpha events=run_000001a0e92944bd_000875-done input_chars=23
2026-09-28T17:56:31.037731Z  INFO lingxi_service: request handled request_id=req-2781c3c25a11d036a181860852c86b0e method=POST path=/lingxi/v1/sessions/sess_local_alpha/execute status=200
2026-09-28T17:56:31.038389Z  INFO lingxi_service::sessions: run committed and published (post-commit) run_id=run_000001a0e92944be_000876 session_id=sess_local_alpha events=run_000001a0e92944be_000876-done input_chars=23
2026-09-28T17:56:31.038570Z  INFO lingxi_service: request handled request_id=req-de89a7f9ac801772d85805e86d6bac2b method=POST path=/lingxi/v1/sessions/sess_local_alpha/execute status=200
2026-09-28T17:56:31.039196Z  INFO lingxi_service::sessions: run committed and published (post-commit) run_id=run_000001a0e92944be_000877 session_id=sess_local_alpha events=run_000001a0e92944be_000877-done input_chars=23
2026-09-28T17:56:31.039376Z  INFO lingxi_service: request handled request_id=req-eb0531ed1945b22b5121973b15ba18fe method=POST path=/lingxi/v1/sessions/sess_local_alpha/execute status=200
2026-09-28T17:56:31.040009Z  INFO lingxi_service::sessions: run committed and published (post-commit) run_id=run_000001a0e92944bf_000878 session_id=sess_local_alpha events=run_000001a0e92944bf_000878-done input_chars=23
2026-09-28T17:56:31.040194Z  INFO lingxi_service: request handled request_id=req-a97cf6ed7c9e69cd2c3173dfa6e9de4b method=POST path=/lingxi/v1/sessions/sess_local_alpha/execute status=200
2026-09-28T17:56:31.040921Z  INFO lingxi_service::sessions: run committed and published (post-commit) run_id=run_000001a0e92944c0_000879 session_id=sess_local_alpha events=run_000001a0e92944c0_000879-done input_chars=23
2026-09-28T17:56:31.041102Z  INFO lingxi_service: request handled request_id=req-44aacd10a7a5f8a3868d6e5e0fa14599 method=POST path=/lingxi/v1/sessions/sess_local_alpha/execute status=200
2026-09-28T17:56:31.041726Z  INFO lingxi_service::sessions: run committed and published (post-commit) run_id=run_000001a0e92944c1_00087a session_id=sess_local_alpha events=run_000001a0e92944c1_00087a-done input_chars=23
2026-09-28T17:56:31.041908Z  INFO lingxi_service: request handled request_id=req-a851fda8f7756d1331f9c5ba15c4f841 method=POST path=/lingxi/v1/sessions/sess_local_alpha/execute status=200
2026-09-28T17:56:31.042520Z  INFO lingxi_service::sessions: run committed and published (post-commit) run_id=run_000001a0e92944c2_00087b session_id=sess_local_alpha events=run_000001a0e92944c2_00087b-done input_chars=23
2026-09-28T17:56:31.042699Z  INFO lingxi_service: request handled request_id=req-2c789b0513db72f35787ac7f57811784 method=POST path=/lingxi/v1/sessions/sess_local_alpha/execute status=200
2026-09-28T17:56:31.043294Z  INFO lingxi_service::sessions: run committed and published (post-commit) run_id=run_000001a0e92944c2_00087c session_id=sess_local_alpha events=run_000001a0e92944c2_00087c-done input_chars=23
2026-09-28T17:56:31.043477Z  INFO lingxi_service: request handled request_id=req-53ee73a37f5b79e70f9edb87cc01847f method=POST path=/lingxi/v1/sessions/sess_local_alpha/execute status=200
2026-09-28T17:56:31.044125Z  INFO lingxi_service::sessions: run committed and published (post-commit) run_id=run_000001a0e92944c3_00087d session_id=sess_local_alpha events=run_000001a0e92944c3_00087d-done input_chars=23
2026-09-28T17:56:31.044305Z  INFO lingxi_service: request handled request_id=req-dd40e69b9bba5f6f12ee26fb97a4f568 method=POST path=/lingxi/v1/sessions/sess_local_alpha/execute status=200
2026-09-28T17:56:31.044905Z  INFO lingxi_service::sessions: run committed and published (post-commit) run_id=run_000001a0e92944c4_00087e session_id=sess_local_alpha events=run_000001a0e92944c4_00087e-done input_chars=23
2026-09-28T17:56:31.045088Z  INFO lingxi_service: request handled request_id=req-43f371aa711eb3496d457ee93eb7aa87 method=POST path=/lingxi/v1/sessions/sess_local_alpha/execute status=200
2026-09-28T17:56:31.045759Z  INFO lingxi_service::sessions: run committed and published (post-commit) run_id=run_000001a0e92944c5_00087f session_id=sess_local_alpha events=run_000001a0e92944c5_00087f-done input_chars=23
2026-09-28T17:56:31.045940Z  INFO lingxi_service: request handled request_id=req-b614eb1d99c3d0f8c9c8ae03fe2c840a method=POST path=/lingxi/v1/sessions/sess_local_alpha/execute status=200
2026-09-28T17:56:31.046636Z  INFO lingxi_service::sessions: run committed and published (post-commit) run_id=run_000001a0e92944c6_000880 session_id=sess_local_alpha events=run_000001a0e92944c6_000880-done input_chars=23
2026-09-28T17:56:31.046818Z  INFO lingxi_service: request handled request_id=req-5cc271b6f539eae321dab3d8ed27541c method=POST path=/lingxi/v1/sessions/sess_local_alpha/execute status=200
2026-09-28T17:56:31.047410Z  INFO lingxi_service::sessions: run committed and published (post-commit) run_id=run_000001a0e92944c7_000881 session_id=sess_local_alpha events=run_000001a0e92944c7_000881-done input_chars=23
2026-09-28T17:56:31.047591Z  INFO lingxi_service: request handled request_id=req-5fa2cc53d7fd778f993a7515789bf49f method=POST path=/lingxi/v1/sessions/sess_local_alpha/execute status=200
2026-09-28T17:56:31.048205Z  INFO lingxi_service::sessions: run committed and published (post-commit) run_id=run_000001a0e92944c7_000882 session_id=sess_local_alpha events=run_000001a0e92944c7_000882-done input_chars=23
2026-09-28T17:56:31.048388Z  INFO lingxi_service: request handled request_id=req-bea941756d700a44c9815f3e44306bd8 method=POST path=/lingxi/v1/sessions/sess_local_alpha/execute status=200
2026-09-28T17:56:31.049017Z  INFO lingxi_service::sessions: run committed and published (post-commit) run_id=run_000001a0e92944c8_000883 session_id=sess_local_alpha events=run_000001a0e92944c8_000883-done input_chars=23
2026-09-28T17:56:31.049204Z  INFO lingxi_service: request handled request_id=req-aaa46c34dc13a36616b219624d16cf03 method=POST path=/lingxi/v1/sessions/sess_local_alpha/execute status=200
2026-09-28T17:56:31.049832Z  INFO lingxi_service::sessions: run committed and published (post-commit) run_id=run_000001a0e92944c9_000884 session_id=sess_local_alpha events=run_000001a0e92944c9_000884-done input_chars=23
2026-09-28T17:56:31.050022Z  INFO lingxi_service: request handled request_id=req-3e2dc1104f954958a0bc716021f659da method=POST path=/lingxi/v1/sessions/sess_local_alpha/execute status=200
2026-09-28T17:56:31.050631Z  INFO lingxi_service::sessions: run committed and published (post-commit) run_id=run_000001a0e92944ca_000885 session_id=sess_local_alpha events=run_000001a0e92944ca_000885-done input_chars=23
2026-09-28T17:56:31.050813Z  INFO lingxi_service: request handled request_id=req-53f2ef6c1dd3421784914c6fc53e36f2 method=POST path=/lingxi/v1/sessions/sess_local_alpha/execute status=200
2026-09-28T17:56:31.051464Z  INFO lingxi_service::sessions: run committed and published (post-commit) run_id=run_000001a0e92944cb_000886 session_id=sess_local_alpha events=run_000001a0e92944cb_000886-done input_chars=23
2026-09-28T17:56:31.051651Z  INFO lingxi_service: request handled request_id=req-3ea5432103acd31b82fbbe05a77ac3e6 method=POST path=/lingxi/v1/sessions/sess_local_alpha/execute status=200
2026-09-28T17:56:31.052254Z  INFO lingxi_service::sessions: run committed and published (post-commit) run_id=run_000001a0e92944cb_000887 session_id=sess_local_alpha events=run_000001a0e92944cb_000887-done input_chars=23
2026-09-28T17:56:31.052434Z  INFO lingxi_service: request handled request_id=req-37f53382ff71ec21fd2fbfbeeed649a6 method=POST path=/lingxi/v1/sessions/sess_local_alpha/execute status=200
2026-09-28T17:56:31.053048Z  INFO lingxi_service::sessions: run committed and published (post-commit) run_id=run_000001a0e92944cc_000888 session_id=sess_local_alpha events=run_000001a0e92944cc_000888-done input_chars=23
2026-09-28T17:56:31.053231Z  INFO lingxi_service: request handled request_id=req-3575b9c8dc6a73ba33b06f92b150d5d8 method=POST path=/lingxi/v1/sessions/sess_local_alpha/execute status=200
2026-09-28T17:56:31.053874Z  INFO lingxi_service::sessions: run committed and published (post-commit) run_id=run_000001a0e92944cd_000889 session_id=sess_local_alpha events=run_000001a0e92944cd_000889-done input_chars=23
2026-09-28T17:56:31.054057Z  INFO lingxi_service: request handled request_id=req-d1f9cf475c8435c0c88d67c0e2ef313d method=POST path=/lingxi/v1/sessions/sess_local_alpha/execute status=200
2026-09-28T17:56:31.054682Z  INFO lingxi_service::sessions: run committed and published (post-commit) run_id=run_000001a0e92944ce_00088a session_id=sess_local_alpha events=run_000001a0e92944ce_00088a-done input_chars=23
2026-09-28T17:56:31.054867Z  INFO lingxi_service: request handled request_id=req-ed63e5637bb7e34fabe40a356ce458dd method=POST path=/lingxi/v1/sessions/sess_local_alpha/execute status=200
2026-09-28T17:56:31.055558Z  INFO lingxi_service::sessions: run committed and published (post-commit) run_id=run_000001a0e92944cf_00088b session_id=sess_local_alpha events=run_000001a0e92944cf_00088b-done input_chars=23
2026-09-28T17:56:31.055739Z  INFO lingxi_service: request handled request_id=req-7c1bac6dc3f0ddd86e9ab7716e77eed4 method=POST path=/lingxi/v1/sessions/sess_local_alpha/execute status=200
2026-09-28T17:56:31.056374Z  INFO lingxi_service::sessions: run committed and published (post-commit) run_id=run_000001a0e92944d0_00088c session_id=sess_local_alpha events=run_000001a0e92944d0_00088c-done input_chars=23
2026-09-28T17:56:31.056561Z  INFO lingxi_service: request handled request_id=req-0fa8d935f4d28eddd02caa691aefe667 method=POST path=/lingxi/v1/sessions/sess_local_alpha/execute status=200
2026-09-28T17:56:31.057216Z  INFO lingxi_service::sessions: run committed and published (post-commit) run_id=run_000001a0e92944d0_00088d session_id=sess_local_alpha events=run_000001a0e92944d0_00088d-done input_chars=23
2026-09-28T17:56:31.057400Z  INFO lingxi_service: request handled request_id=req-52a4220ab4b4a213ea0f52b4bd972f96 method=POST path=/lingxi/v1/sessions/sess_local_alpha/execute status=200
2026-09-28T17:56:31.058017Z  INFO lingxi_service::sessions: run committed and published (post-commit) run_id=run_000001a0e92944d1_00088e session_id=sess_local_alpha events=run_000001a0e92944d1_00088e-done input_chars=23
2026-09-28T17:56:31.058202Z  INFO lingxi_service: request handled request_id=req-6d939e550a2c5f75e4365ac53594f326 method=POST path=/lingxi/v1/sessions/sess_local_alpha/execute status=200
2026-09-28T17:56:31.058817Z  INFO lingxi_service::sessions: run committed and published (post-commit) run_id=run_000001a0e92944d2_00088f session_id=sess_local_alpha events=run_000001a0e92944d2_00088f-done input_chars=23
2026-09-28T17:56:31.059003Z  INFO lingxi_service: request handled request_id=req-275393c75c1d72dc73ac8c31c330b708 method=POST path=/lingxi/v1/sessions/sess_local_alpha/execute status=200
2026-09-28T17:56:31.059619Z  INFO lingxi_service::sessions: run committed and published (post-commit) run_id=run_000001a0e92944d3_000890 session_id=sess_local_alpha events=run_000001a0e92944d3_000890-done input_chars=23
2026-09-28T17:56:31.059804Z  INFO lingxi_service: request handled request_id=req-33eaa726020627b723fe4dab2b49d2f3 method=POST path=/lingxi/v1/sessions/sess_local_alpha/execute status=200
2026-09-28T17:56:31.060408Z  INFO lingxi_service::sessions: run committed and published (post-commit) run_id=run_000001a0e92944d4_000891 session_id=sess_local_alpha events=run_000001a0e92944d4_000891-done input_chars=23
2026-09-28T17:56:31.060593Z  INFO lingxi_service: request handled request_id=req-cc94d1000255f461f478fd5a60478b34 method=POST path=/lingxi/v1/sessions/sess_local_alpha/execute status=200
2026-09-28T17:56:31.061217Z  INFO lingxi_service::sessions: run committed and published (post-commit) run_id=run_000001a0e92944d4_000892 session_id=sess_local_alpha events=run_000001a0e92944d4_000892-done input_chars=23
2026-09-28T17:56:31.061400Z  INFO lingxi_service: request handled request_id=req-f5a18ca53d0895ba03252a5e739e591e method=POST path=/lingxi/v1/sessions/sess_local_alpha/execute status=200
2026-09-28T17:56:31.062013Z  INFO lingxi_service::sessions: run committed and published (post-commit) run_id=run_000001a0e92944d5_000893 session_id=sess_local_alpha events=run_000001a0e92944d5_000893-done input_chars=23
2026-09-28T17:56:31.062196Z  INFO lingxi_service: request handled request_id=req-af03137a561edf028b45e7a29eb6cc0e method=POST path=/lingxi/v1/sessions/sess_local_alpha/execute status=200
2026-09-28T17:56:31.062816Z  INFO lingxi_service::sessions: run committed and published (post-commit) run_id=run_000001a0e92944d6_000894 session_id=sess_local_alpha events=run_000001a0e92944d6_000894-done input_chars=23
2026-09-28T17:56:31.062999Z  INFO lingxi_service: request handled request_id=req-88991558af97e16262cdef1ec30939b3 method=POST path=/lingxi/v1/sessions/sess_local_alpha/execute status=200
2026-09-28T17:56:31.063645Z  INFO lingxi_service::sessions: run committed and published (post-commit) run_id=run_000001a0e92944d7_000895 session_id=sess_local_alpha events=run_000001a0e92944d7_000895-done input_chars=23
2026-09-28T17:56:31.063830Z  INFO lingxi_service: request handled request_id=req-6c0c0907a01ab6a7871f899af1bce87b method=POST path=/lingxi/v1/sessions/sess_local_alpha/execute status=200
2026-09-28T17:56:31.064432Z  INFO lingxi_service::sessions: run committed and published (post-commit) run_id=run_000001a0e92944d8_000896 session_id=sess_local_alpha events=run_000001a0e92944d8_000896-done input_chars=23
2026-09-28T17:56:31.064614Z  INFO lingxi_service: request handled request_id=req-9855ab26fd5c65f07fdac65e77e58502 method=POST path=/lingxi/v1/sessions/sess_local_alpha/execute status=200
2026-09-28T17:56:31.065245Z  INFO lingxi_service::sessions: run committed and published (post-commit) run_id=run_000001a0e92944d8_000897 session_id=sess_local_alpha events=run_000001a0e92944d8_000897-done input_chars=23
2026-09-28T17:56:31.065428Z  INFO lingxi_service: request handled request_id=req-c80fd2975a9aff6a91df88ee425fda07 method=POST path=/lingxi/v1/sessions/sess_local_alpha/execute status=200
2026-09-28T17:56:31.066075Z  INFO lingxi_service::sessions: run committed and published (post-commit) run_id=run_000001a0e92944d9_000898 session_id=sess_local_alpha events=run_000001a0e92944d9_000898-done input_chars=23
2026-09-28T17:56:31.066258Z  INFO lingxi_service: request handled request_id=req-0a2cb99c7097073f73ba1b191f8d923a method=POST path=/lingxi/v1/sessions/sess_local_alpha/execute status=200
2026-09-28T17:57:01.094339Z  INFO lingxi_service: request handled request_id=req-d13ea97b9845669c542ceb2b2a197227 method=GET path=/lingxi/v1/sessions/sess_local_alpha/events status=200
2026-09-28T17:57:01.110543Z  INFO lingxi_service: request handled request_id=req-dec9af4a49754ec2c729d6a0c1e0f32c method=GET path=/lingxi/v1/sessions/sess_local_alpha/events status=200
2026-09-28T17:57:01.123431Z  INFO lingxi_service: request handled request_id=req-d784db06d3dec4d5e6b2f20e041930d3 method=GET path=/lingxi/v1/sessions/sess_local_alpha/events status=200
2026-09-28T17:57:01.135381Z  INFO lingxi_service: request handled request_id=req-9dec77226be8c94a1d13b0dad3b971e7 method=GET path=/lingxi/v1/sessions/sess_local_alpha/events status=200
2026-09-28T17:57:01.146117Z  INFO lingxi_service: request handled request_id=req-a4203190b8314dafc263730e52e34786 method=GET path=/lingxi/v1/sessions/sess_local_alpha/events status=200
2026-09-28T17:57:01.156153Z  INFO lingxi_service: request handled request_id=req-b64ab14c92f7333ee7e3d8f993dcae2b method=GET path=/lingxi/v1/sessions/sess_local_alpha/events status=200
2026-09-28T17:57:01.165782Z  INFO lingxi_service: request handled request_id=req-d13fe7484df8a743ba5b4d3b3275be75 method=GET path=/lingxi/v1/sessions/sess_local_alpha/events status=200
2026-09-28T17:57:01.175113Z  INFO lingxi_service: request handled request_id=req-cf835701b75348273f16592271572e5a method=GET path=/lingxi/v1/sessions/sess_local_alpha/events status=200
2026-09-28T17:57:01.182869Z  INFO lingxi_service: request handled request_id=req-284915071c77be10a52493f36bced539 method=GET path=/lingxi/v1/sessions/sess_local_alpha/events status=200
2026-09-28T17:57:01.413894Z  WARN lingxi_service: ws session read failed err=Connection reset by peer (os error 54)
2026-09-28T17:57:01.518285Z  INFO lingxi_service: shutdown signal: SIGTERM
2026-09-28T17:57:01.519443Z  INFO lingxi_service::shutdown: run database closed (drained, WAL truncated) phase=storage_close
2026-09-28T17:57:01.519693Z  INFO lingxi_service::shutdown: own instance record removed, lock released phase=record_cleanup
2026-09-28T17:57:01.519757Z  INFO lingxi_service: lingxi-service stopped cleanly (run database closed, own record removed, lock released)
