# binding-exclusion: artifacts/rust-tauri/R03/repair-current/G07-R1/verify-stage-r03/R02/A16/legacy-entry/** — this gate's own run-time evidence output subtree (runner output, never candidate source); applied symmetrically to BOTH the main-repo binding and the candidate-copy binding (E0 mirror compare)
49003fe8be15055091d737d5bea20563b4db3a66a4e77fbeed50b8a2494b7213  ??  artifacts/rust-tauri/R03/repair-current/G07-E01/gate-commands/check_boundaries/exit-code.txt
6a18df34d108eb82fbdccda725b9628290e95a16322e723290c1ddaa2467ccf3  ??  artifacts/rust-tauri/R03/repair-current/G07-E01/gate-commands/check_contracts/exit-code.txt
0d75ad1cefb045cfa52b0b2974264a48a9db3701addfcc97fcb6b60b00bb8635  ??  artifacts/rust-tauri/R03/repair-current/G07-E01/gate-commands/rust_clippy/exit-code.txt
1b5d8d6341069801a016b6c550c9e2fb6912797d3e814d44ff0961d7a67cfee6  ??  artifacts/rust-tauri/R03/repair-current/G07-E01/gate-commands/rust_fmt/exit-code.txt
58304e22a2335464bf6b54991bf5fffa13bc960529269f5fe380c510933ba821  ??  artifacts/rust-tauri/R03/repair-current/G07-E01/gate-commands/rust_test_workspace/exit-code.txt
2f33e600c24e71dbcb74a968bd4255f7105daeccb62364dd4293bff404cf3b4f  ??  artifacts/rust-tauri/R03/repair-current/G07-E01/negative-tests/c03a-stale-evidence-root/evidence/old.txt
4355a46b19d348dc2f57c046f8ef63d4538ebb936000f3c9ee954a27460dd865  ??  artifacts/rust-tauri/R03/repair-current/G07-E01/negative-tests/c03a-stale-evidence-root/exit-code.txt
f5b0981175fe9bd307c7bb4e8dcb8490cfa58585d62d9c3e2f7eb03e4e875e54  ??  artifacts/rust-tauri/R03/repair-current/G07-E01/negative-tests/c03b-midrun-input-change/evidence/A15/cases/background-run-completes-decoupled.json
fda5f46e011354371ff149d97818d48d3b78dca205e17e8a7b39dba1cb4013e6  ??  artifacts/rust-tauri/R03/repair-current/G07-E01/negative-tests/c03b-midrun-input-change/evidence/A15/cases/background-survives-unrelated-cancel.json
92eebd1162583e5ed42a8e61a80b5c84e94753ed6562c35c930ebb65f6e23f01  ??  artifacts/rust-tauri/R03/repair-current/G07-E01/negative-tests/c03b-midrun-input-change/evidence/A15/cases/cancel-live-run-accepted-terminal-cancelled.json
edc380e78d3b8f95b51f12c2bbfcb702760327da3f20bd6c9f456b5c7e0934de  ??  artifacts/rust-tauri/R03/repair-current/G07-E01/negative-tests/c03b-midrun-input-change/evidence/A15/cases/cancel-terminal-run-already-terminal.json
e320e539d701e4f285fcff1a42629b28016fa5f103e77fccb5c1ddf921155742  ??  artifacts/rust-tauri/R03/repair-current/G07-E01/negative-tests/c03b-midrun-input-change/evidence/A15/cases/cancel-unknown-run-not-found.json
a513a19cd5ca9bc857d2e01c9be7ec61e3e5677e7d1948db618b31fb7aba127a  ??  artifacts/rust-tauri/R03/repair-current/G07-E01/negative-tests/c03b-midrun-input-change/evidence/A15/cases/cancel-waiting-approval-cancels-cleanly.json
602b436fbd1f0de778ca086853030197fe28a3fde1a5f694ebea64e4f8779c8a  ??  artifacts/rust-tauri/R03/repair-current/G07-E01/negative-tests/c03b-midrun-input-change/evidence/A15/cases/combo-cancel-stream-terminal-cancelled.json
b24ff9cdbb08092492dd68815bdf3c4a6f38c8e2a42cd79c30abbfcacdfef745  ??  artifacts/rust-tauri/R03/repair-current/G07-E01/negative-tests/c03b-midrun-input-change/evidence/A15/cases/combo-crash-recovery-honest-interrupted.json
d9e8dea9429b0f0c9fc86be7f31dcd96b4b227e1174dcdea6d1f00b177ec2987  ??  artifacts/rust-tauri/R03/repair-current/G07-E01/negative-tests/c03b-midrun-input-change/evidence/A15/cases/combo-cross-session-both-complete.json
106bebd1aa293f120bb83f22b33de1e19ae817a4963587e2ee17be8731293349  ??  artifacts/rust-tauri/R03/repair-current/G07-E01/negative-tests/c03b-midrun-input-change/evidence/A15/cases/combo-duplicate-conflict-rejected.json
eafb37ffcb4d76d45d58a64d80d9ef413064c1f979d64ba1cc2e609d147963fc  ??  artifacts/rust-tauri/R03/repair-current/G07-E01/negative-tests/c03b-midrun-input-change/evidence/A15/cases/combo-duplicate-replay-no-second-run.json
346e6cb6ae16f125e4bbfdbf24d2bbcf63c92fa9642b2676fa06a78bfa1e8fdb  ??  artifacts/rust-tauri/R03/repair-current/G07-E01/negative-tests/c03b-midrun-input-change/evidence/A15/cases/combo-events-subscriber-saw-terminal.json
97a0c8f8404d1c042f8f7efd240d5d5f5446103b21bcccf9c5c90461b6082043  ??  artifacts/rust-tauri/R03/repair-current/G07-E01/negative-tests/c03b-midrun-input-change/evidence/A15/cases/combo-multi-tool-three-calls.json
aa936466e694a90f4087b7ae928f7c9b96ae1450073774fcb29d177dfa59c7b6  ??  artifacts/rust-tauri/R03/repair-current/G07-E01/negative-tests/c03b-midrun-input-change/evidence/A15/cases/combo-multi-turn-one-terminal.json
f7bdd9e301d37d6a062e13225cfc84d7e96c1f88cd75d34e300ab00dd0fad0a0  ??  artifacts/rust-tauri/R03/repair-current/G07-E01/negative-tests/c03b-midrun-input-change/evidence/A15/cases/combo-normal-run-completed.json
51d8bd26cb2f29bee74097b5ef9a36e3389a56a1c7127e86fa36d75a8106659e  ??  artifacts/rust-tauri/R03/repair-current/G07-E01/negative-tests/c03b-midrun-input-change/evidence/A15/cases/combo-out-of-order-late-result-fenced.json
e18f1fcb5cc4af47da6184707fb88e0c0ed656f1fafffe8020a3001c9826c931  ??  artifacts/rust-tauri/R03/repair-current/G07-E01/negative-tests/c03b-midrun-input-change/evidence/A15/cases/combo-timeout-budget-loud-failure.json
ccbc0f5c630f404851ca1c561fd5c73421ba9b217ceeff29973b263f05e30888  ??  artifacts/rust-tauri/R03/repair-current/G07-E01/negative-tests/c03b-midrun-input-change/evidence/A15/cases/parent-cancel-stops-child-run.json
d72d7e1151ea38a4eeb9ad435aa66dc376039e41ff714f9f550e1f2c8934585a  ??  artifacts/rust-tauri/R03/repair-current/G07-E01/negative-tests/c03b-midrun-input-change/evidence/A15/cases/reconnect-resume-no-model-restart.json
5d89ed42d309bfcfd13956b901f209eb432200e88c2ae1eea74d6eaffe625b2a  ??  artifacts/rust-tauri/R03/repair-current/G07-E01/negative-tests/c03b-midrun-input-change/evidence/A15/cases/steer-busy-accepted.json
360ccd0c00f5114974f5f2967860d1c339a2e2baa808a2f5dca49f334fe0d386  ??  artifacts/rust-tauri/R03/repair-current/G07-E01/negative-tests/c03b-midrun-input-change/evidence/A15/cases/steer-idle-miss.json
d00e58227225a313e612b18019d7f95a07382b0426ab7fbeb39bc4b05b740cc5  ??  artifacts/rust-tauri/R03/repair-current/G07-E01/negative-tests/c03b-midrun-input-change/evidence/A15/cases/steer-text-drained-into-model-input.json
1d91fbec57470aebfedf338d49c5109fdd0216e02d720737ed53335eb06ae4c8  ??  artifacts/rust-tauri/R03/repair-current/G07-E01/negative-tests/c03b-midrun-input-change/evidence/A15/cases/subagent-child-cancel-stops-child-only.json
25c6b5b26b72b0a4408db94f4f0e40b77faa84d32ccfeaffaf04e29fb20c07c9  ??  artifacts/rust-tauri/R03/repair-current/G07-E01/negative-tests/c03b-midrun-input-change/evidence/A15/cases/subagent-close-thread-closed-status.json
c8d7de61de38e7dfa38ea3376602da5c50882e6d6238c3a1ff61b6ac7df04418  ??  artifacts/rust-tauri/R03/repair-current/G07-E01/negative-tests/c03b-midrun-input-change/evidence/A15/cases/subagent-dispatch-child-lineage-recorded.json
dce5bbb9b54961ee64c8634f90f4f2600975918f6a2590b57b7b28dd425016bd  ??  artifacts/rust-tauri/R03/repair-current/G07-E01/negative-tests/c03b-midrun-input-change/evidence/A15/cases/subagent-escalation-write-denied-zero-children.json
dcd19d358a8a5e560042eee304f1f5460d1c79ba1a64d611fb1007b830562010  ??  artifacts/rust-tauri/R03/repair-current/G07-E01/negative-tests/c03b-midrun-input-change/evidence/A15/cases/subagent-policy-proactive-delegation-default-off.json
ffef3903ae224f661b415622ed9c76da5e265c01a9c15b867f429c1f6d10ef15  ??  artifacts/rust-tauri/R03/repair-current/G07-E01/negative-tests/c03b-midrun-input-change/evidence/A15/cases/subagent-reply-continues-thread.json
d097c60f1416e1febc17bd0959b1c9252ca9be86b6a1e982d42d9240a38b107e  ??  artifacts/rust-tauri/R03/repair-current/G07-E01/negative-tests/c03b-midrun-input-change/evidence/A15/combo-counts.json
4c56fd82542a56017ef5e59d3b0c9752ede52032f31f31c24c2de458153ad296  ??  artifacts/rust-tauri/R03/repair-current/G07-E01/negative-tests/c03b-midrun-input-change/evidence/A15/combos/cancel-approval-wait.json
f861ce9b1dbe64f781134bae916b9c8f2503f4ad8572e98bfc18d180a4e35e33  ??  artifacts/rust-tauri/R03/repair-current/G07-E01/negative-tests/c03b-midrun-input-change/evidence/A15/combos/cancel-stream-read.json
76b74d822e65d068718af971eb29865cc4891a50d128a35b0bc955cc3b6b65a2  ??  artifacts/rust-tauri/R03/repair-current/G07-E01/negative-tests/c03b-midrun-input-change/evidence/A15/combos/crash-recovery.json
ef5545b54a472c39f9b09d995f9ba2e3671618a56d4de3eb7fe4fad24d81f22b  ??  artifacts/rust-tauri/R03/repair-current/G07-E01/negative-tests/c03b-midrun-input-change/evidence/A15/combos/cross-session-parallel.json
7f7fd9a6f050ba6811d5b1d7313d11473f92089a4ec0fd2335779e99b59cdaa1  ??  artifacts/rust-tauri/R03/repair-current/G07-E01/negative-tests/c03b-midrun-input-change/evidence/A15/combos/duplicate-submission.json
fc9b468ae0f2bd2cfff1a3ead3ba02756e59e73dc0c0a0ebb5142456d1ae38a8  ??  artifacts/rust-tauri/R03/repair-current/G07-E01/negative-tests/c03b-midrun-input-change/evidence/A15/combos/leaf-parent-cancel.json
a59635405b3569b1c0c950cb282ecf3749923b36c6b1b5e4d3d21fc3f4458102  ??  artifacts/rust-tauri/R03/repair-current/G07-E01/negative-tests/c03b-midrun-input-change/evidence/A15/combos/leaf-steer.json
fd60e4ca043c4073ddf838b3f0fe918436ede45ff7765efc8f1cad42821186f4  ??  artifacts/rust-tauri/R03/repair-current/G07-E01/negative-tests/c03b-midrun-input-change/evidence/A15/combos/multi-tool.json
075cad25ce0207f3b49138b8d415d0db78da1005207b2f64d282b478bffa44ae  ??  artifacts/rust-tauri/R03/repair-current/G07-E01/negative-tests/c03b-midrun-input-change/evidence/A15/combos/multi-turn-model.json
f94832aef81d68346dd1b25b1ad7312d6bc141a69a616a218b640aa170fbebcb  ??  artifacts/rust-tauri/R03/repair-current/G07-E01/negative-tests/c03b-midrun-input-change/evidence/A15/combos/normal.json
44f5b48c4f288ee214f7053e16857997f1fb66a6be241466141301a16c6872e7  ??  artifacts/rust-tauri/R03/repair-current/G07-E01/negative-tests/c03b-midrun-input-change/evidence/A15/combos/timeout-budget.json
505ecfbac3942739846be3a188cabea9d26c9641628253767c5457bdff2ab44f  ??  artifacts/rust-tauri/R03/repair-current/G07-E01/negative-tests/c03b-midrun-input-change/evidence/A15/leaf-cases.json
30a566d52e3dd0a65e389a5f95a035e39aba1a4c5a936475b1fdd8c7c2a6e8ae  ??  artifacts/rust-tauri/R03/repair-current/G07-E01/negative-tests/c03b-midrun-input-change/evidence/A15/summary.txt
9a652a14c5a43c20164935bd4963aa32c2a32445a13a91c504c563352517c3b7  ??  artifacts/rust-tauri/R03/repair-current/G07-E01/negative-tests/c03b-midrun-input-change/evidence/A16/captured-seed.txt
9a652a14c5a43c20164935bd4963aa32c2a32445a13a91c504c563352517c3b7  ??  artifacts/rust-tauri/R03/repair-current/G07-E01/negative-tests/c03b-midrun-input-change/evidence/A16/p2-captured-seed-attempt-0.txt
9a652a14c5a43c20164935bd4963aa32c2a32445a13a91c504c563352517c3b7  ??  artifacts/rust-tauri/R03/repair-current/G07-E01/negative-tests/c03b-midrun-input-change/evidence/A16/p3-replay-1-seed.txt
9a652a14c5a43c20164935bd4963aa32c2a32445a13a91c504c563352517c3b7  ??  artifacts/rust-tauri/R03/repair-current/G07-E01/negative-tests/c03b-midrun-input-change/evidence/A16/p3-replay-2-seed.txt
3fd4aaf96fe0793daf71f6aa3f52fa6c74856c7ddd31d414962724cf4df651d5  ??  artifacts/rust-tauri/R03/repair-current/G07-E01/negative-tests/c03b-midrun-input-change/evidence/A16/seed-mechanism.json
7d823ecd2fe778be4bc9ccdeaa060189bb8c8a9e8bd9737f51cb16fbd9b11f68  ??  artifacts/rust-tauri/R03/repair-current/G07-E01/negative-tests/c03b-midrun-input-change/evidence/A16/summary.txt
a78e649733d4fea6a4eed258f2828044be4f87cbe15d6e4cd56aa13bbdf42064  ??  artifacts/rust-tauri/R03/repair-current/G07-E01/negative-tests/c03b-midrun-input-change/evidence/G07_REPAIR/cases.jsonl
e3b0c44298fc1c149afbf4c8996fb92427ae41e4649b934ca495991b7852b855  ??  artifacts/rust-tauri/R03/repair-current/G07-E01/negative-tests/c03b-midrun-input-change/evidence/G07_REPAIR/gaps.txt
fb01ac619921de38fc8b3f4b03acf1679ef1970aa72ad9b11894254d77ec1319  ??  artifacts/rust-tauri/R03/repair-current/G07-E01/negative-tests/c03b-midrun-input-change/evidence/G07_REPAIR/repair-cases.json
aa09db2835372f3b2e2a4540f5ff3dfb457867555a4441f2590ea313c6e988ae  ??  artifacts/rust-tauri/R03/repair-current/G07-E01/negative-tests/c03b-midrun-input-change/evidence/G07_REPAIR/summary.txt
11ef675ba5df4b8fb5752145e8f94835fa596b6f33e91d2239f80339e5973eae  ??  artifacts/rust-tauri/R03/repair-current/G07-E01/negative-tests/c03b-midrun-input-change/evidence/R02/A05_A06/.last-body
1319bbe558a1a9043433da92529bc8c24d2b6fbcabc962836a938e946e273399  ??  artifacts/rust-tauri/R03/repair-current/G07-E01/negative-tests/c03b-midrun-input-change/evidence/R02/A05_A06/body-limit.txt
c0c19dff508a998f0c6e1fbf2643c2d78647cd6495bc53c57d2566877a3abc0b  ??  artifacts/rust-tauri/R03/repair-current/G07-E01/negative-tests/c03b-midrun-input-change/evidence/R02/A05_A06/cli-sessions-limit-case.json
f228390de7f0c99c6ef4c64afa81b0ca2efd5b036b412d0b76322690617fdca4  ??  artifacts/rust-tauri/R03/repair-current/G07-E01/negative-tests/c03b-midrun-input-change/evidence/R02/A05_A06/creds-after-authz.json
e4bbf8fc5e9f9a3f80e16aa7db1afe6029b8f5424541ffdfefab807a16631d4a  ??  artifacts/rust-tauri/R03/repair-current/G07-E01/negative-tests/c03b-midrun-input-change/evidence/R02/A05_A06/creds-before-authz.json
6e99ea01290b48510edf9bd96ab515bae33c1766f6d385d9812039d4b857de03  ??  artifacts/rust-tauri/R03/repair-current/G07-E01/negative-tests/c03b-midrun-input-change/evidence/R02/A05_A06/devices-after-authz.json
e6a09e3c77273c318a7cd381ac9be0e3fcfa5e954d44ed8b8c420ceb5ed744e4  ??  artifacts/rust-tauri/R03/repair-current/G07-E01/negative-tests/c03b-midrun-input-change/evidence/R02/A05_A06/devices-before-authz.json
fe2fa272a9211419c375778890852ff821232a2ce8680f89c5ce9418290d52fb  ??  artifacts/rust-tauri/R03/repair-current/G07-E01/negative-tests/c03b-midrun-input-change/evidence/R02/A05_A06/leaf-cases.json
a7e696ea763986deb6168b9bb3451f66390dab95655a78164a3dbfc01fcabdbd  ??  artifacts/rust-tauri/R03/repair-current/G07-E01/negative-tests/c03b-midrun-input-change/evidence/R02/A05_A06/leaf-cases.ndjson
d8ef3d0a4890b314c28ae9255c17227234018e680cfd754ed65e7a8a357427f2  ??  artifacts/rust-tauri/R03/repair-current/G07-E01/negative-tests/c03b-midrun-input-change/evidence/R02/A05_A06/me-denied-after.sha256
d8ef3d0a4890b314c28ae9255c17227234018e680cfd754ed65e7a8a357427f2  ??  artifacts/rust-tauri/R03/repair-current/G07-E01/negative-tests/c03b-midrun-input-change/evidence/R02/A05_A06/me-denied-before.sha256
9901fa4939e8c0683cc392787126273c429530490fdebe18e68d1ad0c6fc2459  ??  artifacts/rust-tauri/R03/repair-current/G07-E01/negative-tests/c03b-midrun-input-change/evidence/R02/A05_A06/sessions-list-matrix.json
82717ce196b2a222348a67dc93235cd598593def204cf70e5b7e20ad9786b4c5  ??  artifacts/rust-tauri/R03/repair-current/G07-E01/negative-tests/c03b-midrun-input-change/evidence/R02/A05_A06/state-after-authn.txt
8041605c80a6485f55d515d99def97c5b1e97ec19a0914181a38916b1f6972e7  ??  artifacts/rust-tauri/R03/repair-current/G07-E01/negative-tests/c03b-midrun-input-change/evidence/R02/A05_A06/state-after.txt
82717ce196b2a222348a67dc93235cd598593def204cf70e5b7e20ad9786b4c5  ??  artifacts/rust-tauri/R03/repair-current/G07-E01/negative-tests/c03b-midrun-input-change/evidence/R02/A05_A06/state-before-authz.txt
82717ce196b2a222348a67dc93235cd598593def204cf70e5b7e20ad9786b4c5  ??  artifacts/rust-tauri/R03/repair-current/G07-E01/negative-tests/c03b-midrun-input-change/evidence/R02/A05_A06/state-before.txt
9f941da9905041170415205a007d28a9cc98d23e0ed63c22383dc30830ecf991  ??  artifacts/rust-tauri/R03/repair-current/G07-E01/negative-tests/c03b-midrun-input-change/evidence/R02/A05_A06/summary.txt
43ad484a3b09bb348a1f4e6cabb7112062ef34a413456d8f1c985f5a29ed92b7  ??  artifacts/rust-tauri/R03/repair-current/G07-E01/negative-tests/c03b-midrun-input-change/evidence/R02/A05_A06/ws-matrix.json
e2119dab1c1913c53a0dc9042f71280a9bcc6987e7e411ff02975c540ba3c81c  ??  artifacts/rust-tauri/R03/repair-current/G07-E01/negative-tests/c03b-midrun-input-change/evidence/R02/A07_A08/last-db-hashes.txt
e613a984930f45c73fa5aa79af6955b0ac56faa30868e1da85d84a96a180eee3  ??  artifacts/rust-tauri/R03/repair-current/G07-E01/negative-tests/c03b-midrun-input-change/evidence/R02/A07_A08/s1-counts-after-stop.json
6e11d3157e36f2f24de72943cc5df97aec8475c1e95a29c6fed9cc451e41da10  ??  artifacts/rust-tauri/R03/repair-current/G07-E01/negative-tests/c03b-midrun-input-change/evidence/R02/A07_A08/s2-counts-after-crash.json
ceb067ac04fe8ad0bad109e1b8be3907e1ce13320aa078ace98bbe35299f55b8  ??  artifacts/rust-tauri/R03/repair-current/G07-E01/negative-tests/c03b-midrun-input-change/evidence/R02/A07_A08/s2-runs-dump.jsonl
3d5f66d4650c6d8d7dfe7b96987cb83fb6154a6646e15942de6f67e811dd2585  ??  artifacts/rust-tauri/R03/repair-current/G07-E01/negative-tests/c03b-midrun-input-change/evidence/R02/A07_A08/s3-fault.err
e3b0c44298fc1c149afbf4c8996fb92427ae41e4649b934ca495991b7852b855  ??  artifacts/rust-tauri/R03/repair-current/G07-E01/negative-tests/c03b-midrun-input-change/evidence/R02/A07_A08/s3-fault.out
9271f3d2d6cf8cf1522f06c9acb1b97f6520340fe3ea0875f9543ad4ad9e27c7  ??  artifacts/rust-tauri/R03/repair-current/G07-E01/negative-tests/c03b-midrun-input-change/evidence/R02/A07_A08/s4-hashes-after.txt
9271f3d2d6cf8cf1522f06c9acb1b97f6520340fe3ea0875f9543ad4ad9e27c7  ??  artifacts/rust-tauri/R03/repair-current/G07-E01/negative-tests/c03b-midrun-input-change/evidence/R02/A07_A08/s4-hashes-before.txt
5c69ecb80c850c6b4defa82856d299e282da4d77b5e8bbc47473b6c22858be77  ??  artifacts/rust-tauri/R03/repair-current/G07-E01/negative-tests/c03b-midrun-input-change/evidence/R02/A07_A08/s4-migrations-round1.json
5c69ecb80c850c6b4defa82856d299e282da4d77b5e8bbc47473b6c22858be77  ??  artifacts/rust-tauri/R03/repair-current/G07-E01/negative-tests/c03b-midrun-input-change/evidence/R02/A07_A08/s4-migrations-round2.json
5c69ecb80c850c6b4defa82856d299e282da4d77b5e8bbc47473b6c22858be77  ??  artifacts/rust-tauri/R03/repair-current/G07-E01/negative-tests/c03b-midrun-input-change/evidence/R02/A07_A08/s4-migrations-round3.json
8bf2e9da1ffba4a6d3e09729a1425074aa2e33524f12e0c0fa78a7e82d829e00  ??  artifacts/rust-tauri/R03/repair-current/G07-E01/negative-tests/c03b-midrun-input-change/evidence/R02/A07_A08/service-s1.err
81121f140c49bdd41dd920b19e417c68e84c54f98a26303d1ab8e03745bf8bf1  ??  artifacts/rust-tauri/R03/repair-current/G07-E01/negative-tests/c03b-midrun-input-change/evidence/R02/A07_A08/service-s1.out
aa333f4562703204fd0a831aba4dfe98b014a4dcaa3a91c8caa629a3814a35d6  ??  artifacts/rust-tauri/R03/repair-current/G07-E01/negative-tests/c03b-midrun-input-change/evidence/R02/A07_A08/service-s1b.err
0408a537f11b55d92ad8f82ef19d5a876d35ce9e7f617fb38b880ddcfc56c9ac  ??  artifacts/rust-tauri/R03/repair-current/G07-E01/negative-tests/c03b-midrun-input-change/evidence/R02/A07_A08/service-s1b.out
30edbe17cf47fde1a34e6044e8115b8247dd2c47618e11437fa247ada92f482a  ??  artifacts/rust-tauri/R03/repair-current/G07-E01/negative-tests/c03b-midrun-input-change/evidence/R02/A07_A08/service-s2.err
3e185349f7f7697fac4f8a6e36a8fde3c2e959d2a35e2552bf9e40258f6b1b9e  ??  artifacts/rust-tauri/R03/repair-current/G07-E01/negative-tests/c03b-midrun-input-change/evidence/R02/A07_A08/service-s2.out
ee7fe115a4a038e50c1cf1a5317e7feb64023928ea43e44b1c91e5553825f2f7  ??  artifacts/rust-tauri/R03/repair-current/G07-E01/negative-tests/c03b-midrun-input-change/evidence/R02/A07_A08/service-s2b.err
d3f125098a39006eb55271ad000cc3d74f993fa068fa840ad05337dabf174119  ??  artifacts/rust-tauri/R03/repair-current/G07-E01/negative-tests/c03b-midrun-input-change/evidence/R02/A07_A08/service-s2b.out
ff1587eeca127ce765d0dece33dc4c28b37a7b637beeba228d2b885c90c904fa  ??  artifacts/rust-tauri/R03/repair-current/G07-E01/negative-tests/c03b-midrun-input-change/evidence/R02/A07_A08/service-s4-1.err
008b22f04d8b2132232eb78f3829119c618279a96d8349b19f052b72d51f7d30  ??  artifacts/rust-tauri/R03/repair-current/G07-E01/negative-tests/c03b-midrun-input-change/evidence/R02/A07_A08/service-s4-1.out
adfb30f78eade61d39b6d612b989bac676d5ad0e5d0e9fcb803872a75438b565  ??  artifacts/rust-tauri/R03/repair-current/G07-E01/negative-tests/c03b-midrun-input-change/evidence/R02/A07_A08/service-s4-2.err
f7a2d12b30754490ba3235f50697c2e414c72abe08da7658b3262aa099eb2892  ??  artifacts/rust-tauri/R03/repair-current/G07-E01/negative-tests/c03b-midrun-input-change/evidence/R02/A07_A08/service-s4-2.out
1c3a5eb541e89ac2434d68c246a165162c3189ba8afcbd5881728a6ce159e589  ??  artifacts/rust-tauri/R03/repair-current/G07-E01/negative-tests/c03b-midrun-input-change/evidence/R02/A07_A08/service-s4-3.err
16af3ec92c64169aee6253704ca74db12781e6d5c1082378e48e56944f09dcc2  ??  artifacts/rust-tauri/R03/repair-current/G07-E01/negative-tests/c03b-midrun-input-change/evidence/R02/A07_A08/service-s4-3.out
277d0a965a2149dedefed4153ba71ad251081f2f88ea856e74b1997208cb6745  ??  artifacts/rust-tauri/R03/repair-current/G07-E01/negative-tests/c03b-midrun-input-change/evidence/R02/A07_A08/service.addr
322740c748e53383a9b0228efa0a901f541723857e2816bbc068deeb562fcde9  ??  artifacts/rust-tauri/R03/repair-current/G07-E01/negative-tests/c03b-midrun-input-change/evidence/R02/A07_A08/service.pid
a0c82fb5352d2afb90d4aeb5f120a245a55eef42d51ce83d21fdb609a43390b4  ??  artifacts/rust-tauri/R03/repair-current/G07-E01/negative-tests/c03b-midrun-input-change/evidence/R02/A07_A08/summary.txt
5c370d4628c2bfd362580d91de3d40d62a0d0fd38ef77c8f9bf1089cfc52dfb3  ??  artifacts/rust-tauri/R03/repair-current/G07-E01/negative-tests/c03b-midrun-input-change/evidence/R02/A09_A10/a09-merged-view.json
3af866f63611f9f347953980d00eeff3efb036062b6985c448ec2d1d02bc4d54  ??  artifacts/rust-tauri/R03/repair-current/G07-E01/negative-tests/c03b-midrun-input-change/evidence/R02/A09_A10/a10-rebuild-diff.json
25dffc1e22b6683475c421885e78098adf8184ef3b640bfdefff4175e759197e  ??  artifacts/rust-tauri/R03/repair-current/G07-E01/negative-tests/c03b-midrun-input-change/evidence/R02/A09_A10/key-events-dump.json
bf3bc7d13b2f47652335d3bebe688cbdfc3985a5299ae33e50428e1024a2d520  ??  artifacts/rust-tauri/R03/repair-current/G07-E01/negative-tests/c03b-midrun-input-change/evidence/R02/A09_A10/matrix.json
259ee106831b99ceda47d1b8401d9c12ef9f0b3f7d84226586f5a5dd2839f0b0  ??  artifacts/rust-tauri/R03/repair-current/G07-E01/negative-tests/c03b-midrun-input-change/evidence/R02/A09_A10/probe-matrix.jsonl
da1954792cbbf8d005aca511be9ab9244cb20cf368ae522037c9ade82093826b  ??  artifacts/rust-tauri/R03/repair-current/G07-E01/negative-tests/c03b-midrun-input-change/evidence/R02/A09_A10/service.err
0305979899d8c3621abb13550bbc88b22c3686fcb060aeb7c01f9110d9b7c9d2  ??  artifacts/rust-tauri/R03/repair-current/G07-E01/negative-tests/c03b-midrun-input-change/evidence/R02/A09_A10/service.out
fe8933f036b1b80cfb053c181138314cd153c700204ef62e79adb7511b3bc27a  ??  artifacts/rust-tauri/R03/repair-current/G07-E01/negative-tests/c03b-midrun-input-change/evidence/R02/A09_A10/summary.txt
dd63f79ce1a39fdef735dbb9eb292c3f8a45db77c2513d3cc7379e5dbe13749e  ??  artifacts/rust-tauri/R03/repair-current/G07-E01/negative-tests/c03b-midrun-input-change/evidence/R02/A11/backup-restore/s1-backup-dir-listing.txt
70f6cafc490c217b777b86eb5f8fbdbc52beda5588473cab84b67275b92e5eea  ??  artifacts/rust-tauri/R03/repair-current/G07-E01/negative-tests/c03b-midrun-input-change/evidence/R02/A11/backup-restore/s1-backup-outcome.json
e3b0c44298fc1c149afbf4c8996fb92427ae41e4649b934ca495991b7852b855  ??  artifacts/rust-tauri/R03/repair-current/G07-E01/negative-tests/c03b-midrun-input-change/evidence/R02/A11/backup-restore/s1-backup.err
64ad888d36741e7ef2ad69948929b657746e2a1e3013e892503284b5f2eafa16  ??  artifacts/rust-tauri/R03/repair-current/G07-E01/negative-tests/c03b-midrun-input-change/evidence/R02/A11/backup-restore/s1-restore-outcome.json
e3b0c44298fc1c149afbf4c8996fb92427ae41e4649b934ca495991b7852b855  ??  artifacts/rust-tauri/R03/repair-current/G07-E01/negative-tests/c03b-midrun-input-change/evidence/R02/A11/backup-restore/s1-restore.err
f476c0ea2bcdadf380b2ac14abc96adfa69abf0383a7b6110ab51d011c1fffcf  ??  artifacts/rust-tauri/R03/repair-current/G07-E01/negative-tests/c03b-midrun-input-change/evidence/R02/A11/backup-restore/s1-restored-dump.jsonl
afe11deb37f3d61468bb21fa2467e7c4b3a9524b02171faed61797b9b07a6648  ??  artifacts/rust-tauri/R03/repair-current/G07-E01/negative-tests/c03b-midrun-input-change/evidence/R02/A11/backup-restore/s1-restored-hash.txt
f476c0ea2bcdadf380b2ac14abc96adfa69abf0383a7b6110ab51d011c1fffcf  ??  artifacts/rust-tauri/R03/repair-current/G07-E01/negative-tests/c03b-midrun-input-change/evidence/R02/A11/backup-restore/s1-source-dump.jsonl
e1e26269541a7cd1ca0e2aaea8615f9ed8f5d38d5ca9a8e969f7ebb7ac1d56b8  ??  artifacts/rust-tauri/R03/repair-current/G07-E01/negative-tests/c03b-midrun-input-change/evidence/R02/A11/backup-restore/s1-source-hash.txt
951e1f2cedf4a978898a4f9e620777561b8381ece9faf4223f8594a201f47f74  ??  artifacts/rust-tauri/R03/repair-current/G07-E01/negative-tests/c03b-midrun-input-change/evidence/R02/A11/backup-restore/s1-wal-size.txt
e3b0c44298fc1c149afbf4c8996fb92427ae41e4649b934ca495991b7852b855  ??  artifacts/rust-tauri/R03/repair-current/G07-E01/negative-tests/c03b-midrun-input-change/evidence/R02/A11/backup-restore/s3-backup-out.json
3e338046b112837d3998dbb90c437a5c077837c5d0a6986c92bd6e99d2f5c3eb  ??  artifacts/rust-tauri/R03/repair-current/G07-E01/negative-tests/c03b-midrun-input-change/evidence/R02/A11/backup-restore/s3-backup.err
9b33c4d50a9f7a0434980244454a85ce4288c7323241cf9ff22c50e6b8f8dd85  ??  artifacts/rust-tauri/R03/repair-current/G07-E01/negative-tests/c03b-midrun-input-change/evidence/R02/A11/backup-restore/s4-ws-probe.json
a4c3ed04a95a3da14a9d235c83d868bed7c0f45cf7f3faa751ee8f50598d2211  ??  artifacts/rust-tauri/R03/repair-current/G07-E01/negative-tests/c03b-midrun-input-change/evidence/R02/A11/backup-restore/s4-ws-probe.json.probe-done
405ab1afbee429c3313f597ec30f349b4effed3d556fa8913ee09f5d055bf9c0  ??  artifacts/rust-tauri/R03/repair-current/G07-E01/negative-tests/c03b-midrun-input-change/evidence/R02/A11/backup-restore/service-s1.addr
10262da76f3f95a2b2e5d4ae01454c0bd3e1d794ba4dd3e5764bf4661aa9d40a  ??  artifacts/rust-tauri/R03/repair-current/G07-E01/negative-tests/c03b-midrun-input-change/evidence/R02/A11/backup-restore/service-s1.err
2b4fac943bee366775605d3d35fc39bb0af1125a3fa659f2b22c8ffcc3fe1195  ??  artifacts/rust-tauri/R03/repair-current/G07-E01/negative-tests/c03b-midrun-input-change/evidence/R02/A11/backup-restore/service-s1.out
28b7d884a692540588f5574fee017ddc1380496d12320884f8037179e39fd9e9  ??  artifacts/rust-tauri/R03/repair-current/G07-E01/negative-tests/c03b-midrun-input-change/evidence/R02/A11/backup-restore/service-s2.addr
d3b63e6b9f170d3b543b8638ae3fb61382d4346bf1266a02ea0db6694dcf9206  ??  artifacts/rust-tauri/R03/repair-current/G07-E01/negative-tests/c03b-midrun-input-change/evidence/R02/A11/backup-restore/service-s2.err
f0899e4c9a3579f9f831992862d1b0734ef13242986c569b884e1b4a897cbf39  ??  artifacts/rust-tauri/R03/repair-current/G07-E01/negative-tests/c03b-midrun-input-change/evidence/R02/A11/backup-restore/service-s2.out
aebcaf82fdfdc67032e5d7f06a716a7fc4ceb190d1d4e6177a9c9e3d518ca831  ??  artifacts/rust-tauri/R03/repair-current/G07-E01/negative-tests/c03b-midrun-input-change/evidence/R02/A11/backup-restore/service-s4.addr
f297631ce536129feef89a0b125557bd929fb93e21bf66ce177233a1b2937bb3  ??  artifacts/rust-tauri/R03/repair-current/G07-E01/negative-tests/c03b-midrun-input-change/evidence/R02/A11/backup-restore/service-s4.err
606d52a533298c62eba8e78dbbd798922362d0db04bda00c508a90eb13d1d58e  ??  artifacts/rust-tauri/R03/repair-current/G07-E01/negative-tests/c03b-midrun-input-change/evidence/R02/A11/backup-restore/service-s4.out
9c344eefce47767ef670ae149f4803b4ba628f8d9c1b16d3e33f1790c7059c4c  ??  artifacts/rust-tauri/R03/repair-current/G07-E01/negative-tests/c03b-midrun-input-change/evidence/R02/A11/backup-restore/service.pid
927ea85174cfe4487fd57401d0cdf879ce2c8aeff8b93b51bb8599fd2d310873  ??  artifacts/rust-tauri/R03/repair-current/G07-E01/negative-tests/c03b-midrun-input-change/evidence/R02/A11/backup-restore/summary.txt
9ca844cc3a75d4d2c7e204c90ca728d80d24010d0c0dbc242d9287a099fc1276  ??  artifacts/rust-tauri/R03/repair-current/G07-E01/negative-tests/c03b-midrun-input-change/evidence/R02/A12/recovery-drill/coexist-after.txt
9ca844cc3a75d4d2c7e204c90ca728d80d24010d0c0dbc242d9287a099fc1276  ??  artifacts/rust-tauri/R03/repair-current/G07-E01/negative-tests/c03b-midrun-input-change/evidence/R02/A12/recovery-drill/coexist-before.txt
55242769eaada72caced027d0554cfdb0121386bcbc1d0b6ba77809c12d854a7  ??  artifacts/rust-tauri/R03/repair-current/G07-E01/negative-tests/c03b-midrun-input-change/evidence/R02/A12/recovery-drill/own-created-homes.txt
96c72ee55c964851cdd78ea0087b0447fb970f8acda1bc92221741af229bc8e4  ??  artifacts/rust-tauri/R03/repair-current/G07-E01/negative-tests/c03b-midrun-input-change/evidence/R02/A12/recovery-drill/summary.txt
7b2f675d535131e9ee3b95eb996b520af42000b1efea572dc62eff72fd758a84  ??  artifacts/rust-tauri/R03/repair-current/G07-E01/negative-tests/c03b-midrun-input-change/evidence/R02/A12/recovery-drill/v1-hashes-after.txt
7b2f675d535131e9ee3b95eb996b520af42000b1efea572dc62eff72fd758a84  ??  artifacts/rust-tauri/R03/repair-current/G07-E01/negative-tests/c03b-midrun-input-change/evidence/R02/A12/recovery-drill/v1-hashes-before.txt
73bc6874c1c2dc62e63330f8d5634f5f9fc1a065ec5b8b117a448782563e40e8  ??  artifacts/rust-tauri/R03/repair-current/G07-E01/negative-tests/c03b-midrun-input-change/evidence/R02/A12/recovery-drill/v1.err
e3b0c44298fc1c149afbf4c8996fb92427ae41e4649b934ca495991b7852b855  ??  artifacts/rust-tauri/R03/repair-current/G07-E01/negative-tests/c03b-midrun-input-change/evidence/R02/A12/recovery-drill/v1.out
fcb269f1fc43e20619871bab0f6e464d30773313e55b17f725fc62249ab521be  ??  artifacts/rust-tauri/R03/repair-current/G07-E01/negative-tests/c03b-midrun-input-change/evidence/R02/A12/recovery-drill/v2-hashes-after.txt
fcb269f1fc43e20619871bab0f6e464d30773313e55b17f725fc62249ab521be  ??  artifacts/rust-tauri/R03/repair-current/G07-E01/negative-tests/c03b-midrun-input-change/evidence/R02/A12/recovery-drill/v2-hashes-before.txt
eda4ec43c2e6dec63c48ee7e697b46131975ac3a3adf2c6ec8b290ecc012bb6e  ??  artifacts/rust-tauri/R03/repair-current/G07-E01/negative-tests/c03b-midrun-input-change/evidence/R02/A12/recovery-drill/v2.err
e3b0c44298fc1c149afbf4c8996fb92427ae41e4649b934ca495991b7852b855  ??  artifacts/rust-tauri/R03/repair-current/G07-E01/negative-tests/c03b-midrun-input-change/evidence/R02/A12/recovery-drill/v2.out
a33ffd69acb495d9a221778bb2317e4cef00e4d752d794b9c1267890666ec43d  ??  artifacts/rust-tauri/R03/repair-current/G07-E01/negative-tests/c03b-midrun-input-change/evidence/R02/A12/recovery-drill/v3-hashes-after.txt
a33ffd69acb495d9a221778bb2317e4cef00e4d752d794b9c1267890666ec43d  ??  artifacts/rust-tauri/R03/repair-current/G07-E01/negative-tests/c03b-midrun-input-change/evidence/R02/A12/recovery-drill/v3-hashes-before.txt
a8e2f1f810a15c1df595dd8baf0fe0791ec3ddffafe4db2312273cec37e13edb  ??  artifacts/rust-tauri/R03/repair-current/G07-E01/negative-tests/c03b-midrun-input-change/evidence/R02/A12/recovery-drill/v3.err
e3b0c44298fc1c149afbf4c8996fb92427ae41e4649b934ca495991b7852b855  ??  artifacts/rust-tauri/R03/repair-current/G07-E01/negative-tests/c03b-midrun-input-change/evidence/R02/A12/recovery-drill/v3.out
5a5ca98196ad27f340dfb4ac0cbc19746cac8d57dd9a5388f22e0d52eba0ccc4  ??  artifacts/rust-tauri/R03/repair-current/G07-E01/negative-tests/c03b-midrun-input-change/evidence/R02/A12/recovery-drill/v4.err
9b859f33d0e8dd079ce39f07580d829bfe1e0ee695e829e1c4ebb6dc3910a92e  ??  artifacts/rust-tauri/R03/repair-current/G07-E01/negative-tests/c03b-midrun-input-change/evidence/R02/A12/recovery-drill/v4.out
8a1b4fd1be1a56dfaf7a2c7f11c61d29915228db0f75daabe32f421bfbdbf699  ??  artifacts/rust-tauri/R03/repair-current/G07-E01/negative-tests/c03b-midrun-input-change/evidence/R02/A12/recovery-drill/v5-hashes-after.txt
8a1b4fd1be1a56dfaf7a2c7f11c61d29915228db0f75daabe32f421bfbdbf699  ??  artifacts/rust-tauri/R03/repair-current/G07-E01/negative-tests/c03b-midrun-input-change/evidence/R02/A12/recovery-drill/v5-hashes-before.txt
4adabc5a37e6e429f84f1a5306c99257a2bd7b0c7dbfecd031b35952b01e5233  ??  artifacts/rust-tauri/R03/repair-current/G07-E01/negative-tests/c03b-midrun-input-change/evidence/R02/A12/recovery-drill/v5.err
e3b0c44298fc1c149afbf4c8996fb92427ae41e4649b934ca495991b7852b855  ??  artifacts/rust-tauri/R03/repair-current/G07-E01/negative-tests/c03b-midrun-input-change/evidence/R02/A12/recovery-drill/v5.out
c7c4074b18efd79f24495d844ead54d8b9e5d602f8d24e56ec0fd09102bd1ec8  ??  artifacts/rust-tauri/R03/repair-current/G07-E01/negative-tests/c03b-midrun-input-change/evidence/R02/A12/recovery-drill/v6-recovered-dump.jsonl
27badc983df1780b60c2b3fa9d3a19a00e46aac798451f0febdca52920faaddf  ??  artifacts/rust-tauri/R03/repair-current/G07-E01/negative-tests/c03b-midrun-input-change/evidence/R02/A12/recovery-drill/v6-seed-execute.txt
7eab7e8e10cadd6735ab61193c25ad4603f5d16f885d456973e682f9346c21bf  ??  artifacts/rust-tauri/R03/repair-current/G07-E01/negative-tests/c03b-midrun-input-change/evidence/R02/A12/recovery-drill/v6-seed.err
92761bbd1c47ff7557993b01df16a76acfaef3b0639c9a51efa7b83c1facb880  ??  artifacts/rust-tauri/R03/repair-current/G07-E01/negative-tests/c03b-midrun-input-change/evidence/R02/A12/recovery-drill/v6-seed.out
264c41a53c1ba908540d6df1fe758123d82ded5ab29bfdeac3267aa79d56ff1f  ??  artifacts/rust-tauri/R03/repair-current/G07-E01/negative-tests/c03b-midrun-input-change/evidence/R02/A12/recovery-drill/v6.err
a7004ad0550a16ffea1c523e1bcaa63aed1742a8f598a0721b0cdd4106d25047  ??  artifacts/rust-tauri/R03/repair-current/G07-E01/negative-tests/c03b-midrun-input-change/evidence/R02/A12/recovery-drill/v6.out
e324e90eca87a09b0f12b3278a7143d58a6397f784ec5deac721fd5478180300  ??  artifacts/rust-tauri/R03/repair-current/G07-E01/negative-tests/c03b-midrun-input-change/evidence/R02/A12/recovery-drill/v7-hashes-after.txt
e324e90eca87a09b0f12b3278a7143d58a6397f784ec5deac721fd5478180300  ??  artifacts/rust-tauri/R03/repair-current/G07-E01/negative-tests/c03b-midrun-input-change/evidence/R02/A12/recovery-drill/v7-hashes-before.txt
a499b5f4b2ba22d6a84c8ff0d93014c78ae929b438a25398f7a72d523fbf200a  ??  artifacts/rust-tauri/R03/repair-current/G07-E01/negative-tests/c03b-midrun-input-change/evidence/R02/A12/recovery-drill/v7-seed.err
94cf45f4154f2363ec5f25e076b8328877632c21cc0e0c6912a46861f0a431e1  ??  artifacts/rust-tauri/R03/repair-current/G07-E01/negative-tests/c03b-midrun-input-change/evidence/R02/A12/recovery-drill/v7-seed.out
1712692d3bb20b466d4c2ae0e3e4b358ff3c938bcf1c0767d6edc628186caf18  ??  artifacts/rust-tauri/R03/repair-current/G07-E01/negative-tests/c03b-midrun-input-change/evidence/R02/A12/recovery-drill/v7.err
e3b0c44298fc1c149afbf4c8996fb92427ae41e4649b934ca495991b7852b855  ??  artifacts/rust-tauri/R03/repair-current/G07-E01/negative-tests/c03b-midrun-input-change/evidence/R02/A12/recovery-drill/v7.out
efaf7034b5041a487baf4516edab241739ef97b03ece27bb03af3ac0737399e2  ??  artifacts/rust-tauri/R03/repair-current/G07-E01/negative-tests/c03b-midrun-input-change/evidence/R02/A12/recovery-drill/v8-observed.err
340e65436e3129a4291939a40a1baa96e2b34b4eaa735ed2a11c8d30b40a03f2  ??  artifacts/rust-tauri/R03/repair-current/G07-E01/negative-tests/c03b-midrun-input-change/evidence/R02/A12/recovery-drill/v8-seed.err
834dd28259ddb48828078d3b27c570ba2a6ea42c387fa80076bfeffeade7fd20  ??  artifacts/rust-tauri/R03/repair-current/G07-E01/negative-tests/c03b-midrun-input-change/evidence/R02/A12/recovery-drill/v8-seed.out
efaf7034b5041a487baf4516edab241739ef97b03ece27bb03af3ac0737399e2  ??  artifacts/rust-tauri/R03/repair-current/G07-E01/negative-tests/c03b-midrun-input-change/evidence/R02/A12/recovery-drill/v8.err
c73abc010e7d43130fa9641674c39527e6faeef262cad81472ff2a9fd00f67b9  ??  artifacts/rust-tauri/R03/repair-current/G07-E01/negative-tests/c03b-midrun-input-change/evidence/R02/A12/recovery-drill/v8.out
d725c69488a72eed53f8aa2f1b75bdd450d4f7b25b4456a59c3f623b7552d98b  ??  artifacts/rust-tauri/R03/repair-current/G07-E01/negative-tests/c03b-midrun-input-change/evidence/R02/A15/full-chain/pre-restart-head.json
e3b0c44298fc1c149afbf4c8996fb92427ae41e4649b934ca495991b7852b855  ??  artifacts/rust-tauri/R03/repair-current/G07-E01/negative-tests/c03b-midrun-input-change/evidence/R02/A15/full-chain/probe1.err
a7857ea282c754f5cc6e15c5b7f24d032a0ff2a40546e3228d1e88eb26d9f113  ??  artifacts/rust-tauri/R03/repair-current/G07-E01/negative-tests/c03b-midrun-input-change/evidence/R02/A15/full-chain/probe1.pass-lines
e3b0c44298fc1c149afbf4c8996fb92427ae41e4649b934ca495991b7852b855  ??  artifacts/rust-tauri/R03/repair-current/G07-E01/negative-tests/c03b-midrun-input-change/evidence/R02/A15/full-chain/probe2.err
28a411dc95be7e6596d2954fdbecf8eb034d9f8dc1248ab1d111c07c1c218b89  ??  artifacts/rust-tauri/R03/repair-current/G07-E01/negative-tests/c03b-midrun-input-change/evidence/R02/A15/full-chain/probe2.pass-lines
7b87d9c5c04d66b35fe031870eedbb499287082a208b7395ceceef95cf477530  ??  artifacts/rust-tauri/R03/repair-current/G07-E01/negative-tests/c03b-midrun-input-change/evidence/R02/A15/full-chain/service1.err
f1477a04a5b911f908c8c7908dd1c1079d149e16a89fdb67641c91902fb0e42c  ??  artifacts/rust-tauri/R03/repair-current/G07-E01/negative-tests/c03b-midrun-input-change/evidence/R02/A15/full-chain/service1.out
3af684629486ebe0373a4d1dfd95cebd32af3255afc9a75cbed99b285db31850  ??  artifacts/rust-tauri/R03/repair-current/G07-E01/negative-tests/c03b-midrun-input-change/evidence/R02/A15/full-chain/service2.err
a95a64df1d38689e22000159d58c7ba33a363a826c7cdad6e65d4e24dddee74e  ??  artifacts/rust-tauri/R03/repair-current/G07-E01/negative-tests/c03b-midrun-input-change/evidence/R02/A15/full-chain/service2.out
db3f21d46a1423287ba9d9301f060b23e65980bd96f7f4fdbf83afd23970cad4  ??  artifacts/rust-tauri/R03/repair-current/G07-E01/negative-tests/c03b-midrun-input-change/evidence/R02/A15/full-chain/summary.txt
2b497e7afb369f294a2a853e425dedc1953737117077041f4182be29a97f2442  ??  artifacts/rust-tauri/R03/repair-current/G07-E01/negative-tests/c03b-midrun-input-change/evidence/R02/A16/legacy-entry/e0-candidate-binding.tsv
85fb626202e6df21410b80faf376506e92f2b33c9ac5b657bc10c98dab29f49b  ??  artifacts/rust-tauri/R03/repair-current/G07-E01/negative-tests/c03b-midrun-input-change/evidence/R02/A16/legacy-entry/e0-candidate-dirty.diff
fcb7c5a39e96aea24061ed947741714378ee0fd08c64e29f067cb5c00d7ea52a  ??  artifacts/rust-tauri/R03/repair-current/G07-E01/negative-tests/c03b-midrun-input-change/evidence/R02/A16/legacy-entry/e0-candidate-dirty.txt
4e4efc2daa54db52190e62e46510af1398a908dbe35143104ac904b2f54b358d  ??  artifacts/rust-tauri/R03/repair-current/G07-E01/negative-tests/c03b-midrun-input-change/evidence/R02/A16/legacy-entry/summary.txt
31a43561fcf14073b833ccca3bde9ad68458cc5a4da015e921342582fba95029  ??  artifacts/rust-tauri/R03/repair-current/G07-E01/negative-tests/c03b-midrun-input-change/evidence/candidate-source-after.json
21e524e208e0904222316cc3c882e8db2dc2330c807a81c44768e5e7af4df1c3  ??  artifacts/rust-tauri/R03/repair-current/G07-E01/negative-tests/c03b-midrun-input-change/evidence/candidate-source-before.json
3a04eeb1b624f8afd67b56c8cf0fa410b0ea4347c449cb1015aee19946161093  ??  artifacts/rust-tauri/R03/repair-current/G07-E01/negative-tests/c03b-midrun-input-change/evidence/verify-stage-result.json
4355a46b19d348dc2f57c046f8ef63d4538ebb936000f3c9ee954a27460dd865  ??  artifacts/rust-tauri/R03/repair-current/G07-E01/negative-tests/c03b-midrun-input-change/exit-code.txt
4355a46b19d348dc2f57c046f8ef63d4538ebb936000f3c9ee954a27460dd865  ??  artifacts/rust-tauri/R03/repair-current/G07-E01/negative-tests/c03b-midrun-input-change/midrun-change-applied.txt
5bb0f3293cd0f111331a6f0604debfc96b2f006cc34ebe1382c9e0996c79230c  ??  artifacts/rust-tauri/R03/repair-current/G07-E01/negative-tests/case-results.json
cf8fe6e89d2642a7355c370b6503e515f95d892cbb81921c9cbe7946c1c91796  ??  artifacts/rust-tauri/R03/repair-current/G07-E01/negative-tests/case-results.tsv
42c41972188b9d8eae1ea2c522c143b3315868cb2ab285ce28df36a0aeb61c0b  ??  artifacts/rust-tauri/R03/repair-current/G07-E01/negative-tests/n1a-delete-leaf-mapping/evidence/candidate-source-after.json
42c41972188b9d8eae1ea2c522c143b3315868cb2ab285ce28df36a0aeb61c0b  ??  artifacts/rust-tauri/R03/repair-current/G07-E01/negative-tests/n1a-delete-leaf-mapping/evidence/candidate-source-before.json
a6fefc6f9bf05e269e7b843ed3e24b703353e9d576d19e182bd8072d24ec0331  ??  artifacts/rust-tauri/R03/repair-current/G07-E01/negative-tests/n1a-delete-leaf-mapping/evidence/verify-stage-result.json
4355a46b19d348dc2f57c046f8ef63d4538ebb936000f3c9ee954a27460dd865  ??  artifacts/rust-tauri/R03/repair-current/G07-E01/negative-tests/n1a-delete-leaf-mapping/exit-code.txt
53c234e5e8472b6ac51c1ae1cab3fe06fad053beb8ebfd8977b010655bfdd3c3  ??  artifacts/rust-tauri/R03/repair-current/G07-E01/negative-tests/n1b-delete-command-mapping/exit-code.txt
f5b0981175fe9bd307c7bb4e8dcb8490cfa58585d62d9c3e2f7eb03e4e875e54  ??  artifacts/rust-tauri/R03/repair-current/G07-E01/negative-tests/n2-zero-match-filter/evidence/A15/cases/background-run-completes-decoupled.json
fda5f46e011354371ff149d97818d48d3b78dca205e17e8a7b39dba1cb4013e6  ??  artifacts/rust-tauri/R03/repair-current/G07-E01/negative-tests/n2-zero-match-filter/evidence/A15/cases/background-survives-unrelated-cancel.json
92eebd1162583e5ed42a8e61a80b5c84e94753ed6562c35c930ebb65f6e23f01  ??  artifacts/rust-tauri/R03/repair-current/G07-E01/negative-tests/n2-zero-match-filter/evidence/A15/cases/cancel-live-run-accepted-terminal-cancelled.json
edc380e78d3b8f95b51f12c2bbfcb702760327da3f20bd6c9f456b5c7e0934de  ??  artifacts/rust-tauri/R03/repair-current/G07-E01/negative-tests/n2-zero-match-filter/evidence/A15/cases/cancel-terminal-run-already-terminal.json
e320e539d701e4f285fcff1a42629b28016fa5f103e77fccb5c1ddf921155742  ??  artifacts/rust-tauri/R03/repair-current/G07-E01/negative-tests/n2-zero-match-filter/evidence/A15/cases/cancel-unknown-run-not-found.json
a513a19cd5ca9bc857d2e01c9be7ec61e3e5677e7d1948db618b31fb7aba127a  ??  artifacts/rust-tauri/R03/repair-current/G07-E01/negative-tests/n2-zero-match-filter/evidence/A15/cases/cancel-waiting-approval-cancels-cleanly.json
602b436fbd1f0de778ca086853030197fe28a3fde1a5f694ebea64e4f8779c8a  ??  artifacts/rust-tauri/R03/repair-current/G07-E01/negative-tests/n2-zero-match-filter/evidence/A15/cases/combo-cancel-stream-terminal-cancelled.json
b24ff9cdbb08092492dd68815bdf3c4a6f38c8e2a42cd79c30abbfcacdfef745  ??  artifacts/rust-tauri/R03/repair-current/G07-E01/negative-tests/n2-zero-match-filter/evidence/A15/cases/combo-crash-recovery-honest-interrupted.json
d9e8dea9429b0f0c9fc86be7f31dcd96b4b227e1174dcdea6d1f00b177ec2987  ??  artifacts/rust-tauri/R03/repair-current/G07-E01/negative-tests/n2-zero-match-filter/evidence/A15/cases/combo-cross-session-both-complete.json
106bebd1aa293f120bb83f22b33de1e19ae817a4963587e2ee17be8731293349  ??  artifacts/rust-tauri/R03/repair-current/G07-E01/negative-tests/n2-zero-match-filter/evidence/A15/cases/combo-duplicate-conflict-rejected.json
eafb37ffcb4d76d45d58a64d80d9ef413064c1f979d64ba1cc2e609d147963fc  ??  artifacts/rust-tauri/R03/repair-current/G07-E01/negative-tests/n2-zero-match-filter/evidence/A15/cases/combo-duplicate-replay-no-second-run.json
346e6cb6ae16f125e4bbfdbf24d2bbcf63c92fa9642b2676fa06a78bfa1e8fdb  ??  artifacts/rust-tauri/R03/repair-current/G07-E01/negative-tests/n2-zero-match-filter/evidence/A15/cases/combo-events-subscriber-saw-terminal.json
97a0c8f8404d1c042f8f7efd240d5d5f5446103b21bcccf9c5c90461b6082043  ??  artifacts/rust-tauri/R03/repair-current/G07-E01/negative-tests/n2-zero-match-filter/evidence/A15/cases/combo-multi-tool-three-calls.json
aa936466e694a90f4087b7ae928f7c9b96ae1450073774fcb29d177dfa59c7b6  ??  artifacts/rust-tauri/R03/repair-current/G07-E01/negative-tests/n2-zero-match-filter/evidence/A15/cases/combo-multi-turn-one-terminal.json
f7bdd9e301d37d6a062e13225cfc84d7e96c1f88cd75d34e300ab00dd0fad0a0  ??  artifacts/rust-tauri/R03/repair-current/G07-E01/negative-tests/n2-zero-match-filter/evidence/A15/cases/combo-normal-run-completed.json
51d8bd26cb2f29bee74097b5ef9a36e3389a56a1c7127e86fa36d75a8106659e  ??  artifacts/rust-tauri/R03/repair-current/G07-E01/negative-tests/n2-zero-match-filter/evidence/A15/cases/combo-out-of-order-late-result-fenced.json
e18f1fcb5cc4af47da6184707fb88e0c0ed656f1fafffe8020a3001c9826c931  ??  artifacts/rust-tauri/R03/repair-current/G07-E01/negative-tests/n2-zero-match-filter/evidence/A15/cases/combo-timeout-budget-loud-failure.json
ccbc0f5c630f404851ca1c561fd5c73421ba9b217ceeff29973b263f05e30888  ??  artifacts/rust-tauri/R03/repair-current/G07-E01/negative-tests/n2-zero-match-filter/evidence/A15/cases/parent-cancel-stops-child-run.json
d72d7e1151ea38a4eeb9ad435aa66dc376039e41ff714f9f550e1f2c8934585a  ??  artifacts/rust-tauri/R03/repair-current/G07-E01/negative-tests/n2-zero-match-filter/evidence/A15/cases/reconnect-resume-no-model-restart.json
5d89ed42d309bfcfd13956b901f209eb432200e88c2ae1eea74d6eaffe625b2a  ??  artifacts/rust-tauri/R03/repair-current/G07-E01/negative-tests/n2-zero-match-filter/evidence/A15/cases/steer-busy-accepted.json
360ccd0c00f5114974f5f2967860d1c339a2e2baa808a2f5dca49f334fe0d386  ??  artifacts/rust-tauri/R03/repair-current/G07-E01/negative-tests/n2-zero-match-filter/evidence/A15/cases/steer-idle-miss.json
d00e58227225a313e612b18019d7f95a07382b0426ab7fbeb39bc4b05b740cc5  ??  artifacts/rust-tauri/R03/repair-current/G07-E01/negative-tests/n2-zero-match-filter/evidence/A15/cases/steer-text-drained-into-model-input.json
1d91fbec57470aebfedf338d49c5109fdd0216e02d720737ed53335eb06ae4c8  ??  artifacts/rust-tauri/R03/repair-current/G07-E01/negative-tests/n2-zero-match-filter/evidence/A15/cases/subagent-child-cancel-stops-child-only.json
25c6b5b26b72b0a4408db94f4f0e40b77faa84d32ccfeaffaf04e29fb20c07c9  ??  artifacts/rust-tauri/R03/repair-current/G07-E01/negative-tests/n2-zero-match-filter/evidence/A15/cases/subagent-close-thread-closed-status.json
c8d7de61de38e7dfa38ea3376602da5c50882e6d6238c3a1ff61b6ac7df04418  ??  artifacts/rust-tauri/R03/repair-current/G07-E01/negative-tests/n2-zero-match-filter/evidence/A15/cases/subagent-dispatch-child-lineage-recorded.json
dce5bbb9b54961ee64c8634f90f4f2600975918f6a2590b57b7b28dd425016bd  ??  artifacts/rust-tauri/R03/repair-current/G07-E01/negative-tests/n2-zero-match-filter/evidence/A15/cases/subagent-escalation-write-denied-zero-children.json
dcd19d358a8a5e560042eee304f1f5460d1c79ba1a64d611fb1007b830562010  ??  artifacts/rust-tauri/R03/repair-current/G07-E01/negative-tests/n2-zero-match-filter/evidence/A15/cases/subagent-policy-proactive-delegation-default-off.json
ffef3903ae224f661b415622ed9c76da5e265c01a9c15b867f429c1f6d10ef15  ??  artifacts/rust-tauri/R03/repair-current/G07-E01/negative-tests/n2-zero-match-filter/evidence/A15/cases/subagent-reply-continues-thread.json
d097c60f1416e1febc17bd0959b1c9252ca9be86b6a1e982d42d9240a38b107e  ??  artifacts/rust-tauri/R03/repair-current/G07-E01/negative-tests/n2-zero-match-filter/evidence/A15/combo-counts.json
4c56fd82542a56017ef5e59d3b0c9752ede52032f31f31c24c2de458153ad296  ??  artifacts/rust-tauri/R03/repair-current/G07-E01/negative-tests/n2-zero-match-filter/evidence/A15/combos/cancel-approval-wait.json
f861ce9b1dbe64f781134bae916b9c8f2503f4ad8572e98bfc18d180a4e35e33  ??  artifacts/rust-tauri/R03/repair-current/G07-E01/negative-tests/n2-zero-match-filter/evidence/A15/combos/cancel-stream-read.json
76b74d822e65d068718af971eb29865cc4891a50d128a35b0bc955cc3b6b65a2  ??  artifacts/rust-tauri/R03/repair-current/G07-E01/negative-tests/n2-zero-match-filter/evidence/A15/combos/crash-recovery.json
ef5545b54a472c39f9b09d995f9ba2e3671618a56d4de3eb7fe4fad24d81f22b  ??  artifacts/rust-tauri/R03/repair-current/G07-E01/negative-tests/n2-zero-match-filter/evidence/A15/combos/cross-session-parallel.json
7f7fd9a6f050ba6811d5b1d7313d11473f92089a4ec0fd2335779e99b59cdaa1  ??  artifacts/rust-tauri/R03/repair-current/G07-E01/negative-tests/n2-zero-match-filter/evidence/A15/combos/duplicate-submission.json
fc9b468ae0f2bd2cfff1a3ead3ba02756e59e73dc0c0a0ebb5142456d1ae38a8  ??  artifacts/rust-tauri/R03/repair-current/G07-E01/negative-tests/n2-zero-match-filter/evidence/A15/combos/leaf-parent-cancel.json
a59635405b3569b1c0c950cb282ecf3749923b36c6b1b5e4d3d21fc3f4458102  ??  artifacts/rust-tauri/R03/repair-current/G07-E01/negative-tests/n2-zero-match-filter/evidence/A15/combos/leaf-steer.json
fd60e4ca043c4073ddf838b3f0fe918436ede45ff7765efc8f1cad42821186f4  ??  artifacts/rust-tauri/R03/repair-current/G07-E01/negative-tests/n2-zero-match-filter/evidence/A15/combos/multi-tool.json
075cad25ce0207f3b49138b8d415d0db78da1005207b2f64d282b478bffa44ae  ??  artifacts/rust-tauri/R03/repair-current/G07-E01/negative-tests/n2-zero-match-filter/evidence/A15/combos/multi-turn-model.json
f94832aef81d68346dd1b25b1ad7312d6bc141a69a616a218b640aa170fbebcb  ??  artifacts/rust-tauri/R03/repair-current/G07-E01/negative-tests/n2-zero-match-filter/evidence/A15/combos/normal.json
44f5b48c4f288ee214f7053e16857997f1fb66a6be241466141301a16c6872e7  ??  artifacts/rust-tauri/R03/repair-current/G07-E01/negative-tests/n2-zero-match-filter/evidence/A15/combos/timeout-budget.json
505ecfbac3942739846be3a188cabea9d26c9641628253767c5457bdff2ab44f  ??  artifacts/rust-tauri/R03/repair-current/G07-E01/negative-tests/n2-zero-match-filter/evidence/A15/leaf-cases.json
30a566d52e3dd0a65e389a5f95a035e39aba1a4c5a936475b1fdd8c7c2a6e8ae  ??  artifacts/rust-tauri/R03/repair-current/G07-E01/negative-tests/n2-zero-match-filter/evidence/A15/summary.txt
9a652a14c5a43c20164935bd4963aa32c2a32445a13a91c504c563352517c3b7  ??  artifacts/rust-tauri/R03/repair-current/G07-E01/negative-tests/n2-zero-match-filter/evidence/A16/captured-seed.txt
9a652a14c5a43c20164935bd4963aa32c2a32445a13a91c504c563352517c3b7  ??  artifacts/rust-tauri/R03/repair-current/G07-E01/negative-tests/n2-zero-match-filter/evidence/A16/p2-captured-seed-attempt-0.txt
9a652a14c5a43c20164935bd4963aa32c2a32445a13a91c504c563352517c3b7  ??  artifacts/rust-tauri/R03/repair-current/G07-E01/negative-tests/n2-zero-match-filter/evidence/A16/p3-replay-1-seed.txt
9a652a14c5a43c20164935bd4963aa32c2a32445a13a91c504c563352517c3b7  ??  artifacts/rust-tauri/R03/repair-current/G07-E01/negative-tests/n2-zero-match-filter/evidence/A16/p3-replay-2-seed.txt
3fd4aaf96fe0793daf71f6aa3f52fa6c74856c7ddd31d414962724cf4df651d5  ??  artifacts/rust-tauri/R03/repair-current/G07-E01/negative-tests/n2-zero-match-filter/evidence/A16/seed-mechanism.json
7d823ecd2fe778be4bc9ccdeaa060189bb8c8a9e8bd9737f51cb16fbd9b11f68  ??  artifacts/rust-tauri/R03/repair-current/G07-E01/negative-tests/n2-zero-match-filter/evidence/A16/summary.txt
ee7e5fbb40a44ffc1c1800a504e14bc6f07a74f3f01d9cd6b326a859511792e2  ??  artifacts/rust-tauri/R03/repair-current/G07-E01/negative-tests/n2-zero-match-filter/evidence/G07_REPAIR/cases.jsonl
22679d6e9b28e6442d51eef0c433e07c5d8610d29bb2edd4a6877068185b2054  ??  artifacts/rust-tauri/R03/repair-current/G07-E01/negative-tests/n2-zero-match-filter/evidence/G07_REPAIR/gaps.txt
dcb75cad1abd9b6ce9e8d27d89cdc97468f1396223175e13c382626a48a52af5  ??  artifacts/rust-tauri/R03/repair-current/G07-E01/negative-tests/n2-zero-match-filter/evidence/G07_REPAIR/repair-cases.json
6b816f5a9d9e956a8b1b5cbfd98946fdc6d95eae276d74cef726753a9ad6095b  ??  artifacts/rust-tauri/R03/repair-current/G07-E01/negative-tests/n2-zero-match-filter/evidence/G07_REPAIR/summary.txt
4486e0afc97c696a6131e4f3df3bfb6a44a644ebfc269e9ca36e3d572f53340f  ??  artifacts/rust-tauri/R03/repair-current/G07-E01/negative-tests/n2-zero-match-filter/evidence/R02/A05_A06/.last-body
1319bbe558a1a9043433da92529bc8c24d2b6fbcabc962836a938e946e273399  ??  artifacts/rust-tauri/R03/repair-current/G07-E01/negative-tests/n2-zero-match-filter/evidence/R02/A05_A06/body-limit.txt
c0c19dff508a998f0c6e1fbf2643c2d78647cd6495bc53c57d2566877a3abc0b  ??  artifacts/rust-tauri/R03/repair-current/G07-E01/negative-tests/n2-zero-match-filter/evidence/R02/A05_A06/cli-sessions-limit-case.json
82214686c596a7c48ffd3df56da28e3512b96bc6a562e827a07ba831748ea082  ??  artifacts/rust-tauri/R03/repair-current/G07-E01/negative-tests/n2-zero-match-filter/evidence/R02/A05_A06/creds-after-authz.json
7f53cb96301b7a7b66d44c40b6f74a7dd70e6047484848b21406586b9a80ea79  ??  artifacts/rust-tauri/R03/repair-current/G07-E01/negative-tests/n2-zero-match-filter/evidence/R02/A05_A06/creds-before-authz.json
1c93d8809793a4cee93a7b7bde7739709056963f0f7578fce2a7e6522e4368f9  ??  artifacts/rust-tauri/R03/repair-current/G07-E01/negative-tests/n2-zero-match-filter/evidence/R02/A05_A06/devices-after-authz.json
f87109c238465676d22efdbbe7402b0e2c213a045efcd55dcec2bbd001b8d7f5  ??  artifacts/rust-tauri/R03/repair-current/G07-E01/negative-tests/n2-zero-match-filter/evidence/R02/A05_A06/devices-before-authz.json
5afd8f1508a5a90a3119671806d87cd6007a28711f72659493204ce70305e672  ??  artifacts/rust-tauri/R03/repair-current/G07-E01/negative-tests/n2-zero-match-filter/evidence/R02/A05_A06/leaf-cases.json
3c9302f2b3d8154910b5358503f737a8f984d1b4d718fda1fecaae2dd5a167be  ??  artifacts/rust-tauri/R03/repair-current/G07-E01/negative-tests/n2-zero-match-filter/evidence/R02/A05_A06/leaf-cases.ndjson
1f75f762fcd939587378c4f95c7820df3d7e0881757a9ce359af8b09795891ee  ??  artifacts/rust-tauri/R03/repair-current/G07-E01/negative-tests/n2-zero-match-filter/evidence/R02/A05_A06/me-denied-after.sha256
1f75f762fcd939587378c4f95c7820df3d7e0881757a9ce359af8b09795891ee  ??  artifacts/rust-tauri/R03/repair-current/G07-E01/negative-tests/n2-zero-match-filter/evidence/R02/A05_A06/me-denied-before.sha256
9901fa4939e8c0683cc392787126273c429530490fdebe18e68d1ad0c6fc2459  ??  artifacts/rust-tauri/R03/repair-current/G07-E01/negative-tests/n2-zero-match-filter/evidence/R02/A05_A06/sessions-list-matrix.json
c52454a274ddca74342ac76576617ebfda6eee0054e5790a82ecb6a04394e7f0  ??  artifacts/rust-tauri/R03/repair-current/G07-E01/negative-tests/n2-zero-match-filter/evidence/R02/A05_A06/state-after-authn.txt
61f9e3d583cab24ecf1ae63b820aadcfeb5756b86fb21a3e679b77f20f5dd25d  ??  artifacts/rust-tauri/R03/repair-current/G07-E01/negative-tests/n2-zero-match-filter/evidence/R02/A05_A06/state-after.txt
c52454a274ddca74342ac76576617ebfda6eee0054e5790a82ecb6a04394e7f0  ??  artifacts/rust-tauri/R03/repair-current/G07-E01/negative-tests/n2-zero-match-filter/evidence/R02/A05_A06/state-before-authz.txt
c52454a274ddca74342ac76576617ebfda6eee0054e5790a82ecb6a04394e7f0  ??  artifacts/rust-tauri/R03/repair-current/G07-E01/negative-tests/n2-zero-match-filter/evidence/R02/A05_A06/state-before.txt
294f351a8df9ff02352854b6fd21b7a53efc5d2fba6be117ef62d9d587942a2e  ??  artifacts/rust-tauri/R03/repair-current/G07-E01/negative-tests/n2-zero-match-filter/evidence/R02/A05_A06/summary.txt
abb8a7192c142eaa013e7f9e94ecdb21971133ad81b3feb3dfc78f8dd07e824a  ??  artifacts/rust-tauri/R03/repair-current/G07-E01/negative-tests/n2-zero-match-filter/evidence/R02/A05_A06/ws-matrix.json
925c40153e08d24d0d8178ab331fdb0a5f93aa81b9b0f5c4716997e500c843c4  ??  artifacts/rust-tauri/R03/repair-current/G07-E01/negative-tests/n2-zero-match-filter/evidence/R02/A07_A08/last-db-hashes.txt
e613a984930f45c73fa5aa79af6955b0ac56faa30868e1da85d84a96a180eee3  ??  artifacts/rust-tauri/R03/repair-current/G07-E01/negative-tests/n2-zero-match-filter/evidence/R02/A07_A08/s1-counts-after-stop.json
6e11d3157e36f2f24de72943cc5df97aec8475c1e95a29c6fed9cc451e41da10  ??  artifacts/rust-tauri/R03/repair-current/G07-E01/negative-tests/n2-zero-match-filter/evidence/R02/A07_A08/s2-counts-after-crash.json
f56ae08b16bd26336fc0ada1d4f7f9cccc1c89fae9873aa426e4d43e45188ddc  ??  artifacts/rust-tauri/R03/repair-current/G07-E01/negative-tests/n2-zero-match-filter/evidence/R02/A07_A08/s2-runs-dump.jsonl
8e0bb948bdfe9ac0e4f1f09945c275879b2a3d9dee69ab42f36569cef7d0de49  ??  artifacts/rust-tauri/R03/repair-current/G07-E01/negative-tests/n2-zero-match-filter/evidence/R02/A07_A08/s3-fault.err
e3b0c44298fc1c149afbf4c8996fb92427ae41e4649b934ca495991b7852b855  ??  artifacts/rust-tauri/R03/repair-current/G07-E01/negative-tests/n2-zero-match-filter/evidence/R02/A07_A08/s3-fault.out
eaf483402d8e4fb4498b2de51ba80015cdbce2a41b2caa08ccae3aa3f8266bbf  ??  artifacts/rust-tauri/R03/repair-current/G07-E01/negative-tests/n2-zero-match-filter/evidence/R02/A07_A08/s4-hashes-after.txt
eaf483402d8e4fb4498b2de51ba80015cdbce2a41b2caa08ccae3aa3f8266bbf  ??  artifacts/rust-tauri/R03/repair-current/G07-E01/negative-tests/n2-zero-match-filter/evidence/R02/A07_A08/s4-hashes-before.txt
0624903050b3bb653f27831b56514148e23cd6b3fd218e51cbbfa8854b38aa55  ??  artifacts/rust-tauri/R03/repair-current/G07-E01/negative-tests/n2-zero-match-filter/evidence/R02/A07_A08/s4-migrations-round1.json
0624903050b3bb653f27831b56514148e23cd6b3fd218e51cbbfa8854b38aa55  ??  artifacts/rust-tauri/R03/repair-current/G07-E01/negative-tests/n2-zero-match-filter/evidence/R02/A07_A08/s4-migrations-round2.json
0624903050b3bb653f27831b56514148e23cd6b3fd218e51cbbfa8854b38aa55  ??  artifacts/rust-tauri/R03/repair-current/G07-E01/negative-tests/n2-zero-match-filter/evidence/R02/A07_A08/s4-migrations-round3.json
63962aa81c5345703733dff95e36afc6e8baea9a005f315119dec2d5fc2d37c1  ??  artifacts/rust-tauri/R03/repair-current/G07-E01/negative-tests/n2-zero-match-filter/evidence/R02/A07_A08/service-s1.err
6c36219dfc2384fed2fd4a331e96289857df9545e36888f09b5eb0b683f65a7a  ??  artifacts/rust-tauri/R03/repair-current/G07-E01/negative-tests/n2-zero-match-filter/evidence/R02/A07_A08/service-s1.out
1438834cc4a77f347f953a17d40b891de86f288286954c0785116c422ba94961  ??  artifacts/rust-tauri/R03/repair-current/G07-E01/negative-tests/n2-zero-match-filter/evidence/R02/A07_A08/service-s1b.err
ae9b827eff702ff39b3839bcab17d99b88f143859d6d51c294ef86109880f8f0  ??  artifacts/rust-tauri/R03/repair-current/G07-E01/negative-tests/n2-zero-match-filter/evidence/R02/A07_A08/service-s1b.out
0a5738939d0f2215730c2c813e3af1e16da6c015896970b06456c1ad2f7f81f9  ??  artifacts/rust-tauri/R03/repair-current/G07-E01/negative-tests/n2-zero-match-filter/evidence/R02/A07_A08/service-s2.err
6f0c7e96c51396e40997b5c8632e7ab640e27084a588ee09df80815558454e2c  ??  artifacts/rust-tauri/R03/repair-current/G07-E01/negative-tests/n2-zero-match-filter/evidence/R02/A07_A08/service-s2.out
1f4e4be2de74a42e2da0fd2ed47f4e2375acb5bd82c021ac544a3b0c3b8c4130  ??  artifacts/rust-tauri/R03/repair-current/G07-E01/negative-tests/n2-zero-match-filter/evidence/R02/A07_A08/service-s2b.err
99fc651de3bbd0855aa9bbbdf52d74c40704065aa38168c1dac4a4004e6bedf8  ??  artifacts/rust-tauri/R03/repair-current/G07-E01/negative-tests/n2-zero-match-filter/evidence/R02/A07_A08/service-s2b.out
c34352a02735a620ede8620e3f9e9108e36c9d50fc4248aec2fad69e4e446238  ??  artifacts/rust-tauri/R03/repair-current/G07-E01/negative-tests/n2-zero-match-filter/evidence/R02/A07_A08/service-s4-1.err
91fca8d56ae8639aa9b2849859ae6783cb8280e43763c8dee55bd53e29ba4fe0  ??  artifacts/rust-tauri/R03/repair-current/G07-E01/negative-tests/n2-zero-match-filter/evidence/R02/A07_A08/service-s4-1.out
44492bf05d6f834c5fbde054639c01461cee829b61afb34c56d66f4300b218cf  ??  artifacts/rust-tauri/R03/repair-current/G07-E01/negative-tests/n2-zero-match-filter/evidence/R02/A07_A08/service-s4-2.err
01e96898ac7d11caa8a76dfde9aaba6daa0bcb0adf87a94e4c2469ae236127cd  ??  artifacts/rust-tauri/R03/repair-current/G07-E01/negative-tests/n2-zero-match-filter/evidence/R02/A07_A08/service-s4-2.out
24b7b415ecaa7bbb529b51b2916815a4bd01b2d16fef4e597c508afadd00a479  ??  artifacts/rust-tauri/R03/repair-current/G07-E01/negative-tests/n2-zero-match-filter/evidence/R02/A07_A08/service-s4-3.err
2a10862b80f9e91435242c4b603dbfb65c4355e59f960b9934142ebdd2a7c96e  ??  artifacts/rust-tauri/R03/repair-current/G07-E01/negative-tests/n2-zero-match-filter/evidence/R02/A07_A08/service-s4-3.out
36aaf23441d8378a63baa4502408663b49b8fc0a24ec37b03cfc111fd7bea33f  ??  artifacts/rust-tauri/R03/repair-current/G07-E01/negative-tests/n2-zero-match-filter/evidence/R02/A07_A08/service.addr
f41a8dc83f0596f81a5840268830a8a497d4f0f1b6779430f8f4febe2527b6a3  ??  artifacts/rust-tauri/R03/repair-current/G07-E01/negative-tests/n2-zero-match-filter/evidence/R02/A07_A08/service.pid
a0c82fb5352d2afb90d4aeb5f120a245a55eef42d51ce83d21fdb609a43390b4  ??  artifacts/rust-tauri/R03/repair-current/G07-E01/negative-tests/n2-zero-match-filter/evidence/R02/A07_A08/summary.txt
f33c25dfb75f20ba649f1c0ecafd99b37a0a46d549019a89dbcbd9029bb2d787  ??  artifacts/rust-tauri/R03/repair-current/G07-E01/negative-tests/n2-zero-match-filter/evidence/R02/A09_A10/a09-merged-view.json
3943e9d76a534d744f270728d158e6e1618eb98d814160730aaa7623d7b924c9  ??  artifacts/rust-tauri/R03/repair-current/G07-E01/negative-tests/n2-zero-match-filter/evidence/R02/A09_A10/a10-rebuild-diff.json
7cffc80d47d4cff0e3dc11a749139ec8bad49fc825ac21ae0af2f969c6493c46  ??  artifacts/rust-tauri/R03/repair-current/G07-E01/negative-tests/n2-zero-match-filter/evidence/R02/A09_A10/key-events-dump.json
28e267b6269bee75308600122954c7a8b2580d066063c3aad7ecc05cc6b00e7d  ??  artifacts/rust-tauri/R03/repair-current/G07-E01/negative-tests/n2-zero-match-filter/evidence/R02/A09_A10/matrix.json
790c3da72bd8579feb2566dacc3bfe304c39bd1e217eaa5d7db2abac1163ba58  ??  artifacts/rust-tauri/R03/repair-current/G07-E01/negative-tests/n2-zero-match-filter/evidence/R02/A09_A10/probe-matrix.jsonl
c210c7db94d6e134300fafdbdb0205efc94d9cf326b68f2714286a1299977b07  ??  artifacts/rust-tauri/R03/repair-current/G07-E01/negative-tests/n2-zero-match-filter/evidence/R02/A09_A10/service.err
7b1595c0cab8af35fb61263389090e43c0fa27d0c28d4928c198e491b206a787  ??  artifacts/rust-tauri/R03/repair-current/G07-E01/negative-tests/n2-zero-match-filter/evidence/R02/A09_A10/service.out
c9ba9e2cf361cef9a2908d9351c5403d883cadc813e4ca0fd75422ccbd07c688  ??  artifacts/rust-tauri/R03/repair-current/G07-E01/negative-tests/n2-zero-match-filter/evidence/R02/A09_A10/summary.txt
dd63f79ce1a39fdef735dbb9eb292c3f8a45db77c2513d3cc7379e5dbe13749e  ??  artifacts/rust-tauri/R03/repair-current/G07-E01/negative-tests/n2-zero-match-filter/evidence/R02/A11/backup-restore/s1-backup-dir-listing.txt
fda9b7488c415d161d59f310e0b7d9e0ac3cb651ed91ab55dd4558735d68d882  ??  artifacts/rust-tauri/R03/repair-current/G07-E01/negative-tests/n2-zero-match-filter/evidence/R02/A11/backup-restore/s1-backup-outcome.json
e3b0c44298fc1c149afbf4c8996fb92427ae41e4649b934ca495991b7852b855  ??  artifacts/rust-tauri/R03/repair-current/G07-E01/negative-tests/n2-zero-match-filter/evidence/R02/A11/backup-restore/s1-backup.err
de4eed42ffce77f9e1c35953e2f4ebd6c8157d6f80b483367de35cee963b82a2  ??  artifacts/rust-tauri/R03/repair-current/G07-E01/negative-tests/n2-zero-match-filter/evidence/R02/A11/backup-restore/s1-restore-outcome.json
e3b0c44298fc1c149afbf4c8996fb92427ae41e4649b934ca495991b7852b855  ??  artifacts/rust-tauri/R03/repair-current/G07-E01/negative-tests/n2-zero-match-filter/evidence/R02/A11/backup-restore/s1-restore.err
3a7748377fae2d96dfc15bf759b30175529eff8c75690f643c882b8f0711c4c0  ??  artifacts/rust-tauri/R03/repair-current/G07-E01/negative-tests/n2-zero-match-filter/evidence/R02/A11/backup-restore/s1-restored-dump.jsonl
33d4972b98e17fe64a1c8cbe5043ebbc783ee92027da7d711e97b56e1e6e205a  ??  artifacts/rust-tauri/R03/repair-current/G07-E01/negative-tests/n2-zero-match-filter/evidence/R02/A11/backup-restore/s1-restored-hash.txt
3a7748377fae2d96dfc15bf759b30175529eff8c75690f643c882b8f0711c4c0  ??  artifacts/rust-tauri/R03/repair-current/G07-E01/negative-tests/n2-zero-match-filter/evidence/R02/A11/backup-restore/s1-source-dump.jsonl
36927db0b4221441e029f997f0640709bcf12abe99e9dcffd3be878b8252e204  ??  artifacts/rust-tauri/R03/repair-current/G07-E01/negative-tests/n2-zero-match-filter/evidence/R02/A11/backup-restore/s1-source-hash.txt
951e1f2cedf4a978898a4f9e620777561b8381ece9faf4223f8594a201f47f74  ??  artifacts/rust-tauri/R03/repair-current/G07-E01/negative-tests/n2-zero-match-filter/evidence/R02/A11/backup-restore/s1-wal-size.txt
e3b0c44298fc1c149afbf4c8996fb92427ae41e4649b934ca495991b7852b855  ??  artifacts/rust-tauri/R03/repair-current/G07-E01/negative-tests/n2-zero-match-filter/evidence/R02/A11/backup-restore/s3-backup-out.json
a6f9dc675e7febfb3bcb855f293ddb86d0324d8b603a4b526c2351dc99dd2cef  ??  artifacts/rust-tauri/R03/repair-current/G07-E01/negative-tests/n2-zero-match-filter/evidence/R02/A11/backup-restore/s3-backup.err
9b33c4d50a9f7a0434980244454a85ce4288c7323241cf9ff22c50e6b8f8dd85  ??  artifacts/rust-tauri/R03/repair-current/G07-E01/negative-tests/n2-zero-match-filter/evidence/R02/A11/backup-restore/s4-ws-probe.json
a4c3ed04a95a3da14a9d235c83d868bed7c0f45cf7f3faa751ee8f50598d2211  ??  artifacts/rust-tauri/R03/repair-current/G07-E01/negative-tests/n2-zero-match-filter/evidence/R02/A11/backup-restore/s4-ws-probe.json.probe-done
b0ba136eed1a7c74351d5c93ef71be73b0855e181d530390fc6940537e080cd6  ??  artifacts/rust-tauri/R03/repair-current/G07-E01/negative-tests/n2-zero-match-filter/evidence/R02/A11/backup-restore/service-s1.addr
45b2d39bc8c780ff393b6ce73a3c581bf60dbbc7903fff4a302cd749920a06f8  ??  artifacts/rust-tauri/R03/repair-current/G07-E01/negative-tests/n2-zero-match-filter/evidence/R02/A11/backup-restore/service-s1.err
5c820398d3569457599cb00e56df272656b4a316d5a327eae7076371fd427b52  ??  artifacts/rust-tauri/R03/repair-current/G07-E01/negative-tests/n2-zero-match-filter/evidence/R02/A11/backup-restore/service-s1.out
9f19bf4a8164c9accf66086e06b06ec0d3f61d824fa484d090ce89e00db4d62b  ??  artifacts/rust-tauri/R03/repair-current/G07-E01/negative-tests/n2-zero-match-filter/evidence/R02/A11/backup-restore/service-s2.addr
5c0c86f520567df43e5ea70439c43a23f77aab8feab82fe8524bfcbbcaa8f58d  ??  artifacts/rust-tauri/R03/repair-current/G07-E01/negative-tests/n2-zero-match-filter/evidence/R02/A11/backup-restore/service-s2.err
675c7ae86fdb4ae2a26304e92480ae97dfef22d1425750a24213d62178702097  ??  artifacts/rust-tauri/R03/repair-current/G07-E01/negative-tests/n2-zero-match-filter/evidence/R02/A11/backup-restore/service-s2.out
c6b0f262f1a3d2741803bd8ceb2fff465576cfcdc3f866d6300d230cb1f21bfe  ??  artifacts/rust-tauri/R03/repair-current/G07-E01/negative-tests/n2-zero-match-filter/evidence/R02/A11/backup-restore/service-s4.addr
dfd8986632a9be327160db19c123b468cf584f542799a1801f4d2283c70b78ce  ??  artifacts/rust-tauri/R03/repair-current/G07-E01/negative-tests/n2-zero-match-filter/evidence/R02/A11/backup-restore/service-s4.err
ed61f5849d29ca14ce603d436972a599ce2fe3d3eba1b4635c5e11a360b6cd47  ??  artifacts/rust-tauri/R03/repair-current/G07-E01/negative-tests/n2-zero-match-filter/evidence/R02/A11/backup-restore/service-s4.out
653c96f572985a07f7da128799e2ea8b7c6aed22af6a7c74b5001ca2b1f98e97  ??  artifacts/rust-tauri/R03/repair-current/G07-E01/negative-tests/n2-zero-match-filter/evidence/R02/A11/backup-restore/service.pid
927ea85174cfe4487fd57401d0cdf879ce2c8aeff8b93b51bb8599fd2d310873  ??  artifacts/rust-tauri/R03/repair-current/G07-E01/negative-tests/n2-zero-match-filter/evidence/R02/A11/backup-restore/summary.txt
36ce1e32c40f3de798d4abcd33f4cfae7a3761fdb7ef023accea7857d54fc946  ??  artifacts/rust-tauri/R03/repair-current/G07-E01/negative-tests/n2-zero-match-filter/evidence/R02/A12/recovery-drill/coexist-after.txt
36ce1e32c40f3de798d4abcd33f4cfae7a3761fdb7ef023accea7857d54fc946  ??  artifacts/rust-tauri/R03/repair-current/G07-E01/negative-tests/n2-zero-match-filter/evidence/R02/A12/recovery-drill/coexist-before.txt
0a6844adf89ce1a2a0a843e2fdda0588340abbfdeb71a988ed4bb78db7af8b36  ??  artifacts/rust-tauri/R03/repair-current/G07-E01/negative-tests/n2-zero-match-filter/evidence/R02/A12/recovery-drill/own-created-homes.txt
96c72ee55c964851cdd78ea0087b0447fb970f8acda1bc92221741af229bc8e4  ??  artifacts/rust-tauri/R03/repair-current/G07-E01/negative-tests/n2-zero-match-filter/evidence/R02/A12/recovery-drill/summary.txt
7b2f675d535131e9ee3b95eb996b520af42000b1efea572dc62eff72fd758a84  ??  artifacts/rust-tauri/R03/repair-current/G07-E01/negative-tests/n2-zero-match-filter/evidence/R02/A12/recovery-drill/v1-hashes-after.txt
7b2f675d535131e9ee3b95eb996b520af42000b1efea572dc62eff72fd758a84  ??  artifacts/rust-tauri/R03/repair-current/G07-E01/negative-tests/n2-zero-match-filter/evidence/R02/A12/recovery-drill/v1-hashes-before.txt
64a98fbeb55a4c5088262e327a356ddf88908fb1ec2f80934e2b2f553ce354da  ??  artifacts/rust-tauri/R03/repair-current/G07-E01/negative-tests/n2-zero-match-filter/evidence/R02/A12/recovery-drill/v1.err
e3b0c44298fc1c149afbf4c8996fb92427ae41e4649b934ca495991b7852b855  ??  artifacts/rust-tauri/R03/repair-current/G07-E01/negative-tests/n2-zero-match-filter/evidence/R02/A12/recovery-drill/v1.out
fcb269f1fc43e20619871bab0f6e464d30773313e55b17f725fc62249ab521be  ??  artifacts/rust-tauri/R03/repair-current/G07-E01/negative-tests/n2-zero-match-filter/evidence/R02/A12/recovery-drill/v2-hashes-after.txt
fcb269f1fc43e20619871bab0f6e464d30773313e55b17f725fc62249ab521be  ??  artifacts/rust-tauri/R03/repair-current/G07-E01/negative-tests/n2-zero-match-filter/evidence/R02/A12/recovery-drill/v2-hashes-before.txt
011ecfd11b79cd61269cd536e80fa70f8de64086c21961982036c4d021044b8a  ??  artifacts/rust-tauri/R03/repair-current/G07-E01/negative-tests/n2-zero-match-filter/evidence/R02/A12/recovery-drill/v2.err
e3b0c44298fc1c149afbf4c8996fb92427ae41e4649b934ca495991b7852b855  ??  artifacts/rust-tauri/R03/repair-current/G07-E01/negative-tests/n2-zero-match-filter/evidence/R02/A12/recovery-drill/v2.out
a33ffd69acb495d9a221778bb2317e4cef00e4d752d794b9c1267890666ec43d  ??  artifacts/rust-tauri/R03/repair-current/G07-E01/negative-tests/n2-zero-match-filter/evidence/R02/A12/recovery-drill/v3-hashes-after.txt
a33ffd69acb495d9a221778bb2317e4cef00e4d752d794b9c1267890666ec43d  ??  artifacts/rust-tauri/R03/repair-current/G07-E01/negative-tests/n2-zero-match-filter/evidence/R02/A12/recovery-drill/v3-hashes-before.txt
13f8d0880198ca94fc8ca4ea8576d3306b151c748850581e67d3ac9b09bf5a20  ??  artifacts/rust-tauri/R03/repair-current/G07-E01/negative-tests/n2-zero-match-filter/evidence/R02/A12/recovery-drill/v3.err
e3b0c44298fc1c149afbf4c8996fb92427ae41e4649b934ca495991b7852b855  ??  artifacts/rust-tauri/R03/repair-current/G07-E01/negative-tests/n2-zero-match-filter/evidence/R02/A12/recovery-drill/v3.out
abd07500ef571b3e0fc2322762a91e3e1981e77443458f2444bc9b1722d85a96  ??  artifacts/rust-tauri/R03/repair-current/G07-E01/negative-tests/n2-zero-match-filter/evidence/R02/A12/recovery-drill/v4.err
20c7b7dcefe638f6c16a70ca4224d1ad3751973993a0ee9f58c894b3e7026e73  ??  artifacts/rust-tauri/R03/repair-current/G07-E01/negative-tests/n2-zero-match-filter/evidence/R02/A12/recovery-drill/v4.out
6d32d963aa0795183283c118e88324d51945b6a9b76b2633a92eab243e9940de  ??  artifacts/rust-tauri/R03/repair-current/G07-E01/negative-tests/n2-zero-match-filter/evidence/R02/A12/recovery-drill/v5-hashes-after.txt
6d32d963aa0795183283c118e88324d51945b6a9b76b2633a92eab243e9940de  ??  artifacts/rust-tauri/R03/repair-current/G07-E01/negative-tests/n2-zero-match-filter/evidence/R02/A12/recovery-drill/v5-hashes-before.txt
fdd9d7e35b31c7e5363e6ff39d2a62d12b1160375fe76cb6bbe0b91fcb76cd11  ??  artifacts/rust-tauri/R03/repair-current/G07-E01/negative-tests/n2-zero-match-filter/evidence/R02/A12/recovery-drill/v5.err
e3b0c44298fc1c149afbf4c8996fb92427ae41e4649b934ca495991b7852b855  ??  artifacts/rust-tauri/R03/repair-current/G07-E01/negative-tests/n2-zero-match-filter/evidence/R02/A12/recovery-drill/v5.out
60fad4cb5920dcab1447ac4c76b64b7d9df1eafddb0788d6aae351a6a37e3c71  ??  artifacts/rust-tauri/R03/repair-current/G07-E01/negative-tests/n2-zero-match-filter/evidence/R02/A12/recovery-drill/v6-recovered-dump.jsonl
27badc983df1780b60c2b3fa9d3a19a00e46aac798451f0febdca52920faaddf  ??  artifacts/rust-tauri/R03/repair-current/G07-E01/negative-tests/n2-zero-match-filter/evidence/R02/A12/recovery-drill/v6-seed-execute.txt
fc43193d940d04f1bd1cfb5f88855e7b7aa9781271d50bbe933174457bc99511  ??  artifacts/rust-tauri/R03/repair-current/G07-E01/negative-tests/n2-zero-match-filter/evidence/R02/A12/recovery-drill/v6-seed.err
7bf548e4ca59a385ac98d2ae71d5e05957cb2b690d732c878a105966423584d5  ??  artifacts/rust-tauri/R03/repair-current/G07-E01/negative-tests/n2-zero-match-filter/evidence/R02/A12/recovery-drill/v6-seed.out
c03cde8e2fb95021d65639b2602ff45777eb1245845a786a2ffdadaa029561d8  ??  artifacts/rust-tauri/R03/repair-current/G07-E01/negative-tests/n2-zero-match-filter/evidence/R02/A12/recovery-drill/v6.err
d3351e942a757949febc77673d22c76ce7943ef0ad5f7a1452e80ae40dd4c305  ??  artifacts/rust-tauri/R03/repair-current/G07-E01/negative-tests/n2-zero-match-filter/evidence/R02/A12/recovery-drill/v6.out
5886e2c6bdde5ee865e8a31ef88458b8ec6f15248f253da1087d782cfa51d59a  ??  artifacts/rust-tauri/R03/repair-current/G07-E01/negative-tests/n2-zero-match-filter/evidence/R02/A12/recovery-drill/v7-hashes-after.txt
5886e2c6bdde5ee865e8a31ef88458b8ec6f15248f253da1087d782cfa51d59a  ??  artifacts/rust-tauri/R03/repair-current/G07-E01/negative-tests/n2-zero-match-filter/evidence/R02/A12/recovery-drill/v7-hashes-before.txt
b19870be81c1f96efba155dc44ba26ca7a55e576bab3044aad70f8517d24c21a  ??  artifacts/rust-tauri/R03/repair-current/G07-E01/negative-tests/n2-zero-match-filter/evidence/R02/A12/recovery-drill/v7-seed.err
3cdf9baa51dbc57c05a6e5408499c577da7185e8359142f16e5b7c5d0ab1d3b2  ??  artifacts/rust-tauri/R03/repair-current/G07-E01/negative-tests/n2-zero-match-filter/evidence/R02/A12/recovery-drill/v7-seed.out
edc4fa5d6690c8af91f520826e9e21894ea32c13362fd2e0dec8341365bd81f0  ??  artifacts/rust-tauri/R03/repair-current/G07-E01/negative-tests/n2-zero-match-filter/evidence/R02/A12/recovery-drill/v7.err
e3b0c44298fc1c149afbf4c8996fb92427ae41e4649b934ca495991b7852b855  ??  artifacts/rust-tauri/R03/repair-current/G07-E01/negative-tests/n2-zero-match-filter/evidence/R02/A12/recovery-drill/v7.out
6720c29863171b16a9f7a3d51bff7413f1f1ac8e03dfa55024d4c56713a20fc2  ??  artifacts/rust-tauri/R03/repair-current/G07-E01/negative-tests/n2-zero-match-filter/evidence/R02/A12/recovery-drill/v8-observed.err
e69259f382937a182319ae61abaef97123626397691480d526823605f8aa9c57  ??  artifacts/rust-tauri/R03/repair-current/G07-E01/negative-tests/n2-zero-match-filter/evidence/R02/A12/recovery-drill/v8-seed.err
1b3aa32b08116b732aa7b94eb34b0ab634b33d26138a9079fc8ebd0cfcc4b6b4  ??  artifacts/rust-tauri/R03/repair-current/G07-E01/negative-tests/n2-zero-match-filter/evidence/R02/A12/recovery-drill/v8-seed.out
6720c29863171b16a9f7a3d51bff7413f1f1ac8e03dfa55024d4c56713a20fc2  ??  artifacts/rust-tauri/R03/repair-current/G07-E01/negative-tests/n2-zero-match-filter/evidence/R02/A12/recovery-drill/v8.err
40e82f121af6e27ee5feea562353201c9f3f1fb2d707852f4f8cee88f2076749  ??  artifacts/rust-tauri/R03/repair-current/G07-E01/negative-tests/n2-zero-match-filter/evidence/R02/A12/recovery-drill/v8.out
22ac0e8d75e379e8762e4a3c1145d97b6958a8bbe4446da10857d14f9ee6f471  ??  artifacts/rust-tauri/R03/repair-current/G07-E01/negative-tests/n2-zero-match-filter/evidence/R02/A15/full-chain/pre-restart-head.json
e3b0c44298fc1c149afbf4c8996fb92427ae41e4649b934ca495991b7852b855  ??  artifacts/rust-tauri/R03/repair-current/G07-E01/negative-tests/n2-zero-match-filter/evidence/R02/A15/full-chain/probe1.err
d3f9d2650197c94afce11b2b8b67c73c69ad444b06fd19dd19f5e63cfbe63cda  ??  artifacts/rust-tauri/R03/repair-current/G07-E01/negative-tests/n2-zero-match-filter/evidence/R02/A15/full-chain/probe1.pass-lines
e3b0c44298fc1c149afbf4c8996fb92427ae41e4649b934ca495991b7852b855  ??  artifacts/rust-tauri/R03/repair-current/G07-E01/negative-tests/n2-zero-match-filter/evidence/R02/A15/full-chain/probe2.err
28a411dc95be7e6596d2954fdbecf8eb034d9f8dc1248ab1d111c07c1c218b89  ??  artifacts/rust-tauri/R03/repair-current/G07-E01/negative-tests/n2-zero-match-filter/evidence/R02/A15/full-chain/probe2.pass-lines
f074c25dcd2a6b017f93093f17dd7f126eb9674c1ec5e4afe97599bce1bcd196  ??  artifacts/rust-tauri/R03/repair-current/G07-E01/negative-tests/n2-zero-match-filter/evidence/R02/A15/full-chain/service1.err
c4200748249987af7ec4359ddc1ae43836424d3acd21b82a264525714738cc1b  ??  artifacts/rust-tauri/R03/repair-current/G07-E01/negative-tests/n2-zero-match-filter/evidence/R02/A15/full-chain/service1.out
183006c499257affc87f574b0e2edc168cdba861ca92c2c537b4a0b83b3a6956  ??  artifacts/rust-tauri/R03/repair-current/G07-E01/negative-tests/n2-zero-match-filter/evidence/R02/A15/full-chain/service2.err
c4b62a1d91c7c1d0ce4fe7c751e2a0c445b6ba7da56a37724a3e48101c4b7053  ??  artifacts/rust-tauri/R03/repair-current/G07-E01/negative-tests/n2-zero-match-filter/evidence/R02/A15/full-chain/service2.out
37283305501cffc623a5823a6f20c0da315206aea9bed68d8ad115f5b56bd8e7  ??  artifacts/rust-tauri/R03/repair-current/G07-E01/negative-tests/n2-zero-match-filter/evidence/R02/A15/full-chain/summary.txt
8b9416a19d83ff8d730a8b522bd75956936dbf0ecb88569bc4011650859d63eb  ??  artifacts/rust-tauri/R03/repair-current/G07-E01/negative-tests/n2-zero-match-filter/evidence/R02/A16/legacy-entry/e0-candidate-binding.tsv
85fb626202e6df21410b80faf376506e92f2b33c9ac5b657bc10c98dab29f49b  ??  artifacts/rust-tauri/R03/repair-current/G07-E01/negative-tests/n2-zero-match-filter/evidence/R02/A16/legacy-entry/e0-candidate-dirty.diff
fcb7c5a39e96aea24061ed947741714378ee0fd08c64e29f067cb5c00d7ea52a  ??  artifacts/rust-tauri/R03/repair-current/G07-E01/negative-tests/n2-zero-match-filter/evidence/R02/A16/legacy-entry/e0-candidate-dirty.txt
b6245f55b8649a9619207faecf27e24909cfcb57f1f0ae34eaf79a077d0f9c45  ??  artifacts/rust-tauri/R03/repair-current/G07-E01/negative-tests/n2-zero-match-filter/evidence/R02/A16/legacy-entry/summary.txt
2488ab58a9ccf5637c84e2d1fe807c014df7415b19bd984a532bce147ff0254a  ??  artifacts/rust-tauri/R03/repair-current/G07-E01/negative-tests/n2-zero-match-filter/evidence/candidate-source-after.json
2488ab58a9ccf5637c84e2d1fe807c014df7415b19bd984a532bce147ff0254a  ??  artifacts/rust-tauri/R03/repair-current/G07-E01/negative-tests/n2-zero-match-filter/evidence/candidate-source-before.json
80f5d3f255163a33abb4dd6ff549d69945956df30d3e87f440e5b25b1ddace74  ??  artifacts/rust-tauri/R03/repair-current/G07-E01/negative-tests/n2-zero-match-filter/evidence/verify-stage-result.json
4355a46b19d348dc2f57c046f8ef63d4538ebb936000f3c9ee954a27460dd865  ??  artifacts/rust-tauri/R03/repair-current/G07-E01/negative-tests/n2-zero-match-filter/exit-code.txt
f5b0981175fe9bd307c7bb4e8dcb8490cfa58585d62d9c3e2f7eb03e4e875e54  ??  artifacts/rust-tauri/R03/repair-current/G07-E01/negative-tests/n3-missing-evidence-file/evidence/A15/cases/background-run-completes-decoupled.json
fda5f46e011354371ff149d97818d48d3b78dca205e17e8a7b39dba1cb4013e6  ??  artifacts/rust-tauri/R03/repair-current/G07-E01/negative-tests/n3-missing-evidence-file/evidence/A15/cases/background-survives-unrelated-cancel.json
92eebd1162583e5ed42a8e61a80b5c84e94753ed6562c35c930ebb65f6e23f01  ??  artifacts/rust-tauri/R03/repair-current/G07-E01/negative-tests/n3-missing-evidence-file/evidence/A15/cases/cancel-live-run-accepted-terminal-cancelled.json
edc380e78d3b8f95b51f12c2bbfcb702760327da3f20bd6c9f456b5c7e0934de  ??  artifacts/rust-tauri/R03/repair-current/G07-E01/negative-tests/n3-missing-evidence-file/evidence/A15/cases/cancel-terminal-run-already-terminal.json
e320e539d701e4f285fcff1a42629b28016fa5f103e77fccb5c1ddf921155742  ??  artifacts/rust-tauri/R03/repair-current/G07-E01/negative-tests/n3-missing-evidence-file/evidence/A15/cases/cancel-unknown-run-not-found.json
a513a19cd5ca9bc857d2e01c9be7ec61e3e5677e7d1948db618b31fb7aba127a  ??  artifacts/rust-tauri/R03/repair-current/G07-E01/negative-tests/n3-missing-evidence-file/evidence/A15/cases/cancel-waiting-approval-cancels-cleanly.json
602b436fbd1f0de778ca086853030197fe28a3fde1a5f694ebea64e4f8779c8a  ??  artifacts/rust-tauri/R03/repair-current/G07-E01/negative-tests/n3-missing-evidence-file/evidence/A15/cases/combo-cancel-stream-terminal-cancelled.json
b24ff9cdbb08092492dd68815bdf3c4a6f38c8e2a42cd79c30abbfcacdfef745  ??  artifacts/rust-tauri/R03/repair-current/G07-E01/negative-tests/n3-missing-evidence-file/evidence/A15/cases/combo-crash-recovery-honest-interrupted.json
d9e8dea9429b0f0c9fc86be7f31dcd96b4b227e1174dcdea6d1f00b177ec2987  ??  artifacts/rust-tauri/R03/repair-current/G07-E01/negative-tests/n3-missing-evidence-file/evidence/A15/cases/combo-cross-session-both-complete.json
106bebd1aa293f120bb83f22b33de1e19ae817a4963587e2ee17be8731293349  ??  artifacts/rust-tauri/R03/repair-current/G07-E01/negative-tests/n3-missing-evidence-file/evidence/A15/cases/combo-duplicate-conflict-rejected.json
eafb37ffcb4d76d45d58a64d80d9ef413064c1f979d64ba1cc2e609d147963fc  ??  artifacts/rust-tauri/R03/repair-current/G07-E01/negative-tests/n3-missing-evidence-file/evidence/A15/cases/combo-duplicate-replay-no-second-run.json
346e6cb6ae16f125e4bbfdbf24d2bbcf63c92fa9642b2676fa06a78bfa1e8fdb  ??  artifacts/rust-tauri/R03/repair-current/G07-E01/negative-tests/n3-missing-evidence-file/evidence/A15/cases/combo-events-subscriber-saw-terminal.json
97a0c8f8404d1c042f8f7efd240d5d5f5446103b21bcccf9c5c90461b6082043  ??  artifacts/rust-tauri/R03/repair-current/G07-E01/negative-tests/n3-missing-evidence-file/evidence/A15/cases/combo-multi-tool-three-calls.json
aa936466e694a90f4087b7ae928f7c9b96ae1450073774fcb29d177dfa59c7b6  ??  artifacts/rust-tauri/R03/repair-current/G07-E01/negative-tests/n3-missing-evidence-file/evidence/A15/cases/combo-multi-turn-one-terminal.json
f7bdd9e301d37d6a062e13225cfc84d7e96c1f88cd75d34e300ab00dd0fad0a0  ??  artifacts/rust-tauri/R03/repair-current/G07-E01/negative-tests/n3-missing-evidence-file/evidence/A15/cases/combo-normal-run-completed.json
51d8bd26cb2f29bee74097b5ef9a36e3389a56a1c7127e86fa36d75a8106659e  ??  artifacts/rust-tauri/R03/repair-current/G07-E01/negative-tests/n3-missing-evidence-file/evidence/A15/cases/combo-out-of-order-late-result-fenced.json
e18f1fcb5cc4af47da6184707fb88e0c0ed656f1fafffe8020a3001c9826c931  ??  artifacts/rust-tauri/R03/repair-current/G07-E01/negative-tests/n3-missing-evidence-file/evidence/A15/cases/combo-timeout-budget-loud-failure.json
ccbc0f5c630f404851ca1c561fd5c73421ba9b217ceeff29973b263f05e30888  ??  artifacts/rust-tauri/R03/repair-current/G07-E01/negative-tests/n3-missing-evidence-file/evidence/A15/cases/parent-cancel-stops-child-run.json
d72d7e1151ea38a4eeb9ad435aa66dc376039e41ff714f9f550e1f2c8934585a  ??  artifacts/rust-tauri/R03/repair-current/G07-E01/negative-tests/n3-missing-evidence-file/evidence/A15/cases/reconnect-resume-no-model-restart.json
5d89ed42d309bfcfd13956b901f209eb432200e88c2ae1eea74d6eaffe625b2a  ??  artifacts/rust-tauri/R03/repair-current/G07-E01/negative-tests/n3-missing-evidence-file/evidence/A15/cases/steer-busy-accepted.json
360ccd0c00f5114974f5f2967860d1c339a2e2baa808a2f5dca49f334fe0d386  ??  artifacts/rust-tauri/R03/repair-current/G07-E01/negative-tests/n3-missing-evidence-file/evidence/A15/cases/steer-idle-miss.json
d00e58227225a313e612b18019d7f95a07382b0426ab7fbeb39bc4b05b740cc5  ??  artifacts/rust-tauri/R03/repair-current/G07-E01/negative-tests/n3-missing-evidence-file/evidence/A15/cases/steer-text-drained-into-model-input.json
1d91fbec57470aebfedf338d49c5109fdd0216e02d720737ed53335eb06ae4c8  ??  artifacts/rust-tauri/R03/repair-current/G07-E01/negative-tests/n3-missing-evidence-file/evidence/A15/cases/subagent-child-cancel-stops-child-only.json
25c6b5b26b72b0a4408db94f4f0e40b77faa84d32ccfeaffaf04e29fb20c07c9  ??  artifacts/rust-tauri/R03/repair-current/G07-E01/negative-tests/n3-missing-evidence-file/evidence/A15/cases/subagent-close-thread-closed-status.json
c8d7de61de38e7dfa38ea3376602da5c50882e6d6238c3a1ff61b6ac7df04418  ??  artifacts/rust-tauri/R03/repair-current/G07-E01/negative-tests/n3-missing-evidence-file/evidence/A15/cases/subagent-dispatch-child-lineage-recorded.json
dce5bbb9b54961ee64c8634f90f4f2600975918f6a2590b57b7b28dd425016bd  ??  artifacts/rust-tauri/R03/repair-current/G07-E01/negative-tests/n3-missing-evidence-file/evidence/A15/cases/subagent-escalation-write-denied-zero-children.json
dcd19d358a8a5e560042eee304f1f5460d1c79ba1a64d611fb1007b830562010  ??  artifacts/rust-tauri/R03/repair-current/G07-E01/negative-tests/n3-missing-evidence-file/evidence/A15/cases/subagent-policy-proactive-delegation-default-off.json
ffef3903ae224f661b415622ed9c76da5e265c01a9c15b867f429c1f6d10ef15  ??  artifacts/rust-tauri/R03/repair-current/G07-E01/negative-tests/n3-missing-evidence-file/evidence/A15/cases/subagent-reply-continues-thread.json
d097c60f1416e1febc17bd0959b1c9252ca9be86b6a1e982d42d9240a38b107e  ??  artifacts/rust-tauri/R03/repair-current/G07-E01/negative-tests/n3-missing-evidence-file/evidence/A15/combo-counts.json
4c56fd82542a56017ef5e59d3b0c9752ede52032f31f31c24c2de458153ad296  ??  artifacts/rust-tauri/R03/repair-current/G07-E01/negative-tests/n3-missing-evidence-file/evidence/A15/combos/cancel-approval-wait.json
f861ce9b1dbe64f781134bae916b9c8f2503f4ad8572e98bfc18d180a4e35e33  ??  artifacts/rust-tauri/R03/repair-current/G07-E01/negative-tests/n3-missing-evidence-file/evidence/A15/combos/cancel-stream-read.json
76b74d822e65d068718af971eb29865cc4891a50d128a35b0bc955cc3b6b65a2  ??  artifacts/rust-tauri/R03/repair-current/G07-E01/negative-tests/n3-missing-evidence-file/evidence/A15/combos/crash-recovery.json
ef5545b54a472c39f9b09d995f9ba2e3671618a56d4de3eb7fe4fad24d81f22b  ??  artifacts/rust-tauri/R03/repair-current/G07-E01/negative-tests/n3-missing-evidence-file/evidence/A15/combos/cross-session-parallel.json
7f7fd9a6f050ba6811d5b1d7313d11473f92089a4ec0fd2335779e99b59cdaa1  ??  artifacts/rust-tauri/R03/repair-current/G07-E01/negative-tests/n3-missing-evidence-file/evidence/A15/combos/duplicate-submission.json
fc9b468ae0f2bd2cfff1a3ead3ba02756e59e73dc0c0a0ebb5142456d1ae38a8  ??  artifacts/rust-tauri/R03/repair-current/G07-E01/negative-tests/n3-missing-evidence-file/evidence/A15/combos/leaf-parent-cancel.json
a59635405b3569b1c0c950cb282ecf3749923b36c6b1b5e4d3d21fc3f4458102  ??  artifacts/rust-tauri/R03/repair-current/G07-E01/negative-tests/n3-missing-evidence-file/evidence/A15/combos/leaf-steer.json
fd60e4ca043c4073ddf838b3f0fe918436ede45ff7765efc8f1cad42821186f4  ??  artifacts/rust-tauri/R03/repair-current/G07-E01/negative-tests/n3-missing-evidence-file/evidence/A15/combos/multi-tool.json
075cad25ce0207f3b49138b8d415d0db78da1005207b2f64d282b478bffa44ae  ??  artifacts/rust-tauri/R03/repair-current/G07-E01/negative-tests/n3-missing-evidence-file/evidence/A15/combos/multi-turn-model.json
f94832aef81d68346dd1b25b1ad7312d6bc141a69a616a218b640aa170fbebcb  ??  artifacts/rust-tauri/R03/repair-current/G07-E01/negative-tests/n3-missing-evidence-file/evidence/A15/combos/normal.json
44f5b48c4f288ee214f7053e16857997f1fb66a6be241466141301a16c6872e7  ??  artifacts/rust-tauri/R03/repair-current/G07-E01/negative-tests/n3-missing-evidence-file/evidence/A15/combos/timeout-budget.json
505ecfbac3942739846be3a188cabea9d26c9641628253767c5457bdff2ab44f  ??  artifacts/rust-tauri/R03/repair-current/G07-E01/negative-tests/n3-missing-evidence-file/evidence/A15/leaf-cases.json
30a566d52e3dd0a65e389a5f95a035e39aba1a4c5a936475b1fdd8c7c2a6e8ae  ??  artifacts/rust-tauri/R03/repair-current/G07-E01/negative-tests/n3-missing-evidence-file/evidence/A15/summary.txt
9a652a14c5a43c20164935bd4963aa32c2a32445a13a91c504c563352517c3b7  ??  artifacts/rust-tauri/R03/repair-current/G07-E01/negative-tests/n3-missing-evidence-file/evidence/A16/captured-seed.txt
9a652a14c5a43c20164935bd4963aa32c2a32445a13a91c504c563352517c3b7  ??  artifacts/rust-tauri/R03/repair-current/G07-E01/negative-tests/n3-missing-evidence-file/evidence/A16/p2-captured-seed-attempt-0.txt
9a652a14c5a43c20164935bd4963aa32c2a32445a13a91c504c563352517c3b7  ??  artifacts/rust-tauri/R03/repair-current/G07-E01/negative-tests/n3-missing-evidence-file/evidence/A16/p3-replay-1-seed.txt
9a652a14c5a43c20164935bd4963aa32c2a32445a13a91c504c563352517c3b7  ??  artifacts/rust-tauri/R03/repair-current/G07-E01/negative-tests/n3-missing-evidence-file/evidence/A16/p3-replay-2-seed.txt
3fd4aaf96fe0793daf71f6aa3f52fa6c74856c7ddd31d414962724cf4df651d5  ??  artifacts/rust-tauri/R03/repair-current/G07-E01/negative-tests/n3-missing-evidence-file/evidence/A16/seed-mechanism.json
7d823ecd2fe778be4bc9ccdeaa060189bb8c8a9e8bd9737f51cb16fbd9b11f68  ??  artifacts/rust-tauri/R03/repair-current/G07-E01/negative-tests/n3-missing-evidence-file/evidence/A16/summary.txt
a78e649733d4fea6a4eed258f2828044be4f87cbe15d6e4cd56aa13bbdf42064  ??  artifacts/rust-tauri/R03/repair-current/G07-E01/negative-tests/n3-missing-evidence-file/evidence/G07_REPAIR/cases.jsonl
e3b0c44298fc1c149afbf4c8996fb92427ae41e4649b934ca495991b7852b855  ??  artifacts/rust-tauri/R03/repair-current/G07-E01/negative-tests/n3-missing-evidence-file/evidence/G07_REPAIR/gaps.txt
fb01ac619921de38fc8b3f4b03acf1679ef1970aa72ad9b11894254d77ec1319  ??  artifacts/rust-tauri/R03/repair-current/G07-E01/negative-tests/n3-missing-evidence-file/evidence/G07_REPAIR/repair-cases.json
aa09db2835372f3b2e2a4540f5ff3dfb457867555a4441f2590ea313c6e988ae  ??  artifacts/rust-tauri/R03/repair-current/G07-E01/negative-tests/n3-missing-evidence-file/evidence/G07_REPAIR/summary.txt
4ca671af48b5638c72bfb98b01d6f7e7cc12af6168f8d68ea041be3081af6d17  ??  artifacts/rust-tauri/R03/repair-current/G07-E01/negative-tests/n3-missing-evidence-file/evidence/R02/A05_A06/.last-body
1319bbe558a1a9043433da92529bc8c24d2b6fbcabc962836a938e946e273399  ??  artifacts/rust-tauri/R03/repair-current/G07-E01/negative-tests/n3-missing-evidence-file/evidence/R02/A05_A06/body-limit.txt
c0c19dff508a998f0c6e1fbf2643c2d78647cd6495bc53c57d2566877a3abc0b  ??  artifacts/rust-tauri/R03/repair-current/G07-E01/negative-tests/n3-missing-evidence-file/evidence/R02/A05_A06/cli-sessions-limit-case.json
3dd3ca0973d8a78898764643dacdbebdc62d50867ac56563fde2b3efadb5d0c9  ??  artifacts/rust-tauri/R03/repair-current/G07-E01/negative-tests/n3-missing-evidence-file/evidence/R02/A05_A06/creds-after-authz.json
79d1d00b67cfcfabcfc15c4fd02229af0f495ab0ffcc4cbbfe1a33c74b187d11  ??  artifacts/rust-tauri/R03/repair-current/G07-E01/negative-tests/n3-missing-evidence-file/evidence/R02/A05_A06/creds-before-authz.json
6449b4e25ef7afd49d3551e95eacc92c27867a890c11d786de56d18e85fd396e  ??  artifacts/rust-tauri/R03/repair-current/G07-E01/negative-tests/n3-missing-evidence-file/evidence/R02/A05_A06/devices-after-authz.json
c4051a1ef427f80594fc9baaf2bb11002bb879df4adf4b7bc72114fb6be4a536  ??  artifacts/rust-tauri/R03/repair-current/G07-E01/negative-tests/n3-missing-evidence-file/evidence/R02/A05_A06/devices-before-authz.json
2b12a908769553cbc61781adb5f843f7cad052ba2a794975168762791de1ff4b  ??  artifacts/rust-tauri/R03/repair-current/G07-E01/negative-tests/n3-missing-evidence-file/evidence/R02/A05_A06/leaf-cases.json
48b9fd9b49642f9856155c2f0d1de5547886baa28db8eda3f4653af22a1d9d1c  ??  artifacts/rust-tauri/R03/repair-current/G07-E01/negative-tests/n3-missing-evidence-file/evidence/R02/A05_A06/leaf-cases.ndjson
aadb822ff6ba1c6bb35ad858dc8c5eec8be2eaac782f1fe4c6db23b32beb61fe  ??  artifacts/rust-tauri/R03/repair-current/G07-E01/negative-tests/n3-missing-evidence-file/evidence/R02/A05_A06/me-denied-after.sha256
aadb822ff6ba1c6bb35ad858dc8c5eec8be2eaac782f1fe4c6db23b32beb61fe  ??  artifacts/rust-tauri/R03/repair-current/G07-E01/negative-tests/n3-missing-evidence-file/evidence/R02/A05_A06/me-denied-before.sha256
9901fa4939e8c0683cc392787126273c429530490fdebe18e68d1ad0c6fc2459  ??  artifacts/rust-tauri/R03/repair-current/G07-E01/negative-tests/n3-missing-evidence-file/evidence/R02/A05_A06/sessions-list-matrix.json
da21ca70f07de9ee86c182b47b1a432e7b626fd0fc6d8efa8c5842e935d868bd  ??  artifacts/rust-tauri/R03/repair-current/G07-E01/negative-tests/n3-missing-evidence-file/evidence/R02/A05_A06/state-after-authn.txt
4bf37a5201a0c9acc6e8e854be7b08706b8b3b3115964b8bd9ba6cd32f1e2777  ??  artifacts/rust-tauri/R03/repair-current/G07-E01/negative-tests/n3-missing-evidence-file/evidence/R02/A05_A06/state-after.txt
da21ca70f07de9ee86c182b47b1a432e7b626fd0fc6d8efa8c5842e935d868bd  ??  artifacts/rust-tauri/R03/repair-current/G07-E01/negative-tests/n3-missing-evidence-file/evidence/R02/A05_A06/state-before-authz.txt
da21ca70f07de9ee86c182b47b1a432e7b626fd0fc6d8efa8c5842e935d868bd  ??  artifacts/rust-tauri/R03/repair-current/G07-E01/negative-tests/n3-missing-evidence-file/evidence/R02/A05_A06/state-before.txt
65c0ec47c37be5cd4899419ab0e912f9b700d69d6fbb37891c4529a8efb05a8a  ??  artifacts/rust-tauri/R03/repair-current/G07-E01/negative-tests/n3-missing-evidence-file/evidence/R02/A05_A06/summary.txt
39a044d1478eeff7a1d1076362c92ab2b856f4e7db09fa3e743a24fb8a2c0d6c  ??  artifacts/rust-tauri/R03/repair-current/G07-E01/negative-tests/n3-missing-evidence-file/evidence/R02/A05_A06/ws-matrix.json
a20016454d2ce01ab83a02fdacfc9721f4037c03d783761028c40d34e474002c  ??  artifacts/rust-tauri/R03/repair-current/G07-E01/negative-tests/n3-missing-evidence-file/evidence/R02/A07_A08/last-db-hashes.txt
e613a984930f45c73fa5aa79af6955b0ac56faa30868e1da85d84a96a180eee3  ??  artifacts/rust-tauri/R03/repair-current/G07-E01/negative-tests/n3-missing-evidence-file/evidence/R02/A07_A08/s1-counts-after-stop.json
6e11d3157e36f2f24de72943cc5df97aec8475c1e95a29c6fed9cc451e41da10  ??  artifacts/rust-tauri/R03/repair-current/G07-E01/negative-tests/n3-missing-evidence-file/evidence/R02/A07_A08/s2-counts-after-crash.json
84e1fcd8b322f560f64f4728e5971c5f1999255a6166b07044bb6c9a7798cda8  ??  artifacts/rust-tauri/R03/repair-current/G07-E01/negative-tests/n3-missing-evidence-file/evidence/R02/A07_A08/s2-runs-dump.jsonl
be8c9fe5da7a536d3bd94d0d4ab35ad3757eeaa6a318f7980d2969d7b78e0dad  ??  artifacts/rust-tauri/R03/repair-current/G07-E01/negative-tests/n3-missing-evidence-file/evidence/R02/A07_A08/s3-fault.err
e3b0c44298fc1c149afbf4c8996fb92427ae41e4649b934ca495991b7852b855  ??  artifacts/rust-tauri/R03/repair-current/G07-E01/negative-tests/n3-missing-evidence-file/evidence/R02/A07_A08/s3-fault.out
b105fa41fc28b293636daa6f41110f3576385d31ad787be640c57f9b8116f1bc  ??  artifacts/rust-tauri/R03/repair-current/G07-E01/negative-tests/n3-missing-evidence-file/evidence/R02/A07_A08/s4-hashes-after.txt
b105fa41fc28b293636daa6f41110f3576385d31ad787be640c57f9b8116f1bc  ??  artifacts/rust-tauri/R03/repair-current/G07-E01/negative-tests/n3-missing-evidence-file/evidence/R02/A07_A08/s4-hashes-before.txt
fab788142d74146be1ec98f3108da2e494b9e0f9761ad9c634a4401160bb2f24  ??  artifacts/rust-tauri/R03/repair-current/G07-E01/negative-tests/n3-missing-evidence-file/evidence/R02/A07_A08/s4-migrations-round1.json
fab788142d74146be1ec98f3108da2e494b9e0f9761ad9c634a4401160bb2f24  ??  artifacts/rust-tauri/R03/repair-current/G07-E01/negative-tests/n3-missing-evidence-file/evidence/R02/A07_A08/s4-migrations-round2.json
fab788142d74146be1ec98f3108da2e494b9e0f9761ad9c634a4401160bb2f24  ??  artifacts/rust-tauri/R03/repair-current/G07-E01/negative-tests/n3-missing-evidence-file/evidence/R02/A07_A08/s4-migrations-round3.json
d844c2562d975c57042cbcf27a6f6eb543db06d58963f3309ce96bbbb5fd5eb0  ??  artifacts/rust-tauri/R03/repair-current/G07-E01/negative-tests/n3-missing-evidence-file/evidence/R02/A07_A08/service-s1.err
8522a2f14386cc0cb65d2c50e3a399c67494cdda39ebf4bf57617c3abf7cdfbe  ??  artifacts/rust-tauri/R03/repair-current/G07-E01/negative-tests/n3-missing-evidence-file/evidence/R02/A07_A08/service-s1.out
17e97f20e1cb28bb95bb1fd66216dd60ec62f6626be1ec223e4f5cb986cd50e7  ??  artifacts/rust-tauri/R03/repair-current/G07-E01/negative-tests/n3-missing-evidence-file/evidence/R02/A07_A08/service-s1b.err
1d61f53235411143bea154c1d8d1aefc14e24b6b848aed928c7cc44db85b3172  ??  artifacts/rust-tauri/R03/repair-current/G07-E01/negative-tests/n3-missing-evidence-file/evidence/R02/A07_A08/service-s1b.out
00a5c598a33b0d8527a5ed5c64f930941b0ea5e7b8cf06a3e40d0834e53b6bfb  ??  artifacts/rust-tauri/R03/repair-current/G07-E01/negative-tests/n3-missing-evidence-file/evidence/R02/A07_A08/service-s2.err
7f391b41c7f4c2df8daa3c08338f6b8e143183a1dbb2d81211bd4ce69b98c99b  ??  artifacts/rust-tauri/R03/repair-current/G07-E01/negative-tests/n3-missing-evidence-file/evidence/R02/A07_A08/service-s2.out
77709c14c01abe352a8aabf6ce7d9defe69f7f2ee6578b673d5dc550292cac51  ??  artifacts/rust-tauri/R03/repair-current/G07-E01/negative-tests/n3-missing-evidence-file/evidence/R02/A07_A08/service-s2b.err
959b4c0756182dc8ac2bb5301c5ef5bd450bba2dd581bb0d492304d0be59a2b8  ??  artifacts/rust-tauri/R03/repair-current/G07-E01/negative-tests/n3-missing-evidence-file/evidence/R02/A07_A08/service-s2b.out
0ce535d9a84d747649e82ffffc487a126b83025d9220074769bf5f60621cdfd9  ??  artifacts/rust-tauri/R03/repair-current/G07-E01/negative-tests/n3-missing-evidence-file/evidence/R02/A07_A08/service-s4-1.err
1e138b55a24cdc0678c3d55e6d0cc033a5e49526ef27810758c38c69fa226c6f  ??  artifacts/rust-tauri/R03/repair-current/G07-E01/negative-tests/n3-missing-evidence-file/evidence/R02/A07_A08/service-s4-1.out
a38d3d1fa34718b4f57cf9ae21bdb7719203f5bad59746c07ab9584558921f22  ??  artifacts/rust-tauri/R03/repair-current/G07-E01/negative-tests/n3-missing-evidence-file/evidence/R02/A07_A08/service-s4-2.err
e438dceee413041fc7e9387abaef71426b3e7f80dd4db875acd236bb7c8d167e  ??  artifacts/rust-tauri/R03/repair-current/G07-E01/negative-tests/n3-missing-evidence-file/evidence/R02/A07_A08/service-s4-2.out
2d1ea5c48ab640b29ae0d9551662ef4d90f2f2a1b5c14fbb1375205725fac629  ??  artifacts/rust-tauri/R03/repair-current/G07-E01/negative-tests/n3-missing-evidence-file/evidence/R02/A07_A08/service-s4-3.err
7d5e90f2d2a2dfa4a2b24b56689bbceee0fe94aadc29b66078031e524871f444  ??  artifacts/rust-tauri/R03/repair-current/G07-E01/negative-tests/n3-missing-evidence-file/evidence/R02/A07_A08/service-s4-3.out
a92159b222f2e2caca81284b99fe777a70e0d59490b2d47fa919844cb2f0d14d  ??  artifacts/rust-tauri/R03/repair-current/G07-E01/negative-tests/n3-missing-evidence-file/evidence/R02/A07_A08/service.addr
9ea078e4f0c7d8879c5924298362c68fe03c075991d0dcd68112a47d688d11b3  ??  artifacts/rust-tauri/R03/repair-current/G07-E01/negative-tests/n3-missing-evidence-file/evidence/R02/A07_A08/service.pid
a0c82fb5352d2afb90d4aeb5f120a245a55eef42d51ce83d21fdb609a43390b4  ??  artifacts/rust-tauri/R03/repair-current/G07-E01/negative-tests/n3-missing-evidence-file/evidence/R02/A07_A08/summary.txt
3c2e3d35a46803fdc7d3fdef755ddc11bb2fd32d3ff204fa867db02f16ddfff5  ??  artifacts/rust-tauri/R03/repair-current/G07-E01/negative-tests/n3-missing-evidence-file/evidence/R02/A09_A10/a09-merged-view.json
c4f81e00e6c2560188866a8f340076fb013f21e3f6b178067c182a57f3e0f5f5  ??  artifacts/rust-tauri/R03/repair-current/G07-E01/negative-tests/n3-missing-evidence-file/evidence/R02/A09_A10/a10-rebuild-diff.json
496f2f2685765b93cfde7f325e739ef0e971d1080f4e7aac2d32d349517c80e4  ??  artifacts/rust-tauri/R03/repair-current/G07-E01/negative-tests/n3-missing-evidence-file/evidence/R02/A09_A10/key-events-dump.json
a12827bd6111848cd348e255e64cf1a6b6838564f31454bf35f10ec0f655edf6  ??  artifacts/rust-tauri/R03/repair-current/G07-E01/negative-tests/n3-missing-evidence-file/evidence/R02/A09_A10/matrix.json
9f4789294f4fb9f3577b43ad19bee2f511defc925de32129d6a02c1750ac6059  ??  artifacts/rust-tauri/R03/repair-current/G07-E01/negative-tests/n3-missing-evidence-file/evidence/R02/A09_A10/probe-matrix.jsonl
919070a2a2cdf5c1e837cbd2ab98e6426da2c410e1e59a3a242196e1361db557  ??  artifacts/rust-tauri/R03/repair-current/G07-E01/negative-tests/n3-missing-evidence-file/evidence/R02/A09_A10/service.err
8526fbdfa31dc4d2d28a8f35ebd339beaa7f740a2037289fa7378a37031a6812  ??  artifacts/rust-tauri/R03/repair-current/G07-E01/negative-tests/n3-missing-evidence-file/evidence/R02/A09_A10/service.out
b50c79efb9b010e7e2e49feb3f509705f312d8f0d775deba2a25a0b399c70548  ??  artifacts/rust-tauri/R03/repair-current/G07-E01/negative-tests/n3-missing-evidence-file/evidence/R02/A09_A10/summary.txt
dd63f79ce1a39fdef735dbb9eb292c3f8a45db77c2513d3cc7379e5dbe13749e  ??  artifacts/rust-tauri/R03/repair-current/G07-E01/negative-tests/n3-missing-evidence-file/evidence/R02/A11/backup-restore/s1-backup-dir-listing.txt
78a8f1f69f8dc1effeed8fca5c8bf60d825760c7e42d39d8c52be48466362262  ??  artifacts/rust-tauri/R03/repair-current/G07-E01/negative-tests/n3-missing-evidence-file/evidence/R02/A11/backup-restore/s1-backup-outcome.json
e3b0c44298fc1c149afbf4c8996fb92427ae41e4649b934ca495991b7852b855  ??  artifacts/rust-tauri/R03/repair-current/G07-E01/negative-tests/n3-missing-evidence-file/evidence/R02/A11/backup-restore/s1-backup.err
e6e3ab2dee670498e6756112d4a65c484bbf71df0d1749752c05c7c2cae54c2b  ??  artifacts/rust-tauri/R03/repair-current/G07-E01/negative-tests/n3-missing-evidence-file/evidence/R02/A11/backup-restore/s1-restore-outcome.json
e3b0c44298fc1c149afbf4c8996fb92427ae41e4649b934ca495991b7852b855  ??  artifacts/rust-tauri/R03/repair-current/G07-E01/negative-tests/n3-missing-evidence-file/evidence/R02/A11/backup-restore/s1-restore.err
53c2c7d3b183d235c52e167b72262935087453b9d69653f3d34630a3dd30d91d  ??  artifacts/rust-tauri/R03/repair-current/G07-E01/negative-tests/n3-missing-evidence-file/evidence/R02/A11/backup-restore/s1-restored-dump.jsonl
2d1c15c2bc09dc447621a54a30f2b585240496382d994edd8771bcdc07afe9bc  ??  artifacts/rust-tauri/R03/repair-current/G07-E01/negative-tests/n3-missing-evidence-file/evidence/R02/A11/backup-restore/s1-restored-hash.txt
53c2c7d3b183d235c52e167b72262935087453b9d69653f3d34630a3dd30d91d  ??  artifacts/rust-tauri/R03/repair-current/G07-E01/negative-tests/n3-missing-evidence-file/evidence/R02/A11/backup-restore/s1-source-dump.jsonl
0e5d6846ea5eaf6f125e1f6e4964d52c0994a17de57f325feb2696259446106f  ??  artifacts/rust-tauri/R03/repair-current/G07-E01/negative-tests/n3-missing-evidence-file/evidence/R02/A11/backup-restore/s1-source-hash.txt
951e1f2cedf4a978898a4f9e620777561b8381ece9faf4223f8594a201f47f74  ??  artifacts/rust-tauri/R03/repair-current/G07-E01/negative-tests/n3-missing-evidence-file/evidence/R02/A11/backup-restore/s1-wal-size.txt
e3b0c44298fc1c149afbf4c8996fb92427ae41e4649b934ca495991b7852b855  ??  artifacts/rust-tauri/R03/repair-current/G07-E01/negative-tests/n3-missing-evidence-file/evidence/R02/A11/backup-restore/s3-backup-out.json
3cfb9756d2bbaf54feda7d9d46425f795dc9f1dc8f8516fceecb648417e7263e  ??  artifacts/rust-tauri/R03/repair-current/G07-E01/negative-tests/n3-missing-evidence-file/evidence/R02/A11/backup-restore/s3-backup.err
9b33c4d50a9f7a0434980244454a85ce4288c7323241cf9ff22c50e6b8f8dd85  ??  artifacts/rust-tauri/R03/repair-current/G07-E01/negative-tests/n3-missing-evidence-file/evidence/R02/A11/backup-restore/s4-ws-probe.json
a4c3ed04a95a3da14a9d235c83d868bed7c0f45cf7f3faa751ee8f50598d2211  ??  artifacts/rust-tauri/R03/repair-current/G07-E01/negative-tests/n3-missing-evidence-file/evidence/R02/A11/backup-restore/s4-ws-probe.json.probe-done
8ad4e5b15e7b84bdb3d8c86c85f42825dbe4fea9f89843f26d600686f7355f49  ??  artifacts/rust-tauri/R03/repair-current/G07-E01/negative-tests/n3-missing-evidence-file/evidence/R02/A11/backup-restore/service-s1.addr
06f3c58d8fa40d3bab6770d89bc28cb8d099c7246a54fb78db3073601211237c  ??  artifacts/rust-tauri/R03/repair-current/G07-E01/negative-tests/n3-missing-evidence-file/evidence/R02/A11/backup-restore/service-s1.err
69a007a32f0d5e56af71092efd5e4a9b741ef81a8c001bfc843e5ad6e9235008  ??  artifacts/rust-tauri/R03/repair-current/G07-E01/negative-tests/n3-missing-evidence-file/evidence/R02/A11/backup-restore/service-s1.out
a3e03064968624f18bbbf0eeee84c0e2bd12950cac95be7030a8d20ffd617d75  ??  artifacts/rust-tauri/R03/repair-current/G07-E01/negative-tests/n3-missing-evidence-file/evidence/R02/A11/backup-restore/service-s2.addr
4e6c93d990c3230b1e1a7d277a5762fa37e7eccce93f8c9c64ac1de835c496b5  ??  artifacts/rust-tauri/R03/repair-current/G07-E01/negative-tests/n3-missing-evidence-file/evidence/R02/A11/backup-restore/service-s2.err
ef8844c45b029ee10ad5131f8a1ef00d9817910de7a1c793301f9292bc58748d  ??  artifacts/rust-tauri/R03/repair-current/G07-E01/negative-tests/n3-missing-evidence-file/evidence/R02/A11/backup-restore/service-s2.out
86495091d63ea5eddc8745b9b8e108ae540b52f25998f9a69d988019b39cc5ef  ??  artifacts/rust-tauri/R03/repair-current/G07-E01/negative-tests/n3-missing-evidence-file/evidence/R02/A11/backup-restore/service-s4.addr
9c8872e821f78baf36420f4f1f37f4bd2763b3394f4d7fffa16bbf7b1eb78197  ??  artifacts/rust-tauri/R03/repair-current/G07-E01/negative-tests/n3-missing-evidence-file/evidence/R02/A11/backup-restore/service-s4.err
8a6075f50d4d8966bd5e5f10dede41b51ce0295937c1bfa3b8a8fdd364f17573  ??  artifacts/rust-tauri/R03/repair-current/G07-E01/negative-tests/n3-missing-evidence-file/evidence/R02/A11/backup-restore/service-s4.out
7511a1d588397521be7215d4fc606de924030bee07e5da3bc29c1272d1cf4c0d  ??  artifacts/rust-tauri/R03/repair-current/G07-E01/negative-tests/n3-missing-evidence-file/evidence/R02/A11/backup-restore/service.pid
927ea85174cfe4487fd57401d0cdf879ce2c8aeff8b93b51bb8599fd2d310873  ??  artifacts/rust-tauri/R03/repair-current/G07-E01/negative-tests/n3-missing-evidence-file/evidence/R02/A11/backup-restore/summary.txt
3ca2f6f76fcc9c955996e5d1bd185abf2343841a2d6ec7d74e906b6fc4e81199  ??  artifacts/rust-tauri/R03/repair-current/G07-E01/negative-tests/n3-missing-evidence-file/evidence/R02/A12/recovery-drill/coexist-after.txt
3ca2f6f76fcc9c955996e5d1bd185abf2343841a2d6ec7d74e906b6fc4e81199  ??  artifacts/rust-tauri/R03/repair-current/G07-E01/negative-tests/n3-missing-evidence-file/evidence/R02/A12/recovery-drill/coexist-before.txt
241036db4a2c15d50cb4b319734363714aae614ecb9a88387e6480186daf0784  ??  artifacts/rust-tauri/R03/repair-current/G07-E01/negative-tests/n3-missing-evidence-file/evidence/R02/A12/recovery-drill/own-created-homes.txt
96c72ee55c964851cdd78ea0087b0447fb970f8acda1bc92221741af229bc8e4  ??  artifacts/rust-tauri/R03/repair-current/G07-E01/negative-tests/n3-missing-evidence-file/evidence/R02/A12/recovery-drill/summary.txt
7b2f675d535131e9ee3b95eb996b520af42000b1efea572dc62eff72fd758a84  ??  artifacts/rust-tauri/R03/repair-current/G07-E01/negative-tests/n3-missing-evidence-file/evidence/R02/A12/recovery-drill/v1-hashes-after.txt
7b2f675d535131e9ee3b95eb996b520af42000b1efea572dc62eff72fd758a84  ??  artifacts/rust-tauri/R03/repair-current/G07-E01/negative-tests/n3-missing-evidence-file/evidence/R02/A12/recovery-drill/v1-hashes-before.txt
6fab7f89aa99d877cb384b814f274461b6a92d2d742ccace4a5be7b768b1656a  ??  artifacts/rust-tauri/R03/repair-current/G07-E01/negative-tests/n3-missing-evidence-file/evidence/R02/A12/recovery-drill/v1.err
e3b0c44298fc1c149afbf4c8996fb92427ae41e4649b934ca495991b7852b855  ??  artifacts/rust-tauri/R03/repair-current/G07-E01/negative-tests/n3-missing-evidence-file/evidence/R02/A12/recovery-drill/v1.out
fcb269f1fc43e20619871bab0f6e464d30773313e55b17f725fc62249ab521be  ??  artifacts/rust-tauri/R03/repair-current/G07-E01/negative-tests/n3-missing-evidence-file/evidence/R02/A12/recovery-drill/v2-hashes-after.txt
fcb269f1fc43e20619871bab0f6e464d30773313e55b17f725fc62249ab521be  ??  artifacts/rust-tauri/R03/repair-current/G07-E01/negative-tests/n3-missing-evidence-file/evidence/R02/A12/recovery-drill/v2-hashes-before.txt
80425f7ebc52d7a36507b6ad6d47e9f596ef9a9386b3936c81352fd28863aa88  ??  artifacts/rust-tauri/R03/repair-current/G07-E01/negative-tests/n3-missing-evidence-file/evidence/R02/A12/recovery-drill/v2.err
e3b0c44298fc1c149afbf4c8996fb92427ae41e4649b934ca495991b7852b855  ??  artifacts/rust-tauri/R03/repair-current/G07-E01/negative-tests/n3-missing-evidence-file/evidence/R02/A12/recovery-drill/v2.out
a33ffd69acb495d9a221778bb2317e4cef00e4d752d794b9c1267890666ec43d  ??  artifacts/rust-tauri/R03/repair-current/G07-E01/negative-tests/n3-missing-evidence-file/evidence/R02/A12/recovery-drill/v3-hashes-after.txt
a33ffd69acb495d9a221778bb2317e4cef00e4d752d794b9c1267890666ec43d  ??  artifacts/rust-tauri/R03/repair-current/G07-E01/negative-tests/n3-missing-evidence-file/evidence/R02/A12/recovery-drill/v3-hashes-before.txt
1bf44d74a51f3071a2da0431c1528a58bc3be52b642aac420119277d10ec7d7d  ??  artifacts/rust-tauri/R03/repair-current/G07-E01/negative-tests/n3-missing-evidence-file/evidence/R02/A12/recovery-drill/v3.err
e3b0c44298fc1c149afbf4c8996fb92427ae41e4649b934ca495991b7852b855  ??  artifacts/rust-tauri/R03/repair-current/G07-E01/negative-tests/n3-missing-evidence-file/evidence/R02/A12/recovery-drill/v3.out
41923300ba4393d5c605a9c4cfae1672484c2b274066732430a3cad90c71e5f6  ??  artifacts/rust-tauri/R03/repair-current/G07-E01/negative-tests/n3-missing-evidence-file/evidence/R02/A12/recovery-drill/v4.err
22de3149c613fac593206ff9c8b4c4a2835013aee426b26f32399a69b28a3c6a  ??  artifacts/rust-tauri/R03/repair-current/G07-E01/negative-tests/n3-missing-evidence-file/evidence/R02/A12/recovery-drill/v4.out
26fdbcf02d8aa18e6748a33800dcca83e3a239e83111e06f0620469f8a915fe9  ??  artifacts/rust-tauri/R03/repair-current/G07-E01/negative-tests/n3-missing-evidence-file/evidence/R02/A12/recovery-drill/v5-hashes-after.txt
26fdbcf02d8aa18e6748a33800dcca83e3a239e83111e06f0620469f8a915fe9  ??  artifacts/rust-tauri/R03/repair-current/G07-E01/negative-tests/n3-missing-evidence-file/evidence/R02/A12/recovery-drill/v5-hashes-before.txt
92a45ad7d69de0c6bd9a56bf476289e1556220fb60a6b2370f7587c4b2ff3cb4  ??  artifacts/rust-tauri/R03/repair-current/G07-E01/negative-tests/n3-missing-evidence-file/evidence/R02/A12/recovery-drill/v5.err
e3b0c44298fc1c149afbf4c8996fb92427ae41e4649b934ca495991b7852b855  ??  artifacts/rust-tauri/R03/repair-current/G07-E01/negative-tests/n3-missing-evidence-file/evidence/R02/A12/recovery-drill/v5.out
f2114e7694ded6b683a012e5843512fefbb0f55eb5ac0b62d5d55ffe0fc1eda6  ??  artifacts/rust-tauri/R03/repair-current/G07-E01/negative-tests/n3-missing-evidence-file/evidence/R02/A12/recovery-drill/v6-recovered-dump.jsonl
27badc983df1780b60c2b3fa9d3a19a00e46aac798451f0febdca52920faaddf  ??  artifacts/rust-tauri/R03/repair-current/G07-E01/negative-tests/n3-missing-evidence-file/evidence/R02/A12/recovery-drill/v6-seed-execute.txt
6e671893e3309e64ea518d107eacc1b78e496355b32c9e84fc8cb19f4e8f463d  ??  artifacts/rust-tauri/R03/repair-current/G07-E01/negative-tests/n3-missing-evidence-file/evidence/R02/A12/recovery-drill/v6-seed.err
461d6433e79484feef9587adb609ff4ce22def17dfa6b2546ba4afe9a8087cb5  ??  artifacts/rust-tauri/R03/repair-current/G07-E01/negative-tests/n3-missing-evidence-file/evidence/R02/A12/recovery-drill/v6-seed.out
eb11cb33a2822830acd934be4e5e561076d0d65c63adaf76c05010bc8f29b60f  ??  artifacts/rust-tauri/R03/repair-current/G07-E01/negative-tests/n3-missing-evidence-file/evidence/R02/A12/recovery-drill/v6.err
aaa544eeafe2b655f44a03de173115c506c57b9ba23145d656a89f4d3825e2e0  ??  artifacts/rust-tauri/R03/repair-current/G07-E01/negative-tests/n3-missing-evidence-file/evidence/R02/A12/recovery-drill/v6.out
5bd7d729cb41a8a11ec12d6f48ee1197e62b6c2990c70f7d54ce67de4de9c0f5  ??  artifacts/rust-tauri/R03/repair-current/G07-E01/negative-tests/n3-missing-evidence-file/evidence/R02/A12/recovery-drill/v7-hashes-after.txt
5bd7d729cb41a8a11ec12d6f48ee1197e62b6c2990c70f7d54ce67de4de9c0f5  ??  artifacts/rust-tauri/R03/repair-current/G07-E01/negative-tests/n3-missing-evidence-file/evidence/R02/A12/recovery-drill/v7-hashes-before.txt
96cfe965dda4c24413263a00a88a697dd8ff3d81e8f585a6664c73bf5e9ee750  ??  artifacts/rust-tauri/R03/repair-current/G07-E01/negative-tests/n3-missing-evidence-file/evidence/R02/A12/recovery-drill/v7-seed.err
1e77911f462339ea702a8bd379c205c8f5c0fc5f25aecc1591eebcf2a46f1479  ??  artifacts/rust-tauri/R03/repair-current/G07-E01/negative-tests/n3-missing-evidence-file/evidence/R02/A12/recovery-drill/v7-seed.out
cd036dbae9ee1750b4f2a5d191a4bc43d2679b41af3cb8e3e9869acdcc8b88fb  ??  artifacts/rust-tauri/R03/repair-current/G07-E01/negative-tests/n3-missing-evidence-file/evidence/R02/A12/recovery-drill/v7.err
e3b0c44298fc1c149afbf4c8996fb92427ae41e4649b934ca495991b7852b855  ??  artifacts/rust-tauri/R03/repair-current/G07-E01/negative-tests/n3-missing-evidence-file/evidence/R02/A12/recovery-drill/v7.out
77142d59e34662fe0c00a61514299ebd2d85ea09c7686e30b7cfceb7905b4e51  ??  artifacts/rust-tauri/R03/repair-current/G07-E01/negative-tests/n3-missing-evidence-file/evidence/R02/A12/recovery-drill/v8-observed.err
be906002ff1b04c44ea9cdd3638c7a7a4b5d52bc50274e8cf05f43059d26a887  ??  artifacts/rust-tauri/R03/repair-current/G07-E01/negative-tests/n3-missing-evidence-file/evidence/R02/A12/recovery-drill/v8-seed.err
f2b7c89d425f7b8438696954c5db6d3c39febeac065e69474d2191a886953554  ??  artifacts/rust-tauri/R03/repair-current/G07-E01/negative-tests/n3-missing-evidence-file/evidence/R02/A12/recovery-drill/v8-seed.out
77142d59e34662fe0c00a61514299ebd2d85ea09c7686e30b7cfceb7905b4e51  ??  artifacts/rust-tauri/R03/repair-current/G07-E01/negative-tests/n3-missing-evidence-file/evidence/R02/A12/recovery-drill/v8.err
2aae69bc0a1ddbe197c539acad763ff005c067f05414a0bc3a5dc96d5811e3c1  ??  artifacts/rust-tauri/R03/repair-current/G07-E01/negative-tests/n3-missing-evidence-file/evidence/R02/A12/recovery-drill/v8.out
33ad058fb7593fbbb69f6893f9737dc79b1a3b8d201553b082e8e13f86b9473c  ??  artifacts/rust-tauri/R03/repair-current/G07-E01/negative-tests/n3-missing-evidence-file/evidence/R02/A15/full-chain/pre-restart-head.json
e3b0c44298fc1c149afbf4c8996fb92427ae41e4649b934ca495991b7852b855  ??  artifacts/rust-tauri/R03/repair-current/G07-E01/negative-tests/n3-missing-evidence-file/evidence/R02/A15/full-chain/probe1.err
ad61e0608499d3d5d3f7cb584ce803231d6a6b30a82d7578578f45480af58b91  ??  artifacts/rust-tauri/R03/repair-current/G07-E01/negative-tests/n3-missing-evidence-file/evidence/R02/A15/full-chain/probe1.pass-lines
e3b0c44298fc1c149afbf4c8996fb92427ae41e4649b934ca495991b7852b855  ??  artifacts/rust-tauri/R03/repair-current/G07-E01/negative-tests/n3-missing-evidence-file/evidence/R02/A15/full-chain/probe2.err
28a411dc95be7e6596d2954fdbecf8eb034d9f8dc1248ab1d111c07c1c218b89  ??  artifacts/rust-tauri/R03/repair-current/G07-E01/negative-tests/n3-missing-evidence-file/evidence/R02/A15/full-chain/probe2.pass-lines
96ce677f9560c83a131f864efc9abbdfe9ac0223b0ecb04d2fa6cca4ad2d0d24  ??  artifacts/rust-tauri/R03/repair-current/G07-E01/negative-tests/n3-missing-evidence-file/evidence/R02/A15/full-chain/service1.err
4a24464458f0c4a7a393092cf69c99d8b2f2533d76316876d5f13bd4dffdab2d  ??  artifacts/rust-tauri/R03/repair-current/G07-E01/negative-tests/n3-missing-evidence-file/evidence/R02/A15/full-chain/service1.out
22a4c73fff1bd6dc3b8cfb71e7e265b9f6d61c5ebbad4edf2d63b37e01201db4  ??  artifacts/rust-tauri/R03/repair-current/G07-E01/negative-tests/n3-missing-evidence-file/evidence/R02/A15/full-chain/service2.err
01a646d2d742129b680dbc0140a4607cd4487e5ea747f65118f727673749cac5  ??  artifacts/rust-tauri/R03/repair-current/G07-E01/negative-tests/n3-missing-evidence-file/evidence/R02/A15/full-chain/service2.out
d1776fd9c738838ebbe509fe734579a4fd15a3dbf7a78914c3fbbd822587f61d  ??  artifacts/rust-tauri/R03/repair-current/G07-E01/negative-tests/n3-missing-evidence-file/evidence/R02/A15/full-chain/summary.txt
94bbf0e61bea9492009bb8b3c45b0332b01849e116b94d0db78d74947284a90e  ??  artifacts/rust-tauri/R03/repair-current/G07-E01/negative-tests/n3-missing-evidence-file/evidence/R02/A16/legacy-entry/e0-candidate-binding.tsv
fa3b77f0f4eea4e926111e7134f19aae3ef40ee193e4f57868c2ecec78e78123  ??  artifacts/rust-tauri/R03/repair-current/G07-E01/negative-tests/n3-missing-evidence-file/evidence/R02/A16/legacy-entry/e0-candidate-dirty.diff
fcb7c5a39e96aea24061ed947741714378ee0fd08c64e29f067cb5c00d7ea52a  ??  artifacts/rust-tauri/R03/repair-current/G07-E01/negative-tests/n3-missing-evidence-file/evidence/R02/A16/legacy-entry/e0-candidate-dirty.txt
dad63dd8372b2307e85b3da454c7f52db409597b73317d716778a395129be0d3  ??  artifacts/rust-tauri/R03/repair-current/G07-E01/negative-tests/n3-missing-evidence-file/evidence/R02/A16/legacy-entry/summary.txt
f1a5708a9df73e6538a146fccc955afba496d4be7c5ea5e29321d0060f57aa5b  ??  artifacts/rust-tauri/R03/repair-current/G07-E01/negative-tests/n3-missing-evidence-file/evidence/candidate-source-after.json
f1a5708a9df73e6538a146fccc955afba496d4be7c5ea5e29321d0060f57aa5b  ??  artifacts/rust-tauri/R03/repair-current/G07-E01/negative-tests/n3-missing-evidence-file/evidence/candidate-source-before.json
6d45ea9e177b2ac65927c13912b216d7590541b47e83f11846052182d754387d  ??  artifacts/rust-tauri/R03/repair-current/G07-E01/negative-tests/n3-missing-evidence-file/evidence/verify-stage-result.json
4355a46b19d348dc2f57c046f8ef63d4538ebb936000f3c9ee954a27460dd865  ??  artifacts/rust-tauri/R03/repair-current/G07-E01/negative-tests/n3-missing-evidence-file/exit-code.txt
39b8dc3fc8b44765c8e6f1adee04c5b465e555ab791cc42d0d9e810d5b64297c  ??  artifacts/rust-tauri/R03/repair-current/G07-E01/negative-tests/n4-delete-repair-scenario/exit-code.txt
69270b8836de69a367ff587ec894de564167acd152e99a418ed59451ecd365a5  ??  artifacts/rust-tauri/R03/repair-current/G07-E01/negative-tests/pristine/R03.json
135d9ee3ed1e172b2c056ee78625b1a3c8f67176d438448b83f2676d4ee55394  ??  artifacts/rust-tauri/R03/repair-current/G07-E01/negative-tests/pristine/r03_g07_repair_suites.sh
b5abc25b82c60e00820d46a7d3771b4a62bf1a869bd8a92f07d030fc67bdc304  ??  artifacts/rust-tauri/R03/repair-current/G07-E01/negative-tests/summary.txt
a78e649733d4fea6a4eed258f2828044be4f87cbe15d6e4cd56aa13bbdf42064  ??  artifacts/rust-tauri/R03/repair-current/G07-E01/preflight-repair-suites/cases.jsonl
e3b0c44298fc1c149afbf4c8996fb92427ae41e4649b934ca495991b7852b855  ??  artifacts/rust-tauri/R03/repair-current/G07-E01/preflight-repair-suites/gaps.txt
fb01ac619921de38fc8b3f4b03acf1679ef1970aa72ad9b11894254d77ec1319  ??  artifacts/rust-tauri/R03/repair-current/G07-E01/preflight-repair-suites/repair-cases.json
adebf94adf1305de41508726eebe386e4abf2994f31973f70d0a4580d7372cc6  ??  artifacts/rust-tauri/R03/repair-current/G07-E01/preflight-repair-suites/summary.txt
8e83792098f3ab99d74d4ad1644140893261cd8a1a434cab558c69182e952df7  ??  artifacts/rust-tauri/R03/repair-current/G07-E01/verify-stage-r02-regression.exit-code.txt
e3b0c44298fc1c149afbf4c8996fb92427ae41e4649b934ca495991b7852b855  ??  artifacts/rust-tauri/R03/repair-current/G07-E01/verify-stage-r02-regression/A01/a01-cargo-metadata.err
83409c006bae316a3a4076b79b784cd4a3d88230d1747c167482753ce7dff50b  ??  artifacts/rust-tauri/R03/repair-current/G07-E01/verify-stage-r02-regression/A01/a01-cargo-metadata.json
e3b0c44298fc1c149afbf4c8996fb92427ae41e4649b934ca495991b7852b855  ??  artifacts/rust-tauri/R03/repair-current/G07-E01/verify-stage-r02-regression/A01/a01-child-snapshot.tsv
f7fcacea611f836fcfee896f96b921cb6f11f87ef330adf7f40d820cb361ac1c  ??  artifacts/rust-tauri/R03/repair-current/G07-E01/verify-stage-r02-regression/A01/a01-health-body.json
d081bd7991c661e1a468dc4de0b4e6dbcc263be20412e5f1aacdc44924beb6c7  ??  artifacts/rust-tauri/R03/repair-current/G07-E01/verify-stage-r02-regression/A01/a01-invalid-bind-homes-after.txt
d081bd7991c661e1a468dc4de0b4e6dbcc263be20412e5f1aacdc44924beb6c7  ??  artifacts/rust-tauri/R03/repair-current/G07-E01/verify-stage-r02-regression/A01/a01-invalid-bind-homes-before.txt
6c88f1bf243b09c3f5c0207654b095224ce3608f74e78b992b2a648ff6ad119b  ??  artifacts/rust-tauri/R03/repair-current/G07-E01/verify-stage-r02-regression/A01/a01-leaf-cases.json
1539d00d02720acf25ca64543a2322dd2832e169861c9498b6bea2898536a45e  ??  artifacts/rust-tauri/R03/repair-current/G07-E01/verify-stage-r02-regression/A01/a01-newer-config-data-fallback-after.txt
1539d00d02720acf25ca64543a2322dd2832e169861c9498b6bea2898536a45e  ??  artifacts/rust-tauri/R03/repair-current/G07-E01/verify-stage-r02-regression/A01/a01-newer-config-data-fallback-before.txt
79303189f2a27fcaffc1db659a148ad770d0ce859283b1b98796716d3f72f518  ??  artifacts/rust-tauri/R03/repair-current/G07-E01/verify-stage-r02-regression/A01/a01-newer-config-data-homes-after.txt
4ef34445d206692b63e717ed86118c925553c3efb6b74c8d5489775848f1569e  ??  artifacts/rust-tauri/R03/repair-current/G07-E01/verify-stage-r02-regression/A01/a01-newer-config-data-homes-before.txt
48567e4849767a4917ccec6555920f4581358f7cd222841302bd7d10384dbd2f  ??  artifacts/rust-tauri/R03/repair-current/G07-E01/verify-stage-r02-regression/A01/a01-newer-config-data-original-after.sha256
48567e4849767a4917ccec6555920f4581358f7cd222841302bd7d10384dbd2f  ??  artifacts/rust-tauri/R03/repair-current/G07-E01/verify-stage-r02-regression/A01/a01-newer-config-data-original-before.sha256
1539d00d02720acf25ca64543a2322dd2832e169861c9498b6bea2898536a45e  ??  artifacts/rust-tauri/R03/repair-current/G07-E01/verify-stage-r02-regression/A01/a01-newer-data-fallback-after.txt
1539d00d02720acf25ca64543a2322dd2832e169861c9498b6bea2898536a45e  ??  artifacts/rust-tauri/R03/repair-current/G07-E01/verify-stage-r02-regression/A01/a01-newer-data-fallback-before.txt
1de095ca842b29abc42da9752899737b82396201b590f927511e5c6fd2b21811  ??  artifacts/rust-tauri/R03/repair-current/G07-E01/verify-stage-r02-regression/A01/a01-newer-data-homes-after.txt
d7469d0febb065eb3b959993b3ec5f373f942299e067ec9f7746a52c83dd6f3e  ??  artifacts/rust-tauri/R03/repair-current/G07-E01/verify-stage-r02-regression/A01/a01-newer-data-homes-before.txt
44c382cadbd1b50330ade4893553f961ae25bf942bfc80b9c6f853769d88831e  ??  artifacts/rust-tauri/R03/repair-current/G07-E01/verify-stage-r02-regression/A01/a01-newer-data-original-after.sha256
44c382cadbd1b50330ade4893553f961ae25bf942bfc80b9c6f853769d88831e  ??  artifacts/rust-tauri/R03/repair-current/G07-E01/verify-stage-r02-regression/A01/a01-newer-data-original-before.sha256
1539d00d02720acf25ca64543a2322dd2832e169861c9498b6bea2898536a45e  ??  artifacts/rust-tauri/R03/repair-current/G07-E01/verify-stage-r02-regression/A01/a01-newer-env-data-fallback-after.txt
1539d00d02720acf25ca64543a2322dd2832e169861c9498b6bea2898536a45e  ??  artifacts/rust-tauri/R03/repair-current/G07-E01/verify-stage-r02-regression/A01/a01-newer-env-data-fallback-before.txt
3d30d51f070467cdae05f8ae1757bf066899d9c90d310164f4a7597c943aaf7b  ??  artifacts/rust-tauri/R03/repair-current/G07-E01/verify-stage-r02-regression/A01/a01-newer-env-data-homes-after.txt
6c32f2c2f1f39e82f36fc6cf0d71790a378b2287c01931262bfce27d450ca909  ??  artifacts/rust-tauri/R03/repair-current/G07-E01/verify-stage-r02-regression/A01/a01-newer-env-data-homes-before.txt
a4d4062a50cf74b73502cf8421d3796a6d29c64d78b7759e79c1de5b55a002e0  ??  artifacts/rust-tauri/R03/repair-current/G07-E01/verify-stage-r02-regression/A01/a01-newer-env-data-original-after.sha256
a4d4062a50cf74b73502cf8421d3796a6d29c64d78b7759e79c1de5b55a002e0  ??  artifacts/rust-tauri/R03/repair-current/G07-E01/verify-stage-r02-regression/A01/a01-newer-env-data-original-before.sha256
3ce1005240a8ebfb25acd73c8ec01b4df742a35b81e2a622a6c65bf368865033  ??  artifacts/rust-tauri/R03/repair-current/G07-E01/verify-stage-r02-regression/A01/leaf-cases.ndjson
126590fb3b2c27a435ec453c529c1dbf3f271de095ce4a4c0bb568ae34732ffd  ??  artifacts/rust-tauri/R03/repair-current/G07-E01/verify-stage-r02-regression/A03/a03-forged-record.json
f7fcacea611f836fcfee896f96b921cb6f11f87ef330adf7f40d820cb361ac1c  ??  artifacts/rust-tauri/R03/repair-current/G07-E01/verify-stage-r02-regression/A03/a03-inst1-health.json
98bc22924c4799534f5fe4ec6c352d63e8cc48bcffa506a386849f9af8d51c48  ??  artifacts/rust-tauri/R03/repair-current/G07-E01/verify-stage-r02-regression/A03/a03-inst2-marker.txt
c2dbfd846ac6d8078b6300c6bc4379366aa70252b013f750b193a156bb59276c  ??  artifacts/rust-tauri/R03/repair-current/G07-E01/verify-stage-r02-regression/A03/a03-summary.txt
1942f91c2086b9ae98f14b002072b52f27a4ce5a7b02502e8e8476e4d36d70c6  ??  artifacts/rust-tauri/R03/repair-current/G07-E01/verify-stage-r02-regression/A04/a04-summary.txt
d0643d1364deb6294283e5fc5157d26b80eab4950b3c31013095bc94e642f05f  ??  artifacts/rust-tauri/R03/repair-current/G07-E01/verify-stage-r02-regression/A05_A06/.last-body
1319bbe558a1a9043433da92529bc8c24d2b6fbcabc962836a938e946e273399  ??  artifacts/rust-tauri/R03/repair-current/G07-E01/verify-stage-r02-regression/A05_A06/body-limit.txt
c0c19dff508a998f0c6e1fbf2643c2d78647cd6495bc53c57d2566877a3abc0b  ??  artifacts/rust-tauri/R03/repair-current/G07-E01/verify-stage-r02-regression/A05_A06/cli-sessions-limit-case.json
8db6271098b14ae03d875596b16e988aa3c0e78be03f815a6aaf8ff352f26c4c  ??  artifacts/rust-tauri/R03/repair-current/G07-E01/verify-stage-r02-regression/A05_A06/creds-after-authz.json
17918062058c0bce262ced1a4d981fef25d4909dbb5d5ac0fd6f4d90df73d637  ??  artifacts/rust-tauri/R03/repair-current/G07-E01/verify-stage-r02-regression/A05_A06/creds-before-authz.json
bb2b4721c894462464866e620e48d3e16e5efde5cde45156f9f3b57a9a9c1af7  ??  artifacts/rust-tauri/R03/repair-current/G07-E01/verify-stage-r02-regression/A05_A06/devices-after-authz.json
2749093efff20581e792feb11dad697e412171ba250b60988bfad8c2d8a99c91  ??  artifacts/rust-tauri/R03/repair-current/G07-E01/verify-stage-r02-regression/A05_A06/devices-before-authz.json
ab4b7fbb6a470c4da09c90af4cbc80275ea6076b8598075a96e7a27447c8a4e6  ??  artifacts/rust-tauri/R03/repair-current/G07-E01/verify-stage-r02-regression/A05_A06/leaf-cases.json
cad4161c41b97f24585eca0a54f61d5dcc765b3b6cfe416a468c959adcfab84e  ??  artifacts/rust-tauri/R03/repair-current/G07-E01/verify-stage-r02-regression/A05_A06/leaf-cases.ndjson
45f9c5a175bfc2c1941fd8e0ee5461fcf3e51d7fd7a1db8d1bab3ed2ff66018f  ??  artifacts/rust-tauri/R03/repair-current/G07-E01/verify-stage-r02-regression/A05_A06/me-denied-after.sha256
45f9c5a175bfc2c1941fd8e0ee5461fcf3e51d7fd7a1db8d1bab3ed2ff66018f  ??  artifacts/rust-tauri/R03/repair-current/G07-E01/verify-stage-r02-regression/A05_A06/me-denied-before.sha256
9901fa4939e8c0683cc392787126273c429530490fdebe18e68d1ad0c6fc2459  ??  artifacts/rust-tauri/R03/repair-current/G07-E01/verify-stage-r02-regression/A05_A06/sessions-list-matrix.json
3a8b0375a7244b6dc103d5daeb323e1f364a95020f7974715bc10aa4fbb64310  ??  artifacts/rust-tauri/R03/repair-current/G07-E01/verify-stage-r02-regression/A05_A06/state-after-authn.txt
81ed7f4b90d2f9eb00ec79a1af08a242c8cbad418634f67d630ea971faff3238  ??  artifacts/rust-tauri/R03/repair-current/G07-E01/verify-stage-r02-regression/A05_A06/state-after.txt
3a8b0375a7244b6dc103d5daeb323e1f364a95020f7974715bc10aa4fbb64310  ??  artifacts/rust-tauri/R03/repair-current/G07-E01/verify-stage-r02-regression/A05_A06/state-before-authz.txt
3a8b0375a7244b6dc103d5daeb323e1f364a95020f7974715bc10aa4fbb64310  ??  artifacts/rust-tauri/R03/repair-current/G07-E01/verify-stage-r02-regression/A05_A06/state-before.txt
22ccffa16f2dbf27b7e302503c2ebccd0aa0564574ec195798243dc9a5bdac29  ??  artifacts/rust-tauri/R03/repair-current/G07-E01/verify-stage-r02-regression/A05_A06/summary.txt
d1f604193ce5f8ea7af2846ac90a63b1c62172f25736f5fbda16a0a0ccf75c29  ??  artifacts/rust-tauri/R03/repair-current/G07-E01/verify-stage-r02-regression/A05_A06/ws-matrix.json
baf7ffd15277f3fbdebe64da66206610f58775570018d99f8d86a8e2a4e64f98  ??  artifacts/rust-tauri/R03/repair-current/G07-E01/verify-stage-r02-regression/A07_A08/last-db-hashes.txt
e613a984930f45c73fa5aa79af6955b0ac56faa30868e1da85d84a96a180eee3  ??  artifacts/rust-tauri/R03/repair-current/G07-E01/verify-stage-r02-regression/A07_A08/s1-counts-after-stop.json
6e11d3157e36f2f24de72943cc5df97aec8475c1e95a29c6fed9cc451e41da10  ??  artifacts/rust-tauri/R03/repair-current/G07-E01/verify-stage-r02-regression/A07_A08/s2-counts-after-crash.json
c4499ef4ad9c1ae1a18f223f3f4dce140a58529972bf0647e04bf41da36eb563  ??  artifacts/rust-tauri/R03/repair-current/G07-E01/verify-stage-r02-regression/A07_A08/s2-runs-dump.jsonl
8ddffba0ab0435e79753451b6de1b13a18f7f4c921457e2f2ea00b108c2378e1  ??  artifacts/rust-tauri/R03/repair-current/G07-E01/verify-stage-r02-regression/A07_A08/s3-fault.err
e3b0c44298fc1c149afbf4c8996fb92427ae41e4649b934ca495991b7852b855  ??  artifacts/rust-tauri/R03/repair-current/G07-E01/verify-stage-r02-regression/A07_A08/s3-fault.out
0430c0670050b747d600d2d3446a37b559ab45cbe716f71925891d84a37842fd  ??  artifacts/rust-tauri/R03/repair-current/G07-E01/verify-stage-r02-regression/A07_A08/s4-hashes-after.txt
0430c0670050b747d600d2d3446a37b559ab45cbe716f71925891d84a37842fd  ??  artifacts/rust-tauri/R03/repair-current/G07-E01/verify-stage-r02-regression/A07_A08/s4-hashes-before.txt
2f86e5403a7f377fe7c54dab4abfb6987018cfe6613b0c66050eb8c5d5425a97  ??  artifacts/rust-tauri/R03/repair-current/G07-E01/verify-stage-r02-regression/A07_A08/s4-migrations-round1.json
2f86e5403a7f377fe7c54dab4abfb6987018cfe6613b0c66050eb8c5d5425a97  ??  artifacts/rust-tauri/R03/repair-current/G07-E01/verify-stage-r02-regression/A07_A08/s4-migrations-round2.json
2f86e5403a7f377fe7c54dab4abfb6987018cfe6613b0c66050eb8c5d5425a97  ??  artifacts/rust-tauri/R03/repair-current/G07-E01/verify-stage-r02-regression/A07_A08/s4-migrations-round3.json
751bf5290fdb3484719a3d04a12ce9fb98f027a23cfba787a0e44458b65ac2c7  ??  artifacts/rust-tauri/R03/repair-current/G07-E01/verify-stage-r02-regression/A07_A08/service-s1.err
e56e2284aa9ccd051ba9bbca94d39b6b4c8c97db91d9d8d8ff1f3d74a63d5952  ??  artifacts/rust-tauri/R03/repair-current/G07-E01/verify-stage-r02-regression/A07_A08/service-s1.out
3cccae7cf440098bca663da6c7518911240f94e5225aa4332b0702afe30b1083  ??  artifacts/rust-tauri/R03/repair-current/G07-E01/verify-stage-r02-regression/A07_A08/service-s1b.err
a484ec8a96f11dc5c686aece86387bfb7f7284b56e16c428901bb2a2713ed259  ??  artifacts/rust-tauri/R03/repair-current/G07-E01/verify-stage-r02-regression/A07_A08/service-s1b.out
6bf53496dfb80bb134d71360befe7212949f0a135ecff65d89ff67be03535d83  ??  artifacts/rust-tauri/R03/repair-current/G07-E01/verify-stage-r02-regression/A07_A08/service-s2.err
86acf3285195611abd0588b6f428f8306e22fbce4befe0e36762368c3ba8d96f  ??  artifacts/rust-tauri/R03/repair-current/G07-E01/verify-stage-r02-regression/A07_A08/service-s2.out
5f72c4a6533d75ff0d7530ab5756967bb05aa6fcff22e795956f18d6be2c8201  ??  artifacts/rust-tauri/R03/repair-current/G07-E01/verify-stage-r02-regression/A07_A08/service-s2b.err
cb95cc41542820edf96d77bb1a9c9af11cb7206a38b0162206e2779bae884d3b  ??  artifacts/rust-tauri/R03/repair-current/G07-E01/verify-stage-r02-regression/A07_A08/service-s2b.out
e7aad4aa4279d9e691edbb581e7df2e72619b14a470e15254f5ed9c7f8ee94e3  ??  artifacts/rust-tauri/R03/repair-current/G07-E01/verify-stage-r02-regression/A07_A08/service-s4-1.err
dc1ff4a1a7de13ce3e3c93840b543264c98b40ad34c8385c4ba525aa4ef798d8  ??  artifacts/rust-tauri/R03/repair-current/G07-E01/verify-stage-r02-regression/A07_A08/service-s4-1.out
99711595c8bcbdb153765be86cc9ce7344bec847cd774c0d7f2f30c1d355acee  ??  artifacts/rust-tauri/R03/repair-current/G07-E01/verify-stage-r02-regression/A07_A08/service-s4-2.err
13f71e5cd679b34a2e1d8858c9802bd948f97dc9ff69f4daf1659a6f808f2e71  ??  artifacts/rust-tauri/R03/repair-current/G07-E01/verify-stage-r02-regression/A07_A08/service-s4-2.out
7e37a56fb52d97d44fbe5396f53c36277f6160ed404bc673b5baabb964ff3dc9  ??  artifacts/rust-tauri/R03/repair-current/G07-E01/verify-stage-r02-regression/A07_A08/service-s4-3.err
a9c1024a66d01dc3bd9002bfd14d45f27aef71909e76afec3af7d3a1bafb019e  ??  artifacts/rust-tauri/R03/repair-current/G07-E01/verify-stage-r02-regression/A07_A08/service-s4-3.out
60e644717e71339c5bd799e31623aa498dc929e2944aaf78ad7bf5ca06ad807a  ??  artifacts/rust-tauri/R03/repair-current/G07-E01/verify-stage-r02-regression/A07_A08/service.addr
a54e5f17b44d7291988a4f2a532237e665e9267a3c291e60017807000ce5dfb9  ??  artifacts/rust-tauri/R03/repair-current/G07-E01/verify-stage-r02-regression/A07_A08/service.pid
ef0c69072110e13bcf354619c10a98d842e8e82779465f9daa468de30a268a6b  ??  artifacts/rust-tauri/R03/repair-current/G07-E01/verify-stage-r02-regression/A07_A08/summary.txt
85ded1d59f33fa46a8d078e8df75a5e66c3534e12943ce61d266cf1ae0303b8e  ??  artifacts/rust-tauri/R03/repair-current/G07-E01/verify-stage-r02-regression/A07_LIVE_FAULT/case.json
f2e373dab444d4eac5276adcaf4e1180e7661425d298621a91e8fe0117243006  ??  artifacts/rust-tauri/R03/repair-current/G07-E01/verify-stage-r02-regression/A07_LIVE_FAULT/checked.json
a908a6e86c62d2e51ca78da96f581957814571894c0e5c30316692005d76edcf  ??  artifacts/rust-tauri/R03/repair-current/G07-E01/verify-stage-r02-regression/A09_A10/a09-merged-view.json
ff29fe27dd9f75e5e65dab18d15a50f3cd0a180a70aad611e1a6a916b345e98b  ??  artifacts/rust-tauri/R03/repair-current/G07-E01/verify-stage-r02-regression/A09_A10/a10-rebuild-diff.json
964305f77584b6f1174448d993c6fda479b5b528f3da9e9412722b1b300e54b3  ??  artifacts/rust-tauri/R03/repair-current/G07-E01/verify-stage-r02-regression/A09_A10/key-events-dump.json
3566fd68c1ac7b0fb4fd1a4b648651970995f009f971efd49a607d7243f2a6ea  ??  artifacts/rust-tauri/R03/repair-current/G07-E01/verify-stage-r02-regression/A09_A10/matrix.json
fce215ec604f08932c1f1a189a1345daf6c2f8c8259f7c5408bcf38abdf76603  ??  artifacts/rust-tauri/R03/repair-current/G07-E01/verify-stage-r02-regression/A09_A10/probe-matrix.jsonl
39f070ca84bf55c88a600cd29d7d5a74f44880be41561f1e6fca9d40fc2316cc  ??  artifacts/rust-tauri/R03/repair-current/G07-E01/verify-stage-r02-regression/A09_A10/service.err
0e9c21b4f3db45c145b864026d07fd50f897f991c9d426a105fc2f5cd012c573  ??  artifacts/rust-tauri/R03/repair-current/G07-E01/verify-stage-r02-regression/A09_A10/service.out
553b86329f37168068350dd21f1f90093a66e22f4765bd5c8da71a4d93c7ed5a  ??  artifacts/rust-tauri/R03/repair-current/G07-E01/verify-stage-r02-regression/A09_A10/summary.txt
dd63f79ce1a39fdef735dbb9eb292c3f8a45db77c2513d3cc7379e5dbe13749e  ??  artifacts/rust-tauri/R03/repair-current/G07-E01/verify-stage-r02-regression/A11/backup-restore/s1-backup-dir-listing.txt
ffd3e2f5d980ca5f32d8893d565027ff72068f8c330d5ac33ab25e4bd31546f1  ??  artifacts/rust-tauri/R03/repair-current/G07-E01/verify-stage-r02-regression/A11/backup-restore/s1-backup-outcome.json
e3b0c44298fc1c149afbf4c8996fb92427ae41e4649b934ca495991b7852b855  ??  artifacts/rust-tauri/R03/repair-current/G07-E01/verify-stage-r02-regression/A11/backup-restore/s1-backup.err
4336520f0e714d4675e72805d23e213e614e4d7d08eb071c0f845db86be50794  ??  artifacts/rust-tauri/R03/repair-current/G07-E01/verify-stage-r02-regression/A11/backup-restore/s1-restore-outcome.json
e3b0c44298fc1c149afbf4c8996fb92427ae41e4649b934ca495991b7852b855  ??  artifacts/rust-tauri/R03/repair-current/G07-E01/verify-stage-r02-regression/A11/backup-restore/s1-restore.err
934700165727c2034fe514dded8715eb25b41bec7cef6b2edb425ac33221ec74  ??  artifacts/rust-tauri/R03/repair-current/G07-E01/verify-stage-r02-regression/A11/backup-restore/s1-restored-dump.jsonl
b98f791b798118e3ce3812b22f369657d3d49af99be7e899e51471cd323de090  ??  artifacts/rust-tauri/R03/repair-current/G07-E01/verify-stage-r02-regression/A11/backup-restore/s1-restored-hash.txt
934700165727c2034fe514dded8715eb25b41bec7cef6b2edb425ac33221ec74  ??  artifacts/rust-tauri/R03/repair-current/G07-E01/verify-stage-r02-regression/A11/backup-restore/s1-source-dump.jsonl
f5366b24cf1baaffa758fbd21431051b9bee90b23ca018fdc40f9f909db03be8  ??  artifacts/rust-tauri/R03/repair-current/G07-E01/verify-stage-r02-regression/A11/backup-restore/s1-source-hash.txt
951e1f2cedf4a978898a4f9e620777561b8381ece9faf4223f8594a201f47f74  ??  artifacts/rust-tauri/R03/repair-current/G07-E01/verify-stage-r02-regression/A11/backup-restore/s1-wal-size.txt
e3b0c44298fc1c149afbf4c8996fb92427ae41e4649b934ca495991b7852b855  ??  artifacts/rust-tauri/R03/repair-current/G07-E01/verify-stage-r02-regression/A11/backup-restore/s3-backup-out.json
05a7e462a8e9e74f5442b590ea4b49dee1fb6f32c3091223edc65c46a05a2e1d  ??  artifacts/rust-tauri/R03/repair-current/G07-E01/verify-stage-r02-regression/A11/backup-restore/s3-backup.err
9b33c4d50a9f7a0434980244454a85ce4288c7323241cf9ff22c50e6b8f8dd85  ??  artifacts/rust-tauri/R03/repair-current/G07-E01/verify-stage-r02-regression/A11/backup-restore/s4-ws-probe.json
a4c3ed04a95a3da14a9d235c83d868bed7c0f45cf7f3faa751ee8f50598d2211  ??  artifacts/rust-tauri/R03/repair-current/G07-E01/verify-stage-r02-regression/A11/backup-restore/s4-ws-probe.json.probe-done
e563fb52b38ddfffa416fb3b43afa13146785f7df43dc7c65b547f84d1d6d5ec  ??  artifacts/rust-tauri/R03/repair-current/G07-E01/verify-stage-r02-regression/A11/backup-restore/service-s1.addr
b4ef8090db8e68c6486efbfb01953dc4ae4582e0f7f150786bdb67ee3f9afa85  ??  artifacts/rust-tauri/R03/repair-current/G07-E01/verify-stage-r02-regression/A11/backup-restore/service-s1.err
3a06f40db05bdf7c99f90e6a35c5d7c939fea9ef252878344c9afd3d918c5a73  ??  artifacts/rust-tauri/R03/repair-current/G07-E01/verify-stage-r02-regression/A11/backup-restore/service-s1.out
b9e44cd81b5080351ed923b21a7ade1ec2fbaade9e1432ccfa853daa9b210609  ??  artifacts/rust-tauri/R03/repair-current/G07-E01/verify-stage-r02-regression/A11/backup-restore/service-s2.addr
dc69d04ced25b94d23eaa35ce6c11bb3500b4330b788eacb50456fb81b275a3a  ??  artifacts/rust-tauri/R03/repair-current/G07-E01/verify-stage-r02-regression/A11/backup-restore/service-s2.err
ede9f8bcf391ee0c5835e223fe88420b120a4e66658c98d26cce102d84a8e731  ??  artifacts/rust-tauri/R03/repair-current/G07-E01/verify-stage-r02-regression/A11/backup-restore/service-s2.out
5e86f1084227280ed307edde9b9719fc37a8cdc365e811e7db25ec2ead6d458c  ??  artifacts/rust-tauri/R03/repair-current/G07-E01/verify-stage-r02-regression/A11/backup-restore/service-s4.addr
f8f3c39168dab2809880da3326735988e5339adbb1f59ed4c6603c64444db42b  ??  artifacts/rust-tauri/R03/repair-current/G07-E01/verify-stage-r02-regression/A11/backup-restore/service-s4.err
ae8209a637c172695bd3288c293de397f7fffa24e990d2eb1e3399e19ab70937  ??  artifacts/rust-tauri/R03/repair-current/G07-E01/verify-stage-r02-regression/A11/backup-restore/service-s4.out
fe2da50225e052202ad1faca60e6bcaad9957c1185fc7d8cc67dea4e7080888e  ??  artifacts/rust-tauri/R03/repair-current/G07-E01/verify-stage-r02-regression/A11/backup-restore/service.pid
668ed90314dae2acbb6362721a735ad323dcedd827e5ccc35d22848e6361a2f5  ??  artifacts/rust-tauri/R03/repair-current/G07-E01/verify-stage-r02-regression/A11/backup-restore/summary.txt
bc8fbe496f849c6b9a0ae94c266626828bee0096aba14b9664c200456ec095de  ??  artifacts/rust-tauri/R03/repair-current/G07-E01/verify-stage-r02-regression/A12/recovery-drill/coexist-after.txt
bc8fbe496f849c6b9a0ae94c266626828bee0096aba14b9664c200456ec095de  ??  artifacts/rust-tauri/R03/repair-current/G07-E01/verify-stage-r02-regression/A12/recovery-drill/coexist-before.txt
a9053b25d6e4a4e6a51e786e588b9868d1e74cc733af53461cac11355fcc9557  ??  artifacts/rust-tauri/R03/repair-current/G07-E01/verify-stage-r02-regression/A12/recovery-drill/own-created-homes.txt
79be6d64aa93bf457e5b337dfa16a187af549e49a08c7760b4ddb0f61bedf8ac  ??  artifacts/rust-tauri/R03/repair-current/G07-E01/verify-stage-r02-regression/A12/recovery-drill/summary.txt
7b2f675d535131e9ee3b95eb996b520af42000b1efea572dc62eff72fd758a84  ??  artifacts/rust-tauri/R03/repair-current/G07-E01/verify-stage-r02-regression/A12/recovery-drill/v1-hashes-after.txt
7b2f675d535131e9ee3b95eb996b520af42000b1efea572dc62eff72fd758a84  ??  artifacts/rust-tauri/R03/repair-current/G07-E01/verify-stage-r02-regression/A12/recovery-drill/v1-hashes-before.txt
c0fdb5beaa8ba6dd6a74213bd9c3b35361ac232247186df1c9f09b7ccf63a3f3  ??  artifacts/rust-tauri/R03/repair-current/G07-E01/verify-stage-r02-regression/A12/recovery-drill/v1.err
e3b0c44298fc1c149afbf4c8996fb92427ae41e4649b934ca495991b7852b855  ??  artifacts/rust-tauri/R03/repair-current/G07-E01/verify-stage-r02-regression/A12/recovery-drill/v1.out
fcb269f1fc43e20619871bab0f6e464d30773313e55b17f725fc62249ab521be  ??  artifacts/rust-tauri/R03/repair-current/G07-E01/verify-stage-r02-regression/A12/recovery-drill/v2-hashes-after.txt
fcb269f1fc43e20619871bab0f6e464d30773313e55b17f725fc62249ab521be  ??  artifacts/rust-tauri/R03/repair-current/G07-E01/verify-stage-r02-regression/A12/recovery-drill/v2-hashes-before.txt
ee05994c43ce3f35c7789a8be5b2a1227756ec90fe65e609d887e67e0f37540c  ??  artifacts/rust-tauri/R03/repair-current/G07-E01/verify-stage-r02-regression/A12/recovery-drill/v2.err
e3b0c44298fc1c149afbf4c8996fb92427ae41e4649b934ca495991b7852b855  ??  artifacts/rust-tauri/R03/repair-current/G07-E01/verify-stage-r02-regression/A12/recovery-drill/v2.out
a33ffd69acb495d9a221778bb2317e4cef00e4d752d794b9c1267890666ec43d  ??  artifacts/rust-tauri/R03/repair-current/G07-E01/verify-stage-r02-regression/A12/recovery-drill/v3-hashes-after.txt
a33ffd69acb495d9a221778bb2317e4cef00e4d752d794b9c1267890666ec43d  ??  artifacts/rust-tauri/R03/repair-current/G07-E01/verify-stage-r02-regression/A12/recovery-drill/v3-hashes-before.txt
ed7ea8207c2d07b3971cb1af0739bcb6b180f5e34025acbd455b440907225811  ??  artifacts/rust-tauri/R03/repair-current/G07-E01/verify-stage-r02-regression/A12/recovery-drill/v3.err
e3b0c44298fc1c149afbf4c8996fb92427ae41e4649b934ca495991b7852b855  ??  artifacts/rust-tauri/R03/repair-current/G07-E01/verify-stage-r02-regression/A12/recovery-drill/v3.out
aef41536b12d6fda37daad7f2bccdbe5b749e5b1cc4a9929713cafac972413a5  ??  artifacts/rust-tauri/R03/repair-current/G07-E01/verify-stage-r02-regression/A12/recovery-drill/v4.err
f99dfa35100fe8753f1b6c2c67f53d3229ee316c91985f6a8c124e34d937bc56  ??  artifacts/rust-tauri/R03/repair-current/G07-E01/verify-stage-r02-regression/A12/recovery-drill/v4.out
4b98e63242e80b764c90be360a8ec1ff8a71690fb5b6eaf4c0a4b5288ba8602f  ??  artifacts/rust-tauri/R03/repair-current/G07-E01/verify-stage-r02-regression/A12/recovery-drill/v5-hashes-after.txt
4b98e63242e80b764c90be360a8ec1ff8a71690fb5b6eaf4c0a4b5288ba8602f  ??  artifacts/rust-tauri/R03/repair-current/G07-E01/verify-stage-r02-regression/A12/recovery-drill/v5-hashes-before.txt
1a7bc6d50d56c4444d7eac6ecfee5d4cc196652aee81b38b0beba4c5087822a6  ??  artifacts/rust-tauri/R03/repair-current/G07-E01/verify-stage-r02-regression/A12/recovery-drill/v5.err
e3b0c44298fc1c149afbf4c8996fb92427ae41e4649b934ca495991b7852b855  ??  artifacts/rust-tauri/R03/repair-current/G07-E01/verify-stage-r02-regression/A12/recovery-drill/v5.out
39bcce97f879b142385f82cab7338bc382624ab9bcce0f05d716eb74bea2fc31  ??  artifacts/rust-tauri/R03/repair-current/G07-E01/verify-stage-r02-regression/A12/recovery-drill/v6-recovered-dump.jsonl
27badc983df1780b60c2b3fa9d3a19a00e46aac798451f0febdca52920faaddf  ??  artifacts/rust-tauri/R03/repair-current/G07-E01/verify-stage-r02-regression/A12/recovery-drill/v6-seed-execute.txt
505a5edfdc61ec5b735babaeb7fbaf1dcfa5e5d6e52f5263905ff9b9204f599e  ??  artifacts/rust-tauri/R03/repair-current/G07-E01/verify-stage-r02-regression/A12/recovery-drill/v6-seed.err
4cb62f0ae65eacc651555626332b0c46fc51dd8321101d98a55b8c08dc977b08  ??  artifacts/rust-tauri/R03/repair-current/G07-E01/verify-stage-r02-regression/A12/recovery-drill/v6-seed.out
a2c8ebffaed2d42d8a3ee1c9379d1c0ff60edd6957ce68972c5d9c6be8a86b30  ??  artifacts/rust-tauri/R03/repair-current/G07-E01/verify-stage-r02-regression/A12/recovery-drill/v6.err
742ad652f9ad79d600054671f2758e49cb6682f4b33e117a59e98dc47f9d1c1e  ??  artifacts/rust-tauri/R03/repair-current/G07-E01/verify-stage-r02-regression/A12/recovery-drill/v6.out
196ea0a8e735f09d5b65548441713ad37857cfe8345f81be1a8842492d2c63c8  ??  artifacts/rust-tauri/R03/repair-current/G07-E01/verify-stage-r02-regression/A12/recovery-drill/v7-hashes-after.txt
196ea0a8e735f09d5b65548441713ad37857cfe8345f81be1a8842492d2c63c8  ??  artifacts/rust-tauri/R03/repair-current/G07-E01/verify-stage-r02-regression/A12/recovery-drill/v7-hashes-before.txt
0aef6eebf7cfed7965235d3b9d3b1fe2142dfd64d40d693c53664054d85c363b  ??  artifacts/rust-tauri/R03/repair-current/G07-E01/verify-stage-r02-regression/A12/recovery-drill/v7-seed.err
12345b17292e2f1f2779b3182eb6b2689314840c20f0800ff90ee6ed3ae8a217  ??  artifacts/rust-tauri/R03/repair-current/G07-E01/verify-stage-r02-regression/A12/recovery-drill/v7-seed.out
c08c875e5b6cf01c6ceda1d5c3779adcb0a8b856a556ec38b3cbda99e67bddb8  ??  artifacts/rust-tauri/R03/repair-current/G07-E01/verify-stage-r02-regression/A12/recovery-drill/v7.err
e3b0c44298fc1c149afbf4c8996fb92427ae41e4649b934ca495991b7852b855  ??  artifacts/rust-tauri/R03/repair-current/G07-E01/verify-stage-r02-regression/A12/recovery-drill/v7.out
807ad62c56e29821aa505d850f763717d25bac2a997e4d48fbdb57dcab515b08  ??  artifacts/rust-tauri/R03/repair-current/G07-E01/verify-stage-r02-regression/A12/recovery-drill/v8-observed.err
33466c3bc31b8489e78151c2813582de43bd34ce797b2a1bde9ec03fd5ccef85  ??  artifacts/rust-tauri/R03/repair-current/G07-E01/verify-stage-r02-regression/A12/recovery-drill/v8-seed.err
fa5e8debd80fd6e23dce68242d40376497ffc3464b6d88e124773de7cb0f1b5c  ??  artifacts/rust-tauri/R03/repair-current/G07-E01/verify-stage-r02-regression/A12/recovery-drill/v8-seed.out
807ad62c56e29821aa505d850f763717d25bac2a997e4d48fbdb57dcab515b08  ??  artifacts/rust-tauri/R03/repair-current/G07-E01/verify-stage-r02-regression/A12/recovery-drill/v8.err
1428b0d195a9ee05c04cb46bc8a1f7ea7ab4ce16b6fe8505335be6464982fcdf  ??  artifacts/rust-tauri/R03/repair-current/G07-E01/verify-stage-r02-regression/A12/recovery-drill/v8.out
cb0c7677af2561ef6db2e54755b0ce947b91d6cbb50dcb152990f10873e3a00c  ??  artifacts/rust-tauri/R03/repair-current/G07-E01/verify-stage-r02-regression/A13/redaction-scan/inventory.txt
426b3137ec2d4a1fe80bbc23638533606a280b7c9ac4a8b142bf69b7ee4846fd  ??  artifacts/rust-tauri/R03/repair-current/G07-E01/verify-stage-r02-regression/A13/redaction-scan/p1-execute-ok.body
98304303c7808189fb904d07716598f0e8b5dbc09fb624ee5ff472a816ec5f36  ??  artifacts/rust-tauri/R03/repair-current/G07-E01/verify-stage-r02-regression/A13/redaction-scan/p1-execute-ok.headers
4e38ffcd373cb9faac3bd1881d675776a089520fc94d443b306bced20e040e27  ??  artifacts/rust-tauri/R03/repair-current/G07-E01/verify-stage-r02-regression/A13/redaction-scan/p1-execute-request.json
10fe9bd6cd2c820ec04adfcf1260f923a333a946558a8da42e71267312b88bd1  ??  artifacts/rust-tauri/R03/repair-current/G07-E01/verify-stage-r02-regression/A13/redaction-scan/p1-issue-credential.body
7e3c69dd8bf00508059abbf2e36e8280b48f9dc929302866a2a2dc0f4304447a  ??  artifacts/rust-tauri/R03/repair-current/G07-E01/verify-stage-r02-regression/A13/redaction-scan/p1-issue-credential.headers
e4f7d15ff214194f7c5c24e9a2d1c020776147eba88dd3ecea2e456a7c234da3  ??  artifacts/rust-tauri/R03/repair-current/G07-E01/verify-stage-r02-regression/A13/redaction-scan/p1-issue-request.json
7b3515bf28aefa9e985f611ef66e213c0704d32e622a5f53aad50b5180956696  ??  artifacts/rust-tauri/R03/repair-current/G07-E01/verify-stage-r02-regression/A13/redaction-scan/p1-me-ok.body
798f667061e32f398cd500ddce3c2d1806199bf36f6ed25d33f4b2f58759f28d  ??  artifacts/rust-tauri/R03/repair-current/G07-E01/verify-stage-r02-regression/A13/redaction-scan/p1-me-ok.headers
44136fa355b3678a1146ad16f7e8649e94fb4fc21fe77e8310c060f61caaff8a  ??  artifacts/rust-tauri/R03/repair-current/G07-E01/verify-stage-r02-regression/A13/redaction-scan/p1-ticket-request.json
91a917905fc1665055f7a954f84d892f3b8954bccda1bef68f51d048f2b91662  ??  artifacts/rust-tauri/R03/repair-current/G07-E01/verify-stage-r02-regression/A13/redaction-scan/p1-ticket.body
764b261ebe57033651e0d963a3e72556c75dbbbab1f7e8403066b0c8611712c4  ??  artifacts/rust-tauri/R03/repair-current/G07-E01/verify-stage-r02-regression/A13/redaction-scan/p1-ticket.headers
e1d8396c1ed0d2be165d3de396918bf975a575020a4687742b0eafb85a2c8ce5  ??  artifacts/rust-tauri/R03/repair-current/G07-E01/verify-stage-r02-regression/A13/redaction-scan/p2-me-bad-bearer.body
3b43d65514462b0859075351a380ddbbe97ddeee6b1ad85fe999b183d4d91ca1  ??  artifacts/rust-tauri/R03/repair-current/G07-E01/verify-stage-r02-regression/A13/redaction-scan/p2-me-bad-bearer.headers
4df8e0fe59b8527231a1e249313e86775d53e67b8f0bf1bd3734ad957f55f507  ??  artifacts/rust-tauri/R03/repair-current/G07-E01/verify-stage-r02-regression/A13/redaction-scan/p2-me-no-auth.body
cb355076d5cffe711c0959c24665a05929d9ce5343fa2481759489e081b28964  ??  artifacts/rust-tauri/R03/repair-current/G07-E01/verify-stage-r02-regression/A13/redaction-scan/p2-me-no-auth.headers
e11e53732fdd397aa004ff6d85f39604580fb22b95860137829dc87d0a4357d9  ??  artifacts/rust-tauri/R03/repair-current/G07-E01/verify-stage-r02-regression/A13/redaction-scan/p2-session-cross.body
e0630ee57b3170723ce675a2725d0a4a0a75d36435e7f9127b3f980c58a37aef  ??  artifacts/rust-tauri/R03/repair-current/G07-E01/verify-stage-r02-regression/A13/redaction-scan/p2-session-cross.headers
1bf99f55f9f41a586dcc7d3f889609c017ac0605a81a3c86849aee4685a7e688  ??  artifacts/rust-tauri/R03/repair-current/G07-E01/verify-stage-r02-regression/A13/redaction-scan/p2-session-missing.body
1d50e686f1dcbdcba3d0234ffbb4b1a54da3f7743645851a19220f46a2d68c8d  ??  artifacts/rust-tauri/R03/repair-current/G07-E01/verify-stage-r02-regression/A13/redaction-scan/p2-session-missing.headers
f0bdb253f6df3edb44c43bde108ffa8bd87dc04994051701a843cb2939eeec2c  ??  artifacts/rust-tauri/R03/repair-current/G07-E01/verify-stage-r02-regression/A13/redaction-scan/p2-ws-bad-query.body
cb355076d5cffe711c0959c24665a05929d9ce5343fa2481759489e081b28964  ??  artifacts/rust-tauri/R03/repair-current/G07-E01/verify-stage-r02-regression/A13/redaction-scan/p2-ws-bad-query.headers
bc5c798c8846facd87a34da03c3888687355cd3b64ccd008907c9fea00a535ae  ??  artifacts/rust-tauri/R03/repair-current/G07-E01/verify-stage-r02-regression/A13/redaction-scan/p2-ws-transcript.txt
95f04c65342e361b417e1c31233af56bdb2e41b7077086d4f56cc26a6c0d934f  ??  artifacts/rust-tauri/R03/repair-current/G07-E01/verify-stage-r02-regression/A13/redaction-scan/p3-burst-1.body
c3ef908d7e6f383f32f6f64e604372c8732056c64632b6348f074f8c2d0c2f31  ??  artifacts/rust-tauri/R03/repair-current/G07-E01/verify-stage-r02-regression/A13/redaction-scan/p3-burst-2.body
51c792da067e22ec89b6b705d8939d6277a86b416cc15f7443f960b37c046335  ??  artifacts/rust-tauri/R03/repair-current/G07-E01/verify-stage-r02-regression/A13/redaction-scan/p3-burst-3.body
adea151d4e53e4426d51c2ea8a3e0a97235abc598913458037d6790e963a684e  ??  artifacts/rust-tauri/R03/repair-current/G07-E01/verify-stage-r02-regression/A13/redaction-scan/p3-burst-4.body
bd96d17420e4b11e71d36569ae0bf7c978ecbcdf0a96416043da09edd37fbca6  ??  artifacts/rust-tauri/R03/repair-current/G07-E01/verify-stage-r02-regression/A13/redaction-scan/p3-burst-5.body
42bc461eef260726b33cdca6a4c69e2788df037e44108e5ae83cbc0e8e6a880a  ??  artifacts/rust-tauri/R03/repair-current/G07-E01/verify-stage-r02-regression/A13/redaction-scan/p3-burst-6.body
688691176d4997b0ab76abb666a62568b22b29c5b66c1c2b5529114c50bba8fc  ??  artifacts/rust-tauri/R03/repair-current/G07-E01/verify-stage-r02-regression/A13/redaction-scan/p3-burst-7.body
6e9fc7ae938c92c8e02e447f79441d9c9aac8a5c43c94d3e096ae97ac98b9857  ??  artifacts/rust-tauri/R03/repair-current/G07-E01/verify-stage-r02-regression/A13/redaction-scan/p3-burst-8.body
e89d50f95150fa2e9458cb0c5d045ab66124116f16d839c55b21a703190fe91d  ??  artifacts/rust-tauri/R03/repair-current/G07-E01/verify-stage-r02-regression/A13/redaction-scan/p3-execute-request.json
a6dda384cb29aa7824e844434387d697ea157716747505be3c3fab5d9f6ce2b3  ??  artifacts/rust-tauri/R03/repair-current/G07-E01/verify-stage-r02-regression/A13/redaction-scan/p3-status-codes.txt
c14bdf9a61271fb46240c54dc06a22112ee0a0d3e807af2f87027ca5c8cab6c3  ??  artifacts/rust-tauri/R03/repair-current/G07-E01/verify-stage-r02-regression/A13/redaction-scan/service-logs/retention-manifest.txt
6f029a15ba7fbbbbcf47e6504230271979626a154113c76240c38bf6f159e652  ??  artifacts/rust-tauri/R03/repair-current/G07-E01/verify-stage-r02-regression/A13/redaction-scan/service-p1.addr
6f86803e9bdc71756dd826dfa94b74dbb69515576aefc73e87ba9ca38948f2b9  ??  artifacts/rust-tauri/R03/repair-current/G07-E01/verify-stage-r02-regression/A13/redaction-scan/service-p1.err
acfd749f88cd18d1c7cae5d0ba4d61b7210ba0738d22fa6187325e433a52ffa4  ??  artifacts/rust-tauri/R03/repair-current/G07-E01/verify-stage-r02-regression/A13/redaction-scan/service-p1.out
03b740bc640392ad42f757fc7f3b16f2c33912244f3ae8167e8c776d02397cfa  ??  artifacts/rust-tauri/R03/repair-current/G07-E01/verify-stage-r02-regression/A13/redaction-scan/service-p3.addr
296f0309262b59cd9cdbba2e5b9955d815c4c14e08ea350b6c4b67adad2b5319  ??  artifacts/rust-tauri/R03/repair-current/G07-E01/verify-stage-r02-regression/A13/redaction-scan/service-p3.err
eb9c20717cee7529e3894ba02f1f9aaa2c56ac1b05203d37e6dc025a8385f529  ??  artifacts/rust-tauri/R03/repair-current/G07-E01/verify-stage-r02-regression/A13/redaction-scan/service-p3.out
75ca9dd17856296a3c5f5deae8b575a99731722d90e5bb35e86a8816f1e0dddc  ??  artifacts/rust-tauri/R03/repair-current/G07-E01/verify-stage-r02-regression/A13/redaction-scan/service-p4.err
e3b0c44298fc1c149afbf4c8996fb92427ae41e4649b934ca495991b7852b855  ??  artifacts/rust-tauri/R03/repair-current/G07-E01/verify-stage-r02-regression/A13/redaction-scan/service-p4.out
4fa851a3f6864812a8178fb085c76bb07fcf8a8777eb756222448d0db675c2c7  ??  artifacts/rust-tauri/R03/repair-current/G07-E01/verify-stage-r02-regression/A13/redaction-scan/summary.txt
2b1ddd0decd81a075168de744506d74fd1e27da011c952a8b203ee12e141506e  ??  artifacts/rust-tauri/R03/repair-current/G07-E01/verify-stage-r02-regression/A14/slow-subscriber/detach-lines.txt
d05283e069cfaf5cb9a7ff0999f1bb840ed435bd92456b6bf9d0901dab9dd54a  ??  artifacts/rust-tauri/R03/repair-current/G07-E01/verify-stage-r02-regression/A14/slow-subscriber/rss-samples.csv
d86f85a5d1b1f2ea0a12e3a4a1288f6bd95723d82ffec274eee47f4f186e0398  ??  artifacts/rust-tauri/R03/repair-current/G07-E01/verify-stage-r02-regression/A14/slow-subscriber/service.err
23915eba2641e7780a6dd3fa1c85ec3adaadbab341e58f15b132ea11a296e660  ??  artifacts/rust-tauri/R03/repair-current/G07-E01/verify-stage-r02-regression/A14/slow-subscriber/service.out
3d4f429df8df1eefaf245a5a4499b71c0e3e1d19e2bfb2ea5289589af632c1dd  ??  artifacts/rust-tauri/R03/repair-current/G07-E01/verify-stage-r02-regression/A14/slow-subscriber/storm-results.json
bde9a921cb212ad453fd1a9dafebc8326a78720c20e6193c279b5c0bcaa7c467  ??  artifacts/rust-tauri/R03/repair-current/G07-E01/verify-stage-r02-regression/A14/slow-subscriber/summary.txt
fcb372fb07217448923cb33fff1efc79f1dcda9280e7f7c68bc3a8a686303c3f  ??  artifacts/rust-tauri/R03/repair-current/G07-E01/verify-stage-r02-regression/A15/full-chain/pre-restart-head.json
e3b0c44298fc1c149afbf4c8996fb92427ae41e4649b934ca495991b7852b855  ??  artifacts/rust-tauri/R03/repair-current/G07-E01/verify-stage-r02-regression/A15/full-chain/probe1.err
7659c2903cd8719759bcf9a592c976c4a6f6dc8080214be2d6b6212aae965509  ??  artifacts/rust-tauri/R03/repair-current/G07-E01/verify-stage-r02-regression/A15/full-chain/probe1.pass-lines
e3b0c44298fc1c149afbf4c8996fb92427ae41e4649b934ca495991b7852b855  ??  artifacts/rust-tauri/R03/repair-current/G07-E01/verify-stage-r02-regression/A15/full-chain/probe2.err
28a411dc95be7e6596d2954fdbecf8eb034d9f8dc1248ab1d111c07c1c218b89  ??  artifacts/rust-tauri/R03/repair-current/G07-E01/verify-stage-r02-regression/A15/full-chain/probe2.pass-lines
c0d30eef35dda0e0634c9ff45fd7e36b0248c34b0f60590993fa8b4d5ca0763a  ??  artifacts/rust-tauri/R03/repair-current/G07-E01/verify-stage-r02-regression/A15/full-chain/service1.err
69c78cf74956fad8b837b0a1d7d23c883dd61e96cc66d01e6d152aa5ba92e97a  ??  artifacts/rust-tauri/R03/repair-current/G07-E01/verify-stage-r02-regression/A15/full-chain/service1.out
efb9da9246ce5b64cf9526ee70acca54363a55e3c8d106bcb551df09a8e186cc  ??  artifacts/rust-tauri/R03/repair-current/G07-E01/verify-stage-r02-regression/A15/full-chain/service2.err
b0a3463d4da1b86d6841a0034382632d21d2fc9052b26bccb0a64214189abf72  ??  artifacts/rust-tauri/R03/repair-current/G07-E01/verify-stage-r02-regression/A15/full-chain/service2.out
62ac5baf4f7daef13537341eee14bf2b1407f56023ce9a74c6fe86e32c3e79ef  ??  artifacts/rust-tauri/R03/repair-current/G07-E01/verify-stage-r02-regression/A15/full-chain/summary.txt
523ab963a6589a5728516dedfd166d3bb33ca94dad0fc96ba72028e6cc17b218  ??  artifacts/rust-tauri/R03/repair-current/G07-E01/verify-stage-r02-regression/A16/legacy-entry/e0-base-purity.txt
60b4aa6bb9765869431b4b8508291b5d18b03c2416e660f1cc8f735868b44cc9  ??  artifacts/rust-tauri/R03/repair-current/G07-E01/verify-stage-r02-regression/A16/legacy-entry/e0-candidate-binding.tsv
16e2ffdec6f050a7b29825744b7d1041ada3a05ced4cb841593bddda440642ff  ??  artifacts/rust-tauri/R03/repair-current/G07-E01/verify-stage-r02-regression/A16/legacy-entry/e0-candidate-dirty.diff
938c9c0d81cc72a70281866163e9fa273df9d6fb1c160f210d439c7df3e67bd8  ??  artifacts/rust-tauri/R03/repair-current/G07-E01/verify-stage-r02-regression/A16/legacy-entry/e0-candidate-dirty.txt
dafecdaa505ce47155b8f0b1a6b9d326f65e6e84a229add0428c0fb851a0e505  ??  artifacts/rust-tauri/R03/repair-current/G07-E01/verify-stage-r02-regression/A16/legacy-entry/e1-binding-surface-intersect.txt
e478b5019f8dc054385b670fc46863aacb8ae7bb2c6af54b195ae23a7474e9a3  ??  artifacts/rust-tauri/R03/repair-current/G07-E01/verify-stage-r02-regression/A16/legacy-entry/e1-default-entry-assertions.txt
c290e5efd31bc081acd023ea447b5df27ff4ba8703d5be4e3a02c9b69f0782f8  ??  artifacts/rust-tauri/R03/repair-current/G07-E01/verify-stage-r02-regression/A16/legacy-entry/e1-surface-diff-files.txt
a6336e88a861d5d65bf8332c6e104672fbecde11272907b15e2847bc36cfc7b2  ??  artifacts/rust-tauri/R03/repair-current/G07-E01/verify-stage-r02-regression/A16/legacy-entry/e5-allowed-reds.txt
e3b0c44298fc1c149afbf4c8996fb92427ae41e4649b934ca495991b7852b855  ??  artifacts/rust-tauri/R03/repair-current/G07-E01/verify-stage-r02-regression/A16/legacy-entry/e5-base-blocks.txt
e3b0c44298fc1c149afbf4c8996fb92427ae41e4649b934ca495991b7852b855  ??  artifacts/rust-tauri/R03/repair-current/G07-E01/verify-stage-r02-regression/A16/legacy-entry/e5-base-failed-files.txt
67749fc3fa359c2ae0f4b7ee1918ea2c03b0dff7946ecaae0b3dce5d04bde997  ??  artifacts/rust-tauri/R03/repair-current/G07-E01/verify-stage-r02-regression/A16/legacy-entry/e5-base-summary-counts.txt
bf09d4ba4ebd48e45c51a8f9a44627bc86ec477015f883a52fb152a41a7581d0  ??  artifacts/rust-tauri/R03/repair-current/G07-E01/verify-stage-r02-regression/A16/legacy-entry/e5-candidate-blocks.txt
2fc6e95574e1c799de5eade48f0b948fe1e5605690a6682796271855896975da  ??  artifacts/rust-tauri/R03/repair-current/G07-E01/verify-stage-r02-regression/A16/legacy-entry/e5-candidate-failed-files.txt
2fa9306dfb46749f8a962c5ff9a3459a10e8b9606e29888fe091294ed15d8317  ??  artifacts/rust-tauri/R03/repair-current/G07-E01/verify-stage-r02-regression/A16/legacy-entry/e5-candidate-summary-counts.txt
ad7b7b9bc736faee38c2ee72a1c328814004eb68ff513c96e66988841effb236  ??  artifacts/rust-tauri/R03/repair-current/G07-E01/verify-stage-r02-regression/A16/legacy-entry/e5-candidate-vitest-summary.txt
65a8e4d55d1d7b3d0f11e06928569acf896fdaa4c01cf07c3eb17427b16c603a  ??  artifacts/rust-tauri/R03/repair-current/G07-E01/verify-stage-r02-regression/A16/legacy-entry/e5-cause-classes.txt
2fc6e95574e1c799de5eade48f0b948fe1e5605690a6682796271855896975da  ??  artifacts/rust-tauri/R03/repair-current/G07-E01/verify-stage-r02-regression/A16/legacy-entry/e5-new-since-base.txt
994fa050e2dc16d322de8d203cf495de310916f7964eff331c33d0e1e8f4939c  ??  artifacts/rust-tauri/R03/repair-current/G07-E01/verify-stage-r02-regression/A16/legacy-entry/e5-non-family-failures.txt
a6336e88a861d5d65bf8332c6e104672fbecde11272907b15e2847bc36cfc7b2  ??  artifacts/rust-tauri/R03/repair-current/G07-E01/verify-stage-r02-regression/A16/legacy-entry/e5-registered-preexisting-family.txt
a6336e88a861d5d65bf8332c6e104672fbecde11272907b15e2847bc36cfc7b2  ??  artifacts/rust-tauri/R03/repair-current/G07-E01/verify-stage-r02-regression/A16/legacy-entry/e5-seal-family.txt
ccdfaca540ad92d1379dbbc4994bae50c9b3017391c25aa20ccaae986ceec5c3  ??  artifacts/rust-tauri/R03/repair-current/G07-E01/verify-stage-r02-regression/A16/legacy-entry/g07-ustar-isolated-rerun-attribution.txt
c7042da4401a437ccc1afc454b634ca8b068b899a1d8c933ef2e2de73a179d3c  ??  artifacts/rust-tauri/R03/repair-current/G07-E01/verify-stage-r02-regression/A16/legacy-entry/summary.txt
4f53cda18c2baa0c0354bb5f9a3ecbe5ed12ab4d8e11ba873c2f11161202b945  ??  artifacts/rust-tauri/R03/repair-current/G07-E01/verify-stage-r02-regression/CLIENT/cli-help-exit0-no-start/home-after.json
4f53cda18c2baa0c0354bb5f9a3ecbe5ed12ab4d8e11ba873c2f11161202b945  ??  artifacts/rust-tauri/R03/repair-current/G07-E01/verify-stage-r02-regression/CLIENT/cli-help-exit0-no-start/home-before.json
4f53cda18c2baa0c0354bb5f9a3ecbe5ed12ab4d8e11ba873c2f11161202b945  ??  artifacts/rust-tauri/R03/repair-current/G07-E01/verify-stage-r02-regression/CLIENT/cli-serve-unknown-arg-exit1-no-start/home-after.json
4f53cda18c2baa0c0354bb5f9a3ecbe5ed12ab4d8e11ba873c2f11161202b945  ??  artifacts/rust-tauri/R03/repair-current/G07-E01/verify-stage-r02-regression/CLIENT/cli-serve-unknown-arg-exit1-no-start/home-before.json
4f53cda18c2baa0c0354bb5f9a3ecbe5ed12ab4d8e11ba873c2f11161202b945  ??  artifacts/rust-tauri/R03/repair-current/G07-E01/verify-stage-r02-regression/CLIENT/cli-unknown-arg-exit1-no-start/home-after.json
4f53cda18c2baa0c0354bb5f9a3ecbe5ed12ab4d8e11ba873c2f11161202b945  ??  artifacts/rust-tauri/R03/repair-current/G07-E01/verify-stage-r02-regression/CLIENT/cli-unknown-arg-exit1-no-start/home-before.json
cd3716752f84e0776667f5d619400e05f93ae34d6f8d2e3ead27be61f297c92a  ??  artifacts/rust-tauri/R03/repair-current/G07-E01/verify-stage-r02-regression/CLIENT/leaf-cases.json
9a51d9093a8a95218544870c9d1d955e86f0ff5d88432763a3a1e7b54339fce2  ??  artifacts/rust-tauri/R03/repair-current/G07-E01/verify-stage-r02-regression/CLIENT/sharing-cases.json
4c9d044341df7968851c973bc500ce2df8d6a75e767173bb83c43abc830f967d  ??  artifacts/rust-tauri/R03/repair-current/G07-E01/verify-stage-r02-regression/CLIENT/summary.json
5e7e3a65b6515af7ae89a0ac0452a39e937eb8d5b3ef16ef4fea53a65007f393  ??  artifacts/rust-tauri/R03/repair-current/G07-E01/verify-stage-r02-regression/CLI_RUST/cli-rust-cases.json
1375904d2db7432f2c81f07151356d96ad1c1dfee099891d0d6694d8446194da  ??  artifacts/rust-tauri/R03/repair-current/G07-E01/verify-stage-r02-regression/CLI_RUST/home-main/data-epoch.json
d1451d9cea113ab9b6c043a7f068854570ec76f6c2f20fd9ab2a6a8b3dcbfc98  ??  artifacts/rust-tauri/R03/repair-current/G07-E01/verify-stage-r02-regression/CLI_RUST/home-main/lingxi-service/data/runs.db-shm
e3b0c44298fc1c149afbf4c8996fb92427ae41e4649b934ca495991b7852b855  ??  artifacts/rust-tauri/R03/repair-current/G07-E01/verify-stage-r02-regression/CLI_RUST/home-main/lingxi-service/data/runs.db-wal
36a1ff07b1a859166922521bc33ac96c1194d840a8ec8427ef4eb6a7add116c4  ??  artifacts/rust-tauri/R03/repair-current/G07-E01/verify-stage-r02-regression/CLI_RUST/home-main/lingxi-service/device-credentials.json
64bea6b51726aa336f747771c1f6adc9979eaa10878cafabb8a497546e58e7a0  ??  artifacts/rust-tauri/R03/repair-current/G07-E01/verify-stage-r02-regression/CLI_RUST/home-main/lingxi-service/devices.json
e3b0c44298fc1c149afbf4c8996fb92427ae41e4649b934ca495991b7852b855  ??  artifacts/rust-tauri/R03/repair-current/G07-E01/verify-stage-r02-regression/CLI_RUST/home-main/lingxi-service/instance.lock
283b40bb7c076f067a5db12afd709d0fb74fb70872dce7605d458ec5a1170eae  ??  artifacts/rust-tauri/R03/repair-current/G07-E01/verify-stage-r02-regression/CLI_RUST/home-main/lingxi-service/local-token.json
bbdebf9fa13e007c7485b87c03a4d81f5c81a295d025afa83a2daf1d56e6d881  ??  artifacts/rust-tauri/R03/repair-current/G07-E01/verify-stage-r02-regression/CLI_RUST/home-main/lingxi-service/management.json
fef1da12458d4f58e5ac150ea8cf9628d7234180c32d4ceed0b3b71d4e83f05e  ??  artifacts/rust-tauri/R03/repair-current/G07-E01/verify-stage-r02-regression/CLI_RUST/home-newer/data-epoch.json
e3b0c44298fc1c149afbf4c8996fb92427ae41e4649b934ca495991b7852b855  ??  artifacts/rust-tauri/R03/repair-current/G07-E01/verify-stage-r02-regression/CLI_RUST/home-newer/lingxi-service/instance.lock
655fa99a5156e03d194eedbb14b5beb839aaa9a95a9a4349a91bd384082aa37d  ??  artifacts/rust-tauri/R03/repair-current/G07-E01/verify-stage-r02-regression/CLI_RUST/sessions-empty-api.json
b88a3ec9e60db215c4ca04c5ddf4decfa65aaf18df424399ae8bf0c60ba8d3de  ??  artifacts/rust-tauri/R03/repair-current/G07-E01/verify-stage-r02-regression/CLI_RUST/sessions-fixture-ledger.json
4d3ccf725a93266a04f78eeff964c2a1e2200807575e1c27b7ab31b4b2904309  ??  artifacts/rust-tauri/R03/repair-current/G07-E01/verify-stage-r02-regression/CLI_RUST/sessions-limit-api.json
a41dd6c3f98f00818211ec781982712f3f22f370d545b213e536e0b10a7dab28  ??  artifacts/rust-tauri/R03/repair-current/G07-E01/verify-stage-r02-regression/CLI_RUST/sessions-owner-api.json
3e752b3f4fd407f6cd19dcf123ab72f6ee6389a3fc1847559b5d205ae6f86d5e  ??  artifacts/rust-tauri/R03/repair-current/G07-E01/verify-stage-r02-regression/CLI_SESSIONS/auth/.last-body
1319bbe558a1a9043433da92529bc8c24d2b6fbcabc962836a938e946e273399  ??  artifacts/rust-tauri/R03/repair-current/G07-E01/verify-stage-r02-regression/CLI_SESSIONS/auth/body-limit.txt
c0c19dff508a998f0c6e1fbf2643c2d78647cd6495bc53c57d2566877a3abc0b  ??  artifacts/rust-tauri/R03/repair-current/G07-E01/verify-stage-r02-regression/CLI_SESSIONS/auth/cli-sessions-limit-case.json
5f75446093cc1548992fc7a4d9a494aff866ec756305d470c2af9d119f726461  ??  artifacts/rust-tauri/R03/repair-current/G07-E01/verify-stage-r02-regression/CLI_SESSIONS/auth/creds-after-authz.json
a3149032cc80ff04b8940ae7fa227d581e2f9d66607e1aa9cf43bf1c02b58e2a  ??  artifacts/rust-tauri/R03/repair-current/G07-E01/verify-stage-r02-regression/CLI_SESSIONS/auth/creds-before-authz.json
adcf03ed0f380732e9376e00845400241da090e0794c0460f7f3dd33e2f7c70e  ??  artifacts/rust-tauri/R03/repair-current/G07-E01/verify-stage-r02-regression/CLI_SESSIONS/auth/devices-after-authz.json
ab73c295e6886066ed279843f0a4d164198d9ba9b982f3f12bc16ac97f2a9e1c  ??  artifacts/rust-tauri/R03/repair-current/G07-E01/verify-stage-r02-regression/CLI_SESSIONS/auth/devices-before-authz.json
df59f4f35de8cb0111700b0b8ea09effbabb387c7e6fb69fe235715d19bcaf92  ??  artifacts/rust-tauri/R03/repair-current/G07-E01/verify-stage-r02-regression/CLI_SESSIONS/auth/leaf-cases.json
99e3e3e22724f00c71b9a075ed2b61e8716bfac9e5d1a9387ea7680191ddf007  ??  artifacts/rust-tauri/R03/repair-current/G07-E01/verify-stage-r02-regression/CLI_SESSIONS/auth/leaf-cases.ndjson
4bb9ceb0f5f4fc02e5d4028502487f2efe23c53257d26d8e549e6f503955de68  ??  artifacts/rust-tauri/R03/repair-current/G07-E01/verify-stage-r02-regression/CLI_SESSIONS/auth/me-denied-after.sha256
4bb9ceb0f5f4fc02e5d4028502487f2efe23c53257d26d8e549e6f503955de68  ??  artifacts/rust-tauri/R03/repair-current/G07-E01/verify-stage-r02-regression/CLI_SESSIONS/auth/me-denied-before.sha256
9901fa4939e8c0683cc392787126273c429530490fdebe18e68d1ad0c6fc2459  ??  artifacts/rust-tauri/R03/repair-current/G07-E01/verify-stage-r02-regression/CLI_SESSIONS/auth/sessions-list-matrix.json
25d59a677a1a4cf125be2f3cf890982ff8612fc83a1c004e03c56286a1274b06  ??  artifacts/rust-tauri/R03/repair-current/G07-E01/verify-stage-r02-regression/CLI_SESSIONS/auth/state-after-authn.txt
7dd5e4f6539de9ddd9bef94bc031ff0d3cd4240de73d941c485e145c95e9880e  ??  artifacts/rust-tauri/R03/repair-current/G07-E01/verify-stage-r02-regression/CLI_SESSIONS/auth/state-after.txt
25d59a677a1a4cf125be2f3cf890982ff8612fc83a1c004e03c56286a1274b06  ??  artifacts/rust-tauri/R03/repair-current/G07-E01/verify-stage-r02-regression/CLI_SESSIONS/auth/state-before-authz.txt
25d59a677a1a4cf125be2f3cf890982ff8612fc83a1c004e03c56286a1274b06  ??  artifacts/rust-tauri/R03/repair-current/G07-E01/verify-stage-r02-regression/CLI_SESSIONS/auth/state-before.txt
599ac8faf58492137fbaa30b5694e764e9bac1c4abc166289f0444729c583ded  ??  artifacts/rust-tauri/R03/repair-current/G07-E01/verify-stage-r02-regression/CLI_SESSIONS/auth/summary.txt
437159385a50c67eecf6b9d8e0f1c46f4906ef01f8beca57ed437b18f83f7f40  ??  artifacts/rust-tauri/R03/repair-current/G07-E01/verify-stage-r02-regression/CLI_SESSIONS/auth/ws-matrix.json
6358fa3cfd2dcdb9e36af0188381c9c4df2e386219459c834d18bfdb33e664c0  ??  artifacts/rust-tauri/R03/repair-current/G07-E01/verify-stage-r02-regression/CLI_SESSIONS/cli-sessions-cases.json
a19eb9a87873740e2ae186d5781bb6b71a3eafb5de543d20d6942a4cddb7ce7d  ??  artifacts/rust-tauri/R03/repair-current/G07-E01/verify-stage-r02-regression/CLI_SESSIONS/summary.json
ddf4c71e67b3ae1b5bb8ecaeb49e755e1af2c357af434f29767c69872292849b  ??  artifacts/rust-tauri/R03/repair-current/G07-E01/verify-stage-r02-regression/MANAGEMENT/management-cases.json
86d8752725b8e857645ae1302055437ebfc755b0be4959387f561266722233ff  ??  artifacts/rust-tauri/R03/repair-current/G07-E01/verify-stage-r02-regression/MANAGEMENT/security-audit-sources.json
48f2be4cfd41afcfe2a890f495102498d494424e641c47a301f4b6f2fa376cc1  ??  artifacts/rust-tauri/R03/repair-current/G07-E01/verify-stage-r02-regression/MANAGEMENT/security-audit.jsonl
0659fc83df324b437c5a986d04bc669cbace6e24ec00794419f5a1be6e6b0442  ??  artifacts/rust-tauri/R03/repair-current/G07-E01/verify-stage-r02-regression/MANAGEMENT/summary.json
c71ea5f7520ea670f1c6b38bedab8ba3d31e8c57b9481b5508f0b2e33992bac9  ??  artifacts/rust-tauri/R03/repair-current/G07-E01/verify-stage-r02-regression/MANAGEMENT/tls-web-login-cases.json
f7c9bdf0d29aa658ea31f04b9a03cb1b8f3fbef4bd0b6828e8f8836c85359cfd  ??  artifacts/rust-tauri/R03/repair-current/G07-E01/verify-stage-r02-regression/MANAGEMENT/web-login-cases.json
1c7affd88fbf974168567ad2bb7e59112ada629817bdf95bd681c594376fc0d5  ??  artifacts/rust-tauri/R03/repair-current/G07-E01/verify-stage-r02-regression/STATIC_WEB/static-web-cases.json
b62e3cd61e1398c2453866c88bbba0b72fa28d596def1444a292d390468a53c0  ??  artifacts/rust-tauri/R03/repair-current/G07-E01/verify-stage-r02-regression/STATIC_WEB/summary.json
32a51a23277ec3d6638e45d57b31f5672c66e74cd33c8b93c0e5f4bb9449fea5  ??  artifacts/rust-tauri/R03/repair-current/G07-E01/verify-stage-r02-regression/candidate-source-after.json
32a51a23277ec3d6638e45d57b31f5672c66e74cd33c8b93c0e5f4bb9449fea5  ??  artifacts/rust-tauri/R03/repair-current/G07-E01/verify-stage-r02-regression/candidate-source-before.json
67676a4a0c3ff9b2d9f2c71e34fff04bc3d20f51128d752f3ac72b6599f3614a  ??  artifacts/rust-tauri/R03/repair-current/G07-E01/verify-stage-r02-regression/verify-stage-result.json
e74e2c43c25655fae56a802529d230cd89a03098bf71e488eb1483c3b0f92982  ??  artifacts/rust-tauri/R03/repair-current/G07-E01/verify-stage-r03.exit-code.txt
f5b0981175fe9bd307c7bb4e8dcb8490cfa58585d62d9c3e2f7eb03e4e875e54  ??  artifacts/rust-tauri/R03/repair-current/G07-E01/verify-stage-r03/A15/cases/background-run-completes-decoupled.json
fda5f46e011354371ff149d97818d48d3b78dca205e17e8a7b39dba1cb4013e6  ??  artifacts/rust-tauri/R03/repair-current/G07-E01/verify-stage-r03/A15/cases/background-survives-unrelated-cancel.json
92eebd1162583e5ed42a8e61a80b5c84e94753ed6562c35c930ebb65f6e23f01  ??  artifacts/rust-tauri/R03/repair-current/G07-E01/verify-stage-r03/A15/cases/cancel-live-run-accepted-terminal-cancelled.json
edc380e78d3b8f95b51f12c2bbfcb702760327da3f20bd6c9f456b5c7e0934de  ??  artifacts/rust-tauri/R03/repair-current/G07-E01/verify-stage-r03/A15/cases/cancel-terminal-run-already-terminal.json
e320e539d701e4f285fcff1a42629b28016fa5f103e77fccb5c1ddf921155742  ??  artifacts/rust-tauri/R03/repair-current/G07-E01/verify-stage-r03/A15/cases/cancel-unknown-run-not-found.json
a513a19cd5ca9bc857d2e01c9be7ec61e3e5677e7d1948db618b31fb7aba127a  ??  artifacts/rust-tauri/R03/repair-current/G07-E01/verify-stage-r03/A15/cases/cancel-waiting-approval-cancels-cleanly.json
602b436fbd1f0de778ca086853030197fe28a3fde1a5f694ebea64e4f8779c8a  ??  artifacts/rust-tauri/R03/repair-current/G07-E01/verify-stage-r03/A15/cases/combo-cancel-stream-terminal-cancelled.json
b24ff9cdbb08092492dd68815bdf3c4a6f38c8e2a42cd79c30abbfcacdfef745  ??  artifacts/rust-tauri/R03/repair-current/G07-E01/verify-stage-r03/A15/cases/combo-crash-recovery-honest-interrupted.json
d9e8dea9429b0f0c9fc86be7f31dcd96b4b227e1174dcdea6d1f00b177ec2987  ??  artifacts/rust-tauri/R03/repair-current/G07-E01/verify-stage-r03/A15/cases/combo-cross-session-both-complete.json
106bebd1aa293f120bb83f22b33de1e19ae817a4963587e2ee17be8731293349  ??  artifacts/rust-tauri/R03/repair-current/G07-E01/verify-stage-r03/A15/cases/combo-duplicate-conflict-rejected.json
eafb37ffcb4d76d45d58a64d80d9ef413064c1f979d64ba1cc2e609d147963fc  ??  artifacts/rust-tauri/R03/repair-current/G07-E01/verify-stage-r03/A15/cases/combo-duplicate-replay-no-second-run.json
346e6cb6ae16f125e4bbfdbf24d2bbcf63c92fa9642b2676fa06a78bfa1e8fdb  ??  artifacts/rust-tauri/R03/repair-current/G07-E01/verify-stage-r03/A15/cases/combo-events-subscriber-saw-terminal.json
97a0c8f8404d1c042f8f7efd240d5d5f5446103b21bcccf9c5c90461b6082043  ??  artifacts/rust-tauri/R03/repair-current/G07-E01/verify-stage-r03/A15/cases/combo-multi-tool-three-calls.json
aa936466e694a90f4087b7ae928f7c9b96ae1450073774fcb29d177dfa59c7b6  ??  artifacts/rust-tauri/R03/repair-current/G07-E01/verify-stage-r03/A15/cases/combo-multi-turn-one-terminal.json
f7bdd9e301d37d6a062e13225cfc84d7e96c1f88cd75d34e300ab00dd0fad0a0  ??  artifacts/rust-tauri/R03/repair-current/G07-E01/verify-stage-r03/A15/cases/combo-normal-run-completed.json
51d8bd26cb2f29bee74097b5ef9a36e3389a56a1c7127e86fa36d75a8106659e  ??  artifacts/rust-tauri/R03/repair-current/G07-E01/verify-stage-r03/A15/cases/combo-out-of-order-late-result-fenced.json
e18f1fcb5cc4af47da6184707fb88e0c0ed656f1fafffe8020a3001c9826c931  ??  artifacts/rust-tauri/R03/repair-current/G07-E01/verify-stage-r03/A15/cases/combo-timeout-budget-loud-failure.json
ccbc0f5c630f404851ca1c561fd5c73421ba9b217ceeff29973b263f05e30888  ??  artifacts/rust-tauri/R03/repair-current/G07-E01/verify-stage-r03/A15/cases/parent-cancel-stops-child-run.json
d72d7e1151ea38a4eeb9ad435aa66dc376039e41ff714f9f550e1f2c8934585a  ??  artifacts/rust-tauri/R03/repair-current/G07-E01/verify-stage-r03/A15/cases/reconnect-resume-no-model-restart.json
5d89ed42d309bfcfd13956b901f209eb432200e88c2ae1eea74d6eaffe625b2a  ??  artifacts/rust-tauri/R03/repair-current/G07-E01/verify-stage-r03/A15/cases/steer-busy-accepted.json
360ccd0c00f5114974f5f2967860d1c339a2e2baa808a2f5dca49f334fe0d386  ??  artifacts/rust-tauri/R03/repair-current/G07-E01/verify-stage-r03/A15/cases/steer-idle-miss.json
d00e58227225a313e612b18019d7f95a07382b0426ab7fbeb39bc4b05b740cc5  ??  artifacts/rust-tauri/R03/repair-current/G07-E01/verify-stage-r03/A15/cases/steer-text-drained-into-model-input.json
1d91fbec57470aebfedf338d49c5109fdd0216e02d720737ed53335eb06ae4c8  ??  artifacts/rust-tauri/R03/repair-current/G07-E01/verify-stage-r03/A15/cases/subagent-child-cancel-stops-child-only.json
25c6b5b26b72b0a4408db94f4f0e40b77faa84d32ccfeaffaf04e29fb20c07c9  ??  artifacts/rust-tauri/R03/repair-current/G07-E01/verify-stage-r03/A15/cases/subagent-close-thread-closed-status.json
c8d7de61de38e7dfa38ea3376602da5c50882e6d6238c3a1ff61b6ac7df04418  ??  artifacts/rust-tauri/R03/repair-current/G07-E01/verify-stage-r03/A15/cases/subagent-dispatch-child-lineage-recorded.json
dce5bbb9b54961ee64c8634f90f4f2600975918f6a2590b57b7b28dd425016bd  ??  artifacts/rust-tauri/R03/repair-current/G07-E01/verify-stage-r03/A15/cases/subagent-escalation-write-denied-zero-children.json
dcd19d358a8a5e560042eee304f1f5460d1c79ba1a64d611fb1007b830562010  ??  artifacts/rust-tauri/R03/repair-current/G07-E01/verify-stage-r03/A15/cases/subagent-policy-proactive-delegation-default-off.json
ffef3903ae224f661b415622ed9c76da5e265c01a9c15b867f429c1f6d10ef15  ??  artifacts/rust-tauri/R03/repair-current/G07-E01/verify-stage-r03/A15/cases/subagent-reply-continues-thread.json
d097c60f1416e1febc17bd0959b1c9252ca9be86b6a1e982d42d9240a38b107e  ??  artifacts/rust-tauri/R03/repair-current/G07-E01/verify-stage-r03/A15/combo-counts.json
4c56fd82542a56017ef5e59d3b0c9752ede52032f31f31c24c2de458153ad296  ??  artifacts/rust-tauri/R03/repair-current/G07-E01/verify-stage-r03/A15/combos/cancel-approval-wait.json
f861ce9b1dbe64f781134bae916b9c8f2503f4ad8572e98bfc18d180a4e35e33  ??  artifacts/rust-tauri/R03/repair-current/G07-E01/verify-stage-r03/A15/combos/cancel-stream-read.json
76b74d822e65d068718af971eb29865cc4891a50d128a35b0bc955cc3b6b65a2  ??  artifacts/rust-tauri/R03/repair-current/G07-E01/verify-stage-r03/A15/combos/crash-recovery.json
ef5545b54a472c39f9b09d995f9ba2e3671618a56d4de3eb7fe4fad24d81f22b  ??  artifacts/rust-tauri/R03/repair-current/G07-E01/verify-stage-r03/A15/combos/cross-session-parallel.json
7f7fd9a6f050ba6811d5b1d7313d11473f92089a4ec0fd2335779e99b59cdaa1  ??  artifacts/rust-tauri/R03/repair-current/G07-E01/verify-stage-r03/A15/combos/duplicate-submission.json
fc9b468ae0f2bd2cfff1a3ead3ba02756e59e73dc0c0a0ebb5142456d1ae38a8  ??  artifacts/rust-tauri/R03/repair-current/G07-E01/verify-stage-r03/A15/combos/leaf-parent-cancel.json
a59635405b3569b1c0c950cb282ecf3749923b36c6b1b5e4d3d21fc3f4458102  ??  artifacts/rust-tauri/R03/repair-current/G07-E01/verify-stage-r03/A15/combos/leaf-steer.json
fd60e4ca043c4073ddf838b3f0fe918436ede45ff7765efc8f1cad42821186f4  ??  artifacts/rust-tauri/R03/repair-current/G07-E01/verify-stage-r03/A15/combos/multi-tool.json
075cad25ce0207f3b49138b8d415d0db78da1005207b2f64d282b478bffa44ae  ??  artifacts/rust-tauri/R03/repair-current/G07-E01/verify-stage-r03/A15/combos/multi-turn-model.json
f94832aef81d68346dd1b25b1ad7312d6bc141a69a616a218b640aa170fbebcb  ??  artifacts/rust-tauri/R03/repair-current/G07-E01/verify-stage-r03/A15/combos/normal.json
44f5b48c4f288ee214f7053e16857997f1fb66a6be241466141301a16c6872e7  ??  artifacts/rust-tauri/R03/repair-current/G07-E01/verify-stage-r03/A15/combos/timeout-budget.json
505ecfbac3942739846be3a188cabea9d26c9641628253767c5457bdff2ab44f  ??  artifacts/rust-tauri/R03/repair-current/G07-E01/verify-stage-r03/A15/leaf-cases.json
bdaad3ebf5ff0689f1652a4b7c24716f5b0138db8876d8941ceb6bbe390650fa  ??  artifacts/rust-tauri/R03/repair-current/G07-E01/verify-stage-r03/A15/summary.txt
9a652a14c5a43c20164935bd4963aa32c2a32445a13a91c504c563352517c3b7  ??  artifacts/rust-tauri/R03/repair-current/G07-E01/verify-stage-r03/A16/captured-seed.txt
9a652a14c5a43c20164935bd4963aa32c2a32445a13a91c504c563352517c3b7  ??  artifacts/rust-tauri/R03/repair-current/G07-E01/verify-stage-r03/A16/p2-captured-seed-attempt-0.txt
9a652a14c5a43c20164935bd4963aa32c2a32445a13a91c504c563352517c3b7  ??  artifacts/rust-tauri/R03/repair-current/G07-E01/verify-stage-r03/A16/p3-replay-1-seed.txt
9a652a14c5a43c20164935bd4963aa32c2a32445a13a91c504c563352517c3b7  ??  artifacts/rust-tauri/R03/repair-current/G07-E01/verify-stage-r03/A16/p3-replay-2-seed.txt
3fd4aaf96fe0793daf71f6aa3f52fa6c74856c7ddd31d414962724cf4df651d5  ??  artifacts/rust-tauri/R03/repair-current/G07-E01/verify-stage-r03/A16/seed-mechanism.json
7d823ecd2fe778be4bc9ccdeaa060189bb8c8a9e8bd9737f51cb16fbd9b11f68  ??  artifacts/rust-tauri/R03/repair-current/G07-E01/verify-stage-r03/A16/summary.txt
a78e649733d4fea6a4eed258f2828044be4f87cbe15d6e4cd56aa13bbdf42064  ??  artifacts/rust-tauri/R03/repair-current/G07-E01/verify-stage-r03/G07_REPAIR/cases.jsonl
e3b0c44298fc1c149afbf4c8996fb92427ae41e4649b934ca495991b7852b855  ??  artifacts/rust-tauri/R03/repair-current/G07-E01/verify-stage-r03/G07_REPAIR/gaps.txt
fb01ac619921de38fc8b3f4b03acf1679ef1970aa72ad9b11894254d77ec1319  ??  artifacts/rust-tauri/R03/repair-current/G07-E01/verify-stage-r03/G07_REPAIR/repair-cases.json
adebf94adf1305de41508726eebe386e4abf2994f31973f70d0a4580d7372cc6  ??  artifacts/rust-tauri/R03/repair-current/G07-E01/verify-stage-r03/G07_REPAIR/summary.txt
a1d153bd134388d8b95b8c51ef521397a93e9a11258abc35e380246e5cafafeb  ??  artifacts/rust-tauri/R03/repair-current/G07-E01/verify-stage-r03/R02/A05_A06/.last-body
1319bbe558a1a9043433da92529bc8c24d2b6fbcabc962836a938e946e273399  ??  artifacts/rust-tauri/R03/repair-current/G07-E01/verify-stage-r03/R02/A05_A06/body-limit.txt
c0c19dff508a998f0c6e1fbf2643c2d78647cd6495bc53c57d2566877a3abc0b  ??  artifacts/rust-tauri/R03/repair-current/G07-E01/verify-stage-r03/R02/A05_A06/cli-sessions-limit-case.json
caac9dc66dc5e6611a036853499af0739784ee851d6886f512834acc6abf0542  ??  artifacts/rust-tauri/R03/repair-current/G07-E01/verify-stage-r03/R02/A05_A06/creds-after-authz.json
bec27ec87d260e5a59858fbd29c1339be3da80f0824de549c76f2c5af0a84cce  ??  artifacts/rust-tauri/R03/repair-current/G07-E01/verify-stage-r03/R02/A05_A06/creds-before-authz.json
2eaef16c50e24eb952906ebde6be9334cb391142b205bc2b828304e6f6f1fd3c  ??  artifacts/rust-tauri/R03/repair-current/G07-E01/verify-stage-r03/R02/A05_A06/devices-after-authz.json
61f4e1fa67a81274987e30a740b04009e9fac39d090910fedd54d01975fe9625  ??  artifacts/rust-tauri/R03/repair-current/G07-E01/verify-stage-r03/R02/A05_A06/devices-before-authz.json
f973a7a55989f4c77b159a37383a34fe0bb7526eb660e8a01ae2c3685305ca2f  ??  artifacts/rust-tauri/R03/repair-current/G07-E01/verify-stage-r03/R02/A05_A06/leaf-cases.json
1d2a14f6b6e5ff08d91f6f7cfca54e0725cc0b60c6318b706fe12471a36f3605  ??  artifacts/rust-tauri/R03/repair-current/G07-E01/verify-stage-r03/R02/A05_A06/leaf-cases.ndjson
9c90920b08ac582795bca5854a21e3785c228f7144cefb9d9e111dfbed71a60d  ??  artifacts/rust-tauri/R03/repair-current/G07-E01/verify-stage-r03/R02/A05_A06/me-denied-after.sha256
9c90920b08ac582795bca5854a21e3785c228f7144cefb9d9e111dfbed71a60d  ??  artifacts/rust-tauri/R03/repair-current/G07-E01/verify-stage-r03/R02/A05_A06/me-denied-before.sha256
9901fa4939e8c0683cc392787126273c429530490fdebe18e68d1ad0c6fc2459  ??  artifacts/rust-tauri/R03/repair-current/G07-E01/verify-stage-r03/R02/A05_A06/sessions-list-matrix.json
021c3dd71f63d8968930e87297a43fc520ba0a493e501852e3221af0fffac1d4  ??  artifacts/rust-tauri/R03/repair-current/G07-E01/verify-stage-r03/R02/A05_A06/state-after-authn.txt
73bbb958af58c7cdd5d1e5bf6aaebfb0f9bb230c60f75fc0f13c411ca6335186  ??  artifacts/rust-tauri/R03/repair-current/G07-E01/verify-stage-r03/R02/A05_A06/state-after.txt
021c3dd71f63d8968930e87297a43fc520ba0a493e501852e3221af0fffac1d4  ??  artifacts/rust-tauri/R03/repair-current/G07-E01/verify-stage-r03/R02/A05_A06/state-before-authz.txt
021c3dd71f63d8968930e87297a43fc520ba0a493e501852e3221af0fffac1d4  ??  artifacts/rust-tauri/R03/repair-current/G07-E01/verify-stage-r03/R02/A05_A06/state-before.txt
f0335bc57b949e7c6493e8a8ad6b12ebfec90c153c0da5a05db3a59573a5c976  ??  artifacts/rust-tauri/R03/repair-current/G07-E01/verify-stage-r03/R02/A05_A06/summary.txt
086e508ee12775836ffdd3f330e6ff80ee89d2b347020d2059b9983a99f7c39f  ??  artifacts/rust-tauri/R03/repair-current/G07-E01/verify-stage-r03/R02/A05_A06/ws-matrix.json
f98ffdd693ae704885803613d71343fbd7e49379f709859136ee001a998e66d6  ??  artifacts/rust-tauri/R03/repair-current/G07-E01/verify-stage-r03/R02/A07_A08/last-db-hashes.txt
e613a984930f45c73fa5aa79af6955b0ac56faa30868e1da85d84a96a180eee3  ??  artifacts/rust-tauri/R03/repair-current/G07-E01/verify-stage-r03/R02/A07_A08/s1-counts-after-stop.json
6e11d3157e36f2f24de72943cc5df97aec8475c1e95a29c6fed9cc451e41da10  ??  artifacts/rust-tauri/R03/repair-current/G07-E01/verify-stage-r03/R02/A07_A08/s2-counts-after-crash.json
44dfcd600781c6cb6c27ccf7c421836dd14773477a77a384cb5a3373192ce5bb  ??  artifacts/rust-tauri/R03/repair-current/G07-E01/verify-stage-r03/R02/A07_A08/s2-runs-dump.jsonl
7965d7fd261e7f369d2f2b1bfe266803083e670cba60155a01e9ef13bbf0fc69  ??  artifacts/rust-tauri/R03/repair-current/G07-E01/verify-stage-r03/R02/A07_A08/s3-fault.err
e3b0c44298fc1c149afbf4c8996fb92427ae41e4649b934ca495991b7852b855  ??  artifacts/rust-tauri/R03/repair-current/G07-E01/verify-stage-r03/R02/A07_A08/s3-fault.out
41e82a6306961effdc89a551804417b5efac9b550e8071f1ec2ca848e956f015  ??  artifacts/rust-tauri/R03/repair-current/G07-E01/verify-stage-r03/R02/A07_A08/s4-hashes-after.txt
41e82a6306961effdc89a551804417b5efac9b550e8071f1ec2ca848e956f015  ??  artifacts/rust-tauri/R03/repair-current/G07-E01/verify-stage-r03/R02/A07_A08/s4-hashes-before.txt
c2a54522741dcf3da7a772fd1f3b1b185bf50de3ecddbdb9b72dff4fd809c8ee  ??  artifacts/rust-tauri/R03/repair-current/G07-E01/verify-stage-r03/R02/A07_A08/s4-migrations-round1.json
c2a54522741dcf3da7a772fd1f3b1b185bf50de3ecddbdb9b72dff4fd809c8ee  ??  artifacts/rust-tauri/R03/repair-current/G07-E01/verify-stage-r03/R02/A07_A08/s4-migrations-round2.json
c2a54522741dcf3da7a772fd1f3b1b185bf50de3ecddbdb9b72dff4fd809c8ee  ??  artifacts/rust-tauri/R03/repair-current/G07-E01/verify-stage-r03/R02/A07_A08/s4-migrations-round3.json
0c7983c6323bbf825185ada55a098f2949ddd8236c7e9c9c6d37e640bf2e54f8  ??  artifacts/rust-tauri/R03/repair-current/G07-E01/verify-stage-r03/R02/A07_A08/service-s1.err
492adf21e34d5541a447785d4bdb169cd6782a090339410b5edbc89e85040366  ??  artifacts/rust-tauri/R03/repair-current/G07-E01/verify-stage-r03/R02/A07_A08/service-s1.out
b1a1aad93a5350a08395daba42be85708545b5ce8175b25f6e4e2f0364312e7d  ??  artifacts/rust-tauri/R03/repair-current/G07-E01/verify-stage-r03/R02/A07_A08/service-s1b.err
3285aa468cf37375bd45d14f4c5d820ece3d89ab7478b2bc460b3345a5c407b2  ??  artifacts/rust-tauri/R03/repair-current/G07-E01/verify-stage-r03/R02/A07_A08/service-s1b.out
8179c3f829600cd5234d76997192145ce75ea9fba208cf1e70fea8c951cb9183  ??  artifacts/rust-tauri/R03/repair-current/G07-E01/verify-stage-r03/R02/A07_A08/service-s2.err
b6dc38e52f99be972e77daf9aaecfd9f0efa63457555c341df307dd1e009866b  ??  artifacts/rust-tauri/R03/repair-current/G07-E01/verify-stage-r03/R02/A07_A08/service-s2.out
e6056e69d34844d318025822fad13ec13479b51ad697ddeb65ebe84b27e7913c  ??  artifacts/rust-tauri/R03/repair-current/G07-E01/verify-stage-r03/R02/A07_A08/service-s2b.err
766ce7e90041867e32b083a6107bbd7309bb9e314aff683d38731d467d6e195c  ??  artifacts/rust-tauri/R03/repair-current/G07-E01/verify-stage-r03/R02/A07_A08/service-s2b.out
31ffbb77f3af6f9a297ca812fac71b32fed255f75fa5c9cda9facb1ec9ebe66a  ??  artifacts/rust-tauri/R03/repair-current/G07-E01/verify-stage-r03/R02/A07_A08/service-s4-1.err
984a22e8cfb8d482c3c5fa7cf93c57f2100198442a0dd0d4b4b4b394caaef8c0  ??  artifacts/rust-tauri/R03/repair-current/G07-E01/verify-stage-r03/R02/A07_A08/service-s4-1.out
dce26662554e03956b2488e64a912c9c6f1abeb0b2d64ca336d5b0bca8fb30aa  ??  artifacts/rust-tauri/R03/repair-current/G07-E01/verify-stage-r03/R02/A07_A08/service-s4-2.err
37dccddc61e8dd2d707b1cddbac240c296c934b0d191d753c1de5a2d3022ff83  ??  artifacts/rust-tauri/R03/repair-current/G07-E01/verify-stage-r03/R02/A07_A08/service-s4-2.out
6621bc83476a9f0cefe34515894c1dc7099ad2765036aafe28e92ea31920b76b  ??  artifacts/rust-tauri/R03/repair-current/G07-E01/verify-stage-r03/R02/A07_A08/service-s4-3.err
2cedcce7026a22f0b3988bf1c3048b00ef809d882fcb8baecae0d5df71caadb1  ??  artifacts/rust-tauri/R03/repair-current/G07-E01/verify-stage-r03/R02/A07_A08/service-s4-3.out
21f73f26b0276cd256e41cefdb4300bc933638db5a3f8c576dffca40fe813163  ??  artifacts/rust-tauri/R03/repair-current/G07-E01/verify-stage-r03/R02/A07_A08/service.addr
7885cdb789dc030ebd3dc7ad0698cc2d3bfe0193846c5db1b85805b4ec8d9993  ??  artifacts/rust-tauri/R03/repair-current/G07-E01/verify-stage-r03/R02/A07_A08/service.pid
ef0c69072110e13bcf354619c10a98d842e8e82779465f9daa468de30a268a6b  ??  artifacts/rust-tauri/R03/repair-current/G07-E01/verify-stage-r03/R02/A07_A08/summary.txt
8179c8e4ef752170a0695cb544b448dc40bb9dd8365470d4363cb1a6a30d195c  ??  artifacts/rust-tauri/R03/repair-current/G07-E01/verify-stage-r03/R02/A09_A10/a09-merged-view.json
11e810c3f31031c984354d7721b633d6c98132b4871b32562ae0e428d6ebfc70  ??  artifacts/rust-tauri/R03/repair-current/G07-E01/verify-stage-r03/R02/A09_A10/a10-rebuild-diff.json
324e4068d145e2267b9266d4600b1bdd72bfaddcef453ddb705dd1283514abad  ??  artifacts/rust-tauri/R03/repair-current/G07-E01/verify-stage-r03/R02/A09_A10/key-events-dump.json
aa927b8fd9f6e2484c2f5d23493e0723af15c9c233106e7bef008e4ed6509509  ??  artifacts/rust-tauri/R03/repair-current/G07-E01/verify-stage-r03/R02/A09_A10/matrix.json
6de8cab94001bba75d7c572ded7855b2ef0375f15f5cfd195d83e0296d6e09db  ??  artifacts/rust-tauri/R03/repair-current/G07-E01/verify-stage-r03/R02/A09_A10/probe-matrix.jsonl
2985a44db0d916b5482394f0e56f077473dcc84738bad59329b21556083e38a6  ??  artifacts/rust-tauri/R03/repair-current/G07-E01/verify-stage-r03/R02/A09_A10/service.err
87fba1b36541f1a79437c5e3492df784d4f96e11da6ae8c918584886892d71b0  ??  artifacts/rust-tauri/R03/repair-current/G07-E01/verify-stage-r03/R02/A09_A10/service.out
dfeb48e5bcb7cf6566f6f6b377851712605ecf38a30c66222bdc1a413fe70cdc  ??  artifacts/rust-tauri/R03/repair-current/G07-E01/verify-stage-r03/R02/A09_A10/summary.txt
dd63f79ce1a39fdef735dbb9eb292c3f8a45db77c2513d3cc7379e5dbe13749e  ??  artifacts/rust-tauri/R03/repair-current/G07-E01/verify-stage-r03/R02/A11/backup-restore/s1-backup-dir-listing.txt
b9c026e8664bf3712972f9fb7750ff78e9b740216ef062c526f85f30b54b6ad8  ??  artifacts/rust-tauri/R03/repair-current/G07-E01/verify-stage-r03/R02/A11/backup-restore/s1-backup-outcome.json
e3b0c44298fc1c149afbf4c8996fb92427ae41e4649b934ca495991b7852b855  ??  artifacts/rust-tauri/R03/repair-current/G07-E01/verify-stage-r03/R02/A11/backup-restore/s1-backup.err
179585b416eafe7cc5cedff3b6e6d059e6e4528a6a91d7a44011452b054441a1  ??  artifacts/rust-tauri/R03/repair-current/G07-E01/verify-stage-r03/R02/A11/backup-restore/s1-restore-outcome.json
e3b0c44298fc1c149afbf4c8996fb92427ae41e4649b934ca495991b7852b855  ??  artifacts/rust-tauri/R03/repair-current/G07-E01/verify-stage-r03/R02/A11/backup-restore/s1-restore.err
b31e54cdb52c773e025c12b5935cc2d0f938d20b46862e5981e7b75b372d669e  ??  artifacts/rust-tauri/R03/repair-current/G07-E01/verify-stage-r03/R02/A11/backup-restore/s1-restored-dump.jsonl
b795c5dceaed9503d9764358c0c5bddd2ee5f319b067f28fe866db6b5ba4ec81  ??  artifacts/rust-tauri/R03/repair-current/G07-E01/verify-stage-r03/R02/A11/backup-restore/s1-restored-hash.txt
b31e54cdb52c773e025c12b5935cc2d0f938d20b46862e5981e7b75b372d669e  ??  artifacts/rust-tauri/R03/repair-current/G07-E01/verify-stage-r03/R02/A11/backup-restore/s1-source-dump.jsonl
a24e55d20b2ab156807e79a9d885205c02859953411824c60608b81e4e2ad169  ??  artifacts/rust-tauri/R03/repair-current/G07-E01/verify-stage-r03/R02/A11/backup-restore/s1-source-hash.txt
951e1f2cedf4a978898a4f9e620777561b8381ece9faf4223f8594a201f47f74  ??  artifacts/rust-tauri/R03/repair-current/G07-E01/verify-stage-r03/R02/A11/backup-restore/s1-wal-size.txt
e3b0c44298fc1c149afbf4c8996fb92427ae41e4649b934ca495991b7852b855  ??  artifacts/rust-tauri/R03/repair-current/G07-E01/verify-stage-r03/R02/A11/backup-restore/s3-backup-out.json
264c0bd8398e19af071a9b9b452c521c93ebd841d2644dcf0f75056959cef96c  ??  artifacts/rust-tauri/R03/repair-current/G07-E01/verify-stage-r03/R02/A11/backup-restore/s3-backup.err
9b33c4d50a9f7a0434980244454a85ce4288c7323241cf9ff22c50e6b8f8dd85  ??  artifacts/rust-tauri/R03/repair-current/G07-E01/verify-stage-r03/R02/A11/backup-restore/s4-ws-probe.json
a4c3ed04a95a3da14a9d235c83d868bed7c0f45cf7f3faa751ee8f50598d2211  ??  artifacts/rust-tauri/R03/repair-current/G07-E01/verify-stage-r03/R02/A11/backup-restore/s4-ws-probe.json.probe-done
3fd1b75a5dccb0111c400c52c854c6e396cd413d8148d5b3d4a7505bd8757de5  ??  artifacts/rust-tauri/R03/repair-current/G07-E01/verify-stage-r03/R02/A11/backup-restore/service-s1.addr
2342387c60750836f6302535df2c948fbdaf4af94dc202a8860db5d4e64df93a  ??  artifacts/rust-tauri/R03/repair-current/G07-E01/verify-stage-r03/R02/A11/backup-restore/service-s1.err
45bd5cd474226b5275fe162d9cdb6b24432fff2eb1fc8a1bcdd054c5cf6e3001  ??  artifacts/rust-tauri/R03/repair-current/G07-E01/verify-stage-r03/R02/A11/backup-restore/service-s1.out
e6aa890b5a236d0433655097d62c00ffea3b6dc1ed7ccf2c026498abb7a57ae5  ??  artifacts/rust-tauri/R03/repair-current/G07-E01/verify-stage-r03/R02/A11/backup-restore/service-s2.addr
8bb7a279a52aff037107608d51219441de19ea5c03b4dbbad4b72adafe1f22b4  ??  artifacts/rust-tauri/R03/repair-current/G07-E01/verify-stage-r03/R02/A11/backup-restore/service-s2.err
20eba29091591ddb70c236b4170b88c897734d03062f1bd62803db1ffa0bafe6  ??  artifacts/rust-tauri/R03/repair-current/G07-E01/verify-stage-r03/R02/A11/backup-restore/service-s2.out
0a781762e055b3f6031e35334e0dc5c744d089d113759b1fefe3250ac6dc709f  ??  artifacts/rust-tauri/R03/repair-current/G07-E01/verify-stage-r03/R02/A11/backup-restore/service-s4.addr
f8cd8b3b2a8a1a69061af262ef9e298f895bd845d75ec34da4216bed8599559d  ??  artifacts/rust-tauri/R03/repair-current/G07-E01/verify-stage-r03/R02/A11/backup-restore/service-s4.err
59be9d0a3878908ab3dd0e3f2e51c88946b6714945bc58fa2883ce5e263e976b  ??  artifacts/rust-tauri/R03/repair-current/G07-E01/verify-stage-r03/R02/A11/backup-restore/service-s4.out
1246b6c317f559405fca812c24b80518ee8aa71423f2313e532266980fb8e823  ??  artifacts/rust-tauri/R03/repair-current/G07-E01/verify-stage-r03/R02/A11/backup-restore/service.pid
668ed90314dae2acbb6362721a735ad323dcedd827e5ccc35d22848e6361a2f5  ??  artifacts/rust-tauri/R03/repair-current/G07-E01/verify-stage-r03/R02/A11/backup-restore/summary.txt
fd5311dd44cadb436df6b81c74f0bdf6ae999e7a85d56cd8d50080e9e5a44e35  ??  artifacts/rust-tauri/R03/repair-current/G07-E01/verify-stage-r03/R02/A12/recovery-drill/coexist-after.txt
fd5311dd44cadb436df6b81c74f0bdf6ae999e7a85d56cd8d50080e9e5a44e35  ??  artifacts/rust-tauri/R03/repair-current/G07-E01/verify-stage-r03/R02/A12/recovery-drill/coexist-before.txt
e211a07b6c3c495b8bc37090c079adbf329a209d2fd9ddbfb4f602ea3918a0ff  ??  artifacts/rust-tauri/R03/repair-current/G07-E01/verify-stage-r03/R02/A12/recovery-drill/own-created-homes.txt
79be6d64aa93bf457e5b337dfa16a187af549e49a08c7760b4ddb0f61bedf8ac  ??  artifacts/rust-tauri/R03/repair-current/G07-E01/verify-stage-r03/R02/A12/recovery-drill/summary.txt
7b2f675d535131e9ee3b95eb996b520af42000b1efea572dc62eff72fd758a84  ??  artifacts/rust-tauri/R03/repair-current/G07-E01/verify-stage-r03/R02/A12/recovery-drill/v1-hashes-after.txt
7b2f675d535131e9ee3b95eb996b520af42000b1efea572dc62eff72fd758a84  ??  artifacts/rust-tauri/R03/repair-current/G07-E01/verify-stage-r03/R02/A12/recovery-drill/v1-hashes-before.txt
f5dc98759bc92f326640745d11ab8014901902e0bb14f2130f5d7d7a14827441  ??  artifacts/rust-tauri/R03/repair-current/G07-E01/verify-stage-r03/R02/A12/recovery-drill/v1.err
e3b0c44298fc1c149afbf4c8996fb92427ae41e4649b934ca495991b7852b855  ??  artifacts/rust-tauri/R03/repair-current/G07-E01/verify-stage-r03/R02/A12/recovery-drill/v1.out
fcb269f1fc43e20619871bab0f6e464d30773313e55b17f725fc62249ab521be  ??  artifacts/rust-tauri/R03/repair-current/G07-E01/verify-stage-r03/R02/A12/recovery-drill/v2-hashes-after.txt
fcb269f1fc43e20619871bab0f6e464d30773313e55b17f725fc62249ab521be  ??  artifacts/rust-tauri/R03/repair-current/G07-E01/verify-stage-r03/R02/A12/recovery-drill/v2-hashes-before.txt
dcebe3f851a04e994746453d2707c6a3e2e5d413d24b0e91971828d45136330e  ??  artifacts/rust-tauri/R03/repair-current/G07-E01/verify-stage-r03/R02/A12/recovery-drill/v2.err
e3b0c44298fc1c149afbf4c8996fb92427ae41e4649b934ca495991b7852b855  ??  artifacts/rust-tauri/R03/repair-current/G07-E01/verify-stage-r03/R02/A12/recovery-drill/v2.out
a33ffd69acb495d9a221778bb2317e4cef00e4d752d794b9c1267890666ec43d  ??  artifacts/rust-tauri/R03/repair-current/G07-E01/verify-stage-r03/R02/A12/recovery-drill/v3-hashes-after.txt
a33ffd69acb495d9a221778bb2317e4cef00e4d752d794b9c1267890666ec43d  ??  artifacts/rust-tauri/R03/repair-current/G07-E01/verify-stage-r03/R02/A12/recovery-drill/v3-hashes-before.txt
270490145f632183b01da91133f60d14f2937c5df221c64d1b5bb40662a190f6  ??  artifacts/rust-tauri/R03/repair-current/G07-E01/verify-stage-r03/R02/A12/recovery-drill/v3.err
e3b0c44298fc1c149afbf4c8996fb92427ae41e4649b934ca495991b7852b855  ??  artifacts/rust-tauri/R03/repair-current/G07-E01/verify-stage-r03/R02/A12/recovery-drill/v3.out
fa3691f60498a2ff58c0aedc8073d5611711eec76093c193f6ca9546b8f184b7  ??  artifacts/rust-tauri/R03/repair-current/G07-E01/verify-stage-r03/R02/A12/recovery-drill/v4.err
5bc4a1992731dccc821c48e6ce840ac0a7c62031b6d1accd93318a654fad93d3  ??  artifacts/rust-tauri/R03/repair-current/G07-E01/verify-stage-r03/R02/A12/recovery-drill/v4.out
8666161f267c7d8857f9e8af1045e48948269d6e30f1b242b1e37cd77f95017d  ??  artifacts/rust-tauri/R03/repair-current/G07-E01/verify-stage-r03/R02/A12/recovery-drill/v5-hashes-after.txt
8666161f267c7d8857f9e8af1045e48948269d6e30f1b242b1e37cd77f95017d  ??  artifacts/rust-tauri/R03/repair-current/G07-E01/verify-stage-r03/R02/A12/recovery-drill/v5-hashes-before.txt
98225eb124018e41e1b280868db2f077d0de6b059d772e0b4108612696cb3faf  ??  artifacts/rust-tauri/R03/repair-current/G07-E01/verify-stage-r03/R02/A12/recovery-drill/v5.err
e3b0c44298fc1c149afbf4c8996fb92427ae41e4649b934ca495991b7852b855  ??  artifacts/rust-tauri/R03/repair-current/G07-E01/verify-stage-r03/R02/A12/recovery-drill/v5.out
9015111a8c12716b39f43a6cfaff7852f938d7d5e09f1d4d07281e17ced5352d  ??  artifacts/rust-tauri/R03/repair-current/G07-E01/verify-stage-r03/R02/A12/recovery-drill/v6-recovered-dump.jsonl
27badc983df1780b60c2b3fa9d3a19a00e46aac798451f0febdca52920faaddf  ??  artifacts/rust-tauri/R03/repair-current/G07-E01/verify-stage-r03/R02/A12/recovery-drill/v6-seed-execute.txt
f9fd1e82f34b936b0e25ccf62493109e62314604673917a0077b5a3b0c9472bf  ??  artifacts/rust-tauri/R03/repair-current/G07-E01/verify-stage-r03/R02/A12/recovery-drill/v6-seed.err
e46d4ba5957982579ce6648a3d737af686fd61607a0a008b1f309d11c625dbc2  ??  artifacts/rust-tauri/R03/repair-current/G07-E01/verify-stage-r03/R02/A12/recovery-drill/v6-seed.out
bf779ab3c80c5263b5c4af4f01d1656ce0847541f6c82a06d00fa21027879503  ??  artifacts/rust-tauri/R03/repair-current/G07-E01/verify-stage-r03/R02/A12/recovery-drill/v6.err
5a5bdace57db1d0962939b55b26e40e47ca1e2a34727815f6076bb1caf7a423c  ??  artifacts/rust-tauri/R03/repair-current/G07-E01/verify-stage-r03/R02/A12/recovery-drill/v6.out
9e8b9e0b0fb99d8af30503c7efa240c0069d8f59bacd333a237fb998dd1ff4e3  ??  artifacts/rust-tauri/R03/repair-current/G07-E01/verify-stage-r03/R02/A12/recovery-drill/v7-hashes-after.txt
9e8b9e0b0fb99d8af30503c7efa240c0069d8f59bacd333a237fb998dd1ff4e3  ??  artifacts/rust-tauri/R03/repair-current/G07-E01/verify-stage-r03/R02/A12/recovery-drill/v7-hashes-before.txt
4c8481782ffef1ff1598d55c50dd3eb77ad73319529b08f2036b1f08c190d245  ??  artifacts/rust-tauri/R03/repair-current/G07-E01/verify-stage-r03/R02/A12/recovery-drill/v7-seed.err
7fac0f609801cba7001d530ff16d29c74dfed14bada80266d488313ac01b3f73  ??  artifacts/rust-tauri/R03/repair-current/G07-E01/verify-stage-r03/R02/A12/recovery-drill/v7-seed.out
77363be4d993a3ef7eb9276465f1d7dfa18586cc51479d572a541071c818975f  ??  artifacts/rust-tauri/R03/repair-current/G07-E01/verify-stage-r03/R02/A12/recovery-drill/v7.err
e3b0c44298fc1c149afbf4c8996fb92427ae41e4649b934ca495991b7852b855  ??  artifacts/rust-tauri/R03/repair-current/G07-E01/verify-stage-r03/R02/A12/recovery-drill/v7.out
e624cd8967e54661b8623e4d26772ae8d4f5a3a61fd1993a6d44c4011a3e0eab  ??  artifacts/rust-tauri/R03/repair-current/G07-E01/verify-stage-r03/R02/A12/recovery-drill/v8-observed.err
1a259151b96cb0e2dfefb67c5f3c166c827eedb77a252da4fbfa3c715d881e05  ??  artifacts/rust-tauri/R03/repair-current/G07-E01/verify-stage-r03/R02/A12/recovery-drill/v8-seed.err
a1353555231b659caf16a2fe963d1929bac9fb818e41512001426b4950eda137  ??  artifacts/rust-tauri/R03/repair-current/G07-E01/verify-stage-r03/R02/A12/recovery-drill/v8-seed.out
e624cd8967e54661b8623e4d26772ae8d4f5a3a61fd1993a6d44c4011a3e0eab  ??  artifacts/rust-tauri/R03/repair-current/G07-E01/verify-stage-r03/R02/A12/recovery-drill/v8.err
3138ef0b25db397d3c3e997b14f4994dcfdadc60abe61dbb1b1f63c42de463ea  ??  artifacts/rust-tauri/R03/repair-current/G07-E01/verify-stage-r03/R02/A12/recovery-drill/v8.out
13bd9c7b96dce02d842791759ac361d5d291f5fc2f182fc550bb53b6dc80cac5  ??  artifacts/rust-tauri/R03/repair-current/G07-E01/verify-stage-r03/R02/A15/full-chain/pre-restart-head.json
e3b0c44298fc1c149afbf4c8996fb92427ae41e4649b934ca495991b7852b855  ??  artifacts/rust-tauri/R03/repair-current/G07-E01/verify-stage-r03/R02/A15/full-chain/probe1.err
78abb980913d51d0244d62f8f3697aa284c1194574eeac1dc8e9d9ca02498106  ??  artifacts/rust-tauri/R03/repair-current/G07-E01/verify-stage-r03/R02/A15/full-chain/probe1.pass-lines
e3b0c44298fc1c149afbf4c8996fb92427ae41e4649b934ca495991b7852b855  ??  artifacts/rust-tauri/R03/repair-current/G07-E01/verify-stage-r03/R02/A15/full-chain/probe2.err
28a411dc95be7e6596d2954fdbecf8eb034d9f8dc1248ab1d111c07c1c218b89  ??  artifacts/rust-tauri/R03/repair-current/G07-E01/verify-stage-r03/R02/A15/full-chain/probe2.pass-lines
40200b7bddda2da1f6e6ad8e63ba31f55521e1872633fed9f11fc000a509411e  ??  artifacts/rust-tauri/R03/repair-current/G07-E01/verify-stage-r03/R02/A15/full-chain/service1.err
e3296bf103cb5f49464885750712806ba0c439f13c15bd6a8905762731bd1124  ??  artifacts/rust-tauri/R03/repair-current/G07-E01/verify-stage-r03/R02/A15/full-chain/service1.out
685c13d01ccfa6f86b62f28c14f238208a08efdf1149456d1239c8199982daa2  ??  artifacts/rust-tauri/R03/repair-current/G07-E01/verify-stage-r03/R02/A15/full-chain/service2.err
ddcd1c2a8c2cd509c1798e4609d5c4453448bed67f98310cf83fda5683f35436  ??  artifacts/rust-tauri/R03/repair-current/G07-E01/verify-stage-r03/R02/A15/full-chain/service2.out
225d94db18be7b2cbf47367a3b0e662c78bb1c2ec58eed415bc3a5e973fc841a  ??  artifacts/rust-tauri/R03/repair-current/G07-E01/verify-stage-r03/R02/A15/full-chain/summary.txt
523ab963a6589a5728516dedfd166d3bb33ca94dad0fc96ba72028e6cc17b218  ??  artifacts/rust-tauri/R03/repair-current/G07-E01/verify-stage-r03/R02/A16/legacy-entry/e0-base-purity.txt
5480fd5a2845b0b379535b1775194ad4d41be889f28cc0decc964613755c4cd6  ??  artifacts/rust-tauri/R03/repair-current/G07-E01/verify-stage-r03/R02/A16/legacy-entry/e0-candidate-binding.tsv
16e2ffdec6f050a7b29825744b7d1041ada3a05ced4cb841593bddda440642ff  ??  artifacts/rust-tauri/R03/repair-current/G07-E01/verify-stage-r03/R02/A16/legacy-entry/e0-candidate-dirty.diff
938c9c0d81cc72a70281866163e9fa273df9d6fb1c160f210d439c7df3e67bd8  ??  artifacts/rust-tauri/R03/repair-current/G07-E01/verify-stage-r03/R02/A16/legacy-entry/e0-candidate-dirty.txt
dafecdaa505ce47155b8f0b1a6b9d326f65e6e84a229add0428c0fb851a0e505  ??  artifacts/rust-tauri/R03/repair-current/G07-E01/verify-stage-r03/R02/A16/legacy-entry/e1-binding-surface-intersect.txt
e478b5019f8dc054385b670fc46863aacb8ae7bb2c6af54b195ae23a7474e9a3  ??  artifacts/rust-tauri/R03/repair-current/G07-E01/verify-stage-r03/R02/A16/legacy-entry/e1-default-entry-assertions.txt
c290e5efd31bc081acd023ea447b5df27ff4ba8703d5be4e3a02c9b69f0782f8  ??  artifacts/rust-tauri/R03/repair-current/G07-E01/verify-stage-r03/R02/A16/legacy-entry/e1-surface-diff-files.txt
65a8e4d55d1d7b3d0f11e06928569acf896fdaa4c01cf07c3eb17427b16c603a  ??  artifacts/rust-tauri/R03/repair-current/G07-E01/verify-stage-r03/R02/A16/legacy-entry/e5-cause-classes.txt
a6336e88a861d5d65bf8332c6e104672fbecde11272907b15e2847bc36cfc7b2  ??  artifacts/rust-tauri/R03/repair-current/G07-E01/verify-stage-r03/R02/A16/legacy-entry/e5-seal-family.txt
f4a4efb15db57c36ee9e589876943ddba1fb08b4c460261049ec9e56a695c99e  ??  artifacts/rust-tauri/R03/repair-current/G07-E01/verify-stage-r03/R02/A16/legacy-entry/summary.txt
080afde185f811c78d107012475d82f3d6b8d3cf37337978ab130853d2afd8a3  ??  artifacts/rust-tauri/R03/repair-current/G07-E01/verify-stage-r03/candidate-source-after.json
080afde185f811c78d107012475d82f3d6b8d3cf37337978ab130853d2afd8a3  ??  artifacts/rust-tauri/R03/repair-current/G07-E01/verify-stage-r03/candidate-source-before.json
6f2709c2ecb5f887c23ac797d2fac5ba13ece58ec8f6a5c3975762d89f3ab93e  ??  artifacts/rust-tauri/R03/repair-current/G07-E01/verify-stage-r03/verify-stage-result.json
2f33e600c24e71dbcb74a968bd4255f7105daeccb62364dd4293bff404cf3b4f  ??  artifacts/rust-tauri/R03/repair-current/G07-R1/negative-tests/c03a-stale-evidence-root/evidence/old.txt
4355a46b19d348dc2f57c046f8ef63d4538ebb936000f3c9ee954a27460dd865  ??  artifacts/rust-tauri/R03/repair-current/G07-R1/negative-tests/c03a-stale-evidence-root/exit-code.txt
f5b0981175fe9bd307c7bb4e8dcb8490cfa58585d62d9c3e2f7eb03e4e875e54  ??  artifacts/rust-tauri/R03/repair-current/G07-R1/negative-tests/c03b-midrun-input-change/evidence/A15/cases/background-run-completes-decoupled.json
fda5f46e011354371ff149d97818d48d3b78dca205e17e8a7b39dba1cb4013e6  ??  artifacts/rust-tauri/R03/repair-current/G07-R1/negative-tests/c03b-midrun-input-change/evidence/A15/cases/background-survives-unrelated-cancel.json
92eebd1162583e5ed42a8e61a80b5c84e94753ed6562c35c930ebb65f6e23f01  ??  artifacts/rust-tauri/R03/repair-current/G07-R1/negative-tests/c03b-midrun-input-change/evidence/A15/cases/cancel-live-run-accepted-terminal-cancelled.json
edc380e78d3b8f95b51f12c2bbfcb702760327da3f20bd6c9f456b5c7e0934de  ??  artifacts/rust-tauri/R03/repair-current/G07-R1/negative-tests/c03b-midrun-input-change/evidence/A15/cases/cancel-terminal-run-already-terminal.json
e320e539d701e4f285fcff1a42629b28016fa5f103e77fccb5c1ddf921155742  ??  artifacts/rust-tauri/R03/repair-current/G07-R1/negative-tests/c03b-midrun-input-change/evidence/A15/cases/cancel-unknown-run-not-found.json
a513a19cd5ca9bc857d2e01c9be7ec61e3e5677e7d1948db618b31fb7aba127a  ??  artifacts/rust-tauri/R03/repair-current/G07-R1/negative-tests/c03b-midrun-input-change/evidence/A15/cases/cancel-waiting-approval-cancels-cleanly.json
602b436fbd1f0de778ca086853030197fe28a3fde1a5f694ebea64e4f8779c8a  ??  artifacts/rust-tauri/R03/repair-current/G07-R1/negative-tests/c03b-midrun-input-change/evidence/A15/cases/combo-cancel-stream-terminal-cancelled.json
b24ff9cdbb08092492dd68815bdf3c4a6f38c8e2a42cd79c30abbfcacdfef745  ??  artifacts/rust-tauri/R03/repair-current/G07-R1/negative-tests/c03b-midrun-input-change/evidence/A15/cases/combo-crash-recovery-honest-interrupted.json
d9e8dea9429b0f0c9fc86be7f31dcd96b4b227e1174dcdea6d1f00b177ec2987  ??  artifacts/rust-tauri/R03/repair-current/G07-R1/negative-tests/c03b-midrun-input-change/evidence/A15/cases/combo-cross-session-both-complete.json
106bebd1aa293f120bb83f22b33de1e19ae817a4963587e2ee17be8731293349  ??  artifacts/rust-tauri/R03/repair-current/G07-R1/negative-tests/c03b-midrun-input-change/evidence/A15/cases/combo-duplicate-conflict-rejected.json
eafb37ffcb4d76d45d58a64d80d9ef413064c1f979d64ba1cc2e609d147963fc  ??  artifacts/rust-tauri/R03/repair-current/G07-R1/negative-tests/c03b-midrun-input-change/evidence/A15/cases/combo-duplicate-replay-no-second-run.json
346e6cb6ae16f125e4bbfdbf24d2bbcf63c92fa9642b2676fa06a78bfa1e8fdb  ??  artifacts/rust-tauri/R03/repair-current/G07-R1/negative-tests/c03b-midrun-input-change/evidence/A15/cases/combo-events-subscriber-saw-terminal.json
97a0c8f8404d1c042f8f7efd240d5d5f5446103b21bcccf9c5c90461b6082043  ??  artifacts/rust-tauri/R03/repair-current/G07-R1/negative-tests/c03b-midrun-input-change/evidence/A15/cases/combo-multi-tool-three-calls.json
aa936466e694a90f4087b7ae928f7c9b96ae1450073774fcb29d177dfa59c7b6  ??  artifacts/rust-tauri/R03/repair-current/G07-R1/negative-tests/c03b-midrun-input-change/evidence/A15/cases/combo-multi-turn-one-terminal.json
f7bdd9e301d37d6a062e13225cfc84d7e96c1f88cd75d34e300ab00dd0fad0a0  ??  artifacts/rust-tauri/R03/repair-current/G07-R1/negative-tests/c03b-midrun-input-change/evidence/A15/cases/combo-normal-run-completed.json
51d8bd26cb2f29bee74097b5ef9a36e3389a56a1c7127e86fa36d75a8106659e  ??  artifacts/rust-tauri/R03/repair-current/G07-R1/negative-tests/c03b-midrun-input-change/evidence/A15/cases/combo-out-of-order-late-result-fenced.json
e18f1fcb5cc4af47da6184707fb88e0c0ed656f1fafffe8020a3001c9826c931  ??  artifacts/rust-tauri/R03/repair-current/G07-R1/negative-tests/c03b-midrun-input-change/evidence/A15/cases/combo-timeout-budget-loud-failure.json
ccbc0f5c630f404851ca1c561fd5c73421ba9b217ceeff29973b263f05e30888  ??  artifacts/rust-tauri/R03/repair-current/G07-R1/negative-tests/c03b-midrun-input-change/evidence/A15/cases/parent-cancel-stops-child-run.json
d72d7e1151ea38a4eeb9ad435aa66dc376039e41ff714f9f550e1f2c8934585a  ??  artifacts/rust-tauri/R03/repair-current/G07-R1/negative-tests/c03b-midrun-input-change/evidence/A15/cases/reconnect-resume-no-model-restart.json
5d89ed42d309bfcfd13956b901f209eb432200e88c2ae1eea74d6eaffe625b2a  ??  artifacts/rust-tauri/R03/repair-current/G07-R1/negative-tests/c03b-midrun-input-change/evidence/A15/cases/steer-busy-accepted.json
360ccd0c00f5114974f5f2967860d1c339a2e2baa808a2f5dca49f334fe0d386  ??  artifacts/rust-tauri/R03/repair-current/G07-R1/negative-tests/c03b-midrun-input-change/evidence/A15/cases/steer-idle-miss.json
d00e58227225a313e612b18019d7f95a07382b0426ab7fbeb39bc4b05b740cc5  ??  artifacts/rust-tauri/R03/repair-current/G07-R1/negative-tests/c03b-midrun-input-change/evidence/A15/cases/steer-text-drained-into-model-input.json
1d91fbec57470aebfedf338d49c5109fdd0216e02d720737ed53335eb06ae4c8  ??  artifacts/rust-tauri/R03/repair-current/G07-R1/negative-tests/c03b-midrun-input-change/evidence/A15/cases/subagent-child-cancel-stops-child-only.json
25c6b5b26b72b0a4408db94f4f0e40b77faa84d32ccfeaffaf04e29fb20c07c9  ??  artifacts/rust-tauri/R03/repair-current/G07-R1/negative-tests/c03b-midrun-input-change/evidence/A15/cases/subagent-close-thread-closed-status.json
c8d7de61de38e7dfa38ea3376602da5c50882e6d6238c3a1ff61b6ac7df04418  ??  artifacts/rust-tauri/R03/repair-current/G07-R1/negative-tests/c03b-midrun-input-change/evidence/A15/cases/subagent-dispatch-child-lineage-recorded.json
dce5bbb9b54961ee64c8634f90f4f2600975918f6a2590b57b7b28dd425016bd  ??  artifacts/rust-tauri/R03/repair-current/G07-R1/negative-tests/c03b-midrun-input-change/evidence/A15/cases/subagent-escalation-write-denied-zero-children.json
dcd19d358a8a5e560042eee304f1f5460d1c79ba1a64d611fb1007b830562010  ??  artifacts/rust-tauri/R03/repair-current/G07-R1/negative-tests/c03b-midrun-input-change/evidence/A15/cases/subagent-policy-proactive-delegation-default-off.json
ffef3903ae224f661b415622ed9c76da5e265c01a9c15b867f429c1f6d10ef15  ??  artifacts/rust-tauri/R03/repair-current/G07-R1/negative-tests/c03b-midrun-input-change/evidence/A15/cases/subagent-reply-continues-thread.json
d097c60f1416e1febc17bd0959b1c9252ca9be86b6a1e982d42d9240a38b107e  ??  artifacts/rust-tauri/R03/repair-current/G07-R1/negative-tests/c03b-midrun-input-change/evidence/A15/combo-counts.json
4c56fd82542a56017ef5e59d3b0c9752ede52032f31f31c24c2de458153ad296  ??  artifacts/rust-tauri/R03/repair-current/G07-R1/negative-tests/c03b-midrun-input-change/evidence/A15/combos/cancel-approval-wait.json
f861ce9b1dbe64f781134bae916b9c8f2503f4ad8572e98bfc18d180a4e35e33  ??  artifacts/rust-tauri/R03/repair-current/G07-R1/negative-tests/c03b-midrun-input-change/evidence/A15/combos/cancel-stream-read.json
76b74d822e65d068718af971eb29865cc4891a50d128a35b0bc955cc3b6b65a2  ??  artifacts/rust-tauri/R03/repair-current/G07-R1/negative-tests/c03b-midrun-input-change/evidence/A15/combos/crash-recovery.json
ef5545b54a472c39f9b09d995f9ba2e3671618a56d4de3eb7fe4fad24d81f22b  ??  artifacts/rust-tauri/R03/repair-current/G07-R1/negative-tests/c03b-midrun-input-change/evidence/A15/combos/cross-session-parallel.json
7f7fd9a6f050ba6811d5b1d7313d11473f92089a4ec0fd2335779e99b59cdaa1  ??  artifacts/rust-tauri/R03/repair-current/G07-R1/negative-tests/c03b-midrun-input-change/evidence/A15/combos/duplicate-submission.json
fc9b468ae0f2bd2cfff1a3ead3ba02756e59e73dc0c0a0ebb5142456d1ae38a8  ??  artifacts/rust-tauri/R03/repair-current/G07-R1/negative-tests/c03b-midrun-input-change/evidence/A15/combos/leaf-parent-cancel.json
a59635405b3569b1c0c950cb282ecf3749923b36c6b1b5e4d3d21fc3f4458102  ??  artifacts/rust-tauri/R03/repair-current/G07-R1/negative-tests/c03b-midrun-input-change/evidence/A15/combos/leaf-steer.json
fd60e4ca043c4073ddf838b3f0fe918436ede45ff7765efc8f1cad42821186f4  ??  artifacts/rust-tauri/R03/repair-current/G07-R1/negative-tests/c03b-midrun-input-change/evidence/A15/combos/multi-tool.json
075cad25ce0207f3b49138b8d415d0db78da1005207b2f64d282b478bffa44ae  ??  artifacts/rust-tauri/R03/repair-current/G07-R1/negative-tests/c03b-midrun-input-change/evidence/A15/combos/multi-turn-model.json
f94832aef81d68346dd1b25b1ad7312d6bc141a69a616a218b640aa170fbebcb  ??  artifacts/rust-tauri/R03/repair-current/G07-R1/negative-tests/c03b-midrun-input-change/evidence/A15/combos/normal.json
44f5b48c4f288ee214f7053e16857997f1fb66a6be241466141301a16c6872e7  ??  artifacts/rust-tauri/R03/repair-current/G07-R1/negative-tests/c03b-midrun-input-change/evidence/A15/combos/timeout-budget.json
505ecfbac3942739846be3a188cabea9d26c9641628253767c5457bdff2ab44f  ??  artifacts/rust-tauri/R03/repair-current/G07-R1/negative-tests/c03b-midrun-input-change/evidence/A15/leaf-cases.json
30a566d52e3dd0a65e389a5f95a035e39aba1a4c5a936475b1fdd8c7c2a6e8ae  ??  artifacts/rust-tauri/R03/repair-current/G07-R1/negative-tests/c03b-midrun-input-change/evidence/A15/summary.txt
9a652a14c5a43c20164935bd4963aa32c2a32445a13a91c504c563352517c3b7  ??  artifacts/rust-tauri/R03/repair-current/G07-R1/negative-tests/c03b-midrun-input-change/evidence/A16/captured-seed.txt
9a652a14c5a43c20164935bd4963aa32c2a32445a13a91c504c563352517c3b7  ??  artifacts/rust-tauri/R03/repair-current/G07-R1/negative-tests/c03b-midrun-input-change/evidence/A16/p2-captured-seed-attempt-0.txt
9a652a14c5a43c20164935bd4963aa32c2a32445a13a91c504c563352517c3b7  ??  artifacts/rust-tauri/R03/repair-current/G07-R1/negative-tests/c03b-midrun-input-change/evidence/A16/p3-replay-1-seed.txt
9a652a14c5a43c20164935bd4963aa32c2a32445a13a91c504c563352517c3b7  ??  artifacts/rust-tauri/R03/repair-current/G07-R1/negative-tests/c03b-midrun-input-change/evidence/A16/p3-replay-2-seed.txt
3fd4aaf96fe0793daf71f6aa3f52fa6c74856c7ddd31d414962724cf4df651d5  ??  artifacts/rust-tauri/R03/repair-current/G07-R1/negative-tests/c03b-midrun-input-change/evidence/A16/seed-mechanism.json
7d823ecd2fe778be4bc9ccdeaa060189bb8c8a9e8bd9737f51cb16fbd9b11f68  ??  artifacts/rust-tauri/R03/repair-current/G07-R1/negative-tests/c03b-midrun-input-change/evidence/A16/summary.txt
a78e649733d4fea6a4eed258f2828044be4f87cbe15d6e4cd56aa13bbdf42064  ??  artifacts/rust-tauri/R03/repair-current/G07-R1/negative-tests/c03b-midrun-input-change/evidence/G07_REPAIR/cases.jsonl
e3b0c44298fc1c149afbf4c8996fb92427ae41e4649b934ca495991b7852b855  ??  artifacts/rust-tauri/R03/repair-current/G07-R1/negative-tests/c03b-midrun-input-change/evidence/G07_REPAIR/gaps.txt
fb01ac619921de38fc8b3f4b03acf1679ef1970aa72ad9b11894254d77ec1319  ??  artifacts/rust-tauri/R03/repair-current/G07-R1/negative-tests/c03b-midrun-input-change/evidence/G07_REPAIR/repair-cases.json
aa09db2835372f3b2e2a4540f5ff3dfb457867555a4441f2590ea313c6e988ae  ??  artifacts/rust-tauri/R03/repair-current/G07-R1/negative-tests/c03b-midrun-input-change/evidence/G07_REPAIR/summary.txt
1ff167b2343092bfcb2ca79e6a435ef10a83d0e725e2cfc045d3b410a19dcd65  ??  artifacts/rust-tauri/R03/repair-current/G07-R1/negative-tests/c03b-midrun-input-change/evidence/R02/A05_A06/.last-body
1319bbe558a1a9043433da92529bc8c24d2b6fbcabc962836a938e946e273399  ??  artifacts/rust-tauri/R03/repair-current/G07-R1/negative-tests/c03b-midrun-input-change/evidence/R02/A05_A06/body-limit.txt
c0c19dff508a998f0c6e1fbf2643c2d78647cd6495bc53c57d2566877a3abc0b  ??  artifacts/rust-tauri/R03/repair-current/G07-R1/negative-tests/c03b-midrun-input-change/evidence/R02/A05_A06/cli-sessions-limit-case.json
560f505012d13be8cda0d4a8c36cec2dad16595a9f5b2e5571b3dc13e6867b2f  ??  artifacts/rust-tauri/R03/repair-current/G07-R1/negative-tests/c03b-midrun-input-change/evidence/R02/A05_A06/creds-after-authz.json
cc8cbec0f407e213527b47b563b3593bb6351c08d74499151980281398241ea9  ??  artifacts/rust-tauri/R03/repair-current/G07-R1/negative-tests/c03b-midrun-input-change/evidence/R02/A05_A06/creds-before-authz.json
9b3ad17e51d0da2722f02c8dfa2306afdb3e944227bdd19aa14efb5d2f2809e6  ??  artifacts/rust-tauri/R03/repair-current/G07-R1/negative-tests/c03b-midrun-input-change/evidence/R02/A05_A06/devices-after-authz.json
ad693aaefd6d5d7d2e7ace7165c652c01266c224f46be657020e972ebe134d72  ??  artifacts/rust-tauri/R03/repair-current/G07-R1/negative-tests/c03b-midrun-input-change/evidence/R02/A05_A06/devices-before-authz.json
36c133ecbc3de517349760af9a164a69fe19fc94a671c6efaa5de38b6220ac7a  ??  artifacts/rust-tauri/R03/repair-current/G07-R1/negative-tests/c03b-midrun-input-change/evidence/R02/A05_A06/leaf-cases.json
d715ab6d6580f27b52d01325faf467948477e9923a2a2ddd137927ad809ab33a  ??  artifacts/rust-tauri/R03/repair-current/G07-R1/negative-tests/c03b-midrun-input-change/evidence/R02/A05_A06/leaf-cases.ndjson
85d0a5d9350307fc19c05f0a4fe4d50b54b7fb3d92225c974391dcc284fcb939  ??  artifacts/rust-tauri/R03/repair-current/G07-R1/negative-tests/c03b-midrun-input-change/evidence/R02/A05_A06/me-denied-after.sha256
85d0a5d9350307fc19c05f0a4fe4d50b54b7fb3d92225c974391dcc284fcb939  ??  artifacts/rust-tauri/R03/repair-current/G07-R1/negative-tests/c03b-midrun-input-change/evidence/R02/A05_A06/me-denied-before.sha256
9901fa4939e8c0683cc392787126273c429530490fdebe18e68d1ad0c6fc2459  ??  artifacts/rust-tauri/R03/repair-current/G07-R1/negative-tests/c03b-midrun-input-change/evidence/R02/A05_A06/sessions-list-matrix.json
5019a0146cc960b2d1999d8c678bf6696f0925c490af713a00b0bd257fe5fbd1  ??  artifacts/rust-tauri/R03/repair-current/G07-R1/negative-tests/c03b-midrun-input-change/evidence/R02/A05_A06/state-after-authn.txt
5a6cf47759095c315ce177d15a7a0e420197d1b257f7613118dd641bf8be9946  ??  artifacts/rust-tauri/R03/repair-current/G07-R1/negative-tests/c03b-midrun-input-change/evidence/R02/A05_A06/state-after.txt
5019a0146cc960b2d1999d8c678bf6696f0925c490af713a00b0bd257fe5fbd1  ??  artifacts/rust-tauri/R03/repair-current/G07-R1/negative-tests/c03b-midrun-input-change/evidence/R02/A05_A06/state-before-authz.txt
5019a0146cc960b2d1999d8c678bf6696f0925c490af713a00b0bd257fe5fbd1  ??  artifacts/rust-tauri/R03/repair-current/G07-R1/negative-tests/c03b-midrun-input-change/evidence/R02/A05_A06/state-before.txt
0ab8015ca2dde13a0512c2cf647eb0e4e0191c2a0f5c62735963b31ec26d4ed0  ??  artifacts/rust-tauri/R03/repair-current/G07-R1/negative-tests/c03b-midrun-input-change/evidence/R02/A05_A06/summary.txt
479a860dfc02f84efa5565254014c5cd46188c8d2c80326c276e4225528bb422  ??  artifacts/rust-tauri/R03/repair-current/G07-R1/negative-tests/c03b-midrun-input-change/evidence/R02/A05_A06/ws-matrix.json
64813aeb0f91a78d52dab88dea54df5890a1ccd09bc587a5b82b06902b573067  ??  artifacts/rust-tauri/R03/repair-current/G07-R1/negative-tests/c03b-midrun-input-change/evidence/R02/A07_A08/last-db-hashes.txt
e613a984930f45c73fa5aa79af6955b0ac56faa30868e1da85d84a96a180eee3  ??  artifacts/rust-tauri/R03/repair-current/G07-R1/negative-tests/c03b-midrun-input-change/evidence/R02/A07_A08/s1-counts-after-stop.json
6e11d3157e36f2f24de72943cc5df97aec8475c1e95a29c6fed9cc451e41da10  ??  artifacts/rust-tauri/R03/repair-current/G07-R1/negative-tests/c03b-midrun-input-change/evidence/R02/A07_A08/s2-counts-after-crash.json
d9dd514ef939b603ff95cd935d305441df483269e4f5d8a3e441e3586d5757eb  ??  artifacts/rust-tauri/R03/repair-current/G07-R1/negative-tests/c03b-midrun-input-change/evidence/R02/A07_A08/s2-runs-dump.jsonl
daf2df8c805fa183fb3628fd8d15f09218c275585a94381fca19adc069a81ba2  ??  artifacts/rust-tauri/R03/repair-current/G07-R1/negative-tests/c03b-midrun-input-change/evidence/R02/A07_A08/s3-fault.err
e3b0c44298fc1c149afbf4c8996fb92427ae41e4649b934ca495991b7852b855  ??  artifacts/rust-tauri/R03/repair-current/G07-R1/negative-tests/c03b-midrun-input-change/evidence/R02/A07_A08/s3-fault.out
032606123eb07254daa595eb2458d05ca128d9fcd8b5fd9ca724719058a8d1b4  ??  artifacts/rust-tauri/R03/repair-current/G07-R1/negative-tests/c03b-midrun-input-change/evidence/R02/A07_A08/s4-hashes-after.txt
032606123eb07254daa595eb2458d05ca128d9fcd8b5fd9ca724719058a8d1b4  ??  artifacts/rust-tauri/R03/repair-current/G07-R1/negative-tests/c03b-midrun-input-change/evidence/R02/A07_A08/s4-hashes-before.txt
a3f0081b1fb4d83577449d257962b558513bef18e5d70af0f443cb43659728a2  ??  artifacts/rust-tauri/R03/repair-current/G07-R1/negative-tests/c03b-midrun-input-change/evidence/R02/A07_A08/s4-migrations-round1.json
a3f0081b1fb4d83577449d257962b558513bef18e5d70af0f443cb43659728a2  ??  artifacts/rust-tauri/R03/repair-current/G07-R1/negative-tests/c03b-midrun-input-change/evidence/R02/A07_A08/s4-migrations-round2.json
a3f0081b1fb4d83577449d257962b558513bef18e5d70af0f443cb43659728a2  ??  artifacts/rust-tauri/R03/repair-current/G07-R1/negative-tests/c03b-midrun-input-change/evidence/R02/A07_A08/s4-migrations-round3.json
83f98f8f0c9e27d9ccd0183c1c1201af2be387440b5843db3572cca7fbe28511  ??  artifacts/rust-tauri/R03/repair-current/G07-R1/negative-tests/c03b-midrun-input-change/evidence/R02/A07_A08/service-s1.err
b63965253f3009c6a7ba39854624754b37339fcce0e8da1ea7d1cbc08fe6a3bc  ??  artifacts/rust-tauri/R03/repair-current/G07-R1/negative-tests/c03b-midrun-input-change/evidence/R02/A07_A08/service-s1.out
82c56740af43fa544f584cbd9deebd20f2461cb55baea30b44033d56198d07ac  ??  artifacts/rust-tauri/R03/repair-current/G07-R1/negative-tests/c03b-midrun-input-change/evidence/R02/A07_A08/service-s1b.err
0967842caac4515b2aacaa307304d878c1cd5c82bc32c0a78e70b51e363df4c0  ??  artifacts/rust-tauri/R03/repair-current/G07-R1/negative-tests/c03b-midrun-input-change/evidence/R02/A07_A08/service-s1b.out
7c57beb3d7c9eb00af72001af78316282a87d5921f2581733e5405e2556e4331  ??  artifacts/rust-tauri/R03/repair-current/G07-R1/negative-tests/c03b-midrun-input-change/evidence/R02/A07_A08/service-s2.err
4ef370466572adf9fa1e93167ac97d93d4d8e9c45db8ac60b1f5ddbeab4be171  ??  artifacts/rust-tauri/R03/repair-current/G07-R1/negative-tests/c03b-midrun-input-change/evidence/R02/A07_A08/service-s2.out
9c05a0b339b3a41486fc84cdb3757399e793e4abe1875b191dea39e9bf02c553  ??  artifacts/rust-tauri/R03/repair-current/G07-R1/negative-tests/c03b-midrun-input-change/evidence/R02/A07_A08/service-s2b.err
5655d43aa6e09078c15380bb5fab8bb64471b017e74aa9a42e4e3e3ae6eb9e87  ??  artifacts/rust-tauri/R03/repair-current/G07-R1/negative-tests/c03b-midrun-input-change/evidence/R02/A07_A08/service-s2b.out
d75cdb609ae47a7ee5c554cdb9bb78e2eb2a34b6d060813bf92caf85cf2328b2  ??  artifacts/rust-tauri/R03/repair-current/G07-R1/negative-tests/c03b-midrun-input-change/evidence/R02/A07_A08/service-s4-1.err
3f97ea7d5179a192240ceb24c3cc5c61080669ffaf48c72b3880bd1a420a14fe  ??  artifacts/rust-tauri/R03/repair-current/G07-R1/negative-tests/c03b-midrun-input-change/evidence/R02/A07_A08/service-s4-1.out
23f587dd12d0b62830f6457a11c81f7b59ff3842696f3d585daeda54f7f50b09  ??  artifacts/rust-tauri/R03/repair-current/G07-R1/negative-tests/c03b-midrun-input-change/evidence/R02/A07_A08/service-s4-2.err
92f8483da7fc5a8c65ec4049aef44293a2c6e7566ef7c9d9745dc7f212add284  ??  artifacts/rust-tauri/R03/repair-current/G07-R1/negative-tests/c03b-midrun-input-change/evidence/R02/A07_A08/service-s4-2.out
2b4f6b77f937ba260eabe28cf1c97ec0faf5c435a575bcb5c334bdfa992076fb  ??  artifacts/rust-tauri/R03/repair-current/G07-R1/negative-tests/c03b-midrun-input-change/evidence/R02/A07_A08/service-s4-3.err
de93190f4e3625be53b4426308782ace6cedfbec2b51e35011b5db460279bf94  ??  artifacts/rust-tauri/R03/repair-current/G07-R1/negative-tests/c03b-midrun-input-change/evidence/R02/A07_A08/service-s4-3.out
453650b0daa47de241300eac7703059ab0433eacd53c2b3cd1ac35129ce26e43  ??  artifacts/rust-tauri/R03/repair-current/G07-R1/negative-tests/c03b-midrun-input-change/evidence/R02/A07_A08/service.addr
e390bf09123c53abdfefd4bd279fb6c477163426c8c41d837b16f57ed83d2d27  ??  artifacts/rust-tauri/R03/repair-current/G07-R1/negative-tests/c03b-midrun-input-change/evidence/R02/A07_A08/service.pid
a0c82fb5352d2afb90d4aeb5f120a245a55eef42d51ce83d21fdb609a43390b4  ??  artifacts/rust-tauri/R03/repair-current/G07-R1/negative-tests/c03b-midrun-input-change/evidence/R02/A07_A08/summary.txt
280eb1f08fc998f72dd43ad1ce066d4570f3a7de5a4611b177232fcc7fc11bdb  ??  artifacts/rust-tauri/R03/repair-current/G07-R1/negative-tests/c03b-midrun-input-change/evidence/R02/A09_A10/a09-merged-view.json
e481b691f6ee6b1ef4325953672e7d34acbddecc2d4982d53637f7e546d5d4f6  ??  artifacts/rust-tauri/R03/repair-current/G07-R1/negative-tests/c03b-midrun-input-change/evidence/R02/A09_A10/a10-rebuild-diff.json
5cca6791a64dcafae98fb7448a26f286b7b0e216ea9ed6c96624de87fc512526  ??  artifacts/rust-tauri/R03/repair-current/G07-R1/negative-tests/c03b-midrun-input-change/evidence/R02/A09_A10/key-events-dump.json
3052df6b4416dfbfa6e6083edc882218dd5a6f888dbda6b70064297e3610f96e  ??  artifacts/rust-tauri/R03/repair-current/G07-R1/negative-tests/c03b-midrun-input-change/evidence/R02/A09_A10/matrix.json
fc6ec031f4a5ed13cda757abb5e8b3310c7fb807a4c64da990a5e6163b6547c6  ??  artifacts/rust-tauri/R03/repair-current/G07-R1/negative-tests/c03b-midrun-input-change/evidence/R02/A09_A10/probe-matrix.jsonl
b48f0c0e9354c60476613541be6dc0205a2646861768f64c8a4ca389a5b5e1a3  ??  artifacts/rust-tauri/R03/repair-current/G07-R1/negative-tests/c03b-midrun-input-change/evidence/R02/A09_A10/service.err
f80fcecef1381a64970972b057e03034cfc9faa54e4c90806f0f80d20b1a4b02  ??  artifacts/rust-tauri/R03/repair-current/G07-R1/negative-tests/c03b-midrun-input-change/evidence/R02/A09_A10/service.out
05ce9c2e7e06e9e9562a6d249e024ed0fab357a443f8aaff2f98f8cd10dc276a  ??  artifacts/rust-tauri/R03/repair-current/G07-R1/negative-tests/c03b-midrun-input-change/evidence/R02/A09_A10/summary.txt
dd63f79ce1a39fdef735dbb9eb292c3f8a45db77c2513d3cc7379e5dbe13749e  ??  artifacts/rust-tauri/R03/repair-current/G07-R1/negative-tests/c03b-midrun-input-change/evidence/R02/A11/backup-restore/s1-backup-dir-listing.txt
d169dfe0e00df5fb51080a52010e3090a266fd859d9403861ad413ecdb756a3a  ??  artifacts/rust-tauri/R03/repair-current/G07-R1/negative-tests/c03b-midrun-input-change/evidence/R02/A11/backup-restore/s1-backup-outcome.json
e3b0c44298fc1c149afbf4c8996fb92427ae41e4649b934ca495991b7852b855  ??  artifacts/rust-tauri/R03/repair-current/G07-R1/negative-tests/c03b-midrun-input-change/evidence/R02/A11/backup-restore/s1-backup.err
631de6306759cb355058639903f4d6225c2ce47e0a301f6c0ffc766a311452e8  ??  artifacts/rust-tauri/R03/repair-current/G07-R1/negative-tests/c03b-midrun-input-change/evidence/R02/A11/backup-restore/s1-restore-outcome.json
e3b0c44298fc1c149afbf4c8996fb92427ae41e4649b934ca495991b7852b855  ??  artifacts/rust-tauri/R03/repair-current/G07-R1/negative-tests/c03b-midrun-input-change/evidence/R02/A11/backup-restore/s1-restore.err
7ce87059960d887939674e752560ecef230d1c91337906291d03673a999cea45  ??  artifacts/rust-tauri/R03/repair-current/G07-R1/negative-tests/c03b-midrun-input-change/evidence/R02/A11/backup-restore/s1-restored-dump.jsonl
59d3090a9637d9dc7e34c09a6fcd4af07ab08a0dfb624a30cd83fbb37c76f9e0  ??  artifacts/rust-tauri/R03/repair-current/G07-R1/negative-tests/c03b-midrun-input-change/evidence/R02/A11/backup-restore/s1-restored-hash.txt
7ce87059960d887939674e752560ecef230d1c91337906291d03673a999cea45  ??  artifacts/rust-tauri/R03/repair-current/G07-R1/negative-tests/c03b-midrun-input-change/evidence/R02/A11/backup-restore/s1-source-dump.jsonl
e1a13f0b9796570df51131aaeb188461cfdced1f8606d9d485f0042fa3b76f85  ??  artifacts/rust-tauri/R03/repair-current/G07-R1/negative-tests/c03b-midrun-input-change/evidence/R02/A11/backup-restore/s1-source-hash.txt
951e1f2cedf4a978898a4f9e620777561b8381ece9faf4223f8594a201f47f74  ??  artifacts/rust-tauri/R03/repair-current/G07-R1/negative-tests/c03b-midrun-input-change/evidence/R02/A11/backup-restore/s1-wal-size.txt
e3b0c44298fc1c149afbf4c8996fb92427ae41e4649b934ca495991b7852b855  ??  artifacts/rust-tauri/R03/repair-current/G07-R1/negative-tests/c03b-midrun-input-change/evidence/R02/A11/backup-restore/s3-backup-out.json
7631fc7304f026f20cf435a67628c5aa1e6fa422d797178d60954137b09f4643  ??  artifacts/rust-tauri/R03/repair-current/G07-R1/negative-tests/c03b-midrun-input-change/evidence/R02/A11/backup-restore/s3-backup.err
9b33c4d50a9f7a0434980244454a85ce4288c7323241cf9ff22c50e6b8f8dd85  ??  artifacts/rust-tauri/R03/repair-current/G07-R1/negative-tests/c03b-midrun-input-change/evidence/R02/A11/backup-restore/s4-ws-probe.json
a4c3ed04a95a3da14a9d235c83d868bed7c0f45cf7f3faa751ee8f50598d2211  ??  artifacts/rust-tauri/R03/repair-current/G07-R1/negative-tests/c03b-midrun-input-change/evidence/R02/A11/backup-restore/s4-ws-probe.json.probe-done
784937af00b414364f99ac1a9897cd7406d4b40d1bdce2ec87df4d1db39ae1bf  ??  artifacts/rust-tauri/R03/repair-current/G07-R1/negative-tests/c03b-midrun-input-change/evidence/R02/A11/backup-restore/service-s1.addr
1b7610f349e51e9fc72e090fa95b2f0a94a0777bed870a05c6303e9d3798d8a8  ??  artifacts/rust-tauri/R03/repair-current/G07-R1/negative-tests/c03b-midrun-input-change/evidence/R02/A11/backup-restore/service-s1.err
284789ce3a2ddaa9550ba6ad47635a17d711e6b1908c01314bf39ca02b4c6003  ??  artifacts/rust-tauri/R03/repair-current/G07-R1/negative-tests/c03b-midrun-input-change/evidence/R02/A11/backup-restore/service-s1.out
0832b6cc24d1c15e12fbc84ea2983f9ee6f818baa18f9daa619430e6717bf330  ??  artifacts/rust-tauri/R03/repair-current/G07-R1/negative-tests/c03b-midrun-input-change/evidence/R02/A11/backup-restore/service-s2.addr
5761a6bc1dba43fa3a925e59eb98b4b15d2bb681849cd24be3bffa1e660a0517  ??  artifacts/rust-tauri/R03/repair-current/G07-R1/negative-tests/c03b-midrun-input-change/evidence/R02/A11/backup-restore/service-s2.err
b446c2e372960194f1ed4649185c110f52029c15e0027ee0aa600e24266d91ac  ??  artifacts/rust-tauri/R03/repair-current/G07-R1/negative-tests/c03b-midrun-input-change/evidence/R02/A11/backup-restore/service-s2.out
867e01e6f80a66c97bad3ce8d9688266d2c443e6e2f0eb9500380dcf622d566f  ??  artifacts/rust-tauri/R03/repair-current/G07-R1/negative-tests/c03b-midrun-input-change/evidence/R02/A11/backup-restore/service-s4.addr
0dfe44def336d0ad32d0955c5a57d248a84f07479c80a7ac1dcd8788eef14f85  ??  artifacts/rust-tauri/R03/repair-current/G07-R1/negative-tests/c03b-midrun-input-change/evidence/R02/A11/backup-restore/service-s4.err
464b5b19fa5c42f7d69cc65a89d72c5f4ec7468a0a873fb546fc8ed19e2c4b6f  ??  artifacts/rust-tauri/R03/repair-current/G07-R1/negative-tests/c03b-midrun-input-change/evidence/R02/A11/backup-restore/service-s4.out
9a9facc312743af9deccc5d816fb3fab51924fbbb0d30a15bacef2ed66739d46  ??  artifacts/rust-tauri/R03/repair-current/G07-R1/negative-tests/c03b-midrun-input-change/evidence/R02/A11/backup-restore/service.pid
927ea85174cfe4487fd57401d0cdf879ce2c8aeff8b93b51bb8599fd2d310873  ??  artifacts/rust-tauri/R03/repair-current/G07-R1/negative-tests/c03b-midrun-input-change/evidence/R02/A11/backup-restore/summary.txt
44795c2e5184b9fff81eb51c1e12712e5f33bae87400039269c0f68fa3b48c90  ??  artifacts/rust-tauri/R03/repair-current/G07-R1/negative-tests/c03b-midrun-input-change/evidence/R02/A12/recovery-drill/coexist-after.txt
44795c2e5184b9fff81eb51c1e12712e5f33bae87400039269c0f68fa3b48c90  ??  artifacts/rust-tauri/R03/repair-current/G07-R1/negative-tests/c03b-midrun-input-change/evidence/R02/A12/recovery-drill/coexist-before.txt
e1b910220e7779a2f179bfa5f2f5633884d45da9ab2d0fe88624f07b4c8bbb4a  ??  artifacts/rust-tauri/R03/repair-current/G07-R1/negative-tests/c03b-midrun-input-change/evidence/R02/A12/recovery-drill/own-created-homes.txt
96c72ee55c964851cdd78ea0087b0447fb970f8acda1bc92221741af229bc8e4  ??  artifacts/rust-tauri/R03/repair-current/G07-R1/negative-tests/c03b-midrun-input-change/evidence/R02/A12/recovery-drill/summary.txt
7b2f675d535131e9ee3b95eb996b520af42000b1efea572dc62eff72fd758a84  ??  artifacts/rust-tauri/R03/repair-current/G07-R1/negative-tests/c03b-midrun-input-change/evidence/R02/A12/recovery-drill/v1-hashes-after.txt
7b2f675d535131e9ee3b95eb996b520af42000b1efea572dc62eff72fd758a84  ??  artifacts/rust-tauri/R03/repair-current/G07-R1/negative-tests/c03b-midrun-input-change/evidence/R02/A12/recovery-drill/v1-hashes-before.txt
975114bc7b080509822e09c8c75d8d4fb7d049389151b36db84c20c2a8289e36  ??  artifacts/rust-tauri/R03/repair-current/G07-R1/negative-tests/c03b-midrun-input-change/evidence/R02/A12/recovery-drill/v1.err
e3b0c44298fc1c149afbf4c8996fb92427ae41e4649b934ca495991b7852b855  ??  artifacts/rust-tauri/R03/repair-current/G07-R1/negative-tests/c03b-midrun-input-change/evidence/R02/A12/recovery-drill/v1.out
fcb269f1fc43e20619871bab0f6e464d30773313e55b17f725fc62249ab521be  ??  artifacts/rust-tauri/R03/repair-current/G07-R1/negative-tests/c03b-midrun-input-change/evidence/R02/A12/recovery-drill/v2-hashes-after.txt
fcb269f1fc43e20619871bab0f6e464d30773313e55b17f725fc62249ab521be  ??  artifacts/rust-tauri/R03/repair-current/G07-R1/negative-tests/c03b-midrun-input-change/evidence/R02/A12/recovery-drill/v2-hashes-before.txt
2bcda29ad7af56c4480a062ab89ed3660c3895080a2b894197ac8d6a03d3678f  ??  artifacts/rust-tauri/R03/repair-current/G07-R1/negative-tests/c03b-midrun-input-change/evidence/R02/A12/recovery-drill/v2.err
e3b0c44298fc1c149afbf4c8996fb92427ae41e4649b934ca495991b7852b855  ??  artifacts/rust-tauri/R03/repair-current/G07-R1/negative-tests/c03b-midrun-input-change/evidence/R02/A12/recovery-drill/v2.out
a33ffd69acb495d9a221778bb2317e4cef00e4d752d794b9c1267890666ec43d  ??  artifacts/rust-tauri/R03/repair-current/G07-R1/negative-tests/c03b-midrun-input-change/evidence/R02/A12/recovery-drill/v3-hashes-after.txt
a33ffd69acb495d9a221778bb2317e4cef00e4d752d794b9c1267890666ec43d  ??  artifacts/rust-tauri/R03/repair-current/G07-R1/negative-tests/c03b-midrun-input-change/evidence/R02/A12/recovery-drill/v3-hashes-before.txt
7463c0428b5f43f77b02e29d9ef213e8808c1e7bc10a2dffcd1878ed7d6f3837  ??  artifacts/rust-tauri/R03/repair-current/G07-R1/negative-tests/c03b-midrun-input-change/evidence/R02/A12/recovery-drill/v3.err
e3b0c44298fc1c149afbf4c8996fb92427ae41e4649b934ca495991b7852b855  ??  artifacts/rust-tauri/R03/repair-current/G07-R1/negative-tests/c03b-midrun-input-change/evidence/R02/A12/recovery-drill/v3.out
61cf984a545e6028cad231c74ab33141b1c89b8dbd30c66354d08b4c864a7fac  ??  artifacts/rust-tauri/R03/repair-current/G07-R1/negative-tests/c03b-midrun-input-change/evidence/R02/A12/recovery-drill/v4.err
7e1a9794c8e67b7496d0c8d99c9d1391a641e129052a851e4dd805f5d8a7c8a9  ??  artifacts/rust-tauri/R03/repair-current/G07-R1/negative-tests/c03b-midrun-input-change/evidence/R02/A12/recovery-drill/v4.out
b60e06b703059f6b858f4360a30b6df32ea2fae3f7ca6eca81c11e82ca69c9d5  ??  artifacts/rust-tauri/R03/repair-current/G07-R1/negative-tests/c03b-midrun-input-change/evidence/R02/A12/recovery-drill/v5-hashes-after.txt
b60e06b703059f6b858f4360a30b6df32ea2fae3f7ca6eca81c11e82ca69c9d5  ??  artifacts/rust-tauri/R03/repair-current/G07-R1/negative-tests/c03b-midrun-input-change/evidence/R02/A12/recovery-drill/v5-hashes-before.txt
e30586f4301221910251650fc57cbca959fee3589934e48754961800141d08ce  ??  artifacts/rust-tauri/R03/repair-current/G07-R1/negative-tests/c03b-midrun-input-change/evidence/R02/A12/recovery-drill/v5.err
e3b0c44298fc1c149afbf4c8996fb92427ae41e4649b934ca495991b7852b855  ??  artifacts/rust-tauri/R03/repair-current/G07-R1/negative-tests/c03b-midrun-input-change/evidence/R02/A12/recovery-drill/v5.out
de38c4e8f9d6beb00f8bc586bfd657db5da0629b1dd521d9dd0b1aa869971b29  ??  artifacts/rust-tauri/R03/repair-current/G07-R1/negative-tests/c03b-midrun-input-change/evidence/R02/A12/recovery-drill/v6-recovered-dump.jsonl
27badc983df1780b60c2b3fa9d3a19a00e46aac798451f0febdca52920faaddf  ??  artifacts/rust-tauri/R03/repair-current/G07-R1/negative-tests/c03b-midrun-input-change/evidence/R02/A12/recovery-drill/v6-seed-execute.txt
5d799e8db9108f7133d2738e7bad33dcba92595af85caa3a00976b41bb16f580  ??  artifacts/rust-tauri/R03/repair-current/G07-R1/negative-tests/c03b-midrun-input-change/evidence/R02/A12/recovery-drill/v6-seed.err
e135170bdc8f24a1155256b9f8a0e4f9cb6010f7369df4037382c04c194516e8  ??  artifacts/rust-tauri/R03/repair-current/G07-R1/negative-tests/c03b-midrun-input-change/evidence/R02/A12/recovery-drill/v6-seed.out
364c0b4fc74cbe3ed3796e7183fa1d227888266606a404accafb1593c63ecbd4  ??  artifacts/rust-tauri/R03/repair-current/G07-R1/negative-tests/c03b-midrun-input-change/evidence/R02/A12/recovery-drill/v6.err
518ffc0d06c63531861974244ab447cedd4da904b5f7055f10b79754da366fa2  ??  artifacts/rust-tauri/R03/repair-current/G07-R1/negative-tests/c03b-midrun-input-change/evidence/R02/A12/recovery-drill/v6.out
d8777d76f83bc88c1bdd15b8f15713e2ecccdd96a904b997e99cd4925ba4cd3e  ??  artifacts/rust-tauri/R03/repair-current/G07-R1/negative-tests/c03b-midrun-input-change/evidence/R02/A12/recovery-drill/v7-hashes-after.txt
d8777d76f83bc88c1bdd15b8f15713e2ecccdd96a904b997e99cd4925ba4cd3e  ??  artifacts/rust-tauri/R03/repair-current/G07-R1/negative-tests/c03b-midrun-input-change/evidence/R02/A12/recovery-drill/v7-hashes-before.txt
19edb26b71ce910ea6d0eeeaa8f5e9746a0a3de302570e919d153f716e40e034  ??  artifacts/rust-tauri/R03/repair-current/G07-R1/negative-tests/c03b-midrun-input-change/evidence/R02/A12/recovery-drill/v7-seed.err
7e55a9fc9cccf1e517c7092ee85099ab4bf61d4fc1019224564d6dca906f7ab9  ??  artifacts/rust-tauri/R03/repair-current/G07-R1/negative-tests/c03b-midrun-input-change/evidence/R02/A12/recovery-drill/v7-seed.out
90234b5b768ecc0fb1b54e1c5a6d70761e5f7f304695ec3510f49912d2399c3a  ??  artifacts/rust-tauri/R03/repair-current/G07-R1/negative-tests/c03b-midrun-input-change/evidence/R02/A12/recovery-drill/v7.err
e3b0c44298fc1c149afbf4c8996fb92427ae41e4649b934ca495991b7852b855  ??  artifacts/rust-tauri/R03/repair-current/G07-R1/negative-tests/c03b-midrun-input-change/evidence/R02/A12/recovery-drill/v7.out
a83a92bd275c3a6675e7a72a2013bc33d70efb98c9d0aaec813f5f437b641753  ??  artifacts/rust-tauri/R03/repair-current/G07-R1/negative-tests/c03b-midrun-input-change/evidence/R02/A12/recovery-drill/v8-observed.err
689b465b88e4ef3a7805243e97b945726b2ecbca29691c02c34c162dc4e23ed7  ??  artifacts/rust-tauri/R03/repair-current/G07-R1/negative-tests/c03b-midrun-input-change/evidence/R02/A12/recovery-drill/v8-seed.err
0c16c90f1b26143728e25dc30b70d0d7687144a8f3dcf81b236476248f407971  ??  artifacts/rust-tauri/R03/repair-current/G07-R1/negative-tests/c03b-midrun-input-change/evidence/R02/A12/recovery-drill/v8-seed.out
a83a92bd275c3a6675e7a72a2013bc33d70efb98c9d0aaec813f5f437b641753  ??  artifacts/rust-tauri/R03/repair-current/G07-R1/negative-tests/c03b-midrun-input-change/evidence/R02/A12/recovery-drill/v8.err
33805597a32af514e30bf26fe09c052f25f4c3bda3507f5f57f0c429c9300d61  ??  artifacts/rust-tauri/R03/repair-current/G07-R1/negative-tests/c03b-midrun-input-change/evidence/R02/A12/recovery-drill/v8.out
35279184fdd54195822a594b69a8c70fe9e22806d75b201908fcd5ff4da3bcdf  ??  artifacts/rust-tauri/R03/repair-current/G07-R1/negative-tests/c03b-midrun-input-change/evidence/R02/A15/full-chain/pre-restart-head.json
e3b0c44298fc1c149afbf4c8996fb92427ae41e4649b934ca495991b7852b855  ??  artifacts/rust-tauri/R03/repair-current/G07-R1/negative-tests/c03b-midrun-input-change/evidence/R02/A15/full-chain/probe1.err
1be7a7674022e0e4d09668e15582350990c9afa6832aee7240c656e85dcd92d3  ??  artifacts/rust-tauri/R03/repair-current/G07-R1/negative-tests/c03b-midrun-input-change/evidence/R02/A15/full-chain/probe1.pass-lines
e3b0c44298fc1c149afbf4c8996fb92427ae41e4649b934ca495991b7852b855  ??  artifacts/rust-tauri/R03/repair-current/G07-R1/negative-tests/c03b-midrun-input-change/evidence/R02/A15/full-chain/probe2.err
28a411dc95be7e6596d2954fdbecf8eb034d9f8dc1248ab1d111c07c1c218b89  ??  artifacts/rust-tauri/R03/repair-current/G07-R1/negative-tests/c03b-midrun-input-change/evidence/R02/A15/full-chain/probe2.pass-lines
b49476b3dc52e9374e690aeecd66cb5d6593f52ef9dd943459d832960283b682  ??  artifacts/rust-tauri/R03/repair-current/G07-R1/negative-tests/c03b-midrun-input-change/evidence/R02/A15/full-chain/service1.err
337cd1068393421192e235a8c3a0e0fb274c932138b1a758407be32bdcf7d35d  ??  artifacts/rust-tauri/R03/repair-current/G07-R1/negative-tests/c03b-midrun-input-change/evidence/R02/A15/full-chain/service1.out
72f6226155c15b0f9073d8ec8758caebcbf3bc825a11d3811b1a99dfa7497af2  ??  artifacts/rust-tauri/R03/repair-current/G07-R1/negative-tests/c03b-midrun-input-change/evidence/R02/A15/full-chain/service2.err
1cde933a374e6dcc35645b7e36bc95a42a0cc839655a87339926af26b9301ea3  ??  artifacts/rust-tauri/R03/repair-current/G07-R1/negative-tests/c03b-midrun-input-change/evidence/R02/A15/full-chain/service2.out
5b96e36f5fddf93d8db3f0f7c5d8fb1f5c99f8687d8a961f8781c46287de9716  ??  artifacts/rust-tauri/R03/repair-current/G07-R1/negative-tests/c03b-midrun-input-change/evidence/R02/A15/full-chain/summary.txt
c0d137ff2df9eac004461e209f45c28e0c42641451e3d863e9b3e6a68b03fb09  ??  artifacts/rust-tauri/R03/repair-current/G07-R1/negative-tests/c03b-midrun-input-change/evidence/R02/A16/legacy-entry/e0-candidate-binding.tsv
85fb626202e6df21410b80faf376506e92f2b33c9ac5b657bc10c98dab29f49b  ??  artifacts/rust-tauri/R03/repair-current/G07-R1/negative-tests/c03b-midrun-input-change/evidence/R02/A16/legacy-entry/e0-candidate-dirty.diff
fcb7c5a39e96aea24061ed947741714378ee0fd08c64e29f067cb5c00d7ea52a  ??  artifacts/rust-tauri/R03/repair-current/G07-R1/negative-tests/c03b-midrun-input-change/evidence/R02/A16/legacy-entry/e0-candidate-dirty.txt
82fabc4dcd12eb1cd52f66ed03c128d863b14e8e0b07d1386bbfdf23d27bf8da  ??  artifacts/rust-tauri/R03/repair-current/G07-R1/negative-tests/c03b-midrun-input-change/evidence/R02/A16/legacy-entry/summary.txt
990ac57bdd477fb4634806865a6f89cdb5419cb8695ec4eeabe3a4218a699cc8  ??  artifacts/rust-tauri/R03/repair-current/G07-R1/negative-tests/c03b-midrun-input-change/evidence/candidate-source-after.json
aab483e5c511d2025acd78406e470ffed90e9f41852556128d9b40420f08f670  ??  artifacts/rust-tauri/R03/repair-current/G07-R1/negative-tests/c03b-midrun-input-change/evidence/candidate-source-before.json
70b08f4bd5f3e5e74f40d965d291f23301d68ec7f8e6d90e01094045faef5129  ??  artifacts/rust-tauri/R03/repair-current/G07-R1/negative-tests/c03b-midrun-input-change/evidence/verify-stage-result.json
4355a46b19d348dc2f57c046f8ef63d4538ebb936000f3c9ee954a27460dd865  ??  artifacts/rust-tauri/R03/repair-current/G07-R1/negative-tests/c03b-midrun-input-change/exit-code.txt
4355a46b19d348dc2f57c046f8ef63d4538ebb936000f3c9ee954a27460dd865  ??  artifacts/rust-tauri/R03/repair-current/G07-R1/negative-tests/c03b-midrun-input-change/midrun-change-applied.txt
4e23ac4d604be6aa7551c09a309c7e06d33abf3852244b5167905996a7251aa3  ??  artifacts/rust-tauri/R03/repair-current/G07-R1/negative-tests/case-results.json
cf8fe6e89d2642a7355c370b6503e515f95d892cbb81921c9cbe7946c1c91796  ??  artifacts/rust-tauri/R03/repair-current/G07-R1/negative-tests/case-results.tsv
ebcef091beaf3562cd298448504cd32dce8351efd5a76b5073c8bb495e1736a2  ??  artifacts/rust-tauri/R03/repair-current/G07-R1/negative-tests/n1a-delete-leaf-mapping/evidence/candidate-source-after.json
ebcef091beaf3562cd298448504cd32dce8351efd5a76b5073c8bb495e1736a2  ??  artifacts/rust-tauri/R03/repair-current/G07-R1/negative-tests/n1a-delete-leaf-mapping/evidence/candidate-source-before.json
49e400580691919a34383989f56fafdaa4104c04ccb9867962079f831c35796a  ??  artifacts/rust-tauri/R03/repair-current/G07-R1/negative-tests/n1a-delete-leaf-mapping/evidence/verify-stage-result.json
4355a46b19d348dc2f57c046f8ef63d4538ebb936000f3c9ee954a27460dd865  ??  artifacts/rust-tauri/R03/repair-current/G07-R1/negative-tests/n1a-delete-leaf-mapping/exit-code.txt
53c234e5e8472b6ac51c1ae1cab3fe06fad053beb8ebfd8977b010655bfdd3c3  ??  artifacts/rust-tauri/R03/repair-current/G07-R1/negative-tests/n1b-delete-command-mapping/exit-code.txt
f5b0981175fe9bd307c7bb4e8dcb8490cfa58585d62d9c3e2f7eb03e4e875e54  ??  artifacts/rust-tauri/R03/repair-current/G07-R1/negative-tests/n2-zero-match-filter/evidence/A15/cases/background-run-completes-decoupled.json
fda5f46e011354371ff149d97818d48d3b78dca205e17e8a7b39dba1cb4013e6  ??  artifacts/rust-tauri/R03/repair-current/G07-R1/negative-tests/n2-zero-match-filter/evidence/A15/cases/background-survives-unrelated-cancel.json
92eebd1162583e5ed42a8e61a80b5c84e94753ed6562c35c930ebb65f6e23f01  ??  artifacts/rust-tauri/R03/repair-current/G07-R1/negative-tests/n2-zero-match-filter/evidence/A15/cases/cancel-live-run-accepted-terminal-cancelled.json
edc380e78d3b8f95b51f12c2bbfcb702760327da3f20bd6c9f456b5c7e0934de  ??  artifacts/rust-tauri/R03/repair-current/G07-R1/negative-tests/n2-zero-match-filter/evidence/A15/cases/cancel-terminal-run-already-terminal.json
e320e539d701e4f285fcff1a42629b28016fa5f103e77fccb5c1ddf921155742  ??  artifacts/rust-tauri/R03/repair-current/G07-R1/negative-tests/n2-zero-match-filter/evidence/A15/cases/cancel-unknown-run-not-found.json
a513a19cd5ca9bc857d2e01c9be7ec61e3e5677e7d1948db618b31fb7aba127a  ??  artifacts/rust-tauri/R03/repair-current/G07-R1/negative-tests/n2-zero-match-filter/evidence/A15/cases/cancel-waiting-approval-cancels-cleanly.json
602b436fbd1f0de778ca086853030197fe28a3fde1a5f694ebea64e4f8779c8a  ??  artifacts/rust-tauri/R03/repair-current/G07-R1/negative-tests/n2-zero-match-filter/evidence/A15/cases/combo-cancel-stream-terminal-cancelled.json
b24ff9cdbb08092492dd68815bdf3c4a6f38c8e2a42cd79c30abbfcacdfef745  ??  artifacts/rust-tauri/R03/repair-current/G07-R1/negative-tests/n2-zero-match-filter/evidence/A15/cases/combo-crash-recovery-honest-interrupted.json
d9e8dea9429b0f0c9fc86be7f31dcd96b4b227e1174dcdea6d1f00b177ec2987  ??  artifacts/rust-tauri/R03/repair-current/G07-R1/negative-tests/n2-zero-match-filter/evidence/A15/cases/combo-cross-session-both-complete.json
106bebd1aa293f120bb83f22b33de1e19ae817a4963587e2ee17be8731293349  ??  artifacts/rust-tauri/R03/repair-current/G07-R1/negative-tests/n2-zero-match-filter/evidence/A15/cases/combo-duplicate-conflict-rejected.json
eafb37ffcb4d76d45d58a64d80d9ef413064c1f979d64ba1cc2e609d147963fc  ??  artifacts/rust-tauri/R03/repair-current/G07-R1/negative-tests/n2-zero-match-filter/evidence/A15/cases/combo-duplicate-replay-no-second-run.json
346e6cb6ae16f125e4bbfdbf24d2bbcf63c92fa9642b2676fa06a78bfa1e8fdb  ??  artifacts/rust-tauri/R03/repair-current/G07-R1/negative-tests/n2-zero-match-filter/evidence/A15/cases/combo-events-subscriber-saw-terminal.json
97a0c8f8404d1c042f8f7efd240d5d5f5446103b21bcccf9c5c90461b6082043  ??  artifacts/rust-tauri/R03/repair-current/G07-R1/negative-tests/n2-zero-match-filter/evidence/A15/cases/combo-multi-tool-three-calls.json
aa936466e694a90f4087b7ae928f7c9b96ae1450073774fcb29d177dfa59c7b6  ??  artifacts/rust-tauri/R03/repair-current/G07-R1/negative-tests/n2-zero-match-filter/evidence/A15/cases/combo-multi-turn-one-terminal.json
f7bdd9e301d37d6a062e13225cfc84d7e96c1f88cd75d34e300ab00dd0fad0a0  ??  artifacts/rust-tauri/R03/repair-current/G07-R1/negative-tests/n2-zero-match-filter/evidence/A15/cases/combo-normal-run-completed.json
51d8bd26cb2f29bee74097b5ef9a36e3389a56a1c7127e86fa36d75a8106659e  ??  artifacts/rust-tauri/R03/repair-current/G07-R1/negative-tests/n2-zero-match-filter/evidence/A15/cases/combo-out-of-order-late-result-fenced.json
e18f1fcb5cc4af47da6184707fb88e0c0ed656f1fafffe8020a3001c9826c931  ??  artifacts/rust-tauri/R03/repair-current/G07-R1/negative-tests/n2-zero-match-filter/evidence/A15/cases/combo-timeout-budget-loud-failure.json
ccbc0f5c630f404851ca1c561fd5c73421ba9b217ceeff29973b263f05e30888  ??  artifacts/rust-tauri/R03/repair-current/G07-R1/negative-tests/n2-zero-match-filter/evidence/A15/cases/parent-cancel-stops-child-run.json
d72d7e1151ea38a4eeb9ad435aa66dc376039e41ff714f9f550e1f2c8934585a  ??  artifacts/rust-tauri/R03/repair-current/G07-R1/negative-tests/n2-zero-match-filter/evidence/A15/cases/reconnect-resume-no-model-restart.json
5d89ed42d309bfcfd13956b901f209eb432200e88c2ae1eea74d6eaffe625b2a  ??  artifacts/rust-tauri/R03/repair-current/G07-R1/negative-tests/n2-zero-match-filter/evidence/A15/cases/steer-busy-accepted.json
360ccd0c00f5114974f5f2967860d1c339a2e2baa808a2f5dca49f334fe0d386  ??  artifacts/rust-tauri/R03/repair-current/G07-R1/negative-tests/n2-zero-match-filter/evidence/A15/cases/steer-idle-miss.json
d00e58227225a313e612b18019d7f95a07382b0426ab7fbeb39bc4b05b740cc5  ??  artifacts/rust-tauri/R03/repair-current/G07-R1/negative-tests/n2-zero-match-filter/evidence/A15/cases/steer-text-drained-into-model-input.json
1d91fbec57470aebfedf338d49c5109fdd0216e02d720737ed53335eb06ae4c8  ??  artifacts/rust-tauri/R03/repair-current/G07-R1/negative-tests/n2-zero-match-filter/evidence/A15/cases/subagent-child-cancel-stops-child-only.json
25c6b5b26b72b0a4408db94f4f0e40b77faa84d32ccfeaffaf04e29fb20c07c9  ??  artifacts/rust-tauri/R03/repair-current/G07-R1/negative-tests/n2-zero-match-filter/evidence/A15/cases/subagent-close-thread-closed-status.json
c8d7de61de38e7dfa38ea3376602da5c50882e6d6238c3a1ff61b6ac7df04418  ??  artifacts/rust-tauri/R03/repair-current/G07-R1/negative-tests/n2-zero-match-filter/evidence/A15/cases/subagent-dispatch-child-lineage-recorded.json
dce5bbb9b54961ee64c8634f90f4f2600975918f6a2590b57b7b28dd425016bd  ??  artifacts/rust-tauri/R03/repair-current/G07-R1/negative-tests/n2-zero-match-filter/evidence/A15/cases/subagent-escalation-write-denied-zero-children.json
dcd19d358a8a5e560042eee304f1f5460d1c79ba1a64d611fb1007b830562010  ??  artifacts/rust-tauri/R03/repair-current/G07-R1/negative-tests/n2-zero-match-filter/evidence/A15/cases/subagent-policy-proactive-delegation-default-off.json
ffef3903ae224f661b415622ed9c76da5e265c01a9c15b867f429c1f6d10ef15  ??  artifacts/rust-tauri/R03/repair-current/G07-R1/negative-tests/n2-zero-match-filter/evidence/A15/cases/subagent-reply-continues-thread.json
d097c60f1416e1febc17bd0959b1c9252ca9be86b6a1e982d42d9240a38b107e  ??  artifacts/rust-tauri/R03/repair-current/G07-R1/negative-tests/n2-zero-match-filter/evidence/A15/combo-counts.json
4c56fd82542a56017ef5e59d3b0c9752ede52032f31f31c24c2de458153ad296  ??  artifacts/rust-tauri/R03/repair-current/G07-R1/negative-tests/n2-zero-match-filter/evidence/A15/combos/cancel-approval-wait.json
f861ce9b1dbe64f781134bae916b9c8f2503f4ad8572e98bfc18d180a4e35e33  ??  artifacts/rust-tauri/R03/repair-current/G07-R1/negative-tests/n2-zero-match-filter/evidence/A15/combos/cancel-stream-read.json
76b74d822e65d068718af971eb29865cc4891a50d128a35b0bc955cc3b6b65a2  ??  artifacts/rust-tauri/R03/repair-current/G07-R1/negative-tests/n2-zero-match-filter/evidence/A15/combos/crash-recovery.json
ef5545b54a472c39f9b09d995f9ba2e3671618a56d4de3eb7fe4fad24d81f22b  ??  artifacts/rust-tauri/R03/repair-current/G07-R1/negative-tests/n2-zero-match-filter/evidence/A15/combos/cross-session-parallel.json
7f7fd9a6f050ba6811d5b1d7313d11473f92089a4ec0fd2335779e99b59cdaa1  ??  artifacts/rust-tauri/R03/repair-current/G07-R1/negative-tests/n2-zero-match-filter/evidence/A15/combos/duplicate-submission.json
fc9b468ae0f2bd2cfff1a3ead3ba02756e59e73dc0c0a0ebb5142456d1ae38a8  ??  artifacts/rust-tauri/R03/repair-current/G07-R1/negative-tests/n2-zero-match-filter/evidence/A15/combos/leaf-parent-cancel.json
a59635405b3569b1c0c950cb282ecf3749923b36c6b1b5e4d3d21fc3f4458102  ??  artifacts/rust-tauri/R03/repair-current/G07-R1/negative-tests/n2-zero-match-filter/evidence/A15/combos/leaf-steer.json
fd60e4ca043c4073ddf838b3f0fe918436ede45ff7765efc8f1cad42821186f4  ??  artifacts/rust-tauri/R03/repair-current/G07-R1/negative-tests/n2-zero-match-filter/evidence/A15/combos/multi-tool.json
075cad25ce0207f3b49138b8d415d0db78da1005207b2f64d282b478bffa44ae  ??  artifacts/rust-tauri/R03/repair-current/G07-R1/negative-tests/n2-zero-match-filter/evidence/A15/combos/multi-turn-model.json
f94832aef81d68346dd1b25b1ad7312d6bc141a69a616a218b640aa170fbebcb  ??  artifacts/rust-tauri/R03/repair-current/G07-R1/negative-tests/n2-zero-match-filter/evidence/A15/combos/normal.json
44f5b48c4f288ee214f7053e16857997f1fb66a6be241466141301a16c6872e7  ??  artifacts/rust-tauri/R03/repair-current/G07-R1/negative-tests/n2-zero-match-filter/evidence/A15/combos/timeout-budget.json
505ecfbac3942739846be3a188cabea9d26c9641628253767c5457bdff2ab44f  ??  artifacts/rust-tauri/R03/repair-current/G07-R1/negative-tests/n2-zero-match-filter/evidence/A15/leaf-cases.json
30a566d52e3dd0a65e389a5f95a035e39aba1a4c5a936475b1fdd8c7c2a6e8ae  ??  artifacts/rust-tauri/R03/repair-current/G07-R1/negative-tests/n2-zero-match-filter/evidence/A15/summary.txt
9a652a14c5a43c20164935bd4963aa32c2a32445a13a91c504c563352517c3b7  ??  artifacts/rust-tauri/R03/repair-current/G07-R1/negative-tests/n2-zero-match-filter/evidence/A16/captured-seed.txt
9a652a14c5a43c20164935bd4963aa32c2a32445a13a91c504c563352517c3b7  ??  artifacts/rust-tauri/R03/repair-current/G07-R1/negative-tests/n2-zero-match-filter/evidence/A16/p2-captured-seed-attempt-0.txt
9a652a14c5a43c20164935bd4963aa32c2a32445a13a91c504c563352517c3b7  ??  artifacts/rust-tauri/R03/repair-current/G07-R1/negative-tests/n2-zero-match-filter/evidence/A16/p3-replay-1-seed.txt
9a652a14c5a43c20164935bd4963aa32c2a32445a13a91c504c563352517c3b7  ??  artifacts/rust-tauri/R03/repair-current/G07-R1/negative-tests/n2-zero-match-filter/evidence/A16/p3-replay-2-seed.txt
3fd4aaf96fe0793daf71f6aa3f52fa6c74856c7ddd31d414962724cf4df651d5  ??  artifacts/rust-tauri/R03/repair-current/G07-R1/negative-tests/n2-zero-match-filter/evidence/A16/seed-mechanism.json
7d823ecd2fe778be4bc9ccdeaa060189bb8c8a9e8bd9737f51cb16fbd9b11f68  ??  artifacts/rust-tauri/R03/repair-current/G07-R1/negative-tests/n2-zero-match-filter/evidence/A16/summary.txt
ee7e5fbb40a44ffc1c1800a504e14bc6f07a74f3f01d9cd6b326a859511792e2  ??  artifacts/rust-tauri/R03/repair-current/G07-R1/negative-tests/n2-zero-match-filter/evidence/G07_REPAIR/cases.jsonl
22679d6e9b28e6442d51eef0c433e07c5d8610d29bb2edd4a6877068185b2054  ??  artifacts/rust-tauri/R03/repair-current/G07-R1/negative-tests/n2-zero-match-filter/evidence/G07_REPAIR/gaps.txt
dcb75cad1abd9b6ce9e8d27d89cdc97468f1396223175e13c382626a48a52af5  ??  artifacts/rust-tauri/R03/repair-current/G07-R1/negative-tests/n2-zero-match-filter/evidence/G07_REPAIR/repair-cases.json
6b816f5a9d9e956a8b1b5cbfd98946fdc6d95eae276d74cef726753a9ad6095b  ??  artifacts/rust-tauri/R03/repair-current/G07-R1/negative-tests/n2-zero-match-filter/evidence/G07_REPAIR/summary.txt
2aea6d8a26b66f543824247a6312de3824ad644cd823f6ce3af92c01d713803e  ??  artifacts/rust-tauri/R03/repair-current/G07-R1/negative-tests/n2-zero-match-filter/evidence/R02/A05_A06/.last-body
1319bbe558a1a9043433da92529bc8c24d2b6fbcabc962836a938e946e273399  ??  artifacts/rust-tauri/R03/repair-current/G07-R1/negative-tests/n2-zero-match-filter/evidence/R02/A05_A06/body-limit.txt
c0c19dff508a998f0c6e1fbf2643c2d78647cd6495bc53c57d2566877a3abc0b  ??  artifacts/rust-tauri/R03/repair-current/G07-R1/negative-tests/n2-zero-match-filter/evidence/R02/A05_A06/cli-sessions-limit-case.json
d8fe5ba74d4b42199c5e5b3d7a6f1a6c40d023273de09a97dd9b1be8e395566f  ??  artifacts/rust-tauri/R03/repair-current/G07-R1/negative-tests/n2-zero-match-filter/evidence/R02/A05_A06/creds-after-authz.json
8f8d569efe65a575d1e45fc0e0116315630ebfea099de294f58ce79e1bf9e702  ??  artifacts/rust-tauri/R03/repair-current/G07-R1/negative-tests/n2-zero-match-filter/evidence/R02/A05_A06/creds-before-authz.json
b3e6b184274b2e2a69825bd99d0a51392747e853a3d4f5d06dd358f6f5e23bea  ??  artifacts/rust-tauri/R03/repair-current/G07-R1/negative-tests/n2-zero-match-filter/evidence/R02/A05_A06/devices-after-authz.json
d3f8369e1e98fe8555b14edf3bc93f273f4534430f28df74f34bdad39d1c6083  ??  artifacts/rust-tauri/R03/repair-current/G07-R1/negative-tests/n2-zero-match-filter/evidence/R02/A05_A06/devices-before-authz.json
d5378bdf2c58df9941f2af988552d4f4c88836ecebc6a450e8000b1117c5a0b1  ??  artifacts/rust-tauri/R03/repair-current/G07-R1/negative-tests/n2-zero-match-filter/evidence/R02/A05_A06/leaf-cases.json
730b4b1c857ce3a7d1f7be4793c82dd2a0af4c9820f3bcd67e9e2e45dc6f1785  ??  artifacts/rust-tauri/R03/repair-current/G07-R1/negative-tests/n2-zero-match-filter/evidence/R02/A05_A06/leaf-cases.ndjson
9e6b0c4b9464f51dd9d097ca580c5992e5a79bf2f1d6176903f9c2233684ceeb  ??  artifacts/rust-tauri/R03/repair-current/G07-R1/negative-tests/n2-zero-match-filter/evidence/R02/A05_A06/me-denied-after.sha256
9e6b0c4b9464f51dd9d097ca580c5992e5a79bf2f1d6176903f9c2233684ceeb  ??  artifacts/rust-tauri/R03/repair-current/G07-R1/negative-tests/n2-zero-match-filter/evidence/R02/A05_A06/me-denied-before.sha256
9901fa4939e8c0683cc392787126273c429530490fdebe18e68d1ad0c6fc2459  ??  artifacts/rust-tauri/R03/repair-current/G07-R1/negative-tests/n2-zero-match-filter/evidence/R02/A05_A06/sessions-list-matrix.json
7e23215206794eb3a4342c07d814577798d65530d9f9d430dd8f9e82224e23ee  ??  artifacts/rust-tauri/R03/repair-current/G07-R1/negative-tests/n2-zero-match-filter/evidence/R02/A05_A06/state-after-authn.txt
c621b4125a5586415e3d20b1c52eabaf907801d504c56b04cd81e026faf58bd7  ??  artifacts/rust-tauri/R03/repair-current/G07-R1/negative-tests/n2-zero-match-filter/evidence/R02/A05_A06/state-after.txt
7e23215206794eb3a4342c07d814577798d65530d9f9d430dd8f9e82224e23ee  ??  artifacts/rust-tauri/R03/repair-current/G07-R1/negative-tests/n2-zero-match-filter/evidence/R02/A05_A06/state-before-authz.txt
7e23215206794eb3a4342c07d814577798d65530d9f9d430dd8f9e82224e23ee  ??  artifacts/rust-tauri/R03/repair-current/G07-R1/negative-tests/n2-zero-match-filter/evidence/R02/A05_A06/state-before.txt
808fa72c21d1a4811314c863ed767a99b9f27e5fa4327e4290f3b47c2fc8f19c  ??  artifacts/rust-tauri/R03/repair-current/G07-R1/negative-tests/n2-zero-match-filter/evidence/R02/A05_A06/summary.txt
1e64c69c13dc527a1393b83e44b1331e36c1ea3305dcc04ee7eee9acd2bc6cf5  ??  artifacts/rust-tauri/R03/repair-current/G07-R1/negative-tests/n2-zero-match-filter/evidence/R02/A05_A06/ws-matrix.json
42c2a9de0a34d7b7737ec7303ca6d5db7c7a4efa20e9459e9f5eacf1881ce749  ??  artifacts/rust-tauri/R03/repair-current/G07-R1/negative-tests/n2-zero-match-filter/evidence/R02/A07_A08/last-db-hashes.txt
e613a984930f45c73fa5aa79af6955b0ac56faa30868e1da85d84a96a180eee3  ??  artifacts/rust-tauri/R03/repair-current/G07-R1/negative-tests/n2-zero-match-filter/evidence/R02/A07_A08/s1-counts-after-stop.json
6e11d3157e36f2f24de72943cc5df97aec8475c1e95a29c6fed9cc451e41da10  ??  artifacts/rust-tauri/R03/repair-current/G07-R1/negative-tests/n2-zero-match-filter/evidence/R02/A07_A08/s2-counts-after-crash.json
930e35c025993cb0b88aad7d070e968c447a538a8d28cc87b0e2300b31da7697  ??  artifacts/rust-tauri/R03/repair-current/G07-R1/negative-tests/n2-zero-match-filter/evidence/R02/A07_A08/s2-runs-dump.jsonl
876554211353be0a5cd24db0aa407b33c9b48230517822dd2d69c4c7c3729c6c  ??  artifacts/rust-tauri/R03/repair-current/G07-R1/negative-tests/n2-zero-match-filter/evidence/R02/A07_A08/s3-fault.err
e3b0c44298fc1c149afbf4c8996fb92427ae41e4649b934ca495991b7852b855  ??  artifacts/rust-tauri/R03/repair-current/G07-R1/negative-tests/n2-zero-match-filter/evidence/R02/A07_A08/s3-fault.out
72a4a8debf4cf90edb3c6608aeebdc9181ca09e3179a47649f4f2174be4fa8aa  ??  artifacts/rust-tauri/R03/repair-current/G07-R1/negative-tests/n2-zero-match-filter/evidence/R02/A07_A08/s4-hashes-after.txt
72a4a8debf4cf90edb3c6608aeebdc9181ca09e3179a47649f4f2174be4fa8aa  ??  artifacts/rust-tauri/R03/repair-current/G07-R1/negative-tests/n2-zero-match-filter/evidence/R02/A07_A08/s4-hashes-before.txt
30002b55f6aa1d853d633ad109d6604bbd09cde8efb38683ef0df703b794e770  ??  artifacts/rust-tauri/R03/repair-current/G07-R1/negative-tests/n2-zero-match-filter/evidence/R02/A07_A08/s4-migrations-round1.json
30002b55f6aa1d853d633ad109d6604bbd09cde8efb38683ef0df703b794e770  ??  artifacts/rust-tauri/R03/repair-current/G07-R1/negative-tests/n2-zero-match-filter/evidence/R02/A07_A08/s4-migrations-round2.json
30002b55f6aa1d853d633ad109d6604bbd09cde8efb38683ef0df703b794e770  ??  artifacts/rust-tauri/R03/repair-current/G07-R1/negative-tests/n2-zero-match-filter/evidence/R02/A07_A08/s4-migrations-round3.json
da3f2d260f347bf0bbff03c3400689e17da299db601d43a4dd6dcc2a02651a88  ??  artifacts/rust-tauri/R03/repair-current/G07-R1/negative-tests/n2-zero-match-filter/evidence/R02/A07_A08/service-s1.err
ace9ace8dd249ed0396b292acc36e6c34e0cd704744039a83ac42714347272c7  ??  artifacts/rust-tauri/R03/repair-current/G07-R1/negative-tests/n2-zero-match-filter/evidence/R02/A07_A08/service-s1.out
e600ea404c4f5668f266329f24b04992f4162632fa420582d69186ea4ca40d1e  ??  artifacts/rust-tauri/R03/repair-current/G07-R1/negative-tests/n2-zero-match-filter/evidence/R02/A07_A08/service-s1b.err
8752108cb3741363c99fa4bc1e6a8469ef7e920bd7bc8b7196c1cadf709e7dfe  ??  artifacts/rust-tauri/R03/repair-current/G07-R1/negative-tests/n2-zero-match-filter/evidence/R02/A07_A08/service-s1b.out
8b99babeecfcffbce5c4778ad92cf9ea5757d4d50f6530ed0ff636e10a34c6d0  ??  artifacts/rust-tauri/R03/repair-current/G07-R1/negative-tests/n2-zero-match-filter/evidence/R02/A07_A08/service-s2.err
c90d102a2027cfc3b68f877d11f2a109d87ffb687eea8aff78f64c191bc350f6  ??  artifacts/rust-tauri/R03/repair-current/G07-R1/negative-tests/n2-zero-match-filter/evidence/R02/A07_A08/service-s2.out
ea811ac77aa9a186bb904be68ad9f6cac2edf53e49da10301fc47c9a79ebd9dc  ??  artifacts/rust-tauri/R03/repair-current/G07-R1/negative-tests/n2-zero-match-filter/evidence/R02/A07_A08/service-s2b.err
cd3398fb64c85adc8332d9f8da05f8e5cf28b1e93aa73e5afcd7008ce3954425  ??  artifacts/rust-tauri/R03/repair-current/G07-R1/negative-tests/n2-zero-match-filter/evidence/R02/A07_A08/service-s2b.out
d82bf00be7a73ef85c785bfb6a78aae543ed149b118e892fabf47e2621389149  ??  artifacts/rust-tauri/R03/repair-current/G07-R1/negative-tests/n2-zero-match-filter/evidence/R02/A07_A08/service-s4-1.err
e1d899f6cc202f42220e812a11eb9fbd3e1991c7849091633e6f6872cd61ae44  ??  artifacts/rust-tauri/R03/repair-current/G07-R1/negative-tests/n2-zero-match-filter/evidence/R02/A07_A08/service-s4-1.out
e5be911bacfe69ff852fa8be57afcaf044c25fe5feb7774a3ef128ed8e6a1f9b  ??  artifacts/rust-tauri/R03/repair-current/G07-R1/negative-tests/n2-zero-match-filter/evidence/R02/A07_A08/service-s4-2.err
14797114070210d59a2285560f218189a45c07a0479c0b868865236cad3c3106  ??  artifacts/rust-tauri/R03/repair-current/G07-R1/negative-tests/n2-zero-match-filter/evidence/R02/A07_A08/service-s4-2.out
4031f305ad8e54fd7f2d8dab48d5790928d51938b78933b7d06790220804b9a0  ??  artifacts/rust-tauri/R03/repair-current/G07-R1/negative-tests/n2-zero-match-filter/evidence/R02/A07_A08/service-s4-3.err
5bae8ca840c67693bbc00219ad2057564e7656b223c81afcad2c09f8638e8b74  ??  artifacts/rust-tauri/R03/repair-current/G07-R1/negative-tests/n2-zero-match-filter/evidence/R02/A07_A08/service-s4-3.out
ba3ede651c50b612c3200a793850a8c95886acdf9177f0df2b77b11c4a028e13  ??  artifacts/rust-tauri/R03/repair-current/G07-R1/negative-tests/n2-zero-match-filter/evidence/R02/A07_A08/service.addr
8b17c3fef26b3b805189a3c652906678c418a9051b6e03d46f1cee62fd721bf5  ??  artifacts/rust-tauri/R03/repair-current/G07-R1/negative-tests/n2-zero-match-filter/evidence/R02/A07_A08/service.pid
a0c82fb5352d2afb90d4aeb5f120a245a55eef42d51ce83d21fdb609a43390b4  ??  artifacts/rust-tauri/R03/repair-current/G07-R1/negative-tests/n2-zero-match-filter/evidence/R02/A07_A08/summary.txt
c9df3086cf25e6072198557302d86135af74d0aa2e9cd9b505c647258d92d7d8  ??  artifacts/rust-tauri/R03/repair-current/G07-R1/negative-tests/n2-zero-match-filter/evidence/R02/A09_A10/a09-merged-view.json
f0015305a98a4877c37bc053dae9d36b359aec4cee3b5e183e047d720590cc74  ??  artifacts/rust-tauri/R03/repair-current/G07-R1/negative-tests/n2-zero-match-filter/evidence/R02/A09_A10/a10-rebuild-diff.json
db2c06be77c913cb169fb324e91926daa794b586b04835cc9ed02c7d79f8b141  ??  artifacts/rust-tauri/R03/repair-current/G07-R1/negative-tests/n2-zero-match-filter/evidence/R02/A09_A10/key-events-dump.json
45011d3a1d08f948af94e981b3cd9ca03e71c09ce0ef054e858bbccc8d1b43b9  ??  artifacts/rust-tauri/R03/repair-current/G07-R1/negative-tests/n2-zero-match-filter/evidence/R02/A09_A10/matrix.json
58387844d774e4b89a3aa9eb9effae35e52e11f6ee77d88af4043d80c2b30e30  ??  artifacts/rust-tauri/R03/repair-current/G07-R1/negative-tests/n2-zero-match-filter/evidence/R02/A09_A10/probe-matrix.jsonl
2ae9be9a647a28471f01e768a4d514f615641d439d90cb09ab370162aa984a97  ??  artifacts/rust-tauri/R03/repair-current/G07-R1/negative-tests/n2-zero-match-filter/evidence/R02/A09_A10/service.err
0a7531efa229356d85b7ce6186e5f9c17ccac6da7c32748ef65ae1161dbdbc38  ??  artifacts/rust-tauri/R03/repair-current/G07-R1/negative-tests/n2-zero-match-filter/evidence/R02/A09_A10/service.out
55a40ffcb457e81710d0aaa89d788ec41e37beefd300bce2ac868686bfcfb38f  ??  artifacts/rust-tauri/R03/repair-current/G07-R1/negative-tests/n2-zero-match-filter/evidence/R02/A09_A10/summary.txt
dd63f79ce1a39fdef735dbb9eb292c3f8a45db77c2513d3cc7379e5dbe13749e  ??  artifacts/rust-tauri/R03/repair-current/G07-R1/negative-tests/n2-zero-match-filter/evidence/R02/A11/backup-restore/s1-backup-dir-listing.txt
88ba7daeb4e0ce2f974b9ee04cafd7177d29623103c219644d3695a2368037ba  ??  artifacts/rust-tauri/R03/repair-current/G07-R1/negative-tests/n2-zero-match-filter/evidence/R02/A11/backup-restore/s1-backup-outcome.json
e3b0c44298fc1c149afbf4c8996fb92427ae41e4649b934ca495991b7852b855  ??  artifacts/rust-tauri/R03/repair-current/G07-R1/negative-tests/n2-zero-match-filter/evidence/R02/A11/backup-restore/s1-backup.err
700a2c0a306792aeadc059a11dfe97f5209c9db33b48cfe580795f108eade0f9  ??  artifacts/rust-tauri/R03/repair-current/G07-R1/negative-tests/n2-zero-match-filter/evidence/R02/A11/backup-restore/s1-restore-outcome.json
e3b0c44298fc1c149afbf4c8996fb92427ae41e4649b934ca495991b7852b855  ??  artifacts/rust-tauri/R03/repair-current/G07-R1/negative-tests/n2-zero-match-filter/evidence/R02/A11/backup-restore/s1-restore.err
710805fc1776aba8a0871857457c6841eb65dc286093b6324991e46c63def72a  ??  artifacts/rust-tauri/R03/repair-current/G07-R1/negative-tests/n2-zero-match-filter/evidence/R02/A11/backup-restore/s1-restored-dump.jsonl
c135b0a9721b6332e2752c63f06c544ce1e45fe12b7ae7c47c9a6b635ddab5b9  ??  artifacts/rust-tauri/R03/repair-current/G07-R1/negative-tests/n2-zero-match-filter/evidence/R02/A11/backup-restore/s1-restored-hash.txt
710805fc1776aba8a0871857457c6841eb65dc286093b6324991e46c63def72a  ??  artifacts/rust-tauri/R03/repair-current/G07-R1/negative-tests/n2-zero-match-filter/evidence/R02/A11/backup-restore/s1-source-dump.jsonl
020d07e6f6b714859c2dc76c92ab7497b5d864e35d158fee062c2c47a569eafb  ??  artifacts/rust-tauri/R03/repair-current/G07-R1/negative-tests/n2-zero-match-filter/evidence/R02/A11/backup-restore/s1-source-hash.txt
951e1f2cedf4a978898a4f9e620777561b8381ece9faf4223f8594a201f47f74  ??  artifacts/rust-tauri/R03/repair-current/G07-R1/negative-tests/n2-zero-match-filter/evidence/R02/A11/backup-restore/s1-wal-size.txt
e3b0c44298fc1c149afbf4c8996fb92427ae41e4649b934ca495991b7852b855  ??  artifacts/rust-tauri/R03/repair-current/G07-R1/negative-tests/n2-zero-match-filter/evidence/R02/A11/backup-restore/s3-backup-out.json
68b3519b3f1917cb0ee22f54abe5551ee50b9c5acccdb5bd7fd5b52180569398  ??  artifacts/rust-tauri/R03/repair-current/G07-R1/negative-tests/n2-zero-match-filter/evidence/R02/A11/backup-restore/s3-backup.err
9b33c4d50a9f7a0434980244454a85ce4288c7323241cf9ff22c50e6b8f8dd85  ??  artifacts/rust-tauri/R03/repair-current/G07-R1/negative-tests/n2-zero-match-filter/evidence/R02/A11/backup-restore/s4-ws-probe.json
a4c3ed04a95a3da14a9d235c83d868bed7c0f45cf7f3faa751ee8f50598d2211  ??  artifacts/rust-tauri/R03/repair-current/G07-R1/negative-tests/n2-zero-match-filter/evidence/R02/A11/backup-restore/s4-ws-probe.json.probe-done
ac1bc2f092a555c6a58217a7406297b0011978b894ee82896010bb12b0a02d9e  ??  artifacts/rust-tauri/R03/repair-current/G07-R1/negative-tests/n2-zero-match-filter/evidence/R02/A11/backup-restore/service-s1.addr
2da8c5121fb8dfd3a7596e77d1c1f720e6de5e015fd6a4408ace7f88d870f769  ??  artifacts/rust-tauri/R03/repair-current/G07-R1/negative-tests/n2-zero-match-filter/evidence/R02/A11/backup-restore/service-s1.err
38379eec36c8542c703021b300d97ce963090b52b3b42a99697bea39b9680978  ??  artifacts/rust-tauri/R03/repair-current/G07-R1/negative-tests/n2-zero-match-filter/evidence/R02/A11/backup-restore/service-s1.out
6488de760c13becf9d28a8152a39da0663d023e90968ea482d09cb625fcdb9fa  ??  artifacts/rust-tauri/R03/repair-current/G07-R1/negative-tests/n2-zero-match-filter/evidence/R02/A11/backup-restore/service-s2.addr
ae2cff373888517ff7d4927d6e8d4eeab12b72bd20950183ccae70e34ca22273  ??  artifacts/rust-tauri/R03/repair-current/G07-R1/negative-tests/n2-zero-match-filter/evidence/R02/A11/backup-restore/service-s2.err
e5afd733784abd4c4d611a1f6a58c1a87524543790c19468e96e3cef22e418b5  ??  artifacts/rust-tauri/R03/repair-current/G07-R1/negative-tests/n2-zero-match-filter/evidence/R02/A11/backup-restore/service-s2.out
087ff33ca66d2deafe80683ad2daf6e7783b7de17233eaae7b0dce92104a8acd  ??  artifacts/rust-tauri/R03/repair-current/G07-R1/negative-tests/n2-zero-match-filter/evidence/R02/A11/backup-restore/service-s4.addr
00a97ccaf7442176de6eafa99f00749dc8d1ba3c45ecd1931f71923ed3269ae3  ??  artifacts/rust-tauri/R03/repair-current/G07-R1/negative-tests/n2-zero-match-filter/evidence/R02/A11/backup-restore/service-s4.err
03bfbc602800b3396b79f32ef1a19c6a54d82a0eb9aa02db0c27d671ebd81cd6  ??  artifacts/rust-tauri/R03/repair-current/G07-R1/negative-tests/n2-zero-match-filter/evidence/R02/A11/backup-restore/service-s4.out
d43c759df28db3b1df34a088ad66906d988ad8f3da55185c7d8d970614f8ea0c  ??  artifacts/rust-tauri/R03/repair-current/G07-R1/negative-tests/n2-zero-match-filter/evidence/R02/A11/backup-restore/service.pid
927ea85174cfe4487fd57401d0cdf879ce2c8aeff8b93b51bb8599fd2d310873  ??  artifacts/rust-tauri/R03/repair-current/G07-R1/negative-tests/n2-zero-match-filter/evidence/R02/A11/backup-restore/summary.txt
7c4fa11a3d07407dd2536daa492d70fd6931092b25958cbc6e95e92df47aa07f  ??  artifacts/rust-tauri/R03/repair-current/G07-R1/negative-tests/n2-zero-match-filter/evidence/R02/A12/recovery-drill/coexist-after.txt
7c4fa11a3d07407dd2536daa492d70fd6931092b25958cbc6e95e92df47aa07f  ??  artifacts/rust-tauri/R03/repair-current/G07-R1/negative-tests/n2-zero-match-filter/evidence/R02/A12/recovery-drill/coexist-before.txt
39cdd13b30cc45eb00c51134c63ff8307f0c3e72985efd5e3ca7b8e1b1826752  ??  artifacts/rust-tauri/R03/repair-current/G07-R1/negative-tests/n2-zero-match-filter/evidence/R02/A12/recovery-drill/own-created-homes.txt
96c72ee55c964851cdd78ea0087b0447fb970f8acda1bc92221741af229bc8e4  ??  artifacts/rust-tauri/R03/repair-current/G07-R1/negative-tests/n2-zero-match-filter/evidence/R02/A12/recovery-drill/summary.txt
7b2f675d535131e9ee3b95eb996b520af42000b1efea572dc62eff72fd758a84  ??  artifacts/rust-tauri/R03/repair-current/G07-R1/negative-tests/n2-zero-match-filter/evidence/R02/A12/recovery-drill/v1-hashes-after.txt
7b2f675d535131e9ee3b95eb996b520af42000b1efea572dc62eff72fd758a84  ??  artifacts/rust-tauri/R03/repair-current/G07-R1/negative-tests/n2-zero-match-filter/evidence/R02/A12/recovery-drill/v1-hashes-before.txt
15ad4db487bf9eb28956cb4657e1e946aa1588dc32f3a7f7819c706932d8f369  ??  artifacts/rust-tauri/R03/repair-current/G07-R1/negative-tests/n2-zero-match-filter/evidence/R02/A12/recovery-drill/v1.err
e3b0c44298fc1c149afbf4c8996fb92427ae41e4649b934ca495991b7852b855  ??  artifacts/rust-tauri/R03/repair-current/G07-R1/negative-tests/n2-zero-match-filter/evidence/R02/A12/recovery-drill/v1.out
fcb269f1fc43e20619871bab0f6e464d30773313e55b17f725fc62249ab521be  ??  artifacts/rust-tauri/R03/repair-current/G07-R1/negative-tests/n2-zero-match-filter/evidence/R02/A12/recovery-drill/v2-hashes-after.txt
fcb269f1fc43e20619871bab0f6e464d30773313e55b17f725fc62249ab521be  ??  artifacts/rust-tauri/R03/repair-current/G07-R1/negative-tests/n2-zero-match-filter/evidence/R02/A12/recovery-drill/v2-hashes-before.txt
6c147003a0ba2774d15b40ed142e0957ec40f6a036a3b447309d87d345dfbe3a  ??  artifacts/rust-tauri/R03/repair-current/G07-R1/negative-tests/n2-zero-match-filter/evidence/R02/A12/recovery-drill/v2.err
e3b0c44298fc1c149afbf4c8996fb92427ae41e4649b934ca495991b7852b855  ??  artifacts/rust-tauri/R03/repair-current/G07-R1/negative-tests/n2-zero-match-filter/evidence/R02/A12/recovery-drill/v2.out
a33ffd69acb495d9a221778bb2317e4cef00e4d752d794b9c1267890666ec43d  ??  artifacts/rust-tauri/R03/repair-current/G07-R1/negative-tests/n2-zero-match-filter/evidence/R02/A12/recovery-drill/v3-hashes-after.txt
a33ffd69acb495d9a221778bb2317e4cef00e4d752d794b9c1267890666ec43d  ??  artifacts/rust-tauri/R03/repair-current/G07-R1/negative-tests/n2-zero-match-filter/evidence/R02/A12/recovery-drill/v3-hashes-before.txt
63ae1dc917101d8590032fcd7e48e617b781c234d62a2381fa5190c3e1cc6b0a  ??  artifacts/rust-tauri/R03/repair-current/G07-R1/negative-tests/n2-zero-match-filter/evidence/R02/A12/recovery-drill/v3.err
e3b0c44298fc1c149afbf4c8996fb92427ae41e4649b934ca495991b7852b855  ??  artifacts/rust-tauri/R03/repair-current/G07-R1/negative-tests/n2-zero-match-filter/evidence/R02/A12/recovery-drill/v3.out
2bf0285cb5229ca2ded8623261800e124cbbd519a507b1af5c584011e19a533e  ??  artifacts/rust-tauri/R03/repair-current/G07-R1/negative-tests/n2-zero-match-filter/evidence/R02/A12/recovery-drill/v4.err
dcaa27e3d446250bb5ddf406729e09747bc6a78fd75ea1dddce7aa453bcaf32e  ??  artifacts/rust-tauri/R03/repair-current/G07-R1/negative-tests/n2-zero-match-filter/evidence/R02/A12/recovery-drill/v4.out
e9da2d9b4b5b888ba044543e97f976be8b6bf7fab8e80fd17ebedeef1a592d2c  ??  artifacts/rust-tauri/R03/repair-current/G07-R1/negative-tests/n2-zero-match-filter/evidence/R02/A12/recovery-drill/v5-hashes-after.txt
e9da2d9b4b5b888ba044543e97f976be8b6bf7fab8e80fd17ebedeef1a592d2c  ??  artifacts/rust-tauri/R03/repair-current/G07-R1/negative-tests/n2-zero-match-filter/evidence/R02/A12/recovery-drill/v5-hashes-before.txt
df38b2fae22a43a7bf0b351ed84bacd1e37ddb764a62b57319dbfd578383e581  ??  artifacts/rust-tauri/R03/repair-current/G07-R1/negative-tests/n2-zero-match-filter/evidence/R02/A12/recovery-drill/v5.err
e3b0c44298fc1c149afbf4c8996fb92427ae41e4649b934ca495991b7852b855  ??  artifacts/rust-tauri/R03/repair-current/G07-R1/negative-tests/n2-zero-match-filter/evidence/R02/A12/recovery-drill/v5.out
3300d5a16845603a8b85dded16387a71fe7e8da5c6b99701f4abb87390d0125e  ??  artifacts/rust-tauri/R03/repair-current/G07-R1/negative-tests/n2-zero-match-filter/evidence/R02/A12/recovery-drill/v6-recovered-dump.jsonl
27badc983df1780b60c2b3fa9d3a19a00e46aac798451f0febdca52920faaddf  ??  artifacts/rust-tauri/R03/repair-current/G07-R1/negative-tests/n2-zero-match-filter/evidence/R02/A12/recovery-drill/v6-seed-execute.txt
45d8efe6d3cfccd3d8f6d468e2aa88f1a7775b2e078e099fe512805938fc18b7  ??  artifacts/rust-tauri/R03/repair-current/G07-R1/negative-tests/n2-zero-match-filter/evidence/R02/A12/recovery-drill/v6-seed.err
ca559c43f588b287f3e80e6421c519c5530ecfb765c9634647cbc78072b5ae42  ??  artifacts/rust-tauri/R03/repair-current/G07-R1/negative-tests/n2-zero-match-filter/evidence/R02/A12/recovery-drill/v6-seed.out
ddac8c37a76df5b6321b06981d10ad2a1e14916200cf1ee7d168e64094f1a63d  ??  artifacts/rust-tauri/R03/repair-current/G07-R1/negative-tests/n2-zero-match-filter/evidence/R02/A12/recovery-drill/v6.err
c9d4ff87a53183f315f91cc0e510183c7f410d82deb39cb737d712e656ec3321  ??  artifacts/rust-tauri/R03/repair-current/G07-R1/negative-tests/n2-zero-match-filter/evidence/R02/A12/recovery-drill/v6.out
f9c928c46910638065488cc31d67ec13fb98c233fbac1985dd0d421299d0bca0  ??  artifacts/rust-tauri/R03/repair-current/G07-R1/negative-tests/n2-zero-match-filter/evidence/R02/A12/recovery-drill/v7-hashes-after.txt
f9c928c46910638065488cc31d67ec13fb98c233fbac1985dd0d421299d0bca0  ??  artifacts/rust-tauri/R03/repair-current/G07-R1/negative-tests/n2-zero-match-filter/evidence/R02/A12/recovery-drill/v7-hashes-before.txt
d10b0276188fe0a2cf368fb3f11d621376f8b4dcc56e3b85f21597dc5b02fdf8  ??  artifacts/rust-tauri/R03/repair-current/G07-R1/negative-tests/n2-zero-match-filter/evidence/R02/A12/recovery-drill/v7-seed.err
05feed3d22eb43ccba2d6ad02ec8eaa15f1e71fbb88d4e0787055420f9578a27  ??  artifacts/rust-tauri/R03/repair-current/G07-R1/negative-tests/n2-zero-match-filter/evidence/R02/A12/recovery-drill/v7-seed.out
257b453c88664df989a67720093532b82c0e4e8d97be91c3344ef72ee22746f7  ??  artifacts/rust-tauri/R03/repair-current/G07-R1/negative-tests/n2-zero-match-filter/evidence/R02/A12/recovery-drill/v7.err
e3b0c44298fc1c149afbf4c8996fb92427ae41e4649b934ca495991b7852b855  ??  artifacts/rust-tauri/R03/repair-current/G07-R1/negative-tests/n2-zero-match-filter/evidence/R02/A12/recovery-drill/v7.out
b2438932663a43cb59d3f9ce6eb204512268c844319a52b18065c30cd529c293  ??  artifacts/rust-tauri/R03/repair-current/G07-R1/negative-tests/n2-zero-match-filter/evidence/R02/A12/recovery-drill/v8-observed.err
1c7f206ac86d698dc566165803560302513b966db81c685724ea73cce9ec298b  ??  artifacts/rust-tauri/R03/repair-current/G07-R1/negative-tests/n2-zero-match-filter/evidence/R02/A12/recovery-drill/v8-seed.err
8a78860510997ab275c0444527967efbcfbb237419adc804e4b4eb679b21ca5b  ??  artifacts/rust-tauri/R03/repair-current/G07-R1/negative-tests/n2-zero-match-filter/evidence/R02/A12/recovery-drill/v8-seed.out
b2438932663a43cb59d3f9ce6eb204512268c844319a52b18065c30cd529c293  ??  artifacts/rust-tauri/R03/repair-current/G07-R1/negative-tests/n2-zero-match-filter/evidence/R02/A12/recovery-drill/v8.err
9ab8d75e4ba430e6afa5f6f53e212bb19730560ef50b0726dcc654b3714a7640  ??  artifacts/rust-tauri/R03/repair-current/G07-R1/negative-tests/n2-zero-match-filter/evidence/R02/A12/recovery-drill/v8.out
020c50ba3cdd19bf065b05fdd0240429b2bd1dfac3463f59f0266c9d8a671d74  ??  artifacts/rust-tauri/R03/repair-current/G07-R1/negative-tests/n2-zero-match-filter/evidence/R02/A15/full-chain/pre-restart-head.json
e3b0c44298fc1c149afbf4c8996fb92427ae41e4649b934ca495991b7852b855  ??  artifacts/rust-tauri/R03/repair-current/G07-R1/negative-tests/n2-zero-match-filter/evidence/R02/A15/full-chain/probe1.err
0842d035f0b2fc9e756ed4efe6df5d2434f935bc36386d2e4d1257b7b5e248c1  ??  artifacts/rust-tauri/R03/repair-current/G07-R1/negative-tests/n2-zero-match-filter/evidence/R02/A15/full-chain/probe1.pass-lines
e3b0c44298fc1c149afbf4c8996fb92427ae41e4649b934ca495991b7852b855  ??  artifacts/rust-tauri/R03/repair-current/G07-R1/negative-tests/n2-zero-match-filter/evidence/R02/A15/full-chain/probe2.err
28a411dc95be7e6596d2954fdbecf8eb034d9f8dc1248ab1d111c07c1c218b89  ??  artifacts/rust-tauri/R03/repair-current/G07-R1/negative-tests/n2-zero-match-filter/evidence/R02/A15/full-chain/probe2.pass-lines
017e816aa022142947f1386c0263d6d6c7b5a7b3b3b9579229e12e10de9cd881  ??  artifacts/rust-tauri/R03/repair-current/G07-R1/negative-tests/n2-zero-match-filter/evidence/R02/A15/full-chain/service1.err
af13332a34c6043f6a1acfb54fc3a7ccecaf0730cff7bd18ba9662b5718f076b  ??  artifacts/rust-tauri/R03/repair-current/G07-R1/negative-tests/n2-zero-match-filter/evidence/R02/A15/full-chain/service1.out
89caf836948cb1e7111a270391fc9c5d3b341015ee80e6585fcd1bbd7bccce2b  ??  artifacts/rust-tauri/R03/repair-current/G07-R1/negative-tests/n2-zero-match-filter/evidence/R02/A15/full-chain/service2.err
0c133ecd99f3e46d309447d9680aeaef0b96d9ef68899913cd51473511b6286d  ??  artifacts/rust-tauri/R03/repair-current/G07-R1/negative-tests/n2-zero-match-filter/evidence/R02/A15/full-chain/service2.out
7a112fec951e6cb2f987ce0c96201368778641ca4dbe29fc0bce6cc02bb1e131  ??  artifacts/rust-tauri/R03/repair-current/G07-R1/negative-tests/n2-zero-match-filter/evidence/R02/A15/full-chain/summary.txt
b09b26b81fd3fd546d15243c32cf268bec0b18234795428e8eda89366b53dd4f  ??  artifacts/rust-tauri/R03/repair-current/G07-R1/negative-tests/n2-zero-match-filter/evidence/R02/A16/legacy-entry/e0-candidate-binding.tsv
85fb626202e6df21410b80faf376506e92f2b33c9ac5b657bc10c98dab29f49b  ??  artifacts/rust-tauri/R03/repair-current/G07-R1/negative-tests/n2-zero-match-filter/evidence/R02/A16/legacy-entry/e0-candidate-dirty.diff
fcb7c5a39e96aea24061ed947741714378ee0fd08c64e29f067cb5c00d7ea52a  ??  artifacts/rust-tauri/R03/repair-current/G07-R1/negative-tests/n2-zero-match-filter/evidence/R02/A16/legacy-entry/e0-candidate-dirty.txt
5861822b44b0df33e1762597e44f52fe9ddda13e15efe0d7dfba79bca3187f18  ??  artifacts/rust-tauri/R03/repair-current/G07-R1/negative-tests/n2-zero-match-filter/evidence/R02/A16/legacy-entry/summary.txt
0260607f95f5ed0926d183ca9472c3955919b9e0aef515e18ad79d2fc95c8b85  ??  artifacts/rust-tauri/R03/repair-current/G07-R1/negative-tests/n2-zero-match-filter/evidence/candidate-source-after.json
0260607f95f5ed0926d183ca9472c3955919b9e0aef515e18ad79d2fc95c8b85  ??  artifacts/rust-tauri/R03/repair-current/G07-R1/negative-tests/n2-zero-match-filter/evidence/candidate-source-before.json
84b1e1d2702f0457bec9c8a01cd2403e38491115a2ce8f4dc9e55947ec51e341  ??  artifacts/rust-tauri/R03/repair-current/G07-R1/negative-tests/n2-zero-match-filter/evidence/verify-stage-result.json
4355a46b19d348dc2f57c046f8ef63d4538ebb936000f3c9ee954a27460dd865  ??  artifacts/rust-tauri/R03/repair-current/G07-R1/negative-tests/n2-zero-match-filter/exit-code.txt
f5b0981175fe9bd307c7bb4e8dcb8490cfa58585d62d9c3e2f7eb03e4e875e54  ??  artifacts/rust-tauri/R03/repair-current/G07-R1/negative-tests/n3-missing-evidence-file/evidence/A15/cases/background-run-completes-decoupled.json
fda5f46e011354371ff149d97818d48d3b78dca205e17e8a7b39dba1cb4013e6  ??  artifacts/rust-tauri/R03/repair-current/G07-R1/negative-tests/n3-missing-evidence-file/evidence/A15/cases/background-survives-unrelated-cancel.json
92eebd1162583e5ed42a8e61a80b5c84e94753ed6562c35c930ebb65f6e23f01  ??  artifacts/rust-tauri/R03/repair-current/G07-R1/negative-tests/n3-missing-evidence-file/evidence/A15/cases/cancel-live-run-accepted-terminal-cancelled.json
edc380e78d3b8f95b51f12c2bbfcb702760327da3f20bd6c9f456b5c7e0934de  ??  artifacts/rust-tauri/R03/repair-current/G07-R1/negative-tests/n3-missing-evidence-file/evidence/A15/cases/cancel-terminal-run-already-terminal.json
e320e539d701e4f285fcff1a42629b28016fa5f103e77fccb5c1ddf921155742  ??  artifacts/rust-tauri/R03/repair-current/G07-R1/negative-tests/n3-missing-evidence-file/evidence/A15/cases/cancel-unknown-run-not-found.json
a513a19cd5ca9bc857d2e01c9be7ec61e3e5677e7d1948db618b31fb7aba127a  ??  artifacts/rust-tauri/R03/repair-current/G07-R1/negative-tests/n3-missing-evidence-file/evidence/A15/cases/cancel-waiting-approval-cancels-cleanly.json
602b436fbd1f0de778ca086853030197fe28a3fde1a5f694ebea64e4f8779c8a  ??  artifacts/rust-tauri/R03/repair-current/G07-R1/negative-tests/n3-missing-evidence-file/evidence/A15/cases/combo-cancel-stream-terminal-cancelled.json
b24ff9cdbb08092492dd68815bdf3c4a6f38c8e2a42cd79c30abbfcacdfef745  ??  artifacts/rust-tauri/R03/repair-current/G07-R1/negative-tests/n3-missing-evidence-file/evidence/A15/cases/combo-crash-recovery-honest-interrupted.json
d9e8dea9429b0f0c9fc86be7f31dcd96b4b227e1174dcdea6d1f00b177ec2987  ??  artifacts/rust-tauri/R03/repair-current/G07-R1/negative-tests/n3-missing-evidence-file/evidence/A15/cases/combo-cross-session-both-complete.json
106bebd1aa293f120bb83f22b33de1e19ae817a4963587e2ee17be8731293349  ??  artifacts/rust-tauri/R03/repair-current/G07-R1/negative-tests/n3-missing-evidence-file/evidence/A15/cases/combo-duplicate-conflict-rejected.json
eafb37ffcb4d76d45d58a64d80d9ef413064c1f979d64ba1cc2e609d147963fc  ??  artifacts/rust-tauri/R03/repair-current/G07-R1/negative-tests/n3-missing-evidence-file/evidence/A15/cases/combo-duplicate-replay-no-second-run.json
346e6cb6ae16f125e4bbfdbf24d2bbcf63c92fa9642b2676fa06a78bfa1e8fdb  ??  artifacts/rust-tauri/R03/repair-current/G07-R1/negative-tests/n3-missing-evidence-file/evidence/A15/cases/combo-events-subscriber-saw-terminal.json
97a0c8f8404d1c042f8f7efd240d5d5f5446103b21bcccf9c5c90461b6082043  ??  artifacts/rust-tauri/R03/repair-current/G07-R1/negative-tests/n3-missing-evidence-file/evidence/A15/cases/combo-multi-tool-three-calls.json
aa936466e694a90f4087b7ae928f7c9b96ae1450073774fcb29d177dfa59c7b6  ??  artifacts/rust-tauri/R03/repair-current/G07-R1/negative-tests/n3-missing-evidence-file/evidence/A15/cases/combo-multi-turn-one-terminal.json
f7bdd9e301d37d6a062e13225cfc84d7e96c1f88cd75d34e300ab00dd0fad0a0  ??  artifacts/rust-tauri/R03/repair-current/G07-R1/negative-tests/n3-missing-evidence-file/evidence/A15/cases/combo-normal-run-completed.json
51d8bd26cb2f29bee74097b5ef9a36e3389a56a1c7127e86fa36d75a8106659e  ??  artifacts/rust-tauri/R03/repair-current/G07-R1/negative-tests/n3-missing-evidence-file/evidence/A15/cases/combo-out-of-order-late-result-fenced.json
e18f1fcb5cc4af47da6184707fb88e0c0ed656f1fafffe8020a3001c9826c931  ??  artifacts/rust-tauri/R03/repair-current/G07-R1/negative-tests/n3-missing-evidence-file/evidence/A15/cases/combo-timeout-budget-loud-failure.json
ccbc0f5c630f404851ca1c561fd5c73421ba9b217ceeff29973b263f05e30888  ??  artifacts/rust-tauri/R03/repair-current/G07-R1/negative-tests/n3-missing-evidence-file/evidence/A15/cases/parent-cancel-stops-child-run.json
d72d7e1151ea38a4eeb9ad435aa66dc376039e41ff714f9f550e1f2c8934585a  ??  artifacts/rust-tauri/R03/repair-current/G07-R1/negative-tests/n3-missing-evidence-file/evidence/A15/cases/reconnect-resume-no-model-restart.json
5d89ed42d309bfcfd13956b901f209eb432200e88c2ae1eea74d6eaffe625b2a  ??  artifacts/rust-tauri/R03/repair-current/G07-R1/negative-tests/n3-missing-evidence-file/evidence/A15/cases/steer-busy-accepted.json
360ccd0c00f5114974f5f2967860d1c339a2e2baa808a2f5dca49f334fe0d386  ??  artifacts/rust-tauri/R03/repair-current/G07-R1/negative-tests/n3-missing-evidence-file/evidence/A15/cases/steer-idle-miss.json
d00e58227225a313e612b18019d7f95a07382b0426ab7fbeb39bc4b05b740cc5  ??  artifacts/rust-tauri/R03/repair-current/G07-R1/negative-tests/n3-missing-evidence-file/evidence/A15/cases/steer-text-drained-into-model-input.json
1d91fbec57470aebfedf338d49c5109fdd0216e02d720737ed53335eb06ae4c8  ??  artifacts/rust-tauri/R03/repair-current/G07-R1/negative-tests/n3-missing-evidence-file/evidence/A15/cases/subagent-child-cancel-stops-child-only.json
25c6b5b26b72b0a4408db94f4f0e40b77faa84d32ccfeaffaf04e29fb20c07c9  ??  artifacts/rust-tauri/R03/repair-current/G07-R1/negative-tests/n3-missing-evidence-file/evidence/A15/cases/subagent-close-thread-closed-status.json
c8d7de61de38e7dfa38ea3376602da5c50882e6d6238c3a1ff61b6ac7df04418  ??  artifacts/rust-tauri/R03/repair-current/G07-R1/negative-tests/n3-missing-evidence-file/evidence/A15/cases/subagent-dispatch-child-lineage-recorded.json
dce5bbb9b54961ee64c8634f90f4f2600975918f6a2590b57b7b28dd425016bd  ??  artifacts/rust-tauri/R03/repair-current/G07-R1/negative-tests/n3-missing-evidence-file/evidence/A15/cases/subagent-escalation-write-denied-zero-children.json
dcd19d358a8a5e560042eee304f1f5460d1c79ba1a64d611fb1007b830562010  ??  artifacts/rust-tauri/R03/repair-current/G07-R1/negative-tests/n3-missing-evidence-file/evidence/A15/cases/subagent-policy-proactive-delegation-default-off.json
ffef3903ae224f661b415622ed9c76da5e265c01a9c15b867f429c1f6d10ef15  ??  artifacts/rust-tauri/R03/repair-current/G07-R1/negative-tests/n3-missing-evidence-file/evidence/A15/cases/subagent-reply-continues-thread.json
d097c60f1416e1febc17bd0959b1c9252ca9be86b6a1e982d42d9240a38b107e  ??  artifacts/rust-tauri/R03/repair-current/G07-R1/negative-tests/n3-missing-evidence-file/evidence/A15/combo-counts.json
4c56fd82542a56017ef5e59d3b0c9752ede52032f31f31c24c2de458153ad296  ??  artifacts/rust-tauri/R03/repair-current/G07-R1/negative-tests/n3-missing-evidence-file/evidence/A15/combos/cancel-approval-wait.json
f861ce9b1dbe64f781134bae916b9c8f2503f4ad8572e98bfc18d180a4e35e33  ??  artifacts/rust-tauri/R03/repair-current/G07-R1/negative-tests/n3-missing-evidence-file/evidence/A15/combos/cancel-stream-read.json
76b74d822e65d068718af971eb29865cc4891a50d128a35b0bc955cc3b6b65a2  ??  artifacts/rust-tauri/R03/repair-current/G07-R1/negative-tests/n3-missing-evidence-file/evidence/A15/combos/crash-recovery.json
ef5545b54a472c39f9b09d995f9ba2e3671618a56d4de3eb7fe4fad24d81f22b  ??  artifacts/rust-tauri/R03/repair-current/G07-R1/negative-tests/n3-missing-evidence-file/evidence/A15/combos/cross-session-parallel.json
7f7fd9a6f050ba6811d5b1d7313d11473f92089a4ec0fd2335779e99b59cdaa1  ??  artifacts/rust-tauri/R03/repair-current/G07-R1/negative-tests/n3-missing-evidence-file/evidence/A15/combos/duplicate-submission.json
fc9b468ae0f2bd2cfff1a3ead3ba02756e59e73dc0c0a0ebb5142456d1ae38a8  ??  artifacts/rust-tauri/R03/repair-current/G07-R1/negative-tests/n3-missing-evidence-file/evidence/A15/combos/leaf-parent-cancel.json
a59635405b3569b1c0c950cb282ecf3749923b36c6b1b5e4d3d21fc3f4458102  ??  artifacts/rust-tauri/R03/repair-current/G07-R1/negative-tests/n3-missing-evidence-file/evidence/A15/combos/leaf-steer.json
fd60e4ca043c4073ddf838b3f0fe918436ede45ff7765efc8f1cad42821186f4  ??  artifacts/rust-tauri/R03/repair-current/G07-R1/negative-tests/n3-missing-evidence-file/evidence/A15/combos/multi-tool.json
075cad25ce0207f3b49138b8d415d0db78da1005207b2f64d282b478bffa44ae  ??  artifacts/rust-tauri/R03/repair-current/G07-R1/negative-tests/n3-missing-evidence-file/evidence/A15/combos/multi-turn-model.json
f94832aef81d68346dd1b25b1ad7312d6bc141a69a616a218b640aa170fbebcb  ??  artifacts/rust-tauri/R03/repair-current/G07-R1/negative-tests/n3-missing-evidence-file/evidence/A15/combos/normal.json
44f5b48c4f288ee214f7053e16857997f1fb66a6be241466141301a16c6872e7  ??  artifacts/rust-tauri/R03/repair-current/G07-R1/negative-tests/n3-missing-evidence-file/evidence/A15/combos/timeout-budget.json
505ecfbac3942739846be3a188cabea9d26c9641628253767c5457bdff2ab44f  ??  artifacts/rust-tauri/R03/repair-current/G07-R1/negative-tests/n3-missing-evidence-file/evidence/A15/leaf-cases.json
30a566d52e3dd0a65e389a5f95a035e39aba1a4c5a936475b1fdd8c7c2a6e8ae  ??  artifacts/rust-tauri/R03/repair-current/G07-R1/negative-tests/n3-missing-evidence-file/evidence/A15/summary.txt
9a652a14c5a43c20164935bd4963aa32c2a32445a13a91c504c563352517c3b7  ??  artifacts/rust-tauri/R03/repair-current/G07-R1/negative-tests/n3-missing-evidence-file/evidence/A16/captured-seed.txt
9a652a14c5a43c20164935bd4963aa32c2a32445a13a91c504c563352517c3b7  ??  artifacts/rust-tauri/R03/repair-current/G07-R1/negative-tests/n3-missing-evidence-file/evidence/A16/p2-captured-seed-attempt-0.txt
9a652a14c5a43c20164935bd4963aa32c2a32445a13a91c504c563352517c3b7  ??  artifacts/rust-tauri/R03/repair-current/G07-R1/negative-tests/n3-missing-evidence-file/evidence/A16/p3-replay-1-seed.txt
9a652a14c5a43c20164935bd4963aa32c2a32445a13a91c504c563352517c3b7  ??  artifacts/rust-tauri/R03/repair-current/G07-R1/negative-tests/n3-missing-evidence-file/evidence/A16/p3-replay-2-seed.txt
3fd4aaf96fe0793daf71f6aa3f52fa6c74856c7ddd31d414962724cf4df651d5  ??  artifacts/rust-tauri/R03/repair-current/G07-R1/negative-tests/n3-missing-evidence-file/evidence/A16/seed-mechanism.json
7d823ecd2fe778be4bc9ccdeaa060189bb8c8a9e8bd9737f51cb16fbd9b11f68  ??  artifacts/rust-tauri/R03/repair-current/G07-R1/negative-tests/n3-missing-evidence-file/evidence/A16/summary.txt
a78e649733d4fea6a4eed258f2828044be4f87cbe15d6e4cd56aa13bbdf42064  ??  artifacts/rust-tauri/R03/repair-current/G07-R1/negative-tests/n3-missing-evidence-file/evidence/G07_REPAIR/cases.jsonl
e3b0c44298fc1c149afbf4c8996fb92427ae41e4649b934ca495991b7852b855  ??  artifacts/rust-tauri/R03/repair-current/G07-R1/negative-tests/n3-missing-evidence-file/evidence/G07_REPAIR/gaps.txt
fb01ac619921de38fc8b3f4b03acf1679ef1970aa72ad9b11894254d77ec1319  ??  artifacts/rust-tauri/R03/repair-current/G07-R1/negative-tests/n3-missing-evidence-file/evidence/G07_REPAIR/repair-cases.json
aa09db2835372f3b2e2a4540f5ff3dfb457867555a4441f2590ea313c6e988ae  ??  artifacts/rust-tauri/R03/repair-current/G07-R1/negative-tests/n3-missing-evidence-file/evidence/G07_REPAIR/summary.txt
4ec0b84cdae357c33b39e6d299bcd9159f0b9eb9d71740088111ebeec8b223b7  ??  artifacts/rust-tauri/R03/repair-current/G07-R1/negative-tests/n3-missing-evidence-file/evidence/R02/A05_A06/.last-body
1319bbe558a1a9043433da92529bc8c24d2b6fbcabc962836a938e946e273399  ??  artifacts/rust-tauri/R03/repair-current/G07-R1/negative-tests/n3-missing-evidence-file/evidence/R02/A05_A06/body-limit.txt
c0c19dff508a998f0c6e1fbf2643c2d78647cd6495bc53c57d2566877a3abc0b  ??  artifacts/rust-tauri/R03/repair-current/G07-R1/negative-tests/n3-missing-evidence-file/evidence/R02/A05_A06/cli-sessions-limit-case.json
557b3d7331179efbdb2b31502eb75c1d7210d84dd2e3259a4a743dc9de60f934  ??  artifacts/rust-tauri/R03/repair-current/G07-R1/negative-tests/n3-missing-evidence-file/evidence/R02/A05_A06/creds-after-authz.json
7ea940b7eda6b0b965a260978577e8af1dc7dc06f4489031852e16f398340a8c  ??  artifacts/rust-tauri/R03/repair-current/G07-R1/negative-tests/n3-missing-evidence-file/evidence/R02/A05_A06/creds-before-authz.json
78cdb27a3713f78595eaa8eed8944de91255c9591a6e90b676bb7398ce89e406  ??  artifacts/rust-tauri/R03/repair-current/G07-R1/negative-tests/n3-missing-evidence-file/evidence/R02/A05_A06/devices-after-authz.json
2af36637df55f88e8ba8dae1794caf90a635a211edf1c69a21b2e5852842bad8  ??  artifacts/rust-tauri/R03/repair-current/G07-R1/negative-tests/n3-missing-evidence-file/evidence/R02/A05_A06/devices-before-authz.json
fdcc09e2cc9e89458027aa87e92ee01cdf2c10e73ee27d66cfac6e048c6ffbcb  ??  artifacts/rust-tauri/R03/repair-current/G07-R1/negative-tests/n3-missing-evidence-file/evidence/R02/A05_A06/leaf-cases.json
7c78ff8cb578e513aec7a8912fc5b3c8ba3d58cf030873b4b125af26a99c33e9  ??  artifacts/rust-tauri/R03/repair-current/G07-R1/negative-tests/n3-missing-evidence-file/evidence/R02/A05_A06/leaf-cases.ndjson
172cb22fc3b7af2ad325d5ce96d1d0125bdc2335bdebcad1b52f6ebd002baf93  ??  artifacts/rust-tauri/R03/repair-current/G07-R1/negative-tests/n3-missing-evidence-file/evidence/R02/A05_A06/me-denied-after.sha256
172cb22fc3b7af2ad325d5ce96d1d0125bdc2335bdebcad1b52f6ebd002baf93  ??  artifacts/rust-tauri/R03/repair-current/G07-R1/negative-tests/n3-missing-evidence-file/evidence/R02/A05_A06/me-denied-before.sha256
9901fa4939e8c0683cc392787126273c429530490fdebe18e68d1ad0c6fc2459  ??  artifacts/rust-tauri/R03/repair-current/G07-R1/negative-tests/n3-missing-evidence-file/evidence/R02/A05_A06/sessions-list-matrix.json
0316eb4f2252cacd74c780beb43bf5e518a301638831995a47af67dc916f22e3  ??  artifacts/rust-tauri/R03/repair-current/G07-R1/negative-tests/n3-missing-evidence-file/evidence/R02/A05_A06/state-after-authn.txt
0c246f7a91927523ecf4534600d65ab43d29cd6137686605c47962742e89184e  ??  artifacts/rust-tauri/R03/repair-current/G07-R1/negative-tests/n3-missing-evidence-file/evidence/R02/A05_A06/state-after.txt
0316eb4f2252cacd74c780beb43bf5e518a301638831995a47af67dc916f22e3  ??  artifacts/rust-tauri/R03/repair-current/G07-R1/negative-tests/n3-missing-evidence-file/evidence/R02/A05_A06/state-before-authz.txt
0316eb4f2252cacd74c780beb43bf5e518a301638831995a47af67dc916f22e3  ??  artifacts/rust-tauri/R03/repair-current/G07-R1/negative-tests/n3-missing-evidence-file/evidence/R02/A05_A06/state-before.txt
aba00fa4335c96c76645c6474ccd10073565ac64815ab13390bae0c54904c67f  ??  artifacts/rust-tauri/R03/repair-current/G07-R1/negative-tests/n3-missing-evidence-file/evidence/R02/A05_A06/summary.txt
f26f8d5eff462a73c220e33067d4ae77d3ca3ea1c5d1526459cc9c489e282ae6  ??  artifacts/rust-tauri/R03/repair-current/G07-R1/negative-tests/n3-missing-evidence-file/evidence/R02/A05_A06/ws-matrix.json
a19f7a0da1adb00335bc2caca1066b6db95edea2ea74d27acc21ca1822c7afce  ??  artifacts/rust-tauri/R03/repair-current/G07-R1/negative-tests/n3-missing-evidence-file/evidence/R02/A07_A08/last-db-hashes.txt
e613a984930f45c73fa5aa79af6955b0ac56faa30868e1da85d84a96a180eee3  ??  artifacts/rust-tauri/R03/repair-current/G07-R1/negative-tests/n3-missing-evidence-file/evidence/R02/A07_A08/s1-counts-after-stop.json
6e11d3157e36f2f24de72943cc5df97aec8475c1e95a29c6fed9cc451e41da10  ??  artifacts/rust-tauri/R03/repair-current/G07-R1/negative-tests/n3-missing-evidence-file/evidence/R02/A07_A08/s2-counts-after-crash.json
5f2e41b8ef57407558c586b74383227a248f26a9e66f972a4a65a7a4915151c3  ??  artifacts/rust-tauri/R03/repair-current/G07-R1/negative-tests/n3-missing-evidence-file/evidence/R02/A07_A08/s2-runs-dump.jsonl
ce050666c272cac7922818910fe8ba6aa73748d9906f11921dec629ef9419f63  ??  artifacts/rust-tauri/R03/repair-current/G07-R1/negative-tests/n3-missing-evidence-file/evidence/R02/A07_A08/s3-fault.err
e3b0c44298fc1c149afbf4c8996fb92427ae41e4649b934ca495991b7852b855  ??  artifacts/rust-tauri/R03/repair-current/G07-R1/negative-tests/n3-missing-evidence-file/evidence/R02/A07_A08/s3-fault.out
16f0a9342900e3fc4b800c8fa7d937b2d740778e8a5d26e10cc4fa8782cd3641  ??  artifacts/rust-tauri/R03/repair-current/G07-R1/negative-tests/n3-missing-evidence-file/evidence/R02/A07_A08/s4-hashes-after.txt
16f0a9342900e3fc4b800c8fa7d937b2d740778e8a5d26e10cc4fa8782cd3641  ??  artifacts/rust-tauri/R03/repair-current/G07-R1/negative-tests/n3-missing-evidence-file/evidence/R02/A07_A08/s4-hashes-before.txt
9102f64855bbd56a33cfc3d9fc1bd786068dedc21d525a1c8e575a8de2900b1d  ??  artifacts/rust-tauri/R03/repair-current/G07-R1/negative-tests/n3-missing-evidence-file/evidence/R02/A07_A08/s4-migrations-round1.json
9102f64855bbd56a33cfc3d9fc1bd786068dedc21d525a1c8e575a8de2900b1d  ??  artifacts/rust-tauri/R03/repair-current/G07-R1/negative-tests/n3-missing-evidence-file/evidence/R02/A07_A08/s4-migrations-round2.json
9102f64855bbd56a33cfc3d9fc1bd786068dedc21d525a1c8e575a8de2900b1d  ??  artifacts/rust-tauri/R03/repair-current/G07-R1/negative-tests/n3-missing-evidence-file/evidence/R02/A07_A08/s4-migrations-round3.json
ca01f46f85d4c5378112fd6cf005105111a283fc213c5d1329bacd200ec7afe2  ??  artifacts/rust-tauri/R03/repair-current/G07-R1/negative-tests/n3-missing-evidence-file/evidence/R02/A07_A08/service-s1.err
0f56e8b52fbf3b41ce45f71f6563d76e9fab894f1816d4791588e12424b1cdcf  ??  artifacts/rust-tauri/R03/repair-current/G07-R1/negative-tests/n3-missing-evidence-file/evidence/R02/A07_A08/service-s1.out
d35aee2a7a6cb3bf56a2af6be393c996b42795d398a07635776e36f63d171d64  ??  artifacts/rust-tauri/R03/repair-current/G07-R1/negative-tests/n3-missing-evidence-file/evidence/R02/A07_A08/service-s1b.err
3e2fb84dfb970ec8ccd24ade86d87e4140d7498f43ea72769c33553082996e30  ??  artifacts/rust-tauri/R03/repair-current/G07-R1/negative-tests/n3-missing-evidence-file/evidence/R02/A07_A08/service-s1b.out
99795154daa807e205dfbdb7c59f0f8054e546735546744d447f4ad9c733318e  ??  artifacts/rust-tauri/R03/repair-current/G07-R1/negative-tests/n3-missing-evidence-file/evidence/R02/A07_A08/service-s2.err
1ed427a87667d286809173772d7504ed4f4e9e5e462228c95af56bbcb3831473  ??  artifacts/rust-tauri/R03/repair-current/G07-R1/negative-tests/n3-missing-evidence-file/evidence/R02/A07_A08/service-s2.out
ce859d31398999f1bf929ed869bae84cecc36c4ec0e8fe6c3ef875a027e50cfd  ??  artifacts/rust-tauri/R03/repair-current/G07-R1/negative-tests/n3-missing-evidence-file/evidence/R02/A07_A08/service-s2b.err
26efe78d9602afe489ff458733650ab014e1bf4166aea7d32d544c792c7dc4d8  ??  artifacts/rust-tauri/R03/repair-current/G07-R1/negative-tests/n3-missing-evidence-file/evidence/R02/A07_A08/service-s2b.out
7e2b5f3edbc0c1dbd8b6f4906342062fafee3febb6c507d0bf665d38967060db  ??  artifacts/rust-tauri/R03/repair-current/G07-R1/negative-tests/n3-missing-evidence-file/evidence/R02/A07_A08/service-s4-1.err
99151fdaa6bad296e25b89bae29e681bdde590deea354fae8de4077c7d7b23ec  ??  artifacts/rust-tauri/R03/repair-current/G07-R1/negative-tests/n3-missing-evidence-file/evidence/R02/A07_A08/service-s4-1.out
2189823026416a7b5f022a351dcf3ed9682d91cec74f3baea8826b3a4f8b210c  ??  artifacts/rust-tauri/R03/repair-current/G07-R1/negative-tests/n3-missing-evidence-file/evidence/R02/A07_A08/service-s4-2.err
e61eaf7855fd5668a60de281359c48ff49f187e5958b39a7ee239b1d8e3db112  ??  artifacts/rust-tauri/R03/repair-current/G07-R1/negative-tests/n3-missing-evidence-file/evidence/R02/A07_A08/service-s4-2.out
141e64c0381d3540153a50ca931f64cfa42ae5c07f4ce90320f877d44f73c693  ??  artifacts/rust-tauri/R03/repair-current/G07-R1/negative-tests/n3-missing-evidence-file/evidence/R02/A07_A08/service-s4-3.err
388ab71530b6b36e70120d43a80dd8d77d89f8035498eff5ac127468259f9e4a  ??  artifacts/rust-tauri/R03/repair-current/G07-R1/negative-tests/n3-missing-evidence-file/evidence/R02/A07_A08/service-s4-3.out
f4841e1fe6ce354cd0ca9e0219f9344a1d117faddb8407357272fd757a9e0020  ??  artifacts/rust-tauri/R03/repair-current/G07-R1/negative-tests/n3-missing-evidence-file/evidence/R02/A07_A08/service.addr
28b9b0d37c399cec6aa28efc847e1269acf4f87b406ce216359613e68a137666  ??  artifacts/rust-tauri/R03/repair-current/G07-R1/negative-tests/n3-missing-evidence-file/evidence/R02/A07_A08/service.pid
a0c82fb5352d2afb90d4aeb5f120a245a55eef42d51ce83d21fdb609a43390b4  ??  artifacts/rust-tauri/R03/repair-current/G07-R1/negative-tests/n3-missing-evidence-file/evidence/R02/A07_A08/summary.txt
21f1c950657ecda32b914c7822b4dfa31e1bb4d2bac76f4873f685bbe7058dae  ??  artifacts/rust-tauri/R03/repair-current/G07-R1/negative-tests/n3-missing-evidence-file/evidence/R02/A09_A10/a09-merged-view.json
9a411c77c00c833b5028fa6ffafbdbd547da91aa5d824e1b0339cc3c8fa31821  ??  artifacts/rust-tauri/R03/repair-current/G07-R1/negative-tests/n3-missing-evidence-file/evidence/R02/A09_A10/a10-rebuild-diff.json
443b4eb75fd0faf61c1ce3a05876d569b7ed4ec7d88a261acefc4cbbd7485481  ??  artifacts/rust-tauri/R03/repair-current/G07-R1/negative-tests/n3-missing-evidence-file/evidence/R02/A09_A10/key-events-dump.json
d27e95823bc73b2cd6183ccc51b524cd8f636c08bd75af2801b63ebc6aca1e15  ??  artifacts/rust-tauri/R03/repair-current/G07-R1/negative-tests/n3-missing-evidence-file/evidence/R02/A09_A10/matrix.json
d9489c9f09d4084b7fe8aa346e413eeaf7e7ec5eefbc0af65ccd212b53548c27  ??  artifacts/rust-tauri/R03/repair-current/G07-R1/negative-tests/n3-missing-evidence-file/evidence/R02/A09_A10/probe-matrix.jsonl
deb06acc82d116831c16f1cea427e7716cfac06bdab3f6352defab75e80d0c4b  ??  artifacts/rust-tauri/R03/repair-current/G07-R1/negative-tests/n3-missing-evidence-file/evidence/R02/A09_A10/service.err
77d1ad39bf018529b76b8cecf1d712f3a6f7f5583f04a1d3cdc8dee4648ffc3e  ??  artifacts/rust-tauri/R03/repair-current/G07-R1/negative-tests/n3-missing-evidence-file/evidence/R02/A09_A10/service.out
b34900531855d545c59d672b8f9e362348159c08e5186e58660a56fd7f165aa6  ??  artifacts/rust-tauri/R03/repair-current/G07-R1/negative-tests/n3-missing-evidence-file/evidence/R02/A09_A10/summary.txt
dd63f79ce1a39fdef735dbb9eb292c3f8a45db77c2513d3cc7379e5dbe13749e  ??  artifacts/rust-tauri/R03/repair-current/G07-R1/negative-tests/n3-missing-evidence-file/evidence/R02/A11/backup-restore/s1-backup-dir-listing.txt
175629422614f16d99f04f2423207f2d57a6f3c10f3fb011d44ae94e0619437b  ??  artifacts/rust-tauri/R03/repair-current/G07-R1/negative-tests/n3-missing-evidence-file/evidence/R02/A11/backup-restore/s1-backup-outcome.json
e3b0c44298fc1c149afbf4c8996fb92427ae41e4649b934ca495991b7852b855  ??  artifacts/rust-tauri/R03/repair-current/G07-R1/negative-tests/n3-missing-evidence-file/evidence/R02/A11/backup-restore/s1-backup.err
a46738bb0a2b646c13e5b188ccbdbf0231db124ba27acf6e30994592e6662883  ??  artifacts/rust-tauri/R03/repair-current/G07-R1/negative-tests/n3-missing-evidence-file/evidence/R02/A11/backup-restore/s1-restore-outcome.json
e3b0c44298fc1c149afbf4c8996fb92427ae41e4649b934ca495991b7852b855  ??  artifacts/rust-tauri/R03/repair-current/G07-R1/negative-tests/n3-missing-evidence-file/evidence/R02/A11/backup-restore/s1-restore.err
789ae4ec174e22fc8605d6b1f8fa0066fb83dafa90762135df4c5d47326dd8fa  ??  artifacts/rust-tauri/R03/repair-current/G07-R1/negative-tests/n3-missing-evidence-file/evidence/R02/A11/backup-restore/s1-restored-dump.jsonl
c726b1da678bc8a484cabde1d24503e904963a14eee6a6d8809ba53b45d71b58  ??  artifacts/rust-tauri/R03/repair-current/G07-R1/negative-tests/n3-missing-evidence-file/evidence/R02/A11/backup-restore/s1-restored-hash.txt
789ae4ec174e22fc8605d6b1f8fa0066fb83dafa90762135df4c5d47326dd8fa  ??  artifacts/rust-tauri/R03/repair-current/G07-R1/negative-tests/n3-missing-evidence-file/evidence/R02/A11/backup-restore/s1-source-dump.jsonl
b5160c915f711fc36fea17c727a0cfe8f515882382f662ab8acc7c92baaef9e5  ??  artifacts/rust-tauri/R03/repair-current/G07-R1/negative-tests/n3-missing-evidence-file/evidence/R02/A11/backup-restore/s1-source-hash.txt
951e1f2cedf4a978898a4f9e620777561b8381ece9faf4223f8594a201f47f74  ??  artifacts/rust-tauri/R03/repair-current/G07-R1/negative-tests/n3-missing-evidence-file/evidence/R02/A11/backup-restore/s1-wal-size.txt
e3b0c44298fc1c149afbf4c8996fb92427ae41e4649b934ca495991b7852b855  ??  artifacts/rust-tauri/R03/repair-current/G07-R1/negative-tests/n3-missing-evidence-file/evidence/R02/A11/backup-restore/s3-backup-out.json
eb458b506932472729227f407f5ee51cf7a04c1c5b8b570e673de482aadc4f8f  ??  artifacts/rust-tauri/R03/repair-current/G07-R1/negative-tests/n3-missing-evidence-file/evidence/R02/A11/backup-restore/s3-backup.err
9b33c4d50a9f7a0434980244454a85ce4288c7323241cf9ff22c50e6b8f8dd85  ??  artifacts/rust-tauri/R03/repair-current/G07-R1/negative-tests/n3-missing-evidence-file/evidence/R02/A11/backup-restore/s4-ws-probe.json
a4c3ed04a95a3da14a9d235c83d868bed7c0f45cf7f3faa751ee8f50598d2211  ??  artifacts/rust-tauri/R03/repair-current/G07-R1/negative-tests/n3-missing-evidence-file/evidence/R02/A11/backup-restore/s4-ws-probe.json.probe-done
323bfbbdb3fdcd835a631d7939bd42d63cdd29d82f4ae15ddf4ab128aa165597  ??  artifacts/rust-tauri/R03/repair-current/G07-R1/negative-tests/n3-missing-evidence-file/evidence/R02/A11/backup-restore/service-s1.addr
b87040449da31c7493acf75f84dcdfb9f321213a132e7d9cd39ffe429595683a  ??  artifacts/rust-tauri/R03/repair-current/G07-R1/negative-tests/n3-missing-evidence-file/evidence/R02/A11/backup-restore/service-s1.err
a27a5b7064a5ca9bd6364959ccdb72416779e34e3d5f81b27ef2c27d0528d8e3  ??  artifacts/rust-tauri/R03/repair-current/G07-R1/negative-tests/n3-missing-evidence-file/evidence/R02/A11/backup-restore/service-s1.out
32979c3c149627adb8ad2265bdd9150cd5f71da69d579f2dd4227ebd043bf07d  ??  artifacts/rust-tauri/R03/repair-current/G07-R1/negative-tests/n3-missing-evidence-file/evidence/R02/A11/backup-restore/service-s2.addr
e6f685c58babee41c84ff72eb699c9b0db4fdd367cac2e439f467a259c9b8c25  ??  artifacts/rust-tauri/R03/repair-current/G07-R1/negative-tests/n3-missing-evidence-file/evidence/R02/A11/backup-restore/service-s2.err
d1bbe18591ea3cbfaa22df8f26fa023c95aff2da1df56d5dcbc12cb68ef28623  ??  artifacts/rust-tauri/R03/repair-current/G07-R1/negative-tests/n3-missing-evidence-file/evidence/R02/A11/backup-restore/service-s2.out
8f04ba36e38a933bce3ce32d264edb1ab26d0d4b689c4013d7cb634b2a4cfac9  ??  artifacts/rust-tauri/R03/repair-current/G07-R1/negative-tests/n3-missing-evidence-file/evidence/R02/A11/backup-restore/service-s4.addr
f64fec1abc8641a2f74d79beeb84e494e088748042c636a3ddc07ee3f57382d4  ??  artifacts/rust-tauri/R03/repair-current/G07-R1/negative-tests/n3-missing-evidence-file/evidence/R02/A11/backup-restore/service-s4.err
8504152d162cc95cde640a6ce72373d04121f715a1251fde32ab79651eee799c  ??  artifacts/rust-tauri/R03/repair-current/G07-R1/negative-tests/n3-missing-evidence-file/evidence/R02/A11/backup-restore/service-s4.out
5b3e242883e1bae9e43f800c334b27b57b6b8308371322fd4882014f58941aee  ??  artifacts/rust-tauri/R03/repair-current/G07-R1/negative-tests/n3-missing-evidence-file/evidence/R02/A11/backup-restore/service.pid
927ea85174cfe4487fd57401d0cdf879ce2c8aeff8b93b51bb8599fd2d310873  ??  artifacts/rust-tauri/R03/repair-current/G07-R1/negative-tests/n3-missing-evidence-file/evidence/R02/A11/backup-restore/summary.txt
00c565dcde217a41abe9795aeba83d9bb4f5d5c6f75cbc3005c06eed64ebc36e  ??  artifacts/rust-tauri/R03/repair-current/G07-R1/negative-tests/n3-missing-evidence-file/evidence/R02/A12/recovery-drill/coexist-after.txt
00c565dcde217a41abe9795aeba83d9bb4f5d5c6f75cbc3005c06eed64ebc36e  ??  artifacts/rust-tauri/R03/repair-current/G07-R1/negative-tests/n3-missing-evidence-file/evidence/R02/A12/recovery-drill/coexist-before.txt
e75a69d8ff216fb556edc478265a15d08be0872fa3cd0fd1a332117facadbe67  ??  artifacts/rust-tauri/R03/repair-current/G07-R1/negative-tests/n3-missing-evidence-file/evidence/R02/A12/recovery-drill/own-created-homes.txt
96c72ee55c964851cdd78ea0087b0447fb970f8acda1bc92221741af229bc8e4  ??  artifacts/rust-tauri/R03/repair-current/G07-R1/negative-tests/n3-missing-evidence-file/evidence/R02/A12/recovery-drill/summary.txt
7b2f675d535131e9ee3b95eb996b520af42000b1efea572dc62eff72fd758a84  ??  artifacts/rust-tauri/R03/repair-current/G07-R1/negative-tests/n3-missing-evidence-file/evidence/R02/A12/recovery-drill/v1-hashes-after.txt
7b2f675d535131e9ee3b95eb996b520af42000b1efea572dc62eff72fd758a84  ??  artifacts/rust-tauri/R03/repair-current/G07-R1/negative-tests/n3-missing-evidence-file/evidence/R02/A12/recovery-drill/v1-hashes-before.txt
58733e79b2a7b21c82b0a924ef0a4ab3555aaaf73ab03be4dd4c58cdc14c3fc6  ??  artifacts/rust-tauri/R03/repair-current/G07-R1/negative-tests/n3-missing-evidence-file/evidence/R02/A12/recovery-drill/v1.err
e3b0c44298fc1c149afbf4c8996fb92427ae41e4649b934ca495991b7852b855  ??  artifacts/rust-tauri/R03/repair-current/G07-R1/negative-tests/n3-missing-evidence-file/evidence/R02/A12/recovery-drill/v1.out
fcb269f1fc43e20619871bab0f6e464d30773313e55b17f725fc62249ab521be  ??  artifacts/rust-tauri/R03/repair-current/G07-R1/negative-tests/n3-missing-evidence-file/evidence/R02/A12/recovery-drill/v2-hashes-after.txt
fcb269f1fc43e20619871bab0f6e464d30773313e55b17f725fc62249ab521be  ??  artifacts/rust-tauri/R03/repair-current/G07-R1/negative-tests/n3-missing-evidence-file/evidence/R02/A12/recovery-drill/v2-hashes-before.txt
12d6c03b0784d427d7749601d4ec0e4b40e5595eb87869235fea0115425a01e0  ??  artifacts/rust-tauri/R03/repair-current/G07-R1/negative-tests/n3-missing-evidence-file/evidence/R02/A12/recovery-drill/v2.err
e3b0c44298fc1c149afbf4c8996fb92427ae41e4649b934ca495991b7852b855  ??  artifacts/rust-tauri/R03/repair-current/G07-R1/negative-tests/n3-missing-evidence-file/evidence/R02/A12/recovery-drill/v2.out
a33ffd69acb495d9a221778bb2317e4cef00e4d752d794b9c1267890666ec43d  ??  artifacts/rust-tauri/R03/repair-current/G07-R1/negative-tests/n3-missing-evidence-file/evidence/R02/A12/recovery-drill/v3-hashes-after.txt
a33ffd69acb495d9a221778bb2317e4cef00e4d752d794b9c1267890666ec43d  ??  artifacts/rust-tauri/R03/repair-current/G07-R1/negative-tests/n3-missing-evidence-file/evidence/R02/A12/recovery-drill/v3-hashes-before.txt
5eefab2a6d74d230f05879e5d14863e1fc8799c8241ce19ed3c146eb3fb1b4bf  ??  artifacts/rust-tauri/R03/repair-current/G07-R1/negative-tests/n3-missing-evidence-file/evidence/R02/A12/recovery-drill/v3.err
e3b0c44298fc1c149afbf4c8996fb92427ae41e4649b934ca495991b7852b855  ??  artifacts/rust-tauri/R03/repair-current/G07-R1/negative-tests/n3-missing-evidence-file/evidence/R02/A12/recovery-drill/v3.out
d61c7b2cff96e505f421e35a6aebcead916ab535abab5938999019b705d2d940  ??  artifacts/rust-tauri/R03/repair-current/G07-R1/negative-tests/n3-missing-evidence-file/evidence/R02/A12/recovery-drill/v4.err
76dd8e8732d0712e6006539f87f30db64f12eb069069cec8e3bf0082eaab1f1a  ??  artifacts/rust-tauri/R03/repair-current/G07-R1/negative-tests/n3-missing-evidence-file/evidence/R02/A12/recovery-drill/v4.out
2b1a44f7d859b739cc372b1850d9a55175fe8b4c173d03ecd00d659cdb1ff622  ??  artifacts/rust-tauri/R03/repair-current/G07-R1/negative-tests/n3-missing-evidence-file/evidence/R02/A12/recovery-drill/v5-hashes-after.txt
2b1a44f7d859b739cc372b1850d9a55175fe8b4c173d03ecd00d659cdb1ff622  ??  artifacts/rust-tauri/R03/repair-current/G07-R1/negative-tests/n3-missing-evidence-file/evidence/R02/A12/recovery-drill/v5-hashes-before.txt
ffc1dbdfa83bd0575bd6ae2498cf6875c554cd026f78cd64384e136951b704b2  ??  artifacts/rust-tauri/R03/repair-current/G07-R1/negative-tests/n3-missing-evidence-file/evidence/R02/A12/recovery-drill/v5.err
e3b0c44298fc1c149afbf4c8996fb92427ae41e4649b934ca495991b7852b855  ??  artifacts/rust-tauri/R03/repair-current/G07-R1/negative-tests/n3-missing-evidence-file/evidence/R02/A12/recovery-drill/v5.out
fe10534d041ad1a40ceb4482bd648394fedd6f6207bbb6a4ca322e244ae8ffed  ??  artifacts/rust-tauri/R03/repair-current/G07-R1/negative-tests/n3-missing-evidence-file/evidence/R02/A12/recovery-drill/v6-recovered-dump.jsonl
27badc983df1780b60c2b3fa9d3a19a00e46aac798451f0febdca52920faaddf  ??  artifacts/rust-tauri/R03/repair-current/G07-R1/negative-tests/n3-missing-evidence-file/evidence/R02/A12/recovery-drill/v6-seed-execute.txt
cd4bb12860bc7228a5822f5e582978497e6111a8e64995314100f2a9e9194a97  ??  artifacts/rust-tauri/R03/repair-current/G07-R1/negative-tests/n3-missing-evidence-file/evidence/R02/A12/recovery-drill/v6-seed.err
efc7837a70b112027faee2951d1c89d235b77a1a91ef97f3f399eccb904a0e88  ??  artifacts/rust-tauri/R03/repair-current/G07-R1/negative-tests/n3-missing-evidence-file/evidence/R02/A12/recovery-drill/v6-seed.out
0fe510abd1de44d11672ea530850250013bfebc32c8789c7f17936b02021b47d  ??  artifacts/rust-tauri/R03/repair-current/G07-R1/negative-tests/n3-missing-evidence-file/evidence/R02/A12/recovery-drill/v6.err
5336dd2f4a82f722c7784bd4a661a1fbde1e60da242854170c58b2064fba5bd4  ??  artifacts/rust-tauri/R03/repair-current/G07-R1/negative-tests/n3-missing-evidence-file/evidence/R02/A12/recovery-drill/v6.out
a75b9c9e5f21e31fbceaff90bdb7253a00452b4adc60939858bf4858ef967002  ??  artifacts/rust-tauri/R03/repair-current/G07-R1/negative-tests/n3-missing-evidence-file/evidence/R02/A12/recovery-drill/v7-hashes-after.txt
a75b9c9e5f21e31fbceaff90bdb7253a00452b4adc60939858bf4858ef967002  ??  artifacts/rust-tauri/R03/repair-current/G07-R1/negative-tests/n3-missing-evidence-file/evidence/R02/A12/recovery-drill/v7-hashes-before.txt
4dd4d162266b2b601a3510c580874b5c763ced6131cfdd99fe7f5eeb69367b8d  ??  artifacts/rust-tauri/R03/repair-current/G07-R1/negative-tests/n3-missing-evidence-file/evidence/R02/A12/recovery-drill/v7-seed.err
ae74cf46651bbeba64d9291d823388d126b4ef3ebbc7cb5ad8c72caf2a27257e  ??  artifacts/rust-tauri/R03/repair-current/G07-R1/negative-tests/n3-missing-evidence-file/evidence/R02/A12/recovery-drill/v7-seed.out
ef5917600a3e99f521159af891b8ce787f1160c5111f7436e44736e7bcc43e18  ??  artifacts/rust-tauri/R03/repair-current/G07-R1/negative-tests/n3-missing-evidence-file/evidence/R02/A12/recovery-drill/v7.err
e3b0c44298fc1c149afbf4c8996fb92427ae41e4649b934ca495991b7852b855  ??  artifacts/rust-tauri/R03/repair-current/G07-R1/negative-tests/n3-missing-evidence-file/evidence/R02/A12/recovery-drill/v7.out
2b85449038c5dc4c51550708b2b712437f3e08b4b420020dde99f4d52b0cb64e  ??  artifacts/rust-tauri/R03/repair-current/G07-R1/negative-tests/n3-missing-evidence-file/evidence/R02/A12/recovery-drill/v8-observed.err
97854bf2503438207955551631d537b1b44b4470e0b1a7e0f26750bc35d1371c  ??  artifacts/rust-tauri/R03/repair-current/G07-R1/negative-tests/n3-missing-evidence-file/evidence/R02/A12/recovery-drill/v8-seed.err
c590df055a95fb74203203f7d2a36b65dd0a7a5d7afcbe0ae1cd8279967994c1  ??  artifacts/rust-tauri/R03/repair-current/G07-R1/negative-tests/n3-missing-evidence-file/evidence/R02/A12/recovery-drill/v8-seed.out
2b85449038c5dc4c51550708b2b712437f3e08b4b420020dde99f4d52b0cb64e  ??  artifacts/rust-tauri/R03/repair-current/G07-R1/negative-tests/n3-missing-evidence-file/evidence/R02/A12/recovery-drill/v8.err
e07b1522eb8522735bf3987f17b77eae9fdfe981212476aed5e17baef410007d  ??  artifacts/rust-tauri/R03/repair-current/G07-R1/negative-tests/n3-missing-evidence-file/evidence/R02/A12/recovery-drill/v8.out
125371418dc4153e08d916ae6c9fa2ec02deb7ddd393ed4391fbb2bcefe73797  ??  artifacts/rust-tauri/R03/repair-current/G07-R1/negative-tests/n3-missing-evidence-file/evidence/R02/A15/full-chain/pre-restart-head.json
e3b0c44298fc1c149afbf4c8996fb92427ae41e4649b934ca495991b7852b855  ??  artifacts/rust-tauri/R03/repair-current/G07-R1/negative-tests/n3-missing-evidence-file/evidence/R02/A15/full-chain/probe1.err
04fb8f80d6c512f72325209fc5cb7bfe4958d7c44bc30bdef3155ee87e195602  ??  artifacts/rust-tauri/R03/repair-current/G07-R1/negative-tests/n3-missing-evidence-file/evidence/R02/A15/full-chain/probe1.pass-lines
e3b0c44298fc1c149afbf4c8996fb92427ae41e4649b934ca495991b7852b855  ??  artifacts/rust-tauri/R03/repair-current/G07-R1/negative-tests/n3-missing-evidence-file/evidence/R02/A15/full-chain/probe2.err
28a411dc95be7e6596d2954fdbecf8eb034d9f8dc1248ab1d111c07c1c218b89  ??  artifacts/rust-tauri/R03/repair-current/G07-R1/negative-tests/n3-missing-evidence-file/evidence/R02/A15/full-chain/probe2.pass-lines
800257a68ebea23c4bdafb61e310696b446dd0a1f03c5b7a3f69f3b68f194473  ??  artifacts/rust-tauri/R03/repair-current/G07-R1/negative-tests/n3-missing-evidence-file/evidence/R02/A15/full-chain/service1.err
5dcbae8895f1ce078c8845e6c3f62d508bd8ab6d97e75befbd599deaf6c677a7  ??  artifacts/rust-tauri/R03/repair-current/G07-R1/negative-tests/n3-missing-evidence-file/evidence/R02/A15/full-chain/service1.out
150c8f2de2111e91f045c9ae44322eed2c449de95bb7bfee9d8c2961a64a6023  ??  artifacts/rust-tauri/R03/repair-current/G07-R1/negative-tests/n3-missing-evidence-file/evidence/R02/A15/full-chain/service2.err
a041e6b4e6a9f4f04e581c2ad32718fd341f9356fa1decb1834918181a751776  ??  artifacts/rust-tauri/R03/repair-current/G07-R1/negative-tests/n3-missing-evidence-file/evidence/R02/A15/full-chain/service2.out
25d6745ecd2d3a2d0e38caf23188eb10a5d8b380ac3de1761b4a4d5a364aa08a  ??  artifacts/rust-tauri/R03/repair-current/G07-R1/negative-tests/n3-missing-evidence-file/evidence/R02/A15/full-chain/summary.txt
cf538796804627d1df53bb106b8607110d3d349c570da9a2c39f78422327a68e  ??  artifacts/rust-tauri/R03/repair-current/G07-R1/negative-tests/n3-missing-evidence-file/evidence/R02/A16/legacy-entry/e0-candidate-binding.tsv
fa3b77f0f4eea4e926111e7134f19aae3ef40ee193e4f57868c2ecec78e78123  ??  artifacts/rust-tauri/R03/repair-current/G07-R1/negative-tests/n3-missing-evidence-file/evidence/R02/A16/legacy-entry/e0-candidate-dirty.diff
fcb7c5a39e96aea24061ed947741714378ee0fd08c64e29f067cb5c00d7ea52a  ??  artifacts/rust-tauri/R03/repair-current/G07-R1/negative-tests/n3-missing-evidence-file/evidence/R02/A16/legacy-entry/e0-candidate-dirty.txt
70def733599799668d8351bbd9e3a2ad905009c9bd552d52fb589f0ab6c14b24  ??  artifacts/rust-tauri/R03/repair-current/G07-R1/negative-tests/n3-missing-evidence-file/evidence/R02/A16/legacy-entry/summary.txt
cb736d38a3bca03a49e4948f2b7aba3287fa80ec373b3d5424e8c00839968795  ??  artifacts/rust-tauri/R03/repair-current/G07-R1/negative-tests/n3-missing-evidence-file/evidence/candidate-source-after.json
cb736d38a3bca03a49e4948f2b7aba3287fa80ec373b3d5424e8c00839968795  ??  artifacts/rust-tauri/R03/repair-current/G07-R1/negative-tests/n3-missing-evidence-file/evidence/candidate-source-before.json
2f48e225b0c67db6ec52c77bc1cfdb9c8dab8775246b6034c6fcb147ef7c4ef0  ??  artifacts/rust-tauri/R03/repair-current/G07-R1/negative-tests/n3-missing-evidence-file/evidence/verify-stage-result.json
4355a46b19d348dc2f57c046f8ef63d4538ebb936000f3c9ee954a27460dd865  ??  artifacts/rust-tauri/R03/repair-current/G07-R1/negative-tests/n3-missing-evidence-file/exit-code.txt
39b8dc3fc8b44765c8e6f1adee04c5b465e555ab791cc42d0d9e810d5b64297c  ??  artifacts/rust-tauri/R03/repair-current/G07-R1/negative-tests/n4-delete-repair-scenario/exit-code.txt
69270b8836de69a367ff587ec894de564167acd152e99a418ed59451ecd365a5  ??  artifacts/rust-tauri/R03/repair-current/G07-R1/negative-tests/pristine/R03.json
135d9ee3ed1e172b2c056ee78625b1a3c8f67176d438448b83f2676d4ee55394  ??  artifacts/rust-tauri/R03/repair-current/G07-R1/negative-tests/pristine/r03_g07_repair_suites.sh
b933dbc2b06e02e17ba2fad29ceb9518f222623711956185d3afdfea5cf6d918  ??  artifacts/rust-tauri/R03/repair-current/G07-R1/negative-tests/summary.txt
a78e649733d4fea6a4eed258f2828044be4f87cbe15d6e4cd56aa13bbdf42064  ??  artifacts/rust-tauri/R03/repair-current/G07-R1/repair-suites-standalone/cases.jsonl
e3b0c44298fc1c149afbf4c8996fb92427ae41e4649b934ca495991b7852b855  ??  artifacts/rust-tauri/R03/repair-current/G07-R1/repair-suites-standalone/gaps.txt
fb01ac619921de38fc8b3f4b03acf1679ef1970aa72ad9b11894254d77ec1319  ??  artifacts/rust-tauri/R03/repair-current/G07-R1/repair-suites-standalone/repair-cases.json
adebf94adf1305de41508726eebe386e4abf2994f31973f70d0a4580d7372cc6  ??  artifacts/rust-tauri/R03/repair-current/G07-R1/repair-suites-standalone/summary.txt
5a76887b5c49f21610f3ec7f435821c9d9423cf0bf54215d4ca5a3b75cc85abd  ??  artifacts/rust-tauri/R03/repair-current/G07-R1/ustar-isolated-rerun.exit.txt
f5b0981175fe9bd307c7bb4e8dcb8490cfa58585d62d9c3e2f7eb03e4e875e54  ??  artifacts/rust-tauri/R03/repair-current/G07-R1/verify-stage-r03/A15/cases/background-run-completes-decoupled.json
fda5f46e011354371ff149d97818d48d3b78dca205e17e8a7b39dba1cb4013e6  ??  artifacts/rust-tauri/R03/repair-current/G07-R1/verify-stage-r03/A15/cases/background-survives-unrelated-cancel.json
92eebd1162583e5ed42a8e61a80b5c84e94753ed6562c35c930ebb65f6e23f01  ??  artifacts/rust-tauri/R03/repair-current/G07-R1/verify-stage-r03/A15/cases/cancel-live-run-accepted-terminal-cancelled.json
edc380e78d3b8f95b51f12c2bbfcb702760327da3f20bd6c9f456b5c7e0934de  ??  artifacts/rust-tauri/R03/repair-current/G07-R1/verify-stage-r03/A15/cases/cancel-terminal-run-already-terminal.json
e320e539d701e4f285fcff1a42629b28016fa5f103e77fccb5c1ddf921155742  ??  artifacts/rust-tauri/R03/repair-current/G07-R1/verify-stage-r03/A15/cases/cancel-unknown-run-not-found.json
a513a19cd5ca9bc857d2e01c9be7ec61e3e5677e7d1948db618b31fb7aba127a  ??  artifacts/rust-tauri/R03/repair-current/G07-R1/verify-stage-r03/A15/cases/cancel-waiting-approval-cancels-cleanly.json
602b436fbd1f0de778ca086853030197fe28a3fde1a5f694ebea64e4f8779c8a  ??  artifacts/rust-tauri/R03/repair-current/G07-R1/verify-stage-r03/A15/cases/combo-cancel-stream-terminal-cancelled.json
b24ff9cdbb08092492dd68815bdf3c4a6f38c8e2a42cd79c30abbfcacdfef745  ??  artifacts/rust-tauri/R03/repair-current/G07-R1/verify-stage-r03/A15/cases/combo-crash-recovery-honest-interrupted.json
d9e8dea9429b0f0c9fc86be7f31dcd96b4b227e1174dcdea6d1f00b177ec2987  ??  artifacts/rust-tauri/R03/repair-current/G07-R1/verify-stage-r03/A15/cases/combo-cross-session-both-complete.json
106bebd1aa293f120bb83f22b33de1e19ae817a4963587e2ee17be8731293349  ??  artifacts/rust-tauri/R03/repair-current/G07-R1/verify-stage-r03/A15/cases/combo-duplicate-conflict-rejected.json
eafb37ffcb4d76d45d58a64d80d9ef413064c1f979d64ba1cc2e609d147963fc  ??  artifacts/rust-tauri/R03/repair-current/G07-R1/verify-stage-r03/A15/cases/combo-duplicate-replay-no-second-run.json
346e6cb6ae16f125e4bbfdbf24d2bbcf63c92fa9642b2676fa06a78bfa1e8fdb  ??  artifacts/rust-tauri/R03/repair-current/G07-R1/verify-stage-r03/A15/cases/combo-events-subscriber-saw-terminal.json
97a0c8f8404d1c042f8f7efd240d5d5f5446103b21bcccf9c5c90461b6082043  ??  artifacts/rust-tauri/R03/repair-current/G07-R1/verify-stage-r03/A15/cases/combo-multi-tool-three-calls.json
aa936466e694a90f4087b7ae928f7c9b96ae1450073774fcb29d177dfa59c7b6  ??  artifacts/rust-tauri/R03/repair-current/G07-R1/verify-stage-r03/A15/cases/combo-multi-turn-one-terminal.json
f7bdd9e301d37d6a062e13225cfc84d7e96c1f88cd75d34e300ab00dd0fad0a0  ??  artifacts/rust-tauri/R03/repair-current/G07-R1/verify-stage-r03/A15/cases/combo-normal-run-completed.json
51d8bd26cb2f29bee74097b5ef9a36e3389a56a1c7127e86fa36d75a8106659e  ??  artifacts/rust-tauri/R03/repair-current/G07-R1/verify-stage-r03/A15/cases/combo-out-of-order-late-result-fenced.json
e18f1fcb5cc4af47da6184707fb88e0c0ed656f1fafffe8020a3001c9826c931  ??  artifacts/rust-tauri/R03/repair-current/G07-R1/verify-stage-r03/A15/cases/combo-timeout-budget-loud-failure.json
ccbc0f5c630f404851ca1c561fd5c73421ba9b217ceeff29973b263f05e30888  ??  artifacts/rust-tauri/R03/repair-current/G07-R1/verify-stage-r03/A15/cases/parent-cancel-stops-child-run.json
d72d7e1151ea38a4eeb9ad435aa66dc376039e41ff714f9f550e1f2c8934585a  ??  artifacts/rust-tauri/R03/repair-current/G07-R1/verify-stage-r03/A15/cases/reconnect-resume-no-model-restart.json
5d89ed42d309bfcfd13956b901f209eb432200e88c2ae1eea74d6eaffe625b2a  ??  artifacts/rust-tauri/R03/repair-current/G07-R1/verify-stage-r03/A15/cases/steer-busy-accepted.json
360ccd0c00f5114974f5f2967860d1c339a2e2baa808a2f5dca49f334fe0d386  ??  artifacts/rust-tauri/R03/repair-current/G07-R1/verify-stage-r03/A15/cases/steer-idle-miss.json
d00e58227225a313e612b18019d7f95a07382b0426ab7fbeb39bc4b05b740cc5  ??  artifacts/rust-tauri/R03/repair-current/G07-R1/verify-stage-r03/A15/cases/steer-text-drained-into-model-input.json
1d91fbec57470aebfedf338d49c5109fdd0216e02d720737ed53335eb06ae4c8  ??  artifacts/rust-tauri/R03/repair-current/G07-R1/verify-stage-r03/A15/cases/subagent-child-cancel-stops-child-only.json
25c6b5b26b72b0a4408db94f4f0e40b77faa84d32ccfeaffaf04e29fb20c07c9  ??  artifacts/rust-tauri/R03/repair-current/G07-R1/verify-stage-r03/A15/cases/subagent-close-thread-closed-status.json
c8d7de61de38e7dfa38ea3376602da5c50882e6d6238c3a1ff61b6ac7df04418  ??  artifacts/rust-tauri/R03/repair-current/G07-R1/verify-stage-r03/A15/cases/subagent-dispatch-child-lineage-recorded.json
dce5bbb9b54961ee64c8634f90f4f2600975918f6a2590b57b7b28dd425016bd  ??  artifacts/rust-tauri/R03/repair-current/G07-R1/verify-stage-r03/A15/cases/subagent-escalation-write-denied-zero-children.json
dcd19d358a8a5e560042eee304f1f5460d1c79ba1a64d611fb1007b830562010  ??  artifacts/rust-tauri/R03/repair-current/G07-R1/verify-stage-r03/A15/cases/subagent-policy-proactive-delegation-default-off.json
ffef3903ae224f661b415622ed9c76da5e265c01a9c15b867f429c1f6d10ef15  ??  artifacts/rust-tauri/R03/repair-current/G07-R1/verify-stage-r03/A15/cases/subagent-reply-continues-thread.json
d097c60f1416e1febc17bd0959b1c9252ca9be86b6a1e982d42d9240a38b107e  ??  artifacts/rust-tauri/R03/repair-current/G07-R1/verify-stage-r03/A15/combo-counts.json
4c56fd82542a56017ef5e59d3b0c9752ede52032f31f31c24c2de458153ad296  ??  artifacts/rust-tauri/R03/repair-current/G07-R1/verify-stage-r03/A15/combos/cancel-approval-wait.json
f861ce9b1dbe64f781134bae916b9c8f2503f4ad8572e98bfc18d180a4e35e33  ??  artifacts/rust-tauri/R03/repair-current/G07-R1/verify-stage-r03/A15/combos/cancel-stream-read.json
76b74d822e65d068718af971eb29865cc4891a50d128a35b0bc955cc3b6b65a2  ??  artifacts/rust-tauri/R03/repair-current/G07-R1/verify-stage-r03/A15/combos/crash-recovery.json
ef5545b54a472c39f9b09d995f9ba2e3671618a56d4de3eb7fe4fad24d81f22b  ??  artifacts/rust-tauri/R03/repair-current/G07-R1/verify-stage-r03/A15/combos/cross-session-parallel.json
7f7fd9a6f050ba6811d5b1d7313d11473f92089a4ec0fd2335779e99b59cdaa1  ??  artifacts/rust-tauri/R03/repair-current/G07-R1/verify-stage-r03/A15/combos/duplicate-submission.json
fc9b468ae0f2bd2cfff1a3ead3ba02756e59e73dc0c0a0ebb5142456d1ae38a8  ??  artifacts/rust-tauri/R03/repair-current/G07-R1/verify-stage-r03/A15/combos/leaf-parent-cancel.json
a59635405b3569b1c0c950cb282ecf3749923b36c6b1b5e4d3d21fc3f4458102  ??  artifacts/rust-tauri/R03/repair-current/G07-R1/verify-stage-r03/A15/combos/leaf-steer.json
fd60e4ca043c4073ddf838b3f0fe918436ede45ff7765efc8f1cad42821186f4  ??  artifacts/rust-tauri/R03/repair-current/G07-R1/verify-stage-r03/A15/combos/multi-tool.json
075cad25ce0207f3b49138b8d415d0db78da1005207b2f64d282b478bffa44ae  ??  artifacts/rust-tauri/R03/repair-current/G07-R1/verify-stage-r03/A15/combos/multi-turn-model.json
f94832aef81d68346dd1b25b1ad7312d6bc141a69a616a218b640aa170fbebcb  ??  artifacts/rust-tauri/R03/repair-current/G07-R1/verify-stage-r03/A15/combos/normal.json
44f5b48c4f288ee214f7053e16857997f1fb66a6be241466141301a16c6872e7  ??  artifacts/rust-tauri/R03/repair-current/G07-R1/verify-stage-r03/A15/combos/timeout-budget.json
505ecfbac3942739846be3a188cabea9d26c9641628253767c5457bdff2ab44f  ??  artifacts/rust-tauri/R03/repair-current/G07-R1/verify-stage-r03/A15/leaf-cases.json
bdaad3ebf5ff0689f1652a4b7c24716f5b0138db8876d8941ceb6bbe390650fa  ??  artifacts/rust-tauri/R03/repair-current/G07-R1/verify-stage-r03/A15/summary.txt
5ef6fc8acadf4d57ff602b1e12d51acc1992a67411b6a8e239025c7a3513b0d3  ??  artifacts/rust-tauri/R03/repair-current/G07-R1/verify-stage-r03/R02/A05_A06/.last-body
1319bbe558a1a9043433da92529bc8c24d2b6fbcabc962836a938e946e273399  ??  artifacts/rust-tauri/R03/repair-current/G07-R1/verify-stage-r03/R02/A05_A06/body-limit.txt
c0c19dff508a998f0c6e1fbf2643c2d78647cd6495bc53c57d2566877a3abc0b  ??  artifacts/rust-tauri/R03/repair-current/G07-R1/verify-stage-r03/R02/A05_A06/cli-sessions-limit-case.json
92e66987235eea0d89024fa038fd664b7333742fd6f434c9f990ed893af0372d  ??  artifacts/rust-tauri/R03/repair-current/G07-R1/verify-stage-r03/R02/A05_A06/creds-after-authz.json
e9f9b403147b5522278c3e0324e0dd2f5a9250658ed6f6943888c102b5298362  ??  artifacts/rust-tauri/R03/repair-current/G07-R1/verify-stage-r03/R02/A05_A06/creds-before-authz.json
751134c8e1ed0e82f3345f908540f2a51e281d9818310e6a241b2cc6688e1aff  ??  artifacts/rust-tauri/R03/repair-current/G07-R1/verify-stage-r03/R02/A05_A06/devices-after-authz.json
824f2b11184b545e4a91b206efd2855930690af73374b86d63a3c2995f284a10  ??  artifacts/rust-tauri/R03/repair-current/G07-R1/verify-stage-r03/R02/A05_A06/devices-before-authz.json
ca8f29c269715e81e5c3b8ed3ca4505122654d288f631096862ef4d053765ea6  ??  artifacts/rust-tauri/R03/repair-current/G07-R1/verify-stage-r03/R02/A05_A06/leaf-cases.json
b2b1578859223d3ce523ad6113423e2bb3f56c56b7854150623ba055f72c405f  ??  artifacts/rust-tauri/R03/repair-current/G07-R1/verify-stage-r03/R02/A05_A06/leaf-cases.ndjson
499c4cc1a1d03a15eea408f4d20339191ed331eea9d5ad75d5e891de702a9694  ??  artifacts/rust-tauri/R03/repair-current/G07-R1/verify-stage-r03/R02/A05_A06/me-denied-after.sha256
499c4cc1a1d03a15eea408f4d20339191ed331eea9d5ad75d5e891de702a9694  ??  artifacts/rust-tauri/R03/repair-current/G07-R1/verify-stage-r03/R02/A05_A06/me-denied-before.sha256
9901fa4939e8c0683cc392787126273c429530490fdebe18e68d1ad0c6fc2459  ??  artifacts/rust-tauri/R03/repair-current/G07-R1/verify-stage-r03/R02/A05_A06/sessions-list-matrix.json
d1d7de82c6beca146b4dac698001b20218e2bb28aacab6ff4205183a9c0d5863  ??  artifacts/rust-tauri/R03/repair-current/G07-R1/verify-stage-r03/R02/A05_A06/state-after-authn.txt
fe54b1606734e4493a29c15831fa05d933b4b252a382c692947c4e0d40f705d0  ??  artifacts/rust-tauri/R03/repair-current/G07-R1/verify-stage-r03/R02/A05_A06/state-after.txt
d1d7de82c6beca146b4dac698001b20218e2bb28aacab6ff4205183a9c0d5863  ??  artifacts/rust-tauri/R03/repair-current/G07-R1/verify-stage-r03/R02/A05_A06/state-before-authz.txt
d1d7de82c6beca146b4dac698001b20218e2bb28aacab6ff4205183a9c0d5863  ??  artifacts/rust-tauri/R03/repair-current/G07-R1/verify-stage-r03/R02/A05_A06/state-before.txt
0c13e9e3407f9b6449b3a9d8099c6e3995be70d825f151d9e0b7f98c8291409d  ??  artifacts/rust-tauri/R03/repair-current/G07-R1/verify-stage-r03/R02/A05_A06/summary.txt
22678c0cf59732fc99dd622cf0bf21414dab610de03fc1585237c4fa42ae1f4a  ??  artifacts/rust-tauri/R03/repair-current/G07-R1/verify-stage-r03/R02/A05_A06/ws-matrix.json
a1b421984b2dda2b032b76b362bda533af27431f62f439bc40fd411e3110c626  ??  artifacts/rust-tauri/R03/repair-current/G07-R1/verify-stage-r03/R02/A07_A08/last-db-hashes.txt
e613a984930f45c73fa5aa79af6955b0ac56faa30868e1da85d84a96a180eee3  ??  artifacts/rust-tauri/R03/repair-current/G07-R1/verify-stage-r03/R02/A07_A08/s1-counts-after-stop.json
6e11d3157e36f2f24de72943cc5df97aec8475c1e95a29c6fed9cc451e41da10  ??  artifacts/rust-tauri/R03/repair-current/G07-R1/verify-stage-r03/R02/A07_A08/s2-counts-after-crash.json
6692b4be461db6074a4e06e799484adb29a1b3497f86f0c6c4801a5031e2f4c4  ??  artifacts/rust-tauri/R03/repair-current/G07-R1/verify-stage-r03/R02/A07_A08/s2-runs-dump.jsonl
0de80f3840c9d967832e4d4e4f6a03ffcf4a87f47cfa58193478be891eb673ff  ??  artifacts/rust-tauri/R03/repair-current/G07-R1/verify-stage-r03/R02/A07_A08/s3-fault.err
e3b0c44298fc1c149afbf4c8996fb92427ae41e4649b934ca495991b7852b855  ??  artifacts/rust-tauri/R03/repair-current/G07-R1/verify-stage-r03/R02/A07_A08/s3-fault.out
97664a2cfbae7f0b17cac22242701cc615319dbfdbbbe1bea2e97914fb6dd21b  ??  artifacts/rust-tauri/R03/repair-current/G07-R1/verify-stage-r03/R02/A07_A08/s4-hashes-after.txt
97664a2cfbae7f0b17cac22242701cc615319dbfdbbbe1bea2e97914fb6dd21b  ??  artifacts/rust-tauri/R03/repair-current/G07-R1/verify-stage-r03/R02/A07_A08/s4-hashes-before.txt
b8578d6bfe2afd193dd244f5736740381ecf514ecc17aae951ebd2aba56a3c70  ??  artifacts/rust-tauri/R03/repair-current/G07-R1/verify-stage-r03/R02/A07_A08/s4-migrations-round1.json
b8578d6bfe2afd193dd244f5736740381ecf514ecc17aae951ebd2aba56a3c70  ??  artifacts/rust-tauri/R03/repair-current/G07-R1/verify-stage-r03/R02/A07_A08/s4-migrations-round2.json
b8578d6bfe2afd193dd244f5736740381ecf514ecc17aae951ebd2aba56a3c70  ??  artifacts/rust-tauri/R03/repair-current/G07-R1/verify-stage-r03/R02/A07_A08/s4-migrations-round3.json
c1ebeca614ea22115026a2b3d00fefef8da93a39d38150c72aaed24daae85997  ??  artifacts/rust-tauri/R03/repair-current/G07-R1/verify-stage-r03/R02/A07_A08/service-s1.err
2f45885471bae70c753e72933604551c89421df9133c27770a8982e4e6d35714  ??  artifacts/rust-tauri/R03/repair-current/G07-R1/verify-stage-r03/R02/A07_A08/service-s1.out
a73be7b3330708bc14a61e79cb2e31a4c04d94a648556bba9bb27efc72eb8a48  ??  artifacts/rust-tauri/R03/repair-current/G07-R1/verify-stage-r03/R02/A07_A08/service-s1b.err
6b61ed7c26ed44bbe10b140b7e4a3fde2f154ba982cbe625da2e372a0570a12c  ??  artifacts/rust-tauri/R03/repair-current/G07-R1/verify-stage-r03/R02/A07_A08/service-s1b.out
79dab3733bb823e26d124052ed49a787cde2363ea41ac44d7f9c4db1bf36dd36  ??  artifacts/rust-tauri/R03/repair-current/G07-R1/verify-stage-r03/R02/A07_A08/service-s2.err
02b49cecee2ab1626c5f67feea9731ef435b4cdfc02131c996f94fe699b174c4  ??  artifacts/rust-tauri/R03/repair-current/G07-R1/verify-stage-r03/R02/A07_A08/service-s2.out
fc58779d2b889b7b097643ce881a5f52f21c6e4c0eab3f443296f697f618a991  ??  artifacts/rust-tauri/R03/repair-current/G07-R1/verify-stage-r03/R02/A07_A08/service-s2b.err
eede337cd57fb476af880eb3b967b1f6ee49cd4033ca3aa02eec599f2bd23cb3  ??  artifacts/rust-tauri/R03/repair-current/G07-R1/verify-stage-r03/R02/A07_A08/service-s2b.out
46f81a33db2f183359cefa7a1d8eb0a01c2ea2cdc8a770fd90f8965d8be1f206  ??  artifacts/rust-tauri/R03/repair-current/G07-R1/verify-stage-r03/R02/A07_A08/service-s4-1.err
2d7db1ff99b0ce1c12879a8dc22540683c2f9e991bc3e4a6a7e9a317760968cf  ??  artifacts/rust-tauri/R03/repair-current/G07-R1/verify-stage-r03/R02/A07_A08/service-s4-1.out
947998a6ef6065a198fffd613cc667f99501f2151876fd37c9acf980fc608b15  ??  artifacts/rust-tauri/R03/repair-current/G07-R1/verify-stage-r03/R02/A07_A08/service-s4-2.err
7ff4f05ed49e47ffb20d289a46d8755304aac1ce32d5d2a5b4156949d57c9e85  ??  artifacts/rust-tauri/R03/repair-current/G07-R1/verify-stage-r03/R02/A07_A08/service-s4-2.out
fdf0fd612306054e4c38992ad87d5c4a443160ef5c92c44dc5e7758ea25bf0fb  ??  artifacts/rust-tauri/R03/repair-current/G07-R1/verify-stage-r03/R02/A07_A08/service-s4-3.err
a812180a06bddd48db169559028d07bbccd15aca65e899175d6b1e655f2eada2  ??  artifacts/rust-tauri/R03/repair-current/G07-R1/verify-stage-r03/R02/A07_A08/service-s4-3.out
5924899d8708487f82eac6ab906a29e081f921dd7cc2c09681d97e6e09310593  ??  artifacts/rust-tauri/R03/repair-current/G07-R1/verify-stage-r03/R02/A07_A08/service.addr
b9928fe7495ddb939c15e0e3d322dadbb40e4b99000dccbfc382c32e8240ec01  ??  artifacts/rust-tauri/R03/repair-current/G07-R1/verify-stage-r03/R02/A07_A08/service.pid
ef0c69072110e13bcf354619c10a98d842e8e82779465f9daa468de30a268a6b  ??  artifacts/rust-tauri/R03/repair-current/G07-R1/verify-stage-r03/R02/A07_A08/summary.txt
dd63f79ce1a39fdef735dbb9eb292c3f8a45db77c2513d3cc7379e5dbe13749e  ??  artifacts/rust-tauri/R03/repair-current/G07-R1/verify-stage-r03/R02/A11/backup-restore/s1-backup-dir-listing.txt
bfd3ebee7645d1243831482e204eb9a5872be40f5c56f6a31bf9e60674953e4c  ??  artifacts/rust-tauri/R03/repair-current/G07-R1/verify-stage-r03/R02/A11/backup-restore/s1-backup-outcome.json
e3b0c44298fc1c149afbf4c8996fb92427ae41e4649b934ca495991b7852b855  ??  artifacts/rust-tauri/R03/repair-current/G07-R1/verify-stage-r03/R02/A11/backup-restore/s1-backup.err
239b82201e5102abd26871da61d78d5d58f450cbb0604a2b103dbc5ec28bbc81  ??  artifacts/rust-tauri/R03/repair-current/G07-R1/verify-stage-r03/R02/A11/backup-restore/s1-restore-outcome.json
e3b0c44298fc1c149afbf4c8996fb92427ae41e4649b934ca495991b7852b855  ??  artifacts/rust-tauri/R03/repair-current/G07-R1/verify-stage-r03/R02/A11/backup-restore/s1-restore.err
357a750b32f10f7a0e827e4832b1cc7eec2dafa4e651ecc03c778ce4a4a6e895  ??  artifacts/rust-tauri/R03/repair-current/G07-R1/verify-stage-r03/R02/A11/backup-restore/s1-restored-dump.jsonl
55a6a0fe92a08a42b877177237d4e2f14930513de7c234c42161130dbe17f698  ??  artifacts/rust-tauri/R03/repair-current/G07-R1/verify-stage-r03/R02/A11/backup-restore/s1-restored-hash.txt
357a750b32f10f7a0e827e4832b1cc7eec2dafa4e651ecc03c778ce4a4a6e895  ??  artifacts/rust-tauri/R03/repair-current/G07-R1/verify-stage-r03/R02/A11/backup-restore/s1-source-dump.jsonl
960c7b8fae40b02e65d915dc80574331b098f8636d6cb3f247237484825eb8cb  ??  artifacts/rust-tauri/R03/repair-current/G07-R1/verify-stage-r03/R02/A11/backup-restore/s1-source-hash.txt
951e1f2cedf4a978898a4f9e620777561b8381ece9faf4223f8594a201f47f74  ??  artifacts/rust-tauri/R03/repair-current/G07-R1/verify-stage-r03/R02/A11/backup-restore/s1-wal-size.txt
e3b0c44298fc1c149afbf4c8996fb92427ae41e4649b934ca495991b7852b855  ??  artifacts/rust-tauri/R03/repair-current/G07-R1/verify-stage-r03/R02/A11/backup-restore/s3-backup-out.json
c384b2c44a4731eb155f137328bc8e670ad3204bd3a690a8690ce16a12cc1598  ??  artifacts/rust-tauri/R03/repair-current/G07-R1/verify-stage-r03/R02/A11/backup-restore/s3-backup.err
9b33c4d50a9f7a0434980244454a85ce4288c7323241cf9ff22c50e6b8f8dd85  ??  artifacts/rust-tauri/R03/repair-current/G07-R1/verify-stage-r03/R02/A11/backup-restore/s4-ws-probe.json
a4c3ed04a95a3da14a9d235c83d868bed7c0f45cf7f3faa751ee8f50598d2211  ??  artifacts/rust-tauri/R03/repair-current/G07-R1/verify-stage-r03/R02/A11/backup-restore/s4-ws-probe.json.probe-done
524829fc9914a4ec93df79f5668b5aabba274173060d34243e67e8ffad8cc027  ??  artifacts/rust-tauri/R03/repair-current/G07-R1/verify-stage-r03/R02/A11/backup-restore/service-s1.addr
c0362f4dc12e79817fde6befbaa39efcedfe890e8c76f724e811fa705dc7ddd1  ??  artifacts/rust-tauri/R03/repair-current/G07-R1/verify-stage-r03/R02/A11/backup-restore/service-s1.err
e0edcc6cff4b96194c71d58f47a359dbb2facca1852fd0b4f4438c002eae4dd0  ??  artifacts/rust-tauri/R03/repair-current/G07-R1/verify-stage-r03/R02/A11/backup-restore/service-s1.out
d5ff3599bbba3ad0e0ce76d96c4b5e69519778f4ee8c775c4671cce8f3aa0e9c  ??  artifacts/rust-tauri/R03/repair-current/G07-R1/verify-stage-r03/R02/A11/backup-restore/service-s2.addr
aa45ee39192126bfec06789ad722b64b39a2f09d1f77bf1ce670ddbeed233202  ??  artifacts/rust-tauri/R03/repair-current/G07-R1/verify-stage-r03/R02/A11/backup-restore/service-s2.err
e350ff00d3538a0fc4c984ee4a9964985805fb846062cf295a58758b5f197be4  ??  artifacts/rust-tauri/R03/repair-current/G07-R1/verify-stage-r03/R02/A11/backup-restore/service-s2.out
c34ed503a6105b13a4202b52b5e42c313733667ed51ed91c75249951342a2673  ??  artifacts/rust-tauri/R03/repair-current/G07-R1/verify-stage-r03/R02/A11/backup-restore/service-s4.addr
b2ab5d8496cb380d7c62a37759bdc4bee6a6e9e9d230aba6ba993551618b1f69  ??  artifacts/rust-tauri/R03/repair-current/G07-R1/verify-stage-r03/R02/A11/backup-restore/service-s4.err
d73181a97f12aa2a644a0b44a9142e83c4e30db5d06d4d2c4e9be94d797f65b5  ??  artifacts/rust-tauri/R03/repair-current/G07-R1/verify-stage-r03/R02/A11/backup-restore/service-s4.out
4bcd664f59985633bb29be358d33175fe628475c18517fd261f610a88a2903c8  ??  artifacts/rust-tauri/R03/repair-current/G07-R1/verify-stage-r03/R02/A11/backup-restore/service.pid
668ed90314dae2acbb6362721a735ad323dcedd827e5ccc35d22848e6361a2f5  ??  artifacts/rust-tauri/R03/repair-current/G07-R1/verify-stage-r03/R02/A11/backup-restore/summary.txt
21b3d8bd4a3fa951b3fcea5bb43c20d98ae0ff5a474e0cd80cd0566d15f8ebb4  ??  artifacts/rust-tauri/R03/repair-current/G07-R1/verify-stage-r03/R02/A12/recovery-drill/coexist-after.txt
21b3d8bd4a3fa951b3fcea5bb43c20d98ae0ff5a474e0cd80cd0566d15f8ebb4  ??  artifacts/rust-tauri/R03/repair-current/G07-R1/verify-stage-r03/R02/A12/recovery-drill/coexist-before.txt
98ac570d564bb3db56314e6b0c40eaf0e62b1e159ade0ce9a31c7acb995d02e5  ??  artifacts/rust-tauri/R03/repair-current/G07-R1/verify-stage-r03/R02/A12/recovery-drill/own-created-homes.txt
79be6d64aa93bf457e5b337dfa16a187af549e49a08c7760b4ddb0f61bedf8ac  ??  artifacts/rust-tauri/R03/repair-current/G07-R1/verify-stage-r03/R02/A12/recovery-drill/summary.txt
7b2f675d535131e9ee3b95eb996b520af42000b1efea572dc62eff72fd758a84  ??  artifacts/rust-tauri/R03/repair-current/G07-R1/verify-stage-r03/R02/A12/recovery-drill/v1-hashes-after.txt
7b2f675d535131e9ee3b95eb996b520af42000b1efea572dc62eff72fd758a84  ??  artifacts/rust-tauri/R03/repair-current/G07-R1/verify-stage-r03/R02/A12/recovery-drill/v1-hashes-before.txt
346085cf058823ac4abfcb5b92f13cd0757ee55207c0005a20d9eabb7c581327  ??  artifacts/rust-tauri/R03/repair-current/G07-R1/verify-stage-r03/R02/A12/recovery-drill/v1.err
e3b0c44298fc1c149afbf4c8996fb92427ae41e4649b934ca495991b7852b855  ??  artifacts/rust-tauri/R03/repair-current/G07-R1/verify-stage-r03/R02/A12/recovery-drill/v1.out
fcb269f1fc43e20619871bab0f6e464d30773313e55b17f725fc62249ab521be  ??  artifacts/rust-tauri/R03/repair-current/G07-R1/verify-stage-r03/R02/A12/recovery-drill/v2-hashes-after.txt
fcb269f1fc43e20619871bab0f6e464d30773313e55b17f725fc62249ab521be  ??  artifacts/rust-tauri/R03/repair-current/G07-R1/verify-stage-r03/R02/A12/recovery-drill/v2-hashes-before.txt
de04e41bfb5d49f51ed07c5898f66b8c3a552c9f6d9184a2dc9e9d5d9a885e9f  ??  artifacts/rust-tauri/R03/repair-current/G07-R1/verify-stage-r03/R02/A12/recovery-drill/v2.err
e3b0c44298fc1c149afbf4c8996fb92427ae41e4649b934ca495991b7852b855  ??  artifacts/rust-tauri/R03/repair-current/G07-R1/verify-stage-r03/R02/A12/recovery-drill/v2.out
a33ffd69acb495d9a221778bb2317e4cef00e4d752d794b9c1267890666ec43d  ??  artifacts/rust-tauri/R03/repair-current/G07-R1/verify-stage-r03/R02/A12/recovery-drill/v3-hashes-after.txt
a33ffd69acb495d9a221778bb2317e4cef00e4d752d794b9c1267890666ec43d  ??  artifacts/rust-tauri/R03/repair-current/G07-R1/verify-stage-r03/R02/A12/recovery-drill/v3-hashes-before.txt
69171860279f07369966fcb919de46e2a941e92e4417203c70fb1099e3158486  ??  artifacts/rust-tauri/R03/repair-current/G07-R1/verify-stage-r03/R02/A12/recovery-drill/v3.err
e3b0c44298fc1c149afbf4c8996fb92427ae41e4649b934ca495991b7852b855  ??  artifacts/rust-tauri/R03/repair-current/G07-R1/verify-stage-r03/R02/A12/recovery-drill/v3.out
ced27e559cf6d9f91816d80995ec6ac88a65de3302c08adf7d922d0d2a8e3637  ??  artifacts/rust-tauri/R03/repair-current/G07-R1/verify-stage-r03/R02/A12/recovery-drill/v4.err
e4a54657f690e66b030bed3cc988f77e766756d4294649bf48a207306d9d7c6d  ??  artifacts/rust-tauri/R03/repair-current/G07-R1/verify-stage-r03/R02/A12/recovery-drill/v4.out
8f8ffa4c17b6c06d5ade657afa63922149bba60bf5bfb81372ccd02edc02f28b  ??  artifacts/rust-tauri/R03/repair-current/G07-R1/verify-stage-r03/R02/A12/recovery-drill/v5-hashes-after.txt
8f8ffa4c17b6c06d5ade657afa63922149bba60bf5bfb81372ccd02edc02f28b  ??  artifacts/rust-tauri/R03/repair-current/G07-R1/verify-stage-r03/R02/A12/recovery-drill/v5-hashes-before.txt
8a828553ab9880fa96f2ae002e85bd1b6256c979fff0e84e13acaaead50353d1  ??  artifacts/rust-tauri/R03/repair-current/G07-R1/verify-stage-r03/R02/A12/recovery-drill/v5.err
e3b0c44298fc1c149afbf4c8996fb92427ae41e4649b934ca495991b7852b855  ??  artifacts/rust-tauri/R03/repair-current/G07-R1/verify-stage-r03/R02/A12/recovery-drill/v5.out
e2e302a9a21f6122d21858bf7874510a48085d372a2900dcd13edb760e965b8c  ??  artifacts/rust-tauri/R03/repair-current/G07-R1/verify-stage-r03/R02/A12/recovery-drill/v6-recovered-dump.jsonl
27badc983df1780b60c2b3fa9d3a19a00e46aac798451f0febdca52920faaddf  ??  artifacts/rust-tauri/R03/repair-current/G07-R1/verify-stage-r03/R02/A12/recovery-drill/v6-seed-execute.txt
73c6121ada0d638a8e0f5c13e37f3cd5791432326efbae92347b34556a4b8c6a  ??  artifacts/rust-tauri/R03/repair-current/G07-R1/verify-stage-r03/R02/A12/recovery-drill/v6-seed.err
f72e1c8d4ded51b9cb04511cf630eaa5a5d0271f35de289cc936552225b11fbf  ??  artifacts/rust-tauri/R03/repair-current/G07-R1/verify-stage-r03/R02/A12/recovery-drill/v6-seed.out
0b61fee973e297288504282314602991beae49014533046518177c85655baffd  ??  artifacts/rust-tauri/R03/repair-current/G07-R1/verify-stage-r03/R02/A12/recovery-drill/v6.err
f8fa05d5edaa409cd300e14bfd69f5539dd610a89df171532cd6cd79b5466485  ??  artifacts/rust-tauri/R03/repair-current/G07-R1/verify-stage-r03/R02/A12/recovery-drill/v6.out
0b519d5dc3a20a3fca6a71aa4beefb4b3e1d4b6829b7390af0852cde515acd12  ??  artifacts/rust-tauri/R03/repair-current/G07-R1/verify-stage-r03/R02/A12/recovery-drill/v7-hashes-after.txt
0b519d5dc3a20a3fca6a71aa4beefb4b3e1d4b6829b7390af0852cde515acd12  ??  artifacts/rust-tauri/R03/repair-current/G07-R1/verify-stage-r03/R02/A12/recovery-drill/v7-hashes-before.txt
367700dcdbd0bc15d019faa1b216760a8c2edf5759b349fc75276c56cd9d705d  ??  artifacts/rust-tauri/R03/repair-current/G07-R1/verify-stage-r03/R02/A12/recovery-drill/v7-seed.err
c12682ff32d16b13e5efea28677fabec2ea401091ab8fa6136a999e0e01f7984  ??  artifacts/rust-tauri/R03/repair-current/G07-R1/verify-stage-r03/R02/A12/recovery-drill/v7-seed.out
23389ef07a4931cf97e11df586f2b05af682ba3741576533f3a8ca6139d306da  ??  artifacts/rust-tauri/R03/repair-current/G07-R1/verify-stage-r03/R02/A12/recovery-drill/v7.err
e3b0c44298fc1c149afbf4c8996fb92427ae41e4649b934ca495991b7852b855  ??  artifacts/rust-tauri/R03/repair-current/G07-R1/verify-stage-r03/R02/A12/recovery-drill/v7.out
852ac104f5bd10f1cda1ca29fd4b903ff07d600a48cd7e8cf81e574e35faeb82  ??  artifacts/rust-tauri/R03/repair-current/G07-R1/verify-stage-r03/R02/A12/recovery-drill/v8-observed.err
e34a7599b1a7c85d4f41d8adfeca186bbd29f146c0093d19fda133b55dfca5fc  ??  artifacts/rust-tauri/R03/repair-current/G07-R1/verify-stage-r03/R02/A12/recovery-drill/v8-seed.err
4c8ce07807c1839774bf4b3c032363eae5e79e2cd0b33ee1a51caf6c87655a98  ??  artifacts/rust-tauri/R03/repair-current/G07-R1/verify-stage-r03/R02/A12/recovery-drill/v8-seed.out
852ac104f5bd10f1cda1ca29fd4b903ff07d600a48cd7e8cf81e574e35faeb82  ??  artifacts/rust-tauri/R03/repair-current/G07-R1/verify-stage-r03/R02/A12/recovery-drill/v8.err
4f40b2e9595437aa191fcac12e3cf7a5972a329caf55cc5abccb894bb19adb0f  ??  artifacts/rust-tauri/R03/repair-current/G07-R1/verify-stage-r03/R02/A12/recovery-drill/v8.out
c4a8ceee35f9ad31188acf608ddd1516c638c7cf3ccddc5476afb961134904c4  ??  artifacts/rust-tauri/R03/repair-current/G07-R1/verify-stage-r03/R02/A15/full-chain/pre-restart-head.json
e3b0c44298fc1c149afbf4c8996fb92427ae41e4649b934ca495991b7852b855  ??  artifacts/rust-tauri/R03/repair-current/G07-R1/verify-stage-r03/R02/A15/full-chain/probe1.err
b171d68840db8f68eff5ca22356bf0cd1a2551a6fa3f25dcde2ca0a82e5e3f72  ??  artifacts/rust-tauri/R03/repair-current/G07-R1/verify-stage-r03/R02/A15/full-chain/probe1.pass-lines
e3b0c44298fc1c149afbf4c8996fb92427ae41e4649b934ca495991b7852b855  ??  artifacts/rust-tauri/R03/repair-current/G07-R1/verify-stage-r03/R02/A15/full-chain/probe2.err
28a411dc95be7e6596d2954fdbecf8eb034d9f8dc1248ab1d111c07c1c218b89  ??  artifacts/rust-tauri/R03/repair-current/G07-R1/verify-stage-r03/R02/A15/full-chain/probe2.pass-lines
8c0fc20a54047ea8f7ca19378ea4c99555a9393ba9d1a2d1b4a88124534743d8  ??  artifacts/rust-tauri/R03/repair-current/G07-R1/verify-stage-r03/R02/A15/full-chain/service1.err
d855c5a5196ed076cfc4194f31691748c9c776952ea3af10976411a3c63e5797  ??  artifacts/rust-tauri/R03/repair-current/G07-R1/verify-stage-r03/R02/A15/full-chain/service1.out
a9f08a4cf3ef364f8f045fa42994c4cc06396161542d28b019d7f9d1c1877c0d  ??  artifacts/rust-tauri/R03/repair-current/G07-R1/verify-stage-r03/R02/A15/full-chain/service2.err
d693f9a59795870a4a798a99e8548a10fce5ae9c4f3031433e7cc7347c2b90a4  ??  artifacts/rust-tauri/R03/repair-current/G07-R1/verify-stage-r03/R02/A15/full-chain/service2.out
3a68c3e93ffdb54b13fa86971ac149347a26f4e644b028e7056219db53878e06  ??  artifacts/rust-tauri/R03/repair-current/G07-R1/verify-stage-r03/R02/A15/full-chain/summary.txt
1e8ad7f0fca93c8d3de7c626b9f4b407f902455dede5fb691a7f72ac9baf0d91   M  docs/rust-tauri/R03/R03_ACCEPTANCE_LEDGER.json
26cc596765178bfa6b0c4feacc3d1dc3be164f531d14e0b9f5996a1102cde478   M  docs/rust-tauri/R03/R03_HANDOFF.json
a9f45388c657b21d69f809758a24649c4e2db3bc7fca886a6ea774292ef22bb0   M  docs/rust-tauri/R03/R03_REPORT.md
a697f2f268deecc80d870a2e930d65bf5461e46b7038d957c0f1a0577aa6c641  ??  docs/rust-tauri/R03/dispatches/R03-REPAIR-G07-E01_DISPATCH.md
e74b9d0bd052019bd4f4d74e5ec70b5f408ad3a69ccd2f946f97392bbec23018  ??  docs/rust-tauri/R03/dispatches/R03-REPAIR-G07-R1_REVIEW_DISPATCH.md
d15235c65eb6183d67a4166038bab2ae03ae91c4a68ce979d44611c5b2e4903f  ??  docs/rust-tauri/R03/repair-current/G07-E01_REPORT.md
077caef4f354a81abc7e878798f029f39024058f50c067ac96cf0f18065422b0  ??  docs/rust-tauri/R03/repair-current/R03_FIX_ACCEPTANCE_RESULTS.json
f55120dadc8a561e2aa709e85f39b48b12e55d0c0754b6b2a8eb21f4900bffe8  ??  docs/rust-tauri/R03/repair-current/R03_FIX_ADVERSARIAL_SELFCHECK.md
d35d0c80232a0c9450774667a8262691b06bc457902d41eeb273a7fd91711ec6   M  docs/rust-tauri/R03/repair-current/R03_FIX_COMMIT_RECEIPTS.json
43561ae7718eeb7571b1d78cead3d14eb5e0df246fcad529f48ee59b5ea5175e  ??  docs/rust-tauri/R03/repair-current/R03_FIX_HANDOFF.md
7e173c8253c19d5ff25cc860c3f381377abfd7ad43627a14a17d16661bb68787  ??  docs/rust-tauri/R03/repair-current/R03_FIX_INDEPENDENT_REVIEWS/INDEX.md
54e8b062367dcdfd3edd33fb03c8a531ac3f91266603f4f96ea4ba918155c9cb   M  docs/rust-tauri/R03/repair-current/R03_FIX_ISSUES.json
eb68b431ecd0c2dcfa37c525c5d20128837ff3f3b890f74c8a0178feff37814e  ??  docs/rust-tauri/R03/repair-current/R03_FIX_NORMAL_SELFCHECK.md
f31a13b089f4ee2be95a72d50811811d05dd2d087f9166de59e0d217dc147a98   M  rust/crates/xtask/src/stage_map.rs
69270b8836de69a367ff587ec894de564167acd152e99a418ed59451ecd365a5   M  rust/crates/xtask/src/stage_maps/R03.json
e5f7f01bf4c13a4db96811b5a1325d59c5bc69b6ac10ca1fbe0bfb035a518b0c   M  rust/crates/xtask/src/verify/runner_tests.rs
1ef48fd93e2bb3677cfa3a3b3ee3024349f520146657fa84a6a945b5e8ed2764  ??  scripts/rust-tauri/r03_g07_gate_negative_tests.sh
135d9ee3ed1e172b2c056ee78625b1a3c8f67176d438448b83f2676d4ee55394  ??  scripts/rust-tauri/r03_g07_repair_suites.sh
bbeba7fd39609f6dcc82f6c5d5fe827c2af00b50f2bf7401419b737b498b6937   M  scripts/rust-tauri/r03_t08_generate_stage_map.py
