# binding-exclusion: artifacts/rust-tauri/R05/RR1/INDEPENDENT-9/verify-R05/R04_REGRESSION/R03_REGRESSION/R02/A16/legacy-entry/** — this gate's own run-time evidence output subtree (runner output, never candidate source); applied symmetrically to BOTH the main-repo binding and the candidate-copy binding (E0 mirror compare)
dc1057fac959c72ac07b41dfcd54cbdfb6a81934a92c8755ecf1fbb79751df47  ??  artifacts/rust-tauri/R05/RR1/INDEPENDENT-9/verify-R05/R04_REGRESSION/R03_REGRESSION/A15/build.log
f5b0981175fe9bd307c7bb4e8dcb8490cfa58585d62d9c3e2f7eb03e4e875e54  ??  artifacts/rust-tauri/R05/RR1/INDEPENDENT-9/verify-R05/R04_REGRESSION/R03_REGRESSION/A15/cases/background-run-completes-decoupled.json
fda5f46e011354371ff149d97818d48d3b78dca205e17e8a7b39dba1cb4013e6  ??  artifacts/rust-tauri/R05/RR1/INDEPENDENT-9/verify-R05/R04_REGRESSION/R03_REGRESSION/A15/cases/background-survives-unrelated-cancel.json
92eebd1162583e5ed42a8e61a80b5c84e94753ed6562c35c930ebb65f6e23f01  ??  artifacts/rust-tauri/R05/RR1/INDEPENDENT-9/verify-R05/R04_REGRESSION/R03_REGRESSION/A15/cases/cancel-live-run-accepted-terminal-cancelled.json
edc380e78d3b8f95b51f12c2bbfcb702760327da3f20bd6c9f456b5c7e0934de  ??  artifacts/rust-tauri/R05/RR1/INDEPENDENT-9/verify-R05/R04_REGRESSION/R03_REGRESSION/A15/cases/cancel-terminal-run-already-terminal.json
e320e539d701e4f285fcff1a42629b28016fa5f103e77fccb5c1ddf921155742  ??  artifacts/rust-tauri/R05/RR1/INDEPENDENT-9/verify-R05/R04_REGRESSION/R03_REGRESSION/A15/cases/cancel-unknown-run-not-found.json
a513a19cd5ca9bc857d2e01c9be7ec61e3e5677e7d1948db618b31fb7aba127a  ??  artifacts/rust-tauri/R05/RR1/INDEPENDENT-9/verify-R05/R04_REGRESSION/R03_REGRESSION/A15/cases/cancel-waiting-approval-cancels-cleanly.json
602b436fbd1f0de778ca086853030197fe28a3fde1a5f694ebea64e4f8779c8a  ??  artifacts/rust-tauri/R05/RR1/INDEPENDENT-9/verify-R05/R04_REGRESSION/R03_REGRESSION/A15/cases/combo-cancel-stream-terminal-cancelled.json
b24ff9cdbb08092492dd68815bdf3c4a6f38c8e2a42cd79c30abbfcacdfef745  ??  artifacts/rust-tauri/R05/RR1/INDEPENDENT-9/verify-R05/R04_REGRESSION/R03_REGRESSION/A15/cases/combo-crash-recovery-honest-interrupted.json
d9e8dea9429b0f0c9fc86be7f31dcd96b4b227e1174dcdea6d1f00b177ec2987  ??  artifacts/rust-tauri/R05/RR1/INDEPENDENT-9/verify-R05/R04_REGRESSION/R03_REGRESSION/A15/cases/combo-cross-session-both-complete.json
106bebd1aa293f120bb83f22b33de1e19ae817a4963587e2ee17be8731293349  ??  artifacts/rust-tauri/R05/RR1/INDEPENDENT-9/verify-R05/R04_REGRESSION/R03_REGRESSION/A15/cases/combo-duplicate-conflict-rejected.json
eafb37ffcb4d76d45d58a64d80d9ef413064c1f979d64ba1cc2e609d147963fc  ??  artifacts/rust-tauri/R05/RR1/INDEPENDENT-9/verify-R05/R04_REGRESSION/R03_REGRESSION/A15/cases/combo-duplicate-replay-no-second-run.json
346e6cb6ae16f125e4bbfdbf24d2bbcf63c92fa9642b2676fa06a78bfa1e8fdb  ??  artifacts/rust-tauri/R05/RR1/INDEPENDENT-9/verify-R05/R04_REGRESSION/R03_REGRESSION/A15/cases/combo-events-subscriber-saw-terminal.json
97a0c8f8404d1c042f8f7efd240d5d5f5446103b21bcccf9c5c90461b6082043  ??  artifacts/rust-tauri/R05/RR1/INDEPENDENT-9/verify-R05/R04_REGRESSION/R03_REGRESSION/A15/cases/combo-multi-tool-three-calls.json
aa936466e694a90f4087b7ae928f7c9b96ae1450073774fcb29d177dfa59c7b6  ??  artifacts/rust-tauri/R05/RR1/INDEPENDENT-9/verify-R05/R04_REGRESSION/R03_REGRESSION/A15/cases/combo-multi-turn-one-terminal.json
f7bdd9e301d37d6a062e13225cfc84d7e96c1f88cd75d34e300ab00dd0fad0a0  ??  artifacts/rust-tauri/R05/RR1/INDEPENDENT-9/verify-R05/R04_REGRESSION/R03_REGRESSION/A15/cases/combo-normal-run-completed.json
51d8bd26cb2f29bee74097b5ef9a36e3389a56a1c7127e86fa36d75a8106659e  ??  artifacts/rust-tauri/R05/RR1/INDEPENDENT-9/verify-R05/R04_REGRESSION/R03_REGRESSION/A15/cases/combo-out-of-order-late-result-fenced.json
e18f1fcb5cc4af47da6184707fb88e0c0ed656f1fafffe8020a3001c9826c931  ??  artifacts/rust-tauri/R05/RR1/INDEPENDENT-9/verify-R05/R04_REGRESSION/R03_REGRESSION/A15/cases/combo-timeout-budget-loud-failure.json
ccbc0f5c630f404851ca1c561fd5c73421ba9b217ceeff29973b263f05e30888  ??  artifacts/rust-tauri/R05/RR1/INDEPENDENT-9/verify-R05/R04_REGRESSION/R03_REGRESSION/A15/cases/parent-cancel-stops-child-run.json
d72d7e1151ea38a4eeb9ad435aa66dc376039e41ff714f9f550e1f2c8934585a  ??  artifacts/rust-tauri/R05/RR1/INDEPENDENT-9/verify-R05/R04_REGRESSION/R03_REGRESSION/A15/cases/reconnect-resume-no-model-restart.json
5d89ed42d309bfcfd13956b901f209eb432200e88c2ae1eea74d6eaffe625b2a  ??  artifacts/rust-tauri/R05/RR1/INDEPENDENT-9/verify-R05/R04_REGRESSION/R03_REGRESSION/A15/cases/steer-busy-accepted.json
360ccd0c00f5114974f5f2967860d1c339a2e2baa808a2f5dca49f334fe0d386  ??  artifacts/rust-tauri/R05/RR1/INDEPENDENT-9/verify-R05/R04_REGRESSION/R03_REGRESSION/A15/cases/steer-idle-miss.json
d00e58227225a313e612b18019d7f95a07382b0426ab7fbeb39bc4b05b740cc5  ??  artifacts/rust-tauri/R05/RR1/INDEPENDENT-9/verify-R05/R04_REGRESSION/R03_REGRESSION/A15/cases/steer-text-drained-into-model-input.json
1d91fbec57470aebfedf338d49c5109fdd0216e02d720737ed53335eb06ae4c8  ??  artifacts/rust-tauri/R05/RR1/INDEPENDENT-9/verify-R05/R04_REGRESSION/R03_REGRESSION/A15/cases/subagent-child-cancel-stops-child-only.json
25c6b5b26b72b0a4408db94f4f0e40b77faa84d32ccfeaffaf04e29fb20c07c9  ??  artifacts/rust-tauri/R05/RR1/INDEPENDENT-9/verify-R05/R04_REGRESSION/R03_REGRESSION/A15/cases/subagent-close-thread-closed-status.json
c8d7de61de38e7dfa38ea3376602da5c50882e6d6238c3a1ff61b6ac7df04418  ??  artifacts/rust-tauri/R05/RR1/INDEPENDENT-9/verify-R05/R04_REGRESSION/R03_REGRESSION/A15/cases/subagent-dispatch-child-lineage-recorded.json
dce5bbb9b54961ee64c8634f90f4f2600975918f6a2590b57b7b28dd425016bd  ??  artifacts/rust-tauri/R05/RR1/INDEPENDENT-9/verify-R05/R04_REGRESSION/R03_REGRESSION/A15/cases/subagent-escalation-write-denied-zero-children.json
dcd19d358a8a5e560042eee304f1f5460d1c79ba1a64d611fb1007b830562010  ??  artifacts/rust-tauri/R05/RR1/INDEPENDENT-9/verify-R05/R04_REGRESSION/R03_REGRESSION/A15/cases/subagent-policy-proactive-delegation-default-off.json
ffef3903ae224f661b415622ed9c76da5e265c01a9c15b867f429c1f6d10ef15  ??  artifacts/rust-tauri/R05/RR1/INDEPENDENT-9/verify-R05/R04_REGRESSION/R03_REGRESSION/A15/cases/subagent-reply-continues-thread.json
d097c60f1416e1febc17bd0959b1c9252ca9be86b6a1e982d42d9240a38b107e  ??  artifacts/rust-tauri/R05/RR1/INDEPENDENT-9/verify-R05/R04_REGRESSION/R03_REGRESSION/A15/combo-counts.json
4c56fd82542a56017ef5e59d3b0c9752ede52032f31f31c24c2de458153ad296  ??  artifacts/rust-tauri/R05/RR1/INDEPENDENT-9/verify-R05/R04_REGRESSION/R03_REGRESSION/A15/combos/cancel-approval-wait.json
f861ce9b1dbe64f781134bae916b9c8f2503f4ad8572e98bfc18d180a4e35e33  ??  artifacts/rust-tauri/R05/RR1/INDEPENDENT-9/verify-R05/R04_REGRESSION/R03_REGRESSION/A15/combos/cancel-stream-read.json
76b74d822e65d068718af971eb29865cc4891a50d128a35b0bc955cc3b6b65a2  ??  artifacts/rust-tauri/R05/RR1/INDEPENDENT-9/verify-R05/R04_REGRESSION/R03_REGRESSION/A15/combos/crash-recovery.json
ef5545b54a472c39f9b09d995f9ba2e3671618a56d4de3eb7fe4fad24d81f22b  ??  artifacts/rust-tauri/R05/RR1/INDEPENDENT-9/verify-R05/R04_REGRESSION/R03_REGRESSION/A15/combos/cross-session-parallel.json
7f7fd9a6f050ba6811d5b1d7313d11473f92089a4ec0fd2335779e99b59cdaa1  ??  artifacts/rust-tauri/R05/RR1/INDEPENDENT-9/verify-R05/R04_REGRESSION/R03_REGRESSION/A15/combos/duplicate-submission.json
fc9b468ae0f2bd2cfff1a3ead3ba02756e59e73dc0c0a0ebb5142456d1ae38a8  ??  artifacts/rust-tauri/R05/RR1/INDEPENDENT-9/verify-R05/R04_REGRESSION/R03_REGRESSION/A15/combos/leaf-parent-cancel.json
a59635405b3569b1c0c950cb282ecf3749923b36c6b1b5e4d3d21fc3f4458102  ??  artifacts/rust-tauri/R05/RR1/INDEPENDENT-9/verify-R05/R04_REGRESSION/R03_REGRESSION/A15/combos/leaf-steer.json
fd60e4ca043c4073ddf838b3f0fe918436ede45ff7765efc8f1cad42821186f4  ??  artifacts/rust-tauri/R05/RR1/INDEPENDENT-9/verify-R05/R04_REGRESSION/R03_REGRESSION/A15/combos/multi-tool.json
075cad25ce0207f3b49138b8d415d0db78da1005207b2f64d282b478bffa44ae  ??  artifacts/rust-tauri/R05/RR1/INDEPENDENT-9/verify-R05/R04_REGRESSION/R03_REGRESSION/A15/combos/multi-turn-model.json
f94832aef81d68346dd1b25b1ad7312d6bc141a69a616a218b640aa170fbebcb  ??  artifacts/rust-tauri/R05/RR1/INDEPENDENT-9/verify-R05/R04_REGRESSION/R03_REGRESSION/A15/combos/normal.json
44f5b48c4f288ee214f7053e16857997f1fb66a6be241466141301a16c6872e7  ??  artifacts/rust-tauri/R05/RR1/INDEPENDENT-9/verify-R05/R04_REGRESSION/R03_REGRESSION/A15/combos/timeout-budget.json
8336473759a53dba1868b4aa08a0ecd5180e0ea370755be38c310744592fc477  ??  artifacts/rust-tauri/R05/RR1/INDEPENDENT-9/verify-R05/R04_REGRESSION/R03_REGRESSION/A15/integration.log
505ecfbac3942739846be3a188cabea9d26c9641628253767c5457bdff2ab44f  ??  artifacts/rust-tauri/R05/RR1/INDEPENDENT-9/verify-R05/R04_REGRESSION/R03_REGRESSION/A15/leaf-cases.json
bdaad3ebf5ff0689f1652a4b7c24716f5b0138db8876d8941ceb6bbe390650fa  ??  artifacts/rust-tauri/R05/RR1/INDEPENDENT-9/verify-R05/R04_REGRESSION/R03_REGRESSION/A15/summary.txt
559ff5e43726b40a4d858584a52ac51dc8936ff00fce175806a2a04aecceee80  ??  artifacts/rust-tauri/R05/RR1/INDEPENDENT-9/verify-R05/R04_REGRESSION/R03_REGRESSION/R02/A05_A06/.last-body
1319bbe558a1a9043433da92529bc8c24d2b6fbcabc962836a938e946e273399  ??  artifacts/rust-tauri/R05/RR1/INDEPENDENT-9/verify-R05/R04_REGRESSION/R03_REGRESSION/R02/A05_A06/body-limit.txt
71f4494a30a79939c02a930cd992f6ff61511015dcf61c588035e20cc8b44797  ??  artifacts/rust-tauri/R05/RR1/INDEPENDENT-9/verify-R05/R04_REGRESSION/R03_REGRESSION/R02/A05_A06/build.log
e3b0c44298fc1c149afbf4c8996fb92427ae41e4649b934ca495991b7852b855  ??  artifacts/rust-tauri/R05/RR1/INDEPENDENT-9/verify-R05/R04_REGRESSION/R03_REGRESSION/R02/A05_A06/cli-sessions-foreign.stderr.log
43b76f6b57634154858e241c52d87fbf0caa8af50a868aeeb6ee8a4728616da4  ??  artifacts/rust-tauri/R05/RR1/INDEPENDENT-9/verify-R05/R04_REGRESSION/R03_REGRESSION/R02/A05_A06/cli-sessions-foreign.stdout.log
c0c19dff508a998f0c6e1fbf2643c2d78647cd6495bc53c57d2566877a3abc0b  ??  artifacts/rust-tauri/R05/RR1/INDEPENDENT-9/verify-R05/R04_REGRESSION/R03_REGRESSION/R02/A05_A06/cli-sessions-limit-case.json
e3b0c44298fc1c149afbf4c8996fb92427ae41e4649b934ca495991b7852b855  ??  artifacts/rust-tauri/R05/RR1/INDEPENDENT-9/verify-R05/R04_REGRESSION/R03_REGRESSION/R02/A05_A06/cli-sessions-limit.stderr.log
e3b0c44298fc1c149afbf4c8996fb92427ae41e4649b934ca495991b7852b855  ??  artifacts/rust-tauri/R05/RR1/INDEPENDENT-9/verify-R05/R04_REGRESSION/R03_REGRESSION/R02/A05_A06/cli-sessions-owner.stderr.log
a822c879e7e836fe1a0c650a7d2cdd540c44dcbb586134ee26bb14eb0096b7ac  ??  artifacts/rust-tauri/R05/RR1/INDEPENDENT-9/verify-R05/R04_REGRESSION/R03_REGRESSION/R02/A05_A06/cli-sessions-owner.stdout.log
56fb7d934c3eac2048daf0c0066dd318c95cafdc6fe3464409f1822c498d4321  ??  artifacts/rust-tauri/R05/RR1/INDEPENDENT-9/verify-R05/R04_REGRESSION/R03_REGRESSION/R02/A05_A06/cli-sessions-unauthorized.stderr.log
e3b0c44298fc1c149afbf4c8996fb92427ae41e4649b934ca495991b7852b855  ??  artifacts/rust-tauri/R05/RR1/INDEPENDENT-9/verify-R05/R04_REGRESSION/R03_REGRESSION/R02/A05_A06/cli-sessions-unauthorized.stdout.log
63f34cf3174077974c5ea9b5a2e1d24b61d8d732fded413a062b7366c6fd23a2  ??  artifacts/rust-tauri/R05/RR1/INDEPENDENT-9/verify-R05/R04_REGRESSION/R03_REGRESSION/R02/A05_A06/creds-after-authz.json
d6ab20ab03aadd019712951818a6e990c6633fcfa71991d52e67ec072e813f6c  ??  artifacts/rust-tauri/R05/RR1/INDEPENDENT-9/verify-R05/R04_REGRESSION/R03_REGRESSION/R02/A05_A06/creds-before-authz.json
fe1c0afc4019b4405d51d2197886620389da812485ac8831fa41fc84914a5c69  ??  artifacts/rust-tauri/R05/RR1/INDEPENDENT-9/verify-R05/R04_REGRESSION/R03_REGRESSION/R02/A05_A06/devices-after-authz.json
673ad8daa3516b0dac49b63c9cbda8a5c4e85296a76e1e02a479a353238536f6  ??  artifacts/rust-tauri/R05/RR1/INDEPENDENT-9/verify-R05/R04_REGRESSION/R03_REGRESSION/R02/A05_A06/devices-before-authz.json
bafd7b49fca8e0db982c11635311439d93b151939f99a7041e338752c19a6df7  ??  artifacts/rust-tauri/R05/RR1/INDEPENDENT-9/verify-R05/R04_REGRESSION/R03_REGRESSION/R02/A05_A06/leaf-cases.json
00fa0e50731923d9e5bb45a7b70b1944bf6d82232f550fbb318d1f7e21435ee3  ??  artifacts/rust-tauri/R05/RR1/INDEPENDENT-9/verify-R05/R04_REGRESSION/R03_REGRESSION/R02/A05_A06/leaf-cases.ndjson
86eff14978277310f7e28cdef2749e4617e1d52fb8a98308ce6da6f49f6e8a4b  ??  artifacts/rust-tauri/R05/RR1/INDEPENDENT-9/verify-R05/R04_REGRESSION/R03_REGRESSION/R02/A05_A06/me-denied-after.sha256
86eff14978277310f7e28cdef2749e4617e1d52fb8a98308ce6da6f49f6e8a4b  ??  artifacts/rust-tauri/R05/RR1/INDEPENDENT-9/verify-R05/R04_REGRESSION/R03_REGRESSION/R02/A05_A06/me-denied-before.sha256
4aab9c8beb269dee3f9fa33b3b349cff91486ddf5a8907ba1d4bc4d2bd2154c3  ??  artifacts/rust-tauri/R05/RR1/INDEPENDENT-9/verify-R05/R04_REGRESSION/R03_REGRESSION/R02/A05_A06/neg-startup.log
79e33a15fe2fcdc6e9a2f6a18d6074093aa238d871c65ae3cfaadbd05487b8cc  ??  artifacts/rust-tauri/R05/RR1/INDEPENDENT-9/verify-R05/R04_REGRESSION/R03_REGRESSION/R02/A05_A06/server-stderr.log
093909efcb7694e91b801fadc5e97bf86d0419f97a5a7a2fbefdccbbad11be19  ??  artifacts/rust-tauri/R05/RR1/INDEPENDENT-9/verify-R05/R04_REGRESSION/R03_REGRESSION/R02/A05_A06/server-stdout.log
9901fa4939e8c0683cc392787126273c429530490fdebe18e68d1ad0c6fc2459  ??  artifacts/rust-tauri/R05/RR1/INDEPENDENT-9/verify-R05/R04_REGRESSION/R03_REGRESSION/R02/A05_A06/sessions-list-matrix.json
c570f76c1c18121ffa3d0d5ad6d44f946090f394f4212854c41a6a33ec63dc44  ??  artifacts/rust-tauri/R05/RR1/INDEPENDENT-9/verify-R05/R04_REGRESSION/R03_REGRESSION/R02/A05_A06/state-after-authn.txt
a96eca2db095437c47b3be0d9920184bb395090b64cadb08546f52a95a8adb7d  ??  artifacts/rust-tauri/R05/RR1/INDEPENDENT-9/verify-R05/R04_REGRESSION/R03_REGRESSION/R02/A05_A06/state-after.txt
c570f76c1c18121ffa3d0d5ad6d44f946090f394f4212854c41a6a33ec63dc44  ??  artifacts/rust-tauri/R05/RR1/INDEPENDENT-9/verify-R05/R04_REGRESSION/R03_REGRESSION/R02/A05_A06/state-before-authz.txt
c570f76c1c18121ffa3d0d5ad6d44f946090f394f4212854c41a6a33ec63dc44  ??  artifacts/rust-tauri/R05/RR1/INDEPENDENT-9/verify-R05/R04_REGRESSION/R03_REGRESSION/R02/A05_A06/state-before.txt
c8302d1d969b2988cd47d68910d2087557e48967098df829b27590f16427181d  ??  artifacts/rust-tauri/R05/RR1/INDEPENDENT-9/verify-R05/R04_REGRESSION/R03_REGRESSION/R02/A05_A06/summary.txt
257acbf43165f364d3bd581530a9e75260631e3655518d510c89579a5190e587  ??  artifacts/rust-tauri/R05/RR1/INDEPENDENT-9/verify-R05/R04_REGRESSION/R03_REGRESSION/R02/A05_A06/ws-matrix.json
56d918b775e23708afe9595d0d9157bd0dd12192cf8545fbd29ca44867bf7da6  ??  artifacts/rust-tauri/R05/RR1/INDEPENDENT-9/verify-R05/R04_REGRESSION/R03_REGRESSION/R02/A07_A08/build.log
fedb8147423e56f6be6837bb9254a7452f6d85ab6b820157f9d01824b8e7a001  ??  artifacts/rust-tauri/R05/RR1/INDEPENDENT-9/verify-R05/R04_REGRESSION/R03_REGRESSION/R02/A07_A08/last-db-hashes.txt
d713b4d2f2123afe9c6c7fc9f2e89746849192a9276c9c9383b94d4ab7fd0c66  ??  artifacts/rust-tauri/R05/RR1/INDEPENDENT-9/verify-R05/R04_REGRESSION/R03_REGRESSION/R02/A07_A08/s1-counts-after-stop.json
347987f9452c382b32e905cd01a47510e5b5052b9177d6711a0828ded331f07a  ??  artifacts/rust-tauri/R05/RR1/INDEPENDENT-9/verify-R05/R04_REGRESSION/R03_REGRESSION/R02/A07_A08/s2-counts-after-crash.json
da18bfc3171502df832d0fd3e42a38ceacbea89bf5839056722d8cfd675a1e62  ??  artifacts/rust-tauri/R05/RR1/INDEPENDENT-9/verify-R05/R04_REGRESSION/R03_REGRESSION/R02/A07_A08/s2-runs-dump.jsonl
8bd96a6b972c0663633a51a881b5ac79aa019e4f4fe49258ff9f3d2c9ad770f0  ??  artifacts/rust-tauri/R05/RR1/INDEPENDENT-9/verify-R05/R04_REGRESSION/R03_REGRESSION/R02/A07_A08/s3-fault.err
e3b0c44298fc1c149afbf4c8996fb92427ae41e4649b934ca495991b7852b855  ??  artifacts/rust-tauri/R05/RR1/INDEPENDENT-9/verify-R05/R04_REGRESSION/R03_REGRESSION/R02/A07_A08/s3-fault.out
5525fde2a0d10ed9bf048e97b01484eb8c72065bb53a596e00b20b7b992c3830  ??  artifacts/rust-tauri/R05/RR1/INDEPENDENT-9/verify-R05/R04_REGRESSION/R03_REGRESSION/R02/A07_A08/s4-hashes-before.txt
adac0b8c175c53d22e4c92bf1845726fae667bec50193fce28af66542bf39406  ??  artifacts/rust-tauri/R05/RR1/INDEPENDENT-9/verify-R05/R04_REGRESSION/R03_REGRESSION/R02/A07_A08/s4-migrations-round1.json
354e9c669a6d14426f5468b0ad8166221ecfc3b7dd4bd9ce6b3327b81f9b0fcf  ??  artifacts/rust-tauri/R05/RR1/INDEPENDENT-9/verify-R05/R04_REGRESSION/R03_REGRESSION/R02/A07_A08/service-s1.err
3a707dc898ac2329ce95cb9456a781210b9660b8c8c1d78f32ca217d85b8663b  ??  artifacts/rust-tauri/R05/RR1/INDEPENDENT-9/verify-R05/R04_REGRESSION/R03_REGRESSION/R02/A07_A08/service-s1.out
a68cb78c14f77548e704f381124eee08b4ae5932ab2857f3b94c3efe17c1ff99  ??  artifacts/rust-tauri/R05/RR1/INDEPENDENT-9/verify-R05/R04_REGRESSION/R03_REGRESSION/R02/A07_A08/service-s1b.err
b43f9f18a024c8d0d144313aebb536a5e0730bb50494161dc4eab219ea61423f  ??  artifacts/rust-tauri/R05/RR1/INDEPENDENT-9/verify-R05/R04_REGRESSION/R03_REGRESSION/R02/A07_A08/service-s1b.out
11040823719b4fec5fa67a3bd0097c7890c7f365fcb01f13ea73971d0c78c048  ??  artifacts/rust-tauri/R05/RR1/INDEPENDENT-9/verify-R05/R04_REGRESSION/R03_REGRESSION/R02/A07_A08/service-s2.err
384231a4d5bc00f821ca858796b5438c9a86da716e9cc39030569f97edbfc9ba  ??  artifacts/rust-tauri/R05/RR1/INDEPENDENT-9/verify-R05/R04_REGRESSION/R03_REGRESSION/R02/A07_A08/service-s2.out
b38fdaa2b6211d4e04884ca99b9e290990aa875b0f63c5170db900ee78e2753c  ??  artifacts/rust-tauri/R05/RR1/INDEPENDENT-9/verify-R05/R04_REGRESSION/R03_REGRESSION/R02/A07_A08/service-s2b.err
e803f87c0216a681ef3ea77a4f38d1db169a742009530eb2e2b8674cd2d71bc3  ??  artifacts/rust-tauri/R05/RR1/INDEPENDENT-9/verify-R05/R04_REGRESSION/R03_REGRESSION/R02/A07_A08/service-s2b.out
176aacfc8c2687cdccc5f90dd03e49b088118ede6bc5d4dad91a39390d236b47  ??  artifacts/rust-tauri/R05/RR1/INDEPENDENT-9/verify-R05/R04_REGRESSION/R03_REGRESSION/R02/A07_A08/service-s4-1.err
864fa798cd46efef18633550886f93fdfdf4af7ba53873d7515727ade59c8ca5  ??  artifacts/rust-tauri/R05/RR1/INDEPENDENT-9/verify-R05/R04_REGRESSION/R03_REGRESSION/R02/A07_A08/service-s4-1.out
8cf3af6e903a26d38a7201c1f07d2ffb075afa13e35ca131b130be0f10a45a4f  ??  artifacts/rust-tauri/R05/RR1/INDEPENDENT-9/verify-R05/R04_REGRESSION/R03_REGRESSION/R02/A07_A08/service.addr
9edad3d3aaa7ff7131da206d1f9e2f6932e0f11f235c039275e708f7a4994efb  ??  artifacts/rust-tauri/R05/RR1/INDEPENDENT-9/verify-R05/R04_REGRESSION/R03_REGRESSION/R02/A07_A08/service.pid
57cfe9c14dbb442cb74cbddd7b9c883871d98794c7efbc69a0a9afcc11ef8e8d  ??  artifacts/rust-tauri/R05/RR1/INDEPENDENT-9/verify-R05/R04_REGRESSION/R03_REGRESSION/R02/A07_A08/summary.txt
ad15a8b2354c90fa5f537c066e2c33839808f3455a73927f71547322fea711ea  ??  artifacts/rust-tauri/R05/RR1/INDEPENDENT-9/verify-R05/R04_REGRESSION/R03_REGRESSION/R02/A11/backup-restore/build.log
dd63f79ce1a39fdef735dbb9eb292c3f8a45db77c2513d3cc7379e5dbe13749e  ??  artifacts/rust-tauri/R05/RR1/INDEPENDENT-9/verify-R05/R04_REGRESSION/R03_REGRESSION/R02/A11/backup-restore/s1-backup-dir-listing.txt
d99a79e211da5e13dc9ce59e577b276796f9a926340c145ba949303579c947bf  ??  artifacts/rust-tauri/R05/RR1/INDEPENDENT-9/verify-R05/R04_REGRESSION/R03_REGRESSION/R02/A11/backup-restore/s1-backup-outcome.json
e3b0c44298fc1c149afbf4c8996fb92427ae41e4649b934ca495991b7852b855  ??  artifacts/rust-tauri/R05/RR1/INDEPENDENT-9/verify-R05/R04_REGRESSION/R03_REGRESSION/R02/A11/backup-restore/s1-backup.err
78129ea01daeb591a5de6490a1265a832910ebb920bc700650ad301dd7fdb63c  ??  artifacts/rust-tauri/R05/RR1/INDEPENDENT-9/verify-R05/R04_REGRESSION/R03_REGRESSION/R02/A11/backup-restore/s1-restore-outcome.json
e3b0c44298fc1c149afbf4c8996fb92427ae41e4649b934ca495991b7852b855  ??  artifacts/rust-tauri/R05/RR1/INDEPENDENT-9/verify-R05/R04_REGRESSION/R03_REGRESSION/R02/A11/backup-restore/s1-restore.err
65a21ba65b213c9fc68405427ef4654cae810aa763b5869854292c4d25034a77  ??  artifacts/rust-tauri/R05/RR1/INDEPENDENT-9/verify-R05/R04_REGRESSION/R03_REGRESSION/R02/A11/backup-restore/s1-restored-dump.jsonl
6007551861a520dfb9d597b1ff351ad6e68a0e6619c22a5410ec1d291acc3a9f  ??  artifacts/rust-tauri/R05/RR1/INDEPENDENT-9/verify-R05/R04_REGRESSION/R03_REGRESSION/R02/A11/backup-restore/s1-restored-hash.txt
65a21ba65b213c9fc68405427ef4654cae810aa763b5869854292c4d25034a77  ??  artifacts/rust-tauri/R05/RR1/INDEPENDENT-9/verify-R05/R04_REGRESSION/R03_REGRESSION/R02/A11/backup-restore/s1-source-dump.jsonl
962bad0660630dbed619eb6053649a57d0b3532805938687b5c600f1ea7a708a  ??  artifacts/rust-tauri/R05/RR1/INDEPENDENT-9/verify-R05/R04_REGRESSION/R03_REGRESSION/R02/A11/backup-restore/s1-source-hash.txt
d8ec6fc62a9ff755d7d08154457d97192f9e2253d1399a33c79cb93bbefde344  ??  artifacts/rust-tauri/R05/RR1/INDEPENDENT-9/verify-R05/R04_REGRESSION/R03_REGRESSION/R02/A11/backup-restore/s1-wal-size.txt
e3b0c44298fc1c149afbf4c8996fb92427ae41e4649b934ca495991b7852b855  ??  artifacts/rust-tauri/R05/RR1/INDEPENDENT-9/verify-R05/R04_REGRESSION/R03_REGRESSION/R02/A11/backup-restore/s3-backup-out.json
44e43d57dc8c593a79cb3e61bad2d20a7045bd446799af3999c93912f6d65de9  ??  artifacts/rust-tauri/R05/RR1/INDEPENDENT-9/verify-R05/R04_REGRESSION/R03_REGRESSION/R02/A11/backup-restore/s3-backup.err
9b33c4d50a9f7a0434980244454a85ce4288c7323241cf9ff22c50e6b8f8dd85  ??  artifacts/rust-tauri/R05/RR1/INDEPENDENT-9/verify-R05/R04_REGRESSION/R03_REGRESSION/R02/A11/backup-restore/s4-ws-probe.json
a4c3ed04a95a3da14a9d235c83d868bed7c0f45cf7f3faa751ee8f50598d2211  ??  artifacts/rust-tauri/R05/RR1/INDEPENDENT-9/verify-R05/R04_REGRESSION/R03_REGRESSION/R02/A11/backup-restore/s4-ws-probe.json.probe-done
09653deec9da006a3d8ecaaeaf70cf105dda1191828da257bb87fcb42d5ce35e  ??  artifacts/rust-tauri/R05/RR1/INDEPENDENT-9/verify-R05/R04_REGRESSION/R03_REGRESSION/R02/A11/backup-restore/service-s1.addr
d2b0a2d7dd7997d514f755c56f4542310055ac1a3ad9ac24d23da44dd209cb1a  ??  artifacts/rust-tauri/R05/RR1/INDEPENDENT-9/verify-R05/R04_REGRESSION/R03_REGRESSION/R02/A11/backup-restore/service-s1.err
45d4011b3fea031a7421a25e01e0c7db6e8f2eec54704e00e37b41db2be7bfd7  ??  artifacts/rust-tauri/R05/RR1/INDEPENDENT-9/verify-R05/R04_REGRESSION/R03_REGRESSION/R02/A11/backup-restore/service-s1.out
210f7e0f570110ff9ca26b070969290ca058f4d53438b1804781bc5aa9c27241  ??  artifacts/rust-tauri/R05/RR1/INDEPENDENT-9/verify-R05/R04_REGRESSION/R03_REGRESSION/R02/A11/backup-restore/service-s2.addr
f5e50e8b0f59b37c8c14cab758f06516518cfe4db8e492f34035dce2dda7a6e6  ??  artifacts/rust-tauri/R05/RR1/INDEPENDENT-9/verify-R05/R04_REGRESSION/R03_REGRESSION/R02/A11/backup-restore/service-s2.err
c3d60cd49b863062bcb266650d04374d5c1e9ab0b0467a7394eb724fda9e9233  ??  artifacts/rust-tauri/R05/RR1/INDEPENDENT-9/verify-R05/R04_REGRESSION/R03_REGRESSION/R02/A11/backup-restore/service-s2.out
25222342471d9b24fbde351e8b9a472ac44bfda8dc9a9d1cb2bb523ed336e458  ??  artifacts/rust-tauri/R05/RR1/INDEPENDENT-9/verify-R05/R04_REGRESSION/R03_REGRESSION/R02/A11/backup-restore/service-s4.addr
48dc35160fc4ce95ec8771156acd16fde4eb3452ffabab9b23c1029b7906a50d  ??  artifacts/rust-tauri/R05/RR1/INDEPENDENT-9/verify-R05/R04_REGRESSION/R03_REGRESSION/R02/A11/backup-restore/service-s4.err
bfb71381abbb493dcfab9dabf8d9d1b313ac7ea0a834c7817c488af53f85f2c1  ??  artifacts/rust-tauri/R05/RR1/INDEPENDENT-9/verify-R05/R04_REGRESSION/R03_REGRESSION/R02/A11/backup-restore/service-s4.out
3cf9c1096a340be6d2afab42e9be91fb3560f1fc1faed2b583970b07e0fa0462  ??  artifacts/rust-tauri/R05/RR1/INDEPENDENT-9/verify-R05/R04_REGRESSION/R03_REGRESSION/R02/A11/backup-restore/service.pid
a113a9477dabc7802614297598a73e78c025aae999758d3471f16a26fe8cf512  ??  artifacts/rust-tauri/R05/RR1/INDEPENDENT-9/verify-R05/R04_REGRESSION/R03_REGRESSION/R02/A11/backup-restore/summary.txt
c92508a29848820f033cd2ea015c85dde0953c88b07cc967ce34b7c08f610549  ??  artifacts/rust-tauri/R05/RR1/INDEPENDENT-9/verify-R05/R04_REGRESSION/R03_REGRESSION/R02/A12/recovery-drill/build.log
e3a8cfa3ebf978b2fe0dddaca49c6351d2dd83e4d2241c0b129575e66e6c7f48  ??  artifacts/rust-tauri/R05/RR1/INDEPENDENT-9/verify-R05/R04_REGRESSION/R03_REGRESSION/R02/A12/recovery-drill/coexist-after.txt
e3a8cfa3ebf978b2fe0dddaca49c6351d2dd83e4d2241c0b129575e66e6c7f48  ??  artifacts/rust-tauri/R05/RR1/INDEPENDENT-9/verify-R05/R04_REGRESSION/R03_REGRESSION/R02/A12/recovery-drill/coexist-before.txt
be78d1cb0164a00e77cf5b1904c5d82338afab8e90f4398f736842cb7cff8b0f  ??  artifacts/rust-tauri/R05/RR1/INDEPENDENT-9/verify-R05/R04_REGRESSION/R03_REGRESSION/R02/A12/recovery-drill/own-created-homes.txt
79be6d64aa93bf457e5b337dfa16a187af549e49a08c7760b4ddb0f61bedf8ac  ??  artifacts/rust-tauri/R05/RR1/INDEPENDENT-9/verify-R05/R04_REGRESSION/R03_REGRESSION/R02/A12/recovery-drill/summary.txt
7b2f675d535131e9ee3b95eb996b520af42000b1efea572dc62eff72fd758a84  ??  artifacts/rust-tauri/R05/RR1/INDEPENDENT-9/verify-R05/R04_REGRESSION/R03_REGRESSION/R02/A12/recovery-drill/v1-hashes-after.txt
7b2f675d535131e9ee3b95eb996b520af42000b1efea572dc62eff72fd758a84  ??  artifacts/rust-tauri/R05/RR1/INDEPENDENT-9/verify-R05/R04_REGRESSION/R03_REGRESSION/R02/A12/recovery-drill/v1-hashes-before.txt
b1d89792231382f2a2dfde080e569511fc0486179cd18815540d9b5c261505a1  ??  artifacts/rust-tauri/R05/RR1/INDEPENDENT-9/verify-R05/R04_REGRESSION/R03_REGRESSION/R02/A12/recovery-drill/v1.err
e3b0c44298fc1c149afbf4c8996fb92427ae41e4649b934ca495991b7852b855  ??  artifacts/rust-tauri/R05/RR1/INDEPENDENT-9/verify-R05/R04_REGRESSION/R03_REGRESSION/R02/A12/recovery-drill/v1.out
fcb269f1fc43e20619871bab0f6e464d30773313e55b17f725fc62249ab521be  ??  artifacts/rust-tauri/R05/RR1/INDEPENDENT-9/verify-R05/R04_REGRESSION/R03_REGRESSION/R02/A12/recovery-drill/v2-hashes-after.txt
fcb269f1fc43e20619871bab0f6e464d30773313e55b17f725fc62249ab521be  ??  artifacts/rust-tauri/R05/RR1/INDEPENDENT-9/verify-R05/R04_REGRESSION/R03_REGRESSION/R02/A12/recovery-drill/v2-hashes-before.txt
2222f9d041806c5ca38b80529274e14e00677c21671370c07d730f2a381ec947  ??  artifacts/rust-tauri/R05/RR1/INDEPENDENT-9/verify-R05/R04_REGRESSION/R03_REGRESSION/R02/A12/recovery-drill/v2.err
e3b0c44298fc1c149afbf4c8996fb92427ae41e4649b934ca495991b7852b855  ??  artifacts/rust-tauri/R05/RR1/INDEPENDENT-9/verify-R05/R04_REGRESSION/R03_REGRESSION/R02/A12/recovery-drill/v2.out
a33ffd69acb495d9a221778bb2317e4cef00e4d752d794b9c1267890666ec43d  ??  artifacts/rust-tauri/R05/RR1/INDEPENDENT-9/verify-R05/R04_REGRESSION/R03_REGRESSION/R02/A12/recovery-drill/v3-hashes-after.txt
a33ffd69acb495d9a221778bb2317e4cef00e4d752d794b9c1267890666ec43d  ??  artifacts/rust-tauri/R05/RR1/INDEPENDENT-9/verify-R05/R04_REGRESSION/R03_REGRESSION/R02/A12/recovery-drill/v3-hashes-before.txt
8059d995ccb629b2dfbff7e9d144e0fbdd2c1e4eb9e3501af7c59276cf52a174  ??  artifacts/rust-tauri/R05/RR1/INDEPENDENT-9/verify-R05/R04_REGRESSION/R03_REGRESSION/R02/A12/recovery-drill/v3.err
e3b0c44298fc1c149afbf4c8996fb92427ae41e4649b934ca495991b7852b855  ??  artifacts/rust-tauri/R05/RR1/INDEPENDENT-9/verify-R05/R04_REGRESSION/R03_REGRESSION/R02/A12/recovery-drill/v3.out
cecd01e6598499ed9aa89bf682e54662568db2ca1b4c027f433f5d10079646f7  ??  artifacts/rust-tauri/R05/RR1/INDEPENDENT-9/verify-R05/R04_REGRESSION/R03_REGRESSION/R02/A12/recovery-drill/v4.err
919a33012cee2043b7ae0c6c67d6a7020039bbeda3c685d50ded762224749703  ??  artifacts/rust-tauri/R05/RR1/INDEPENDENT-9/verify-R05/R04_REGRESSION/R03_REGRESSION/R02/A12/recovery-drill/v4.out
dcebf8a3a06071f0f3a6ecd5c10587d1ac18c5e6fe65bd7338101c1c28768679  ??  artifacts/rust-tauri/R05/RR1/INDEPENDENT-9/verify-R05/R04_REGRESSION/R03_REGRESSION/R02/A12/recovery-drill/v5-hashes-after.txt
dcebf8a3a06071f0f3a6ecd5c10587d1ac18c5e6fe65bd7338101c1c28768679  ??  artifacts/rust-tauri/R05/RR1/INDEPENDENT-9/verify-R05/R04_REGRESSION/R03_REGRESSION/R02/A12/recovery-drill/v5-hashes-before.txt
38b50966482e7cc73431aea37af47855eaafd3212d11a20d439060928ae8da15  ??  artifacts/rust-tauri/R05/RR1/INDEPENDENT-9/verify-R05/R04_REGRESSION/R03_REGRESSION/R02/A12/recovery-drill/v5.err
e3b0c44298fc1c149afbf4c8996fb92427ae41e4649b934ca495991b7852b855  ??  artifacts/rust-tauri/R05/RR1/INDEPENDENT-9/verify-R05/R04_REGRESSION/R03_REGRESSION/R02/A12/recovery-drill/v5.out
30bdbb61fe44269cf8738479e387ae8afb9ef3dc17eed78c1aafa9f3c80ebf80  ??  artifacts/rust-tauri/R05/RR1/INDEPENDENT-9/verify-R05/R04_REGRESSION/R03_REGRESSION/R02/A12/recovery-drill/v6-recovered-dump.jsonl
27badc983df1780b60c2b3fa9d3a19a00e46aac798451f0febdca52920faaddf  ??  artifacts/rust-tauri/R05/RR1/INDEPENDENT-9/verify-R05/R04_REGRESSION/R03_REGRESSION/R02/A12/recovery-drill/v6-seed-execute.txt
7485ea8a4542e56e1c5cf422598f783d2286860961e3dff851481beb0f208eaf  ??  artifacts/rust-tauri/R05/RR1/INDEPENDENT-9/verify-R05/R04_REGRESSION/R03_REGRESSION/R02/A12/recovery-drill/v6-seed.err
8e8803817ce231407169f36fa89c96ff80a517a07f5dbaef30a5fdc4c94c88bb  ??  artifacts/rust-tauri/R05/RR1/INDEPENDENT-9/verify-R05/R04_REGRESSION/R03_REGRESSION/R02/A12/recovery-drill/v6-seed.out
ecec9a1dfdc27d411b90e5033b3fc68dff42182f096b3c154c6a7287bfe83187  ??  artifacts/rust-tauri/R05/RR1/INDEPENDENT-9/verify-R05/R04_REGRESSION/R03_REGRESSION/R02/A12/recovery-drill/v6.err
9ce8a3f98ac509c7b3a3ce28493fd5fffea98879d7284dcf81dd702122f72ac0  ??  artifacts/rust-tauri/R05/RR1/INDEPENDENT-9/verify-R05/R04_REGRESSION/R03_REGRESSION/R02/A12/recovery-drill/v6.out
1f8291e87967cd2fa38da4fb5e2276dee72117842279649eef40b4fcda14510a  ??  artifacts/rust-tauri/R05/RR1/INDEPENDENT-9/verify-R05/R04_REGRESSION/R03_REGRESSION/R02/A12/recovery-drill/v7-hashes-after.txt
1f8291e87967cd2fa38da4fb5e2276dee72117842279649eef40b4fcda14510a  ??  artifacts/rust-tauri/R05/RR1/INDEPENDENT-9/verify-R05/R04_REGRESSION/R03_REGRESSION/R02/A12/recovery-drill/v7-hashes-before.txt
77214c45da43fed0df8392a63d8808841659c70f6d535e295d38814dda468f85  ??  artifacts/rust-tauri/R05/RR1/INDEPENDENT-9/verify-R05/R04_REGRESSION/R03_REGRESSION/R02/A12/recovery-drill/v7-seed.err
2f95f71d8de17612831efea2697e0433c50a064c0f4724ce0284080e0759cd56  ??  artifacts/rust-tauri/R05/RR1/INDEPENDENT-9/verify-R05/R04_REGRESSION/R03_REGRESSION/R02/A12/recovery-drill/v7-seed.out
38b7399975fa28a6dd93abb7bdab707e5941d027098cb8d90ba1c8dff9910780  ??  artifacts/rust-tauri/R05/RR1/INDEPENDENT-9/verify-R05/R04_REGRESSION/R03_REGRESSION/R02/A12/recovery-drill/v7.err
e3b0c44298fc1c149afbf4c8996fb92427ae41e4649b934ca495991b7852b855  ??  artifacts/rust-tauri/R05/RR1/INDEPENDENT-9/verify-R05/R04_REGRESSION/R03_REGRESSION/R02/A12/recovery-drill/v7.out
86a9897b339da79f9a5454aa5c37264fb1891a2106feb41104ad613bc52b4741  ??  artifacts/rust-tauri/R05/RR1/INDEPENDENT-9/verify-R05/R04_REGRESSION/R03_REGRESSION/R02/A12/recovery-drill/v8-observed.err
7f733bf417904bb7a762f8bf427c9727ee86fd119349a6f33f29296435367581  ??  artifacts/rust-tauri/R05/RR1/INDEPENDENT-9/verify-R05/R04_REGRESSION/R03_REGRESSION/R02/A12/recovery-drill/v8-seed.err
aea67fa880249d1ed0a811c2e27feffc95467601d9f868f5e24fad7cff21f70a  ??  artifacts/rust-tauri/R05/RR1/INDEPENDENT-9/verify-R05/R04_REGRESSION/R03_REGRESSION/R02/A12/recovery-drill/v8-seed.out
86a9897b339da79f9a5454aa5c37264fb1891a2106feb41104ad613bc52b4741  ??  artifacts/rust-tauri/R05/RR1/INDEPENDENT-9/verify-R05/R04_REGRESSION/R03_REGRESSION/R02/A12/recovery-drill/v8.err
f4ddab115657573f64b2d3f72f7d8d19573573577e92aa7a99f32506b1aa22e8  ??  artifacts/rust-tauri/R05/RR1/INDEPENDENT-9/verify-R05/R04_REGRESSION/R03_REGRESSION/R02/A12/recovery-drill/v8.out
56c732d081a577f44d92bbe21255a64112d3db925f9d94f320696936d4b8961d  ??  artifacts/rust-tauri/R05/RR1/INDEPENDENT-9/verify-R05/R04_REGRESSION/R03_REGRESSION/R02/A15/full-chain/build.log
91ced7b17932cbf83aa6dc021f5a80f4761d2d9ebe7c15a92826caeaee7e085f  ??  artifacts/rust-tauri/R05/RR1/INDEPENDENT-9/verify-R05/R04_REGRESSION/R03_REGRESSION/R02/A15/full-chain/pre-restart-head.json
e3b0c44298fc1c149afbf4c8996fb92427ae41e4649b934ca495991b7852b855  ??  artifacts/rust-tauri/R05/RR1/INDEPENDENT-9/verify-R05/R04_REGRESSION/R03_REGRESSION/R02/A15/full-chain/probe1.err
ff60b7581b9b81bccc5dabef00364354a8922e01b01c63b74ce56cd5e9881bf5  ??  artifacts/rust-tauri/R05/RR1/INDEPENDENT-9/verify-R05/R04_REGRESSION/R03_REGRESSION/R02/A15/full-chain/probe1.pass-lines
e3b0c44298fc1c149afbf4c8996fb92427ae41e4649b934ca495991b7852b855  ??  artifacts/rust-tauri/R05/RR1/INDEPENDENT-9/verify-R05/R04_REGRESSION/R03_REGRESSION/R02/A15/full-chain/probe2.err
28a411dc95be7e6596d2954fdbecf8eb034d9f8dc1248ab1d111c07c1c218b89  ??  artifacts/rust-tauri/R05/RR1/INDEPENDENT-9/verify-R05/R04_REGRESSION/R03_REGRESSION/R02/A15/full-chain/probe2.pass-lines
76b17b19670b2d0bb3b1f9636b98bc145a8083cf2fbafb5130ab8ce0eb350ebb  ??  artifacts/rust-tauri/R05/RR1/INDEPENDENT-9/verify-R05/R04_REGRESSION/R03_REGRESSION/R02/A15/full-chain/service1.err
becc1f07e05143aa2b5cba7174800b629c9b6211983daf6f15b3ed7d71cb0b24  ??  artifacts/rust-tauri/R05/RR1/INDEPENDENT-9/verify-R05/R04_REGRESSION/R03_REGRESSION/R02/A15/full-chain/service1.out
90485936f37670b6099c82c811f480d4eed745cec37ace68c12450d6e6c8c988  ??  artifacts/rust-tauri/R05/RR1/INDEPENDENT-9/verify-R05/R04_REGRESSION/R03_REGRESSION/R02/A15/full-chain/service2.err
007f488c5dfbb9f8ff8f6f86651b3d31ee1d0ecbbffd0c55293040f410f2931a  ??  artifacts/rust-tauri/R05/RR1/INDEPENDENT-9/verify-R05/R04_REGRESSION/R03_REGRESSION/R02/A15/full-chain/service2.out
6977e14102518d8f576ddde9dc97928df6aee4bf445ab6f5f3036612e2494cdc  ??  artifacts/rust-tauri/R05/RR1/INDEPENDENT-9/verify-R05/R04_REGRESSION/R03_REGRESSION/R02/A15/full-chain/summary.txt
e3b0c44298fc1c149afbf4c8996fb92427ae41e4649b934ca495991b7852b855  ??  artifacts/rust-tauri/R05/RR1/INDEPENDENT-9/verify-R05/R04_REGRESSION/R03_REGRESSION/a15_combo_and_leaves/stderr.log
53ebed80de3ed60cb7c483be0affc80fe81c934fdc5268a04c878308effe1670  ??  artifacts/rust-tauri/R05/RR1/INDEPENDENT-9/verify-R05/R04_REGRESSION/R03_REGRESSION/a15_combo_and_leaves/stdout.log
e3b0c44298fc1c149afbf4c8996fb92427ae41e4649b934ca495991b7852b855  ??  artifacts/rust-tauri/R05/RR1/INDEPENDENT-9/verify-R05/R04_REGRESSION/R03_REGRESSION/check_boundaries/stderr.log
d99ada8df8ff7853d02908eb6bb04adfa1e06d15fa8e1af10a9ecaa46d7ca330  ??  artifacts/rust-tauri/R05/RR1/INDEPENDENT-9/verify-R05/R04_REGRESSION/R03_REGRESSION/check_boundaries/stdout.log
e3b0c44298fc1c149afbf4c8996fb92427ae41e4649b934ca495991b7852b855  ??  artifacts/rust-tauri/R05/RR1/INDEPENDENT-9/verify-R05/R04_REGRESSION/R03_REGRESSION/check_contracts/stderr.log
77d04b64918ac301d220d57419c8429e7c37471a5f4caaeb0765e11e1987fe9a  ??  artifacts/rust-tauri/R05/RR1/INDEPENDENT-9/verify-R05/R04_REGRESSION/R03_REGRESSION/check_contracts/stdout.log
e3b0c44298fc1c149afbf4c8996fb92427ae41e4649b934ca495991b7852b855  ??  artifacts/rust-tauri/R05/RR1/INDEPENDENT-9/verify-R05/R04_REGRESSION/R03_REGRESSION/r02_auth_matrix/stderr.log
3b52b3914cdfb32e53ff37e4446a71cfb64aaf1a2ece677fa66e3131701aaf19  ??  artifacts/rust-tauri/R05/RR1/INDEPENDENT-9/verify-R05/R04_REGRESSION/R03_REGRESSION/r02_auth_matrix/stdout.log
e3b0c44298fc1c149afbf4c8996fb92427ae41e4649b934ca495991b7852b855  ??  artifacts/rust-tauri/R05/RR1/INDEPENDENT-9/verify-R05/R04_REGRESSION/R03_REGRESSION/r02_backup_restore/stderr.log
d088db145dfc55b97ebee6a0e471012333f3a6dbbf74c1cc8cb63afde3052836  ??  artifacts/rust-tauri/R05/RR1/INDEPENDENT-9/verify-R05/R04_REGRESSION/R03_REGRESSION/r02_backup_restore/stdout.log
e3b0c44298fc1c149afbf4c8996fb92427ae41e4649b934ca495991b7852b855  ??  artifacts/rust-tauri/R05/RR1/INDEPENDENT-9/verify-R05/R04_REGRESSION/R03_REGRESSION/r02_full_chain/stderr.log
6977e14102518d8f576ddde9dc97928df6aee4bf445ab6f5f3036612e2494cdc  ??  artifacts/rust-tauri/R05/RR1/INDEPENDENT-9/verify-R05/R04_REGRESSION/R03_REGRESSION/r02_full_chain/stdout.log
e3b0c44298fc1c149afbf4c8996fb92427ae41e4649b934ca495991b7852b855  ??  artifacts/rust-tauri/R05/RR1/INDEPENDENT-9/verify-R05/R04_REGRESSION/R03_REGRESSION/r02_legacy_regression/stderr.log
8a1c11e7b720bb17901d9ac36ad92dda16a1fba04506283e41652c1ef7a5d1b3  ??  artifacts/rust-tauri/R05/RR1/INDEPENDENT-9/verify-R05/R04_REGRESSION/R03_REGRESSION/r02_legacy_regression/stdout.log
e3b0c44298fc1c149afbf4c8996fb92427ae41e4649b934ca495991b7852b855  ??  artifacts/rust-tauri/R05/RR1/INDEPENDENT-9/verify-R05/R04_REGRESSION/R03_REGRESSION/r02_recovery_drill/stderr.log
6086375841bb4d9c50bc3caaabe8b01beddb9f3b6b5f61633e856e1e5b398e3e  ??  artifacts/rust-tauri/R05/RR1/INDEPENDENT-9/verify-R05/R04_REGRESSION/R03_REGRESSION/r02_recovery_drill/stdout.log
37d224a1e61132d0f4c80c60c2af0919d1fdaf5b35994ac4ee2fc79336fcef09  ??  artifacts/rust-tauri/R05/RR1/INDEPENDENT-9/verify-R05/R04_REGRESSION/R03_REGRESSION/r02_storage_tx/stderr.log
57cfe9c14dbb442cb74cbddd7b9c883871d98794c7efbc69a0a9afcc11ef8e8d  ??  artifacts/rust-tauri/R05/RR1/INDEPENDENT-9/verify-R05/R04_REGRESSION/R03_REGRESSION/r02_storage_tx/stdout.log
d7dae192715495fa89ccbe279af3efb9792c1dae1768228e369035e68a1df673  ??  artifacts/rust-tauri/R05/RR1/INDEPENDENT-9/verify-R05/R04_REGRESSION/R03_REGRESSION/rust_clippy/stderr.log
e3b0c44298fc1c149afbf4c8996fb92427ae41e4649b934ca495991b7852b855  ??  artifacts/rust-tauri/R05/RR1/INDEPENDENT-9/verify-R05/R04_REGRESSION/R03_REGRESSION/rust_clippy/stdout.log
e3b0c44298fc1c149afbf4c8996fb92427ae41e4649b934ca495991b7852b855  ??  artifacts/rust-tauri/R05/RR1/INDEPENDENT-9/verify-R05/R04_REGRESSION/R03_REGRESSION/rust_fmt/stderr.log
e3b0c44298fc1c149afbf4c8996fb92427ae41e4649b934ca495991b7852b855  ??  artifacts/rust-tauri/R05/RR1/INDEPENDENT-9/verify-R05/R04_REGRESSION/R03_REGRESSION/rust_fmt/stdout.log
3774261449a0d652ff75c83de456736789eacc12480a611db32ee47f31e58f71  ??  artifacts/rust-tauri/R05/RR1/INDEPENDENT-9/verify-R05/R04_REGRESSION/R03_REGRESSION/rust_test_workspace/stderr.log
fbc55bdaffb1425a481bbb3a954430bf658aed144c64a1e1d470fa25b3b415bb  ??  artifacts/rust-tauri/R05/RR1/INDEPENDENT-9/verify-R05/R04_REGRESSION/R03_REGRESSION/rust_test_workspace/stdout.log
d35ed0b3884bab58608688cd00013b2a94aa47c559bb385c04ef58ee9ac7c2cf  ??  artifacts/rust-tauri/R05/RR1/INDEPENDENT-9/verify-R05/R04_REGRESSION/R04_MATRIX/build.log
10a16641e3405663989bf586c36c94e6522cc9932c30df552a4cb308377a9676  ??  artifacts/rust-tauri/R05/RR1/INDEPENDENT-9/verify-R05/R04_REGRESSION/R04_MATRIX/cases/a15-directory-claim-refused.json
09f385efaedc793ea498845967037cfcbfc0fe2c163104737d7ff99e880e98bc  ??  artifacts/rust-tauri/R05/RR1/INDEPENDENT-9/verify-R05/R04_REGRESSION/R04_MATRIX/cases/a15-gateway-audit-directory-ref-failed.json
d0df7dade822790f5735f4ebef501e03b8aa905318cb8a60905b81715d427965  ??  artifacts/rust-tauri/R05/RR1/INDEPENDENT-9/verify-R05/R04_REGRESSION/R04_MATRIX/cases/a15-gateway-audit-fake-ref-failed.json
a0800cd68927a3e79f38730d4c55036813c6947a5675713428917d03a1b44145  ??  artifacts/rust-tauri/R05/RR1/INDEPENDENT-9/verify-R05/R04_REGRESSION/R04_MATRIX/cases/a15-gateway-audit-real-ref-passes.json
8f9b212963fdfce437456018df1536c00c82aa2118f3c3af37532e979ed04f2b  ??  artifacts/rust-tauri/R05/RR1/INDEPENDENT-9/verify-R05/R04_REGRESSION/R04_MATRIX/cases/a15-missing-claim-refused.json
04245f14680505fadaf81819e4b39818cf0d629654f8733039a6ac2e8d68bb98  ??  artifacts/rust-tauri/R05/RR1/INDEPENDENT-9/verify-R05/R04_REGRESSION/R04_MATRIX/cases/a15-out-of-grant-claim-refused.json
e4bb14f7a842ae22ee91e7b3bebdfcc5273aec1410f84eb90970f2bc4dc3fc91  ??  artifacts/rust-tauri/R05/RR1/INDEPENDENT-9/verify-R05/R04_REGRESSION/R04_MATRIX/cases/a15-real-delivery-registered.json
6895d6a72b4da91d630223ce6ad2b8320db84534f721b5748ac0f487c1a29223  ??  artifacts/rust-tauri/R05/RR1/INDEPENDENT-9/verify-R05/R04_REGRESSION/R04_MATRIX/cases/a15-structure-violation-refused.json
94c57b04cb80a3ce8932e58d775b4aaa85affa76e33e34512e4a0bc47ade49a9  ??  artifacts/rust-tauri/R05/RR1/INDEPENDENT-9/verify-R05/R04_REGRESSION/R04_MATRIX/cases/a16-alias-route-covered.json
506ae3c069a2a967546a4ca114bf3e15abac6ebcdb0f7e35b359b12c1cde92b5  ??  artifacts/rust-tauri/R05/RR1/INDEPENDENT-9/verify-R05/R04_REGRESSION/R04_MATRIX/cases/a16-history-preserved.json
901361017912bc20e016d13a2a4f8d701ddee123481ac52c440c176b6d9510aa  ??  artifacts/rust-tauri/R05/RR1/INDEPENDENT-9/verify-R05/R04_REGRESSION/R04_MATRIX/cases/approval-answer-executes-once.json
bd45162c41ae2eec362f6f35bc50015ae2a8266f70ce5f91d5c45e5ad8053270  ??  artifacts/rust-tauri/R05/RR1/INDEPENDENT-9/verify-R05/R04_REGRESSION/R04_MATRIX/cases/approval-duplicate-idempotent.json
bababcc7f3e64579d35c9259a419a674630e4e549217be76c41f04eda4f0bcdc  ??  artifacts/rust-tauri/R05/RR1/INDEPENDENT-9/verify-R05/R04_REGRESSION/R04_MATRIX/cases/approval-reject-zero-dispatch.json
20fd6bee69494fece169e2b99ea1e3085ddffbb071d88ebc23f7dcaeb412c721  ??  artifacts/rust-tauri/R05/RR1/INDEPENDENT-9/verify-R05/R04_REGRESSION/R04_MATRIX/cases/catalog-face-lists-mcp-tools-with-permission.json
a6740bd82388993cca6d0b79d294334e6ad84438d23b819303e84cb2670999df  ??  artifacts/rust-tauri/R05/RR1/INDEPENDENT-9/verify-R05/R04_REGRESSION/R04_MATRIX/cases/future-tool-shape-ast_edit-discoverable-not-callable.json
821137c4819111c5cab65e31fe33146b843d4bc963a7ae66bf3c6139aab4dc68  ??  artifacts/rust-tauri/R05/RR1/INDEPENDENT-9/verify-R05/R04_REGRESSION/R04_MATRIX/cases/future-tool-shape-ast_grep-discoverable-not-callable.json
9827cfcbf4ea963126bc89e02f8247506844fc54c5a0d9086547106cafdcdefd  ??  artifacts/rust-tauri/R05/RR1/INDEPENDENT-9/verify-R05/R04_REGRESSION/R04_MATRIX/cases/future-tool-shape-file-discoverable-not-callable.json
cb8e2db3b924a24b0bf8d611b22015f3a2a10ccc3f6ee16a819bc9388379c7f3  ??  artifacts/rust-tauri/R05/RR1/INDEPENDENT-9/verify-R05/R04_REGRESSION/R04_MATRIX/cases/future-tool-shape-find-discoverable-not-callable.json
1c192846cc1d07ba6864e5dd594b97a48f402ab5519fca2040ecc7edc3d3fd02  ??  artifacts/rust-tauri/R05/RR1/INDEPENDENT-9/verify-R05/R04_REGRESSION/R04_MATRIX/cases/future-tool-shape-grep-discoverable-not-callable.json
bbe14f10f21cc0a2c306c3554804930c3bf5b13c66b6b90cf1c79b465e394c3b  ??  artifacts/rust-tauri/R05/RR1/INDEPENDENT-9/verify-R05/R04_REGRESSION/R04_MATRIX/cases/future-tool-shape-ls-discoverable-not-callable.json
a9b97d5170fb12a3359bdde03aa8fdfc8fe089399cd5f1dc3810dacaf5ac5653  ??  artifacts/rust-tauri/R05/RR1/INDEPENDENT-9/verify-R05/R04_REGRESSION/R04_MATRIX/cases/future-tool-shape-lsp-discoverable-not-callable.json
6bc884d530bd7615a63e4dd9241155689273f4f9c70ccc044e2d91afc8eba4f1  ??  artifacts/rust-tauri/R05/RR1/INDEPENDENT-9/verify-R05/R04_REGRESSION/R04_MATRIX/cases/future-tool-shape-materialize-discoverable-not-callable.json
5904c81036b270e82834b8084ca4b8b9b4492957d7d3ac5a83328f9bdc84b538  ??  artifacts/rust-tauri/R05/RR1/INDEPENDENT-9/verify-R05/R04_REGRESSION/R04_MATRIX/cases/future-tool-shape-run_code-discoverable-not-callable.json
c9d67aa6d2f3fce41a3a011e42ac47399824eae28c54e2b89cf0bdae0dbf8052  ??  artifacts/rust-tauri/R05/RR1/INDEPENDENT-9/verify-R05/R04_REGRESSION/R04_MATRIX/cases/future-tool-shape-security_scan-discoverable-not-callable.json
6cf1880613144cb8b359bd1c195f561f79c42836315ec94767b2336f24a9b783  ??  artifacts/rust-tauri/R05/RR1/INDEPENDENT-9/verify-R05/R04_REGRESSION/R04_MATRIX/cases/future-tool-shape-stage_files-discoverable-not-callable.json
87164a841282a81c7b614451f88f157e89c03336043524a16637aa848d201f59  ??  artifacts/rust-tauri/R05/RR1/INDEPENDENT-9/verify-R05/R04_REGRESSION/R04_MATRIX/cases/gateway-each-call-independent-permission.json
7d3631b38221c7c56e5b77793921c4de3ab067e7097d1c77131e73a3dadb0ce5  ??  artifacts/rust-tauri/R05/RR1/INDEPENDENT-9/verify-R05/R04_REGRESSION/R04_MATRIX/cases/matrix-lifecycle-disable-holes.json
52e2294d2db41ba60884ca74bedd63d9e196def8ea43623c327cf7579c72e6e0  ??  artifacts/rust-tauri/R05/RR1/INDEPENDENT-9/verify-R05/R04_REGRESSION/R04_MATRIX/cases/matrix-lifecycle-generation-refusals.json
710d96abbd53795e2f40639001eee2454a6ce7e5a285c883f9cd62f1b58ebda9  ??  artifacts/rust-tauri/R05/RR1/INDEPENDENT-9/verify-R05/R04_REGRESSION/R04_MATRIX/cases/matrix-lifecycle-uninstall-holes.json
23c16612d569bb60e563215b453c022203ab19f05298ce7c9a3fc080da10b7d2  ??  artifacts/rust-tauri/R05/RR1/INDEPENDENT-9/verify-R05/R04_REGRESSION/R04_MATRIX/cases/matrix-permission-consistency.json
d475fb8c9114bfdf95de5cc202da903bf354241d13f071bce870d8ba2502fd60  ??  artifacts/rust-tauri/R05/RR1/INDEPENDENT-9/verify-R05/R04_REGRESSION/R04_MATRIX/cases/matrix-route-consistency.json
2b451a4a1fd773fba2e107116235dd5f28a06d104c7f7450f221f662510fc070  ??  artifacts/rust-tauri/R05/RR1/INDEPENDENT-9/verify-R05/R04_REGRESSION/R04_MATRIX/cases/matrix-tool-family-count.json
1e442f90436b22848aeb3329ce35c020def0d74ba7d6bbc49eb983573e8e708d  ??  artifacts/rust-tauri/R05/RR1/INDEPENDENT-9/verify-R05/R04_REGRESSION/R04_MATRIX/cases/mcp-connector-catalog-sync.json
02be7eb700e551cb0a000177a0e033872c65ad8b5ef7f46d66c014ecf3fb7150  ??  artifacts/rust-tauri/R05/RR1/INDEPENDENT-9/verify-R05/R04_REGRESSION/R04_MATRIX/cases/mcp-connector-register-handshake.json
905e6508c4c99929579667bd3184014916a117d7522917621f1aea839bdd039e  ??  artifacts/rust-tauri/R05/RR1/INDEPENDENT-9/verify-R05/R04_REGRESSION/R04_MATRIX/cases/mcp-describe-real-identity.json
42c719e1d9f2fdae556b08414f6facea228b729210f804971fb1f41772e1ec5f  ??  artifacts/rust-tauri/R05/RR1/INDEPENDENT-9/verify-R05/R04_REGRESSION/R04_MATRIX/cases/mcp-search-namespaced.json
dfbc531d38332ae34bc27eef48d7c96103f6f7b0cf55e51377608e95deffabc9  ??  artifacts/rust-tauri/R05/RR1/INDEPENDENT-9/verify-R05/R04_REGRESSION/R04_MATRIX/cases/mcp-tool-call-full-chain.json
916eba77e6c3a4f9a8bf58bdf3a14d110fe9b75b22aa316ce7a47412c013fa04  ??  artifacts/rust-tauri/R05/RR1/INDEPENDENT-9/verify-R05/R04_REGRESSION/R04_MATRIX/cases/mcp-tool-permission-face.json
c3f30127a40dfa980a32479cec6547074c067a4d8cd61e858b0aa7dc095455b3  ??  artifacts/rust-tauri/R05/RR1/INDEPENDENT-9/verify-R05/R04_REGRESSION/R04_MATRIX/cases/permission-face-modes-verifiable.json
c51a56cfdce860c73de8e015f088d38b31bbf8e373a0dc6e1c8e43f9b5f80a2c  ??  artifacts/rust-tauri/R05/RR1/INDEPENDENT-9/verify-R05/R04_REGRESSION/R04_MATRIX/cases/preauthorization-single-session-scoped.json
eefd602104c2c290f3a2704acec9cf3923cbf072e0e9ac1e5dad4b1103794f05  ??  artifacts/rust-tauri/R05/RR1/INDEPENDENT-9/verify-R05/R04_REGRESSION/R04_MATRIX/cases/semantics-cancel-leaves-no-fabricated-receipt.json
1c8fced2b48030b05d00ab397c3aa0470c4f068287f841b1c7e53778b43e038d  ??  artifacts/rust-tauri/R05/RR1/INDEPENDENT-9/verify-R05/R04_REGRESSION/R04_MATRIX/cases/semantics-failed-never-dispatched-receipt.json
220379bb262285fad8e6314d35a23f12ba26fcb0e501fe2431141c1a4d28a5a2  ??  artifacts/rust-tauri/R05/RR1/INDEPENDENT-9/verify-R05/R04_REGRESSION/R04_MATRIX/cases/semantics-success-receipt-dispatched.json
8337cc9f0c6c3a4eeb0b4beb6ff1d93acd40878d92c9f16c4649942469017888  ??  artifacts/rust-tauri/R05/RR1/INDEPENDENT-9/verify-R05/R04_REGRESSION/R04_MATRIX/cases/semantics-unknown-receipt-honest.json
cb89e56a59ac812a63576832232489b328ac7abf8041df762e7b1af1e2caa95d  ??  artifacts/rust-tauri/R05/RR1/INDEPENDENT-9/verify-R05/R04_REGRESSION/R04_MATRIX/cases/sup01-ask-subagent-write-refused.json
1b21930f6737d6935a82328d4afb7b4fd7b439c107b48d01b29e4cdfa7399015  ??  artifacts/rust-tauri/R05/RR1/INDEPENDENT-9/verify-R05/R04_REGRESSION/R04_MATRIX/cases/terminal-close-stops-terminal.json
59095540a473b474ab918f20eb08986f6bbb6cbfd08c49b9810963ae37407de5  ??  artifacts/rust-tauri/R05/RR1/INDEPENDENT-9/verify-R05/R04_REGRESSION/R04_MATRIX/cases/terminal-snapshot-current-transcript.json
004a41eae978391bad56ebe5c3e6d2ced1a2c02eda01a37f79abc8867cb5a063  ??  artifacts/rust-tauri/R05/RR1/INDEPENDENT-9/verify-R05/R04_REGRESSION/R04_MATRIX/cases/terminal-tail-cursor-continuation.json
16870fec4c31cd9e67e56d3328c74d20f9213a2e96113c28be3d7f7fe0d28979  ??  artifacts/rust-tauri/R05/RR1/INDEPENDENT-9/verify-R05/R04_REGRESSION/R04_MATRIX/cases/tool-edit-conflict-preserves-user-version.json
bb810a38ce8bfbcafc0d64e1fc2831a08e952dfdc4a057fd99166ef589df1032  ??  artifacts/rust-tauri/R05/RR1/INDEPENDENT-9/verify-R05/R04_REGRESSION/R04_MATRIX/cases/tool-edit-real-chain.json
bec2c6d085918085fb7eb01f8ec54ea53681b68aa489b59bc0a8e9b272c5c02e  ??  artifacts/rust-tauri/R05/RR1/INDEPENDENT-9/verify-R05/R04_REGRESSION/R04_MATRIX/cases/tool-exec-cancel-cleanup.json
c0341bc7ba746aaa51754e5650264b1d7d55e93d55ea2a03df67769834825bcc  ??  artifacts/rust-tauri/R05/RR1/INDEPENDENT-9/verify-R05/R04_REGRESSION/R04_MATRIX/cases/tool-exec-command-real-chain.json
e990fcd2da49cb923f667ea1714cfea3f69c8f3bd0002416761b93ab35d87ec3  ??  artifacts/rust-tauri/R05/RR1/INDEPENDENT-9/verify-R05/R04_REGRESSION/R04_MATRIX/cases/tool-read-real-chain.json
ea288f832ccf584b20e6d0ef80d0116568fd2c989aff55d985adce98266f5f62  ??  artifacts/rust-tauri/R05/RR1/INDEPENDENT-9/verify-R05/R04_REGRESSION/R04_MATRIX/cases/tool-write-real-chain.json
52e2d9bbf2b9890f5b4d03bf7c27cfb6c82322790e254fc813b47b7f093d939f  ??  artifacts/rust-tauri/R05/RR1/INDEPENDENT-9/verify-R05/R04_REGRESSION/R04_MATRIX/cases/tool-write-stdin-continuation.json
83f514b83ad20e51f11205b345ebcce85d4423a69379cb2a9804c8ceaf07a027  ??  artifacts/rust-tauri/R05/RR1/INDEPENDENT-9/verify-R05/R04_REGRESSION/R04_MATRIX/cases/tool-write-stdin-foreign-writes.json
1cc024df956cc9661cc7d2c4a1c97c95e41c1c6b653fe7e29b59ab5bf8838de9  ??  artifacts/rust-tauri/R05/RR1/INDEPENDENT-9/verify-R05/R04_REGRESSION/R04_MATRIX/integration.log
c471fa08013c67ab99fb67a5e4e430f83cfc349758cdc601fb53e35b1ee28397  ??  artifacts/rust-tauri/R05/RR1/INDEPENDENT-9/verify-R05/R04_REGRESSION/R04_MATRIX/leaf-cases.json
1dbc5972065a848f6d2d8456df0891660c2c695ca72f24c3d4bd7fde395b462e  ??  artifacts/rust-tauri/R05/RR1/INDEPENDENT-9/verify-R05/R04_REGRESSION/R04_MATRIX/matrix-counts.json
4d427e411d4094175bda8b798c0114af4830967a0acf48fd27ee7f9e11c1fd46  ??  artifacts/rust-tauri/R05/RR1/INDEPENDENT-9/verify-R05/R04_REGRESSION/R04_MATRIX/summary.txt
e3b0c44298fc1c149afbf4c8996fb92427ae41e4649b934ca495991b7852b855  ??  artifacts/rust-tauri/R05/RR1/INDEPENDENT-9/verify-R05/R04_REGRESSION/check_boundaries/stderr.log
d99ada8df8ff7853d02908eb6bb04adfa1e06d15fa8e1af10a9ecaa46d7ca330  ??  artifacts/rust-tauri/R05/RR1/INDEPENDENT-9/verify-R05/R04_REGRESSION/check_boundaries/stdout.log
e3b0c44298fc1c149afbf4c8996fb92427ae41e4649b934ca495991b7852b855  ??  artifacts/rust-tauri/R05/RR1/INDEPENDENT-9/verify-R05/R04_REGRESSION/check_contracts/stderr.log
77d04b64918ac301d220d57419c8429e7c37471a5f4caaeb0765e11e1987fe9a  ??  artifacts/rust-tauri/R05/RR1/INDEPENDENT-9/verify-R05/R04_REGRESSION/check_contracts/stdout.log
c2a668ae1b46c1896e7e4afdbb670098876033c01d6bde731a87f6b0b86ee0e8  ??  artifacts/rust-tauri/R05/RR1/INDEPENDENT-9/verify-R05/R04_REGRESSION/r03_regression_gate/stderr.log
1805b12359605e3e04bead4a71cbe7ea6418cc375c4bdfd55b4dcc880db53bd4  ??  artifacts/rust-tauri/R05/RR1/INDEPENDENT-9/verify-R05/R04_REGRESSION/r03_regression_gate/stdout.log
e3b0c44298fc1c149afbf4c8996fb92427ae41e4649b934ca495991b7852b855  ??  artifacts/rust-tauri/R05/RR1/INDEPENDENT-9/verify-R05/R04_REGRESSION/r04_tool_matrix/stderr.log
5c4ed8f84828eb9b197cfd4bf0b652fe5a2f9a0dd936c8bd9a4f80e7fcb52321  ??  artifacts/rust-tauri/R05/RR1/INDEPENDENT-9/verify-R05/R04_REGRESSION/r04_tool_matrix/stdout.log
732186322402325172940531d8d6d7cfac85dc902585b2bef6715ad6839dacfd  ??  artifacts/rust-tauri/R05/RR1/INDEPENDENT-9/verify-R05/R04_REGRESSION/rust_clippy/stderr.log
e3b0c44298fc1c149afbf4c8996fb92427ae41e4649b934ca495991b7852b855  ??  artifacts/rust-tauri/R05/RR1/INDEPENDENT-9/verify-R05/R04_REGRESSION/rust_clippy/stdout.log
e3b0c44298fc1c149afbf4c8996fb92427ae41e4649b934ca495991b7852b855  ??  artifacts/rust-tauri/R05/RR1/INDEPENDENT-9/verify-R05/R04_REGRESSION/rust_fmt/stderr.log
e3b0c44298fc1c149afbf4c8996fb92427ae41e4649b934ca495991b7852b855  ??  artifacts/rust-tauri/R05/RR1/INDEPENDENT-9/verify-R05/R04_REGRESSION/rust_fmt/stdout.log
3774261449a0d652ff75c83de456736789eacc12480a611db32ee47f31e58f71  ??  artifacts/rust-tauri/R05/RR1/INDEPENDENT-9/verify-R05/R04_REGRESSION/rust_test_workspace/stderr.log
fd0d0b1544c6295672e5c4274f825ca49c173457386b46859133e35fd176dddf  ??  artifacts/rust-tauri/R05/RR1/INDEPENDENT-9/verify-R05/R04_REGRESSION/rust_test_workspace/stdout.log
3d501a2688d0d0cb3a9ecbefa95804fba54023d5c73782dbbda9f55867342e49  ??  artifacts/rust-tauri/R05/RR1/INDEPENDENT-9/verify-R05/R05_SUITES/adp_r05_t02_oauth_flows.log
eb0802c652a45367c176a4ee8fbb9dce123b4199ad91de02ecf9d32c2bca2190  ??  artifacts/rust-tauri/R05/RR1/INDEPENDENT-9/verify-R05/R05_SUITES/adp_r05_t03_goldens.log
2225dc04c76ad870614cc3c125ca362470473e01f625008fc3df08314f165d5b  ??  artifacts/rust-tauri/R05/RR1/INDEPENDENT-9/verify-R05/R05_SUITES/adp_r05_t03_rr1_replay.log
547dcc9049d0bd8cb08ca15ad9b5865161d961faff36b251b0656262d7143a80  ??  artifacts/rust-tauri/R05/RR1/INDEPENDENT-9/verify-R05/R05_SUITES/adp_r05_t04_rr1_batch_terminal.log
3871ba5412c66241ec8774c3475d71f173298104ca2f21a3ccd46e29a260ef27  ??  artifacts/rust-tauri/R05/RR1/INDEPENDENT-9/verify-R05/R05_SUITES/adp_r05_t04_streaming.log
60eb5afe0fb2102ed984c1d3a15e4d4a39a158bcc376e8dc4141677f65e6cd71  ??  artifacts/rust-tauri/R05/RR1/INDEPENDENT-9/verify-R05/R05_SUITES/adp_r05_t05_compat.log
e691f94546537c57fc25020e469fe8316b56988d2203f0190621415f4c05f02f  ??  artifacts/rust-tauri/R05/RR1/INDEPENDENT-9/verify-R05/R05_SUITES/adp_r05_t05_timeouts.log
fe1346a544ea01b58ba774327a8fa6ee03c2e728aee1663c208d9a1e37b451ef  ??  artifacts/rust-tauri/R05/RR1/INDEPENDENT-9/verify-R05/R05_SUITES/adp_r05_t06_operations.log
c487f3e4460af9461e85840b7025b6ed1019636d4491665fcbacb9a6ef879bc9  ??  artifacts/rust-tauri/R05/RR1/INDEPENDENT-9/verify-R05/R05_SUITES/adp_r05_t07_rr1_usage_strict.log
84a74839cfb1a3252d86ab2f01941e9e0a82ebd53882984402b0fc66e3384d6b  ??  artifacts/rust-tauri/R05/RR1/INDEPENDENT-9/verify-R05/R05_SUITES/adp_r05_t07_usage_families.log
d46bec26098aeb2f07c6aefd7adf57bb43907a9e1e9db580e8bc959f625807e2  ??  artifacts/rust-tauri/R05/RR1/INDEPENDENT-9/verify-R05/R05_SUITES/build.log
6aefddb41f6411cce395526e68100a0c6c181e275640e90040a136e81ce7e667  ??  artifacts/rust-tauri/R05/RR1/INDEPENDENT-9/verify-R05/R05_SUITES/cases.jsonl
6d82a40a36eedb2f590c5cf43e89d3c1c5fef075856729899cd2fdbed06bb479  ??  artifacts/rust-tauri/R05/RR1/INDEPENDENT-9/verify-R05/R05_SUITES/cid-table.txt
c48725de8e9f2875874d6449c71c221e468bde6022496d79d15b677d1c2b809b  ??  artifacts/rust-tauri/R05/RR1/INDEPENDENT-9/verify-R05/R05_SUITES/f27-resource-series.json
e3b0c44298fc1c149afbf4c8996fb92427ae41e4649b934ca495991b7852b855  ??  artifacts/rust-tauri/R05/RR1/INDEPENDENT-9/verify-R05/R05_SUITES/gaps.txt
2f3216ea5b16cfd846720038796f1bc6c22c6dca25bd6203810290e30967a60b  ??  artifacts/rust-tauri/R05/RR1/INDEPENDENT-9/verify-R05/R05_SUITES/leaf-cases.json
7694ddf8c204f502e3a8f2e18b11f0881370a7e2899512831fff23395b415662  ??  artifacts/rust-tauri/R05/RR1/INDEPENDENT-9/verify-R05/R05_SUITES/lib-adapters_models__anthropic_messages__tests__cross_family_opaque_state_is_never_echoed.log
f8512378a856079279764addc43e98ca4b796290c7901533749c6642c7950565  ??  artifacts/rust-tauri/R05/RR1/INDEPENDENT-9/verify-R05/R05_SUITES/lib-adapters_models__anthropic_messages__tests__thinking_and_signature_roundtrip_as_state_never_text.log
326da783e5ad8d063019b63790d63b285080d9f8373ffb829503b4ed29304894  ??  artifacts/rust-tauri/R05/RR1/INDEPENDENT-9/verify-R05/R05_SUITES/lib-adapters_models__compat__tests__anthropic_marks_system_and_two_recent_user_messages.log
15f46f251daa2a3e6f16551791cd66660c0373c869b0f9d9f822e961ac83fcea  ??  artifacts/rust-tauri/R05/RR1/INDEPENDENT-9/verify-R05/R05_SUITES/lib-adapters_models__compat__tests__anthropic_max_effort_raises_the_implicit_one_third_cap.log
f04dd17779b28a373c05ea08011ac01ad80bdf77f3a2663488fb876c71ba2f79  ??  artifacts/rust-tauri/R05/RR1/INDEPENDENT-9/verify-R05/R05_SUITES/lib-adapters_models__compat__tests__codex_strips_budget_and_temperature_fields.log
384bb819b3f668b2bd8e472d38f592001dfc851f82949cfa20896d667611efda  ??  artifacts/rust-tauri/R05/RR1/INDEPENDENT-9/verify-R05/R05_SUITES/lib-adapters_models__compat__tests__dispatch_is_first_match_in_incumbent_order.log
80e6f9cb1a577ff8e1042d1233504551ad5b44b8cd4cd9bfd9eab2842c860853  ??  artifacts/rust-tauri/R05/RR1/INDEPENDENT-9/verify-R05/R05_SUITES/lib-adapters_models__compat__tests__ollama_bridges_response_format_and_num_ctx.log
62e3e2be280361e7b70c077157e7135767892907411f5a83e7bc309da0e4d29f  ??  artifacts/rust-tauri/R05/RR1/INDEPENDENT-9/verify-R05/R05_SUITES/lib-adapters_models__compat__tests__openrouter_adaptive_disable_is_a_loud_refusal.log
f2981f001f84328262658758eda00e24237b324d6adf7a14ee0ecb4c4fa64c48  ??  artifacts/rust-tauri/R05/RR1/INDEPENDENT-9/verify-R05/R05_SUITES/lib-adapters_models__compat__tests__volcengine_disable_guard_passes_through_without_controls.log
31c5a76aea30a7de2664f0155cafe23185966aa697a4827aab3fd33313c671c2  ??  artifacts/rust-tauri/R05/RR1/INDEPENDENT-9/verify-R05/R05_SUITES/lib-adapters_models__config__tests__credential_is_explicit_and_never_defaulted.log
4b40bd067651418a154bccc89ed6fbe72b72ee74bd6cd698037b8124c7637fe6  ??  artifacts/rust-tauri/R05/RR1/INDEPENDENT-9/verify-R05/R05_SUITES/lib-adapters_models__dispatch__tests__error_status_classification_matches_the_incumbent.log
793a8e4846352d6e9f94066d003ff2d1044394c6121b4c0c7e6b0f9715a2624e  ??  artifacts/rust-tauri/R05/RR1/INDEPENDENT-9/verify-R05/R05_SUITES/lib-adapters_models__egress__tests__guarded_ipv4_literals_refuse_outside_the_endpoint_exception.log
9ccd3138290f09e04c3566942d6de4ea39cad792511412351ed82ed00f243aa9  ??  artifacts/rust-tauri/R05/RR1/INDEPENDENT-9/verify-R05/R05_SUITES/lib-adapters_models__egress__tests__https_public_passes_and_plain_http_is_same_origin_only.log
90298ccc664921bbdd7c5c15146130e60b33e1ef69fe134234397d9620c8006d  ??  artifacts/rust-tauri/R05/RR1/INDEPENDENT-9/verify-R05/R05_SUITES/lib-adapters_models__egress__tests__ipv4_parsing_is_strict_and_default_ports_elide.log
a71be0aed9774464df744ca10ba7dcd8a0cef4d952f96f45fd5e2caf95be70bd  ??  artifacts/rust-tauri/R05/RR1/INDEPENDENT-9/verify-R05/R05_SUITES/lib-adapters_models__egress__tests__scheme_userinfo_and_host_shapes_refuse.log
7fac4804ca8b71ec9b2f1d0b68007acd8b733fec6b74368a9a3e86662c4f2dbc  ??  artifacts/rust-tauri/R05/RR1/INDEPENDENT-9/verify-R05/R05_SUITES/lib-adapters_models__egress__tests__the_endpoint_origin_exception_lets_the_loopback_stub_through.log
a5ceac746939a46d8042dea3e921422681d52bf7d594f8f27b54f26c05e4bb58  ??  artifacts/rust-tauri/R05/RR1/INDEPENDENT-9/verify-R05/R05_SUITES/lib-adapters_models__gateway__tests__a_family_outside_the_operations_matrix_is_loud.log
e7e48e8d67f839fc5e7327e2785b395b345005a354ab3800652984269364c30f  ??  artifacts/rust-tauri/R05/RR1/INDEPENDENT-9/verify-R05/R05_SUITES/lib-adapters_models__gateway__tests__chat_and_auxiliary_routes_resolve_independently.log
677f413eb13859d82ac9c1b39b32657749556addb28b668d13ddab93c8cfd32f  ??  artifacts/rust-tauri/R05/RR1/INDEPENDENT-9/verify-R05/R05_SUITES/lib-adapters_models__gateway__tests__reload_swaps_atomically_and_bumps_the_generation.log
ffc52b643a5c36d711f4506358d813269910583b2357074bb747a8fd09ddfc28  ??  artifacts/rust-tauri/R05/RR1/INDEPENDENT-9/verify-R05/R05_SUITES/lib-adapters_models__gateway__tests__the_pin_pair_rule_never_guesses_a_provider_from_a_model.log
803e60684e47f92b72ce006e2de369d877d2242b1fa5242da7736c5d2e6fd1c6  ??  artifacts/rust-tauri/R05/RR1/INDEPENDENT-9/verify-R05/R05_SUITES/lib-adapters_models__gateway__tests__unconfigured_operations_are_loud_route_gaps.log
da407ee702dc5d8d4bdfa7a79cd1d0cafab0f3cdfe0b4fa361124064c911474c  ??  artifacts/rust-tauri/R05/RR1/INDEPENDENT-9/verify-R05/R05_SUITES/lib-adapters_models__google_generative_ai__tests__thoughts_signatures_and_function_calls_parse_in_order.log
f8f99ffb3d477d4447c952503e6d5ab9c6b728a1e6da0814a27c5eb5b9d8e75e  ??  artifacts/rust-tauri/R05/RR1/INDEPENDENT-9/verify-R05/R05_SUITES/lib-adapters_models__openai_codex_responses__tests__codex_body_pins_store_stream_and_instructions.log
67bf042e78e5ee24404412afeb8e48b866066a28c0bbdcfa215824875d7977cb  ??  artifacts/rust-tauri/R05/RR1/INDEPENDENT-9/verify-R05/R05_SUITES/lib-adapters_models__openai_completions__tests__a_history_target_missing_from_the_snapshot_fails_loudly.log
314600a86b774f0605f831eb25db1d35a15a2691ca9b147a9e26b3ea2e1bac53  ??  artifacts/rust-tauri/R05/RR1/INDEPENDENT-9/verify-R05/R05_SUITES/lib-adapters_models__openai_completions__tests__final_answer_identity_comes_from_the_driver_not_the_response.log
84d7385f0a02eca3010b5b48698d36f29e7381121c298a7c02498490edc9e585  ??  artifacts/rust-tauri/R05/RR1/INDEPENDENT-9/verify-R05/R05_SUITES/lib-adapters_models__openai_completions__tests__parses_tool_calls_with_usage_and_identity_from_the_driver.log
83d00c94de4fe66057ef46f661a065973afeedbc259fd064fd996779cc405032  ??  artifacts/rust-tauri/R05/RR1/INDEPENDENT-9/verify-R05/R05_SUITES/lib-adapters_models__openai_completions__tests__unknown_wire_names_are_protocol_violations_never_guesses.log
971c6c6713439272cf28c34df3d64a06b1be7c8875a592d6787bdd62e0c26d2a  ??  artifacts/rust-tauri/R05/RR1/INDEPENDENT-9/verify-R05/R05_SUITES/lib-adapters_models__openai_responses__tests__reasoning_items_roundtrip_verbatim_with_summary_as_reasoning.log
74df78d288d46657d5341c2cb27124842c1ac4497cbe4d46273ea921ece660e8  ??  artifacts/rust-tauri/R05/RR1/INDEPENDENT-9/verify-R05/R05_SUITES/lib-adapters_models__openai_responses__tests__request_shape_instructions_tools_and_no_server_state.log
141d2423fc148ce10356bc36bf26970c7afac46705a039833cdf7e602149a146  ??  artifacts/rust-tauri/R05/RR1/INDEPENDENT-9/verify-R05/R05_SUITES/lib-adapters_models__streaming__tests__a_leading_bom_is_stripped_once.log
660ff7ac048b8db3f2bf6cfe74d02b60451c676f5a5cf43d1176ad5492916cb0  ??  artifacts/rust-tauri/R05/RR1/INDEPENDENT-9/verify-R05/R05_SUITES/lib-adapters_models__streaming__tests__comments_and_id_and_retry_fields_are_ignored.log
cb168175cbe695bc92e8c9a45c7e311a616193bc73904670f00c3a7d9eafb26c  ??  artifacts/rust-tauri/R05/RR1/INDEPENDENT-9/verify-R05/R05_SUITES/lib-adapters_models__streaming__tests__multi_line_data_joins_and_chunks_may_split_anywhere.log
93aa7e8e22e0e98efcf73bfcc0a1bbc59da886169094dbca4b0ae6defe86e445  ??  artifacts/rust-tauri/R05/RR1/INDEPENDENT-9/verify-R05/R05_SUITES/lib-adapters_models__streaming__tests__simple_frames_dispatch_on_blank_lines.log
55c4757e4d4dbbbd61c1ecd3af53d041c7b059c1fcd440c803efe110da917aaf  ??  artifacts/rust-tauri/R05/RR1/INDEPENDENT-9/verify-R05/R05_SUITES/lib-adapters_models__streaming__tests__the_buffer_bound_is_loud.log
2674b731e16bbdb0f83a33f078d528fa3a1d45b65d238ace9e65bcf34078f95c  ??  artifacts/rust-tauri/R05/RR1/INDEPENDENT-9/verify-R05/R05_SUITES/lib-adapters_models__streaming__tests__the_per_frame_bound_is_loud_across_lines_and_chunks.log
8fc6e4c1ce5b20caac55c3f5ecdb45a44241dd5d0477ed07b4a993ed878c9540  ??  artifacts/rust-tauri/R05/RR1/INDEPENDENT-9/verify-R05/R05_SUITES/lib-adapters_models__tool_render__tests__running_and_stop_unconfirmed_statuses_are_honest.log
5fe11fcabd159dafdead3bc3c393c119f40bbfdfc787a660577c48c31805a933  ??  artifacts/rust-tauri/R05/RR1/INDEPENDENT-9/verify-R05/R05_SUITES/lib-adapters_models__tool_render__tests__success_renders_resources_status_and_truncation_last.log
61f8625c09e8ac3b6709bde2b8317da9af5326203dd64894c78d34b4040e57c1  ??  artifacts/rust-tauri/R05/RR1/INDEPENDENT-9/verify-R05/R05_SUITES/lib-adapters_models__tool_render__tests__the_four_base_states_keep_the_t01_vocabulary.log
8ffbfa1c4c528665b954b91bc9dd14e0b6d87f466d552191a6ec460104b0be43  ??  artifacts/rust-tauri/R05/RR1/INDEPENDENT-9/verify-R05/R05_SUITES/lib-kernel_model_exchange__tests__empty_snapshot_is_generation_zero.log
c978da80433e0cd50a247fa6dec036691f8887cf92649bc0fa1245676a721375  ??  artifacts/rust-tauri/R05/RR1/INDEPENDENT-9/verify-R05/R05_SUITES/lib-kernel_model_exchange__tests__snapshot_declares_only_callable_resident_targets_at_the_pinned_generation.log
4dd245fbc0186b1e1c42e94da4b68df963fd118cb114ca6a018839b22ca3e1e3  ??  artifacts/rust-tauri/R05/RR1/INDEPENDENT-9/verify-R05/R05_SUITES/lib-kernel_model_exchange__tests__wire_name_collisions_resolve_deterministically_or_fail_loudly.log
17c1f23d30ca85acf292e407d4034be02013bedc4c91f450cd6d3fa1d839ebeb  ??  artifacts/rust-tauri/R05/RR1/INDEPENDENT-9/verify-R05/R05_SUITES/lib-kernel_model_exchange__tests__wire_name_sanitization_fits_the_strictest_protocol_face.log
c05af924100204336e16c61b8ee4422b3d580b90c21830584d3de452f0b97666  ??  artifacts/rust-tauri/R05/RR1/INDEPENDENT-9/verify-R05/R05_SUITES/lib-kernel_toolcatalog__tests__aliases_resolve_to_the_authoritative_identity_and_share_permissions.log
296febee497e317bc4329e7d9b368d9a682b6fef7c47738b7a71398307f9b400  ??  artifacts/rust-tauri/R05/RR1/INDEPENDENT-9/verify-R05/R05_SUITES/lib-kernel_toolcatalog__tests__disable_and_uninstall_change_callability_and_generation.log
9552d0fe3bdb843dc8d2dc72af576b5a96b35692bb1e9f6f57db2451e65bda50  ??  artifacts/rust-tauri/R05/RR1/INDEPENDENT-9/verify-R05/R05_SUITES/lib-kernel_toolcatalog__tests__same_name_two_sources_never_overwrites_and_name_only_is_ambiguous.log
ab0324a59ad3200125499cfbb5d41663aa61c666f835992d1ce28a3afd3c7b33  ??  artifacts/rust-tauri/R05/RR1/INDEPENDENT-9/verify-R05/R05_SUITES/lib-kernel_toolcatalog__tests__stale_catalog_generation_refuses_and_requires_refresh.log
2c22823bb5cbe999f5fe3a75e9c84e082e8762c65f466d823c75d8ad7624082c  ??  artifacts/rust-tauri/R05/RR1/INDEPENDENT-9/verify-R05/R05_SUITES/lib-kernel_toolcatalog__tests__update_cannot_change_the_target_identity.log
912afdf77b662c768dbb2f62301f391c38d68863cb92c307297c5a9c571df87b  ??  artifacts/rust-tauri/R05/RR1/INDEPENDENT-9/verify-R05/R05_SUITES/lib-service_credentials__store__tests__a_failed_write_keeps_the_previous_state_and_reports.log
d515922b0bc6901a25ca1076ef4726dee68caac8b49da3d8067dd3a4683e4e84  ??  artifacts/rust-tauri/R05/RR1/INDEPENDENT-9/verify-R05/R05_SUITES/lib-service_credentials__store__tests__a_version_conflict_is_loud.log
5dc07d5ae8d79c94326b66c6430c17d2444f17c62bf14ffc54bbb73acd041c70  ??  artifacts/rust-tauri/R05/RR1/INDEPENDENT-9/verify-R05/R05_SUITES/lib-service_credentials__store__tests__missing_file_loads_empty_and_round_trips.log
5281fcf1e90e2f053ed6dd14b88ec5c98d6802746f04d102b5acdf49a4939aaf  ??  artifacts/rust-tauri/R05/RR1/INDEPENDENT-9/verify-R05/R05_SUITES/lib-service_credentials__store__tests__unknown_fields_survive_a_write.log
6f7dc77b167b8b6511d9252dceb72f2be4544ebaa5a46af70fdc1141a3071f72  ??  artifacts/rust-tauri/R05/RR1/INDEPENDENT-9/verify-R05/R05_SUITES/lib-service_credentials__tests__a_cancelled_waiter_does_not_disturb_the_flight.log
1987e77f635bdf6f3803d3481fc5f727c888b985a4bcf4f3ec78da5ee0279afa  ??  artifacts/rust-tauri/R05/RR1/INDEPENDENT-9/verify-R05/R05_SUITES/lib-service_credentials__tests__a_reload_replacing_the_cell_discards_the_late_writeback.log
a5b5bf60565e20602b451b44abe76caff57afd445235c009a96b9ad7e1b1c218  ??  artifacts/rust-tauri/R05/RR1/INDEPENDENT-9/verify-R05/R05_SUITES/lib-service_credentials__tests__a_rotated_credential_is_reused_without_a_second_refresh.log
3fe27a5a67dcb023e6bd1f48f8957aabb0aff588d41d2f598f6a0783858252fa  ??  artifacts/rust-tauri/R05/RR1/INDEPENDENT-9/verify-R05/R05_SUITES/lib-service_credentials__tests__an_expired_handle_is_refused.log
1fcc2a047086cc2f3f54e8c4d259259d7ddd7b61332503a44965d28cd814558f  ??  artifacts/rust-tauri/R05/RR1/INDEPENDENT-9/verify-R05/R05_SUITES/lib-service_credentials__tests__concurrent_401s_merge_into_one_refresh.log
561e78bb0b57745369b0713fb9f2f1203372c821a9e999a8b816100c057dc66f  ??  artifacts/rust-tauri/R05/RR1/INDEPENDENT-9/verify-R05/R05_SUITES/lib-service_credentials__tests__forged_handles_and_provider_references_are_refused.log
672011018192516616e6e31c9272b16b7860f8ea12a7b6986519eac0733d37eb  ??  artifacts/rust-tauri/R05/RR1/INDEPENDENT-9/verify-R05/R05_SUITES/lib-service_credentials__tests__handle_refusal_texts_carry_no_material.log
626ca23182536027d8e3966801be4e975de13c296362529161517116792a0f25  ??  artifacts/rust-tauri/R05/RR1/INDEPENDENT-9/verify-R05/R05_SUITES/lib-service_credentials__tests__resolve_refreshes_at_most_once_when_a_one_second_grant_dies_in_transit.log
444ac8e1e8735871005a9eb9f8fb6b8d7c7fa930fdbce6aaf27e551618e4f246  ??  artifacts/rust-tauri/R05/RR1/INDEPENDENT-9/verify-R05/R05_SUITES/lib-service_credentials__tests__resolve_refreshes_at_most_once_when_every_mint_is_already_expired.log
cd3353f7affe9ec5ffa517c072764f16973c49cf1cc27e0bb7c925657a585788  ??  artifacts/rust-tauri/R05/RR1/INDEPENDENT-9/verify-R05/R05_SUITES/lib-service_credentials__tests__revoke_fences_a_late_writeback.log
935e90bb6b25886037fc4a438749c0056fcf1f05f67f69c10d512edef8944493  ??  artifacts/rust-tauri/R05/RR1/INDEPENDENT-9/verify-R05/R05_SUITES/lib-service_redaction__tests__r05_provider_api_key_shapes_are_redacted.log
f86e907344acc3eef786bf8634de3e748095dcb83dc16a306c81ea13c45b5a60  ??  artifacts/rust-tauri/R05/RR1/INDEPENDENT-9/verify-R05/R05_SUITES/lib-service_redaction__tests__r05_secret_key_words_match_case_insensitively.log
138d719b73194e67bbef19c518608f8f5503ae0ab60f308534f6c01640897845  ??  artifacts/rust-tauri/R05/RR1/INDEPENDENT-9/verify-R05/R05_SUITES/lib-service_redaction__tests__r05_t02_base64_tokens_with_slash_and_padding_are_redacted.log
f230fa002e75d29c18d343fbc36a16ee7c6fffb521743ca250173b93f65af85e  ??  artifacts/rust-tauri/R05/RR1/INDEPENDENT-9/verify-R05/R05_SUITES/pin-table.txt
11c137874bc3297dffbc2e2383a53ea066c02a6a7076604ceda5af4d483edea1  ??  artifacts/rust-tauri/R05/RR1/INDEPENDENT-9/verify-R05/R05_SUITES/r05-cases.json
9e2fc8f4d87f80898517018e710f2b9185d5eb813321e991b8b852423d447358  ??  artifacts/rust-tauri/R05/RR1/INDEPENDENT-9/verify-R05/R05_SUITES/required-cids.txt
f4a6bbffe482991a17e0c5b084224dc59f0dfe2e5f5a5838c4dfd32a9379d38c  ??  artifacts/rust-tauri/R05/RR1/INDEPENDENT-9/verify-R05/R05_SUITES/summary.txt
0a5de13f12bbba00eef31779046f0bba83ed86db09636caa2ef5145edd25cb51  ??  artifacts/rust-tauri/R05/RR1/INDEPENDENT-9/verify-R05/R05_SUITES/svc_r05_t01_binary_wiring.log
8d816ceb02531c0f580b93312ec2a5fe81b65f3babd935a113babeee9d8e2f3f  ??  artifacts/rust-tauri/R05/RR1/INDEPENDENT-9/verify-R05/R05_SUITES/svc_r05_t01_model_plane.log
d8baf2f93cc38d476109fe82a972bdb1e7d1b010534ec13c0855ddc7a0f7fcb9  ??  artifacts/rust-tauri/R05/RR1/INDEPENDENT-9/verify-R05/R05_SUITES/svc_r05_t02_credentials.log
f2a0136aeafac6879ab36c784c4f5cfd951933f012f744b5f8a9d9589360f4bc  ??  artifacts/rust-tauri/R05/RR1/INDEPENDENT-9/verify-R05/R05_SUITES/svc_r05_t03_protocol_adapters.log
785116a1aab8246bcb7ee9a321c121dd597511eaa968a8d2eb7840c2ba25de07  ??  artifacts/rust-tauri/R05/RR1/INDEPENDENT-9/verify-R05/R05_SUITES/svc_r05_t04_streaming.log
f950e524cb79a10b72a9563d417837f8dda75b5917aacc8544c27286879b0753  ??  artifacts/rust-tauri/R05/RR1/INDEPENDENT-9/verify-R05/R05_SUITES/svc_r05_t05_network.log
af4cc9a145c382707f9931cfaf042dc4d0d07ced4ebd4c012f70ffb55a2d9c4e  ??  artifacts/rust-tauri/R05/RR1/INDEPENDENT-9/verify-R05/R05_SUITES/svc_r05_t05_timeouts.log
623fad8c355f6ee43bc71875de92ce9c65be11e2698d182e940d159e496e458f  ??  artifacts/rust-tauri/R05/RR1/INDEPENDENT-9/verify-R05/R05_SUITES/svc_r05_t06_operations.log
a982dbf4839d1b11cf639b617c8a2bf4cfb9fdc5278293ccb4b55023c4cbaa87  ??  artifacts/rust-tauri/R05/RR1/INDEPENDENT-9/verify-R05/R05_SUITES/svc_r05_t06_rr1_media_resource.log
e8f633d934e6c089a12c7129c967b98a964617efc60cd5d7b1c5a3550e7a39b9  ??  artifacts/rust-tauri/R05/RR1/INDEPENDENT-9/verify-R05/R05_SUITES/svc_r05_t06_rr1_system_speech.log
43c0b6dd02da496546d2855f7e05f49f8a141da2e4c9fe2a48057cefda2f34a5  ??  artifacts/rust-tauri/R05/RR1/INDEPENDENT-9/verify-R05/R05_SUITES/svc_r05_t06_worker_model.log
5e4271627903aff696f27e8e180afc46641b1b47d70871124c7bb719e247acea  ??  artifacts/rust-tauri/R05/RR1/INDEPENDENT-9/verify-R05/R05_SUITES/svc_r05_t07_persistence.log
471ff43ab586488c082f88828e1faf630de6c3e28f630230164d70433fba1a18  ??  artifacts/rust-tauri/R05/RR1/INDEPENDENT-9/verify-R05/R05_SUITES/svc_r05_t07_rr1_usage_ledger.log
55b22de0c044f10eaa5e61a9eda390268299ee1839dd80a9a026d1ce9bd9b336  ??  artifacts/rust-tauri/R05/RR1/INDEPENDENT-9/verify-R05/R05_SUITES/svc_r05_t07_usage_trace.log
89040f000ab28b7fcaa516850bc4209b0548758d897f482fc370f2ad5108a35e  ??  artifacts/rust-tauri/R05/RR1/INDEPENDENT-9/verify-R05/R05_SUITES/svc_r05_t08_closed_loop.log
b9dacb6ee842d3ed15af3ac174fb898224777eb233a75586702aaa8582afd24b  ??  artifacts/rust-tauri/R05/RR1/INDEPENDENT-9/verify-R05/R05_SUITES/svc_r05_t08_production_tools.log
07353b665c60d5c8244012d925a328227c5022eaed8ebd81060e3df9009480b6  ??  artifacts/rust-tauri/R05/RR1/INDEPENDENT-9/verify-R05/R05_SUITES/svc_r05_t08_resources.log
e3b0c44298fc1c149afbf4c8996fb92427ae41e4649b934ca495991b7852b855  ??  artifacts/rust-tauri/R05/RR1/INDEPENDENT-9/verify-R05/check_boundaries/stderr.log
d99ada8df8ff7853d02908eb6bb04adfa1e06d15fa8e1af10a9ecaa46d7ca330  ??  artifacts/rust-tauri/R05/RR1/INDEPENDENT-9/verify-R05/check_boundaries/stdout.log
e3b0c44298fc1c149afbf4c8996fb92427ae41e4649b934ca495991b7852b855  ??  artifacts/rust-tauri/R05/RR1/INDEPENDENT-9/verify-R05/check_contracts/stderr.log
77d04b64918ac301d220d57419c8429e7c37471a5f4caaeb0765e11e1987fe9a  ??  artifacts/rust-tauri/R05/RR1/INDEPENDENT-9/verify-R05/check_contracts/stdout.log
c48073915f0449dba4cbcc2ad0f00476f06b043e7c1944584fe4732d540ebd09  ??  artifacts/rust-tauri/R05/RR1/INDEPENDENT-9/verify-R05/r04_regression_gate/stderr.log
34daa3b470ab55c2b4466f8d27e5f40856767b4a596ea75869f5accd416644ba  ??  artifacts/rust-tauri/R05/RR1/INDEPENDENT-9/verify-R05/r04_regression_gate/stdout.log
e3b0c44298fc1c149afbf4c8996fb92427ae41e4649b934ca495991b7852b855  ??  artifacts/rust-tauri/R05/RR1/INDEPENDENT-9/verify-R05/r05_stage_suites/stderr.log
3118af907a09dc0f40a40864a405b57f45dd6d14234ca25da03e7fb094508095  ??  artifacts/rust-tauri/R05/RR1/INDEPENDENT-9/verify-R05/r05_stage_suites/stdout.log
44b26a328a63c17e16e0aef09cf8c9bd7d3514b0f8e527c28f4ec588e0be3e3e  ??  artifacts/rust-tauri/R05/RR1/INDEPENDENT-9/verify-R05/rust_clippy/stderr.log
e3b0c44298fc1c149afbf4c8996fb92427ae41e4649b934ca495991b7852b855  ??  artifacts/rust-tauri/R05/RR1/INDEPENDENT-9/verify-R05/rust_clippy/stdout.log
e3b0c44298fc1c149afbf4c8996fb92427ae41e4649b934ca495991b7852b855  ??  artifacts/rust-tauri/R05/RR1/INDEPENDENT-9/verify-R05/rust_fmt/stderr.log
e3b0c44298fc1c149afbf4c8996fb92427ae41e4649b934ca495991b7852b855  ??  artifacts/rust-tauri/R05/RR1/INDEPENDENT-9/verify-R05/rust_fmt/stdout.log
89098b82157336650883ab41eda88da12653e1f9a5037c9474c3510aa3745d68  ??  artifacts/rust-tauri/R05/RR1/INDEPENDENT-9/verify-R05/rust_test_workspace/stderr.log
9a21f9db3ffa323678d446038033f75f34f596ef773e09e37102da2c15ee4f43  ??  artifacts/rust-tauri/R05/RR1/INDEPENDENT-9/verify-R05/rust_test_workspace/stdout.log
30a5555f8a6993be17cf4018d8b489850e96274ea23335c6a920c0a2b8ffd184  ??  artifacts/rust-tauri/R05/RR1/INPUT-adversarial-2026-10-04/MANIFEST.json
0ebf4ce3ecb93345642a30e22a3f6fff2d9687320f631e0e1784538510049eaf  ??  artifacts/rust-tauri/R05/RR1/INPUT-adversarial-2026-10-04/README.txt
79e365ae9dec5ad27483bc94c1e34c67825e398091af3e444a7027344951633a  ??  artifacts/rust-tauri/R05/RR1/INPUT-adversarial-2026-10-04/audit/closed_loop/R05_CLOSED_LOOP_AUDIT.md
f639a9dcdaa6089920aebfae489f604b3a550e611af95a9ad6a7709043ccd123  ??  artifacts/rust-tauri/R05/RR1/INPUT-adversarial-2026-10-04/audit/closed_loop/batch-duplicate-id-hn02gf0_/config.json
533f913729791e89ec1b0c75da67434b3258d2d28a1b5350d67c746a25520845  ??  artifacts/rust-tauri/R05/RR1/INPUT-adversarial-2026-10-04/audit/closed_loop/batch-duplicate-id-hn02gf0_/events.json
241e177ae39d0749ab47b12ecc1e7020cd40c121d5de031eac107fd681af6902  ??  artifacts/rust-tauri/R05/RR1/INPUT-adversarial-2026-10-04/audit/closed_loop/batch-duplicate-id-hn02gf0_/requests.json
bee29fac2a39bcaf911cee229061ec40f117ab6fd5a1e8b2f3091d6878c5634b  ??  artifacts/rust-tauri/R05/RR1/INPUT-adversarial-2026-10-04/audit/closed_loop/batch-duplicate-id-hn02gf0_/stderr.log
559aead08264d5795d3909718cdd05abd49572e84fe55590eef31a88a08fdffd  ??  artifacts/rust-tauri/R05/RR1/INPUT-adversarial-2026-10-04/audit/closed_loop/batch-duplicate-id-hn02gf0_/workspace/a.txt
df7e70e5021544f4834bbee64a9e3789febc4be81470df629cad6ddb03320a5c  ??  artifacts/rust-tauri/R05/RR1/INPUT-adversarial-2026-10-04/audit/closed_loop/batch-duplicate-id-hn02gf0_/workspace/b.txt
63b51ec78df18b36d15d4bb081aac5c42ee33ebeea6d84d5e515b70b35449086  ??  artifacts/rust-tauri/R05/RR1/INPUT-adversarial-2026-10-04/audit/closed_loop/batch-invalid-second-e6lgh43x/config.json
79ea0f1595f3738d63ff683da65bfc70459144711a311398b434bdd07091dbad  ??  artifacts/rust-tauri/R05/RR1/INPUT-adversarial-2026-10-04/audit/closed_loop/batch-invalid-second-e6lgh43x/events.json
6ccc736e6cc4570c12d6487f8136fdae1e051457ea62341978a591c8ebbe3ce4  ??  artifacts/rust-tauri/R05/RR1/INPUT-adversarial-2026-10-04/audit/closed_loop/batch-invalid-second-e6lgh43x/requests.json
5365f61093d3d4deff90b1e93796b84e0bc9ad7047feb3807e3624f0d43ddef0  ??  artifacts/rust-tauri/R05/RR1/INPUT-adversarial-2026-10-04/audit/closed_loop/batch-invalid-second-e6lgh43x/stderr.log
fb2e4277bca89556be31b98fc765679e21685d060a322aed45cd6e017afd8edc  ??  artifacts/rust-tauri/R05/RR1/INPUT-adversarial-2026-10-04/audit/closed_loop/batch-invalid-second-e6lgh43x/workspace/output.txt
ce2b1f2c1275dab69ad1699342d8c50225abff688ffad8cf4c6d38bb305928e9  ??  artifacts/rust-tauri/R05/RR1/INPUT-adversarial-2026-10-04/audit/closed_loop/batch-result.json
53946957f0fafebcdefe9437c9fd9920f9f01f287ba0758f215426d65f165214  ??  artifacts/rust-tauri/R05/RR1/INPUT-adversarial-2026-10-04/audit/closed_loop/binary-probe-02rlpcrh/config.json
6cdff6004ecf28c1284c35b9a745366d6f99f2943e740de5aca4f7c2e31dd5cb  ??  artifacts/rust-tauri/R05/RR1/INPUT-adversarial-2026-10-04/audit/closed_loop/binary-probe-02rlpcrh/events-after.json
6cdff6004ecf28c1284c35b9a745366d6f99f2943e740de5aca4f7c2e31dd5cb  ??  artifacts/rust-tauri/R05/RR1/INPUT-adversarial-2026-10-04/audit/closed_loop/binary-probe-02rlpcrh/events-before.json
9d4e242e83d0949e648901d7b692493a01810533a659e1a49d301ea03804dda8  ??  artifacts/rust-tauri/R05/RR1/INPUT-adversarial-2026-10-04/audit/closed_loop/binary-probe-02rlpcrh/requests.json
d8c6644ee2714b5c449d5e5daadb99a0f774723f5079ba36895d503f2bbb90a8  ??  artifacts/rust-tauri/R05/RR1/INPUT-adversarial-2026-10-04/audit/closed_loop/binary-probe-02rlpcrh/stderr-1791091016869757285.log
4ab535fb451dd86ac36076928a40e8f8a4de6ff09abb6aedb1a1cad9257cbb92  ??  artifacts/rust-tauri/R05/RR1/INPUT-adversarial-2026-10-04/audit/closed_loop/binary-probe-02rlpcrh/stderr-1791091016945416423.log
ce58b8bfb5a251d3a8d30c10fd651ddc768418a2fded891962fb085d61a20d9d  ??  artifacts/rust-tauri/R05/RR1/INPUT-adversarial-2026-10-04/audit/closed_loop/binary-probe-t6bmrsiq/config.json
ab62a88218c611891d8a8d9ffc38c1d7a42118521b8186056908c4ca101e4059  ??  artifacts/rust-tauri/R05/RR1/INPUT-adversarial-2026-10-04/audit/closed_loop/binary-probe-t6bmrsiq/stderr-1791090999867374277.log
36a4003abeadfe79674ae39998b9de00e2034233c549a982923cba2f83c13ecd  ??  artifacts/rust-tauri/R05/RR1/INPUT-adversarial-2026-10-04/audit/closed_loop/binary-probe-v989acpq/config.json
0ed277e504beb4cb11364d7149b589a75f06ecf800ba65ec70ebad9f97b6e47b  ??  artifacts/rust-tauri/R05/RR1/INPUT-adversarial-2026-10-04/audit/closed_loop/binary-probe-v989acpq/events-after.json
0ed277e504beb4cb11364d7149b589a75f06ecf800ba65ec70ebad9f97b6e47b  ??  artifacts/rust-tauri/R05/RR1/INPUT-adversarial-2026-10-04/audit/closed_loop/binary-probe-v989acpq/events-before.json
9d4e242e83d0949e648901d7b692493a01810533a659e1a49d301ea03804dda8  ??  artifacts/rust-tauri/R05/RR1/INPUT-adversarial-2026-10-04/audit/closed_loop/binary-probe-v989acpq/requests.json
0010a60ab8f83dbcf57e15ce88b732cb6bd749ebc76f670b9775bf63e66f4d3a  ??  artifacts/rust-tauri/R05/RR1/INPUT-adversarial-2026-10-04/audit/closed_loop/binary-probe-v989acpq/stderr-1791091282493152233.log
0c412765d3450f1c0ed0db459eb0cf62004071cf22a4c9082bd3e62c5f632a02  ??  artifacts/rust-tauri/R05/RR1/INPUT-adversarial-2026-10-04/audit/closed_loop/binary-probe-v989acpq/stderr-1791091282547665481.log
04e7c1c6b3da7f287d68a8a855f0560a6140d50b11f1699c621fdc3b974b6884  ??  artifacts/rust-tauri/R05/RR1/INPUT-adversarial-2026-10-04/audit/closed_loop/binary-result.json
80913fbebd6fca8a05ad36e7cdb47cf74e37ee58a25877a8aece398c31c491d1  ??  artifacts/rust-tauri/R05/RR1/INPUT-adversarial-2026-10-04/audit/closed_loop/probe_batch.py
076bb459c916afc6407b48e5d664154f24142ac5c34e75cd869e5fbafce7bb92  ??  artifacts/rust-tauri/R05/RR1/INPUT-adversarial-2026-10-04/audit/closed_loop/probe_binary.py
0601dc95313c42ad2c03cbe186294aee74f5e190d6f6db67022b2ffe5a724233  ??  artifacts/rust-tauri/R05/RR1/INPUT-adversarial-2026-10-04/audit/closed_loop/probe_process_only.py
ed8d4b67de1931d2ad6106c4e46a6dcbddfa0deab1166fa813e05ed28179fb56  ??  artifacts/rust-tauri/R05/RR1/INPUT-adversarial-2026-10-04/audit/closed_loop/process-only-result.json
23f130db473334be46986dee2c5f1673cd57f1d7230cead176951060a0493577  ??  artifacts/rust-tauri/R05/RR1/INPUT-adversarial-2026-10-04/audit/credential_network/Cargo.lock
9637ec89ede7f57a913168a68eaae657099686af5a56d36de5e8659590361e11  ??  artifacts/rust-tauri/R05/RR1/INPUT-adversarial-2026-10-04/audit/credential_network/Cargo.toml
1f0fb8f15f496b50b77473e6f489004de7504797100d564d7206b98e201b6756  ??  artifacts/rust-tauri/R05/RR1/INPUT-adversarial-2026-10-04/audit/credential_network/probes.log
a44d73da023ae9244037b8c0acde85c8b7dd815685ff7b48f4ed8dc55209aaca  ??  artifacts/rust-tauri/R05/RR1/INPUT-adversarial-2026-10-04/audit/credential_network/report.md
e7ec004c15c65fe734aacf7e1aa2ff2a46caddb3f8bbcb81ed62b810c54c5405  ??  artifacts/rust-tauri/R05/RR1/INPUT-adversarial-2026-10-04/audit/credential_network/src/lib.rs
07a8c870a708e8cb81b9f7793c83030fc9678a606af9b0e191436c320c105823  ??  artifacts/rust-tauri/R05/RR1/INPUT-adversarial-2026-10-04/audit/gate/R05_GATE_AUDIT.md
592dfc62213408c13835d924592d7c62a7ed40ae26f0fe61e84c16bbe2119bd3  ??  artifacts/rust-tauri/R05/RR1/INPUT-adversarial-2026-10-04/audit/gate/audit_gate_semantics.py
245cd18d816db47d8a83e4ec0ef50d4ee0ae5acd786bbccab4e891e0f7cb9206  ??  artifacts/rust-tauri/R05/RR1/INPUT-adversarial-2026-10-04/audit/gate/candidate-binding-comparison.json
f29c0666ba5c7ae409838e53aa8d637c659bbce12929d73f5f0b2c878c42805b  ??  artifacts/rust-tauri/R05/RR1/INPUT-adversarial-2026-10-04/audit/gate/cid-mirror-control.log
7abf4c23642cfdf51ba22130548e6e597635a16af9fe6afa0a4e2adb5e167eac  ??  artifacts/rust-tauri/R05/RR1/INPUT-adversarial-2026-10-04/audit/gate/cid-mirror-mutated.log
c6c9981117ebe7e915e3c24dd876f210658d83f6b134a92b6446d98c9f656166  ??  artifacts/rust-tauri/R05/RR1/INPUT-adversarial-2026-10-04/audit/gate/cid-mirror-rust-mutated.log
1ea88bf8889bc96443aa7ebd5ba6609d6a65c49c0b9b4473f73dd576826cb878  ??  artifacts/rust-tauri/R05/RR1/INPUT-adversarial-2026-10-04/audit/gate/cid_rename_fixture/adp_r05_t02_oauth_flows.log
8d06476b801d376108bd0e01181bed06399e2442a5da7a431f355ef61cfe8aae  ??  artifacts/rust-tauri/R05/RR1/INPUT-adversarial-2026-10-04/audit/gate/cid_rename_fixture/adp_r05_t03_goldens.log
f47f3eff6b4e357176bd914b8bac2e38e67aeb5cc97fac0c3800664cf13d35f0  ??  artifacts/rust-tauri/R05/RR1/INPUT-adversarial-2026-10-04/audit/gate/cid_rename_fixture/adp_r05_t04_streaming.log
c2f7eb8cebf75e62e79b7c0565786cdb4a055e9a24860d6cfd78f5828c9951f6  ??  artifacts/rust-tauri/R05/RR1/INPUT-adversarial-2026-10-04/audit/gate/cid_rename_fixture/adp_r05_t05_compat.log
5a1e26123f9be9bf6e02843e7be9a54d92a5d4587e96e5648b19c83aa1e8b73d  ??  artifacts/rust-tauri/R05/RR1/INPUT-adversarial-2026-10-04/audit/gate/cid_rename_fixture/adp_r05_t05_timeouts.log
110a7bf51de017197c5a68506442690e8e0593aea231bdbd5ccc83747aabad88  ??  artifacts/rust-tauri/R05/RR1/INPUT-adversarial-2026-10-04/audit/gate/cid_rename_fixture/adp_r05_t06_operations.log
c0a830b7fa59e74e46ecb52b8c89b5f0eb1feacc255c8b15b14885c74d646124  ??  artifacts/rust-tauri/R05/RR1/INPUT-adversarial-2026-10-04/audit/gate/cid_rename_fixture/adp_r05_t07_usage_families.log
a3a9475da8b2470d71c0b464545b155464656d227d639cd82604b6be71dd8b9a  ??  artifacts/rust-tauri/R05/RR1/INPUT-adversarial-2026-10-04/audit/gate/cid_rename_fixture/assembler-output.txt
cfb16547be52ccd804a4d9b0981e7920c5e55d7492dd49d53e83d6dade1539d3  ??  artifacts/rust-tauri/R05/RR1/INPUT-adversarial-2026-10-04/audit/gate/cid_rename_fixture/cases.jsonl
9ec6a2948e5d92ad33fd20e50dcd828fc3a0710c53f760deabccaccf06210898  ??  artifacts/rust-tauri/R05/RR1/INPUT-adversarial-2026-10-04/audit/gate/cid_rename_fixture/cid-table.txt
4a872f3104c53b2cf2f959cdec2f5965a03080d5947005e1c6a0f5f191213b7f  ??  artifacts/rust-tauri/R05/RR1/INPUT-adversarial-2026-10-04/audit/gate/cid_rename_fixture/leaf-cases.json
2dc65b104084486206449efeb08985dbb511e19dca94514b2165e862413ec0c6  ??  artifacts/rust-tauri/R05/RR1/INPUT-adversarial-2026-10-04/audit/gate/cid_rename_fixture/lib-adapters_models__anthropic_messages__tests__cross_family_opaque_state_is_never_echoed.log
4c96e823561b602ed2848b1c68f131bd37b11c380231acbaa22d5d04ee2bd2ed  ??  artifacts/rust-tauri/R05/RR1/INPUT-adversarial-2026-10-04/audit/gate/cid_rename_fixture/lib-adapters_models__anthropic_messages__tests__thinking_and_signature_roundtrip_as_state_never_text.log
3e0df5805f41d2a7deeb1e7cbe2390ef418f86dfb73ea614e87676590dee5bc7  ??  artifacts/rust-tauri/R05/RR1/INPUT-adversarial-2026-10-04/audit/gate/cid_rename_fixture/lib-adapters_models__compat__tests__anthropic_marks_system_and_two_recent_user_messages.log
792f9c67c7d030ec7a5796d0bfbad4e79a887243ba1b87939560bb87552d6d84  ??  artifacts/rust-tauri/R05/RR1/INPUT-adversarial-2026-10-04/audit/gate/cid_rename_fixture/lib-adapters_models__compat__tests__anthropic_max_effort_raises_the_implicit_one_third_cap.log
a64d1722abdc513403837ec591ac9c8667b83ec0d2e7cae758a725fc531f2016  ??  artifacts/rust-tauri/R05/RR1/INPUT-adversarial-2026-10-04/audit/gate/cid_rename_fixture/lib-adapters_models__compat__tests__codex_strips_budget_and_temperature_fields.log
9d8215e052fbb2e36b36b9d89de63dac8a8fd59ae94ff3b449dbe118b8bdec6e  ??  artifacts/rust-tauri/R05/RR1/INPUT-adversarial-2026-10-04/audit/gate/cid_rename_fixture/lib-adapters_models__compat__tests__dispatch_is_first_match_in_incumbent_order.log
82eea2da3554b932a0335d9d4a51daecb17efa3eeab5bf176562d4554e00824c  ??  artifacts/rust-tauri/R05/RR1/INPUT-adversarial-2026-10-04/audit/gate/cid_rename_fixture/lib-adapters_models__compat__tests__ollama_bridges_response_format_and_num_ctx.log
539be36afca7ac07afff293389d75062c7d854808db2372ea877bc8f982fe3cd  ??  artifacts/rust-tauri/R05/RR1/INPUT-adversarial-2026-10-04/audit/gate/cid_rename_fixture/lib-adapters_models__compat__tests__openrouter_adaptive_disable_is_a_loud_refusal.log
47115bd8efd27213694c2efd2ffacb09d9734981c9b659c78e48b342d8b55fa0  ??  artifacts/rust-tauri/R05/RR1/INPUT-adversarial-2026-10-04/audit/gate/cid_rename_fixture/lib-adapters_models__compat__tests__volcengine_disable_guard_passes_through_without_controls.log
afb7f92280e6ffb8aec78b5006db769c6ad3ab9d9b99e2eb0f459dc0af9f3e8b  ??  artifacts/rust-tauri/R05/RR1/INPUT-adversarial-2026-10-04/audit/gate/cid_rename_fixture/lib-adapters_models__config__tests__credential_is_explicit_and_never_defaulted.log
7c6a8ca9fe4d21faa345c510a12c20f396fc6a7a3b32ccbd24842cdef4b85fcf  ??  artifacts/rust-tauri/R05/RR1/INPUT-adversarial-2026-10-04/audit/gate/cid_rename_fixture/lib-adapters_models__dispatch__tests__error_status_classification_matches_the_incumbent.log
f7b7c769884480a07c173f2eb1a360505a8cfba61c6a8c523a4411f5e658c6af  ??  artifacts/rust-tauri/R05/RR1/INPUT-adversarial-2026-10-04/audit/gate/cid_rename_fixture/lib-adapters_models__egress__tests__guarded_ipv4_literals_refuse_outside_the_endpoint_exception.log
5e48d08b04d023822dd7fa749fd324bd23ae8608fcbd27590a904d3df3836f22  ??  artifacts/rust-tauri/R05/RR1/INPUT-adversarial-2026-10-04/audit/gate/cid_rename_fixture/lib-adapters_models__egress__tests__https_public_passes_and_plain_http_is_same_origin_only.log
07b3db6e3ff890382101cc0fe8f8324d025e0568ebbfbbe3e203048c329db2ab  ??  artifacts/rust-tauri/R05/RR1/INPUT-adversarial-2026-10-04/audit/gate/cid_rename_fixture/lib-adapters_models__egress__tests__ipv4_parsing_is_strict_and_default_ports_elide.log
372618e04116d090995c0fb0ab66608d12e46fa47b524b75b6c2a79635cc9e51  ??  artifacts/rust-tauri/R05/RR1/INPUT-adversarial-2026-10-04/audit/gate/cid_rename_fixture/lib-adapters_models__egress__tests__scheme_userinfo_and_host_shapes_refuse.log
4b7a8702de78f0e7e4c2a63b19a012b106a3af84f3503d4d7de2da26f86053b5  ??  artifacts/rust-tauri/R05/RR1/INPUT-adversarial-2026-10-04/audit/gate/cid_rename_fixture/lib-adapters_models__egress__tests__the_endpoint_origin_exception_lets_the_loopback_stub_through.log
5d1b0d0bcc8bb0e7e1b377e0ff1de9539bee4eb04c94e61d626239acc492087d  ??  artifacts/rust-tauri/R05/RR1/INPUT-adversarial-2026-10-04/audit/gate/cid_rename_fixture/lib-adapters_models__gateway__tests__a_family_outside_the_operations_matrix_is_loud.log
ce3c2bacfa0bfe3caa7a9980c1faec7808776773d15b8ed514126b73751ce335  ??  artifacts/rust-tauri/R05/RR1/INPUT-adversarial-2026-10-04/audit/gate/cid_rename_fixture/lib-adapters_models__gateway__tests__chat_and_auxiliary_routes_resolve_independently.log
c5fb33cf409d04a0b290768631ff33af4c22138203a79d33b618b6f1f00aacab  ??  artifacts/rust-tauri/R05/RR1/INPUT-adversarial-2026-10-04/audit/gate/cid_rename_fixture/lib-adapters_models__gateway__tests__reload_swaps_atomically_and_bumps_the_generation.log
b84c652812e37111a37f456b01ab6db7021dbfa5f91930a5591bb89d02f2b973  ??  artifacts/rust-tauri/R05/RR1/INPUT-adversarial-2026-10-04/audit/gate/cid_rename_fixture/lib-adapters_models__gateway__tests__the_pin_pair_rule_never_guesses_a_provider_from_a_model.log
ca9cef013dbf72ebb41eca35f7dc90835719232b5725b98938808974c69e126c  ??  artifacts/rust-tauri/R05/RR1/INPUT-adversarial-2026-10-04/audit/gate/cid_rename_fixture/lib-adapters_models__gateway__tests__unconfigured_operations_are_loud_route_gaps.log
df7b71aeea5f6d150ee6fbdc5db21e2a8bb290880e08ad685e09d3cc20ac8439  ??  artifacts/rust-tauri/R05/RR1/INPUT-adversarial-2026-10-04/audit/gate/cid_rename_fixture/lib-adapters_models__google_generative_ai__tests__thoughts_signatures_and_function_calls_parse_in_order.log
ae7f05f0c06ab6eefb71a7929f613f0101488b83943995a3e1145b9de0df9001  ??  artifacts/rust-tauri/R05/RR1/INPUT-adversarial-2026-10-04/audit/gate/cid_rename_fixture/lib-adapters_models__openai_codex_responses__tests__codex_body_pins_store_stream_and_instructions.log
fb1d176df4e8547da267d9200f4a1948b0393c4658c9f23623a4d5c12fde859d  ??  artifacts/rust-tauri/R05/RR1/INPUT-adversarial-2026-10-04/audit/gate/cid_rename_fixture/lib-adapters_models__openai_completions__tests__a_history_target_missing_from_the_snapshot_fails_loudly.log
60385e2f9140055dc85869274924964c0b648051f6f9eb4934ac61b2039a61de  ??  artifacts/rust-tauri/R05/RR1/INPUT-adversarial-2026-10-04/audit/gate/cid_rename_fixture/lib-adapters_models__openai_completions__tests__final_answer_identity_comes_from_the_driver_not_the_response.log
675c90249dab4e73750a1bbf762543d3ec92da5c8be8b2e17ecfa0bc80b3aad6  ??  artifacts/rust-tauri/R05/RR1/INPUT-adversarial-2026-10-04/audit/gate/cid_rename_fixture/lib-adapters_models__openai_completions__tests__parses_tool_calls_with_usage_and_identity_from_the_driver.log
82895760fff3c7911de202208759362a70c813ddadd6e33630f05a14fe3b98ca  ??  artifacts/rust-tauri/R05/RR1/INPUT-adversarial-2026-10-04/audit/gate/cid_rename_fixture/lib-adapters_models__openai_completions__tests__unknown_wire_names_are_protocol_violations_never_guesses.log
085ba55efb4d86934faa93f9ab3d286c41a24b2a835d1ec755a82880450e1b34  ??  artifacts/rust-tauri/R05/RR1/INPUT-adversarial-2026-10-04/audit/gate/cid_rename_fixture/lib-adapters_models__openai_responses__tests__reasoning_items_roundtrip_verbatim_with_summary_as_reasoning.log
477fae4549ff454ed2016198279c8fe3ea4f89d53386978ef01e1982fa21d694  ??  artifacts/rust-tauri/R05/RR1/INPUT-adversarial-2026-10-04/audit/gate/cid_rename_fixture/lib-adapters_models__openai_responses__tests__request_shape_instructions_tools_and_no_server_state.log
274391e04839fa7a88865cd254fea37080538b9c7555c25290e9e13d9cf51a3a  ??  artifacts/rust-tauri/R05/RR1/INPUT-adversarial-2026-10-04/audit/gate/cid_rename_fixture/lib-adapters_models__streaming__tests__a_leading_bom_is_stripped_once.log
2ad935fa9dd7529b556062f80b1531289c825042cff04f196cd10e551acaec78  ??  artifacts/rust-tauri/R05/RR1/INPUT-adversarial-2026-10-04/audit/gate/cid_rename_fixture/lib-adapters_models__streaming__tests__comments_and_id_and_retry_fields_are_ignored.log
43a86ebbf4cc5396b1237767162dd4ad71090dbaa556c333f88b4e65e36ac74b  ??  artifacts/rust-tauri/R05/RR1/INPUT-adversarial-2026-10-04/audit/gate/cid_rename_fixture/lib-adapters_models__streaming__tests__multi_line_data_joins_and_chunks_may_split_anywhere.log
56cd0897a2ec910d516c9fb5a0d0967da8a01bf4e031e18558266136d6aa7c53  ??  artifacts/rust-tauri/R05/RR1/INPUT-adversarial-2026-10-04/audit/gate/cid_rename_fixture/lib-adapters_models__streaming__tests__simple_frames_dispatch_on_blank_lines.log
ed34925f57359f07ea85f71f773c6ebd81442fbb78df793a334ae3d4c5bcfb06  ??  artifacts/rust-tauri/R05/RR1/INPUT-adversarial-2026-10-04/audit/gate/cid_rename_fixture/lib-adapters_models__streaming__tests__the_buffer_bound_is_loud.log
a7703d642e234cedc70fd11e3b8f84ccc87759b0670ebfe1b43105df677b6ca9  ??  artifacts/rust-tauri/R05/RR1/INPUT-adversarial-2026-10-04/audit/gate/cid_rename_fixture/lib-adapters_models__streaming__tests__the_per_frame_bound_is_loud_across_lines_and_chunks.log
250fcaffef44a53fffa3db7401071bf58c1ddc2ea1cc4e35949e57de964d8d90  ??  artifacts/rust-tauri/R05/RR1/INPUT-adversarial-2026-10-04/audit/gate/cid_rename_fixture/lib-adapters_models__tool_render__tests__running_and_stop_unconfirmed_statuses_are_honest.log
78924fd61557421769ed55a8228309e42c0a13cd1c7ebcf894a7f150ad4d52bb  ??  artifacts/rust-tauri/R05/RR1/INPUT-adversarial-2026-10-04/audit/gate/cid_rename_fixture/lib-adapters_models__tool_render__tests__success_renders_resources_status_and_truncation_last.log
ef38c60514eaa262fba6f3b58b476b65a93dde9cdfee2a8cb83283311b1f8cb7  ??  artifacts/rust-tauri/R05/RR1/INPUT-adversarial-2026-10-04/audit/gate/cid_rename_fixture/lib-adapters_models__tool_render__tests__the_four_base_states_keep_the_t01_vocabulary.log
256b32131a9261b383129bac6319db81c4924f22f2c60cb60f051e1546b4950e  ??  artifacts/rust-tauri/R05/RR1/INPUT-adversarial-2026-10-04/audit/gate/cid_rename_fixture/lib-kernel_model_exchange__tests__empty_snapshot_is_generation_zero.log
c978da80433e0cd50a247fa6dec036691f8887cf92649bc0fa1245676a721375  ??  artifacts/rust-tauri/R05/RR1/INPUT-adversarial-2026-10-04/audit/gate/cid_rename_fixture/lib-kernel_model_exchange__tests__snapshot_declares_only_callable_resident_targets_at_the_pinned_generation.log
4dd245fbc0186b1e1c42e94da4b68df963fd118cb114ca6a018839b22ca3e1e3  ??  artifacts/rust-tauri/R05/RR1/INPUT-adversarial-2026-10-04/audit/gate/cid_rename_fixture/lib-kernel_model_exchange__tests__wire_name_collisions_resolve_deterministically_or_fail_loudly.log
17c1f23d30ca85acf292e407d4034be02013bedc4c91f450cd6d3fa1d839ebeb  ??  artifacts/rust-tauri/R05/RR1/INPUT-adversarial-2026-10-04/audit/gate/cid_rename_fixture/lib-kernel_model_exchange__tests__wire_name_sanitization_fits_the_strictest_protocol_face.log
c05af924100204336e16c61b8ee4422b3d580b90c21830584d3de452f0b97666  ??  artifacts/rust-tauri/R05/RR1/INPUT-adversarial-2026-10-04/audit/gate/cid_rename_fixture/lib-kernel_toolcatalog__tests__aliases_resolve_to_the_authoritative_identity_and_share_permissions.log
296febee497e317bc4329e7d9b368d9a682b6fef7c47738b7a71398307f9b400  ??  artifacts/rust-tauri/R05/RR1/INPUT-adversarial-2026-10-04/audit/gate/cid_rename_fixture/lib-kernel_toolcatalog__tests__disable_and_uninstall_change_callability_and_generation.log
9552d0fe3bdb843dc8d2dc72af576b5a96b35692bb1e9f6f57db2451e65bda50  ??  artifacts/rust-tauri/R05/RR1/INPUT-adversarial-2026-10-04/audit/gate/cid_rename_fixture/lib-kernel_toolcatalog__tests__same_name_two_sources_never_overwrites_and_name_only_is_ambiguous.log
ab0324a59ad3200125499cfbb5d41663aa61c666f835992d1ce28a3afd3c7b33  ??  artifacts/rust-tauri/R05/RR1/INPUT-adversarial-2026-10-04/audit/gate/cid_rename_fixture/lib-kernel_toolcatalog__tests__stale_catalog_generation_refuses_and_requires_refresh.log
2c22823bb5cbe999f5fe3a75e9c84e082e8762c65f466d823c75d8ad7624082c  ??  artifacts/rust-tauri/R05/RR1/INPUT-adversarial-2026-10-04/audit/gate/cid_rename_fixture/lib-kernel_toolcatalog__tests__update_cannot_change_the_target_identity.log
b5b5a1a7bd6539c4c89a7d6e746ff4c72851e8c98c8e97d1b1a4b921910c4397  ??  artifacts/rust-tauri/R05/RR1/INPUT-adversarial-2026-10-04/audit/gate/cid_rename_fixture/lib-service_credentials__store__tests__a_failed_write_keeps_the_previous_state_and_reports.log
809a6f348e16a4c135a084586b4c26a1a9f2f196bbf22b36d30d36362bf2383d  ??  artifacts/rust-tauri/R05/RR1/INPUT-adversarial-2026-10-04/audit/gate/cid_rename_fixture/lib-service_credentials__store__tests__a_version_conflict_is_loud.log
ada7a6ebc64bba6580056c9ea9cd28bb73152afce1407c39d34537dd30a671a5  ??  artifacts/rust-tauri/R05/RR1/INPUT-adversarial-2026-10-04/audit/gate/cid_rename_fixture/lib-service_credentials__store__tests__missing_file_loads_empty_and_round_trips.log
1ce8b4fc9ab68b5d263599dccd0ae4c16a35cf3e4c08867f7946a2fefdce1316  ??  artifacts/rust-tauri/R05/RR1/INPUT-adversarial-2026-10-04/audit/gate/cid_rename_fixture/lib-service_credentials__store__tests__unknown_fields_survive_a_write.log
5cb630df230779951ed468b1e6873699ce08b726670b6263bcdead45fa7ab553  ??  artifacts/rust-tauri/R05/RR1/INPUT-adversarial-2026-10-04/audit/gate/cid_rename_fixture/lib-service_credentials__tests__a_cancelled_waiter_does_not_disturb_the_flight.log
6f49a7d1f18138380d4e9f02d70f3ad80cabeb3e5316c396605a8fac2078b696  ??  artifacts/rust-tauri/R05/RR1/INPUT-adversarial-2026-10-04/audit/gate/cid_rename_fixture/lib-service_credentials__tests__a_reload_replacing_the_cell_discards_the_late_writeback.log
ffe85c5020d27049eb7871d2ebf6edcc2c743d53491926df8cf33873f77c2aa7  ??  artifacts/rust-tauri/R05/RR1/INPUT-adversarial-2026-10-04/audit/gate/cid_rename_fixture/lib-service_credentials__tests__a_rotated_credential_is_reused_without_a_second_refresh.log
1bf6e769ab12a47053243dceb43562130474efaf2f4164b00357f6f9f52add76  ??  artifacts/rust-tauri/R05/RR1/INPUT-adversarial-2026-10-04/audit/gate/cid_rename_fixture/lib-service_credentials__tests__an_expired_handle_is_refused.log
1094873157a8d68141b8190b2995c7ddd1cfa5fe09f17d7bc498e767e82aea6d  ??  artifacts/rust-tauri/R05/RR1/INPUT-adversarial-2026-10-04/audit/gate/cid_rename_fixture/lib-service_credentials__tests__concurrent_401s_merge_into_one_refresh.log
9177b99b8e3bf5c3467f8ec4fdcd741dddf6597b2f791a8054204cba6c1a0a0e  ??  artifacts/rust-tauri/R05/RR1/INPUT-adversarial-2026-10-04/audit/gate/cid_rename_fixture/lib-service_credentials__tests__forged_handles_and_provider_references_are_refused.log
38b50635fb13b6c770d12d9aa4228ebc6d1c9ba22da7ba3b2e65708696755b08  ??  artifacts/rust-tauri/R05/RR1/INPUT-adversarial-2026-10-04/audit/gate/cid_rename_fixture/lib-service_credentials__tests__handle_refusal_texts_carry_no_material.log
c090df461de5853cadbf8d421d7acef1d0880e28959981726efcf579cfeaba00  ??  artifacts/rust-tauri/R05/RR1/INPUT-adversarial-2026-10-04/audit/gate/cid_rename_fixture/lib-service_credentials__tests__resolve_refreshes_at_most_once_when_a_one_second_grant_dies_in_transit.log
6c5cd7ff2b38e5d638a39d024c6be11b4c1f99b9b804c965e347096a2dd27587  ??  artifacts/rust-tauri/R05/RR1/INPUT-adversarial-2026-10-04/audit/gate/cid_rename_fixture/lib-service_credentials__tests__resolve_refreshes_at_most_once_when_every_mint_is_already_expired.log
091308f84626359460ff8c5a82cf2bb7bc037c4dca315c4c7e71b34ac416c2cf  ??  artifacts/rust-tauri/R05/RR1/INPUT-adversarial-2026-10-04/audit/gate/cid_rename_fixture/lib-service_credentials__tests__revoke_fences_a_late_writeback.log
5cde07020a3698a2d402786593ef869b3b33895d65c1b3e2ae62c0663b228157  ??  artifacts/rust-tauri/R05/RR1/INPUT-adversarial-2026-10-04/audit/gate/cid_rename_fixture/lib-service_redaction__tests__r05_provider_api_key_shapes_are_redacted.log
7943b62ef17b5cfad06950b26697bb73a31361d06cd2838c8ea88c11a7e59e4c  ??  artifacts/rust-tauri/R05/RR1/INPUT-adversarial-2026-10-04/audit/gate/cid_rename_fixture/lib-service_redaction__tests__r05_secret_key_words_match_case_insensitively.log
cfd2495ac0443f22aca309cda518f95cb80014556ac24a51e07c07fd0fcdfecd  ??  artifacts/rust-tauri/R05/RR1/INPUT-adversarial-2026-10-04/audit/gate/cid_rename_fixture/lib-service_redaction__tests__r05_t02_base64_tokens_with_slash_and_padding_are_redacted.log
0ab871cd4a65f12517c09788c15211d021be4d23e89a4ffdee89a1df48d98df1  ??  artifacts/rust-tauri/R05/RR1/INPUT-adversarial-2026-10-04/audit/gate/cid_rename_fixture/pin-table.txt
bce30cacb562f78bb7ec7539203d03d36c922206f3fa0f474f957ea949d721e2  ??  artifacts/rust-tauri/R05/RR1/INPUT-adversarial-2026-10-04/audit/gate/cid_rename_fixture/r05-cases.json
39fbc7e0ab6d9db855bfe739a8aa7143c338ebc3aa065931e24ad154c6fba0a0  ??  artifacts/rust-tauri/R05/RR1/INPUT-adversarial-2026-10-04/audit/gate/cid_rename_fixture/svc_r05_t01_binary_wiring.log
c73b2285a91bcef78ec80b0489aed93deafe4208e684fb523097413a4860ba3d  ??  artifacts/rust-tauri/R05/RR1/INPUT-adversarial-2026-10-04/audit/gate/cid_rename_fixture/svc_r05_t01_model_plane.log
cdb14eaca719e267b91740a198bed5bbed13721e73c6e5125a727edaee378e59  ??  artifacts/rust-tauri/R05/RR1/INPUT-adversarial-2026-10-04/audit/gate/cid_rename_fixture/svc_r05_t02_credentials.log
c2e26dc86ba723bda8d49a756bcd7a5cd1e24c2337959f65899c4a0f596250ff  ??  artifacts/rust-tauri/R05/RR1/INPUT-adversarial-2026-10-04/audit/gate/cid_rename_fixture/svc_r05_t03_protocol_adapters.log
5951b5c33ec0b42f6d66521df31199f65ebf2d19d753f304da3cc0ae91fb72fa  ??  artifacts/rust-tauri/R05/RR1/INPUT-adversarial-2026-10-04/audit/gate/cid_rename_fixture/svc_r05_t04_streaming.log
790d7b3bede0950c84424cdb078eb4e20d1178e2e0a818998eed8e211ca6b238  ??  artifacts/rust-tauri/R05/RR1/INPUT-adversarial-2026-10-04/audit/gate/cid_rename_fixture/svc_r05_t05_timeouts.log
8aa0569310c147175c814b20f8d904867342867eb3e6f2db02bc493c9454f390  ??  artifacts/rust-tauri/R05/RR1/INPUT-adversarial-2026-10-04/audit/gate/cid_rename_fixture/svc_r05_t06_operations.log
45d8fab195bdd80985d3d002ad902bcad78ec13570ed0be453327252bde897e3  ??  artifacts/rust-tauri/R05/RR1/INPUT-adversarial-2026-10-04/audit/gate/cid_rename_fixture/svc_r05_t06_worker_model.log
81fc2a9ad2c3f285832bb76aab320127678f22c8440ad43648608eb5e41559bc  ??  artifacts/rust-tauri/R05/RR1/INPUT-adversarial-2026-10-04/audit/gate/cid_rename_fixture/svc_r05_t07_persistence.log
366a3a77236a4ddcced77fa0b33d83f50da5383d77b59475354183abb43cbce7  ??  artifacts/rust-tauri/R05/RR1/INPUT-adversarial-2026-10-04/audit/gate/cid_rename_fixture/svc_r05_t07_usage_trace.log
6131b2f3a3d87e64cb239a01d36efae898a26a46211b510adc7a65576f3f13ac  ??  artifacts/rust-tauri/R05/RR1/INPUT-adversarial-2026-10-04/audit/gate/cid_rename_fixture/svc_r05_t08_closed_loop.log
8877bed4f38492aa61968806a5c4bb11f699210a4dffd26b324282c135858b6a  ??  artifacts/rust-tauri/R05/RR1/INPUT-adversarial-2026-10-04/audit/gate/cid_rename_probe.json
8e49c044b9901e552bd0b641cd56c0d919bc377b894d90deb55212192749a470  ??  artifacts/rust-tauri/R05/RR1/INPUT-adversarial-2026-10-04/audit/gate/fd_counter_probe.json
f36f964e17125d706a48e9c861cc22f7f806557258a1c5db26601c94f68f2a80  ??  artifacts/rust-tauri/R05/RR1/INPUT-adversarial-2026-10-04/audit/gate/fd_counter_raw_lsof.txt
c21bbde017edf5342eecc66b338bd2a7140ed59bbf38e87a35dc24c344110330  ??  artifacts/rust-tauri/R05/RR1/INPUT-adversarial-2026-10-04/audit/gate/non_cid_registered_cases.json
8d2786e5c2db44acaed53078db16c70e39e7a74b9c27cd085f50876f72eef0d7  ??  artifacts/rust-tauri/R05/RR1/INPUT-adversarial-2026-10-04/audit/gate/six_r05_only_leaves.json
bb9fe6246c1d9f346166715f08885d4ff080cff1d9b2f3555aacc3380ee09674  ??  artifacts/rust-tauri/R05/RR1/INPUT-adversarial-2026-10-04/audit/protocol/Cargo.lock
0baaff8f6ff380ea9d154384082921b1128b02e15d0629e699eab5478a4823b9  ??  artifacts/rust-tauri/R05/RR1/INPUT-adversarial-2026-10-04/audit/protocol/Cargo.toml
de9a3c61b48ed14f0a3ae02a9b1db422b6ef26adb651f26fbd40ad34c4717202  ??  artifacts/rust-tauri/R05/RR1/INPUT-adversarial-2026-10-04/audit/protocol/PROTOCOL_AUDIT.md
60d129271e32922f53e36a5b8980ffda3e68c56f65246461c9b8f27436e077b8  ??  artifacts/rust-tauri/R05/RR1/INPUT-adversarial-2026-10-04/audit/protocol/probe-output.log
8aa04256f8e495441a3a053cf80ef0ee357aec35ceed22bec62559d742b10169  ??  artifacts/rust-tauri/R05/RR1/INPUT-adversarial-2026-10-04/audit/protocol/src/lib.rs
eb6c3a407c4e4adfa599b8bcbe47a2716faadc9aff0eae2b36563033ede68213  ??  artifacts/rust-tauri/R05/RR1/INPUT-adversarial-2026-10-04/audit/runtime/environment.json
79c2801148f0d89d996aa865e1327ea909af9cb04089ec11af8e8122e44b6d56  ??  artifacts/rust-tauri/R05/RR1/INPUT-adversarial-2026-10-04/audit/runtime/fresh-service-lib-build.json
669743275fbf7805d7b7287d90f9ccf4f6d4fe1392d7775fa6f8dcc472b3d3f3  ??  artifacts/rust-tauri/R05/RR1/INPUT-adversarial-2026-10-04/audit/runtime/fresh-service-lib-build.log
2b6bad39d007b251d23e9f47202269b180b3d18447b9b3d59a252fda9debf27a  ??  artifacts/rust-tauri/R05/RR1/INPUT-adversarial-2026-10-04/audit/runtime/pid-namespace-probe.json
cea55c31d3142f5392a21c5f06defa44bf0161574dfbc6494815d92faeb57e74  ??  artifacts/rust-tauri/R05/RR1/INPUT-adversarial-2026-10-04/audit/runtime/r05-suites-console.log
668ac4dbc05d5610dfd0853eb590f2afe1f9c27a70b49be21aaa0f0eab64d749  ??  artifacts/rust-tauri/R05/RR1/INPUT-adversarial-2026-10-04/audit/runtime/r05-suites-run.json
011518cab4bbc377e1021728d56891d9e87b6ccd579cf1469e0efe3aa7575e30  ??  artifacts/rust-tauri/R05/RR1/INPUT-adversarial-2026-10-04/audit/runtime/r05-suites/adp_r05_t02_oauth_flows.log
43c785656680e442c401b02f6694c5e0cb74a5d90a3012428f52f995c91dcae6  ??  artifacts/rust-tauri/R05/RR1/INPUT-adversarial-2026-10-04/audit/runtime/r05-suites/adp_r05_t03_goldens.log
696e6bb0fa4042740466c13632f91bc10c854cc2668dbb9fc5ae97db5cfb718c  ??  artifacts/rust-tauri/R05/RR1/INPUT-adversarial-2026-10-04/audit/runtime/r05-suites/adp_r05_t04_streaming.log
ac42d3dfc71dfd6bc8c67dfb2c93c00559608caca612f7230324492a7e76889f  ??  artifacts/rust-tauri/R05/RR1/INPUT-adversarial-2026-10-04/audit/runtime/r05-suites/adp_r05_t05_compat.log
72633dbd60af26ee30c5430b7e55ad856bd3c490b6727543284d5c2fbc4bc3f4  ??  artifacts/rust-tauri/R05/RR1/INPUT-adversarial-2026-10-04/audit/runtime/r05-suites/adp_r05_t05_timeouts.log
66c79ec6a69136fa40f9dd8c48bce33dcbe423f656ae6bb4e89a0466f277ed9c  ??  artifacts/rust-tauri/R05/RR1/INPUT-adversarial-2026-10-04/audit/runtime/r05-suites/adp_r05_t06_operations.log
a251838946248c4efd6f68bf8ead81f5239ae74f712c1dd9397ef5746b43711d  ??  artifacts/rust-tauri/R05/RR1/INPUT-adversarial-2026-10-04/audit/runtime/r05-suites/adp_r05_t07_usage_families.log
1980f77cc9e5071b4eba617ee750b7ffb1bea29cb5f200b318f2c6325de1f9f3  ??  artifacts/rust-tauri/R05/RR1/INPUT-adversarial-2026-10-04/audit/runtime/r05-suites/cid-gaps.txt
477fd2d7a598f7737b5cedc0721e98d78c50a69d57d6d3f642d8f0ce2f8cbc75  ??  artifacts/rust-tauri/R05/RR1/INPUT-adversarial-2026-10-04/audit/runtime/r05-suites/cid-table.txt
9fc31f36d82f62159e1a68126ed84ba8a30a3ce2343b412df543c630de8d8e85  ??  artifacts/rust-tauri/R05/RR1/INPUT-adversarial-2026-10-04/audit/runtime/r05-suites/gaps.txt
72c1cdd391e9d3083c2167bcbbb4f09e636145e1f8c1513623470dda1cb9e4a8  ??  artifacts/rust-tauri/R05/RR1/INPUT-adversarial-2026-10-04/audit/runtime/r05-suites/lib-adapters_models__anthropic_messages__tests__cross_family_opaque_state_is_never_echoed.log
c1fd2aa82d9e10af87b2c2861a2719daf4f8817ffc9c84e7cea87111332bf6b7  ??  artifacts/rust-tauri/R05/RR1/INPUT-adversarial-2026-10-04/audit/runtime/r05-suites/lib-adapters_models__anthropic_messages__tests__thinking_and_signature_roundtrip_as_state_never_text.log
1583c477ffc1ddb82481912f35d52eb11bb28c3585a84f645621f0638a63b912  ??  artifacts/rust-tauri/R05/RR1/INPUT-adversarial-2026-10-04/audit/runtime/r05-suites/lib-adapters_models__compat__tests__anthropic_marks_system_and_two_recent_user_messages.log
9b6dd71a6ceffd3f10bb1ea6b3cfcf2061184c0a4ddcbaa7ef800478fae781d8  ??  artifacts/rust-tauri/R05/RR1/INPUT-adversarial-2026-10-04/audit/runtime/r05-suites/lib-adapters_models__compat__tests__anthropic_max_effort_raises_the_implicit_one_third_cap.log
a8825b4273b17fe1b013085672e462b5514700f1e807bfbc5478855a20b7a624  ??  artifacts/rust-tauri/R05/RR1/INPUT-adversarial-2026-10-04/audit/runtime/r05-suites/lib-adapters_models__compat__tests__codex_strips_budget_and_temperature_fields.log
119de983f8d2c8a2ec4ff55ba356c22e7438a38a6282c77da7ba420785af3682  ??  artifacts/rust-tauri/R05/RR1/INPUT-adversarial-2026-10-04/audit/runtime/r05-suites/lib-adapters_models__compat__tests__dispatch_is_first_match_in_incumbent_order.log
fcae734fff3b40fdcd091cd25d06d1e6f175638c9ae12915ff0406284e5b8c12  ??  artifacts/rust-tauri/R05/RR1/INPUT-adversarial-2026-10-04/audit/runtime/r05-suites/lib-adapters_models__compat__tests__ollama_bridges_response_format_and_num_ctx.log
19672e4b86958847e09891c4c4a5ba5345a3b581a98b887fa13dd15350442b3b  ??  artifacts/rust-tauri/R05/RR1/INPUT-adversarial-2026-10-04/audit/runtime/r05-suites/lib-adapters_models__compat__tests__openrouter_adaptive_disable_is_a_loud_refusal.log
3cd0b8279b520fc500672f117c2174bc6979aae772f21c59565010781f2a4018  ??  artifacts/rust-tauri/R05/RR1/INPUT-adversarial-2026-10-04/audit/runtime/r05-suites/lib-adapters_models__compat__tests__volcengine_disable_guard_passes_through_without_controls.log
529976590a3d0b6dd908f749d58d14f41d040e90a712f39340d6d4633b0270ff  ??  artifacts/rust-tauri/R05/RR1/INPUT-adversarial-2026-10-04/audit/runtime/r05-suites/lib-adapters_models__config__tests__credential_is_explicit_and_never_defaulted.log
6cd712a80adbea1552aab557d23cd8a6741d0c7fd1ff834a6d9db716a711fb08  ??  artifacts/rust-tauri/R05/RR1/INPUT-adversarial-2026-10-04/audit/runtime/r05-suites/lib-adapters_models__dispatch__tests__error_status_classification_matches_the_incumbent.log
3cef53769e14dea62ea0add050d2c85d02f284b0b4e3d62753f82220a0aef9d8  ??  artifacts/rust-tauri/R05/RR1/INPUT-adversarial-2026-10-04/audit/runtime/r05-suites/lib-adapters_models__egress__tests__guarded_ipv4_literals_refuse_outside_the_endpoint_exception.log
1445e8499d611b7e6d59421146806c220703a977edaa008596b72fc8d478f5a1  ??  artifacts/rust-tauri/R05/RR1/INPUT-adversarial-2026-10-04/audit/runtime/r05-suites/lib-adapters_models__egress__tests__https_public_passes_and_plain_http_is_same_origin_only.log
d027c524cb4776130ffffdb0b3840c282adb3847c14fc2d765794849346756e5  ??  artifacts/rust-tauri/R05/RR1/INPUT-adversarial-2026-10-04/audit/runtime/r05-suites/lib-adapters_models__egress__tests__ipv4_parsing_is_strict_and_default_ports_elide.log
b41043de4d8f3356c8a550fc73fcb66747960482055021680d4cdebb76e15a1a  ??  artifacts/rust-tauri/R05/RR1/INPUT-adversarial-2026-10-04/audit/runtime/r05-suites/lib-adapters_models__egress__tests__scheme_userinfo_and_host_shapes_refuse.log
c6b42d381baac15e140ffc9f819e224578c49d84dc16a0d117b5d18e592ccf1b  ??  artifacts/rust-tauri/R05/RR1/INPUT-adversarial-2026-10-04/audit/runtime/r05-suites/lib-adapters_models__egress__tests__the_endpoint_origin_exception_lets_the_loopback_stub_through.log
cf8eadcd0504ede97a8b1b76c1f37585269b8c1ae08c468dc06eee112e9556ad  ??  artifacts/rust-tauri/R05/RR1/INPUT-adversarial-2026-10-04/audit/runtime/r05-suites/lib-adapters_models__gateway__tests__a_family_outside_the_operations_matrix_is_loud.log
9c7b67063b1b9311035915767f31214c9bd648a35ff8ec695b65a47568cd9e8a  ??  artifacts/rust-tauri/R05/RR1/INPUT-adversarial-2026-10-04/audit/runtime/r05-suites/lib-adapters_models__gateway__tests__chat_and_auxiliary_routes_resolve_independently.log
3153f6fe21455f275d323971a27484890decdd89003b6fff4f52bf53937662b9  ??  artifacts/rust-tauri/R05/RR1/INPUT-adversarial-2026-10-04/audit/runtime/r05-suites/lib-adapters_models__gateway__tests__reload_swaps_atomically_and_bumps_the_generation.log
c96815e5e2eb36b8ebfac0df50574bb63e990b6ae970ce61c5954ab7b4395d6c  ??  artifacts/rust-tauri/R05/RR1/INPUT-adversarial-2026-10-04/audit/runtime/r05-suites/lib-adapters_models__gateway__tests__the_pin_pair_rule_never_guesses_a_provider_from_a_model.log
4f105325d9e9192df99f50a60df8e3ef0ec7593dcd39ffda1cb73cf15385a301  ??  artifacts/rust-tauri/R05/RR1/INPUT-adversarial-2026-10-04/audit/runtime/r05-suites/lib-adapters_models__gateway__tests__unconfigured_operations_are_loud_route_gaps.log
dd645eef41ee1afff60a11467194ff9e9f6bffb54df16736b850feacae504758  ??  artifacts/rust-tauri/R05/RR1/INPUT-adversarial-2026-10-04/audit/runtime/r05-suites/lib-adapters_models__google_generative_ai__tests__thoughts_signatures_and_function_calls_parse_in_order.log
4467116005923861f31a5d00627988e5358d49ff875590e1b16b69aefb114a5c  ??  artifacts/rust-tauri/R05/RR1/INPUT-adversarial-2026-10-04/audit/runtime/r05-suites/lib-adapters_models__openai_codex_responses__tests__codex_body_pins_store_stream_and_instructions.log
e238dbd6b8a22438b51bf14b3c9d273f58f6ee661c3d49ed4aebc79b41bf6a63  ??  artifacts/rust-tauri/R05/RR1/INPUT-adversarial-2026-10-04/audit/runtime/r05-suites/lib-adapters_models__openai_completions__tests__a_history_target_missing_from_the_snapshot_fails_loudly.log
40fa784b23fa7f9888bc5e4805eddb0ca3c6399a07f468c06b2abbf56cf03de3  ??  artifacts/rust-tauri/R05/RR1/INPUT-adversarial-2026-10-04/audit/runtime/r05-suites/lib-adapters_models__openai_completions__tests__final_answer_identity_comes_from_the_driver_not_the_response.log
6b2963ec236038e8b9d299d5a5bf2bc63f69283b3c3fd8d75489237b43ab800f  ??  artifacts/rust-tauri/R05/RR1/INPUT-adversarial-2026-10-04/audit/runtime/r05-suites/lib-adapters_models__openai_completions__tests__parses_tool_calls_with_usage_and_identity_from_the_driver.log
32f041b6ba80677c91ac8c3ecdc0c186889db3d6883d290a93fb531dbecbe566  ??  artifacts/rust-tauri/R05/RR1/INPUT-adversarial-2026-10-04/audit/runtime/r05-suites/lib-adapters_models__openai_completions__tests__unknown_wire_names_are_protocol_violations_never_guesses.log
08f1ff476b9ece801c5d4fe458f630d91927f2ae489d5a23154c8b2c0ab7fdf5  ??  artifacts/rust-tauri/R05/RR1/INPUT-adversarial-2026-10-04/audit/runtime/r05-suites/lib-adapters_models__openai_responses__tests__reasoning_items_roundtrip_verbatim_with_summary_as_reasoning.log
ccdfff9d6c1460a8b0ffdcd98b28d430d1649ac293e17756b1286051b4ced36e  ??  artifacts/rust-tauri/R05/RR1/INPUT-adversarial-2026-10-04/audit/runtime/r05-suites/lib-adapters_models__openai_responses__tests__request_shape_instructions_tools_and_no_server_state.log
0ff6eb086916c5d8a2db653ed7b2dbeebb97f6dbb25ccf78563df92d9dbafc9f  ??  artifacts/rust-tauri/R05/RR1/INPUT-adversarial-2026-10-04/audit/runtime/r05-suites/lib-adapters_models__streaming__tests__a_leading_bom_is_stripped_once.log
a56e33494128266259d65ebebb0c85dea8acff5f3f1756f0cd839ac29fe18c96  ??  artifacts/rust-tauri/R05/RR1/INPUT-adversarial-2026-10-04/audit/runtime/r05-suites/lib-adapters_models__streaming__tests__comments_and_id_and_retry_fields_are_ignored.log
144ed91ee71d03fc3a1989d0f27ea82445053f54c93745707434a76fb6e10c60  ??  artifacts/rust-tauri/R05/RR1/INPUT-adversarial-2026-10-04/audit/runtime/r05-suites/lib-adapters_models__streaming__tests__multi_line_data_joins_and_chunks_may_split_anywhere.log
40bbfe61c3d62221b4146b8c747f60071d7af205058602e4bdcea9853ac8c3ab  ??  artifacts/rust-tauri/R05/RR1/INPUT-adversarial-2026-10-04/audit/runtime/r05-suites/lib-adapters_models__streaming__tests__simple_frames_dispatch_on_blank_lines.log
7e969ee76d85f7fdf35ccc82e0a1cb6bb8625f3c235f7547bbe70bb2bc5ba5f1  ??  artifacts/rust-tauri/R05/RR1/INPUT-adversarial-2026-10-04/audit/runtime/r05-suites/lib-adapters_models__streaming__tests__the_buffer_bound_is_loud.log
2152a1093535289d23b760eb71a979e06bad5d705fd21b88eff71f11986f5ca2  ??  artifacts/rust-tauri/R05/RR1/INPUT-adversarial-2026-10-04/audit/runtime/r05-suites/lib-adapters_models__streaming__tests__the_per_frame_bound_is_loud_across_lines_and_chunks.log
94fe73d4da0226ec7245861bab6da74915d6ed02b1b33c7e9001ce357a4aaeab  ??  artifacts/rust-tauri/R05/RR1/INPUT-adversarial-2026-10-04/audit/runtime/r05-suites/lib-adapters_models__tool_render__tests__running_and_stop_unconfirmed_statuses_are_honest.log
520127d124d06963849c5ddb21813b7b66511030d3eff4c14db62dc10be6618c  ??  artifacts/rust-tauri/R05/RR1/INPUT-adversarial-2026-10-04/audit/runtime/r05-suites/lib-adapters_models__tool_render__tests__success_renders_resources_status_and_truncation_last.log
9bd94736cb88ea0789e99d2927b53ccc5375dbc52801b9acee4cfc8d58deab51  ??  artifacts/rust-tauri/R05/RR1/INPUT-adversarial-2026-10-04/audit/runtime/r05-suites/lib-adapters_models__tool_render__tests__the_four_base_states_keep_the_t01_vocabulary.log
6e73d58b2aedf8c9f6968d1a35d12b8f8950201f549a34734a9f185647abdcd5  ??  artifacts/rust-tauri/R05/RR1/INPUT-adversarial-2026-10-04/audit/runtime/r05-suites/lib-kernel_model_exchange__tests__empty_snapshot_is_generation_zero.log
4e4f8a61273bef025782776a48f244b421f8f0fe30eff516c5123ed35064edec  ??  artifacts/rust-tauri/R05/RR1/INPUT-adversarial-2026-10-04/audit/runtime/r05-suites/lib-kernel_model_exchange__tests__snapshot_declares_only_callable_resident_targets_at_the_pinned_generation.log
b3e36b4690dd351b7296cc75f5c5ea8ff1b19f64a79959fbb18601b2da26eb70  ??  artifacts/rust-tauri/R05/RR1/INPUT-adversarial-2026-10-04/audit/runtime/r05-suites/lib-kernel_model_exchange__tests__wire_name_collisions_resolve_deterministically_or_fail_loudly.log
547eec2cb1de045c1caf558bf33f468ec3414c17c32a2f94252ad8241f6d57dc  ??  artifacts/rust-tauri/R05/RR1/INPUT-adversarial-2026-10-04/audit/runtime/r05-suites/lib-kernel_model_exchange__tests__wire_name_sanitization_fits_the_strictest_protocol_face.log
72940c3b362abb82c6a60ce481136bd826cb91d51f96dbe9784f380b1248c654  ??  artifacts/rust-tauri/R05/RR1/INPUT-adversarial-2026-10-04/audit/runtime/r05-suites/lib-kernel_toolcatalog__tests__aliases_resolve_to_the_authoritative_identity_and_share_permissions.log
09d89b28cab2b57d5a3698c5a2371dfbbc413fd2a1c771961faa7b605023b583  ??  artifacts/rust-tauri/R05/RR1/INPUT-adversarial-2026-10-04/audit/runtime/r05-suites/lib-kernel_toolcatalog__tests__disable_and_uninstall_change_callability_and_generation.log
0f8b88379bc13df435e27b33c79f64c0e494c83d333d44c4c007608ca89ff6d0  ??  artifacts/rust-tauri/R05/RR1/INPUT-adversarial-2026-10-04/audit/runtime/r05-suites/lib-kernel_toolcatalog__tests__same_name_two_sources_never_overwrites_and_name_only_is_ambiguous.log
12aad87696ae855a26d78a6d2fede9cefffd071ad7c460f8e9e654968a2c8470  ??  artifacts/rust-tauri/R05/RR1/INPUT-adversarial-2026-10-04/audit/runtime/r05-suites/lib-kernel_toolcatalog__tests__stale_catalog_generation_refuses_and_requires_refresh.log
39b9a31e5a9e3fd940e8ca8c9097e41cf8847c870fc715828d62e307eb367a1f  ??  artifacts/rust-tauri/R05/RR1/INPUT-adversarial-2026-10-04/audit/runtime/r05-suites/lib-kernel_toolcatalog__tests__update_cannot_change_the_target_identity.log
0ab871cd4a65f12517c09788c15211d021be4d23e89a4ffdee89a1df48d98df1  ??  artifacts/rust-tauri/R05/RR1/INPUT-adversarial-2026-10-04/audit/runtime/r05-suites/pin-table.txt
16329a0fa03b76faa2401b6e2200b941e27cfeef305dd18c56a5c53ba1eba1e3  ??  artifacts/rust-tauri/R05/RR1/INPUT-adversarial-2026-10-04/audit/runtime/r05-suites/r05-cases.json
18ea6f87cf27e033640fa40a56ccc822134ee257c030660619235de1fa392c80  ??  artifacts/rust-tauri/R05/RR1/INPUT-adversarial-2026-10-04/audit/runtime/r05-suites/summary.txt
59d58ed8b1327936443b4cea22e78fd9611f2b695edae6b2a53e7eed318d9d9f  ??  artifacts/rust-tauri/R05/RR1/INPUT-adversarial-2026-10-04/audit/runtime/r05-suites/svc_r05_t01_binary_wiring.log
ce7461e3d3129280d21081812258f3e1e822fc29f25471c95a3a264406b538ba  ??  artifacts/rust-tauri/R05/RR1/INPUT-adversarial-2026-10-04/audit/runtime/r05-suites/svc_r05_t01_model_plane.log
bd7957902937581b762b09e076dbd760d552789ed6f48fdf51c257e8c936c671  ??  artifacts/rust-tauri/R05/RR1/INPUT-adversarial-2026-10-04/audit/runtime/r05-suites/svc_r05_t02_credentials.log
adc348c57a2d91a31367147ee45b5cd81a6e80077314e542a708dbd60e7f38a1  ??  artifacts/rust-tauri/R05/RR1/INPUT-adversarial-2026-10-04/audit/runtime/r05-suites/svc_r05_t03_protocol_adapters.log
6ef9eb3a0540fc4c4fe707aa02494802a41590804126c854e6c200b084edc790  ??  artifacts/rust-tauri/R05/RR1/INPUT-adversarial-2026-10-04/audit/runtime/r05-suites/svc_r05_t05_timeouts.log
4c7e900eb7f07847fe83cf091d0fb1ad753cbb47f4e26f9eb608aef743a15d18  ??  artifacts/rust-tauri/R05/RR1/INPUT-adversarial-2026-10-04/audit/runtime/r05-suites/svc_r05_t06_worker_model.log
1a1dee03da2f4f1155bddfc60ee887093bd147becb9b6247fbd46a68397745fc  ??  artifacts/rust-tauri/R05/RR1/INPUT-adversarial-2026-10-04/audit/runtime/r05-suites/svc_r05_t07_persistence.log
22155b05b00ddaf66401cb044d5c534df243159d992fcde2fa95778bdb06964d  ??  artifacts/rust-tauri/R05/RR1/INPUT-adversarial-2026-10-04/audit/runtime/r05-suites/svc_r05_t07_usage_trace.log
4a23ccfd4081a7ed18a07f2756b36a63c3f28f6d2ec9323f08ccaf6170d13fd5  ??  artifacts/rust-tauri/R05/RR1/INPUT-adversarial-2026-10-04/audit/runtime/r05-suites/svc_r05_t08_closed_loop.log
b3cf6112bacb3a23268d33f0f32b67f24340207e6a7932d613fcaa1d45d000f0  ??  artifacts/rust-tauri/R05/RR1/INPUT-adversarial-2026-10-04/audit/runtime/rerun-integrations.json
8f53932fed6ba8efca9774f5722545c028e0e29393a46de3c5d7f7b558a0c32f  ??  artifacts/rust-tauri/R05/RR1/INPUT-adversarial-2026-10-04/audit/runtime/rerun-r05_t04_streaming.log
754ed50b511c1f44eb413a4c851c424fc28272bac016c8cde6caf7d29fd89a12  ??  artifacts/rust-tauri/R05/RR1/INPUT-adversarial-2026-10-04/audit/runtime/rerun-r05_t06_operations.log
2cf9bb23b931e895b78e181b0abe5292e7bc1127521648413aa1d8eb700ab29f  ??  artifacts/rust-tauri/R05/RR1/INPUT-adversarial-2026-10-04/audit/runtime/rerun-r05_t08_closed_loop.log
6751622c3ee4dea5b15fb1c77c6a652273be786a984513f9679f07a7343463df  ??  artifacts/rust-tauri/R05/RR1/INPUT-adversarial-2026-10-04/audit/runtime/runtime-audit-result.json
bdc3d01e468a2acbc659f6ad1da35aeb5b8d29bcb456b1227692d780856e5709  ??  artifacts/rust-tauri/R05/RR1/INPUT-adversarial-2026-10-04/audit/runtime/service-pins-fresh/credentials__store__tests__a_failed_write_keeps_the_previous_state_and_reports.log
2ed2489ff457b65c6cb910bf7a5461f8727b9bb04bc84b9888329de65767aa4d  ??  artifacts/rust-tauri/R05/RR1/INPUT-adversarial-2026-10-04/audit/runtime/service-pins-fresh/credentials__store__tests__a_version_conflict_is_loud.log
1deac4b3bcedc8a86cde0517a2a1eb9ba47e2312fda3084a8b63a0a6e28a41ee  ??  artifacts/rust-tauri/R05/RR1/INPUT-adversarial-2026-10-04/audit/runtime/service-pins-fresh/credentials__store__tests__missing_file_loads_empty_and_round_trips.log
3b9cdd1c71d4c70bc581661a4ec4a273d45da2f4a136a13b3c4cd9ee6b4f7f67  ??  artifacts/rust-tauri/R05/RR1/INPUT-adversarial-2026-10-04/audit/runtime/service-pins-fresh/credentials__store__tests__unknown_fields_survive_a_write.log
17386ece2e098c4175113684c760b88cabce4fe17a646718d00f2fdc79ddcac4  ??  artifacts/rust-tauri/R05/RR1/INPUT-adversarial-2026-10-04/audit/runtime/service-pins-fresh/credentials__tests__a_cancelled_waiter_does_not_disturb_the_flight.log
097bd3fefc59bb6f48b1c8133efeb2043aee864ffc2a58b2f38f7bbf93b37a84  ??  artifacts/rust-tauri/R05/RR1/INPUT-adversarial-2026-10-04/audit/runtime/service-pins-fresh/credentials__tests__a_reload_replacing_the_cell_discards_the_late_writeback.log
c82ff7af2c2bcf419a91a691d248e0f65b5a934c953d0d00d2633b55a7b1a47a  ??  artifacts/rust-tauri/R05/RR1/INPUT-adversarial-2026-10-04/audit/runtime/service-pins-fresh/credentials__tests__a_rotated_credential_is_reused_without_a_second_refresh.log
c3bc82f495db078dce870799253e8c432529043e69c83011e32c94866bb8795f  ??  artifacts/rust-tauri/R05/RR1/INPUT-adversarial-2026-10-04/audit/runtime/service-pins-fresh/credentials__tests__an_expired_handle_is_refused.log
d78388cce309f930e78d3af4e958039fb2e5d7c11302349caa1cdf54c44236b3  ??  artifacts/rust-tauri/R05/RR1/INPUT-adversarial-2026-10-04/audit/runtime/service-pins-fresh/credentials__tests__concurrent_401s_merge_into_one_refresh.log
4dbd30008e7c1b1d72bded01855c869b38495e238769b95d6faa1745d747b99a  ??  artifacts/rust-tauri/R05/RR1/INPUT-adversarial-2026-10-04/audit/runtime/service-pins-fresh/credentials__tests__forged_handles_and_provider_references_are_refused.log
95f8631daf2dd9acb6185e946cc2968fcd661c375707c5dbcf81b23d4ac60e73  ??  artifacts/rust-tauri/R05/RR1/INPUT-adversarial-2026-10-04/audit/runtime/service-pins-fresh/credentials__tests__handle_refusal_texts_carry_no_material.log
68c6d170593cb71c29e567b79d9a5454a61a37e0be375e8106bb35688f56bde4  ??  artifacts/rust-tauri/R05/RR1/INPUT-adversarial-2026-10-04/audit/runtime/service-pins-fresh/credentials__tests__resolve_refreshes_at_most_once_when_a_one_second_grant_dies_in_transit.log
aea417485f33478463b170d44dacda34ce8c3024d93137a644f44af9a671d7d3  ??  artifacts/rust-tauri/R05/RR1/INPUT-adversarial-2026-10-04/audit/runtime/service-pins-fresh/credentials__tests__resolve_refreshes_at_most_once_when_every_mint_is_already_expired.log
6cefd1fd04f70df11e4406c7209b998696ef79062b73eaf99600a51ff7326c61  ??  artifacts/rust-tauri/R05/RR1/INPUT-adversarial-2026-10-04/audit/runtime/service-pins-fresh/credentials__tests__revoke_fences_a_late_writeback.log
2e6aef21a308772831d804f5203cbd48576dc7ded33b4c2dba9bf463717cfe14  ??  artifacts/rust-tauri/R05/RR1/INPUT-adversarial-2026-10-04/audit/runtime/service-pins-fresh/redaction__tests__r05_provider_api_key_shapes_are_redacted.log
da272b66331e63889fc14bfbb589005150aa4d7b77f7ff5c58f085ba2956903a  ??  artifacts/rust-tauri/R05/RR1/INPUT-adversarial-2026-10-04/audit/runtime/service-pins-fresh/redaction__tests__r05_secret_key_words_match_case_insensitively.log
7817e929edfc50ba495add045f755fde440c3eed9797af52c960e3ef8ff65379  ??  artifacts/rust-tauri/R05/RR1/INPUT-adversarial-2026-10-04/audit/runtime/service-pins-fresh/redaction__tests__r05_t02_base64_tokens_with_slash_and_padding_are_redacted.log
36eb0b50468b0612d5b037d519ea830f362dd9a8b239e2a5902f613464f5efa8  ??  artifacts/rust-tauri/R05/RR1/INPUT-adversarial-2026-10-04/audit/runtime/service-pins-fresh/results.json
9578fd6c1a01da792016226ab6820dd165f5012d0f86dac18d9cf3a9c6d6037d  ??  artifacts/rust-tauri/R05/RR1/INPUT-adversarial-2026-10-04/audit/worker_usage/Cargo.lock
670622bf0251b6c019e592542571d436fba190b2cc27f596afca6bb7efaff621  ??  artifacts/rust-tauri/R05/RR1/INPUT-adversarial-2026-10-04/audit/worker_usage/Cargo.toml
5dc584f5d137c5ae00a7e1187f46827a642153ea2bf130c90863127c40a5cc5d  ??  artifacts/rust-tauri/R05/RR1/INPUT-adversarial-2026-10-04/audit/worker_usage/R05_T06_T07_ADVERSARIAL_REVIEW.md
f9ffc2cd9b53229591d2bc44502ed7c6569327a820e747bd79eb2adecbfc9405  ??  artifacts/rust-tauri/R05/RR1/INPUT-adversarial-2026-10-04/audit/worker_usage/evidence_manifest.json
469c976fd252a237a2d9f9dd5224848fe4facc50d3436bffa3ccfff5043e2ae6  ??  artifacts/rust-tauri/R05/RR1/INPUT-adversarial-2026-10-04/audit/worker_usage/operations_probes.log
14bf4902b5ceaac0a3608337807d260fa9b5ec5f0d5f0d7140a1887ecee2cdb2  ??  artifacts/rust-tauri/R05/RR1/INPUT-adversarial-2026-10-04/audit/worker_usage/probes.log
2c35a8d15b4ce87cf65da32a0561f6ac32b946a93470cc594ce31df04aa59d68  ??  artifacts/rust-tauri/R05/RR1/INPUT-adversarial-2026-10-04/audit/worker_usage/tests/operations_audit.rs
f924eb97d4053abd01f9d034f739e9212f1a4bf1fc305fab0453c7a89bc983d9  ??  artifacts/rust-tauri/R05/RR1/INPUT-adversarial-2026-10-04/audit/worker_usage/tests/usage_audit.rs
f0637b2d85f9e4d7cc7d089a19a6eba1d01045a76417b9dc4c0256f54f3596c1  ??  artifacts/rust-tauri/R05/RR1/INPUT-adversarial-2026-10-04/audit/worker_usage/usage_probes.log
7fc077f1b370660f582d964977685d5a619fa988befd26f8a4915f409529f2bc  ??  artifacts/rust-tauri/R05/RR1/INPUT-adversarial-2026-10-04/prompt/Lingxi_R05_完整修复与放行验收总控提示词_2026-10-04.txt
371fffc32310ff7fdd6f8b383d437d327b6ab3b8848f78154011cad3719bdfdb  ??  artifacts/rust-tauri/R05/RR1/INPUT-adversarial-2026-10-04/specifications/Lingxi_R05_完整执行与验收提示词_2026-10-02.md
d4f07185735acda91b73a2aa97a42ca7ce5795babf1104968c83671131cf871c  ??  artifacts/rust-tauri/R05/RR1/INPUT-adversarial-2026-10-04/specifications/original_taskbooks/01_通用执行约束.md
53dbf699675d9981b60ea5c982c4d0507afffd5184e6bebac875aae40d173c4d  ??  artifacts/rust-tauri/R05/RR1/INPUT-adversarial-2026-10-04/specifications/original_taskbooks/02_目标架构与强制契约.md
6e84fc77a9f3124d51fe4d088fda6c8dcb96989e43d280634b94b7fc1d778560  ??  artifacts/rust-tauri/R05/RR1/INPUT-adversarial-2026-10-04/specifications/original_taskbooks/03_功能与所有权矩阵.md
940c896508e929ec5f25c2b9020c06c2035c3f9800f43b78b1fd5e303e92bde3  ??  artifacts/rust-tauri/R05/RR1/INPUT-adversarial-2026-10-04/specifications/original_taskbooks/04_阶段依赖与接口交接.md
d86c51f4b8571f94f0e9b457e74e79d9281d5c846e7a37d1f39edfdf47324b61  ??  artifacts/rust-tauri/R05/RR1/INPUT-adversarial-2026-10-04/specifications/original_taskbooks/05_验收与性能协议.md
6c92962e5bcb739509630eb8c9cf8b96fabf67c0d51315717ae048d9b87786f0  ??  artifacts/rust-tauri/R05/RR1/INPUT-adversarial-2026-10-04/specifications/original_taskbooks/06_风险、技术决策与退出条件.md
a10490c115d00f1f0c5bbcf1a5e2f6b8740397103d8b8ad5cc029a3427f1a3e0  ??  artifacts/rust-tauri/R05/RR1/INPUT-adversarial-2026-10-04/specifications/original_taskbooks/R05_模型协议、凭证、流式处理与最小完整闭环.md
d54e7fcc638b62fc4303ce4af8f01ba8c358fd1a90d0f85a491bfd4a439bbd2e  ??  artifacts/rust-tauri/R05/RR1/INPUT-adversarial-2026-10-04/specifications/original_taskbooks/R06_上下文、会话语义、记忆与知识库.md
2d89ffe76e695621cfd20fb91b3c9e251c2414978456b7854f3a1daa422661da  ??  artifacts/rust-tauri/R05/RR1/WP-T01-E01/EXECUTOR_REPORT.md
b7095faf09a3be8ef1f7af41aeb0b64d0fb1b7be41cad41eb2cf00813edbe604  ??  artifacts/rust-tauri/R05/RR1/WP-T01-E01/green-f01-f02.log
50b83907ab9c58e54acc5bee67acc8fd24933425d235cac86266bf5ed75c233c  ??  artifacts/rust-tauri/R05/RR1/WP-T01-E01/old-red-f01-f02.log
7ad818ecc7e435f25b4ca66682726b6033d8ef270933109d5c49ecaa8a2a454a  ??  artifacts/rust-tauri/R05/RR1/WP-T01-E01/service-suite-after-fixtures.log
352c5a635ef2616561f8a48d22412a5670b359c47c117f42d418d4245db69eee  ??  artifacts/rust-tauri/R05/RR1/WP-T01-E01/workspace-flake-verification.md
8c98d90d95ae8e3c14d229a9e29bfaec4baf5e8234428fe1248863efab44fbe2  ??  artifacts/rust-tauri/R05/RR1/WP-T01-E01/workspace-full.log
a8b655dd614e545a348adc50acc4701c7eac429e753077d3d987f7fc3f1a46ed  ??  artifacts/rust-tauri/R05/RR1/WP-T01-E02/EXECUTOR_REPORT.md
0c6bda3cadfb08d22edbb6550c39b8fb6e93c8e17b54f46497e3ba6938987d96  ??  artifacts/rust-tauri/R05/RR1/WP-T01-E02/clippy.log
e3b0c44298fc1c149afbf4c8996fb92427ae41e4649b934ca495991b7852b855  ??  artifacts/rust-tauri/R05/RR1/WP-T01-E02/fmt-check.log
e7f217cb678dbfd5a57cbd4a2fddb7b1b830ac8b991f1d30d143d09befd1b6d2  ??  artifacts/rust-tauri/R05/RR1/WP-T01-E02/green-f29.log
38933bce1b4c0e369b0881f387aa15320787a1f95bc89061a51e838f26fa88f2  ??  artifacts/rust-tauri/R05/RR1/WP-T01-E02/green-r05t01-model-plane-full.log
b0b5cda38c903c52f55c78c5ef45dc95ca77140a3795f0dbec0bc388abc6720a  ??  artifacts/rust-tauri/R05/RR1/WP-T01-E02/old-red-f29-frozen-head.log
0a75c9ccabeb09823aa4926a844fe7e1ab5230b531e32a7b6368a1e261cf8ca5  ??  artifacts/rust-tauri/R05/RR1/WP-T02-E01/EXECUTOR_REPORT.md
6f795e9a384130017a0dcc9dc48b51cb46023d6f2a77e4b48e245a8d18fa4d4c  ??  artifacts/rust-tauri/R05/RR1/WP-T02-E01/check-boundaries.log
c7d816abb09b8588a66bc9d03c2ef019c1068c4fdeed381d5d816f5e02351a3e  ??  artifacts/rust-tauri/R05/RR1/WP-T02-E01/check-contracts.log
e001c4d7fb2c8bb90fec116f9a84240f8e32c9e0470c69d51759dc52449e6955  ??  artifacts/rust-tauri/R05/RR1/WP-T02-E01/clippy.log
4671d55d131b2e787bb0af8a3d0910c7d4998f02233e61f8be638573a7f916c5  ??  artifacts/rust-tauri/R05/RR1/WP-T02-E01/final-both-crates-full.log
e3b0c44298fc1c149afbf4c8996fb92427ae41e4649b934ca495991b7852b855  ??  artifacts/rust-tauri/R05/RR1/WP-T02-E01/fmt-check.log
68e3cf02a57f2fb1982de5bc7c06f824ad88d610025c9e409330082b0bf95f00  ??  artifacts/rust-tauri/R05/RR1/WP-T02-E01/old-red-f04-frozen-head-d80737b6.log
bf8e17d726e3933ea2fb90501a0d59b308b326de4872039ba5a019204b244280  ??  artifacts/rust-tauri/R05/RR1/WP-T02-E01/old-red-frozen-head-d80737b6.log
035af48bea30d8a161270cd3a4dd1dc826f590ae4f5387626579a5305eaabcac  ??  artifacts/rust-tauri/R05/RR1/WP-T02-E01/old-red-pre-fix-candidate.log
affd3272439cc66cb59299e3545c8a3170f82d6ccec8de0ecdd46c7cb3a9be94  ??  artifacts/rust-tauri/R05/RR1/WP-T02-E02/EXECUTOR_REPORT.md
d7dae192715495fa89ccbe279af3efb9792c1dae1768228e369035e68a1df673  ??  artifacts/rust-tauri/R05/RR1/WP-T02-E02/clippy.log
e3b0c44298fc1c149afbf4c8996fb92427ae41e4649b934ca495991b7852b855  ??  artifacts/rust-tauri/R05/RR1/WP-T02-E02/fmt-check.log
4face033f7cdb3f3a7965e809025a526d816f460a581d9ab9fa79776473aeab4  ??  artifacts/rust-tauri/R05/RR1/WP-T02-E02/green-both-crates-full.log
43e0bad3ab46ac6f78bad85f28b716c4474f6266a6fa5880f0c6337ab74b7971  ??  artifacts/rust-tauri/R05/RR1/WP-T02-E02/green-f30-probe-post-fix.log
3ff7b33cd51a76c4b006ca12a3f3c7805c1e8884c68529ea3ead6ae8fb1e90f1  ??  artifacts/rust-tauri/R05/RR1/WP-T02-E02/green-r05t02-credentials-full.log
400a863b07d061926ff136234b9e72273eedf3837c0458cbc89c019a22b7c248  ??  artifacts/rust-tauri/R05/RR1/WP-T02-E02/old-red-f30-probe-pre-fix.log
f6e087d84a28daa82f7bcf4e4742d9d42033aaaeda4a69b5d7ea02af8d634803  ??  artifacts/rust-tauri/R05/RR1/WP-T02-E02/old-red-f30-repo-leg-pre-fix.log
9bd29791f6b00df9c5d57124373b06a92b21e5db776aac020c5fc6b0841e8f96  ??  artifacts/rust-tauri/R05/RR1/WP-T02-R1-INDEPENDENT/f30-oneshot-browser-leg-probe.log
16a132c403aff6cf308c74bd6ad46ef197e4d198b224fcad15aab9342f076fa7  ??  artifacts/rust-tauri/R05/RR1/WP-T02-R1-INDEPENDENT/f30-probe-src.rs
2443d1a649ea66c7c8d0391b07ccf9c73625e3436492c823a2226f9ff7e0000c  ??  artifacts/rust-tauri/R05/RR1/WP-T02-R1-INDEPENDENT/full-suite-both-crates-run2.log
9d84d75b889adde5c2ad8a28dbfa30a1638702795353670ca2d78f0591ca99e9  ??  artifacts/rust-tauri/R05/RR1/WP-T02-R1-INDEPENDENT/probe-original-vs-fix-tree.log
40cc331f5973136b2bc08a0254cadb0dc4920bae5a3050382a5d6f6fbab34724  ??  artifacts/rust-tauri/R05/RR1/WP-T02-R1-INDEPENDENT/probe-original-vs-frozen-head-d80737b6.log
500a3f8d268909ac8951c3e7cffedc1620335505998d8a35fe0d36ea83dcdaa2  ??  artifacts/rust-tauri/R05/RR1/WP-T03-E01/EXECUTOR_REPORT.md
fc6cf0b534c9a201160a65ad874a1394b4aec05b311b811f0d5773c515cab328  ??  artifacts/rust-tauri/R05/RR1/WP-T03-E01/green-adapters-full.log
5a03d042590dacb7942bca4d374b4a5a982cad74e481d60d1b5078bdd5b37ddc  ??  artifacts/rust-tauri/R05/RR1/WP-T03-E01/green-clippy.log
e3b0c44298fc1c149afbf4c8996fb92427ae41e4649b934ca495991b7852b855  ??  artifacts/rust-tauri/R05/RR1/WP-T03-E01/green-fmt-check.log
6fd5c5e09ce2ad6f8ac2b2c432ab6a86ec42a1d738ed1161403dade35db722fb  ??  artifacts/rust-tauri/R05/RR1/WP-T03-E01/green-probe-f06-f10-legs-on-fixed-tree.log
add0d6f3b8916fd547a902fcc665bda11c6d2acc114644fca93c9bb77949f1aa  ??  artifacts/rust-tauri/R05/RR1/WP-T03-E01/green-r05-t03-rr1-replay.log
aea35f435c78dce02b7aff33c7d9df707bc6ecc08a91bd56192fa1e7130462a7  ??  artifacts/rust-tauri/R05/RR1/WP-T03-E01/green-service-full-nofailfast.log
245184c2e54c44f30339d6ec1aff19a185918386fb725d9f86f5e86e5796ae31  ??  artifacts/rust-tauri/R05/RR1/WP-T03-E01/green-service-key-suites.log
f226ad9d59f5bbb19d1f68b52a848ab110354d4b3b0822c0590474a91cdfe91f  ??  artifacts/rust-tauri/R05/RR1/WP-T03-E01/old-red-probe-on-current-tree.log
92e4127044de52ce85e13dd30c4214c2f1f30613a7a99a7f50f4ffc5bd725296  ??  artifacts/rust-tauri/R05/RR1/WP-T03-E01/old-red-r05-t03-rr1-replay.log
198b2c84c957baa4a29c07e64518b1783b039de9563a4ec62591743ddc27a523  ??  artifacts/rust-tauri/R05/RR1/WP-T03-E02/green-adapters-full-f32.log
2ebc8d109c5cf812f22d66cc0db8dcf9d163464ebfa48122bc922d1530437094  ??  artifacts/rust-tauri/R05/RR1/WP-T03-E02/green-clippy-f32.log
e3b0c44298fc1c149afbf4c8996fb92427ae41e4649b934ca495991b7852b855  ??  artifacts/rust-tauri/R05/RR1/WP-T03-E02/green-fmt-check-f32.log
70d0dd4d9ced678335efadeb6e7d8dcdd90991228b29b0170d42d24953ed18d5  ??  artifacts/rust-tauri/R05/RR1/WP-T04-E01/01-old-red-adapters.log
85a94c54527bce9ed497e26cb40b83fdc3ccc985e75a2b147c3d653077ab25cf  ??  artifacts/rust-tauri/R05/RR1/WP-T04-E01/01-old-red-service-rr1.log
72f6610cd7cbbb24ee984dd686ce7fcbcf7b7e4f1861f46eb42b77c5e7314428  ??  artifacts/rust-tauri/R05/RR1/WP-T04-E01/02-full-suite-no-fail-fast.log
e95c54611022000191e0a035d56c7e9a219170b8a76bc47117af68f192fe75ce  ??  artifacts/rust-tauri/R05/RR1/WP-T04-E01/03-postfix-adapters.log
b806030f26fdb3f35ade2f1c8ed67025856b01cb2ad66a2f7c0bce73af7c153d  ??  artifacts/rust-tauri/R05/RR1/WP-T04-E01/04-postfix-service-affected.log
66c3e3c73ec68ca8e28dbd803282fd55ae51538c9e79a2d49443ea4ca700f33f  ??  artifacts/rust-tauri/R05/RR1/WP-T04-E01/05-fmt-clippy-contracts-boundaries.log
d5b0726f49393e58e15f7d906a90096a8afab4f9d219b783df9fcf17ecfaf5a6  ??  artifacts/rust-tauri/R05/RR1/WP-T04-E01/README.md
ac268cf5330a204ef81f5c2c86a5debe727f8fa4cddad49e91b5e41f8768fb8d  ??  artifacts/rust-tauri/R05/RR1/WP-T04-E02/EXECUTOR_NOTE.md
4969b7e3e265cdcaef04a215b05446512a8055a2e81e3f235a249a600e243070  ??  artifacts/rust-tauri/R05/RR1/WP-T04-E02/green-adapters-full-f33.log
d759b9bce7307e938db18e9cbd61d44736c38b22246b9d202a12ef809c00ecc5  ??  artifacts/rust-tauri/R05/RR1/WP-T04-E02/green-battery-f33.log
2abc7cbac0694f1bba1982741672885a9bdc9d1090c9d32e6e9852b09d78a6df  ??  artifacts/rust-tauri/R05/RR1/WP-T04-E02/green-clippy-f33.log
e3b0c44298fc1c149afbf4c8996fb92427ae41e4649b934ca495991b7852b855  ??  artifacts/rust-tauri/R05/RR1/WP-T04-E02/green-fmt-check-f33.log
c75d9e618aaf8f1071dd07f39b9946c4716c92c6581436190f8d84cd2d51fb2c  ??  artifacts/rust-tauri/R05/RR1/WP-T04-E02/green-service-t04-f33.log
d668943b0f2189b0170484e448120cc847c0d694bde74803372f1c3d8f826d4d  ??  artifacts/rust-tauri/R05/RR1/WP-T04-E02/mut1-openai.log
6be8e1844ea96dd1a76d5428f333af56d2fac5523c753ef74e9530f6e7d438ee  ??  artifacts/rust-tauri/R05/RR1/WP-T04-E02/mut2-anthropic.log
af569a8061f2756cd54267178c54aa26fecbbeb4e5084566c46fa53c6008d052  ??  artifacts/rust-tauri/R05/RR1/WP-T04-E02/mut3-google.log
fed746a09e9be089c28f2550a4395e22bc8d51033fb1b26067b50eed598a7f08  ??  artifacts/rust-tauri/R05/RR1/WP-T04-E02/mut4-responses-status.log
723d761b798fb76d5b9599ddcf96dc26ac5d9d1a9820d06413eec74b615b922c  ??  artifacts/rust-tauri/R05/RR1/WP-T04-E02/mut5-responses-incomplete.log
f5987314e6d455f1079a7d379ea75206a3f3aca59e19388b13b82c526c44b6f5  ??  artifacts/rust-tauri/R05/RR1/WP-T04-E02/mutation-copy-baseline-green.log
78d2a883a554095b2819d6bac13013acbd897192d04aceaa292547ef13049bd7  ??  artifacts/rust-tauri/R05/RR1/WP-T05-E01/EXECUTOR_REPORT.md
e04db38f1e67734fa76a6a814c3a84dfd0f707a0188bc7bdf9a1f1dee11f4cf2  ??  artifacts/rust-tauri/R05/RR1/WP-T05-E01/green-adapters-full.log
d6b22a61937902ccefecb326561b2405dbbcf045e4a77f7ab68de70ab438302f  ??  artifacts/rust-tauri/R05/RR1/WP-T05-E01/green-probe-adapted/Cargo.lock
3e3e15d5d1ca721ea5faddd7ec0f40ac948056b24e63d9e37ee6fd8b70339a7f  ??  artifacts/rust-tauri/R05/RR1/WP-T05-E01/green-probe-adapted/Cargo.toml
578fc204a24fac030ab4860da1e93a535ba1f0ec885a9764c8fb72c4343ebc26  ??  artifacts/rust-tauri/R05/RR1/WP-T05-E01/green-probe-adapted/green-on-fixed-tree.log
9ea56af90f10b918a4f180c9cc9ebc5e566adbc06845499d9f3f22e1d29e765f  ??  artifacts/rust-tauri/R05/RR1/WP-T05-E01/green-probe-adapted/src/lib.rs
d987b150e9d26088b82ca573bd3fe0518c0f4bf27f9b283e894c88d77af62d27  ??  artifacts/rust-tauri/R05/RR1/WP-T05-E01/green-service-full.log
fa34cea91209c77cf60170c4ca6f2e4dc5695db64e71bf9541637e1096138568  ??  artifacts/rust-tauri/R05/RR1/WP-T05-E01/old-red-probe/Cargo.lock
32a65f3d560842027ac678109ef6246c9deace531e3878cc0a84ae0d0bfb4b3a  ??  artifacts/rust-tauri/R05/RR1/WP-T05-E01/old-red-probe/Cargo.toml
693de9a5e604c60674d7e7628983e981a7dd06a5643f0a924664a67b9c670112  ??  artifacts/rust-tauri/R05/RR1/WP-T05-E01/old-red-probe/old-red-on-unfixed-tree.log
e82b818123e234eddac1b62d291769c1e9c1956c8225a9cc5036e11ab1a707cd  ??  artifacts/rust-tauri/R05/RR1/WP-T05-E01/old-red-probe/src/lib.rs
6d64e0d9f375cec4fb515094adcfce22f12a2e6f161878aa28de8a16fe78e4af  ??  artifacts/rust-tauri/R05/RR1/WP-T05-E02/green-adapters-full.log
e2cd66bc8689a4a261305c7b3bd55bbf509ee98be06acd2b2db601d58e8aa79c  ??  artifacts/rust-tauri/R05/RR1/WP-T05-E02/green-clippy.log
8cfb7a74de33b3dccde184d8a8bfce413e8c03c3af7926d7ce9b38a5f7334fa7  ??  artifacts/rust-tauri/R05/RR1/WP-T05-E02/green-fmt-check.log
3dd395fa73bc149034fa3a82e20f0dc6c77d1884601430ea80013a819936cdb3  ??  artifacts/rust-tauri/R05/RR1/WP-T05-E02/green-network-unit-tests.log
f16a8fb626151069feb4a699d4a5ebaebde241436ccb4c583ccdd307dc4a9510  ??  artifacts/rust-tauri/R05/RR1/WP-T05-E02/green-r05-t05-network-21legs.log
1dcb779d558623b20517cca369a2ebabc312da05694d7282a5d1f3e71b6e8d58  ??  artifacts/rust-tauri/R05/RR1/WP-T05-E02/mutation-remove-bracket-branch.log
ec019b4afb476e45e2e7b5452f28ff52c00d34fdea069d845a1e79c23c4a6443  ??  artifacts/rust-tauri/R05/RR1/WP-T05-E02/old-red-f35-on-unfixed-tree.log
093bb37b3252a064d9402b0e60d5c153440b14684458d27ac08797ed67e2c2f9  ??  artifacts/rust-tauri/R05/RR1/WP-T06-E01/clippy-workspace.log
47f3f0ac48ab7dece59678ff558ee1cff60fa5a717ef37a3290a7d9de8e7e7c9  ??  artifacts/rust-tauri/R05/RR1/WP-T06-E01/green-fixed-tree-operations-probe.log
9b91ac8ed421dca28135aaa3460c04fd008a7a0f88c2fa65d705f8d8a6134547  ??  artifacts/rust-tauri/R05/RR1/WP-T06-E01/old-red-current-tree-f17-f18-f19.log
6bc353a4b10ba2d83abf44ad1e09f4f18ac1e061f004691e6baf72134e4358bc  ??  artifacts/rust-tauri/R05/RR1/WP-T06-E01/old-red-current-tree-f20-probe.log
a4aab65d5d97a412e3d1e4f2c36d1179a1690f5b82fbd513a524773de690293e  ??  artifacts/rust-tauri/R05/RR1/WP-T06-E01/old-red-frozen-head-operations-probe.log
e760a9f48cdaa39ce3f4be87d0cd3b60508201c47306ed56a32db06482a6db4c  ??  artifacts/rust-tauri/R05/RR1/WP-T06-E01/regression-lingxi-service-final.log
cdab774bd6fbb2d335e7a357df456adc794216c28407fabd5d03b883a90348bc  ??  artifacts/rust-tauri/R05/RR1/WP-T06-E01/regression-lingxi-service-full-r2.log
5faa3b522052a9b429e482fd71742e8c846d538e301cbaa722dd842912c018c6  ??  artifacts/rust-tauri/R05/RR1/WP-T06-E01/regression-lingxi-service-full.log
b095ab61772159bf522ac5ed54749c5b36406cb2a708841b0c0e26448d49cf2a  ??  artifacts/rust-tauri/R05/RR1/WP-T06-E02/EXECUTOR_NOTE.md
659c5d22d7c749ac7ef1b548ccdb8ba4670862cf9e2209659a755ddcb768b56f  ??  artifacts/rust-tauri/R05/RR1/WP-T06-E02/f37-reg-clippy.log
e3b0c44298fc1c149afbf4c8996fb92427ae41e4649b934ca495991b7852b855  ??  artifacts/rust-tauri/R05/RR1/WP-T06-E02/f37-reg-fmt.log
8771b13d94f398189c0215f5182b9690c31ed6fb1a4d7f4907b8d54aecaedda8  ??  artifacts/rust-tauri/R05/RR1/WP-T06-E02/f37-reg-operations.log
7abf8566b4f8c801184bc134d250d90fe3ad643b957570e19e906560dfa4b35b  ??  artifacts/rust-tauri/R05/RR1/WP-T06-E02/f37-reg-speech.log
b770434664028e35aa72beebde59fc8ce9d7ddeadbb568a8722e55b16b947311  ??  artifacts/rust-tauri/R05/RR1/WP-T06-E02/green-battery-f37.log
43901501dae337a168d00f565296cd60df189ef45be022342a48625cf04bd554  ??  artifacts/rust-tauri/R05/RR1/WP-T06-E02/mut1-anti-widening-f37.log
08d16bc27c44863f965f36a8be97a4e32913a5c486e71a23973a760a05b01c3c  ??  artifacts/rust-tauri/R05/RR1/WP-T06-E02/mut2-anti-tightening-f37.log
fb7a6c477e1486cb21b30c05b6e7742cc7f2e0ad17ac29f06c5437baea342723  ??  artifacts/rust-tauri/R05/RR1/WP-T06-E02/oldred-frozen-head-f37-probe.log
97132115c0f79b4d7f87e383ca2634e2abdee8514ea4ffdc6058bedee9aab7f5  ??  artifacts/rust-tauri/R05/RR1/WP-T07-E01/EXECUTOR_REPORT.md
e80e9d26a939013f9adc8ed729fa703564a0c08bc7ce792d8607bc99968fe6b8  ??  artifacts/rust-tauri/R05/RR1/WP-T07-E01/green-adapters-strict.log
fce05abc5dc993e9245052578d7a435a342e0f35d6501bee0e4edb1b922a117e  ??  artifacts/rust-tauri/R05/RR1/WP-T07-E01/green-service-ledger.log
5c3c37f4c282fc87f89787a9362947f478c347a5d4a62eb222692acd998a80c4  ??  artifacts/rust-tauri/R05/RR1/WP-T07-E01/old-red-adapters-strict.log
7f0183e240f37ed29e37a705ec7ddb501965d5a96575ac0f212092488e7dab43  ??  artifacts/rust-tauri/R05/RR1/WP-T07-E01/old-red-service-ledger.log
d1da5e21a02fb518ebd42e82bef32eb8f0d3adff69b324c5b90e59b115da3aa8  ??  artifacts/rust-tauri/R05/RR1/WP-T07-E01/regression-lingxi-service-full.log
496df001db238dea82f57e1d78f97430489d2544addb7f6e57cbddcac6b5cc62  ??  artifacts/rust-tauri/R05/RR1/WP-T07-E02/EXECUTOR_REPORT.md
ba771eef43a992254693e64d4e7c4ed7337f85c78fc86b31e02ab2bc1fedcc3f  ??  artifacts/rust-tauri/R05/RR1/WP-T07-E02/green-r2-adapters-full.log
13d0f9182550ff7eb6107fac39d3888b4654f0e7976172c2563cb19d589e5d40  ??  artifacts/rust-tauri/R05/RR1/WP-T07-E02/green-r2-clippy.log
2306abf7598bfe0b7836ee65dc0cb88513f99a04749d2f598b915f6805ce3c1c  ??  artifacts/rust-tauri/R05/RR1/WP-T07-E02/green-r2-kernel-fmt.log
a3ee8c892484a64c4f5217bbdf32711b3a273221515070792b0ac4d9951d1913  ??  artifacts/rust-tauri/R05/RR1/WP-T07-E02/green-r2-ledger-and-anchors.log
ae1804d96365094e4b33eb8c0331704ade40248ad0ef96c2c19f19195ff16b86  ??  artifacts/rust-tauri/R05/RR1/WP-T07-E02/mutation-verification-r2.log
0b668e852673955f36bd380e1f0257c4a9c0fb6f67bb5aad09d3b25dca42b35f  ??  artifacts/rust-tauri/R05/RR1/WP-T07-E02/regression-lingxi-service-full-r2.log
5687c67f839659d02f05c2221997361d0105afe728618642c50f5ea5bee36f9a  ??  artifacts/rust-tauri/R05/RR1/WP-T07-E03/clippy-svc.log
e3b0c44298fc1c149afbf4c8996fb92427ae41e4649b934ca495991b7852b855  ??  artifacts/rust-tauri/R05/RR1/WP-T07-E03/fmt-check.log
93e9bdaac9b7406bdffe461481f8c3535fd0749a17d495d1aacf69876460c48b  ??  artifacts/rust-tauri/R05/RR1/WP-T07-E03/mut-f38-driver.log
58d248002660a69cbbe35bcbb3bae523fe0c5b26c91bef4e06a683c3caa9d7df  ??  artifacts/rust-tauri/R05/RR1/WP-T07-E03/mut-f39-red.log
fd64140469394a56ce9619f21ed06eb08c7c455626196786fdab1109f899704d  ??  artifacts/rust-tauri/R05/RR1/WP-T07-E03/mut-restore-full.log
456fecceba899d8e29d1825e1b54beb59e3e9dafa12d7440ded14cc4c7a56d44  ??  artifacts/rust-tauri/R05/RR1/WP-T07-E03/runs-rs-sha256-evidence.txt
0d866aeacd9310604aea27edfcc3daf0407ee824a0ca9e861aa1f18b5a82e91a  ??  artifacts/rust-tauri/R05/RR1/WP-T07-E03/t07-cancellation_tree.log
a206d61d28932e6f788c2408148104a80bfd25cdf46f12ad2ac9d03de9eaa414  ??  artifacts/rust-tauri/R05/RR1/WP-T07-E03/t07-late_result_fence.log
180020843acf963026e85f36c7f55f2d8d97b8225caf5f223a2f82ae575f805e  ??  artifacts/rust-tauri/R05/RR1/WP-T07-E03/t07-r04_t07_mcp_and_workers.log
28328dd3129799b496e080e16e2f1ee9baf972ebe39cd97fca019ec49668fbdd  ??  artifacts/rust-tauri/R05/RR1/WP-T07-E03/t07-r05_t03_protocol_adapters.log
302cd8d0f2824ff459e5e353c6d7e1bc8e2fdc5f1c374be945a1e258cb092ca4  ??  artifacts/rust-tauri/R05/RR1/WP-T07-E03/t07-r05_t04_streaming.log
3d809877f7656419f1eacbc6406da770e7aa7bfa049131ce835dc78b9f2fa3c5  ??  artifacts/rust-tauri/R05/RR1/WP-T07-E03/t07-r05_t07_rr1_usage_ledger.log
2e0197b00293c7c98a727078db7e412f28b1f74be7ac64f9942aaeb59ad9d8b0  ??  artifacts/rust-tauri/R05/RR1/WP-T07-R3-INDEPENDENT/REVIEW.md
c2d570f9a476a960c68a541da2a810084a51e9138f22727f2ce8dad8d3883287  ??  artifacts/rust-tauri/R05/RR1/WP-T07-R3-INDEPENDENT/adapters-full.log
50645679bf901e6cc32e28ce727852150ad622158ba11601fc3deaefd9ab4b2b  ??  artifacts/rust-tauri/R05/RR1/WP-T07-R3-INDEPENDENT/adapters-r05_t07_rr1_usage_strict.log
3e0737da96a3d8803ceb3cd4703d31578767be2b008e642436021061bba60ef1  ??  artifacts/rust-tauri/R05/RR1/WP-T07-R3-INDEPENDENT/adapters-r05_t07_usage_families.log
3726267a60ad4b5050eb081dc612e841a53eb9f1e1dd36ca3aa73d9aed5fc131  ??  artifacts/rust-tauri/R05/RR1/WP-T07-R3-INDEPENDENT/clippy-svc.log
c679b903a8c1c6a61840b815e60c8076abf8dfe2bf2c701b1c564be49d9e25c0  ??  artifacts/rust-tauri/R05/RR1/WP-T07-R3-INDEPENDENT/clippy-workspace.log
f3b4eef02e892ef39ebea6425b3cf0101027702576277e44cc0996c3c741b466  ??  artifacts/rust-tauri/R05/RR1/WP-T07-R3-INDEPENDENT/copy-restore-full.log
333349c887d4e7f9f8b2301b59b68e1896b11e0fcfc49fe6eb045df83d229017  ??  artifacts/rust-tauri/R05/RR1/WP-T07-R3-INDEPENDENT/exits.txt
e3b0c44298fc1c149afbf4c8996fb92427ae41e4649b934ca495991b7852b855  ??  artifacts/rust-tauri/R05/RR1/WP-T07-R3-INDEPENDENT/fmt-check.log
9a0ab4832cd7fab72a063b5f2f7dfeb205cf3ec3b7b2f88aa20203354030d2db  ??  artifacts/rust-tauri/R05/RR1/WP-T07-R3-INDEPENDENT/kernel-full.log
0329474bc629a91d9f29099714704a78afa8f949c60193320f47be73f194b3d2  ??  artifacts/rust-tauri/R05/RR1/WP-T07-R3-INDEPENDENT/mut-r3a-f39.log
01ca3db6469fd07f4960b9e2a0772acd727ac51bafea98d92505ba0e2288adf0  ??  artifacts/rust-tauri/R05/RR1/WP-T07-R3-INDEPENDENT/mut-r3b-f38driver.log
356b752ccf033cd0a2f8a7f177f0173fd3047bc4be66a6774ae01fdd502f74ee  ??  artifacts/rust-tauri/R05/RR1/WP-T07-R3-INDEPENDENT/mut-r3b-f39.log
0d866aeacd9310604aea27edfcc3daf0407ee824a0ca9e861aa1f18b5a82e91a  ??  artifacts/rust-tauri/R05/RR1/WP-T07-R3-INDEPENDENT/svc-cancellation_tree.log
9b6fe214420aec3a793761581b4beba897b339c070c84598d609b2cd308622e1  ??  artifacts/rust-tauri/R05/RR1/WP-T07-R3-INDEPENDENT/svc-full-r3.log
5cbdf5b359bd44a4407e5090ab3eb6288398e83e4c4f655962cccf91e0fa3b75  ??  artifacts/rust-tauri/R05/RR1/WP-T07-R3-INDEPENDENT/svc-late_result_fence.log
0b74f59124370d5640be229324369eeb8a56358a099ba3a5b18b7f63459d460a  ??  artifacts/rust-tauri/R05/RR1/WP-T07-R3-INDEPENDENT/svc-r04_t07_mcp_and_workers.log
44f59a512dd798212e9195e275227b15e6e2e5190607220d0c58196d3e497373  ??  artifacts/rust-tauri/R05/RR1/WP-T07-R3-INDEPENDENT/svc-r05_t03_protocol_adapters.log
67ac6f0c4d1614229f6789489b5078d37ebe8890743807a58abba7256ebd5d48  ??  artifacts/rust-tauri/R05/RR1/WP-T07-R3-INDEPENDENT/svc-r05_t04_streaming.log
84f484341b0b09b76f3bafa6bda9c6328182465805409168da50c5b403360e36  ??  artifacts/rust-tauri/R05/RR1/WP-T07-R3-INDEPENDENT/svc-r05_t06_worker_model.log
dde8222fad48c2e13e8b7e54b694bcf62682be25ad0bebaeb9fd45db876992f4  ??  artifacts/rust-tauri/R05/RR1/WP-T07-R3-INDEPENDENT/svc-r05_t07_persistence.log
7455a27c7e6b11a9f61dbdf9f8acc99757644e6d398fd84e6b7fd528569ca8e4  ??  artifacts/rust-tauri/R05/RR1/WP-T07-R3-INDEPENDENT/svc-r05_t07_rr1_usage_ledger.log
ece255b3f92cd9a3d700d0c2e14ff99ffada36ba35f27f1b48f0ab7e74c0dc4b  ??  artifacts/rust-tauri/R05/RR1/WP-T07-R3-INDEPENDENT/svc-r05_t07_usage_trace.log
6e98a33e62f7430612e28ad16451b65da38d77fb9c5ef6843b1db0af4a8ae2da  ??  artifacts/rust-tauri/R05/RR1/WP-T08-E01/R05_SUITES/adp_r05_t02_oauth_flows.log
577543e7975d9aafe85799aba397ceb7f5edf1f03c8387c7afc8143da3699d93  ??  artifacts/rust-tauri/R05/RR1/WP-T08-E01/R05_SUITES/adp_r05_t03_goldens.log
2b03b6bb71a203c75979a68be4b7095978a4b35a088f43320b11bf87104227f4  ??  artifacts/rust-tauri/R05/RR1/WP-T08-E01/R05_SUITES/adp_r05_t03_rr1_replay.log
7618bf57e2932ce9dce6c1845ca2f44b8f2269742f1db7f1e954cc59f15daccd  ??  artifacts/rust-tauri/R05/RR1/WP-T08-E01/R05_SUITES/adp_r05_t04_rr1_batch_terminal.log
56e4e81d337ef793f3192702ff7fa59293c1a775ddaa1cdf24a900ba6216c52a  ??  artifacts/rust-tauri/R05/RR1/WP-T08-E01/R05_SUITES/adp_r05_t04_streaming.log
60eb5afe0fb2102ed984c1d3a15e4d4a39a158bcc376e8dc4141677f65e6cd71  ??  artifacts/rust-tauri/R05/RR1/WP-T08-E01/R05_SUITES/adp_r05_t05_compat.log
e73f60a8c40dcb08809a73d200e1cbac91b56135f0d0966e94e2809a10dce872  ??  artifacts/rust-tauri/R05/RR1/WP-T08-E01/R05_SUITES/adp_r05_t05_timeouts.log
34046e4b22aa53a633828e346526a868b677d506bde105250d0608ddeebde966  ??  artifacts/rust-tauri/R05/RR1/WP-T08-E01/R05_SUITES/adp_r05_t06_operations.log
26a99e2ddbd56b718eb276d2eb0100d50a340d26bfeca6a3efc374758837b71f  ??  artifacts/rust-tauri/R05/RR1/WP-T08-E01/R05_SUITES/adp_r05_t07_rr1_usage_strict.log
b8221fa633a38b7bd010f741810d326562368ca3f6f5e4ae092adc2d00e19907  ??  artifacts/rust-tauri/R05/RR1/WP-T08-E01/R05_SUITES/adp_r05_t07_usage_families.log
cc367ac56cf14f3347fee783c3c4fcc738cb5056ae0c0cb47d31eeeddd6b5a1b  ??  artifacts/rust-tauri/R05/RR1/WP-T08-E01/R05_SUITES/build.log
6aefddb41f6411cce395526e68100a0c6c181e275640e90040a136e81ce7e667  ??  artifacts/rust-tauri/R05/RR1/WP-T08-E01/R05_SUITES/cases.jsonl
6d82a40a36eedb2f590c5cf43e89d3c1c5fef075856729899cd2fdbed06bb479  ??  artifacts/rust-tauri/R05/RR1/WP-T08-E01/R05_SUITES/cid-table.txt
d7ace251ad58c02d3827290f01e346dfdaa9edbe4430ccc16b2c042f7b5c59c9  ??  artifacts/rust-tauri/R05/RR1/WP-T08-E01/R05_SUITES/f27-resource-series.json
e3b0c44298fc1c149afbf4c8996fb92427ae41e4649b934ca495991b7852b855  ??  artifacts/rust-tauri/R05/RR1/WP-T08-E01/R05_SUITES/gaps.txt
2f3216ea5b16cfd846720038796f1bc6c22c6dca25bd6203810290e30967a60b  ??  artifacts/rust-tauri/R05/RR1/WP-T08-E01/R05_SUITES/leaf-cases.json
e5d4609a5ddb973787cd2bf6d915dca804989140b18ff1b1ac73c3a971ab28dc  ??  artifacts/rust-tauri/R05/RR1/WP-T08-E01/R05_SUITES/lib-adapters_models__anthropic_messages__tests__cross_family_opaque_state_is_never_echoed.log
47abe55001e4e96b17cccfbd47ca11c3f31186e77f860140fe353a314c14ad89  ??  artifacts/rust-tauri/R05/RR1/WP-T08-E01/R05_SUITES/lib-adapters_models__anthropic_messages__tests__thinking_and_signature_roundtrip_as_state_never_text.log
326da783e5ad8d063019b63790d63b285080d9f8373ffb829503b4ed29304894  ??  artifacts/rust-tauri/R05/RR1/WP-T08-E01/R05_SUITES/lib-adapters_models__compat__tests__anthropic_marks_system_and_two_recent_user_messages.log
15f46f251daa2a3e6f16551791cd66660c0373c869b0f9d9f822e961ac83fcea  ??  artifacts/rust-tauri/R05/RR1/WP-T08-E01/R05_SUITES/lib-adapters_models__compat__tests__anthropic_max_effort_raises_the_implicit_one_third_cap.log
f04dd17779b28a373c05ea08011ac01ad80bdf77f3a2663488fb876c71ba2f79  ??  artifacts/rust-tauri/R05/RR1/WP-T08-E01/R05_SUITES/lib-adapters_models__compat__tests__codex_strips_budget_and_temperature_fields.log
be187ed414c541df3c2b0f2dd913dd61bef74e5f6065a6a1e2dd71b958262545  ??  artifacts/rust-tauri/R05/RR1/WP-T08-E01/R05_SUITES/lib-adapters_models__compat__tests__dispatch_is_first_match_in_incumbent_order.log
d1d7758fb0ac26ffc5a2658390d87f338d6208dc50369a9202ac354605629ca7  ??  artifacts/rust-tauri/R05/RR1/WP-T08-E01/R05_SUITES/lib-adapters_models__compat__tests__ollama_bridges_response_format_and_num_ctx.log
62e3e2be280361e7b70c077157e7135767892907411f5a83e7bc309da0e4d29f  ??  artifacts/rust-tauri/R05/RR1/WP-T08-E01/R05_SUITES/lib-adapters_models__compat__tests__openrouter_adaptive_disable_is_a_loud_refusal.log
f2981f001f84328262658758eda00e24237b324d6adf7a14ee0ecb4c4fa64c48  ??  artifacts/rust-tauri/R05/RR1/WP-T08-E01/R05_SUITES/lib-adapters_models__compat__tests__volcengine_disable_guard_passes_through_without_controls.log
31c5a76aea30a7de2664f0155cafe23185966aa697a4827aab3fd33313c671c2  ??  artifacts/rust-tauri/R05/RR1/WP-T08-E01/R05_SUITES/lib-adapters_models__config__tests__credential_is_explicit_and_never_defaulted.log
4b40bd067651418a154bccc89ed6fbe72b72ee74bd6cd698037b8124c7637fe6  ??  artifacts/rust-tauri/R05/RR1/WP-T08-E01/R05_SUITES/lib-adapters_models__dispatch__tests__error_status_classification_matches_the_incumbent.log
793a8e4846352d6e9f94066d003ff2d1044394c6121b4c0c7e6b0f9715a2624e  ??  artifacts/rust-tauri/R05/RR1/WP-T08-E01/R05_SUITES/lib-adapters_models__egress__tests__guarded_ipv4_literals_refuse_outside_the_endpoint_exception.log
9ccd3138290f09e04c3566942d6de4ea39cad792511412351ed82ed00f243aa9  ??  artifacts/rust-tauri/R05/RR1/WP-T08-E01/R05_SUITES/lib-adapters_models__egress__tests__https_public_passes_and_plain_http_is_same_origin_only.log
90298ccc664921bbdd7c5c15146130e60b33e1ef69fe134234397d9620c8006d  ??  artifacts/rust-tauri/R05/RR1/WP-T08-E01/R05_SUITES/lib-adapters_models__egress__tests__ipv4_parsing_is_strict_and_default_ports_elide.log
a71be0aed9774464df744ca10ba7dcd8a0cef4d952f96f45fd5e2caf95be70bd  ??  artifacts/rust-tauri/R05/RR1/WP-T08-E01/R05_SUITES/lib-adapters_models__egress__tests__scheme_userinfo_and_host_shapes_refuse.log
7fac4804ca8b71ec9b2f1d0b68007acd8b733fec6b74368a9a3e86662c4f2dbc  ??  artifacts/rust-tauri/R05/RR1/WP-T08-E01/R05_SUITES/lib-adapters_models__egress__tests__the_endpoint_origin_exception_lets_the_loopback_stub_through.log
a5ceac746939a46d8042dea3e921422681d52bf7d594f8f27b54f26c05e4bb58  ??  artifacts/rust-tauri/R05/RR1/WP-T08-E01/R05_SUITES/lib-adapters_models__gateway__tests__a_family_outside_the_operations_matrix_is_loud.log
e7e48e8d67f839fc5e7327e2785b395b345005a354ab3800652984269364c30f  ??  artifacts/rust-tauri/R05/RR1/WP-T08-E01/R05_SUITES/lib-adapters_models__gateway__tests__chat_and_auxiliary_routes_resolve_independently.log
677f413eb13859d82ac9c1b39b32657749556addb28b668d13ddab93c8cfd32f  ??  artifacts/rust-tauri/R05/RR1/WP-T08-E01/R05_SUITES/lib-adapters_models__gateway__tests__reload_swaps_atomically_and_bumps_the_generation.log
ffc52b643a5c36d711f4506358d813269910583b2357074bb747a8fd09ddfc28  ??  artifacts/rust-tauri/R05/RR1/WP-T08-E01/R05_SUITES/lib-adapters_models__gateway__tests__the_pin_pair_rule_never_guesses_a_provider_from_a_model.log
803e60684e47f92b72ce006e2de369d877d2242b1fa5242da7736c5d2e6fd1c6  ??  artifacts/rust-tauri/R05/RR1/WP-T08-E01/R05_SUITES/lib-adapters_models__gateway__tests__unconfigured_operations_are_loud_route_gaps.log
1fa2ff484709241662768ad81abffd5d599c2aac25650b7691ee433e2a5d9af9  ??  artifacts/rust-tauri/R05/RR1/WP-T08-E01/R05_SUITES/lib-adapters_models__google_generative_ai__tests__thoughts_signatures_and_function_calls_parse_in_order.log
f8f99ffb3d477d4447c952503e6d5ab9c6b728a1e6da0814a27c5eb5b9d8e75e  ??  artifacts/rust-tauri/R05/RR1/WP-T08-E01/R05_SUITES/lib-adapters_models__openai_codex_responses__tests__codex_body_pins_store_stream_and_instructions.log
67bf042e78e5ee24404412afeb8e48b866066a28c0bbdcfa215824875d7977cb  ??  artifacts/rust-tauri/R05/RR1/WP-T08-E01/R05_SUITES/lib-adapters_models__openai_completions__tests__a_history_target_missing_from_the_snapshot_fails_loudly.log
314600a86b774f0605f831eb25db1d35a15a2691ca9b147a9e26b3ea2e1bac53  ??  artifacts/rust-tauri/R05/RR1/WP-T08-E01/R05_SUITES/lib-adapters_models__openai_completions__tests__final_answer_identity_comes_from_the_driver_not_the_response.log
84d7385f0a02eca3010b5b48698d36f29e7381121c298a7c02498490edc9e585  ??  artifacts/rust-tauri/R05/RR1/WP-T08-E01/R05_SUITES/lib-adapters_models__openai_completions__tests__parses_tool_calls_with_usage_and_identity_from_the_driver.log
83d00c94de4fe66057ef46f661a065973afeedbc259fd064fd996779cc405032  ??  artifacts/rust-tauri/R05/RR1/WP-T08-E01/R05_SUITES/lib-adapters_models__openai_completions__tests__unknown_wire_names_are_protocol_violations_never_guesses.log
971c6c6713439272cf28c34df3d64a06b1be7c8875a592d6787bdd62e0c26d2a  ??  artifacts/rust-tauri/R05/RR1/WP-T08-E01/R05_SUITES/lib-adapters_models__openai_responses__tests__reasoning_items_roundtrip_verbatim_with_summary_as_reasoning.log
603f80fd5a29b9a977b95415aeda49e6c8e8f15a474fbac5e3b68b7f82f12370  ??  artifacts/rust-tauri/R05/RR1/WP-T08-E01/R05_SUITES/lib-adapters_models__openai_responses__tests__request_shape_instructions_tools_and_no_server_state.log
141d2423fc148ce10356bc36bf26970c7afac46705a039833cdf7e602149a146  ??  artifacts/rust-tauri/R05/RR1/WP-T08-E01/R05_SUITES/lib-adapters_models__streaming__tests__a_leading_bom_is_stripped_once.log
660ff7ac048b8db3f2bf6cfe74d02b60451c676f5a5cf43d1176ad5492916cb0  ??  artifacts/rust-tauri/R05/RR1/WP-T08-E01/R05_SUITES/lib-adapters_models__streaming__tests__comments_and_id_and_retry_fields_are_ignored.log
dcea4a32eac8fc2d6e4f4e012f27bb34a4246e23f0621ddd4266a382801bf2e4  ??  artifacts/rust-tauri/R05/RR1/WP-T08-E01/R05_SUITES/lib-adapters_models__streaming__tests__multi_line_data_joins_and_chunks_may_split_anywhere.log
d505a0a745bc93eb087e471fc61492816da86079005b9126b88053673743af54  ??  artifacts/rust-tauri/R05/RR1/WP-T08-E01/R05_SUITES/lib-adapters_models__streaming__tests__simple_frames_dispatch_on_blank_lines.log
55c4757e4d4dbbbd61c1ecd3af53d041c7b059c1fcd440c803efe110da917aaf  ??  artifacts/rust-tauri/R05/RR1/WP-T08-E01/R05_SUITES/lib-adapters_models__streaming__tests__the_buffer_bound_is_loud.log
2674b731e16bbdb0f83a33f078d528fa3a1d45b65d238ace9e65bcf34078f95c  ??  artifacts/rust-tauri/R05/RR1/WP-T08-E01/R05_SUITES/lib-adapters_models__streaming__tests__the_per_frame_bound_is_loud_across_lines_and_chunks.log
8fc6e4c1ce5b20caac55c3f5ecdb45a44241dd5d0477ed07b4a993ed878c9540  ??  artifacts/rust-tauri/R05/RR1/WP-T08-E01/R05_SUITES/lib-adapters_models__tool_render__tests__running_and_stop_unconfirmed_statuses_are_honest.log
5fe11fcabd159dafdead3bc3c393c119f40bbfdfc787a660577c48c31805a933  ??  artifacts/rust-tauri/R05/RR1/WP-T08-E01/R05_SUITES/lib-adapters_models__tool_render__tests__success_renders_resources_status_and_truncation_last.log
5f2527fcbae5a55869cf46aaad485f4385eeabedcc7aecfa15f27f2973e32917  ??  artifacts/rust-tauri/R05/RR1/WP-T08-E01/R05_SUITES/lib-adapters_models__tool_render__tests__the_four_base_states_keep_the_t01_vocabulary.log
8ffbfa1c4c528665b954b91bc9dd14e0b6d87f466d552191a6ec460104b0be43  ??  artifacts/rust-tauri/R05/RR1/WP-T08-E01/R05_SUITES/lib-kernel_model_exchange__tests__empty_snapshot_is_generation_zero.log
c978da80433e0cd50a247fa6dec036691f8887cf92649bc0fa1245676a721375  ??  artifacts/rust-tauri/R05/RR1/WP-T08-E01/R05_SUITES/lib-kernel_model_exchange__tests__snapshot_declares_only_callable_resident_targets_at_the_pinned_generation.log
4dd245fbc0186b1e1c42e94da4b68df963fd118cb114ca6a018839b22ca3e1e3  ??  artifacts/rust-tauri/R05/RR1/WP-T08-E01/R05_SUITES/lib-kernel_model_exchange__tests__wire_name_collisions_resolve_deterministically_or_fail_loudly.log
17c1f23d30ca85acf292e407d4034be02013bedc4c91f450cd6d3fa1d839ebeb  ??  artifacts/rust-tauri/R05/RR1/WP-T08-E01/R05_SUITES/lib-kernel_model_exchange__tests__wire_name_sanitization_fits_the_strictest_protocol_face.log
c05af924100204336e16c61b8ee4422b3d580b90c21830584d3de452f0b97666  ??  artifacts/rust-tauri/R05/RR1/WP-T08-E01/R05_SUITES/lib-kernel_toolcatalog__tests__aliases_resolve_to_the_authoritative_identity_and_share_permissions.log
296febee497e317bc4329e7d9b368d9a682b6fef7c47738b7a71398307f9b400  ??  artifacts/rust-tauri/R05/RR1/WP-T08-E01/R05_SUITES/lib-kernel_toolcatalog__tests__disable_and_uninstall_change_callability_and_generation.log
9552d0fe3bdb843dc8d2dc72af576b5a96b35692bb1e9f6f57db2451e65bda50  ??  artifacts/rust-tauri/R05/RR1/WP-T08-E01/R05_SUITES/lib-kernel_toolcatalog__tests__same_name_two_sources_never_overwrites_and_name_only_is_ambiguous.log
ab0324a59ad3200125499cfbb5d41663aa61c666f835992d1ce28a3afd3c7b33  ??  artifacts/rust-tauri/R05/RR1/WP-T08-E01/R05_SUITES/lib-kernel_toolcatalog__tests__stale_catalog_generation_refuses_and_requires_refresh.log
2c22823bb5cbe999f5fe3a75e9c84e082e8762c65f466d823c75d8ad7624082c  ??  artifacts/rust-tauri/R05/RR1/WP-T08-E01/R05_SUITES/lib-kernel_toolcatalog__tests__update_cannot_change_the_target_identity.log
ce139e26ab280a05dabdb3f60dec6a4ded39201ee004b29b6befa441626262cd  ??  artifacts/rust-tauri/R05/RR1/WP-T08-E01/R05_SUITES/lib-service_credentials__store__tests__a_failed_write_keeps_the_previous_state_and_reports.log
d0995b169816bcdfff7cafb219a133315619fcf314d75b2fdb78f084fec1b6c4  ??  artifacts/rust-tauri/R05/RR1/WP-T08-E01/R05_SUITES/lib-service_credentials__store__tests__a_version_conflict_is_loud.log
5dc07d5ae8d79c94326b66c6430c17d2444f17c62bf14ffc54bbb73acd041c70  ??  artifacts/rust-tauri/R05/RR1/WP-T08-E01/R05_SUITES/lib-service_credentials__store__tests__missing_file_loads_empty_and_round_trips.log
5281fcf1e90e2f053ed6dd14b88ec5c98d6802746f04d102b5acdf49a4939aaf  ??  artifacts/rust-tauri/R05/RR1/WP-T08-E01/R05_SUITES/lib-service_credentials__store__tests__unknown_fields_survive_a_write.log
6f7dc77b167b8b6511d9252dceb72f2be4544ebaa5a46af70fdc1141a3071f72  ??  artifacts/rust-tauri/R05/RR1/WP-T08-E01/R05_SUITES/lib-service_credentials__tests__a_cancelled_waiter_does_not_disturb_the_flight.log
1987e77f635bdf6f3803d3481fc5f727c888b985a4bcf4f3ec78da5ee0279afa  ??  artifacts/rust-tauri/R05/RR1/WP-T08-E01/R05_SUITES/lib-service_credentials__tests__a_reload_replacing_the_cell_discards_the_late_writeback.log
a5b5bf60565e20602b451b44abe76caff57afd445235c009a96b9ad7e1b1c218  ??  artifacts/rust-tauri/R05/RR1/WP-T08-E01/R05_SUITES/lib-service_credentials__tests__a_rotated_credential_is_reused_without_a_second_refresh.log
3fe27a5a67dcb023e6bd1f48f8957aabb0aff588d41d2f598f6a0783858252fa  ??  artifacts/rust-tauri/R05/RR1/WP-T08-E01/R05_SUITES/lib-service_credentials__tests__an_expired_handle_is_refused.log
1fcc2a047086cc2f3f54e8c4d259259d7ddd7b61332503a44965d28cd814558f  ??  artifacts/rust-tauri/R05/RR1/WP-T08-E01/R05_SUITES/lib-service_credentials__tests__concurrent_401s_merge_into_one_refresh.log
561e78bb0b57745369b0713fb9f2f1203372c821a9e999a8b816100c057dc66f  ??  artifacts/rust-tauri/R05/RR1/WP-T08-E01/R05_SUITES/lib-service_credentials__tests__forged_handles_and_provider_references_are_refused.log
672011018192516616e6e31c9272b16b7860f8ea12a7b6986519eac0733d37eb  ??  artifacts/rust-tauri/R05/RR1/WP-T08-E01/R05_SUITES/lib-service_credentials__tests__handle_refusal_texts_carry_no_material.log
626ca23182536027d8e3966801be4e975de13c296362529161517116792a0f25  ??  artifacts/rust-tauri/R05/RR1/WP-T08-E01/R05_SUITES/lib-service_credentials__tests__resolve_refreshes_at_most_once_when_a_one_second_grant_dies_in_transit.log
444ac8e1e8735871005a9eb9f8fb6b8d7c7fa930fdbce6aaf27e551618e4f246  ??  artifacts/rust-tauri/R05/RR1/WP-T08-E01/R05_SUITES/lib-service_credentials__tests__resolve_refreshes_at_most_once_when_every_mint_is_already_expired.log
cd3353f7affe9ec5ffa517c072764f16973c49cf1cc27e0bb7c925657a585788  ??  artifacts/rust-tauri/R05/RR1/WP-T08-E01/R05_SUITES/lib-service_credentials__tests__revoke_fences_a_late_writeback.log
935e90bb6b25886037fc4a438749c0056fcf1f05f67f69c10d512edef8944493  ??  artifacts/rust-tauri/R05/RR1/WP-T08-E01/R05_SUITES/lib-service_redaction__tests__r05_provider_api_key_shapes_are_redacted.log
f86e907344acc3eef786bf8634de3e748095dcb83dc16a306c81ea13c45b5a60  ??  artifacts/rust-tauri/R05/RR1/WP-T08-E01/R05_SUITES/lib-service_redaction__tests__r05_secret_key_words_match_case_insensitively.log
138d719b73194e67bbef19c518608f8f5503ae0ab60f308534f6c01640897845  ??  artifacts/rust-tauri/R05/RR1/WP-T08-E01/R05_SUITES/lib-service_redaction__tests__r05_t02_base64_tokens_with_slash_and_padding_are_redacted.log
f230fa002e75d29c18d343fbc36a16ee7c6fffb521743ca250173b93f65af85e  ??  artifacts/rust-tauri/R05/RR1/WP-T08-E01/R05_SUITES/pin-table.txt
11c137874bc3297dffbc2e2383a53ea066c02a6a7076604ceda5af4d483edea1  ??  artifacts/rust-tauri/R05/RR1/WP-T08-E01/R05_SUITES/r05-cases.json
9e2fc8f4d87f80898517018e710f2b9185d5eb813321e991b8b852423d447358  ??  artifacts/rust-tauri/R05/RR1/WP-T08-E01/R05_SUITES/required-cids.txt
99610d17e6368f56cf642fa25fbc2084b78ec101e06f6a417e3a6ab9e3b7eec5  ??  artifacts/rust-tauri/R05/RR1/WP-T08-E01/R05_SUITES/summary.txt
b79be51905c618f065b40ce84f5106657c018785e1699aeed8140d7388edc417  ??  artifacts/rust-tauri/R05/RR1/WP-T08-E01/R05_SUITES/svc_r05_t01_binary_wiring.log
f8d986140b6badb197cf7faf1597b3be2a0a91c78b4534f2f0d4761521ade61a  ??  artifacts/rust-tauri/R05/RR1/WP-T08-E01/R05_SUITES/svc_r05_t01_model_plane.log
fcfa8762957e31010bbd903ace7780d009f7f1dc7b785108cabbd1dc8e0c0a8e  ??  artifacts/rust-tauri/R05/RR1/WP-T08-E01/R05_SUITES/svc_r05_t02_credentials.log
2a4cf9b2ff1bc1609b3ab73570cdc1f0d1d4f684f653971444ad117d922f6fc3  ??  artifacts/rust-tauri/R05/RR1/WP-T08-E01/R05_SUITES/svc_r05_t03_protocol_adapters.log
f5a29ac1b6c7fd858ada45c9b639e76347e8b2284cd6dcf1ee636f7ded905512  ??  artifacts/rust-tauri/R05/RR1/WP-T08-E01/R05_SUITES/svc_r05_t04_streaming.log
0c0aa0d8590b947978c9ad0327ace6fd6921d6f9f80c93e9a4128de3aca93fb4  ??  artifacts/rust-tauri/R05/RR1/WP-T08-E01/R05_SUITES/svc_r05_t05_network.log
d78c6ff75d127bfbe2e1f8ba08a7e2002fc85c1f1c20cf4d1e659df6d1375546  ??  artifacts/rust-tauri/R05/RR1/WP-T08-E01/R05_SUITES/svc_r05_t05_timeouts.log
81c56a24ca5a28654a13191a4e47ef2ef0ea341fe8af002e926b1a914c9b1124  ??  artifacts/rust-tauri/R05/RR1/WP-T08-E01/R05_SUITES/svc_r05_t06_operations.log
1935eceb9ae1faa4cf503a613747312e33b4d18ee4db2799ca5b15c4e85a80d9  ??  artifacts/rust-tauri/R05/RR1/WP-T08-E01/R05_SUITES/svc_r05_t06_rr1_media_resource.log
11f7b6b2410fbeb5227d53de08abd51561eae2439ad3eba82705ae62e0f76d96  ??  artifacts/rust-tauri/R05/RR1/WP-T08-E01/R05_SUITES/svc_r05_t06_rr1_system_speech.log
43c0b6dd02da496546d2855f7e05f49f8a141da2e4c9fe2a48057cefda2f34a5  ??  artifacts/rust-tauri/R05/RR1/WP-T08-E01/R05_SUITES/svc_r05_t06_worker_model.log
5e4271627903aff696f27e8e180afc46641b1b47d70871124c7bb719e247acea  ??  artifacts/rust-tauri/R05/RR1/WP-T08-E01/R05_SUITES/svc_r05_t07_persistence.log
d17b9ab29e8c315e5592556405ebab65bc86991b0a40ec20d962bc5aa376e661  ??  artifacts/rust-tauri/R05/RR1/WP-T08-E01/R05_SUITES/svc_r05_t07_rr1_usage_ledger.log
e79a3e55dc95dadff50eacf3f79a35e10b2a11ade79351f14a20ad4dc23f2543  ??  artifacts/rust-tauri/R05/RR1/WP-T08-E01/R05_SUITES/svc_r05_t07_usage_trace.log
2978219158100d0b795852dbb9efd1a1c0c55ab304a6d7369969e60ba823f12b  ??  artifacts/rust-tauri/R05/RR1/WP-T08-E01/R05_SUITES/svc_r05_t08_closed_loop.log
e7e42d75de17d213eaccdf01efa6857ca0148a03cf2037a71f616c70be252559  ??  artifacts/rust-tauri/R05/RR1/WP-T08-E01/R05_SUITES/svc_r05_t08_production_tools.log
b20de7d527541dbaba573554001f9329ca9bc71f94a28a2a5186a9edb8220f54  ??  artifacts/rust-tauri/R05/RR1/WP-T08-E01/R05_SUITES/svc_r05_t08_resources.log
ed3147f5d80e9be8f93eaf8b08aa4df1875be373fdc786559c413d280208a7f8  ??  artifacts/rust-tauri/R05/RR1/WP-T08-E01/gates-check-boundaries.log
47b71b26072dac760ea169f20bb80799497ca3e2dfbea89ccb788d4874ddc423  ??  artifacts/rust-tauri/R05/RR1/WP-T08-E01/gates-check-contracts.log
05bdfeef1fce7d31fb9b27525fd5dd34b16da359ca9e3ca3e208735c70d87a84  ??  artifacts/rust-tauri/R05/RR1/WP-T08-E01/gates-clippy.log
e3b0c44298fc1c149afbf4c8996fb92427ae41e4649b934ca495991b7852b855  ??  artifacts/rust-tauri/R05/RR1/WP-T08-E01/gates-fmt.log
b5602bf2b10bf16a1388cbc42fb8c056bc4b3ee54c946b1c0ccfdbb77b881014  ??  artifacts/rust-tauri/R05/RR1/WP-T08-E01/gates-test-r00-management-rerun.log
419062e82033fc77c13b1d71670b88c95081529af57f7abaf4798090bf0190b1  ??  artifacts/rust-tauri/R05/RR1/WP-T08-E01/gates-test-r00-management-rerun2.log
8c786367f750e86241891550f59006a958c32846f563dede5df8ae80e5529162  ??  artifacts/rust-tauri/R05/RR1/WP-T08-E01/gates-test-workspace.log
7fcd01bfbda70ec631a598b4f455b279ecccc976c3a79e9deee910989e6d048a  ??  artifacts/rust-tauri/R05/RR1/WP-T08-E01/old-red-f24-on-unfixed-tree.log
8d72d4ab96e75663b2fb9fbb7586bba0076098842af214826052073d48f952e1  ??  artifacts/rust-tauri/R05/RR1/WP-T08-E01/stage-suites-run.log
c219180aab39823c647f8758028fe91150bd2e5e76d735b3dd9000ab99ec7b37   M  docs/rust-tauri/R05/MODEL_USAGE_SEMANTICS.md
d5c394eee9b7f0ea51e8004cd6a751b9a886a6411f2feed3c669ebd71ab7c389   M  docs/rust-tauri/R05/PROGRESS_LEDGER.json
1407f4bcfae76a3ddef5a174f8b394dc5abf1ed992f4f8ddae39803e1c5fb59c   M  docs/rust-tauri/R05/PROTOCOL_WIRE_MATRIX.json
4a3cd04fa80c616853aa9892967cfae3e86ea21eedc4f343bce3b03d0316fd82   M  docs/rust-tauri/R05/R05_ACCEPTANCE_LEDGER.json
94fe2d00348f3bbe05e08f47c2c64c1a303f8037930cb4bf9bac9eb2f74d2f47   M  docs/rust-tauri/R05/R05_BLOCKERS.md
4aff1d9aaf51f0bf94b74a815a4c381582d13747a89087a09b3d38efe6cacb15   M  docs/rust-tauri/R05/R05_HANDOFF.json
14f3e7bbbeef2058426b01c1e721b4bc83acb7d288ab16cd3e28fe2730898b54   M  docs/rust-tauri/R05/R05_INTERFACE_EVOLUTION.md
0cfd02db2ab41fd1b876b694d705410dd90564265d56917413e98d28508a61f2   M  docs/rust-tauri/R05/R05_NEGATIVE_GATE_REPORT.md
c1fd4b03b677d033ddc6a19df1cae2e41be7ea46d3dfd3f4424b7bb2aea0801a   M  docs/rust-tauri/R05/R05_PERFORMANCE_RESULTS.json
afecde7cf0b4c8c5a517eb196b48f13e73814df15ae2bb9a88b1d858a46cea04   M  docs/rust-tauri/R05/R05_REPORT.md
222e8e7e54030578c0ce4697d33a98b59ec3ca5cc210642bdc83bdb3b7a72110   M  docs/rust-tauri/R05/R05_SCOPE_MATRIX.json
c6b5da4a74938e66b6962b733a46a1d9ef8401cab36dc816ccbdb2de553bec99   M  docs/rust-tauri/R05/R05_TEST_MAP.json
a4f5866d11a833a7bbcd7224e898baaaa047a485cf4b2c66c515af25348db64f   M  docs/rust-tauri/R05/r05_leaf_case_map.tsv
1a046aa162d62bc1fdefdd286a6211d37c15852a2683073df9c629d26190676c  ??  docs/rust-tauri/R05/r05_required_cids.tsv
6d82a40a36eedb2f590c5cf43e89d3c1c5fef075856729899cd2fdbed06bb479   M  docs/rust-tauri/R05/r05_stage_cids.tsv
f230fa002e75d29c18d343fbc36a16ee7c6fffb521743ca250173b93f65af85e   M  docs/rust-tauri/R05/r05_stage_pins.tsv
5bb22b63b018b41ee11f20426545834680c3e86397c093a98e121ac489783048   M  docs/rust-tauri/R05/r05_t01_build_scope_matrix.py
89c312ff936cc582b944c97d6166e7c6ffc6a57f8481aee0653d1bc9815b05fb  ??  docs/rust-tauri/R05/repair-current/RR1_BRIEF.md
fac25875dfd9a51745ed740c51c5a26d520d03ca62c01ecc24af58b217f6f676  ??  docs/rust-tauri/R05/repair-current/RR1_ISSUE_MATRIX.json
cb3a598506e7398f4f48c70f9e88ac7f66e4962aba0ae44832610fc07d88ef43  ??  docs/rust-tauri/R05/repair-current/RR1_LEAF_DEVIATIONS.md
7fc077f1b370660f582d964977685d5a619fa988befd26f8a4915f409529f2bc  ??  docs/rust-tauri/R05/repair-current/RR1_MASTER_PROMPT_2026-10-04.md
6e1921114ba71a62938d7e26538fe8ea85f16a58a21d9582cafa23afe9d7a890  ??  docs/rust-tauri/R05/repair-current/RR1_PROGRESS.md
f7252fdd642075333d050340c3d2b4687d936c92a3ac07c6e2019fd8c71f5c61   M  rust/crates/lingxi-adapters/Cargo.toml
abca1b0fb608c74be9fb5da690a2843891a58cff1a744f0bf2523b3cc38fa59d   M  rust/crates/lingxi-adapters/src/models/anthropic_messages.rs
504cc229598a737f260eb09b308b052aa9c9d196acaa471a8fd21281cdc46c04   M  rust/crates/lingxi-adapters/src/models/auxiliary.rs
d6944a71609ac765625c7b549f5508d9a0e4bdeb7197eb8a234e977f612320e6  ??  rust/crates/lingxi-adapters/src/models/batch_admission.rs
be1229f65e2e462ad37ddccc6cbaee08d49e12dcd6144fc1c8a763822e3a25ca   M  rust/crates/lingxi-adapters/src/models/compat.rs
09f5f6533911cb76dbbe8a77844fdebd816fbe5b1006fd92a077b75ede91e144   M  rust/crates/lingxi-adapters/src/models/config.rs
c8de486b2f8f38e75fabad2f9f1fd5a3e8da689aac058f06b2908c883133e624   M  rust/crates/lingxi-adapters/src/models/credentials.rs
877badc332ed687c59f183e0fe2097d4f19daef37858b3d61889791bcc74fef1   M  rust/crates/lingxi-adapters/src/models/dispatch.rs
209ddd869203fdf198970353a2832b1765b7b02fb01b1394cf91be4cbee67c67   M  rust/crates/lingxi-adapters/src/models/egress.rs
23e97214cc66a75fca73e957a3a19b5bf2142c72ea6448db827f32c8ab8c5deb   M  rust/crates/lingxi-adapters/src/models/gateway.rs
494e92ed53b58754f05ad763b8cb7d66cca8a2768029cb14e517efbfb23e18cc   M  rust/crates/lingxi-adapters/src/models/google_generative_ai.rs
6ca2aa31b3bc52b4f2d4a471edc0ac19eca41159b883c74a1ecbcbb754aec400   M  rust/crates/lingxi-adapters/src/models/mod.rs
38eb8d28653957bb2eddfe1bfeb2df45bffd663514399b078cec2652c6d9ace5  ??  rust/crates/lingxi-adapters/src/models/network.rs
df4a8db93d629c20826c9316114e03eaa615d1c9286b61a1cadf34fb15fa047a   M  rust/crates/lingxi-adapters/src/models/oauth.rs
89ce79f6b73f18f1e77ebb8bd299eb5478cadad33f76d03192bdfea650751b4c   M  rust/crates/lingxi-adapters/src/models/openai_codex_responses.rs
e00c193720f60b67dfbaed8dfe0bea1b5064aa3449af52cee26f27f1603db761   M  rust/crates/lingxi-adapters/src/models/openai_completions.rs
2bedaf6c8d437eebc9937e0868d93db554094c48db7fbf579294498b9ecf8880   M  rust/crates/lingxi-adapters/src/models/openai_responses.rs
b410cfe1bddcad6ba82506ff0cda702741bab7588f13d2c6ab9c86cbcb613e47   M  rust/crates/lingxi-adapters/src/models/operations/embedding.rs
2cc0e91acbb8a189959c1013afafe9d4bfc09fbd101258b07b39b16bec248320   M  rust/crates/lingxi-adapters/src/models/operations/mod.rs
551c6b2029dcd5069bd01eb48428275f90000540e14e81a9c064c28ba5859f57   M  rust/crates/lingxi-adapters/src/models/operations/rerank.rs
f4940723e287b031a527d980809de0c08763658545e4936fee9e252b7c505e31   M  rust/crates/lingxi-adapters/src/models/operations/video.rs
c31ac88b7d4dd5d391928c222dc543d4cf8e506c2b1b4216e58221b69ea3e657   M  rust/crates/lingxi-adapters/src/models/provider.rs
0a6a1340f0160206ed65e555a941fbfee67d9ff26e352e08a8cf58019184230a   M  rust/crates/lingxi-adapters/src/models/usage.rs
df9519611c4020c5eed3acccedc92287feeb9f6b0af477ee69e1317ef089859d   M  rust/crates/lingxi-adapters/src/storage/migrations.rs
542973c1a89e0b458b0bacd73bb594934d4a97369bc2785d7c4723caaad06496   M  rust/crates/lingxi-adapters/src/storage/run_store.rs
32af7519e8e73479b9b7093a1f98ea44b83a14736f16426a2b82da10e93f12b5   M  rust/crates/lingxi-adapters/tests/golden/google-generative-ai/forward.json
71f4afedccbeb3f0ea09e53f6aa359c1d4efb3bfe6ae63be593437978ee182b9   M  rust/crates/lingxi-adapters/tests/golden/google-generative-ai/tool_roundtrip.json
5393895d4455838eb33e81830f5d6e9576350ab470abcd1d0543827245cf9210   M  rust/crates/lingxi-adapters/tests/golden/openai-completions/tool_roundtrip.json
bdc9a14343d95631712b08396f972aca327cb9cadbba8c0e54dda9bc14b59ce1   M  rust/crates/lingxi-adapters/tests/r05_t03_goldens.rs
dea6c1959112e19a5a4de2494b2b4cb6cefd975846c8eb2d6a4fa85c5467baad  ??  rust/crates/lingxi-adapters/tests/r05_t03_rr1_replay.rs
e354a62449b5f42f22ea841c485e3cfccd428e0b07f3d7208fed9775940a7092  ??  rust/crates/lingxi-adapters/tests/r05_t04_rr1_batch_terminal.rs
4ed807ea8d0be9858c972ddcbebe2a3f5ba2dab262e72ffcdee69317f483558e   M  rust/crates/lingxi-adapters/tests/r05_t04_streaming.rs
27365cdb2862329fd7b24dc28a90ff7b6e936a959dc3f02853d91c0e0a1b3304  ??  rust/crates/lingxi-adapters/tests/r05_t07_rr1_usage_strict.rs
9aab61502ab41a8c5ffa624cdc7b483cc4eaf2d67c3bacb028cf448d29c95106   M  rust/crates/lingxi-adapters/tests/r05_t07_usage_families.rs
62bb3b1b3ad42f5ea46961ab5c5b1d98d54f22c0a359f8d099ad1e323a6d4c6b   M  rust/crates/lingxi-kernel/src/model_exchange.rs
3f32e8c7c0a617d6bcb73ed11ab5eb468acfbb383ac844964a9ad52a75fa3936   M  rust/crates/lingxi-kernel/src/ports.rs
209bc2f127595674ed86c64cbf92d7fc1632bcbbfcc446909cd0f632cf470f3b   M  rust/crates/lingxi-kernel/src/usage.rs
960365bee86e48825681bf6962730ac0f67f48dab870656cde174ff44981cd8d   M  rust/crates/lingxi-service/src/config.rs
397b40157707c9bbee786ae86dff15b6989aca7c3a3942583caf71bae8276bf8  ??  rust/crates/lingxi-service/src/credentials/login.rs
5fa96ae62b17fe8695c137ae3183fb0cbc47cc5d1291c3386f37b640b4ab7a0c   M  rust/crates/lingxi-service/src/credentials/mod.rs
a69b4d4e2bab340055e30907cfece32bbd58c54da1898fe8c72d133eb253696f   M  rust/crates/lingxi-service/src/credentials/store.rs
4803fe5164ad448860b162d58a374f945fc8920dad0f526aa70f73c2c64fd116   M  rust/crates/lingxi-service/src/filetools.rs
44e7eef0684e96275db9af6f4a60911464963e7a6bb7f258682df28f33f21756   M  rust/crates/lingxi-service/src/lib.rs
9ea695ee5b2eef4163db16df4b584b363df6a375ca334f02c9160886ed1b5f5b   M  rust/crates/lingxi-service/src/main.rs
722798d2d47afe59f08af20c0a9ca67ed443202aada91041b43f281fee129a7f   M  rust/crates/lingxi-service/src/management.rs
bbb2054886f6e08093aeba416570ecadee866891db06e59a6d5406815b965639   M  rust/crates/lingxi-service/src/operations.rs
b7b8671a8c4dc507ab77364e700985db69c2b619cc2f80cc54d86d0bf7eb17f3   M  rust/crates/lingxi-service/src/runs.rs
bca91fd70a29eaef7cc9c7210f13c5e6f13e5844f256fa10aa18e9bf0fb360c3   M  rust/crates/lingxi-service/src/streaming_norm.rs
17e9c05aec1d03cdc68db66b97ec84947cccf3d49a8759bca2fa126db6f2bc84   M  rust/crates/lingxi-service/src/toolgateway.rs
85b25b95f026dd9ce53119bd0caff44e4df4ef5f90c6e3b2abfad5e89932af29   M  rust/crates/lingxi-service/src/workermodel.rs
4a158b5321da63d2c6a36d88da8ec7cfd21622c914fa38f7ad6dd674d4cb0788   M  rust/crates/lingxi-service/src/workerrpc.rs
d107a05d3f3b33f492a9be4e37d9c93e2566318abe4e285bba1f180fa0cf7eee   M  rust/crates/lingxi-service/tests/cancellation_tree.rs
98e2a672103242033f82f4182de3662a3c2d9a57c883e835132b3c8589aa8d1a   M  rust/crates/lingxi-service/tests/r04_t07_mcp_and_workers.rs
56c3706bcf106a2aef0d082319f5400100c8299c16f6cb2b20c3a1afa7ffa571   M  rust/crates/lingxi-service/tests/r05_t01_binary_wiring.rs
101c02bf149534abe150154b17ef7a5cc0588e9a7580aba17d1f6aaa5efae9e0   M  rust/crates/lingxi-service/tests/r05_t01_model_plane.rs
50d4436ad9ec832f8c8e887b4bf68bd03e694f20bba2ae5835780f825e057a57   M  rust/crates/lingxi-service/tests/r05_t02_credentials.rs
55474557db29c644f1fe806a8f4057a0490ef9cc561a604bca1395ac5d50b828   M  rust/crates/lingxi-service/tests/r05_t03_protocol_adapters.rs
6e09ff3a5f354aa7819c0b29cac742bd529a5b41d408a1609ad0837559bb74b3   M  rust/crates/lingxi-service/tests/r05_t04_streaming.rs
478d81c1dd77527ad2c7955e3da3edfa202335dfe8f6b282e16018d92901300c  ??  rust/crates/lingxi-service/tests/r05_t05_network.rs
97170bcb71d25feda122e17f299e832644556ae30eeadec582d813d937cc3b15   M  rust/crates/lingxi-service/tests/r05_t06_operations.rs
282a9f23ffe14cdc3f553534c2582ffc47e519224ac6330c24d6351c564ddca0  ??  rust/crates/lingxi-service/tests/r05_t06_rr1_media_resource.rs
1cbbc1d6ffd5e37f2523efd99adfe94c8eaed768e7321bdb1d84ebb95f6487c9  ??  rust/crates/lingxi-service/tests/r05_t06_rr1_system_speech.rs
6d67feea5ce3de2f14eaa882e5076acbe4e5fc145953939360be91f590871791   M  rust/crates/lingxi-service/tests/r05_t06_worker_model.rs
c2398130d85569c85be19edd9bfc037ca68c6d46f7cb2d12f93f80c93c3fbfa8   M  rust/crates/lingxi-service/tests/r05_t07_persistence.rs
395ac7a42923d4f85a22eff80fe571ab71dec0ddd225fe354c8f90379ecc9f5f  ??  rust/crates/lingxi-service/tests/r05_t07_rr1_usage_ledger.rs
5ae7877a139e960a6b4d1c30b1bf8703133fd9fd60257150dd6c0bcf2045cb12   M  rust/crates/lingxi-service/tests/r05_t07_usage_trace.rs
e48cacb5f1c5c4f77cc7a41ac267c85f2485c040c3c666f72b5e388f0814a836   M  rust/crates/lingxi-service/tests/r05_t08_closed_loop.rs
c584c0a0f18511c2ebadf3747499e75390f7d2684d16f93745f694e26a954775  ??  rust/crates/lingxi-service/tests/r05_t08_production_tools.rs
b3acabda89bb933614c84e4de1a5ffc2c8c01172534e3d69821b829a7abfdb2a  ??  rust/crates/lingxi-service/tests/r05_t08_resources.rs
1678e32936755408f553c10d05a3c91a880614aadd8a1b6d9833cd3c98df6e06   M  rust/crates/lingxi-service/tests/run_lifecycle.rs
307e905a2fef749810e02620ba40a27fe065a64c88bf716aea630844fec38013   M  rust/crates/lingxi-service/tests/session_serialization.rs
8f924a91649130ccd021824827e2ccd3b7b242d2034f771a4e864c8fa8295260   M  rust/crates/xtask/src/stage_map.rs
afbfbd1eb104261404eba7bb2401aa26d9e14d7f822ccd5f1b79a441e5d63a58   M  rust/crates/xtask/src/stage_maps/R05.json
78de27ba0e5339d2db32098211b3a69abb825d9b9860f923dd94c462704e185e   M  rust/crates/xtask/src/verify.rs
92137c6fe700e52c75e044a0a6e544ed1e653f3bafdd628354c59aadf8036e6a   M  rust/crates/xtask/src/verify/runner_tests.rs
4dbb9c9757e3ed36969fa6a111e4dc9df7a5be7a438d6955427222188a25497d   M  scripts/rust-tauri/r05_t08_generate_leaves.py
c9aaa4900c795c06aeb83ad4c84e3355bfb6957c15ed8b68a476d9213d4771e6  ??  scripts/rust-tauri/r05_t08_rebuild_tables.py
8a35225da60157b6e80cc67230acba277c888526f37c807bbb6b431c1f93fa9e   M  scripts/rust-tauri/r05_t08_stage_suites.sh
