error: object directory /Users/study_superior/Desktop/Code/LingxiAgent/artifacts/rust-tauri/R05/RR3/J-REVIEW-01/nonexistent-objects does not exist; check .git/objects/info/alternates
error: object directory /Users/study_superior/Desktop/Code/LingxiAgent/artifacts/rust-tauri/R05/RR3/J-REVIEW-01/nonexistent-objects does not exist; check .git/objects/info/alternates
error: object directory /Users/study_superior/Desktop/Code/LingxiAgent/artifacts/rust-tauri/R05/RR3/J-REVIEW-01/nonexistent-objects does not exist; check .git/objects/info/alternates
error: refs/heads/codex/rust-tauri-migration: invalid sha1 pointer b3ac0e6aeae8d7d530a6ab8657a5fa9ce4849f0b
error: object directory /Users/study_superior/Desktop/Code/LingxiAgent/artifacts/rust-tauri/R05/RR3/J-REVIEW-01/nonexistent-objects does not exist; check .git/objects/info/alternates
error: object directory /Users/study_superior/Desktop/Code/LingxiAgent/artifacts/rust-tauri/R05/RR3/J-REVIEW-01/nonexistent-objects does not exist; check .git/objects/info/alternates
error: refs/remotes/origin/HEAD: invalid sha1 pointer b3ac0e6aeae8d7d530a6ab8657a5fa9ce4849f0b
error: object directory /Users/study_superior/Desktop/Code/LingxiAgent/artifacts/rust-tauri/R05/RR3/J-REVIEW-01/nonexistent-objects does not exist; check .git/objects/info/alternates
error: object directory /Users/study_superior/Desktop/Code/LingxiAgent/artifacts/rust-tauri/R05/RR3/J-REVIEW-01/nonexistent-objects does not exist; check .git/objects/info/alternates
error: refs/remotes/origin/codex/rust-tauri-migration: invalid sha1 pointer b3ac0e6aeae8d7d530a6ab8657a5fa9ce4849f0b
error: object directory /Users/study_superior/Desktop/Code/LingxiAgent/artifacts/rust-tauri/R05/RR3/J-REVIEW-01/nonexistent-objects does not exist; check .git/objects/info/alternates
error: object directory /Users/study_superior/Desktop/Code/LingxiAgent/artifacts/rust-tauri/R05/RR3/J-REVIEW-01/nonexistent-objects does not exist; check .git/objects/info/alternates
error: refs/remotes/origin/main: invalid sha1 pointer 7d1a0c6bc28062ff455adcf8f68c3a80b117e90d
error: object directory /Users/study_superior/Desktop/Code/LingxiAgent/artifacts/rust-tauri/R05/RR3/J-REVIEW-01/nonexistent-objects does not exist; check .git/objects/info/alternates
error: object directory /Users/study_superior/Desktop/Code/LingxiAgent/artifacts/rust-tauri/R05/RR3/J-REVIEW-01/nonexistent-objects does not exist; check .git/objects/info/alternates
error: refs/tags/channels: invalid sha1 pointer b2ff5795f219d015d3345ed9faaf2803a4a32ff5
error: object directory /Users/study_superior/Desktop/Code/LingxiAgent/artifacts/rust-tauri/R05/RR3/J-REVIEW-01/nonexistent-objects does not exist; check .git/objects/info/alternates
error: object directory /Users/study_superior/Desktop/Code/LingxiAgent/artifacts/rust-tauri/R05/RR3/J-REVIEW-01/nonexistent-objects does not exist; check .git/objects/info/alternates
error: refs/tags/train-1: invalid sha1 pointer 1aa50490873b7862ee77692d7af55f6d8ff62432
error: object directory /Users/study_superior/Desktop/Code/LingxiAgent/artifacts/rust-tauri/R05/RR3/J-REVIEW-01/nonexistent-objects does not exist; check .git/objects/info/alternates
error: object directory /Users/study_superior/Desktop/Code/LingxiAgent/artifacts/rust-tauri/R05/RR3/J-REVIEW-01/nonexistent-objects does not exist; check .git/objects/info/alternates
error: refs/tags/train-10: invalid sha1 pointer 2b6fcbe0632fb72939139f0068fd5392fd888a6a
error: object directory /Users/study_superior/Desktop/Code/LingxiAgent/artifacts/rust-tauri/R05/RR3/J-REVIEW-01/nonexistent-objects does not exist; check .git/objects/info/alternates
error: object directory /Users/study_superior/Desktop/Code/LingxiAgent/artifacts/rust-tauri/R05/RR3/J-REVIEW-01/nonexistent-objects does not exist; check .git/objects/info/alternates
error: refs/tags/train-11: invalid sha1 pointer 038cca3dad2241b6dabab5971d6918df74e6fb12
error: object directory /Users/study_superior/Desktop/Code/LingxiAgent/artifacts/rust-tauri/R05/RR3/J-REVIEW-01/nonexistent-objects does not exist; check .git/objects/info/alternates
error: object directory /Users/study_superior/Desktop/Code/LingxiAgent/artifacts/rust-tauri/R05/RR3/J-REVIEW-01/nonexistent-objects does not exist; check .git/objects/info/alternates
error: refs/tags/train-12: invalid sha1 pointer ab8d508e3ca461dffa5f933bd343d1dc36f193ea
error: object directory /Users/study_superior/Desktop/Code/LingxiAgent/artifacts/rust-tauri/R05/RR3/J-REVIEW-01/nonexistent-objects does not exist; check .git/objects/info/alternates
error: object directory /Users/study_superior/Desktop/Code/LingxiAgent/artifacts/rust-tauri/R05/RR3/J-REVIEW-01/nonexistent-objects does not exist; check .git/objects/info/alternates
error: refs/tags/train-13: invalid sha1 pointer 9a5b8e9d84b46cecd7608dc664a1243ae3b15847
error: object directory /Users/study_superior/Desktop/Code/LingxiAgent/artifacts/rust-tauri/R05/RR3/J-REVIEW-01/nonexistent-objects does not exist; check .git/objects/info/alternates
error: object directory /Users/study_superior/Desktop/Code/LingxiAgent/artifacts/rust-tauri/R05/RR3/J-REVIEW-01/nonexistent-objects does not exist; check .git/objects/info/alternates
error: refs/tags/train-2: invalid sha1 pointer 1fd68bca5bbe400b272078a2cc6ed94386a8a5e7
error: object directory /Users/study_superior/Desktop/Code/LingxiAgent/artifacts/rust-tauri/R05/RR3/J-REVIEW-01/nonexistent-objects does not exist; check .git/objects/info/alternates
error: object directory /Users/study_superior/Desktop/Code/LingxiAgent/artifacts/rust-tauri/R05/RR3/J-REVIEW-01/nonexistent-objects does not exist; check .git/objects/info/alternates
error: refs/tags/train-3: invalid sha1 pointer 0e9b6a98c4ce05d774b3a7fd5828e5afedd47614
error: object directory /Users/study_superior/Desktop/Code/LingxiAgent/artifacts/rust-tauri/R05/RR3/J-REVIEW-01/nonexistent-objects does not exist; check .git/objects/info/alternates
error: object directory /Users/study_superior/Desktop/Code/LingxiAgent/artifacts/rust-tauri/R05/RR3/J-REVIEW-01/nonexistent-objects does not exist; check .git/objects/info/alternates
error: refs/tags/train-4: invalid sha1 pointer 0a1c70fdc8b23454a0fe241e29d4aaf680e11806
error: object directory /Users/study_superior/Desktop/Code/LingxiAgent/artifacts/rust-tauri/R05/RR3/J-REVIEW-01/nonexistent-objects does not exist; check .git/objects/info/alternates
error: object directory /Users/study_superior/Desktop/Code/LingxiAgent/artifacts/rust-tauri/R05/RR3/J-REVIEW-01/nonexistent-objects does not exist; check .git/objects/info/alternates
error: refs/tags/train-5: invalid sha1 pointer eac0f943343d41fdc9a9aa05dd584a712e2f0463
error: object directory /Users/study_superior/Desktop/Code/LingxiAgent/artifacts/rust-tauri/R05/RR3/J-REVIEW-01/nonexistent-objects does not exist; check .git/objects/info/alternates
error: object directory /Users/study_superior/Desktop/Code/LingxiAgent/artifacts/rust-tauri/R05/RR3/J-REVIEW-01/nonexistent-objects does not exist; check .git/objects/info/alternates
error: refs/tags/train-6: invalid sha1 pointer 7dfc32adf9b8d12b3b594a6ef5157a3cf8133cc8
error: object directory /Users/study_superior/Desktop/Code/LingxiAgent/artifacts/rust-tauri/R05/RR3/J-REVIEW-01/nonexistent-objects does not exist; check .git/objects/info/alternates
error: object directory /Users/study_superior/Desktop/Code/LingxiAgent/artifacts/rust-tauri/R05/RR3/J-REVIEW-01/nonexistent-objects does not exist; check .git/objects/info/alternates
error: refs/tags/train-7: invalid sha1 pointer dd3e806b1dffcaa131533d03f1bb03d12b61f2f5
error: object directory /Users/study_superior/Desktop/Code/LingxiAgent/artifacts/rust-tauri/R05/RR3/J-REVIEW-01/nonexistent-objects does not exist; check .git/objects/info/alternates
error: object directory /Users/study_superior/Desktop/Code/LingxiAgent/artifacts/rust-tauri/R05/RR3/J-REVIEW-01/nonexistent-objects does not exist; check .git/objects/info/alternates
error: refs/tags/train-8: invalid sha1 pointer c3a60700ae5536a12c6d58c74bbe90ff11c1d3f8
error: object directory /Users/study_superior/Desktop/Code/LingxiAgent/artifacts/rust-tauri/R05/RR3/J-REVIEW-01/nonexistent-objects does not exist; check .git/objects/info/alternates
error: object directory /Users/study_superior/Desktop/Code/LingxiAgent/artifacts/rust-tauri/R05/RR3/J-REVIEW-01/nonexistent-objects does not exist; check .git/objects/info/alternates
error: refs/tags/train-9: invalid sha1 pointer 12f275bc47c5e7907792b11c48c83bc1087014e4
error: object directory /Users/study_superior/Desktop/Code/LingxiAgent/artifacts/rust-tauri/R05/RR3/J-REVIEW-01/nonexistent-objects does not exist; check .git/objects/info/alternates
error: object directory /Users/study_superior/Desktop/Code/LingxiAgent/artifacts/rust-tauri/R05/RR3/J-REVIEW-01/nonexistent-objects does not exist; check .git/objects/info/alternates
error: refs/tags/train-beta-1: invalid sha1 pointer b2ff5795f219d015d3345ed9faaf2803a4a32ff5
error: object directory /Users/study_superior/Desktop/Code/LingxiAgent/artifacts/rust-tauri/R05/RR3/J-REVIEW-01/nonexistent-objects does not exist; check .git/objects/info/alternates
error: object directory /Users/study_superior/Desktop/Code/LingxiAgent/artifacts/rust-tauri/R05/RR3/J-REVIEW-01/nonexistent-objects does not exist; check .git/objects/info/alternates
error: refs/tags/train-beta-10: invalid sha1 pointer 61d9728fc96bd9d36a995e62340d9b7dc6427b35
error: object directory /Users/study_superior/Desktop/Code/LingxiAgent/artifacts/rust-tauri/R05/RR3/J-REVIEW-01/nonexistent-objects does not exist; check .git/objects/info/alternates
error: object directory /Users/study_superior/Desktop/Code/LingxiAgent/artifacts/rust-tauri/R05/RR3/J-REVIEW-01/nonexistent-objects does not exist; check .git/objects/info/alternates
error: refs/tags/train-beta-11: invalid sha1 pointer d4aac599265b9e14a4b853283c92ad17b83941f2
error: object directory /Users/study_superior/Desktop/Code/LingxiAgent/artifacts/rust-tauri/R05/RR3/J-REVIEW-01/nonexistent-objects does not exist; check .git/objects/info/alternates
error: object directory /Users/study_superior/Desktop/Code/LingxiAgent/artifacts/rust-tauri/R05/RR3/J-REVIEW-01/nonexistent-objects does not exist; check .git/objects/info/alternates
error: refs/tags/train-beta-12: invalid sha1 pointer c00feaa2166a3e12d2ddeeb3c66eea3c9cc0555a
error: object directory /Users/study_superior/Desktop/Code/LingxiAgent/artifacts/rust-tauri/R05/RR3/J-REVIEW-01/nonexistent-objects does not exist; check .git/objects/info/alternates
error: object directory /Users/study_superior/Desktop/Code/LingxiAgent/artifacts/rust-tauri/R05/RR3/J-REVIEW-01/nonexistent-objects does not exist; check .git/objects/info/alternates
error: refs/tags/train-beta-13: invalid sha1 pointer e1bac7be6535b46435205c81861e02090957fefe
error: object directory /Users/study_superior/Desktop/Code/LingxiAgent/artifacts/rust-tauri/R05/RR3/J-REVIEW-01/nonexistent-objects does not exist; check .git/objects/info/alternates
error: object directory /Users/study_superior/Desktop/Code/LingxiAgent/artifacts/rust-tauri/R05/RR3/J-REVIEW-01/nonexistent-objects does not exist; check .git/objects/info/alternates
error: refs/tags/train-beta-14: invalid sha1 pointer 849d2a5bf9651525196723a4acc6e8cc928b861a
error: object directory /Users/study_superior/Desktop/Code/LingxiAgent/artifacts/rust-tauri/R05/RR3/J-REVIEW-01/nonexistent-objects does not exist; check .git/objects/info/alternates
error: object directory /Users/study_superior/Desktop/Code/LingxiAgent/artifacts/rust-tauri/R05/RR3/J-REVIEW-01/nonexistent-objects does not exist; check .git/objects/info/alternates
error: refs/tags/train-beta-15: invalid sha1 pointer a02622da02cd2edc8397066c6cb6bc256f306b97
error: object directory /Users/study_superior/Desktop/Code/LingxiAgent/artifacts/rust-tauri/R05/RR3/J-REVIEW-01/nonexistent-objects does not exist; check .git/objects/info/alternates
error: object directory /Users/study_superior/Desktop/Code/LingxiAgent/artifacts/rust-tauri/R05/RR3/J-REVIEW-01/nonexistent-objects does not exist; check .git/objects/info/alternates
error: refs/tags/train-beta-16: invalid sha1 pointer 387704506dbdc86cac8a82d217d3385177791015
error: object directory /Users/study_superior/Desktop/Code/LingxiAgent/artifacts/rust-tauri/R05/RR3/J-REVIEW-01/nonexistent-objects does not exist; check .git/objects/info/alternates
error: object directory /Users/study_superior/Desktop/Code/LingxiAgent/artifacts/rust-tauri/R05/RR3/J-REVIEW-01/nonexistent-objects does not exist; check .git/objects/info/alternates
error: refs/tags/train-beta-17: invalid sha1 pointer ef8a6f700191c2486effd3761a4bd2b7f3ad774c
error: object directory /Users/study_superior/Desktop/Code/LingxiAgent/artifacts/rust-tauri/R05/RR3/J-REVIEW-01/nonexistent-objects does not exist; check .git/objects/info/alternates
error: object directory /Users/study_superior/Desktop/Code/LingxiAgent/artifacts/rust-tauri/R05/RR3/J-REVIEW-01/nonexistent-objects does not exist; check .git/objects/info/alternates
error: refs/tags/train-beta-18: invalid sha1 pointer e87769a070d12803247e5cc619dacf5814fe1f52
error: object directory /Users/study_superior/Desktop/Code/LingxiAgent/artifacts/rust-tauri/R05/RR3/J-REVIEW-01/nonexistent-objects does not exist; check .git/objects/info/alternates
error: object directory /Users/study_superior/Desktop/Code/LingxiAgent/artifacts/rust-tauri/R05/RR3/J-REVIEW-01/nonexistent-objects does not exist; check .git/objects/info/alternates
error: refs/tags/train-beta-19: invalid sha1 pointer 427821a3c27a03e84370b285065d5fd9d56ddf98
error: object directory /Users/study_superior/Desktop/Code/LingxiAgent/artifacts/rust-tauri/R05/RR3/J-REVIEW-01/nonexistent-objects does not exist; check .git/objects/info/alternates
error: object directory /Users/study_superior/Desktop/Code/LingxiAgent/artifacts/rust-tauri/R05/RR3/J-REVIEW-01/nonexistent-objects does not exist; check .git/objects/info/alternates
error: refs/tags/train-beta-2: invalid sha1 pointer 83037b06a8e4b56a35bd9a2c713f64f6ec66ad84
error: object directory /Users/study_superior/Desktop/Code/LingxiAgent/artifacts/rust-tauri/R05/RR3/J-REVIEW-01/nonexistent-objects does not exist; check .git/objects/info/alternates
error: object directory /Users/study_superior/Desktop/Code/LingxiAgent/artifacts/rust-tauri/R05/RR3/J-REVIEW-01/nonexistent-objects does not exist; check .git/objects/info/alternates
error: refs/tags/train-beta-20: invalid sha1 pointer f4f1b00282ea4e32ee8f64c71c1a57012c7b052a
error: object directory /Users/study_superior/Desktop/Code/LingxiAgent/artifacts/rust-tauri/R05/RR3/J-REVIEW-01/nonexistent-objects does not exist; check .git/objects/info/alternates
error: object directory /Users/study_superior/Desktop/Code/LingxiAgent/artifacts/rust-tauri/R05/RR3/J-REVIEW-01/nonexistent-objects does not exist; check .git/objects/info/alternates
error: refs/tags/train-beta-21: invalid sha1 pointer 1558220440fefcb89482bea61e71789d02c34df1
error: object directory /Users/study_superior/Desktop/Code/LingxiAgent/artifacts/rust-tauri/R05/RR3/J-REVIEW-01/nonexistent-objects does not exist; check .git/objects/info/alternates
error: object directory /Users/study_superior/Desktop/Code/LingxiAgent/artifacts/rust-tauri/R05/RR3/J-REVIEW-01/nonexistent-objects does not exist; check .git/objects/info/alternates
error: refs/tags/train-beta-22: invalid sha1 pointer 507520f37ebf6bbce824c9750ff68d61da5916c3
error: object directory /Users/study_superior/Desktop/Code/LingxiAgent/artifacts/rust-tauri/R05/RR3/J-REVIEW-01/nonexistent-objects does not exist; check .git/objects/info/alternates
error: object directory /Users/study_superior/Desktop/Code/LingxiAgent/artifacts/rust-tauri/R05/RR3/J-REVIEW-01/nonexistent-objects does not exist; check .git/objects/info/alternates
error: refs/tags/train-beta-23: invalid sha1 pointer 262d385c7fb53217c4c8a7de9817efeef9c1bf4b
error: object directory /Users/study_superior/Desktop/Code/LingxiAgent/artifacts/rust-tauri/R05/RR3/J-REVIEW-01/nonexistent-objects does not exist; check .git/objects/info/alternates
error: object directory /Users/study_superior/Desktop/Code/LingxiAgent/artifacts/rust-tauri/R05/RR3/J-REVIEW-01/nonexistent-objects does not exist; check .git/objects/info/alternates
error: refs/tags/train-beta-24: invalid sha1 pointer 4cfdb13fba5356d6d0e03e89b64991de426e9ba8
error: object directory /Users/study_superior/Desktop/Code/LingxiAgent/artifacts/rust-tauri/R05/RR3/J-REVIEW-01/nonexistent-objects does not exist; check .git/objects/info/alternates
error: object directory /Users/study_superior/Desktop/Code/LingxiAgent/artifacts/rust-tauri/R05/RR3/J-REVIEW-01/nonexistent-objects does not exist; check .git/objects/info/alternates
error: refs/tags/train-beta-25: invalid sha1 pointer cc19cb49b0786d61ed723764e0a83baf87887270
error: object directory /Users/study_superior/Desktop/Code/LingxiAgent/artifacts/rust-tauri/R05/RR3/J-REVIEW-01/nonexistent-objects does not exist; check .git/objects/info/alternates
error: object directory /Users/study_superior/Desktop/Code/LingxiAgent/artifacts/rust-tauri/R05/RR3/J-REVIEW-01/nonexistent-objects does not exist; check .git/objects/info/alternates
error: refs/tags/train-beta-26: invalid sha1 pointer 5f08a4f30203abb61dafac7dbb7ab92d11c23efa
error: object directory /Users/study_superior/Desktop/Code/LingxiAgent/artifacts/rust-tauri/R05/RR3/J-REVIEW-01/nonexistent-objects does not exist; check .git/objects/info/alternates
error: object directory /Users/study_superior/Desktop/Code/LingxiAgent/artifacts/rust-tauri/R05/RR3/J-REVIEW-01/nonexistent-objects does not exist; check .git/objects/info/alternates
error: refs/tags/train-beta-27: invalid sha1 pointer c6d0405294be67cb134c2758f6472748ee73e2be
error: object directory /Users/study_superior/Desktop/Code/LingxiAgent/artifacts/rust-tauri/R05/RR3/J-REVIEW-01/nonexistent-objects does not exist; check .git/objects/info/alternates
error: object directory /Users/study_superior/Desktop/Code/LingxiAgent/artifacts/rust-tauri/R05/RR3/J-REVIEW-01/nonexistent-objects does not exist; check .git/objects/info/alternates
error: refs/tags/train-beta-28: invalid sha1 pointer be7f2e0ffa5361dc2f1c13eb8b84cc98cc8172fa
error: object directory /Users/study_superior/Desktop/Code/LingxiAgent/artifacts/rust-tauri/R05/RR3/J-REVIEW-01/nonexistent-objects does not exist; check .git/objects/info/alternates
error: object directory /Users/study_superior/Desktop/Code/LingxiAgent/artifacts/rust-tauri/R05/RR3/J-REVIEW-01/nonexistent-objects does not exist; check .git/objects/info/alternates
error: refs/tags/train-beta-29: invalid sha1 pointer a1cff2d9064d072b41314a23e1ea38df47bf19b9
error: object directory /Users/study_superior/Desktop/Code/LingxiAgent/artifacts/rust-tauri/R05/RR3/J-REVIEW-01/nonexistent-objects does not exist; check .git/objects/info/alternates
error: object directory /Users/study_superior/Desktop/Code/LingxiAgent/artifacts/rust-tauri/R05/RR3/J-REVIEW-01/nonexistent-objects does not exist; check .git/objects/info/alternates
error: refs/tags/train-beta-3: invalid sha1 pointer 4f685b89fbc19d2aaa202f41e7e206988bf64b20
error: object directory /Users/study_superior/Desktop/Code/LingxiAgent/artifacts/rust-tauri/R05/RR3/J-REVIEW-01/nonexistent-objects does not exist; check .git/objects/info/alternates
error: object directory /Users/study_superior/Desktop/Code/LingxiAgent/artifacts/rust-tauri/R05/RR3/J-REVIEW-01/nonexistent-objects does not exist; check .git/objects/info/alternates
error: refs/tags/train-beta-30: invalid sha1 pointer a1cff2d9064d072b41314a23e1ea38df47bf19b9
error: object directory /Users/study_superior/Desktop/Code/LingxiAgent/artifacts/rust-tauri/R05/RR3/J-REVIEW-01/nonexistent-objects does not exist; check .git/objects/info/alternates
error: object directory /Users/study_superior/Desktop/Code/LingxiAgent/artifacts/rust-tauri/R05/RR3/J-REVIEW-01/nonexistent-objects does not exist; check .git/objects/info/alternates
error: refs/tags/train-beta-31: invalid sha1 pointer b348cf1b994fefe75dc94065bfbae78be15d25de
error: object directory /Users/study_superior/Desktop/Code/LingxiAgent/artifacts/rust-tauri/R05/RR3/J-REVIEW-01/nonexistent-objects does not exist; check .git/objects/info/alternates
error: object directory /Users/study_superior/Desktop/Code/LingxiAgent/artifacts/rust-tauri/R05/RR3/J-REVIEW-01/nonexistent-objects does not exist; check .git/objects/info/alternates
error: refs/tags/train-beta-32: invalid sha1 pointer 1d3ef308299e9f630786384e77de45444ea59196
error: object directory /Users/study_superior/Desktop/Code/LingxiAgent/artifacts/rust-tauri/R05/RR3/J-REVIEW-01/nonexistent-objects does not exist; check .git/objects/info/alternates
error: object directory /Users/study_superior/Desktop/Code/LingxiAgent/artifacts/rust-tauri/R05/RR3/J-REVIEW-01/nonexistent-objects does not exist; check .git/objects/info/alternates
error: refs/tags/train-beta-4: invalid sha1 pointer a071fce764d4685d561dbe7bc65460ca65884a50
error: object directory /Users/study_superior/Desktop/Code/LingxiAgent/artifacts/rust-tauri/R05/RR3/J-REVIEW-01/nonexistent-objects does not exist; check .git/objects/info/alternates
error: object directory /Users/study_superior/Desktop/Code/LingxiAgent/artifacts/rust-tauri/R05/RR3/J-REVIEW-01/nonexistent-objects does not exist; check .git/objects/info/alternates
error: refs/tags/train-beta-5: invalid sha1 pointer b5d009d8b0ae1ab8b7df31edb0a102c98ad51b02
error: object directory /Users/study_superior/Desktop/Code/LingxiAgent/artifacts/rust-tauri/R05/RR3/J-REVIEW-01/nonexistent-objects does not exist; check .git/objects/info/alternates
error: object directory /Users/study_superior/Desktop/Code/LingxiAgent/artifacts/rust-tauri/R05/RR3/J-REVIEW-01/nonexistent-objects does not exist; check .git/objects/info/alternates
error: refs/tags/train-beta-6: invalid sha1 pointer 480603cb0bcddd89a1d8709d9ed4ba5986f50e31
error: object directory /Users/study_superior/Desktop/Code/LingxiAgent/artifacts/rust-tauri/R05/RR3/J-REVIEW-01/nonexistent-objects does not exist; check .git/objects/info/alternates
error: object directory /Users/study_superior/Desktop/Code/LingxiAgent/artifacts/rust-tauri/R05/RR3/J-REVIEW-01/nonexistent-objects does not exist; check .git/objects/info/alternates
error: refs/tags/train-beta-7: invalid sha1 pointer 6e4d8d4c18ef7c89514c594fe2b30dbda05453eb
error: object directory /Users/study_superior/Desktop/Code/LingxiAgent/artifacts/rust-tauri/R05/RR3/J-REVIEW-01/nonexistent-objects does not exist; check .git/objects/info/alternates
error: object directory /Users/study_superior/Desktop/Code/LingxiAgent/artifacts/rust-tauri/R05/RR3/J-REVIEW-01/nonexistent-objects does not exist; check .git/objects/info/alternates
error: refs/tags/train-beta-8: invalid sha1 pointer 35a61e05f9523dbb3819dcb2e02641419c318f89
error: object directory /Users/study_superior/Desktop/Code/LingxiAgent/artifacts/rust-tauri/R05/RR3/J-REVIEW-01/nonexistent-objects does not exist; check .git/objects/info/alternates
error: object directory /Users/study_superior/Desktop/Code/LingxiAgent/artifacts/rust-tauri/R05/RR3/J-REVIEW-01/nonexistent-objects does not exist; check .git/objects/info/alternates
error: refs/tags/train-beta-9: invalid sha1 pointer 4651a0e325cadf13fe13a5f8ac90984df6d589ec
error: object directory /Users/study_superior/Desktop/Code/LingxiAgent/artifacts/rust-tauri/R05/RR3/J-REVIEW-01/nonexistent-objects does not exist; check .git/objects/info/alternates
error: object directory /Users/study_superior/Desktop/Code/LingxiAgent/artifacts/rust-tauri/R05/RR3/J-REVIEW-01/nonexistent-objects does not exist; check .git/objects/info/alternates
error: refs/tags/train-stable-1: invalid sha1 pointer b2ff5795f219d015d3345ed9faaf2803a4a32ff5
error: object directory /Users/study_superior/Desktop/Code/LingxiAgent/artifacts/rust-tauri/R05/RR3/J-REVIEW-01/nonexistent-objects does not exist; check .git/objects/info/alternates
error: object directory /Users/study_superior/Desktop/Code/LingxiAgent/artifacts/rust-tauri/R05/RR3/J-REVIEW-01/nonexistent-objects does not exist; check .git/objects/info/alternates
error: refs/tags/train-stable-10: invalid sha1 pointer e1bac7be6535b46435205c81861e02090957fefe
error: object directory /Users/study_superior/Desktop/Code/LingxiAgent/artifacts/rust-tauri/R05/RR3/J-REVIEW-01/nonexistent-objects does not exist; check .git/objects/info/alternates
error: object directory /Users/study_superior/Desktop/Code/LingxiAgent/artifacts/rust-tauri/R05/RR3/J-REVIEW-01/nonexistent-objects does not exist; check .git/objects/info/alternates
error: refs/tags/train-stable-11: invalid sha1 pointer 2121542e5cdbb4cb52d8092c8cc99f88b50207f6
error: object directory /Users/study_superior/Desktop/Code/LingxiAgent/artifacts/rust-tauri/R05/RR3/J-REVIEW-01/nonexistent-objects does not exist; check .git/objects/info/alternates
error: object directory /Users/study_superior/Desktop/Code/LingxiAgent/artifacts/rust-tauri/R05/RR3/J-REVIEW-01/nonexistent-objects does not exist; check .git/objects/info/alternates
error: refs/tags/train-stable-12: invalid sha1 pointer 2e97606d226a0b56cebd9e89705a9f7c852c28f9
error: object directory /Users/study_superior/Desktop/Code/LingxiAgent/artifacts/rust-tauri/R05/RR3/J-REVIEW-01/nonexistent-objects does not exist; check .git/objects/info/alternates
error: object directory /Users/study_superior/Desktop/Code/LingxiAgent/artifacts/rust-tauri/R05/RR3/J-REVIEW-01/nonexistent-objects does not exist; check .git/objects/info/alternates
error: refs/tags/train-stable-13: invalid sha1 pointer 60d910b84572c525a7c9c49216fb9206623bf7a4
error: object directory /Users/study_superior/Desktop/Code/LingxiAgent/artifacts/rust-tauri/R05/RR3/J-REVIEW-01/nonexistent-objects does not exist; check .git/objects/info/alternates
error: object directory /Users/study_superior/Desktop/Code/LingxiAgent/artifacts/rust-tauri/R05/RR3/J-REVIEW-01/nonexistent-objects does not exist; check .git/objects/info/alternates
error: refs/tags/train-stable-14: invalid sha1 pointer 11d53f00c0600ffc2c771335422ec0c5d758c486
error: object directory /Users/study_superior/Desktop/Code/LingxiAgent/artifacts/rust-tauri/R05/RR3/J-REVIEW-01/nonexistent-objects does not exist; check .git/objects/info/alternates
error: object directory /Users/study_superior/Desktop/Code/LingxiAgent/artifacts/rust-tauri/R05/RR3/J-REVIEW-01/nonexistent-objects does not exist; check .git/objects/info/alternates
error: refs/tags/train-stable-15: invalid sha1 pointer 6f5abd6db1bf6c03792b7abd2165b22033d8408d
error: object directory /Users/study_superior/Desktop/Code/LingxiAgent/artifacts/rust-tauri/R05/RR3/J-REVIEW-01/nonexistent-objects does not exist; check .git/objects/info/alternates
error: object directory /Users/study_superior/Desktop/Code/LingxiAgent/artifacts/rust-tauri/R05/RR3/J-REVIEW-01/nonexistent-objects does not exist; check .git/objects/info/alternates
error: refs/tags/train-stable-16: invalid sha1 pointer 4ae02c834383d0d977ae7b7d238eecf0d0c864e5
error: object directory /Users/study_superior/Desktop/Code/LingxiAgent/artifacts/rust-tauri/R05/RR3/J-REVIEW-01/nonexistent-objects does not exist; check .git/objects/info/alternates
error: object directory /Users/study_superior/Desktop/Code/LingxiAgent/artifacts/rust-tauri/R05/RR3/J-REVIEW-01/nonexistent-objects does not exist; check .git/objects/info/alternates
error: refs/tags/train-stable-17: invalid sha1 pointer df0f4e8a82e36b5268b096631cf9eb97ef8bc6f6
error: object directory /Users/study_superior/Desktop/Code/LingxiAgent/artifacts/rust-tauri/R05/RR3/J-REVIEW-01/nonexistent-objects does not exist; check .git/objects/info/alternates
error: object directory /Users/study_superior/Desktop/Code/LingxiAgent/artifacts/rust-tauri/R05/RR3/J-REVIEW-01/nonexistent-objects does not exist; check .git/objects/info/alternates
error: refs/tags/train-stable-18: invalid sha1 pointer 291d637f5885769890cabde6078a0c3cb3224596
error: object directory /Users/study_superior/Desktop/Code/LingxiAgent/artifacts/rust-tauri/R05/RR3/J-REVIEW-01/nonexistent-objects does not exist; check .git/objects/info/alternates
error: object directory /Users/study_superior/Desktop/Code/LingxiAgent/artifacts/rust-tauri/R05/RR3/J-REVIEW-01/nonexistent-objects does not exist; check .git/objects/info/alternates
error: refs/tags/train-stable-19: invalid sha1 pointer 44eaaa5358f1b061a30f55e1cc9194af43efcda6
error: object directory /Users/study_superior/Desktop/Code/LingxiAgent/artifacts/rust-tauri/R05/RR3/J-REVIEW-01/nonexistent-objects does not exist; check .git/objects/info/alternates
error: object directory /Users/study_superior/Desktop/Code/LingxiAgent/artifacts/rust-tauri/R05/RR3/J-REVIEW-01/nonexistent-objects does not exist; check .git/objects/info/alternates
error: refs/tags/train-stable-2: invalid sha1 pointer b5d009d8b0ae1ab8b7df31edb0a102c98ad51b02
error: object directory /Users/study_superior/Desktop/Code/LingxiAgent/artifacts/rust-tauri/R05/RR3/J-REVIEW-01/nonexistent-objects does not exist; check .git/objects/info/alternates
error: object directory /Users/study_superior/Desktop/Code/LingxiAgent/artifacts/rust-tauri/R05/RR3/J-REVIEW-01/nonexistent-objects does not exist; check .git/objects/info/alternates
error: refs/tags/train-stable-20: invalid sha1 pointer 8037fae7a6f621549f5b7db4c4d0bba3862ddc07
error: object directory /Users/study_superior/Desktop/Code/LingxiAgent/artifacts/rust-tauri/R05/RR3/J-REVIEW-01/nonexistent-objects does not exist; check .git/objects/info/alternates
error: object directory /Users/study_superior/Desktop/Code/LingxiAgent/artifacts/rust-tauri/R05/RR3/J-REVIEW-01/nonexistent-objects does not exist; check .git/objects/info/alternates
error: refs/tags/train-stable-21: invalid sha1 pointer 7d1a0c6bc28062ff455adcf8f68c3a80b117e90d
error: object directory /Users/study_superior/Desktop/Code/LingxiAgent/artifacts/rust-tauri/R05/RR3/J-REVIEW-01/nonexistent-objects does not exist; check .git/objects/info/alternates
error: object directory /Users/study_superior/Desktop/Code/LingxiAgent/artifacts/rust-tauri/R05/RR3/J-REVIEW-01/nonexistent-objects does not exist; check .git/objects/info/alternates
error: refs/tags/train-stable-3: invalid sha1 pointer 480603cb0bcddd89a1d8709d9ed4ba5986f50e31
error: object directory /Users/study_superior/Desktop/Code/LingxiAgent/artifacts/rust-tauri/R05/RR3/J-REVIEW-01/nonexistent-objects does not exist; check .git/objects/info/alternates
error: object directory /Users/study_superior/Desktop/Code/LingxiAgent/artifacts/rust-tauri/R05/RR3/J-REVIEW-01/nonexistent-objects does not exist; check .git/objects/info/alternates
error: refs/tags/train-stable-4: invalid sha1 pointer 6e4d8d4c18ef7c89514c594fe2b30dbda05453eb
error: object directory /Users/study_superior/Desktop/Code/LingxiAgent/artifacts/rust-tauri/R05/RR3/J-REVIEW-01/nonexistent-objects does not exist; check .git/objects/info/alternates
error: object directory /Users/study_superior/Desktop/Code/LingxiAgent/artifacts/rust-tauri/R05/RR3/J-REVIEW-01/nonexistent-objects does not exist; check .git/objects/info/alternates
error: refs/tags/train-stable-5: invalid sha1 pointer 35a61e05f9523dbb3819dcb2e02641419c318f89
error: object directory /Users/study_superior/Desktop/Code/LingxiAgent/artifacts/rust-tauri/R05/RR3/J-REVIEW-01/nonexistent-objects does not exist; check .git/objects/info/alternates
error: object directory /Users/study_superior/Desktop/Code/LingxiAgent/artifacts/rust-tauri/R05/RR3/J-REVIEW-01/nonexistent-objects does not exist; check .git/objects/info/alternates
error: refs/tags/train-stable-6: invalid sha1 pointer 4651a0e325cadf13fe13a5f8ac90984df6d589ec
error: object directory /Users/study_superior/Desktop/Code/LingxiAgent/artifacts/rust-tauri/R05/RR3/J-REVIEW-01/nonexistent-objects does not exist; check .git/objects/info/alternates
error: object directory /Users/study_superior/Desktop/Code/LingxiAgent/artifacts/rust-tauri/R05/RR3/J-REVIEW-01/nonexistent-objects does not exist; check .git/objects/info/alternates
error: refs/tags/train-stable-7: invalid sha1 pointer 61d9728fc96bd9d36a995e62340d9b7dc6427b35
error: object directory /Users/study_superior/Desktop/Code/LingxiAgent/artifacts/rust-tauri/R05/RR3/J-REVIEW-01/nonexistent-objects does not exist; check .git/objects/info/alternates
error: object directory /Users/study_superior/Desktop/Code/LingxiAgent/artifacts/rust-tauri/R05/RR3/J-REVIEW-01/nonexistent-objects does not exist; check .git/objects/info/alternates
error: refs/tags/train-stable-8: invalid sha1 pointer d4aac599265b9e14a4b853283c92ad17b83941f2
error: object directory /Users/study_superior/Desktop/Code/LingxiAgent/artifacts/rust-tauri/R05/RR3/J-REVIEW-01/nonexistent-objects does not exist; check .git/objects/info/alternates
error: object directory /Users/study_superior/Desktop/Code/LingxiAgent/artifacts/rust-tauri/R05/RR3/J-REVIEW-01/nonexistent-objects does not exist; check .git/objects/info/alternates
error: refs/tags/train-stable-9: invalid sha1 pointer c00feaa2166a3e12d2ddeeb3c66eea3c9cc0555a
error: object directory /Users/study_superior/Desktop/Code/LingxiAgent/artifacts/rust-tauri/R05/RR3/J-REVIEW-01/nonexistent-objects does not exist; check .git/objects/info/alternates
error: object directory /Users/study_superior/Desktop/Code/LingxiAgent/artifacts/rust-tauri/R05/RR3/J-REVIEW-01/nonexistent-objects does not exist; check .git/objects/info/alternates
error: refs/tags/v0.1.0: invalid sha1 pointer 4a2304b43b340f2e3f7e846ba2baa2fffb5a9650
error: object directory /Users/study_superior/Desktop/Code/LingxiAgent/artifacts/rust-tauri/R05/RR3/J-REVIEW-01/nonexistent-objects does not exist; check .git/objects/info/alternates
error: object directory /Users/study_superior/Desktop/Code/LingxiAgent/artifacts/rust-tauri/R05/RR3/J-REVIEW-01/nonexistent-objects does not exist; check .git/objects/info/alternates
error: refs/tags/v0.1.1: invalid sha1 pointer 7fef0f023d1d1b1ed4460d930431166889c91fdd
error: object directory /Users/study_superior/Desktop/Code/LingxiAgent/artifacts/rust-tauri/R05/RR3/J-REVIEW-01/nonexistent-objects does not exist; check .git/objects/info/alternates
error: object directory /Users/study_superior/Desktop/Code/LingxiAgent/artifacts/rust-tauri/R05/RR3/J-REVIEW-01/nonexistent-objects does not exist; check .git/objects/info/alternates
error: refs/tags/v0.1.2: invalid sha1 pointer 1f420764744f8d52f7b1edaaf4c572d1fed3b7b4
error: object directory /Users/study_superior/Desktop/Code/LingxiAgent/artifacts/rust-tauri/R05/RR3/J-REVIEW-01/nonexistent-objects does not exist; check .git/objects/info/alternates
error: object directory /Users/study_superior/Desktop/Code/LingxiAgent/artifacts/rust-tauri/R05/RR3/J-REVIEW-01/nonexistent-objects does not exist; check .git/objects/info/alternates
error: refs/tags/v0.1.21: invalid sha1 pointer 8840d1abdfdaada41927c37d98d408ba7a8c25b5
error: object directory /Users/study_superior/Desktop/Code/LingxiAgent/artifacts/rust-tauri/R05/RR3/J-REVIEW-01/nonexistent-objects does not exist; check .git/objects/info/alternates
error: object directory /Users/study_superior/Desktop/Code/LingxiAgent/artifacts/rust-tauri/R05/RR3/J-REVIEW-01/nonexistent-objects does not exist; check .git/objects/info/alternates
error: refs/tags/v0.1.22: invalid sha1 pointer a071fce764d4685d561dbe7bc65460ca65884a50
error: object directory /Users/study_superior/Desktop/Code/LingxiAgent/artifacts/rust-tauri/R05/RR3/J-REVIEW-01/nonexistent-objects does not exist; check .git/objects/info/alternates
error: object directory /Users/study_superior/Desktop/Code/LingxiAgent/artifacts/rust-tauri/R05/RR3/J-REVIEW-01/nonexistent-objects does not exist; check .git/objects/info/alternates
error: refs/tags/v0.1.23: invalid sha1 pointer d2902ef5ac79a1ff863277b28a060b35ddfdd6ed
error: object directory /Users/study_superior/Desktop/Code/LingxiAgent/artifacts/rust-tauri/R05/RR3/J-REVIEW-01/nonexistent-objects does not exist; check .git/objects/info/alternates
error: object directory /Users/study_superior/Desktop/Code/LingxiAgent/artifacts/rust-tauri/R05/RR3/J-REVIEW-01/nonexistent-objects does not exist; check .git/objects/info/alternates
error: refs/tags/v0.1.24: invalid sha1 pointer a6aee27b9a395f46306e66709902319ce91b2ece
error: object directory /Users/study_superior/Desktop/Code/LingxiAgent/artifacts/rust-tauri/R05/RR3/J-REVIEW-01/nonexistent-objects does not exist; check .git/objects/info/alternates
error: object directory /Users/study_superior/Desktop/Code/LingxiAgent/artifacts/rust-tauri/R05/RR3/J-REVIEW-01/nonexistent-objects does not exist; check .git/objects/info/alternates
error: refs/tags/v0.1.25: invalid sha1 pointer b1d6d34077f98fe851243a06d9ce84e422645e56
error: object directory /Users/study_superior/Desktop/Code/LingxiAgent/artifacts/rust-tauri/R05/RR3/J-REVIEW-01/nonexistent-objects does not exist; check .git/objects/info/alternates
error: object directory /Users/study_superior/Desktop/Code/LingxiAgent/artifacts/rust-tauri/R05/RR3/J-REVIEW-01/nonexistent-objects does not exist; check .git/objects/info/alternates
error: refs/tags/v0.1.26: invalid sha1 pointer 1a6e70df10e920e9b810cd920e112ae543137799
error: object directory /Users/study_superior/Desktop/Code/LingxiAgent/artifacts/rust-tauri/R05/RR3/J-REVIEW-01/nonexistent-objects does not exist; check .git/objects/info/alternates
error: object directory /Users/study_superior/Desktop/Code/LingxiAgent/artifacts/rust-tauri/R05/RR3/J-REVIEW-01/nonexistent-objects does not exist; check .git/objects/info/alternates
error: refs/tags/v0.1.27: invalid sha1 pointer 54c1ebbd7a27dea315241335066ffddf9abbb006
error: object directory /Users/study_superior/Desktop/Code/LingxiAgent/artifacts/rust-tauri/R05/RR3/J-REVIEW-01/nonexistent-objects does not exist; check .git/objects/info/alternates
error: object directory /Users/study_superior/Desktop/Code/LingxiAgent/artifacts/rust-tauri/R05/RR3/J-REVIEW-01/nonexistent-objects does not exist; check .git/objects/info/alternates
error: refs/tags/v0.1.28: invalid sha1 pointer f5655ccf70766afbd64f158611af1d2b462fdeb4
error: object directory /Users/study_superior/Desktop/Code/LingxiAgent/artifacts/rust-tauri/R05/RR3/J-REVIEW-01/nonexistent-objects does not exist; check .git/objects/info/alternates
error: object directory /Users/study_superior/Desktop/Code/LingxiAgent/artifacts/rust-tauri/R05/RR3/J-REVIEW-01/nonexistent-objects does not exist; check .git/objects/info/alternates
error: refs/tags/v0.1.29: invalid sha1 pointer a56c7948588455e7b9c2b3bb0bbb4b972c002a4f
error: object directory /Users/study_superior/Desktop/Code/LingxiAgent/artifacts/rust-tauri/R05/RR3/J-REVIEW-01/nonexistent-objects does not exist; check .git/objects/info/alternates
error: object directory /Users/study_superior/Desktop/Code/LingxiAgent/artifacts/rust-tauri/R05/RR3/J-REVIEW-01/nonexistent-objects does not exist; check .git/objects/info/alternates
error: refs/tags/v0.1.3: invalid sha1 pointer 196d415d6e090fdc94d6a31f07992abef7882bab
error: object directory /Users/study_superior/Desktop/Code/LingxiAgent/artifacts/rust-tauri/R05/RR3/J-REVIEW-01/nonexistent-objects does not exist; check .git/objects/info/alternates
error: object directory /Users/study_superior/Desktop/Code/LingxiAgent/artifacts/rust-tauri/R05/RR3/J-REVIEW-01/nonexistent-objects does not exist; check .git/objects/info/alternates
error: refs/tags/v0.1.30: invalid sha1 pointer e08c1208d930d0ee042d2ebf399f097e1c796c65
error: object directory /Users/study_superior/Desktop/Code/LingxiAgent/artifacts/rust-tauri/R05/RR3/J-REVIEW-01/nonexistent-objects does not exist; check .git/objects/info/alternates
error: object directory /Users/study_superior/Desktop/Code/LingxiAgent/artifacts/rust-tauri/R05/RR3/J-REVIEW-01/nonexistent-objects does not exist; check .git/objects/info/alternates
error: refs/tags/v0.1.31: invalid sha1 pointer bad2d0b4e8ab8c2fa6ce5b7b3d52e4c5a8a2c887
error: object directory /Users/study_superior/Desktop/Code/LingxiAgent/artifacts/rust-tauri/R05/RR3/J-REVIEW-01/nonexistent-objects does not exist; check .git/objects/info/alternates
error: object directory /Users/study_superior/Desktop/Code/LingxiAgent/artifacts/rust-tauri/R05/RR3/J-REVIEW-01/nonexistent-objects does not exist; check .git/objects/info/alternates
error: refs/tags/v0.1.32: invalid sha1 pointer de84ec1100bc72c6640d432359b950036933d729
error: object directory /Users/study_superior/Desktop/Code/LingxiAgent/artifacts/rust-tauri/R05/RR3/J-REVIEW-01/nonexistent-objects does not exist; check .git/objects/info/alternates
error: object directory /Users/study_superior/Desktop/Code/LingxiAgent/artifacts/rust-tauri/R05/RR3/J-REVIEW-01/nonexistent-objects does not exist; check .git/objects/info/alternates
error: refs/tags/v0.1.33: invalid sha1 pointer 98c43abdc9b0a67d6684345d8d758116a2753672
error: object directory /Users/study_superior/Desktop/Code/LingxiAgent/artifacts/rust-tauri/R05/RR3/J-REVIEW-01/nonexistent-objects does not exist; check .git/objects/info/alternates
error: object directory /Users/study_superior/Desktop/Code/LingxiAgent/artifacts/rust-tauri/R05/RR3/J-REVIEW-01/nonexistent-objects does not exist; check .git/objects/info/alternates
error: refs/tags/v0.1.34: invalid sha1 pointer 8c2e80e7e00b993a260a3e9273a85be1678c3b94
error: object directory /Users/study_superior/Desktop/Code/LingxiAgent/artifacts/rust-tauri/R05/RR3/J-REVIEW-01/nonexistent-objects does not exist; check .git/objects/info/alternates
error: object directory /Users/study_superior/Desktop/Code/LingxiAgent/artifacts/rust-tauri/R05/RR3/J-REVIEW-01/nonexistent-objects does not exist; check .git/objects/info/alternates
error: refs/tags/v0.1.35: invalid sha1 pointer 7046bc2ef2825dd37f9b707cc31ee89ac91b4d21
error: object directory /Users/study_superior/Desktop/Code/LingxiAgent/artifacts/rust-tauri/R05/RR3/J-REVIEW-01/nonexistent-objects does not exist; check .git/objects/info/alternates
error: object directory /Users/study_superior/Desktop/Code/LingxiAgent/artifacts/rust-tauri/R05/RR3/J-REVIEW-01/nonexistent-objects does not exist; check .git/objects/info/alternates
error: refs/tags/v0.1.36: invalid sha1 pointer 56af54dc506fb46053f31425a79f633ece3b2514
error: object directory /Users/study_superior/Desktop/Code/LingxiAgent/artifacts/rust-tauri/R05/RR3/J-REVIEW-01/nonexistent-objects does not exist; check .git/objects/info/alternates
error: object directory /Users/study_superior/Desktop/Code/LingxiAgent/artifacts/rust-tauri/R05/RR3/J-REVIEW-01/nonexistent-objects does not exist; check .git/objects/info/alternates
error: refs/tags/v0.1.37: invalid sha1 pointer b758c0579f8934de0bd3662c471f5fa4866199f5
error: object directory /Users/study_superior/Desktop/Code/LingxiAgent/artifacts/rust-tauri/R05/RR3/J-REVIEW-01/nonexistent-objects does not exist; check .git/objects/info/alternates
error: object directory /Users/study_superior/Desktop/Code/LingxiAgent/artifacts/rust-tauri/R05/RR3/J-REVIEW-01/nonexistent-objects does not exist; check .git/objects/info/alternates
error: refs/tags/v0.1.38: invalid sha1 pointer 346aaf5ee1ac07d886a59c4e6dc5a82971ac7c7f
error: object directory /Users/study_superior/Desktop/Code/LingxiAgent/artifacts/rust-tauri/R05/RR3/J-REVIEW-01/nonexistent-objects does not exist; check .git/objects/info/alternates
error: object directory /Users/study_superior/Desktop/Code/LingxiAgent/artifacts/rust-tauri/R05/RR3/J-REVIEW-01/nonexistent-objects does not exist; check .git/objects/info/alternates
error: refs/tags/v0.1.39: invalid sha1 pointer 0d8a615c7c53c8dc9fd37b4c6dc0d2fca9b64262
error: object directory /Users/study_superior/Desktop/Code/LingxiAgent/artifacts/rust-tauri/R05/RR3/J-REVIEW-01/nonexistent-objects does not exist; check .git/objects/info/alternates
error: object directory /Users/study_superior/Desktop/Code/LingxiAgent/artifacts/rust-tauri/R05/RR3/J-REVIEW-01/nonexistent-objects does not exist; check .git/objects/info/alternates
error: refs/tags/v0.1.40-experimental.1: invalid sha1 pointer 3aa07f890834f49d37c379266f59cdd6be5e6bfb
error: object directory /Users/study_superior/Desktop/Code/LingxiAgent/artifacts/rust-tauri/R05/RR3/J-REVIEW-01/nonexistent-objects does not exist; check .git/objects/info/alternates
error: object directory /Users/study_superior/Desktop/Code/LingxiAgent/artifacts/rust-tauri/R05/RR3/J-REVIEW-01/nonexistent-objects does not exist; check .git/objects/info/alternates
error: refs/tags/v0.1.41: invalid sha1 pointer 1b6e6f7f4ed4757baf820ca2be3fa30b15fb1b22
error: object directory /Users/study_superior/Desktop/Code/LingxiAgent/artifacts/rust-tauri/R05/RR3/J-REVIEW-01/nonexistent-objects does not exist; check .git/objects/info/alternates
error: object directory /Users/study_superior/Desktop/Code/LingxiAgent/artifacts/rust-tauri/R05/RR3/J-REVIEW-01/nonexistent-objects does not exist; check .git/objects/info/alternates
error: refs/tags/v0.1.42: invalid sha1 pointer 5339aa914aed46430cd34c3651cf8c037c36ccf1
error: object directory /Users/study_superior/Desktop/Code/LingxiAgent/artifacts/rust-tauri/R05/RR3/J-REVIEW-01/nonexistent-objects does not exist; check .git/objects/info/alternates
error: object directory /Users/study_superior/Desktop/Code/LingxiAgent/artifacts/rust-tauri/R05/RR3/J-REVIEW-01/nonexistent-objects does not exist; check .git/objects/info/alternates
error: refs/tags/v0.1.43: invalid sha1 pointer c4563ff4f2c4f56f51d5941d948cd91c8b1cad2f
error: object directory /Users/study_superior/Desktop/Code/LingxiAgent/artifacts/rust-tauri/R05/RR3/J-REVIEW-01/nonexistent-objects does not exist; check .git/objects/info/alternates
error: object directory /Users/study_superior/Desktop/Code/LingxiAgent/artifacts/rust-tauri/R05/RR3/J-REVIEW-01/nonexistent-objects does not exist; check .git/objects/info/alternates
error: refs/tags/v0.101.0: invalid sha1 pointer 39619d648e119c0142f3209e1fed776b0ca5f28b
error: object directory /Users/study_superior/Desktop/Code/LingxiAgent/artifacts/rust-tauri/R05/RR3/J-REVIEW-01/nonexistent-objects does not exist; check .git/objects/info/alternates
error: object directory /Users/study_superior/Desktop/Code/LingxiAgent/artifacts/rust-tauri/R05/RR3/J-REVIEW-01/nonexistent-objects does not exist; check .git/objects/info/alternates
error: refs/tags/v0.101.4: invalid sha1 pointer 1f2e77e0c4205337cf95ad39c16b66458449d662
error: object directory /Users/study_superior/Desktop/Code/LingxiAgent/artifacts/rust-tauri/R05/RR3/J-REVIEW-01/nonexistent-objects does not exist; check .git/objects/info/alternates
error: object directory /Users/study_superior/Desktop/Code/LingxiAgent/artifacts/rust-tauri/R05/RR3/J-REVIEW-01/nonexistent-objects does not exist; check .git/objects/info/alternates
error: refs/tags/v0.102.4: invalid sha1 pointer 447ea5029ef07a1d9afebd63abd86669c70e034e
error: object directory /Users/study_superior/Desktop/Code/LingxiAgent/artifacts/rust-tauri/R05/RR3/J-REVIEW-01/nonexistent-objects does not exist; check .git/objects/info/alternates
error: object directory /Users/study_superior/Desktop/Code/LingxiAgent/artifacts/rust-tauri/R05/RR3/J-REVIEW-01/nonexistent-objects does not exist; check .git/objects/info/alternates
error: refs/tags/v0.103.1: invalid sha1 pointer 3045d82fa82198f129919d7c7ba034102b3c5bc7
error: object directory /Users/study_superior/Desktop/Code/LingxiAgent/artifacts/rust-tauri/R05/RR3/J-REVIEW-01/nonexistent-objects does not exist; check .git/objects/info/alternates
error: object directory /Users/study_superior/Desktop/Code/LingxiAgent/artifacts/rust-tauri/R05/RR3/J-REVIEW-01/nonexistent-objects does not exist; check .git/objects/info/alternates
error: refs/tags/v0.105.2: invalid sha1 pointer 6b0cf23fb7b68ac245202b4f4a0e08f1f325cc4c
error: object directory /Users/study_superior/Desktop/Code/LingxiAgent/artifacts/rust-tauri/R05/RR3/J-REVIEW-01/nonexistent-objects does not exist; check .git/objects/info/alternates
error: object directory /Users/study_superior/Desktop/Code/LingxiAgent/artifacts/rust-tauri/R05/RR3/J-REVIEW-01/nonexistent-objects does not exist; check .git/objects/info/alternates
error: refs/tags/v0.105.3: invalid sha1 pointer 53de5ae3ffdc9e0b49900973cc75b0788c3123b0
error: object directory /Users/study_superior/Desktop/Code/LingxiAgent/artifacts/rust-tauri/R05/RR3/J-REVIEW-01/nonexistent-objects does not exist; check .git/objects/info/alternates
error: object directory /Users/study_superior/Desktop/Code/LingxiAgent/artifacts/rust-tauri/R05/RR3/J-REVIEW-01/nonexistent-objects does not exist; check .git/objects/info/alternates
error: refs/tags/v0.107.0: invalid sha1 pointer 6ce8cdf1283be046ac9dc50cbb7d6388c12a17a1
error: object directory /Users/study_superior/Desktop/Code/LingxiAgent/artifacts/rust-tauri/R05/RR3/J-REVIEW-01/nonexistent-objects does not exist; check .git/objects/info/alternates
error: object directory /Users/study_superior/Desktop/Code/LingxiAgent/artifacts/rust-tauri/R05/RR3/J-REVIEW-01/nonexistent-objects does not exist; check .git/objects/info/alternates
error: refs/tags/v0.107.3: invalid sha1 pointer 69d724a59d778cb88581efa63bf7d47144899a00
error: object directory /Users/study_superior/Desktop/Code/LingxiAgent/artifacts/rust-tauri/R05/RR3/J-REVIEW-01/nonexistent-objects does not exist; check .git/objects/info/alternates
error: object directory /Users/study_superior/Desktop/Code/LingxiAgent/artifacts/rust-tauri/R05/RR3/J-REVIEW-01/nonexistent-objects does not exist; check .git/objects/info/alternates
error: refs/tags/v0.108.10: invalid sha1 pointer 17539b355ef7525eaf5dc94860bb36c462dc619f
error: object directory /Users/study_superior/Desktop/Code/LingxiAgent/artifacts/rust-tauri/R05/RR3/J-REVIEW-01/nonexistent-objects does not exist; check .git/objects/info/alternates
error: object directory /Users/study_superior/Desktop/Code/LingxiAgent/artifacts/rust-tauri/R05/RR3/J-REVIEW-01/nonexistent-objects does not exist; check .git/objects/info/alternates
error: refs/tags/v0.108.3: invalid sha1 pointer d948098472a3d0f8a0be84b1b7cf65befa6a7f55
error: object directory /Users/study_superior/Desktop/Code/LingxiAgent/artifacts/rust-tauri/R05/RR3/J-REVIEW-01/nonexistent-objects does not exist; check .git/objects/info/alternates
error: object directory /Users/study_superior/Desktop/Code/LingxiAgent/artifacts/rust-tauri/R05/RR3/J-REVIEW-01/nonexistent-objects does not exist; check .git/objects/info/alternates
error: refs/tags/v0.108.7: invalid sha1 pointer d8a25be8c7caa083c07124318ca8f2da7bdbdf25
error: object directory /Users/study_superior/Desktop/Code/LingxiAgent/artifacts/rust-tauri/R05/RR3/J-REVIEW-01/nonexistent-objects does not exist; check .git/objects/info/alternates
error: object directory /Users/study_superior/Desktop/Code/LingxiAgent/artifacts/rust-tauri/R05/RR3/J-REVIEW-01/nonexistent-objects does not exist; check .git/objects/info/alternates
error: refs/tags/v0.112.10: invalid sha1 pointer c03673a80527bb01c9f7d8535575c1b3bc651ac9
error: object directory /Users/study_superior/Desktop/Code/LingxiAgent/artifacts/rust-tauri/R05/RR3/J-REVIEW-01/nonexistent-objects does not exist; check .git/objects/info/alternates
error: object directory /Users/study_superior/Desktop/Code/LingxiAgent/artifacts/rust-tauri/R05/RR3/J-REVIEW-01/nonexistent-objects does not exist; check .git/objects/info/alternates
error: refs/tags/v0.112.3: invalid sha1 pointer 8800b8b87efc7f757324c122e8c476909b1839a4
error: object directory /Users/study_superior/Desktop/Code/LingxiAgent/artifacts/rust-tauri/R05/RR3/J-REVIEW-01/nonexistent-objects does not exist; check .git/objects/info/alternates
error: object directory /Users/study_superior/Desktop/Code/LingxiAgent/artifacts/rust-tauri/R05/RR3/J-REVIEW-01/nonexistent-objects does not exist; check .git/objects/info/alternates
error: refs/tags/v0.112.5: invalid sha1 pointer 2513d4619c843cf08c4e8b5d78351284ce0cae0e
error: object directory /Users/study_superior/Desktop/Code/LingxiAgent/artifacts/rust-tauri/R05/RR3/J-REVIEW-01/nonexistent-objects does not exist; check .git/objects/info/alternates
error: object directory /Users/study_superior/Desktop/Code/LingxiAgent/artifacts/rust-tauri/R05/RR3/J-REVIEW-01/nonexistent-objects does not exist; check .git/objects/info/alternates
error: refs/tags/v0.112.6: invalid sha1 pointer f2e0a5ba388d3f9c89690eee9355cc18dd8745e2
error: object directory /Users/study_superior/Desktop/Code/LingxiAgent/artifacts/rust-tauri/R05/RR3/J-REVIEW-01/nonexistent-objects does not exist; check .git/objects/info/alternates
error: object directory /Users/study_superior/Desktop/Code/LingxiAgent/artifacts/rust-tauri/R05/RR3/J-REVIEW-01/nonexistent-objects does not exist; check .git/objects/info/alternates
error: refs/tags/v0.112.8: invalid sha1 pointer bbd7228d3c9df30f7e065afbd48825b5f0178c7f
error: object directory /Users/study_superior/Desktop/Code/LingxiAgent/artifacts/rust-tauri/R05/RR3/J-REVIEW-01/nonexistent-objects does not exist; check .git/objects/info/alternates
error: object directory /Users/study_superior/Desktop/Code/LingxiAgent/artifacts/rust-tauri/R05/RR3/J-REVIEW-01/nonexistent-objects does not exist; check .git/objects/info/alternates
error: refs/tags/v0.113.0: invalid sha1 pointer 805f5b51915da6509f1a4be2347f8cbeaa6bf007
error: object directory /Users/study_superior/Desktop/Code/LingxiAgent/artifacts/rust-tauri/R05/RR3/J-REVIEW-01/nonexistent-objects does not exist; check .git/objects/info/alternates
error: object directory /Users/study_superior/Desktop/Code/LingxiAgent/artifacts/rust-tauri/R05/RR3/J-REVIEW-01/nonexistent-objects does not exist; check .git/objects/info/alternates
error: refs/tags/v0.113.1: invalid sha1 pointer f46d9e666dbe6bac5ac3a3679cfa51ec5b232782
error: object directory /Users/study_superior/Desktop/Code/LingxiAgent/artifacts/rust-tauri/R05/RR3/J-REVIEW-01/nonexistent-objects does not exist; check .git/objects/info/alternates
error: object directory /Users/study_superior/Desktop/Code/LingxiAgent/artifacts/rust-tauri/R05/RR3/J-REVIEW-01/nonexistent-objects does not exist; check .git/objects/info/alternates
error: refs/tags/v0.114.0: invalid sha1 pointer e178553346e6813e854066afc3beedce941b5b1e
error: object directory /Users/study_superior/Desktop/Code/LingxiAgent/artifacts/rust-tauri/R05/RR3/J-REVIEW-01/nonexistent-objects does not exist; check .git/objects/info/alternates
error: object directory /Users/study_superior/Desktop/Code/LingxiAgent/artifacts/rust-tauri/R05/RR3/J-REVIEW-01/nonexistent-objects does not exist; check .git/objects/info/alternates
error: refs/tags/v0.114.6: invalid sha1 pointer 01fac2c07b5c740b2bfd1f69bbc67f26e77ca573
error: object directory /Users/study_superior/Desktop/Code/LingxiAgent/artifacts/rust-tauri/R05/RR3/J-REVIEW-01/nonexistent-objects does not exist; check .git/objects/info/alternates
error: object directory /Users/study_superior/Desktop/Code/LingxiAgent/artifacts/rust-tauri/R05/RR3/J-REVIEW-01/nonexistent-objects does not exist; check .git/objects/info/alternates
error: refs/tags/v0.114.9: invalid sha1 pointer 8b25ad847a02df2dab81eda8b77f13ceff069378
error: object directory /Users/study_superior/Desktop/Code/LingxiAgent/artifacts/rust-tauri/R05/RR3/J-REVIEW-01/nonexistent-objects does not exist; check .git/objects/info/alternates
error: object directory /Users/study_superior/Desktop/Code/LingxiAgent/artifacts/rust-tauri/R05/RR3/J-REVIEW-01/nonexistent-objects does not exist; check .git/objects/info/alternates
error: refs/tags/v0.115.0: invalid sha1 pointer 05e2ff251468d9dbf9467e4d6c9f5bb6d73ea57a
error: object directory /Users/study_superior/Desktop/Code/LingxiAgent/artifacts/rust-tauri/R05/RR3/J-REVIEW-01/nonexistent-objects does not exist; check .git/objects/info/alternates
error: object directory /Users/study_superior/Desktop/Code/LingxiAgent/artifacts/rust-tauri/R05/RR3/J-REVIEW-01/nonexistent-objects does not exist; check .git/objects/info/alternates
error: refs/tags/v0.115.1: invalid sha1 pointer d0f256e814ad69d0efc265cbbb6ea9475324b361
error: object directory /Users/study_superior/Desktop/Code/LingxiAgent/artifacts/rust-tauri/R05/RR3/J-REVIEW-01/nonexistent-objects does not exist; check .git/objects/info/alternates
error: object directory /Users/study_superior/Desktop/Code/LingxiAgent/artifacts/rust-tauri/R05/RR3/J-REVIEW-01/nonexistent-objects does not exist; check .git/objects/info/alternates
error: refs/tags/v0.116.10: invalid sha1 pointer 3eb4b70f6b64dbaccb9e41f3f8f96dc1f6d0c067
error: object directory /Users/study_superior/Desktop/Code/LingxiAgent/artifacts/rust-tauri/R05/RR3/J-REVIEW-01/nonexistent-objects does not exist; check .git/objects/info/alternates
error: object directory /Users/study_superior/Desktop/Code/LingxiAgent/artifacts/rust-tauri/R05/RR3/J-REVIEW-01/nonexistent-objects does not exist; check .git/objects/info/alternates
error: refs/tags/v0.116.7: invalid sha1 pointer d43705194f8aacf00779906fa49205b67270ed47
error: object directory /Users/study_superior/Desktop/Code/LingxiAgent/artifacts/rust-tauri/R05/RR3/J-REVIEW-01/nonexistent-objects does not exist; check .git/objects/info/alternates
error: object directory /Users/study_superior/Desktop/Code/LingxiAgent/artifacts/rust-tauri/R05/RR3/J-REVIEW-01/nonexistent-objects does not exist; check .git/objects/info/alternates
error: refs/tags/v0.117.0: invalid sha1 pointer 2854dc7d3f68a70de13a646005f78d274d1e1cda
error: object directory /Users/study_superior/Desktop/Code/LingxiAgent/artifacts/rust-tauri/R05/RR3/J-REVIEW-01/nonexistent-objects does not exist; check .git/objects/info/alternates
error: object directory /Users/study_superior/Desktop/Code/LingxiAgent/artifacts/rust-tauri/R05/RR3/J-REVIEW-01/nonexistent-objects does not exist; check .git/objects/info/alternates
error: refs/tags/v0.117.1: invalid sha1 pointer 898834da8e5c04951b08f58dbdf6884d9c88494f
error: object directory /Users/study_superior/Desktop/Code/LingxiAgent/artifacts/rust-tauri/R05/RR3/J-REVIEW-01/nonexistent-objects does not exist; check .git/objects/info/alternates
error: object directory /Users/study_superior/Desktop/Code/LingxiAgent/artifacts/rust-tauri/R05/RR3/J-REVIEW-01/nonexistent-objects does not exist; check .git/objects/info/alternates
error: refs/tags/v0.117.2: invalid sha1 pointer afc180329a0323534c7839c6cdc282ae65ab57c2
error: object directory /Users/study_superior/Desktop/Code/LingxiAgent/artifacts/rust-tauri/R05/RR3/J-REVIEW-01/nonexistent-objects does not exist; check .git/objects/info/alternates
error: object directory /Users/study_superior/Desktop/Code/LingxiAgent/artifacts/rust-tauri/R05/RR3/J-REVIEW-01/nonexistent-objects does not exist; check .git/objects/info/alternates
error: refs/tags/v0.117.5: invalid sha1 pointer 2530c6b9b961957b7973f9c87d12717e8de01c32
error: object directory /Users/study_superior/Desktop/Code/LingxiAgent/artifacts/rust-tauri/R05/RR3/J-REVIEW-01/nonexistent-objects does not exist; check .git/objects/info/alternates
error: object directory /Users/study_superior/Desktop/Code/LingxiAgent/artifacts/rust-tauri/R05/RR3/J-REVIEW-01/nonexistent-objects does not exist; check .git/objects/info/alternates
error: refs/tags/v0.117.6: invalid sha1 pointer 77245a03bde8a837a4f6ebe2c2b3d144335ac0b9
error: object directory /Users/study_superior/Desktop/Code/LingxiAgent/artifacts/rust-tauri/R05/RR3/J-REVIEW-01/nonexistent-objects does not exist; check .git/objects/info/alternates
error: object directory /Users/study_superior/Desktop/Code/LingxiAgent/artifacts/rust-tauri/R05/RR3/J-REVIEW-01/nonexistent-objects does not exist; check .git/objects/info/alternates
error: refs/tags/v0.118.3: invalid sha1 pointer fc420ae1b1a2c8e6a8164cb55ff2150e9a68c59c
error: object directory /Users/study_superior/Desktop/Code/LingxiAgent/artifacts/rust-tauri/R05/RR3/J-REVIEW-01/nonexistent-objects does not exist; check .git/objects/info/alternates
error: object directory /Users/study_superior/Desktop/Code/LingxiAgent/artifacts/rust-tauri/R05/RR3/J-REVIEW-01/nonexistent-objects does not exist; check .git/objects/info/alternates
error: refs/tags/v0.119.13: invalid sha1 pointer 7491fe3017f30b6b2063d366b38f109bf77e7902
error: object directory /Users/study_superior/Desktop/Code/LingxiAgent/artifacts/rust-tauri/R05/RR3/J-REVIEW-01/nonexistent-objects does not exist; check .git/objects/info/alternates
error: object directory /Users/study_superior/Desktop/Code/LingxiAgent/artifacts/rust-tauri/R05/RR3/J-REVIEW-01/nonexistent-objects does not exist; check .git/objects/info/alternates
error: refs/tags/v0.119.14: invalid sha1 pointer d9ddb89d79f782cce37441765e867301bde8803e
error: object directory /Users/study_superior/Desktop/Code/LingxiAgent/artifacts/rust-tauri/R05/RR3/J-REVIEW-01/nonexistent-objects does not exist; check .git/objects/info/alternates
error: object directory /Users/study_superior/Desktop/Code/LingxiAgent/artifacts/rust-tauri/R05/RR3/J-REVIEW-01/nonexistent-objects does not exist; check .git/objects/info/alternates
error: refs/tags/v0.119.4: invalid sha1 pointer 16af4611c406f4431992e158d4d95c5b67984c11
error: object directory /Users/study_superior/Desktop/Code/LingxiAgent/artifacts/rust-tauri/R05/RR3/J-REVIEW-01/nonexistent-objects does not exist; check .git/objects/info/alternates
error: object directory /Users/study_superior/Desktop/Code/LingxiAgent/artifacts/rust-tauri/R05/RR3/J-REVIEW-01/nonexistent-objects does not exist; check .git/objects/info/alternates
error: refs/tags/v0.119.9: invalid sha1 pointer 2dcb67c358b860c4dec339e7203bbb59122daf09
error: object directory /Users/study_superior/Desktop/Code/LingxiAgent/artifacts/rust-tauri/R05/RR3/J-REVIEW-01/nonexistent-objects does not exist; check .git/objects/info/alternates
error: object directory /Users/study_superior/Desktop/Code/LingxiAgent/artifacts/rust-tauri/R05/RR3/J-REVIEW-01/nonexistent-objects does not exist; check .git/objects/info/alternates
error: refs/tags/v0.120.6: invalid sha1 pointer 85714ed6f6b48b57908b6d43a67dde3b6a926165
error: object directory /Users/study_superior/Desktop/Code/LingxiAgent/artifacts/rust-tauri/R05/RR3/J-REVIEW-01/nonexistent-objects does not exist; check .git/objects/info/alternates
error: object directory /Users/study_superior/Desktop/Code/LingxiAgent/artifacts/rust-tauri/R05/RR3/J-REVIEW-01/nonexistent-objects does not exist; check .git/objects/info/alternates
error: refs/tags/v0.124.0: invalid sha1 pointer 7b1d8fe2e5e1ad9486ae7fa004ec2d6fe2210601
error: object directory /Users/study_superior/Desktop/Code/LingxiAgent/artifacts/rust-tauri/R05/RR3/J-REVIEW-01/nonexistent-objects does not exist; check .git/objects/info/alternates
error: object directory /Users/study_superior/Desktop/Code/LingxiAgent/artifacts/rust-tauri/R05/RR3/J-REVIEW-01/nonexistent-objects does not exist; check .git/objects/info/alternates
error: refs/tags/v0.124.2: invalid sha1 pointer 7d5d300fc1d6390b2c869781998e0cc881231e3b
error: object directory /Users/study_superior/Desktop/Code/LingxiAgent/artifacts/rust-tauri/R05/RR3/J-REVIEW-01/nonexistent-objects does not exist; check .git/objects/info/alternates
error: object directory /Users/study_superior/Desktop/Code/LingxiAgent/artifacts/rust-tauri/R05/RR3/J-REVIEW-01/nonexistent-objects does not exist; check .git/objects/info/alternates
error: refs/tags/v0.124.3: invalid sha1 pointer 3d3e6602ce6dc45e23e488f9c5ec380b2b5f9255
error: object directory /Users/study_superior/Desktop/Code/LingxiAgent/artifacts/rust-tauri/R05/RR3/J-REVIEW-01/nonexistent-objects does not exist; check .git/objects/info/alternates
error: object directory /Users/study_superior/Desktop/Code/LingxiAgent/artifacts/rust-tauri/R05/RR3/J-REVIEW-01/nonexistent-objects does not exist; check .git/objects/info/alternates
error: refs/tags/v0.124.4: invalid sha1 pointer 7b36567c9a98f50ae51fe2cb62b49a706426683f
error: object directory /Users/study_superior/Desktop/Code/LingxiAgent/artifacts/rust-tauri/R05/RR3/J-REVIEW-01/nonexistent-objects does not exist; check .git/objects/info/alternates
error: object directory /Users/study_superior/Desktop/Code/LingxiAgent/artifacts/rust-tauri/R05/RR3/J-REVIEW-01/nonexistent-objects does not exist; check .git/objects/info/alternates
error: refs/tags/v0.125.0: invalid sha1 pointer 5f9e443b401aa39119e3811d435e4a645dbd01f0
error: object directory /Users/study_superior/Desktop/Code/LingxiAgent/artifacts/rust-tauri/R05/RR3/J-REVIEW-01/nonexistent-objects does not exist; check .git/objects/info/alternates
error: object directory /Users/study_superior/Desktop/Code/LingxiAgent/artifacts/rust-tauri/R05/RR3/J-REVIEW-01/nonexistent-objects does not exist; check .git/objects/info/alternates
error: refs/tags/v0.130.1: invalid sha1 pointer b711bef20dd612f3794a5bc4b305aeedc8f2429e
error: object directory /Users/study_superior/Desktop/Code/LingxiAgent/artifacts/rust-tauri/R05/RR3/J-REVIEW-01/nonexistent-objects does not exist; check .git/objects/info/alternates
error: object directory /Users/study_superior/Desktop/Code/LingxiAgent/artifacts/rust-tauri/R05/RR3/J-REVIEW-01/nonexistent-objects does not exist; check .git/objects/info/alternates
error: refs/tags/v0.130.15: invalid sha1 pointer 5b09f163ea57f0da940606a2b5e403059e1796bf
error: object directory /Users/study_superior/Desktop/Code/LingxiAgent/artifacts/rust-tauri/R05/RR3/J-REVIEW-01/nonexistent-objects does not exist; check .git/objects/info/alternates
error: object directory /Users/study_superior/Desktop/Code/LingxiAgent/artifacts/rust-tauri/R05/RR3/J-REVIEW-01/nonexistent-objects does not exist; check .git/objects/info/alternates
error: refs/tags/v0.130.6: invalid sha1 pointer dee9bc3cd0bed795bf64e87c47be11aacbe3bfa9
error: object directory /Users/study_superior/Desktop/Code/LingxiAgent/artifacts/rust-tauri/R05/RR3/J-REVIEW-01/nonexistent-objects does not exist; check .git/objects/info/alternates
error: object directory /Users/study_superior/Desktop/Code/LingxiAgent/artifacts/rust-tauri/R05/RR3/J-REVIEW-01/nonexistent-objects does not exist; check .git/objects/info/alternates
error: refs/tags/v0.130.7: invalid sha1 pointer 7e1ea7a8a25f3dbbad5ceec6d74262903f6e9240
error: object directory /Users/study_superior/Desktop/Code/LingxiAgent/artifacts/rust-tauri/R05/RR3/J-REVIEW-01/nonexistent-objects does not exist; check .git/objects/info/alternates
error: object directory /Users/study_superior/Desktop/Code/LingxiAgent/artifacts/rust-tauri/R05/RR3/J-REVIEW-01/nonexistent-objects does not exist; check .git/objects/info/alternates
error: refs/tags/v0.135.2: invalid sha1 pointer c6125641fb0caf007477c14eea74fde01852ba5b
error: object directory /Users/study_superior/Desktop/Code/LingxiAgent/artifacts/rust-tauri/R05/RR3/J-REVIEW-01/nonexistent-objects does not exist; check .git/objects/info/alternates
error: object directory /Users/study_superior/Desktop/Code/LingxiAgent/artifacts/rust-tauri/R05/RR3/J-REVIEW-01/nonexistent-objects does not exist; check .git/objects/info/alternates
error: refs/tags/v0.136.2: invalid sha1 pointer 65aeadeb84ed281566496fa29f575a1b77ce3875
error: object directory /Users/study_superior/Desktop/Code/LingxiAgent/artifacts/rust-tauri/R05/RR3/J-REVIEW-01/nonexistent-objects does not exist; check .git/objects/info/alternates
error: object directory /Users/study_superior/Desktop/Code/LingxiAgent/artifacts/rust-tauri/R05/RR3/J-REVIEW-01/nonexistent-objects does not exist; check .git/objects/info/alternates
error: refs/tags/v0.136.5: invalid sha1 pointer de27db54c6270b5b90b989e66e92a26aeeafea37
error: object directory /Users/study_superior/Desktop/Code/LingxiAgent/artifacts/rust-tauri/R05/RR3/J-REVIEW-01/nonexistent-objects does not exist; check .git/objects/info/alternates
error: object directory /Users/study_superior/Desktop/Code/LingxiAgent/artifacts/rust-tauri/R05/RR3/J-REVIEW-01/nonexistent-objects does not exist; check .git/objects/info/alternates
error: refs/tags/v0.138.10: invalid sha1 pointer 1aa189ddc4ed4d71c3cc6eb8fc465323ce61850b
error: object directory /Users/study_superior/Desktop/Code/LingxiAgent/artifacts/rust-tauri/R05/RR3/J-REVIEW-01/nonexistent-objects does not exist; check .git/objects/info/alternates
error: object directory /Users/study_superior/Desktop/Code/LingxiAgent/artifacts/rust-tauri/R05/RR3/J-REVIEW-01/nonexistent-objects does not exist; check .git/objects/info/alternates
error: refs/tags/v0.139.0: invalid sha1 pointer 7957865b64767cd939d6d9a39529fd509983d65d
error: object directory /Users/study_superior/Desktop/Code/LingxiAgent/artifacts/rust-tauri/R05/RR3/J-REVIEW-01/nonexistent-objects does not exist; check .git/objects/info/alternates
error: object directory /Users/study_superior/Desktop/Code/LingxiAgent/artifacts/rust-tauri/R05/RR3/J-REVIEW-01/nonexistent-objects does not exist; check .git/objects/info/alternates
error: refs/tags/v0.139.2: invalid sha1 pointer c6077a21db8f29bc37d4b57d0ec9348a34bc634a
error: object directory /Users/study_superior/Desktop/Code/LingxiAgent/artifacts/rust-tauri/R05/RR3/J-REVIEW-01/nonexistent-objects does not exist; check .git/objects/info/alternates
error: object directory /Users/study_superior/Desktop/Code/LingxiAgent/artifacts/rust-tauri/R05/RR3/J-REVIEW-01/nonexistent-objects does not exist; check .git/objects/info/alternates
error: refs/tags/v0.140.0: invalid sha1 pointer c8bfaa55fc4d90148aa69114795aa71103bf78db
error: object directory /Users/study_superior/Desktop/Code/LingxiAgent/artifacts/rust-tauri/R05/RR3/J-REVIEW-01/nonexistent-objects does not exist; check .git/objects/info/alternates
error: object directory /Users/study_superior/Desktop/Code/LingxiAgent/artifacts/rust-tauri/R05/RR3/J-REVIEW-01/nonexistent-objects does not exist; check .git/objects/info/alternates
error: refs/tags/v0.140.2: invalid sha1 pointer d71ac9367424657d99e543982633dae2cb1b682c
error: object directory /Users/study_superior/Desktop/Code/LingxiAgent/artifacts/rust-tauri/R05/RR3/J-REVIEW-01/nonexistent-objects does not exist; check .git/objects/info/alternates
error: object directory /Users/study_superior/Desktop/Code/LingxiAgent/artifacts/rust-tauri/R05/RR3/J-REVIEW-01/nonexistent-objects does not exist; check .git/objects/info/alternates
error: refs/tags/v0.140.3: invalid sha1 pointer 901a7e2c1b5e338691557b80cc9e00dabee133dc
error: object directory /Users/study_superior/Desktop/Code/LingxiAgent/artifacts/rust-tauri/R05/RR3/J-REVIEW-01/nonexistent-objects does not exist; check .git/objects/info/alternates
error: object directory /Users/study_superior/Desktop/Code/LingxiAgent/artifacts/rust-tauri/R05/RR3/J-REVIEW-01/nonexistent-objects does not exist; check .git/objects/info/alternates
error: refs/tags/v0.141.0: invalid sha1 pointer 59a224b9cfd2b58547d0548548968f796bb26709
error: object directory /Users/study_superior/Desktop/Code/LingxiAgent/artifacts/rust-tauri/R05/RR3/J-REVIEW-01/nonexistent-objects does not exist; check .git/objects/info/alternates
error: object directory /Users/study_superior/Desktop/Code/LingxiAgent/artifacts/rust-tauri/R05/RR3/J-REVIEW-01/nonexistent-objects does not exist; check .git/objects/info/alternates
error: refs/tags/v0.142.0: invalid sha1 pointer bd6791a5cfac058c5c7d7ec2f3ab8229043b03a8
error: object directory /Users/study_superior/Desktop/Code/LingxiAgent/artifacts/rust-tauri/R05/RR3/J-REVIEW-01/nonexistent-objects does not exist; check .git/objects/info/alternates
error: object directory /Users/study_superior/Desktop/Code/LingxiAgent/artifacts/rust-tauri/R05/RR3/J-REVIEW-01/nonexistent-objects does not exist; check .git/objects/info/alternates
error: refs/tags/v0.142.1: invalid sha1 pointer 93f86ea7c08911f1b3e893e2692cb25396619161
error: object directory /Users/study_superior/Desktop/Code/LingxiAgent/artifacts/rust-tauri/R05/RR3/J-REVIEW-01/nonexistent-objects does not exist; check .git/objects/info/alternates
error: object directory /Users/study_superior/Desktop/Code/LingxiAgent/artifacts/rust-tauri/R05/RR3/J-REVIEW-01/nonexistent-objects does not exist; check .git/objects/info/alternates
error: refs/tags/v0.142.2: invalid sha1 pointer 523f813a78365efca4869fe265d506d5502ba77d
error: object directory /Users/study_superior/Desktop/Code/LingxiAgent/artifacts/rust-tauri/R05/RR3/J-REVIEW-01/nonexistent-objects does not exist; check .git/objects/info/alternates
error: object directory /Users/study_superior/Desktop/Code/LingxiAgent/artifacts/rust-tauri/R05/RR3/J-REVIEW-01/nonexistent-objects does not exist; check .git/objects/info/alternates
error: refs/tags/v0.146.3: invalid sha1 pointer f5a2f0c0ad4965c9a0fb1351f1b91bdd4b01062a
error: object directory /Users/study_superior/Desktop/Code/LingxiAgent/artifacts/rust-tauri/R05/RR3/J-REVIEW-01/nonexistent-objects does not exist; check .git/objects/info/alternates
error: object directory /Users/study_superior/Desktop/Code/LingxiAgent/artifacts/rust-tauri/R05/RR3/J-REVIEW-01/nonexistent-objects does not exist; check .git/objects/info/alternates
error: refs/tags/v0.146.4: invalid sha1 pointer bb7b78f4f016696bb811f063ad7a24d1e1dc116a
error: object directory /Users/study_superior/Desktop/Code/LingxiAgent/artifacts/rust-tauri/R05/RR3/J-REVIEW-01/nonexistent-objects does not exist; check .git/objects/info/alternates
error: object directory /Users/study_superior/Desktop/Code/LingxiAgent/artifacts/rust-tauri/R05/RR3/J-REVIEW-01/nonexistent-objects does not exist; check .git/objects/info/alternates
error: refs/tags/v0.146.5: invalid sha1 pointer 9a236e4eb59bba913f77054af62115b013f874a5
error: object directory /Users/study_superior/Desktop/Code/LingxiAgent/artifacts/rust-tauri/R05/RR3/J-REVIEW-01/nonexistent-objects does not exist; check .git/objects/info/alternates
error: object directory /Users/study_superior/Desktop/Code/LingxiAgent/artifacts/rust-tauri/R05/RR3/J-REVIEW-01/nonexistent-objects does not exist; check .git/objects/info/alternates
error: refs/tags/v0.147.1: invalid sha1 pointer 9c9675b73fad4fb6ff3c8d5c6276866b5f0dc513
error: object directory /Users/study_superior/Desktop/Code/LingxiAgent/artifacts/rust-tauri/R05/RR3/J-REVIEW-01/nonexistent-objects does not exist; check .git/objects/info/alternates
error: object directory /Users/study_superior/Desktop/Code/LingxiAgent/artifacts/rust-tauri/R05/RR3/J-REVIEW-01/nonexistent-objects does not exist; check .git/objects/info/alternates
error: refs/tags/v0.150.0: invalid sha1 pointer e86bdfb188b8acd8f0fd2144f43abde60154cbfb
error: object directory /Users/study_superior/Desktop/Code/LingxiAgent/artifacts/rust-tauri/R05/RR3/J-REVIEW-01/nonexistent-objects does not exist; check .git/objects/info/alternates
error: object directory /Users/study_superior/Desktop/Code/LingxiAgent/artifacts/rust-tauri/R05/RR3/J-REVIEW-01/nonexistent-objects does not exist; check .git/objects/info/alternates
error: refs/tags/v0.160.1: invalid sha1 pointer 256a481c8250132b4aa4e4996d42994b61ba02e8
error: object directory /Users/study_superior/Desktop/Code/LingxiAgent/artifacts/rust-tauri/R05/RR3/J-REVIEW-01/nonexistent-objects does not exist; check .git/objects/info/alternates
error: object directory /Users/study_superior/Desktop/Code/LingxiAgent/artifacts/rust-tauri/R05/RR3/J-REVIEW-01/nonexistent-objects does not exist; check .git/objects/info/alternates
error: refs/tags/v0.162.1: invalid sha1 pointer 013b1e29f3ce3011cc6aaaf983765bd7bfa5e088
error: object directory /Users/study_superior/Desktop/Code/LingxiAgent/artifacts/rust-tauri/R05/RR3/J-REVIEW-01/nonexistent-objects does not exist; check .git/objects/info/alternates
error: object directory /Users/study_superior/Desktop/Code/LingxiAgent/artifacts/rust-tauri/R05/RR3/J-REVIEW-01/nonexistent-objects does not exist; check .git/objects/info/alternates
error: refs/tags/v0.171.11: invalid sha1 pointer 08b6d3c5f9faa2fb3015ac943e2547717708ad93
error: object directory /Users/study_superior/Desktop/Code/LingxiAgent/artifacts/rust-tauri/R05/RR3/J-REVIEW-01/nonexistent-objects does not exist; check .git/objects/info/alternates
error: object directory /Users/study_superior/Desktop/Code/LingxiAgent/artifacts/rust-tauri/R05/RR3/J-REVIEW-01/nonexistent-objects does not exist; check .git/objects/info/alternates
error: refs/tags/v0.171.5: invalid sha1 pointer 72c1603b0678c8f9bed63dab089fa85ae10a12d8
error: object directory /Users/study_superior/Desktop/Code/LingxiAgent/artifacts/rust-tauri/R05/RR3/J-REVIEW-01/nonexistent-objects does not exist; check .git/objects/info/alternates
error: object directory /Users/study_superior/Desktop/Code/LingxiAgent/artifacts/rust-tauri/R05/RR3/J-REVIEW-01/nonexistent-objects does not exist; check .git/objects/info/alternates
error: refs/tags/v0.171.6: invalid sha1 pointer fdb0e111ca5094af788a36254bde185a924f4660
error: object directory /Users/study_superior/Desktop/Code/LingxiAgent/artifacts/rust-tauri/R05/RR3/J-REVIEW-01/nonexistent-objects does not exist; check .git/objects/info/alternates
error: object directory /Users/study_superior/Desktop/Code/LingxiAgent/artifacts/rust-tauri/R05/RR3/J-REVIEW-01/nonexistent-objects does not exist; check .git/objects/info/alternates
error: refs/tags/v0.171.8: invalid sha1 pointer 38f81c1f370064c09b2d532a00679b8b172fb536
error: object directory /Users/study_superior/Desktop/Code/LingxiAgent/artifacts/rust-tauri/R05/RR3/J-REVIEW-01/nonexistent-objects does not exist; check .git/objects/info/alternates
error: object directory /Users/study_superior/Desktop/Code/LingxiAgent/artifacts/rust-tauri/R05/RR3/J-REVIEW-01/nonexistent-objects does not exist; check .git/objects/info/alternates
error: refs/tags/v0.172.0: invalid sha1 pointer dd9216a4afb903854cd208fcbb6346c59ae7d2e1
error: object directory /Users/study_superior/Desktop/Code/LingxiAgent/artifacts/rust-tauri/R05/RR3/J-REVIEW-01/nonexistent-objects does not exist; check .git/objects/info/alternates
error: object directory /Users/study_superior/Desktop/Code/LingxiAgent/artifacts/rust-tauri/R05/RR3/J-REVIEW-01/nonexistent-objects does not exist; check .git/objects/info/alternates
error: refs/tags/v0.173.5: invalid sha1 pointer 41b673b2bff2863b37c197591f8f649d129ef8cb
error: object directory /Users/study_superior/Desktop/Code/LingxiAgent/artifacts/rust-tauri/R05/RR3/J-REVIEW-01/nonexistent-objects does not exist; check .git/objects/info/alternates
error: object directory /Users/study_superior/Desktop/Code/LingxiAgent/artifacts/rust-tauri/R05/RR3/J-REVIEW-01/nonexistent-objects does not exist; check .git/objects/info/alternates
error: refs/tags/v0.173.8: invalid sha1 pointer 20ee8090732e9512622a1a501d758ab252488674
error: object directory /Users/study_superior/Desktop/Code/LingxiAgent/artifacts/rust-tauri/R05/RR3/J-REVIEW-01/nonexistent-objects does not exist; check .git/objects/info/alternates
error: object directory /Users/study_superior/Desktop/Code/LingxiAgent/artifacts/rust-tauri/R05/RR3/J-REVIEW-01/nonexistent-objects does not exist; check .git/objects/info/alternates
error: refs/tags/v0.174.0: invalid sha1 pointer a5717a84f7a7a5eee925d0b3d50f67a678841441
error: object directory /Users/study_superior/Desktop/Code/LingxiAgent/artifacts/rust-tauri/R05/RR3/J-REVIEW-01/nonexistent-objects does not exist; check .git/objects/info/alternates
error: object directory /Users/study_superior/Desktop/Code/LingxiAgent/artifacts/rust-tauri/R05/RR3/J-REVIEW-01/nonexistent-objects does not exist; check .git/objects/info/alternates
error: refs/tags/v0.174.5: invalid sha1 pointer f4ff37c565a995c79ff193c1f4ed27562fb521a2
error: object directory /Users/study_superior/Desktop/Code/LingxiAgent/artifacts/rust-tauri/R05/RR3/J-REVIEW-01/nonexistent-objects does not exist; check .git/objects/info/alternates
error: object directory /Users/study_superior/Desktop/Code/LingxiAgent/artifacts/rust-tauri/R05/RR3/J-REVIEW-01/nonexistent-objects does not exist; check .git/objects/info/alternates
error: refs/tags/v0.175.1: invalid sha1 pointer 81aae34b37e7989b852ca361a2e99fe754e6ef4e
error: object directory /Users/study_superior/Desktop/Code/LingxiAgent/artifacts/rust-tauri/R05/RR3/J-REVIEW-01/nonexistent-objects does not exist; check .git/objects/info/alternates
error: object directory /Users/study_superior/Desktop/Code/LingxiAgent/artifacts/rust-tauri/R05/RR3/J-REVIEW-01/nonexistent-objects does not exist; check .git/objects/info/alternates
error: refs/tags/v0.175.3: invalid sha1 pointer bc13fb5831793e8759ec85195227ad35f288cc1d
error: object directory /Users/study_superior/Desktop/Code/LingxiAgent/artifacts/rust-tauri/R05/RR3/J-REVIEW-01/nonexistent-objects does not exist; check .git/objects/info/alternates
error: object directory /Users/study_superior/Desktop/Code/LingxiAgent/artifacts/rust-tauri/R05/RR3/J-REVIEW-01/nonexistent-objects does not exist; check .git/objects/info/alternates
error: refs/tags/v0.178.2: invalid sha1 pointer 24e53ef308fda102b01f493af03e93aa19d8efaa
error: object directory /Users/study_superior/Desktop/Code/LingxiAgent/artifacts/rust-tauri/R05/RR3/J-REVIEW-01/nonexistent-objects does not exist; check .git/objects/info/alternates
error: object directory /Users/study_superior/Desktop/Code/LingxiAgent/artifacts/rust-tauri/R05/RR3/J-REVIEW-01/nonexistent-objects does not exist; check .git/objects/info/alternates
error: refs/tags/v0.180.1: invalid sha1 pointer 4eed7cc953222183145594de2a9fbdd74ea613b8
error: object directory /Users/study_superior/Desktop/Code/LingxiAgent/artifacts/rust-tauri/R05/RR3/J-REVIEW-01/nonexistent-objects does not exist; check .git/objects/info/alternates
error: object directory /Users/study_superior/Desktop/Code/LingxiAgent/artifacts/rust-tauri/R05/RR3/J-REVIEW-01/nonexistent-objects does not exist; check .git/objects/info/alternates
error: refs/tags/v0.181.2: invalid sha1 pointer 59d9a186689e0727e7d381177f3cc9b26aaf0bdf
error: object directory /Users/study_superior/Desktop/Code/LingxiAgent/artifacts/rust-tauri/R05/RR3/J-REVIEW-01/nonexistent-objects does not exist; check .git/objects/info/alternates
error: object directory /Users/study_superior/Desktop/Code/LingxiAgent/artifacts/rust-tauri/R05/RR3/J-REVIEW-01/nonexistent-objects does not exist; check .git/objects/info/alternates
error: refs/tags/v0.186.2: invalid sha1 pointer 6553866aa616e736ccfedbcdc8ca96ba3bb2a21e
error: object directory /Users/study_superior/Desktop/Code/LingxiAgent/artifacts/rust-tauri/R05/RR3/J-REVIEW-01/nonexistent-objects does not exist; check .git/objects/info/alternates
error: object directory /Users/study_superior/Desktop/Code/LingxiAgent/artifacts/rust-tauri/R05/RR3/J-REVIEW-01/nonexistent-objects does not exist; check .git/objects/info/alternates
error: refs/tags/v0.187.2: invalid sha1 pointer 3d71f72d5c5e89db705bf8f75179abce7ab5009c
error: object directory /Users/study_superior/Desktop/Code/LingxiAgent/artifacts/rust-tauri/R05/RR3/J-REVIEW-01/nonexistent-objects does not exist; check .git/objects/info/alternates
error: object directory /Users/study_superior/Desktop/Code/LingxiAgent/artifacts/rust-tauri/R05/RR3/J-REVIEW-01/nonexistent-objects does not exist; check .git/objects/info/alternates
error: refs/tags/v0.190.1: invalid sha1 pointer c72c8556b9e2ff49036f0d2261414c4261996421
error: object directory /Users/study_superior/Desktop/Code/LingxiAgent/artifacts/rust-tauri/R05/RR3/J-REVIEW-01/nonexistent-objects does not exist; check .git/objects/info/alternates
error: object directory /Users/study_superior/Desktop/Code/LingxiAgent/artifacts/rust-tauri/R05/RR3/J-REVIEW-01/nonexistent-objects does not exist; check .git/objects/info/alternates
error: refs/tags/v0.190.2: invalid sha1 pointer 842fd772aa2294b0414ee49ce6daf071e1e88cd7
error: object directory /Users/study_superior/Desktop/Code/LingxiAgent/artifacts/rust-tauri/R05/RR3/J-REVIEW-01/nonexistent-objects does not exist; check .git/objects/info/alternates
error: object directory /Users/study_superior/Desktop/Code/LingxiAgent/artifacts/rust-tauri/R05/RR3/J-REVIEW-01/nonexistent-objects does not exist; check .git/objects/info/alternates
error: refs/tags/v0.192.0: invalid sha1 pointer d323f7fcd30c486a9b10c2acc4abee9d9228962d
error: object directory /Users/study_superior/Desktop/Code/LingxiAgent/artifacts/rust-tauri/R05/RR3/J-REVIEW-01/nonexistent-objects does not exist; check .git/objects/info/alternates
error: object directory /Users/study_superior/Desktop/Code/LingxiAgent/artifacts/rust-tauri/R05/RR3/J-REVIEW-01/nonexistent-objects does not exist; check .git/objects/info/alternates
error: refs/tags/v0.193.1: invalid sha1 pointer bc8d363ad78485a506340f395683ea2a052c4f86
error: object directory /Users/study_superior/Desktop/Code/LingxiAgent/artifacts/rust-tauri/R05/RR3/J-REVIEW-01/nonexistent-objects does not exist; check .git/objects/info/alternates
error: object directory /Users/study_superior/Desktop/Code/LingxiAgent/artifacts/rust-tauri/R05/RR3/J-REVIEW-01/nonexistent-objects does not exist; check .git/objects/info/alternates
error: refs/tags/v0.193.12: invalid sha1 pointer 1d27852d9b0869395e4be780b4c7ca1295b95727
error: object directory /Users/study_superior/Desktop/Code/LingxiAgent/artifacts/rust-tauri/R05/RR3/J-REVIEW-01/nonexistent-objects does not exist; check .git/objects/info/alternates
error: object directory /Users/study_superior/Desktop/Code/LingxiAgent/artifacts/rust-tauri/R05/RR3/J-REVIEW-01/nonexistent-objects does not exist; check .git/objects/info/alternates
error: refs/tags/v0.194.2: invalid sha1 pointer 13c6808d50a7d9083cfc5493068de9b738c14ad9
error: object directory /Users/study_superior/Desktop/Code/LingxiAgent/artifacts/rust-tauri/R05/RR3/J-REVIEW-01/nonexistent-objects does not exist; check .git/objects/info/alternates
error: object directory /Users/study_superior/Desktop/Code/LingxiAgent/artifacts/rust-tauri/R05/RR3/J-REVIEW-01/nonexistent-objects does not exist; check .git/objects/info/alternates
error: refs/tags/v0.198.4: invalid sha1 pointer 25e94f37f9aa2c439a5a60f877d1fc7419c53970
error: object directory /Users/study_superior/Desktop/Code/LingxiAgent/artifacts/rust-tauri/R05/RR3/J-REVIEW-01/nonexistent-objects does not exist; check .git/objects/info/alternates
error: object directory /Users/study_superior/Desktop/Code/LingxiAgent/artifacts/rust-tauri/R05/RR3/J-REVIEW-01/nonexistent-objects does not exist; check .git/objects/info/alternates
error: refs/tags/v0.215.10: invalid sha1 pointer 622a588aa9ef673f6302cb8578d1c8268650cf95
error: object directory /Users/study_superior/Desktop/Code/LingxiAgent/artifacts/rust-tauri/R05/RR3/J-REVIEW-01/nonexistent-objects does not exist; check .git/objects/info/alternates
error: object directory /Users/study_superior/Desktop/Code/LingxiAgent/artifacts/rust-tauri/R05/RR3/J-REVIEW-01/nonexistent-objects does not exist; check .git/objects/info/alternates
error: refs/tags/v0.215.7: invalid sha1 pointer 9858ab641b2d4b7709e36cc47c3729c87c69e1f6
error: object directory /Users/study_superior/Desktop/Code/LingxiAgent/artifacts/rust-tauri/R05/RR3/J-REVIEW-01/nonexistent-objects does not exist; check .git/objects/info/alternates
error: object directory /Users/study_superior/Desktop/Code/LingxiAgent/artifacts/rust-tauri/R05/RR3/J-REVIEW-01/nonexistent-objects does not exist; check .git/objects/info/alternates
error: refs/tags/v0.215.9: invalid sha1 pointer 0b5f335e6cf465bb33431e9fcc33d6b2074b172f
error: object directory /Users/study_superior/Desktop/Code/LingxiAgent/artifacts/rust-tauri/R05/RR3/J-REVIEW-01/nonexistent-objects does not exist; check .git/objects/info/alternates
error: object directory /Users/study_superior/Desktop/Code/LingxiAgent/artifacts/rust-tauri/R05/RR3/J-REVIEW-01/nonexistent-objects does not exist; check .git/objects/info/alternates
error: refs/tags/v0.216.1: invalid sha1 pointer 1f09349454412da93aa05584aa96d5524051f722
error: object directory /Users/study_superior/Desktop/Code/LingxiAgent/artifacts/rust-tauri/R05/RR3/J-REVIEW-01/nonexistent-objects does not exist; check .git/objects/info/alternates
error: object directory /Users/study_superior/Desktop/Code/LingxiAgent/artifacts/rust-tauri/R05/RR3/J-REVIEW-01/nonexistent-objects does not exist; check .git/objects/info/alternates
error: refs/tags/v0.216.11: invalid sha1 pointer 5a382ea3a65a1d829f275e09c3680e23182bdd70
error: object directory /Users/study_superior/Desktop/Code/LingxiAgent/artifacts/rust-tauri/R05/RR3/J-REVIEW-01/nonexistent-objects does not exist; check .git/objects/info/alternates
error: object directory /Users/study_superior/Desktop/Code/LingxiAgent/artifacts/rust-tauri/R05/RR3/J-REVIEW-01/nonexistent-objects does not exist; check .git/objects/info/alternates
error: refs/tags/v0.216.2: invalid sha1 pointer e78d091922e88f66730a868bad67e6010102bbc3
error: object directory /Users/study_superior/Desktop/Code/LingxiAgent/artifacts/rust-tauri/R05/RR3/J-REVIEW-01/nonexistent-objects does not exist; check .git/objects/info/alternates
error: object directory /Users/study_superior/Desktop/Code/LingxiAgent/artifacts/rust-tauri/R05/RR3/J-REVIEW-01/nonexistent-objects does not exist; check .git/objects/info/alternates
error: refs/tags/v0.216.20: invalid sha1 pointer 6d381dcdb1a4a551b9f0e696954cf3ce770ee94a
error: object directory /Users/study_superior/Desktop/Code/LingxiAgent/artifacts/rust-tauri/R05/RR3/J-REVIEW-01/nonexistent-objects does not exist; check .git/objects/info/alternates
error: object directory /Users/study_superior/Desktop/Code/LingxiAgent/artifacts/rust-tauri/R05/RR3/J-REVIEW-01/nonexistent-objects does not exist; check .git/objects/info/alternates
error: refs/tags/v0.216.4: invalid sha1 pointer 95d969b702934ddf8dc074ef94e1dc3506bdf37d
error: object directory /Users/study_superior/Desktop/Code/LingxiAgent/artifacts/rust-tauri/R05/RR3/J-REVIEW-01/nonexistent-objects does not exist; check .git/objects/info/alternates
error: object directory /Users/study_superior/Desktop/Code/LingxiAgent/artifacts/rust-tauri/R05/RR3/J-REVIEW-01/nonexistent-objects does not exist; check .git/objects/info/alternates
error: refs/tags/v0.216.6: invalid sha1 pointer a6b4f0043eb88bd398987c5aa7dcafe73c9608ce
error: object directory /Users/study_superior/Desktop/Code/LingxiAgent/artifacts/rust-tauri/R05/RR3/J-REVIEW-01/nonexistent-objects does not exist; check .git/objects/info/alternates
error: object directory /Users/study_superior/Desktop/Code/LingxiAgent/artifacts/rust-tauri/R05/RR3/J-REVIEW-01/nonexistent-objects does not exist; check .git/objects/info/alternates
error: refs/tags/v0.220.1: invalid sha1 pointer 51ecc435548739efc74551a8a9905d65d6df55ca
error: object directory /Users/study_superior/Desktop/Code/LingxiAgent/artifacts/rust-tauri/R05/RR3/J-REVIEW-01/nonexistent-objects does not exist; check .git/objects/info/alternates
error: object directory /Users/study_superior/Desktop/Code/LingxiAgent/artifacts/rust-tauri/R05/RR3/J-REVIEW-01/nonexistent-objects does not exist; check .git/objects/info/alternates
error: refs/tags/v0.222.25: invalid sha1 pointer 03566d7edc52928cd4659d72722015a6c2481103
error: object directory /Users/study_superior/Desktop/Code/LingxiAgent/artifacts/rust-tauri/R05/RR3/J-REVIEW-01/nonexistent-objects does not exist; check .git/objects/info/alternates
error: object directory /Users/study_superior/Desktop/Code/LingxiAgent/artifacts/rust-tauri/R05/RR3/J-REVIEW-01/nonexistent-objects does not exist; check .git/objects/info/alternates
error: refs/tags/v0.222.30: invalid sha1 pointer 1b0ca7e88f7cb0468155919e1029731e9461e197
error: object directory /Users/study_superior/Desktop/Code/LingxiAgent/artifacts/rust-tauri/R05/RR3/J-REVIEW-01/nonexistent-objects does not exist; check .git/objects/info/alternates
error: object directory /Users/study_superior/Desktop/Code/LingxiAgent/artifacts/rust-tauri/R05/RR3/J-REVIEW-01/nonexistent-objects does not exist; check .git/objects/info/alternates
error: refs/tags/v0.222.5: invalid sha1 pointer 3483b92e4c68dcea8e62fd0dd43d415573fc8023
error: object directory /Users/study_superior/Desktop/Code/LingxiAgent/artifacts/rust-tauri/R05/RR3/J-REVIEW-01/nonexistent-objects does not exist; check .git/objects/info/alternates
error: object directory /Users/study_superior/Desktop/Code/LingxiAgent/artifacts/rust-tauri/R05/RR3/J-REVIEW-01/nonexistent-objects does not exist; check .git/objects/info/alternates
error: refs/tags/v0.222.8: invalid sha1 pointer 6ee895347bee8281ad0a23f06a820de5151ce7b8
error: object directory /Users/study_superior/Desktop/Code/LingxiAgent/artifacts/rust-tauri/R05/RR3/J-REVIEW-01/nonexistent-objects does not exist; check .git/objects/info/alternates
error: object directory /Users/study_superior/Desktop/Code/LingxiAgent/artifacts/rust-tauri/R05/RR3/J-REVIEW-01/nonexistent-objects does not exist; check .git/objects/info/alternates
error: refs/tags/v0.223.0: invalid sha1 pointer 5ed4433023b006ec6e2284cccf68b01e3381fcf2
error: object directory /Users/study_superior/Desktop/Code/LingxiAgent/artifacts/rust-tauri/R05/RR3/J-REVIEW-01/nonexistent-objects does not exist; check .git/objects/info/alternates
error: object directory /Users/study_superior/Desktop/Code/LingxiAgent/artifacts/rust-tauri/R05/RR3/J-REVIEW-01/nonexistent-objects does not exist; check .git/objects/info/alternates
error: refs/tags/v0.223.10: invalid sha1 pointer c07f3edf42be9c73b2d0d1dc1da14d4b5f4ffa7b
error: object directory /Users/study_superior/Desktop/Code/LingxiAgent/artifacts/rust-tauri/R05/RR3/J-REVIEW-01/nonexistent-objects does not exist; check .git/objects/info/alternates
error: object directory /Users/study_superior/Desktop/Code/LingxiAgent/artifacts/rust-tauri/R05/RR3/J-REVIEW-01/nonexistent-objects does not exist; check .git/objects/info/alternates
error: refs/tags/v0.223.4: invalid sha1 pointer 4933c43fd886cae794c873248c6d95daea631220
error: object directory /Users/study_superior/Desktop/Code/LingxiAgent/artifacts/rust-tauri/R05/RR3/J-REVIEW-01/nonexistent-objects does not exist; check .git/objects/info/alternates
error: object directory /Users/study_superior/Desktop/Code/LingxiAgent/artifacts/rust-tauri/R05/RR3/J-REVIEW-01/nonexistent-objects does not exist; check .git/objects/info/alternates
error: refs/tags/v0.223.5: invalid sha1 pointer 8cadd19daf35acdda185c32f7793069816844905
error: object directory /Users/study_superior/Desktop/Code/LingxiAgent/artifacts/rust-tauri/R05/RR3/J-REVIEW-01/nonexistent-objects does not exist; check .git/objects/info/alternates
error: object directory /Users/study_superior/Desktop/Code/LingxiAgent/artifacts/rust-tauri/R05/RR3/J-REVIEW-01/nonexistent-objects does not exist; check .git/objects/info/alternates
error: refs/tags/v0.224.1: invalid sha1 pointer 8a59df8abddc1c4b9361a3fe40959cacd4c806d4
error: object directory /Users/study_superior/Desktop/Code/LingxiAgent/artifacts/rust-tauri/R05/RR3/J-REVIEW-01/nonexistent-objects does not exist; check .git/objects/info/alternates
error: object directory /Users/study_superior/Desktop/Code/LingxiAgent/artifacts/rust-tauri/R05/RR3/J-REVIEW-01/nonexistent-objects does not exist; check .git/objects/info/alternates
error: refs/tags/v0.225.1: invalid sha1 pointer e5a64f8939e0099e90f4fc23f68940727da59517
error: object directory /Users/study_superior/Desktop/Code/LingxiAgent/artifacts/rust-tauri/R05/RR3/J-REVIEW-01/nonexistent-objects does not exist; check .git/objects/info/alternates
error: object directory /Users/study_superior/Desktop/Code/LingxiAgent/artifacts/rust-tauri/R05/RR3/J-REVIEW-01/nonexistent-objects does not exist; check .git/objects/info/alternates
error: refs/tags/v0.225.11: invalid sha1 pointer 3885e51525727917f6454f71dd86974d492a46d6
error: object directory /Users/study_superior/Desktop/Code/LingxiAgent/artifacts/rust-tauri/R05/RR3/J-REVIEW-01/nonexistent-objects does not exist; check .git/objects/info/alternates
error: object directory /Users/study_superior/Desktop/Code/LingxiAgent/artifacts/rust-tauri/R05/RR3/J-REVIEW-01/nonexistent-objects does not exist; check .git/objects/info/alternates
error: refs/tags/v0.225.23: invalid sha1 pointer 71414e322f2f3ba8dd26381740878fe8f6f52b54
error: object directory /Users/study_superior/Desktop/Code/LingxiAgent/artifacts/rust-tauri/R05/RR3/J-REVIEW-01/nonexistent-objects does not exist; check .git/objects/info/alternates
error: object directory /Users/study_superior/Desktop/Code/LingxiAgent/artifacts/rust-tauri/R05/RR3/J-REVIEW-01/nonexistent-objects does not exist; check .git/objects/info/alternates
error: refs/tags/v0.225.4: invalid sha1 pointer f119f33f8d00dd3fe906d421f2cdd3af96fe72de
error: object directory /Users/study_superior/Desktop/Code/LingxiAgent/artifacts/rust-tauri/R05/RR3/J-REVIEW-01/nonexistent-objects does not exist; check .git/objects/info/alternates
error: object directory /Users/study_superior/Desktop/Code/LingxiAgent/artifacts/rust-tauri/R05/RR3/J-REVIEW-01/nonexistent-objects does not exist; check .git/objects/info/alternates
error: refs/tags/v0.225.7: invalid sha1 pointer 3bd5b31d3166b52fd08b97f8c47238615d081156
error: object directory /Users/study_superior/Desktop/Code/LingxiAgent/artifacts/rust-tauri/R05/RR3/J-REVIEW-01/nonexistent-objects does not exist; check .git/objects/info/alternates
error: object directory /Users/study_superior/Desktop/Code/LingxiAgent/artifacts/rust-tauri/R05/RR3/J-REVIEW-01/nonexistent-objects does not exist; check .git/objects/info/alternates
error: refs/tags/v0.227.2: invalid sha1 pointer b7e33ea6ba811e1ab256fdccdeed9b302135dc67
error: object directory /Users/study_superior/Desktop/Code/LingxiAgent/artifacts/rust-tauri/R05/RR3/J-REVIEW-01/nonexistent-objects does not exist; check .git/objects/info/alternates
error: object directory /Users/study_superior/Desktop/Code/LingxiAgent/artifacts/rust-tauri/R05/RR3/J-REVIEW-01/nonexistent-objects does not exist; check .git/objects/info/alternates
error: refs/tags/v0.227.5: invalid sha1 pointer 4cb337e762f3b11d10c77ae4745664b4f8bf914e
error: object directory /Users/study_superior/Desktop/Code/LingxiAgent/artifacts/rust-tauri/R05/RR3/J-REVIEW-01/nonexistent-objects does not exist; check .git/objects/info/alternates
error: object directory /Users/study_superior/Desktop/Code/LingxiAgent/artifacts/rust-tauri/R05/RR3/J-REVIEW-01/nonexistent-objects does not exist; check .git/objects/info/alternates
error: refs/tags/v0.231.13: invalid sha1 pointer bd3af893d5f616bdd964cab9835cac443b3f7254
error: object directory /Users/study_superior/Desktop/Code/LingxiAgent/artifacts/rust-tauri/R05/RR3/J-REVIEW-01/nonexistent-objects does not exist; check .git/objects/info/alternates
error: object directory /Users/study_superior/Desktop/Code/LingxiAgent/artifacts/rust-tauri/R05/RR3/J-REVIEW-01/nonexistent-objects does not exist; check .git/objects/info/alternates
error: refs/tags/v0.231.2: invalid sha1 pointer 9148715592cecf451177343b57f259e5c6833ca8
error: object directory /Users/study_superior/Desktop/Code/LingxiAgent/artifacts/rust-tauri/R05/RR3/J-REVIEW-01/nonexistent-objects does not exist; check .git/objects/info/alternates
error: object directory /Users/study_superior/Desktop/Code/LingxiAgent/artifacts/rust-tauri/R05/RR3/J-REVIEW-01/nonexistent-objects does not exist; check .git/objects/info/alternates
error: refs/tags/v0.233.0: invalid sha1 pointer f2c3490de8f56ab3ec52390b608cce492922b926
error: object directory /Users/study_superior/Desktop/Code/LingxiAgent/artifacts/rust-tauri/R05/RR3/J-REVIEW-01/nonexistent-objects does not exist; check .git/objects/info/alternates
error: object directory /Users/study_superior/Desktop/Code/LingxiAgent/artifacts/rust-tauri/R05/RR3/J-REVIEW-01/nonexistent-objects does not exist; check .git/objects/info/alternates
error: refs/tags/v0.233.4: invalid sha1 pointer 407203349a37d6aaf5c00d0ed5993608bab71a1c
error: object directory /Users/study_superior/Desktop/Code/LingxiAgent/artifacts/rust-tauri/R05/RR3/J-REVIEW-01/nonexistent-objects does not exist; check .git/objects/info/alternates
error: object directory /Users/study_superior/Desktop/Code/LingxiAgent/artifacts/rust-tauri/R05/RR3/J-REVIEW-01/nonexistent-objects does not exist; check .git/objects/info/alternates
error: refs/tags/v0.235.0: invalid sha1 pointer dbc794de87d58b44bbf5f75f8d20fd99a5d7e156
error: object directory /Users/study_superior/Desktop/Code/LingxiAgent/artifacts/rust-tauri/R05/RR3/J-REVIEW-01/nonexistent-objects does not exist; check .git/objects/info/alternates
error: object directory /Users/study_superior/Desktop/Code/LingxiAgent/artifacts/rust-tauri/R05/RR3/J-REVIEW-01/nonexistent-objects does not exist; check .git/objects/info/alternates
error: refs/tags/v0.236.0: invalid sha1 pointer de9b65fae02ce103284122823a54b359b7d9b56c
error: object directory /Users/study_superior/Desktop/Code/LingxiAgent/artifacts/rust-tauri/R05/RR3/J-REVIEW-01/nonexistent-objects does not exist; check .git/objects/info/alternates
error: object directory /Users/study_superior/Desktop/Code/LingxiAgent/artifacts/rust-tauri/R05/RR3/J-REVIEW-01/nonexistent-objects does not exist; check .git/objects/info/alternates
error: refs/tags/v0.236.5: invalid sha1 pointer 3eebebc21dd0d3c3cb0e9fc313fd5976de965561
error: object directory /Users/study_superior/Desktop/Code/LingxiAgent/artifacts/rust-tauri/R05/RR3/J-REVIEW-01/nonexistent-objects does not exist; check .git/objects/info/alternates
error: object directory /Users/study_superior/Desktop/Code/LingxiAgent/artifacts/rust-tauri/R05/RR3/J-REVIEW-01/nonexistent-objects does not exist; check .git/objects/info/alternates
error: refs/tags/v0.237.13: invalid sha1 pointer 471304ee7398fada355b6e1a0f763ea378e518dc
error: object directory /Users/study_superior/Desktop/Code/LingxiAgent/artifacts/rust-tauri/R05/RR3/J-REVIEW-01/nonexistent-objects does not exist; check .git/objects/info/alternates
error: object directory /Users/study_superior/Desktop/Code/LingxiAgent/artifacts/rust-tauri/R05/RR3/J-REVIEW-01/nonexistent-objects does not exist; check .git/objects/info/alternates
error: refs/tags/v0.237.16: invalid sha1 pointer 039f0b0f42fb5e7994b72c054a579b5bbaa5a96f
error: object directory /Users/study_superior/Desktop/Code/LingxiAgent/artifacts/rust-tauri/R05/RR3/J-REVIEW-01/nonexistent-objects does not exist; check .git/objects/info/alternates
error: object directory /Users/study_superior/Desktop/Code/LingxiAgent/artifacts/rust-tauri/R05/RR3/J-REVIEW-01/nonexistent-objects does not exist; check .git/objects/info/alternates
error: refs/tags/v0.237.19: invalid sha1 pointer 7a574dc514fe3edd2a643402a6834573ed447aa9
error: object directory /Users/study_superior/Desktop/Code/LingxiAgent/artifacts/rust-tauri/R05/RR3/J-REVIEW-01/nonexistent-objects does not exist; check .git/objects/info/alternates
error: object directory /Users/study_superior/Desktop/Code/LingxiAgent/artifacts/rust-tauri/R05/RR3/J-REVIEW-01/nonexistent-objects does not exist; check .git/objects/info/alternates
error: refs/tags/v0.237.3: invalid sha1 pointer 5f9a48c1049704432e3b8bd2e5d43fa4a000936b
error: object directory /Users/study_superior/Desktop/Code/LingxiAgent/artifacts/rust-tauri/R05/RR3/J-REVIEW-01/nonexistent-objects does not exist; check .git/objects/info/alternates
error: object directory /Users/study_superior/Desktop/Code/LingxiAgent/artifacts/rust-tauri/R05/RR3/J-REVIEW-01/nonexistent-objects does not exist; check .git/objects/info/alternates
error: refs/tags/v0.239.0: invalid sha1 pointer 8573ac7d97b73b6462a75b3f11a21d21300ee560
error: object directory /Users/study_superior/Desktop/Code/LingxiAgent/artifacts/rust-tauri/R05/RR3/J-REVIEW-01/nonexistent-objects does not exist; check .git/objects/info/alternates
error: object directory /Users/study_superior/Desktop/Code/LingxiAgent/artifacts/rust-tauri/R05/RR3/J-REVIEW-01/nonexistent-objects does not exist; check .git/objects/info/alternates
error: refs/tags/v0.239.2: invalid sha1 pointer 139d067228f99e3fdf8a31809de772b7c9482084
error: object directory /Users/study_superior/Desktop/Code/LingxiAgent/artifacts/rust-tauri/R05/RR3/J-REVIEW-01/nonexistent-objects does not exist; check .git/objects/info/alternates
error: object directory /Users/study_superior/Desktop/Code/LingxiAgent/artifacts/rust-tauri/R05/RR3/J-REVIEW-01/nonexistent-objects does not exist; check .git/objects/info/alternates
error: refs/tags/v0.239.3: invalid sha1 pointer 7101bb7e86ec7cf129315ff93b328083dc09e066
error: object directory /Users/study_superior/Desktop/Code/LingxiAgent/artifacts/rust-tauri/R05/RR3/J-REVIEW-01/nonexistent-objects does not exist; check .git/objects/info/alternates
error: object directory /Users/study_superior/Desktop/Code/LingxiAgent/artifacts/rust-tauri/R05/RR3/J-REVIEW-01/nonexistent-objects does not exist; check .git/objects/info/alternates
error: refs/tags/v0.240.0: invalid sha1 pointer 728bc506780f0594c9e53bb9cc8365f7b44ed2ab
error: object directory /Users/study_superior/Desktop/Code/LingxiAgent/artifacts/rust-tauri/R05/RR3/J-REVIEW-01/nonexistent-objects does not exist; check .git/objects/info/alternates
error: object directory /Users/study_superior/Desktop/Code/LingxiAgent/artifacts/rust-tauri/R05/RR3/J-REVIEW-01/nonexistent-objects does not exist; check .git/objects/info/alternates
error: refs/tags/v0.240.2: invalid sha1 pointer 8deae88df0a6caefb448a488dae91b18cc475a41
error: object directory /Users/study_superior/Desktop/Code/LingxiAgent/artifacts/rust-tauri/R05/RR3/J-REVIEW-01/nonexistent-objects does not exist; check .git/objects/info/alternates
error: object directory /Users/study_superior/Desktop/Code/LingxiAgent/artifacts/rust-tauri/R05/RR3/J-REVIEW-01/nonexistent-objects does not exist; check .git/objects/info/alternates
error: refs/tags/v0.240.3: invalid sha1 pointer a8b5e87e15f566dae65a96384c3a1bdb2e17a0b2
error: object directory /Users/study_superior/Desktop/Code/LingxiAgent/artifacts/rust-tauri/R05/RR3/J-REVIEW-01/nonexistent-objects does not exist; check .git/objects/info/alternates
error: object directory /Users/study_superior/Desktop/Code/LingxiAgent/artifacts/rust-tauri/R05/RR3/J-REVIEW-01/nonexistent-objects does not exist; check .git/objects/info/alternates
error: refs/tags/v0.240.7: invalid sha1 pointer ed4a8be5b4f936b3f4435dae4192e56af75bc3ce
error: object directory /Users/study_superior/Desktop/Code/LingxiAgent/artifacts/rust-tauri/R05/RR3/J-REVIEW-01/nonexistent-objects does not exist; check .git/objects/info/alternates
error: object directory /Users/study_superior/Desktop/Code/LingxiAgent/artifacts/rust-tauri/R05/RR3/J-REVIEW-01/nonexistent-objects does not exist; check .git/objects/info/alternates
error: refs/tags/v0.241.1: invalid sha1 pointer cde9021f6b85c494ad22d32cccd0461cad7bce27
error: object directory /Users/study_superior/Desktop/Code/LingxiAgent/artifacts/rust-tauri/R05/RR3/J-REVIEW-01/nonexistent-objects does not exist; check .git/objects/info/alternates
error: object directory /Users/study_superior/Desktop/Code/LingxiAgent/artifacts/rust-tauri/R05/RR3/J-REVIEW-01/nonexistent-objects does not exist; check .git/objects/info/alternates
error: refs/tags/v0.241.2: invalid sha1 pointer be01043d38008fcd6e12096b8e23d090e421b263
error: object directory /Users/study_superior/Desktop/Code/LingxiAgent/artifacts/rust-tauri/R05/RR3/J-REVIEW-01/nonexistent-objects does not exist; check .git/objects/info/alternates
error: object directory /Users/study_superior/Desktop/Code/LingxiAgent/artifacts/rust-tauri/R05/RR3/J-REVIEW-01/nonexistent-objects does not exist; check .git/objects/info/alternates
error: refs/tags/v0.242.0: invalid sha1 pointer 0fc585d98c5e7488c819875e9a862d700161b271
error: object directory /Users/study_superior/Desktop/Code/LingxiAgent/artifacts/rust-tauri/R05/RR3/J-REVIEW-01/nonexistent-objects does not exist; check .git/objects/info/alternates
error: object directory /Users/study_superior/Desktop/Code/LingxiAgent/artifacts/rust-tauri/R05/RR3/J-REVIEW-01/nonexistent-objects does not exist; check .git/objects/info/alternates
error: refs/tags/v0.243.0: invalid sha1 pointer c859919b98ded85573ceb0bac2fc696ac5c58d0e
error: object directory /Users/study_superior/Desktop/Code/LingxiAgent/artifacts/rust-tauri/R05/RR3/J-REVIEW-01/nonexistent-objects does not exist; check .git/objects/info/alternates
error: object directory /Users/study_superior/Desktop/Code/LingxiAgent/artifacts/rust-tauri/R05/RR3/J-REVIEW-01/nonexistent-objects does not exist; check .git/objects/info/alternates
error: refs/tags/v0.245.1: invalid sha1 pointer f09c78ad9391e86f5d795c478b0b4979aef3ed04
error: object directory /Users/study_superior/Desktop/Code/LingxiAgent/artifacts/rust-tauri/R05/RR3/J-REVIEW-01/nonexistent-objects does not exist; check .git/objects/info/alternates
error: object directory /Users/study_superior/Desktop/Code/LingxiAgent/artifacts/rust-tauri/R05/RR3/J-REVIEW-01/nonexistent-objects does not exist; check .git/objects/info/alternates
error: refs/tags/v0.245.3: invalid sha1 pointer 583d8cdec154863c565e1a07151c7bf50a8480a0
error: object directory /Users/study_superior/Desktop/Code/LingxiAgent/artifacts/rust-tauri/R05/RR3/J-REVIEW-01/nonexistent-objects does not exist; check .git/objects/info/alternates
error: object directory /Users/study_superior/Desktop/Code/LingxiAgent/artifacts/rust-tauri/R05/RR3/J-REVIEW-01/nonexistent-objects does not exist; check .git/objects/info/alternates
error: refs/tags/v0.246.0: invalid sha1 pointer 418a5a3b495cfdd9b0307e6580406d62ac146d5b
error: object directory /Users/study_superior/Desktop/Code/LingxiAgent/artifacts/rust-tauri/R05/RR3/J-REVIEW-01/nonexistent-objects does not exist; check .git/objects/info/alternates
error: object directory /Users/study_superior/Desktop/Code/LingxiAgent/artifacts/rust-tauri/R05/RR3/J-REVIEW-01/nonexistent-objects does not exist; check .git/objects/info/alternates
error: refs/tags/v0.250.0: invalid sha1 pointer d1c9ec7ced8cb2be94b8efdc7585ef1dcb30d471
error: object directory /Users/study_superior/Desktop/Code/LingxiAgent/artifacts/rust-tauri/R05/RR3/J-REVIEW-01/nonexistent-objects does not exist; check .git/objects/info/alternates
error: object directory /Users/study_superior/Desktop/Code/LingxiAgent/artifacts/rust-tauri/R05/RR3/J-REVIEW-01/nonexistent-objects does not exist; check .git/objects/info/alternates
error: refs/tags/v0.251.10: invalid sha1 pointer 375e80441428e05366b6d2b097002c9e5a13e5e0
error: object directory /Users/study_superior/Desktop/Code/LingxiAgent/artifacts/rust-tauri/R05/RR3/J-REVIEW-01/nonexistent-objects does not exist; check .git/objects/info/alternates
error: object directory /Users/study_superior/Desktop/Code/LingxiAgent/artifacts/rust-tauri/R05/RR3/J-REVIEW-01/nonexistent-objects does not exist; check .git/objects/info/alternates
error: refs/tags/v0.252.0: invalid sha1 pointer 130f5d1f066f2d1e8408865753b4eb22e6aae6a2
error: object directory /Users/study_superior/Desktop/Code/LingxiAgent/artifacts/rust-tauri/R05/RR3/J-REVIEW-01/nonexistent-objects does not exist; check .git/objects/info/alternates
error: object directory /Users/study_superior/Desktop/Code/LingxiAgent/artifacts/rust-tauri/R05/RR3/J-REVIEW-01/nonexistent-objects does not exist; check .git/objects/info/alternates
error: refs/tags/v0.252.2: invalid sha1 pointer fbd212401678c4202c0dbb1902e1152608d00006
error: object directory /Users/study_superior/Desktop/Code/LingxiAgent/artifacts/rust-tauri/R05/RR3/J-REVIEW-01/nonexistent-objects does not exist; check .git/objects/info/alternates
error: object directory /Users/study_superior/Desktop/Code/LingxiAgent/artifacts/rust-tauri/R05/RR3/J-REVIEW-01/nonexistent-objects does not exist; check .git/objects/info/alternates
error: refs/tags/v0.267.4: invalid sha1 pointer d7b696971ed3be64faf8d5c819760b7479978060
error: object directory /Users/study_superior/Desktop/Code/LingxiAgent/artifacts/rust-tauri/R05/RR3/J-REVIEW-01/nonexistent-objects does not exist; check .git/objects/info/alternates
error: object directory /Users/study_superior/Desktop/Code/LingxiAgent/artifacts/rust-tauri/R05/RR3/J-REVIEW-01/nonexistent-objects does not exist; check .git/objects/info/alternates
error: refs/tags/v0.268.0: invalid sha1 pointer 1c3bb0d77956f8813e407112460611fa376c7167
error: object directory /Users/study_superior/Desktop/Code/LingxiAgent/artifacts/rust-tauri/R05/RR3/J-REVIEW-01/nonexistent-objects does not exist; check .git/objects/info/alternates
error: object directory /Users/study_superior/Desktop/Code/LingxiAgent/artifacts/rust-tauri/R05/RR3/J-REVIEW-01/nonexistent-objects does not exist; check .git/objects/info/alternates
error: refs/tags/v0.268.19: invalid sha1 pointer cb251aba0d3724e81087e1f6983bb443fe2d3a24
error: object directory /Users/study_superior/Desktop/Code/LingxiAgent/artifacts/rust-tauri/R05/RR3/J-REVIEW-01/nonexistent-objects does not exist; check .git/objects/info/alternates
error: object directory /Users/study_superior/Desktop/Code/LingxiAgent/artifacts/rust-tauri/R05/RR3/J-REVIEW-01/nonexistent-objects does not exist; check .git/objects/info/alternates
error: refs/tags/v0.268.6: invalid sha1 pointer 26c02a6871d5658462e384c6ed287eeb5475d39a
error: object directory /Users/study_superior/Desktop/Code/LingxiAgent/artifacts/rust-tauri/R05/RR3/J-REVIEW-01/nonexistent-objects does not exist; check .git/objects/info/alternates
error: object directory /Users/study_superior/Desktop/Code/LingxiAgent/artifacts/rust-tauri/R05/RR3/J-REVIEW-01/nonexistent-objects does not exist; check .git/objects/info/alternates
error: refs/tags/v0.268.8: invalid sha1 pointer cc012eb99148c6dea72cda69fe7b99163e3e335b
error: object directory /Users/study_superior/Desktop/Code/LingxiAgent/artifacts/rust-tauri/R05/RR3/J-REVIEW-01/nonexistent-objects does not exist; check .git/objects/info/alternates
error: object directory /Users/study_superior/Desktop/Code/LingxiAgent/artifacts/rust-tauri/R05/RR3/J-REVIEW-01/nonexistent-objects does not exist; check .git/objects/info/alternates
error: refs/tags/v0.269.2: invalid sha1 pointer 3bb0ecca3527b5fbed977aab87107e9102c0cb01
error: object directory /Users/study_superior/Desktop/Code/LingxiAgent/artifacts/rust-tauri/R05/RR3/J-REVIEW-01/nonexistent-objects does not exist; check .git/objects/info/alternates
error: object directory /Users/study_superior/Desktop/Code/LingxiAgent/artifacts/rust-tauri/R05/RR3/J-REVIEW-01/nonexistent-objects does not exist; check .git/objects/info/alternates
error: refs/tags/v0.271.0: invalid sha1 pointer 7bb21d89863c6a707368eadfddc13276f2a7b347
error: object directory /Users/study_superior/Desktop/Code/LingxiAgent/artifacts/rust-tauri/R05/RR3/J-REVIEW-01/nonexistent-objects does not exist; check .git/objects/info/alternates
error: object directory /Users/study_superior/Desktop/Code/LingxiAgent/artifacts/rust-tauri/R05/RR3/J-REVIEW-01/nonexistent-objects does not exist; check .git/objects/info/alternates
error: refs/tags/v0.271.11: invalid sha1 pointer a1e4fd8655a6dfbfb7a55a54416ace1a6796e1d5
error: object directory /Users/study_superior/Desktop/Code/LingxiAgent/artifacts/rust-tauri/R05/RR3/J-REVIEW-01/nonexistent-objects does not exist; check .git/objects/info/alternates
error: object directory /Users/study_superior/Desktop/Code/LingxiAgent/artifacts/rust-tauri/R05/RR3/J-REVIEW-01/nonexistent-objects does not exist; check .git/objects/info/alternates
error: refs/tags/v0.271.7: invalid sha1 pointer 17872f4faf8452533c603089159b76298aa6e08f
error: object directory /Users/study_superior/Desktop/Code/LingxiAgent/artifacts/rust-tauri/R05/RR3/J-REVIEW-01/nonexistent-objects does not exist; check .git/objects/info/alternates
error: object directory /Users/study_superior/Desktop/Code/LingxiAgent/artifacts/rust-tauri/R05/RR3/J-REVIEW-01/nonexistent-objects does not exist; check .git/objects/info/alternates
error: refs/tags/v0.277.11: invalid sha1 pointer d723bf4c8abef71e003d6e9795ba157518820f92
error: object directory /Users/study_superior/Desktop/Code/LingxiAgent/artifacts/rust-tauri/R05/RR3/J-REVIEW-01/nonexistent-objects does not exist; check .git/objects/info/alternates
error: object directory /Users/study_superior/Desktop/Code/LingxiAgent/artifacts/rust-tauri/R05/RR3/J-REVIEW-01/nonexistent-objects does not exist; check .git/objects/info/alternates
error: refs/tags/v0.278.2: invalid sha1 pointer a9a7d2ea8e86b238ec25cefc4a2c1a2d598655b6
error: object directory /Users/study_superior/Desktop/Code/LingxiAgent/artifacts/rust-tauri/R05/RR3/J-REVIEW-01/nonexistent-objects does not exist; check .git/objects/info/alternates
error: object directory /Users/study_superior/Desktop/Code/LingxiAgent/artifacts/rust-tauri/R05/RR3/J-REVIEW-01/nonexistent-objects does not exist; check .git/objects/info/alternates
error: refs/tags/v0.281.4: invalid sha1 pointer 7831232845b676722fc7498f90ae7d10a71505fd
error: object directory /Users/study_superior/Desktop/Code/LingxiAgent/artifacts/rust-tauri/R05/RR3/J-REVIEW-01/nonexistent-objects does not exist; check .git/objects/info/alternates
error: object directory /Users/study_superior/Desktop/Code/LingxiAgent/artifacts/rust-tauri/R05/RR3/J-REVIEW-01/nonexistent-objects does not exist; check .git/objects/info/alternates
error: refs/tags/v0.282.0: invalid sha1 pointer 86339634047981e638e569808442fc770bace9b7
error: object directory /Users/study_superior/Desktop/Code/LingxiAgent/artifacts/rust-tauri/R05/RR3/J-REVIEW-01/nonexistent-objects does not exist; check .git/objects/info/alternates
error: object directory /Users/study_superior/Desktop/Code/LingxiAgent/artifacts/rust-tauri/R05/RR3/J-REVIEW-01/nonexistent-objects does not exist; check .git/objects/info/alternates
error: refs/tags/v0.282.1: invalid sha1 pointer eec07f2953716ff53042f26283c1283fd8aa6cbf
error: object directory /Users/study_superior/Desktop/Code/LingxiAgent/artifacts/rust-tauri/R05/RR3/J-REVIEW-01/nonexistent-objects does not exist; check .git/objects/info/alternates
error: object directory /Users/study_superior/Desktop/Code/LingxiAgent/artifacts/rust-tauri/R05/RR3/J-REVIEW-01/nonexistent-objects does not exist; check .git/objects/info/alternates
error: refs/tags/v0.282.4: invalid sha1 pointer a147e545d3d8d12d6855e99de0c88e089cb21ec0
error: object directory /Users/study_superior/Desktop/Code/LingxiAgent/artifacts/rust-tauri/R05/RR3/J-REVIEW-01/nonexistent-objects does not exist; check .git/objects/info/alternates
error: object directory /Users/study_superior/Desktop/Code/LingxiAgent/artifacts/rust-tauri/R05/RR3/J-REVIEW-01/nonexistent-objects does not exist; check .git/objects/info/alternates
error: refs/tags/v0.282.5: invalid sha1 pointer 6f214d30d5f93f239431355e2eca3a5a9001d977
error: object directory /Users/study_superior/Desktop/Code/LingxiAgent/artifacts/rust-tauri/R05/RR3/J-REVIEW-01/nonexistent-objects does not exist; check .git/objects/info/alternates
error: object directory /Users/study_superior/Desktop/Code/LingxiAgent/artifacts/rust-tauri/R05/RR3/J-REVIEW-01/nonexistent-objects does not exist; check .git/objects/info/alternates
error: refs/tags/v0.289.2: invalid sha1 pointer 56f0673829ee630e0c2955e32f16507db20048c5
error: object directory /Users/study_superior/Desktop/Code/LingxiAgent/artifacts/rust-tauri/R05/RR3/J-REVIEW-01/nonexistent-objects does not exist; check .git/objects/info/alternates
error: object directory /Users/study_superior/Desktop/Code/LingxiAgent/artifacts/rust-tauri/R05/RR3/J-REVIEW-01/nonexistent-objects does not exist; check .git/objects/info/alternates
error: refs/tags/v0.290.18: invalid sha1 pointer 34e6844287848c41b2de0d8612052dd54e7cfe51
error: object directory /Users/study_superior/Desktop/Code/LingxiAgent/artifacts/rust-tauri/R05/RR3/J-REVIEW-01/nonexistent-objects does not exist; check .git/objects/info/alternates
error: object directory /Users/study_superior/Desktop/Code/LingxiAgent/artifacts/rust-tauri/R05/RR3/J-REVIEW-01/nonexistent-objects does not exist; check .git/objects/info/alternates
error: refs/tags/v0.290.2: invalid sha1 pointer 1021926164dd39ac0dca42153ab383c5d4c10006
error: object directory /Users/study_superior/Desktop/Code/LingxiAgent/artifacts/rust-tauri/R05/RR3/J-REVIEW-01/nonexistent-objects does not exist; check .git/objects/info/alternates
error: object directory /Users/study_superior/Desktop/Code/LingxiAgent/artifacts/rust-tauri/R05/RR3/J-REVIEW-01/nonexistent-objects does not exist; check .git/objects/info/alternates
error: refs/tags/v0.290.4: invalid sha1 pointer 632146e1d6206a39da23e2d795dcca06401c559f
error: object directory /Users/study_superior/Desktop/Code/LingxiAgent/artifacts/rust-tauri/R05/RR3/J-REVIEW-01/nonexistent-objects does not exist; check .git/objects/info/alternates
error: object directory /Users/study_superior/Desktop/Code/LingxiAgent/artifacts/rust-tauri/R05/RR3/J-REVIEW-01/nonexistent-objects does not exist; check .git/objects/info/alternates
error: refs/tags/v0.292.0: invalid sha1 pointer 926a797247947c775771df5a6c804578e708bcbc
error: object directory /Users/study_superior/Desktop/Code/LingxiAgent/artifacts/rust-tauri/R05/RR3/J-REVIEW-01/nonexistent-objects does not exist; check .git/objects/info/alternates
error: object directory /Users/study_superior/Desktop/Code/LingxiAgent/artifacts/rust-tauri/R05/RR3/J-REVIEW-01/nonexistent-objects does not exist; check .git/objects/info/alternates
error: refs/tags/v0.293.6: invalid sha1 pointer 34d46e41c918e58c93740c2cc4f4c0c7ed45564b
error: object directory /Users/study_superior/Desktop/Code/LingxiAgent/artifacts/rust-tauri/R05/RR3/J-REVIEW-01/nonexistent-objects does not exist; check .git/objects/info/alternates
error: object directory /Users/study_superior/Desktop/Code/LingxiAgent/artifacts/rust-tauri/R05/RR3/J-REVIEW-01/nonexistent-objects does not exist; check .git/objects/info/alternates
error: refs/tags/v0.296.4: invalid sha1 pointer f65bcd48bbcdfd334b117689c04908b86e2cc229
error: object directory /Users/study_superior/Desktop/Code/LingxiAgent/artifacts/rust-tauri/R05/RR3/J-REVIEW-01/nonexistent-objects does not exist; check .git/objects/info/alternates
error: object directory /Users/study_superior/Desktop/Code/LingxiAgent/artifacts/rust-tauri/R05/RR3/J-REVIEW-01/nonexistent-objects does not exist; check .git/objects/info/alternates
error: refs/tags/v0.296.5: invalid sha1 pointer f879017bd79c5d759dfd14b2f62ae8f8aa109cb0
error: object directory /Users/study_superior/Desktop/Code/LingxiAgent/artifacts/rust-tauri/R05/RR3/J-REVIEW-01/nonexistent-objects does not exist; check .git/objects/info/alternates
error: object directory /Users/study_superior/Desktop/Code/LingxiAgent/artifacts/rust-tauri/R05/RR3/J-REVIEW-01/nonexistent-objects does not exist; check .git/objects/info/alternates
error: refs/tags/v0.296.9: invalid sha1 pointer 86931a82b7505539e1386a1fa2fc9c2c225cd3b4
error: object directory /Users/study_superior/Desktop/Code/LingxiAgent/artifacts/rust-tauri/R05/RR3/J-REVIEW-01/nonexistent-objects does not exist; check .git/objects/info/alternates
error: object directory /Users/study_superior/Desktop/Code/LingxiAgent/artifacts/rust-tauri/R05/RR3/J-REVIEW-01/nonexistent-objects does not exist; check .git/objects/info/alternates
error: refs/tags/v0.297.13: invalid sha1 pointer a7c6330ae81827a8ea2278c254e1878e21b8a515
error: object directory /Users/study_superior/Desktop/Code/LingxiAgent/artifacts/rust-tauri/R05/RR3/J-REVIEW-01/nonexistent-objects does not exist; check .git/objects/info/alternates
error: object directory /Users/study_superior/Desktop/Code/LingxiAgent/artifacts/rust-tauri/R05/RR3/J-REVIEW-01/nonexistent-objects does not exist; check .git/objects/info/alternates
error: refs/tags/v0.297.2: invalid sha1 pointer ce819c5b696c661e3159b91dd9ef9a46c9872864
error: object directory /Users/study_superior/Desktop/Code/LingxiAgent/artifacts/rust-tauri/R05/RR3/J-REVIEW-01/nonexistent-objects does not exist; check .git/objects/info/alternates
error: object directory /Users/study_superior/Desktop/Code/LingxiAgent/artifacts/rust-tauri/R05/RR3/J-REVIEW-01/nonexistent-objects does not exist; check .git/objects/info/alternates
error: refs/tags/v0.297.5: invalid sha1 pointer 34c5aa9c9f2fb63f40dd5a6c5a11939c9436b0b5
error: object directory /Users/study_superior/Desktop/Code/LingxiAgent/artifacts/rust-tauri/R05/RR3/J-REVIEW-01/nonexistent-objects does not exist; check .git/objects/info/alternates
error: object directory /Users/study_superior/Desktop/Code/LingxiAgent/artifacts/rust-tauri/R05/RR3/J-REVIEW-01/nonexistent-objects does not exist; check .git/objects/info/alternates
error: refs/tags/v0.299.2: invalid sha1 pointer a29cc24cc28fff912dd2d592d9f265d2aece0e53
error: object directory /Users/study_superior/Desktop/Code/LingxiAgent/artifacts/rust-tauri/R05/RR3/J-REVIEW-01/nonexistent-objects does not exist; check .git/objects/info/alternates
error: object directory /Users/study_superior/Desktop/Code/LingxiAgent/artifacts/rust-tauri/R05/RR3/J-REVIEW-01/nonexistent-objects does not exist; check .git/objects/info/alternates
error: refs/tags/v0.300.0: invalid sha1 pointer fb99c144b458798b6e8e947832de1ac948deae71
error: object directory /Users/study_superior/Desktop/Code/LingxiAgent/artifacts/rust-tauri/R05/RR3/J-REVIEW-01/nonexistent-objects does not exist; check .git/objects/info/alternates
error: object directory /Users/study_superior/Desktop/Code/LingxiAgent/artifacts/rust-tauri/R05/RR3/J-REVIEW-01/nonexistent-objects does not exist; check .git/objects/info/alternates
error: refs/tags/v0.301.16: invalid sha1 pointer 413353c1b868b57bc15ba0e397d688145cac013e
error: object directory /Users/study_superior/Desktop/Code/LingxiAgent/artifacts/rust-tauri/R05/RR3/J-REVIEW-01/nonexistent-objects does not exist; check .git/objects/info/alternates
error: object directory /Users/study_superior/Desktop/Code/LingxiAgent/artifacts/rust-tauri/R05/RR3/J-REVIEW-01/nonexistent-objects does not exist; check .git/objects/info/alternates
error: refs/tags/v0.301.8: invalid sha1 pointer 9f96ba5c057c8054548f2e51d65895cfedc9bae0
error: object directory /Users/study_superior/Desktop/Code/LingxiAgent/artifacts/rust-tauri/R05/RR3/J-REVIEW-01/nonexistent-objects does not exist; check .git/objects/info/alternates
error: object directory /Users/study_superior/Desktop/Code/LingxiAgent/artifacts/rust-tauri/R05/RR3/J-REVIEW-01/nonexistent-objects does not exist; check .git/objects/info/alternates
error: refs/tags/v0.303.3: invalid sha1 pointer c4fc58b73a8b002b169cd376eea342bd6a7b2eb4
error: object directory /Users/study_superior/Desktop/Code/LingxiAgent/artifacts/rust-tauri/R05/RR3/J-REVIEW-01/nonexistent-objects does not exist; check .git/objects/info/alternates
error: object directory /Users/study_superior/Desktop/Code/LingxiAgent/artifacts/rust-tauri/R05/RR3/J-REVIEW-01/nonexistent-objects does not exist; check .git/objects/info/alternates
error: refs/tags/v0.305.0: invalid sha1 pointer edf31b1a44b419a2c2ac0021add5ed137b4300cd
error: object directory /Users/study_superior/Desktop/Code/LingxiAgent/artifacts/rust-tauri/R05/RR3/J-REVIEW-01/nonexistent-objects does not exist; check .git/objects/info/alternates
error: object directory /Users/study_superior/Desktop/Code/LingxiAgent/artifacts/rust-tauri/R05/RR3/J-REVIEW-01/nonexistent-objects does not exist; check .git/objects/info/alternates
error: refs/tags/v0.305.23: invalid sha1 pointer 639ef6b4b3fe18d13a61e5a6e97dfd110a8995ff
error: object directory /Users/study_superior/Desktop/Code/LingxiAgent/artifacts/rust-tauri/R05/RR3/J-REVIEW-01/nonexistent-objects does not exist; check .git/objects/info/alternates
error: object directory /Users/study_superior/Desktop/Code/LingxiAgent/artifacts/rust-tauri/R05/RR3/J-REVIEW-01/nonexistent-objects does not exist; check .git/objects/info/alternates
error: refs/tags/v0.305.5: invalid sha1 pointer b5014813f281aa52f6da1cce484dc8e9881466e7
error: object directory /Users/study_superior/Desktop/Code/LingxiAgent/artifacts/rust-tauri/R05/RR3/J-REVIEW-01/nonexistent-objects does not exist; check .git/objects/info/alternates
error: object directory /Users/study_superior/Desktop/Code/LingxiAgent/artifacts/rust-tauri/R05/RR3/J-REVIEW-01/nonexistent-objects does not exist; check .git/objects/info/alternates
error: refs/tags/v0.305.6: invalid sha1 pointer 6ae072a756dafa80da1b06af67389003c3c138ff
error: object directory /Users/study_superior/Desktop/Code/LingxiAgent/artifacts/rust-tauri/R05/RR3/J-REVIEW-01/nonexistent-objects does not exist; check .git/objects/info/alternates
error: object directory /Users/study_superior/Desktop/Code/LingxiAgent/artifacts/rust-tauri/R05/RR3/J-REVIEW-01/nonexistent-objects does not exist; check .git/objects/info/alternates
error: refs/tags/v0.306.1: invalid sha1 pointer c9b2dab501acf6053f821750d15f782c023d8b89
error: object directory /Users/study_superior/Desktop/Code/LingxiAgent/artifacts/rust-tauri/R05/RR3/J-REVIEW-01/nonexistent-objects does not exist; check .git/objects/info/alternates
error: object directory /Users/study_superior/Desktop/Code/LingxiAgent/artifacts/rust-tauri/R05/RR3/J-REVIEW-01/nonexistent-objects does not exist; check .git/objects/info/alternates
error: refs/tags/v0.306.15: invalid sha1 pointer a08024e468a6126c4c653a0a915790641b54dfc7
error: object directory /Users/study_superior/Desktop/Code/LingxiAgent/artifacts/rust-tauri/R05/RR3/J-REVIEW-01/nonexistent-objects does not exist; check .git/objects/info/alternates
error: object directory /Users/study_superior/Desktop/Code/LingxiAgent/artifacts/rust-tauri/R05/RR3/J-REVIEW-01/nonexistent-objects does not exist; check .git/objects/info/alternates
error: refs/tags/v0.309.2: invalid sha1 pointer 802b678fcdd315b2e3f799b4b86b046de8352553
error: object directory /Users/study_superior/Desktop/Code/LingxiAgent/artifacts/rust-tauri/R05/RR3/J-REVIEW-01/nonexistent-objects does not exist; check .git/objects/info/alternates
error: object directory /Users/study_superior/Desktop/Code/LingxiAgent/artifacts/rust-tauri/R05/RR3/J-REVIEW-01/nonexistent-objects does not exist; check .git/objects/info/alternates
error: refs/tags/v0.310.1: invalid sha1 pointer 382d642fbd326c19a611aca6e577df4a9972bec9
error: object directory /Users/study_superior/Desktop/Code/LingxiAgent/artifacts/rust-tauri/R05/RR3/J-REVIEW-01/nonexistent-objects does not exist; check .git/objects/info/alternates
error: object directory /Users/study_superior/Desktop/Code/LingxiAgent/artifacts/rust-tauri/R05/RR3/J-REVIEW-01/nonexistent-objects does not exist; check .git/objects/info/alternates
error: refs/tags/v0.310.3: invalid sha1 pointer 11702083001963b5acec13ddbe5d092cca400867
error: object directory /Users/study_superior/Desktop/Code/LingxiAgent/artifacts/rust-tauri/R05/RR3/J-REVIEW-01/nonexistent-objects does not exist; check .git/objects/info/alternates
error: object directory /Users/study_superior/Desktop/Code/LingxiAgent/artifacts/rust-tauri/R05/RR3/J-REVIEW-01/nonexistent-objects does not exist; check .git/objects/info/alternates
error: refs/tags/v0.312.18: invalid sha1 pointer ed2222e62a040ca8468547c994917bc477c01bb3
error: object directory /Users/study_superior/Desktop/Code/LingxiAgent/artifacts/rust-tauri/R05/RR3/J-REVIEW-01/nonexistent-objects does not exist; check .git/objects/info/alternates
error: object directory /Users/study_superior/Desktop/Code/LingxiAgent/artifacts/rust-tauri/R05/RR3/J-REVIEW-01/nonexistent-objects does not exist; check .git/objects/info/alternates
error: refs/tags/v0.312.2: invalid sha1 pointer fb078bb606190d1c88af77cc65b0e19678a4078d
error: object directory /Users/study_superior/Desktop/Code/LingxiAgent/artifacts/rust-tauri/R05/RR3/J-REVIEW-01/nonexistent-objects does not exist; check .git/objects/info/alternates
error: object directory /Users/study_superior/Desktop/Code/LingxiAgent/artifacts/rust-tauri/R05/RR3/J-REVIEW-01/nonexistent-objects does not exist; check .git/objects/info/alternates
error: refs/tags/v0.312.20: invalid sha1 pointer 4ef4ffa166ba68c69c8920f543239946466592d7
error: object directory /Users/study_superior/Desktop/Code/LingxiAgent/artifacts/rust-tauri/R05/RR3/J-REVIEW-01/nonexistent-objects does not exist; check .git/objects/info/alternates
error: object directory /Users/study_superior/Desktop/Code/LingxiAgent/artifacts/rust-tauri/R05/RR3/J-REVIEW-01/nonexistent-objects does not exist; check .git/objects/info/alternates
error: refs/tags/v0.318.1: invalid sha1 pointer 3924d96edc53a94353f72aa940dc620636f308cb
error: object directory /Users/study_superior/Desktop/Code/LingxiAgent/artifacts/rust-tauri/R05/RR3/J-REVIEW-01/nonexistent-objects does not exist; check .git/objects/info/alternates
error: object directory /Users/study_superior/Desktop/Code/LingxiAgent/artifacts/rust-tauri/R05/RR3/J-REVIEW-01/nonexistent-objects does not exist; check .git/objects/info/alternates
error: refs/tags/v0.320.0: invalid sha1 pointer 61a25705281365f92fdfaccf1db7311848f1038f
error: object directory /Users/study_superior/Desktop/Code/LingxiAgent/artifacts/rust-tauri/R05/RR3/J-REVIEW-01/nonexistent-objects does not exist; check .git/objects/info/alternates
error: object directory /Users/study_superior/Desktop/Code/LingxiAgent/artifacts/rust-tauri/R05/RR3/J-REVIEW-01/nonexistent-objects does not exist; check .git/objects/info/alternates
error: refs/tags/v0.323.0: invalid sha1 pointer 5d3901214ee15a8da82d20c1c9a883be33736c64
error: object directory /Users/study_superior/Desktop/Code/LingxiAgent/artifacts/rust-tauri/R05/RR3/J-REVIEW-01/nonexistent-objects does not exist; check .git/objects/info/alternates
error: object directory /Users/study_superior/Desktop/Code/LingxiAgent/artifacts/rust-tauri/R05/RR3/J-REVIEW-01/nonexistent-objects does not exist; check .git/objects/info/alternates
error: refs/tags/v0.324.0: invalid sha1 pointer 7806e869745e71abfa36d81fb2715fd4be2905f7
error: object directory /Users/study_superior/Desktop/Code/LingxiAgent/artifacts/rust-tauri/R05/RR3/J-REVIEW-01/nonexistent-objects does not exist; check .git/objects/info/alternates
error: object directory /Users/study_superior/Desktop/Code/LingxiAgent/artifacts/rust-tauri/R05/RR3/J-REVIEW-01/nonexistent-objects does not exist; check .git/objects/info/alternates
error: refs/tags/v0.328.2: invalid sha1 pointer 7c31532da83099cd2a0c043533ba170d4546a994
error: object directory /Users/study_superior/Desktop/Code/LingxiAgent/artifacts/rust-tauri/R05/RR3/J-REVIEW-01/nonexistent-objects does not exist; check .git/objects/info/alternates
error: object directory /Users/study_superior/Desktop/Code/LingxiAgent/artifacts/rust-tauri/R05/RR3/J-REVIEW-01/nonexistent-objects does not exist; check .git/objects/info/alternates
error: refs/tags/v0.329.12: invalid sha1 pointer cbbc803d9f10abd0582a565cc513934d9e25de9c
error: object directory /Users/study_superior/Desktop/Code/LingxiAgent/artifacts/rust-tauri/R05/RR3/J-REVIEW-01/nonexistent-objects does not exist; check .git/objects/info/alternates
error: object directory /Users/study_superior/Desktop/Code/LingxiAgent/artifacts/rust-tauri/R05/RR3/J-REVIEW-01/nonexistent-objects does not exist; check .git/objects/info/alternates
error: refs/tags/v0.330.13: invalid sha1 pointer 01606a478a5e50bea4e69fb76f2a43743230b038
error: object directory /Users/study_superior/Desktop/Code/LingxiAgent/artifacts/rust-tauri/R05/RR3/J-REVIEW-01/nonexistent-objects does not exist; check .git/objects/info/alternates
error: object directory /Users/study_superior/Desktop/Code/LingxiAgent/artifacts/rust-tauri/R05/RR3/J-REVIEW-01/nonexistent-objects does not exist; check .git/objects/info/alternates
error: refs/tags/v0.330.2: invalid sha1 pointer 0b88717f5396a39050847a1ade91ec15e77f0f0c
error: object directory /Users/study_superior/Desktop/Code/LingxiAgent/artifacts/rust-tauri/R05/RR3/J-REVIEW-01/nonexistent-objects does not exist; check .git/objects/info/alternates
error: object directory /Users/study_superior/Desktop/Code/LingxiAgent/artifacts/rust-tauri/R05/RR3/J-REVIEW-01/nonexistent-objects does not exist; check .git/objects/info/alternates
error: refs/tags/v0.331.13: invalid sha1 pointer d9fe6a9376541f46c00d8b14ed13d367e63c6eda
error: object directory /Users/study_superior/Desktop/Code/LingxiAgent/artifacts/rust-tauri/R05/RR3/J-REVIEW-01/nonexistent-objects does not exist; check .git/objects/info/alternates
error: object directory /Users/study_superior/Desktop/Code/LingxiAgent/artifacts/rust-tauri/R05/RR3/J-REVIEW-01/nonexistent-objects does not exist; check .git/objects/info/alternates
error: refs/tags/v0.331.4: invalid sha1 pointer 0cee84fe1396cf8d69896a2cae1336dbf45191c4
error: object directory /Users/study_superior/Desktop/Code/LingxiAgent/artifacts/rust-tauri/R05/RR3/J-REVIEW-01/nonexistent-objects does not exist; check .git/objects/info/alternates
error: object directory /Users/study_superior/Desktop/Code/LingxiAgent/artifacts/rust-tauri/R05/RR3/J-REVIEW-01/nonexistent-objects does not exist; check .git/objects/info/alternates
error: refs/tags/v0.332.6: invalid sha1 pointer a47165669e165672be4b8a05eb20feb10331b590
error: object directory /Users/study_superior/Desktop/Code/LingxiAgent/artifacts/rust-tauri/R05/RR3/J-REVIEW-01/nonexistent-objects does not exist; check .git/objects/info/alternates
error: object directory /Users/study_superior/Desktop/Code/LingxiAgent/artifacts/rust-tauri/R05/RR3/J-REVIEW-01/nonexistent-objects does not exist; check .git/objects/info/alternates
error: refs/tags/v0.333.6: invalid sha1 pointer c85cfddc71407f836905f469a95e25bfbbe6ccb0
error: object directory /Users/study_superior/Desktop/Code/LingxiAgent/artifacts/rust-tauri/R05/RR3/J-REVIEW-01/nonexistent-objects does not exist; check .git/objects/info/alternates
error: object directory /Users/study_superior/Desktop/Code/LingxiAgent/artifacts/rust-tauri/R05/RR3/J-REVIEW-01/nonexistent-objects does not exist; check .git/objects/info/alternates
error: refs/tags/v0.341.13: invalid sha1 pointer f09c3cfa01de872d0ef67f7d59fd1db4173e0e25
error: object directory /Users/study_superior/Desktop/Code/LingxiAgent/artifacts/rust-tauri/R05/RR3/J-REVIEW-01/nonexistent-objects does not exist; check .git/objects/info/alternates
error: object directory /Users/study_superior/Desktop/Code/LingxiAgent/artifacts/rust-tauri/R05/RR3/J-REVIEW-01/nonexistent-objects does not exist; check .git/objects/info/alternates
error: refs/tags/v0.341.19: invalid sha1 pointer c88811417bbcd3bd50bfb062b59cb38aea94a059
error: object directory /Users/study_superior/Desktop/Code/LingxiAgent/artifacts/rust-tauri/R05/RR3/J-REVIEW-01/nonexistent-objects does not exist; check .git/objects/info/alternates
error: object directory /Users/study_superior/Desktop/Code/LingxiAgent/artifacts/rust-tauri/R05/RR3/J-REVIEW-01/nonexistent-objects does not exist; check .git/objects/info/alternates
error: refs/tags/v0.344.3: invalid sha1 pointer 4fe3ab59b385f8d5fc58f0bdc7a4927fef5f26cf
error: object directory /Users/study_superior/Desktop/Code/LingxiAgent/artifacts/rust-tauri/R05/RR3/J-REVIEW-01/nonexistent-objects does not exist; check .git/objects/info/alternates
error: object directory /Users/study_superior/Desktop/Code/LingxiAgent/artifacts/rust-tauri/R05/RR3/J-REVIEW-01/nonexistent-objects does not exist; check .git/objects/info/alternates
error: refs/tags/v0.344.9: invalid sha1 pointer dbd07e7c4b50d397770bafe406b4ab101cde75e0
error: object directory /Users/study_superior/Desktop/Code/LingxiAgent/artifacts/rust-tauri/R05/RR3/J-REVIEW-01/nonexistent-objects does not exist; check .git/objects/info/alternates
error: object directory /Users/study_superior/Desktop/Code/LingxiAgent/artifacts/rust-tauri/R05/RR3/J-REVIEW-01/nonexistent-objects does not exist; check .git/objects/info/alternates
error: refs/tags/v0.345.3: invalid sha1 pointer d2f8cae28d7003c20637add8b52063248c270934
error: object directory /Users/study_superior/Desktop/Code/LingxiAgent/artifacts/rust-tauri/R05/RR3/J-REVIEW-01/nonexistent-objects does not exist; check .git/objects/info/alternates
error: object directory /Users/study_superior/Desktop/Code/LingxiAgent/artifacts/rust-tauri/R05/RR3/J-REVIEW-01/nonexistent-objects does not exist; check .git/objects/info/alternates
error: refs/tags/v0.346.15: invalid sha1 pointer 5e03cfa3dac1820b1cc4ac29ca9be1c9e4b50c18
error: object directory /Users/study_superior/Desktop/Code/LingxiAgent/artifacts/rust-tauri/R05/RR3/J-REVIEW-01/nonexistent-objects does not exist; check .git/objects/info/alternates
error: object directory /Users/study_superior/Desktop/Code/LingxiAgent/artifacts/rust-tauri/R05/RR3/J-REVIEW-01/nonexistent-objects does not exist; check .git/objects/info/alternates
error: refs/tags/v0.346.18: invalid sha1 pointer 158991aea98cffa8d8e687d2fc10fb77aea50bd7
error: object directory /Users/study_superior/Desktop/Code/LingxiAgent/artifacts/rust-tauri/R05/RR3/J-REVIEW-01/nonexistent-objects does not exist; check .git/objects/info/alternates
error: object directory /Users/study_superior/Desktop/Code/LingxiAgent/artifacts/rust-tauri/R05/RR3/J-REVIEW-01/nonexistent-objects does not exist; check .git/objects/info/alternates
error: refs/tags/v0.347.6: invalid sha1 pointer f223f3dea2de9baa1659016458db374ce202a3cd
error: object directory /Users/study_superior/Desktop/Code/LingxiAgent/artifacts/rust-tauri/R05/RR3/J-REVIEW-01/nonexistent-objects does not exist; check .git/objects/info/alternates
error: object directory /Users/study_superior/Desktop/Code/LingxiAgent/artifacts/rust-tauri/R05/RR3/J-REVIEW-01/nonexistent-objects does not exist; check .git/objects/info/alternates
error: refs/tags/v0.348.11: invalid sha1 pointer fae10c249396f87c9712c1290cd8207dfe95a880
error: object directory /Users/study_superior/Desktop/Code/LingxiAgent/artifacts/rust-tauri/R05/RR3/J-REVIEW-01/nonexistent-objects does not exist; check .git/objects/info/alternates
error: object directory /Users/study_superior/Desktop/Code/LingxiAgent/artifacts/rust-tauri/R05/RR3/J-REVIEW-01/nonexistent-objects does not exist; check .git/objects/info/alternates
error: refs/tags/v0.349.5: invalid sha1 pointer 13949c9211308cb7e8afe67578f233865705d438
error: object directory /Users/study_superior/Desktop/Code/LingxiAgent/artifacts/rust-tauri/R05/RR3/J-REVIEW-01/nonexistent-objects does not exist; check .git/objects/info/alternates
error: object directory /Users/study_superior/Desktop/Code/LingxiAgent/artifacts/rust-tauri/R05/RR3/J-REVIEW-01/nonexistent-objects does not exist; check .git/objects/info/alternates
error: refs/tags/v0.350.2: invalid sha1 pointer 2c3691c31043004e2b72cf3851faed9a8f584658
error: object directory /Users/study_superior/Desktop/Code/LingxiAgent/artifacts/rust-tauri/R05/RR3/J-REVIEW-01/nonexistent-objects does not exist; check .git/objects/info/alternates
error: object directory /Users/study_superior/Desktop/Code/LingxiAgent/artifacts/rust-tauri/R05/RR3/J-REVIEW-01/nonexistent-objects does not exist; check .git/objects/info/alternates
error: refs/tags/v0.351.5: invalid sha1 pointer ab896a4ed28f100d1472ea3029f2c8c68c4dab7d
error: object directory /Users/study_superior/Desktop/Code/LingxiAgent/artifacts/rust-tauri/R05/RR3/J-REVIEW-01/nonexistent-objects does not exist; check .git/objects/info/alternates
error: object directory /Users/study_superior/Desktop/Code/LingxiAgent/artifacts/rust-tauri/R05/RR3/J-REVIEW-01/nonexistent-objects does not exist; check .git/objects/info/alternates
error: refs/tags/v0.357.13: invalid sha1 pointer 2e188f1c02717fb677ded4649a098bbd5441f48d
error: object directory /Users/study_superior/Desktop/Code/LingxiAgent/artifacts/rust-tauri/R05/RR3/J-REVIEW-01/nonexistent-objects does not exist; check .git/objects/info/alternates
error: object directory /Users/study_superior/Desktop/Code/LingxiAgent/artifacts/rust-tauri/R05/RR3/J-REVIEW-01/nonexistent-objects does not exist; check .git/objects/info/alternates
error: refs/tags/v0.357.14: invalid sha1 pointer c0e826025947b718a1cfc012fbaefad84d9ae15f
error: object directory /Users/study_superior/Desktop/Code/LingxiAgent/artifacts/rust-tauri/R05/RR3/J-REVIEW-01/nonexistent-objects does not exist; check .git/objects/info/alternates
error: object directory /Users/study_superior/Desktop/Code/LingxiAgent/artifacts/rust-tauri/R05/RR3/J-REVIEW-01/nonexistent-objects does not exist; check .git/objects/info/alternates
error: refs/tags/v0.357.16: invalid sha1 pointer c6491809e28bee34daf6639ab82fec2f13ff4898
error: object directory /Users/study_superior/Desktop/Code/LingxiAgent/artifacts/rust-tauri/R05/RR3/J-REVIEW-01/nonexistent-objects does not exist; check .git/objects/info/alternates
error: object directory /Users/study_superior/Desktop/Code/LingxiAgent/artifacts/rust-tauri/R05/RR3/J-REVIEW-01/nonexistent-objects does not exist; check .git/objects/info/alternates
error: refs/tags/v0.357.17: invalid sha1 pointer acb1b2b860d0d877a9ba57b9022347643e892b1c
error: object directory /Users/study_superior/Desktop/Code/LingxiAgent/artifacts/rust-tauri/R05/RR3/J-REVIEW-01/nonexistent-objects does not exist; check .git/objects/info/alternates
error: object directory /Users/study_superior/Desktop/Code/LingxiAgent/artifacts/rust-tauri/R05/RR3/J-REVIEW-01/nonexistent-objects does not exist; check .git/objects/info/alternates
error: refs/tags/v0.357.8: invalid sha1 pointer 115362b6650a7adc957152357ffe42e5d5b35a64
error: object directory /Users/study_superior/Desktop/Code/LingxiAgent/artifacts/rust-tauri/R05/RR3/J-REVIEW-01/nonexistent-objects does not exist; check .git/objects/info/alternates
error: object directory /Users/study_superior/Desktop/Code/LingxiAgent/artifacts/rust-tauri/R05/RR3/J-REVIEW-01/nonexistent-objects does not exist; check .git/objects/info/alternates
error: refs/tags/v0.358.8: invalid sha1 pointer fc839370701df3398a87ff2fe6cd1ad8cb120fb5
error: object directory /Users/study_superior/Desktop/Code/LingxiAgent/artifacts/rust-tauri/R05/RR3/J-REVIEW-01/nonexistent-objects does not exist; check .git/objects/info/alternates
error: object directory /Users/study_superior/Desktop/Code/LingxiAgent/artifacts/rust-tauri/R05/RR3/J-REVIEW-01/nonexistent-objects does not exist; check .git/objects/info/alternates
error: refs/tags/v0.36.0: invalid sha1 pointer 92a727959f75e556df5013d37037a5007a5c5e16
error: object directory /Users/study_superior/Desktop/Code/LingxiAgent/artifacts/rust-tauri/R05/RR3/J-REVIEW-01/nonexistent-objects does not exist; check .git/objects/info/alternates
error: object directory /Users/study_superior/Desktop/Code/LingxiAgent/artifacts/rust-tauri/R05/RR3/J-REVIEW-01/nonexistent-objects does not exist; check .git/objects/info/alternates
error: refs/tags/v0.36.3: invalid sha1 pointer 861b182ecc3cee214b232ae079d28690174a967f
error: object directory /Users/study_superior/Desktop/Code/LingxiAgent/artifacts/rust-tauri/R05/RR3/J-REVIEW-01/nonexistent-objects does not exist; check .git/objects/info/alternates
error: object directory /Users/study_superior/Desktop/Code/LingxiAgent/artifacts/rust-tauri/R05/RR3/J-REVIEW-01/nonexistent-objects does not exist; check .git/objects/info/alternates
error: refs/tags/v0.36.4: invalid sha1 pointer d9c57f94aaa3bd22b6d94d78a9cbaefe5d80e0ee
error: object directory /Users/study_superior/Desktop/Code/LingxiAgent/artifacts/rust-tauri/R05/RR3/J-REVIEW-01/nonexistent-objects does not exist; check .git/objects/info/alternates
error: object directory /Users/study_superior/Desktop/Code/LingxiAgent/artifacts/rust-tauri/R05/RR3/J-REVIEW-01/nonexistent-objects does not exist; check .git/objects/info/alternates
error: refs/tags/v0.36.5: invalid sha1 pointer 712e7c37ab800209976648637a72555a09a7ef8f
error: object directory /Users/study_superior/Desktop/Code/LingxiAgent/artifacts/rust-tauri/R05/RR3/J-REVIEW-01/nonexistent-objects does not exist; check .git/objects/info/alternates
error: object directory /Users/study_superior/Desktop/Code/LingxiAgent/artifacts/rust-tauri/R05/RR3/J-REVIEW-01/nonexistent-objects does not exist; check .git/objects/info/alternates
error: refs/tags/v0.36.6: invalid sha1 pointer 35ad6ec29be8ac0fd59cbc24f2cbcf6c28e69a3e
error: object directory /Users/study_superior/Desktop/Code/LingxiAgent/artifacts/rust-tauri/R05/RR3/J-REVIEW-01/nonexistent-objects does not exist; check .git/objects/info/alternates
error: object directory /Users/study_superior/Desktop/Code/LingxiAgent/artifacts/rust-tauri/R05/RR3/J-REVIEW-01/nonexistent-objects does not exist; check .git/objects/info/alternates
error: refs/tags/v0.36.7: invalid sha1 pointer 0c50b7335007b7176fe3cf52747e6824b1a419f4
error: object directory /Users/study_superior/Desktop/Code/LingxiAgent/artifacts/rust-tauri/R05/RR3/J-REVIEW-01/nonexistent-objects does not exist; check .git/objects/info/alternates
error: object directory /Users/study_superior/Desktop/Code/LingxiAgent/artifacts/rust-tauri/R05/RR3/J-REVIEW-01/nonexistent-objects does not exist; check .git/objects/info/alternates
error: refs/tags/v0.37.1: invalid sha1 pointer f2c539aeaecec3b50f12bd26db9382e1898aeab6
error: object directory /Users/study_superior/Desktop/Code/LingxiAgent/artifacts/rust-tauri/R05/RR3/J-REVIEW-01/nonexistent-objects does not exist; check .git/objects/info/alternates
error: object directory /Users/study_superior/Desktop/Code/LingxiAgent/artifacts/rust-tauri/R05/RR3/J-REVIEW-01/nonexistent-objects does not exist; check .git/objects/info/alternates
error: refs/tags/v0.37.2: invalid sha1 pointer 8a29e825e60a65ff79d6f2ac734fbd1b46f902b3
error: object directory /Users/study_superior/Desktop/Code/LingxiAgent/artifacts/rust-tauri/R05/RR3/J-REVIEW-01/nonexistent-objects does not exist; check .git/objects/info/alternates
error: object directory /Users/study_superior/Desktop/Code/LingxiAgent/artifacts/rust-tauri/R05/RR3/J-REVIEW-01/nonexistent-objects does not exist; check .git/objects/info/alternates
error: refs/tags/v0.37.3: invalid sha1 pointer 3a5f11e27fe60583b4bf671748162e04a9d03d52
error: object directory /Users/study_superior/Desktop/Code/LingxiAgent/artifacts/rust-tauri/R05/RR3/J-REVIEW-01/nonexistent-objects does not exist; check .git/objects/info/alternates
error: object directory /Users/study_superior/Desktop/Code/LingxiAgent/artifacts/rust-tauri/R05/RR3/J-REVIEW-01/nonexistent-objects does not exist; check .git/objects/info/alternates
error: refs/tags/v0.37.4: invalid sha1 pointer 5837678ca7615e5282bf08baadb552b9e20a429b
error: object directory /Users/study_superior/Desktop/Code/LingxiAgent/artifacts/rust-tauri/R05/RR3/J-REVIEW-01/nonexistent-objects does not exist; check .git/objects/info/alternates
error: object directory /Users/study_superior/Desktop/Code/LingxiAgent/artifacts/rust-tauri/R05/RR3/J-REVIEW-01/nonexistent-objects does not exist; check .git/objects/info/alternates
error: refs/tags/v0.37.5: invalid sha1 pointer 3c70cef83ff4443cbdc180123619ff8ada894cee
error: object directory /Users/study_superior/Desktop/Code/LingxiAgent/artifacts/rust-tauri/R05/RR3/J-REVIEW-01/nonexistent-objects does not exist; check .git/objects/info/alternates
error: object directory /Users/study_superior/Desktop/Code/LingxiAgent/artifacts/rust-tauri/R05/RR3/J-REVIEW-01/nonexistent-objects does not exist; check .git/objects/info/alternates
error: refs/tags/v0.37.6: invalid sha1 pointer 4b447aca1f2ef05093c8e7dcba71a2623534b0e7
error: object directory /Users/study_superior/Desktop/Code/LingxiAgent/artifacts/rust-tauri/R05/RR3/J-REVIEW-01/nonexistent-objects does not exist; check .git/objects/info/alternates
error: object directory /Users/study_superior/Desktop/Code/LingxiAgent/artifacts/rust-tauri/R05/RR3/J-REVIEW-01/nonexistent-objects does not exist; check .git/objects/info/alternates
error: refs/tags/v0.371.19: invalid sha1 pointer 5c8fd26c3e0e35f17f1134ddb350c7dae392197e
error: object directory /Users/study_superior/Desktop/Code/LingxiAgent/artifacts/rust-tauri/R05/RR3/J-REVIEW-01/nonexistent-objects does not exist; check .git/objects/info/alternates
error: object directory /Users/study_superior/Desktop/Code/LingxiAgent/artifacts/rust-tauri/R05/RR3/J-REVIEW-01/nonexistent-objects does not exist; check .git/objects/info/alternates
error: refs/tags/v0.374.2: invalid sha1 pointer 8bfbadb97e2e6b6aa4aa3f5ed3c78258682293db
error: object directory /Users/study_superior/Desktop/Code/LingxiAgent/artifacts/rust-tauri/R05/RR3/J-REVIEW-01/nonexistent-objects does not exist; check .git/objects/info/alternates
error: object directory /Users/study_superior/Desktop/Code/LingxiAgent/artifacts/rust-tauri/R05/RR3/J-REVIEW-01/nonexistent-objects does not exist; check .git/objects/info/alternates
error: refs/tags/v0.374.3: invalid sha1 pointer 39a46f5aca4e311fe1a953c456e7351de3e89d31
error: object directory /Users/study_superior/Desktop/Code/LingxiAgent/artifacts/rust-tauri/R05/RR3/J-REVIEW-01/nonexistent-objects does not exist; check .git/objects/info/alternates
error: object directory /Users/study_superior/Desktop/Code/LingxiAgent/artifacts/rust-tauri/R05/RR3/J-REVIEW-01/nonexistent-objects does not exist; check .git/objects/info/alternates
error: refs/tags/v0.38.0: invalid sha1 pointer e779afacd0b0afdd2462aa99a45a00c82612bd3e
error: object directory /Users/study_superior/Desktop/Code/LingxiAgent/artifacts/rust-tauri/R05/RR3/J-REVIEW-01/nonexistent-objects does not exist; check .git/objects/info/alternates
error: object directory /Users/study_superior/Desktop/Code/LingxiAgent/artifacts/rust-tauri/R05/RR3/J-REVIEW-01/nonexistent-objects does not exist; check .git/objects/info/alternates
error: refs/tags/v0.38.1: invalid sha1 pointer 35a8f83f52ed1a32ed36fe470d4cb76b8ace8263
error: object directory /Users/study_superior/Desktop/Code/LingxiAgent/artifacts/rust-tauri/R05/RR3/J-REVIEW-01/nonexistent-objects does not exist; check .git/objects/info/alternates
error: object directory /Users/study_superior/Desktop/Code/LingxiAgent/artifacts/rust-tauri/R05/RR3/J-REVIEW-01/nonexistent-objects does not exist; check .git/objects/info/alternates
error: refs/tags/v0.38.2: invalid sha1 pointer 165d51b566874958e089519883e31b283039cdf3
error: object directory /Users/study_superior/Desktop/Code/LingxiAgent/artifacts/rust-tauri/R05/RR3/J-REVIEW-01/nonexistent-objects does not exist; check .git/objects/info/alternates
error: object directory /Users/study_superior/Desktop/Code/LingxiAgent/artifacts/rust-tauri/R05/RR3/J-REVIEW-01/nonexistent-objects does not exist; check .git/objects/info/alternates
error: refs/tags/v0.38.3: invalid sha1 pointer 881989069f0a83049a48d8591dd0762339934df8
error: object directory /Users/study_superior/Desktop/Code/LingxiAgent/artifacts/rust-tauri/R05/RR3/J-REVIEW-01/nonexistent-objects does not exist; check .git/objects/info/alternates
error: object directory /Users/study_superior/Desktop/Code/LingxiAgent/artifacts/rust-tauri/R05/RR3/J-REVIEW-01/nonexistent-objects does not exist; check .git/objects/info/alternates
error: refs/tags/v0.38.4: invalid sha1 pointer 623d0fe91264c1673619818c79cab72471414579
error: object directory /Users/study_superior/Desktop/Code/LingxiAgent/artifacts/rust-tauri/R05/RR3/J-REVIEW-01/nonexistent-objects does not exist; check .git/objects/info/alternates
error: object directory /Users/study_superior/Desktop/Code/LingxiAgent/artifacts/rust-tauri/R05/RR3/J-REVIEW-01/nonexistent-objects does not exist; check .git/objects/info/alternates
error: refs/tags/v0.38.5: invalid sha1 pointer 6cf02196403cadc960e6761436d1cc82de5bbc0a
error: object directory /Users/study_superior/Desktop/Code/LingxiAgent/artifacts/rust-tauri/R05/RR3/J-REVIEW-01/nonexistent-objects does not exist; check .git/objects/info/alternates
error: object directory /Users/study_superior/Desktop/Code/LingxiAgent/artifacts/rust-tauri/R05/RR3/J-REVIEW-01/nonexistent-objects does not exist; check .git/objects/info/alternates
error: refs/tags/v0.38.6: invalid sha1 pointer 3a49a12666a4ab2a1b084bc70d3958c7391fcba7
error: object directory /Users/study_superior/Desktop/Code/LingxiAgent/artifacts/rust-tauri/R05/RR3/J-REVIEW-01/nonexistent-objects does not exist; check .git/objects/info/alternates
error: object directory /Users/study_superior/Desktop/Code/LingxiAgent/artifacts/rust-tauri/R05/RR3/J-REVIEW-01/nonexistent-objects does not exist; check .git/objects/info/alternates
error: refs/tags/v0.38.7: invalid sha1 pointer 20c7b76ed5c1ceba0d09182603d9a6cee6f930ee
error: object directory /Users/study_superior/Desktop/Code/LingxiAgent/artifacts/rust-tauri/R05/RR3/J-REVIEW-01/nonexistent-objects does not exist; check .git/objects/info/alternates
error: object directory /Users/study_superior/Desktop/Code/LingxiAgent/artifacts/rust-tauri/R05/RR3/J-REVIEW-01/nonexistent-objects does not exist; check .git/objects/info/alternates
error: refs/tags/v0.38.8: invalid sha1 pointer 8c3f78fe01b6b3a925ee969105e7dcad36fe687d
error: object directory /Users/study_superior/Desktop/Code/LingxiAgent/artifacts/rust-tauri/R05/RR3/J-REVIEW-01/nonexistent-objects does not exist; check .git/objects/info/alternates
error: object directory /Users/study_superior/Desktop/Code/LingxiAgent/artifacts/rust-tauri/R05/RR3/J-REVIEW-01/nonexistent-objects does not exist; check .git/objects/info/alternates
error: refs/tags/v0.38.9: invalid sha1 pointer b1b5bfeb9fff7f7617d4b2660a0b34b9727f82ca
error: object directory /Users/study_superior/Desktop/Code/LingxiAgent/artifacts/rust-tauri/R05/RR3/J-REVIEW-01/nonexistent-objects does not exist; check .git/objects/info/alternates
error: object directory /Users/study_superior/Desktop/Code/LingxiAgent/artifacts/rust-tauri/R05/RR3/J-REVIEW-01/nonexistent-objects does not exist; check .git/objects/info/alternates
error: refs/tags/v0.380.10: invalid sha1 pointer 7930f8670b6b01a4fed5edf6ff36a39481b45ddf
error: object directory /Users/study_superior/Desktop/Code/LingxiAgent/artifacts/rust-tauri/R05/RR3/J-REVIEW-01/nonexistent-objects does not exist; check .git/objects/info/alternates
error: object directory /Users/study_superior/Desktop/Code/LingxiAgent/artifacts/rust-tauri/R05/RR3/J-REVIEW-01/nonexistent-objects does not exist; check .git/objects/info/alternates
error: refs/tags/v0.380.4: invalid sha1 pointer bc824204e8f6df3988466a646031eec89406cf97
error: object directory /Users/study_superior/Desktop/Code/LingxiAgent/artifacts/rust-tauri/R05/RR3/J-REVIEW-01/nonexistent-objects does not exist; check .git/objects/info/alternates
error: object directory /Users/study_superior/Desktop/Code/LingxiAgent/artifacts/rust-tauri/R05/RR3/J-REVIEW-01/nonexistent-objects does not exist; check .git/objects/info/alternates
error: refs/tags/v0.380.6: invalid sha1 pointer ec761515fdc7f40c0dc17e977ff61a1b73c79631
error: object directory /Users/study_superior/Desktop/Code/LingxiAgent/artifacts/rust-tauri/R05/RR3/J-REVIEW-01/nonexistent-objects does not exist; check .git/objects/info/alternates
error: object directory /Users/study_superior/Desktop/Code/LingxiAgent/artifacts/rust-tauri/R05/RR3/J-REVIEW-01/nonexistent-objects does not exist; check .git/objects/info/alternates
error: refs/tags/v0.380.7: invalid sha1 pointer 1298d272829c22110715c645b4dd801ee317c380
error: object directory /Users/study_superior/Desktop/Code/LingxiAgent/artifacts/rust-tauri/R05/RR3/J-REVIEW-01/nonexistent-objects does not exist; check .git/objects/info/alternates
error: object directory /Users/study_superior/Desktop/Code/LingxiAgent/artifacts/rust-tauri/R05/RR3/J-REVIEW-01/nonexistent-objects does not exist; check .git/objects/info/alternates
error: refs/tags/v0.380.9: invalid sha1 pointer 5da650ead2c46c5cf9a40747e96423983f119254
error: object directory /Users/study_superior/Desktop/Code/LingxiAgent/artifacts/rust-tauri/R05/RR3/J-REVIEW-01/nonexistent-objects does not exist; check .git/objects/info/alternates
error: object directory /Users/study_superior/Desktop/Code/LingxiAgent/artifacts/rust-tauri/R05/RR3/J-REVIEW-01/nonexistent-objects does not exist; check .git/objects/info/alternates
error: refs/tags/v0.385.11: invalid sha1 pointer 9bfeaaa0f6fc724507cf1958d5e9dc0a4dfab7e9
error: object directory /Users/study_superior/Desktop/Code/LingxiAgent/artifacts/rust-tauri/R05/RR3/J-REVIEW-01/nonexistent-objects does not exist; check .git/objects/info/alternates
error: object directory /Users/study_superior/Desktop/Code/LingxiAgent/artifacts/rust-tauri/R05/RR3/J-REVIEW-01/nonexistent-objects does not exist; check .git/objects/info/alternates
error: refs/tags/v0.386.5: invalid sha1 pointer 1aa50490873b7862ee77692d7af55f6d8ff62432
error: object directory /Users/study_superior/Desktop/Code/LingxiAgent/artifacts/rust-tauri/R05/RR3/J-REVIEW-01/nonexistent-objects does not exist; check .git/objects/info/alternates
error: object directory /Users/study_superior/Desktop/Code/LingxiAgent/artifacts/rust-tauri/R05/RR3/J-REVIEW-01/nonexistent-objects does not exist; check .git/objects/info/alternates
error: refs/tags/v0.386.6: invalid sha1 pointer 1fd68bca5bbe400b272078a2cc6ed94386a8a5e7
error: object directory /Users/study_superior/Desktop/Code/LingxiAgent/artifacts/rust-tauri/R05/RR3/J-REVIEW-01/nonexistent-objects does not exist; check .git/objects/info/alternates
error: object directory /Users/study_superior/Desktop/Code/LingxiAgent/artifacts/rust-tauri/R05/RR3/J-REVIEW-01/nonexistent-objects does not exist; check .git/objects/info/alternates
error: refs/tags/v0.389.0: invalid sha1 pointer 0e9b6a98c4ce05d774b3a7fd5828e5afedd47614
error: object directory /Users/study_superior/Desktop/Code/LingxiAgent/artifacts/rust-tauri/R05/RR3/J-REVIEW-01/nonexistent-objects does not exist; check .git/objects/info/alternates
error: object directory /Users/study_superior/Desktop/Code/LingxiAgent/artifacts/rust-tauri/R05/RR3/J-REVIEW-01/nonexistent-objects does not exist; check .git/objects/info/alternates
error: refs/tags/v0.39.0: invalid sha1 pointer ba09a7e26f76ff532c617d9ac39952cab3cb47a5
error: object directory /Users/study_superior/Desktop/Code/LingxiAgent/artifacts/rust-tauri/R05/RR3/J-REVIEW-01/nonexistent-objects does not exist; check .git/objects/info/alternates
error: object directory /Users/study_superior/Desktop/Code/LingxiAgent/artifacts/rust-tauri/R05/RR3/J-REVIEW-01/nonexistent-objects does not exist; check .git/objects/info/alternates
error: refs/tags/v0.39.1: invalid sha1 pointer 7f5cce14429f50a888aca4200dad5173a82c46c5
error: object directory /Users/study_superior/Desktop/Code/LingxiAgent/artifacts/rust-tauri/R05/RR3/J-REVIEW-01/nonexistent-objects does not exist; check .git/objects/info/alternates
error: object directory /Users/study_superior/Desktop/Code/LingxiAgent/artifacts/rust-tauri/R05/RR3/J-REVIEW-01/nonexistent-objects does not exist; check .git/objects/info/alternates
error: refs/tags/v0.39.2: invalid sha1 pointer d8f89d055b8e917d5362e1f5284de98fbd87407d
error: object directory /Users/study_superior/Desktop/Code/LingxiAgent/artifacts/rust-tauri/R05/RR3/J-REVIEW-01/nonexistent-objects does not exist; check .git/objects/info/alternates
error: object directory /Users/study_superior/Desktop/Code/LingxiAgent/artifacts/rust-tauri/R05/RR3/J-REVIEW-01/nonexistent-objects does not exist; check .git/objects/info/alternates
error: refs/tags/v0.39.3: invalid sha1 pointer 89410df8ad34383aeb7c5e1c3b1644f494681663
error: object directory /Users/study_superior/Desktop/Code/LingxiAgent/artifacts/rust-tauri/R05/RR3/J-REVIEW-01/nonexistent-objects does not exist; check .git/objects/info/alternates
error: object directory /Users/study_superior/Desktop/Code/LingxiAgent/artifacts/rust-tauri/R05/RR3/J-REVIEW-01/nonexistent-objects does not exist; check .git/objects/info/alternates
error: refs/tags/v0.39.4: invalid sha1 pointer c735e50d659edc7e26743036a34c4e5178cb1c15
error: object directory /Users/study_superior/Desktop/Code/LingxiAgent/artifacts/rust-tauri/R05/RR3/J-REVIEW-01/nonexistent-objects does not exist; check .git/objects/info/alternates
error: object directory /Users/study_superior/Desktop/Code/LingxiAgent/artifacts/rust-tauri/R05/RR3/J-REVIEW-01/nonexistent-objects does not exist; check .git/objects/info/alternates
error: refs/tags/v0.39.5: invalid sha1 pointer 03e646cd00315de80f03a714e7bb5a750c06b584
error: object directory /Users/study_superior/Desktop/Code/LingxiAgent/artifacts/rust-tauri/R05/RR3/J-REVIEW-01/nonexistent-objects does not exist; check .git/objects/info/alternates
error: object directory /Users/study_superior/Desktop/Code/LingxiAgent/artifacts/rust-tauri/R05/RR3/J-REVIEW-01/nonexistent-objects does not exist; check .git/objects/info/alternates
error: refs/tags/v0.39.6: invalid sha1 pointer 546e4a3f792bfcd46f734f3d4cb2295256443b2c
error: object directory /Users/study_superior/Desktop/Code/LingxiAgent/artifacts/rust-tauri/R05/RR3/J-REVIEW-01/nonexistent-objects does not exist; check .git/objects/info/alternates
error: object directory /Users/study_superior/Desktop/Code/LingxiAgent/artifacts/rust-tauri/R05/RR3/J-REVIEW-01/nonexistent-objects does not exist; check .git/objects/info/alternates
error: refs/tags/v0.39.7: invalid sha1 pointer 361e9dbb89fab500cfb131cf6ff277936576b4f3
error: object directory /Users/study_superior/Desktop/Code/LingxiAgent/artifacts/rust-tauri/R05/RR3/J-REVIEW-01/nonexistent-objects does not exist; check .git/objects/info/alternates
error: object directory /Users/study_superior/Desktop/Code/LingxiAgent/artifacts/rust-tauri/R05/RR3/J-REVIEW-01/nonexistent-objects does not exist; check .git/objects/info/alternates
error: refs/tags/v0.39.8: invalid sha1 pointer b5dbd02f5135ed1fc187d82787b263838bf3292f
error: object directory /Users/study_superior/Desktop/Code/LingxiAgent/artifacts/rust-tauri/R05/RR3/J-REVIEW-01/nonexistent-objects does not exist; check .git/objects/info/alternates
error: object directory /Users/study_superior/Desktop/Code/LingxiAgent/artifacts/rust-tauri/R05/RR3/J-REVIEW-01/nonexistent-objects does not exist; check .git/objects/info/alternates
error: refs/tags/v0.39.9: invalid sha1 pointer 6151e79e066d5956154959ae755177d1be1f8830
error: object directory /Users/study_superior/Desktop/Code/LingxiAgent/artifacts/rust-tauri/R05/RR3/J-REVIEW-01/nonexistent-objects does not exist; check .git/objects/info/alternates
error: object directory /Users/study_superior/Desktop/Code/LingxiAgent/artifacts/rust-tauri/R05/RR3/J-REVIEW-01/nonexistent-objects does not exist; check .git/objects/info/alternates
error: refs/tags/v0.391.2: invalid sha1 pointer dd469125f161a5c1ee9a1e4700130f43adbd8ac4
error: object directory /Users/study_superior/Desktop/Code/LingxiAgent/artifacts/rust-tauri/R05/RR3/J-REVIEW-01/nonexistent-objects does not exist; check .git/objects/info/alternates
error: object directory /Users/study_superior/Desktop/Code/LingxiAgent/artifacts/rust-tauri/R05/RR3/J-REVIEW-01/nonexistent-objects does not exist; check .git/objects/info/alternates
error: refs/tags/v0.397.1: invalid sha1 pointer eac0f943343d41fdc9a9aa05dd584a712e2f0463
error: object directory /Users/study_superior/Desktop/Code/LingxiAgent/artifacts/rust-tauri/R05/RR3/J-REVIEW-01/nonexistent-objects does not exist; check .git/objects/info/alternates
error: object directory /Users/study_superior/Desktop/Code/LingxiAgent/artifacts/rust-tauri/R05/RR3/J-REVIEW-01/nonexistent-objects does not exist; check .git/objects/info/alternates
error: refs/tags/v0.397.15: invalid sha1 pointer a39edb3e1c63443aec66d43bff7e72bce591c94b
error: object directory /Users/study_superior/Desktop/Code/LingxiAgent/artifacts/rust-tauri/R05/RR3/J-REVIEW-01/nonexistent-objects does not exist; check .git/objects/info/alternates
error: object directory /Users/study_superior/Desktop/Code/LingxiAgent/artifacts/rust-tauri/R05/RR3/J-REVIEW-01/nonexistent-objects does not exist; check .git/objects/info/alternates
error: refs/tags/v0.40.0: invalid sha1 pointer ff3b68592c8d5b4137f38d1bd9f908353d90c3f3
error: object directory /Users/study_superior/Desktop/Code/LingxiAgent/artifacts/rust-tauri/R05/RR3/J-REVIEW-01/nonexistent-objects does not exist; check .git/objects/info/alternates
error: object directory /Users/study_superior/Desktop/Code/LingxiAgent/artifacts/rust-tauri/R05/RR3/J-REVIEW-01/nonexistent-objects does not exist; check .git/objects/info/alternates
error: refs/tags/v0.40.1: invalid sha1 pointer 1c655b90002097ac4c9f98aadabc861b4b131403
error: object directory /Users/study_superior/Desktop/Code/LingxiAgent/artifacts/rust-tauri/R05/RR3/J-REVIEW-01/nonexistent-objects does not exist; check .git/objects/info/alternates
error: object directory /Users/study_superior/Desktop/Code/LingxiAgent/artifacts/rust-tauri/R05/RR3/J-REVIEW-01/nonexistent-objects does not exist; check .git/objects/info/alternates
error: refs/tags/v0.40.2: invalid sha1 pointer 13a075b775203ed3695f562e0ecfa41e6bdb0026
error: object directory /Users/study_superior/Desktop/Code/LingxiAgent/artifacts/rust-tauri/R05/RR3/J-REVIEW-01/nonexistent-objects does not exist; check .git/objects/info/alternates
error: object directory /Users/study_superior/Desktop/Code/LingxiAgent/artifacts/rust-tauri/R05/RR3/J-REVIEW-01/nonexistent-objects does not exist; check .git/objects/info/alternates
error: refs/tags/v0.401.7: invalid sha1 pointer dd3e806b1dffcaa131533d03f1bb03d12b61f2f5
error: object directory /Users/study_superior/Desktop/Code/LingxiAgent/artifacts/rust-tauri/R05/RR3/J-REVIEW-01/nonexistent-objects does not exist; check .git/objects/info/alternates
error: object directory /Users/study_superior/Desktop/Code/LingxiAgent/artifacts/rust-tauri/R05/RR3/J-REVIEW-01/nonexistent-objects does not exist; check .git/objects/info/alternates
error: refs/tags/v0.401.8: invalid sha1 pointer c3a60700ae5536a12c6d58c74bbe90ff11c1d3f8
error: object directory /Users/study_superior/Desktop/Code/LingxiAgent/artifacts/rust-tauri/R05/RR3/J-REVIEW-01/nonexistent-objects does not exist; check .git/objects/info/alternates
error: object directory /Users/study_superior/Desktop/Code/LingxiAgent/artifacts/rust-tauri/R05/RR3/J-REVIEW-01/nonexistent-objects does not exist; check .git/objects/info/alternates
error: refs/tags/v0.403.0: invalid sha1 pointer 12f275bc47c5e7907792b11c48c83bc1087014e4
error: object directory /Users/study_superior/Desktop/Code/LingxiAgent/artifacts/rust-tauri/R05/RR3/J-REVIEW-01/nonexistent-objects does not exist; check .git/objects/info/alternates
error: object directory /Users/study_superior/Desktop/Code/LingxiAgent/artifacts/rust-tauri/R05/RR3/J-REVIEW-01/nonexistent-objects does not exist; check .git/objects/info/alternates
error: refs/tags/v0.407.15: invalid sha1 pointer ab8d508e3ca461dffa5f933bd343d1dc36f193ea
error: object directory /Users/study_superior/Desktop/Code/LingxiAgent/artifacts/rust-tauri/R05/RR3/J-REVIEW-01/nonexistent-objects does not exist; check .git/objects/info/alternates
error: object directory /Users/study_superior/Desktop/Code/LingxiAgent/artifacts/rust-tauri/R05/RR3/J-REVIEW-01/nonexistent-objects does not exist; check .git/objects/info/alternates
error: refs/tags/v0.407.3: invalid sha1 pointer 2b6fcbe0632fb72939139f0068fd5392fd888a6a
error: object directory /Users/study_superior/Desktop/Code/LingxiAgent/artifacts/rust-tauri/R05/RR3/J-REVIEW-01/nonexistent-objects does not exist; check .git/objects/info/alternates
error: object directory /Users/study_superior/Desktop/Code/LingxiAgent/artifacts/rust-tauri/R05/RR3/J-REVIEW-01/nonexistent-objects does not exist; check .git/objects/info/alternates
error: refs/tags/v0.407.8: invalid sha1 pointer 038cca3dad2241b6dabab5971d6918df74e6fb12
error: object directory /Users/study_superior/Desktop/Code/LingxiAgent/artifacts/rust-tauri/R05/RR3/J-REVIEW-01/nonexistent-objects does not exist; check .git/objects/info/alternates
error: object directory /Users/study_superior/Desktop/Code/LingxiAgent/artifacts/rust-tauri/R05/RR3/J-REVIEW-01/nonexistent-objects does not exist; check .git/objects/info/alternates
error: refs/tags/v0.41.0: invalid sha1 pointer 11d93c17da6677c549f6c61c51b4895a7d3f6d3c
error: object directory /Users/study_superior/Desktop/Code/LingxiAgent/artifacts/rust-tauri/R05/RR3/J-REVIEW-01/nonexistent-objects does not exist; check .git/objects/info/alternates
error: object directory /Users/study_superior/Desktop/Code/LingxiAgent/artifacts/rust-tauri/R05/RR3/J-REVIEW-01/nonexistent-objects does not exist; check .git/objects/info/alternates
error: refs/tags/v0.41.1: invalid sha1 pointer 387cb44178c7b23481788b35c7deaa7654d69e60
error: object directory /Users/study_superior/Desktop/Code/LingxiAgent/artifacts/rust-tauri/R05/RR3/J-REVIEW-01/nonexistent-objects does not exist; check .git/objects/info/alternates
error: object directory /Users/study_superior/Desktop/Code/LingxiAgent/artifacts/rust-tauri/R05/RR3/J-REVIEW-01/nonexistent-objects does not exist; check .git/objects/info/alternates
error: refs/tags/v0.41.2: invalid sha1 pointer 50483f1ce8161131a7a2c345be690653204c510b
error: object directory /Users/study_superior/Desktop/Code/LingxiAgent/artifacts/rust-tauri/R05/RR3/J-REVIEW-01/nonexistent-objects does not exist; check .git/objects/info/alternates
error: object directory /Users/study_superior/Desktop/Code/LingxiAgent/artifacts/rust-tauri/R05/RR3/J-REVIEW-01/nonexistent-objects does not exist; check .git/objects/info/alternates
error: refs/tags/v0.41.3: invalid sha1 pointer c7f8befe580f7619770a8df53add659b4bb61833
error: object directory /Users/study_superior/Desktop/Code/LingxiAgent/artifacts/rust-tauri/R05/RR3/J-REVIEW-01/nonexistent-objects does not exist; check .git/objects/info/alternates
error: object directory /Users/study_superior/Desktop/Code/LingxiAgent/artifacts/rust-tauri/R05/RR3/J-REVIEW-01/nonexistent-objects does not exist; check .git/objects/info/alternates
error: refs/tags/v0.41.4: invalid sha1 pointer ed5b5720ad4342e9087bea8ab80f4021fccf1eb8
error: object directory /Users/study_superior/Desktop/Code/LingxiAgent/artifacts/rust-tauri/R05/RR3/J-REVIEW-01/nonexistent-objects does not exist; check .git/objects/info/alternates
error: object directory /Users/study_superior/Desktop/Code/LingxiAgent/artifacts/rust-tauri/R05/RR3/J-REVIEW-01/nonexistent-objects does not exist; check .git/objects/info/alternates
error: refs/tags/v0.412.7: invalid sha1 pointer 9a5b8e9d84b46cecd7608dc664a1243ae3b15847
error: object directory /Users/study_superior/Desktop/Code/LingxiAgent/artifacts/rust-tauri/R05/RR3/J-REVIEW-01/nonexistent-objects does not exist; check .git/objects/info/alternates
error: object directory /Users/study_superior/Desktop/Code/LingxiAgent/artifacts/rust-tauri/R05/RR3/J-REVIEW-01/nonexistent-objects does not exist; check .git/objects/info/alternates
error: refs/tags/v0.415.15: invalid sha1 pointer 8a3cbbfc8f2d8ce1aa527c674d5e7018c7d55de5
error: object directory /Users/study_superior/Desktop/Code/LingxiAgent/artifacts/rust-tauri/R05/RR3/J-REVIEW-01/nonexistent-objects does not exist; check .git/objects/info/alternates
error: object directory /Users/study_superior/Desktop/Code/LingxiAgent/artifacts/rust-tauri/R05/RR3/J-REVIEW-01/nonexistent-objects does not exist; check .git/objects/info/alternates
error: refs/tags/v0.415.16: invalid sha1 pointer 4890f8b659305aa4e2761f199d5ed49d83b26bb3
error: object directory /Users/study_superior/Desktop/Code/LingxiAgent/artifacts/rust-tauri/R05/RR3/J-REVIEW-01/nonexistent-objects does not exist; check .git/objects/info/alternates
error: object directory /Users/study_superior/Desktop/Code/LingxiAgent/artifacts/rust-tauri/R05/RR3/J-REVIEW-01/nonexistent-objects does not exist; check .git/objects/info/alternates
error: refs/tags/v0.416.12: invalid sha1 pointer 248a4887f5776ae3ac9e4ae34eda990c19276336
error: object directory /Users/study_superior/Desktop/Code/LingxiAgent/artifacts/rust-tauri/R05/RR3/J-REVIEW-01/nonexistent-objects does not exist; check .git/objects/info/alternates
error: object directory /Users/study_superior/Desktop/Code/LingxiAgent/artifacts/rust-tauri/R05/RR3/J-REVIEW-01/nonexistent-objects does not exist; check .git/objects/info/alternates
error: refs/tags/v0.416.2: invalid sha1 pointer 0f81233738d779c8316e8726deede5c3c16a0c4d
error: object directory /Users/study_superior/Desktop/Code/LingxiAgent/artifacts/rust-tauri/R05/RR3/J-REVIEW-01/nonexistent-objects does not exist; check .git/objects/info/alternates
error: object directory /Users/study_superior/Desktop/Code/LingxiAgent/artifacts/rust-tauri/R05/RR3/J-REVIEW-01/nonexistent-objects does not exist; check .git/objects/info/alternates
error: refs/tags/v0.416.26: invalid sha1 pointer 849d2a5bf9651525196723a4acc6e8cc928b861a
error: object directory /Users/study_superior/Desktop/Code/LingxiAgent/artifacts/rust-tauri/R05/RR3/J-REVIEW-01/nonexistent-objects does not exist; check .git/objects/info/alternates
error: object directory /Users/study_superior/Desktop/Code/LingxiAgent/artifacts/rust-tauri/R05/RR3/J-REVIEW-01/nonexistent-objects does not exist; check .git/objects/info/alternates
error: refs/tags/v0.416.3: invalid sha1 pointer b6a40cccf6b505063137a04c8de048b7cea98024
error: object directory /Users/study_superior/Desktop/Code/LingxiAgent/artifacts/rust-tauri/R05/RR3/J-REVIEW-01/nonexistent-objects does not exist; check .git/objects/info/alternates
error: object directory /Users/study_superior/Desktop/Code/LingxiAgent/artifacts/rust-tauri/R05/RR3/J-REVIEW-01/nonexistent-objects does not exist; check .git/objects/info/alternates
error: refs/tags/v0.416.4: invalid sha1 pointer 06862a850a817191344324089b5e6dab24b2ccc2
error: object directory /Users/study_superior/Desktop/Code/LingxiAgent/artifacts/rust-tauri/R05/RR3/J-REVIEW-01/nonexistent-objects does not exist; check .git/objects/info/alternates
error: object directory /Users/study_superior/Desktop/Code/LingxiAgent/artifacts/rust-tauri/R05/RR3/J-REVIEW-01/nonexistent-objects does not exist; check .git/objects/info/alternates
error: refs/tags/v0.416.43: invalid sha1 pointer a02622da02cd2edc8397066c6cb6bc256f306b97
error: object directory /Users/study_superior/Desktop/Code/LingxiAgent/artifacts/rust-tauri/R05/RR3/J-REVIEW-01/nonexistent-objects does not exist; check .git/objects/info/alternates
error: object directory /Users/study_superior/Desktop/Code/LingxiAgent/artifacts/rust-tauri/R05/RR3/J-REVIEW-01/nonexistent-objects does not exist; check .git/objects/info/alternates
error: refs/tags/v0.416.44: invalid sha1 pointer 387704506dbdc86cac8a82d217d3385177791015
error: object directory /Users/study_superior/Desktop/Code/LingxiAgent/artifacts/rust-tauri/R05/RR3/J-REVIEW-01/nonexistent-objects does not exist; check .git/objects/info/alternates
error: object directory /Users/study_superior/Desktop/Code/LingxiAgent/artifacts/rust-tauri/R05/RR3/J-REVIEW-01/nonexistent-objects does not exist; check .git/objects/info/alternates
error: refs/tags/v0.416.51: invalid sha1 pointer ef8a6f700191c2486effd3761a4bd2b7f3ad774c
error: object directory /Users/study_superior/Desktop/Code/LingxiAgent/artifacts/rust-tauri/R05/RR3/J-REVIEW-01/nonexistent-objects does not exist; check .git/objects/info/alternates
error: object directory /Users/study_superior/Desktop/Code/LingxiAgent/artifacts/rust-tauri/R05/RR3/J-REVIEW-01/nonexistent-objects does not exist; check .git/objects/info/alternates
error: refs/tags/v0.421.24: invalid sha1 pointer e87769a070d12803247e5cc619dacf5814fe1f52
error: object directory /Users/study_superior/Desktop/Code/LingxiAgent/artifacts/rust-tauri/R05/RR3/J-REVIEW-01/nonexistent-objects does not exist; check .git/objects/info/alternates
error: object directory /Users/study_superior/Desktop/Code/LingxiAgent/artifacts/rust-tauri/R05/RR3/J-REVIEW-01/nonexistent-objects does not exist; check .git/objects/info/alternates
error: refs/tags/v0.43.0: invalid sha1 pointer 2f3371311f8cde6d196e79629c4f58adb72fd018
error: object directory /Users/study_superior/Desktop/Code/LingxiAgent/artifacts/rust-tauri/R05/RR3/J-REVIEW-01/nonexistent-objects does not exist; check .git/objects/info/alternates
error: object directory /Users/study_superior/Desktop/Code/LingxiAgent/artifacts/rust-tauri/R05/RR3/J-REVIEW-01/nonexistent-objects does not exist; check .git/objects/info/alternates
error: refs/tags/v0.43.1: invalid sha1 pointer 0d7f7938f0de6b01709af2398a30905d8e847108
error: object directory /Users/study_superior/Desktop/Code/LingxiAgent/artifacts/rust-tauri/R05/RR3/J-REVIEW-01/nonexistent-objects does not exist; check .git/objects/info/alternates
error: object directory /Users/study_superior/Desktop/Code/LingxiAgent/artifacts/rust-tauri/R05/RR3/J-REVIEW-01/nonexistent-objects does not exist; check .git/objects/info/alternates
error: refs/tags/v0.43.2: invalid sha1 pointer 31f98c64f0e67c9f7476a3f31004985b4c13f2a6
error: object directory /Users/study_superior/Desktop/Code/LingxiAgent/artifacts/rust-tauri/R05/RR3/J-REVIEW-01/nonexistent-objects does not exist; check .git/objects/info/alternates
error: object directory /Users/study_superior/Desktop/Code/LingxiAgent/artifacts/rust-tauri/R05/RR3/J-REVIEW-01/nonexistent-objects does not exist; check .git/objects/info/alternates
error: refs/tags/v0.433.1: invalid sha1 pointer 427821a3c27a03e84370b285065d5fd9d56ddf98
error: object directory /Users/study_superior/Desktop/Code/LingxiAgent/artifacts/rust-tauri/R05/RR3/J-REVIEW-01/nonexistent-objects does not exist; check .git/objects/info/alternates
error: object directory /Users/study_superior/Desktop/Code/LingxiAgent/artifacts/rust-tauri/R05/RR3/J-REVIEW-01/nonexistent-objects does not exist; check .git/objects/info/alternates
error: refs/tags/v0.441.3: invalid sha1 pointer f4f1b00282ea4e32ee8f64c71c1a57012c7b052a
error: object directory /Users/study_superior/Desktop/Code/LingxiAgent/artifacts/rust-tauri/R05/RR3/J-REVIEW-01/nonexistent-objects does not exist; check .git/objects/info/alternates
error: object directory /Users/study_superior/Desktop/Code/LingxiAgent/artifacts/rust-tauri/R05/RR3/J-REVIEW-01/nonexistent-objects does not exist; check .git/objects/info/alternates
error: refs/tags/v0.441.32: invalid sha1 pointer 1558220440fefcb89482bea61e71789d02c34df1
error: object directory /Users/study_superior/Desktop/Code/LingxiAgent/artifacts/rust-tauri/R05/RR3/J-REVIEW-01/nonexistent-objects does not exist; check .git/objects/info/alternates
error: object directory /Users/study_superior/Desktop/Code/LingxiAgent/artifacts/rust-tauri/R05/RR3/J-REVIEW-01/nonexistent-objects does not exist; check .git/objects/info/alternates
error: refs/tags/v0.442.0: invalid sha1 pointer 507520f37ebf6bbce824c9750ff68d61da5916c3
error: object directory /Users/study_superior/Desktop/Code/LingxiAgent/artifacts/rust-tauri/R05/RR3/J-REVIEW-01/nonexistent-objects does not exist; check .git/objects/info/alternates
error: object directory /Users/study_superior/Desktop/Code/LingxiAgent/artifacts/rust-tauri/R05/RR3/J-REVIEW-01/nonexistent-objects does not exist; check .git/objects/info/alternates
error: refs/tags/v0.443.46: invalid sha1 pointer 262d385c7fb53217c4c8a7de9817efeef9c1bf4b
error: object directory /Users/study_superior/Desktop/Code/LingxiAgent/artifacts/rust-tauri/R05/RR3/J-REVIEW-01/nonexistent-objects does not exist; check .git/objects/info/alternates
error: object directory /Users/study_superior/Desktop/Code/LingxiAgent/artifacts/rust-tauri/R05/RR3/J-REVIEW-01/nonexistent-objects does not exist; check .git/objects/info/alternates
error: refs/tags/v0.443.54: invalid sha1 pointer 4cfdb13fba5356d6d0e03e89b64991de426e9ba8
error: object directory /Users/study_superior/Desktop/Code/LingxiAgent/artifacts/rust-tauri/R05/RR3/J-REVIEW-01/nonexistent-objects does not exist; check .git/objects/info/alternates
error: object directory /Users/study_superior/Desktop/Code/LingxiAgent/artifacts/rust-tauri/R05/RR3/J-REVIEW-01/nonexistent-objects does not exist; check .git/objects/info/alternates
error: refs/tags/v0.444.1: invalid sha1 pointer cc19cb49b0786d61ed723764e0a83baf87887270
error: object directory /Users/study_superior/Desktop/Code/LingxiAgent/artifacts/rust-tauri/R05/RR3/J-REVIEW-01/nonexistent-objects does not exist; check .git/objects/info/alternates
error: object directory /Users/study_superior/Desktop/Code/LingxiAgent/artifacts/rust-tauri/R05/RR3/J-REVIEW-01/nonexistent-objects does not exist; check .git/objects/info/alternates
error: refs/tags/v0.446.6: invalid sha1 pointer 5f08a4f30203abb61dafac7dbb7ab92d11c23efa
error: object directory /Users/study_superior/Desktop/Code/LingxiAgent/artifacts/rust-tauri/R05/RR3/J-REVIEW-01/nonexistent-objects does not exist; check .git/objects/info/alternates
error: object directory /Users/study_superior/Desktop/Code/LingxiAgent/artifacts/rust-tauri/R05/RR3/J-REVIEW-01/nonexistent-objects does not exist; check .git/objects/info/alternates
error: refs/tags/v0.447.4: invalid sha1 pointer c6d0405294be67cb134c2758f6472748ee73e2be
error: object directory /Users/study_superior/Desktop/Code/LingxiAgent/artifacts/rust-tauri/R05/RR3/J-REVIEW-01/nonexistent-objects does not exist; check .git/objects/info/alternates
error: object directory /Users/study_superior/Desktop/Code/LingxiAgent/artifacts/rust-tauri/R05/RR3/J-REVIEW-01/nonexistent-objects does not exist; check .git/objects/info/alternates
error: refs/tags/v0.448.1: invalid sha1 pointer be7f2e0ffa5361dc2f1c13eb8b84cc98cc8172fa
error: object directory /Users/study_superior/Desktop/Code/LingxiAgent/artifacts/rust-tauri/R05/RR3/J-REVIEW-01/nonexistent-objects does not exist; check .git/objects/info/alternates
error: object directory /Users/study_superior/Desktop/Code/LingxiAgent/artifacts/rust-tauri/R05/RR3/J-REVIEW-01/nonexistent-objects does not exist; check .git/objects/info/alternates
error: refs/tags/v0.448.2: invalid sha1 pointer 534224022ff3a49f935d800d94ce281a9e9af887
error: object directory /Users/study_superior/Desktop/Code/LingxiAgent/artifacts/rust-tauri/R05/RR3/J-REVIEW-01/nonexistent-objects does not exist; check .git/objects/info/alternates
error: object directory /Users/study_superior/Desktop/Code/LingxiAgent/artifacts/rust-tauri/R05/RR3/J-REVIEW-01/nonexistent-objects does not exist; check .git/objects/info/alternates
error: refs/tags/v0.448.3: invalid sha1 pointer a1cff2d9064d072b41314a23e1ea38df47bf19b9
error: object directory /Users/study_superior/Desktop/Code/LingxiAgent/artifacts/rust-tauri/R05/RR3/J-REVIEW-01/nonexistent-objects does not exist; check .git/objects/info/alternates
error: object directory /Users/study_superior/Desktop/Code/LingxiAgent/artifacts/rust-tauri/R05/RR3/J-REVIEW-01/nonexistent-objects does not exist; check .git/objects/info/alternates
error: refs/tags/v0.449.0: invalid sha1 pointer b348cf1b994fefe75dc94065bfbae78be15d25de
error: object directory /Users/study_superior/Desktop/Code/LingxiAgent/artifacts/rust-tauri/R05/RR3/J-REVIEW-01/nonexistent-objects does not exist; check .git/objects/info/alternates
error: object directory /Users/study_superior/Desktop/Code/LingxiAgent/artifacts/rust-tauri/R05/RR3/J-REVIEW-01/nonexistent-objects does not exist; check .git/objects/info/alternates
error: refs/tags/v0.450.0: invalid sha1 pointer de7076cf7d594b5fd7723c34752ffaa2ac0e0e6f
error: object directory /Users/study_superior/Desktop/Code/LingxiAgent/artifacts/rust-tauri/R05/RR3/J-REVIEW-01/nonexistent-objects does not exist; check .git/objects/info/alternates
error: object directory /Users/study_superior/Desktop/Code/LingxiAgent/artifacts/rust-tauri/R05/RR3/J-REVIEW-01/nonexistent-objects does not exist; check .git/objects/info/alternates
error: refs/tags/v0.48.1: invalid sha1 pointer 3221c286fa24ba53cdd6f0cd5262b91c6251f545
error: object directory /Users/study_superior/Desktop/Code/LingxiAgent/artifacts/rust-tauri/R05/RR3/J-REVIEW-01/nonexistent-objects does not exist; check .git/objects/info/alternates
error: object directory /Users/study_superior/Desktop/Code/LingxiAgent/artifacts/rust-tauri/R05/RR3/J-REVIEW-01/nonexistent-objects does not exist; check .git/objects/info/alternates
error: refs/tags/v0.48.2: invalid sha1 pointer 7780fe866f81dd4e9a975f5cbdcc6dd7c4253229
error: object directory /Users/study_superior/Desktop/Code/LingxiAgent/artifacts/rust-tauri/R05/RR3/J-REVIEW-01/nonexistent-objects does not exist; check .git/objects/info/alternates
error: object directory /Users/study_superior/Desktop/Code/LingxiAgent/artifacts/rust-tauri/R05/RR3/J-REVIEW-01/nonexistent-objects does not exist; check .git/objects/info/alternates
error: refs/tags/v0.48.3: invalid sha1 pointer 8559c8d56bcbc920d7c81ce13a8dcbd00270ae0c
error: object directory /Users/study_superior/Desktop/Code/LingxiAgent/artifacts/rust-tauri/R05/RR3/J-REVIEW-01/nonexistent-objects does not exist; check .git/objects/info/alternates
error: object directory /Users/study_superior/Desktop/Code/LingxiAgent/artifacts/rust-tauri/R05/RR3/J-REVIEW-01/nonexistent-objects does not exist; check .git/objects/info/alternates
error: refs/tags/v0.49.0: invalid sha1 pointer b177be61c5ac0dffeed8ab309f89e1e1465589de
error: object directory /Users/study_superior/Desktop/Code/LingxiAgent/artifacts/rust-tauri/R05/RR3/J-REVIEW-01/nonexistent-objects does not exist; check .git/objects/info/alternates
error: object directory /Users/study_superior/Desktop/Code/LingxiAgent/artifacts/rust-tauri/R05/RR3/J-REVIEW-01/nonexistent-objects does not exist; check .git/objects/info/alternates
error: refs/tags/v0.49.1: invalid sha1 pointer 68a4e12e8db2efcf50cf2375eb6a7629f22d7190
error: object directory /Users/study_superior/Desktop/Code/LingxiAgent/artifacts/rust-tauri/R05/RR3/J-REVIEW-01/nonexistent-objects does not exist; check .git/objects/info/alternates
error: object directory /Users/study_superior/Desktop/Code/LingxiAgent/artifacts/rust-tauri/R05/RR3/J-REVIEW-01/nonexistent-objects does not exist; check .git/objects/info/alternates
error: refs/tags/v0.49.2: invalid sha1 pointer 2164813a4f8a0bb2f3e58ad25d16b324335e5365
error: object directory /Users/study_superior/Desktop/Code/LingxiAgent/artifacts/rust-tauri/R05/RR3/J-REVIEW-01/nonexistent-objects does not exist; check .git/objects/info/alternates
error: object directory /Users/study_superior/Desktop/Code/LingxiAgent/artifacts/rust-tauri/R05/RR3/J-REVIEW-01/nonexistent-objects does not exist; check .git/objects/info/alternates
error: refs/tags/v0.50.0: invalid sha1 pointer b2bd4cc22baa76667e811a014fd9f277cc910e08
error: object directory /Users/study_superior/Desktop/Code/LingxiAgent/artifacts/rust-tauri/R05/RR3/J-REVIEW-01/nonexistent-objects does not exist; check .git/objects/info/alternates
error: object directory /Users/study_superior/Desktop/Code/LingxiAgent/artifacts/rust-tauri/R05/RR3/J-REVIEW-01/nonexistent-objects does not exist; check .git/objects/info/alternates
error: refs/tags/v0.51.0: invalid sha1 pointer 9e145c5ed6aef7c76609648345b795ed73338b68
error: object directory /Users/study_superior/Desktop/Code/LingxiAgent/artifacts/rust-tauri/R05/RR3/J-REVIEW-01/nonexistent-objects does not exist; check .git/objects/info/alternates
error: object directory /Users/study_superior/Desktop/Code/LingxiAgent/artifacts/rust-tauri/R05/RR3/J-REVIEW-01/nonexistent-objects does not exist; check .git/objects/info/alternates
error: refs/tags/v0.51.1: invalid sha1 pointer 4fde3d49c95d605bc80fd6b334777161d5748536
error: object directory /Users/study_superior/Desktop/Code/LingxiAgent/artifacts/rust-tauri/R05/RR3/J-REVIEW-01/nonexistent-objects does not exist; check .git/objects/info/alternates
error: object directory /Users/study_superior/Desktop/Code/LingxiAgent/artifacts/rust-tauri/R05/RR3/J-REVIEW-01/nonexistent-objects does not exist; check .git/objects/info/alternates
error: refs/tags/v0.52.0: invalid sha1 pointer a947ac7aa9a15ce2f378fa020c9b52822e0a5ee3
error: object directory /Users/study_superior/Desktop/Code/LingxiAgent/artifacts/rust-tauri/R05/RR3/J-REVIEW-01/nonexistent-objects does not exist; check .git/objects/info/alternates
error: object directory /Users/study_superior/Desktop/Code/LingxiAgent/artifacts/rust-tauri/R05/RR3/J-REVIEW-01/nonexistent-objects does not exist; check .git/objects/info/alternates
error: refs/tags/v0.52.1: invalid sha1 pointer 67ed31ca45ce1f19206e542118eaa3aaea1eec0d
error: object directory /Users/study_superior/Desktop/Code/LingxiAgent/artifacts/rust-tauri/R05/RR3/J-REVIEW-01/nonexistent-objects does not exist; check .git/objects/info/alternates
error: object directory /Users/study_superior/Desktop/Code/LingxiAgent/artifacts/rust-tauri/R05/RR3/J-REVIEW-01/nonexistent-objects does not exist; check .git/objects/info/alternates
error: refs/tags/v0.52.2: invalid sha1 pointer 84774c0f26bd5c24e711b215f7c243fd20be7055
error: object directory /Users/study_superior/Desktop/Code/LingxiAgent/artifacts/rust-tauri/R05/RR3/J-REVIEW-01/nonexistent-objects does not exist; check .git/objects/info/alternates
error: object directory /Users/study_superior/Desktop/Code/LingxiAgent/artifacts/rust-tauri/R05/RR3/J-REVIEW-01/nonexistent-objects does not exist; check .git/objects/info/alternates
error: refs/tags/v0.53.0: invalid sha1 pointer 09c9f7caa6dbc421694342f63ad617951fcef6bd
error: object directory /Users/study_superior/Desktop/Code/LingxiAgent/artifacts/rust-tauri/R05/RR3/J-REVIEW-01/nonexistent-objects does not exist; check .git/objects/info/alternates
error: object directory /Users/study_superior/Desktop/Code/LingxiAgent/artifacts/rust-tauri/R05/RR3/J-REVIEW-01/nonexistent-objects does not exist; check .git/objects/info/alternates
error: refs/tags/v0.53.1: invalid sha1 pointer 2dcf24b26ae3c38a8ec0f6148e2f65aa65974a1c
error: object directory /Users/study_superior/Desktop/Code/LingxiAgent/artifacts/rust-tauri/R05/RR3/J-REVIEW-01/nonexistent-objects does not exist; check .git/objects/info/alternates
error: object directory /Users/study_superior/Desktop/Code/LingxiAgent/artifacts/rust-tauri/R05/RR3/J-REVIEW-01/nonexistent-objects does not exist; check .git/objects/info/alternates
error: refs/tags/v0.53.2: invalid sha1 pointer 349846a7a5ead26a6044916f5eb6de09138ae1e7
error: object directory /Users/study_superior/Desktop/Code/LingxiAgent/artifacts/rust-tauri/R05/RR3/J-REVIEW-01/nonexistent-objects does not exist; check .git/objects/info/alternates
error: object directory /Users/study_superior/Desktop/Code/LingxiAgent/artifacts/rust-tauri/R05/RR3/J-REVIEW-01/nonexistent-objects does not exist; check .git/objects/info/alternates
error: refs/tags/v0.54.0: invalid sha1 pointer 3c09402187239aef52220b761433b1891c64fd93
error: object directory /Users/study_superior/Desktop/Code/LingxiAgent/artifacts/rust-tauri/R05/RR3/J-REVIEW-01/nonexistent-objects does not exist; check .git/objects/info/alternates
error: object directory /Users/study_superior/Desktop/Code/LingxiAgent/artifacts/rust-tauri/R05/RR3/J-REVIEW-01/nonexistent-objects does not exist; check .git/objects/info/alternates
error: refs/tags/v0.54.2: invalid sha1 pointer 54a9bf1a4c86c16d4317f65680d37428f1913692
error: object directory /Users/study_superior/Desktop/Code/LingxiAgent/artifacts/rust-tauri/R05/RR3/J-REVIEW-01/nonexistent-objects does not exist; check .git/objects/info/alternates
error: object directory /Users/study_superior/Desktop/Code/LingxiAgent/artifacts/rust-tauri/R05/RR3/J-REVIEW-01/nonexistent-objects does not exist; check .git/objects/info/alternates
error: refs/tags/v0.55.0: invalid sha1 pointer 08d202d19a07c8a45726a36df1cb579033911338
error: object directory /Users/study_superior/Desktop/Code/LingxiAgent/artifacts/rust-tauri/R05/RR3/J-REVIEW-01/nonexistent-objects does not exist; check .git/objects/info/alternates
error: object directory /Users/study_superior/Desktop/Code/LingxiAgent/artifacts/rust-tauri/R05/RR3/J-REVIEW-01/nonexistent-objects does not exist; check .git/objects/info/alternates
error: refs/tags/v0.55.1: invalid sha1 pointer d39b3db1f9ad80774f407e0b0b9982ae4f88ff65
error: object directory /Users/study_superior/Desktop/Code/LingxiAgent/artifacts/rust-tauri/R05/RR3/J-REVIEW-01/nonexistent-objects does not exist; check .git/objects/info/alternates
error: object directory /Users/study_superior/Desktop/Code/LingxiAgent/artifacts/rust-tauri/R05/RR3/J-REVIEW-01/nonexistent-objects does not exist; check .git/objects/info/alternates
error: refs/tags/v0.55.2: invalid sha1 pointer ac36c366253ef2dd7f5fb456c5ab9b864836f37d
error: object directory /Users/study_superior/Desktop/Code/LingxiAgent/artifacts/rust-tauri/R05/RR3/J-REVIEW-01/nonexistent-objects does not exist; check .git/objects/info/alternates
error: object directory /Users/study_superior/Desktop/Code/LingxiAgent/artifacts/rust-tauri/R05/RR3/J-REVIEW-01/nonexistent-objects does not exist; check .git/objects/info/alternates
error: refs/tags/v0.55.3: invalid sha1 pointer 0ade24655f7495681280f292a593704c550d888b
error: object directory /Users/study_superior/Desktop/Code/LingxiAgent/artifacts/rust-tauri/R05/RR3/J-REVIEW-01/nonexistent-objects does not exist; check .git/objects/info/alternates
error: object directory /Users/study_superior/Desktop/Code/LingxiAgent/artifacts/rust-tauri/R05/RR3/J-REVIEW-01/nonexistent-objects does not exist; check .git/objects/info/alternates
error: refs/tags/v0.55.4: invalid sha1 pointer 16054a202e260fe4ca5e07b7cd1e66a6b4a8f259
error: object directory /Users/study_superior/Desktop/Code/LingxiAgent/artifacts/rust-tauri/R05/RR3/J-REVIEW-01/nonexistent-objects does not exist; check .git/objects/info/alternates
error: object directory /Users/study_superior/Desktop/Code/LingxiAgent/artifacts/rust-tauri/R05/RR3/J-REVIEW-01/nonexistent-objects does not exist; check .git/objects/info/alternates
error: refs/tags/v0.55.5: invalid sha1 pointer 5bbd64f7dc57f32442ac124088364e22be72340e
error: object directory /Users/study_superior/Desktop/Code/LingxiAgent/artifacts/rust-tauri/R05/RR3/J-REVIEW-01/nonexistent-objects does not exist; check .git/objects/info/alternates
error: object directory /Users/study_superior/Desktop/Code/LingxiAgent/artifacts/rust-tauri/R05/RR3/J-REVIEW-01/nonexistent-objects does not exist; check .git/objects/info/alternates
error: refs/tags/v0.56.0: invalid sha1 pointer 1add11ffc28d2269888cd553794565955062dfa4
error: object directory /Users/study_superior/Desktop/Code/LingxiAgent/artifacts/rust-tauri/R05/RR3/J-REVIEW-01/nonexistent-objects does not exist; check .git/objects/info/alternates
error: object directory /Users/study_superior/Desktop/Code/LingxiAgent/artifacts/rust-tauri/R05/RR3/J-REVIEW-01/nonexistent-objects does not exist; check .git/objects/info/alternates
error: refs/tags/v0.57.0: invalid sha1 pointer 803aed2007b6aebfe67c4cb64cdb5a63f337cbcf
error: object directory /Users/study_superior/Desktop/Code/LingxiAgent/artifacts/rust-tauri/R05/RR3/J-REVIEW-01/nonexistent-objects does not exist; check .git/objects/info/alternates
error: object directory /Users/study_superior/Desktop/Code/LingxiAgent/artifacts/rust-tauri/R05/RR3/J-REVIEW-01/nonexistent-objects does not exist; check .git/objects/info/alternates
error: refs/tags/v0.58.0: invalid sha1 pointer b2829f75d547943d049745e1b94e9baf8ba66b28
error: object directory /Users/study_superior/Desktop/Code/LingxiAgent/artifacts/rust-tauri/R05/RR3/J-REVIEW-01/nonexistent-objects does not exist; check .git/objects/info/alternates
error: object directory /Users/study_superior/Desktop/Code/LingxiAgent/artifacts/rust-tauri/R05/RR3/J-REVIEW-01/nonexistent-objects does not exist; check .git/objects/info/alternates
error: refs/tags/v0.58.2: invalid sha1 pointer 017a2d5153fb375ee6a9c69b87e4d31ed82a6066
error: object directory /Users/study_superior/Desktop/Code/LingxiAgent/artifacts/rust-tauri/R05/RR3/J-REVIEW-01/nonexistent-objects does not exist; check .git/objects/info/alternates
error: object directory /Users/study_superior/Desktop/Code/LingxiAgent/artifacts/rust-tauri/R05/RR3/J-REVIEW-01/nonexistent-objects does not exist; check .git/objects/info/alternates
error: refs/tags/v0.59.0: invalid sha1 pointer 466451d161b0a419f1fc4ac2929d2822d822ba8b
error: object directory /Users/study_superior/Desktop/Code/LingxiAgent/artifacts/rust-tauri/R05/RR3/J-REVIEW-01/nonexistent-objects does not exist; check .git/objects/info/alternates
error: object directory /Users/study_superior/Desktop/Code/LingxiAgent/artifacts/rust-tauri/R05/RR3/J-REVIEW-01/nonexistent-objects does not exist; check .git/objects/info/alternates
error: refs/tags/v0.59.1: invalid sha1 pointer d543d18284b83dd8796d982a7f8ba97ea8be28e5
error: object directory /Users/study_superior/Desktop/Code/LingxiAgent/artifacts/rust-tauri/R05/RR3/J-REVIEW-01/nonexistent-objects does not exist; check .git/objects/info/alternates
error: object directory /Users/study_superior/Desktop/Code/LingxiAgent/artifacts/rust-tauri/R05/RR3/J-REVIEW-01/nonexistent-objects does not exist; check .git/objects/info/alternates
error: refs/tags/v0.59.2: invalid sha1 pointer 2ecc7b5fcb4ecdd098a5acde100b7c1750387cf4
error: object directory /Users/study_superior/Desktop/Code/LingxiAgent/artifacts/rust-tauri/R05/RR3/J-REVIEW-01/nonexistent-objects does not exist; check .git/objects/info/alternates
error: object directory /Users/study_superior/Desktop/Code/LingxiAgent/artifacts/rust-tauri/R05/RR3/J-REVIEW-01/nonexistent-objects does not exist; check .git/objects/info/alternates
error: refs/tags/v0.59.3: invalid sha1 pointer 8f0b1124ea82111afac5c7e47200795b6bdad194
error: object directory /Users/study_superior/Desktop/Code/LingxiAgent/artifacts/rust-tauri/R05/RR3/J-REVIEW-01/nonexistent-objects does not exist; check .git/objects/info/alternates
error: object directory /Users/study_superior/Desktop/Code/LingxiAgent/artifacts/rust-tauri/R05/RR3/J-REVIEW-01/nonexistent-objects does not exist; check .git/objects/info/alternates
error: refs/tags/v0.59.5: invalid sha1 pointer 3757d0fb6f9f68f78d326d07912002d37eb1a814
error: object directory /Users/study_superior/Desktop/Code/LingxiAgent/artifacts/rust-tauri/R05/RR3/J-REVIEW-01/nonexistent-objects does not exist; check .git/objects/info/alternates
error: object directory /Users/study_superior/Desktop/Code/LingxiAgent/artifacts/rust-tauri/R05/RR3/J-REVIEW-01/nonexistent-objects does not exist; check .git/objects/info/alternates
error: refs/tags/v0.59.6: invalid sha1 pointer 9611897d7ed791671d4c4090e04587592cb574ca
error: object directory /Users/study_superior/Desktop/Code/LingxiAgent/artifacts/rust-tauri/R05/RR3/J-REVIEW-01/nonexistent-objects does not exist; check .git/objects/info/alternates
error: object directory /Users/study_superior/Desktop/Code/LingxiAgent/artifacts/rust-tauri/R05/RR3/J-REVIEW-01/nonexistent-objects does not exist; check .git/objects/info/alternates
error: refs/tags/v0.61.0: invalid sha1 pointer 7b7a9ae31b38d6d1a23a63bfc9cac8f80ad7a4c3
error: object directory /Users/study_superior/Desktop/Code/LingxiAgent/artifacts/rust-tauri/R05/RR3/J-REVIEW-01/nonexistent-objects does not exist; check .git/objects/info/alternates
error: object directory /Users/study_superior/Desktop/Code/LingxiAgent/artifacts/rust-tauri/R05/RR3/J-REVIEW-01/nonexistent-objects does not exist; check .git/objects/info/alternates
error: refs/tags/v0.61.1: invalid sha1 pointer 4b0e0b36331ccabdeb7ce0096799f2683dc71ee2
error: object directory /Users/study_superior/Desktop/Code/LingxiAgent/artifacts/rust-tauri/R05/RR3/J-REVIEW-01/nonexistent-objects does not exist; check .git/objects/info/alternates
error: object directory /Users/study_superior/Desktop/Code/LingxiAgent/artifacts/rust-tauri/R05/RR3/J-REVIEW-01/nonexistent-objects does not exist; check .git/objects/info/alternates
error: refs/tags/v0.61.2: invalid sha1 pointer cddacb53c2c384304527cda432446ca5100fc16e
error: object directory /Users/study_superior/Desktop/Code/LingxiAgent/artifacts/rust-tauri/R05/RR3/J-REVIEW-01/nonexistent-objects does not exist; check .git/objects/info/alternates
error: object directory /Users/study_superior/Desktop/Code/LingxiAgent/artifacts/rust-tauri/R05/RR3/J-REVIEW-01/nonexistent-objects does not exist; check .git/objects/info/alternates
error: refs/tags/v0.61.3: invalid sha1 pointer 78bf710f1abc3f6d5f51163ea7d28405b36cd482
error: object directory /Users/study_superior/Desktop/Code/LingxiAgent/artifacts/rust-tauri/R05/RR3/J-REVIEW-01/nonexistent-objects does not exist; check .git/objects/info/alternates
error: object directory /Users/study_superior/Desktop/Code/LingxiAgent/artifacts/rust-tauri/R05/RR3/J-REVIEW-01/nonexistent-objects does not exist; check .git/objects/info/alternates
error: refs/tags/v0.62.0: invalid sha1 pointer 0342b2755468b87caf2945f8af29e2c30dc9c782
error: object directory /Users/study_superior/Desktop/Code/LingxiAgent/artifacts/rust-tauri/R05/RR3/J-REVIEW-01/nonexistent-objects does not exist; check .git/objects/info/alternates
error: object directory /Users/study_superior/Desktop/Code/LingxiAgent/artifacts/rust-tauri/R05/RR3/J-REVIEW-01/nonexistent-objects does not exist; check .git/objects/info/alternates
error: refs/tags/v0.62.1: invalid sha1 pointer 5af1fc726d9a0e32ef4719cabd10a56ed2ea543a
error: object directory /Users/study_superior/Desktop/Code/LingxiAgent/artifacts/rust-tauri/R05/RR3/J-REVIEW-01/nonexistent-objects does not exist; check .git/objects/info/alternates
error: object directory /Users/study_superior/Desktop/Code/LingxiAgent/artifacts/rust-tauri/R05/RR3/J-REVIEW-01/nonexistent-objects does not exist; check .git/objects/info/alternates
error: refs/tags/v0.62.2: invalid sha1 pointer 4aa1f13a2371f60b5525b13182511492ff5347f2
error: object directory /Users/study_superior/Desktop/Code/LingxiAgent/artifacts/rust-tauri/R05/RR3/J-REVIEW-01/nonexistent-objects does not exist; check .git/objects/info/alternates
error: object directory /Users/study_superior/Desktop/Code/LingxiAgent/artifacts/rust-tauri/R05/RR3/J-REVIEW-01/nonexistent-objects does not exist; check .git/objects/info/alternates
error: refs/tags/v0.63.0: invalid sha1 pointer 223de11778da193b968c72f9e7d5863ce53b33a4
error: object directory /Users/study_superior/Desktop/Code/LingxiAgent/artifacts/rust-tauri/R05/RR3/J-REVIEW-01/nonexistent-objects does not exist; check .git/objects/info/alternates
error: object directory /Users/study_superior/Desktop/Code/LingxiAgent/artifacts/rust-tauri/R05/RR3/J-REVIEW-01/nonexistent-objects does not exist; check .git/objects/info/alternates
error: refs/tags/v0.63.1: invalid sha1 pointer 83ac41b0ce31eb7ff14612269d3ffd00444f9517
error: object directory /Users/study_superior/Desktop/Code/LingxiAgent/artifacts/rust-tauri/R05/RR3/J-REVIEW-01/nonexistent-objects does not exist; check .git/objects/info/alternates
error: object directory /Users/study_superior/Desktop/Code/LingxiAgent/artifacts/rust-tauri/R05/RR3/J-REVIEW-01/nonexistent-objects does not exist; check .git/objects/info/alternates
error: refs/tags/v0.63.2: invalid sha1 pointer 648c8703df008b94b755544050819645dbbbc500
error: object directory /Users/study_superior/Desktop/Code/LingxiAgent/artifacts/rust-tauri/R05/RR3/J-REVIEW-01/nonexistent-objects does not exist; check .git/objects/info/alternates
error: object directory /Users/study_superior/Desktop/Code/LingxiAgent/artifacts/rust-tauri/R05/RR3/J-REVIEW-01/nonexistent-objects does not exist; check .git/objects/info/alternates
error: refs/tags/v0.63.3: invalid sha1 pointer 1f2487f2e9a33cc8e83dfbe03b4a4fbedfe24158
error: object directory /Users/study_superior/Desktop/Code/LingxiAgent/artifacts/rust-tauri/R05/RR3/J-REVIEW-01/nonexistent-objects does not exist; check .git/objects/info/alternates
error: object directory /Users/study_superior/Desktop/Code/LingxiAgent/artifacts/rust-tauri/R05/RR3/J-REVIEW-01/nonexistent-objects does not exist; check .git/objects/info/alternates
error: refs/tags/v0.63.4: invalid sha1 pointer f9ffa53283ca82339eddb15d11bd7c871b924415
error: object directory /Users/study_superior/Desktop/Code/LingxiAgent/artifacts/rust-tauri/R05/RR3/J-REVIEW-01/nonexistent-objects does not exist; check .git/objects/info/alternates
error: object directory /Users/study_superior/Desktop/Code/LingxiAgent/artifacts/rust-tauri/R05/RR3/J-REVIEW-01/nonexistent-objects does not exist; check .git/objects/info/alternates
error: refs/tags/v0.64.0: invalid sha1 pointer d5bd50ac04452b745afa106b29ad5897604a85ba
error: object directory /Users/study_superior/Desktop/Code/LingxiAgent/artifacts/rust-tauri/R05/RR3/J-REVIEW-01/nonexistent-objects does not exist; check .git/objects/info/alternates
error: object directory /Users/study_superior/Desktop/Code/LingxiAgent/artifacts/rust-tauri/R05/RR3/J-REVIEW-01/nonexistent-objects does not exist; check .git/objects/info/alternates
error: refs/tags/v0.65.0: invalid sha1 pointer 1a1c47ff59a2338cecae7ff3e982385426b7a520
error: object directory /Users/study_superior/Desktop/Code/LingxiAgent/artifacts/rust-tauri/R05/RR3/J-REVIEW-01/nonexistent-objects does not exist; check .git/objects/info/alternates
error: object directory /Users/study_superior/Desktop/Code/LingxiAgent/artifacts/rust-tauri/R05/RR3/J-REVIEW-01/nonexistent-objects does not exist; check .git/objects/info/alternates
error: refs/tags/v0.65.1: invalid sha1 pointer ee2cf330b91e0cdf9289ee1c730e6f7c720afaf8
error: object directory /Users/study_superior/Desktop/Code/LingxiAgent/artifacts/rust-tauri/R05/RR3/J-REVIEW-01/nonexistent-objects does not exist; check .git/objects/info/alternates
error: object directory /Users/study_superior/Desktop/Code/LingxiAgent/artifacts/rust-tauri/R05/RR3/J-REVIEW-01/nonexistent-objects does not exist; check .git/objects/info/alternates
error: refs/tags/v0.66.1: invalid sha1 pointer 111aa4bf772cf278d36605712c7ba39626c99ff3
error: object directory /Users/study_superior/Desktop/Code/LingxiAgent/artifacts/rust-tauri/R05/RR3/J-REVIEW-01/nonexistent-objects does not exist; check .git/objects/info/alternates
error: object directory /Users/study_superior/Desktop/Code/LingxiAgent/artifacts/rust-tauri/R05/RR3/J-REVIEW-01/nonexistent-objects does not exist; check .git/objects/info/alternates
error: refs/tags/v0.67.0: invalid sha1 pointer fe8677824f6aa5bd8d222748d77820091a622d1e
error: object directory /Users/study_superior/Desktop/Code/LingxiAgent/artifacts/rust-tauri/R05/RR3/J-REVIEW-01/nonexistent-objects does not exist; check .git/objects/info/alternates
error: object directory /Users/study_superior/Desktop/Code/LingxiAgent/artifacts/rust-tauri/R05/RR3/J-REVIEW-01/nonexistent-objects does not exist; check .git/objects/info/alternates
error: refs/tags/v0.67.1: invalid sha1 pointer 481353762780e3deb5c833a698aa887941d86557
error: object directory /Users/study_superior/Desktop/Code/LingxiAgent/artifacts/rust-tauri/R05/RR3/J-REVIEW-01/nonexistent-objects does not exist; check .git/objects/info/alternates
error: object directory /Users/study_superior/Desktop/Code/LingxiAgent/artifacts/rust-tauri/R05/RR3/J-REVIEW-01/nonexistent-objects does not exist; check .git/objects/info/alternates
error: refs/tags/v0.67.2: invalid sha1 pointer 4f885a9c1f234e3112ce3d063488aa16606ab773
error: object directory /Users/study_superior/Desktop/Code/LingxiAgent/artifacts/rust-tauri/R05/RR3/J-REVIEW-01/nonexistent-objects does not exist; check .git/objects/info/alternates
error: object directory /Users/study_superior/Desktop/Code/LingxiAgent/artifacts/rust-tauri/R05/RR3/J-REVIEW-01/nonexistent-objects does not exist; check .git/objects/info/alternates
error: refs/tags/v0.67.4: invalid sha1 pointer 3c8f2faf893f8082f37a7bcae876a4f0a86b40eb
error: object directory /Users/study_superior/Desktop/Code/LingxiAgent/artifacts/rust-tauri/R05/RR3/J-REVIEW-01/nonexistent-objects does not exist; check .git/objects/info/alternates
error: object directory /Users/study_superior/Desktop/Code/LingxiAgent/artifacts/rust-tauri/R05/RR3/J-REVIEW-01/nonexistent-objects does not exist; check .git/objects/info/alternates
error: refs/tags/v0.67.5: invalid sha1 pointer d57689061f5c5b75c5daeb201180b46c742c2476
error: object directory /Users/study_superior/Desktop/Code/LingxiAgent/artifacts/rust-tauri/R05/RR3/J-REVIEW-01/nonexistent-objects does not exist; check .git/objects/info/alternates
error: object directory /Users/study_superior/Desktop/Code/LingxiAgent/artifacts/rust-tauri/R05/RR3/J-REVIEW-01/nonexistent-objects does not exist; check .git/objects/info/alternates
error: refs/tags/v0.68.0: invalid sha1 pointer ecd5908709113ba6ae9eba799661a0cd754d8e1c
error: object directory /Users/study_superior/Desktop/Code/LingxiAgent/artifacts/rust-tauri/R05/RR3/J-REVIEW-01/nonexistent-objects does not exist; check .git/objects/info/alternates
error: object directory /Users/study_superior/Desktop/Code/LingxiAgent/artifacts/rust-tauri/R05/RR3/J-REVIEW-01/nonexistent-objects does not exist; check .git/objects/info/alternates
error: refs/tags/v0.68.1: invalid sha1 pointer b56ee90eb813f88fb0f6c37491db9c40fdd53575
error: object directory /Users/study_superior/Desktop/Code/LingxiAgent/artifacts/rust-tauri/R05/RR3/J-REVIEW-01/nonexistent-objects does not exist; check .git/objects/info/alternates
error: object directory /Users/study_superior/Desktop/Code/LingxiAgent/artifacts/rust-tauri/R05/RR3/J-REVIEW-01/nonexistent-objects does not exist; check .git/objects/info/alternates
error: refs/tags/v0.68.2: invalid sha1 pointer 75b05a44d91367248e19857b932518826ace771f
error: object directory /Users/study_superior/Desktop/Code/LingxiAgent/artifacts/rust-tauri/R05/RR3/J-REVIEW-01/nonexistent-objects does not exist; check .git/objects/info/alternates
error: object directory /Users/study_superior/Desktop/Code/LingxiAgent/artifacts/rust-tauri/R05/RR3/J-REVIEW-01/nonexistent-objects does not exist; check .git/objects/info/alternates
error: refs/tags/v0.68.3: invalid sha1 pointer 681135260bdc203638941540c5b27e40394467ec
error: object directory /Users/study_superior/Desktop/Code/LingxiAgent/artifacts/rust-tauri/R05/RR3/J-REVIEW-01/nonexistent-objects does not exist; check .git/objects/info/alternates
error: object directory /Users/study_superior/Desktop/Code/LingxiAgent/artifacts/rust-tauri/R05/RR3/J-REVIEW-01/nonexistent-objects does not exist; check .git/objects/info/alternates
error: refs/tags/v0.68.4: invalid sha1 pointer 2d3f51ad8b55b19386233e4d225239f536beb384
error: object directory /Users/study_superior/Desktop/Code/LingxiAgent/artifacts/rust-tauri/R05/RR3/J-REVIEW-01/nonexistent-objects does not exist; check .git/objects/info/alternates
error: object directory /Users/study_superior/Desktop/Code/LingxiAgent/artifacts/rust-tauri/R05/RR3/J-REVIEW-01/nonexistent-objects does not exist; check .git/objects/info/alternates
error: refs/tags/v0.69.0: invalid sha1 pointer 0d0fb5b21d04e703bae5e653d32a7633978eab8b
error: object directory /Users/study_superior/Desktop/Code/LingxiAgent/artifacts/rust-tauri/R05/RR3/J-REVIEW-01/nonexistent-objects does not exist; check .git/objects/info/alternates
error: object directory /Users/study_superior/Desktop/Code/LingxiAgent/artifacts/rust-tauri/R05/RR3/J-REVIEW-01/nonexistent-objects does not exist; check .git/objects/info/alternates
error: refs/tags/v0.69.4: invalid sha1 pointer 2d4cf178d65d06113e50220ccdfeeaa687be1304
error: object directory /Users/study_superior/Desktop/Code/LingxiAgent/artifacts/rust-tauri/R05/RR3/J-REVIEW-01/nonexistent-objects does not exist; check .git/objects/info/alternates
error: object directory /Users/study_superior/Desktop/Code/LingxiAgent/artifacts/rust-tauri/R05/RR3/J-REVIEW-01/nonexistent-objects does not exist; check .git/objects/info/alternates
error: refs/tags/v0.71.0: invalid sha1 pointer c04400c8515feafb35d118c50fcd9006d26c5b8d
error: object directory /Users/study_superior/Desktop/Code/LingxiAgent/artifacts/rust-tauri/R05/RR3/J-REVIEW-01/nonexistent-objects does not exist; check .git/objects/info/alternates
error: object directory /Users/study_superior/Desktop/Code/LingxiAgent/artifacts/rust-tauri/R05/RR3/J-REVIEW-01/nonexistent-objects does not exist; check .git/objects/info/alternates
error: refs/tags/v0.71.3: invalid sha1 pointer a0e0b6bc351a66c6bab85084ccf19a3f30d29e25
error: object directory /Users/study_superior/Desktop/Code/LingxiAgent/artifacts/rust-tauri/R05/RR3/J-REVIEW-01/nonexistent-objects does not exist; check .git/objects/info/alternates
error: object directory /Users/study_superior/Desktop/Code/LingxiAgent/artifacts/rust-tauri/R05/RR3/J-REVIEW-01/nonexistent-objects does not exist; check .git/objects/info/alternates
error: refs/tags/v0.72.1: invalid sha1 pointer 53f821aa384d0e851ced3cbf4443f9b6ebcb5aaf
error: object directory /Users/study_superior/Desktop/Code/LingxiAgent/artifacts/rust-tauri/R05/RR3/J-REVIEW-01/nonexistent-objects does not exist; check .git/objects/info/alternates
error: object directory /Users/study_superior/Desktop/Code/LingxiAgent/artifacts/rust-tauri/R05/RR3/J-REVIEW-01/nonexistent-objects does not exist; check .git/objects/info/alternates
error: refs/tags/v0.73.3: invalid sha1 pointer dee8b0ccb4a5b79f3ebeb3b0872d946257f2eb23
error: object directory /Users/study_superior/Desktop/Code/LingxiAgent/artifacts/rust-tauri/R05/RR3/J-REVIEW-01/nonexistent-objects does not exist; check .git/objects/info/alternates
error: object directory /Users/study_superior/Desktop/Code/LingxiAgent/artifacts/rust-tauri/R05/RR3/J-REVIEW-01/nonexistent-objects does not exist; check .git/objects/info/alternates
error: refs/tags/v0.75.0: invalid sha1 pointer 31f112a38a6a3c33c723f9a8924fded16ab0fae7
error: object directory /Users/study_superior/Desktop/Code/LingxiAgent/artifacts/rust-tauri/R05/RR3/J-REVIEW-01/nonexistent-objects does not exist; check .git/objects/info/alternates
error: object directory /Users/study_superior/Desktop/Code/LingxiAgent/artifacts/rust-tauri/R05/RR3/J-REVIEW-01/nonexistent-objects does not exist; check .git/objects/info/alternates
error: refs/tags/v0.75.1: invalid sha1 pointer aa52b101d154c74e4238df4f5bb9313be528b8d1
error: object directory /Users/study_superior/Desktop/Code/LingxiAgent/artifacts/rust-tauri/R05/RR3/J-REVIEW-01/nonexistent-objects does not exist; check .git/objects/info/alternates
error: object directory /Users/study_superior/Desktop/Code/LingxiAgent/artifacts/rust-tauri/R05/RR3/J-REVIEW-01/nonexistent-objects does not exist; check .git/objects/info/alternates
error: refs/tags/v0.75.2: invalid sha1 pointer 6b1e7959108564126ec560050b9b8c144a256b85
error: object directory /Users/study_superior/Desktop/Code/LingxiAgent/artifacts/rust-tauri/R05/RR3/J-REVIEW-01/nonexistent-objects does not exist; check .git/objects/info/alternates
error: object directory /Users/study_superior/Desktop/Code/LingxiAgent/artifacts/rust-tauri/R05/RR3/J-REVIEW-01/nonexistent-objects does not exist; check .git/objects/info/alternates
error: refs/tags/v0.79.2: invalid sha1 pointer d23996965574427343343bccbf02ecd71ab5be78
error: object directory /Users/study_superior/Desktop/Code/LingxiAgent/artifacts/rust-tauri/R05/RR3/J-REVIEW-01/nonexistent-objects does not exist; check .git/objects/info/alternates
error: object directory /Users/study_superior/Desktop/Code/LingxiAgent/artifacts/rust-tauri/R05/RR3/J-REVIEW-01/nonexistent-objects does not exist; check .git/objects/info/alternates
error: refs/tags/v0.79.3: invalid sha1 pointer 88b0dadeb72ab2d0b5f718dcfa55f79bf6dce500
error: object directory /Users/study_superior/Desktop/Code/LingxiAgent/artifacts/rust-tauri/R05/RR3/J-REVIEW-01/nonexistent-objects does not exist; check .git/objects/info/alternates
error: object directory /Users/study_superior/Desktop/Code/LingxiAgent/artifacts/rust-tauri/R05/RR3/J-REVIEW-01/nonexistent-objects does not exist; check .git/objects/info/alternates
error: refs/tags/v0.79.4: invalid sha1 pointer 02da7a652e896b1142b0f5ac3f3bdc7505a96f5a
error: object directory /Users/study_superior/Desktop/Code/LingxiAgent/artifacts/rust-tauri/R05/RR3/J-REVIEW-01/nonexistent-objects does not exist; check .git/objects/info/alternates
error: object directory /Users/study_superior/Desktop/Code/LingxiAgent/artifacts/rust-tauri/R05/RR3/J-REVIEW-01/nonexistent-objects does not exist; check .git/objects/info/alternates
error: refs/tags/v0.80.14: invalid sha1 pointer f321c4d44c1c1b32c03bab3728e3ef8b52392ab4
error: object directory /Users/study_superior/Desktop/Code/LingxiAgent/artifacts/rust-tauri/R05/RR3/J-REVIEW-01/nonexistent-objects does not exist; check .git/objects/info/alternates
error: object directory /Users/study_superior/Desktop/Code/LingxiAgent/artifacts/rust-tauri/R05/RR3/J-REVIEW-01/nonexistent-objects does not exist; check .git/objects/info/alternates
error: refs/tags/v0.80.4: invalid sha1 pointer 22bb553d1ae662867f995bd65080ff5b18598acd
error: object directory /Users/study_superior/Desktop/Code/LingxiAgent/artifacts/rust-tauri/R05/RR3/J-REVIEW-01/nonexistent-objects does not exist; check .git/objects/info/alternates
error: object directory /Users/study_superior/Desktop/Code/LingxiAgent/artifacts/rust-tauri/R05/RR3/J-REVIEW-01/nonexistent-objects does not exist; check .git/objects/info/alternates
error: refs/tags/v0.80.8: invalid sha1 pointer 44a01b0e329e854d79b370423d4c974186f76b70
error: object directory /Users/study_superior/Desktop/Code/LingxiAgent/artifacts/rust-tauri/R05/RR3/J-REVIEW-01/nonexistent-objects does not exist; check .git/objects/info/alternates
error: object directory /Users/study_superior/Desktop/Code/LingxiAgent/artifacts/rust-tauri/R05/RR3/J-REVIEW-01/nonexistent-objects does not exist; check .git/objects/info/alternates
error: refs/tags/v0.83.3: invalid sha1 pointer a383b8ce2e6622314ca8b6ad48dc7110d91e55f2
error: object directory /Users/study_superior/Desktop/Code/LingxiAgent/artifacts/rust-tauri/R05/RR3/J-REVIEW-01/nonexistent-objects does not exist; check .git/objects/info/alternates
error: object directory /Users/study_superior/Desktop/Code/LingxiAgent/artifacts/rust-tauri/R05/RR3/J-REVIEW-01/nonexistent-objects does not exist; check .git/objects/info/alternates
error: refs/tags/v0.84.0: invalid sha1 pointer 91725f08a6885d750949b3a8bfb0ad315331eb7d
error: object directory /Users/study_superior/Desktop/Code/LingxiAgent/artifacts/rust-tauri/R05/RR3/J-REVIEW-01/nonexistent-objects does not exist; check .git/objects/info/alternates
error: object directory /Users/study_superior/Desktop/Code/LingxiAgent/artifacts/rust-tauri/R05/RR3/J-REVIEW-01/nonexistent-objects does not exist; check .git/objects/info/alternates
error: refs/tags/v0.85.1: invalid sha1 pointer 1750d80abd6b741487f5f5727bc8d836c8ceaef4
error: object directory /Users/study_superior/Desktop/Code/LingxiAgent/artifacts/rust-tauri/R05/RR3/J-REVIEW-01/nonexistent-objects does not exist; check .git/objects/info/alternates
error: object directory /Users/study_superior/Desktop/Code/LingxiAgent/artifacts/rust-tauri/R05/RR3/J-REVIEW-01/nonexistent-objects does not exist; check .git/objects/info/alternates
error: refs/tags/v0.85.2: invalid sha1 pointer fc379abfe7961778df797687a170cf16ea60d7d8
error: object directory /Users/study_superior/Desktop/Code/LingxiAgent/artifacts/rust-tauri/R05/RR3/J-REVIEW-01/nonexistent-objects does not exist; check .git/objects/info/alternates
error: object directory /Users/study_superior/Desktop/Code/LingxiAgent/artifacts/rust-tauri/R05/RR3/J-REVIEW-01/nonexistent-objects does not exist; check .git/objects/info/alternates
error: refs/tags/v0.85.3: invalid sha1 pointer 5d8829136198fcda9ab6d0a8c4fff850fba62dc3
error: object directory /Users/study_superior/Desktop/Code/LingxiAgent/artifacts/rust-tauri/R05/RR3/J-REVIEW-01/nonexistent-objects does not exist; check .git/objects/info/alternates
error: object directory /Users/study_superior/Desktop/Code/LingxiAgent/artifacts/rust-tauri/R05/RR3/J-REVIEW-01/nonexistent-objects does not exist; check .git/objects/info/alternates
error: refs/tags/v0.89.1: invalid sha1 pointer bae028c9c5071cb7fe48ee5c4d7ebc9ca06eee2a
error: object directory /Users/study_superior/Desktop/Code/LingxiAgent/artifacts/rust-tauri/R05/RR3/J-REVIEW-01/nonexistent-objects does not exist; check .git/objects/info/alternates
error: object directory /Users/study_superior/Desktop/Code/LingxiAgent/artifacts/rust-tauri/R05/RR3/J-REVIEW-01/nonexistent-objects does not exist; check .git/objects/info/alternates
error: refs/tags/v0.89.2: invalid sha1 pointer 4c5e79a92145fe46d71b0d8141ec071e82a4f9f9
error: object directory /Users/study_superior/Desktop/Code/LingxiAgent/artifacts/rust-tauri/R05/RR3/J-REVIEW-01/nonexistent-objects does not exist; check .git/objects/info/alternates
error: object directory /Users/study_superior/Desktop/Code/LingxiAgent/artifacts/rust-tauri/R05/RR3/J-REVIEW-01/nonexistent-objects does not exist; check .git/objects/info/alternates
error: refs/tags/v0.89.4: invalid sha1 pointer 56ee282bfa64d5d0d2d6539b5aae57652a358b21
error: object directory /Users/study_superior/Desktop/Code/LingxiAgent/artifacts/rust-tauri/R05/RR3/J-REVIEW-01/nonexistent-objects does not exist; check .git/objects/info/alternates
error: object directory /Users/study_superior/Desktop/Code/LingxiAgent/artifacts/rust-tauri/R05/RR3/J-REVIEW-01/nonexistent-objects does not exist; check .git/objects/info/alternates
error: refs/tags/v0.90.14: invalid sha1 pointer 73ab316fcda1275a34a6ae57e7591d75191a44ec
error: object directory /Users/study_superior/Desktop/Code/LingxiAgent/artifacts/rust-tauri/R05/RR3/J-REVIEW-01/nonexistent-objects does not exist; check .git/objects/info/alternates
error: object directory /Users/study_superior/Desktop/Code/LingxiAgent/artifacts/rust-tauri/R05/RR3/J-REVIEW-01/nonexistent-objects does not exist; check .git/objects/info/alternates
error: refs/tags/v0.90.15: invalid sha1 pointer 0db0337bcd21aedf4c9e75e23b6624ea9b1308ff
error: object directory /Users/study_superior/Desktop/Code/LingxiAgent/artifacts/rust-tauri/R05/RR3/J-REVIEW-01/nonexistent-objects does not exist; check .git/objects/info/alternates
error: object directory /Users/study_superior/Desktop/Code/LingxiAgent/artifacts/rust-tauri/R05/RR3/J-REVIEW-01/nonexistent-objects does not exist; check .git/objects/info/alternates
error: refs/tags/v0.90.9: invalid sha1 pointer c8f031bacc90b8e6e126e2906b5d238333f45fbb
error: object directory /Users/study_superior/Desktop/Code/LingxiAgent/artifacts/rust-tauri/R05/RR3/J-REVIEW-01/nonexistent-objects does not exist; check .git/objects/info/alternates
error: object directory /Users/study_superior/Desktop/Code/LingxiAgent/artifacts/rust-tauri/R05/RR3/J-REVIEW-01/nonexistent-objects does not exist; check .git/objects/info/alternates
error: refs/tags/v0.91.9: invalid sha1 pointer 986af58e89dc8140a0caf82cfa421225b400e09d
error: object directory /Users/study_superior/Desktop/Code/LingxiAgent/artifacts/rust-tauri/R05/RR3/J-REVIEW-01/nonexistent-objects does not exist; check .git/objects/info/alternates
error: object directory /Users/study_superior/Desktop/Code/LingxiAgent/artifacts/rust-tauri/R05/RR3/J-REVIEW-01/nonexistent-objects does not exist; check .git/objects/info/alternates
error: refs/tags/v0.92.6: invalid sha1 pointer 32ceae9f7d24af71c7e70741fe139f2bd574784b
error: object directory /Users/study_superior/Desktop/Code/LingxiAgent/artifacts/rust-tauri/R05/RR3/J-REVIEW-01/nonexistent-objects does not exist; check .git/objects/info/alternates
error: object directory /Users/study_superior/Desktop/Code/LingxiAgent/artifacts/rust-tauri/R05/RR3/J-REVIEW-01/nonexistent-objects does not exist; check .git/objects/info/alternates
error: refs/tags/v0.94.2: invalid sha1 pointer 35bf576d8916156ec179968d00c52133cdd23ce8
error: object directory /Users/study_superior/Desktop/Code/LingxiAgent/artifacts/rust-tauri/R05/RR3/J-REVIEW-01/nonexistent-objects does not exist; check .git/objects/info/alternates
error: object directory /Users/study_superior/Desktop/Code/LingxiAgent/artifacts/rust-tauri/R05/RR3/J-REVIEW-01/nonexistent-objects does not exist; check .git/objects/info/alternates
error: refs/tags/v0.95.5: invalid sha1 pointer 3bfef92b0858129e64895dc9164fa17edddae9f9
error: object directory /Users/study_superior/Desktop/Code/LingxiAgent/artifacts/rust-tauri/R05/RR3/J-REVIEW-01/nonexistent-objects does not exist; check .git/objects/info/alternates
error: object directory /Users/study_superior/Desktop/Code/LingxiAgent/artifacts/rust-tauri/R05/RR3/J-REVIEW-01/nonexistent-objects does not exist; check .git/objects/info/alternates
error: refs/tags/v0.96.4: invalid sha1 pointer acc4a432c986c13960c424fc8b6a8be65479a52e
error: object directory /Users/study_superior/Desktop/Code/LingxiAgent/artifacts/rust-tauri/R05/RR3/J-REVIEW-01/nonexistent-objects does not exist; check .git/objects/info/alternates
error: object directory /Users/study_superior/Desktop/Code/LingxiAgent/artifacts/rust-tauri/R05/RR3/J-REVIEW-01/nonexistent-objects does not exist; check .git/objects/info/alternates
error: refs/tags/v0.97.13: invalid sha1 pointer 3c5e654c9dad845aed4b403e3fb132d8a21734c9
error: object directory /Users/study_superior/Desktop/Code/LingxiAgent/artifacts/rust-tauri/R05/RR3/J-REVIEW-01/nonexistent-objects does not exist; check .git/objects/info/alternates
error: object directory /Users/study_superior/Desktop/Code/LingxiAgent/artifacts/rust-tauri/R05/RR3/J-REVIEW-01/nonexistent-objects does not exist; check .git/objects/info/alternates
error: refs/tags/v0.97.16: invalid sha1 pointer 91a8b829192e6ca58cd87827c35524824527d79c
error: object directory /Users/study_superior/Desktop/Code/LingxiAgent/artifacts/rust-tauri/R05/RR3/J-REVIEW-01/nonexistent-objects does not exist; check .git/objects/info/alternates
error: object directory /Users/study_superior/Desktop/Code/LingxiAgent/artifacts/rust-tauri/R05/RR3/J-REVIEW-01/nonexistent-objects does not exist; check .git/objects/info/alternates
error: refs/tags/v0.97.8: invalid sha1 pointer 2cfe9687a5efa0bb69f5a00a65f07f96217595ed
error: object directory /Users/study_superior/Desktop/Code/LingxiAgent/artifacts/rust-tauri/R05/RR3/J-REVIEW-01/nonexistent-objects does not exist; check .git/objects/info/alternates
error: object directory /Users/study_superior/Desktop/Code/LingxiAgent/artifacts/rust-tauri/R05/RR3/J-REVIEW-01/nonexistent-objects does not exist; check .git/objects/info/alternates
error: refs/tags/v0.98.0: invalid sha1 pointer dd0156caadb38f23ca0855636efb2ece8b57e569
error: object directory /Users/study_superior/Desktop/Code/LingxiAgent/artifacts/rust-tauri/R05/RR3/J-REVIEW-01/nonexistent-objects does not exist; check .git/objects/info/alternates
error: object directory /Users/study_superior/Desktop/Code/LingxiAgent/artifacts/rust-tauri/R05/RR3/J-REVIEW-01/nonexistent-objects does not exist; check .git/objects/info/alternates
error: refs/tags/v0.98.4: invalid sha1 pointer 306d7580ad452de5a73afcb10073dc93a2640151
error: object directory /Users/study_superior/Desktop/Code/LingxiAgent/artifacts/rust-tauri/R05/RR3/J-REVIEW-01/nonexistent-objects does not exist; check .git/objects/info/alternates
error: object directory /Users/study_superior/Desktop/Code/LingxiAgent/artifacts/rust-tauri/R05/RR3/J-REVIEW-01/nonexistent-objects does not exist; check .git/objects/info/alternates
error: HEAD: invalid sha1 pointer b3ac0e6aeae8d7d530a6ab8657a5fa9ce4849f0b
error: object directory /Users/study_superior/Desktop/Code/LingxiAgent/artifacts/rust-tauri/R05/RR3/J-REVIEW-01/nonexistent-objects does not exist; check .git/objects/info/alternates
error: HEAD: invalid reflog entry b3ac0e6aeae8d7d530a6ab8657a5fa9ce4849f0b
error: refs/heads/codex/rust-tauri-migration: invalid reflog entry b3ac0e6aeae8d7d530a6ab8657a5fa9ce4849f0b
error: refs/remotes/origin/HEAD: invalid reflog entry b3ac0e6aeae8d7d530a6ab8657a5fa9ce4849f0b
notice: No default references
error: object directory /Users/study_superior/Desktop/Code/LingxiAgent/artifacts/rust-tauri/R05/RR3/J-REVIEW-01/nonexistent-objects does not exist; check .git/objects/info/alternates
error: object directory /Users/study_superior/Desktop/Code/LingxiAgent/artifacts/rust-tauri/R05/RR3/J-REVIEW-01/nonexistent-objects does not exist; check .git/objects/info/alternates
error: be43b48d2d7ddb08c31f5e48e1ec1035364d7089: invalid sha1 pointer in cache-tree of .git/index
error: object directory /Users/study_superior/Desktop/Code/LingxiAgent/artifacts/rust-tauri/R05/RR3/J-REVIEW-01/nonexistent-objects does not exist; check .git/objects/info/alternates
error: object directory /Users/study_superior/Desktop/Code/LingxiAgent/artifacts/rust-tauri/R05/RR3/J-REVIEW-01/nonexistent-objects does not exist; check .git/objects/info/alternates
