# binding-exclusion: artifacts/rust-tauri/R05/RR2/FINAL-01/verify-r05-2/R04_REGRESSION/R03_REGRESSION/R02/A16/legacy-entry/** — this run's run-time output root (runner output, never candidate source); applied symmetrically to BOTH the main-repo binding and the candidate-copy binding (E0 mirror compare)
# binding-exclusion: artifacts/rust-tauri/R05/RR2/FINAL-01/verify-r05-2/R04_REGRESSION/R03_REGRESSION/r02_legacy_regression/** — this run's run-time output root (runner output, never candidate source); applied symmetrically to BOTH the main-repo binding and the candidate-copy binding (E0 mirror compare)
# binding-exclusion: artifacts/rust-tauri/R05/RR2/FINAL-01/verify-r05-2/R04_REGRESSION/r03_regression_gate/** — this run's run-time output root (runner output, never candidate source); applied symmetrically to BOTH the main-repo binding and the candidate-copy binding (E0 mirror compare)
# binding-exclusion: artifacts/rust-tauri/R05/RR2/FINAL-01/verify-r05-2/r04_regression_gate/** — this run's run-time output root (runner output, never candidate source); applied symmetrically to BOTH the main-repo binding and the candidate-copy binding (E0 mirror compare)
6b67e407e2f99a5bd35da930b99468db11e63b80b7700608219b505f8a8a661c   M  .sync-audit/verify-post-verification-diff.mjs
33e5d008027ebeb3aa54ec4e612b416109f752d9a242a1b161a02d0a7b5c9ab5  ??  artifacts/rust-tauri/R05/RR2/A-R2/REPORT.md
4c92e6f0bc27939fb3ddce6169e4cd0b85b73284be94158366f357087c01562d  ??  artifacts/rust-tauri/R05/RR2/A-R2/REVIEW-r1.md
45f75b19e5718ce74d75d27dc949e2b0cc21908a1e53dca4d31c24e03ebe8e09  ??  artifacts/rust-tauri/R05/RR2/A-R2/fingerprint-extraction/build.log
bc956af2a612d989e0a59fc2c99c073f807dc2aaf08600fca4930dcf4fcd4cba  ??  artifacts/rust-tauri/R05/RR2/A-R2/fingerprint-extraction/fresh-home-path.txt
a581a6c7f5cd4ad9917dd5dcec8abf661e6e15ffbd720437367d790444c44391  ??  artifacts/rust-tauri/R05/RR2/A-R2/fingerprint-extraction/fresh-migrations.json
0b092af07eb53554197e84f5818fb62336de7dce1a3b3b1335eda6510143c858  ??  artifacts/rust-tauri/R05/RR2/A-R2/fingerprint-extraction/fresh-service.err
2f417a75a7e5e7ee61825301b566f27a48804d508e1a2bbb503118f42b3918a5  ??  artifacts/rust-tauri/R05/RR2/A-R2/fingerprint-extraction/fresh-service.out
e3b0c44298fc1c149afbf4c8996fb92427ae41e4649b934ca495991b7852b855  ??  artifacts/rust-tauri/R05/RR2/A-R2/fmt-check.log
4baf80f747bdab4baef58c3bdd2c33084623a1597aee5ed9975b2ca3672ffff8  ??  artifacts/rust-tauri/R05/RR2/A-R2/mutations/baseline-s0consistency.log
e3b0c44298fc1c149afbf4c8996fb92427ae41e4649b934ca495991b7852b855  ??  artifacts/rust-tauri/R05/RR2/A-R2/mutations/baseline-s4equation.log
66b84fa0a56984d870eccfb8f3e6da3a178cf5eea215153f6c7ac7de8b9ea5b6  ??  artifacts/rust-tauri/R05/RR2/A-R2/mutations/mut1-del-v6-s0consistency.log
b49073e6f68cad42d6f4aea01c077a4c6810e0a0762b93c57b68f99bcefc4534  ??  artifacts/rust-tauri/R05/RR2/A-R2/mutations/mut1-del-v6-s4equation.log
ce45c2d07b8deb170bbffeb24b9f905864cf1ef5f2b339bb330be36b8e1a89f6  ??  artifacts/rust-tauri/R05/RR2/A-R2/mutations/mut2-v7-fp-s0consistency.log
fbbd00ebe5ce4c5a27b397653464ee3de4209a64372b8dd73a4ef1d518735308  ??  artifacts/rust-tauri/R05/RR2/A-R2/mutations/mut2-v7-fp-s4equation.log
2776c148c42489d9924be4b0d9e10e51ecf978f21838e37bd3fdaf3fcbaea828  ??  artifacts/rust-tauri/R05/RR2/A-R2/mutations/mut3-v2-fp-s0consistency.log
782acd5969348f070b17a93c62f65ca9a90f99a54c677fe89ca427bef9e324a5  ??  artifacts/rust-tauri/R05/RR2/A-R2/mutations/mut3-v2-fp-s4equation.log
9785871fb67a4d5fdc0b469911dabecd4c7c0fb7dfab1ffae957ee9dee72ce2e  ??  artifacts/rust-tauri/R05/RR2/A-R2/mutations/registry-pristine.json
4baf80f747bdab4baef58c3bdd2c33084623a1597aee5ed9975b2ca3672ffff8  ??  artifacts/rust-tauri/R05/RR2/A-R2/mutations/restored-s0consistency.log
e3b0c44298fc1c149afbf4c8996fb92427ae41e4649b934ca495991b7852b855  ??  artifacts/rust-tauri/R05/RR2/A-R2/mutations/restored-s4equation.log
97dc9dcad83aa7956e787f8823282317c8099db6d738b60ad5fa067a6f1dfb57  ??  artifacts/rust-tauri/R05/RR2/A-R2/mutations/run.log
eece949841b10f51223c60eac5caec9fdbebcf9b86c55b19d4bad68d3a3a7f3a  ??  artifacts/rust-tauri/R05/RR2/A-R2/mutations/run.sh
566e30e868028aef750987c47a9a3ee13a1446b273abf51b405008fa7005eb12  ??  artifacts/rust-tauri/R05/RR2/A-R2/r02-storage-tx-stdout.log
732186322402325172940531d8d6d7cfac85dc902585b2bef6715ad6839dacfd  ??  artifacts/rust-tauri/R05/RR2/A-R2/r02-storage-tx/build.log
ee1de2499e88ba9b54683f3749eec61f23e4044a8074874194e0746ea2442198  ??  artifacts/rust-tauri/R05/RR2/A-R2/r02-storage-tx/last-db-hashes.txt
4baf80f747bdab4baef58c3bdd2c33084623a1597aee5ed9975b2ca3672ffff8  ??  artifacts/rust-tauri/R05/RR2/A-R2/r02-storage-tx/s0-registry-consistency.log
d713b4d2f2123afe9c6c7fc9f2e89746849192a9276c9c9383b94d4ab7fd0c66  ??  artifacts/rust-tauri/R05/RR2/A-R2/r02-storage-tx/s1-counts-after-stop.json
347987f9452c382b32e905cd01a47510e5b5052b9177d6711a0828ded331f07a  ??  artifacts/rust-tauri/R05/RR2/A-R2/r02-storage-tx/s2-counts-after-crash.json
bdf5dfd9efb7761260b8747df592ea3d55cc3f7d8d86b89170bacd78cd053183  ??  artifacts/rust-tauri/R05/RR2/A-R2/r02-storage-tx/s2-runs-dump.jsonl
f0224947b05c717b9bf86f628fbd2f0546a4873418de0e68bc008ca608a13c1a  ??  artifacts/rust-tauri/R05/RR2/A-R2/r02-storage-tx/s3-fault.err
e3b0c44298fc1c149afbf4c8996fb92427ae41e4649b934ca495991b7852b855  ??  artifacts/rust-tauri/R05/RR2/A-R2/r02-storage-tx/s3-fault.out
7b84b7f69cc2e69f69772634f95d1d0e09b68087cd86cbf52e4230f6bbf50376  ??  artifacts/rust-tauri/R05/RR2/A-R2/r02-storage-tx/s4-hashes-after.txt
7b84b7f69cc2e69f69772634f95d1d0e09b68087cd86cbf52e4230f6bbf50376  ??  artifacts/rust-tauri/R05/RR2/A-R2/r02-storage-tx/s4-hashes-before.txt
07e4e20ea13119d473bbab91ea18ef39cbbe75db60d81cd4d3e5261e73f92308  ??  artifacts/rust-tauri/R05/RR2/A-R2/r02-storage-tx/s4-migrations-round1.json
07e4e20ea13119d473bbab91ea18ef39cbbe75db60d81cd4d3e5261e73f92308  ??  artifacts/rust-tauri/R05/RR2/A-R2/r02-storage-tx/s4-migrations-round2.json
07e4e20ea13119d473bbab91ea18ef39cbbe75db60d81cd4d3e5261e73f92308  ??  artifacts/rust-tauri/R05/RR2/A-R2/r02-storage-tx/s4-migrations-round3.json
e62fe0e3d92160d650e68bdbc162897447dd6977f23668ee19ae1d105efa32a3  ??  artifacts/rust-tauri/R05/RR2/A-R2/r02-storage-tx/service-s1.err
3b9b17c5de23be32a2a946984f47df6748c5d2090fb6286bbbab79f6b038e92b  ??  artifacts/rust-tauri/R05/RR2/A-R2/r02-storage-tx/service-s1.out
4ebf3cfa408acd3938dbe3e85ed5dfc7e621e95399852062dd222269275b9fc0  ??  artifacts/rust-tauri/R05/RR2/A-R2/r02-storage-tx/service-s1b.err
760c1f9f5307f0fd6aa2d14fb4ba828b775db647206622d04bf4f33b28093978  ??  artifacts/rust-tauri/R05/RR2/A-R2/r02-storage-tx/service-s1b.out
6158c0243412170f015b2d73e9135b34de4ff1092fc18c6cfdaf07d10d99a4b6  ??  artifacts/rust-tauri/R05/RR2/A-R2/r02-storage-tx/service-s2.err
dc61a2f2928f37de94da0d36cb625d4e156410e9f89edb54e885f45b9b5021d5  ??  artifacts/rust-tauri/R05/RR2/A-R2/r02-storage-tx/service-s2.out
99689ad2e5185bfeec8dd0b37915e4de224a2c6fa667d3e708a36ca22c9d6c2a  ??  artifacts/rust-tauri/R05/RR2/A-R2/r02-storage-tx/service-s2b.err
ac0b2bfb4a584d518c66a27032281dcb3eca8c543581d2dde8ff633dbc72bcc7  ??  artifacts/rust-tauri/R05/RR2/A-R2/r02-storage-tx/service-s2b.out
6a0961b0c5a5373ec8fdca357f4a21245f09e0d63b55d2b9c1d04d246cf981d7  ??  artifacts/rust-tauri/R05/RR2/A-R2/r02-storage-tx/service-s4-1.err
dd6674cdf4a16bb78f29a3d8e8f2dfdb39c6a2b0d2a308f279da9e4b479bb93c  ??  artifacts/rust-tauri/R05/RR2/A-R2/r02-storage-tx/service-s4-1.out
383c07d75f4e9fc1e035f59c2738374a30e27ff62462e1a4f75dcac9fddce867  ??  artifacts/rust-tauri/R05/RR2/A-R2/r02-storage-tx/service-s4-2.err
df938888780604eb17cf55c274bf0e5a7412a6b6f47d29813dc5d91b6cab9f26  ??  artifacts/rust-tauri/R05/RR2/A-R2/r02-storage-tx/service-s4-2.out
048a65da078a9e998546729f6d1bcda08e4099dc897dddb38692aa45647ed950  ??  artifacts/rust-tauri/R05/RR2/A-R2/r02-storage-tx/service-s4-3.err
ecf059f87366ced627d3f6fb44aa7e4cd937db404b13187ff1025c3d6558829e  ??  artifacts/rust-tauri/R05/RR2/A-R2/r02-storage-tx/service-s4-3.out
0fd13ae8708bdd36178eda3efd9b936f01b2fc593554c99d6c01b7453cdb3f8b  ??  artifacts/rust-tauri/R05/RR2/A-R2/r02-storage-tx/service.addr
7571084f2cb7cff97ed33dfafaaee6971e9c883c5698189652289e2879dcda6d  ??  artifacts/rust-tauri/R05/RR2/A-R2/r02-storage-tx/service.pid
23d1abb3299376baf799de84e8bdb32c61d15f08b735adef1f3d15edf2e4ab75  ??  artifacts/rust-tauri/R05/RR2/A-R2/r02-storage-tx/summary.txt
1976eadc18d121a7266bc5d20e5f7f01277653be02af5841361e37f4c84a3b48  ??  artifacts/rust-tauri/R05/RR2/A-R2/upgrade-v5-to-v7/migrations-after-upgrade.json
b3cd655b7c85b8d3ef8c7402213a9d63501b064980c6a2b4c6e53d2f9c0bc61a  ??  artifacts/rust-tauri/R05/RR2/A-R2/upgrade-v5-to-v7/run.log
2136eec7f6b6fed00502133144c317804d3a1efd4db00e4c198be17d095eef0e  ??  artifacts/rust-tauri/R05/RR2/A-R2/upgrade-v5-to-v7/run.sh
46aac89d3eb5402d1195636d23925709b74cc0fad2d64f481986a32f6905dc18  ??  artifacts/rust-tauri/R05/RR2/A-R2/upgrade-v5-to-v7/schema-v5.sql
04b698bdbcf4d5aeb143391abf301b44582d8e985c4ad25f4bc29a52f103b441  ??  artifacts/rust-tauri/R05/RR2/A-R2/upgrade-v5-to-v7/unknown-semantics.json
3140494747b3b4e70600db0f6c9e74a63389057d93d034a17e7b913ccdae7984  ??  artifacts/rust-tauri/R05/RR2/A-R2/upgrade-v5-to-v7/upgrade-service.err
37abc47471049348f7e5bfbe0e538407cba7d24a56b3c8df0a740cacfd24b2db  ??  artifacts/rust-tauri/R05/RR2/A-R2/upgrade-v5-to-v7/upgrade-service.out
03cbdeccca06eadf75d800719ab0c5d1cd0bd1b16723394d210ca2353dc8d860  ??  artifacts/rust-tauri/R05/RR2/A-R2/upgrade-v5-to-v7/usage-after-upgrade.json
25b43020e3a20f5f1a92632aa017a1b092efb4d44afc402dbf6babfeeefe80fa  ??  artifacts/rust-tauri/R05/RR2/A-R2/upgrade-v5-to-v7/usage-before-upgrade.json
d22eabe6d375ec525f160e4326bf4b94d1d91ec765a4e3353237e6dda52c48d2  ??  artifacts/rust-tauri/R05/RR2/B-R2/R2/README.md
420e01cb179e2003353c24fbe6e8fc8541739e38accb47d146eec44699fb456f  ??  artifacts/rust-tauri/R05/RR2/B-R2/R2/REVIEW-r2.md
0858453286fd37186be19028d7c10e44fa8c5622cfbb43ab63f4dfc002677307  ??  artifacts/rust-tauri/R05/RR2/B-R2/R2/b-r3-note-fix/VERIFY.md
e3b0c44298fc1c149afbf4c8996fb92427ae41e4649b934ca495991b7852b855  ??  artifacts/rust-tauri/R05/RR2/B-R2/R2/b-r3-note-fix/note-stderr.txt
2107b9e5c174556f652ebabe179f54240e70bc74ad5cbed5ca1f4d3714426fdf  ??  artifacts/rust-tauri/R05/RR2/B-R2/R2/b-r3-note-fix/note-stdout.txt
3b7e00871f567edeef5e20aa8bd125bf6becb36c6a48ba0fe594444f76661fad  ??  artifacts/rust-tauri/R05/RR2/B-R2/R2/b-r3-note-fix/prefix-sim-stderr.txt
1bd2145d380bb07c29827a7f06b8c71ee758ed3c33b0562637735cc115b1de4f  ??  artifacts/rust-tauri/R05/RR2/B-R2/R2/b-r3-note-fix/prefix-sim-stdout.txt
7ffe6b5e416c6f226fcd72ec8d5d4a4b143047a96ab011dfc83928c53b33aa00  ??  artifacts/rust-tauri/R05/RR2/B-R2/R2/bin/illegal.sh
7ae6ddf83d5586d3b7c10880be1679f564ac58b6a59a1983cce9c1cf57f23f8f  ??  artifacts/rust-tauri/R05/RR2/B-R2/R2/bin/illegal_all.sh
3d9fc18943abfe1135b778673c696d13ac2c863f2341b8d98a50df98f4eb8d80  ??  artifacts/rust-tauri/R05/RR2/B-R2/R2/bin/lib.sh
d60f588f344fc2688b1d3a98bc12f19a098411ef2de140535afffe61debff3f6  ??  artifacts/rust-tauri/R05/RR2/B-R2/R2/bin/n4b_old_static_untracked.sh
aa8ecddc44dd302b0e3be25e776e83e960754585bb44067e1c0348f83b932cec  ??  artifacts/rust-tauri/R05/RR2/B-R2/R2/bin/n6_dedication.sh
b0f304a44e46956adf7ffb011a2ac701c62bb6b9c8adca160710244a8136d7b1  ??  artifacts/rust-tauri/R05/RR2/B-R2/R2/bin/neg.sh
e6977263a61145be6006e159eabcb44f0d61501c4f30c871080ccf2b8838625f  ??  artifacts/rust-tauri/R05/RR2/B-R2/R2/bin/s1a_inrepo.sh
728197e3026255e688c279a1c01bd7aee5802aab3cb199742d5144810b116b29  ??  artifacts/rust-tauri/R05/RR2/B-R2/R2/bin/s1b_outrepo.sh
6487868d51c197abd3ce9762e3247001ebe5c9a09e5cf9e8d962566c97c75172  ??  artifacts/rust-tauri/R05/RR2/B-R2/R2/bin/s2_nested.sh
c7eedf78a13cdb486ebc8416338e764cc3c93dc6e977f635cd0aebec004afc1e  ??  artifacts/rust-tauri/R05/RR2/B-R2/R2/bin/s3_clean.sh
24b9fa6e60d064802e0cdd1d2c5f6db8284c792e0a16331b55bd3f53b8b0f1e4  ??  artifacts/rust-tauri/R05/RR2/B-R2/R2/bin/s5_full.sh
0d3bae20f59e31275aea46b4d3a67c01c7d9c720c90b70617f27be9b4ddcc55b  ??  artifacts/rust-tauri/R05/RR2/B-R2/R2/classifier-evolution/REPORT.md
eb100fc500bfb1586660649b548ef26c4067cefc561f425fd8c380430c64e5a5  ??  artifacts/rust-tauri/R05/RR2/B-R2/R2/classifier-evolution/e0s-rerun/e0s-self-checks.log
17db9f94288ee8b1974c2333898e47b8c0a1c8b5995d0ffbc5e1e86961853969  ??  artifacts/rust-tauri/R05/RR2/B-R2/R2/classifier-evolution/e0s-rerun/e5-cause-classes.txt
a6336e88a861d5d65bf8332c6e104672fbecde11272907b15e2847bc36cfc7b2  ??  artifacts/rust-tauri/R05/RR2/B-R2/R2/classifier-evolution/e0s-rerun/e5-seal-family.txt
e3b0c44298fc1c149afbf4c8996fb92427ae41e4649b934ca495991b7852b855  ??  artifacts/rust-tauri/R05/RR2/B-R2/R2/classifier-evolution/e0s-rerun/stderr.log
ce972f78ee217041d7d30bfe56940900add133ccaf6df55ec562edae686e6b67  ??  artifacts/rust-tauri/R05/RR2/B-R2/R2/classifier-evolution/e0s-rerun/stdout.log
25e9bed77ee8c5369b28239a7ff7a948a1de65571a4130d0bff8b6715d2ce4a4  ??  artifacts/rust-tauri/R05/RR2/B-R2/R2/classifier-evolution/e0s-rerun/summary.txt
11a2301351658a9333c89499a9c43e7bc80726c9088e1824537abea8f98e2ce1  ??  artifacts/rust-tauri/R05/RR2/B-R2/R2/classifier-evolution/f44-three-suite-replay/block-1.tsv
30ce4934ff94c1234137778623332e9b80534076d6d5c81ab633f24155bfdaa4  ??  artifacts/rust-tauri/R05/RR2/B-R2/R2/classifier-evolution/f44-three-suite-replay/block-2.tsv
8ee794ba2cf57f06b61fc0920d432fd1cc8c308b6166638a590bfe59b4e611a7  ??  artifacts/rust-tauri/R05/RR2/B-R2/R2/classifier-evolution/f44-three-suite-replay/block-3.tsv
c95d131913b99bbe5ab11cd05ec323ae4775e5fb917f2fda8c959be319109947  ??  artifacts/rust-tauri/R05/RR2/B-R2/R2/classifier-evolution/f44-three-suite-replay/block-4.tsv
82d8f741c1c2c3fa2fb2d316ef8a29bb4677af382efcf7150e90f8b322cc1dd3  ??  artifacts/rust-tauri/R05/RR2/B-R2/R2/classifier-evolution/f44-three-suite-replay/block-5.tsv
c51577f555e3be82754a02c7da57a0c963752078e90a0b885eae0756991f9cdf  ??  artifacts/rust-tauri/R05/RR2/B-R2/R2/classifier-evolution/f44-three-suite-replay/block-6.tsv
a585cf58f7481bb83beb434b8f27df91b0d9bfc40cb2eb4722a0098e294ca46b  ??  artifacts/rust-tauri/R05/RR2/B-R2/R2/classifier-evolution/f44-three-suite-replay/blocks.txt
262e59de5d05583126c9fd2c03c4b973778f71a7a80a4c71b761c3c84cc441dd  ??  artifacts/rust-tauri/R05/RR2/B-R2/R2/classifier-evolution/f44-three-suite-replay/verdicts.txt
fb4a790d235414556a996aea7fccb03e5a21cb603fc027eee9932a988072f9d8  ??  artifacts/rust-tauri/R05/RR2/B-R2/R2/classifier-evolution/r02-final-e8761-replay/block-1.tsv
7c83224fc69d11983388d0c46b9c195cabbf8adcb2d65f042e89b1db5772fb42  ??  artifacts/rust-tauri/R05/RR2/B-R2/R2/classifier-evolution/r02-final-e8761-replay/block-2.tsv
06683508e01b52e1d1a2d9ced5a9badabcb5a2b1507307e242c1e92c30a7a2ee  ??  artifacts/rust-tauri/R05/RR2/B-R2/R2/classifier-evolution/r02-final-e8761-replay/block-3.tsv
24f16d840263b89cb12a266e65672ee3a9a8e1be8a908977524d4518b257694d  ??  artifacts/rust-tauri/R05/RR2/B-R2/R2/classifier-evolution/r02-final-e8761-replay/block-4.tsv
e9993b3b09267293493ba2067f0d6edec23a28b16e8b2ff71d15b2fbff1b24b1  ??  artifacts/rust-tauri/R05/RR2/B-R2/R2/classifier-evolution/r02-final-e8761-replay/block-5.tsv
70a40c4d6f457b4f317149fa81fe794b81f64127ef53b250e32462c8055e4ce6  ??  artifacts/rust-tauri/R05/RR2/B-R2/R2/classifier-evolution/r02-final-e8761-replay/block-6.tsv
4b2d7fec2d3c1ff09eb9c327c652e3c93445ea5e702f5f4c2b1b108d40b6804f  ??  artifacts/rust-tauri/R05/RR2/B-R2/R2/classifier-evolution/r02-final-e8761-replay/blocks.txt
c9f5b3412d7e11e620ac7e989f133b2f2f94221ea03fcee81e7b5f746a774cc4  ??  artifacts/rust-tauri/R05/RR2/B-R2/R2/classifier-evolution/r02-final-e8761-replay/verdicts.txt
fb4a790d235414556a996aea7fccb03e5a21cb603fc027eee9932a988072f9d8  ??  artifacts/rust-tauri/R05/RR2/B-R2/R2/classifier-evolution/r02-final-fc9971-replay/block-1.tsv
8b1dba1ff643374b722831bd88c0cac03a5030b3bea652cf08f0da84b345d949  ??  artifacts/rust-tauri/R05/RR2/B-R2/R2/classifier-evolution/r02-final-fc9971-replay/block-2.tsv
8cf0508586340ac0dbd56354ec26bb7737cd5d848c88e5799c289399ac5dee25  ??  artifacts/rust-tauri/R05/RR2/B-R2/R2/classifier-evolution/r02-final-fc9971-replay/block-3.tsv
cf702044c328f7cf609436e5b7807fdf793afcbb16cd8ca5ee76c9349095ba60  ??  artifacts/rust-tauri/R05/RR2/B-R2/R2/classifier-evolution/r02-final-fc9971-replay/block-4.tsv
7bb2febcda7d7598d3c407c365d72d582da2ca426b18380fb23c77fbc59594c6  ??  artifacts/rust-tauri/R05/RR2/B-R2/R2/classifier-evolution/r02-final-fc9971-replay/block-5.tsv
c5b89184f87d909a8c6ab68346a62582095046e12257993622fe196c83e045ae  ??  artifacts/rust-tauri/R05/RR2/B-R2/R2/classifier-evolution/r02-final-fc9971-replay/block-6.tsv
f301bfb5711b3faeb143a9a2cc21523abf3ebc9c35234d73f5e1553b1683a80f  ??  artifacts/rust-tauri/R05/RR2/B-R2/R2/classifier-evolution/r02-final-fc9971-replay/blocks.txt
02fcade008d0156f32bc9adc1743ce22c3d983bf0a4aba495bd54eea4f0bebe2  ??  artifacts/rust-tauri/R05/RR2/B-R2/R2/classifier-evolution/r02-final-fc9971-replay/verdicts.txt
b83443ad952841ffc106b1a5df7c58aafc70da6a94d4470034102da750ff7a6a  ??  artifacts/rust-tauri/R05/RR2/B-R2/R2/classifier-evolution/r03-g01f01-replay/block-1.tsv
d14a0a2af4ee39a1b4d632b15031bc99cc14ad825d3c97fdae37f072ffd08b75  ??  artifacts/rust-tauri/R05/RR2/B-R2/R2/classifier-evolution/r03-g01f01-replay/block-2.tsv
9890503d1fe9be983ef05bde724ddb6af899f884859f915df901bd97d406cde6  ??  artifacts/rust-tauri/R05/RR2/B-R2/R2/classifier-evolution/r03-g01f01-replay/block-3.tsv
5028a75919c27d50225d94133dc0c1888b99f4674c1f35a781752ae84810c718  ??  artifacts/rust-tauri/R05/RR2/B-R2/R2/classifier-evolution/r03-g01f01-replay/block-4.tsv
c7ee83ce02c6f8dc60a82ac195ed6a05116ecb3a02bc038481f346d8b3393675  ??  artifacts/rust-tauri/R05/RR2/B-R2/R2/classifier-evolution/r03-g01f01-replay/block-5.tsv
53682fcf7ddb0c05faf1908c4109c8d4635d43eb6ea2beba411b26604d073597  ??  artifacts/rust-tauri/R05/RR2/B-R2/R2/classifier-evolution/r03-g01f01-replay/block-6.tsv
f55da04fe808809c91e2b37ad320da797c870afd91de1fa814b0fe113207ab95  ??  artifacts/rust-tauri/R05/RR2/B-R2/R2/classifier-evolution/r03-g01f01-replay/blocks.txt
d5c517b11048b6ab89df70f762e3515a231c5ca1b07034ca821511d45ae14264  ??  artifacts/rust-tauri/R05/RR2/B-R2/R2/classifier-evolution/r03-g01f01-replay/verdicts.txt
6b9ca1844e2d5a0b2209bedad312729336d94e2b2885542895f84153837288fc  ??  artifacts/rust-tauri/R05/RR2/B-R2/R2/classifier-evolution/replay-harness.sh
946739b76a5ecc4e769172864578073dabbbeb0b96b813a0f52f0bd09e795fb3  ??  artifacts/rust-tauri/R05/RR2/B-R2/R2/classifier-evolution/s5-full-4-replay/block-1.tsv
3a647ee767448eb7b919119b27276e721795d92ef774124e7dc7b1e7dd37d12e  ??  artifacts/rust-tauri/R05/RR2/B-R2/R2/classifier-evolution/s5-full-4-replay/block-2.tsv
99103cf13793bcc232b81edb0bae803f5e84a6cc6d1a93b0eb605f2a0336f2d7  ??  artifacts/rust-tauri/R05/RR2/B-R2/R2/classifier-evolution/s5-full-4-replay/block-3.tsv
76a9ae3807a1eb58979d41fbb8b03c1661f140d48a179992d9606d8d10655ece  ??  artifacts/rust-tauri/R05/RR2/B-R2/R2/classifier-evolution/s5-full-4-replay/block-4.tsv
089d6984a68f42b9309036a425da367772275f93e4e7ef06ef43c42b1a253b7f  ??  artifacts/rust-tauri/R05/RR2/B-R2/R2/classifier-evolution/s5-full-4-replay/block-5.tsv
e105d6cd6d915beb6940709e78dbf039b0319e2bfd365fc472cc8294edcd0870  ??  artifacts/rust-tauri/R05/RR2/B-R2/R2/classifier-evolution/s5-full-4-replay/block-6.tsv
81ab3f82427cd1c87bb9e0968dbc9a259f15304119c6aecb59f82d0258f0540d  ??  artifacts/rust-tauri/R05/RR2/B-R2/R2/classifier-evolution/s5-full-4-replay/blocks.txt
26edd949e54d72bb249af4a289fa204140724994a2dc2dd2aa012a8730a2b68c  ??  artifacts/rust-tauri/R05/RR2/B-R2/R2/classifier-evolution/s5-full-4-replay/verdicts.txt
475f79dae0aeaab4ddd1c695260caf78a35fd892374d916b9057bf5c9af189e5  ??  artifacts/rust-tauri/R05/RR2/B-R2/R2/debug-probe/run-root/stderr.log
cb436816a95444e320e4754ff382bb4a76cb38a3f23e0ad70c1b4534a74f95ca  ??  artifacts/rust-tauri/R05/RR2/B-R2/R2/debug-probe/run-root/stdout.log
e3b0c44298fc1c149afbf4c8996fb92427ae41e4649b934ca495991b7852b855  ??  artifacts/rust-tauri/R05/RR2/B-R2/R2/debug-probe/x/err1.log
e3b0c44298fc1c149afbf4c8996fb92427ae41e4649b934ca495991b7852b855  ??  artifacts/rust-tauri/R05/RR2/B-R2/R2/debug-probe/x/err2.log
e3b0c44298fc1c149afbf4c8996fb92427ae41e4649b934ca495991b7852b855  ??  artifacts/rust-tauri/R05/RR2/B-R2/R2/debug-probe/x/err3.log
e3b0c44298fc1c149afbf4c8996fb92427ae41e4649b934ca495991b7852b855  ??  artifacts/rust-tauri/R05/RR2/B-R2/R2/debug-probe/x/out1.log
e3b0c44298fc1c149afbf4c8996fb92427ae41e4649b934ca495991b7852b855  ??  artifacts/rust-tauri/R05/RR2/B-R2/R2/debug-probe/x/out2.log
e3b0c44298fc1c149afbf4c8996fb92427ae41e4649b934ca495991b7852b855  ??  artifacts/rust-tauri/R05/RR2/B-R2/R2/debug-probe/x/out3.log
4bce16b2e31044ac6519dbdd8a3598d96233325ad2f6e0d44c57ea4f676a0ed0  ??  artifacts/rust-tauri/R05/RR2/B-R2/R2/debug-probe2/extracted-discovery-python.py
475f79dae0aeaab4ddd1c695260caf78a35fd892374d916b9057bf5c9af189e5  ??  artifacts/rust-tauri/R05/RR2/B-R2/R2/debug-probe2/run-root/stderr.log
e42d23fd02bcae75a4fd490d1041b14715d95ab5196ddfbd2594a112e7f5732b  ??  artifacts/rust-tauri/R05/RR2/B-R2/R2/debug-probe2/run-root/stdout.log
28155615ce02a32c6efd2d1e15da0a48a329de9f5e9406a00b701c0cbeadcd33  ??  artifacts/rust-tauri/R05/RR2/B-R2/R2/illegal/work/ev-0/legacy-entry/e0-binding-exclusion-candidates.tsv
e3b0c44298fc1c149afbf4c8996fb92427ae41e4649b934ca495991b7852b855  ??  artifacts/rust-tauri/R05/RR2/B-R2/R2/illegal/work/ev-0/legacy-entry/e0-binding-exclusions.txt
e3b0c44298fc1c149afbf4c8996fb92427ae41e4649b934ca495991b7852b855  ??  artifacts/rust-tauri/R05/RR2/B-R2/R2/illegal/work/ev-0/legacy-entry/e0-run-output-sinks.txt
a871e7e1202a3868ca8fd3efd68570fb3fa0a61835702653c13a9d2133836630  ??  artifacts/rust-tauri/R05/RR2/B-R2/R2/illegal/work/ev-0/legacy-entry/summary.txt
0ddfdac972e810e3ff42e58eabfb69a888ce73a1e057d395570b8bbca3fe2d40  ??  artifacts/rust-tauri/R05/RR2/B-R2/R2/illegal/work/ev-1/legacy-entry/e0-binding-exclusion-candidates.tsv
e3b0c44298fc1c149afbf4c8996fb92427ae41e4649b934ca495991b7852b855  ??  artifacts/rust-tauri/R05/RR2/B-R2/R2/illegal/work/ev-1/legacy-entry/e0-binding-exclusions.txt
e3b0c44298fc1c149afbf4c8996fb92427ae41e4649b934ca495991b7852b855  ??  artifacts/rust-tauri/R05/RR2/B-R2/R2/illegal/work/ev-1/legacy-entry/e0-run-output-sinks.txt
e6674786b3ed830ed8748a0a43e7f48a32c3b661d9feeb72d04a42ceda087516  ??  artifacts/rust-tauri/R05/RR2/B-R2/R2/illegal/work/ev-1/legacy-entry/summary.txt
1cf13f2a6e6bfde19058d88693a0bf1017400576e814cad76bf959c1c3d3bc08  ??  artifacts/rust-tauri/R05/RR2/B-R2/R2/illegal/work/ev-2/legacy-entry/e0-binding-exclusion-candidates.tsv
e3b0c44298fc1c149afbf4c8996fb92427ae41e4649b934ca495991b7852b855  ??  artifacts/rust-tauri/R05/RR2/B-R2/R2/illegal/work/ev-2/legacy-entry/e0-binding-exclusions.txt
e3b0c44298fc1c149afbf4c8996fb92427ae41e4649b934ca495991b7852b855  ??  artifacts/rust-tauri/R05/RR2/B-R2/R2/illegal/work/ev-2/legacy-entry/e0-run-output-sinks.txt
f59d226d472e94250f6520f94e0da32013ff9eb1617293229eac4daf7c0920ca  ??  artifacts/rust-tauri/R05/RR2/B-R2/R2/illegal/work/ev-2/legacy-entry/summary.txt
475f79dae0aeaab4ddd1c695260caf78a35fd892374d916b9057bf5c9af189e5  ??  artifacts/rust-tauri/R05/RR2/B-R2/R2/illegal/work/gate-stderr-0.log
9a4a68fac173c7e8d3f39f1eede6e7caa9cd3006e5406d381f8c80aaaaa268d0  ??  artifacts/rust-tauri/R05/RR2/B-R2/R2/illegal/work/gate-stderr-1.log
e5f28f84c67d97aa72f6368dcd1486ba40f87bec127f7c6341f1f9eea273f2a5  ??  artifacts/rust-tauri/R05/RR2/B-R2/R2/illegal/work/gate-stderr-2.log
a871e7e1202a3868ca8fd3efd68570fb3fa0a61835702653c13a9d2133836630  ??  artifacts/rust-tauri/R05/RR2/B-R2/R2/illegal/work/gate-stdout-0.log
e6674786b3ed830ed8748a0a43e7f48a32c3b661d9feeb72d04a42ceda087516  ??  artifacts/rust-tauri/R05/RR2/B-R2/R2/illegal/work/gate-stdout-1.log
f59d226d472e94250f6520f94e0da32013ff9eb1617293229eac4daf7c0920ca  ??  artifacts/rust-tauri/R05/RR2/B-R2/R2/illegal/work/gate-stdout-2.log
38e13918157d35e27f56170340902af01d38318934f69f045f207fa8c9301795  ??  artifacts/rust-tauri/R05/RR2/B-R2/R2/n1/driver-console.log
e3b0c44298fc1c149afbf4c8996fb92427ae41e4649b934ca495991b7852b855  ??  artifacts/rust-tauri/R05/RR2/B-R2/R2/n1/work/ev/legacy-entry/e0-binding-exclusion-candidates.tsv
e3b0c44298fc1c149afbf4c8996fb92427ae41e4649b934ca495991b7852b855  ??  artifacts/rust-tauri/R05/RR2/B-R2/R2/n1/work/ev/legacy-entry/e0-binding-exclusions.txt
4e1c254e482dba64ff30861485e77ae75c466198f3e0b8f0cac5e56662872c9c  ??  artifacts/rust-tauri/R05/RR2/B-R2/R2/n1/work/ev/legacy-entry/e0-candidate-binding.tsv
402d501de4716230aab6602877ab1d688f1e1ca8270c2fd1c8cc92f1f5001fef  ??  artifacts/rust-tauri/R05/RR2/B-R2/R2/n1/work/ev/legacy-entry/e0-candidate-dirty.diff
1049b7d7278a9d58e5cb81a34647c10858e9f203e039a73df20800569a44e566  ??  artifacts/rust-tauri/R05/RR2/B-R2/R2/n1/work/ev/legacy-entry/e0-candidate-dirty.txt
e3b0c44298fc1c149afbf4c8996fb92427ae41e4649b934ca495991b7852b855  ??  artifacts/rust-tauri/R05/RR2/B-R2/R2/n1/work/ev/legacy-entry/e0-run-output-sinks.txt
6d452e533acba5f93351c7d46a3932e758ce91bf5db3151097eabde968d6190f  ??  artifacts/rust-tauri/R05/RR2/B-R2/R2/n1/work/ev/legacy-entry/summary.txt
07ae094e22da68a3a1d75a63bc74fefb2b7ade734e0e227919a9f21b3b2c1327  ??  artifacts/rust-tauri/R05/RR2/B-R2/R2/n1/work/gate-stderr.log
6d452e533acba5f93351c7d46a3932e758ce91bf5db3151097eabde968d6190f  ??  artifacts/rust-tauri/R05/RR2/B-R2/R2/n1/work/gate-stdout.log
e75a4dde400a2f7b30835d00d0441279cec6561a9ca804e54f720f4bddaac525  ??  artifacts/rust-tauri/R05/RR2/B-R2/R2/n1/work/mutation.log
cf4801f908778666309315f506e4fc6487757482c76198439094dd19336c5e51  ??  artifacts/rust-tauri/R05/RR2/B-R2/R2/n2/driver-console.log
e3b0c44298fc1c149afbf4c8996fb92427ae41e4649b934ca495991b7852b855  ??  artifacts/rust-tauri/R05/RR2/B-R2/R2/n2/work/ev/legacy-entry/e0-binding-exclusion-candidates.tsv
e3b0c44298fc1c149afbf4c8996fb92427ae41e4649b934ca495991b7852b855  ??  artifacts/rust-tauri/R05/RR2/B-R2/R2/n2/work/ev/legacy-entry/e0-binding-exclusions.txt
4e1c254e482dba64ff30861485e77ae75c466198f3e0b8f0cac5e56662872c9c  ??  artifacts/rust-tauri/R05/RR2/B-R2/R2/n2/work/ev/legacy-entry/e0-candidate-binding.tsv
402d501de4716230aab6602877ab1d688f1e1ca8270c2fd1c8cc92f1f5001fef  ??  artifacts/rust-tauri/R05/RR2/B-R2/R2/n2/work/ev/legacy-entry/e0-candidate-dirty.diff
1049b7d7278a9d58e5cb81a34647c10858e9f203e039a73df20800569a44e566  ??  artifacts/rust-tauri/R05/RR2/B-R2/R2/n2/work/ev/legacy-entry/e0-candidate-dirty.txt
e3b0c44298fc1c149afbf4c8996fb92427ae41e4649b934ca495991b7852b855  ??  artifacts/rust-tauri/R05/RR2/B-R2/R2/n2/work/ev/legacy-entry/e0-run-output-sinks.txt
429409a237d4c89c8d405a69c3fa173303e501853bcd99f8436e3c9fd07df36f  ??  artifacts/rust-tauri/R05/RR2/B-R2/R2/n2/work/ev/legacy-entry/summary.txt
07ae094e22da68a3a1d75a63bc74fefb2b7ade734e0e227919a9f21b3b2c1327  ??  artifacts/rust-tauri/R05/RR2/B-R2/R2/n2/work/gate-stderr.log
429409a237d4c89c8d405a69c3fa173303e501853bcd99f8436e3c9fd07df36f  ??  artifacts/rust-tauri/R05/RR2/B-R2/R2/n2/work/gate-stdout.log
b62f5e3c0901e0600e9b0924b14c967c5e44e4b69a95c40ced7174cb7c70dc17  ??  artifacts/rust-tauri/R05/RR2/B-R2/R2/n2/work/mutation.log
892ee67bcdafffd7b82488e280b1385b22d4598ecc77b8f6e9bb58e41be0474f  ??  artifacts/rust-tauri/R05/RR2/B-R2/R2/n3/driver-console.log
e3b0c44298fc1c149afbf4c8996fb92427ae41e4649b934ca495991b7852b855  ??  artifacts/rust-tauri/R05/RR2/B-R2/R2/n3/work/ev/legacy-entry/e0-binding-exclusion-candidates.tsv
e3b0c44298fc1c149afbf4c8996fb92427ae41e4649b934ca495991b7852b855  ??  artifacts/rust-tauri/R05/RR2/B-R2/R2/n3/work/ev/legacy-entry/e0-binding-exclusions.txt
4e1c254e482dba64ff30861485e77ae75c466198f3e0b8f0cac5e56662872c9c  ??  artifacts/rust-tauri/R05/RR2/B-R2/R2/n3/work/ev/legacy-entry/e0-candidate-binding.tsv
402d501de4716230aab6602877ab1d688f1e1ca8270c2fd1c8cc92f1f5001fef  ??  artifacts/rust-tauri/R05/RR2/B-R2/R2/n3/work/ev/legacy-entry/e0-candidate-dirty.diff
1049b7d7278a9d58e5cb81a34647c10858e9f203e039a73df20800569a44e566  ??  artifacts/rust-tauri/R05/RR2/B-R2/R2/n3/work/ev/legacy-entry/e0-candidate-dirty.txt
e3b0c44298fc1c149afbf4c8996fb92427ae41e4649b934ca495991b7852b855  ??  artifacts/rust-tauri/R05/RR2/B-R2/R2/n3/work/ev/legacy-entry/e0-run-output-sinks.txt
af680a9c76baaf0a7b34cd6c0ebef5dca8ab23834a02ba87ad59c6b31eeebc8d  ??  artifacts/rust-tauri/R05/RR2/B-R2/R2/n3/work/ev/legacy-entry/summary.txt
07ae094e22da68a3a1d75a63bc74fefb2b7ade734e0e227919a9f21b3b2c1327  ??  artifacts/rust-tauri/R05/RR2/B-R2/R2/n3/work/gate-stderr.log
af680a9c76baaf0a7b34cd6c0ebef5dca8ab23834a02ba87ad59c6b31eeebc8d  ??  artifacts/rust-tauri/R05/RR2/B-R2/R2/n3/work/gate-stdout.log
2f62337db6c063b57827875d0e59b4c544156f457a1d1c8894dfce42ca1007ef  ??  artifacts/rust-tauri/R05/RR2/B-R2/R2/n3/work/mutation.log
966119db256e178e7da3b1cb7cacecb63f14d7f869790d8659f3c6668fcddfb2  ??  artifacts/rust-tauri/R05/RR2/B-R2/R2/n4a/driver-console.log
e3b0c44298fc1c149afbf4c8996fb92427ae41e4649b934ca495991b7852b855  ??  artifacts/rust-tauri/R05/RR2/B-R2/R2/n4a/work/ev/legacy-entry/e0-binding-exclusion-candidates.tsv
e3b0c44298fc1c149afbf4c8996fb92427ae41e4649b934ca495991b7852b855  ??  artifacts/rust-tauri/R05/RR2/B-R2/R2/n4a/work/ev/legacy-entry/e0-binding-exclusions.txt
4e1c254e482dba64ff30861485e77ae75c466198f3e0b8f0cac5e56662872c9c  ??  artifacts/rust-tauri/R05/RR2/B-R2/R2/n4a/work/ev/legacy-entry/e0-candidate-binding.tsv
402d501de4716230aab6602877ab1d688f1e1ca8270c2fd1c8cc92f1f5001fef  ??  artifacts/rust-tauri/R05/RR2/B-R2/R2/n4a/work/ev/legacy-entry/e0-candidate-dirty.diff
1049b7d7278a9d58e5cb81a34647c10858e9f203e039a73df20800569a44e566  ??  artifacts/rust-tauri/R05/RR2/B-R2/R2/n4a/work/ev/legacy-entry/e0-candidate-dirty.txt
e3b0c44298fc1c149afbf4c8996fb92427ae41e4649b934ca495991b7852b855  ??  artifacts/rust-tauri/R05/RR2/B-R2/R2/n4a/work/ev/legacy-entry/e0-run-output-sinks.txt
0abe7de98a3d3d197a2fd331b9d7cc2877c3c26b05bb1b14b54160d1ec2f7bc0  ??  artifacts/rust-tauri/R05/RR2/B-R2/R2/n4a/work/ev/legacy-entry/summary.txt
07ae094e22da68a3a1d75a63bc74fefb2b7ade734e0e227919a9f21b3b2c1327  ??  artifacts/rust-tauri/R05/RR2/B-R2/R2/n4a/work/gate-stderr.log
0abe7de98a3d3d197a2fd331b9d7cc2877c3c26b05bb1b14b54160d1ec2f7bc0  ??  artifacts/rust-tauri/R05/RR2/B-R2/R2/n4a/work/gate-stdout.log
8286499e4154e7506ebd49543001af21a453a5d279f2e0f4a552e0a9ff46b192  ??  artifacts/rust-tauri/R05/RR2/B-R2/R2/n4a/work/mutation.log
e3b0c44298fc1c149afbf4c8996fb92427ae41e4649b934ca495991b7852b855  ??  artifacts/rust-tauri/R05/RR2/B-R2/R2/n4b/work/ev/legacy-entry/e0-binding-exclusion-candidates.tsv
e3b0c44298fc1c149afbf4c8996fb92427ae41e4649b934ca495991b7852b855  ??  artifacts/rust-tauri/R05/RR2/B-R2/R2/n4b/work/ev/legacy-entry/e0-binding-exclusions.txt
9e635477aa37ec6f71bab392dc621a9713e417c79f72fd06ec15407dd9b050d2  ??  artifacts/rust-tauri/R05/RR2/B-R2/R2/n4b/work/ev/legacy-entry/e0-candidate-binding.tsv
402d501de4716230aab6602877ab1d688f1e1ca8270c2fd1c8cc92f1f5001fef  ??  artifacts/rust-tauri/R05/RR2/B-R2/R2/n4b/work/ev/legacy-entry/e0-candidate-dirty.diff
1049b7d7278a9d58e5cb81a34647c10858e9f203e039a73df20800569a44e566  ??  artifacts/rust-tauri/R05/RR2/B-R2/R2/n4b/work/ev/legacy-entry/e0-candidate-dirty.txt
e3b0c44298fc1c149afbf4c8996fb92427ae41e4649b934ca495991b7852b855  ??  artifacts/rust-tauri/R05/RR2/B-R2/R2/n4b/work/ev/legacy-entry/e0-run-output-sinks.txt
6d435c09b2e1ed62758962bf1db766f9885bc046c21027c60389e3ab1426b7ae  ??  artifacts/rust-tauri/R05/RR2/B-R2/R2/n4b/work/ev/legacy-entry/summary.txt
07ae094e22da68a3a1d75a63bc74fefb2b7ade734e0e227919a9f21b3b2c1327  ??  artifacts/rust-tauri/R05/RR2/B-R2/R2/n4b/work/gate-stderr.log
6d435c09b2e1ed62758962bf1db766f9885bc046c21027c60389e3ab1426b7ae  ??  artifacts/rust-tauri/R05/RR2/B-R2/R2/n4b/work/gate-stdout.log
b7a024f2e555bd9992f45b8773705d2b089082bb61b34759363953284ae1b837  ??  artifacts/rust-tauri/R05/RR2/B-R2/R2/n6a/work/ev/legacy-entry/e0-base-checkout.log
523ab963a6589a5728516dedfd166d3bb33ca94dad0fc96ba72028e6cc17b218  ??  artifacts/rust-tauri/R05/RR2/B-R2/R2/n6a/work/ev/legacy-entry/e0-base-purity.txt
aa795d1ea38f3e54a5ddd2767aa2c20b75608f9d50096f0099570bc501146b39  ??  artifacts/rust-tauri/R05/RR2/B-R2/R2/n6a/work/ev/legacy-entry/e0-binding-exclusion-candidates.tsv
69711949edb90f396704975bae9167e0d285de4a826019d2528e619464109042  ??  artifacts/rust-tauri/R05/RR2/B-R2/R2/n6a/work/ev/legacy-entry/e0-binding-exclusions.txt
fe855d479dd0f39db25fc019e935bce382704d586c36cf3963b27bc49d167ed8  ??  artifacts/rust-tauri/R05/RR2/B-R2/R2/n6a/work/ev/legacy-entry/e0-candidate-binding.tsv
402d501de4716230aab6602877ab1d688f1e1ca8270c2fd1c8cc92f1f5001fef  ??  artifacts/rust-tauri/R05/RR2/B-R2/R2/n6a/work/ev/legacy-entry/e0-candidate-dirty.diff
1049b7d7278a9d58e5cb81a34647c10858e9f203e039a73df20800569a44e566  ??  artifacts/rust-tauri/R05/RR2/B-R2/R2/n6a/work/ev/legacy-entry/e0-candidate-dirty.txt
154ca2b5903a069a7db14942cf1d2fe976b15c2c708e179404d54042decdff41  ??  artifacts/rust-tauri/R05/RR2/B-R2/R2/n6a/work/ev/legacy-entry/e0-run-output-sinks.txt
76fc19aab644b62ae8d739f50e49f187174fa52d49c8560517802b270ebe7e61  ??  artifacts/rust-tauri/R05/RR2/B-R2/R2/n6a/work/ev/legacy-entry/e0s-self-checks.log
dafecdaa505ce47155b8f0b1a6b9d326f65e6e84a229add0428c0fb851a0e505  ??  artifacts/rust-tauri/R05/RR2/B-R2/R2/n6a/work/ev/legacy-entry/e1-binding-surface-intersect.txt
e478b5019f8dc054385b670fc46863aacb8ae7bb2c6af54b195ae23a7474e9a3  ??  artifacts/rust-tauri/R05/RR2/B-R2/R2/n6a/work/ev/legacy-entry/e1-default-entry-assertions.txt
ef2350de6ebbff4c6a51fabb6fb01f20fc0a67edbd04555ea9e9a1603d3e4f19  ??  artifacts/rust-tauri/R05/RR2/B-R2/R2/n6a/work/ev/legacy-entry/e1-surface-diff-files.txt
b32daeef2af45d85547f664e7ad68b9dd0c290942ad702592eff35b5cb4a65d8  ??  artifacts/rust-tauri/R05/RR2/B-R2/R2/n6a/work/ev/legacy-entry/e2-typecheck.log
9a3a2b6ce40e47627287266176c6142f859d948935aa73c756c0a6e541a2ced7  ??  artifacts/rust-tauri/R05/RR2/B-R2/R2/n6a/work/ev/legacy-entry/e3-core-contracts.log
29283919272ac88be8e2418350592c2167114d8a402ef2e16a2ea990b0f3f314  ??  artifacts/rust-tauri/R05/RR2/B-R2/R2/n6a/work/ev/legacy-entry/e4-5-build-renderer.log
c11e6e8682611ee33a4fbebfb0c523ff0ac68101d9ffaba047b473467f04fcda  ??  artifacts/rust-tauri/R05/RR2/B-R2/R2/n6a/work/ev/legacy-entry/e4-dependency-boundaries.log
534d14a715be12a3b18831a54b9a1dbbff8bed8e4667b56d795f8036e42f72d3  ??  artifacts/rust-tauri/R05/RR2/B-R2/R2/n6a/work/ev/legacy-entry/e4-tool-invocation-boundaries.log
65a8e4d55d1d7b3d0f11e06928569acf896fdaa4c01cf07c3eb17427b16c603a  ??  artifacts/rust-tauri/R05/RR2/B-R2/R2/n6a/work/ev/legacy-entry/e5-cause-classes.txt
a6336e88a861d5d65bf8332c6e104672fbecde11272907b15e2847bc36cfc7b2  ??  artifacts/rust-tauri/R05/RR2/B-R2/R2/n6a/work/ev/legacy-entry/e5-seal-family.txt
6b4f77dfe4b969898b4f66c287891b06b2b6fe111d6c32c5390bdd3b8e7bd937  ??  artifacts/rust-tauri/R05/RR2/B-R2/R2/n6a/work/ev/legacy-entry/summary.txt
e3b0c44298fc1c149afbf4c8996fb92427ae41e4649b934ca495991b7852b855  ??  artifacts/rust-tauri/R05/RR2/B-R2/R2/n6a/work/gate-stderr-was-stderr.log
aa795d1ea38f3e54a5ddd2767aa2c20b75608f9d50096f0099570bc501146b39  ??  artifacts/rust-tauri/R05/RR2/B-R2/R2/n6b/work/ev/legacy-entry/e0-binding-exclusion-candidates.tsv
69711949edb90f396704975bae9167e0d285de4a826019d2528e619464109042  ??  artifacts/rust-tauri/R05/RR2/B-R2/R2/n6b/work/ev/legacy-entry/e0-binding-exclusions.txt
fe855d479dd0f39db25fc019e935bce382704d586c36cf3963b27bc49d167ed8  ??  artifacts/rust-tauri/R05/RR2/B-R2/R2/n6b/work/ev/legacy-entry/e0-candidate-binding.tsv
402d501de4716230aab6602877ab1d688f1e1ca8270c2fd1c8cc92f1f5001fef  ??  artifacts/rust-tauri/R05/RR2/B-R2/R2/n6b/work/ev/legacy-entry/e0-candidate-dirty.diff
1049b7d7278a9d58e5cb81a34647c10858e9f203e039a73df20800569a44e566  ??  artifacts/rust-tauri/R05/RR2/B-R2/R2/n6b/work/ev/legacy-entry/e0-candidate-dirty.txt
154ca2b5903a069a7db14942cf1d2fe976b15c2c708e179404d54042decdff41  ??  artifacts/rust-tauri/R05/RR2/B-R2/R2/n6b/work/ev/legacy-entry/e0-run-output-sinks.txt
c5ea4d427f206c5c6db9b4cec1d7f2fd2f5ff8df7a38fc8caa6f823ce55f5dff  ??  artifacts/rust-tauri/R05/RR2/B-R2/R2/n6b/work/ev/legacy-entry/summary.txt
07ae094e22da68a3a1d75a63bc74fefb2b7ade734e0e227919a9f21b3b2c1327  ??  artifacts/rust-tauri/R05/RR2/B-R2/R2/n6b/work/gate-stderr-was-stderr.log
9f6fdc766a65c8aee4c0d5a2803db91b6712a8e325b4d60266f6ae3d8a5c2ef9  ??  artifacts/rust-tauri/R05/RR2/B-R2/R2/recovery/incident-and-restore.txt
e3b0c44298fc1c149afbf4c8996fb92427ae41e4649b934ca495991b7852b855  ??  artifacts/rust-tauri/R05/RR2/B-R2/R2/review-r1/b-r3-recheck/note-stderr.txt
2107b9e5c174556f652ebabe179f54240e70bc74ad5cbed5ca1f4d3714426fdf  ??  artifacts/rust-tauri/R05/RR2/B-R2/R2/review-r1/b-r3-recheck/note-stdout.txt
5bc92b4edc2581d9c468fcbad0186c115a110f420a3699ab5dbb9b924d1c56a7  ??  artifacts/rust-tauri/R05/RR2/B-R2/R2/review-r1/f44/f44-seal-vitest.log
b7a024f2e555bd9992f45b8773705d2b089082bb61b34759363953284ae1b837  ??  artifacts/rust-tauri/R05/RR2/B-R2/R2/review-r1/full/ev/legacy-entry/e0-base-checkout.log
523ab963a6589a5728516dedfd166d3bb33ca94dad0fc96ba72028e6cc17b218  ??  artifacts/rust-tauri/R05/RR2/B-R2/R2/review-r1/full/ev/legacy-entry/e0-base-purity.txt
2f1c10b63ef213847a7ff8b2054a6078fea3873a498af619a4d2e2e239653c28  ??  artifacts/rust-tauri/R05/RR2/B-R2/R2/review-r1/full/ev/legacy-entry/e0-binding-exclusion-candidates.tsv
594432cd063f29e2db39c6fe706efad53918262af29cb72ff5271c1d63430bad  ??  artifacts/rust-tauri/R05/RR2/B-R2/R2/review-r1/full/ev/legacy-entry/e0-binding-exclusions.txt
cd68993e5b95ec319bbd1df164b511ed38862934dbd899824645336244b712d7  ??  artifacts/rust-tauri/R05/RR2/B-R2/R2/review-r1/full/ev/legacy-entry/e0-candidate-binding.tsv
76dc97291b857e697dd716815e1a6ed6c492817135b0086a4412f823e18ca1c9  ??  artifacts/rust-tauri/R05/RR2/B-R2/R2/review-r1/full/ev/legacy-entry/e0-candidate-dirty.diff
23a0ef265c8845b4a530c2705f6bb9cf1d8f2855f785d51d91afb67ac9758601  ??  artifacts/rust-tauri/R05/RR2/B-R2/R2/review-r1/full/ev/legacy-entry/e0-candidate-dirty.txt
0ef8ece6c43117b079c7ee32b28de80b4ff2d72d070231d9969e87e60e3d971d  ??  artifacts/rust-tauri/R05/RR2/B-R2/R2/review-r1/full/ev/legacy-entry/e0-run-output-sinks.txt
eb100fc500bfb1586660649b548ef26c4067cefc561f425fd8c380430c64e5a5  ??  artifacts/rust-tauri/R05/RR2/B-R2/R2/review-r1/full/ev/legacy-entry/e0s-self-checks.log
a6336e88a861d5d65bf8332c6e104672fbecde11272907b15e2847bc36cfc7b2  ??  artifacts/rust-tauri/R05/RR2/B-R2/R2/review-r1/full/ev/legacy-entry/e1-binding-surface-intersect.txt
e478b5019f8dc054385b670fc46863aacb8ae7bb2c6af54b195ae23a7474e9a3  ??  artifacts/rust-tauri/R05/RR2/B-R2/R2/review-r1/full/ev/legacy-entry/e1-default-entry-assertions.txt
46eb880cfa4d06be6d22100f8536cad69a8c39607e9d8528cd52d4c2ead0aa82  ??  artifacts/rust-tauri/R05/RR2/B-R2/R2/review-r1/full/ev/legacy-entry/e1-surface-diff-files.txt
b32daeef2af45d85547f664e7ad68b9dd0c290942ad702592eff35b5cb4a65d8  ??  artifacts/rust-tauri/R05/RR2/B-R2/R2/review-r1/full/ev/legacy-entry/e2-typecheck.log
9a3a2b6ce40e47627287266176c6142f859d948935aa73c756c0a6e541a2ced7  ??  artifacts/rust-tauri/R05/RR2/B-R2/R2/review-r1/full/ev/legacy-entry/e3-core-contracts.log
bfa25c47016e949949a3cd6f07d35f0b3e6517150331dbd387cb413c4413d63b  ??  artifacts/rust-tauri/R05/RR2/B-R2/R2/review-r1/full/ev/legacy-entry/e4-5-build-renderer.log
c11e6e8682611ee33a4fbebfb0c523ff0ac68101d9ffaba047b473467f04fcda  ??  artifacts/rust-tauri/R05/RR2/B-R2/R2/review-r1/full/ev/legacy-entry/e4-dependency-boundaries.log
534d14a715be12a3b18831a54b9a1dbbff8bed8e4667b56d795f8036e42f72d3  ??  artifacts/rust-tauri/R05/RR2/B-R2/R2/review-r1/full/ev/legacy-entry/e4-tool-invocation-boundaries.log
1a371dffb0030bfdd40cd331fbb45ef856ef7362efccf20e639d2c995cb27a35  ??  artifacts/rust-tauri/R05/RR2/B-R2/R2/review-r1/full/ev/legacy-entry/e5-candidate-npm-test.log
dc037e2a7e0a9111f262aea8475f4fd0cc2a87c5420170ee1650860fa93f9781  ??  artifacts/rust-tauri/R05/RR2/B-R2/R2/review-r1/full/ev/legacy-entry/e5-candidate-summary-counts.txt
5f701518ba973eacb3a10bf7c9897917938d5838a66fd145fe3045cee1ba9ec3  ??  artifacts/rust-tauri/R05/RR2/B-R2/R2/review-r1/full/ev/legacy-entry/e5-candidate-vitest-summary.txt
17db9f94288ee8b1974c2333898e47b8c0a1c8b5995d0ffbc5e1e86961853969  ??  artifacts/rust-tauri/R05/RR2/B-R2/R2/review-r1/full/ev/legacy-entry/e5-cause-classes.txt
a6336e88a861d5d65bf8332c6e104672fbecde11272907b15e2847bc36cfc7b2  ??  artifacts/rust-tauri/R05/RR2/B-R2/R2/review-r1/full/ev/legacy-entry/e5-seal-family.txt
6c673eac98f151527d0d0a8ace72b30157ce70c467535468cfe2d9ee2406753f  ??  artifacts/rust-tauri/R05/RR2/B-R2/R2/review-r1/full/ev/legacy-entry/summary.txt
f4c4b9b80f4a9248d3916c3b45eb96954ade57144b8b8cbd7f07aa32491dd545  ??  artifacts/rust-tauri/R05/RR2/B-R2/R2/review-r1/full/run-root/stderr.log
2dfbafc8d1ea589c1b30f1dab414ef4a2c87bb5bcedcca40c64e396dc74d6dae  ??  artifacts/rust-tauri/R05/RR2/B-R2/R2/review-r1/full/run-root/stdout.log
ed816de39f1cf15f0f533b452ab62746000f2fcce967738bf392c3e4d9ef8b55  ??  artifacts/rust-tauri/R05/RR2/B-R2/R2/review-r1/il-art/ev/legacy-entry/e0-binding-exclusion-candidates.tsv
19173137c5284db37626c9e7e3868bd22b1cf330d486635aa6fd1620ec50c765  ??  artifacts/rust-tauri/R05/RR2/B-R2/R2/review-r1/il-art/ev/legacy-entry/e0-binding-exclusions.txt
17697acb3037a6d951bfc98b2dd68583e5bf73ce9e729072f7d6877eb0054252  ??  artifacts/rust-tauri/R05/RR2/B-R2/R2/review-r1/il-art/ev/legacy-entry/e0-run-output-sinks.txt
307ecf5d9d0da5381825464d12a3b1e8ae9194c88b67ac4f99deebfc89cee250  ??  artifacts/rust-tauri/R05/RR2/B-R2/R2/review-r1/il-art/ev/legacy-entry/summary.txt
d62716fdf330425c260cb0b35a8fdbab36a3fe358e9c3a32c300559401535a54  ??  artifacts/rust-tauri/R05/RR2/B-R2/R2/review-r1/il-rust/ev/legacy-entry/e0-binding-exclusion-candidates.tsv
6b7d4a44a33774862db9fb2bd4b275df226bc426c2605362e4a5ae0592bfc053  ??  artifacts/rust-tauri/R05/RR2/B-R2/R2/review-r1/il-rust/ev/legacy-entry/e0-binding-exclusions.txt
e4ad1cdb22bb5609393a3e214e198216b3dc03dd26c26aecf46cedd25bdd3b26  ??  artifacts/rust-tauri/R05/RR2/B-R2/R2/review-r1/il-rust/ev/legacy-entry/e0-run-output-sinks.txt
48a552403b367be2c59a855523b0c7c578ae474c1e06dfd57cc67d46d0957ee9  ??  artifacts/rust-tauri/R05/RR2/B-R2/R2/review-r1/il-rust/ev/legacy-entry/summary.txt
e5f28f84c67d97aa72f6368dcd1486ba40f87bec127f7c6341f1f9eea273f2a5  ??  artifacts/rust-tauri/R05/RR2/B-R2/R2/review-r1/illegal/art-stderr.log
307ecf5d9d0da5381825464d12a3b1e8ae9194c88b67ac4f99deebfc89cee250  ??  artifacts/rust-tauri/R05/RR2/B-R2/R2/review-r1/illegal/art-stdout.log
475f79dae0aeaab4ddd1c695260caf78a35fd892374d916b9057bf5c9af189e5  ??  artifacts/rust-tauri/R05/RR2/B-R2/R2/review-r1/illegal/rust-stderr.log
9bdd00c75138ea13aade870d27f53dee26d3ef07d5cb4b7a627a559a993a57cc  ??  artifacts/rust-tauri/R05/RR2/B-R2/R2/review-r1/n1/n1-run.log
b7a024f2e555bd9992f45b8773705d2b089082bb61b34759363953284ae1b837  ??  artifacts/rust-tauri/R05/RR2/B-R2/R2/review-r1/s1a/ev/legacy-entry/e0-base-checkout.log
523ab963a6589a5728516dedfd166d3bb33ca94dad0fc96ba72028e6cc17b218  ??  artifacts/rust-tauri/R05/RR2/B-R2/R2/review-r1/s1a/ev/legacy-entry/e0-base-purity.txt
0455b423860b3725ba1e9265db48a9cebbc5cd94d35812d822f8ed81d15d9298  ??  artifacts/rust-tauri/R05/RR2/B-R2/R2/review-r1/s1a/ev/legacy-entry/e0-binding-exclusion-candidates.tsv
e08c71c8467052ecac51d5ee6f2cc15d8ea47a6c26a6d2cb864eaa9628deafb0  ??  artifacts/rust-tauri/R05/RR2/B-R2/R2/review-r1/s1a/ev/legacy-entry/e0-binding-exclusions.txt
0afabd700a88e875d4fedde0cfb830fba308f7942beecb3eb54270dc38a2bb4f  ??  artifacts/rust-tauri/R05/RR2/B-R2/R2/review-r1/s1a/ev/legacy-entry/e0-candidate-binding.tsv
76dc97291b857e697dd716815e1a6ed6c492817135b0086a4412f823e18ca1c9  ??  artifacts/rust-tauri/R05/RR2/B-R2/R2/review-r1/s1a/ev/legacy-entry/e0-candidate-dirty.diff
23a0ef265c8845b4a530c2705f6bb9cf1d8f2855f785d51d91afb67ac9758601  ??  artifacts/rust-tauri/R05/RR2/B-R2/R2/review-r1/s1a/ev/legacy-entry/e0-candidate-dirty.txt
f20e1868c7251d01a667464fffffbbb1905cea345cf831f6aac7b204ae3048c9  ??  artifacts/rust-tauri/R05/RR2/B-R2/R2/review-r1/s1a/ev/legacy-entry/e0-run-output-sinks.txt
eb100fc500bfb1586660649b548ef26c4067cefc561f425fd8c380430c64e5a5  ??  artifacts/rust-tauri/R05/RR2/B-R2/R2/review-r1/s1a/ev/legacy-entry/e0s-self-checks.log
a6336e88a861d5d65bf8332c6e104672fbecde11272907b15e2847bc36cfc7b2  ??  artifacts/rust-tauri/R05/RR2/B-R2/R2/review-r1/s1a/ev/legacy-entry/e1-binding-surface-intersect.txt
e478b5019f8dc054385b670fc46863aacb8ae7bb2c6af54b195ae23a7474e9a3  ??  artifacts/rust-tauri/R05/RR2/B-R2/R2/review-r1/s1a/ev/legacy-entry/e1-default-entry-assertions.txt
46eb880cfa4d06be6d22100f8536cad69a8c39607e9d8528cd52d4c2ead0aa82  ??  artifacts/rust-tauri/R05/RR2/B-R2/R2/review-r1/s1a/ev/legacy-entry/e1-surface-diff-files.txt
b32daeef2af45d85547f664e7ad68b9dd0c290942ad702592eff35b5cb4a65d8  ??  artifacts/rust-tauri/R05/RR2/B-R2/R2/review-r1/s1a/ev/legacy-entry/e2-typecheck.log
9a3a2b6ce40e47627287266176c6142f859d948935aa73c756c0a6e541a2ced7  ??  artifacts/rust-tauri/R05/RR2/B-R2/R2/review-r1/s1a/ev/legacy-entry/e3-core-contracts.log
ae6f1bbb617176034b09bac09a6496ba14e3176856bb38109647a0bc0cf78ca8  ??  artifacts/rust-tauri/R05/RR2/B-R2/R2/review-r1/s1a/ev/legacy-entry/e4-5-build-renderer.log
c11e6e8682611ee33a4fbebfb0c523ff0ac68101d9ffaba047b473467f04fcda  ??  artifacts/rust-tauri/R05/RR2/B-R2/R2/review-r1/s1a/ev/legacy-entry/e4-dependency-boundaries.log
534d14a715be12a3b18831a54b9a1dbbff8bed8e4667b56d795f8036e42f72d3  ??  artifacts/rust-tauri/R05/RR2/B-R2/R2/review-r1/s1a/ev/legacy-entry/e4-tool-invocation-boundaries.log
17db9f94288ee8b1974c2333898e47b8c0a1c8b5995d0ffbc5e1e86961853969  ??  artifacts/rust-tauri/R05/RR2/B-R2/R2/review-r1/s1a/ev/legacy-entry/e5-cause-classes.txt
a6336e88a861d5d65bf8332c6e104672fbecde11272907b15e2847bc36cfc7b2  ??  artifacts/rust-tauri/R05/RR2/B-R2/R2/review-r1/s1a/ev/legacy-entry/e5-seal-family.txt
0cec106cf15dc88167608af32f7fb239ac9104cfc6786981cb555eb6d7583b2d  ??  artifacts/rust-tauri/R05/RR2/B-R2/R2/review-r1/s1a/ev/legacy-entry/summary.txt
e3b0c44298fc1c149afbf4c8996fb92427ae41e4649b934ca495991b7852b855  ??  artifacts/rust-tauri/R05/RR2/B-R2/R2/review-r1/s1a/gate-stderr.log
0f3933979a22a6f3074a94adabafe3c3f211060b93bf156870acc2ec9be2a026  ??  artifacts/rust-tauri/R05/RR2/B-R2/R2/review-r1/s1a/gate-stdout.log
b7a024f2e555bd9992f45b8773705d2b089082bb61b34759363953284ae1b837  ??  artifacts/rust-tauri/R05/RR2/B-R2/R2/s1a/work/captured/ev/legacy-entry/e0-base-checkout.log
523ab963a6589a5728516dedfd166d3bb33ca94dad0fc96ba72028e6cc17b218  ??  artifacts/rust-tauri/R05/RR2/B-R2/R2/s1a/work/captured/ev/legacy-entry/e0-base-purity.txt
3151e5d5ae4af43423e28d7f842a5d4736480f5d1c3ee572f378c46a980909bb  ??  artifacts/rust-tauri/R05/RR2/B-R2/R2/s1a/work/captured/ev/legacy-entry/e0-binding-exclusion-candidates.tsv
01de5aeab47ed16256f0f33d0f3401ddfd94797e8c02f04f045552619bb5d9c8  ??  artifacts/rust-tauri/R05/RR2/B-R2/R2/s1a/work/captured/ev/legacy-entry/e0-binding-exclusions.txt
380f4009835121a31a4f6cd1cda2ef3fdf243fc985749c30f1911da993e0e7b8  ??  artifacts/rust-tauri/R05/RR2/B-R2/R2/s1a/work/captured/ev/legacy-entry/e0-candidate-binding.tsv
402d501de4716230aab6602877ab1d688f1e1ca8270c2fd1c8cc92f1f5001fef  ??  artifacts/rust-tauri/R05/RR2/B-R2/R2/s1a/work/captured/ev/legacy-entry/e0-candidate-dirty.diff
1049b7d7278a9d58e5cb81a34647c10858e9f203e039a73df20800569a44e566  ??  artifacts/rust-tauri/R05/RR2/B-R2/R2/s1a/work/captured/ev/legacy-entry/e0-candidate-dirty.txt
57f566f51dc4ca4370ed4045197cc6a31c43c21bed4549cbbc3b36e56ee9b52f  ??  artifacts/rust-tauri/R05/RR2/B-R2/R2/s1a/work/captured/ev/legacy-entry/e0-run-output-sinks.txt
76fc19aab644b62ae8d739f50e49f187174fa52d49c8560517802b270ebe7e61  ??  artifacts/rust-tauri/R05/RR2/B-R2/R2/s1a/work/captured/ev/legacy-entry/e0s-self-checks.log
dafecdaa505ce47155b8f0b1a6b9d326f65e6e84a229add0428c0fb851a0e505  ??  artifacts/rust-tauri/R05/RR2/B-R2/R2/s1a/work/captured/ev/legacy-entry/e1-binding-surface-intersect.txt
e478b5019f8dc054385b670fc46863aacb8ae7bb2c6af54b195ae23a7474e9a3  ??  artifacts/rust-tauri/R05/RR2/B-R2/R2/s1a/work/captured/ev/legacy-entry/e1-default-entry-assertions.txt
ef2350de6ebbff4c6a51fabb6fb01f20fc0a67edbd04555ea9e9a1603d3e4f19  ??  artifacts/rust-tauri/R05/RR2/B-R2/R2/s1a/work/captured/ev/legacy-entry/e1-surface-diff-files.txt
b32daeef2af45d85547f664e7ad68b9dd0c290942ad702592eff35b5cb4a65d8  ??  artifacts/rust-tauri/R05/RR2/B-R2/R2/s1a/work/captured/ev/legacy-entry/e2-typecheck.log
9a3a2b6ce40e47627287266176c6142f859d948935aa73c756c0a6e541a2ced7  ??  artifacts/rust-tauri/R05/RR2/B-R2/R2/s1a/work/captured/ev/legacy-entry/e3-core-contracts.log
5c76b6434688c6a787d4526e360429d87ed3196f1503ca16fc7c12138cbad0bb  ??  artifacts/rust-tauri/R05/RR2/B-R2/R2/s1a/work/captured/ev/legacy-entry/e4-5-build-renderer.log
c11e6e8682611ee33a4fbebfb0c523ff0ac68101d9ffaba047b473467f04fcda  ??  artifacts/rust-tauri/R05/RR2/B-R2/R2/s1a/work/captured/ev/legacy-entry/e4-dependency-boundaries.log
534d14a715be12a3b18831a54b9a1dbbff8bed8e4667b56d795f8036e42f72d3  ??  artifacts/rust-tauri/R05/RR2/B-R2/R2/s1a/work/captured/ev/legacy-entry/e4-tool-invocation-boundaries.log
65a8e4d55d1d7b3d0f11e06928569acf896fdaa4c01cf07c3eb17427b16c603a  ??  artifacts/rust-tauri/R05/RR2/B-R2/R2/s1a/work/captured/ev/legacy-entry/e5-cause-classes.txt
a6336e88a861d5d65bf8332c6e104672fbecde11272907b15e2847bc36cfc7b2  ??  artifacts/rust-tauri/R05/RR2/B-R2/R2/s1a/work/captured/ev/legacy-entry/e5-seal-family.txt
76c475734004d5dac2d6eec4bb416af13e5a1a36b918981c6365d60468c6665c  ??  artifacts/rust-tauri/R05/RR2/B-R2/R2/s1a/work/captured/ev/legacy-entry/summary.txt
2fcf7c441ace2bf48252fc6722e9ccd7bf148fe2dbf85145fc8b9207d94ff0d2  ??  artifacts/rust-tauri/R05/RR2/B-R2/R2/s1a/work/captured/gate-stdout.log
eefdca627a8634fcb88db78db51427c2eb636e3c3b7616c4fbdc80d7614eec10  ??  artifacts/rust-tauri/R05/RR2/B-R2/R2/s1b/driver-console-tsc-killed.log
0ea59c3f116b78325acb278d14e5b220c4f298991196f01a4d6eff4b3d4ab932  ??  artifacts/rust-tauri/R05/RR2/B-R2/R2/s1b/driver-console.log
b7a024f2e555bd9992f45b8773705d2b089082bb61b34759363953284ae1b837  ??  artifacts/rust-tauri/R05/RR2/B-R2/R2/s1b/work/ev/legacy-entry/e0-base-checkout.log
523ab963a6589a5728516dedfd166d3bb33ca94dad0fc96ba72028e6cc17b218  ??  artifacts/rust-tauri/R05/RR2/B-R2/R2/s1b/work/ev/legacy-entry/e0-base-purity.txt
e3b0c44298fc1c149afbf4c8996fb92427ae41e4649b934ca495991b7852b855  ??  artifacts/rust-tauri/R05/RR2/B-R2/R2/s1b/work/ev/legacy-entry/e0-binding-exclusion-candidates.tsv
e3b0c44298fc1c149afbf4c8996fb92427ae41e4649b934ca495991b7852b855  ??  artifacts/rust-tauri/R05/RR2/B-R2/R2/s1b/work/ev/legacy-entry/e0-binding-exclusions.txt
6e5b6b42c149776682ef8b9dbcde629677907c1cea14e1d870f62471d775c4c1  ??  artifacts/rust-tauri/R05/RR2/B-R2/R2/s1b/work/ev/legacy-entry/e0-candidate-binding.tsv
402d501de4716230aab6602877ab1d688f1e1ca8270c2fd1c8cc92f1f5001fef  ??  artifacts/rust-tauri/R05/RR2/B-R2/R2/s1b/work/ev/legacy-entry/e0-candidate-dirty.diff
1049b7d7278a9d58e5cb81a34647c10858e9f203e039a73df20800569a44e566  ??  artifacts/rust-tauri/R05/RR2/B-R2/R2/s1b/work/ev/legacy-entry/e0-candidate-dirty.txt
e3b0c44298fc1c149afbf4c8996fb92427ae41e4649b934ca495991b7852b855  ??  artifacts/rust-tauri/R05/RR2/B-R2/R2/s1b/work/ev/legacy-entry/e0-run-output-sinks.txt
76fc19aab644b62ae8d739f50e49f187174fa52d49c8560517802b270ebe7e61  ??  artifacts/rust-tauri/R05/RR2/B-R2/R2/s1b/work/ev/legacy-entry/e0s-self-checks.log
dafecdaa505ce47155b8f0b1a6b9d326f65e6e84a229add0428c0fb851a0e505  ??  artifacts/rust-tauri/R05/RR2/B-R2/R2/s1b/work/ev/legacy-entry/e1-binding-surface-intersect.txt
e478b5019f8dc054385b670fc46863aacb8ae7bb2c6af54b195ae23a7474e9a3  ??  artifacts/rust-tauri/R05/RR2/B-R2/R2/s1b/work/ev/legacy-entry/e1-default-entry-assertions.txt
ef2350de6ebbff4c6a51fabb6fb01f20fc0a67edbd04555ea9e9a1603d3e4f19  ??  artifacts/rust-tauri/R05/RR2/B-R2/R2/s1b/work/ev/legacy-entry/e1-surface-diff-files.txt
aeb7312c47ad6605940a4a9eae5db655e596ba061b3a02a3fa18ee0570a2b314  ??  artifacts/rust-tauri/R05/RR2/B-R2/R2/s1b/work/ev/legacy-entry/e2-typecheck.log
65a8e4d55d1d7b3d0f11e06928569acf896fdaa4c01cf07c3eb17427b16c603a  ??  artifacts/rust-tauri/R05/RR2/B-R2/R2/s1b/work/ev/legacy-entry/e5-cause-classes.txt
a6336e88a861d5d65bf8332c6e104672fbecde11272907b15e2847bc36cfc7b2  ??  artifacts/rust-tauri/R05/RR2/B-R2/R2/s1b/work/ev/legacy-entry/e5-seal-family.txt
2f560dffd36263899fc19ee6cec0872bad4560b481300e57272cd09ca87bc58c  ??  artifacts/rust-tauri/R05/RR2/B-R2/R2/s1b/work/ev/legacy-entry/summary.txt
7684a3f8a8842698add3e04bf1ac043f3f06ae1c3a233c8092a9b47b71432f4a  ??  artifacts/rust-tauri/R05/RR2/B-R2/R2/s1b/work/gate-stderr.log
5959a959fd941ad742314223a3a3454ad463f73993e6b08f7d2d73b7442f937c  ??  artifacts/rust-tauri/R05/RR2/B-R2/R2/s1b/work/gate-stdout.log
3e6d24964089a69dfa7588e8151725de11666147774713d245a246d1ae843823  ??  artifacts/rust-tauri/R05/RR2/B-R2/R2/s2/driver-console-killed-run.log
856893b19c40fe34df7e5e836cbb6fa7b806c5953e342b7d02948ac17614c58c  ??  artifacts/rust-tauri/R05/RR2/B-R2/R2/s2/driver-console.log
2f9be365208df5fce79596b428e43549245494ea641976eba9fc4b9b6aecd938  ??  artifacts/rust-tauri/R05/RR2/B-R2/R2/s2/work/captured/e0-binding-exclusions.txt
9c51eae030d482f78d98206dfdf608731e3cf2522b7f8ba414778be8ec38c953  ??  artifacts/rust-tauri/R05/RR2/B-R2/R2/s2/work/captured/e0-run-output-sinks.txt
813b483dc2446d4b42b25bda7d2f139421fa4844096498e7c39568a930f3172d  ??  artifacts/rust-tauri/R05/RR2/B-R2/R2/s2/work/captured/leaf-gate-stdout.log
50995afa0b6fc8cb9029601afe1298c439e2b57ab1e61839aa7ffa728d76d68b  ??  artifacts/rust-tauri/R05/RR2/B-R2/R2/s2/work/captured/sink-growth-line-counts.txt
a1a9c68fbd4176ccd1a83a8fecdf82af5777f5d02dbe187ecaf7703af78a3440  ??  artifacts/rust-tauri/R05/RR2/B-R2/R2/s2/work/captured/summary.txt
1dc568538775d4f0bc64559435f9d979897b8322a1db476121d8ba591a0c7694  ??  artifacts/rust-tauri/R05/RR2/B-R2/R2/s3a/driver-console.log
b7a024f2e555bd9992f45b8773705d2b089082bb61b34759363953284ae1b837  ??  artifacts/rust-tauri/R05/RR2/B-R2/R2/s3a/work/ev/legacy-entry/e0-base-checkout.log
523ab963a6589a5728516dedfd166d3bb33ca94dad0fc96ba72028e6cc17b218  ??  artifacts/rust-tauri/R05/RR2/B-R2/R2/s3a/work/ev/legacy-entry/e0-base-purity.txt
e3b0c44298fc1c149afbf4c8996fb92427ae41e4649b934ca495991b7852b855  ??  artifacts/rust-tauri/R05/RR2/B-R2/R2/s3a/work/ev/legacy-entry/e0-candidate-binding.tsv
17180e1d12c859c0f07d82213d62c2e987a0d41b8d21ef0e8a6d7a4174509d0b  ??  artifacts/rust-tauri/R05/RR2/B-R2/R2/s3a/work/ev/legacy-entry/e0s-self-checks.log
dafecdaa505ce47155b8f0b1a6b9d326f65e6e84a229add0428c0fb851a0e505  ??  artifacts/rust-tauri/R05/RR2/B-R2/R2/s3a/work/ev/legacy-entry/e1-binding-surface-intersect.txt
e478b5019f8dc054385b670fc46863aacb8ae7bb2c6af54b195ae23a7474e9a3  ??  artifacts/rust-tauri/R05/RR2/B-R2/R2/s3a/work/ev/legacy-entry/e1-default-entry-assertions.txt
ef2350de6ebbff4c6a51fabb6fb01f20fc0a67edbd04555ea9e9a1603d3e4f19  ??  artifacts/rust-tauri/R05/RR2/B-R2/R2/s3a/work/ev/legacy-entry/e1-surface-diff-files.txt
b32daeef2af45d85547f664e7ad68b9dd0c290942ad702592eff35b5cb4a65d8  ??  artifacts/rust-tauri/R05/RR2/B-R2/R2/s3a/work/ev/legacy-entry/e2-typecheck.log
9a3a2b6ce40e47627287266176c6142f859d948935aa73c756c0a6e541a2ced7  ??  artifacts/rust-tauri/R05/RR2/B-R2/R2/s3a/work/ev/legacy-entry/e3-core-contracts.log
4a6ce7ab94a8e5f5aaa0714691195e8d9790ad523cda78a8fe987a12ccb08b3f  ??  artifacts/rust-tauri/R05/RR2/B-R2/R2/s3a/work/ev/legacy-entry/e4-5-build-renderer.log
c11e6e8682611ee33a4fbebfb0c523ff0ac68101d9ffaba047b473467f04fcda  ??  artifacts/rust-tauri/R05/RR2/B-R2/R2/s3a/work/ev/legacy-entry/e4-dependency-boundaries.log
534d14a715be12a3b18831a54b9a1dbbff8bed8e4667b56d795f8036e42f72d3  ??  artifacts/rust-tauri/R05/RR2/B-R2/R2/s3a/work/ev/legacy-entry/e4-tool-invocation-boundaries.log
65a8e4d55d1d7b3d0f11e06928569acf896fdaa4c01cf07c3eb17427b16c603a  ??  artifacts/rust-tauri/R05/RR2/B-R2/R2/s3a/work/ev/legacy-entry/e5-cause-classes.txt
a6336e88a861d5d65bf8332c6e104672fbecde11272907b15e2847bc36cfc7b2  ??  artifacts/rust-tauri/R05/RR2/B-R2/R2/s3a/work/ev/legacy-entry/e5-seal-family.txt
9548208a58b5a057581bfa3c86e6213af00f8892d30cc1be7061bdb73eb52f62  ??  artifacts/rust-tauri/R05/RR2/B-R2/R2/s3a/work/ev/legacy-entry/summary.txt
e3b0c44298fc1c149afbf4c8996fb92427ae41e4649b934ca495991b7852b855  ??  artifacts/rust-tauri/R05/RR2/B-R2/R2/s3a/work/gate-stderr.log
b9b8804e8b85657181068cdf271d8bc73a9915aba6b9bec3b7f7281d49c07bfe  ??  artifacts/rust-tauri/R05/RR2/B-R2/R2/s3a/work/gate-stdout.log
cc05eb511aceaed40bafcc06cd758592631bd21ba7e912404b9485548a635da4  ??  artifacts/rust-tauri/R05/RR2/B-R2/R2/s5-full-2/driver-console.log
6d4b1219fde0750bbea6c9df5cc2bdbdfb9040f29310ed6915ca20fe1c68cbfc  ??  artifacts/rust-tauri/R05/RR2/B-R2/R2/s5-full-2/ev/legacy-entry/e0-binding-exclusion-candidates.tsv
fd1c399aac9b57d8918e35062172eabb780e28df718d86419120676e49f3d898  ??  artifacts/rust-tauri/R05/RR2/B-R2/R2/s5-full-2/ev/legacy-entry/e0-binding-exclusions.txt
26e9708bafa46d052ab5d97bd133a3622b861f7889310f0bd61e11e6627ab0cf  ??  artifacts/rust-tauri/R05/RR2/B-R2/R2/s5-full-2/ev/legacy-entry/e0-candidate-binding.tsv
402d501de4716230aab6602877ab1d688f1e1ca8270c2fd1c8cc92f1f5001fef  ??  artifacts/rust-tauri/R05/RR2/B-R2/R2/s5-full-2/ev/legacy-entry/e0-candidate-dirty.diff
1049b7d7278a9d58e5cb81a34647c10858e9f203e039a73df20800569a44e566  ??  artifacts/rust-tauri/R05/RR2/B-R2/R2/s5-full-2/ev/legacy-entry/e0-candidate-dirty.txt
a5af40513b5cf6515aa13f3fe226e55a3aa0e4e8ec91d37990a579a505f916d8  ??  artifacts/rust-tauri/R05/RR2/B-R2/R2/s5-full-2/ev/legacy-entry/e0-run-output-sinks.txt
b601f08c791de0e6e18264acbaa17aa2b8f42097200aaa147f0340957c3a621e  ??  artifacts/rust-tauri/R05/RR2/B-R2/R2/s5-full-2/ev/legacy-entry/summary.txt
07ae094e22da68a3a1d75a63bc74fefb2b7ade734e0e227919a9f21b3b2c1327  ??  artifacts/rust-tauri/R05/RR2/B-R2/R2/s5-full-2/run-root/stderr.log
b601f08c791de0e6e18264acbaa17aa2b8f42097200aaa147f0340957c3a621e  ??  artifacts/rust-tauri/R05/RR2/B-R2/R2/s5-full-2/run-root/stdout.log
b7a024f2e555bd9992f45b8773705d2b089082bb61b34759363953284ae1b837  ??  artifacts/rust-tauri/R05/RR2/B-R2/R2/s5-full-3/ev/legacy-entry/e0-base-checkout.log
523ab963a6589a5728516dedfd166d3bb33ca94dad0fc96ba72028e6cc17b218  ??  artifacts/rust-tauri/R05/RR2/B-R2/R2/s5-full-3/ev/legacy-entry/e0-base-purity.txt
cc974eff87e7057a6cdcb1c0338042eab2e0731d483ba9c702dcfad792ceb78f  ??  artifacts/rust-tauri/R05/RR2/B-R2/R2/s5-full-3/ev/legacy-entry/e0-binding-exclusion-candidates.tsv
bc82d85877a5ad9d9a58c024782ad1ccfe55aa065bb8864a25efe1e533818082  ??  artifacts/rust-tauri/R05/RR2/B-R2/R2/s5-full-3/ev/legacy-entry/e0-binding-exclusions.txt
0823c8804145dcbb5f694220aa375468ed1379dd4f937644e730f197e916d962  ??  artifacts/rust-tauri/R05/RR2/B-R2/R2/s5-full-3/ev/legacy-entry/e0-candidate-binding.tsv
402d501de4716230aab6602877ab1d688f1e1ca8270c2fd1c8cc92f1f5001fef  ??  artifacts/rust-tauri/R05/RR2/B-R2/R2/s5-full-3/ev/legacy-entry/e0-candidate-dirty.diff
1049b7d7278a9d58e5cb81a34647c10858e9f203e039a73df20800569a44e566  ??  artifacts/rust-tauri/R05/RR2/B-R2/R2/s5-full-3/ev/legacy-entry/e0-candidate-dirty.txt
5bbdc6d6cb97678c897936d92a9a7ce8c29d687944a02676b64fc395d50d6634  ??  artifacts/rust-tauri/R05/RR2/B-R2/R2/s5-full-3/ev/legacy-entry/e0-run-output-sinks.txt
76fc19aab644b62ae8d739f50e49f187174fa52d49c8560517802b270ebe7e61  ??  artifacts/rust-tauri/R05/RR2/B-R2/R2/s5-full-3/ev/legacy-entry/e0s-self-checks.log
dafecdaa505ce47155b8f0b1a6b9d326f65e6e84a229add0428c0fb851a0e505  ??  artifacts/rust-tauri/R05/RR2/B-R2/R2/s5-full-3/ev/legacy-entry/e1-binding-surface-intersect.txt
e478b5019f8dc054385b670fc46863aacb8ae7bb2c6af54b195ae23a7474e9a3  ??  artifacts/rust-tauri/R05/RR2/B-R2/R2/s5-full-3/ev/legacy-entry/e1-default-entry-assertions.txt
ef2350de6ebbff4c6a51fabb6fb01f20fc0a67edbd04555ea9e9a1603d3e4f19  ??  artifacts/rust-tauri/R05/RR2/B-R2/R2/s5-full-3/ev/legacy-entry/e1-surface-diff-files.txt
b32daeef2af45d85547f664e7ad68b9dd0c290942ad702592eff35b5cb4a65d8  ??  artifacts/rust-tauri/R05/RR2/B-R2/R2/s5-full-3/ev/legacy-entry/e2-typecheck.log
9a3a2b6ce40e47627287266176c6142f859d948935aa73c756c0a6e541a2ced7  ??  artifacts/rust-tauri/R05/RR2/B-R2/R2/s5-full-3/ev/legacy-entry/e3-core-contracts.log
a1a7fa4c0946d29e3e2368068b4fca3405264e3c1e4b8e47a0c0ff3d2a5d14c1  ??  artifacts/rust-tauri/R05/RR2/B-R2/R2/s5-full-3/ev/legacy-entry/e4-5-build-renderer.log
c11e6e8682611ee33a4fbebfb0c523ff0ac68101d9ffaba047b473467f04fcda  ??  artifacts/rust-tauri/R05/RR2/B-R2/R2/s5-full-3/ev/legacy-entry/e4-dependency-boundaries.log
534d14a715be12a3b18831a54b9a1dbbff8bed8e4667b56d795f8036e42f72d3  ??  artifacts/rust-tauri/R05/RR2/B-R2/R2/s5-full-3/ev/legacy-entry/e4-tool-invocation-boundaries.log
f796c03e81bc813f7f344d10aafea7e20385adce9d3167a380979c163d72cd63  ??  artifacts/rust-tauri/R05/RR2/B-R2/R2/s5-full-3/ev/legacy-entry/e5-candidate-npm-test.log
dc037e2a7e0a9111f262aea8475f4fd0cc2a87c5420170ee1650860fa93f9781  ??  artifacts/rust-tauri/R05/RR2/B-R2/R2/s5-full-3/ev/legacy-entry/e5-candidate-summary-counts.txt
5f701518ba973eacb3a10bf7c9897917938d5838a66fd145fe3045cee1ba9ec3  ??  artifacts/rust-tauri/R05/RR2/B-R2/R2/s5-full-3/ev/legacy-entry/e5-candidate-vitest-summary.txt
65a8e4d55d1d7b3d0f11e06928569acf896fdaa4c01cf07c3eb17427b16c603a  ??  artifacts/rust-tauri/R05/RR2/B-R2/R2/s5-full-3/ev/legacy-entry/e5-cause-classes.txt
a6336e88a861d5d65bf8332c6e104672fbecde11272907b15e2847bc36cfc7b2  ??  artifacts/rust-tauri/R05/RR2/B-R2/R2/s5-full-3/ev/legacy-entry/e5-seal-family.txt
3c94781ef8a6ed699085b2aec128412352a865e51ae92d3db02bd185d6245f95  ??  artifacts/rust-tauri/R05/RR2/B-R2/R2/s5-full-3/ev/legacy-entry/summary.txt
f4c4b9b80f4a9248d3916c3b45eb96954ade57144b8b8cbd7f07aa32491dd545  ??  artifacts/rust-tauri/R05/RR2/B-R2/R2/s5-full-3/run-root/stderr.log
8ea1bdf144b5a2f1da443e4c1da01a883259e0b30d7409ee12adad7af4a6eae7  ??  artifacts/rust-tauri/R05/RR2/B-R2/R2/s5-full-3/run-root/stdout.log
b7a024f2e555bd9992f45b8773705d2b089082bb61b34759363953284ae1b837  ??  artifacts/rust-tauri/R05/RR2/B-R2/R2/s5-full-4/ev/legacy-entry/e0-base-checkout.log
523ab963a6589a5728516dedfd166d3bb33ca94dad0fc96ba72028e6cc17b218  ??  artifacts/rust-tauri/R05/RR2/B-R2/R2/s5-full-4/ev/legacy-entry/e0-base-purity.txt
ac7e9f2d0717b7d02c79fbe72fa77738da86cfdcf3acc7aa4fd1ae594ad534de  ??  artifacts/rust-tauri/R05/RR2/B-R2/R2/s5-full-4/ev/legacy-entry/e0-binding-exclusion-candidates.tsv
5297572c80e7bc9ccac07dc2b56c6ca4d9e01fe34becc9c5677378fa6dcd71c3  ??  artifacts/rust-tauri/R05/RR2/B-R2/R2/s5-full-4/ev/legacy-entry/e0-binding-exclusions.txt
13f3564afdaf88e545c84ee2d305aec2703468c34178eb37d9b5dc80d03fa9ef  ??  artifacts/rust-tauri/R05/RR2/B-R2/R2/s5-full-4/ev/legacy-entry/e0-candidate-binding.tsv
402d501de4716230aab6602877ab1d688f1e1ca8270c2fd1c8cc92f1f5001fef  ??  artifacts/rust-tauri/R05/RR2/B-R2/R2/s5-full-4/ev/legacy-entry/e0-candidate-dirty.diff
1049b7d7278a9d58e5cb81a34647c10858e9f203e039a73df20800569a44e566  ??  artifacts/rust-tauri/R05/RR2/B-R2/R2/s5-full-4/ev/legacy-entry/e0-candidate-dirty.txt
0e7b5b19e40d35eb51220c6add2fe5026524cceedf2138e2cc3bce5efd072d11  ??  artifacts/rust-tauri/R05/RR2/B-R2/R2/s5-full-4/ev/legacy-entry/e0-run-output-sinks.txt
76fc19aab644b62ae8d739f50e49f187174fa52d49c8560517802b270ebe7e61  ??  artifacts/rust-tauri/R05/RR2/B-R2/R2/s5-full-4/ev/legacy-entry/e0s-self-checks.log
dafecdaa505ce47155b8f0b1a6b9d326f65e6e84a229add0428c0fb851a0e505  ??  artifacts/rust-tauri/R05/RR2/B-R2/R2/s5-full-4/ev/legacy-entry/e1-binding-surface-intersect.txt
e478b5019f8dc054385b670fc46863aacb8ae7bb2c6af54b195ae23a7474e9a3  ??  artifacts/rust-tauri/R05/RR2/B-R2/R2/s5-full-4/ev/legacy-entry/e1-default-entry-assertions.txt
ef2350de6ebbff4c6a51fabb6fb01f20fc0a67edbd04555ea9e9a1603d3e4f19  ??  artifacts/rust-tauri/R05/RR2/B-R2/R2/s5-full-4/ev/legacy-entry/e1-surface-diff-files.txt
b32daeef2af45d85547f664e7ad68b9dd0c290942ad702592eff35b5cb4a65d8  ??  artifacts/rust-tauri/R05/RR2/B-R2/R2/s5-full-4/ev/legacy-entry/e2-typecheck.log
9a3a2b6ce40e47627287266176c6142f859d948935aa73c756c0a6e541a2ced7  ??  artifacts/rust-tauri/R05/RR2/B-R2/R2/s5-full-4/ev/legacy-entry/e3-core-contracts.log
df080567b170c28d0f5f035753def4f8690de077fcec1d29f32f845e8fdce872  ??  artifacts/rust-tauri/R05/RR2/B-R2/R2/s5-full-4/ev/legacy-entry/e4-5-build-renderer.log
c11e6e8682611ee33a4fbebfb0c523ff0ac68101d9ffaba047b473467f04fcda  ??  artifacts/rust-tauri/R05/RR2/B-R2/R2/s5-full-4/ev/legacy-entry/e4-dependency-boundaries.log
534d14a715be12a3b18831a54b9a1dbbff8bed8e4667b56d795f8036e42f72d3  ??  artifacts/rust-tauri/R05/RR2/B-R2/R2/s5-full-4/ev/legacy-entry/e4-tool-invocation-boundaries.log
a6336e88a861d5d65bf8332c6e104672fbecde11272907b15e2847bc36cfc7b2  ??  artifacts/rust-tauri/R05/RR2/B-R2/R2/s5-full-4/ev/legacy-entry/e5-allowed-reds.txt
e3b0c44298fc1c149afbf4c8996fb92427ae41e4649b934ca495991b7852b855  ??  artifacts/rust-tauri/R05/RR2/B-R2/R2/s5-full-4/ev/legacy-entry/e5-base-blocks.txt
e3b0c44298fc1c149afbf4c8996fb92427ae41e4649b934ca495991b7852b855  ??  artifacts/rust-tauri/R05/RR2/B-R2/R2/s5-full-4/ev/legacy-entry/e5-base-cause-classes.txt
e3b0c44298fc1c149afbf4c8996fb92427ae41e4649b934ca495991b7852b855  ??  artifacts/rust-tauri/R05/RR2/B-R2/R2/s5-full-4/ev/legacy-entry/e5-base-causes.txt
e3b0c44298fc1c149afbf4c8996fb92427ae41e4649b934ca495991b7852b855  ??  artifacts/rust-tauri/R05/RR2/B-R2/R2/s5-full-4/ev/legacy-entry/e5-base-failed-files.txt
fb5ccac65a57649c11c615d5e9434fa5473d5de6b3a37a62b725a0cf042a8386  ??  artifacts/rust-tauri/R05/RR2/B-R2/R2/s5-full-4/ev/legacy-entry/e5-base-seal-family.log
67749fc3fa359c2ae0f4b7ee1918ea2c03b0dff7946ecaae0b3dce5d04bde997  ??  artifacts/rust-tauri/R05/RR2/B-R2/R2/s5-full-4/ev/legacy-entry/e5-base-summary-counts.txt
5bf1bf230949cb750bfbf02c501e963a883b662747660248ae59c9280eacba39  ??  artifacts/rust-tauri/R05/RR2/B-R2/R2/s5-full-4/ev/legacy-entry/e5-candidate-blocks.txt
74aaf894ede85425e6050eb88aeee8f2e8eb129374c3d567b97036282e3bc401  ??  artifacts/rust-tauri/R05/RR2/B-R2/R2/s5-full-4/ev/legacy-entry/e5-candidate-cause-classes.txt
c500aecc32570e9218b10c45de3167a46512d445e8173da6b6ef7e54630be8b4  ??  artifacts/rust-tauri/R05/RR2/B-R2/R2/s5-full-4/ev/legacy-entry/e5-candidate-causes.txt
a6336e88a861d5d65bf8332c6e104672fbecde11272907b15e2847bc36cfc7b2  ??  artifacts/rust-tauri/R05/RR2/B-R2/R2/s5-full-4/ev/legacy-entry/e5-candidate-failed-files.txt
72ff6083c33ba649850c459f2ca70db97e4075ae439dfded845c6d57c82f5739  ??  artifacts/rust-tauri/R05/RR2/B-R2/R2/s5-full-4/ev/legacy-entry/e5-candidate-npm-test.log
1e19d70bf42c53c2cb113717c45dd8f4ab52c9590f414525461a01f922e62b67  ??  artifacts/rust-tauri/R05/RR2/B-R2/R2/s5-full-4/ev/legacy-entry/e5-candidate-summary-counts.txt
f0289aaf3c4e4c687e25134df576fd06a36a89fa914dd7929a7acd358973dc3d  ??  artifacts/rust-tauri/R05/RR2/B-R2/R2/s5-full-4/ev/legacy-entry/e5-candidate-vitest-summary.txt
65a8e4d55d1d7b3d0f11e06928569acf896fdaa4c01cf07c3eb17427b16c603a  ??  artifacts/rust-tauri/R05/RR2/B-R2/R2/s5-full-4/ev/legacy-entry/e5-cause-classes.txt
a6336e88a861d5d65bf8332c6e104672fbecde11272907b15e2847bc36cfc7b2  ??  artifacts/rust-tauri/R05/RR2/B-R2/R2/s5-full-4/ev/legacy-entry/e5-new-since-base.txt
a6336e88a861d5d65bf8332c6e104672fbecde11272907b15e2847bc36cfc7b2  ??  artifacts/rust-tauri/R05/RR2/B-R2/R2/s5-full-4/ev/legacy-entry/e5-registered-preexisting-family.txt
a6336e88a861d5d65bf8332c6e104672fbecde11272907b15e2847bc36cfc7b2  ??  artifacts/rust-tauri/R05/RR2/B-R2/R2/s5-full-4/ev/legacy-entry/e5-seal-family.txt
920e214221b1148027b943c6bc301a4d4d6be3a6cd35973040ea6ac624870aa0  ??  artifacts/rust-tauri/R05/RR2/B-R2/R2/s5-full-4/ev/legacy-entry/summary.txt
003259540a2473b285f69605ac3bf8b62ddbcfd4b3ba75b17c056482eb54acf8  ??  artifacts/rust-tauri/R05/RR2/B-R2/R2/s5-full-4/run-root/stderr.log
e587619edd6139e84d87ab4930f8b7d8a51f3de60fb2b9f11c415029362a992d  ??  artifacts/rust-tauri/R05/RR2/B-R2/R2/s5-full-4/run-root/stdout.log
b7a024f2e555bd9992f45b8773705d2b089082bb61b34759363953284ae1b837  ??  artifacts/rust-tauri/R05/RR2/B-R2/R2/s5-full-5/ev/legacy-entry/e0-base-checkout.log
523ab963a6589a5728516dedfd166d3bb33ca94dad0fc96ba72028e6cc17b218  ??  artifacts/rust-tauri/R05/RR2/B-R2/R2/s5-full-5/ev/legacy-entry/e0-base-purity.txt
c72ac0cd734c66b0d4b10e636b5ac13cea0c47c451c97ebbbd89cead46b6566f  ??  artifacts/rust-tauri/R05/RR2/B-R2/R2/s5-full-5/ev/legacy-entry/e0-binding-exclusion-candidates.tsv
58316edc0bd8275dc36996c489affb64fb7bf4b84276e2d6fdd505bc59e7da97  ??  artifacts/rust-tauri/R05/RR2/B-R2/R2/s5-full-5/ev/legacy-entry/e0-binding-exclusions.txt
edec148f7e85ff08e70a5c342fbdcc485dfaebebfb99c4effc9e12fe5636dba9  ??  artifacts/rust-tauri/R05/RR2/B-R2/R2/s5-full-5/ev/legacy-entry/e0-candidate-binding.tsv
131b031e181d06a16c72464265ed7aecf096569a00496687737d2fb937b52642  ??  artifacts/rust-tauri/R05/RR2/B-R2/R2/s5-full-5/ev/legacy-entry/e0-candidate-dirty.diff
23a0ef265c8845b4a530c2705f6bb9cf1d8f2855f785d51d91afb67ac9758601  ??  artifacts/rust-tauri/R05/RR2/B-R2/R2/s5-full-5/ev/legacy-entry/e0-candidate-dirty.txt
72867c480d7602b50b4eb3453f6193d5b392fcce2c9847226b20564525c5dc6b  ??  artifacts/rust-tauri/R05/RR2/B-R2/R2/s5-full-5/ev/legacy-entry/e0-run-output-sinks.txt
eb100fc500bfb1586660649b548ef26c4067cefc561f425fd8c380430c64e5a5  ??  artifacts/rust-tauri/R05/RR2/B-R2/R2/s5-full-5/ev/legacy-entry/e0s-self-checks.log
a6336e88a861d5d65bf8332c6e104672fbecde11272907b15e2847bc36cfc7b2  ??  artifacts/rust-tauri/R05/RR2/B-R2/R2/s5-full-5/ev/legacy-entry/e1-binding-surface-intersect.txt
e478b5019f8dc054385b670fc46863aacb8ae7bb2c6af54b195ae23a7474e9a3  ??  artifacts/rust-tauri/R05/RR2/B-R2/R2/s5-full-5/ev/legacy-entry/e1-default-entry-assertions.txt
46eb880cfa4d06be6d22100f8536cad69a8c39607e9d8528cd52d4c2ead0aa82  ??  artifacts/rust-tauri/R05/RR2/B-R2/R2/s5-full-5/ev/legacy-entry/e1-surface-diff-files.txt
b32daeef2af45d85547f664e7ad68b9dd0c290942ad702592eff35b5cb4a65d8  ??  artifacts/rust-tauri/R05/RR2/B-R2/R2/s5-full-5/ev/legacy-entry/e2-typecheck.log
9a3a2b6ce40e47627287266176c6142f859d948935aa73c756c0a6e541a2ced7  ??  artifacts/rust-tauri/R05/RR2/B-R2/R2/s5-full-5/ev/legacy-entry/e3-core-contracts.log
2acaeba20090fbb588021f82dabd387f237672a3c6ec73e530bf9c801df2406c  ??  artifacts/rust-tauri/R05/RR2/B-R2/R2/s5-full-5/ev/legacy-entry/e4-5-build-renderer.log
c11e6e8682611ee33a4fbebfb0c523ff0ac68101d9ffaba047b473467f04fcda  ??  artifacts/rust-tauri/R05/RR2/B-R2/R2/s5-full-5/ev/legacy-entry/e4-dependency-boundaries.log
534d14a715be12a3b18831a54b9a1dbbff8bed8e4667b56d795f8036e42f72d3  ??  artifacts/rust-tauri/R05/RR2/B-R2/R2/s5-full-5/ev/legacy-entry/e4-tool-invocation-boundaries.log
a6336e88a861d5d65bf8332c6e104672fbecde11272907b15e2847bc36cfc7b2  ??  artifacts/rust-tauri/R05/RR2/B-R2/R2/s5-full-5/ev/legacy-entry/e5-allowed-reds.txt
e3b0c44298fc1c149afbf4c8996fb92427ae41e4649b934ca495991b7852b855  ??  artifacts/rust-tauri/R05/RR2/B-R2/R2/s5-full-5/ev/legacy-entry/e5-base-blocks.txt
e3b0c44298fc1c149afbf4c8996fb92427ae41e4649b934ca495991b7852b855  ??  artifacts/rust-tauri/R05/RR2/B-R2/R2/s5-full-5/ev/legacy-entry/e5-base-cause-classes.txt
e3b0c44298fc1c149afbf4c8996fb92427ae41e4649b934ca495991b7852b855  ??  artifacts/rust-tauri/R05/RR2/B-R2/R2/s5-full-5/ev/legacy-entry/e5-base-causes.txt
e3b0c44298fc1c149afbf4c8996fb92427ae41e4649b934ca495991b7852b855  ??  artifacts/rust-tauri/R05/RR2/B-R2/R2/s5-full-5/ev/legacy-entry/e5-base-failed-files.txt
c0ce560347cd76817dacab12259913fe5f11e129fa3b8d3cf2cb74e1d5ecb819  ??  artifacts/rust-tauri/R05/RR2/B-R2/R2/s5-full-5/ev/legacy-entry/e5-base-seal-family.log
67749fc3fa359c2ae0f4b7ee1918ea2c03b0dff7946ecaae0b3dce5d04bde997  ??  artifacts/rust-tauri/R05/RR2/B-R2/R2/s5-full-5/ev/legacy-entry/e5-base-summary-counts.txt
288a4845588f89e5d71bf58a14a7e6d608807decfabb7af1948c27a329a0bb45  ??  artifacts/rust-tauri/R05/RR2/B-R2/R2/s5-full-5/ev/legacy-entry/e5-candidate-blocks.txt
bad2df04a94816feac32ccaf567cd19d9105a4e7973602adb7272a47037d3f44  ??  artifacts/rust-tauri/R05/RR2/B-R2/R2/s5-full-5/ev/legacy-entry/e5-candidate-cause-classes.txt
4e6cf07c5eadb79ac3807926156365f0dc12950cd15a38d1eeebef1428d09469  ??  artifacts/rust-tauri/R05/RR2/B-R2/R2/s5-full-5/ev/legacy-entry/e5-candidate-causes.txt
a6336e88a861d5d65bf8332c6e104672fbecde11272907b15e2847bc36cfc7b2  ??  artifacts/rust-tauri/R05/RR2/B-R2/R2/s5-full-5/ev/legacy-entry/e5-candidate-failed-files.txt
f267f3c8f3d55a189ac909af4fb8ddc02ce79cde1ce08d9d676295c54df6526b  ??  artifacts/rust-tauri/R05/RR2/B-R2/R2/s5-full-5/ev/legacy-entry/e5-candidate-npm-test.log
1e19d70bf42c53c2cb113717c45dd8f4ab52c9590f414525461a01f922e62b67  ??  artifacts/rust-tauri/R05/RR2/B-R2/R2/s5-full-5/ev/legacy-entry/e5-candidate-summary-counts.txt
f0289aaf3c4e4c687e25134df576fd06a36a89fa914dd7929a7acd358973dc3d  ??  artifacts/rust-tauri/R05/RR2/B-R2/R2/s5-full-5/ev/legacy-entry/e5-candidate-vitest-summary.txt
17db9f94288ee8b1974c2333898e47b8c0a1c8b5995d0ffbc5e1e86961853969  ??  artifacts/rust-tauri/R05/RR2/B-R2/R2/s5-full-5/ev/legacy-entry/e5-cause-classes.txt
ad20e9ba879ed9d31b9c4f7432945ef3df5c6fcd60dff5e1e9d6053cde19653d  ??  artifacts/rust-tauri/R05/RR2/B-R2/R2/s5-full-5/ev/legacy-entry/e5-cause-comparison.txt
025c950ebd16fbc150cb1d4dffaf04570d0d3e4ec49abaa4c185d962e4572354  ??  artifacts/rust-tauri/R05/RR2/B-R2/R2/s5-full-5/ev/legacy-entry/e5-class-registration.txt
a6336e88a861d5d65bf8332c6e104672fbecde11272907b15e2847bc36cfc7b2  ??  artifacts/rust-tauri/R05/RR2/B-R2/R2/s5-full-5/ev/legacy-entry/e5-new-since-base.txt
a6336e88a861d5d65bf8332c6e104672fbecde11272907b15e2847bc36cfc7b2  ??  artifacts/rust-tauri/R05/RR2/B-R2/R2/s5-full-5/ev/legacy-entry/e5-registered-preexisting-family.txt
a6336e88a861d5d65bf8332c6e104672fbecde11272907b15e2847bc36cfc7b2  ??  artifacts/rust-tauri/R05/RR2/B-R2/R2/s5-full-5/ev/legacy-entry/e5-seal-family.txt
25895fcd49a00cd86022dbe46e8b5383bb1f1f98c4d22adfe0db0045b61ea7a6  ??  artifacts/rust-tauri/R05/RR2/B-R2/R2/s5-full-5/ev/legacy-entry/summary.txt
3f98b1b4567d113350e0fae9d9e4c295d2b2a5f2fe46926e42712ab10197cfb0  ??  artifacts/rust-tauri/R05/RR2/B-R2/R2/s5-full-5/run-root/stderr.log
cae7075b047b4c76d81339aad27a40a9080a139adaa39f2196457502038ea40f  ??  artifacts/rust-tauri/R05/RR2/B-R2/R2/s5-full-5/run-root/stdout.log
e3b0c44298fc1c149afbf4c8996fb92427ae41e4649b934ca495991b7852b855  ??  artifacts/rust-tauri/R05/RR2/B-R2/R2/s5-full/driver-console-run1.log
657970484b7f198275d78fc3530a78db876312030e4f54f83059c1264225484d  ??  artifacts/rust-tauri/R05/RR2/B-R2/R2/s5-full/ev/legacy-entry/e0-binding-exclusion-candidates.tsv
2cf895b18f15555612708db164e69a1ce991d8039a35f8a2c0d8e7dceade9cb0  ??  artifacts/rust-tauri/R05/RR2/B-R2/R2/s5-full/ev/legacy-entry/e0-binding-exclusions.txt
3f54c39de52afae0fed060c7ef21dce5a1abfd275f100240a8fad46fd327924e  ??  artifacts/rust-tauri/R05/RR2/B-R2/R2/s5-full/ev/legacy-entry/e0-candidate-binding.tsv
e51e3fb8b2a6a371f7ad0f20136ea02da56b2913a9e849a98eeb096652a779ba  ??  artifacts/rust-tauri/R05/RR2/B-R2/R2/s5-full/ev/legacy-entry/e0-candidate-dirty.diff
528b478cf577165204487972a5e50c3ffa61d7f5ac91d254b69e7c6eaa0f2b0a  ??  artifacts/rust-tauri/R05/RR2/B-R2/R2/s5-full/ev/legacy-entry/e0-candidate-dirty.txt
fcdc285430a441f857fd48cd320a9b44c215a67ace3a6763ef08722bbe4b9000  ??  artifacts/rust-tauri/R05/RR2/B-R2/R2/s5-full/ev/legacy-entry/e0-run-output-sinks.txt
3c5022c386296c52c5ed4022f53980313abd2b71f8b269ecf3ee52432453fc16  ??  artifacts/rust-tauri/R05/RR2/B-R2/R2/s5-full/ev/legacy-entry/summary.txt
e3b0c44298fc1c149afbf4c8996fb92427ae41e4649b934ca495991b7852b855  ??  artifacts/rust-tauri/R05/RR2/B-R2/R2/s5-full/run-root/stderr.log
3c5022c386296c52c5ed4022f53980313abd2b71f8b269ecf3ee52432453fc16  ??  artifacts/rust-tauri/R05/RR2/B-R2/R2/s5-full/run-root/stdout.log
c585f54bec25ba5f0dc54806ba34cbfe495cf3e36ce61ddabf34cb98d075fdea  ??  artifacts/rust-tauri/R05/RR2/B-R2/bin/mut_n1_source_change.sh
13de53554e694129c665e4fdbd650736fec97491be267bc20dce2b9dd855e3bd  ??  artifacts/rust-tauri/R05/RR2/B-R2/bin/mut_n2_new_file.sh
5b5d090ac344266d9ca1065c338828015c06080a9136b726d185879607f68712  ??  artifacts/rust-tauri/R05/RR2/B-R2/bin/mut_n3_delete_file.sh
4f0a7930f24a45e349f73a9c031f244799c9ba03d3a5ae3e76375cfb1756a7e9  ??  artifacts/rust-tauri/R05/RR2/B-R2/bin/mut_n4_old_static_evidence.sh
c65c95a13f3f4700631592b964f472f8b2258a20f873dd71ff9cde8e4747fdcd  ??  artifacts/rust-tauri/R05/RR2/B-R2/bin/negative_driver.sh
ddc884bfdfd22a48a3f53f203cea14a87d596d9c40b138c53835d790436e36d8  ??  artifacts/rust-tauri/R05/RR2/B-R2/bin/nested_sim_mid.sh
6f7a20f717fc66fc0ce468273c8d74e71d341aae545972638f51ddb25bbac448  ??  artifacts/rust-tauri/R05/RR2/B-R2/bin/nested_sim_outer.sh
b7a024f2e555bd9992f45b8773705d2b089082bb61b34759363953284ae1b837  ??  artifacts/rust-tauri/R05/RR2/B-R2/nested-sim-1/R04_REGRESSION/R03_REGRESSION/R02/A16/legacy-entry/e0-base-checkout.log
523ab963a6589a5728516dedfd166d3bb33ca94dad0fc96ba72028e6cc17b218  ??  artifacts/rust-tauri/R05/RR2/B-R2/nested-sim-1/R04_REGRESSION/R03_REGRESSION/R02/A16/legacy-entry/e0-base-purity.txt
0f137a17ef58f3ef31f2f2396eee058378ed1b1724208544eb5f0ffcdee13a53  ??  artifacts/rust-tauri/R05/RR2/B-R2/nested-sim-1/R04_REGRESSION/R03_REGRESSION/R02/A16/legacy-entry/e0-binding-exclusion-candidates.tsv
44b4f0b85d17e5b1568d6fb40de84b6fd8fb12c642cfcc08fdca614da9fa0bbe  ??  artifacts/rust-tauri/R05/RR2/B-R2/nested-sim-1/R04_REGRESSION/R03_REGRESSION/R02/A16/legacy-entry/e0-binding-exclusions.txt
f5a119290067fa157b49c5242a5557d39b6d5268cdd1d0730207fd22bf5c6ae7  ??  artifacts/rust-tauri/R05/RR2/B-R2/nested-sim-1/R04_REGRESSION/R03_REGRESSION/R02/A16/legacy-entry/e0-candidate-binding.tsv
9ac5fef697fdb351f0aa2bf9762625fa526681cc7bf0b3ee14454e4360e5c224  ??  artifacts/rust-tauri/R05/RR2/B-R2/nested-sim-1/R04_REGRESSION/R03_REGRESSION/R02/A16/legacy-entry/e0-candidate-dirty.diff
2ab25aef5de49568265df0e604ed72905fda351be0cecc26c1cb8742bc3d7f86  ??  artifacts/rust-tauri/R05/RR2/B-R2/nested-sim-1/R04_REGRESSION/R03_REGRESSION/R02/A16/legacy-entry/e0-candidate-dirty.txt
5fa2e0c14faf6d8b9d84acb7186e005f621e3e506f8fc98442d29b082fcde191  ??  artifacts/rust-tauri/R05/RR2/B-R2/nested-sim-1/R04_REGRESSION/R03_REGRESSION/R02/A16/legacy-entry/e0-run-output-sinks.txt
ca2cee61e9419221291ea5aab76c235c97f020ea1394f64c51988f7b52be63a4  ??  artifacts/rust-tauri/R05/RR2/B-R2/nested-sim-1/R04_REGRESSION/R03_REGRESSION/R02/A16/legacy-entry/e0s-self-checks.log
dafecdaa505ce47155b8f0b1a6b9d326f65e6e84a229add0428c0fb851a0e505  ??  artifacts/rust-tauri/R05/RR2/B-R2/nested-sim-1/R04_REGRESSION/R03_REGRESSION/R02/A16/legacy-entry/e1-binding-surface-intersect.txt
e478b5019f8dc054385b670fc46863aacb8ae7bb2c6af54b195ae23a7474e9a3  ??  artifacts/rust-tauri/R05/RR2/B-R2/nested-sim-1/R04_REGRESSION/R03_REGRESSION/R02/A16/legacy-entry/e1-default-entry-assertions.txt
ef2350de6ebbff4c6a51fabb6fb01f20fc0a67edbd04555ea9e9a1603d3e4f19  ??  artifacts/rust-tauri/R05/RR2/B-R2/nested-sim-1/R04_REGRESSION/R03_REGRESSION/R02/A16/legacy-entry/e1-surface-diff-files.txt
b32daeef2af45d85547f664e7ad68b9dd0c290942ad702592eff35b5cb4a65d8  ??  artifacts/rust-tauri/R05/RR2/B-R2/nested-sim-1/R04_REGRESSION/R03_REGRESSION/R02/A16/legacy-entry/e2-typecheck.log
9a3a2b6ce40e47627287266176c6142f859d948935aa73c756c0a6e541a2ced7  ??  artifacts/rust-tauri/R05/RR2/B-R2/nested-sim-1/R04_REGRESSION/R03_REGRESSION/R02/A16/legacy-entry/e3-core-contracts.log
ab429fa5caea17807177701b48ffca64c6924fdf21cf8c42bd43d8b5ee4d40e7  ??  artifacts/rust-tauri/R05/RR2/B-R2/nested-sim-1/R04_REGRESSION/R03_REGRESSION/R02/A16/legacy-entry/e4-5-build-renderer.log
c11e6e8682611ee33a4fbebfb0c523ff0ac68101d9ffaba047b473467f04fcda  ??  artifacts/rust-tauri/R05/RR2/B-R2/nested-sim-1/R04_REGRESSION/R03_REGRESSION/R02/A16/legacy-entry/e4-dependency-boundaries.log
534d14a715be12a3b18831a54b9a1dbbff8bed8e4667b56d795f8036e42f72d3  ??  artifacts/rust-tauri/R05/RR2/B-R2/nested-sim-1/R04_REGRESSION/R03_REGRESSION/R02/A16/legacy-entry/e4-tool-invocation-boundaries.log
65a8e4d55d1d7b3d0f11e06928569acf896fdaa4c01cf07c3eb17427b16c603a  ??  artifacts/rust-tauri/R05/RR2/B-R2/nested-sim-1/R04_REGRESSION/R03_REGRESSION/R02/A16/legacy-entry/e5-cause-classes.txt
a6336e88a861d5d65bf8332c6e104672fbecde11272907b15e2847bc36cfc7b2  ??  artifacts/rust-tauri/R05/RR2/B-R2/nested-sim-1/R04_REGRESSION/R03_REGRESSION/R02/A16/legacy-entry/e5-seal-family.txt
64154c4db120cedd38f3ed3bbf6d3dc8820b0716d7f3c29cbc6a7636b5eef373  ??  artifacts/rust-tauri/R05/RR2/B-R2/nested-sim-1/R04_REGRESSION/R03_REGRESSION/R02/A16/legacy-entry/summary.txt
e3b0c44298fc1c149afbf4c8996fb92427ae41e4649b934ca495991b7852b855  ??  artifacts/rust-tauri/R05/RR2/B-R2/nested-sim-1/R04_REGRESSION/R03_REGRESSION/r02_legacy_regression/stderr.log
40ac821eef91f8f6b219a96eb65649fd62c191ac511a26187794b6c1bf091750  ??  artifacts/rust-tauri/R05/RR2/B-R2/nested-sim-1/R04_REGRESSION/R03_REGRESSION/r02_legacy_regression/stdout.log
e3b0c44298fc1c149afbf4c8996fb92427ae41e4649b934ca495991b7852b855  ??  artifacts/rust-tauri/R05/RR2/B-R2/nested-sim-1/R04_REGRESSION/r03_regression_gate/stderr.log
3a6a20c4ca5f48110cd1fa3b159508d92b949ecedb3c3e1b7974716e113f7813  ??  artifacts/rust-tauri/R05/RR2/B-R2/nested-sim-1/R04_REGRESSION/r03_regression_gate/stdout.log
b7a024f2e555bd9992f45b8773705d2b089082bb61b34759363953284ae1b837  ??  artifacts/rust-tauri/R05/RR2/B-R2/nested-sim-2/R04_REGRESSION/R03_REGRESSION/R02/A16/legacy-entry/e0-base-checkout.log
523ab963a6589a5728516dedfd166d3bb33ca94dad0fc96ba72028e6cc17b218  ??  artifacts/rust-tauri/R05/RR2/B-R2/nested-sim-2/R04_REGRESSION/R03_REGRESSION/R02/A16/legacy-entry/e0-base-purity.txt
003afa8157559805f1d73c88bbe1bf32152c4d6b276726c1cabc646929406515  ??  artifacts/rust-tauri/R05/RR2/B-R2/nested-sim-2/R04_REGRESSION/R03_REGRESSION/R02/A16/legacy-entry/e0-binding-exclusion-candidates.tsv
2060285c3096974e60a6aad432dfba80d4ea5f22b1d92e54a411860721bd1959  ??  artifacts/rust-tauri/R05/RR2/B-R2/nested-sim-2/R04_REGRESSION/R03_REGRESSION/R02/A16/legacy-entry/e0-binding-exclusions.txt
37bf49d06652acb5281832fc0c83d38baee7000d164df175249579f9250be078  ??  artifacts/rust-tauri/R05/RR2/B-R2/nested-sim-2/R04_REGRESSION/R03_REGRESSION/R02/A16/legacy-entry/e0-candidate-binding.tsv
9ac5fef697fdb351f0aa2bf9762625fa526681cc7bf0b3ee14454e4360e5c224  ??  artifacts/rust-tauri/R05/RR2/B-R2/nested-sim-2/R04_REGRESSION/R03_REGRESSION/R02/A16/legacy-entry/e0-candidate-dirty.diff
2ab25aef5de49568265df0e604ed72905fda351be0cecc26c1cb8742bc3d7f86  ??  artifacts/rust-tauri/R05/RR2/B-R2/nested-sim-2/R04_REGRESSION/R03_REGRESSION/R02/A16/legacy-entry/e0-candidate-dirty.txt
5c5e7a375d6c2104d059341f2154bf6a4c4bcafdedcbdfd5210f88c39bb7d085  ??  artifacts/rust-tauri/R05/RR2/B-R2/nested-sim-2/R04_REGRESSION/R03_REGRESSION/R02/A16/legacy-entry/e0-run-output-sinks.txt
ca2cee61e9419221291ea5aab76c235c97f020ea1394f64c51988f7b52be63a4  ??  artifacts/rust-tauri/R05/RR2/B-R2/nested-sim-2/R04_REGRESSION/R03_REGRESSION/R02/A16/legacy-entry/e0s-self-checks.log
dafecdaa505ce47155b8f0b1a6b9d326f65e6e84a229add0428c0fb851a0e505  ??  artifacts/rust-tauri/R05/RR2/B-R2/nested-sim-2/R04_REGRESSION/R03_REGRESSION/R02/A16/legacy-entry/e1-binding-surface-intersect.txt
e478b5019f8dc054385b670fc46863aacb8ae7bb2c6af54b195ae23a7474e9a3  ??  artifacts/rust-tauri/R05/RR2/B-R2/nested-sim-2/R04_REGRESSION/R03_REGRESSION/R02/A16/legacy-entry/e1-default-entry-assertions.txt
ef2350de6ebbff4c6a51fabb6fb01f20fc0a67edbd04555ea9e9a1603d3e4f19  ??  artifacts/rust-tauri/R05/RR2/B-R2/nested-sim-2/R04_REGRESSION/R03_REGRESSION/R02/A16/legacy-entry/e1-surface-diff-files.txt
b32daeef2af45d85547f664e7ad68b9dd0c290942ad702592eff35b5cb4a65d8  ??  artifacts/rust-tauri/R05/RR2/B-R2/nested-sim-2/R04_REGRESSION/R03_REGRESSION/R02/A16/legacy-entry/e2-typecheck.log
9a3a2b6ce40e47627287266176c6142f859d948935aa73c756c0a6e541a2ced7  ??  artifacts/rust-tauri/R05/RR2/B-R2/nested-sim-2/R04_REGRESSION/R03_REGRESSION/R02/A16/legacy-entry/e3-core-contracts.log
765500e1fff8c89a14914bfaaee6479ab6a6beedcd4b9c28730553eac9cd36c6  ??  artifacts/rust-tauri/R05/RR2/B-R2/nested-sim-2/R04_REGRESSION/R03_REGRESSION/R02/A16/legacy-entry/e4-5-build-renderer.log
c11e6e8682611ee33a4fbebfb0c523ff0ac68101d9ffaba047b473467f04fcda  ??  artifacts/rust-tauri/R05/RR2/B-R2/nested-sim-2/R04_REGRESSION/R03_REGRESSION/R02/A16/legacy-entry/e4-dependency-boundaries.log
534d14a715be12a3b18831a54b9a1dbbff8bed8e4667b56d795f8036e42f72d3  ??  artifacts/rust-tauri/R05/RR2/B-R2/nested-sim-2/R04_REGRESSION/R03_REGRESSION/R02/A16/legacy-entry/e4-tool-invocation-boundaries.log
65a8e4d55d1d7b3d0f11e06928569acf896fdaa4c01cf07c3eb17427b16c603a  ??  artifacts/rust-tauri/R05/RR2/B-R2/nested-sim-2/R04_REGRESSION/R03_REGRESSION/R02/A16/legacy-entry/e5-cause-classes.txt
a6336e88a861d5d65bf8332c6e104672fbecde11272907b15e2847bc36cfc7b2  ??  artifacts/rust-tauri/R05/RR2/B-R2/nested-sim-2/R04_REGRESSION/R03_REGRESSION/R02/A16/legacy-entry/e5-seal-family.txt
fb740f399e4b8731fd53ce09f65c23551693a87192338bd74c362ad495186353  ??  artifacts/rust-tauri/R05/RR2/B-R2/nested-sim-2/R04_REGRESSION/R03_REGRESSION/R02/A16/legacy-entry/summary.txt
e3b0c44298fc1c149afbf4c8996fb92427ae41e4649b934ca495991b7852b855  ??  artifacts/rust-tauri/R05/RR2/B-R2/nested-sim-2/R04_REGRESSION/R03_REGRESSION/r02_legacy_regression/stderr.log
a62204d13a282307a6c0d915b86cfb3ba513cc70cabf80ec56f9d126ceae06c1  ??  artifacts/rust-tauri/R05/RR2/B-R2/nested-sim-2/R04_REGRESSION/R03_REGRESSION/r02_legacy_regression/stdout.log
e3b0c44298fc1c149afbf4c8996fb92427ae41e4649b934ca495991b7852b855  ??  artifacts/rust-tauri/R05/RR2/B-R2/nested-sim-2/R04_REGRESSION/r03_regression_gate/stderr.log
04551f80c2f39b00f1b77350414611600af06ae4f648e9fa18f4d4b144cc6580  ??  artifacts/rust-tauri/R05/RR2/B-R2/nested-sim-2/R04_REGRESSION/r03_regression_gate/stdout.log
e3b0c44298fc1c149afbf4c8996fb92427ae41e4649b934ca495991b7852b855  ??  artifacts/rust-tauri/R05/RR2/B-R2/nested-sim-2/r04_regression_gate/stderr.log
030bd741b93c496b25df43a62498c80ce0706ed5cb17e69e783932cb98797315  ??  artifacts/rust-tauri/R05/RR2/B-R2/nested-sim-2/r04_regression_gate/stdout.log
bd5ab7fc799b1d025d64fa7bf55e0de67a7fd4c88c42c50250f16c2400dcadac  ??  artifacts/rust-tauri/R05/RR2/B-R2/smoke-sinkdir/stdout.log
b7a024f2e555bd9992f45b8773705d2b089082bb61b34759363953284ae1b837  ??  artifacts/rust-tauri/R05/RR2/B-R2/standalone-full-1/R02/A16/legacy-entry/e0-base-checkout.log
523ab963a6589a5728516dedfd166d3bb33ca94dad0fc96ba72028e6cc17b218  ??  artifacts/rust-tauri/R05/RR2/B-R2/standalone-full-1/R02/A16/legacy-entry/e0-base-purity.txt
15fb524f199aa71a4f7178ad04d549c7d74d59694325e036caa4334d739ca6da  ??  artifacts/rust-tauri/R05/RR2/B-R2/standalone-full-1/R02/A16/legacy-entry/e0-binding-exclusion-candidates.tsv
9d7cd27303ac7dce1782f4ac792fbbe3db4cc8ac251ef82fd17c779b2d9d2154  ??  artifacts/rust-tauri/R05/RR2/B-R2/standalone-full-1/R02/A16/legacy-entry/e0-binding-exclusions.txt
5588cd2d295ff725c178ad2645b22af8ff5ff74b746dbee4fca6999fef9a4af3  ??  artifacts/rust-tauri/R05/RR2/B-R2/standalone-full-1/R02/A16/legacy-entry/e0-candidate-binding.tsv
9ac5fef697fdb351f0aa2bf9762625fa526681cc7bf0b3ee14454e4360e5c224  ??  artifacts/rust-tauri/R05/RR2/B-R2/standalone-full-1/R02/A16/legacy-entry/e0-candidate-dirty.diff
2ab25aef5de49568265df0e604ed72905fda351be0cecc26c1cb8742bc3d7f86  ??  artifacts/rust-tauri/R05/RR2/B-R2/standalone-full-1/R02/A16/legacy-entry/e0-candidate-dirty.txt
55274787793f052702b39aeaea3da2eb45ef49e2a2cc662c848d858a60aa9e7c  ??  artifacts/rust-tauri/R05/RR2/B-R2/standalone-full-1/R02/A16/legacy-entry/e0-run-output-sinks.txt
ca2cee61e9419221291ea5aab76c235c97f020ea1394f64c51988f7b52be63a4  ??  artifacts/rust-tauri/R05/RR2/B-R2/standalone-full-1/R02/A16/legacy-entry/e0s-self-checks.log
dafecdaa505ce47155b8f0b1a6b9d326f65e6e84a229add0428c0fb851a0e505  ??  artifacts/rust-tauri/R05/RR2/B-R2/standalone-full-1/R02/A16/legacy-entry/e1-binding-surface-intersect.txt
e478b5019f8dc054385b670fc46863aacb8ae7bb2c6af54b195ae23a7474e9a3  ??  artifacts/rust-tauri/R05/RR2/B-R2/standalone-full-1/R02/A16/legacy-entry/e1-default-entry-assertions.txt
ef2350de6ebbff4c6a51fabb6fb01f20fc0a67edbd04555ea9e9a1603d3e4f19  ??  artifacts/rust-tauri/R05/RR2/B-R2/standalone-full-1/R02/A16/legacy-entry/e1-surface-diff-files.txt
b32daeef2af45d85547f664e7ad68b9dd0c290942ad702592eff35b5cb4a65d8  ??  artifacts/rust-tauri/R05/RR2/B-R2/standalone-full-1/R02/A16/legacy-entry/e2-typecheck.log
9a3a2b6ce40e47627287266176c6142f859d948935aa73c756c0a6e541a2ced7  ??  artifacts/rust-tauri/R05/RR2/B-R2/standalone-full-1/R02/A16/legacy-entry/e3-core-contracts.log
6efbde3505cd31a6c317079b2137984624d90cf9b78b145c1cd38d2fb8ccb106  ??  artifacts/rust-tauri/R05/RR2/B-R2/standalone-full-1/R02/A16/legacy-entry/e4-5-build-renderer.log
c11e6e8682611ee33a4fbebfb0c523ff0ac68101d9ffaba047b473467f04fcda  ??  artifacts/rust-tauri/R05/RR2/B-R2/standalone-full-1/R02/A16/legacy-entry/e4-dependency-boundaries.log
534d14a715be12a3b18831a54b9a1dbbff8bed8e4667b56d795f8036e42f72d3  ??  artifacts/rust-tauri/R05/RR2/B-R2/standalone-full-1/R02/A16/legacy-entry/e4-tool-invocation-boundaries.log
a6336e88a861d5d65bf8332c6e104672fbecde11272907b15e2847bc36cfc7b2  ??  artifacts/rust-tauri/R05/RR2/B-R2/standalone-full-1/R02/A16/legacy-entry/e5-allowed-reds.txt
e3b0c44298fc1c149afbf4c8996fb92427ae41e4649b934ca495991b7852b855  ??  artifacts/rust-tauri/R05/RR2/B-R2/standalone-full-1/R02/A16/legacy-entry/e5-base-blocks.txt
e3b0c44298fc1c149afbf4c8996fb92427ae41e4649b934ca495991b7852b855  ??  artifacts/rust-tauri/R05/RR2/B-R2/standalone-full-1/R02/A16/legacy-entry/e5-base-cause-classes.txt
e3b0c44298fc1c149afbf4c8996fb92427ae41e4649b934ca495991b7852b855  ??  artifacts/rust-tauri/R05/RR2/B-R2/standalone-full-1/R02/A16/legacy-entry/e5-base-causes.txt
e3b0c44298fc1c149afbf4c8996fb92427ae41e4649b934ca495991b7852b855  ??  artifacts/rust-tauri/R05/RR2/B-R2/standalone-full-1/R02/A16/legacy-entry/e5-base-failed-files.txt
10c75dbe93c6640c949c9cfe93038e2c8a140d23a45b593712ba3679f102594c  ??  artifacts/rust-tauri/R05/RR2/B-R2/standalone-full-1/R02/A16/legacy-entry/e5-base-seal-family.log
67749fc3fa359c2ae0f4b7ee1918ea2c03b0dff7946ecaae0b3dce5d04bde997  ??  artifacts/rust-tauri/R05/RR2/B-R2/standalone-full-1/R02/A16/legacy-entry/e5-base-summary-counts.txt
fec8065ca00909c9c3d1902ca6704e879df0708f62a8365b7c51b7002d533766  ??  artifacts/rust-tauri/R05/RR2/B-R2/standalone-full-1/R02/A16/legacy-entry/e5-candidate-blocks.txt
74aaf894ede85425e6050eb88aeee8f2e8eb129374c3d567b97036282e3bc401  ??  artifacts/rust-tauri/R05/RR2/B-R2/standalone-full-1/R02/A16/legacy-entry/e5-candidate-cause-classes.txt
c500aecc32570e9218b10c45de3167a46512d445e8173da6b6ef7e54630be8b4  ??  artifacts/rust-tauri/R05/RR2/B-R2/standalone-full-1/R02/A16/legacy-entry/e5-candidate-causes.txt
a6336e88a861d5d65bf8332c6e104672fbecde11272907b15e2847bc36cfc7b2  ??  artifacts/rust-tauri/R05/RR2/B-R2/standalone-full-1/R02/A16/legacy-entry/e5-candidate-failed-files.txt
b30b877aaeffe85994b89a33f3cadcb1f0aecc694c01ac6115bbebfb766c5195  ??  artifacts/rust-tauri/R05/RR2/B-R2/standalone-full-1/R02/A16/legacy-entry/e5-candidate-npm-test.log
1e19d70bf42c53c2cb113717c45dd8f4ab52c9590f414525461a01f922e62b67  ??  artifacts/rust-tauri/R05/RR2/B-R2/standalone-full-1/R02/A16/legacy-entry/e5-candidate-summary-counts.txt
f0289aaf3c4e4c687e25134df576fd06a36a89fa914dd7929a7acd358973dc3d  ??  artifacts/rust-tauri/R05/RR2/B-R2/standalone-full-1/R02/A16/legacy-entry/e5-candidate-vitest-summary.txt
65a8e4d55d1d7b3d0f11e06928569acf896fdaa4c01cf07c3eb17427b16c603a  ??  artifacts/rust-tauri/R05/RR2/B-R2/standalone-full-1/R02/A16/legacy-entry/e5-cause-classes.txt
a6336e88a861d5d65bf8332c6e104672fbecde11272907b15e2847bc36cfc7b2  ??  artifacts/rust-tauri/R05/RR2/B-R2/standalone-full-1/R02/A16/legacy-entry/e5-new-since-base.txt
a6336e88a861d5d65bf8332c6e104672fbecde11272907b15e2847bc36cfc7b2  ??  artifacts/rust-tauri/R05/RR2/B-R2/standalone-full-1/R02/A16/legacy-entry/e5-registered-preexisting-family.txt
a6336e88a861d5d65bf8332c6e104672fbecde11272907b15e2847bc36cfc7b2  ??  artifacts/rust-tauri/R05/RR2/B-R2/standalone-full-1/R02/A16/legacy-entry/e5-seal-family.txt
3ed9b6f6edc62330ddc00ed85aada54bf3a299f3bf319807ed9eed3543e79f55  ??  artifacts/rust-tauri/R05/RR2/B-R2/standalone-full-1/R02/A16/legacy-entry/summary.txt
c1cbb239bd0bce8ddb3fb10ffc69099b59306c5813d5795f508de86a2b498f4b  ??  artifacts/rust-tauri/R05/RR2/C-R2/EXECUTOR_NOTE.md
7db5305cc6a18aa300882816b9b1356e676cf1a372ae719725d5d1957720dbe9  ??  artifacts/rust-tauri/R05/RR2/C-R2/REVIEW-r1.md
8428ea7754ad9566538483e06ded0ee13d244ecceadd4ce7177bc5e86036d5e9  ??  artifacts/rust-tauri/R05/RR2/C-R2/green-battery-f34.log
4552976ff412189d752f7f73eece6add5f5b25019f16b543013fc0f75f1f7ac8  ??  artifacts/rust-tauri/R05/RR2/C-R2/green-clippy-f34.log
d0048f4b8e62d40b403980081cb7cf61e14077a796e9134ed76ae64f185611e4  ??  artifacts/rust-tauri/R05/RR2/C-R2/green-clippy-xtask-f34.log
e3b0c44298fc1c149afbf4c8996fb92427ae41e4649b934ca495991b7852b855  ??  artifacts/rust-tauri/R05/RR2/C-R2/green-fmt-check-f34.log
2ac99628d34c9a543c49f1b8755fd5fb68aa64dfa094a94d9b1605521c237e42  ??  artifacts/rust-tauri/R05/RR2/C-R2/green-xtask-mirror-cid.log
f884052099bb2e22600f1e1b94358d6a3a86f148f1427ec5cb848c98e007fcb8  ??  artifacts/rust-tauri/R05/RR2/C-R2/green-xtask-mirror-pin.log
78c3b12287d03a54aeba0e8b8e517aee5877d02367cb3e8ad7f96695adadc62b  ??  artifacts/rust-tauri/R05/RR2/C-R2/mut-baseline.log
b0dab14d24ef415d36cfff22b6c67b5f2c7da21e65c4e60078c04d33188961a1  ??  artifacts/rust-tauri/R05/RR2/C-R2/mut-red-unclosed-neutralized.log
82019dde0d4072540e29c9d6c347033f5cdae1f603668eed5e8e09776ee52bfe  ??  artifacts/rust-tauri/R05/RR2/C-R2/mut-restored-green.log
9895bfde536d002d3b46b5b4a419a593c14bc87782765e667f819af1677023df  ??  artifacts/rust-tauri/R05/RR2/D-R2/REPORT.md
ba6a7c79b0f7776b7d94640888527113eed2a641e135a46b87ee8c3a516eb961  ??  artifacts/rust-tauri/R05/RR2/D-R2/REVIEW-r1.md
4287facef102b0571523a6258c8fc72da7ff1a4b5186b878569b8357d8bd2240  ??  artifacts/rust-tauri/R05/RR2/D-R2/a-rootcause-conclusion.md
2c5f1358957a152517cafe7f1b69390a786ecf48a478ca3e4503d38936ef98a7  ??  artifacts/rust-tauri/R05/RR2/D-R2/clippy-selfcheck.log
1d8493e0a4f16980f6a5e7173953860cc44d97688d5cbe0c1a9835f9befd8cfe  ??  artifacts/rust-tauri/R05/RR2/D-R2/isolated-b-c-tests.log
3f49be8739bcded700183366a720d1cfed26f5671fbd98b5fec361accf9f2d46  ??  artifacts/rust-tauri/R05/RR2/D-R2/isolated-c-green-2.log
0437661d1718e610e4ff20b5359c569d46fefcff561db0d1ec8dedb888ae870e  ??  artifacts/rust-tauri/R05/RR2/D-R2/isolated-c-green-3.log
065f0b20c823b79f1f84d625a86c7d5b4dd0095b8e140a99222eff3899769e27  ??  artifacts/rust-tauri/R05/RR2/D-R2/isolated-c-green.log
84c064dcb4bb5d57de0bbe0be68c7c391eec3b90a7b270f60e4b5e885cbbe61c  ??  artifacts/rust-tauri/R05/RR2/D-R2/neg-b-incomplete-pids.log
d355a48381d9c3bbf822ad8fd057f9213d94cc215e8bb08e86177861c734a274  ??  artifacts/rust-tauri/R05/RR2/D-R2/neg-c-nonce-purpose.log
01f4b6b25c9f68d6b9e35c7d60bd152755876e869bc109784b8673c096bb052c  ??  artifacts/rust-tauri/R05/RR2/D-R2/prebuild-workspace.log
c688090b8b104c5407ffa4f7857d73798d16edfceeb243c1abb5d87a78359c13  ??  artifacts/rust-tauri/R05/RR2/D-R2/probe/probe-suite.log
b92b587ac9666c9d4c040e15f3eb8f89a292366f9a908e0654e06a86e2961378  ??  artifacts/rust-tauri/R05/RR2/D-R2/probe/zz_lanprobe
016664ce87b705450f19379d73c401d17ac7fcae75565fe5a52eda973ddb8a0d  ??  artifacts/rust-tauri/R05/RR2/D-R2/probe/zz_lanprobe.c
9dfdded8763afe98bbcf7afe083ad8818edf677591f433cd80eddcedba1cc6a7  ??  artifacts/rust-tauri/R05/RR2/D-R2/probe/zz_lanprobe.py
7f3f28d456fe4140fd2c6c417a87b02e118d1d4582c42380717bd67380eca96f  ??  artifacts/rust-tauri/R05/RR2/D-R2/r00-standalone-3.log
aa5c3f2f1200ec21f9c5c1695a3b061eaac8d89731e43829b3382d2e7fea458e  ??  artifacts/rust-tauri/R05/RR2/D-R2/rerun-current-binary.log
3418821da35c6ef88baae5dffd2a7303998fd695d48a50af5395567139c38e09  ??  artifacts/rust-tauri/R05/RR2/D-R2/suites-green-restored.log
3166f3ce3804be38344a480e0740a1872149b29e1a38b216b60a507727094b62  ??  artifacts/rust-tauri/R05/RR2/D-R2/workspace-green-window-REVIEW-r1.log
95b51299e4fa9ccda3f9ae07e85509ebdcb9a74fd698f73408a43d3ff942772c  ??  artifacts/rust-tauri/R05/RR2/D-R2/workspace-test-full-r2.log
5973db1d3f6b1093928bf372274f585f246f9c07e164f35c33720304eab16208  ??  artifacts/rust-tauri/R05/RR2/D-R2/workspace-test-full.log
ec3921a32f973a5acfed3be92131b5dd154be07ce367104e6163be9ba7d87e55  ??  artifacts/rust-tauri/R05/RR2/D-R2/workspace-test-nofailfast.log
50676807c19ba68f311671b8cc6102aa735ff970611d8da52e0da00d53c582b8  ??  artifacts/rust-tauri/R05/RR2/E-R2/REPORT.md
08a770ddcef44d381eb10064a129cb66fe560312dbe770aff228a7b0ff5b19a6  ??  artifacts/rust-tauri/R05/RR2/E-R2/REVIEW-r1.md
b5888519ee321134ab215011af1f4df155a072f13b5763a3b91dc1edbb846747  ??  artifacts/rust-tauri/R05/RR2/E-R2/after-r00-management-leaves-post-e-changes.log
8902530f1e5fffcce9c6e2b5781745a3d58b7e59d6a956d394d146585f05d865  ??  artifacts/rust-tauri/R05/RR2/E-R2/baseline-r00-management-leaves-before-e-changes.log
6b8305eec4b43d40cfea018e7f912795fc6267f4f5b2fe46c540c011633c1131  ??  artifacts/rust-tauri/R05/RR2/E-R2/clippy-lingxi-service-tests.log
3ca8109a3ba4c9d73ae756a856dc8d27a52a1ad853ba722bdd7d660faa8ea8e1  ??  artifacts/rust-tauri/R05/RR2/E-R2/final-exact-pinned-test.log
fca66a323961b60d2fe43b44d29dced783646a38e7a073376408f864dee3f340  ??  artifacts/rust-tauri/R05/RR2/E-R2/green-r05t02-credentials-full.log
5ff07e8851f637914e88064bb03dae4930e2e5eba2996827bc34123e1d1b9454  ??  artifacts/rust-tauri/R05/RR2/E-R2/green-restored.log
26fe9ee6f5b2c26a24965e80c90afa07826f9b1b710c54a7ce21ee6dc07e3850  ??  artifacts/rust-tauri/R05/RR2/E-R2/green-xtask-tests-post-stagemap-sync.log
63c28b120c12b3c9552d12a7dfd082b9441543f1a4329bae355e3d1d2c5ace28  ??  artifacts/rust-tauri/R05/RR2/E-R2/red.log
0da463dfd04db5e16ac48ee456e5cc473f0322c9bdfaaa9c96431e5535016a96  ??  artifacts/rust-tauri/R05/RR2/F44/f44-failure-blocks.txt
bd814b9155da31e35c68c81809e4ed766d138610e634b38ddcc482f723ec26dc  ??  artifacts/rust-tauri/R05/RR2/F44/f44-three-suite-run.log
b32daeef2af45d85547f664e7ad68b9dd0c290942ad702592eff35b5cb4a65d8  ??  artifacts/rust-tauri/R05/RR2/F44/f44-typecheck.log
9b0e813f26f336e38df0a05d6801e0c6f99dede6dd1afaeaf6a0747b8d723c69  ??  artifacts/rust-tauri/R05/RR2/F44/guard-direct-shape.log
6f795e9a384130017a0dcc9dc48b51cb46023d6f2a77e4b48e245a8d18fa4d4c  ??  artifacts/rust-tauri/R05/RR2/FINAL-01/boundaries/check-boundaries.log
a86666fd2aa6fa62fae5e0d6235f8c8dd692bb3cb981712aa436a27b475c96dc  ??  artifacts/rust-tauri/R05/RR2/FINAL-01/clippy/clippy-check.log
5e6014d8c5c601f80c35825035eddae5f48c35b2672e127e9b2a882e2f0265e8  ??  artifacts/rust-tauri/R05/RR2/FINAL-01/clippy/clippy-exit.txt
4b2905f406c22f87f7812c94736d9c1bf5ef06ca69de6a0f93bc3dd8cc5925bc  ??  artifacts/rust-tauri/R05/RR2/FINAL-01/contracts/check-contracts.log
e3b0c44298fc1c149afbf4c8996fb92427ae41e4649b934ca495991b7852b855  ??  artifacts/rust-tauri/R05/RR2/FINAL-01/fmt/fmt-check.log
059245ba61ddeb010e3917c2d4dc016cabfa0fb87aa15ade66c1b4fe4d600402  ??  artifacts/rust-tauri/R05/RR2/FINAL-01/notes/r41-storage-tx/build.log
95241c95117f502e33038ac2c7c251e4d2f07280b1818da73ecbef5047036441  ??  artifacts/rust-tauri/R05/RR2/FINAL-01/notes/r41-storage-tx/last-db-hashes.txt
4baf80f747bdab4baef58c3bdd2c33084623a1597aee5ed9975b2ca3672ffff8  ??  artifacts/rust-tauri/R05/RR2/FINAL-01/notes/r41-storage-tx/s0-registry-consistency.log
d713b4d2f2123afe9c6c7fc9f2e89746849192a9276c9c9383b94d4ab7fd0c66  ??  artifacts/rust-tauri/R05/RR2/FINAL-01/notes/r41-storage-tx/s1-counts-after-stop.json
347987f9452c382b32e905cd01a47510e5b5052b9177d6711a0828ded331f07a  ??  artifacts/rust-tauri/R05/RR2/FINAL-01/notes/r41-storage-tx/s2-counts-after-crash.json
1a995578f106768f53f7853ccf0f851749f1066cbb09374743816dc89e52c436  ??  artifacts/rust-tauri/R05/RR2/FINAL-01/notes/r41-storage-tx/s2-runs-dump.jsonl
750574943253da35b8f070bdd92d3e106c48113b1915aca9db5ccffb2490895b  ??  artifacts/rust-tauri/R05/RR2/FINAL-01/notes/r41-storage-tx/s3-fault.err
e3b0c44298fc1c149afbf4c8996fb92427ae41e4649b934ca495991b7852b855  ??  artifacts/rust-tauri/R05/RR2/FINAL-01/notes/r41-storage-tx/s3-fault.out
1629a916c3b3a9dd2dbea79967a949c807e30fe194389c01e8d0c0ee058c22f8  ??  artifacts/rust-tauri/R05/RR2/FINAL-01/notes/r41-storage-tx/s4-hashes-after.txt
1629a916c3b3a9dd2dbea79967a949c807e30fe194389c01e8d0c0ee058c22f8  ??  artifacts/rust-tauri/R05/RR2/FINAL-01/notes/r41-storage-tx/s4-hashes-before.txt
627d6f118589e5f07740b8e222a7fefa22ee6c77f313209cadd11bd1c351cc37  ??  artifacts/rust-tauri/R05/RR2/FINAL-01/notes/r41-storage-tx/s4-migrations-round1.json
627d6f118589e5f07740b8e222a7fefa22ee6c77f313209cadd11bd1c351cc37  ??  artifacts/rust-tauri/R05/RR2/FINAL-01/notes/r41-storage-tx/s4-migrations-round2.json
627d6f118589e5f07740b8e222a7fefa22ee6c77f313209cadd11bd1c351cc37  ??  artifacts/rust-tauri/R05/RR2/FINAL-01/notes/r41-storage-tx/s4-migrations-round3.json
042f89670e8a09d25c5f995775c0023bef315abf552d79a79b3ec2feef701585  ??  artifacts/rust-tauri/R05/RR2/FINAL-01/notes/r41-storage-tx/service-s1.err
85fe48789533221ede047ac46b6e7b483ec57dba4c5beb60ceda12c6cf5aefa9  ??  artifacts/rust-tauri/R05/RR2/FINAL-01/notes/r41-storage-tx/service-s1.out
e91da411ea5965cd3056a8382a44bff257bf53ba4d7acaef1eacb99cb83c8a0c  ??  artifacts/rust-tauri/R05/RR2/FINAL-01/notes/r41-storage-tx/service-s1b.err
8b70efc16c3ac909f149c2b12a4dad62c9c98f80c00e781f1c0e5e2bb6ad72a9  ??  artifacts/rust-tauri/R05/RR2/FINAL-01/notes/r41-storage-tx/service-s1b.out
2e5cd1f406a16e6f41c71beb51785ed2e4bb37486567e8002a91db89fe7d3410  ??  artifacts/rust-tauri/R05/RR2/FINAL-01/notes/r41-storage-tx/service-s2.err
ad6b6d2ffddd542162c3a755156dae0b43943355ad3aab966630c29d47c71329  ??  artifacts/rust-tauri/R05/RR2/FINAL-01/notes/r41-storage-tx/service-s2.out
7fb953312f2d3ceb5953af8bd78c6d8b641bb968348369e79b34e5732e0018d9  ??  artifacts/rust-tauri/R05/RR2/FINAL-01/notes/r41-storage-tx/service-s2b.err
2f5797ae52f8b8eb6b36c4ce6db12873065c1c87808fa721a5ea4bcaf38a2af3  ??  artifacts/rust-tauri/R05/RR2/FINAL-01/notes/r41-storage-tx/service-s2b.out
8c99d2fac523771568fb032b52a8c7100a71e23bf0d08feee3d3263074393974  ??  artifacts/rust-tauri/R05/RR2/FINAL-01/notes/r41-storage-tx/service-s4-1.err
5464cfc6d5274d9133195174642f1a4ab871fdd0a10dd860d4591018f8479b33  ??  artifacts/rust-tauri/R05/RR2/FINAL-01/notes/r41-storage-tx/service-s4-1.out
e50e52be840cf0e1c5f06a4ec65bbdf85ed18b96d77f805f4ec2eaad722edf07  ??  artifacts/rust-tauri/R05/RR2/FINAL-01/notes/r41-storage-tx/service-s4-2.err
42320ef65d743804da6749226a5db8c7ecd2f3b2277439e6201881b2c617d410  ??  artifacts/rust-tauri/R05/RR2/FINAL-01/notes/r41-storage-tx/service-s4-2.out
7963f917c96a6647ff7c9a6477380ce77f18f35c63e421afcb530b371db360ac  ??  artifacts/rust-tauri/R05/RR2/FINAL-01/notes/r41-storage-tx/service-s4-3.err
d955a3b2c90aa33ed09846fbd590b478f9ea2c7eb69bdfccea6fe193972a6701  ??  artifacts/rust-tauri/R05/RR2/FINAL-01/notes/r41-storage-tx/service-s4-3.out
ded40c6b268d184658db15a6e6f876f17b064884a7ecdf02527bdceec9d4f43b  ??  artifacts/rust-tauri/R05/RR2/FINAL-01/notes/r41-storage-tx/service.addr
f0c5260dbf09651744a9a152816cb4286556b7517407ded66e3c9a10bf83c135  ??  artifacts/rust-tauri/R05/RR2/FINAL-01/notes/r41-storage-tx/service.pid
23d1abb3299376baf799de84e8bdb32c61d15f08b735adef1f3d15edf2e4ab75  ??  artifacts/rust-tauri/R05/RR2/FINAL-01/notes/r41-storage-tx/summary.txt
5ba9e582bfe868433295c634c96c6c562e5df1c597fad55dc43c522821d68c84  ??  artifacts/rust-tauri/R05/RR2/FINAL-01/notes/spot-f31-exact.log
f2bc121380955f2a4d91ce14dd7ebe9b839a33edb7d1a48d366d91e6eb7d6eaa  ??  artifacts/rust-tauri/R05/RR2/FINAL-01/notes/spot-f34-suite.log
566e30e868028aef750987c47a9a3ee13a1446b273abf51b405008fa7005eb12  ??  artifacts/rust-tauri/R05/RR2/FINAL-01/notes/spot-f41-storage-tx.log
7843e30e23a33a50f01f375947e604dcef23c8c7a4cb54aff1ef84e6ef07a4d2  ??  artifacts/rust-tauri/R05/RR2/FINAL-01/verify-r05-2/R04_REGRESSION/R03_REGRESSION/A15/build.log
f5b0981175fe9bd307c7bb4e8dcb8490cfa58585d62d9c3e2f7eb03e4e875e54  ??  artifacts/rust-tauri/R05/RR2/FINAL-01/verify-r05-2/R04_REGRESSION/R03_REGRESSION/A15/cases/background-run-completes-decoupled.json
fda5f46e011354371ff149d97818d48d3b78dca205e17e8a7b39dba1cb4013e6  ??  artifacts/rust-tauri/R05/RR2/FINAL-01/verify-r05-2/R04_REGRESSION/R03_REGRESSION/A15/cases/background-survives-unrelated-cancel.json
92eebd1162583e5ed42a8e61a80b5c84e94753ed6562c35c930ebb65f6e23f01  ??  artifacts/rust-tauri/R05/RR2/FINAL-01/verify-r05-2/R04_REGRESSION/R03_REGRESSION/A15/cases/cancel-live-run-accepted-terminal-cancelled.json
edc380e78d3b8f95b51f12c2bbfcb702760327da3f20bd6c9f456b5c7e0934de  ??  artifacts/rust-tauri/R05/RR2/FINAL-01/verify-r05-2/R04_REGRESSION/R03_REGRESSION/A15/cases/cancel-terminal-run-already-terminal.json
e320e539d701e4f285fcff1a42629b28016fa5f103e77fccb5c1ddf921155742  ??  artifacts/rust-tauri/R05/RR2/FINAL-01/verify-r05-2/R04_REGRESSION/R03_REGRESSION/A15/cases/cancel-unknown-run-not-found.json
a513a19cd5ca9bc857d2e01c9be7ec61e3e5677e7d1948db618b31fb7aba127a  ??  artifacts/rust-tauri/R05/RR2/FINAL-01/verify-r05-2/R04_REGRESSION/R03_REGRESSION/A15/cases/cancel-waiting-approval-cancels-cleanly.json
602b436fbd1f0de778ca086853030197fe28a3fde1a5f694ebea64e4f8779c8a  ??  artifacts/rust-tauri/R05/RR2/FINAL-01/verify-r05-2/R04_REGRESSION/R03_REGRESSION/A15/cases/combo-cancel-stream-terminal-cancelled.json
b24ff9cdbb08092492dd68815bdf3c4a6f38c8e2a42cd79c30abbfcacdfef745  ??  artifacts/rust-tauri/R05/RR2/FINAL-01/verify-r05-2/R04_REGRESSION/R03_REGRESSION/A15/cases/combo-crash-recovery-honest-interrupted.json
d9e8dea9429b0f0c9fc86be7f31dcd96b4b227e1174dcdea6d1f00b177ec2987  ??  artifacts/rust-tauri/R05/RR2/FINAL-01/verify-r05-2/R04_REGRESSION/R03_REGRESSION/A15/cases/combo-cross-session-both-complete.json
106bebd1aa293f120bb83f22b33de1e19ae817a4963587e2ee17be8731293349  ??  artifacts/rust-tauri/R05/RR2/FINAL-01/verify-r05-2/R04_REGRESSION/R03_REGRESSION/A15/cases/combo-duplicate-conflict-rejected.json
eafb37ffcb4d76d45d58a64d80d9ef413064c1f979d64ba1cc2e609d147963fc  ??  artifacts/rust-tauri/R05/RR2/FINAL-01/verify-r05-2/R04_REGRESSION/R03_REGRESSION/A15/cases/combo-duplicate-replay-no-second-run.json
346e6cb6ae16f125e4bbfdbf24d2bbcf63c92fa9642b2676fa06a78bfa1e8fdb  ??  artifacts/rust-tauri/R05/RR2/FINAL-01/verify-r05-2/R04_REGRESSION/R03_REGRESSION/A15/cases/combo-events-subscriber-saw-terminal.json
97a0c8f8404d1c042f8f7efd240d5d5f5446103b21bcccf9c5c90461b6082043  ??  artifacts/rust-tauri/R05/RR2/FINAL-01/verify-r05-2/R04_REGRESSION/R03_REGRESSION/A15/cases/combo-multi-tool-three-calls.json
aa936466e694a90f4087b7ae928f7c9b96ae1450073774fcb29d177dfa59c7b6  ??  artifacts/rust-tauri/R05/RR2/FINAL-01/verify-r05-2/R04_REGRESSION/R03_REGRESSION/A15/cases/combo-multi-turn-one-terminal.json
f7bdd9e301d37d6a062e13225cfc84d7e96c1f88cd75d34e300ab00dd0fad0a0  ??  artifacts/rust-tauri/R05/RR2/FINAL-01/verify-r05-2/R04_REGRESSION/R03_REGRESSION/A15/cases/combo-normal-run-completed.json
51d8bd26cb2f29bee74097b5ef9a36e3389a56a1c7127e86fa36d75a8106659e  ??  artifacts/rust-tauri/R05/RR2/FINAL-01/verify-r05-2/R04_REGRESSION/R03_REGRESSION/A15/cases/combo-out-of-order-late-result-fenced.json
e18f1fcb5cc4af47da6184707fb88e0c0ed656f1fafffe8020a3001c9826c931  ??  artifacts/rust-tauri/R05/RR2/FINAL-01/verify-r05-2/R04_REGRESSION/R03_REGRESSION/A15/cases/combo-timeout-budget-loud-failure.json
ccbc0f5c630f404851ca1c561fd5c73421ba9b217ceeff29973b263f05e30888  ??  artifacts/rust-tauri/R05/RR2/FINAL-01/verify-r05-2/R04_REGRESSION/R03_REGRESSION/A15/cases/parent-cancel-stops-child-run.json
d72d7e1151ea38a4eeb9ad435aa66dc376039e41ff714f9f550e1f2c8934585a  ??  artifacts/rust-tauri/R05/RR2/FINAL-01/verify-r05-2/R04_REGRESSION/R03_REGRESSION/A15/cases/reconnect-resume-no-model-restart.json
5d89ed42d309bfcfd13956b901f209eb432200e88c2ae1eea74d6eaffe625b2a  ??  artifacts/rust-tauri/R05/RR2/FINAL-01/verify-r05-2/R04_REGRESSION/R03_REGRESSION/A15/cases/steer-busy-accepted.json
360ccd0c00f5114974f5f2967860d1c339a2e2baa808a2f5dca49f334fe0d386  ??  artifacts/rust-tauri/R05/RR2/FINAL-01/verify-r05-2/R04_REGRESSION/R03_REGRESSION/A15/cases/steer-idle-miss.json
d00e58227225a313e612b18019d7f95a07382b0426ab7fbeb39bc4b05b740cc5  ??  artifacts/rust-tauri/R05/RR2/FINAL-01/verify-r05-2/R04_REGRESSION/R03_REGRESSION/A15/cases/steer-text-drained-into-model-input.json
1d91fbec57470aebfedf338d49c5109fdd0216e02d720737ed53335eb06ae4c8  ??  artifacts/rust-tauri/R05/RR2/FINAL-01/verify-r05-2/R04_REGRESSION/R03_REGRESSION/A15/cases/subagent-child-cancel-stops-child-only.json
25c6b5b26b72b0a4408db94f4f0e40b77faa84d32ccfeaffaf04e29fb20c07c9  ??  artifacts/rust-tauri/R05/RR2/FINAL-01/verify-r05-2/R04_REGRESSION/R03_REGRESSION/A15/cases/subagent-close-thread-closed-status.json
c8d7de61de38e7dfa38ea3376602da5c50882e6d6238c3a1ff61b6ac7df04418  ??  artifacts/rust-tauri/R05/RR2/FINAL-01/verify-r05-2/R04_REGRESSION/R03_REGRESSION/A15/cases/subagent-dispatch-child-lineage-recorded.json
dce5bbb9b54961ee64c8634f90f4f2600975918f6a2590b57b7b28dd425016bd  ??  artifacts/rust-tauri/R05/RR2/FINAL-01/verify-r05-2/R04_REGRESSION/R03_REGRESSION/A15/cases/subagent-escalation-write-denied-zero-children.json
dcd19d358a8a5e560042eee304f1f5460d1c79ba1a64d611fb1007b830562010  ??  artifacts/rust-tauri/R05/RR2/FINAL-01/verify-r05-2/R04_REGRESSION/R03_REGRESSION/A15/cases/subagent-policy-proactive-delegation-default-off.json
ffef3903ae224f661b415622ed9c76da5e265c01a9c15b867f429c1f6d10ef15  ??  artifacts/rust-tauri/R05/RR2/FINAL-01/verify-r05-2/R04_REGRESSION/R03_REGRESSION/A15/cases/subagent-reply-continues-thread.json
d097c60f1416e1febc17bd0959b1c9252ca9be86b6a1e982d42d9240a38b107e  ??  artifacts/rust-tauri/R05/RR2/FINAL-01/verify-r05-2/R04_REGRESSION/R03_REGRESSION/A15/combo-counts.json
4c56fd82542a56017ef5e59d3b0c9752ede52032f31f31c24c2de458153ad296  ??  artifacts/rust-tauri/R05/RR2/FINAL-01/verify-r05-2/R04_REGRESSION/R03_REGRESSION/A15/combos/cancel-approval-wait.json
f861ce9b1dbe64f781134bae916b9c8f2503f4ad8572e98bfc18d180a4e35e33  ??  artifacts/rust-tauri/R05/RR2/FINAL-01/verify-r05-2/R04_REGRESSION/R03_REGRESSION/A15/combos/cancel-stream-read.json
76b74d822e65d068718af971eb29865cc4891a50d128a35b0bc955cc3b6b65a2  ??  artifacts/rust-tauri/R05/RR2/FINAL-01/verify-r05-2/R04_REGRESSION/R03_REGRESSION/A15/combos/crash-recovery.json
ef5545b54a472c39f9b09d995f9ba2e3671618a56d4de3eb7fe4fad24d81f22b  ??  artifacts/rust-tauri/R05/RR2/FINAL-01/verify-r05-2/R04_REGRESSION/R03_REGRESSION/A15/combos/cross-session-parallel.json
7f7fd9a6f050ba6811d5b1d7313d11473f92089a4ec0fd2335779e99b59cdaa1  ??  artifacts/rust-tauri/R05/RR2/FINAL-01/verify-r05-2/R04_REGRESSION/R03_REGRESSION/A15/combos/duplicate-submission.json
fc9b468ae0f2bd2cfff1a3ead3ba02756e59e73dc0c0a0ebb5142456d1ae38a8  ??  artifacts/rust-tauri/R05/RR2/FINAL-01/verify-r05-2/R04_REGRESSION/R03_REGRESSION/A15/combos/leaf-parent-cancel.json
a59635405b3569b1c0c950cb282ecf3749923b36c6b1b5e4d3d21fc3f4458102  ??  artifacts/rust-tauri/R05/RR2/FINAL-01/verify-r05-2/R04_REGRESSION/R03_REGRESSION/A15/combos/leaf-steer.json
fd60e4ca043c4073ddf838b3f0fe918436ede45ff7765efc8f1cad42821186f4  ??  artifacts/rust-tauri/R05/RR2/FINAL-01/verify-r05-2/R04_REGRESSION/R03_REGRESSION/A15/combos/multi-tool.json
075cad25ce0207f3b49138b8d415d0db78da1005207b2f64d282b478bffa44ae  ??  artifacts/rust-tauri/R05/RR2/FINAL-01/verify-r05-2/R04_REGRESSION/R03_REGRESSION/A15/combos/multi-turn-model.json
f94832aef81d68346dd1b25b1ad7312d6bc141a69a616a218b640aa170fbebcb  ??  artifacts/rust-tauri/R05/RR2/FINAL-01/verify-r05-2/R04_REGRESSION/R03_REGRESSION/A15/combos/normal.json
44f5b48c4f288ee214f7053e16857997f1fb66a6be241466141301a16c6872e7  ??  artifacts/rust-tauri/R05/RR2/FINAL-01/verify-r05-2/R04_REGRESSION/R03_REGRESSION/A15/combos/timeout-budget.json
19d2fc9780c24b03a1f6bf2c4732459c20c98b28dba83d3336481d43975033b2  ??  artifacts/rust-tauri/R05/RR2/FINAL-01/verify-r05-2/R04_REGRESSION/R03_REGRESSION/A15/integration.log
505ecfbac3942739846be3a188cabea9d26c9641628253767c5457bdff2ab44f  ??  artifacts/rust-tauri/R05/RR2/FINAL-01/verify-r05-2/R04_REGRESSION/R03_REGRESSION/A15/leaf-cases.json
bdaad3ebf5ff0689f1652a4b7c24716f5b0138db8876d8941ceb6bbe390650fa  ??  artifacts/rust-tauri/R05/RR2/FINAL-01/verify-r05-2/R04_REGRESSION/R03_REGRESSION/A15/summary.txt
66161a8916920a6d0348bffb812bdc368bce021963bfe16b2bdc411eebd51971  ??  artifacts/rust-tauri/R05/RR2/FINAL-01/verify-r05-2/R04_REGRESSION/R03_REGRESSION/R02/A05_A06/.last-body
1319bbe558a1a9043433da92529bc8c24d2b6fbcabc962836a938e946e273399  ??  artifacts/rust-tauri/R05/RR2/FINAL-01/verify-r05-2/R04_REGRESSION/R03_REGRESSION/R02/A05_A06/body-limit.txt
99bf56c639ffca8516efe5ddea9637b72d09362604bc19278e6f3fb848593a16  ??  artifacts/rust-tauri/R05/RR2/FINAL-01/verify-r05-2/R04_REGRESSION/R03_REGRESSION/R02/A05_A06/build.log
e3b0c44298fc1c149afbf4c8996fb92427ae41e4649b934ca495991b7852b855  ??  artifacts/rust-tauri/R05/RR2/FINAL-01/verify-r05-2/R04_REGRESSION/R03_REGRESSION/R02/A05_A06/cli-sessions-foreign.stderr.log
43b76f6b57634154858e241c52d87fbf0caa8af50a868aeeb6ee8a4728616da4  ??  artifacts/rust-tauri/R05/RR2/FINAL-01/verify-r05-2/R04_REGRESSION/R03_REGRESSION/R02/A05_A06/cli-sessions-foreign.stdout.log
c0c19dff508a998f0c6e1fbf2643c2d78647cd6495bc53c57d2566877a3abc0b  ??  artifacts/rust-tauri/R05/RR2/FINAL-01/verify-r05-2/R04_REGRESSION/R03_REGRESSION/R02/A05_A06/cli-sessions-limit-case.json
e3b0c44298fc1c149afbf4c8996fb92427ae41e4649b934ca495991b7852b855  ??  artifacts/rust-tauri/R05/RR2/FINAL-01/verify-r05-2/R04_REGRESSION/R03_REGRESSION/R02/A05_A06/cli-sessions-limit.stderr.log
e3b0c44298fc1c149afbf4c8996fb92427ae41e4649b934ca495991b7852b855  ??  artifacts/rust-tauri/R05/RR2/FINAL-01/verify-r05-2/R04_REGRESSION/R03_REGRESSION/R02/A05_A06/cli-sessions-owner.stderr.log
a822c879e7e836fe1a0c650a7d2cdd540c44dcbb586134ee26bb14eb0096b7ac  ??  artifacts/rust-tauri/R05/RR2/FINAL-01/verify-r05-2/R04_REGRESSION/R03_REGRESSION/R02/A05_A06/cli-sessions-owner.stdout.log
56fb7d934c3eac2048daf0c0066dd318c95cafdc6fe3464409f1822c498d4321  ??  artifacts/rust-tauri/R05/RR2/FINAL-01/verify-r05-2/R04_REGRESSION/R03_REGRESSION/R02/A05_A06/cli-sessions-unauthorized.stderr.log
e3b0c44298fc1c149afbf4c8996fb92427ae41e4649b934ca495991b7852b855  ??  artifacts/rust-tauri/R05/RR2/FINAL-01/verify-r05-2/R04_REGRESSION/R03_REGRESSION/R02/A05_A06/cli-sessions-unauthorized.stdout.log
64f24facd1be84252f2fe4414ff9cb65afc75ca8207bd4fbbd6154cdc49c9ba5  ??  artifacts/rust-tauri/R05/RR2/FINAL-01/verify-r05-2/R04_REGRESSION/R03_REGRESSION/R02/A05_A06/creds-after-authz.json
b7c87b7cdbb8f3b6e2352b7e5cc4368d8069f1102d7603154c45a24e61898f67  ??  artifacts/rust-tauri/R05/RR2/FINAL-01/verify-r05-2/R04_REGRESSION/R03_REGRESSION/R02/A05_A06/creds-before-authz.json
276015ad4ff70fecdf7a87025cb674f2313a3b845e65ef82b58ba29d3949ff83  ??  artifacts/rust-tauri/R05/RR2/FINAL-01/verify-r05-2/R04_REGRESSION/R03_REGRESSION/R02/A05_A06/devices-after-authz.json
0462860f301cce2f4aee11f5e698e270062a33dab10d580ea77d1438a4d509ad  ??  artifacts/rust-tauri/R05/RR2/FINAL-01/verify-r05-2/R04_REGRESSION/R03_REGRESSION/R02/A05_A06/devices-before-authz.json
15d24e75182b1b4885efd257774c1c6cc8bae81c9bdcb33b8a550e854b469104  ??  artifacts/rust-tauri/R05/RR2/FINAL-01/verify-r05-2/R04_REGRESSION/R03_REGRESSION/R02/A05_A06/leaf-cases.json
5d2636258965fe368bea0dd16003fd86cad11ecb03568d2e800cc6cb05b568b0  ??  artifacts/rust-tauri/R05/RR2/FINAL-01/verify-r05-2/R04_REGRESSION/R03_REGRESSION/R02/A05_A06/leaf-cases.ndjson
a33695a6dcbff7e4cedcac252494fca6245a0eb5691ff09a818771a3492feca4  ??  artifacts/rust-tauri/R05/RR2/FINAL-01/verify-r05-2/R04_REGRESSION/R03_REGRESSION/R02/A05_A06/me-denied-after.sha256
a33695a6dcbff7e4cedcac252494fca6245a0eb5691ff09a818771a3492feca4  ??  artifacts/rust-tauri/R05/RR2/FINAL-01/verify-r05-2/R04_REGRESSION/R03_REGRESSION/R02/A05_A06/me-denied-before.sha256
4aab9c8beb269dee3f9fa33b3b349cff91486ddf5a8907ba1d4bc4d2bd2154c3  ??  artifacts/rust-tauri/R05/RR2/FINAL-01/verify-r05-2/R04_REGRESSION/R03_REGRESSION/R02/A05_A06/neg-startup.log
2bb1c4b8c7e0f5f8fbb7474d1c1f86277693b296d450b7221913ad185c7b2a18  ??  artifacts/rust-tauri/R05/RR2/FINAL-01/verify-r05-2/R04_REGRESSION/R03_REGRESSION/R02/A05_A06/server-stderr.log
ae7b36e70c2fcffeeb90fd473d7d4a56b9d330c8f9cdd9a0820a10a1a9b10c9b  ??  artifacts/rust-tauri/R05/RR2/FINAL-01/verify-r05-2/R04_REGRESSION/R03_REGRESSION/R02/A05_A06/server-stdout.log
9901fa4939e8c0683cc392787126273c429530490fdebe18e68d1ad0c6fc2459  ??  artifacts/rust-tauri/R05/RR2/FINAL-01/verify-r05-2/R04_REGRESSION/R03_REGRESSION/R02/A05_A06/sessions-list-matrix.json
0df8b5b6a44807d392edc2f77b8cc3343e2ccb92a0db5babce5261e7e2126c65  ??  artifacts/rust-tauri/R05/RR2/FINAL-01/verify-r05-2/R04_REGRESSION/R03_REGRESSION/R02/A05_A06/state-after-authn.txt
cf0bfb7bbd102cb0f146398e766070b01a65b0dfe6b2708f145d2240621133e7  ??  artifacts/rust-tauri/R05/RR2/FINAL-01/verify-r05-2/R04_REGRESSION/R03_REGRESSION/R02/A05_A06/state-after.txt
0df8b5b6a44807d392edc2f77b8cc3343e2ccb92a0db5babce5261e7e2126c65  ??  artifacts/rust-tauri/R05/RR2/FINAL-01/verify-r05-2/R04_REGRESSION/R03_REGRESSION/R02/A05_A06/state-before-authz.txt
0df8b5b6a44807d392edc2f77b8cc3343e2ccb92a0db5babce5261e7e2126c65  ??  artifacts/rust-tauri/R05/RR2/FINAL-01/verify-r05-2/R04_REGRESSION/R03_REGRESSION/R02/A05_A06/state-before.txt
9094fa7a455bceba87cd553cbae89a09372e1aa082dc012f3d31ec25d074df56  ??  artifacts/rust-tauri/R05/RR2/FINAL-01/verify-r05-2/R04_REGRESSION/R03_REGRESSION/R02/A05_A06/summary.txt
bcba8db4032b4de0a20822caf43785e8e56c433006c340b217379820f2fd8804  ??  artifacts/rust-tauri/R05/RR2/FINAL-01/verify-r05-2/R04_REGRESSION/R03_REGRESSION/R02/A05_A06/ws-matrix.json
2b34696728dc82b03cbf6311d7e3a6a41658bbde097834c3010a78bc82842c1a  ??  artifacts/rust-tauri/R05/RR2/FINAL-01/verify-r05-2/R04_REGRESSION/R03_REGRESSION/R02/A07_A08/build.log
12675276db9784c612ae2659d7f7bda041ab2c7adc37489df82a26a575243bfe  ??  artifacts/rust-tauri/R05/RR2/FINAL-01/verify-r05-2/R04_REGRESSION/R03_REGRESSION/R02/A07_A08/last-db-hashes.txt
4baf80f747bdab4baef58c3bdd2c33084623a1597aee5ed9975b2ca3672ffff8  ??  artifacts/rust-tauri/R05/RR2/FINAL-01/verify-r05-2/R04_REGRESSION/R03_REGRESSION/R02/A07_A08/s0-registry-consistency.log
d713b4d2f2123afe9c6c7fc9f2e89746849192a9276c9c9383b94d4ab7fd0c66  ??  artifacts/rust-tauri/R05/RR2/FINAL-01/verify-r05-2/R04_REGRESSION/R03_REGRESSION/R02/A07_A08/s1-counts-after-stop.json
347987f9452c382b32e905cd01a47510e5b5052b9177d6711a0828ded331f07a  ??  artifacts/rust-tauri/R05/RR2/FINAL-01/verify-r05-2/R04_REGRESSION/R03_REGRESSION/R02/A07_A08/s2-counts-after-crash.json
0dbb5a62302dfe38833f27ad79988c0d260e16eca083f4bcad1ca5abd5581442  ??  artifacts/rust-tauri/R05/RR2/FINAL-01/verify-r05-2/R04_REGRESSION/R03_REGRESSION/R02/A07_A08/s2-runs-dump.jsonl
6f9bb411e9a4f018fe93a2eef3c90eeec3f7f3adf01235ba87a9f2121b2a04e1  ??  artifacts/rust-tauri/R05/RR2/FINAL-01/verify-r05-2/R04_REGRESSION/R03_REGRESSION/R02/A07_A08/s3-fault.err
e3b0c44298fc1c149afbf4c8996fb92427ae41e4649b934ca495991b7852b855  ??  artifacts/rust-tauri/R05/RR2/FINAL-01/verify-r05-2/R04_REGRESSION/R03_REGRESSION/R02/A07_A08/s3-fault.out
249f9c2a9ba70510649f1c9da1bc269079f9f192f72f81796dae1fc24dc2f1b4  ??  artifacts/rust-tauri/R05/RR2/FINAL-01/verify-r05-2/R04_REGRESSION/R03_REGRESSION/R02/A07_A08/s4-hashes-after.txt
249f9c2a9ba70510649f1c9da1bc269079f9f192f72f81796dae1fc24dc2f1b4  ??  artifacts/rust-tauri/R05/RR2/FINAL-01/verify-r05-2/R04_REGRESSION/R03_REGRESSION/R02/A07_A08/s4-hashes-before.txt
fc75ba8d86322698e73a9edd50e2d0b7e9e00e622d907ecebc457e257dee72cd  ??  artifacts/rust-tauri/R05/RR2/FINAL-01/verify-r05-2/R04_REGRESSION/R03_REGRESSION/R02/A07_A08/s4-migrations-round1.json
fc75ba8d86322698e73a9edd50e2d0b7e9e00e622d907ecebc457e257dee72cd  ??  artifacts/rust-tauri/R05/RR2/FINAL-01/verify-r05-2/R04_REGRESSION/R03_REGRESSION/R02/A07_A08/s4-migrations-round2.json
fc75ba8d86322698e73a9edd50e2d0b7e9e00e622d907ecebc457e257dee72cd  ??  artifacts/rust-tauri/R05/RR2/FINAL-01/verify-r05-2/R04_REGRESSION/R03_REGRESSION/R02/A07_A08/s4-migrations-round3.json
d20dbe4d209b638590f4f200eb28a3843666c44e65c526df4bd54cdeb64aacc3  ??  artifacts/rust-tauri/R05/RR2/FINAL-01/verify-r05-2/R04_REGRESSION/R03_REGRESSION/R02/A07_A08/service-s1.err
7e6d6927436f6662113df2d943b16f64edea60ed1172869c6bfb37b3058dcef0  ??  artifacts/rust-tauri/R05/RR2/FINAL-01/verify-r05-2/R04_REGRESSION/R03_REGRESSION/R02/A07_A08/service-s1.out
29549970e187d88518963031bc17211b5a7bb3c924dcdec358896cbdf20eddd6  ??  artifacts/rust-tauri/R05/RR2/FINAL-01/verify-r05-2/R04_REGRESSION/R03_REGRESSION/R02/A07_A08/service-s1b.err
992fee66de43bf3fc04780daf308d14b77aae590b02686de562b05860d3471c5  ??  artifacts/rust-tauri/R05/RR2/FINAL-01/verify-r05-2/R04_REGRESSION/R03_REGRESSION/R02/A07_A08/service-s1b.out
e75bc2e066cc8e1ed4f598575bffcbcb0a42a35e682c1ee2eb059660221529b0  ??  artifacts/rust-tauri/R05/RR2/FINAL-01/verify-r05-2/R04_REGRESSION/R03_REGRESSION/R02/A07_A08/service-s2.err
e985d6f566d4b14948c2d6f14fc6c63f0986e10cd74128ca725d05d8faaeff36  ??  artifacts/rust-tauri/R05/RR2/FINAL-01/verify-r05-2/R04_REGRESSION/R03_REGRESSION/R02/A07_A08/service-s2.out
93226818b1947b431640a2fee2795ed0f22ae086c3d148f8a55800f706959fbb  ??  artifacts/rust-tauri/R05/RR2/FINAL-01/verify-r05-2/R04_REGRESSION/R03_REGRESSION/R02/A07_A08/service-s2b.err
b46db313a256029ce3b06ec3fe281ed5d12b9046f1e43b5eed4ddc28a41cdccd  ??  artifacts/rust-tauri/R05/RR2/FINAL-01/verify-r05-2/R04_REGRESSION/R03_REGRESSION/R02/A07_A08/service-s2b.out
540bdbcb5c9216ed0a521e619b8e46ad0095d89ced403a6d1d8146621e35052c  ??  artifacts/rust-tauri/R05/RR2/FINAL-01/verify-r05-2/R04_REGRESSION/R03_REGRESSION/R02/A07_A08/service-s4-1.err
ea3b7305131c1852dcd37490b1c81bc76b5337116ebc1f65fbfb4abac5f21886  ??  artifacts/rust-tauri/R05/RR2/FINAL-01/verify-r05-2/R04_REGRESSION/R03_REGRESSION/R02/A07_A08/service-s4-1.out
3e073b01e7496e38a3084a0d88f8ab791b761108e498737fc3112eea1524939e  ??  artifacts/rust-tauri/R05/RR2/FINAL-01/verify-r05-2/R04_REGRESSION/R03_REGRESSION/R02/A07_A08/service-s4-2.err
5fc25f2c3df33f483e7689b05c8b67330d7f6e53aec8e3b73e85b5b623621d2c  ??  artifacts/rust-tauri/R05/RR2/FINAL-01/verify-r05-2/R04_REGRESSION/R03_REGRESSION/R02/A07_A08/service-s4-2.out
48586100540d21f56644685591b9156bbb9b12f4186e298932a61a8e82af58e2  ??  artifacts/rust-tauri/R05/RR2/FINAL-01/verify-r05-2/R04_REGRESSION/R03_REGRESSION/R02/A07_A08/service-s4-3.err
6d196d596ee84a940f6450c180a481ead762a85227b9b7bdec2b6349ce0a0be8  ??  artifacts/rust-tauri/R05/RR2/FINAL-01/verify-r05-2/R04_REGRESSION/R03_REGRESSION/R02/A07_A08/service-s4-3.out
545910947d140ecb4b159357abe0d0b34368307c78e7eeaeb135ab093c49132d  ??  artifacts/rust-tauri/R05/RR2/FINAL-01/verify-r05-2/R04_REGRESSION/R03_REGRESSION/R02/A07_A08/service.addr
a6715457f50c129f0ea5f2218c6486280da1ec0d1d99f2da8ee9bf9a104cb4f0  ??  artifacts/rust-tauri/R05/RR2/FINAL-01/verify-r05-2/R04_REGRESSION/R03_REGRESSION/R02/A07_A08/service.pid
23d1abb3299376baf799de84e8bdb32c61d15f08b735adef1f3d15edf2e4ab75  ??  artifacts/rust-tauri/R05/RR2/FINAL-01/verify-r05-2/R04_REGRESSION/R03_REGRESSION/R02/A07_A08/summary.txt
366d59d1cbeeba753a66871a23defb478fd2d0b463330504b8c0de4cce895042  ??  artifacts/rust-tauri/R05/RR2/FINAL-01/verify-r05-2/R04_REGRESSION/R03_REGRESSION/R02/A11/backup-restore/build.log
dd63f79ce1a39fdef735dbb9eb292c3f8a45db77c2513d3cc7379e5dbe13749e  ??  artifacts/rust-tauri/R05/RR2/FINAL-01/verify-r05-2/R04_REGRESSION/R03_REGRESSION/R02/A11/backup-restore/s1-backup-dir-listing.txt
4733a3f3f8a52fb37fb5b6c1e3995537b79104a0dbcec8e6d2936123dfb3b308  ??  artifacts/rust-tauri/R05/RR2/FINAL-01/verify-r05-2/R04_REGRESSION/R03_REGRESSION/R02/A11/backup-restore/s1-backup-outcome.json
e3b0c44298fc1c149afbf4c8996fb92427ae41e4649b934ca495991b7852b855  ??  artifacts/rust-tauri/R05/RR2/FINAL-01/verify-r05-2/R04_REGRESSION/R03_REGRESSION/R02/A11/backup-restore/s1-backup.err
4165bd3cf3fce3f69a874214ca1a92ef7d401db2c1662f698fee0664c3ebbf72  ??  artifacts/rust-tauri/R05/RR2/FINAL-01/verify-r05-2/R04_REGRESSION/R03_REGRESSION/R02/A11/backup-restore/s1-restore-outcome.json
e3b0c44298fc1c149afbf4c8996fb92427ae41e4649b934ca495991b7852b855  ??  artifacts/rust-tauri/R05/RR2/FINAL-01/verify-r05-2/R04_REGRESSION/R03_REGRESSION/R02/A11/backup-restore/s1-restore.err
c18a9dacc407f36ac4ae738cd6951c5351fe257d7421c9d290736a19e7331eb2  ??  artifacts/rust-tauri/R05/RR2/FINAL-01/verify-r05-2/R04_REGRESSION/R03_REGRESSION/R02/A11/backup-restore/s1-restored-dump.jsonl
d15e0cb7bec9522e7bbde2f934dcff04ae4cd760506821d686e48ad6b774da7f  ??  artifacts/rust-tauri/R05/RR2/FINAL-01/verify-r05-2/R04_REGRESSION/R03_REGRESSION/R02/A11/backup-restore/s1-restored-hash.txt
c18a9dacc407f36ac4ae738cd6951c5351fe257d7421c9d290736a19e7331eb2  ??  artifacts/rust-tauri/R05/RR2/FINAL-01/verify-r05-2/R04_REGRESSION/R03_REGRESSION/R02/A11/backup-restore/s1-source-dump.jsonl
0ee28b142aa719cbf499e83713a133baa3cf7922ec2bd6c48b273bf6f6d1cb51  ??  artifacts/rust-tauri/R05/RR2/FINAL-01/verify-r05-2/R04_REGRESSION/R03_REGRESSION/R02/A11/backup-restore/s1-source-hash.txt
d8ec6fc62a9ff755d7d08154457d97192f9e2253d1399a33c79cb93bbefde344  ??  artifacts/rust-tauri/R05/RR2/FINAL-01/verify-r05-2/R04_REGRESSION/R03_REGRESSION/R02/A11/backup-restore/s1-wal-size.txt
e3b0c44298fc1c149afbf4c8996fb92427ae41e4649b934ca495991b7852b855  ??  artifacts/rust-tauri/R05/RR2/FINAL-01/verify-r05-2/R04_REGRESSION/R03_REGRESSION/R02/A11/backup-restore/s3-backup-out.json
93e6808a217c087e8442d343d46ff661914b21d6114bf722ea3d7a0a9c614011  ??  artifacts/rust-tauri/R05/RR2/FINAL-01/verify-r05-2/R04_REGRESSION/R03_REGRESSION/R02/A11/backup-restore/s3-backup.err
9b33c4d50a9f7a0434980244454a85ce4288c7323241cf9ff22c50e6b8f8dd85  ??  artifacts/rust-tauri/R05/RR2/FINAL-01/verify-r05-2/R04_REGRESSION/R03_REGRESSION/R02/A11/backup-restore/s4-ws-probe.json
a4c3ed04a95a3da14a9d235c83d868bed7c0f45cf7f3faa751ee8f50598d2211  ??  artifacts/rust-tauri/R05/RR2/FINAL-01/verify-r05-2/R04_REGRESSION/R03_REGRESSION/R02/A11/backup-restore/s4-ws-probe.json.probe-done
ac63268a62f0ada56b5a2cb4ee89cc497ee4317a733da4e121abffa5d4d5bf35  ??  artifacts/rust-tauri/R05/RR2/FINAL-01/verify-r05-2/R04_REGRESSION/R03_REGRESSION/R02/A11/backup-restore/service-s1.addr
ecc85555d42bbcacc23077ac8084a7112fec7d645f3c4c1162a0fe93d3a71d1a  ??  artifacts/rust-tauri/R05/RR2/FINAL-01/verify-r05-2/R04_REGRESSION/R03_REGRESSION/R02/A11/backup-restore/service-s1.err
958806c1e1854a89933fe23020131c883755386fa5d9418cdac672066100671a  ??  artifacts/rust-tauri/R05/RR2/FINAL-01/verify-r05-2/R04_REGRESSION/R03_REGRESSION/R02/A11/backup-restore/service-s1.out
c0566362c579f92aeaebade525d031274d2a1f1315cbfc67405e198881cbc23f  ??  artifacts/rust-tauri/R05/RR2/FINAL-01/verify-r05-2/R04_REGRESSION/R03_REGRESSION/R02/A11/backup-restore/service-s2.addr
8911a28ec14b111f662494a1867392432660b89ef87565eb5824630e0287b4db  ??  artifacts/rust-tauri/R05/RR2/FINAL-01/verify-r05-2/R04_REGRESSION/R03_REGRESSION/R02/A11/backup-restore/service-s2.err
57ba2e7fb34467f6eb5dc7de72f3b116a4c08e32af1224d268e975f94e4d6cfd  ??  artifacts/rust-tauri/R05/RR2/FINAL-01/verify-r05-2/R04_REGRESSION/R03_REGRESSION/R02/A11/backup-restore/service-s2.out
dfa8b4c1c98cff8dc28345e77dbe8b5ef195f4209d32301ac53e4bd3aaae64ad  ??  artifacts/rust-tauri/R05/RR2/FINAL-01/verify-r05-2/R04_REGRESSION/R03_REGRESSION/R02/A11/backup-restore/service-s4.addr
795842a8a2a7ffc6fcb31381da49a31a13ea5389eb752c91c99e40fe20d0bd5e  ??  artifacts/rust-tauri/R05/RR2/FINAL-01/verify-r05-2/R04_REGRESSION/R03_REGRESSION/R02/A11/backup-restore/service-s4.err
befde03055ec691047ad1111a1def8d891d4cd1aa0403c152eb48efff8c6207f  ??  artifacts/rust-tauri/R05/RR2/FINAL-01/verify-r05-2/R04_REGRESSION/R03_REGRESSION/R02/A11/backup-restore/service-s4.out
be7dc6f6352032fd7a448c268765539dfc41760593397173e61173fcdc8f068d  ??  artifacts/rust-tauri/R05/RR2/FINAL-01/verify-r05-2/R04_REGRESSION/R03_REGRESSION/R02/A11/backup-restore/service.pid
a113a9477dabc7802614297598a73e78c025aae999758d3471f16a26fe8cf512  ??  artifacts/rust-tauri/R05/RR2/FINAL-01/verify-r05-2/R04_REGRESSION/R03_REGRESSION/R02/A11/backup-restore/summary.txt
c92508a29848820f033cd2ea015c85dde0953c88b07cc967ce34b7c08f610549  ??  artifacts/rust-tauri/R05/RR2/FINAL-01/verify-r05-2/R04_REGRESSION/R03_REGRESSION/R02/A12/recovery-drill/build.log
b94c3c8f015f09d95172c96c54ace04f4b575260a32fb3bf647cda2b5c88e402  ??  artifacts/rust-tauri/R05/RR2/FINAL-01/verify-r05-2/R04_REGRESSION/R03_REGRESSION/R02/A12/recovery-drill/coexist-after.txt
b94c3c8f015f09d95172c96c54ace04f4b575260a32fb3bf647cda2b5c88e402  ??  artifacts/rust-tauri/R05/RR2/FINAL-01/verify-r05-2/R04_REGRESSION/R03_REGRESSION/R02/A12/recovery-drill/coexist-before.txt
dae9409670cb464840c4e3fe42ad6ca70e3e97e58807fcd6ec2de7274f043e23  ??  artifacts/rust-tauri/R05/RR2/FINAL-01/verify-r05-2/R04_REGRESSION/R03_REGRESSION/R02/A12/recovery-drill/own-created-homes.txt
79be6d64aa93bf457e5b337dfa16a187af549e49a08c7760b4ddb0f61bedf8ac  ??  artifacts/rust-tauri/R05/RR2/FINAL-01/verify-r05-2/R04_REGRESSION/R03_REGRESSION/R02/A12/recovery-drill/summary.txt
7b2f675d535131e9ee3b95eb996b520af42000b1efea572dc62eff72fd758a84  ??  artifacts/rust-tauri/R05/RR2/FINAL-01/verify-r05-2/R04_REGRESSION/R03_REGRESSION/R02/A12/recovery-drill/v1-hashes-after.txt
7b2f675d535131e9ee3b95eb996b520af42000b1efea572dc62eff72fd758a84  ??  artifacts/rust-tauri/R05/RR2/FINAL-01/verify-r05-2/R04_REGRESSION/R03_REGRESSION/R02/A12/recovery-drill/v1-hashes-before.txt
9470bfd95adfe10bba2bc1eef6cbd293b14eac873d8bf645835d89e5c22e6b59  ??  artifacts/rust-tauri/R05/RR2/FINAL-01/verify-r05-2/R04_REGRESSION/R03_REGRESSION/R02/A12/recovery-drill/v1.err
e3b0c44298fc1c149afbf4c8996fb92427ae41e4649b934ca495991b7852b855  ??  artifacts/rust-tauri/R05/RR2/FINAL-01/verify-r05-2/R04_REGRESSION/R03_REGRESSION/R02/A12/recovery-drill/v1.out
fcb269f1fc43e20619871bab0f6e464d30773313e55b17f725fc62249ab521be  ??  artifacts/rust-tauri/R05/RR2/FINAL-01/verify-r05-2/R04_REGRESSION/R03_REGRESSION/R02/A12/recovery-drill/v2-hashes-after.txt
fcb269f1fc43e20619871bab0f6e464d30773313e55b17f725fc62249ab521be  ??  artifacts/rust-tauri/R05/RR2/FINAL-01/verify-r05-2/R04_REGRESSION/R03_REGRESSION/R02/A12/recovery-drill/v2-hashes-before.txt
6b5301da96fd4f1f29cbe217e6dde3a795141c53453ddd03d59dafff8b85da1d  ??  artifacts/rust-tauri/R05/RR2/FINAL-01/verify-r05-2/R04_REGRESSION/R03_REGRESSION/R02/A12/recovery-drill/v2.err
e3b0c44298fc1c149afbf4c8996fb92427ae41e4649b934ca495991b7852b855  ??  artifacts/rust-tauri/R05/RR2/FINAL-01/verify-r05-2/R04_REGRESSION/R03_REGRESSION/R02/A12/recovery-drill/v2.out
a33ffd69acb495d9a221778bb2317e4cef00e4d752d794b9c1267890666ec43d  ??  artifacts/rust-tauri/R05/RR2/FINAL-01/verify-r05-2/R04_REGRESSION/R03_REGRESSION/R02/A12/recovery-drill/v3-hashes-after.txt
a33ffd69acb495d9a221778bb2317e4cef00e4d752d794b9c1267890666ec43d  ??  artifacts/rust-tauri/R05/RR2/FINAL-01/verify-r05-2/R04_REGRESSION/R03_REGRESSION/R02/A12/recovery-drill/v3-hashes-before.txt
3d3f53cc6238ae6338254ce88d9f856e3e3639ea88d55d3fd5db6289ea7d3729  ??  artifacts/rust-tauri/R05/RR2/FINAL-01/verify-r05-2/R04_REGRESSION/R03_REGRESSION/R02/A12/recovery-drill/v3.err
e3b0c44298fc1c149afbf4c8996fb92427ae41e4649b934ca495991b7852b855  ??  artifacts/rust-tauri/R05/RR2/FINAL-01/verify-r05-2/R04_REGRESSION/R03_REGRESSION/R02/A12/recovery-drill/v3.out
44c9837ddf089c5610171ae1fb052175e13488991462b9d76ed8e89eb0b58cc3  ??  artifacts/rust-tauri/R05/RR2/FINAL-01/verify-r05-2/R04_REGRESSION/R03_REGRESSION/R02/A12/recovery-drill/v4.err
4261aae800ea90ad407f522d884ff1bf1c96aaba946040ac9e3de0f71c277f15  ??  artifacts/rust-tauri/R05/RR2/FINAL-01/verify-r05-2/R04_REGRESSION/R03_REGRESSION/R02/A12/recovery-drill/v4.out
17992bc542242c9380bd8730e45cc73884d1bdc183956f0b39332e54d4348ec3  ??  artifacts/rust-tauri/R05/RR2/FINAL-01/verify-r05-2/R04_REGRESSION/R03_REGRESSION/R02/A12/recovery-drill/v5-hashes-after.txt
17992bc542242c9380bd8730e45cc73884d1bdc183956f0b39332e54d4348ec3  ??  artifacts/rust-tauri/R05/RR2/FINAL-01/verify-r05-2/R04_REGRESSION/R03_REGRESSION/R02/A12/recovery-drill/v5-hashes-before.txt
7c5e5e0bcf97eba8f65b476cb82fa9e016f394702e44284b52d98dc07191a5d3  ??  artifacts/rust-tauri/R05/RR2/FINAL-01/verify-r05-2/R04_REGRESSION/R03_REGRESSION/R02/A12/recovery-drill/v5.err
e3b0c44298fc1c149afbf4c8996fb92427ae41e4649b934ca495991b7852b855  ??  artifacts/rust-tauri/R05/RR2/FINAL-01/verify-r05-2/R04_REGRESSION/R03_REGRESSION/R02/A12/recovery-drill/v5.out
1af1a13875dc2e3acc2e441bd2742aecbd4525e43c71ae5c8452babefcf8ccd1  ??  artifacts/rust-tauri/R05/RR2/FINAL-01/verify-r05-2/R04_REGRESSION/R03_REGRESSION/R02/A12/recovery-drill/v6-recovered-dump.jsonl
27badc983df1780b60c2b3fa9d3a19a00e46aac798451f0febdca52920faaddf  ??  artifacts/rust-tauri/R05/RR2/FINAL-01/verify-r05-2/R04_REGRESSION/R03_REGRESSION/R02/A12/recovery-drill/v6-seed-execute.txt
5b803bfafe0257f77c583f4285c344228f06fbc3b6093f64080cd73d37b0c529  ??  artifacts/rust-tauri/R05/RR2/FINAL-01/verify-r05-2/R04_REGRESSION/R03_REGRESSION/R02/A12/recovery-drill/v6-seed.err
6528a0bf2494a09b8c258c25fe2dd63ef04f8116fb8cb0e1716725ad2fd7946f  ??  artifacts/rust-tauri/R05/RR2/FINAL-01/verify-r05-2/R04_REGRESSION/R03_REGRESSION/R02/A12/recovery-drill/v6-seed.out
8fa0cd7ff67913a86b7e067e64e38be6ab0199c981b4e320bf6e4fee8ebc7bde  ??  artifacts/rust-tauri/R05/RR2/FINAL-01/verify-r05-2/R04_REGRESSION/R03_REGRESSION/R02/A12/recovery-drill/v6.err
49b2fcd03d69f68c9742cd8c9c6dec66aa7c993a1bb213e0437d5ea4046c68e4  ??  artifacts/rust-tauri/R05/RR2/FINAL-01/verify-r05-2/R04_REGRESSION/R03_REGRESSION/R02/A12/recovery-drill/v6.out
fd7f430abaf0f74f828af98d3ebd442e56cc2d8902251056de49639ef715c5ea  ??  artifacts/rust-tauri/R05/RR2/FINAL-01/verify-r05-2/R04_REGRESSION/R03_REGRESSION/R02/A12/recovery-drill/v7-hashes-after.txt
fd7f430abaf0f74f828af98d3ebd442e56cc2d8902251056de49639ef715c5ea  ??  artifacts/rust-tauri/R05/RR2/FINAL-01/verify-r05-2/R04_REGRESSION/R03_REGRESSION/R02/A12/recovery-drill/v7-hashes-before.txt
f49f7508d94303da264cbccce689eca505872e5bdf1dec9e98262dfd06cd0e81  ??  artifacts/rust-tauri/R05/RR2/FINAL-01/verify-r05-2/R04_REGRESSION/R03_REGRESSION/R02/A12/recovery-drill/v7-seed.err
ede7ea33c92d1527e561f4fd7dddd7a087d4c1ae02feed61f0c494e0961c2db0  ??  artifacts/rust-tauri/R05/RR2/FINAL-01/verify-r05-2/R04_REGRESSION/R03_REGRESSION/R02/A12/recovery-drill/v7-seed.out
f4dec1086b63d1d0f01baa9e34560295705d8a5c365ab7559a9dbecbc1951506  ??  artifacts/rust-tauri/R05/RR2/FINAL-01/verify-r05-2/R04_REGRESSION/R03_REGRESSION/R02/A12/recovery-drill/v7.err
e3b0c44298fc1c149afbf4c8996fb92427ae41e4649b934ca495991b7852b855  ??  artifacts/rust-tauri/R05/RR2/FINAL-01/verify-r05-2/R04_REGRESSION/R03_REGRESSION/R02/A12/recovery-drill/v7.out
a6e73e80f7386d57766864e1006ee8fb11f0c3b61860d93c20b0b07c4df59ead  ??  artifacts/rust-tauri/R05/RR2/FINAL-01/verify-r05-2/R04_REGRESSION/R03_REGRESSION/R02/A12/recovery-drill/v8-observed.err
dce88b66e333b61a47169d053b5d2522ddfcee9dc504ff3acacaba79f7946d74  ??  artifacts/rust-tauri/R05/RR2/FINAL-01/verify-r05-2/R04_REGRESSION/R03_REGRESSION/R02/A12/recovery-drill/v8-seed.err
e1e43bdf325efa478ef994ecabc31320bc6a89d65f111266fd1b2e49e6be7a26  ??  artifacts/rust-tauri/R05/RR2/FINAL-01/verify-r05-2/R04_REGRESSION/R03_REGRESSION/R02/A12/recovery-drill/v8-seed.out
a6e73e80f7386d57766864e1006ee8fb11f0c3b61860d93c20b0b07c4df59ead  ??  artifacts/rust-tauri/R05/RR2/FINAL-01/verify-r05-2/R04_REGRESSION/R03_REGRESSION/R02/A12/recovery-drill/v8.err
da7c282fc11887cc34119896971ccf8d559735c58d609808b5060ea4745e9765  ??  artifacts/rust-tauri/R05/RR2/FINAL-01/verify-r05-2/R04_REGRESSION/R03_REGRESSION/R02/A12/recovery-drill/v8.out
0f037586013ef2e43a20c3ceafd7067d760ff7f135c6481c7b3566f032452d2e  ??  artifacts/rust-tauri/R05/RR2/FINAL-01/verify-r05-2/R04_REGRESSION/R03_REGRESSION/R02/A15/full-chain/build.log
16c79d2c81b15c919e2cb852adb95d2a6951eefc73d03c571a7bd1517e07a758  ??  artifacts/rust-tauri/R05/RR2/FINAL-01/verify-r05-2/R04_REGRESSION/R03_REGRESSION/R02/A15/full-chain/pre-restart-head.json
e3b0c44298fc1c149afbf4c8996fb92427ae41e4649b934ca495991b7852b855  ??  artifacts/rust-tauri/R05/RR2/FINAL-01/verify-r05-2/R04_REGRESSION/R03_REGRESSION/R02/A15/full-chain/probe1.err
f6f701b1d338963ae00cad1e21ed37b9d7d81da37422afd7eb81d8ce0682b8b4  ??  artifacts/rust-tauri/R05/RR2/FINAL-01/verify-r05-2/R04_REGRESSION/R03_REGRESSION/R02/A15/full-chain/probe1.pass-lines
e3b0c44298fc1c149afbf4c8996fb92427ae41e4649b934ca495991b7852b855  ??  artifacts/rust-tauri/R05/RR2/FINAL-01/verify-r05-2/R04_REGRESSION/R03_REGRESSION/R02/A15/full-chain/probe2.err
28a411dc95be7e6596d2954fdbecf8eb034d9f8dc1248ab1d111c07c1c218b89  ??  artifacts/rust-tauri/R05/RR2/FINAL-01/verify-r05-2/R04_REGRESSION/R03_REGRESSION/R02/A15/full-chain/probe2.pass-lines
17e727846da90de77bad069fb5e2a7416f879c0afbca5f8e62861d090f038513  ??  artifacts/rust-tauri/R05/RR2/FINAL-01/verify-r05-2/R04_REGRESSION/R03_REGRESSION/R02/A15/full-chain/service1.err
d6e34b6a1f41fa28391da0342ccede609b890f6b46b5a2a1691a0c53a3c17f03  ??  artifacts/rust-tauri/R05/RR2/FINAL-01/verify-r05-2/R04_REGRESSION/R03_REGRESSION/R02/A15/full-chain/service1.out
90d4742b26b8302726e65d977022fcf3c7022438d7ca893c6f84b7683146900b  ??  artifacts/rust-tauri/R05/RR2/FINAL-01/verify-r05-2/R04_REGRESSION/R03_REGRESSION/R02/A15/full-chain/service2.err
cf9c6a92dc9563c29d460ba45aa837cef76fbd6c9708c88d4df1b75e563212bd  ??  artifacts/rust-tauri/R05/RR2/FINAL-01/verify-r05-2/R04_REGRESSION/R03_REGRESSION/R02/A15/full-chain/service2.out
d430dc8c4abd021d8855c67fbf24f8030fe21de5d30eec211fe3b3dc8ad27c37  ??  artifacts/rust-tauri/R05/RR2/FINAL-01/verify-r05-2/R04_REGRESSION/R03_REGRESSION/R02/A15/full-chain/summary.txt
e3b0c44298fc1c149afbf4c8996fb92427ae41e4649b934ca495991b7852b855  ??  artifacts/rust-tauri/R05/RR2/FINAL-01/verify-r05-2/R04_REGRESSION/R03_REGRESSION/a15_combo_and_leaves/stderr.log
53ebed80de3ed60cb7c483be0affc80fe81c934fdc5268a04c878308effe1670  ??  artifacts/rust-tauri/R05/RR2/FINAL-01/verify-r05-2/R04_REGRESSION/R03_REGRESSION/a15_combo_and_leaves/stdout.log
e3b0c44298fc1c149afbf4c8996fb92427ae41e4649b934ca495991b7852b855  ??  artifacts/rust-tauri/R05/RR2/FINAL-01/verify-r05-2/R04_REGRESSION/R03_REGRESSION/check_boundaries/stderr.log
d99ada8df8ff7853d02908eb6bb04adfa1e06d15fa8e1af10a9ecaa46d7ca330  ??  artifacts/rust-tauri/R05/RR2/FINAL-01/verify-r05-2/R04_REGRESSION/R03_REGRESSION/check_boundaries/stdout.log
e3b0c44298fc1c149afbf4c8996fb92427ae41e4649b934ca495991b7852b855  ??  artifacts/rust-tauri/R05/RR2/FINAL-01/verify-r05-2/R04_REGRESSION/R03_REGRESSION/check_contracts/stderr.log
77d04b64918ac301d220d57419c8429e7c37471a5f4caaeb0765e11e1987fe9a  ??  artifacts/rust-tauri/R05/RR2/FINAL-01/verify-r05-2/R04_REGRESSION/R03_REGRESSION/check_contracts/stdout.log
e3b0c44298fc1c149afbf4c8996fb92427ae41e4649b934ca495991b7852b855  ??  artifacts/rust-tauri/R05/RR2/FINAL-01/verify-r05-2/R04_REGRESSION/R03_REGRESSION/r02_auth_matrix/stderr.log
a8445e06c38075e698d801f9397be8f45981813eb5304ae850b4e8ac5bcbe863  ??  artifacts/rust-tauri/R05/RR2/FINAL-01/verify-r05-2/R04_REGRESSION/R03_REGRESSION/r02_auth_matrix/stdout.log
e3b0c44298fc1c149afbf4c8996fb92427ae41e4649b934ca495991b7852b855  ??  artifacts/rust-tauri/R05/RR2/FINAL-01/verify-r05-2/R04_REGRESSION/R03_REGRESSION/r02_backup_restore/stderr.log
d088db145dfc55b97ebee6a0e471012333f3a6dbbf74c1cc8cb63afde3052836  ??  artifacts/rust-tauri/R05/RR2/FINAL-01/verify-r05-2/R04_REGRESSION/R03_REGRESSION/r02_backup_restore/stdout.log
e3b0c44298fc1c149afbf4c8996fb92427ae41e4649b934ca495991b7852b855  ??  artifacts/rust-tauri/R05/RR2/FINAL-01/verify-r05-2/R04_REGRESSION/R03_REGRESSION/r02_full_chain/stderr.log
d430dc8c4abd021d8855c67fbf24f8030fe21de5d30eec211fe3b3dc8ad27c37  ??  artifacts/rust-tauri/R05/RR2/FINAL-01/verify-r05-2/R04_REGRESSION/R03_REGRESSION/r02_full_chain/stdout.log
e3b0c44298fc1c149afbf4c8996fb92427ae41e4649b934ca495991b7852b855  ??  artifacts/rust-tauri/R05/RR2/FINAL-01/verify-r05-2/R04_REGRESSION/R03_REGRESSION/r02_recovery_drill/stderr.log
6086375841bb4d9c50bc3caaabe8b01beddb9f3b6b5f61633e856e1e5b398e3e  ??  artifacts/rust-tauri/R05/RR2/FINAL-01/verify-r05-2/R04_REGRESSION/R03_REGRESSION/r02_recovery_drill/stdout.log
d859453f0cdd8646cc19ab31581ed386c1ed68796aa517ec2f3dc8037ee7a977  ??  artifacts/rust-tauri/R05/RR2/FINAL-01/verify-r05-2/R04_REGRESSION/R03_REGRESSION/r02_storage_tx/stderr.log
23d1abb3299376baf799de84e8bdb32c61d15f08b735adef1f3d15edf2e4ab75  ??  artifacts/rust-tauri/R05/RR2/FINAL-01/verify-r05-2/R04_REGRESSION/R03_REGRESSION/r02_storage_tx/stdout.log
d7dae192715495fa89ccbe279af3efb9792c1dae1768228e369035e68a1df673  ??  artifacts/rust-tauri/R05/RR2/FINAL-01/verify-r05-2/R04_REGRESSION/R03_REGRESSION/rust_clippy/stderr.log
e3b0c44298fc1c149afbf4c8996fb92427ae41e4649b934ca495991b7852b855  ??  artifacts/rust-tauri/R05/RR2/FINAL-01/verify-r05-2/R04_REGRESSION/R03_REGRESSION/rust_clippy/stdout.log
e3b0c44298fc1c149afbf4c8996fb92427ae41e4649b934ca495991b7852b855  ??  artifacts/rust-tauri/R05/RR2/FINAL-01/verify-r05-2/R04_REGRESSION/R03_REGRESSION/rust_fmt/stderr.log
e3b0c44298fc1c149afbf4c8996fb92427ae41e4649b934ca495991b7852b855  ??  artifacts/rust-tauri/R05/RR2/FINAL-01/verify-r05-2/R04_REGRESSION/R03_REGRESSION/rust_fmt/stdout.log
3774261449a0d652ff75c83de456736789eacc12480a611db32ee47f31e58f71  ??  artifacts/rust-tauri/R05/RR2/FINAL-01/verify-r05-2/R04_REGRESSION/R03_REGRESSION/rust_test_workspace/stderr.log
fd9f2f06ffbbfcf4866ff22c309bc710311d29d698d70a064003da6a5159f596  ??  artifacts/rust-tauri/R05/RR2/FINAL-01/verify-r05-2/R04_REGRESSION/R03_REGRESSION/rust_test_workspace/stdout.log
16ea3c70f1e7d04c51708f61273a14c97349777bf75001eb932cebfeffbaabaf  ??  artifacts/rust-tauri/R05/RR2/FINAL-01/verify-r05-2/R04_REGRESSION/R04_MATRIX/build.log
10a16641e3405663989bf586c36c94e6522cc9932c30df552a4cb308377a9676  ??  artifacts/rust-tauri/R05/RR2/FINAL-01/verify-r05-2/R04_REGRESSION/R04_MATRIX/cases/a15-directory-claim-refused.json
09f385efaedc793ea498845967037cfcbfc0fe2c163104737d7ff99e880e98bc  ??  artifacts/rust-tauri/R05/RR2/FINAL-01/verify-r05-2/R04_REGRESSION/R04_MATRIX/cases/a15-gateway-audit-directory-ref-failed.json
d0df7dade822790f5735f4ebef501e03b8aa905318cb8a60905b81715d427965  ??  artifacts/rust-tauri/R05/RR2/FINAL-01/verify-r05-2/R04_REGRESSION/R04_MATRIX/cases/a15-gateway-audit-fake-ref-failed.json
a0800cd68927a3e79f38730d4c55036813c6947a5675713428917d03a1b44145  ??  artifacts/rust-tauri/R05/RR2/FINAL-01/verify-r05-2/R04_REGRESSION/R04_MATRIX/cases/a15-gateway-audit-real-ref-passes.json
8f9b212963fdfce437456018df1536c00c82aa2118f3c3af37532e979ed04f2b  ??  artifacts/rust-tauri/R05/RR2/FINAL-01/verify-r05-2/R04_REGRESSION/R04_MATRIX/cases/a15-missing-claim-refused.json
04245f14680505fadaf81819e4b39818cf0d629654f8733039a6ac2e8d68bb98  ??  artifacts/rust-tauri/R05/RR2/FINAL-01/verify-r05-2/R04_REGRESSION/R04_MATRIX/cases/a15-out-of-grant-claim-refused.json
e4bb14f7a842ae22ee91e7b3bebdfcc5273aec1410f84eb90970f2bc4dc3fc91  ??  artifacts/rust-tauri/R05/RR2/FINAL-01/verify-r05-2/R04_REGRESSION/R04_MATRIX/cases/a15-real-delivery-registered.json
6895d6a72b4da91d630223ce6ad2b8320db84534f721b5748ac0f487c1a29223  ??  artifacts/rust-tauri/R05/RR2/FINAL-01/verify-r05-2/R04_REGRESSION/R04_MATRIX/cases/a15-structure-violation-refused.json
94c57b04cb80a3ce8932e58d775b4aaa85affa76e33e34512e4a0bc47ade49a9  ??  artifacts/rust-tauri/R05/RR2/FINAL-01/verify-r05-2/R04_REGRESSION/R04_MATRIX/cases/a16-alias-route-covered.json
506ae3c069a2a967546a4ca114bf3e15abac6ebcdb0f7e35b359b12c1cde92b5  ??  artifacts/rust-tauri/R05/RR2/FINAL-01/verify-r05-2/R04_REGRESSION/R04_MATRIX/cases/a16-history-preserved.json
901361017912bc20e016d13a2a4f8d701ddee123481ac52c440c176b6d9510aa  ??  artifacts/rust-tauri/R05/RR2/FINAL-01/verify-r05-2/R04_REGRESSION/R04_MATRIX/cases/approval-answer-executes-once.json
bd45162c41ae2eec362f6f35bc50015ae2a8266f70ce5f91d5c45e5ad8053270  ??  artifacts/rust-tauri/R05/RR2/FINAL-01/verify-r05-2/R04_REGRESSION/R04_MATRIX/cases/approval-duplicate-idempotent.json
bababcc7f3e64579d35c9259a419a674630e4e549217be76c41f04eda4f0bcdc  ??  artifacts/rust-tauri/R05/RR2/FINAL-01/verify-r05-2/R04_REGRESSION/R04_MATRIX/cases/approval-reject-zero-dispatch.json
20fd6bee69494fece169e2b99ea1e3085ddffbb071d88ebc23f7dcaeb412c721  ??  artifacts/rust-tauri/R05/RR2/FINAL-01/verify-r05-2/R04_REGRESSION/R04_MATRIX/cases/catalog-face-lists-mcp-tools-with-permission.json
a6740bd82388993cca6d0b79d294334e6ad84438d23b819303e84cb2670999df  ??  artifacts/rust-tauri/R05/RR2/FINAL-01/verify-r05-2/R04_REGRESSION/R04_MATRIX/cases/future-tool-shape-ast_edit-discoverable-not-callable.json
821137c4819111c5cab65e31fe33146b843d4bc963a7ae66bf3c6139aab4dc68  ??  artifacts/rust-tauri/R05/RR2/FINAL-01/verify-r05-2/R04_REGRESSION/R04_MATRIX/cases/future-tool-shape-ast_grep-discoverable-not-callable.json
9827cfcbf4ea963126bc89e02f8247506844fc54c5a0d9086547106cafdcdefd  ??  artifacts/rust-tauri/R05/RR2/FINAL-01/verify-r05-2/R04_REGRESSION/R04_MATRIX/cases/future-tool-shape-file-discoverable-not-callable.json
cb8e2db3b924a24b0bf8d611b22015f3a2a10ccc3f6ee16a819bc9388379c7f3  ??  artifacts/rust-tauri/R05/RR2/FINAL-01/verify-r05-2/R04_REGRESSION/R04_MATRIX/cases/future-tool-shape-find-discoverable-not-callable.json
1c192846cc1d07ba6864e5dd594b97a48f402ab5519fca2040ecc7edc3d3fd02  ??  artifacts/rust-tauri/R05/RR2/FINAL-01/verify-r05-2/R04_REGRESSION/R04_MATRIX/cases/future-tool-shape-grep-discoverable-not-callable.json
bbe14f10f21cc0a2c306c3554804930c3bf5b13c66b6b90cf1c79b465e394c3b  ??  artifacts/rust-tauri/R05/RR2/FINAL-01/verify-r05-2/R04_REGRESSION/R04_MATRIX/cases/future-tool-shape-ls-discoverable-not-callable.json
a9b97d5170fb12a3359bdde03aa8fdfc8fe089399cd5f1dc3810dacaf5ac5653  ??  artifacts/rust-tauri/R05/RR2/FINAL-01/verify-r05-2/R04_REGRESSION/R04_MATRIX/cases/future-tool-shape-lsp-discoverable-not-callable.json
6bc884d530bd7615a63e4dd9241155689273f4f9c70ccc044e2d91afc8eba4f1  ??  artifacts/rust-tauri/R05/RR2/FINAL-01/verify-r05-2/R04_REGRESSION/R04_MATRIX/cases/future-tool-shape-materialize-discoverable-not-callable.json
5904c81036b270e82834b8084ca4b8b9b4492957d7d3ac5a83328f9bdc84b538  ??  artifacts/rust-tauri/R05/RR2/FINAL-01/verify-r05-2/R04_REGRESSION/R04_MATRIX/cases/future-tool-shape-run_code-discoverable-not-callable.json
c9d67aa6d2f3fce41a3a011e42ac47399824eae28c54e2b89cf0bdae0dbf8052  ??  artifacts/rust-tauri/R05/RR2/FINAL-01/verify-r05-2/R04_REGRESSION/R04_MATRIX/cases/future-tool-shape-security_scan-discoverable-not-callable.json
6cf1880613144cb8b359bd1c195f561f79c42836315ec94767b2336f24a9b783  ??  artifacts/rust-tauri/R05/RR2/FINAL-01/verify-r05-2/R04_REGRESSION/R04_MATRIX/cases/future-tool-shape-stage_files-discoverable-not-callable.json
87164a841282a81c7b614451f88f157e89c03336043524a16637aa848d201f59  ??  artifacts/rust-tauri/R05/RR2/FINAL-01/verify-r05-2/R04_REGRESSION/R04_MATRIX/cases/gateway-each-call-independent-permission.json
7d3631b38221c7c56e5b77793921c4de3ab067e7097d1c77131e73a3dadb0ce5  ??  artifacts/rust-tauri/R05/RR2/FINAL-01/verify-r05-2/R04_REGRESSION/R04_MATRIX/cases/matrix-lifecycle-disable-holes.json
52e2294d2db41ba60884ca74bedd63d9e196def8ea43623c327cf7579c72e6e0  ??  artifacts/rust-tauri/R05/RR2/FINAL-01/verify-r05-2/R04_REGRESSION/R04_MATRIX/cases/matrix-lifecycle-generation-refusals.json
710d96abbd53795e2f40639001eee2454a6ce7e5a285c883f9cd62f1b58ebda9  ??  artifacts/rust-tauri/R05/RR2/FINAL-01/verify-r05-2/R04_REGRESSION/R04_MATRIX/cases/matrix-lifecycle-uninstall-holes.json
23c16612d569bb60e563215b453c022203ab19f05298ce7c9a3fc080da10b7d2  ??  artifacts/rust-tauri/R05/RR2/FINAL-01/verify-r05-2/R04_REGRESSION/R04_MATRIX/cases/matrix-permission-consistency.json
d475fb8c9114bfdf95de5cc202da903bf354241d13f071bce870d8ba2502fd60  ??  artifacts/rust-tauri/R05/RR2/FINAL-01/verify-r05-2/R04_REGRESSION/R04_MATRIX/cases/matrix-route-consistency.json
2b451a4a1fd773fba2e107116235dd5f28a06d104c7f7450f221f662510fc070  ??  artifacts/rust-tauri/R05/RR2/FINAL-01/verify-r05-2/R04_REGRESSION/R04_MATRIX/cases/matrix-tool-family-count.json
1e442f90436b22848aeb3329ce35c020def0d74ba7d6bbc49eb983573e8e708d  ??  artifacts/rust-tauri/R05/RR2/FINAL-01/verify-r05-2/R04_REGRESSION/R04_MATRIX/cases/mcp-connector-catalog-sync.json
02be7eb700e551cb0a000177a0e033872c65ad8b5ef7f46d66c014ecf3fb7150  ??  artifacts/rust-tauri/R05/RR2/FINAL-01/verify-r05-2/R04_REGRESSION/R04_MATRIX/cases/mcp-connector-register-handshake.json
905e6508c4c99929579667bd3184014916a117d7522917621f1aea839bdd039e  ??  artifacts/rust-tauri/R05/RR2/FINAL-01/verify-r05-2/R04_REGRESSION/R04_MATRIX/cases/mcp-describe-real-identity.json
42c719e1d9f2fdae556b08414f6facea228b729210f804971fb1f41772e1ec5f  ??  artifacts/rust-tauri/R05/RR2/FINAL-01/verify-r05-2/R04_REGRESSION/R04_MATRIX/cases/mcp-search-namespaced.json
dfbc531d38332ae34bc27eef48d7c96103f6f7b0cf55e51377608e95deffabc9  ??  artifacts/rust-tauri/R05/RR2/FINAL-01/verify-r05-2/R04_REGRESSION/R04_MATRIX/cases/mcp-tool-call-full-chain.json
916eba77e6c3a4f9a8bf58bdf3a14d110fe9b75b22aa316ce7a47412c013fa04  ??  artifacts/rust-tauri/R05/RR2/FINAL-01/verify-r05-2/R04_REGRESSION/R04_MATRIX/cases/mcp-tool-permission-face.json
c3f30127a40dfa980a32479cec6547074c067a4d8cd61e858b0aa7dc095455b3  ??  artifacts/rust-tauri/R05/RR2/FINAL-01/verify-r05-2/R04_REGRESSION/R04_MATRIX/cases/permission-face-modes-verifiable.json
c51a56cfdce860c73de8e015f088d38b31bbf8e373a0dc6e1c8e43f9b5f80a2c  ??  artifacts/rust-tauri/R05/RR2/FINAL-01/verify-r05-2/R04_REGRESSION/R04_MATRIX/cases/preauthorization-single-session-scoped.json
eefd602104c2c290f3a2704acec9cf3923cbf072e0e9ac1e5dad4b1103794f05  ??  artifacts/rust-tauri/R05/RR2/FINAL-01/verify-r05-2/R04_REGRESSION/R04_MATRIX/cases/semantics-cancel-leaves-no-fabricated-receipt.json
1c8fced2b48030b05d00ab397c3aa0470c4f068287f841b1c7e53778b43e038d  ??  artifacts/rust-tauri/R05/RR2/FINAL-01/verify-r05-2/R04_REGRESSION/R04_MATRIX/cases/semantics-failed-never-dispatched-receipt.json
220379bb262285fad8e6314d35a23f12ba26fcb0e501fe2431141c1a4d28a5a2  ??  artifacts/rust-tauri/R05/RR2/FINAL-01/verify-r05-2/R04_REGRESSION/R04_MATRIX/cases/semantics-success-receipt-dispatched.json
8337cc9f0c6c3a4eeb0b4beb6ff1d93acd40878d92c9f16c4649942469017888  ??  artifacts/rust-tauri/R05/RR2/FINAL-01/verify-r05-2/R04_REGRESSION/R04_MATRIX/cases/semantics-unknown-receipt-honest.json
cb89e56a59ac812a63576832232489b328ac7abf8041df762e7b1af1e2caa95d  ??  artifacts/rust-tauri/R05/RR2/FINAL-01/verify-r05-2/R04_REGRESSION/R04_MATRIX/cases/sup01-ask-subagent-write-refused.json
1b21930f6737d6935a82328d4afb7b4fd7b439c107b48d01b29e4cdfa7399015  ??  artifacts/rust-tauri/R05/RR2/FINAL-01/verify-r05-2/R04_REGRESSION/R04_MATRIX/cases/terminal-close-stops-terminal.json
59095540a473b474ab918f20eb08986f6bbb6cbfd08c49b9810963ae37407de5  ??  artifacts/rust-tauri/R05/RR2/FINAL-01/verify-r05-2/R04_REGRESSION/R04_MATRIX/cases/terminal-snapshot-current-transcript.json
004a41eae978391bad56ebe5c3e6d2ced1a2c02eda01a37f79abc8867cb5a063  ??  artifacts/rust-tauri/R05/RR2/FINAL-01/verify-r05-2/R04_REGRESSION/R04_MATRIX/cases/terminal-tail-cursor-continuation.json
16870fec4c31cd9e67e56d3328c74d20f9213a2e96113c28be3d7f7fe0d28979  ??  artifacts/rust-tauri/R05/RR2/FINAL-01/verify-r05-2/R04_REGRESSION/R04_MATRIX/cases/tool-edit-conflict-preserves-user-version.json
bb810a38ce8bfbcafc0d64e1fc2831a08e952dfdc4a057fd99166ef589df1032  ??  artifacts/rust-tauri/R05/RR2/FINAL-01/verify-r05-2/R04_REGRESSION/R04_MATRIX/cases/tool-edit-real-chain.json
bec2c6d085918085fb7eb01f8ec54ea53681b68aa489b59bc0a8e9b272c5c02e  ??  artifacts/rust-tauri/R05/RR2/FINAL-01/verify-r05-2/R04_REGRESSION/R04_MATRIX/cases/tool-exec-cancel-cleanup.json
c0341bc7ba746aaa51754e5650264b1d7d55e93d55ea2a03df67769834825bcc  ??  artifacts/rust-tauri/R05/RR2/FINAL-01/verify-r05-2/R04_REGRESSION/R04_MATRIX/cases/tool-exec-command-real-chain.json
e990fcd2da49cb923f667ea1714cfea3f69c8f3bd0002416761b93ab35d87ec3  ??  artifacts/rust-tauri/R05/RR2/FINAL-01/verify-r05-2/R04_REGRESSION/R04_MATRIX/cases/tool-read-real-chain.json
ea288f832ccf584b20e6d0ef80d0116568fd2c989aff55d985adce98266f5f62  ??  artifacts/rust-tauri/R05/RR2/FINAL-01/verify-r05-2/R04_REGRESSION/R04_MATRIX/cases/tool-write-real-chain.json
52e2d9bbf2b9890f5b4d03bf7c27cfb6c82322790e254fc813b47b7f093d939f  ??  artifacts/rust-tauri/R05/RR2/FINAL-01/verify-r05-2/R04_REGRESSION/R04_MATRIX/cases/tool-write-stdin-continuation.json
83f514b83ad20e51f11205b345ebcce85d4423a69379cb2a9804c8ceaf07a027  ??  artifacts/rust-tauri/R05/RR2/FINAL-01/verify-r05-2/R04_REGRESSION/R04_MATRIX/cases/tool-write-stdin-foreign-writes.json
0d3efb3e8bf822f81c3eb90155ff6b8d0e65b4f216ae641055e6e85eb2e14fc0  ??  artifacts/rust-tauri/R05/RR2/FINAL-01/verify-r05-2/R04_REGRESSION/R04_MATRIX/integration.log
c471fa08013c67ab99fb67a5e4e430f83cfc349758cdc601fb53e35b1ee28397  ??  artifacts/rust-tauri/R05/RR2/FINAL-01/verify-r05-2/R04_REGRESSION/R04_MATRIX/leaf-cases.json
1dbc5972065a848f6d2d8456df0891660c2c695ca72f24c3d4bd7fde395b462e  ??  artifacts/rust-tauri/R05/RR2/FINAL-01/verify-r05-2/R04_REGRESSION/R04_MATRIX/matrix-counts.json
4d427e411d4094175bda8b798c0114af4830967a0acf48fd27ee7f9e11c1fd46  ??  artifacts/rust-tauri/R05/RR2/FINAL-01/verify-r05-2/R04_REGRESSION/R04_MATRIX/summary.txt
e3b0c44298fc1c149afbf4c8996fb92427ae41e4649b934ca495991b7852b855  ??  artifacts/rust-tauri/R05/RR2/FINAL-01/verify-r05-2/R04_REGRESSION/check_boundaries/stderr.log
d99ada8df8ff7853d02908eb6bb04adfa1e06d15fa8e1af10a9ecaa46d7ca330  ??  artifacts/rust-tauri/R05/RR2/FINAL-01/verify-r05-2/R04_REGRESSION/check_boundaries/stdout.log
e3b0c44298fc1c149afbf4c8996fb92427ae41e4649b934ca495991b7852b855  ??  artifacts/rust-tauri/R05/RR2/FINAL-01/verify-r05-2/R04_REGRESSION/check_contracts/stderr.log
77d04b64918ac301d220d57419c8429e7c37471a5f4caaeb0765e11e1987fe9a  ??  artifacts/rust-tauri/R05/RR2/FINAL-01/verify-r05-2/R04_REGRESSION/check_contracts/stdout.log
e3b0c44298fc1c149afbf4c8996fb92427ae41e4649b934ca495991b7852b855  ??  artifacts/rust-tauri/R05/RR2/FINAL-01/verify-r05-2/R04_REGRESSION/r04_tool_matrix/stderr.log
5c4ed8f84828eb9b197cfd4bf0b652fe5a2f9a0dd936c8bd9a4f80e7fcb52321  ??  artifacts/rust-tauri/R05/RR2/FINAL-01/verify-r05-2/R04_REGRESSION/r04_tool_matrix/stdout.log
d7dae192715495fa89ccbe279af3efb9792c1dae1768228e369035e68a1df673  ??  artifacts/rust-tauri/R05/RR2/FINAL-01/verify-r05-2/R04_REGRESSION/rust_clippy/stderr.log
e3b0c44298fc1c149afbf4c8996fb92427ae41e4649b934ca495991b7852b855  ??  artifacts/rust-tauri/R05/RR2/FINAL-01/verify-r05-2/R04_REGRESSION/rust_clippy/stdout.log
e3b0c44298fc1c149afbf4c8996fb92427ae41e4649b934ca495991b7852b855  ??  artifacts/rust-tauri/R05/RR2/FINAL-01/verify-r05-2/R04_REGRESSION/rust_fmt/stderr.log
e3b0c44298fc1c149afbf4c8996fb92427ae41e4649b934ca495991b7852b855  ??  artifacts/rust-tauri/R05/RR2/FINAL-01/verify-r05-2/R04_REGRESSION/rust_fmt/stdout.log
229f6a67fc89260a306b3f6a34d405ad3cd83cfb26c0642f6c5c4ad9102139b4  ??  artifacts/rust-tauri/R05/RR2/FINAL-01/verify-r05-2/R04_REGRESSION/rust_test_workspace/stderr.log
276b39eecff37ae1d9ea1908a98f32dde1a0b55ab10bd429c88ecddbdf001d31  ??  artifacts/rust-tauri/R05/RR2/FINAL-01/verify-r05-2/R04_REGRESSION/rust_test_workspace/stdout.log
bf49f57bfc18962c825a6842132d8c19aa1ba91e7050177a3283520a08f968e6  ??  artifacts/rust-tauri/R05/RR2/FINAL-01/verify-r05-2/R05_SUITES/adp_r05_t02_oauth_flows.log
577543e7975d9aafe85799aba397ceb7f5edf1f03c8387c7afc8143da3699d93  ??  artifacts/rust-tauri/R05/RR2/FINAL-01/verify-r05-2/R05_SUITES/adp_r05_t03_goldens.log
c97e9716fae3ecad09cba06bb68774e5daa78bef23dc5c5f87a09f4c759ba24d  ??  artifacts/rust-tauri/R05/RR2/FINAL-01/verify-r05-2/R05_SUITES/adp_r05_t03_rr1_replay.log
e6d6fd5a61237f9bb3bca1db69bb88147c3b0d60d2f6738beb8b3a10ff1fa04c  ??  artifacts/rust-tauri/R05/RR2/FINAL-01/verify-r05-2/R05_SUITES/adp_r05_t04_rr1_batch_terminal.log
4e60499073760296b9f16545ff74efb0335d7861be46de9e9cc4c98bec2b2edb  ??  artifacts/rust-tauri/R05/RR2/FINAL-01/verify-r05-2/R05_SUITES/adp_r05_t04_streaming.log
60eb5afe0fb2102ed984c1d3a15e4d4a39a158bcc376e8dc4141677f65e6cd71  ??  artifacts/rust-tauri/R05/RR2/FINAL-01/verify-r05-2/R05_SUITES/adp_r05_t05_compat.log
e73f60a8c40dcb08809a73d200e1cbac91b56135f0d0966e94e2809a10dce872  ??  artifacts/rust-tauri/R05/RR2/FINAL-01/verify-r05-2/R05_SUITES/adp_r05_t05_timeouts.log
2e3082a9ac94ffccd3864caba97033792b61f58acd4e0c90492321d1abdb2bf6  ??  artifacts/rust-tauri/R05/RR2/FINAL-01/verify-r05-2/R05_SUITES/adp_r05_t06_operations.log
c487f3e4460af9461e85840b7025b6ed1019636d4491665fcbacb9a6ef879bc9  ??  artifacts/rust-tauri/R05/RR2/FINAL-01/verify-r05-2/R05_SUITES/adp_r05_t07_rr1_usage_strict.log
31b9e69189e9c45773ef490cdef004eddc31e3bb8b35f8266dbee3c83b1367f4  ??  artifacts/rust-tauri/R05/RR2/FINAL-01/verify-r05-2/R05_SUITES/adp_r05_t07_usage_families.log
d2ab622ed063f962ab59ab0e91e0b5ab2bc774a759b568ed2b20936782e84530  ??  artifacts/rust-tauri/R05/RR2/FINAL-01/verify-r05-2/R05_SUITES/build.log
430cfe9fece08ccacd2f3070d42be1cb3b6ad28909e4b07855c07d3bc7e04a97  ??  artifacts/rust-tauri/R05/RR2/FINAL-01/verify-r05-2/R05_SUITES/cases.jsonl
ffffbe56313a1d5e50e7b216499cd851b1efc988da811a57d4fe0b07cc0be556  ??  artifacts/rust-tauri/R05/RR2/FINAL-01/verify-r05-2/R05_SUITES/cid-table.txt
f3d2f23cf5061e557f129a65a8abd843951b80973c0161d171937aa438aa579b  ??  artifacts/rust-tauri/R05/RR2/FINAL-01/verify-r05-2/R05_SUITES/f27-resource-series.json
e3b0c44298fc1c149afbf4c8996fb92427ae41e4649b934ca495991b7852b855  ??  artifacts/rust-tauri/R05/RR2/FINAL-01/verify-r05-2/R05_SUITES/gaps.txt
2f3216ea5b16cfd846720038796f1bc6c22c6dca25bd6203810290e30967a60b  ??  artifacts/rust-tauri/R05/RR2/FINAL-01/verify-r05-2/R05_SUITES/leaf-cases.json
e5d4609a5ddb973787cd2bf6d915dca804989140b18ff1b1ac73c3a971ab28dc  ??  artifacts/rust-tauri/R05/RR2/FINAL-01/verify-r05-2/R05_SUITES/lib-adapters_models__anthropic_messages__tests__cross_family_opaque_state_is_never_echoed.log
47abe55001e4e96b17cccfbd47ca11c3f31186e77f860140fe353a314c14ad89  ??  artifacts/rust-tauri/R05/RR2/FINAL-01/verify-r05-2/R05_SUITES/lib-adapters_models__anthropic_messages__tests__thinking_and_signature_roundtrip_as_state_never_text.log
326da783e5ad8d063019b63790d63b285080d9f8373ffb829503b4ed29304894  ??  artifacts/rust-tauri/R05/RR2/FINAL-01/verify-r05-2/R05_SUITES/lib-adapters_models__compat__tests__anthropic_marks_system_and_two_recent_user_messages.log
15f46f251daa2a3e6f16551791cd66660c0373c869b0f9d9f822e961ac83fcea  ??  artifacts/rust-tauri/R05/RR2/FINAL-01/verify-r05-2/R05_SUITES/lib-adapters_models__compat__tests__anthropic_max_effort_raises_the_implicit_one_third_cap.log
f04dd17779b28a373c05ea08011ac01ad80bdf77f3a2663488fb876c71ba2f79  ??  artifacts/rust-tauri/R05/RR2/FINAL-01/verify-r05-2/R05_SUITES/lib-adapters_models__compat__tests__codex_strips_budget_and_temperature_fields.log
384bb819b3f668b2bd8e472d38f592001dfc851f82949cfa20896d667611efda  ??  artifacts/rust-tauri/R05/RR2/FINAL-01/verify-r05-2/R05_SUITES/lib-adapters_models__compat__tests__dispatch_is_first_match_in_incumbent_order.log
9adc2355541e5c87e1b408e57c6d7d626073930c0a3e3ad7e59ee52de697bb46  ??  artifacts/rust-tauri/R05/RR2/FINAL-01/verify-r05-2/R05_SUITES/lib-adapters_models__compat__tests__ollama_bridges_response_format_and_num_ctx.log
62e3e2be280361e7b70c077157e7135767892907411f5a83e7bc309da0e4d29f  ??  artifacts/rust-tauri/R05/RR2/FINAL-01/verify-r05-2/R05_SUITES/lib-adapters_models__compat__tests__openrouter_adaptive_disable_is_a_loud_refusal.log
f2981f001f84328262658758eda00e24237b324d6adf7a14ee0ecb4c4fa64c48  ??  artifacts/rust-tauri/R05/RR2/FINAL-01/verify-r05-2/R05_SUITES/lib-adapters_models__compat__tests__volcengine_disable_guard_passes_through_without_controls.log
31c5a76aea30a7de2664f0155cafe23185966aa697a4827aab3fd33313c671c2  ??  artifacts/rust-tauri/R05/RR2/FINAL-01/verify-r05-2/R05_SUITES/lib-adapters_models__config__tests__credential_is_explicit_and_never_defaulted.log
4b40bd067651418a154bccc89ed6fbe72b72ee74bd6cd698037b8124c7637fe6  ??  artifacts/rust-tauri/R05/RR2/FINAL-01/verify-r05-2/R05_SUITES/lib-adapters_models__dispatch__tests__error_status_classification_matches_the_incumbent.log
793a8e4846352d6e9f94066d003ff2d1044394c6121b4c0c7e6b0f9715a2624e  ??  artifacts/rust-tauri/R05/RR2/FINAL-01/verify-r05-2/R05_SUITES/lib-adapters_models__egress__tests__guarded_ipv4_literals_refuse_outside_the_endpoint_exception.log
7c185def61cf39c8680e3dc0ab78084d88cc94e2802295d4523ca81e50d49f41  ??  artifacts/rust-tauri/R05/RR2/FINAL-01/verify-r05-2/R05_SUITES/lib-adapters_models__egress__tests__https_public_passes_and_plain_http_is_same_origin_only.log
90298ccc664921bbdd7c5c15146130e60b33e1ef69fe134234397d9620c8006d  ??  artifacts/rust-tauri/R05/RR2/FINAL-01/verify-r05-2/R05_SUITES/lib-adapters_models__egress__tests__ipv4_parsing_is_strict_and_default_ports_elide.log
a71be0aed9774464df744ca10ba7dcd8a0cef4d952f96f45fd5e2caf95be70bd  ??  artifacts/rust-tauri/R05/RR2/FINAL-01/verify-r05-2/R05_SUITES/lib-adapters_models__egress__tests__scheme_userinfo_and_host_shapes_refuse.log
7fac4804ca8b71ec9b2f1d0b68007acd8b733fec6b74368a9a3e86662c4f2dbc  ??  artifacts/rust-tauri/R05/RR2/FINAL-01/verify-r05-2/R05_SUITES/lib-adapters_models__egress__tests__the_endpoint_origin_exception_lets_the_loopback_stub_through.log
a5ceac746939a46d8042dea3e921422681d52bf7d594f8f27b54f26c05e4bb58  ??  artifacts/rust-tauri/R05/RR2/FINAL-01/verify-r05-2/R05_SUITES/lib-adapters_models__gateway__tests__a_family_outside_the_operations_matrix_is_loud.log
e7e48e8d67f839fc5e7327e2785b395b345005a354ab3800652984269364c30f  ??  artifacts/rust-tauri/R05/RR2/FINAL-01/verify-r05-2/R05_SUITES/lib-adapters_models__gateway__tests__chat_and_auxiliary_routes_resolve_independently.log
677f413eb13859d82ac9c1b39b32657749556addb28b668d13ddab93c8cfd32f  ??  artifacts/rust-tauri/R05/RR2/FINAL-01/verify-r05-2/R05_SUITES/lib-adapters_models__gateway__tests__reload_swaps_atomically_and_bumps_the_generation.log
ffc52b643a5c36d711f4506358d813269910583b2357074bb747a8fd09ddfc28  ??  artifacts/rust-tauri/R05/RR2/FINAL-01/verify-r05-2/R05_SUITES/lib-adapters_models__gateway__tests__the_pin_pair_rule_never_guesses_a_provider_from_a_model.log
803e60684e47f92b72ce006e2de369d877d2242b1fa5242da7736c5d2e6fd1c6  ??  artifacts/rust-tauri/R05/RR2/FINAL-01/verify-r05-2/R05_SUITES/lib-adapters_models__gateway__tests__unconfigured_operations_are_loud_route_gaps.log
da407ee702dc5d8d4bdfa7a79cd1d0cafab0f3cdfe0b4fa361124064c911474c  ??  artifacts/rust-tauri/R05/RR2/FINAL-01/verify-r05-2/R05_SUITES/lib-adapters_models__google_generative_ai__tests__thoughts_signatures_and_function_calls_parse_in_order.log
91ea0c2d7c8c9eff46bad3137cfe60c6c46b63bcb9eebb02f4e7cbb5b71c29b0  ??  artifacts/rust-tauri/R05/RR2/FINAL-01/verify-r05-2/R05_SUITES/lib-adapters_models__openai_codex_responses__tests__codex_body_pins_store_stream_and_instructions.log
67bf042e78e5ee24404412afeb8e48b866066a28c0bbdcfa215824875d7977cb  ??  artifacts/rust-tauri/R05/RR2/FINAL-01/verify-r05-2/R05_SUITES/lib-adapters_models__openai_completions__tests__a_history_target_missing_from_the_snapshot_fails_loudly.log
314600a86b774f0605f831eb25db1d35a15a2691ca9b147a9e26b3ea2e1bac53  ??  artifacts/rust-tauri/R05/RR2/FINAL-01/verify-r05-2/R05_SUITES/lib-adapters_models__openai_completions__tests__final_answer_identity_comes_from_the_driver_not_the_response.log
84d7385f0a02eca3010b5b48698d36f29e7381121c298a7c02498490edc9e585  ??  artifacts/rust-tauri/R05/RR2/FINAL-01/verify-r05-2/R05_SUITES/lib-adapters_models__openai_completions__tests__parses_tool_calls_with_usage_and_identity_from_the_driver.log
83d00c94de4fe66057ef46f661a065973afeedbc259fd064fd996779cc405032  ??  artifacts/rust-tauri/R05/RR2/FINAL-01/verify-r05-2/R05_SUITES/lib-adapters_models__openai_completions__tests__unknown_wire_names_are_protocol_violations_never_guesses.log
971c6c6713439272cf28c34df3d64a06b1be7c8875a592d6787bdd62e0c26d2a  ??  artifacts/rust-tauri/R05/RR2/FINAL-01/verify-r05-2/R05_SUITES/lib-adapters_models__openai_responses__tests__reasoning_items_roundtrip_verbatim_with_summary_as_reasoning.log
74df78d288d46657d5341c2cb27124842c1ac4497cbe4d46273ea921ece660e8  ??  artifacts/rust-tauri/R05/RR2/FINAL-01/verify-r05-2/R05_SUITES/lib-adapters_models__openai_responses__tests__request_shape_instructions_tools_and_no_server_state.log
141d2423fc148ce10356bc36bf26970c7afac46705a039833cdf7e602149a146  ??  artifacts/rust-tauri/R05/RR2/FINAL-01/verify-r05-2/R05_SUITES/lib-adapters_models__streaming__tests__a_leading_bom_is_stripped_once.log
660ff7ac048b8db3f2bf6cfe74d02b60451c676f5a5cf43d1176ad5492916cb0  ??  artifacts/rust-tauri/R05/RR2/FINAL-01/verify-r05-2/R05_SUITES/lib-adapters_models__streaming__tests__comments_and_id_and_retry_fields_are_ignored.log
dcea4a32eac8fc2d6e4f4e012f27bb34a4246e23f0621ddd4266a382801bf2e4  ??  artifacts/rust-tauri/R05/RR2/FINAL-01/verify-r05-2/R05_SUITES/lib-adapters_models__streaming__tests__multi_line_data_joins_and_chunks_may_split_anywhere.log
93aa7e8e22e0e98efcf73bfcc0a1bbc59da886169094dbca4b0ae6defe86e445  ??  artifacts/rust-tauri/R05/RR2/FINAL-01/verify-r05-2/R05_SUITES/lib-adapters_models__streaming__tests__simple_frames_dispatch_on_blank_lines.log
55c4757e4d4dbbbd61c1ecd3af53d041c7b059c1fcd440c803efe110da917aaf  ??  artifacts/rust-tauri/R05/RR2/FINAL-01/verify-r05-2/R05_SUITES/lib-adapters_models__streaming__tests__the_buffer_bound_is_loud.log
2674b731e16bbdb0f83a33f078d528fa3a1d45b65d238ace9e65bcf34078f95c  ??  artifacts/rust-tauri/R05/RR2/FINAL-01/verify-r05-2/R05_SUITES/lib-adapters_models__streaming__tests__the_per_frame_bound_is_loud_across_lines_and_chunks.log
8fc6e4c1ce5b20caac55c3f5ecdb45a44241dd5d0477ed07b4a993ed878c9540  ??  artifacts/rust-tauri/R05/RR2/FINAL-01/verify-r05-2/R05_SUITES/lib-adapters_models__tool_render__tests__running_and_stop_unconfirmed_statuses_are_honest.log
5fe11fcabd159dafdead3bc3c393c119f40bbfdfc787a660577c48c31805a933  ??  artifacts/rust-tauri/R05/RR2/FINAL-01/verify-r05-2/R05_SUITES/lib-adapters_models__tool_render__tests__success_renders_resources_status_and_truncation_last.log
61f8625c09e8ac3b6709bde2b8317da9af5326203dd64894c78d34b4040e57c1  ??  artifacts/rust-tauri/R05/RR2/FINAL-01/verify-r05-2/R05_SUITES/lib-adapters_models__tool_render__tests__the_four_base_states_keep_the_t01_vocabulary.log
8ffbfa1c4c528665b954b91bc9dd14e0b6d87f466d552191a6ec460104b0be43  ??  artifacts/rust-tauri/R05/RR2/FINAL-01/verify-r05-2/R05_SUITES/lib-kernel_model_exchange__tests__empty_snapshot_is_generation_zero.log
c978da80433e0cd50a247fa6dec036691f8887cf92649bc0fa1245676a721375  ??  artifacts/rust-tauri/R05/RR2/FINAL-01/verify-r05-2/R05_SUITES/lib-kernel_model_exchange__tests__snapshot_declares_only_callable_resident_targets_at_the_pinned_generation.log
4dd245fbc0186b1e1c42e94da4b68df963fd118cb114ca6a018839b22ca3e1e3  ??  artifacts/rust-tauri/R05/RR2/FINAL-01/verify-r05-2/R05_SUITES/lib-kernel_model_exchange__tests__wire_name_collisions_resolve_deterministically_or_fail_loudly.log
17c1f23d30ca85acf292e407d4034be02013bedc4c91f450cd6d3fa1d839ebeb  ??  artifacts/rust-tauri/R05/RR2/FINAL-01/verify-r05-2/R05_SUITES/lib-kernel_model_exchange__tests__wire_name_sanitization_fits_the_strictest_protocol_face.log
c05af924100204336e16c61b8ee4422b3d580b90c21830584d3de452f0b97666  ??  artifacts/rust-tauri/R05/RR2/FINAL-01/verify-r05-2/R05_SUITES/lib-kernel_toolcatalog__tests__aliases_resolve_to_the_authoritative_identity_and_share_permissions.log
296febee497e317bc4329e7d9b368d9a682b6fef7c47738b7a71398307f9b400  ??  artifacts/rust-tauri/R05/RR2/FINAL-01/verify-r05-2/R05_SUITES/lib-kernel_toolcatalog__tests__disable_and_uninstall_change_callability_and_generation.log
9552d0fe3bdb843dc8d2dc72af576b5a96b35692bb1e9f6f57db2451e65bda50  ??  artifacts/rust-tauri/R05/RR2/FINAL-01/verify-r05-2/R05_SUITES/lib-kernel_toolcatalog__tests__same_name_two_sources_never_overwrites_and_name_only_is_ambiguous.log
ab0324a59ad3200125499cfbb5d41663aa61c666f835992d1ce28a3afd3c7b33  ??  artifacts/rust-tauri/R05/RR2/FINAL-01/verify-r05-2/R05_SUITES/lib-kernel_toolcatalog__tests__stale_catalog_generation_refuses_and_requires_refresh.log
2c22823bb5cbe999f5fe3a75e9c84e082e8762c65f466d823c75d8ad7624082c  ??  artifacts/rust-tauri/R05/RR2/FINAL-01/verify-r05-2/R05_SUITES/lib-kernel_toolcatalog__tests__update_cannot_change_the_target_identity.log
912afdf77b662c768dbb2f62301f391c38d68863cb92c307297c5a9c571df87b  ??  artifacts/rust-tauri/R05/RR2/FINAL-01/verify-r05-2/R05_SUITES/lib-service_credentials__store__tests__a_failed_write_keeps_the_previous_state_and_reports.log
e7a7aa9283a58d33c83116f5ccb99a9900f123125f8432964cf0d72b4e01ae3b  ??  artifacts/rust-tauri/R05/RR2/FINAL-01/verify-r05-2/R05_SUITES/lib-service_credentials__store__tests__a_version_conflict_is_loud.log
5dc07d5ae8d79c94326b66c6430c17d2444f17c62bf14ffc54bbb73acd041c70  ??  artifacts/rust-tauri/R05/RR2/FINAL-01/verify-r05-2/R05_SUITES/lib-service_credentials__store__tests__missing_file_loads_empty_and_round_trips.log
5281fcf1e90e2f053ed6dd14b88ec5c98d6802746f04d102b5acdf49a4939aaf  ??  artifacts/rust-tauri/R05/RR2/FINAL-01/verify-r05-2/R05_SUITES/lib-service_credentials__store__tests__unknown_fields_survive_a_write.log
6f7dc77b167b8b6511d9252dceb72f2be4544ebaa5a46af70fdc1141a3071f72  ??  artifacts/rust-tauri/R05/RR2/FINAL-01/verify-r05-2/R05_SUITES/lib-service_credentials__tests__a_cancelled_waiter_does_not_disturb_the_flight.log
1987e77f635bdf6f3803d3481fc5f727c888b985a4bcf4f3ec78da5ee0279afa  ??  artifacts/rust-tauri/R05/RR2/FINAL-01/verify-r05-2/R05_SUITES/lib-service_credentials__tests__a_reload_replacing_the_cell_discards_the_late_writeback.log
a5b5bf60565e20602b451b44abe76caff57afd445235c009a96b9ad7e1b1c218  ??  artifacts/rust-tauri/R05/RR2/FINAL-01/verify-r05-2/R05_SUITES/lib-service_credentials__tests__a_rotated_credential_is_reused_without_a_second_refresh.log
3fe27a5a67dcb023e6bd1f48f8957aabb0aff588d41d2f598f6a0783858252fa  ??  artifacts/rust-tauri/R05/RR2/FINAL-01/verify-r05-2/R05_SUITES/lib-service_credentials__tests__an_expired_handle_is_refused.log
1fcc2a047086cc2f3f54e8c4d259259d7ddd7b61332503a44965d28cd814558f  ??  artifacts/rust-tauri/R05/RR2/FINAL-01/verify-r05-2/R05_SUITES/lib-service_credentials__tests__concurrent_401s_merge_into_one_refresh.log
561e78bb0b57745369b0713fb9f2f1203372c821a9e999a8b816100c057dc66f  ??  artifacts/rust-tauri/R05/RR2/FINAL-01/verify-r05-2/R05_SUITES/lib-service_credentials__tests__forged_handles_and_provider_references_are_refused.log
672011018192516616e6e31c9272b16b7860f8ea12a7b6986519eac0733d37eb  ??  artifacts/rust-tauri/R05/RR2/FINAL-01/verify-r05-2/R05_SUITES/lib-service_credentials__tests__handle_refusal_texts_carry_no_material.log
626ca23182536027d8e3966801be4e975de13c296362529161517116792a0f25  ??  artifacts/rust-tauri/R05/RR2/FINAL-01/verify-r05-2/R05_SUITES/lib-service_credentials__tests__resolve_refreshes_at_most_once_when_a_one_second_grant_dies_in_transit.log
444ac8e1e8735871005a9eb9f8fb6b8d7c7fa930fdbce6aaf27e551618e4f246  ??  artifacts/rust-tauri/R05/RR2/FINAL-01/verify-r05-2/R05_SUITES/lib-service_credentials__tests__resolve_refreshes_at_most_once_when_every_mint_is_already_expired.log
1fc9b46fcb6b37cd82a8a05111c82fd59ae63afe9ab9d5370000695dda8a6c9a  ??  artifacts/rust-tauri/R05/RR2/FINAL-01/verify-r05-2/R05_SUITES/lib-service_credentials__tests__revoke_fences_a_late_writeback.log
935e90bb6b25886037fc4a438749c0056fcf1f05f67f69c10d512edef8944493  ??  artifacts/rust-tauri/R05/RR2/FINAL-01/verify-r05-2/R05_SUITES/lib-service_redaction__tests__r05_provider_api_key_shapes_are_redacted.log
f86e907344acc3eef786bf8634de3e748095dcb83dc16a306c81ea13c45b5a60  ??  artifacts/rust-tauri/R05/RR2/FINAL-01/verify-r05-2/R05_SUITES/lib-service_redaction__tests__r05_secret_key_words_match_case_insensitively.log
138d719b73194e67bbef19c518608f8f5503ae0ab60f308534f6c01640897845  ??  artifacts/rust-tauri/R05/RR2/FINAL-01/verify-r05-2/R05_SUITES/lib-service_redaction__tests__r05_t02_base64_tokens_with_slash_and_padding_are_redacted.log
fdacb2c2401ccd0a276abc7ab945cad57ec307f08e24516bac9227e76031e6e5  ??  artifacts/rust-tauri/R05/RR2/FINAL-01/verify-r05-2/R05_SUITES/pin-table.txt
d7626394ceea62b92c13e97571be576b0c30db4fa3903b3d40cf92224c6df007  ??  artifacts/rust-tauri/R05/RR2/FINAL-01/verify-r05-2/R05_SUITES/r05-cases.json
9e2fc8f4d87f80898517018e710f2b9185d5eb813321e991b8b852423d447358  ??  artifacts/rust-tauri/R05/RR2/FINAL-01/verify-r05-2/R05_SUITES/required-cids.txt
8e7626dedeedccbaba1084083db50e6e9ddebdbfb17a2fa95132252f14d8341a  ??  artifacts/rust-tauri/R05/RR2/FINAL-01/verify-r05-2/R05_SUITES/summary.txt
e863a98b75a84ca4b5608b0ea01e09e8b39623110e88a1a6692a59607894942d  ??  artifacts/rust-tauri/R05/RR2/FINAL-01/verify-r05-2/R05_SUITES/svc_r05_t01_binary_wiring.log
26111ea4c0508ce36ac865b147c65ad93921256d57566cbd3fb05dcbefd60faf  ??  artifacts/rust-tauri/R05/RR2/FINAL-01/verify-r05-2/R05_SUITES/svc_r05_t01_model_plane.log
18ef3236e18b8e5021ee1a7e09081983a735f72010006135067ae5eec37ee014  ??  artifacts/rust-tauri/R05/RR2/FINAL-01/verify-r05-2/R05_SUITES/svc_r05_t02_credentials.log
e312ad0ea56f61beea54456716088cab85fb4360fd385852d8f80f2d1589f80a  ??  artifacts/rust-tauri/R05/RR2/FINAL-01/verify-r05-2/R05_SUITES/svc_r05_t03_protocol_adapters.log
28acad4457150b09cc4c81b462da5fd6cb739915ace4125d71924a1be602db7f  ??  artifacts/rust-tauri/R05/RR2/FINAL-01/verify-r05-2/R05_SUITES/svc_r05_t04_streaming.log
a0a987f9dff82c9ada2967d8268459d544d8d05d8100e24a6929c3259e2b1562  ??  artifacts/rust-tauri/R05/RR2/FINAL-01/verify-r05-2/R05_SUITES/svc_r05_t05_network.log
afaed4c9ba0ef38eef9874da5a9e80d5ce86ffc293897e93722786642de57438  ??  artifacts/rust-tauri/R05/RR2/FINAL-01/verify-r05-2/R05_SUITES/svc_r05_t05_timeouts.log
83b586d48f1d3f66a0a5b298dc962574a05ddf4a8035345bfb5acf407b384705  ??  artifacts/rust-tauri/R05/RR2/FINAL-01/verify-r05-2/R05_SUITES/svc_r05_t06_operations.log
1935eceb9ae1faa4cf503a613747312e33b4d18ee4db2799ca5b15c4e85a80d9  ??  artifacts/rust-tauri/R05/RR2/FINAL-01/verify-r05-2/R05_SUITES/svc_r05_t06_rr1_media_resource.log
11f7b6b2410fbeb5227d53de08abd51561eae2439ad3eba82705ae62e0f76d96  ??  artifacts/rust-tauri/R05/RR2/FINAL-01/verify-r05-2/R05_SUITES/svc_r05_t06_rr1_system_speech.log
dde80c483f84ef4345fb4a723a32d9fdbea64549e9c387a6ca49693a7350858c  ??  artifacts/rust-tauri/R05/RR2/FINAL-01/verify-r05-2/R05_SUITES/svc_r05_t06_worker_model.log
5573ad01fdb8bacba66d040b984987206022d67289457d5dba0295c100ad862a  ??  artifacts/rust-tauri/R05/RR2/FINAL-01/verify-r05-2/R05_SUITES/svc_r05_t07_persistence.log
70327051525324d71f754f44d1a2b5626f7a2fe060e60493b955b286da4e2c60  ??  artifacts/rust-tauri/R05/RR2/FINAL-01/verify-r05-2/R05_SUITES/svc_r05_t07_rr1_usage_ledger.log
3dac563c2c401f4cc920235f9de181b2e15c592fc3a1c83194ea2084e5eefa09  ??  artifacts/rust-tauri/R05/RR2/FINAL-01/verify-r05-2/R05_SUITES/svc_r05_t07_usage_trace.log
89040f000ab28b7fcaa516850bc4209b0548758d897f482fc370f2ad5108a35e  ??  artifacts/rust-tauri/R05/RR2/FINAL-01/verify-r05-2/R05_SUITES/svc_r05_t08_closed_loop.log
47390c7b7bff871615ba9d5ec15dd633977066ad1f3d8a1fdfc4aec520dd7349  ??  artifacts/rust-tauri/R05/RR2/FINAL-01/verify-r05-2/R05_SUITES/svc_r05_t08_production_tools.log
1cc1f936ffcb3694b9fe6127c3b7586a4bc3d47292f52961b9052a2217fb2c73  ??  artifacts/rust-tauri/R05/RR2/FINAL-01/verify-r05-2/R05_SUITES/svc_r05_t08_resources.log
e3b0c44298fc1c149afbf4c8996fb92427ae41e4649b934ca495991b7852b855  ??  artifacts/rust-tauri/R05/RR2/FINAL-01/verify-r05-2/check_boundaries/stderr.log
d99ada8df8ff7853d02908eb6bb04adfa1e06d15fa8e1af10a9ecaa46d7ca330  ??  artifacts/rust-tauri/R05/RR2/FINAL-01/verify-r05-2/check_boundaries/stdout.log
e3b0c44298fc1c149afbf4c8996fb92427ae41e4649b934ca495991b7852b855  ??  artifacts/rust-tauri/R05/RR2/FINAL-01/verify-r05-2/check_contracts/stderr.log
77d04b64918ac301d220d57419c8429e7c37471a5f4caaeb0765e11e1987fe9a  ??  artifacts/rust-tauri/R05/RR2/FINAL-01/verify-r05-2/check_contracts/stdout.log
e3b0c44298fc1c149afbf4c8996fb92427ae41e4649b934ca495991b7852b855  ??  artifacts/rust-tauri/R05/RR2/FINAL-01/verify-r05-2/r05_stage_suites/stderr.log
79ac8396e530aee14098adf90ad3e6b0d177925a203b9203ee0b03179fc843f8  ??  artifacts/rust-tauri/R05/RR2/FINAL-01/verify-r05-2/r05_stage_suites/stdout.log
505af4d356fa8bd3c1c6e110995b3d7c5cd6ab12ab565e4b8e1b05e1bbfde396  ??  artifacts/rust-tauri/R05/RR2/FINAL-01/verify-r05-2/rust_clippy/stderr.log
e3b0c44298fc1c149afbf4c8996fb92427ae41e4649b934ca495991b7852b855  ??  artifacts/rust-tauri/R05/RR2/FINAL-01/verify-r05-2/rust_clippy/stdout.log
e3b0c44298fc1c149afbf4c8996fb92427ae41e4649b934ca495991b7852b855  ??  artifacts/rust-tauri/R05/RR2/FINAL-01/verify-r05-2/rust_fmt/stderr.log
e3b0c44298fc1c149afbf4c8996fb92427ae41e4649b934ca495991b7852b855  ??  artifacts/rust-tauri/R05/RR2/FINAL-01/verify-r05-2/rust_fmt/stdout.log
3a457ebf8e5d576f78fa7017295cc7910adc4b0c0bd058f4d36a121574f42ed4  ??  artifacts/rust-tauri/R05/RR2/FINAL-01/verify-r05-2/rust_test_workspace/stderr.log
1ce6b9d2511e7c058ce742906195285ee0880284c25b581539d68fe20d6cb14b  ??  artifacts/rust-tauri/R05/RR2/FINAL-01/verify-r05-2/rust_test_workspace/stdout.log
bd119ed75a22ea1fe43d31bc352a78b58005fa7da0294bdc6a1842636b35e6bc  ??  artifacts/rust-tauri/R05/RR2/FINAL-01/verify-r05/R05_SUITES/adp_r05_t02_oauth_flows.log
f2140b3a43392cafe83352af33eb7f119e0b923ae1ba2c2e285445da0ffc69b5  ??  artifacts/rust-tauri/R05/RR2/FINAL-01/verify-r05/R05_SUITES/adp_r05_t03_goldens.log
03a32a419507d8102ba16f86c98f6603b505076e5e5ee6bafa9dd66e337716b4  ??  artifacts/rust-tauri/R05/RR2/FINAL-01/verify-r05/R05_SUITES/adp_r05_t03_rr1_replay.log
05aa00af67ab72e33f588786596af34d5212b38b03181945835a89823080192e  ??  artifacts/rust-tauri/R05/RR2/FINAL-01/verify-r05/R05_SUITES/adp_r05_t04_rr1_batch_terminal.log
c8d915e3b60ce3ffae79773ffc5404a900e8e4b2c5f7976fdf7dbcdaa689c102  ??  artifacts/rust-tauri/R05/RR2/FINAL-01/verify-r05/R05_SUITES/adp_r05_t04_streaming.log
74dc842f351f2b3131eca742c11ec0bf5205ade0658c5834b61278d88e373e33  ??  artifacts/rust-tauri/R05/RR2/FINAL-01/verify-r05/R05_SUITES/adp_r05_t05_compat.log
0a0451aa3c8df43295ac29549e30e0ce7e1abb46e365822a7ed64ed56d04e4f7  ??  artifacts/rust-tauri/R05/RR2/FINAL-01/verify-r05/R05_SUITES/adp_r05_t05_timeouts.log
c4fa41c9b3b2b7fcef4963913a3e47d963d1c70f1aae59f94e2992aed0e1f41d  ??  artifacts/rust-tauri/R05/RR2/FINAL-01/verify-r05/R05_SUITES/adp_r05_t06_operations.log
a880569a9bf607138bbd56a233c54f1dedd45352ef8375b3e0fdb91a123ca12d  ??  artifacts/rust-tauri/R05/RR2/FINAL-01/verify-r05/R05_SUITES/adp_r05_t07_rr1_usage_strict.log
c74634b19ff3d80cad23877590ea5234023ed39d872e4248178ba25173de5c92  ??  artifacts/rust-tauri/R05/RR2/FINAL-01/verify-r05/R05_SUITES/adp_r05_t07_usage_families.log
e4f985277a6a35cc449b0daf51a56ab30251c6796710564d4a829e64b7250e36  ??  artifacts/rust-tauri/R05/RR2/FINAL-01/verify-r05/R05_SUITES/build.log
430cfe9fece08ccacd2f3070d42be1cb3b6ad28909e4b07855c07d3bc7e04a97  ??  artifacts/rust-tauri/R05/RR2/FINAL-01/verify-r05/R05_SUITES/cases.jsonl
ffffbe56313a1d5e50e7b216499cd851b1efc988da811a57d4fe0b07cc0be556  ??  artifacts/rust-tauri/R05/RR2/FINAL-01/verify-r05/R05_SUITES/cid-table.txt
6871fd6b1e5109a6d495f2c2eef4b3de64168f171a69a08240104a2caa2a480c  ??  artifacts/rust-tauri/R05/RR2/FINAL-01/verify-r05/R05_SUITES/f27-resource-series.json
e3b0c44298fc1c149afbf4c8996fb92427ae41e4649b934ca495991b7852b855  ??  artifacts/rust-tauri/R05/RR2/FINAL-01/verify-r05/R05_SUITES/gaps.txt
2f3216ea5b16cfd846720038796f1bc6c22c6dca25bd6203810290e30967a60b  ??  artifacts/rust-tauri/R05/RR2/FINAL-01/verify-r05/R05_SUITES/leaf-cases.json
c8723f79c38066dc5ee15f9b0174f3b43faf2fdbb15c4d1cd82a31632e96eeaa  ??  artifacts/rust-tauri/R05/RR2/FINAL-01/verify-r05/R05_SUITES/lib-adapters_models__anthropic_messages__tests__cross_family_opaque_state_is_never_echoed.log
12db844882cca38bd456620f0cccc511ac5a0def008554a5544bf3debf359125  ??  artifacts/rust-tauri/R05/RR2/FINAL-01/verify-r05/R05_SUITES/lib-adapters_models__anthropic_messages__tests__thinking_and_signature_roundtrip_as_state_never_text.log
0722ca37a5985182166e0a87823e72f686ab1c5a601b98dfbdaccabbb6bec7ee  ??  artifacts/rust-tauri/R05/RR2/FINAL-01/verify-r05/R05_SUITES/lib-adapters_models__compat__tests__anthropic_marks_system_and_two_recent_user_messages.log
dc796261dc44e7dd88ec1941db756f812c6ff85c6d08597a21cb8db9c9125728  ??  artifacts/rust-tauri/R05/RR2/FINAL-01/verify-r05/R05_SUITES/lib-adapters_models__compat__tests__anthropic_max_effort_raises_the_implicit_one_third_cap.log
f04dd17779b28a373c05ea08011ac01ad80bdf77f3a2663488fb876c71ba2f79  ??  artifacts/rust-tauri/R05/RR2/FINAL-01/verify-r05/R05_SUITES/lib-adapters_models__compat__tests__codex_strips_budget_and_temperature_fields.log
ac3a4fba254aa5458146acda1468afea0227291748c520ef4fc00e64c33f4e05  ??  artifacts/rust-tauri/R05/RR2/FINAL-01/verify-r05/R05_SUITES/lib-adapters_models__compat__tests__dispatch_is_first_match_in_incumbent_order.log
9adc2355541e5c87e1b408e57c6d7d626073930c0a3e3ad7e59ee52de697bb46  ??  artifacts/rust-tauri/R05/RR2/FINAL-01/verify-r05/R05_SUITES/lib-adapters_models__compat__tests__ollama_bridges_response_format_and_num_ctx.log
cb038bdc03ebc860951cd3c05039b8bab9bef59ee5255d4e3bfec2ce3437a35d  ??  artifacts/rust-tauri/R05/RR2/FINAL-01/verify-r05/R05_SUITES/lib-adapters_models__compat__tests__openrouter_adaptive_disable_is_a_loud_refusal.log
7daec1b2c06ff93444e84b7c461f541d6d1d2d10e21ead040eea29277b1feb98  ??  artifacts/rust-tauri/R05/RR2/FINAL-01/verify-r05/R05_SUITES/lib-adapters_models__compat__tests__volcengine_disable_guard_passes_through_without_controls.log
31c5a76aea30a7de2664f0155cafe23185966aa697a4827aab3fd33313c671c2  ??  artifacts/rust-tauri/R05/RR2/FINAL-01/verify-r05/R05_SUITES/lib-adapters_models__config__tests__credential_is_explicit_and_never_defaulted.log
966b2372303e7e0fb2a19ad36628bd09a9b603a6385c22e0ad390b9513fb0610  ??  artifacts/rust-tauri/R05/RR2/FINAL-01/verify-r05/R05_SUITES/lib-adapters_models__dispatch__tests__error_status_classification_matches_the_incumbent.log
35fe1a5f6302b3c368df6e097df0c9ab7ba37413df878cde6038d3a6554ab5d3  ??  artifacts/rust-tauri/R05/RR2/FINAL-01/verify-r05/R05_SUITES/lib-adapters_models__egress__tests__guarded_ipv4_literals_refuse_outside_the_endpoint_exception.log
7c185def61cf39c8680e3dc0ab78084d88cc94e2802295d4523ca81e50d49f41  ??  artifacts/rust-tauri/R05/RR2/FINAL-01/verify-r05/R05_SUITES/lib-adapters_models__egress__tests__https_public_passes_and_plain_http_is_same_origin_only.log
4d1ab2a05da2603c9aa92b15903d99f59d9b13cc50bd8a7c81ddeb86215ba65e  ??  artifacts/rust-tauri/R05/RR2/FINAL-01/verify-r05/R05_SUITES/lib-adapters_models__egress__tests__ipv4_parsing_is_strict_and_default_ports_elide.log
bf7c83a87cc27b6cead892922e1b0f64e65ac3209c3690bea3ec3bb39c189c76  ??  artifacts/rust-tauri/R05/RR2/FINAL-01/verify-r05/R05_SUITES/lib-adapters_models__egress__tests__scheme_userinfo_and_host_shapes_refuse.log
d0071a4c5e7e4a7c2ac87e2177cf654f150b6c5ba3bee33d90d44b48ee284f78  ??  artifacts/rust-tauri/R05/RR2/FINAL-01/verify-r05/R05_SUITES/lib-adapters_models__egress__tests__the_endpoint_origin_exception_lets_the_loopback_stub_through.log
dc3b337b9e516bd59c8230afc9f0277242946858cbcef16c359e9ec4074004bf  ??  artifacts/rust-tauri/R05/RR2/FINAL-01/verify-r05/R05_SUITES/lib-adapters_models__gateway__tests__a_family_outside_the_operations_matrix_is_loud.log
e478a3e3c8701c6ca6cec1774145b54f90e8136ac7c0f00c14e3824a73eda847  ??  artifacts/rust-tauri/R05/RR2/FINAL-01/verify-r05/R05_SUITES/lib-adapters_models__gateway__tests__chat_and_auxiliary_routes_resolve_independently.log
9ac06f457aee44d5562a9c99be681eb35ae0d527a58fae811320c0d338deaf6a  ??  artifacts/rust-tauri/R05/RR2/FINAL-01/verify-r05/R05_SUITES/lib-adapters_models__gateway__tests__reload_swaps_atomically_and_bumps_the_generation.log
36a58d43604cf880f55e290d1e3a39cd72ed26689fb389232cfa8843d1ef8868  ??  artifacts/rust-tauri/R05/RR2/FINAL-01/verify-r05/R05_SUITES/lib-adapters_models__gateway__tests__the_pin_pair_rule_never_guesses_a_provider_from_a_model.log
58197380e582a280aae948b4eb12a29341da314062a494d170ce2b2c00b26722  ??  artifacts/rust-tauri/R05/RR2/FINAL-01/verify-r05/R05_SUITES/lib-adapters_models__gateway__tests__unconfigured_operations_are_loud_route_gaps.log
da407ee702dc5d8d4bdfa7a79cd1d0cafab0f3cdfe0b4fa361124064c911474c  ??  artifacts/rust-tauri/R05/RR2/FINAL-01/verify-r05/R05_SUITES/lib-adapters_models__google_generative_ai__tests__thoughts_signatures_and_function_calls_parse_in_order.log
f8f99ffb3d477d4447c952503e6d5ab9c6b728a1e6da0814a27c5eb5b9d8e75e  ??  artifacts/rust-tauri/R05/RR2/FINAL-01/verify-r05/R05_SUITES/lib-adapters_models__openai_codex_responses__tests__codex_body_pins_store_stream_and_instructions.log
67bf042e78e5ee24404412afeb8e48b866066a28c0bbdcfa215824875d7977cb  ??  artifacts/rust-tauri/R05/RR2/FINAL-01/verify-r05/R05_SUITES/lib-adapters_models__openai_completions__tests__a_history_target_missing_from_the_snapshot_fails_loudly.log
4af08ab7f44e353c298fb668538e4ab9e447efcb79233f124f6f00968686e327  ??  artifacts/rust-tauri/R05/RR2/FINAL-01/verify-r05/R05_SUITES/lib-adapters_models__openai_completions__tests__final_answer_identity_comes_from_the_driver_not_the_response.log
abef6700b25bf1923449fb9c28dd5630d0704863370a3d4a2e85070ec201e325  ??  artifacts/rust-tauri/R05/RR2/FINAL-01/verify-r05/R05_SUITES/lib-adapters_models__openai_completions__tests__parses_tool_calls_with_usage_and_identity_from_the_driver.log
51aea5c01179a00d155fd43f0067bd5f09d80982279d14e941ece8bc50dd8e57  ??  artifacts/rust-tauri/R05/RR2/FINAL-01/verify-r05/R05_SUITES/lib-adapters_models__openai_completions__tests__unknown_wire_names_are_protocol_violations_never_guesses.log
d5fb5af6b6d9841b49bb0c6c2672a54dbcdd4dfc8c5a77a3b444a223aaa4f48a  ??  artifacts/rust-tauri/R05/RR2/FINAL-01/verify-r05/R05_SUITES/lib-adapters_models__openai_responses__tests__reasoning_items_roundtrip_verbatim_with_summary_as_reasoning.log
42afaff233f07787cd75e318b7143255e8dafd63f8e6e8a333179c71437f4a9c  ??  artifacts/rust-tauri/R05/RR2/FINAL-01/verify-r05/R05_SUITES/lib-adapters_models__openai_responses__tests__request_shape_instructions_tools_and_no_server_state.log
e328d607e22f3c38d30463d869f97a9997ff6b8e7b90d8910e2ab78482f7c6d3  ??  artifacts/rust-tauri/R05/RR2/FINAL-01/verify-r05/R05_SUITES/lib-adapters_models__streaming__tests__a_leading_bom_is_stripped_once.log
7bc32c56b83ed30cfbcc88520d083e0a7f04ac025e887520fe6e625521bed127  ??  artifacts/rust-tauri/R05/RR2/FINAL-01/verify-r05/R05_SUITES/lib-adapters_models__streaming__tests__comments_and_id_and_retry_fields_are_ignored.log
cb168175cbe695bc92e8c9a45c7e311a616193bc73904670f00c3a7d9eafb26c  ??  artifacts/rust-tauri/R05/RR2/FINAL-01/verify-r05/R05_SUITES/lib-adapters_models__streaming__tests__multi_line_data_joins_and_chunks_may_split_anywhere.log
93aa7e8e22e0e98efcf73bfcc0a1bbc59da886169094dbca4b0ae6defe86e445  ??  artifacts/rust-tauri/R05/RR2/FINAL-01/verify-r05/R05_SUITES/lib-adapters_models__streaming__tests__simple_frames_dispatch_on_blank_lines.log
26a5b3ba4fde9d25a066addddef54c0742c35c4af5cfd4e6a3c954ff0472c995  ??  artifacts/rust-tauri/R05/RR2/FINAL-01/verify-r05/R05_SUITES/lib-adapters_models__streaming__tests__the_buffer_bound_is_loud.log
2d836e124fed962115cbf37d359a6bc52dafb3293e41d1364a6e1ba471130785  ??  artifacts/rust-tauri/R05/RR2/FINAL-01/verify-r05/R05_SUITES/lib-adapters_models__streaming__tests__the_per_frame_bound_is_loud_across_lines_and_chunks.log
a965b7a51055540c3b7342c5cabfd54167df9a2f6529d223620375ecb9e12d4f  ??  artifacts/rust-tauri/R05/RR2/FINAL-01/verify-r05/R05_SUITES/lib-adapters_models__tool_render__tests__running_and_stop_unconfirmed_statuses_are_honest.log
12a37abadf52fb238a6fb1effa223403b901511f0d387c53b5d4acdf09dce1f3  ??  artifacts/rust-tauri/R05/RR2/FINAL-01/verify-r05/R05_SUITES/lib-adapters_models__tool_render__tests__success_renders_resources_status_and_truncation_last.log
5f2527fcbae5a55869cf46aaad485f4385eeabedcc7aecfa15f27f2973e32917  ??  artifacts/rust-tauri/R05/RR2/FINAL-01/verify-r05/R05_SUITES/lib-adapters_models__tool_render__tests__the_four_base_states_keep_the_t01_vocabulary.log
256b32131a9261b383129bac6319db81c4924f22f2c60cb60f051e1546b4950e  ??  artifacts/rust-tauri/R05/RR2/FINAL-01/verify-r05/R05_SUITES/lib-kernel_model_exchange__tests__empty_snapshot_is_generation_zero.log
c978da80433e0cd50a247fa6dec036691f8887cf92649bc0fa1245676a721375  ??  artifacts/rust-tauri/R05/RR2/FINAL-01/verify-r05/R05_SUITES/lib-kernel_model_exchange__tests__snapshot_declares_only_callable_resident_targets_at_the_pinned_generation.log
4dd245fbc0186b1e1c42e94da4b68df963fd118cb114ca6a018839b22ca3e1e3  ??  artifacts/rust-tauri/R05/RR2/FINAL-01/verify-r05/R05_SUITES/lib-kernel_model_exchange__tests__wire_name_collisions_resolve_deterministically_or_fail_loudly.log
17c1f23d30ca85acf292e407d4034be02013bedc4c91f450cd6d3fa1d839ebeb  ??  artifacts/rust-tauri/R05/RR2/FINAL-01/verify-r05/R05_SUITES/lib-kernel_model_exchange__tests__wire_name_sanitization_fits_the_strictest_protocol_face.log
c05af924100204336e16c61b8ee4422b3d580b90c21830584d3de452f0b97666  ??  artifacts/rust-tauri/R05/RR2/FINAL-01/verify-r05/R05_SUITES/lib-kernel_toolcatalog__tests__aliases_resolve_to_the_authoritative_identity_and_share_permissions.log
296febee497e317bc4329e7d9b368d9a682b6fef7c47738b7a71398307f9b400  ??  artifacts/rust-tauri/R05/RR2/FINAL-01/verify-r05/R05_SUITES/lib-kernel_toolcatalog__tests__disable_and_uninstall_change_callability_and_generation.log
9552d0fe3bdb843dc8d2dc72af576b5a96b35692bb1e9f6f57db2451e65bda50  ??  artifacts/rust-tauri/R05/RR2/FINAL-01/verify-r05/R05_SUITES/lib-kernel_toolcatalog__tests__same_name_two_sources_never_overwrites_and_name_only_is_ambiguous.log
ab0324a59ad3200125499cfbb5d41663aa61c666f835992d1ce28a3afd3c7b33  ??  artifacts/rust-tauri/R05/RR2/FINAL-01/verify-r05/R05_SUITES/lib-kernel_toolcatalog__tests__stale_catalog_generation_refuses_and_requires_refresh.log
2c22823bb5cbe999f5fe3a75e9c84e082e8762c65f466d823c75d8ad7624082c  ??  artifacts/rust-tauri/R05/RR2/FINAL-01/verify-r05/R05_SUITES/lib-kernel_toolcatalog__tests__update_cannot_change_the_target_identity.log
ce139e26ab280a05dabdb3f60dec6a4ded39201ee004b29b6befa441626262cd  ??  artifacts/rust-tauri/R05/RR2/FINAL-01/verify-r05/R05_SUITES/lib-service_credentials__store__tests__a_failed_write_keeps_the_previous_state_and_reports.log
d0995b169816bcdfff7cafb219a133315619fcf314d75b2fdb78f084fec1b6c4  ??  artifacts/rust-tauri/R05/RR2/FINAL-01/verify-r05/R05_SUITES/lib-service_credentials__store__tests__a_version_conflict_is_loud.log
5dc07d5ae8d79c94326b66c6430c17d2444f17c62bf14ffc54bbb73acd041c70  ??  artifacts/rust-tauri/R05/RR2/FINAL-01/verify-r05/R05_SUITES/lib-service_credentials__store__tests__missing_file_loads_empty_and_round_trips.log
5281fcf1e90e2f053ed6dd14b88ec5c98d6802746f04d102b5acdf49a4939aaf  ??  artifacts/rust-tauri/R05/RR2/FINAL-01/verify-r05/R05_SUITES/lib-service_credentials__store__tests__unknown_fields_survive_a_write.log
6f7dc77b167b8b6511d9252dceb72f2be4544ebaa5a46af70fdc1141a3071f72  ??  artifacts/rust-tauri/R05/RR2/FINAL-01/verify-r05/R05_SUITES/lib-service_credentials__tests__a_cancelled_waiter_does_not_disturb_the_flight.log
1987e77f635bdf6f3803d3481fc5f727c888b985a4bcf4f3ec78da5ee0279afa  ??  artifacts/rust-tauri/R05/RR2/FINAL-01/verify-r05/R05_SUITES/lib-service_credentials__tests__a_reload_replacing_the_cell_discards_the_late_writeback.log
a5b5bf60565e20602b451b44abe76caff57afd445235c009a96b9ad7e1b1c218  ??  artifacts/rust-tauri/R05/RR2/FINAL-01/verify-r05/R05_SUITES/lib-service_credentials__tests__a_rotated_credential_is_reused_without_a_second_refresh.log
3fe27a5a67dcb023e6bd1f48f8957aabb0aff588d41d2f598f6a0783858252fa  ??  artifacts/rust-tauri/R05/RR2/FINAL-01/verify-r05/R05_SUITES/lib-service_credentials__tests__an_expired_handle_is_refused.log
1fcc2a047086cc2f3f54e8c4d259259d7ddd7b61332503a44965d28cd814558f  ??  artifacts/rust-tauri/R05/RR2/FINAL-01/verify-r05/R05_SUITES/lib-service_credentials__tests__concurrent_401s_merge_into_one_refresh.log
561e78bb0b57745369b0713fb9f2f1203372c821a9e999a8b816100c057dc66f  ??  artifacts/rust-tauri/R05/RR2/FINAL-01/verify-r05/R05_SUITES/lib-service_credentials__tests__forged_handles_and_provider_references_are_refused.log
672011018192516616e6e31c9272b16b7860f8ea12a7b6986519eac0733d37eb  ??  artifacts/rust-tauri/R05/RR2/FINAL-01/verify-r05/R05_SUITES/lib-service_credentials__tests__handle_refusal_texts_carry_no_material.log
626ca23182536027d8e3966801be4e975de13c296362529161517116792a0f25  ??  artifacts/rust-tauri/R05/RR2/FINAL-01/verify-r05/R05_SUITES/lib-service_credentials__tests__resolve_refreshes_at_most_once_when_a_one_second_grant_dies_in_transit.log
444ac8e1e8735871005a9eb9f8fb6b8d7c7fa930fdbce6aaf27e551618e4f246  ??  artifacts/rust-tauri/R05/RR2/FINAL-01/verify-r05/R05_SUITES/lib-service_credentials__tests__resolve_refreshes_at_most_once_when_every_mint_is_already_expired.log
cd3353f7affe9ec5ffa517c072764f16973c49cf1cc27e0bb7c925657a585788  ??  artifacts/rust-tauri/R05/RR2/FINAL-01/verify-r05/R05_SUITES/lib-service_credentials__tests__revoke_fences_a_late_writeback.log
935e90bb6b25886037fc4a438749c0056fcf1f05f67f69c10d512edef8944493  ??  artifacts/rust-tauri/R05/RR2/FINAL-01/verify-r05/R05_SUITES/lib-service_redaction__tests__r05_provider_api_key_shapes_are_redacted.log
f86e907344acc3eef786bf8634de3e748095dcb83dc16a306c81ea13c45b5a60  ??  artifacts/rust-tauri/R05/RR2/FINAL-01/verify-r05/R05_SUITES/lib-service_redaction__tests__r05_secret_key_words_match_case_insensitively.log
138d719b73194e67bbef19c518608f8f5503ae0ab60f308534f6c01640897845  ??  artifacts/rust-tauri/R05/RR2/FINAL-01/verify-r05/R05_SUITES/lib-service_redaction__tests__r05_t02_base64_tokens_with_slash_and_padding_are_redacted.log
fdacb2c2401ccd0a276abc7ab945cad57ec307f08e24516bac9227e76031e6e5  ??  artifacts/rust-tauri/R05/RR2/FINAL-01/verify-r05/R05_SUITES/pin-table.txt
d7626394ceea62b92c13e97571be576b0c30db4fa3903b3d40cf92224c6df007  ??  artifacts/rust-tauri/R05/RR2/FINAL-01/verify-r05/R05_SUITES/r05-cases.json
9e2fc8f4d87f80898517018e710f2b9185d5eb813321e991b8b852423d447358  ??  artifacts/rust-tauri/R05/RR2/FINAL-01/verify-r05/R05_SUITES/required-cids.txt
ed3c921568423cc56c9af4e8b87188fe190fd62ae7a34938117fcfbe775bdf8d  ??  artifacts/rust-tauri/R05/RR2/FINAL-01/verify-r05/R05_SUITES/summary.txt
47c56265b21f6b1d1e1aee05088033eedb1d4ba756759ff6f8890f898e0f6393  ??  artifacts/rust-tauri/R05/RR2/FINAL-01/verify-r05/R05_SUITES/svc_r05_t01_binary_wiring.log
ea60a4b22b258b1f2c58d20f4ac2798b0de805550455f422a05fca681d1fc425  ??  artifacts/rust-tauri/R05/RR2/FINAL-01/verify-r05/R05_SUITES/svc_r05_t01_model_plane.log
bb33ba9d95909c76d7e717736e041000d6680688a15aa1b0ddde364ed7de4de8  ??  artifacts/rust-tauri/R05/RR2/FINAL-01/verify-r05/R05_SUITES/svc_r05_t02_credentials.log
3a8d97ff8144fbe072135c1d759ae95b19f091bc851c1e5bf321592e5f8822fa  ??  artifacts/rust-tauri/R05/RR2/FINAL-01/verify-r05/R05_SUITES/svc_r05_t03_protocol_adapters.log
5cec2ce25084f5b576d3cd167b54a379b49c8056fa1138377b1367bbff53a505  ??  artifacts/rust-tauri/R05/RR2/FINAL-01/verify-r05/R05_SUITES/svc_r05_t04_streaming.log
e8f8fe160cbe960559c1516003bc6e4e3218102af855154e077edb5424de8f55  ??  artifacts/rust-tauri/R05/RR2/FINAL-01/verify-r05/R05_SUITES/svc_r05_t05_network.log
cf854acfa8a0c7167a5a076ded5ef3eda8cb4fef2ec47132d4a620b361990177  ??  artifacts/rust-tauri/R05/RR2/FINAL-01/verify-r05/R05_SUITES/svc_r05_t05_timeouts.log
4e38d2a3869eca97f6390d5ecbda58f81cfce83efcde369031788772d94eac0e  ??  artifacts/rust-tauri/R05/RR2/FINAL-01/verify-r05/R05_SUITES/svc_r05_t06_operations.log
dd7f086e022ff1e62f3a6b517807f1d05a34324050bac71496ef23ac6a606e33  ??  artifacts/rust-tauri/R05/RR2/FINAL-01/verify-r05/R05_SUITES/svc_r05_t06_rr1_media_resource.log
bd1c1e2a72944feca60407a7091330514705aa4876523809e2c7e77b83d7826c  ??  artifacts/rust-tauri/R05/RR2/FINAL-01/verify-r05/R05_SUITES/svc_r05_t06_rr1_system_speech.log
bc21d97ccb272e74ae416e99b2cc2dd8116f0cf11307a2cd913625ed1215a1af  ??  artifacts/rust-tauri/R05/RR2/FINAL-01/verify-r05/R05_SUITES/svc_r05_t06_worker_model.log
1e28f6fd21eeb74e7d3cd6333a0df8a3075087b7fd2e561ad0191ed0dd27a7b1  ??  artifacts/rust-tauri/R05/RR2/FINAL-01/verify-r05/R05_SUITES/svc_r05_t07_persistence.log
8a20c0a18f2d6911376fbd394278d8c7f73d0bd2a797b1606141c6b052dd80cf  ??  artifacts/rust-tauri/R05/RR2/FINAL-01/verify-r05/R05_SUITES/svc_r05_t07_rr1_usage_ledger.log
6e805c0939390551e3cd7f4253aff7cce7f9b769def22ad19649a9683bd2a94f  ??  artifacts/rust-tauri/R05/RR2/FINAL-01/verify-r05/R05_SUITES/svc_r05_t07_usage_trace.log
f62deeac771b8156be81bdd75221ceee07d3998cae202fcadc374bcb99e9a8a4  ??  artifacts/rust-tauri/R05/RR2/FINAL-01/verify-r05/R05_SUITES/svc_r05_t08_closed_loop.log
7cdd440376cf77fedfd07881c77b293cfa6e3f583d98f6a07380dc5742db1b17  ??  artifacts/rust-tauri/R05/RR2/FINAL-01/verify-r05/R05_SUITES/svc_r05_t08_production_tools.log
27634af9089b63920dd4bab78a09b5b187819fa2aa386e3cb8e336829ea4faca  ??  artifacts/rust-tauri/R05/RR2/FINAL-01/verify-r05/R05_SUITES/svc_r05_t08_resources.log
e3b0c44298fc1c149afbf4c8996fb92427ae41e4649b934ca495991b7852b855  ??  artifacts/rust-tauri/R05/RR2/FINAL-01/verify-r05/r05_stage_suites/stderr.log
044b8f519ea1e70af837adae140403e9dbf2d5645e158d7a7faa4e6f087c26f8  ??  artifacts/rust-tauri/R05/RR2/FINAL-01/verify-r05/r05_stage_suites/stdout.log
7fdc4e631843f44871960008dcaf08b7e2cedc664846630dfa84eee26fbf5bb3  ??  artifacts/rust-tauri/R05/RR2/FINAL-01/verify-r05/rust_clippy/stderr.log
e3b0c44298fc1c149afbf4c8996fb92427ae41e4649b934ca495991b7852b855  ??  artifacts/rust-tauri/R05/RR2/FINAL-01/verify-r05/rust_clippy/stdout.log
e3b0c44298fc1c149afbf4c8996fb92427ae41e4649b934ca495991b7852b855  ??  artifacts/rust-tauri/R05/RR2/FINAL-01/verify-r05/rust_fmt/stderr.log
e3b0c44298fc1c149afbf4c8996fb92427ae41e4649b934ca495991b7852b855  ??  artifacts/rust-tauri/R05/RR2/FINAL-01/verify-r05/rust_fmt/stdout.log
f4ebacba91efdb59df16bf2dd02ecc1f060679accf4292f69d3fbcb7c8b13dab  ??  artifacts/rust-tauri/R05/RR2/FINAL-01/verify-r05/rust_test_workspace/stderr.log
d3afe917eb015549a80aa4e9095c0cff6365cd1653ff17ecb9e3b14b873d4893  ??  artifacts/rust-tauri/R05/RR2/FINAL-01/verify-r05/rust_test_workspace/stdout.log
bc57c9826d048b77a2fbb391809e1731ac8ce558fff6462459b07200159d7fed  ??  artifacts/rust-tauri/R05/RR2/FINAL-01/workspace/r00-retry-1.log
d409f0429dfdb3de637f9379ebec03e7a76f2c19be1ecfc933f85961feef4350  ??  artifacts/rust-tauri/R05/RR2/FINAL-01/workspace/workspace-exit.txt
490fdeab4177fe52f7b6a2e0c69031700bdd08da763b38e18a9d5e1dd243f25e  ??  artifacts/rust-tauri/R05/RR2/FINAL-01/workspace/workspace-test.log
e9d6de071aa6f08e56a7f27d8b200fe915a4e9468e81361d778660cb97bd954d  ??  artifacts/rust-tauri/R05/RR2/G-R2/I-MAPPING.md
55e701cd0015c05ac58e1fc5618c4f67f09603d8541d7f781bd1307b133e1147  ??  artifacts/rust-tauri/R05/RR2/G-R2/NEG-GATE-RR2.md
3c0c5753352219e8956f0e2b67f2ee38b626450e84e2f60bb9e3848dfb4186c2  ??  artifacts/rust-tauri/R05/RR2/G-R2/cross/f31/green-restored.log
df60fadbec9389fc36cf26ce8b7ff9d610cb8f110e6a0860bd0b2294a2be032d  ??  artifacts/rust-tauri/R05/RR2/G-R2/cross/f31/red.exit
9f77851c2a9c52163221e0e03e430644df275f38670b72bd8b997d400df7dd54  ??  artifacts/rust-tauri/R05/RR2/G-R2/cross/f31/red.log
d3caf6039d5f80679c2af798ec9159273e0b85e8d19a751b5b6f3b829beb6629  ??  artifacts/rust-tauri/R05/RR2/G-R2/cross/f34/green-restored.log
df60fadbec9389fc36cf26ce8b7ff9d610cb8f110e6a0860bd0b2294a2be032d  ??  artifacts/rust-tauri/R05/RR2/G-R2/cross/f34/red.exit
b8191b374f9e05502ee108dddc8f71837ec131e53bd9014c7219855acb6ca0d6  ??  artifacts/rust-tauri/R05/RR2/G-R2/cross/f34/red.log
160209fadc4128e221087aabf35e5bdbc6e2997f19a6fcf81a72dd73eb55c6e0  ??  artifacts/rust-tauri/R05/RR2/G-R2/cross/f41/gate-red-console.log
cf205dbb8cea84897b488abcc281bf96698d5e94b1096b16657b4caba9082a22  ??  artifacts/rust-tauri/R05/RR2/G-R2/cross/f41/gate-red.exit
07f173a121dd32b4c8aa659ebfe11ecbecbec0406aedcf2c8575ba9d5c99078f  ??  artifacts/rust-tauri/R05/RR2/G-R2/cross/f41/green-console.log
19eaf43821a7660ec323a87c8457bf74823beb296c39f5e01aa8a683aa50f061  ??  artifacts/rust-tauri/R05/RR2/G-R2/cross/f41/green-gate.exit
a853f524826897caac65f85883f6cdeabbc1f716ac22d29286c86b5e444ea6dd  ??  artifacts/rust-tauri/R05/RR2/G-R2/cross/f41/s0-registry-consistency.log
7a0b403a1b1434e34fa450dc3306cc2473c4a84fca6da3a352c89c5a5f7b301a  ??  artifacts/rust-tauri/R05/RR2/G-R2/cross/f41/s4eq-migrations.json
a9a1259e201dade4b71e0fe63eb2659818c943dd6c456f88421c37844d95f671  ??  artifacts/rust-tauri/R05/RR2/G-R2/cross/f41/s4eq-red.log
1ea49063ea1ae72838cff704ef8b703439900a21168b52de8d3762b6a35f8f5d  ??  artifacts/rust-tauri/R05/RR2/G-R2/cross/f41/svc.out
71a7235b5a54133cd6ae617c89bfec2bcc3f1170d608baa92dac629f6cc54375  ??  artifacts/rust-tauri/R05/RR2/G-R2/cross/f42/gate.exit
202061e934bf907c1203a808147794978f87d79ea44da5510143f10c17f75603  ??  artifacts/rust-tauri/R05/RR2/G-R2/cross/f42/illegal-rust-console.log
cf205dbb8cea84897b488abcc281bf96698d5e94b1096b16657b4caba9082a22  ??  artifacts/rust-tauri/R05/RR2/G-R2/cross/f42/illegal-rust.exit
65c7ed44021905bdcbeb522f1d0431eaeb39b0c0bbc3152193d4b5a52b0ad90e  ??  artifacts/rust-tauri/R05/RR2/G-R2/cross/f42/illegal-scripts-console.log
cf205dbb8cea84897b488abcc281bf96698d5e94b1096b16657b4caba9082a22  ??  artifacts/rust-tauri/R05/RR2/G-R2/cross/f42/illegal-scripts.exit
02ff4587127b830a2fd82cfa1110846f982d252fbf082797f901d7856dd8be56  ??  artifacts/rust-tauri/R05/RR2/G-R2/cross/f42/n1-green-gate-stdout.log
07ae094e22da68a3a1d75a63bc74fefb2b7ade734e0e227919a9f21b3b2c1327  ??  artifacts/rust-tauri/R05/RR2/G-R2/cross/f42/n1-red-gate-stderr.log
7abf77cb98fdcaba44cde4b9df5a84a6d7a1330abd0adfb5d42f53b4c6c75595  ??  artifacts/rust-tauri/R05/RR2/G-R2/cross/f42/n1-red-gate-stdout.log
aa8ab331647b01ab5d386ffd124b2599c898b42ecb3b2eca2821d6119ff11689  ??  artifacts/rust-tauri/R05/RR2/G-R2/cross/f42/n1-red-gate.exit
946739b76a5ecc4e769172864578073dabbbeb0b96b813a0f52f0bd09e795fb3  ??  artifacts/rust-tauri/R05/RR2/G-R2/cross/f44/blocks.txt
dc2f77cce74e39401553c703fad903d7f149c37ba7a1049e96dab053f22a54fa  ??  artifacts/rust-tauri/R05/RR2/G-R2/cross/f44/classifier-replay.txt
abf93cc044429eaa3f985b5edba252916760d6829ad1a8569d3ce360e20c32fd  ??  artifacts/rust-tauri/R05/RR2/G-R2/cross/f44/cross-f44-red.exit
020aafd70f5649be428e9ac511ea2f81748040e1a7ba2092a6b876da6b4cd3ee  ??  artifacts/rust-tauri/R05/RR2/G-R2/cross/f44/cross-f44-red.log
f57cc4c5c05da016ccc68bc603be4c0a9ec2974d0fb37fce7bfd7f943779b4b5  ??  artifacts/rust-tauri/R05/RR2/G-R2/cross/f44/cross-f44-restored.log
a06ecfc89094a7d6b7045c3ce35f3504530294ad5d55f23bb9d39cb6fdbdcfd2  ??  artifacts/rust-tauri/R05/RR2/G-R2/negative-ev/case-results.json
eeb6e8822d1b337be2dde16028545ca48586c635e25dcc885ae81c7fe6970ef9  ??  artifacts/rust-tauri/R05/RR2/G-R2/negative-ev/case-results.tsv
e3b0c44298fc1c149afbf4c8996fb92427ae41e4649b934ca495991b7852b855  ??  artifacts/rust-tauri/R05/RR2/G-R2/negative-ev/clone.log
9bb3d7df391d0d13e0dbb988ed6cf8e41057a27192eb33da7484495b003f9693  ??  artifacts/rust-tauri/R05/RR2/G-R2/negative-ev/console.log
9a271f2a916b0b6ee6cecb2426f0b3206ef074578be55d9bc94f6f3fe3ab86aa  ??  artifacts/rust-tauri/R05/RR2/G-R2/negative-ev/control-binwiring/exit-code.txt
5218d2b239332ff96219f6da92ce7d19323dbf1808dfc01ccc2111c3cd868652  ??  artifacts/rust-tauri/R05/RR2/G-R2/negative-ev/control-binwiring/test.stdout.log
9a271f2a916b0b6ee6cecb2426f0b3206ef074578be55d9bc94f6f3fe3ab86aa  ??  artifacts/rust-tauri/R05/RR2/G-R2/negative-ev/control-xtask/exit-code.txt
d10706985637587e829894f1422cd585c127b771a25eeefc70726c652abd22e7  ??  artifacts/rust-tauri/R05/RR2/G-R2/negative-ev/control-xtask/test.stdout.log
39b8dc3fc8b44765c8e6f1adee04c5b465e555ab791cc42d0d9e810d5b64297c  ??  artifacts/rust-tauri/R05/RR2/G-R2/negative-ev/n01-delete-a16/exit-code.txt
0f33ea2d46bd8aaadfc174f4bc3c8143ab0f9af854d172b541bf864e49ea8087  ??  artifacts/rust-tauri/R05/RR2/G-R2/negative-ev/n01-delete-a16/test.stdout.log
4355a46b19d348dc2f57c046f8ef63d4538ebb936000f3c9ee954a27460dd865  ??  artifacts/rust-tauri/R05/RR2/G-R2/negative-ev/n02-zero-match/exit-code.txt
9e5d7ec5a855efa1f1236109d879ec7af39b474327459367051ad704fd0d6458  ??  artifacts/rust-tauri/R05/RR2/G-R2/negative-ev/n02-zero-match/run.log
edf67d7242d17f9d349abef8734bb6387ca6a928cefc5e12cee0f9416d21cdd4  ??  artifacts/rust-tauri/R05/RR2/G-R2/negative-ev/n02-zero-match/suites/adp_r05_t02_oauth_flows.log
68f69597310c2926be1ea3da3878a0a29569fd4b0aae40d19059213c123a1dc1  ??  artifacts/rust-tauri/R05/RR2/G-R2/negative-ev/n02-zero-match/suites/adp_r05_t03_goldens.log
8a4426eac3162cb98911f23cee734168e0bab97fcc291206c3b8b2b8e60a0a15  ??  artifacts/rust-tauri/R05/RR2/G-R2/negative-ev/n02-zero-match/suites/adp_r05_t03_rr1_replay.log
87c439ae9ebc669346407202c8b3fd9f229bb17a54bbc178b96e23fffb413558  ??  artifacts/rust-tauri/R05/RR2/G-R2/negative-ev/n02-zero-match/suites/adp_r05_t04_rr1_batch_terminal.log
181aca7ab0fe35d3ad8a1aee37acfa7a004418c5c62a2cd41df9b84228bfd662  ??  artifacts/rust-tauri/R05/RR2/G-R2/negative-ev/n02-zero-match/suites/adp_r05_t04_streaming.log
8e968225a7f4e2d560c0177f2d420d04766a44509ae7c4b0058bf13456d5f6c2  ??  artifacts/rust-tauri/R05/RR2/G-R2/negative-ev/n02-zero-match/suites/adp_r05_t05_compat.log
8378a54ec3b0b8e1bcd3d774c6fd9c2f03b67db5b4f61148685dbdc73241cb7c  ??  artifacts/rust-tauri/R05/RR2/G-R2/negative-ev/n02-zero-match/suites/adp_r05_t05_timeouts.log
0e07d121342ad191541554b5df30484f9d6762d060ec96c1c696fcc4cd3d8519  ??  artifacts/rust-tauri/R05/RR2/G-R2/negative-ev/n02-zero-match/suites/adp_r05_t06_operations.log
2779d3908b14153719d743c6573db5eb69ffbe3ec6f958209828cd8fbaebdb61  ??  artifacts/rust-tauri/R05/RR2/G-R2/negative-ev/n02-zero-match/suites/adp_r05_t07_rr1_usage_strict.log
a579b264ae9f79107e1952ebcde9edbaacca03825b55c9708f5924940754c04f  ??  artifacts/rust-tauri/R05/RR2/G-R2/negative-ev/n02-zero-match/suites/adp_r05_t07_usage_families.log
56383c44a90bdcfdecec7071f188844b67378bb766c02630d4fb15e59396c542  ??  artifacts/rust-tauri/R05/RR2/G-R2/negative-ev/n02-zero-match/suites/build.log
4062628aa622dfb1c53e85bf6e1ac6f68e3d204182f79d99d24ec463f3e75ef0  ??  artifacts/rust-tauri/R05/RR2/G-R2/negative-ev/n02-zero-match/suites/cases.jsonl
26513ec766b3fd038977406a2e805e5bd434fdcac6b862ad49523be5c688998d  ??  artifacts/rust-tauri/R05/RR2/G-R2/negative-ev/n02-zero-match/suites/cid-gaps.txt
ffffbe56313a1d5e50e7b216499cd851b1efc988da811a57d4fe0b07cc0be556  ??  artifacts/rust-tauri/R05/RR2/G-R2/negative-ev/n02-zero-match/suites/cid-table.txt
6f96d55fac9fdb99128fa0e1c051f1e0d40c0a65a82608810fca4f3f28ceaeb7  ??  artifacts/rust-tauri/R05/RR2/G-R2/negative-ev/n02-zero-match/suites/gaps.txt
026dc8af0d8127c84f557189ec73666bfb6c1ca396853954b9f9367a07257795  ??  artifacts/rust-tauri/R05/RR2/G-R2/negative-ev/n02-zero-match/suites/lib-adapters_models__anthropic_messages__tests__cross_family_opaque_state_is_never_echoed.log
054d35f1392fe2b5c7dbf4af462a36f333460a148e4df45ab1ab20c8e326be89  ??  artifacts/rust-tauri/R05/RR2/G-R2/negative-ev/n02-zero-match/suites/lib-adapters_models__anthropic_messages__tests__thinking_and_signature_roundtrip_as_state_never_text.log
18c3aa73141ded7d0b69455d79c5e7a88c1362f8ea3a40da60e186e1c34123dd  ??  artifacts/rust-tauri/R05/RR2/G-R2/negative-ev/n02-zero-match/suites/lib-adapters_models__compat__tests__anthropic_marks_system_and_two_recent_user_messages.log
ade4522b2f092ed6bce096588a25ad68210fa78093f583eea68517c39664f954  ??  artifacts/rust-tauri/R05/RR2/G-R2/negative-ev/n02-zero-match/suites/lib-adapters_models__compat__tests__anthropic_max_effort_raises_the_implicit_one_third_cap.log
56194ec5f782a05c18904941ac54b85faaa1fdbb1337d6160d4fed7075870b6e  ??  artifacts/rust-tauri/R05/RR2/G-R2/negative-ev/n02-zero-match/suites/lib-adapters_models__compat__tests__codex_strips_budget_and_temperature_fields.log
d11cf96c0f347191a1d8514d00d54c376deb07022ba552dcfd6d7fe35e29181e  ??  artifacts/rust-tauri/R05/RR2/G-R2/negative-ev/n02-zero-match/suites/lib-adapters_models__compat__tests__dispatch_is_first_match_in_incumbent_order.log
9b27fa9d93e3c874c877dc6e924d86bc8fe2c0909d796a3af8a463682f590e5c  ??  artifacts/rust-tauri/R05/RR2/G-R2/negative-ev/n02-zero-match/suites/lib-adapters_models__compat__tests__ollama_bridges_response_format_and_num_ctx.log
1a412000d7b85653eee09949771edaa58c92f2908d5aa8d573168cc1474ad44a  ??  artifacts/rust-tauri/R05/RR2/G-R2/negative-ev/n02-zero-match/suites/lib-adapters_models__compat__tests__openrouter_adaptive_disable_is_a_loud_refusal.log
4bcb5fe4fa64eb589285ecd5dd050fb5d040e17d31a25c30c908245b3c1d5f66  ??  artifacts/rust-tauri/R05/RR2/G-R2/negative-ev/n02-zero-match/suites/lib-adapters_models__compat__tests__volcengine_disable_guard_passes_through_without_controls.log
a75e73d11371e544b9e52706c0f6fb92169dd161060d3d7d58e2a795a513acfa  ??  artifacts/rust-tauri/R05/RR2/G-R2/negative-ev/n02-zero-match/suites/lib-adapters_models__config__tests__credential_is_explicit_and_never_defaulted.log
03fc31d55f9b906eda0177a1103962b868a49c3a15db65c3dfeb4c93ced6bb50  ??  artifacts/rust-tauri/R05/RR2/G-R2/negative-ev/n02-zero-match/suites/lib-adapters_models__dispatch__tests__error_status_classification_matches_the_incumbent.log
d48a3b86e5ebc15f591a3a70704d2114e3b7f4bd3b8db4878a8343711f3a7e56  ??  artifacts/rust-tauri/R05/RR2/G-R2/negative-ev/n02-zero-match/suites/lib-adapters_models__egress__tests__guarded_ipv4_literals_refuse_outside_the_endpoint_exception.log
e81a099e3ed46acfddb31eaefdf4c3b0b6dfd4447c58291713c8696690a94f40  ??  artifacts/rust-tauri/R05/RR2/G-R2/negative-ev/n02-zero-match/suites/lib-adapters_models__egress__tests__https_public_passes_and_plain_http_is_same_origin_only.log
797278139be25ca597aa9e79b00802b9dca81b31677c10528013e7672588cc69  ??  artifacts/rust-tauri/R05/RR2/G-R2/negative-ev/n02-zero-match/suites/lib-adapters_models__egress__tests__ipv4_parsing_is_strict_and_default_ports_elide.log
60fe1269f04f26afa0ba11a24c9a390ffc3eaafb9da97764b569c140d25f202c  ??  artifacts/rust-tauri/R05/RR2/G-R2/negative-ev/n02-zero-match/suites/lib-adapters_models__egress__tests__scheme_userinfo_and_host_shapes_refuse.log
6ef0566dc6ac44804febf5b291a7cb397a4bbeda4dae44b060f2b74be6f95405  ??  artifacts/rust-tauri/R05/RR2/G-R2/negative-ev/n02-zero-match/suites/lib-adapters_models__egress__tests__the_endpoint_origin_exception_lets_the_loopback_stub_through.log
fe17b0aae628551978e81c5ead552d19504e3c911fdaaaaff3a263d84f030a52  ??  artifacts/rust-tauri/R05/RR2/G-R2/negative-ev/n02-zero-match/suites/lib-adapters_models__gateway__tests__a_family_outside_the_operations_matrix_is_loud.log
7f85118651e425f8475cc1411c594e373ec9ef792513352ad565825d6531dd3e  ??  artifacts/rust-tauri/R05/RR2/G-R2/negative-ev/n02-zero-match/suites/lib-adapters_models__gateway__tests__chat_and_auxiliary_routes_resolve_independently.log
43bc9a9522adbb176a351761fa33b32e8a529de8bd325a4db859870ba2a87bc6  ??  artifacts/rust-tauri/R05/RR2/G-R2/negative-ev/n02-zero-match/suites/lib-adapters_models__gateway__tests__reload_swaps_atomically_and_bumps_the_generation.log
5290f0c1ec014722c54c0d0230ba2b6e9990de25a622daea6fe952cbc5c0ea8c  ??  artifacts/rust-tauri/R05/RR2/G-R2/negative-ev/n02-zero-match/suites/lib-adapters_models__gateway__tests__the_pin_pair_rule_never_guesses_a_provider_from_a_model.log
407dfc3bc6169bb6ae8fe158bfe9f7bff837f3d6ac46625f43dd4bacbbe8985c  ??  artifacts/rust-tauri/R05/RR2/G-R2/negative-ev/n02-zero-match/suites/lib-adapters_models__gateway__tests__unconfigured_operations_are_loud_route_gaps.log
54a3b6f2d036036724dbb532fcdc31e5ad60bfb641bafa3bbd1ae7b1de2023b2  ??  artifacts/rust-tauri/R05/RR2/G-R2/negative-ev/n02-zero-match/suites/lib-adapters_models__google_generative_ai__tests__thoughts_signatures_and_function_calls_parse_in_order.log
2a862b553e59ba1eca91c5653054dbcbcde5c968bf66a5b1ab6676e4361b25b8  ??  artifacts/rust-tauri/R05/RR2/G-R2/negative-ev/n02-zero-match/suites/lib-adapters_models__openai_codex_responses__tests__codex_body_pins_store_stream_and_instructions.log
6e12dbc2cddde2d2aae4685000d95d0e7e18c336f945ac7e10634b1e6ec2964a  ??  artifacts/rust-tauri/R05/RR2/G-R2/negative-ev/n02-zero-match/suites/lib-adapters_models__openai_completions__tests__a_history_target_missing_from_the_snapshot_fails_loudly.log
a21b9cb0908dde18a97a2eb68fa4801a1936b8d3637ca23c71147680ac5d0efc  ??  artifacts/rust-tauri/R05/RR2/G-R2/negative-ev/n02-zero-match/suites/lib-adapters_models__openai_completions__tests__final_answer_identity_comes_from_the_driver_not_the_response.log
ec07efea1e46b0c6793d7b20f655544736847de69591e35cd3a6bb94970858ea  ??  artifacts/rust-tauri/R05/RR2/G-R2/negative-ev/n02-zero-match/suites/lib-adapters_models__openai_completions__tests__parses_tool_calls_with_usage_and_identity_from_the_driver.log
58f2e69a368678362d81c3ec3f5b37819f8730d2253102eed5c6e0afd8bc4e3e  ??  artifacts/rust-tauri/R05/RR2/G-R2/negative-ev/n02-zero-match/suites/lib-adapters_models__openai_completions__tests__unknown_wire_names_are_protocol_violations_never_guesses.log
229e2e93ae1bdd311b6fa032c28820b22d7d9fd550b7ae103416ad25e0abfe07  ??  artifacts/rust-tauri/R05/RR2/G-R2/negative-ev/n02-zero-match/suites/lib-adapters_models__openai_responses__tests__reasoning_items_roundtrip_verbatim_with_summary_as_reasoning.log
7b6bb4e9fc8da4c46feb6f32b2930b6f6f2da28e67e4dfa9fe5cd191e3aa7f7e  ??  artifacts/rust-tauri/R05/RR2/G-R2/negative-ev/n02-zero-match/suites/lib-adapters_models__openai_responses__tests__request_shape_instructions_tools_and_no_server_state.log
138fb70e2df4c8028d5e95de1bf7ff7d6eaa5b5750312176318eb2d6e147801a  ??  artifacts/rust-tauri/R05/RR2/G-R2/negative-ev/n02-zero-match/suites/lib-adapters_models__streaming__tests__a_leading_bom_is_stripped_once.log
0a1ddfa447fe7698efe45fde6c844de11b61fb393ab55dfc027f2165cdb73024  ??  artifacts/rust-tauri/R05/RR2/G-R2/negative-ev/n02-zero-match/suites/lib-adapters_models__streaming__tests__comments_and_id_and_retry_fields_are_ignored.log
68d0dd8b576cb1d0aaefff150e774d34c848e96d49e49eb877cf1c18c46e29ec  ??  artifacts/rust-tauri/R05/RR2/G-R2/negative-ev/n02-zero-match/suites/lib-adapters_models__streaming__tests__multi_line_data_joins_and_chunks_may_split_anywhere.log
016fc524588f70dd7fbd0bd35782ac5788d4870f1168cc3baa97687b989db750  ??  artifacts/rust-tauri/R05/RR2/G-R2/negative-ev/n02-zero-match/suites/lib-adapters_models__streaming__tests__simple_frames_dispatch_on_blank_lines.log
4a0d55fecce2b2503005020f72e7b4052b8ddfced23aaf149abe3f4a57551bd7  ??  artifacts/rust-tauri/R05/RR2/G-R2/negative-ev/n02-zero-match/suites/lib-adapters_models__streaming__tests__the_buffer_bound_is_loud_XYZ.log
91e8689ce0d07b61f2c5d6c7c2876d6980253d456e1afa8e96f45a59c78caa95  ??  artifacts/rust-tauri/R05/RR2/G-R2/negative-ev/n02-zero-match/suites/lib-adapters_models__streaming__tests__the_per_frame_bound_is_loud_across_lines_and_chunks.log
76abff1fe2cd7bbded5f83582f09d14849b562115abb488b737491b486b8ebba  ??  artifacts/rust-tauri/R05/RR2/G-R2/negative-ev/n02-zero-match/suites/lib-adapters_models__tool_render__tests__running_and_stop_unconfirmed_statuses_are_honest.log
446f4a6db769324037d0c5d06b8217024d48819ef92d9e8d2658b44a6e5ce386  ??  artifacts/rust-tauri/R05/RR2/G-R2/negative-ev/n02-zero-match/suites/lib-adapters_models__tool_render__tests__success_renders_resources_status_and_truncation_last.log
b83b4db5a6b2813ba8f195974b79f5064285df19ef474682e147e622129f3157  ??  artifacts/rust-tauri/R05/RR2/G-R2/negative-ev/n02-zero-match/suites/lib-adapters_models__tool_render__tests__the_four_base_states_keep_the_t01_vocabulary.log
749cf3cdfe523ae6fc0f1a9a9e4fae8882f2ee802e254341a0443b569e5d8dc0  ??  artifacts/rust-tauri/R05/RR2/G-R2/negative-ev/n02-zero-match/suites/lib-kernel_model_exchange__tests__empty_snapshot_is_generation_zero.log
77a4e28df058bfc4aa1d7ff3863dfb70d62ad4ce13db60cdcd8885d5dc960702  ??  artifacts/rust-tauri/R05/RR2/G-R2/negative-ev/n02-zero-match/suites/lib-kernel_model_exchange__tests__snapshot_declares_only_callable_resident_targets_at_the_pinned_generation.log
18df4551145d185fb333082747ee6a9d6b477ff16717ffd082640dd0044146ba  ??  artifacts/rust-tauri/R05/RR2/G-R2/negative-ev/n02-zero-match/suites/lib-kernel_model_exchange__tests__wire_name_collisions_resolve_deterministically_or_fail_loudly.log
d3a599cc8de46a41bb9e07b4d175eaa9128ccc93cbac494819e257f6406ecd6c  ??  artifacts/rust-tauri/R05/RR2/G-R2/negative-ev/n02-zero-match/suites/lib-kernel_model_exchange__tests__wire_name_sanitization_fits_the_strictest_protocol_face.log
4a49c22a25268227acca7b23e691b45a6e5f22c0290fd519180a740b14b5a308  ??  artifacts/rust-tauri/R05/RR2/G-R2/negative-ev/n02-zero-match/suites/lib-kernel_toolcatalog__tests__aliases_resolve_to_the_authoritative_identity_and_share_permissions.log
8ee362e37235c4b0d6f48725a0a865cd6c17122d63fe8aed2411546459842ae2  ??  artifacts/rust-tauri/R05/RR2/G-R2/negative-ev/n02-zero-match/suites/lib-kernel_toolcatalog__tests__disable_and_uninstall_change_callability_and_generation.log
c745a8bb5acfd2cf439e20989a2a73da7d20edd96f31403d8ce1e1534e4231bb  ??  artifacts/rust-tauri/R05/RR2/G-R2/negative-ev/n02-zero-match/suites/lib-kernel_toolcatalog__tests__same_name_two_sources_never_overwrites_and_name_only_is_ambiguous.log
fcd1e6208bf2a6a3840ccd88055d72839094513ba5a1a3752d21744d2e1cc000  ??  artifacts/rust-tauri/R05/RR2/G-R2/negative-ev/n02-zero-match/suites/lib-kernel_toolcatalog__tests__stale_catalog_generation_refuses_and_requires_refresh.log
680a03c4fd9df0fad2221928642e6ab1f5e7659b00f66ed2742790eb26b99814  ??  artifacts/rust-tauri/R05/RR2/G-R2/negative-ev/n02-zero-match/suites/lib-kernel_toolcatalog__tests__update_cannot_change_the_target_identity.log
5be9c7de51a1f61339cb2e4aebd02efabc1aec129301d7d8a0ad0359bf5e86fa  ??  artifacts/rust-tauri/R05/RR2/G-R2/negative-ev/n02-zero-match/suites/lib-service_credentials__store__tests__a_failed_write_keeps_the_previous_state_and_reports.log
ee3d62a8c6b3fce53d0a068af033a01989876f054110c6a946c5605816e0fd25  ??  artifacts/rust-tauri/R05/RR2/G-R2/negative-ev/n02-zero-match/suites/lib-service_credentials__store__tests__a_version_conflict_is_loud.log
5fd9de8243434bd62a53affb23ee872d11ad671ab58549b9c87b70c214186793  ??  artifacts/rust-tauri/R05/RR2/G-R2/negative-ev/n02-zero-match/suites/lib-service_credentials__store__tests__missing_file_loads_empty_and_round_trips.log
8f02ab75d3a75393fb5bd8beba4ee12a46e83db448211f247cb486ac927f9493  ??  artifacts/rust-tauri/R05/RR2/G-R2/negative-ev/n02-zero-match/suites/lib-service_credentials__store__tests__unknown_fields_survive_a_write.log
0036a5e28b764976c317d5b0ebd2a35c85330d4b601f9fc0492e986a79b72c64  ??  artifacts/rust-tauri/R05/RR2/G-R2/negative-ev/n02-zero-match/suites/lib-service_credentials__tests__a_cancelled_waiter_does_not_disturb_the_flight.log
b528ffe0e99257c9b869135b486f3452038377e6345f672e6c352743fa3cfed9  ??  artifacts/rust-tauri/R05/RR2/G-R2/negative-ev/n02-zero-match/suites/lib-service_credentials__tests__a_reload_replacing_the_cell_discards_the_late_writeback.log
cb695fa59ac16968fe81026b07c863e89e0fb1094d9ff0e44cd18983f240c9e3  ??  artifacts/rust-tauri/R05/RR2/G-R2/negative-ev/n02-zero-match/suites/lib-service_credentials__tests__a_rotated_credential_is_reused_without_a_second_refresh.log
f123d17d6c8ff7f7a2375f593504f353062ec1efd2676d4a27916539d08e0ed0  ??  artifacts/rust-tauri/R05/RR2/G-R2/negative-ev/n02-zero-match/suites/lib-service_credentials__tests__an_expired_handle_is_refused.log
51597631ea5a55de8aa43022724557703501572193c30b859ab9d823dd32acb3  ??  artifacts/rust-tauri/R05/RR2/G-R2/negative-ev/n02-zero-match/suites/lib-service_credentials__tests__concurrent_401s_merge_into_one_refresh.log
48caa0d3d66bbd4f1049e5c43f219a73a3aa3f6a6fb416c524decfce533c0e87  ??  artifacts/rust-tauri/R05/RR2/G-R2/negative-ev/n02-zero-match/suites/lib-service_credentials__tests__forged_handles_and_provider_references_are_refused.log
f232df3db4837a31f47a34c90366ca0a9e841623ef6670dc794a9a17f27d9225  ??  artifacts/rust-tauri/R05/RR2/G-R2/negative-ev/n02-zero-match/suites/lib-service_credentials__tests__handle_refusal_texts_carry_no_material.log
8d7cd9867f7893ad335a58115656f26da60b0b727306a06199ee5c75ad842efb  ??  artifacts/rust-tauri/R05/RR2/G-R2/negative-ev/n02-zero-match/suites/lib-service_credentials__tests__resolve_refreshes_at_most_once_when_a_one_second_grant_dies_in_transit.log
a649c29f7d03189b4e1ef1986c7a07149c9b38a30e225ab36a9870981b1f967a  ??  artifacts/rust-tauri/R05/RR2/G-R2/negative-ev/n02-zero-match/suites/lib-service_credentials__tests__resolve_refreshes_at_most_once_when_every_mint_is_already_expired.log
38ac7dca9e4ad99a04435363b2345307e6c200cd865f31a6c7fe9162fa0ddce7  ??  artifacts/rust-tauri/R05/RR2/G-R2/negative-ev/n02-zero-match/suites/lib-service_credentials__tests__revoke_fences_a_late_writeback.log
ec6fe77a9015d51e39b2e7e715a7e4548d2de37c680e1e112a461d9b99d7da88  ??  artifacts/rust-tauri/R05/RR2/G-R2/negative-ev/n02-zero-match/suites/lib-service_redaction__tests__r05_provider_api_key_shapes_are_redacted.log
ba037211184570d37394d26880e525eb5a608e4a9b987cd2c6c2a075860592df  ??  artifacts/rust-tauri/R05/RR2/G-R2/negative-ev/n02-zero-match/suites/lib-service_redaction__tests__r05_secret_key_words_match_case_insensitively.log
27683673939846d2ebaaa2ff5787a1b87abdec27aad1acc504bf2d019dfba0b6  ??  artifacts/rust-tauri/R05/RR2/G-R2/negative-ev/n02-zero-match/suites/lib-service_redaction__tests__r05_t02_base64_tokens_with_slash_and_padding_are_redacted.log
d4f4661ee547fcc675197c79b80a791d4adb9d7994dda5d90476147df44e39f8  ??  artifacts/rust-tauri/R05/RR2/G-R2/negative-ev/n02-zero-match/suites/pin-table.txt
9d861b7ef67fc777f66612917efb97b0126831708d7f390b8bd8fd47ec6cab8f  ??  artifacts/rust-tauri/R05/RR2/G-R2/negative-ev/n02-zero-match/suites/r05-cases.json
9e2fc8f4d87f80898517018e710f2b9185d5eb813321e991b8b852423d447358  ??  artifacts/rust-tauri/R05/RR2/G-R2/negative-ev/n02-zero-match/suites/required-cids.txt
c5effcded479f3073c3adc0408858b237d6c80f497c7e491dda8a939ab67f8ef  ??  artifacts/rust-tauri/R05/RR2/G-R2/negative-ev/n02-zero-match/suites/summary.txt
b71856b7046fc63005d4de9c68ba63f2afd2c9253f7c5ec8d9aa5f6ef0a14488  ??  artifacts/rust-tauri/R05/RR2/G-R2/negative-ev/n02-zero-match/suites/svc_r05_t01_binary_wiring.log
85b6e5c0297b7f265faea0f3797d772dbdcd5da2d174fb31bafc7c750a6657fd  ??  artifacts/rust-tauri/R05/RR2/G-R2/negative-ev/n02-zero-match/suites/svc_r05_t01_model_plane.log
3f65a71760e4fe2a64ce8e50a862f0dd7a95eafd356057ff6f11580543308222  ??  artifacts/rust-tauri/R05/RR2/G-R2/negative-ev/n02-zero-match/suites/svc_r05_t02_credentials.log
4c0f682a1efc7dafe0a6c429a28ffd8522da000f117093a5ad606ee161b4fa27  ??  artifacts/rust-tauri/R05/RR2/G-R2/negative-ev/n02-zero-match/suites/svc_r05_t03_protocol_adapters.log
f4a00fcd2bfa445abc5da21872775cae0caba218a57167c03ff1556a960b010c  ??  artifacts/rust-tauri/R05/RR2/G-R2/negative-ev/n02-zero-match/suites/svc_r05_t04_streaming.log
e67fd96b9153d96057509da02de05d7ccdcda037b22ab64214940b27546ac32b  ??  artifacts/rust-tauri/R05/RR2/G-R2/negative-ev/n02-zero-match/suites/svc_r05_t05_network.log
441e44af1564b61202b118e52d3e03f1b67525c0344e1e0cfc4eb01d07fb9e24  ??  artifacts/rust-tauri/R05/RR2/G-R2/negative-ev/n02-zero-match/suites/svc_r05_t05_timeouts.log
8647762f14bce8b1398654ec3d842761f5e0bfac54225dd3d212ad6b3de6c119  ??  artifacts/rust-tauri/R05/RR2/G-R2/negative-ev/n02-zero-match/suites/svc_r05_t06_operations.log
9a9096f3fc2c3b7b03de6291d87315a5475c368830bc0c400f1ed9bca7603e92  ??  artifacts/rust-tauri/R05/RR2/G-R2/negative-ev/n02-zero-match/suites/svc_r05_t06_rr1_media_resource.log
14cf71d62232ff58e0fa1b4f44edce4bc63a400d6ebe49e819c0793051309bd8  ??  artifacts/rust-tauri/R05/RR2/G-R2/negative-ev/n02-zero-match/suites/svc_r05_t06_rr1_system_speech.log
4084f8f879b4002c67b72a74f3aca85317d1e363f162e37c1f708435228aef52  ??  artifacts/rust-tauri/R05/RR2/G-R2/negative-ev/n02-zero-match/suites/svc_r05_t06_worker_model.log
6f793679d1e49a3b04c677cecbbff247dfc5d3414a8f35370e7778fc1311c65f  ??  artifacts/rust-tauri/R05/RR2/G-R2/negative-ev/n02-zero-match/suites/svc_r05_t07_persistence.log
7f18601530d74ec02c3c294aa4ba8dd17819cf27db6a65bea2787734fec0848f  ??  artifacts/rust-tauri/R05/RR2/G-R2/negative-ev/n02-zero-match/suites/svc_r05_t07_rr1_usage_ledger.log
29cd215e3a89673f4c0a754bf8a312975366d188faa56ce1a90f7ca0509048c0  ??  artifacts/rust-tauri/R05/RR2/G-R2/negative-ev/n02-zero-match/suites/svc_r05_t07_usage_trace.log
b91df8bfdc2c91449123f6f29d937d3720fa6b22c5217a0a449b95cfb54b2233  ??  artifacts/rust-tauri/R05/RR2/G-R2/negative-ev/n02-zero-match/suites/svc_r05_t08_closed_loop.log
ce388087d2c85dfcaa5e0dd914e3dbc28a7e971935c4cf78c372300b30d08fdc  ??  artifacts/rust-tauri/R05/RR2/G-R2/negative-ev/n02-zero-match/suites/svc_r05_t08_production_tools.log
6e7f4a4566adb8fcf9f268c25c06a7c1937049e4ed7de16328a2b2597fc35d6b  ??  artifacts/rust-tauri/R05/RR2/G-R2/negative-ev/n02-zero-match/suites/svc_r05_t08_resources.log
39b8dc3fc8b44765c8e6f1adee04c5b465e555ab791cc42d0d9e810d5b64297c  ??  artifacts/rust-tauri/R05/RR2/G-R2/negative-ev/n03-tamper-pin-count/exit-code.txt
b53a8ab4a9cce762904a06f0fd4545e493889cd358dae2a987d8fe4db73279a9  ??  artifacts/rust-tauri/R05/RR2/G-R2/negative-ev/n03-tamper-pin-count/test.stdout.log
4355a46b19d348dc2f57c046f8ef63d4538ebb936000f3c9ee954a27460dd865  ??  artifacts/rust-tauri/R05/RR2/G-R2/negative-ev/n04-swallowed-exit/exit-code.txt
aed968942a9c8d249395ecbf5f7261b0a7ca5373f7318d128ea7664ebf5a5c7d  ??  artifacts/rust-tauri/R05/RR2/G-R2/negative-ev/n04-swallowed-exit/run.log
ca8a048bdf931ced646690b33de78c4a45bf184eb0901d0e6d323bf6e1414d26  ??  artifacts/rust-tauri/R05/RR2/G-R2/negative-ev/n04-swallowed-exit/suites/adp_r05_t02_oauth_flows.log
4114dabe2cdcdbbe67bbc195cbae5e8fa35701938ba85062866d1ed50507ba72  ??  artifacts/rust-tauri/R05/RR2/G-R2/negative-ev/n04-swallowed-exit/suites/adp_r05_t03_goldens.log
8ff297862d456fcd09e20bfb15ed897f5f25b275afbec606e6aef63d032bbcbe  ??  artifacts/rust-tauri/R05/RR2/G-R2/negative-ev/n04-swallowed-exit/suites/adp_r05_t03_rr1_replay.log
328cd10b7dcb2cec902fec0f18ce450a3c52231d5869e4a008875f7458e9d90f  ??  artifacts/rust-tauri/R05/RR2/G-R2/negative-ev/n04-swallowed-exit/suites/adp_r05_t04_rr1_batch_terminal.log
589a307811f0104c9b43c75d82c15c8dc1c48352e9fece4640f08a4326e50846  ??  artifacts/rust-tauri/R05/RR2/G-R2/negative-ev/n04-swallowed-exit/suites/adp_r05_t04_streaming.log
bf958eca58d978b359343373b9a039a99fb6766572e9aac76a6095ade4b5f90a  ??  artifacts/rust-tauri/R05/RR2/G-R2/negative-ev/n04-swallowed-exit/suites/adp_r05_t05_compat.log
c7a280731a572fdf15638612d4186d9f563e770dd8e029922d716f749a262d69  ??  artifacts/rust-tauri/R05/RR2/G-R2/negative-ev/n04-swallowed-exit/suites/adp_r05_t05_timeouts.log
642335f7a0ca4dd95a7bd560c7670fb443d2a06ac2203961808e1936a2764780  ??  artifacts/rust-tauri/R05/RR2/G-R2/negative-ev/n04-swallowed-exit/suites/adp_r05_t06_operations.log
9aa8c5f7b9975d2c4dc7a8be355870f34b5dc244233f62fa1c40b336708b55d6  ??  artifacts/rust-tauri/R05/RR2/G-R2/negative-ev/n04-swallowed-exit/suites/adp_r05_t07_rr1_usage_strict.log
610bf3204f74bfc3e02a925943fc9044884346963649c6024d1487c0f3ec8b6e  ??  artifacts/rust-tauri/R05/RR2/G-R2/negative-ev/n04-swallowed-exit/suites/adp_r05_t07_usage_families.log
af3446c4ca821e98c0fbfa854d75429ff6137428ed1dc285525543669bc4c645  ??  artifacts/rust-tauri/R05/RR2/G-R2/negative-ev/n04-swallowed-exit/suites/build.log
077c75a13635d16202512fd0f82714bd9364134b562ee62b86a0b46a44bfee97  ??  artifacts/rust-tauri/R05/RR2/G-R2/negative-ev/n04-swallowed-exit/suites/cases.jsonl
696a5ad50c299e744f5f80d6e05d3a88ac5b9b1373ae0a10c37ea1946e9d6e1e  ??  artifacts/rust-tauri/R05/RR2/G-R2/negative-ev/n04-swallowed-exit/suites/cid-gaps.txt
ffffbe56313a1d5e50e7b216499cd851b1efc988da811a57d4fe0b07cc0be556  ??  artifacts/rust-tauri/R05/RR2/G-R2/negative-ev/n04-swallowed-exit/suites/cid-table.txt
cd511ae89b302077f2da1e24232dd32e7b900d547c21e729e4bce78ea25bfee0  ??  artifacts/rust-tauri/R05/RR2/G-R2/negative-ev/n04-swallowed-exit/suites/gaps.txt
c3c39b4d46969a6fdba3926815cf896617e0255f04176e15935660bcf43aad49  ??  artifacts/rust-tauri/R05/RR2/G-R2/negative-ev/n04-swallowed-exit/suites/lib-adapters_models__anthropic_messages__tests__cross_family_opaque_state_is_never_echoed.log
fab92026e83e4d5f909df32ffda3a52dcf247e0dcdbc8baae40f920bec1e4882  ??  artifacts/rust-tauri/R05/RR2/G-R2/negative-ev/n04-swallowed-exit/suites/lib-adapters_models__anthropic_messages__tests__thinking_and_signature_roundtrip_as_state_never_text.log
6507c30b3a1eddee2f7b01319886aec9dbc0c1751e9de00d45fa58cd6a7b2bb4  ??  artifacts/rust-tauri/R05/RR2/G-R2/negative-ev/n04-swallowed-exit/suites/lib-adapters_models__compat__tests__anthropic_marks_system_and_two_recent_user_messages.log
a72fd3e4d3ffe4cb2937b58b5a73a3ec56d98024c6eae014984b4d97660d27ca  ??  artifacts/rust-tauri/R05/RR2/G-R2/negative-ev/n04-swallowed-exit/suites/lib-adapters_models__compat__tests__anthropic_max_effort_raises_the_implicit_one_third_cap.log
2a70efefe5e084a11962ec8d71df1c3770cf0e91a4ee532eda89e22129f592f0  ??  artifacts/rust-tauri/R05/RR2/G-R2/negative-ev/n04-swallowed-exit/suites/lib-adapters_models__compat__tests__codex_strips_budget_and_temperature_fields.log
4027b1e3837a599ea2fbbded987b8fc7b4f3b1891d25787fc0be04ec759e7cb8  ??  artifacts/rust-tauri/R05/RR2/G-R2/negative-ev/n04-swallowed-exit/suites/lib-adapters_models__compat__tests__dispatch_is_first_match_in_incumbent_order.log
f52b6e7b6c2fbb74c773259e56e0e47a9e3be9be15eaa4644b6146cf0c5066cb  ??  artifacts/rust-tauri/R05/RR2/G-R2/negative-ev/n04-swallowed-exit/suites/lib-adapters_models__compat__tests__ollama_bridges_response_format_and_num_ctx.log
93e72dbb06b53f27a02c932b1a980cb34ced93c90c551e4a089facefb1f4a292  ??  artifacts/rust-tauri/R05/RR2/G-R2/negative-ev/n04-swallowed-exit/suites/lib-adapters_models__compat__tests__openrouter_adaptive_disable_is_a_loud_refusal.log
51efa3f3c86f16f0c6d5531a48c2a0731cdec6aaa8ea7df99fff45d66d31207e  ??  artifacts/rust-tauri/R05/RR2/G-R2/negative-ev/n04-swallowed-exit/suites/lib-adapters_models__compat__tests__volcengine_disable_guard_passes_through_without_controls.log
b7de78e0c4a2326516b9e6de6ac3f57c0549846d872848ab908a72c139159031  ??  artifacts/rust-tauri/R05/RR2/G-R2/negative-ev/n04-swallowed-exit/suites/lib-adapters_models__config__tests__credential_is_explicit_and_never_defaulted.log
f1f13ed722ccd858498ebbbc3fa93191a07451650d72d49bd389de116a18fe75  ??  artifacts/rust-tauri/R05/RR2/G-R2/negative-ev/n04-swallowed-exit/suites/lib-adapters_models__dispatch__tests__error_status_classification_matches_the_incumbent.log
6720427fc67320d91f85a5db330dc7869ad0b1d7a6639d21254ae0ebccf91f8a  ??  artifacts/rust-tauri/R05/RR2/G-R2/negative-ev/n04-swallowed-exit/suites/lib-adapters_models__egress__tests__guarded_ipv4_literals_refuse_outside_the_endpoint_exception.log
28fcd13e9eb44e82701165dfc261b52217b4531f8e4185ed80cd34809a6503d2  ??  artifacts/rust-tauri/R05/RR2/G-R2/negative-ev/n04-swallowed-exit/suites/lib-adapters_models__egress__tests__https_public_passes_and_plain_http_is_same_origin_only.log
16cda927e38911e1ef53e179059a30b44151c107d266022af092c775f7ba154d  ??  artifacts/rust-tauri/R05/RR2/G-R2/negative-ev/n04-swallowed-exit/suites/lib-adapters_models__egress__tests__ipv4_parsing_is_strict_and_default_ports_elide.log
d83b1fe7ba850a1191547787226e63b67fe5f3cb2640c2a580c8bddac1d682e4  ??  artifacts/rust-tauri/R05/RR2/G-R2/negative-ev/n04-swallowed-exit/suites/lib-adapters_models__egress__tests__scheme_userinfo_and_host_shapes_refuse.log
020129611f5893cb97f5c019a23f581a6be03fb99430b5f22b69b8473714597f  ??  artifacts/rust-tauri/R05/RR2/G-R2/negative-ev/n04-swallowed-exit/suites/lib-adapters_models__egress__tests__the_endpoint_origin_exception_lets_the_loopback_stub_through.log
79bfcfc20b52f0ef0b473c4991882608dc853c3a4bcbdcfa3253c2a50dc86a6f  ??  artifacts/rust-tauri/R05/RR2/G-R2/negative-ev/n04-swallowed-exit/suites/lib-adapters_models__gateway__tests__a_family_outside_the_operations_matrix_is_loud.log
f5eb656a511bb34f72e5e7e193ed1f6aef4037002fd54693138dbcdf9b5f0328  ??  artifacts/rust-tauri/R05/RR2/G-R2/negative-ev/n04-swallowed-exit/suites/lib-adapters_models__gateway__tests__chat_and_auxiliary_routes_resolve_independently.log
ae01f7c6c3b09f3f3ccdb0d1c127f429aae15190a458384bafc0b7002a7b9e14  ??  artifacts/rust-tauri/R05/RR2/G-R2/negative-ev/n04-swallowed-exit/suites/lib-adapters_models__gateway__tests__reload_swaps_atomically_and_bumps_the_generation.log
ca25aac46e5bb4e899daf1c427710b0b78460e6970a38add0ffb74405a29d325  ??  artifacts/rust-tauri/R05/RR2/G-R2/negative-ev/n04-swallowed-exit/suites/lib-adapters_models__gateway__tests__the_pin_pair_rule_never_guesses_a_provider_from_a_model.log
7c59d936d3eee4eb1dad792aa360a08c911d2f8cefff3bb5d66a47327dba81e5  ??  artifacts/rust-tauri/R05/RR2/G-R2/negative-ev/n04-swallowed-exit/suites/lib-adapters_models__gateway__tests__unconfigured_operations_are_loud_route_gaps.log
e3cf02b132788583194b6d34224f37b8e87ac67986b7e81ad7fbe8bf82ed290f  ??  artifacts/rust-tauri/R05/RR2/G-R2/negative-ev/n04-swallowed-exit/suites/lib-adapters_models__google_generative_ai__tests__thoughts_signatures_and_function_calls_parse_in_order.log
6cd82a339c089cf0b2c12ca48f6fb169a5bdaa97789bf8bca13a1f59d8e67634  ??  artifacts/rust-tauri/R05/RR2/G-R2/negative-ev/n04-swallowed-exit/suites/lib-adapters_models__openai_codex_responses__tests__codex_body_pins_store_stream_and_instructions.log
872ef4e3ce909aa7c8fb7a833866f3a483288493eaaac2b89cacba3352054465  ??  artifacts/rust-tauri/R05/RR2/G-R2/negative-ev/n04-swallowed-exit/suites/lib-adapters_models__openai_completions__tests__a_history_target_missing_from_the_snapshot_fails_loudly.log
4d2aff85d738d9eb0ab81eebbde266146da44eb1cfb9572c9e33bb100c4c7117  ??  artifacts/rust-tauri/R05/RR2/G-R2/negative-ev/n04-swallowed-exit/suites/lib-adapters_models__openai_completions__tests__final_answer_identity_comes_from_the_driver_not_the_response.log
c21a8ae943fb473bb9a588d8f92085f11dbf05c30aafee82cd261e66797c64ea  ??  artifacts/rust-tauri/R05/RR2/G-R2/negative-ev/n04-swallowed-exit/suites/lib-adapters_models__openai_completions__tests__parses_tool_calls_with_usage_and_identity_from_the_driver.log
8d6dcc9c022f103e196601c4e2c0266a21f208525ae43b162d5a7bc41063e724  ??  artifacts/rust-tauri/R05/RR2/G-R2/negative-ev/n04-swallowed-exit/suites/lib-adapters_models__openai_completions__tests__unknown_wire_names_are_protocol_violations_never_guesses.log
2de01b14e78043922babbcf22ff972aee560f192df68ba281e0e6b9646eee57a  ??  artifacts/rust-tauri/R05/RR2/G-R2/negative-ev/n04-swallowed-exit/suites/lib-adapters_models__openai_responses__tests__reasoning_items_roundtrip_verbatim_with_summary_as_reasoning.log
e2c3619713cef8d84791b444e50166d8135c2cb5d6701e30e79af86be8609c2d  ??  artifacts/rust-tauri/R05/RR2/G-R2/negative-ev/n04-swallowed-exit/suites/lib-adapters_models__openai_responses__tests__request_shape_instructions_tools_and_no_server_state.log
e4437c143d7b26331dfafedd10c9adedde76d64c1bc4be946267d785393fe29b  ??  artifacts/rust-tauri/R05/RR2/G-R2/negative-ev/n04-swallowed-exit/suites/lib-adapters_models__streaming__tests__a_leading_bom_is_stripped_once.log
9a5759b6f374f25025884fa41a40ad9a646314447387b2d3d126904fca75183f  ??  artifacts/rust-tauri/R05/RR2/G-R2/negative-ev/n04-swallowed-exit/suites/lib-adapters_models__streaming__tests__comments_and_id_and_retry_fields_are_ignored.log
13ea702e80d6ee4d2da1bd7108755bf83f4b1a8bf07449704a3b312d599be0a4  ??  artifacts/rust-tauri/R05/RR2/G-R2/negative-ev/n04-swallowed-exit/suites/lib-adapters_models__streaming__tests__multi_line_data_joins_and_chunks_may_split_anywhere.log
a7fe814dfc0a468b89826220855a5b09aca511b4c379f9810dfaeb5d142e4d21  ??  artifacts/rust-tauri/R05/RR2/G-R2/negative-ev/n04-swallowed-exit/suites/lib-adapters_models__streaming__tests__simple_frames_dispatch_on_blank_lines.log
c3587af810db7052e3a2584be294d74754ee4f8bb873180082f7b5306dc0d08f  ??  artifacts/rust-tauri/R05/RR2/G-R2/negative-ev/n04-swallowed-exit/suites/lib-adapters_models__streaming__tests__the_buffer_bound_is_loud.log
9e590aea3dc3e28a3384f547df7124f817d76e37b8543ce45293a277725089b1  ??  artifacts/rust-tauri/R05/RR2/G-R2/negative-ev/n04-swallowed-exit/suites/lib-adapters_models__streaming__tests__the_per_frame_bound_is_loud_across_lines_and_chunks.log
2bab2faab2fa31ee646b28d526a7c4014cfa148242e726f9d3d77dad128e9607  ??  artifacts/rust-tauri/R05/RR2/G-R2/negative-ev/n04-swallowed-exit/suites/lib-adapters_models__tool_render__tests__running_and_stop_unconfirmed_statuses_are_honest.log
3fb83f2608288215e961128e84d49430b7c052b1ea9d8a53ae714fc134e0296f  ??  artifacts/rust-tauri/R05/RR2/G-R2/negative-ev/n04-swallowed-exit/suites/lib-adapters_models__tool_render__tests__success_renders_resources_status_and_truncation_last.log
50c9821533dbf16ca3c7104d88d48a82d946a04b565ec276853c6c1ff5a9951b  ??  artifacts/rust-tauri/R05/RR2/G-R2/negative-ev/n04-swallowed-exit/suites/lib-adapters_models__tool_render__tests__the_four_base_states_keep_the_t01_vocabulary.log
7e2b81d5524c8fb10dfeb1996335e40ae510581581291baf25fbf1731d8103a6  ??  artifacts/rust-tauri/R05/RR2/G-R2/negative-ev/n04-swallowed-exit/suites/lib-kernel_model_exchange__tests__empty_snapshot_is_generation_zero.log
77a4e28df058bfc4aa1d7ff3863dfb70d62ad4ce13db60cdcd8885d5dc960702  ??  artifacts/rust-tauri/R05/RR2/G-R2/negative-ev/n04-swallowed-exit/suites/lib-kernel_model_exchange__tests__snapshot_declares_only_callable_resident_targets_at_the_pinned_generation.log
abc979405e743b3aebddf07db193ca0002a2d7814d06b83197d9fd8047726b42  ??  artifacts/rust-tauri/R05/RR2/G-R2/negative-ev/n04-swallowed-exit/suites/lib-kernel_model_exchange__tests__wire_name_collisions_resolve_deterministically_or_fail_loudly.log
069c726e50909916cc07b14b1ecbb855b693d9a0e0a5077f6bf24f7f299c083d  ??  artifacts/rust-tauri/R05/RR2/G-R2/negative-ev/n04-swallowed-exit/suites/lib-kernel_model_exchange__tests__wire_name_sanitization_fits_the_strictest_protocol_face.log
4a49c22a25268227acca7b23e691b45a6e5f22c0290fd519180a740b14b5a308  ??  artifacts/rust-tauri/R05/RR2/G-R2/negative-ev/n04-swallowed-exit/suites/lib-kernel_toolcatalog__tests__aliases_resolve_to_the_authoritative_identity_and_share_permissions.log
8ee362e37235c4b0d6f48725a0a865cd6c17122d63fe8aed2411546459842ae2  ??  artifacts/rust-tauri/R05/RR2/G-R2/negative-ev/n04-swallowed-exit/suites/lib-kernel_toolcatalog__tests__disable_and_uninstall_change_callability_and_generation.log
c745a8bb5acfd2cf439e20989a2a73da7d20edd96f31403d8ce1e1534e4231bb  ??  artifacts/rust-tauri/R05/RR2/G-R2/negative-ev/n04-swallowed-exit/suites/lib-kernel_toolcatalog__tests__same_name_two_sources_never_overwrites_and_name_only_is_ambiguous.log
fcd1e6208bf2a6a3840ccd88055d72839094513ba5a1a3752d21744d2e1cc000  ??  artifacts/rust-tauri/R05/RR2/G-R2/negative-ev/n04-swallowed-exit/suites/lib-kernel_toolcatalog__tests__stale_catalog_generation_refuses_and_requires_refresh.log
680a03c4fd9df0fad2221928642e6ab1f5e7659b00f66ed2742790eb26b99814  ??  artifacts/rust-tauri/R05/RR2/G-R2/negative-ev/n04-swallowed-exit/suites/lib-kernel_toolcatalog__tests__update_cannot_change_the_target_identity.log
83c8450a86d86046070002d0305cd6d6849f685ab0baa7d1cf7af62e3008d144  ??  artifacts/rust-tauri/R05/RR2/G-R2/negative-ev/n04-swallowed-exit/suites/lib-service_credentials__store__tests__a_failed_write_keeps_the_previous_state_and_reports.log
4d6805a45cde70632d7cfd1f83aebc913b9bc42d5ce228ad27665e61184c2fdf  ??  artifacts/rust-tauri/R05/RR2/G-R2/negative-ev/n04-swallowed-exit/suites/lib-service_credentials__store__tests__a_version_conflict_is_loud.log
5fd9de8243434bd62a53affb23ee872d11ad671ab58549b9c87b70c214186793  ??  artifacts/rust-tauri/R05/RR2/G-R2/negative-ev/n04-swallowed-exit/suites/lib-service_credentials__store__tests__missing_file_loads_empty_and_round_trips.log
8f02ab75d3a75393fb5bd8beba4ee12a46e83db448211f247cb486ac927f9493  ??  artifacts/rust-tauri/R05/RR2/G-R2/negative-ev/n04-swallowed-exit/suites/lib-service_credentials__store__tests__unknown_fields_survive_a_write.log
0036a5e28b764976c317d5b0ebd2a35c85330d4b601f9fc0492e986a79b72c64  ??  artifacts/rust-tauri/R05/RR2/G-R2/negative-ev/n04-swallowed-exit/suites/lib-service_credentials__tests__a_cancelled_waiter_does_not_disturb_the_flight.log
b528ffe0e99257c9b869135b486f3452038377e6345f672e6c352743fa3cfed9  ??  artifacts/rust-tauri/R05/RR2/G-R2/negative-ev/n04-swallowed-exit/suites/lib-service_credentials__tests__a_reload_replacing_the_cell_discards_the_late_writeback.log
cb695fa59ac16968fe81026b07c863e89e0fb1094d9ff0e44cd18983f240c9e3  ??  artifacts/rust-tauri/R05/RR2/G-R2/negative-ev/n04-swallowed-exit/suites/lib-service_credentials__tests__a_rotated_credential_is_reused_without_a_second_refresh.log
f123d17d6c8ff7f7a2375f593504f353062ec1efd2676d4a27916539d08e0ed0  ??  artifacts/rust-tauri/R05/RR2/G-R2/negative-ev/n04-swallowed-exit/suites/lib-service_credentials__tests__an_expired_handle_is_refused.log
51597631ea5a55de8aa43022724557703501572193c30b859ab9d823dd32acb3  ??  artifacts/rust-tauri/R05/RR2/G-R2/negative-ev/n04-swallowed-exit/suites/lib-service_credentials__tests__concurrent_401s_merge_into_one_refresh.log
48caa0d3d66bbd4f1049e5c43f219a73a3aa3f6a6fb416c524decfce533c0e87  ??  artifacts/rust-tauri/R05/RR2/G-R2/negative-ev/n04-swallowed-exit/suites/lib-service_credentials__tests__forged_handles_and_provider_references_are_refused.log
d995da0f0ffb93e2f02973be503aebbc79bfda5c65b6294bda093a86c0032b9e  ??  artifacts/rust-tauri/R05/RR2/G-R2/negative-ev/n04-swallowed-exit/suites/lib-service_credentials__tests__handle_refusal_texts_carry_no_material.log
8d7cd9867f7893ad335a58115656f26da60b0b727306a06199ee5c75ad842efb  ??  artifacts/rust-tauri/R05/RR2/G-R2/negative-ev/n04-swallowed-exit/suites/lib-service_credentials__tests__resolve_refreshes_at_most_once_when_a_one_second_grant_dies_in_transit.log
a649c29f7d03189b4e1ef1986c7a07149c9b38a30e225ab36a9870981b1f967a  ??  artifacts/rust-tauri/R05/RR2/G-R2/negative-ev/n04-swallowed-exit/suites/lib-service_credentials__tests__resolve_refreshes_at_most_once_when_every_mint_is_already_expired.log
38ac7dca9e4ad99a04435363b2345307e6c200cd865f31a6c7fe9162fa0ddce7  ??  artifacts/rust-tauri/R05/RR2/G-R2/negative-ev/n04-swallowed-exit/suites/lib-service_credentials__tests__revoke_fences_a_late_writeback.log
ec6fe77a9015d51e39b2e7e715a7e4548d2de37c680e1e112a461d9b99d7da88  ??  artifacts/rust-tauri/R05/RR2/G-R2/negative-ev/n04-swallowed-exit/suites/lib-service_redaction__tests__r05_provider_api_key_shapes_are_redacted.log
4a9804f3de4c5eb7ae7aee021a13e4a880b368f6d5851fa6effb315835941329  ??  artifacts/rust-tauri/R05/RR2/G-R2/negative-ev/n04-swallowed-exit/suites/lib-service_redaction__tests__r05_secret_key_words_match_case_insensitively.log
cb56c08b28f49953247f121415d69b3d41b3b1ad82409726d4eb4ddd13d51565  ??  artifacts/rust-tauri/R05/RR2/G-R2/negative-ev/n04-swallowed-exit/suites/lib-service_redaction__tests__r05_t02_base64_tokens_with_slash_and_padding_are_redacted.log
fdacb2c2401ccd0a276abc7ab945cad57ec307f08e24516bac9227e76031e6e5  ??  artifacts/rust-tauri/R05/RR2/G-R2/negative-ev/n04-swallowed-exit/suites/pin-table.txt
abb6b555da5d1cd23df1169157746ad6a94f2adb809d2c49952dfa56fc209189  ??  artifacts/rust-tauri/R05/RR2/G-R2/negative-ev/n04-swallowed-exit/suites/r05-cases.json
9e2fc8f4d87f80898517018e710f2b9185d5eb813321e991b8b852423d447358  ??  artifacts/rust-tauri/R05/RR2/G-R2/negative-ev/n04-swallowed-exit/suites/required-cids.txt
b647436ddf2de24f48565e9aec9e698de1e4d1c1ddedc42235459e2c8354c6f0  ??  artifacts/rust-tauri/R05/RR2/G-R2/negative-ev/n04-swallowed-exit/suites/summary.txt
03ae8b006742345812739eccaa3614841c667edaca8b32cd70aac51a23a61563  ??  artifacts/rust-tauri/R05/RR2/G-R2/negative-ev/n04-swallowed-exit/suites/svc_r05_t01_binary_wiring.log
45c598f19994072e0c6547b4159709d06c6f23c9127bbbfe6ed9cd86d7fb9c50  ??  artifacts/rust-tauri/R05/RR2/G-R2/negative-ev/n04-swallowed-exit/suites/svc_r05_t01_model_plane.log
ac88733059bfbf8493a56bc46ce20bbe0829bb8c4dbd60340c719d69081dbe26  ??  artifacts/rust-tauri/R05/RR2/G-R2/negative-ev/n04-swallowed-exit/suites/svc_r05_t02_credentials.log
5f86cbadcdbbdec1a76a768b396e3fb3707744a077585edb8fbee3120eb819ce  ??  artifacts/rust-tauri/R05/RR2/G-R2/negative-ev/n04-swallowed-exit/suites/svc_r05_t03_protocol_adapters.log
8ebe70ca42c534d2c60ada8f9aca0838bb3fd451e663a6e78f6dcd8cc72610b3  ??  artifacts/rust-tauri/R05/RR2/G-R2/negative-ev/n04-swallowed-exit/suites/svc_r05_t04_streaming.log
273c76b549d9ccd80b0e62b23f62c2ae91cb3b4f2760a99f09e812524fb08ae6  ??  artifacts/rust-tauri/R05/RR2/G-R2/negative-ev/n04-swallowed-exit/suites/svc_r05_t05_network.log
33c6e98e21bf565fbfa44dd3d78a582ae77a0b32ad94fb922d66350a08cf886a  ??  artifacts/rust-tauri/R05/RR2/G-R2/negative-ev/n04-swallowed-exit/suites/svc_r05_t05_timeouts.log
8647762f14bce8b1398654ec3d842761f5e0bfac54225dd3d212ad6b3de6c119  ??  artifacts/rust-tauri/R05/RR2/G-R2/negative-ev/n04-swallowed-exit/suites/svc_r05_t06_operations.log
27ca08fa185e1d6a36e490280248ac5379814dd56387d26752f3d9bba02c8cc2  ??  artifacts/rust-tauri/R05/RR2/G-R2/negative-ev/n04-swallowed-exit/suites/svc_r05_t06_rr1_media_resource.log
4eaee5c2761b2ca5bd59ce28d4495eb1c85100498a3b6aff2ee2fa6f2d0552f7  ??  artifacts/rust-tauri/R05/RR2/G-R2/negative-ev/n04-swallowed-exit/suites/svc_r05_t06_rr1_system_speech.log
3f67f97092bcf8b70b2121a380252757ed4dae9930a0b4e559cd745582e6ec0c  ??  artifacts/rust-tauri/R05/RR2/G-R2/negative-ev/n04-swallowed-exit/suites/svc_r05_t06_worker_model.log
741de8b2becf9179034f9a2a4a56d524100dd28aa0491df59aa53da070f8ba53  ??  artifacts/rust-tauri/R05/RR2/G-R2/negative-ev/n04-swallowed-exit/suites/svc_r05_t07_persistence.log
0aed745dcdbcfc68b46aa3f53dbe48a330f6c6ff93ac9d835df9efa836800299  ??  artifacts/rust-tauri/R05/RR2/G-R2/negative-ev/n04-swallowed-exit/suites/svc_r05_t07_rr1_usage_ledger.log
3d54c80485217cc429f11f69fce771b1506035345a474d1f36d191b909616469  ??  artifacts/rust-tauri/R05/RR2/G-R2/negative-ev/n04-swallowed-exit/suites/svc_r05_t07_usage_trace.log
3219e081e7c20e22201c29479df6113681bb4e0c720408ce64b656bc28c1ad07  ??  artifacts/rust-tauri/R05/RR2/G-R2/negative-ev/n04-swallowed-exit/suites/svc_r05_t08_closed_loop.log
05902f3a91414e134c279917c6094720bc286a33ed5ca7b36446efd1a80f8b2e  ??  artifacts/rust-tauri/R05/RR2/G-R2/negative-ev/n04-swallowed-exit/suites/svc_r05_t08_production_tools.log
8c62c9597457b2abbad794ebebcc49fc989925256ef6e27285694dfa9e4c8089  ??  artifacts/rust-tauri/R05/RR2/G-R2/negative-ev/n04-swallowed-exit/suites/svc_r05_t08_resources.log
b0e0828f0bf3c8d68717ee836ad72f32b8c28b6db84d7b0a9c7663ba6a869b30  ??  artifacts/rust-tauri/R05/RR2/G-R2/negative-ev/n05-stale-evidence/evidence/stale.json
4355a46b19d348dc2f57c046f8ef63d4538ebb936000f3c9ee954a27460dd865  ??  artifacts/rust-tauri/R05/RR2/G-R2/negative-ev/n05-stale-evidence/exit-code.txt
814a916d1de712fb7d8506b6641cdee8edb249c100a9434cbb5880869da3022d  ??  artifacts/rust-tauri/R05/RR2/G-R2/negative-ev/n05-stale-evidence/run.log
19bcb842436c1adf8a0da6477c8637c3edf2ea42c39287abae0727bb7fb639fd  ??  artifacts/rust-tauri/R05/RR2/G-R2/negative-ev/n06-midgate-mutation/evidence/A01/a01-build.log
e3b0c44298fc1c149afbf4c8996fb92427ae41e4649b934ca495991b7852b855  ??  artifacts/rust-tauri/R05/RR2/G-R2/negative-ev/n06-midgate-mutation/evidence/A01/a01-cargo-metadata.err
996a32435ca69af13742229865bfca1e3d666d7716c73976b473a34b4b3d0c6e  ??  artifacts/rust-tauri/R05/RR2/G-R2/negative-ev/n06-midgate-mutation/evidence/A01/a01-cargo-metadata.json
e3b0c44298fc1c149afbf4c8996fb92427ae41e4649b934ca495991b7852b855  ??  artifacts/rust-tauri/R05/RR2/G-R2/negative-ev/n06-midgate-mutation/evidence/A01/a01-child-snapshot.tsv
589b7d1ecfce24e61c9754a2e1d22565c2b907dbc904038c4333ddba76c753b7  ??  artifacts/rust-tauri/R05/RR2/G-R2/negative-ev/n06-midgate-mutation/evidence/A01/a01-deptree-evidence.log
f7fcacea611f836fcfee896f96b921cb6f11f87ef330adf7f40d820cb361ac1c  ??  artifacts/rust-tauri/R05/RR2/G-R2/negative-ev/n06-midgate-mutation/evidence/A01/a01-health-body.json
ce8e91e2bb58529946f22fe61ea1f93511ca96850d113ffadcd9a8a9aa3b9082  ??  artifacts/rust-tauri/R05/RR2/G-R2/negative-ev/n06-midgate-mutation/evidence/A01/a01-health-check.log
1f53980455b3deca38448da5218f26351cd8bf60a088accdb9c20430391d0659  ??  artifacts/rust-tauri/R05/RR2/G-R2/negative-ev/n06-midgate-mutation/evidence/A01/a01-invalid-bind-homes-after.txt
1f53980455b3deca38448da5218f26351cd8bf60a088accdb9c20430391d0659  ??  artifacts/rust-tauri/R05/RR2/G-R2/negative-ev/n06-midgate-mutation/evidence/A01/a01-invalid-bind-homes-before.txt
bd84f8ddedc8d4a798d42ce9bc1673e9e1c662167f3082562e8a40472b95ab7d  ??  artifacts/rust-tauri/R05/RR2/G-R2/negative-ev/n06-midgate-mutation/evidence/A01/a01-invalid-bind.stderr.log
e3b0c44298fc1c149afbf4c8996fb92427ae41e4649b934ca495991b7852b855  ??  artifacts/rust-tauri/R05/RR2/G-R2/negative-ev/n06-midgate-mutation/evidence/A01/a01-invalid-bind.stdout.log
6c88f1bf243b09c3f5c0207654b095224ce3608f74e78b992b2a648ff6ad119b  ??  artifacts/rust-tauri/R05/RR2/G-R2/negative-ev/n06-midgate-mutation/evidence/A01/a01-leaf-cases.json
27b76f0492ed99fc1d658c111d4e0542890e2e17e1aff90104a059f1f12c2243  ??  artifacts/rust-tauri/R05/RR2/G-R2/negative-ev/n06-midgate-mutation/evidence/A01/a01-newer-config-data-fallback-after.txt
27b76f0492ed99fc1d658c111d4e0542890e2e17e1aff90104a059f1f12c2243  ??  artifacts/rust-tauri/R05/RR2/G-R2/negative-ev/n06-midgate-mutation/evidence/A01/a01-newer-config-data-fallback-before.txt
194e970aa155586b53ad007841dc01ea2c122e46e6e91fd370e0c314f9cae405  ??  artifacts/rust-tauri/R05/RR2/G-R2/negative-ev/n06-midgate-mutation/evidence/A01/a01-newer-config-data-homes-after.txt
9e39a679f564be4dc7602307dce5b3601035174f563a4bf0ab17c2449c6b1359  ??  artifacts/rust-tauri/R05/RR2/G-R2/negative-ev/n06-midgate-mutation/evidence/A01/a01-newer-config-data-homes-before.txt
b45d40695144c779fcfd178243b14b21121201eb7af8f946ecadb1e3ac9da355  ??  artifacts/rust-tauri/R05/RR2/G-R2/negative-ev/n06-midgate-mutation/evidence/A01/a01-newer-config-data-original-after.sha256
b45d40695144c779fcfd178243b14b21121201eb7af8f946ecadb1e3ac9da355  ??  artifacts/rust-tauri/R05/RR2/G-R2/negative-ev/n06-midgate-mutation/evidence/A01/a01-newer-config-data-original-before.sha256
72896ea783668e73528df569693defe92333067a1fc4d5130071051c88db4432  ??  artifacts/rust-tauri/R05/RR2/G-R2/negative-ev/n06-midgate-mutation/evidence/A01/a01-newer-config-data.stderr.log
e3b0c44298fc1c149afbf4c8996fb92427ae41e4649b934ca495991b7852b855  ??  artifacts/rust-tauri/R05/RR2/G-R2/negative-ev/n06-midgate-mutation/evidence/A01/a01-newer-config-data.stdout.log
27b76f0492ed99fc1d658c111d4e0542890e2e17e1aff90104a059f1f12c2243  ??  artifacts/rust-tauri/R05/RR2/G-R2/negative-ev/n06-midgate-mutation/evidence/A01/a01-newer-data-fallback-after.txt
27b76f0492ed99fc1d658c111d4e0542890e2e17e1aff90104a059f1f12c2243  ??  artifacts/rust-tauri/R05/RR2/G-R2/negative-ev/n06-midgate-mutation/evidence/A01/a01-newer-data-fallback-before.txt
2890bf8587313356aab23777cf01e743cce72f0febf5503c8f691d8f398663cf  ??  artifacts/rust-tauri/R05/RR2/G-R2/negative-ev/n06-midgate-mutation/evidence/A01/a01-newer-data-homes-after.txt
a931e37e2f1b4b657427bbc40c9c44aba0273992a30807c8c7f324d4776ce140  ??  artifacts/rust-tauri/R05/RR2/G-R2/negative-ev/n06-midgate-mutation/evidence/A01/a01-newer-data-homes-before.txt
51953f8425e5c592dc2954eef85cf4d920463825e1ba97fd413be3eea8c85c79  ??  artifacts/rust-tauri/R05/RR2/G-R2/negative-ev/n06-midgate-mutation/evidence/A01/a01-newer-data-original-after.sha256
51953f8425e5c592dc2954eef85cf4d920463825e1ba97fd413be3eea8c85c79  ??  artifacts/rust-tauri/R05/RR2/G-R2/negative-ev/n06-midgate-mutation/evidence/A01/a01-newer-data-original-before.sha256
186006050e025aa18defea67e0df75c3cb911038ab57d43b49d8be0f6ed0d0a1  ??  artifacts/rust-tauri/R05/RR2/G-R2/negative-ev/n06-midgate-mutation/evidence/A01/a01-newer-data.stderr.log
e3b0c44298fc1c149afbf4c8996fb92427ae41e4649b934ca495991b7852b855  ??  artifacts/rust-tauri/R05/RR2/G-R2/negative-ev/n06-midgate-mutation/evidence/A01/a01-newer-data.stdout.log
27b76f0492ed99fc1d658c111d4e0542890e2e17e1aff90104a059f1f12c2243  ??  artifacts/rust-tauri/R05/RR2/G-R2/negative-ev/n06-midgate-mutation/evidence/A01/a01-newer-env-data-fallback-after.txt
27b76f0492ed99fc1d658c111d4e0542890e2e17e1aff90104a059f1f12c2243  ??  artifacts/rust-tauri/R05/RR2/G-R2/negative-ev/n06-midgate-mutation/evidence/A01/a01-newer-env-data-fallback-before.txt
f5d097053fa9637c73f3bac043bcdd88b59be56ccad82ac063d4148f3a38d9d1  ??  artifacts/rust-tauri/R05/RR2/G-R2/negative-ev/n06-midgate-mutation/evidence/A01/a01-newer-env-data-homes-after.txt
610d809d5b6b63be4f5a471f61d4c24822612ec1e46f43b4e472e58a9acffda3  ??  artifacts/rust-tauri/R05/RR2/G-R2/negative-ev/n06-midgate-mutation/evidence/A01/a01-newer-env-data-homes-before.txt
504217f1a825daeabccdc2044bf5c1408fd61db6575e3ca543aaf1f143ac1ad5  ??  artifacts/rust-tauri/R05/RR2/G-R2/negative-ev/n06-midgate-mutation/evidence/A01/a01-newer-env-data-original-after.sha256
504217f1a825daeabccdc2044bf5c1408fd61db6575e3ca543aaf1f143ac1ad5  ??  artifacts/rust-tauri/R05/RR2/G-R2/negative-ev/n06-midgate-mutation/evidence/A01/a01-newer-env-data-original-before.sha256
c5be2f3164091cb49cc1209334d91b3062149519cdf1af8773798137af75c5a3  ??  artifacts/rust-tauri/R05/RR2/G-R2/negative-ev/n06-midgate-mutation/evidence/A01/a01-newer-env-data.stderr.log
e3b0c44298fc1c149afbf4c8996fb92427ae41e4649b934ca495991b7852b855  ??  artifacts/rust-tauri/R05/RR2/G-R2/negative-ev/n06-midgate-mutation/evidence/A01/a01-newer-env-data.stdout.log
300e76dc0c0c7bb37f9a68ef9a15be7d5fba98a6ca67ed3a246ea1746fcd5d95  ??  artifacts/rust-tauri/R05/RR2/G-R2/negative-ev/n06-midgate-mutation/evidence/A01/a01-service-stderr.log
51d6f61f812e4d622ba294fbf4c3b1c1705e31b1c276be78f89b43be87c51616  ??  artifacts/rust-tauri/R05/RR2/G-R2/negative-ev/n06-midgate-mutation/evidence/A01/a01-service-stdout.log
2407ddc61f54fa51f4038797f90bacc86b5fbaf21870d2bf603a22d363880c4a  ??  artifacts/rust-tauri/R05/RR2/G-R2/negative-ev/n06-midgate-mutation/evidence/A01/a01-shutdown.log
3ce1005240a8ebfb25acd73c8ec01b4df742a35b81e2a622a6c65bf368865033  ??  artifacts/rust-tauri/R05/RR2/G-R2/negative-ev/n06-midgate-mutation/evidence/A01/leaf-cases.ndjson
d99ada8df8ff7853d02908eb6bb04adfa1e06d15fa8e1af10a9ecaa46d7ca330  ??  artifacts/rust-tauri/R05/RR2/G-R2/negative-ev/n06-midgate-mutation/evidence/A02/a02-green-baseline.log
d99ada8df8ff7853d02908eb6bb04adfa1e06d15fa8e1af10a9ecaa46d7ca330  ??  artifacts/rust-tauri/R05/RR2/G-R2/negative-ev/n06-midgate-mutation/evidence/A02/a02-green-na-restored.log
d99ada8df8ff7853d02908eb6bb04adfa1e06d15fa8e1af10a9ecaa46d7ca330  ??  artifacts/rust-tauri/R05/RR2/G-R2/negative-ev/n06-midgate-mutation/evidence/A02/a02-green-nb-restored.log
d99ada8df8ff7853d02908eb6bb04adfa1e06d15fa8e1af10a9ecaa46d7ca330  ??  artifacts/rust-tauri/R05/RR2/G-R2/negative-ev/n06-midgate-mutation/evidence/A02/a02-green-nc-restored.log
1b722463d3e810df3a9a644bfa6906d42b28a8ad38c450666b39d810716ba234  ??  artifacts/rust-tauri/R05/RR2/G-R2/negative-ev/n06-midgate-mutation/evidence/A02/a02-na-source-token.log
4e325fc8db3c593186b5ddb715a2a542d50647dc12d52d49e507c63f997661b9  ??  artifacts/rust-tauri/R05/RR2/G-R2/negative-ev/n06-midgate-mutation/evidence/A02/a02-nb-dep-edge.log
52f6a39b569099260ffa15a4ab53a035a92bafe121af43ac2f58cd9e2a3ca634  ??  artifacts/rust-tauri/R05/RR2/G-R2/negative-ev/n06-midgate-mutation/evidence/A02/a02-nc-service-inversion.log
6c7af580549ddf9f2602564842cc5059dae8e004314e97f7a4bdde9d01c9e90b  ??  artifacts/rust-tauri/R05/RR2/G-R2/negative-ev/n06-midgate-mutation/evidence/A02/a02-residue-check.log
12b1f73b23c291e5672273e255359807baf733273fc6a000604884fa3787c18e  ??  artifacts/rust-tauri/R05/RR2/G-R2/negative-ev/n06-midgate-mutation/evidence/A02/a02-summary.log
38e13df7e20c062d5664aacf1a85f917636c887024279b097cbab0488f00a3e2  ??  artifacts/rust-tauri/R05/RR2/G-R2/negative-ev/n06-midgate-mutation/evidence/A03/a03-build.log
148012b89114e931b55634c75e79c90a7fc602430c89aacb573a80f48df5a62a  ??  artifacts/rust-tauri/R05/RR2/G-R2/negative-ev/n06-midgate-mutation/evidence/A03/a03-forged-record.json
f7fcacea611f836fcfee896f96b921cb6f11f87ef330adf7f40d820cb361ac1c  ??  artifacts/rust-tauri/R05/RR2/G-R2/negative-ev/n06-midgate-mutation/evidence/A03/a03-inst1-health.json
3f4bbf64ef25dff24533260968d4dd8fe9ab785e4dd2d63e807d788e5142290c  ??  artifacts/rust-tauri/R05/RR2/G-R2/negative-ev/n06-midgate-mutation/evidence/A03/a03-inst1-stderr.log
3b730814cffcc3df28711eea852359ce28a97b87704f9f17eacfb0e0dfc44209  ??  artifacts/rust-tauri/R05/RR2/G-R2/negative-ev/n06-midgate-mutation/evidence/A03/a03-inst1-stdout.log
8e18552d372e7cd42f6400cc3191f0cb2833d30dfd431c1c94cd646ff59950c1  ??  artifacts/rust-tauri/R05/RR2/G-R2/negative-ev/n06-midgate-mutation/evidence/A03/a03-inst2-marker.txt
48d7033cb708365100f2a6b743409658c970fe7197e463cf287617660ec7a862  ??  artifacts/rust-tauri/R05/RR2/G-R2/negative-ev/n06-midgate-mutation/evidence/A03/a03-inst2-stderr.log
e3b0c44298fc1c149afbf4c8996fb92427ae41e4649b934ca495991b7852b855  ??  artifacts/rust-tauri/R05/RR2/G-R2/negative-ev/n06-midgate-mutation/evidence/A03/a03-inst2-stdout.log
1043b4bb4639e4f2fa256f3ab6a45f8b24f46e51cdf2423ce36a67e3766f5e18  ??  artifacts/rust-tauri/R05/RR2/G-R2/negative-ev/n06-midgate-mutation/evidence/A03/a03-inst2b-stderr.log
e3b0c44298fc1c149afbf4c8996fb92427ae41e4649b934ca495991b7852b855  ??  artifacts/rust-tauri/R05/RR2/G-R2/negative-ev/n06-midgate-mutation/evidence/A03/a03-inst2b-stdout.log
d545f25b7a68bf11886447a699467772b3466bfbd6b689c83860b66effea2cce  ??  artifacts/rust-tauri/R05/RR2/G-R2/negative-ev/n06-midgate-mutation/evidence/A03/a03-inst3-stderr.log
646bfc8a35a26b6832e905f3022f32b6657c40f7201ac1e653ec8c10e4703976  ??  artifacts/rust-tauri/R05/RR2/G-R2/negative-ev/n06-midgate-mutation/evidence/A03/a03-inst3-stdout.log
ace173e70d2ac364430afee87f9feb187b3786893c3b977e98abd6cb27750a14  ??  artifacts/rust-tauri/R05/RR2/G-R2/negative-ev/n06-midgate-mutation/evidence/A03/a03-inst4-stderr.log
bfac5ec7251aff016f565e0035a243a78d85ef7dfd71f12d7fd35bfd4aa43810  ??  artifacts/rust-tauri/R05/RR2/G-R2/negative-ev/n06-midgate-mutation/evidence/A03/a03-inst4-stdout.log
3bd1f61ed5dff69144784f5d71c0992e4e798b38b86bcd4f680e8ab33ea15b40  ??  artifacts/rust-tauri/R05/RR2/G-R2/negative-ev/n06-midgate-mutation/evidence/A03/a03-summary.txt
a5f4c585ee974ca44916ac30a98bbc189e067a7e0a6bc6d2e8d6bc525be724af  ??  artifacts/rust-tauri/R05/RR2/G-R2/negative-ev/n06-midgate-mutation/evidence/A04/a04-build.log
97ad4a871eee093668a804919cfb9ab4cb2bda9ed92b2489fc379b4125ea12df  ??  artifacts/rust-tauri/R05/RR2/G-R2/negative-ev/n06-midgate-mutation/evidence/A04/a04-cli-stderr.log
f07770e59dd6d2dbf29a49a84670c9eadfb5fe9b23552db2a982a3f58a17c687  ??  artifacts/rust-tauri/R05/RR2/G-R2/negative-ev/n06-midgate-mutation/evidence/A04/a04-cli-stdout.log
03f96be03111baa2c1f879db89ee90120bbf506c73cb5679fe2ee729f6a65b7a  ??  artifacts/rust-tauri/R05/RR2/G-R2/negative-ev/n06-midgate-mutation/evidence/A04/a04-config-file-stderr.log
86407434060785ade51542ec9ab573dc0a8f7b78884f043ae3e8c33486b509fe  ??  artifacts/rust-tauri/R05/RR2/G-R2/negative-ev/n06-midgate-mutation/evidence/A04/a04-config-file-stdout.log
c7543611e03ffddf4539ed916ad26d379c72bc1a3f64918c7109bee9bfdafefd  ??  artifacts/rust-tauri/R05/RR2/G-R2/negative-ev/n06-midgate-mutation/evidence/A04/a04-conflict-stderr.log
a779f6461325dd50473802b617e81d347f510eaa03a5f1ee2702494bdbc45e9f  ??  artifacts/rust-tauri/R05/RR2/G-R2/negative-ev/n06-midgate-mutation/evidence/A04/a04-conflict-stdout.log
24e9740fd9649f25602044d4a0a6cacfb174d7beb8694b18330b13c4bd3438d3  ??  artifacts/rust-tauri/R05/RR2/G-R2/negative-ev/n06-midgate-mutation/evidence/A04/a04-env-stderr.log
6d3cf8f9a20d97fb843164f71749689d893957ca3192da19b8ced4876aa0aef6  ??  artifacts/rust-tauri/R05/RR2/G-R2/negative-ev/n06-midgate-mutation/evidence/A04/a04-env-stdout.log
9157426f1061ad6bacf4126ea69d8e303a85d2e62fed857337ffb5f78bf9a51a  ??  artifacts/rust-tauri/R05/RR2/G-R2/negative-ev/n06-midgate-mutation/evidence/A04/a04-neg-bad-config-stderr.log
e3b0c44298fc1c149afbf4c8996fb92427ae41e4649b934ca495991b7852b855  ??  artifacts/rust-tauri/R05/RR2/G-R2/negative-ev/n06-midgate-mutation/evidence/A04/a04-neg-bad-config-stdout.log
a3f3c5d59c61ea3d24e5516375dcac973e111e399df39dae520f24b28060c798  ??  artifacts/rust-tauri/R05/RR2/G-R2/negative-ev/n06-midgate-mutation/evidence/A04/a04-neg-duplicate-home-stderr.log
e3b0c44298fc1c149afbf4c8996fb92427ae41e4649b934ca495991b7852b855  ??  artifacts/rust-tauri/R05/RR2/G-R2/negative-ev/n06-midgate-mutation/evidence/A04/a04-neg-duplicate-home-stdout.log
db548502bf824452e83a3308483b2046dbd32b5a052fffc8ca16938e8ad382a0  ??  artifacts/rust-tauri/R05/RR2/G-R2/negative-ev/n06-midgate-mutation/evidence/A04/a04-neg-equals-form-stderr.log
e3b0c44298fc1c149afbf4c8996fb92427ae41e4649b934ca495991b7852b855  ??  artifacts/rust-tauri/R05/RR2/G-R2/negative-ev/n06-midgate-mutation/evidence/A04/a04-neg-equals-form-stdout.log
7e4aae0c679d86a40a80b624c339a9504446c9f91082b5720376f979dce48903  ??  artifacts/rust-tauri/R05/RR2/G-R2/negative-ev/n06-midgate-mutation/evidence/A04/a04-neg-flag-shaped-stderr.log
e3b0c44298fc1c149afbf4c8996fb92427ae41e4649b934ca495991b7852b855  ??  artifacts/rust-tauri/R05/RR2/G-R2/negative-ev/n06-midgate-mutation/evidence/A04/a04-neg-flag-shaped-stdout.log
91344e0649c5fe1a81b5bdf5dc3bd9d44543d95d4e31a57a15cb6be9f91d9286  ??  artifacts/rust-tauri/R05/RR2/G-R2/negative-ev/n06-midgate-mutation/evidence/A04/a04-neg-missing-config-stderr.log
e3b0c44298fc1c149afbf4c8996fb92427ae41e4649b934ca495991b7852b855  ??  artifacts/rust-tauri/R05/RR2/G-R2/negative-ev/n06-midgate-mutation/evidence/A04/a04-neg-missing-config-stdout.log
9cd1e311917750968837235cde159dc415b33c7357459942148e67cd22aee77c  ??  artifacts/rust-tauri/R05/RR2/G-R2/negative-ev/n06-midgate-mutation/evidence/A04/a04-neg-no-source-stderr.log
e3b0c44298fc1c149afbf4c8996fb92427ae41e4649b934ca495991b7852b855  ??  artifacts/rust-tauri/R05/RR2/G-R2/negative-ev/n06-midgate-mutation/evidence/A04/a04-neg-no-source-stdout.log
4cadf35a4ad80bdf06690b0c8db169405caeba3b205fc2488b31426397df2e8e  ??  artifacts/rust-tauri/R05/RR2/G-R2/negative-ev/n06-midgate-mutation/evidence/A04/a04-neg-relative-home-stderr.log
e3b0c44298fc1c149afbf4c8996fb92427ae41e4649b934ca495991b7852b855  ??  artifacts/rust-tauri/R05/RR2/G-R2/negative-ev/n06-midgate-mutation/evidence/A04/a04-neg-relative-home-stdout.log
3a04f9a2a1f9c5a9bf96a68b3681335bd63f81bff82cca2a28f6b173d233c765  ??  artifacts/rust-tauri/R05/RR2/G-R2/negative-ev/n06-midgate-mutation/evidence/A04/a04-summary.txt
ad94fe755b374c48c10ba97c701e91f3d924e1d813dfc933b8dad2adcf7b9997  ??  artifacts/rust-tauri/R05/RR2/G-R2/negative-ev/n06-midgate-mutation/evidence/A04/a04-test-mode-stderr.log
dbb4689c83563105f316ac460c4154eb37e1c333f6311713f0b7cdde9f1fab9e  ??  artifacts/rust-tauri/R05/RR2/G-R2/negative-ev/n06-midgate-mutation/evidence/A04/a04-test-mode-stdout.log
305a7b1b56b17d7b3d8c0b882c4051bcb0647557ff054e163681cfd4fdee1ca3  ??  artifacts/rust-tauri/R05/RR2/G-R2/negative-ev/n06-midgate-mutation/evidence/A05_A06/.last-body
a5f4c585ee974ca44916ac30a98bbc189e067a7e0a6bc6d2e8d6bc525be724af  ??  artifacts/rust-tauri/R05/RR2/G-R2/negative-ev/n06-midgate-mutation/evidence/A05_A06/build.log
64d0052d9025a6af3a1032760de3cabddb7d7921c2a195b082d0edd32517d63f  ??  artifacts/rust-tauri/R05/RR2/G-R2/negative-ev/n06-midgate-mutation/evidence/A05_A06/cli-sessions-owner.stderr.log
e3b0c44298fc1c149afbf4c8996fb92427ae41e4649b934ca495991b7852b855  ??  artifacts/rust-tauri/R05/RR2/G-R2/negative-ev/n06-midgate-mutation/evidence/A05_A06/cli-sessions-owner.stdout.log
b1f40baae54f60349608ec325eff880a9b1687ac18e01ba9b2b5fcfeae466cce  ??  artifacts/rust-tauri/R05/RR2/G-R2/negative-ev/n06-midgate-mutation/evidence/A05_A06/creds-after-authz.json
65123bb32b288be2b37201e25d74c76e65ca3f575e77e42072005c5cf86e5175  ??  artifacts/rust-tauri/R05/RR2/G-R2/negative-ev/n06-midgate-mutation/evidence/A05_A06/creds-before-authz.json
12ac0917ec1c41dc220d6a77c13735c11bd30b1e25e7f560da11dfa7f6f41a1a  ??  artifacts/rust-tauri/R05/RR2/G-R2/negative-ev/n06-midgate-mutation/evidence/A05_A06/devices-after-authz.json
826528ac36685d82f91c1a6c43209650067789af296711fd56e26cd742737fca  ??  artifacts/rust-tauri/R05/RR2/G-R2/negative-ev/n06-midgate-mutation/evidence/A05_A06/devices-before-authz.json
dff307e4c640949dedcdc9532023c91bc9cb61c9875d442016d8bd77ec5fd09a  ??  artifacts/rust-tauri/R05/RR2/G-R2/negative-ev/n06-midgate-mutation/evidence/A05_A06/leaf-cases.ndjson
e930b34dea5e4c1268f9df236152ad669b2b9abde3b4ca78c34b997ad91694f2  ??  artifacts/rust-tauri/R05/RR2/G-R2/negative-ev/n06-midgate-mutation/evidence/A05_A06/me-denied-after.sha256
e930b34dea5e4c1268f9df236152ad669b2b9abde3b4ca78c34b997ad91694f2  ??  artifacts/rust-tauri/R05/RR2/G-R2/negative-ev/n06-midgate-mutation/evidence/A05_A06/me-denied-before.sha256
8b3bf04a5822e380d9e9989b6da1212fb1d4f6fb4a6e433de1365978c8ebcc3d  ??  artifacts/rust-tauri/R05/RR2/G-R2/negative-ev/n06-midgate-mutation/evidence/A05_A06/server-stderr.log
51176058a89afee677fadf5f4ebee9cb10dd0165dba42fc6a54fce04f6652d23  ??  artifacts/rust-tauri/R05/RR2/G-R2/negative-ev/n06-midgate-mutation/evidence/A05_A06/server-stdout.log
619f672f5d1247eef1353214562142a0c18f81db27331b177429a79ec3342345  ??  artifacts/rust-tauri/R05/RR2/G-R2/negative-ev/n06-midgate-mutation/evidence/A05_A06/sessions-list-matrix.json
fae8c5206b7611c479555cfef55420b707cf81695525e1f18f1010d2b4f6a537  ??  artifacts/rust-tauri/R05/RR2/G-R2/negative-ev/n06-midgate-mutation/evidence/A05_A06/state-after-authn.txt
191d10799c017c5638ffe23bc71756ac1b9e711bfd9ff86d1d1800572289dbd6  ??  artifacts/rust-tauri/R05/RR2/G-R2/negative-ev/n06-midgate-mutation/evidence/A05_A06/state-after.txt
fae8c5206b7611c479555cfef55420b707cf81695525e1f18f1010d2b4f6a537  ??  artifacts/rust-tauri/R05/RR2/G-R2/negative-ev/n06-midgate-mutation/evidence/A05_A06/state-before-authz.txt
fae8c5206b7611c479555cfef55420b707cf81695525e1f18f1010d2b4f6a537  ??  artifacts/rust-tauri/R05/RR2/G-R2/negative-ev/n06-midgate-mutation/evidence/A05_A06/state-before.txt
890904a0a273b798712a5e37a64c45493468ab62de6ca018dc52cf5c3055e2fc  ??  artifacts/rust-tauri/R05/RR2/G-R2/negative-ev/n06-midgate-mutation/evidence/A05_A06/summary.txt
cac226703ff2a177c1f0957e11e98d4f81bebbcf52c22e147b4c5a1ce4c97e20  ??  artifacts/rust-tauri/R05/RR2/G-R2/negative-ev/n06-midgate-mutation/evidence/A07_A08/build.log
bc8e0296976cc535103edae127dd9a57505a1b8daaafaf53753ca2ce8e263100  ??  artifacts/rust-tauri/R05/RR2/G-R2/negative-ev/n06-midgate-mutation/evidence/A07_A08/last-db-hashes.txt
4baf80f747bdab4baef58c3bdd2c33084623a1597aee5ed9975b2ca3672ffff8  ??  artifacts/rust-tauri/R05/RR2/G-R2/negative-ev/n06-midgate-mutation/evidence/A07_A08/s0-registry-consistency.log
d713b4d2f2123afe9c6c7fc9f2e89746849192a9276c9c9383b94d4ab7fd0c66  ??  artifacts/rust-tauri/R05/RR2/G-R2/negative-ev/n06-midgate-mutation/evidence/A07_A08/s1-counts-after-stop.json
347987f9452c382b32e905cd01a47510e5b5052b9177d6711a0828ded331f07a  ??  artifacts/rust-tauri/R05/RR2/G-R2/negative-ev/n06-midgate-mutation/evidence/A07_A08/s2-counts-after-crash.json
65f5197ee3481edebe741c7653d7e278310890867e69774690d4bf9b0edb1b50  ??  artifacts/rust-tauri/R05/RR2/G-R2/negative-ev/n06-midgate-mutation/evidence/A07_A08/s2-runs-dump.jsonl
8e6f92049bc15dfbba86be6099922901bd2a131462cae0e35f95f0950da3e4bc  ??  artifacts/rust-tauri/R05/RR2/G-R2/negative-ev/n06-midgate-mutation/evidence/A07_A08/s3-fault.err
e3b0c44298fc1c149afbf4c8996fb92427ae41e4649b934ca495991b7852b855  ??  artifacts/rust-tauri/R05/RR2/G-R2/negative-ev/n06-midgate-mutation/evidence/A07_A08/s3-fault.out
db1e2193893d2917dd22c24b069877ea56dd88ede1e5fbd5d8dcf85fb92c962c  ??  artifacts/rust-tauri/R05/RR2/G-R2/negative-ev/n06-midgate-mutation/evidence/A07_A08/s4-hashes-after.txt
db1e2193893d2917dd22c24b069877ea56dd88ede1e5fbd5d8dcf85fb92c962c  ??  artifacts/rust-tauri/R05/RR2/G-R2/negative-ev/n06-midgate-mutation/evidence/A07_A08/s4-hashes-before.txt
b81c64a99a49d0cd2f56358fbff9b871b41238f2f0b52d0acb07f35cf8ada327  ??  artifacts/rust-tauri/R05/RR2/G-R2/negative-ev/n06-midgate-mutation/evidence/A07_A08/s4-migrations-round1.json
b81c64a99a49d0cd2f56358fbff9b871b41238f2f0b52d0acb07f35cf8ada327  ??  artifacts/rust-tauri/R05/RR2/G-R2/negative-ev/n06-midgate-mutation/evidence/A07_A08/s4-migrations-round2.json
b81c64a99a49d0cd2f56358fbff9b871b41238f2f0b52d0acb07f35cf8ada327  ??  artifacts/rust-tauri/R05/RR2/G-R2/negative-ev/n06-midgate-mutation/evidence/A07_A08/s4-migrations-round3.json
6e3635dbf78fa6732083582a31c7fe9188977045715b1950dcd338fe264e148a  ??  artifacts/rust-tauri/R05/RR2/G-R2/negative-ev/n06-midgate-mutation/evidence/A07_A08/service-s1.err
0a054021b7a842263c1e92100499cd0137d27b409e748d8e61e1d688430212c8  ??  artifacts/rust-tauri/R05/RR2/G-R2/negative-ev/n06-midgate-mutation/evidence/A07_A08/service-s1.out
349f455a49819f8378b79e39de5fefc25b7f6099c52e42800a418f4fe5c98b2b  ??  artifacts/rust-tauri/R05/RR2/G-R2/negative-ev/n06-midgate-mutation/evidence/A07_A08/service-s1b.err
ee791d52cc3f39ffc32c1d72bb24e5d6b1507820fb6e32c13d2f669e97ae6b95  ??  artifacts/rust-tauri/R05/RR2/G-R2/negative-ev/n06-midgate-mutation/evidence/A07_A08/service-s1b.out
fc002a432cefd3de418825af62e6a89c9f4507a56c3413b8cf17d8ea4b1e2b14  ??  artifacts/rust-tauri/R05/RR2/G-R2/negative-ev/n06-midgate-mutation/evidence/A07_A08/service-s2.err
916f3692a3c135c85e31d0d4c42bf3943ec9b1b6e1ac2dcbd15d2cba455fb3e5  ??  artifacts/rust-tauri/R05/RR2/G-R2/negative-ev/n06-midgate-mutation/evidence/A07_A08/service-s2.out
85a4bb4e71aa0d3bdb737e5961a04d35fc388d19166a882eb249d8830cda086a  ??  artifacts/rust-tauri/R05/RR2/G-R2/negative-ev/n06-midgate-mutation/evidence/A07_A08/service-s2b.err
a0e2ef8162e3c2df0eccb3b9cc7b08fab0f69b935439c40368ad820bb7b170db  ??  artifacts/rust-tauri/R05/RR2/G-R2/negative-ev/n06-midgate-mutation/evidence/A07_A08/service-s2b.out
7316b5a325bf15ff8118f6bd801bc0f1326f38dc2f9cc3ac5976cd67dde7214d  ??  artifacts/rust-tauri/R05/RR2/G-R2/negative-ev/n06-midgate-mutation/evidence/A07_A08/service-s4-1.err
331b43cf0d84c7a9b357932df5c1d247e7d8c18a728ec2c09c411c21eb8a4639  ??  artifacts/rust-tauri/R05/RR2/G-R2/negative-ev/n06-midgate-mutation/evidence/A07_A08/service-s4-1.out
e8bff0866e075b9cb9732b18e89bbd6b9988ed2fbd7b635a4aa2946e293fa5c4  ??  artifacts/rust-tauri/R05/RR2/G-R2/negative-ev/n06-midgate-mutation/evidence/A07_A08/service-s4-2.err
90776b73937cbea5f6fde74ec669beb773b68029a9a2fe41d9b8dcb1e4f15ab8  ??  artifacts/rust-tauri/R05/RR2/G-R2/negative-ev/n06-midgate-mutation/evidence/A07_A08/service-s4-2.out
784544a69a51058da3a3c4a49cf1ff87c529ab659bc630eff4abd231ec66a399  ??  artifacts/rust-tauri/R05/RR2/G-R2/negative-ev/n06-midgate-mutation/evidence/A07_A08/service-s4-3.err
de42812794d57749004cd6a54ba26e8789f000f382f75b85284e59dad2d68727  ??  artifacts/rust-tauri/R05/RR2/G-R2/negative-ev/n06-midgate-mutation/evidence/A07_A08/service-s4-3.out
42c6ed94e2daba52e61fb36c28a2eeacc8b8daf16de91f3486fa029e089bc8df  ??  artifacts/rust-tauri/R05/RR2/G-R2/negative-ev/n06-midgate-mutation/evidence/A07_A08/service.addr
64e58476f5673515e678a1deb4ab6648c9455e1fd1ef39dc551765771b25e198  ??  artifacts/rust-tauri/R05/RR2/G-R2/negative-ev/n06-midgate-mutation/evidence/A07_A08/service.pid
1256f76b4a3062c0fbbdfb24c0f05e2ab81d87cf9be414a9672b1f358958f5cb  ??  artifacts/rust-tauri/R05/RR2/G-R2/negative-ev/n06-midgate-mutation/evidence/A07_A08/summary.txt
a3ce34b00edf00c03a0db6809b06faba235a1552340a893cfe2fee3e531e5c1c  ??  artifacts/rust-tauri/R05/RR2/G-R2/negative-ev/n06-midgate-mutation/evidence/A07_LIVE_FAULT/case.json
f2e373dab444d4eac5276adcaf4e1180e7661425d298621a91e8fe0117243006  ??  artifacts/rust-tauri/R05/RR2/G-R2/negative-ev/n06-midgate-mutation/evidence/A07_LIVE_FAULT/checked.json
9dda2259ff634428d16eba305cd21553780357560c8cb32b07978dc76ab040d1  ??  artifacts/rust-tauri/R05/RR2/G-R2/negative-ev/n06-midgate-mutation/evidence/A09_A10/a09-merged-view.json
f03c88a021759ef4e22f3911ed7d644d9b28eca4414d40c8ec1165431cd2d45c  ??  artifacts/rust-tauri/R05/RR2/G-R2/negative-ev/n06-midgate-mutation/evidence/A09_A10/a10-rebuild-diff.json
a5f4c585ee974ca44916ac30a98bbc189e067a7e0a6bc6d2e8d6bc525be724af  ??  artifacts/rust-tauri/R05/RR2/G-R2/negative-ev/n06-midgate-mutation/evidence/A09_A10/build.log
a95aa93a3fe2df64f8f03e29791e31f183d0579de8aa36ff345c1d75ca055225  ??  artifacts/rust-tauri/R05/RR2/G-R2/negative-ev/n06-midgate-mutation/evidence/A09_A10/key-events-dump.json
ad998948edec36a0721f00b25e9958f0f1dab3f7c50eb608e20711c07c301d7c  ??  artifacts/rust-tauri/R05/RR2/G-R2/negative-ev/n06-midgate-mutation/evidence/A09_A10/matrix.json
5b9fde910b3a3c13c1f108e8fbd73c8d6ee280f33d0633af414e072ec1db7193  ??  artifacts/rust-tauri/R05/RR2/G-R2/negative-ev/n06-midgate-mutation/evidence/A09_A10/probe-matrix.jsonl
e3b0c44298fc1c149afbf4c8996fb92427ae41e4649b934ca495991b7852b855  ??  artifacts/rust-tauri/R05/RR2/G-R2/negative-ev/n06-midgate-mutation/evidence/A09_A10/probe-stderr.log
4f3b93c52413faa0bdb2b98940ca5ad734dca86c43a22d523fdad1505e3874cc  ??  artifacts/rust-tauri/R05/RR2/G-R2/negative-ev/n06-midgate-mutation/evidence/A09_A10/service.err
818d484077dfe3e7abf7092f44c223114ac6dc7ce3a3755c2f90cd501798cbe1  ??  artifacts/rust-tauri/R05/RR2/G-R2/negative-ev/n06-midgate-mutation/evidence/A09_A10/service.out
d4937ff77a2c7b61b2523607808cf11eb82f638182cc2df451cfd7dce913efe5  ??  artifacts/rust-tauri/R05/RR2/G-R2/negative-ev/n06-midgate-mutation/evidence/A09_A10/summary.txt
a5f4c585ee974ca44916ac30a98bbc189e067a7e0a6bc6d2e8d6bc525be724af  ??  artifacts/rust-tauri/R05/RR2/G-R2/negative-ev/n06-midgate-mutation/evidence/A11/backup-restore/build.log
dd63f79ce1a39fdef735dbb9eb292c3f8a45db77c2513d3cc7379e5dbe13749e  ??  artifacts/rust-tauri/R05/RR2/G-R2/negative-ev/n06-midgate-mutation/evidence/A11/backup-restore/s1-backup-dir-listing.txt
c77892187c223038b1591a15ff80a3f6dc00eda3f07c511bdd4cc6cba5f7d884  ??  artifacts/rust-tauri/R05/RR2/G-R2/negative-ev/n06-midgate-mutation/evidence/A11/backup-restore/s1-backup-outcome.json
e3b0c44298fc1c149afbf4c8996fb92427ae41e4649b934ca495991b7852b855  ??  artifacts/rust-tauri/R05/RR2/G-R2/negative-ev/n06-midgate-mutation/evidence/A11/backup-restore/s1-backup.err
a22ce90b0017f6902cb4658c9f29141e4bc0bd72e36b396be433e959be1f554f  ??  artifacts/rust-tauri/R05/RR2/G-R2/negative-ev/n06-midgate-mutation/evidence/A11/backup-restore/s1-restore-outcome.json
e3b0c44298fc1c149afbf4c8996fb92427ae41e4649b934ca495991b7852b855  ??  artifacts/rust-tauri/R05/RR2/G-R2/negative-ev/n06-midgate-mutation/evidence/A11/backup-restore/s1-restore.err
73d72bb62df1abff854853a61b551686c15e4f43263360576a68aa39f2e701c8  ??  artifacts/rust-tauri/R05/RR2/G-R2/negative-ev/n06-midgate-mutation/evidence/A11/backup-restore/s1-restored-dump.jsonl
a94a348732fea6a56e96086eee5b9fff699c8606087d2aa462faea02fba75e55  ??  artifacts/rust-tauri/R05/RR2/G-R2/negative-ev/n06-midgate-mutation/evidence/A11/backup-restore/s1-restored-hash.txt
73d72bb62df1abff854853a61b551686c15e4f43263360576a68aa39f2e701c8  ??  artifacts/rust-tauri/R05/RR2/G-R2/negative-ev/n06-midgate-mutation/evidence/A11/backup-restore/s1-source-dump.jsonl
da2d6130860b357baeeb2c40ba43ab0e6f0a1331640fa118217607f8f44714cc  ??  artifacts/rust-tauri/R05/RR2/G-R2/negative-ev/n06-midgate-mutation/evidence/A11/backup-restore/s1-source-hash.txt
d8ec6fc62a9ff755d7d08154457d97192f9e2253d1399a33c79cb93bbefde344  ??  artifacts/rust-tauri/R05/RR2/G-R2/negative-ev/n06-midgate-mutation/evidence/A11/backup-restore/s1-wal-size.txt
e3b0c44298fc1c149afbf4c8996fb92427ae41e4649b934ca495991b7852b855  ??  artifacts/rust-tauri/R05/RR2/G-R2/negative-ev/n06-midgate-mutation/evidence/A11/backup-restore/s3-backup-out.json
40e4290e138da4273b0a5e4316e3303b39ebc5925c8b435e4ea50dd367592656  ??  artifacts/rust-tauri/R05/RR2/G-R2/negative-ev/n06-midgate-mutation/evidence/A11/backup-restore/s3-backup.err
9b33c4d50a9f7a0434980244454a85ce4288c7323241cf9ff22c50e6b8f8dd85  ??  artifacts/rust-tauri/R05/RR2/G-R2/negative-ev/n06-midgate-mutation/evidence/A11/backup-restore/s4-ws-probe.json
a4c3ed04a95a3da14a9d235c83d868bed7c0f45cf7f3faa751ee8f50598d2211  ??  artifacts/rust-tauri/R05/RR2/G-R2/negative-ev/n06-midgate-mutation/evidence/A11/backup-restore/s4-ws-probe.json.probe-done
3669b942a260a79d8c09e6611aa224d2eecd1790548a82296e45e5e58ab3ad86  ??  artifacts/rust-tauri/R05/RR2/G-R2/negative-ev/n06-midgate-mutation/evidence/A11/backup-restore/service-s1.addr
95dd615a7222c0b7288e310ebf2c68a8e0bda6f1da942668cce99042df4538d0  ??  artifacts/rust-tauri/R05/RR2/G-R2/negative-ev/n06-midgate-mutation/evidence/A11/backup-restore/service-s1.err
4b3895c071e6e06105531cbf3433e5b797fc80987589755f703af6efd03bdbe6  ??  artifacts/rust-tauri/R05/RR2/G-R2/negative-ev/n06-midgate-mutation/evidence/A11/backup-restore/service-s1.out
7e537ab623a4a63bfc628092d000943888138fd17ae45e5522ba3843f8e03a50  ??  artifacts/rust-tauri/R05/RR2/G-R2/negative-ev/n06-midgate-mutation/evidence/A11/backup-restore/service-s2.addr
bbeecfef0bb7027aa4a0342511351f759ebbfbe60fb6c14889fbedc3662a5c7e  ??  artifacts/rust-tauri/R05/RR2/G-R2/negative-ev/n06-midgate-mutation/evidence/A11/backup-restore/service-s2.err
495acb6a6cdd171fced13eba414605e364396f2f33b8c4f7037cba40aac19244  ??  artifacts/rust-tauri/R05/RR2/G-R2/negative-ev/n06-midgate-mutation/evidence/A11/backup-restore/service-s2.out
5c2f562268d44ec6371b751de6df1a8c19a9edd198d8f60bf1c9e347ae2e3abe  ??  artifacts/rust-tauri/R05/RR2/G-R2/negative-ev/n06-midgate-mutation/evidence/A11/backup-restore/service-s4.addr
95a05085a07f5d9de9c3574ad5c1bd509bdc0e1d0dcdc108b9317a4f973808dc  ??  artifacts/rust-tauri/R05/RR2/G-R2/negative-ev/n06-midgate-mutation/evidence/A11/backup-restore/service-s4.err
01ff584444cdb67af5a09fb302b5a29b1f99e26ad675808c3337f24d7ec3eb21  ??  artifacts/rust-tauri/R05/RR2/G-R2/negative-ev/n06-midgate-mutation/evidence/A11/backup-restore/service-s4.out
febd013954cd6966377c9527e13dc484005b2390eeacffb08e4319d59bd07dfb  ??  artifacts/rust-tauri/R05/RR2/G-R2/negative-ev/n06-midgate-mutation/evidence/A11/backup-restore/service.pid
b15832fda9b7bd8813edaf92a73a681bd42c10bfc0487c1f9e16d7b02e2fc854  ??  artifacts/rust-tauri/R05/RR2/G-R2/negative-ev/n06-midgate-mutation/evidence/A11/backup-restore/summary.txt
a5f4c585ee974ca44916ac30a98bbc189e067a7e0a6bc6d2e8d6bc525be724af  ??  artifacts/rust-tauri/R05/RR2/G-R2/negative-ev/n06-midgate-mutation/evidence/A12/recovery-drill/build.log
73840124253c53d882ba81c440bde26a92f9fb854e1e832002d5a2f24fa5ed39  ??  artifacts/rust-tauri/R05/RR2/G-R2/negative-ev/n06-midgate-mutation/evidence/A12/recovery-drill/coexist-after.txt
73840124253c53d882ba81c440bde26a92f9fb854e1e832002d5a2f24fa5ed39  ??  artifacts/rust-tauri/R05/RR2/G-R2/negative-ev/n06-midgate-mutation/evidence/A12/recovery-drill/coexist-before.txt
a63eb5868bfa97af1b1fb370630b4ead9237cbe0ff94eac54c75cd5ac7596456  ??  artifacts/rust-tauri/R05/RR2/G-R2/negative-ev/n06-midgate-mutation/evidence/A12/recovery-drill/own-created-homes.txt
bacedccc201e2d962129acecdccfe3711ca8a181b1c37213074da21a86575654  ??  artifacts/rust-tauri/R05/RR2/G-R2/negative-ev/n06-midgate-mutation/evidence/A12/recovery-drill/summary.txt
7b2f675d535131e9ee3b95eb996b520af42000b1efea572dc62eff72fd758a84  ??  artifacts/rust-tauri/R05/RR2/G-R2/negative-ev/n06-midgate-mutation/evidence/A12/recovery-drill/v1-hashes-after.txt
7b2f675d535131e9ee3b95eb996b520af42000b1efea572dc62eff72fd758a84  ??  artifacts/rust-tauri/R05/RR2/G-R2/negative-ev/n06-midgate-mutation/evidence/A12/recovery-drill/v1-hashes-before.txt
18c1cfbe41814e90ad53751a6706af9c01ad08e0e19eff2c6473445c7e75fb34  ??  artifacts/rust-tauri/R05/RR2/G-R2/negative-ev/n06-midgate-mutation/evidence/A12/recovery-drill/v1.err
e3b0c44298fc1c149afbf4c8996fb92427ae41e4649b934ca495991b7852b855  ??  artifacts/rust-tauri/R05/RR2/G-R2/negative-ev/n06-midgate-mutation/evidence/A12/recovery-drill/v1.out
fcb269f1fc43e20619871bab0f6e464d30773313e55b17f725fc62249ab521be  ??  artifacts/rust-tauri/R05/RR2/G-R2/negative-ev/n06-midgate-mutation/evidence/A12/recovery-drill/v2-hashes-after.txt
fcb269f1fc43e20619871bab0f6e464d30773313e55b17f725fc62249ab521be  ??  artifacts/rust-tauri/R05/RR2/G-R2/negative-ev/n06-midgate-mutation/evidence/A12/recovery-drill/v2-hashes-before.txt
a438601158c16b4ce0dd3c06701ab664b6180675e86df223fa363dfa081fcd2a  ??  artifacts/rust-tauri/R05/RR2/G-R2/negative-ev/n06-midgate-mutation/evidence/A12/recovery-drill/v2.err
e3b0c44298fc1c149afbf4c8996fb92427ae41e4649b934ca495991b7852b855  ??  artifacts/rust-tauri/R05/RR2/G-R2/negative-ev/n06-midgate-mutation/evidence/A12/recovery-drill/v2.out
a33ffd69acb495d9a221778bb2317e4cef00e4d752d794b9c1267890666ec43d  ??  artifacts/rust-tauri/R05/RR2/G-R2/negative-ev/n06-midgate-mutation/evidence/A12/recovery-drill/v3-hashes-after.txt
a33ffd69acb495d9a221778bb2317e4cef00e4d752d794b9c1267890666ec43d  ??  artifacts/rust-tauri/R05/RR2/G-R2/negative-ev/n06-midgate-mutation/evidence/A12/recovery-drill/v3-hashes-before.txt
814858da5a3272f36b73e29bfc34a46d89ee30b634509ea3497e3b93dfdf06ae  ??  artifacts/rust-tauri/R05/RR2/G-R2/negative-ev/n06-midgate-mutation/evidence/A12/recovery-drill/v3.err
e3b0c44298fc1c149afbf4c8996fb92427ae41e4649b934ca495991b7852b855  ??  artifacts/rust-tauri/R05/RR2/G-R2/negative-ev/n06-midgate-mutation/evidence/A12/recovery-drill/v3.out
6933a06d91690937570e9c8a9b6d8a5253ebb3636d119c6fbdd1cf4e4f12cfef  ??  artifacts/rust-tauri/R05/RR2/G-R2/negative-ev/n06-midgate-mutation/evidence/A12/recovery-drill/v4.err
00cf8f9dbfde4f8db6373ecfa04616e91aa0447ddda9a9c27c5fe4a6336f40cc  ??  artifacts/rust-tauri/R05/RR2/G-R2/negative-ev/n06-midgate-mutation/evidence/A12/recovery-drill/v4.out
52f80c2436260682560d0dc42eb179e3dea6abdd00f844e430bbb3eb4fa5b493  ??  artifacts/rust-tauri/R05/RR2/G-R2/negative-ev/n06-midgate-mutation/evidence/A12/recovery-drill/v5-hashes-after.txt
52f80c2436260682560d0dc42eb179e3dea6abdd00f844e430bbb3eb4fa5b493  ??  artifacts/rust-tauri/R05/RR2/G-R2/negative-ev/n06-midgate-mutation/evidence/A12/recovery-drill/v5-hashes-before.txt
7830efe4a67e798dbb7f7b41fc11588488d434e006e3f6a47d0c6e88fbd96048  ??  artifacts/rust-tauri/R05/RR2/G-R2/negative-ev/n06-midgate-mutation/evidence/A12/recovery-drill/v5.err
e3b0c44298fc1c149afbf4c8996fb92427ae41e4649b934ca495991b7852b855  ??  artifacts/rust-tauri/R05/RR2/G-R2/negative-ev/n06-midgate-mutation/evidence/A12/recovery-drill/v5.out
25e1f6707ab40d1670f50e1818813377f858bf4eaed0a01a30f7d98f970946a9  ??  artifacts/rust-tauri/R05/RR2/G-R2/negative-ev/n06-midgate-mutation/evidence/A12/recovery-drill/v6-recovered-dump.jsonl
27badc983df1780b60c2b3fa9d3a19a00e46aac798451f0febdca52920faaddf  ??  artifacts/rust-tauri/R05/RR2/G-R2/negative-ev/n06-midgate-mutation/evidence/A12/recovery-drill/v6-seed-execute.txt
b6b362302010aa4f81f4021b2447df6e109061b971ce913835c6cf3878f9e8a8  ??  artifacts/rust-tauri/R05/RR2/G-R2/negative-ev/n06-midgate-mutation/evidence/A12/recovery-drill/v6-seed.err
ac28ccd9aea666e020ce90e132e1c617447c8368588a98a5576c9bc9d7607cb0  ??  artifacts/rust-tauri/R05/RR2/G-R2/negative-ev/n06-midgate-mutation/evidence/A12/recovery-drill/v6-seed.out
76281739ee39f5d66e3d89dd3af78404085caeaf4c4e0e25043379ca99b9e8c6  ??  artifacts/rust-tauri/R05/RR2/G-R2/negative-ev/n06-midgate-mutation/evidence/A12/recovery-drill/v6.err
371cd66810918618cf30ccef15bca1c2739b30dbc9a84d93eddd9df1238b1960  ??  artifacts/rust-tauri/R05/RR2/G-R2/negative-ev/n06-midgate-mutation/evidence/A12/recovery-drill/v6.out
23889087b29fd0e4c2aee25b611e0603e044e53845b6a0e2bd0e9622f864e6af  ??  artifacts/rust-tauri/R05/RR2/G-R2/negative-ev/n06-midgate-mutation/evidence/A12/recovery-drill/v7-hashes-after.txt
23889087b29fd0e4c2aee25b611e0603e044e53845b6a0e2bd0e9622f864e6af  ??  artifacts/rust-tauri/R05/RR2/G-R2/negative-ev/n06-midgate-mutation/evidence/A12/recovery-drill/v7-hashes-before.txt
e22fd551a8b8bad80ba102bc9f1ab4f09553dd8824456f32ed73e2793585be92  ??  artifacts/rust-tauri/R05/RR2/G-R2/negative-ev/n06-midgate-mutation/evidence/A12/recovery-drill/v7-seed.err
f0b9f11595a89086f1f1329c8a4b23c1446962e5ac1b5e69ed115162c2711e37  ??  artifacts/rust-tauri/R05/RR2/G-R2/negative-ev/n06-midgate-mutation/evidence/A12/recovery-drill/v7-seed.out
202d342707a592c6cd6427ac481fc5eced5116828d1cfbd512303be752a2177e  ??  artifacts/rust-tauri/R05/RR2/G-R2/negative-ev/n06-midgate-mutation/evidence/A12/recovery-drill/v7.err
e3b0c44298fc1c149afbf4c8996fb92427ae41e4649b934ca495991b7852b855  ??  artifacts/rust-tauri/R05/RR2/G-R2/negative-ev/n06-midgate-mutation/evidence/A12/recovery-drill/v7.out
964de24d6fad8d88d13c51e90a91068a148941c29a96a79f012c306325346a80  ??  artifacts/rust-tauri/R05/RR2/G-R2/negative-ev/n06-midgate-mutation/evidence/A12/recovery-drill/v8-observed.err
6fa895cab08dee031d4cd695009dd46235e50e2214664fe8a47ef96ca45344f9  ??  artifacts/rust-tauri/R05/RR2/G-R2/negative-ev/n06-midgate-mutation/evidence/A12/recovery-drill/v8-seed.err
d805c5855e7799f8843900fecfa748b3bbc4c1211d84a37b967c5aebfa917628  ??  artifacts/rust-tauri/R05/RR2/G-R2/negative-ev/n06-midgate-mutation/evidence/A12/recovery-drill/v8-seed.out
964de24d6fad8d88d13c51e90a91068a148941c29a96a79f012c306325346a80  ??  artifacts/rust-tauri/R05/RR2/G-R2/negative-ev/n06-midgate-mutation/evidence/A12/recovery-drill/v8.err
42188d449b276c249c4fa12847217e643821fed91c62b48dfbfee1632faf5900  ??  artifacts/rust-tauri/R05/RR2/G-R2/negative-ev/n06-midgate-mutation/evidence/A12/recovery-drill/v8.out
a5f4c585ee974ca44916ac30a98bbc189e067a7e0a6bc6d2e8d6bc525be724af  ??  artifacts/rust-tauri/R05/RR2/G-R2/negative-ev/n06-midgate-mutation/evidence/A13/redaction-scan/build.log
22537ba8c923456f72f478b786fee6a73f3f9709ee606a1b0eaba220a8f95fb2  ??  artifacts/rust-tauri/R05/RR2/G-R2/negative-ev/n06-midgate-mutation/evidence/A13/redaction-scan/p1-execute-ok.body
3dd07524369391d40b33b559dfc449fada5bc404374f409f9e604d463345bfec  ??  artifacts/rust-tauri/R05/RR2/G-R2/negative-ev/n06-midgate-mutation/evidence/A13/redaction-scan/p1-execute-ok.headers
4e38ffcd373cb9faac3bd1881d675776a089520fc94d443b306bced20e040e27  ??  artifacts/rust-tauri/R05/RR2/G-R2/negative-ev/n06-midgate-mutation/evidence/A13/redaction-scan/p1-execute-request.json
5e651527f0f9b497ba9ede818b036627341b4dd3f74158d818df6abd164a3d7c  ??  artifacts/rust-tauri/R05/RR2/G-R2/negative-ev/n06-midgate-mutation/evidence/A13/redaction-scan/p1-issue-credential.body
420124c35057d7108e1304a321af31ff5d5b386bb0352b6ae9f90b21c5264c63  ??  artifacts/rust-tauri/R05/RR2/G-R2/negative-ev/n06-midgate-mutation/evidence/A13/redaction-scan/p1-issue-credential.headers
e4f7d15ff214194f7c5c24e9a2d1c020776147eba88dd3ecea2e456a7c234da3  ??  artifacts/rust-tauri/R05/RR2/G-R2/negative-ev/n06-midgate-mutation/evidence/A13/redaction-scan/p1-issue-request.json
c0101f944a240591f6d7ba3f61a73abeb5b2ceb638a396f799d7baaf12738377  ??  artifacts/rust-tauri/R05/RR2/G-R2/negative-ev/n06-midgate-mutation/evidence/A13/redaction-scan/p1-me-ok.body
f49d28448fc91592b88501c00616edb96c6c5535654106582fad2ffb7741d9dc  ??  artifacts/rust-tauri/R05/RR2/G-R2/negative-ev/n06-midgate-mutation/evidence/A13/redaction-scan/p1-me-ok.headers
44136fa355b3678a1146ad16f7e8649e94fb4fc21fe77e8310c060f61caaff8a  ??  artifacts/rust-tauri/R05/RR2/G-R2/negative-ev/n06-midgate-mutation/evidence/A13/redaction-scan/p1-ticket-request.json
8d95c94c739ad0f99b33cfea5e72c90b33ef5440032aa9c72780d06f44a03a20  ??  artifacts/rust-tauri/R05/RR2/G-R2/negative-ev/n06-midgate-mutation/evidence/A13/redaction-scan/p1-ticket.body
5a28dc7ffa2204cffe6374627219b94574ce56250dcf25304a67c1e9b65b360c  ??  artifacts/rust-tauri/R05/RR2/G-R2/negative-ev/n06-midgate-mutation/evidence/A13/redaction-scan/p1-ticket.headers
d236c4ecde96b84eb5ebd0199e5048f6f235f1d317586a4f54c08544b90a524e  ??  artifacts/rust-tauri/R05/RR2/G-R2/negative-ev/n06-midgate-mutation/evidence/A13/redaction-scan/p2-me-bad-bearer.body
a75ae72128866bbe02fd11a3ed9e85e2da7a4d5941ae773dba9251b1673e8b24  ??  artifacts/rust-tauri/R05/RR2/G-R2/negative-ev/n06-midgate-mutation/evidence/A13/redaction-scan/p2-me-bad-bearer.headers
d3c34766ac8a3767919ff9acdb92b52521ebf7be1dbec9fa881cc4ce4f172d8b  ??  artifacts/rust-tauri/R05/RR2/G-R2/negative-ev/n06-midgate-mutation/evidence/A13/redaction-scan/p2-me-no-auth.body
a75ae72128866bbe02fd11a3ed9e85e2da7a4d5941ae773dba9251b1673e8b24  ??  artifacts/rust-tauri/R05/RR2/G-R2/negative-ev/n06-midgate-mutation/evidence/A13/redaction-scan/p2-me-no-auth.headers
756b8c2c9a49636103925880427a6e1b38b94ddcc3f2880d0a788a61fbfcf4d0  ??  artifacts/rust-tauri/R05/RR2/G-R2/negative-ev/n06-midgate-mutation/evidence/A13/redaction-scan/p2-session-cross.body
8f801ae9716666620d4a4c59950a1b718a40bb69cde49957c110a69b1e856447  ??  artifacts/rust-tauri/R05/RR2/G-R2/negative-ev/n06-midgate-mutation/evidence/A13/redaction-scan/p2-session-cross.headers
eecc0e88181bdddb3e347ec74ee37e68a3d2cf7b27b6433940cbde9f9295d4b5  ??  artifacts/rust-tauri/R05/RR2/G-R2/negative-ev/n06-midgate-mutation/evidence/A13/redaction-scan/p2-session-missing.body
4c64279b08ca8beb50fad3033d0a85d91fc2741a4f661e691381048593414ae4  ??  artifacts/rust-tauri/R05/RR2/G-R2/negative-ev/n06-midgate-mutation/evidence/A13/redaction-scan/p2-session-missing.headers
1253852e9ec590179af804319d4c728b424a636d2a93fa26af695a876a9da2fb  ??  artifacts/rust-tauri/R05/RR2/G-R2/negative-ev/n06-midgate-mutation/evidence/A13/redaction-scan/p2-ws-bad-query.body
a75ae72128866bbe02fd11a3ed9e85e2da7a4d5941ae773dba9251b1673e8b24  ??  artifacts/rust-tauri/R05/RR2/G-R2/negative-ev/n06-midgate-mutation/evidence/A13/redaction-scan/p2-ws-bad-query.headers
bc5c798c8846facd87a34da03c3888687355cd3b64ccd008907c9fea00a535ae  ??  artifacts/rust-tauri/R05/RR2/G-R2/negative-ev/n06-midgate-mutation/evidence/A13/redaction-scan/p2-ws-transcript.txt
1d087ea708541d70fd08b157ab37b1c10b732b7d15cd0ade1768b5ea5988e746  ??  artifacts/rust-tauri/R05/RR2/G-R2/negative-ev/n06-midgate-mutation/evidence/A13/redaction-scan/p3-burst-1.body
85f81e3ac320b895648081441d6fb4783f0844c1bd5d015bba07329162c9bcf1  ??  artifacts/rust-tauri/R05/RR2/G-R2/negative-ev/n06-midgate-mutation/evidence/A13/redaction-scan/p3-burst-2.body
c828341f0e55d067a6920611f974e7205cb3453ab92707fd75f3bc7537103406  ??  artifacts/rust-tauri/R05/RR2/G-R2/negative-ev/n06-midgate-mutation/evidence/A13/redaction-scan/p3-burst-3.body
b6cb9d18241bf041ca37d7eb34840def88e13d4aee2f40b3602deead05853c39  ??  artifacts/rust-tauri/R05/RR2/G-R2/negative-ev/n06-midgate-mutation/evidence/A13/redaction-scan/p3-burst-4.body
e4ed88a141f0f1b4d0835c8ec6db503fb69858e16a538b96ae08821d3d0c221c  ??  artifacts/rust-tauri/R05/RR2/G-R2/negative-ev/n06-midgate-mutation/evidence/A13/redaction-scan/p3-burst-5.body
93761cc5e8b37f6a3d5538f6dd6fd730ce973b31930f4e9e263cfd3495665eb2  ??  artifacts/rust-tauri/R05/RR2/G-R2/negative-ev/n06-midgate-mutation/evidence/A13/redaction-scan/p3-burst-6.body
09e8aeb8a3407458a54eef29b714438c4342bdf49278334763eeec453c2830e1  ??  artifacts/rust-tauri/R05/RR2/G-R2/negative-ev/n06-midgate-mutation/evidence/A13/redaction-scan/p3-burst-7.body
f801c5d716262fbae975c71801d264fd980c0afe92ae1ef1dd7b3f988a6a6f1f  ??  artifacts/rust-tauri/R05/RR2/G-R2/negative-ev/n06-midgate-mutation/evidence/A13/redaction-scan/p3-burst-8.body
e89d50f95150fa2e9458cb0c5d045ab66124116f16d839c55b21a703190fe91d  ??  artifacts/rust-tauri/R05/RR2/G-R2/negative-ev/n06-midgate-mutation/evidence/A13/redaction-scan/p3-execute-request.json
907723b5d86c72777fe8dfd76bfc1580c43b34885f954e13efd5ac9d21596ec1  ??  artifacts/rust-tauri/R05/RR2/G-R2/negative-ev/n06-midgate-mutation/evidence/A13/redaction-scan/p3-lock.log
4e3b1621aa6dbfd48c6e905e261dc448f05a8e1ee2a90b5c9bf934ad0bc42ea4  ??  artifacts/rust-tauri/R05/RR2/G-R2/negative-ev/n06-midgate-mutation/evidence/A13/redaction-scan/p3-status-codes.txt
8c9a82e78c623dae3130c868acd6249ab2b685170ca769f5bc2ccae4f2b8518a  ??  artifacts/rust-tauri/R05/RR2/G-R2/negative-ev/n06-midgate-mutation/evidence/A13/redaction-scan/service-logs/retention-manifest.txt
5fe95a0ca1544ef0749b59ab40b3f6ed18157274a1b0871c528491a8d97e56a3  ??  artifacts/rust-tauri/R05/RR2/G-R2/negative-ev/n06-midgate-mutation/evidence/A13/redaction-scan/service-logs/service-000001.log
284b381555726d02f9a87482eb6a2851e24929a2447ffc90413f953877c88f60  ??  artifacts/rust-tauri/R05/RR2/G-R2/negative-ev/n06-midgate-mutation/evidence/A13/redaction-scan/service-logs/service-000002.log
1dd8bbd94b81d9d041190364fd69df116b13b34f8ce861de3127673441036528  ??  artifacts/rust-tauri/R05/RR2/G-R2/negative-ev/n06-midgate-mutation/evidence/A13/redaction-scan/service-logs/service-000003.log
1f416da8ffa6c5257dbf960182e9a36b5bfb6950411ead6f37c6a73fee789a4a  ??  artifacts/rust-tauri/R05/RR2/G-R2/negative-ev/n06-midgate-mutation/evidence/A13/redaction-scan/service-p1.addr
64a4ed3329af775d5b95e088cf0645b8fe321db227befe7782462095205e02c6  ??  artifacts/rust-tauri/R05/RR2/G-R2/negative-ev/n06-midgate-mutation/evidence/A13/redaction-scan/service-p1.err
b8c684f2b93928691ca8b393d7211eebcb8a7ee12668ebcf02ab1992850a9765  ??  artifacts/rust-tauri/R05/RR2/G-R2/negative-ev/n06-midgate-mutation/evidence/A13/redaction-scan/service-p1.out
eeb6963ee56fbf8ac8527a7ff9cf5b67322ffeb7fa527b106be8075b197ca795  ??  artifacts/rust-tauri/R05/RR2/G-R2/negative-ev/n06-midgate-mutation/evidence/A13/redaction-scan/service-p3.addr
7b39cd7a98b5c3963df3732f907dc9e62f912e906296d9a80d8ffb3f0401b1fd  ??  artifacts/rust-tauri/R05/RR2/G-R2/negative-ev/n06-midgate-mutation/evidence/A13/redaction-scan/service-p3.err
b18ad0a3c138707e080b120603bfcf39bd75df159c4277569d9520bfd1993cc0  ??  artifacts/rust-tauri/R05/RR2/G-R2/negative-ev/n06-midgate-mutation/evidence/A13/redaction-scan/service-p3.out
3e69eba3b9e4ce5abfbe6a45d30e1baafd6811e83ab39ecf645420659b17bbfb  ??  artifacts/rust-tauri/R05/RR2/G-R2/negative-ev/n06-midgate-mutation/evidence/A13/redaction-scan/service-p4.err
e3b0c44298fc1c149afbf4c8996fb92427ae41e4649b934ca495991b7852b855  ??  artifacts/rust-tauri/R05/RR2/G-R2/negative-ev/n06-midgate-mutation/evidence/A13/redaction-scan/service-p4.out
afca01c4d66e998420690e16f3c905a516958c1f9717dedfdf549ec59d56e017  ??  artifacts/rust-tauri/R05/RR2/G-R2/negative-ev/n06-midgate-mutation/evidence/A13/redaction-scan/summary.txt
a5f4c585ee974ca44916ac30a98bbc189e067a7e0a6bc6d2e8d6bc525be724af  ??  artifacts/rust-tauri/R05/RR2/G-R2/negative-ev/n06-midgate-mutation/evidence/A14/slow-subscriber/build.log
3e84fe44b5291f2b627f5f17e72f3668419046a2471bb359d66cf90978449ace  ??  artifacts/rust-tauri/R05/RR2/G-R2/negative-ev/n06-midgate-mutation/evidence/A14/slow-subscriber/detach-lines.txt
cf807031d2282e8f2fc35acccb1439685a250f674af5ad11219b67d0e08a0dfb  ??  artifacts/rust-tauri/R05/RR2/G-R2/negative-ev/n06-midgate-mutation/evidence/A14/slow-subscriber/rss-samples.csv
07c159fc66fe2d2bfb45d66c9fb791c3380bd49a3f91aefda65ce07d3d8d95ff  ??  artifacts/rust-tauri/R05/RR2/G-R2/negative-ev/n06-midgate-mutation/evidence/A14/slow-subscriber/service.err
65a31a6cbfdbaa1471d87186d28c06d406e0331495f251a959cf3d21dfff45fb  ??  artifacts/rust-tauri/R05/RR2/G-R2/negative-ev/n06-midgate-mutation/evidence/A14/slow-subscriber/service.out
933d940eac6eb5467f3b561962c233bdc31b3eb3f90ff76cd463c8d638a4d116  ??  artifacts/rust-tauri/R05/RR2/G-R2/negative-ev/n06-midgate-mutation/evidence/A14/slow-subscriber/storm-results.json
b7bd268228714fb1c229840c2f88a2240592eae91d583417065ac6e4059fada7  ??  artifacts/rust-tauri/R05/RR2/G-R2/negative-ev/n06-midgate-mutation/evidence/A14/slow-subscriber/summary.txt
3dfcb69885c9705622e4311ccd18969111737192b09c0f9051c828df37d30a5d  ??  artifacts/rust-tauri/R05/RR2/G-R2/negative-ev/n06-midgate-mutation/evidence/A14/slow-subscriber/ws-probe.log
a5f4c585ee974ca44916ac30a98bbc189e067a7e0a6bc6d2e8d6bc525be724af  ??  artifacts/rust-tauri/R05/RR2/G-R2/negative-ev/n06-midgate-mutation/evidence/A15/full-chain/build.log
8b9b287d3893ed96079bb9d2b6dc7e6fa3958444a5c0cea5d70ea0b5399b6113  ??  artifacts/rust-tauri/R05/RR2/G-R2/negative-ev/n06-midgate-mutation/evidence/A15/full-chain/pre-restart-head.json
e3b0c44298fc1c149afbf4c8996fb92427ae41e4649b934ca495991b7852b855  ??  artifacts/rust-tauri/R05/RR2/G-R2/negative-ev/n06-midgate-mutation/evidence/A15/full-chain/probe1.err
639b914b7f70b991e8fd1ad37f5bb782d674ba36ad364b699ddb86fa60ea8090  ??  artifacts/rust-tauri/R05/RR2/G-R2/negative-ev/n06-midgate-mutation/evidence/A15/full-chain/probe1.pass-lines
e3b0c44298fc1c149afbf4c8996fb92427ae41e4649b934ca495991b7852b855  ??  artifacts/rust-tauri/R05/RR2/G-R2/negative-ev/n06-midgate-mutation/evidence/A15/full-chain/probe2.err
28a411dc95be7e6596d2954fdbecf8eb034d9f8dc1248ab1d111c07c1c218b89  ??  artifacts/rust-tauri/R05/RR2/G-R2/negative-ev/n06-midgate-mutation/evidence/A15/full-chain/probe2.pass-lines
7b106b66c924c9c646cb9cc250868b7087c03300fbb94b0741a1e3f25c49fd26  ??  artifacts/rust-tauri/R05/RR2/G-R2/negative-ev/n06-midgate-mutation/evidence/A15/full-chain/service1.err
f571ff0eea509dfee996a72b3912e61195b5e7477602288e0551e5668edf819f  ??  artifacts/rust-tauri/R05/RR2/G-R2/negative-ev/n06-midgate-mutation/evidence/A15/full-chain/service1.out
4a532f932af27c14324243f2e81947fb43e769d8d9b51bf7233507a2db82918d  ??  artifacts/rust-tauri/R05/RR2/G-R2/negative-ev/n06-midgate-mutation/evidence/A15/full-chain/service2.err
f7bc522ae77e964c6bd5ab5efb3553771d7eabbeff99e71e66f20d7f66361e5a  ??  artifacts/rust-tauri/R05/RR2/G-R2/negative-ev/n06-midgate-mutation/evidence/A15/full-chain/service2.out
ee76d963c2bae7e986dfe95edd6c4f234f37da4242ba9e6f006ef1a9ea8a079c  ??  artifacts/rust-tauri/R05/RR2/G-R2/negative-ev/n06-midgate-mutation/evidence/A15/full-chain/summary.txt
b7a024f2e555bd9992f45b8773705d2b089082bb61b34759363953284ae1b837  ??  artifacts/rust-tauri/R05/RR2/G-R2/negative-ev/n06-midgate-mutation/evidence/A16/legacy-entry/e0-base-checkout.log
e3b0c44298fc1c149afbf4c8996fb92427ae41e4649b934ca495991b7852b855  ??  artifacts/rust-tauri/R05/RR2/G-R2/negative-ev/n06-midgate-mutation/evidence/A16/legacy-entry/e0-binding-exclusion-candidates.tsv
e3b0c44298fc1c149afbf4c8996fb92427ae41e4649b934ca495991b7852b855  ??  artifacts/rust-tauri/R05/RR2/G-R2/negative-ev/n06-midgate-mutation/evidence/A16/legacy-entry/e0-binding-exclusions.txt
c3e83aabfe9dfb472e472d91c930d6b0a757a2f3f5613c375317d05e1fd44fc7  ??  artifacts/rust-tauri/R05/RR2/G-R2/negative-ev/n06-midgate-mutation/evidence/A16/legacy-entry/e0-candidate-binding.tsv
02c828151e130753a036ca49840ca42749736725925aa35e5c0da1e69f7b7fc6  ??  artifacts/rust-tauri/R05/RR2/G-R2/negative-ev/n06-midgate-mutation/evidence/A16/legacy-entry/e0-candidate-dirty.diff
dacab63e51e9cee5a0f32a268e9110c044326f5f18fc91370b716a835a1249c0  ??  artifacts/rust-tauri/R05/RR2/G-R2/negative-ev/n06-midgate-mutation/evidence/A16/legacy-entry/e0-candidate-dirty.txt
e3b0c44298fc1c149afbf4c8996fb92427ae41e4649b934ca495991b7852b855  ??  artifacts/rust-tauri/R05/RR2/G-R2/negative-ev/n06-midgate-mutation/evidence/A16/legacy-entry/e0-run-output-sinks.txt
34541311baa283b016e9976865e824631eeabce8db2b5772ced98d10ab9592e4  ??  artifacts/rust-tauri/R05/RR2/G-R2/negative-ev/n06-midgate-mutation/evidence/A16/legacy-entry/summary.txt
4f53cda18c2baa0c0354bb5f9a3ecbe5ed12ab4d8e11ba873c2f11161202b945  ??  artifacts/rust-tauri/R05/RR2/G-R2/negative-ev/n06-midgate-mutation/evidence/CLIENT/cli-help-exit0-no-start/home-after.json
4f53cda18c2baa0c0354bb5f9a3ecbe5ed12ab4d8e11ba873c2f11161202b945  ??  artifacts/rust-tauri/R05/RR2/G-R2/negative-ev/n06-midgate-mutation/evidence/CLIENT/cli-help-exit0-no-start/home-before.json
64d0052d9025a6af3a1032760de3cabddb7d7921c2a195b082d0edd32517d63f  ??  artifacts/rust-tauri/R05/RR2/G-R2/negative-ev/n06-midgate-mutation/evidence/CLIENT/cli-help-exit0-no-start/stderr.log
e3b0c44298fc1c149afbf4c8996fb92427ae41e4649b934ca495991b7852b855  ??  artifacts/rust-tauri/R05/RR2/G-R2/negative-ev/n06-midgate-mutation/evidence/CLIENT/cli-help-exit0-no-start/stdout.log
4f53cda18c2baa0c0354bb5f9a3ecbe5ed12ab4d8e11ba873c2f11161202b945  ??  artifacts/rust-tauri/R05/RR2/G-R2/negative-ev/n06-midgate-mutation/evidence/CLIENT/cli-serve-unknown-arg-exit1-no-start/home-after.json
4f53cda18c2baa0c0354bb5f9a3ecbe5ed12ab4d8e11ba873c2f11161202b945  ??  artifacts/rust-tauri/R05/RR2/G-R2/negative-ev/n06-midgate-mutation/evidence/CLIENT/cli-serve-unknown-arg-exit1-no-start/home-before.json
64d0052d9025a6af3a1032760de3cabddb7d7921c2a195b082d0edd32517d63f  ??  artifacts/rust-tauri/R05/RR2/G-R2/negative-ev/n06-midgate-mutation/evidence/CLIENT/cli-serve-unknown-arg-exit1-no-start/stderr.log
e3b0c44298fc1c149afbf4c8996fb92427ae41e4649b934ca495991b7852b855  ??  artifacts/rust-tauri/R05/RR2/G-R2/negative-ev/n06-midgate-mutation/evidence/CLIENT/cli-serve-unknown-arg-exit1-no-start/stdout.log
4f53cda18c2baa0c0354bb5f9a3ecbe5ed12ab4d8e11ba873c2f11161202b945  ??  artifacts/rust-tauri/R05/RR2/G-R2/negative-ev/n06-midgate-mutation/evidence/CLIENT/cli-unknown-arg-exit1-no-start/home-after.json
4f53cda18c2baa0c0354bb5f9a3ecbe5ed12ab4d8e11ba873c2f11161202b945  ??  artifacts/rust-tauri/R05/RR2/G-R2/negative-ev/n06-midgate-mutation/evidence/CLIENT/cli-unknown-arg-exit1-no-start/home-before.json
64d0052d9025a6af3a1032760de3cabddb7d7921c2a195b082d0edd32517d63f  ??  artifacts/rust-tauri/R05/RR2/G-R2/negative-ev/n06-midgate-mutation/evidence/CLIENT/cli-unknown-arg-exit1-no-start/stderr.log
e3b0c44298fc1c149afbf4c8996fb92427ae41e4649b934ca495991b7852b855  ??  artifacts/rust-tauri/R05/RR2/G-R2/negative-ev/n06-midgate-mutation/evidence/CLIENT/cli-unknown-arg-exit1-no-start/stdout.log
6972fa743946956040aa4d6d63640ce75134091fcc33f0550298b26535b81fd0  ??  artifacts/rust-tauri/R05/RR2/G-R2/negative-ev/n06-midgate-mutation/evidence/CLIENT/leaf-cases.json
e3b0c44298fc1c149afbf4c8996fb92427ae41e4649b934ca495991b7852b855  ??  artifacts/rust-tauri/R05/RR2/G-R2/negative-ev/n06-midgate-mutation/evidence/CLIENT/sharing-vitest.stderr.log
e3b0c44298fc1c149afbf4c8996fb92427ae41e4649b934ca495991b7852b855  ??  artifacts/rust-tauri/R05/RR2/G-R2/negative-ev/n06-midgate-mutation/evidence/CLIENT/sharing-vitest.stdout.log
40a62b8e4aa55f422f861892d16c73c8e7095bc188f1fff3de4b42df0ca6efb2  ??  artifacts/rust-tauri/R05/RR2/G-R2/negative-ev/n06-midgate-mutation/evidence/CLIENT/summary.json
49496b503c7ed9aadb2181888542d68d0757caa44464f5098cb290eaff7c02fe  ??  artifacts/rust-tauri/R05/RR2/G-R2/negative-ev/n06-midgate-mutation/evidence/CLI_RUST/build-current-service.stderr.log
e3b0c44298fc1c149afbf4c8996fb92427ae41e4649b934ca495991b7852b855  ??  artifacts/rust-tauri/R05/RR2/G-R2/negative-ev/n06-midgate-mutation/evidence/CLI_RUST/build-current-service.stdout.log
c65613707db8e418741cf1b81aac934a87611f030d12f15142c4a2e80a4cd6e5  ??  artifacts/rust-tauri/R05/RR2/G-R2/negative-ev/n06-midgate-mutation/evidence/CLI_RUST/cli-rust-cases.json
fef1da12458d4f58e5ac150ea8cf9628d7234180c32d4ceed0b3b71d4e83f05e  ??  artifacts/rust-tauri/R05/RR2/G-R2/negative-ev/n06-midgate-mutation/evidence/CLI_RUST/home-newer/data-epoch.json
64d0052d9025a6af3a1032760de3cabddb7d7921c2a195b082d0edd32517d63f  ??  artifacts/rust-tauri/R05/RR2/G-R2/negative-ev/n06-midgate-mutation/evidence/CLI_RUST/serve-beta-unavailable.stderr.log
e3b0c44298fc1c149afbf4c8996fb92427ae41e4649b934ca495991b7852b855  ??  artifacts/rust-tauri/R05/RR2/G-R2/negative-ev/n06-midgate-mutation/evidence/CLI_RUST/serve-beta-unavailable.stdout.log
64d0052d9025a6af3a1032760de3cabddb7d7921c2a195b082d0edd32517d63f  ??  artifacts/rust-tauri/R05/RR2/G-R2/negative-ev/n06-midgate-mutation/evidence/CLI_RUST/serve-downgrade-refused.stderr.log
e3b0c44298fc1c149afbf4c8996fb92427ae41e4649b934ca495991b7852b855  ??  artifacts/rust-tauri/R05/RR2/G-R2/negative-ev/n06-midgate-mutation/evidence/CLI_RUST/serve-downgrade-refused.stdout.log
64d0052d9025a6af3a1032760de3cabddb7d7921c2a195b082d0edd32517d63f  ??  artifacts/rust-tauri/R05/RR2/G-R2/negative-ev/n06-midgate-mutation/evidence/CLI_RUST/serve-invalid-bind.stderr.log
e3b0c44298fc1c149afbf4c8996fb92427ae41e4649b934ca495991b7852b855  ??  artifacts/rust-tauri/R05/RR2/G-R2/negative-ev/n06-midgate-mutation/evidence/CLI_RUST/serve-invalid-bind.stdout.log
64d0052d9025a6af3a1032760de3cabddb7d7921c2a195b082d0edd32517d63f  ??  artifacts/rust-tauri/R05/RR2/G-R2/negative-ev/n06-midgate-mutation/evidence/CLI_RUST/serve-newer-epoch.stderr.log
e3b0c44298fc1c149afbf4c8996fb92427ae41e4649b934ca495991b7852b855  ??  artifacts/rust-tauri/R05/RR2/G-R2/negative-ev/n06-midgate-mutation/evidence/CLI_RUST/serve-newer-epoch.stdout.log
64d0052d9025a6af3a1032760de3cabddb7d7921c2a195b082d0edd32517d63f  ??  artifacts/rust-tauri/R05/RR2/G-R2/negative-ev/n06-midgate-mutation/evidence/CLI_RUST/serve.stderr.log
e3b0c44298fc1c149afbf4c8996fb92427ae41e4649b934ca495991b7852b855  ??  artifacts/rust-tauri/R05/RR2/G-R2/negative-ev/n06-midgate-mutation/evidence/CLI_RUST/serve.stdout.log
64d0052d9025a6af3a1032760de3cabddb7d7921c2a195b082d0edd32517d63f  ??  artifacts/rust-tauri/R05/RR2/G-R2/negative-ev/n06-midgate-mutation/evidence/CLI_RUST/sessions-after-shutdown.stderr.log
e3b0c44298fc1c149afbf4c8996fb92427ae41e4649b934ca495991b7852b855  ??  artifacts/rust-tauri/R05/RR2/G-R2/negative-ev/n06-midgate-mutation/evidence/CLI_RUST/sessions-after-shutdown.stdout.log
b6e4ebb5311700ed99fc960921b269b38310b2c08ce4088bde4e36df255b5e8d  ??  artifacts/rust-tauri/R05/RR2/G-R2/negative-ev/n06-midgate-mutation/evidence/CLI_SESSIONS/auth/.last-body
c92508a29848820f033cd2ea015c85dde0953c88b07cc967ce34b7c08f610549  ??  artifacts/rust-tauri/R05/RR2/G-R2/negative-ev/n06-midgate-mutation/evidence/CLI_SESSIONS/auth/build.log
64d0052d9025a6af3a1032760de3cabddb7d7921c2a195b082d0edd32517d63f  ??  artifacts/rust-tauri/R05/RR2/G-R2/negative-ev/n06-midgate-mutation/evidence/CLI_SESSIONS/auth/cli-sessions-owner.stderr.log
e3b0c44298fc1c149afbf4c8996fb92427ae41e4649b934ca495991b7852b855  ??  artifacts/rust-tauri/R05/RR2/G-R2/negative-ev/n06-midgate-mutation/evidence/CLI_SESSIONS/auth/cli-sessions-owner.stdout.log
42e99bb03e38795e2f5e32640a81343d660bfa8a127119bcf2a56c8ce4899f1a  ??  artifacts/rust-tauri/R05/RR2/G-R2/negative-ev/n06-midgate-mutation/evidence/CLI_SESSIONS/auth/creds-after-authz.json
26c2d0660afc4a4ca8add681994b74d338a5c2cd8f5962dadcd70fe2dfa893dc  ??  artifacts/rust-tauri/R05/RR2/G-R2/negative-ev/n06-midgate-mutation/evidence/CLI_SESSIONS/auth/creds-before-authz.json
2eb7b7c22fc085f44cc1ee00c7900df6e83c0bcfb9de9055f569daad89846293  ??  artifacts/rust-tauri/R05/RR2/G-R2/negative-ev/n06-midgate-mutation/evidence/CLI_SESSIONS/auth/devices-after-authz.json
90c63a9cef0115d307c7271ab338de9c8db06aae2d38cafdc51f705f0997fd26  ??  artifacts/rust-tauri/R05/RR2/G-R2/negative-ev/n06-midgate-mutation/evidence/CLI_SESSIONS/auth/devices-before-authz.json
dff307e4c640949dedcdc9532023c91bc9cb61c9875d442016d8bd77ec5fd09a  ??  artifacts/rust-tauri/R05/RR2/G-R2/negative-ev/n06-midgate-mutation/evidence/CLI_SESSIONS/auth/leaf-cases.ndjson
fde6019db593afaf7b07d29d705efb4df58f92dafa67c923e4eb129ef67dfc3c  ??  artifacts/rust-tauri/R05/RR2/G-R2/negative-ev/n06-midgate-mutation/evidence/CLI_SESSIONS/auth/me-denied-after.sha256
fde6019db593afaf7b07d29d705efb4df58f92dafa67c923e4eb129ef67dfc3c  ??  artifacts/rust-tauri/R05/RR2/G-R2/negative-ev/n06-midgate-mutation/evidence/CLI_SESSIONS/auth/me-denied-before.sha256
2524b8b782e47b7bd33318a1132f384e43aa6a9378cdd1f50315570b6b03c74d  ??  artifacts/rust-tauri/R05/RR2/G-R2/negative-ev/n06-midgate-mutation/evidence/CLI_SESSIONS/auth/server-stderr.log
204ce307a90b44d06df756807d924813b25fec4c7ea4bf43acdecf858e0be7a4  ??  artifacts/rust-tauri/R05/RR2/G-R2/negative-ev/n06-midgate-mutation/evidence/CLI_SESSIONS/auth/server-stdout.log
619f672f5d1247eef1353214562142a0c18f81db27331b177429a79ec3342345  ??  artifacts/rust-tauri/R05/RR2/G-R2/negative-ev/n06-midgate-mutation/evidence/CLI_SESSIONS/auth/sessions-list-matrix.json
b27fe8de5d3bccfeb3a7bdbdb8eeec6bbefb9f84b026780b0d13b100eea6eb85  ??  artifacts/rust-tauri/R05/RR2/G-R2/negative-ev/n06-midgate-mutation/evidence/CLI_SESSIONS/auth/state-after-authn.txt
0ad2475ce51d27ca8d7d946616c550fa99d5cce5101b64fc81eb16260c5d1739  ??  artifacts/rust-tauri/R05/RR2/G-R2/negative-ev/n06-midgate-mutation/evidence/CLI_SESSIONS/auth/state-after.txt
b27fe8de5d3bccfeb3a7bdbdb8eeec6bbefb9f84b026780b0d13b100eea6eb85  ??  artifacts/rust-tauri/R05/RR2/G-R2/negative-ev/n06-midgate-mutation/evidence/CLI_SESSIONS/auth/state-before-authz.txt
b27fe8de5d3bccfeb3a7bdbdb8eeec6bbefb9f84b026780b0d13b100eea6eb85  ??  artifacts/rust-tauri/R05/RR2/G-R2/negative-ev/n06-midgate-mutation/evidence/CLI_SESSIONS/auth/state-before.txt
fc2ceb26e91cc50b86c6bf854b310dcd1c71519964d6c1012907b0d1a259537c  ??  artifacts/rust-tauri/R05/RR2/G-R2/negative-ev/n06-midgate-mutation/evidence/CLI_SESSIONS/auth/summary.txt
6a63b05e2116113ffdbe7aa6da153d30fcf9522e86d469c5335447e99009f738  ??  artifacts/rust-tauri/R05/RR2/G-R2/negative-ev/n06-midgate-mutation/evidence/CLI_SESSIONS/producer.stderr.log
7bf56a571b833b166b5c978d701a072d5b5443d41fb4e041d2d6940e6c2cc192  ??  artifacts/rust-tauri/R05/RR2/G-R2/negative-ev/n06-midgate-mutation/evidence/CLI_SESSIONS/producer.stdout.log
92c318976304cede432587b031cf04784f24dd69d80cebb4d2f72574c0643751  ??  artifacts/rust-tauri/R05/RR2/G-R2/negative-ev/n06-midgate-mutation/evidence/CLI_SESSIONS/summary.json
f673fa8162e870e604b75036bae83768e6720051797bfd04f652e3f201ce090d  ??  artifacts/rust-tauri/R05/RR2/G-R2/negative-ev/n06-midgate-mutation/evidence/MANAGEMENT/cargo.stderr.log
960e549c47e7e9420304ce670c0e96f86bc1ae916b239ec8dfe8afb1961fc0a8  ??  artifacts/rust-tauri/R05/RR2/G-R2/negative-ev/n06-midgate-mutation/evidence/MANAGEMENT/cargo.stdout.log
c16d96c2bbc4eef14de31b00b838cf09195165b6af4ba5beabb2d367a5f45227  ??  artifacts/rust-tauri/R05/RR2/G-R2/negative-ev/n06-midgate-mutation/evidence/MANAGEMENT/management-cases.json
11bb4318f3980e50257a1b06d1dc96698bfb7fa9bee82a3988812c2f04d7c778  ??  artifacts/rust-tauri/R05/RR2/G-R2/negative-ev/n06-midgate-mutation/evidence/MANAGEMENT/security-audit-sources.json
9942d5b6cb19561a778a46ea4f39f499d02af462a50c86dd191023a86d7458b6  ??  artifacts/rust-tauri/R05/RR2/G-R2/negative-ev/n06-midgate-mutation/evidence/MANAGEMENT/security-audit.jsonl
11195cad42a7112a5f40b1a94964c99eca656009d31a7906b09cb91c3eb85cba  ??  artifacts/rust-tauri/R05/RR2/G-R2/negative-ev/n06-midgate-mutation/evidence/MANAGEMENT/summary.json
caec28c020c6d78e2daf5e1d8d78f6adaa279b286baf672b56ea484857a03c77  ??  artifacts/rust-tauri/R05/RR2/G-R2/negative-ev/n06-midgate-mutation/evidence/MANAGEMENT/tls-cargo.stderr.log
009e1674b464c8c82e6119535a0a6c438acd8123c858ee720290e37a8f7918a7  ??  artifacts/rust-tauri/R05/RR2/G-R2/negative-ev/n06-midgate-mutation/evidence/MANAGEMENT/tls-cargo.stdout.log
c71ea5f7520ea670f1c6b38bedab8ba3d31e8c57b9481b5508f0b2e33992bac9  ??  artifacts/rust-tauri/R05/RR2/G-R2/negative-ev/n06-midgate-mutation/evidence/MANAGEMENT/tls-web-login-cases.json
f175728c874dfcc2779093548d69c51ba6dc15fbbf310e6c2cc840ee5cb1f6f9  ??  artifacts/rust-tauri/R05/RR2/G-R2/negative-ev/n06-midgate-mutation/evidence/MANAGEMENT/web-login-cases.json
3210549ad8ba2020373c716d3965943e7ea47864da906b2f6ae57914bcfcfd2c  ??  artifacts/rust-tauri/R05/RR2/G-R2/negative-ev/n06-midgate-mutation/evidence/STATIC_WEB/cargo.stderr.log
07b562a18b946497268b3142f27483156660fee20a610aef35b3f1a03173203b  ??  artifacts/rust-tauri/R05/RR2/G-R2/negative-ev/n06-midgate-mutation/evidence/STATIC_WEB/cargo.stdout.log
1c7affd88fbf974168567ad2bb7e59112ada629817bdf95bd681c594376fc0d5  ??  artifacts/rust-tauri/R05/RR2/G-R2/negative-ev/n06-midgate-mutation/evidence/STATIC_WEB/static-web-cases.json
563a7b7250ba7fcf4e18cec0638bbc09e62c8e14fbdb2c9a2c3244fe295aea9d  ??  artifacts/rust-tauri/R05/RR2/G-R2/negative-ev/n06-midgate-mutation/evidence/STATIC_WEB/summary.json
e3b0c44298fc1c149afbf4c8996fb92427ae41e4649b934ca495991b7852b855  ??  artifacts/rust-tauri/R05/RR2/G-R2/negative-ev/n06-midgate-mutation/evidence/a01_smoke/stderr.log
52c03621106244a22df13298b95eedf48fc39562551b8d1f7c0546c289198dae  ??  artifacts/rust-tauri/R05/RR2/G-R2/negative-ev/n06-midgate-mutation/evidence/a01_smoke/stdout.log
e3b0c44298fc1c149afbf4c8996fb92427ae41e4649b934ca495991b7852b855  ??  artifacts/rust-tauri/R05/RR2/G-R2/negative-ev/n06-midgate-mutation/evidence/a02_boundary_negative/stderr.log
06bf7b13dff6be9c551dfbd20a179d85db609670ba6c52c92066c08c1b2cddb8  ??  artifacts/rust-tauri/R05/RR2/G-R2/negative-ev/n06-midgate-mutation/evidence/a02_boundary_negative/stdout.log
c07a2309d8cbd2a043bf9c52a985b74acaf6d36b1c05f20ee5e9fe1701f37dd9  ??  artifacts/rust-tauri/R05/RR2/G-R2/negative-ev/n06-midgate-mutation/evidence/a03_dual_instance/stderr.log
c2eefa48ece17615da01785f8ace7aec794723ef65f2a2e00f4748c35e6d04d5  ??  artifacts/rust-tauri/R05/RR2/G-R2/negative-ev/n06-midgate-mutation/evidence/a03_dual_instance/stdout.log
e3b0c44298fc1c149afbf4c8996fb92427ae41e4649b934ca495991b7852b855  ??  artifacts/rust-tauri/R05/RR2/G-R2/negative-ev/n06-midgate-mutation/evidence/a04_path_priority/stderr.log
6fa74dbe442a48e7e7ee5684d9cea0d2ee74b080cb9c2545277d2a644639fae4  ??  artifacts/rust-tauri/R05/RR2/G-R2/negative-ev/n06-midgate-mutation/evidence/a04_path_priority/stdout.log
6a63b05e2116113ffdbe7aa6da153d30fcf9522e86d469c5335447e99009f738  ??  artifacts/rust-tauri/R05/RR2/G-R2/negative-ev/n06-midgate-mutation/evidence/a05_a06_auth_matrix/stderr.log
e7478725c137f91fb75f3052d46a3909089944ea47534cbfbf54ba7bd613277a  ??  artifacts/rust-tauri/R05/RR2/G-R2/negative-ev/n06-midgate-mutation/evidence/a05_a06_auth_matrix/stdout.log
d859453f0cdd8646cc19ab31581ed386c1ed68796aa517ec2f3dc8037ee7a977  ??  artifacts/rust-tauri/R05/RR2/G-R2/negative-ev/n06-midgate-mutation/evidence/a07_a08_storage_tx/stderr.log
1256f76b4a3062c0fbbdfb24c0f05e2ab81d87cf9be414a9672b1f358958f5cb  ??  artifacts/rust-tauri/R05/RR2/G-R2/negative-ev/n06-midgate-mutation/evidence/a07_a08_storage_tx/stdout.log
32c0eb4e02ae5ab89f0a9aa23e8c4b93d1b1c7ac662cefb32f55dcd01627bcb8  ??  artifacts/rust-tauri/R05/RR2/G-R2/negative-ev/n06-midgate-mutation/evidence/a07_live_fault_01_test/stderr.log
c7bd9c5b25dad3f41057c1817f7efe198af954a81ee120044c2f8e9ba66b2c82  ??  artifacts/rust-tauri/R05/RR2/G-R2/negative-ev/n06-midgate-mutation/evidence/a07_live_fault_01_test/stdout.log
e3b0c44298fc1c149afbf4c8996fb92427ae41e4649b934ca495991b7852b855  ??  artifacts/rust-tauri/R05/RR2/G-R2/negative-ev/n06-midgate-mutation/evidence/a07_live_fault_02_check/stderr.log
d3a7b9bbee6f55631dcb71388dad6f0c9868c8cee9add309936e4d04a1d18369  ??  artifacts/rust-tauri/R05/RR2/G-R2/negative-ev/n06-midgate-mutation/evidence/a07_live_fault_02_check/stdout.log
5dc11b5c29051fd5cc8adca25a942497fdc4998aa1dba874ec08015cd26b9fee  ??  artifacts/rust-tauri/R05/RR2/G-R2/negative-ev/n06-midgate-mutation/evidence/a09_a10_events_matrix/stderr.log
a4ccd0a82aa2ce2c0786a0520b3db049eeb50b2425d8425a85c8e96880be0fa2  ??  artifacts/rust-tauri/R05/RR2/G-R2/negative-ev/n06-midgate-mutation/evidence/a09_a10_events_matrix/stdout.log
e3b0c44298fc1c149afbf4c8996fb92427ae41e4649b934ca495991b7852b855  ??  artifacts/rust-tauri/R05/RR2/G-R2/negative-ev/n06-midgate-mutation/evidence/a11_backup_restore/stderr.log
f373b1e2bc8965ee98fe02da5e2dd52356ba8bf9df7ac3f8f702fc4bda97d14c  ??  artifacts/rust-tauri/R05/RR2/G-R2/negative-ev/n06-midgate-mutation/evidence/a11_backup_restore/stdout.log
e3b0c44298fc1c149afbf4c8996fb92427ae41e4649b934ca495991b7852b855  ??  artifacts/rust-tauri/R05/RR2/G-R2/negative-ev/n06-midgate-mutation/evidence/a12_recovery_drill/stderr.log
59a6f964ea5e6ebb0dba2a5d6d85df051799599ab5332f807587c133cc1dacd1  ??  artifacts/rust-tauri/R05/RR2/G-R2/negative-ev/n06-midgate-mutation/evidence/a12_recovery_drill/stdout.log
619117ef31142206e9d9b812b9177d72be01c1d314408dcd767d0dad6183fb6f  ??  artifacts/rust-tauri/R05/RR2/G-R2/negative-ev/n06-midgate-mutation/evidence/a13_redaction_scan/stderr.log
fd55a8dc466f1aed3be779b8c5457d2641fde792cc7cdf4e3f82964187d57af5  ??  artifacts/rust-tauri/R05/RR2/G-R2/negative-ev/n06-midgate-mutation/evidence/a13_redaction_scan/stdout.log
e3b0c44298fc1c149afbf4c8996fb92427ae41e4649b934ca495991b7852b855  ??  artifacts/rust-tauri/R05/RR2/G-R2/negative-ev/n06-midgate-mutation/evidence/a14_slow_subscriber/stderr.log
85f4ef9e03781ad0d2523c6b4d322a8aeb7e9928aea23333e791b59a0e660d74  ??  artifacts/rust-tauri/R05/RR2/G-R2/negative-ev/n06-midgate-mutation/evidence/a14_slow_subscriber/stdout.log
e3b0c44298fc1c149afbf4c8996fb92427ae41e4649b934ca495991b7852b855  ??  artifacts/rust-tauri/R05/RR2/G-R2/negative-ev/n06-midgate-mutation/evidence/a15_full_chain/stderr.log
ee76d963c2bae7e986dfe95edd6c4f234f37da4242ba9e6f006ef1a9ea8a079c  ??  artifacts/rust-tauri/R05/RR2/G-R2/negative-ev/n06-midgate-mutation/evidence/a15_full_chain/stdout.log
733d190aaddaa62cfe0bd69a07cebade6ddb0051a53c6dd503dd4ef51f113b50  ??  artifacts/rust-tauri/R05/RR2/G-R2/negative-ev/n06-midgate-mutation/evidence/a16_legacy_regression/stderr.log
34541311baa283b016e9976865e824631eeabce8db2b5772ced98d10ab9592e4  ??  artifacts/rust-tauri/R05/RR2/G-R2/negative-ev/n06-midgate-mutation/evidence/a16_legacy_regression/stdout.log
dd5cdebaa3ac8fab718984221baa09c7609290b2ddeaec042caba3eff0165f55  ??  artifacts/rust-tauri/R05/RR2/G-R2/negative-ev/n06-midgate-mutation/evidence/candidate-source-after.json
f64313c69fb10b746e0810d416b7c4c7a9d0bff6f159d17aa313aadad462a5d1  ??  artifacts/rust-tauri/R05/RR2/G-R2/negative-ev/n06-midgate-mutation/evidence/candidate-source-before.json
e3b0c44298fc1c149afbf4c8996fb92427ae41e4649b934ca495991b7852b855  ??  artifacts/rust-tauri/R05/RR2/G-R2/negative-ev/n06-midgate-mutation/evidence/supplemental_cli_rust_matrix/stderr.log
e3b0c44298fc1c149afbf4c8996fb92427ae41e4649b934ca495991b7852b855  ??  artifacts/rust-tauri/R05/RR2/G-R2/negative-ev/n06-midgate-mutation/evidence/supplemental_cli_rust_matrix/stdout.log
e3b0c44298fc1c149afbf4c8996fb92427ae41e4649b934ca495991b7852b855  ??  artifacts/rust-tauri/R05/RR2/G-R2/negative-ev/n06-midgate-mutation/evidence/supplemental_cli_sessions_matrix/stderr.log
6e83d418cdecb9da7bd76dc38ec91fe10efe10285f380f9a17f271563a2e0b2b  ??  artifacts/rust-tauri/R05/RR2/G-R2/negative-ev/n06-midgate-mutation/evidence/supplemental_cli_sessions_matrix/stdout.log
e3b0c44298fc1c149afbf4c8996fb92427ae41e4649b934ca495991b7852b855  ??  artifacts/rust-tauri/R05/RR2/G-R2/negative-ev/n06-midgate-mutation/evidence/supplemental_client_matrix/stderr.log
e7f9796cba1481bd6b99d287e3fc4dc0df0d55bcaca20af6b6e144da472172d4  ??  artifacts/rust-tauri/R05/RR2/G-R2/negative-ev/n06-midgate-mutation/evidence/supplemental_client_matrix/stdout.log
e3b0c44298fc1c149afbf4c8996fb92427ae41e4649b934ca495991b7852b855  ??  artifacts/rust-tauri/R05/RR2/G-R2/negative-ev/n06-midgate-mutation/evidence/supplemental_management_matrix/stderr.log
4c81de3cd970f4c125e7edb0b362ef2dbe8a7a8b1c02e31b5a33217c8b1e6438  ??  artifacts/rust-tauri/R05/RR2/G-R2/negative-ev/n06-midgate-mutation/evidence/supplemental_management_matrix/stdout.log
e3b0c44298fc1c149afbf4c8996fb92427ae41e4649b934ca495991b7852b855  ??  artifacts/rust-tauri/R05/RR2/G-R2/negative-ev/n06-midgate-mutation/evidence/supplemental_static_web_matrix/stderr.log
398104e02bc4195c92ef9637d1345be7f4760673693eb5bb5ae26093e267edd3  ??  artifacts/rust-tauri/R05/RR2/G-R2/negative-ev/n06-midgate-mutation/evidence/supplemental_static_web_matrix/stdout.log
09eff53e678b273ecde847540d57367056b99f2b751200c1f8e18cda7ad1ee35  ??  artifacts/rust-tauri/R05/RR2/G-R2/negative-ev/n06-midgate-mutation/evidence/verify-stage-result.json
4355a46b19d348dc2f57c046f8ef63d4538ebb936000f3c9ee954a27460dd865  ??  artifacts/rust-tauri/R05/RR2/G-R2/negative-ev/n06-midgate-mutation/exit-code.txt
4b8ff953d2144cc16dbec5210bab08e1063aea5ce0252555491ac74e0fa2c9b7  ??  artifacts/rust-tauri/R05/RR2/G-R2/negative-ev/n06-midgate-mutation/named-check.txt
7461fd78d62c218cffa40835bdb41b516225ded24afda5adc55932ba3db0c13c  ??  artifacts/rust-tauri/R05/RR2/G-R2/negative-ev/n06-midgate-mutation/run.log
53c234e5e8472b6ac51c1ae1cab3fe06fad053beb8ebfd8977b010655bfdd3c3  ??  artifacts/rust-tauri/R05/RR2/G-R2/negative-ev/n07-drop-r04reg/exit-code.txt
81d948ad44252570f5d521497cce87636726da0e44e6f91ae15dd8f625914b41  ??  artifacts/rust-tauri/R05/RR2/G-R2/negative-ev/n07-drop-r04reg/run.log
03fb5dc6f5d2204e0e738c29ea0b53e5618226a9da7614d5a57de9c9b9dff2cb  ??  artifacts/rust-tauri/R05/RR2/G-R2/negative-ev/n08-wiring-removed/binary.log
39b8dc3fc8b44765c8e6f1adee04c5b465e555ab791cc42d0d9e810d5b64297c  ??  artifacts/rust-tauri/R05/RR2/G-R2/negative-ev/n08-wiring-removed/exit-code.txt
9a271f2a916b0b6ee6cecb2426f0b3206ef074578be55d9bc94f6f3fe3ab86aa  ??  artifacts/rust-tauri/R05/RR2/G-R2/negative-ev/n08-wiring-removed/lib-exit-code.txt
cb676f194e4a7af64ec0806dfae1652668c4bf7f3bd5b68c33e12338f8ce38f7  ??  artifacts/rust-tauri/R05/RR2/G-R2/negative-ev/n08-wiring-removed/lib.log
39b8dc3fc8b44765c8e6f1adee04c5b465e555ab791cc42d0d9e810d5b64297c  ??  artifacts/rust-tauri/R05/RR2/G-R2/negative-ev/n09-fixed-done/exit-code.txt
1cef55344c9827240d5158813a5d13d0e9ba4f56d936c6bd9c63a6b01af92a5c  ??  artifacts/rust-tauri/R05/RR2/G-R2/negative-ev/n09-fixed-done/test.stdout.log
39b8dc3fc8b44765c8e6f1adee04c5b465e555ab791cc42d0d9e810d5b64297c  ??  artifacts/rust-tauri/R05/RR2/G-R2/negative-ev/n10-callid-mispair/exit-code.txt
24253788c89c0814b2ec4dd336b33a5cea6d0e58142fae46081e718d8c714e2e  ??  artifacts/rust-tauri/R05/RR2/G-R2/negative-ev/n10-callid-mispair/test.stdout.log
39b8dc3fc8b44765c8e6f1adee04c5b465e555ab791cc42d0d9e810d5b64297c  ??  artifacts/rust-tauri/R05/RR2/G-R2/negative-ev/n11-flatten-unknown/exit-code.txt
f901ac9971ee3f370cc43a8e2c605df02c29344c40becc9e926bc63f9295e1b9  ??  artifacts/rust-tauri/R05/RR2/G-R2/negative-ev/n11-flatten-unknown/test.stdout.log
39b8dc3fc8b44765c8e6f1adee04c5b465e555ab791cc42d0d9e810d5b64297c  ??  artifacts/rust-tauri/R05/RR2/G-R2/negative-ev/n12-permit-held/exit-code.txt
829ee69ee159e2c2b0d9d9c45f147b51c25f8c395ce0d86dfc854c3272473f1b  ??  artifacts/rust-tauri/R05/RR2/G-R2/negative-ev/n12-permit-held/test.stdout.log
53c234e5e8472b6ac51c1ae1cab3fe06fad053beb8ebfd8977b010655bfdd3c3  ??  artifacts/rust-tauri/R05/RR2/G-R2/negative-ev/n13-r04-deferred-regrade/exit-code.txt
a2958ee8a89ec2f9eb82bc61e43581ec4dfbf64cd413b02ba43aad9a43ef6add  ??  artifacts/rust-tauri/R05/RR2/G-R2/negative-ev/n13-r04-deferred-regrade/run.log
39b8dc3fc8b44765c8e6f1adee04c5b465e555ab791cc42d0d9e810d5b64297c  ??  artifacts/rust-tauri/R05/RR2/G-R2/negative-ev/n14-live-lane/exit-code.txt
60b21c4a59d29f2a3df6a4bb555f5c8afc88b97f2b6a44c6178241edd1a99661  ??  artifacts/rust-tauri/R05/RR2/G-R2/negative-ev/n14-live-lane/test.stdout.log
39b8dc3fc8b44765c8e6f1adee04c5b465e555ab791cc42d0d9e810d5b64297c  ??  artifacts/rust-tauri/R05/RR2/G-R2/negative-ev/n15-secret-in-error/exit-code.txt
eaace16cd5cf6494b6905d59fa7e3eb2ffafceef8261868b8401291f8948e02b  ??  artifacts/rust-tauri/R05/RR2/G-R2/negative-ev/n15-secret-in-error/test.stdout.log
a7c6882a45dbaefd37c17f1da98fee82c0ba4fa5d79908d624741725ff887328  ??  artifacts/rust-tauri/R05/RR2/G-R2/negative-ev/n16-binding-drift/exit-codes.txt
29e97dbd2249d35842e577914e8ada50361d3446312491b3771adb90414994bf  ??  artifacts/rust-tauri/R05/RR2/G-R2/negative-ev/n16-binding-drift/named-check.txt
0dd95d89e7695977895d046c45446346c3e1029cd465913650bf3270b1a8bfbf  ??  artifacts/rust-tauri/R05/RR2/G-R2/negative-ev/n16-binding-drift/reuse.log
3fc4ae5f30040a6d5a8b420897fa6a8090e02e34d5c3dab7ac0b5ed1d544a85f  ??  artifacts/rust-tauri/R05/RR2/G-R2/negative-ev/n16-binding-drift/run-a.log
32c4c717e867467e52f3203b23384e9e93417f3422fb39e5b839136bd9c14275  ??  artifacts/rust-tauri/R05/RR2/G-R2/negative-ev/n16-binding-drift/run-a/A01/a01-build.log
e3b0c44298fc1c149afbf4c8996fb92427ae41e4649b934ca495991b7852b855  ??  artifacts/rust-tauri/R05/RR2/G-R2/negative-ev/n16-binding-drift/run-a/A01/a01-cargo-metadata.err
996a32435ca69af13742229865bfca1e3d666d7716c73976b473a34b4b3d0c6e  ??  artifacts/rust-tauri/R05/RR2/G-R2/negative-ev/n16-binding-drift/run-a/A01/a01-cargo-metadata.json
e3b0c44298fc1c149afbf4c8996fb92427ae41e4649b934ca495991b7852b855  ??  artifacts/rust-tauri/R05/RR2/G-R2/negative-ev/n16-binding-drift/run-a/A01/a01-child-snapshot.tsv
589b7d1ecfce24e61c9754a2e1d22565c2b907dbc904038c4333ddba76c753b7  ??  artifacts/rust-tauri/R05/RR2/G-R2/negative-ev/n16-binding-drift/run-a/A01/a01-deptree-evidence.log
f7fcacea611f836fcfee896f96b921cb6f11f87ef330adf7f40d820cb361ac1c  ??  artifacts/rust-tauri/R05/RR2/G-R2/negative-ev/n16-binding-drift/run-a/A01/a01-health-body.json
ce8e91e2bb58529946f22fe61ea1f93511ca96850d113ffadcd9a8a9aa3b9082  ??  artifacts/rust-tauri/R05/RR2/G-R2/negative-ev/n16-binding-drift/run-a/A01/a01-health-check.log
3776f2b0f0742e074b9f4f1c37ae65014181ec45c6bbc96c7cf47e4015d523dc  ??  artifacts/rust-tauri/R05/RR2/G-R2/negative-ev/n16-binding-drift/run-a/A01/a01-invalid-bind-homes-after.txt
3776f2b0f0742e074b9f4f1c37ae65014181ec45c6bbc96c7cf47e4015d523dc  ??  artifacts/rust-tauri/R05/RR2/G-R2/negative-ev/n16-binding-drift/run-a/A01/a01-invalid-bind-homes-before.txt
bd84f8ddedc8d4a798d42ce9bc1673e9e1c662167f3082562e8a40472b95ab7d  ??  artifacts/rust-tauri/R05/RR2/G-R2/negative-ev/n16-binding-drift/run-a/A01/a01-invalid-bind.stderr.log
e3b0c44298fc1c149afbf4c8996fb92427ae41e4649b934ca495991b7852b855  ??  artifacts/rust-tauri/R05/RR2/G-R2/negative-ev/n16-binding-drift/run-a/A01/a01-invalid-bind.stdout.log
6c88f1bf243b09c3f5c0207654b095224ce3608f74e78b992b2a648ff6ad119b  ??  artifacts/rust-tauri/R05/RR2/G-R2/negative-ev/n16-binding-drift/run-a/A01/a01-leaf-cases.json
27017ba3e14b3d7ae20c1d1d47cf97d63aec24b2df0ac63a75898e9483640998  ??  artifacts/rust-tauri/R05/RR2/G-R2/negative-ev/n16-binding-drift/run-a/A01/a01-newer-config-data-fallback-after.txt
27017ba3e14b3d7ae20c1d1d47cf97d63aec24b2df0ac63a75898e9483640998  ??  artifacts/rust-tauri/R05/RR2/G-R2/negative-ev/n16-binding-drift/run-a/A01/a01-newer-config-data-fallback-before.txt
92af65de07043ed6b8c3603cfe83ec636e8b31790d2c1b433ed3cb4459751e5b  ??  artifacts/rust-tauri/R05/RR2/G-R2/negative-ev/n16-binding-drift/run-a/A01/a01-newer-config-data-homes-after.txt
b8bb0e0fff4b721085c327fc1f81d5ede3756df3f42ce2c0112a062ab8bb43ba  ??  artifacts/rust-tauri/R05/RR2/G-R2/negative-ev/n16-binding-drift/run-a/A01/a01-newer-config-data-homes-before.txt
dc9b16f94f7de92c6b9c888e0bc4beee37cc9d91d534e6f128329e29b935c7c6  ??  artifacts/rust-tauri/R05/RR2/G-R2/negative-ev/n16-binding-drift/run-a/A01/a01-newer-config-data-original-after.sha256
dc9b16f94f7de92c6b9c888e0bc4beee37cc9d91d534e6f128329e29b935c7c6  ??  artifacts/rust-tauri/R05/RR2/G-R2/negative-ev/n16-binding-drift/run-a/A01/a01-newer-config-data-original-before.sha256
bdf84850b10a5b0c91c86cf50a0500dbc9e0cef6f198892c6f32514fd2d68c12  ??  artifacts/rust-tauri/R05/RR2/G-R2/negative-ev/n16-binding-drift/run-a/A01/a01-newer-config-data.stderr.log
e3b0c44298fc1c149afbf4c8996fb92427ae41e4649b934ca495991b7852b855  ??  artifacts/rust-tauri/R05/RR2/G-R2/negative-ev/n16-binding-drift/run-a/A01/a01-newer-config-data.stdout.log
27017ba3e14b3d7ae20c1d1d47cf97d63aec24b2df0ac63a75898e9483640998  ??  artifacts/rust-tauri/R05/RR2/G-R2/negative-ev/n16-binding-drift/run-a/A01/a01-newer-data-fallback-after.txt
27017ba3e14b3d7ae20c1d1d47cf97d63aec24b2df0ac63a75898e9483640998  ??  artifacts/rust-tauri/R05/RR2/G-R2/negative-ev/n16-binding-drift/run-a/A01/a01-newer-data-fallback-before.txt
b3dcb8297b76bf27cb356ab53e379b84b211d04766ca2f4350eee9a59056966c  ??  artifacts/rust-tauri/R05/RR2/G-R2/negative-ev/n16-binding-drift/run-a/A01/a01-newer-data-homes-after.txt
93caff759087d62def1589fa73218ad5fe5d7092ff5a3d786b922d3b436245c0  ??  artifacts/rust-tauri/R05/RR2/G-R2/negative-ev/n16-binding-drift/run-a/A01/a01-newer-data-homes-before.txt
765e721e6a26c173fc822f825940c290af22b7532c542fc814057cb00fc7f82f  ??  artifacts/rust-tauri/R05/RR2/G-R2/negative-ev/n16-binding-drift/run-a/A01/a01-newer-data-original-after.sha256
765e721e6a26c173fc822f825940c290af22b7532c542fc814057cb00fc7f82f  ??  artifacts/rust-tauri/R05/RR2/G-R2/negative-ev/n16-binding-drift/run-a/A01/a01-newer-data-original-before.sha256
ee2d552231f590bebddb717036d6454b0975765f3ee896a89ff1b86a5c297ee6  ??  artifacts/rust-tauri/R05/RR2/G-R2/negative-ev/n16-binding-drift/run-a/A01/a01-newer-data.stderr.log
e3b0c44298fc1c149afbf4c8996fb92427ae41e4649b934ca495991b7852b855  ??  artifacts/rust-tauri/R05/RR2/G-R2/negative-ev/n16-binding-drift/run-a/A01/a01-newer-data.stdout.log
27017ba3e14b3d7ae20c1d1d47cf97d63aec24b2df0ac63a75898e9483640998  ??  artifacts/rust-tauri/R05/RR2/G-R2/negative-ev/n16-binding-drift/run-a/A01/a01-newer-env-data-fallback-after.txt
27017ba3e14b3d7ae20c1d1d47cf97d63aec24b2df0ac63a75898e9483640998  ??  artifacts/rust-tauri/R05/RR2/G-R2/negative-ev/n16-binding-drift/run-a/A01/a01-newer-env-data-fallback-before.txt
c13b2a22ace692a6c3323052d65c235527861168b02fdb79b7312dc19a3bc3e4  ??  artifacts/rust-tauri/R05/RR2/G-R2/negative-ev/n16-binding-drift/run-a/A01/a01-newer-env-data-homes-after.txt
470ad244466261153bc87b8cdc3eb50d4124b39c852b690af10107305dcbd4b0  ??  artifacts/rust-tauri/R05/RR2/G-R2/negative-ev/n16-binding-drift/run-a/A01/a01-newer-env-data-homes-before.txt
4376fc74bccac45449ee40c1dfe72f909dd9def5f9f2f43b068e447ed9f3d362  ??  artifacts/rust-tauri/R05/RR2/G-R2/negative-ev/n16-binding-drift/run-a/A01/a01-newer-env-data-original-after.sha256
4376fc74bccac45449ee40c1dfe72f909dd9def5f9f2f43b068e447ed9f3d362  ??  artifacts/rust-tauri/R05/RR2/G-R2/negative-ev/n16-binding-drift/run-a/A01/a01-newer-env-data-original-before.sha256
71c0bfa00bec29041116fa30634c7227ae7873241ef54b60a076123cef6cf433  ??  artifacts/rust-tauri/R05/RR2/G-R2/negative-ev/n16-binding-drift/run-a/A01/a01-newer-env-data.stderr.log
e3b0c44298fc1c149afbf4c8996fb92427ae41e4649b934ca495991b7852b855  ??  artifacts/rust-tauri/R05/RR2/G-R2/negative-ev/n16-binding-drift/run-a/A01/a01-newer-env-data.stdout.log
14b12aa0051a7bbf4d5547731a25b17d531753bb235c315a7b894b0685e3b765  ??  artifacts/rust-tauri/R05/RR2/G-R2/negative-ev/n16-binding-drift/run-a/A01/a01-service-stderr.log
87afc94107175b3225f34ead55bdee43235c61c38139ebb86da15ac97033b718  ??  artifacts/rust-tauri/R05/RR2/G-R2/negative-ev/n16-binding-drift/run-a/A01/a01-service-stdout.log
2407ddc61f54fa51f4038797f90bacc86b5fbaf21870d2bf603a22d363880c4a  ??  artifacts/rust-tauri/R05/RR2/G-R2/negative-ev/n16-binding-drift/run-a/A01/a01-shutdown.log
3ce1005240a8ebfb25acd73c8ec01b4df742a35b81e2a622a6c65bf368865033  ??  artifacts/rust-tauri/R05/RR2/G-R2/negative-ev/n16-binding-drift/run-a/A01/leaf-cases.ndjson
d99ada8df8ff7853d02908eb6bb04adfa1e06d15fa8e1af10a9ecaa46d7ca330  ??  artifacts/rust-tauri/R05/RR2/G-R2/negative-ev/n16-binding-drift/run-a/A02/a02-green-baseline.log
d99ada8df8ff7853d02908eb6bb04adfa1e06d15fa8e1af10a9ecaa46d7ca330  ??  artifacts/rust-tauri/R05/RR2/G-R2/negative-ev/n16-binding-drift/run-a/A02/a02-green-na-restored.log
d99ada8df8ff7853d02908eb6bb04adfa1e06d15fa8e1af10a9ecaa46d7ca330  ??  artifacts/rust-tauri/R05/RR2/G-R2/negative-ev/n16-binding-drift/run-a/A02/a02-green-nb-restored.log
d99ada8df8ff7853d02908eb6bb04adfa1e06d15fa8e1af10a9ecaa46d7ca330  ??  artifacts/rust-tauri/R05/RR2/G-R2/negative-ev/n16-binding-drift/run-a/A02/a02-green-nc-restored.log
1b722463d3e810df3a9a644bfa6906d42b28a8ad38c450666b39d810716ba234  ??  artifacts/rust-tauri/R05/RR2/G-R2/negative-ev/n16-binding-drift/run-a/A02/a02-na-source-token.log
4e325fc8db3c593186b5ddb715a2a542d50647dc12d52d49e507c63f997661b9  ??  artifacts/rust-tauri/R05/RR2/G-R2/negative-ev/n16-binding-drift/run-a/A02/a02-nb-dep-edge.log
52f6a39b569099260ffa15a4ab53a035a92bafe121af43ac2f58cd9e2a3ca634  ??  artifacts/rust-tauri/R05/RR2/G-R2/negative-ev/n16-binding-drift/run-a/A02/a02-nc-service-inversion.log
6c7af580549ddf9f2602564842cc5059dae8e004314e97f7a4bdde9d01c9e90b  ??  artifacts/rust-tauri/R05/RR2/G-R2/negative-ev/n16-binding-drift/run-a/A02/a02-residue-check.log
12b1f73b23c291e5672273e255359807baf733273fc6a000604884fa3787c18e  ??  artifacts/rust-tauri/R05/RR2/G-R2/negative-ev/n16-binding-drift/run-a/A02/a02-summary.log
88103eb31010e04b323e53865a317cba51bdadc69d24a183a2f693c06972ab54  ??  artifacts/rust-tauri/R05/RR2/G-R2/negative-ev/n16-binding-drift/run-a/A03/a03-build.log
46617db1c094b99f63da66d1cbd4df0b573a62d8db39282441bca3e094ce97bc  ??  artifacts/rust-tauri/R05/RR2/G-R2/negative-ev/n16-binding-drift/run-a/A03/a03-forged-record.json
f7fcacea611f836fcfee896f96b921cb6f11f87ef330adf7f40d820cb361ac1c  ??  artifacts/rust-tauri/R05/RR2/G-R2/negative-ev/n16-binding-drift/run-a/A03/a03-inst1-health.json
37cb718d0efc08e28f74c962401dafbc3a68144970549efabeb7960920bce036  ??  artifacts/rust-tauri/R05/RR2/G-R2/negative-ev/n16-binding-drift/run-a/A03/a03-inst1-stderr.log
52af48802a578f6ed38d737cfe1dcd6875cbb640e42b3565f91ae5ebb5e322f7  ??  artifacts/rust-tauri/R05/RR2/G-R2/negative-ev/n16-binding-drift/run-a/A03/a03-inst1-stdout.log
be2ca605b01fd45ae95ed47e08a231b3fd3d102a855e9568856b75d6c37fb94c  ??  artifacts/rust-tauri/R05/RR2/G-R2/negative-ev/n16-binding-drift/run-a/A03/a03-inst2-marker.txt
9ed55904759b5f95f1c54f45824c0e795fffb7fc36c9a1fae84393c33d126f80  ??  artifacts/rust-tauri/R05/RR2/G-R2/negative-ev/n16-binding-drift/run-a/A03/a03-inst2-stderr.log
e3b0c44298fc1c149afbf4c8996fb92427ae41e4649b934ca495991b7852b855  ??  artifacts/rust-tauri/R05/RR2/G-R2/negative-ev/n16-binding-drift/run-a/A03/a03-inst2-stdout.log
8f75ccd23f074b738eaf65276f0d3869dc71c159c04073e893b8e76b34915756  ??  artifacts/rust-tauri/R05/RR2/G-R2/negative-ev/n16-binding-drift/run-a/A03/a03-inst2b-stderr.log
e3b0c44298fc1c149afbf4c8996fb92427ae41e4649b934ca495991b7852b855  ??  artifacts/rust-tauri/R05/RR2/G-R2/negative-ev/n16-binding-drift/run-a/A03/a03-inst2b-stdout.log
2935bbe20d22bc2e4e039ccc363a38fa7654848b41a06f15202d72eff5ca1426  ??  artifacts/rust-tauri/R05/RR2/G-R2/negative-ev/n16-binding-drift/run-a/A03/a03-inst3-stderr.log
e05797494bb1e51521c9547b1a7b1c4acacf8699c786839f1c3e8ef895cd8136  ??  artifacts/rust-tauri/R05/RR2/G-R2/negative-ev/n16-binding-drift/run-a/A03/a03-inst3-stdout.log
84412ad38a2221afdaf962ab6bc285f4635a58894d889eed2d0ffcf2956a7250  ??  artifacts/rust-tauri/R05/RR2/G-R2/negative-ev/n16-binding-drift/run-a/A03/a03-inst4-stderr.log
5e132de3adcef6e8a037a8c1d503912a4c06c0ece5f6de0ed6f19980c854d658  ??  artifacts/rust-tauri/R05/RR2/G-R2/negative-ev/n16-binding-drift/run-a/A03/a03-inst4-stdout.log
737c7f657b0f56511c68f2b288a26b77771a5e93c199abe4cec4e2a8520c2c8e  ??  artifacts/rust-tauri/R05/RR2/G-R2/negative-ev/n16-binding-drift/run-a/A03/a03-summary.txt
a5f4c585ee974ca44916ac30a98bbc189e067a7e0a6bc6d2e8d6bc525be724af  ??  artifacts/rust-tauri/R05/RR2/G-R2/negative-ev/n16-binding-drift/run-a/A04/a04-build.log
828185e9287d255b406a675dc1b5645f850ecef01b999d9434d859d0ee659758  ??  artifacts/rust-tauri/R05/RR2/G-R2/negative-ev/n16-binding-drift/run-a/A04/a04-cli-stderr.log
45b0d4e7b7460d2d90138882a1858dd997d372728d08a9cd94b3ed10d2a491d2  ??  artifacts/rust-tauri/R05/RR2/G-R2/negative-ev/n16-binding-drift/run-a/A04/a04-cli-stdout.log
f789aa50224df1760213907ed6da2792bfc2174f220e035641bb2987fd6e6649  ??  artifacts/rust-tauri/R05/RR2/G-R2/negative-ev/n16-binding-drift/run-a/A04/a04-config-file-stderr.log
9f601fd87455653924012526d83e1b3041dc0358c516a1611d4d868a42d2c8d6  ??  artifacts/rust-tauri/R05/RR2/G-R2/negative-ev/n16-binding-drift/run-a/A04/a04-config-file-stdout.log
8e1c4b8e2305b7e93b92b8aec9a963be648d718f959b43a89a2fc06b7812ed22  ??  artifacts/rust-tauri/R05/RR2/G-R2/negative-ev/n16-binding-drift/run-a/A04/a04-conflict-stderr.log
8eccd3196aef3d955b3b0bc110237b33da62fc52f7a5cff9ee4a78458d5c6eaa  ??  artifacts/rust-tauri/R05/RR2/G-R2/negative-ev/n16-binding-drift/run-a/A04/a04-conflict-stdout.log
f766070ba17339b0a5768cafe8d6fdce1d3f8bfd713b6b58056b6b3ecff2d7a6  ??  artifacts/rust-tauri/R05/RR2/G-R2/negative-ev/n16-binding-drift/run-a/A04/a04-env-stderr.log
cca59cc85a8052f193bc7f662850e5080c688a032227fb4593a673167b61851f  ??  artifacts/rust-tauri/R05/RR2/G-R2/negative-ev/n16-binding-drift/run-a/A04/a04-env-stdout.log
9157426f1061ad6bacf4126ea69d8e303a85d2e62fed857337ffb5f78bf9a51a  ??  artifacts/rust-tauri/R05/RR2/G-R2/negative-ev/n16-binding-drift/run-a/A04/a04-neg-bad-config-stderr.log
e3b0c44298fc1c149afbf4c8996fb92427ae41e4649b934ca495991b7852b855  ??  artifacts/rust-tauri/R05/RR2/G-R2/negative-ev/n16-binding-drift/run-a/A04/a04-neg-bad-config-stdout.log
a3f3c5d59c61ea3d24e5516375dcac973e111e399df39dae520f24b28060c798  ??  artifacts/rust-tauri/R05/RR2/G-R2/negative-ev/n16-binding-drift/run-a/A04/a04-neg-duplicate-home-stderr.log
e3b0c44298fc1c149afbf4c8996fb92427ae41e4649b934ca495991b7852b855  ??  artifacts/rust-tauri/R05/RR2/G-R2/negative-ev/n16-binding-drift/run-a/A04/a04-neg-duplicate-home-stdout.log
4dd6b46b5be04022c349d01231f49d03f71e0b5c296ff047e1ba488bf62a3590  ??  artifacts/rust-tauri/R05/RR2/G-R2/negative-ev/n16-binding-drift/run-a/A04/a04-neg-equals-form-stderr.log
e3b0c44298fc1c149afbf4c8996fb92427ae41e4649b934ca495991b7852b855  ??  artifacts/rust-tauri/R05/RR2/G-R2/negative-ev/n16-binding-drift/run-a/A04/a04-neg-equals-form-stdout.log
7e4aae0c679d86a40a80b624c339a9504446c9f91082b5720376f979dce48903  ??  artifacts/rust-tauri/R05/RR2/G-R2/negative-ev/n16-binding-drift/run-a/A04/a04-neg-flag-shaped-stderr.log
e3b0c44298fc1c149afbf4c8996fb92427ae41e4649b934ca495991b7852b855  ??  artifacts/rust-tauri/R05/RR2/G-R2/negative-ev/n16-binding-drift/run-a/A04/a04-neg-flag-shaped-stdout.log
f0921fab4124b47da74e0c9e0b7c9d8e6636160d1687a866bd8a5a0c5ff7d0d4  ??  artifacts/rust-tauri/R05/RR2/G-R2/negative-ev/n16-binding-drift/run-a/A04/a04-neg-missing-config-stderr.log
e3b0c44298fc1c149afbf4c8996fb92427ae41e4649b934ca495991b7852b855  ??  artifacts/rust-tauri/R05/RR2/G-R2/negative-ev/n16-binding-drift/run-a/A04/a04-neg-missing-config-stdout.log
9cd1e311917750968837235cde159dc415b33c7357459942148e67cd22aee77c  ??  artifacts/rust-tauri/R05/RR2/G-R2/negative-ev/n16-binding-drift/run-a/A04/a04-neg-no-source-stderr.log
e3b0c44298fc1c149afbf4c8996fb92427ae41e4649b934ca495991b7852b855  ??  artifacts/rust-tauri/R05/RR2/G-R2/negative-ev/n16-binding-drift/run-a/A04/a04-neg-no-source-stdout.log
4cadf35a4ad80bdf06690b0c8db169405caeba3b205fc2488b31426397df2e8e  ??  artifacts/rust-tauri/R05/RR2/G-R2/negative-ev/n16-binding-drift/run-a/A04/a04-neg-relative-home-stderr.log
e3b0c44298fc1c149afbf4c8996fb92427ae41e4649b934ca495991b7852b855  ??  artifacts/rust-tauri/R05/RR2/G-R2/negative-ev/n16-binding-drift/run-a/A04/a04-neg-relative-home-stdout.log
6189dcc7e8b3a0f39519bf31d3442bf61024df4834bd5a46b961426ba2f2d785  ??  artifacts/rust-tauri/R05/RR2/G-R2/negative-ev/n16-binding-drift/run-a/A04/a04-summary.txt
1fce7a9713633deeae56b50ab910dfd5f3a3b3610f49d842bc78441b7d7b130d  ??  artifacts/rust-tauri/R05/RR2/G-R2/negative-ev/n16-binding-drift/run-a/A04/a04-test-mode-stderr.log
ead89ce2154b480f84b92aaa935eefb5209c353e0fbe2d297355f59810478ad2  ??  artifacts/rust-tauri/R05/RR2/G-R2/negative-ev/n16-binding-drift/run-a/A04/a04-test-mode-stdout.log
50d39dcc4e8f7db15a20815078d7d69fdee699c29e9d2fd25afc5499370e5d90  ??  artifacts/rust-tauri/R05/RR2/G-R2/negative-ev/n16-binding-drift/run-a/A05_A06/.last-body
a5f4c585ee974ca44916ac30a98bbc189e067a7e0a6bc6d2e8d6bc525be724af  ??  artifacts/rust-tauri/R05/RR2/G-R2/negative-ev/n16-binding-drift/run-a/A05_A06/build.log
64d0052d9025a6af3a1032760de3cabddb7d7921c2a195b082d0edd32517d63f  ??  artifacts/rust-tauri/R05/RR2/G-R2/negative-ev/n16-binding-drift/run-a/A05_A06/cli-sessions-owner.stderr.log
e3b0c44298fc1c149afbf4c8996fb92427ae41e4649b934ca495991b7852b855  ??  artifacts/rust-tauri/R05/RR2/G-R2/negative-ev/n16-binding-drift/run-a/A05_A06/cli-sessions-owner.stdout.log
44a567870e2ed34b83a95e9c62ae4d76bb3aa8f722294033bfd7e0628cda6ff0  ??  artifacts/rust-tauri/R05/RR2/G-R2/negative-ev/n16-binding-drift/run-a/A05_A06/creds-after-authz.json
2047255bf39917c5478cf5048c1b78266e171499193f1daef3124a6514a385ec  ??  artifacts/rust-tauri/R05/RR2/G-R2/negative-ev/n16-binding-drift/run-a/A05_A06/creds-before-authz.json
73a8165afc151690f12f24efed568ada357bc81fda9b2e52e5cf86add10eca21  ??  artifacts/rust-tauri/R05/RR2/G-R2/negative-ev/n16-binding-drift/run-a/A05_A06/devices-after-authz.json
40d6d63cb84b845c81c309cddb4e7cee54dcec4f24679f2a7a4b26ff5c75b6af  ??  artifacts/rust-tauri/R05/RR2/G-R2/negative-ev/n16-binding-drift/run-a/A05_A06/devices-before-authz.json
dff307e4c640949dedcdc9532023c91bc9cb61c9875d442016d8bd77ec5fd09a  ??  artifacts/rust-tauri/R05/RR2/G-R2/negative-ev/n16-binding-drift/run-a/A05_A06/leaf-cases.ndjson
e99e8d6b5699038509c2be2ef503b38b797b4fceee32992dfa8df3a77b80d092  ??  artifacts/rust-tauri/R05/RR2/G-R2/negative-ev/n16-binding-drift/run-a/A05_A06/me-denied-after.sha256
e99e8d6b5699038509c2be2ef503b38b797b4fceee32992dfa8df3a77b80d092  ??  artifacts/rust-tauri/R05/RR2/G-R2/negative-ev/n16-binding-drift/run-a/A05_A06/me-denied-before.sha256
256d35582c5bf29786539d5c39f72320dc21d743a58004b5c60605aafa46459a  ??  artifacts/rust-tauri/R05/RR2/G-R2/negative-ev/n16-binding-drift/run-a/A05_A06/server-stderr.log
9b3c9de7da1f3f0ffc390e24d5eb70b402d073714598afaf1c29efa083d4650e  ??  artifacts/rust-tauri/R05/RR2/G-R2/negative-ev/n16-binding-drift/run-a/A05_A06/server-stdout.log
619f672f5d1247eef1353214562142a0c18f81db27331b177429a79ec3342345  ??  artifacts/rust-tauri/R05/RR2/G-R2/negative-ev/n16-binding-drift/run-a/A05_A06/sessions-list-matrix.json
5df2c614b189f2bc34ad730e7d0e1f76ddf705273e8500b66f38bfc9cd96e9cf  ??  artifacts/rust-tauri/R05/RR2/G-R2/negative-ev/n16-binding-drift/run-a/A05_A06/state-after-authn.txt
bcdff6c1581ae090a9ce8e14f8d2b8572f55c18abf38158fa8b0c8e10913e752  ??  artifacts/rust-tauri/R05/RR2/G-R2/negative-ev/n16-binding-drift/run-a/A05_A06/state-after.txt
5df2c614b189f2bc34ad730e7d0e1f76ddf705273e8500b66f38bfc9cd96e9cf  ??  artifacts/rust-tauri/R05/RR2/G-R2/negative-ev/n16-binding-drift/run-a/A05_A06/state-before-authz.txt
5df2c614b189f2bc34ad730e7d0e1f76ddf705273e8500b66f38bfc9cd96e9cf  ??  artifacts/rust-tauri/R05/RR2/G-R2/negative-ev/n16-binding-drift/run-a/A05_A06/state-before.txt
9efdc7f0d05b620fffcbf2bc03fd5f8b36d0d45fae47476a230b1d94c718021c  ??  artifacts/rust-tauri/R05/RR2/G-R2/negative-ev/n16-binding-drift/run-a/A05_A06/summary.txt
6c3f120bb5447f5d22afa3bd03380f6801d503ac82658874890027035783b1b2  ??  artifacts/rust-tauri/R05/RR2/G-R2/negative-ev/n16-binding-drift/run-a/A07_A08/build.log
6a61b6318fa3206f6e009382f66f7f69f7a45a66a991c70b2391cc5e8ce2c205  ??  artifacts/rust-tauri/R05/RR2/G-R2/negative-ev/n16-binding-drift/run-a/A07_A08/last-db-hashes.txt
4baf80f747bdab4baef58c3bdd2c33084623a1597aee5ed9975b2ca3672ffff8  ??  artifacts/rust-tauri/R05/RR2/G-R2/negative-ev/n16-binding-drift/run-a/A07_A08/s0-registry-consistency.log
d713b4d2f2123afe9c6c7fc9f2e89746849192a9276c9c9383b94d4ab7fd0c66  ??  artifacts/rust-tauri/R05/RR2/G-R2/negative-ev/n16-binding-drift/run-a/A07_A08/s1-counts-after-stop.json
347987f9452c382b32e905cd01a47510e5b5052b9177d6711a0828ded331f07a  ??  artifacts/rust-tauri/R05/RR2/G-R2/negative-ev/n16-binding-drift/run-a/A07_A08/s2-counts-after-crash.json
395a0a985523e3f9fd7863f303752683ad82f7061b5a9da255271cc0fdfe8c8d  ??  artifacts/rust-tauri/R05/RR2/G-R2/negative-ev/n16-binding-drift/run-a/A07_A08/s2-runs-dump.jsonl
e1c6609fe996496be51d27b0bbe318ddbbbff682e979bc00c9c0d0401038a19f  ??  artifacts/rust-tauri/R05/RR2/G-R2/negative-ev/n16-binding-drift/run-a/A07_A08/s3-fault.err
e3b0c44298fc1c149afbf4c8996fb92427ae41e4649b934ca495991b7852b855  ??  artifacts/rust-tauri/R05/RR2/G-R2/negative-ev/n16-binding-drift/run-a/A07_A08/s3-fault.out
45a2780a24ce343cb01c42941eb7766528af39ca7f895e90a2bc78be44fec78d  ??  artifacts/rust-tauri/R05/RR2/G-R2/negative-ev/n16-binding-drift/run-a/A07_A08/s4-hashes-after.txt
45a2780a24ce343cb01c42941eb7766528af39ca7f895e90a2bc78be44fec78d  ??  artifacts/rust-tauri/R05/RR2/G-R2/negative-ev/n16-binding-drift/run-a/A07_A08/s4-hashes-before.txt
6fba3f84615053c50d94acb5717321d340decf4cd64351dd7a2b830f57200c8a  ??  artifacts/rust-tauri/R05/RR2/G-R2/negative-ev/n16-binding-drift/run-a/A07_A08/s4-migrations-round1.json
6fba3f84615053c50d94acb5717321d340decf4cd64351dd7a2b830f57200c8a  ??  artifacts/rust-tauri/R05/RR2/G-R2/negative-ev/n16-binding-drift/run-a/A07_A08/s4-migrations-round2.json
6fba3f84615053c50d94acb5717321d340decf4cd64351dd7a2b830f57200c8a  ??  artifacts/rust-tauri/R05/RR2/G-R2/negative-ev/n16-binding-drift/run-a/A07_A08/s4-migrations-round3.json
458cc4a1a5bac7786d8d620a1a11fe18c4ae78551495325767cb85c5ec5a68b2  ??  artifacts/rust-tauri/R05/RR2/G-R2/negative-ev/n16-binding-drift/run-a/A07_A08/service-s1.err
b2ad4411da6e24cfc774d580e423b32d13bb9d06ed2af7b187ab9399df9f456a  ??  artifacts/rust-tauri/R05/RR2/G-R2/negative-ev/n16-binding-drift/run-a/A07_A08/service-s1.out
d9ed67b22e26151539248f91845e6c95979b988e24b9ee00624675cbbcae38f2  ??  artifacts/rust-tauri/R05/RR2/G-R2/negative-ev/n16-binding-drift/run-a/A07_A08/service-s1b.err
55bc4d543dde45691187ce9496f710e4f2d7d3b62d1836232d1c04cf1d5a83f4  ??  artifacts/rust-tauri/R05/RR2/G-R2/negative-ev/n16-binding-drift/run-a/A07_A08/service-s1b.out
6e2371a7a88f0b19d53d8f217e36968a6febee19e5a20ad1ea138328af888673  ??  artifacts/rust-tauri/R05/RR2/G-R2/negative-ev/n16-binding-drift/run-a/A07_A08/service-s2.err
c74cba705627171d92ba9a00c3ed893ad7ff06d352bc636718457b74f93a5721  ??  artifacts/rust-tauri/R05/RR2/G-R2/negative-ev/n16-binding-drift/run-a/A07_A08/service-s2.out
e541bf287ce27319670df1d128e8c37491934ddca4ec7a90f6113dd236cb5f04  ??  artifacts/rust-tauri/R05/RR2/G-R2/negative-ev/n16-binding-drift/run-a/A07_A08/service-s2b.err
9eceb25df0841b4d4a1584184ce2a1a2c8c6092d601e846cbdf6ecc7974edaf5  ??  artifacts/rust-tauri/R05/RR2/G-R2/negative-ev/n16-binding-drift/run-a/A07_A08/service-s2b.out
e289d88f0639d820603ddd5ffc303f09a3bfb8fae30d40e0b467645d50d7da15  ??  artifacts/rust-tauri/R05/RR2/G-R2/negative-ev/n16-binding-drift/run-a/A07_A08/service-s4-1.err
f947794bf00175a6720ca5a38c5b039328d86b58cb6acb400511d8b16624f71c  ??  artifacts/rust-tauri/R05/RR2/G-R2/negative-ev/n16-binding-drift/run-a/A07_A08/service-s4-1.out
d1b78abc88b7db96fcbe938886a1e161215d24e7f8935ad0f60114d7cdfedaf8  ??  artifacts/rust-tauri/R05/RR2/G-R2/negative-ev/n16-binding-drift/run-a/A07_A08/service-s4-2.err
47dcc4bbcc20cb1ebd29dd65d625f51f3d0acc934738d7a444e377136ad314e6  ??  artifacts/rust-tauri/R05/RR2/G-R2/negative-ev/n16-binding-drift/run-a/A07_A08/service-s4-2.out
9cd6b8d76e6d52749fe1fd70afe00d95a178a997e4e1ee2c90cefc3f8aa1518e  ??  artifacts/rust-tauri/R05/RR2/G-R2/negative-ev/n16-binding-drift/run-a/A07_A08/service-s4-3.err
b68f394796cf1955979462ad892118d6066993c40a5babcd36fd0e293efa1f0f  ??  artifacts/rust-tauri/R05/RR2/G-R2/negative-ev/n16-binding-drift/run-a/A07_A08/service-s4-3.out
9daa3103d8a0c5d94360d07c88d2e1613d79346801aa808c7dbe780c81ad9ebf  ??  artifacts/rust-tauri/R05/RR2/G-R2/negative-ev/n16-binding-drift/run-a/A07_A08/service.addr
6fccb8c54d6d7ee1f8f2fe9966c6df400787626a3eab77b9aefef70da20ce50b  ??  artifacts/rust-tauri/R05/RR2/G-R2/negative-ev/n16-binding-drift/run-a/A07_A08/service.pid
1256f76b4a3062c0fbbdfb24c0f05e2ab81d87cf9be414a9672b1f358958f5cb  ??  artifacts/rust-tauri/R05/RR2/G-R2/negative-ev/n16-binding-drift/run-a/A07_A08/summary.txt
2883e73089e98f867d77c1feef0e70af1a103549b94e963187213d233cc1417c  ??  artifacts/rust-tauri/R05/RR2/G-R2/negative-ev/n16-binding-drift/run-a/A07_LIVE_FAULT/case.json
f2e373dab444d4eac5276adcaf4e1180e7661425d298621a91e8fe0117243006  ??  artifacts/rust-tauri/R05/RR2/G-R2/negative-ev/n16-binding-drift/run-a/A07_LIVE_FAULT/checked.json
2ee09edaf70b109d689c0db4be282696b49ae2fb418780a9953825ed2e211496  ??  artifacts/rust-tauri/R05/RR2/G-R2/negative-ev/n16-binding-drift/run-a/A09_A10/a09-merged-view.json
b0cfe798accba2c7535790d56b7acc6b922d9d4c366d280967cb06698b9e57a7  ??  artifacts/rust-tauri/R05/RR2/G-R2/negative-ev/n16-binding-drift/run-a/A09_A10/a10-rebuild-diff.json
a5f4c585ee974ca44916ac30a98bbc189e067a7e0a6bc6d2e8d6bc525be724af  ??  artifacts/rust-tauri/R05/RR2/G-R2/negative-ev/n16-binding-drift/run-a/A09_A10/build.log
1adaf799d1ab98e3fb4c17a8c0b420a3f7c77e1244588f5c30a105d0338e3430  ??  artifacts/rust-tauri/R05/RR2/G-R2/negative-ev/n16-binding-drift/run-a/A09_A10/key-events-dump.json
4a687606d1020d2c986fdd7af276ec3c0a0f0237dd58d9ecd1ef4cc522d473d1  ??  artifacts/rust-tauri/R05/RR2/G-R2/negative-ev/n16-binding-drift/run-a/A09_A10/matrix.json
361ea52909a9158bea592d686b5441fae66b55d5abdc58682f34d86b1dea383f  ??  artifacts/rust-tauri/R05/RR2/G-R2/negative-ev/n16-binding-drift/run-a/A09_A10/probe-matrix.jsonl
e3b0c44298fc1c149afbf4c8996fb92427ae41e4649b934ca495991b7852b855  ??  artifacts/rust-tauri/R05/RR2/G-R2/negative-ev/n16-binding-drift/run-a/A09_A10/probe-stderr.log
0e40d9ce1e13b93fbc11f810774c25c885369b4e788c6350c567d5fe2d17d5a2  ??  artifacts/rust-tauri/R05/RR2/G-R2/negative-ev/n16-binding-drift/run-a/A09_A10/service.err
4e4dbfac98a8799ba48f7b037e62ee16ae7c676a4bd93cf2397c01b5b1e87343  ??  artifacts/rust-tauri/R05/RR2/G-R2/negative-ev/n16-binding-drift/run-a/A09_A10/service.out
9a08c979e2bb98ac2f5727deb988153c84ec4a65947ac0ff38082c0db96d6b6c  ??  artifacts/rust-tauri/R05/RR2/G-R2/negative-ev/n16-binding-drift/run-a/A09_A10/summary.txt
a5f4c585ee974ca44916ac30a98bbc189e067a7e0a6bc6d2e8d6bc525be724af  ??  artifacts/rust-tauri/R05/RR2/G-R2/negative-ev/n16-binding-drift/run-a/A11/backup-restore/build.log
dd63f79ce1a39fdef735dbb9eb292c3f8a45db77c2513d3cc7379e5dbe13749e  ??  artifacts/rust-tauri/R05/RR2/G-R2/negative-ev/n16-binding-drift/run-a/A11/backup-restore/s1-backup-dir-listing.txt
0f9fbbf27599b321d661c0254692a53d33613dd7e04b17f30d29d93ef6d6349d  ??  artifacts/rust-tauri/R05/RR2/G-R2/negative-ev/n16-binding-drift/run-a/A11/backup-restore/s1-backup-outcome.json
e3b0c44298fc1c149afbf4c8996fb92427ae41e4649b934ca495991b7852b855  ??  artifacts/rust-tauri/R05/RR2/G-R2/negative-ev/n16-binding-drift/run-a/A11/backup-restore/s1-backup.err
67d8e1111b9e44601a2140007238cd77a398b11c24eae017e645e10e972821bd  ??  artifacts/rust-tauri/R05/RR2/G-R2/negative-ev/n16-binding-drift/run-a/A11/backup-restore/s1-restore-outcome.json
e3b0c44298fc1c149afbf4c8996fb92427ae41e4649b934ca495991b7852b855  ??  artifacts/rust-tauri/R05/RR2/G-R2/negative-ev/n16-binding-drift/run-a/A11/backup-restore/s1-restore.err
8eb4c3a771806a5341d77508c18cb4f2e8dd12c6278de2301c54eac1048b4953  ??  artifacts/rust-tauri/R05/RR2/G-R2/negative-ev/n16-binding-drift/run-a/A11/backup-restore/s1-restored-dump.jsonl
bc98a367a9f7d4b62bfbbe6f1b72ee761803c9434f5a3276f26f17e8ea46586e  ??  artifacts/rust-tauri/R05/RR2/G-R2/negative-ev/n16-binding-drift/run-a/A11/backup-restore/s1-restored-hash.txt
8eb4c3a771806a5341d77508c18cb4f2e8dd12c6278de2301c54eac1048b4953  ??  artifacts/rust-tauri/R05/RR2/G-R2/negative-ev/n16-binding-drift/run-a/A11/backup-restore/s1-source-dump.jsonl
cdb258ddcde7f9d04e63f3bf8bc610869d4cf2eaf23fe8efbee1b32853d4051b  ??  artifacts/rust-tauri/R05/RR2/G-R2/negative-ev/n16-binding-drift/run-a/A11/backup-restore/s1-source-hash.txt
d8ec6fc62a9ff755d7d08154457d97192f9e2253d1399a33c79cb93bbefde344  ??  artifacts/rust-tauri/R05/RR2/G-R2/negative-ev/n16-binding-drift/run-a/A11/backup-restore/s1-wal-size.txt
e3b0c44298fc1c149afbf4c8996fb92427ae41e4649b934ca495991b7852b855  ??  artifacts/rust-tauri/R05/RR2/G-R2/negative-ev/n16-binding-drift/run-a/A11/backup-restore/s3-backup-out.json
35212a71f0563eaa0479bceb270a166931bee8d92b9e6973582f6b51ddf1f8d7  ??  artifacts/rust-tauri/R05/RR2/G-R2/negative-ev/n16-binding-drift/run-a/A11/backup-restore/s3-backup.err
9b33c4d50a9f7a0434980244454a85ce4288c7323241cf9ff22c50e6b8f8dd85  ??  artifacts/rust-tauri/R05/RR2/G-R2/negative-ev/n16-binding-drift/run-a/A11/backup-restore/s4-ws-probe.json
a4c3ed04a95a3da14a9d235c83d868bed7c0f45cf7f3faa751ee8f50598d2211  ??  artifacts/rust-tauri/R05/RR2/G-R2/negative-ev/n16-binding-drift/run-a/A11/backup-restore/s4-ws-probe.json.probe-done
f89b92567cbd32b9e8e28c5eb6a379a9c98ce00bceac3a5dd91794a2348f8ec6  ??  artifacts/rust-tauri/R05/RR2/G-R2/negative-ev/n16-binding-drift/run-a/A11/backup-restore/service-s1.addr
0fb063f1482b528d63f4db2b1f6f065004c67fe4a3bd158a721095ea385cb900  ??  artifacts/rust-tauri/R05/RR2/G-R2/negative-ev/n16-binding-drift/run-a/A11/backup-restore/service-s1.err
0a88091e649544d87a1eb8178bb42a42f77a3fa65f59974ec18790d62f0ee7f5  ??  artifacts/rust-tauri/R05/RR2/G-R2/negative-ev/n16-binding-drift/run-a/A11/backup-restore/service-s1.out
5cb0529c5e9057fdab9e3f748c5576efe971ac6070876774aac5da2667e1575c  ??  artifacts/rust-tauri/R05/RR2/G-R2/negative-ev/n16-binding-drift/run-a/A11/backup-restore/service-s2.addr
6bfc7a207c2cde5dd565586d8f26e195b4b46ba5eb436a0527b7dafa7a21db64  ??  artifacts/rust-tauri/R05/RR2/G-R2/negative-ev/n16-binding-drift/run-a/A11/backup-restore/service-s2.err
6b27106f892f5165e6c05a1b06a9549fcee54c01e9cf79f4a055fab793c9fc5d  ??  artifacts/rust-tauri/R05/RR2/G-R2/negative-ev/n16-binding-drift/run-a/A11/backup-restore/service-s2.out
69b22c596f62a8b013e682047c245612d8489015061323db178f034a9ae1264b  ??  artifacts/rust-tauri/R05/RR2/G-R2/negative-ev/n16-binding-drift/run-a/A11/backup-restore/service-s4.addr
fa1c34f387a2f426d7251dc11cb910425792bf2e8756307945095c0ce626c26d  ??  artifacts/rust-tauri/R05/RR2/G-R2/negative-ev/n16-binding-drift/run-a/A11/backup-restore/service-s4.err
ce50dfbe96d2fcbeab5bbd8d2d4a201f2d8919d8240df3ff04ce3f6b2b742ec7  ??  artifacts/rust-tauri/R05/RR2/G-R2/negative-ev/n16-binding-drift/run-a/A11/backup-restore/service-s4.out
8d832f29be200197805ed638f0aa4008e11921d635467fcbb97e541bebe88ad0  ??  artifacts/rust-tauri/R05/RR2/G-R2/negative-ev/n16-binding-drift/run-a/A11/backup-restore/service.pid
b15832fda9b7bd8813edaf92a73a681bd42c10bfc0487c1f9e16d7b02e2fc854  ??  artifacts/rust-tauri/R05/RR2/G-R2/negative-ev/n16-binding-drift/run-a/A11/backup-restore/summary.txt
a5f4c585ee974ca44916ac30a98bbc189e067a7e0a6bc6d2e8d6bc525be724af  ??  artifacts/rust-tauri/R05/RR2/G-R2/negative-ev/n16-binding-drift/run-a/A12/recovery-drill/build.log
5439cf9d5f8bcd1141fb9eb83d8f67970b5c6447a1e375e02765396657466255  ??  artifacts/rust-tauri/R05/RR2/G-R2/negative-ev/n16-binding-drift/run-a/A12/recovery-drill/coexist-after.txt
5439cf9d5f8bcd1141fb9eb83d8f67970b5c6447a1e375e02765396657466255  ??  artifacts/rust-tauri/R05/RR2/G-R2/negative-ev/n16-binding-drift/run-a/A12/recovery-drill/coexist-before.txt
704e1fc6a329bed520ad4d0cbe780d60c5af031dbd941df5405291dd72d40cc3  ??  artifacts/rust-tauri/R05/RR2/G-R2/negative-ev/n16-binding-drift/run-a/A12/recovery-drill/own-created-homes.txt
bacedccc201e2d962129acecdccfe3711ca8a181b1c37213074da21a86575654  ??  artifacts/rust-tauri/R05/RR2/G-R2/negative-ev/n16-binding-drift/run-a/A12/recovery-drill/summary.txt
7b2f675d535131e9ee3b95eb996b520af42000b1efea572dc62eff72fd758a84  ??  artifacts/rust-tauri/R05/RR2/G-R2/negative-ev/n16-binding-drift/run-a/A12/recovery-drill/v1-hashes-after.txt
7b2f675d535131e9ee3b95eb996b520af42000b1efea572dc62eff72fd758a84  ??  artifacts/rust-tauri/R05/RR2/G-R2/negative-ev/n16-binding-drift/run-a/A12/recovery-drill/v1-hashes-before.txt
cfe1833de6926d85d2f2057d77353913e51089ee1df62254c30803225d9df167  ??  artifacts/rust-tauri/R05/RR2/G-R2/negative-ev/n16-binding-drift/run-a/A12/recovery-drill/v1.err
e3b0c44298fc1c149afbf4c8996fb92427ae41e4649b934ca495991b7852b855  ??  artifacts/rust-tauri/R05/RR2/G-R2/negative-ev/n16-binding-drift/run-a/A12/recovery-drill/v1.out
fcb269f1fc43e20619871bab0f6e464d30773313e55b17f725fc62249ab521be  ??  artifacts/rust-tauri/R05/RR2/G-R2/negative-ev/n16-binding-drift/run-a/A12/recovery-drill/v2-hashes-after.txt
fcb269f1fc43e20619871bab0f6e464d30773313e55b17f725fc62249ab521be  ??  artifacts/rust-tauri/R05/RR2/G-R2/negative-ev/n16-binding-drift/run-a/A12/recovery-drill/v2-hashes-before.txt
fdb29a889250203de193728cc5b9401991dbf068d16767af75026d37456fd31b  ??  artifacts/rust-tauri/R05/RR2/G-R2/negative-ev/n16-binding-drift/run-a/A12/recovery-drill/v2.err
e3b0c44298fc1c149afbf4c8996fb92427ae41e4649b934ca495991b7852b855  ??  artifacts/rust-tauri/R05/RR2/G-R2/negative-ev/n16-binding-drift/run-a/A12/recovery-drill/v2.out
a33ffd69acb495d9a221778bb2317e4cef00e4d752d794b9c1267890666ec43d  ??  artifacts/rust-tauri/R05/RR2/G-R2/negative-ev/n16-binding-drift/run-a/A12/recovery-drill/v3-hashes-after.txt
a33ffd69acb495d9a221778bb2317e4cef00e4d752d794b9c1267890666ec43d  ??  artifacts/rust-tauri/R05/RR2/G-R2/negative-ev/n16-binding-drift/run-a/A12/recovery-drill/v3-hashes-before.txt
82a95f3f7909588e4a7a14bc3c137828cf72dddf78ba3536cf1bb4b2bcf206c0  ??  artifacts/rust-tauri/R05/RR2/G-R2/negative-ev/n16-binding-drift/run-a/A12/recovery-drill/v3.err
e3b0c44298fc1c149afbf4c8996fb92427ae41e4649b934ca495991b7852b855  ??  artifacts/rust-tauri/R05/RR2/G-R2/negative-ev/n16-binding-drift/run-a/A12/recovery-drill/v3.out
a56b1df2964d07ab7ecd78ca8978a010e879457bb46d53a878dd58f24deeaf5f  ??  artifacts/rust-tauri/R05/RR2/G-R2/negative-ev/n16-binding-drift/run-a/A12/recovery-drill/v4.err
99632bcd57aa8411590be00c8e92bc5427ccd4e595c6f4527d44a16549b2c7c9  ??  artifacts/rust-tauri/R05/RR2/G-R2/negative-ev/n16-binding-drift/run-a/A12/recovery-drill/v4.out
12bafcead9a59bc9806e9e7f34c28f00abe85337aba5e37faa5ab1f3ec4ae758  ??  artifacts/rust-tauri/R05/RR2/G-R2/negative-ev/n16-binding-drift/run-a/A12/recovery-drill/v5-hashes-after.txt
12bafcead9a59bc9806e9e7f34c28f00abe85337aba5e37faa5ab1f3ec4ae758  ??  artifacts/rust-tauri/R05/RR2/G-R2/negative-ev/n16-binding-drift/run-a/A12/recovery-drill/v5-hashes-before.txt
d2458a1116233a23a9e935b245c3bdc18fcde59854d71b3f139eefccc9388695  ??  artifacts/rust-tauri/R05/RR2/G-R2/negative-ev/n16-binding-drift/run-a/A12/recovery-drill/v5.err
e3b0c44298fc1c149afbf4c8996fb92427ae41e4649b934ca495991b7852b855  ??  artifacts/rust-tauri/R05/RR2/G-R2/negative-ev/n16-binding-drift/run-a/A12/recovery-drill/v5.out
54c2600a64cf1179a1f7dc31861450d3eb1acbaa5f070f309b87476856ed9a73  ??  artifacts/rust-tauri/R05/RR2/G-R2/negative-ev/n16-binding-drift/run-a/A12/recovery-drill/v6-recovered-dump.jsonl
27badc983df1780b60c2b3fa9d3a19a00e46aac798451f0febdca52920faaddf  ??  artifacts/rust-tauri/R05/RR2/G-R2/negative-ev/n16-binding-drift/run-a/A12/recovery-drill/v6-seed-execute.txt
b89c182981b703ae2881fd52a807c0d2d29bf0f4296bcda219923422289a9ea3  ??  artifacts/rust-tauri/R05/RR2/G-R2/negative-ev/n16-binding-drift/run-a/A12/recovery-drill/v6-seed.err
3ecdb43152d909f34424cfc43496a0b0d27336bfed4cd8c47ffe0306e3ef5b08  ??  artifacts/rust-tauri/R05/RR2/G-R2/negative-ev/n16-binding-drift/run-a/A12/recovery-drill/v6-seed.out
e58b688806ca4d44e7d3aa18ee5f5afc9453bc418733bbb5432e074996e4e61b  ??  artifacts/rust-tauri/R05/RR2/G-R2/negative-ev/n16-binding-drift/run-a/A12/recovery-drill/v6.err
7a373bf4709cc4389a5267466b892b546118f5abf43eebdb8fed7393db887d6a  ??  artifacts/rust-tauri/R05/RR2/G-R2/negative-ev/n16-binding-drift/run-a/A12/recovery-drill/v6.out
5a8a0669d03ec31321e9d49796db04d3f7c2e5f901c30db3fa0b24869bee62d7  ??  artifacts/rust-tauri/R05/RR2/G-R2/negative-ev/n16-binding-drift/run-a/A12/recovery-drill/v7-hashes-after.txt
5a8a0669d03ec31321e9d49796db04d3f7c2e5f901c30db3fa0b24869bee62d7  ??  artifacts/rust-tauri/R05/RR2/G-R2/negative-ev/n16-binding-drift/run-a/A12/recovery-drill/v7-hashes-before.txt
035954a4a76c0bfbb5253004bda57786c95e5713dae4570b79541dc0657f0e1f  ??  artifacts/rust-tauri/R05/RR2/G-R2/negative-ev/n16-binding-drift/run-a/A12/recovery-drill/v7-seed.err
d525837382c0912b5dc5ef47f029aeaacabcc41b0750f05bcf1c578dfe6d06af  ??  artifacts/rust-tauri/R05/RR2/G-R2/negative-ev/n16-binding-drift/run-a/A12/recovery-drill/v7-seed.out
52848b065a8d4665c250cfa8509514ff2f2a4d9ecf0896ce89cef5d023a61d22  ??  artifacts/rust-tauri/R05/RR2/G-R2/negative-ev/n16-binding-drift/run-a/A12/recovery-drill/v7.err
e3b0c44298fc1c149afbf4c8996fb92427ae41e4649b934ca495991b7852b855  ??  artifacts/rust-tauri/R05/RR2/G-R2/negative-ev/n16-binding-drift/run-a/A12/recovery-drill/v7.out
ac697baf372112bd800771cb5b77bbee1fa64796d69b31443417a900de0f079f  ??  artifacts/rust-tauri/R05/RR2/G-R2/negative-ev/n16-binding-drift/run-a/A12/recovery-drill/v8-observed.err
5a61378cbaf279e2cfa7b92fd27411b08cabb2a9e11c9eedfb7dc125add12cca  ??  artifacts/rust-tauri/R05/RR2/G-R2/negative-ev/n16-binding-drift/run-a/A12/recovery-drill/v8-seed.err
170f97d02c642687947e64ab8b4ce4b686be0df93c8507f0e6a2476432e0551a  ??  artifacts/rust-tauri/R05/RR2/G-R2/negative-ev/n16-binding-drift/run-a/A12/recovery-drill/v8-seed.out
ac697baf372112bd800771cb5b77bbee1fa64796d69b31443417a900de0f079f  ??  artifacts/rust-tauri/R05/RR2/G-R2/negative-ev/n16-binding-drift/run-a/A12/recovery-drill/v8.err
253928c4190c340106a5dda8cae4472b256b49fe993d6182af4d407801158447  ??  artifacts/rust-tauri/R05/RR2/G-R2/negative-ev/n16-binding-drift/run-a/A12/recovery-drill/v8.out
a5f4c585ee974ca44916ac30a98bbc189e067a7e0a6bc6d2e8d6bc525be724af  ??  artifacts/rust-tauri/R05/RR2/G-R2/negative-ev/n16-binding-drift/run-a/A13/redaction-scan/build.log
5515a0ac35355139ef2dffbc5ad3f2c0a6a8bb41ab1f6d917f5594fc076591d9  ??  artifacts/rust-tauri/R05/RR2/G-R2/negative-ev/n16-binding-drift/run-a/A13/redaction-scan/p1-execute-ok.body
34c15cc0e33d093118f12c837540cd0a9c8e31139e17783f8e0f8f10db603810  ??  artifacts/rust-tauri/R05/RR2/G-R2/negative-ev/n16-binding-drift/run-a/A13/redaction-scan/p1-execute-ok.headers
4e38ffcd373cb9faac3bd1881d675776a089520fc94d443b306bced20e040e27  ??  artifacts/rust-tauri/R05/RR2/G-R2/negative-ev/n16-binding-drift/run-a/A13/redaction-scan/p1-execute-request.json
37d96fb6e074580746b4592230e1476c24fd9df0b37a131c6a2bbe867634d805  ??  artifacts/rust-tauri/R05/RR2/G-R2/negative-ev/n16-binding-drift/run-a/A13/redaction-scan/p1-issue-credential.body
3473361937e80b7ec375273d2aa5e3c6f2aa5ba080e701cd66cb105ade2a49d7  ??  artifacts/rust-tauri/R05/RR2/G-R2/negative-ev/n16-binding-drift/run-a/A13/redaction-scan/p1-issue-credential.headers
e4f7d15ff214194f7c5c24e9a2d1c020776147eba88dd3ecea2e456a7c234da3  ??  artifacts/rust-tauri/R05/RR2/G-R2/negative-ev/n16-binding-drift/run-a/A13/redaction-scan/p1-issue-request.json
5d1d1dacc9770788aadecf79849ef2d123cef8ebb2ac54590892cacaf06aa4a6  ??  artifacts/rust-tauri/R05/RR2/G-R2/negative-ev/n16-binding-drift/run-a/A13/redaction-scan/p1-me-ok.body
344879fa059dc01cfcd96a3a7561bdd5cba61482af482c61213fc9d6714ada73  ??  artifacts/rust-tauri/R05/RR2/G-R2/negative-ev/n16-binding-drift/run-a/A13/redaction-scan/p1-me-ok.headers
44136fa355b3678a1146ad16f7e8649e94fb4fc21fe77e8310c060f61caaff8a  ??  artifacts/rust-tauri/R05/RR2/G-R2/negative-ev/n16-binding-drift/run-a/A13/redaction-scan/p1-ticket-request.json
1597f002749db75b0c988fd0abf440d6054873dc59d17c44fdee316e1e5af7b8  ??  artifacts/rust-tauri/R05/RR2/G-R2/negative-ev/n16-binding-drift/run-a/A13/redaction-scan/p1-ticket.body
8c8a8010239a553591d2abba911259a108fa9f00635042ace73a6ae79cafdcb3  ??  artifacts/rust-tauri/R05/RR2/G-R2/negative-ev/n16-binding-drift/run-a/A13/redaction-scan/p1-ticket.headers
f47dcc4d885039b7a424eaf71cf0c9b484201cfc1c43d767ea63be51777e8ff8  ??  artifacts/rust-tauri/R05/RR2/G-R2/negative-ev/n16-binding-drift/run-a/A13/redaction-scan/p2-me-bad-bearer.body
75002eaa93282f1bceaaa9523098c97152fdee842bcbb318187d3ad8c6724566  ??  artifacts/rust-tauri/R05/RR2/G-R2/negative-ev/n16-binding-drift/run-a/A13/redaction-scan/p2-me-bad-bearer.headers
e148c62a057f5f8b6bd1cb2622840e5dcdb7f5121f83967ce8ef69f5d7f6020e  ??  artifacts/rust-tauri/R05/RR2/G-R2/negative-ev/n16-binding-drift/run-a/A13/redaction-scan/p2-me-no-auth.body
75002eaa93282f1bceaaa9523098c97152fdee842bcbb318187d3ad8c6724566  ??  artifacts/rust-tauri/R05/RR2/G-R2/negative-ev/n16-binding-drift/run-a/A13/redaction-scan/p2-me-no-auth.headers
7d687f57b019dbbe5d0549a3582cfbadc1945ac64bc814244c363e805c8653e1  ??  artifacts/rust-tauri/R05/RR2/G-R2/negative-ev/n16-binding-drift/run-a/A13/redaction-scan/p2-session-cross.body
473cf9f78be535992c1ed70082c7e927472889d07b5b83e00907504d9566a84f  ??  artifacts/rust-tauri/R05/RR2/G-R2/negative-ev/n16-binding-drift/run-a/A13/redaction-scan/p2-session-cross.headers
4550368211d47c5df165f7589bce8a7b7972ec8e7c4fc4e14577d407ef6afba9  ??  artifacts/rust-tauri/R05/RR2/G-R2/negative-ev/n16-binding-drift/run-a/A13/redaction-scan/p2-session-missing.body
726323afd424dd076a9cff9f15a95cb49dd14c1a86501c4f22b996ba336727b2  ??  artifacts/rust-tauri/R05/RR2/G-R2/negative-ev/n16-binding-drift/run-a/A13/redaction-scan/p2-session-missing.headers
b565c3a0b165cc7b8f08332306cff039b8886639072d16f02ce2cce05f29d37a  ??  artifacts/rust-tauri/R05/RR2/G-R2/negative-ev/n16-binding-drift/run-a/A13/redaction-scan/p2-ws-bad-query.body
75002eaa93282f1bceaaa9523098c97152fdee842bcbb318187d3ad8c6724566  ??  artifacts/rust-tauri/R05/RR2/G-R2/negative-ev/n16-binding-drift/run-a/A13/redaction-scan/p2-ws-bad-query.headers
bc5c798c8846facd87a34da03c3888687355cd3b64ccd008907c9fea00a535ae  ??  artifacts/rust-tauri/R05/RR2/G-R2/negative-ev/n16-binding-drift/run-a/A13/redaction-scan/p2-ws-transcript.txt
ddf7e009a9e744b6b674d6c1bc4e9a48305e09c19ab2e448e05cf324793915ed  ??  artifacts/rust-tauri/R05/RR2/G-R2/negative-ev/n16-binding-drift/run-a/A13/redaction-scan/p3-burst-1.body
c589545b0e2a43442b59ba0218aee59aec307b13645422ba3a85a016d359b318  ??  artifacts/rust-tauri/R05/RR2/G-R2/negative-ev/n16-binding-drift/run-a/A13/redaction-scan/p3-burst-2.body
d96df521a86c50510a4afa19ca55030238bc627bcbcf3c83d87f6a1de948cfaf  ??  artifacts/rust-tauri/R05/RR2/G-R2/negative-ev/n16-binding-drift/run-a/A13/redaction-scan/p3-burst-3.body
a07389e735103d5d6d6591b43aaafef61ac49c293d4d05199a28e81193d477df  ??  artifacts/rust-tauri/R05/RR2/G-R2/negative-ev/n16-binding-drift/run-a/A13/redaction-scan/p3-burst-4.body
c06e3258a91536981310790121c1e18c80e71f71918a87eb8acf963613b537f1  ??  artifacts/rust-tauri/R05/RR2/G-R2/negative-ev/n16-binding-drift/run-a/A13/redaction-scan/p3-burst-5.body
4e942b20c57fdf58b0d8817804d82914a63b600483717ba2507437a383e04384  ??  artifacts/rust-tauri/R05/RR2/G-R2/negative-ev/n16-binding-drift/run-a/A13/redaction-scan/p3-burst-6.body
5c951e15199627be356ebfd6c84f869c8d7c66959eaee2eb74bfb43b82208d78  ??  artifacts/rust-tauri/R05/RR2/G-R2/negative-ev/n16-binding-drift/run-a/A13/redaction-scan/p3-burst-7.body
0b9c1deaaef104f917e5ddf5d85b61119a61ccc554a1430f64a0668cfa3a7b89  ??  artifacts/rust-tauri/R05/RR2/G-R2/negative-ev/n16-binding-drift/run-a/A13/redaction-scan/p3-burst-8.body
e89d50f95150fa2e9458cb0c5d045ab66124116f16d839c55b21a703190fe91d  ??  artifacts/rust-tauri/R05/RR2/G-R2/negative-ev/n16-binding-drift/run-a/A13/redaction-scan/p3-execute-request.json
907723b5d86c72777fe8dfd76bfc1580c43b34885f954e13efd5ac9d21596ec1  ??  artifacts/rust-tauri/R05/RR2/G-R2/negative-ev/n16-binding-drift/run-a/A13/redaction-scan/p3-lock.log
d7d831c0ad2ea223b495877825eddda09bcc0341f522eef54274c30c5d4ba995  ??  artifacts/rust-tauri/R05/RR2/G-R2/negative-ev/n16-binding-drift/run-a/A13/redaction-scan/p3-status-codes.txt
c33b88c9663d7dd3d2ae051c29b74729d8979422155e3417728c15f2349fe0cc  ??  artifacts/rust-tauri/R05/RR2/G-R2/negative-ev/n16-binding-drift/run-a/A13/redaction-scan/service-logs/retention-manifest.txt
066034b66f33260150a4cfa1efc43ebec49c1a5fc22f535fa45089e22db3663d  ??  artifacts/rust-tauri/R05/RR2/G-R2/negative-ev/n16-binding-drift/run-a/A13/redaction-scan/service-logs/service-000001.log
b5feab5561b22a7481c4b690f490fce6bef46d9b1971e36edf1403d5106c2381  ??  artifacts/rust-tauri/R05/RR2/G-R2/negative-ev/n16-binding-drift/run-a/A13/redaction-scan/service-logs/service-000002.log
2d376896cf62286a95d6cc331a04831014ec7a6e603efaf4b6aaac945ddbc36c  ??  artifacts/rust-tauri/R05/RR2/G-R2/negative-ev/n16-binding-drift/run-a/A13/redaction-scan/service-logs/service-000003.log
0104240d7ca6f9922d2c515d2377484ae261abfdc6cfb01648469113442d4962  ??  artifacts/rust-tauri/R05/RR2/G-R2/negative-ev/n16-binding-drift/run-a/A13/redaction-scan/service-p1.addr
676725ba7f76de4d20a07c7831bb26f492ea34ca1efe1dd9fbaac8868cd213be  ??  artifacts/rust-tauri/R05/RR2/G-R2/negative-ev/n16-binding-drift/run-a/A13/redaction-scan/service-p1.err
c62d6d6a3a510de4e8d22d5c79c8e0b5291ea5606db9a8ca9230ff8429079ea8  ??  artifacts/rust-tauri/R05/RR2/G-R2/negative-ev/n16-binding-drift/run-a/A13/redaction-scan/service-p1.out
7a481e1c4e076182ce1dde03cc205daa17ee57497519210a0565315cc4f329f5  ??  artifacts/rust-tauri/R05/RR2/G-R2/negative-ev/n16-binding-drift/run-a/A13/redaction-scan/service-p3.addr
a0e9586e635cb9abb76e67771fec4a13b059ba58bd8467497d92fbb11944d68a  ??  artifacts/rust-tauri/R05/RR2/G-R2/negative-ev/n16-binding-drift/run-a/A13/redaction-scan/service-p3.err
4de01ac070bed75ff7657c445783abfa08269bc46e9ada993ddabb726117ccff  ??  artifacts/rust-tauri/R05/RR2/G-R2/negative-ev/n16-binding-drift/run-a/A13/redaction-scan/service-p3.out
65ef1586d3333444a3670035e1d2861d5aeea36870776fcc74fb7878fdf20b46  ??  artifacts/rust-tauri/R05/RR2/G-R2/negative-ev/n16-binding-drift/run-a/A13/redaction-scan/service-p4.err
e3b0c44298fc1c149afbf4c8996fb92427ae41e4649b934ca495991b7852b855  ??  artifacts/rust-tauri/R05/RR2/G-R2/negative-ev/n16-binding-drift/run-a/A13/redaction-scan/service-p4.out
af7e1f02c80911561c4a987a7759f653aaea2cb8ebc37f68083debaeaec778ed  ??  artifacts/rust-tauri/R05/RR2/G-R2/negative-ev/n16-binding-drift/run-a/A13/redaction-scan/summary.txt
a5f4c585ee974ca44916ac30a98bbc189e067a7e0a6bc6d2e8d6bc525be724af  ??  artifacts/rust-tauri/R05/RR2/G-R2/negative-ev/n16-binding-drift/run-a/A14/slow-subscriber/build.log
f1936d0cdf38bb1b4338034d1735e62a6fc8d36863eeabfec36ea8b9f369db0f  ??  artifacts/rust-tauri/R05/RR2/G-R2/negative-ev/n16-binding-drift/run-a/A14/slow-subscriber/detach-lines.txt
4bfc3d31d465cc0bc1044e498fefa13033204ab5808faa904ec5d0f11370fc3e  ??  artifacts/rust-tauri/R05/RR2/G-R2/negative-ev/n16-binding-drift/run-a/A14/slow-subscriber/rss-samples.csv
8d4546d8b1b1c6d01dde3d4a7ad6c62f4fa8389eb1507386c3d2c3d67a03d89a  ??  artifacts/rust-tauri/R05/RR2/G-R2/negative-ev/n16-binding-drift/run-a/A14/slow-subscriber/service.err
0b38bbd6360423102b6d424e70bb19db17a9fa0a87b1c0f877099b335e9de67a  ??  artifacts/rust-tauri/R05/RR2/G-R2/negative-ev/n16-binding-drift/run-a/A14/slow-subscriber/service.out
b0f00461318ea5b62f1fc7cd426543b758cb03091f4e7176cb90b2b6d901b436  ??  artifacts/rust-tauri/R05/RR2/G-R2/negative-ev/n16-binding-drift/run-a/A14/slow-subscriber/storm-results.json
72a7ed44aea10b8e971235d49752b7c86b3aa6d4992f78cc5f2a85ca2b8bc601  ??  artifacts/rust-tauri/R05/RR2/G-R2/negative-ev/n16-binding-drift/run-a/A14/slow-subscriber/summary.txt
ae0081e6f8d42b09d84da43fa765300bf85f6f3d0b956709b496bfa6d51616f0  ??  artifacts/rust-tauri/R05/RR2/G-R2/negative-ev/n16-binding-drift/run-a/A14/slow-subscriber/ws-probe.log
a5f4c585ee974ca44916ac30a98bbc189e067a7e0a6bc6d2e8d6bc525be724af  ??  artifacts/rust-tauri/R05/RR2/G-R2/negative-ev/n16-binding-drift/run-a/A15/full-chain/build.log
20391f16fd47fa40189667d0cbf5737e854474eee023418d88e6780888c52300  ??  artifacts/rust-tauri/R05/RR2/G-R2/negative-ev/n16-binding-drift/run-a/A15/full-chain/pre-restart-head.json
e3b0c44298fc1c149afbf4c8996fb92427ae41e4649b934ca495991b7852b855  ??  artifacts/rust-tauri/R05/RR2/G-R2/negative-ev/n16-binding-drift/run-a/A15/full-chain/probe1.err
bcfa8f3347073ff22991bdd1aff100db8db82c8ff1923ce953a83490f4b33b84  ??  artifacts/rust-tauri/R05/RR2/G-R2/negative-ev/n16-binding-drift/run-a/A15/full-chain/probe1.pass-lines
e3b0c44298fc1c149afbf4c8996fb92427ae41e4649b934ca495991b7852b855  ??  artifacts/rust-tauri/R05/RR2/G-R2/negative-ev/n16-binding-drift/run-a/A15/full-chain/probe2.err
28a411dc95be7e6596d2954fdbecf8eb034d9f8dc1248ab1d111c07c1c218b89  ??  artifacts/rust-tauri/R05/RR2/G-R2/negative-ev/n16-binding-drift/run-a/A15/full-chain/probe2.pass-lines
2d0d0448f14e913d894d6aa76a2cf86f1f266a6fac1d86b20c45fcef73d49178  ??  artifacts/rust-tauri/R05/RR2/G-R2/negative-ev/n16-binding-drift/run-a/A15/full-chain/service1.err
8b28646a2a2551fd5d80e723aeef338eb036a0fcbacfe35ef99656e80fb50fd1  ??  artifacts/rust-tauri/R05/RR2/G-R2/negative-ev/n16-binding-drift/run-a/A15/full-chain/service1.out
8738c46599e9b41fd8575e76ead77c1a05faa8b95a3d109e2975dd95e86c227a  ??  artifacts/rust-tauri/R05/RR2/G-R2/negative-ev/n16-binding-drift/run-a/A15/full-chain/service2.err
f48c14f86f64cedf14b11be8f7da006786929add63dcb11391305cd75f3ab138  ??  artifacts/rust-tauri/R05/RR2/G-R2/negative-ev/n16-binding-drift/run-a/A15/full-chain/service2.out
5189f2cf545409183102b9438451a51f9a7d48345151df0ec74ef705c03b9a0c  ??  artifacts/rust-tauri/R05/RR2/G-R2/negative-ev/n16-binding-drift/run-a/A15/full-chain/summary.txt
b7a024f2e555bd9992f45b8773705d2b089082bb61b34759363953284ae1b837  ??  artifacts/rust-tauri/R05/RR2/G-R2/negative-ev/n16-binding-drift/run-a/A16/legacy-entry/e0-base-checkout.log
e3b0c44298fc1c149afbf4c8996fb92427ae41e4649b934ca495991b7852b855  ??  artifacts/rust-tauri/R05/RR2/G-R2/negative-ev/n16-binding-drift/run-a/A16/legacy-entry/e0-binding-exclusion-candidates.tsv
e3b0c44298fc1c149afbf4c8996fb92427ae41e4649b934ca495991b7852b855  ??  artifacts/rust-tauri/R05/RR2/G-R2/negative-ev/n16-binding-drift/run-a/A16/legacy-entry/e0-binding-exclusions.txt
c3e83aabfe9dfb472e472d91c930d6b0a757a2f3f5613c375317d05e1fd44fc7  ??  artifacts/rust-tauri/R05/RR2/G-R2/negative-ev/n16-binding-drift/run-a/A16/legacy-entry/e0-candidate-binding.tsv
02c828151e130753a036ca49840ca42749736725925aa35e5c0da1e69f7b7fc6  ??  artifacts/rust-tauri/R05/RR2/G-R2/negative-ev/n16-binding-drift/run-a/A16/legacy-entry/e0-candidate-dirty.diff
dacab63e51e9cee5a0f32a268e9110c044326f5f18fc91370b716a835a1249c0  ??  artifacts/rust-tauri/R05/RR2/G-R2/negative-ev/n16-binding-drift/run-a/A16/legacy-entry/e0-candidate-dirty.txt
e3b0c44298fc1c149afbf4c8996fb92427ae41e4649b934ca495991b7852b855  ??  artifacts/rust-tauri/R05/RR2/G-R2/negative-ev/n16-binding-drift/run-a/A16/legacy-entry/e0-run-output-sinks.txt
097be8b344e1ad9569130f4778435cefff1773e7549d5a8e990f39c3e3e915e7  ??  artifacts/rust-tauri/R05/RR2/G-R2/negative-ev/n16-binding-drift/run-a/A16/legacy-entry/summary.txt
4f53cda18c2baa0c0354bb5f9a3ecbe5ed12ab4d8e11ba873c2f11161202b945  ??  artifacts/rust-tauri/R05/RR2/G-R2/negative-ev/n16-binding-drift/run-a/CLIENT/cli-help-exit0-no-start/home-after.json
4f53cda18c2baa0c0354bb5f9a3ecbe5ed12ab4d8e11ba873c2f11161202b945  ??  artifacts/rust-tauri/R05/RR2/G-R2/negative-ev/n16-binding-drift/run-a/CLIENT/cli-help-exit0-no-start/home-before.json
64d0052d9025a6af3a1032760de3cabddb7d7921c2a195b082d0edd32517d63f  ??  artifacts/rust-tauri/R05/RR2/G-R2/negative-ev/n16-binding-drift/run-a/CLIENT/cli-help-exit0-no-start/stderr.log
e3b0c44298fc1c149afbf4c8996fb92427ae41e4649b934ca495991b7852b855  ??  artifacts/rust-tauri/R05/RR2/G-R2/negative-ev/n16-binding-drift/run-a/CLIENT/cli-help-exit0-no-start/stdout.log
4f53cda18c2baa0c0354bb5f9a3ecbe5ed12ab4d8e11ba873c2f11161202b945  ??  artifacts/rust-tauri/R05/RR2/G-R2/negative-ev/n16-binding-drift/run-a/CLIENT/cli-serve-unknown-arg-exit1-no-start/home-after.json
4f53cda18c2baa0c0354bb5f9a3ecbe5ed12ab4d8e11ba873c2f11161202b945  ??  artifacts/rust-tauri/R05/RR2/G-R2/negative-ev/n16-binding-drift/run-a/CLIENT/cli-serve-unknown-arg-exit1-no-start/home-before.json
64d0052d9025a6af3a1032760de3cabddb7d7921c2a195b082d0edd32517d63f  ??  artifacts/rust-tauri/R05/RR2/G-R2/negative-ev/n16-binding-drift/run-a/CLIENT/cli-serve-unknown-arg-exit1-no-start/stderr.log
e3b0c44298fc1c149afbf4c8996fb92427ae41e4649b934ca495991b7852b855  ??  artifacts/rust-tauri/R05/RR2/G-R2/negative-ev/n16-binding-drift/run-a/CLIENT/cli-serve-unknown-arg-exit1-no-start/stdout.log
4f53cda18c2baa0c0354bb5f9a3ecbe5ed12ab4d8e11ba873c2f11161202b945  ??  artifacts/rust-tauri/R05/RR2/G-R2/negative-ev/n16-binding-drift/run-a/CLIENT/cli-unknown-arg-exit1-no-start/home-after.json
4f53cda18c2baa0c0354bb5f9a3ecbe5ed12ab4d8e11ba873c2f11161202b945  ??  artifacts/rust-tauri/R05/RR2/G-R2/negative-ev/n16-binding-drift/run-a/CLIENT/cli-unknown-arg-exit1-no-start/home-before.json
64d0052d9025a6af3a1032760de3cabddb7d7921c2a195b082d0edd32517d63f  ??  artifacts/rust-tauri/R05/RR2/G-R2/negative-ev/n16-binding-drift/run-a/CLIENT/cli-unknown-arg-exit1-no-start/stderr.log
e3b0c44298fc1c149afbf4c8996fb92427ae41e4649b934ca495991b7852b855  ??  artifacts/rust-tauri/R05/RR2/G-R2/negative-ev/n16-binding-drift/run-a/CLIENT/cli-unknown-arg-exit1-no-start/stdout.log
ec63253b08af7400bcc356623fa1cec20acca83cae5ab1cdb9ddff7ec9585bf9  ??  artifacts/rust-tauri/R05/RR2/G-R2/negative-ev/n16-binding-drift/run-a/CLIENT/leaf-cases.json
e3b0c44298fc1c149afbf4c8996fb92427ae41e4649b934ca495991b7852b855  ??  artifacts/rust-tauri/R05/RR2/G-R2/negative-ev/n16-binding-drift/run-a/CLIENT/sharing-vitest.stderr.log
e3b0c44298fc1c149afbf4c8996fb92427ae41e4649b934ca495991b7852b855  ??  artifacts/rust-tauri/R05/RR2/G-R2/negative-ev/n16-binding-drift/run-a/CLIENT/sharing-vitest.stdout.log
2a1aecb541c6f82a18f293a072cf894283664066101efa35ada5d174da5d8914  ??  artifacts/rust-tauri/R05/RR2/G-R2/negative-ev/n16-binding-drift/run-a/CLIENT/summary.json
fbc3096ef11a67f302edecce2bfd5442544ce7d1d8fca66ddf9adeac65ccc644  ??  artifacts/rust-tauri/R05/RR2/G-R2/negative-ev/n16-binding-drift/run-a/CLI_RUST/build-current-service.stderr.log
e3b0c44298fc1c149afbf4c8996fb92427ae41e4649b934ca495991b7852b855  ??  artifacts/rust-tauri/R05/RR2/G-R2/negative-ev/n16-binding-drift/run-a/CLI_RUST/build-current-service.stdout.log
b9ae63fbc2a21ad8f03f41afa10adfc113d5e588795eb625a8579aa3be9fd8c6  ??  artifacts/rust-tauri/R05/RR2/G-R2/negative-ev/n16-binding-drift/run-a/CLI_RUST/cli-rust-cases.json
fef1da12458d4f58e5ac150ea8cf9628d7234180c32d4ceed0b3b71d4e83f05e  ??  artifacts/rust-tauri/R05/RR2/G-R2/negative-ev/n16-binding-drift/run-a/CLI_RUST/home-newer/data-epoch.json
64d0052d9025a6af3a1032760de3cabddb7d7921c2a195b082d0edd32517d63f  ??  artifacts/rust-tauri/R05/RR2/G-R2/negative-ev/n16-binding-drift/run-a/CLI_RUST/serve-beta-unavailable.stderr.log
e3b0c44298fc1c149afbf4c8996fb92427ae41e4649b934ca495991b7852b855  ??  artifacts/rust-tauri/R05/RR2/G-R2/negative-ev/n16-binding-drift/run-a/CLI_RUST/serve-beta-unavailable.stdout.log
64d0052d9025a6af3a1032760de3cabddb7d7921c2a195b082d0edd32517d63f  ??  artifacts/rust-tauri/R05/RR2/G-R2/negative-ev/n16-binding-drift/run-a/CLI_RUST/serve-downgrade-refused.stderr.log
e3b0c44298fc1c149afbf4c8996fb92427ae41e4649b934ca495991b7852b855  ??  artifacts/rust-tauri/R05/RR2/G-R2/negative-ev/n16-binding-drift/run-a/CLI_RUST/serve-downgrade-refused.stdout.log
64d0052d9025a6af3a1032760de3cabddb7d7921c2a195b082d0edd32517d63f  ??  artifacts/rust-tauri/R05/RR2/G-R2/negative-ev/n16-binding-drift/run-a/CLI_RUST/serve-invalid-bind.stderr.log
e3b0c44298fc1c149afbf4c8996fb92427ae41e4649b934ca495991b7852b855  ??  artifacts/rust-tauri/R05/RR2/G-R2/negative-ev/n16-binding-drift/run-a/CLI_RUST/serve-invalid-bind.stdout.log
64d0052d9025a6af3a1032760de3cabddb7d7921c2a195b082d0edd32517d63f  ??  artifacts/rust-tauri/R05/RR2/G-R2/negative-ev/n16-binding-drift/run-a/CLI_RUST/serve-newer-epoch.stderr.log
e3b0c44298fc1c149afbf4c8996fb92427ae41e4649b934ca495991b7852b855  ??  artifacts/rust-tauri/R05/RR2/G-R2/negative-ev/n16-binding-drift/run-a/CLI_RUST/serve-newer-epoch.stdout.log
64d0052d9025a6af3a1032760de3cabddb7d7921c2a195b082d0edd32517d63f  ??  artifacts/rust-tauri/R05/RR2/G-R2/negative-ev/n16-binding-drift/run-a/CLI_RUST/serve.stderr.log
e3b0c44298fc1c149afbf4c8996fb92427ae41e4649b934ca495991b7852b855  ??  artifacts/rust-tauri/R05/RR2/G-R2/negative-ev/n16-binding-drift/run-a/CLI_RUST/serve.stdout.log
64d0052d9025a6af3a1032760de3cabddb7d7921c2a195b082d0edd32517d63f  ??  artifacts/rust-tauri/R05/RR2/G-R2/negative-ev/n16-binding-drift/run-a/CLI_RUST/sessions-after-shutdown.stderr.log
e3b0c44298fc1c149afbf4c8996fb92427ae41e4649b934ca495991b7852b855  ??  artifacts/rust-tauri/R05/RR2/G-R2/negative-ev/n16-binding-drift/run-a/CLI_RUST/sessions-after-shutdown.stdout.log
620881524a722d64b623a605b3114d71a70aa7bad8c2657d0a06507e477b7bfa  ??  artifacts/rust-tauri/R05/RR2/G-R2/negative-ev/n16-binding-drift/run-a/CLI_SESSIONS/auth/.last-body
a5f4c585ee974ca44916ac30a98bbc189e067a7e0a6bc6d2e8d6bc525be724af  ??  artifacts/rust-tauri/R05/RR2/G-R2/negative-ev/n16-binding-drift/run-a/CLI_SESSIONS/auth/build.log
64d0052d9025a6af3a1032760de3cabddb7d7921c2a195b082d0edd32517d63f  ??  artifacts/rust-tauri/R05/RR2/G-R2/negative-ev/n16-binding-drift/run-a/CLI_SESSIONS/auth/cli-sessions-owner.stderr.log
e3b0c44298fc1c149afbf4c8996fb92427ae41e4649b934ca495991b7852b855  ??  artifacts/rust-tauri/R05/RR2/G-R2/negative-ev/n16-binding-drift/run-a/CLI_SESSIONS/auth/cli-sessions-owner.stdout.log
b765f27113ec261c980548542c1ff4f74c1048237f5882504e17413c253b9333  ??  artifacts/rust-tauri/R05/RR2/G-R2/negative-ev/n16-binding-drift/run-a/CLI_SESSIONS/auth/creds-after-authz.json
887677ec7063a08152fa29f5069c52d0285d2548c1a3a52cb9e33dba0496456e  ??  artifacts/rust-tauri/R05/RR2/G-R2/negative-ev/n16-binding-drift/run-a/CLI_SESSIONS/auth/creds-before-authz.json
f73cc7cdb3a4a27285d6773c5e0b1c83c69a30318d5b9fa33d00b1fa7e492974  ??  artifacts/rust-tauri/R05/RR2/G-R2/negative-ev/n16-binding-drift/run-a/CLI_SESSIONS/auth/devices-after-authz.json
830e69ea637251d490f801f25682c5291237ed164c05e7632201174470ecdb75  ??  artifacts/rust-tauri/R05/RR2/G-R2/negative-ev/n16-binding-drift/run-a/CLI_SESSIONS/auth/devices-before-authz.json
dff307e4c640949dedcdc9532023c91bc9cb61c9875d442016d8bd77ec5fd09a  ??  artifacts/rust-tauri/R05/RR2/G-R2/negative-ev/n16-binding-drift/run-a/CLI_SESSIONS/auth/leaf-cases.ndjson
5cb4b358f26b06b48c507c8f4d805c2cd1b1629cdf1795ae39031f6cf373fa1e  ??  artifacts/rust-tauri/R05/RR2/G-R2/negative-ev/n16-binding-drift/run-a/CLI_SESSIONS/auth/me-denied-after.sha256
5cb4b358f26b06b48c507c8f4d805c2cd1b1629cdf1795ae39031f6cf373fa1e  ??  artifacts/rust-tauri/R05/RR2/G-R2/negative-ev/n16-binding-drift/run-a/CLI_SESSIONS/auth/me-denied-before.sha256
0d215f1c6def54307ad150e16f63aad9c4a781c8314cdca7d4c05e00936215c8  ??  artifacts/rust-tauri/R05/RR2/G-R2/negative-ev/n16-binding-drift/run-a/CLI_SESSIONS/auth/server-stderr.log
99d624569eda31c1cfe548cf53b807d083236d528504fb934f08d6ae5632c37e  ??  artifacts/rust-tauri/R05/RR2/G-R2/negative-ev/n16-binding-drift/run-a/CLI_SESSIONS/auth/server-stdout.log
619f672f5d1247eef1353214562142a0c18f81db27331b177429a79ec3342345  ??  artifacts/rust-tauri/R05/RR2/G-R2/negative-ev/n16-binding-drift/run-a/CLI_SESSIONS/auth/sessions-list-matrix.json
4218d001ccd273f1467d08971a7afc453914e1943e0a7e251ea1e980aa0d01da  ??  artifacts/rust-tauri/R05/RR2/G-R2/negative-ev/n16-binding-drift/run-a/CLI_SESSIONS/auth/state-after-authn.txt
c873342dfae29abbe0fa083a99338d6218520982d9f221aefe5f640545cae80e  ??  artifacts/rust-tauri/R05/RR2/G-R2/negative-ev/n16-binding-drift/run-a/CLI_SESSIONS/auth/state-after.txt
4218d001ccd273f1467d08971a7afc453914e1943e0a7e251ea1e980aa0d01da  ??  artifacts/rust-tauri/R05/RR2/G-R2/negative-ev/n16-binding-drift/run-a/CLI_SESSIONS/auth/state-before-authz.txt
4218d001ccd273f1467d08971a7afc453914e1943e0a7e251ea1e980aa0d01da  ??  artifacts/rust-tauri/R05/RR2/G-R2/negative-ev/n16-binding-drift/run-a/CLI_SESSIONS/auth/state-before.txt
48b3a66a6a0e0d07833ece45356c34725283eb481d70d37146d3657e0e03615e  ??  artifacts/rust-tauri/R05/RR2/G-R2/negative-ev/n16-binding-drift/run-a/CLI_SESSIONS/auth/summary.txt
6a63b05e2116113ffdbe7aa6da153d30fcf9522e86d469c5335447e99009f738  ??  artifacts/rust-tauri/R05/RR2/G-R2/negative-ev/n16-binding-drift/run-a/CLI_SESSIONS/producer.stderr.log
fc7564519a6e4db5db2cc41f4ff08a2d6eddcd2905d59ce30175771ab112d86c  ??  artifacts/rust-tauri/R05/RR2/G-R2/negative-ev/n16-binding-drift/run-a/CLI_SESSIONS/producer.stdout.log
2e8f04403121f2b9201a358fc1d32ac792750262d1e6e3849f21071c9266ce7f  ??  artifacts/rust-tauri/R05/RR2/G-R2/negative-ev/n16-binding-drift/run-a/CLI_SESSIONS/summary.json
e80c6a89c1e1e1b7712639b7db0a61d198fdb07073a56686bed597226c0a9460  ??  artifacts/rust-tauri/R05/RR2/G-R2/negative-ev/n16-binding-drift/run-a/MANAGEMENT/cargo.stderr.log
708ad0a929a6d4a9617e207d3d4f1f2283cab13fceb12d2c61132b49edbee9a4  ??  artifacts/rust-tauri/R05/RR2/G-R2/negative-ev/n16-binding-drift/run-a/MANAGEMENT/cargo.stdout.log
f66aeb82f4ca20bd206663a7de438e34ed264e0d39f80b83c3c041f2245e2ce9  ??  artifacts/rust-tauri/R05/RR2/G-R2/negative-ev/n16-binding-drift/run-a/MANAGEMENT/management-cases.json
6d50c1cb471fa450ae983bc121d2331b34e0ad01f145fec0d126d2807a4fe4e7  ??  artifacts/rust-tauri/R05/RR2/G-R2/negative-ev/n16-binding-drift/run-a/MANAGEMENT/security-audit-sources.json
6b2508d77dc03cfbfe4d31c3bc7e71562fb2082177f01b9cdc765fb12c734f03  ??  artifacts/rust-tauri/R05/RR2/G-R2/negative-ev/n16-binding-drift/run-a/MANAGEMENT/security-audit.jsonl
9837be74a422495bedbd6fcaff23d7b3ea46154ec2af9ce973166dc8cfaf3273  ??  artifacts/rust-tauri/R05/RR2/G-R2/negative-ev/n16-binding-drift/run-a/MANAGEMENT/summary.json
4e0ae9a7ee11531df0b59f99e3f4158627a8f4f55aaaf60d5c2f4c1a8c5aee62  ??  artifacts/rust-tauri/R05/RR2/G-R2/negative-ev/n16-binding-drift/run-a/MANAGEMENT/tls-cargo.stderr.log
0ace8191783ec7016b7383b44859c1e1739916d8e6e6d43471dbd9e26ad8ea36  ??  artifacts/rust-tauri/R05/RR2/G-R2/negative-ev/n16-binding-drift/run-a/MANAGEMENT/tls-cargo.stdout.log
c71ea5f7520ea670f1c6b38bedab8ba3d31e8c57b9481b5508f0b2e33992bac9  ??  artifacts/rust-tauri/R05/RR2/G-R2/negative-ev/n16-binding-drift/run-a/MANAGEMENT/tls-web-login-cases.json
f181351692241a59fd53dd932de34f8241fa09417beb862613a2af98c8b25470  ??  artifacts/rust-tauri/R05/RR2/G-R2/negative-ev/n16-binding-drift/run-a/MANAGEMENT/web-login-cases.json
456bb01d4edd09b53ba12859c3a987299d870f41721b179b62b6ab27639bea18  ??  artifacts/rust-tauri/R05/RR2/G-R2/negative-ev/n16-binding-drift/run-a/STATIC_WEB/cargo.stderr.log
0ca0337244f5955cd4bb2612dd324067be18bafc515faae90de04ce0be3741a3  ??  artifacts/rust-tauri/R05/RR2/G-R2/negative-ev/n16-binding-drift/run-a/STATIC_WEB/cargo.stdout.log
1c7affd88fbf974168567ad2bb7e59112ada629817bdf95bd681c594376fc0d5  ??  artifacts/rust-tauri/R05/RR2/G-R2/negative-ev/n16-binding-drift/run-a/STATIC_WEB/static-web-cases.json
ee056f2f85aa2bfd23711b6a03fbebcb677c82afda75df47ee2851d6d7e7357b  ??  artifacts/rust-tauri/R05/RR2/G-R2/negative-ev/n16-binding-drift/run-a/STATIC_WEB/summary.json
e3b0c44298fc1c149afbf4c8996fb92427ae41e4649b934ca495991b7852b855  ??  artifacts/rust-tauri/R05/RR2/G-R2/negative-ev/n16-binding-drift/run-a/a01_smoke/stderr.log
e264d272ac68826e570bbe509d75c6d912fb108441b2fe5345af126b0d8b5ecc  ??  artifacts/rust-tauri/R05/RR2/G-R2/negative-ev/n16-binding-drift/run-a/a01_smoke/stdout.log
e3b0c44298fc1c149afbf4c8996fb92427ae41e4649b934ca495991b7852b855  ??  artifacts/rust-tauri/R05/RR2/G-R2/negative-ev/n16-binding-drift/run-a/a02_boundary_negative/stderr.log
06bf7b13dff6be9c551dfbd20a179d85db609670ba6c52c92066c08c1b2cddb8  ??  artifacts/rust-tauri/R05/RR2/G-R2/negative-ev/n16-binding-drift/run-a/a02_boundary_negative/stdout.log
ce2be349238f162b24e775a4a815586ad873f5046b4aa6104e09a2989dc0edd4  ??  artifacts/rust-tauri/R05/RR2/G-R2/negative-ev/n16-binding-drift/run-a/a03_dual_instance/stderr.log
3c0884fce0a422452798b36a7eb37ee1d6302f6a3a5808c173266c67b4d13193  ??  artifacts/rust-tauri/R05/RR2/G-R2/negative-ev/n16-binding-drift/run-a/a03_dual_instance/stdout.log
e3b0c44298fc1c149afbf4c8996fb92427ae41e4649b934ca495991b7852b855  ??  artifacts/rust-tauri/R05/RR2/G-R2/negative-ev/n16-binding-drift/run-a/a04_path_priority/stderr.log
6fa74dbe442a48e7e7ee5684d9cea0d2ee74b080cb9c2545277d2a644639fae4  ??  artifacts/rust-tauri/R05/RR2/G-R2/negative-ev/n16-binding-drift/run-a/a04_path_priority/stdout.log
6a63b05e2116113ffdbe7aa6da153d30fcf9522e86d469c5335447e99009f738  ??  artifacts/rust-tauri/R05/RR2/G-R2/negative-ev/n16-binding-drift/run-a/a05_a06_auth_matrix/stderr.log
7454677c111aa25d510d041a7e9398c55dd53fd685a5b8723927bdd176a02e97  ??  artifacts/rust-tauri/R05/RR2/G-R2/negative-ev/n16-binding-drift/run-a/a05_a06_auth_matrix/stdout.log
d859453f0cdd8646cc19ab31581ed386c1ed68796aa517ec2f3dc8037ee7a977  ??  artifacts/rust-tauri/R05/RR2/G-R2/negative-ev/n16-binding-drift/run-a/a07_a08_storage_tx/stderr.log
1256f76b4a3062c0fbbdfb24c0f05e2ab81d87cf9be414a9672b1f358958f5cb  ??  artifacts/rust-tauri/R05/RR2/G-R2/negative-ev/n16-binding-drift/run-a/a07_a08_storage_tx/stdout.log
23874bc1107e0218f6d5db4b72eeb166f1b895d7abb3fa58e89fc87d9e3cf2f0  ??  artifacts/rust-tauri/R05/RR2/G-R2/negative-ev/n16-binding-drift/run-a/a07_live_fault_01_test/stderr.log
78cb4da49b2ddb7a699ba8e16c20f515a6808db4059219e63c3485e7cc97e48b  ??  artifacts/rust-tauri/R05/RR2/G-R2/negative-ev/n16-binding-drift/run-a/a07_live_fault_01_test/stdout.log
e3b0c44298fc1c149afbf4c8996fb92427ae41e4649b934ca495991b7852b855  ??  artifacts/rust-tauri/R05/RR2/G-R2/negative-ev/n16-binding-drift/run-a/a07_live_fault_02_check/stderr.log
d3a7b9bbee6f55631dcb71388dad6f0c9868c8cee9add309936e4d04a1d18369  ??  artifacts/rust-tauri/R05/RR2/G-R2/negative-ev/n16-binding-drift/run-a/a07_live_fault_02_check/stdout.log
5dc11b5c29051fd5cc8adca25a942497fdc4998aa1dba874ec08015cd26b9fee  ??  artifacts/rust-tauri/R05/RR2/G-R2/negative-ev/n16-binding-drift/run-a/a09_a10_events_matrix/stderr.log
93cdd5d8dcb1c1a7a19fe36b5c4e9233533458151c2e93764661429460673e5f  ??  artifacts/rust-tauri/R05/RR2/G-R2/negative-ev/n16-binding-drift/run-a/a09_a10_events_matrix/stdout.log
e3b0c44298fc1c149afbf4c8996fb92427ae41e4649b934ca495991b7852b855  ??  artifacts/rust-tauri/R05/RR2/G-R2/negative-ev/n16-binding-drift/run-a/a11_backup_restore/stderr.log
f373b1e2bc8965ee98fe02da5e2dd52356ba8bf9df7ac3f8f702fc4bda97d14c  ??  artifacts/rust-tauri/R05/RR2/G-R2/negative-ev/n16-binding-drift/run-a/a11_backup_restore/stdout.log
e3b0c44298fc1c149afbf4c8996fb92427ae41e4649b934ca495991b7852b855  ??  artifacts/rust-tauri/R05/RR2/G-R2/negative-ev/n16-binding-drift/run-a/a12_recovery_drill/stderr.log
59a6f964ea5e6ebb0dba2a5d6d85df051799599ab5332f807587c133cc1dacd1  ??  artifacts/rust-tauri/R05/RR2/G-R2/negative-ev/n16-binding-drift/run-a/a12_recovery_drill/stdout.log
95fb71b2557b7a584eb709a781a7bde2b4f237fc2f005229c5be44c60f9744a7  ??  artifacts/rust-tauri/R05/RR2/G-R2/negative-ev/n16-binding-drift/run-a/a13_redaction_scan/stderr.log
0fd94b9adf71b0d6c98f3a4ac315eeba369e710738446bbe9d401180f746ee23  ??  artifacts/rust-tauri/R05/RR2/G-R2/negative-ev/n16-binding-drift/run-a/a13_redaction_scan/stdout.log
e3b0c44298fc1c149afbf4c8996fb92427ae41e4649b934ca495991b7852b855  ??  artifacts/rust-tauri/R05/RR2/G-R2/negative-ev/n16-binding-drift/run-a/a14_slow_subscriber/stderr.log
19d7cc3c864bec3abeaafaac896f269732d9a6e4516c0a2842a0ba705aa13b9c  ??  artifacts/rust-tauri/R05/RR2/G-R2/negative-ev/n16-binding-drift/run-a/a14_slow_subscriber/stdout.log
e3b0c44298fc1c149afbf4c8996fb92427ae41e4649b934ca495991b7852b855  ??  artifacts/rust-tauri/R05/RR2/G-R2/negative-ev/n16-binding-drift/run-a/a15_full_chain/stderr.log
5189f2cf545409183102b9438451a51f9a7d48345151df0ec74ef705c03b9a0c  ??  artifacts/rust-tauri/R05/RR2/G-R2/negative-ev/n16-binding-drift/run-a/a15_full_chain/stdout.log
733d190aaddaa62cfe0bd69a07cebade6ddb0051a53c6dd503dd4ef51f113b50  ??  artifacts/rust-tauri/R05/RR2/G-R2/negative-ev/n16-binding-drift/run-a/a16_legacy_regression/stderr.log
097be8b344e1ad9569130f4778435cefff1773e7549d5a8e990f39c3e3e915e7  ??  artifacts/rust-tauri/R05/RR2/G-R2/negative-ev/n16-binding-drift/run-a/a16_legacy_regression/stdout.log
dd5cdebaa3ac8fab718984221baa09c7609290b2ddeaec042caba3eff0165f55  ??  artifacts/rust-tauri/R05/RR2/G-R2/negative-ev/n16-binding-drift/run-a/candidate-source-after.json
dd5cdebaa3ac8fab718984221baa09c7609290b2ddeaec042caba3eff0165f55  ??  artifacts/rust-tauri/R05/RR2/G-R2/negative-ev/n16-binding-drift/run-a/candidate-source-before.json
e3b0c44298fc1c149afbf4c8996fb92427ae41e4649b934ca495991b7852b855  ??  artifacts/rust-tauri/R05/RR2/G-R2/negative-ev/n16-binding-drift/run-a/supplemental_cli_rust_matrix/stderr.log
e3b0c44298fc1c149afbf4c8996fb92427ae41e4649b934ca495991b7852b855  ??  artifacts/rust-tauri/R05/RR2/G-R2/negative-ev/n16-binding-drift/run-a/supplemental_cli_rust_matrix/stdout.log
e3b0c44298fc1c149afbf4c8996fb92427ae41e4649b934ca495991b7852b855  ??  artifacts/rust-tauri/R05/RR2/G-R2/negative-ev/n16-binding-drift/run-a/supplemental_cli_sessions_matrix/stderr.log
6e83d418cdecb9da7bd76dc38ec91fe10efe10285f380f9a17f271563a2e0b2b  ??  artifacts/rust-tauri/R05/RR2/G-R2/negative-ev/n16-binding-drift/run-a/supplemental_cli_sessions_matrix/stdout.log
e3b0c44298fc1c149afbf4c8996fb92427ae41e4649b934ca495991b7852b855  ??  artifacts/rust-tauri/R05/RR2/G-R2/negative-ev/n16-binding-drift/run-a/supplemental_client_matrix/stderr.log
e7f9796cba1481bd6b99d287e3fc4dc0df0d55bcaca20af6b6e144da472172d4  ??  artifacts/rust-tauri/R05/RR2/G-R2/negative-ev/n16-binding-drift/run-a/supplemental_client_matrix/stdout.log
e3b0c44298fc1c149afbf4c8996fb92427ae41e4649b934ca495991b7852b855  ??  artifacts/rust-tauri/R05/RR2/G-R2/negative-ev/n16-binding-drift/run-a/supplemental_management_matrix/stderr.log
4c81de3cd970f4c125e7edb0b362ef2dbe8a7a8b1c02e31b5a33217c8b1e6438  ??  artifacts/rust-tauri/R05/RR2/G-R2/negative-ev/n16-binding-drift/run-a/supplemental_management_matrix/stdout.log
e3b0c44298fc1c149afbf4c8996fb92427ae41e4649b934ca495991b7852b855  ??  artifacts/rust-tauri/R05/RR2/G-R2/negative-ev/n16-binding-drift/run-a/supplemental_static_web_matrix/stderr.log
398104e02bc4195c92ef9637d1345be7f4760673693eb5bb5ae26093e267edd3  ??  artifacts/rust-tauri/R05/RR2/G-R2/negative-ev/n16-binding-drift/run-a/supplemental_static_web_matrix/stdout.log
f7b3f8eaa26f270b2593494060a27d0e6cdf4899cab027214be3beee09dcbb36  ??  artifacts/rust-tauri/R05/RR2/G-R2/negative-ev/n16-binding-drift/run-a/verify-stage-result.json
71e9559bc104bca438e645ccf760286ae6c5978578e3aeeeff1993d2ad38cc91  ??  artifacts/rust-tauri/R05/RR2/G-R2/negative-ev/n16-binding-drift/run-b.log
c1976751856c174814c998b239f8e12695ee8059ced59f7ee2d96a58833e0f4d  ??  artifacts/rust-tauri/R05/RR2/G-R2/negative-ev/n16-binding-drift/run-b/A01/a01-build.log
e3b0c44298fc1c149afbf4c8996fb92427ae41e4649b934ca495991b7852b855  ??  artifacts/rust-tauri/R05/RR2/G-R2/negative-ev/n16-binding-drift/run-b/A01/a01-cargo-metadata.err
996a32435ca69af13742229865bfca1e3d666d7716c73976b473a34b4b3d0c6e  ??  artifacts/rust-tauri/R05/RR2/G-R2/negative-ev/n16-binding-drift/run-b/A01/a01-cargo-metadata.json
e3b0c44298fc1c149afbf4c8996fb92427ae41e4649b934ca495991b7852b855  ??  artifacts/rust-tauri/R05/RR2/G-R2/negative-ev/n16-binding-drift/run-b/A01/a01-child-snapshot.tsv
589b7d1ecfce24e61c9754a2e1d22565c2b907dbc904038c4333ddba76c753b7  ??  artifacts/rust-tauri/R05/RR2/G-R2/negative-ev/n16-binding-drift/run-b/A01/a01-deptree-evidence.log
f7fcacea611f836fcfee896f96b921cb6f11f87ef330adf7f40d820cb361ac1c  ??  artifacts/rust-tauri/R05/RR2/G-R2/negative-ev/n16-binding-drift/run-b/A01/a01-health-body.json
ce8e91e2bb58529946f22fe61ea1f93511ca96850d113ffadcd9a8a9aa3b9082  ??  artifacts/rust-tauri/R05/RR2/G-R2/negative-ev/n16-binding-drift/run-b/A01/a01-health-check.log
3ef6578329bb525e73dd979a9f2896f447ffcd57805850f790b61b20f141140d  ??  artifacts/rust-tauri/R05/RR2/G-R2/negative-ev/n16-binding-drift/run-b/A01/a01-invalid-bind-homes-after.txt
3ef6578329bb525e73dd979a9f2896f447ffcd57805850f790b61b20f141140d  ??  artifacts/rust-tauri/R05/RR2/G-R2/negative-ev/n16-binding-drift/run-b/A01/a01-invalid-bind-homes-before.txt
bd84f8ddedc8d4a798d42ce9bc1673e9e1c662167f3082562e8a40472b95ab7d  ??  artifacts/rust-tauri/R05/RR2/G-R2/negative-ev/n16-binding-drift/run-b/A01/a01-invalid-bind.stderr.log
e3b0c44298fc1c149afbf4c8996fb92427ae41e4649b934ca495991b7852b855  ??  artifacts/rust-tauri/R05/RR2/G-R2/negative-ev/n16-binding-drift/run-b/A01/a01-invalid-bind.stdout.log
6c88f1bf243b09c3f5c0207654b095224ce3608f74e78b992b2a648ff6ad119b  ??  artifacts/rust-tauri/R05/RR2/G-R2/negative-ev/n16-binding-drift/run-b/A01/a01-leaf-cases.json
82a2796faa8737647ba5c90f5a289a51a16c96ced5eea5d6a600f4dce73980dc  ??  artifacts/rust-tauri/R05/RR2/G-R2/negative-ev/n16-binding-drift/run-b/A01/a01-newer-config-data-fallback-after.txt
82a2796faa8737647ba5c90f5a289a51a16c96ced5eea5d6a600f4dce73980dc  ??  artifacts/rust-tauri/R05/RR2/G-R2/negative-ev/n16-binding-drift/run-b/A01/a01-newer-config-data-fallback-before.txt
e29408789d1c5e23952f99933dc53a4382c99f6041f7f9aa48c2e6ad5d284ecd  ??  artifacts/rust-tauri/R05/RR2/G-R2/negative-ev/n16-binding-drift/run-b/A01/a01-newer-config-data-homes-after.txt
5fbe1baaead2263cb61775f93ec2e9a3b8eddefe2c262b0ba49c04beb6903e05  ??  artifacts/rust-tauri/R05/RR2/G-R2/negative-ev/n16-binding-drift/run-b/A01/a01-newer-config-data-homes-before.txt
b93405258ea28d3dc0b170046eb8058cdccc8c1cee973adf95a067eca733d599  ??  artifacts/rust-tauri/R05/RR2/G-R2/negative-ev/n16-binding-drift/run-b/A01/a01-newer-config-data-original-after.sha256
b93405258ea28d3dc0b170046eb8058cdccc8c1cee973adf95a067eca733d599  ??  artifacts/rust-tauri/R05/RR2/G-R2/negative-ev/n16-binding-drift/run-b/A01/a01-newer-config-data-original-before.sha256
e8a62dc4b385479643dd8c0bd360eddeedabcfd8f320c5b60842d6df03199f00  ??  artifacts/rust-tauri/R05/RR2/G-R2/negative-ev/n16-binding-drift/run-b/A01/a01-newer-config-data.stderr.log
e3b0c44298fc1c149afbf4c8996fb92427ae41e4649b934ca495991b7852b855  ??  artifacts/rust-tauri/R05/RR2/G-R2/negative-ev/n16-binding-drift/run-b/A01/a01-newer-config-data.stdout.log
82a2796faa8737647ba5c90f5a289a51a16c96ced5eea5d6a600f4dce73980dc  ??  artifacts/rust-tauri/R05/RR2/G-R2/negative-ev/n16-binding-drift/run-b/A01/a01-newer-data-fallback-after.txt
82a2796faa8737647ba5c90f5a289a51a16c96ced5eea5d6a600f4dce73980dc  ??  artifacts/rust-tauri/R05/RR2/G-R2/negative-ev/n16-binding-drift/run-b/A01/a01-newer-data-fallback-before.txt
0a96a916b36d1dba574a9315640649d2cd2eabca9782df3084890d910463825b  ??  artifacts/rust-tauri/R05/RR2/G-R2/negative-ev/n16-binding-drift/run-b/A01/a01-newer-data-homes-after.txt
b3e6a532f4d33be283bf227e3d1d39a67990879f5815b9e9d9f04e7987b1c76d  ??  artifacts/rust-tauri/R05/RR2/G-R2/negative-ev/n16-binding-drift/run-b/A01/a01-newer-data-homes-before.txt
feb703bf1329951b0e3a64b14c79f29d66176298ded32cc810823bbcfdcd5f56  ??  artifacts/rust-tauri/R05/RR2/G-R2/negative-ev/n16-binding-drift/run-b/A01/a01-newer-data-original-after.sha256
feb703bf1329951b0e3a64b14c79f29d66176298ded32cc810823bbcfdcd5f56  ??  artifacts/rust-tauri/R05/RR2/G-R2/negative-ev/n16-binding-drift/run-b/A01/a01-newer-data-original-before.sha256
d5765cacb81637bd0a940486051e06bef8662925a1991d6bd4acd74c24cb0aaa  ??  artifacts/rust-tauri/R05/RR2/G-R2/negative-ev/n16-binding-drift/run-b/A01/a01-newer-data.stderr.log
e3b0c44298fc1c149afbf4c8996fb92427ae41e4649b934ca495991b7852b855  ??  artifacts/rust-tauri/R05/RR2/G-R2/negative-ev/n16-binding-drift/run-b/A01/a01-newer-data.stdout.log
82a2796faa8737647ba5c90f5a289a51a16c96ced5eea5d6a600f4dce73980dc  ??  artifacts/rust-tauri/R05/RR2/G-R2/negative-ev/n16-binding-drift/run-b/A01/a01-newer-env-data-fallback-after.txt
82a2796faa8737647ba5c90f5a289a51a16c96ced5eea5d6a600f4dce73980dc  ??  artifacts/rust-tauri/R05/RR2/G-R2/negative-ev/n16-binding-drift/run-b/A01/a01-newer-env-data-fallback-before.txt
a846272d49eb6a07afb44915ab144429543278acc0ea9a53a6afbd1d22ac36da  ??  artifacts/rust-tauri/R05/RR2/G-R2/negative-ev/n16-binding-drift/run-b/A01/a01-newer-env-data-homes-after.txt
b34569180aaf0678a24a368d7f557089cfc8e7367cab480b728bd775ee64b7b0  ??  artifacts/rust-tauri/R05/RR2/G-R2/negative-ev/n16-binding-drift/run-b/A01/a01-newer-env-data-homes-before.txt
0c4e7682fa78cdb9e71a6a61a0354a0b3381860d16e5faab3ef5411a8bf7ccfa  ??  artifacts/rust-tauri/R05/RR2/G-R2/negative-ev/n16-binding-drift/run-b/A01/a01-newer-env-data-original-after.sha256
0c4e7682fa78cdb9e71a6a61a0354a0b3381860d16e5faab3ef5411a8bf7ccfa  ??  artifacts/rust-tauri/R05/RR2/G-R2/negative-ev/n16-binding-drift/run-b/A01/a01-newer-env-data-original-before.sha256
4b2f7eb3184014f9b2cfc30756684fe8bd7366873cbd969ba54ac5877c25a71f  ??  artifacts/rust-tauri/R05/RR2/G-R2/negative-ev/n16-binding-drift/run-b/A01/a01-newer-env-data.stderr.log
e3b0c44298fc1c149afbf4c8996fb92427ae41e4649b934ca495991b7852b855  ??  artifacts/rust-tauri/R05/RR2/G-R2/negative-ev/n16-binding-drift/run-b/A01/a01-newer-env-data.stdout.log
0b51ac01cccc3bf67d76a5168791169d9ffe180a2f1d5f0b3976f70f9368b948  ??  artifacts/rust-tauri/R05/RR2/G-R2/negative-ev/n16-binding-drift/run-b/A01/a01-service-stderr.log
f2012c90f3279513d34f66c0797f742501c9ec8b989bf59478f85190956d31ee  ??  artifacts/rust-tauri/R05/RR2/G-R2/negative-ev/n16-binding-drift/run-b/A01/a01-service-stdout.log
2407ddc61f54fa51f4038797f90bacc86b5fbaf21870d2bf603a22d363880c4a  ??  artifacts/rust-tauri/R05/RR2/G-R2/negative-ev/n16-binding-drift/run-b/A01/a01-shutdown.log
3ce1005240a8ebfb25acd73c8ec01b4df742a35b81e2a622a6c65bf368865033  ??  artifacts/rust-tauri/R05/RR2/G-R2/negative-ev/n16-binding-drift/run-b/A01/leaf-cases.ndjson
d99ada8df8ff7853d02908eb6bb04adfa1e06d15fa8e1af10a9ecaa46d7ca330  ??  artifacts/rust-tauri/R05/RR2/G-R2/negative-ev/n16-binding-drift/run-b/A02/a02-green-baseline.log
d99ada8df8ff7853d02908eb6bb04adfa1e06d15fa8e1af10a9ecaa46d7ca330  ??  artifacts/rust-tauri/R05/RR2/G-R2/negative-ev/n16-binding-drift/run-b/A02/a02-green-na-restored.log
d99ada8df8ff7853d02908eb6bb04adfa1e06d15fa8e1af10a9ecaa46d7ca330  ??  artifacts/rust-tauri/R05/RR2/G-R2/negative-ev/n16-binding-drift/run-b/A02/a02-green-nb-restored.log
d99ada8df8ff7853d02908eb6bb04adfa1e06d15fa8e1af10a9ecaa46d7ca330  ??  artifacts/rust-tauri/R05/RR2/G-R2/negative-ev/n16-binding-drift/run-b/A02/a02-green-nc-restored.log
1b722463d3e810df3a9a644bfa6906d42b28a8ad38c450666b39d810716ba234  ??  artifacts/rust-tauri/R05/RR2/G-R2/negative-ev/n16-binding-drift/run-b/A02/a02-na-source-token.log
4e325fc8db3c593186b5ddb715a2a542d50647dc12d52d49e507c63f997661b9  ??  artifacts/rust-tauri/R05/RR2/G-R2/negative-ev/n16-binding-drift/run-b/A02/a02-nb-dep-edge.log
52f6a39b569099260ffa15a4ab53a035a92bafe121af43ac2f58cd9e2a3ca634  ??  artifacts/rust-tauri/R05/RR2/G-R2/negative-ev/n16-binding-drift/run-b/A02/a02-nc-service-inversion.log
6c7af580549ddf9f2602564842cc5059dae8e004314e97f7a4bdde9d01c9e90b  ??  artifacts/rust-tauri/R05/RR2/G-R2/negative-ev/n16-binding-drift/run-b/A02/a02-residue-check.log
12b1f73b23c291e5672273e255359807baf733273fc6a000604884fa3787c18e  ??  artifacts/rust-tauri/R05/RR2/G-R2/negative-ev/n16-binding-drift/run-b/A02/a02-summary.log
97494b0673d4c3be4cd33fba734f29ca40ccc2f2e9c6d23b67b57b49167c8ddd  ??  artifacts/rust-tauri/R05/RR2/G-R2/negative-ev/n16-binding-drift/run-b/A03/a03-build.log
6f50650ec9e187fd880c020ef337de48e34f332f27ea4da309bb2031804827cd  ??  artifacts/rust-tauri/R05/RR2/G-R2/negative-ev/n16-binding-drift/run-b/A03/a03-forged-record.json
f7fcacea611f836fcfee896f96b921cb6f11f87ef330adf7f40d820cb361ac1c  ??  artifacts/rust-tauri/R05/RR2/G-R2/negative-ev/n16-binding-drift/run-b/A03/a03-inst1-health.json
236bf385bf9dc6157ec38fe16d6f4d315baa479e430ef13444f70a010fecc987  ??  artifacts/rust-tauri/R05/RR2/G-R2/negative-ev/n16-binding-drift/run-b/A03/a03-inst1-stderr.log
63c1c651c64d99e0027306d0a3ed8830256397c0ba801122cb3341c5f785b187  ??  artifacts/rust-tauri/R05/RR2/G-R2/negative-ev/n16-binding-drift/run-b/A03/a03-inst1-stdout.log
c095f66d8119876f4f6beec67af701d98850431bf121d4a30e1494747704a032  ??  artifacts/rust-tauri/R05/RR2/G-R2/negative-ev/n16-binding-drift/run-b/A03/a03-inst2-marker.txt
c13dd644be508ac15d53c5e739136c0bbf6966710707f126a0e676138daf567a  ??  artifacts/rust-tauri/R05/RR2/G-R2/negative-ev/n16-binding-drift/run-b/A03/a03-inst2-stderr.log
e3b0c44298fc1c149afbf4c8996fb92427ae41e4649b934ca495991b7852b855  ??  artifacts/rust-tauri/R05/RR2/G-R2/negative-ev/n16-binding-drift/run-b/A03/a03-inst2-stdout.log
dee750d2854886755a70fb19415651b255f4fa3d1f545993c10b45dd375708bf  ??  artifacts/rust-tauri/R05/RR2/G-R2/negative-ev/n16-binding-drift/run-b/A03/a03-inst2b-stderr.log
e3b0c44298fc1c149afbf4c8996fb92427ae41e4649b934ca495991b7852b855  ??  artifacts/rust-tauri/R05/RR2/G-R2/negative-ev/n16-binding-drift/run-b/A03/a03-inst2b-stdout.log
3bf7e41a9a98def639381d2942244a85c7632b3ce3577e112be0c3e1a2738092  ??  artifacts/rust-tauri/R05/RR2/G-R2/negative-ev/n16-binding-drift/run-b/A03/a03-inst3-stderr.log
488226400de2137b7db99f05195b9f8f04c1ded8d1b2e1c0a746599bdf074467  ??  artifacts/rust-tauri/R05/RR2/G-R2/negative-ev/n16-binding-drift/run-b/A03/a03-inst3-stdout.log
0900286bd1734f779241de0f9de54e5df36443a847dd5c31c86c72020621a0e1  ??  artifacts/rust-tauri/R05/RR2/G-R2/negative-ev/n16-binding-drift/run-b/A03/a03-inst4-stderr.log
def630a9bd89fe33a164d6803c025d4ce7983fad917fd9c8f9352168391a6114  ??  artifacts/rust-tauri/R05/RR2/G-R2/negative-ev/n16-binding-drift/run-b/A03/a03-inst4-stdout.log
b570b54982dfe8225c280df679a315c526f4212eac440e5331f2b72c469ee7e2  ??  artifacts/rust-tauri/R05/RR2/G-R2/negative-ev/n16-binding-drift/run-b/A03/a03-summary.txt
a5f4c585ee974ca44916ac30a98bbc189e067a7e0a6bc6d2e8d6bc525be724af  ??  artifacts/rust-tauri/R05/RR2/G-R2/negative-ev/n16-binding-drift/run-b/A04/a04-build.log
47f7d0f6ad5b34a6b5c62feb4173fd61dbb5c6b3ec031422daa20c429949ae13  ??  artifacts/rust-tauri/R05/RR2/G-R2/negative-ev/n16-binding-drift/run-b/A04/a04-cli-stderr.log
7016964deea533ffd7d27fd17a56167e64e7ba1076a16bcfd12cd95a65ecefe0  ??  artifacts/rust-tauri/R05/RR2/G-R2/negative-ev/n16-binding-drift/run-b/A04/a04-cli-stdout.log
78dcf9b61d8f58c0a11c116e5ca695a06233595b25043a538957a9766f5104cc  ??  artifacts/rust-tauri/R05/RR2/G-R2/negative-ev/n16-binding-drift/run-b/A04/a04-config-file-stderr.log
a451a7baa95f5038fe2174fc282576a4f0a732660bafdce37d997b441414ab4d  ??  artifacts/rust-tauri/R05/RR2/G-R2/negative-ev/n16-binding-drift/run-b/A04/a04-config-file-stdout.log
49880e7c0ceed0659a0510dd1dba552bff813e68c74828fead3f87774367cbd6  ??  artifacts/rust-tauri/R05/RR2/G-R2/negative-ev/n16-binding-drift/run-b/A04/a04-conflict-stderr.log
7a7c24741ff95410c403927d019ac1d5b479787c3cae3780c3e3d75a12a18200  ??  artifacts/rust-tauri/R05/RR2/G-R2/negative-ev/n16-binding-drift/run-b/A04/a04-conflict-stdout.log
afa050cb37a6105fbad26d47dbcbac7d38760c33d45651aefb890871bc47ddb7  ??  artifacts/rust-tauri/R05/RR2/G-R2/negative-ev/n16-binding-drift/run-b/A04/a04-env-stderr.log
208c2cbbe25820f466e5f89947b72042cb807d0660a7098cf3fe88cb48ee8fd7  ??  artifacts/rust-tauri/R05/RR2/G-R2/negative-ev/n16-binding-drift/run-b/A04/a04-env-stdout.log
9157426f1061ad6bacf4126ea69d8e303a85d2e62fed857337ffb5f78bf9a51a  ??  artifacts/rust-tauri/R05/RR2/G-R2/negative-ev/n16-binding-drift/run-b/A04/a04-neg-bad-config-stderr.log
e3b0c44298fc1c149afbf4c8996fb92427ae41e4649b934ca495991b7852b855  ??  artifacts/rust-tauri/R05/RR2/G-R2/negative-ev/n16-binding-drift/run-b/A04/a04-neg-bad-config-stdout.log
a3f3c5d59c61ea3d24e5516375dcac973e111e399df39dae520f24b28060c798  ??  artifacts/rust-tauri/R05/RR2/G-R2/negative-ev/n16-binding-drift/run-b/A04/a04-neg-duplicate-home-stderr.log
e3b0c44298fc1c149afbf4c8996fb92427ae41e4649b934ca495991b7852b855  ??  artifacts/rust-tauri/R05/RR2/G-R2/negative-ev/n16-binding-drift/run-b/A04/a04-neg-duplicate-home-stdout.log
64166638079085f982b1cefb5fd12d410044860f34ee66b80d1fbcb632fb2086  ??  artifacts/rust-tauri/R05/RR2/G-R2/negative-ev/n16-binding-drift/run-b/A04/a04-neg-equals-form-stderr.log
e3b0c44298fc1c149afbf4c8996fb92427ae41e4649b934ca495991b7852b855  ??  artifacts/rust-tauri/R05/RR2/G-R2/negative-ev/n16-binding-drift/run-b/A04/a04-neg-equals-form-stdout.log
7e4aae0c679d86a40a80b624c339a9504446c9f91082b5720376f979dce48903  ??  artifacts/rust-tauri/R05/RR2/G-R2/negative-ev/n16-binding-drift/run-b/A04/a04-neg-flag-shaped-stderr.log
e3b0c44298fc1c149afbf4c8996fb92427ae41e4649b934ca495991b7852b855  ??  artifacts/rust-tauri/R05/RR2/G-R2/negative-ev/n16-binding-drift/run-b/A04/a04-neg-flag-shaped-stdout.log
d3f80dd58dd10c1b98637a940526a27ef8bb90e690b924f5f10c8d95b662923d  ??  artifacts/rust-tauri/R05/RR2/G-R2/negative-ev/n16-binding-drift/run-b/A04/a04-neg-missing-config-stderr.log
e3b0c44298fc1c149afbf4c8996fb92427ae41e4649b934ca495991b7852b855  ??  artifacts/rust-tauri/R05/RR2/G-R2/negative-ev/n16-binding-drift/run-b/A04/a04-neg-missing-config-stdout.log
9cd1e311917750968837235cde159dc415b33c7357459942148e67cd22aee77c  ??  artifacts/rust-tauri/R05/RR2/G-R2/negative-ev/n16-binding-drift/run-b/A04/a04-neg-no-source-stderr.log
e3b0c44298fc1c149afbf4c8996fb92427ae41e4649b934ca495991b7852b855  ??  artifacts/rust-tauri/R05/RR2/G-R2/negative-ev/n16-binding-drift/run-b/A04/a04-neg-no-source-stdout.log
4cadf35a4ad80bdf06690b0c8db169405caeba3b205fc2488b31426397df2e8e  ??  artifacts/rust-tauri/R05/RR2/G-R2/negative-ev/n16-binding-drift/run-b/A04/a04-neg-relative-home-stderr.log
e3b0c44298fc1c149afbf4c8996fb92427ae41e4649b934ca495991b7852b855  ??  artifacts/rust-tauri/R05/RR2/G-R2/negative-ev/n16-binding-drift/run-b/A04/a04-neg-relative-home-stdout.log
9fb31523b09b6735ab036ff17b35131f495be092ce1daf472194b05e7e5463d7  ??  artifacts/rust-tauri/R05/RR2/G-R2/negative-ev/n16-binding-drift/run-b/A04/a04-summary.txt
b868011a3be3728a58dcae380fff2b9d183c5115dc04418dfe83278677221355  ??  artifacts/rust-tauri/R05/RR2/G-R2/negative-ev/n16-binding-drift/run-b/A04/a04-test-mode-stderr.log
2a42cd032036b8d4a07b4cd418844925b0c88f6914cbcc46370a24d29c1b78a3  ??  artifacts/rust-tauri/R05/RR2/G-R2/negative-ev/n16-binding-drift/run-b/A04/a04-test-mode-stdout.log
c72032e5996e74b3047052e4bf8a36467ad4473b228ef0244bb6b9841a257323  ??  artifacts/rust-tauri/R05/RR2/G-R2/negative-ev/n16-binding-drift/run-b/A05_A06/.last-body
a5f4c585ee974ca44916ac30a98bbc189e067a7e0a6bc6d2e8d6bc525be724af  ??  artifacts/rust-tauri/R05/RR2/G-R2/negative-ev/n16-binding-drift/run-b/A05_A06/build.log
64d0052d9025a6af3a1032760de3cabddb7d7921c2a195b082d0edd32517d63f  ??  artifacts/rust-tauri/R05/RR2/G-R2/negative-ev/n16-binding-drift/run-b/A05_A06/cli-sessions-owner.stderr.log
e3b0c44298fc1c149afbf4c8996fb92427ae41e4649b934ca495991b7852b855  ??  artifacts/rust-tauri/R05/RR2/G-R2/negative-ev/n16-binding-drift/run-b/A05_A06/cli-sessions-owner.stdout.log
cf03864f5018cb11af44afc08933f58af054dd60d4df1e467f05dcca289792d2  ??  artifacts/rust-tauri/R05/RR2/G-R2/negative-ev/n16-binding-drift/run-b/A05_A06/creds-after-authz.json
e53896e0583614370329e697aca08f70c85587737a67f0a993cf29c746ae45f4  ??  artifacts/rust-tauri/R05/RR2/G-R2/negative-ev/n16-binding-drift/run-b/A05_A06/creds-before-authz.json
0e4418bf0d61a86d49991bc1663b8d4b2ac9d73757056f1740ddff0e7f6ccb1d  ??  artifacts/rust-tauri/R05/RR2/G-R2/negative-ev/n16-binding-drift/run-b/A05_A06/devices-after-authz.json
b562d7743c9c04ff5bf7c505fce4f70f78f53c7e8e7199078688971d78784efd  ??  artifacts/rust-tauri/R05/RR2/G-R2/negative-ev/n16-binding-drift/run-b/A05_A06/devices-before-authz.json
dff307e4c640949dedcdc9532023c91bc9cb61c9875d442016d8bd77ec5fd09a  ??  artifacts/rust-tauri/R05/RR2/G-R2/negative-ev/n16-binding-drift/run-b/A05_A06/leaf-cases.ndjson
ae0f594942aff80051703b130f77326f28cacc4407373e4f114df019f9abb8f9  ??  artifacts/rust-tauri/R05/RR2/G-R2/negative-ev/n16-binding-drift/run-b/A05_A06/me-denied-after.sha256
ae0f594942aff80051703b130f77326f28cacc4407373e4f114df019f9abb8f9  ??  artifacts/rust-tauri/R05/RR2/G-R2/negative-ev/n16-binding-drift/run-b/A05_A06/me-denied-before.sha256
e217681b896585607d0f2d2f5ace5ec7cf051bd64a83775ecc35aa4d274675d4  ??  artifacts/rust-tauri/R05/RR2/G-R2/negative-ev/n16-binding-drift/run-b/A05_A06/server-stderr.log
52cde99d98ca5dc948bbeb95c3bd9e9aa76ed6552d6850970a799e732e164ca2  ??  artifacts/rust-tauri/R05/RR2/G-R2/negative-ev/n16-binding-drift/run-b/A05_A06/server-stdout.log
619f672f5d1247eef1353214562142a0c18f81db27331b177429a79ec3342345  ??  artifacts/rust-tauri/R05/RR2/G-R2/negative-ev/n16-binding-drift/run-b/A05_A06/sessions-list-matrix.json
16a6fbfdb7c5563868245f3201436ea87705ea9bac61dba97c5207e425de3b07  ??  artifacts/rust-tauri/R05/RR2/G-R2/negative-ev/n16-binding-drift/run-b/A05_A06/state-after-authn.txt
55b606dca26a30828210524ad48c6873d27c716ad4f03cd4e18993b1076c09b4  ??  artifacts/rust-tauri/R05/RR2/G-R2/negative-ev/n16-binding-drift/run-b/A05_A06/state-after.txt
16a6fbfdb7c5563868245f3201436ea87705ea9bac61dba97c5207e425de3b07  ??  artifacts/rust-tauri/R05/RR2/G-R2/negative-ev/n16-binding-drift/run-b/A05_A06/state-before-authz.txt
16a6fbfdb7c5563868245f3201436ea87705ea9bac61dba97c5207e425de3b07  ??  artifacts/rust-tauri/R05/RR2/G-R2/negative-ev/n16-binding-drift/run-b/A05_A06/state-before.txt
0ea5aa272c5e6935037a004e3c685350affc77523459e437dab63acc6b9b4b58  ??  artifacts/rust-tauri/R05/RR2/G-R2/negative-ev/n16-binding-drift/run-b/A05_A06/summary.txt
6c3f120bb5447f5d22afa3bd03380f6801d503ac82658874890027035783b1b2  ??  artifacts/rust-tauri/R05/RR2/G-R2/negative-ev/n16-binding-drift/run-b/A07_A08/build.log
1243fb84c445172a233008119336485c18a86b17c3fcc639fc5ea92ca175437e  ??  artifacts/rust-tauri/R05/RR2/G-R2/negative-ev/n16-binding-drift/run-b/A07_A08/last-db-hashes.txt
4baf80f747bdab4baef58c3bdd2c33084623a1597aee5ed9975b2ca3672ffff8  ??  artifacts/rust-tauri/R05/RR2/G-R2/negative-ev/n16-binding-drift/run-b/A07_A08/s0-registry-consistency.log
d713b4d2f2123afe9c6c7fc9f2e89746849192a9276c9c9383b94d4ab7fd0c66  ??  artifacts/rust-tauri/R05/RR2/G-R2/negative-ev/n16-binding-drift/run-b/A07_A08/s1-counts-after-stop.json
347987f9452c382b32e905cd01a47510e5b5052b9177d6711a0828ded331f07a  ??  artifacts/rust-tauri/R05/RR2/G-R2/negative-ev/n16-binding-drift/run-b/A07_A08/s2-counts-after-crash.json
3911bc8fe207b82709c0c9f6a9ce7a254aa11d5ff2810d3d59f5a14139fae3e1  ??  artifacts/rust-tauri/R05/RR2/G-R2/negative-ev/n16-binding-drift/run-b/A07_A08/s2-runs-dump.jsonl
599f7c3c5ab8ee88eff01f27160e557571478f8a5b4b077505efd84e78faf45b  ??  artifacts/rust-tauri/R05/RR2/G-R2/negative-ev/n16-binding-drift/run-b/A07_A08/s3-fault.err
e3b0c44298fc1c149afbf4c8996fb92427ae41e4649b934ca495991b7852b855  ??  artifacts/rust-tauri/R05/RR2/G-R2/negative-ev/n16-binding-drift/run-b/A07_A08/s3-fault.out
b5f41dcc2092041a7e676fb52cf56093f7fc47b7c7223f5e9062ef8e265636ec  ??  artifacts/rust-tauri/R05/RR2/G-R2/negative-ev/n16-binding-drift/run-b/A07_A08/s4-hashes-after.txt
b5f41dcc2092041a7e676fb52cf56093f7fc47b7c7223f5e9062ef8e265636ec  ??  artifacts/rust-tauri/R05/RR2/G-R2/negative-ev/n16-binding-drift/run-b/A07_A08/s4-hashes-before.txt
a21532a6e2daf658f86c5d4a84df1e66a4d573299223e83377824d4ff7a81d3a  ??  artifacts/rust-tauri/R05/RR2/G-R2/negative-ev/n16-binding-drift/run-b/A07_A08/s4-migrations-round1.json
a21532a6e2daf658f86c5d4a84df1e66a4d573299223e83377824d4ff7a81d3a  ??  artifacts/rust-tauri/R05/RR2/G-R2/negative-ev/n16-binding-drift/run-b/A07_A08/s4-migrations-round2.json
a21532a6e2daf658f86c5d4a84df1e66a4d573299223e83377824d4ff7a81d3a  ??  artifacts/rust-tauri/R05/RR2/G-R2/negative-ev/n16-binding-drift/run-b/A07_A08/s4-migrations-round3.json
c1ca9861967c000d629ab38926eac973c795d13da2d91d40aba005b78b301ed7  ??  artifacts/rust-tauri/R05/RR2/G-R2/negative-ev/n16-binding-drift/run-b/A07_A08/service-s1.err
eb4b02ce15a6b6c102468150b49e32567fd47081dda5110bd5f02e91b0de0950  ??  artifacts/rust-tauri/R05/RR2/G-R2/negative-ev/n16-binding-drift/run-b/A07_A08/service-s1.out
1c824a0d5183be7d37c4bf4fb2c12761232678f8fe034f4ea3318b34875ab071  ??  artifacts/rust-tauri/R05/RR2/G-R2/negative-ev/n16-binding-drift/run-b/A07_A08/service-s1b.err
b32ac54b902acf94c5d89f7dc33b1070927134498bee03e2e761465f89f8ccd1  ??  artifacts/rust-tauri/R05/RR2/G-R2/negative-ev/n16-binding-drift/run-b/A07_A08/service-s1b.out
6f12ab708845ef433d39fca70149bdc18a41b1cc6865e9716eb4a9529d5e3f2f  ??  artifacts/rust-tauri/R05/RR2/G-R2/negative-ev/n16-binding-drift/run-b/A07_A08/service-s2.err
f8c63037127fea1e2f4929e9ef7bf98bc998fc6464c48c17d1f78bdeee094df2  ??  artifacts/rust-tauri/R05/RR2/G-R2/negative-ev/n16-binding-drift/run-b/A07_A08/service-s2.out
acbf04af89bdbfd398543fc3606a67f603ea1c53db8a884e72e478232a5248d7  ??  artifacts/rust-tauri/R05/RR2/G-R2/negative-ev/n16-binding-drift/run-b/A07_A08/service-s2b.err
26b2324d0335092dbe9502d9f02f308aad288c3717dd3cb8678b24d9d338b5cc  ??  artifacts/rust-tauri/R05/RR2/G-R2/negative-ev/n16-binding-drift/run-b/A07_A08/service-s2b.out
a441da4e11f53251f39edc545f120a256858d8d82ed7354bec1c1db80b9d8803  ??  artifacts/rust-tauri/R05/RR2/G-R2/negative-ev/n16-binding-drift/run-b/A07_A08/service-s4-1.err
06cc5068114a085846e166184e3e48c0ea0a0993698289610b3bc88f6c8ff895  ??  artifacts/rust-tauri/R05/RR2/G-R2/negative-ev/n16-binding-drift/run-b/A07_A08/service-s4-1.out
2cdc7ab4467f618a965ac0fabba9ee2a45680f463eb4a30558f5f85b6dc8aa01  ??  artifacts/rust-tauri/R05/RR2/G-R2/negative-ev/n16-binding-drift/run-b/A07_A08/service-s4-2.err
3f1252137d86c0b33410a43111c85587b3800633b28fa8466d7033cb2f611c0b  ??  artifacts/rust-tauri/R05/RR2/G-R2/negative-ev/n16-binding-drift/run-b/A07_A08/service-s4-2.out
0b64d6797ad3ad0cdb0c4534388fc8587677db03e4099708d4e3f0fb49b32d7e  ??  artifacts/rust-tauri/R05/RR2/G-R2/negative-ev/n16-binding-drift/run-b/A07_A08/service-s4-3.err
213340c142dc5531a0ef6b37e5e28315e841278d8aa9e5bf07bd1f46472d58c6  ??  artifacts/rust-tauri/R05/RR2/G-R2/negative-ev/n16-binding-drift/run-b/A07_A08/service-s4-3.out
5b906172892500aa30d5a2f66556f976f86d13b51ea97ddd734e832569208490  ??  artifacts/rust-tauri/R05/RR2/G-R2/negative-ev/n16-binding-drift/run-b/A07_A08/service.addr
7969ea6a6b4beec579e78b1e0fceed16290e7f2c47af20c710fbb31459b0d714  ??  artifacts/rust-tauri/R05/RR2/G-R2/negative-ev/n16-binding-drift/run-b/A07_A08/service.pid
1256f76b4a3062c0fbbdfb24c0f05e2ab81d87cf9be414a9672b1f358958f5cb  ??  artifacts/rust-tauri/R05/RR2/G-R2/negative-ev/n16-binding-drift/run-b/A07_A08/summary.txt
6e0fc7d439be5ba75e8188b16d4ded6f1ca688cb73c47480f0b939193e561cec  ??  artifacts/rust-tauri/R05/RR2/G-R2/negative-ev/n16-binding-drift/run-b/A07_LIVE_FAULT/case.json
f2e373dab444d4eac5276adcaf4e1180e7661425d298621a91e8fe0117243006  ??  artifacts/rust-tauri/R05/RR2/G-R2/negative-ev/n16-binding-drift/run-b/A07_LIVE_FAULT/checked.json
7b01909b468ea0d57a7dbd0cac669b206c1f714f3ed0830fbb4db076e150a959  ??  artifacts/rust-tauri/R05/RR2/G-R2/negative-ev/n16-binding-drift/run-b/A09_A10/a09-merged-view.json
75158524d98cf7d4846d232541375fbd83c371b06a7f58d1bb22eb1e60249945  ??  artifacts/rust-tauri/R05/RR2/G-R2/negative-ev/n16-binding-drift/run-b/A09_A10/a10-rebuild-diff.json
a5f4c585ee974ca44916ac30a98bbc189e067a7e0a6bc6d2e8d6bc525be724af  ??  artifacts/rust-tauri/R05/RR2/G-R2/negative-ev/n16-binding-drift/run-b/A09_A10/build.log
d4c9e5d8d20cbd8b4fa907649cfe64dcc7fe1acb87c075a525c3353f0378342d  ??  artifacts/rust-tauri/R05/RR2/G-R2/negative-ev/n16-binding-drift/run-b/A09_A10/key-events-dump.json
f48e2b78a48a4664ada724ee05c553183e8fbb1559c466051b132960eb0f7d19  ??  artifacts/rust-tauri/R05/RR2/G-R2/negative-ev/n16-binding-drift/run-b/A09_A10/matrix.json
a94eabcb6ac1a45f90322975873f9c6b3dfb55bcb995a1e5950b762f0e45d009  ??  artifacts/rust-tauri/R05/RR2/G-R2/negative-ev/n16-binding-drift/run-b/A09_A10/probe-matrix.jsonl
e3b0c44298fc1c149afbf4c8996fb92427ae41e4649b934ca495991b7852b855  ??  artifacts/rust-tauri/R05/RR2/G-R2/negative-ev/n16-binding-drift/run-b/A09_A10/probe-stderr.log
d2b89665849fceed1bcba8809c82d116ff189d6baee7ba8cc61d6fea08886853  ??  artifacts/rust-tauri/R05/RR2/G-R2/negative-ev/n16-binding-drift/run-b/A09_A10/service.err
a16966c5a4601040046e9196657d7be20ff765b1873d366e2dd47ce9982462b6  ??  artifacts/rust-tauri/R05/RR2/G-R2/negative-ev/n16-binding-drift/run-b/A09_A10/service.out
6c07c352688bcb701e55e5674cbc59323a9129fc7e4902a475205483c195cdfd  ??  artifacts/rust-tauri/R05/RR2/G-R2/negative-ev/n16-binding-drift/run-b/A09_A10/summary.txt
a5f4c585ee974ca44916ac30a98bbc189e067a7e0a6bc6d2e8d6bc525be724af  ??  artifacts/rust-tauri/R05/RR2/G-R2/negative-ev/n16-binding-drift/run-b/A11/backup-restore/build.log
dd63f79ce1a39fdef735dbb9eb292c3f8a45db77c2513d3cc7379e5dbe13749e  ??  artifacts/rust-tauri/R05/RR2/G-R2/negative-ev/n16-binding-drift/run-b/A11/backup-restore/s1-backup-dir-listing.txt
d9cdc70f204c2abe5d8540e324b20ba79be10e3767e4fe7e876b1f8c1010c4f8  ??  artifacts/rust-tauri/R05/RR2/G-R2/negative-ev/n16-binding-drift/run-b/A11/backup-restore/s1-backup-outcome.json
e3b0c44298fc1c149afbf4c8996fb92427ae41e4649b934ca495991b7852b855  ??  artifacts/rust-tauri/R05/RR2/G-R2/negative-ev/n16-binding-drift/run-b/A11/backup-restore/s1-backup.err
6c7d3ac8ae94de046dea55c98038b3b3300cd75b0ba266fd3e29bd14380045b3  ??  artifacts/rust-tauri/R05/RR2/G-R2/negative-ev/n16-binding-drift/run-b/A11/backup-restore/s1-restore-outcome.json
e3b0c44298fc1c149afbf4c8996fb92427ae41e4649b934ca495991b7852b855  ??  artifacts/rust-tauri/R05/RR2/G-R2/negative-ev/n16-binding-drift/run-b/A11/backup-restore/s1-restore.err
a144a4a2a14c329780faf2241ace307decab5ec4ee8160ad3937899c682554b7  ??  artifacts/rust-tauri/R05/RR2/G-R2/negative-ev/n16-binding-drift/run-b/A11/backup-restore/s1-restored-dump.jsonl
57fa350f6cb2914398ad113481d3e5bd52d1aaca32e8a31ff0ee47a281582865  ??  artifacts/rust-tauri/R05/RR2/G-R2/negative-ev/n16-binding-drift/run-b/A11/backup-restore/s1-restored-hash.txt
a144a4a2a14c329780faf2241ace307decab5ec4ee8160ad3937899c682554b7  ??  artifacts/rust-tauri/R05/RR2/G-R2/negative-ev/n16-binding-drift/run-b/A11/backup-restore/s1-source-dump.jsonl
3dccd573a372f1005c63252d91db116dfd79c8bc347a62ffc4ec6674e3df3296  ??  artifacts/rust-tauri/R05/RR2/G-R2/negative-ev/n16-binding-drift/run-b/A11/backup-restore/s1-source-hash.txt
d8ec6fc62a9ff755d7d08154457d97192f9e2253d1399a33c79cb93bbefde344  ??  artifacts/rust-tauri/R05/RR2/G-R2/negative-ev/n16-binding-drift/run-b/A11/backup-restore/s1-wal-size.txt
e3b0c44298fc1c149afbf4c8996fb92427ae41e4649b934ca495991b7852b855  ??  artifacts/rust-tauri/R05/RR2/G-R2/negative-ev/n16-binding-drift/run-b/A11/backup-restore/s3-backup-out.json
add13bb33055f0e89f68385e113a80e023076dfb2b82dd5e27e7ce7ace9b036b  ??  artifacts/rust-tauri/R05/RR2/G-R2/negative-ev/n16-binding-drift/run-b/A11/backup-restore/s3-backup.err
9b33c4d50a9f7a0434980244454a85ce4288c7323241cf9ff22c50e6b8f8dd85  ??  artifacts/rust-tauri/R05/RR2/G-R2/negative-ev/n16-binding-drift/run-b/A11/backup-restore/s4-ws-probe.json
a4c3ed04a95a3da14a9d235c83d868bed7c0f45cf7f3faa751ee8f50598d2211  ??  artifacts/rust-tauri/R05/RR2/G-R2/negative-ev/n16-binding-drift/run-b/A11/backup-restore/s4-ws-probe.json.probe-done
ee3cde68feef335cf45a223b45731f7ace9db09cf2ed972667e745dd9aab248a  ??  artifacts/rust-tauri/R05/RR2/G-R2/negative-ev/n16-binding-drift/run-b/A11/backup-restore/service-s1.addr
0484385f6e7ce3de70e806317dd8fce649924717378a7fdc8b3949953aabdb74  ??  artifacts/rust-tauri/R05/RR2/G-R2/negative-ev/n16-binding-drift/run-b/A11/backup-restore/service-s1.err
5c422702c52d1628b36486f98bf84762d6f29957f9c50fda3f590341404a5285  ??  artifacts/rust-tauri/R05/RR2/G-R2/negative-ev/n16-binding-drift/run-b/A11/backup-restore/service-s1.out
faac4b0fc872bc052474a979ba191057c05e51df9805d721c938fc7bf4398594  ??  artifacts/rust-tauri/R05/RR2/G-R2/negative-ev/n16-binding-drift/run-b/A11/backup-restore/service-s2.addr
9668ee2b190051261485e2eab1df86c98e5e2cb97990c8a0e0c577b03c101ba8  ??  artifacts/rust-tauri/R05/RR2/G-R2/negative-ev/n16-binding-drift/run-b/A11/backup-restore/service-s2.err
8c84c8afbd2ce0646e197c5313ab6facb548db904fc32f6f881f54cadcd367e1  ??  artifacts/rust-tauri/R05/RR2/G-R2/negative-ev/n16-binding-drift/run-b/A11/backup-restore/service-s2.out
0010301e9d3ec70d1c793b72c06247dc37b00419cbbd97ff08cccdcdcdca72c8  ??  artifacts/rust-tauri/R05/RR2/G-R2/negative-ev/n16-binding-drift/run-b/A11/backup-restore/service-s4.addr
1c79f224aedc97610e3121fd4bb1fa7cd876653c5524122410a892de386094d4  ??  artifacts/rust-tauri/R05/RR2/G-R2/negative-ev/n16-binding-drift/run-b/A11/backup-restore/service-s4.err
3dae2597c25ddedb38cd1337280936142c69bf326d66a536b18e9630f0e6f233  ??  artifacts/rust-tauri/R05/RR2/G-R2/negative-ev/n16-binding-drift/run-b/A11/backup-restore/service-s4.out
1d42234635e87f07d19c2a5b7e2f316dd40389c46abd2223052146caa5e3483e  ??  artifacts/rust-tauri/R05/RR2/G-R2/negative-ev/n16-binding-drift/run-b/A11/backup-restore/service.pid
b15832fda9b7bd8813edaf92a73a681bd42c10bfc0487c1f9e16d7b02e2fc854  ??  artifacts/rust-tauri/R05/RR2/G-R2/negative-ev/n16-binding-drift/run-b/A11/backup-restore/summary.txt
c92508a29848820f033cd2ea015c85dde0953c88b07cc967ce34b7c08f610549  ??  artifacts/rust-tauri/R05/RR2/G-R2/negative-ev/n16-binding-drift/run-b/A12/recovery-drill/build.log
4427d2fde67ef75da45849676a210cd54c048b2c6144fa3af886692b0252b738  ??  artifacts/rust-tauri/R05/RR2/G-R2/negative-ev/n16-binding-drift/run-b/A12/recovery-drill/coexist-after.txt
4427d2fde67ef75da45849676a210cd54c048b2c6144fa3af886692b0252b738  ??  artifacts/rust-tauri/R05/RR2/G-R2/negative-ev/n16-binding-drift/run-b/A12/recovery-drill/coexist-before.txt
1758379e58856c0cf97b48a64e91c32e3862f3f6004e2ae2c6131fe39adb1421  ??  artifacts/rust-tauri/R05/RR2/G-R2/negative-ev/n16-binding-drift/run-b/A12/recovery-drill/own-created-homes.txt
bacedccc201e2d962129acecdccfe3711ca8a181b1c37213074da21a86575654  ??  artifacts/rust-tauri/R05/RR2/G-R2/negative-ev/n16-binding-drift/run-b/A12/recovery-drill/summary.txt
7b2f675d535131e9ee3b95eb996b520af42000b1efea572dc62eff72fd758a84  ??  artifacts/rust-tauri/R05/RR2/G-R2/negative-ev/n16-binding-drift/run-b/A12/recovery-drill/v1-hashes-after.txt
7b2f675d535131e9ee3b95eb996b520af42000b1efea572dc62eff72fd758a84  ??  artifacts/rust-tauri/R05/RR2/G-R2/negative-ev/n16-binding-drift/run-b/A12/recovery-drill/v1-hashes-before.txt
bebe2954aa4b4527705970b05dc21f051c7f715d23943befe65ce45a692df8e9  ??  artifacts/rust-tauri/R05/RR2/G-R2/negative-ev/n16-binding-drift/run-b/A12/recovery-drill/v1.err
e3b0c44298fc1c149afbf4c8996fb92427ae41e4649b934ca495991b7852b855  ??  artifacts/rust-tauri/R05/RR2/G-R2/negative-ev/n16-binding-drift/run-b/A12/recovery-drill/v1.out
fcb269f1fc43e20619871bab0f6e464d30773313e55b17f725fc62249ab521be  ??  artifacts/rust-tauri/R05/RR2/G-R2/negative-ev/n16-binding-drift/run-b/A12/recovery-drill/v2-hashes-after.txt
fcb269f1fc43e20619871bab0f6e464d30773313e55b17f725fc62249ab521be  ??  artifacts/rust-tauri/R05/RR2/G-R2/negative-ev/n16-binding-drift/run-b/A12/recovery-drill/v2-hashes-before.txt
0d4f69d1f7e06a300f5c0f58640c5a2f9d3c90625a73687d49444d57bc41dd90  ??  artifacts/rust-tauri/R05/RR2/G-R2/negative-ev/n16-binding-drift/run-b/A12/recovery-drill/v2.err
e3b0c44298fc1c149afbf4c8996fb92427ae41e4649b934ca495991b7852b855  ??  artifacts/rust-tauri/R05/RR2/G-R2/negative-ev/n16-binding-drift/run-b/A12/recovery-drill/v2.out
a33ffd69acb495d9a221778bb2317e4cef00e4d752d794b9c1267890666ec43d  ??  artifacts/rust-tauri/R05/RR2/G-R2/negative-ev/n16-binding-drift/run-b/A12/recovery-drill/v3-hashes-after.txt
a33ffd69acb495d9a221778bb2317e4cef00e4d752d794b9c1267890666ec43d  ??  artifacts/rust-tauri/R05/RR2/G-R2/negative-ev/n16-binding-drift/run-b/A12/recovery-drill/v3-hashes-before.txt
51288b5a57e91a531be8c1cf703b3f1d7ea27d4edf6a498b319914e9651f2012  ??  artifacts/rust-tauri/R05/RR2/G-R2/negative-ev/n16-binding-drift/run-b/A12/recovery-drill/v3.err
e3b0c44298fc1c149afbf4c8996fb92427ae41e4649b934ca495991b7852b855  ??  artifacts/rust-tauri/R05/RR2/G-R2/negative-ev/n16-binding-drift/run-b/A12/recovery-drill/v3.out
aa6af5aa4b3b269b101077b92f1013560984b986f15972adef268f93f5903f0c  ??  artifacts/rust-tauri/R05/RR2/G-R2/negative-ev/n16-binding-drift/run-b/A12/recovery-drill/v4.err
e40e5bc96c386f52a072b3191de707705caee652f977372a5fc1b2f12a06ccb8  ??  artifacts/rust-tauri/R05/RR2/G-R2/negative-ev/n16-binding-drift/run-b/A12/recovery-drill/v4.out
edbfa682ac417ee57d1edf36db75501d1be215440cbd175681577943eaeb06bb  ??  artifacts/rust-tauri/R05/RR2/G-R2/negative-ev/n16-binding-drift/run-b/A12/recovery-drill/v5-hashes-after.txt
edbfa682ac417ee57d1edf36db75501d1be215440cbd175681577943eaeb06bb  ??  artifacts/rust-tauri/R05/RR2/G-R2/negative-ev/n16-binding-drift/run-b/A12/recovery-drill/v5-hashes-before.txt
b5bebc662fdfb9ab570044dba64123e7bfabb7d5d26bbcad783e50e3ad3fe3e7  ??  artifacts/rust-tauri/R05/RR2/G-R2/negative-ev/n16-binding-drift/run-b/A12/recovery-drill/v5.err
e3b0c44298fc1c149afbf4c8996fb92427ae41e4649b934ca495991b7852b855  ??  artifacts/rust-tauri/R05/RR2/G-R2/negative-ev/n16-binding-drift/run-b/A12/recovery-drill/v5.out
b50e7f9dbd9633d3339b4da6503e11781ef75f9ab888b585e88be3d75180f297  ??  artifacts/rust-tauri/R05/RR2/G-R2/negative-ev/n16-binding-drift/run-b/A12/recovery-drill/v6-recovered-dump.jsonl
27badc983df1780b60c2b3fa9d3a19a00e46aac798451f0febdca52920faaddf  ??  artifacts/rust-tauri/R05/RR2/G-R2/negative-ev/n16-binding-drift/run-b/A12/recovery-drill/v6-seed-execute.txt
23de971e074a7517488188579676f12fc2271b69abe76fff6579b14fd12498bc  ??  artifacts/rust-tauri/R05/RR2/G-R2/negative-ev/n16-binding-drift/run-b/A12/recovery-drill/v6-seed.err
75019978293bcff772b82bba53066b9ac195cf1cf862f12f0a9775d28f2c27b6  ??  artifacts/rust-tauri/R05/RR2/G-R2/negative-ev/n16-binding-drift/run-b/A12/recovery-drill/v6-seed.out
40a5659ca32b8cbf34a5c707880348c78280da9b0593f6db8823216c83e96a00  ??  artifacts/rust-tauri/R05/RR2/G-R2/negative-ev/n16-binding-drift/run-b/A12/recovery-drill/v6.err
f81d2b7699b4ddf83a581b7d2a8f98c9c90f3db04793eb83bd850eb7a21529b3  ??  artifacts/rust-tauri/R05/RR2/G-R2/negative-ev/n16-binding-drift/run-b/A12/recovery-drill/v6.out
d3276b16630286384e4f22a653502e3de80e64184df7df9563f9fc84b2c3aedc  ??  artifacts/rust-tauri/R05/RR2/G-R2/negative-ev/n16-binding-drift/run-b/A12/recovery-drill/v7-hashes-after.txt
d3276b16630286384e4f22a653502e3de80e64184df7df9563f9fc84b2c3aedc  ??  artifacts/rust-tauri/R05/RR2/G-R2/negative-ev/n16-binding-drift/run-b/A12/recovery-drill/v7-hashes-before.txt
66768e1ccf0a2ec9bf5469d40d63051bcb346ef7bf1fe1d5b0a6863eaeba37f0  ??  artifacts/rust-tauri/R05/RR2/G-R2/negative-ev/n16-binding-drift/run-b/A12/recovery-drill/v7-seed.err
a681f4dde4dd3563ea2610e52f85036ad0ecb5a7243e2ec490803999d2932098  ??  artifacts/rust-tauri/R05/RR2/G-R2/negative-ev/n16-binding-drift/run-b/A12/recovery-drill/v7-seed.out
e47ff29ef89aecc9d02cd99f32ddc787e38701220b62f2ee5e56842a04cae753  ??  artifacts/rust-tauri/R05/RR2/G-R2/negative-ev/n16-binding-drift/run-b/A12/recovery-drill/v7.err
e3b0c44298fc1c149afbf4c8996fb92427ae41e4649b934ca495991b7852b855  ??  artifacts/rust-tauri/R05/RR2/G-R2/negative-ev/n16-binding-drift/run-b/A12/recovery-drill/v7.out
c87fd3f94ef3de962b9b10f104c8f4387a625b6c23f1c751052ca733dc1a01f2  ??  artifacts/rust-tauri/R05/RR2/G-R2/negative-ev/n16-binding-drift/run-b/A12/recovery-drill/v8-observed.err
164bac39283f24fdcbc48bb5cf381496f996b866e8b4e6bb70d0b9023e228e8b  ??  artifacts/rust-tauri/R05/RR2/G-R2/negative-ev/n16-binding-drift/run-b/A12/recovery-drill/v8-seed.err
62766d02ba7d7177ff59b0e27ab392e2fe230e3f7685d6d179e50ab24f06715c  ??  artifacts/rust-tauri/R05/RR2/G-R2/negative-ev/n16-binding-drift/run-b/A12/recovery-drill/v8-seed.out
c87fd3f94ef3de962b9b10f104c8f4387a625b6c23f1c751052ca733dc1a01f2  ??  artifacts/rust-tauri/R05/RR2/G-R2/negative-ev/n16-binding-drift/run-b/A12/recovery-drill/v8.err
2e8494c774bc4052075efe8e682710f48ec464d804d96577dcf1a44884932e23  ??  artifacts/rust-tauri/R05/RR2/G-R2/negative-ev/n16-binding-drift/run-b/A12/recovery-drill/v8.out
a5f4c585ee974ca44916ac30a98bbc189e067a7e0a6bc6d2e8d6bc525be724af  ??  artifacts/rust-tauri/R05/RR2/G-R2/negative-ev/n16-binding-drift/run-b/A13/redaction-scan/build.log
1e2f8e8a7211ac1e11fde89ca37a0b84a65ddaf2399fc096f6ac9997e74ca25a  ??  artifacts/rust-tauri/R05/RR2/G-R2/negative-ev/n16-binding-drift/run-b/A13/redaction-scan/p1-execute-ok.body
aa6d2f8a1ead852633d664714822d424245de9250d17aabc27c9aff1c9f9ef23  ??  artifacts/rust-tauri/R05/RR2/G-R2/negative-ev/n16-binding-drift/run-b/A13/redaction-scan/p1-execute-ok.headers
4e38ffcd373cb9faac3bd1881d675776a089520fc94d443b306bced20e040e27  ??  artifacts/rust-tauri/R05/RR2/G-R2/negative-ev/n16-binding-drift/run-b/A13/redaction-scan/p1-execute-request.json
7e6e844bdc5a5916669115e3ef8cd3a912c09b7f6a265127d1f74033b9815798  ??  artifacts/rust-tauri/R05/RR2/G-R2/negative-ev/n16-binding-drift/run-b/A13/redaction-scan/p1-issue-credential.body
fc85eea044f58bbcc61e7ecf4813a2bc660ba5e93ba03fd1afea017efd697843  ??  artifacts/rust-tauri/R05/RR2/G-R2/negative-ev/n16-binding-drift/run-b/A13/redaction-scan/p1-issue-credential.headers
e4f7d15ff214194f7c5c24e9a2d1c020776147eba88dd3ecea2e456a7c234da3  ??  artifacts/rust-tauri/R05/RR2/G-R2/negative-ev/n16-binding-drift/run-b/A13/redaction-scan/p1-issue-request.json
975173fd509246bcf686f5a50c42fd9c68f8aaea6e63a740a6815dd77b03d01f  ??  artifacts/rust-tauri/R05/RR2/G-R2/negative-ev/n16-binding-drift/run-b/A13/redaction-scan/p1-me-ok.body
e857a284810462ffa13bca6444bab564f0ca935b86e9c065cdd0645da19afc15  ??  artifacts/rust-tauri/R05/RR2/G-R2/negative-ev/n16-binding-drift/run-b/A13/redaction-scan/p1-me-ok.headers
44136fa355b3678a1146ad16f7e8649e94fb4fc21fe77e8310c060f61caaff8a  ??  artifacts/rust-tauri/R05/RR2/G-R2/negative-ev/n16-binding-drift/run-b/A13/redaction-scan/p1-ticket-request.json
594301319946983d336f00017715a0cf2f63a5eea538ea5f5f2a37f3ec219933  ??  artifacts/rust-tauri/R05/RR2/G-R2/negative-ev/n16-binding-drift/run-b/A13/redaction-scan/p1-ticket.body
a99ec6c01d3b7f3315b43c2c7786577f4bf44a3dbc335aac788e222f2ed20a30  ??  artifacts/rust-tauri/R05/RR2/G-R2/negative-ev/n16-binding-drift/run-b/A13/redaction-scan/p1-ticket.headers
9572cf4a550e3b5591d5e9ab7caca1dd769ac9953c3a8a5f27eaad7ac4ee4c83  ??  artifacts/rust-tauri/R05/RR2/G-R2/negative-ev/n16-binding-drift/run-b/A13/redaction-scan/p2-me-bad-bearer.body
7e7565fb6bbf569f13135286a0ddb957cf602d7ca4945f6c030c54909749769a  ??  artifacts/rust-tauri/R05/RR2/G-R2/negative-ev/n16-binding-drift/run-b/A13/redaction-scan/p2-me-bad-bearer.headers
6b8d67d6556bddbd3af005078befdb9268e977994a555eb1edfaaeb4f1827262  ??  artifacts/rust-tauri/R05/RR2/G-R2/negative-ev/n16-binding-drift/run-b/A13/redaction-scan/p2-me-no-auth.body
7e7565fb6bbf569f13135286a0ddb957cf602d7ca4945f6c030c54909749769a  ??  artifacts/rust-tauri/R05/RR2/G-R2/negative-ev/n16-binding-drift/run-b/A13/redaction-scan/p2-me-no-auth.headers
9688aad8c608c38fa0e032ada8cb5bc3b465825ef049598a7fb10e246db69f6e  ??  artifacts/rust-tauri/R05/RR2/G-R2/negative-ev/n16-binding-drift/run-b/A13/redaction-scan/p2-session-cross.body
9ede310c7541be0fa56a954764d18f32907857d99147db9ef0b1153be56348ac  ??  artifacts/rust-tauri/R05/RR2/G-R2/negative-ev/n16-binding-drift/run-b/A13/redaction-scan/p2-session-cross.headers
9aec81c4d5e9e65a5c873e2e76eab166a374461aa3184ba8cb638643296abef0  ??  artifacts/rust-tauri/R05/RR2/G-R2/negative-ev/n16-binding-drift/run-b/A13/redaction-scan/p2-session-missing.body
53b20a99ab0fd47d317a65d43453fc56cc83e6e27b9ef424d1e6b39c2592aaa4  ??  artifacts/rust-tauri/R05/RR2/G-R2/negative-ev/n16-binding-drift/run-b/A13/redaction-scan/p2-session-missing.headers
6fde98814aea09478d6efd13ab59577710472dfd4d9f65c0609f367fed520452  ??  artifacts/rust-tauri/R05/RR2/G-R2/negative-ev/n16-binding-drift/run-b/A13/redaction-scan/p2-ws-bad-query.body
7e7565fb6bbf569f13135286a0ddb957cf602d7ca4945f6c030c54909749769a  ??  artifacts/rust-tauri/R05/RR2/G-R2/negative-ev/n16-binding-drift/run-b/A13/redaction-scan/p2-ws-bad-query.headers
bc5c798c8846facd87a34da03c3888687355cd3b64ccd008907c9fea00a535ae  ??  artifacts/rust-tauri/R05/RR2/G-R2/negative-ev/n16-binding-drift/run-b/A13/redaction-scan/p2-ws-transcript.txt
a42a68c1a35a09bbc619cf3e6a7518db5e6713e6edab45955d3f74f711f827bb  ??  artifacts/rust-tauri/R05/RR2/G-R2/negative-ev/n16-binding-drift/run-b/A13/redaction-scan/p3-burst-1.body
5f5acf37a00013edc8bb9a773c4951fae62e0828b7f80cf37fa40014cfecea1d  ??  artifacts/rust-tauri/R05/RR2/G-R2/negative-ev/n16-binding-drift/run-b/A13/redaction-scan/p3-burst-2.body
0b0a9985cc44c5ef6cd36bc1d7844255bac005c1e25dbb8f1f2fed8181ff2dbe  ??  artifacts/rust-tauri/R05/RR2/G-R2/negative-ev/n16-binding-drift/run-b/A13/redaction-scan/p3-burst-3.body
3dc40feb81f36b271be087a11d053982169ee70fd9feb3fbfff420da28ceaacc  ??  artifacts/rust-tauri/R05/RR2/G-R2/negative-ev/n16-binding-drift/run-b/A13/redaction-scan/p3-burst-4.body
58833bfa7a006d5ac12f521588fbf55d2b8ae62b57dc66e1de600d3ee9187268  ??  artifacts/rust-tauri/R05/RR2/G-R2/negative-ev/n16-binding-drift/run-b/A13/redaction-scan/p3-burst-5.body
f083fa5c13b92e5dac4654c6d22154230a3907393708bd8361667e899b6cc6a6  ??  artifacts/rust-tauri/R05/RR2/G-R2/negative-ev/n16-binding-drift/run-b/A13/redaction-scan/p3-burst-6.body
6fe80bf7e535198897ea7ffa4f3605413a90c8d7188788e945b7d55d30f60561  ??  artifacts/rust-tauri/R05/RR2/G-R2/negative-ev/n16-binding-drift/run-b/A13/redaction-scan/p3-burst-7.body
c5bbe25795940d2aa458c17dd8e4e24ae1264d8f7c82d4faa4ef556fb5edfc10  ??  artifacts/rust-tauri/R05/RR2/G-R2/negative-ev/n16-binding-drift/run-b/A13/redaction-scan/p3-burst-8.body
e89d50f95150fa2e9458cb0c5d045ab66124116f16d839c55b21a703190fe91d  ??  artifacts/rust-tauri/R05/RR2/G-R2/negative-ev/n16-binding-drift/run-b/A13/redaction-scan/p3-execute-request.json
907723b5d86c72777fe8dfd76bfc1580c43b34885f954e13efd5ac9d21596ec1  ??  artifacts/rust-tauri/R05/RR2/G-R2/negative-ev/n16-binding-drift/run-b/A13/redaction-scan/p3-lock.log
6704a28e71d35c81f734e5a252cb4b0b9d6a8ee45a85979e9daa3e1066dee4f8  ??  artifacts/rust-tauri/R05/RR2/G-R2/negative-ev/n16-binding-drift/run-b/A13/redaction-scan/p3-status-codes.txt
d9df5a1125f153037d8b7ee07c42b1747e35478bf5550f20fe626326b296bb0d  ??  artifacts/rust-tauri/R05/RR2/G-R2/negative-ev/n16-binding-drift/run-b/A13/redaction-scan/service-logs/retention-manifest.txt
5ab642ea8ed01063c4f6909b55cc8e6a9c5644ed234719990e323148880b9b17  ??  artifacts/rust-tauri/R05/RR2/G-R2/negative-ev/n16-binding-drift/run-b/A13/redaction-scan/service-logs/service-000001.log
c98291e7b5b97fcd140856e928625f3a209611080a5e0b451548b0bbd9d91807  ??  artifacts/rust-tauri/R05/RR2/G-R2/negative-ev/n16-binding-drift/run-b/A13/redaction-scan/service-logs/service-000002.log
8fdec90e4e2e2885bfc368256ad817351167ef5845189157b278d68f90947ca6  ??  artifacts/rust-tauri/R05/RR2/G-R2/negative-ev/n16-binding-drift/run-b/A13/redaction-scan/service-logs/service-000003.log
7836bf37ecf762fa0ffd815c04c6c2411c5abda67049d94d559177a1a15e2367  ??  artifacts/rust-tauri/R05/RR2/G-R2/negative-ev/n16-binding-drift/run-b/A13/redaction-scan/service-p1.addr
251f0013174c33188f3d6d7c283c18a45f3738bdb4d975cb24849655dfd61987  ??  artifacts/rust-tauri/R05/RR2/G-R2/negative-ev/n16-binding-drift/run-b/A13/redaction-scan/service-p1.err
9b54282a51a22f0c5c38b115275fed071413d7de0648016b23bb803a72ff2c20  ??  artifacts/rust-tauri/R05/RR2/G-R2/negative-ev/n16-binding-drift/run-b/A13/redaction-scan/service-p1.out
a7d5034899f93efd6716ec29d4053f9835c73c60b018dcebd1310d9e644d3974  ??  artifacts/rust-tauri/R05/RR2/G-R2/negative-ev/n16-binding-drift/run-b/A13/redaction-scan/service-p3.addr
16b24cd6781d6ba9f0244e737199dcfdddadf9342a7f4deab3598b6e3ca4bc50  ??  artifacts/rust-tauri/R05/RR2/G-R2/negative-ev/n16-binding-drift/run-b/A13/redaction-scan/service-p3.err
aeacbd9cc1084129610bd2edc275ede3a0422d70e2b0c587f6110fff7d304a8a  ??  artifacts/rust-tauri/R05/RR2/G-R2/negative-ev/n16-binding-drift/run-b/A13/redaction-scan/service-p3.out
354c27cc0e241507485502e6ecb6514c98b77907dbf281943e3dd2a5e62be883  ??  artifacts/rust-tauri/R05/RR2/G-R2/negative-ev/n16-binding-drift/run-b/A13/redaction-scan/service-p4.err
e3b0c44298fc1c149afbf4c8996fb92427ae41e4649b934ca495991b7852b855  ??  artifacts/rust-tauri/R05/RR2/G-R2/negative-ev/n16-binding-drift/run-b/A13/redaction-scan/service-p4.out
686f961704ec2a471ebc5d1deeef5d0445062a2f8346172d719041ff77ce115a  ??  artifacts/rust-tauri/R05/RR2/G-R2/negative-ev/n16-binding-drift/run-b/A13/redaction-scan/summary.txt
a5f4c585ee974ca44916ac30a98bbc189e067a7e0a6bc6d2e8d6bc525be724af  ??  artifacts/rust-tauri/R05/RR2/G-R2/negative-ev/n16-binding-drift/run-b/A14/slow-subscriber/build.log
6884bf1edd510b4fb484279c2bc496eda06985e4863ddd85ae4bea5291326eca  ??  artifacts/rust-tauri/R05/RR2/G-R2/negative-ev/n16-binding-drift/run-b/A14/slow-subscriber/detach-lines.txt
f9fa8c6e82411677f86ef284638490415736bab6e66d4948bb435e6e41d294d7  ??  artifacts/rust-tauri/R05/RR2/G-R2/negative-ev/n16-binding-drift/run-b/A14/slow-subscriber/rss-samples.csv
dc6660d58a02dd3f9d4ffc56ff747ed1fdc6ea84207381dfda2391b7542e61e2  ??  artifacts/rust-tauri/R05/RR2/G-R2/negative-ev/n16-binding-drift/run-b/A14/slow-subscriber/service.err
26f708f9661b4c48885cc90c1f77452031fd55fe06b3015897bc87f483a1696b  ??  artifacts/rust-tauri/R05/RR2/G-R2/negative-ev/n16-binding-drift/run-b/A14/slow-subscriber/service.out
3776681755e3f7738899115bfddb428abdc6d062494556622f343434c078ee21  ??  artifacts/rust-tauri/R05/RR2/G-R2/negative-ev/n16-binding-drift/run-b/A14/slow-subscriber/storm-results.json
6f312695c3f619616e4136ed19f869a3019fe5ba9b73bd4b1a4ced2bb64fa563  ??  artifacts/rust-tauri/R05/RR2/G-R2/negative-ev/n16-binding-drift/run-b/A14/slow-subscriber/summary.txt
ef2698561b51f42a69369525dd43ed33269464eb9fa7c779609d0fa8d6678010  ??  artifacts/rust-tauri/R05/RR2/G-R2/negative-ev/n16-binding-drift/run-b/A14/slow-subscriber/ws-probe.log
a5f4c585ee974ca44916ac30a98bbc189e067a7e0a6bc6d2e8d6bc525be724af  ??  artifacts/rust-tauri/R05/RR2/G-R2/negative-ev/n16-binding-drift/run-b/A15/full-chain/build.log
bb801dd2919380e34995eacee9560d9c8eada0cbb53df64c6a0801e1aedad7aa  ??  artifacts/rust-tauri/R05/RR2/G-R2/negative-ev/n16-binding-drift/run-b/A15/full-chain/pre-restart-head.json
e3b0c44298fc1c149afbf4c8996fb92427ae41e4649b934ca495991b7852b855  ??  artifacts/rust-tauri/R05/RR2/G-R2/negative-ev/n16-binding-drift/run-b/A15/full-chain/probe1.err
cb90753da8bbcc2d219fc0b756d7022b63bb33e2be51168bb079980f65acd257  ??  artifacts/rust-tauri/R05/RR2/G-R2/negative-ev/n16-binding-drift/run-b/A15/full-chain/probe1.pass-lines
e3b0c44298fc1c149afbf4c8996fb92427ae41e4649b934ca495991b7852b855  ??  artifacts/rust-tauri/R05/RR2/G-R2/negative-ev/n16-binding-drift/run-b/A15/full-chain/probe2.err
28a411dc95be7e6596d2954fdbecf8eb034d9f8dc1248ab1d111c07c1c218b89  ??  artifacts/rust-tauri/R05/RR2/G-R2/negative-ev/n16-binding-drift/run-b/A15/full-chain/probe2.pass-lines
9407256d0b5b13d01b00c2536aacc91dee05f6394f83bbafc56a555cc17b4749  ??  artifacts/rust-tauri/R05/RR2/G-R2/negative-ev/n16-binding-drift/run-b/A15/full-chain/service1.err
aaca2e9bf983ef3dae36325738d1e2657a4c1ffee3e0f5de206f80af652f4bc9  ??  artifacts/rust-tauri/R05/RR2/G-R2/negative-ev/n16-binding-drift/run-b/A15/full-chain/service1.out
7f85ad62cec9fe28f5e583987eba9004f04e51444dc54c663115129ecd46fe07  ??  artifacts/rust-tauri/R05/RR2/G-R2/negative-ev/n16-binding-drift/run-b/A15/full-chain/service2.err
4699fcf734c376ff10c94bc2d6f00c78d8fba01b4cd64e559c40ccfa9c8aeb61  ??  artifacts/rust-tauri/R05/RR2/G-R2/negative-ev/n16-binding-drift/run-b/A15/full-chain/service2.out
579738c83cfac98d2ab5970d5c3f9d829f5cc890b534848c1e7e0dea04252d7a  ??  artifacts/rust-tauri/R05/RR2/G-R2/negative-ev/n16-binding-drift/run-b/A15/full-chain/summary.txt
b7a024f2e555bd9992f45b8773705d2b089082bb61b34759363953284ae1b837  ??  artifacts/rust-tauri/R05/RR2/G-R2/negative-ev/n16-binding-drift/run-b/A16/legacy-entry/e0-base-checkout.log
e3b0c44298fc1c149afbf4c8996fb92427ae41e4649b934ca495991b7852b855  ??  artifacts/rust-tauri/R05/RR2/G-R2/negative-ev/n16-binding-drift/run-b/A16/legacy-entry/e0-binding-exclusion-candidates.tsv
e3b0c44298fc1c149afbf4c8996fb92427ae41e4649b934ca495991b7852b855  ??  artifacts/rust-tauri/R05/RR2/G-R2/negative-ev/n16-binding-drift/run-b/A16/legacy-entry/e0-binding-exclusions.txt
e92ce6739e6a288d9e6fec5a638d2626a137764830d65aaed4c1bcc124eff2c8  ??  artifacts/rust-tauri/R05/RR2/G-R2/negative-ev/n16-binding-drift/run-b/A16/legacy-entry/e0-candidate-binding.tsv
531eb94ce3215f29db047b592e6bfeec998e94d3fd99cdeb281529dca8f6a75b  ??  artifacts/rust-tauri/R05/RR2/G-R2/negative-ev/n16-binding-drift/run-b/A16/legacy-entry/e0-candidate-dirty.diff
dacab63e51e9cee5a0f32a268e9110c044326f5f18fc91370b716a835a1249c0  ??  artifacts/rust-tauri/R05/RR2/G-R2/negative-ev/n16-binding-drift/run-b/A16/legacy-entry/e0-candidate-dirty.txt
e3b0c44298fc1c149afbf4c8996fb92427ae41e4649b934ca495991b7852b855  ??  artifacts/rust-tauri/R05/RR2/G-R2/negative-ev/n16-binding-drift/run-b/A16/legacy-entry/e0-run-output-sinks.txt
7295839c02f65ec0dbcdb2b11aae34b206ca6a4ce78957c91a5bb9994859f508  ??  artifacts/rust-tauri/R05/RR2/G-R2/negative-ev/n16-binding-drift/run-b/A16/legacy-entry/summary.txt
4f53cda18c2baa0c0354bb5f9a3ecbe5ed12ab4d8e11ba873c2f11161202b945  ??  artifacts/rust-tauri/R05/RR2/G-R2/negative-ev/n16-binding-drift/run-b/CLIENT/cli-help-exit0-no-start/home-after.json
4f53cda18c2baa0c0354bb5f9a3ecbe5ed12ab4d8e11ba873c2f11161202b945  ??  artifacts/rust-tauri/R05/RR2/G-R2/negative-ev/n16-binding-drift/run-b/CLIENT/cli-help-exit0-no-start/home-before.json
64d0052d9025a6af3a1032760de3cabddb7d7921c2a195b082d0edd32517d63f  ??  artifacts/rust-tauri/R05/RR2/G-R2/negative-ev/n16-binding-drift/run-b/CLIENT/cli-help-exit0-no-start/stderr.log
e3b0c44298fc1c149afbf4c8996fb92427ae41e4649b934ca495991b7852b855  ??  artifacts/rust-tauri/R05/RR2/G-R2/negative-ev/n16-binding-drift/run-b/CLIENT/cli-help-exit0-no-start/stdout.log
4f53cda18c2baa0c0354bb5f9a3ecbe5ed12ab4d8e11ba873c2f11161202b945  ??  artifacts/rust-tauri/R05/RR2/G-R2/negative-ev/n16-binding-drift/run-b/CLIENT/cli-serve-unknown-arg-exit1-no-start/home-after.json
4f53cda18c2baa0c0354bb5f9a3ecbe5ed12ab4d8e11ba873c2f11161202b945  ??  artifacts/rust-tauri/R05/RR2/G-R2/negative-ev/n16-binding-drift/run-b/CLIENT/cli-serve-unknown-arg-exit1-no-start/home-before.json
64d0052d9025a6af3a1032760de3cabddb7d7921c2a195b082d0edd32517d63f  ??  artifacts/rust-tauri/R05/RR2/G-R2/negative-ev/n16-binding-drift/run-b/CLIENT/cli-serve-unknown-arg-exit1-no-start/stderr.log
e3b0c44298fc1c149afbf4c8996fb92427ae41e4649b934ca495991b7852b855  ??  artifacts/rust-tauri/R05/RR2/G-R2/negative-ev/n16-binding-drift/run-b/CLIENT/cli-serve-unknown-arg-exit1-no-start/stdout.log
4f53cda18c2baa0c0354bb5f9a3ecbe5ed12ab4d8e11ba873c2f11161202b945  ??  artifacts/rust-tauri/R05/RR2/G-R2/negative-ev/n16-binding-drift/run-b/CLIENT/cli-unknown-arg-exit1-no-start/home-after.json
4f53cda18c2baa0c0354bb5f9a3ecbe5ed12ab4d8e11ba873c2f11161202b945  ??  artifacts/rust-tauri/R05/RR2/G-R2/negative-ev/n16-binding-drift/run-b/CLIENT/cli-unknown-arg-exit1-no-start/home-before.json
64d0052d9025a6af3a1032760de3cabddb7d7921c2a195b082d0edd32517d63f  ??  artifacts/rust-tauri/R05/RR2/G-R2/negative-ev/n16-binding-drift/run-b/CLIENT/cli-unknown-arg-exit1-no-start/stderr.log
e3b0c44298fc1c149afbf4c8996fb92427ae41e4649b934ca495991b7852b855  ??  artifacts/rust-tauri/R05/RR2/G-R2/negative-ev/n16-binding-drift/run-b/CLIENT/cli-unknown-arg-exit1-no-start/stdout.log
454dbc955312281c1ec694bc643d120da2c7095b7ebccf7601a522fb430fd210  ??  artifacts/rust-tauri/R05/RR2/G-R2/negative-ev/n16-binding-drift/run-b/CLIENT/leaf-cases.json
e3b0c44298fc1c149afbf4c8996fb92427ae41e4649b934ca495991b7852b855  ??  artifacts/rust-tauri/R05/RR2/G-R2/negative-ev/n16-binding-drift/run-b/CLIENT/sharing-vitest.stderr.log
e3b0c44298fc1c149afbf4c8996fb92427ae41e4649b934ca495991b7852b855  ??  artifacts/rust-tauri/R05/RR2/G-R2/negative-ev/n16-binding-drift/run-b/CLIENT/sharing-vitest.stdout.log
d99acd3246f887e298fefb48ca117c8338bfd51c06da531afad39fad1dba6a2f  ??  artifacts/rust-tauri/R05/RR2/G-R2/negative-ev/n16-binding-drift/run-b/CLIENT/summary.json
6e06cf16920badb80611593738204b9bbe11c5ff40ffb7d73c5bd1d850dbc5ed  ??  artifacts/rust-tauri/R05/RR2/G-R2/negative-ev/n16-binding-drift/run-b/CLI_RUST/build-current-service.stderr.log
e3b0c44298fc1c149afbf4c8996fb92427ae41e4649b934ca495991b7852b855  ??  artifacts/rust-tauri/R05/RR2/G-R2/negative-ev/n16-binding-drift/run-b/CLI_RUST/build-current-service.stdout.log
171227a903bbb29c7df8dd0d61b1571c20985f0940aeaaff9810c4eeb5e348d8  ??  artifacts/rust-tauri/R05/RR2/G-R2/negative-ev/n16-binding-drift/run-b/CLI_RUST/cli-rust-cases.json
fef1da12458d4f58e5ac150ea8cf9628d7234180c32d4ceed0b3b71d4e83f05e  ??  artifacts/rust-tauri/R05/RR2/G-R2/negative-ev/n16-binding-drift/run-b/CLI_RUST/home-newer/data-epoch.json
64d0052d9025a6af3a1032760de3cabddb7d7921c2a195b082d0edd32517d63f  ??  artifacts/rust-tauri/R05/RR2/G-R2/negative-ev/n16-binding-drift/run-b/CLI_RUST/serve-beta-unavailable.stderr.log
e3b0c44298fc1c149afbf4c8996fb92427ae41e4649b934ca495991b7852b855  ??  artifacts/rust-tauri/R05/RR2/G-R2/negative-ev/n16-binding-drift/run-b/CLI_RUST/serve-beta-unavailable.stdout.log
64d0052d9025a6af3a1032760de3cabddb7d7921c2a195b082d0edd32517d63f  ??  artifacts/rust-tauri/R05/RR2/G-R2/negative-ev/n16-binding-drift/run-b/CLI_RUST/serve-downgrade-refused.stderr.log
e3b0c44298fc1c149afbf4c8996fb92427ae41e4649b934ca495991b7852b855  ??  artifacts/rust-tauri/R05/RR2/G-R2/negative-ev/n16-binding-drift/run-b/CLI_RUST/serve-downgrade-refused.stdout.log
64d0052d9025a6af3a1032760de3cabddb7d7921c2a195b082d0edd32517d63f  ??  artifacts/rust-tauri/R05/RR2/G-R2/negative-ev/n16-binding-drift/run-b/CLI_RUST/serve-invalid-bind.stderr.log
e3b0c44298fc1c149afbf4c8996fb92427ae41e4649b934ca495991b7852b855  ??  artifacts/rust-tauri/R05/RR2/G-R2/negative-ev/n16-binding-drift/run-b/CLI_RUST/serve-invalid-bind.stdout.log
64d0052d9025a6af3a1032760de3cabddb7d7921c2a195b082d0edd32517d63f  ??  artifacts/rust-tauri/R05/RR2/G-R2/negative-ev/n16-binding-drift/run-b/CLI_RUST/serve-newer-epoch.stderr.log
e3b0c44298fc1c149afbf4c8996fb92427ae41e4649b934ca495991b7852b855  ??  artifacts/rust-tauri/R05/RR2/G-R2/negative-ev/n16-binding-drift/run-b/CLI_RUST/serve-newer-epoch.stdout.log
64d0052d9025a6af3a1032760de3cabddb7d7921c2a195b082d0edd32517d63f  ??  artifacts/rust-tauri/R05/RR2/G-R2/negative-ev/n16-binding-drift/run-b/CLI_RUST/serve.stderr.log
e3b0c44298fc1c149afbf4c8996fb92427ae41e4649b934ca495991b7852b855  ??  artifacts/rust-tauri/R05/RR2/G-R2/negative-ev/n16-binding-drift/run-b/CLI_RUST/serve.stdout.log
64d0052d9025a6af3a1032760de3cabddb7d7921c2a195b082d0edd32517d63f  ??  artifacts/rust-tauri/R05/RR2/G-R2/negative-ev/n16-binding-drift/run-b/CLI_RUST/sessions-after-shutdown.stderr.log
e3b0c44298fc1c149afbf4c8996fb92427ae41e4649b934ca495991b7852b855  ??  artifacts/rust-tauri/R05/RR2/G-R2/negative-ev/n16-binding-drift/run-b/CLI_RUST/sessions-after-shutdown.stdout.log
7799be1cd620e8f08dd91b8f67fd771ed114080439e2e4f4c6693ba909d0cec6  ??  artifacts/rust-tauri/R05/RR2/G-R2/negative-ev/n16-binding-drift/run-b/CLI_SESSIONS/auth/.last-body
a5f4c585ee974ca44916ac30a98bbc189e067a7e0a6bc6d2e8d6bc525be724af  ??  artifacts/rust-tauri/R05/RR2/G-R2/negative-ev/n16-binding-drift/run-b/CLI_SESSIONS/auth/build.log
64d0052d9025a6af3a1032760de3cabddb7d7921c2a195b082d0edd32517d63f  ??  artifacts/rust-tauri/R05/RR2/G-R2/negative-ev/n16-binding-drift/run-b/CLI_SESSIONS/auth/cli-sessions-owner.stderr.log
e3b0c44298fc1c149afbf4c8996fb92427ae41e4649b934ca495991b7852b855  ??  artifacts/rust-tauri/R05/RR2/G-R2/negative-ev/n16-binding-drift/run-b/CLI_SESSIONS/auth/cli-sessions-owner.stdout.log
30c834782840867442f5d9cccd6bb34e98850c93b0bd9d8173f8490859d055ea  ??  artifacts/rust-tauri/R05/RR2/G-R2/negative-ev/n16-binding-drift/run-b/CLI_SESSIONS/auth/creds-after-authz.json
9aa3280c357859191257c5fdf99ee65bcc1a4d849f2bcbeb23ed15c06839cd7a  ??  artifacts/rust-tauri/R05/RR2/G-R2/negative-ev/n16-binding-drift/run-b/CLI_SESSIONS/auth/creds-before-authz.json
b038f9313931f52e786f05ac8be37e7a20547cde825f3167895cae847dc9c42d  ??  artifacts/rust-tauri/R05/RR2/G-R2/negative-ev/n16-binding-drift/run-b/CLI_SESSIONS/auth/devices-after-authz.json
1670aa2d50f3064aef23eba22747039355cdcf90684c7453a0e8ffeb8900a10e  ??  artifacts/rust-tauri/R05/RR2/G-R2/negative-ev/n16-binding-drift/run-b/CLI_SESSIONS/auth/devices-before-authz.json
dff307e4c640949dedcdc9532023c91bc9cb61c9875d442016d8bd77ec5fd09a  ??  artifacts/rust-tauri/R05/RR2/G-R2/negative-ev/n16-binding-drift/run-b/CLI_SESSIONS/auth/leaf-cases.ndjson
29a1c756cc1febe77a673e3c5ff350210f454d71b81334aba3cd350feb40b3a7  ??  artifacts/rust-tauri/R05/RR2/G-R2/negative-ev/n16-binding-drift/run-b/CLI_SESSIONS/auth/me-denied-after.sha256
29a1c756cc1febe77a673e3c5ff350210f454d71b81334aba3cd350feb40b3a7  ??  artifacts/rust-tauri/R05/RR2/G-R2/negative-ev/n16-binding-drift/run-b/CLI_SESSIONS/auth/me-denied-before.sha256
e98bfb1d2996e938042cd920012d713eff474a11b0bc1f5cfb07b58fc2aadbf1  ??  artifacts/rust-tauri/R05/RR2/G-R2/negative-ev/n16-binding-drift/run-b/CLI_SESSIONS/auth/server-stderr.log
2d2ade6169cc3db4c6d48840976495c1040e9c39e6792406fb04a0814bf4b360  ??  artifacts/rust-tauri/R05/RR2/G-R2/negative-ev/n16-binding-drift/run-b/CLI_SESSIONS/auth/server-stdout.log
619f672f5d1247eef1353214562142a0c18f81db27331b177429a79ec3342345  ??  artifacts/rust-tauri/R05/RR2/G-R2/negative-ev/n16-binding-drift/run-b/CLI_SESSIONS/auth/sessions-list-matrix.json
36bb9c5bf248fd10e47cfa8dd8c4ed7cb48af3ad35ae32bf3a0ae08b88c706ef  ??  artifacts/rust-tauri/R05/RR2/G-R2/negative-ev/n16-binding-drift/run-b/CLI_SESSIONS/auth/state-after-authn.txt
9659706568624cbab03f286e86bac3937ed4174b8078babe915deb34c694f17a  ??  artifacts/rust-tauri/R05/RR2/G-R2/negative-ev/n16-binding-drift/run-b/CLI_SESSIONS/auth/state-after.txt
36bb9c5bf248fd10e47cfa8dd8c4ed7cb48af3ad35ae32bf3a0ae08b88c706ef  ??  artifacts/rust-tauri/R05/RR2/G-R2/negative-ev/n16-binding-drift/run-b/CLI_SESSIONS/auth/state-before-authz.txt
36bb9c5bf248fd10e47cfa8dd8c4ed7cb48af3ad35ae32bf3a0ae08b88c706ef  ??  artifacts/rust-tauri/R05/RR2/G-R2/negative-ev/n16-binding-drift/run-b/CLI_SESSIONS/auth/state-before.txt
8fc4dfc7dedbe215f756b4bdbbc4120f50bbb5fc9320ef3eb823c807b2e7796c  ??  artifacts/rust-tauri/R05/RR2/G-R2/negative-ev/n16-binding-drift/run-b/CLI_SESSIONS/auth/summary.txt
6a63b05e2116113ffdbe7aa6da153d30fcf9522e86d469c5335447e99009f738  ??  artifacts/rust-tauri/R05/RR2/G-R2/negative-ev/n16-binding-drift/run-b/CLI_SESSIONS/producer.stderr.log
e4c6a2a4e0ab41b7722399fa97a4a27a7db26fe52014b19692a68e7f3f5df29a  ??  artifacts/rust-tauri/R05/RR2/G-R2/negative-ev/n16-binding-drift/run-b/CLI_SESSIONS/producer.stdout.log
0915b3be0872a932194b72807f16973b9e5ecf3957fe16be7ee23887335fabf6  ??  artifacts/rust-tauri/R05/RR2/G-R2/negative-ev/n16-binding-drift/run-b/CLI_SESSIONS/summary.json
90f7a51bf39efa61fe4dfc629995f7c210721588e524b66afcadb88bf6c528e3  ??  artifacts/rust-tauri/R05/RR2/G-R2/negative-ev/n16-binding-drift/run-b/MANAGEMENT/cargo.stderr.log
12aa6f19323ecf680e4cab97c59745f36d34ae3aa150d6b8b7d41e6a10ef0415  ??  artifacts/rust-tauri/R05/RR2/G-R2/negative-ev/n16-binding-drift/run-b/MANAGEMENT/cargo.stdout.log
acd65b496553995268db9a7eeaa6e29222066e4449aa9873b3df44cc0f52c2d0  ??  artifacts/rust-tauri/R05/RR2/G-R2/negative-ev/n16-binding-drift/run-b/MANAGEMENT/management-cases.json
da74fc4bad0e2d3b171a3cb7cbce70bd6bd47bc02c4f7fe6d0f4b08aa34d2676  ??  artifacts/rust-tauri/R05/RR2/G-R2/negative-ev/n16-binding-drift/run-b/MANAGEMENT/security-audit-sources.json
4d949972dc9bda45fd0a636dd76e97c40a800c5ce233c7f8555d67b642db8978  ??  artifacts/rust-tauri/R05/RR2/G-R2/negative-ev/n16-binding-drift/run-b/MANAGEMENT/security-audit.jsonl
ac21d36a97ae708c19f553314334d93ba333de01dc536f053e6ae1f81bb6adfb  ??  artifacts/rust-tauri/R05/RR2/G-R2/negative-ev/n16-binding-drift/run-b/MANAGEMENT/summary.json
34019fad324cca339dbbc2bb04f8f61b8e7c08e52e7dfa4511b477d84d4b8c34  ??  artifacts/rust-tauri/R05/RR2/G-R2/negative-ev/n16-binding-drift/run-b/MANAGEMENT/tls-cargo.stderr.log
0ace8191783ec7016b7383b44859c1e1739916d8e6e6d43471dbd9e26ad8ea36  ??  artifacts/rust-tauri/R05/RR2/G-R2/negative-ev/n16-binding-drift/run-b/MANAGEMENT/tls-cargo.stdout.log
c71ea5f7520ea670f1c6b38bedab8ba3d31e8c57b9481b5508f0b2e33992bac9  ??  artifacts/rust-tauri/R05/RR2/G-R2/negative-ev/n16-binding-drift/run-b/MANAGEMENT/tls-web-login-cases.json
30539e4ea66b0ea3037fababc9ec7486348eb9a3a90eb6f1bdd2a8c036f443e7  ??  artifacts/rust-tauri/R05/RR2/G-R2/negative-ev/n16-binding-drift/run-b/MANAGEMENT/web-login-cases.json
14164c5e73cf36129db0936060a417bb2b809f3e8dd4d823b7f082a7cd4d6280  ??  artifacts/rust-tauri/R05/RR2/G-R2/negative-ev/n16-binding-drift/run-b/STATIC_WEB/cargo.stderr.log
0ca0337244f5955cd4bb2612dd324067be18bafc515faae90de04ce0be3741a3  ??  artifacts/rust-tauri/R05/RR2/G-R2/negative-ev/n16-binding-drift/run-b/STATIC_WEB/cargo.stdout.log
1c7affd88fbf974168567ad2bb7e59112ada629817bdf95bd681c594376fc0d5  ??  artifacts/rust-tauri/R05/RR2/G-R2/negative-ev/n16-binding-drift/run-b/STATIC_WEB/static-web-cases.json
4f3f72861bcf1e2926f801ede8f654295eb35116e0e34cd33a55e63b4f58c764  ??  artifacts/rust-tauri/R05/RR2/G-R2/negative-ev/n16-binding-drift/run-b/STATIC_WEB/summary.json
e3b0c44298fc1c149afbf4c8996fb92427ae41e4649b934ca495991b7852b855  ??  artifacts/rust-tauri/R05/RR2/G-R2/negative-ev/n16-binding-drift/run-b/a01_smoke/stderr.log
7f0ca902eff33977cdea8d72d61bf43e6208525d67499021a99d99909d334b84  ??  artifacts/rust-tauri/R05/RR2/G-R2/negative-ev/n16-binding-drift/run-b/a01_smoke/stdout.log
e3b0c44298fc1c149afbf4c8996fb92427ae41e4649b934ca495991b7852b855  ??  artifacts/rust-tauri/R05/RR2/G-R2/negative-ev/n16-binding-drift/run-b/a02_boundary_negative/stderr.log
06bf7b13dff6be9c551dfbd20a179d85db609670ba6c52c92066c08c1b2cddb8  ??  artifacts/rust-tauri/R05/RR2/G-R2/negative-ev/n16-binding-drift/run-b/a02_boundary_negative/stdout.log
22b5046f28b96dae7818d4b3ef9c768a973c882ebdd7a36a355a636a3e08ed80  ??  artifacts/rust-tauri/R05/RR2/G-R2/negative-ev/n16-binding-drift/run-b/a03_dual_instance/stderr.log
c66d485cf980539e1ae128e68d3338e1da1f2a7196ad43bc21ce1447202a0edd  ??  artifacts/rust-tauri/R05/RR2/G-R2/negative-ev/n16-binding-drift/run-b/a03_dual_instance/stdout.log
e3b0c44298fc1c149afbf4c8996fb92427ae41e4649b934ca495991b7852b855  ??  artifacts/rust-tauri/R05/RR2/G-R2/negative-ev/n16-binding-drift/run-b/a04_path_priority/stderr.log
6fa74dbe442a48e7e7ee5684d9cea0d2ee74b080cb9c2545277d2a644639fae4  ??  artifacts/rust-tauri/R05/RR2/G-R2/negative-ev/n16-binding-drift/run-b/a04_path_priority/stdout.log
6a63b05e2116113ffdbe7aa6da153d30fcf9522e86d469c5335447e99009f738  ??  artifacts/rust-tauri/R05/RR2/G-R2/negative-ev/n16-binding-drift/run-b/a05_a06_auth_matrix/stderr.log
3daaccb41e598a6bf93d440c65ce8dae71e9a4d081ca82ff798aa33671eac170  ??  artifacts/rust-tauri/R05/RR2/G-R2/negative-ev/n16-binding-drift/run-b/a05_a06_auth_matrix/stdout.log
d859453f0cdd8646cc19ab31581ed386c1ed68796aa517ec2f3dc8037ee7a977  ??  artifacts/rust-tauri/R05/RR2/G-R2/negative-ev/n16-binding-drift/run-b/a07_a08_storage_tx/stderr.log
1256f76b4a3062c0fbbdfb24c0f05e2ab81d87cf9be414a9672b1f358958f5cb  ??  artifacts/rust-tauri/R05/RR2/G-R2/negative-ev/n16-binding-drift/run-b/a07_a08_storage_tx/stdout.log
e1307b61ffbc84a628702be9d99cbeebfb6cf4670c84d6e430f95f22d4de53df  ??  artifacts/rust-tauri/R05/RR2/G-R2/negative-ev/n16-binding-drift/run-b/a07_live_fault_01_test/stderr.log
be6144f16668fb890c0dbc450d13fac0ad59ba53859829dbdf5d14340e579ae2  ??  artifacts/rust-tauri/R05/RR2/G-R2/negative-ev/n16-binding-drift/run-b/a07_live_fault_01_test/stdout.log
e3b0c44298fc1c149afbf4c8996fb92427ae41e4649b934ca495991b7852b855  ??  artifacts/rust-tauri/R05/RR2/G-R2/negative-ev/n16-binding-drift/run-b/a07_live_fault_02_check/stderr.log
d3a7b9bbee6f55631dcb71388dad6f0c9868c8cee9add309936e4d04a1d18369  ??  artifacts/rust-tauri/R05/RR2/G-R2/negative-ev/n16-binding-drift/run-b/a07_live_fault_02_check/stdout.log
5dc11b5c29051fd5cc8adca25a942497fdc4998aa1dba874ec08015cd26b9fee  ??  artifacts/rust-tauri/R05/RR2/G-R2/negative-ev/n16-binding-drift/run-b/a09_a10_events_matrix/stderr.log
bf098e83c35ac915ef1be9bbf7ac5ee4883e64fa5cb49e9234e5ea703e9dfdc7  ??  artifacts/rust-tauri/R05/RR2/G-R2/negative-ev/n16-binding-drift/run-b/a09_a10_events_matrix/stdout.log
e3b0c44298fc1c149afbf4c8996fb92427ae41e4649b934ca495991b7852b855  ??  artifacts/rust-tauri/R05/RR2/G-R2/negative-ev/n16-binding-drift/run-b/a11_backup_restore/stderr.log
f373b1e2bc8965ee98fe02da5e2dd52356ba8bf9df7ac3f8f702fc4bda97d14c  ??  artifacts/rust-tauri/R05/RR2/G-R2/negative-ev/n16-binding-drift/run-b/a11_backup_restore/stdout.log
e3b0c44298fc1c149afbf4c8996fb92427ae41e4649b934ca495991b7852b855  ??  artifacts/rust-tauri/R05/RR2/G-R2/negative-ev/n16-binding-drift/run-b/a12_recovery_drill/stderr.log
59a6f964ea5e6ebb0dba2a5d6d85df051799599ab5332f807587c133cc1dacd1  ??  artifacts/rust-tauri/R05/RR2/G-R2/negative-ev/n16-binding-drift/run-b/a12_recovery_drill/stdout.log
0ca12d6753791cc70d2d80b286f937dd4871f7f6c5ccf2468727d0a5c3029bd7  ??  artifacts/rust-tauri/R05/RR2/G-R2/negative-ev/n16-binding-drift/run-b/a13_redaction_scan/stderr.log
3e151ddec14cfaf8bbb2092d513e2c668de1326ae4fac48f2e2d4ac2f538f7dd  ??  artifacts/rust-tauri/R05/RR2/G-R2/negative-ev/n16-binding-drift/run-b/a13_redaction_scan/stdout.log
e3b0c44298fc1c149afbf4c8996fb92427ae41e4649b934ca495991b7852b855  ??  artifacts/rust-tauri/R05/RR2/G-R2/negative-ev/n16-binding-drift/run-b/a14_slow_subscriber/stderr.log
78316ae774d5e5205cec0f51955c9ef817be731a9c07c6e86471792c2e8de03e  ??  artifacts/rust-tauri/R05/RR2/G-R2/negative-ev/n16-binding-drift/run-b/a14_slow_subscriber/stdout.log
e3b0c44298fc1c149afbf4c8996fb92427ae41e4649b934ca495991b7852b855  ??  artifacts/rust-tauri/R05/RR2/G-R2/negative-ev/n16-binding-drift/run-b/a15_full_chain/stderr.log
579738c83cfac98d2ab5970d5c3f9d829f5cc890b534848c1e7e0dea04252d7a  ??  artifacts/rust-tauri/R05/RR2/G-R2/negative-ev/n16-binding-drift/run-b/a15_full_chain/stdout.log
733d190aaddaa62cfe0bd69a07cebade6ddb0051a53c6dd503dd4ef51f113b50  ??  artifacts/rust-tauri/R05/RR2/G-R2/negative-ev/n16-binding-drift/run-b/a16_legacy_regression/stderr.log
7295839c02f65ec0dbcdb2b11aae34b206ca6a4ce78957c91a5bb9994859f508  ??  artifacts/rust-tauri/R05/RR2/G-R2/negative-ev/n16-binding-drift/run-b/a16_legacy_regression/stdout.log
2f90f4b4e39632fc56b1a56c0c26860cb868324fd3a4f8ff91949075c17aef5c  ??  artifacts/rust-tauri/R05/RR2/G-R2/negative-ev/n16-binding-drift/run-b/candidate-source-after.json
2f90f4b4e39632fc56b1a56c0c26860cb868324fd3a4f8ff91949075c17aef5c  ??  artifacts/rust-tauri/R05/RR2/G-R2/negative-ev/n16-binding-drift/run-b/candidate-source-before.json
e3b0c44298fc1c149afbf4c8996fb92427ae41e4649b934ca495991b7852b855  ??  artifacts/rust-tauri/R05/RR2/G-R2/negative-ev/n16-binding-drift/run-b/supplemental_cli_rust_matrix/stderr.log
e3b0c44298fc1c149afbf4c8996fb92427ae41e4649b934ca495991b7852b855  ??  artifacts/rust-tauri/R05/RR2/G-R2/negative-ev/n16-binding-drift/run-b/supplemental_cli_rust_matrix/stdout.log
e3b0c44298fc1c149afbf4c8996fb92427ae41e4649b934ca495991b7852b855  ??  artifacts/rust-tauri/R05/RR2/G-R2/negative-ev/n16-binding-drift/run-b/supplemental_cli_sessions_matrix/stderr.log
6e83d418cdecb9da7bd76dc38ec91fe10efe10285f380f9a17f271563a2e0b2b  ??  artifacts/rust-tauri/R05/RR2/G-R2/negative-ev/n16-binding-drift/run-b/supplemental_cli_sessions_matrix/stdout.log
e3b0c44298fc1c149afbf4c8996fb92427ae41e4649b934ca495991b7852b855  ??  artifacts/rust-tauri/R05/RR2/G-R2/negative-ev/n16-binding-drift/run-b/supplemental_client_matrix/stderr.log
e7f9796cba1481bd6b99d287e3fc4dc0df0d55bcaca20af6b6e144da472172d4  ??  artifacts/rust-tauri/R05/RR2/G-R2/negative-ev/n16-binding-drift/run-b/supplemental_client_matrix/stdout.log
e3b0c44298fc1c149afbf4c8996fb92427ae41e4649b934ca495991b7852b855  ??  artifacts/rust-tauri/R05/RR2/G-R2/negative-ev/n16-binding-drift/run-b/supplemental_management_matrix/stderr.log
4c81de3cd970f4c125e7edb0b362ef2dbe8a7a8b1c02e31b5a33217c8b1e6438  ??  artifacts/rust-tauri/R05/RR2/G-R2/negative-ev/n16-binding-drift/run-b/supplemental_management_matrix/stdout.log
e3b0c44298fc1c149afbf4c8996fb92427ae41e4649b934ca495991b7852b855  ??  artifacts/rust-tauri/R05/RR2/G-R2/negative-ev/n16-binding-drift/run-b/supplemental_static_web_matrix/stderr.log
398104e02bc4195c92ef9637d1345be7f4760673693eb5bb5ae26093e267edd3  ??  artifacts/rust-tauri/R05/RR2/G-R2/negative-ev/n16-binding-drift/run-b/supplemental_static_web_matrix/stdout.log
9bc3c9cb41a5e26fff565e36628b390df816fd6cd71289b0053a64f9da7cdb7c  ??  artifacts/rust-tauri/R05/RR2/G-R2/negative-ev/n16-binding-drift/run-b/verify-stage-result.json
fdacb2c2401ccd0a276abc7ab945cad57ec307f08e24516bac9227e76031e6e5  ??  artifacts/rust-tauri/R05/RR2/G-R2/negative-ev/pristine/docs/rust-tauri/R05/r05_stage_pins.tsv
c8de486b2f8f38e75fabad2f9f1fd5a3e8da689aac058f06b2908c883133e624  ??  artifacts/rust-tauri/R05/RR2/G-R2/negative-ev/pristine/rust/crates/lingxi-adapters/src/models/credentials.rs
e00c193720f60b67dfbaed8dfe0bea1b5064aa3449af52cee26f27f1603db761  ??  artifacts/rust-tauri/R05/RR2/G-R2/negative-ev/pristine/rust/crates/lingxi-adapters/src/models/openai_completions.rs
6af260827431711720ba6904bc6ef7497d2260b51f179ce8e607175f754a54e0  ??  artifacts/rust-tauri/R05/RR2/G-R2/negative-ev/pristine/rust/crates/lingxi-adapters/src/models/tool_render.rs
8f6595e9be39865f74a91817089ab1d6b016beb84f31a6ed08ca58b96229d3e5  ??  artifacts/rust-tauri/R05/RR2/G-R2/negative-ev/pristine/rust/crates/lingxi-kernel/src/lib.rs
5fa96ae62b17fe8695c137ae3183fb0cbc47cc5d1291c3386f37b640b4ab7a0c  ??  artifacts/rust-tauri/R05/RR2/G-R2/negative-ev/pristine/rust/crates/lingxi-service/src/credentials/mod.rs
44e7eef0684e96275db9af6f4a60911464963e7a6bb7f258682df28f33f21756  ??  artifacts/rust-tauri/R05/RR2/G-R2/negative-ev/pristine/rust/crates/lingxi-service/src/lib.rs
b7b8671a8c4dc507ab77364e700985db69c2b619cc2f80cc54d86d0bf7eb17f3  ??  artifacts/rust-tauri/R05/RR2/G-R2/negative-ev/pristine/rust/crates/lingxi-service/src/runs.rs
56c3706bcf106a2aef0d082319f5400100c8299c16f6cb2b20c3a1afa7ffa571  ??  artifacts/rust-tauri/R05/RR2/G-R2/negative-ev/pristine/rust/crates/lingxi-service/tests/r05_t01_binary_wiring.rs
35888cd868f067f8f87c15a9410217b30040db29866e7e439194cf5e716cae86  ??  artifacts/rust-tauri/R05/RR2/G-R2/negative-ev/pristine/rust/crates/xtask/src/stage_maps/R04.json
a1e4942356f7c6f897cd51f85e26ad474692836db2e3817951e72cd2be797798  ??  artifacts/rust-tauri/R05/RR2/G-R2/negative-ev/pristine/rust/crates/xtask/src/stage_maps/R05.json
8a35225da60157b6e80cc67230acba277c888526f37c807bbb6b431c1f93fa9e  ??  artifacts/rust-tauri/R05/RR2/G-R2/negative-ev/pristine/scripts/rust-tauri/r05_t08_stage_suites.sh
0971280604898ffd51e3f61245b9502d5c5e9b5bc7f3236cd1cb756a6c2b23d9  ??  artifacts/rust-tauri/R05/RR2/G-R2/negative-ev/summary.txt
43419656975bc810639fbe5e4b4870c3a460fdc6d9a65fabe14a45dbb75b8429   M  docs/rust-tauri/ORCHESTRATOR_PROGRESS.json
9785871fb67a4d5fdc0b469911dabecd4c7c0fb7dfab1ffae957ee9dee72ce2e   M  docs/rust-tauri/R02/R02-T04_STORAGE_REGISTRY.json
2c431b2bf9fa6ad83ca010f4392cc262844eca2e2366a6e6aa204e14b280f108   M  docs/rust-tauri/R05/PROGRESS_LEDGER.json
6fc4c7096145a3bfa3d6f318b32721ad520f064162d34f007080a41a524c73d1   M  docs/rust-tauri/R05/R05_ACCEPTANCE_LEDGER.json
de950b466ac930d201f61bbb464a66a49a7b69afd79295931a7d753a637ae563   M  docs/rust-tauri/R05/R05_BLOCKERS.md
41eb3ad1a91a577511402736b80b38cc5529b937ca6574bbc074acc7d01376b1   M  docs/rust-tauri/R05/R05_HANDOFF.json
a13ca7342991da5725a721e93fa8dade0437b600a06e64814206254872a23907   M  docs/rust-tauri/R05/R05_REPORT.md
ffffbe56313a1d5e50e7b216499cd851b1efc988da811a57d4fe0b07cc0be556   M  docs/rust-tauri/R05/r05_stage_cids.tsv
fdacb2c2401ccd0a276abc7ab945cad57ec307f08e24516bac9227e76031e6e5   M  docs/rust-tauri/R05/r05_stage_pins.tsv
3e95ce7cdc958023ceffea7ba0bfbb6742c2dafd7e40e42fd89227b6546b8f05   M  docs/rust-tauri/R05/repair-current/RR1_LEAF_DEVIATIONS.md
1ee083e21a23a69109cb96810377dba2a9615f7df00a89232dc276631808ff98  ??  docs/rust-tauri/R05/repair-current/RR2_BRIEF.md
9f93e0b7537554e70981fd31563e128df7258a8ac395f5b92555141b222fa1c2  ??  docs/rust-tauri/R05/repair-current/RR2_HANDOFF.md
c2f0475ebf998ae225ac300393e58a3365419fb07347861ff78f3a5f0d0c8dbd  ??  docs/rust-tauri/R05/repair-current/RR2_ISSUE_MATRIX.json
35802f225728954cccedd12ef0453090948afd18db9cb0f8f31cc9d896e92545  ??  docs/rust-tauri/R05/repair-current/RR2_MASTER_PROMPT_2026-10-06.md
290550618b5d0ef911d39ccff08eb84af7c0badd1b8a6f7e1fb1ff9597a46ca0  ??  docs/rust-tauri/R05/repair-current/RR2_PROGRESS.md
a8bbed5cb25b90c4f43952c78d6a51e153e01cecd5b9684cab01469b8f786619   M  rust/crates/lingxi-adapters/tests/r05_t04_rr1_batch_terminal.rs
c569a06220d6672432e2dc1871f2f6c9f2d2b4d5eeae2c5773fec98e0a2d4e2f   M  rust/crates/lingxi-service/src/bin/r04_t07_fixture.rs
c9402d83a16f3b0c4f6f193968b099fe29c6121968b337d6109dfeeb14c8c27d   M  rust/crates/lingxi-service/src/management.rs
ad2b9d816bc34acc937a11d8e7ea259ab91c0a7c6ad51c5b54eb363266b76d7a   M  rust/crates/lingxi-service/tests/r04_t05_process_tools.rs
8a7f7f23e30aa22b23a51138d4ac2817e9dca78fa63889d4fa82dd82a0e35541   M  rust/crates/lingxi-service/tests/r05_t02_credentials.rs
584ad879f4aa5ae8cad7cbdde70cda79f95ab2f5f1602059839a39a0c5093d68   M  rust/crates/lingxi-service/tests/r05_t08_production_tools.rs
025b7160613ab9ada766492caa42c236b40f9707efcdcb641faebdcd587551ce   M  rust/crates/xtask/src/stage_map.rs
a1e4942356f7c6f897cd51f85e26ad474692836db2e3817951e72cd2be797798   M  rust/crates/xtask/src/stage_maps/R05.json
43642ef04976f416df93f76921337bb812f278ea6dc3d330167ff21806acf31b  ??  scripts/rust-tauri/r02_registry_consistency.py
bfb807dc74e75a0b61d93a517f9a308bbedf4538db51c8b5fc012b43ea7a3527   M  scripts/rust-tauri/r02_t04_storage_tx.sh
454897045afaebe8be5b698e079461d40aaf9cb8fa567913355bb7e209417236   M  scripts/rust-tauri/r02_t08_legacy_entry_regression.sh
6c041ac0921e3d5c49f9ba61f564d09b691bcbdb1b4fe2099bc6b1dce6f449f2   M  tests/post-verification-audit-seal.test.ts
21dfad08eaa06a52842eaf763083b9499d1dc0955b3cc5fff629c8a151c8e002   M  tests/round2-delivery-evidence.test.ts
dfd843571120456ffe705ae6f90808597d991295bd5ebc030d2f7645b86a884a   M  tests/round3-delivery-evidence.test.ts
