tests/round2-delivery-evidence.test.ts	3	⟦FAIL-BLOCK⟧
tests/round2-delivery-evidence.test.ts	3	Error: Command failed: node /Users/study_superior/Desktop/Code/LingxiAgent/.sync-audit/verify-post-verification-diff.mjs
tests/round2-delivery-evidence.test.ts	3	✗ VERIFIED_SOURCE_SHA 之后出现非审计文件改动（禁止修改生产代码/测试逻辑/runtime artifacts）:
tests/round2-delivery-evidence.test.ts	3	  - .github/workflows/build.yml
tests/round2-delivery-evidence.test.ts	3	  - .gitignore
tests/round2-delivery-evidence.test.ts	3	  - artifacts/rust-tauri/R02/T01/a01-build.log
tests/round2-delivery-evidence.test.ts	3	  - artifacts/rust-tauri/R02/T01/a01-cargo-metadata.json
tests/round2-delivery-evidence.test.ts	3	  - artifacts/rust-tauri/R02/T01/a01-deptree-evidence.log
tests/round2-delivery-evidence.test.ts	3	  - artifacts/rust-tauri/R02/T01/a01-deptree-evidence.txt
tests/round2-delivery-evidence.test.ts	3	  - artifacts/rust-tauri/R02/T01/a01-health-body.json
tests/round2-delivery-evidence.test.ts	3	  - artifacts/rust-tauri/R02/T01/a01-health-check.log
tests/round2-delivery-evidence.test.ts	3	  - artifacts/rust-tauri/R02/T01/a01-service-stderr.log
tests/round2-delivery-evidence.test.ts	3	  - artifacts/rust-tauri/R02/T01/a01-service-stdout.log
tests/round2-delivery-evidence.test.ts	3	  - artifacts/rust-tauri/R02/T01/a01-shutdown.log
tests/round2-delivery-evidence.test.ts	3	  - artifacts/rust-tauri/R02/T01/a01-shutdown.txt
tests/round2-delivery-evidence.test.ts	3	  - artifacts/rust-tauri/R02/T01/a01-smoke-summary.txt
tests/round2-delivery-evidence.test.ts	3	  - artifacts/rust-tauri/R02/T01/a02-green-baseline.log
tests/round2-delivery-evidence.test.ts	3	  - artifacts/rust-tauri/R02/T01/a02-green-na-restored.log
tests/round2-delivery-evidence.test.ts	3	  - artifacts/rust-tauri/R02/T01/a02-green-nb-restored.log
tests/round2-delivery-evidence.test.ts	3	  - artifacts/rust-tauri/R02/T01/a02-green-nc-restored.log
tests/round2-delivery-evidence.test.ts	3	  - artifacts/rust-tauri/R02/T01/a02-na-source-token.log
tests/round2-delivery-evidence.test.ts	3	  - artifacts/rust-tauri/R02/T01/a02-nb-dep-edge.log
tests/round2-delivery-evidence.test.ts	3	  - artifacts/rust-tauri/R02/T01/a02-nc-service-inversion.log
tests/round2-delivery-evidence.test.ts	3	  - artifacts/rust-tauri/R02/T01/a02-negative-summary.txt
tests/round2-delivery-evidence.test.ts	3	  - artifacts/rust-tauri/R02/T01/a02-residue-check.log
tests/round2-delivery-evidence.test.ts	3	  - artifacts/rust-tauri/R02/T01/a02-summary.log
tests/round2-delivery-evidence.test.ts	3	  - artifacts/rust-tauri/R02/T01/cargo-clippy.log
tests/round2-delivery-evidence.test.ts	3	  - artifacts/rust-tauri/R02/T01/cargo-fmt-check.log
tests/round2-delivery-evidence.test.ts	3	  - artifacts/rust-tauri/R02/T01/cargo-test-workspace.log
tests/round2-delivery-evidence.test.ts	3	  - artifacts/rust-tauri/R02/T01/check-ownership-positive-and-selftest.log
tests/round2-delivery-evidence.test.ts	3	  - artifacts/rust-tauri/R02/T01/r01-t02-check-generated.log
tests/round2-delivery-evidence.test.ts	3	  - artifacts/rust-tauri/R02/T02/a03-build.log
tests/round2-delivery-evidence.test.ts	3	  - artifacts/rust-tauri/R02/T02/a03-forged-record.json
tests/round2-delivery-evidence.test.ts	3	  - artifacts/rust-tauri/R02/T02/a03-inst1-health.json
tests/round2-delivery-evidence.test.ts	3	  - artifacts/rust-tauri/R02/T02/a03-inst1-stderr.log
tests/round2-delivery-evidence.test.ts	3	  - artifacts/rust-tauri/R02/T02/a03-inst1-stdout.log
tests/round2-delivery-evidence.test.ts	3	  - artifacts/rust-tauri/R02/T02/a03-inst2-marker.txt
tests/round2-delivery-evidence.test.ts	3	  - artifacts/rust-tauri/R02/T02/a03-inst2-stderr.log
tests/round2-delivery-evidence.test.ts	3	  - artifacts/rust-tauri/R02/T02/a03-inst2-stdout.log
tests/round2-delivery-evidence.test.ts	3	  - artifacts/rust-tauri/R02/T02/a03-inst2b-stderr.log
tests/round2-delivery-evidence.test.ts	3	  - artifacts/rust-tauri/R02/T02/a03-inst2b-stdout.log
tests/round2-delivery-evidence.test.ts	3	  - artifacts/rust-tauri/R02/T02/a03-inst3-stderr.log
tests/round2-delivery-evidence.test.ts	3	  - artifacts/rust-tauri/R02/T02/a03-inst3-stdout.log
tests/round2-delivery-evidence.test.ts	3	  - artifacts/rust-tauri/R02/T02/a03-inst4-stderr.log
tests/round2-delivery-evidence.test.ts	3	  - artifacts/rust-tauri/R02/T02/a03-inst4-stdout.log
tests/round2-delivery-evidence.test.ts	3	  - artifacts/rust-tauri/R02/T02/a03-summary.txt
tests/round2-delivery-evidence.test.ts	3	  - artifacts/rust-tauri/R02/T02/a04-build.log
tests/round2-delivery-evidence.test.ts	3	  - artifacts/rust-tauri/R02/T02/a04-cli-stderr.log
tests/round2-delivery-evidence.test.ts	3	  - artifacts/rust-tauri/R02/T02/a04-cli-stdout.log
tests/round2-delivery-evidence.test.ts	3	  - artifacts/rust-tauri/R02/T02/a04-config-file-stderr.log
tests/round2-delivery-evidence.test.ts	3	  - artifacts/rust-tauri/R02/T02/a04-config-file-stdout.log
tests/round2-delivery-evidence.test.ts	3	  - artifacts/rust-tauri/R02/T02/a04-conflict-stderr.log
tests/round2-delivery-evidence.test.ts	3	  - artifacts/rust-tauri/R02/T02/a04-conflict-stdout.log
tests/round2-delivery-evidence.test.ts	3	  - artifacts/rust-tauri/R02/T02/a04-env-stderr.log
tests/round2-delivery-evidence.test.ts	3	  - artifacts/rust-tauri/R02/T02/a04-env-stdout.log
tests/round2-delivery-evidence.test.ts	3	  - artifacts/rust-tauri/R02/T02/a04-neg-bad-config-stderr.log
tests/round2-delivery-evidence.test.ts	3	  - artifacts/rust-tauri/R02/T02/a04-neg-bad-config-stdout.log
tests/round2-delivery-evidence.test.ts	3	  - artifacts/rust-tauri/R02/T02/a04-neg-duplicate-home-stderr.log
tests/round2-delivery-evidence.test.ts	3	  - artifacts/rust-tauri/R02/T02/a04-neg-duplicate-home-stdout.log
tests/round2-delivery-evidence.test.ts	3	  - artifacts/rust-tauri/R02/T02/a04-neg-equals-form-stderr.log
tests/round2-delivery-evidence.test.ts	3	  - artifacts/rust-tauri/R02/T02/a04-neg-equals-form-stdout.log
tests/round2-delivery-evidence.test.ts	3	  - artifacts/rust-tauri/R02/T02/a04-neg-flag-shaped-stderr.log
tests/round2-delivery-evidence.test.ts	3	  - artifacts/rust-tauri/R02/T02/a04-neg-flag-shaped-stdout.log
tests/round2-delivery-evidence.test.ts	3	  - artifacts/rust-tauri/R02/T02/a04-neg-missing-config-stderr.log
tests/round2-delivery-evidence.test.ts	3	  - artifacts/rust-tauri/R02/T02/a04-neg-missing-config-stdout.log
tests/round2-delivery-evidence.test.ts	3	  - artifacts/rust-tauri/R02/T02/a04-neg-no-source-stderr.log
tests/round2-delivery-evidence.test.ts	3	  - artifacts/rust-tauri/R02/T02/a04-neg-no-source-stdout.log
tests/round2-delivery-evidence.test.ts	3	  - artifacts/rust-tauri/R02/T02/a04-neg-relative-home-stderr.log
tests/round2-delivery-evidence.test.ts	3	  - artifacts/rust-tauri/R02/T02/a04-neg-relative-home-stdout.log
tests/round2-delivery-evidence.test.ts	3	  - artifacts/rust-tauri/R02/T02/a04-summary.txt
tests/round2-delivery-evidence.test.ts	3	  - artifacts/rust-tauri/R02/T02/a04-test-mode-stderr.log
tests/round2-delivery-evidence.test.ts	3	  - artifacts/rust-tauri/R02/T02/a04-test-mode-stdout.log
tests/round2-delivery-evidence.test.ts	3	  - artifacts/rust-tauri/R02/T02/audit-seal-test.log
tests/round2-delivery-evidence.test.ts	3	  - artifacts/rust-tauri/R02/T02/cargo-clippy.log
tests/round2-delivery-evidence.test.ts	3	  - artifacts/rust-tauri/R02/T02/cargo-fmt-check.log
tests/round2-delivery-evidence.test.ts	3	  - artifacts/rust-tauri/R02/T02/cargo-test-workspace.log
tests/round2-delivery-evidence.test.ts	3	  - artifacts/rust-tauri/R02/T02/check-ownership-selftest.log
tests/round2-delivery-evidence.test.ts	3	  - artifacts/rust-tauri/R02/T02/f01-0-baseline-green.log
tests/round2-delivery-evidence.test.ts	3	  - artifacts/rust-tauri/R02/T02/f01-1-injected-rejected.log
tests/round2-delivery-evidence.test.ts	3	  - artifacts/rust-tauri/R02/T02/f01-2-restored-green.log
tests/round2-delivery-evidence.test.ts	3	  - artifacts/rust-tauri/R02/T02/f01-negative-env-token.log
tests/round2-delivery-evidence.test.ts	3	  - artifacts/rust-tauri/R02/T02/f01-restored-green.log
tests/round2-delivery-evidence.test.ts	3	  - artifacts/rust-tauri/R02/T02/r01-t02-check-generated.log
tests/round2-delivery-evidence.test.ts	3	  - artifacts/rust-tauri/R02/T03/.last-body
tests/round2-delivery-evidence.test.ts	3	  - artifacts/rust-tauri/R02/T03/audit-seal-test.log
tests/round2-delivery-evidence.test.ts	3	  - artifacts/rust-tauri/R02/T03/body-limit.txt
tests/round2-delivery-evidence.test.ts	3	  - artifacts/rust-tauri/R02/T03/build.log
tests/round2-delivery-evidence.test.ts	3	  - artifacts/rust-tauri/R02/T03/cargo-clippy.log
tests/round2-delivery-evidence.test.ts	3	  - artifacts/rust-tauri/R02/T03/cargo-fmt-check.log
tests/round2-delivery-evidence.test.ts	3	  - artifacts/rust-tauri/R02/T03/cargo-test-workspace.log
tests/round2-delivery-evidence.test.ts	3	  - artifacts/rust-tauri/R02/T03/check-ownership-selftest.log
tests/round2-delivery-evidence.test.ts	3	  - artifacts/rust-tauri/R02/T03/creds-after-authz.json
tests/round2-delivery-evidence.test.ts	3	  - artifacts/rust-tauri/R02/T03/creds-before-authz.json
tests/round2-delivery-evidence.test.ts	3	  - artifacts/rust-tauri/R02/T03/devices-after-authz.json
tests/round2-delivery-evidence.test.ts	3	  - artifacts/rust-tauri/R02/T03/devices-before-authz.json
tests/round2-delivery-evidence.test.ts	3	  - artifacts/rust-tauri/R02/T03/neg-startup.log
tests/round2-delivery-evidence.test.ts	3	  - artifacts/rust-tauri/R02/T03/r01-t02-check-generated.log
tests/round2-delivery-evidence.test.ts	3	  - artifacts/rust-tauri/R02/T03/regression-r02-t01-boundary-negative.log
tests/round2-delivery-evidence.test.ts	3	  - artifacts/rust-tauri/R02/T03/regression-r02-t01-smoke.log
tests/round2-delivery-evidence.test.ts	3	  - artifacts/rust-tauri/R02/T03/regression-r02-t02-dual-instance.log
tests/round2-delivery-evidence.test.ts	3	  - artifacts/rust-tauri/R02/T03/regression-r02-t02-path-priority.log
tests/round2-delivery-evidence.test.ts	3	  - artifacts/rust-tauri/R02/T03/server-stderr-markers.txt
tests/round2-delivery-evidence.test.ts	3	  - artifacts/rust-tauri/R02/T03/server-stderr.log
tests/round2-delivery-evidence.test.ts	3	  - artifacts/rust-tauri/R02/T03/server-stdout.log
tests/round2-delivery-evidence.test.ts	3	  - artifacts/rust-tauri/R02/T03/state-after-authn.txt
tests/round2-delivery-evidence.test.ts	3	  - artifacts/rust-tauri/R02/T03/state-after.txt
tests/round2-delivery-evidence.test.ts	3	  - artifacts/rust-tauri/R02/T03/state-before-authz.txt
tests/round2-delivery-evidence.test.ts	3	  - artifacts/rust-tauri/R02/T03/state-before.txt
tests/round2-delivery-evidence.test.ts	3	  - artifacts/rust-tauri/R02/T03/summary.txt
tests/round2-delivery-evidence.test.ts	3	  - artifacts/rust-tauri/R02/T03/ws-matrix.json
tests/round2-delivery-evidence.test.ts	3	  - artifacts/rust-tauri/R02/T04/build.log
tests/round2-delivery-evidence.test.ts	3	  - artifacts/rust-tauri/R02/T04/gates/audit-seal-baseline.log
tests/round2-delivery-evidence.test.ts	3	  - artifacts/rust-tauri/R02/T04/gates/boundary-selftest.log
tests/round2-delivery-evidence.test.ts	3	  - artifacts/rust-tauri/R02/T04/gates/cargo-test-workspace.log
tests/round2-delivery-evidence.test.ts	3	  - artifacts/rust-tauri/R02/T04/gates/fmt-clippy.log
tests/round2-delivery-evidence.test.ts	3	  - artifacts/rust-tauri/R02/T04/gates/r02_t01_boundary_negative/a02-green-baseline.log
tests/round2-delivery-evidence.test.ts	3	  - artifacts/rust-tauri/R02/T04/gates/r02_t01_boundary_negative/a02-green-na-restored.log
tests/round2-delivery-evidence.test.ts	3	  - artifacts/rust-tauri/R02/T04/gates/r02_t01_boundary_negative/a02-green-nb-restored.log
tests/round2-delivery-evidence.test.ts	3	  - artifacts/rust-tauri/R02/T04/gates/r02_t01_boundary_negative/a02-green-nc-restored.log
tests/round2-delivery-evidence.test.ts	3	  - artifacts/rust-tauri/R02/T04/gates/r02_t01_boundary_negative/a02-na-source-token.log
tests/round2-delivery-evidence.test.ts	3	  - artifacts/rust-tauri/R02/T04/gates/r02_t01_boundary_negative/a02-nb-dep-edge.log
tests/round2-delivery-evidence.test.ts	3	  - artifacts/rust-tauri/R02/T04/gates/r02_t01_boundary_negative/a02-nc-service-inversion.log
tests/round2-delivery-evidence.test.ts	3	  - artifacts/rust-tauri/R02/T04/gates/r02_t01_boundary_negative/a02-residue-check.log
tests/round2-delivery-evidence.test.ts	3	  - artifacts/rust-tauri/R02/T04/gates/r02_t01_boundary_negative/a02-summary.log
tests/round2-delivery-evidence.test.ts	3	  - artifacts/rust-tauri/R02/T04/gates/r02_t01_service_smoke/a01-build.log
tests/round2-delivery-evidence.test.ts	3	  - artifacts/rust-tauri/R02/T04/gates/r02_t01_service_smoke/a01-cargo-metadata.err
tests/round2-delivery-evidence.test.ts	3	  - artifacts/rust-tauri/R02/T04/gates/r02_t01_service_smoke/a01-cargo-metadata.json
tests/round2-delivery-evidence.test.ts	3	  - artifacts/rust-tauri/R02/T04/gates/r02_t01_service_smoke/a01-deptree-evidence.log
tests/round2-delivery-evidence.test.ts	3	  - artifacts/rust-tauri/R02/T04/gates/r02_t01_service_smoke/a01-health-body.json
tests/round2-delivery-evidence.test.ts	3	  - artifacts/rust-tauri/R02/T04/gates/r02_t01_service_smoke/a01-health-check.log
tests/round2-delivery-evidence.test.ts	3	  - artifacts/rust-tauri/R02/T04/gates/r02_t01_service_smoke/a01-service-stderr.log
tests/round2-delivery-evidence.test.ts	3	  - artifacts/rust-tauri/R02/T04/gates/r02_t01_service_smoke/a01-service-stdout.log
tests/round2-delivery-evidence.test.ts	3	  - artifacts/rust-tauri/R02/T04/gates/r02_t01_service_smoke/a01-shutdown.log
tests/round2-delivery-evidence.test.ts	3	  - artifacts/rust-tauri/R02/T04/gates/r02_t02_dual_instance.console.log
tests/round2-delivery-evidence.test.ts	3	  - artifacts/rust-tauri/R02/T04/gates/r02_t02_dual_instance/a03-build.log
tests/round2-delivery-evidence.test.ts	3	  - artifacts/rust-tauri/R02/T04/gates/r02_t02_dual_instance/a03-forged-record.json
tests/round2-delivery-evidence.test.ts	3	  - artifacts/rust-tauri/R02/T04/gates/r02_t02_dual_instance/a03-inst1-health.json
tests/round2-delivery-evidence.test.ts	3	  - artifacts/rust-tauri/R02/T04/gates/r02_t02_dual_instance/a03-inst1-stderr.log
tests/round2-delivery-evidence.test.ts	3	  - artifacts/rust-tauri/R02/T04/gates/r02_t02_dual_instance/a03-inst1-stdout.log
tests/round2-delivery-evidence.test.ts	3	  - artifacts/rust-tauri/R02/T04/gates/r02_t02_dual_instance/a03-inst2-marker.txt
tests/round2-delivery-evidence.test.ts	3	  - artifacts/rust-tauri/R02/T04/gates/r02_t02_dual_instance/a03-inst2-stderr.log
tests/round2-delivery-evidence.test.ts	3	  - artifacts/rust-tauri/R02/T04/gates/r02_t02_dual_instance/a03-inst2-stdout.log
tests/round2-delivery-evidence.test.ts	3	  - artifacts/rust-tauri/R02/T04/gates/r02_t02_dual_instance/a03-inst2b-stderr.log
tests/round2-delivery-evidence.test.ts	3	  - artifacts/rust-tauri/R02/T04/gates/r02_t02_dual_instance/a03-inst2b-stdout.log
tests/round2-delivery-evidence.test.ts	3	  - artifacts/rust-tauri/R02/T04/gates/r02_t02_dual_instance/a03-inst3-stderr.log
tests/round2-delivery-evidence.test.ts	3	  - artifacts/rust-tauri/R02/T04/gates/r02_t02_dual_instance/a03-inst3-stdout.log
tests/round2-delivery-evidence.test.ts	3	  - artifacts/rust-tauri/R02/T04/gates/r02_t02_dual_instance/a03-inst4-stderr.log
tests/round2-delivery-evidence.test.ts	3	  - artifacts/rust-tauri/R02/T04/gates/r02_t02_dual_instance/a03-inst4-stdout.log
tests/round2-delivery-evidence.test.ts	3	  - artifacts/rust-tauri/R02/T04/gates/r02_t02_dual_instance/a03-summary.txt
tests/round2-delivery-evidence.test.ts	3	  - artifacts/rust-tauri/R02/T04/gates/r02_t02_f01_env_token_negative.console.log
tests/round2-delivery-evidence.test.ts	3	  - artifacts/rust-tauri/R02/T04/gates/r02_t02_f01_env_token_negative/f01-0-baseline-green.log
tests/round2-delivery-evidence.test.ts	3	  - artifacts/rust-tauri/R02/T04/gates/r02_t02_f01_env_token_negative/f01-1-injected-rejected.log
tests/round2-delivery-evidence.test.ts	3	  - artifacts/rust-tauri/R02/T04/gates/r02_t02_f01_env_token_negative/f01-2-restored-green.log
tests/round2-delivery-evidence.test.ts	3	  - artifacts/rust-tauri/R02/T04/gates/r02_t02_path_priority.console.log
tests/round2-delivery-evidence.test.ts	3	  - artifacts/rust-tauri/R02/T04/gates/r02_t02_path_priority/a04-build.log
tests/round2-delivery-evidence.test.ts	3	  - artifacts/rust-tauri/R02/T04/gates/r02_t02_path_priority/a04-cli-stderr.log
tests/round2-delivery-evidence.test.ts	3	  - artifacts/rust-tauri/R02/T04/gates/r02_t02_path_priority/a04-cli-stdout.log
tests/round2-delivery-evidence.test.ts	3	  - artifacts/rust-tauri/R02/T04/gates/r02_t02_path_priority/a04-config-file-stderr.log
tests/round2-delivery-evidence.test.ts	3	  - artifacts/rust-tauri/R02/T04/gates/r02_t02_path_priority/a04-config-file-stdout.log
tests/round2-delivery-evidence.test.ts	3	  - artifacts/rust-tauri/R02/T04/gates/r02_t02_path_priority/a04-conflict-stderr.log
tests/round2-delivery-evidence.test.ts	3	  - artifacts/rust-tauri/R02/T04/gates/r02_t02_path_priority/a04-conflict-stdout.log
tests/round2-delivery-evidence.test.ts	3	  - artifacts/rust-tauri/R02/T04/gates/r02_t02_path_priority/a04-env-stderr.log
tests/round2-delivery-evidence.test.ts	3	  - artifacts/rust-tauri/R02/T04/gates/r02_t02_path_priority/a04-env-stdout.log
tests/round2-delivery-evidence.test.ts	3	  - artifacts/rust-tauri/R02/T04/gates/r02_t02_path_priority/a04-neg-bad-config-stderr.log
tests/round2-delivery-evidence.test.ts	3	  - artifacts/rust-tauri/R02/T04/gates/r02_t02_path_priority/a04-neg-bad-config-stdout.log
tests/round2-delivery-evidence.test.ts	3	  - artifacts/rust-tauri/R02/T04/gates/r02_t02_path_priority/a04-neg-duplicate-home-stderr.log
tests/round2-delivery-evidence.test.ts	3	  - artifacts/rust-tauri/R02/T04/gates/r02_t02_path_priority/a04-neg-duplicate-home-stdout.log
tests/round2-delivery-evidence.test.ts	3	  - artifacts/rust-tauri/R02/T04/gates/r02_t02_path_priority/a04-neg-equals-form-stderr.log
tests/round2-delivery-evidence.test.ts	3	  - artifacts/rust-tauri/R02/T04/gates/r02_t02_path_priority/a04-neg-equals-form-stdout.log
tests/round2-delivery-evidence.test.ts	3	  - artifacts/rust-tauri/R02/T04/gates/r02_t02_path_priority/a04-neg-flag-shaped-stderr.log
tests/round2-delivery-evidence.test.ts	3	  - artifacts/rust-tauri/R02/T04/gates/r02_t02_path_priority/a04-neg-flag-shaped-stdout.log
tests/round2-delivery-evidence.test.ts	3	  - artifacts/rust-tauri/R02/T04/gates/r02_t02_path_priority/a04-neg-missing-config-stderr.log
tests/round2-delivery-evidence.test.ts	3	  - artifacts/rust-tauri/R02/T04/gates/r02_t02_path_priority/a04-neg-missing-config-stdout.log
tests/round2-delivery-evidence.test.ts	3	  - artifacts/rust-tauri/R02/T04/gates/r02_t02_path_priority/a04-neg-no-source-stderr.log
tests/round2-delivery-evidence.test.ts	3	  - artifacts/rust-tauri/R02/T04/gates/r02_t02_path_priority/a04-neg-no-source-stdout.log
tests/round2-delivery-evidence.test.ts	3	  - artifacts/rust-tauri/R02/T04/gates/r02_t02_path_priority/a04-neg-relative-home-stderr.log
tests/round2-delivery-evidence.test.ts	3	  - artifacts/rust-tauri/R02/T04/gates/r02_t02_path_priority/a04-neg-relative-home-stdout.log
tests/round2-delivery-evidence.test.ts	3	  - artifacts/rust-tauri/R02/T04/gates/r02_t02_path_priority/a04-summary.txt
tests/round2-delivery-evidence.test.ts	3	  - artifacts/rust-tauri/R02/T04/gates/r02_t02_path_priority/a04-test-mode-stderr.log
tests/round2-delivery-evidence.test.ts	3	  - artifacts/rust-tauri/R02/T04/gates/r02_t02_path_priority/a04-test-mode-stdout.log
tests/round2-delivery-evidence.test.ts	3	  - artifacts/rust-tauri/R02/T04/gates/r02_t03_auth_matrix.console.log
tests/round2-delivery-evidence.test.ts	3	  - artifacts/rust-tauri/R02/T04/gates/r02_t03_auth_matrix/.last-body
tests/round2-delivery-evidence.test.ts	3	  - artifacts/rust-tauri/R02/T04/gates/r02_t03_auth_matrix/body-limit.txt
tests/round2-delivery-evidence.test.ts	3	  - artifacts/rust-tauri/R02/T04/gates/r02_t03_auth_matrix/build.log
tests/round2-delivery-evidence.test.ts	3	  - artifacts/rust-tauri/R02/T04/gates/r02_t03_auth_matrix/creds-after-authz.json
tests/round2-delivery-evidence.test.ts	3	  - artifacts/rust-tauri/R02/T04/gates/r02_t03_auth_matrix/creds-before-authz.json
tests/round2-delivery-evidence.test.ts	3	  - artifacts/rust-tauri/R02/T04/gates/r02_t03_auth_matrix/devices-after-authz.json
tests/round2-delivery-evidence.test.ts	3	  - artifacts/rust-tauri/R02/T04/gates/r02_t03_auth_matrix/devices-before-authz.json
tests/round2-delivery-evidence.test.ts	3	  - artifacts/rust-tauri/R02/T04/gates/r02_t03_auth_matrix/neg-startup.log
tests/round2-delivery-evidence.test.ts	3	  - artifacts/rust-tauri/R02/T04/gates/r02_t03_auth_matrix/server-stderr.log
tests/round2-delivery-evidence.test.ts	3	  - artifacts/rust-tauri/R02/T04/gates/r02_t03_auth_matrix/server-stdout.log
tests/round2-delivery-evidence.test.ts	3	  - artifacts/rust-tauri/R02/T04/gates/r02_t03_auth_matrix/state-after-authn.txt
tests/round2-delivery-evidence.test.ts	3	  - artifacts/rust-tauri/R02/T04/gates/r02_t03_auth_matrix/state-after.txt
tests/round2-delivery-evidence.test.ts	3	  - artifacts/rust-tauri/R02/T04/gates/r02_t03_auth_matrix/state-before-authz.txt
tests/round2-delivery-evidence.test.ts	3	  - artifacts/rust-tauri/R02/T04/gates/r02_t03_auth_matrix/state-before.txt
tests/round2-delivery-evidence.test.ts	3	  - artifacts/rust-tauri/R02/T04/gates/r02_t03_auth_matrix/summary.txt
tests/round2-delivery-evidence.test.ts	3	  - artifacts/rust-tauri/R02/T04/gates/r02_t03_auth_matrix/ws-matrix.json
tests/round2-delivery-evidence.test.ts	3	  - artifacts/rust-tauri/R02/T04/last-db-hashes.txt
tests/round2-delivery-evidence.test.ts	3	  - artifacts/rust-tauri/R02/T04/s1-counts-after-stop.json
tests/round2-delivery-evidence.test.ts	3	  - artifacts/rust-tauri/R02/T04/s2-counts-after-crash.json
tests/round2-delivery-evidence.test.ts	3	  - artifacts/rust-tauri/R02/T04/s2-runs-dump.jsonl
tests/round2-delivery-evidence.test.ts	3	  - artifacts/rust-tauri/R02/T04/s3-fault.err
tests/round2-delivery-evidence.test.ts	3	  - artifacts/rust-tauri/R02/T04/s3-fault.out
tests/round2-delivery-evidence.test.ts	3	  - artifacts/rust-tauri/R02/T04/s4-hashes-after.txt
tests/round2-delivery-evidence.test.ts	3	  - artifacts/rust-tauri/R02/T04/s4-hashes-before.txt
tests/round2-delivery-evidence.test.ts	3	  - artifacts/rust-tauri/R02/T04/s4-migrations-round1.json
tests/round2-delivery-evidence.test.ts	3	  - artifacts/rust-tauri/R02/T04/s4-migrations-round2.json
tests/round2-delivery-evidence.test.ts	3	  - artifacts/rust-tauri/R02/T04/s4-migrations-round3.json
tests/round2-delivery-evidence.test.ts	3	  - artifacts/rust-tauri/R02/T04/service-s1.err
tests/round2-delivery-evidence.test.ts	3	  - artifacts/rust-tauri/R02/T04/service-s1.out
tests/round2-delivery-evidence.test.ts	3	  - artifacts/rust-tauri/R02/T04/service-s1b.err
tests/round2-delivery-evidence.test.ts	3	  - artifacts/rust-tauri/R02/T04/service-s1b.out
tests/round2-delivery-evidence.test.ts	3	  - artifacts/rust-tauri/R02/T04/service-s2.err
tests/round2-delivery-evidence.test.ts	3	  - artifacts/rust-tauri/R02/T04/service-s2.out
tests/round2-delivery-evidence.test.ts	3	  - artifacts/rust-tauri/R02/T04/service-s2b.err
tests/round2-delivery-evidence.test.ts	3	  - artifacts/rust-tauri/R02/T04/service-s2b.out
tests/round2-delivery-evidence.test.ts	3	  - artifacts/rust-tauri/R02/T04/service-s4-1.err
tests/round2-delivery-evidence.test.ts	3	  - artifacts/rust-tauri/R02/T04/service-s4-1.out
tests/round2-delivery-evidence.test.ts	3	  - artifacts/rust-tauri/R02/T04/service-s4-2.err
tests/round2-delivery-evidence.test.ts	3	  - artifacts/rust-tauri/R02/T04/service-s4-2.out
tests/round2-delivery-evidence.test.ts	3	  - artifacts/rust-tauri/R02/T04/service-s4-3.err
tests/round2-delivery-evidence.test.ts	3	  - artifacts/rust-tauri/R02/T04/service-s4-3.out
tests/round2-delivery-evidence.test.ts	3	  - artifacts/rust-tauri/R02/T04/service.addr
tests/round2-delivery-evidence.test.ts	3	  - artifacts/rust-tauri/R02/T04/service.pid
tests/round2-delivery-evidence.test.ts	3	  - artifacts/rust-tauri/R02/T04/summary.txt
tests/round2-delivery-evidence.test.ts	3	  - artifacts/rust-tauri/R02/T05/a09-merged-view.json
tests/round2-delivery-evidence.test.ts	3	  - artifacts/rust-tauri/R02/T05/a10-rebuild-diff.json
tests/round2-delivery-evidence.test.ts	3	  - artifacts/rust-tauri/R02/T05/build.log
tests/round2-delivery-evidence.test.ts	3	  - artifacts/rust-tauri/R02/T05/gates/audit-seal-baseline.log
tests/round2-delivery-evidence.test.ts	3	  - artifacts/rust-tauri/R02/T05/gates/cargo-test-workspace.log
tests/round2-delivery-evidence.test.ts	3	  - artifacts/rust-tauri/R02/T05/gates/clippy.log
tests/round2-delivery-evidence.test.ts	3	  - artifacts/rust-tauri/R02/T05/gates/fmt-check.log
tests/round2-delivery-evidence.test.ts	3	  - artifacts/rust-tauri/R02/T05/gates/generated-contracts-check.log
tests/round2-delivery-evidence.test.ts	3	  - artifacts/rust-tauri/R02/T05/gates/r02_t01_boundary_negative/a02-green-baseline.log
tests/round2-delivery-evidence.test.ts	3	  - artifacts/rust-tauri/R02/T05/gates/r02_t01_boundary_negative/a02-green-na-restored.log
tests/round2-delivery-evidence.test.ts	3	  - artifacts/rust-tauri/R02/T05/gates/r02_t01_boundary_negative/a02-green-nb-restored.log
tests/round2-delivery-evidence.test.ts	3	  - artifacts/rust-tauri/R02/T05/gates/r02_t01_boundary_negative/a02-green-nc-restored.log
tests/round2-delivery-evidence.test.ts	3	  - artifacts/rust-tauri/R02/T05/gates/r02_t01_boundary_negative/a02-na-source-token.log
tests/round2-delivery-evidence.test.ts	3	  - artifacts/rust-tauri/R02/T05/gates/r02_t01_boundary_negative/a02-nb-dep-edge.log
tests/round2-delivery-evidence.test.ts	3	  - artifacts/rust-tauri/R02/T05/gates/r02_t01_boundary_negative/a02-nc-service-inversion.log
tests/round2-delivery-evidence.test.ts	3	  - artifacts/rust-tauri/R02/T05/gates/r02_t01_boundary_negative/a02-residue-check.log
tests/round2-delivery-evidence.test.ts	3	  - artifacts/rust-tauri/R02/T05/gates/r02_t01_boundary_negative/a02-summary.log
tests/round2-delivery-evidence.test.ts	3	  - artifacts/rust-tauri/R02/T05/gates/r02_t01_service_smoke/a01-build.log
tests/round2-delivery-evidence.test.ts	3	  - artifacts/rust-tauri/R02/T05/gates/r02_t01_service_smoke/a01-cargo-metadata.err
tests/round2-delivery-evidence.test.ts	3	  - artifacts/rust-tauri/R02/T05/gates/r02_t01_service_smoke/a01-cargo-metadata.json
tests/round2-delivery-evidence.test.ts	3	  - artifacts/rust-tauri/R02/T05/gates/r02_t01_service_smoke/a01-deptree-evidence.log
tests/round2-delivery-evidence.test.ts	3	  - artifacts/rust-tauri/R02/T05/gates/r02_t01_service_smoke/a01-health-body.json
tests/round2-delivery-evidence.test.ts	3	  - artifacts/rust-tauri/R02/T05/gates/r02_t01_service_smoke/a01-health-check.log
tests/round2-delivery-evidence.test.ts	3	  - artifacts/rust-tauri/R02/T05/gates/r02_t01_service_smoke/a01-service-stderr.log
tests/round2-delivery-evidence.test.ts	3	  - artifacts/rust-tauri/R02/T05/gates/r02_t01_service_smoke/a01-service-stdout.log
tests/round2-delivery-evidence.test.ts	3	  - artifacts/rust-tauri/R02/T05/gates/r02_t01_service_smoke/a01-shutdown.log
tests/round2-delivery-evidence.test.ts	3	  - artifacts/rust-tauri/R02/T05/gates/r02_t02_dual_instance/a03-build.log
tests/round2-delivery-evidence.test.ts	3	  - artifacts/rust-tauri/R02/T05/gates/r02_t02_dual_instance/a03-forged-record.json
tests/round2-delivery-evidence.test.ts	3	  - artifacts/rust-tauri/R02/T05/gates/r02_t02_dual_instance/a03-inst1-health.json
tests/round2-delivery-evidence.test.ts	3	  - artifacts/rust-tauri/R02/T05/gates/r02_t02_dual_instance/a03-inst1-stderr.log
tests/round2-delivery-evidence.test.ts	3	  - artifacts/rust-tauri/R02/T05/gates/r02_t02_dual_instance/a03-inst1-stdout.log
tests/round2-delivery-evidence.test.ts	3	  - artifacts/rust-tauri/R02/T05/gates/r02_t02_dual_instance/a03-inst2-marker.txt
tests/round2-delivery-evidence.test.ts	3	  - artifacts/rust-tauri/R02/T05/gates/r02_t02_dual_instance/a03-inst2-stderr.log
tests/round2-delivery-evidence.test.ts	3	  - artifacts/rust-tauri/R02/T05/gates/r02_t02_dual_instance/a03-inst2-stdout.log
tests/round2-delivery-evidence.test.ts	3	  - artifacts/rust-tauri/R02/T05/gates/r02_t02_dual_instance/a03-inst2b-stderr.log
tests/round2-delivery-evidence.test.ts	3	  - artifacts/rust-tauri/R02/T05/gates/r02_t02_dual_instance/a03-inst2b-stdout.log
tests/round2-delivery-evidence.test.ts	3	  - artifacts/rust-tauri/R02/T05/gates/r02_t02_dual_instance/a03-inst3-stderr.log
tests/round2-delivery-evidence.test.ts	3	  - artifacts/rust-tauri/R02/T05/gates/r02_t02_dual_instance/a03-inst3-stdout.log
tests/round2-delivery-evidence.test.ts	3	  - artifacts/rust-tauri/R02/T05/gates/r02_t02_dual_instance/a03-inst4-stderr.log
tests/round2-delivery-evidence.test.ts	3	  - artifacts/rust-tauri/R02/T05/gates/r02_t02_dual_instance/a03-inst4-stdout.log
tests/round2-delivery-evidence.test.ts	3	  - artifacts/rust-tauri/R02/T05/gates/r02_t02_dual_instance/a03-summary.txt
tests/round2-delivery-evidence.test.ts	3	  - artifacts/rust-tauri/R02/T05/gates/r02_t02_f01_env_token_negative/f01-0-baseline-green.log
tests/round2-delivery-evidence.test.ts	3	  - artifacts/rust-tauri/R02/T05/gates/r02_t02_f01_env_token_negative/f01-1-injected-rejected.log
tests/round2-delivery-evidence.test.ts	3	  - artifacts/rust-tauri/R02/T05/gates/r02_t02_f01_env_token_negative/f01-2-restored-green.log
tests/round2-delivery-evidence.test.ts	3	  - artifacts/rust-tauri/R02/T05/gates/r02_t02_path_priority/a04-build.log
tests/round2-delivery-evidence.test.ts	3	  - artifacts/rust-tauri/R02/T05/gates/r02_t02_path_priority/a04-cli-stderr.log
tests/round2-delivery-evidence.test.ts	3	  - artifacts/rust-tauri/R02/T05/gates/r02_t02_path_priority/a04-cli-stdout.log
tests/round2-delivery-evidence.test.ts	3	  - artifacts/rust-tauri/R02/T05/gates/r02_t02_path_priority/a04-config-file-stderr.log
tests/round2-delivery-evidence.test.ts	3	  - artifacts/rust-tauri/R02/T05/gates/r02_t02_path_priority/a04-config-file-stdout.log
tests/round2-delivery-evidence.test.ts	3	  - artifacts/rust-tauri/R02/T05/gates/r02_t02_path_priority/a04-conflict-stderr.log
tests/round2-delivery-evidence.test.ts	3	  - artifacts/rust-tauri/R02/T05/gates/r02_t02_path_priority/a04-conflict-stdout.log
tests/round2-delivery-evidence.test.ts	3	  - artifacts/rust-tauri/R02/T05/gates/r02_t02_path_priority/a04-env-stderr.log
tests/round2-delivery-evidence.test.ts	3	  - artifacts/rust-tauri/R02/T05/gates/r02_t02_path_priority/a04-env-stdout.log
tests/round2-delivery-evidence.test.ts	3	  - artifacts/rust-tauri/R02/T05/gates/r02_t02_path_priority/a04-neg-bad-config-stderr.log
tests/round2-delivery-evidence.test.ts	3	  - artifacts/rust-tauri/R02/T05/gates/r02_t02_path_priority/a04-neg-bad-config-stdout.log
tests/round2-delivery-evidence.test.ts	3	  - artifacts/rust-tauri/R02/T05/gates/r02_t02_path_priority/a04-neg-duplicate-home-stderr.log
tests/round2-delivery-evidence.test.ts	3	  - artifacts/rust-tauri/R02/T05/gates/r02_t02_path_priority/a04-neg-duplicate-home-stdout.log
tests/round2-delivery-evidence.test.ts	3	  - artifacts/rust-tauri/R02/T05/gates/r02_t02_path_priority/a04-neg-equals-form-stderr.log
tests/round2-delivery-evidence.test.ts	3	  - artifacts/rust-tauri/R02/T05/gates/r02_t02_path_priority/a04-neg-equals-form-stdout.log
tests/round2-delivery-evidence.test.ts	3	  - artifacts/rust-tauri/R02/T05/gates/r02_t02_path_priority/a04-neg-flag-shaped-stderr.log
tests/round2-delivery-evidence.test.ts	3	  - artifacts/rust-tauri/R02/T05/gates/r02_t02_path_priority/a04-neg-flag-shaped-stdout.log
tests/round2-delivery-evidence.test.ts	3	  - artifacts/rust-tauri/R02/T05/gates/r02_t02_path_priority/a04-neg-missing-config-stderr.log
tests/round2-delivery-evidence.test.ts	3	  - artifacts/rust-tauri/R02/T05/gates/r02_t02_path_priority/a04-neg-missing-config-stdout.log
tests/round2-delivery-evidence.test.ts	3	  - artifacts/rust-tauri/R02/T05/gates/r02_t02_path_priority/a04-neg-no-source-stderr.log
tests/round2-delivery-evidence.test.ts	3	  - artifacts/rust-tauri/R02/T05/gates/r02_t02_path_priority/a04-neg-no-source-stdout.log
tests/round2-delivery-evidence.test.ts	3	  - artifacts/rust-tauri/R02/T05/gates/r02_t02_path_priority/a04-neg-relative-home-stderr.log
tests/round2-delivery-evidence.test.ts	3	  - artifacts/rust-tauri/R02/T05/gates/r02_t02_path_priority/a04-neg-relative-home-stdout.log
tests/round2-delivery-evidence.test.ts	3	  - artifacts/rust-tauri/R02/T05/gates/r02_t02_path_priority/a04-summary.txt
tests/round2-delivery-evidence.test.ts	3	  - artifacts/rust-tauri/R02/T05/gates/r02_t02_path_priority/a04-test-mode-stderr.log
tests/round2-delivery-evidence.test.ts	3	  - artifacts/rust-tauri/R02/T05/gates/r02_t02_path_priority/a04-test-mode-stdout.log
tests/round2-delivery-evidence.test.ts	3	  - artifacts/rust-tauri/R02/T05/gates/r02_t03_auth_matrix/.last-body
tests/round2-delivery-evidence.test.ts	3	  - artifacts/rust-tauri/R02/T05/gates/r02_t03_auth_matrix/body-limit.txt
tests/round2-delivery-evidence.test.ts	3	  - artifacts/rust-tauri/R02/T05/gates/r02_t03_auth_matrix/build.log
tests/round2-delivery-evidence.test.ts	3	  - artifacts/rust-tauri/R02/T05/gates/r02_t03_auth_matrix/creds-after-authz.json
tests/round2-delivery-evidence.test.ts	3	  - artifacts/rust-tauri/R02/T05/gates/r02_t03_auth_matrix/creds-before-authz.json
tests/round2-delivery-evidence.test.ts	3	  - artifacts/rust-tauri/R02/T05/gates/r02_t03_auth_matrix/devices-after-authz.json
tests/round2-delivery-evidence.test.ts	3	  - artifacts/rust-tauri/R02/T05/gates/r02_t03_auth_matrix/devices-before-authz.json
tests/round2-delivery-evidence.test.ts	3	  - artifacts/rust-tauri/R02/T05/gates/r02_t03_auth_matrix/neg-startup.log
tests/round2-delivery-evidence.test.ts	3	  - artifacts/rust-tauri/R02/T05/gates/r02_t03_auth_matrix/server-stderr.log
tests/round2-delivery-evidence.test.ts	3	  - artifacts/rust-tauri/R02/T05/gates/r02_t03_auth_matrix/server-stdout.log
tests/round2-delivery-evidence.test.ts	3	  - artifacts/rust-tauri/R02/T05/gates/r02_t03_auth_matrix/state-after-authn.txt
tests/round2-delivery-evidence.test.ts	3	  - artifacts/rust-tauri/R02/T05/gates/r02_t03_auth_matrix/state-after.txt
tests/round2-delivery-evidence.test.ts	3	  - artifacts/rust-tauri/R02/T05/gates/r02_t03_auth_matrix/state-before-authz.txt
tests/round2-delivery-evidence.test.ts	3	  - artifacts/rust-tauri/R02/T05/gates/r02_t03_auth_matrix/state-before.txt
tests/round2-delivery-evidence.test.ts	3	  - artifacts/rust-tauri/R02/T05/gates/r02_t03_auth_matrix/summary.txt
tests/round2-delivery-evidence.test.ts	3	  - artifacts/rust-tauri/R02/T05/gates/r02_t03_auth_matrix/ws-matrix.json
tests/round2-delivery-evidence.test.ts	3	  - artifacts/rust-tauri/R02/T05/gates/r02_t04_storage_tx/build.log
tests/round2-delivery-evidence.test.ts	3	  - artifacts/rust-tauri/R02/T05/gates/r02_t04_storage_tx/last-db-hashes.txt
tests/round2-delivery-evidence.test.ts	3	  - artifacts/rust-tauri/R02/T05/gates/r02_t04_storage_tx/s1-counts-after-stop.json
tests/round2-delivery-evidence.test.ts	3	  - artifacts/rust-tauri/R02/T05/gates/r02_t04_storage_tx/s2-counts-after-crash.json
tests/round2-delivery-evidence.test.ts	3	  - artifacts/rust-tauri/R02/T05/gates/r02_t04_storage_tx/s2-runs-dump.jsonl
tests/round2-delivery-evidence.test.ts	3	  - artifacts/rust-tauri/R02/T05/gates/r02_t04_storage_tx/s3-fault.err
tests/round2-delivery-evidence.test.ts	3	  - artifacts/rust-tauri/R02/T05/gates/r02_t04_storage_tx/s3-fault.out
tests/round2-delivery-evidence.test.ts	3	  - artifacts/rust-tauri/R02/T05/gates/r02_t04_storage_tx/s4-hashes-after.txt
tests/round2-delivery-evidence.test.ts	3	  - artifacts/rust-tauri/R02/T05/gates/r02_t04_storage_tx/s4-hashes-before.txt
tests/round2-delivery-evidence.test.ts	3	  - artifacts/rust-tauri/R02/T05/gates/r02_t04_storage_tx/s4-migrations-round1.json
tests/round2-delivery-evidence.test.ts	3	  - artifacts/rust-tauri/R02/T05/gates/r02_t04_storage_tx/s4-migrations-round2.json
tests/round2-delivery-evidence.test.ts	3	  - artifacts/rust-tauri/R02/T05/gates/r02_t04_storage_tx/s4-migrations-round3.json
tests/round2-delivery-evidence.test.ts	3	  - artifacts/rust-tauri/R02/T05/gates/r02_t04_storage_tx/service-s1.err
tests/round2-delivery-evidence.test.ts	3	  - artifacts/rust-tauri/R02/T05/gates/r02_t04_storage_tx/service-s1.out
tests/round2-delivery-evidence.test.ts	3	  - artifacts/rust-tauri/R02/T05/gates/r02_t04_storage_tx/service-s1b.err
tests/round2-delivery-evidence.test.ts	3	  - artifacts/rust-tauri/R02/T05/gates/r02_t04_storage_tx/service-s1b.out
tests/round2-delivery-evidence.test.ts	3	  - artifacts/rust-tauri/R02/T05/gates/r02_t04_storage_tx/service-s2.err
tests/round2-delivery-evidence.test.ts	3	  - artifacts/rust-tauri/R02/T05/gates/r02_t04_storage_tx/service-s2.out
tests/round2-delivery-evidence.test.ts	3	  - artifacts/rust-tauri/R02/T05/gates/r02_t04_storage_tx/service-s2b.err
tests/round2-delivery-evidence.test.ts	3	  - artifacts/rust-tauri/R02/T05/gates/r02_t04_storage_tx/service-s2b.out
tests/round2-delivery-evidence.test.ts	3	  - artifacts/rust-tauri/R02/T05/gates/r02_t04_storage_tx/service-s4-1.err
tests/round2-delivery-evidence.test.ts	3	  - artifacts/rust-tauri/R02/T05/gates/r02_t04_storage_tx/service-s4-1.out
tests/round2-delivery-evidence.test.ts	3	  - artifacts/rust-tauri/R02/T05/gates/r02_t04_storage_tx/service-s4-2.err
tests/round2-delivery-evidence.test.ts	3	  - artifacts/rust-tauri/R02/T05/gates/r02_t04_storage_tx/service-s4-2.out
tests/round2-delivery-evidence.test.ts	3	  - artifacts/rust-tauri/R02/T05/gates/r02_t04_storage_tx/service-s4-3.err
tests/round2-delivery-evidence.test.ts	3	  - artifacts/rust-tauri/R02/T05/gates/r02_t04_storage_tx/service-s4-3.out
tests/round2-delivery-evidence.test.ts	3	  - artifacts/rust-tauri/R02/T05/gates/r02_t04_storage_tx/service.addr
tests/round2-delivery-evidence.test.ts	3	  - artifacts/rust-tauri/R02/T05/gates/r02_t04_storage_tx/service.pid
tests/round2-delivery-evidence.test.ts	3	  - artifacts/rust-tauri/R02/T05/gates/r02_t04_storage_tx/summary.txt
tests/round2-delivery-evidence.test.ts	3	  - artifacts/rust-tauri/R02/T05/key-events-dump.json
tests/round2-delivery-evidence.test.ts	3	  - artifacts/rust-tauri/R02/T05/matrix-run.log
tests/round2-delivery-evidence.test.ts	3	  - artifacts/rust-tauri/R02/T05/matrix.json
tests/round2-delivery-evidence.test.ts	3	  - artifacts/rust-tauri/R02/T05/probe-matrix.jsonl
tests/round2-delivery-evidence.test.ts	3	  - artifacts/rust-tauri/R02/T05/probe-stderr.log
tests/round2-delivery-evidence.test.ts	3	  - artifacts/rust-tauri/R02/T05/repair-r1/REPAIR-NOTES.md
tests/round2-delivery-evidence.test.ts	3	  - artifacts/rust-tauri/R02/T05/repair-r1/gates/audit-seal-baseline.log
tests/round2-delivery-evidence.test.ts	3	  - artifacts/rust-tauri/R02/T05/repair-r1/gates/cargo-test-workspace.log
tests/round2-delivery-evidence.test.ts	3	  - artifacts/rust-tauri/R02/T05/repair-r1/gates/clippy.log
tests/round2-delivery-evidence.test.ts	3	  - artifacts/rust-tauri/R02/T05/repair-r1/gates/contracts.log
tests/round2-delivery-evidence.test.ts	3	  - artifacts/rust-tauri/R02/T05/repair-r1/gates/fmt-check.log
tests/round2-delivery-evidence.test.ts	3	  - artifacts/rust-tauri/R02/T05/repair-r1/gates/prefix-failure-evidence.log
tests/round2-delivery-evidence.test.ts	3	  - artifacts/rust-tauri/R02/T05/repair-r1/gates/reg-r02_t01_boundary_negative.log
tests/round2-delivery-evidence.test.ts	3	  - artifacts/rust-tauri/R02/T05/repair-r1/gates/reg-r02_t01_service_smoke.log
tests/round2-delivery-evidence.test.ts	3	  - artifacts/rust-tauri/R02/T05/repair-r1/gates/reg-r02_t02_dual_instance.log
tests/round2-delivery-evidence.test.ts	3	  - artifacts/rust-tauri/R02/T05/repair-r1/gates/reg-r02_t02_f01_env_token_negative.log
tests/round2-delivery-evidence.test.ts	3	  - artifacts/rust-tauri/R02/T05/repair-r1/gates/reg-r02_t02_path_priority.log
tests/round2-delivery-evidence.test.ts	3	  - artifacts/rust-tauri/R02/T05/repair-r1/gates/reg-r02_t03_auth_matrix.log
tests/round2-delivery-evidence.test.ts	3	  - artifacts/rust-tauri/R02/T05/repair-r1/gates/reg-r02_t04_storage_tx.log
tests/round2-delivery-evidence.test.ts	3	  - artifacts/rust-tauri/R02/T05/repair-r1/gates/reviewer-probes-postfix.log
tests/round2-delivery-evidence.test.ts	3	  - artifacts/rust-tauri/R02/T05/repair-r1/matrix-r1.log
tests/round2-delivery-evidence.test.ts	3	  - artifacts/rust-tauri/R02/T05/repair-r1/matrix-r1/a09-merged-view.json
tests/round2-delivery-evidence.test.ts	3	  - artifacts/rust-tauri/R02/T05/repair-r1/matrix-r1/a10-rebuild-diff.json
tests/round2-delivery-evidence.test.ts	3	  - artifacts/rust-tauri/R02/T05/repair-r1/matrix-r1/build.log
tests/round2-delivery-evidence.test.ts	3	  - artifacts/rust-tauri/R02/T05/repair-r1/matrix-r1/key-events-dump.json
tests/round2-delivery-evidence.test.ts	3	  - artifacts/rust-tauri/R02/T05/repair-r1/matrix-r1/matrix.json
tests/round2-delivery-evidence.test.ts	3	  - artifacts/rust-tauri/R02/T05/repair-r1/matrix-r1/probe-matrix.jsonl
tests/round2-delivery-evidence.test.ts	3	  - artifacts/rust-tauri/R02/T05/repair-r1/matrix-r1/probe-stderr.log
tests/round2-delivery-evidence.test.ts	3	  - artifacts/rust-tauri/R02/T05/repair-r1/matrix-r1/service.err
tests/round2-delivery-evidence.test.ts	3	  - artifacts/rust-tauri/R02/T05/repair-r1/matrix-r1/service.out
tests/round2-delivery-evidence.test.ts	3	  - artifacts/rust-tauri/R02/T05/repair-r1/matrix-r1/summary.txt
tests/round2-delivery-evidence.test.ts	3	  - artifacts/rust-tauri/R02/T05/repair-r1/matrix-r2.log
tests/round2-delivery-evidence.test.ts	3	  - artifacts/rust-tauri/R02/T05/repair-r1/matrix-r2/a09-merged-view.json
tests/round2-delivery-evidence.test.ts	3	  - artifacts/rust-tauri/R02/T05/repair-r1/matrix-r2/a10-rebuild-diff.json
tests/round2-delivery-evidence.test.ts	3	  - artifacts/rust-tauri/R02/T05/repair-r1/matrix-r2/build.log
tests/round2-delivery-evidence.test.ts	3	  - artifacts/rust-tauri/R02/T05/repair-r1/matrix-r2/key-events-dump.json
tests/round2-delivery-evidence.test.ts	3	  - artifacts/rust-tauri/R02/T05/repair-r1/matrix-r2/matrix.json
tests/round2-delivery-evidence.test.ts	3	  - artifacts/rust-tauri/R02/T05/repair-r1/matrix-r2/probe-matrix.jsonl
tests/round2-delivery-evidence.test.ts	3	  - artifacts/rust-tauri/R02/T05/repair-r1/matrix-r2/probe-stderr.log
tests/round2-delivery-evidence.test.ts	3	  - artifacts/rust-tauri/R02/T05/repair-r1/matrix-r2/service.err
tests/round2-delivery-evidence.test.ts	3	  - artifacts/rust-tauri/R02/T05/repair-r1/matrix-r2/service.out
tests/round2-delivery-evidence.test.ts	3	  - artifacts/rust-tauri/R02/T05/repair-r1/matrix-r2/summary.txt
tests/round2-delivery-evidence.test.ts	3	  - artifacts/rust-tauri/R02/T05/repair-r1/matrix-r3.log
tests/round2-delivery-evidence.test.ts	3	  - artifacts/rust-tauri/R02/T05/repair-r1/matrix-r3/a09-merged-view.json
tests/round2-delivery-evidence.test.ts	3	  - artifacts/rust-tauri/R02/T05/repair-r1/matrix-r3/a10-rebuild-diff.json
tests/round2-delivery-evidence.test.ts	3	  - artifacts/rust-tauri/R02/T05/repair-r1/matrix-r3/build.log
tests/round2-delivery-evidence.test.ts	3	  - artifacts/rust-tauri/R02/T05/repair-r1/matrix-r3/key-events-dump.json
tests/round2-delivery-evidence.test.ts	3	  - artifacts/rust-tauri/R02/T05/repair-r1/matrix-r3/matrix.json
tests/round2-delivery-evidence.test.ts	3	  - artifacts/rust-tauri/R02/T05/repair-r1/matrix-r3/probe-matrix.jsonl
tests/round2-delivery-evidence.test.ts	3	  - artifacts/rust-tauri/R02/T05/repair-r1/matrix-r3/probe-stderr.log
tests/round2-delivery-evidence.test.ts	3	  - artifacts/rust-tauri/R02/T05/repair-r1/matrix-r3/service.err
tests/round2-delivery-evidence.test.ts	3	  - artifacts/rust-tauri/R02/T05/repair-r1/matrix-r3/service.out
tests/round2-delivery-evidence.test.ts	3	  - artifacts/rust-tauri/R02/T05/repair-r1/matrix-r3/summary.txt
tests/round2-delivery-evidence.test.ts	3	  - artifacts/rust-tauri/R02/T05/service.err
tests/round2-delivery-evidence.test.ts	3	  - artifacts/rust-tauri/R02/T05/service.out
tests/round2-delivery-evidence.test.ts	3	  - artifacts/rust-tauri/R02/T05/summary.txt
tests/round2-delivery-evidence.test.ts	3	  - artifacts/rust-tauri/R02/T06/backup-restore/build.log
tests/round2-delivery-evidence.test.ts	3	  - artifacts/rust-tauri/R02/T06/backup-restore/s1-backup-dir-listing.txt
tests/round2-delivery-evidence.test.ts	3	  - artifacts/rust-tauri/R02/T06/backup-restore/s1-backup-outcome.json
tests/round2-delivery-evidence.test.ts	3	  - artifacts/rust-tauri/R02/T06/backup-restore/s1-backup.err
tests/round2-delivery-evidence.test.ts	3	  - artifacts/rust-tauri/R02/T06/backup-restore/s1-restore-outcome.json
tests/round2-delivery-evidence.test.ts	3	  - artifacts/rust-tauri/R02/T06/backup-restore/s1-restore.err
tests/round2-delivery-evidence.test.ts	3	  - artifacts/rust-tauri/R02/T06/backup-restore/s1-restored-dump.jsonl
tests/round2-delivery-evidence.test.ts	3	  - artifacts/rust-tauri/R02/T06/backup-restore/s1-restored-hash.txt
tests/round2-delivery-evidence.test.ts	3	  - artifacts/rust-tauri/R02/T06/backup-restore/s1-source-dump.jsonl
tests/round2-delivery-evidence.test.ts	3	  - artifacts/rust-tauri/R02/T06/backup-restore/s1-source-hash.txt
tests/round2-delivery-evidence.test.ts	3	  - artifacts/rust-tauri/R02/T06/backup-restore/s1-wal-size.txt
tests/round2-delivery-evidence.test.ts	3	  - artifacts/rust-tauri/R02/T06/backup-restore/s3-backup-out.json
tests/round2-delivery-evidence.test.ts	3	  - artifacts/rust-tauri/R02/T06/backup-restore/s3-backup.err
tests/round2-delivery-evidence.test.ts	3	  - artifacts/rust-tauri/R02/T06/backup-restore/s4-ws-probe.json
tests/round2-delivery-evidence.test.ts	3	  - artifacts/rust-tauri/R02/T06/backup-restore/s4-ws-probe.json.probe-done
tests/round2-delivery-evidence.test.ts	3	  - artifacts/rust-tauri/R02/T06/backup-restore/service-s1.addr
tests/round2-delivery-evidence.test.ts	3	  - artifacts/rust-tauri/R02/T06/backup-restore/service-s1.err
tests/round2-delivery-evidence.test.ts	3	  - artifacts/rust-tauri/R02/T06/backup-restore/service-s1.out
tests/round2-delivery-evidence.test.ts	3	  - artifacts/rust-tauri/R02/T06/backup-restore/service-s2.addr
tests/round2-delivery-evidence.test.ts	3	  - artifacts/rust-tauri/R02/T06/backup-restore/service-s2.err
tests/round2-delivery-evidence.test.ts	3	  - artifacts/rust-tauri/R02/T06/backup-restore/service-s2.out
tests/round2-delivery-evidence.test.ts	3	  - artifacts/rust-tauri/R02/T06/backup-restore/service-s4.addr
tests/round2-delivery-evidence.test.ts	3	  - artifacts/rust-tauri/R02/T06/backup-restore/service-s4.err
tests/round2-delivery-evidence.test.ts	3	  - artifacts/rust-tauri/R02/T06/backup-restore/service-s4.out
tests/round2-delivery-evidence.test.ts	3	  - artifacts/rust-tauri/R02/T06/backup-restore/service.pid
tests/round2-delivery-evidence.test.ts	3	  - artifacts/rust-tauri/R02/T06/backup-restore/summary.txt
tests/round2-delivery-evidence.test.ts	3	  - artifacts/rust-tauri/R02/T06/gates/audit-seal-baseline.log
tests/round2-delivery-evidence.test.ts	3	  - artifacts/rust-tauri/R02/T06/gates/cargo-test-workspace.log
tests/round2-delivery-evidence.test.ts	3	  - artifacts/rust-tauri/R02/T06/gates/clippy.log
tests/round2-delivery-evidence.test.ts	3	  - artifacts/rust-tauri/R02/T06/gates/fmt-check.log
tests/round2-delivery-evidence.test.ts	3	  - artifacts/rust-tauri/R02/T06/gates/generated-contracts-check.log
tests/round2-delivery-evidence.test.ts	3	  - artifacts/rust-tauri/R02/T06/gates/ownership-check.log
tests/round2-delivery-evidence.test.ts	3	  - artifacts/rust-tauri/R02/T06/gates/reg-r02_t01_boundary_negative.log
tests/round2-delivery-evidence.test.ts	3	  - artifacts/rust-tauri/R02/T06/gates/reg-r02_t01_service_smoke.log
tests/round2-delivery-evidence.test.ts	3	  - artifacts/rust-tauri/R02/T06/gates/reg-r02_t02_dual_instance.log
tests/round2-delivery-evidence.test.ts	3	  - artifacts/rust-tauri/R02/T06/gates/reg-r02_t02_f01_env_token_negative.log
tests/round2-delivery-evidence.test.ts	3	  - artifacts/rust-tauri/R02/T06/gates/reg-r02_t02_path_priority.log
tests/round2-delivery-evidence.test.ts	3	  - artifacts/rust-tauri/R02/T06/gates/reg-r02_t03_auth_matrix.log
tests/round2-delivery-evidence.test.ts	3	  - artifacts/rust-tauri/R02/T06/gates/reg-r02_t04_storage_tx.log
tests/round2-delivery-evidence.test.ts	3	  - artifacts/rust-tauri/R02/T06/gates/reg-r02_t05_events_matrix.log
tests/round2-delivery-evidence.test.ts	3	  - artifacts/rust-tauri/R02/T06/gates/reg-t01-boundary/a02-green-baseline.log
tests/round2-delivery-evidence.test.ts	3	  - artifacts/rust-tauri/R02/T06/gates/reg-t01-boundary/a02-green-na-restored.log
tests/round2-delivery-evidence.test.ts	3	  - artifacts/rust-tauri/R02/T06/gates/reg-t01-boundary/a02-green-nb-restored.log
tests/round2-delivery-evidence.test.ts	3	  - artifacts/rust-tauri/R02/T06/gates/reg-t01-boundary/a02-green-nc-restored.log
tests/round2-delivery-evidence.test.ts	3	  - artifacts/rust-tauri/R02/T06/gates/reg-t01-boundary/a02-na-source-token.log
tests/round2-delivery-evidence.test.ts	3	  - artifacts/rust-tauri/R02/T06/gates/reg-t01-boundary/a02-nb-dep-edge.log
tests/round2-delivery-evidence.test.ts	3	  - artifacts/rust-tauri/R02/T06/gates/reg-t01-boundary/a02-nc-service-inversion.log
tests/round2-delivery-evidence.test.ts	3	  - artifacts/rust-tauri/R02/T06/gates/reg-t01-boundary/a02-residue-check.log
tests/round2-delivery-evidence.test.ts	3	  - artifacts/rust-tauri/R02/T06/gates/reg-t01-boundary/a02-summary.log
tests/round2-delivery-evidence.test.ts	3	  - artifacts/rust-tauri/R02/T06/gates/reg-t01-smoke/a01-build.log
tests/round2-delivery-evidence.test.ts	3	  - artifacts/rust-tauri/R02/T06/gates/reg-t01-smoke/a01-cargo-metadata.err
tests/round2-delivery-evidence.test.ts	3	  - artifacts/rust-tauri/R02/T06/gates/reg-t01-smoke/a01-cargo-metadata.json
tests/round2-delivery-evidence.test.ts	3	  - artifacts/rust-tauri/R02/T06/gates/reg-t01-smoke/a01-deptree-evidence.log
tests/round2-delivery-evidence.test.ts	3	  - artifacts/rust-tauri/R02/T06/gates/reg-t01-smoke/a01-health-body.json
tests/round2-delivery-evidence.test.ts	3	  - artifacts/rust-tauri/R02/T06/gates/reg-t01-smoke/a01-health-check.log
tests/round2-delivery-evidence.test.ts	3	  - artifacts/rust-tauri/R02/T06/gates/reg-t01-smoke/a01-service-stderr.log
tests/round2-delivery-evidence.test.ts	3	  - artifacts/rust-tauri/R02/T06/gates/reg-t01-smoke/a01-service-stdout.log
tests/round2-delivery-evidence.test.ts	3	  - artifacts/rust-tauri/R02/T06/gates/reg-t01-smoke/a01-shutdown.log
tests/round2-delivery-evidence.test.ts	3	  - artifacts/rust-tauri/R02/T06/gates/reg-t02-dual/a03-build.log
tests/round2-delivery-evidence.test.ts	3	  - artifacts/rust-tauri/R02/T06/gates/reg-t02-dual/a03-forged-record.json
tests/round2-delivery-evidence.test.ts	3	  - artifacts/rust-tauri/R02/T06/gates/reg-t02-dual/a03-inst1-health.json
tests/round2-delivery-evidence.test.ts	3	  - artifacts/rust-tauri/R02/T06/gates/reg-t02-dual/a03-inst1-stderr.log
tests/round2-delivery-evidence.test.ts	3	  - artifacts/rust-tauri/R02/T06/gates/reg-t02-dual/a03-inst1-stdout.log
tests/round2-delivery-evidence.test.ts	3	  - artifacts/rust-tauri/R02/T06/gates/reg-t02-dual/a03-inst2-marker.txt
tests/round2-delivery-evidence.test.ts	3	  - artifacts/rust-tauri/R02/T06/gates/reg-t02-dual/a03-inst2-stderr.log
tests/round2-delivery-evidence.test.ts	3	  - artifacts/rust-tauri/R02/T06/gates/reg-t02-dual/a03-inst2-stdout.log
tests/round2-delivery-evidence.test.ts	3	  - artifacts/rust-tauri/R02/T06/gates/reg-t02-dual/a03-inst2b-stderr.log
tests/round2-delivery-evidence.test.ts	3	  - artifacts/rust-tauri/R02/T06/gates/reg-t02-dual/a03-inst2b-stdout.log
tests/round2-delivery-evidence.test.ts	3	  - artifacts/rust-tauri/R02/T06/gates/reg-t02-dual/a03-inst3-stderr.log
tests/round2-delivery-evidence.test.ts	3	  - artifacts/rust-tauri/R02/T06/gates/reg-t02-dual/a03-inst3-stdout.log
tests/round2-delivery-evidence.test.ts	3	  - artifacts/rust-tauri/R02/T06/gates/reg-t02-dual/a03-inst4-stderr.log
tests/round2-delivery-evidence.test.ts	3	  - artifacts/rust-tauri/R02/T06/gates/reg-t02-dual/a03-inst4-stdout.log
tests/round2-delivery-evidence.test.ts	3	  - artifacts/rust-tauri/R02/T06/gates/reg-t02-dual/a03-summary.txt
tests/round2-delivery-evidence.test.ts	3	  - artifacts/rust-tauri/R02/T06/gates/reg-t02-f01/f01-0-baseline-green.log
tests/round2-delivery-evidence.test.ts	3	  - artifacts/rust-tauri/R02/T06/gates/reg-t02-f01/f01-1-injected-rejected.log
tests/round2-delivery-evidence.test.ts	3	  - artifacts/rust-tauri/R02/T06/gates/reg-t02-f01/f01-2-restored-green.log
tests/round2-delivery-evidence.test.ts	3	  - artifacts/rust-tauri/R02/T06/gates/reg-t02-path/a04-build.log
tests/round2-delivery-evidence.test.ts	3	  - artifacts/rust-tauri/R02/T06/gates/reg-t02-path/a04-cli-stderr.log
tests/round2-delivery-evidence.test.ts	3	  - artifacts/rust-tauri/R02/T06/gates/reg-t02-path/a04-cli-stdout.log
tests/round2-delivery-evidence.test.ts	3	  - artifacts/rust-tauri/R02/T06/gates/reg-t02-path/a04-config-file-stderr.log
tests/round2-delivery-evidence.test.ts	3	  - artifacts/rust-tauri/R02/T06/gates/reg-t02-path/a04-config-file-stdout.log
tests/round2-delivery-evidence.test.ts	3	  - artifacts/rust-tauri/R02/T06/gates/reg-t02-path/a04-conflict-stderr.log
tests/round2-delivery-evidence.test.ts	3	  - artifacts/rust-tauri/R02/T06/gates/reg-t02-path/a04-conflict-stdout.log
tests/round2-delivery-evidence.test.ts	3	  - artifacts/rust-tauri/R02/T06/gates/reg-t02-path/a04-env-stderr.log
tests/round2-delivery-evidence.test.ts	3	  - artifacts/rust-tauri/R02/T06/gates/reg-t02-path/a04-env-stdout.log
tests/round2-delivery-evidence.test.ts	3	  - artifacts/rust-tauri/R02/T06/gates/reg-t02-path/a04-neg-bad-config-stderr.log
tests/round2-delivery-evidence.test.ts	3	  - artifacts/rust-tauri/R02/T06/gates/reg-t02-path/a04-neg-bad-config-stdout.log
tests/round2-delivery-evidence.test.ts	3	  - artifacts/rust-tauri/R02/T06/gates/reg-t02-path/a04-neg-duplicate-home-stderr.log
tests/round2-delivery-evidence.test.ts	3	  - artifacts/rust-tauri/R02/T06/gates/reg-t02-path/a04-neg-duplicate-home-stdout.log
tests/round2-delivery-evidence.test.ts	3	  - artifacts/rust-tauri/R02/T06/gates/reg-t02-path/a04-neg-equals-form-stderr.log
tests/round2-delivery-evidence.test.ts	3	  - artifacts/rust-tauri/R02/T06/gates/reg-t02-path/a04-neg-equals-form-stdout.log
tests/round2-delivery-evidence.test.ts	3	  - artifacts/rust-tauri/R02/T06/gates/reg-t02-path/a04-neg-flag-shaped-stderr.log
tests/round2-delivery-evidence.test.ts	3	  - artifacts/rust-tauri/R02/T06/gates/reg-t02-path/a04-neg-flag-shaped-stdout.log
tests/round2-delivery-evidence.test.ts	3	  - artifacts/rust-tauri/R02/T06/gates/reg-t02-path/a04-neg-missing-config-stderr.log
tests/round2-delivery-evidence.test.ts	3	  - artifacts/rust-tauri/R02/T06/gates/reg-t02-path/a04-neg-missing-config-stdout.log
tests/round2-delivery-evidence.test.ts	3	  - artifacts/rust-tauri/R02/T06/gates/reg-t02-path/a04-neg-no-source-stderr.log
tests/round2-delivery-evidence.test.ts	3	  - artifacts/rust-tauri/R02/T06/gates/reg-t02-path/a04-neg-no-source-stdout.log
tests/round2-delivery-evidence.test.ts	3	  - artifacts/rust-tauri/R02/T06/gates/reg-t02-path/a04-neg-relative-home-stderr.log
tests/round2-delivery-evidence.test.ts	3	  - artifacts/rust-tauri/R02/T06/gates/reg-t02-path/a04-neg-relative-home-stdout.log
tests/round2-delivery-evidence.test.ts	3	  - artifacts/rust-tauri/R02/T06/gates/reg-t02-path/a04-summary.txt
tests/round2-delivery-evidence.test.ts	3	  - artifacts/rust-tauri/R02/T06/gates/reg-t02-path/a04-test-mode-stderr.log
tests/round2-delivery-evidence.test.ts	3	  - artifacts/rust-tauri/R02/T06/gates/reg-t02-path/a04-test-mode-stdout.log
tests/round2-delivery-evidence.test.ts	3	  - artifacts/rust-tauri/R02/T06/gates/reg-t03-auth/.last-body
tests/round2-delivery-evidence.test.ts	3	  - artifacts/rust-tauri/R02/T06/gates/reg-t03-auth/body-limit.txt
tests/round2-delivery-evidence.test.ts	3	  - artifacts/rust-tauri/R02/T06/gates/reg-t03-auth/build.log
tests/round2-delivery-evidence.test.ts	3	  - artifacts/rust-tauri/R02/T06/gates/reg-t03-auth/creds-after-authz.json
tests/round2-delivery-evidence.test.ts	3	  - artifacts/rust-tauri/R02/T06/gates/reg-t03-auth/creds-before-authz.json
tests/round2-delivery-evidence.test.ts	3	  - artifacts/rust-tauri/R02/T06/gates/reg-t03-auth/devices-after-authz.json
tests/round2-delivery-evidence.test.ts	3	  - artifacts/rust-tauri/R02/T06/gates/reg-t03-auth/devices-before-authz.json
tests/round2-delivery-evidence.test.ts	3	  - artifacts/rust-tauri/R02/T06/gates/reg-t03-auth/neg-startup.log
tests/round2-delivery-evidence.test.ts	3	  - artifacts/rust-tauri/R02/T06/gates/reg-t03-auth/server-stderr.log
tests/round2-delivery-evidence.test.ts	3	  - artifacts/rust-tauri/R02/T06/gates/reg-t03-auth/server-stdout.log
tests/round2-delivery-evidence.test.ts	3	  - artifacts/rust-tauri/R02/T06/gates/reg-t03-auth/state-after-authn.txt
tests/round2-delivery-evidence.test.ts	3	  - artifacts/rust-tauri/R02/T06/gates/reg-t03-auth/state-after.txt
tests/round2-delivery-evidence.test.ts	3	  - artifacts/rust-tauri/R02/T06/gates/reg-t03-auth/state-before-authz.txt
tests/round2-delivery-evidence.test.ts	3	  - artifacts/rust-tauri/R02/T06/gates/reg-t03-auth/state-before.txt
tests/round2-delivery-evidence.test.ts	3	  - artifacts/rust-tauri/R02/T06/gates/reg-t03-auth/summary.txt
tests/round2-delivery-evidence.test.ts	3	  - artifacts/rust-tauri/R02/T06/gates/reg-t03-auth/ws-matrix.json
tests/round2-delivery-evidence.test.ts	3	  - artifacts/rust-tauri/R02/T06/gates/reg-t04-storage/build.log
tests/round2-delivery-evidence.test.ts	3	  - artifacts/rust-tauri/R02/T06/gates/reg-t04-storage/last-db-hashes.txt
tests/round2-delivery-evidence.test.ts	3	  - artifacts/rust-tauri/R02/T06/gates/reg-t04-storage/s1-counts-after-stop.json
tests/round2-delivery-evidence.test.ts	3	  - artifacts/rust-tauri/R02/T06/gates/reg-t04-storage/s2-counts-after-crash.json
tests/round2-delivery-evidence.test.ts	3	  - artifacts/rust-tauri/R02/T06/gates/reg-t04-storage/s2-runs-dump.jsonl
tests/round2-delivery-evidence.test.ts	3	  - artifacts/rust-tauri/R02/T06/gates/reg-t04-storage/s3-fault.err
tests/round2-delivery-evidence.test.ts	3	  - artifacts/rust-tauri/R02/T06/gates/reg-t04-storage/s3-fault.out
tests/round2-delivery-evidence.test.ts	3	  - artifacts/rust-tauri/R02/T06/gates/reg-t04-storage/s4-hashes-after.txt
tests/round2-delivery-evidence.test.ts	3	  - artifacts/rust-tauri/R02/T06/gates/reg-t04-storage/s4-hashes-before.txt
tests/round2-delivery-evidence.test.ts	3	  - artifacts/rust-tauri/R02/T06/gates/reg-t04-storage/s4-migrations-round1.json
tests/round2-delivery-evidence.test.ts	3	  - artifacts/rust-tauri/R02/T06/gates/reg-t04-storage/s4-migrations-round2.json
tests/round2-delivery-evidence.test.ts	3	  - artifacts/rust-tauri/R02/T06/gates/reg-t04-storage/s4-migrations-round3.json
tests/round2-delivery-evidence.test.ts	3	  - artifacts/rust-tauri/R02/T06/gates/reg-t04-storage/service-s1.err
tests/round2-delivery-evidence.test.ts	3	  - artifacts/rust-tauri/R02/T06/gates/reg-t04-storage/service-s1.out
tests/round2-delivery-evidence.test.ts	3	  - artifacts/rust-tauri/R02/T06/gates/reg-t04-storage/service-s1b.err
tests/round2-delivery-evidence.test.ts	3	  - artifacts/rust-tauri/R02/T06/gates/reg-t04-storage/service-s1b.out
tests/round2-delivery-evidence.test.ts	3	  - artifacts/rust-tauri/R02/T06/gates/reg-t04-storage/service-s2.err
tests/round2-delivery-evidence.test.ts	3	  - artifacts/rust-tauri/R02/T06/gates/reg-t04-storage/service-s2.out
tests/round2-delivery-evidence.test.ts	3	  - artifacts/rust-tauri/R02/T06/gates/reg-t04-storage/service-s2b.err
tests/round2-delivery-evidence.test.ts	3	  - artifacts/rust-tauri/R02/T06/gates/reg-t04-storage/service-s2b.out
tests/round2-delivery-evidence.test.ts	3	  - artifacts/rust-tauri/R02/T06/gates/reg-t04-storage/service-s4-1.err
tests/round2-delivery-evidence.test.ts	3	  - artifacts/rust-tauri/R02/T06/gates/reg-t04-storage/service-s4-1.out
tests/round2-delivery-evidence.test.ts	3	  - artifacts/rust-tauri/R02/T06/gates/reg-t04-storage/service-s4-2.err
tests/round2-delivery-evidence.test.ts	3	  - artifacts/rust-tauri/R02/T06/gates/reg-t04-storage/service-s4-2.out
tests/round2-delivery-evidence.test.ts	3	  - artifacts/rust-tauri/R02/T06/gates/reg-t04-storage/service-s4-3.err
tests/round2-delivery-evidence.test.ts	3	  - artifacts/rust-tauri/R02/T06/gates/reg-t04-storage/service-s4-3.out
tests/round2-delivery-evidence.test.ts	3	  - artifacts/rust-tauri/R02/T06/gates/reg-t04-storage/service.addr
tests/round2-delivery-evidence.test.ts	3	  - artifacts/rust-tauri/R02/T06/gates/reg-t04-storage/service.pid
tests/round2-delivery-evidence.test.ts	3	  - artifacts/rust-tauri/R02/T06/gates/reg-t04-storage/summary.txt
tests/round2-delivery-evidence.test.ts	3	  - artifacts/rust-tauri/R02/T06/gates/reg-t05-events/a09-merged-view.json
tests/round2-delivery-evidence.test.ts	3	  - artifacts/rust-tauri/R02/T06/gates/reg-t05-events/a10-rebuild-diff.json
tests/round2-delivery-evidence.test.ts	3	  - artifacts/rust-tauri/R02/T06/gates/reg-t05-events/build.log
tests/round2-delivery-evidence.test.ts	3	  - artifacts/rust-tauri/R02/T06/gates/reg-t05-events/key-events-dump.json
tests/round2-delivery-evidence.test.ts	3	  - artifacts/rust-tauri/R02/T06/gates/reg-t05-events/matrix.json
tests/round2-delivery-evidence.test.ts	3	  - artifacts/rust-tauri/R02/T06/gates/reg-t05-events/probe-matrix.jsonl
tests/round2-delivery-evidence.test.ts	3	  - artifacts/rust-tauri/R02/T06/gates/reg-t05-events/probe-stderr.log
tests/round2-delivery-evidence.test.ts	3	  - artifacts/rust-tauri/R02/T06/gates/reg-t05-events/service.err
tests/round2-delivery-evidence.test.ts	3	  - artifacts/rust-tauri/R02/T06/gates/reg-t05-events/service.out
tests/round2-delivery-evidence.test.ts	3	  - artifacts/rust-tauri/R02/T06/gates/reg-t05-events/summary.txt
tests/round2-delivery-evidence.test.ts	3	  - artifacts/rust-tauri/R02/T06/prod-defect-1/baseline-no-gate/summary.txt
tests/round2-delivery-evidence.test.ts	3	  - artifacts/rust-tauri/R02/T06/prod-defect-1/baseline-no-gate/v3-missing-stamp-highjournal.err
tests/round2-delivery-evidence.test.ts	3	  - artifacts/rust-tauri/R02/T06/prod-defect-1/baseline-no-gate/v3-missing-stamp-highjournal.out
tests/round2-delivery-evidence.test.ts	3	  - artifacts/rust-tauri/R02/T06/prod-defect-1/baseline-no-gate/v3-post-write-counts.json
tests/round2-delivery-evidence.test.ts	3	  - artifacts/rust-tauri/R02/T06/recovery-drill/build.log
tests/round2-delivery-evidence.test.ts	3	  - artifacts/rust-tauri/R02/T06/recovery-drill/summary.txt
tests/round2-delivery-evidence.test.ts	3	  - artifacts/rust-tauri/R02/T06/recovery-drill/v1-hashes-after.txt
tests/round2-delivery-evidence.test.ts	3	  - artifacts/rust-tauri/R02/T06/recovery-drill/v1-hashes-before.txt
tests/round2-delivery-evidence.test.ts	3	  - artifacts/rust-tauri/R02/T06/recovery-drill/v1.err
tests/round2-delivery-evidence.test.ts	3	  - artifacts/rust-tauri/R02/T06/recovery-drill/v1.out
tests/round2-delivery-evidence.test.ts	3	  - artifacts/rust-tauri/R02/T06/recovery-drill/v2-hashes-after.txt
tests/round2-delivery-evidence.test.ts	3	  - artifacts/rust-tauri/R02/T06/recovery-drill/v2-hashes-before.txt
tests/round2-delivery-evidence.test.ts	3	  - artifacts/rust-tauri/R02/T06/recovery-drill/v2.err
tests/round2-delivery-evidence.test.ts	3	  - artifacts/rust-tauri/R02/T06/recovery-drill/v2.out
tests/round2-delivery-evidence.test.ts	3	  - artifacts/rust-tauri/R02/T06/recovery-drill/v3-hashes-after.txt
tests/round2-delivery-evidence.test.ts	3	  - artifacts/rust-tauri/R02/T06/recovery-drill/v3-hashes-before.txt
tests/round2-delivery-evidence.test.ts	3	  - artifacts/rust-tauri/R02/T06/recovery-drill/v3.err
tests/round2-delivery-evidence.test.ts	3	  - artifacts/rust-tauri/R02/T06/recovery-drill/v3.out
tests/round2-delivery-evidence.test.ts	3	  - artifacts/rust-tauri/R02/T06/recovery-drill/v4.err
tests/round2-delivery-evidence.test.ts	3	  - artifacts/rust-tauri/R02/T06/recovery-drill/v4.out
tests/round2-delivery-evidence.test.ts	3	  - artifacts/rust-tauri/R02/T06/recovery-drill/v5-hashes-after.txt
tests/round2-delivery-evidence.test.ts	3	  - artifacts/rust-tauri/R02/T06/recovery-drill/v5-hashes-before.txt
tests/round2-delivery-evidence.test.ts	3	  - artifacts/rust-tauri/R02/T06/recovery-drill/v5.err
tests/round2-delivery-evidence.test.ts	3	  - artifacts/rust-tauri/R02/T06/recovery-drill/v5.out
tests/round2-delivery-evidence.test.ts	3	  - artifacts/rust-tauri/R02/T06/recovery-drill/v6-recovered-dump.jsonl
tests/round2-delivery-evidence.test.ts	3	  - artifacts/rust-tauri/R02/T06/recovery-drill/v6-seed-execute.txt
tests/round2-delivery-evidence.test.ts	3	  - artifacts/rust-tauri/R02/T06/recovery-drill/v6-seed.err
tests/round2-delivery-evidence.test.ts	3	  - artifacts/rust-tauri/R02/T06/recovery-drill/v6-seed.out
tests/round2-delivery-evidence.test.ts	3	  - artifacts/rust-tauri/R02/T06/recovery-drill/v6.err
tests/round2-delivery-evidence.test.ts	3	  - artifacts/rust-tauri/R02/T06/recovery-drill/v6.out
tests/round2-delivery-evidence.test.ts	3	  - artifacts/rust-tauri/R02/T06/recovery-drill/v7-hashes-after.txt
tests/round2-delivery-evidence.test.ts	3	  - artifacts/rust-tauri/R02/T06/recovery-drill/v7-hashes-before.txt
tests/round2-delivery-evidence.test.ts	3	  - artifacts/rust-tauri/R02/T06/recovery-drill/v7-seed.err
tests/round2-delivery-evidence.test.ts	3	  - artifacts/rust-tauri/R02/T06/recovery-drill/v7-seed.out
tests/round2-delivery-evidence.test.ts	3	  - artifacts/rust-tauri/R02/T06/recovery-drill/v7.err
tests/round2-delivery-evidence.test.ts	3	  - artifacts/rust-tauri/R02/T06/recovery-drill/v7.out
tests/round2-delivery-evidence.test.ts	3	  - artifacts/rust-tauri/R02/T06/recovery-drill/v8-observed.err
tests/round2-delivery-evidence.test.ts	3	  - artifacts/rust-tauri/R02/T06/recovery-drill/v8-seed.err
tests/round2-delivery-evidence.test.ts	3	  - artifacts/rust-tauri/R02/T06/recovery-drill/v8-seed.out
tests/round2-delivery-evidence.test.ts	3	  - artifacts/rust-tauri/R02/T06/recovery-drill/v8.err
tests/round2-delivery-evidence.test.ts	3	  - artifacts/rust-tauri/R02/T06/recovery-drill/v8.out
tests/round2-delivery-evidence.test.ts	3	  - artifacts/rust-tauri/R02/T06/repair-r1/backup-restore-script.log
tests/round2-delivery-evidence.test.ts	3	  - artifacts/rust-tauri/R02/T06/repair-r1/backup-restore/build.log
tests/round2-delivery-evidence.test.ts	3	  - artifacts/rust-tauri/R02/T06/repair-r1/backup-restore/s1-backup-dir-listing.txt
tests/round2-delivery-evidence.test.ts	3	  - artifacts/rust-tauri/R02/T06/repair-r1/backup-restore/s1-backup-outcome.json
tests/round2-delivery-evidence.test.ts	3	  - artifacts/rust-tauri/R02/T06/repair-r1/backup-restore/s1-backup.err
tests/round2-delivery-evidence.test.ts	3	  - artifacts/rust-tauri/R02/T06/repair-r1/backup-restore/s1-restore-outcome.json
tests/round2-delivery-evidence.test.ts	3	  - artifacts/rust-tauri/R02/T06/repair-r1/backup-restore/s1-restore.err
tests/round2-delivery-evidence.test.ts	3	  - artifacts/rust-tauri/R02/T06/repair-r1/backup-restore/s1-restored-dump.jsonl
tests/round2-delivery-evidence.test.ts	3	  - artifacts/rust-tauri/R02/T06/repair-r1/backup-restore/s1-restored-hash.txt
tests/round2-delivery-evidence.test.ts	3	  - artifacts/rust-tauri/R02/T06/repair-r1/backup-restore/s1-source-dump.jsonl
tests/round2-delivery-evidence.test.ts	3	  - artifacts/rust-tauri/R02/T06/repair-r1/backup-restore/s1-source-hash.txt
tests/round2-delivery-evidence.test.ts	3	  - artifacts/rust-tauri/R02/T06/repair-r1/backup-restore/s1-wal-size.txt
tests/round2-delivery-evidence.test.ts	3	  - artifacts/rust-tauri/R02/T06/repair-r1/backup-restore/s3-backup-out.json
tests/round2-delivery-evidence.test.ts	3	  - artifacts/rust-tauri/R02/T06/repair-r1/backup-restore/s3-backup.err
tests/round2-delivery-evidence.test.ts	3	  - artifacts/rust-tauri/R02/T06/repair-r1/backup-restore/s4-ws-probe.json
tests/round2-delivery-evidence.test.ts	3	  - artifacts/rust-tauri/R02/T06/repair-r1/backup-restore/s4-ws-probe.json.probe-done
tests/round2-delivery-evidence.test.ts	3	  - artifacts/rust-tauri/R02/T06/repair-r1/backup-restore/service-s1.addr
tests/round2-delivery-evidence.test.ts	3	  - artifacts/rust-tauri/R02/T06/repair-r1/backup-restore/service-s1.err
tests/round2-delivery-evidence.test.ts	3	  - artifacts/rust-tauri/R02/T06/repair-r1/backup-restore/service-s1.out
tests/round2-delivery-evidence.test.ts	3	  - artifacts/rust-tauri/R02/T06/repair-r1/backup-restore/service-s2.addr
tests/round2-delivery-evidence.test.ts	3	  - artifacts/rust-tauri/R02/T06/repair-r1/backup-restore/service-s2.err
tests/round2-delivery-evidence.test.ts	3	  - artifacts/rust-tauri/R02/T06/repair-r1/backup-restore/service-s2.out
tests/round2-delivery-evidence.test.ts	3	  - artifacts/rust-tauri/R02/T06/repair-r1/backup-restore/service-s4.addr
tests/round2-delivery-evidence.test.ts	3	  - artifacts/rust-tauri/R02/T06/repair-r1/backup-restore/service-s4.err
tests/round2-delivery-evidence.test.ts	3	  - artifacts/rust-tauri/R02/T06/repair-r1/backup-restore/service-s4.out
tests/round2-delivery-evidence.test.ts	3	  - artifacts/rust-tauri/R02/T06/repair-r1/backup-restore/service.pid
tests/round2-delivery-evidence.test.ts	3	  - artifacts/rust-tauri/R02/T06/repair-r1/backup-restore/summary.txt
tests/round2-delivery-evidence.test.ts	3	  - artifacts/rust-tauri/R02/T06/repair-r1/f01-test-25x.log
tests/round2-delivery-evidence.test.ts	3	  - artifacts/rust-tauri/R02/T06/repair-r1/f02-permissions-binary-probe.log
tests/round2-delivery-evidence.test.ts	3	  - artifacts/rust-tauri/R02/T06/repair-r1/gates-cargo-test-workspace.log
tests/round2-delivery-evidence.test.ts	3	  - artifacts/rust-tauri/R02/T06/repair-r1/gates-fmt-clippy.log
tests/round2-delivery-evidence.test.ts	3	  - artifacts/rust-tauri/R02/T06/repair-r1/gates-generated-contracts-check.log
tests/round2-delivery-evidence.test.ts	3	  - artifacts/rust-tauri/R02/T06/repair-r1/gates-ownership-check.log
tests/round2-delivery-evidence.test.ts	3	  - artifacts/rust-tauri/R02/T06/repair-r1/gates-reg-r02_t01_boundary_negative.log
tests/round2-delivery-evidence.test.ts	3	  - artifacts/rust-tauri/R02/T06/repair-r1/gates-reg-r02_t01_service_smoke.log
tests/round2-delivery-evidence.test.ts	3	  - artifacts/rust-tauri/R02/T06/repair-r1/gates-reg-r02_t02_dual_instance.log
tests/round2-delivery-evidence.test.ts	3	  - artifacts/rust-tauri/R02/T06/repair-r1/gates-reg-r02_t02_f01_env_token_negative.log
tests/round2-delivery-evidence.test.ts	3	  - artifacts/rust-tauri/R02/T06/repair-r1/gates-reg-r02_t02_path_priority.log
tests/round2-delivery-evidence.test.ts	3	  - artifacts/rust-tauri/R02/T06/repair-r1/gates-reg-r02_t03_auth_matrix.log
tests/round2-delivery-evidence.test.ts	3	  - artifacts/rust-tauri/R02/T06/repair-r1/gates-reg-r02_t04_storage_tx.log
tests/round2-delivery-evidence.test.ts	3	  - artifacts/rust-tauri/R02/T06/repair-r1/gates-reg-r02_t05_events_matrix.log
tests/round2-delivery-evidence.test.ts	3	  - artifacts/rust-tauri/R02/T06/repair-r1/recovery-drill-script.log
tests/round2-delivery-evidence.test.ts	3	  - artifacts/rust-tauri/R02/T06/repair-r1/recovery-drill/build.log
tests/round2-delivery-evidence.test.ts	3	  - artifacts/rust-tauri/R02/T06/repair-r1/recovery-drill/summary.txt
tests/round2-delivery-evidence.test.ts	3	  - artifacts/rust-tauri/R02/T06/repair-r1/recovery-drill/v1-hashes-after.txt
tests/round2-delivery-evidence.test.ts	3	  - artifacts/rust-tauri/R02/T06/repair-r1/recovery-drill/v1-hashes-before.txt
tests/round2-delivery-evidence.test.ts	3	  - artifacts/rust-tauri/R02/T06/repair-r1/recovery-drill/v1.err
tests/round2-delivery-evidence.test.ts	3	  - artifacts/rust-tauri/R02/T06/repair-r1/recovery-drill/v1.out
tests/round2-delivery-evidence.test.ts	3	  - artifacts/rust-tauri/R02/T06/repair-r1/recovery-drill/v2-hashes-after.txt
tests/round2-delivery-evidence.test.ts	3	  - artifacts/rust-tauri/R02/T06/repair-r1/recovery-drill/v2-hashes-before.txt
tests/round2-delivery-evidence.test.ts	3	  - artifacts/rust-tauri/R02/T06/repair-r1/recovery-drill/v2.err
tests/round2-delivery-evidence.test.ts	3	  - artifacts/rust-tauri/R02/T06/repair-r1/recovery-drill/v2.out
tests/round2-delivery-evidence.test.ts	3	  - artifacts/rust-tauri/R02/T06/repair-r1/recovery-drill/v3-hashes-after.txt
tests/round2-delivery-evidence.test.ts	3	  - artifacts/rust-tauri/R02/T06/repair-r1/recovery-drill/v3-hashes-before.txt
tests/round2-delivery-evidence.test.ts	3	  - artifacts/rust-tauri/R02/T06/repair-r1/recovery-drill/v3.err
tests/round2-delivery-evidence.test.ts	3	  - artifacts/rust-tauri/R02/T06/repair-r1/recovery-drill/v3.out
tests/round2-delivery-evidence.test.ts	3	  - artifacts/rust-tauri/R02/T06/repair-r1/recovery-drill/v4.err
tests/round2-delivery-evidence.test.ts	3	  - artifacts/rust-tauri/R02/T06/repair-r1/recovery-drill/v4.out
tests/round2-delivery-evidence.test.ts	3	  - artifacts/rust-tauri/R02/T06/repair-r1/recovery-drill/v5-hashes-after.txt
tests/round2-delivery-evidence.test.ts	3	  - artifacts/rust-tauri/R02/T06/repair-r1/recovery-drill/v5-hashes-before.txt
tests/round2-delivery-evidence.test.ts	3	  - artifacts/rust-tauri/R02/T06/repair-r1/recovery-drill/v5.err
tests/round2-delivery-evidence.test.ts	3	  - artifacts/rust-tauri/R02/T06/repair-r1/recovery-drill/v5.out
tests/round2-delivery-evidence.test.ts	3	  - artifacts/rust-tauri/R02/T06/repair-r1/recovery-drill/v6-recovered-dump.jsonl
tests/round2-delivery-evidence.test.ts	3	  - artifacts/rust-tauri/R02/T06/repair-r1/recovery-drill/v6-seed-execute.txt
tests/round2-delivery-evidence.test.ts	3	  - artifacts/rust-tauri/R02/T06/repair-r1/recovery-drill/v6-seed.err
tests/round2-delivery-evidence.test.ts	3	  - artifacts/rust-tauri/R02/T06/repair-r1/recovery-drill/v6-seed.out
tests/round2-delivery-evidence.test.ts	3	  - artifacts/rust-tauri/R02/T06/repair-r1/recovery-drill/v6.err
tests/round2-delivery-evidence.test.ts	3	  - artifacts/rust-tauri/R02/T06/repair-r1/recovery-drill/v6.out
tests/round2-delivery-evidence.test.ts	3	  - artifacts/rust-tauri/R02/T06/repair-r1/recovery-drill/v7-hashes-after.txt
tests/round2-delivery-evidence.test.ts	3	  - artifacts/rust-tauri/R02/T06/repair-r1/recovery-drill/v7-hashes-before.txt
tests/round2-delivery-evidence.test.ts	3	  - artifacts/rust-tauri/R02/T06/repair-r1/recovery-drill/v7-seed.err
tests/round2-delivery-evidence.test.ts	3	  - artifacts/rust-tauri/R02/T06/repair-r1/recovery-drill/v7-seed.out
tests/round2-delivery-evidence.test.ts	3	  - artifacts/rust-tauri/R02/T06/repair-r1/recovery-drill/v7.err
tests/round2-delivery-evidence.test.ts	3	  - artifacts/rust-tauri/R02/T06/repair-r1/recovery-drill/v7.out
tests/round2-delivery-evidence.test.ts	3	  - artifacts/rust-tauri/R02/T06/repair-r1/recovery-drill/v8-observed.err
tests/round2-delivery-evidence.test.ts	3	  - artifacts/rust-tauri/R02/T06/repair-r1/recovery-drill/v8-seed.err
tests/round2-delivery-evidence.test.ts	3	  - artifacts/rust-tauri/R02/T06/repair-r1/recovery-drill/v8-seed.out
tests/round2-delivery-evidence.test.ts	3	  - artifacts/rust-tauri/R02/T06/repair-r1/recovery-drill/v8.err
tests/round2-delivery-evidence.test.ts	3	  - artifacts/rust-tauri/R02/T06/repair-r1/recovery-drill/v8.out
tests/round2-delivery-evidence.test.ts	3	  - artifacts/rust-tauri/R02/T06/repair-r1/reg-r02_t01_boundary_negative/a02-green-baseline.log
tests/round2-delivery-evidence.test.ts	3	  - artifacts/rust-tauri/R02/T06/repair-r1/reg-r02_t01_boundary_negative/a02-green-na-restored.log
tests/round2-delivery-evidence.test.ts	3	  - artifacts/rust-tauri/R02/T06/repair-r1/reg-r02_t01_boundary_negative/a02-green-nb-restored.log
tests/round2-delivery-evidence.test.ts	3	  - artifacts/rust-tauri/R02/T06/repair-r1/reg-r02_t01_boundary_negative/a02-green-nc-restored.log
tests/round2-delivery-evidence.test.ts	3	  - artifacts/rust-tauri/R02/T06/repair-r1/reg-r02_t01_boundary_negative/a02-na-source-token.log
tests/round2-delivery-evidence.test.ts	3	  - artifacts/rust-tauri/R02/T06/repair-r1/reg-r02_t01_boundary_negative/a02-nb-dep-edge.log
tests/round2-delivery-evidence.test.ts	3	  - artifacts/rust-tauri/R02/T06/repair-r1/reg-r02_t01_boundary_negative/a02-nc-service-inversion.log
tests/round2-delivery-evidence.test.ts	3	  - artifacts/rust-tauri/R02/T06/repair-r1/reg-r02_t01_boundary_negative/a02-residue-check.log
tests/round2-delivery-evidence.test.ts	3	  - artifacts/rust-tauri/R02/T06/repair-r1/reg-r02_t01_boundary_negative/a02-summary.log
tests/round2-delivery-evidence.test.ts	3	  - artifacts/rust-tauri/R02/T06/repair-r1/reg-r02_t01_service_smoke/a01-build.log
tests/round2-delivery-evidence.test.ts	3	  - artifacts/rust-tauri/R02/T06/repair-r1/reg-r02_t01_service_smoke/a01-cargo-metadata.err
tests/round2-delivery-evidence.test.ts	3	  - artifacts/rust-tauri/R02/T06/repair-r1/reg-r02_t01_service_smoke/a01-cargo-metadata.json
tests/round2-delivery-evidence.test.ts	3	  - artifacts/rust-tauri/R02/T06/repair-r1/reg-r02_t01_service_smoke/a01-deptree-evidence.log
tests/round2-delivery-evidence.test.ts	3	  - artifacts/rust-tauri/R02/T06/repair-r1/reg-r02_t01_service_smoke/a01-health-body.json
tests/round2-delivery-evidence.test.ts	3	  - artifacts/rust-tauri/R02/T06/repair-r1/reg-r02_t01_service_smoke/a01-health-check.log
tests/round2-delivery-evidence.test.ts	3	  - artifacts/rust-tauri/R02/T06/repair-r1/reg-r02_t01_service_smoke/a01-service-stderr.log
tests/round2-delivery-evidence.test.ts	3	  - artifacts/rust-tauri/R02/T06/repair-r1/reg-r02_t01_service_smoke/a01-service-stdout.log
tests/round2-delivery-evidence.test.ts	3	  - artifacts/rust-tauri/R02/T06/repair-r1/reg-r02_t01_service_smoke/a01-shutdown.log
tests/round2-delivery-evidence.test.ts	3	  - artifacts/rust-tauri/R02/T06/repair-r1/reg-r02_t02_dual_instance/a03-build.log
tests/round2-delivery-evidence.test.ts	3	  - artifacts/rust-tauri/R02/T06/repair-r1/reg-r02_t02_dual_instance/a03-forged-record.json
tests/round2-delivery-evidence.test.ts	3	  - artifacts/rust-tauri/R02/T06/repair-r1/reg-r02_t02_dual_instance/a03-inst1-health.json
tests/round2-delivery-evidence.test.ts	3	  - artifacts/rust-tauri/R02/T06/repair-r1/reg-r02_t02_dual_instance/a03-inst1-stderr.log
tests/round2-delivery-evidence.test.ts	3	  - artifacts/rust-tauri/R02/T06/repair-r1/reg-r02_t02_dual_instance/a03-inst1-stdout.log
tests/round2-delivery-evidence.test.ts	3	  - artifacts/rust-tauri/R02/T06/repair-r1/reg-r02_t02_dual_instance/a03-inst2-marker.txt
tests/round2-delivery-evidence.test.ts	3	  - artifacts/rust-tauri/R02/T06/repair-r1/reg-r02_t02_dual_instance/a03-inst2-stderr.log
tests/round2-delivery-evidence.test.ts	3	  - artifacts/rust-tauri/R02/T06/repair-r1/reg-r02_t02_dual_instance/a03-inst2-stdout.log
tests/round2-delivery-evidence.test.ts	3	  - artifacts/rust-tauri/R02/T06/repair-r1/reg-r02_t02_dual_instance/a03-inst2b-stderr.log
tests/round2-delivery-evidence.test.ts	3	  - artifacts/rust-tauri/R02/T06/repair-r1/reg-r02_t02_dual_instance/a03-inst2b-stdout.log
tests/round2-delivery-evidence.test.ts	3	  - artifacts/rust-tauri/R02/T06/repair-r1/reg-r02_t02_dual_instance/a03-inst3-stderr.log
tests/round2-delivery-evidence.test.ts	3	  - artifacts/rust-tauri/R02/T06/repair-r1/reg-r02_t02_dual_instance/a03-inst3-stdout.log
tests/round2-delivery-evidence.test.ts	3	  - artifacts/rust-tauri/R02/T06/repair-r1/reg-r02_t02_dual_instance/a03-inst4-stderr.log
tests/round2-delivery-evidence.test.ts	3	  - artifacts/rust-tauri/R02/T06/repair-r1/reg-r02_t02_dual_instance/a03-inst4-stdout.log
tests/round2-delivery-evidence.test.ts	3	  - artifacts/rust-tauri/R02/T06/repair-r1/reg-r02_t02_dual_instance/a03-summary.txt
tests/round2-delivery-evidence.test.ts	3	  - artifacts/rust-tauri/R02/T06/repair-r1/reg-r02_t02_f01_env_token_negative/f01-0-baseline-green.log
tests/round2-delivery-evidence.test.ts	3	  - artifacts/rust-tauri/R02/T06/repair-r1/reg-r02_t02_f01_env_token_negative/f01-1-injected-rejected.log
tests/round2-delivery-evidence.test.ts	3	  - artifacts/rust-tauri/R02/T06/repair-r1/reg-r02_t02_f01_env_token_negative/f01-2-restored-green.log
tests/round2-delivery-evidence.test.ts	3	  - artifacts/rust-tauri/R02/T06/repair-r1/reg-r02_t02_path_priority/a04-build.log
tests/round2-delivery-evidence.test.ts	3	  - artifacts/rust-tauri/R02/T06/repair-r1/reg-r02_t02_path_priority/a04-cli-stderr.log
tests/round2-delivery-evidence.test.ts	3	  - artifacts/rust-tauri/R02/T06/repair-r1/reg-r02_t02_path_priority/a04-cli-stdout.log
tests/round2-delivery-evidence.test.ts	3	  - artifacts/rust-tauri/R02/T06/repair-r1/reg-r02_t02_path_priority/a04-config-file-stderr.log
tests/round2-delivery-evidence.test.ts	3	  - artifacts/rust-tauri/R02/T06/repair-r1/reg-r02_t02_path_priority/a04-config-file-stdout.log
tests/round2-delivery-evidence.test.ts	3	  - artifacts/rust-tauri/R02/T06/repair-r1/reg-r02_t02_path_priority/a04-conflict-stderr.log
tests/round2-delivery-evidence.test.ts	3	  - artifacts/rust-tauri/R02/T06/repair-r1/reg-r02_t02_path_priority/a04-conflict-stdout.log
tests/round2-delivery-evidence.test.ts	3	  - artifacts/rust-tauri/R02/T06/repair-r1/reg-r02_t02_path_priority/a04-env-stderr.log
tests/round2-delivery-evidence.test.ts	3	  - artifacts/rust-tauri/R02/T06/repair-r1/reg-r02_t02_path_priority/a04-env-stdout.log
tests/round2-delivery-evidence.test.ts	3	  - artifacts/rust-tauri/R02/T06/repair-r1/reg-r02_t02_path_priority/a04-neg-bad-config-stderr.log
tests/round2-delivery-evidence.test.ts	3	  - artifacts/rust-tauri/R02/T06/repair-r1/reg-r02_t02_path_priority/a04-neg-bad-config-stdout.log
tests/round2-delivery-evidence.test.ts	3	  - artifacts/rust-tauri/R02/T06/repair-r1/reg-r02_t02_path_priority/a04-neg-duplicate-home-stderr.log
tests/round2-delivery-evidence.test.ts	3	  - artifacts/rust-tauri/R02/T06/repair-r1/reg-r02_t02_path_priority/a04-neg-duplicate-home-stdout.log
tests/round2-delivery-evidence.test.ts	3	  - artifacts/rust-tauri/R02/T06/repair-r1/reg-r02_t02_path_priority/a04-neg-equals-form-stderr.log
tests/round2-delivery-evidence.test.ts	3	  - artifacts/rust-tauri/R02/T06/repair-r1/reg-r02_t02_path_priority/a04-neg-equals-form-stdout.log
tests/round2-delivery-evidence.test.ts	3	  - artifacts/rust-tauri/R02/T06/repair-r1/reg-r02_t02_path_priority/a04-neg-flag-shaped-stderr.log
tests/round2-delivery-evidence.test.ts	3	  - artifacts/rust-tauri/R02/T06/repair-r1/reg-r02_t02_path_priority/a04-neg-flag-shaped-stdout.log
tests/round2-delivery-evidence.test.ts	3	  - artifacts/rust-tauri/R02/T06/repair-r1/reg-r02_t02_path_priority/a04-neg-missing-config-stderr.log
tests/round2-delivery-evidence.test.ts	3	  - artifacts/rust-tauri/R02/T06/repair-r1/reg-r02_t02_path_priority/a04-neg-missing-config-stdout.log
tests/round2-delivery-evidence.test.ts	3	  - artifacts/rust-tauri/R02/T06/repair-r1/reg-r02_t02_path_priority/a04-neg-no-source-stderr.log
tests/round2-delivery-evidence.test.ts	3	  - artifacts/rust-tauri/R02/T06/repair-r1/reg-r02_t02_path_priority/a04-neg-no-source-stdout.log
tests/round2-delivery-evidence.test.ts	3	  - artifacts/rust-tauri/R02/T06/repair-r1/reg-r02_t02_path_priority/a04-neg-relative-home-stderr.log
tests/round2-delivery-evidence.test.ts	3	  - artifacts/rust-tauri/R02/T06/repair-r1/reg-r02_t02_path_priority/a04-neg-relative-home-stdout.log
tests/round2-delivery-evidence.test.ts	3	  - artifacts/rust-tauri/R02/T06/repair-r1/reg-r02_t02_path_priority/a04-summary.txt
tests/round2-delivery-evidence.test.ts	3	  - artifacts/rust-tauri/R02/T06/repair-r1/reg-r02_t02_path_priority/a04-test-mode-stderr.log
tests/round2-delivery-evidence.test.ts	3	  - artifacts/rust-tauri/R02/T06/repair-r1/reg-r02_t02_path_priority/a04-test-mode-stdout.log
tests/round2-delivery-evidence.test.ts	3	  - artifacts/rust-tauri/R02/T06/repair-r1/reg-r02_t03_auth_matrix/.last-body
tests/round2-delivery-evidence.test.ts	3	  - artifacts/rust-tauri/R02/T06/repair-r1/reg-r02_t03_auth_matrix/body-limit.txt
tests/round2-delivery-evidence.test.ts	3	  - artifacts/rust-tauri/R02/T06/repair-r1/reg-r02_t03_auth_matrix/build.log
tests/round2-delivery-evidence.test.ts	3	  - artifacts/rust-tauri/R02/T06/repair-r1/reg-r02_t03_auth_matrix/creds-after-authz.json
tests/round2-delivery-evidence.test.ts	3	  - artifacts/rust-tauri/R02/T06/repair-r1/reg-r02_t03_auth_matrix/creds-before-authz.json
tests/round2-delivery-evidence.test.ts	3	  - artifacts/rust-tauri/R02/T06/repair-r1/reg-r02_t03_auth_matrix/devices-after-authz.json
tests/round2-delivery-evidence.test.ts	3	  - artifacts/rust-tauri/R02/T06/repair-r1/reg-r02_t03_auth_matrix/devices-before-authz.json
tests/round2-delivery-evidence.test.ts	3	  - artifacts/rust-tauri/R02/T06/repair-r1/reg-r02_t03_auth_matrix/neg-startup.log
tests/round2-delivery-evidence.test.ts	3	  - artifacts/rust-tauri/R02/T06/repair-r1/reg-r02_t03_auth_matrix/server-stderr.log
tests/round2-delivery-evidence.test.ts	3	  - artifacts/rust-tauri/R02/T06/repair-r1/reg-r02_t03_auth_matrix/server-stdout.log
tests/round2-delivery-evidence.test.ts	3	  - artifacts/rust-tauri/R02/T06/repair-r1/reg-r02_t03_auth_matrix/state-after-authn.txt
tests/round2-delivery-evidence.test.ts	3	  - artifacts/rust-tauri/R02/T06/repair-r1/reg-r02_t03_auth_matrix/state-after.txt
tests/round2-delivery-evidence.test.ts	3	  - artifacts/rust-tauri/R02/T06/repair-r1/reg-r02_t03_auth_matrix/state-before-authz.txt
tests/round2-delivery-evidence.test.ts	3	  - artifacts/rust-tauri/R02/T06/repair-r1/reg-r02_t03_auth_matrix/state-before.txt
tests/round2-delivery-evidence.test.ts	3	  - artifacts/rust-tauri/R02/T06/repair-r1/reg-r02_t03_auth_matrix/summary.txt
tests/round2-delivery-evidence.test.ts	3	  - artifacts/rust-tauri/R02/T06/repair-r1/reg-r02_t03_auth_matrix/ws-matrix.json
tests/round2-delivery-evidence.test.ts	3	  - artifacts/rust-tauri/R02/T06/repair-r1/reg-r02_t04_storage_tx/build.log
tests/round2-delivery-evidence.test.ts	3	  - artifacts/rust-tauri/R02/T06/repair-r1/reg-r02_t04_storage_tx/last-db-hashes.txt
tests/round2-delivery-evidence.test.ts	3	  - artifacts/rust-tauri/R02/T06/repair-r1/reg-r02_t04_storage_tx/s1-counts-after-stop.json
tests/round2-delivery-evidence.test.ts	3	  - artifacts/rust-tauri/R02/T06/repair-r1/reg-r02_t04_storage_tx/s2-counts-after-crash.json
tests/round2-delivery-evidence.test.ts	3	  - artifacts/rust-tauri/R02/T06/repair-r1/reg-r02_t04_storage_tx/s2-runs-dump.jsonl
tests/round2-delivery-evidence.test.ts	3	  - artifacts/rust-tauri/R02/T06/repair-r1/reg-r02_t04_storage_tx/s3-fault.err
tests/round2-delivery-evidence.test.ts	3	  - artifacts/rust-tauri/R02/T06/repair-r1/reg-r02_t04_storage_tx/s3-fault.out
tests/round2-delivery-evidence.test.ts	3	  - artifacts/rust-tauri/R02/T06/repair-r1/reg-r02_t04_storage_tx/s4-hashes-after.txt
tests/round2-delivery-evidence.test.ts	3	  - artifacts/rust-tauri/R02/T06/repair-r1/reg-r02_t04_storage_tx/s4-hashes-before.txt
tests/round2-delivery-evidence.test.ts	3	  - artifacts/rust-tauri/R02/T06/repair-r1/reg-r02_t04_storage_tx/s4-migrations-round1.json
tests/round2-delivery-evidence.test.ts	3	  - artifacts/rust-tauri/R02/T06/repair-r1/reg-r02_t04_storage_tx/s4-migrations-round2.json
tests/round2-delivery-evidence.test.ts	3	  - artifacts/rust-tauri/R02/T06/repair-r1/reg-r02_t04_storage_tx/s4-migrations-round3.json
tests/round2-delivery-evidence.test.ts	3	  - artifacts/rust-tauri/R02/T06/repair-r1/reg-r02_t04_storage_tx/service-s1.err
tests/round2-delivery-evidence.test.ts	3	  - artifacts/rust-tauri/R02/T06/repair-r1/reg-r02_t04_storage_tx/service-s1.out
tests/round2-delivery-evidence.test.ts	3	  - artifacts/rust-tauri/R02/T06/repair-r1/reg-r02_t04_storage_tx/service-s1b.err
tests/round2-delivery-evidence.test.ts	3	  - artifacts/rust-tauri/R02/T06/repair-r1/reg-r02_t04_storage_tx/service-s1b.out
tests/round2-delivery-evidence.test.ts	3	  - artifacts/rust-tauri/R02/T06/repair-r1/reg-r02_t04_storage_tx/service-s2.err
tests/round2-delivery-evidence.test.ts	3	  - artifacts/rust-tauri/R02/T06/repair-r1/reg-r02_t04_storage_tx/service-s2.out
tests/round2-delivery-evidence.test.ts	3	  - artifacts/rust-tauri/R02/T06/repair-r1/reg-r02_t04_storage_tx/service-s2b.err
tests/round2-delivery-evidence.test.ts	3	  - artifacts/rust-tauri/R02/T06/repair-r1/reg-r02_t04_storage_tx/service-s2b.out
tests/round2-delivery-evidence.test.ts	3	  - artifacts/rust-tauri/R02/T06/repair-r1/reg-r02_t04_storage_tx/service-s4-1.err
tests/round2-delivery-evidence.test.ts	3	  - artifacts/rust-tauri/R02/T06/repair-r1/reg-r02_t04_storage_tx/service-s4-1.out
tests/round2-delivery-evidence.test.ts	3	  - artifacts/rust-tauri/R02/T06/repair-r1/reg-r02_t04_storage_tx/service-s4-2.err
tests/round2-delivery-evidence.test.ts	3	  - artifacts/rust-tauri/R02/T06/repair-r1/reg-r02_t04_storage_tx/service-s4-2.out
tests/round2-delivery-evidence.test.ts	3	  - artifacts/rust-tauri/R02/T06/repair-r1/reg-r02_t04_storage_tx/service-s4-3.err
tests/round2-delivery-evidence.test.ts	3	  - artifacts/rust-tauri/R02/T06/repair-r1/reg-r02_t04_storage_tx/service-s4-3.out
tests/round2-delivery-evidence.test.ts	3	  - artifacts/rust-tauri/R02/T06/repair-r1/reg-r02_t04_storage_tx/service.addr
tests/round2-delivery-evidence.test.ts	3	  - artifacts/rust-tauri/R02/T06/repair-r1/reg-r02_t04_storage_tx/service.pid
tests/round2-delivery-evidence.test.ts	3	  - artifacts/rust-tauri/R02/T06/repair-r1/reg-r02_t04_storage_tx/summary.txt
tests/round2-delivery-evidence.test.ts	3	  - artifacts/rust-tauri/R02/T06/repair-r1/reg-r02_t05_events_matrix/a09-merged-view.json
tests/round2-delivery-evidence.test.ts	3	  - artifacts/rust-tauri/R02/T06/repair-r1/reg-r02_t05_events_matrix/a10-rebuild-diff.json
tests/round2-delivery-evidence.test.ts	3	  - artifacts/rust-tauri/R02/T06/repair-r1/reg-r02_t05_events_matrix/build.log
tests/round2-delivery-evidence.test.ts	3	  - artifacts/rust-tauri/R02/T06/repair-r1/reg-r02_t05_events_matrix/key-events-dump.json
tests/round2-delivery-evidence.test.ts	3	  - artifacts/rust-tauri/R02/T06/repair-r1/reg-r02_t05_events_matrix/matrix.json
tests/round2-delivery-evidence.test.ts	3	  - artifacts/rust-tauri/R02/T06/repair-r1/reg-r02_t05_events_matrix/probe-matrix.jsonl
tests/round2-delivery-evidence.test.ts	3	  - artifacts/rust-tauri/R02/T06/repair-r1/reg-r02_t05_events_matrix/probe-stderr.log
tests/round2-delivery-evidence.test.ts	3	  - artifacts/rust-tauri/R02/T06/repair-r1/reg-r02_t05_events_matrix/service.err
tests/round2-delivery-evidence.test.ts	3	  - artifacts/rust-tauri/R02/T06/repair-r1/reg-r02_t05_events_matrix/service.out
tests/round2-delivery-evidence.test.ts	3	  - artifacts/rust-tauri/R02/T06/repair-r1/reg-r02_t05_events_matrix/summary.txt
tests/round2-delivery-evidence.test.ts	3	  - artifacts/rust-tauri/R02/T07/gates/audit-seal.log
tests/round2-delivery-evidence.test.ts	3	  - artifacts/rust-tauri/R02/T07/gates/cargo-test-workspace.log
tests/round2-delivery-evidence.test.ts	3	  - artifacts/rust-tauri/R02/T07/gates/generated-contracts-check.log
tests/round2-delivery-evidence.test.ts	3	  - artifacts/rust-tauri/R02/T07/gates/ownership-check.log
tests/round2-delivery-evidence.test.ts	3	  - artifacts/rust-tauri/R02/T07/gates/reg-t01-boundary.log
tests/round2-delivery-evidence.test.ts	3	  - artifacts/rust-tauri/R02/T07/gates/reg-t01-boundary/a02-green-baseline.log
tests/round2-delivery-evidence.test.ts	3	  - artifacts/rust-tauri/R02/T07/gates/reg-t01-boundary/a02-green-na-restored.log
tests/round2-delivery-evidence.test.ts	3	  - artifacts/rust-tauri/R02/T07/gates/reg-t01-boundary/a02-green-nb-restored.log
tests/round2-delivery-evidence.test.ts	3	  - artifacts/rust-tauri/R02/T07/gates/reg-t01-boundary/a02-green-nc-restored.log
tests/round2-delivery-evidence.test.ts	3	  - artifacts/rust-tauri/R02/T07/gates/reg-t01-boundary/a02-na-source-token.log
tests/round2-delivery-evidence.test.ts	3	  - artifacts/rust-tauri/R02/T07/gates/reg-t01-boundary/a02-nb-dep-edge.log
tests/round2-delivery-evidence.test.ts	3	  - artifacts/rust-tauri/R02/T07/gates/reg-t01-boundary/a02-nc-service-inversion.log
tests/round2-delivery-evidence.test.ts	3	  - artifacts/rust-tauri/R02/T07/gates/reg-t01-boundary/a02-residue-check.log
tests/round2-delivery-evidence.test.ts	3	  - artifacts/rust-tauri/R02/T07/gates/reg-t01-boundary/a02-summary.log
tests/round2-delivery-evidence.test.ts	3	  - artifacts/rust-tauri/R02/T07/gates/reg-t01-smoke.log
tests/round2-delivery-evidence.test.ts	3	  - artifacts/rust-tauri/R02/T07/gates/reg-t01-smoke/a01-build.log
tests/round2-delivery-evidence.test.ts	3	  - artifacts/rust-tauri/R02/T07/gates/reg-t01-smoke/a01-cargo-metadata.err
tests/round2-delivery-evidence.test.ts	3	  - artifacts/rust-tauri/R02/T07/gates/reg-t01-smoke/a01-cargo-metadata.json
tests/round2-delivery-evidence.test.ts	3	  - artifacts/rust-tauri/R02/T07/gates/reg-t01-smoke/a01-deptree-evidence.log
tests/round2-delivery-evidence.test.ts	3	  - artifacts/rust-tauri/R02/T07/gates/reg-t01-smoke/a01-health-body.json
tests/round2-delivery-evidence.test.ts	3	  - artifacts/rust-tauri/R02/T07/gates/reg-t01-smoke/a01-health-check.log
tests/round2-delivery-evidence.test.ts	3	  - artifacts/rust-tauri/R02/T07/gates/reg-t01-smoke/a01-service-stderr.log
tests/round2-delivery-evidence.test.ts	3	  - artifacts/rust-tauri/R02/T07/gates/reg-t01-smoke/a01-service-stdout.log
tests/round2-delivery-evidence.test.ts	3	  - artifacts/rust-tauri/R02/T07/gates/reg-t01-smoke/a01-shutdown.log
tests/round2-delivery-evidence.test.ts	3	  - artifacts/rust-tauri/R02/T07/gates/reg-t02-dual-instance.log
tests/round2-delivery-evidence.test.ts	3	  - artifacts/rust-tauri/R02/T07/gates/reg-t02-dual-instance/a03-build.log
tests/round2-delivery-evidence.test.ts	3	  - artifacts/rust-tauri/R02/T07/gates/reg-t02-dual-instance/a03-forged-record.json
tests/round2-delivery-evidence.test.ts	3	  - artifacts/rust-tauri/R02/T07/gates/reg-t02-dual-instance/a03-inst1-health.json
tests/round2-delivery-evidence.test.ts	3	  - artifacts/rust-tauri/R02/T07/gates/reg-t02-dual-instance/a03-inst1-stderr.log
tests/round2-delivery-evidence.test.ts	3	  - artifacts/rust-tauri/R02/T07/gates/reg-t02-dual-instance/a03-inst1-stdout.log
tests/round2-delivery-evidence.test.ts	3	  - artifacts/rust-tauri/R02/T07/gates/reg-t02-dual-instance/a03-inst2-marker.txt
tests/round2-delivery-evidence.test.ts	3	  - artifacts/rust-tauri/R02/T07/gates/reg-t02-dual-instance/a03-inst2-stderr.log
tests/round2-delivery-evidence.test.ts	3	  - artifacts/rust-tauri/R02/T07/gates/reg-t02-dual-instance/a03-inst2-stdout.log
tests/round2-delivery-evidence.test.ts	3	  - artifacts/rust-tauri/R02/T07/gates/reg-t02-dual-instance/a03-inst2b-stderr.log
tests/round2-delivery-evidence.test.ts	3	  - artifacts/rust-tauri/R02/T07/gates/reg-t02-dual-instance/a03-inst2b-stdout.log
tests/round2-delivery-evidence.test.ts	3	  - artifacts/rust-tauri/R02/T07/gates/reg-t02-dual-instance/a03-inst3-stderr.log
tests/round2-delivery-evidence.test.ts	3	  - artifacts/rust-tauri/R02/T07/gates/reg-t02-dual-instance/a03-inst3-stdout.log
tests/round2-delivery-evidence.test.ts	3	  - artifacts/rust-tauri/R02/T07/gates/reg-t02-dual-instance/a03-inst4-stderr.log
tests/round2-delivery-evidence.test.ts	3	  - artifacts/rust-tauri/R02/T07/gates/reg-t02-dual-instance/a03-inst4-stdout.log
tests/round2-delivery-evidence.test.ts	3	  - artifacts/rust-tauri/R02/T07/gates/reg-t02-dual-instance/a03-summary.txt
tests/round2-delivery-evidence.test.ts	3	  - artifacts/rust-tauri/R02/T07/gates/reg-t02-f01-env-token.log
tests/round2-delivery-evidence.test.ts	3	  - artifacts/rust-tauri/R02/T07/gates/reg-t02-f01-env-token/f01-0-baseline-green.log
tests/round2-delivery-evidence.test.ts	3	  - artifacts/rust-tauri/R02/T07/gates/reg-t02-f01-env-token/f01-1-injected-rejected.log
tests/round2-delivery-evidence.test.ts	3	  - artifacts/rust-tauri/R02/T07/gates/reg-t02-f01-env-token/f01-2-restored-green.log
tests/round2-delivery-evidence.test.ts	3	  - artifacts/rust-tauri/R02/T07/gates/reg-t02-path-priority.log
tests/round2-delivery-evidence.test.ts	3	  - artifacts/rust-tauri/R02/T07/gates/reg-t02-path-priority/a04-build.log
tests/round2-delivery-evidence.test.ts	3	  - artifacts/rust-tauri/R02/T07/gates/reg-t02-path-priority/a04-cli-stderr.log
tests/round2-delivery-evidence.test.ts	3	  - artifacts/rust-tauri/R02/T07/gates/reg-t02-path-priority/a04-cli-stdout.log
tests/round2-delivery-evidence.test.ts	3	  - artifacts/rust-tauri/R02/T07/gates/reg-t02-path-priority/a04-config-file-stderr.log
tests/round2-delivery-evidence.test.ts	3	  - artifacts/rust-tauri/R02/T07/gates/reg-t02-path-priority/a04-config-file-stdout.log
tests/round2-delivery-evidence.test.ts	3	  - artifacts/rust-tauri/R02/T07/gates/reg-t02-path-priority/a04-conflict-stderr.log
tests/round2-delivery-evidence.test.ts	3	  - artifacts/rust-tauri/R02/T07/gates/reg-t02-path-priority/a04-conflict-stdout.log
tests/round2-delivery-evidence.test.ts	3	  - artifacts/rust-tauri/R02/T07/gates/reg-t02-path-priority/a04-env-stderr.log
tests/round2-delivery-evidence.test.ts	3	  - artifacts/rust-tauri/R02/T07/gates/reg-t02-path-priority/a04-env-stdout.log
tests/round2-delivery-evidence.test.ts	3	  - artifacts/rust-tauri/R02/T07/gates/reg-t02-path-priority/a04-neg-bad-config-stderr.log
tests/round2-delivery-evidence.test.ts	3	  - artifacts/rust-tauri/R02/T07/gates/reg-t02-path-priority/a04-neg-bad-config-stdout.log
tests/round2-delivery-evidence.test.ts	3	  - artifacts/rust-tauri/R02/T07/gates/reg-t02-path-priority/a04-neg-duplicate-home-stderr.log
tests/round2-delivery-evidence.test.ts	3	  - artifacts/rust-tauri/R02/T07/gates/reg-t02-path-priority/a04-neg-duplicate-home-stdout.log
tests/round2-delivery-evidence.test.ts	3	  - artifacts/rust-tauri/R02/T07/gates/reg-t02-path-priority/a04-neg-equals-form-stderr.log
tests/round2-delivery-evidence.test.ts	3	  - artifacts/rust-tauri/R02/T07/gates/reg-t02-path-priority/a04-neg-equals-form-stdout.log
tests/round2-delivery-evidence.test.ts	3	  - artifacts/rust-tauri/R02/T07/gates/reg-t02-path-priority/a04-neg-flag-shaped-stderr.log
tests/round2-delivery-evidence.test.ts	3	  - artifacts/rust-tauri/R02/T07/gates/reg-t02-path-priority/a04-neg-flag-shaped-stdout.log
tests/round2-delivery-evidence.test.ts	3	  - artifacts/rust-tauri/R02/T07/gates/reg-t02-path-priority/a04-neg-missing-config-stderr.log
tests/round2-delivery-evidence.test.ts	3	  - artifacts/rust-tauri/R02/T07/gates/reg-t02-path-priority/a04-neg-missing-config-stdout.log
tests/round2-delivery-evidence.test.ts	3	  - artifacts/rust-tauri/R02/T07/gates/reg-t02-path-priority/a04-neg-no-source-stderr.log
tests/round2-delivery-evidence.test.ts	3	  - artifacts/rust-tauri/R02/T07/gates/reg-t02-path-priority/a04-neg-no-source-stdout.log
tests/round2-delivery-evidence.test.ts	3	  - artifacts/rust-tauri/R02/T07/gates/reg-t02-path-priority/a04-neg-relative-home-stderr.log
tests/round2-delivery-evidence.test.ts	3	  - artifacts/rust-tauri/R02/T07/gates/reg-t02-path-priority/a04-neg-relative-home-stdout.log
tests/round2-delivery-evidence.test.ts	3	  - artifacts/rust-tauri/R02/T07/gates/reg-t02-path-priority/a04-summary.txt
tests/round2-delivery-evidence.test.ts	3	  - artifacts/rust-tauri/R02/T07/gates/reg-t02-path-priority/a04-test-mode-stderr.log
tests/round2-delivery-evidence.test.ts	3	  - artifacts/rust-tauri/R02/T07/gates/reg-t02-path-priority/a04-test-mode-stdout.log
tests/round2-delivery-evidence.test.ts	3	  - artifacts/rust-tauri/R02/T07/gates/reg-t03-auth-matrix.log
tests/round2-delivery-evidence.test.ts	3	  - artifacts/rust-tauri/R02/T07/gates/reg-t03-auth-matrix/.last-body
tests/round2-delivery-evidence.test.ts	3	  - artifacts/rust-tauri/R02/T07/gates/reg-t03-auth-matrix/body-limit.txt
tests/round2-delivery-evidence.test.ts	3	  - artifacts/rust-tauri/R02/T07/gates/reg-t03-auth-matrix/build.log
tests/round2-delivery-evidence.test.ts	3	  - artifacts/rust-tauri/R02/T07/gates/reg-t03-auth-matrix/creds-after-authz.json
tests/round2-delivery-evidence.test.ts	3	  - artifacts/rust-tauri/R02/T07/gates/reg-t03-auth-matrix/creds-before-authz.json
tests/round2-delivery-evidence.test.ts	3	  - artifacts/rust-tauri/R02/T07/gates/reg-t03-auth-matrix/devices-after-authz.json
tests/round2-delivery-evidence.test.ts	3	  - artifacts/rust-tauri/R02/T07/gates/reg-t03-auth-matrix/devices-before-authz.json
tests/round2-delivery-evidence.test.ts	3	  - artifacts/rust-tauri/R02/T07/gates/reg-t03-auth-matrix/neg-startup.log
tests/round2-delivery-evidence.test.ts	3	  - artifacts/rust-tauri/R02/T07/gates/reg-t03-auth-matrix/server-stderr.log
tests/round2-delivery-evidence.test.ts	3	  - artifacts/rust-tauri/R02/T07/gates/reg-t03-auth-matrix/server-stdout.log
tests/round2-delivery-evidence.test.ts	3	  - artifacts/rust-tauri/R02/T07/gates/reg-t03-auth-matrix/state-after-authn.txt
tests/round2-delivery-evidence.test.ts	3	  - artifacts/rust-tauri/R02/T07/gates/reg-t03-auth-matrix/state-after.txt
tests/round2-delivery-evidence.test.ts	3	  - artifacts/rust-tauri/R02/T07/gates/reg-t03-auth-matrix/state-before-authz.txt
tests/round2-delivery-evidence.test.ts	3	  - artifacts/rust-tauri/R02/T07/gates/reg-t03-auth-matrix/state-before.txt
tests/round2-delivery-evidence.test.ts	3	  - artifacts/rust-tauri/R02/T07/gates/reg-t03-auth-matrix/summary.txt
tests/round2-delivery-evidence.test.ts	3	  - artifacts/rust-tauri/R02/T07/gates/reg-t03-auth-matrix/ws-matrix.json
tests/round2-delivery-evidence.test.ts	3	  - artifacts/rust-tauri/R02/T07/gates/reg-t04-storage-tx.log
tests/round2-delivery-evidence.test.ts	3	  - artifacts/rust-tauri/R02/T07/gates/reg-t04-storage-tx/build.log
tests/round2-delivery-evidence.test.ts	3	  - artifacts/rust-tauri/R02/T07/gates/reg-t04-storage-tx/last-db-hashes.txt
tests/round2-delivery-evidence.test.ts	3	  - artifacts/rust-tauri/R02/T07/gates/reg-t04-storage-tx/s1-counts-after-stop.json
tests/round2-delivery-evidence.test.ts	3	  - artifacts/rust-tauri/R02/T07/gates/reg-t04-storage-tx/s2-counts-after-crash.json
tests/round2-delivery-evidence.test.ts	3	  - artifacts/rust-tauri/R02/T07/gates/reg-t04-storage-tx/s2-runs-dump.jsonl
tests/round2-delivery-evidence.test.ts	3	  - artifacts/rust-tauri/R02/T07/gates/reg-t04-storage-tx/s3-fault.err
tests/round2-delivery-evidence.test.ts	3	  - artifacts/rust-tauri/R02/T07/gates/reg-t04-storage-tx/s3-fault.out
tests/round2-delivery-evidence.test.ts	3	  - artifacts/rust-tauri/R02/T07/gates/reg-t04-storage-tx/s4-hashes-after.txt
tests/round2-delivery-evidence.test.ts	3	  - artifacts/rust-tauri/R02/T07/gates/reg-t04-storage-tx/s4-hashes-before
