# binding-exclusion: artifacts/rust-tauri/R05/RR2/B-R2/R2/s5-full/ev/legacy-entry/** — this run's run-time output root (runner output, never candidate source); applied symmetrically to BOTH the main-repo binding and the candidate-copy binding (E0 mirror compare)
# binding-exclusion: artifacts/rust-tauri/R05/RR2/B-R2/R2/s5-full/run-root/stderr.log/** — this run's run-time output root (runner output, never candidate source); applied symmetrically to BOTH the main-repo binding and the candidate-copy binding (E0 mirror compare)
33e5d008027ebeb3aa54ec4e612b416109f752d9a242a1b161a02d0a7b5c9ab5  ??  artifacts/rust-tauri/R05/RR2/A-R2/REPORT.md
45f75b19e5718ce74d75d27dc949e2b0cc21908a1e53dca4d31c24e03ebe8e09  ??  artifacts/rust-tauri/R05/RR2/A-R2/fingerprint-extraction/build.log
bc956af2a612d989e0a59fc2c99c073f807dc2aaf08600fca4930dcf4fcd4cba  ??  artifacts/rust-tauri/R05/RR2/A-R2/fingerprint-extraction/fresh-home-path.txt
a581a6c7f5cd4ad9917dd5dcec8abf661e6e15ffbd720437367d790444c44391  ??  artifacts/rust-tauri/R05/RR2/A-R2/fingerprint-extraction/fresh-migrations.json
0b092af07eb53554197e84f5818fb62336de7dce1a3b3b1335eda6510143c858  ??  artifacts/rust-tauri/R05/RR2/A-R2/fingerprint-extraction/fresh-service.err
2f417a75a7e5e7ee61825301b566f27a48804d508e1a2bbb503118f42b3918a5  ??  artifacts/rust-tauri/R05/RR2/A-R2/fingerprint-extraction/fresh-service.out
e3b0c44298fc1c149afbf4c8996fb92427ae41e4649b934ca495991b7852b855  ??  artifacts/rust-tauri/R05/RR2/A-R2/fmt-check.log
4baf80f747bdab4baef58c3bdd2c33084623a1597aee5ed9975b2ca3672ffff8  ??  artifacts/rust-tauri/R05/RR2/A-R2/mutations/baseline-s0consistency.log
e3b0c44298fc1c149afbf4c8996fb92427ae41e4649b934ca495991b7852b855  ??  artifacts/rust-tauri/R05/RR2/A-R2/mutations/baseline-s4equation.log
66b84fa0a56984d870eccfb8f3e6da3a178cf5eea215153f6c7ac7de8b9ea5b6  ??  artifacts/rust-tauri/R05/RR2/A-R2/mutations/mut1-del-v6-s0consistency.log
b49073e6f68cad42d6f4aea01c077a4c6810e0a0762b93c57b68f99bcefc4534  ??  artifacts/rust-tauri/R05/RR2/A-R2/mutations/mut1-del-v6-s4equation.log
ce45c2d07b8deb170bbffeb24b9f905864cf1ef5f2b339bb330be36b8e1a89f6  ??  artifacts/rust-tauri/R05/RR2/A-R2/mutations/mut2-v7-fp-s0consistency.log
fbbd00ebe5ce4c5a27b397653464ee3de4209a64372b8dd73a4ef1d518735308  ??  artifacts/rust-tauri/R05/RR2/A-R2/mutations/mut2-v7-fp-s4equation.log
2776c148c42489d9924be4b0d9e10e51ecf978f21838e37bd3fdaf3fcbaea828  ??  artifacts/rust-tauri/R05/RR2/A-R2/mutations/mut3-v2-fp-s0consistency.log
782acd5969348f070b17a93c62f65ca9a90f99a54c677fe89ca427bef9e324a5  ??  artifacts/rust-tauri/R05/RR2/A-R2/mutations/mut3-v2-fp-s4equation.log
9785871fb67a4d5fdc0b469911dabecd4c7c0fb7dfab1ffae957ee9dee72ce2e  ??  artifacts/rust-tauri/R05/RR2/A-R2/mutations/registry-pristine.json
4baf80f747bdab4baef58c3bdd2c33084623a1597aee5ed9975b2ca3672ffff8  ??  artifacts/rust-tauri/R05/RR2/A-R2/mutations/restored-s0consistency.log
e3b0c44298fc1c149afbf4c8996fb92427ae41e4649b934ca495991b7852b855  ??  artifacts/rust-tauri/R05/RR2/A-R2/mutations/restored-s4equation.log
97dc9dcad83aa7956e787f8823282317c8099db6d738b60ad5fa067a6f1dfb57  ??  artifacts/rust-tauri/R05/RR2/A-R2/mutations/run.log
eece949841b10f51223c60eac5caec9fdbebcf9b86c55b19d4bad68d3a3a7f3a  ??  artifacts/rust-tauri/R05/RR2/A-R2/mutations/run.sh
566e30e868028aef750987c47a9a3ee13a1446b273abf51b405008fa7005eb12  ??  artifacts/rust-tauri/R05/RR2/A-R2/r02-storage-tx-stdout.log
732186322402325172940531d8d6d7cfac85dc902585b2bef6715ad6839dacfd  ??  artifacts/rust-tauri/R05/RR2/A-R2/r02-storage-tx/build.log
ee1de2499e88ba9b54683f3749eec61f23e4044a8074874194e0746ea2442198  ??  artifacts/rust-tauri/R05/RR2/A-R2/r02-storage-tx/last-db-hashes.txt
4baf80f747bdab4baef58c3bdd2c33084623a1597aee5ed9975b2ca3672ffff8  ??  artifacts/rust-tauri/R05/RR2/A-R2/r02-storage-tx/s0-registry-consistency.log
d713b4d2f2123afe9c6c7fc9f2e89746849192a9276c9c9383b94d4ab7fd0c66  ??  artifacts/rust-tauri/R05/RR2/A-R2/r02-storage-tx/s1-counts-after-stop.json
347987f9452c382b32e905cd01a47510e5b5052b9177d6711a0828ded331f07a  ??  artifacts/rust-tauri/R05/RR2/A-R2/r02-storage-tx/s2-counts-after-crash.json
bdf5dfd9efb7761260b8747df592ea3d55cc3f7d8d86b89170bacd78cd053183  ??  artifacts/rust-tauri/R05/RR2/A-R2/r02-storage-tx/s2-runs-dump.jsonl
f0224947b05c717b9bf86f628fbd2f0546a4873418de0e68bc008ca608a13c1a  ??  artifacts/rust-tauri/R05/RR2/A-R2/r02-storage-tx/s3-fault.err
e3b0c44298fc1c149afbf4c8996fb92427ae41e4649b934ca495991b7852b855  ??  artifacts/rust-tauri/R05/RR2/A-R2/r02-storage-tx/s3-fault.out
7b84b7f69cc2e69f69772634f95d1d0e09b68087cd86cbf52e4230f6bbf50376  ??  artifacts/rust-tauri/R05/RR2/A-R2/r02-storage-tx/s4-hashes-after.txt
7b84b7f69cc2e69f69772634f95d1d0e09b68087cd86cbf52e4230f6bbf50376  ??  artifacts/rust-tauri/R05/RR2/A-R2/r02-storage-tx/s4-hashes-before.txt
07e4e20ea13119d473bbab91ea18ef39cbbe75db60d81cd4d3e5261e73f92308  ??  artifacts/rust-tauri/R05/RR2/A-R2/r02-storage-tx/s4-migrations-round1.json
07e4e20ea13119d473bbab91ea18ef39cbbe75db60d81cd4d3e5261e73f92308  ??  artifacts/rust-tauri/R05/RR2/A-R2/r02-storage-tx/s4-migrations-round2.json
07e4e20ea13119d473bbab91ea18ef39cbbe75db60d81cd4d3e5261e73f92308  ??  artifacts/rust-tauri/R05/RR2/A-R2/r02-storage-tx/s4-migrations-round3.json
e62fe0e3d92160d650e68bdbc162897447dd6977f23668ee19ae1d105efa32a3  ??  artifacts/rust-tauri/R05/RR2/A-R2/r02-storage-tx/service-s1.err
3b9b17c5de23be32a2a946984f47df6748c5d2090fb6286bbbab79f6b038e92b  ??  artifacts/rust-tauri/R05/RR2/A-R2/r02-storage-tx/service-s1.out
4ebf3cfa408acd3938dbe3e85ed5dfc7e621e95399852062dd222269275b9fc0  ??  artifacts/rust-tauri/R05/RR2/A-R2/r02-storage-tx/service-s1b.err
760c1f9f5307f0fd6aa2d14fb4ba828b775db647206622d04bf4f33b28093978  ??  artifacts/rust-tauri/R05/RR2/A-R2/r02-storage-tx/service-s1b.out
6158c0243412170f015b2d73e9135b34de4ff1092fc18c6cfdaf07d10d99a4b6  ??  artifacts/rust-tauri/R05/RR2/A-R2/r02-storage-tx/service-s2.err
dc61a2f2928f37de94da0d36cb625d4e156410e9f89edb54e885f45b9b5021d5  ??  artifacts/rust-tauri/R05/RR2/A-R2/r02-storage-tx/service-s2.out
99689ad2e5185bfeec8dd0b37915e4de224a2c6fa667d3e708a36ca22c9d6c2a  ??  artifacts/rust-tauri/R05/RR2/A-R2/r02-storage-tx/service-s2b.err
ac0b2bfb4a584d518c66a27032281dcb3eca8c543581d2dde8ff633dbc72bcc7  ??  artifacts/rust-tauri/R05/RR2/A-R2/r02-storage-tx/service-s2b.out
6a0961b0c5a5373ec8fdca357f4a21245f09e0d63b55d2b9c1d04d246cf981d7  ??  artifacts/rust-tauri/R05/RR2/A-R2/r02-storage-tx/service-s4-1.err
dd6674cdf4a16bb78f29a3d8e8f2dfdb39c6a2b0d2a308f279da9e4b479bb93c  ??  artifacts/rust-tauri/R05/RR2/A-R2/r02-storage-tx/service-s4-1.out
383c07d75f4e9fc1e035f59c2738374a30e27ff62462e1a4f75dcac9fddce867  ??  artifacts/rust-tauri/R05/RR2/A-R2/r02-storage-tx/service-s4-2.err
df938888780604eb17cf55c274bf0e5a7412a6b6f47d29813dc5d91b6cab9f26  ??  artifacts/rust-tauri/R05/RR2/A-R2/r02-storage-tx/service-s4-2.out
048a65da078a9e998546729f6d1bcda08e4099dc897dddb38692aa45647ed950  ??  artifacts/rust-tauri/R05/RR2/A-R2/r02-storage-tx/service-s4-3.err
ecf059f87366ced627d3f6fb44aa7e4cd937db404b13187ff1025c3d6558829e  ??  artifacts/rust-tauri/R05/RR2/A-R2/r02-storage-tx/service-s4-3.out
0fd13ae8708bdd36178eda3efd9b936f01b2fc593554c99d6c01b7453cdb3f8b  ??  artifacts/rust-tauri/R05/RR2/A-R2/r02-storage-tx/service.addr
7571084f2cb7cff97ed33dfafaaee6971e9c883c5698189652289e2879dcda6d  ??  artifacts/rust-tauri/R05/RR2/A-R2/r02-storage-tx/service.pid
23d1abb3299376baf799de84e8bdb32c61d15f08b735adef1f3d15edf2e4ab75  ??  artifacts/rust-tauri/R05/RR2/A-R2/r02-storage-tx/summary.txt
1976eadc18d121a7266bc5d20e5f7f01277653be02af5841361e37f4c84a3b48  ??  artifacts/rust-tauri/R05/RR2/A-R2/upgrade-v5-to-v7/migrations-after-upgrade.json
b3cd655b7c85b8d3ef8c7402213a9d63501b064980c6a2b4c6e53d2f9c0bc61a  ??  artifacts/rust-tauri/R05/RR2/A-R2/upgrade-v5-to-v7/run.log
2136eec7f6b6fed00502133144c317804d3a1efd4db00e4c198be17d095eef0e  ??  artifacts/rust-tauri/R05/RR2/A-R2/upgrade-v5-to-v7/run.sh
46aac89d3eb5402d1195636d23925709b74cc0fad2d64f481986a32f6905dc18  ??  artifacts/rust-tauri/R05/RR2/A-R2/upgrade-v5-to-v7/schema-v5.sql
04b698bdbcf4d5aeb143391abf301b44582d8e985c4ad25f4bc29a52f103b441  ??  artifacts/rust-tauri/R05/RR2/A-R2/upgrade-v5-to-v7/unknown-semantics.json
3140494747b3b4e70600db0f6c9e74a63389057d93d034a17e7b913ccdae7984  ??  artifacts/rust-tauri/R05/RR2/A-R2/upgrade-v5-to-v7/upgrade-service.err
37abc47471049348f7e5bfbe0e538407cba7d24a56b3c8df0a740cacfd24b2db  ??  artifacts/rust-tauri/R05/RR2/A-R2/upgrade-v5-to-v7/upgrade-service.out
03cbdeccca06eadf75d800719ab0c5d1cd0bd1b16723394d210ca2353dc8d860  ??  artifacts/rust-tauri/R05/RR2/A-R2/upgrade-v5-to-v7/usage-after-upgrade.json
25b43020e3a20f5f1a92632aa017a1b092efb4d44afc402dbf6babfeeefe80fa  ??  artifacts/rust-tauri/R05/RR2/A-R2/upgrade-v5-to-v7/usage-before-upgrade.json
7ffe6b5e416c6f226fcd72ec8d5d4a4b143047a96ab011dfc83928c53b33aa00  ??  artifacts/rust-tauri/R05/RR2/B-R2/R2/bin/illegal.sh
c452e7c3e87339ff7bb563687d222ba3573068dcf9d77dbcd052ab19a447c71e  ??  artifacts/rust-tauri/R05/RR2/B-R2/R2/bin/lib.sh
aa8ecddc44dd302b0e3be25e776e83e960754585bb44067e1c0348f83b932cec  ??  artifacts/rust-tauri/R05/RR2/B-R2/R2/bin/n6_dedication.sh
b0f304a44e46956adf7ffb011a2ac701c62bb6b9c8adca160710244a8136d7b1  ??  artifacts/rust-tauri/R05/RR2/B-R2/R2/bin/neg.sh
e6977263a61145be6006e159eabcb44f0d61501c4f30c871080ccf2b8838625f  ??  artifacts/rust-tauri/R05/RR2/B-R2/R2/bin/s1a_inrepo.sh
728197e3026255e688c279a1c01bd7aee5802aab3cb199742d5144810b116b29  ??  artifacts/rust-tauri/R05/RR2/B-R2/R2/bin/s1b_outrepo.sh
ac95227e8b5911a77ec29f89298989e304d9947b2003e2a44798915180db440c  ??  artifacts/rust-tauri/R05/RR2/B-R2/R2/bin/s2_nested.sh
b57f8c4a28d15bf8632540946334df359e775a61653bdf6c0f2be5077a03c909  ??  artifacts/rust-tauri/R05/RR2/B-R2/R2/bin/s3_clean.sh
3f3d231d34060add18b57895ebec8593779331f5354e67f8ecf27bfaeeafc1f5  ??  artifacts/rust-tauri/R05/RR2/B-R2/R2/bin/s5_full.sh
2e148b8813bcae5094aea9f76907f85cd5836a57ad1033fd16868c0896ba4473  ??  artifacts/rust-tauri/R05/RR2/B-R2/R2/s5-full/run-root/stdout.log
c585f54bec25ba5f0dc54806ba34cbfe495cf3e36ce61ddabf34cb98d075fdea  ??  artifacts/rust-tauri/R05/RR2/B-R2/bin/mut_n1_source_change.sh
13de53554e694129c665e4fdbd650736fec97491be267bc20dce2b9dd855e3bd  ??  artifacts/rust-tauri/R05/RR2/B-R2/bin/mut_n2_new_file.sh
5b5d090ac344266d9ca1065c338828015c06080a9136b726d185879607f68712  ??  artifacts/rust-tauri/R05/RR2/B-R2/bin/mut_n3_delete_file.sh
4f0a7930f24a45e349f73a9c031f244799c9ba03d3a5ae3e76375cfb1756a7e9  ??  artifacts/rust-tauri/R05/RR2/B-R2/bin/mut_n4_old_static_evidence.sh
c65c95a13f3f4700631592b964f472f8b2258a20f873dd71ff9cde8e4747fdcd  ??  artifacts/rust-tauri/R05/RR2/B-R2/bin/negative_driver.sh
ddc884bfdfd22a48a3f53f203cea14a87d596d9c40b138c53835d790436e36d8  ??  artifacts/rust-tauri/R05/RR2/B-R2/bin/nested_sim_mid.sh
6f7a20f717fc66fc0ce468273c8d74e71d341aae545972638f51ddb25bbac448  ??  artifacts/rust-tauri/R05/RR2/B-R2/bin/nested_sim_outer.sh
b7a024f2e555bd9992f45b8773705d2b089082bb61b34759363953284ae1b837  ??  artifacts/rust-tauri/R05/RR2/B-R2/nested-sim-1/R04_REGRESSION/R03_REGRESSION/R02/A16/legacy-entry/e0-base-checkout.log
523ab963a6589a5728516dedfd166d3bb33ca94dad0fc96ba72028e6cc17b218  ??  artifacts/rust-tauri/R05/RR2/B-R2/nested-sim-1/R04_REGRESSION/R03_REGRESSION/R02/A16/legacy-entry/e0-base-purity.txt
0f137a17ef58f3ef31f2f2396eee058378ed1b1724208544eb5f0ffcdee13a53  ??  artifacts/rust-tauri/R05/RR2/B-R2/nested-sim-1/R04_REGRESSION/R03_REGRESSION/R02/A16/legacy-entry/e0-binding-exclusion-candidates.tsv
44b4f0b85d17e5b1568d6fb40de84b6fd8fb12c642cfcc08fdca614da9fa0bbe  ??  artifacts/rust-tauri/R05/RR2/B-R2/nested-sim-1/R04_REGRESSION/R03_REGRESSION/R02/A16/legacy-entry/e0-binding-exclusions.txt
f5a119290067fa157b49c5242a5557d39b6d5268cdd1d0730207fd22bf5c6ae7  ??  artifacts/rust-tauri/R05/RR2/B-R2/nested-sim-1/R04_REGRESSION/R03_REGRESSION/R02/A16/legacy-entry/e0-candidate-binding.tsv
9ac5fef697fdb351f0aa2bf9762625fa526681cc7bf0b3ee14454e4360e5c224  ??  artifacts/rust-tauri/R05/RR2/B-R2/nested-sim-1/R04_REGRESSION/R03_REGRESSION/R02/A16/legacy-entry/e0-candidate-dirty.diff
2ab25aef5de49568265df0e604ed72905fda351be0cecc26c1cb8742bc3d7f86  ??  artifacts/rust-tauri/R05/RR2/B-R2/nested-sim-1/R04_REGRESSION/R03_REGRESSION/R02/A16/legacy-entry/e0-candidate-dirty.txt
5fa2e0c14faf6d8b9d84acb7186e005f621e3e506f8fc98442d29b082fcde191  ??  artifacts/rust-tauri/R05/RR2/B-R2/nested-sim-1/R04_REGRESSION/R03_REGRESSION/R02/A16/legacy-entry/e0-run-output-sinks.txt
ca2cee61e9419221291ea5aab76c235c97f020ea1394f64c51988f7b52be63a4  ??  artifacts/rust-tauri/R05/RR2/B-R2/nested-sim-1/R04_REGRESSION/R03_REGRESSION/R02/A16/legacy-entry/e0s-self-checks.log
dafecdaa505ce47155b8f0b1a6b9d326f65e6e84a229add0428c0fb851a0e505  ??  artifacts/rust-tauri/R05/RR2/B-R2/nested-sim-1/R04_REGRESSION/R03_REGRESSION/R02/A16/legacy-entry/e1-binding-surface-intersect.txt
e478b5019f8dc054385b670fc46863aacb8ae7bb2c6af54b195ae23a7474e9a3  ??  artifacts/rust-tauri/R05/RR2/B-R2/nested-sim-1/R04_REGRESSION/R03_REGRESSION/R02/A16/legacy-entry/e1-default-entry-assertions.txt
ef2350de6ebbff4c6a51fabb6fb01f20fc0a67edbd04555ea9e9a1603d3e4f19  ??  artifacts/rust-tauri/R05/RR2/B-R2/nested-sim-1/R04_REGRESSION/R03_REGRESSION/R02/A16/legacy-entry/e1-surface-diff-files.txt
b32daeef2af45d85547f664e7ad68b9dd0c290942ad702592eff35b5cb4a65d8  ??  artifacts/rust-tauri/R05/RR2/B-R2/nested-sim-1/R04_REGRESSION/R03_REGRESSION/R02/A16/legacy-entry/e2-typecheck.log
9a3a2b6ce40e47627287266176c6142f859d948935aa73c756c0a6e541a2ced7  ??  artifacts/rust-tauri/R05/RR2/B-R2/nested-sim-1/R04_REGRESSION/R03_REGRESSION/R02/A16/legacy-entry/e3-core-contracts.log
ab429fa5caea17807177701b48ffca64c6924fdf21cf8c42bd43d8b5ee4d40e7  ??  artifacts/rust-tauri/R05/RR2/B-R2/nested-sim-1/R04_REGRESSION/R03_REGRESSION/R02/A16/legacy-entry/e4-5-build-renderer.log
c11e6e8682611ee33a4fbebfb0c523ff0ac68101d9ffaba047b473467f04fcda  ??  artifacts/rust-tauri/R05/RR2/B-R2/nested-sim-1/R04_REGRESSION/R03_REGRESSION/R02/A16/legacy-entry/e4-dependency-boundaries.log
534d14a715be12a3b18831a54b9a1dbbff8bed8e4667b56d795f8036e42f72d3  ??  artifacts/rust-tauri/R05/RR2/B-R2/nested-sim-1/R04_REGRESSION/R03_REGRESSION/R02/A16/legacy-entry/e4-tool-invocation-boundaries.log
65a8e4d55d1d7b3d0f11e06928569acf896fdaa4c01cf07c3eb17427b16c603a  ??  artifacts/rust-tauri/R05/RR2/B-R2/nested-sim-1/R04_REGRESSION/R03_REGRESSION/R02/A16/legacy-entry/e5-cause-classes.txt
a6336e88a861d5d65bf8332c6e104672fbecde11272907b15e2847bc36cfc7b2  ??  artifacts/rust-tauri/R05/RR2/B-R2/nested-sim-1/R04_REGRESSION/R03_REGRESSION/R02/A16/legacy-entry/e5-seal-family.txt
64154c4db120cedd38f3ed3bbf6d3dc8820b0716d7f3c29cbc6a7636b5eef373  ??  artifacts/rust-tauri/R05/RR2/B-R2/nested-sim-1/R04_REGRESSION/R03_REGRESSION/R02/A16/legacy-entry/summary.txt
e3b0c44298fc1c149afbf4c8996fb92427ae41e4649b934ca495991b7852b855  ??  artifacts/rust-tauri/R05/RR2/B-R2/nested-sim-1/R04_REGRESSION/R03_REGRESSION/r02_legacy_regression/stderr.log
40ac821eef91f8f6b219a96eb65649fd62c191ac511a26187794b6c1bf091750  ??  artifacts/rust-tauri/R05/RR2/B-R2/nested-sim-1/R04_REGRESSION/R03_REGRESSION/r02_legacy_regression/stdout.log
e3b0c44298fc1c149afbf4c8996fb92427ae41e4649b934ca495991b7852b855  ??  artifacts/rust-tauri/R05/RR2/B-R2/nested-sim-1/R04_REGRESSION/r03_regression_gate/stderr.log
3a6a20c4ca5f48110cd1fa3b159508d92b949ecedb3c3e1b7974716e113f7813  ??  artifacts/rust-tauri/R05/RR2/B-R2/nested-sim-1/R04_REGRESSION/r03_regression_gate/stdout.log
b7a024f2e555bd9992f45b8773705d2b089082bb61b34759363953284ae1b837  ??  artifacts/rust-tauri/R05/RR2/B-R2/nested-sim-2/R04_REGRESSION/R03_REGRESSION/R02/A16/legacy-entry/e0-base-checkout.log
523ab963a6589a5728516dedfd166d3bb33ca94dad0fc96ba72028e6cc17b218  ??  artifacts/rust-tauri/R05/RR2/B-R2/nested-sim-2/R04_REGRESSION/R03_REGRESSION/R02/A16/legacy-entry/e0-base-purity.txt
003afa8157559805f1d73c88bbe1bf32152c4d6b276726c1cabc646929406515  ??  artifacts/rust-tauri/R05/RR2/B-R2/nested-sim-2/R04_REGRESSION/R03_REGRESSION/R02/A16/legacy-entry/e0-binding-exclusion-candidates.tsv
2060285c3096974e60a6aad432dfba80d4ea5f22b1d92e54a411860721bd1959  ??  artifacts/rust-tauri/R05/RR2/B-R2/nested-sim-2/R04_REGRESSION/R03_REGRESSION/R02/A16/legacy-entry/e0-binding-exclusions.txt
37bf49d06652acb5281832fc0c83d38baee7000d164df175249579f9250be078  ??  artifacts/rust-tauri/R05/RR2/B-R2/nested-sim-2/R04_REGRESSION/R03_REGRESSION/R02/A16/legacy-entry/e0-candidate-binding.tsv
9ac5fef697fdb351f0aa2bf9762625fa526681cc7bf0b3ee14454e4360e5c224  ??  artifacts/rust-tauri/R05/RR2/B-R2/nested-sim-2/R04_REGRESSION/R03_REGRESSION/R02/A16/legacy-entry/e0-candidate-dirty.diff
2ab25aef5de49568265df0e604ed72905fda351be0cecc26c1cb8742bc3d7f86  ??  artifacts/rust-tauri/R05/RR2/B-R2/nested-sim-2/R04_REGRESSION/R03_REGRESSION/R02/A16/legacy-entry/e0-candidate-dirty.txt
5c5e7a375d6c2104d059341f2154bf6a4c4bcafdedcbdfd5210f88c39bb7d085  ??  artifacts/rust-tauri/R05/RR2/B-R2/nested-sim-2/R04_REGRESSION/R03_REGRESSION/R02/A16/legacy-entry/e0-run-output-sinks.txt
ca2cee61e9419221291ea5aab76c235c97f020ea1394f64c51988f7b52be63a4  ??  artifacts/rust-tauri/R05/RR2/B-R2/nested-sim-2/R04_REGRESSION/R03_REGRESSION/R02/A16/legacy-entry/e0s-self-checks.log
dafecdaa505ce47155b8f0b1a6b9d326f65e6e84a229add0428c0fb851a0e505  ??  artifacts/rust-tauri/R05/RR2/B-R2/nested-sim-2/R04_REGRESSION/R03_REGRESSION/R02/A16/legacy-entry/e1-binding-surface-intersect.txt
e478b5019f8dc054385b670fc46863aacb8ae7bb2c6af54b195ae23a7474e9a3  ??  artifacts/rust-tauri/R05/RR2/B-R2/nested-sim-2/R04_REGRESSION/R03_REGRESSION/R02/A16/legacy-entry/e1-default-entry-assertions.txt
ef2350de6ebbff4c6a51fabb6fb01f20fc0a67edbd04555ea9e9a1603d3e4f19  ??  artifacts/rust-tauri/R05/RR2/B-R2/nested-sim-2/R04_REGRESSION/R03_REGRESSION/R02/A16/legacy-entry/e1-surface-diff-files.txt
b32daeef2af45d85547f664e7ad68b9dd0c290942ad702592eff35b5cb4a65d8  ??  artifacts/rust-tauri/R05/RR2/B-R2/nested-sim-2/R04_REGRESSION/R03_REGRESSION/R02/A16/legacy-entry/e2-typecheck.log
9a3a2b6ce40e47627287266176c6142f859d948935aa73c756c0a6e541a2ced7  ??  artifacts/rust-tauri/R05/RR2/B-R2/nested-sim-2/R04_REGRESSION/R03_REGRESSION/R02/A16/legacy-entry/e3-core-contracts.log
765500e1fff8c89a14914bfaaee6479ab6a6beedcd4b9c28730553eac9cd36c6  ??  artifacts/rust-tauri/R05/RR2/B-R2/nested-sim-2/R04_REGRESSION/R03_REGRESSION/R02/A16/legacy-entry/e4-5-build-renderer.log
c11e6e8682611ee33a4fbebfb0c523ff0ac68101d9ffaba047b473467f04fcda  ??  artifacts/rust-tauri/R05/RR2/B-R2/nested-sim-2/R04_REGRESSION/R03_REGRESSION/R02/A16/legacy-entry/e4-dependency-boundaries.log
534d14a715be12a3b18831a54b9a1dbbff8bed8e4667b56d795f8036e42f72d3  ??  artifacts/rust-tauri/R05/RR2/B-R2/nested-sim-2/R04_REGRESSION/R03_REGRESSION/R02/A16/legacy-entry/e4-tool-invocation-boundaries.log
65a8e4d55d1d7b3d0f11e06928569acf896fdaa4c01cf07c3eb17427b16c603a  ??  artifacts/rust-tauri/R05/RR2/B-R2/nested-sim-2/R04_REGRESSION/R03_REGRESSION/R02/A16/legacy-entry/e5-cause-classes.txt
a6336e88a861d5d65bf8332c6e104672fbecde11272907b15e2847bc36cfc7b2  ??  artifacts/rust-tauri/R05/RR2/B-R2/nested-sim-2/R04_REGRESSION/R03_REGRESSION/R02/A16/legacy-entry/e5-seal-family.txt
fb740f399e4b8731fd53ce09f65c23551693a87192338bd74c362ad495186353  ??  artifacts/rust-tauri/R05/RR2/B-R2/nested-sim-2/R04_REGRESSION/R03_REGRESSION/R02/A16/legacy-entry/summary.txt
e3b0c44298fc1c149afbf4c8996fb92427ae41e4649b934ca495991b7852b855  ??  artifacts/rust-tauri/R05/RR2/B-R2/nested-sim-2/R04_REGRESSION/R03_REGRESSION/r02_legacy_regression/stderr.log
a62204d13a282307a6c0d915b86cfb3ba513cc70cabf80ec56f9d126ceae06c1  ??  artifacts/rust-tauri/R05/RR2/B-R2/nested-sim-2/R04_REGRESSION/R03_REGRESSION/r02_legacy_regression/stdout.log
e3b0c44298fc1c149afbf4c8996fb92427ae41e4649b934ca495991b7852b855  ??  artifacts/rust-tauri/R05/RR2/B-R2/nested-sim-2/R04_REGRESSION/r03_regression_gate/stderr.log
04551f80c2f39b00f1b77350414611600af06ae4f648e9fa18f4d4b144cc6580  ??  artifacts/rust-tauri/R05/RR2/B-R2/nested-sim-2/R04_REGRESSION/r03_regression_gate/stdout.log
e3b0c44298fc1c149afbf4c8996fb92427ae41e4649b934ca495991b7852b855  ??  artifacts/rust-tauri/R05/RR2/B-R2/nested-sim-2/r04_regression_gate/stderr.log
030bd741b93c496b25df43a62498c80ce0706ed5cb17e69e783932cb98797315  ??  artifacts/rust-tauri/R05/RR2/B-R2/nested-sim-2/r04_regression_gate/stdout.log
bd5ab7fc799b1d025d64fa7bf55e0de67a7fd4c88c42c50250f16c2400dcadac  ??  artifacts/rust-tauri/R05/RR2/B-R2/smoke-sinkdir/stdout.log
b7a024f2e555bd9992f45b8773705d2b089082bb61b34759363953284ae1b837  ??  artifacts/rust-tauri/R05/RR2/B-R2/standalone-full-1/R02/A16/legacy-entry/e0-base-checkout.log
523ab963a6589a5728516dedfd166d3bb33ca94dad0fc96ba72028e6cc17b218  ??  artifacts/rust-tauri/R05/RR2/B-R2/standalone-full-1/R02/A16/legacy-entry/e0-base-purity.txt
15fb524f199aa71a4f7178ad04d549c7d74d59694325e036caa4334d739ca6da  ??  artifacts/rust-tauri/R05/RR2/B-R2/standalone-full-1/R02/A16/legacy-entry/e0-binding-exclusion-candidates.tsv
9d7cd27303ac7dce1782f4ac792fbbe3db4cc8ac251ef82fd17c779b2d9d2154  ??  artifacts/rust-tauri/R05/RR2/B-R2/standalone-full-1/R02/A16/legacy-entry/e0-binding-exclusions.txt
5588cd2d295ff725c178ad2645b22af8ff5ff74b746dbee4fca6999fef9a4af3  ??  artifacts/rust-tauri/R05/RR2/B-R2/standalone-full-1/R02/A16/legacy-entry/e0-candidate-binding.tsv
9ac5fef697fdb351f0aa2bf9762625fa526681cc7bf0b3ee14454e4360e5c224  ??  artifacts/rust-tauri/R05/RR2/B-R2/standalone-full-1/R02/A16/legacy-entry/e0-candidate-dirty.diff
2ab25aef5de49568265df0e604ed72905fda351be0cecc26c1cb8742bc3d7f86  ??  artifacts/rust-tauri/R05/RR2/B-R2/standalone-full-1/R02/A16/legacy-entry/e0-candidate-dirty.txt
55274787793f052702b39aeaea3da2eb45ef49e2a2cc662c848d858a60aa9e7c  ??  artifacts/rust-tauri/R05/RR2/B-R2/standalone-full-1/R02/A16/legacy-entry/e0-run-output-sinks.txt
ca2cee61e9419221291ea5aab76c235c97f020ea1394f64c51988f7b52be63a4  ??  artifacts/rust-tauri/R05/RR2/B-R2/standalone-full-1/R02/A16/legacy-entry/e0s-self-checks.log
dafecdaa505ce47155b8f0b1a6b9d326f65e6e84a229add0428c0fb851a0e505  ??  artifacts/rust-tauri/R05/RR2/B-R2/standalone-full-1/R02/A16/legacy-entry/e1-binding-surface-intersect.txt
e478b5019f8dc054385b670fc46863aacb8ae7bb2c6af54b195ae23a7474e9a3  ??  artifacts/rust-tauri/R05/RR2/B-R2/standalone-full-1/R02/A16/legacy-entry/e1-default-entry-assertions.txt
ef2350de6ebbff4c6a51fabb6fb01f20fc0a67edbd04555ea9e9a1603d3e4f19  ??  artifacts/rust-tauri/R05/RR2/B-R2/standalone-full-1/R02/A16/legacy-entry/e1-surface-diff-files.txt
b32daeef2af45d85547f664e7ad68b9dd0c290942ad702592eff35b5cb4a65d8  ??  artifacts/rust-tauri/R05/RR2/B-R2/standalone-full-1/R02/A16/legacy-entry/e2-typecheck.log
9a3a2b6ce40e47627287266176c6142f859d948935aa73c756c0a6e541a2ced7  ??  artifacts/rust-tauri/R05/RR2/B-R2/standalone-full-1/R02/A16/legacy-entry/e3-core-contracts.log
6efbde3505cd31a6c317079b2137984624d90cf9b78b145c1cd38d2fb8ccb106  ??  artifacts/rust-tauri/R05/RR2/B-R2/standalone-full-1/R02/A16/legacy-entry/e4-5-build-renderer.log
c11e6e8682611ee33a4fbebfb0c523ff0ac68101d9ffaba047b473467f04fcda  ??  artifacts/rust-tauri/R05/RR2/B-R2/standalone-full-1/R02/A16/legacy-entry/e4-dependency-boundaries.log
534d14a715be12a3b18831a54b9a1dbbff8bed8e4667b56d795f8036e42f72d3  ??  artifacts/rust-tauri/R05/RR2/B-R2/standalone-full-1/R02/A16/legacy-entry/e4-tool-invocation-boundaries.log
a6336e88a861d5d65bf8332c6e104672fbecde11272907b15e2847bc36cfc7b2  ??  artifacts/rust-tauri/R05/RR2/B-R2/standalone-full-1/R02/A16/legacy-entry/e5-allowed-reds.txt
e3b0c44298fc1c149afbf4c8996fb92427ae41e4649b934ca495991b7852b855  ??  artifacts/rust-tauri/R05/RR2/B-R2/standalone-full-1/R02/A16/legacy-entry/e5-base-blocks.txt
e3b0c44298fc1c149afbf4c8996fb92427ae41e4649b934ca495991b7852b855  ??  artifacts/rust-tauri/R05/RR2/B-R2/standalone-full-1/R02/A16/legacy-entry/e5-base-cause-classes.txt
e3b0c44298fc1c149afbf4c8996fb92427ae41e4649b934ca495991b7852b855  ??  artifacts/rust-tauri/R05/RR2/B-R2/standalone-full-1/R02/A16/legacy-entry/e5-base-causes.txt
e3b0c44298fc1c149afbf4c8996fb92427ae41e4649b934ca495991b7852b855  ??  artifacts/rust-tauri/R05/RR2/B-R2/standalone-full-1/R02/A16/legacy-entry/e5-base-failed-files.txt
10c75dbe93c6640c949c9cfe93038e2c8a140d23a45b593712ba3679f102594c  ??  artifacts/rust-tauri/R05/RR2/B-R2/standalone-full-1/R02/A16/legacy-entry/e5-base-seal-family.log
67749fc3fa359c2ae0f4b7ee1918ea2c03b0dff7946ecaae0b3dce5d04bde997  ??  artifacts/rust-tauri/R05/RR2/B-R2/standalone-full-1/R02/A16/legacy-entry/e5-base-summary-counts.txt
fec8065ca00909c9c3d1902ca6704e879df0708f62a8365b7c51b7002d533766  ??  artifacts/rust-tauri/R05/RR2/B-R2/standalone-full-1/R02/A16/legacy-entry/e5-candidate-blocks.txt
74aaf894ede85425e6050eb88aeee8f2e8eb129374c3d567b97036282e3bc401  ??  artifacts/rust-tauri/R05/RR2/B-R2/standalone-full-1/R02/A16/legacy-entry/e5-candidate-cause-classes.txt
c500aecc32570e9218b10c45de3167a46512d445e8173da6b6ef7e54630be8b4  ??  artifacts/rust-tauri/R05/RR2/B-R2/standalone-full-1/R02/A16/legacy-entry/e5-candidate-causes.txt
a6336e88a861d5d65bf8332c6e104672fbecde11272907b15e2847bc36cfc7b2  ??  artifacts/rust-tauri/R05/RR2/B-R2/standalone-full-1/R02/A16/legacy-entry/e5-candidate-failed-files.txt
b30b877aaeffe85994b89a33f3cadcb1f0aecc694c01ac6115bbebfb766c5195  ??  artifacts/rust-tauri/R05/RR2/B-R2/standalone-full-1/R02/A16/legacy-entry/e5-candidate-npm-test.log
1e19d70bf42c53c2cb113717c45dd8f4ab52c9590f414525461a01f922e62b67  ??  artifacts/rust-tauri/R05/RR2/B-R2/standalone-full-1/R02/A16/legacy-entry/e5-candidate-summary-counts.txt
f0289aaf3c4e4c687e25134df576fd06a36a89fa914dd7929a7acd358973dc3d  ??  artifacts/rust-tauri/R05/RR2/B-R2/standalone-full-1/R02/A16/legacy-entry/e5-candidate-vitest-summary.txt
65a8e4d55d1d7b3d0f11e06928569acf896fdaa4c01cf07c3eb17427b16c603a  ??  artifacts/rust-tauri/R05/RR2/B-R2/standalone-full-1/R02/A16/legacy-entry/e5-cause-classes.txt
a6336e88a861d5d65bf8332c6e104672fbecde11272907b15e2847bc36cfc7b2  ??  artifacts/rust-tauri/R05/RR2/B-R2/standalone-full-1/R02/A16/legacy-entry/e5-new-since-base.txt
a6336e88a861d5d65bf8332c6e104672fbecde11272907b15e2847bc36cfc7b2  ??  artifacts/rust-tauri/R05/RR2/B-R2/standalone-full-1/R02/A16/legacy-entry/e5-registered-preexisting-family.txt
a6336e88a861d5d65bf8332c6e104672fbecde11272907b15e2847bc36cfc7b2  ??  artifacts/rust-tauri/R05/RR2/B-R2/standalone-full-1/R02/A16/legacy-entry/e5-seal-family.txt
3ed9b6f6edc62330ddc00ed85aada54bf3a299f3bf319807ed9eed3543e79f55  ??  artifacts/rust-tauri/R05/RR2/B-R2/standalone-full-1/R02/A16/legacy-entry/summary.txt
c1cbb239bd0bce8ddb3fb10ffc69099b59306c5813d5795f508de86a2b498f4b  ??  artifacts/rust-tauri/R05/RR2/C-R2/EXECUTOR_NOTE.md
8428ea7754ad9566538483e06ded0ee13d244ecceadd4ce7177bc5e86036d5e9  ??  artifacts/rust-tauri/R05/RR2/C-R2/green-battery-f34.log
4552976ff412189d752f7f73eece6add5f5b25019f16b543013fc0f75f1f7ac8  ??  artifacts/rust-tauri/R05/RR2/C-R2/green-clippy-f34.log
d0048f4b8e62d40b403980081cb7cf61e14077a796e9134ed76ae64f185611e4  ??  artifacts/rust-tauri/R05/RR2/C-R2/green-clippy-xtask-f34.log
e3b0c44298fc1c149afbf4c8996fb92427ae41e4649b934ca495991b7852b855  ??  artifacts/rust-tauri/R05/RR2/C-R2/green-fmt-check-f34.log
2ac99628d34c9a543c49f1b8755fd5fb68aa64dfa094a94d9b1605521c237e42  ??  artifacts/rust-tauri/R05/RR2/C-R2/green-xtask-mirror-cid.log
f884052099bb2e22600f1e1b94358d6a3a86f148f1427ec5cb848c98e007fcb8  ??  artifacts/rust-tauri/R05/RR2/C-R2/green-xtask-mirror-pin.log
78c3b12287d03a54aeba0e8b8e517aee5877d02367cb3e8ad7f96695adadc62b  ??  artifacts/rust-tauri/R05/RR2/C-R2/mut-baseline.log
b0dab14d24ef415d36cfff22b6c67b5f2c7da21e65c4e60078c04d33188961a1  ??  artifacts/rust-tauri/R05/RR2/C-R2/mut-red-unclosed-neutralized.log
82019dde0d4072540e29c9d6c347033f5cdae1f603668eed5e8e09776ee52bfe  ??  artifacts/rust-tauri/R05/RR2/C-R2/mut-restored-green.log
4287facef102b0571523a6258c8fc72da7ff1a4b5186b878569b8357d8bd2240  ??  artifacts/rust-tauri/R05/RR2/D-R2/a-rootcause-conclusion.md
1d8493e0a4f16980f6a5e7173953860cc44d97688d5cbe0c1a9835f9befd8cfe  ??  artifacts/rust-tauri/R05/RR2/D-R2/isolated-b-c-tests.log
c688090b8b104c5407ffa4f7857d73798d16edfceeb243c1abb5d87a78359c13  ??  artifacts/rust-tauri/R05/RR2/D-R2/probe/probe-suite.log
b92b587ac9666c9d4c040e15f3eb8f89a292366f9a908e0654e06a86e2961378  ??  artifacts/rust-tauri/R05/RR2/D-R2/probe/zz_lanprobe
016664ce87b705450f19379d73c401d17ac7fcae75565fe5a52eda973ddb8a0d  ??  artifacts/rust-tauri/R05/RR2/D-R2/probe/zz_lanprobe.c
9dfdded8763afe98bbcf7afe083ad8818edf677591f433cd80eddcedba1cc6a7  ??  artifacts/rust-tauri/R05/RR2/D-R2/probe/zz_lanprobe.py
aa5c3f2f1200ec21f9c5c1695a3b061eaac8d89731e43829b3382d2e7fea458e  ??  artifacts/rust-tauri/R05/RR2/D-R2/rerun-current-binary.log
b5888519ee321134ab215011af1f4df155a072f13b5763a3b91dc1edbb846747  ??  artifacts/rust-tauri/R05/RR2/E-R2/after-r00-management-leaves-post-e-changes.log
8902530f1e5fffcce9c6e2b5781745a3d58b7e59d6a956d394d146585f05d865  ??  artifacts/rust-tauri/R05/RR2/E-R2/baseline-r00-management-leaves-before-e-changes.log
6b8305eec4b43d40cfea018e7f912795fc6267f4f5b2fe46c540c011633c1131  ??  artifacts/rust-tauri/R05/RR2/E-R2/clippy-lingxi-service-tests.log
fca66a323961b60d2fe43b44d29dced783646a38e7a073376408f864dee3f340  ??  artifacts/rust-tauri/R05/RR2/E-R2/green-r05t02-credentials-full.log
8ee56e81c2056157d4a85d048c7a44e8b03bfc3197195dba848620b3c7e2ab9a  ??  artifacts/rust-tauri/R05/RR2/G-I1/isolated-source/.gitignore
c9e4d8d1c33ed5947eec75661903e2bf948d01134b47fbe1fa8734c3cd23d43c  ??  artifacts/rust-tauri/R05/RR2/G-I1/isolated-source/contracts/generated/MANIFEST.json
e5779a182953639fad9c0a692948a849984a62e71e35923c13b335c367d01156  ??  artifacts/rust-tauri/R05/RR2/G-I1/isolated-source/contracts/generated/golden/approval-request.json
75227352d13e49f924afbbd6afe3a0070752227679a5b50c9cd35ff63aa3e826  ??  artifacts/rust-tauri/R05/RR2/G-I1/isolated-source/contracts/generated/golden/client-hello.json
c71775e55efe1a6f936b6044f4843f84d290417a916b123ab710e3939870f031  ??  artifacts/rust-tauri/R05/RR2/G-I1/isolated-source/contracts/generated/golden/error-version-incompatible.json
b7f5227fcc28cd40a527532b3ce92f9d2dce58da12b3d864e182a2085f65e68a  ??  artifacts/rust-tauri/R05/RR2/G-I1/isolated-source/contracts/generated/golden/event-assistant-segment-delta.json
6d5321d9441f23c51cc9d0d3718f7295ff6341db4b7ea03c45a3cdc316c667ac  ??  artifacts/rust-tauri/R05/RR2/G-I1/isolated-source/contracts/generated/golden/event-run-state-failed.json
7638aab9612f3a6e0dbcb49f5fd65d22250bd9587c9d092bdbb8ed9edf75510a  ??  artifacts/rust-tauri/R05/RR2/G-I1/isolated-source/contracts/generated/golden/event-tool-call-completed.json
997675f9ce2cac50370ea87149ef3581f9f668ec9871a7845ee7f7334c2f8bbd  ??  artifacts/rust-tauri/R05/RR2/G-I1/isolated-source/contracts/generated/golden/event-tool-call-started.json
673d7445370358504de63df9eecbe9d5139b7b6214e208e15a316c1d8e5f15f5  ??  artifacts/rust-tauri/R05/RR2/G-I1/isolated-source/contracts/generated/golden/event-unknown-future.json
f4028270f5d05b1189cdeb162212f1ccf872806d704a07fd42f1812a8d648f5c  ??  artifacts/rust-tauri/R05/RR2/G-I1/isolated-source/contracts/generated/golden/history-page.json
c2c1e467f2d823edcdfc5547c61f0980c41fe09b5b6d5c73db3abb4021253265  ??  artifacts/rust-tauri/R05/RR2/G-I1/isolated-source/contracts/generated/golden/index.json
fad11db1f05e1eb951857a0d695dd1b9af3631e7f331c4a68fdd1c726fb14c5a  ??  artifacts/rust-tauri/R05/RR2/G-I1/isolated-source/contracts/generated/golden/model-request.json
0d8a46453cd55d78e5afa1eac9f57136d7ea308d4ae422619bcab70903bac17c  ??  artifacts/rust-tauri/R05/RR2/G-I1/isolated-source/contracts/generated/golden/server-hello.json
7dbbb59468cb3e41fd9390eb5c02506aebc84737f535e9448de0ee691cd2f392  ??  artifacts/rust-tauri/R05/RR2/G-I1/isolated-source/contracts/generated/golden/tool-schema-document.json
4f83675da5044f5d342a4b1b716a0f4a0f983defb7e4e5ced6c22c2469a9d2ea  ??  artifacts/rust-tauri/R05/RR2/G-I1/isolated-source/contracts/generated/jsonschema/ApprovalDecision.schema.json
6e2e5904790e387abb99ce9c335a15fc9c0e935acf840331f9083668c2ea2eb4  ??  artifacts/rust-tauri/R05/RR2/G-I1/isolated-source/contracts/generated/jsonschema/ApprovalRequest.schema.json
12b7d5dd185a2959ad46f4fcd8121447d64df35b864868cabaadd293f966f334  ??  artifacts/rust-tauri/R05/RR2/G-I1/isolated-source/contracts/generated/jsonschema/AssistantPhase.schema.json
d46c871474d589669ddb63e5060ece88d08f9742d1f9f2251559697415c6e3dd  ??  artifacts/rust-tauri/R05/RR2/G-I1/isolated-source/contracts/generated/jsonschema/AttemptId.schema.json
2020f95000f05c1abd38c94ba001f1c9f023637cc88fbdf958fb3ce896762eae  ??  artifacts/rust-tauri/R05/RR2/G-I1/isolated-source/contracts/generated/jsonschema/Budget.schema.json
64f351ee7d5441f89e3ca6c397f47a26d3df506acf67cd56566d8ff83661d9eb  ??  artifacts/rust-tauri/R05/RR2/G-I1/isolated-source/contracts/generated/jsonschema/ClientHello.schema.json
3043ac2c10f6e4a62c48c2f43e02b3aad5a2f1d06ca3abd97f1e2a2408bd58da  ??  artifacts/rust-tauri/R05/RR2/G-I1/isolated-source/contracts/generated/jsonschema/ContentBlock.schema.json
ba4b7c21bd3fba33e2b7ad9897f33d858486e0b2e4925e25cbafd1211038267f  ??  artifacts/rust-tauri/R05/RR2/G-I1/isolated-source/contracts/generated/jsonschema/ContentDigest.schema.json
428b711841caa3861ff229115533753dd4716569077ff04380f99a7a4e3d664b  ??  artifacts/rust-tauri/R05/RR2/G-I1/isolated-source/contracts/generated/jsonschema/ContractVersions.schema.json
e474b94a4bf7f6318904895dbaec334c5a4411658f0c87e650f39363ec538faa  ??  artifacts/rust-tauri/R05/RR2/G-I1/isolated-source/contracts/generated/jsonschema/Cursor.schema.json
678d37775f4471f5cdd5e124398e4a8fc2dc6d33439124f1c3588be6d84302dd  ??  artifacts/rust-tauri/R05/RR2/G-I1/isolated-source/contracts/generated/jsonschema/ErrorCode.schema.json
b7af125539dae2d744ebde98b81bbcd90e1b9c586f0b94f464a5e3468d2b4132  ??  artifacts/rust-tauri/R05/RR2/G-I1/isolated-source/contracts/generated/jsonschema/EventEnvelope.schema.json
b6d3a741a0970a7be7de86651616f4e39be2ea3881add1ab19adadd4792ffd0e  ??  artifacts/rust-tauri/R05/RR2/G-I1/isolated-source/contracts/generated/jsonschema/EventId.schema.json
17935031fa4ca32b173353101b05f502b9fee9af0069c46a649afd872d379c44  ??  artifacts/rust-tauri/R05/RR2/G-I1/isolated-source/contracts/generated/jsonschema/EventPayload.schema.json
f82fdbb5c6ab33bf38e65530a28dc69212268e0ed9864e43c37cd38769b445f3  ??  artifacts/rust-tauri/R05/RR2/G-I1/isolated-source/contracts/generated/jsonschema/HistoryEntry.schema.json
1e674f9528585c68f02dc21c316a0fd21267fa8e30042c3837c2e957913f3442  ??  artifacts/rust-tauri/R05/RR2/G-I1/isolated-source/contracts/generated/jsonschema/HistoryPage.schema.json
5456eaf3d9912e2b58b00389713192a6128e57178c5cb292b2215b5d5f1b0ef9  ??  artifacts/rust-tauri/R05/RR2/G-I1/isolated-source/contracts/generated/jsonschema/KnownEventPayload.schema.json
0b2b95776da93290a5feb8f5121f1fd7fa23e5a9f887d13f6e672e07579f2c00  ??  artifacts/rust-tauri/R05/RR2/G-I1/isolated-source/contracts/generated/jsonschema/ModelCallId.schema.json
70b4655e8ec25f15e51268ae05be1c96bc7df10f12d5244b2d43f40fc5b50203  ??  artifacts/rust-tauri/R05/RR2/G-I1/isolated-source/contracts/generated/jsonschema/ModelRequest.schema.json
4f1344830a75ff20423933ebd44f8d7f2eb14b297caaa78544ec8a4b18e4174d  ??  artifacts/rust-tauri/R05/RR2/G-I1/isolated-source/contracts/generated/jsonschema/NormalizedMessage.schema.json
fbb9eeb0859fee589ef601cef73c06c403512a0adcd3c90678eaafaccff00b1f  ??  artifacts/rust-tauri/R05/RR2/G-I1/isolated-source/contracts/generated/jsonschema/PageRequest.schema.json
73ab61cbdb84e9a60d99fa0f31effea3dd39773307a8dfa2e76ca03534331788  ??  artifacts/rust-tauri/R05/RR2/G-I1/isolated-source/contracts/generated/jsonschema/PrincipalKind.schema.json
f1cf0356931978348651fed45d89fd6baa81659cc217c0d4741693e2f3e54124  ??  artifacts/rust-tauri/R05/RR2/G-I1/isolated-source/contracts/generated/jsonschema/PrincipalRef.schema.json
92dd2cd980d7fe5bb6bad9867b9b9803a8e8ebbe460878ed78532802d580e6e3  ??  artifacts/rust-tauri/R05/RR2/G-I1/isolated-source/contracts/generated/jsonschema/ProtocolError.schema.json
0d8ca3ee4609996c4c5a78b67cb4f8cca375427bfbf47978d66c79b9c3f3fb86  ??  artifacts/rust-tauri/R05/RR2/G-I1/isolated-source/contracts/generated/jsonschema/ResourceId.schema.json
c8e079972f8326b06543afec11da6f79d1041329912d688d00e6bf2ed3201309  ??  artifacts/rust-tauri/R05/RR2/G-I1/isolated-source/contracts/generated/jsonschema/ResourceKind.schema.json
ae33bceef1579878599f24311d21849cc2a1bc0dc9d62f7cb8852eb362c8c9df  ??  artifacts/rust-tauri/R05/RR2/G-I1/isolated-source/contracts/generated/jsonschema/ResourceRef.schema.json
a08cc4a35ec9e63e2e14fb114a33139614ea3a8de991e659be789b3de2d9cfc8  ??  artifacts/rust-tauri/R05/RR2/G-I1/isolated-source/contracts/generated/jsonschema/RunId.schema.json
c29a54fea68351a1e6f1709e21af2af53d1099be66ce71ea23761eb7cdae30c7  ??  artifacts/rust-tauri/R05/RR2/G-I1/isolated-source/contracts/generated/jsonschema/RunStatus.schema.json
24a31ff999e3150eae54831215d48196d1b9f3c40b3fbff500887c097460320f  ??  artifacts/rust-tauri/R05/RR2/G-I1/isolated-source/contracts/generated/jsonschema/SegmentKind.schema.json
0d53862947039b790a9fe72300e79331f5f98234c11566b482b8d8648f32de6c  ??  artifacts/rust-tauri/R05/RR2/G-I1/isolated-source/contracts/generated/jsonschema/Seq.schema.json
898bb4a5d1a241a95a2531abce2abbdd7c712e8422955e6bc8ac89e6c24a5f95  ??  artifacts/rust-tauri/R05/RR2/G-I1/isolated-source/contracts/generated/jsonschema/ServerHello.schema.json
b5b0d46f7c91300fb0220246bed3d7d24e92b30876db87546dda7622885adfb1  ??  artifacts/rust-tauri/R05/RR2/G-I1/isolated-source/contracts/generated/jsonschema/SessionId.schema.json
56e651ebb5cb3bdac233f27903cd209a4c65c37549f7e969003183e1bd24fe6d  ??  artifacts/rust-tauri/R05/RR2/G-I1/isolated-source/contracts/generated/jsonschema/StreamId.schema.json
6404d190c334bd0c13afa53f23ef4220b25cf2dea4831290e816a78082229065  ??  artifacts/rust-tauri/R05/RR2/G-I1/isolated-source/contracts/generated/jsonschema/ToolCallDescriptor.schema.json
f0bcc0fd278889141525de7d192d9cee67d0e26c10518e38cda0f287a35508ca  ??  artifacts/rust-tauri/R05/RR2/G-I1/isolated-source/contracts/generated/jsonschema/ToolCallId.schema.json
3a9ba46dac9dbd7b58d3aa44d297fd290bb236cb11be01d2e871169ee2e689ec  ??  artifacts/rust-tauri/R05/RR2/G-I1/isolated-source/contracts/generated/jsonschema/ToolResultStatus.schema.json
a29da0d78e92e1407feca1d797ff49b7d8db1010a873cc713263bf0d7368c045  ??  artifacts/rust-tauri/R05/RR2/G-I1/isolated-source/contracts/generated/jsonschema/ToolResultWire.schema.json
6001256c4fcc6b5ff92f2e897ef251a9923506fcd0d11302051537087aaed90c  ??  artifacts/rust-tauri/R05/RR2/G-I1/isolated-source/contracts/generated/jsonschema/ToolSchemaDocument.schema.json
04712c3454b101e5f21590db222a7bbd0d9b5a87dbb7e687634bfbd960fb23dc  ??  artifacts/rust-tauri/R05/RR2/G-I1/isolated-source/contracts/generated/jsonschema/UsageRecord.schema.json
88b5f2e0890a39e73c3d21f5aec14d29204e42999a18e55ccd1cc9ba2951139d  ??  artifacts/rust-tauri/R05/RR2/G-I1/isolated-source/contracts/generated/jsonschema/index.json
28059f4d1776fc2aed820622c93f25fb4341679211ef13a8c81de8586d2a3d27  ??  artifacts/rust-tauri/R05/RR2/G-I1/isolated-source/contracts/generated/ts/lingxi-protocol.ts
236dda718840f55a93f1d7e928adf03c48aa478ecc5704d0ff82f2a5e3d1e180  ??  artifacts/rust-tauri/R05/RR2/G-I1/isolated-source/docs/README.md
4f72039cebce548cccb1e12471fdc4660ef5a2da6dabfe51a2cd8b945dd7866c  ??  artifacts/rust-tauri/R05/RR2/G-I1/isolated-source/docs/architecture/async-lifecycle-contracts.md
097f50fe9a5977531445a5b6250c2c19685f86695efe6f464f67a1786b90eec3  ??  artifacts/rust-tauri/R05/RR2/G-I1/isolated-source/docs/architecture/knowledge.md
3b6440f97920796781d9a6c28c7b2af324134004826baa66bfb62fff527de3af  ??  artifacts/rust-tauri/R05/RR2/G-I1/isolated-source/docs/architecture/model-observatory.md
3cb88cdb81fef8b2f05da71f3b6f7689ce080a1844ec0bb3ee8cb769f7fdf999  ??  artifacts/rust-tauri/R05/RR2/G-I1/isolated-source/docs/architecture/side-chat.md
0280a754fd9b30fc6c63f72a303400da96f887667772f6daf0ffc6153e0d4285  ??  artifacts/rust-tauri/R05/RR2/G-I1/isolated-source/docs/architecture/tool-invocation-path-invariance.md
716259b8f53cfafb0b3be7bec8aac5aa16ee734f201d5835f2a6a2585f0181eb  ??  artifacts/rust-tauri/R05/RR2/G-I1/isolated-source/docs/archives/BLOCKED.md
782c1818ba282cc9323f706e68ef9895ffffc77a5b982fbb40b289aec1d56a29  ??  artifacts/rust-tauri/R05/RR2/G-I1/isolated-source/docs/archives/README.md
f72d8a467c4f07c116a88dc41426ffa0a56e5711d3c57f3c8799fab874fc1122  ??  artifacts/rust-tauri/R05/RR2/G-I1/isolated-source/docs/archives/agents-history-2026-09-06.md
92e2610df355403288ad26f9d8bc46bd5dce9f45713fbbd6d9ae4365ffb2dd29  ??  artifacts/rust-tauri/R05/RR2/G-I1/isolated-source/docs/archives/knowledge-notebook/findings.md
3247faa922c49783b03f9c8187ac16876207ce129777d6332789317c6f287565  ??  artifacts/rust-tauri/R05/RR2/G-I1/isolated-source/docs/archives/knowledge-retrieval-research/KNOWLEDGE_REFACTOR_BASELINE.md
22464b716c7b1432f983749398b1b495f587ef70b5a7689c5db0c23d53526558  ??  artifacts/rust-tauri/R05/RR2/G-I1/isolated-source/docs/archives/knowledge-retrieval-research/KNOWLEDGE_REFACTOR_IMPLEMENTATION_REPORT.md
8ff37189c81bca71d624cca526b91d925f548558a398ca02cf30fa56c94a2705  ??  artifacts/rust-tauri/R05/RR2/G-I1/isolated-source/docs/archives/knowledge-retrieval-research/KNOWLEDGE_REFACTOR_PERFORMANCE_REPORT.md
fcdbf3638341d2901bae20b0918424e725e9a80a5e9011c153ba375a1d60d533  ??  artifacts/rust-tauri/R05/RR2/G-I1/isolated-source/docs/archives/knowledge-retrieval-research/KNOWLEDGE_REFACTOR_PROGRESS.md
54afbc34b66c78ff03981a37f9ba0a254b67aaa83f3bb71d85db604ef565611c  ??  artifacts/rust-tauri/R05/RR2/G-I1/isolated-source/docs/archives/knowledge-retrieval-research/KNOWLEDGE_REFACTOR_TEST_REPORT.md
803bc56323026b2d8f55de1f490988da4a9646079a1126760b801d6a74cb6e02  ??  artifacts/rust-tauri/R05/RR2/G-I1/isolated-source/docs/archives/knowledge-retrieval-research/LingxiAgent 知识库检索与 Research Agent 重构执行任务书.md
d0d607c2f97c70ffda33b1bfc5bcd3dce507fd96fe0683ff634f6215459dcee8  ??  artifacts/rust-tauri/R05/RR2/G-I1/isolated-source/docs/archives/model-observability/OBSERVABILITY_IMPLEMENTATION_NOTES.md
f991f9d97740708a9243cd7d1ff0ca4f8a8a2f47cf8591067e9cd1b12889f484  ??  artifacts/rust-tauri/R05/RR2/G-I1/isolated-source/docs/archives/model-observability/OBSERVABILITY_UNIFICATION_FINDINGS.md
55f7ceb7acf98e635f03a325801d4a427ee6870282484f7d3795653cca9be20a  ??  artifacts/rust-tauri/R05/RR2/G-I1/isolated-source/docs/archives/model-observability/SEMANTIC_INPUT_PROVENANCE_AUDIT.md
5c367f297c2bd97f3ce0c21eb9731f83441b2180086543273c1b3743e2ba0e72  ??  artifacts/rust-tauri/R05/RR2/G-I1/isolated-source/docs/archives/tool-invocation/TOOL_INVOCATION_REPAIR_BASELINE.md
df8e737535c3f4aec435bd08c9ce55438a5986bfd0640381744cfc2d8a9cf05d  ??  artifacts/rust-tauri/R05/RR2/G-I1/isolated-source/docs/archives/tool-invocation/TOOL_INVOCATION_REPAIR_FACTS.json
135e877208c4239b64bc2297825a9ad9a4cc84a47317fcb0746eb56201f8c91d  ??  artifacts/rust-tauri/R05/RR2/G-I1/isolated-source/docs/archives/tool-invocation/TOOL_INVOCATION_REPAIR_PROGRESS.md
d551641a17dfa9c14b0a12c7eaba03f0cff44620724a19ef8bc2332102a1fbdf  ??  artifacts/rust-tauri/R05/RR2/G-I1/isolated-source/docs/archives/tool-invocation/TOOL_INVOCATION_REPAIR_REMAINING.md
b44aa470a21d596407ce0f0e4161a2c8e72ae7585b7d27b1e468998d3ca514f8  ??  artifacts/rust-tauri/R05/RR2/G-I1/isolated-source/docs/archives/tool-invocation/TOOL_INVOCATION_REPAIR_REPORT.md
8d6946b89fa151932c829eb000027824b01336992db72660e7eb8de737dd48ef  ??  artifacts/rust-tauri/R05/RR2/G-I1/isolated-source/docs/archives/tool-invocation/TOOL_INVOCATION_REPAIR_TEST_REPORT.md
e3aa641534ed97e6f2a4da805a6210d8df2cea0771d14f752d2bf8258e3d95ab  ??  artifacts/rust-tauri/R05/RR2/G-I1/isolated-source/docs/refactor-2026/P00/ACCEPTANCE_CORRECTION.md
31dfa08c7e1e280d0755c00c81cbf6b45fcb8d380796abf39f56b8e72deea629  ??  artifacts/rust-tauri/R05/RR2/G-I1/isolated-source/docs/refactor-2026/P00/ACCEPTANCE_MAP.json
c1df09fd41c928c7884f7fe095fbd099227c30f4bfafcbbe15d64047eeb9c193  ??  artifacts/rust-tauri/R05/RR2/G-I1/isolated-source/docs/refactor-2026/P00/BASELINE.json
651786e5578220b30e87184db488ea8397d5ba00ab793a012199af1ee1d1c153  ??  artifacts/rust-tauri/R05/RR2/G-I1/isolated-source/docs/refactor-2026/P00/BASELINE_FAILURES.md
a8e9068ebe5addaab412b95b69253d2fc55f65b8ee4fb726a62388f28f2223e0  ??  artifacts/rust-tauri/R05/RR2/G-I1/isolated-source/docs/refactor-2026/P00/BASELINE_TESTS.json
c0838e043c970e06c9be4286e23059255eead8cefb67e26b6b4f33005841622f  ??  artifacts/rust-tauri/R05/RR2/G-I1/isolated-source/docs/refactor-2026/P00/BENCHMARK_PROTOCOL.md
4e3332a899fa50674b50d1d4e7bb9a27587ec3bbcc9e5cbbf3d03b043722eda1  ??  artifacts/rust-tauri/R05/RR2/G-I1/isolated-source/docs/refactor-2026/P00/CALLSITE_MATRIX.json
79e981f300db1e749d25955dbf508f4f0b9f2f63bff1540fc3537e5a49e17a30  ??  artifacts/rust-tauri/R05/RR2/G-I1/isolated-source/docs/refactor-2026/P00/ENTRYPOINT_MATRIX.md
f52d1269db3291e6a94fcb9dcb26cc6830457ad52f3740ad2b9920fd044ce2f0  ??  artifacts/rust-tauri/R05/RR2/G-I1/isolated-source/docs/refactor-2026/P00/FEATURE_MATRIX.md
fd95fd2e78bed4fa5e0e88d0b733714ce12ba4e2da5b8b958b23faa1e3d6c1c8  ??  artifacts/rust-tauri/R05/RR2/G-I1/isolated-source/docs/refactor-2026/P00/NEXT_STAGE_HANDOFF.md
86425f06ac31bf82fa4ef94ebb85e63f22afaccb74ec47d6ff5d805a4722ca13  ??  artifacts/rust-tauri/R05/RR2/G-I1/isolated-source/docs/refactor-2026/P00/OWNERSHIP_MAP.md
4cd4f44b875a856759a31da030d2b9574b6f5ef105b21a9850a8fdb56dc436f0  ??  artifacts/rust-tauri/R05/RR2/G-I1/isolated-source/docs/refactor-2026/P00/P00_REPORT.md
1769a0f565613e6d0f7f25fda9728dd5ebdd71f9c0a56fe81139c2502a032cca  ??  artifacts/rust-tauri/R05/RR2/G-I1/isolated-source/docs/refactor-2026/P00/P00_RESULT.json
34c6148d1a9904d2f6610457a92b504d64653a610e4e4240b5312d300e0f56dc  ??  artifacts/rust-tauri/R05/RR2/G-I1/isolated-source/docs/refactor-2026/P00/PROMPT_BASELINE.json
59466ee1585109784cb61a2e089d7934e690758cea789cc3f441506ca1164d35  ??  artifacts/rust-tauri/R05/RR2/G-I1/isolated-source/docs/refactor-2026/P00/REFACTOR_BACKLOG.md
4ff4c7fda497866ebb716d4a17dda98b8bda17f08ae626a6cc38e6e8c0752153  ??  artifacts/rust-tauri/R05/RR2/G-I1/isolated-source/docs/refactor-2026/P00/SCOPE.json
213da32e1bba875c67f07c4106f8f587733ad74bff9d62f365db5a1bf7ed9dc9  ??  artifacts/rust-tauri/R05/RR2/G-I1/isolated-source/docs/refactor-2026/P00/STAGE_DEPENDENCIES.json
9f43d3d31ddb43b383142920eb1d8831a1f7f95c76b1c2008f83888942b437fa  ??  artifacts/rust-tauri/R05/RR2/G-I1/isolated-source/docs/refactor-2026/P00/WORKTREE_SAFETY.md
e4bb38b6407a622f67f55a137efbbb683541f10eb9fa13c4ad6246a46018f11e  ??  artifacts/rust-tauri/R05/RR2/G-I1/isolated-source/docs/refactor-2026/P01/ACCEPTANCE_CORRECTION.md
ecd2612a60d76160c11a4110ab26f61a912ef57961dfa4a09ed592a43de0dbc6  ??  artifacts/rust-tauri/R05/RR2/G-I1/isolated-source/docs/refactor-2026/P01/ACCEPTANCE_MAP.json
32e91c247f0b7f038373ec1afe1ca394be457eaaae213e401bcf4d19e1aafc5f  ??  artifacts/rust-tauri/R05/RR2/G-I1/isolated-source/docs/refactor-2026/P01/BOUNDARIES.md
27ccfa9d7d484ed88823cd7da95b5598c7967fa38bb6806063afc60b801d91f0  ??  artifacts/rust-tauri/R05/RR2/G-I1/isolated-source/docs/refactor-2026/P01/HOST_CAPABILITY_MAP.md
dcd7aa90039a0bddf6176690d4a832e9ec822dcfecf4450c7131554a6a787a0a  ??  artifacts/rust-tauri/R05/RR2/G-I1/isolated-source/docs/refactor-2026/P01/NEXT_STAGE_HANDOFF.md
596c1c922be78f4047186bbb7fe057a85870bb383ed1d02ac38c7f47c34b6363  ??  artifacts/rust-tauri/R05/RR2/G-I1/isolated-source/docs/refactor-2026/P01/P01_REPORT.md
f75fea65f736fa765042440c2c06b79ed2d275251210b0ad7f8233114d0d69ca  ??  artifacts/rust-tauri/R05/RR2/G-I1/isolated-source/docs/refactor-2026/P01/P01_RESULT.json
113fb0c0c7039122a3baf2fe24b23d235c244e554e96d6180f567f780edc756e  ??  artifacts/rust-tauri/R05/RR2/G-I1/isolated-source/docs/refactor-2026/P01/PI_ADAPTER_INVENTORY.md
3a6f2d360d52e514f11e346dc251edee3395d31fbdd517f57edf016198e86ebf  ??  artifacts/rust-tauri/R05/RR2/G-I1/isolated-source/docs/refactor-2026/P01/STRICT_SCOPE.json
7ed3a3db2744f404440129f6a291ef4c4db898fca99a1cc7f02a06344511bbd0  ??  artifacts/rust-tauri/R05/RR2/G-I1/isolated-source/docs/refactor-2026/P02/ACCEPTANCE_CORRECTION.md
941280c99b2cdca07ed15b6134379d1ad8e4dbc77a9a25b0ae04ed34de94593f  ??  artifacts/rust-tauri/R05/RR2/G-I1/isolated-source/docs/refactor-2026/P02/ACCEPTANCE_MAP.json
5b34e3210fb1ee2b491f87a78027ed9ba30314f5d43a691a4484d20bdcdaeedb  ??  artifacts/rust-tauri/R05/RR2/G-I1/isolated-source/docs/refactor-2026/P02/CANCELLATION_MAP.md
c1c483ad8f3ffc0d000014ae567e95806fbd6c3e17d84056134a82484a8ef8e1  ??  artifacts/rust-tauri/R05/RR2/G-I1/isolated-source/docs/refactor-2026/P02/CONCURRENCY_RULES.md
9c557025ca6fca2e205ccc6e299ee6924f9c1ab2acde9c5519ffd11adf32612e  ??  artifacts/rust-tauri/R05/RR2/G-I1/isolated-source/docs/refactor-2026/P02/ENTRY_EXECUTION_MATRIX.md
f16799576dd35010547df95d246e139622c7613cc7fcd037398c767d96a2c46c  ??  artifacts/rust-tauri/R05/RR2/G-I1/isolated-source/docs/refactor-2026/P02/EVIDENCE_SHA256.txt
4cde86ddecf00149a4809b4f52d6fb69707e4fedcaf6d682ffde1ea1376aec3c  ??  artifacts/rust-tauri/R05/RR2/G-I1/isolated-source/docs/refactor-2026/P02/IDENTITY_CONTRACT.md
2d0df2bef41d11a25113c7df373b4e382f632a6dfddf76bddf592d5774035499  ??  artifacts/rust-tauri/R05/RR2/G-I1/isolated-source/docs/refactor-2026/P02/NEXT_STAGE_HANDOFF.md
c5633516d0af5b75d8774c3f5347439b3974b7371224aba28102692f696142b1  ??  artifacts/rust-tauri/R05/RR2/G-I1/isolated-source/docs/refactor-2026/P02/P02_REPORT.md
d5a884c988f9a09b3c0827068639cd86bc610cf6823f47f2e6bbc56596d80f73  ??  artifacts/rust-tauri/R05/RR2/G-I1/isolated-source/docs/refactor-2026/P02/P02_RESULT.json
31a31e76bbae4ba8671bfda83cf8ecbc1c780c2b81273ff7f5b39266e245790c  ??  artifacts/rust-tauri/R05/RR2/G-I1/isolated-source/docs/refactor-2026/P02/RECOVERY_MATRIX.md
c2977ee5747a48b1f6ba70fd5325fbd9a58d489b2bcf2a91049645b2e3e9ac9a  ??  artifacts/rust-tauri/R05/RR2/G-I1/isolated-source/docs/refactor-2026/P02/STATE_TRANSITIONS.md
80c3b02840d6211cd66262add6265106a8fe29fa28561dc045284e7b0560c5b2  ??  artifacts/rust-tauri/R05/RR2/G-I1/isolated-source/docs/refactor-2026/P03/ACCEPTANCE_CORRECTION.md
7f5d9bbabc16618c4b8b814fe8200f0ded53bff042d46e21f2a2cdbf6bd32666  ??  artifacts/rust-tauri/R05/RR2/G-I1/isolated-source/docs/refactor-2026/P03/ACCEPTANCE_MAP.json
724bdf19df18e6aab3af5a722f7fb22295ffccf5638d277f6331ab810b9adf90  ??  artifacts/rust-tauri/R05/RR2/G-I1/isolated-source/docs/refactor-2026/P03/COMBINATION_MATRIX.json
eafe97e4d8ea0df901aec72e1059b26a9a3ef823a9776c258c7b2a656cd59f17  ??  artifacts/rust-tauri/R05/RR2/G-I1/isolated-source/docs/refactor-2026/P03/DEVELOPER_ROUTE_SECURITY.md
2c4faf4d101e1acdf4214d03960b29745852a53d18c809b1e1ae348ed3fd7701  ??  artifacts/rust-tauri/R05/RR2/G-I1/isolated-source/docs/refactor-2026/P03/EVIDENCE_SHA256.txt
1ecab58c62e4e8ef3e8dc7cd685ae85368f827f042f9035f01799defff967030  ??  artifacts/rust-tauri/R05/RR2/G-I1/isolated-source/docs/refactor-2026/P03/EXECUTION_BOUNDARY_AUDIT.md
2a19ef525ec167a4aafb1a24b5cf964ba05cdbda17c7ea98ea0a2b5d79796cbb  ??  artifacts/rust-tauri/R05/RR2/G-I1/isolated-source/docs/refactor-2026/P03/NEXT_STAGE_HANDOFF.md
4726a08221045a5a4ba0012dac2b03dcb40597bfb64f15d9519e37d07c1db035  ??  artifacts/rust-tauri/R05/RR2/G-I1/isolated-source/docs/refactor-2026/P03/P03_REPORT.md
a6c653f75dcb5d54ed5609c25281d8aa553618ecd3637cf94e8c68c89c8b33b4  ??  artifacts/rust-tauri/R05/RR2/G-I1/isolated-source/docs/refactor-2026/P03/P03_RESULT.json
9c1e8bcb0f587c2112f9e02cd43bf01204da8af60c83c2c456f32bd2c2c301c6  ??  artifacts/rust-tauri/R05/RR2/G-I1/isolated-source/docs/refactor-2026/P03/RESULT_CONTRACT.md
02e9a8b4e9bd4771ee29762b5d9dedacbc6dc019c2166c3a5fa6bdcfc678b6c2  ??  artifacts/rust-tauri/R05/RR2/G-I1/isolated-source/docs/refactor-2026/P03/SCHEMA_CONTRACT.md
70dadf07e638bd233082d7d57105ce7d1152ef7edd47bfb61b9aca38e8d988ae  ??  artifacts/rust-tauri/R05/RR2/G-I1/isolated-source/docs/refactor-2026/P03/TOOL_LIFECYCLE.md
c844221c2e9efa2d3f7695ec44a706ac3673ec4418da60f3fec834292ffa1f11  ??  artifacts/rust-tauri/R05/RR2/G-I1/isolated-source/docs/refactor-2026/P03/TOOL_PATH_MATRIX.json
7dd73b84ef5fe09799106cde67ec9262b26084ac25642facdef4f5eb228177fe  ??  artifacts/rust-tauri/R05/RR2/G-I1/isolated-source/docs/refactor-2026/P04/ACCEPTANCE_CORRECTION.md
eb044bc80db1a3d030425f5b0df47923534e3966ada2761c538cd0733ce4e3f8  ??  artifacts/rust-tauri/R05/RR2/G-I1/isolated-source/docs/refactor-2026/P04/ACCEPTANCE_MAP.json
d01d3c1a731b4981c96b00d48992cea112a0e4f629d4b371a5bef6e9608625fe  ??  artifacts/rust-tauri/R05/RR2/G-I1/isolated-source/docs/refactor-2026/P04/CREDENTIAL_ROUTING.md
57c153fe972b467b6d86a575180f22115b3e029779475b1e6ea4586525df8770  ??  artifacts/rust-tauri/R05/RR2/G-I1/isolated-source/docs/refactor-2026/P04/EVIDENCE_SHA256.txt
b5de92257f6b57f2b9c2e6c9a433de8a9e8ade2dde288b48f839403d81c3246a  ??  artifacts/rust-tauri/R05/RR2/G-I1/isolated-source/docs/refactor-2026/P04/MODEL_CALLSITE_MATRIX.json
a5b2e41bd3580aa9e1338603aaf0fcc6930e28f140942af3b2ffb807e459c375  ??  artifacts/rust-tauri/R05/RR2/G-I1/isolated-source/docs/refactor-2026/P04/NEXT_STAGE_HANDOFF.md
e8bf9ae7433d5cb74b3e5ab370c7445ce31fa802de46d203a7ed3f623310a372  ??  artifacts/rust-tauri/R05/RR2/G-I1/isolated-source/docs/refactor-2026/P04/OPERATION_COVERAGE_MATRIX.json
cf05c8c0251d79f6c75d3cd8ba7e371b01244536cf8f232da3ec600aa9e15f07  ??  artifacts/rust-tauri/R05/RR2/G-I1/isolated-source/docs/refactor-2026/P04/P04_ACCEPTANCE_REVIEW.md
f60d3bc029daee9dc5f949c1ad6d2dc43f4664a3808ea4ea0b9784f7143b949a  ??  artifacts/rust-tauri/R05/RR2/G-I1/isolated-source/docs/refactor-2026/P04/P04_REACCEPTANCE_REVIEW.md
20a8513750784eb45e8fe87494cc1baa23125c2a2805c361d145183df936bade  ??  artifacts/rust-tauri/R05/RR2/G-I1/isolated-source/docs/refactor-2026/P04/P04_REPORT.md
ed6212a1fcf307670a34880b7f2520b6de1c2d5ab24dd9ffb521391d7ce1bec8  ??  artifacts/rust-tauri/R05/RR2/G-I1/isolated-source/docs/refactor-2026/P04/P04_RESULT.json
22be54be0c68a2a68ef46fe0eec134825e862b53e667957cd7216fb5c0cb757d  ??  artifacts/rust-tauri/R05/RR2/G-I1/isolated-source/docs/refactor-2026/P04/REQUEST_COMPAT_MATRIX.md
8af9fc6e71211de201e6c56e15651b805f1910228c83a87fa63e12e4ebeede4c  ??  artifacts/rust-tauri/R05/RR2/G-I1/isolated-source/docs/refactor-2026/P04/STREAM_RETRY_POLICY.md
82cd61c060c23c891101481fd2cb3e43c6e29956d4720a416f9e8b5644a81412  ??  artifacts/rust-tauri/R05/RR2/G-I1/isolated-source/docs/refactor-2026/P04/TRACE_COMPAT_REPORT.md
1fb5bb658c7174e1151a881dd8e88fec2385e3bc2036d1342c751ee419135dd0  ??  artifacts/rust-tauri/R05/RR2/G-I1/isolated-source/docs/refactor-2026/P04/USAGE_OWNERSHIP.md
0223dca49ab713a1e8640b3b7f13647029298c36ea5cfce6369e7cd6a60788a9  ??  artifacts/rust-tauri/R05/RR2/G-I1/isolated-source/docs/refactor-2026/P05/ACCEPTANCE_CORRECTION.md
c9a867d163230d3445defe2b66fe80e2fe5acd298e060a01c128c69e5ebca1ff  ??  artifacts/rust-tauri/R05/RR2/G-I1/isolated-source/docs/refactor-2026/P05/ACCEPTANCE_MAP.json
74629ff7f1a24e10975edec0c805139ebd515c0a9d31bb649cf7cbc6b38e7a29  ??  artifacts/rust-tauri/R05/RR2/G-I1/isolated-source/docs/refactor-2026/P05/CONSUMER_MIGRATION.md
c5620b033f22eb45f4de143673d9814ee0d69ec602d655efdb17fc3687653440  ??  artifacts/rust-tauri/R05/RR2/G-I1/isolated-source/docs/refactor-2026/P05/DATA_COMPATIBILITY.md
f91c5e2efb3412b289e6e9f76802d350ff62aef938a47adfeb51040d4749a96d  ??  artifacts/rust-tauri/R05/RR2/G-I1/isolated-source/docs/refactor-2026/P05/EVIDENCE_SHA256.txt
6d350903448544fe8b5fa46937b129c051eac3d4682c52cb9ced6821389857c2  ??  artifacts/rust-tauri/R05/RR2/G-I1/isolated-source/docs/refactor-2026/P05/HISTORY_PARITY.md
f052906275b5e810585f177be7426cbc64efec1fd2010453aca4735201b51c21  ??  artifacts/rust-tauri/R05/RR2/G-I1/isolated-source/docs/refactor-2026/P05/LIVE_HISTORY_REPLAY_REPORT.md
9505264bb3db26a80584095f3ea5730dc932e64da68b8f06817e9902eb02d1e6  ??  artifacts/rust-tauri/R05/RR2/G-I1/isolated-source/docs/refactor-2026/P05/MESSAGE_SEMANTICS.md
cdd8c8b90c2b2e26c2792cc2e23853590e1da4536306d51640ec397909ceabce  ??  artifacts/rust-tauri/R05/RR2/G-I1/isolated-source/docs/refactor-2026/P05/NEXT_STAGE_HANDOFF.md
7511cac5f03da663cc2c992f6130cc017e11d3b342ddc38ded65d8974c289e03  ??  artifacts/rust-tauri/R05/RR2/G-I1/isolated-source/docs/refactor-2026/P05/P05_ACCEPTANCE_REVIEW.md
b7087e415a2d7c8c3d21a41d7aa929f977225601792f3a26b5780b9355ef0c9a  ??  artifacts/rust-tauri/R05/RR2/G-I1/isolated-source/docs/refactor-2026/P05/P05_REACCEPTANCE_R2_REVIEW.md
617b14f81dad956be7bfe5e4227d7d7c61521c9fff96011f5fb9b0a559ec2945  ??  artifacts/rust-tauri/R05/RR2/G-I1/isolated-source/docs/refactor-2026/P05/P05_REACCEPTANCE_REVIEW.md
234dbf05a4d1c9f04d68721ae525d743c534e7431d2caff334cf552130d6fa25  ??  artifacts/rust-tauri/R05/RR2/G-I1/isolated-source/docs/refactor-2026/P05/P05_REPORT.md
abf509f2fe757c3e101222b5c49512340fe4e789dbf55f00984360f02bb6b443  ??  artifacts/rust-tauri/R05/RR2/G-I1/isolated-source/docs/refactor-2026/P05/P05_RESULT.json
d8b5dcb92cb111bb49ed5387496fc42b35fde0a91969134b0f25ef03407cd33b  ??  artifacts/rust-tauri/R05/RR2/G-I1/isolated-source/docs/refactor-2026/P05/RECONNECT_CONTRACT.md
e5c831a4b7fb8785bbcd3e4574012cd48253f37a43be6f679afec0709b358389  ??  artifacts/rust-tauri/R05/RR2/G-I1/isolated-source/docs/refactor-2026/P05/RESOURCE_HISTORY_CONTRACT.md
68f2fc07f888060dabbf0080cdfd3c2e4ce079c31f27b4549012942dc2dadc4b  ??  artifacts/rust-tauri/R05/RR2/G-I1/isolated-source/docs/refactor-2026/P05/SEMANTIC_FIXTURES.json
71b6b2e98a985d0375eba04d563180fabe7b3dadf2c9df1d92048baeecbcff7e  ??  artifacts/rust-tauri/R05/RR2/G-I1/isolated-source/docs/refactor-2026/P05/SESSION_IDENTITY_CONTRACT.md
1e85196faac6e4d70180c74555ffd36bd31ab751de48a08af0854ea8704fb89c  ??  artifacts/rust-tauri/R05/RR2/G-I1/isolated-source/docs/refactor-2026/P06/ACCEPTANCE_CORRECTION.md
90e4314e4248c6c26bf6d8b00c1a35fb6b9c61d339deeb933ea77a28baf279b5  ??  artifacts/rust-tauri/R05/RR2/G-I1/isolated-source/docs/refactor-2026/P06/ACCEPTANCE_MAP.json
8cebb1d013b0113c0a24658d8db910748190952dd330ec5c387500cc3fc285a0  ??  artifacts/rust-tauri/R05/RR2/G-I1/isolated-source/docs/refactor-2026/P06/CONTEXT_ASSEMBLY_MAP.md
95810a828663a10790277fbd4c840f5563b64ed74ddb740176cf5454431b4537  ??  artifacts/rust-tauri/R05/RR2/G-I1/isolated-source/docs/refactor-2026/P06/EVAL_COMPARISON.md
12a0666c91d8a2177d3c72e6383deccbcc3fdae758febc5aa0944d04bc964827  ??  artifacts/rust-tauri/R05/RR2/G-I1/isolated-source/docs/refactor-2026/P06/EVIDENCE_SHA256.txt
0efe2c5361e876c6e00924a55b885ac68fd224d6bbd4d42e378fa680a7e6dc42  ??  artifacts/rust-tauri/R05/RR2/G-I1/isolated-source/docs/refactor-2026/P06/FEATURE_CONTEXT_COMPAT.md
2bfdf3c5185fb63fd490c67ea619f628b1c687b129d28271a9efbea96c755c7c  ??  artifacts/rust-tauri/R05/RR2/G-I1/isolated-source/docs/refactor-2026/P06/NEXT_STAGE_HANDOFF.md
d68f0194f47bf7e23a78ce6f8cf1800883bbcf513729901b71cd963b3a9845cc  ??  artifacts/rust-tauri/R05/RR2/G-I1/isolated-source/docs/refactor-2026/P06/P06_ACCEPTANCE_REVIEW.md
76bcddb2d9f57af38b9bad44ead5d3b1c195a001b05acac3ff4f379726b8a825  ??  artifacts/rust-tauri/R05/RR2/G-I1/isolated-source/docs/refactor-2026/P06/P06_REACCEPTANCE_REVIEW.md
2da25683f50fdd3ac14baae80a5bd8ce5cd3f61f9f68059be90f6ec92054fff0  ??  artifacts/rust-tauri/R05/RR2/G-I1/isolated-source/docs/refactor-2026/P06/P06_REPORT.md
27cd8876462f364a68fcf5485a23c289084a6496390ebac8c1533934fd086a27  ??  artifacts/rust-tauri/R05/RR2/G-I1/isolated-source/docs/refactor-2026/P06/P06_RESULT.json
eb0eba4be1feaf347b3cf718a7a9e2c574e0f584b98ef1e84c638223a3b5b54a  ??  artifacts/rust-tauri/R05/RR2/G-I1/isolated-source/docs/refactor-2026/P06/PROMPT_BUDGET_REPORT.md
03cfb5ef0cab70c4a3cf57526013c551c07048037530318d3d3e29a3fd674019  ??  artifacts/rust-tauri/R05/RR2/G-I1/isolated-source/docs/refactor-2026/P06/PROMPT_CHANGE_LEDGER.md
8e91c139b29c6685f9ed45cb558d6164e213fad40175289605d6989de28aa174  ??  artifacts/rust-tauri/R05/RR2/G-I1/isolated-source/docs/refactor-2026/P06/TOOL_BEHAVIOR_EVAL.json
2fbfbe289604daac671e7cdbe2847717591332a663611b56ec70ebde1772d46b  ??  artifacts/rust-tauri/R05/RR2/G-I1/isolated-source/docs/refactor-2026/P07/ACCEPTANCE_CORRECTION.md
26504249fc78803969b5abc9efdb2130c09f4fa08ff2f7c2151962146b8a8617  ??  artifacts/rust-tauri/R05/RR2/G-I1/isolated-source/docs/refactor-2026/P07/ACCEPTANCE_MAP.json
7dcdea1048b4989406aac0da9da7dc67253b9f663df58b058a4c21a8c752f72c  ??  artifacts/rust-tauri/R05/RR2/G-I1/isolated-source/docs/refactor-2026/P07/CPU_OFFLOAD_DECISION.md
2a5b858da5ddb9ccd4b8a4cc8669bbba0ddda69cb6d604be91a74c3a457ca009  ??  artifacts/rust-tauri/R05/RR2/G-I1/isolated-source/docs/refactor-2026/P07/EVIDENCE_SHA256.txt
15ddc7c33a7a0144b0300d821e5936d6fa75ce9bcdf9931eeb3957bda9d60d98  ??  artifacts/rust-tauri/R05/RR2/G-I1/isolated-source/docs/refactor-2026/P07/HISTORY_COST_REPORT.md
68a36cd21978132833b081c4932f3e715378d11e6cc31954e6ca0a9ee51a5dcf  ??  artifacts/rust-tauri/R05/RR2/G-I1/isolated-source/docs/refactor-2026/P07/HOTSPOT_REPORT.md
ee0093d00cf505c22beffab7534594622bd0e109c71030f2882c7108fc45b834  ??  artifacts/rust-tauri/R05/RR2/G-I1/isolated-source/docs/refactor-2026/P07/NEXT_STAGE_HANDOFF.md
7805e2e905d31c84788b4578589de27889de7ae9c23b051a21d5aeaaa7d3fd68  ??  artifacts/rust-tauri/R05/RR2/G-I1/isolated-source/docs/refactor-2026/P07/P07_ACCEPTANCE_REVIEW.md
a16f489f53f7ee499cab245bccf6c4567ce37da50fe23e9349090cdb1293db6e  ??  artifacts/rust-tauri/R05/RR2/G-I1/isolated-source/docs/refactor-2026/P07/P07_ACCEPTANCE_REVIEW_R3.md
1ec5cc992d985326d05f30ce24d2098e7100fff624472355fc6fa7ec074d415d  ??  artifacts/rust-tauri/R05/RR2/G-I1/isolated-source/docs/refactor-2026/P07/P07_PERFORMANCE_COMPARISON.md
d5267c367de8d97608b3d47ef489bb2410f2b15712095c15b7759004108357dc  ??  artifacts/rust-tauri/R05/RR2/G-I1/isolated-source/docs/refactor-2026/P07/P07_REPORT.md
a5c9b4ceb974819be62fb273a6a26e887a548043afa65a8487f0520fe08c4763  ??  artifacts/rust-tauri/R05/RR2/G-I1/isolated-source/docs/refactor-2026/P07/P07_RESULT.json
0ad6c4e034b21c3f901f35707a85e1b7575f8ab016548123d1d07dfa1832447f  ??  artifacts/rust-tauri/R05/RR2/G-I1/isolated-source/docs/refactor-2026/P07/SOAK_RESOURCE_REPORT.md
6867876eab471240b4bb18069b6eef0f1231147c15bd9763c2da92ffbba22cc5  ??  artifacts/rust-tauri/R05/RR2/G-I1/isolated-source/docs/refactor-2026/P07/STARTUP_CRITICAL_PATH.md
2e2d2f9d22886e1ad3c58f6712abe0411f7c30a9d74771e100a24d6500eb0d27  ??  artifacts/rust-tauri/R05/RR2/G-I1/isolated-source/docs/refactor-2026/P07/UI_PROFILE_REPORT.md
b24f050497796c3db409e695149f65a496585a0a085981e557f7040322e70a29  ??  artifacts/rust-tauri/R05/RR2/G-I1/isolated-source/docs/refactor-2026/P08/ACCEPTANCE_CORRECTION.md
d8b47a277e82f43b28dc5a46440a4fb185c01db1725ea5f92a4c60c9fd1ae324  ??  artifacts/rust-tauri/R05/RR2/G-I1/isolated-source/docs/refactor-2026/P08/ACCEPTANCE_MAP.json
56ef23fc28cd22c2f5750548dbb1b999f5b2c488e4a2dc5f0335fe31af5df758  ??  artifacts/rust-tauri/R05/RR2/G-I1/isolated-source/docs/refactor-2026/P08/EVIDENCE_SHA256.txt
761e7faae04ff86be46b51823a0c61fbf9c678912a4cd6a738e2a296be4b3f4a  ??  artifacts/rust-tauri/R05/RR2/G-I1/isolated-source/docs/refactor-2026/P08/FINAL_CALLSITE_MATRIX.json
95f6f9b68ae2f6be8da791210e862e5d925b8856a9bb97d3422fc3ac5c6480b9  ??  artifacts/rust-tauri/R05/RR2/G-I1/isolated-source/docs/refactor-2026/P08/FINAL_ENGINEERING_CHECKS.json
3404551e0e990a4babf6bfd67755055f835f495a6e933644070da9ddf7159450  ??  artifacts/rust-tauri/R05/RR2/G-I1/isolated-source/docs/refactor-2026/P08/FINAL_RESULT.json
86dce63e3ba9b4ecf81175408cb6fcc6471078a694e1438d7044788a541634b1  ??  artifacts/rust-tauri/R05/RR2/G-I1/isolated-source/docs/refactor-2026/P08/INDEPENDENT_REVIEW.md
9bd13d00493e201cc9f4e35af17732f86d8e4d12371e51cd6513a92ea38b00e9  ??  artifacts/rust-tauri/R05/RR2/G-I1/isolated-source/docs/refactor-2026/P08/LEGACY_EXIT_LEDGER.md
fc26b6f43f2dd5112d79db19bb83a7cb4fd1bee7328305964ec930f9672e017c  ??  artifacts/rust-tauri/R05/RR2/G-I1/isolated-source/docs/refactor-2026/P08/P08_ACCEPTANCE_REVIEW.md
6cb08ed16dea57e227899708b30d8246e3f850c2517ec7ed14694ea07b99ce1e  ??  artifacts/rust-tauri/R05/RR2/G-I1/isolated-source/docs/refactor-2026/P08/P08_RECLOSURE_REVIEW.md
3b3b0cfad7e8e2db8a3a977a13a6287f61383b7a80fd37ee6f79b843977ac096  ??  artifacts/rust-tauri/R05/RR2/G-I1/isolated-source/docs/refactor-2026/P08/P08_REPORT.md
6a0898ec2048612223844ebce2a4587ba0718b3e11d8d5932709dc6b1f5a8595  ??  artifacts/rust-tauri/R05/RR2/G-I1/isolated-source/docs/refactor-2026/P08/P08_RESULT.json
f3af7cfb6ec1328b4a8ffacca486df61abd45f235b3ebea37f5bd1281f1fc394  ??  artifacts/rust-tauri/R05/RR2/G-I1/isolated-source/docs/refactor-2026/P08/PACKAGED_ARTIFACT_MATRIX.json
2386524ff75ed1b3e27ae6b30bb888043000437b23a7d232ac3882e9bb089455  ??  artifacts/rust-tauri/R05/RR2/G-I1/isolated-source/docs/refactor-2026/P08/PRODUCT_REGRESSION_MATRIX.json
7a21c936bf87cee2d0f787e62e5b8a59f37945ef592fab4466be1352fd7f7bb5  ??  artifacts/rust-tauri/R05/RR2/G-I1/isolated-source/docs/refactor-2026/P08/STRICT_FINAL_SCOPE.json
c89674ec6a71c6681a71118fbc8b8ae4d226a184469b6d35c488442991cbac83  ??  artifacts/rust-tauri/R05/RR2/G-I1/isolated-source/docs/refactor-2026/independent-fix/BLOCKED_ITEMS.md
5eeced84c2134522bec8da346e094d3c2948a87740a572e72aac6ef0845106cb  ??  artifacts/rust-tauri/R05/RR2/G-I1/isolated-source/docs/refactor-2026/independent-fix/C26-local-soak.md
02a3995c2b064613dc5347000a8712b05c5f42d24b88fc2f5ce149787587cee3  ??  artifacts/rust-tauri/R05/RR2/G-I1/isolated-source/docs/refactor-2026/independent-fix/C30_RESULT.json
e28639f25b9f81717fcb6cbe557293c8a639a461a136f9c86cf15b2032239b84  ??  artifacts/rust-tauri/R05/RR2/G-I1/isolated-source/docs/refactor-2026/independent-fix/COMMAND_INDEX.json
51abac7ada9d0cf8ac97bd6b825501c936ff83bfa743eabd7ebc80f8e074e220  ??  artifacts/rust-tauri/R05/RR2/G-I1/isolated-source/docs/refactor-2026/independent-fix/CROSS_REVIEW_F02_F04.md
0ffbd92f09aaa9517ccf5d8b3f740a2857348d26947c12c25e58e3774c9b72ba  ??  artifacts/rust-tauri/R05/RR2/G-I1/isolated-source/docs/refactor-2026/independent-fix/EVIDENCE_SHA256.txt
8c870d4faef08a568db6327e69db9dc17923112fff78816267daa76670fca2dc  ??  artifacts/rust-tauri/R05/RR2/G-I1/isolated-source/docs/refactor-2026/independent-fix/F01.md
c698423a74a52ec135dcb3f15e9501a9ae3c00b31a5daa64411c07c73f62a341  ??  artifacts/rust-tauri/R05/RR2/G-I1/isolated-source/docs/refactor-2026/independent-fix/F01_RESULT.json
1fd129a71587622ee1f6c0ea32408fe2ca0524dcdaae7628c7186e0442da43da  ??  artifacts/rust-tauri/R05/RR2/G-I1/isolated-source/docs/refactor-2026/independent-fix/F02.md
2cc5d6cef84fa0537fce5cc0993057cf3141f01c3a3fec5ff334d652f4ba4e75  ??  artifacts/rust-tauri/R05/RR2/G-I1/isolated-source/docs/refactor-2026/independent-fix/F03.md
1901245f5e66c4b6521d98b04cb66033a3a92bb1c337b1b4fd57f2c0893f9635  ??  artifacts/rust-tauri/R05/RR2/G-I1/isolated-source/docs/refactor-2026/independent-fix/F04.md
f5e5b5b61d1edf422535d747d22b8a4b5c662133e6de62397e469cf4f338b881  ??  artifacts/rust-tauri/R05/RR2/G-I1/isolated-source/docs/refactor-2026/independent-fix/FINAL_VERIFICATION.json
a9ac01e41d1f0632df2c2a3b4d35fe96b032244d43664e58600a95e0f389b8dc  ??  artifacts/rust-tauri/R05/RR2/G-I1/isolated-source/docs/refactor-2026/independent-fix/FIX_ACCEPTANCE_MAP.json
9ee1835950dcaaf8b900ffa52d96823c0541e544f26d6492bbc38f632c1a18e8  ??  artifacts/rust-tauri/R05/RR2/G-I1/isolated-source/docs/refactor-2026/independent-fix/FIX_REPORT.md
7ee40103dbde0a589a3dd4434bb93f55cceea827534e3ffe3bf5e5bbea311fb7  ??  artifacts/rust-tauri/R05/RR2/G-I1/isolated-source/docs/refactor-2026/independent-fix/FIX_RESULT.json
fb2dce67538de38a22631cddde754203e87e8adea069f4e0c3dbf898c59bfc4f  ??  artifacts/rust-tauri/R05/RR2/G-I1/isolated-source/docs/refactor-2026/independent-fix/INPUT_BOUNDARY_MAP.json
8129970c08638a5c841311a3a908f3b520617d657e0270f9679e3f3e7c5504e5  ??  artifacts/rust-tauri/R05/RR2/G-I1/isolated-source/docs/refactor-2026/independent-fix/REVIEW_INPUTS.json
11dba770972402cbaf569de99a4e702a8fc71ed0004d2d0467d11e201794f211  ??  artifacts/rust-tauri/R05/RR2/G-I1/isolated-source/docs/refactor-2026/independent-fix/SOURCE_MANIFEST.json
8efa932b47ccb284f5a0c7d6a8b55bf9727373e26a7d20d2024b71336552f123  ??  artifacts/rust-tauri/R05/RR2/G-I1/isolated-source/docs/refactor-2026/independent-fix/STRICT_SCOPE.json
2a8e381547417d38f304d81b876fe2bfd03e85c7ef6a8964b33e796aa3992d9e  ??  artifacts/rust-tauri/R05/RR2/G-I1/isolated-source/docs/refactor-2026/independent-fix/WORK_LOG.md
a7b565336cf62884a8a6da707fce0a30e80df7fc6c30b3012db41028f109b344  ??  artifacts/rust-tauri/R05/RR2/G-I1/isolated-source/docs/rust-tauri/ORCHESTRATOR_PROGRESS.json
bf40009e347df014dba1d2a2ecb7505bf4bdccfdef1992fc99b144749a992331  ??  artifacts/rust-tauri/R05/RR2/G-I1/isolated-source/docs/rust-tauri/PERFORMANCE_THRESHOLDS.json
96f70219d1df88249e8df073f4dfe211f8562cef20f7e45b1c03064feb5362be  ??  artifacts/rust-tauri/R05/RR2/G-I1/isolated-source/docs/rust-tauri/R00/ACCEPTANCE_MAP.json
4b12dd33d7458f50639b4f0000da3d742317338551df9a26033c002bd829858b  ??  artifacts/rust-tauri/R05/RR2/G-I1/isolated-source/docs/rust-tauri/R00/BASELINE.json
611f5aba38892181221e43f79d972a80cbcbb4dcb6f21c0a14aaf87a9ceac565  ??  artifacts/rust-tauri/R05/RR2/G-I1/isolated-source/docs/rust-tauri/R00/BASELINE_DELTA.md
fd8cfeb989598069b0a422526d63b6fa5e526b1d5ef5222b87e1af8383ed841e  ??  artifacts/rust-tauri/R05/RR2/G-I1/isolated-source/docs/rust-tauri/R00/BLOCKERS.md
f69e658f8b35b5a486a764872e27c82b599c84ef49404903f5b72f4b0b84d669  ??  artifacts/rust-tauri/R05/RR2/G-I1/isolated-source/docs/rust-tauri/R00/ENTRYPOINTS.json
76fe6e2b9aaae914aaff21be6f731ba8d537b944ced6412ebca4f547c8313000  ??  artifacts/rust-tauri/R05/RR2/G-I1/isolated-source/docs/rust-tauri/R00/ENTRYPOINT_COVERAGE.json
df55a8a4d6183626c00ac27e6c0452fb20cdd3cfe781c45d2777fbff06900666  ??  artifacts/rust-tauri/R05/RR2/G-I1/isolated-source/docs/rust-tauri/R00/EXCLUSIONS.md
48141268281fcb854f1674d53f526c5a6149e20504c8a2c818f3ed2abed11039  ??  artifacts/rust-tauri/R05/RR2/G-I1/isolated-source/docs/rust-tauri/R00/FEATURE_INVENTORY.json
699ef808d35d0185681e712372cf6d6585caf0e3958daab646586f0b355072a9  ??  artifacts/rust-tauri/R05/RR2/G-I1/isolated-source/docs/rust-tauri/R00/FEATURE_STAGE_ACCEPTANCE.json
9d5d3b7a5b97286555b8be48c86e20148c4700ba9d4276395232736a420bd51a  ??  artifacts/rust-tauri/R05/RR2/G-I1/isolated-source/docs/rust-tauri/R00/OWNERSHIP_CURRENT.md
c16b01b7bc038522696a3d74a9b8bf46f5e00581455d97ddeb77ddd217ab6d56  ??  artifacts/rust-tauri/R05/RR2/G-I1/isolated-source/docs/rust-tauri/R00/PI_REPLACEMENT_MATRIX.json
9f239795e8dec5bc55c6485acde1594683b5c6aacf08fa8fd8430cbcb3d7b14f  ??  artifacts/rust-tauri/R05/RR2/G-I1/isolated-source/docs/rust-tauri/R00/R00-T01_REPORT.md
4e42fad1c96ea8f64d7ef1255a1da9648c340d578822d91da4df1bada581933b  ??  artifacts/rust-tauri/R05/RR2/G-I1/isolated-source/docs/rust-tauri/R00/R00-T01_REPORT_R1_CANDIDATE.md
fbc91b225d92da983109ee591440126071b5227eefac01470dc6782face4133c  ??  artifacts/rust-tauri/R05/RR2/G-I1/isolated-source/docs/rust-tauri/R00/R00-T01_REPORT_R3_CANDIDATE.md
e08ccc64ed8c791514a10bded3d351cb7dd60990e47825a8ad25c49cd575fccc  ??  artifacts/rust-tauri/R05/RR2/G-I1/isolated-source/docs/rust-tauri/R00/R00-T01_REVIEW_R1.md
3ffce34f9cd95b69f889a4c563469c788cced97ae4b89cdb8a6816f794a69d66  ??  artifacts/rust-tauri/R05/RR2/G-I1/isolated-source/docs/rust-tauri/R00/R00-T01_REVIEW_R2.md
01ce19a79c09d24afd9e0f7c99a01155859202bb7126ca0eeb432e16b46dd355  ??  artifacts/rust-tauri/R05/RR2/G-I1/isolated-source/docs/rust-tauri/R00/R00-T01_REVIEW_R3.md
14cdf1623f90d8bb2a62e616ce2fd98ba49c1ffdd890decee56320629c58db02  ??  artifacts/rust-tauri/R05/RR2/G-I1/isolated-source/docs/rust-tauri/R00/R00-T01_REVIEW_R4.md
30d9e46c356d1b0ac26f4a93f6cd81f619a49939be2e017df8353b758808b465  ??  artifacts/rust-tauri/R05/RR2/G-I1/isolated-source/docs/rust-tauri/R00/R00-T01_ROOT_CAUSE_R2.md
1f4b079689dbcf0b8acf66b21acc55961a9ae0f44a9871049010c7069b2626d2  ??  artifacts/rust-tauri/R05/RR2/G-I1/isolated-source/docs/rust-tauri/R00/R00-T01_ROOT_CAUSE_R3.md
25d5cb18153729463a6a1ffb13e2b33dac1ee62d2bf22e80f483cd1202e83cbc  ??  artifacts/rust-tauri/R05/RR2/G-I1/isolated-source/docs/rust-tauri/R00/R00-T02_AST_CONDITION_AUDIT.json
07fb8db02e9cbb71e72c69f13ea8c40e265a00f11aea3ee7eb84404fce0584cb  ??  artifacts/rust-tauri/R05/RR2/G-I1/isolated-source/docs/rust-tauri/R00/R00-T02_BRANCH_CLOSURE_AUDIT.json
e3f097eb42113b432c01c973f4bfad33711adb886f8311d889e1469b5107459c  ??  artifacts/rust-tauri/R05/RR2/G-I1/isolated-source/docs/rust-tauri/R00/R00-T02_BRANCH_SEMANTIC_CONTRACT.json
c43a8c288b3762fd5a2b65c07af0759600c3fbfd5022cf9c35b6578aec7fde5c  ??  artifacts/rust-tauri/R05/RR2/G-I1/isolated-source/docs/rust-tauri/R00/R00-T02_NONHTTP_AUDIT_CORE.json
fa7c3e36be0119cf4af93ad7c5fd57081e4e534bdf529fa425bd2211bcfcda10  ??  artifacts/rust-tauri/R05/RR2/G-I1/isolated-source/docs/rust-tauri/R00/R00-T02_NONHTTP_AUDIT_SPLITS.json
92f1b720330cccf967981f10fa3b09b6be02bef2ab6a9be4c36ab1ea7bc16971  ??  artifacts/rust-tauri/R05/RR2/G-I1/isolated-source/docs/rust-tauri/R00/R00-T02_NONHTTP_AUDIT_TOOLS.json
491ab3289b180d9ec698ebdbc3245e0d4a581158d7326688db5a71ea3189810c  ??  artifacts/rust-tauri/R05/RR2/G-I1/isolated-source/docs/rust-tauri/R00/R00-T02_NONHTTP_AUDIT_UI.json
6b84b6e47a2f76651baed75edde512db37c8881d1f7e6ab4ef0cc878cffb0fba  ??  artifacts/rust-tauri/R05/RR2/G-I1/isolated-source/docs/rust-tauri/R00/R00-T02_R10_REPAIR.md
e6b51a627c22073e4540d78e97a1ea88ca331bbf399bf6e281b7c5dc54887bdb  ??  artifacts/rust-tauri/R05/RR2/G-I1/isolated-source/docs/rust-tauri/R00/R00-T02_R6_REPAIR.md
69452b2157f9665096065307953bed13399bc41ae99d2582576bd9fd8ab8493b  ??  artifacts/rust-tauri/R05/RR2/G-I1/isolated-source/docs/rust-tauri/R00/R00-T02_R7_REPAIR.md
da2586cc99d02710bb9444903fc21d585f37612ddfbeba507a2d35dc67999d7b  ??  artifacts/rust-tauri/R05/RR2/G-I1/isolated-source/docs/rust-tauri/R00/R00-T02_R8_CLOSURE_LEDGER.json
4d6f9f57e9ee8df3b8c048238b37cf8bf447c838514e3fb75e163bd78fa9c0af  ??  artifacts/rust-tauri/R05/RR2/G-I1/isolated-source/docs/rust-tauri/R00/R00-T02_R8_REPAIR.md
2cf1ea0a05c87a370444d05fce659c07d2030857b9c37d58da7edf778d5f069a  ??  artifacts/rust-tauri/R05/RR2/G-I1/isolated-source/docs/rust-tauri/R00/R00-T02_R9_REPAIR.md
cbdfff4afcc17b327a68b16bdb7a5bd40dcbcdae1e4f008cde015d58b99f2ac4  ??  artifacts/rust-tauri/R05/RR2/G-I1/isolated-source/docs/rust-tauri/R00/R00-T02_REPORT.md
39e50359f61f54d9671f3a3b4858dd088d7aeb2d49f49af6add90dc4ce41e975  ??  artifacts/rust-tauri/R05/RR2/G-I1/isolated-source/docs/rust-tauri/R00/R00-T02_RESULT_DRIFT_REVIEW.json
43bcf34fdf95aa9097c09653edbc12edcd85dd66231550dc7db2dd9907bc907e  ??  artifacts/rust-tauri/R05/RR2/G-I1/isolated-source/docs/rust-tauri/R00/R00-T02_REVIEW_R1.md
2bbea6e665d46b0187f9a99e13bb40b9596e6087ceadfe805f36b9d2986c499f  ??  artifacts/rust-tauri/R05/RR2/G-I1/isolated-source/docs/rust-tauri/R00/R00-T02_REVIEW_R10.md
f352729daa1fa47b14d47b8501aa6121b18920e68af8f2f6635133df4e102245  ??  artifacts/rust-tauri/R05/RR2/G-I1/isolated-source/docs/rust-tauri/R00/R00-T02_REVIEW_R2.md
65bd6796825c3e1b7818af3ede8c2a7ede78f4157aa66f7eea46984de14e3076  ??  artifacts/rust-tauri/R05/RR2/G-I1/isolated-source/docs/rust-tauri/R00/R00-T02_REVIEW_R3.md
ffaac211fbba95c4cd156c0aa13c457a1d20e9876a7c8914f4be636489f47665  ??  artifacts/rust-tauri/R05/RR2/G-I1/isolated-source/docs/rust-tauri/R00/R00-T02_REVIEW_R4.md
8a4e5d9a17f5d321dae94a1267d7d235eabbe3daaabe9a196dcbf548bb4e1d14  ??  artifacts/rust-tauri/R05/RR2/G-I1/isolated-source/docs/rust-tauri/R00/R00-T02_REVIEW_R5.md
9311c921383f6883acfb1ec86c356fc9bac13a3ef3dfe533a946811257fd3c4d  ??  artifacts/rust-tauri/R05/RR2/G-I1/isolated-source/docs/rust-tauri/R00/R00-T02_REVIEW_R6.md
2a641bec68409c9388c4422837589ca2e8bba447d25206676b69f68672e67cc3  ??  artifacts/rust-tauri/R05/RR2/G-I1/isolated-source/docs/rust-tauri/R00/R00-T02_REVIEW_R7.md
6fa0e1d0ade65e809be37279f0296983f391a4d47a69a0296bc6cd265ea8238b  ??  artifacts/rust-tauri/R05/RR2/G-I1/isolated-source/docs/rust-tauri/R00/R00-T02_REVIEW_R8.md
03a058975d0dff3bbff79bd5f66ce4e650ea0ab9e04812fe5a6e0c936b6872c4  ??  artifacts/rust-tauri/R05/RR2/G-I1/isolated-source/docs/rust-tauri/R00/R00-T02_REVIEW_R9.md
34d0badeeb13585ab5c2a71b3f821136a47f6db247e51de1fa63e347ba0513ad  ??  artifacts/rust-tauri/R05/RR2/G-I1/isolated-source/docs/rust-tauri/R00/R00-T02_ROOT_CAUSE_R2.md
16b641a8e651c5e00434b26ec5777dde3efd5483a5b79ce671ef900d373cbb45  ??  artifacts/rust-tauri/R05/RR2/G-I1/isolated-source/docs/rust-tauri/R00/R00-T02_ROOT_CAUSE_R3.md
0071c3bb6dfe7f86647fc34dc9c2601203a8f5bf673ebf5eb13e0c2ecb7826f7  ??  artifacts/rust-tauri/R05/RR2/G-I1/isolated-source/docs/rust-tauri/R00/R00-T02_ROOT_CAUSE_R4.md
5afef763061b6e99c073eca4d058bcfe894b858490eb75581fe22b839b1392b3  ??  artifacts/rust-tauri/R05/RR2/G-I1/isolated-source/docs/rust-tauri/R00/R00-T02_ROOT_CAUSE_R5.md
a97bcc3b2c398f174891f2f795474b5de1b6960af06c97fb878b01ee3a94ace8  ??  artifacts/rust-tauri/R05/RR2/G-I1/isolated-source/docs/rust-tauri/R00/R00-T02_ROOT_CAUSE_R6.md
a6d834f08632d7f31eb85fb329626584c048b6d8e6579ba9a3dc6142fe17cc0d  ??  artifacts/rust-tauri/R05/RR2/G-I1/isolated-source/docs/rust-tauri/R00/R00-T02_ROOT_CAUSE_R7.md
1d692d955aa80a00927fb66d648870b845ab5808a35d77aa04ade6441b0e5d04  ??  artifacts/rust-tauri/R05/RR2/G-I1/isolated-source/docs/rust-tauri/R00/R00-T02_ROOT_CAUSE_R8.md
8e84f77dc21007aee759d74c0457c8f314b6e3fd87562cd8eb849eefe342e91e  ??  artifacts/rust-tauri/R05/RR2/G-I1/isolated-source/docs/rust-tauri/R00/R00-T02_ROOT_CAUSE_R9.md
41f3d6672fe3e750ccf454cd27210f887b4f34a3791babf17b464eba1312e5e3  ??  artifacts/rust-tauri/R05/RR2/G-I1/isolated-source/docs/rust-tauri/R00/R00-T02_SEMANTIC_AUDIT_G1.json
7be7d4686b686046b2d5c1a8f4cc9f0ad840ddb51e0d1d283e4b1a6de766f7e2  ??  artifacts/rust-tauri/R05/RR2/G-I1/isolated-source/docs/rust-tauri/R00/R00-T02_SEMANTIC_AUDIT_G2.json
10bf3ef49268654d8a59f18b489e9ece1fc455984ef1caeab67d7892bd96b735  ??  artifacts/rust-tauri/R05/RR2/G-I1/isolated-source/docs/rust-tauri/R00/R00-T02_SEMANTIC_AUDIT_G3.json
b105b24d00ee83d2ae52105aacdef0fd3a5f749c4bfabd946308cab4a96991a2  ??  artifacts/rust-tauri/R05/RR2/G-I1/isolated-source/docs/rust-tauri/R00/R00-T02_SHARED_SETTINGS_AUDIT.json
b35fa70570907e355f006f43d3820fc5f34a594598c11f70624ad3c2975e6e7f  ??  artifacts/rust-tauri/R05/RR2/G-I1/isolated-source/docs/rust-tauri/R00/R00-T02_SOURCE_BRANCH_AUDIT.json
2b54d59d4a9d1217eac6e6654aee0229517d657346c11adaf1f4819ee26d311a  ??  artifacts/rust-tauri/R05/RR2/G-I1/isolated-source/docs/rust-tauri/R00/R00-T02_UI_ACTION_MATRIX.json
e92a6ceb2f9433bd393f4c10d3d09994a564e1d28a701d0818305f1b5e957c7c  ??  artifacts/rust-tauri/R05/RR2/G-I1/isolated-source/docs/rust-tauri/R00/R00-T02_UI_AGENT_PROVIDERS_AUDIT.json
e258d77bf4a25761d605aba5f26f7c9b2bf1ee1b3a32ce3a938c851b8465aea8  ??  artifacts/rust-tauri/R05/RR2/G-I1/isolated-source/docs/rust-tauri/R00/R00-T02_UI_BRANCH_REVIEW.json
4cb6022fe50e0d258f48dd8e4e0012f011d5939ac6f5a7c240f5daf8975ceb36  ??  artifacts/rust-tauri/R05/RR2/G-I1/isolated-source/docs/rust-tauri/R00/R00-T02_UI_BRANCH_REVIEW_B.json
15773b11ec3a4542d9ecdea47cbdac29a3f356b837438a2b26acf1ca4fef4fd1  ??  artifacts/rust-tauri/R05/RR2/G-I1/isolated-source/docs/rust-tauri/R00/R00-T02_UI_BRIDGE_MODELS_AUDIT.json
ae27344147a77f1d55b6e7e009bb4929cfa5b204dab461a96f52188e417c897d  ??  artifacts/rust-tauri/R05/RR2/G-I1/isolated-source/docs/rust-tauri/R00/R00-T02_UI_ORACLE_REVIEW.json
e1f216ccbcacb1b1394d99a4f14267188e4a221d9dfb08384fd5db5c4adfe013  ??  artifacts/rust-tauri/R05/RR2/G-I1/isolated-source/docs/rust-tauri/R00/R00-T02_UI_SKILLS_USAGE_AUDIT.json
85376ca2848ccb5d3d2d5e7489f7b61a974569ec8fe31135ae1bbfac8729b20d  ??  artifacts/rust-tauri/R05/RR2/G-I1/isolated-source/docs/rust-tauri/R00/R00-T02_UI_SOURCE_BRANCH_CONTRACT.json
638d0663acb77b43dcda5844e11175af1914a8aba6464515d93f821ec9a61312  ??  artifacts/rust-tauri/R05/RR2/G-I1/isolated-source/docs/rust-tauri/R00/R00-T03_IMPORT_GRAPH.json
b3e20f9c60c8fb25fae3dbc9c67e5e4821cfbfed327e47238e5a20aec8dbcb97  ??  artifacts/rust-tauri/R05/RR2/G-I1/isolated-source/docs/rust-tauri/R00/R00-T03_R1_REPAIR.md
9cce57a6d7587550784c859f38052a38c04ec0f81a4b63492f2cd0ae9c812299  ??  artifacts/rust-tauri/R05/RR2/G-I1/isolated-source/docs/rust-tauri/R00/R00-T03_R2_REPAIR.md
3f020296c7e51f39b4914a0e557c3a738d14f5f0c5b0888883d63507e2d1cbda  ??  artifacts/rust-tauri/R05/RR2/G-I1/isolated-source/docs/rust-tauri/R00/R00-T03_REPORT.md
a986043726c928356417f245743e3d02dbab755a456134e312863f7e4801db8a  ??  artifacts/rust-tauri/R05/RR2/G-I1/isolated-source/docs/rust-tauri/R00/R00-T03_REVIEW_R1.md
d8581080495f546f644bf3104736af8260a19f1e7f48bf15a68f26c10b3af9ac  ??  artifacts/rust-tauri/R05/RR2/G-I1/isolated-source/docs/rust-tauri/R00/R00-T03_REVIEW_R2.md
f000cdf169726184d94e9647dbc5f6e9b00f86b24e5de0cf2337e3e35773fc4f  ??  artifacts/rust-tauri/R05/RR2/G-I1/isolated-source/docs/rust-tauri/R00/R00-T03_REVIEW_R3.md
e21c1391aca635ad04724af66cf3607a2a815020de3fb82129c1358871799a04  ??  artifacts/rust-tauri/R05/RR2/G-I1/isolated-source/docs/rust-tauri/R00/R00-T03_ROOT_CAUSE_R2.md
f1b0a228afb50a01bc7655da851a542e291482a20ef6ab9420fcd18aebcffda1  ??  artifacts/rust-tauri/R05/RR2/G-I1/isolated-source/docs/rust-tauri/R00/R00-T03_VALIDATION.json
447ad03dcf4302eaf8d6f9a35b019309f2bf7b80961a999d0b392f23b1a05300  ??  artifacts/rust-tauri/R05/RR2/G-I1/isolated-source/docs/rust-tauri/R00/R00-T04_R1_REPAIR.md
8fb0731960491f6c7c2388fe50d70769057c517bde2ed2551b37a73cc187f909  ??  artifacts/rust-tauri/R05/RR2/G-I1/isolated-source/docs/rust-tauri/R00/R00-T04_REPORT.md
e848a879b1a8bc9c680b4f4982be0625cf75ab06a05ac467c7e04d6f1d50de2e  ??  artifacts/rust-tauri/R05/RR2/G-I1/isolated-source/docs/rust-tauri/R00/R00-T04_REVIEW_R1.md
5504d42a7ae83b0a7d3d8021996efc8632124ffef81020ef0086f285624f3751  ??  artifacts/rust-tauri/R05/RR2/G-I1/isolated-source/docs/rust-tauri/R00/R00-T04_REVIEW_R2.md
924a8c8a3ae211665729339cf0c9ba2c98daeb12eeba25c583fe0cb694ceb460  ??  artifacts/rust-tauri/R05/RR2/G-I1/isolated-source/docs/rust-tauri/R00/R00-T05_REPORT.md
971aed7cf8e81abc896c4bb3ffa9b904d6ef0183205ca6cf50ad7ea2ffb9f060  ??  artifacts/rust-tauri/R05/RR2/G-I1/isolated-source/docs/rust-tauri/R00/R00-T05_REVIEW_R1.md
e941118ca2b85111ad148d92e2247a2f31824bdb54044a590e9825d60ddaebe2  ??  artifacts/rust-tauri/R05/RR2/G-I1/isolated-source/docs/rust-tauri/R00/R00-T06_PROTOCOL.md
e30a0f116997b628462e46cc8e83bfcc41dec0f6dc66d656cb558a5da41c3326  ??  artifacts/rust-tauri/R05/RR2/G-I1/isolated-source/docs/rust-tauri/R00/R00-T06_R1_REPAIR.md
8efc7fcab601e41ea25f21b44a8406841970c96cf8baed10b2a79e93dd50ca6b  ??  artifacts/rust-tauri/R05/RR2/G-I1/isolated-source/docs/rust-tauri/R00/R00-T06_REPORT.md
5b3ba9cc6b5932cba3208bb99eacf58a3f16338f310b291c1458f44e5e5d91ad  ??  artifacts/rust-tauri/R05/RR2/G-I1/isolated-source/docs/rust-tauri/R00/R00-T06_REVIEW_R1.md
c099b4831cec8aed63f72cd4401cc8999c3b1d8dc0a75cb616e9b57ab84d58d1  ??  artifacts/rust-tauri/R05/RR2/G-I1/isolated-source/docs/rust-tauri/R00/R00-T06_REVIEW_R2.md
e1adab94763564cdd6ca1baeaab3b25210aa3435adc7bdf9b8eae59eb99e97fd  ??  artifacts/rust-tauri/R05/RR2/G-I1/isolated-source/docs/rust-tauri/R00/R00-T07_REPAIR_R1.md
c0b2e9adeac101390bd0e89bc11cd507c56846e52b679d02a829ae13f7fcff62  ??  artifacts/rust-tauri/R05/RR2/G-I1/isolated-source/docs/rust-tauri/R00/R00-T07_REPAIR_R2.md
a67d51e71faeaa4fca59f9f83373e88cf2efd144df970b75e487a5d424498d71  ??  artifacts/rust-tauri/R05/RR2/G-I1/isolated-source/docs/rust-tauri/R00/R00-T07_REPORT.md
bc0bfb3b7119cb64c9114271c7fa689c4d00cc365254c4ff67dd1ae0686790b3  ??  artifacts/rust-tauri/R05/RR2/G-I1/isolated-source/docs/rust-tauri/R00/R00-T07_RESULTS.json
5d61bb33b516ad7a9792d0dba17b47a04cd4afb9830f77e00e74ad426e17d42e  ??  artifacts/rust-tauri/R05/RR2/G-I1/isolated-source/docs/rust-tauri/R00/R00-T07_REVIEW_R1.md
d30ca16ef57b64d2662fc5ca7e1d90bed2c2244c6dede9d598294ca02a125d83  ??  artifacts/rust-tauri/R05/RR2/G-I1/isolated-source/docs/rust-tauri/R00/R00-T07_REVIEW_R2.md
7e0a9fa937bebc9277d431f487ec2295ec22e6832a1a1214f98dee253474e1ce  ??  artifacts/rust-tauri/R05/RR2/G-I1/isolated-source/docs/rust-tauri/R00/R00-T07_REVIEW_R3.md
c6a1a57d5842ebd3ef0921ae3afafe1135b9d62860755a9501caf660bf2f5d79  ??  artifacts/rust-tauri/R05/RR2/G-I1/isolated-source/docs/rust-tauri/R00/R00-T08_REPAIR_R1.md
8a832b5d6c4c0c05749c9f4c1befc8f3778f69cf6f972b4f44c89dda0a5e66e2  ??  artifacts/rust-tauri/R05/RR2/G-I1/isolated-source/docs/rust-tauri/R00/R00-T08_REVIEW_R1.md
46c3fb23fae07c950c8644b9bd792ae100fd9811dd66e607b9cd8b657832d1e3  ??  artifacts/rust-tauri/R05/RR2/G-I1/isolated-source/docs/rust-tauri/R00/R00-T08_REVIEW_R2.md
b9ec35126fe667420d75cc517c5150f08047e4859622f3047fc1cd0bcb33b851  ??  artifacts/rust-tauri/R05/RR2/G-I1/isolated-source/docs/rust-tauri/R00/R00_AUDIT_SEAL_EXECUTION.md
02070406a6b670a22fbb8f0f0eddb5506d115bd2a9011e5c0b50c3d2cb4102b5  ??  artifacts/rust-tauri/R05/RR2/G-I1/isolated-source/docs/rust-tauri/R00/R00_AUDIT_SEAL_REVIEW_C1_R1.md
089644a1393f03e631d7151ade124e443240377b7125cfb9536d578e5e7eb5ae  ??  artifacts/rust-tauri/R05/RR2/G-I1/isolated-source/docs/rust-tauri/R00/R00_EVIDENCE_SUMMARY.md
c925e839c088502ae4e4d2798b9a284b26e30f26fb41ec1f39ced9a440669938  ??  artifacts/rust-tauri/R05/RR2/G-I1/isolated-source/docs/rust-tauri/R00/R00_HANDOFF.json
b466b39cb6413d18b44916c355f451ae8109295ac5839f429a0ad1034e9a9094  ??  artifacts/rust-tauri/R05/RR2/G-I1/isolated-source/docs/rust-tauri/R00/R00_REPORT.md
6c71dd6c7a3d64547d3b4990563c60f854cfb7fed8252631b57e5dc669451b73  ??  artifacts/rust-tauri/R05/RR2/G-I1/isolated-source/docs/rust-tauri/R00/R00_STAGE_REPAIR_R1.md
7284b8faeead270b40ca8753d91dcac2211d0d7a4757c67b8e45a6e69d3ef7aa  ??  artifacts/rust-tauri/R05/RR2/G-I1/isolated-source/docs/rust-tauri/R00/R00_STAGE_REVIEW_R1.md
4bf1363f027295e187f2c4d52c85071e255309aba94248495e6413ceee420bec  ??  artifacts/rust-tauri/R05/RR2/G-I1/isolated-source/docs/rust-tauri/R00/R00_STAGE_REVIEW_R2.md
68d98d48740356b3f683242b7c1985ad019564ac612e14d2fa1ad202e86d3c71  ??  artifacts/rust-tauri/R05/RR2/G-I1/isolated-source/docs/rust-tauri/R00/RUNTIME_DEPENDENCIES.json
6067bdd3be7d0232c182d8f9c1beb147e1a5b59a3fa3ae137889f31a75d7b493  ??  artifacts/rust-tauri/R05/RR2/G-I1/isolated-source/docs/rust-tauri/R00/STORES.json
637b325dd2b11653b7e452d255c214b8e9440fcee83eb706f488eba9c563619d  ??  artifacts/rust-tauri/R05/RR2/G-I1/isolated-source/docs/rust-tauri/R00/ask_user_ast_gate.cjs
b95e4bb800bb95beab06363cd34267d8a999a806d3438b1d4c5e98fbb301f97d  ??  artifacts/rust-tauri/R05/RR2/G-I1/isolated-source/docs/rust-tauri/R00/r00_t02_inventory.py
1c54e90af08c1ae145253b00e6033ac747782e2e0c785c7b6d9377308ba0813c  ??  artifacts/rust-tauri/R05/RR2/G-I1/isolated-source/docs/rust-tauri/R00/r00_t02_source_gates.py
b7ef3b76dfa246a67cda05420427418e603fc020a859c59aaf3c11f6f63bd43a  ??  artifacts/rust-tauri/R05/RR2/G-I1/isolated-source/docs/rust-tauri/R00/r00_t03_build_matrices.py
fedfe47879eeaf071b335a961a137733d4456f9c50c0c5f10ac6492affaa0800  ??  artifacts/rust-tauri/R05/RR2/G-I1/isolated-source/docs/rust-tauri/R00/r00_t03_import_graph.mjs
c305210dc04a5ba1945addb8ff6a1c7216e5e0532d05924115e15ef3b30ccb80  ??  artifacts/rust-tauri/R05/RR2/G-I1/isolated-source/docs/rust-tauri/R00/r00_t03_validate.py
842dfe2d5cc4bc7e1f7dee1429d1e9792c6e9ef6d9a44981dc68d49d725855c2  ??  artifacts/rust-tauri/R05/RR2/G-I1/isolated-source/docs/rust-tauri/R00/r00_t04_scan.py
5b8b94b53a10db1ca17a4da516323d6dd6641f65f67e3eaef3c9d7f1627b225b  ??  artifacts/rust-tauri/R05/RR2/G-I1/isolated-source/docs/rust-tauri/R00/r00_t07_build_map.py
33a4244f23ba419296b9accf5c90e0ffbab51b82ec993b14fc4d5174f804e789  ??  artifacts/rust-tauri/R05/RR2/G-I1/isolated-source/docs/rust-tauri/R00/r00_t07_selftest.py
665f39a0b42a6043d7060cce2f497bcf9fd90833c2662da825d0f7ae1c18eace  ??  artifacts/rust-tauri/R05/RR2/G-I1/isolated-source/docs/rust-tauri/R00/r00_t07_validate_ledger.py
0fcf1086083adbd1f3046f8bf867055e3757fcc72af5431e703959441413174b  ??  artifacts/rust-tauri/R05/RR2/G-I1/isolated-source/docs/rust-tauri/R00/r00_t08_a15_verify_repro.py
b3c7de01c531a7b30af4a8e60572c36b5132fb1624da2fc729394b405f88af9d  ??  artifacts/rust-tauri/R05/RR2/G-I1/isolated-source/docs/rust-tauri/R00/r00_t08_a16_spotcheck.py
5fd0f4f03736b682c03d584f48c47195f47b01a27378c88f391a59c8c239ef83  ??  artifacts/rust-tauri/R05/RR2/G-I1/isolated-source/docs/rust-tauri/R01/ADR-001-ownership.md
8c6c051e5a3d85613b6df3d8fc512f6f5392648a1e85d4d13c511d9cac5e1368  ??  artifacts/rust-tauri/R05/RR2/G-I1/isolated-source/docs/rust-tauri/R01/ADR-002-browser-host.md
0e69b99491bc08a57db2b127f423b04e9018694306149c4719e5f95dd3544c4b  ??  artifacts/rust-tauri/R05/RR2/G-I1/isolated-source/docs/rust-tauri/R01/ADR-003-document-renderer.md
f30d1998c606c37d98aedae92c38b94a336d979bfa4e5167359dd313e8c774c9  ??  artifacts/rust-tauri/R05/RR2/G-I1/isolated-source/docs/rust-tauri/R01/ADR-004-storage-cutover.md
a9ae48cd6a9641c524924d7886ca159ace5d2e929bf1cda0fea63bd61023c646  ??  artifacts/rust-tauri/R05/RR2/G-I1/isolated-source/docs/rust-tauri/R01/API_COMPAT_MATRIX.json
a0a99286cd460fafd9a89002ffe330c19b6a52713d6a1d7cab8fdc556f1be99c  ??  artifacts/rust-tauri/R05/RR2/G-I1/isolated-source/docs/rust-tauri/R01/BROWSER_SPIKE_REPORT.md
458bb2da36e2f14f4100b985e6ceb5480fc1b5f947a441aced41077331acbbb1  ??  artifacts/rust-tauri/R05/RR2/G-I1/isolated-source/docs/rust-tauri/R01/DATA_COMPATIBILITY_MATRIX.json
341b09db23731c748b2099cee1ba1d9d842dbbfaa787c520bb1db97e9d855bf2  ??  artifacts/rust-tauri/R05/RR2/G-I1/isolated-source/docs/rust-tauri/R01/DEPENDENCY_DECISIONS.md
caa78f1c3e59fb7bf906a7838a2af56b73833b5aee3d4c906a4fcd3f9cf9fa45  ??  artifacts/rust-tauri/R05/RR2/G-I1/isolated-source/docs/rust-tauri/R01/DEPENDENCY_RULES.json
6dfbdd6c7f6c1c705e156a6b043b7c137003f7ce3a6ad1d6ffa1e3c80bd9e381  ??  artifacts/rust-tauri/R05/RR2/G-I1/isolated-source/docs/rust-tauri/R01/OWNERSHIP_TARGET.json
87d8d55fe9979cd20d901a1676d457e882d0fad9186b568f179eb831872b0c57  ??  artifacts/rust-tauri/R05/RR2/G-I1/isolated-source/docs/rust-tauri/R01/PDF_SPIKE_REPORT.md
0e47f3259448b8627d00b831fe233d0453b91679e7090aa0d2b00da86eee9231  ??  artifacts/rust-tauri/R05/RR2/G-I1/isolated-source/docs/rust-tauri/R01/PLATFORM_BUILD_MATRIX.json
c4be31495dcfb62af48e6be25bbc011241c719883d2a58f0f6d31234bec5b839  ??  artifacts/rust-tauri/R05/RR2/G-I1/isolated-source/docs/rust-tauri/R01/PROTOCOL_SPEC.md
da816e4e03797cb21b497e00960c802945f41be66728e9fe47c415d50a816e29  ??  artifacts/rust-tauri/R05/RR2/G-I1/isolated-source/docs/rust-tauri/R01/R01-T01_REPAIR_R1.md
cb9160ef72f298c8b439a66368a9f6e0defe6e7d0068afda3ca22976f166d0c5  ??  artifacts/rust-tauri/R05/RR2/G-I1/isolated-source/docs/rust-tauri/R01/R01-T01_REPAIR_R2.md
7209294051d49f4aeb36385781770969f64b0daa3c1e684836e4d6dfab35f6b8  ??  artifacts/rust-tauri/R05/RR2/G-I1/isolated-source/docs/rust-tauri/R01/R01-T01_REPORT.md
99e8a125dffae35e2f10ffd35bd1172cf0b2faada1e9f11e934da6aa706865a4  ??  artifacts/rust-tauri/R05/RR2/G-I1/isolated-source/docs/rust-tauri/R01/R01-T01_REVIEW_R1.md
9a4575c18823d9d6fd367750a0cf4b9172694a3274f87d716d12036b4ee9b785  ??  artifacts/rust-tauri/R05/RR2/G-I1/isolated-source/docs/rust-tauri/R01/R01-T01_REVIEW_R2.md
f556a368a60f4ea909b808d1716d308bdd39077cc2952017e5555b1335d42ff7  ??  artifacts/rust-tauri/R05/RR2/G-I1/isolated-source/docs/rust-tauri/R01/R01-T01_REVIEW_R3.md
df69a2de4f8ae1afed167f2dc3f995b38799d789ccdef0177ba62c06e739f8d8  ??  artifacts/rust-tauri/R05/RR2/G-I1/isolated-source/docs/rust-tauri/R01/R01-T02_FIX_HEADSHA_R1.md
3186fe6aab6aaa58864ef9cbeaeb4821e0d940950a311af7b2bee81c940211a7  ??  artifacts/rust-tauri/R05/RR2/G-I1/isolated-source/docs/rust-tauri/R01/R01-T02_FIX_HEADSHA_REVIEW_R1.md
88000f3adf63c31d95798026e9f936f25e55f07cb56a71da113a2483bfd7c530  ??  artifacts/rust-tauri/R05/RR2/G-I1/isolated-source/docs/rust-tauri/R01/R01-T02_REPORT.md
023e6d5040e78034031d7794c0dd56829f674a6bbb238e57bade189060f25d08  ??  artifacts/rust-tauri/R05/RR2/G-I1/isolated-source/docs/rust-tauri/R01/R01-T02_REVIEW_R1.md
65d4ca57be8192102a64c22d3300f12f32f5c554d423caa37f53a671df1a6803  ??  artifacts/rust-tauri/R05/RR2/G-I1/isolated-source/docs/rust-tauri/R01/R01-T03_REPORT.md
9ea5c437827157d46045aef25f31ce32633fbaa56e1345548d73898d4b956f99  ??  artifacts/rust-tauri/R05/RR2/G-I1/isolated-source/docs/rust-tauri/R01/R01-T03_REVIEW_R1.md
a553fa93c9679196fb9319304e3a603d7b747a73a20a2e4440303fc6e0da2781  ??  artifacts/rust-tauri/R05/RR2/G-I1/isolated-source/docs/rust-tauri/R01/R01-T04_DOCFIX_R1.md
3aa6e5189ca7901519e68b39c1ff7143ea0d97de3dbb1ea99796bc8c052dd022  ??  artifacts/rust-tauri/R05/RR2/G-I1/isolated-source/docs/rust-tauri/R01/R01-T04_DOCFIX_REVIEW_R1.md
ea1912daeab0361f87aa34f4ee31bfd108210e85ad6b5ad20333d55a3ddb44b1  ??  artifacts/rust-tauri/R05/RR2/G-I1/isolated-source/docs/rust-tauri/R01/R01-T04_REPORT.md
59a5efe438f9e54185baf64d428d40b5302fbd62aec3e34138589e60754d3aa5  ??  artifacts/rust-tauri/R05/RR2/G-I1/isolated-source/docs/rust-tauri/R01/R01-T04_REVIEW_R1.md
3965349f19eef8c0e3052a24e0dba65a3371ae2ce0eb3f925b4b4979a96bbbd5  ??  artifacts/rust-tauri/R05/RR2/G-I1/isolated-source/docs/rust-tauri/R01/R01-T05_REPAIR_R1.md
20f83f421a84e38c1eef2ceca01697cc3e70c1f85f2b8628e629e9990a1df4c6  ??  artifacts/rust-tauri/R05/RR2/G-I1/isolated-source/docs/rust-tauri/R01/R01-T05_REPORT.md
292e4c7a347119aae090f12aa71eeef3d07d8eb12f78e9455906d886c84dbd53  ??  artifacts/rust-tauri/R05/RR2/G-I1/isolated-source/docs/rust-tauri/R01/R01-T05_REVIEW_R1.md
08423fa7c6d41237975e478e57ceb8e7ac5271ebed8b9476d539d74c367c711f  ??  artifacts/rust-tauri/R05/RR2/G-I1/isolated-source/docs/rust-tauri/R01/R01-T05_REVIEW_R2.md
33f83da10b549679777cfac38ddc6a476912d0d527b40f51c8323d0be303320b  ??  artifacts/rust-tauri/R05/RR2/G-I1/isolated-source/docs/rust-tauri/R01/R01-T06_REPAIR_R1.md
88c3a83657f8ea56bdff1885f1b1ef1618d7058941e11cbd2dfbd64e94f509fe  ??  artifacts/rust-tauri/R05/RR2/G-I1/isolated-source/docs/rust-tauri/R01/R01-T06_REPORT.md
7e6d8e38971169e028dfafaf7c93350e592a52472233d01cd3312b1d6c305a00  ??  artifacts/rust-tauri/R05/RR2/G-I1/isolated-source/docs/rust-tauri/R01/R01-T06_REVIEW_R1.md
b506be877c51f359988b7dedfd9b6b206d4588025553c9954e4c32059ce5005e  ??  artifacts/rust-tauri/R05/RR2/G-I1/isolated-source/docs/rust-tauri/R01/R01-T06_REVIEW_R2.md
d0f0cf21c60518723310c74d3371b74085e5954aef0ceb6f97e988c5c7fe49b4  ??  artifacts/rust-tauri/R05/RR2/G-I1/isolated-source/docs/rust-tauri/R01/R01-T07_REPAIR_R1.md
b11743bdbcc20991ebdbd28a4562780f3cff5be6cdc35583713877382d9239ac  ??  artifacts/rust-tauri/R05/RR2/G-I1/isolated-source/docs/rust-tauri/R01/R01-T07_REPORT.md
bb6aecfff133c77ba922a0e1c9becfb4187cf02c5ff12032806dfc21d2b84485  ??  artifacts/rust-tauri/R05/RR2/G-I1/isolated-source/docs/rust-tauri/R01/R01-T07_REVIEW_R1.md
7a12213446f43e9314999cbdc7105374de4a87c28df903c185259ebd381fbceb  ??  artifacts/rust-tauri/R05/RR2/G-I1/isolated-source/docs/rust-tauri/R01/R01-T07_REVIEW_R2.md
766ef4260bac2b4dbf36a04a6b78dd3b3d63b6088db8d6b7c7eca86a91be62ce  ??  artifacts/rust-tauri/R05/RR2/G-I1/isolated-source/docs/rust-tauri/R01/R01-T08_DOCFIX_R1.md
2aa086147c70193bfeb8d8b590b15abb8ea9485b13c3c5d8217b430a8b6cd94d  ??  artifacts/rust-tauri/R05/RR2/G-I1/isolated-source/docs/rust-tauri/R01/R01-T08_REPORT.md
4a0c50ade4b10d3bb18b8303c78fb0670a42fee86852d4faf380804f9d731fcf  ??  artifacts/rust-tauri/R05/RR2/G-I1/isolated-source/docs/rust-tauri/R01/R01-T08_REVIEW_R1.md
2a4e517da9b1de2d1ed07ba4ecb21be5dc86bb59d7688ec3ef4f1f2d77b1b162  ??  artifacts/rust-tauri/R05/RR2/G-I1/isolated-source/docs/rust-tauri/R01/R01_ACCEPTANCE_LEDGER.json
9780cd5ef1058208b012d3c76e1da4a802e5cb36462a09892e3cd6d1f1000000  ??  artifacts/rust-tauri/R05/RR2/G-I1/isolated-source/docs/rust-tauri/R01/R01_HANDOFF.json
e01b09bc749bfa784341daf91ae3890fd90450c428ac99747b543946e4ad8668  ??  artifacts/rust-tauri/R05/RR2/G-I1/isolated-source/docs/rust-tauri/R01/R01_REPORT.md
8244b5c0ec238de9ec2702a0c1af3a88737ef3420c5f1e1ccd66cad75020fec0  ??  artifacts/rust-tauri/R05/RR2/G-I1/isolated-source/docs/rust-tauri/R01/RISK_REGISTER.json
96a102b75b6b2a37fd465048c3082e57f9c6e54d349bfb234fc492eef49b472f  ??  artifacts/rust-tauri/R05/RR2/G-I1/isolated-source/docs/rust-tauri/R01/ROLLBACK_DESIGN.md
f72f5d79dfe2a0f325b1bc6f0fb55dd1bcf500a03d9114cf42250f8ae4098e3a  ??  artifacts/rust-tauri/R05/RR2/G-I1/isolated-source/docs/rust-tauri/R01/SHELL_CAPABILITY_MATRIX.json
2843c62c867cdbfe0e7aa0f3d4c1f3214359eb5160f9358a942573c40d4959b2  ??  artifacts/rust-tauri/R05/RR2/G-I1/isolated-source/docs/rust-tauri/R01/STAGE_HISTORY/R01_STAGE_REPAIR_R1.md
eb7278f092c5c1212059ea5a8d442ec7bcc21b8090a3229d3a7967f8784bb5aa  ??  artifacts/rust-tauri/R05/RR2/G-I1/isolated-source/docs/rust-tauri/R01/STAGE_HISTORY/R01_STAGE_REPAIR_R10.md
5cddb8c74366d366d2da87803f5bb68566e6e48fdb0c6bcd6d773e7d6b73fc06  ??  artifacts/rust-tauri/R05/RR2/G-I1/isolated-source/docs/rust-tauri/R01/STAGE_HISTORY/R01_STAGE_REPAIR_R2.md
56587d5718faa7bc4ff3032d52a77402e4715f202538c1d3fdd15d72526677cb  ??  artifacts/rust-tauri/R05/RR2/G-I1/isolated-source/docs/rust-tauri/R01/STAGE_HISTORY/R01_STAGE_REPAIR_R3.md
2a5b91c02acd961d0908d8c8d1304dd77bf914b661e2247d9e270580e6a031d7  ??  artifacts/rust-tauri/R05/RR2/G-I1/isolated-source/docs/rust-tauri/R01/STAGE_HISTORY/R01_STAGE_REPAIR_R4.md
84456ef2588388dbcf6c7419854480526c28bfc4ccbc28fffda93a5ba06abf02  ??  artifacts/rust-tauri/R05/RR2/G-I1/isolated-source/docs/rust-tauri/R01/STAGE_HISTORY/R01_STAGE_REPAIR_R5.md
d33659ba0798822a310c2ee1467272e9e4b98c49a439b9efe182dc37539458e8  ??  artifacts/rust-tauri/R05/RR2/G-I1/isolated-source/docs/rust-tauri/R01/STAGE_HISTORY/R01_STAGE_REPAIR_R6.md
813eed988e1424a5127b75b63e50638b90d0c2e0b01e23d4e626326ff927f995  ??  artifacts/rust-tauri/R05/RR2/G-I1/isolated-source/docs/rust-tauri/R01/STAGE_HISTORY/R01_STAGE_REPAIR_R7.md
a0daa60cb0c98b6e323b95368f250083129fb5bf539cc4a6b180651217a4c653  ??  artifacts/rust-tauri/R05/RR2/G-I1/isolated-source/docs/rust-tauri/R01/STAGE_HISTORY/R01_STAGE_REPAIR_R8.md
5dd9db4bd4a33777ffd49a6615ce3cc9c0b4cd6e929eaaba2f3e57740d564f6a  ??  artifacts/rust-tauri/R05/RR2/G-I1/isolated-source/docs/rust-tauri/R01/STAGE_HISTORY/R01_STAGE_REPAIR_R9.md
0ace64a61fdcff4aa6d15b9eaa890b55ca91b30c3fed2d62ddc77653ec2dc020  ??  artifacts/rust-tauri/R05/RR2/G-I1/isolated-source/docs/rust-tauri/R01/STAGE_HISTORY/R01_STAGE_REVIEW_R1.md
c6433031f5e2c94bcba28a1d052dcd0f53f10eb9bc3193f3c2c61d8709052aa3  ??  artifacts/rust-tauri/R05/RR2/G-I1/isolated-source/docs/rust-tauri/R01/STAGE_HISTORY/R01_STAGE_REVIEW_R10.md
ffd77f3addd0ce3a988274984101a20411df0e7a84ecb0ff07b029aeb719b126  ??  artifacts/rust-tauri/R05/RR2/G-I1/isolated-source/docs/rust-tauri/R01/STAGE_HISTORY/R01_STAGE_REVIEW_R11.md
727e82f0323fd067b33f49a7c09a44dc494cc58ee5c0697aa5ca490f12f71e82  ??  artifacts/rust-tauri/R05/RR2/G-I1/isolated-source/docs/rust-tauri/R01/STAGE_HISTORY/R01_STAGE_REVIEW_R2.md
df460deb5453bb27757f47f9c4f7eb8c76c548eeafe4fac94c06976a795bf64f  ??  artifacts/rust-tauri/R05/RR2/G-I1/isolated-source/docs/rust-tauri/R01/STAGE_HISTORY/R01_STAGE_REVIEW_R3.md
0d6ce6834a0426bfcae1273f18f030ba38907f687cc27a7767b31c75966deab8  ??  artifacts/rust-tauri/R05/RR2/G-I1/isolated-source/docs/rust-tauri/R01/STAGE_HISTORY/R01_STAGE_REVIEW_R4.md
3107c695916f600d4e00b2be2eb5cb0fe3d49aa5135efb764247ee498f519b21  ??  artifacts/rust-tauri/R05/RR2/G-I1/isolated-source/docs/rust-tauri/R01/STAGE_HISTORY/R01_STAGE_REVIEW_R5.md
7c3cc019f7462bf971105dbf0683faf7f531b7d9d7cda740f76836f25a7865b5  ??  artifacts/rust-tauri/R05/RR2/G-I1/isolated-source/docs/rust-tauri/R01/STAGE_HISTORY/R01_STAGE_REVIEW_R6.md
e2bf485c725806ab8c052fec2a32a887d26611eb14e5c3df0c1201f15b3ea1c1  ??  artifacts/rust-tauri/R05/RR2/G-I1/isolated-source/docs/rust-tauri/R01/STAGE_HISTORY/R01_STAGE_REVIEW_R7.md
8e926451df0ef4b9a3f03c9a50d07710493c48e795b3318950b8d130c160ebba  ??  artifacts/rust-tauri/R05/RR2/G-I1/isolated-source/docs/rust-tauri/R01/STAGE_HISTORY/R01_STAGE_REVIEW_R8.md
b98763a11c1875b0e3ebf28c78e9d48e10f2fbd6dbec8e9e054d115a5277ad58  ??  artifacts/rust-tauri/R05/RR2/G-I1/isolated-source/docs/rust-tauri/R01/STAGE_HISTORY/R01_STAGE_REVIEW_R9.md
6de1485c05e695e49d67101cdd1a448814b52a2e0b4bf23ff69562dfd4eab312  ??  artifacts/rust-tauri/R05/RR2/G-I1/isolated-source/docs/rust-tauri/R01/STAGE_HISTORY/REPORT_ARCHIVE.json
fdca6d24de1fffb7371ea45ecf7ae1e2a3d10b7b8de741f813c535e0ff36015a  ??  artifacts/rust-tauri/R05/RR2/G-I1/isolated-source/docs/rust-tauri/R01/TAURI_SPIKE_REPORT.md
176b043582a7a31ff1e92346f4cbf858a9204a05379e67d490883726dd46c173  ??  artifacts/rust-tauri/R05/RR2/G-I1/isolated-source/docs/rust-tauri/R01/r01_t01_build_ownership.py
973e65842e6ececdebf4319a847e71cd8fecdbd97f04445fa4b0447332003412  ??  artifacts/rust-tauri/R05/RR2/G-I1/isolated-source/docs/rust-tauri/R01/r01_t01_check_ownership.py
de6e41b781726fde33224d03b31ed5fe3d958309356c5fff3541113aa8c918af  ??  artifacts/rust-tauri/R05/RR2/G-I1/isolated-source/docs/rust-tauri/R01/r01_t07_build_matrix.py
6c707a67fd1eba180a686cadcde7e3688756851bfc3f2fa7354e3979fc309b29  ??  artifacts/rust-tauri/R05/RR2/G-I1/isolated-source/docs/rust-tauri/R01/r01_t08_coverage_check.py
47bae50aa51a37c9412512370c6b0d7156bae374ee45ef1cc4857a538ac0abaa  ??  artifacts/rust-tauri/R05/RR2/G-I1/isolated-source/docs/rust-tauri/R01/r01_t08_gate_check.py
94bea206687817f9a6d52eeddc301221f1b60314286c4ea45965812c271b29e4  ??  artifacts/rust-tauri/R05/RR2/G-I1/isolated-source/docs/rust-tauri/R01/r01_t08_gate_cli_regression.sh
89e3e146ef02deedb41b05729f481a973515add5cc9ca00d00bd8f2b4b0071cd  ??  artifacts/rust-tauri/R05/RR2/G-I1/isolated-source/docs/rust-tauri/R01/r01_t08_gate_inputs.json
30261c5932cf1ee7e1f9974bc07fa88bd1695a805803138136710a5565498dc7  ??  artifacts/rust-tauri/R05/RR2/G-I1/isolated-source/docs/rust-tauri/R01/r01_t08_isolation_check.py
aad4a05650eba3ba935852008f102c50bc5e3cbf5581a68c37fffd543999d8c2  ??  artifacts/rust-tauri/R05/RR2/G-I1/isolated-source/docs/rust-tauri/R02/R02-T01_REPORT.md
995701c48c9a5dddc1f60e813d4408f0557324702235b4f4e8afff2a0674bbcf  ??  artifacts/rust-tauri/R05/RR2/G-I1/isolated-source/docs/rust-tauri/R02/R02-T01_REVIEW_R1.md
d8f1545c287173c5160a5153b557d9c54540624354ac26ddf2433b0b63ed913d  ??  artifacts/rust-tauri/R05/RR2/G-I1/isolated-source/docs/rust-tauri/R02/R02-T02_REPORT.md
b8bbf357aed2711d206a1ce06f508d098fe1efa119b237965cb2ca62e681a9e1  ??  artifacts/rust-tauri/R05/RR2/G-I1/isolated-source/docs/rust-tauri/R02/R02-T02_REVIEW_R1.md
c27e710e16edcb5b87b07b9b5e6649feb2168033aacc3045ae29ef0d7388c057  ??  artifacts/rust-tauri/R05/RR2/G-I1/isolated-source/docs/rust-tauri/R02/R02-T03_REPORT.md
294d184500de39b6d077e54575cfe91631c8584d88f6938397210990af58cf81  ??  artifacts/rust-tauri/R05/RR2/G-I1/isolated-source/docs/rust-tauri/R02/R02-T03_REVIEW_R1.md
3f67dcbde1eb5695eeefc8731effa92cafd0bd59ea9727bc79ef2c320aaf2579  ??  artifacts/rust-tauri/R05/RR2/G-I1/isolated-source/docs/rust-tauri/R02/R02-T04_REPORT.md
88c200375db94a0e76188cd9cb11ca62845fe2e1ec2e08a222c1c2ebfed31bd9  ??  artifacts/rust-tauri/R05/RR2/G-I1/isolated-source/docs/rust-tauri/R02/R02-T04_REVIEW_R1.md
3c76300fe1d2398f209620e45a94890915ef65e14081f02e8e78127a14bd4f79  ??  artifacts/rust-tauri/R05/RR2/G-I1/isolated-source/docs/rust-tauri/R02/R02-T04_STORAGE_REGISTRY.json
464361221ac38476e8a7a236bd326898dd06b1c7860630f8c250fdfe38ce3e2f  ??  artifacts/rust-tauri/R05/RR2/G-I1/isolated-source/docs/rust-tauri/R02/R02-T05_REPORT.md
b85902a3b34f0b815376d0c5308d80f30143315a797a7c0eb0567f0848dbb1c8  ??  artifacts/rust-tauri/R05/RR2/G-I1/isolated-source/docs/rust-tauri/R02/R02-T05_REVIEW_R1.md
2d448febc2982e4ffb943e33e2d1157dd8510e66ef911933bbd1d7eca88bba98  ??  artifacts/rust-tauri/R05/RR2/G-I1/isolated-source/docs/rust-tauri/R02/R02-T05_REVIEW_R2.md
9f9459abbe9ae159cfdff8cdbe41cff1773e113c875158a1de4794490547a1cf  ??  artifacts/rust-tauri/R05/RR2/G-I1/isolated-source/docs/rust-tauri/R02/R02-T06_REPORT.md
4899d58adbe5e9e6f63c818468507c5d3652ecd8c2398862683627ac90520d6e  ??  artifacts/rust-tauri/R05/RR2/G-I1/isolated-source/docs/rust-tauri/R02/R02-T06_REVIEW_R1.md
6ce1b40561806ee87aa41ad668e501c5b4f25727bd79f403a5dd51b04cdede8f  ??  artifacts/rust-tauri/R05/RR2/G-I1/isolated-source/docs/rust-tauri/R02/R02-T06_REVIEW_R2.md
7443607c838fb38c58fdad3a6fe133c663b3d8f7c0c7e06caec585a8b65f7919  ??  artifacts/rust-tauri/R05/RR2/G-I1/isolated-source/docs/rust-tauri/R02/R02-T07_REPORT.md
69d94455449c1d589fd8bd7f83c0da2d16750c4449311d176e93cec69091af09  ??  artifacts/rust-tauri/R05/RR2/G-I1/isolated-source/docs/rust-tauri/R02/R02-T07_REVIEW_R1.md
497dfc6b143f495df5c343bdedd1c3bf4c869d0502f0f414f127c31459bd48ce  ??  artifacts/rust-tauri/R05/RR2/G-I1/isolated-source/docs/rust-tauri/R02/R02-T08_REPORT.md
186396650f1568ca4d6403c67ef373e104cd2598e6fa77c6ef4048caa9f5e0f4  ??  artifacts/rust-tauri/R05/RR2/G-I1/isolated-source/docs/rust-tauri/R02/R02-T08_REVIEW_R1.md
6dab9fcd5f1760ac9b9e7df47e9926cebc5e041aeafcd8489a5e3a4a421d9830  ??  artifacts/rust-tauri/R05/RR2/G-I1/isolated-source/docs/rust-tauri/R02/R02_34_LEAF_CLOSURE_MATRIX_R17.md
a2a9c987f3be54fd1ba61c724c8fe423f967e49a744c35db672dd46f560866eb  ??  artifacts/rust-tauri/R05/RR2/G-I1/isolated-source/docs/rust-tauri/R02/R02_ACCEPTANCE_LEDGER.json
703b8502462bd127026bee10c9d4d4931ccf98aa111d2d59a0afc034f23efc8a  ??  artifacts/rust-tauri/R05/RR2/G-I1/isolated-source/docs/rust-tauri/R02/R02_FINAL_STAGE_REVIEW_R1.md
79a747a56759438c2b0a44b76b79c9cda3ef0e153d0a259feb3a653cdc9c7979  ??  artifacts/rust-tauri/R05/RR2/G-I1/isolated-source/docs/rust-tauri/R02/R02_FULL_SCOPE_AUDIT_PRE_REPAIR.md
c9cec46bb407a80a8ac3898a6f87e39881ebd5d937b667f84ff59c7f49b6f2a1  ??  artifacts/rust-tauri/R05/RR2/G-I1/isolated-source/docs/rust-tauri/R02/R02_FULL_SCOPE_HANDOFF_R16.md
ac8141ccfa40cc54a8407de68ac68fd463ea177e0218d7bb17cd7b0a551e1023  ??  artifacts/rust-tauri/R05/RR2/G-I1/isolated-source/docs/rust-tauri/R02/R02_FULL_SCOPE_HANDOFF_R18.md
09136a0797d105d6bdd2594bc99dd10f54ab728896fd561b31dd6e9dafb9a8b7  ??  artifacts/rust-tauri/R05/RR2/G-I1/isolated-source/docs/rust-tauri/R02/R02_HANDOFF.json
cf3315617ed9ad59415c34aa14e49daa94a0999efcae1faa05821cc9ef0eb010  ??  artifacts/rust-tauri/R05/RR2/G-I1/isolated-source/docs/rust-tauri/R02/R02_IMPLEMENTATION_MAP.json
5e7e27f2b8d7e8965c03f3b656b3766c93beea57cf61414c9a2beb0b0083e53f  ??  artifacts/rust-tauri/R05/RR2/G-I1/isolated-source/docs/rust-tauri/R02/R02_REPORT.md
d6632e4fa2a5a220d1a7755af2daa4fd00b163d96ffc8d1a5331604e4e551a07  ??  artifacts/rust-tauri/R05/RR2/G-I1/isolated-source/docs/rust-tauri/R02/R02_TASK_FINDINGS_ADDENDUM_R16.md
60afa4b7ff64611b53c1dfc3eb9ba4a1930ecc4dce9b8e836e638edb446b7ab7  ??  artifacts/rust-tauri/R05/RR2/G-I1/isolated-source/docs/rust-tauri/R02/R02_UNIFIED_ISSUES_R18.md
4a4cf2790acebfadacf1c14fdd9c77074860dd916472d1bf5be1894066acfdf9  ??  artifacts/rust-tauri/R05/RR2/G-I1/isolated-source/docs/rust-tauri/R02/RISK_REGISTER.json
12494327e7edf7ba6e355bb8d72dbc8905844f76a346acad68aeb21723c3a6d8  ??  artifacts/rust-tauri/R05/RR2/G-I1/isolated-source/docs/rust-tauri/R02/SERVICE_START_AND_SHUTDOWN.md
85c5ce24c14f60a2a3b667c0a6db58ffbf460aeb1fd7f47ab6102bb915da118d  ??  artifacts/rust-tauri/R05/RR2/G-I1/isolated-source/docs/rust-tauri/R02/r02_t08_worktree_digest.py
ce3da80f911965dd374e1a372ed3b8b50cd1d6cae71bf3eb9aeccfeec476b137  ??  artifacts/rust-tauri/R05/RR2/G-I1/isolated-source/docs/rust-tauri/R03/R03-T01_REPORT.md
5845253e311d64b3106b497cea29f24c652207e32cedd838137a1693c86bb103  ??  artifacts/rust-tauri/R05/RR2/G-I1/isolated-source/docs/rust-tauri/R03/R03-T01_REVIEW_R1.md
723d4fee66aa84cbd573376043f2d1662d25a0899b826fa65d264d7cec39543d  ??  artifacts/rust-tauri/R05/RR2/G-I1/isolated-source/docs/rust-tauri/R03/R03-T02_REPORT.md
f5a94ea437eb4e7d81e0f36dbf7ae1cea179e8fbb9a1c933faa5b11713eb4170  ??  artifacts/rust-tauri/R05/RR2/G-I1/isolated-source/docs/rust-tauri/R03/R03-T02_REVIEW_R1.md
850fae5b3df5ded9b77016b3d02805161217b526aa93ad86f614d5b62fe8b4f8  ??  artifacts/rust-tauri/R05/RR2/G-I1/isolated-source/docs/rust-tauri/R03/R03-T03_REPORT.md
26db5de9ff37e2911aa994a54e7dad500103f53f5a5c5d8dc0217541110ae24b  ??  artifacts/rust-tauri/R05/RR2/G-I1/isolated-source/docs/rust-tauri/R03/R03-T03_REVIEW_R1.md
903a8d422fb517b8f608f17c8d750609c7331c75bf2686b7680c9daeabef1553  ??  artifacts/rust-tauri/R05/RR2/G-I1/isolated-source/docs/rust-tauri/R03/R03-T04_REPORT.md
db582702bab114ab37270bcebce5ba90b1c7c826d37d4a052bdcf417f6c15a5f  ??  artifacts/rust-tauri/R05/RR2/G-I1/isolated-source/docs/rust-tauri/R03/R03-T04_REVIEW_R1.md
5008306df2934791878a469cbe5bd0fd41fe27cf7cb63b97f37d956f991a9e50  ??  artifacts/rust-tauri/R05/RR2/G-I1/isolated-source/docs/rust-tauri/R03/R03-T05_REPORT.md
616121b4c8a118b01863b298ac40d5d4e6dd19558da1f206fb2ec236143a0f5f  ??  artifacts/rust-tauri/R05/RR2/G-I1/isolated-source/docs/rust-tauri/R03/R03-T05_REVIEW_R1.md
3c7ba24f4cd7fe723a5b8c5f3da3626b99f1b74cbfdaaa3604b5ab699032cfce  ??  artifacts/rust-tauri/R05/RR2/G-I1/isolated-source/docs/rust-tauri/R03/R03-T06_REPORT.md
7c8c29df6ce3e433a97f7d47155b82a7b51f23b858ef4aa067a64960502c1c5c  ??  artifacts/rust-tauri/R05/RR2/G-I1/isolated-source/docs/rust-tauri/R03/R03-T06_REVIEW_R1.md
1f263f2fe9963522a8ba17fd4924fe3c5298ad42507357611da667be8ef1eaca  ??  artifacts/rust-tauri/R05/RR2/G-I1/isolated-source/docs/rust-tauri/R03/R03-T07_REPORT.md
b9981bea43004080c26513857b8d82730ce8511536d32631079519b5044a72fb  ??  artifacts/rust-tauri/R05/RR2/G-I1/isolated-source/docs/rust-tauri/R03/R03-T07_REVIEW_R1.md
a64e83dabb4fdd65c99499588dd8a48397ef3d11a76a500ef75dd66c03d58570  ??  artifacts/rust-tauri/R05/RR2/G-I1/isolated-source/docs/rust-tauri/R03/R03-T08_REPORT.md
7dab556ce88454b2556542c04f48766d8a539349d51099b688c587b4889bbcca  ??  artifacts/rust-tauri/R05/RR2/G-I1/isolated-source/docs/rust-tauri/R03/R03-T08_REVIEW_R1.md
1e8ad7f0fca93c8d3de7c626b9f4b407f902455dede5fb691a7f72ac9baf0d91  ??  artifacts/rust-tauri/R05/RR2/G-I1/isolated-source/docs/rust-tauri/R03/R03_ACCEPTANCE_LEDGER.json
8318ef70b2ba2d653b97573d49ec89b00d0bf699a5ead9f9f0256fbb30667644  ??  artifacts/rust-tauri/R05/RR2/G-I1/isolated-source/docs/rust-tauri/R03/R03_FINAL_STAGE_REVIEW_R1.md
50f99f052cd5a73beed76b21c4ce74e972b7a04d7f3dbfcc8191586e988aa4aa  ??  artifacts/rust-tauri/R05/RR2/G-I1/isolated-source/docs/rust-tauri/R03/R03_HANDOFF.json
77b9e99ca438e6f2741f5ad2b2758b4571251bbc4e8142617b7d0f2cf36111e2  ??  artifacts/rust-tauri/R05/RR2/G-I1/isolated-source/docs/rust-tauri/R03/R03_REPORT.md
048cfd1554f130aaca5eb31c8482038c33baadeecf190aa3ce26d62925808b6a  ??  artifacts/rust-tauri/R05/RR2/G-I1/isolated-source/docs/rust-tauri/R03/R03_SCOPE_MATRIX.json
d47ce990bab45d92b7a7ea82fea8d4d08b3480f37fa28cf168c53644e2acdf1d  ??  artifacts/rust-tauri/R05/RR2/G-I1/isolated-source/docs/rust-tauri/R03/R03_TEST_MAP.json
88ba3abf46ac195ddc88d9d29a367b1805e13bfca2fd9d88ca0eefbeba1ebc1d  ??  artifacts/rust-tauri/R05/RR2/G-I1/isolated-source/docs/rust-tauri/R03/dispatches/R03-REPAIR-G01-E01_DISPATCH.md
4fbd32fa2bf4d4885461340e8db303dd3551f43b104627681ddfb2c42cb309dc  ??  artifacts/rust-tauri/R05/RR2/G-I1/isolated-source/docs/rust-tauri/R03/dispatches/R03-REPAIR-G01-R1_REVIEW_DISPATCH.md
24f97525abcfe4a88f7b6dfe6bcf5c5161b22937fa13005ac978611dd8098c95  ??  artifacts/rust-tauri/R05/RR2/G-I1/isolated-source/docs/rust-tauri/R03/dispatches/R03-REPAIR-G02-E01_DISPATCH.md
765404fedf0351b8d6a52b5643d237e41ee73391d438a7caf1295a2a959cdf6f  ??  artifacts/rust-tauri/R05/RR2/G-I1/isolated-source/docs/rust-tauri/R03/dispatches/R03-REPAIR-G02-R1_REVIEW_DISPATCH.md
836f106526e614322a8b1e78baa6188cb4cb731bf2ab57d399713bb91ab69c21  ??  artifacts/rust-tauri/R05/RR2/G-I1/isolated-source/docs/rust-tauri/R03/dispatches/R03-REPAIR-G03-E01_DISPATCH.md
6d5d72c28fef4c7ff4ae3fcf551800a38b093671150feded2ae131758814fc9f  ??  artifacts/rust-tauri/R05/RR2/G-I1/isolated-source/docs/rust-tauri/R03/dispatches/R03-REPAIR-G03-R1_REVIEW_DISPATCH.md
722df1cbad509150079b0b08f36b65e8ab1a398711f5b861707c04bac516f2dd  ??  artifacts/rust-tauri/R05/RR2/G-I1/isolated-source/docs/rust-tauri/R03/dispatches/R03-REPAIR-G04-E01_DISPATCH.md
43c2a7ba771e66ae9195dc6a893cbaf3c5cd260a06ab2cc9fde08c7c2d5b834f  ??  artifacts/rust-tauri/R05/RR2/G-I1/isolated-source/docs/rust-tauri/R03/dispatches/R03-REPAIR-G04-R1_REVIEW_DISPATCH.md
532e86b053322f5d98441a1b730ef450fbf2578724a9335cca3f1455055b2d7d  ??  artifacts/rust-tauri/R05/RR2/G-I1/isolated-source/docs/rust-tauri/R03/dispatches/R03-REPAIR-G05-E01_DISPATCH.md
dbc175a1df649585ee2d7f39c39f8563ba70b4d80443ccfd7b7768a9268d327d  ??  artifacts/rust-tauri/R05/RR2/G-I1/isolated-source/docs/rust-tauri/R03/dispatches/R03-REPAIR-G05-R1_REVIEW_DISPATCH.md
02a11b6b98f4bd3e965a930476e157a4a0ca817bd22c1e75d042a4438ad5a6c6  ??  artifacts/rust-tauri/R05/RR2/G-I1/isolated-source/docs/rust-tauri/R03/dispatches/R03-REPAIR-G06-E01_DISPATCH.md
415db9ab1f39e05e8aa09551082892aa9af1eec73ddbb54a6ff54297775cd65b  ??  artifacts/rust-tauri/R05/RR2/G-I1/isolated-source/docs/rust-tauri/R03/dispatches/R03-REPAIR-G06-R1_REVIEW_DISPATCH.md
a697f2f268deecc80d870a2e930d65bf5461e46b7038d957c0f1a0577aa6c641  ??  artifacts/rust-tauri/R05/RR2/G-I1/isolated-source/docs/rust-tauri/R03/dispatches/R03-REPAIR-G07-E01_DISPATCH.md
e74b9d0bd052019bd4f4d74e5ec70b5f408ad3a69ccd2f946f97392bbec23018  ??  artifacts/rust-tauri/R05/RR2/G-I1/isolated-source/docs/rust-tauri/R03/dispatches/R03-REPAIR-G07-R1_REVIEW_DISPATCH.md
42023856460e48e875381dc8d3becf777f95529b9e06741069fe51d93ebe16de  ??  artifacts/rust-tauri/R05/RR2/G-I1/isolated-source/docs/rust-tauri/R03/dispatches/R03-REPAIR-STAGE-REVIEW-RR1_DISPATCH.md
81af8df4dbd0eebde16ca93d37ee14f14276b6386a21e7401fca38e045e45f1f  ??  artifacts/rust-tauri/R05/RR2/G-I1/isolated-source/docs/rust-tauri/R03/dispatches/R03-STAGE_REPAIR_G01_F01_DISPATCH.md
fdf80a6abc508b529a8597e053f4af05b6227c4e58529bdc8df7c96e1933dd01  ??  artifacts/rust-tauri/R05/RR2/G-I1/isolated-source/docs/rust-tauri/R03/dispatches/R03-T01_DISPATCH_E01.md
a7fa208095f3f2ceb5d2fd638f77b716172de0e9d3775f10fd2168c6bcdc12a0  ??  artifacts/rust-tauri/R05/RR2/G-I1/isolated-source/docs/rust-tauri/R03/dispatches/R03-T01_REVIEW_R01_DISPATCH.md
ef17ce6fb24c70c9672de33f98a585e851ec58e0e402205a55c317702aa3a5b6  ??  artifacts/rust-tauri/R05/RR2/G-I1/isolated-source/docs/rust-tauri/R03/dispatches/R03-T02_DISPATCH_E01.md
f40a9b6150899ce241a08c54045c1199449ae568fdee88f54170da0578a10e5c  ??  artifacts/rust-tauri/R05/RR2/G-I1/isolated-source/docs/rust-tauri/R03/dispatches/R03-T02_REVIEW_R01_DISPATCH.md
097ba770d819a53d2f7653c03dd735732fb63823bcdc4538661be49a57ab2090  ??  artifacts/rust-tauri/R05/RR2/G-I1/isolated-source/docs/rust-tauri/R03/dispatches/R03-T03_DISPATCH_E01.md
da6c34d9d57473b8390641634d2d3e9f19e964d91da0e560987b1140879dc809  ??  artifacts/rust-tauri/R05/RR2/G-I1/isolated-source/docs/rust-tauri/R03/dispatches/R03-T03_REVIEW_R01_DISPATCH.md
3de747d8fab1b2c4ecf08140a99af07bb8768d7ecd2386755d464f1e17757be7  ??  artifacts/rust-tauri/R05/RR2/G-I1/isolated-source/docs/rust-tauri/R03/dispatches/R03-T04_DISPATCH_E01.md
41b1d114f2cdeaab2421312c5248e3ea0ada49be5cd57d21dec7827d78b667eb  ??  artifacts/rust-tauri/R05/RR2/G-I1/isolated-source/docs/rust-tauri/R03/dispatches/R03-T04_REVIEW_R01_DISPATCH.md
05f1aa8c69fd26f09babf1bf313fca494b689cdd8b7481f933e30475e5b622aa  ??  artifacts/rust-tauri/R05/RR2/G-I1/isolated-source/docs/rust-tauri/R03/dispatches/R03-T05_DISPATCH_E01.md
2e964404826e51429c0df0014fb7a6be46003ff24eb858dfc6ed7a39013ac87f  ??  artifacts/rust-tauri/R05/RR2/G-I1/isolated-source/docs/rust-tauri/R03/dispatches/R03-T05_REVIEW_R01_DISPATCH.md
c82be697bf4fbbb771ba884ec2206cc21b26d633e997e00acb9f1b7071c99746  ??  artifacts/rust-tauri/R05/RR2/G-I1/isolated-source/docs/rust-tauri/R03/dispatches/R03-T06_DISPATCH_E01.md
e5a7b906ebb6de8ea8c13805b677eff420835a0761d2426f968fa83ba300a640  ??  artifacts/rust-tauri/R05/RR2/G-I1/isolated-source/docs/rust-tauri/R03/dispatches/R03-T06_REVIEW_R01_DISPATCH.md
70db2a3c8dea2d1868a7d17f85a082c1b812bc0a23d9ee86e37307879e5c6e5f  ??  artifacts/rust-tauri/R05/RR2/G-I1/isolated-source/docs/rust-tauri/R03/dispatches/R03-T07_DISPATCH_E01.md
0541059d3106428016447094872c2a9634168be2d0d9a5949c080b9da61ac5bb  ??  artifacts/rust-tauri/R05/RR2/G-I1/isolated-source/docs/rust-tauri/R03/dispatches/R03-T07_REVIEW_R01_DISPATCH.md
d2d632719f0c9514b37e28a6d0c999811253818151b9e4052b210e5d3bca3617  ??  artifacts/rust-tauri/R05/RR2/G-I1/isolated-source/docs/rust-tauri/R03/dispatches/R03-T08_DISPATCH_E01.md
6ba64780eb140885ba8f255317767b99e2ec7446fbbe6e1aa39d1ed0a81cfc3a  ??  artifacts/rust-tauri/R05/RR2/G-I1/isolated-source/docs/rust-tauri/R03/dispatches/R03-T08_REVIEW_R01_DISPATCH.md
6b6733a4a1691b6d3e84fcb59dd51eb9b07d536b1b682d7709f1d47ce2a029ac  ??  artifacts/rust-tauri/R05/RR2/G-I1/isolated-source/docs/rust-tauri/R03/dispatches/R03_STAGE_REVIEW_R01_DISPATCH.md
a6e5afb02085302013393abe4009dda15cf113e287b9833b794ec91538163e86  ??  artifacts/rust-tauri/R05/RR2/G-I1/isolated-source/docs/rust-tauri/R03/repair-current/G01-E01_ADVERSARIAL_SELFCHECK.md
77c3a491684ad4633b2ae532ce16ee810f38d4f1c9c11b6df6f58c332e2abe85  ??  artifacts/rust-tauri/R05/RR2/G-I1/isolated-source/docs/rust-tauri/R03/repair-current/G01-E01_NORMAL_SELFCHECK.md
a329f4695d877c1080993fe04ffecdc1c3f96a068b8509c2d90572a607acce48  ??  artifacts/rust-tauri/R05/RR2/G-I1/isolated-source/docs/rust-tauri/R03/repair-current/G01-E01_REPORT.md
9d969026107e65cd48bb891a083e69d55415e24000bb659a57b9fc78190fbf7c  ??  artifacts/rust-tauri/R05/RR2/G-I1/isolated-source/docs/rust-tauri/R03/repair-current/G01-R1_REVIEW.md
756a1f444e7f82808fd630d2240a3fe542044d9c10f33bf659e1362ce2afbbe2  ??  artifacts/rust-tauri/R05/RR2/G-I1/isolated-source/docs/rust-tauri/R03/repair-current/G02-E01_ADVERSARIAL_SELFCHECK.md
da8c961ef639a2f85a61466c2e99926fd80f63a7c730ed193b6064bdffc4c494  ??  artifacts/rust-tauri/R05/RR2/G-I1/isolated-source/docs/rust-tauri/R03/repair-current/G02-E01_NORMAL_SELFCHECK.md
cbe99aa37fab34537e9a667ba29826340a856cfb1d22f6469798d08ef778a0c3  ??  artifacts/rust-tauri/R05/RR2/G-I1/isolated-source/docs/rust-tauri/R03/repair-current/G02-E01_REPORT.md
f1b8f4fe6fb070e9f5c877bb1aba036d5e7b67098542a7c602636906b5e330a5  ??  artifacts/rust-tauri/R05/RR2/G-I1/isolated-source/docs/rust-tauri/R03/repair-current/G02-R1_REVIEW.md
533bd90945cc749e1ae8a59b5153839691d9f744ae82b1b2f8a8afeb7eb90a0c  ??  artifacts/rust-tauri/R05/RR2/G-I1/isolated-source/docs/rust-tauri/R03/repair-current/G03-E01_ADVERSARIAL_SELFCHECK.md
bae4dc3611412f54d27d7ced1200ef4e5628e96b254426d1c1b3cb652b68729d  ??  artifacts/rust-tauri/R05/RR2/G-I1/isolated-source/docs/rust-tauri/R03/repair-current/G03-E01_NORMAL_SELFCHECK.md
a9cfb164a62c480515eea81024e6f4716989fa756ed19160eed4510d32aa5671  ??  artifacts/rust-tauri/R05/RR2/G-I1/isolated-source/docs/rust-tauri/R03/repair-current/G03-E01_REPORT.md
e5d98b4d8d9e32dde85f520a9ef829ca51c149d0977ddc05b5997c4fab039b77  ??  artifacts/rust-tauri/R05/RR2/G-I1/isolated-source/docs/rust-tauri/R03/repair-current/G03-R1_REVIEW.md
47ca5ec4792b996140bd57ca0b96a46b10130413dfab39638b81f636b104e650  ??  artifacts/rust-tauri/R05/RR2/G-I1/isolated-source/docs/rust-tauri/R03/repair-current/G04-E01_ADVERSARIAL_SELFCHECK.md
2fd2008a844d9cec662f22503192ee3d764ab4101d0431a1a7fa7721d08a487c  ??  artifacts/rust-tauri/R05/RR2/G-I1/isolated-source/docs/rust-tauri/R03/repair-current/G04-E01_NORMAL_SELFCHECK.md
fe139e431bdda8f10a28b8fe014fe01c9b2ac186959923075069825986b2f951  ??  artifacts/rust-tauri/R05/RR2/G-I1/isolated-source/docs/rust-tauri/R03/repair-current/G04-E01_REPORT.md
d5803bd9c9c6764e13396c676a53cce677a9a898bc52ee15834e593c3e5b4e39  ??  artifacts/rust-tauri/R05/RR2/G-I1/isolated-source/docs/rust-tauri/R03/repair-current/G04-R1_REVIEW.md
207f16297acc178f66f9f611cc6f319cb579284370ebe6addba01708a35c8729  ??  artifacts/rust-tauri/R05/RR2/G-I1/isolated-source/docs/rust-tauri/R03/repair-current/G05-E01_ADVERSARIAL_SELFCHECK.md
655ac1bed2ec30a138aea837d721ee54f2ab2d9bc7ba990235270ea63afa4b3a  ??  artifacts/rust-tauri/R05/RR2/G-I1/isolated-source/docs/rust-tauri/R03/repair-current/G05-E01_NORMAL_SELFCHECK.md
3100d5e6fe4b4eb729a0055d9a0d55c60c93a9226e2cd94e56f848d626ac2418  ??  artifacts/rust-tauri/R05/RR2/G-I1/isolated-source/docs/rust-tauri/R03/repair-current/G05-E01_REPORT.md
91ed3e8016ec87e04d9e910be56147cb3245b4db023c2f90d4f43899357ce42e  ??  artifacts/rust-tauri/R05/RR2/G-I1/isolated-source/docs/rust-tauri/R03/repair-current/G05-R1_REVIEW.md
e63068241b9446624a02b190fbd2d0bc4876d1ffee48292bcff40081216991ba  ??  artifacts/rust-tauri/R05/RR2/G-I1/isolated-source/docs/rust-tauri/R03/repair-current/G06-E01_ADVERSARIAL_SELFCHECK.md
d7ae0cc9bf9e2096d1d50ffdb0b7ebaa5b9c46a72ab8235a3653bf59e296d8b2  ??  artifacts/rust-tauri/R05/RR2/G-I1/isolated-source/docs/rust-tauri/R03/repair-current/G06-E01_NORMAL_SELFCHECK.md
5f76dcb3d5c6a25380aba7a5b0b485d00795135a21a729938c53649b7d200950  ??  artifacts/rust-tauri/R05/RR2/G-I1/isolated-source/docs/rust-tauri/R03/repair-current/G06-E01_REPORT.md
322dcaad761174346e63319fd8d65c6833f8e327ad0fa60afad12b39a66ccbc6  ??  artifacts/rust-tauri/R05/RR2/G-I1/isolated-source/docs/rust-tauri/R03/repair-current/G06-R1_REVIEW.md
d15235c65eb6183d67a4166038bab2ae03ae91c4a68ce979d44611c5b2e4903f  ??  artifacts/rust-tauri/R05/RR2/G-I1/isolated-source/docs/rust-tauri/R03/repair-current/G07-E01_REPORT.md
60cb93f74492f8eaa58dff522852ab81cc9704b7b29577a8302475c255c11849  ??  artifacts/rust-tauri/R05/RR2/G-I1/isolated-source/docs/rust-tauri/R03/repair-current/G07-R1_REVIEW.md
077caef4f354a81abc7e878798f029f39024058f50c067ac96cf0f18065422b0  ??  artifacts/rust-tauri/R05/RR2/G-I1/isolated-source/docs/rust-tauri/R03/repair-current/R03_FIX_ACCEPTANCE_RESULTS.json
f55120dadc8a561e2aa709e85f39b48b12e55d0c0754b6b2a8eb21f4900bffe8  ??  artifacts/rust-tauri/R05/RR2/G-I1/isolated-source/docs/rust-tauri/R03/repair-current/R03_FIX_ADVERSARIAL_SELFCHECK.md
3edd250cd4fd9d1bbdc17f0691ae6d634d48f66f9cefdb38ce676ce2cf2aa481  ??  artifacts/rust-tauri/R05/RR2/G-I1/isolated-source/docs/rust-tauri/R03/repair-current/R03_FIX_COMMIT_RECEIPTS.json
5cdaf4b3c1ee66926a9d4b1d0a8fb8dff0608bcb47ad14864acbf62564356b1a  ??  artifacts/rust-tauri/R05/RR2/G-I1/isolated-source/docs/rust-tauri/R03/repair-current/R03_FIX_FINAL_STAGE_REVIEW.md
43561ae7718eeb7571b1d78cead3d14eb5e0df246fcad529f48ee59b5ea5175e  ??  artifacts/rust-tauri/R05/RR2/G-I1/isolated-source/docs/rust-tauri/R03/repair-current/R03_FIX_HANDOFF.md
7e173c8253c19d5ff25cc860c3f381377abfd7ad43627a14a17d16661bb68787  ??  artifacts/rust-tauri/R05/RR2/G-I1/isolated-source/docs/rust-tauri/R03/repair-current/R03_FIX_INDEPENDENT_REVIEWS/INDEX.md
60cf05a2bb75d2ffb508943e39a00ee23a556224344d435d5206756b1367d818  ??  artifacts/rust-tauri/R05/RR2/G-I1/isolated-source/docs/rust-tauri/R03/repair-current/R03_FIX_ISSUES.json
eb68b431ecd0c2dcfa37c525c5d20128837ff3f3b890f74c8a0178feff37814e  ??  artifacts/rust-tauri/R05/RR2/G-I1/isolated-source/docs/rust-tauri/R03/repair-current/R03_FIX_NORMAL_SELFCHECK.md
d9e084c13f41d8ddaef7ac7e2ce5331dc0a10f5881e8001b2e6f35fafac022af  ??  artifacts/rust-tauri/R05/RR2/G-I1/isolated-source/docs/rust-tauri/R03/repair-current/R03_RR2_F05_E01_REPORT.md
2a513a288554498e222ec3a28f34151a36d1c04d7de8cf5948e261d6dc799a2c  ??  artifacts/rust-tauri/R05/RR2/G-I1/isolated-source/docs/rust-tauri/R03/repair-current/R03_RR2_F05_R1_REVIEW.md
f523b2d9e8f639d6c0a4260d9462322a2195e3438908b0790bcc800d3f386819  ??  artifacts/rust-tauri/R05/RR2/G-I1/isolated-source/docs/rust-tauri/R03/repair-current/R03_RR2_STAGE_REVIEW.md
dd459eadc2de0126ff80e7f44fa778a8e5c9af156ac6c076135f3271673ebde3  ??  artifacts/rust-tauri/R05/RR2/G-I1/isolated-source/docs/rust-tauri/R03/repairs/R03_STAGE_REPAIR_G01_F01.md
273cb6628bf078161c4d944b0dab31589a09d1924891774e2370ba1cf8694b93  ??  artifacts/rust-tauri/R05/RR2/G-I1/isolated-source/docs/rust-tauri/R04/R04-T01_REPORT.md
7c831eaf4ccd65bd167a4b3c381b5e8e36df9481ee9add08877b2c38c5166464  ??  artifacts/rust-tauri/R05/RR2/G-I1/isolated-source/docs/rust-tauri/R04/R04-T02_REPORT.md
81cc2ee8187ba67fe2d7725a764198182efe3878639a694b1bd2ef3934e330e3  ??  artifacts/rust-tauri/R05/RR2/G-I1/isolated-source/docs/rust-tauri/R04/R04-T03_REPORT.md
67625115e83aac6e03e08f3237919344d6d0d0e00fddbf0060b253f87b90ad26  ??  artifacts/rust-tauri/R05/RR2/G-I1/isolated-source/docs/rust-tauri/R04/R04-T04_REPORT.md
284fde96971088f2709078b63b251f8bddf056385817a91d9fc0ae78a66715e7  ??  artifacts/rust-tauri/R05/RR2/G-I1/isolated-source/docs/rust-tauri/R04/R04-T05_REPORT.md
8aa06efc711ba16b1828b6c512a7dd828ee973de79b93e314373a904d580a087  ??  artifacts/rust-tauri/R05/RR2/G-I1/isolated-source/docs/rust-tauri/R04/R04-T06_REPORT.md
07edb2ffacfcdb478cfa582038988e690bb1285464d4be425684ac9e9c6fbb9b  ??  artifacts/rust-tauri/R05/RR2/G-I1/isolated-source/docs/rust-tauri/R04/R04-T07_REPORT.md
ccbd985a11c0017e3d055f6f72720679615dd7f7e83030c9d33887f956fc7243  ??  artifacts/rust-tauri/R05/RR2/G-I1/isolated-source/docs/rust-tauri/R04/R04-T08_REPORT.md
716f00006cb63c3d388c794581d38b38a03b1e10719a1ba1dceb88f5d22ff91e  ??  artifacts/rust-tauri/R05/RR2/G-I1/isolated-source/docs/rust-tauri/R04/R04_ACCEPTANCE_LEDGER.json
759fda0b7144e4aa3f2997308c345844de1e60c270b92a82b5f5afede9369442  ??  artifacts/rust-tauri/R05/RR2/G-I1/isolated-source/docs/rust-tauri/R04/R04_FINAL_STAGE_REVIEW_R1.md
dc23fa11522e41f836dc13d21efffb34f0cbf54565a58d0e5bae953302648465  ??  artifacts/rust-tauri/R05/RR2/G-I1/isolated-source/docs/rust-tauri/R04/R04_HANDOFF.json
681b00b8a55a1e0cba82bae350b6421d178943329301e78c26fe40ad4f34da30  ??  artifacts/rust-tauri/R05/RR2/G-I1/isolated-source/docs/rust-tauri/R04/R04_PLATFORM_CAPABILITIES.json
92f4b264a0c8deb3c46fd8412e971c6a80fd9f04e5360e73904bb73c759ceddb  ??  artifacts/rust-tauri/R05/RR2/G-I1/isolated-source/docs/rust-tauri/R04/R04_REPORT.md
d42d1c700740c3b03a465bd658829ab5eeb5b761254751cdffde355d2fa5d3e0  ??  artifacts/rust-tauri/R05/RR2/G-I1/isolated-source/docs/rust-tauri/R04/R04_SCOPE_MATRIX.json
c45aa969aa3f4385c1eb41b615e31a04114ca0c7973be726dc051277a987049d  ??  artifacts/rust-tauri/R05/RR2/G-I1/isolated-source/docs/rust-tauri/R04/R04_TEST_MAP.json
af9a93a97971ac8a12986e7f67532f5d1119ef7638df9f936fb888a95ee175d4  ??  artifacts/rust-tauri/R05/RR2/G-I1/isolated-source/docs/rust-tauri/R04/dispatches/R04-T01_DISPATCH_E01.md
12ddab95021df06da9f4eb09d0242efc5757a6bbe0d28d16477002aa041d90d7  ??  artifacts/rust-tauri/R05/RR2/G-I1/isolated-source/docs/rust-tauri/R04/dispatches/R04-T02_DISPATCH_E01.md
9716786e27420a83de1ad5e23da6c85d8d1e3d86afb7acad4b3b77f477c61d0d  ??  artifacts/rust-tauri/R05/RR2/G-I1/isolated-source/docs/rust-tauri/R04/dispatches/R04-T03_DISPATCH_E01.md
42e618b6abda3dcb3583850718ce4e2370138d8d600cb2c22a0ed9cc3c6bc079  ??  artifacts/rust-tauri/R05/RR2/G-I1/isolated-source/docs/rust-tauri/R04/dispatches/R04-T04_DISPATCH_E01.md
bdc80257e07206a48f9ca5299d817a28ebcde7d5f6265ea420c6080c50ba4b0e  ??  artifacts/rust-tauri/R05/RR2/G-I1/isolated-source/docs/rust-tauri/R04/dispatches/R04-T05_DISPATCH_E01.md
31a60349b68c155a3a78fc5ae46231ec8bb414ec833d6cf8093992b12ba2f608  ??  artifacts/rust-tauri/R05/RR2/G-I1/isolated-source/docs/rust-tauri/R04/dispatches/R04-T06_DISPATCH_E01.md
860502946d6fae3fae975bf37690f78e0b3e5f0cfcdf5edfd66686da24559eeb  ??  artifacts/rust-tauri/R05/RR2/G-I1/isolated-source/docs/rust-tauri/R04/dispatches/R04-T07_DISPATCH_E01.md
6e4de6f9a56bea59b98afc2f7ea5a9eeaf1dc2db240e7ff84e9dfd509fda2bd9  ??  artifacts/rust-tauri/R05/RR2/G-I1/isolated-source/docs/rust-tauri/R04/dispatches/R04-T08_DISPATCH_E01.md
66eea77e3c1f17cda0c0f35172f75702140469fee53e91d5951476b474df16e8  ??  artifacts/rust-tauri/R05/RR2/G-I1/isolated-source/docs/rust-tauri/R04/dispatches/R04_ORCHESTRATOR_PROMPT_2026-09-30.md
ff3f5c3eb1b8a39169fdd90184ac3d27c2202d44797aee94a0619316f45a0245  ??  artifacts/rust-tauri/R05/RR2/G-I1/isolated-source/docs/rust-tauri/R04/repair-current/G01-E01_REPORT.md
37584d825a3cd625b7de13216182b5f5514c6e86abbc40f1fa33dae53022ec23  ??  artifacts/rust-tauri/R05/RR2/G-I1/isolated-source/docs/rust-tauri/R04/repair-current/G01-R1_REVIEW.md
540154c919e75a97f30144304aca430f76c67ba26e74bd7bc08f21534330d8ee  ??  artifacts/rust-tauri/R05/RR2/G-I1/isolated-source/docs/rust-tauri/R04/repair-current/G02-E01_REPORT.md
39a4510470820751d3addc73b58083c489d41231894da232787b39505041354f  ??  artifacts/rust-tauri/R05/RR2/G-I1/isolated-source/docs/rust-tauri/R04/repair-current/G02-R1_REVIEW.md
b57395f4248698baf743faf4943c4bb556e492755a4597344c5651fccab503f3  ??  artifacts/rust-tauri/R05/RR2/G-I1/isolated-source/docs/rust-tauri/R04/repair-current/G03-E01_REPORT.md
9dd12417178e9b13e348a182fa960812d8b667da76ec9cbff0fa918221a44051  ??  artifacts/rust-tauri/R05/RR2/G-I1/isolated-source/docs/rust-tauri/R04/repair-current/G03-R1_REVIEW.md
5ff1ba6e697ba32d2aca0d4da3ad1220a60656e814d7debeffd74ae920434819  ??  artifacts/rust-tauri/R05/RR2/G-I1/isolated-source/docs/rust-tauri/R04/repair-current/G04-E01_REPORT.md
3fc799c901cf1ac9432343d9404ed0696f1d7d2a6a418637ae496e2e26ce4419  ??  artifacts/rust-tauri/R05/RR2/G-I1/isolated-source/docs/rust-tauri/R04/repair-current/G04-R1_REVIEW.md
81107b64d3206cac5cf04888db904bba316a42c632203af538958a1e8922f392  ??  artifacts/rust-tauri/R05/RR2/G-I1/isolated-source/docs/rust-tauri/R04/repair-current/G05-E01_REPORT.md
841a92fd7f8c29db0835fae21ba549588f7af21bdfcd2eb6c712fd118dfe3436  ??  artifacts/rust-tauri/R05/RR2/G-I1/isolated-source/docs/rust-tauri/R04/repair-current/R04_RR1_FIX_ISSUES.json
02efda0fa22af8eb073186320fbfaec41c8bc75c80219d804932ff506c2a87dc  ??  artifacts/rust-tauri/R05/RR2/G-I1/isolated-source/docs/rust-tauri/R04/repair-current/R04_RR1_STAGE_REVIEW.md
e5c588fca64e128f5a63cbd694580499257b31931864103910700772ccec71b2  ??  artifacts/rust-tauri/R05/RR2/G-I1/isolated-source/docs/rust-tauri/R04/repairs/R04-T01_REPAIR_R1.md
b8414f81040f50ad5a0834d4856796258939a57bac1157cd43a71ef50649033a  ??  artifacts/rust-tauri/R05/RR2/G-I1/isolated-source/docs/rust-tauri/R04/repairs/R04-T02_REPAIR_R1.md
2fea609d8aa51a64bd5a18030eae3f441faa599646facef72f78c564511a6b8f  ??  artifacts/rust-tauri/R05/RR2/G-I1/isolated-source/docs/rust-tauri/R05/CREDENTIAL_FLOW_MATRIX.json
a9f3bb0087225eabfe06874385e4be921234ca2e2e4dd42ad84a11232826bfc4  ??  artifacts/rust-tauri/R05/RR2/G-I1/isolated-source/docs/rust-tauri/R05/MODEL_CALLSITE_MATRIX.json
3f2e1c1010fed14952c0db2652b08646b1de96f83db12a0899334820cd3feaf8  ??  artifacts/rust-tauri/R05/RR2/G-I1/isolated-source/docs/rust-tauri/R05/MODEL_USAGE_SEMANTICS.md
d37e4ee1e95d65951892d07571b71ba1c1d73e89ba07a06e63989203f9badbe4  ??  artifacts/rust-tauri/R05/RR2/G-I1/isolated-source/docs/rust-tauri/R05/PROGRESS_LEDGER.json
fd9ed5d2d6b3c6ae163c22725533e9eacf278977d445cb29d2995284c99193da  ??  artifacts/rust-tauri/R05/RR2/G-I1/isolated-source/docs/rust-tauri/R05/PROTOCOL_WIRE_MATRIX.json
e46d366cb58b763fb7debb7f360947d7ae9bab9dcdd6f58a1e875f9c499d2396  ??  artifacts/rust-tauri/R05/RR2/G-I1/isolated-source/docs/rust-tauri/R05/PROVIDER_SUPPORT_MATRIX.json
764c1f0b4f71247a91e69ffb90b90f5b912cfae775cba963158bfec88b31a8e1  ??  artifacts/rust-tauri/R05/RR2/G-I1/isolated-source/docs/rust-tauri/R05/R05_ACCEPTANCE_LEDGER.json
db8add673699940114c6a9ba1042209478acb97112a7a044f4225bd5f539bbda  ??  artifacts/rust-tauri/R05/RR2/G-I1/isolated-source/docs/rust-tauri/R05/R05_BASELINE.json
5f8eec54b5207b825b64eed451b4c7dc65e8920122b4fb46cf8e4f5609cb6a61  ??  artifacts/rust-tauri/R05/RR2/G-I1/isolated-source/docs/rust-tauri/R05/R05_BLOCKERS.md
d61b75a3e3cacdf32e0a76ba92805742534304ac337a3e59a8a4bb9e2d60e353  ??  artifacts/rust-tauri/R05/RR2/G-I1/isolated-source/docs/rust-tauri/R05/R05_HANDOFF.json
1bfe6afec1385e28f5a91280b270a82c3f3596ad03e6927474c41136c17f20b6  ??  artifacts/rust-tauri/R05/RR2/G-I1/isolated-source/docs/rust-tauri/R05/R05_INDEPENDENT_REVIEW.md
fa541fbaee084503d76b0455c8473d8d466100ae137a7938d86e7ae811d2a3ad  ??  artifacts/rust-tauri/R05/RR2/G-I1/isolated-source/docs/rust-tauri/R05/R05_INTERFACE_EVOLUTION.md
43ef0600557c67f5036ecb96e62c0960bef962f41d87a0c32844e4e4ce570fbd  ??  artifacts/rust-tauri/R05/RR2/G-I1/isolated-source/docs/rust-tauri/R05/R05_LIVE_VERIFICATION.json
be73036ada8e2031256ce79c5b41e818acef04236e6a58d37b1bc846fb521cd8  ??  artifacts/rust-tauri/R05/RR2/G-I1/isolated-source/docs/rust-tauri/R05/R05_NEGATIVE_GATE_REPORT.md
770014f106a79e037c67e31cf7f8877530066afaca587977ff965b72551146f8  ??  artifacts/rust-tauri/R05/RR2/G-I1/isolated-source/docs/rust-tauri/R05/R05_PERFORMANCE_RESULTS.json
58f9dc1cde0c3de1aea7f0cb41b72e30628e23488a6581d1eeef025a8b49a207  ??  artifacts/rust-tauri/R05/RR2/G-I1/isolated-source/docs/rust-tauri/R05/R05_REPORT.md
d4c7302505b0784488fe8bd0d92408280c890d5930550312547d6d0be15d660a  ??  artifacts/rust-tauri/R05/RR2/G-I1/isolated-source/docs/rust-tauri/R05/R05_SCOPE_MATRIX.json
8ba9e0edbf5820381b2232408033d9f4032ee1e54419704d47932474004990d9  ??  artifacts/rust-tauri/R05/RR2/G-I1/isolated-source/docs/rust-tauri/R05/R05_TEST_MAP.json
eeda2d1fbc232ea25ca8b0e3b31585e9f1478ad9a30c83debab3c5121761bbaa  ??  artifacts/rust-tauri/R05/RR2/G-I1/isolated-source/docs/rust-tauri/R05/WORKER_MODEL_BOUNDARY.md
a4f5866d11a833a7bbcd7224e898baaaa047a485cf4b2c66c515af25348db64f  ??  artifacts/rust-tauri/R05/RR2/G-I1/isolated-source/docs/rust-tauri/R05/r05_leaf_case_map.tsv
1a046aa162d62bc1fdefdd286a6211d37c15852a2683073df9c629d26190676c  ??  artifacts/rust-tauri/R05/RR2/G-I1/isolated-source/docs/rust-tauri/R05/r05_required_cids.tsv
da0d10de936e3eceef5ecd2448f523468cf3215dbbd0d3f408ebd9a71ea5115d  ??  artifacts/rust-tauri/R05/RR2/G-I1/isolated-source/docs/rust-tauri/R05/r05_stage_cids.tsv
0caa780c5bffdb830abe0eb4ac02e5dfdba9c63ab5a8e7c03bfaa893ea12661b  ??  artifacts/rust-tauri/R05/RR2/G-I1/isolated-source/docs/rust-tauri/R05/r05_stage_pins.tsv
a62dabe310b4ace1e9439646464a11f9a654b02cba703abd347e2b0b587d86b6  ??  artifacts/rust-tauri/R05/RR2/G-I1/isolated-source/docs/rust-tauri/R05/r05_t01_build_callsite_matrix.py
5bb22b63b018b41ee11f20426545834680c3e86397c093a98e121ac489783048  ??  artifacts/rust-tauri/R05/RR2/G-I1/isolated-source/docs/rust-tauri/R05/r05_t01_build_scope_matrix.py
6b728f4c396d92dadd88e830637a7112a7309ab78c3bd4e5589cf40b1d58f4e9  ??  artifacts/rust-tauri/R05/RR2/G-I1/isolated-source/docs/rust-tauri/R05/r05_t01_codemod_next_turn.py
9376dfb9862fd93b31d4fe9d0331eb8ebe70747fef80ef4e58290bb130bc615c  ??  artifacts/rust-tauri/R05/RR2/G-I1/isolated-source/docs/rust-tauri/R05/r05_t01_extract_provider_matrix.mjs
b4dcbc86a1d313702ec3e1c8d2a8908e62dc527dcf20a7d13ba72671c78ed95f  ??  artifacts/rust-tauri/R05/RR2/G-I1/isolated-source/docs/rust-tauri/R05/r05_t04_codemod_delta_sink.py
80f9cdc8cd2a4a3630668683ac8f958eff96c334bfa38be61f0418892c29d4d8  ??  artifacts/rust-tauri/R05/RR2/G-I1/isolated-source/docs/rust-tauri/R05/r05_t05_generate_compat_goldens.mjs
89c312ff936cc582b944c97d6166e7c6ffc6a57f8481aee0653d1bc9815b05fb  ??  artifacts/rust-tauri/R05/RR2/G-I1/isolated-source/docs/rust-tauri/R05/repair-current/RR1_BRIEF.md
b3eb7611ae5841f1c24dee1e5adfaf8a79edeba90e3b6cea6a6f46edc55b0849  ??  artifacts/rust-tauri/R05/RR2/G-I1/isolated-source/docs/rust-tauri/R05/repair-current/RR1_FINAL_REPORT.md
f1217cb8570935ce1c4cefbc6b2dec0e768446af5d76d6afb3bd5d2822ac7971  ??  artifacts/rust-tauri/R05/RR2/G-I1/isolated-source/docs/rust-tauri/R05/repair-current/RR1_ISSUE_MATRIX.json
e1eba08bb9ce1adb943cde56cb5391c39c70f865408721b0a653355f2c553da6  ??  artifacts/rust-tauri/R05/RR2/G-I1/isolated-source/docs/rust-tauri/R05/repair-current/RR1_LEAF_DEVIATIONS.md
7fc077f1b370660f582d964977685d5a619fa988befd26f8a4915f409529f2bc  ??  artifacts/rust-tauri/R05/RR2/G-I1/isolated-source/docs/rust-tauri/R05/repair-current/RR1_MASTER_PROMPT_2026-10-04.md
a9111e4fafe29b4be855661f0049d8a0265d8a6b23f5bd62b53e5b88273bd20a  ??  artifacts/rust-tauri/R05/RR2/G-I1/isolated-source/docs/rust-tauri/R05/repair-current/RR1_PROGRESS.md
f7d0b8e6fa6b71329c2276bbfaa6748d7a5a3790f35d3fa754b3266eda7cfa11  ??  artifacts/rust-tauri/R05/RR2/G-I1/isolated-source/docs/rust-tauri/R05/repair-current/RR2_A_REVIEW_BRIEF.md
1356de878f47b26d63a55e94049c7cc369fa28c514acf2c6bd5c2baecef30431  ??  artifacts/rust-tauri/R05/RR2/G-I1/isolated-source/docs/rust-tauri/R05/repair-current/RR2_BRIEF.md
331e522689cf94e4f0f9b919422f5b9dc2a7d953115a2d998dd68f6bbe71d48e  ??  artifacts/rust-tauri/R05/RR2/G-I1/isolated-source/docs/rust-tauri/R05/repair-current/RR2_B_I2_REVIEW_BRIEF.md
2259716ea40f356897eab5944b3290ae85cd34c0edd37eab0104fcdb4049220c  ??  artifacts/rust-tauri/R05/RR2/G-I1/isolated-source/docs/rust-tauri/R05/repair-current/RR2_B_REVIEW_BRIEF.md
5733e52092a1bd1217b172b31a4e280fe20fb15b8db2f0b8eb4d23ac08710e1c  ??  artifacts/rust-tauri/R05/RR2/G-I1/isolated-source/docs/rust-tauri/R05/repair-current/RR2_C_REVIEW_BRIEF.md
600c0cc98168bd0256f7e282d313d8ba7a9555b804e6da86f4d7d1668af23b64  ??  artifacts/rust-tauri/R05/RR2/G-I1/isolated-source/docs/rust-tauri/R05/repair-current/RR2_D_REVIEW_BRIEF.md
dcefa98d9ab87523c4f9fd39832d138df04aa26a64e29ceb5abff850abe7c8d8  ??  artifacts/rust-tauri/R05/RR2/G-I1/isolated-source/docs/rust-tauri/R05/repair-current/RR2_E_BRIEF.md
16e1e123dca2259508ba6111260c6c912722caa619aa5f7c622e211b46b3083d  ??  artifacts/rust-tauri/R05/RR2/G-I1/isolated-source/docs/rust-tauri/R05/repair-current/RR2_E_REVIEW_BRIEF.md
32aa480be9f52d87bbfc329ecae7aa8da4828ae1ba16ead7a7f5fca1f4cb3a0e  ??  artifacts/rust-tauri/R05/RR2/G-I1/isolated-source/docs/rust-tauri/R05/repair-current/RR2_F46_I2_REVIEW_BRIEF.md
d4211e8534cf787914f0399a8bfa398329720f643b29bd3bfa681bce8a3ea32b  ??  artifacts/rust-tauri/R05/RR2/G-I1/isolated-source/docs/rust-tauri/R05/repair-current/RR2_F46_REVIEW_BRIEF.md
d913ff424d296c129a7cd440b525e0cd718e05925532ee30e87eb49d73497919  ??  artifacts/rust-tauri/R05/RR2/G-I1/isolated-source/docs/rust-tauri/R05/repair-current/RR2_F48_FIX_BRIEF.md
124be80d077b5b3261f36cf29989884a23a054aa7b4c102b4f25929cdcc22d85  ??  artifacts/rust-tauri/R05/RR2/G-I1/isolated-source/docs/rust-tauri/R05/repair-current/RR2_F49_BRIEF.md
0b23d6ad89376381cfdf4c89b2be1eab154327485fb5832d753be2cb3b72ff2d  ??  artifacts/rust-tauri/R05/RR2/G-I1/isolated-source/docs/rust-tauri/R05/repair-current/RR2_F50_BRIEF.md
f51e868980c4584c0d4955d06ad1410d802339550da29f71e94fea8aa52625d4  ??  artifacts/rust-tauri/R05/RR2/G-I1/isolated-source/docs/rust-tauri/R05/repair-current/RR2_F51_FIX_BRIEF.md
cf19cf28a220940a6a7b2710d771acc4681c2271ac09132c6eb4b438386cef96  ??  artifacts/rust-tauri/R05/RR2/G-I1/isolated-source/docs/rust-tauri/R05/repair-current/RR2_F52_FIX_BRIEF.md
28fea670393c920140e1192be2973bc3b8626a904bcaec937d268560241a4e78  ??  artifacts/rust-tauri/R05/RR2/G-I1/isolated-source/docs/rust-tauri/R05/repair-current/RR2_FINAL_REVIEW_BRIEF.md
7fa71daf552559c4fe7262fc364cc2a2dd3e54b2289ec7f3f218ad443079a5e2  ??  artifacts/rust-tauri/R05/RR2/G-I1/isolated-source/docs/rust-tauri/R05/repair-current/RR2_F_BRIEF.md
b9e7baba88c6974443c05b832169c0e0ce6273c75b0963c0372c3889c66b7e11  ??  artifacts/rust-tauri/R05/RR2/G-I1/isolated-source/docs/rust-tauri/R05/repair-current/RR2_F_REVIEW_BRIEF.md
3ffb6e21c2fd575a66f17ed188c5d39c394c14917017312d2a6cdcb33a1e5714  ??  artifacts/rust-tauri/R05/RR2/G-I1/isolated-source/docs/rust-tauri/R05/repair-current/RR2_G_BRIEF.md
4fbbafa6224a570463589e7997d7c644cf84ecec5f123876f684159a82cb25ac  ??  artifacts/rust-tauri/R05/RR2/G-I1/isolated-source/docs/rust-tauri/R05/repair-current/RR2_G_REVIEW_BRIEF.md
45e997d6692a2894e44488bcb468f7baf8e06a9e04b4adac1d73d6ce6151d471  ??  artifacts/rust-tauri/R05/RR2/G-I1/isolated-source/docs/rust-tauri/R05/repair-current/RR2_HANDOFF.md
ac4964d06deb52b79846354ec14fcc51a9cd50ee7044d661be4325e870eb9aaf  ??  artifacts/rust-tauri/R05/RR2/G-I1/isolated-source/docs/rust-tauri/R05/repair-current/RR2_ISSUE_MATRIX.json
43bf6580ee378b51edb2880846092468bf603989277fd8582d1556213dfb95a0  ??  artifacts/rust-tauri/R05/RR2/G-I1/isolated-source/docs/rust-tauri/R05/repair-current/RR2_PROGRESS.md
e6b4d2b2f81ef13884dad9ac592c801575da9696901bd828358411f64d5f44a8  ??  artifacts/rust-tauri/R05/RR2/G-I1/isolated-source/docs/tasks/2026-09-11-todo-experience/ACCEPTANCE.md
1ecd5d6645bd742e8464d9e8ebc4ae72422610f13b630cb736fef151bae0ddb4  ??  artifacts/rust-tauri/R05/RR2/G-I1/isolated-source/docs/tasks/2026-09-11-todo-experience/CONTEXT-CONTINUITY.md
237ebe59fb42a26dfab0f2cb107b5a2f05de2e922d67f1d213bf2fdb45141b81  ??  artifacts/rust-tauri/R05/RR2/G-I1/isolated-source/docs/tasks/2026-09-11-todo-experience/PLAN.md
e54a16fe14f15b4797069106392040924a5dd616c69a73bd025729090505ac8b  ??  artifacts/rust-tauri/R05/RR2/G-I1/isolated-source/package-lock.json
83767a9dd10f5cb7a15d8eb3af1a18fc25a8682182a6da8d1d3ff1febbe55c84  ??  artifacts/rust-tauri/R05/RR2/G-I1/isolated-source/package.json
eec3410410647a7d39f25371e73dda3ecfd5e7c10359090fff11e83053e11c37  ??  artifacts/rust-tauri/R05/RR2/G-I1/isolated-source/rust-toolchain.toml
259f983e98a4da13eab1b592c2efd7b79579ad6678a08995a4b9e3fca618eff3  ??  artifacts/rust-tauri/R05/RR2/G-I1/isolated-source/rust/Cargo.lock
cec902952a04a6bda6296a0f406f12d59ccdb286c13a99282f1aa808751f1096  ??  artifacts/rust-tauri/R05/RR2/G-I1/isolated-source/rust/Cargo.toml
f7252fdd642075333d050340c3d2b4687d936c92a3ac07c6e2019fd8c71f5c61  ??  artifacts/rust-tauri/R05/RR2/G-I1/isolated-source/rust/crates/lingxi-adapters/Cargo.toml
ce38f8f7442142e14567331270a70901662fd32da0fae311d19536fdf78756d1  ??  artifacts/rust-tauri/R05/RR2/G-I1/isolated-source/rust/crates/lingxi-adapters/src/bin/lingxi-storage-inspect.rs
b7abdb77d7a3bbf8ed5caac833ae9322804591bb4696c0e5a53d2a2e146559f7  ??  artifacts/rust-tauri/R05/RR2/G-I1/isolated-source/rust/crates/lingxi-adapters/src/lib.rs
abca1b0fb608c74be9fb5da690a2843891a58cff1a744f0bf2523b3cc38fa59d  ??  artifacts/rust-tauri/R05/RR2/G-I1/isolated-source/rust/crates/lingxi-adapters/src/models/anthropic_messages.rs
504cc229598a737f260eb09b308b052aa9c9d196acaa471a8fd21281cdc46c04  ??  artifacts/rust-tauri/R05/RR2/G-I1/isolated-source/rust/crates/lingxi-adapters/src/models/auxiliary.rs
d6944a71609ac765625c7b549f5508d9a0e4bdeb7197eb8a234e977f612320e6  ??  artifacts/rust-tauri/R05/RR2/G-I1/isolated-source/rust/crates/lingxi-adapters/src/models/batch_admission.rs
be1229f65e2e462ad37ddccc6cbaee08d49e12dcd6144fc1c8a763822e3a25ca  ??  artifacts/rust-tauri/R05/RR2/G-I1/isolated-source/rust/crates/lingxi-adapters/src/models/compat.rs
09f5f6533911cb76dbbe8a77844fdebd816fbe5b1006fd92a077b75ede91e144  ??  artifacts/rust-tauri/R05/RR2/G-I1/isolated-source/rust/crates/lingxi-adapters/src/models/config.rs
c8de486b2f8f38e75fabad2f9f1fd5a3e8da689aac058f06b2908c883133e624  ??  artifacts/rust-tauri/R05/RR2/G-I1/isolated-source/rust/crates/lingxi-adapters/src/models/credentials.rs
877badc332ed687c59f183e0fe2097d4f19daef37858b3d61889791bcc74fef1  ??  artifacts/rust-tauri/R05/RR2/G-I1/isolated-source/rust/crates/lingxi-adapters/src/models/dispatch.rs
209ddd869203fdf198970353a2832b1765b7b02fb01b1394cf91be4cbee67c67  ??  artifacts/rust-tauri/R05/RR2/G-I1/isolated-source/rust/crates/lingxi-adapters/src/models/egress.rs
23e97214cc66a75fca73e957a3a19b5bf2142c72ea6448db827f32c8ab8c5deb  ??  artifacts/rust-tauri/R05/RR2/G-I1/isolated-source/rust/crates/lingxi-adapters/src/models/gateway.rs
494e92ed53b58754f05ad763b8cb7d66cca8a2768029cb14e517efbfb23e18cc  ??  artifacts/rust-tauri/R05/RR2/G-I1/isolated-source/rust/crates/lingxi-adapters/src/models/google_generative_ai.rs
6ca2aa31b3bc52b4f2d4a471edc0ac19eca41159b883c74a1ecbcbb754aec400  ??  artifacts/rust-tauri/R05/RR2/G-I1/isolated-source/rust/crates/lingxi-adapters/src/models/mod.rs
38eb8d28653957bb2eddfe1bfeb2df45bffd663514399b078cec2652c6d9ace5  ??  artifacts/rust-tauri/R05/RR2/G-I1/isolated-source/rust/crates/lingxi-adapters/src/models/network.rs
df4a8db93d629c20826c9316114e03eaa615d1c9286b61a1cadf34fb15fa047a  ??  artifacts/rust-tauri/R05/RR2/G-I1/isolated-source/rust/crates/lingxi-adapters/src/models/oauth.rs
89ce79f6b73f18f1e77ebb8bd299eb5478cadad33f76d03192bdfea650751b4c  ??  artifacts/rust-tauri/R05/RR2/G-I1/isolated-source/rust/crates/lingxi-adapters/src/models/openai_codex_responses.rs
e00c193720f60b67dfbaed8dfe0bea1b5064aa3449af52cee26f27f1603db761  ??  artifacts/rust-tauri/R05/RR2/G-I1/isolated-source/rust/crates/lingxi-adapters/src/models/openai_completions.rs
2bedaf6c8d437eebc9937e0868d93db554094c48db7fbf579294498b9ecf8880  ??  artifacts/rust-tauri/R05/RR2/G-I1/isolated-source/rust/crates/lingxi-adapters/src/models/openai_responses.rs
b410cfe1bddcad6ba82506ff0cda702741bab7588f13d2c6ab9c86cbcb613e47  ??  artifacts/rust-tauri/R05/RR2/G-I1/isolated-source/rust/crates/lingxi-adapters/src/models/operations/embedding.rs
dc6c426b1a9ef7de4219c711922f5f47669b0c0ee3e998943f045d4350d60ae6  ??  artifacts/rust-tauri/R05/RR2/G-I1/isolated-source/rust/crates/lingxi-adapters/src/models/operations/image.rs
2cc0e91acbb8a189959c1013afafe9d4bfc09fbd101258b07b39b16bec248320  ??  artifacts/rust-tauri/R05/RR2/G-I1/isolated-source/rust/crates/lingxi-adapters/src/models/operations/mod.rs
551c6b2029dcd5069bd01eb48428275f90000540e14e81a9c064c28ba5859f57  ??  artifacts/rust-tauri/R05/RR2/G-I1/isolated-source/rust/crates/lingxi-adapters/src/models/operations/rerank.rs
5265559b851dcf965879a2c7ae9be73b7d4ee2691550b804ef705b89c3bbcf29  ??  artifacts/rust-tauri/R05/RR2/G-I1/isolated-source/rust/crates/lingxi-adapters/src/models/operations/speech.rs
2571a2a1879b72c249678d3d44923e4c84c7f76c5a08b7cc854ff0a2b33b4e21  ??  artifacts/rust-tauri/R05/RR2/G-I1/isolated-source/rust/crates/lingxi-adapters/src/models/operations/tiers.rs
96fea443459a93bacbda54b3ca976522133db269b4917afba7de772951735aba  ??  artifacts/rust-tauri/R05/RR2/G-I1/isolated-source/rust/crates/lingxi-adapters/src/models/operations/transcribe.rs
f4940723e287b031a527d980809de0c08763658545e4936fee9e252b7c505e31  ??  artifacts/rust-tauri/R05/RR2/G-I1/isolated-source/rust/crates/lingxi-adapters/src/models/operations/video.rs
c31ac88b7d4dd5d391928c222dc543d4cf8e506c2b1b4216e58221b69ea3e657  ??  artifacts/rust-tauri/R05/RR2/G-I1/isolated-source/rust/crates/lingxi-adapters/src/models/provider.rs
8b17798d3239d6243f399dae25830aaddc0da4877d04680ef3d35d3427efaa76  ??  artifacts/rust-tauri/R05/RR2/G-I1/isolated-source/rust/crates/lingxi-adapters/src/models/streaming.rs
6af260827431711720ba6904bc6ef7497d2260b51f179ce8e607175f754a54e0  ??  artifacts/rust-tauri/R05/RR2/G-I1/isolated-source/rust/crates/lingxi-adapters/src/models/tool_render.rs
0a6a1340f0160206ed65e555a941fbfee67d9ff26e352e08a8cf58019184230a  ??  artifacts/rust-tauri/R05/RR2/G-I1/isolated-source/rust/crates/lingxi-adapters/src/models/usage.rs
7c0b4e696d3cdac3811d788e9c3e1234d3f370c11657dfb9a510e0ef423f2d51  ??  artifacts/rust-tauri/R05/RR2/G-I1/isolated-source/rust/crates/lingxi-adapters/src/storage/backup.rs
df9519611c4020c5eed3acccedc92287feeb9f6b0af477ee69e1317ef089859d  ??  artifacts/rust-tauri/R05/RR2/G-I1/isolated-source/rust/crates/lingxi-adapters/src/storage/migrations.rs
9dbca03fe05bddd352dddc3588601afe8682d4b825c74af128b4768b45939a92  ??  artifacts/rust-tauri/R05/RR2/G-I1/isolated-source/rust/crates/lingxi-adapters/src/storage/mod.rs
705b588721103bb4a97ff66ac0eef43d1dc57ba1b2b9156692c05518107fd24c  ??  artifacts/rust-tauri/R05/RR2/G-I1/isolated-source/rust/crates/lingxi-adapters/src/storage/queue.rs
542973c1a89e0b458b0bacd73bb594934d4a97369bc2785d7c4723caaad06496  ??  artifacts/rust-tauri/R05/RR2/G-I1/isolated-source/rust/crates/lingxi-adapters/src/storage/run_store.rs
96b06d6bcdbefb4c97ce2d8ab670f37af794dc1dd4d1d85a4d97a26940f33479  ??  artifacts/rust-tauri/R05/RR2/G-I1/isolated-source/rust/crates/lingxi-adapters/src/storage/windows_acl.rs
598225daad3623a5fb685b533057ee7f136e6e1445e04c4969a4f22194aa436f  ??  artifacts/rust-tauri/R05/RR2/G-I1/isolated-source/rust/crates/lingxi-adapters/tests/active_run_listing.rs
df1f9821437122f2d0f0b74470b2d75d5f45424b6901a6a1e76792fb1705c0ad  ??  artifacts/rust-tauri/R05/RR2/G-I1/isolated-source/rust/crates/lingxi-adapters/tests/backup_faults.rs
81c7ec221bd7840194d26a64ead2e0204684778deb30bb825719a547dd5fb198  ??  artifacts/rust-tauri/R05/RR2/G-I1/isolated-source/rust/crates/lingxi-adapters/tests/backup_restore.rs
6b3baaee4f77138c51a3645a4a8ea05c1db3905801960f999bac7b65a2c09f6a  ??  artifacts/rust-tauri/R05/RR2/G-I1/isolated-source/rust/crates/lingxi-adapters/tests/disk_full_fault.rs
5d6d551d274a2f72335a40dc7ba3b89a7e45d510d82f28e396a8e3402d5931a2  ??  artifacts/rust-tauri/R05/RR2/G-I1/isolated-source/rust/crates/lingxi-adapters/tests/event_store_reads.rs
7d871f32669d169a2fdb3ced8ee74b68c3069a5f1df020b1bb8ac0af90915032  ??  artifacts/rust-tauri/R05/RR2/G-I1/isolated-source/rust/crates/lingxi-adapters/tests/golden-compat/agnes__strips-thinking-fields-and-blocks.json
526486ed3bd505fdd3be1999121bde940952556543bc47e02a524e280560da05  ??  artifacts/rust-tauri/R05/RR2/G-I1/isolated-source/rust/crates/lingxi-adapters/tests/golden-compat/anthropic__cache-control-marks-system-and-two-recent-users.json
27ce5cae96f803b286d000ba62ee4c8d318f408ccec017889e601f49e57375e7  ??  artifacts/rust-tauri/R05/RR2/G-I1/isolated-source/rust/crates/lingxi-adapters/tests/golden-compat/anthropic__max-effort-raises-the-implicit-one-third-cap.json
0f90669e211fae4b54152afd9e9821d9a457401b99959d9628fa650b88bdf502  ??  artifacts/rust-tauri/R05/RR2/G-I1/isolated-source/rust/crates/lingxi-adapters/tests/golden-compat/anthropic__user-sourced-budget-vetoes-the-raise.json
ada314edd0a47d9f62a9ea9a913e8451528ff04dcd943737eb38ef514dac35e0  ??  artifacts/rust-tauri/R05/RR2/G-I1/isolated-source/rust/crates/lingxi-adapters/tests/golden-compat/anthropic__utility-mode-disables-thinking.json
be8ae6185d41b59e944f58838512b890a8197643b73e848e6bf817d47f91dfef  ??  artifacts/rust-tauri/R05/RR2/G-I1/isolated-source/rust/crates/lingxi-adapters/tests/golden-compat/codex-responses__clean-payload-passes-through.json
5186ae3597066bd7e853b6ff910bf5b7ac606780f6894fbc1ac9743c28141abc  ??  artifacts/rust-tauri/R05/RR2/G-I1/isolated-source/rust/crates/lingxi-adapters/tests/golden-compat/codex-responses__strips-budget-and-temperature.json
7c01eb9b644e85410b404e81c531f10ca4a264e99b52e72f4f6b26f3c68a2afc  ??  artifacts/rust-tauri/R05/RR2/G-I1/isolated-source/rust/crates/lingxi-adapters/tests/golden-compat/deepseek-responses__clean-payload-passes-through.json
9a2fecef240bd6d7b4be34742f465e39e5c9ca907653ee617cb2fd49f17a8722  ??  artifacts/rust-tauri/R05/RR2/G-I1/isolated-source/rust/crates/lingxi-adapters/tests/golden-compat/deepseek-responses__disable-level-forces-none-effort.json
0db96001b2fcf82634a42d5653d310e979d05c84a416af14f7da678df8427c37  ??  artifacts/rust-tauri/R05/RR2/G-I1/isolated-source/rust/crates/lingxi-adapters/tests/golden-compat/deepseek-responses__effort-minimal-translates-low.json
a82adc6a57fb4062e13d05ac58d04e2633a3bc8da074b6d0f32a7d295b670677  ??  artifacts/rust-tauri/R05/RR2/G-I1/isolated-source/rust/crates/lingxi-adapters/tests/golden-compat/deepseek-responses__missing-budget-fills-default.json
c118f4fc76a6e9840ab60c96b9dfe5144abb18d004af514263ef8c90205fa591  ??  artifacts/rust-tauri/R05/RR2/G-I1/isolated-source/rust/crates/lingxi-adapters/tests/golden-compat/deepseek__anthropic-profile-effort-and-budget.json
2e3be25a01b5022bacda2f30e61e7470f6defabb17e863b8dde02db86c511e61  ??  artifacts/rust-tauri/R05/RR2/G-I1/isolated-source/rust/crates/lingxi-adapters/tests/golden-compat/deepseek__level-enables-and-keeps-budget.json
e06e16a171c083487ff4f39d4f6ccc9a45a00208647385f7ba17093ddd6c2b98  ??  artifacts/rust-tauri/R05/RR2/G-I1/isolated-source/rust/crates/lingxi-adapters/tests/golden-compat/deepseek__max-completion-tokens-renames.json
45339e4c908f1e61cd116eb5bef97d2c5a78f30e6bc971c60b6fe26687a7caa4  ??  artifacts/rust-tauri/R05/RR2/G-I1/isolated-source/rust/crates/lingxi-adapters/tests/golden-compat/deepseek__missing-budget-fills-default.json
c05881188f1a30cd835f2f349d62c5a5138a225111a62aa5692341248ae7d005  ??  artifacts/rust-tauri/R05/RR2/G-I1/isolated-source/rust/crates/lingxi-adapters/tests/golden-compat/deepseek__off-level-disables-and-strips.json
9432d0a06fd5f6dbe3fa70f570b8a2dd03d4946e43ff14173adeea878b1f3922  ??  artifacts/rust-tauri/R05/RR2/G-I1/isolated-source/rust/crates/lingxi-adapters/tests/golden-compat/deepseek__utility-mode-disables.json
3d93d6d4968c6d0111861e976625c4a08711446588b81135cdc4a6e24e01390f  ??  artifacts/rust-tauri/R05/RR2/G-I1/isolated-source/rust/crates/lingxi-adapters/tests/golden-compat/kimi__k3-omits-temperature.json
fa891ee38eb1d4a67eb2bbec19496836c3abe8fdf6424354a86b1f371afaeb2d  ??  artifacts/rust-tauri/R05/RR2/G-I1/isolated-source/rust/crates/lingxi-adapters/tests/golden-compat/kimi__level-enables-with-keep-all.json
f640098789d2fca9b03e366b723a9d557663fb5296b7230d0f2a5323ffc87725  ??  artifacts/rust-tauri/R05/RR2/G-I1/isolated-source/rust/crates/lingxi-adapters/tests/golden-compat/kimi__max-tokens-renames-and-keep-preserved.json
f5cd6d81e7be3b1f26b5ddea0a2eab9b7a981d4b41b1151757a2e86921701064  ??  artifacts/rust-tauri/R05/RR2/G-I1/isolated-source/rust/crates/lingxi-adapters/tests/golden-compat/kimi__mfjs-root-anyof-folds-into-description.json
14b5b9204c378947e9a7cd51781c41762b32826132bb3d4faf3025da6be5e9eb  ??  artifacts/rust-tauri/R05/RR2/G-I1/isolated-source/rust/crates/lingxi-adapters/tests/golden-compat/kimi__off-level-disables-and-strips.json
f0bb0c3bc68128ff9e71ac904c89a790ce64fdc27783e32cd06bd35465660990  ??  artifacts/rust-tauri/R05/RR2/G-I1/isolated-source/rust/crates/lingxi-adapters/tests/golden-compat/kimi__thinking-level-map-overrides-the-default-vocabulary.json
73bdec7265e7d4b9153d50f3cf021d07d58ab87ff6774cbeaa45b3423852dce7  ??  artifacts/rust-tauri/R05/RR2/G-I1/isolated-source/rust/crates/lingxi-adapters/tests/golden-compat/kimi__utility-mode-pins-temperature-and-disables.json
13a9f1615aca46e1a0cddec933d927275be3400980e92c2757bae89f914a8606  ??  artifacts/rust-tauri/R05/RR2/G-I1/isolated-source/rust/crates/lingxi-adapters/tests/golden-compat/mimo__declared-reasoning-enables-kwargs.json
40ec5906f8dc49cc5db5b4cc0d0b56f91ac977c80b09c6219395b58ceda74a2b  ??  artifacts/rust-tauri/R05/RR2/G-I1/isolated-source/rust/crates/lingxi-adapters/tests/golden-compat/mimo__no-thinking-signals-pass-through.json
dc8ee5d6e0da8344f0eb23a1931bdfa646e0b1680cf142ad0ad5bb99437621bb  ??  artifacts/rust-tauri/R05/RR2/G-I1/isolated-source/rust/crates/lingxi-adapters/tests/golden-compat/mimo__off-level-disables-and-strips.json
45570da8e4493a79acf83b9f6355357fe7378fe350ed010ccad15ece8bb27cc2  ??  artifacts/rust-tauri/R05/RR2/G-I1/isolated-source/rust/crates/lingxi-adapters/tests/golden-compat/mimo__utility-mode-disables.json
9cf8d670b53a12b42517c85ebae3c08c01a5d56c6b6e042eb003c4a932506fbd  ??  artifacts/rust-tauri/R05/RR2/G-I1/isolated-source/rust/crates/lingxi-adapters/tests/golden-compat/none__unknown-provider-passes-through-unmatched.json
98723fd6f19954ff02230f6017117dccf023b265170bbfbaceb1c2a087bfbb2f  ??  artifacts/rust-tauri/R05/RR2/G-I1/isolated-source/rust/crates/lingxi-adapters/tests/golden-compat/ollama__num-ctx-bridge-merges-options.json
834f7494fc5ac99dbe83c5dd05ff7213dfe69bc38adcd54c5b715e41756a90cc  ??  artifacts/rust-tauri/R05/RR2/G-I1/isolated-source/rust/crates/lingxi-adapters/tests/golden-compat/ollama__oversized-context-window-skips-num-ctx.json
485f98bf016bd3551202357ba118ad81ae1ff401badebd81a6006e90b62af9af  ??  artifacts/rust-tauri/R05/RR2/G-I1/isolated-source/rust/crates/lingxi-adapters/tests/golden-compat/ollama__response-format-bridge.json
feced10be230cba8dd0c5c36b1ce9893fde72c6375d5b4db3cfe84b561f67cd5  ??  artifacts/rust-tauri/R05/RR2/G-I1/isolated-source/rust/crates/lingxi-adapters/tests/golden-compat/openrouter__adaptive-verbosity-defaults-high.json
2b230dc8dfaca5ac4f71da80e4afdee51b02bbaafd2148f18ed982ad2a1bb57a  ??  artifacts/rust-tauri/R05/RR2/G-I1/isolated-source/rust/crates/lingxi-adapters/tests/golden-compat/openrouter__disable-level-refuses-loudly.json
3100c6fa224c5a9fa79d71a393a8874ffe59f8d00a079251a796eb41a3ba5459  ??  artifacts/rust-tauri/R05/RR2/G-I1/isolated-source/rust/crates/lingxi-adapters/tests/golden-compat/openrouter__low-level-maps-low-and-reasoning-is-normalized.json
614c6365e9bdcc5dbb01cb4ec54bc73e87424d6592426acfc4db10a91a701873  ??  artifacts/rust-tauri/R05/RR2/G-I1/isolated-source/rust/crates/lingxi-adapters/tests/golden-compat/qwen__chat-level-passes-through.json
dfeed1f43a5ab6eee029c77ab0d7f9ad36e06ba8ee1359f378274efa9acb3fbe  ??  artifacts/rust-tauri/R05/RR2/G-I1/isolated-source/rust/crates/lingxi-adapters/tests/golden-compat/qwen__dashscope-video-route-matches-without-quirks.json
a99d7dad7a909f3049124aee77aa993ade71d652165334f4fa361c9dc78d40ed  ??  artifacts/rust-tauri/R05/RR2/G-I1/isolated-source/rust/crates/lingxi-adapters/tests/golden-compat/qwen__off-level-forces-enable-thinking-false.json
410074719dde578e7c9cc5ee7efad76fbedded1f341a16a674084a36f15819fc  ??  artifacts/rust-tauri/R05/RR2/G-I1/isolated-source/rust/crates/lingxi-adapters/tests/golden-compat/qwen__utility-mode-adds-the-switch.json
d517f3609df5520dce8d318637a5a9c0b93f365829c14fcc2c1751582613c76c  ??  artifacts/rust-tauri/R05/RR2/G-I1/isolated-source/rust/crates/lingxi-adapters/tests/golden-compat/volcengine__auto-level-maps-medium.json
b16498592d905430d9203981344b6e093cf9aba6065573de3e5e2028d86087a3  ??  artifacts/rust-tauri/R05/RR2/G-I1/isolated-source/rust/crates/lingxi-adapters/tests/golden-compat/volcengine__existing-effort-remapped-into-vocabulary.json
f35fe86f2d3f1dea2e3f643a248eea484164ab05db8d2d82d3e677fd8d121bb0  ??  artifacts/rust-tauri/R05/RR2/G-I1/isolated-source/rust/crates/lingxi-adapters/tests/golden-compat/volcengine__level-enables-with-mapped-effort.json
bb75cf2e0c9d10c53262a74deac8311c41dd7e7886ff77e88fca4db003701599  ??  artifacts/rust-tauri/R05/RR2/G-I1/isolated-source/rust/crates/lingxi-adapters/tests/golden-compat/volcengine__off-level-disables-and-strips.json
43b42a4cfda87e65bb2a52d158ef03a4763f35e11049a97ebc5bea383dd60760  ??  artifacts/rust-tauri/R05/RR2/G-I1/isolated-source/rust/crates/lingxi-adapters/tests/golden-compat/zhipu__clear-replay-policy-round-trips.json
6ed4e58de427fca49972269219af0f1f92770663dab83e033e48d9a27b0c6449  ??  artifacts/rust-tauri/R05/RR2/G-I1/isolated-source/rust/crates/lingxi-adapters/tests/golden-compat/zhipu__declared-reasoning-enables-and-strips-store.json
e8abb53ba5b80447cf0cd325b5ffaac721c8633253d78bea531c1c7133862d32  ??  artifacts/rust-tauri/R05/RR2/G-I1/isolated-source/rust/crates/lingxi-adapters/tests/golden-compat/zhipu__off-level-disables-and-strips.json
b89d34f10f8f9922e856d6e3d6ae69d28dcb8d7bdda85230efe08d3a605276dd  ??  artifacts/rust-tauri/R05/RR2/G-I1/isolated-source/rust/crates/lingxi-adapters/tests/golden-compat/zhipu__opencode-go-never-emits-clear-thinking.json
2889b3d31044454b79978ff6396fd658e16e5ead0979584fe93fdfcabe55800f  ??  artifacts/rust-tauri/R05/RR2/G-I1/isolated-source/rust/crates/lingxi-adapters/tests/golden-compat/zhipu__preserve-marks-clear-false-with-tool-history.json
4d82b5e6f0442ecda355f6bbfce6591620037c242f8a0ceee3708122f9edcdf5  ??  artifacts/rust-tauri/R05/RR2/G-I1/isolated-source/rust/crates/lingxi-adapters/tests/golden-compat/zhipu__tools-strict-stripped-and-max-tokens-renamed.json
3f5d4a98bcc1d7fa2617af74d7bd9c34dfc8e5d26f26766a8a839123bf5d2363  ??  artifacts/rust-tauri/R05/RR2/G-I1/isolated-source/rust/crates/lingxi-adapters/tests/golden/anthropic-messages/error.json
5bbdbb06699a990f8d47a4235f550c1ade5d5563abcc95ce519c2a04604b54b0  ??  artifacts/rust-tauri/R05/RR2/G-I1/isolated-source/rust/crates/lingxi-adapters/tests/golden/anthropic-messages/forward.json
967d2ede8e75b49c7cf2ee2e4a328f1eaf6e58763933b6b19f23db8a8ae43ce3  ??  artifacts/rust-tauri/R05/RR2/G-I1/isolated-source/rust/crates/lingxi-adapters/tests/golden/anthropic-messages/tool_roundtrip.json
f3a109c927b34c8aa5221d31105ed85a78180f25683b2b99adf67aa7c9321d45  ??  artifacts/rust-tauri/R05/RR2/G-I1/isolated-source/rust/crates/lingxi-adapters/tests/golden/google-generative-ai/error.json
32af7519e8e73479b9b7093a1f98ea44b83a14736f16426a2b82da10e93f12b5  ??  artifacts/rust-tauri/R05/RR2/G-I1/isolated-source/rust/crates/lingxi-adapters/tests/golden/google-generative-ai/forward.json
71f4afedccbeb3f0ea09e53f6aa359c1d4efb3bfe6ae63be593437978ee182b9  ??  artifacts/rust-tauri/R05/RR2/G-I1/isolated-source/rust/crates/lingxi-adapters/tests/golden/google-generative-ai/tool_roundtrip.json
0e08a26329a70648c42f02bacc040640656a6a0719f8622d80851d3bb6a4dc22  ??  artifacts/rust-tauri/R05/RR2/G-I1/isolated-source/rust/crates/lingxi-adapters/tests/golden/openai-codex-responses/error.json
81bb7c31792e89ed029489d0f0698eb100aad501945d9dafac48ce2ca96f9d0e  ??  artifacts/rust-tauri/R05/RR2/G-I1/isolated-source/rust/crates/lingxi-adapters/tests/golden/openai-codex-responses/forward.json
cf898d39dbd3b8d6aa2b4830b5d2f9860082ee3f2b53463da7cb1e0d32ae7734  ??  artifacts/rust-tauri/R05/RR2/G-I1/isolated-source/rust/crates/lingxi-adapters/tests/golden/openai-codex-responses/tool_roundtrip.json
b149d2257c78d6c12e416353268791e680e6f60c2b8537be4487ac6a7077d33d  ??  artifacts/rust-tauri/R05/RR2/G-I1/isolated-source/rust/crates/lingxi-adapters/tests/golden/openai-completions/error.json
60b06ec0050d33c9c8494b1988ffa2b97a63d63bf0c47d1cc19d4688624b1582  ??  artifacts/rust-tauri/R05/RR2/G-I1/isolated-source/rust/crates/lingxi-adapters/tests/golden/openai-completions/forward.json
5393895d4455838eb33e81830f5d6e9576350ab470abcd1d0543827245cf9210  ??  artifacts/rust-tauri/R05/RR2/G-I1/isolated-source/rust/crates/lingxi-adapters/tests/golden/openai-completions/tool_roundtrip.json
6452f2c0878469993ca507607d17dc857f0239b13babb5d96440a293bfbb4e5b  ??  artifacts/rust-tauri/R05/RR2/G-I1/isolated-source/rust/crates/lingxi-adapters/tests/golden/openai-responses/error.json
5412c74fab7d673cd2dffd71fc0c7f09ead45cb72c351410dbcb99d941ff366b  ??  artifacts/rust-tauri/R05/RR2/G-I1/isolated-source/rust/crates/lingxi-adapters/tests/golden/openai-responses/forward.json
9fdc98afdfb56130a73d06a00b848c8913852f5496bf24f05791e0954e8062cc  ??  artifacts/rust-tauri/R05/RR2/G-I1/isolated-source/rust/crates/lingxi-adapters/tests/golden/openai-responses/tool_roundtrip.json
a2ad122a7d1c44620df5af96d6a064edc4b66eba3a876c0872eca2af83f3744a  ??  artifacts/rust-tauri/R05/RR2/G-I1/isolated-source/rust/crates/lingxi-adapters/tests/invocation_journal_store.rs
9557f1c0605650fade30f6ec3c20c0b0e1b1d909fcf1e1310385ea9c1678dcf0  ??  artifacts/rust-tauri/R05/RR2/G-I1/isolated-source/rust/crates/lingxi-adapters/tests/late_result_fencing_property.rs
70ca3682ca23ffa0848f4f3ca3f26dae3d72e4e9150cf33ced58e1b2d394c4e1  ??  artifacts/rust-tauri/R05/RR2/G-I1/isolated-source/rust/crates/lingxi-adapters/tests/migration_idempotency.rs
44793a7fc79e16921c9a2dc126b8bb1a53cca9a6212f0f183718ba5a00374dff  ??  artifacts/rust-tauri/R05/RR2/G-I1/isolated-source/rust/crates/lingxi-adapters/tests/r05_t02_oauth_flows.rs
bdc9a14343d95631712b08396f972aca327cb9cadbba8c0e54dda9bc14b59ce1  ??  artifacts/rust-tauri/R05/RR2/G-I1/isolated-source/rust/crates/lingxi-adapters/tests/r05_t03_goldens.rs
dea6c1959112e19a5a4de2494b2b4cb6cefd975846c8eb2d6a4fa85c5467baad  ??  artifacts/rust-tauri/R05/RR2/G-I1/isolated-source/rust/crates/lingxi-adapters/tests/r05_t03_rr1_replay.rs
f2bdd204f341e407fd8fcd7b1fc7f3877ff6b04d658ac9022678bcd64f6394f2  ??  artifacts/rust-tauri/R05/RR2/G-I1/isolated-source/rust/crates/lingxi-adapters/tests/r05_t04_rr1_batch_terminal.rs
4ed807ea8d0be9858c972ddcbebe2a3f5ba2dab262e72ffcdee69317f483558e  ??  artifacts/rust-tauri/R05/RR2/G-I1/isolated-source/rust/crates/lingxi-adapters/tests/r05_t04_streaming.rs
bcb02209baf887df3a4538427871529dbcfa85795b1f590f0ef56f308d803347  ??  artifacts/rust-tauri/R05/RR2/G-I1/isolated-source/rust/crates/lingxi-adapters/tests/r05_t05_compat.rs
0b948c04ac47d3041e7400a51c162303e8aad74c109557d6a9000c407bac1543  ??  artifacts/rust-tauri/R05/RR2/G-I1/isolated-source/rust/crates/lingxi-adapters/tests/r05_t05_timeouts.rs
dc698ec3e92811d6cbdcb7023aa60e6b68e0110ffa1ffad22e0183f0b3fc15d7  ??  artifacts/rust-tauri/R05/RR2/G-I1/isolated-source/rust/crates/lingxi-adapters/tests/r05_t06_operations.rs
27365cdb2862329fd7b24dc28a90ff7b6e936a959dc3f02853d91c0e0a1b3304  ??  artifacts/rust-tauri/R05/RR2/G-I1/isolated-source/rust/crates/lingxi-adapters/tests/r05_t07_rr1_usage_strict.rs
9aab61502ab41a8c5ffa624cdc7b483cc4eaf2d67c3bacb028cf448d29c95106  ??  artifacts/rust-tauri/R05/RR2/G-I1/isolated-source/rust/crates/lingxi-adapters/tests/r05_t07_usage_families.rs
9d0368782ecc7db598a6ca6cd5a7f29a90828cf163df4ac7050bb770ae1ce54c  ??  artifacts/rust-tauri/R05/RR2/G-I1/isolated-source/rust/crates/lingxi-adapters/tests/run_finalize_property.rs
71104dfdce36a4227a480d5f323932f7a18ccb33241a34373389679fce94d73c  ??  artifacts/rust-tauri/R05/RR2/G-I1/isolated-source/rust/crates/lingxi-adapters/tests/run_id_allocator.rs
966d7756a5c9f26c627f21b27c5c3234cf3f329b1c9bd6c8416acae83dbcb8d5  ??  artifacts/rust-tauri/R05/RR2/G-I1/isolated-source/rust/crates/lingxi-adapters/tests/run_lineage_store.rs
63c73782df10cbac03ee945f2a906d9355c9981e4bde00ec181bf092620f2dff  ??  artifacts/rust-tauri/R05/RR2/G-I1/isolated-source/rust/crates/lingxi-adapters/tests/storage_transactions.rs
74ec57bbd9395ea26ba4df5f2f15195188e9ce0d52235fd5cbb50b8fa629a236  ??  artifacts/rust-tauri/R05/RR2/G-I1/isolated-source/rust/crates/lingxi-browser-spike/Cargo.toml
b3a3b38676fd3dc154c682daaca17b7aa5562fc51fbf7d321d2dde622cc783c7  ??  artifacts/rust-tauri/R05/RR2/G-I1/isolated-source/rust/crates/lingxi-browser-spike/src/bin/spike_browser.rs
d47f1a1d5747403fedf8c30ebdedace1398c66b88673506c86e0346b9a0120f7  ??  artifacts/rust-tauri/R05/RR2/G-I1/isolated-source/rust/crates/lingxi-browser-spike/src/bin/spike_pdf.rs
aa1b8bf28ddf32454832642a9c431485e4a18a3fcaa115603277a6fbcdfce2c7  ??  artifacts/rust-tauri/R05/RR2/G-I1/isolated-source/rust/crates/lingxi-browser-spike/src/cdp.rs
d654818941f7779b2d4060f547c25785f48de243551d7247641aa47e4045cf2f  ??  artifacts/rust-tauri/R05/RR2/G-I1/isolated-source/rust/crates/lingxi-browser-spike/src/launcher.rs
5a3bc4f030cb25ba4cf21ca9312e0855e08a749e7464dbe5bdd8d1762f4e817d  ??  artifacts/rust-tauri/R05/RR2/G-I1/isolated-source/rust/crates/lingxi-browser-spike/src/lib.rs
b01d04a73e9abde4bde451d5aadbba338eb5ec26b4d0e2393c084ec27babee54  ??  artifacts/rust-tauri/R05/RR2/G-I1/isolated-source/rust/crates/lingxi-browser-spike/src/ops.rs
701ed875e8c9ed518d65635d43d95889c64f3463979e8f59e8566cdbce7f0ede  ??  artifacts/rust-tauri/R05/RR2/G-I1/isolated-source/rust/crates/lingxi-browser-spike/src/pdf.rs
8340d1f13e023954fbf260aacdff0287544fe4ba131f87cbd9005f9055887c6b  ??  artifacts/rust-tauri/R05/RR2/G-I1/isolated-source/rust/crates/lingxi-browser-spike/src/snapshot_source.rs
2fab453351437b78d219d01c19f4a0c1f6f522869de1a2e1ce9941731deff0df  ??  artifacts/rust-tauri/R05/RR2/G-I1/isolated-source/rust/crates/lingxi-kernel/Cargo.toml
a964426e6d70bd9213a6475e7ca817193d32a22a3cc0630a0648adcdfa522292  ??  artifacts/rust-tauri/R05/RR2/G-I1/isolated-source/rust/crates/lingxi-kernel/src/invocation.rs
8f6595e9be39865f74a91817089ab1d6b016beb84f31a6ed08ca58b96229d3e5  ??  artifacts/rust-tauri/R05/RR2/G-I1/isolated-source/rust/crates/lingxi-kernel/src/lib.rs
62bb3b1b3ad42f5ea46961ab5c5b1d98d54f22c0a359f8d099ad1e323a6d4c6b  ??  artifacts/rust-tauri/R05/RR2/G-I1/isolated-source/rust/crates/lingxi-kernel/src/model_exchange.rs
3f32e8c7c0a617d6bcb73ed11ab5eb468acfbb383ac844964a9ad52a75fa3936  ??  artifacts/rust-tauri/R05/RR2/G-I1/isolated-source/rust/crates/lingxi-kernel/src/ports.rs
796cc13cfbfe0ef9aa021e3f7c47668d9374468a1defb1dfa0d046b853803268  ??  artifacts/rust-tauri/R05/RR2/G-I1/isolated-source/rust/crates/lingxi-kernel/src/recovery.rs
0287c242edc782989e1232046661a956216f5576e1247f94a4ea669c0edc0276  ??  artifacts/rust-tauri/R05/RR2/G-I1/isolated-source/rust/crates/lingxi-kernel/src/subagent.rs
2b7505387b6b45aebc9ff7a0c836d49d24573df1d2de2e3137549eab5983ad1f  ??  artifacts/rust-tauri/R05/RR2/G-I1/isolated-source/rust/crates/lingxi-kernel/src/toolcatalog.rs
209bc2f127595674ed86c64cbf92d7fc1632bcbbfcc446909cd0f632cf470f3b  ??  artifacts/rust-tauri/R05/RR2/G-I1/isolated-source/rust/crates/lingxi-kernel/src/usage.rs
55ec1b90bb8aa610bf507d70e168a1fdf73e84e8771defe9018ab6f2b0fc4ddc  ??  artifacts/rust-tauri/R05/RR2/G-I1/isolated-source/rust/crates/lingxi-protocol/Cargo.toml
1aeddfa2c4d4a8eab8ab75aed8a2555288c6ce2e1ebe05584b307d0cc0760aa3  ??  artifacts/rust-tauri/R05/RR2/G-I1/isolated-source/rust/crates/lingxi-protocol/src/bin/lingxi-proto-server.rs
8af4fb30089bae8e55fb62b18412a05e172b55f966cd4b6f5aaa1ef8952cee05  ??  artifacts/rust-tauri/R05/RR2/G-I1/isolated-source/rust/crates/lingxi-protocol/src/bin/lingxi-protocol-gen.rs
b68c1d1a0fbf2d0e9355f34e7f89582d902650ce9721390b7311b317ac103e3c  ??  artifacts/rust-tauri/R05/RR2/G-I1/isolated-source/rust/crates/lingxi-protocol/src/bin/lingxi-protocol-verify.rs
2c1bb1c229a3bd0eafe6ab6d911cf8e41c158717fc4632f390e0684a3d1cea71  ??  artifacts/rust-tauri/R05/RR2/G-I1/isolated-source/rust/crates/lingxi-protocol/src/canon.rs
292ed1cb45356234a6a7423c9ef60dfe908eb9573c5d5580fd32b1d85d411749  ??  artifacts/rust-tauri/R05/RR2/G-I1/isolated-source/rust/crates/lingxi-protocol/src/devgate.rs
17bb9902607d3d94fa2356cd2b55a32ad76b6eda38377b8d181be931af25d51d  ??  artifacts/rust-tauri/R05/RR2/G-I1/isolated-source/rust/crates/lingxi-protocol/src/handshake.rs
7dc6fe93e4c9aa29da6ca4690e039f647c23938599557c374d185f047c62fce2  ??  artifacts/rust-tauri/R05/RR2/G-I1/isolated-source/rust/crates/lingxi-protocol/src/lib.rs
a3509c6d31fe584980bef21cc615e21a56afe44ab57266108b3f5d2d7c71d3ff  ??  artifacts/rust-tauri/R05/RR2/G-I1/isolated-source/rust/crates/lingxi-protocol/src/wire.rs
c778bbe5821bc8d7dc1e5d22292879f3f3cb2ac6af480316acc1bad705b08b17  ??  artifacts/rust-tauri/R05/RR2/G-I1/isolated-source/rust/crates/lingxi-service/Cargo.toml
70040aaec9a0a6ca41e059113b2c53275361ad8cbc6e40b3d0fdfa339b5bed3e  ??  artifacts/rust-tauri/R05/RR2/G-I1/isolated-source/rust/crates/lingxi-service/src/approval.rs
cc0ee1fafa087a37801a626008215638214b59f6bbe8cc2284e8897dd114ae72  ??  artifacts/rust-tauri/R05/RR2/G-I1/isolated-source/rust/crates/lingxi-service/src/approval_service.rs
3b4e84802fd3dda9719295f3d3e95a2218fca520a88d4b2ea610865113c049d7  ??  artifacts/rust-tauri/R05/RR2/G-I1/isolated-source/rust/crates/lingxi-service/src/artifactverify.rs
5d9408afc747e3249f0d7b7d9148be8fe3c22eb1aac3815835b466c409cf31e8  ??  artifacts/rust-tauri/R05/RR2/G-I1/isolated-source/rust/crates/lingxi-service/src/auth.rs
1e642710a45e4e4360f34ed5588f16eb847ae74bd2a66cabb0b6f8e972db69a5  ??  artifacts/rust-tauri/R05/RR2/G-I1/isolated-source/rust/crates/lingxi-service/src/background.rs
77bb3f6a16018674960f20901e1901a2c35c69a1cba15d227ec2d8ae2c437182  ??  artifacts/rust-tauri/R05/RR2/G-I1/isolated-source/rust/crates/lingxi-service/src/bin/r04_t07_fixture.rs
420a5205073a4fc8bcaf6f45b1b7a6f928d84bdd5736b931d9ba472401c1e1be  ??  artifacts/rust-tauri/R05/RR2/G-I1/isolated-source/rust/crates/lingxi-service/src/cancel.rs
960365bee86e48825681bf6962730ac0f67f48dab870656cde174ff44981cd8d  ??  artifacts/rust-tauri/R05/RR2/G-I1/isolated-source/rust/crates/lingxi-service/src/config.rs
397b40157707c9bbee786ae86dff15b6989aca7c3a3942583caf71bae8276bf8  ??  artifacts/rust-tauri/R05/RR2/G-I1/isolated-source/rust/crates/lingxi-service/src/credentials/login.rs
5fa96ae62b17fe8695c137ae3183fb0cbc47cc5d1291c3386f37b640b4ab7a0c  ??  artifacts/rust-tauri/R05/RR2/G-I1/isolated-source/rust/crates/lingxi-service/src/credentials/mod.rs
a69b4d4e2bab340055e30907cfece32bbd58c54da1898fe8c72d133eb253696f  ??  artifacts/rust-tauri/R05/RR2/G-I1/isolated-source/rust/crates/lingxi-service/src/credentials/store.rs
f80cd8a86451f5563217bc293aa2dfa3afc97a6666dba068b5196470e7aecf82  ??  artifacts/rust-tauri/R05/RR2/G-I1/isolated-source/rust/crates/lingxi-service/src/dedup.rs
9c29d9ee8924d7b514a9bc4b7f8d374d420287f25b1b36f5295619c0f882b855  ??  artifacts/rust-tauri/R05/RR2/G-I1/isolated-source/rust/crates/lingxi-service/src/epoch.rs
709b9adc34ba6d35252ff1ebf8332981b47f9defb0d178e3880bf5caffd855a4  ??  artifacts/rust-tauri/R05/RR2/G-I1/isolated-source/rust/crates/lingxi-service/src/events.rs
433584042b95dcb51b9b4f40509bce0123de078b6b0d85edeeb8ec7c3af64e98  ??  artifacts/rust-tauri/R05/RR2/G-I1/isolated-source/rust/crates/lingxi-service/src/exectools.rs
4803fe5164ad448860b162d58a374f945fc8920dad0f526aa70f73c2c64fd116  ??  artifacts/rust-tauri/R05/RR2/G-I1/isolated-source/rust/crates/lingxi-service/src/filetools.rs
c440a0c38f5710500b3aa3c557ca33d9503db485d13fc1555416a7efb4c560e4  ??  artifacts/rust-tauri/R05/RR2/G-I1/isolated-source/rust/crates/lingxi-service/src/inject.rs
f329de65613332af3024763e0fb17ce7f545962252233c10ba2400aabda7f846  ??  artifacts/rust-tauri/R05/RR2/G-I1/isolated-source/rust/crates/lingxi-service/src/instance.rs
42826a77c2a9625fea27ea085b822949946777db6ac7c8bd2b7a00ccd04a32d8  ??  artifacts/rust-tauri/R05/RR2/G-I1/isolated-source/rust/crates/lingxi-service/src/invocations.rs
f0e5d46fbe41fc7132fb36226f1db4b58d242ede96e82efdd09ae53e854a377d  ??  artifacts/rust-tauri/R05/RR2/G-I1/isolated-source/rust/crates/lingxi-service/src/lib.rs
93d7bbd0a1bc22417cfb800d75601c61e8ee396ff8801218382738938d6767c5  ??  artifacts/rust-tauri/R05/RR2/G-I1/isolated-source/rust/crates/lingxi-service/src/limits.rs
5f0aa8ccabc62295d64ff0ca6b61a5fc9a384e6a4bdd6e092d70a15ab73b6be1  ??  artifacts/rust-tauri/R05/RR2/G-I1/isolated-source/rust/crates/lingxi-service/src/logging.rs
9ea695ee5b2eef4163db16df4b584b363df6a375ca334f02c9160886ed1b5f5b  ??  artifacts/rust-tauri/R05/RR2/G-I1/isolated-source/rust/crates/lingxi-service/src/main.rs
29df88ca9fd7afc883df6ee8b11b85cf7f79e1658d2d8a860ae4cfa47166c6c3  ??  artifacts/rust-tauri/R05/RR2/G-I1/isolated-source/rust/crates/lingxi-service/src/management.rs
e3312f6ab87ad6562233c3ec71a14e1925685a28c9879999b99731ddfa6f6fbf  ??  artifacts/rust-tauri/R05/RR2/G-I1/isolated-source/rust/crates/lingxi-service/src/mcpbridge.rs
bbb2054886f6e08093aeba416570ecadee866891db06e59a6d5406815b965639  ??  artifacts/rust-tauri/R05/RR2/G-I1/isolated-source/rust/crates/lingxi-service/src/operations.rs
10b13d4d0639e134c118f0ef421648f55e3d9498dd210d7ad0428e009e89008e  ??  artifacts/rust-tauri/R05/RR2/G-I1/isolated-source/rust/crates/lingxi-service/src/paths.rs
d586aa01efa0085f5890e73dcd056431ae84abf1b5b8aa379ce8159ff2ca7b37  ??  artifacts/rust-tauri/R05/RR2/G-I1/isolated-source/rust/crates/lingxi-service/src/procsupervisor.rs
5830926c2c1f61792c5269e622680b78f146d50997a4b609ffdf214a446b48cc  ??  artifacts/rust-tauri/R05/RR2/G-I1/isolated-source/rust/crates/lingxi-service/src/quotas.rs
37a268ac26b368e27fac3e81a173f6d29a4d2789603259df2968a4a72be79e45  ??  artifacts/rust-tauri/R05/RR2/G-I1/isolated-source/rust/crates/lingxi-service/src/recovery.rs
9d749fc88d7c653399db7908b4fddd1bcca3264362c9da3a6a7ba49318c6a1ed  ??  artifacts/rust-tauri/R05/RR2/G-I1/isolated-source/rust/crates/lingxi-service/src/redaction.rs
9cb2b2267e581eff500b4e9a995541ea055a56f217955fd910cd7dd0e2c7766f  ??  artifacts/rust-tauri/R05/RR2/G-I1/isolated-source/rust/crates/lingxi-service/src/resourceaccess.rs
b7b8671a8c4dc507ab77364e700985db69c2b619cc2f80cc54d86d0bf7eb17f3  ??  artifacts/rust-tauri/R05/RR2/G-I1/isolated-source/rust/crates/lingxi-service/src/runs.rs
57dbdcb309fa17878e58ea360cc9e5d69cdb126d7907f2d9aaa82bc68888b676  ??  artifacts/rust-tauri/R05/RR2/G-I1/isolated-source/rust/crates/lingxi-service/src/sandbox.rs
ec34626d0c03a8e86cc1beb69cea951a55571bddd92624284e896f8654506cdf  ??  artifacts/rust-tauri/R05/RR2/G-I1/isolated-source/rust/crates/lingxi-service/src/security_audit.rs
95faa3f52bb1c1a33738501b33038bda41e0e29eca6eee541fadb84b202847b8  ??  artifacts/rust-tauri/R05/RR2/G-I1/isolated-source/rust/crates/lingxi-service/src/serve.rs
fcf0822ceef2000057b41d3a0a7d67581815db0aef2908629f146d0a44e8ef74  ??  artifacts/rust-tauri/R05/RR2/G-I1/isolated-source/rust/crates/lingxi-service/src/session_supervisor.rs
61d032f1d3407f973360738c150c03ac49d780efc79afec49bf5e9ff6ab83c4f  ??  artifacts/rust-tauri/R05/RR2/G-I1/isolated-source/rust/crates/lingxi-service/src/sessions.rs
401ab707932219fc2a6c174e978705b4c16d57aafa09a0b276580be5d7f4113f  ??  artifacts/rust-tauri/R05/RR2/G-I1/isolated-source/rust/crates/lingxi-service/src/shutdown.rs
65341c5ddce91341687c922c3116c1e48423605d16112cfc7b3864900e885d6d  ??  artifacts/rust-tauri/R05/RR2/G-I1/isolated-source/rust/crates/lingxi-service/src/static_web.rs
bca91fd70a29eaef7cc9c7210f13c5e6f13e5844f256fa10aa18e9bf0fb360c3  ??  artifacts/rust-tauri/R05/RR2/G-I1/isolated-source/rust/crates/lingxi-service/src/streaming_norm.rs
2c97b7964cdd0ecbf6dda0881cd6510ba880a6a3fd428274e936441b469f44d7  ??  artifacts/rust-tauri/R05/RR2/G-I1/isolated-source/rust/crates/lingxi-service/src/subagents.rs
2f78d303b89b4df43899f4ccd593e0f71ea6e82535d44455f71bf462a11998c1  ??  artifacts/rust-tauri/R05/RR2/G-I1/isolated-source/rust/crates/lingxi-service/src/task_supervisor.rs
17e9c05aec1d03cdc68db66b97ec84947cccf3d49a8759bca2fa126db6f2bc84  ??  artifacts/rust-tauri/R05/RR2/G-I1/isolated-source/rust/crates/lingxi-service/src/toolgateway.rs
d4a5fe9ac17e2f0e2e666bc04658008002fa48d1f661875fa41121f5ff012c95  ??  artifacts/rust-tauri/R05/RR2/G-I1/isolated-source/rust/crates/lingxi-service/src/transport.rs
85b25b95f026dd9ce53119bd0caff44e4df4ef5f90c6e3b2abfad5e89932af29  ??  artifacts/rust-tauri/R05/RR2/G-I1/isolated-source/rust/crates/lingxi-service/src/workermodel.rs
70ba0e6cb87f714786fb0d427bb786c04f34507ec0cb9eb013aa238eefb5ae0b  ??  artifacts/rust-tauri/R05/RR2/G-I1/isolated-source/rust/crates/lingxi-service/src/workerrpc.rs
03c9a6887b0d194127a4401bf92c26fb6debcc344cfe9b3b091a7503b1186b20  ??  artifacts/rust-tauri/R05/RR2/G-I1/isolated-source/rust/crates/lingxi-service/src/ws.rs
f9d10e146c912a65a17eaa29181587eb2459188b40790e0925e376f53fd29c61  ??  artifacts/rust-tauri/R05/RR2/G-I1/isolated-source/rust/crates/lingxi-service/tests/admission_dedup_adversarial.rs
1d542d7ccebc67884bcb011885d5e2e219d07f32e831aa9bce643b93d6d99526  ??  artifacts/rust-tauri/R05/RR2/G-I1/isolated-source/rust/crates/lingxi-service/tests/admission_dedup_consistency.rs
9ab38f9fd5630313ab4e3b1a69014afa338b5a52f02d10147bfbac85ab0f3e0e  ??  artifacts/rust-tauri/R05/RR2/G-I1/isolated-source/rust/crates/lingxi-service/tests/auth_matrix.rs
af97db4ea9c8e2438449883e97fb555234a8ff7be84dde949ea1c34fa9f28913  ??  artifacts/rust-tauri/R05/RR2/G-I1/isolated-source/rust/crates/lingxi-service/tests/background_disconnect_recovery.rs
3df708126e4231146ec53cfb63159e219dafa92c105c2935ae3e1147d60c87b6  ??  artifacts/rust-tauri/R05/RR2/G-I1/isolated-source/rust/crates/lingxi-service/tests/background_steering.rs
c14272566afcee269520ffef460eac0361fde8a54235466fc4315a37dc4fdb43  ??  artifacts/rust-tauri/R05/RR2/G-I1/isolated-source/rust/crates/lingxi-service/tests/cancel_link_inheritance.rs
7d6a95f1d2de4fa1e32103fffa2e82d72b416da4f2383c04314937a11465d1ca  ??  artifacts/rust-tauri/R05/RR2/G-I1/isolated-source/rust/crates/lingxi-service/tests/cancel_terminal_race.rs
d107a05d3f3b33f492a9be4e37d9c93e2566318abe4e285bba1f180fa0cf7eee  ??  artifacts/rust-tauri/R05/RR2/G-I1/isolated-source/rust/crates/lingxi-service/tests/cancellation_tree.rs
86356ff1725791d987a3995414ecca88c5ab0cc10fbbb145cdf8280f6ff15d14  ??  artifacts/rust-tauri/R05/RR2/G-I1/isolated-source/rust/crates/lingxi-service/tests/config_bounds.rs
02d1e5c83cb813b4789d5a360b34d9291d136a54acd0253432cbbcc6ae041ee6  ??  artifacts/rust-tauri/R05/RR2/G-I1/isolated-source/rust/crates/lingxi-service/tests/event_subscription.rs
5fba456edb789b036393e631add70861d69eabd0a1ab3a78adf467096556861c  ??  artifacts/rust-tauri/R05/RR2/G-I1/isolated-source/rust/crates/lingxi-service/tests/execute_concurrency.rs
7dfd5cc7eb0028d7a35281d41d7fab5b2079b5bcdf040d9565728a60fbf9bccf  ??  artifacts/rust-tauri/R05/RR2/G-I1/isolated-source/rust/crates/lingxi-service/tests/exit_race_rejections.rs
ab4b706a338ae0efae10789f636637f968fff6645e9ad8d4527b9aad0a87f4d5  ??  artifacts/rust-tauri/R05/RR2/G-I1/isolated-source/rust/crates/lingxi-service/tests/input_budget_refusal.rs
8dfb74f368cf3f2684b12e02a473bec9ac6354e34254101f44b1ebab124ed163  ??  artifacts/rust-tauri/R05/RR2/G-I1/isolated-source/rust/crates/lingxi-service/tests/input_payload_fidelity.rs
0eed3931c005bdbc5b5e8ac6c547876cffbd89604cb3d1e99d5f4e41d503b63a  ??  artifacts/rust-tauri/R05/RR2/G-I1/isolated-source/rust/crates/lingxi-service/tests/instance_lifecycle.rs
3b8627dfcd9f7b419dd9e6e1fceaac7249adfe80f0e191043002f57f90b0ece9  ??  artifacts/rust-tauri/R05/RR2/G-I1/isolated-source/rust/crates/lingxi-service/tests/invocation_journal.rs
d550e29b660affbc836a531d9ea58c88591c47cf236f02b4728b91d40d0efac9  ??  artifacts/rust-tauri/R05/RR2/G-I1/isolated-source/rust/crates/lingxi-service/tests/late_result_fence.rs
399409db7b30a245b8e3f2d287247048678b28ef278aabfd8533207c8af45350  ??  artifacts/rust-tauri/R05/RR2/G-I1/isolated-source/rust/crates/lingxi-service/tests/r00_management_leaves.rs
d9874fcc0f7801522c509f115ac16680b5fa8aec17a0b230c5ecb811ca23b0b4  ??  artifacts/rust-tauri/R05/RR2/G-I1/isolated-source/rust/crates/lingxi-service/tests/r00_static_web_leaves.rs
7e5b7cf50a74e73c08e391b9a328706c35b41c55ebaba67f5760c2404d67c53e  ??  artifacts/rust-tauri/R05/RR2/G-I1/isolated-source/rust/crates/lingxi-service/tests/r03_t08_acceptance_matrix.rs
d7a24abf8de764f86acac624f5fcb69dd6b670412cde1bc1e12b9bda5ac784a3  ??  artifacts/rust-tauri/R05/RR2/G-I1/isolated-source/rust/crates/lingxi-service/tests/r04_rr1_f02_reaper_cleanup.rs
fe40e6c3f765fa19524c14dfdef4c583be4680c825c660addc117320ee6b2f98  ??  artifacts/rust-tauri/R05/RR2/G-I1/isolated-source/rust/crates/lingxi-service/tests/r04_rr1_f03_stop_honesty.rs
26d37af280ba9b78b2968b3197783e1893434cb52ecab977e3439063615957b8  ??  artifacts/rust-tauri/R05/RR2/G-I1/isolated-source/rust/crates/lingxi-service/tests/r04_rr1_f04_pty_consumption.rs
ca08d067e649152ec75cbf320c9399158476bfde4fec89e071e4c0d64d5f8726  ??  artifacts/rust-tauri/R05/RR2/G-I1/isolated-source/rust/crates/lingxi-service/tests/r04_rr1_f05_output_integrity.rs
3570f4fe224d338851274dd384c8704d414f0dddc9650f097fe323d770c1cd8c  ??  artifacts/rust-tauri/R05/RR2/G-I1/isolated-source/rust/crates/lingxi-service/tests/r04_rr1_f05_spill_failure.rs
f58d7bcdb4270cbbc814a723dcbede2de6c97921e0a55617ad3c2aeba859d1de  ??  artifacts/rust-tauri/R05/RR2/G-I1/isolated-source/rust/crates/lingxi-service/tests/r04_t01_tool_catalog.rs
b25d2a63956410774051531cbd21c2dabf0f8aaf32ac82384893e0cc55743911  ??  artifacts/rust-tauri/R05/RR2/G-I1/isolated-source/rust/crates/lingxi-service/tests/r04_t02_tool_gateway.rs
617d6f36d5862441258ca5f5e9cdf45adb1182f91fc289c1bf737d7d43cb8a9d  ??  artifacts/rust-tauri/R05/RR2/G-I1/isolated-source/rust/crates/lingxi-service/tests/r04_t03_approval_service.rs
b37e2fa214ce6493cda571e970c1f8a5d01fae67154f21f76b90f5194b06fbcc  ??  artifacts/rust-tauri/R05/RR2/G-I1/isolated-source/rust/crates/lingxi-service/tests/r04_t04_file_tools.rs
42a55b6e6ec4f25b882a5df32e4a63ec0dc5d8ed31186d880d7aef2c2c82a29c  ??  artifacts/rust-tauri/R05/RR2/G-I1/isolated-source/rust/crates/lingxi-service/tests/r04_t05_process_tools.rs
9460df947fc522ce6ca811e3d30cabf21d10df645ec50b26fbeb84e5634a0374  ??  artifacts/rust-tauri/R05/RR2/G-I1/isolated-source/rust/crates/lingxi-service/tests/r04_t05_registry_capacity.rs
f1c7f450e939c26278453b314d8532b460ce70dc08f4fe7961ba1b5b26f7bb38  ??  artifacts/rust-tauri/R05/RR2/G-I1/isolated-source/rust/crates/lingxi-service/tests/r04_t06_sandbox.rs
98e2a672103242033f82f4182de3662a3c2d9a57c883e835132b3c8589aa8d1a  ??  artifacts/rust-tauri/R05/RR2/G-I1/isolated-source/rust/crates/lingxi-service/tests/r04_t07_mcp_and_workers.rs
69aaa7925a7064288b45c7d39e25ee5d17a8b90b6efaf02bcaf30a299ead9e33  ??  artifacts/rust-tauri/R05/RR2/G-I1/isolated-source/rust/crates/lingxi-service/tests/r04_t08_tool_matrix.rs
56c3706bcf106a2aef0d082319f5400100c8299c16f6cb2b20c3a1afa7ffa571  ??  artifacts/rust-tauri/R05/RR2/G-I1/isolated-source/rust/crates/lingxi-service/tests/r05_t01_binary_wiring.rs
101c02bf149534abe150154b17ef7a5cc0588e9a7580aba17d1f6aaa5efae9e0  ??  artifacts/rust-tauri/R05/RR2/G-I1/isolated-source/rust/crates/lingxi-service/tests/r05_t01_model_plane.rs
eead0db0f155ec3cde5cc243d2e181bb15acc711b9afe4079dec159d5dc219f9  ??  artifacts/rust-tauri/R05/RR2/G-I1/isolated-source/rust/crates/lingxi-service/tests/r05_t02_credentials.rs
55474557db29c644f1fe806a8f4057a0490ef9cc561a604bca1395ac5d50b828  ??  artifacts/rust-tauri/R05/RR2/G-I1/isolated-source/rust/crates/lingxi-service/tests/r05_t03_protocol_adapters.rs
e6ffc7e9f29b3317e73a52d43e13301b0d4761adf5a29c0035eb1d98c2da5c32  ??  artifacts/rust-tauri/R05/RR2/G-I1/isolated-source/rust/crates/lingxi-service/tests/r05_t03_rr2_family_roundtrip.rs
49f36781e397f22bb470e60a5e90463648e3e0f58306ab5bc592e071b445f56e  ??  artifacts/rust-tauri/R05/RR2/G-I1/isolated-source/rust/crates/lingxi-service/tests/r05_t04_rr2_cross_round.rs
13dc53c30209e1a55dd4a677f802fd57920407f7ed2db9ed6dbba7eb3b8c1432  ??  artifacts/rust-tauri/R05/RR2/G-I1/isolated-source/rust/crates/lingxi-service/tests/r05_t04_rr2_unclosed_binary.rs
6e09ff3a5f354aa7819c0b29cac742bd529a5b41d408a1609ad0837559bb74b3  ??  artifacts/rust-tauri/R05/RR2/G-I1/isolated-source/rust/crates/lingxi-service/tests/r05_t04_streaming.rs
478d81c1dd77527ad2c7955e3da3edfa202335dfe8f6b282e16018d92901300c  ??  artifacts/rust-tauri/R05/RR2/G-I1/isolated-source/rust/crates/lingxi-service/tests/r05_t05_network.rs
52e26995c5b031d0e6c1704972e2d1e79f69f2905d859ac5c2d6443707ee5f81  ??  artifacts/rust-tauri/R05/RR2/G-I1/isolated-source/rust/crates/lingxi-service/tests/r05_t05_timeouts.rs
97170bcb71d25feda122e17f299e832644556ae30eeadec582d813d937cc3b15  ??  artifacts/rust-tauri/R05/RR2/G-I1/isolated-source/rust/crates/lingxi-service/tests/r05_t06_operations.rs
282a9f23ffe14cdc3f553534c2582ffc47e519224ac6330c24d6351c564ddca0  ??  artifacts/rust-tauri/R05/RR2/G-I1/isolated-source/rust/crates/lingxi-service/tests/r05_t06_rr1_media_resource.rs
1cbbc1d6ffd5e37f2523efd99adfe94c8eaed768e7321bdb1d84ebb95f6487c9  ??  artifacts/rust-tauri/R05/RR2/G-I1/isolated-source/rust/crates/lingxi-service/tests/r05_t06_rr1_system_speech.rs
6d67feea5ce3de2f14eaa882e5076acbe4e5fc145953939360be91f590871791  ??  artifacts/rust-tauri/R05/RR2/G-I1/isolated-source/rust/crates/lingxi-service/tests/r05_t06_worker_model.rs
c2398130d85569c85be19edd9bfc037ca68c6d46f7cb2d12f93f80c93c3fbfa8  ??  artifacts/rust-tauri/R05/RR2/G-I1/isolated-source/rust/crates/lingxi-service/tests/r05_t07_persistence.rs
395ac7a42923d4f85a22eff80fe571ab71dec0ddd225fe354c8f90379ecc9f5f  ??  artifacts/rust-tauri/R05/RR2/G-I1/isolated-source/rust/crates/lingxi-service/tests/r05_t07_rr1_usage_ledger.rs
5ae7877a139e960a6b4d1c30b1bf8703133fd9fd60257150dd6c0bcf2045cb12  ??  artifacts/rust-tauri/R05/RR2/G-I1/isolated-source/rust/crates/lingxi-service/tests/r05_t07_usage_trace.rs
e48cacb5f1c5c4f77cc7a41ac267c85f2485c040c3c666f72b5e388f0814a836  ??  artifacts/rust-tauri/R05/RR2/G-I1/isolated-source/rust/crates/lingxi-service/tests/r05_t08_closed_loop.rs
077223dc892361f86b8a2998a7fe04d0ccf93613ec1af0a40e26d7fd034fcfce  ??  artifacts/rust-tauri/R05/RR2/G-I1/isolated-source/rust/crates/lingxi-service/tests/r05_t08_production_tools.rs
0eafcb07f16b7c332e9667e91c8a1420081df16e831a1c230f1b4b322180421e  ??  artifacts/rust-tauri/R05/RR2/G-I1/isolated-source/rust/crates/lingxi-service/tests/r05_t08_resources.rs
f6b8f9a31e1e9d6c9535d7ac72f7a4b8151401fa35ae3ee469c5c9356040a9da  ??  artifacts/rust-tauri/R05/RR2/G-I1/isolated-source/rust/crates/lingxi-service/tests/recovery_crash_points.rs
62905768045be3a7b0ca86296b3800ca486a7d46d513d0b23078368f4f4ba6b7  ??  artifacts/rust-tauri/R05/RR2/G-I1/isolated-source/rust/crates/lingxi-service/tests/recovery_startup_scan.rs
0482ebce472f79e7402dde15ed3eafc8262c29ad68a04ebc042ef01dd60a3764  ??  artifacts/rust-tauri/R05/RR2/G-I1/isolated-source/rust/crates/lingxi-service/tests/recovery_support/harness.rs
0eed4984400b1a45852fc147bf03ff070db9c2d43ceda9f88a4674cc09011a35  ??  artifacts/rust-tauri/R05/RR2/G-I1/isolated-source/rust/crates/lingxi-service/tests/request_dedup.rs
370350ac150dd1cb88bf6c9e61461210756a2747798ff0d52fdfee89964a3b22  ??  artifacts/rust-tauri/R05/RR2/G-I1/isolated-source/rust/crates/lingxi-service/tests/request_id_canonicalization.rs
a8fcbdea6f8dbc040b5ec2c8a6bca736d9f3270bd04a8f9481ddc57dff29dc5f  ??  artifacts/rust-tauri/R05/RR2/G-I1/isolated-source/rust/crates/lingxi-service/tests/resource_limits.rs
1678e32936755408f553c10d05a3c91a880614aadd8a1b6d9833cd3c98df6e06  ??  artifacts/rust-tauri/R05/RR2/G-I1/isolated-source/rust/crates/lingxi-service/tests/run_lifecycle.rs
cf7d1ab9f3013a4be262f6e83f2c8f3a51f7c00766520d63f1a0cd59a1b773f4  ??  artifacts/rust-tauri/R05/RR2/G-I1/isolated-source/rust/crates/lingxi-service/tests/service_health.rs
d894ad0a7f65458bb2a3417d43c49cb7227ddd48425d8aba484c2762711e0194  ??  artifacts/rust-tauri/R05/RR2/G-I1/isolated-source/rust/crates/lingxi-service/tests/service_persistence.rs
307e905a2fef749810e02620ba40a27fe065a64c88bf716aea630844fec38013  ??  artifacts/rust-tauri/R05/RR2/G-I1/isolated-source/rust/crates/lingxi-service/tests/session_serialization.rs
e0e5b281ffb2c1ec6ffc7c97650f0ce8e387f30deaff33762b607c306060e0b6  ??  artifacts/rust-tauri/R05/RR2/G-I1/isolated-source/rust/crates/lingxi-service/tests/shutdown_coordinator.rs
be74628bd47c4fea91c61294783188ab59ca00123237f1686ec6ddfd550c7d41  ??  artifacts/rust-tauri/R05/RR2/G-I1/isolated-source/rust/crates/lingxi-service/tests/subagent_closeout.rs
9579706a8a93486e0532a6bd5adf91ddb20c76a36b499611b26f98c2bf062462  ??  artifacts/rust-tauri/R05/RR2/G-I1/isolated-source/rust/crates/lingxi-service/tests/subagent_lifecycle.rs
e749ba788ab948562d59df75be045a1ba6721dd24e9167a1be626ce26d504bc2  ??  artifacts/rust-tauri/R05/RR2/G-I1/isolated-source/rust/crates/lingxi-service/tests/subagent_permission_inheritance.rs
b70fbf9b0879529a56c92ca4be3523d99459364bd2512c24a4d8ab247b274e63  ??  artifacts/rust-tauri/R05/RR2/G-I1/isolated-source/rust/crates/lingxi-service/tests/tls_web_login.rs
94753e058542abe2e07db6dad23633598b322468ba9f0b90d5827652f06f449a  ??  artifacts/rust-tauri/R05/RR2/G-I1/isolated-source/rust/crates/lingxi-service/tests/tool_receipt_unknown.rs
6a63f3596f63a2e21735fff068adc228f5ae653dbae206d671df93086282ca48  ??  artifacts/rust-tauri/R05/RR2/G-I1/isolated-source/rust/crates/lingxi-spike/Cargo.toml
53c94d2b284c821380dc76c36bbf4291191d435830dbc3cb63aa201deddb4703  ??  artifacts/rust-tauri/R05/RR2/G-I1/isolated-source/rust/crates/lingxi-spike/src/bin/spike_check_deps.rs
70e78dc7751cec49390571d350afc033fbecd1fbf122bd80f3ea4b83c0bde1df  ??  artifacts/rust-tauri/R05/RR2/G-I1/isolated-source/rust/crates/lingxi-spike/src/bin/spike_health.rs
252907eba94763808ba76825f6b151d93ad239e30adce67ae0c948fac61f5fae  ??  artifacts/rust-tauri/R05/RR2/G-I1/isolated-source/rust/crates/lingxi-spike/src/bin/spike_mcp_handshake.rs
0c9e6767ba8d422914cfd0681f951c90197f64da49c4354c72b296184a215e27  ??  artifacts/rust-tauri/R05/RR2/G-I1/isolated-source/rust/crates/lingxi-spike/src/bin/spike_schema_validate.rs
e9f4300f5cb23937808137687f61c546750f971586812624a1874ef2ee7b6814  ??  artifacts/rust-tauri/R05/RR2/G-I1/isolated-source/rust/crates/lingxi-spike/src/bin/spike_sqlite_queue.rs
739f2fc2c95d4244843f3bbd32b0b19f2fc40b24d26b43cf51fe36ef383b5133  ??  artifacts/rust-tauri/R05/RR2/G-I1/isolated-source/rust/crates/lingxi-spike/src/bin/spike_tls_probe.rs
8c71c6cbadcfa9aa6f1d1c13dd228713b03e20c1ab52324c86a5f66e282d7c7c  ??  artifacts/rust-tauri/R05/RR2/G-I1/isolated-source/rust/crates/lingxi-spike/src/lib.rs
06e475d6f058f4dc1ba74385c0b67a7da887a7c7f5642cd7f4fdfa45afce51ad  ??  artifacts/rust-tauri/R05/RR2/G-I1/isolated-source/rust/crates/lingxi-spike/src/queue.rs
ae47842f9ad56f6a7ae2cadfd6ed54c4f4fab77ca86bf89947ea17723f4d7403  ??  artifacts/rust-tauri/R05/RR2/G-I1/isolated-source/rust/crates/lingxi-spike/src/schema.rs
51edb1d897d4fe653e39bc0d92dd3ac7ec2b87bc00a1b9c8433624c196edc776  ??  artifacts/rust-tauri/R05/RR2/G-I1/isolated-source/rust/crates/xtask/Cargo.toml
bcd0d2abb1a0d501ba9bd202b6d56880891ab7d069db9c74bd0e4180c04b1d9b  ??  artifacts/rust-tauri/R05/RR2/G-I1/isolated-source/rust/crates/xtask/src/candidate.rs
43d2de85491f1e13d053921f0e328f0239dd614ef19b508cc89930bca8e2bdee  ??  artifacts/rust-tauri/R05/RR2/G-I1/isolated-source/rust/crates/xtask/src/candidate/tests.rs
89060fae472238202a9d95572be2d10a9bda141b86a9307dc311d8ab449f2876  ??  artifacts/rust-tauri/R05/RR2/G-I1/isolated-source/rust/crates/xtask/src/evidence_results.rs
d0e01c3bf8fb3e172f883898714859a693bafe92274851c5a699e5ebccf839cc  ??  artifacts/rust-tauri/R05/RR2/G-I1/isolated-source/rust/crates/xtask/src/main.rs
19bd6a6424211044b2e4e20fbe3cd8bbb185616e75be12f4ea9591873f96af84  ??  artifacts/rust-tauri/R05/RR2/G-I1/isolated-source/rust/crates/xtask/src/runner_identity.rs
06abb9b7cecbbcf2fe6ac82194b00ea4b7f7eb6777dc250abc4278ecee4a659a  ??  artifacts/rust-tauri/R05/RR2/G-I1/isolated-source/rust/crates/xtask/src/stage_map.rs
c2781009285dd989a5ee9cd092a95b2f6d0de615f84a46edbf7de628915bd1c2  ??  artifacts/rust-tauri/R05/RR2/G-I1/isolated-source/rust/crates/xtask/src/stage_maps/R02.json
6dd02d8897e5f915444cc0fc6a2178ab0fc080e45346ce5ae4039f81bbe105ea  ??  artifacts/rust-tauri/R05/RR2/G-I1/isolated-source/rust/crates/xtask/src/stage_maps/R03.json
35888cd868f067f8f87c15a9410217b30040db29866e7e439194cf5e716cae86  ??  artifacts/rust-tauri/R05/RR2/G-I1/isolated-source/rust/crates/xtask/src/stage_maps/R04.json
7ff6fb7ec777549ba3f81239493ca01d7376e6428344d6360719c22c6a753a06  ??  artifacts/rust-tauri/R05/RR2/G-I1/isolated-source/rust/crates/xtask/src/stage_maps/R05.json
2db0170a347a3694194e0f8f80d2c0bfc08236d63de4c1059fcf927a676ac9f4  ??  artifacts/rust-tauri/R05/RR2/G-I1/isolated-source/rust/crates/xtask/src/verify.rs
e101ec5ef849786d8c6afe6bb16e7bb1282875555bf63e0566bca0867776ad95  ??  artifacts/rust-tauri/R05/RR2/G-I1/isolated-source/rust/crates/xtask/src/verify/runner_tests.rs
79d541093ac241fe93d4d1b748ac7d3d66c04a27a2a931bc840bec6fe7b4b927  ??  artifacts/rust-tauri/R05/RR2/G-I1/isolated-source/scripts/artifact-keygen.mjs
1cb62b427308e455d9d235f574416b4c0f56a506f2c9de6c826c3de0dfe3c4fa  ??  artifacts/rust-tauri/R05/RR2/G-I1/isolated-source/scripts/artifact-sign.mjs
f23987691f9a6f1cd17eacf0989f9615bedc931bcc44b93553781750774a5e26  ??  artifacts/rust-tauri/R05/RR2/G-I1/isolated-source/scripts/assert-runner-platform.mjs
45092a8cd329f3acba92458ac90230fcedc113c53274f97084a57fef213ed9e0  ??  artifacts/rust-tauri/R05/RR2/G-I1/isolated-source/scripts/benchmark-history-protocol.mjs
bd4a4f1422877cacefa44d65d52696d43f51b5e748a41b9feeaa1922328ea406  ??  artifacts/rust-tauri/R05/RR2/G-I1/isolated-source/scripts/benchmark-history-read-directory.mjs
c7d6683fbbb5c7e65511a7b4b96a81d06aa6aebd78cd831808b026a4cdc62c5c  ??  artifacts/rust-tauri/R05/RR2/G-I1/isolated-source/scripts/benchmark-knowledge-vector.mjs
60e164cbc94951938ccd8b8aa871a3c51f23163c025fee4682134dce27c65c0b  ??  artifacts/rust-tauri/R05/RR2/G-I1/isolated-source/scripts/benchmark-terminal-ui.mjs
50ec01884a8dda410707b85137802bc83e2eac4b667e1cd80c3acd9e5291433e  ??  artifacts/rust-tauri/R05/RR2/G-I1/isolated-source/scripts/build-computer-use-helper.mjs
9ab45a59496398811b5758f8d30ab89ba877406b32007be2624051b9621caa85  ??  artifacts/rust-tauri/R05/RR2/G-I1/isolated-source/scripts/build-rust-desktop-service.mjs
995211fb013e277e4f9cead360b987b9d156ff414b32d703619c833a8c1c8580  ??  artifacts/rust-tauri/R05/RR2/G-I1/isolated-source/scripts/build-server-artifact.mjs
300b52ec961e255cb58e6b80a2ee45d06e7a005826b9e94eb76bde183be85f6f  ??  artifacts/rust-tauri/R05/RR2/G-I1/isolated-source/scripts/build-server-deps.mjs
c640f1b84f4b73ecec76dfce30b4902c5f6706114c60c69759f9768a839c4cc8  ??  artifacts/rust-tauri/R05/RR2/G-I1/isolated-source/scripts/build-server-open.mjs
98d1440cf4a036215c771e51443a2c67354450b047431c3eee8c8c380e27d57b  ??  artifacts/rust-tauri/R05/RR2/G-I1/isolated-source/scripts/build-server-phases.mjs
3f60142092298e41338079674b3863d35139598ff0badd939d658bbe0be208f6  ??  artifacts/rust-tauri/R05/RR2/G-I1/isolated-source/scripts/build-server-plugin-runtime-deps.mjs
e555392490034996368f837260d5dc022358d5494cfa65a288652cdd99581f14  ??  artifacts/rust-tauri/R05/RR2/G-I1/isolated-source/scripts/build-server-prune.mjs
83f10bbd00c3d4cc8bc09047bbfb98c210a3c08e3d7e16b48bf9a59f667003a0  ??  artifacts/rust-tauri/R05/RR2/G-I1/isolated-source/scripts/build-server-runtime-assets.mjs
58917383e0558bc096793f7696334b9b0d7364c8426f9f67d2248397738c9464  ??  artifacts/rust-tauri/R05/RR2/G-I1/isolated-source/scripts/build-server.mjs
ad40dc89a04fff8882a6e1f2215bc3251d1ee809070f579e710a96e47725cd03  ??  artifacts/rust-tauri/R05/RR2/G-I1/isolated-source/scripts/build-shell.mjs
1526cc07ba90de17c8d927cd29988529156095a7069d857ae887744dde2bccaf  ??  artifacts/rust-tauri/R05/RR2/G-I1/isolated-source/scripts/build-speech-helper.mjs
6b0afcba0c7c0c653478a7e8239fd315b4403bec3bed189d742a968b4ff262ef  ??  artifacts/rust-tauri/R05/RR2/G-I1/isolated-source/scripts/build-speech-permissions.mjs
29229fc494f6bc042c9e9a42f9c27746951789fb771d45d707d1e141f9be14ce  ??  artifacts/rust-tauri/R05/RR2/G-I1/isolated-source/scripts/build-standalone-server-artifact.mjs
0b5979b6d04dcf120267bd45d1c4ff5450fc343a3c6b7f95ce55cb636d8c7415  ??  artifacts/rust-tauri/R05/RR2/G-I1/isolated-source/scripts/build-windows-sandbox-helper.mjs
4acfa7326403db044c67484dafb9eeed96afdfde473e53be9b7f689e75516bb5  ??  artifacts/rust-tauri/R05/RR2/G-I1/isolated-source/scripts/check-core-contracts-strict.mjs
6c595dd5fb98ac88dc709389ea41a3702012295eabf96172f6c4daf39573e994  ??  artifacts/rust-tauri/R05/RR2/G-I1/isolated-source/scripts/check-dependency-boundaries.mjs
7447d3138d338dc893bdc4ff98678208e937088dfcf84a92653506618cc85872  ??  artifacts/rust-tauri/R05/RR2/G-I1/isolated-source/scripts/check-persistence-schema-fingerprint.mjs
f9d6cd951e0f315faab64235567e3d3342e3aee7ba5b168703aad7b23f458ca7  ??  artifacts/rust-tauri/R05/RR2/G-I1/isolated-source/scripts/check-tool-invocation-boundaries.mjs
77c94413fb5fc14d6b11747cc80aad050ae785f496a70ddf81adb6bb6c2923b1  ??  artifacts/rust-tauri/R05/RR2/G-I1/isolated-source/scripts/collect-history-read-directory-reference.mjs
4caaa72f6f9768d886662e29f5827ea8808e4f54bfb02ec45584eae3dea7e685  ??  artifacts/rust-tauri/R05/RR2/G-I1/isolated-source/scripts/compute-cli-closure.mjs
feb29ecfe595a2ac0317eec60a53af5441470374d020f3ee83b4a50841f9b01d  ??  artifacts/rust-tauri/R05/RR2/G-I1/isolated-source/scripts/dev-env.js
b23706c57260895f62c52e6904b8b09eb812ea2472986629c9cbb7a7f187ffe8  ??  artifacts/rust-tauri/R05/RR2/G-I1/isolated-source/scripts/dev-web-runtime.js
8d6f42b32b61456d8d75912ed98ae3cffdb1b133fe87b0573883bcb454f118ef  ??  artifacts/rust-tauri/R05/RR2/G-I1/isolated-source/scripts/dev-web.js
0075db4db73cf27e1f1bcbbb40652f15d229e495d0372b09257dc37d1dba27d0  ??  artifacts/rust-tauri/R05/RR2/G-I1/isolated-source/scripts/diagnose-win32-powershell.mjs
6ebabca8d9e153a51572a03190a1ede723310036951033d04e763cbd76cf0f84  ??  artifacts/rust-tauri/R05/RR2/G-I1/isolated-source/scripts/diff-history-read-directory-phase-b.mjs
737d2e1190dc3190993e4a8418759c51a6cf797c0ad12c507dfa0b0ef509262d  ??  artifacts/rust-tauri/R05/RR2/G-I1/isolated-source/scripts/download-mingit.js
d2f713b407869518b6c9d5a498bc6eaea07438fd9d5d341dc550404831ada6ff  ??  artifacts/rust-tauri/R05/RR2/G-I1/isolated-source/scripts/ensure-windows-sandbox-helper.mjs
56cdbaa55192de789f9c6d293be694bb111ec442045a39c83857a008f65b842e  ??  artifacts/rust-tauri/R05/RR2/G-I1/isolated-source/scripts/export-open-tree.mjs
24bb592b95bf7fabcae3dcc9d0a03e63d325950e168150e943cd639f267f8279  ??  artifacts/rust-tauri/R05/RR2/G-I1/isolated-source/scripts/fetch-bundled-binaries.cjs
76f1139cdf52303cdee84f56b90868269c29cf14dae15fb18a5f8903abaa9a08  ??  artifacts/rust-tauri/R05/RR2/G-I1/isolated-source/scripts/fix-modules.cjs
683286e571c60066e45768841b6b3df256ec7cf8fef9ffbd28a09e574420e0fa  ??  artifacts/rust-tauri/R05/RR2/G-I1/isolated-source/scripts/gen-provider-icons.mjs
f00c690b81b8a721932484c7ce2e009ad31cf3fdc9ad09924153328bbbe414ea  ??  artifacts/rust-tauri/R05/RR2/G-I1/isolated-source/scripts/generate-persistence-schema-fingerprint.mjs
cab1423d6c69f9c562104861840eb91c5c1babe9cc8dabaf71dfb12cf6407a11  ??  artifacts/rust-tauri/R05/RR2/G-I1/isolated-source/scripts/generate-release-digest.mjs
a0bd68c36f779630c69cca0e71514dbeac17870097390dcd9ab0172002113962  ??  artifacts/rust-tauri/R05/RR2/G-I1/isolated-source/scripts/generate-screenshot-previews.cjs
90f364432f751423b4f444b71d9f802e1b0b6a1bbfc9c416e191a14c7c6482bc  ??  artifacts/rust-tauri/R05/RR2/G-I1/isolated-source/scripts/generate-tray-icons.cjs
487e727a3d6a10d99f4c3b460368b77b8720a0141fe8cc9ef95c238bb93d3d6d  ??  artifacts/rust-tauri/R05/RR2/G-I1/isolated-source/scripts/generate-windows-icon.cjs
6555bac8155ab8070587f001d851f5fef18a56335f084bfbe3a0ac49e72aa091  ??  artifacts/rust-tauri/R05/RR2/G-I1/isolated-source/scripts/i18n-backfill-ja.json
6eff2f826c846b6427bf850389559d9c94c0ece5ccf29aeaec3fb5980d6c9169  ??  artifacts/rust-tauri/R05/RR2/G-I1/isolated-source/scripts/i18n-backfill-ko.json
2138686d8740c8ef6a3d7c91069e1bbd55c0231339eb621fbf5cc7f2a69cea88  ??  artifacts/rust-tauri/R05/RR2/G-I1/isolated-source/scripts/i18n-backfill-zh.json
34762c7f688f45de36540fcca9e6d45237865ed7a08e7453fdd0d9a996bed35d  ??  artifacts/rust-tauri/R05/RR2/G-I1/isolated-source/scripts/launch.js
f7d319af3554d71dc2c3e5ad0070c61a23a2b09d320355e0c317376ff5e05610  ??  artifacts/rust-tauri/R05/RR2/G-I1/isolated-source/scripts/lib/e06-experiments.mjs
ba635716591a1ceda98ea305013dccdaac5acdac08902ae90fd6cf683e832d74  ??  artifacts/rust-tauri/R05/RR2/G-I1/isolated-source/scripts/lib/history-read-counters.mjs
10f993b9ca7bd86d2a20e9f01d556eb30d2371f18b327cd4b9d2631cd2fa937b  ??  artifacts/rust-tauri/R05/RR2/G-I1/isolated-source/scripts/lib/history-read-fixture.mjs
6f5397076452619e8dc533b4e25f4339a2a1be373ca456d9293879e68e6ce24d  ??  artifacts/rust-tauri/R05/RR2/G-I1/isolated-source/scripts/lib/history-read-instrumentation.mjs
18aa4a29a3085eff0fbd42dcc12f3b794b5065d67c82080001352d5e901f92e3  ??  artifacts/rust-tauri/R05/RR2/G-I1/isolated-source/scripts/lib/instr-fs.mjs
8d997fa5f649c0335f1dfcb2aaa9c523a7b1ca7081aee2bcdee3e97293e3292b  ??  artifacts/rust-tauri/R05/RR2/G-I1/isolated-source/scripts/lib/instr-message-utils.mjs
ab0dbae38775be4b314cfe4aa2e011f4f51a72c9fe217d3ca11a60c5200ec03b  ??  artifacts/rust-tauri/R05/RR2/G-I1/isolated-source/scripts/lib/instr-todo-compat.mjs
7d749b2f95ccc5e7a1b4ff66b2a1a4c11c098d14538bd61e5798d7569731fd69  ??  artifacts/rust-tauri/R05/RR2/G-I1/isolated-source/scripts/lib/instr-tool-outcome.mjs
1c137042794124380e5851b82c2f43ae080ac65dbb0e8eb9f4e0f1e7aecce9fe  ??  artifacts/rust-tauri/R05/RR2/G-I1/isolated-source/scripts/lint-open-boundary.mjs
b77d7b3c81889b6d97a1d1774b8d759ce7cc4ce3eb97131936387b31d837fdc2  ??  artifacts/rust-tauri/R05/RR2/G-I1/isolated-source/scripts/merge-audit.mjs
0593a580fa5c939b357fadf72b4e61c86390caf18dd656b4de7b981b784df669  ??  artifacts/rust-tauri/R05/RR2/G-I1/isolated-source/scripts/merge-latest-mac-yml.cjs
19418080e13e4234ed60b048f80fc908c5b825c2ed1bc33965af2ca6a71d61b3  ??  artifacts/rust-tauri/R05/RR2/G-I1/isolated-source/scripts/mingit-runtime.js
b3b3f98334a07cfb2f8c004ae74cdb5b2e258c4becba9068cbc238a14efa8543  ??  artifacts/rust-tauri/R05/RR2/G-I1/isolated-source/scripts/mirror-release-to-atomgit.mjs
4f08ead1342a699d20c58c109899c2945a8c8c9374a6d921283ac5865d867211  ??  artifacts/rust-tauri/R05/RR2/G-I1/isolated-source/scripts/notarize.cjs
421ac4e3072f4668f23d5b3b945208cfa55d4b3d9186d07f9175e99c4897ddb3  ??  artifacts/rust-tauri/R05/RR2/G-I1/isolated-source/scripts/pack-renderer-box.mjs
ab13251b4a71f88b027d96838d22bc06fd7a814372ea427864ff70a52491dc32  ??  artifacts/rust-tauri/R05/RR2/G-I1/isolated-source/scripts/patch-pi-sdk.cjs
49f70ea8b572f6ad0203540d0e6c4af162e3164222c2118d0f35268df0ae5c4f  ??  artifacts/rust-tauri/R05/RR2/G-I1/isolated-source/scripts/pinned-tenets-recovery.mjs
399c258cd6c76a67b6dcc21794b9f35f7d29151bfb4fbe063b86083938b3ea93  ??  artifacts/rust-tauri/R05/RR2/G-I1/isolated-source/scripts/prepare-usearch-native.mjs
35f4ab53da91d74a9994dcb7168483539cd8b647dbb17630d894455fdc4e940e  ??  artifacts/rust-tauri/R05/RR2/G-I1/isolated-source/scripts/provider-icons/fireworks.svg
fef1106ad8f6b0a4f33bb64fa78a4d128a40448f80e55511e7ba810fcce4536d  ??  artifacts/rust-tauri/R05/RR2/G-I1/isolated-source/scripts/publish-train.mjs
abd39ef5a258452c239b2f6637d903f6d220f4f61bcff11863bc829171ec015f  ??  artifacts/rust-tauri/R05/RR2/G-I1/isolated-source/scripts/rehearse-open-export.mjs
3f2bf0d078a54af07424cc85263aae13a952c67704903312953534323e2b8fac  ??  artifacts/rust-tauri/R05/RR2/G-I1/isolated-source/scripts/release-digest-schema.mjs
25ae3ae6af4a625a4165f58166a1c5b448ae556fec29a8450cfac6bce092f5d2  ??  artifacts/rust-tauri/R05/RR2/G-I1/isolated-source/scripts/release-metadata.mjs
572e5a065f0f45103a356e779f0654cf2bb36ee186133b48c5d79f29cf0dee34  ??  artifacts/rust-tauri/R05/RR2/G-I1/isolated-source/scripts/release-preflight.mjs
4b62fdd38f7f04bdcc6c3879fe1715ed719679f0ad9858250adbdd0f17a044e3  ??  artifacts/rust-tauri/R05/RR2/G-I1/isolated-source/scripts/resign-adhoc.cjs
283ff9fc7aee25ae6ad2a04986d64cd0b1178823ac974f311cc98c02a9f1fde1  ??  artifacts/rust-tauri/R05/RR2/G-I1/isolated-source/scripts/rust-tauri/r00-t05-replay.mjs
063f79b96d5a4200b4c6197d3063af99db55202c18712acb459fc0642ad4c3d3  ??  artifacts/rust-tauri/R05/RR2/G-I1/isolated-source/scripts/rust-tauri/r00-t06-bench-desktop.mjs
fc33c1f6a6b45e681362c741c9617650977dd06b034eb01384ed237c8b656ea9  ??  artifacts/rust-tauri/R05/RR2/G-I1/isolated-source/scripts/rust-tauri/r00-t06-bench-office-pdf.mjs
025fad801dc080e7cd63cc254ff69e890ead843fce4eb8ca659938705aa92156  ??  artifacts/rust-tauri/R05/RR2/G-I1/isolated-source/scripts/rust-tauri/r00-t06-bench-pty.mjs
ae4ebc5280bfffb17217bdf7284b90bd4ff53e96acb2fb0c67429c3a5f5b473c  ??  artifacts/rust-tauri/R05/RR2/G-I1/isolated-source/scripts/rust-tauri/r00-t06-bench-server.mjs
01bb6f9d886ac25558db38a3ed137070d98df07cbd057c96983759bce1354cb8  ??  artifacts/rust-tauri/R05/RR2/G-I1/isolated-source/scripts/rust-tauri/r00-t06-build-release.mjs
96d1824a02374519db1b2b44fe1cbe64917dfb32922eaf1982cab63e7caf46d0  ??  artifacts/rust-tauri/R05/RR2/G-I1/isolated-source/scripts/rust-tauri/r00-t06-fixture.mjs
4c6e0a639b026f916b655a4e9816b18818d8aab1a3f6828a2bceb7caf337b7b9  ??  artifacts/rust-tauri/R05/RR2/G-I1/isolated-source/scripts/rust-tauri/r00-t06-lib.mjs
e0c4473864d482e0b14dd85c768e9fd28f36572adec26c4164a2a3c20be72914  ??  artifacts/rust-tauri/R05/RR2/G-I1/isolated-source/scripts/rust-tauri/r00-t06-probe-fixed-prefix.mjs
611b6e577ffdd6ecdbe5bbac5d395ace5ceb548dea593d423df8a20c3b65f4cc  ??  artifacts/rust-tauri/R05/RR2/G-I1/isolated-source/scripts/rust-tauri/r00-t06-repair-build-summary.mjs
ad14bed90501d1f25e284eee7993d64da26a93f535dfa2a4b9bba8f4f78f7012  ??  artifacts/rust-tauri/R05/RR2/G-I1/isolated-source/scripts/rust-tauri/r00-t06-smoke.mjs
19e5bb0c08312709b45c4ca026346475794adedc65b4f3cf3747b78a7d090f9b  ??  artifacts/rust-tauri/R05/RR2/G-I1/isolated-source/scripts/rust-tauri/r00-t06-stub-provider.mjs
eac0c344293757b29291984de03afd3a0d0dfbbdc2939076a1e1d6ace262bb83  ??  artifacts/rust-tauri/R05/RR2/G-I1/isolated-source/scripts/rust-tauri/r00-t06-summarize.mjs
7da60da2a23c42c83c4e2d32447cab6eec6d002a26dcf0409e9296fe442eef61  ??  artifacts/rust-tauri/R05/RR2/G-I1/isolated-source/scripts/rust-tauri/r01-t02-check-generated.sh
f54dc6c8cbbf5d888df68b2c7c8ba731fe75f514bde51607dd932f00335ebdf1  ??  artifacts/rust-tauri/R05/RR2/G-I1/isolated-source/scripts/rust-tauri/r01-t02-extract-api-surface.mjs
f743809507544a103b891954b2185f3f603118dcc23c245d2a63c85dcc8d9043  ??  artifacts/rust-tauri/R05/RR2/G-I1/isolated-source/scripts/rust-tauri/r01-t02-handshake.sh
7a09250be2b4bdce136d5ef32fa321b08d11bfa79f722ae1ff38c2c879c94512  ??  artifacts/rust-tauri/R05/RR2/G-I1/isolated-source/scripts/rust-tauri/r01-t02-roundtrip.sh
dc07ccf8903ff8184f8eb2476c8a230ce84c48405342c1f6a896fb261c2c699d  ??  artifacts/rust-tauri/R05/RR2/G-I1/isolated-source/scripts/rust-tauri/r01-t04-replay.sh
2e5d8752cde311bf5dbed4cd53f399958f815987df15fd7f898f604db64a7364  ??  artifacts/rust-tauri/R05/RR2/G-I1/isolated-source/scripts/rust-tauri/r01-t05-replay.sh
d349246f684582a66dd33878e832e61441394e2ab8f6762aa317a4be2f83b6e3  ??  artifacts/rust-tauri/R05/RR2/G-I1/isolated-source/scripts/rust-tauri/r02_cli_rust_matrix.py
6094edcf1597b62c14e727ade9b3d3db25182db7add3ca3e38c2f45b9aff0057  ??  artifacts/rust-tauri/R05/RR2/G-I1/isolated-source/scripts/rust-tauri/r02_cli_sessions_leaf_matrix.py
65a042c70c390a7c7495b3ac9e627b645037f2391577417bed870fdcadb1119f  ??  artifacts/rust-tauri/R05/RR2/G-I1/isolated-source/scripts/rust-tauri/r02_cli_sessions_limit.mjs
028c84350bd7bb3b549a14c04436a5e1c213870a5bd5305b719a451189e2af70  ??  artifacts/rust-tauri/R05/RR2/G-I1/isolated-source/scripts/rust-tauri/r02_client_leaf_matrix.py
3339c07e52f1ba42622c6a6b3e2b81fd926b8ec082f85c09a27e66a7df5a6a5e  ??  artifacts/rust-tauri/R05/RR2/G-I1/isolated-source/scripts/rust-tauri/r02_management_leaf_matrix.py
6526fb08c8cfaf67f498a067b7d3213c1d88425ffd167604a3cf26b42353ea81  ??  artifacts/rust-tauri/R05/RR2/G-I1/isolated-source/scripts/rust-tauri/r02_owned_process_group.py
32156539152f5319066de8472924142716ab8b207394ee90803b0092b0e2e51c  ??  artifacts/rust-tauri/R05/RR2/G-I1/isolated-source/scripts/rust-tauri/r02_static_web_leaf_matrix.py
699f04b9de9247cab4e30bfa43adc25d3d8ed1b48cf0908f38c04c7158570ee6  ??  artifacts/rust-tauri/R05/RR2/G-I1/isolated-source/scripts/rust-tauri/r02_t01_boundary_negative.sh
14516af32a59d2f590018be232c601817dfeadb3e4355fa860fd90b1cc34bd79  ??  artifacts/rust-tauri/R05/RR2/G-I1/isolated-source/scripts/rust-tauri/r02_t01_service_smoke.sh
ed7e7a1c194de2c21ebfc91020c0941f7e847ff881fef339dbceee380e235866  ??  artifacts/rust-tauri/R05/RR2/G-I1/isolated-source/scripts/rust-tauri/r02_t02_dual_instance.sh
cc39d3c3e888b6a8b4e6ce71dd575405c6ea0511fe0d30afa291b132b1b77e94  ??  artifacts/rust-tauri/R05/RR2/G-I1/isolated-source/scripts/rust-tauri/r02_t02_f01_env_token_negative.sh
5a748b6627088bfdfe30386225a7cee78099bdb0337738706087032a3d27b3ce  ??  artifacts/rust-tauri/R05/RR2/G-I1/isolated-source/scripts/rust-tauri/r02_t02_path_priority.sh
d81403859df83d6a1193858614c0d4ef8eafd56f79a6986a39918ddb98852bd9  ??  artifacts/rust-tauri/R05/RR2/G-I1/isolated-source/scripts/rust-tauri/r02_t03_auth_matrix.sh
48631721be81c668196a9336cbbc86ea58f577f8109de6b35461ff292640fec2  ??  artifacts/rust-tauri/R05/RR2/G-I1/isolated-source/scripts/rust-tauri/r02_t03_ws_probe.py
09937756a5413dddcea15268b764915351e7974ef6938776fd0519b706405ed6  ??  artifacts/rust-tauri/R05/RR2/G-I1/isolated-source/scripts/rust-tauri/r02_t04_live_fault_evidence.py
e63f04b6d05f4d6b913f560667add3d3b34f92a5d7ebe20b47d5703866b91c07  ??  artifacts/rust-tauri/R05/RR2/G-I1/isolated-source/scripts/rust-tauri/r02_t04_storage_registry.py
431d6d74941fa33053d895e3866b5b2bea72f42c63b166a81a66a0342534e848  ??  artifacts/rust-tauri/R05/RR2/G-I1/isolated-source/scripts/rust-tauri/r02_t04_storage_tx.sh
36c26b3cff2388e57adf6a37b043e58c8d7afa98de950e0e2f3e1079510eb2e4  ??  artifacts/rust-tauri/R05/RR2/G-I1/isolated-source/scripts/rust-tauri/r02_t04_storage_upgrade_probe.py
e3a7a5ae64ffd92e083fdfada750623e6e96322d4f8666b9ca0186548444ea9a  ??  artifacts/rust-tauri/R05/RR2/G-I1/isolated-source/scripts/rust-tauri/r02_t05_events_matrix.sh
957a0b56a72bcfb35c0dd3ffeb5267acddea50befb324340ba0224dc147abb40  ??  artifacts/rust-tauri/R05/RR2/G-I1/isolated-source/scripts/rust-tauri/r02_t05_events_probe.py
fe78602a7cc47095944f6df88b9f5f79149daa558af5430e3401d29576c1231b  ??  artifacts/rust-tauri/R05/RR2/G-I1/isolated-source/scripts/rust-tauri/r02_t06_backup_restore.sh
c6fd0b8ce49bc47859b5767856bc863609f76e2285d62174ec6f32604e012ba7  ??  artifacts/rust-tauri/R05/RR2/G-I1/isolated-source/scripts/rust-tauri/r02_t06_recovery_drill.sh
59876a68d3b3c1a68a889bb4e4739e2710918f23861b822f5bad3eb34d9fb792  ??  artifacts/rust-tauri/R05/RR2/G-I1/isolated-source/scripts/rust-tauri/r02_t07_redaction_scan.sh
0cd47b5529d1fc4f4f46dd53d9ed9a0599eacd410ccf35b4d4139e6ce7d6e652  ??  artifacts/rust-tauri/R05/RR2/G-I1/isolated-source/scripts/rust-tauri/r02_t07_slow_subscriber.sh
b205d8fc0de09d3cf3c8c301ad7d5dd354d06cefb4995d01b8af466dc2b3545e  ??  artifacts/rust-tauri/R05/RR2/G-I1/isolated-source/scripts/rust-tauri/r02_t08_full_chain_probe.py
f3b15a5910cb94225ea83587fd900c1d16187cdff04054ca6b5721cf52749ad2  ??  artifacts/rust-tauri/R05/RR2/G-I1/isolated-source/scripts/rust-tauri/r02_t08_full_chain_smoke.sh
cfc5482db1c3694eff33a31a7e33170b4b7d517638d1666055cf22b979b85fa3  ??  artifacts/rust-tauri/R05/RR2/G-I1/isolated-source/scripts/rust-tauri/r02_t08_legacy_entry_regression.sh
1ef48fd93e2bb3677cfa3a3b3ee3024349f520146657fa84a6a945b5e8ed2764  ??  artifacts/rust-tauri/R05/RR2/G-I1/isolated-source/scripts/rust-tauri/r03_g07_gate_negative_tests.sh
343b007827af26422ab80966fb5928990ede61470dadf4f39cf1f6f194718eda  ??  artifacts/rust-tauri/R05/RR2/G-I1/isolated-source/scripts/rust-tauri/r03_g07_repair_suites.sh
6126ba3605069ec0c85ea28531fe7c152a958e36e765f11d24d9e0039c2246db  ??  artifacts/rust-tauri/R05/RR2/G-I1/isolated-source/scripts/rust-tauri/r03_t08_a16_seed_mechanism.sh
bbeba7fd39609f6dcc82f6c5d5fe827c2af00b50f2bf7401419b737b498b6937  ??  artifacts/rust-tauri/R05/RR2/G-I1/isolated-source/scripts/rust-tauri/r03_t08_generate_stage_map.py
4ec53937487e1000062c909c9a70c84282f1bcb3d7db7461cb23a933dd5b5825  ??  artifacts/rust-tauri/R05/RR2/G-I1/isolated-source/scripts/rust-tauri/r03_t08_matrix.sh
5c59920b05ac38f51a625f7ddad541858948f198c4ea379d81c96118e9ee06e4  ??  artifacts/rust-tauri/R05/RR2/G-I1/isolated-source/scripts/rust-tauri/r04_rr1_g05_negative_tests.sh
264b19b6dd1582affa06407855c73e939e9fab378982e56a10cdd1b04aa8bc6f  ??  artifacts/rust-tauri/R05/RR2/G-I1/isolated-source/scripts/rust-tauri/r04_rr1_g05_repair_suites.sh
455788433aa7e05527e41a9cc9eebc51c569cdb0c508e159d617abe6959efb11  ??  artifacts/rust-tauri/R05/RR2/G-I1/isolated-source/scripts/rust-tauri/r04_t08_gate_negative_tests.sh
622600d00be67b03b1993611b621a2412325bfde44735df66307739ce6dcd745  ??  artifacts/rust-tauri/R05/RR2/G-I1/isolated-source/scripts/rust-tauri/r04_t08_generate_stage_map.py
cca8b19f38bd8b061b2f7c5a52ecf27ef30ef58b80c3caa54fbf3b56190ebd4a  ??  artifacts/rust-tauri/R05/RR2/G-I1/isolated-source/scripts/rust-tauri/r04_t08_matrix.sh
7ba50849918d1ecd2ce214198aefaddef42308cb35e314ad45dcb6a544e7a570  ??  artifacts/rust-tauri/R05/RR2/G-I1/isolated-source/scripts/rust-tauri/r05_t08_generate_leaves.py
636a1d5e30cab342cd2de9c9b90dae54bc5e6bdf36e4322b6220ce1a5121feb6  ??  artifacts/rust-tauri/R05/RR2/G-I1/isolated-source/scripts/rust-tauri/r05_t08_negative_gate.sh
a9c84d9e2994eb19783a72adc080c75d3508e94117740cb3e3bc6eb0ab73b2f0  ??  artifacts/rust-tauri/R05/RR2/G-I1/isolated-source/scripts/rust-tauri/r05_t08_rebuild_tables.py
083576f0876dc6ec1b55276d9413052681f71daf0c1195584bfdc99caf4a55af  ??  artifacts/rust-tauri/R05/RR2/G-I1/isolated-source/scripts/rust-tauri/r05_t08_stage_suites.sh
6ace1295110ac8e65d63be7ce08047a2ddc80d1e721f9d181655ce7961f103e0  ??  artifacts/rust-tauri/R05/RR2/G-I1/isolated-source/scripts/rust-tauri/run_output_root.py
d2d1d7dd689d6fcc7607d4ebb760c33d3b31aed0e88e17266d1d76dba0e0fba5  ??  artifacts/rust-tauri/R05/RR2/G-I1/isolated-source/scripts/rust-tauri/test_run_output_root.py
971dd4027266c094f0f04088430062988d90389f386442c4f2c959669f526471  ??  artifacts/rust-tauri/R05/RR2/G-I1/isolated-source/scripts/rust-tauri/with_run_output_root.sh
a9c2c15f60e4ca1a0a2e1409e5e9d888be9e9f0c177fa8df0e98517e12a277c1  ??  artifacts/rust-tauri/R05/RR2/G-I1/isolated-source/scripts/scan-persistent-stores.mjs
267a804ddff51c54d90b7b2bab5bbbf0bdf780cde298d40b75193158b6150e10  ??  artifacts/rust-tauri/R05/RR2/G-I1/isolated-source/scripts/session-manifest-rollback.mjs
b291267dfecc6b4a9dbf3e3d0e6b94b1ff05ffde74bc02a78cad174c82f1f455  ??  artifacts/rust-tauri/R05/RR2/G-I1/isolated-source/scripts/session-path-identity-audit.mjs
9ef6b336df939a7d795b4eefc019ecf619aeabb37c3347dfc0ca2b0a7f7e0686  ??  artifacts/rust-tauri/R05/RR2/G-I1/isolated-source/scripts/sign-local.cjs
ff71dcb57d5741c587ff5d4248d5db77b381e0e37a9ac857201cebb2eece1f74  ??  artifacts/rust-tauri/R05/RR2/G-I1/isolated-source/scripts/smoke-history-protocol.mjs
92fc5a8cd768405bce65591b5eebabade05629c5be3589e5f4d29ba5a4234cad  ??  artifacts/rust-tauri/R05/RR2/G-I1/isolated-source/scripts/smoke-mingit.mjs
839e66876b4571fb4a62e5a143d860793f119c34b24740a86e566e3117cd99ea  ??  artifacts/rust-tauri/R05/RR2/G-I1/isolated-source/scripts/smoke-open-server.mjs
3157ff71140d7abb8c93d406db15820d2fadde7e0239508bae577f5996ef95b5  ??  artifacts/rust-tauri/R05/RR2/G-I1/isolated-source/scripts/smoke-packaged-desktop.mjs
cb13365f3aee66283353428db82fbda0a3dceb2b15283c7c35c7ee5eb790dac0  ??  artifacts/rust-tauri/R05/RR2/G-I1/isolated-source/scripts/smoke-packaged-knowledge.mjs
648a67fa809475c5c9154303e2ab27978331ae0d4ad57cd35ff5b1027ccf914b  ??  artifacts/rust-tauri/R05/RR2/G-I1/isolated-source/scripts/smoke-skill-ws.mjs
b6072fc55624635100fb372e970ff263151e92eb5fdeaddbf10e18e8673350a0  ??  artifacts/rust-tauri/R05/RR2/G-I1/isolated-source/scripts/smoke-windows-sandbox-helper.mjs
8f71e80a927596176a713098e3ed6bcdb2e1a78a3d983d9d440d81f673c68e00  ??  artifacts/rust-tauri/R05/RR2/G-I1/isolated-source/scripts/splash-assets.mjs
864f8af9283f76f7b1f84bc3c228c29bec80c64a544e54ed2494e3bba5da9a58  ??  artifacts/rust-tauri/R05/RR2/G-I1/isolated-source/scripts/style-discipline.mjs
ff6942411d6b7b8de2513002d66be728268ed00e152683d5de13f93dffad86d4  ??  artifacts/rust-tauri/R05/RR2/G-I1/isolated-source/scripts/sync-known-models-from-pi.mjs
2f2eaf38c386576a27cae4aac5f5d86039fcb2bf948b30d3b63b6db0583ad3ae  ??  artifacts/rust-tauri/R05/RR2/G-I1/isolated-source/scripts/sync-locale-parity.mjs
f72095051d3b1208472c0f7d40205686b1fdc06be82c5b8ebd5f4003a13e91a9  ??  artifacts/rust-tauri/R05/RR2/G-I1/isolated-source/scripts/test-inventory.mjs
fe15879a734d1afdd09861dd10554e064c6ffd22a0fca2bce6899bc307deae89  ??  artifacts/rust-tauri/R05/RR2/G-I1/isolated-source/scripts/validate-release-digest.mjs
78de0b1971db57772ecd7e20f708557aaf4a4dec266d034115ee309df226f897  ??  artifacts/rust-tauri/R05/RR2/G-I1/isolated-source/scripts/verify-seed-kit.mjs
c5aae42899b27cab54c2f7808d868b174982379bcc3eb38013efce49dad425ed  ??  artifacts/rust-tauri/R05/RR2/G-I1/isolated-source/scripts/verify-standalone-server-artifact.mjs
-  ??  artifacts/rust-tauri/R05/RR2/G-I2/synthetic-archive-fixture/
9785871fb67a4d5fdc0b469911dabecd4c7c0fb7dfab1ffae957ee9dee72ce2e   M  docs/rust-tauri/R02/R02-T04_STORAGE_REGISTRY.json
ffffbe56313a1d5e50e7b216499cd851b1efc988da811a57d4fe0b07cc0be556   M  docs/rust-tauri/R05/r05_stage_cids.tsv
fdacb2c2401ccd0a276abc7ab945cad57ec307f08e24516bac9227e76031e6e5   M  docs/rust-tauri/R05/r05_stage_pins.tsv
1ee083e21a23a69109cb96810377dba2a9615f7df00a89232dc276631808ff98  ??  docs/rust-tauri/R05/repair-current/RR2_BRIEF.md
51a2ce2c5437217b87830f7a433a574cf3ff482e2fdbb7d9da19f0db63babf60  ??  docs/rust-tauri/R05/repair-current/RR2_HANDOFF.md
2ea37ea8571f7107683bb7ceaa178fd7ed315365ad3b64b640adcda62e908037  ??  docs/rust-tauri/R05/repair-current/RR2_ISSUE_MATRIX.json
35802f225728954cccedd12ef0453090948afd18db9cb0f8f31cc9d896e92545  ??  docs/rust-tauri/R05/repair-current/RR2_MASTER_PROMPT_2026-10-06.md
5fb8aa56dda91a1aa379cb289bac4f53410fb5c29356e8e234b7bee036a06a05  ??  docs/rust-tauri/R05/repair-current/RR2_PROGRESS.md
a8bbed5cb25b90c4f43952c78d6a51e153e01cecd5b9684cab01469b8f786619   M  rust/crates/lingxi-adapters/tests/r05_t04_rr1_batch_terminal.rs
c9402d83a16f3b0c4f6f193968b099fe29c6121968b337d6109dfeeb14c8c27d   M  rust/crates/lingxi-service/src/management.rs
ad2b9d816bc34acc937a11d8e7ea259ab91c0a7c6ad51c5b54eb363266b76d7a   M  rust/crates/lingxi-service/tests/r04_t05_process_tools.rs
8a7f7f23e30aa22b23a51138d4ac2817e9dca78fa63889d4fa82dd82a0e35541   M  rust/crates/lingxi-service/tests/r05_t02_credentials.rs
0fbba15b2340a1657c15b85561171ce135339bd74992fb402eb81522234aa472   M  rust/crates/lingxi-service/tests/r05_t08_production_tools.rs
025b7160613ab9ada766492caa42c236b40f9707efcdcb641faebdcd587551ce   M  rust/crates/xtask/src/stage_map.rs
43642ef04976f416df93f76921337bb812f278ea6dc3d330167ff21806acf31b  ??  scripts/rust-tauri/r02_registry_consistency.py
bfb807dc74e75a0b61d93a517f9a308bbedf4538db51c8b5fc012b43ea7a3527   M  scripts/rust-tauri/r02_t04_storage_tx.sh
84c0ddbf85c0a9557d185f9ae45eb619e7d5f6065a866051b59eafaef007eaae   M  scripts/rust-tauri/r02_t08_legacy_entry_regression.sh
