tests/round2-delivery-evidence.test.ts	3	⟦FAIL-BLOCK⟧
tests/round2-delivery-evidence.test.ts	3	Error: Command failed: node /private/var/folders/5r/wq54gtms21gfjgr5v94ynfyh0000gn/T/r02-a16.Y9ZJ71/repo-candidate/.sync-audit/verify-post-verification-diff.mjs
tests/round2-delivery-evidence.test.ts	3	✗ VERIFIED_SOURCE_SHA 之后出现非审计文件改动（禁止修改生产代码/测试逻辑/runtime artifacts）:
tests/round2-delivery-evidence.test.ts	3	  - .github/workflows/build.yml
tests/round2-delivery-evidence.test.ts	3	  - .gitignore
tests/round2-delivery-evidence.test.ts	3	  - artifacts/rust-tauri/R02/T01/a01-cargo-metadata.json
tests/round2-delivery-evidence.test.ts	3	  - artifacts/rust-tauri/R02/T01/a01-deptree-evidence.txt
tests/round2-delivery-evidence.test.ts	3	  - artifacts/rust-tauri/R02/T01/a01-health-body.json
tests/round2-delivery-evidence.test.ts	3	  - artifacts/rust-tauri/R02/T01/a01-shutdown.txt
tests/round2-delivery-evidence.test.ts	3	  - artifacts/rust-tauri/R02/T01/a01-smoke-summary.txt
tests/round2-delivery-evidence.test.ts	3	  - artifacts/rust-tauri/R02/T01/a02-negative-summary.txt
tests/round2-delivery-evidence.test.ts	3	  - artifacts/rust-tauri/R02/T02/a03-forged-record.json
tests/round2-delivery-evidence.test.ts	3	  - artifacts/rust-tauri/R02/T02/a03-inst1-health.json
tests/round2-delivery-evidence.test.ts	3	  - artifacts/rust-tauri/R02/T02/a03-inst2-marker.txt
tests/round2-delivery-evidence.test.ts	3	  - artifacts/rust-tauri/R02/T02/a03-summary.txt
tests/round2-delivery-evidence.test.ts	3	  - artifacts/rust-tauri/R02/T02/a04-summary.txt
tests/round2-delivery-evidence.test.ts	3	  - artifacts/rust-tauri/R02/T03/.last-body
tests/round2-delivery-evidence.test.ts	3	  - artifacts/rust-tauri/R02/T03/body-limit.txt
tests/round2-delivery-evidence.test.ts	3	  - artifacts/rust-tauri/R02/T03/creds-after-authz.json
tests/round2-delivery-evidence.test.ts	3	  - artifacts/rust-tauri/R02/T03/creds-before-authz.json
tests/round2-delivery-evidence.test.ts	3	  - artifacts/rust-tauri/R02/T03/devices-after-authz.json
tests/round2-delivery-evidence.test.ts	3	  - artifacts/rust-tauri/R02/T03/devices-before-authz.json
tests/round2-delivery-evidence.test.ts	3	  - artifacts/rust-tauri/R02/T03/server-stderr-markers.txt
tests/round2-delivery-evidence.test.ts	3	  - artifacts/rust-tauri/R02/T03/state-after-authn.txt
tests/round2-delivery-evidence.test.ts	3	  - artifacts/rust-tauri/R02/T03/state-after.txt
tests/round2-delivery-evidence.test.ts	3	  - artifacts/rust-tauri/R02/T03/state-before-authz.txt
tests/round2-delivery-evidence.test.ts	3	  - artifacts/rust-tauri/R02/T03/state-before.txt
tests/round2-delivery-evidence.test.ts	3	  - artifacts/rust-tauri/R02/T03/summary.txt
tests/round2-delivery-evidence.test.ts	3	  - artifacts/rust-tauri/R02/T03/ws-matrix.json
tests/round2-delivery-evidence.test.ts	3	  - artifacts/rust-tauri/R02/T04/gates/r02_t01_service_smoke/a01-cargo-metadata.err
tests/round2-delivery-evidence.test.ts	3	  - artifacts/rust-tauri/R02/T04/gates/r02_t01_service_smoke/a01-cargo-metadata.json
tests/round2-delivery-evidence.test.ts	3	  - artifacts/rust-tauri/R02/T04/gates/r02_t01_service_smoke/a01-health-body.json
tests/round2-delivery-evidence.test.ts	3	  - artifacts/rust-tauri/R02/T04/gates/r02_t02_dual_instance/a03-forged-record.json
tests/round2-delivery-evidence.test.ts	3	  - artifacts/rust-tauri/R02/T04/gates/r02_t02_dual_instance/a03-inst1-health.json
tests/round2-delivery-evidence.test.ts	3	  - artifacts/rust-tauri/R02/T04/gates/r02_t02_dual_instance/a03-inst2-marker.txt
tests/round2-delivery-evidence.test.ts	3	  - artifacts/rust-tauri/R02/T04/gates/r02_t02_dual_instance/a03-summary.txt
tests/round2-delivery-evidence.test.ts	3	  - artifacts/rust-tauri/R02/T04/gates/r02_t02_path_priority/a04-summary.txt
tests/round2-delivery-evidence.test.ts	3	  - artifacts/rust-tauri/R02/T04/gates/r02_t03_auth_matrix/.last-body
tests/round2-delivery-evidence.test.ts	3	  - artifacts/rust-tauri/R02/T04/gates/r02_t03_auth_matrix/body-limit.txt
tests/round2-delivery-evidence.test.ts	3	  - artifacts/rust-tauri/R02/T04/gates/r02_t03_auth_matrix/creds-after-authz.json
tests/round2-delivery-evidence.test.ts	3	  - artifacts/rust-tauri/R02/T04/gates/r02_t03_auth_matrix/creds-before-authz.json
tests/round2-delivery-evidence.test.ts	3	  - artifacts/rust-tauri/R02/T04/gates/r02_t03_auth_matrix/devices-after-authz.json
tests/round2-delivery-evidence.test.ts	3	  - artifacts/rust-tauri/R02/T04/gates/r02_t03_auth_matrix/devices-before-authz.json
tests/round2-delivery-evidence.test.ts	3	  - artifacts/rust-tauri/R02/T04/gates/r02_t03_auth_matrix/state-after-authn.txt
tests/round2-delivery-evidence.test.ts	3	  - artifacts/rust-tauri/R02/T04/gates/r02_t03_auth_matrix/state-after.txt
tests/round2-delivery-evidence.test.ts	3	  - artifacts/rust-tauri/R02/T04/gates/r02_t03_auth_matrix/state-before-authz.txt
tests/round2-delivery-evidence.test.ts	3	  - artifacts/rust-tauri/R02/T04/gates/r02_t03_auth_matrix/state-before.txt
tests/round2-delivery-evidence.test.ts	3	  - artifacts/rust-tauri/R02/T04/gates/r02_t03_auth_matrix/summary.txt
tests/round2-delivery-evidence.test.ts	3	  - artifacts/rust-tauri/R02/T04/gates/r02_t03_auth_matrix/ws-matrix.json
tests/round2-delivery-evidence.test.ts	3	  - artifacts/rust-tauri/R02/T04/last-db-hashes.txt
tests/round2-delivery-evidence.test.ts	3	  - artifacts/rust-tauri/R02/T04/s1-counts-after-stop.json
tests/round2-delivery-evidence.test.ts	3	  - artifacts/rust-tauri/R02/T04/s2-counts-after-crash.json
tests/round2-delivery-evidence.test.ts	3	  - artifacts/rust-tauri/R02/T04/s2-runs-dump.jsonl
tests/round2-delivery-evidence.test.ts	3	  - artifacts/rust-tauri/R02/T04/s3-fault.err
tests/round2-delivery-evidence.test.ts	3	  - artifacts/rust-tauri/R02/T04/s3-fault.out
tests/round2-delivery-evidence.test.ts	3	  - artifacts/rust-tauri/R02/T04/s4-hashes-after.txt
tests/round2-delivery-evidence.test.ts	3	  - artifacts/rust-tauri/R02/T04/s4-hashes-before.txt
tests/round2-delivery-evidence.test.ts	3	  - artifacts/rust-tauri/R02/T04/s4-migrations-round1.json
tests/round2-delivery-evidence.test.ts	3	  - artifacts/rust-tauri/R02/T04/s4-migrations-round2.json
tests/round2-delivery-evidence.test.ts	3	  - artifacts/rust-tauri/R02/T04/s4-migrations-round3.json
tests/round2-delivery-evidence.test.ts	3	  - artifacts/rust-tauri/R02/T04/service-s1.err
tests/round2-delivery-evidence.test.ts	3	  - artifacts/rust-tauri/R02/T04/service-s1.out
tests/round2-delivery-evidence.test.ts	3	  - artifacts/rust-tauri/R02/T04/service-s1b.err
tests/round2-delivery-evidence.test.ts	3	  - artifacts/rust-tauri/R02/T04/service-s1b.out
tests/round2-delivery-evidence.test.ts	3	  - artifacts/rust-tauri/R02/T04/service-s2.err
tests/round2-delivery-evidence.test.ts	3	  - artifacts/rust-tauri/R02/T04/service-s2.out
tests/round2-delivery-evidence.test.ts	3	  - artifacts/rust-tauri/R02/T04/service-s2b.err
tests/round2-delivery-evidence.test.ts	3	  - artifacts/rust-tauri/R02/T04/service-s2b.out
tests/round2-delivery-evidence.test.ts	3	  - artifacts/rust-tauri/R02/T04/service-s4-1.err
tests/round2-delivery-evidence.test.ts	3	  - artifacts/rust-tauri/R02/T04/service-s4-1.out
tests/round2-delivery-evidence.test.ts	3	  - artifacts/rust-tauri/R02/T04/service-s4-2.err
tests/round2-delivery-evidence.test.ts	3	  - artifacts/rust-tauri/R02/T04/service-s4-2.out
tests/round2-delivery-evidence.test.ts	3	  - artifacts/rust-tauri/R02/T04/service-s4-3.err
tests/round2-delivery-evidence.test.ts	3	  - artifacts/rust-tauri/R02/T04/service-s4-3.out
tests/round2-delivery-evidence.test.ts	3	  - artifacts/rust-tauri/R02/T04/service.addr
tests/round2-delivery-evidence.test.ts	3	  - artifacts/rust-tauri/R02/T04/service.pid
tests/round2-delivery-evidence.test.ts	3	  - artifacts/rust-tauri/R02/T04/summary.txt
tests/round2-delivery-evidence.test.ts	3	  - artifacts/rust-tauri/R02/T05/a09-merged-view.json
tests/round2-delivery-evidence.test.ts	3	  - artifacts/rust-tauri/R02/T05/a10-rebuild-diff.json
tests/round2-delivery-evidence.test.ts	3	  - artifacts/rust-tauri/R02/T05/gates/r02_t01_service_smoke/a01-cargo-metadata.err
tests/round2-delivery-evidence.test.ts	3	  - artifacts/rust-tauri/R02/T05/gates/r02_t01_service_smoke/a01-cargo-metadata.json
tests/round2-delivery-evidence.test.ts	3	  - artifacts/rust-tauri/R02/T05/gates/r02_t01_service_smoke/a01-health-body.json
tests/round2-delivery-evidence.test.ts	3	  - artifacts/rust-tauri/R02/T05/gates/r02_t02_dual_instance/a03-forged-record.json
tests/round2-delivery-evidence.test.ts	3	  - artifacts/rust-tauri/R02/T05/gates/r02_t02_dual_instance/a03-inst1-health.json
tests/round2-delivery-evidence.test.ts	3	  - artifacts/rust-tauri/R02/T05/gates/r02_t02_dual_instance/a03-inst2-marker.txt
tests/round2-delivery-evidence.test.ts	3	  - artifacts/rust-tauri/R02/T05/gates/r02_t02_dual_instance/a03-summary.txt
tests/round2-delivery-evidence.test.ts	3	  - artifacts/rust-tauri/R02/T05/gates/r02_t02_path_priority/a04-summary.txt
tests/round2-delivery-evidence.test.ts	3	  - artifacts/rust-tauri/R02/T05/gates/r02_t03_auth_matrix/.last-body
tests/round2-delivery-evidence.test.ts	3	  - artifacts/rust-tauri/R02/T05/gates/r02_t03_auth_matrix/body-limit.txt
tests/round2-delivery-evidence.test.ts	3	  - artifacts/rust-tauri/R02/T05/gates/r02_t03_auth_matrix/creds-after-authz.json
tests/round2-delivery-evidence.test.ts	3	  - artifacts/rust-tauri/R02/T05/gates/r02_t03_auth_matrix/creds-before-authz.json
tests/round2-delivery-evidence.test.ts	3	  - artifacts/rust-tauri/R02/T05/gates/r02_t03_auth_matrix/devices-after-authz.json
tests/round2-delivery-evidence.test.ts	3	  - artifacts/rust-tauri/R02/T05/gates/r02_t03_auth_matrix/devices-before-authz.json
tests/round2-delivery-evidence.test.ts	3	  - artifacts/rust-tauri/R02/T05/gates/r02_t03_auth_matrix/state-after-authn.txt
tests/round2-delivery-evidence.test.ts	3	  - artifacts/rust-tauri/R02/T05/gates/r02_t03_auth_matrix/state-after.txt
tests/round2-delivery-evidence.test.ts	3	  - artifacts/rust-tauri/R02/T05/gates/r02_t03_auth_matrix/state-before-authz.txt
tests/round2-delivery-evidence.test.ts	3	  - artifacts/rust-tauri/R02/T05/gates/r02_t03_auth_matrix/state-before.txt
tests/round2-delivery-evidence.test.ts	3	  - artifacts/rust-tauri/R02/T05/gates/r02_t03_auth_matrix/summary.txt
tests/round2-delivery-evidence.test.ts	3	  - artifacts/rust-tauri/R02/T05/gates/r02_t03_auth_matrix/ws-matrix.json
tests/round2-delivery-evidence.test.ts	3	  - artifacts/rust-tauri/R02/T05/gates/r02_t04_storage_tx/last-db-hashes.txt
tests/round2-delivery-evidence.test.ts	3	  - artifacts/rust-tauri/R02/T05/gates/r02_t04_storage_tx/s1-counts-after-stop.json
tests/round2-delivery-evidence.test.ts	3	  - artifacts/rust-tauri/R02/T05/gates/r02_t04_storage_tx/s2-counts-after-crash.json
tests/round2-delivery-evidence.test.ts	3	  - artifacts/rust-tauri/R02/T05/gates/r02_t04_storage_tx/s2-runs-dump.jsonl
tests/round2-delivery-evidence.test.ts	3	  - artifacts/rust-tauri/R02/T05/gates/r02_t04_storage_tx/s3-fault.err
tests/round2-delivery-evidence.test.ts	3	  - artifacts/rust-tauri/R02/T05/gates/r02_t04_storage_tx/s3-fault.out
tests/round2-delivery-evidence.test.ts	3	  - artifacts/rust-tauri/R02/T05/gates/r02_t04_storage_tx/s4-hashes-after.txt
tests/round2-delivery-evidence.test.ts	3	  - artifacts/rust-tauri/R02/T05/gates/r02_t04_storage_tx/s4-hashes-before.txt
tests/round2-delivery-evidence.test.ts	3	  - artifacts/rust-tauri/R02/T05/gates/r02_t04_storage_tx/s4-migrations-round1.json
tests/round2-delivery-evidence.test.ts	3	  - artifacts/rust-tauri/R02/T05/gates/r02_t04_storage_tx/s4-migrations-round2.json
tests/round2-delivery-evidence.test.ts	3	  - artifacts/rust-tauri/R02/T05/gates/r02_t04_storage_tx/s4-migrations-round3.json
tests/round2-delivery-evidence.test.ts	3	  - artifacts/rust-tauri/R02/T05/gates/r02_t04_storage_tx/service-s1.err
tests/round2-delivery-evidence.test.ts	3	  - artifacts/rust-tauri/R02/T05/gates/r02_t04_storage_tx/service-s1.out
tests/round2-delivery-evidence.test.ts	3	  - artifacts/rust-tauri/R02/T05/gates/r02_t04_storage_tx/service-s1b.err
tests/round2-delivery-evidence.test.ts	3	  - artifacts/rust-tauri/R02/T05/gates/r02_t04_storage_tx/service-s1b.out
tests/round2-delivery-evidence.test.ts	3	  - artifacts/rust-tauri/R02/T05/gates/r02_t04_storage_tx/service-s2.err
tests/round2-delivery-evidence.test.ts	3	  - artifacts/rust-tauri/R02/T05/gates/r02_t04_storage_tx/service-s2.out
tests/round2-delivery-evidence.test.ts	3	  - artifacts/rust-tauri/R02/T05/gates/r02_t04_storage_tx/service-s2b.err
tests/round2-delivery-evidence.test.ts	3	  - artifacts/rust-tauri/R02/T05/gates/r02_t04_storage_tx/service-s2b.out
tests/round2-delivery-evidence.test.ts	3	  - artifacts/rust-tauri/R02/T05/gates/r02_t04_storage_tx/service-s4-1.err
tests/round2-delivery-evidence.test.ts	3	  - artifacts/rust-tauri/R02/T05/gates/r02_t04_storage_tx/service-s4-1.out
tests/round2-delivery-evidence.test.ts	3	  - artifacts/rust-tauri/R02/T05/gates/r02_t04_storage_tx/service-s4-2.err
tests/round2-delivery-evidence.test.ts	3	  - artifacts/rust-tauri/R02/T05/gates/r02_t04_storage_tx/service-s4-2.out
tests/round2-delivery-evidence.test.ts	3	  - artifacts/rust-tauri/R02/T05/gates/r02_t04_storage_tx/service-s4-3.err
tests/round2-delivery-evidence.test.ts	3	  - artifacts/rust-tauri/R02/T05/gates/r02_t04_storage_tx/service-s4-3.out
tests/round2-delivery-evidence.test.ts	3	  - artifacts/rust-tauri/R02/T05/gates/r02_t04_storage_tx/service.addr
tests/round2-delivery-evidence.test.ts	3	  - artifacts/rust-tauri/R02/T05/gates/r02_t04_storage_tx/service.pid
tests/round2-delivery-evidence.test.ts	3	  - artifacts/rust-tauri/R02/T05/gates/r02_t04_storage_tx/summary.txt
tests/round2-delivery-evidence.test.ts	3	  - artifacts/rust-tauri/R02/T05/key-events-dump.json
tests/round2-delivery-evidence.test.ts	3	  - artifacts/rust-tauri/R02/T05/matrix.json
tests/round2-delivery-evidence.test.ts	3	  - artifacts/rust-tauri/R02/T05/probe-matrix.jsonl
tests/round2-delivery-evidence.test.ts	3	  - artifacts/rust-tauri/R02/T05/repair-r1/REPAIR-NOTES.md
tests/round2-delivery-evidence.test.ts	3	  - artifacts/rust-tauri/R02/T05/repair-r1/matrix-r1/a09-merged-view.json
tests/round2-delivery-evidence.test.ts	3	  - artifacts/rust-tauri/R02/T05/repair-r1/matrix-r1/a10-rebuild-diff.json
tests/round2-delivery-evidence.test.ts	3	  - artifacts/rust-tauri/R02/T05/repair-r1/matrix-r1/key-events-dump.json
tests/round2-delivery-evidence.test.ts	3	  - artifacts/rust-tauri/R02/T05/repair-r1/matrix-r1/matrix.json
tests/round2-delivery-evidence.test.ts	3	  - artifacts/rust-tauri/R02/T05/repair-r1/matrix-r1/probe-matrix.jsonl
tests/round2-delivery-evidence.test.ts	3	  - artifacts/rust-tauri/R02/T05/repair-r1/matrix-r1/service.err
tests/round2-delivery-evidence.test.ts	3	  - artifacts/rust-tauri/R02/T05/repair-r1/matrix-r1/service.out
tests/round2-delivery-evidence.test.ts	3	  - artifacts/rust-tauri/R02/T05/repair-r1/matrix-r1/summary.txt
tests/round2-delivery-evidence.test.ts	3	  - artifacts/rust-tauri/R02/T05/repair-r1/matrix-r2/a09-merged-view.json
tests/round2-delivery-evidence.test.ts	3	  - artifacts/rust-tauri/R02/T05/repair-r1/matrix-r2/a10-rebuild-diff.json
tests/round2-delivery-evidence.test.ts	3	  - artifacts/rust-tauri/R02/T05/repair-r1/matrix-r2/key-events-dump.json
tests/round2-delivery-evidence.test.ts	3	  - artifacts/rust-tauri/R02/T05/repair-r1/matrix-r2/matrix.json
tests/round2-delivery-evidence.test.ts	3	  - artifacts/rust-tauri/R02/T05/repair-r1/matrix-r2/probe-matrix.jsonl
tests/round2-delivery-evidence.test.ts	3	  - artifacts/rust-tauri/R02/T05/repair-r1/matrix-r2/service.err
tests/round2-delivery-evidence.test.ts	3	  - artifacts/rust-tauri/R02/T05/repair-r1/matrix-r2/service.out
tests/round2-delivery-evidence.test.ts	3	  - artifacts/rust-tauri/R02/T05/repair-r1/matrix-r2/summary.txt
tests/round2-delivery-evidence.test.ts	3	  - artifacts/rust-tauri/R02/T05/repair-r1/matrix-r3/a09-merged-view.json
tests/round2-delivery-evidence.test.ts	3	  - artifacts/rust-tauri/R02/T05/repair-r1/matrix-r3/a10-rebuild-diff.json
tests/round2-delivery-evidence.test.ts	3	  - artifacts/rust-tauri/R02/T05/repair-r1/matrix-r3/key-events-dump.json
tests/round2-delivery-evidence.test.ts	3	  - artifacts/rust-tauri/R02/T05/repair-r1/matrix-r3/matrix.json
tests/round2-delivery-evidence.test.ts	3	  - artifacts/rust-tauri/R02/T05/repair-r1/matrix-r3/probe-matrix.jsonl
tests/round2-delivery-evidence.test.ts	3	  - artifacts/rust-tauri/R02/T05/repair-r1/matrix-r3/service.err
tests/round2-delivery-evidence.test.ts	3	  - artifacts/rust-tauri/R02/T05/repair-r1/matrix-r3/service.out
tests/round2-delivery-evidence.test.ts	3	  - artifacts/rust-tauri/R02/T05/repair-r1/matrix-r3/summary.txt
tests/round2-delivery-evidence.test.ts	3	  - artifacts/rust-tauri/R02/T05/service.err
tests/round2-delivery-evidence.test.ts	3	  - artifacts/rust-tauri/R02/T05/service.out
tests/round2-delivery-evidence.test.ts	3	  - artifacts/rust-tauri/R02/T05/summary.txt
tests/round2-delivery-evidence.test.ts	3	  - artifacts/rust-tauri/R02/T06/backup-restore/s1-backup-dir-listing.txt
tests/round2-delivery-evidence.test.ts	3	  - artifacts/rust-tauri/R02/T06/backup-restore/s1-backup-outcome.json
tests/round2-delivery-evidence.test.ts	3	  - artifacts/rust-tauri/R02/T06/backup-restore/s1-backup.err
tests/round2-delivery-evidence.test.ts	3	  - artifacts/rust-tauri/R02/T06/backup-restore/s1-restore-outcome.json
tests/round2-delivery-evidence.test.ts	3	  - artifacts/rust-tauri/R02/T06/backup-restore/s1-restore.err
tests/round2-delivery-evidence.test.ts	3	  - artifacts/rust-tauri/R02/T06/backup-restore/s1-restored-dump.jsonl
tests/round2-delivery-evidence.test.ts	3	  - artifacts/rust-tauri/R02/T06/backup-restore/s1-restored-hash.txt
tests/round2-delivery-evidence.test.ts	3	  - artifacts/rust-tauri/R02/T06/backup-restore/s1-source-dump.jsonl
tests/round2-delivery-evidence.test.ts	3	  - artifacts/rust-tauri/R02/T06/backup-restore/s1-source-hash.txt
tests/round2-delivery-evidence.test.ts	3	  - artifacts/rust-tauri/R02/T06/backup-restore/s1-wal-size.txt
tests/round2-delivery-evidence.test.ts	3	  - artifacts/rust-tauri/R02/T06/backup-restore/s3-backup-out.json
tests/round2-delivery-evidence.test.ts	3	  - artifacts/rust-tauri/R02/T06/backup-restore/s3-backup.err
tests/round2-delivery-evidence.test.ts	3	  - artifacts/rust-tauri/R02/T06/backup-restore/s4-ws-probe.json
tests/round2-delivery-evidence.test.ts	3	  - artifacts/rust-tauri/R02/T06/backup-restore/s4-ws-probe.json.probe-done
tests/round2-delivery-evidence.test.ts	3	  - artifacts/rust-tauri/R02/T06/backup-restore/service-s1.addr
tests/round2-delivery-evidence.test.ts	3	  - artifacts/rust-tauri/R02/T06/backup-restore/service-s1.err
tests/round2-delivery-evidence.test.ts	3	  - artifacts/rust-tauri/R02/T06/backup-restore/service-s1.out
tests/round2-delivery-evidence.test.ts	3	  - artifacts/rust-tauri/R02/T06/backup-restore/service-s2.addr
tests/round2-delivery-evidence.test.ts	3	  - artifacts/rust-tauri/R02/T06/backup-restore/service-s2.err
tests/round2-delivery-evidence.test.ts	3	  - artifacts/rust-tauri/R02/T06/backup-restore/service-s2.out
tests/round2-delivery-evidence.test.ts	3	  - artifacts/rust-tauri/R02/T06/backup-restore/service-s4.addr
tests/round2-delivery-evidence.test.ts	3	  - artifacts/rust-tauri/R02/T06/backup-restore/service-s4.err
tests/round2-delivery-evidence.test.ts	3	  - artifacts/rust-tauri/R02/T06/backup-restore/service-s4.out
tests/round2-delivery-evidence.test.ts	3	  - artifacts/rust-tauri/R02/T06/backup-restore/service.pid
tests/round2-delivery-evidence.test.ts	3	  - artifacts/rust-tauri/R02/T06/backup-restore/summary.txt
tests/round2-delivery-evidence.test.ts	3	  - artifacts/rust-tauri/R02/T06/gates/reg-t01-smoke/a01-cargo-metadata.err
tests/round2-delivery-evidence.test.ts	3	  - artifacts/rust-tauri/R02/T06/gates/reg-t01-smoke/a01-cargo-metadata.json
tests/round2-delivery-evidence.test.ts	3	  - artifacts/rust-tauri/R02/T06/gates/reg-t01-smoke/a01-health-body.json
tests/round2-delivery-evidence.test.ts	3	  - artifacts/rust-tauri/R02/T06/gates/reg-t02-dual/a03-forged-record.json
tests/round2-delivery-evidence.test.ts	3	  - artifacts/rust-tauri/R02/T06/gates/reg-t02-dual/a03-inst1-health.json
tests/round2-delivery-evidence.test.ts	3	  - artifacts/rust-tauri/R02/T06/gates/reg-t02-dual/a03-inst2-marker.txt
tests/round2-delivery-evidence.test.ts	3	  - artifacts/rust-tauri/R02/T06/gates/reg-t02-dual/a03-summary.txt
tests/round2-delivery-evidence.test.ts	3	  - artifacts/rust-tauri/R02/T06/gates/reg-t02-path/a04-summary.txt
tests/round2-delivery-evidence.test.ts	3	  - artifacts/rust-tauri/R02/T06/gates/reg-t03-auth/.last-body
tests/round2-delivery-evidence.test.ts	3	  - artifacts/rust-tauri/R02/T06/gates/reg-t03-auth/body-limit.txt
tests/round2-delivery-evidence.test.ts	3	  - artifacts/rust-tauri/R02/T06/gates/reg-t03-auth/creds-after-authz.json
tests/round2-delivery-evidence.test.ts	3	  - artifacts/rust-tauri/R02/T06/gates/reg-t03-auth/creds-before-authz.json
tests/round2-delivery-evidence.test.ts	3	  - artifacts/rust-tauri/R02/T06/gates/reg-t03-auth/devices-after-authz.json
tests/round2-delivery-evidence.test.ts	3	  - artifacts/rust-tauri/R02/T06/gates/reg-t03-auth/devices-before-authz.json
tests/round2-delivery-evidence.test.ts	3	  - artifacts/rust-tauri/R02/T06/gates/reg-t03-auth/state-after-authn.txt
tests/round2-delivery-evidence.test.ts	3	  - artifacts/rust-tauri/R02/T06/gates/reg-t03-auth/state-after.txt
tests/round2-delivery-evidence.test.ts	3	  - artifacts/rust-tauri/R02/T06/gates/reg-t03-auth/state-before-authz.txt
tests/round2-delivery-evidence.test.ts	3	  - artifacts/rust-tauri/R02/T06/gates/reg-t03-auth/state-before.txt
tests/round2-delivery-evidence.test.ts	3	  - artifacts/rust-tauri/R02/T06/gates/reg-t03-auth/summary.txt
tests/round2-delivery-evidence.test.ts	3	  - artifacts/rust-tauri/R02/T06/gates/reg-t03-auth/ws-matrix.json
tests/round2-delivery-evidence.test.ts	3	  - artifacts/rust-tauri/R02/T06/gates/reg-t04-storage/last-db-hashes.txt
tests/round2-delivery-evidence.test.ts	3	  - artifacts/rust-tauri/R02/T06/gates/reg-t04-storage/s1-counts-after-stop.json
tests/round2-delivery-evidence.test.ts	3	  - artifacts/rust-tauri/R02/T06/gates/reg-t04-storage/s2-counts-after-crash.json
tests/round2-delivery-evidence.test.ts	3	  - artifacts/rust-tauri/R02/T06/gates/reg-t04-storage/s2-runs-dump.jsonl
tests/round2-delivery-evidence.test.ts	3	  - artifacts/rust-tauri/R02/T06/gates/reg-t04-storage/s3-fault.err
tests/round2-delivery-evidence.test.ts	3	  - artifacts/rust-tauri/R02/T06/gates/reg-t04-storage/s3-fault.out
tests/round2-delivery-evidence.test.ts	3	  - artifacts/rust-tauri/R02/T06/gates/reg-t04-storage/s4-hashes-after.txt
tests/round2-delivery-evidence.test.ts	3	  - artifacts/rust-tauri/R02/T06/gates/reg-t04-storage/s4-hashes-before.txt
tests/round2-delivery-evidence.test.ts	3	  - artifacts/rust-tauri/R02/T06/gates/reg-t04-storage/s4-migrations-round1.json
tests/round2-delivery-evidence.test.ts	3	  - artifacts/rust-tauri/R02/T06/gates/reg-t04-storage/s4-migrations-round2.json
tests/round2-delivery-evidence.test.ts	3	  - artifacts/rust-tauri/R02/T06/gates/reg-t04-storage/s4-migrations-round3.json
tests/round2-delivery-evidence.test.ts	3	  - artifacts/rust-tauri/R02/T06/gates/reg-t04-storage/service-s1.err
tests/round2-delivery-evidence.test.ts	3	  - artifacts/rust-tauri/R02/T06/gates/reg-t04-storage/service-s1.out
tests/round2-delivery-evidence.test.ts	3	  - artifacts/rust-tauri/R02/T06/gates/reg-t04-storage/service-s1b.err
tests/round2-delivery-evidence.test.ts	3	  - artifacts/rust-tauri/R02/T06/gates/reg-t04-storage/service-s1b.out
tests/round2-delivery-evidence.test.ts	3	  - artifacts/rust-tauri/R02/T06/gates/reg-t04-storage/service-s2.err
tests/round2-delivery-evidence.test.ts	3	  - artifacts/rust-tauri/R02/T06/gates/reg-t04-storage/service-s2.out
tests/round2-delivery-evidence.test.ts	3	  - artifacts/rust-tauri/R02/T06/gates/reg-t04-storage/service-s2b.err
tests/round2-delivery-evidence.test.ts	3	  - artifacts/rust-tauri/R02/T06/gates/reg-t04-storage/service-s2b.out
tests/round2-delivery-evidence.test.ts	3	  - artifacts/rust-tauri/R02/T06/gates/reg-t04-storage/service-s4-1.err
tests/round2-delivery-evidence.test.ts	3	  - artifacts/rust-tauri/R02/T06/gates/reg-t04-storage/service-s4-1.out
tests/round2-delivery-evidence.test.ts	3	  - artifacts/rust-tauri/R02/T06/gates/reg-t04-storage/service-s4-2.err
tests/round2-delivery-evidence.test.ts	3	  - artifacts/rust-tauri/R02/T06/gates/reg-t04-storage/service-s4-2.out
tests/round2-delivery-evidence.test.ts	3	  - artifacts/rust-tauri/R02/T06/gates/reg-t04-storage/service-s4-3.err
tests/round2-delivery-evidence.test.ts	3	  - artifacts/rust-tauri/R02/T06/gates/reg-t04-storage/service-s4-3.out
tests/round2-delivery-evidence.test.ts	3	  - artifacts/rust-tauri/R02/T06/gates/reg-t04-storage/service.addr
tests/round2-delivery-evidence.test.ts	3	  - artifacts/rust-tauri/R02/T06/gates/reg-t04-storage/service.pid
tests/round2-delivery-evidence.test.ts	3	  - artifacts/rust-tauri/R02/T06/gates/reg-t04-storage/summary.txt
tests/round2-delivery-evidence.test.ts	3	  - artifacts/rust-tauri/R02/T06/gates/reg-t05-events/a09-merged-view.json
tests/round2-delivery-evidence.test.ts	3	  - artifacts/rust-tauri/R02/T06/gates/reg-t05-events/a10-rebuild-diff.json
tests/round2-delivery-evidence.test.ts	3	  - artifacts/rust-tauri/R02/T06/gates/reg-t05-events/key-events-dump.json
tests/round2-delivery-evidence.test.ts	3	  - artifacts/rust-tauri/R02/T06/gates/reg-t05-events/matrix.json
tests/round2-delivery-evidence.test.ts	3	  - artifacts/rust-tauri/R02/T06/gates/reg-t05-events/probe-matrix.jsonl
tests/round2-delivery-evidence.test.ts	3	  - artifacts/rust-tauri/R02/T06/gates/reg-t05-events/service.err
tests/round2-delivery-evidence.test.ts	3	  - artifacts/rust-tauri/R02/T06/gates/reg-t05-events/service.out
tests/round2-delivery-evidence.test.ts	3	  - artifacts/rust-tauri/R02/T06/gates/reg-t05-events/summary.txt
tests/round2-delivery-evidence.test.ts	3	  - artifacts/rust-tauri/R02/T06/prod-defect-1/baseline-no-gate/summary.txt
tests/round2-delivery-evidence.test.ts	3	  - artifacts/rust-tauri/R02/T06/prod-defect-1/baseline-no-gate/v3-missing-stamp-highjournal.err
tests/round2-delivery-evidence.test.ts	3	  - artifacts/rust-tauri/R02/T06/prod-defect-1/baseline-no-gate/v3-missing-stamp-highjournal.out
tests/round2-delivery-evidence.test.ts	3	  - artifacts/rust-tauri/R02/T06/prod-defect-1/baseline-no-gate/v3-post-write-counts.json
tests/round2-delivery-evidence.test.ts	3	  - artifacts/rust-tauri/R02/T06/recovery-drill/summary.txt
tests/round2-delivery-evidence.test.ts	3	  - artifacts/rust-tauri/R02/T06/recovery-drill/v1-hashes-after.txt
tests/round2-delivery-evidence.test.ts	3	  - artifacts/rust-tauri/R02/T06/recovery-drill/v1-hashes-before.txt
tests/round2-delivery-evidence.test.ts	3	  - artifacts/rust-tauri/R02/T06/recovery-drill/v1.err
tests/round2-delivery-evidence.test.ts	3	  - artifacts/rust-tauri/R02/T06/recovery-drill/v1.out
tests/round2-delivery-evidence.test.ts	3	  - artifacts/rust-tauri/R02/T06/recovery-drill/v2-hashes-after.txt
tests/round2-delivery-evidence.test.ts	3	  - artifacts/rust-tauri/R02/T06/recovery-drill/v2-hashes-before.txt
tests/round2-delivery-evidence.test.ts	3	  - artifacts/rust-tauri/R02/T06/recovery-drill/v2.err
tests/round2-delivery-evidence.test.ts	3	  - artifacts/rust-tauri/R02/T06/recovery-drill/v2.out
tests/round2-delivery-evidence.test.ts	3	  - artifacts/rust-tauri/R02/T06/recovery-drill/v3-hashes-after.txt
tests/round2-delivery-evidence.test.ts	3	  - artifacts/rust-tauri/R02/T06/recovery-drill/v3-hashes-before.txt
tests/round2-delivery-evidence.test.ts	3	  - artifacts/rust-tauri/R02/T06/recovery-drill/v3.err
tests/round2-delivery-evidence.test.ts	3	  - artifacts/rust-tauri/R02/T06/recovery-drill/v3.out
tests/round2-delivery-evidence.test.ts	3	  - artifacts/rust-tauri/R02/T06/recovery-drill/v4.err
tests/round2-delivery-evidence.test.ts	3	  - artifacts/rust-tauri/R02/T06/recovery-drill/v4.out
tests/round2-delivery-evidence.test.ts	3	  - artifacts/rust-tauri/R02/T06/recovery-drill/v5-hashes-after.txt
tests/round2-delivery-evidence.test.ts	3	  - artifacts/rust-tauri/R02/T06/recovery-drill/v5-hashes-before.txt
tests/round2-delivery-evidence.test.ts	3	  - artifacts/rust-tauri/R02/T06/recovery-drill/v5.err
tests/round2-delivery-evidence.test.ts	3	  - artifacts/rust-tauri/R02/T06/recovery-drill/v5.out
tests/round2-delivery-evidence.test.ts	3	  - artifacts/rust-tauri/R02/T06/recovery-drill/v6-recovered-dump.jsonl
tests/round2-delivery-evidence.test.ts	3	  - artifacts/rust-tauri/R02/T06/recovery-drill/v6-seed-execute.txt
tests/round2-delivery-evidence.test.ts	3	  - artifacts/rust-tauri/R02/T06/recovery-drill/v6-seed.err
tests/round2-delivery-evidence.test.ts	3	  - artifacts/rust-tauri/R02/T06/recovery-drill/v6-seed.out
tests/round2-delivery-evidence.test.ts	3	  - artifacts/rust-tauri/R02/T06/recovery-drill/v6.err
tests/round2-delivery-evidence.test.ts	3	  - artifacts/rust-tauri/R02/T06/recovery-drill/v6.out
tests/round2-delivery-evidence.test.ts	3	  - artifacts/rust-tauri/R02/T06/recovery-drill/v7-hashes-after.txt
tests/round2-delivery-evidence.test.ts	3	  - artifacts/rust-tauri/R02/T06/recovery-drill/v7-hashes-before.txt
tests/round2-delivery-evidence.test.ts	3	  - artifacts/rust-tauri/R02/T06/recovery-drill/v7-seed.err
tests/round2-delivery-evidence.test.ts	3	  - artifacts/rust-tauri/R02/T06/recovery-drill/v7-seed.out
tests/round2-delivery-evidence.test.ts	3	  - artifacts/rust-tauri/R02/T06/recovery-drill/v7.err
tests/round2-delivery-evidence.test.ts	3	  - artifacts/rust-tauri/R02/T06/recovery-drill/v7.out
tests/round2-delivery-evidence.test.ts	3	  - artifacts/rust-tauri/R02/T06/recovery-drill/v8-observed.err
tests/round2-delivery-evidence.test.ts	3	  - artifacts/rust-tauri/R02/T06/recovery-drill/v8-seed.err
tests/round2-delivery-evidence.test.ts	3	  - artifacts/rust-tauri/R02/T06/recovery-drill/v8-seed.out
tests/round2-delivery-evidence.test.ts	3	  - artifacts/rust-tauri/R02/T06/recovery-drill/v8.err
tests/round2-delivery-evidence.test.ts	3	  - artifacts/rust-tauri/R02/T06/recovery-drill/v8.out
tests/round2-delivery-evidence.test.ts	3	  - artifacts/rust-tauri/R02/T06/repair-r1/backup-restore/s1-backup-dir-listing.txt
tests/round2-delivery-evidence.test.ts	3	  - artifacts/rust-tauri/R02/T06/repair-r1/backup-restore/s1-backup-outcome.json
tests/round2-delivery-evidence.test.ts	3	  - artifacts/rust-tauri/R02/T06/repair-r1/backup-restore/s1-backup.err
tests/round2-delivery-evidence.test.ts	3	  - artifacts/rust-tauri/R02/T06/repair-r1/backup-restore/s1-restore-outcome.json
tests/round2-delivery-evidence.test.ts	3	  - artifacts/rust-tauri/R02/T06/repair-r1/backup-restore/s1-restore.err
tests/round2-delivery-evidence.test.ts	3	  - artifacts/rust-tauri/R02/T06/repair-r1/backup-restore/s1-restored-dump.jsonl
tests/round2-delivery-evidence.test.ts	3	  - artifacts/rust-tauri/R02/T06/repair-r1/backup-restore/s1-restored-hash.txt
tests/round2-delivery-evidence.test.ts	3	  - artifacts/rust-tauri/R02/T06/repair-r1/backup-restore/s1-source-dump.jsonl
tests/round2-delivery-evidence.test.ts	3	  - artifacts/rust-tauri/R02/T06/repair-r1/backup-restore/s1-source-hash.txt
tests/round2-delivery-evidence.test.ts	3	  - artifacts/rust-tauri/R02/T06/repair-r1/backup-restore/s1-wal-size.txt
tests/round2-delivery-evidence.test.ts	3	  - artifacts/rust-tauri/R02/T06/repair-r1/backup-restore/s3-backup-out.json
tests/round2-delivery-evidence.test.ts	3	  - artifacts/rust-tauri/R02/T06/repair-r1/backup-restore/s3-backup.err
tests/round2-delivery-evidence.test.ts	3	  - artifacts/rust-tauri/R02/T06/repair-r1/backup-restore/s4-ws-probe.json
tests/round2-delivery-evidence.test.ts	3	  - artifacts/rust-tauri/R02/T06/repair-r1/backup-restore/s4-ws-probe.json.probe-done
tests/round2-delivery-evidence.test.ts	3	  - artifacts/rust-tauri/R02/T06/repair-r1/backup-restore/service-s1.addr
tests/round2-delivery-evidence.test.ts	3	  - artifacts/rust-tauri/R02/T06/repair-r1/backup-restore/service-s1.err
tests/round2-delivery-evidence.test.ts	3	  - artifacts/rust-tauri/R02/T06/repair-r1/backup-restore/service-s1.out
tests/round2-delivery-evidence.test.ts	3	  - artifacts/rust-tauri/R02/T06/repair-r1/backup-restore/service-s2.addr
tests/round2-delivery-evidence.test.ts	3	  - artifacts/rust-tauri/R02/T06/repair-r1/backup-restore/service-s2.err
tests/round2-delivery-evidence.test.ts	3	  - artifacts/rust-tauri/R02/T06/repair-r1/backup-restore/service-s2.out
tests/round2-delivery-evidence.test.ts	3	  - artifacts/rust-tauri/R02/T06/repair-r1/backup-restore/service-s4.addr
tests/round2-delivery-evidence.test.ts	3	  - artifacts/rust-tauri/R02/T06/repair-r1/backup-restore/service-s4.err
tests/round2-delivery-evidence.test.ts	3	  - artifacts/rust-tauri/R02/T06/repair-r1/backup-restore/service-s4.out
tests/round2-delivery-evidence.test.ts	3	  - artifacts/rust-tauri/R02/T06/repair-r1/backup-restore/service.pid
tests/round2-delivery-evidence.test.ts	3	  - artifacts/rust-tauri/R02/T06/repair-r1/backup-restore/summary.txt
tests/round2-delivery-evidence.test.ts	3	  - artifacts/rust-tauri/R02/T06/repair-r1/recovery-drill/summary.txt
tests/round2-delivery-evidence.test.ts	3	  - artifacts/rust-tauri/R02/T06/repair-r1/recovery-drill/v1-hashes-after.txt
tests/round2-delivery-evidence.test.ts	3	  - artifacts/rust-tauri/R02/T06/repair-r1/recovery-drill/v1-hashes-before.txt
tests/round2-delivery-evidence.test.ts	3	  - artifacts/rust-tauri/R02/T06/repair-r1/recovery-drill/v1.err
tests/round2-delivery-evidence.test.ts	3	  - artifacts/rust-tauri/R02/T06/repair-r1/recovery-drill/v1.out
tests/round2-delivery-evidence.test.ts	3	  - artifacts/rust-tauri/R02/T06/repair-r1/recovery-drill/v2-hashes-after.txt
tests/round2-delivery-evidence.test.ts	3	  - artifacts/rust-tauri/R02/T06/repair-r1/recovery-drill/v2-hashes-before.txt
tests/round2-delivery-evidence.test.ts	3	  - artifacts/rust-tauri/R02/T06/repair-r1/recovery-drill/v2.err
tests/round2-delivery-evidence.test.ts	3	  - artifacts/rust-tauri/R02/T06/repair-r1/recovery-drill/v2.out
tests/round2-delivery-evidence.test.ts	3	  - artifacts/rust-tauri/R02/T06/repair-r1/recovery-drill/v3-hashes-after.txt
tests/round2-delivery-evidence.test.ts	3	  - artifacts/rust-tauri/R02/T06/repair-r1/recovery-drill/v3-hashes-before.txt
tests/round2-delivery-evidence.test.ts	3	  - artifacts/rust-tauri/R02/T06/repair-r1/recovery-drill/v3.err
tests/round2-delivery-evidence.test.ts	3	  - artifacts/rust-tauri/R02/T06/repair-r1/recovery-drill/v3.out
tests/round2-delivery-evidence.test.ts	3	  - artifacts/rust-tauri/R02/T06/repair-r1/recovery-drill/v4.err
tests/round2-delivery-evidence.test.ts	3	  - artifacts/rust-tauri/R02/T06/repair-r1/recovery-drill/v4.out
tests/round2-delivery-evidence.test.ts	3	  - artifacts/rust-tauri/R02/T06/repair-r1/recovery-drill/v5-hashes-after.txt
tests/round2-delivery-evidence.test.ts	3	  - artifacts/rust-tauri/R02/T06/repair-r1/recovery-drill/v5-hashes-before.txt
tests/round2-delivery-evidence.test.ts	3	  - artifacts/rust-tauri/R02/T06/repair-r1/recovery-drill/v5.err
tests/round2-delivery-evidence.test.ts	3	  - artifacts/rust-tauri/R02/T06/repair-r1/recovery-drill/v5.out
tests/round2-delivery-evidence.test.ts	3	  - artifacts/rust-tauri/R02/T06/repair-r1/recovery-drill/v6-recovered-dump.jsonl
tests/round2-delivery-evidence.test.ts	3	  - artifacts/rust-tauri/R02/T06/repair-r1/recovery-drill/v6-seed-execute.txt
tests/round2-delivery-evidence.test.ts	3	  - artifacts/rust-tauri/R02/T06/repair-r1/recovery-drill/v6-seed.err
tests/round2-delivery-evidence.test.ts	3	  - artifacts/rust-tauri/R02/T06/repair-r1/recovery-drill/v6-seed.out
tests/round2-delivery-evidence.test.ts	3	  - artifacts/rust-tauri/R02/T06/repair-r1/recovery-drill/v6.err
tests/round2-delivery-evidence.test.ts	3	  - artifacts/rust-tauri/R02/T06/repair-r1/recovery-drill/v6.out
tests/round2-delivery-evidence.test.ts	3	  - artifacts/rust-tauri/R02/T06/repair-r1/recovery-drill/v7-hashes-after.txt
tests/round2-delivery-evidence.test.ts	3	  - artifacts/rust-tauri/R02/T06/repair-r1/recovery-drill/v7-hashes-before.txt
tests/round2-delivery-evidence.test.ts	3	  - artifacts/rust-tauri/R02/T06/repair-r1/recovery-drill/v7-seed.err
tests/round2-delivery-evidence.test.ts	3	  - artifacts/rust-tauri/R02/T06/repair-r1/recovery-drill/v7-seed.out
tests/round2-delivery-evidence.test.ts	3	  - artifacts/rust-tauri/R02/T06/repair-r1/recovery-drill/v7.err
tests/round2-delivery-evidence.test.ts	3	  - artifacts/rust-tauri/R02/T06/repair-r1/recovery-drill/v7.out
tests/round2-delivery-evidence.test.ts	3	  - artifacts/rust-tauri/R02/T06/repair-r1/recovery-drill/v8-observed.err
tests/round2-delivery-evidence.test.ts	3	  - artifacts/rust-tauri/R02/T06/repair-r1/recovery-drill/v8-seed.err
tests/round2-delivery-evidence.test.ts	3	  - artifacts/rust-tauri/R02/T06/repair-r1/recovery-drill/v8-seed.out
tests/round2-delivery-evidence.test.ts	3	  - artifacts/rust-tauri/R02/T06/repair-r1/recovery-drill/v8.err
tests/round2-delivery-evidence.test.ts	3	  - artifacts/rust-tauri/R02/T06/repair-r1/recovery-drill/v8.out
tests/round2-delivery-evidence.test.ts	3	  - artifacts/rust-tauri/R02/T06/repair-r1/reg-r02_t01_service_smoke/a01-cargo-metadata.err
tests/round2-delivery-evidence.test.ts	3	  - artifacts/rust-tauri/R02/T06/repair-r1/reg-r02_t01_service_smoke/a01-cargo-metadata.json
tests/round2-delivery-evidence.test.ts	3	  - artifacts/rust-tauri/R02/T06/repair-r1/reg-r02_t01_service_smoke/a01-health-body.json
tests/round2-delivery-evidence.test.ts	3	  - artifacts/rust-tauri/R02/T06/repair-r1/reg-r02_t02_dual_instance/a03-forged-record.json
tests/round2-delivery-evidence.test.ts	3	  - artifacts/rust-tauri/R02/T06/repair-r1/reg-r02_t02_dual_instance/a03-inst1-health.json
tests/round2-delivery-evidence.test.ts	3	  - artifacts/rust-tauri/R02/T06/repair-r1/reg-r02_t02_dual_instance/a03-inst2-marker.txt
tests/round2-delivery-evidence.test.ts	3	  - artifacts/rust-tauri/R02/T06/repair-r1/reg-r02_t02_dual_instance/a03-summary.txt
tests/round2-delivery-evidence.test.ts	3	  - artifacts/rust-tauri/R02/T06/repair-r1/reg-r02_t02_path_priority/a04-summary.txt
tests/round2-delivery-evidence.test.ts	3	  - artifacts/rust-tauri/R02/T06/repair-r1/reg-r02_t03_auth_matrix/.last-body
tests/round2-delivery-evidence.test.ts	3	  - artifacts/rust-tauri/R02/T06/repair-r1/reg-r02_t03_auth_matrix/body-limit.txt
tests/round2-delivery-evidence.test.ts	3	  - artifacts/rust-tauri/R02/T06/repair-r1/reg-r02_t03_auth_matrix/creds-after-authz.json
tests/round2-delivery-evidence.test.ts	3	  - artifacts/rust-tauri/R02/T06/repair-r1/reg-r02_t03_auth_matrix/creds-before-authz.json
tests/round2-delivery-evidence.test.ts	3	  - artifacts/rust-tauri/R02/T06/repair-r1/reg-r02_t03_auth_matrix/devices-after-authz.json
tests/round2-delivery-evidence.test.ts	3	  - artifacts/rust-tauri/R02/T06/repair-r1/reg-r02_t03_auth_matrix/devices-before-authz.json
tests/round2-delivery-evidence.test.ts	3	  - artifacts/rust-tauri/R02/T06/repair-r1/reg-r02_t03_auth_matrix/state-after-authn.txt
tests/round2-delivery-evidence.test.ts	3	  - artifacts/rust-tauri/R02/T06/repair-r1/reg-r02_t03_auth_matrix/state-after.txt
tests/round2-delivery-evidence.test.ts	3	  - artifacts/rust-tauri/R02/T06/repair-r1/reg-r02_t03_auth_matrix/state-before-authz.txt
tests/round2-delivery-evidence.test.ts	3	  - artifacts/rust-tauri/R02/T06/repair-r1/reg-r02_t03_auth_matrix/state-before.txt
tests/round2-delivery-evidence.test.ts	3	  - artifacts/rust-tauri/R02/T06/repair-r1/reg-r02_t03_auth_matrix/summary.txt
tests/round2-delivery-evidence.test.ts	3	  - artifacts/rust-tauri/R02/T06/repair-r1/reg-r02_t03_auth_matrix/ws-matrix.json
tests/round2-delivery-evidence.test.ts	3	  - artifacts/rust-tauri/R02/T06/repair-r1/reg-r02_t04_storage_tx/last-db-hashes.txt
tests/round2-delivery-evidence.test.ts	3	  - artifacts/rust-tauri/R02/T06/repair-r1/reg-r02_t04_storage_tx/s1-counts-after-stop.json
tests/round2-delivery-evidence.test.ts	3	  - artifacts/rust-tauri/R02/T06/repair-r1/reg-r02_t04_storage_tx/s2-counts-after-crash.json
tests/round2-delivery-evidence.test.ts	3	  - artifacts/rust-tauri/R02/T06/repair-r1/reg-r02_t04_storage_tx/s2-runs-dump.jsonl
tests/round2-delivery-evidence.test.ts	3	  - artifacts/rust-tauri/R02/T06/repair-r1/reg-r02_t04_storage_tx/s3-fault.err
tests/round2-delivery-evidence.test.ts	3	  - artifacts/rust-tauri/R02/T06/repair-r1/reg-r02_t04_storage_tx/s3-fault.out
tests/round2-delivery-evidence.test.ts	3	  - artifacts/rust-tauri/R02/T06/repair-r1/reg-r02_t04_storage_tx/s4-hashes-after.txt
tests/round2-delivery-evidence.test.ts	3	  - artifacts/rust-tauri/R02/T06/repair-r1/reg-r02_t04_storage_tx/s4-hashes-before.txt
tests/round2-delivery-evidence.test.ts	3	  - artifacts/rust-tauri/R02/T06/repair-r1/reg-r02_t04_storage_tx/s4-migrations-round1.json
tests/round2-delivery-evidence.test.ts	3	  - artifacts/rust-tauri/R02/T06/repair-r1/reg-r02_t04_storage_tx/s4-migrations-round2.json
tests/round2-delivery-evidence.test.ts	3	  - artifacts/rust-tauri/R02/T06/repair-r1/reg-r02_t04_storage_tx/s4-migrations-round3.json
tests/round2-delivery-evidence.test.ts	3	  - artifacts/rust-tauri/R02/T06/repair-r1/reg-r02_t04_storage_tx/service-s1.err
tests/round2-delivery-evidence.test.ts	3	  - artifacts/rust-tauri/R02/T06/repair-r1/reg-r02_t04_storage_tx/service-s1.out
tests/round2-delivery-evidence.test.ts	3	  - artifacts/rust-tauri/R02/T06/repair-r1/reg-r02_t04_storage_tx/service-s1b.err
tests/round2-delivery-evidence.test.ts	3	  - artifacts/rust-tauri/R02/T06/repair-r1/reg-r02_t04_storage_tx/service-s1b.out
tests/round2-delivery-evidence.test.ts	3	  - artifacts/rust-tauri/R02/T06/repair-r1/reg-r02_t04_storage_tx/service-s2.err
tests/round2-delivery-evidence.test.ts	3	  - artifacts/rust-tauri/R02/T06/repair-r1/reg-r02_t04_storage_tx/service-s2.out
tests/round2-delivery-evidence.test.ts	3	  - artifacts/rust-tauri/R02/T06/repair-r1/reg-r02_t04_storage_tx/service-s2b.err
tests/round2-delivery-evidence.test.ts	3	  - artifacts/rust-tauri/R02/T06/repair-r1/reg-r02_t04_storage_tx/service-s2b.out
tests/round2-delivery-evidence.test.ts	3	  - artifacts/rust-tauri/R02/T06/repair-r1/reg-r02_t04_storage_tx/service-s4-1.err
tests/round2-delivery-evidence.test.ts	3	  - artifacts/rust-tauri/R02/T06/repair-r1/reg-r02_t04_storage_tx/service-s4-1.out
tests/round2-delivery-evidence.test.ts	3	  - artifacts/rust-tauri/R02/T06/repair-r1/reg-r02_t04_storage_tx/service-s4-2.err
tests/round2-delivery-evidence.test.ts	3	  - artifacts/rust-tauri/R02/T06/repair-r1/reg-r02_t04_storage_tx/service-s4-2.out
tests/round2-delivery-evidence.test.ts	3	  - artifacts/rust-tauri/R02/T06/repair-r1/reg-r02_t04_storage_tx/service-s4-3.err
tests/round2-delivery-evidence.test.ts	3	  - artifacts/rust-tauri/R02/T06/repair-r1/reg-r02_t04_storage_tx/service-s4-3.out
tests/round2-delivery-evidence.test.ts	3	  - artifacts/rust-tauri/R02/T06/repair-r1/reg-r02_t04_storage_tx/service.addr
tests/round2-delivery-evidence.test.ts	3	  - artifacts/rust-tauri/R02/T06/repair-r1/reg-r02_t04_storage_tx/service.pid
tests/round2-delivery-evidence.test.ts	3	  - artifacts/rust-tauri/R02/T06/repair-r1/reg-r02_t04_storage_tx/summary.txt
tests/round2-delivery-evidence.test.ts	3	  - artifacts/rust-tauri/R02/T06/repair-r1/reg-r02_t05_events_matrix/a09-merged-view.json
tests/round2-delivery-evidence.test.ts	3	  - artifacts/rust-tauri/R02/T06/repair-r1/reg-r02_t05_events_matrix/a10-rebuild-diff.json
tests/round2-delivery-evidence.test.ts	3	  - artifacts/rust-tauri/R02/T06/repair-r1/reg-r02_t05_events_matrix/key-events-dump.json
tests/round2-delivery-evidence.test.ts	3	  - artifacts/rust-tauri/R02/T06/repair-r1/reg-r02_t05_events_matrix/matrix.json
tests/round2-delivery-evidence.test.ts	3	  - artifacts/rust-tauri/R02/T06/repair-r1/reg-r02_t05_events_matrix/probe-matrix.jsonl
tests/round2-delivery-evidence.test.ts	3	  - artifacts/rust-tauri/R02/T06/repair-r1/reg-r02_t05_events_matrix/service.err
tests/round2-delivery-evidence.test.ts	3	  - artifacts/rust-tauri/R02/T06/repair-r1/reg-r02_t05_events_matrix/service.out
tests/round2-delivery-evidence.test.ts	3	  - artifacts/rust-tauri/R02/T06/repair-r1/reg-r02_t05_events_matrix/summary.txt
tests/round2-delivery-evidence.test.ts	3	  - artifacts/rust-tauri/R02/T07/gates/reg-t01-smoke/a01-cargo-metadata.err
tests/round2-delivery-evidence.test.ts	3	  - artifacts/rust-tauri/R02/T07/gates/reg-t01-smoke/a01-cargo-metadata.json
tests/round2-delivery-evidence.test.ts	3	  - artifacts/rust-tauri/R02/T07/gates/reg-t01-smoke/a01-health-body.json
tests/round2-delivery-evidence.test.ts	3	  - artifacts/rust-tauri/R02/T07/gates/reg-t02-dual-instance/a03-forged-record.json
tests/round2-delivery-evidence.test.ts	3	  - artifacts/rust-tauri/R02/T07/gates/reg-t02-dual-instance/a03-inst1-health.json
tests/round2-delivery-evidence.test.ts	3	  - artifacts/rust-tauri/R02/T07/gates/reg-t02-dual-instance/a03-inst2-marker.txt
tests/round2-delivery-evidence.test.ts	3	  - artifacts/rust-tauri/R02/T07/gates/reg-t02-dual-instance/a03-summary.txt
tests/round2-delivery-evidence.test.ts	3	  - artifacts/rust-tauri/R02/T07/gates/reg-t02-path-priority/a04-summary.txt
tests/round2-delivery-evidence.test.ts	3	  - artifacts/rust-tauri/R02/T07/gates/reg-t03-auth-matrix/.last-body
tests/round2-delivery-evidence.test.ts	3	  - artifacts/rust-tauri/R02/T07/gates/reg-t03-auth-matrix/body-limit.txt
tests/round2-delivery-evidence.test.ts	3	  - artifacts/rust-tauri/R02/T07/gates/reg-t03-auth-matrix/creds-after-authz.json
tests/round2-delivery-evidence.test.ts	3	  - artifacts/rust-tauri/R02/T07/gates/reg-t03-auth-matrix/creds-before-authz.json
tests/round2-delivery-evidence.test.ts	3	  - artifacts/rust-tauri/R02/T07/gates/reg-t03-auth-matrix/devices-after-authz.json
tests/round2-delivery-evidence.test.ts	3	  - artifacts/rust-tauri/R02/T07/gates/reg-t03-auth-matrix/devices-before-authz.json
tests/round2-delivery-evidence.test.ts	3	  - artifacts/rust-tauri/R02/T07/gates/reg-t03-auth-matrix/state-after-authn.txt
tests/round2-delivery-evidence.test.ts	3	  - artifacts/rust-tauri/R02/T07/gates/reg-t03-auth-matrix/state-after.txt
tests/round2-delivery-evidence.test.ts	3	  - artifacts/rust-tauri/R02/T07/gates/reg-t03-auth-matrix/state-before-authz.txt
tests/round2-delivery-evidence.test.ts	3	  - artifacts/rust-tauri/R02/T07/gates/reg-t03-auth-matrix/state-before.txt
tests/round2-delivery-evidence.test.ts	3	  - artifacts/rust-tauri/R02/T07/gates/reg-t03-auth-matrix/summary.txt
tests/round2-delivery-evidence.test.ts	3	  - artifacts/rust-tauri/R02/T07/gates/reg-t03-auth-matrix/ws-matrix.json
tests/round2-delivery-evidence.test.ts	3	  - artifacts/rust-tauri/R02/T07/gates/reg-t04-storage-tx/last-db-hashes.txt
tests/round2-delivery-evidence.test.ts	3	  - artifacts/rust-tauri/R02/T07/gates/reg-t04-storage-tx/s1-counts-after-stop.json
tests/round2-delivery-evidence.test.ts	3	  - artifacts/rust-tauri/R02/T07/gates/reg-t04-storage-tx/s2-counts-after-crash.json
tests/round2-delivery-evidence.test.ts	3	  - artifacts/rust-tauri/R02/T07/gates/reg-t04-storage-tx/s2-runs-dump.jsonl
tests/round2-delivery-evidence.test.ts	3	  - artifacts/rust-tauri/R02/T07/gates/reg-t04-storage-tx/s3-fault.err
tests/round2-delivery-evidence.test.ts	3	  - artifacts/rust-tauri/R02/T07/gates/reg-t04-storage-tx/s3-fault.out
tests/round2-delivery-evidence.test.ts	3	  - artifacts/rust-tauri/R02/T07/gates/reg-t04-storage-tx/s4-hashes-after.txt
tests/round2-delivery-evidence.test.ts	3	  - artifacts/rust-tauri/R02/T07/gates/reg-t04-storage-tx/s4-hashes-before.txt
tests/round2-delivery-evidence.test.ts	3	  - artifacts/rust-tauri/R02/T07/gates/reg-t04-storage-tx/s4-migrations-round1.json
tests/round2-delivery-evidence.test.ts	3	  - artifacts/rust-tauri/R02/T07/gates/reg-t04-storage-tx/s4-migrations-round2.json
tests/round2-delivery-evidence.test.ts	3	  - artifacts/rust-tauri/R02/T07/gates/reg-t04-storage-tx/s4-migrations-round3.json
tests/round2-delivery-evidence.test.ts	3	  - artifacts/rust-tauri/R02/T07/gates/reg-t04-storage-tx/service-s1.err
tests/round2-delivery-evidence.test.ts	3	  - artifacts/rust-tauri/R02/T07/gates/reg-t04-storage-tx/service-s1.out
tests/round2-delivery-evidence.test.ts	3	  - artifacts/rust-tauri/R02/T07/gates/reg-t04-storage-tx/service-s1b.err
tests/round2-delivery-evidence.test.ts	3	  - artifacts/rust-tauri/R02/T07/gates/reg-t04-storage-tx/service-s1b.out
tests/round2-delivery-evidence.test.ts	3	  - artifacts/rust-tauri/R02/T07/gates/reg-t04-storage-tx/service-s2.err
tests/round2-delivery-evidence.test.ts	3	  - artifacts/rust-tauri/R02/T07/gates/reg-t04-storage-tx/service-s2.out
tests/round2-delivery-evidence.test.ts	3	  - artifacts/rust-tauri/R02/T07/gates/reg-t04-storage-tx/service-s2b.err
tests/round2-delivery-evidence.test.ts	3	  - artifacts/rust-tauri/R02/T07/gates/reg-t04-storage-tx/service-s2b.out
tests/round2-delivery-evidence.test.ts	3	  - artifacts/rust-tauri/R02/T07/gates/reg-t04-storage-tx/service-s4-1.err
tests/round2-delivery-evidence.test.ts	3	  - artifacts/rust-tauri/R02/T07/gates/reg-t04-storage-tx/service-s4-1.out
tests/round2-delivery-evidence.test.ts	3	  - artifacts/rust-tauri/R02/T07/gates/reg-t04-storage-tx/service-s4-2.err
tests/round2-delivery-evidence.test.ts	3	  - artifacts/rust-tauri/R02/T07/gates/reg-t04-storage-tx/service-s4-2.out
tests/round2-delivery-evidence.test.ts	3	  - artifacts/rust-tauri/R02/T07/gates/reg-t04-storage-tx/service-s4-3.err
tests/round2-delivery-evidence.test.ts	3	  - artifacts/rust-tauri/R02/T07/gates/reg-t04-storage-tx/service-s4-3.out
tests/round2-delivery-evidence.test.ts	3	  - artifacts/rust-tauri/R02/T07/gates/reg-t04-storage-tx/service.addr
tests/round2-delivery-evidence.test.ts	3	  - artifacts/rust-tauri/R02/T07/gates/reg-t04-storage-tx/service.pid
tests/round2-delivery-evidence.test.ts	3	  - artifacts/rust-tauri/R02/T07/gates/reg-t04-storage-tx/summary.txt
tests/round2-delivery-evidence.test.ts	3	  - artifacts/rust-tauri/R02/T07/gates/reg-t05-events-matrix/a09-merged-view.json
tests/round2-delivery-evidence.test.ts	3	  - artifacts/rust-tauri/R02/T07/gates/reg-t05-events-matrix/a10-rebuild-diff.json
tests/round2-delivery-evidence.test.ts	3	  - artifacts/rust-tauri/R02/T07/gates/reg-t05-events-matrix/key-events-dump.json
tests/round2-delivery-evidence.test.ts	3	  - artifacts/rust-tauri/R02/T07/gates/reg-t05-events-matrix/matrix.json
tests/round2-delivery-evidence.test.ts	3	  - artifacts/rust-tauri/R02/T07/gates/reg-t05-events-matrix/probe-matrix.jsonl
tests/round2-delivery-evidence.test.ts	3	  - artifacts/rust-tauri/R02/T07/gates/reg-t05-events-matrix/service.err
tests/round2-delivery-evidence.test.ts	3	  - artifacts/rust-tauri/R02/T07/gates/reg-t05-events-matrix/service.out
tests/round2-delivery-evidence.test.ts	3	  - artifacts/rust-tauri/R02/T07/gates/reg-t05-events-matrix/summary.txt
tests/round2-delivery-evidence.test.ts	3	  - artifacts/rust-tauri/R02/T07/gates/reg-t06-backup-restore/backup-restore/s1-backup-dir-listing.txt
tests/round2-delivery-evidence.test.ts	3	  - artifacts/rust-tauri/R02/T07/gates/reg-t06-backup-restore/backup-restore/s1-backup-outcome.json
tests/round2-delivery-evidence.test.ts	3	  - artifacts/rust-tauri/R02/T07/gates/reg-t06-backup-restore/backup-restore/s1-backup.err
tests/round2-delivery-evidence.test.ts	3	  - artifacts/rust-tauri/R02/T07/gates/reg-t06-backup-restore/backup-restore/s1-restore-outcome.json
tests/round2-delivery-evidence.test.ts	3	  - artifacts/rust-tauri/R02/T07/gates/reg-t06-backup-restore/backup-restore/s1-restore.err
tests/round2-delivery-evidence.test.ts	3	  - artifacts/rust-tauri/R02/T07/gates/reg-t06-backup-restore/backup-restore/s1-restored-dump.jsonl
tests/round2-delivery-evidence.test.ts	3	  - artifacts/rust-tauri/R02/T07/gates/reg-t06-backup-restore/backup-restore/s1-restored-hash.txt
tests/round2-delivery-evidence.test.ts	3	  - artifacts/rust-tauri/R02/T07/gates/reg-t06-backup-restore/backup-restore/s1-source-dump.jsonl
tests/round2-delivery-evidence.test.ts	3	  - artifacts/rust-tauri/R02/T07/gates/reg-t06-backup-restore/backup-restore/s1-source-hash.txt
tests/round2-delivery-evidence.test.ts	3	  - artifacts/rust-tauri/R02/T07/gates/reg-t06-backup-restore/backup-restore/s1-wal-size.txt
tests/round2-delivery-evidence.test.ts	3	  - artifacts/rust-tauri/R02/T07/gates/reg-t06-backup-restore/backup-restore/s3-backup-out.json
tests/round2-delivery-evidence.test.ts	3	  - artifacts/rust-tauri/R02/T07/gates/reg-t06-backup-restore/backup-restore/s3-backup.err
tests/round2-delivery-evidence.test.ts	3	  - artifacts/rust-tauri/R02/T07/gates/reg-t06-backup-restore/backup-restore/s4-ws-probe.json
tests/round2-delivery-evidence.test.ts	3	  - artifacts/rust-tauri/R02/T07/gates/reg-t06-backup-restore/backup-restore/s4-ws-probe.json.probe-done
tests/round2-delivery-evidence.test.ts	3	  - artifacts/rust-tauri/R02/T07/gates/reg-t06-backup-restore/backup-restore/service-s1.addr
tests/round2-delivery-evidence.test.ts	3	  - artifacts/rust-tauri/R02/T07/gates/reg-t06-backup-restore/backup-restore/service-s1.err
tests/round2-delivery-evidence.test.ts	3	  - artifacts/rust-tauri/R02/T07/gates/reg-t06-backup-restore/backup-restore/service-s1.out
tests/round2-delivery-evidence.test.ts	3	  - artifacts/rust-tauri/R02/T07/gates/reg-t06-backup-restore/backup-restore/service-s2.addr
tests/round2-delivery-evidence.test.ts	3	  - artifacts/rust-tauri/R02/T07/gates/reg-t06-backup-restore/backup-restore/service-s2.err
tests/round2-delivery-evidence.test.ts	3	  - artifacts/rust-tauri/R02/T07/gates/reg-t06-backup-restore/backup-restore/service-s2.out
tests/round2-delivery-evidence.test.ts	3	  - artifacts/rust-tauri/R02/T07/gates/reg-t06-backup-restore/backup-restore/service-s4.addr
tests/round2-delivery-evidence.test.ts	3	  - artifacts/rust-tauri/R02/T07/gates/reg-t06-backup-restore/backup-restore/service-s4.err
tests/round2-delivery-evidence.test.ts	3	  - artifacts/rust-tauri/R02/T07/gates/reg-t06-backup-restore/backup-restore/service-s4.out
tests/round2-delivery-evidence.test.ts	3	  - artifacts/rust-tauri/R02/T07/gates/reg-t06-backup-restore/backup-restore/service.pid
tests/round2-delivery-evidence.test.ts	3	  - artifacts/rust-tauri/R02/T07/gates/reg-t06-backup-restore/backup-restore/summary.txt
tests/round2-delivery-evidence.test.ts	3	  - artifacts/rust-tauri/R02/T07/gates/reg-t06-recovery-drill/recovery-drill/summary.txt
tests/round2-delivery-evidence.test.ts	3	  - artifacts/rust-tauri/R02/T07/gates/reg-t06-recovery-drill/recovery-drill/v1-hashes-after.txt
tests/round2-delivery-evidence.test.ts	3	  - artifacts/rust-tauri/R02/T07/gates/reg-t06-recovery-drill/recovery-drill/v1-hashes-before.txt
tests/round2-delivery-evidence.test.ts	3	  - artifacts/rust-tauri/R02/T07/gates/reg-t06-recovery-drill/recovery-drill/v1.err
tests/round2-delivery-evidence.test.ts	3	  - artifacts/rust-tauri/R02/T07/gates/reg-t06-recovery-drill/recovery-drill/v1.out
tests/round2-delivery-evidence.test.ts	3	  - artifacts/rust-tauri/R02/T07/gates/reg-t06-recovery-drill/recovery-drill/v2-hashes-after.txt
tests/round2-delivery-evidence.test.ts	3	  - artifacts/rust-tauri/R02/T07/gates/reg-t06-recovery-drill/recovery-drill/v2-hashes-before.txt
tests/round2-delivery-evidence.test.ts	3	  - artifacts/rust-tauri/R02/T07/gates/reg-t06-recovery-drill/recovery-drill/v2.err
tests/round2-delivery-evidence.test.ts	3	  - artifacts/rust-tauri/R02/T07/gates/reg-t06-recovery-drill/recovery-drill/v2.out
tests/round2-delivery-evidence.test.ts	3	  - artifacts/rust-tauri/R02/T07/gates/reg-t06-recovery-drill/recovery-drill/v3-hashes-after.txt
tests/round2-delivery-evidence.test.ts	3	  - artifacts/rust-tauri/R02/T07/gates/reg-t06-recovery-drill/recovery-drill/v3-hashes-before.txt
tests/round2-delivery-evidence.test.ts	3	  - artifacts/rust-tauri/R02/T07/gates/reg-t06-recovery-drill/recovery-drill/v3.err
tests/round2-delivery-evidence.test.ts	3	  - artifacts/rust-tauri/R02/T07/gates/reg-t06-recovery-drill/recovery-drill/v3.out
tests/round2-delivery-evidence.test.ts	3	  - artifacts/rust-tauri/R02/T07/gates/reg-t06-recovery-drill/recovery-drill/v4.err
tests/round2-delivery-evidence.test.ts	3	  - artifacts/rust-tauri/R02/T07/gates/reg-t06-recovery-drill/recovery-drill/v4.out
tests/round2-delivery-evidence.test.ts	3	  - artifacts/rust-tauri/R02/T07/gates/reg-t06-recovery-drill/recovery-drill/v5-hashes-after.txt
tests/round2-delivery-evidence.test.ts	3	  - artifacts/rust-tauri/R02/T07/gates/reg-t06-recovery-drill/recovery-drill/v5-hashes-before.txt
tests/round2-delivery-evidence.test.ts	3	  - artifacts/rust-tauri/R02/T07/gates/reg-t06-recovery-drill/recovery-drill/v5.err
tests/round2-delivery-evidence.test.ts	3	  - artifacts/rust-tauri/R02/T07/gates/reg-t06-recovery-drill/recovery-drill/v5.out
tests/round2-delivery-evidence.test.ts	3	  - artifacts/rust-tauri/R02/T07/gates/reg-t06-recovery-drill/recovery-drill/v6-recovered-dump.jsonl
tests/round2-delivery-evidence.test.ts	3	  - artifacts/rust-tauri/R02/T07/gates/reg-t06-recovery-drill/recovery-drill/v6-seed-execute.txt
tests/round2-delivery-evidence.test.ts	3	  - artifacts/rust-tauri/R02/T07/gates/reg-t06-recovery-drill/recovery-drill/v6-seed.err
tests/round2-delivery-evidence.test.ts	3	  - artifacts/rust-tauri/R02/T07/gates/reg-t06-recovery-drill/recovery-drill/v6-seed.out
tests/round2-delivery-evidence.test.ts	3	  - artifacts/rust-tauri/R02/T07/gates/reg-t06-recovery-drill/recovery-drill/v6.err
tests/round2-delivery-evidence.test.ts	3	  - artifacts/rust-tauri/R02/T07/gates/reg-t06-recovery-drill/recovery-drill/v6.out
tests/round2-delivery-evidence.test.ts	3	  - artifacts/rust-tauri/R02/T07/gates/reg-t06-recovery-drill/recovery-drill/v7-hashes-after.txt
tests/round2-delivery-evidence.test.ts	3	  - artifacts/rust-tauri/R02/T07/gates/reg-t06-recovery-drill/recovery-drill/v7-hashes-before.txt
tests/round2-delivery-evidence.test.ts	3	  - artifacts/rust-tauri/R02/T07/gates/reg-t06-recovery-drill/recovery-drill/v7-seed.err
tests/round2-delivery-evidence.test.ts	3	  - artifacts/rust-tauri/R02/T07/gates/reg-t06-recovery-drill/recovery-drill/v7-seed.out
tests/round2-delivery-evidence.test.ts	3	  - artifacts/rust-tauri/R02/T07/gates/reg-t06-recovery-drill/recovery-drill/v7.err
tests/round2-delivery-evidence.test.ts	3	  - artifacts/rust-tauri/R02/T07/gates/reg-t06-recovery-drill/recovery-drill/v7.out
tests/round2-delivery-evidence.test.ts	3	  - artifacts/rust-tauri/R02/T07/gates/reg-t06-recovery-drill/recovery-drill/v8-observed.err
tests/round2-delivery-evidence.test.ts	3	  - artifacts/rust-tauri/R02/T07/gates/reg-t06-recovery-drill/recovery-drill/v8-seed.err
tests/round2-delivery-evidence.test.ts	3	  - artifacts/rust-tauri/R02/T07/gates/reg-t06-recovery-drill/recovery-drill/v8-seed.out
tests/round2-delivery-evidence.test.ts	3	  - artifacts/rust-tauri/R02/T07/gates/reg-t06-recovery-drill/recovery-drill/v8.err
tests/round2-delivery-evidence.test.ts	3	  - artifacts/rust-tauri/R02/T07/gates/reg-t06-recovery-drill/recovery-drill/v8.out
tests/round2-delivery-evidence.test.ts	3	  - artifacts/rust-tauri/R02/T07/redaction-scan/inventory.txt
tests/round2-delivery-evidence.test.ts	3	  - artifacts/rust-tauri/R02/T07/redaction-scan/p1-execute-ok.body
tests/round2-delivery-evidence.test.ts	3	  - artifacts/rust-tauri/R02/T07/redaction-scan/p1-execute-ok.headers
tests/round2-delivery-evidence.test.ts	3	  - artifacts/rust-tauri/R02/T07/redaction-scan/p1-execute-request.json
tests/round2-delivery-evidence.test.ts	3	  - artifacts/rust-tauri/R02/T07/redaction-scan/p1-issue-credential.body
tests/round2-delivery-evidence.test.ts	3	  - artifacts/rust-tauri/R02/T07/redaction-scan/p1-issue-credential.headers
tests/round2-delivery-evidence.test.ts	3	  - artifacts/rust-tauri/R02/T07/redaction-scan/p1-issue-request.json
tests/round2-delivery-evidence.test.ts	3	  - artifacts/rust-tauri/R02/T07/redaction-scan/p1-me-ok.body
tests/round2-delivery-evidence.test.ts	3	  - artifacts/rust-tauri/R02/T07/redaction-scan/p1-me-ok.headers
tests/round2-delivery-evidence.test.ts	3	  - artifacts/rust-tauri/R02/T07/redaction-scan/p1-ticket-request.json
tests/round2-delivery-evidence.test.ts	3	  - artifacts/rust-tauri/R02/T07/redaction-scan/p1-ticket.body
tests/round2-delivery-evidence.test.ts	3	  - artifacts/rust-tauri/R02/T07/redaction-scan/p1-ticket.headers
tests/round2-delivery-evidence.test.ts	3	  - artifacts/rust-tauri/R02/T07/redaction-scan/p2-me-bad-bearer.body
tests/round2-delivery-evidence.test.ts	3	  - artifacts/rust-tauri/R02/T07/redaction-scan/p2-me-bad-bearer.headers
tests/round2-delivery-evidence.test.ts	3	  - artifacts/rust-tauri/R02/T07/redaction-scan/p2-me-no-auth.body
tests/round2-delivery-evidence.test.ts	3	  - artifacts/rust-tauri/R02/T07/redaction-scan/p2-me-no-auth.headers
tests/round2-delivery-evidence.test.ts	3	  - artifacts/rust-tauri/R02/T07/redaction-scan/p2-session-cross.body
tests/round2-delivery-evidence.test.ts	3	  - artifacts/rust-tauri/R02/T07/redaction-scan/p2-session-cross.headers
tests/round2-delivery-evidence.test.ts	3	  - artifacts/rust-tauri/R02/T07/redaction-scan/p2-session-missing.body
tests/round2-delivery-evidence.test.ts	3	  - artifacts/rust-tauri/R02/T07/redaction-scan/p2-session-missing.headers
tests/round2-delivery-evidence.test.ts	3	  - artifacts/rust-tauri/R02/T07/redaction-scan/p2-ws-bad-query.body
tests/round2-delivery-evidence.test.ts	3	  - artifacts/rust-tauri/R02/T07/redaction-scan/p2-ws-bad-query.headers
tests/round2-delivery-evidence.test.ts	3	  - artifacts/rust-tauri/R02/T07/redaction-scan/p2-ws-transcript.txt
tests/round2-delivery-evidence.test.ts	3	  - artifacts/rust-tauri/R02/T07/redaction-scan/p3-burst-1.body
tests/round2-delivery-evidence.test.ts	3	  - artifacts/rust-tauri/R02/T07/redaction-scan/p3-burst-2.body
tests/round2-delivery-evidence.test.ts	3	  - artifacts/rust-tauri/R02/T07/redaction-scan/p3-burst-3.body
tests/round2-delivery-evidence.test.ts	3	  - artifacts/rust-tauri/R02/T07/redaction-scan/p3-burst-4.body
tests/round2-delivery-evidence.test.ts	3	  - artifacts/rust-tauri/R02/T07/redaction-scan/p3-burst-5.body
tests/round2-delivery-evidence.test.ts	3	  - artifacts/rust-tauri/R02/T07/redaction-scan/p3-burst-6.body
tests/round2-delivery-evidence.test.ts	3	  - artifacts/rust-tauri/R02/T07/redaction-scan/p3-burst-7.body
tests/round2-delivery-evidence.test.ts	3	  - artifacts/rust-tauri/R02/T07/redaction-scan/p3-burst-8.body
tests/round2-delivery-evidence.test.ts	3	  - artifacts/rust-tauri/R02/T07/redaction-scan/p3-execute-request.json
tests/round2-delivery-evidence.test.ts	3	  - artifacts/rust-tauri/R02/T07/redaction-scan/p3-status-codes.txt
tests/round2-delivery-evidence.test.ts	3	  - artifacts/rust-tauri/R02/T07/redaction-scan/service-p1.addr
tests/round2-delivery-evidence.test.ts	3	  - artifacts/rust-tauri/R02/T07/redaction-scan/service-p1.err
tests/round2-delivery-evidence.test.ts	3	  - artifacts/rust-tauri/R02/T07/redaction-scan/service-p1.out
tests/round2-delivery-evidence.test.ts	3	  - artifacts/rust-tauri/R02/T07/redaction-scan/service-p3.addr
tests/round2-delivery-evidence.test.ts	3	  - artifacts/rust-tauri/R02/T07/redaction-scan/service-p3.err
tests/round2-delivery-evidence.test.ts	3	  - artifacts/rust-tauri/R02/T07/redaction-scan/service-p3.out
tests/round2-delivery-evidence.test.ts	3	  - artifacts/rust-tauri/R02/T07/redaction-scan/service-p4.err
tests/round2-delivery-evidence.test.ts	3	  - artifacts/rust-tauri/R02/T07/redaction-scan/service-p4.out
tests/round2-delivery-evidence.test.ts	3	  - artifacts/rust-tauri/R02/T07/redaction-scan/summary.txt
tests/round2-delivery-evidence.test.ts	3	  - artifacts/rust-tauri/R02/T07/slow-subscriber/detach-lines.txt
tests/round2-delivery-evidence.test.ts	3	  - artifacts/rust-tauri/R02/T07/slow-subscriber/rss-samples.csv
tests/round2-delivery-evidence.test.ts	3	  - artifacts/rust-tauri/R02/T07/slow-subscriber/service.err
tests/round2-delivery-evidence.test.ts	3	  - artifacts/rust-tauri/R02/T07/slow-subscriber/service.out
tests/round2-delivery-evidence.test.ts	3	  - artifacts/rust-tauri/R02/T07/slow-subscriber/storm-results.json
tests/round2-delivery-evidence.test.ts	3	  - artifacts/rust-tauri/R02/T07/slow-subscriber/summary.txt
tests/round2-delivery-evidence.test.ts	3	  - artifacts/rust-tauri/R02/T08/gates/verify-stage-run1-missing-evidence-FAIL.json
tests/round2-delivery-evidence.test.ts	3	  - artifacts/rust-tauri/R02/T08/gates/xtask-help.txt
tests/round2-delivery-evidence.test.ts	3	  - artifacts/rust-tauri/R02/T08/gates/xtask-unknown-stage-exit2.txt
tests/round2-delivery-evidence.test.ts	3	  - artifacts/rust-tauri/R02/T08/gates/xtask-unknown-subcommand-exit2.txt
tests/round2-delivery-evidence.test.ts	3	  - artifacts/rust-tauri/R02/T08/verify-stage/A01/a01-cargo-metadata.err
tests/round2-delivery-evidence.test.ts	3	  - artifacts/rust-tauri/R02/T08/verify-stage/A01/a01-cargo-metadata.json
tests/round2-delivery-evidence.test.ts	3	  - artifacts/rust-tauri/R02/T08/verify-stage/A01/a01-health-body.json
tests/round2-delivery-evidence.test.ts	3	  - artifacts/rust-tauri/R02/T08/verify-stage/A03/a03-forged-record.json
tests/round2-delivery-evidence.test.ts	3	  - artifacts/rust-tauri/R02/T08/verify-stage/A03/a03-inst1-health.json
tests/round2-delivery-evidence.test.ts	3	  - artifacts/rust-tauri/R02/T08/verify-stage/A03/a03-inst2-marker.txt
tests/round2-delivery-evidence.test.ts	3	  - artifacts/rust-tauri/R02/T08/verify-stage/A03/a03-summary.txt
tests/round2-delivery-evidence.test.ts	3	  - artifacts/rust-tauri/R02/T08/verify-stage/A04/a04-summary.txt
tests/round2-delivery-evidence.test.ts	3	  - artifacts/rust-tauri/R02/T08/verify-stage/A05_A06/.last-body
tests/round2-delivery-evidence.test.ts	3	  - artifacts/rust-tauri/R02/T08/verify-stage/A05_A06/body-limit.txt
tests/round2-delivery-evidence.test.ts	3	  - artifacts/rust-tauri/R02/T08/verify-stage/A05_A06/creds-after-authz.json
tests/round2-delivery-evidence.test.ts	3	  - artifacts/rust-tauri/R02/T08/verify-stage/A05_A06/creds-before-authz.json
tests/round2-delivery-evidence.test.ts	3	  - artifacts/rust-tauri/R02/T08/verify-stage/A05_A06/devices-after-authz.json
tests/round2-delivery-evidence.test.ts	3	  - artifacts/rust-tauri/R02/T08/verify-stage/A05_A06/devices-before-authz.json
tests/round2-delivery-evidence.test.ts	3	  - artifacts/rust-tauri/R02/T08/verify-stage/A05_A06/state-after-authn.txt
tests/round2-delivery-evidence.test.ts	3	  - artifacts/rust-tauri/R02/T08/verify-stage/A05_A06/state-after.txt
tests/round2-delivery-evidence.test.ts	3	  - artifacts/rust-tauri/R02/T08/verify-stage/A05_A06/state-before-authz.txt
tests/round2-delivery-evidence.test.ts	3	  - artifacts/rust-tauri/R02/T08/verify-stage/A05_A06/state-before.txt
tests/round2-delivery-evidence.test.ts	3	  - artifacts/rust-tauri/R02/T08/verify-stage/A05_A06/summary.txt
tests/round2-delivery-evidence.test.ts	3	  - artifacts/rust-tauri/R02/T08/verify-stage/A05_A06/ws-matrix.json
tests/round2-delivery-evidence.test.ts	3	  - artifacts/rust-tauri/R02/T08/verify-stage/A07_A08/last-db-hashes.txt
tests/round2-delivery-evidence.test.ts	3	  - artifacts/rust-tauri/R02/T08/verify-stage/A07_A08/s1-counts-after-stop.json
tests/round2-delivery-evidence.test.ts	3	  - artifacts/rust-tauri/R02/T08/verify-stage/A07_A08/s2-counts-after-crash.json
tests/round2-delivery-evidence.test.ts	3	  - artifacts/rust-tauri/R02/T08/verify-stage/A07_A08/s2-runs-dump.jsonl
tests/round2-delivery-evidence.test.ts	3	  - artifacts/rust-tauri/R02/T08/verify-stage/A07_A08/s3-fault.err
tests/round2-delivery-evidence.test.ts	3	  - artifacts/rust-tauri/R02/T08/verify-stage/A07_A08/s3-fault.out
tests/round2-delivery-evidence.test.ts	3	  - artifacts/rust-tauri/R02/T08/verify-stage/A07_A08/s4-hashes-after.txt
tests/round2-delivery-evidence.test.ts	3	  - artifacts/rust-tauri/R02/T08/verify-stage/A07_A08/s4-hashes-before.txt
tests/round2-delivery-evidence.test.ts	3	  - artifacts/rust-tauri/R02/T08/verify-stage/A07_A08/s4-migrations-round1.json
tests/round2-delivery-evidence.test.ts	3	  - artifacts/rust-tauri/R02/T08/verify-stage/A07_A08/s4-migrations-round2.json
tests/round2-delivery-evidence.test.ts	3	  - artifacts/rust-tauri/R02/T08/verify-stage/A07_A08/s4-migrations-round3.json
tests/round2-delivery-evidence.test.ts	3	  - artifacts/rust-tauri/R02/T08/verify-stage/A07_A08/service-s1.err
tests/round2-delivery-evidence.test.ts	3	  - artifacts/rust-tauri/R02/T08/verify-stage/A07_A08/service-s1.out
tests/round2-delivery-evidence.test.ts	3	  - artifacts/rust-tauri/R02/T08/verify-stage/A07_A08/service-s1b.err
tests/round2-delivery-evidence.test.ts	3	  - artifacts/rust-tauri/R02/T08/verify-stage/A07_A08/service-s1b.out
tests/round2-delivery-evidence.test.ts	3	  - artifacts/rust-tauri/R02/T08/verify-stage/A07_A08/service-s2.err
tests/round2-delivery-evidence.test.ts	3	  - artifacts/rust-tauri/R02/T08/verify-stage/A07_A08/service-s2.out
tests/round2-delivery-evidence.test.ts	3	  - artifacts/rust-tauri/R02/T08/verify-stage/A07_A08/service-s2b.err
tests/round2-delivery-evidence.test.ts	3	  - artifacts/rust-tauri/R02/T08/verify-stage/A07_A08/service-s2b.out
tests/round2-delivery-evidence.test.ts	3	  - artifacts/rust-tauri/R02/T08/verify-stage/A07_A08/service-s4-1.err
tests/round2-delivery-evidence.test.ts	3	  - artifacts/rust-tauri/R02/T08/verify-stage/A07_A08/service-s4-1.out
tests/round2-delivery-evidence.test.ts	3	  - artifacts/rust-tauri/R02/T08/verify-stage/A07_A08/service-s4-2.err
tests/round2-delivery-evidence.test.ts	3	  - artifacts/rust-tauri/R02/T08/verify-stage/A07_A08/service-s4-2.out
tests/round2-delivery-evidence.test.ts	3	  - artifacts/rust-tauri/R02/T08/verify-stage/A07_A08/service-s4-3.err
tests/round2-delivery-evidence.test.ts	3	  - artifacts/rust-tauri/R02/T08/verify-stage/A07_A08/service-s4-3.out
tests/round2-delivery-evidence.test.ts	3	  - artifacts/rust-tauri/R02/T08/verify-stage/A07_A08/service.addr
tests/round2-delivery-evidence.test.ts	3	  - artifacts/rust-tauri/R02/T08/verify-stage/A07_A08/service.pid
tests/round2-delivery-evidence.test.ts	3	  - artifacts/rust-tauri/R02/T08/verify-stage/A07_A08/summary.txt
tests/round2-delivery-evidence.test.ts	3	  - artifacts/rust-tauri/R02/T08/verify-stage/A09_A10/a09-merged-view.json
tests/round2-delivery-evidence.test.ts	3	  - artifacts/rust-tauri/R02/T08/verify-stage/A09_A10/a10-rebuild-diff.json
tests/round2-delivery-evidence.test.ts	3	  - artifacts/rust-tauri/R02/T08/verify-stage/A09_A10/key-events-dump.json
tests/round2-delivery-evidence.test.ts	3	  - artifacts/rust-tauri/R02/T08/verify-stage/A09_A10/matrix.json
tests/round2-delivery-evidence.test.ts	3	  - artifacts/rust-tauri/R02/T08/verify-stage/A09_A10/probe-matrix.jsonl
tests/round2-delivery-evidence.test.ts	3	  - artifacts/rust-tauri/R02/T08/verify-stage/A09_A10/service.err
tests/round2-delivery-evidence.test.ts	3	  - artifacts/rust-tauri/R02/T08/verify-stage/A09_A10/service.out
tests/round2-delivery-evidence.test.ts	3	  - artifacts/rust-tauri/R02/T08/verify-stage/A09_A10/summary.txt
tests/round2-delivery-evidence.test.ts	3	  - artifacts/rust-tauri/R02/T08/verify-stage/A11/backup-restore/s1-backup-dir-listing.txt
tests/round2-delivery-evidence.test.ts	3	  - artifacts/rust-tauri/R02/T08/verify-stage/A11/backup-restore/s1-backup-outcome.json
tests/round2-delivery-evidence.test.ts	3	  - artifacts/rust-tauri/R02/T08/verify-stage/A11/backup-restore/s1-backup.err
tests/round2-delivery-evidence.test.ts	3	  - artifacts/rust-tauri/R02/T08/verify-stage/A11/backup-restore/s1-restore-outcome.json
tests/round2-delivery-evidence.test.ts	3	  - artifacts/rust-tauri/R02/T08/verify-stage/A11/backup-restore/s1-restore.err
tests/round2-delivery-evidence.test.ts	3	  - artifacts/rust-tauri/R02/T08/verify-stage/A11/backup-restore/s1-restored-dump.jsonl
tests/round2-delivery-evidence.test.ts	3	  - artifacts/rust-tauri/R02/T08/verify-stage/A11/backup-restore/s1-restored-hash.txt
tests/round2-delivery-evidence.test.ts	3	  - artifacts/rust-tauri/R02/T08/verify-stage/A11/backup-restore/s1-source-dump.jsonl
tests/round2-delivery-evidence.test.ts	3	  - artifacts/rust-tauri/R02/T08/verify-stage/A11/backup-restore/s1-source-hash.txt
tests/round2-delivery-evidence.test.ts	3	  - artifacts/rust-tauri/R02/T08/verify-stage/A11/backup-restore/s1-wal-size.txt
tests/round2-delivery-evidence.test.ts	3	  - artifacts/rust-tauri/R02/T08/verify-stage/A11/backup-restore/s3-backup-out.json
tests/round2-delivery-evidence.test.ts	3	  - artifacts/rust-tauri/R02/T08/verify-stage/A11/backup-restore/s3-backup.err
tests/round2-delivery-evidence.test.ts	3	  - artifacts/rust-tauri/R02/T08/verify-stage/A11/backup-restore/s4-ws-probe.json
tests/round2-delivery-evidence.test.ts	3	  - artifacts/rust-tauri/R02/T08/verify-stage/A11/backup-restore/s4-ws-probe.json.probe-done
tests/round2-delivery-evidence.test.ts	3	  - artifacts/rust-tauri/R02/T08/verify-stage/A11/backup-restore/service-s1.addr
tests/round2-delivery-evidence.test.ts	3	  - artifacts/rust-tauri/R02/T08/verify-stage/A11/backup-restore/service-s1.err
tests/round2-delivery-evidence.test.ts	3	  - artifacts/rust-tauri/R02/T08/verify-stage/A11/backup-restore/service-s1.out
tests/round2-delivery-evidence.test.ts	3	  - artifacts/rust-tauri/R02/T08/verify-stage/A11/backup-restore/service-s2.addr
tests/round2-delivery-evidence.test.ts	3	  - artifacts/rust-tauri/R02/T08/verify-stage/A11/backup-restore/service-s2.err
tests/round2-delivery-evidence.test.ts	3	  - artifacts/rust-tauri/R02/T08/verify-stage/A11/backup-restore/service-s2.out
tests/round2-delivery-evidence.test.ts	3	  - artifacts/rust-tauri/R02/T08/verify-stage/A11/backup-restore/service-s4.addr
tests/round2-delivery-evidence.test.ts	3	  - artifacts/rust-tauri/R02/T08/verify-stage/A11/backup-restore/service-s4.err
tests/round2-delivery-evidence.test.ts	3	  - artifacts/rust-tauri/R02/T08/verify-stage/A11/backup-restore/service-s4.out
tests/round2-delivery-evidence.test.ts	3	  - artifacts/rust-tauri/R02/T08/verify-stage/A11/backup-restore/service.pid
tests/round2-delivery-evidence.test.ts	3	  - artifacts/rust-tauri/R02/T08/verify-stage/A11/backup-restore/summary.txt
tests/round2-delivery-evidence.test.ts	3	  - artifacts/rust-tauri/R02/T08/verify-stage/A12/recovery-drill/summary.txt
tests/round2-delivery-evidence.test.ts	3	  - artifacts/rust-tauri/R02/T08/verify-stage/A12/recovery-drill/v1-hashes-after.txt
tests/round2-delivery-evidence.test.ts	3	  - artifacts/rust-tauri/R02/T08/verify-stage/A12/recovery-drill/v1-hashes-before.txt
tests/round2-delivery-evidence.test.ts	3	  - artifacts/rust-tauri/R02/T08/verify-stage/A12/recovery-drill/v1.err
tests/round2-delivery-evidence.test.ts	3	  - artifacts/rust-tauri/R02/T08/verify-stage/A12/recovery-drill/v1.out
tests/round2-delivery-evidence.test.ts	3	  - artifacts/rust-tauri/R02/T08/verify-stage/A12/recovery-drill/v2-hashes-after.txt
tests/round2-delivery-evidence.test.ts	3	  - artifacts/rust-tauri/R02/T08/verify-stage/A12/recovery-drill/v2-hashes-before.txt
tests/round2-delivery-evidence.test.ts	3	  - artifacts/rust-tauri/R02/T08/verify-stage/A12/recovery-drill/v2.err
tests/round2-delivery-evidence.test.ts	3	  - artifacts/rust-tauri/R02/T08/verify-stage/A12/recovery-drill/v2.out
tests/round2-delivery-evidence.test.ts	3	  - artifacts/rust-tauri/R02/T08/verify-stage/A12/recovery-drill/v3-hashes-after.txt
tests/round2-delivery-evidence.test.ts	3	  - artifacts/rust-tauri/R02/T08/verify-stage/A12/recovery-drill/v3-hashes-before.txt
tests/round2-delivery-evidence.test.ts	3	  - artifacts/rust-tauri/R02/T08/verify-stage/A12/recovery-drill/v3.err
tests/round2-delivery-evidence.test.ts	3	  - artifacts/rust-tauri/R02/T08/verify-stage/A12/recovery-drill/v3.out
tests/round2-delivery-evidence.test.ts	3	  - artifacts/rust-tauri/R02/T08/verify-stage/A12/recovery-drill/v4.err
tests/round2-delivery-evidence.test.ts	3	  - artifacts/rust-tauri/R02/T08/verify-stage/A12/recovery-drill/v4.out
tests/round2-delivery-evidence.test.ts	3	  - artifacts/rust-tauri/R02/T08/verify-stage/A12/recovery-drill/v5-hashes-after.txt
tests/round2-delivery-evidence.test.ts	3	  - artifacts/rust-tauri/R02/T08/verify-stage/A12/recovery-drill/v5-hashes-before.txt
tests/round2-delivery-evidence.test.ts	3	  - artifacts/rust-tauri/R02/T08/verify-stage/A12/recovery-drill/v5.err
tests/round2-delivery-evidence.test.ts	3	  - artifacts/rust-tauri/R02/T08/verify-stage/A12/recovery-drill/v5.out
tests/round2-delivery-evidence.test.ts	3	  - artifacts/rust-tauri/R02/T08/verify-stage/A12/recovery-drill/v6-recovered-dump.jsonl
tests/round2-delivery-evidence.test.ts	3	  - artifacts/rust-tauri/R02/T08/verify-stage/A12/recovery-drill/v6-seed-execute.txt
tests/round2-delivery-evidence.test.ts	3	  - artifacts/rust-tauri/R02/T08/verify-stage/A12/recovery-drill/v6-seed.err
tests/round2-delivery-evidence.test.ts	3	  - artifacts/rust-tauri/R02/T08/verify-stage/A12/recovery-drill/v6-seed.out
tests/round2-delivery-evidence.test.ts	3	  - artifacts/rust-tauri/R02/T08/verify-stage/A12/recovery-drill/v6.err
tests/round2-delivery-evidence.test.ts	3	  - artifacts/rust-tauri/R02/T08/verify-stage/A12/recovery-drill/v6.out
tests/round2-delivery-evidence.test.ts	3	  - artifacts/rust-tauri/R02/T08/verify-stage/A12/recovery-drill/v7-hashes-after.txt
tests/round2-delivery-evidence.test.ts	3	  - artifacts/rust-tauri/R02/T08/verify-stage/A12/recovery-drill/v7-hashes-before.txt
tests/round2-delivery-evidence.test.ts	3	  - artifacts/rust-tauri/R02/T08/verify-stage/A12/recovery-drill/v7-seed.err
tests/round2-delivery-evidence.test.ts	3	  - artifacts/rust-tauri/R02/T08/verify-stage/A12/recovery-drill/v7-seed.out
tests/round2-delivery-evidence.test.ts	3	  - artifacts/rust-tauri/R02/T08/verify-stage/A12/recovery-drill/v7.err
tests/round2-delivery-evidence.test.ts	3	  - artifacts/rust-tauri/R02/T08/verify-stage/A12/recovery-drill/v7.out
tests/round2-delivery-evidence.test.ts	3	  - artifacts/rust-tauri/R02/T08/verify-stage/A12/recovery-drill/v8-observed.err
tests/round2-delivery-evidence.test.ts	3	  - artifacts/rust-tauri/R02/T08/verify-stage/A12/recovery-drill/v8-seed.err
tests/round2-delivery-evidence.test.ts	3	  - artifacts/rust-tauri/R02/T08/verify-stage/A12/recovery-drill/v8-seed.out
tests/round2-delivery-evidence.test.ts	3	  - artifacts/rust-tauri/R02/T08/verify-stage/A12/recovery-drill/v8.err
tests/round2-delivery-evidence.test.ts	3	  - artifacts/rust-tauri/R02/T08/verify-stage/A12/recovery-drill/v8.out
tests/round2-delivery-evidence.test.ts	3	  - artifacts/rust-tauri/R02/T08/verify-stage/A13/redaction-scan/inventory.txt
tests/round2-delivery-evidence.test.ts	3	  - artifacts/rust-tauri/R02/T08/verify-stage/A13/redaction-scan/p1-execute-ok.body
tests/round2-delivery-evidence.test.ts	3	  - artifacts/rust-tauri/R02/T08/verify-stage/A13/redaction-scan/p1-execute-ok.headers
tests/round2-delivery-evidence.test.ts	3	  - artifacts/rust-tauri/R02/T08/verify-stage/A13/redaction-scan/p1-execute-request.json
tests/round2-delivery-evidence.test.ts	3	  - artifacts/rust-tauri/R02/T08/verify-stage/A13/redaction-scan/p1-issue-credential.body
tests/round2-delivery-evidence.test.ts	3	  - artifacts/rust-tauri/R02/T08/verify-stage/A13/redaction-scan/p1-issue-credential.headers
tests/round2-delivery-evidence.test.ts	3	  - artifacts/rust-tauri/R02/T08/verify-stage/A13/redaction-scan/p1-issue-request.json
tests/round2-delivery-evidence.test.ts	3	  - artifacts/rust-tauri/R02/T08/verify-stage/A13/redaction-scan/p1-me-ok.body
tests/round2-delivery-evidence.test.ts	3	  - artifacts/rust-tauri/R02/T08/verify-stage/A13/redaction-scan/p1-me-ok.headers
tests/round2-delivery-evidence.test.ts	3	  - artifacts/rust-tauri/R02/T08/verify-stage/A13/redaction-scan/p1-ticket-request.json
tests/round2-delivery-evidence.test.ts	3	  - artifacts/rust-tauri/R02/T08/verify-stage/A13/redaction-scan/p1-ticket.body
tests/round2-delivery-evidence.test.ts	3	  - artifacts/rust-tauri/R02/T08/verify-stage/A13/redaction-scan/p1-ticket.headers
tests/round2-delivery-evidence.test.ts	3	  - artifacts/rust-tauri/R02/T08/verify-stage/A13/redaction-scan/p2-me-bad-bearer.body
tests/round2-delivery-evidence.test.ts	3	  - artifacts/rust-tauri/R02/T08/verify-stage/A13/redaction-scan/p2-me-bad-bearer.headers
tests/round2-delivery-evidence.test.ts	3	  - artifacts/rust-tauri/R02/T08/verify-stage/A13/redaction-scan/p2-me-no-auth.body
tests/round2-delivery-evidence.test.ts	3	  - artifacts/rust-tauri/R02/T08/verify-stage/A13/redaction-scan/p2-me-no-auth.headers
tests/round2-delivery-evidence.test.ts	3	  - artifacts/rust-tauri/R02/T08/verify-stage/A13/redaction-scan/p2-session-cross.body
tests/round2-delivery-evidence.test.ts	3	  - artifacts/rust-tauri/R02/T08/verify-stage/A13/redaction-scan/p2-session-cross.headers
tests/round2-delivery-evidence.test.ts	3	  - artifacts/rust-tauri/R02/T08/verify-stage/A13/redaction-scan/p2-session-missing.body
tests/round2-delivery-evidence.test.ts	3	  - artifacts/rust-tauri/R02/T08/verify-stage/A13/redaction-scan/p2-session-missing.headers
tests/round2-delivery-evidence.test.ts	3	  - artifacts/rust-tauri/R02/T08/verify-stage/A13/redaction-scan/p2-ws-bad-query.body
tests/round2-delivery-evidence.test.ts	3	  - artifacts/rust-tauri/R02/T08/verify-stage/A13/redaction-scan/p2-ws-bad-query.headers
tests/round2-delivery-evidence.test.ts	3	  - artifacts/rust-tauri/R02/T08/verify-stage/A13/redaction-scan/p2-ws-transcript.txt
tests/round2-delivery-evidence.test.ts	3	  - artifacts/rust-tauri/R02/T08/verify-stage/A13/redaction-scan/p3-burst-1.body
tests/round2-delivery-evidence.test.ts	3	  - artifacts/rust-tauri/R02/T08/verify-stage/A13/redaction-scan/p3-burst-2.body
tests/round2-delivery-evidence.test.ts	3	  - artifacts/rust-tauri/R02/T08/verify-stage/A13/redaction-scan/p3-burst-3.body
tests/round2-delivery-evidence.test.ts	3	  - artifacts/rust-tauri/R02/T08/verify-stage/A13/redaction-scan/p3-burst-4.body
tests/round2-delivery-evidence.test.ts	3	  - artifacts/rust-tauri/R02/T08/verify-stage/A13/redaction-scan/p3-burst-5.body
tests/round2-delivery-evidence.test.ts	3	  - artifacts/rust-tauri/R02/T08/verify-stage/A13/redaction-scan/p3-burst-6.body
tests/round2-delivery-evidence.test.ts	3	  - artifacts/rust-tauri/R02/T08/verify-stage/A13/redaction-scan/p3-burst-7.body
tests/round2-delivery-evidence.test.ts	3	  - artifacts/rust-tauri/R02/T08/verify-stage/A13/redaction-scan/p3-burst-8.body
tests/round2-delivery-evidence.test.ts	3	  - artifacts/rust-tauri/R02/T08/verify-stage/A13/redaction-scan/p3-execute-request.json
tests/round2-delivery-evidence.test.ts	3	  - artifacts/rust-tauri/R02/T08/verify-stage/A13/redaction-scan/p3-status-codes.txt
tests/round2-delivery-evidence.test.ts	3	  - artifacts/rust-tauri/R02/T08/verify-stage/A13/redaction-scan/service-p1.addr
tests/round2-delivery-evidence.test.ts	3	  - artifacts/rust-tauri/R02/T08/verify-stage/A13/redaction-scan/service-p1.err
tests/round2-delivery-evidence.test.ts	3	  - artifacts/rust-tauri/R02/T08/verify-stage/A13/redaction-scan/service-p1.out
tests/round2-delivery-evidence.test.ts	3	  - artifacts/rust-tauri/R02/T08/verify-stage/A13/redaction-scan/service-p3.addr
tests/round2-delivery-evidence.test.ts	3	  - artifacts/rust-tauri/R02/T08/verify-stage/A13/redaction-scan/service-p3.err
tests/round2-delivery-evidence.test.ts	3	  - artifacts/rust-tauri/R02/T08/verify-stage/A13/redaction-scan/service-p3.out
tests/round2-delivery-evidence.test.ts	3	  - artifacts/rust-tauri/R02/T08/verify-stage/A13/redaction-scan/service-p4.err
tests/round2-delivery-evidence.test.ts	3	  - artifacts/rust-tauri/R02/T08/verify-stage/A13/redaction-scan/service-p4.out
tests/round2-delivery-evidence.test.ts	3	  - artifacts/rust-tauri/R02/T08/verify-stage/A13/redaction-scan/summary.txt
tests/round2-delivery-evidence.test.ts	3	  - artifacts/rust-tauri/R02/T08/verify-stage/A14/slow-subscriber/detach-lines.txt
tests/round2-delivery-evidence.test.ts	3	  - artifacts/rust-tauri/R02/T08/verify-stage/A14/slow-subscriber/rss-samples.csv
tests/round2-delivery-evidence.test.ts	3	  - artifacts/rust-tauri/R02/T08/verify-stage/A14/slow-subscriber/service.err
tests/round2-delivery-evidence.test.ts	3	  - artifacts/rust-tauri/R02/T08/verify-stage/A14/slow-subscriber/service.out
tests/round2-delivery-evidence.test.ts	3	  - artifacts/rust-tauri/R02/T08/verify-stage/A14/slow-subscriber/storm-results.json
tests/round2-delivery-evidence.test.ts	3	  - artifacts/rust-tauri/R02/T08/verify-stage/A14/slow-subscriber/summary.txt
tests/round2-delivery-evidence.test.ts	3	  - artifacts/rust-tauri/R02/T08/verify-stage/A15/full-chain/pre-restart-head.json
tests/round2-delivery-evidence.test.ts	3	  - artifacts/rust-tauri/R02/T08/verify-stage/A15/full-chain/probe1.err
tests/round2-delivery-evidence.test.ts	3	  - artifacts/rust-tauri/R02/T08/verify-stage/A15/full-chain/probe1.pass-lines
tests/round2-delivery-evidence.test.ts	3	  - artifacts/rust-tauri/R02/T08/verify-stage/A15/full-chain/probe2.err
tests/round2-delivery-evidence.test.ts	3	  - artifacts/rust-tauri/R02/T08/verify-stage/A15/full-chain/probe2.pass-lines
tests/round2-delivery-evidence.test.ts	3	  - artifacts/rust-tauri/R02/T08/verify-stage/A15/full-chain/service1.err
tests/round2-delivery-evidence.test.ts	3	  - artifacts/rust-tauri/R02/T08/verify-stage/A15/full-chain/service1.out
tests/round2-delivery-evidence.test.ts	3	  - artifacts/rust-tauri/R02/T08/verify-stage/A15/full-chain/service2.err
tests/round2-delivery-evidence.test.ts	3	  - artifacts/rust-tauri/R02/T08/verify-stage/A15/full-chain/service2.out
tests/round2-delivery-evidence.test.ts	3	  - artifacts/rust-tauri/R02/T08/verify-stage/A15/full-chain/summary.txt
tests/round2-delivery-evidence.test.ts	3	  - artifacts/rust-tauri/R02/T08/verify-stage/A16/legacy-entry/e1-diff-node-surface.txt
tests/round2-delivery-evidence.test.ts	3	  - artifacts/rust-tauri/R02/T08/verify-stage/A16/legacy-entry/e1-launch-rust-refs.txt
tests/round2-delivery-evidence.test.ts	3	  - artifacts/rust-tauri/R02/T08/verify-stage/A16/legacy-entry/e5-failed-test-files.txt
tests/round2-delivery-evidence.test.ts	3	  - artifacts/rust-tauri/R02/T08/verify-stage/A16/legacy-entry/e5-seal-family.txt
tests/round2-delivery-evidence.test.ts	3	  - artifacts/rust-tauri/R02/T08/verify-stage/A16/legacy-entry/e5-t08-files-in-failure-lists.txt
tests/round2-delivery-evidence.test.ts	3	  - artifacts/rust-tauri/R02/T08/verify-stage/A16/legacy-entry/e5-vitest-summary.txt
tests/round2-delivery-evidence.test.ts	3	  - artifacts/rust-tauri/R02/T08/verify-stage/A16/legacy-entry/summary.txt
tests/round2-delivery-evidence.test.ts	3	  - artifacts/rust-tauri/R02/T08/verify-stage/verify-stage-result.json
tests/round2-delivery-evidence.test.ts	3	  - artifacts/rust-tauri/R02/T08/working-tree-digest.txt
tests/round2-delivery-evidence.test.ts	3	  - artifacts/rust-tauri/R02/a15-root-r17-cleanup-rerun/full-chain/pre-restart-head.json
tests/round2-delivery-evidence.test.ts	3	  - artifacts/rust-tauri/R02/a15-root-r17-cleanup-rerun/full-chain/probe1.err
tests/round2-delivery-evidence.test.ts	3	  - artifacts/rust-tauri/R02/a15-root-r17-cleanup-rerun/full-chain/probe1.pass-lines
tests/round2-delivery-evidence.test.ts	3	  - artifacts/rust-tauri/R02/a15-root-r17-cleanup-rerun/full-chain/probe2.err
tests/round2-delivery-evidence.test.ts	3	  - artifacts/rust-tauri/R02/a15-root-r17-cleanup-rerun/full-chain/probe2.pass-lines
tests/round2-delivery-evidence.test.ts	3	  - artifacts/rust-tauri/R02/a15-root-r17-cleanup-rerun/full-chain/service1.err
tests/round2-delivery-evidence.test.ts	3	  - artifacts/rust-tauri/R02/a15-root-r17-cleanup-rerun/full-chain/service1.out
tests/round2-delivery-evidence.test.ts	3	  - artifacts/rust-tauri/R02/a15-root-r17-cleanup-rerun/full-chain/service2.err
tests/round2-delivery-evidence.test.ts	3	  - artifacts/rust-tauri/R02/a15-root-r17-cleanup-rerun/full-chain/service2.out
tests/round2-delivery-evidence.test.ts	3	  - artifacts/rust-tauri/R02/a15-root-r17-cleanup-rerun/full-chain/summary.txt
tests/round2-delivery-evidence.test.ts	3	  - artifacts/rust-tauri/R02/a15-root-r17/full-chain/pre-restart-head.json
tests/round2-delivery-evidence.test.ts	3	  - artifacts/rust-tauri/R02/a15-root-r17/full-chain/probe1.err
tests/round2-delivery-evidence.test.ts	3	  - artifacts/rust-tauri/R02/a15-root-r17/full-chain/probe1.pass-lines
tests/round2-delivery-evidence.test.ts	3	  - artifacts/rust-tauri/R02/a15-root-r17/full-chain/probe2.err
tests/round2-delivery-evidence.test.ts	3	  - artifacts/rust-tauri/R02/a15-root-r17/full-chain/probe2.pass-lines
tests/round2-delivery-evidence.test.ts	3	  - artifacts/rust-tauri/R02/a15-root-r17/full-chain/service1.err
tests/round2-delivery-evidence.test.ts	3	  - artifacts/rust-tauri/R02/a15-root-r17/full-chain/service1.out
tests/round2-delivery-evidence.test.ts	3	  - artifacts/rust-tauri/R02/a15-root-r17/full-chain/service2.err
tests/round2-delivery-evidence.test.ts	3	  - artifacts/rust-tauri/R02/a15-root-r17/full-chain/service2.out
tests/round2-delivery-evidence.test.ts	3	  - artifacts/rust-tauri/R02/a15-root-r17/full-chain/summary.txt
tests/round2-delivery-evidence.test.ts	3	  - artifacts/rust-tauri/R02/audit-r16/candidate-final-audit-sha256.txt
tests/round2-delivery-evidence.test.ts	3	  - artifacts/rust-tauri/R02/audit-r16/candidate-final-changed-source-sha256.txt
tests/round2-delivery-evidence.test.ts	3	  - artifacts/rust-tauri/R02/audit-r16/candidate-final-full-source-sha256.txt
tests/round2-delivery-evidence.test.ts	3	  - artifacts/rust-tauri/R02/audit-r16/candidate-final-status-all.txt
tests/round2-delivery-evidence.test.ts	3	  - artifacts/rust-tauri/R02/audit-r16/candidate-pre-independent-changed-source-sha256.txt
tests/round2-delivery-evidence.test.ts	3	  - artifacts/rust-tauri/R02/audit-r16/candidate-pre-independent-full-source-sha256.txt
tests/round2-delivery-evidence.test.ts	3	  - artifacts/rust-tauri/R02/audit-r16/candidate-pre-independent-status-all.txt
tests/round2-delivery-evidence.test.ts	3	  - artifacts/rust-tauri/R02/audit-r16/contract-matrix-prechange.json
tests/round2-delivery-evidence.test.ts	3	  - artifacts/rust-tauri/R02/audit-r16/history-stage-report-sha256.txt
tests/round2-delivery-evidence.test.ts	3	  - artifacts/rust-tauri/R02/audit-r16/poststatic-changed-source-sha256.txt
tests/round2-delivery-evidence.test.ts	3	  - artifacts/rust-tauri/R02/audit-r16/poststatic-full-source-sha256.txt
tests/round2-delivery-evidence.test.ts	3	  - artifacts/rust-tauri/R02/audit-r16/poststatic-status-all.txt
tests/round2-delivery-evidence.test.ts	3	  - artifacts/rust-tauri/R02/audit-r16/pre-to-final-source.diff
tests/round2-delivery-evidence.test.ts	3	  - artifacts/rust-tauri/R02/audit-r16/pre-to-poststatic-source.diff
tests/round2-delivery-evidence.test.ts	3	  - artifacts/rust-tauri/R02/audit-r16/prechange-changed-sha256-corrected.txt
tests/round2-delivery-evidence.test.ts	3	  - artifacts/rust-tauri/R02/audit-r16/prechange-changed-sha256.txt
tests/round2-delivery-evidence.test.ts	3	  - artifacts/rust-tauri/R02/audit-r16/prechange-full-sha256-corrected.txt
tests/round2-delivery-evidence.test.ts	3	  - artifacts/rust-tauri/R02/audit-r16/prechange-full-sha256.txt
tests/round2-delivery-evidence.test.ts	3	  - artifacts/rust-tauri/R02/audit-r16/prechange-head.txt
tests/round2-delivery-evidence.test.ts	3	  - artifacts/rust-tauri/R02/audit-r16/prechange-remotes.txt
tests/round2-delivery-evidence.test.ts	3	  - artifacts/rust-tauri/R02/audit-r16/prechange-status-corrected.txt
tests/round2-delivery-evidence.test.ts	3	  - artifacts/rust-tauri/R02/audit-r16/prechange-status.txt
tests/round2-delivery-evidence.test.ts	3	  - artifacts/rust-tauri/R02/audit-r16/static-checks-final.txt
tests/round2-delivery-evidence.test.ts	3	  - artifacts/rust-tauri/R02/audit-r16/static-checks-first-attempt-protected-key-error.txt
tests/round2-delivery-evidence.test.ts	3	  - artifacts/rust-tauri/R02/audit-r16/task-report-sha256.txt
tests/round2-delivery-evidence.test.ts	3	  - artifacts/rust-tauri/R02/audit-r17-cli-rust-targeted/CLI_SUBGROUP_CLOSEOUT.md
tests/round2-delivery-evidence.test.ts	3	  - artifacts/rust-tauri/R02/audit-r17-cli-rust-targeted/cli-credential-boundary-5i52xjt1/result.json
tests/round2-delivery-evidence.test.ts	3	  - artifacts/rust-tauri/R02/audit-r17-cli-rust-targeted/cli-integrated-current-3umppmop/result.json
tests/round2-delivery-evidence.test.ts	3	  - artifacts/rust-tauri/R02/audit-r17-cli-rust-targeted/cli-integrated-port-approved-9miew24y/result.json
tests/round2-delivery-evidence.test.ts	3	  - artifacts/rust-tauri/R02/audit-r17-cli-rust-targeted/cli-rust-matrix-guard-a4c73_ub/result.json
tests/round2-delivery-evidence.test.ts	3	  - artifacts/rust-tauri/R02/audit-r17-cli-rust-targeted/cli-session-identity-4aln5abj/result.json
tests/round2-delivery-evidence.test.ts	3	  - artifacts/rust-tauri/R02/audit-r17-cli-rust-targeted/cli-session-identity-4aln5abj/typecheck-node.result.json
tests/round2-delivery-evidence.test.ts	3	  - artifacts/rust-tauri/R02/audit-r17-cli-rust-targeted/cli-session-identity-4aln5abj/typecheck-test.result.json
tests/round2-delivery-evidence.test.ts	3	  - artifacts/rust-tauri/R02/audit-r17-cli-rust-targeted/cli-token-validation-ob890ell/result.json
tests/round2-delivery-evidence.test.ts	3	  - artifacts/rust-tauri/R02/audit-r17-cli-rust-targeted/run-01/candidate-sha256.txt
tests/round2-delivery-evidence.test.ts	3	  - artifacts/rust-tauri/R02/audit-r17-cli-rust-targeted/run-01/command.txt
tests/round2-delivery-evidence.test.ts	3	  - artifacts/rust-tauri/R02/audit-r17-cli-rust-targeted/run-01/end-utc.txt
tests/round2-delivery-evidence.test.ts	3	  - artifacts/rust-tauri/R02/audit-r17-cli-rust-targeted/run-01/exit-code.txt
tests/round2-delivery-evidence.test.ts	3	  - artifacts/rust-tauri/R02/audit-r17-cli-rust-targeted/run-01/start-utc.txt
tests/round2-delivery-evidence.test.ts	3	  - artifacts/rust-tauri/R02/audit-r17-cli-rust-targeted/run-02/candidate-sha256.txt
tests/round2-delivery-evidence.test.ts	3	  - artifacts/rust-tauri/R02/audit-r17-cli-rust-targeted/run-02/command.txt
tests/round2-delivery-evidence.test.ts	3	  - artifacts/rust-tauri/R02/audit-r17-cli-rust-targeted/run-02/end-utc.txt
tests/round2-delivery-evidence.test.ts	3	  - artifacts/rust-tauri/R02/audit-r17-cli-rust-targeted/run-02/exit-code.txt
tests/round2-delivery-evidence.test.ts	3	  - artifacts/rust-tauri/R02/audit-r17-cli-rust-targeted/run-02/start-utc.txt
tests/round2-delivery-evidence.test.ts	3	  - artifacts/rust-tauri/R02/audit-r17-cli-rust-targeted/run-03/candidate-sha256.txt
tests/round2-delivery-evidence.test.ts	3	  - artifacts/rust-tauri/R02/audit-r17-cli-rust-targeted/run-03/command.txt
tests/round2-delivery-evidence.test.ts	3	  - artifacts/rust-tauri/R02/audit-r17-cli-rust-targeted/run-03/end-utc.txt
tests/round2-delivery-evidence.test.ts	3	  - artifacts/rust-tauri/R02/audit-r17-cli-rust-targeted/run-03/exit-code.txt
tests/round2-delivery-evidence.test.ts	3	  - artifacts/rust-tauri/R02/audit-r17-cli-rust-targeted/run-03/start-utc.txt
tests/round2-delivery-evidence.test.ts	3	  - artifacts/rust-tauri/R02/audit-r17-cli-rust-targeted/run-04/candidate-sha256.txt
tests/round2-delivery-evidence.test.ts	3	  - artifacts/rust-tauri/R02/audit-r17-cli-rust-targeted/run-04/command.txt
tests/round2-delivery-evidence.test.ts	3	  - artifacts/rust-tauri/R02/audit-r17-cli-rust-targeted/run-04/end-utc.txt
tests/round2-delivery-evidence.test.ts	3	  - artifacts/rust-tauri/R02/audit-r17-cli-rust-targeted/run-04/exit-code.txt
tests/round2-delivery-evidence.test.ts	3	  - artifacts/rust-tauri/R02/audit-r17-cli-rust-targeted/run-04/start-utc.txt
tests/round2-delivery-evidence.test.ts	3	  - artifacts/rust-tauri/R02/audit-r17-cli-rust-targeted/run-05/candidate-sha256.txt
tests/round2-delivery-evidence.test.ts	3	  - artifacts/rust-tauri/R02/audit-r17-cli-rust-targeted/run-05/command.txt
tests/round2-delivery-evidence.test.ts	3	  - artifacts/rust-tauri/R02/audit-r17-cli-rust-targeted/run-05/end-utc.txt
tests/round2-delivery-evidence.test.ts	3	  - artifacts/rust-tauri/R02/audit-r17-cli-rust-targeted/run-05/exit-code.txt
tests/round2-delivery-evidence.test.ts	3	  - artifacts/rust-tauri/R02/audit-r17-cli-rust-targeted/run-05/start-utc.txt
tests/round2-delivery-evidence.test.ts	3	  - artifacts/rust-tauri/R02/audit-r17-cli-rust-targeted/run-06/candidate-sha256.txt
tests/round2-delivery-evidence.test.ts	3	  - artifacts/rust-tauri/R02/audit-r17-cli-rust-targeted/run-06/command.txt
tests/round2-delivery-evidence.test.ts	3	  - artifacts/rust-tauri/R02/audit-r17-cli-rust-targeted/run-06/end-utc.txt
tests/round2-delivery-evidence.test.ts	3	  - artifacts/rust-tauri/R02/audit-r17-cli-rust-targeted/run-06/exit-code.txt
tests/round2-delivery-evidence.test.ts	3	  - artifacts/rust-tauri/R02/audit-r17-cli-rust-targeted/run-06/start-utc.txt
tests/round2-delivery-evidence.test.ts	3	  - artifacts/rust-tauri/R02/audit-r17-cli-rust-targeted/run-07/candidate-sha256.txt
tests/round2-delivery-evidence.test.ts	3	  - artifacts/rust-tauri/R02/audit-r17-cli-rust-targeted/run-07/command.txt
tests/round2-delivery-evidence.test.ts	3	  - artifacts/rust-tauri/R02/audit-r17-cli-rust-targeted/run-07/end-utc.txt
tests/round2-delivery-evidence.test.ts	3	  - artifacts/rust-tauri/R02/audit-r17-cli-rust-targeted/run-07/exit-code.txt
tests/round2-delivery-evidence.test.ts	3	  - artifacts/rust-tauri/R02/audit-r17-cli-rust-targeted/run-07/start-utc.txt
tests/round2-delivery-evidence.test.ts	3	  - artifacts/rust-tauri/R02/audit-r17-cli-rust-targeted/run-08/candidate-sha256.txt
tests/round2-delivery-evidence.test.ts	3	  - artifacts/rust-tauri/R02/audit-r17-cli-rust-targeted/run-08/command.txt
tests/round2-delivery-evidence.test.ts	3	  - artifacts/rust-tauri/R02/audit-r17-cli-rust-targeted/run-08/end-utc.txt
tests/round2-delivery-evidence.test.ts	3	  - artifacts/rust-tauri/R02/audit-r17-cli-rust-targeted/run-08/exit-code.txt
tests/round2-delivery-evidence.test.ts	3	  - artifacts/rust-tauri/R02/audit-r17-cli-rust-targeted/run-08/start-utc.txt
tests/round2-delivery-evidence.test.ts	3	  - artifacts/rust-tauri/R02/audit-r17-cli-rust-targeted/transport-green-20260928/result.json
tests/round2-delivery-evidence.test.ts	3	  - artifacts/rust-tauri/R02/audit-r17-cli-rust-targeted/transport-red-20260928/result.json
tests/round2-delivery-evidence.test.ts	3	  - artifacts/rust-tauri/R02/audit-r17-cli-rust-targeted/typecheck-01/candidate-sha256.txt
tests/round2-delivery-evidence.test.ts	3	  - artifacts/rust-tauri/R02/audit-r17-cli-rust-targeted/typecheck-01/commands.txt
tests/round2-delivery-evidence.test.ts	3	  - artifacts/rust-tauri/R02/audit-r17-cli-rust-targeted/typecheck-01/end-utc.txt
tests/round2-delivery-evidence.test.ts	3	  - artifacts/rust-tauri/R02/audit-r17-cli-rust-targeted/typecheck-01/exit-codes.txt
tests/round2-delivery-evidence.test.ts	3	  - artifacts/rust-tauri/R02/audit-r17-cli-rust-targeted/typecheck-01/start-utc.txt
tests/round2-delivery-evidence.test.ts	3	  - artifacts/rust-tauri/R02/audit-r17-cli-rust-targeted/typecheck-02/candidate-sha256.txt
tests/round2-delivery-evidence.test.ts	3	  - artifacts/rust-tauri/R02/audit-r17-cli-rust-targeted/typecheck-02/commands.txt
tests/round2-delivery-evidence.test.ts	3	  - artifacts/rust-tauri/R02/audit-r17-cli-rust-targeted/typecheck-02/end-utc.txt
tests/round2-delivery-evidence.test.ts	3	  - artifacts/rust-tauri/R02/audit-r17-cli-rust-targeted/typecheck-02/exit-codes.txt
tests/round2-delivery-evidence.test.ts	3	  - artifacts/rust-tauri/R02/audit-r17-cli-rust-targeted/typecheck-02/start-utc.txt
tests/round2-delivery-evidence.test.ts	3	  - artifacts/rust-tauri/R02/audit-r17-cli-rust-targeted/typecheck-03/candidate-sha256.txt
tests/round2-delivery-evidence.test.ts	3	  - artifacts/rust-tauri/R02/audit-r17-cli-rust-targeted/typecheck-03/commands.txt
tests/round2-delivery-evidence.test.ts	3	  - artifacts/rust-tauri/R02/audit-r17-cli-rust-targeted/typecheck-03/end-utc.txt
tests/round2-delivery-evidence.test.ts	3	  - artifacts/rust-tauri/R02/audit-r17-cli-rust-targeted/typecheck-03/exit-codes.txt
tests/round2-delivery-evidence.test.ts	3	  - artifacts/rust-tauri/R02/audit-r17-cli-rust-targeted/typecheck-03/start-utc.txt
tests/round2-delivery-evidence.test.ts	3	  - artifacts/rust-tauri/R02/audit-r17-cli-rust-targeted/typecheck-04/candidate-sha256.txt
tests/round2-delivery-evidence.test.ts	3	  - artifacts/rust-tauri/R02/audit-r17-cli-rust-targeted/typecheck-04/commands.txt
tests/round2-delivery-evidence.test.ts	3	  - artifacts/rust-tauri/R02/audit-r17-cli-rust-targeted/typecheck-04/end-utc.txt
tests/round2-delivery-evidence.test.ts	3	  - artifacts/rust-tauri/R02/audit-r17-cli-rust-targeted/typecheck-04/exit-codes.txt
tests/round2-delivery-evidence.test.ts	3	  - artifacts/rust-tauri/R02/audit-r17-cli-rust-targeted/typecheck-04/start-utc.txt
tests/round2-delivery-evidence.test.ts	3	  - artifacts/rust-tauri/R02/audit-r17-cli-rust-targeted/typecheck-05/candidate-sha256.txt
tests/round2-delivery-evidence.test.ts	3	  - artifacts/rust-tauri/R02/audit-r17-cli-rust-targeted/typecheck-05/commands.txt
tests/round2-delivery-evidence.test.ts	3	  - artifacts/rust-tauri/R02/audit-r17-cli-rust-targeted/typecheck-05/end-utc.txt
tests/round2-delivery-evidence.test.ts	3	  - artifacts/rust-tauri/R02/audit-r17-cli-rust-targeted/typecheck-05/exit-codes.txt
tests/round2-delivery-evidence.test.ts	3	  - artifacts/rust-tauri/R02/audit-r17-cli-rust-targeted/typecheck-05/start-utc.txt
tests/round2-delivery-evidence.test.ts	3	  - artifacts/rust-tauri/R02/audit-r17-cli-rust-targeted/typecheck-06/candidate-sha256.txt
tests/round2-delivery-evidence.test.ts	3	  - artifacts/rust-tauri/R02/audit-r17-cli-rust-targeted/typecheck-06/commands.txt
tests/round2-delivery-evidence.test.ts	3	  - artifacts/rust-tauri/R02/audit-r17-cli-rust-targeted/typecheck-06/end-utc.txt
tests/round2-delivery-evidence.test.ts	3	  - artifacts/rust-tauri/R02/audit-r17-cli-rust-targeted/typecheck-06/exit-codes.txt
tests/round2-delivery-evidence.test.ts	3	  - artifacts/rust-t
