tests/post-verification-audit-seal.test.ts	1	⟦FAIL-BLOCK⟧
tests/post-verification-audit-seal.test.ts	1	AssertionError: VERIFIED_SOURCE_SHA 之后出现了非审计文件改动（禁止修改生产代码/测试逻辑/runtime artifacts）:
tests/post-verification-audit-seal.test.ts	1	.github/workflows/build.yml
tests/post-verification-audit-seal.test.ts	1	.gitignore
tests/post-verification-audit-seal.test.ts	1	artifacts/rust-tauri/R02/T01/a01-cargo-metadata.json
tests/post-verification-audit-seal.test.ts	1	artifacts/rust-tauri/R02/T01/a01-deptree-evidence.txt
tests/post-verification-audit-seal.test.ts	1	artifacts/rust-tauri/R02/T01/a01-health-body.json
tests/post-verification-audit-seal.test.ts	1	artifacts/rust-tauri/R02/T01/a01-shutdown.txt
tests/post-verification-audit-seal.test.ts	1	artifacts/rust-tauri/R02/T01/a01-smoke-summary.txt
tests/post-verification-audit-seal.test.ts	1	artifacts/rust-tauri/R02/T01/a02-negative-summary.txt
tests/post-verification-audit-seal.test.ts	1	artifacts/rust-tauri/R02/T02/a03-forged-record.json
tests/post-verification-audit-seal.test.ts	1	artifacts/rust-tauri/R02/T02/a03-inst1-health.json
tests/post-verification-audit-seal.test.ts	1	artifacts/rust-tauri/R02/T02/a03-inst2-marker.txt
tests/post-verification-audit-seal.test.ts	1	artifacts/rust-tauri/R02/T02/a03-summary.txt
tests/post-verification-audit-seal.test.ts	1	artifacts/rust-tauri/R02/T02/a04-summary.txt
tests/post-verification-audit-seal.test.ts	1	artifacts/rust-tauri/R02/T03/.last-body
tests/post-verification-audit-seal.test.ts	1	artifacts/rust-tauri/R02/T03/body-limit.txt
tests/post-verification-audit-seal.test.ts	1	artifacts/rust-tauri/R02/T03/creds-after-authz.json
tests/post-verification-audit-seal.test.ts	1	artifacts/rust-tauri/R02/T03/creds-before-authz.json
tests/post-verification-audit-seal.test.ts	1	artifacts/rust-tauri/R02/T03/devices-after-authz.json
tests/post-verification-audit-seal.test.ts	1	artifacts/rust-tauri/R02/T03/devices-before-authz.json
tests/post-verification-audit-seal.test.ts	1	artifacts/rust-tauri/R02/T03/server-stderr-markers.txt
tests/post-verification-audit-seal.test.ts	1	artifacts/rust-tauri/R02/T03/state-after-authn.txt
tests/post-verification-audit-seal.test.ts	1	artifacts/rust-tauri/R02/T03/state-after.txt
tests/post-verification-audit-seal.test.ts	1	artifacts/rust-tauri/R02/T03/state-before-authz.txt
tests/post-verification-audit-seal.test.ts	1	artifacts/rust-tauri/R02/T03/state-before.txt
tests/post-verification-audit-seal.test.ts	1	artifacts/rust-tauri/R02/T03/summary.txt
tests/post-verification-audit-seal.test.ts	1	artifacts/rust-tauri/R02/T03/ws-matrix.json
tests/post-verification-audit-seal.test.ts	1	artifacts/rust-tauri/R02/T04/gates/r02_t01_service_smoke/a01-cargo-metadata.err
tests/post-verification-audit-seal.test.ts	1	artifacts/rust-tauri/R02/T04/gates/r02_t01_service_smoke/a01-cargo-metadata.json
tests/post-verification-audit-seal.test.ts	1	artifacts/rust-tauri/R02/T04/gates/r02_t01_service_smoke/a01-health-body.json
tests/post-verification-audit-seal.test.ts	1	artifacts/rust-tauri/R02/T04/gates/r02_t02_dual_instance/a03-forged-record.json
tests/post-verification-audit-seal.test.ts	1	artifacts/rust-tauri/R02/T04/gates/r02_t02_dual_instance/a03-inst1-health.json
tests/post-verification-audit-seal.test.ts	1	artifacts/rust-tauri/R02/T04/gates/r02_t02_dual_instance/a03-inst2-marker.txt
tests/post-verification-audit-seal.test.ts	1	artifacts/rust-tauri/R02/T04/gates/r02_t02_dual_instance/a03-summary.txt
tests/post-verification-audit-seal.test.ts	1	artifacts/rust-tauri/R02/T04/gates/r02_t02_path_priority/a04-summary.txt
tests/post-verification-audit-seal.test.ts	1	artifacts/rust-tauri/R02/T04/gates/r02_t03_auth_matrix/.last-body
tests/post-verification-audit-seal.test.ts	1	artifacts/rust-tauri/R02/T04/gates/r02_t03_auth_matrix/body-limit.txt
tests/post-verification-audit-seal.test.ts	1	artifacts/rust-tauri/R02/T04/gates/r02_t03_auth_matrix/creds-after-authz.json
tests/post-verification-audit-seal.test.ts	1	artifacts/rust-tauri/R02/T04/gates/r02_t03_auth_matrix/creds-before-authz.json
tests/post-verification-audit-seal.test.ts	1	artifacts/rust-tauri/R02/T04/gates/r02_t03_auth_matrix/devices-after-authz.json
tests/post-verification-audit-seal.test.ts	1	artifacts/rust-tauri/R02/T04/gates/r02_t03_auth_matrix/devices-before-authz.json
tests/post-verification-audit-seal.test.ts	1	artifacts/rust-tauri/R02/T04/gates/r02_t03_auth_matrix/state-after-authn.txt
tests/post-verification-audit-seal.test.ts	1	artifacts/rust-tauri/R02/T04/gates/r02_t03_auth_matrix/state-after.txt
tests/post-verification-audit-seal.test.ts	1	artifacts/rust-tauri/R02/T04/gates/r02_t03_auth_matrix/state-before-authz.txt
tests/post-verification-audit-seal.test.ts	1	artifacts/rust-tauri/R02/T04/gates/r02_t03_auth_matrix/state-before.txt
tests/post-verification-audit-seal.test.ts	1	artifacts/rust-tauri/R02/T04/gates/r02_t03_auth_matrix/summary.txt
tests/post-verification-audit-seal.test.ts	1	artifacts/rust-tauri/R02/T04/gates/r02_t03_auth_matrix/ws-matrix.json
tests/post-verification-audit-seal.test.ts	1	artifacts/rust-tauri/R02/T04/last-db-hashes.txt
tests/post-verification-audit-seal.test.ts	1	artifacts/rust-tauri/R02/T04/s1-counts-after-stop.json
tests/post-verification-audit-seal.test.ts	1	artifacts/rust-tauri/R02/T04/s2-counts-after-crash.json
tests/post-verification-audit-seal.test.ts	1	artifacts/rust-tauri/R02/T04/s2-runs-dump.jsonl
tests/post-verification-audit-seal.test.ts	1	artifacts/rust-tauri/R02/T04/s3-fault.err
tests/post-verification-audit-seal.test.ts	1	artifacts/rust-tauri/R02/T04/s3-fault.out
tests/post-verification-audit-seal.test.ts	1	artifacts/rust-tauri/R02/T04/s4-hashes-after.txt
tests/post-verification-audit-seal.test.ts	1	artifacts/rust-tauri/R02/T04/s4-hashes-before.txt
tests/post-verification-audit-seal.test.ts	1	artifacts/rust-tauri/R02/T04/s4-migrations-round1.json
tests/post-verification-audit-seal.test.ts	1	artifacts/rust-tauri/R02/T04/s4-migrations-round2.json
tests/post-verification-audit-seal.test.ts	1	artifacts/rust-tauri/R02/T04/s4-migrations-round3.json
tests/post-verification-audit-seal.test.ts	1	artifacts/rust-tauri/R02/T04/service-s1.err
tests/post-verification-audit-seal.test.ts	1	artifacts/rust-tauri/R02/T04/service-s1.out
tests/post-verification-audit-seal.test.ts	1	artifacts/rust-tauri/R02/T04/service-s1b.err
tests/post-verification-audit-seal.test.ts	1	artifacts/rust-tauri/R02/T04/service-s1b.out
tests/post-verification-audit-seal.test.ts	1	artifacts/rust-tauri/R02/T04/service-s2.err
tests/post-verification-audit-seal.test.ts	1	artifacts/rust-tauri/R02/T04/service-s2.out
tests/post-verification-audit-seal.test.ts	1	artifacts/rust-tauri/R02/T04/service-s2b.err
tests/post-verification-audit-seal.test.ts	1	artifacts/rust-tauri/R02/T04/service-s2b.out
tests/post-verification-audit-seal.test.ts	1	artifacts/rust-tauri/R02/T04/service-s4-1.err
tests/post-verification-audit-seal.test.ts	1	artifacts/rust-tauri/R02/T04/service-s4-1.out
tests/post-verification-audit-seal.test.ts	1	artifacts/rust-tauri/R02/T04/service-s4-2.err
tests/post-verification-audit-seal.test.ts	1	artifacts/rust-tauri/R02/T04/service-s4-2.out
tests/post-verification-audit-seal.test.ts	1	artifacts/rust-tauri/R02/T04/service-s4-3.err
tests/post-verification-audit-seal.test.ts	1	artifacts/rust-tauri/R02/T04/service-s4-3.out
tests/post-verification-audit-seal.test.ts	1	artifacts/rust-tauri/R02/T04/service.addr
tests/post-verification-audit-seal.test.ts	1	artifacts/rust-tauri/R02/T04/service.pid
tests/post-verification-audit-seal.test.ts	1	artifacts/rust-tauri/R02/T04/summary.txt
tests/post-verification-audit-seal.test.ts	1	artifacts/rust-tauri/R02/T05/a09-merged-view.json
tests/post-verification-audit-seal.test.ts	1	artifacts/rust-tauri/R02/T05/a10-rebuild-diff.json
tests/post-verification-audit-seal.test.ts	1	artifacts/rust-tauri/R02/T05/gates/r02_t01_service_smoke/a01-cargo-metadata.err
tests/post-verification-audit-seal.test.ts	1	artifacts/rust-tauri/R02/T05/gates/r02_t01_service_smoke/a01-cargo-metadata.json
tests/post-verification-audit-seal.test.ts	1	artifacts/rust-tauri/R02/T05/gates/r02_t01_service_smoke/a01-health-body.json
tests/post-verification-audit-seal.test.ts	1	artifacts/rust-tauri/R02/T05/gates/r02_t02_dual_instance/a03-forged-record.json
tests/post-verification-audit-seal.test.ts	1	artifacts/rust-tauri/R02/T05/gates/r02_t02_dual_instance/a03-inst1-health.json
tests/post-verification-audit-seal.test.ts	1	artifacts/rust-tauri/R02/T05/gates/r02_t02_dual_instance/a03-inst2-marker.txt
tests/post-verification-audit-seal.test.ts	1	artifacts/rust-tauri/R02/T05/gates/r02_t02_dual_instance/a03-summary.txt
tests/post-verification-audit-seal.test.ts	1	artifacts/rust-tauri/R02/T05/gates/r02_t02_path_priority/a04-summary.txt
tests/post-verification-audit-seal.test.ts	1	artifacts/rust-tauri/R02/T05/gates/r02_t03_auth_matrix/.last-body
tests/post-verification-audit-seal.test.ts	1	artifacts/rust-tauri/R02/T05/gates/r02_t03_auth_matrix/body-limit.txt
tests/post-verification-audit-seal.test.ts	1	artifacts/rust-tauri/R02/T05/gates/r02_t03_auth_matrix/creds-after-authz.json
tests/post-verification-audit-seal.test.ts	1	artifacts/rust-tauri/R02/T05/gates/r02_t03_auth_matrix/creds-before-authz.json
tests/post-verification-audit-seal.test.ts	1	artifacts/rust-tauri/R02/T05/gates/r02_t03_auth_matrix/devices-after-authz.json
tests/post-verification-audit-seal.test.ts	1	artifacts/rust-tauri/R02/T05/gates/r02_t03_auth_matrix/devices-before-authz.json
tests/post-verification-audit-seal.test.ts	1	artifacts/rust-tauri/R02/T05/gates/r02_t03_auth_matrix/state-after-authn.txt
tests/post-verification-audit-seal.test.ts	1	artifacts/rust-tauri/R02/T05/gates/r02_t03_auth_matrix/state-after.txt
tests/post-verification-audit-seal.test.ts	1	artifacts/rust-tauri/R02/T05/gates/r02_t03_auth_matrix/state-before-authz.txt
tests/post-verification-audit-seal.test.ts	1	artifacts/rust-tauri/R02/T05/gates/r02_t03_auth_matrix/state-before.txt
tests/post-verification-audit-seal.test.ts	1	artifacts/rust-tauri/R02/T05/gates/r02_t03_auth_matrix/summary.txt
tests/post-verification-audit-seal.test.ts	1	artifacts/rust-tauri/R02/T05/gates/r02_t03_auth_matrix/ws-matrix.json
tests/post-verification-audit-seal.test.ts	1	artifacts/rust-tauri/R02/T05/gates/r02_t04_storage_tx/last-db-hashes.txt
tests/post-verification-audit-seal.test.ts	1	artifacts/rust-tauri/R02/T05/gates/r02_t04_storage_tx/s1-counts-after-stop.json
tests/post-verification-audit-seal.test.ts	1	artifacts/rust-tauri/R02/T05/gates/r02_t04_storage_tx/s2-counts-after-crash.json
tests/post-verification-audit-seal.test.ts	1	artifacts/rust-tauri/R02/T05/gates/r02_t04_storage_tx/s2-runs-dump.jsonl
tests/post-verification-audit-seal.test.ts	1	artifacts/rust-tauri/R02/T05/gates/r02_t04_storage_tx/s3-fault.err
tests/post-verification-audit-seal.test.ts	1	artifacts/rust-tauri/R02/T05/gates/r02_t04_storage_tx/s3-fault.out
tests/post-verification-audit-seal.test.ts	1	artifacts/rust-tauri/R02/T05/gates/r02_t04_storage_tx/s4-hashes-after.txt
tests/post-verification-audit-seal.test.ts	1	artifacts/rust-tauri/R02/T05/gates/r02_t04_storage_tx/s4-hashes-before.txt
tests/post-verification-audit-seal.test.ts	1	artifacts/rust-tauri/R02/T05/gates/r02_t04_storage_tx/s4-migrations-round1.json
tests/post-verification-audit-seal.test.ts	1	artifacts/rust-tauri/R02/T05/gates/r02_t04_storage_tx/s4-migrations-round2.json
tests/post-verification-audit-seal.test.ts	1	artifacts/rust-tauri/R02/T05/gates/r02_t04_storage_tx/s4-migrations-round3.json
tests/post-verification-audit-seal.test.ts	1	artifacts/rust-tauri/R02/T05/gates/r02_t04_storage_tx/service-s1.err
tests/post-verification-audit-seal.test.ts	1	artifacts/rust-tauri/R02/T05/gates/r02_t04_storage_tx/service-s1.out
tests/post-verification-audit-seal.test.ts	1	artifacts/rust-tauri/R02/T05/gates/r02_t04_storage_tx/service-s1b.err
tests/post-verification-audit-seal.test.ts	1	artifacts/rust-tauri/R02/T05/gates/r02_t04_storage_tx/service-s1b.out
tests/post-verification-audit-seal.test.ts	1	artifacts/rust-tauri/R02/T05/gates/r02_t04_storage_tx/service-s2.err
tests/post-verification-audit-seal.test.ts	1	artifacts/rust-tauri/R02/T05/gates/r02_t04_storage_tx/service-s2.out
tests/post-verification-audit-seal.test.ts	1	artifacts/rust-tauri/R02/T05/gates/r02_t04_storage_tx/service-s2b.err
tests/post-verification-audit-seal.test.ts	1	artifacts/rust-tauri/R02/T05/gates/r02_t04_storage_tx/service-s2b.out
tests/post-verification-audit-seal.test.ts	1	artifacts/rust-tauri/R02/T05/gates/r02_t04_storage_tx/service-s4-1.err
tests/post-verification-audit-seal.test.ts	1	artifacts/rust-tauri/R02/T05/gates/r02_t04_storage_tx/service-s4-1.out
tests/post-verification-audit-seal.test.ts	1	artifacts/rust-tauri/R02/T05/gates/r02_t04_storage_tx/service-s4-2.err
tests/post-verification-audit-seal.test.ts	1	artifacts/rust-tauri/R02/T05/gates/r02_t04_storage_tx/service-s4-2.out
tests/post-verification-audit-seal.test.ts	1	artifacts/rust-tauri/R02/T05/gates/r02_t04_storage_tx/service-s4-3.err
tests/post-verification-audit-seal.test.ts	1	artifacts/rust-tauri/R02/T05/gates/r02_t04_storage_tx/service-s4-3.out
tests/post-verification-audit-seal.test.ts	1	artifacts/rust-tauri/R02/T05/gates/r02_t04_storage_tx/service.addr
tests/post-verification-audit-seal.test.ts	1	artifacts/rust-tauri/R02/T05/gates/r02_t04_storage_tx/service.pid
tests/post-verification-audit-seal.test.ts	1	artifacts/rust-tauri/R02/T05/gates/r02_t04_storage_tx/summary.txt
tests/post-verification-audit-seal.test.ts	1	artifacts/rust-tauri/R02/T05/key-events-dump.json
tests/post-verification-audit-seal.test.ts	1	artifacts/rust-tauri/R02/T05/matrix.json
tests/post-verification-audit-seal.test.ts	1	artifacts/rust-tauri/R02/T05/probe-matrix.jsonl
tests/post-verification-audit-seal.test.ts	1	artifacts/rust-tauri/R02/T05/repair-r1/REPAIR-NOTES.md
tests/post-verification-audit-seal.test.ts	1	artifacts/rust-tauri/R02/T05/repair-r1/matrix-r1/a09-merged-view.json
tests/post-verification-audit-seal.test.ts	1	artifacts/rust-tauri/R02/T05/repair-r1/matrix-r1/a10-rebuild-diff.json
tests/post-verification-audit-seal.test.ts	1	artifacts/rust-tauri/R02/T05/repair-r1/matrix-r1/key-events-dump.json
tests/post-verification-audit-seal.test.ts	1	artifacts/rust-tauri/R02/T05/repair-r1/matrix-r1/matrix.json
tests/post-verification-audit-seal.test.ts	1	artifacts/rust-tauri/R02/T05/repair-r1/matrix-r1/probe-matrix.jsonl
tests/post-verification-audit-seal.test.ts	1	artifacts/rust-tauri/R02/T05/repair-r1/matrix-r1/service.err
tests/post-verification-audit-seal.test.ts	1	artifacts/rust-tauri/R02/T05/repair-r1/matrix-r1/service.out
tests/post-verification-audit-seal.test.ts	1	artifacts/rust-tauri/R02/T05/repair-r1/matrix-r1/summary.txt
tests/post-verification-audit-seal.test.ts	1	artifacts/rust-tauri/R02/T05/repair-r1/matrix-r2/a09-merged-view.json
tests/post-verification-audit-seal.test.ts	1	artifacts/rust-tauri/R02/T05/repair-r1/matrix-r2/a10-rebuild-diff.json
tests/post-verification-audit-seal.test.ts	1	artifacts/rust-tauri/R02/T05/repair-r1/matrix-r2/key-events-dump.json
tests/post-verification-audit-seal.test.ts	1	artifacts/rust-tauri/R02/T05/repair-r1/matrix-r2/matrix.json
tests/post-verification-audit-seal.test.ts	1	artifacts/rust-tauri/R02/T05/repair-r1/matrix-r2/probe-matrix.jsonl
tests/post-verification-audit-seal.test.ts	1	artifacts/rust-tauri/R02/T05/repair-r1/matrix-r2/service.err
tests/post-verification-audit-seal.test.ts	1	artifacts/rust-tauri/R02/T05/repair-r1/matrix-r2/service.out
tests/post-verification-audit-seal.test.ts	1	artifacts/rust-tauri/R02/T05/repair-r1/matrix-r2/summary.txt
tests/post-verification-audit-seal.test.ts	1	artifacts/rust-tauri/R02/T05/repair-r1/matrix-r3/a09-merged-view.json
tests/post-verification-audit-seal.test.ts	1	artifacts/rust-tauri/R02/T05/repair-r1/matrix-r3/a10-rebuild-diff.json
tests/post-verification-audit-seal.test.ts	1	artifacts/rust-tauri/R02/T05/repair-r1/matrix-r3/key-events-dump.json
tests/post-verification-audit-seal.test.ts	1	artifacts/rust-tauri/R02/T05/repair-r1/matrix-r3/matrix.json
tests/post-verification-audit-seal.test.ts	1	artifacts/rust-tauri/R02/T05/repair-r1/matrix-r3/probe-matrix.jsonl
tests/post-verification-audit-seal.test.ts	1	artifacts/rust-tauri/R02/T05/repair-r1/matrix-r3/service.err
tests/post-verification-audit-seal.test.ts	1	artifacts/rust-tauri/R02/T05/repair-r1/matrix-r3/service.out
tests/post-verification-audit-seal.test.ts	1	artifacts/rust-tauri/R02/T05/repair-r1/matrix-r3/summary.txt
tests/post-verification-audit-seal.test.ts	1	artifacts/rust-tauri/R02/T05/service.err
tests/post-verification-audit-seal.test.ts	1	artifacts/rust-tauri/R02/T05/service.out
tests/post-verification-audit-seal.test.ts	1	artifacts/rust-tauri/R02/T05/summary.txt
tests/post-verification-audit-seal.test.ts	1	artifacts/rust-tauri/R02/T06/backup-restore/s1-backup-dir-listing.txt
tests/post-verification-audit-seal.test.ts	1	artifacts/rust-tauri/R02/T06/backup-restore/s1-backup-outcome.json
tests/post-verification-audit-seal.test.ts	1	artifacts/rust-tauri/R02/T06/backup-restore/s1-backup.err
tests/post-verification-audit-seal.test.ts	1	artifacts/rust-tauri/R02/T06/backup-restore/s1-restore-outcome.json
tests/post-verification-audit-seal.test.ts	1	artifacts/rust-tauri/R02/T06/backup-restore/s1-restore.err
tests/post-verification-audit-seal.test.ts	1	artifacts/rust-tauri/R02/T06/backup-restore/s1-restored-dump.jsonl
tests/post-verification-audit-seal.test.ts	1	artifacts/rust-tauri/R02/T06/backup-restore/s1-restored-hash.txt
tests/post-verification-audit-seal.test.ts	1	artifacts/rust-tauri/R02/T06/backup-restore/s1-source-dump.jsonl
tests/post-verification-audit-seal.test.ts	1	artifacts/rust-tauri/R02/T06/backup-restore/s1-source-hash.txt
tests/post-verification-audit-seal.test.ts	1	artifacts/rust-tauri/R02/T06/backup-restore/s1-wal-size.txt
tests/post-verification-audit-seal.test.ts	1	artifacts/rust-tauri/R02/T06/backup-restore/s3-backup-out.json
tests/post-verification-audit-seal.test.ts	1	artifacts/rust-tauri/R02/T06/backup-restore/s3-backup.err
tests/post-verification-audit-seal.test.ts	1	artifacts/rust-tauri/R02/T06/backup-restore/s4-ws-probe.json
tests/post-verification-audit-seal.test.ts	1	artifacts/rust-tauri/R02/T06/backup-restore/s4-ws-probe.json.probe-done
tests/post-verification-audit-seal.test.ts	1	artifacts/rust-tauri/R02/T06/backup-restore/service-s1.addr
tests/post-verification-audit-seal.test.ts	1	artifacts/rust-tauri/R02/T06/backup-restore/service-s1.err
tests/post-verification-audit-seal.test.ts	1	artifacts/rust-tauri/R02/T06/backup-restore/service-s1.out
tests/post-verification-audit-seal.test.ts	1	artifacts/rust-tauri/R02/T06/backup-restore/service-s2.addr
tests/post-verification-audit-seal.test.ts	1	artifacts/rust-tauri/R02/T06/backup-restore/service-s2.err
tests/post-verification-audit-seal.test.ts	1	artifacts/rust-tauri/R02/T06/backup-restore/service-s2.out
tests/post-verification-audit-seal.test.ts	1	artifacts/rust-tauri/R02/T06/backup-restore/service-s4.addr
tests/post-verification-audit-seal.test.ts	1	artifacts/rust-tauri/R02/T06/backup-restore/service-s4.err
tests/post-verification-audit-seal.test.ts	1	artifacts/rust-tauri/R02/T06/backup-restore/service-s4.out
tests/post-verification-audit-seal.test.ts	1	artifacts/rust-tauri/R02/T06/backup-restore/service.pid
tests/post-verification-audit-seal.test.ts	1	artifacts/rust-tauri/R02/T06/backup-restore/summary.txt
tests/post-verification-audit-seal.test.ts	1	artifacts/rust-tauri/R02/T06/gates/reg-t01-smoke/a01-cargo-metadata.err
tests/post-verification-audit-seal.test.ts	1	artifacts/rust-tauri/R02/T06/gates/reg-t01-smoke/a01-cargo-metadata.json
tests/post-verification-audit-seal.test.ts	1	artifacts/rust-tauri/R02/T06/gates/reg-t01-smoke/a01-health-body.json
tests/post-verification-audit-seal.test.ts	1	artifacts/rust-tauri/R02/T06/gates/reg-t02-dual/a03-forged-record.json
tests/post-verification-audit-seal.test.ts	1	artifacts/rust-tauri/R02/T06/gates/reg-t02-dual/a03-inst1-health.json
tests/post-verification-audit-seal.test.ts	1	artifacts/rust-tauri/R02/T06/gates/reg-t02-dual/a03-inst2-marker.txt
tests/post-verification-audit-seal.test.ts	1	artifacts/rust-tauri/R02/T06/gates/reg-t02-dual/a03-summary.txt
tests/post-verification-audit-seal.test.ts	1	artifacts/rust-tauri/R02/T06/gates/reg-t02-path/a04-summary.txt
tests/post-verification-audit-seal.test.ts	1	artifacts/rust-tauri/R02/T06/gates/reg-t03-auth/.last-body
tests/post-verification-audit-seal.test.ts	1	artifacts/rust-tauri/R02/T06/gates/reg-t03-auth/body-limit.txt
tests/post-verification-audit-seal.test.ts	1	artifacts/rust-tauri/R02/T06/gates/reg-t03-auth/creds-after-authz.json
tests/post-verification-audit-seal.test.ts	1	artifacts/rust-tauri/R02/T06/gates/reg-t03-auth/creds-before-authz.json
tests/post-verification-audit-seal.test.ts	1	artifacts/rust-tauri/R02/T06/gates/reg-t03-auth/devices-after-authz.json
tests/post-verification-audit-seal.test.ts	1	artifacts/rust-tauri/R02/T06/gates/reg-t03-auth/devices-before-authz.json
tests/post-verification-audit-seal.test.ts	1	artifacts/rust-tauri/R02/T06/gates/reg-t03-auth/state-after-authn.txt
tests/post-verification-audit-seal.test.ts	1	artifacts/rust-tauri/R02/T06/gates/reg-t03-auth/state-after.txt
tests/post-verification-audit-seal.test.ts	1	artifacts/rust-tauri/R02/T06/gates/reg-t03-auth/state-before-authz.txt
tests/post-verification-audit-seal.test.ts	1	artifacts/rust-tauri/R02/T06/gates/reg-t03-auth/state-before.txt
tests/post-verification-audit-seal.test.ts	1	artifacts/rust-tauri/R02/T06/gates/reg-t03-auth/summary.txt
tests/post-verification-audit-seal.test.ts	1	artifacts/rust-tauri/R02/T06/gates/reg-t03-auth/ws-matrix.json
tests/post-verification-audit-seal.test.ts	1	artifacts/rust-tauri/R02/T06/gates/reg-t04-storage/last-db-hashes.txt
tests/post-verification-audit-seal.test.ts	1	artifacts/rust-tauri/R02/T06/gates/reg-t04-storage/s1-counts-after-stop.json
tests/post-verification-audit-seal.test.ts	1	artifacts/rust-tauri/R02/T06/gates/reg-t04-storage/s2-counts-after-crash.json
tests/post-verification-audit-seal.test.ts	1	artifacts/rust-tauri/R02/T06/gates/reg-t04-storage/s2-runs-dump.jsonl
tests/post-verification-audit-seal.test.ts	1	artifacts/rust-tauri/R02/T06/gates/reg-t04-storage/s3-fault.err
tests/post-verification-audit-seal.test.ts	1	artifacts/rust-tauri/R02/T06/gates/reg-t04-storage/s3-fault.out
tests/post-verification-audit-seal.test.ts	1	artifacts/rust-tauri/R02/T06/gates/reg-t04-storage/s4-hashes-after.txt
tests/post-verification-audit-seal.test.ts	1	artifacts/rust-tauri/R02/T06/gates/reg-t04-storage/s4-hashes-before.txt
tests/post-verification-audit-seal.test.ts	1	artifacts/rust-tauri/R02/T06/gates/reg-t04-storage/s4-migrations-round1.json
tests/post-verification-audit-seal.test.ts	1	artifacts/rust-tauri/R02/T06/gates/reg-t04-storage/s4-migrations-round2.json
tests/post-verification-audit-seal.test.ts	1	artifacts/rust-tauri/R02/T06/gates/reg-t04-storage/s4-migrations-round3.json
tests/post-verification-audit-seal.test.ts	1	artifacts/rust-tauri/R02/T06/gates/reg-t04-storage/service-s1.err
tests/post-verification-audit-seal.test.ts	1	artifacts/rust-tauri/R02/T06/gates/reg-t04-storage/service-s1.out
tests/post-verification-audit-seal.test.ts	1	artifacts/rust-tauri/R02/T06/gates/reg-t04-storage/service-s1b.err
tests/post-verification-audit-seal.test.ts	1	artifacts/rust-tauri/R02/T06/gates/reg-t04-storage/service-s1b.out
tests/post-verification-audit-seal.test.ts	1	artifacts/rust-tauri/R02/T06/gates/reg-t04-storage/service-s2.err
tests/post-verification-audit-seal.test.ts	1	artifacts/rust-tauri/R02/T06/gates/reg-t04-storage/service-s2.out
tests/post-verification-audit-seal.test.ts	1	artifacts/rust-tauri/R02/T06/gates/reg-t04-storage/service-s2b.err
tests/post-verification-audit-seal.test.ts	1	artifacts/rust-tauri/R02/T06/gates/reg-t04-storage/service-s2b.out
tests/post-verification-audit-seal.test.ts	1	artifacts/rust-tauri/R02/T06/gates/reg-t04-storage/service-s4-1.err
tests/post-verification-audit-seal.test.ts	1	artifacts/rust-tauri/R02/T06/gates/reg-t04-storage/service-s4-1.out
tests/post-verification-audit-seal.test.ts	1	artifacts/rust-tauri/R02/T06/gates/reg-t04-storage/service-s4-2.err
tests/post-verification-audit-seal.test.ts	1	artifacts/rust-tauri/R02/T06/gates/reg-t04-storage/service-s4-2.out
tests/post-verification-audit-seal.test.ts	1	artifacts/rust-tauri/R02/T06/gates/reg-t04-storage/service-s4-3.err
tests/post-verification-audit-seal.test.ts	1	artifacts/rust-tauri/R02/T06/gates/reg-t04-storage/service-s4-3.out
tests/post-verification-audit-seal.test.ts	1	artifacts/rust-tauri/R02/T06/gates/reg-t04-storage/service.addr
tests/post-verification-audit-seal.test.ts	1	artifacts/rust-tauri/R02/T06/gates/reg-t04-storage/service.pid
tests/post-verification-audit-seal.test.ts	1	artifacts/rust-tauri/R02/T06/gates/reg-t04-storage/summary.txt
tests/post-verification-audit-seal.test.ts	1	artifacts/rust-tauri/R02/T06/gates/reg-t05-events/a09-merged-view.json
tests/post-verification-audit-seal.test.ts	1	artifacts/rust-tauri/R02/T06/gates/reg-t05-events/a10-rebuild-diff.json
tests/post-verification-audit-seal.test.ts	1	artifacts/rust-tauri/R02/T06/gates/reg-t05-events/key-events-dump.json
tests/post-verification-audit-seal.test.ts	1	artifacts/rust-tauri/R02/T06/gates/reg-t05-events/matrix.json
tests/post-verification-audit-seal.test.ts	1	artifacts/rust-tauri/R02/T06/gates/reg-t05-events/probe-matrix.jsonl
tests/post-verification-audit-seal.test.ts	1	artifacts/rust-tauri/R02/T06/gates/reg-t05-events/service.err
tests/post-verification-audit-seal.test.ts	1	artifacts/rust-tauri/R02/T06/gates/reg-t05-events/service.out
tests/post-verification-audit-seal.test.ts	1	artifacts/rust-tauri/R02/T06/gates/reg-t05-events/summary.txt
tests/post-verification-audit-seal.test.ts	1	artifacts/rust-tauri/R02/T06/prod-defect-1/baseline-no-gate/summary.txt
tests/post-verification-audit-seal.test.ts	1	artifacts/rust-tauri/R02/T06/prod-defect-1/baseline-no-gate/v3-missing-stamp-highjournal.err
tests/post-verification-audit-seal.test.ts	1	artifacts/rust-tauri/R02/T06/prod-defect-1/baseline-no-gate/v3-missing-stamp-highjournal.out
tests/post-verification-audit-seal.test.ts	1	artifacts/rust-tauri/R02/T06/prod-defect-1/baseline-no-gate/v3-post-write-counts.json
tests/post-verification-audit-seal.test.ts	1	artifacts/rust-tauri/R02/T06/recovery-drill/summary.txt
tests/post-verification-audit-seal.test.ts	1	artifacts/rust-tauri/R02/T06/recovery-drill/v1-hashes-after.txt
tests/post-verification-audit-seal.test.ts	1	artifacts/rust-tauri/R02/T06/recovery-drill/v1-hashes-before.txt
tests/post-verification-audit-seal.test.ts	1	artifacts/rust-tauri/R02/T06/recovery-drill/v1.err
tests/post-verification-audit-seal.test.ts	1	artifacts/rust-tauri/R02/T06/recovery-drill/v1.out
tests/post-verification-audit-seal.test.ts	1	artifacts/rust-tauri/R02/T06/recovery-drill/v2-hashes-after.txt
tests/post-verification-audit-seal.test.ts	1	artifacts/rust-tauri/R02/T06/recovery-drill/v2-hashes-before.txt
tests/post-verification-audit-seal.test.ts	1	artifacts/rust-tauri/R02/T06/recovery-drill/v2.err
tests/post-verification-audit-seal.test.ts	1	artifacts/rust-tauri/R02/T06/recovery-drill/v2.out
tests/post-verification-audit-seal.test.ts	1	artifacts/rust-tauri/R02/T06/recovery-drill/v3-hashes-after.txt
tests/post-verification-audit-seal.test.ts	1	artifacts/rust-tauri/R02/T06/recovery-drill/v3-hashes-before.txt
tests/post-verification-audit-seal.test.ts	1	artifacts/rust-tauri/R02/T06/recovery-drill/v3.err
tests/post-verification-audit-seal.test.ts	1	artifacts/rust-tauri/R02/T06/recovery-drill/v3.out
tests/post-verification-audit-seal.test.ts	1	artifacts/rust-tauri/R02/T06/recovery-drill/v4.err
tests/post-verification-audit-seal.test.ts	1	artifacts/rust-tauri/R02/T06/recovery-drill/v4.out
tests/post-verification-audit-seal.test.ts	1	artifacts/rust-tauri/R02/T06/recovery-drill/v5-hashes-after.txt
tests/post-verification-audit-seal.test.ts	1	artifacts/rust-tauri/R02/T06/recovery-drill/v5-hashes-before.txt
tests/post-verification-audit-seal.test.ts	1	artifacts/rust-tauri/R02/T06/recovery-drill/v5.err
tests/post-verification-audit-seal.test.ts	1	artifacts/rust-tauri/R02/T06/recovery-drill/v5.out
tests/post-verification-audit-seal.test.ts	1	artifacts/rust-tauri/R02/T06/recovery-drill/v6-recovered-dump.jsonl
tests/post-verification-audit-seal.test.ts	1	artifacts/rust-tauri/R02/T06/recovery-drill/v6-seed-execute.txt
tests/post-verification-audit-seal.test.ts	1	artifacts/rust-tauri/R02/T06/recovery-drill/v6-seed.err
tests/post-verification-audit-seal.test.ts	1	artifacts/rust-tauri/R02/T06/recovery-drill/v6-seed.out
tests/post-verification-audit-seal.test.ts	1	artifacts/rust-tauri/R02/T06/recovery-drill/v6.err
tests/post-verification-audit-seal.test.ts	1	artifacts/rust-tauri/R02/T06/recovery-drill/v6.out
tests/post-verification-audit-seal.test.ts	1	artifacts/rust-tauri/R02/T06/recovery-drill/v7-hashes-after.txt
tests/post-verification-audit-seal.test.ts	1	artifacts/rust-tauri/R02/T06/recovery-drill/v7-hashes-before.txt
tests/post-verification-audit-seal.test.ts	1	artifacts/rust-tauri/R02/T06/recovery-drill/v7-seed.err
tests/post-verification-audit-seal.test.ts	1	artifacts/rust-tauri/R02/T06/recovery-drill/v7-seed.out
tests/post-verification-audit-seal.test.ts	1	artifacts/rust-tauri/R02/T06/recovery-drill/v7.err
tests/post-verification-audit-seal.test.ts	1	artifacts/rust-tauri/R02/T06/recovery-drill/v7.out
tests/post-verification-audit-seal.test.ts	1	artifacts/rust-tauri/R02/T06/recovery-drill/v8-observed.err
tests/post-verification-audit-seal.test.ts	1	artifacts/rust-tauri/R02/T06/recovery-drill/v8-seed.err
tests/post-verification-audit-seal.test.ts	1	artifacts/rust-tauri/R02/T06/recovery-drill/v8-seed.out
tests/post-verification-audit-seal.test.ts	1	artifacts/rust-tauri/R02/T06/recovery-drill/v8.err
tests/post-verification-audit-seal.test.ts	1	artifacts/rust-tauri/R02/T06/recovery-drill/v8.out
tests/post-verification-audit-seal.test.ts	1	artifacts/rust-tauri/R02/T06/repair-r1/backup-restore/s1-backup-dir-listing.txt
tests/post-verification-audit-seal.test.ts	1	artifacts/rust-tauri/R02/T06/repair-r1/backup-restore/s1-backup-outcome.json
tests/post-verification-audit-seal.test.ts	1	artifacts/rust-tauri/R02/T06/repair-r1/backup-restore/s1-backup.err
tests/post-verification-audit-seal.test.ts	1	artifacts/rust-tauri/R02/T06/repair-r1/backup-restore/s1-restore-outcome.json
tests/post-verification-audit-seal.test.ts	1	artifacts/rust-tauri/R02/T06/repair-r1/backup-restore/s1-restore.err
tests/post-verification-audit-seal.test.ts	1	artifacts/rust-tauri/R02/T06/repair-r1/backup-restore/s1-restored-dump.jsonl
tests/post-verification-audit-seal.test.ts	1	artifacts/rust-tauri/R02/T06/repair-r1/backup-restore/s1-restored-hash.txt
tests/post-verification-audit-seal.test.ts	1	artifacts/rust-tauri/R02/T06/repair-r1/backup-restore/s1-source-dump.jsonl
tests/post-verification-audit-seal.test.ts	1	artifacts/rust-tauri/R02/T06/repair-r1/backup-restore/s1-source-hash.txt
tests/post-verification-audit-seal.test.ts	1	artifacts/rust-tauri/R02/T06/repair-r1/backup-restore/s1-wal-size.txt
tests/post-verification-audit-seal.test.ts	1	artifacts/rust-tauri/R02/T06/repair-r1/backup-restore/s3-backup-out.json
tests/post-verification-audit-seal.test.ts	1	artifacts/rust-tauri/R02/T06/repair-r1/backup-restore/s3-backup.err
tests/post-verification-audit-seal.test.ts	1	artifacts/rust-tauri/R02/T06/repair-r1/backup-restore/s4-ws-probe.json
tests/post-verification-audit-seal.test.ts	1	artifacts/rust-tauri/R02/T06/repair-r1/backup-restore/s4-ws-probe.json.probe-done
tests/post-verification-audit-seal.test.ts	1	artifacts/rust-tauri/R02/T06/repair-r1/backup-restore/service-s1.addr
tests/post-verification-audit-seal.test.ts	1	artifacts/rust-tauri/R02/T06/repair-r1/backup-restore/service-s1.err
tests/post-verification-audit-seal.test.ts	1	artifacts/rust-tauri/R02/T06/repair-r1/backup-restore/service-s1.out
tests/post-verification-audit-seal.test.ts	1	artifacts/rust-tauri/R02/T06/repair-r1/backup-restore/service-s2.addr
tests/post-verification-audit-seal.test.ts	1	artifacts/rust-tauri/R02/T06/repair-r1/backup-restore/service-s2.err
tests/post-verification-audit-seal.test.ts	1	artifacts/rust-tauri/R02/T06/repair-r1/backup-restore/service-s2.out
tests/post-verification-audit-seal.test.ts	1	artifacts/rust-tauri/R02/T06/repair-r1/backup-restore/service-s4.addr
tests/post-verification-audit-seal.test.ts	1	artifacts/rust-tauri/R02/T06/repair-r1/backup-restore/service-s4.err
tests/post-verification-audit-seal.test.ts	1	artifacts/rust-tauri/R02/T06/repair-r1/backup-restore/service-s4.out
tests/post-verification-audit-seal.test.ts	1	artifacts/rust-tauri/R02/T06/repair-r1/backup-restore/service.pid
tests/post-verification-audit-seal.test.ts	1	artifacts/rust-tauri/R02/T06/repair-r1/backup-restore/summary.txt
tests/post-verification-audit-seal.test.ts	1	artifacts/rust-tauri/R02/T06/repair-r1/recovery-drill/summary.txt
tests/post-verification-audit-seal.test.ts	1	artifacts/rust-tauri/R02/T06/repair-r1/recovery-drill/v1-hashes-after.txt
tests/post-verification-audit-seal.test.ts	1	artifacts/rust-tauri/R02/T06/repair-r1/recovery-drill/v1-hashes-before.txt
tests/post-verification-audit-seal.test.ts	1	artifacts/rust-tauri/R02/T06/repair-r1/recovery-drill/v1.err
tests/post-verification-audit-seal.test.ts	1	artifacts/rust-tauri/R02/T06/repair-r1/recovery-drill/v1.out
tests/post-verification-audit-seal.test.ts	1	artifacts/rust-tauri/R02/T06/repair-r1/recovery-drill/v2-hashes-after.txt
tests/post-verification-audit-seal.test.ts	1	artifacts/rust-tauri/R02/T06/repair-r1/recovery-drill/v2-hashes-before.txt
tests/post-verification-audit-seal.test.ts	1	artifacts/rust-tauri/R02/T06/repair-r1/recovery-drill/v2.err
tests/post-verification-audit-seal.test.ts	1	artifacts/rust-tauri/R02/T06/repair-r1/recovery-drill/v2.out
tests/post-verification-audit-seal.test.ts	1	artifacts/rust-tauri/R02/T06/repair-r1/recovery-drill/v3-hashes-after.txt
tests/post-verification-audit-seal.test.ts	1	artifacts/rust-tauri/R02/T06/repair-r1/recovery-drill/v3-hashes-before.txt
tests/post-verification-audit-seal.test.ts	1	artifacts/rust-tauri/R02/T06/repair-r1/recovery-drill/v3.err
tests/post-verification-audit-seal.test.ts	1	artifacts/rust-tauri/R02/T06/repair-r1/recovery-drill/v3.out
tests/post-verification-audit-seal.test.ts	1	artifacts/rust-tauri/R02/T06/repair-r1/recovery-drill/v4.err
tests/post-verification-audit-seal.test.ts	1	artifacts/rust-tauri/R02/T06/repair-r1/recovery-drill/v4.out
tests/post-verification-audit-seal.test.ts	1	artifacts/rust-tauri/R02/T06/repair-r1/recovery-drill/v5-hashes-after.txt
tests/post-verification-audit-seal.test.ts	1	artifacts/rust-tauri/R02/T06/repair-r1/recovery-drill/v5-hashes-before.txt
tests/post-verification-audit-seal.test.ts	1	artifacts/rust-tauri/R02/T06/repair-r1/recovery-drill/v5.err
tests/post-verification-audit-seal.test.ts	1	artifacts/rust-tauri/R02/T06/repair-r1/recovery-drill/v5.out
tests/post-verification-audit-seal.test.ts	1	artifacts/rust-tauri/R02/T06/repair-r1/recovery-drill/v6-recovered-dump.jsonl
tests/post-verification-audit-seal.test.ts	1	artifacts/rust-tauri/R02/T06/repair-r1/recovery-drill/v6-seed-execute.txt
tests/post-verification-audit-seal.test.ts	1	artifacts/rust-tauri/R02/T06/repair-r1/recovery-drill/v6-seed.err
tests/post-verification-audit-seal.test.ts	1	artifacts/rust-tauri/R02/T06/repair-r1/recovery-drill/v6-seed.out
tests/post-verification-audit-seal.test.ts	1	artifacts/rust-tauri/R02/T06/repair-r1/recovery-drill/v6.err
tests/post-verification-audit-seal.test.ts	1	artifacts/rust-tauri/R02/T06/repair-r1/recovery-drill/v6.out
tests/post-verification-audit-seal.test.ts	1	artifacts/rust-tauri/R02/T06/repair-r1/recovery-drill/v7-hashes-after.txt
tests/post-verification-audit-seal.test.ts	1	artifacts/rust-tauri/R02/T06/repair-r1/recovery-drill/v7-hashes-before.txt
tests/post-verification-audit-seal.test.ts	1	artifacts/rust-tauri/R02/T06/repair-r1/recovery-drill/v7-seed.err
tests/post-verification-audit-seal.test.ts	1	artifacts/rust-tauri/R02/T06/repair-r1/recovery-drill/v7-seed.out
tests/post-verification-audit-seal.test.ts	1	artifacts/rust-tauri/R02/T06/repair-r1/recovery-drill/v7.err
tests/post-verification-audit-seal.test.ts	1	artifacts/rust-tauri/R02/T06/repair-r1/recovery-drill/v7.out
tests/post-verification-audit-seal.test.ts	1	artifacts/rust-tauri/R02/T06/repair-r1/recovery-drill/v8-observed.err
tests/post-verification-audit-seal.test.ts	1	artifacts/rust-tauri/R02/T06/repair-r1/recovery-drill/v8-seed.err
tests/post-verification-audit-seal.test.ts	1	artifacts/rust-tauri/R02/T06/repair-r1/recovery-drill/v8-seed.out
tests/post-verification-audit-seal.test.ts	1	artifacts/rust-tauri/R02/T06/repair-r1/recovery-drill/v8.err
tests/post-verification-audit-seal.test.ts	1	artifacts/rust-tauri/R02/T06/repair-r1/recovery-drill/v8.out
tests/post-verification-audit-seal.test.ts	1	artifacts/rust-tauri/R02/T06/repair-r1/reg-r02_t01_service_smoke/a01-cargo-metadata.err
tests/post-verification-audit-seal.test.ts	1	artifacts/rust-tauri/R02/T06/repair-r1/reg-r02_t01_service_smoke/a01-cargo-metadata.json
tests/post-verification-audit-seal.test.ts	1	artifacts/rust-tauri/R02/T06/repair-r1/reg-r02_t01_service_smoke/a01-health-body.json
tests/post-verification-audit-seal.test.ts	1	artifacts/rust-tauri/R02/T06/repair-r1/reg-r02_t02_dual_instance/a03-forged-record.json
tests/post-verification-audit-seal.test.ts	1	artifacts/rust-tauri/R02/T06/repair-r1/reg-r02_t02_dual_instance/a03-inst1-health.json
tests/post-verification-audit-seal.test.ts	1	artifacts/rust-tauri/R02/T06/repair-r1/reg-r02_t02_dual_instance/a03-inst2-marker.txt
tests/post-verification-audit-seal.test.ts	1	artifacts/rust-tauri/R02/T06/repair-r1/reg-r02_t02_dual_instance/a03-summary.txt
tests/post-verification-audit-seal.test.ts	1	artifacts/rust-tauri/R02/T06/repair-r1/reg-r02_t02_path_priority/a04-summary.txt
tests/post-verification-audit-seal.test.ts	1	artifacts/rust-tauri/R02/T06/repair-r1/reg-r02_t03_auth_matrix/.last-body
tests/post-verification-audit-seal.test.ts	1	artifacts/rust-tauri/R02/T06/repair-r1/reg-r02_t03_auth_matrix/body-limit.txt
tests/post-verification-audit-seal.test.ts	1	artifacts/rust-tauri/R02/T06/repair-r1/reg-r02_t03_auth_matrix/creds-after-authz.json
tests/post-verification-audit-seal.test.ts	1	artifacts/rust-tauri/R02/T06/repair-r1/reg-r02_t03_auth_matrix/creds-before-authz.json
tests/post-verification-audit-seal.test.ts	1	artifacts/rust-tauri/R02/T06/repair-r1/reg-r02_t03_auth_matrix/devices-after-authz.json
tests/post-verification-audit-seal.test.ts	1	artifacts/rust-tauri/R02/T06/repair-r1/reg-r02_t03_auth_matrix/devices-before-authz.json
tests/post-verification-audit-seal.test.ts	1	artifacts/rust-tauri/R02/T06/repair-r1/reg-r02_t03_auth_matrix/state-after-authn.txt
tests/post-verification-audit-seal.test.ts	1	artifacts/rust-tauri/R02/T06/repair-r1/reg-r02_t03_auth_matrix/state-after.txt
tests/post-verification-audit-seal.test.ts	1	artifacts/rust-tauri/R02/T06/repair-r1/reg-r02_t03_auth_matrix/state-before-authz.txt
tests/post-verification-audit-seal.test.ts	1	artifacts/rust-tauri/R02/T06/repair-r1/reg-r02_t03_auth_matrix/state-before.txt
tests/post-verification-audit-seal.test.ts	1	artifacts/rust-tauri/R02/T06/repair-r1/reg-r02_t03_auth_matrix/summary.txt
tests/post-verification-audit-seal.test.ts	1	artifacts/rust-tauri/R02/T06/repair-r1/reg-r02_t03_auth_matrix/ws-matrix.json
tests/post-verification-audit-seal.test.ts	1	artifacts/rust-tauri/R02/T06/repair-r1/reg-r02_t04_storage_tx/last-db-hashes.txt
tests/post-verification-audit-seal.test.ts	1	artifacts/rust-tauri/R02/T06/repair-r1/reg-r02_t04_storage_tx/s1-counts-after-stop.json
tests/post-verification-audit-seal.test.ts	1	artifacts/rust-tauri/R02/T06/repair-r1/reg-r02_t04_storage_tx/s2-counts-after-crash.json
tests/post-verification-audit-seal.test.ts	1	artifacts/rust-tauri/R02/T06/repair-r1/reg-r02_t04_storage_tx/s2-runs-dump.jsonl
tests/post-verification-audit-seal.test.ts	1	artifacts/rust-tauri/R02/T06/repair-r1/reg-r02_t04_storage_tx/s3-fault.err
tests/post-verification-audit-seal.test.ts	1	artifacts/rust-tauri/R02/T06/repair-r1/reg-r02_t04_storage_tx/s3-fault.out
tests/post-verification-audit-seal.test.ts	1	artifacts/rust-tauri/R02/T06/repair-r1/reg-r02_t04_storage_tx/s4-hashes-after.txt
tests/post-verification-audit-seal.test.ts	1	artifacts/rust-tauri/R02/T06/repair-r1/reg-r02_t04_storage_tx/s4-hashes-before.txt
tests/post-verification-audit-seal.test.ts	1	artifacts/rust-tauri/R02/T06/repair-r1/reg-r02_t04_storage_tx/s4-migrations-round1.json
tests/post-verification-audit-seal.test.ts	1	artifacts/rust-tauri/R02/T06/repair-r1/reg-r02_t04_storage_tx/s4-migrations-round2.json
tests/post-verification-audit-seal.test.ts	1	artifacts/rust-tauri/R02/T06/repair-r1/reg-r02_t04_storage_tx/s4-migrations-round3.json
tests/post-verification-audit-seal.test.ts	1	artifacts/rust-tauri/R02/T06/repair-r1/reg-r02_t04_storage_tx/service-s1.err
tests/post-verification-audit-seal.test.ts	1	artifacts/rust-tauri/R02/T06/repair-r1/reg-r02_t04_storage_tx/service-s1.out
tests/post-verification-audit-seal.test.ts	1	artifacts/rust-tauri/R02/T06/repair-r1/reg-r02_t04_storage_tx/service-s1b.err
tests/post-verification-audit-seal.test.ts	1	artifacts/rust-tauri/R02/T06/repair-r1/reg-r02_t04_storage_tx/service-s1b.out
tests/post-verification-audit-seal.test.ts	1	artifacts/rust-tauri/R02/T06/repair-r1/reg-r02_t04_storage_tx/service-s2.err
tests/post-verification-audit-seal.test.ts	1	artifacts/rust-tauri/R02/T06/repair-r1/reg-r02_t04_storage_tx/service-s2.out
tests/post-verification-audit-seal.test.ts	1	artifacts/rust-tauri/R02/T06/repair-r1/reg-r02_t04_storage_tx/service-s2b.err
tests/post-verification-audit-seal.test.ts	1	artifacts/rust-tauri/R02/T06/repair-r1/reg-r02_t04_storage_tx/service-s2b.out
tests/post-verification-audit-seal.test.ts	1	artifacts/rust-tauri/R02/T06/repair-r1/reg-r02_t04_storage_tx/service-s4-1.err
tests/post-verification-audit-seal.test.ts	1	artifacts/rust-tauri/R02/T06/repair-r1/reg-r02_t04_storage_tx/service-s4-1.out
tests/post-verification-audit-seal.test.ts	1	artifacts/rust-tauri/R02/T06/repair-r1/reg-r02_t04_storage_tx/service-s4-2.err
tests/post-verification-audit-seal.test.ts	1	artifacts/rust-tauri/R02/T06/repair-r1/reg-r02_t04_storage_tx/service-s4-2.out
tests/post-verification-audit-seal.test.ts	1	artifacts/rust-tauri/R02/T06/repair-r1/reg-r02_t04_storage_tx/service-s4-3.err
tests/post-verification-audit-seal.test.ts	1	artifacts/rust-tauri/R02/T06/repair-r1/reg-r02_t04_storage_tx/service-s4-3.out
tests/post-verification-audit-seal.test.ts	1	artifacts/rust-tauri/R02/T06/repair-r1/reg-r02_t04_storage_tx/service.addr
tests/post-verification-audit-seal.test.ts	1	artifacts/rust-tauri/R02/T06/repair-r1/reg-r02_t04_storage_tx/service.pid
tests/post-verification-audit-seal.test.ts	1	artifacts/rust-tauri/R02/T06/repair-r1/reg-r02_t04_storage_tx/summary.txt
tests/post-verification-audit-seal.test.ts	1	artifacts/rust-tauri/R02/T06/repair-r1/reg-r02_t05_events_matrix/a09-merged-view.json
tests/post-verification-audit-seal.test.ts	1	artifacts/rust-tauri/R02/T06/repair-r1/reg-r02_t05_events_matrix/a10-rebuild-diff.json
tests/post-verification-audit-seal.test.ts	1	artifacts/rust-tauri/R02/T06/repair-r1/reg-r02_t05_events_matrix/key-events-dump.json
tests/post-verification-audit-seal.test.ts	1	artifacts/rust-tauri/R02/T06/repair-r1/reg-r02_t05_events_matrix/matrix.json
tests/post-verification-audit-seal.test.ts	1	artifacts/rust-tauri/R02/T06/repair-r1/reg-r02_t05_events_matrix/probe-matrix.jsonl
tests/post-verification-audit-seal.test.ts	1	artifacts/rust-tauri/R02/T06/repair-r1/reg-r02_t05_events_matrix/service.err
tests/post-verification-audit-seal.test.ts	1	artifacts/rust-tauri/R02/T06/repair-r1/reg-r02_t05_events_matrix/service.out
tests/post-verification-audit-seal.test.ts	1	artifacts/rust-tauri/R02/T06/repair-r1/reg-r02_t05_events_matrix/summary.txt
tests/post-verification-audit-seal.test.ts	1	artifacts/rust-tauri/R02/T07/gates/reg-t01-smoke/a01-cargo-metadata.err
tests/post-verification-audit-seal.test.ts	1	artifacts/rust-tauri/R02/T07/gates/reg-t01-smoke/a01-cargo-metadata.json
tests/post-verification-audit-seal.test.ts	1	artifacts/rust-tauri/R02/T07/gates/reg-t01-smoke/a01-health-body.json
tests/post-verification-audit-seal.test.ts	1	artifacts/rust-tauri/R02/T07/gates/reg-t02-dual-instance/a03-forged-record.json
tests/post-verification-audit-seal.test.ts	1	artifacts/rust-tauri/R02/T07/gates/reg-t02-dual-instance/a03-inst1-health.json
tests/post-verification-audit-seal.test.ts	1	artifacts/rust-tauri/R02/T07/gates/reg-t02-dual-instance/a03-inst2-marker.txt
tests/post-verification-audit-seal.test.ts	1	artifacts/rust-tauri/R02/T07/gates/reg-t02-dual-instance/a03-summary.txt
tests/post-verification-audit-seal.test.ts	1	artifacts/rust-tauri/R02/T07/gates/reg-t02-path-priority/a04-summary.txt
tests/post-verification-audit-seal.test.ts	1	artifacts/rust-tauri/R02/T07/gates/reg-t03-auth-matrix/.last-body
tests/post-verification-audit-seal.test.ts	1	artifacts/rust-tauri/R02/T07/gates/reg-t03-auth-matrix/body-limit.txt
tests/post-verification-audit-seal.test.ts	1	artifacts/rust-tauri/R02/T07/gates/reg-t03-auth-matrix/creds-after-authz.json
tests/post-verification-audit-seal.test.ts	1	artifacts/rust-tauri/R02/T07/gates/reg-t03-auth-matrix/creds-before-authz.json
tests/post-verification-audit-seal.test.ts	1	artifacts/rust-tauri/R02/T07/gates/reg-t03-auth-matrix/devices-after-authz.json
tests/post-verification-audit-seal.test.ts	1	artifacts/rust-tauri/R02/T07/gates/reg-t03-auth-matrix/devices-before-authz.json
tests/post-verification-audit-seal.test.ts	1	artifacts/rust-tauri/R02/T07/gates/reg-t03-auth-matrix/state-after-authn.txt
tests/post-verification-audit-seal.test.ts	1	artifacts/rust-tauri/R02/T07/gates/reg-t03-auth-matrix/state-after.txt
tests/post-verification-audit-seal.test.ts	1	artifacts/rust-tauri/R02/T07/gates/reg-t03-auth-matrix/state-before-authz.txt
tests/post-verification-audit-seal.test.ts	1	artifacts/rust-tauri/R02/T07/gates/reg-t03-auth-matrix/state-before.txt
tests/post-verification-audit-seal.test.ts	1	artifacts/rust-tauri/R02/T07/gates/reg-t03-auth-matrix/summary.txt
tests/post-verification-audit-seal.test.ts	1	artifacts/rust-tauri/R02/T07/gates/reg-t03-auth-matrix/ws-matrix.json
tests/post-verification-audit-seal.test.ts	1	artifacts/rust-tauri/R02/T07/gates/reg-t04-storage-tx/last-db-hashes.txt
tests/post-verification-audit-seal.test.ts	1	artifacts/rust-tauri/R02/T07/gates/reg-t04-storage-tx/s1-counts-after-stop.json
tests/post-verification-audit-seal.test.ts	1	artifacts/rust-tauri/R02/T07/gates/reg-t04-storage-tx/s2-counts-after-crash.json
tests/post-verification-audit-seal.test.ts	1	artifacts/rust-tauri/R02/T07/gates/reg-t04-storage-tx/s2-runs-dump.jsonl
tests/post-verification-audit-seal.test.ts	1	artifacts/rust-tauri/R02/T07/gates/reg-t04-storage-tx/s3-fault.err
tests/post-verification-audit-seal.test.ts	1	artifacts/rust-tauri/R02/T07/gates/reg-t04-storage-tx/s3-fault.out
tests/post-verification-audit-seal.test.ts	1	artifacts/rust-tauri/R02/T07/gates/reg-t04-storage-tx/s4-hashes-after.txt
tests/post-verification-audit-seal.test.ts	1	artifacts/rust-tauri/R02/T07/gates/reg-t04-storage-tx/s4-hashes-before.txt
tests/post-verification-audit-seal.test.ts	1	artifacts/rust-tauri/R02/T07/gates/reg-t04-storage-tx/s4-migrations-round1.json
tests/post-verification-audit-seal.test.ts	1	artifacts/rust-tauri/R02/T07/gates/reg-t04-storage-tx/s4-migrations-round2.json
tests/post-verification-audit-seal.test.ts	1	artifacts/rust-tauri/R02/T07/gates/reg-t04-storage-tx/s4-migrations-round3.json
tests/post-verification-audit-seal.test.ts	1	artifacts/rust-tauri/R02/T07/gates/reg-t04-storage-tx/service-s1.err
tests/post-verification-audit-seal.test.ts	1	artifacts/rust-tauri/R02/T07/gates/reg-t04-storage-tx/service-s1.out
tests/post-verification-audit-seal.test.ts	1	artifacts/rust-tauri/R02/T07/gates/reg-t04-storage-tx/service-s1b.err
tests/post-verification-audit-seal.test.ts	1	artifacts/rust-tauri/R02/T07/gates/reg-t04-storage-tx/service-s1b.out
tests/post-verification-audit-seal.test.ts	1	artifacts/rust-tauri/R02/T07/gates/reg-t04-storage-tx/service-s2.err
tests/post-verification-audit-seal.test.ts	1	artifacts/rust-tauri/R02/T07/gates/reg-t04-storage-tx/service-s2.out
tests/post-verification-audit-seal.test.ts	1	artifacts/rust-tauri/R02/T07/gates/reg-t04-storage-tx/service-s2b.err
tests/post-verification-audit-seal.test.ts	1	artifacts/rust-tauri/R02/T07/gates/reg-t04-storage-tx/service-s2b.out
tests/post-verification-audit-seal.test.ts	1	artifacts/rust-tauri/R02/T07/gates/reg-t04-storage-tx/service-s4-1.err
tests/post-verification-audit-seal.test.ts	1	artifacts/rust-tauri/R02/T07/gates/reg-t04-storage-tx/service-s4-1.out
tests/post-verification-audit-seal.test.ts	1	artifacts/rust-tauri/R02/T07/gates/reg-t04-storage-tx/service-s4-2.err
tests/post-verification-audit-seal.test.ts	1	artifacts/rust-tauri/R02/T07/gates/reg-t04-storage-tx/service-s4-2.out
tests/post-verification-audit-seal.test.ts	1	artifacts/rust-tauri/R02/T07/gates/reg-t04-storage-tx/service-s4-3.err
tests/post-verification-audit-seal.test.ts	1	artifacts/rust-tauri/R02/T07/gates/reg-t04-storage-tx/service-s4-3.out
tests/post-verification-audit-seal.test.ts	1	artifacts/rust-tauri/R02/T07/gates/reg-t04-storage-tx/service.addr
tests/post-verification-audit-seal.test.ts	1	artifacts/rust-tauri/R02/T07/gates/reg-t04-storage-tx/service.pid
tests/post-verification-audit-seal.test.ts	1	artifacts/rust-tauri/R02/T07/gates/reg-t04-storage-tx/summary.txt
tests/post-verification-audit-seal.test.ts	1	artifacts/rust-tauri/R02/T07/gates/reg-t05-events-matrix/a09-merged-view.json
tests/post-verification-audit-seal.test.ts	1	artifacts/rust-tauri/R02/T07/gates/reg-t05-events-matrix/a10-rebuild-diff.json
tests/post-verification-audit-seal.test.ts	1	artifacts/rust-tauri/R02/T07/gates/reg-t05-events-matrix/key-events-dump.json
tests/post-verification-audit-seal.test.ts	1	artifacts/rust-tauri/R02/T07/gates/reg-t05-events-matrix/matrix.json
tests/post-verification-audit-seal.test.ts	1	artifacts/rust-tauri/R02/T07/gates/reg-t05-events-matrix/probe-matrix.jsonl
tests/post-verification-audit-seal.test.ts	1	artifacts/rust-tauri/R02/T07/gates/reg-t05-events-matrix/service.err
tests/post-verification-audit-seal.test.ts	1	artifacts/rust-tauri/R02/T07/gates/reg-t05-events-matrix/service.out
tests/post-verification-audit-seal.test.ts	1	artifacts/rust-tauri/R02/T07/gates/reg-t05-events-matrix/summary.txt
tests/post-verification-audit-seal.test.ts	1	artifacts/rust-tauri/R02/T07/gates/reg-t06-backup-restore/backup-restore/s1-backup-dir-listing.txt
tests/post-verification-audit-seal.test.ts	1	artifacts/rust-tauri/R02/T07/gates/reg-t06-backup-restore/backup-restore/s1-backup-outcome.json
tests/post-verification-audit-seal.test.ts	1	artifacts/rust-tauri/R02/T07/gates/reg-t06-backup-restore/backup-restore/s1-backup.err
tests/post-verification-audit-seal.test.ts	1	artifacts/rust-tauri/R02/T07/gates/reg-t06-backup-restore/backup-restore/s1-restore-outcome.json
tests/post-verification-audit-seal.test.ts	1	artifacts/rust-tauri/R02/T07/gates/reg-t06-backup-restore/backup-restore/s1-restore.err
tests/post-verification-audit-seal.test.ts	1	artifacts/rust-tauri/R02/T07/gates/reg-t06-backup-restore/backup-restore/s1-restored-dump.jsonl
tests/post-verification-audit-seal.test.ts	1	artifacts/rust-tauri/R02/T07/gates/reg-t06-backup-restore/backup-restore/s1-restored-hash.txt
tests/post-verification-audit-seal.test.ts	1	artifacts/rust-tauri/R02/T07/gates/reg-t06-backup-restore/backup-restore/s1-source-dump.jsonl
tests/post-verification-audit-seal.test.ts	1	artifacts/rust-tauri/R02/T07/gates/reg-t06-backup-restore/backup-restore/s1-source-hash.txt
tests/post-verification-audit-seal.test.ts	1	artifacts/rust-tauri/R02/T07/gates/reg-t06-backup-restore/backup-restore/s1-wal-size.txt
tests/post-verification-audit-seal.test.ts	1	artifacts/rust-tauri/R02/T07/gates/reg-t06-backup-restore/backup-restore/s3-backup-out.json
tests/post-verification-audit-seal.test.ts	1	artifacts/rust-tauri/R02/T07/gates/reg-t06-backup-restore/backup-restore/s3-backup.err
tests/post-verification-audit-seal.test.ts	1	artifacts/rust-tauri/R02/T07/gates/reg-t06-backup-restore/backup-restore/s4-ws-probe.json
tests/post-verification-audit-seal.test.ts	1	artifacts/rust-tauri/R02/T07/gates/reg-t06-backup-restore/backup-restore/s4-ws-probe.json.probe-done
tests/post-verification-audit-seal.test.ts	1	artifacts/rust-tauri/R02/T07/gates/reg-t06-backup-restore/backup-restore/service-s1.addr
tests/post-verification-audit-seal.test.ts	1	artifacts/rust-tauri/R02/T07/gates/reg-t06-backup-restore/backup-restore/service-s1.err
tests/post-verification-audit-seal.test.ts	1	artifacts/rust-tauri/R02/T07/gates/reg-t06-backup-restore/backup-restore/service-s1.out
tests/post-verification-audit-seal.test.ts	1	artifacts/rust-tauri/R02/T07/gates/reg-t06-backup-restore/backup-restore/service-s2.addr
tests/post-verification-audit-seal.test.ts	1	artifacts/rust-tauri/R02/T07/gates/reg-t06-backup-restore/backup-restore/service-s2.err
tests/post-verification-audit-seal.test.ts	1	artifacts/rust-tauri/R02/T07/gates/reg-t06-backup-restore/backup-restore/service-s2.out
tests/post-verification-audit-seal.test.ts	1	artifacts/rust-tauri/R02/T07/gates/reg-t06-backup-restore/backup-restore/service-s4.addr
tests/post-verification-audit-seal.test.ts	1	artifacts/rust-tauri/R02/T07/gates/reg-t06-backup-restore/backup-restore/service-s4.err
tests/post-verification-audit-seal.test.ts	1	artifacts/rust-tauri/R02/T07/gates/reg-t06-backup-restore/backup-restore/service-s4.out
tests/post-verification-audit-seal.test.ts	1	artifacts/rust-tauri/R02/T07/gates/reg-t06-backup-restore/backup-restore/service.pid
tests/post-verification-audit-seal.test.ts	1	artifacts/rust-tauri/R02/T07/gates/reg-t06-backup-restore/backup-restore/summary.txt
tests/post-verification-audit-seal.test.ts	1	artifacts/rust-tauri/R02/T07/gates/reg-t06-recovery-drill/recovery-drill/summary.txt
tests/post-verification-audit-seal.test.ts	1	artifacts/rust-tauri/R02/T07/gates/reg-t06-recovery-drill/recovery-drill/v1-hashes-after.txt
tests/post-verification-audit-seal.test.ts	1	artifacts/rust-tauri/R02/T07/gates/reg-t06-recovery-drill/recovery-drill/v1-hashes-before.txt
tests/post-verification-audit-seal.test.ts	1	artifacts/rust-tauri/R02/T07/gates/reg-t06-recovery-drill/recovery-drill/v1.err
tests/post-verification-audit-seal.test.ts	1	artifacts/rust-tauri/R02/T07/gates/reg-t06-recovery-drill/recovery-drill/v1.out
tests/post-verification-audit-seal.test.ts	1	artifacts/rust-tauri/R02/T07/gates/reg-t06-recovery-drill/recovery-drill/v2-hashes-after.txt
tests/post-verification-audit-seal.test.ts	1	artifacts/rust-tauri/R02/T07/gates/reg-t06-recovery-drill/recovery-drill/v2-hashes-before.txt
tests/post-verification-audit-seal.test.ts	1	artifacts/rust-tauri/R02/T07/gates/reg-t06-recovery-drill/recovery-drill/v2.err
tests/post-verification-audit-seal.test.ts	1	artifacts/rust-tauri/R02/T07/gates/reg-t06-recovery-drill/recovery-drill/v2.out
tests/post-verification-audit-seal.test.ts	1	artifacts/rust-tauri/R02/T07/gates/reg-t06-recovery-drill/recovery-drill/v3-hashes-after.txt
tests/post-verification-audit-seal.test.ts	1	artifacts/rust-tauri/R02/T07/gates/reg-t06-recovery-drill/recovery-drill/v3-hashes-before.txt
tests/post-verification-audit-seal.test.ts	1	artifacts/rust-tauri/R02/T07/gates/reg-t06-recovery-drill/recovery-drill/v3.err
tests/post-verification-audit-seal.test.ts	1	artifacts/rust-tauri/R02/T07/gates/reg-t06-recovery-drill/recovery-drill/v3.out
tests/post-verification-audit-seal.test.ts	1	artifacts/rust-tauri/R02/T07/gates/reg-t06-recovery-drill/recovery-drill/v4.err
tests/post-verification-audit-seal.test.ts	1	artifacts/rust-tauri/R02/T07/gates/reg-t06-recovery-drill/recovery-drill/v4.out
tests/post-verification-audit-seal.test.ts	1	artifacts/rust-tauri/R02/T07/gates/reg-t06-recovery-drill/recovery-drill/v5-hashes-after.txt
tests/post-verification-audit-seal.test.ts	1	artifacts/rust-tauri/R02/T07/gates/reg-t06-recovery-drill/recovery-drill/v5-hashes-before.txt
tests/post-verification-audit-seal.test.ts	1	artifacts/rust-tauri/R02/T07/gates/reg-t06-recovery-drill/recovery-drill/v5.err
tests/post-verification-audit-seal.test.ts	1	artifacts/rust-tauri/R02/T07/gates/reg-t06-recovery-drill/recovery-drill/v5.out
tests/post-verification-audit-seal.test.ts	1	artifacts/rust-tauri/R02/T07/gates/reg-t06-recovery-drill/recovery-drill/v6-recovered-dump.jsonl
tests/post-verification-audit-seal.test.ts	1	artifacts/rust-tauri/R02/T07/gates/reg-t06-recovery-drill/recovery-drill/v6-seed-execute.txt
tests/post-verification-audit-seal.test.ts	1	artifacts/rust-tauri/R02/T07/gates/reg-t06-recovery-drill/recovery-drill/v6-seed.err
tests/post-verification-audit-seal.test.ts	1	artifacts/rust-tauri/R02/T07/gates/reg-t06-recovery-drill/recovery-drill/v6-seed.out
tests/post-verification-audit-seal.test.ts	1	artifacts/rust-tauri/R02/T07/gates/reg-t06-recovery-drill/recovery-drill/v6.err
tests/post-verification-audit-seal.test.ts	1	artifacts/rust-tauri/R02/T07/gates/reg-t06-recovery-drill/recovery-drill/v6.out
tests/post-verification-audit-seal.test.ts	1	artifacts/rust-tauri/R02/T07/gates/reg-t06-recovery-drill/recovery-drill/v7-hashes-after.txt
tests/post-verification-audit-seal.test.ts	1	artifacts/rust-tauri/R02/T07/gates/reg-t06-recovery-drill/recovery-drill/v7-hashes-before.txt
tests/post-verification-audit-seal.test.ts	1	artifacts/rust-tauri/R02/T07/gates/reg-t06-recovery-drill/recovery-drill/v7-seed.err
tests/post-verification-audit-seal.test.ts	1	artifacts/rust-tauri/R02/T07/gates/reg-t06-recovery-drill/recovery-drill/v7-seed.out
tests/post-verification-audit-seal.test.ts	1	artifacts/rust-tauri/R02/T07/gates/reg-t06-recovery-drill/recovery-drill/v7.err
tests/post-verification-audit-seal.test.ts	1	artifacts/rust-tauri/R02/T07/gates/reg-t06-recovery-drill/recovery-drill/v7.out
tests/post-verification-audit-seal.test.ts	1	artifacts/rust-tauri/R02/T07/gates/reg-t06-recovery-drill/recovery-drill/v8-observed.err
tests/post-verification-audit-seal.test.ts	1	artifacts/rust-tauri/R02/T07/gates/reg-t06-recovery-drill/recovery-drill/v8-seed.err
tests/post-verification-audit-seal.test.ts	1	artifacts/rust-tauri/R02/T07/gates/reg-t06-recovery-drill/recovery-drill/v8-seed.out
tests/post-verification-audit-seal.test.ts	1	artifacts/rust-tauri/R02/T07/gates/reg-t06-recovery-drill/recovery-drill/v8.err
tests/post-verification-audit-seal.test.ts	1	artifacts/rust-tauri/R02/T07/gates/reg-t06-recovery-drill/recovery-drill/v8.out
tests/post-verification-audit-seal.test.ts	1	artifacts/rust-tauri/R02/T07/redaction-scan/inventory.txt
tests/post-verification-audit-seal.test.ts	1	artifacts/rust-tauri/R02/T07/redaction-scan/p1-execute-ok.body
tests/post-verification-audit-seal.test.ts	1	artifacts/rust-tauri/R02/T07/redaction-scan/p1-execute-ok.headers
tests/post-verification-audit-seal.test.ts	1	artifacts/rust-tauri/R02/T07/redaction-scan/p1-execute-request.json
tests/post-verification-audit-seal.test.ts	1	artifacts/rust-tauri/R02/T07/redaction-scan/p1-issue-credential.body
tests/post-verification-audit-seal.test.ts	1	artifacts/rust-tauri/R02/T07/redaction-scan/p1-issue-credential.headers
tests/post-verification-audit-seal.test.ts	1	artifacts/rust-tauri/R02/T07/redaction-scan/p1-issue-request.json
tests/post-verification-audit-seal.test.ts	1	artifacts/rust-tauri/R02/T07/redaction-scan/p1-me-ok.body
tests/post-verification-audit-seal.test.ts	1	artifacts/rust-tauri/R02/T07/redaction-scan/p1-me-ok.headers
tests/post-verification-audit-seal.test.ts	1	artifacts/rust-tauri/R02/T07/redaction-scan/p1-ticket-request.json
tests/post-verification-audit-seal.test.ts	1	artifacts/rust-tauri/R02/T07/redaction-scan/p1-ticket.body
tests/post-verification-audit-seal.test.ts	1	artifacts/rust-tauri/R02/T07/redaction-scan/p1-ticket.headers
tests/post-verification-audit-seal.test.ts	1	artifacts/rust-tauri/R02/T07/redaction-scan/p2-me-bad-bearer.body
tests/post-verification-audit-seal.test.ts	1	artifacts/rust-tauri/R02/T07/redaction-scan/p2-me-bad-bearer.headers
tests/post-verification-audit-seal.test.ts	1	artifacts/rust-tauri/R02/T07/redaction-scan/p2-me-no-auth.body
tests/post-verification-audit-seal.test.ts	1	artifacts/rust-tauri/R02/T07/redaction-scan/p2-me-no-auth.headers
tests/post-verification-audit-seal.test.ts	1	artifacts/rust-tauri/R02/T07/redaction-scan/p2-session-cross.body
tests/post-verification-audit-seal.test.ts	1	artifacts/rust-tauri/R02/T07/redaction-scan/p2-session-cross.headers
tests/post-verification-audit-seal.test.ts	1	artifacts/rust-tauri/R02/T07/redaction-scan/p2-session-missing.body
tests/post-verification-audit-seal.test.ts	1	artifacts/rust-tauri/R02/T07/redaction-scan/p2-session-missing.headers
tests/post-verification-audit-seal.test.ts	1	artifacts/rust-tauri/R02/T07/redaction-scan/p2-ws-bad-query.body
tests/post-verification-audit-seal.test.ts	1	artifacts/rust-tauri/R02/T07/redaction-scan/p2-ws-bad-query.headers
tests/post-verification-audit-seal.test.ts	1	artifacts/rust-tauri/R02/T07/redaction-scan/p2-ws-transcript.txt
tests/post-verification-audit-seal.test.ts	1	artifacts/rust-tauri/R02/T07/redaction-scan/p3-burst-1.body
tests/post-verification-audit-seal.test.ts	1	artifacts/rust-tauri/R02/T07/redaction-scan/p3-burst-2.body
tests/post-verification-audit-seal.test.ts	1	artifacts/rust-tauri/R02/T07/redaction-scan/p3-burst-3.body
tests/post-verification-audit-seal.test.ts	1	artifacts/rust-tauri/R02/T07/redaction-scan/p3-burst-4.body
tests/post-verification-audit-seal.test.ts	1	artifacts/rust-tauri/R02/T07/redaction-scan/p3-burst-5.body
tests/post-verification-audit-seal.test.ts	1	artifacts/rust-tauri/R02/T07/redaction-scan/p3-burst-6.body
tests/post-verification-audit-seal.test.ts	1	artifacts/rust-tauri/R02/T07/redaction-scan/p3-burst-7.body
tests/post-verification-audit-seal.test.ts	1	artifacts/rust-tauri/R02/T07/redaction-scan/p3-burst-8.body
tests/post-verification-audit-seal.test.ts	1	artifacts/rust-tauri/R02/T07/redaction-scan/p3-execute-request.json
tests/post-verification-audit-seal.test.ts	1	artifacts/rust-tauri/R02/T07/redaction-scan/p3-status-codes.txt
tests/post-verification-audit-seal.test.ts	1	artifacts/rust-tauri/R02/T07/redaction-scan/service-p1.addr
tests/post-verification-audit-seal.test.ts	1	artifacts/rust-tauri/R02/T07/redaction-scan/service-p1.err
tests/post-verification-audit-seal.test.ts	1	artifacts/rust-tauri/R02/T07/redaction-scan/service-p1.out
tests/post-verification-audit-seal.test.ts	1	artifacts/rust-tauri/R02/T07/redaction-scan/service-p3.addr
tests/post-verification-audit-seal.test.ts	1	artifacts/rust-tauri/R02/T07/redaction-scan/service-p3.err
tests/post-verification-audit-seal.test.ts	1	artifacts/rust-tauri/R02/T07/redaction-scan/service-p3.out
tests/post-verification-audit-seal.test.ts	1	artifacts/rust-tauri/R02/T07/redaction-scan/service-p4.err
tests/post-verification-audit-seal.test.ts	1	artifacts/rust-tauri/R02/T07/redaction-scan/service-p4.out
tests/post-verification-audit-seal.test.ts	1	artifacts/rust-tauri/R02/T07/redaction-scan/summary.txt
tests/post-verification-audit-seal.test.ts	1	artifacts/rust-tauri/R02/T07/slow-subscriber/detach-lines.txt
tests/post-verification-audit-seal.test.ts	1	artifacts/rust-tauri/R02/T07/slow-subscriber/rss-samples.csv
tests/post-verification-audit-seal.test.ts	1	artifacts/rust-tauri/R02/T07/slow-subscriber/service.err
tests/post-verification-audit-seal.test.ts	1	artifacts/rust-tauri/R02/T07/slow-subscriber/service.out
tests/post-verification-audit-seal.test.ts	1	artifacts/rust-tauri/R02/T07/slow-subscriber/storm-results.json
tests/post-verification-audit-seal.test.ts	1	artifacts/rust-tauri/R02/T07/slow-subscriber/summary.txt
tests/post-verification-audit-seal.test.ts	1	artifacts/rust-tauri/R02/T08/gates/verify-stage-run1-missing-evidence-FAIL.json
tests/post-verification-audit-seal.test.ts	1	artifacts/rust-tauri/R02/T08/gates/xtask-help.txt
tests/post-verification-audit-seal.test.ts	1	artifacts/rust-tauri/R02/T08/gates/xtask-unknown-stage-exit2.txt
tests/post-verification-audit-seal.test.ts	1	artifacts/rust-tauri/R02/T08/gates/xtask-unknown-subcommand-exit2.txt
tests/post-verification-audit-seal.test.ts	1	artifacts/rust-tauri/R02/T08/verify-stage/A01/a01-cargo-metadata.err
tests/post-verification-audit-seal.test.ts	1	artifacts/rust-tauri/R02/T08/verify-stage/A01/a01-cargo-metadata.json
tests/post-verification-audit-seal.test.ts	1	artifacts/rust-tauri/R02/T08/verify-stage/A01/a01-health-body.json
tests/post-verification-audit-seal.test.ts	1	artifacts/rust-tauri/R02/T08/verify-stage/A03/a03-forged-record.json
tests/post-verification-audit-seal.test.ts	1	artifacts/rust-tauri/R02/T08/verify-stage/A03/a03-inst1-health.json
tests/post-verification-audit-seal.test.ts	1	artifacts/rust-tauri/R02/T08/verify-stage/A03/a03-inst2-marker.txt
tests/post-verification-audit-seal.test.ts	1	artifacts/rust-tauri/R02/T08/verify-stage/A03/a03-summary.txt
tests/post-verification-audit-seal.test.ts	1	artifacts/rust-tauri/R02/T08/verify-stage/A04/a04-summary.txt
tests/post-verification-audit-seal.test.ts	1	artifacts/rust-tauri/R02/T08/verify-stage/A05_A06/.last-body
tests/post-verification-audit-seal.test.ts	1	artifacts/rust-tauri/R02/T08/verify-stage/A05_A06/body-limit.txt
tests/post-verification-audit-seal.test.ts	1	artifacts/rust-tauri/R02/T08/verify-stage/A05_A06/creds-after-authz.json
tests/post-verification-audit-seal.test.ts	1	artifacts/rust-tauri/R02/T08/verify-stage/A05_A06/creds-before-authz.json
tests/post-verification-audit-seal.test.ts	1	artifacts/rust-tauri/R02/T08/verify-stage/A05_A06/devices-after-authz.json
tests/post-verification-audit-seal.test.ts	1	artifacts/rust-tauri/R02/T08/verify-stage/A05_A06/devices-before-authz.json
tests/post-verification-audit-seal.test.ts	1	artifacts/rust-tauri/R02/T08/verify-stage/A05_A06/state-after-authn.txt
tests/post-verification-audit-seal.test.ts	1	artifacts/rust-tauri/R02/T08/verify-stage/A05_A06/state-after.txt
tests/post-verification-audit-seal.test.ts	1	artifacts/rust-tauri/R02/T08/verify-stage/A05_A06/state-before-authz.txt
tests/post-verification-audit-seal.test.ts	1	artifacts/rust-tauri/R02/T08/verify-stage/A05_A06/state-before.txt
tests/post-verification-audit-seal.test.ts	1	artifacts/rust-tauri/R02/T08/verify-stage/A05_A06/summary.txt
tests/post-verification-audit-seal.test.ts	1	artifacts/rust-tauri/R02/T08/verify-stage/A05_A06/ws-matrix.json
tests/post-verification-audit-seal.test.ts	1	artifacts/rust-tauri/R02/T08/verify-stage/A07_A08/last-db-hashes.txt
tests/post-verification-audit-seal.test.ts	1	artifacts/rust-tauri/R02/T08/verify-stage/A07_A08/s1-counts-after-stop.json
tests/post-verification-audit-seal.test.ts	1	artifacts/rust-tauri/R02/T08/verify-stage/A07_A08/s2-counts-after-crash.json
tests/post-verification-audit-seal.test.ts	1	artifacts/rust-tauri/R02/T08/verify-stage/A07_A08/s2-runs-dump.jsonl
tests/post-verification-audit-seal.test.ts	1	artifacts/rust-tauri/R02/T08/verify-stage/A07_A08/s3-fault.err
tests/post-verification-audit-seal.test.ts	1	artifacts/rust-tauri/R02/T08/verify-stage/A07_A08/s3-fault.out
tests/post-verification-audit-seal.test.ts	1	artifacts/rust-tauri/R02/T08/verify-stage/A07_A08/s4-hashes-after.txt
tests/post-verification-audit-seal.test.ts	1	artifacts/rust-tauri/R02/T08/verify-stage/A07_A08/s4-hashes-before.txt
tests/post-verification-audit-seal.test.ts	1	artifacts/rust-tauri/R02/T08/verify-stage/A07_A08/s4-migrations-round1.json
tests/post-verification-audit-seal.test.ts	1	artifacts/rust-tauri/R02/T08/verify-stage/A07_A08/s4-migrations-round2.json
tests/post-verification-audit-seal.test.ts	1	artifacts/rust-tauri/R02/T08/verify-stage/A07_A08/s4-migrations-round3.json
tests/post-verification-audit-seal.test.ts	1	artifacts/rust-tauri/R02/T08/verify-stage/A07_A08/service-s1.err
tests/post-verification-audit-seal.test.ts	1	artifacts/rust-tauri/R02/T08/verify-stage/A07_A08/service-s1.out
tests/post-verification-audit-seal.test.ts	1	artifacts/rust-tauri/R02/T08/verify-stage/A07_A08/service-s1b.err
tests/post-verification-audit-seal.test.ts	1	artifacts/rust-tauri/R02/T08/verify-stage/A07_A08/service-s1b.out
tests/post-verification-audit-seal.test.ts	1	artifacts/rust-tauri/R02/T08/verify-stage/A07_A08/service-s2.err
tests/post-verification-audit-seal.test.ts	1	artifacts/rust-tauri/R02/T08/verify-stage/A07_A08/service-s2.out
tests/post-verification-audit-seal.test.ts	1	artifacts/rust-tauri/R02/T08/verify-stage/A07_A08/service-s2b.err
tests/post-verification-audit-seal.test.ts	1	artifacts/rust-tauri/R02/T08/verify-stage/A07_A08/service-s2b.out
tests/post-verification-audit-seal.test.ts	1	artifacts/rust-tauri/R02/T08/verify-stage/A07_A08/service-s4-1.err
tests/post-verification-audit-seal.test.ts	1	artifacts/rust-tauri/R02/T08/verify-stage/A07_A08/service-s4-1.out
tests/post-verification-audit-seal.test.ts	1	artifacts/rust-tauri/R02/T08/verify-stage/A07_A08/service-s4-2.err
tests/post-verification-audit-seal.test.ts	1	artifacts/rust-tauri/R02/T08/verify-stage/A07_A08/service-s4-2.out
tests/post-verification-audit-seal.test.ts	1	artifacts/rust-tauri/R02/T08/verify-stage/A07_A08/service-s4-3.err
tests/post-verification-audit-seal.test.ts	1	artifacts/rust-tauri/R02/T08/verify-stage/A07_A08/service-s4-3.out
tests/post-verification-audit-seal.test.ts	1	artifacts/rust-tauri/R02/T08/verify-stage/A07_A08/service.addr
tests/post-verification-audit-seal.test.ts	1	artifacts/rust-tauri/R02/T08/verify-stage/A07_A08/service.pid
tests/post-verification-audit-seal.test.ts	1	artifacts/rust-tauri/R02/T08/verify-stage/A07_A08/summary.txt
tests/post-verification-audit-seal.test.ts	1	artifacts/rust-tauri/R02/T08/verify-stage/A09_A10/a09-merged-view.json
tests/post-verification-audit-seal.test.ts	1	artifacts/rust-tauri/R02/T08/verify-stage/A09_A10/a10-rebuild-diff.json
tests/post-verification-audit-seal.test.ts	1	artifacts/rust-tauri/R02/T08/verify-stage/A09_A10/key-events-dump.json
tests/post-verification-audit-seal.test.ts	1	artifacts/rust-tauri/R02/T08/verify-stage/A09_A10/matrix.json
tests/post-verification-audit-seal.test.ts	1	artifacts/rust-tauri/R02/T08/verify-stage/A09_A10/probe-matrix.jsonl
tests/post-verification-audit-seal.test.ts	1	artifacts/rust-tauri/R02/T08/verify-stage/A09_A10/service.err
tests/post-verification-audit-seal.test.ts	1	artifacts/rust-tauri/R02/T08/verify-stage/A09_A10/service.out
tests/post-verification-audit-seal.test.ts	1	artifacts/rust-tauri/R02/T08/verify-stage/A09_A10/summary.txt
tests/post-verification-audit-seal.test.ts	1	artifacts/rust-tauri/R02/T08/verify-stage/A11/backup-restore/s1-backup-dir-listing.txt
tests/post-verification-audit-seal.test.ts	1	artifacts/rust-tauri/R02/T08/verify-stage/A11/backup-restore/s1-backup-outcome.json
tests/post-verification-audit-seal.test.ts	1	artifacts/rust-tauri/R02/T08/verify-stage/A11/backup-restore/s1-backup.err
tests/post-verification-audit-seal.test.ts	1	artifacts/rust-tauri/R02/T08/verify-stage/A11/backup-restore/s1-restore-outcome.json
tests/post-verification-audit-seal.test.ts	1	artifacts/rust-tauri/R02/T08/verify-stage/A11/backup-restore/s1-restore.err
tests/post-verification-audit-seal.test.ts	1	artifacts/rust-tauri/R02/T08/verify-stage/A11/backup-restore/s1-restored-dump.jsonl
tests/post-verification-audit-seal.test.ts	1	artifacts/rust-tauri/R02/T08/verify-stage/A11/backup-restore/s1-restored-hash.txt
tests/post-verification-audit-seal.test.ts	1	artifacts/rust-tauri/R02/T08/verify-stage/A11/backup-restore/s1-source-dump.jsonl
tests/post-verification-audit-seal.test.ts	1	artifacts/rust-tauri/R02/T08/verify-stage/A11/backup-restore/s1-source-hash.txt
tests/post-verification-audit-seal.test.ts	1	artifacts/rust-tauri/R02/T08/verify-stage/A11/backup-restore/s1-wal-size.txt
tests/post-verification-audit-seal.test.ts	1	artifacts/rust-tauri/R02/T08/verify-stage/A11/backup-restore/s3-backup-out.json
tests/post-verification-audit-seal.test.ts	1	artifacts/rust-tauri/R02/T08/verify-stage/A11/backup-restore/s3-backup.err
tests/post-verification-audit-seal.test.ts	1	artifacts/rust-tauri/R02/T08/verify-stage/A11/backup-restore/s4-ws-probe.json
tests/post-verification-audit-seal.test.ts	1	artifacts/rust-tauri/R02/T08/verify-stage/A11/backup-restore/s4-ws-probe.json.probe-done
tests/post-verification-audit-seal.test.ts	1	artifacts/rust-tauri/R02/T08/verify-stage/A11/backup-restore/service-s1.addr
tests/post-verification-audit-seal.test.ts	1	artifacts/rust-tauri/R02/T08/verify-stage/A11/backup-restore/service-s1.err
tests/post-verification-audit-seal.test.ts	1	artifacts/rust-tauri/R02/T08/verify-stage/A11/backup-restore/service-s1.out
tests/post-verification-audit-seal.test.ts	1	artifacts/rust-tauri/R02/T08/verify-stage/A11/backup-restore/service-s2.addr
tests/post-verification-audit-seal.test.ts	1	artifacts/rust-tauri/R02/T08/verify-stage/A11/backup-restore/service-s2.err
tests/post-verification-audit-seal.test.ts	1	artifacts/rust-tauri/R02/T08/verify-stage/A11/backup-restore/service-s2.out
tests/post-verification-audit-seal.test.ts	1	artifacts/rust-tauri/R02/T08/verify-stage/A11/backup-restore/service-s4.addr
tests/post-verification-audit-seal.test.ts	1	artifacts/rust-tauri/R02/T08/verify-stage/A11/backup-restore/service-s4.err
tests/post-verification-audit-seal.test.ts	1	artifacts/rust-tauri/R02/T08/verify-stage/A11/backup-restore/service-s4.out
tests/post-verification-audit-seal.test.ts	1	artifacts/rust-tauri/R02/T08/verify-stage/A11/backup-restore/service.pid
tests/post-verification-audit-seal.test.ts	1	artifacts/rust-tauri/R02/T08/verify-stage/A11/backup-restore/summary.txt
tests/post-verification-audit-seal.test.ts	1	artifacts/rust-tauri/R02/T08/verify-stage/A12/recovery-drill/summary.txt
tests/post-verification-audit-seal.test.ts	1	artifacts/rust-tauri/R02/T08/verify-stage/A12/recovery-drill/v1-hashes-after.txt
tests/post-verification-audit-seal.test.ts	1	artifacts/rust-tauri/R02/T08/verify-stage/A12/recovery-drill/v1-hashes-before.txt
tests/post-verification-audit-seal.test.ts	1	artifacts/rust-tauri/R02/T08/verify-stage/A12/recovery-drill/v1.err
tests/post-verification-audit-seal.test.ts	1	artifacts/rust-tauri/R02/T08/verify-stage/A12/recovery-drill/v1.out
tests/post-verification-audit-seal.test.ts	1	artifacts/rust-tauri/R02/T08/verify-stage/A12/recovery-drill/v2-hashes-after.txt
tests/post-verification-audit-seal.test.ts	1	artifacts/rust-tauri/R02/T08/verify-stage/A12/recovery-drill/v2-hashes-before.txt
tests/post-verification-audit-seal.test.ts	1	artifacts/rust-tauri/R02/T08/verify-stage/A12/recovery-drill/v2.err
tests/post-verification-audit-seal.test.ts	1	artifacts/rust-tauri/R02/T08/verify-stage/A12/recovery-drill/v2.out
tests/post-verification-audit-seal.test.ts	1	artifacts/rust-tauri/R02/T08/verify-stage/A12/recovery-drill/v3-hashes-after.txt
tests/post-verification-audit-seal.test.ts	1	artifacts/rust-tauri/R02/T08/verify-stage/A12/recovery-drill/v3-hashes-before.txt
tests/post-verification-audit-seal.test.ts	1	artifacts/rust-tauri/R02/T08/verify-stage/A12/recovery-drill/v3.err
tests/post-verification-audit-seal.test.ts	1	artifacts/rust-tauri/R02/T08/verify-stage/A12/recovery-drill/v3.out
tests/post-verification-audit-seal.test.ts	1	artifacts/rust-tauri/R02/T08/verify-stage/A12/recovery-drill/v4.err
tests/post-verification-audit-seal.test.ts	1	artifacts/rust-tauri/R02/T08/verify-stage/A12/recovery-drill/v4.out
tests/post-verification-audit-seal.test.ts	1	artifacts/rust-tauri/R02/T08/verify-stage/A12/recovery-drill/v5-hashes-after.txt
tests/post-verification-audit-seal.test.ts	1	artifacts/rust-tauri/R02/T08/verify-stage/A12/recovery-drill/v5-hashes-before.txt
tests/post-verification-audit-seal.test.ts	1	artifacts/rust-tauri/R02/T08/verify-stage/A12/recovery-drill/v5.err
tests/post-verification-audit-seal.test.ts	1	artifacts/rust-tauri/R02/T08/verify-stage/A12/recovery-drill/v5.out
tests/post-verification-audit-seal.test.ts	1	artifacts/rust-tauri/R02/T08/verify-stage/A12/recovery-drill/v6-recovered-dump.jsonl
tests/post-verification-audit-seal.test.ts	1	artifacts/rust-tauri/R02/T08/verify-stage/A12/recovery-drill/v6-seed-execute.txt
tests/post-verification-audit-seal.test.ts	1	artifacts/rust-tauri/R02/T08/verify-stage/A12/recovery-drill/v6-seed.err
tests/post-verification-audit-seal.test.ts	1	artifacts/rust-tauri/R02/T08/verify-stage/A12/recovery-drill/v6-seed.out
tests/post-verification-audit-seal.test.ts	1	artifacts/rust-tauri/R02/T08/verify-stage/A12/recovery-drill/v6.err
tests/post-verification-audit-seal.test.ts	1	artifacts/rust-tauri/R02/T08/verify-stage/A12/recovery-drill/v6.out
tests/post-verification-audit-seal.test.ts	1	artifacts/rust-tauri/R02/T08/verify-stage/A12/recovery-drill/v7-hashes-after.txt
tests/post-verification-audit-seal.test.ts	1	artifacts/rust-tauri/R02/T08/verify-stage/A12/recovery-drill/v7-hashes-before.txt
tests/post-verification-audit-seal.test.ts	1	artifacts/rust-tauri/R02/T08/verify-stage/A12/recovery-drill/v7-seed.err
tests/post-verification-audit-seal.test.ts	1	artifacts/rust-tauri/R02/T08/verify-stage/A12/recovery-drill/v7-seed.out
tests/post-verification-audit-seal.test.ts	1	artifacts/rust-tauri/R02/T08/verify-stage/A12/recovery-drill/v7.err
tests/post-verification-audit-seal.test.ts	1	artifacts/rust-tauri/R02/T08/verify-stage/A12/recovery-drill/v7.out
tests/post-verification-audit-seal.test.ts	1	artifacts/rust-tauri/R02/T08/verify-stage/A12/recovery-drill/v8-observed.err
tests/post-verification-audit-seal.test.ts	1	artifacts/rust-tauri/R02/T08/verify-stage/A12/recovery-drill/v8-seed.err
tests/post-verification-audit-seal.test.ts	1	artifacts/rust-tauri/R02/T08/verify-stage/A12/recovery-drill/v8-seed.out
tests/post-verification-audit-seal.test.ts	1	artifacts/rust-tauri/R02/T08/verify-stage/A12/recovery-drill/v8.err
tests/post-verification-audit-seal.test.ts	1	artifacts/rust-tauri/R02/T08/verify-stage/A12/recovery-drill/v8.out
tests/post-verification-audit-seal.test.ts	1	artifacts/rust-tauri/R02/T08/verify-stage/A13/redaction-scan/inventory.txt
tests/post-verification-audit-seal.test.ts	1	artifacts/rust-tauri/R02/T08/verify-stage/A13/redaction-scan/p1-execute-ok.body
tests/post-verification-audit-seal.test.ts	1	artifacts/rust-tauri/R02/T08/verify-stage/A13/redaction-scan/p1-execute-ok.headers
tests/post-verification-audit-seal.test.ts	1	artifacts/rust-tauri/R02/T08/verify-stage/A13/redaction-scan/p1-execute-request.json
tests/post-verification-audit-seal.test.ts	1	artifacts/rust-tauri/R02/T08/verify-stage/A13/redaction-scan/p1-issue-credential.body
tests/post-verification-audit-seal.test.ts	1	artifacts/rust-tauri/R02/T08/verify-stage/A13/redaction-scan/p1-issue-credential.headers
tests/post-verification-audit-seal.test.ts	1	artifacts/rust-tauri/R02/T08/verify-stage/A13/redaction-scan/p1-issue-request.json
tests/post-verification-audit-seal.test.ts	1	artifacts/rust-tauri/R02/T08/verify-stage/A13/redaction-scan/p1-me-ok.body
tests/post-verification-audit-seal.test.ts	1	artifacts/rust-tauri/R02/T08/verify-stage/A13/redaction-scan/p1-me-ok.headers
tests/post-verification-audit-seal.test.ts	1	artifacts/rust-tauri/R02/T08/verify-stage/A13/redaction-scan/p1-ticket-request.json
tests/post-verification-audit-seal.test.ts	1	artifacts/rust-tauri/R02/T08/verify-stage/A13/redaction-scan/p1-ticket.body
tests/post-verification-audit-seal.test.ts	1	artifacts/rust-tauri/R02/T08/verify-stage/A13/redaction-scan/p1-ticket.headers
tests/post-verification-audit-seal.test.ts	1	artifacts/rust-tauri/R02/T08/verify-stage/A13/redaction-scan/p2-me-bad-bearer.body
tests/post-verification-audit-seal.test.ts	1	artifacts/rust-tauri/R02/T08/verify-stage/A13/redaction-scan/p2-me-bad-bearer.headers
tests/post-verification-audit-seal.test.ts	1	artifacts/rust-tauri/R02/T08/verify-stage/A13/redaction-scan/p2-me-no-auth.body
tests/post-verification-audit-seal.test.ts	1	artifacts/rust-tauri/R02/T08/verify-stage/A13/redaction-scan/p2-me-no-auth.headers
tests/post-verification-audit-seal.test.ts	1	artifacts/rust-tauri/R02/T08/verify-stage/A13/redaction-scan/p2-session-cross.body
tests/post-verification-audit-seal.test.ts	1	artifacts/rust-tauri/R02/T08/verify-stage/A13/redaction-scan/p2-session-cross.headers
tests/post-verification-audit-seal.test.ts	1	artifacts/rust-tauri/R02/T08/verify-stage/A13/redaction-scan/p2-session-missing.body
tests/post-verification-audit-seal.test.ts	1	artifacts/rust-tauri/R02/T08/verify-stage/A13/redaction-scan/p2-session-missing.headers
tests/post-verification-audit-seal.test.ts	1	artifacts/rust-tauri/R02/T08/verify-stage/A13/redaction-scan/p2-ws-bad-query.body
tests/post-verification-audit-seal.test.ts	1	artifacts/rust-tauri/R02/T08/verify-stage/A13/redaction-scan/p2-ws-bad-query.headers
tests/post-verification-audit-seal.test.ts	1	artifacts/rust-tauri/R02/T08/verify-stage/A13/redaction-scan/p2-ws-transcript.txt
tests/post-verification-audit-seal.test.ts	1	artifacts/rust-tauri/R02/T08/verify-stage/A13/redaction-scan/p3-burst-1.body
tests/post-verification-audit-seal.test.ts	1	artifacts/rust-tauri/R02/T08/verify-stage/A13/redaction-scan/p3-burst-2.body
tests/post-verification-audit-seal.test.ts	1	artifacts/rust-tauri/R02/T08/verify-stage/A13/redaction-scan/p3-burst-3.body
tests/post-verification-audit-seal.test.ts	1	artifacts/rust-tauri/R02/T08/verify-stage/A13/redaction-scan/p3-burst-4.body
tests/post-verification-audit-seal.test.ts	1	artifacts/rust-tauri/R02/T08/verify-stage/A13/redaction-scan/p3-burst-5.body
tests/post-verification-audit-seal.test.ts	1	artifacts/rust-tauri/R02/T08/verify-stage/A13/redaction-scan/p3-burst-6.body
tests/post-verification-audit-seal.test.ts	1	artifacts/rust-tauri/R02/T08/verify-stage/A13/redaction-scan/p3-burst-7.body
tests/post-verification-audit-seal.test.ts	1	artifacts/rust-tauri/R02/T08/verify-stage/A13/redaction-scan/p3-burst-8.body
tests/post-verification-audit-seal.test.ts	1	artifacts/rust-tauri/R02/T08/verify-stage/A13/redaction-scan/p3-execute-request.json
tests/post-verification-audit-seal.test.ts	1	artifacts/rust-tauri/R02/T08/verify-stage/A13/redaction-scan/p3-status-codes.txt
tests/post-verification-audit-seal.test.ts	1	artifacts/rust-tauri/R02/T08/verify-stage/A13/redaction-scan/service-p1.addr
tests/post-verification-audit-seal.test.ts	1	artifacts/rust-tauri/R02/T08/verify-stage/A13/redaction-scan/service-p1.err
tests/post-verification-audit-seal.test.ts	1	artifacts/rust-tauri/R02/T08/verify-stage/A13/redaction-scan/service-p1.out
tests/post-verification-audit-seal.test.ts	1	artifacts/rust-tauri/R02/T08/verify-stage/A13/redaction-scan/service-p3.addr
tests/post-verification-audit-seal.test.ts	1	artifacts/rust-tauri/R02/T08/verify-stage/A13/redaction-scan/service-p3.err
tests/post-verification-audit-seal.test.ts	1	artifacts/rust-tauri/R02/T08/verify-stage/A13/redaction-scan/service-p3.out
tests/post-verification-audit-seal.test.ts	1	artifacts/rust-tauri/R02/T08/verify-stage/A13/redaction-scan/service-p4.err
tests/post-verification-audit-seal.test.ts	1	artifacts/rust-tauri/R02/T08/verify-stage/A13/redaction-scan/service-p4.out
tests/post-verification-audit-seal.test.ts	1	artifacts/rust-tauri/R02/T08/verify-stage/A13/redaction-scan/summary.txt
tests/post-verification-audit-seal.test.ts	1	artifacts/rust-tauri/R02/T08/verify-stage/A14/slow-subscriber/detach-lines.txt
tests/post-verification-audit-seal.test.ts	1	artifacts/rust-tauri/R02/T08/verify-stage/A14/slow-subscriber/rss-samples.csv
tests/post-verification-audit-seal.test.ts	1	artifacts/rust-tauri/R02/T08/verify-stage/A14/slow-subscriber/service.err
tests/post-verification-audit-seal.test.ts	1	artifacts/rust-tauri/R02/T08/verify-stage/A14/slow-subscriber/service.out
tests/post-verification-audit-seal.test.ts	1	artifacts/rust-tauri/R02/T08/verify-stage/A14/slow-subscriber/storm-results.json
tests/post-verification-audit-seal.test.ts	1	artifacts/rust-tauri/R02/T08/verify-stage/A14/slow-subscriber/summary.txt
tests/post-verification-audit-seal.test.ts	1	artifacts/rust-tauri/R02/T08/verify-stage/A15/full-chain/pre-restart-head.json
tests/post-verification-audit-seal.test.ts	1	artifacts/rust-tauri/R02/T08/verify-stage/A15/full-chain/probe1.err
tests/post-verification-audit-seal.test.ts	1	artifacts/rust-tauri/R02/T08/verify-stage/A15/full-chain/probe1.pass-lines
tests/post-verification-audit-seal.test.ts	1	artifacts/rust-tauri/R02/T08/verify-stage/A15/full-chain/probe2.err
tests/post-verification-audit-seal.test.ts	1	artifacts/rust-tauri/R02/T08/verify-stage/A15/full-chain/probe2.pass-lines
tests/post-verification-audit-seal.test.ts	1	artifacts/rust-tauri/R02/T08/verify-stage/A15/full-chain/service1.err
tests/post-verification-audit-seal.test.ts	1	artifacts/rust-tauri/R02/T08/verify-stage/A15/full-chain/service1.out
tests/post-verification-audit-seal.test.ts	1	artifacts/rust-tauri/R02/T08/verify-stage/A15/full-chain/service2.err
tests/post-verification-audit-seal.test.ts	1	artifacts/rust-tauri/R02/T08/verify-stage/A15/full-chain/service2.out
tests/post-verification-audit-seal.test.ts	1	artifacts/rust-tauri/R02/T08/verify-stage/A15/full-chain/summary.txt
tests/post-verification-audit-seal.test.ts	1	artifacts/rust-tauri/R02/T08/verify-stage/A16/legacy-entry/e1-diff-node-surface.txt
tests/post-verification-audit-seal.test.ts	1	artifacts/rust-tauri/R02/T08/verify-stage/A16/legacy-entry/e1-launch-rust-refs.txt
tests/post-verification-audit-seal.test.ts	1	artifacts/rust-tauri/R02/T08/verify-stage/A16/legacy-entry/e5-failed-test-files.txt
tests/post-verification-audit-seal.test.ts	1	artifacts/rust-tauri/R02/T08/verify-stage/A16/legacy-entry/e5-seal-family.txt
tests/post-verification-audit-seal.test.ts	1	artifacts/rust-tauri/R02/T08/verify-stage/A16/legacy-entry/e5-t08-files-in-failure-lists.txt
tests/post-verification-audit-seal.test.ts	1	artifacts/rust-tauri/R02/T08/verify-stage/A16/legacy-entry/e5-vitest-summary.txt
tests/post-verification-audit-seal.test.ts	1	artifacts/rust-tauri/R02/T08/verify-stage/A16/legacy-entry/summary.txt
tests/post-verification-audit-seal.test.ts	1	artifacts/rust-tauri/R02/T08/verify-stage/verify-stage-result.json
tests/post-verification-audit-seal.test.ts	1	artifacts/rust-tauri/R02/T08/working-tree-digest.txt
tests/post-verification-audit-seal.test.ts	1	artifacts/rust-tauri/R02/a15-root-r17-cleanup-rerun/full-chain/pre-restart-head.json
tests/post-verification-audit-seal.test.ts	1	artifacts/rust-tauri/R02/a15-root-r17-cleanup-rerun/full-chain/probe1.err
tests/post-verification-audit-seal.test.ts	1	artifacts/rust-tauri/R02/a15-root-r17-cleanup-rerun/full-chain/probe1.pass-lines
tests/post-verification-audit-seal.test.ts	1	artifacts/rust-tauri/R02/a15-root-r17-cleanup-rerun/full-chain/probe2.err
tests/post-verification-audit-seal.test.ts	1	artifacts/rust-tauri/R02/a15-root-r17-cleanup-rerun/full-chain/probe2.pass-lines
tests/post-verification-audit-seal.test.ts	1	artifacts/rust-tauri/R02/a15-root-r17-cleanup-rerun/full-chain/service1.err
tests/post-verification-audit-seal.test.ts	1	artifacts/rust-tauri/R02/a15-root-r17-cleanup-rerun/full-chain/service1.out
tests/post-verification-audit-seal.test.ts	1	artifacts/rust-tauri/R02/a15-root-r17-cleanup-rerun/full-chain/service2.err
tests/post-verification-audit-seal.test.ts	1	artifacts/rust-tauri/R02/a15-root-r17-cleanup-rerun/full-chain/service2.out
tests/post-verification-audit-seal.test.ts	1	artifacts/rust-tauri/R02/a15-root-r17-cleanup-rerun/full-chain/summary.txt
tests/post-verification-audit-seal.test.ts	1	artifacts/rust-tauri/R02/a15-root-r17/full-chain/pre-restart-head.json
tests/post-verification-audit-seal.test.ts	1	artifacts/rust-tauri/R02/a15-root-r17/full-chain/probe1.err
tests/post-verification-audit-seal.test.ts	1	artifacts/rust-tauri/R02/a15-root-r17/full-chain/probe1.pass-lines
tests/post-verification-audit-seal.test.ts	1	artifacts/rust-tauri/R02/a15-root-r17/full-chain/probe2.err
tests/post-verification-audit-seal.test.ts	1	artifacts/rust-tauri/R02/a15-root-r17/full-chain/probe2.pass-lines
tests/post-verification-audit-seal.test.ts	1	artifacts/rust-tauri/R02/a15-root-r17/full-chain/service1.err
tests/post-verification-audit-seal.test.ts	1	artifacts/rust-tauri/R02/a15-root-r17/full-chain/service1.out
tests/post-verification-audit-seal.test.ts	1	artifacts/rust-tauri/R02/a15-root-r17/full-chain/service2.err
tests/post-verification-audit-seal.test.ts	1	artifacts/rust-tauri/R02/a15-root-r17/full-chain/service2.out
tests/post-verification-audit-seal.test.ts	1	artifacts/rust-tauri/R02/a15-root-r17/full-chain/summary.txt
tests/post-verification-audit-seal.test.ts	1	artifacts/rust-tauri/R02/audit-r16/candidate-final-audit-sha256.txt
tests/post-verification-audit-seal.test.ts	1	artifacts/rust-tauri/R02/audit-r16/candidate-final-changed-source-sha256.txt
tests/post-verification-audit-seal.test.ts	1	artifacts/rust-tauri/R02/audit-r16/candidate-final-full-source-sha256.txt
tests/post-verification-audit-seal.test.ts	1	artifacts/rust-tauri/R02/audit-r16/candidate-final-status-all.txt
tests/post-verification-audit-seal.test.ts	1	artifacts/rust-tauri/R02/audit-r16/candidate-pre-independent-changed-source-sha256.txt
tests/post-verification-audit-seal.test.ts	1	artifacts/rust-tauri/R02/audit-r16/candidate-pre-independent-full-source-sha256.txt
tests/post-verification-audit-seal.test.ts	1	artifacts/rust-tauri/R02/audit-r16/candidate-pre-independent-status-all.txt
tests/post-verification-audit-seal.test.ts	1	artifacts/rust-tauri/R02/audit-r16/contract-matrix-prechange.json
tests/post-verification-audit-seal.test.ts	1	artifacts/rust-tauri/R02/audit-r16/history-stage-report-sha256.txt
tests/post-verification-audit-seal.test.ts	1	artifacts/rust-tauri/R02/audit-r16/poststatic-changed-source-sha256.txt
tests/post-verification-audit-seal.test.ts	1	artifacts/rust-tauri/R02/audit-r16/poststatic-full-source-sha256.txt
tests/post-verification-audit-seal.test.ts	1	artifacts/rust-tauri/R02/audit-r16/poststatic-status-all.txt
tests/post-verification-audit-seal.test.ts	1	artifacts/rust-tauri/R02/audit-r16/pre-to-final-source.diff
tests/post-verification-audit-seal.test.ts	1	artifacts/rust-tauri/R02/audit-r16/pre-to-poststatic-source.diff
tests/post-verification-audit-seal.test.ts	1	artifacts/rust-tauri/R02/audit-r16/prechange-changed-sha256-corrected.txt
tests/post-verification-audit-seal.test.ts	1	artifacts/rust-tauri/R02/audit-r16/prechange-changed-sha256.txt
tests/post-verification-audit-seal.test.ts	1	artifacts/rust-tauri/R02/audit-r16/prechange-full-sha256-corrected.txt
tests/post-verification-audit-seal.test.ts	1	artifacts/rust-tauri/R02/audit-r16/prechange-full-sha256.txt
tests/post-verification-audit-seal.test.ts	1	artifacts/rust-tauri/R02/audit-r16/prechange-head.txt
tests/post-verification-audit-seal.test.ts	1	artifacts/rust-tauri/R02/audit-r16/prechange-remotes.txt
tests/post-verification-audit-seal.test.ts	1	artifacts/rust-tauri/R02/audit-r16/prechange-status-corrected.txt
tests/post-verification-audit-seal.test.ts	1	artifacts/rust-tauri/R02/audit-r16/prechange-status.txt
tests/post-verification-audit-seal.test.ts	1	artifacts/rust-tauri/R02/audit-r16/static-checks-final.txt
tests/post-verification-audit-seal.test.ts	1	artifacts/rust-tauri/R02/audit-r16/static-checks-first-attempt-protected-key-error.txt
tests/post-verification-audit-seal.test.ts	1	artifacts/rust-tauri/R02/audit-r16/task-report-sha256.txt
tests/post-verification-audit-seal.test.ts	1	artifacts/rust-tauri/R02/audit-r17-cli-rust-targeted/CLI_SUBGROUP_CLOSEOUT.md
tests/post-verification-audit-seal.test.ts	1	artifacts/rust-tauri/R02/audit-r17-cli-rust-targeted/cli-credential-boundary-5i52xjt1/result.json
tests/post-verification-audit-seal.test.ts	1	artifacts/rust-tauri/R02/audit-r17-cli-rust-targeted/cli-integrated-current-3umppmop/result.json
tests/post-verification-audit-seal.test.ts	1	artifacts/rust-tauri/R02/audit-r17-cli-rust-targeted/cli-integrated-port-approved-9miew24y/result.json
tests/post-verification-audit-seal.test.ts	1	artifacts/rust-tauri/R02/audit-r17-cli-rust-targeted/cli-rust-matrix-guard-a4c73_ub/result.json
tests/post-verification-audit-seal.test.ts	1	artifacts/rust-tauri/R02/audit-r17-cli-rust-targeted/cli-session-identity-4aln5abj/result.json
tests/post-verification-audit-seal.test.ts	1	artifacts/rust-tauri/R02/audit-r17-cli-rust-targeted/cli-session-identity-4aln5abj/typecheck-node.result.json
tests/post-verification-audit-seal.test.ts	1	artifacts/rust-tauri/R02/audit-r17-cli-rust-targeted/cli-session-identity-4aln5abj/typecheck-test.result.json
tests/post-verification-audit-seal.test.ts	1	artifacts/rust-tauri/R02/audit-r17-cli-rust-targeted/cli-token-validation-ob890ell/result.json
tests/post-verification-audit-seal.test.ts	1	artifacts/rust-tauri/R02/audit-r17-cli-rust-targeted/run-01/candidate-sha256.txt
tests/post-verification-audit-seal.test.ts	1	artifacts/rust-tauri/R02/audit-r17-cli-rust-targeted/run-01/command.txt
tests/post-verification-audit-seal.test.ts	1	artifacts/rust-tauri/R02/audit-r17-cli-rust-targeted/run-01/end-utc.txt
tests/post-verification-audit-seal.test.ts	1	artifacts/rust-tauri/R02/audit-r17-cli-rust-targeted/run-01/exit-code.txt
tests/post-verification-audit-seal.test.ts	1	artifacts/rust-tauri/R02/audit-r17-cli-rust-targeted/run-01/start-utc.txt
tests/post-verification-audit-seal.test.ts	1	artifacts/rust-tauri/R02/audit-r17-cli-rust-targeted/run-02/candidate-sha256.txt
tests/post-verification-audit-seal.test.ts	1	artifacts/rust-tauri/R02/audit-r17-cli-rust-targeted/run-02/command.txt
tests/post-verification-audit-seal.test.ts	1	artifacts/rust-tauri/R02/audit-r17-cli-rust-targeted/run-02/end-utc.txt
tests/post-verification-audit-seal.test.ts	1	artifacts/rust-tauri/R02/audit-r17-cli-rust-targeted/run-02/exit-code.txt
tests/post-verification-audit-seal.test.ts	1	artifacts/rust-tauri/R02/audit-r17-cli-rust-targeted/run-02/start-utc.txt
tests/post-verification-audit-seal.test.ts	1	artifacts/rust-tauri/R02/audit-r17-cli-rust-targeted/run-03/candidate-sha256.txt
tests/post-verification-audit-seal.test.ts	1	artifacts/rust-tauri/R02/audit-r17-cli-rust-targeted/run-03/command.txt
tests/post-verification-audit-seal.test.ts	1	artifacts/rust-tauri/R02/audit-r17-cli-rust-targeted/run-03/end-utc.txt
tests/post-verification-audit-seal.test.ts	1	artifacts/rust-tauri/R02/audit-r17-cli-rust-targeted/run-03/exit-code.txt
tests/post-verification-audit-seal.test.ts	1	artifacts/rust-tauri/R02/audit-r17-cli-rust-targeted/run-03/start-utc.txt
tests/post-verification-audit-seal.test.ts	1	artifacts/rust-tauri/R02/audit-r17-cli-rust-targeted/run-04/candidate-sha256.txt
tests/post-verification-audit-seal.test.ts	1	artifacts/rust-tauri/R02/audit-r17-cli-rust-targeted/run-04/command.txt
tests/post-verification-audit-seal.test.ts	1	artifacts/rust-tauri/R02/audit-r17-cli-rust-targeted/run-04/end-utc.txt
tests/post-verification-audit-seal.test.ts	1	artifacts/rust-tauri/R02/audit-r17-cli-rust-targeted/run-04/exit-code.txt
tests/post-verification-audit-seal.test.ts	1	artifacts/rust-tauri/R02/audit-r17-cli-rust-targeted/run-04/start-utc.txt
tests/post-verification-audit-seal.test.ts	1	artifacts/rust-tauri/R02/audit-r17-cli-rust-targeted/run-05/candidate-sha256.txt
tests/post-verification-audit-seal.test.ts	1	artifacts/rust-tauri/R02/audit-r17-cli-rust-targeted/run-05/command.txt
tests/post-verification-audit-seal.test.ts	1	artifacts/rust-tauri/R02/audit-r17-cli-rust-targeted/run-05/end-utc.txt
tests/post-verification-audit-seal.test.ts	1	artifacts/rust-tauri/R02/audit-r17-cli-rust-targeted/run-05/exit-code.txt
tests/post-verification-audit-seal.test.ts	1	artifacts/rust-tauri/R02/audit-r17-cli-rust-targeted/run-05/start-utc.txt
tests/post-verification-audit-seal.test.ts	1	artifacts/rust-tauri/R02/audit-r17-cli-rust-targeted/run-06/candidate-sha256.txt
tests/post-verification-audit-seal.test.ts	1	artifacts/rust-tauri/R02/audit-r17-cli-rust-targeted/run-06/command.txt
tests/post-verification-audit-seal.test.ts	1	artifacts/rust-tauri/R02/audit-r17-cli-rust-targeted/run-06/end-utc.txt
tests/post-verification-audit-seal.test.ts	1	artifacts/rust-tauri/R02/audit-r17-cli-rust-targeted/run-06/exit-code.txt
tests/post-verification-audit-seal.test.ts	1	artifacts/rust-tauri/R02/audit-r17-cli-rust-targeted/run-06/start-utc.txt
tests/post-verification-audit-seal.test.ts	1	artifacts/rust-tauri/R02/audit-r17-cli-rust-targeted/run-07/candidate-sha256.txt
tests/post-verification-audit-seal.test.ts	1	artifacts/rust-tauri/R02/audit-r17-cli-rust-targeted/run-07/command.txt
tests/post-verification-audit-seal.test.ts	1	artifacts/rust-tauri/R02/audit-r17-cli-rust-targeted/run-07/end-utc.txt
tests/post-verification-audit-seal.test.ts	1	artifacts/rust-tauri/R02/audit-r17-cli-rust-targeted/run-07/exit-code.txt
tests/post-verification-audit-seal.test.ts	1	artifacts/rust-tauri/R02/audit-r17-cli-rust-targeted/run-07/start-utc.txt
tests/post-verification-audit-seal.test.ts	1	artifacts/rust-tauri/R02/audit-r17-cli-rust-targeted/run-08/candidate-sha256.txt
tests/post-verification-audit-seal.test.ts	1	artifacts/rust-tauri/R02/audit-r17-cli-rust-targeted/run-08/command.txt
tests/post-verification-audit-seal.test.ts	1	artifacts/rust-tauri/R02/audit-r17-cli-rust-targeted/run-08/end-utc.txt
tests/post-verification-audit-seal.test.ts	1	artifacts/rust-tauri/R02/audit-r17-cli-rust-targeted/run-08/exit-code.txt
tests/post-verification-audit-seal.test.ts	1	artifacts/rust-tauri/R02/audit-r17-cli-rust-targeted/run-08/start-utc.txt
tests/post-verification-audit-seal.test.ts	1	artifacts/rust-tauri/R02/audit-r17-cli-rust-targeted/transport-green-20260928/result.json
tests/post-verification-audit-seal.test.ts	1	artifacts/rust-tauri/R02/audit-r17-cli-rust-targeted/transport-red-20260928/result.json
tests/post-verification-audit-seal.test.ts	1	artifacts/rust-tauri/R02/audit-r17-cli-rust-targeted/typecheck-01/candidate-sha256.txt
tests/post-verification-audit-seal.test.ts	1	artifacts/rust-tauri/R02/audit-r17-cli-rust-targeted/typecheck-01/commands.txt
tests/post-verification-audit-seal.test.ts	1	artifacts/rust-tauri/R02/audit-r17-cli-rust-targeted/typecheck-01/end-utc.txt
tests/post-verification-audit-seal.test.ts	1	artifacts/rust-tauri/R02/audit-r17-cli-rust-targeted/typecheck-01/exit-codes.txt
tests/post-verification-audit-seal.test.ts	1	artifacts/rust-tauri/R02/audit-r17-cli-rust-targeted/typecheck-01/start-utc.txt
tests/post-verification-audit-seal.test.ts	1	artifacts/rust-tauri/R02/audit-r17-cli-rust-targeted/typecheck-02/candidate-sha256.txt
tests/post-verification-audit-seal.test.ts	1	artifacts/rust-tauri/R02/audit-r17-cli-rust-targeted/typecheck-02/commands.txt
tests/post-verification-audit-seal.test.ts	1	artifacts/rust-tauri/R02/audit-r17-cli-rust-targeted/typecheck-02/end-utc.txt
tests/post-verification-audit-seal.test.ts	1	artifacts/rust-tauri/R02/audit-r17-cli-rust-targeted/typecheck-02/exit-codes.txt
tests/post-verification-audit-seal.test.ts	1	artifacts/rust-tauri/R02/audit-r17-cli-rust-targeted/typecheck-02/start-utc.txt
tests/post-verification-audit-seal.test.ts	1	artifacts/rust-tauri/R02/audit-r17-cli-rust-targeted/typecheck-03/candidate-sha256.txt
tests/post-verification-audit-seal.test.ts	1	artifacts/rust-tauri/R02/audit-r17-cli-rust-targeted/typecheck-03/commands.txt
tests/post-verification-audit-seal.test.ts	1	artifacts/rust-tauri/R02/audit-r17-cli-rust-targeted/typecheck-03/end-utc.txt
tests/post-verification-audit-seal.test.ts	1	artifacts/rust-tauri/R02/audit-r17-cli-rust-targeted/typecheck-03/exit-codes.txt
tests/post-verification-audit-seal.test.ts	1	artifacts/rust-tauri/R02/audit-r17-cli-rust-targeted/typecheck-03/start-utc.txt
tests/post-verification-audit-seal.test.ts	1	artifacts/rust-tauri/R02/audit-r17-cli-rust-targeted/typecheck-04/candidate-sha256.txt
tests/post-verification-audit-seal.test.ts	1	artifacts/rust-tauri/R02/audit-r17-cli-rust-targeted/typecheck-04/commands.txt
tests/post-verification-audit-seal.test.ts	1	artifacts/rust-tauri/R02/audit-r17-cli-rust-targeted/typecheck-04/end-utc.txt
tests/post-verification-audit-seal.test.ts	1	artifacts/rust-tauri/R02/audit-r17-cli-rust-targeted/typecheck-04/exit-codes.txt
tests/post-verification-audit-seal.test.ts	1	artifacts/rust-tauri/R02/audit-r17-cli-rust-targeted/typecheck-04/start-utc.txt
tests/post-verification-audit-seal.test.ts	1	artifacts/rust-tauri/R02/audit-r17-cli-rust-targeted/typecheck-05/candidate-sha256.txt
tests/post-verification-audit-seal.test.ts	1	artifacts/rust-tauri/R02/audit-r17-cli-rust-targeted/typecheck-05/commands.txt
tests/post-verification-audit-seal.test.ts	1	artifacts/rust-tauri/R02/audit-r17-cli-rust-targeted/typecheck-05/end-utc.txt
tests/post-verification-audit-seal.test.ts	1	artifacts/rust-tauri/R02/audit-r17-cli-rust-targeted/typecheck-05/exit-codes.txt
tests/post-verification-audit-seal.test.ts	1	artifacts/rust-tauri/R02/audit-r17-cli-rust-targeted/typecheck-05/start-utc.txt
tests/post-verification-audit-seal.test.ts	1	artifacts/rust-tauri/R02/audit-r17-cli-rust-targeted/typecheck-06/candidate-sha256.txt
tests/post-verification-audit-seal.test.ts	1	artifacts/rust-tauri/R02/audit-r17-cli-rust-targeted/typecheck-06/commands.txt
tests/post-verification-audit-seal.test.ts	1	artifacts/rust-tauri/R02/audit-r17-cli-rust-targeted/typecheck-06/end-utc.txt
tests/post-verification-audit-seal.test.ts	1	artifacts/rust-tauri/R02/audit-r17-cli-rust-targeted/typecheck-06/exit-codes.txt
tests/post-verification-audit-seal.test.ts	1	artifacts/rust-tauri/R02/audit-r17-cli-rust-targeted/typecheck-06/start-utc.txt
tests/post-verification-audit-seal.test.ts	1	artifacts/rust-tauri/R02/audit-r17-client-probe-6/cli-help-exit0-no-start/home-after.json
tests/post-verification-audit-seal.test.ts	1	artifacts/rust-tauri/R02/audit-r17-client-probe-6/cli-help-exit0-no-start/home-before.json
tests/post-verification-audit-seal.test.ts	1	artifacts/rust-tauri/R02/audit-r17-client-probe-6/cli-serve-unknown-arg-exit1-no-start/home-after.json
tests/post-verification-audit-seal.test.ts	1	artifacts/rust-tauri/R02/audit-r17-client-probe-6/cli-serve-unknown-arg-exit1-no-start/home-before.json
tests/post-verification-audit-seal.test.ts	1	artifacts/rust-tauri/R02/audit-r17-client-probe-6/cli-unknown-arg-exit1-no-start/home-after.json
tests/post-verification-audit-seal.test.ts	1	artifacts/rust-tauri/R02/audit-r17-client-probe-6/cli-unknown-arg-exit1-no-start/home-before.json
tests/post-verification-audit-seal.test.ts	1	artifacts/rust-tauri/R02/audit-r17-client-probe-6/leaf-cases.json
tests/post-verification-audit-seal.test.ts	1	artifacts/rust-tauri/R02/audit-r17-client-probe-6/sharing-cases.json
tests/post-verification-audit-seal.test.ts	1	artifacts/rust-tauri/R02/audit-r17-client-probe-6/summary.json
tests/post-verification-audit-seal.test.ts	1	artifacts/rust-tauri/R02/audit-r17-g5/G5_CLOSEOUT.md
tests/post-verification-audit-seal.test.ts	1	artifacts/rust-tauri/R02/audit-r17-g5/a01-candidate-sha256.txt
tests/post-verification-audit-seal.test.ts	1	artifacts/rust-tauri/R02/audit-r17-g5/a01-end.utc
tests/post-verification-audit-seal.test.ts	1	artifacts/rust-tauri/R02/audit-r17-g5/a01-escalated-candidate-sha256.txt
tests/post-verification-audit-seal.test.ts	1	artifacts/rust-tauri/R02/audit-r17-g5/a01-escalated-end.utc
tests/post-verification-audit-seal.test.ts	1	artifacts/rust-tauri/R02/audit-r17-g5/a01-escalated-exit.txt
tests/post-verification-audit-seal.test.ts	1	artifacts/rust-tauri/R02/audit-r17-g5/a01-escalated-rerun-candidate-sha256.txt
tests/post-verification-audit-seal.test.ts	1	artifacts/rust-tauri/R02/audit-r17-g5/a01-escalated-rerun-end.utc
tests/post-verification-audit-seal.test.ts	1	artifacts/rust-tauri/R02/audit-r17-g5/a01-escalated-rerun-exit.txt
tests/post-verification-audit-seal.test.ts	1	artifacts/rust-tauri/R02/audit-r17-g5/a01-escalated-rerun-start.utc
tests/post-verification-audit-seal.test.ts	1	artifacts/rust-tauri/R02/audit-r17-g5/a01-escalated-rerun/a01-cargo-metadata.err
tests/post-verification-audit-seal.test.ts	1	artifacts/rust-tauri/R02/audit-r17-g5/a01-escalated-rerun/a01-cargo-metadata.json
tests/post-verification-audit-seal.test.ts	1	artifacts/rust-tauri/R02/audit-r17-g5/a01-escalated-rerun/a01-child-snapshot.tsv
tests/post-verification-audit-seal.test.ts	1	artifacts/rust-tauri/R02/audit-r17-g5/a01-escalated-rerun/a01-health-body.json
tests/post-verification-audit-seal.test.ts	1	artifacts/rust-tauri/R02/audit-r17-g5/a01-escalated-rerun/a01-leaf-cases.json
tests/post-verification-audit-seal.test.ts	1	artifacts/rust-tauri/R02/audit-r17-g5/a01-escalated-rerun/a01-newer-fallback-after.txt
tests/post-verification-audit-seal.test.ts	1	artifacts/rust-tauri/R02/audit-r17-g5/a01-escalated-rerun/a01-newer-fallback-before.txt
tests/post-verification-audit-seal.test.ts	1	artifacts/rust-tauri/R02/audit-r17-g5/a01-escalated-rerun/a01-newer-homes-after.txt
tests/post-verification-audit-seal.test.ts	1	artifacts/rust-tauri/R02/audit-r17-g5/a01-escalated-rerun/a01-newer-homes-before.txt
tests/post-verification-audit-seal.test.ts	1	artifacts/rust-tauri/R02/audit-r17-g5/a01-escalated-rerun/a01-newer-stamp-after.sha256
tests/post-verification-audit-seal.test.ts	1	artifacts/rust-tauri/R02/audit-r17-g5/a01-escalated-rerun/a01-newer-stamp-before.sha256
tests/post-verification-audit-seal.test.ts	1	artifacts/rust-tauri/R02/audit-r17-g5/a01-escalated-rerun/leaf-cases.ndjson
tests/post-verification-audit-seal.test.ts	1	artifacts/rust-tauri/R02/audit-r17-g5/a01-escalated-start.utc
tests/post-verification-audit-seal.test.ts	1	artifacts/rust-tauri/R02/audit-r17-g5/a01-escalated/a01-cargo-metadata.err
tests/post-verification-audit-seal.test.ts	1	artifacts/rust-tauri/R02/audit-r17-g5/a01-escalated/a01-cargo-metadata.json
tests/post-verification-audit-seal.test.ts	1	artifacts/rust-tauri/R02/audit-r17-g5/a01-escalated/a01-child-snapshot.tsv
tests/post-verification-audit-seal.test.ts	1	artifacts/rust-tauri/R02/audit-r17-g5/a01-escalated/a01-health-body.json
tests/post-verification-audit-seal.test.ts	1	artifacts/rust-tauri/R02/audit-r17-g5/a01-escalated/a01-leaf-cases.json
tests/post-verification-audit-seal.test.ts	1	artifacts/rust-tauri/R02/audit-r17-g5/a01-escalated/a01-newer-homes-after.txt
tests/post-verification-audit-seal.test.ts	1	artifacts/rust-tauri/R02/audit-r17-g5/a01-escalated/a01-newer-homes-before.txt
tests/post-verification-audit-seal.test.ts	1	artifacts/rust-tauri/R02/audit-r17-g5/a01-escalated/leaf-cases.ndjson
tests/post-verification-audit-seal.test.ts	1	artifacts/rust-tauri/R02/audit-r17-g5/a01-exit.txt
tests/post-verification-audit-seal.test.ts	1	artifacts/rust-tauri/R02/audit-r17-g5/a01-final-candidate-sha256.txt
tests/post-verification-audit-seal.test.ts	1	artifacts/rust-tauri/R02/audit-r17-g5/a01-final-end.utc
tests/post-verification-audit-seal.test.ts	1	artifacts/rust-tauri/R02/audit-r17-g5/a01-final-exit.txt
tests/post-verification-audit-seal.test.ts	1	artifacts/rust-tauri/R02/audit-r17-g5/a01-final-start.utc
tests/post-verification-audit-seal.test.ts	1	artifacts/rust-tauri/R02/audit-r17-g5/a01-final/a01-cargo-metadata.err
tests/post-verification-audit-seal.test.ts	1	artifacts/rust-tauri/R02/audit-r17-g5/a01-final/a01-cargo-metadata.json
tests/post-verification-audit-seal.test.ts	1	artifacts/rust-tauri/R02/audit-r17-g5/a01-final/a01-child-snapshot.tsv
tests/post-verification-audit-seal.test.ts	1	artifacts/rust-tauri/R02/audit-r17-g5/a01-final/a01-health-body.json
tests/post-verification-audit-seal.test.ts	1	artifacts/rust-tauri/R02/audit-r17-g5/a01-final/a01-leaf-cases.json
tests/post-verification-audit-seal.test.ts	1	artifacts/rust-tauri/R02/audit-r17-g5/a01-final/a01-newer-fallback-after.txt
tests/post-verification-audit-seal.test.ts	1	artifacts/rust-tauri/R02/audit-r17-g5/a01-final/a01-newer-fallback-before.txt
tests/post-verification-audit-seal.test.ts	1	artifacts/rust-tauri/R02/audit-r17-g5/a01-final/a01-newer-homes-after.txt
tests/post-verification-audit-seal.test.ts	1	artifacts/rust-tauri/R02/audit-r17-g5/a01-final/a01-newer-homes-before.txt
tests/post-verification-audit-seal.test.ts	1	artifacts/rust-tauri/R02/audit-r17-g5/a01-final/a01-newer-stamp-after.sha256
tests/post-verification-audit-seal.test.ts	1	artifacts/rust-tauri/R02/audit-r17-g5/a01-final/a01-newer-stamp-before.sha256
tests/post-verification-audit-seal.test.ts	1	artifacts/rust-tauri/R02/audit-r17-g5/a01-final/leaf-cases.ndjson
tests/post-verification-audit-seal.test.ts	1	artifacts/rust-tauri/R02/audit-r17-g5/a01-reuse-after.sha256
tests/post-verification-audit-seal.test.ts	1	artifacts/rust-tauri/R02/audit-r17-g5/a01-reuse-before.sha256
tests/post-verification-audit-seal.test.ts	1	artifacts/rust-tauri/R02/audit-r17-g5/a01-reuse-end.utc
tests/post-verification-audit-seal.test.ts	1	artifacts/rust-tauri/R02/audit-r17-g5/a01-reuse-exit.txt
tests/post-verification-audit-seal.test.ts	1	artifacts/rust-tauri/R02/audit-r17-g5/a01-reuse-start.utc
tests/post-verification-audit-seal.test.ts	1	artifacts/rust-tauri/R02/audit-r17-g5/a01-start.utc
tests/post-verification-audit-seal.test.ts	1	artifacts/rust-tauri/R02/audit-r17-g5/a01/a01-cargo-metadata.err
tests/post-verification-audit-seal.test.ts	1	artifacts/rust-tauri/R02/audit-r17-g5/a01/a01-cargo-metadata.json
tests/post-verification-audit-seal.test.ts	1	artifacts/rust-tauri/R02/audit-r17-g5/a01/leaf-cases.ndjson
tests/post-verification-audit-seal.test.ts	1	artifacts/rust-tauri/R02/audit-r17-g5/a03-candidate-sha256.txt
tests/post-verification-audit-seal.test.ts	1	artifacts/rust-tauri/R02/audit-r17-g5/a03-end.utc
tests/post-verification-audit-seal.test.ts	1	artifacts/rust-tauri/R02/audit-r17-g5/a03-exit.txt
tests/post-verification-audit-seal.test.ts	1	artifacts/rust-tauri/R02/audit-r17-g5/a03-start.utc
tests/post-verification-audit-seal.test.ts	1	artifacts/rust-tauri/R02/audit-r17-g5/a03/a03-forged-record.json
tests/post-verification-audit-seal.test.ts	1	artifacts/rust-tauri/R02/audit-r17-g5/a03/a03-inst1-health.json
tests/post-verification-audit-seal.test.ts	1	artifacts/rust-tauri/R02/audit-r17-g5/a03/a03-inst2-marker.txt
tests/post-verification-audit-seal.test.ts	1	artifacts/rust-tauri/R02/audit-r17-g5/a03/a03-summary.txt
tests/post-verification-audit-seal.test.ts	1	artifacts/rust-tauri/R02/audit-r17-g5/a04-candidate-sha256.txt
tests/post-verification-audit-seal.test.ts	1	artifacts/rust-tauri/R02/audit-r17-g5/a04-end.utc
tests/post-verification-audit-seal.test.ts	1	artifacts/rust-tauri/R02/audit-r17-g5/a04-exit.txt
tests/post-verification-audit-seal.test.ts	1	artifacts/rust-tauri/R02/audit-r17-g5/a04-start.utc
tests/post-verification-audit-seal.test.ts	1	artifacts/rust-tauri/R02/audit-r17-g5/a04/a04-summary.txt
tests/post-verification-audit-seal.test.ts	1	artifacts/rust-tauri/R02/audit-r17-g5/a05-candidate-sha256.txt
tests/post-verification-audit-seal.test.ts	1	artifacts/rust-tauri/R02/audit-r17-g5/a05-end.utc
tests/post-verification-audit-seal.test.ts	1	artifacts/rust-tauri/R02/audit-r17-g5/a05-exit.txt
tests/post-verification-audit-seal.test.ts	1	artifacts/rust-tauri/R02/audit-r17-g5/a05-start.utc
tests/post-verification-audit-seal.test.ts	1	artifacts/rust-tauri/R02/audit-r17-g5/a05/.last-body
tests/post-verification-audit-seal.test.ts	1	artifacts/rust-tauri/R02/audit-r17-g5/a05/creds-after-authz.json
tests/post-verification-audit-seal.test.ts	1	artifacts/rust-tauri/R02/audit-r17-g5/a05/creds-before-authz.json
tests/post-verification-audit-seal.test.ts	1	artifacts/rust-tauri/R02/audit-r17-g5/a05/devices-after-authz.json
tests/post-verification-audit-seal.test.ts	1	artifacts/rust-tauri/R02/audit-r17-g5/a05/devices-before-authz.json
tests/post-verification-audit-seal.test.ts	1	artifacts/rust-tauri/R02/audit-r17-g5/a05/leaf-cases.ndjson
tests/post-verification-audit-seal.test.ts	1	artifacts/rust-tauri/R02/audit-r17-g5/a05/state-after-authn.txt
tests/post-verification-audit-seal.test.ts	1	artifacts/rust-tauri/R02/audit-r17-g5/a05/state-after.txt
tests/post-verification-audit-seal.test.ts	1	artifacts/rust-tauri/R02/audit-r17-g5/a05/state-before-authz.txt
tests/post-verification-audit-seal.test.ts	1	artifacts/rust-tauri/R02/audit-r17-g5/a05/state-before.txt
tests/post-verification-audit-seal.test.ts	1	artifacts/rust-tauri/R02/audit-r17-g5/a05/summary.txt
tests/post-verification-audit-seal.test.ts	1	artifacts/rust-tauri/R02/audit-r17-g5/a07-candidate-sha256.txt
tests/post-verification-audit-seal.test.ts	1	artifacts/rust-tauri/R02/audit-r17-g5/a07-end.utc
tests/post-verification-audit-seal.test.ts	1	artifacts/rust-tauri/R02/audit-r17-g5/a07-exit.txt
tests/post-verification-audit-seal.test.ts	1	artifacts/rust-tauri/R02/audit-r17-g5/a07-start.utc
tests/post-verification-audit-seal.test.ts	1	artifacts/rust-tauri/R02/audit-r17-g5/a07/last-db-hashes.txt
tests/post-verification-audit-seal.test.ts	1	artifacts/rust-tauri/R02/audit-r17-g5/a07/s1-counts-after-stop.json
tests/post-verification-audit-seal.test.ts	1	artifacts/rust-tauri/R02/audit-r17-g5/a07/s2-counts-after-crash.json
tests/post-verification-audit-seal.test.ts	1	artifacts/rust-tauri/R02/audit-r17-g5/a07/s2-runs-dump.jsonl
tests/post-verification-audit-seal.test.ts	1	artifacts/rust-tauri/R02/audit-r17-g5/a07/s3-fault.err
tests/post-verification-audit-seal.test.ts	1	artifacts/rust-tauri/R02/audit-r17-g5/a07/s3-fault.out
tests/post-verification-audit-seal.test.ts	1	artifacts/rust-tauri/R02/audit-r17-g5/a07/s4-hashes-after.txt
tests/post-verification-audit-seal.test.ts	1	artifacts/rust-tauri/R02/audit-r17-g5/a07/s4-hashes-before.txt
tests/post-verification-audit-seal.test.ts	1	artifacts/rust-tauri/R02/audit-r17-g5/a07/s4-migrations-round1.json
tests/post-verification-audit-seal.test.ts	1	artifacts/rust-tauri/R02/audit-r17-g5/a07/s4-migrations-round2.json
tests/post-verification-audit-seal.test.ts	1	artifacts/rust-tauri/R02/audit-r17-g5/a07/s4-migrations-round3.json
tests/post-verification-audit-seal.test.ts	1	artifacts/rust-tauri/R02/audit-r17-g5/a07/service-s1.err
tests/post-verification-audit-seal.test.ts	1	artifacts/rust-tauri/R02/audit-r17-g5/a07/service-s1.out
tests/post-verification-audit-seal.test.ts	1	artifacts/rust-tauri/R02/audit-r17-g5/a07/service-s1b.err
tests/post-verification-audit-seal.test.ts	1	artifacts/rust-tauri/R02/audit-r17-g5/a07/service-s1b.out
tests/post-verification-audit-seal.test.ts	1	artifacts/rust-tauri/R02/audit-r17-g5/a07/service-s2.err
tests/post-verification-audit-seal.test.ts	1	artifacts/rust-tauri/R02/audit-r17-g5/a07/service-s2.out
tests/post-verification-audit-seal.test.ts	1	artifacts/rust-tauri/R02/audit-r17-g5/a07/service-s2b.err
tests/post-verification-audit-seal.test.ts	1	artifacts/rust-tauri/R02/audit-r17-g5/a07/service-s2b.out
tests/post-verification-audit-seal.test.ts	1	artifacts/rust-tauri/R02/audit-r17-g5/a07/service-s4-1.err
tests/post-verification-audit-seal.test.ts	1	artifacts/rust-tauri/R02/audit-r17-g5/a07/service-s4-1.out
tests/post-verification-audit-seal.test.ts	1	artifacts/rust-tauri/R02/audit-r17-g5/a07/service-s4-2.err
tests/post-verification-audit-seal.test.ts	1	artifacts/rust-tauri/R02/audit-r17-g5/a07/service-s4-2.out
tests/post-verification-audit-seal.test.ts	1	artifacts/rust-tauri/R02/audit-r17-g5/a07/service-s4-3.err
tests/post-verification-audit-seal.test.ts	1	artifacts/rust-tauri/R02/audit-r17-g5/a07/service-s4-3.out
tests/post-verification-audit-seal.test.ts	1	artifacts/rust-tauri/R02/audit-r17-g5/a07/service.addr
tests/post-verification-audit-seal.test.ts	1	artifacts/rust-tauri/R02/audit-r17-g5/a07/service.pid
tests/post-verification-audit-seal.test.ts	1	artifacts/rust-tauri/R02/audit-r17-g5/a07/summary.txt
tests/post-verification-audit-seal.test.ts	1	artifacts/rust-tauri/R02/audit-r17-g5/a09-candidate-sha256.txt
tests/post-verification-audit-seal.test.ts	1	artifacts/rust-tauri/R02/audit-r17-g5/a09-end.utc
tests/post-verification-audit-seal.test.ts	1	artifacts/rust-tauri/R02/audit-r17-g5/a09-exit.txt
tests/post-verification-audit-seal.test.ts	1	artifacts/rust-tauri/R02/audit-r17-g5/a09-start.utc
tests/post-verification-audit-seal.test.ts	1	artifacts/rust-tauri/R02/audit-r17-g5/a09/a09-merged-view.json
tests/post-verification-audit-seal.test.ts	1	artifacts/rust-tauri/R02/audit-r17-g5/a09/a10-rebuild-diff.json
tests/post-verification-audit-seal.test.ts	1	artifacts/rust-tauri/R02/audit-r17-g5/a09/key-events-dump.json
tests/post-verification-audit-seal.test.ts	1	artifacts/rust-tauri/R02/audit-r17-g5/a09/matrix.json
tests/post-verification-audit-seal.test.ts	1	artifacts/rust-tauri/R02/audit-r17-g5/a09/probe-matrix.jsonl
tests/post-verification-audit-seal.test.ts	1	artifacts/rust-tauri/R02/audit-r17-g5/a09/service.err
tests/post-verification-audit-seal.test.ts	1	artifacts/rust-tauri/R02/audit-r17-g5/a09/service.out
tests/post-verification-audit-seal.test.ts	1	artifacts/rust-tauri/R02/audit-r17-g5/a09/summary.txt
tests/post-verification-audit-seal.test.ts	1	artifacts/rust-tauri/R02/audit-r17-g5/a11-candidate-sha256.txt
tests/post-verification-audit-seal.test.ts	1	artifacts/rust-tauri/R02/audit-r17-g5/a11-end.utc
tests/post-verification-audit-seal.test.ts	1	artifacts/rust-tauri/R02/audit-r17-g5/a11-exit.txt
tests/post-verification-audit-seal.test.ts	1	artifacts/rust-tauri/R02/audit-r17-g5/a11-rerun-candidate-sha256.txt
tests/post-verification-audit-seal.test.ts	1	artifacts/rust-tauri/R02/audit-r17-g5/a11-rerun-end.utc
tests/post-verification-audit-seal.test.ts	1	artifacts/rust-tauri/R02/audit-r17-g5/a11-rerun-exit.txt
tests/post-verification-audit-seal.test.ts	1	artifacts/rust-tauri/R02/audit-r17-g5/a11-rerun-start.utc
tests/post-verification-audit-seal.test.ts	1	artifacts/rust-tauri/R02/audit-r17-g5/a11-rerun/backup-restore/s1-backup-dir-listing.txt
tests/post-verification-audit-seal.test.ts	1	artifacts/rust-tauri/R02/audit-r17-g5/a11-rerun/backup-restore/s1-backup-outcome.json
tests/post-verification-audit-seal.test.ts	1	artifacts/rust-tauri/R02/audit-r17-g5/a11-rerun/backup-restore/s1-backup.err
tests/post-verification-audit-seal.test.ts	1	artifacts/rust-tauri/R02/audit-r17-g5/a11-rerun/backup-restore/s1-restore-outcome.json
tests/post-verification-audit-seal.test.ts	1	artifacts/rust-tauri/R02/audit-r17-g5/a11-rerun/backup-restore/s1-restore.err
tests/post-verification-audit-seal.test.ts	1	artifacts/rust-tauri/R02/audit-r17-g5/a11-rerun/backup-restore/s1-restored-dump.jsonl
tests/post-verification-audit-seal.test.ts	1	artifacts/rust-tauri/R02/audit-r17-g5/a11-rerun/backup-restore/s1-restored-hash.txt
tests/post-verification-audit-seal.test.ts	1	artifacts/rust-tauri/R02/audit-r17-g5/a11-rerun/backup-restore/s1-source-dump.jsonl
tests/post-verification-audit-seal.test.ts	1	artifacts/rust-tauri/R02/audit-r17-g5/a11-rerun/backup-restore/s1-source-hash.txt
tests/post-verification-audit-seal.test.ts	1	artifacts/rust-tauri/R02/audit-r17-g5/a11-rerun/backup-restore/s1-wal-size.txt
tests/post-verification-audit-seal.test.ts	1	artifacts/rust-tauri/R02/audit-r17-g5/a11-rerun/backup-restore/s3-backup-out.json
tests/post-verification-audit-seal.test.ts	1	artifacts/rust-tauri/R02/audit-r17-g5/a11-rerun/backup-restore/s3-backup.err
tests/post-verification-audit-seal.test.ts	1	artifacts/rust-tauri/R02/audit-r17-g5/a11-rerun/backup-restore/s4-ws-probe.json
tests/post-verification-audit-seal.test.ts	1	artifacts/rust-tauri/R02/audit-r17-g5/a11-rerun/backup-restore/s4-ws-probe.json.probe-done
tests/post-verification-audit-seal.test.ts	1	artifacts/rust-tauri/R02/audit-r17-g5/a11-rerun/backup-restore/service-s1.addr
tests/post-verification-audit-seal.test.ts	1	artifacts/rust-tauri/R02/audit-r17-g5/a11-rerun/backup-restore/service-s1.err
tests/post-verification-audit-seal.test.ts	1	artifacts/rust-tauri/R02/audit-r17-g5/a11-rerun/backup-restore/service-s1.out
tests/post-verification-audit-seal.test.ts	1	artifacts/rust-tauri/R02/audit-r17-g5/a11-rerun/backup-restore/service-s2.addr
tests/post-verification-audit-seal.test.ts	1	artifacts/rust-tauri/R02/audit-r17-g5/a11-rerun/backup-restore/service-s2.err
tests/post-verification-audit-seal.test.ts	1	artifacts/rust-tauri/R02/audit-r17-g5/a11-rerun/backup-restore/service-s2.out
tests/post-verification-audit-seal.test.ts	1	artifacts/rust-tauri/R02/audit-r17-g5/a11-rerun/backup-restore/service-s4.addr
tests/post-verification-audit-seal.test.ts	1	artifacts/rust-tauri/R02/audit-r17-g5/a11-rerun/backup-restore/service-s4.err
tests/post-verification-audit-seal.test.ts	1	artifacts/rust-tauri/R02/audit-r17-g5/a11-rerun/backup-restore/service-s4.out
tests/post-verification-audit-seal.test.ts	1	artifacts/rust-tauri/R02/audit-r17-g5/a11-rerun/backup-restore/service.pid
tests/post-verification-audit-seal.test.ts	1	artifacts/rust-tauri/R02/audit-r17-g5/a11-rerun/backup-restore/summary.txt
tests/post-verification-audit-seal.test.ts	1	artifacts/rust-tauri/R02/audit-r17-g5/a11-start.utc
tests/post-verification-audit-seal.test.ts	1	artifacts/rust-tauri/R02/audit-r17-g5/a11/backup-restore/s1-backup-dir-listing.txt
tests/post-verification-audit-seal.test.ts	1	artifacts/rust-tauri/R02/audit-r17-g5/a11/backup-restore/s1-backup-outcome.json
tests/post-verification-audit-seal.test.ts	1	artifacts/rust-tauri/R02/audit-r17-g5/a11/backup-restore/s1-backup.err
tests/post-verification-audit-seal.test.ts	1	artifacts/rust-tauri/R02/audit-r17-g5/a11/backup-restore/s1-restore-outcome.json
tests/post-verification-audit-seal.test.ts	1	artifacts/rust-tauri/R02/audit-r17-g5/a11/backup-restore/s1-restore.err
tests/post-verification-audit-seal.test.ts	1	artifacts/rust-tauri/R02/audit-r17-g5/a11/backup-restore/s1-restored-dump.jsonl
tests/post-verification-audit-seal.test.ts	1	artifacts/rust-tauri/R02/audit-r17-g5/a11/backup-restore/s1-restored-hash.txt
tests/post-verification-audit-seal.test.ts	1	artifacts/rust-tauri/R02/audit-r17-g5/a11/backup-restore/s1-source-dump.jsonl
tests/post-verification-audit-seal.test.ts	1	artifacts/rust-tauri/R02/audit-r17-g5/a11/backup-restore/s1-source-hash.txt
tests/post-verification-audit-seal.test.ts	1	artifacts/rust-tauri/R02/audit-r17-g5/a11/backup-restore/s1-wal-size.txt
tests/post-verification-audit-seal.test.ts	1	artifacts/rust-tauri/R02/audit-r17-g5/a11/backup-restore/s3-backup-out.json
tests/post-verification-audit-seal.test.ts	1	artifacts/rust-tauri/R02/audit-r17-g5/a11/backup-restore/s3-backup.err
tests/post-verification-audit-seal.test.ts	1	artifacts/rust-tauri/R02/audit-r17-g5/a11/backup-restore/s4-ws-probe.json
tests/post-verification-audit-seal.test.ts	1	artifacts/rust-tauri/R02/audit-r17-g5/a11/backup-restore/s4-ws-probe.json.probe-done
tests/post-verification-audit-seal.test.ts	1	artifacts/rust-tauri/R02/audit-r17-g5/a11/backup-restore/service-s1.addr
tests/post-verification-audit-seal.test.ts	1	artifacts/rust-tauri/R02/audit-r17-g5/a11/backup-restore/service-s1.err
tests/post-verification-audit-seal.test.ts	1	artifacts/rust-tauri/R02/audit-r17-g5/a11/backup-restore/service-s1.out
tests/post-verification-audit-seal.test.ts	1	artifacts/rust-tauri/R02/audit-r17-g5/a11/backup-restore/service-s2.addr
tests/post-verification-audit-seal.test.ts	1	artifacts/rust-tauri/R02/audit-r17-g5/a11/backup-restore/service-s2.err
tests/post-verification-audit-seal.test.ts	1	artifacts/rust-tauri/R02/audit-r17-g5/a11/backup-restore/service-s2.out
tests/post-verification-audit-seal.test.ts	1	artifacts/rust-tauri/R02/audit-r17-g5/a11/backup-restore/service-s4.addr
tests/post-verification-audit-seal.test.ts	1	artifacts/rust-tauri/R02/audit-r17-g5/a11/backup-restore/service-s4.err
tests/post-verification-audit-seal.test.ts	1	artifacts/rust-tauri/R02/audit-r17-g5/a11/backup-restore/service-s4.out
tests/post-verification-audit-seal.test.ts	1	artifacts/rust-tauri/R02/audit-r17-g5/a11/backup-restore/service.pid
tests/post-verification-audit-seal.test.ts	1	artifacts/rust-tauri/R02/audit-r17-g5/a11/backup-restore/summary.txt
tests/post-verification-audit-seal.test.ts	1	artifacts/rust-tauri/R02/audit-r17-g5/a12-candidate-sha256.txt
tests/post-verification-audit-seal.test.ts	1	artifacts/rust-tauri/R02/audit-r17-g5/a12-end.utc
tests/post-verification-audit-seal.test.ts	1	artifacts/rust-tauri/R02/audit-r17-g5/a12-exit.txt
tests/post-verification-audit-seal.test.ts	1	artifacts/rust-tauri/R02/audit-r17-g5/a12-start.utc
tests/post-verification-audit-seal.test.ts	1	artifacts/rust-tauri/R02/audit-r17-g5/a12/recovery-drill/coexist-after.txt
tests/post-verification-audit-seal.test.ts	1	artifacts/rust-tauri/R02/audit-r17-g5/a12/recovery-drill/coexist-before.txt
tests/post-verification-audit-seal.test.ts	1	artifacts/rust-tauri/R02/audit-r17-g5/a12/recovery-drill/own-created-homes.txt
tests/post-verification-audit-seal.test.ts	1	artifacts/rust-tauri/R02/audit-r17-g5/a12/recovery-drill/summary.txt
tests/post-verification-audit-seal.test.ts	1	artifacts/rust-tauri/R02/audit-r17-g5/a12/recovery-drill/v1-hashes-after.txt
tests/post-verification-audit-seal.test.ts	1	artifacts/rust-tauri/R02/audit-r17-g5/a12/recovery-drill/v1-hashes-before.txt
tests/post-verification-audit-seal.test.ts	1	artifacts/rust-tauri/R02/audit-r17-g5/a12/recovery-drill/v1.err
tests/post-verification-audit-seal.test.ts	1	artifacts/rust-tauri/R02/audit-r17-g5/a12/recovery-drill/v1.out
tests/post-verification-audit-seal.test.ts	1	artifacts/rust-tauri/R02/audit-r17-g5/a12/recovery-drill/v2-hashes-after.txt
tests/post-verification-audit-seal.test.ts	1	artifacts/rust-tauri/R02/audit-r17-g5/a12/recovery-drill/v2-hashes-before.txt
tests/post-verification-audit-seal.test.ts	1	artifacts/rust-tauri/R02/audit-r17-g5/a12/recovery-drill/v2.err
tests/post-verification-audit-seal.test.ts	1	artifacts/rust-tauri/R02/audit-r17-g5/a12/recovery-drill/v2.out
tests/post-verification-audit-seal.test.ts	1	artifacts/rust-tauri/R02/audit-r17-g5/a12/recovery-drill/v3-hashes-after.txt
tests/post-verification-audit-seal.test.ts	1	artifacts/rust-tauri/R02/audit-r17-g5/a12/recovery-drill/v3-hashes-before.txt
tests/post-verification-audit-seal.test.ts	1	artifacts/rust-tauri/R02/audit-r17-g5/a12/recovery-drill/v3.err
tests/post-verification-audit-seal.test.ts	1	artifacts/rust-tauri/R02/audit-r17-g5/a12/recovery-drill/v3.out
tests/post-verification-audit-seal.test.ts	1	artifacts/rust-tauri/R02/audit-r17-g5/a12/recovery-drill/v4.err
tests/post-verification-audit-seal.test.ts	1	artifacts/rust-tauri/R02/audit-r17-g5/a12/recovery-drill/v4.out
tests/post-verification-audit-seal.test.ts	1	artifacts/rust-tauri/R02/audit-r17-g5/a12/recovery-drill/v5-hashes-after.txt
tests/post-verification-audit-seal.test.ts	1	artifacts/rust-tauri/R02/audit-r17-g5/a12/recovery-drill/v5-hashes-before.txt
tests/post-verification-audit-seal.test.ts	1	artifacts/rust-tauri/R02/audit-r17-g5/a12/recovery-drill/v5.err
tests/post-verification-audit-seal.test.ts	1	artifacts/rust-tauri/R02/audit-r17-g5/a12/recovery-drill/v5.out
tests/post-verification-audit-seal.test.ts	1	artifacts/rust-tauri/R02/audit-r17-g5/a12/recovery-drill/v6-recovered-dump.jsonl
tests/post-verification-audit-seal.test.ts	1	artifacts/rust-tauri/R02/audit-r17-g5/a12/recovery-drill/v6-seed-execute.txt
tests/post-verification-audit-seal.test.ts	1	artifacts/rust-tauri/R02/audit-r17-g5/a12/recovery-drill/v6-seed.err
tests/post-verification-audit-seal.test.ts	1	artifacts/rust-tauri/R02/audit-r17-g5/a12/recovery-drill/v6-seed.out
tests/post-verification-audit-seal.test.ts	1	artifacts/rust-tauri/R02/audit-r17-g5/a12/recovery-drill/v6.err
tests/post-verification-audit-seal.test.ts	1	artifacts/rust-tauri/R02/audit-r17-g5/a12/recovery-drill/v6.out
tests/post-verification-audit-seal.test.ts	1	artifacts/rust-tauri/R02/audit-r17-g5/a12/recovery-drill/v7-hashes-after.txt
tests/post-verification-audit-seal.test.ts	1	artifacts/rust-tauri/R02/audit-r17-g5/a12/recovery-drill/v7-hashes-before.txt
tests/post-verification-audit-seal.test.ts	1	artifacts/rust-tauri/R02/audit-r17-g5/a12/recovery-drill/v7-seed.err
tests/post-verification-audit-seal.test.ts	1	artifacts/rust-tauri/R02/audit-r17-g5/a12/recovery-drill/v7-seed.out
tests/post-verification-audit-seal.test.ts	1	artifacts/rust-tauri/R02/audit-r17-g5/a12/recovery-drill/v7.err
tests/post-verification-audit-seal.test.ts	1	artifacts/rust-tauri/R02/audit-r17-g5/a12/recovery-drill/v7.out
tests/post-verification-audit-seal.test.ts	1	artifacts/rust-tauri/R02/audit-r17-g5/a12/recovery-drill/v8-observed.err
tests/post-verification-audit-seal.test.ts	1	artifacts/rust-tauri/R02/audit-r17-g5/a12/recovery-drill/v8-seed.err
tests/post-verification-audit-seal.test.ts	1	artifacts/rust-tauri/R02/audit-r17-g5/a12/recovery-drill/v8-seed.out
tests/post-verification-audit-seal.test.ts	1	artifacts/rust-tauri/R02/audit-r17-g5/a12/recovery-drill/v8.err
tests/post-verification-audit-seal.test.ts	1	artifacts/rust-tauri/R02/audit-r17-g5/a12/recovery-drill/v8.out
tests/post-verification-audit-seal.test.ts	1	artifacts/rust-tauri/R02/audit-r17-g5/a13-candidate-sha256.txt
tests/post-verification-audit-seal.test.ts	1	artifacts/rust-tauri/R02/audit-r17-g5/a13-end.utc
tests/post-verification-audit-seal.test.ts	1	artifacts/rust-tauri/R02/audit-r17-g5/a13-exit.txt
tests/post-verification-audit-seal.test.ts	1	artifacts/rust-tauri/R02/audit-r17-g5/a13-start.utc
tests/post-verification-audit-seal.test.ts	1	artifacts/rust-tauri/R02/audit-r17-g5/a13/redaction-scan/inventory.txt
tests/post-verification-audit-seal.test.ts	1	artifacts/rust-tauri/R02/audit-r17-g5/a13/redaction-scan/p1-execute-ok.body
tests/post-verification-audit-seal.test.ts	1	artifacts/rust-tauri/R02/audit-r17-g5/a13/redaction-scan/p1-execute-ok.headers
tests/post-verification-audit-seal.test.ts	1	artifacts/rust-tauri/R02/audit-r17-g5/a13/redaction-scan/p1-execute-request.json
tests/post-verification-audit-seal.test.ts	1	artifacts/rust-tauri/R02/audit-r17-g5/a13/redaction-scan/p1-issue-credential.headers
tests/post-verification-audit-seal.test.ts	1	artifacts/rust-tauri/R02/audit-r17-g5/a13/redaction-scan/p1-issue-request.json
tests/post-verification-audit-seal.test.ts	1	artifacts/rust-tauri/R02/audit-r17-g5/a13/redaction-scan/p1-me-ok.body
tests/post-verification-audit-seal.test.ts	1	artifacts/rust-tauri/R02/audit-r17-g5/a13/redaction-scan/p1-me-ok.headers
tests/post-verification-audit-seal.test.ts	1	artifacts/rust-tauri/R02/audit-r17-g5/a13/redaction-scan/p1-ticket-request.json
tests/post-verification-audit-seal.test.ts	1	artifacts/rust-tauri/R02/audit-r17-g5/a13/redaction-scan/p1-ticket.body
tests/post-verification-audit-seal.test.ts	1	artifacts/rust-tauri/R02/audit-r17-g5/a13/redaction-scan/p1-ticket.headers
tests/post-verification-audit-seal.test.ts	1	artifacts/rust-tauri/R02/audit-r17-g5/a13/redaction-scan/p2-me-bad-bearer.body
tests/post-verification-audit-seal.test.ts	1	artifacts/rust-tauri/R02/audit-r17-g5/a13/redaction-scan/p2-me-bad-bearer.headers
tests/post-verification-audit-seal.test.ts	1	artifacts/rust-tauri/R02/audit-r17-g5/a13/redaction-scan/p2-me-no-auth.body
tests/post-verification-audit-seal.test.ts	1	artifacts/rust-tauri/R02/audit-r17-g5/a13/redaction-scan/p2-me-no-auth.headers
tests/post-verification-audit-seal.test.ts	1	artifacts/rust-tauri/R02/audit-r17-g5/a13/redaction-scan/p2-session-cross.body
tests/post-verification-audit-seal.test.ts	1	artifacts/rust-tauri/R02/audit-r17-g5/a13/redaction-scan/p2-session-cross.headers
tests/post-verification-audit-seal.test.ts	1	artifacts/rust-tauri/R02/audit-r17-g5/a13/redaction-scan/p2-session-missing.body
tests/post-verification-audit-seal.test.ts	1	artifacts/rust-tauri/R02/audit-r17-g5/a13/redaction-scan/p2-session-missing.headers
tests/post-verification-audit-seal.test.ts	1	artifacts/rust-tauri/R02/audit-r17-g5/a13/redaction-scan/p2-ws-bad-query.body
tests/post-verification-audit-seal.test.ts	1	artifacts/rust-tauri/R02/audit-r17-g5/a13/redaction-scan/p2-ws-bad-query.headers
tests/post-verification-audit-seal.test.ts	1	artifacts/rust-tauri/R02/audit-r17-g5/a13/redaction-scan/p2-ws-transcript.txt
tests/post-verification-audit-seal.test.ts	1	artifacts/rust-tauri/R02/audit-r17-g5/a13/redaction-scan/p3-burst-1.body
tests/post-verification-audit-seal.test.ts	1	artifacts/rust-tauri/R02/audit-r17-g5/a13/redaction-scan/p3-burst-2.body
tests/post-verification-audit-seal.test.ts	1	artifacts/rust-tauri/R02/audit-r17-g5/a13/redaction-scan/p3-burst-3.body
tests/post-verification-audit-seal.test.ts	1	artifacts/rust-tauri/R02/audit-r17-g5/a13/redaction-scan/p3-burst-4.body
tests/post-verification-audit-seal.test.ts	1	artifacts/rust-tauri/R02/audit-r17-g5/a13/redaction-scan/p3-burst-5.body
tests/post-verification-audit-seal.test.ts	1	artifacts/rust-tauri/R02/audit-r17-g5/a13/redaction-scan/p3-burst-6.body
tests/post-verification-audit-seal.test.ts	1	artifacts/rust-tauri/R02/audit-r17-g5/a13/redaction-scan/p3-burst-7.body
tests/post-verification-audit-seal.test.ts	1	artifacts/rust-tauri/R02/audit-r17-g5/a13/redaction-scan/p3-burst-8.body
tests/post-verification-audit-seal.test.ts	1	artifacts/rust-tauri/R02/audit-r17-g5/a13/redaction-scan/p3-execute-request.json
tests/post-verification-audit-seal.test.ts	1	artifacts/rust-tauri/R02/audit-r17-g5/a13/redaction-scan/p3-status-codes.txt
tests/post-verification-audit-seal.test.ts	1	artifacts/rust-tauri/R02/audit-r17-g5/a13/redaction-scan/service-logs/retention-manifest.txt
tests/post-verification-audit-seal.test.ts	1	artifacts/rust-tauri/R02/audit-r17-g5/a13/redaction-scan/service-p1.addr
tests/post-verification-audit-seal.test.ts	1	artifacts/rust-tauri/R02/audit-r17-g5/a13/redaction-scan/service-p1.err
tests/post-verification-audit-seal.test.ts	1	artifacts/rust-tauri/R02/audit-r17-g5/a13/redaction-scan/service-p1.out
tests/post-verification-audit-seal.test.ts	1	artifacts/rust-tauri/R02/audit-r17-g5/a13/redaction-scan/service-p3.addr
tests/post-verification-audit-seal.test.ts	1	artifacts/rust-tauri/R02/audit-r17-g5/a13/redaction-scan/service-p3.err
tests/post-verification-audit-seal.test.ts	1	artifacts/rust-tauri/R02/audit-r17-g5/a13/redaction-scan/service-p3.out
tests/post-verification-audit-seal.test.ts	1	artifacts/rust-tauri/R02/audit-r17-g5/a13/redaction-scan/service-p4.err
tests/post-verification-audit-seal.test.ts	1	artifacts/rust-tauri/R02/audit-r17-g5/a13/redaction-scan/service-p4.out
tests/post-verification-audit-seal.test.ts	1	artifacts/rust-tauri/R02/audit-r17-g5/a13/redaction-scan/summary.txt
tests/post-verification-audit-seal.test.ts	1	artifacts/rust-tauri/R02/audit-r17-g5/a14-candidate-sha256.txt
tests/post-verification-audit-seal.test.ts	1	artifacts/rust-tauri/R02/audit-r17-g5/a14-end.utc
tests/post-verification-audit-seal.test.ts	1	artifacts/rust-tauri/R02/audit-r17-g5/a14-exit.txt
tests/post-verification-audit-seal.test.ts	1	artifacts/rust-tauri/R02/audit-r17-g5/a14-rerun-candidate-sha256.txt
tests/post-verification-audit-seal.test.ts	1	artifacts/rust-tauri/R02/audit-r17-g5/a14-rerun-end.utc
tests/post-verification-audit-seal.test.ts	1	artifacts/rust-tauri/R02/audit-r17-g5/a14-rerun-exit.txt
tests/post-verification-audit-seal.test.ts	1	artifacts/rust-tauri/R02/audit-r17-g5/a14-rerun-start.utc
tests/post-verification-audit-seal.test.ts	1	artifacts/rust-tauri/R02/audit-r17-g5/a14-rerun/slow-subscriber/detach-lines.txt
tests/post-verification-audit-seal.test.ts	1	artifacts/rust-tauri/R02/audit-r17-g5/a14-rerun/slow-subscriber/rss-samples.csv
tests/post-verification-audit-seal.test.ts	1	artifacts/rust-tauri/R02/audit-r17-g5/a14-rerun/slow-subscriber/service.err
tests/post-verification-audit-seal.test.ts	1	artifacts/rust-tauri/R02/audit-r17-g5/a14-rerun/slow-subscriber/service.out
tests/post-verification-audit-seal.test.ts	1	artifacts/rust-tauri/R02/audit-r17-g5/a14-rerun/slow-subscriber/storm-results.json
tests/post-verification-audit-seal.test.ts	1	artifacts/rust-tauri/R02/audit-r17-g5/a14-rerun/slow-subscriber/summary.txt
tests/post-verification-audit-seal.test.ts	1	artifacts/rust-tauri/R02/audit-r17-g5/a14-start.utc
tests/post-verification-audit-seal.test.ts	1	artifacts/rust-tauri/R02/audit-r17-g5/a14/slow-subscriber/service.err
tests/post-verification-audit-seal.test.ts	1	artifacts/rust-tauri/R02/audit-r17-g5/a14/slow-subscriber/service.out
tests/post-verification-audit-seal.test.ts	1	artifacts/rust-tauri/R02/audit-r17-g5/a14/slow-subscriber/summary.txt
tests/post-verification-audit-seal.test.ts	1	artifacts/rust-tauri/R02/audit-r17-g5/a16-evidence-guard-j4nc3a6j/result.json
tests/post-verification-audit-seal.test.ts	1	artifacts/rust-tauri/R02/audit-r17-g5/g5-source-sha256.txt
tests/post-verification-audit-seal.test.ts	1	artifacts/rust-tauri/R02/audit-r17-leaf-xtask-run-2/summary.json
tests/post-verification-audit-seal.test.ts	1	artifacts/rust-tauri/R02/audit-r17-leaf-xtask-run-3/summary.json
tests/post-verification-audit-seal.test.ts	1	artifacts/rust-tauri/R02/audit-r17-management-probe-10/summary.json
tests/post-verification-audit-seal.test.ts	1	artifacts/rust-tauri/R02/audit-r17-management-probe-6/summary.json
tests/post-verification-audit-seal.test.ts	1	artifacts/rust-tauri/R02/audit-r17-management-probe-7/summary.json
tests/post-verification-audit-seal.test.ts	1	artifacts/rust-tauri/R02/audit-r17-management-probe-8/summary.json
tests/post-verification-audit-seal.test.ts	1	artifacts/rust-tauri/R02/audit-r17-management-probe-9/management-cases.json
tests/post-verification-audit-seal.test.ts	1	artifacts/rust-tauri/R02/audit-r17-management-probe-9/summary.json
tests/post-verification-audit-seal.test.ts	1	artifacts/rust-tauri/R02/audit-r17-static-probe-1/static-web-cases.json
tests/post-verification-audit-seal.test.ts	1	artifacts/rust-tauri/R02/audit-r17-static-probe-1/summary.json
tests/post-verification-audit-seal.test.ts	1	artifacts/rust-tauri/R02/audit-r17-static-probe-2/static-web-cases.json
tests/post-verification-audit-seal.test.ts	1	artifacts/rust-tauri/R02/audit-r17-static-probe-2/summary.json
tests/post-verification-audit-seal.test.ts	1	artifacts/rust-tauri/R02/audit-r18-a01-static/candidate-sha256.json
tests/post-verification-audit-seal.test.ts	1	artifacts/rust-tauri/R02/audit-r18-a01-static/static-checks.json
tests/post-verification-audit-seal.test.ts	1	artifacts/rust-tauri/R02/audit-r18-g5-static-foreign-fix/G5_STATIC_AUDIT.md
tests/post-verification-audit-seal.test.ts	1	artifacts/rust-tauri/R02/audit-r18-g5-static-foreign-fix/candidate-sha256.json
tests/post-verification-audit-seal.test.ts	1	artifacts/rust-tauri/R02/audit-r18-g5-static-foreign-fix/static-checks.json
tests/post-verification-audit-seal.test.ts	1	artifacts/rust-tauri/R02/audit-r18-g5-static/candidate-sha256.json
tests/post-verification-audit-seal.test.ts	1	artifacts/rust-tauri/R02/audit-r18-g5-static/static-checks.json
tests/post-verification-audit-seal.test.ts	1	artifacts/rust-tauri/R02/audit-r18-git-fixture/RESULT.md
tests/post-verification-audit-seal.test.ts	1	artifacts/rust-tauri/R02/audit-r18-git-fixture/attempt-2/command-trace.jsonl
tests/post-verification-audit-seal.test.ts	1	artifacts/rust-tauri/R02/audit-r18-git-fixture/attempt-2/fixture-result.json
tests/post-verification-audit-seal.test.ts	1	artifacts/rust-tauri/R02/audit-r18-git-fixture/attempt-2/fixture-root.txt
tests/post-verification-audit-seal.test.ts	1	artifacts/rust-tauri/R02/audit-r18-git-fixture/attempt-2/run_fixture.py
tests/post-verification-audit-seal.test.ts	1	artifacts/rust-tauri/R02/audit-r18-git-fixture/command-trace.jsonl
tests/post-verification-audit-seal.test.ts	1	artifacts/rust-tauri/R02/audit-r18-git-fixture/fixture-root.txt
tests/post-verification-audit-seal.test.ts	1	artifacts/rust-tauri/R02/audit-r18-git-fixture/run_fixture.py
tests/post-verification-audit-seal.test.ts	1	artifacts/rust-tauri/R02/audit-r18-producer-cleanup-static/A01_SERVE_STATIC_AUDIT.md
tests/post-verification-audit-seal.test.ts	1	artifacts/rust-tauri/R02/audit-r18-producer-cleanup-static/candidate-sha256.json
tests/post-verification-audit-seal.test.ts	1	artifacts/rust-tauri/R02/audit-r18-producer-cleanup-static/static-checks.json
tests/post-verification-audit-seal.test.ts	1	artifacts/rust-tauri/R02/audit-r18-t03-open/after-web-all-targets-rerun.meta.json
tests/post-verification-audit-seal.test.ts	1	artifacts/rust-tauri/R02/audit-r18-t03-open/after-web-all-targets.meta.json
tests/post-verification-audit-seal.test.ts	1	artifacts/rust-tauri/R02/audit-r18-t03-open/cross-instance-unit.meta.json
tests/post-verification-audit-seal.test.ts	1	artifacts/rust-tauri/R02/audit-r18-t03-open/device-revoke-final.meta.json
tests/post-verification-audit-seal.test.ts	1	artifacts/rust-tauri/R02/audit-r18-t03-open/probe-ast.meta.json
tests/post-verification-audit-seal.test.ts	1	artifacts/rust-tauri/R02/audit-r18-t03-open/reader-drain-check.meta.json
tests/post-verification-audit-seal.test.ts	1	artifacts/rust-tauri/R02/audit-r18-t03-open/reader-final-check.meta.json
tests/post-verification-audit-seal.test.ts	1	artifacts/rust-tauri/R02/audit-r18-t03-open/reader-final-device.meta.json
tests/post-verification-audit-seal.test.ts	1	artifacts/rust-tauri/R02/audit-r18-t03-open/reader-final-web.meta.json
tests/post-verification-audit-seal.test.ts	1	artifacts/rust-tauri/R02/audit-r18-t03-open/reader-final-ws.meta.json
tests/post-verification-audit-seal.test.ts	1	artifacts/rust-tauri/R02/audit-r18-t03-open/t03-stable-check.meta.json
tests/post-verification-audit-seal.test.ts	1	artifacts/rust-tauri/R02/audit-r18-t03-open/t03-stable-clippy.meta.json
tests/post-verification-audit-seal.test.ts	1	artifacts/rust-tauri/R02/audit-r18-t03-open/t03-stable-device.meta.json
tests/post-verification-audit-seal.test.ts	1	artifacts/rust-tauri/R02/audit-r18-t03-open/t03-stable-web.meta.json
tests/post-verification-audit-seal.test.ts	1	artifacts/rust-tauri/R02/audit-r18-t03-open/t03-stable-ws.meta.json
tests/post-verification-audit-seal.test.ts	1	artifacts/rust-tauri/R02/audit-r18-t03-open/web-revoke-final.meta.json
tests/post-verification-audit-seal.test.ts	1	artifacts/rust-tauri/R02/audit-r18-t03-open/ws-final.meta.json
tests/post-verification-audit-seal.test.ts	1	artifacts/rust-tauri/R02/audit-r18-t03-open/ws-unit.meta.json
tests/post-verification-audit-seal.test.ts	1	artifacts/rust-tauri/R02/audit-r18/a16-e1-static-20260928.json
tests/post-verification-audit-seal.test.ts	1	artifacts/rust-tauri/R02/audit-r18/candidate-final-full-sha256.txt
tests/post-verification-audit-seal.test.ts	1	artifacts/rust-tauri/R02/audit-r18/candidate-final-status.txt
tests/post-verification-audit-seal.test.ts	1	artifacts/rust-tauri/R02/audit-r18/final-noport-1/build-client.json
tests/post-verification-audit-seal.test.ts	1	artifacts/rust-tauri/R02/audit-r18/final-noport-1/build-rust-service.json
tests/post-verification-audit-seal.test.ts	1	artifacts/rust-tauri/R02/audit-r18/final-noport-1/build-server-throwaway-rerun/record.json
tests/post-verification-audit-seal.test.ts	1	artifacts/rust-tauri/R02/audit-r18/final-noport-1/build-server.json
tests/post-verification-audit-seal.test.ts	1	artifacts/rust-tauri/R02/audit-r18/final-noport-1/build-shell-local/record.json
tests/post-verification-audit-seal.test.ts	1	artifacts/rust-tauri/R02/audit-r18/final-noport-1/cargo-check.json
tests/post-verification-audit-seal.test.ts	1	artifacts/rust-tauri/R02/audit-r18/final-noport-1/cargo-clippy.json
tests/post-verification-audit-seal.test.ts	1	artifacts/rust-tauri/R02/audit-r18/final-noport-1/cargo-fmt.json
tests/post-verification-audit-seal.test.ts	1	artifacts/rust-tauri/R02/audit-r18/final-noport-1/desktop-rust-helper.json
tests/post-verification-audit-seal.test.ts	1	artifacts/rust-tauri/R02/audit-r18/final-noport-1/electron-builder-final/record.json
tests/post-verification-audit-seal.test.ts	1	artifacts/rust-tauri/R02/audit-r18/final-noport-1/management-compile.json
tests/post-verification-audit-seal.test.ts	1	artifacts/rust-tauri/R02/audit-r18/final-noport-1/npm-typecheck.json
tests/post-verification-audit-seal.test.ts	1	artifacts/rust-tauri/R02/audit-r18/final-noport-1/rust-version.json
tests/post-verification-audit-seal.test.ts	1	artifacts/rust-tauri/R02/audit-r18/final-noport-1/source-after-sha256.txt
tests/post-verification-audit-seal.test.ts	1	artifacts/rust-tauri/R02/audit-r18/final-noport-1/source-before-sha256.txt
tests/post-verification-audit-seal.test.ts	1	artifacts/rust-tauri/R02/audit-r18/final-noport-1/static-web-compile.json
tests/post-verification-audit-seal.test.ts	1	artifacts/rust-tauri/R02/audit-r18/final-noport-1/summary.json
tests/post-verification-audit-seal.test.ts	1	artifacts/rust-tauri/R02/audit-r18/final-noport-1/targeted-vitest.json
tests/post-verification-audit-seal.test.ts	1	artifacts/rust-tauri/R02/audit-r18/final-noport-1/verify-rust-package.json
tests/post-verification-audit-seal.test.ts	1	artifacts/rust-tauri/R02/audit-r18/final-noport-1/xtask-unit.json
tests/post-verification-audit-seal.test.ts	1	artifacts/rust-tauri/R02/audit-r18/final-noport-2/build-client.json
tests/post-verification-audit-seal.test.ts	1	artifacts/rust-tauri/R02/audit-r18/final-noport-2/build-rust-service.json
tests/post-verification-audit-seal.test.ts	1	artifacts/rust-tauri/R02/audit-r18/final-noport-2/build-server-local-sign.json
tests/post-verification-audit-seal.test.ts	1	artifacts/rust-tauri/R02/audit-r18/final-noport-2/build-shell-local-structure.json
tests/post-verification-audit-seal.test.ts	1	artifacts/rust-tauri/R02/audit-r18/final-noport-2/cargo-check.json
tests/post-verification-audit-seal.test.ts	1	artifacts/rust-tauri/R02/audit-r18/final-noport-2/cargo-clippy.json
tests/post-verification-audit-seal.test.ts	1	artifacts/rust-tauri/R02/audit-r18/final-noport-2/cargo-fmt.json
tests/post-verification-audit-seal.test.ts	1	artifacts/rust-tauri/R02/audit-r18/final-noport-2/desktop-rust-helper.json
tests/post-verification-audit-seal.test.ts	1	artifacts/rust-tauri/R02/audit-r18/final-noport-2/local-keygen.json
tests/post-verification-audit-seal.test.ts	1	artifacts/rust-tauri/R02/audit-r18/final-noport-2/management-compile.json
tests/post-verification-audit-seal.test.ts	1	artifacts/rust-tauri/R02/audit-r18/final-noport-2/npm-typecheck.json
tests/post-verification-audit-seal.test.ts	1	artifacts/rust-tauri/R02/audit-r18/final-noport-2/rust-version.json
tests/post-verification-audit-seal.test.ts	1	artifacts/rust-tauri/R02/audit-r18/final-noport-2/source-after-sha256.txt
tests/post-verification-audit-seal.test.ts	1	artifacts/rust-tauri/R02/audit-r18/final-noport-2/source-before-sha256.txt
tests/post-verification-audit-seal.test.ts	1	artifacts/rust-tauri/R02/audit-r18/final-noport-2/static-web-compile.json
tests/post-verification-audit-seal.test.ts	1	artifacts/rust-tauri/R02/audit-r18/final-noport-2/summary.json
tests/post-verification-audit-seal.test.ts	1	artifacts/rust-tauri/R02/audit-r18/final-noport-2/targeted-vitest.json
tests/post-verification-audit-seal.test.ts	1	artifacts/rust-tauri/R02/audit-r18/final-noport-2/verify-rust-package.json
tests/post-verification-audit-seal.test.ts	1	artifacts/rust-tauri/R02/audit-r18/final-noport-2/xtask-unit.json
tests/post-verification-audit-seal.test.ts	1	artifacts/rust-tauri/R02/audit-r18/final-noport-runner.py
tests/post-verification-audit-seal.test.ts	1	artifacts/rust-tauri/R02/audit-r18/final_noport_2.py
tests/post-verification-audit-seal.test.ts	1	artifacts/rust-tauri/R02/audit-r18/freeze_candidate.py
tests/post-verification-audit-seal.test.ts	1	artifacts/rust-tauri/R02/audit-r18/local-one-time-credential-sha256.txt
tests/post-verification-audit-seal.test.ts	1	artifacts/rust-tauri/R02/audit-r18/local-sensitive-fixtures-sha256.txt
tests/post-verification-audit-seal.test.ts	1	artifacts/rust-tauri/R02/audit-r18/pre-to-final-diff.json
tests/post-verification-audit-seal.test.ts	1	artifacts/rust-tauri/R02/audit-r18/static-final.json
tests/post-verification-audit-seal.test.ts	1	artifacts/rust-tauri/R02/audit-r18/static_check_runner.py
tests/post-verification-audit-seal.test.ts	1	artifacts/rust-tauri/R02/cli-status-r18/final-guard/targeted.json
tests/post-verification-audit-seal.test.ts	1	artifacts/rust-tauri/R02/cli-status-r18/targeted.json
tests/post-verification-audit-seal.test.ts	1	artifacts/rust-tauri/R02/desktop-connection-r17/record.json
tests/post-verification-audit-seal.test.ts	1	artifacts/rust-tauri/R02/desktop-cors-r17/record-after-error-headers.json
tests/post-verification-audit-seal.test.ts	1	artifacts/rust-tauri/R02/desktop-cors-r17/record.json
tests/post-verification-audit-seal.test.ts	1	artifacts/rust-tauri/R02/desktop-ws-r17/record.json
tests/post-verification-audit-seal.test.ts	1	artifacts/rust-tauri/R02/fmt-r17/record.json
tests/post-verification-audit-seal.test.ts	1	artifacts/rust-tauri/R02/identity-r17/record-home-guard.json
tests/post-verification-audit-seal.test.ts	1	artifacts/rust-tauri/R02/identity-r17/record.json
tests/post-verification-audit-seal.test.ts	1	artifacts/rust-tauri/R02/lan-origin-r17/STATIC_STATUS.md
tests/post-verification-audit-seal.test.ts	1	artifacts/rust-tauri/R02/management-r17/qrcode-dependency-approved.meta
tests/post-verification-audit-seal.test.ts	1	artifacts/rust-tauri/R02/management-r17/qrcode-dependency-sandbox-failed.meta
tests/post-verification-audit-seal.test.ts	1	artifacts/rust-tauri/R02/management-r18/verification.md
tests/post-verification-audit-seal.test.ts	1	artifacts/rust-tauri/R02/management-r19/verification.md
tests/post-verification-audit-seal.test.ts	1	artifacts/rust-tauri/R02/management-r20/final-focused-end.txt
tests/post-verification-audit-seal.test.ts	1	artifacts/rust-tauri/R02/management-r20/final-focused-start.txt
tests/post-verification-audit-seal.test.ts	1	artifacts/rust-tauri/R02/management-r20/final-source-sha256-after.txt
tests/post-verification-audit-seal.test.ts	1	artifacts/rust-tauri/R02/management-r20/final-source-sha256.txt
tests/post-verification-audit-seal.test.ts	1	artifacts/rust-tauri/R02/management-r21/end-source-sha256.txt
tests/post-verification-audit-seal.test.ts	1	artifacts/rust-tauri/R02/management-r21/end-utc.txt
tests/post-verification-audit-seal.test.ts	1	artifacts/rust-tauri/R02/management-r21/start-source-sha256.txt
tests/post-verification-audit-seal.test.ts	1	artifacts/rust-tauri/R02/management-r21/start-utc.txt
tests/post-verification-audit-seal.test.ts	1	artifacts/rust-tauri/R02/management-r21/static-review.md
tests/post-verification-audit-seal.test.ts	1	artifacts/rust-tauri/R02/management-r21/verification.md
tests/post-verification-audit-seal.test.ts	1	artifacts/rust-tauri/R02/me-projection-r18/checks.json
tests/post-verification-audit-seal.test.ts	1	artifacts/rust-tauri/R02/me-projection-r18/management-no-run-after-me.json
tests/post-verification-audit-seal.test.ts	1	artifacts/rust-tauri/R02/me-projection-r18/xtask-embedded-map-after-dedicated.json
tests/post-verification-audit-seal.test.ts	1	artifacts/rust-tauri/R02/me-projection-r18/xtask-embedded-map.json
tests/post-verification-audit-seal.test.ts	1	artifacts/rust-tauri/R02/n06-windows-audit/N06_STATIC_REVIEW.md
tests/post-verification-audit-seal.test.ts	1	artifacts/rust-tauri/R02/n06-windows-audit/cargo-check-end-utc.txt
tests/post-verification-audit-seal.test.ts	1	artifacts/rust-tauri/R02/n06-windows-audit/cargo-check-start-sha256.txt
tests/post-verification-audit-seal.test.ts	1	artifacts/rust-tauri/R02/n06-windows-audit/cargo-check-start-utc.txt
tests/post-verification-audit-seal.test.ts	1	artifacts/rust-tauri/R02/n06-windows-audit/final-end-sha256.txt
tests/post-verification-audit-seal.test.ts	1	artifacts/rust-tauri/R02/n06-windows-audit/final-end-utc.txt
tests/post-verification-audit-seal.test.ts	1	artifacts/rust-tauri/R02/n06-windows-audit/final-start-sha256.txt
tests/post-verification-audit-seal.test.ts	1	artifacts/rust-tauri/R02/n06-windows-audit/final-start-utc.txt
tests/post-verification-audit-seal.test.ts	1	artifacts/rust-tauri/R02/n06-windows-audit/focused-end-sha256.txt
tests/post-verification-audit-seal.test.ts	1	artifacts/rust-tauri/R02/n06-windows-audit/focused-end-utc.txt
tests/post-verification-audit-seal.test.ts	1	artifacts/rust-tauri/R02/n06-windows-audit/focused-start-sha256.txt
tests/post-verification-audit-seal.test.ts	1	artifacts/rust-tauri/R02/n06-windows-audit/focused-start-utc.txt
tests/post-verification-audit-seal.test.ts	1	artifacts/rust-tauri/R02/n06-windows-audit/revised-end-sha256.txt
tests/post-verification-audit-seal.test.ts	1	artifacts/rust-tauri/R02/n06-windows-audit/revised-end-utc.txt
tests/post-verification-audit-seal.test.ts	1	artifacts/rust-tauri/R02/n06-windows-audit/revised-start-sha256.txt
tests/post-verification-audit-seal.test.ts	1	artifacts/rust-tauri/R02/n06-windows-audit/revised-start-utc.txt
tests/post-verification-audit-seal.test.ts	1	artifacts/rust-tauri/R02/n06-windows-audit/windows-target-end-sha256.txt
tests/post-verification-audit-seal.test.ts	1	artifacts/rust-tauri/R02/n06-windows-audit/windows-target-end-utc.txt
tests/post-verification-audit-seal.test.ts	1	artifacts/rust-tauri/R02/n06-windows-audit/windows-target-start-sha256.txt
tests/post-verification-audit-seal.test.ts	1	artifacts/rust-tauri/R02/n06-windows-audit/windows-target-start-utc.txt
tests/post-verification-audit-seal.test.ts	1	artifacts/rust-tauri/R02/r17-leaf-gate/access-route-probe-1/access-route-cases.json
tests/post-verification-audit-seal.test.ts	1	artifacts/rust-tauri/R02/r17-leaf-gate/access-route-probe-1/runs.txt
tests/post-verification-audit-seal.test.ts	1	artifacts/rust-tauri/R02/r17-leaf-gate/access-route-probe-1/source-sha256.txt
tests/post-verification-audit-seal.test.ts	1	artifacts/rust-tauri/R02/r17-leaf-gate/access-route-probe-2/access-route-cases.json
tests/post-verification-audit-seal.test.ts	1	artifacts/rust-tauri/R02/r17-leaf-gate/access-ui-probe-1/access-cases.json
tests/post-verification-audit-seal.test.ts	1	artifacts/rust-tauri/R02/r17-leaf-gate/access-ui-probe-2/access-cases.json
tests/post-verification-audit-seal.test.ts	1	artifacts/rust-tauri/R02/r17-leaf-gate/access-ui-probe-3/access-cases.json
tests/post-verification-audit-seal.test.ts	1	artifacts/rust-tauri/R02/r17-leaf-gate/access-ui-probe-4/access-cases.json
tests/post-verification-audit-seal.test.ts	1	artifacts/rust-tauri/R02/r17-leaf-gate/access-ui-probe-5/access-cases.json
tests/post-verification-audit-seal.test.ts	1	artifacts/rust-tauri/R02/r17-leaf-gate/access-ui-probe-5/source-sha256.txt
tests/post-verification-audit-seal.test.ts	1	artifacts/rust-tauri/R02/r17-leaf-gate/audit-map-targeted-1/summary.json
tests/post-verification-audit-seal.test.ts	1	artifacts/rust-tauri/R02/r17-leaf-gate/cli-rust-probe-1/cli-rust-cases.json
tests/post-verification-audit-seal.test.ts	1	artifacts/rust-tauri/R02/r17-leaf-gate/cli-rust-probe-2/cli-rust-cases.json
tests/post-verification-audit-seal.test.ts	1	artifacts/rust-tauri/R02/r17-leaf-gate/cli-rust-probe-2/sessions-empty-api.json
tests/post-verification-audit-seal.test.ts	1	artifacts/rust-tauri/R02/r17-leaf-gate/cli-rust-probe-2/sessions-fixture-ledger.json
tests/post-verification-audit-seal.test.ts	1	artifacts/rust-tauri/R02/r17-leaf-gate/cli-rust-probe-2/sessions-limit-api.json
tests/post-verification-audit-seal.test.ts	1	artifacts/rust-tauri/R02/r17-leaf-gate/cli-rust-probe-2/sessions-owner-api.json
tests/post-verification-audit-seal.test.ts	1	artifacts/rust-tauri/R02/r17-leaf-gate/client-probe-1-source-sha256.txt
tests/post-verification-audit-seal.test.ts	1	artifacts/rust-tauri/R02/r17-leaf-gate/client-probe-1/cli-help-exit0-no-start/home-after.json
tests/post-verification-audit-seal.test.ts	1	artifacts/rust-tauri/R02/r17-leaf-gate/client-probe-1/cli-help-exit0-no-start/home-before.json
tests/post-verification-audit-seal.test.ts	1	artifacts/rust-tauri/R02/r17-leaf-gate/client-probe-1/cli-serve-unknown-arg-exit1-no-start/home-after.json
tests/post-verification-audit-seal.test.ts	1	artifacts/rust-tauri/R02/r17-leaf-gate/client-probe-1/cli-serve-unknown-arg-exit1-no-start/home-before.json
tests/post-verification-audit-seal.test.ts	1	artifacts/rust-tauri/R02/r17-leaf-gate/client-probe-1/cli-unknown-arg-exit1-no-start/home-after.json
tests/post-verification-audit-seal.test.ts	1	artifacts/rust-tauri/R02/r17-leaf-gate/client-probe-1/cli-unknown-arg-exit1-no-start/home-before.json
tests/post-verification-audit-seal.test.ts	1	artifacts/rust-tauri/R02/r17-leaf-gate/client-probe-1/leaf-cases.json
tests/post-verification-audit-seal.test.ts	1	artifacts/rust-tauri/R02/r17-leaf-gate/client-probe-1/sharing-cases.json
tests/post-verification-audit-seal.test.ts	1	artifacts/rust-tauri/R02/r17-leaf-gate/client-probe-1/summary.json
tests/post-verification-audit-seal.test.ts	1	artifacts/rust-tauri/R02/r17-leaf-gate/client-probe-2-run.txt
tests/post-verification-audit-seal.test.ts	1	artifacts/rust-tauri/R02/r17-leaf-gate/client-probe-2-source-sha256.txt
tests/post-verification-audit-seal.test.ts	1	artifacts/rust-tauri/R02/r17-leaf-gate/client-probe-2/cli-help-exit0-no-start/home-after.json
tests/post-verification-audit-seal.test.ts	1	artifacts/rust-tauri/R02/r17-leaf-gate/client-probe-2/cli-help-exit0-no-start/home-before.json
tests/post-verification-audit-seal.test.ts	1	artifacts/rust-tauri/R02/r17-leaf-gate/client-probe-2/cli-serve-unknown-arg-exit1-no-start/home-after.json
tests/post-verification-audit-seal.test.ts	1	artifacts/rust-tauri/R02/r17-leaf-gate/client-probe-2/cli-serve-unknown-arg-exit1-no-start/home-before.json
tests/post-verification-audit-seal.test.ts	1	artifacts/rust-tauri/R02/r17-leaf-gate/client-probe-2/cli-unknown-arg-exit1-no-start/home-after.json
tests/post-verification-audit-seal.test.ts	1	artifacts/rust-tauri/R02/r17-leaf-gate/client-probe-2/cli-unknown-arg-exit1-no-start/home-before.json
tests/post-verification-audit-seal.test.ts	1	artifacts/rust-tauri/R02/r17-leaf-gate/client-probe-2/leaf-cases.json
tests/post-verification-audit-seal.test.ts	1	artifacts/rust-tauri/R02/r17-leaf-gate/client-probe-2/sharing-cases.json
tests/post-verification-audit-seal.test.ts	1	artifacts/rust-tauri/R02/r17-leaf-gate/client-probe-2/summary.json
tests/post-verification-audit-seal.test.ts	1	artifacts/rust-tauri/R02/r17-leaf-gate/client-probe-3-run.txt
tests/post-verification-audit-seal.test.ts	1	artifacts/rust-tauri/R02/r17-leaf-gate/client-probe-3-source-sha256.txt
tests/post-verification-audit-seal.test.ts	1	artifacts/rust-tauri/R02/r17-leaf-gate/client-probe-3/cli-help-exit0-no-start/home-after.json
tests/post-verification-audit-seal.test.ts	1	artifacts/rust-tauri/R02/r17-leaf-gate/client-probe-3/cli-help-exit0-no-start/home-before.json
tests/post-verification-audit-seal.test.ts	1	artifacts/rust-tauri/R02/r17-leaf-gate/client-probe-3/cli-serve-unknown-arg-exit1-no-start/home-after.json
tests/post-verification-audit-seal.test.ts	1	artifacts/rust-tauri/R02/r17-leaf-gate/client-probe-3/cli-serve-unknown-arg-exit1-no-start/home-before.json
tests/post-verification-audit-seal.test.ts	1	artifacts/rust-tauri/R02/r17-leaf-gate/client-probe-3/cli-unknown-arg-exit1-no-start/home-after.json
tests/post-verification-audit-seal.test.ts	1	artifacts/rust-tauri/R02/r17-leaf-gate/client-probe-3/cli-unknown-arg-exit1-no-start/home-before.json
tests/post-verification-audit-seal.test.ts	1	artifacts/rust-tauri/R02/r17-leaf-gate/client-probe-3/leaf-cases.json
tests/post-verification-audit-seal.test.ts	1	artifacts/rust-tauri/R02/r17-leaf-gate/client-probe-3/sharing-cases.json
tests/post-verification-audit-seal.test.ts	1	artifacts/rust-tauri/R02/r17-leaf-gate/client-probe-3/summary.json
tests/post-verification-audit-seal.test.ts	1	artifacts/rust-tauri/R02/r17-leaf-gate/client-probe-4-run.txt
tests/post-verification-audit-seal.test.ts	1	artifacts/rust-tauri/R02/r17-leaf-gate/client-probe-4-source-sha256.txt
tests/post-verification-audit-seal.test.ts	1	artifacts/rust-tauri/R02/r17-leaf-gate/client-probe-4/cli-help-exit0-no-start/home-after.json
tests/post-verification-audit-seal.test.ts	1	artifacts/rust-tauri/R02/r17-leaf-gate/client-probe-4/cli-help-exit0-no-start/home-before.json
tests/post-verification-audit-seal.test.ts	1	artifacts/rust-tauri/R02/r17-leaf-gate/client-probe-4/cli-serve-unknown-arg-exit1-no-start/home-after.json
tests/post-verification-audit-seal.test.ts	1	artifacts/rust-tauri/R02/r17-leaf-gate/client-probe-4/cli-serve-unknown-arg-exit1-no-start/home-before.json
tests/post-verification-audit-seal.test.ts	1	artifacts/rust-tauri/R02/r17-leaf-gate/client-probe-4/cli-unknown-arg-exit1-no-start/home-after.json
tests/post-verification-audit-seal.test.ts	1	artifacts/rust-tauri/R02/r17-leaf-gate/client-probe-4/cli-unknown-arg-exit1-no-start/home-before.json
tests/post-verification-audit-seal.test.ts	1	artifacts/rust-tauri/R02/r17-leaf-gate/client-probe-4/leaf-cases.json
tests/post-verification-audit-seal.test.ts	1	artifacts/rust-tauri/R02/r17-leaf-gate/client-probe-4/sharing-cases.json
tests/post-verification-audit-seal.test.ts	1	artifacts/rust-tauri/R02/r17-leaf-gate/client-probe-4/summary.json
tests/post-verification-audit-seal.test.ts	1	artifacts/rust-tauri/R02/r17-leaf-gate/client-probe-5/cli-help-exit0-no-start/home-after.json
tests/post-verification-audit-seal.test.ts	1	artifacts/rust-tauri/R02/r17-leaf-gate/client-probe-5/cli-help-exit0-no-start/home-before.json
tests/post-verification-audit-seal.test.ts	1	artifacts/rust-tauri/R02/r17-leaf-gate/client-probe-5/cli-serve-unknown-arg-exit1-no-start/home-after.json
tests/post-verification-audit-seal.test.ts	1	artifacts/rust-tauri/R02/r17-leaf-gate/client-probe-5/cli-serve-unknown-arg-exit1-no-start/home-before.json
tests/post-verification-audit-seal.test.ts	1	artifacts/rust-tauri/R02/r17-leaf-gate/client-probe-5/cli-unknown-arg-exit1-no-start/home-after.json
tests/post-verification-audit-seal.test.ts	1	artifacts/rust-tauri/R02/r17-leaf-gate/client-probe-5/cli-unknown-arg-exit1-no-start/home-before.json
tests/post-verification-audit-seal.test.ts	1	artifacts/rust-tauri/R02/r17-leaf-gate/client-probe-5/leaf-cases.json
tests/post-verification-audit-seal.test.ts	1	artifacts/rust-tauri/R02/r17-leaf-gate/client-probe-5/sharing-cases.json
tests/post-verification-audit-seal.test.ts	1	artifacts/rust-tauri/R02/r17-leaf-gate/client-probe-5/summary.json
tests/post-verification-audit-seal.test.ts	1	artifacts/rust-tauri/R02/r17-leaf-gate/desktop-ws-targeted-1/summary.json
tests/post-verification-audit-seal.test.ts	1	artifacts/rust-tauri/R02/r17-leaf-gate/desktop-ws-targeted-2/summary.json
tests/post-verification-audit-seal.test.ts	1	artifacts/rust-tauri/R02/r17-leaf-gate/desktop-ws-targeted-3/summary.json
tests/post-verification-audit-seal.test.ts	1	artifacts/rust-tauri/R02/r17-leaf-gate/desktop-ws-targeted-4/summary.json
tests/post-verification-audit-seal.test.ts	1	artifacts/rust-tauri/R02/r17-leaf-gate/desktop-ws-targeted-5/summary.json
tests/post-verification-audit-seal.test.ts	1	artifacts/rust-tauri/R02/r17-leaf-gate/desktop-ws-targeted-6/summary.json
tests/post-verification-audit-seal.test.ts	1	artifacts/rust-tauri/R02/r17-leaf-gate/desktop-ws-targeted-7/summary.json
tests/post-verification-audit-seal.test.ts	1	artifacts/rust-tauri/R02/r17-leaf-gate/desktop-ws-targeted-8/summary.json
tests/post-verification-audit-seal.test.ts	1	artifacts/rust-tauri/R02/r17-leaf-gate/desktop-ws-typecheck-1/summary.json
tests/post-verification-audit-seal.test.ts	1	artifacts/rust-tauri/R02/r17-leaf-gate/desktop-ws-typecheck-2/summary.json
tests/post-verification-audit-seal.test.ts	1	artifacts/rust-tauri/R02/r17-leaf-gate/desktop-ws-typecheck-3/summary.json
tests/post-verification-audit-seal.test.ts	1	artifacts/rust-tauri/R02/r17-leaf-gate/desktop-ws-typecheck-4/summary.json
tests/post-verification-audit-seal.test.ts	1	artifacts/rust-tauri/R02/r17-leaf-gate/desktop-ws-typecheck-5/summary.json
tests/post-verification-audit-seal.test.ts	1	artifacts/rust-tauri/R02/r17-leaf-gate/latest-client-gate-sha256.txt
tests/post-verification-audit-seal.test.ts	1	artifacts/rust-tauri/R02/r17-leaf-gate/management-audit-negative-compile-1/summary.json
tests/post-verification-audit-seal.test.ts	1	artifacts/rust-tauri/R02/r17-leaf-gate/management-audit-negative-compile-2/summary.json
tests/post-verification-audit-seal.test.ts	1	artifacts/rust-tauri/R02/r17-leaf-gate/management-audit-negative-compile-3/summary.json
tests/post-verification-audit-seal.test.ts	1	artifacts/rust-tauri/R02/r17-leaf-gate/management-probe-1/summary.json
tests/post-verification-audit-seal.test.ts	1	artifacts/rust-tauri/R02/r17-leaf-gate/management-probe-2/summary.json
tests/post-verification-audit-seal.test.ts	1	artifacts/rust-tauri/R02/r17-leaf-gate/management-probe-3/management-cases.json
tests/post-verification-audit-seal.test.ts	1	artifacts/rust-tauri/R02/r17-leaf-gate/management-probe-3/summary.json
tests/post-verification-audit-seal.test.ts	1	artifacts/rust-tauri/R02/r17-leaf-gate/management-probe-4/summary.json
tests/post-verification-audit-seal.test.ts	1	artifacts/rust-tauri/R02/r17-leaf-gate/management-probe-5/summary.json
tests/post-verification-audit-seal.test.ts	1	artifacts/rust-tauri/R02/r17-leaf-gate/post-fmt-static-1/summary.json
tests/post-verification-audit-seal.test.ts	1	artifacts/rust-tauri/R02/r17-leaf-gate/pretest-client-closure-sha256.txt
tests/post-verification-audit-seal.test.ts	1	artifacts/rust-tauri/R02/r17-leaf-gate/pretest-source-sha256.txt
tests/post-verification-audit-seal.test.ts	1	artifacts/rust-tauri/R02/r17-leaf-gate/pretest2-source-sha256.txt
tests/post-verification-audit-seal.test.ts	1	artifacts/rust-tauri/R02/r17-leaf-gate/sharing-probe-1/sharing-cases.json
tests/post-verification-audit-seal.test.ts	1	artifacts/rust-tauri/R02/r17-leaf-gate/sharing-probe-1/source-sha256.txt
tests/post-verification-audit-seal.test.ts	1	artifacts/rust-tauri/R02/r17-leaf-gate/sharing-probe-2/sharing-cases.json
tests/post-verification-audit-seal.test.ts	1	artifacts/rust-tauri/R02/r17-leaf-gate/xtask-test-client-closure-runs.txt
tests/post-verification-audit-seal.test.ts	1	artifacts/rust-tauri/R02/r17-leaf-gate/xtask-test-escalated-run.txt
tests/post-verification-audit-seal.test.ts	1	artifacts/rust-tauri/R02/r17-leaf-gate/xtask-test-final-map-note-run.txt
tests/post-verification-audit-seal.test.ts	1	artifacts/rust-tauri/R02/r17-leaf-gate/xtask-test-run.txt
tests/post-verification-audit-seal.test.ts	1	artifacts/rust-tauri/R02/r17-n02-n03-desktop/no-port-1/aux-clients.status
tests/post-verification-audit-seal.test.ts	1	artifacts/rust-tauri/R02/r17-n02-n03-desktop/no-port-1/onboarding-rerun.status
tests/post-verification-audit-seal.test.ts	1	artifacts/rust-tauri/R02/r17-n02-n03-desktop/no-port-1/syntax-helper.status
tests/post-verification-audit-seal.test.ts	1	artifacts/rust-tauri/R02/r17-n02-n03-desktop/no-port-1/targeted-3.status
tests/post-verification-audit-seal.test.ts	1	artifacts/rust-tauri/R02/r17-n02-n03-desktop/no-port-1/targeted-4.status
tests/post-verification-audit-seal.test.ts	1	artifacts/rust-tauri/R02/r17-n02-n03-desktop/no-port-1/targeted-rerun.status
tests/post-verification-audit-seal.test.ts	1	artifacts/rust-tauri/R02/r17-n02-n03-desktop/no-port-1/targeted.status
tests/post-verification-audit-seal.test.ts	1	artifacts/rust-tauri/R02/r17-n02-n03-desktop/no-port-1/typecheck-3.status
tests/post-verification-audit-seal.test.ts	1	artifacts/rust-tauri/R02/r17-n02-n03-desktop/no-port-1/typecheck-rerun.status
tests/post-verification-audit-seal.test.ts	1	artifacts/rust-tauri/R02/r17-n02-n03-desktop/no-port-1/typecheck.status
tests/post-verification-audit-seal.test.ts	1	artifacts/rust-tauri/R02/r17-n02-n03-desktop/no-port-final/checks.status
tests/post-verification-audit-seal.test.ts	1	artifacts/rust-tauri/R02/r17-n02-n03-desktop/no-port-final/final.status
tests/post-verification-audit-seal.test.ts	1	artifacts/rust-tauri/R02/r17-n02-n03-desktop/no-port-final/main-syntax-final.status
tests/post-verification-audit-seal.test.ts	1	artifacts/rust-tauri/R02/r17-n02-n03-desktop/no-port-final/main-syntax-rerun.status
tests/post-verification-audit-seal.test.ts	1	artifacts/rust-tauri/R02/r17-n02-n03-desktop/no-port-final/source-manifest.json
tests/post-verification-audit-seal.test.ts	1	artifacts/rust-tauri/R02/r17-n02-n03-desktop/no-port-final/targeted-rerun.status
tests/post-verification-audit-seal.test.ts	1	artifacts/rust-tauri/R02/r17-n02-n03-desktop/no-port-final/typecheck-rerun.status
tests/post-verification-audit-seal.test.ts	1	artifacts/rust-tauri/R02/r17-rust-desktop-package/no-port-final-1/record.json
tests/post-verification-audit-seal.test.ts	1	artifacts/rust-tauri/R02/r17-rust-desktop-package/package-structure-1/record.json
tests/post-verification-audit-seal.test.ts	1	artifacts/rust-tauri/R02/r17-rust-desktop-package/pinned-candidate-1/record.json
tests/post-verification-audit-seal.test.ts	1	artifacts/rust-tauri/R02/r17-rust-desktop-package/pinned-candidate-1b-noport/record.json
tests/post-verification-audit-seal.test.ts	1	artifacts/rust-tauri/R02/r18-gate-binding-followup/RESULT.md
tests/post-verification-audit-seal.test.ts	1	artifacts/rust-tauri/R02/r18-gate-binding-followup/candidate-tests-final.json
tests/post-verification-audit-seal.test.ts	1	artifacts/rust-tauri/R02/r18-gate-binding-followup/check-1.json
tests/post-verification-audit-seal.test.ts	1	artifacts/rust-tauri/R02/r18-gate-binding-followup/check-2.json
tests/post-verification-audit-seal.test.ts	1	artifacts/rust-tauri/R02/r18-gate-binding-followup/check-final-a.json
tests/post-verification-audit-seal.test.ts	1	artifacts/rust-tauri/R02/r18-gate-binding-followup/check-final-b.json
tests/post-verification-audit-seal.test.ts	1	artifacts/rust-tauri/R02/r18-gate-binding-followup/check-final-c.json
tests/post-verification-audit-seal.test.ts	1	artifacts/rust-tauri/R02/r18-gate-binding-followup/check-windows-dep-lock.json
tests/post-verification-audit-seal.test.ts	1	artifacts/rust-tauri/R02/r18-gate-binding-followup/clippy-final-a.json
tests/post-verification-audit-seal.test.ts	1	artifacts/rust-tauri/R02/r18-gate-binding-followup/clippy-final-b.json
tests/post-verification-audit-seal.test.ts	1	artifacts/rust-tauri/R02/r18-gate-binding-followup/clippy-final-c.json
tests/post-verification-audit-seal.test.ts	1	artifacts/rust-tauri/R02/r18-gate-binding-followup/diff-check-final.json
tests/post-verification-audit-seal.test.ts	1	artifacts/rust-tauri/R02/r18-gate-binding-followup/fmt-apply-1.json
tests/post-verification-audit-seal.test.ts	1	artifacts/rust-tauri/R02/r18-gate-binding-followup/fmt-apply-2.json
tests/post-verification-audit-seal.test.ts	1	artifacts/rust-tauri/R02/r18-gate-binding-followup/fmt-apply-3.json
tests/post-verification-audit-seal.test.ts	1	artifacts/rust-tauri/R02/r18-gate-binding-followup/fmt-apply-4.json
tests/post-verification-audit-seal.test.ts	1	artifacts/rust-tauri/R02/r18-gate-binding-followup/fmt-apply-5.json
tests/post-verification-audit-seal.test.ts	1	artifacts/rust-tauri/R02/r18-gate-binding-followup/fmt-apply-6.json
tests/post-verification-audit-seal.test.ts	1	artifacts/rust-tauri/R02/r18-gate-binding-followup/fmt-final-a.json
tests/post-verification-audit-seal.test.ts	1	artifacts/rust-tauri/R02/r18-gate-binding-followup/fmt-final-c.json
tests/post-verification-audit-seal.test.ts	1	artifacts/rust-tauri/R02/r18-gate-binding-followup/fmt-xtask-final.json
tests/post-verification-audit-seal.test.ts	1	artifacts/rust-tauri/R02/r18-gate-binding-followup/internal-error-tests-final.json
tests/post-verification-audit-seal.test.ts	1	artifacts/rust-tauri/R02/r18-gate-binding-followup/log-error-test-final.json
tests/post-verification-audit-seal.test.ts	1	artifacts/rust-tauri/R02/r18-gate-binding-followup/run_check.py
tests/post-verification-audit-seal.test.ts	1	artifacts/rust-tauri/R02/r18-gate-binding-followup/runner-identity-tests-final.json
tests/post-verification-audit-seal.test.ts	1	artifacts/rust-tauri/R02/r18-gate-binding-followup/spawn-error-test-final.json
tests/post-verification-audit-seal.test.ts	1	artifacts/rust-tauri/R02/r18-gate-binding-followup/xtask-test-1.json
tests/post-verification-audit-seal.test.ts	1	artifacts/rust-tauri/R02/r18-gate-binding-followup/xtask-test-2.json
tests/post-verification-audit-seal.test.ts	1	artifacts/rust-tauri/R02/r18-gate-binding-followup/xtask-test-3.json
tests/post-verification-audit-seal.test.ts	1	artifacts/rust-tauri/R02/r18-gate-binding-followup/xtask-test-final-a.json
tests/post-verification-audit-seal.test.ts	1	artifacts/rust-tauri/R02/r18-gate-binding-followup/xtask-test-final-b.json
tests/post-verification-audit-seal.test.ts	1	artifacts/rust-tauri/R02/r18-gate-binding-followup/xtask-test-final-c.json
tests/post-verification-audit-seal.test.ts	1	artifacts/rust-tauri/R02/r18-gate-binding/RESULT.md
tests/post-verification-audit-seal.test.ts	1	artifacts/rust-tauri/R02/r18-gate-binding/diff-check.json
tests/post-verification-audit-seal.test.ts	1	artifacts/rust-tauri/R02/r18-gate-binding/fmt-after-hardening.json
tests/post-verification-audit-seal.test.ts	1	artifacts/rust-tauri/R02/r18-gate-binding/fmt-apply-final3.json
tests/post-verification-audit-seal.test.ts	1	artifacts/rust-tauri/R02/r18-gate-binding/fmt-apply.json
tests/post-verification-audit-seal.test.ts	1	artifacts/rust-tauri/R02/r18-gate-binding/fmt-final.json
tests/post-verification-audit-seal.test.ts	1	artifacts/rust-tauri/R02/r18-gate-binding/fmt-final2.json
tests/post-verification-audit-seal.test.ts	1	artifacts/rust-tauri/R02/r18-gate-binding/fmt-final3.json
tests/post-verification-audit-seal.test.ts	1	artifacts/rust-tauri/R02/r18-gate-binding/fmt-final4.json
tests/post-verification-audit-seal.test.ts	1	artifacts/rust-tauri/R02/r18-gate-binding/fmt-first.json
tests/post-verification-audit-seal.test.ts	1	artifacts/rust-tauri/R02/r18-gate-binding/run_check.py
tests/post-verification-audit-seal.test.ts	1	artifacts/rust-tauri/R02/r18-gate-binding/xtask-check-final.json
tests/post-verification-audit-seal.test.ts	1	artifacts/rust-tauri/R02/r18-gate-binding/xtask-check-final2.json
tests/post-verification-audit-seal.test.ts	1	artifacts/rust-tauri/R02/r18-gate-binding/xtask-check-final3.json
tests/post-verification-audit-seal.test.ts	1	artifacts/rust-tauri/R02/r18-gate-binding/xtask-check-final4.json
tests/post-verification-audit-seal.test.ts	1	artifacts/rust-tauri/R02/r18-gate-binding/xtask-clippy-final.json
tests/post-verification-audit-seal.test.ts	1	artifacts/rust-tauri/R02/r18-gate-binding/xtask-clippy-final2.json
tests/post-verification-audit-seal.test.ts	1	artifacts/rust-tauri/R02/r18-gate-binding/xtask-clippy-final3.json
tests/post-verification-audit-seal.test.ts	1	artifacts/rust-tauri/R02/r18-gate-binding/xtask-clippy-final4.json
tests/post-verification-audit-seal.test.ts	1	artifacts/rust-tauri/R02/r18-gate-binding/xtask-test-final.json
tests/post-verification-audit-seal.test.ts	1	artifacts/rust-tauri/R02/r18-gate-binding/xtask-test-final2.json
tests/post-verification-audit-seal.test.ts	1	artifacts/rust-tauri/R02/r18-gate-binding/xtask-test-final3.json
tests/post-verification-audit-seal.test.ts	1	artifacts/rust-tauri/R02/r18-gate-binding/xtask-test-final4.json
tests/post-verification-audit-seal.test.ts	1	artifacts/rust-tauri/R02/r18-gate-binding/xtask-test-hardening.json
tests/post-verification-audit-seal.test.ts	1	artifacts/rust-tauri/R02/r18-mac-body-binding-noport-1/record.json
tests/post-verification-audit-seal.test.ts	1	artifacts/rust-tauri/R02/r18-mac-body-binding-real-sign-1/record.json
tests/post-verification-audit-seal.test.ts	1	artifacts/rust-tauri/R02/r18-mac-body-binding-real-sign-2/record.json
tests/post-verification-audit-seal.test.ts	1	artifacts/rust-tauri/R02/r18-mac-sign-content-1/record.json
tests/post-verification-audit-seal.test.ts	1	artifacts/rust-tauri/R02/r18-mobile-routing-noport-1/record.json
tests/post-verification-audit-seal.test.ts	1	artifacts/rust-tauri/R02/r18-mobile-settings-noport-1/record.json
tests/post-verification-audit-seal.test.ts	1	artifacts/rust-tauri/R02/r18-mobile-settings-noport-2/record.json
tests/post-verification-audit-seal.test.ts	1	artifacts/rust-tauri/R02/r18-seven-client-leaf-static-final/record.json
tests/post-verification-audit-seal.test.ts	1	artifacts/rust-tauri/R02/r18-windows-consumer-followup/RESULT.md
tests/post-verification-audit-seal.test.ts	1	artifacts/rust-tauri/R02/r18-windows-consumer-followup/cli-bundle.mjs
tests/post-verification-audit-seal.test.ts	1	artifacts/rust-tauri/R02/r18-windows-consumer-followup/noport-final/cli-bundle.mjs
tests/post-verification-audit-seal.test.ts	1	artifacts/rust-tauri/R02/r18-windows-consumer-followup/noport-final/summary.json
tests/post-verification-audit-seal.test.ts	1	artifacts/rust-tauri/R02/r18-windows-consumer-followup/run_noport.py
tests/post-verification-audit-seal.test.ts	1	artifacts/rust-tauri/R02/r18-windows-consumer-followup/summary.json
tests/post-verification-audit-seal.test.ts	1	artifacts/rust-tauri/R02/r18-windows-consumer/RESULT.md
tests/post-verification-audit-seal.test.ts	1	artifacts/rust-tauri/R02/r18-windows-consumer/noport-final-2/summary.json
tests/post-verification-audit-seal.test.ts	1	artifacts/rust-tauri/R02/r18-windows-consumer/noport-final/summary.json
tests/post-verification-audit-seal.test.ts	1	artifacts/rust-tauri/R02/r18-windows-consumer/run_noport.py
tests/post-verification-audit-seal.test.ts	1	artifacts/rust-tauri/R02/t03-root-fixes-r17/auth-matrix-no-run.meta
tests/post-verification-audit-seal.test.ts	1	artifacts/rust-tauri/R02/t03-root-fixes-r17/auth-matrix-rerun.meta
tests/post-verification-audit-seal.test.ts	1	artifacts/rust-tauri/R02/t03-root-fixes-r17/auth-matrix.meta
tests/post-verification-audit-seal.test.ts	1	artifacts/rust-tauri/R02/t03-root-fixes-r17/auth-unit-rerun.meta
tests/post-verification-audit-seal.test.ts	1	artifacts/rust-tauri/R02/t03-root-fixes-r17/auth-unit.meta
tests/post-verification-audit-seal.test.ts	1	artifacts/rust-tauri/R02/t03-root-fixes-r17/candidate-before-auth-matrix-no-run.sha256
tests/post-verification-audit-seal.test.ts	1	artifacts/rust-tauri/R02/t03-root-fixes-r17/candidate-before-auth-matrix-rerun.sha256
tests/post-verification-audit-seal.test.ts	1	artifacts/rust-tauri/R02/t03-root-fixes-r17/candidate-before-auth-matrix.sha256
tests/post-verification-audit-seal.test.ts	1	artifacts/rust-tauri/R02/t03-root-fixes-r17/candidate-before-auth-unit-rerun.sha256
tests/post-verification-audit-seal.test.ts	1	artifacts/rust-tauri/R02/t03-root-fixes-r17/candidate-before-auth-unit.sha256
tests/post-verification-audit-seal.test.ts	1	artifacts/rust-tauri/R02/t03-root-fixes-r17/candidate-before-single-diagnostic.sha256
tests/post-verification-audit-seal.test.ts	1	artifacts/rust-tauri/R02/t03-root-fixes-r17/candidate-before-ws-unit.sha256
tests/post-verification-audit-seal.test.ts	1	artifacts/rust-tauri/R02/t03-root-fixes-r17/fmt-check.meta
tests/post-verification-audit-seal.test.ts	1	artifacts/rust-tauri/R02/t03-root-fixes-r17/own-rustfmt-final-rerun.meta
tests/post-verification-audit-seal.test.ts	1	artifacts/rust-tauri/R02/t03-root-fixes-r17/own-rustfmt-final.meta
tests/post-verification-audit-seal.test.ts	1	artifacts/rust-tauri/R02/t03-root-fixes-r17/own-rustfmt.meta
tests/post-verification-audit-seal.test.ts	1	artifacts/rust-tauri/R02/t03-root-fixes-r17/single-diagnostic.meta
tests/post-verification-audit-seal.test.ts	1	artifacts/rust-tauri/R02/t03-root-fixes-r17/ws-unit.meta
tests/post-verification-audit-seal.test.ts	1	artifacts/rust-tauri/R02/t04-f05-r17/candidate-before-http-no-run.sha256
tests/post-verification-audit-seal.test.ts	1	artifacts/rust-tauri/R02/t04-f05-r17/candidate-before-mapper-unit.sha256
tests/post-verification-audit-seal.test.ts	1	artifacts/rust-tauri/R02/t04-f05-r17/http-no-run.meta
tests/post-verification-audit-seal.test.ts	1	artifacts/rust-tauri/R02/t04-f05-r17/mapper-unit.meta
tests/post-verification-audit-seal.test.ts	1	artifacts/rust-tauri/R02/t04-f05-r17/rustfmt.meta
tests/post-verification-audit-seal.test.ts	1	artifacts/rust-tauri/R02/t04-live-fault-r17/STATIC_STATUS.md
tests/post-verification-audit-seal.test.ts	1	artifacts/rust-tauri/R02/web-session-r18/management-no-run.json
tests/post-verification-audit-seal.test.ts	1	artifacts/rust-tauri/R02/web-session-r18/xtask-dual-stage.json
tests/post-verification-audit-seal.test.ts	1	artifacts/rust-tauri/R02/web-session-r18/xtask-embedded-map.json
tests/post-verification-audit-seal.test.ts	1	artifacts/rust-tauri/R02/windows-acl-r18/WINDOWS_ACL_STATIC_CHECK.md
tests/post-verification-audit-seal.test.ts	1	artifacts/rust-tauri/R02/windows-acl-r18/adapters-backup-final.meta.txt
tests/post-verification-audit-seal.test.ts	1	artifacts/rust-tauri/R02/windows-acl-r18/final-check.meta.txt
tests/post-verification-audit-seal.test.ts	1	artifacts/rust-tauri/R02/windows-acl-r18/final-source-sha256.txt
tests/post-verification-audit-seal.test.ts	1	artifacts/rust-tauri/R02/windows-acl-r18/final-targeted.meta.txt
tests/post-verification-audit-seal.test.ts	1	artifacts/rust-tauri/R02/windows-acl-r18/host-check-final.exit.txt
tests/post-verification-audit-seal.test.ts	1	artifacts/rust-tauri/R02/windows-acl-r18/host-check-revised.exit.txt
tests/post-verification-audit-seal.test.ts	1	artifacts/rust-tauri/R02/windows-acl-r18/host-check.meta.txt
tests/post-verification-audit-seal.test.ts	1	artifacts/rust-tauri/R02/windows-acl-r18/host-targeted-tests-rerun.meta.txt
tests/post-verification-audit-seal.test.ts	1	artifacts/rust-tauri/R02/windows-acl-r18/host-targeted-tests.meta.txt
tests/post-verification-audit-seal.test.ts	1	artifacts/rust-tauri/R02/windows-acl-r18/rustfmt-check.exit.txt
tests/post-verification-audit-seal.test.ts	1	artifacts/rust-tauri/R02/windows-acl-r18/rustup-1981-check.meta.txt
tests/post-verification-audit-seal.test.ts	1	artifacts/rust-tauri/R02/windows-acl-r18/rustup-1981-final-source-sha256.txt
tests/post-verification-audit-seal.test.ts	1	artifacts/rust-tauri/R02/windows-acl-r18/rustup-1981-final.meta.txt
tests/post-verification-audit-seal.test.ts	1	artifacts/rust-tauri/R02/windows-acl-r18/rustup-1981-fmt-check.exit.txt
tests/post-verification-audit-seal.test.ts	1	artifacts/rust-tauri/R02/windows-acl-r18/rustup-1981-targeted.meta.txt
tests/post-verification-audit-seal.test.ts	1	artifacts/rust-tauri/R02/windows-acl-r18/rustup-1981-version.txt
tests/post-verification-audit-seal.test.ts	1	artifacts/rust-tauri/R02/windows-acl-r18/service-paths-final.meta.txt
tests/post-verification-audit-seal.test.ts	1	artifacts/rust-tauri/R02/windows-acl-r18/windows-sys-0612-api-signatures-final.txt
tests/post-verification-audit-seal.test.ts	1	artifacts/rust-tauri/R02/windows-acl-r18/windows-sys-0612-api-signatures.txt
tests/post-verification-audit-seal.test.ts	1	artifacts/rust-tauri/R02/windows-acl-r18/windows-sys-0612-constants-final.txt
tests/post-verification-audit-seal.test.ts	1	artifacts/rust-tauri/R02/windows-acl-r18/windows-sys-0612-constants.txt
tests/post-verification-audit-seal.test.ts	1	build/shell-surface-manifest.json
tests/post-verification-audit-seal.test.ts	1	cli/args.ts
tests/post-verification-audit-seal.test.ts	1	cli/chat.ts
tests/post-verification-audit-seal.test.ts	1	cli/entry.ts
tests/post-verification-audit-seal.test.ts	1	cli/rust-service.ts
tests/post-verification-audit-seal.test.ts	1	cli/server-runner.ts
tests/post-verification-audit-seal.test.ts	1	desktop/main.cjs
tests/post-verification-audit-seal.test.ts	1	desktop/preload.cjs
tests/post-verification-audit-seal.test.ts	1	desktop/src/locales/en.json
tests/post-verification-audit-seal.test.ts	1	desktop/src/locales/ja.json
tests/post-verification-audit-seal.test.ts	1	desktop/src/locales/ko.json
tests/post-verification-audit-seal.test.ts	1	desktop/src/locales/zh-TW.json
tests/post-verification-audit-seal.test.ts	1	desktop/src/locales/zh.json
tests/post-verification-audit-seal.test.ts	1	desktop/src/react/__tests__/app-init.test.ts
tests/post-verification-audit-seal.test.ts	1	desktop/src/react/__tests__/components/R02StatusBar.test.tsx
tests/post-verification-audit-seal.test.ts	1	desktop/src/react/__tests__/components/composer-send.transaction.test.ts
tests/post-verification-audit-seal.test.ts	1	desktop/src/react/__tests__/mobile/MobileApp.test.tsx
tests/post-verification-audit-seal.test.ts	1	desktop/src/react/__tests__/mobile/R02MobileSessionResponse.test.ts
tests/post-verification-audit-seal.test.ts	1	desktop/src/react/__tests__/services/R02RustWebSocket.test.ts
tests/post-verification-audit-seal.test.ts	1	desktop/src/react/__tests__/services/server-connection.test.ts
tests/post-verification-audit-seal.test.ts	1	desktop/src/react/__tests__/settings/SettingsContent.test.tsx
tests/post-verification-audit-seal.test.ts	1	desktop/src/react/app-init.ts
tests/post-verification-audit-seal.test.ts	1	desktop/src/react/components/StatusBar.tsx
tests/post-verification-audit-seal.test.ts	1	desktop/src/react/components/input/composer-send.ts
tests/post-verification-audit-seal.test.ts	1	desktop/src/react/mobile/MobileApp.tsx
tests/post-verification-audit-seal.test.ts	1	desktop/src/react/mobile/mobile-init.ts
tests/post-verification-audit-seal.test.ts	1	desktop/src/react/onboarding/OnboardingApp.tsx
tests/post-verification-audit-seal.test.ts	1	desktop/src/react/onboarding/__tests__/OnboardingApp.test.tsx
tests/post-verification-audit-seal.test.ts	1	desktop/src/react/quick-chat/QuickChatApp.tsx
tests/post-verification-audit-seal.test.ts	1	desktop/src/react/services/server-connection.ts
tests/post-verification-audit-seal.test.ts	1	desktop/src/react/services/websocket.ts
tests/post-verification-audit-seal.test.ts	1	desktop/src/react/settings/SettingsContent.tsx
tests/post-verification-audit-seal.test.ts	1	desktop/src/react/settings/__tests__/R02AccessCredentialLeaf.test.tsx
tests/post-verification-audit-seal.test.ts	1	desktop/src/react/settings/__tests__/R02AccessRoute.test.tsx
tests/post-verification-audit-seal.test.ts	1	desktop/src/react/settings/__tests__/R02SharingLeaf.test.tsx
tests/post-verification-audit-seal.test.ts	1	desktop/src/react/settings/__tests__/SettingsContent.test.tsx
tests/post-verification-audit-seal.test.ts	1	desktop/src/react/settings/api.ts
tests/post-verification-audit-seal.test.ts	1	desktop/src/react/settings/store.ts
tests/post-verification-audit-seal.test.ts	1	desktop/src/react/settings/tabs/AccessTab.tsx
tests/post-verification-audit-seal.test.ts	1	desktop/src/react/settings/tabs/SharingTab.tsx
tests/post-verification-audit-seal.test.ts	1	desktop/src/react/stores/connection-slice.ts
tests/post-verification-audit-seal.test.ts	1	desktop/src/react/types.ts
tests/post-verification-audit-seal.test.ts	1	desktop/src/shared/artifact-boot.cjs
tests/post-verification-audit-seal.test.ts	1	desktop/src/shared/artifact-ota.cjs
tests/post-verification-audit-seal.test.ts	1	desktop/src/shared/private-server-artifact.cjs
tests/post-verification-audit-seal.test.ts	1	desktop/src/shared/rust-local-service.cjs
tests/post-verification-audit-seal.test.ts	1	docs/README.md
tests/post-verification-audit-seal.test.ts	1	docs/rust-tauri/ORCHESTRATOR_PROGRESS.json
tests/post-verification-audit-seal.test.ts	1	docs/rust-tauri/R01/DEPENDENCY_RULES.json
tests/post-verification-audit-seal.test.ts	1	docs/rust-tauri/R01/PROTOCOL_SPEC.md
tests/post-verification-audit-seal.test.ts	1	docs/rust-tauri/R02/R02-T01_REPORT.md
tests/post-verification-audit-seal.test.ts	1	docs/rust-tauri/R02/R02-T01_REVIEW_R1.md
tests/post-verification-audit-seal.test.ts	1	docs/rust-tauri/R02/R02-T02_REPORT.md
tests/post-verification-audit-seal.test.ts	1	docs/rust-tauri/R02/R02-T02_REVIEW_R1.md
tests/post-verification-audit-seal.test.ts	1	docs/rust-tauri/R02/R02-T03_REPORT.md
tests/post-verification-audit-seal.test.ts	1	docs/rust-tauri/R02/R02-T03_REVIEW_R1.md
tests/post-verification-audit-seal.test.ts	1	docs/rust-tauri/R02/R02-T04_REPORT.md
tests/post-verification-audit-seal.test.ts	1	docs/rust-tauri/R02/R02-T04_REVIEW_R1.md
tests/post-verification-audit-seal.test.ts	1	docs/rust-tauri/R02/R02-T04_STORAGE_REGISTRY.json
tests/post-verification-audit-seal.test.ts	1	docs/rust-tauri/R02/R02-T05_REPORT.md
tests/post-verification-audit-seal.test.ts	1	docs/rust-tauri/R02/R02-T05_REVIEW_R1.md
tests/post-verification-audit-seal.test.ts	1	docs/rust-tauri/R02/R02-T05_REVIEW_R2.md
tests/post-verification-audit-seal.test.ts	1	docs/rust-tauri/R02/R02-T06_REPORT.md
tests/post-verification-audit-seal.test.ts	1	docs/rust-tauri/R02/R02-T06_REVIEW_R1.md
tests/post-verification-audit-seal.test.ts	1	docs/rust-tauri/R02/R02-T06_REVIEW_R2.md
tests/post-verification-audit-seal.test.ts	1	docs/rust-tauri/R02/R02-T07_REPORT.md
tests/post-verification-audit-seal.test.ts	1	docs/rust-tauri/R02/R02-T07_REVIEW_R1.md
tests/post-verification-audit-seal.test.ts	1	docs/rust-tauri/R02/R02-T08_REPORT.md
tests/post-verification-audit-seal.test.ts	1	docs/rust-tauri/R02/R02-T08_REVIEW_R1.md
tests/post-verification-audit-seal.test.ts	1	docs/rust-tauri/R02/R02_34_LEAF_CLOSURE_MATRIX_R17.md
tests/post-verification-audit-seal.test.ts	1	docs/rust-tauri/R02/R02_ACCEPTANCE_LEDGER.json
tests/post-verification-audit-seal.test.ts	1	docs/rust-tauri/R02/R02_FULL_SCOPE_AUDIT_PRE_REPAIR.md
tests/post-verification-audit-seal.test.ts	1	docs/rust-tauri/R02/R02_FULL_SCOPE_HANDOFF_R16.md
tests/post-verification-audit-seal.test.ts	1	docs/rust-tauri/R02/R02_FULL_SCOPE_HANDOFF_R18.md
tests/post-verification-audit-seal.test.ts	1	docs/rust-tauri/R02/R02_HANDOFF.json
tests/post-verification-audit-seal.test.ts	1	docs/rust-tauri/R02/R02_IMPLEMENTATION_MAP.json
tests/post-verification-audit-seal.test.ts	1	docs/rust-tauri/R02/R02_REPORT.md
tests/post-verification-audit-seal.test.ts	1	docs/rust-tauri/R02/R02_TASK_FINDINGS_ADDENDUM_R16.md
tests/post-verification-audit-seal.test.ts	1	docs/rust-tauri/R02/R02_UNIFIED_ISSUES_R18.md
tests/post-verification-audit-seal.test.ts	1	docs/rust-tauri/R02/RISK_REGISTER.json
tests/post-verification-audit-seal.test.ts	1	docs/rust-tauri/R02/SERVICE_START_AND_SHUTDOWN.md
tests/post-verification-audit-seal.test.ts	1	docs/rust-tauri/R02/r02_t08_worktree_digest.py
tests/post-verification-audit-seal.test.ts	1	package.json
tests/post-verification-audit-seal.test.ts	1	rust/Cargo.lock
tests/post-verification-audit-seal.test.ts	1	rust/Cargo.toml
tests/post-verification-audit-seal.test.ts	1	rust/crates/lingxi-adapters/Cargo.toml
tests/post-verification-audit-seal.test.ts	1	rust/crates/lingxi-adapters/src/bin/lingxi-storage-inspect.rs
tests/post-verification-audit-seal.test.ts	1	rust/crates/lingxi-adapters/src/lib.rs
tests/post-verification-audit-seal.test.ts	1	rust/crates/lingxi-adapters/src/storage/backup.rs
tests/post-verification-audit-seal.test.ts	1	rust/crates/lingxi-adapters/src/storage/migrations.rs
tests/post-verification-audit-seal.test.ts	1	rust/crates/lingxi-adapters/src/storage/mod.rs
tests/post-verification-audit-seal.test.ts	1	rust/crates/lingxi-adapters/src/storage/queue.rs
tests/post-verification-audit-seal.test.ts	1	rust/crates/lingxi-adapters/src/storage/run_store.rs
tests/post-verification-audit-seal.test.ts	1	rust/crates/lingxi-adapters/src/storage/windows_acl.rs
tests/post-verification-audit-seal.test.ts	1	rust/crates/lingxi-adapters/tests/backup_faults.rs
tests/post-verification-audit-seal.test.ts	1	rust/crates/lingxi-adapters/tests/backup_restore.rs
tests/post-verification-audit-seal.test.ts	1	rust/crates/lingxi-adapters/tests/disk_full_fault.rs
tests/post-verification-audit-seal.test.ts	1	rust/crates/lingxi-adapters/tests/event_store_reads.rs
tests/post-verification-audit-seal.test.ts	1	rust/crates/lingxi-adapters/tests/migration_idempotency.rs
tests/post-verification-audit-seal.test.ts	1	rust/crates/lingxi-adapters/tests/run_id_allocator.rs
tests/post-verification-audit-seal.test.ts	1	rust/crates/lingxi-adapters/tests/storage_transactions.rs
tests/post-verification-audit-seal.test.ts	1	rust/crates/lingxi-kernel/src/lib.rs
tests/post-verification-audit-seal.test.ts	1	rust/crates/lingxi-kernel/src/ports.rs
tests/post-verification-audit-seal.test.ts	1	rust/crates/lingxi-protocol/src/bin/lingxi-protocol-gen.rs
tests/post-verification-audit-seal.test.ts	1	rust/crates/lingxi-protocol/src/bin/lingxi-protocol-verify.rs
tests/post-verification-audit-seal.test.ts	1	rust/crates/lingxi-protocol/src/devgate.rs
tests/post-verification-audit-seal.test.ts	1	rust/crates/lingxi-protocol/src/lib.rs
tests/post-verification-audit-seal.test.ts	1	rust/crates/lingxi-service/Cargo.toml
tests/post-verification-audit-seal.test.ts	1	rust/crates/lingxi-service/src/auth.rs
tests/post-verification-audit-seal.test.ts	1	rust/crates/lingxi-service/src/config.rs
tests/post-verification-audit-seal.test.ts	1	rust/crates/lingxi-service/src/epoch.rs
tests/post-verification-audit-seal.test.ts	1	rust/crates/lingxi-service/src/events.rs
tests/post-verification-audit-seal.test.ts	1	rust/crates/lingxi-service/src/inject.rs
tests/post-verification-audit-seal.test.ts	1	rust/crates/lingxi-service/src/instance.rs
tests/post-verification-audit-seal.test.ts	1	rust/crates/lingxi-service/src/lib.rs
tests/post-verification-audit-seal.test.ts	1	rust/crates/lingxi-service/src/limits.rs
tests/post-verification-audit-seal.test.ts	1	rust/crates/lingxi-service/src/logging.rs
tests/post-verification-audit-seal.test.ts	1	rust/crates/lingxi-service/src/main.rs
tests/post-verification-audit-seal.test.ts	1	rust/crates/lingxi-service/src/management.rs
tests/post-verification-audit-seal.test.ts	1	rust/crates/lingxi-service/src/paths.rs
tests/post-verification-audit-seal.test.ts	1	rust/crates/lingxi-service/src/redaction.rs
tests/post-verification-audit-seal.test.ts	1	rust/crates/lingxi-service/src/security_audit.rs
tests/post-verification-audit-seal.test.ts	1	rust/crates/lingxi-service/src/serve.rs
tests/post-verification-audit-seal.test.ts	1	rust/crates/lingxi-service/src/sessions.rs
tests/post-verification-audit-seal.test.ts	1	rust/crates/lingxi-service/src/shutdown.rs
tests/post-verification-audit-seal.test.ts	1	rust/crates/lingxi-service/src/static_web.rs
tests/post-verification-audit-seal.test.ts	1	rust/crates/lingxi-service/src/transport.rs
tests/post-verification-audit-seal.test.ts	1	rust/crates/lingxi-service/src/ws.rs
tests/post-verification-audit-seal.test.ts	1	rust/crates/lingxi-service/tests/auth_matrix.rs
tests/post-verification-audit-seal.test.ts	1	rust/crates/lingxi-service/tests/config_bounds.rs
tests/post-verification-audit-seal.test.ts	1	rust/crates/lingxi-service/tests/event_subscription.rs
tests/post-verification-audit-seal.test.ts	1	rust/crates/lingxi-service/tests/execute_concurrency.rs
tests/post-verification-audit-seal.test.ts	1	rust/crates/lingxi-service/tests/instance_lifecycle.rs
tests/post-verification-audit-seal.test.ts	1	rust/crates/lingxi-service/tests/r00_management_leaves.rs
tests/post-verification-audit-seal.test.ts	1	rust/crates/lingxi-service/tests/r00_static_web_leaves.rs
tests/post-verification-audit-seal.test.ts	1	rust/crates/lingxi-service/tests/resource_limits.rs
tests/post-verification-audit-seal.test.ts	1	rust/crates/lingxi-service/tests/service_health.rs
tests/post-verification-audit-seal.test.ts	1	rust/crates/lingxi-service/tests/service_persistence.rs
tests/post-verification-audit-seal.test.ts	1	rust/crates/lingxi-service/tests/shutdown_coordinator.rs
tests/post-verification-audit-seal.test.ts	1	rust/crates/lingxi-service/tests/tls_web_login.rs
tests/post-verification-audit-seal.test.ts	1	rust/crates/xtask/Cargo.toml
tests/post-verification-audit-seal.test.ts	1	rust/crates/xtask/src/candidate.rs
tests/post-verification-audit-seal.test.ts	1	rust/crates/xtask/src/candidate/tests.rs
tests/post-verification-audit-seal.test.ts	1	rust/crates/xtask/src/main.rs
tests/post-verification-audit-seal.test.ts	1	rust/crates/xtask/src/runner_identity.rs
tests/post-verification-audit-seal.test.ts	1	rust/crates/xtask/src/stage_map.rs
tests/post-verification-audit-seal.test.ts	1	rust/crates/xtask/src/stage_maps/R02.json
tests/post-verification-audit-seal.test.ts	1	rust/crates/xtask/src/verify.rs
tests/post-verification-audit-seal.test.ts	1	rust/crates/xtask/src/verify/runner_tests.rs
tests/post-verification-audit-seal.test.ts	1	scripts/build-rust-desktop-service.mjs
tests/post-verification-audit-seal.test.ts	1	scripts/build-server-artifact.mjs
tests/post-verification-audit-seal.test.ts	1	scripts/build-server.mjs
tests/post-verification-audit-seal.test.ts	1	scripts/build-shell.mjs
tests/post-verification-audit-seal.test.ts	1	scripts/build-standalone-server-artifact.mjs
tests/post-verification-audit-seal.test.ts	1	scripts/fix-modules.cjs
tests/post-verification-audit-seal.test.ts	1	scripts/notarize.cjs
tests/post-verification-audit-seal.test.ts	1	scripts/resign-adhoc.cjs
tests/post-verification-audit-seal.test.ts	1	scripts/rust-tauri/r01-t02-check-generated.sh
tests/post-verification-audit-seal.test.ts	1	scripts/rust-tauri/r01-t02-handshake.sh
tests/post-verification-audit-seal.test.ts	1	scripts/rust-tauri/r01-t02-roundtrip.sh
tests/post-verification-audit-seal.test.ts	1	scripts/rust-tauri/r02_cli_rust_matrix.py
tests/post-verification-audit-seal.test.ts	1	scripts/rust-tauri/r02_cli_sessions_leaf_matrix.py
tests/post-verification-audit-seal.test.ts	1	scripts/rust-tauri/r02_cli_sessions_limit.mjs
tests/post-verification-audit-seal.test.ts	1	scripts/rust-tauri/r02_client_leaf_matrix.py
tests/post-verification-audit-seal.test.ts	1	scripts/rust-tauri/r02_management_leaf_matrix.py
tests/post-verification-audit-seal.test.ts	1	scripts/rust-tauri/r02_owned_process_group.py
tests/post-verification-audit-seal.test.ts	1	scripts/rust-tauri/r02_static_web_leaf_matrix.py
tests/post-verification-audit-seal.test.ts	1	scripts/rust-tauri/r02_t01_boundary_negative.sh
tests/post-verification-audit-seal.test.ts	1	scripts/rust-tauri/r02_t01_service_smoke.sh
tests/post-verification-audit-seal.test.ts	1	scripts/rust-tauri/r02_t02_dual_instance.sh
tests/post-verification-audit-seal.test.ts	1	scripts/rust-tauri/r02_t02_f01_env_token_negative.sh
tests/post-verification-audit-seal.test.ts	1	scripts/rust-tauri/r02_t02_path_priority.sh
tests/post-verification-audit-seal.test.ts	1	scripts/rust-tauri/r02_t03_auth_matrix.sh
tests/post-verification-audit-seal.test.ts	1	scripts/rust-tauri/r02_t03_ws_probe.py
tests/post-verification-audit-seal.test.ts	1	scripts/rust-tauri/r02_t04_live_fault_evidence.py
tests/post-verification-audit-seal.test.ts	1	scripts/rust-tauri/r02_t04_storage_tx.sh
tests/post-verification-audit-seal.test.ts	1	scripts/rust-tauri/r02_t05_events_matrix.sh
tests/post-verification-audit-seal.test.ts	1	scripts/rust-tauri/r02_t05_events_probe.py
tests/post-verification-audit-seal.test.ts	1	scripts/rust-tauri/r02_t06_backup_restore.sh
tests/post-verification-audit-seal.test.ts	1	scripts/rust-tauri/r02_t06_recovery_drill.sh
tests/post-verification-audit-seal.test.ts	1	scripts/rust-tauri/r02_t07_redaction_scan.sh
tests/post-verification-audit-seal.test.ts	1	scripts/rust-tauri/r02_t07_slow_subscriber.sh
tests/post-verification-audit-seal.test.ts	1	scripts/rust-tauri/r02_t08_full_chain_probe.py
tests/post-verification-audit-seal.test.ts	1	scripts/rust-tauri/r02_t08_full_chain_smoke.sh
tests/post-verification-audit-seal.test.ts	1	scripts/rust-tauri/r02_t08_legacy_entry_regression.sh
tests/post-verification-audit-seal.test.ts	1	scripts/verify-standalone-server-artifact.mjs
tests/post-verification-audit-seal.test.ts	1	shared/artifact-core/activation.cjs
tests/post-verification-audit-seal.test.ts	1	shared/artifact-core/ota-core.cjs
tests/post-verification-audit-seal.test.ts	1	tests/artifact-boot.test.ts
tests/post-verification-audit-seal.test.ts	1	tests/artifact-core-activation.test.ts
tests/post-verification-audit-seal.test.ts	1	tests/artifact-ota.test.ts
tests/post-verification-audit-seal.test.ts	1	tests/build-server-artifact.test.ts
tests/post-verification-audit-seal.test.ts	1	tests/build-standalone-server-artifact.test.ts
tests/post-verification-audit-seal.test.ts	1	tests/cli-args.test.ts
tests/post-verification-audit-seal.test.ts	1	tests/cli-chat-runtime.test.ts
tests/post-verification-audit-seal.test.ts	1	tests/cli-chat.test.ts
tests/post-verification-audit-seal.test.ts	1	tests/cli-rust-service.test.ts
tests/post-verification-audit-seal.test.ts	1	tests/desktop-rust-local-service.test.cjs: expected [ …(1767) ] to deeply equal []
tests/post-verification-audit-seal.test.ts	1	
tests/post-verification-audit-seal.test.ts	1	- Expected
tests/post-verification-audit-seal.test.ts	1	+ Received
tests/post-verification-audit-seal.test.ts	1	
tests/post-verification-audit-seal.test.ts	1	- []
tests/post-verification-audit-seal.test.ts	1	+ [
tests/post-verification-audit-seal.test.ts	1	+   ".github/workflows/build.yml",
tests/post-verification-audit-seal.test.ts	1	+   ".gitignore",
tests/post-verification-audit-seal.test.ts	1	+   "artifacts/rust-tauri/R02/T01/a01-cargo-metadata.json",
tests/post-verification-audit-seal.test.ts	1	+   "artifacts/rust-tauri/R02/T01/a01-deptree-evidence.txt",
tests/post-verification-audit-seal.test.ts	1	+   "artifacts/rust-tauri/R02/T01/a01-health-body.json",
tests/post-verification-audit-seal.test.ts	1	+   "artifacts/rust-tauri/R02/T01/a01-shutdown.txt",
tests/post-verification-audit-seal.test.ts	1	+   "artifacts/rust-tauri/R02/T01/a01-smoke-summary.txt",
tests/post-verification-audit-seal.test.ts	1	+   "artifacts/rust-tauri/R02/T01/a02-negative-summary.txt",
tests/post-verification-audit-seal.test.ts	1	+   "artifacts/rust-tauri/R02/T02/a03-forged-record.json",
tests/post-verification-audit-seal.test.ts	1	+   "artifacts/rust-tauri/R02/T02/a03-inst1-health.json",
tests/post-verification-audit-seal.test.ts	1	+   "artifacts/rust-tauri/R02/T02/a03-inst2-marker.txt",
tests/post-verification-audit-seal.test.ts	1	+   "artifacts/rust-tauri/R02/T02/a03-summary.txt",
tests/post-verification-audit-seal.test.ts	1	+   "artifacts/rust-tauri/R02/T02/a04-summary.txt",
tests/post-verification-audit-seal.test.ts	1	+   "artifacts/rust-tauri/R02/T03/.last-body",
tests/post-verification-audit-seal.test.ts	1	+   "artifacts/rust-tauri/R02/T03/body-limit.txt",
tests/post-verification-audit-seal.test.ts	1	+   "artifacts/rust-tauri/R02/T03/creds-after-authz.json",
tests/post-verification-audit-seal.test.ts	1	+   "artifacts/rust-tauri/R02/T03/creds-before-authz.json",
tests/post-verification-audit-seal.test.ts	1	+   "artifacts/rust-tauri/R02/T03/devices-after-authz.json",
tests/post-verification-audit-seal.test.ts	1	+   "artifacts/rust-tauri/R02/T03/devices-before-authz.json",
tests/post-verification-audit-seal.test.ts	1	+   "artifacts/rust-tauri/R02/T03/server-stderr-markers.txt",
tests/post-verification-audit-seal.test.ts	1	+   "artifacts/rust-tauri/R02/T03/state-after-authn.txt",
tests/post-verification-audit-seal.test.ts	1	+   "artifacts/rust-tauri/R02/T03/state-after.txt",
tests/post-verification-audit-seal.test.ts	1	+   "artifacts/rust-tauri/R02/T03/state-before-authz.txt",
tests/post-verification-audit-seal.test.ts	1	+   "artifacts/rust-tauri/R02/T03/state-before.txt",
tests/post-verification-audit-seal.test.ts	1	+   "artifacts/rust-tauri/R02/T03/summary.txt",
tests/post-verification-audit-seal.test.ts	1	+   "artifacts/rust-tauri/R02/T03/ws-matrix.json",
tests/post-verification-audit-seal.test.ts	1	+   "artifacts/rust-tauri/R02/T04/gates/r02_t01_service_smoke/a01-cargo-metadata.err",
tests/post-verification-audit-seal.test.ts	1	+   "artifacts/rust-tauri/R02/T04/gates/r02_t01_service_smoke/a01-cargo-metadata.json",
tests/post-verification-audit-seal.test.ts	1	+   "artifacts/rust-tauri/R02/T04/gates/r02_t01_service_smoke/a01-health-body.json",
tests/post-verification-audit-seal.test.ts	1	+   "artifacts/rust-tauri/R02/T04/gates/r02_t02_dual_instance/a03-forged-record.json",
tests/post-verification-audit-seal.test.ts	1	+   "artifacts/rust-tauri/R02/T04/gates/r02_t02_dual_instance/a03-inst1-health.json",
tests/post-verification-audit-seal.test.ts	1	+   "artifacts/rust-tauri/R02/T04/gates/r02_t02_dual_instance/a03-inst2-marker.txt",
tests/post-verification-audit-seal.test.ts	1	+   "artifacts/rust-tauri/R02/T04/gates/r02_t02_dual_instance/a03-summary.txt",
tests/post-verification-audit-seal.test.ts	1	+   "artifacts/rust-tauri/R02/T04/gates/r02_t02_path_priority/a04-summary.txt",
tests/post-verification-audit-seal.test.ts	1	+   "artifacts/rust-tauri/R02/T04/gates/r02_t03_auth_matrix/.last-body",
tests/post-verification-audit-seal.test.ts	1	+   "artifacts/rust-tauri/R02/T04/gates/r02_t03_auth_matrix/body-limit.txt",
tests/post-verification-audit-seal.test.ts	1	+   "artifacts/rust-tauri/R02/T04/gates/r02_t03_auth_matrix/creds-after-authz.json",
tests/post-verification-audit-seal.test.ts	1	+   "artifacts/rust-tauri/R02/T04/gates/r02_t03_auth_matrix/creds-before-authz.json",
tests/post-verification-audit-seal.test.ts	1	+   "artifacts/rust-tauri/R02/T04/gates/r02_t03_auth_matrix/devices-after-authz.json",
tests/post-verification-audit-seal.test.ts	1	+   "artifacts/rust-tauri/R02/T04/gates/r02_t03_auth_matrix/devices-before-authz.json",
tests/post-verification-audit-seal.test.ts	1	+   "artifacts/rust-tauri/R02/T04/gates/r02_t03_auth_matrix/state-after-authn.txt",
tests/post-verification-audit-seal.test.ts	1	+   "artifacts/rust-tauri/R02/T04/gates/r02_t03_auth_matrix/state-after.txt",
tests/post-verification-audit-seal.test.ts	1	+   "artifacts/rust-tauri/R02/T04/gates/r02_t03_auth_matrix/state-before-authz.txt",
tests/post-verification-audit-seal.test.ts	1	+   "artifacts/rust-tauri/R02/T04/gates/r02_t03_auth_matrix/state-before.txt",
tests/post-verification-audit-seal.test.ts	1	+   "artifacts/rust-tauri/R02/T04/gates/r02_t03_auth_matrix/summary.txt",
tests/post-verification-audit-seal.test.ts	1	+   "artifacts/rust-tauri/R02/T04/gates/r02_t03_auth_matrix/ws-matrix.json",
tests/post-verification-audit-seal.test.ts	1	+   "artifacts/rust-tauri/R02/T04/last-db-hashes.txt",
tests/post-verification-audit-seal.test.ts	1	+   "artifacts/rust-tauri/R02/T04/s1-counts-after-stop.json",
tests/post-verification-audit-seal.test.ts	1	+   "artifacts/rust-tauri/R02/T04/s2-counts-after-crash.json",
tests/post-verification-audit-seal.test.ts	1	+   "artifacts/rust-tauri/R02/T04/s2-runs-dump.jsonl",
tests/post-verification-audit-seal.test.ts	1	+   "artifacts/rust-tauri/R02/T04/s3-fault.err",
tests/post-verification-audit-seal.test.ts	1	+   "artifacts/rust-tauri/R02/T04/s3-fault.out",
tests/post-verification-audit-seal.test.ts	1	+   "artifacts/rust-tauri/R02/T04/s4-hashes-after.txt",
tests/post-verification-audit-seal.test.ts	1	+   "artifacts/rust-tauri/R02/T04/s4-hashes-before.txt",
tests/post-verification-audit-seal.test.ts	1	+   "artifacts/rust-tauri/R02/T04/s4-migrations-round1.json",
tests/post-verification-audit-seal.test.ts	1	+   "artifacts/rust-tauri/R02/T04/s4-migrations-round2.json",
tests/post-verification-audit-seal.test.ts	1	+   "artifacts/rust-tauri/R02/T04/s4-migrations-round3.json",
tests/post-verification-audit-seal.test.ts	1	+   "artifacts/rust-tauri/R02/T04/service-s1.err",
tests/post-verification-audit-seal.test.ts	1	+   "artifacts/rust-tauri/R02/T04/service-s1.out",
tests/post-verification-audit-seal.test.ts	1	+   "artifacts/rust-tauri/R02/T04/service-s1b.err",
tests/post-verification-audit-seal.test.ts	1	+   "artifacts/rust-tauri/R02/T04/service-s1b.out",
tests/post-verification-audit-seal.test.ts	1	+   "artifacts/rust-tauri/R02/T04/service-s2.err",
tests/post-verification-audit-seal.test.ts	1	+   "artifacts/rust-tauri/R02/T04/service-s2.out",
tests/post-verification-audit-seal.test.ts	1	+   "artifacts/rust-tauri/R02/T04/service-s2b.err",
tests/post-verification-audit-seal.test.ts	1	+   "artifacts/rust-tauri/R02/T04/service-s2b.out",
tests/post-verification-audit-seal.test.ts	1	+   "artifacts/rust-tauri/R02/T04/service-s4-1.err",
tests/post-verification-audit-seal.test.ts	1	+   "artifacts/rust-tauri/R02/T04/service-s4-1.out",
tests/post-verification-audit-seal.test.ts	1	+   "artifacts/rust-tauri/R02/T04/service-s4-2.err",
tests/post-verification-audit-seal.test.ts	1	+   "artifacts/rust-tauri/R02/T04/service-s4-2.out",
tests/post-verification-audit-seal.test.ts	1	+   "artifacts/rust-tauri/R02/T04/service-s4-3.err",
tests/post-verification-audit-seal.test.ts	1	+   "artifacts/rust-tauri/R02/T04/service-s4-3.out",
tests/post-verification-audit-seal.test.ts	1	+   "artifacts/rust-tauri/R02/T04/service.addr",
tests/post-verification-audit-seal.test.ts	1	+   "artifacts/rust-tauri/R02/T04/service.pid",
tests/post-verification-audit-seal.test.ts	1	+   "artifacts/rust-tauri/R02/T04/summary.txt",
tests/post-verification-audit-seal.test.ts	1	+   "artifacts/rust-tauri/R02/T05/a09-merged-view.json",
tests/post-verification-audit-seal.test.ts	1	+   "artifacts/rust-tauri/R02/T05/a10-rebuild-diff.json",
tests/post-verification-audit-seal.test.ts	1	+   "artifacts/rust-tauri/R02/T05/gates/r02_t01_service_smoke/a01-cargo-metadata.err",
tests/post-verification-audit-seal.test.ts	1	+   "artifacts/rust-tauri/R02/T05/gates/r02_t01_service_smoke/a01-cargo-metadata.json",
tests/post-verification-audit-seal.test.ts	1	+   "artifacts/rust-tauri/R02/T05/gates/r02_t01_service_smoke/a01-health-body.json",
tests/post-verification-audit-seal.test.ts	1	+   "artifacts/rust-tauri/R02/T05/gates/r02_t02_dual_instance/a03-forged-record.json",
tests/post-verification-audit-seal.test.ts	1	+   "artifacts/rust-tauri/R02/T05/gates/r02_t02_dual_instance/a03-inst1-health.json",
tests/post-verification-audit-seal.test.ts	1	+   "artifacts/rust-tauri/R02/T05/gates/r02_t02_dual_instance/a03-inst2-marker.txt",
tests/post-verification-audit-seal.test.ts	1	+   "artifacts/rust-tauri/R02/T05/gates/r02_t02_dual_instance/a03-summary.txt",
tests/post-verification-audit-seal.test.ts	1	+   "artifacts/rust-tauri/R02/T05/gates/r02_t02_path_priority/a04-summary.txt",
tests/post-verification-audit-seal.test.ts	1	+   "artifacts/rust-tauri/R02/T05/gates/r02_t03_auth_matrix/.last-body",
tests/post-verification-audit-seal.test.ts	1	+   "artifacts/rust-tauri/R02/T05/gates/r02_t03_auth_matrix/body-limit.txt",
tests/post-verification-audit-seal.test.ts	1	+   "artifacts/rust-tauri/R02/T05/gates/r02_t03_auth_matrix/creds-after-authz.json",
tests/post-verification-audit-seal.test.ts	1	+   "artifacts/rust-tauri/R02/T05/gates/r02_t03_auth_matrix/creds-before-authz.json",
tests/post-verification-audit-seal.test.ts	1	+   "artifacts/rust-tauri/R02/T05/gates/r02_t03_auth_matrix/devices-after-authz.json",
tests/post-verification-audit-seal.test.ts	1	+   "artifacts/rust-tauri/R02/T05/gates/r02_t03_auth_matrix/devices-before-authz.json",
tests/post-verification-audit-seal.test.ts	1	+   "artifacts/rust-tauri/R02/T05/gates/r02_t03_auth_matrix/state-after-authn.txt",
tests/post-verification-audit-seal.test.ts	1	+   "artifacts/rust-tauri/R02/T05/gates/r02_t03_auth_matrix/state-after.txt",
tests/post-verification-audit-seal.test.ts	1	+   "artifacts/rust-tauri/R02/T05/gates/r02_t03_auth_matrix/state-before-authz.txt",
tests/post-verification-audit-seal.test.ts	1	+   "artifacts/rust-tauri/R02/T05/gates/r02_t03_auth_matrix/state-before.txt",
tests/post-verification-audit-seal.test.ts	1	+   "artifacts/rust-tauri/R02/T05/gates/r02_t03_auth_matrix/summary.txt",
tests/post-verification-audit-seal.test.ts	1	+   "artifacts/rust-tauri/R02/T05/gates/r02_t03_auth_matrix/ws-matrix.json",
tests/post-verification-audit-seal.test.ts	1	+   "artifacts/rust-tauri/R02/T05/gates/r02_t04_storage_tx/last-db-hashes.txt",
tests/post-verification-audit-seal.test.ts	1	+   "artifacts/rust-tauri/R02/T05/gates/r02_t04_storage_tx/s1-counts-after-stop.json",
tests/post-verification-audit-seal.test.ts	1	+   "artifacts/rust-tauri/R02/T05/gates/r02_t04_storage_tx/s2-counts-after-crash.json",
tests/post-verification-audit-seal.test.ts	1	+   "artifacts/rust-tauri/R02/T05/gates/r02_t04_storage_tx/s2-runs-dump.jsonl",
tests/post-verification-audit-seal.test.ts	1	+   "artifacts/rust-tauri/R02/T05/gates/r02_t04_storage_tx/s3-fault.err",
tests/post-verification-audit-seal.test.ts	1	+   "artifacts/rust-tauri/R02/T05/gates/r02_t04_storage_tx/s3-fault.out",
tests/post-verification-audit-seal.test.ts	1	+   "artifacts/rust-tauri/R02/T05/gates/r02_t04_storage_tx/s4-hashes-after.txt",
tests/post-verification-audit-seal.test.ts	1	+   "artifacts/rust-tauri/R02/T05/gates/r02_t04_storage_tx/s4-hashes-before.txt",
tests/post-verification-audit-seal.test.ts	1	+   "artifacts/rust-tauri/R02/T05/gates/r02_t04_storage_tx/s4-migrations-round1.json",
tests/post-verification-audit-seal.test.ts	1	+   "artifacts/rust-tauri/R02/T05/gates/r02_t04_storage_tx/s4-migrations-round2.json",
tests/post-verification-audit-seal.test.ts	1	+   "artifacts/rust-tauri/R02/T05/gates/r02_t04_storage_tx/s4-migrations-round3.json",
tests/post-verification-audit-seal.test.ts	1	+   "artifacts/rust-tauri/R02/T05/gates/r02_t04_storage_tx/service-s1.err",
tests/post-verification-audit-seal.test.ts	1	+   "artifacts/rust-tauri/R02/T05/gates/r02_t04_storage_tx/service-s1.out",
tests/post-verification-audit-seal.test.ts	1	+   "artifacts/rust-tauri/R02/T05/gates/r02_t04_storage_tx/service-s1b.err",
tests/post-verification-audit-seal.test.ts	1	+   "artifacts/rust-tauri/R02/T05/gates/r02_t04_storage_tx/service-s1b.out",
tests/post-verification-audit-seal.test.ts	1	+   "artifacts/rust-tauri/R02/T05/gates/r02_t04_storage_tx/service-s2.err",
tests/post-verification-audit-seal.test.ts	1	+   "artifacts/rust-tauri/R02/T05/gates/r02_t04_storage_tx/service-s2.out",
tests/post-verification-audit-seal.test.ts	1	+   "artifacts/rust-tauri/R02/T05/gates/r02_t04_storage_tx/service-s2b.err",
tests/post-verification-audit-seal.test.ts	1	+   "artifacts/rust-tauri/R02/T05/gates/r02_t04_storage_tx/service-s2b.out",
tests/post-verification-audit-seal.test.ts	1	+   "artifacts/rust-tauri/R02/T05/gates/r02_t04_storage_tx/service-s4-1.err",
tests/post-verification-audit-seal.test.ts	1	+   "artifacts/rust-tauri/R02/T05/gates/r02_t04_storage_tx/service-s4-1.out",
tests/post-verification-audit-seal.test.ts	1	+   "artifacts/rust-tauri/R02/T05/gates/r02_t04_storage_tx/service-s4-2.err",
tests/post-verification-audit-seal.test.ts	1	+   "artifacts/rust-tauri/R02/T05/gates/r02_t04_storage_tx/service-s4-2.out",
tests/post-verification-audit-seal.test.ts	1	+   "artifacts/rust-tauri/R02/T05/gates/r02_t04_storage_tx/service-s4-3.err",
tests/post-verification-audit-seal.test.ts	1	+   "artifacts/rust-tauri/R02/T05/gates/r02_t04_storage_tx/service-s4-3.out",
tests/post-verification-audit-seal.test.ts	1	+   "artifacts/rust-tauri/R02/T05/gates/r02_t04_storage_tx/service.addr",
tests/post-verification-audit-seal.test.ts	1	+   "artifacts/rust-tauri/R02/T05/gates/r02_t04_storage_tx/service.pid",
tests/post-verification-audit-seal.test.ts	1	+   "artifacts/rust-tauri/R02/T05/gates/r02_t04_storage_tx/summary.txt",
tests/post-verification-audit-seal.test.ts	1	+   "artifacts/rust-tauri/R02/T05/key-events-dump.json",
tests/post-verification-audit-seal.test.ts	1	+   "artifacts/rust-tauri/R02/T05/matrix.json",
tests/post-verification-audit-seal.test.ts	1	+   "artifacts/rust-tauri/R02/T05/probe-matrix.jsonl",
tests/post-verification-audit-seal.test.ts	1	+   "artifacts/rust-tauri/R02/T05/repair-r1/REPAIR-NOTES.md",
tests/post-verification-audit-seal.test.ts	1	+   "artifacts/rust-tauri/R02/T05/repair-r1/matrix-r1/a09-merged-view.json",
tests/post-verification-audit-seal.test.ts	1	+   "artifacts/rust-tauri/R02/T05/repair-r1/matrix-r1/a10-rebuild-diff.json",
tests/post-verification-audit-seal.test.ts	1	+   "artifacts/rust-tauri/R02/T05/repair-r1/matrix-r1/key-events-dump.json",
tests/post-verification-audit-seal.test.ts	1	+   "artifacts/rust-tauri/R02/T05/repair-r1/matrix-r1/matrix.json",
tests/post-verification-audit-seal.test.ts	1	+   "artifacts/rust-tauri/R02/T05/repair-r1/matrix-r1/probe-matrix.jsonl",
tests/post-verification-audit-seal.test.ts	1	+   "artifacts/rust-tauri/R02/T05/repair-r1/matrix-r1/service.err",
tests/post-verification-audit-seal.test.ts	1	+   "artifacts/rust-tauri/R02/T05/repair-r1/matrix-r1/service.out",
tests/post-verification-audit-seal.test.ts	1	+   "artifacts/rust-tauri/R02/T05/repair-r1/matrix-r1/summary.txt",
tests/post-verification-audit-seal.test.ts	1	+   "artifacts/rust-tauri/R02/T05/repair-r1/matrix-r2/a09-merged-view.json",
tests/post-verification-audit-seal.test.ts	1	+   "artifacts/rust-tauri/R02/T05/repair-r1/matrix-r2/a10-rebuild-diff.json",
tests/post-verification-audit-seal.test.ts	1	+   "artifacts/rust-tauri/R02/T05/repair-r1/matrix-r2/key-events-dump.json",
tests/post-verification-audit-seal.test.ts	1	+   "artifacts/rust-tauri/R02/T05/repair-r1/matrix-r2/matrix.json",
tests/post-verification-audit-seal.test.ts	1	+   "artifacts/rust-tauri/R02/T05/repair-r1/matrix-r2/probe-matrix.jsonl",
tests/post-verification-audit-seal.test.ts	1	+   "artifacts/rust-tauri/R02/T05/repair-r1/matrix-r2/service.err",
tests/post-verification-audit-seal.test.ts	1	+   "artifacts/rust-tauri/R02/T05/repair-r1/matrix-r2/service.out",
tests/post-verification-audit-seal.test.ts	1	+   "artifacts/rust-tauri/R02/T05/repair-r1/matrix-r2/summary.txt",
tests/post-verification-audit-seal.test.ts	1	+   "artifacts/rust-tauri/R02/T05/repair-r1/matrix-r3/a09-merged-view.json",
tests/post-verification-audit-seal.test.ts	1	+   "artifacts/rust-tauri/R02/T05/repair-r1/matrix-r3/a10-rebuild-diff.json",
tests/post-verification-audit-seal.test.ts	1	+   "artifacts/rust-tauri/R02/T05/repair-r1/matrix-r3/key-events-dump.json",
tests/post-verification-audit-seal.test.ts	1	+   "artifacts/rust-tauri/R02/T05/repair-r1/matrix-r3/matrix.json",
tests/post-verification-audit-seal.test.ts	1	+   "artifacts/rust-tauri/R02/T05/repair-r1/matrix-r3/probe-matrix.jsonl",
tests/post-verification-audit-seal.test.ts	1	+   "artifacts/rust-tauri/R02/T05/repair-r1/matrix-r3/service.err",
tests/post-verification-audit-seal.test.ts	1	+   "artifacts/rust-tauri/R02/T05/repair-r1/matrix-r3/service.out",
tests/post-verification-audit-seal.test.ts	1	+   "artifacts/rust-tauri/R02/T05/repair-r1/matrix-r3/summary.txt",
tests/post-verification-audit-seal.test.ts	1	+   "artifacts/rust-tauri/R02/T05/service.err",
tests/post-verification-audit-seal.test.ts	1	+   "artifacts/rust-tauri/R02/T05/service.out",
tests/post-verification-audit-seal.test.ts	1	+   "artifacts/rust-tauri/R02/T05/summary.txt",
tests/post-verification-audit-seal.test.ts	1	+   "artifacts/rust-tauri/R02/T06/backup-restore/s1-backup-dir-listing.txt",
tests/post-verification-audit-seal.test.ts	1	+   "artifacts/rust-tauri/R02/T06/backup-restore/s1-backup-outcome.json",
tests/post-verification-audit-seal.test.ts	1	+   "artifacts/rust-tauri/R02/T06/backup-restore/s1-backup.err",
tests/post-verification-audit-seal.test.ts	1	+   "artifacts/rust-tauri/R02/T06/backup-restore/s1-restore-outcome.json",
tests/post-verification-audit-seal.test.ts	1	+   "artifacts/rust-tauri/R02/T06/backup-restore/s1-restore.err",
tests/post-verification-audit-seal.test.ts	1	+   "artifacts/rust-tauri/R02/T06/backup-restore/s1-restored-dump.jsonl",
tests/post-verification-audit-seal.test.ts	1	+   "artifacts/rust-tauri/R02/T06/backup-restore/s1-restored-hash.txt",
tests/post-verification-audit-seal.test.ts	1	+   "artifacts/rust-tauri/R02/T06/backup-restore/s1-source-dump.jsonl",
tests/post-verification-audit-seal.test.ts	1	+   "artifacts/rust-tauri/R02/T06/backup-restore/s1-source-hash.txt",
tests/post-verification-audit-seal.test.ts	1	+   "artifacts/rust-tauri/R02/T06/backup-restore/s1-wal-size.txt",
tests/post-verification-audit-seal.test.ts	1	+   "artifacts/rust-tauri/R02/T06/backup-restore/s3-backup-out.json",
tests/post-verification-audit-seal.test.ts	1	+   "artifacts/rust-tauri/R02/T06/backup-restore/s3-backup.err",
tests/post-verification-audit-seal.test.ts	1	+   "artifacts/rust-tauri/R02/T06/backup-restore/s4-ws-probe.json",
tests/post-verification-audit-seal.test.ts	1	+   "artifacts/rust-tauri/R02/T06/backup-restore/s4-ws-probe.json.probe-done",
tests/post-verification-audit-seal.test.ts	1	+   "artifacts/rust-tauri/R02/T06/backup-restore/service-s1.addr",
tests/post-verification-audit-seal.test.ts	1	+   "artifacts/rust-tauri/R02/T06/backup-restore/service-s1.err",
tests/post-verification-audit-seal.test.ts	1	+   "artifacts/rust-tauri/R02/T06/backup-restore/service-s1.out",
tests/post-verification-audit-seal.test.ts	1	+   "artifacts/rust-tauri/R02/T06/backup-restore/service-s2.addr",
tests/post-verification-audit-seal.test.ts	1	+   "artifacts/rust-tauri/R02/T06/backup-restore/service-s2.err",
tests/post-verification-audit-seal.test.ts	1	+   "artifacts/rust-tauri/R02/T06/backup-restore/service-s2.out",
tests/post-verification-audit-seal.test.ts	1	+   "artifacts/rust-tauri/R02/T06/backup-restore/service-s4.addr",
tests/post-verification-audit-seal.test.ts	1	+   "artifacts/rust-tauri/R02/T06/backup-restore/service-s4.err",
tests/post-verification-audit-seal.test.ts	1	+   "artifacts/rust-tauri/R02/T06/backup-restore/service-s4.out",
tests/post-verification-audit-seal.test.ts	1	+   "artifacts/rust-tauri/R02/T06/backup-restore/service.pid",
tests/post-verification-audit-seal.test.ts	1	+   "artifacts/rust-tauri/R02/T06/backup-restore/summary.txt",
tests/post-verification-audit-seal.test.ts	1	+   "artifacts/rust-tauri/R02/T06/gates/reg-t01-smoke/a01-cargo-metadata.err",
tests/post-verification-audit-seal.test.ts	1	+   "artifacts/rust-tauri/R02/T06/gates/reg-t01-smoke/a01-cargo-metadata.json",
tests/post-verification-audit-seal.test.ts	1	+   "artifacts/rust-tauri/R02/T06/gates/reg-t01-smoke/a01-health-body.json",
tests/post-verification-audit-seal.test.ts	1	+   "artifacts/rust-tauri/R02/T06/gates/reg-t02-dual/a03-forged-record.json",
tests/post-verification-audit-seal.test.ts	1	+   "artifacts/rust-tauri/R02/T06/gates/reg-t02-dual/a03-inst1-health.json",
tests/post-verification-audit-seal.test.ts	1	+   "artifacts/rust-tauri/R02/T06/gates/reg-t02-dual/a03-inst2-marker.txt",
tests/post-verification-audit-seal.test.ts	1	+   "artifacts/rust-tauri/R02/T06/gates/reg-t02-dual/a03-summary.txt",
tests/post-verification-audit-seal.test.ts	1	+   "artifacts/rust-tauri/R02/T06/gates/reg-t02-path/a04-summary.txt",
tests/post-verification-audit-seal.test.ts	1	+   "artifacts/rust-tauri/R02/T06/gates/reg-t03-auth/.last-body",
tests/post-verification-audit-seal.test.ts	1	+   "artifacts/rust-tauri/R02/T06/gates/reg-t03-auth/body-limit.txt",
tests/post-verification-audit-seal.test.ts	1	+   "artifacts/rust-tauri/R02/T06/gates/reg-t03-auth/creds-after-authz.json",
tests/post-verification-audit-seal.test.ts	1	+   "artifacts/rust-tauri/R02/T06/gates/reg-t03-auth/creds-before-authz.json",
tests/post-verification-audit-seal.test.ts	1	+   "artifacts/rust-tauri/R02/T06/gates/reg-t03-auth/devices-after-authz.json",
tests/post-verification-audit-seal.test.ts	1	+   "artifacts/rust-tauri/R02/T06/gates/reg-t03-auth/devices-before-authz.json",
tests/post-verification-audit-seal.test.ts	1	+   "artifacts/rust-tauri/R02/T06/gates/reg-t03-auth/state-after-authn.txt",
tests/post-verification-audit-seal.test.ts	1	+   "artifacts/rust-tauri/R02/T06/gates/reg-t03-auth/state-after.txt",
tests/post-verification-audit-seal.test.ts	1	+   "artifacts/rust-tauri/R02/T06/gates/reg-t03-auth/state-before-authz.txt",
tests/post-verification-audit-seal.test.ts	1	+   "artifacts/rust-tauri/R02/T06/gates/reg-t03-auth/state-before.txt",
tests/post-verification-audit-seal.test.ts	1	+   "artifacts/rust-tauri/R02/T06/gates/reg-t03-auth/summary.txt",
tests/post-verification-audit-seal.test.ts	1	+   "artifacts/rust-tauri/R02/T06/gates/reg-t03-auth/ws-matrix.json",
tests/post-verification-audit-seal.test.ts	1	+   "artifacts/rust-tauri/R02/T06/gates/reg-t04-storage/last-db-hashes.txt",
tests/post-verification-audit-seal.test.ts	1	+   "artifacts/rust-tauri/R02/T06/gates/reg-t04-storage/s1-counts-after-stop.json",
tests/post-verification-audit-seal.test.ts	1	+   "artifacts/rust-tauri/R02/T06/gates/reg-t04-storage/s2-counts-after-crash.json",
tests/post-verification-audit-seal.test.ts	1	+   "artifacts/rust-tauri/R02/T06/gates/reg-t04-storage/s2-runs-dump.jsonl",
tests/post-verification-audit-seal.test.ts	1	+   "artifacts/rust-tauri/R02/T06/gates/reg-t04-storage/s3-fault.err",
tests/post-verification-audit-seal.test.ts	1	+   "artifacts/rust-tauri/R02/T06/gates/reg-t04-storage/s3-fault.out",
tests/post-verification-audit-seal.test.ts	1	+   "artifacts/rust-tauri/R02/T06/gates/reg-t04-storage/s4-hashes-after.txt",
tests/post-verification-audit-seal.test.ts	1	+   "artifacts/rust-tauri/R02/T06/gates/reg-t04-storage/s4-hashes-before.txt",
tests/post-verification-audit-seal.test.ts	1	+   "artifacts/rust-tauri/R02/T06/gates/reg-t04-storage/s4-migrations-round1.json",
tests/post-verification-audit-seal.test.ts	1	+   "artifacts/rust-tauri/R02/T06/gates/reg-t04-storage/s4-migrations-round2.json",
tests/post-verification-audit-seal.test.ts	1	+   "artifacts/rust-tauri/R02/T06/gates/reg-t04-storage/s4-migrations-round3.json",
tests/post-verification-audit-seal.test.ts	1	+   "artifacts/rust-tauri/R02/T06/gates/reg-t04-storage/service-s1.err",
tests/post-verification-audit-seal.test.ts	1	+   "artifacts/rust-tauri/R02/T06/gates/reg-t04-storage/service-s1.out",
tests/post-verification-audit-seal.test.ts	1	+   "artifacts/rust-tauri/R02/T06/gates/reg-t04-storage/service-s1b.err",
tests/post-verification-audit-seal.test.ts	1	+   "artifacts/rust-tauri/R02/T06/gates/reg-t04-storage/service-s1b.out",
tests/post-verification-audit-seal.test.ts	1	+   "artifacts/rust-tauri/R02/T06/gates/reg-t04-storage/service-s2.err",
tests/post-verification-audit-seal.test.ts	1	+   "artifacts/rust-tauri/R02/T06/gates/reg-t04-storage/service-s2.out",
tests/post-verification-audit-seal.test.ts	1	+   "artifacts/rust-tauri/R02/T06/gates/reg-t04-storage/service-s2b.err",
tests/post-verification-audit-seal.test.ts	1	+   "artifacts/rust-tauri/R02/T06/gates/reg-t04-storage/service-s2b.out",
tests/post-verification-audit-seal.test.ts	1	+   "artifacts/rust-tauri/R02/T06/gates/reg-t04-storage/service-s4-1.err",
tests/post-verification-audit-seal.test.ts	1	+   "artifacts/rust-tauri/R02/T06/gates/reg-t04-storage/service-s4-1.out",
tests/post-verification-audit-seal.test.ts	1	+   "artifacts/rust-tauri/R02/T06/gates/reg-t04-storage/service-s4-2.err",
tests/post-verification-audit-seal.test.ts	1	+   "artifacts/rust-tauri/R02/T06/gates/reg-t04-storage/service-s4-2.out",
tests/post-verification-audit-seal.test.ts	1	+   "artifacts/rust-tauri/R02/T06/gates/reg-t04-storage/service-s4-3.err",
tests/post-verification-audit-seal.test.ts	1	+   "artifacts/rust-tauri/R02/T06/gates/reg-t04-storage/service-s4-3.out",
tests/post-verification-audit-seal.test.ts	1	+   "artifacts/rust-tauri/R02/T06/gates/reg-t04-storage/service.addr",
tests/post-verification-audit-seal.test.ts	1	+   "artifacts/rust-tauri/R02/T06/gates/reg-t04-storage/service.pid",
tests/post-verification-audit-seal.test.ts	1	+   "artifacts/rust-tauri/R02/T06/gates/reg-t04-storage/summary.txt",
tests/post-verification-audit-seal.test.ts	1	+   "artifacts/rust-tauri/R02/T06/gates/reg-t05-events/a09-merged-view.json",
tests/post-verification-audit-seal.test.ts	1	+   "artifacts/rust-tauri/R02/T06/gates/reg-t05-events/a10-rebuild-diff.json",
tests/post-verification-audit-seal.test.ts	1	+   "artifacts/rust-tauri/R02/T06/gates/reg-t05-events/key-events-dump.json",
tests/post-verification-audit-seal.test.ts	1	+   "artifacts/rust-tauri/R02/T06/gates/reg-t05-events/matrix.json",
tests/post-verification-audit-seal.test.ts	1	+   "artifacts/rust-tauri/R02/T06/gates/reg-t05-events/probe-matrix.jsonl",
tests/post-verification-audit-seal.test.ts	1	+   "artifacts/rust-tauri/R02/T06/gates/reg-t05-events/service.err",
tests/post-verification-audit-seal.test.ts	1	+   "artifacts/rust-tauri/R02/T06/gates/reg-t05-events/service.out",
tests/post-verification-audit-seal.test.ts	1	+   "artifacts/rust-tauri/R02/T06/gates/reg-t05-events/summary.txt",
tests/post-verification-audit-seal.test.ts	1	+   "artifacts/rust-tauri/R02/T06/prod-defect-1/baseline-no-gate/summary.txt",
tests/post-verification-audit-seal.test.ts	1	+   "artifacts/rust-tauri/R02/T06/prod-defect-1/baseline-no-gate/v3-missing-stamp-highjournal.err",
tests/post-verification-audit-seal.test.ts	1	+   "artifacts/rust-tauri/R02/T06/prod-defect-1/baseline-no-gate/v3-missing-stamp-highjournal.out",
tests/post-verification-audit-seal.test.ts	1	+   "artifacts/rust-tauri/R02/T06/prod-defect-1/baseline-no-gate/v3-post-write-counts.json",
tests/post-verification-audit-seal.test.ts	1	+   "artifacts/rust-tauri/R02/T06/recovery-drill/summary.txt",
tests/post-verification-audit-seal.test.ts	1	+   "artifacts/rust-tauri/R02/T06/recovery-drill/v1-hashes-after.txt",
tests/post-verification-audit-seal.test.ts	1	+   "artifacts/rust-tauri/R02/T06/recovery-drill/v1-hashes-before.txt",
tests/post-verification-audit-seal.test.ts	1	+   "artifacts/rust-tauri/R02/T06/recovery-drill/v1.err",
tests/post-verification-audit-seal.test.ts	1	+   "artifacts/rust-tauri/R02/T06/recovery-drill/v1.out",
tests/post-verification-audit-seal.test.ts	1	+   "artifacts/rust-tauri/R02/T06/recovery-drill/v2-hashes-after.txt",
tests/post-verification-audit-seal.test.ts	1	+   "artifacts/rust-tauri/R02/T06/recovery-drill/v2-hashes-before.txt",
tests/post-verification-audit-seal.test.ts	1	+   "artifacts/rust-tauri/R02/T06/recovery-drill/v2.err",
tests/post-verification-audit-seal.test.ts	1	+   "artifacts/rust-tauri/R02/T06/recovery-drill/v2.out",
tests/post-verification-audit-seal.test.ts	1	+   "artifacts/rust-tauri/R02/T06/recovery-drill/v3-hashes-after.txt",
tests/post-verification-audit-seal.test.ts	1	+   "artifacts/rust-tauri/R02/T06/recovery-drill/v3-hashes-before.txt",
tests/post-verification-audit-seal.test.ts	1	+   "artifacts/rust-tauri/R02/T06/recovery-drill/v3.err",
tests/post-verification-audit-seal.test.ts	1	+   "artifacts/rust-tauri/R02/T06/recovery-drill/v3.out",
tests/post-verification-audit-seal.test.ts	1	+   "artifacts/rust-tauri/R02/T06/recovery-drill/v4.err",
tests/post-verification-audit-seal.test.ts	1	+   "artifacts/rust-tauri/R02/T06/recovery-drill/v4.out",
tests/post-verification-audit-seal.test.ts	1	+   "artifacts/rust-tauri/R02/T06/recovery-drill/v5-hashes-after.txt",
tests/post-verification-audit-seal.test.ts	1	+   "artifacts/rust-tauri/R02/T06/recovery-drill/v5-hashes-before.txt",
tests/post-verification-audit-seal.test.ts	1	+   "artifacts/rust-tauri/R02/T06/recovery-drill/v5.err",
tests/post-verification-audit-seal.test.ts	1	+   "artifacts/rust-tauri/R02/T06/recovery-drill/v5.out",
tests/post-verification-audit-seal.test.ts	1	+   "artifacts/rust-tauri/R02/T06/recovery-drill/v6-recovered-dump.jsonl",
tests/post-verification-audit-seal.test.ts	1	+   "artifacts/rust-tauri/R02/T06/recovery-drill/v6-seed-execute.txt",
tests/post-verification-audit-seal.test.ts	1	+   "artifacts/rust-tauri/R02/T06/recovery-drill/v6-seed.err",
tests/post-verification-audit-seal.test.ts	1	+   "artifacts/rust-tauri/R02/T06/recovery-drill/v6-seed.out",
tests/post-verification-audit-seal.test.ts	1	+   "artifacts/rust-tauri/R02/T06/recovery-drill/v6.err",
tests/post-verification-audit-seal.test.ts	1	+   "artifacts/rust-tauri/R02/T06/recovery-drill/v6.out",
tests/post-verification-audit-seal.test.ts	1	+   "artifacts/rust-tauri/R02/T06/recovery-drill/v7-hashes-after.txt",
tests/post-verification-audit-seal.test.ts	1	+   "artifacts/rust-tauri/R02/T06/recovery-drill/v7-hashes-before.txt",
tests/post-verification-audit-seal.test.ts	1	+   "artifacts/rust-tauri/R02/T06/recovery-drill/v7-seed.err",
tests/post-verification-audit-seal.test.ts	1	+   "artifacts/rust-tauri/R02/T06/recovery-drill/v7-seed.out",
tests/post-verification-audit-seal.test.ts	1	+   "artifacts/rust-tauri/R02/T06/recovery-drill/v7.err",
tests/post-verification-audit-seal.test.ts	1	+   "artifacts/rust-tauri/R02/T06/recovery-drill/v7.out",
tests/post-verification-audit-seal.test.ts	1	+   "artifacts/rust-tauri/R02/T06/recovery-drill/v8-observed.err",
tests/post-verification-audit-seal.test.ts	1	+   "artifacts/rust-tauri/R02/T06/recovery-drill/v8-seed.err",
tests/post-verification-audit-seal.test.ts	1	+   "artifacts/rust-tauri/R02/T06/recovery-drill/v8-seed.out",
tests/post-verification-audit-seal.test.ts	1	+   "artifacts/rust-tauri/R02/T06/recovery-drill/v8.err",
tests/post-verification-audit-seal.test.ts	1	+   "artifacts/rust-tauri/R02/T06/recovery-drill/v8.out",
tests/post-verification-audit-seal.test.ts	1	+   "artifacts/rust-tauri/R02/T06/repair-r1/backup-restore/s1-backup-dir-listing.txt",
tests/post-verification-audit-seal.test.ts	1	+   "artifacts/rust-tauri/R02/T06/repair-r1/backup-restore/s1-backup-outcome.json",
tests/post-verification-audit-seal.test.ts	1	+   "artifacts/rust-tauri/R02/T06/repair-r1/backup-restore/s1-backup.err",
tests/post-verification-audit-seal.test.ts	1	+   "artifacts/rust-tauri/R02/T06/repair-r1/backup-restore/s1-restore-outcome.json",
tests/post-verification-audit-seal.test.ts	1	+   "artifacts/rust-tauri/R02/T06/repair-r1/backup-restore/s1-restore.err",
tests/post-verification-audit-seal.test.ts	1	+   "artifacts/rust-tauri/R02/T06/repair-r1/backup-restore/s1-restored-dump.jsonl",
tests/post-verification-audit-seal.test.ts	1	+   "artifacts/rust-tauri/R02/T06/repair-r1/backup-restore/s1-restored-hash.txt",
tests/post-verification-audit-seal.test.ts	1	+   "artifacts/rust-tauri/R02/T06/repair-r1/backup-restore/s1-source-dump.jsonl",
tests/post-verification-audit-seal.test.ts	1	+   "artifacts/rust-tauri/R02/T06/repair-r1/backup-restore/s1-source-hash.txt",
tests/post-verification-audit-seal.test.ts	1	+   "artifacts/rust-tauri/R02/T06/repair-r1/backup-restore/s1-wal-size.txt",
tests/post-verification-audit-seal.test.ts	1	+   "artifacts/rust-tauri/R02/T06/repair-r1/backup-restore/s3-backup-out.json",
tests/post-verification-audit-seal.test.ts	1	+   "artifacts/rust-tauri/R02/T06/repair-r1/backup-restore/s3-backup.err",
tests/post-verification-audit-seal.test.ts	1	+   "artifacts/rust-tauri/R02/T06/repair-r1/backup-restore/s4-ws-probe.json",
tests/post-verification-audit-seal.test.ts	1	+   "artifacts/rust-tauri/R02/T06/repair-r1/backup-restore/s4-ws-probe.json.probe-done",
tests/post-verification-audit-seal.test.ts	1	+   "artifacts/rust-tauri/R02/T06/repair-r1/backup-restore/service-s1.addr",
tests/post-verification-audit-seal.test.ts	1	+   "artifacts/rust-tauri/R02/T06/repair-r1/backup-restore/service-s1.err",
tests/post-verification-audit-seal.test.ts	1	+   "artifacts/rust-tauri/R02/T06/repair-r1/backup-restore/service-s1.out",
tests/post-verification-audit-seal.test.ts	1	+   "artifacts/rust-tauri/R02/T06/repair-r1/backup-restore/service-s2.addr",
tests/post-verification-audit-seal.test.ts	1	+   "artifacts/rust-tauri/R02/T06/repair-r1/backup-restore/service-s2.err",
tests/post-verification-audit-seal.test.ts	1	+   "artifacts/rust-tauri/R02/T06/repair-r1/backup-restore/service-s2.out",
tests/post-verification-audit-seal.test.ts	1	+   "artifacts/rust-tauri/R02/T06/repair-r1/backup-restore/service-s4.addr",
tests/post-verification-audit-seal.test.ts	1	+   "artifacts/rust-tauri/R02/T06/repair-r1/backup-restore/service-s4.err",
tests/post-verification-audit-seal.test.ts	1	+   "artifacts/rust-tauri/R02/T06/repair-r1/backup-restore/service-s4.out",
tests/post-verification-audit-seal.test.ts	1	+   "artifacts/rust-tauri/R02/T06/repair-r1/backup-restore/service.pid",
tests/post-verification-audit-seal.test.ts	1	+   "artifacts/rust-tauri/R02/T06/repair-r1/backup-restore/summary.txt",
tests/post-verification-audit-seal.test.ts	1	+   "artifacts/rust-tauri/R02/T06/repair-r1/recovery-drill/summary.txt",
tests/post-verification-audit-seal.test.ts	1	+   "artifacts/rust-tauri/R02/T06/repair-r1/recovery-drill/v1-hashes-after.txt",
tests/post-verification-audit-seal.test.ts	1	+   "artifacts/rust-tauri/R02/T06/repair-r1/recovery-drill/v1-hashes-before.txt",
tests/post-verification-audit-seal.test.ts	1	+   "artifacts/rust-tauri/R02/T06/repair-r1/recovery-drill/v1.err",
tests/post-verification-audit-seal.test.ts	1	+   "artifacts/rust-tauri/R02/T06/repair-r1/recovery-drill/v1.out",
tests/post-verification-audit-seal.test.ts	1	+   "artifacts/rust-tauri/R02/T06/repair-r1/recovery-drill/v2-hashes-after.txt",
tests/post-verification-audit-seal.test.ts	1	+   "artifacts/rust-tauri/R02/T06/repair-r1/recovery-drill/v2-hashes-before.txt",
tests/post-verification-audit-seal.test.ts	1	+   "artifacts/rust-tauri/R02/T06/repair-r1/recovery-drill/v2.err",
tests/post-verification-audit-seal.test.ts	1	+   "artifacts/rust-tauri/R02/T06/repair-r1/recovery-drill/v2.out",
tests/post-verification-audit-seal.test.ts	1	+   "artifacts/rust-tauri/R02/T06/repair-r1/recovery-drill/v3-hashes-after.txt",
tests/post-verification-audit-seal.test.ts	1	+   "artifacts/rust-tauri/R02/T06/repair-r1/recovery-drill/v3-hashes-before.txt",
tests/post-verification-audit-seal.test.ts	1	+   "artifacts/rust-tauri/R02/T06/repair-r1/recovery-drill/v3.err",
tests/post-verification-audit-seal.test.ts	1	+   "artifacts/rust-tauri/R02/T06/repair-r1/recovery-drill/v3.out",
tests/post-verification-audit-seal.test.ts	1	+   "artifacts/rust-tauri/R02/T06/repair-r1/recovery-drill/v4.err",
tests/post-verification-audit-seal.test.ts	1	+   "artifacts/rust-tauri/R02/T06/repair-r1/recovery-drill/v4.out",
tests/post-verification-audit-seal.test.ts	1	+   "artifacts/rust-tauri/R02/T06/repair-r1/recovery-drill/v5-hashes-after.txt",
tests/post-verification-audit-seal.test.ts	1	+   "artifacts/rust-tauri/R02/T06/repair-r1/recovery-drill/v5-hashes-before.txt",
tests/post-verification-audit-seal.test.ts	1	+   "artifacts/rust-tauri/R02/T06/repair-r1/recovery-drill/v5.err",
tests/post-verification-audit-seal.test.ts	1	+   "artifacts/rust-tauri/R02/T06/repair-r1/recovery-drill/v5.out",
tests/post-verification-audit-seal.test.ts	1	+   "artifacts/rust-tauri/R02/T06/repair-r1/recovery-drill/v6-recovered-dump.jsonl",
tests/post-verification-audit-seal.test.ts	1	+   "artifacts/rust-tauri/R02/T06/repair-r1/recovery-drill/v6-seed-execute.txt",
tests/post-verification-audit-seal.test.ts	1	+   "artifacts/rust-tauri/R02/T06/repair-r1/recovery-drill/v6-seed.err",
tests/post-verification-audit-seal.test.ts	1	+   "artifacts/rust-tauri/R02/T06/repair-r1/recovery-drill/v6-seed.out",
tests/post-verification-audit-seal.test.ts	1	+   "artifacts/rust-tauri/R02/T06/repair-r1/recovery-drill/v6.err",
tests/post-verification-audit-seal.test.ts	1	+   "artifacts/rust-tauri/R02/T06/repair-r1/recovery-drill/v6.out",
tests/post-verification-audit-seal.test.ts	1	+   "artifacts/rust-tauri/R02/T06/repair-r1/recovery-drill/v7-hashes-after.txt",
tests/post-verification-audit-seal.test.ts	1	+   "artifacts/rust-tauri/R02/T06/repair-r1/recovery-drill/v7-hashes-before.txt",
tests/post-verification-audit-seal.test.ts	1	+   "artifacts/rust-tauri/R02/T06/repair-r1/recovery-drill/v7-seed.err",
tests/post-verification-audit-seal.test.ts	1	+   "artifacts/rust-tauri/R02/T06/repair-r1/recovery-drill/v7-seed.out",
tests/post-verification-audit-seal.test.ts	1	+   "artifacts/rust-tauri/R02/T06/repair-r1/recovery-drill/v7.err",
tests/post-verification-audit-seal.test.ts	1	+   "artifacts/rust-tauri/R02/T06/repair-r1/recovery-drill/v7.out",
tests/post-verification-audit-seal.test.ts	1	+   "artifacts/rust-tauri/R02/T06/repair-r1/recovery-drill/v8-observed.err",
tests/post-verification-audit-seal.test.ts	1	+   "artifacts/rust-tauri/R02/T06/repair-r1/recovery-drill/v8-seed.err",
tests/post-verification-audit-seal.test.ts	1	+   "artifacts/rust-tauri/R02/T06/repair-r1/recovery-drill/v8-seed.out",
tests/post-verification-audit-seal.test.ts	1	+   "artifacts/rust-tauri/R02/T06/repair-r1/recovery-drill/v8.err",
tests/post-verification-audit-seal.test.ts	1	+   "artifacts/rust-tauri/R02/T06/repair-r1/recovery-drill/v8.out",
tests/post-verification-audit-seal.test.ts	1	+   "artifacts/rust-tauri/R02/T06/repair-r1/reg-r02_t01_service_smoke/a01-cargo-metadata.err",
tests/post-verification-audit-seal.test.ts	1	+   "artifacts/rust-tauri/R02/T06/repair-r1/reg-r02_t01_service_smoke/a01-cargo-metadata.json",
tests/post-verification-audit-seal.test.ts	1	+   "artifacts/rust-tauri/R02/T06/repair-r1/reg-r02_t01_service_smoke/a01-health-body.json",
tests/post-verification-audit-seal.test.ts	1	+   "artifacts/rust-tauri/R02/T06/repair-r1/reg-r02_t02_dual_instance/a03-forged-record.json",
tests/post-verification-audit-seal.test.ts	1	+   "artifacts/rust-tauri/R02/T06/repair-r1/reg-r02_t02_dual_instance/a03-inst1-health.json",
tests/post-verification-audit-seal.test.ts	1	+   "artifacts/rust-tauri/R02/T06/repair-r1/reg-r02_t02_dual_instance/a03-inst2-marker.txt",
tests/post-verification-audit-seal.test.ts	1	+   "artifacts/rust-tauri/R02/T06/repair-r1/reg-r02_t02_dual_instance/a03-summary.txt",
tests/post-verification-audit-seal.test.ts	1	+   "artifacts/rust-tauri/R02/T06/repair-r1/reg-r02_t02_path_priority/a04-summary.txt",
tests/post-verification-audit-seal.test.ts	1	+   "artifacts/rust-tauri/R02/T06/repair-r1/reg-r02_t03_auth_matrix/.last-body",
tests/post-verification-audit-seal.test.ts	1	+   "artifacts/rust-tauri/R02/T06/repair-r1/reg-r02_t03_auth_matrix/body-limit.txt",
tests/post-verification-audit-seal.test.ts	1	+   "artifacts/rust-tauri/R02/T06/repair-r1/reg-r02_t03_auth_matrix/creds-after-authz.json",
tests/post-verification-audit-seal.test.ts	1	+   "artifacts/rust-tauri/R02/T06/repair-r1/reg-r02_t03_auth_matrix/creds-before-authz.json",
tests/post-verification-audit-seal.test.ts	1	+   "artifacts/rust-tauri/R02/T06/repair-r1/reg-r02_t03_auth_matrix/devices-after-authz.json",
tests/post-verification-audit-seal.test.ts	1	+   "artifacts/rust-tauri/R02/T06/repair-r1/reg-r02_t03_auth_matrix/devices-before-authz.json",
tests/post-verification-audit-seal.test.ts	1	+   "artifacts/rust-tauri/R02/T06/repair-r1/reg-r02_t03_auth_matrix/state-after-authn.txt",
tests/post-verification-audit-seal.test.ts	1	+   "artifacts/rust-tauri/R02/T06/repair-r1/reg-r02_t03_auth_matrix/state-after.txt",
tests/post-verification-audit-seal.test.ts	1	+   "artifacts/rust-tauri/R02/T06/repair-r1/reg-r02_t03_auth_matrix/state-before-authz.txt",
tests/post-verification-audit-seal.test.ts	1	+   "artifacts/rust-tauri/R02/T06/repair-r1/reg-r02_t03_auth_matrix/state-before.txt",
tests/post-verification-audit-seal.test.ts	1	+   "artifacts/rust-tauri/R02/T06/repair-r1/reg-r02_t03_auth_matrix/summary.txt",
tests/post-verification-audit-seal.test.ts	1	+   "artifacts/rust-tauri/R02/T06/repair-r1/reg-r02_t03_auth_matrix/ws-matrix.json",
tests/post-verification-audit-seal.test.ts	1	+   "artifacts/rust-tauri/R02/T06/repair-r1/reg-r02_t04_storage_tx/last-db-hashes.txt",
tests/post-verification-audit-seal.test.ts	1	+   "artifacts/rust-tauri/R02/T06/repair-r1/reg-r02_t04_storage_tx/s1-counts-after-stop.json",
tests/post-verification-audit-seal.test.ts	1	+   "artifacts/rust-tauri/R02/T06/repair-r1/reg-r02_t04_storage_tx/s2-counts-after-crash.json",
tests/post-verification-audit-seal.test.ts	1	+   "artifacts/rust-tauri/R02/T06/repair-r1/reg-r02_t04_storage_tx/s2-runs-dump.jsonl",
tests/post-verification-audit-seal.test.ts	1	+   "artifacts/rust-tauri/R02/T06/repair-r1/reg-r02_t04_storage_tx/s3-fault.err",
tests/post-verification-audit-seal.test.ts	1	+   "artifacts/rust-tauri/R02/T06/repair-r1/reg-r02_t04_storage_tx/s3-fault.out",
tests/post-verification-audit-seal.test.ts	1	+   "artifacts/rust-tauri/R02/T06/repair-r1/reg-r02_t04_storage_tx/s4-hashes-after.txt",
tests/post-verification-audit-seal.test.ts	1	+   "artifacts/rust-tauri/R02/T06/repair-r1/reg-r02_t04_storage_tx/s4-hashes-before.txt",
tests/post-verification-audit-seal.test.ts	1	+   "artifacts/rust-tauri/R02/T06/repair-r1/reg-r02_t04_storage_tx/s4-migrations-round1.json",
tests/post-verification-audit-seal.test.ts	1	+   "artifacts/rust-tauri/R02/T06/repair-r1/reg-r02_t04_storage_tx/s4-migrations-round2.json",
tests/post-verification-audit-seal.test.ts	1	+   "artifacts/rust-tauri/R02/T06/repair-r1/reg-r02_t04_storage_tx/s4-migrations-round3.json",
tests/post-verification-audit-seal.test.ts	1	+   "artifacts/rust-tauri/R02/T06/repair-r1/reg-r02_t04_storage_tx/service-s1.err",
tests/post-verification-audit-seal.test.ts	1	+   "artifacts/rust-tauri/R02/T06/repair-r1/reg-r02_t04_storage_tx/service-s1.out",
tests/post-verification-audit-seal.test.ts	1	+   "artifacts/rust-tauri/R02/T06/repair-r1/reg-r02_t04_storage_tx/service-s1b.err",
tests/post-verification-audit-seal.test.ts	1	+   "artifacts/rust-tauri/R02/T06/repair-r1/reg-r02_t04_storage_tx/service-s1b.out",
tests/post-verification-audit-seal.test.ts	1	+   "artifacts/rust-tauri/R02/T06/repair-r1/reg-r02_t04_storage_tx/service-s2.err",
tests/post-verification-audit-seal.test.ts	1	+   "artifacts/rust-tauri/R02/T06/repair-r1/reg-r02_t04_storage_tx/service-s2.out",
tests/post-verification-audit-seal.test.ts	1	+   "artifacts/rust-tauri/R02/T06/repair-r1/reg-r02_t04_storage_tx/service-s2b.err",
tests/post-verification-audit-seal.test.ts	1	+   "artifacts/rust-tauri/R02/T06/repair-r1/reg-r02_t04_storage_tx/service-s2b.out",
tests/post-verification-audit-seal.test.ts	1	+   "artifacts/rust-tauri/R02/T06/repair-r1/reg-r02_t04_storage_tx/service-s4-1.err",
tests/post-verification-audit-seal.test.ts	1	+   "artifacts/rust-tauri/R02/T06/repair-r1/reg-r02_t04_storage_tx/service-s4-1.out",
tests/post-verification-audit-seal.test.ts	1	+   "artifacts/rust-tauri/R02/T06/repair-r1/reg-r02_t04_storage_tx/service-s4-2.err",
tests/post-verification-audit-seal.test.ts	1	+   "artifacts/rust-tauri/R02/T06/repair-r1/reg-r02_t04_storage_tx/service-s4-2.out",
tests/post-verification-audit-seal.test.ts	1	+   "artifacts/rust-tauri/R02/T06/repair-r1/reg-r02_t04_storage_tx/service-s4-3.err",
tests/post-verification-audit-seal.test.ts	1	+   "artifacts/rust-tauri/R02/T06/repair-r1/reg-r02_t04_storage_tx/service-s4-3.out",
tests/post-verification-audit-seal.test.ts	1	+   "artifacts/rust-tauri/R02/T06/repair-r1/reg-r02_t04_storage_tx/service.addr",
tests/post-verification-audit-seal.test.ts	1	+   "artifacts/rust-tauri/R02/T06/repair-r1/reg-r02_t04_storage_tx/service.pid",
tests/post-verification-audit-seal.test.ts	1	+   "artifacts/rust-tauri/R02/T06/repair-r1/reg-r02_t04_storage_tx/summary.txt",
tests/post-verification-audit-seal.test.ts	1	+   "artifacts/rust-tauri/R02/T06/repair-r1/reg-r02_t05_events_matrix/a09-merged-view.json",
tests/post-verification-audit-seal.test.ts	1	+   "artifacts/rust-tauri/R02/T06/repair-r1/reg-r02_t05_events_matrix/a10-rebuild-diff.json",
tests/post-verification-audit-seal.test.ts	1	+   "artifacts/rust-tauri/R02/T06/repair-r1/reg-r02_t05_events_matrix/key-events-dump.json",
tests/post-verification-audit-seal.test.ts	1	+   "artifacts/rust-tauri/R02/T06/repair-r1/reg-r02_t05_events_matrix/matrix.json",
tests/post-verification-audit-seal.test.ts	1	+   "artifacts/rust-tauri/R02/T06/repair-r1/reg-r02_t05_events_matrix/probe-matrix.jsonl",
tests/post-verification-audit-seal.test.ts	1	+   "artifacts/rust-tauri/R02/T06/repair-r1/reg-r02_t05_events_matrix/service.err",
tests/post-verification-audit-seal.test.ts	1	+   "artifacts/rust-tauri/R02/T06/repair-r1/reg-r02_t05_events_matrix/service.out",
tests/post-verification-audit-seal.test.ts	1	+   "artifacts/rust-tauri/R02/T06/repair-r1/reg-r02_t05_events_matrix/summary.txt",
tests/post-verification-audit-seal.test.ts	1	+   "artifacts/rust-tauri/R02/T07/gates/reg-t01-smoke/a01-cargo-metadata.err",
tests/post-verification-audit-seal.test.ts	1	+   "artifacts/rust-tauri/R02/T07/gates/reg-t01-smoke/a01-cargo-metadata.json",
tests/post-verification-audit-seal.test.ts	1	+   "artifacts/rust-tauri/R02/T07/gates/reg-t01-smoke/a01-health-body.json",
tests/post-verification-audit-seal.test.ts	1	+   "artifacts/rust-tauri/R02/T07/gates/reg-t02-dual-instance/a03-forged-record.json",
tests/post-verification-audit-seal.test.ts	1	+   "artifacts/rust-tauri/R02/T07/gates/reg-t02-dual-instance/a03-inst1-health.json",
tests/post-verification-audit-seal.test.ts	1	+   "artifacts/rust-tauri/R02/T07/gates/reg-t02-dual-instance/a03-inst2-marker.txt",
tests/post-verification-audit-seal.test.ts	1	+   "artifacts/rust-tauri/R02/T07/gates/reg-t02-dual-instance/a03-summary.txt",
tests/post-verification-audit-seal.test.ts	1	+   "artifacts/rust-tauri/R02/T07/gates/reg-t02-path-priority/a04-summary.txt",
tests/post-verification-audit-seal.test.ts	1	+   "artifacts/rust-tauri/R02/T07/gates/reg-t03-auth-matrix/.last-body",
tests/post-verification-audit-seal.test.ts	1	+   "artifacts/rust-tauri/R02/T07/gates/reg-t03-auth-matrix/body-limit.txt",
tests/post-verification-audit-seal.test.ts	1	+   "artifacts/rust-tauri/R02/T07/gates/reg-t03-auth-matrix/creds-after-authz.json",
tests/post-verification-audit-seal.test.ts	1	+   "artifacts/rust-tauri/R02/T07/gates/reg-t03-auth-matrix/creds-before-authz.json",
tests/post-verification-audit-seal.test.ts	1	+   "artifacts/rust-tauri/R02/T07/gates/reg-t03-auth-matrix/devices-after-authz.json",
tests/post-verification-audit-seal.test.ts	1	+   "artifacts/rust-tauri/R02/T07/gates/reg-t03-auth-matrix/devices-before-authz.json",
tests/post-verification-audit-seal.test.ts	1	+   "artifacts/rust-tauri/R02/T07/gates/reg-t03-auth-matrix/state-after-authn.txt",
tests/post-verification-audit-seal.test.ts	1	+   "artifacts/rust-tauri/R02/T07/gates/reg-t03-auth-matrix/state-after.txt",
tests/post-verification-audit-seal.test.ts	1	+   "artifacts/rust-tauri/R02/T07/gates/reg-t03-auth-matrix/state-before-authz.txt",
tests/post-verification-audit-seal.test.ts	1	+   "artifacts/rust-tauri/R02/T07/gates/reg-t03-auth-matrix/state-before.txt",
tests/post-verification-audit-seal.test.ts	1	+   "artifacts/rust-tauri/R02/T07/gates/reg-t03-auth-matrix/summary.txt",
tests/post-verification-audit-seal.test.ts	1	+   "artifacts/rust-tauri/R02/T07/gates/reg-t03-auth-matrix/ws-matrix.json",
tests/post-verification-audit-seal.test.ts	1	+   "artifacts/rust-tauri/R02/T07/gates/reg-t04-storage-tx/last-db-hashes.txt",
tests/post-verification-audit-seal.test.ts	1	+   "artifacts/rust-tauri/R02/T07/gates/reg-t04-storage-tx/s1-counts-after-stop.json",
tests/post-verification-audit-seal.test.ts	1	+   "artifacts/rust-tauri/R02/T07/gates/reg-t04-storage-tx/s2-counts-after-crash.json",
tests/post-verification-audit-seal.test.ts	1	+   "artifacts/rust-tauri/R02/T07/gates/reg-t04-storage-tx/s2-runs-dump.jsonl",
tests/post-verification-audit-seal.test.ts	1	+   "artifacts/rust-tauri/R02/T07/gates/reg-t04-storage-tx/s3-fault.err",
tests/post-verification-audit-seal.test.ts	1	+   "artifacts/rust-tauri/R02/T07/gates/reg-t04-storage-tx/s3-fault.out",
tests/post-verification-audit-seal.test.ts	1	+   "artifacts/rust-tauri/R02/T07/gates/reg-t04-storage-tx/s4-hashes-after.txt",
tests/post-verification-audit-seal.test.ts	1	+   "artifacts/rust-tauri/R02/T07/gates/reg-t04-storage-tx/s4-hashes-before.txt",
tests/post-verification-audit-seal.test.ts	1	+   "artifacts/rust-tauri/R02/T07/gates/reg-t04-storage-tx/s4-migrations-round1.json",
tests/post-verification-audit-seal.test.ts	1	+   "artifacts/rust-tauri/R02/T07/gates/reg-t04-storage-tx/s4-migrations-round2.json",
tests/post-verification-audit-seal.test.ts	1	+   "artifacts/rust-tauri/R02/T07/gates/reg-t04-storage-tx/s4-migrations-round3.json",
tests/post-verification-audit-seal.test.ts	1	+   "artifacts/rust-tauri/R02/T07/gates/reg-t04-storage-tx/service-s1.err",
tests/post-verification-audit-seal.test.ts	1	+   "artifacts/rust-tauri/R02/T07/gates/reg-t04-storage-tx/service-s1.out",
tests/post-verification-audit-seal.test.ts	1	+   "artifacts/rust-tauri/R02/T07/gates/reg-t04-storage-tx/service-s1b.err",
tests/post-verification-audit-seal.test.ts	1	+   "artifacts/rust-tauri/R02/T07/gates/reg-t04-storage-tx/service-s1b.out",
tests/post-verification-audit-seal.test.ts	1	+   "artifacts/rust-tauri/R02/T07/gates/reg-t04-storage-tx/service-s2.err",
tests/post-verification-audit-seal.test.ts	1	+   "artifacts/rust-tauri/R02/T07/gates/reg-t04-storage-tx/service-s2.out",
tests/post-verification-audit-seal.test.ts	1	+   "artifacts/rust-tauri/R02/T07/gates/reg-t04-storage-tx/service-s2b.err",
tests/post-verification-audit-seal.test.ts	1	+   "artifacts/rust-tauri/R02/T07/gates/reg-t04-storage-tx/service-s2b.out",
tests/post-verification-audit-seal.test.ts	1	+   "artifacts/rust-tauri/R02/T07/gates/reg-t04-storage-tx/service-s4-1.err",
tests/post-verification-audit-seal.test.ts	1	+   "artifacts/rust-tauri/R02/T07/gates/reg-t04-storage-tx/service-s4-1.out",
tests/post-verification-audit-seal.test.ts	1	+   "artifacts/rust-tauri/R02/T07/gates/reg-t04-storage-tx/service-s4-2.err",
tests/post-verification-audit-seal.test.ts	1	+   "artifacts/rust-tauri/R02/T07/gates/reg-t04-storage-tx/service-s4-2.out",
tests/post-verification-audit-seal.test.ts	1	+   "artifacts/rust-tauri/R02/T07/gates/reg-t04-storage-tx/service-s4-3.err",
tests/post-verification-audit-seal.test.ts	1	+   "artifacts/rust-tauri/R02/T07/gates/reg-t04-storage-tx/service-s4-3.out",
tests/post-verification-audit-seal.test.ts	1	+   "artifacts/rust-tauri/R02/T07/gates/reg-t04-storage-tx/service.addr",
tests/post-verification-audit-seal.test.ts	1	+   "artifacts/rust-tauri/R02/T07/gates/reg-t04-storage-tx/service.pid",
tests/post-verification-audit-seal.test.ts	1	+   "artifacts/rust-tauri/R02/T07/gates/reg-t04-storage-tx/summary.txt",
tests/post-verification-audit-seal.test.ts	1	+   "artifacts/rust-tauri/R02/T07/gates/reg-t05-events-matrix/a09-merged-view.json",
tests/post-verification-audit-seal.test.ts	1	+   "artifacts/rust-tauri/R02/T07/gates/reg-t05-events-matrix/a10-rebuild-diff.json",
tests/post-verification-audit-seal.test.ts	1	+   "artifacts/rust-tauri/R02/T07/gates/reg-t05-events-matrix/key-events-dump.json",
tests/post-verification-audit-seal.test.ts	1	+   "artifacts/rust-tauri/R02/T07/gates/reg-t05-events-matrix/matrix.json",
tests/post-verification-audit-seal.test.ts	1	+   "artifacts/rust-tauri/R02/T07/gates/reg-t05-events-matrix/probe-matrix.jsonl",
tests/post-verification-audit-seal.test.ts	1	+   "artifacts/rust-tauri/R02/T07/gates/reg-t05-events-matrix/service.err",
tests/post-verification-audit-seal.test.ts	1	+   "artifacts/rust-tauri/R02/T07/gates/reg-t05-events-matrix/service.out",
tests/post-verification-audit-seal.test.ts	1	+   "artifacts/rust-tauri/R02/T07/gates/reg-t05-events-matrix/summary.txt",
tests/post-verification-audit-seal.test.ts	1	+   "artifacts/rust-tauri/R02/T07/gates/reg-t06-backup-restore/backup-restore/s1-backup-dir-listing.txt",
tests/post-verification-audit-seal.test.ts	1	+   "artifacts/rust-tauri/R02/T07/gates/reg-t06-backup-restore/backup-restore/s1-backup-outcome.json",
tests/post-verification-audit-seal.test.ts	1	+   "artifacts/rust-tauri/R02/T07/gates/reg-t06-backup-restore/backup-restore/s1-backup.err",
tests/post-verification-audit-seal.test.ts	1	+   "artifacts/rust-tauri/R02/T07/gates/reg-t06-backup-restore/backup-restore/s1-restore-outcome.json",
tests/post-verification-audit-seal.test.ts	1	+   "artifacts/rust-tauri/R02/T07/gates/reg-t06-backup-restore/backup-restore/s1-restore.err",
tests/post-verification-audit-seal.test.ts	1	+   "artifacts/rust-tauri/R02/T07/gates/reg-t06-backup-restore/backup-restore/s1-restored-dump.jsonl",
tests/post-verification-audit-seal.test.ts	1	+   "artifacts/rust-tauri/R02/T07/gates/reg-t06-backup-restore/backup-restore/s1-restored-hash.txt",
tests/post-verification-audit-seal.test.ts	1	+   "artifacts/rust-tauri/R02/T07/gates/reg-t06-backup-restore/backup-restore/s1-source-dump.jsonl",
tests/post-verification-audit-seal.test.ts	1	+   "artifacts/rust-tauri/R02/T07/gates/reg-t06-backup-restore/backup-restore/s1-source-hash.txt",
tests/post-verification-audit-seal.test.ts	1	+   "artifacts/rust-tauri/R02/T07/gates/reg-t06-backup-restore/backup-restore/s1-wal-size.txt",
tests/post-verification-audit-seal.test.ts	1	+   "artifacts/rust-tauri/R02/T07/gates/reg-t06-backup-restore/backup-restore/s3-backup-out.json",
tests/post-verification-audit-seal.test.ts	1	+   "artifacts/rust-tauri/R02/T07/gates/reg-t06-backup-restore/backup-restore/s3-backup.err",
tests/post-verification-audit-seal.test.ts	1	+   "artifacts/rust-tauri/R02/T07/gates/reg-t06-backup-restore/backup-restore/s4-ws-probe.json",
tests/post-verification-audit-seal.test.ts	1	+   "artifacts/rust-tauri/R02/T07/gates/reg-t06-backup-restore/backup-restore/s4-ws-probe.json.probe-done",
tests/post-verification-audit-seal.test.ts	1	+   "artifacts/rust-tauri/R02/T07/gates/reg-t06-backup-restore/backup-restore/service-s1.addr",
tests/post-verification-audit-seal.test.ts	1	+   "artifacts/rust-tauri/R02/T07/gates/reg-t06-backup-restore/backup-restore/service-s1.err",
tests/post-verification-audit-seal.test.ts	1	+   "artifacts/rust-tauri/R02/T07/gates/reg-t06-backup-restore/backup-restore/service-s1.out",
tests/post-verification-audit-seal.test.ts	1	+   "artifacts/rust-tauri/R02/T07/gates/reg-t06-backup-restore/backup-restore/service-s2.addr",
tests/post-verification-audit-seal.test.ts	1	+   "artifacts/rust-tauri/R02/T07/gates/reg-t06-backup-restore/backup-restore/service-s2.err",
tests/post-verification-audit-seal.test.ts	1	+   "artifacts/rust-tauri/R02/T07/gates/reg-t06-backup-restore/backup-restore/service-s2.out",
tests/post-verification-audit-seal.test.ts	1	+   "artifacts/rust-tauri/R02/T07/gates/reg-t06-backup-restore/backup-restore/service-s4.addr",
tests/post-verification-audit-seal.test.ts	1	+   "artifacts/rust-tauri/R02/T07/gates/reg-t06-backup-restore/backup-restore/service-s4.err",
tests/post-verification-audit-seal.test.ts	1	+   "artifacts/rust-tauri/R02/T07/gates/reg-t06-backup-restore/backup-restore/service-s4.out",
tests/post-verification-audit-seal.test.ts	1	+   "artifacts/rust-tauri/R02/T07/gates/reg-t06-backup-restore/backup-restore/service.pid",
tests/post-verification-audit-seal.test.ts	1	+   "artifacts/rust-tauri/R02/T07/gates/reg-t06-backup-restore/backup-restore/summary.txt",
tests/post-verification-audit-seal.test.ts	1	+   "artifacts/rust-tauri/R02/T07/gates/reg-t06-recovery-drill/recovery-drill/summary.txt",
tests/post-verification-audit-seal.test.ts	1	+   "artifacts/rust-tauri/R02/T07/gates/reg-t06-recovery-drill/recovery-drill/v1-hashes-after.txt",
tests/post-verification-audit-seal.test.ts	1	+   "artifacts/rust-tauri/R02/T07/gates/reg-t06-recovery-drill/recovery-drill/v1-hashes-before.txt",
tests/post-verification-audit-seal.test.ts	1	+   "artifacts/rust-tauri/R02/T07/gates/reg-t06-recovery-drill/recovery-drill/v1.err",
tests/post-verification-audit-seal.test.ts	1	+   "artifacts/rust-tauri/R02/T07/gates/reg-t06-recovery-drill/recovery-drill/v1.out",
tests/post-verification-audit-seal.test.ts	1	+   "artifacts/rust-tauri/R02/T07/gates/reg-t06-recovery-drill/recovery-drill/v2-hashes-after.txt",
tests/post-verification-audit-seal.test.ts	1	+   "artifacts/rust-tauri/R02/T07/gates/reg-t06-recovery-drill/recovery-drill/v2-hashes-before.txt",
tests/post-verification-audit-seal.test.ts	1	+   "artifacts/rust-tauri/R02/T07/gates/reg-t06-recovery-drill/recovery-drill/v2.err",
tests/post-verification-audit-seal.test.ts	1	+   "artifacts/rust-tauri/R02/T07/gates/reg-t06-recovery-drill/recovery-drill/v2.out",
tests/post-verification-audit-seal.test.ts	1	+   "artifacts/rust-tauri/R02/T07/gates/reg-t06-recovery-drill/recovery-drill/v3-hashes-after.txt",
tests/post-verification-audit-seal.test.ts	1	+   "artifacts/rust-tauri/R02/T07/gates/reg-t06-recovery-drill/recovery-drill/v3-hashes-before.txt",
tests/post-verification-audit-seal.test.ts	1	+   "artifacts/rust-tauri/R02/T07/gates/reg-t06-recovery-drill/recovery-drill/v3.err",
tests/post-verification-audit-seal.test.ts	1	+   "artifacts/rust-tauri/R02/T07/gates/reg-t06-recovery-drill/recovery-drill/v3.out",
tests/post-verification-audit-seal.test.ts	1	+   "artifacts/rust-tauri/R02/T07/gates/reg-t06-recovery-drill/recovery-drill/v4.err",
tests/post-verification-audit-seal.test.ts	1	+   "artifacts/rust-tauri/R02/T07/gates/reg-t06-recovery-drill/recovery-drill/v4.out",
tests/post-verification-audit-seal.test.ts	1	+   "artifacts/rust-tauri/R02/T07/gates/reg-t06-recovery-drill/recovery-drill/v5-hashes-after.txt",
tests/post-verification-audit-seal.test.ts	1	+   "artifacts/rust-tauri/R02/T07/gates/reg-t06-recovery-drill/recovery-drill/v5-hashes-before.txt",
tests/post-verification-audit-seal.test.ts	1	+   "artifacts/rust-tauri/R02/T07/gates/reg-t06-recovery-drill/recovery-drill/v5.err",
tests/post-verification-audit-seal.test.ts	1	+   "artifacts/rust-tauri/R02/T07/gates/reg-t06-recovery-drill/recovery-drill/v5.out",
tests/post-verification-audit-seal.test.ts	1	+   "artifacts/rust-tauri/R02/T07/gates/reg-t06-recovery-drill/recovery-drill/v6-recovered-dump.jsonl",
tests/post-verification-audit-seal.test.ts	1	+   "artifacts/rust-tauri/R02/T07/gates/reg-t06-recovery-drill/recovery-drill/v6-seed-execute.txt",
tests/post-verification-audit-seal.test.ts	1	+   "artifacts/rust-tauri/R02/T07/gates/reg-t06-recovery-drill/recovery-drill/v6-seed.err",
tests/post-verification-audit-seal.test.ts	1	+   "artifacts/rust-tauri/R02/T07/gates/reg-t06-recovery-drill/recovery-drill/v6-seed.out",
tests/post-verification-audit-seal.test.ts	1	+   "artifacts/rust-tauri/R02/T07/gates/reg-t06-recovery-drill/recovery-drill/v6.err",
tests/post-verification-audit-seal.test.ts	1	+   "artifacts/rust-tauri/R02/T07/gates/reg-t06-recovery-drill/recovery-drill/v6.out",
tests/post-verification-audit-seal.test.ts	1	+   "artifacts/rust-tauri/R02/T07/gates/reg-t06-recovery-drill/recovery-drill/v7-hashes-after.txt",
tests/post-verification-audit-seal.test.ts	1	+   "artifacts/rust-tauri/R02/T07/gates/reg-t06-recovery-drill/recovery-drill/v7-hashes-before.txt",
tests/post-verification-audit-seal.test.ts	1	+   "artifacts/rust-tauri/R02/T07/gates/reg-t06-recovery-drill/recovery-drill/v7-seed.err",
tests/post-verification-audit-seal.test.ts	1	+   "artifacts/rust-tauri/R02/T07/gates/reg-t06-recovery-drill/recovery-drill/v7-seed.out",
tests/post-verification-audit-seal.test.ts	1	+   "artifacts/rust-tauri/R02/T07/gates/reg-t06-recovery-drill/recovery-drill/v7.err",
tests/post-verification-audit-seal.test.ts	1	+   "artifacts/rust-tauri/R02/T07/gates/reg-t06-recovery-drill/recovery-drill/v7.out",
tests/post-verification-audit-seal.test.ts	1	+   "artifacts/rust-tauri/R02/T07/gates/reg-t06-recovery-drill/recovery-drill/v8-observed.err",
tests/post-verification-audit-seal.test.ts	1	+   "artifacts/rust-tauri/R02/T07/gates/reg-t06-recovery-drill/recovery-drill/v8-seed.err",
tests/post-verification-audit-seal.test.ts	1	+   "artifacts/rust-tauri/R02/T07/gates/reg-t06-recovery-drill/recovery-drill/v8-seed.out",
tests/post-verification-audit-seal.test.ts	1	+   "artifacts/rust-tauri/R02/T07/gates/reg-t06-recovery-drill/recovery-drill/v8.err",
tests/post-verification-audit-seal.test.ts	1	+   "artifacts/rust-tauri/R02/T07/gates/reg-t06-recovery-drill/recovery-drill/v8.out",
tests/post-verification-audit-seal.test.ts	1	+   "artifacts/rust-tauri/R02/T07/redaction-scan/inventory.txt",
tests/post-verification-audit-seal.test.ts	1	+   "artifacts/rust-tauri/R02/T07/redaction-scan/p1-execute-ok.body",
tests/post-verification-audit-seal.test.ts	1	+   "artifacts/rust-tauri/R02/T07/redaction-scan/p1-execute-ok.headers",
tests/post-verification-audit-seal.test.ts	1	+   "artifacts/rust-tauri/R02/T07/redaction-scan/p1-execute-request.json",
tests/post-verification-audit-seal.test.ts	1	+   "artifacts/rust-tauri/R02/T07/redaction-scan/p1-issue-credential.body",
tests/post-verification-audit-seal.test.ts	1	+   "artifacts/rust-tauri/R02/T07/redaction-scan/p1-issue-credential.headers",
tests/post-verification-audit-seal.test.ts	1	+   "artifacts/rust-tauri/R02/T07/redaction-scan/p1-issue-request.json",
tests/post-verification-audit-seal.test.ts	1	+   "artifacts/rust-tauri/R02/T07/redaction-scan/p1-me-ok.body",
tests/post-verification-audit-seal.test.ts	1	+   "artifacts/rust-tauri/R02/T07/redaction-scan/p1-me-ok.headers",
tests/post-verification-audit-seal.test.ts	1	+   "artifacts/rust-tauri/R02/T07/redaction-scan/p1-ticket-request.json",
tests/post-verification-audit-seal.test.ts	1	+   "artifacts/rust-tauri/R02/T07/redaction-scan/p1-ticket.body",
tests/post-verification-audit-seal.test.ts	1	+   "artifacts/rust-tauri/R02/T07/redaction-scan/p1-ticket.headers",
tests/post-verification-audit-seal.test.ts	1	+   "artifacts/rust-tauri/R02/T07/redaction-scan/p2-me-bad-bearer.body",
tests/post-verification-audit-seal.test.ts	1	+   "artifacts/rust-tauri/R02/T07/redaction-scan/p2-me-bad-bearer.headers",
tests/post-verification-audit-seal.test.ts	1	+   "artifacts/rust-tauri/R02/T07/redaction-scan/p2-me-no-auth.body",
tests/post-verification-audit-seal.test.ts	1	+   "artifacts/rust-tauri/R02/T07/redaction-scan/p2-me-no-auth.headers",
tests/post-verification-audit-seal.test.ts	1	+   "artifacts/rust-tauri/R02/T07/redaction-scan/p2-session-cross.body",
tests/post-verification-audit-seal.test.ts	1	+   "artifacts/rust-tauri/R02/T07/redaction-scan/p2-session-cross.headers",
tests/post-verification-audit-seal.test.ts	1	+   "artifacts/rust-tauri/R02/T07/redaction-scan/p2-session-missing.body",
tests/post-verification-audit-seal.test.ts	1	+   "artifacts/rust-tauri/R02/T07/redaction-scan/p2-session-missing.headers",
tests/post-verification-audit-seal.test.ts	1	+   "artifacts/rust-tauri/R02/T07/redaction-scan/p2-ws-bad-query.body",
tests/post-verification-audit-seal.test.ts	1	+   "artifacts/rust-tauri/R02/T07/redaction-scan/p2-ws-bad-query.headers",
tests/post-verification-audit-seal.test.ts	1	+   "artifacts/rust-tauri/R02/T07/redaction-scan/p2-ws-transcript.txt",
tests/post-verification-audit-seal.test.ts	1	+   "artifacts/rust-tauri/R02/T07/redaction-scan/p3-burst-1.body",
tests/post-verification-audit-seal.test.ts	1	+   "artifacts/rust-tauri/R02/T07/redaction-scan/p3-burst-2.body",
tests/post-verification-audit-seal.test.ts	1	+   "artifacts/rust-tauri/R02/T07/redaction-scan/p3-burst-3.body",
tests/post-verification-audit-seal.test.ts	1	+   "artifacts/rust-tauri/R02/T07/redaction-scan/p3-burst-4.body",
tests/post-verification-audit-seal.test.ts	1	+   "artifacts/rust-tauri/R02/T07/redaction-scan/p3-burst-5.body",
tests/post-verification-audit-seal.test.ts	1	+   "artifacts/rust-tauri/R02/T07/redaction-scan/p3-burst-6.body",
tests/post-verification-audit-seal.test.ts	1	+   "artifacts/rust-tauri/R02/T07/redaction-scan/p3-burst-7.body",
tests/post-verification-audit-seal.test.ts	1	+   "artifacts/rust-tauri/R02/T07/redaction-scan/p3-burst-8.body",
tests/post-verification-audit-seal.test.ts	1	+   "artifacts/rust-tauri/R02/T07/redaction-scan/p3-execute-request.json",
tests/post-verification-audit-seal.test.ts	1	+   "artifacts/rust-tauri/R02/T07/redaction-scan/p3-status-codes.txt",
tests/post-verification-audit-seal.test.ts	1	+   "artifacts/rust-tauri/R02/T07/redaction-scan/service-p1.addr",
tests/post-verification-audit-seal.test.ts	1	+   "artifacts/rust-tauri/R02/T07/redaction-scan/service-p1.err",
tests/post-verification-audit-seal.test.ts	1	+   "artifacts/rust-tauri/R02/T07/redaction-scan/service-p1.out",
tests/post-verification-audit-seal.test.ts	1	+   "artifacts/rust-tauri/R02/T07/redaction-scan/service-p3.addr",
tests/post-verification-audit-seal.test.ts	1	+   "artifacts/rust-tauri/R02/T07/redaction-scan/service-p3.err",
tests/post-verification-audit-seal.test.ts	1	+   "artifacts/rust-tauri/R02/T07/redaction-scan/service-p3.out",
tests/post-verification-audit-seal.test.ts	1	+   "artifacts/rust-tauri/R02/T07/redaction-scan/service-p4.err",
tests/post-verification-audit-seal.test.ts	1	+   "artifacts/rust-tauri/R02/T07/redaction-scan/service-p4.out",
tests/post-verification-audit-seal.test.ts	1	+   "artifacts/rust-tauri/R02/T07/redaction-scan/summary.txt",
tests/post-verification-audit-seal.test.ts	1	+   "artifacts/rust-tauri/R02/T07/slow-subscriber/detach-lines.txt",
tests/post-verification-audit-seal.test.ts	1	+   "artifacts/rust-tauri/R02/T07/slow-subscriber/rss-samples.csv",
tests/post-verification-audit-seal.test.ts	1	+   "artifacts/rust-tauri/R02/T07/slow-subscriber/service.err",
tests/post-verification-audit-seal.test.ts	1	+   "artifacts/rust-tauri/R02/T07/slow-subscriber/service.out",
tests/post-verification-audit-seal.test.ts	1	+   "artifacts/rust-tauri/R02/T07/slow-subscriber/storm-results.json",
tests/post-verification-audit-seal.test.ts	1	+   "artifacts/rust-tauri/R02/T07/slow-subscriber/summary.txt",
tests/post-verification-audit-seal.test.ts	1	+   "artifacts/rust-tauri/R02/T08/gates/verify-stage-run1-missing-evidence-FAIL.json",
tests/post-verification-audit-seal.test.ts	1	+   "artifacts/rust-tauri/R02/T08/gates/xtask-help.txt",
tests/post-verification-audit-seal.test.ts	1	+   "artifacts/rust-tauri/R02/T08/gates/xtask-unknown-stage-exit2.txt",
tests/post-verification-audit-seal.test.ts	1	+   "artifacts/rust-tauri/R02/T08/gates/xtask-unknown-subcommand-exit2.txt",
tests/post-verification-audit-seal.test.ts	1	+   "artifacts/rust-tauri/R02/T08/verify-stage/A01/a01-cargo-metadata.err",
tests/post-verification-audit-seal.test.ts	1	+   "artifacts/rust-tauri/R02/T08/verify-stage/A01/a01-cargo-metadata.json",
tests/post-verification-audit-seal.test.ts	1	+   "artifacts/rust-tauri/R02/T08/verify-stage/A01/a01-health-body.json",
tests/post-verification-audit-seal.test.ts	1	+   "artifacts/rust-tauri/R02/T08/verify-stage/A03/a03-forged-record.json",
tests/post-verification-audit-seal.test.ts	1	+   "artifacts/rust-tauri/R02/T08/verify-stage/A03/a03-inst1-health.json",
tests/post-verification-audit-seal.test.ts	1	+   "artifacts/rust-tauri/R02/T08/verify-stage/A03/a03-inst2-marker.txt",
tests/post-verification-audit-seal.test.ts	1	+   "artifacts/rust-tauri/R02/T08/verify-stage/A03/a03-summary.txt",
tests/post-verification-audit-seal.test.ts	1	+   "artifacts/rust-tauri/R02/T08/verify-stage/A04/a04-summary.txt",
tests/post-verification-audit-seal.test.ts	1	+   "artifacts/rust-tauri/R02/T08/verify-stage/A05_A06/.last-body",
tests/post-verification-audit-seal.test.ts	1	+   "artifacts/rust-tauri/R02/T08/verify-stage/A05_A06/body-limit.txt",
tests/post-verification-audit-seal.test.ts	1	+   "artifacts/rust-tauri/R02/T08/verify-stage/A05_A06/creds-after-authz.json",
tests/post-verification-audit-seal.test.ts	1	+   "artifacts/rust-tauri/R02/T08/verify-stage/A05_A06/creds-before-authz.json",
tests/post-verification-audit-seal.test.ts	1	+   "artifacts/rust-tauri/R02/T08/verify-stage/A05_A06/devices-after-authz.json",
tests/post-verification-audit-seal.test.ts	1	+   "artifacts/rust-tauri/R02/T08/verify-stage/A05_A06/devices-before-authz.json",
tests/post-verification-audit-seal.test.ts	1	+   "artifacts/rust-tauri/R02/T08/verify-stage/A05_A06/state-after-authn.txt",
tests/post-verification-audit-seal.test.ts	1	+   "artifacts/rust-tauri/R02/T08/verify-stage/A05_A06/state-after.txt",
tests/post-verification-audit-seal.test.ts	1	+   "artifacts/rust-tauri/R02/T08/verify-stage/A05_A06/state-before-authz.txt",
tests/post-verification-audit-seal.test.ts	1	+   "artifacts/rust-tauri/R02/T08/verify-stage/A05_A06/state-before.txt",
tests/post-verification-audit-seal.test.ts	1	+   "artifacts/rust-tauri/R02/T08/verify-stage/A05_A06/summary.txt",
tests/post-verification-audit-seal.test.ts	1	+   "artifacts/rust-tauri/R02/T08/verify-stage/A05_A06/ws-matrix.json",
tests/post-verification-audit-seal.test.ts	1	+   "artifacts/rust-tauri/R02/T08/verify-stage/A07_A08/last-db-hashes.txt",
tests/post-verification-audit-seal.test.ts	1	+   "artifacts/rust-tauri/R02/T08/verify-stage/A07_A08/s1-counts-after-stop.json",
tests/post-verification-audit-seal.test.ts	1	+   "artifacts/rust-tauri/R02/T08/verify-stage/A07_A08/s2-counts-after-crash.json",
tests/post-verification-audit-seal.test.ts	1	+   "artifacts/rust-tauri/R02/T08/verify-stage/A07_A08/s2-runs-dump.jsonl",
tests/post-verification-audit-seal.test.ts	1	+   "artifacts/rust-tauri/R02/T08/verify-stage/A07_A08/s3-fault.err",
tests/post-verification-audit-seal.test.ts	1	+   "artifacts/rust-tauri/R02/T08/verify-stage/A07_A08/s3-fault.out",
tests/post-verification-audit-seal.test.ts	1	+   "artifacts/rust-tauri/R02/T08/verify-stage/A07_A08/s4-hashes-after.txt",
tests/post-verification-audit-seal.test.ts	1	+   "artifacts/rust-tauri/R02/T08/verify-stage/A07_A08/s4-hashes-before.txt",
tests/post-verification-audit-seal.test.ts	1	+   "artifacts/rust-tauri/R02/T08/verify-stage/A07_A08/s4-migrations-round1.json",
tests/post-verification-audit-seal.test.ts	1	+   "artifacts/rust-tauri/R02/T08/verify-stage/A07_A08/s4-migrations-round2.json",
tests/post-verification-audit-seal.test.ts	1	+   "artifacts/rust-tauri/R02/T08/verify-stage/A07_A08/s4-migrations-round3.json",
tests/post-verification-audit-seal.test.ts	1	+   "artifacts/rust-tauri/R02/T08/verify-stage/A07_A08/service-s1.err",
tests/post-verification-audit-seal.test.ts	1	+   "artifacts/rust-tauri/R02/T08/verify-stage/A07_A08/service-s1.out",
tests/post-verification-audit-seal.test.ts	1	+   "artifacts/rust-tauri/R02/T08/verify-stage/A07_A08/service-s1b.err",
tests/post-verification-audit-seal.test.ts	1	+   "artifacts/rust-tauri/R02/T08/verify-stage/A07_A08/service-s1b.out",
tests/post-verification-audit-seal.test.ts	1	+   "artifacts/rust-tauri/R02/T08/verify-stage/A07_A08/service-s2.err",
tests/post-verification-audit-seal.test.ts	1	+   "artifacts/rust-tauri/R02/T08/verify-stage/A07_A08/service-s2.out",
tests/post-verification-audit-seal.test.ts	1	+   "artifacts/rust-tauri/R02/T08/verify-stage/A07_A08/service-s2b.err",
tests/post-verification-audit-seal.test.ts	1	+   "artifacts/rust-tauri/R02/T08/verify-stage/A07_A08/service-s2b.out",
tests/post-verification-audit-seal.test.ts	1	+   "artifacts/rust-tauri/R02/T08/verify-stage/A07_A08/service-s4-1.err",
tests/post-verification-audit-seal.test.ts	1	+   "artifacts/rust-tauri/R02/T08/verify-stage/A07_A08/service-s4-1.out",
tests/post-verification-audit-seal.test.ts	1	+   "artifacts/rust-tauri/R02/T08/verify-stage/A07_A08/service-s4-2.err",
tests/post-verification-audit-seal.test.ts	1	+   "artifacts/rust-tauri/R02/T08/verify-stage/A07_A08/service-s4-2.out",
tests/post-verification-audit-seal.test.ts	1	+   "artifacts/rust-tauri/R02/T08/verify-stage/A07_A08/service-s4-3.err",
tests/post-verification-audit-seal.test.ts	1	+   "artifacts/rust-tauri/R02/T08/verify-stage/A07_A08/service-s4-3.out",
tests/post-verification-audit-seal.test.ts	1	+   "artifacts/rust-tauri/R02/T08/verify-stage/A07_A08/service.addr",
tests/post-verification-audit-seal.test.ts	1	+   "artifacts/rust-tauri/R02/T08/verify-stage/A07_A08/service.pid",
tests/post-verification-audit-seal.test.ts	1	+   "artifacts/rust-tauri/R02/T08/verify-stage/A07_A08/summary.txt",
tests/post-verification-audit-seal.test.ts	1	+   "artifacts/rust-tauri/R02/T08/verify-stage/A09_A10/a09-merged-view.json",
tests/post-verification-audit-seal.test.ts	1	+   "artifacts/rust-tauri/R02/T08/verify-stage/A09_A10/a10-rebuild-diff.json",
tests/post-verification-audit-seal.test.ts	1	+   "artifacts/rust-tauri/R02/T08/verify-stage/A09_A10/key-events-dump.json",
tests/post-verification-audit-seal.test.ts	1	+   "artifacts/rust-tauri/R02/T08/verify-stage/A09_A10/matrix.json",
tests/post-verification-audit-seal.test.ts	1	+   "artifacts/rust-tauri/R02/T08/verify-stage/A09_A10/probe-matrix.jsonl",
tests/post-verification-audit-seal.test.ts	1	+   "artifacts/rust-tauri/R02/T08/verify-stage/A09_A10/service.err",
tests/post-verification-audit-seal.test.ts	1	+   "artifacts/rust-tauri/R02/T08/verify-stage/A09_A10/service.out",
tests/post-verification-audit-seal.test.ts	1	+   "artifacts/rust-tauri/R02/T08/verify-stage/A09_A10/summary.txt",
tests/post-verification-audit-seal.test.ts	1	+   "artifacts/rust-tauri/R02/T08/verify-stage/A11/backup-restore/s1-backup-dir-listing.txt",
tests/post-verification-audit-seal.test.ts	1	+   "artifacts/rust-tauri/R02/T08/verify-stage/A11/backup-restore/s1-backup-outcome.json",
tests/post-verification-audit-seal.test.ts	1	+   "artifacts/rust-tauri/R02/T08/verify-stage/A11/backup-restore/s1-backup.err",
tests/post-verification-audit-seal.test.ts	1	+   "artifacts/rust-tauri/R02/T08/verify-stage/A11/backup-restore/s1-restore-outcome.json",
tests/post-verification-audit-seal.test.ts	1	+   "artifacts/rust-tauri/R02/T08/verify-stage/A11/backup-restore/s1-restore.err",
tests/post-verification-audit-seal.test.ts	1	+   "artifacts/rust-tauri/R02/T08/verify-stage/A11/backup-restore/s1-restored-dump.jsonl",
tests/post-verification-audit-seal.test.ts	1	+   "artifacts/rust-tauri/R02/T08/verify-stage/A11/backup-restore/s1-restored-hash.txt",
tests/post-verification-audit-seal.test.ts	1	+   "artifacts/rust-tauri/R02/T08/verify-stage/A11/backup-restore/s1-source-dump.jsonl",
tests/post-verification-audit-seal.test.ts	1	+   "artifacts/rust-tauri/R02/T08/verify-stage/A11/backup-restore/s1-source-hash.txt",
tests/post-verification-audit-seal.test.ts	1	+   "artifacts/rust-tauri/R02/T08/verify-stage/A11/backup-restore/s1-wal-size.txt",
tests/post-verification-audit-seal.test.ts	1	+   "artifacts/rust-tauri/R02/T08/verify-stage/A11/backup-restore/s3-backup-out.json",
tests/post-verification-audit-seal.test.ts	1	+   "artifacts/rust-tauri/R02/T08/verify-stage/A11/backup-restore/s3-backup.err",
tests/post-verification-audit-seal.test.ts	1	+   "artifacts/rust-tauri/R02/T08/verify-stage/A11/backup-restore/s4-ws-probe.json",
tests/post-verification-audit-seal.test.ts	1	+   "artifacts/rust-tauri/R02/T08/verify-stage/A11/backup-restore/s4-ws-probe.json.probe-done",
tests/post-verification-audit-seal.test.ts	1	+   "artifacts/rust-tauri/R02/T08/verify-stage/A11/backup-restore/service-s1.addr",
tests/post-verification-audit-seal.test.ts	1	+   "artifacts/rust-tauri/R02/T08/verify-stage/A11/backup-restore/service-s1.err",
tests/post-verification-audit-seal.test.ts	1	+   "artifacts/rust-tauri/R02/T08/verify-stage/A11/backup-restore/service-s1.out",
tests/post-verification-audit-seal.test.ts	1	+   "artifacts/rust-tauri/R02/T08/verify-stage/A11/backup-restore/service-s2.addr",
tests/post-verification-audit-seal.test.ts	1	+   "artifacts/rust-tauri/R02/T08/verify-stage/A11/backup-restore/service-s2.err",
tests/post-verification-audit-seal.test.ts	1	+   "artifacts/rust-tauri/R02/T08/verify-stage/A11/backup-restore/service-s2.out",
tests/post-verification-audit-seal.test.ts	1	+   "artifacts/rust-tauri/R02/T08/verify-stage/A11/backup-restore/service-s4.addr",
tests/post-verification-audit-seal.test.ts	1	+   "artifacts/rust-tauri/R02/T08/verify-stage/A11/backup-restore/service-s4.err",
tests/post-verification-audit-seal.test.ts	1	+   "artifacts/rust-tauri/R02/T08/verify-stage/A11/backup-restore/service-s4.out",
tests/post-verification-audit-seal.test.ts	1	+   "artifacts/rust-tauri/R02/T08/verify-stage/A11/backup-restore/service.pid",
tests/post-verification-audit-seal.test.ts	1	+   "artifacts/rust-tauri/R02/T08/verify-stage/A11/backup-restore/summary.txt",
tests/post-verification-audit-seal.test.ts	1	+   "artifacts/rust-tauri/R02/T08/verify-stage/A12/recovery-drill/summary.txt",
tests/post-verification-audit-seal.test.ts	1	+   "artifacts/rust-tauri/R02/T08/verify-stage/A12/recovery-drill/v1-hashes-after.txt",
tests/post-verification-audit-seal.test.ts	1	+   "artifacts/rust-tauri/R02/T08/verify-stage/A12/recovery-drill/v1-hashes-before.txt",
tests/post-verification-audit-seal.test.ts	1	+   "artifacts/rust-tauri/R02/T08/verify-stage/A12/recovery-drill/v1.err",
tests/post-verification-audit-seal.test.ts	1	+   "artifacts/rust-tauri/R02/T08/verify-stage/A12/recovery-drill/v1.out",
tests/post-verification-audit-seal.test.ts	1	+   "artifacts/rust-tauri/R02/T08/verify-stage/A12/recovery-drill/v2-hashes-after.txt",
tests/post-verification-audit-seal.test.ts	1	+   "artifacts/rust-tauri/R02/T08/verify-stage/A12/recovery-drill/v2-hashes-before.txt",
tests/post-verification-audit-seal.test.ts	1	+   "artifacts/rust-tauri/R02/T08/verify-stage/A12/recovery-drill/v2.err",
tests/post-verification-audit-seal.test.ts	1	+   "artifacts/rust-tauri/R02/T08/verify-stage/A12/recovery-drill/v2.out",
tests/post-verification-audit-seal.test.ts	1	+   "artifacts/rust-tauri/R02/T08/verify-stage/A12/recovery-drill/v3-hashes-after.txt",
tests/post-verification-audit-seal.test.ts	1	+   "artifacts/rust-tauri/R02/T08/verify-stage/A12/recovery-drill/v3-hashes-before.txt",
tests/post-verification-audit-seal.test.ts	1	+   "artifacts/rust-tauri/R02/T08/verify-stage/A12/recovery-drill/v3.err",
tests/post-verification-audit-seal.test.ts	1	+   "artifacts/rust-tauri/R02/T08/verify-stage/A12/recovery-drill/v3.out",
tests/post-verification-audit-seal.test.ts	1	+   "artifacts/rust-tauri/R02/T08/verify-stage/A12/recovery-drill/v4.err",
tests/post-verification-audit-seal.test.ts	1	+   "artifacts/rust-tauri/R02/T08/verify-stage/A12/recovery-drill/v4.out",
tests/post-verification-audit-seal.test.ts	1	+   "artifacts/rust-tauri/R02/T08/verify-stage/A12/recovery-drill/v5-hashes-after.txt",
tests/post-verification-audit-seal.test.ts	1	+   "artifacts/rust-tauri/R02/T08/verify-stage/A12/recovery-drill/v5-hashes-before.txt",
tests/post-verification-audit-seal.test.ts	1	+   "artifacts/rust-tauri/R02/T08/verify-stage/A12/recovery-drill/v5.err",
tests/post-verification-audit-seal.test.ts	1	+   "artifacts/rust-tauri/R02/T08/verify-stage/A12/recovery-drill/v5.out",
tests/post-verification-audit-seal.test.ts	1	+   "artifacts/rust-tauri/R02/T08/verify-stage/A12/recovery-drill/v6-recovered-dump.jsonl",
tests/post-verification-audit-seal.test.ts	1	+   "artifacts/rust-tauri/R02/T08/verify-stage/A12/recovery-drill/v6-seed-execute.txt",
tests/post-verification-audit-seal.test.ts	1	+   "artifacts/rust-tauri/R02/T08/verify-stage/A12/recovery-drill/v6-seed.err",
tests/post-verification-audit-seal.test.ts	1	+   "artifacts/rust-tauri/R02/T08/verify-stage/A12/recovery-drill/v6-seed.out",
tests/post-verification-audit-seal.test.ts	1	+   "artifacts/rust-tauri/R02/T08/verify-stage/A12/recovery-drill/v6.err",
tests/post-verification-audit-seal.test.ts	1	+   "artifacts/rust-tauri/R02/T08/verify-stage/A12/recovery-drill/v6.out",
tests/post-verification-audit-seal.test.ts	1	+   "artifacts/rust-tauri/R02/T08/verify-stage/A12/recovery-drill/v7-hashes-after.txt",
tests/post-verification-audit-seal.test.ts	1	+   "artifacts/rust-tauri/R02/T08/verify-stage/A12/recovery-drill/v7-hashes-before.txt",
tests/post-verification-audit-seal.test.ts	1	+   "artifacts/rust-tauri/R02/T08/verify-stage/A12/recovery-drill/v7-seed.err",
tests/post-verification-audit-seal.test.ts	1	+   "artifacts/rust-tauri/R02/T08/verify-stage/A12/recovery-drill/v7-seed.out",
tests/post-verification-audit-seal.test.ts	1	+   "artifacts/rust-tauri/R02/T08/verify-stage/A12/recovery-drill/v7.err",
tests/post-verification-audit-seal.test.ts	1	+   "artifacts/rust-tauri/R02/T08/verify-stage/A12/recovery-drill/v7.out",
tests/post-verification-audit-seal.test.ts	1	+   "artifacts/rust-tauri/R02/T08/verify-stage/A12/recovery-drill/v8-observed.err",
tests/post-verification-audit-seal.test.ts	1	+   "artifacts/rust-tauri/R02/T08/verify-stage/A12/recovery-drill/v8-seed.err",
tests/post-verification-audit-seal.test.ts	1	+   "artifacts/rust-tauri/R02/T08/verify-stage/A12/recovery-drill/v8-seed.out",
tests/post-verification-audit-seal.test.ts	1	+   "artifacts/rust-tauri/R02/T08/verify-stage/A12/recovery-drill/v8.err",
tests/post-verification-audit-seal.test.ts	1	+   "artifacts/rust-tauri/R02/T08/verify-stage/A12/recovery-drill/v8.out",
tests/post-verification-audit-seal.test.ts	1	+   "artifacts/rust-tauri/R02/T08/verify-stage/A13/redaction-scan/inventory.txt",
tests/post-verification-audit-seal.test.ts	1	+   "artifacts/rust-tauri/R02/T08/verify-stage/A13/redaction-scan/p1-execute-ok.body",
tests/post-verification-audit-seal.test.ts	1	+   "artifacts/rust-tauri/R02/T08/verify-stage/A13/redaction-scan/p1-execute-ok.headers",
tests/post-verification-audit-seal.test.ts	1	+   "artifacts/rust-tauri/R02/T08/verify-stage/A13/redaction-scan/p1-execute-request.json",
tests/post-verification-audit-seal.test.ts	1	+   "artifacts/rust-tauri/R02/T08/verify-stage/A13/redaction-scan/p1-issue-credential.body",
tests/post-verification-audit-seal.test.ts	1	+   "artifacts/rust-tauri/R02/T08/verify-stage/A13/redaction-scan/p1-issue-credential.headers",
tests/post-verification-audit-seal.test.ts	1	+   "artifacts/rust-tauri/R02/T08/verify-stage/A13/redaction-scan/p1-issue-request.json",
tests/post-verification-audit-seal.test.ts	1	+   "artifacts/rust-tauri/R02/T08/verify-stage/A13/redaction-scan/p1-me-ok.body",
tests/post-verification-audit-seal.test.ts	1	+   "artifacts/rust-tauri/R02/T08/verify-stage/A13/redaction-scan/p1-me-ok.headers",
tests/post-verification-audit-seal.test.ts	1	+   "artifacts/rust-tauri/R02/T08/verify-stage/A13/redaction-scan/p1-ticket-request.json",
tests/post-verification-audit-seal.test.ts	1	+   "artifacts/rust-tauri/R02/T08/verify-stage/A13/redaction-scan/p1-ticket.body",
tests/post-verification-audit-seal.test.ts	1	+   "artifacts/rust-tauri/R02/T08/verify-stage/A13/redaction-scan/p1-ticket.headers",
tests/post-verification-audit-seal.test.ts	1	+   "artifacts/rust-tauri/R02/T08/verify-stage/A13/redaction-scan/p2-me-bad-bearer.body",
tests/post-verification-audit-seal.test.ts	1	+   "artifacts/rust-tauri/R02/T08/verify-stage/A13/redaction-scan/p2-me-bad-bearer.headers",
tests/post-verification-audit-seal.test.ts	1	+   "artifacts/rust-tauri/R02/T08/verify-stage/A13/redaction-scan/p2-me-no-auth.body",
tests/post-verification-audit-seal.test.ts	1	+   "artifacts/rust-tauri/R02/T08/verify-stage/A13/redaction-scan/p2-me-no-auth.headers",
tests/post-verification-audit-seal.test.ts	1	+   "artifacts/rust-tauri/R02/T08/verify-stage/A13/redaction-scan/p2-session-cross.body",
tests/post-verification-audit-seal.test.ts	1	+   "artifacts/rust-tauri/R02/T08/verify-stage/A13/redaction-scan/p2-session-cross.headers",
tests/post-verification-audit-seal.test.ts	1	+   "artifacts/rust-tauri/R02/T08/verify-stage/A13/redaction-scan/p2-session-missing.body",
tests/post-verification-audit-seal.test.ts	1	+   "artifacts/rust-tauri/R02/T08/verify-stage/A13/redaction-scan/p2-session-missing.headers",
tests/post-verification-audit-seal.test.ts	1	+   "artifacts/rust-tauri/R02/T08/verify-stage/A13/redaction-scan/p2-ws-bad-query.body",
tests/post-verification-audit-seal.test.ts	1	+   "artifacts/rust-tauri/R02/T08/verify-stage/A13/redaction-scan/p2-ws-bad-query.headers",
tests/post-verification-audit-seal.test.ts	1	+   "artifacts/rust-tauri/R02/T08/verify-stage/A13/redaction-scan/p2-ws-transcript.txt",
tests/post-verification-audit-seal.test.ts	1	+   "artifacts/rust-tauri/R02/T08/verify-stage/A13/redaction-scan/p3-burst-1.body",
tests/post-verification-audit-seal.test.ts	1	+   "artifacts/rust-tauri/R02/T08/verify-stage/A13/redaction-scan/p3-burst-2.body",
tests/post-verification-audit-seal.test.ts	1	+   "artifacts/rust-tauri/R02/T08/verify-stage/A13/redaction-scan/p3-burst-3.body",
tests/post-verification-audit-seal.test.ts	1	+   "artifacts/rust-tauri/R02/T08/verify-stage/A13/redaction-scan/p3-burst-4.body",
tests/post-verification-audit-seal.test.ts	1	+   "artifacts/rust-tauri/R02/T08/verify-stage/A13/redaction-scan/p3-burst-5.body",
tests/post-verification-audit-seal.test.ts	1	+   "artifacts/rust-tauri/R02/T08/verify-stage/A13/redaction-scan/p3-burst-6.body",
tests/post-verification-audit-seal.test.ts	1	+   "artifacts/rust-tauri/R02/T08/verify-stage/A13/redaction-scan/p3-burst-7.body",
tests/post-verification-audit-seal.test.ts	1	+   "artifacts/rust-tauri/R02/T08/verify-stage/A13/redaction-scan/p3-burst-8.body",
tests/post-verification-audit-seal.test.ts	1	+   "artifacts/rust-tauri/R02/T08/verify-stage/A13/redaction-scan/p3-execute-request.json",
tests/post-verification-audit-seal.test.ts	1	+   "artifacts/rust-tauri/R02/T08/verify-stage/A13/redaction-scan/p3-status-codes.txt",
tests/post-verification-audit-seal.test.ts	1	+   "artifacts/rust-tauri/R02/T08/verify-stage/A13/redaction-scan/service-p1.addr",
tests/post-verification-audit-seal.test.ts	1	+   "artifacts/rust-tauri/R02/T08/verify-stage/A13/redaction-scan/service-p1.err",
tests/post-verification-audit-seal.test.ts	1	+   "artifacts/rust-tauri/R02/T08/verify-stage/A13/redaction-scan/service-p1.out",
tests/post-verification-audit-seal.test.ts	1	+   "artifacts/rust-tauri/R02/T08/verify-stage/A13/redaction-scan/service-p3.addr",
tests/post-verification-audit-seal.test.ts	1	+   "artifacts/rust-tauri/R02/T08/verify-stage/A13/redaction-scan/service-p3.err",
tests/post-verification-audit-seal.test.ts	1	+   "artifacts/rust-tauri/R02/T08/verify-stage/A13/redaction-scan/service-p3.out",
tests/post-verification-audit-seal.test.ts	1	+   "artifacts/rust-tauri/R02/T08/verify-stage/A13/redaction-scan/service-p4.err",
tests/post-verification-audit-seal.test.ts	1	+   "artifacts/rust-tauri/R02/T08/verify-stage/A13/redaction-scan/service-p4.out",
tests/post-verification-audit-seal.test.ts	1	+   "artifacts/rust-tauri/R02/T08/verify-stage/A13/redaction-scan/summary.txt",
tests/post-verification-audit-seal.test.ts	1	+   "artifacts/rust-tauri/R02/T08/verify-stage/A14/slow-subscriber/detach-lines.txt",
tests/post-verification-audit-seal.test.ts	1	+   "artifacts/rust-tauri/R02/T08/verify-stage/A14/slow-subscriber/rss-samples.csv",
tests/post-verification-audit-seal.test.ts	1	+   "artifacts/rust-tauri/R02/T08/verify-stage/A14/slow-subscriber/service.err",
tests/post-verification-audit-seal.test.ts	1	+   "artifacts/rust-tauri/R02/T08/verify-stage/A14/slow-subscriber/service.out",
tests/post-verification-audit-seal.test.ts	1	+   "artifacts/rust-tauri/R02/T08/verify-stage/A14/slow-subscriber/storm-results.json",
tests/post-verification-audit-seal.test.ts	1	+   "artifacts/rust-tauri/R02/T08/verify-stage/A14/slow-subscriber/summary.txt",
tests/post-verification-audit-seal.test.ts	1	+   "artifacts/rust-tauri/R02/T08/verify-stage/A15/full-chain/pre-restart-head.json",
tests/post-verification-audit-seal.test.ts	1	+   "artifacts/rust-tauri/R02/T08/verify-stage/A15/full-chain/probe1.err",
tests/post-verification-audit-seal.test.ts	1	+   "artifacts/rust-tauri/R02/T08/verify-stage/A15/full-chain/probe1.pass-lines",
tests/post-verification-audit-seal.test.ts	1	+   "artifacts/rust-tauri/R02/T08/verify-stage/A15/full-chain/probe2.err",
tests/post-verification-audit-seal.test.ts	1	+   "artifacts/rust-tauri/R02/T08/verify-stage/A15/full-chain/probe2.pass-lines",
tests/post-verification-audit-seal.test.ts	1	+   "artifacts/rust-tauri/R02/T08/verify-stage/A15/full-chain/service1.err",
tests/post-verification-audit-seal.test.ts	1	+   "artifacts/rust-tauri/R02/T08/verify-stage/A15/full-chain/service1.out",
tests/post-verification-audit-seal.test.ts	1	+   "artifacts/rust-tauri/R02/T08/verify-stage/A15/full-chain/service2.err",
tests/post-verification-audit-seal.test.ts	1	+   "artifacts/rust-tauri/R02/T08/verify-stage/A15/full-chain/service2.out",
tests/post-verification-audit-seal.test.ts	1	+   "artifacts/rust-tauri/R02/T08/verify-stage/A15/full-chain/summary.txt",
tests/post-verification-audit-seal.test.ts	1	+   "artifacts/rust-tauri/R02/T08/verify-stage/A16/legacy-entry/e1-diff-node-surface.txt",
tests/post-verification-audit-seal.test.ts	1	+   "artifacts/rust-tauri/R02/T08/verify-stage/A16/legacy-entry/e1-launch-rust-refs.txt",
tests/post-verification-audit-seal.test.ts	1	+   "artifacts/rust-tauri/R02/T08/verify-stage/A16/legacy-entry/e5-failed-test-files.txt",
tests/post-verification-audit-seal.test.ts	1	+   "artifacts/rust-tauri/R02/T08/verify-stage/A16/legacy-entry/e5-seal-family.txt",
tests/post-verification-audit-seal.test.ts	1	+   "artifacts/rust-tauri/R02/T08/verify-stage/A16/legacy-entry/e5-t08-files-in-failure-lists.txt",
tests/post-verification-audit-seal.test.ts	1	+   "artifacts/rust-tauri/R02/T08/verify-stage/A16/legacy-entry/e5-vitest-summary.txt",
tests/post-verification-audit-seal.test.ts	1	+   "artifacts/rust-tauri/R02/T08/verify-stage/A16/legacy-entry/summary.txt",
tests/post-verification-audit-seal.test.ts	1	+   "artifacts/rust-tauri/R02/T08/verify-stage/verify-stage-result.json",
tests/post-verification-audit-seal.test.ts	1	+   "artifacts/rust-tauri/R02/T08/working-tree-digest.txt",
tests/post-verification-audit-seal.test.ts	1	+   "artifacts/rust-tauri/R02/a15-root-r17-cleanup-rerun/full-chain/pre-restart-head.json",
tests/post-verification-audit-seal.test.ts	1	+   "artifacts/rust-tauri/R02/a15-root-r17-cleanup-rerun/full-chain/probe1.err",
tests/post-verification-audit-seal.test.ts	1	+   "artifacts/rust-tauri/R02/a15-root-r17-cleanup-rerun/full-chain/probe1.pass-lines",
tests/post-verification-audit-seal.test.ts	1	+   "artifacts/rust-tauri/R02/a15-root-r17-cleanup-rerun/full-chain/probe2.err",
tests/post-verification-audit-seal.test.ts	1	+   "artifacts/rust-tauri/R02/a15-root-r17-cleanup-rerun/full-chain/probe2.pass-lines",
tests/post-verification-audit-seal.test.ts	1	+   "artifacts/rust-tauri/R02/a15-root-r17-cleanup-rerun/full-chain/service1.err",
tests/post-verification-audit-seal.test.ts	1	+   "artifacts/rust-tauri/R02/a15-root-r17-cleanup-rerun/full-chain/service1.out",
tests/post-verification-audit-seal.test.ts	1	+   "artifacts/rust-tauri/R02/a15-root-r17-cleanup-rerun/full-chain/service2.err",
tests/post-verification-audit-seal.test.ts	1	+   "artifacts/rust-tauri/R02/a15-root-r17-cleanup-rerun/full-chain/service2.out",
tests/post-verification-audit-seal.test.ts	1	+   "artifacts/rust-tauri/R02/a15-root-r17-cleanup-rerun/full-chain/summary.txt",
tests/post-verification-audit-seal.test.ts	1	+   "artifacts/rust-tauri/R02/a15-root-r17/full-chain/pre-restart-head.json",
tests/post-verification-audit-seal.test.ts	1	+   "artifacts/rust-tauri/R02/a15-root-r17/full-chain/probe1.err",
tests/post-verification-audit-seal.test.ts	1	+   "artifacts/rust-tauri/R02/a15-root-r17/full-chain/probe1.pass-lines",
tests/post-verification-audit-seal.test.ts	1	+   "artifacts/rust-tauri/R02/a15-root-r17/full-chain/probe2.err",
tests/post-verification-audit-seal.test.ts	1	+   "artifacts/rust-tauri/R02/a15-root-r17/full-chain/probe2.pass-lines",
tests/post-verification-audit-seal.test.ts	1	+   "artifacts/rust-tauri/R02/a15-root-r17/full-chain/service1.err",
tests/post-verification-audit-seal.test.ts	1	+   "artifacts/rust-tauri/R02/a15-root-r17/full-chain/service1.out",
tests/post-verification-audit-seal.test.ts	1	+   "artifacts/rust-tauri/R02/a15-root-r17/full-chain/service2.err",
tests/post-verification-audit-seal.test.ts	1	+   "artifacts/rust-tauri/R02/a15-root-r17/full-chain/service2.out",
tests/post-verification-audit-seal.test.ts	1	+   "artifacts/rust-tauri/R02/a15-root-r17/full-chain/summary.txt",
tests/post-verification-audit-seal.test.ts	1	+   "artifacts/rust-tauri/R02/audit-r16/candidate-final-audit-sha256.txt",
tests/post-verification-audit-seal.test.ts	1	+   "artifacts/rust-tauri/R02/audit-r16/candidate-final-changed-source-sha256.txt",
tests/post-verification-audit-seal.test.ts	1	+   "artifacts/rust-tauri/R02/audit-r16/candidate-final-full-source-sha256.txt",
tests/post-verification-audit-seal.test.ts	1	+   "artifacts/rust-tauri/R02/audit-r16/candidate-final-status-all.txt",
tests/post-verification-audit-seal.test.ts	1	+   "artifacts/rust-tauri/R02/audit-r16/candidate-pre-independent-changed-source-sha256.txt",
tests/post-verification-audit-seal.test.ts	1	+   "artifacts/rust-tauri/R02/audit-r16/candidate-pre-independent-full-source-sha256.txt",
tests/post-verification-audit-seal.test.ts	1	+   "artifacts/rust-tauri/R02/audit-r16/candidate-pre-independent-status-all.txt",
tests/post-verification-audit-seal.test.ts	1	+   "artifacts/rust-tauri/R02/audit-r16/contract-matrix-prechange.json",
tests/post-verification-audit-seal.test.ts	1	+   "artifacts/rust-tauri/R02/audit-r16/history-stage-report-sha256.txt",
tests/post-verification-audit-seal.test.ts	1	+   "artifacts/rust-tauri/R02/audit-r16/poststatic-changed-source-sha256.txt",
tests/post-verification-audit-seal.test.ts	1	+   "artifacts/rust-tauri/R02/audit-r16/poststatic-full-source-sha256.txt",
tests/post-verification-audit-seal.test.ts	1	+   "artifacts/rust-tauri/R02/audit-r16/poststatic-status-all.txt",
tests/post-verification-audit-seal.test.ts	1	+   "artifacts/rust-tauri/R02/audit-r16/pre-to-final-source.diff",
tests/post-verification-audit-seal.test.ts	1	+   "artifacts/rust-tauri/R02/audit-r16/pre-to-poststatic-source.diff",
tests/post-verification-audit-seal.test.ts	1	+   "artifacts/rust-tauri/R02/audit-r16/prechange-changed-sha256-corrected.txt",
tests/post-verification-audit-seal.test.ts	1	+   "artifacts/rust-tauri/R02/audit-r16/prechange-changed-sha256.txt",
tests/post-verification-audit-seal.test.ts	1	+   "artifacts/rust-tauri/R02/audit-r16/prechange-full-sha256-corrected.txt",
tests/post-verification-audit-seal.test.ts	1	+   "artifacts/rust-tauri/R02/audit-r16/prechange-full-sha256.txt",
tests/post-verification-audit-seal.test.ts	1	+   "artifacts/rust-tauri/R02/audit-r16/prechange-head.txt",
tests/post-verification-audit-seal.test.ts	1	+   "artifacts/rust-tauri/R02/audit-r16/prechange-remotes.txt",
tests/post-verification-audit-seal.test.ts	1	+   "artifacts/rust-tauri/R02/audit-r16/prechange-status-corrected.txt",
tests/post-verification-audit-seal.test.ts	1	+   "artifacts/rust-tauri/R02/audit-r16/prechange-status.txt",
tests/post-verification-audit-seal.test.ts	1	+   "artifacts/rust-tauri/R02/audit-r16/static-checks-final.txt",
tests/post-verification-audit-seal.test.ts	1	+   "artifacts/rust-tauri/R02/audit-r16/static-checks-first-attempt-protected-key-error.txt",
tests/post-verification-audit-seal.test.ts	1	+   "artifacts/rust-tauri/R02/audit-r16/task-report-sha256.txt",
tests/post-verification-audit-seal.test.ts	1	+   "artifacts/rust-tauri/R02/audit-r17-cli-rust-targeted/CLI_SUBGROUP_CLOSEOUT.md",
tests/post-verification-audit-seal.test.ts	1	+   "artifacts/rust-tauri/R02/audit-r17-cli-rust-targeted/cli-credential-boundary-5i52xjt1/result.json",
tests/post-verification-audit-seal.test.ts	1	+   "artifacts/rust-tauri/R02/audit-r17-cli-rust-targeted/cli-integrated-current-3umppmop/result.json",
tests/post-verification-audit-seal.test.ts	1	+   "artifacts/rust-tauri/R02/audit-r17-cli-rust-targeted/cli-integrated-port-approved-9miew24y/result.json",
tests/post-verification-audit-seal.test.ts	1	+   "artifacts/rust-tauri/R02/audit-r17-cli-rust-targeted/cli-rust-matrix-guard-a4c73_ub/result.json",
tests/post-verification-audit-seal.test.ts	1	+   "artifacts/rust-tauri/R02/audit-r17-cli-rust-targeted/cli-session-identity-4aln5abj/result.json",
tests/post-verification-audit-seal.test.ts	1	+   "artifacts/rust-tauri/R02/audit-r17-cli-rust-targeted/cli-session-identity-4aln5abj/typecheck-node.result.json",
tests/post-verification-audit-seal.test.ts	1	+   "artifacts/rust-tauri/R02/audit-r17-cli-rust-targeted/cli-session-identity-4aln5abj/typecheck-test.result.json",
tests/post-verification-audit-seal.test.ts	1	+   "artifacts/rust-tauri/R02/audit-r17-cli-rust-targeted/cli-token-validation-ob890ell/result.json",
tests/post-verification-audit-seal.test.ts	1	+   "artifacts/rust-tauri/R02/audit-r17-cli-rust-targeted/run-01/candidate-sha256.txt",
tests/post-verification-audit-seal.test.ts	1	+   "artifacts/rust-tauri/R02/audit-r17-cli-rust-targeted/run-01/command.txt",
tests/post-verification-audit-seal.test.ts	1	+   "artifacts/rust-tauri/R02/audit-r17-cli-rust-targeted/run-01/end-utc.txt",
tests/post-verification-audit-seal.test.ts	1	+   "artifacts/rust-tauri/R02/audit-r17-cli-rust-targeted/run-01/exit-code.txt",
tests/post-verification-audit-seal.test.ts	1	+   "artifacts/rust-tauri/R02/audit-r17-cli-rust-targeted/run-01/start-utc.txt",
tests/post-verification-audit-seal.test.ts	1	+   "artifacts/rust-tauri/R02/audit-r17-cli-rust-targeted/run-02/candidate-sha256.txt",
tests/post-verification-audit-seal.test.ts	1	+   "artifacts/rust-tauri/R02/audit-r17-cli-rust-targeted/run-02/command.txt",
tests/post-verification-audit-seal.test.ts	1	+   "artifacts/rust-tauri/R02/audit-r17-cli-rust-targeted/run-02/end-utc.txt",
tests/post-verification-audit-seal.test.ts	1	+   "artifacts/rust-tauri/R02/audit-r17-cli-rust-targeted/run-02/exit-code.txt",
tests/post-verification-audit-seal.test.ts	1	+   "artifacts/rust-tauri/R02/audit-r17-cli-rust-targeted/run-02/start-utc.txt",
tests/post-verification-audit-seal.test.ts	1	+   "artifacts/rust-tauri/R02/audit-r17-cli-rust-targeted/run-03/candidate-sha256.txt",
tests/post-verification-audit-seal.test.ts	1	+   "artifacts/rust-tauri/R02/audit-r17-cli-rust-targeted/run-03/command.txt",
tests/post-verification-audit-seal.test.ts	1	+   "artifacts/rust-tauri/R02/audit-r17-cli-rust-targeted/run-03/end-utc.txt",
tests/post-verification-audit-seal.test.ts	1	+   "artifacts/rust-tauri/R02/audit-r17-cli-rust-targeted/run-03/exit-code.txt",
tests/post-verification-audit-seal.test.ts	1	+   "artifacts/rust-tauri/R02/audit-r17-cli-rust-targeted/run-03/start-utc.txt",
tests/post-verification-audit-seal.test.ts	1	+   "artifacts/rust-tauri/R02/audit-r17-cli-rust-targeted/run-04/candidate-sha256.txt",
tests/post-verification-audit-seal.test.ts	1	+   "artifacts/rust-tauri/R02/audit-r17-cli-rust-targeted/run-04/command.txt",
tests/post-verification-audit-seal.test.ts	1	+   "artifacts/rust-tauri/R02/audit-r17-cli-rust-targeted/run-04/end-utc.txt",
tests/post-verification-audit-seal.test.ts	1	+   "artifacts/rust-tauri/R02/audit-r17-cli-rust-targeted/run-04/exit-code.txt",
tests/post-verification-audit-seal.test.ts	1	+   "artifacts/rust-tauri/R02/audit-r17-cli-rust-targeted/run-04/start-utc.txt",
tests/post-verification-audit-seal.test.ts	1	+   "artifacts/rust-tauri/R02/audit-r17-cli-rust-targeted/run-05/candidate-sha256.txt",
tests/post-verification-audit-seal.test.ts	1	+   "artifacts/rust-tauri/R02/audit-r17-cli-rust-targeted/run-05/command.txt",
tests/post-verification-audit-seal.test.ts	1	+   "artifacts/rust-tauri/R02/audit-r17-cli-rust-targeted/run-05/end-utc.txt",
tests/post-verification-audit-seal.test.ts	1	+   "artifacts/rust-tauri/R02/audit-r17-cli-rust-targeted/run-05/exit-code.txt",
tests/post-verification-audit-seal.test.ts	1	+   "artifacts/rust-tauri/R02/audit-r17-cli-rust-targeted/run-05/start-utc.txt",
tests/post-verification-audit-seal.test.ts	1	+   "artifacts/rust-tauri/R02/audit-r17-cli-rust-targeted/run-06/candidate-sha256.txt",
tests/post-verification-audit-seal.test.ts	1	+   "artifacts/rust-tauri/R02/audit-r17-cli-rust-targeted/run-06/command.txt",
tests/post-verification-audit-seal.test.ts	1	+   "artifacts/rust-tauri/R02/audit-r17-cli-rust-targeted/run-06/end-utc.txt",
tests/post-verification-audit-seal.test.ts	1	+   "artifacts/rust-tauri/R02/audit-r17-cli-rust-targeted/run-06/exit-code.txt",
tests/post-verification-audit-seal.test.ts	1	+   "artifacts/rust-tauri/R02/audit-r17-cli-rust-targeted/run-06/start-utc.txt",
tests/post-verification-audit-seal.test.ts	1	+   "artifacts/rust-tauri/R02/audit-r17-cli-rust-targeted/run-07/candidate-sha256.txt",
tests/post-verification-audit-seal.test.ts	1	+   "artifacts/rust-tauri/R02/audit-r17-cli-rust-targeted/run-07/command.txt",
tests/post-verification-audit-seal.test.ts	1	+   "artifacts/rust-tauri/R02/audit-r17-cli-rust-targeted/run-07/end-utc.txt",
tests/post-verification-audit-seal.test.ts	1	+   "artifacts/rust-tauri/R02/audit-r17-cli-rust-targeted/run-07/exit-code.txt",
tests/post-verification-audit-seal.test.ts	1	+   "artifacts/rust-tauri/R02/audit-r17-cli-rust-targeted/run-07/start-utc.txt",
tests/post-verification-audit-seal.test.ts	1	+   "artifacts/rust-tauri/R02/audit-r17-cli-rust-targeted/run-08/candidate-sha256.txt",
tests/post-verification-audit-seal.test.ts	1	+   "artifacts/rust-tauri/R02/audit-r17-cli-rust-targeted/run-08/command.txt",
tests/post-verification-audit-seal.test.ts	1	+   "artifacts/rust-tauri/R02/audit-r17-cli-rust-targeted/run-08/end-utc.txt",
tests/post-verification-audit-seal.test.ts	1	+   "artifacts/rust-tauri/R02/audit-r17-cli-rust-targeted/run-08/exit-code.txt",
tests/post-verification-audit-seal.test.ts	1	+   "artifacts/rust-tauri/R02/audit-r17-cli-rust-targeted/run-08/start-utc.txt",
tests/post-verification-audit-seal.test.ts	1	+   "artifacts/rust-tauri/R02/audit-r17-cli-rust-targeted/transport-green-20260928/result.json",
tests/post-verification-audit-seal.test.ts	1	+   "artifacts/rust-tauri/R02/audit-r17-cli-rust-targeted/transport-red-20260928/result.json",
tests/post-verification-audit-seal.test.ts	1	+   "artifacts/rust-tauri/R02/audit-r17-cli-rust-targeted/typecheck-01/candidate-sha256.txt",
tests/post-verification-audit-seal.test.ts	1	+   "artifacts/rust-tauri/R02/audit-r17-cli-rust-targeted/typecheck-01/commands.txt",
tests/post-verification-audit-seal.test.ts	1	+   "artifacts/rust-tauri/R02/audit-r17-cli-rust-targeted/typecheck-01/end-utc.txt",
tests/post-verification-audit-seal.test.ts	1	+   "artifacts/rust-tauri/R02/audit-r17-cli-rust-targeted/typecheck-01/exit-codes.txt",
tests/post-verification-audit-seal.test.ts	1	+   "artifacts/rust-tauri/R02/audit-r17-cli-rust-targeted/typecheck-01/start-utc.txt",
tests/post-verification-audit-seal.test.ts	1	+   "artifacts/rust-tauri/R02/audit-r17-cli-rust-targeted/typecheck-02/candidate-sha256.txt",
tests/post-verification-audit-seal.test.ts	1	+   "artifacts/rust-tauri/R02/audit-r17-cli-rust-targeted/typecheck-02/commands.txt",
tests/post-verification-audit-seal.test.ts	1	+   "artifacts/rust-tauri/R02/audit-r17-cli-rust-targeted/typecheck-02/end-utc.txt",
tests/post-verification-audit-seal.test.ts	1	+   "artifacts/rust-tauri/R02/audit-r17-cli-rust-targeted/typecheck-02/exit-codes.txt",
tests/post-verification-audit-seal.test.ts	1	+   "artifacts/rust-tauri/R02/audit-r17-cli-rust-targeted/typecheck-02/start-utc.txt",
tests/post-verification-audit-seal.test.ts	1	+   "artifacts/rust-tauri/R02/audit-r17-cli-rust-targeted/typecheck-03/candidate-sha256.txt",
tests/post-verification-audit-seal.test.ts	1	+   "artifacts/rust-tauri/R02/audit-r17-cli-rust-targeted/typecheck-03/commands.txt",
tests/post-verification-audit-seal.test.ts	1	+   "artifacts/rust-tauri/R02/audit-r17-cli-rust-targeted/typecheck-03/end-utc.txt",
tests/post-verification-audit-seal.test.ts	1	+   "artifacts/rust-tauri/R02/audit-r17-cli-rust-targeted/typecheck-03/exit-codes.txt",
tests/post-verification-audit-seal.test.ts	1	+   "artifacts/rust-tauri/R02/audit-r17-cli-rust-targeted/typecheck-03/start-utc.txt",
tests/post-verification-audit-seal.test.ts	1	+   "artifacts/rust-tauri/R02/audit-r17-cli-rust-targeted/typecheck-04/candidate-sha256.txt",
tests/post-verification-audit-seal.test.ts	1	+   "artifacts/rust-tauri/R02/audit-r17-cli-rust-targeted/typecheck-04/commands.txt",
tests/post-verification-audit-seal.test.ts	1	+   "artifacts/rust-tauri/R02/audit-r17-cli-rust-targeted/typecheck-04/end-utc.txt",
tests/post-verification-audit-seal.test.ts	1	+   "artifacts/rust-tauri/R02/audit-r17-cli-rust-targeted/typecheck-04/exit-codes.txt",
tests/post-verification-audit-seal.test.ts	1	+   "artifacts/rust-tauri/R02/audit-r17-cli-rust-targeted/typecheck-04/start-utc.txt",
tests/post-verification-audit-seal.test.ts	1	+   "artifacts/rust-tauri/R02/audit-r17-cli-rust-targeted/typecheck-05/candidate-sha256.txt",
tests/post-verification-audit-seal.test.ts	1	+   "artifacts/rust-tauri/R02/audit-r17-cli-rust-targeted/typecheck-05/commands.txt",
tests/post-verification-audit-seal.test.ts	1	+   "artifacts/rust-tauri/R02/audit-r17-cli-rust-targeted/typecheck-05/end-utc.txt",
tests/post-verification-audit-seal.test.ts	1	+   "artifacts/rust-tauri/R02/audit-r17-cli-rust-targeted/typecheck-05/exit-codes.txt",
tests/post-verification-audit-seal.test.ts	1	+   "artifacts/rust-tauri/R02/audit-r17-cli-rust-targeted/typecheck-05/start-utc.txt",
tests/post-verification-audit-seal.test.ts	1	+   "artifacts/rust-tauri/R02/audit-r17-cli-rust-targeted/typecheck-06/candidate-sha256.txt",
tests/post-verification-audit-seal.test.ts	1	+   "artifacts/rust-tauri/R02/audit-r17-cli-rust-targeted/typecheck-06/commands.txt",
tests/post-verification-audit-seal.test.ts	1	+   "artifacts/rust-tauri/R02/audit-r17-cli-rust-targeted/typecheck-06/end-utc.txt",
tests/post-verification-audit-seal.test.ts	1	+   "artifacts/rust-tauri/R02/audit-r17-cli-rust-targeted/typecheck-06/exit-codes.txt",
tests/post-verification-audit-seal.test.ts	1	+   "artifacts/rust-tauri/R02/audit-r17-cli-rust-targeted/typecheck-06/start-utc.txt",
tests/post-verification-audit-seal.test.ts	1	+   "artifacts/rust-tauri/R02/audit-r17-client-probe-6/cli-help-exit0-no-start/home-after.json",
tests/post-verification-audit-seal.test.ts	1	+   "artifacts/rust-tauri/R02/audit-r17-client-probe-6/cli-help-exit0-no-start/home-before.json",
tests/post-verification-audit-seal.test.ts	1	+   "artifacts/rust-tauri/R02/audit-r17-client-probe-6/cli-serve-unknown-arg-exit1-no-start/home-after.json",
tests/post-verification-audit-seal.test.ts	1	+   "artifacts/rust-tauri/R02/audit-r17-client-probe-6/cli-serve-unknown-arg-exit1-no-start/home-before.json",
tests/post-verification-audit-seal.test.ts	1	+   "artifacts/rust-tauri/R02/audit-r17-client-probe-6/cli-unknown-arg-exit1-no-start/home-after.json",
tests/post-verification-audit-seal.test.ts	1	+   "artifacts/rust-tauri/R02/audit-r17-client-probe-6/cli-unknown-arg-exit1-no-start/home-before.json",
tests/post-verification-audit-seal.test.ts	1	+   "artifacts/rust-tauri/R02/audit-r17-client-probe-6/leaf-cases.json",
tests/post-verification-audit-seal.test.ts	1	+   "artifacts/rust-tauri/R02/audit-r17-client-probe-6/sharing-cases.json",
tests/post-verification-audit-seal.test.ts	1	+   "artifacts/rust-tauri/R02/audit-r17-client-probe-6/summary.json",
tests/post-verification-audit-seal.test.ts	1	+   "artifacts/rust-tauri/R02/audit-r17-g5/G5_CLOSEOUT.md",
tests/post-verification-audit-seal.test.ts	1	+   "artifacts/rust-tauri/R02/audit-r17-g5/a01-candidate-sha256.txt",
tests/post-verification-audit-seal.test.ts	1	+   "artifacts/rust-tauri/R02/audit-r17-g5/a01-end.utc",
tests/post-verification-audit-seal.test.ts	1	+   "artifacts/rust-tauri/R02/audit-r17-g5/a01-escalated-candidate-sha256.txt",
tests/post-verification-audit-seal.test.ts	1	+   "artifacts/rust-tauri/R02/audit-r17-g5/a01-escalated-end.utc",
tests/post-verification-audit-seal.test.ts	1	+   "artifacts/rust-tauri/R02/audit-r17-g5/a01-escalated-exit.txt",
tests/post-verification-audit-seal.test.ts	1	+   "artifacts/rust-tauri/R02/audit-r17-g5/a01-escalated-rerun-candidate-sha256.txt",
tests/post-verification-audit-seal.test.ts	1	+   "artifacts/rust-tauri/R02/audit-r17-g5/a01-escalated-rerun-end.utc",
tests/post-verification-audit-seal.test.ts	1	+   "artifacts/rust-tauri/R02/audit-r17-g5/a01-escalated-rerun-exit.txt",
tests/post-verification-audit-seal.test.ts	1	+   "artifacts/rust-tauri/R02/audit-r17-g5/a01-escalated-rerun-start.utc",
tests/post-verification-audit-seal.test.ts	1	+   "artifacts/rust-tauri/R02/audit-r17-g5/a01-escalated-rerun/a01-cargo-metadata.err",
tests/post-verification-audit-seal.test.ts	1	+   "artifacts/rust-tauri/R02/audit-r17-g5/a01-escalated-rerun/a01-cargo-metadata.json",
tests/post-verification-audit-seal.test.ts	1	+   "artifacts/rust-tauri/R02/audit-r17-g5/a01-escalated-rerun/a01-child-snapshot.tsv",
tests/post-verification-audit-seal.test.ts	1	+   "artifacts/rust-tauri/R02/audit-r17-g5/a01-escalated-rerun/a01-health-body.json",
tests/post-verification-audit-seal.test.ts	1	+   "artifacts/rust-tauri/R02/audit-r17-g5/a01-escalated-rerun/a01-leaf-cases.json",
tests/post-verification-audit-seal.test.ts	1	+   "artifacts/rust-tauri/R02/audit-r17-g5/a01-escalated-rerun/a01-newer-fallback-after.txt",
tests/post-verification-audit-seal.test.ts	1	+   "artifacts/rust-tauri/R02/audit-r17-g5/a01-escalated-rerun/a01-newer-fallback-before.txt",
tests/post-verification-audit-seal.test.ts	1	+   "artifacts/rust-tauri/R02/audit-r17-g5/a01-escalated-rerun/a01-newer-homes-after.txt",
tests/post-verification-audit-seal.test.ts	1	+   "artifacts/rust-tauri/R02/audit-r17-g5/a01-escalated-rerun/a01-newer-homes-before.txt",
tests/post-verification-audit-seal.test.ts	1	+   "artifacts/rust-tauri/R02/audit-r17-g5/a01-escalated-rerun/a01-newer-stamp-after.sha256",
tests/post-verification-audit-seal.test.ts	1	+   "artifacts/rust-tauri/R02/audit-r17-g5/a01-escalated-rerun/a01-newer-stamp-before.sha256",
tests/post-verification-audit-seal.test.ts	1	+   "artifacts/rust-tauri/R02/audit-r17-g5/a01-escalated-rerun/leaf-cases.ndjson",
tests/post-verification-audit-seal.test.ts	1	+   "artifacts/rust-tauri/R02/audit-r17-g5/a01-escalated-start.utc",
tests/post-verification-audit-seal.test.ts	1	+   "artifacts/rust-tauri/R02/audit-r17-g5/a01-escalated/a01-cargo-metadata.err",
tests/post-verification-audit-seal.test.ts	1	+   "artifacts/rust-tauri/R02/audit-r17-g5/a01-escalated/a01-cargo-metadata.json",
tests/post-verification-audit-seal.test.ts	1	+   "artifacts/rust-tauri/R02/audit-r17-g5/a01-escalated/a01-child-snapshot.tsv",
tests/post-verification-audit-seal.test.ts	1	+   "artifacts/rust-tauri/R02/audit-r17-g5/a01-escalated/a01-health-body.json",
tests/post-verification-audit-seal.test.ts	1	+   "artifacts/rust-tauri/R02/audit-r17-g5/a01-escalated/a01-leaf-cases.json",
tests/post-verification-audit-seal.test.ts	1	+   "artifacts/rust-tauri/R02/audit-r17-g5/a01-escalated/a01-newer-homes-after.txt",
tests/post-verification-audit-seal.test.ts	1	+   "artifacts/rust-tauri/R02/audit-r17-g5/a01-escalated/a01-newer-homes-before.txt",
tests/post-verification-audit-seal.test.ts	1	+   "artifacts/rust-tauri/R02/audit-r17-g5/a01-escalated/leaf-cases.ndjson",
tests/post-verification-audit-seal.test.ts	1	+   "artifacts/rust-tauri/R02/audit-r17-g5/a01-exit.txt",
tests/post-verification-audit-seal.test.ts	1	+   "artifacts/rust-tauri/R02/audit-r17-g5/a01-final-candidate-sha256.txt",
tests/post-verification-audit-seal.test.ts	1	+   "artifacts/rust-tauri/R02/audit-r17-g5/a01-final-end.utc",
tests/post-verification-audit-seal.test.ts	1	+   "artifacts/rust-tauri/R02/audit-r17-g5/a01-final-exit.txt",
tests/post-verification-audit-seal.test.ts	1	+   "artifacts/rust-tauri/R02/audit-r17-g5/a01-final-start.utc",
tests/post-verification-audit-seal.test.ts	1	+   "artifacts/rust-tauri/R02/audit-r17-g5/a01-final/a01-cargo-metadata.err",
tests/post-verification-audit-seal.test.ts	1	+   "artifacts/rust-tauri/R02/audit-r17-g5/a01-final/a01-cargo-metadata.json",
tests/post-verification-audit-seal.test.ts	1	+   "artifacts/rust-tauri/R02/audit-r17-g5/a01-final/a01-child-snapshot.tsv",
tests/post-verification-audit-seal.test.ts	1	+   "artifacts/rust-tauri/R02/audit-r17-g5/a01-final/a01-health-body.json",
tests/post-verification-audit-seal.test.ts	1	+   "artifacts/rust-tauri/R02/audit-r17-g5/a01-final/a01-leaf-cases.json",
tests/post-verification-audit-seal.test.ts	1	+   "artifacts/rust-tauri/R02/audit-r17-g5/a01-final/a01-newer-fallback-after.txt",
tests/post-verification-audit-seal.test.ts	1	+   "artifacts/rust-tauri/R02/audit-r17-g5/a01-final/a01-newer-fallback-before.txt",
tests/post-verification-audit-seal.test.ts	1	+   "artifacts/rust-tauri/R02/audit-r17-g5/a01-final/a01-newer-homes-after.txt",
tests/post-verification-audit-seal.test.ts	1	+   "artifacts/rust-tauri/R02/audit-r17-g5/a01-final/a01-newer-homes-before.txt",
tests/post-verification-audit-seal.test.ts	1	+   "artifacts/rust-tauri/R02/audit-r17-g5/a01-final/a01-newer-stamp-after.sha256",
tests/post-verification-audit-seal.test.ts	1	+   "artifacts/rust-tauri/R02/audit-r17-g5/a01-final/a01-newer-stamp-before.sha256",
tests/post-verification-audit-seal.test.ts	1	+   "artifacts/rust-tauri/R02/audit-r17-g5/a01-final/leaf-cases.ndjson",
tests/post-verification-audit-seal.test.ts	1	+   "artifacts/rust-tauri/R02/audit-r17-g5/a01-reuse-after.sha256",
tests/post-verification-audit-seal.test.ts	1	+   "artifacts/rust-tauri/R02/audit-r17-g5/a01-reuse-before.sha256",
tests/post-verification-audit-seal.test.ts	1	+   "artifacts/rust-tauri/R02/audit-r17-g5/a01-reuse-end.utc",
tests/post-verification-audit-seal.test.ts	1	+   "artifacts/rust-tauri/R02/audit-r17-g5/a01-reuse-exit.txt",
tests/post-verification-audit-seal.test.ts	1	+   "artifacts/rust-tauri/R02/audit-r17-g5/a01-reuse-start.utc",
tests/post-verification-audit-seal.test.ts	1	+   "artifacts/rust-tauri/R02/audit-r17-g5/a01-start.utc",
tests/post-verification-audit-seal.test.ts	1	+   "artifacts/rust-tauri/R02/audit-r17-g5/a01/a01-cargo-metadata.err",
tests/post-verification-audit-seal.test.ts	1	+   "artifacts/rust-tauri/R02/audit-r17-g5/a01/a01-cargo-metadata.json",
tests/post-verification-audit-seal.test.ts	1	+   "artifacts/rust-tauri/R02/audit-r17-g5/a01/leaf-cases.ndjson",
tests/post-verification-audit-seal.test.ts	1	+   "artifacts/rust-tauri/R02/audit-r17-g5/a03-candidate-sha256.txt",
tests/post-verification-audit-seal.test.ts	1	+   "artifacts/rust-tauri/R02/audit-r17-g5/a03-end.utc",
tests/post-verification-audit-seal.test.ts	1	+   "artifacts/rust-tauri/R02/audit-r17-g5/a03-exit.txt",
tests/post-verification-audit-seal.test.ts	1	+   "artifacts/rust-tauri/R02/audit-r17-g5/a03-start.utc",
tests/post-verification-audit-seal.test.ts	1	+   "artifacts/rust-tauri/R02/audit-r17-g5/a03/a03-forged-record.json",
tests/post-verification-audit-seal.test.ts	1	+   "artifacts/rust-tauri/R02/audit-r17-g5/a03/a03-inst1-health.json",
tests/post-verification-audit-seal.test.ts	1	+   "artifacts/rust-tauri/R02/audit-r17-g5/a03/a03-inst2-marker.txt",
tests/post-verification-audit-seal.test.ts	1	+   "artifacts/rust-tauri/R02/audit-r17-g5/a03/a03-summary.txt",
tests/post-verification-audit-seal.test.ts	1	+   "artifacts/rust-tauri/R02/audit-r17-g5/a04-candidate-sha256.txt",
tests/post-verification-audit-seal.test.ts	1	+   "artifacts/rust-tauri/R02/audit-r17-g5/a04-end.utc",
tests/post-verification-audit-seal.test.ts	1	+   "artifacts/rust-tauri/R02/audit-r17-g5/a04-exit.txt",
tests/post-verification-audit-seal.test.ts	1	+   "artifacts/rust-tauri/R02/audit-r17-g5/a04-start.utc",
tests/post-verification-audit-seal.test.ts	1	+   "artifacts/rust-tauri/R02/audit-r17-g5/a04/a04-summary.txt",
tests/post-verification-audit-seal.test.ts	1	+   "artifacts/rust-tauri/R02/audit-r17-g5/a05-candidate-sha256.txt",
tests/post-verification-audit-seal.test.ts	1	+   "artifacts/rust-tauri/R02/audit-r17-g5/a05-end.utc",
tests/post-verification-audit-seal.test.ts	1	+   "artifacts/rust-tauri/R02/audit-r17-g5/a05-exit.txt",
tests/post-verification-audit-seal.test.ts	1	+   "artifacts/rust-tauri/R02/audit-r17-g5/a05-start.utc",
tests/post-verification-audit-seal.test.ts	1	+   "artifacts/rust-tauri/R02/audit-r17-g5/a05/.last-body",
tests/post-verification-audit-seal.test.ts	1	+   "artifacts/rust-tauri/R02/audit-r17-g5/a05/creds-after-authz.json",
tests/post-verification-audit-seal.test.ts	1	+   "artifacts/rust-tauri/R02/audit-r17-g5/a05/creds-before-authz.json",
tests/post-verification-audit-seal.test.ts	1	+   "artifacts/rust-tauri/R02/audit-r17-g5/a05/devices-after-authz.json",
tests/post-verification-audit-seal.test.ts	1	+   "artifacts/rust-tauri/R02/audit-r17-g5/a05/devices-before-authz.json",
tests/post-verification-audit-seal.test.ts	1	+   "artifacts/rust-tauri/R02/audit-r17-g5/a05/leaf-cases.ndjson",
tests/post-verification-audit-seal.test.ts	1	+   "artifacts/rust-tauri/R02/audit-r17-g5/a05/state-after-authn.txt",
tests/post-verification-audit-seal.test.ts	1	+   "artifacts/rust-tauri/R02/audit-r17-g5/a05/state-after.txt",
tests/post-verification-audit-seal.test.ts	1	+   "artifacts/rust-tauri/R02/audit-r17-g5/a05/state-before-authz.txt",
tests/post-verification-audit-seal.test.ts	1	+   "artifacts/rust-tauri/R02/audit-r17-g5/a05/state-before.txt",
tests/post-verification-audit-seal.test.ts	1	+   "artifacts/rust-tauri/R02/audit-r17-g5/a05/summary.txt",
tests/post-verification-audit-seal.test.ts	1	+   "artifacts/rust-tauri/R02/audit-r17-g5/a07-candidate-sha256.txt",
tests/post-verification-audit-seal.test.ts	1	+   "artifacts/rust-tauri/R02/audit-r17-g5/a07-end.utc",
tests/post-verification-audit-seal.test.ts	1	+   "artifacts/rust-tauri/R02/audit-r17-g5/a07-exit.txt",
tests/post-verification-audit-seal.test.ts	1	+   "artifacts/rust-tauri/R02/audit-r17-g5/a07-start.utc",
tests/post-verification-audit-seal.test.ts	1	+   "artifacts/rust-tauri/R02/audit-r17-g5/a07/last-db-hashes.txt",
tests/post-verification-audit-seal.test.ts	1	+   "artifacts/rust-tauri/R02/audit-r17-g5/a07/s1-counts-after-stop.json",
tests/post-verification-audit-seal.test.ts	1	+   "artifacts/rust-tauri/R02/audit-r17-g5/a07/s2-counts-after-crash.json",
tests/post-verification-audit-seal.test.ts	1	+   "artifacts/rust-tauri/R02/audit-r17-g5/a07/s2-runs-dump.jsonl",
tests/post-verification-audit-seal.test.ts	1	+   "artifacts/rust-tauri/R02/audit-r17-g5/a07/s3-fault.err",
tests/post-verification-audit-seal.test.ts	1	+   "artifacts/rust-tauri/R02/audit-r17-g5/a07/s3-fault.out",
tests/post-verification-audit-seal.test.ts	1	+   "artifacts/rust-tauri/R02/audit-r17-g5/a07/s4-hashes-after.txt",
tests/post-verification-audit-seal.test.ts	1	+   "artifacts/rust-tauri/R02/audit-r17-g5/a07/s4-hashes-before.txt",
tests/post-verification-audit-seal.test.ts	1	+   "artifacts/rust-tauri/R02/audit-r17-g5/a07/s4-migrations-round1.json",
tests/post-verification-audit-seal.test.ts	1	+   "artifacts/rust-tauri/R02/audit-r17-g5/a07/s4-migrations-round2.json",
tests/post-verification-audit-seal.test.ts	1	+   "artifacts/rust-tauri/R02/audit-r17-g5/a07/s4-migrations-round3.json",
tests/post-verification-audit-seal.test.ts	1	+   "artifacts/rust-tauri/R02/audit-r17-g5/a07/service-s1.err",
tests/post-verification-audit-seal.test.ts	1	+   "artifacts/rust-tauri/R02/audit-r17-g5/a07/service-s1.out",
tests/post-verification-audit-seal.test.ts	1	+   "artifacts/rust-tauri/R02/audit-r17-g5/a07/service-s1b.err",
tests/post-verification-audit-seal.test.ts	1	+   "artifacts/rust-tauri/R02/audit-r17-g5/a07/service-s1b.out",
tests/post-verification-audit-seal.test.ts	1	+   "artifacts/rust-tauri/R02/audit-r17-g5/a07/service-s2.err",
tests/post-verification-audit-seal.test.ts	1	+   "artifacts/rust-tauri/R02/audit-r17-g5/a07/service-s2.out",
tests/post-verification-audit-seal.test.ts	1	+   "artifacts/rust-tauri/R02/audit-r17-g5/a07/service-s2b.err",
tests/post-verification-audit-seal.test.ts	1	+   "artifacts/rust-tauri/R02/audit-r17-g5/a07/service-s2b.out",
tests/post-verification-audit-seal.test.ts	1	+   "artifacts/rust-tauri/R02/audit-r17-g5/a07/service-s4-1.err",
tests/post-verification-audit-seal.test.ts	1	+   "artifacts/rust-tauri/R02/audit-r17-g5/a07/service-s4-1.out",
tests/post-verification-audit-seal.test.ts	1	+   "artifacts/rust-tauri/R02/audit-r17-g5/a07/service-s4-2.err",
tests/post-verification-audit-seal.test.ts	1	+   "artifacts/rust-tauri/R02/audit-r17-g5/a07/service-s4-2.out",
tests/post-verification-audit-seal.test.ts	1	+   "artifacts/rust-tauri/R02/audit-r17-g5/a07/service-s4-3.err",
tests/post-verification-audit-seal.test.ts	1	+   "artifacts/rust-tauri/R02/audit-r17-g5/a07/service-s4-3.out",
tests/post-verification-audit-seal.test.ts	1	+   "artifacts/rust-tauri/R02/audit-r17-g5/a07/service.addr",
tests/post-verification-audit-seal.test.ts	1	+   "artifacts/rust-tauri/R02/audit-r17-g5/a07/service.pid",
tests/post-verification-audit-seal.test.ts	1	+   "artifacts/rust-tauri/R02/audit-r17-g5/a07/summary.txt",
tests/post-verification-audit-seal.test.ts	1	+   "artifacts/rust-tauri/R02/audit-r17-g5/a09-candidate-sha256.txt",
tests/post-verification-audit-seal.test.ts	1	+   "artifacts/rust-tauri/R02/audit-r17-g5/a09-end.utc",
tests/post-verification-audit-seal.test.ts	1	+   "artifacts/rust-tauri/R02/audit-r17-g5/a09-exit.txt",
tests/post-verification-audit-seal.test.ts	1	+   "artifacts/rust-tauri/R02/audit-r17-g5/a09-start.utc",
tests/post-verification-audit-seal.test.ts	1	+   "artifacts/rust-tauri/R02/audit-r17-g5/a09/a09-merged-view.json",
tests/post-verification-audit-seal.test.ts	1	+   "artifacts/rust-tauri/R02/audit-r17-g5/a09/a10-rebuild-diff.json",
tests/post-verification-audit-seal.test.ts	1	+   "artifacts/rust-tauri/R02/audit-r17-g5/a09/key-events-dump.json",
tests/post-verification-audit-seal.test.ts	1	+   "artifacts/rust-tauri/R02/audit-r17-g5/a09/matrix.json",
tests/post-verification-audit-seal.test.ts	1	+   "artifacts/rust-tauri/R02/audit-r17-g5/a09/probe-matrix.jsonl",
tests/post-verification-audit-seal.test.ts	1	+   "artifacts/rust-tauri/R02/audit-r17-g5/a09/service.err",
tests/post-verification-audit-seal.test.ts	1	+   "artifacts/rust-tauri/R02/audit-r17-g5/a09/service.out",
tests/post-verification-audit-seal.test.ts	1	+   "artifacts/rust-tauri/R02/audit-r17-g5/a09/summary.txt",
tests/post-verification-audit-seal.test.ts	1	+   "artifacts/rust-tauri/R02/audit-r17-g5/a11-candidate-sha256.txt",
tests/post-verification-audit-seal.test.ts	1	+   "artifacts/rust-tauri/R02/audit-r17-g5/a11-end.utc",
tests/post-verification-audit-seal.test.ts	1	+   "artifacts/rust-tauri/R02/audit-r17-g5/a11-exit.txt",
tests/post-verification-audit-seal.test.ts	1	+   "artifacts/rust-tauri/R02/audit-r17-g5/a11-rerun-candidate-sha256.txt",
tests/post-verification-audit-seal.test.ts	1	+   "artifacts/rust-tauri/R02/audit-r17-g5/a11-rerun-end.utc",
tests/post-verification-audit-seal.test.ts	1	+   "artifacts/rust-tauri/R02/audit-r17-g5/a11-rerun-exit.txt",
tests/post-verification-audit-seal.test.ts	1	+   "artifacts/rust-tauri/R02/audit-r17-g5/a11-rerun-start.utc",
tests/post-verification-audit-seal.test.ts	1	+   "artifacts/rust-tauri/R02/audit-r17-g5/a11-rerun/backup-restore/s1-backup-dir-listing.txt",
tests/post-verification-audit-seal.test.ts	1	+   "artifacts/rust-tauri/R02/audit-r17-g5/a11-rerun/backup-restore/s1-backup-outcome.json",
tests/post-verification-audit-seal.test.ts	1	+   "artifacts/rust-tauri/R02/audit-r17-g5/a11-rerun/backup-restore/s1-backup.err",
tests/post-verification-audit-seal.test.ts	1	+   "artifacts/rust-tauri/R02/audit-r17-g5/a11-rerun/backup-restore/s1-restore-outcome.json",
tests/post-verification-audit-seal.test.ts	1	+   "artifacts/rust-tauri/R02/audit-r17-g5/a11-rerun/backup-restore/s1-restore.err",
tests/post-verification-audit-seal.test.ts	1	+   "artifacts/rust-tauri/R02/audit-r17-g5/a11-rerun/backup-restore/s1-restored-dump.jsonl",
tests/post-verification-audit-seal.test.ts	1	+   "artifacts/rust-tauri/R02/audit-r17-g5/a11-rerun/backup-restore/s1-restored-hash.txt",
tests/post-verification-audit-seal.test.ts	1	+   "artifacts/rust-tauri/R02/audit-r17-g5/a11-rerun/backup-restore/s1-source-dump.jsonl",
tests/post-verification-audit-seal.test.ts	1	+   "artifacts/rust-tauri/R02/audit-r17-g5/a11-rerun/backup-restore/s1-source-hash.txt",
tests/post-verification-audit-seal.test.ts	1	+   "artifacts/rust-tauri/R02/audit-r17-g5/a11-rerun/backup-restore/s1-wal-size.txt",
tests/post-verification-audit-seal.test.ts	1	+   "artifacts/rust-tauri/R02/audit-r17-g5/a11-rerun/backup-restore/s3-backup-out.json",
tests/post-verification-audit-seal.test.ts	1	+   "artifacts/rust-tauri/R02/audit-r17-g5/a11-rerun/backup-restore/s3-backup.err",
tests/post-verification-audit-seal.test.ts	1	+   "artifacts/rust-tauri/R02/audit-r17-g5/a11-rerun/backup-restore/s4-ws-probe.json",
tests/post-verification-audit-seal.test.ts	1	+   "artifacts/rust-tauri/R02/audit-r17-g5/a11-rerun/backup-restore/s4-ws-probe.json.probe-done",
tests/post-verification-audit-seal.test.ts	1	+   "artifacts/rust-tauri/R02/audit-r17-g5/a11-rerun/backup-restore/service-s1.addr",
tests/post-verification-audit-seal.test.ts	1	+   "artifacts/rust-tauri/R02/audit-r17-g5/a11-rerun/backup-restore/service-s1.err",
tests/post-verification-audit-seal.test.ts	1	+   "artifacts/rust-tauri/R02/audit-r17-g5/a11-rerun/backup-restore/service-s1.out",
tests/post-verification-audit-seal.test.ts	1	+   "artifacts/rust-tauri/R02/audit-r17-g5/a11-rerun/backup-restore/service-s2.addr",
tests/post-verification-audit-seal.test.ts	1	+   "artifacts/rust-tauri/R02/audit-r17-g5/a11-rerun/backup-restore/service-s2.err",
tests/post-verification-audit-seal.test.ts	1	+   "artifacts/rust-tauri/R02/audit-r17-g5/a11-rerun/backup-restore/service-s2.out",
tests/post-verification-audit-seal.test.ts	1	+   "artifacts/rust-tauri/R02/audit-r17-g5/a11-rerun/backup-restore/service-s4.addr",
tests/post-verification-audit-seal.test.ts	1	+   "artifacts/rust-tauri/R02/audit-r17-g5/a11-rerun/backup-restore/service-s4.err",
tests/post-verification-audit-seal.test.ts	1	+   "artifacts/rust-tauri/R02/audit-r17-g5/a11-rerun/backup-restore/service-s4.out",
tests/post-verification-audit-seal.test.ts	1	+   "artifacts/rust-tauri/R02/audit-r17-g5/a11-rerun/backup-restore/service.pid",
tests/post-verification-audit-seal.test.ts	1	+   "artifacts/rust-tauri/R02/audit-r17-g5/a11-rerun/backup-restore/summary.txt",
tests/post-verification-audit-seal.test.ts	1	+   "artifacts/rust-tauri/R02/audit-r17-g5/a11-start.utc",
tests/post-verification-audit-seal.test.ts	1	+   "artifacts/rust-tauri/R02/audit-r17-g5/a11/backup-restore/s1-backup-dir-listing.txt",
tests/post-verification-audit-seal.test.ts	1	+   "artifacts/rust-tauri/R02/audit-r17-g5/a11/backup-restore/s1-backup-outcome.json",
tests/post-verification-audit-seal.test.ts	1	+   "artifacts/rust-tauri/R02/audit-r17-g5/a11/backup-restore/s1-backup.err",
tests/post-verification-audit-seal.test.ts	1	+   "artifacts/rust-tauri/R02/audit-r17-g5/a11/backup-restore/s1-restore-outcome.json",
tests/post-verification-audit-seal.test.ts	1	+   "artifacts/rust-tauri/R02/audit-r17-g5/a11/backup-restore/s1-restore.err",
tests/post-verification-audit-seal.test.ts	1	+   "artifacts/rust-tauri/R02/audit-r17-g5/a11/backup-restore/s1-restored-dump.jsonl",
tests/post-verification-audit-seal.test.ts	1	+   "artifacts/rust-tauri/R02/audit-r17-g5/a11/backup-restore/s1-restored-hash.txt",
tests/post-verification-audit-seal.test.ts	1	+   "artifacts/rust-tauri/R02/audit-r17-g5/a11/backup-restore/s1-source-dump.jsonl",
tests/post-verification-audit-seal.test.ts	1	+   "artifacts/rust-tauri/R02/audit-r17-g5/a11/backup-restore/s1-source-hash.txt",
tests/post-verification-audit-seal.test.ts	1	+   "artifacts/rust-tauri/R02/audit-r17-g5/a11/backup-restore/s1-wal-size.txt",
tests/post-verification-audit-seal.test.ts	1	+   "artifacts/rust-tauri/R02/audit-r17-g5/a11/backup-restore/s3-backup-out.json",
tests/post-verification-audit-seal.test.ts	1	+   "artifacts/rust-tauri/R02/audit-r17-g5/a11/backup-restore/s3-backup.err",
tests/post-verification-audit-seal.test.ts	1	+   "artifacts/rust-tauri/R02/audit-r17-g5/a11/backup-restore/s4-ws-probe.json",
tests/post-verification-audit-seal.test.ts	1	+   "artifacts/rust-tauri/R02/audit-r17-g5/a11/backup-restore/s4-ws-probe.json.probe-done",
tests/post-verification-audit-seal.test.ts	1	+   "artifacts/rust-tauri/R02/audit-r17-g5/a11/backup-restore/service-s1.addr",
tests/post-verification-audit-seal.test.ts	1	+   "artifacts/rust-tauri/R02/audit-r17-g5/a11/backup-restore/service-s1.err",
tests/post-verification-audit-seal.test.ts	1	+   "artifacts/rust-tauri/R02/audit-r17-g5/a11/backup-restore/service-s1.out",
tests/post-verification-audit-seal.test.ts	1	+   "artifacts/rust-tauri/R02/audit-r17-g5/a11/backup-restore/service-s2.addr",
tests/post-verification-audit-seal.test.ts	1	+   "artifacts/rust-tauri/R02/audit-r17-g5/a11/backup-restore/service-s2.err",
tests/post-verification-audit-seal.test.ts	1	+   "artifacts/rust-tauri/R02/audit-r17-g5/a11/backup-restore/service-s2.out",
tests/post-verification-audit-seal.test.ts	1	+   "artifacts/rust-tauri/R02/audit-r17-g5/a11/backup-restore/service-s4.addr",
tests/post-verification-audit-seal.test.ts	1	+   "artifacts/rust-tauri/R02/audit-r17-g5/a11/backup-restore/service-s4.err",
tests/post-verification-audit-seal.test.ts	1	+   "artifacts/rust-tauri/R02/audit-r17-g5/a11/backup-restore/service-s4.out",
tests/post-verification-audit-seal.test.ts	1	+   "artifacts/rust-tauri/R02/audit-r17-g5/a11/backup-restore/service.pid",
tests/post-verification-audit-seal.test.ts	1	+   "artifacts/rust-tauri/R02/audit-r17-g5/a11/backup-restore/summary.txt",
tests/post-verification-audit-seal.test.ts	1	+   "artifacts/rust-tauri/R02/audit-r17-g5/a12-candidate-sha256.txt",
tests/post-verification-audit-seal.test.ts	1	+   "artifacts/rust-tauri/R02/audit-r17-g5/a12-end.utc",
tests/post-verification-audit-seal.test.ts	1	+   "artifacts/rust-tauri/R02/audit-r17-g5/a12-exit.txt",
tests/post-verification-audit-seal.test.ts	1	+   "artifacts/rust-tauri/R02/audit-r17-g5/a12-start.utc",
tests/post-verification-audit-seal.test.ts	1	+   "artifacts/rust-tauri/R02/audit-r17-g5/a12/recovery-drill/coexist-after.txt",
tests/post-verification-audit-seal.test.ts	1	+   "artifacts/rust-tauri/R02/audit-r17-g5/a12/recovery-drill/coexist-before.txt",
tests/post-verification-audit-seal.test.ts	1	+   "artifacts/rust-tauri/R02/audit-r17-g5/a12/recovery-drill/own-created-homes.txt",
tests/post-verification-audit-seal.test.ts	1	+   "artifacts/rust-tauri/R02/audit-r17-g5/a12/recovery-drill/summary.txt",
tests/post-verification-audit-seal.test.ts	1	+   "artifacts/rust-tauri/R02/audit-r17-g5/a12/recovery-drill/v1-hashes-after.txt",
tests/post-verification-audit-seal.test.ts	1	+   "artifacts/rust-tauri/R02/audit-r17-g5/a12/recovery-drill/v1-hashes-before.txt",
tests/post-verification-audit-seal.test.ts	1	+   "artifacts/rust-tauri/R02/audit-r17-g5/a12/recovery-drill/v1.err",
tests/post-verification-audit-seal.test.ts	1	+   "artifacts/rust-tauri/R02/audit-r17-g5/a12/recovery-drill/v1.out",
tests/post-verification-audit-seal.test.ts	1	+   "artifacts/rust-tauri/R02/audit-r17-g5/a12/recovery-drill/v2-hashes-after.txt",
tests/post-verification-audit-seal.test.ts	1	+   "artifacts/rust-tauri/R02/audit-r17-g5/a12/recovery-drill/v2-hashes-before.txt",
tests/post-verification-audit-seal.test.ts	1	+   "artifacts/rust-tauri/R02/audit-r17-g5/a12/recovery-drill/v2.err",
tests/post-verification-audit-seal.test.ts	1	+   "artifacts/rust-tauri/R02/audit-r17-g5/a12/recovery-drill/v2.out",
tests/post-verification-audit-seal.test.ts	1	+   "artifacts/rust-tauri/R02/audit-r17-g5/a12/recovery-drill/v3-hashes-after.txt",
tests/post-verification-audit-seal.test.ts	1	+   "artifacts/rust-tauri/R02/audit-r17-g5/a12/recovery-drill/v3-hashes-before.txt",
tests/post-verification-audit-seal.test.ts	1	+   "artifacts/rust-tauri/R02/audit-r17-g5/a12/recovery-drill/v3.err",
tests/post-verification-audit-seal.test.ts	1	+   "artifacts/rust-tauri/R02/audit-r17-g5/a12/recovery-drill/v3.out",
tests/post-verification-audit-seal.test.ts	1	+   "artifacts/rust-tauri/R02/audit-r17-g5/a12/recovery-drill/v4.err",
tests/post-verification-audit-seal.test.ts	1	+   "artifacts/rust-tauri/R02/audit-r17-g5/a12/recovery-drill/v4.out",
tests/post-verification-audit-seal.test.ts	1	+   "artifacts/rust-tauri/R02/audit-r17-g5/a12/recovery-drill/v5-hashes-after.txt",
tests/post-verification-audit-seal.test.ts	1	+   "artifacts/rust-tauri/R02/audit-r17-g5/a12/recovery-drill/v5-hashes-before.txt",
tests/post-verification-audit-seal.test.ts	1	+   "artifacts/rust-tauri/R02/audit-r17-g5/a12/recovery-drill/v5.err",
tests/post-verification-audit-seal.test.ts	1	+   "artifacts/rust-tauri/R02/audit-r17-g5/a12/recovery-drill/v5.out",
tests/post-verification-audit-seal.test.ts	1	+   "artifacts/rust-tauri/R02/audit-r17-g5/a12/recovery-drill/v6-recovered-dump.jsonl",
tests/post-verification-audit-seal.test.ts	1	+   "artifacts/rust-tauri/R02/audit-r17-g5/a12/recovery-drill/v6-seed-execute.txt",
tests/post-verification-audit-seal.test.ts	1	+   "artifacts/rust-tauri/R02/audit-r17-g5/a12/recovery-drill/v6-seed.err",
tests/post-verification-audit-seal.test.ts	1	+   "artifacts/rust-tauri/R02/audit-r17-g5/a12/recovery-drill/v6-seed.out",
tests/post-verification-audit-seal.test.ts	1	+   "artifacts/rust-tauri/R02/audit-r17-g5/a12/recovery-drill/v6.err",
tests/post-verification-audit-seal.test.ts	1	+   "artifacts/rust-tauri/R02/audit-r17-g5/a12/recovery-drill/v6.out",
tests/post-verification-audit-seal.test.ts	1	+   "artifacts/rust-tauri/R02/audit-r17-g5/a12/recovery-drill/v7-hashes-after.txt",
tests/post-verification-audit-seal.test.ts	1	+   "artifacts/rust-tauri/R02/audit-r17-g5/a12/recovery-drill/v7-hashes-before.txt",
tests/post-verification-audit-seal.test.ts	1	+   "artifacts/rust-tauri/R02/audit-r17-g5/a12/recovery-drill/v7-seed.err",
tests/post-verification-audit-seal.test.ts	1	+   "artifacts/rust-tauri/R02/audit-r17-g5/a12/recovery-drill/v7-seed.out",
tests/post-verification-audit-seal.test.ts	1	+   "artifacts/rust-tauri/R02/audit-r17-g5/a12/recovery-drill/v7.err",
tests/post-verification-audit-seal.test.ts	1	+   "artifacts/rust-tauri/R02/audit-r17-g5/a12/recovery-drill/v7.out",
tests/post-verification-audit-seal.test.ts	1	+   "artifacts/rust-tauri/R02/audit-r17-g5/a12/recovery-drill/v8-observed.err",
tests/post-verification-audit-seal.test.ts	1	+   "artifacts/rust-tauri/R02/audit-r17-g5/a12/recovery-drill/v8-seed.err",
tests/post-verification-audit-seal.test.ts	1	+   "artifacts/rust-tauri/R02/audit-r17-g5/a12/recovery-drill/v8-seed.out",
tests/post-verification-audit-seal.test.ts	1	+   "artifacts/rust-tauri/R02/audit-r17-g5/a12/recovery-drill/v8.err",
tests/post-verification-audit-seal.test.ts	1	+   "artifacts/rust-tauri/R02/audit-r17-g5/a12/recovery-drill/v8.out",
tests/post-verification-audit-seal.test.ts	1	+   "artifacts/rust-tauri/R02/audit-r17-g5/a13-candidate-sha256.txt",
tests/post-verification-audit-seal.test.ts	1	+   "artifacts/rust-tauri/R02/audit-r17-g5/a13-end.utc",
tests/post-verification-audit-seal.test.ts	1	+   "artifacts/rust-tauri/R02/audit-r17-g5/a13-exit.txt",
tests/post-verification-audit-seal.test.ts	1	+   "artifacts/rust-tauri/R02/audit-r17-g5/a13-start.utc",
tests/post-verification-audit-seal.test.ts	1	+   "artifacts/rust-tauri/R02/audit-r17-g5/a13/redaction-scan/inventory.txt",
tests/post-verification-audit-seal.test.ts	1	+   "artifacts/rust-tauri/R02/audit-r17-g5/a13/redaction-scan/p1-execute-ok.body",
tests/post-verification-audit-seal.test.ts	1	+   "artifacts/rust-tauri/R02/audit-r17-g5/a13/redaction-scan/p1-execute-ok.headers",
tests/post-verification-audit-seal.test.ts	1	+   "artifacts/rust-tauri/R02/audit-r17-g5/a13/redaction-scan/p1-execute-request.json",
tests/post-verification-audit-seal.test.ts	1	+   "artifacts/rust-tauri/R02/audit-r17-g5/a13/redaction-scan/p1-issue-credential.headers",
tests/post-verification-audit-seal.test.ts	1	+   "artifacts/rust-tauri/R02/audit-r17-g5/a13/redaction-scan/p1-issue-request.json",
tests/post-verification-audit-seal.test.ts	1	+   "artifacts/rust-tauri/R02/audit-r17-g5/a13/redaction-scan/p1-me-ok.body",
tests/post-verification-audit-seal.test.ts	1	+   "artifacts/rust-tauri/R02/audit-r17-g5/a13/redaction-scan/p1-me-ok.headers",
tests/post-verification-audit-seal.test.ts	1	+   "artifacts/rust-tauri/R02/audit-r17-g5/a13/redaction-scan/p1-ticket-request.json",
tests/post-verification-audit-seal.test.ts	1	+   "artifacts/rust-tauri/R02/audit-r17-g5/a13/redaction-scan/p1-ticket.body",
tests/post-verification-audit-seal.test.ts	1	+   "artifacts/rust-tauri/R02/audit-r17-g5/a13/redaction-scan/p1-ticket.headers",
tests/post-verification-audit-seal.test.ts	1	+   "artifacts/rust-tauri/R02/audit-r17-g5/a13/redaction-scan/p2-me-bad-bearer.body",
tests/post-verification-audit-seal.test.ts	1	+   "artifacts/rust-tauri/R02/audit-r17-g5/a13/redaction-scan/p2-me-bad-bearer.headers",
tests/post-verification-audit-seal.test.ts	1	+   "artifacts/rust-tauri/R02/audit-r17-g5/a13/redaction-scan/p2-me-no-auth.body",
tests/post-verification-audit-seal.test.ts	1	+   "artifacts/rust-tauri/R02/audit-r17-g5/a13/redaction-scan/p2-me-no-auth.headers",
tests/post-verification-audit-seal.test.ts	1	+   "artifacts/rust-tauri/R02/audit-r17-g5/a13/redaction-scan/p2-session-cross.body",
tests/post-verification-audit-seal.test.ts	1	+   "artifacts/rust-tauri/R02/audit-r17-g5/a13/redaction-scan/p2-session-cross.headers",
tests/post-verification-audit-seal.test.ts	1	+   "artifacts/rust-tauri/R02/audit-r17-g5/a13/redaction-scan/p2-session-missing.body",
tests/post-verification-audit-seal.test.ts	1	+   "artifacts/rust-tauri/R02/audit-r17-g5/a13/redaction-scan/p2-session-missing.headers",
tests/post-verification-audit-seal.test.ts	1	+   "artifacts/rust-tauri/R02/audit-r17-g5/a13/redaction-scan/p2-ws-bad-query.body",
tests/post-verification-audit-seal.test.ts	1	+   "artifacts/rust-tauri/R02/audit-r17-g5/a13/redaction-scan/p2-ws-bad-query.headers",
tests/post-verification-audit-seal.test.ts	1	+   "artifacts/rust-tauri/R02/audit-r17-g5/a13/redaction-scan/p2-ws-transcript.txt",
tests/post-verification-audit-seal.test.ts	1	+   "artifacts/rust-tauri/R02/audit-r17-g5/a13/redaction-scan/p3-burst-1.body",
tests/post-verification-audit-seal.test.ts	1	+   "artifacts/rust-tauri/R02/audit-r17-g5/a13/redaction-scan/p3-burst-2.body",
tests/post-verification-audit-seal.test.ts	1	+   "artifacts/rust-tauri/R02/audit-r17-g5/a13/redaction-scan/p3-burst-3.body",
tests/post-verification-audit-seal.test.ts	1	+   "artifacts/rust-tauri/R02/audit-r17-g5/a13/redaction-scan/p3-burst-4.body",
tests/post-verification-audit-seal.test.ts	1	+   "artifacts/rust-tauri/R02/audit-r17-g5/a13/redaction-scan/p3-burst-5.body",
tests/post-verification-audit-seal.test.ts	1	+   "artifacts/rust-tauri/R02/audit-r17-g5/a13/redaction-scan/p3-burst-6.body",
tests/post-verification-audit-seal.test.ts	1	+   "artifacts/rust-tauri/R02/audit-r17-g5/a13/redaction-scan/p3-burst-7.body",
tests/post-verification-audit-seal.test.ts	1	+   "artifacts/rust-tauri/R02/audit-r17-g5/a13/redaction-scan/p3-burst-8.body",
tests/post-verification-audit-seal.test.ts	1	+   "artifacts/rust-tauri/R02/audit-r17-g5/a13/redaction-scan/p3-execute-request.json",
tests/post-verification-audit-seal.test.ts	1	+   "artifacts/rust-tauri/R02/audit-r17-g5/a13/redaction-scan/p3-status-codes.txt",
tests/post-verification-audit-seal.test.ts	1	+   "artifacts/rust-tauri/R02/audit-r17-g5/a13/redaction-scan/service-logs/retention-manifest.txt",
tests/post-verification-audit-seal.test.ts	1	+   "artifacts/rust-tauri/R02/audit-r17-g5/a13/redaction-scan/service-p1.addr",
tests/post-verification-audit-seal.test.ts	1	+   "artifacts/rust-tauri/R02/audit-r17-g5/a13/redaction-scan/service-p1.err",
tests/post-verification-audit-seal.test.ts	1	+   "artifacts/rust-tauri/R02/audit-r17-g5/a13/redaction-scan/service-p1.out",
tests/post-verification-audit-seal.test.ts	1	+   "artifacts/rust-tauri/R02/audit-r17-g5/a13/redaction-scan/service-p3.addr",
tests/post-verification-audit-seal.test.ts	1	+   "artifacts/rust-tauri/R02/audit-r17-g5/a13/redaction-scan/service-p3.err",
tests/post-verification-audit-seal.test.ts	1	+   "artifacts/rust-tauri/R02/audit-r17-g5/a13/redaction-scan/service-p3.out",
tests/post-verification-audit-seal.test.ts	1	+   "artifacts/rust-tauri/R02/audit-r17-g5/a13/redaction-scan/service-p4.err",
tests/post-verification-audit-seal.test.ts	1	+   "artifacts/rust-tauri/R02/audit-r17-g5/a13/redaction-scan/service-p4.out",
tests/post-verification-audit-seal.test.ts	1	+   "artifacts/rust-tauri/R02/audit-r17-g5/a13/redaction-scan/summary.txt",
tests/post-verification-audit-seal.test.ts	1	+   "artifacts/rust-tauri/R02/audit-r17-g5/a14-candidate-sha256.txt",
tests/post-verification-audit-seal.test.ts	1	+   "artifacts/rust-tauri/R02/audit-r17-g5/a14-end.utc",
tests/post-verification-audit-seal.test.ts	1	+   "artifacts/rust-tauri/R02/audit-r17-g5/a14-exit.txt",
tests/post-verification-audit-seal.test.ts	1	+   "artifacts/rust-tauri/R02/audit-r17-g5/a14-rerun-candidate-sha256.txt",
tests/post-verification-audit-seal.test.ts	1	+   "artifacts/rust-tauri/R02/audit-r17-g5/a14-rerun-end.utc",
tests/post-verification-audit-seal.test.ts	1	+   "artifacts/rust-tauri/R02/audit-r17-g5/a14-rerun-exit.txt",
tests/post-verification-audit-seal.test.ts	1	+   "artifacts/rust-tauri/R02/audit-r17-g5/a14-rerun-start.utc",
tests/post-verification-audit-seal.test.ts	1	+   "artifacts/rust-tauri/R02/audit-r17-g5/a14-rerun/slow-subscriber/detach-lines.txt",
tests/post-verification-audit-seal.test.ts	1	+   "artifacts/rust-tauri/R02/audit-r17-g5/a14-rerun/slow-subscriber/rss-samples.csv",
tests/post-verification-audit-seal.test.ts	1	+   "artifacts/rust-tauri/R02/audit-r17-g5/a14-rerun/slow-subscriber/service.err",
tests/post-verification-audit-seal.test.ts	1	+   "artifacts/rust-tauri/R02/audit-r17-g5/a14-rerun/slow-subscriber/service.out",
tests/post-verification-audit-seal.test.ts	1	+   "artifacts/rust-tauri/R02/audit-r17-g5/a14-rerun/slow-subscriber/storm-results.json",
tests/post-verification-audit-seal.test.ts	1	+   "artifacts/rust-tauri/R02/audit-r17-g5/a14-rerun/slow-subscriber/summary.txt",
tests/post-verification-audit-seal.test.ts	1	+   "artifacts/rust-tauri/R02/audit-r17-g5/a14-start.utc",
tests/post-verification-audit-seal.test.ts	1	+   "artifacts/rust-tauri/R02/audit-r17-g5/a14/slow-subscriber/service.err",
tests/post-verification-audit-seal.test.ts	1	+   "artifacts/rust-tauri/R02/audit-r17-g5/a14/slow-subscriber/service.out",
tests/post-verification-audit-seal.test.ts	1	+   "artifacts/rust-tauri/R02/audit-r17-g5/a14/slow-subscriber/summary.txt",
tests/post-verification-audit-seal.test.ts	1	+   "artifacts/rust-tauri/R02/audit-r17-g5/a16-evidence-guard-j4nc3a6j/result.json",
tests/post-verification-audit-seal.test.ts	1	+   "artifacts/rust-tauri/R02/audit-r17-g5/g5-source-sha256.txt",
tests/post-verification-audit-seal.test.ts	1	+   "artifacts/rust-tauri/R02/audit-r17-leaf-xtask-run-2/summary.json",
tests/post-verification-audit-seal.test.ts	1	+   "artifacts/rust-tauri/R02/audit-r17-leaf-xtask-run-3/summary.json",
tests/post-verification-audit-seal.test.ts	1	+   "artifacts/rust-tauri/R02/audit-r17-management-probe-10/summary.json",
tests/post-verification-audit-seal.test.ts	1	+   "artifacts/rust-tauri/R02/audit-r17-management-probe-6/summary.json",
tests/post-verification-audit-seal.test.ts	1	+   "artifacts/rust-tauri/R02/audit-r17-management-probe-7/summary.json",
tests/post-verification-audit-seal.test.ts	1	+   "artifacts/rust-tauri/R02/audit-r17-management-probe-8/summary.json",
tests/post-verification-audit-seal.test.ts	1	+   "artifacts/rust-tauri/R02/audit-r17-management-probe-9/management-cases.json",
tests/post-verification-audit-seal.test.ts	1	+   "artifacts/rust-tauri/R02/audit-r17-management-probe-9/summary.json",
tests/post-verification-audit-seal.test.ts	1	+   "artifacts/rust-tauri/R02/audit-r17-static-probe-1/static-web-cases.json",
tests/post-verification-audit-seal.test.ts	1	+   "artifacts/rust-tauri/R02/audit-r17-static-probe-1/summary.json",
tests/post-verification-audit-seal.test.ts	1	+   "artifacts/rust-tauri/R02/audit-r17-static-probe-2/static-web-cases.json",
tests/post-verification-audit-seal.test.ts	1	+   "artifacts/rust-tauri/R02/audit-r17-static-probe-2/summary.json",
tests/post-verification-audit-seal.test.ts	1	+   "artifacts/rust-tauri/R02/audit-r18-a01-static/candidate-sha256.json",
tests/post-verification-audit-seal.test.ts	1	+   "artifacts/rust-tauri/R02/audit-r18-a01-static/static-checks.json",
tests/post-verification-audit-seal.test.ts	1	+   "artifacts/rust-tauri/R02/audit-r18-g5-static-foreign-fix/G5_STATIC_AUDIT.md",
tests/post-verification-audit-seal.test.ts	1	+   "artifacts/rust-tauri/R02/audit-r18-g5-static-foreign-fix/candidate-sha256.json",
tests/post-verification-audit-seal.test.ts	1	+   "artifacts/rust-tauri/R02/audit-r18-g5-static-foreign-fix/static-checks.json",
tests/post-verification-audit-seal.test.ts	1	+   "artifacts/rust-tauri/R02/audit-r18-g5-static/candidate-sha256.json",
tests/post-verification-audit-seal.test.ts	1	+   "artifacts/rust-tauri/R02/audit-r18-g5-static/static-checks.json",
tests/post-verification-audit-seal.test.ts	1	+   "artifacts/rust-tauri/R02/audit-r18-git-fixture/RESULT.md",
tests/post-verification-audit-seal.test.ts	1	+   "artifacts/rust-tauri/R02/audit-r18-git-fixture/attempt-2/command-trace.jsonl",
tests/post-verification-audit-seal.test.ts	1	+   "artifacts/rust-tauri/R02/audit-r18-git-fixture/attempt-2/fixture-result.json",
tests/post-verification-audit-seal.test.ts	1	+   "artifacts/rust-tauri/R02/audit-r18-git-fixture/attempt-2/fixture-root.txt",
tests/post-verification-audit-seal.test.ts	1	+   "artifacts/rust-tauri/R02/audit-r18-git-fixture/attempt-2/run_fixture.py",
tests/post-verification-audit-seal.test.ts	1	+   "artifacts/rust-tauri/R02/audit-r18-git-fixture/command-trace.jsonl",
tests/post-verification-audit-seal.test.ts	1	+   "artifacts/rust-tauri/R02/audit-r18-git-fixture/fixture-root.txt",
tests/post-verification-audit-seal.test.ts	1	+   "artifacts/rust-tauri/R02/audit-r18-git-fixture/run_fixture.py",
tests/post-verification-audit-seal.test.ts	1	+   "artifacts/rust-tauri/R02/audit-r18-producer-cleanup-static/A01_SERVE_STATIC_AUDIT.md",
tests/post-verification-audit-seal.test.ts	1	+   "artifacts/rust-tauri/R02/audit-r18-producer-cleanup-static/candidate-sha256.json",
tests/post-verification-audit-seal.test.ts	1	+   "artifacts/rust-tauri/R02/audit-r18-producer-cleanup-static/static-checks.json",
tests/post-verification-audit-seal.test.ts	1	+   "artifacts/rust-tauri/R02/audit-r18-t03-open/after-web-all-targets-rerun.meta.json",
tests/post-verification-audit-seal.test.ts	1	+   "artifacts/rust-tauri/R02/audit-r18-t03-open/after-web-all-targets.meta.json",
tests/post-verification-audit-seal.test.ts	1	+   "artifacts/rust-tauri/R02/audit-r18-t03-open/cross-instance-unit.meta.json",
tests/post-verification-audit-seal.test.ts	1	+   "artifacts/rust-tauri/R02/audit-r18-t03-open/device-revoke-final.meta.json",
tests/post-verification-audit-seal.test.ts	1	+   "artifacts/rust-tauri/R02/audit-r18-t03-open/probe-ast.meta.json",
tests/post-verification-audit-seal.test.ts	1	+   "artifacts/rust-tauri/R02/audit-r18-t03-open/reader-drain-check.meta.json",
tests/post-verification-audit-seal.test.ts	1	+   "artifacts/rust-tauri/R02/audit-r18-t03-open/reader-final-check.meta.json",
tests/post-verification-audit-seal.test.ts	1	+   "artifacts/rust-tauri/R02/audit-r18-t03-open/reader-final-device.meta.json",
tests/post-verification-audit-seal.test.ts	1	+   "artifacts/rust-tauri/R02/audit-r18-t03-open/reader-final-web.meta.json",
tests/post-verification-audit-seal.test.ts	1	+   "artifacts/rust-tauri/R02/audit-r18-t03-open/reader-final-ws.meta.json",
tests/post-verification-audit-seal.test.ts	1	+   "artifacts/rust-tauri/R02/audit-r18-t03-open/t03-stable-check.meta.json",
tests/post-verification-audit-seal.test.ts	1	+   "artifacts/rust-tauri/R02/audit-r18-t03-open/t03-stable-clippy.meta.json",
tests/post-verification-audit-seal.test.ts	1	+   "artifacts/rust-tauri/R02/audit-r18-t03-open/t03-stable-device.meta.json",
tests/post-verification-audit-seal.test.ts	1	+   "artifacts/rust-tauri/R02/audit-r18-t03-open/t03-stable-web.meta.json",
tests/post-verification-audit-seal.test.ts	1	+   "artifacts/rust-tauri/R02/audit-r18-t03-open/t03-stable-ws.meta.json",
tests/post-verification-audit-seal.test.ts	1	+   "artifacts/rust-tauri/R02/audit-r18-t03-open/web-revoke-final.meta.json",
tests/post-verification-audit-seal.test.ts	1	+   "artifacts/rust-tauri/R02/audit-r18-t03-open/ws-final.meta.json",
tests/post-verification-audit-seal.test.ts	1	+   "artifacts/rust-tauri/R02/audit-r18-t03-open/ws-unit.meta.json",
tests/post-verification-audit-seal.test.ts	1	+   "artifacts/rust-tauri/R02/audit-r18/a16-e1-static-20260928.json",
tests/post-verification-audit-seal.test.ts	1	+   "artifacts/rust-tauri/R02/audit-r18/candidate-final-full-sha256.txt",
tests/post-verification-audit-seal.test.ts	1	+   "artifacts/rust-tauri/R02/audit-r18/candidate-final-status.txt",
tests/post-verification-audit-seal.test.ts	1	+   "artifacts/rust-tauri/R02/audit-r18/final-noport-1/build-client.json",
tests/post-verification-audit-seal.test.ts	1	+   "artifacts/rust-tauri/R02/audit-r18/final-noport-1/build-rust-service.json",
tests/post-verification-audit-seal.test.ts	1	+   "artifacts/rust-tauri/R02/audit-r18/final-noport-1/build-server-throwaway-rerun/record.json",
tests/post-verification-audit-seal.test.ts	1	+   "artifacts/rust-tauri/R02/audit-r18/final-noport-1/build-server.json",
tests/post-verification-audit-seal.test.ts	1	+   "artifacts/rust-tauri/R02/audit-r18/final-noport-1/build-shell-local/record.json",
tests/post-verification-audit-seal.test.ts	1	+   "artifacts/rust-tauri/R02/audit-r18/final-noport-1/cargo-check.json",
tests/post-verification-audit-seal.test.ts	1	+   "artifacts/rust-tauri/R02/audit-r18/final-noport-1/cargo-clippy.json",
tests/post-verification-audit-seal.test.ts	1	+   "artifacts/rust-tauri/R02/audit-r18/final-noport-1/cargo-fmt.json",
tests/post-verification-audit-seal.test.ts	1	+   "artifacts/rust-tauri/R02/audit-r18/final-noport-1/desktop-rust-helper.json",
tests/post-verification-audit-seal.test.ts	1	+   "artifacts/rust-tauri/R02/audit-r18/final-noport-1/electron-builder-final/record.json",
tests/post-verification-audit-seal.test.ts	1	+   "artifacts/rust-tauri/R02/audit-r18/final-noport-1/management-compile.json",
tests/post-verification-audit-seal.test.ts	1	+   "artifacts/rust-tauri/R02/audit-r18/final-noport-1/npm-typecheck.json",
tests/post-verification-audit-seal.test.ts	1	+   "artifacts/rust-tauri/R02/audit-r18/final-noport-1/rust-version.json",
tests/post-verification-audit-seal.test.ts	1	+   "artifacts/rust-tauri/R02/audit-r18/final-noport-1/source-after-sha256.txt",
tests/post-verification-audit-seal.test.ts	1	+   "artifacts/rust-tauri/R02/audit-r18/final-noport-1/source-before-sha256.txt",
tests/post-verification-audit-seal.test.ts	1	+   "artifacts/rust-tauri/R02/audit-r18/final-noport-1/static-web-compile.json",
tests/post-verification-audit-seal.test.ts	1	+   "artifacts/rust-tauri/R02/audit-r18/final-noport-1/summary.json",
tests/post-verification-audit-seal.test.ts	1	+   "artifacts/rust-tauri/R02/audit-r18/final-noport-1/targeted-vitest.json",
tests/post-verification-audit-seal.test.ts	1	+   "artifacts/rust-tauri/R02/audit-r18/final-noport-1/verify-rust-package.json",
tests/post-verification-audit-seal.test.ts	1	+   "artifacts/rust-tauri/R02/audit-r18/final-noport-1/xtask-unit.json",
tests/post-verification-audit-seal.test.ts	1	+   "artifacts/rust-tauri/R02/audit-r18/final-noport-2/build-client.json",
tests/post-verification-audit-seal.test.ts	1	+   "artifacts/rust-tauri/R02/audit-r18/final-noport-2/build-rust-service.json",
tests/post-verification-audit-seal.test.ts	1	+   "artifacts/rust-tauri/R02/audit-r18/final-noport-2/build-server-local-sign.json",
tests/post-verification-audit-seal.test.ts	1	+   "artifacts/rust-tauri/R02/audit-r18/final-noport-2/build-shell-local-structure.json",
tests/post-verification-audit-seal.test.ts	1	+   "artifacts/rust-tauri/R02/audit-r18/final-noport-2/cargo-check.json",
tests/post-verification-audit-seal.test.ts	1	+   "artifacts/rust-tauri/R02/audit-r18/final-noport-2/cargo-clippy.json",
tests/post-verification-audit-seal.test.ts	1	+   "artifacts/rust-tauri/R02/audit-r18/final-noport-2/cargo-fmt.json",
tests/post-verification-audit-seal.test.ts	1	+   "artifacts/rust-tauri/R02/audit-r18/final-noport-2/desktop-rust-helper.json",
tests/post-verification-audit-seal.test.ts	1	+   "artifacts/rust-tauri/R02/audit-r18/final-noport-2/local-keygen.json",
tests/post-verification-audit-seal.test.ts	1	+   "artifacts/rust-tauri/R02/audit-r18/final-noport-2/management-compile.json",
tests/post-verification-audit-seal.test.ts	1	+   "artifacts/rust-tauri/R02/audit-r18/final-noport-2/npm-typecheck.json",
tests/post-verification-audit-seal.test.ts	1	+   "artifacts/rust-tauri/R02/audit-r18/final-noport-2/rust-version.json",
tests/post-verification-audit-seal.test.ts	1	+   "artifacts/rust-tauri/R02/audit-r18/final-noport-2/source-after-sha256.txt",
tests/post-verification-audit-seal.test.ts	1	+   "artifacts/rust-tauri/R02/audit-r18/final-noport-2/source-before-sha256.txt",
tests/post-verification-audit-seal.test.ts	1	+   "artifacts/rust-tauri/R02/audit-r18/final-noport-2/static-web-compile.json",
tests/post-verification-audit-seal.test.ts	1	+   "artifacts/rust-tauri/R02/audit-r18/final-noport-2/summary.json",
tests/post-verification-audit-seal.test.ts	1	+   "artifacts/rust-tauri/R02/audit-r18/final-noport-2/targeted-vitest.json",
tests/post-verification-audit-seal.test.ts	1	+   "artifacts/rust-tauri/R02/audit-r18/final-noport-2/verify-rust-package.json",
tests/post-verification-audit-seal.test.ts	1	+   "artifacts/rust-tauri/R02/audit-r18/final-noport-2/xtask-unit.json",
tests/post-verification-audit-seal.test.ts	1	+   "artifacts/rust-tauri/R02/audit-r18/final-noport-runner.py",
tests/post-verification-audit-seal.test.ts	1	+   "artifacts/rust-tauri/R02/audit-r18/final_noport_2.py",
tests/post-verification-audit-seal.test.ts	1	+   "artifacts/rust-tauri/R02/audit-r18/freeze_candidate.py",
tests/post-verification-audit-seal.test.ts	1	+   "artifacts/rust-tauri/R02/audit-r18/local-one-time-credential-sha256.txt",
tests/post-verification-audit-seal.test.ts	1	+   "artifacts/rust-tauri/R02/audit-r18/local-sensitive-fixtures-sha256.txt",
tests/post-verification-audit-seal.test.ts	1	+   "artifacts/rust-tauri/R02/audit-r18/pre-to-final-diff.json",
tests/post-verification-audit-seal.test.ts	1	+   "artifacts/rust-tauri/R02/audit-r18/static-final.json",
tests/post-verification-audit-seal.test.ts	1	+   "artifacts/rust-tauri/R02/audit-r18/static_check_runner.py",
tests/post-verification-audit-seal.test.ts	1	+   "artifacts/rust-tauri/R02/cli-status-r18/final-guard/targeted.json",
tests/post-verification-audit-seal.test.ts	1	+   "artifacts/rust-tauri/R02/cli-status-r18/targeted.json",
tests/post-verification-audit-seal.test.ts	1	+   "artifacts/rust-tauri/R02/desktop-connection-r17/record.json",
tests/post-verification-audit-seal.test.ts	1	+   "artifacts/rust-tauri/R02/desktop-cors-r17/record-after-error-headers.json",
tests/post-verification-audit-seal.test.ts	1	+   "artifacts/rust-tauri/R02/desktop-cors-r17/record.json",
tests/post-verification-audit-seal.test.ts	1	+   "artifacts/rust-tauri/R02/desktop-ws-r17/record.json",
tests/post-verification-audit-seal.test.ts	1	+   "artifacts/rust-tauri/R02/fmt-r17/record.json",
tests/post-verification-audit-seal.test.ts	1	+   "artifacts/rust-tauri/R02/identity-r17/record-home-guard.json",
tests/post-verification-audit-seal.test.ts	1	+   "artifacts/rust-tauri/R02/identity-r17/record.json",
tests/post-verification-audit-seal.test.ts	1	+   "artifacts/rust-tauri/R02/lan-origin-r17/STATIC_STATUS.md",
tests/post-verification-audit-seal.test.ts	1	+   "artifacts/rust-tauri/R02/management-r17/qrcode-dependency-approved.meta",
tests/post-verification-audit-seal.test.ts	1	+   "artifacts/rust-tauri/R02/management-r17/qrcode-dependency-sandbox-failed.meta",
tests/post-verification-audit-seal.test.ts	1	+   "artifacts/rust-tauri/R02/management-r18/verification.md",
tests/post-verification-audit-seal.test.ts	1	+   "artifacts/rust-tauri/R02/management-r19/verification.md",
tests/post-verification-audit-seal.test.ts	1	+   "artifacts/rust-tauri/R02/management-r20/final-focused-end.txt",
tests/post-verification-audit-seal.test.ts	1	+   "artifacts/rust-tauri/R02/management-r20/final-focused-start.txt",
tests/post-verification-audit-seal.test.ts	1	+   "artifacts/rust-tauri/R02/management-r20/final-source-sha256-after.txt",
tests/post-verification-audit-seal.test.ts	1	+   "artifacts/rust-tauri/R02/management-r20/final-source-sha256.txt",
tests/post-verification-audit-seal.test.ts	1	+   "artifacts/rust-tauri/R02/management-r21/end-source-sha256.txt",
tests/post-verification-audit-seal.test.ts	1	+   "artifacts/rust-tauri/R02/management-r21/end-utc.txt",
tests/post-verification-audit-seal.test.ts	1	+   "artifacts/rust-tauri/R02/management-r21/start-source-sha256.txt",
tests/post-verification-audit-seal.test.ts	1	+   "artifacts/rust-tauri/R02/management-r21/start-utc.txt",
tests/post-verification-audit-seal.test.ts	1	+   "artifacts/rust-tauri/R02/management-r21/static-review.md",
tests/post-verification-audit-seal.test.ts	1	+   "artifacts/rust-tauri/R02/management-r21/verification.md",
tests/post-verification-audit-seal.test.ts	1	+   "artifacts/rust-tauri/R02/me-projection-r18/checks.json",
tests/post-verification-audit-seal.test.ts	1	+   "artifacts/rust-tauri/R02/me-projection-r18/management-no-run-after-me.json",
tests/post-verification-audit-seal.test.ts	1	+   "artifacts/rust-tauri/R02/me-projection-r18/xtask-embedded-map-after-dedicated.json",
tests/post-verification-audit-seal.test.ts	1	+   "artifacts/rust-tauri/R02/me-projection-r18/xtask-embedded-map.json",
tests/post-verification-audit-seal.test.ts	1	+   "artifacts/rust-tauri/R02/n06-windows-audit/N06_STATIC_REVIEW.md",
tests/post-verification-audit-seal.test.ts	1	+   "artifacts/rust-tauri/R02/n06-windows-audit/cargo-check-end-utc.txt",
tests/post-verification-audit-seal.test.ts	1	+   "artifacts/rust-tauri/R02/n06-windows-audit/cargo-check-start-sha256.txt",
tests/post-verification-audit-seal.test.ts	1	+   "artifacts/rust-tauri/R02/n06-windows-audit/cargo-check-start-utc.txt",
tests/post-verification-audit-seal.test.ts	1	+   "artifacts/rust-tauri/R02/n06-windows-audit/final-end-sha256.txt",
tests/post-verification-audit-seal.test.ts	1	+   "artifacts/rust-tauri/R02/n06-windows-audit/final-end-utc.txt",
tests/post-verification-audit-seal.test.ts	1	+   "artifacts/rust-tauri/R02/n06-windows-audit/final-start-sha256.txt",
tests/post-verification-audit-seal.test.ts	1	+   "artifacts/rust-tauri/R02/n06-windows-audit/final-start-utc.txt",
tests/post-verification-audit-seal.test.ts	1	+   "artifacts/rust-tauri/R02/n06-windows-audit/focused-end-sha256.txt",
tests/post-verification-audit-seal.test.ts	1	+   "artifacts/rust-tauri/R02/n06-windows-audit/focused-end-utc.txt",
tests/post-verification-audit-seal.test.ts	1	+   "artifacts/rust-tauri/R02/n06-windows-audit/focused-start-sha256.txt",
tests/post-verification-audit-seal.test.ts	1	+   "artifacts/rust-tauri/R02/n06-windows-audit/focused-start-utc.txt",
tests/post-verification-audit-seal.test.ts	1	+   "artifacts/rust-tauri/R02/n06-windows-audit/revised-end-sha256.txt",
tests/post-verification-audit-seal.test.ts	1	+   "artifacts/rust-tauri/R02/n06-windows-audit/revised-end-utc.txt",
tests/post-verification-audit-seal.test.ts	1	+   "artifacts/rust-tauri/R02/n06-windows-audit/revised-start-sha256.txt",
tests/post-verification-audit-seal.test.ts	1	+   "artifacts/rust-tauri/R02/n06-windows-audit/revised-start-utc.txt",
tests/post-verification-audit-seal.test.ts	1	+   "artifacts/rust-tauri/R02/n06-windows-audit/windows-target-end-sha256.txt",
tests/post-verification-audit-seal.test.ts	1	+   "artifacts/rust-tauri/R02/n06-windows-audit/windows-target-end-utc.txt",
tests/post-verification-audit-seal.test.ts	1	+   "artifacts/rust-tauri/R02/n06-windows-audit/windows-target-start-sha256.txt",
tests/post-verification-audit-seal.test.ts	1	+   "artifacts/rust-tauri/R02/n06-windows-audit/windows-target-start-utc.txt",
tests/post-verification-audit-seal.test.ts	1	+   "artifacts/rust-tauri/R02/r17-leaf-gate/access-route-probe-1/access-route-cases.json",
tests/post-verification-audit-seal.test.ts	1	+   "artifacts/rust-tauri/R02/r17-leaf-gate/access-route-probe-1/runs.txt",
tests/post-verification-audit-seal.test.ts	1	+   "artifacts/rust-tauri/R02/r17-leaf-gate/access-route-probe-1/source-sha256.txt",
tests/post-verification-audit-seal.test.ts	1	+   "artifacts/rust-tauri/R02/r17-leaf-gate/access-route-probe-2/access-route-cases.json",
tests/post-verification-audit-seal.test.ts	1	+   "artifacts/rust-tauri/R02/r17-leaf-gate/access-ui-probe-1/access-cases.json",
tests/post-verification-audit-seal.test.ts	1	+   "artifacts/rust-tauri/R02/r17-leaf-gate/access-ui-probe-2/access-cases.json",
tests/post-verification-audit-seal.test.ts	1	+   "artifacts/rust-tauri/R02/r17-leaf-gate/access-ui-probe-3/access-cases.json",
tests/post-verification-audit-seal.test.ts	1	+   "artifacts/rust-tauri/R02/r17-leaf-gate/access-ui-probe-4/access-cases.json",
tests/post-verification-audit-seal.test.ts	1	+   "artifacts/rust-tauri/R02/r17-leaf-gate/access-ui-probe-5/access-cases.json",
tests/post-verification-audit-seal.test.ts	1	+   "artifacts/rust-tauri/R02/r17-leaf-gate/access-ui-probe-5/source-sha256.txt",
tests/post-verification-audit-seal.test.ts	1	+   "artifacts/rust-tauri/R02/r17-leaf-gate/audit-map-targeted-1/summary.json",
tests/post-verification-audit-seal.test.ts	1	+   "artifacts/rust-tauri/R02/r17-leaf-gate/cli-rust-probe-1/cli-rust-cases.json",
tests/post-verification-audit-seal.test.ts	1	+   "artifacts/rust-tauri/R02/r17-leaf-gate/cli-rust-probe-2/cli-rust-cases.json",
tests/post-verification-audit-seal.test.ts	1	+   "artifacts/rust-tauri/R02/r17-leaf-gate/cli-rust-probe-2/sessions-empty-api.json",
tests/post-verification-audit-seal.test.ts	1	+   "artifacts/rust-tauri/R02/r17-leaf-gate/cli-rust-probe-2/sessions-fixture-ledger.json",
tests/post-verification-audit-seal.test.ts	1	+   "artifacts/rust-tauri/R02/r17-leaf-gate/cli-rust-probe-2/sessions-limit-api.json",
tests/post-verification-audit-seal.test.ts	1	+   "artifacts/rust-tauri/R02/r17-leaf-gate/cli-rust-probe-2/sessions-owner-api.json",
tests/post-verification-audit-seal.test.ts	1	+   "artifacts/rust-tauri/R02/r17-leaf-gate/client-probe-1-source-sha256.txt",
tests/post-verification-audit-seal.test.ts	1	+   "artifacts/rust-tauri/R02/r17-leaf-gate/client-probe-1/cli-help-exit0-no-start/home-after.json",
tests/post-verification-audit-seal.test.ts	1	+   "artifacts/rust-tauri/R02/r17-leaf-gate/client-probe-1/cli-help-exit0-no-start/home-before.json",
tests/post-verification-audit-seal.test.ts	1	+   "artifacts/rust-tauri/R02/r17-leaf-gate/client-probe-1/cli-serve-unknown-arg-exit1-no-start/home-after.json",
tests/post-verification-audit-seal.test.ts	1	+   "artifacts/rust-tauri/R02/r17-leaf-gate/client-probe-1/cli-serve-unknown-arg-exit1-no-start/home-before.json",
tests/post-verification-audit-seal.test.ts	1	+   "artifacts/rust-tauri/R02/r17-leaf-gate/client-probe-1/cli-unknown-arg-exit1-no-start/home-after.json",
tests/post-verification-audit-seal.test.ts	1	+   "artifacts/rust-tauri/R02/r17-leaf-gate/client-probe-1/cli-unknown-arg-exit1-no-start/home-before.json",
tests/post-verification-audit-seal.test.ts	1	+   "artifacts/rust-tauri/R02/r17-leaf-gate/client-probe-1/leaf-cases.json",
tests/post-verification-audit-seal.test.ts	1	+   "artifacts/rust-tauri/R02/r17-leaf-gate/client-probe-1/sharing-cases.json",
tests/post-verification-audit-seal.test.ts	1	+   "artifacts/rust-tauri/R02/r17-leaf-gate/client-probe-1/summary.json",
tests/post-verification-audit-seal.test.ts	1	+   "artifacts/rust-tauri/R02/r17-leaf-gate/client-probe-2-run.txt",
tests/post-verification-audit-seal.test.ts	1	+   "artifacts/rust-tauri/R02/r17-leaf-gate/client-probe-2-source-sha256.txt",
tests/post-verification-audit-seal.test.ts	1	+   "artifacts/rust-tauri/R02/r17-leaf-gate/client-probe-2/cli-help-exit0-no-start/home-after.json",
tests/post-verification-audit-seal.test.ts	1	+   "artifacts/rust-tauri/R02/r17-leaf-gate/client-probe-2/cli-help-exit0-no-start/home-before.json",
tests/post-verification-audit-seal.test.ts	1	+   "artifacts/rust-tauri/R02/r17-leaf-gate/client-probe-2/cli-serve-unknown-arg-exit1-no-start/home-after.json",
tests/post-verification-audit-seal.test.ts	1	+   "artifacts/rust-tauri/R02/r17-leaf-gate/client-probe-2/cli-serve-unknown-arg-exit1-no-start/home-before.json",
tests/post-verification-audit-seal.test.ts	1	+   "artifacts/rust-tauri/R02/r17-leaf-gate/client-probe-2/cli-unknown-arg-exit1-no-start/home-after.json",
tests/post-verification-audit-seal.test.ts	1	+   "artifacts/rust-tauri/R02/r17-leaf-gate/client-probe-2/cli-unknown-arg-exit1-no-start/home-before.json",
tests/post-verification-audit-seal.test.ts	1	+   "artifacts/rust-tauri/R02/r17-leaf-gate/client-probe-2/leaf-cases.json",
tests/post-verification-audit-seal.test.ts	1	+   "artifacts/rust-tauri/R02/r17-leaf-gate/client-probe-2/sharing-cases.json",
tests/post-verification-audit-seal.test.ts	1	+   "artifacts/rust-tauri/R02/r17-leaf-gate/client-probe-2/summary.json",
tests/post-verification-audit-seal.test.ts	1	+   "artifacts/rust-tauri/R02/r17-leaf-gate/client-probe-3-run.txt",
tests/post-verification-audit-seal.test.ts	1	+   "artifacts/rust-tauri/R02/r17-leaf-gate/client-probe-3-source-sha256.txt",
tests/post-verification-audit-seal.test.ts	1	+   "artifacts/rust-tauri/R02/r17-leaf-gate/client-probe-3/cli-help-exit0-no-start/home-after.json",
tests/post-verification-audit-seal.test.ts	1	+   "artifacts/rust-tauri/R02/r17-leaf-gate/client-probe-3/cli-help-exit0-no-start/home-before.json",
tests/post-verification-audit-seal.test.ts	1	+   "artifacts/rust-tauri/R02/r17-leaf-gate/client-probe-3/cli-serve-unknown-arg-exit1-no-start/home-after.json",
tests/post-verification-audit-seal.test.ts	1	+   "artifacts/rust-tauri/R02/r17-leaf-gate/client-probe-3/cli-serve-unknown-arg-exit1-no-start/home-before.json",
tests/post-verification-audit-seal.test.ts	1	+   "artifacts/rust-tauri/R02/r17-leaf-gate/client-probe-3/cli-unknown-arg-exit1-no-start/home-after.json",
tests/post-verification-audit-seal.test.ts	1	+   "artifacts/rust-tauri/R02/r17-leaf-gate/client-probe-3/cli-unknown-arg-exit1-no-start/home-before.json",
tests/post-verification-audit-seal.test.ts	1	+   "artifacts/rust-tauri/R02/r17-leaf-gate/client-probe-3/leaf-cases.json",
tests/post-verification-audit-seal.test.ts	1	+   "artifacts/rust-tauri/R02/r17-leaf-gate/client-probe-3/sharing-cases.json",
tests/post-verification-audit-seal.test.ts	1	+   "artifacts/rust-tauri/R02/r17-leaf-gate/client-probe-3/summary.json",
tests/post-verification-audit-seal.test.ts	1	+   "artifacts/rust-tauri/R02/r17-leaf-gate/client-probe-4-run.txt",
tests/post-verification-audit-seal.test.ts	1	+   "artifacts/rust-tauri/R02/r17-leaf-gate/client-probe-4-source-sha256.txt",
tests/post-verification-audit-seal.test.ts	1	+   "artifacts/rust-tauri/R02/r17-leaf-gate/client-probe-4/cli-help-exit0-no-start/home-after.json",
tests/post-verification-audit-seal.test.ts	1	+   "artifacts/rust-tauri/R02/r17-leaf-gate/client-probe-4/cli-help-exit0-no-start/home-before.json",
tests/post-verification-audit-seal.test.ts	1	+   "artifacts/rust-tauri/R02/r17-leaf-gate/client-probe-4/cli-serve-unknown-arg-exit1-no-start/home-after.json",
tests/post-verification-audit-seal.test.ts	1	+   "artifacts/rust-tauri/R02/r17-leaf-gate/client-probe-4/cli-serve-unknown-arg-exit1-no-start/home-before.json",
tests/post-verification-audit-seal.test.ts	1	+   "artifacts/rust-tauri/R02/r17-leaf-gate/client-probe-4/cli-unknown-arg-exit1-no-start/home-after.json",
tests/post-verification-audit-seal.test.ts	1	+   "artifacts/rust-tauri/R02/r17-leaf-gate/client-probe-4/cli-unknown-arg-exit1-no-start/home-before.json",
tests/post-verification-audit-seal.test.ts	1	+   "artifacts/rust-tauri/R02/r17-leaf-gate/client-probe-4/leaf-cases.json",
tests/post-verification-audit-seal.test.ts	1	+   "artifacts/rust-tauri/R02/r17-leaf-gate/client-probe-4/sharing-cases.json",
tests/post-verification-audit-seal.test.ts	1	+   "artifacts/rust-tauri/R02/r17-leaf-gate/client-probe-4/summary.json",
tests/post-verification-audit-seal.test.ts	1	+   "artifacts/rust-tauri/R02/r17-leaf-gate/client-probe-5/cli-help-exit0-no-start/home-after.json",
tests/post-verification-audit-seal.test.ts	1	+   "artifacts/rust-tauri/R02/r17-leaf-gate/client-probe-5/cli-help-exit0-no-start/home-before.json",
tests/post-verification-audit-seal.test.ts	1	+   "artifacts/rust-tauri/R02/r17-leaf-gate/client-probe-5/cli-serve-unknown-arg-exit1-no-start/home-after.json",
tests/post-verification-audit-seal.test.ts	1	+   "artifacts/rust-tauri/R02/r17-leaf-gate/client-probe-5/cli-serve-unknown-arg-exit1-no-start/home-before.json",
tests/post-verification-audit-seal.test.ts	1	+   "artifacts/rust-tauri/R02/r17-leaf-gate/client-probe-5/cli-unknown-arg-exit1-no-start/home-after.json",
tests/post-verification-audit-seal.test.ts	1	+   "artifacts/rust-tauri/R02/r17-leaf-gate/client-probe-5/cli-unknown-arg-exit1-no-start/home-before.json",
tests/post-verification-audit-seal.test.ts	1	+   "artifacts/rust-tauri/R02/r17-leaf-gate/client-probe-5/leaf-cases.json",
tests/post-verification-audit-seal.test.ts	1	+   "artifacts/rust-tauri/R02/r17-leaf-gate/client-probe-5/sharing-cases.json",
tests/post-verification-audit-seal.test.ts	1	+   "artifacts/rust-tauri/R02/r17-leaf-gate/client-probe-5/summary.json",
tests/post-verification-audit-seal.test.ts	1	+   "artifacts/rust-tauri/R02/r17-leaf-gate/desktop-ws-targeted-1/summary.json",
tests/post-verification-audit-seal.test.ts	1	+   "artifacts/rust-tauri/R02/r17-leaf-gate/desktop-ws-targeted-2/summary.json",
tests/post-verification-audit-seal.test.ts	1	+   "artifacts/rust-tauri/R02/r17-leaf-gate/desktop-ws-targeted-3/summary.json",
tests/post-verification-audit-seal.test.ts	1	+   "artifacts/rust-tauri/R02/r17-leaf-gate/desktop-ws-targeted-4/summary.json",
tests/post-verification-audit-seal.test.ts	1	+   "artifacts/rust-tauri/R02/r17-leaf-gate/desktop-ws-targeted-5/summary.json",
tests/post-verification-audit-seal.test.ts	1	+   "artifacts/rust-tauri/R02/r17-leaf-gate/desktop-ws-targeted-6/summary.json",
tests/post-verification-audit-seal.test.ts	1	+   "artifacts/rust-tauri/R02/r17-leaf-gate/desktop-ws-targeted-7/summary.json",
tests/post-verification-audit-seal.test.ts	1	+   "artifacts/rust-tauri/R02/r17-leaf-gate/desktop-ws-targeted-8/summary.json",
tests/post-verification-audit-seal.test.ts	1	+   "artifacts/rust-tauri/R02/r17-leaf-gate/desktop-ws-typecheck-1/summary.json",
tests/post-verification-audit-seal.test.ts	1	+   "artifacts/rust-tauri/R02/r17-leaf-gate/desktop-ws-typecheck-2/summary.json",
tests/post-verification-audit-seal.test.ts	1	+   "artifacts/rust-tauri/R02/r17-leaf-gate/desktop-ws-typecheck-3/summary.json",
tests/post-verification-audit-seal.test.ts	1	+   "artifacts/rust-tauri/R02/r17-leaf-gate/desktop-ws-typecheck-4/summary.json",
tests/post-verification-audit-seal.test.ts	1	+   "artifacts/rust-tauri/R02/r17-leaf-gate/desktop-ws-typecheck-5/summary.json",
tests/post-verification-audit-seal.test.ts	1	+   "artifacts/rust-tauri/R02/r17-leaf-gate/latest-client-gate-sha256.txt",
tests/post-verification-audit-seal.test.ts	1	+   "artifacts/rust-tauri/R02/r17-leaf-gate/management-audit-negative-compile-1/summary.json",
tests/post-verification-audit-seal.test.ts	1	+   "artifacts/rust-tauri/R02/r17-leaf-gate/management-audit-negative-compile-2/summary.json",
tests/post-verification-audit-seal.test.ts	1	+   "artifacts/rust-tauri/R02/r17-leaf-gate/management-audit-negative-compile-3/summary.json",
tests/post-verification-audit-seal.test.ts	1	+   "artifacts/rust-tauri/R02/r17-leaf-gate/management-probe-1/summary.json",
tests/post-verification-audit-seal.test.ts	1	+   "artifacts/rust-tauri/R02/r17-leaf-gate/management-probe-2/summary.json",
tests/post-verification-audit-seal.test.ts	1	+   "artifacts/rust-tauri/R02/r17-leaf-gate/management-probe-3/management-cases.json",
tests/post-verification-audit-seal.test.ts	1	+   "artifacts/rust-tauri/R02/r17-leaf-gate/management-probe-3/summary.json",
tests/post-verification-audit-seal.test.ts	1	+   "artifacts/rust-tauri/R02/r17-leaf-gate/management-probe-4/summary.json",
tests/post-verification-audit-seal.test.ts	1	+   "artifacts/rust-tauri/R02/r17-leaf-gate/management-probe-5/summary.json",
tests/post-verification-audit-seal.test.ts	1	+   "artifacts/rust-tauri/R02/r17-leaf-gate/post-fmt-static-1/summary.json",
tests/post-verification-audit-seal.test.ts	1	+   "artifacts/rust-tauri/R02/r17-leaf-gate/pretest-client-closure-sha256.txt",
tests/post-verification-audit-seal.test.ts	1	+   "artifacts/rust-tauri/R02/r17-leaf-gate/pretest-source-sha256.txt",
tests/post-verification-audit-seal.test.ts	1	+   "artifacts/rust-tauri/R02/r17-leaf-gate/pretest2-source-sha256.txt",
tests/post-verification-audit-seal.test.ts	1	+   "artifacts/rust-tauri/R02/r17-leaf-gate/sharing-probe-1/sharing-cases.json",
tests/post-verification-audit-seal.test.ts	1	+   "artifacts/rust-tauri/R02/r17-leaf-gate/sharing-probe-1/source-sha256.txt",
tests/post-verification-audit-seal.test.ts	1	+   "artifacts/rust-tauri/R02/r17-leaf-gate/sharing-probe-2/sharing-cases.json",
tests/post-verification-audit-seal.test.ts	1	+   "artifacts/rust-tauri/R02/r17-leaf-gate/xtask-test-client-closure-runs.txt",
tests/post-verification-audit-seal.test.ts	1	+   "artifacts/rust-tauri/R02/r17-leaf-gate/xtask-test-escalated-run.txt",
tests/post-verification-audit-seal.test.ts	1	+   "artifacts/rust-tauri/R02/r17-leaf-gate/xtask-test-final-map-note-run.txt",
tests/post-verification-audit-seal.test.ts	1	+   "artifacts/rust-tauri/R02/r17-leaf-gate/xtask-test-run.txt",
tests/post-verification-audit-seal.test.ts	1	+   "artifacts/rust-tauri/R02/r17-n02-n03-desktop/no-port-1/aux-clients.status",
tests/post-verification-audit-seal.test.ts	1	+   "artifacts/rust-tauri/R02/r17-n02-n03-desktop/no-port-1/onboarding-rerun.status",
tests/post-verification-audit-seal.test.ts	1	+   "artifacts/rust-tauri/R02/r17-n02-n03-desktop/no-port-1/syntax-helper.status",
tests/post-verification-audit-seal.test.ts	1	+   "artifacts/rust-tauri/R02/r17-n02-n03-desktop/no-port-1/targeted-3.status",
tests/post-verification-audit-seal.test.ts	1	+   "artifacts/rust-tauri/R02/r17-n02-n03-desktop/no-port-1/targeted-4.status",
tests/post-verification-audit-seal.test.ts	1	+   "artifacts/rust-tauri/R02/r17-n02-n03-desktop/no-port-1/targeted-rerun.status",
tests/post-verification-audit-seal.test.ts	1	+   "artifacts/rust-tauri/R02/r17-n02-n03-desktop/no-port-1/targeted.status",
tests/post-verification-audit-seal.test.ts	1	+   "artifacts/rust-tauri/R02/r17-n02-n03-desktop/no-port-1/typecheck-3.status",
tests/post-verification-audit-seal.test.ts	1	+   "artifacts/rust-tauri/R02/r17-n02-n03-desktop/no-port-1/typecheck-rerun.status",
tests/post-verification-audit-seal.test.ts	1	+   "artifacts/rust-tauri/R02/r17-n02-n03-desktop/no-port-1/typecheck.status",
tests/post-verification-audit-seal.test.ts	1	+   "artifacts/rust-tauri/R02/r17-n02-n03-desktop/no-port-final/checks.status",
tests/post-verification-audit-seal.test.ts	1	+   "artifacts/rust-tauri/R02/r17-n02-n03-desktop/no-port-final/final.status",
tests/post-verification-audit-seal.test.ts	1	+   "artifacts/rust-tauri/R02/r17-n02-n03-desktop/no-port-final/main-syntax-final.status",
tests/post-verification-audit-seal.test.ts	1	+   "artifacts/rust-tauri/R02/r17-n02-n03-desktop/no-port-final/main-syntax-rerun.status",
tests/post-verification-audit-seal.test.ts	1	+   "artifacts/rust-tauri/R02/r17-n02-n03-desktop/no-port-final/source-manifest.json",
tests/post-verification-audit-seal.test.ts	1	+   "artifacts/rust-tauri/R02/r17-n02-n03-desktop/no-port-final/targeted-rerun.status",
tests/post-verification-audit-seal.test.ts	1	+   "artifacts/rust-tauri/R02/r17-n02-n03-desktop/no-port-final/typecheck-rerun.status",
tests/post-verification-audit-seal.test.ts	1	+   "artifacts/rust-tauri/R02/r17-rust-desktop-package/no-port-final-1/record.json",
tests/post-verification-audit-seal.test.ts	1	+   "artifacts/rust-tauri/R02/r17-rust-desktop-package/package-structure-1/record.json",
tests/post-verification-audit-seal.test.ts	1	+   "artifacts/rust-tauri/R02/r17-rust-desktop-package/pinned-candidate-1/record.json",
tests/post-verification-audit-seal.test.ts	1	+   "artifacts/rust-tauri/R02/r17-rust-desktop-package/pinned-candidate-1b-noport/record.json",
tests/post-verification-audit-seal.test.ts	1	+   "artifacts/rust-tauri/R02/r18-gate-binding-followup/RESULT.md",
tests/post-verification-audit-seal.test.ts	1	+   "artifacts/rust-tauri/R02/r18-gate-binding-followup/candidate-tests-final.json",
tests/post-verification-audit-seal.test.ts	1	+   "artifacts/rust-tauri/R02/r18-gate-binding-followup/check-1.json",
tests/post-verification-audit-seal.test.ts	1	+   "artifacts/rust-tauri/R02/r18-gate-binding-followup/check-2.json",
tests/post-verification-audit-seal.test.ts	1	+   "artifacts/rust-tauri/R02/r18-gate-binding-followup/check-final-a.json",
tests/post-verification-audit-seal.test.ts	1	+   "artifacts/rust-tauri/R02/r18-gate-binding-followup/check-final-b.json",
tests/post-verification-audit-seal.test.ts	1	+   "artifacts/rust-tauri/R02/r18-gate-binding-followup/check-final-c.json",
tests/post-verification-audit-seal.test.ts	1	+   "artifacts/rust-tauri/R02/r18-gate-binding-followup/check-windows-dep-lock.json",
tests/post-verification-audit-seal.test.ts	1	+   "artifacts/rust-tauri/R02/r18-gate-binding-followup/clippy-final-a.json",
tests/post-verification-audit-seal.test.ts	1	+   "artifacts/rust-tauri/R02/r18-gate-binding-followup/clippy-final-b.json",
tests/post-verification-audit-seal.test.ts	1	+   "artifacts/rust-tauri/R02/r18-gate-binding-followup/clippy-final-c.json",
tests/post-verification-audit-seal.test.ts	1	+   "artifacts/rust-tauri/R02/r18-gate-binding-followup/diff-check-final.json",
tests/post-verification-audit-seal.test.ts	1	+   "artifacts/rust-tauri/R02/r18-gate-binding-followup/fmt-apply-1.json",
tests/post-verification-audit-seal.test.ts	1	+   "artifacts/rust-tauri/R02/r18-gate-binding-followup/fmt-apply-2.json",
tests/post-verification-audit-seal.test.ts	1	+   "artifacts/rust-tauri/R02/r18-gate-binding-followup/fmt-apply-3.json",
tests/post-verification-audit-seal.test.ts	1	+   "artifacts/rust-tauri/R02/r18-gate-binding-followup/fmt-apply-4.json",
tests/post-verification-audit-seal.test.ts	1	+   "artifacts/rust-tauri/R02/r18-gate-binding-followup/fmt-apply-5.json",
tests/post-verification-audit-seal.test.ts	1	+   "artifacts/rust-tauri/R02/r18-gate-binding-followup/fmt-apply-6.json",
tests/post-verification-audit-seal.test.ts	1	+   "artifacts/rust-tauri/R02/r18-gate-binding-followup/fmt-final-a.json",
tests/post-verification-audit-seal.test.ts	1	+   "artifacts/rust-tauri/R02/r18-gate-binding-followup/fmt-final-c.json",
tests/post-verification-audit-seal.test.ts	1	+   "artifacts/rust-tauri/R02/r18-gate-binding-followup/fmt-xtask-final.json",
tests/post-verification-audit-seal.test.ts	1	+   "artifacts/rust-tauri/R02/r18-gate-binding-followup/internal-error-tests-final.json",
tests/post-verification-audit-seal.test.ts	1	+   "artifacts/rust-tauri/R02/r18-gate-binding-followup/log-error-test-final.json",
tests/post-verification-audit-seal.test.ts	1	+   "artifacts/rust-tauri/R02/r18-gate-binding-followup/run_check.py",
tests/post-verification-audit-seal.test.ts	1	+   "artifacts/rust-tauri/R02/r18-gate-binding-followup/runner-identity-tests-final.json",
tests/post-verification-audit-seal.test.ts	1	+   "artifacts/rust-tauri/R02/r18-gate-binding-followup/spawn-error-test-final.json",
tests/post-verification-audit-seal.test.ts	1	+   "artifacts/rust-tauri/R02/r18-gate-binding-followup/xtask-test-1.json",
tests/post-verification-audit-seal.test.ts	1	+   "artifacts/rust-tauri/R02/r18-gate-binding-followup/xtask-test-2.json",
tests/post-verification-audit-seal.test.ts	1	+   "artifacts/rust-tauri/R02/r18-gate-binding-followup/xtask-test-3.json",
tests/post-verification-audit-seal.test.ts	1	+   "artifacts/rust-tauri/R02/r18-gate-binding-followup/xtask-test-final-a.json",
tests/post-verification-audit-seal.test.ts	1	+   "artifacts/rust-tauri/R02/r18-gate-binding-followup/xtask-test-final-b.json",
tests/post-verification-audit-seal.test.ts	1	+   "artifacts/rust-tauri/R02/r18-gate-binding-followup/xtask-test-final-c.json",
tests/post-verification-audit-seal.test.ts	1	+   "artifacts/rust-tauri/R02/r18-gate-binding/RESULT.md",
tests/post-verification-audit-seal.test.ts	1	+   "artifacts/rust-tauri/R02/r18-gate-binding/diff-check.json",
tests/post-verification-audit-seal.test.ts	1	+   "artifacts/rust-tauri/R02/r18-gate-binding/fmt-after-hardening.json",
tests/post-verification-audit-seal.test.ts	1	+   "artifacts/rust-tauri/R02/r18-gate-binding/fmt-apply-final3.json",
tests/post-verification-audit-seal.test.ts	1	+   "artifacts/rust-tauri/R02/r18-gate-binding/fmt-apply.json",
tests/post-verification-audit-seal.test.ts	1	+   "artifacts/rust-tauri/R02/r18-gate-binding/fmt-final.json",
tests/post-verification-audit-seal.test.ts	1	+   "artifacts/rust-tauri/R02/r18-gate-binding/fmt-final2.json",
tests/post-verification-audit-seal.test.ts	1	+   "artifacts/rust-tauri/R02/r18-gate-binding/fmt-final3.json",
tests/post-verification-audit-seal.test.ts	1	+   "artifacts/rust-tauri/R02/r18-gate-binding/fmt-final4.json",
tests/post-verification-audit-seal.test.ts	1	+   "artifacts/rust-tauri/R02/r18-gate-binding/fmt-first.json",
tests/post-verification-audit-seal.test.ts	1	+   "artifacts/rust-tauri/R02/r18-gate-binding/run_check.py",
tests/post-verification-audit-seal.test.ts	1	+   "artifacts/rust-tauri/R02/r18-gate-binding/xtask-check-final.json",
tests/post-verification-audit-seal.test.ts	1	+   "artifacts/rust-tauri/R02/r18-gate-binding/xtask-check-final2.json",
tests/post-verification-audit-seal.test.ts	1	+   "artifacts/rust-tauri/R02/r18-gate-binding/xtask-check-final3.json",
tests/post-verification-audit-seal.test.ts	1	+   "artifacts/rust-tauri/R02/r18-gate-binding/xtask-check-final4.json",
tests/post-verification-audit-seal.test.ts	1	+   "artifacts/rust-tauri/R02/r18-gate-binding/xtask-clippy-final.json",
tests/post-verification-audit-seal.test.ts	1	+   "artifacts/rust-tauri/R02/r18-gate-binding/xtask-clippy-final2.json",
tests/post-verification-audit-seal.test.ts	1	+   "artifacts/rust-tauri/R02/r18-gate-binding/xtask-clippy-final3.json",
tests/post-verification-audit-seal.test.ts	1	+   "artifacts/rust-tauri/R02/r18-gate-binding/xtask-clippy-final4.json",
tests/post-verification-audit-seal.test.ts	1	+   "artifacts/rust-tauri/R02/r18-gate-binding/xtask-test-final.json",
tests/post-verification-audit-seal.test.ts	1	+   "artifacts/rust-tauri/R02/r18-gate-binding/xtask-test-final2.json",
tests/post-verification-audit-seal.test.ts	1	+   "artifacts/rust-tauri/R02/r18-gate-binding/xtask-test-final3.json",
tests/post-verification-audit-seal.test.ts	1	+   "artifacts/rust-tauri/R02/r18-gate-binding/xtask-test-final4.json",
tests/post-verification-audit-seal.test.ts	1	+   "artifacts/rust-tauri/R02/r18-gate-binding/xtask-test-hardening.json",
tests/post-verification-audit-seal.test.ts	1	+   "artifacts/rust-tauri/R02/r18-mac-body-binding-noport-1/record.json",
tests/post-verification-audit-seal.test.ts	1	+   "artifacts/rust-tauri/R02/r18-mac-body-binding-real-sign-1/record.json",
tests/post-verification-audit-seal.test.ts	1	+   "artifacts/rust-tauri/R02/r18-mac-body-binding-real-sign-2/record.json",
tests/post-verification-audit-seal.test.ts	1	+   "artifacts/rust-tauri/R02/r18-mac-sign-content-1/record.json",
tests/post-verification-audit-seal.test.ts	1	+   "artifacts/rust-tauri/R02/r18-mobile-routing-noport-1/record.json",
tests/post-verification-audit-seal.test.ts	1	+   "artifacts/rust-tauri/R02/r18-mobile-settings-noport-1/record.json",
tests/post-verification-audit-seal.test.ts	1	+   "artifacts/rust-tauri/R02/r18-mobile-settings-noport-2/record.json",
tests/post-verification-audit-seal.test.ts	1	+   "artifacts/rust-tauri/R02/r18-seven-client-leaf-static-final/record.json",
tests/post-verification-audit-seal.test.ts	1	+   "artifacts/rust-tauri/R02/r18-windows-consumer-followup/RESULT.md",
tests/post-verification-audit-seal.test.ts	1	+   "artifacts/rust-tauri/R02/r18-windows-consumer-followup/cli-bundle.mjs",
tests/post-verification-audit-seal.test.ts	1	+   "artifacts/rust-tauri/R02/r18-windows-consumer-followup/noport-final/cli-bundle.mjs",
tests/post-verification-audit-seal.test.ts	1	+   "artifacts/rust-tauri/R02/r18-windows-consumer-followup/noport-final/summary.json",
tests/post-verification-audit-seal.test.ts	1	+   "artifacts/rust-tauri/R02/r18-windows-consumer-followup/run_noport.py",
tests/post-verification-audit-seal.test.ts	1	+   "artifacts/rust-tauri/R02/r18-windows-consumer-followup/summary.json",
tests/post-verification-audit-seal.test.ts	1	+   "artifacts/rust-tauri/R02/r18-windows-consumer/RESULT.md",
tests/post-verification-audit-seal.test.ts	1	+   "artifacts/rust-tauri/R02/r18-windows-consumer/noport-final-2/summary.json",
tests/post-verification-audit-seal.test.ts	1	+   "artifacts/rust-tauri/R02/r18-windows-consumer/noport-final/summary.json",
tests/post-verification-audit-seal.test.ts	1	+   "artifacts/rust-tauri/R02/r18-windows-consumer/run_noport.py",
tests/post-verification-audit-seal.test.ts	1	+   "artifacts/rust-tauri/R02/t03-root-fixes-r17/auth-matrix-no-run.meta",
tests/post-verification-audit-seal.test.ts	1	+   "artifacts/rust-tauri/R02/t03-root-fixes-r17/auth-matrix-rerun.meta",
tests/post-verification-audit-seal.test.ts	1	+   "artifacts/rust-tauri/R02/t03-root-fixes-r17/auth-matrix.meta",
tests/post-verification-audit-seal.test.ts	1	+   "artifacts/rust-tauri/R02/t03-root-fixes-r17/auth-unit-rerun.meta",
tests/post-verification-audit-seal.test.ts	1	+   "artifacts/rust-tauri/R02/t03-root-fixes-r17/auth-unit.meta",
tests/post-verification-audit-seal.test.ts	1	+   "artifacts/rust-tauri/R02/t03-root-fixes-r17/candidate-before-auth-matrix-no-run.sha256",
tests/post-verification-audit-seal.test.ts	1	+   "artifacts/rust-tauri/R02/t03-root-fixes-r17/candidate-before-auth-matrix-rerun.sha256",
tests/post-verification-audit-seal.test.ts	1	+   "artifacts/rust-tauri/R02/t03-root-fixes-r17/candidate-before-auth-matrix.sha256",
tests/post-verification-audit-seal.test.ts	1	+   "artifacts/rust-tauri/R02/t03-root-fixes-r17/candidate-before-auth-unit-rerun.sha256",
tests/post-verification-audit-seal.test.ts	1	+   "artifacts/rust-tauri/R02/t03-root-fixes-r17/candidate-before-auth-unit.sha256",
tests/post-verification-audit-seal.test.ts	1	+   "artifacts/rust-tauri/R02/t03-root-fixes-r17/candidate-before-single-diagnostic.sha256",
tests/post-verification-audit-seal.test.ts	1	+   "artifacts/rust-tauri/R02/t03-root-fixes-r17/candidate-before-ws-unit.sha256",
tests/post-verification-audit-seal.test.ts	1	+   "artifacts/rust-tauri/R02/t03-root-fixes-r17/fmt-check.meta",
tests/post-verification-audit-seal.test.ts	1	+   "artifacts/rust-tauri/R02/t03-root-fixes-r17/own-rustfmt-final-rerun.meta",
tests/post-verification-audit-seal.test.ts	1	+   "artifacts/rust-tauri/R02/t03-root-fixes-r17/own-rustfmt-final.meta",
tests/post-verification-audit-seal.test.ts	1	+   "artifacts/rust-tauri/R02/t03-root-fixes-r17/own-rustfmt.meta",
tests/post-verification-audit-seal.test.ts	1	+   "artifacts/rust-tauri/R02/t03-root-fixes-r17/single-diagnostic.meta",
tests/post-verification-audit-seal.test.ts	1	+   "artifacts/rust-tauri/R02/t03-root-fixes-r17/ws-unit.meta",
tests/post-verification-audit-seal.test.ts	1	+   "artifacts/rust-tauri/R02/t04-f05-r17/candidate-before-http-no-run.sha256",
tests/post-verification-audit-seal.test.ts	1	+   "artifacts/rust-tauri/R02/t04-f05-r17/candidate-before-mapper-unit.sha256",
tests/post-verification-audit-seal.test.ts	1	+   "artifacts/rust-tauri/R02/t04-f05-r17/http-no-run.meta",
tests/post-verification-audit-seal.test.ts	1	+   "artifacts/rust-tauri/R02/t04-f05-r17/mapper-unit.meta",
tests/post-verification-audit-seal.test.ts	1	+   "artifacts/rust-tauri/R02/t04-f05-r17/rustfmt.meta",
tests/post-verification-audit-seal.test.ts	1	+   "artifacts/rust-tauri/R02/t04-live-fault-r17/STATIC_STATUS.md",
tests/post-verification-audit-seal.test.ts	1	+   "artifacts/rust-tauri/R02/web-session-r18/management-no-run.json",
tests/post-verification-audit-seal.test.ts	1	+   "artifacts/rust-tauri/R02/web-session-r18/xtask-dual-stage.json",
tests/post-verification-audit-seal.test.ts	1	+   "artifacts/rust-tauri/R02/web-session-r18/xtask-embedded-map.json",
tests/post-verification-audit-seal.test.ts	1	+   "artifacts/rust-tauri/R02/windows-acl-r18/WINDOWS_ACL_STATIC_CHECK.md",
tests/post-verification-audit-seal.test.ts	1	+   "artifacts/rust-tauri/R02/windows-acl-r18/adapters-backup-final.meta.txt",
tests/post-verification-audit-seal.test.ts	1	+   "artifacts/rust-tauri/R02/windows-acl-r18/final-check.meta.txt",
tests/post-verification-audit-seal.test.ts	1	+   "artifacts/rust-tauri/R02/windows-acl-r18/final-source-sha256.txt",
tests/post-verification-audit-seal.test.ts	1	+   "artifacts/rust-tauri/R02/windows-acl-r18/final-targeted.meta.txt",
tests/post-verification-audit-seal.test.ts	1	+   "artifacts/rust-tauri/R02/windows-acl-r18/host-check-final.exit.txt",
tests/post-verification-audit-seal.test.ts	1	+   "artifacts/rust-tauri/R02/windows-acl-r18/host-check-revised.exit.txt",
tests/post-verification-audit-seal.test.ts	1	+   "artifacts/rust-tauri/R02/windows-acl-r18/host-check.meta.txt",
tests/post-verification-audit-seal.test.ts	1	+   "artifacts/rust-tauri/R02/windows-acl-r18/host-targeted-tests-rerun.meta.txt",
tests/post-verification-audit-seal.test.ts	1	+   "artifacts/rust-tauri/R02/windows-acl-r18/host-targeted-tests.meta.txt",
tests/post-verification-audit-seal.test.ts	1	+   "artifacts/rust-tauri/R02/windows-acl-r18/rustfmt-check.exit.txt",
tests/post-verification-audit-seal.test.ts	1	+   "artifacts/rust-tauri/R02/windows-acl-r18/rustup-1981-check.meta.txt",
tests/post-verification-audit-seal.test.ts	1	+   "artifacts/rust-tauri/R02/windows-acl-r18/rustup-1981-final-source-sha256.txt",
tests/post-verification-audit-seal.test.ts	1	+   "artifacts/rust-tauri/R02/windows-acl-r18/rustup-1981-final.meta.txt",
tests/post-verification-audit-seal.test.ts	1	+   "artifacts/rust-tauri/R02/windows-acl-r18/rustup-1981-fmt-check.exit.txt",
tests/post-verification-audit-seal.test.ts	1	+   "artifacts/rust-tauri/R02/windows-acl-r18/rustup-1981-targeted.meta.txt",
tests/post-verification-audit-seal.test.ts	1	+   "artifacts/rust-tauri/R02/windows-acl-r18/rustup-1981-version.txt",
tests/post-verification-audit-seal.test.ts	1	+   "artifacts/rust-tauri/R02/windows-acl-r18/service-paths-final.meta.txt",
tests/post-verification-audit-seal.test.ts	1	+   "artifacts/rust-tauri/R02/windows-acl-r18/windows-sys-0612-api-signatures-final.txt",
tests/post-verification-audit-seal.test.ts	1	+   "artifacts/rust-tauri/R02/windows-acl-r18/windows-sys-0612-api-signatures.txt",
tests/post-verification-audit-seal.test.ts	1	+   "artifacts/rust-tauri/R02/windows-acl-r18/windows-sys-0612-constants-final.txt",
tests/post-verification-audit-seal.test.ts	1	+   "artifacts/rust-tauri/R02/windows-acl-r18/windows-sys-0612-constants.txt",
tests/post-verification-audit-seal.test.ts	1	+   "build/shell-surface-manifest.json",
tests/post-verification-audit-seal.test.ts	1	+   "cli/args.ts",
tests/post-verification-audit-seal.test.ts	1	+   "cli/chat.ts",
tests/post-verification-audit-seal.test.ts	1	+   "cli/entry.ts",
tests/post-verification-audit-seal.test.ts	1	+   "cli/rust-service.ts",
tests/post-verification-audit-seal.test.ts	1	+   "cli/server-runner.ts",
tests/post-verification-audit-seal.test.ts	1	+   "desktop/main.cjs",
tests/post-verification-audit-seal.test.ts	1	+   "desktop/preload.cjs",
tests/post-verification-audit-seal.test.ts	1	+   "desktop/src/locales/en.json",
tests/post-verification-audit-seal.test.ts	1	+   "desktop/src/locales/ja.json",
tests/post-verification-audit-seal.test.ts	1	+   "desktop/src/locales/ko.json",
tests/post-verification-audit-seal.test.ts	1	+   "desktop/src/locales/zh-TW.json",
tests/post-verification-audit-seal.test.ts	1	+   "desktop/src/locales/zh.json",
tests/post-verification-audit-seal.test.ts	1	+   "desktop/src/react/__tests__/app-init.test.ts",
tests/post-verification-audit-seal.test.ts	1	+   "desktop/src/react/__tests__/components/R02StatusBar.test.tsx",
tests/post-verification-audit-seal.test.ts	1	+   "desktop/src/react/__tests__/components/composer-send.transaction.test.ts",
tests/post-verification-audit-seal.test.ts	1	+   "desktop/src/react/__tests__/mobile/MobileApp.test.tsx",
tests/post-verification-audit-seal.test.ts	1	+   "desktop/src/react/__tests__/mobile/R02MobileSessionResponse.test.ts",
tests/post-verification-audit-seal.test.ts	1	+   "desktop/src/react/__tests__/services/R02RustWebSocket.test.ts",
tests/post-verification-audit-seal.test.ts	1	+   "desktop/src/react/__tests__/services/server-connection.test.ts",
tests/post-verification-audit-seal.test.ts	1	+   "desktop/src/react/__tests__/settings/SettingsContent.test.tsx",
tests/post-verification-audit-seal.test.ts	1	+   "desktop/src/react/app-init.ts",
tests/post-verification-audit-seal.test.ts	1	+   "desktop/src/react/components/StatusBar.tsx",
tests/post-verification-audit-seal.test.ts	1	+   "desktop/src/react/components/input/composer-send.ts",
tests/post-verification-audit-seal.test.ts	1	+   "desktop/src/react/mobile/MobileApp.tsx",
tests/post-verification-audit-seal.test.ts	1	+   "desktop/src/react/mobile/mobile-init.ts",
tests/post-verification-audit-seal.test.ts	1	+   "desktop/src/react/onboarding/OnboardingApp.tsx",
tests/post-verification-audit-seal.test.ts	1	+   "desktop/src/react/onboarding/__tests__/OnboardingApp.test.tsx",
tests/post-verification-audit-seal.test.ts	1	+   "desktop/src/react/quick-chat/QuickChatApp.tsx",
tests/post-verification-audit-seal.test.ts	1	+   "desktop/src/react/services/server-connection.ts",
tests/post-verification-audit-seal.test.ts	1	+   "desktop/src/react/services/websocket.ts",
tests/post-verification-audit-seal.test.ts	1	+   "desktop/src/react/settings/SettingsContent.tsx",
tests/post-verification-audit-seal.test.ts	1	+   "desktop/src/react/settings/__tests__/R02AccessCredentialLeaf.test.tsx",
tests/post-verification-audit-seal.test.ts	1	+   "desktop/src/react/settings/__tests__/R02AccessRoute.test.tsx",
tests/post-verification-audit-seal.test.ts	1	+   "desktop/src/react/settings/__tests__/R02SharingLeaf.test.tsx",
tests/post-verification-audit-seal.test.ts	1	+   "desktop/src/react/settings/__tests__/SettingsContent.test.tsx",
tests/post-verification-audit-seal.test.ts	1	+   "desktop/src/react/settings/api.ts",
tests/post-verification-audit-seal.test.ts	1	+   "desktop/src/react/settings/store.ts",
tests/post-verification-audit-seal.test.ts	1	+   "desktop/src/react/settings/tabs/AccessTab.tsx",
tests/post-verification-audit-seal.test.ts	1	+   "desktop/src/react/settings/tabs/SharingTab.tsx",
tests/post-verification-audit-seal.test.ts	1	+   "desktop/src/react/stores/connection-slice.ts",
tests/post-verification-audit-seal.test.ts	1	+   "desktop/src/react/types.ts",
tests/post-verification-audit-seal.test.ts	1	+   "desktop/src/shared/artifact-boot.cjs",
tests/post-verification-audit-seal.test.ts	1	+   "desktop/src/shared/artifact-ota.cjs",
tests/post-verification-audit-seal.test.ts	1	+   "desktop/src/shared/private-server-artifact.cjs",
tests/post-verification-audit-seal.test.ts	1	+   "desktop/src/shared/rust-local-service.cjs",
tests/post-verification-audit-seal.test.ts	1	+   "docs/README.md",
tests/post-verification-audit-seal.test.ts	1	+   "docs/rust-tauri/ORCHESTRATOR_PROGRESS.json",
tests/post-verification-audit-seal.test.ts	1	+   "docs/rust-tauri/R01/DEPENDENCY_RULES.json",
tests/post-verification-audit-seal.test.ts	1	+   "docs/rust-tauri/R01/PROTOCOL_SPEC.md",
tests/post-verification-audit-seal.test.ts	1	+   "docs/rust-tauri/R02/R02-T01_REPORT.md",
tests/post-verification-audit-seal.test.ts	1	+   "docs/rust-tauri/R02/R02-T01_REVIEW_R1.md",
tests/post-verification-audit-seal.test.ts	1	+   "docs/rust-tauri/R02/R02-T02_REPORT.md",
tests/post-verification-audit-seal.test.ts	1	+   "docs/rust-tauri/R02/R02-T02_REVIEW_R1.md",
tests/post-verification-audit-seal.test.ts	1	+   "docs/rust-tauri/R02/R02-T03_REPORT.md",
tests/post-verification-audit-seal.test.ts	1	+   "docs/rust-tauri/R02/R02-T03_REVIEW_R1.md",
tests/post-verification-audit-seal.test.ts	1	+   "docs/rust-tauri/R02/R02-T04_REPORT.md",
tests/post-verification-audit-seal.test.ts	1	+   "docs/rust-tauri/R02/R02-T04_REVIEW_R1.md",
tests/post-verification-audit-seal.test.ts	1	+   "docs/rust-tauri/R02/R02-T04_STORAGE_REGISTRY.json",
tests/post-verification-audit-seal.test.ts	1	+   "docs/rust-tauri/R02/R02-T05_REPORT.md",
tests/post-verification-audit-seal.test.ts	1	+   "docs/rust-tauri/R02/R02-T05_REVIEW_R1.md",
tests/post-verification-audit-seal.test.ts	1	+   "docs/rust-tauri/R02/R02-T05_REVIEW_R2.md",
tests/post-verification-audit-seal.test.ts	1	+   "docs/rust-tauri/R02/R02-T06_REPORT.md",
tests/post-verification-audit-seal.test.ts	1	+   "docs/rust-tauri/R02/R02-T06_REVIEW_R1.md",
tests/post-verification-audit-seal.test.ts	1	+   "docs/rust-tauri/R02/R02-T06_REVIEW_R2.md",
tests/post-verification-audit-seal.test.ts	1	+   "docs/rust-tauri/R02/R02-T07_REPORT.md",
tests/post-verification-audit-seal.test.ts	1	+   "docs/rust-tauri/R02/R02-T07_REVIEW_R1.md",
tests/post-verification-audit-seal.test.ts	1	+   "docs/rust-tauri/R02/R02-T08_REPORT.md",
tests/post-verification-audit-seal.test.ts	1	+   "docs/rust-tauri/R02/R02-T08_REVIEW_R1.md",
tests/post-verification-audit-seal.test.ts	1	+   "docs/rust-tauri/R02/R02_34_LEAF_CLOSURE_MATRIX_R17.md",
tests/post-verification-audit-seal.test.ts	1	+   "docs/rust-tauri/R02/R02_ACCEPTANCE_LEDGER.json",
tests/post-verification-audit-seal.test.ts	1	+   "docs/rust-tauri/R02/R02_FULL_SCOPE_AUDIT_PRE_REPAIR.md",
tests/post-verification-audit-seal.test.ts	1	+   "docs/rust-tauri/R02/R02_FULL_SCOPE_HANDOFF_R16.md",
tests/post-verification-audit-seal.test.ts	1	+   "docs/rust-tauri/R02/R02_FULL_SCOPE_HANDOFF_R18.md",
tests/post-verification-audit-seal.test.ts	1	+   "docs/rust-tauri/R02/R02_HANDOFF.json",
tests/post-verification-audit-seal.test.ts	1	+   "docs/rust-tauri/R02/R02_IMPLEMENTATION_MAP.json",
tests/post-verification-audit-seal.test.ts	1	+   "docs/rust-tauri/R02/R02_REPORT.md",
tests/post-verification-audit-seal.test.ts	1	+   "docs/rust-tauri/R02/R02_TASK_FINDINGS_ADDENDUM_R16.md",
tests/post-verification-audit-seal.test.ts	1	+   "docs/rust-tauri/R02/R02_UNIFIED_ISSUES_R18.md",
tests/post-verification-audit-seal.test.ts	1	+   "docs/rust-tauri/R02/RISK_REGISTER.json",
tests/post-verification-audit-seal.test.ts	1	+   "docs/rust-tauri/R02/SERVICE_START_AND_SHUTDOWN.md",
tests/post-verification-audit-seal.test.ts	1	+   "docs/rust-tauri/R02/r02_t08_worktree_digest.py",
tests/post-verification-audit-seal.test.ts	1	+   "package.json",
tests/post-verification-audit-seal.test.ts	1	+   "rust/Cargo.lock",
tests/post-verification-audit-seal.test.ts	1	+   "rust/Cargo.toml",
tests/post-verification-audit-seal.test.ts	1	+   "rust/crates/lingxi-adapters/Cargo.toml",
tests/post-verification-audit-seal.test.ts	1	+   "rust/crates/lingxi-adapters/src/bin/lingxi-storage-inspect.rs",
tests/post-verification-audit-seal.test.ts	1	+   "rust/crates/lingxi-adapters/src/lib.rs",
tests/post-verification-audit-seal.test.ts	1	+   "rust/crates/lingxi-adapters/src/storage/backup.rs",
tests/post-verification-audit-seal.test.ts	1	+   "rust/crates/lingxi-adapters/src/storage/migrations.rs",
tests/post-verification-audit-seal.test.ts	1	+   "rust/crates/lingxi-adapters/src/storage/mod.rs",
tests/post-verification-audit-seal.test.ts	1	+   "rust/crates/lingxi-adapters/src/storage/queue.rs",
tests/post-verification-audit-seal.test.ts	1	+   "rust/crates/lingxi-adapters/src/storage/run_store.rs",
tests/post-verification-audit-seal.test.ts	1	+   "rust/crates/lingxi-adapters/src/storage/windows_acl.rs",
tests/post-verification-audit-seal.test.ts	1	+   "rust/crates/lingxi-adapters/tests/backup_faults.rs",
tests/post-verification-audit-seal.test.ts	1	+   "rust/crates/lingxi-adapters/tests/backup_restore.rs",
tests/post-verification-audit-seal.test.ts	1	+   "rust/crates/lingxi-adapters/tests/disk_full_fault.rs",
tests/post-verification-audit-seal.test.ts	1	+   "rust/crates/lingxi-adapters/tests/event_store_reads.rs",
tests/post-verification-audit-seal.test.ts	1	+   "rust/crates/lingxi-adapters/tests/migration_idempotency.rs",
tests/post-verification-audit-seal.test.ts	1	+   "rust/crates/lingxi-adapters/tests/run_id_allocator.rs",
tests/post-verification-audit-seal.test.ts	1	+   "rust/crates/lingxi-adapters/tests/storage_transactions.rs",
tests/post-verification-audit-seal.test.ts	1	+   "rust/crates/lingxi-kernel/src/lib.rs",
tests/post-verification-audit-seal.test.ts	1	+   "rust/crates/lingxi-kernel/src/ports.rs",
tests/post-verification-audit-seal.test.ts	1	+   "rust/crates/lingxi-protocol/src/bin/lingxi-protocol-gen.rs",
tests/post-verification-audit-seal.test.ts	1	+   "rust/crates/lingxi-protocol/src/bin/lingxi-protocol-verify.rs",
tests/post-verification-audit-seal.test.ts	1	+   "rust/crates/lingxi-protocol/src/devgate.rs",
tests/post-verification-audit-seal.test.ts	1	+   "rust/crates/lingxi-protocol/src/lib.rs",
tests/post-verification-audit-seal.test.ts	1	+   "rust/crates/lingxi-service/Cargo.toml",
tests/post-verification-audit-seal.test.ts	1	+   "rust/crates/lingxi-service/src/auth.rs",
tests/post-verification-audit-seal.test.ts	1	+   "rust/crates/lingxi-service/src/config.rs",
tests/post-verification-audit-seal.test.ts	1	+   "rust/crates/lingxi-service/src/epoch.rs",
tests/post-verification-audit-seal.test.ts	1	+   "rust/crates/lingxi-service/src/events.rs",
tests/post-verification-audit-seal.test.ts	1	+   "rust/crates/lingxi-service/src/inject.rs",
tests/post-verification-audit-seal.test.ts	1	+   "rust/crates/lingxi-service/src/instance.rs",
tests/post-verification-audit-seal.test.ts	1	+   "rust/crates/lingxi-service/src/lib.rs",
tests/post-verification-audit-seal.test.ts	1	+   "rust/crates/lingxi-service/src/limits.rs",
tests/post-verification-audit-seal.test.ts	1	+   "rust/crates/lingxi-service/src/logging.rs",
tests/post-verification-audit-seal.test.ts	1	+   "rust/crates/lingxi-service/src/main.rs",
tests/post-verification-audit-seal.test.ts	1	+   "rust/crates/lingxi-service/src/management.rs",
tests/post-verification-audit-seal.test.ts	1	+   "rust/crates/lingxi-service/src/paths.rs",
tests/post-verification-audit-seal.test.ts	1	+   "rust/crates/lingxi-service/src/redaction.rs",
tests/post-verification-audit-seal.test.ts	1	+   "rust/crates/lingxi-service/src/security_audit.rs",
tests/post-verification-audit-seal.test.ts	1	+   "rust/crates/lingxi-service/src/serve.rs",
tests/post-verification-audit-seal.test.ts	1	+   "rust/crates/lingxi-service/src/sessions.rs",
tests/post-verification-audit-seal.test.ts	1	+   "rust/crates/lingxi-service/src/shutdown.rs",
tests/post-verification-audit-seal.test.ts	1	+   "rust/crates/lingxi-service/src/static_web.rs",
tests/post-verification-audit-seal.test.ts	1	+   "rust/crates/lingxi-service/src/transport.rs",
tests/post-verification-audit-seal.test.ts	1	+   "rust/crates/lingxi-service/src/ws.rs",
tests/post-verification-audit-seal.test.ts	1	+   "rust/crates/lingxi-service/tests/auth_matrix.rs",
tests/post-verification-audit-seal.test.ts	1	+   "rust/crates/lingxi-service/tests/config_bounds.rs",
tests/post-verification-audit-seal.test.ts	1	+   "rust/crates/lingxi-service/tests/event_subscription.rs",
tests/post-verification-audit-seal.test.ts	1	+   "rust/crates/lingxi-service/tests/execute_concurrency.rs",
tests/post-verification-audit-seal.test.ts	1	+   "rust/crates/lingxi-service/tests/instance_lifecycle.rs",
tests/post-verification-audit-seal.test.ts	1	+   "rust/crates/lingxi-service/tests/r00_management_leaves.rs",
tests/post-verification-audit-seal.test.ts	1	+   "rust/crates/lingxi-service/tests/r00_static_web_leaves.rs",
tests/post-verification-audit-seal.test.ts	1	+   "rust/crates/lingxi-service/tests/resource_limits.rs",
tests/post-verification-audit-seal.test.ts	1	+   "rust/crates/lingxi-service/tests/service_health.rs",
tests/post-verification-audit-seal.test.ts	1	+   "rust/crates/lingxi-service/tests/service_persistence.rs",
tests/post-verification-audit-seal.test.ts	1	+   "rust/crates/lingxi-service/tests/shutdown_coordinator.rs",
tests/post-verification-audit-seal.test.ts	1	+   "rust/crates/lingxi-service/tests/tls_web_login.rs",
tests/post-verification-audit-seal.test.ts	1	+   "rust/crates/xtask/Cargo.toml",
tests/post-verification-audit-seal.test.ts	1	+   "rust/crates/xtask/src/candidate.rs",
tests/post-verification-audit-seal.test.ts	1	+   "rust/crates/xtask/src/candidate/tests.rs",
tests/post-verification-audit-seal.test.ts	1	+   "rust/crates/xtask/src/main.rs",
tests/post-verification-audit-seal.test.ts	1	+   "rust/crates/xtask/src/runner_identity.rs",
tests/post-verification-audit-seal.test.ts	1	+   "rust/crates/xtask/src/stage_map.rs",
tests/post-verification-audit-seal.test.ts	1	+   "rust/crates/xtask/src/stage_maps/R02.json",
tests/post-verification-audit-seal.test.ts	1	+   "rust/crates/xtask/src/verify.rs",
tests/post-verification-audit-seal.test.ts	1	+   "rust/crates/xtask/src/verify/runner_tests.rs",
tests/post-verification-audit-seal.test.ts	1	+   "scripts/build-rust-desktop-service.mjs",
tests/post-verification-audit-seal.test.ts	1	+   "scripts/build-server-artifact.mjs",
tests/post-verification-audit-seal.test.ts	1	+   "scripts/build-server.mjs",
tests/post-verification-audit-seal.test.ts	1	+   "scripts/build-shell.mjs",
tests/post-verification-audit-seal.test.ts	1	+   "scripts/build-standalone-server-artifact.mjs",
tests/post-verification-audit-seal.test.ts	1	+   "scripts/fix-modules.cjs",
tests/post-verification-audit-seal.test.ts	1	+   "scripts/notarize.cjs",
tests/post-verification-audit-seal.test.ts	1	+   "scripts/resign-adhoc.cjs",
tests/post-verification-audit-seal.test.ts	1	+   "scripts/rust-tauri/r01-t02-check-generated.sh",
tests/post-verification-audit-seal.test.ts	1	+   "scripts/rust-tauri/r01-t02-handshake.sh",
tests/post-verification-audit-seal.test.ts	1	+   "scripts/rust-tauri/r01-t02-roundtrip.sh",
tests/post-verification-audit-seal.test.ts	1	+   "scripts/rust-tauri/r02_cli_rust_matrix.py",
tests/post-verification-audit-seal.test.ts	1	+   "scripts/rust-tauri/r02_cli_sessions_leaf_matrix.py",
tests/post-verification-audit-seal.test.ts	1	+   "scripts/rust-tauri/r02_cli_sessions_limit.mjs",
tests/post-verification-audit-seal.test.ts	1	+   "scripts/rust-tauri/r02_client_leaf_matrix.py",
tests/post-verification-audit-seal.test.ts	1	+   "scripts/rust-tauri/r02_management_leaf_matrix.py",
tests/post-verification-audit-seal.test.ts	1	+   "scripts/rust-tauri/r02_owned_process_group.py",
tests/post-verification-audit-seal.test.ts	1	+   "scripts/rust-tauri/r02_static_web_leaf_matrix.py",
tests/post-verification-audit-seal.test.ts	1	+   "scripts/rust-tauri/r02_t01_boundary_negative.sh",
tests/post-verification-audit-seal.test.ts	1	+   "scripts/rust-tauri/r02_t01_service_smoke.sh",
tests/post-verification-audit-seal.test.ts	1	+   "scripts/rust-tauri/r02_t02_dual_instance.sh",
tests/post-verification-audit-seal.test.ts	1	+   "scripts/rust-tauri/r02_t02_f01_env_token_negative.sh",
tests/post-verification-audit-seal.test.ts	1	+   "scripts/rust-tauri/r02_t02_path_priority.sh",
tests/post-verification-audit-seal.test.ts	1	+   "scripts/rust-tauri/r02_t03_auth_matrix.sh",
tests/post-verification-audit-seal.test.ts	1	+   "scripts/rust-tauri/r02_t03_ws_probe.py",
tests/post-verification-audit-seal.test.ts	1	+   "scripts/rust-tauri/r02_t04_live_fault_evidence.py",
tests/post-verification-audit-seal.test.ts	1	+   "scripts/rust-tauri/r02_t04_storage_tx.sh",
tests/post-verification-audit-seal.test.ts	1	+   "scripts/rust-tauri/r02_t05_events_matrix.sh",
tests/post-verification-audit-seal.test.ts	1	+   "scripts/rust-tauri/r02_t05_events_probe.py",
tests/post-verification-audit-seal.test.ts	1	+   "scripts/rust-tauri/r02_t06_backup_restore.sh",
tests/post-verification-audit-seal.test.ts	1	+   "scripts/rust-tauri/r02_t06_recovery_drill.sh",
tests/post-verification-audit-seal.test.ts	1	+   "scripts/rust-tauri/r02_t07_redaction_scan.sh",
tests/post-verification-audit-seal.test.ts	1	+   "scripts/rust-tauri/r02_t07_slow_subscriber.sh",
tests/post-verification-audit-seal.test.ts	1	+   "scripts/rust-tauri/r02_t08_full_chain_probe.py",
tests/post-verification-audit-seal.test.ts	1	+   "scripts/rust-tauri/r02_t08_full_chain_smoke.sh",
tests/post-verification-audit-seal.test.ts	1	+   "scripts/rust-tauri/r02_t08_legacy_entry_regression.sh",
tests/post-verification-audit-seal.test.ts	1	+   "scripts/verify-standalone-server-artifact.mjs",
tests/post-verification-audit-seal.test.ts	1	+   "shared/artifact-core/activation.cjs",
tests/post-verification-audit-seal.test.ts	1	+   "shared/artifact-core/ota-core.cjs",
tests/post-verification-audit-seal.test.ts	1	+   "tests/artifact-boot.test.ts",
tests/post-verification-audit-seal.test.ts	1	+   "tests/artifact-core-activation.test.ts",
tests/post-verification-audit-seal.test.ts	1	+   "tests/artifact-ota.test.ts",
tests/post-verification-audit-seal.test.ts	1	+   "tests/build-server-artifact.test.ts",
tests/post-verification-audit-seal.test.ts	1	+   "tests/build-standalone-server-artifact.test.ts",
tests/post-verification-audit-seal.test.ts	1	+   "tests/cli-args.test.ts",
tests/post-verification-audit-seal.test.ts	1	+   "tests/cli-chat-runtime.test.ts",
tests/post-verification-audit-seal.test.ts	1	+   "tests/cli-chat.test.ts",
tests/post-verification-audit-seal.test.ts	1	+   "tests/cli-rust-service.test.ts",
tests/post-verification-audit-seal.test.ts	1	+   "tests/desktop-rust-local-service.test.cjs",
tests/post-verification-audit-seal.test.ts	1	+ ]
tests/post-verification-audit-seal.test.ts	1	
