# binding-exclusion: artifacts/rust-tauri/R04/RR1-G05-E01/verify-R03/R02/A16/legacy-entry/** — this gate's own run-time evidence output subtree (runner output, never candidate source); applied symmetrically to BOTH the main-repo binding and the candidate-copy binding (E0 mirror compare)
1d1a9c069ad9a4442fb45f72d584b270d5a58a3ebd271ed52878c2e6986b56ab  ??  artifacts/rust-tauri/R04/RR1-G05-E01/negative-rr1-attempt1/case-results.tsv
35888cd868f067f8f87c15a9410217b30040db29866e7e439194cf5e716cae86  ??  artifacts/rust-tauri/R04/RR1-G05-E01/negative-rr1-attempt1/pristine/R04.json
264b19b6dd1582affa06407855c73e939e9fab378982e56a10cdd1b04aa8bc6f  ??  artifacts/rust-tauri/R04/RR1-G05-E01/negative-rr1-attempt1/pristine/r04_rr1_g05_repair_suites.sh
39b8dc3fc8b44765c8e6f1adee04c5b465e555ab791cc42d0d9e810d5b64297c  ??  artifacts/rust-tauri/R04/RR1-G05-E01/negative-rr1-attempt1/rr1-n1-delete-rr1-scenario/exit-code.txt
39b8dc3fc8b44765c8e6f1adee04c5b465e555ab791cc42d0d9e810d5b64297c  ??  artifacts/rust-tauri/R04/RR1-G05-E01/negative-rr1-attempt1/rr1-n2-tamper-pin-count/exit-code.txt
39b8dc3fc8b44765c8e6f1adee04c5b465e555ab791cc42d0d9e810d5b64297c  ??  artifacts/rust-tauri/R04/RR1-G05-E01/negative-rr1-attempt1/rr1-n3-drop-cid-line/exit-code.txt
72a5cbd2f5905d366406a04bf20697f390fb7be71a534b4aa013359467a6e876  ??  artifacts/rust-tauri/R04/RR1-G05-E01/negative-rr1-attempt1/summary.txt
8d40f8b6eb155e8b150e3a3518dab844fb4099c8f8c9d0f27217ebb5ed74039a  ??  artifacts/rust-tauri/R04/RR1-G05-E01/negative-rr1-attempt2-concurrent-hang/case-results.json
a877656c439391d65eecbee18847c7759245160fe3cdbe41d356d6bee54269c2  ??  artifacts/rust-tauri/R04/RR1-G05-E01/negative-rr1-attempt2-concurrent-hang/case-results.tsv
35888cd868f067f8f87c15a9410217b30040db29866e7e439194cf5e716cae86  ??  artifacts/rust-tauri/R04/RR1-G05-E01/negative-rr1-attempt2-concurrent-hang/pristine/R04.json
264b19b6dd1582affa06407855c73e939e9fab378982e56a10cdd1b04aa8bc6f  ??  artifacts/rust-tauri/R04/RR1-G05-E01/negative-rr1-attempt2-concurrent-hang/pristine/r04_rr1_g05_repair_suites.sh
39b8dc3fc8b44765c8e6f1adee04c5b465e555ab791cc42d0d9e810d5b64297c  ??  artifacts/rust-tauri/R04/RR1-G05-E01/negative-rr1-attempt2-concurrent-hang/rr1-n1-delete-rr1-scenario/exit-code.txt
39b8dc3fc8b44765c8e6f1adee04c5b465e555ab791cc42d0d9e810d5b64297c  ??  artifacts/rust-tauri/R04/RR1-G05-E01/negative-rr1-attempt2-concurrent-hang/rr1-n2-tamper-pin-count/exit-code.txt
39b8dc3fc8b44765c8e6f1adee04c5b465e555ab791cc42d0d9e810d5b64297c  ??  artifacts/rust-tauri/R04/RR1-G05-E01/negative-rr1-attempt2-concurrent-hang/rr1-n3-drop-cid-line/exit-code.txt
10a16641e3405663989bf586c36c94e6522cc9932c30df552a4cb308377a9676  ??  artifacts/rust-tauri/R04/RR1-G05-E01/negative-rr1-attempt2-concurrent-hang/rr1-n4-full-gate/evidence/R04_MATRIX/cases/a15-directory-claim-refused.json
09f385efaedc793ea498845967037cfcbfc0fe2c163104737d7ff99e880e98bc  ??  artifacts/rust-tauri/R04/RR1-G05-E01/negative-rr1-attempt2-concurrent-hang/rr1-n4-full-gate/evidence/R04_MATRIX/cases/a15-gateway-audit-directory-ref-failed.json
d0df7dade822790f5735f4ebef501e03b8aa905318cb8a60905b81715d427965  ??  artifacts/rust-tauri/R04/RR1-G05-E01/negative-rr1-attempt2-concurrent-hang/rr1-n4-full-gate/evidence/R04_MATRIX/cases/a15-gateway-audit-fake-ref-failed.json
a0800cd68927a3e79f38730d4c55036813c6947a5675713428917d03a1b44145  ??  artifacts/rust-tauri/R04/RR1-G05-E01/negative-rr1-attempt2-concurrent-hang/rr1-n4-full-gate/evidence/R04_MATRIX/cases/a15-gateway-audit-real-ref-passes.json
8f9b212963fdfce437456018df1536c00c82aa2118f3c3af37532e979ed04f2b  ??  artifacts/rust-tauri/R04/RR1-G05-E01/negative-rr1-attempt2-concurrent-hang/rr1-n4-full-gate/evidence/R04_MATRIX/cases/a15-missing-claim-refused.json
04245f14680505fadaf81819e4b39818cf0d629654f8733039a6ac2e8d68bb98  ??  artifacts/rust-tauri/R04/RR1-G05-E01/negative-rr1-attempt2-concurrent-hang/rr1-n4-full-gate/evidence/R04_MATRIX/cases/a15-out-of-grant-claim-refused.json
e4bb14f7a842ae22ee91e7b3bebdfcc5273aec1410f84eb90970f2bc4dc3fc91  ??  artifacts/rust-tauri/R04/RR1-G05-E01/negative-rr1-attempt2-concurrent-hang/rr1-n4-full-gate/evidence/R04_MATRIX/cases/a15-real-delivery-registered.json
6895d6a72b4da91d630223ce6ad2b8320db84534f721b5748ac0f487c1a29223  ??  artifacts/rust-tauri/R04/RR1-G05-E01/negative-rr1-attempt2-concurrent-hang/rr1-n4-full-gate/evidence/R04_MATRIX/cases/a15-structure-violation-refused.json
94c57b04cb80a3ce8932e58d775b4aaa85affa76e33e34512e4a0bc47ade49a9  ??  artifacts/rust-tauri/R04/RR1-G05-E01/negative-rr1-attempt2-concurrent-hang/rr1-n4-full-gate/evidence/R04_MATRIX/cases/a16-alias-route-covered.json
506ae3c069a2a967546a4ca114bf3e15abac6ebcdb0f7e35b359b12c1cde92b5  ??  artifacts/rust-tauri/R04/RR1-G05-E01/negative-rr1-attempt2-concurrent-hang/rr1-n4-full-gate/evidence/R04_MATRIX/cases/a16-history-preserved.json
901361017912bc20e016d13a2a4f8d701ddee123481ac52c440c176b6d9510aa  ??  artifacts/rust-tauri/R04/RR1-G05-E01/negative-rr1-attempt2-concurrent-hang/rr1-n4-full-gate/evidence/R04_MATRIX/cases/approval-answer-executes-once.json
bd45162c41ae2eec362f6f35bc50015ae2a8266f70ce5f91d5c45e5ad8053270  ??  artifacts/rust-tauri/R04/RR1-G05-E01/negative-rr1-attempt2-concurrent-hang/rr1-n4-full-gate/evidence/R04_MATRIX/cases/approval-duplicate-idempotent.json
bababcc7f3e64579d35c9259a419a674630e4e549217be76c41f04eda4f0bcdc  ??  artifacts/rust-tauri/R04/RR1-G05-E01/negative-rr1-attempt2-concurrent-hang/rr1-n4-full-gate/evidence/R04_MATRIX/cases/approval-reject-zero-dispatch.json
20fd6bee69494fece169e2b99ea1e3085ddffbb071d88ebc23f7dcaeb412c721  ??  artifacts/rust-tauri/R04/RR1-G05-E01/negative-rr1-attempt2-concurrent-hang/rr1-n4-full-gate/evidence/R04_MATRIX/cases/catalog-face-lists-mcp-tools-with-permission.json
a6740bd82388993cca6d0b79d294334e6ad84438d23b819303e84cb2670999df  ??  artifacts/rust-tauri/R04/RR1-G05-E01/negative-rr1-attempt2-concurrent-hang/rr1-n4-full-gate/evidence/R04_MATRIX/cases/future-tool-shape-ast_edit-discoverable-not-callable.json
821137c4819111c5cab65e31fe33146b843d4bc963a7ae66bf3c6139aab4dc68  ??  artifacts/rust-tauri/R04/RR1-G05-E01/negative-rr1-attempt2-concurrent-hang/rr1-n4-full-gate/evidence/R04_MATRIX/cases/future-tool-shape-ast_grep-discoverable-not-callable.json
9827cfcbf4ea963126bc89e02f8247506844fc54c5a0d9086547106cafdcdefd  ??  artifacts/rust-tauri/R04/RR1-G05-E01/negative-rr1-attempt2-concurrent-hang/rr1-n4-full-gate/evidence/R04_MATRIX/cases/future-tool-shape-file-discoverable-not-callable.json
cb8e2db3b924a24b0bf8d611b22015f3a2a10ccc3f6ee16a819bc9388379c7f3  ??  artifacts/rust-tauri/R04/RR1-G05-E01/negative-rr1-attempt2-concurrent-hang/rr1-n4-full-gate/evidence/R04_MATRIX/cases/future-tool-shape-find-discoverable-not-callable.json
1c192846cc1d07ba6864e5dd594b97a48f402ab5519fca2040ecc7edc3d3fd02  ??  artifacts/rust-tauri/R04/RR1-G05-E01/negative-rr1-attempt2-concurrent-hang/rr1-n4-full-gate/evidence/R04_MATRIX/cases/future-tool-shape-grep-discoverable-not-callable.json
bbe14f10f21cc0a2c306c3554804930c3bf5b13c66b6b90cf1c79b465e394c3b  ??  artifacts/rust-tauri/R04/RR1-G05-E01/negative-rr1-attempt2-concurrent-hang/rr1-n4-full-gate/evidence/R04_MATRIX/cases/future-tool-shape-ls-discoverable-not-callable.json
a9b97d5170fb12a3359bdde03aa8fdfc8fe089399cd5f1dc3810dacaf5ac5653  ??  artifacts/rust-tauri/R04/RR1-G05-E01/negative-rr1-attempt2-concurrent-hang/rr1-n4-full-gate/evidence/R04_MATRIX/cases/future-tool-shape-lsp-discoverable-not-callable.json
6bc884d530bd7615a63e4dd9241155689273f4f9c70ccc044e2d91afc8eba4f1  ??  artifacts/rust-tauri/R04/RR1-G05-E01/negative-rr1-attempt2-concurrent-hang/rr1-n4-full-gate/evidence/R04_MATRIX/cases/future-tool-shape-materialize-discoverable-not-callable.json
5904c81036b270e82834b8084ca4b8b9b4492957d7d3ac5a83328f9bdc84b538  ??  artifacts/rust-tauri/R04/RR1-G05-E01/negative-rr1-attempt2-concurrent-hang/rr1-n4-full-gate/evidence/R04_MATRIX/cases/future-tool-shape-run_code-discoverable-not-callable.json
c9d67aa6d2f3fce41a3a011e42ac47399824eae28c54e2b89cf0bdae0dbf8052  ??  artifacts/rust-tauri/R04/RR1-G05-E01/negative-rr1-attempt2-concurrent-hang/rr1-n4-full-gate/evidence/R04_MATRIX/cases/future-tool-shape-security_scan-discoverable-not-callable.json
6cf1880613144cb8b359bd1c195f561f79c42836315ec94767b2336f24a9b783  ??  artifacts/rust-tauri/R04/RR1-G05-E01/negative-rr1-attempt2-concurrent-hang/rr1-n4-full-gate/evidence/R04_MATRIX/cases/future-tool-shape-stage_files-discoverable-not-callable.json
87164a841282a81c7b614451f88f157e89c03336043524a16637aa848d201f59  ??  artifacts/rust-tauri/R04/RR1-G05-E01/negative-rr1-attempt2-concurrent-hang/rr1-n4-full-gate/evidence/R04_MATRIX/cases/gateway-each-call-independent-permission.json
7d3631b38221c7c56e5b77793921c4de3ab067e7097d1c77131e73a3dadb0ce5  ??  artifacts/rust-tauri/R04/RR1-G05-E01/negative-rr1-attempt2-concurrent-hang/rr1-n4-full-gate/evidence/R04_MATRIX/cases/matrix-lifecycle-disable-holes.json
52e2294d2db41ba60884ca74bedd63d9e196def8ea43623c327cf7579c72e6e0  ??  artifacts/rust-tauri/R04/RR1-G05-E01/negative-rr1-attempt2-concurrent-hang/rr1-n4-full-gate/evidence/R04_MATRIX/cases/matrix-lifecycle-generation-refusals.json
710d96abbd53795e2f40639001eee2454a6ce7e5a285c883f9cd62f1b58ebda9  ??  artifacts/rust-tauri/R04/RR1-G05-E01/negative-rr1-attempt2-concurrent-hang/rr1-n4-full-gate/evidence/R04_MATRIX/cases/matrix-lifecycle-uninstall-holes.json
23c16612d569bb60e563215b453c022203ab19f05298ce7c9a3fc080da10b7d2  ??  artifacts/rust-tauri/R04/RR1-G05-E01/negative-rr1-attempt2-concurrent-hang/rr1-n4-full-gate/evidence/R04_MATRIX/cases/matrix-permission-consistency.json
d475fb8c9114bfdf95de5cc202da903bf354241d13f071bce870d8ba2502fd60  ??  artifacts/rust-tauri/R04/RR1-G05-E01/negative-rr1-attempt2-concurrent-hang/rr1-n4-full-gate/evidence/R04_MATRIX/cases/matrix-route-consistency.json
2b451a4a1fd773fba2e107116235dd5f28a06d104c7f7450f221f662510fc070  ??  artifacts/rust-tauri/R04/RR1-G05-E01/negative-rr1-attempt2-concurrent-hang/rr1-n4-full-gate/evidence/R04_MATRIX/cases/matrix-tool-family-count.json
1e442f90436b22848aeb3329ce35c020def0d74ba7d6bbc49eb983573e8e708d  ??  artifacts/rust-tauri/R04/RR1-G05-E01/negative-rr1-attempt2-concurrent-hang/rr1-n4-full-gate/evidence/R04_MATRIX/cases/mcp-connector-catalog-sync.json
02be7eb700e551cb0a000177a0e033872c65ad8b5ef7f46d66c014ecf3fb7150  ??  artifacts/rust-tauri/R04/RR1-G05-E01/negative-rr1-attempt2-concurrent-hang/rr1-n4-full-gate/evidence/R04_MATRIX/cases/mcp-connector-register-handshake.json
905e6508c4c99929579667bd3184014916a117d7522917621f1aea839bdd039e  ??  artifacts/rust-tauri/R04/RR1-G05-E01/negative-rr1-attempt2-concurrent-hang/rr1-n4-full-gate/evidence/R04_MATRIX/cases/mcp-describe-real-identity.json
42c719e1d9f2fdae556b08414f6facea228b729210f804971fb1f41772e1ec5f  ??  artifacts/rust-tauri/R04/RR1-G05-E01/negative-rr1-attempt2-concurrent-hang/rr1-n4-full-gate/evidence/R04_MATRIX/cases/mcp-search-namespaced.json
dfbc531d38332ae34bc27eef48d7c96103f6f7b0cf55e51377608e95deffabc9  ??  artifacts/rust-tauri/R04/RR1-G05-E01/negative-rr1-attempt2-concurrent-hang/rr1-n4-full-gate/evidence/R04_MATRIX/cases/mcp-tool-call-full-chain.json
916eba77e6c3a4f9a8bf58bdf3a14d110fe9b75b22aa316ce7a47412c013fa04  ??  artifacts/rust-tauri/R04/RR1-G05-E01/negative-rr1-attempt2-concurrent-hang/rr1-n4-full-gate/evidence/R04_MATRIX/cases/mcp-tool-permission-face.json
c3f30127a40dfa980a32479cec6547074c067a4d8cd61e858b0aa7dc095455b3  ??  artifacts/rust-tauri/R04/RR1-G05-E01/negative-rr1-attempt2-concurrent-hang/rr1-n4-full-gate/evidence/R04_MATRIX/cases/permission-face-modes-verifiable.json
c51a56cfdce860c73de8e015f088d38b31bbf8e373a0dc6e1c8e43f9b5f80a2c  ??  artifacts/rust-tauri/R04/RR1-G05-E01/negative-rr1-attempt2-concurrent-hang/rr1-n4-full-gate/evidence/R04_MATRIX/cases/preauthorization-single-session-scoped.json
eefd602104c2c290f3a2704acec9cf3923cbf072e0e9ac1e5dad4b1103794f05  ??  artifacts/rust-tauri/R04/RR1-G05-E01/negative-rr1-attempt2-concurrent-hang/rr1-n4-full-gate/evidence/R04_MATRIX/cases/semantics-cancel-leaves-no-fabricated-receipt.json
1c8fced2b48030b05d00ab397c3aa0470c4f068287f841b1c7e53778b43e038d  ??  artifacts/rust-tauri/R04/RR1-G05-E01/negative-rr1-attempt2-concurrent-hang/rr1-n4-full-gate/evidence/R04_MATRIX/cases/semantics-failed-never-dispatched-receipt.json
220379bb262285fad8e6314d35a23f12ba26fcb0e501fe2431141c1a4d28a5a2  ??  artifacts/rust-tauri/R04/RR1-G05-E01/negative-rr1-attempt2-concurrent-hang/rr1-n4-full-gate/evidence/R04_MATRIX/cases/semantics-success-receipt-dispatched.json
8337cc9f0c6c3a4eeb0b4beb6ff1d93acd40878d92c9f16c4649942469017888  ??  artifacts/rust-tauri/R04/RR1-G05-E01/negative-rr1-attempt2-concurrent-hang/rr1-n4-full-gate/evidence/R04_MATRIX/cases/semantics-unknown-receipt-honest.json
cb89e56a59ac812a63576832232489b328ac7abf8041df762e7b1af1e2caa95d  ??  artifacts/rust-tauri/R04/RR1-G05-E01/negative-rr1-attempt2-concurrent-hang/rr1-n4-full-gate/evidence/R04_MATRIX/cases/sup01-ask-subagent-write-refused.json
1b21930f6737d6935a82328d4afb7b4fd7b439c107b48d01b29e4cdfa7399015  ??  artifacts/rust-tauri/R04/RR1-G05-E01/negative-rr1-attempt2-concurrent-hang/rr1-n4-full-gate/evidence/R04_MATRIX/cases/terminal-close-stops-terminal.json
59095540a473b474ab918f20eb08986f6bbb6cbfd08c49b9810963ae37407de5  ??  artifacts/rust-tauri/R04/RR1-G05-E01/negative-rr1-attempt2-concurrent-hang/rr1-n4-full-gate/evidence/R04_MATRIX/cases/terminal-snapshot-current-transcript.json
004a41eae978391bad56ebe5c3e6d2ced1a2c02eda01a37f79abc8867cb5a063  ??  artifacts/rust-tauri/R04/RR1-G05-E01/negative-rr1-attempt2-concurrent-hang/rr1-n4-full-gate/evidence/R04_MATRIX/cases/terminal-tail-cursor-continuation.json
16870fec4c31cd9e67e56d3328c74d20f9213a2e96113c28be3d7f7fe0d28979  ??  artifacts/rust-tauri/R04/RR1-G05-E01/negative-rr1-attempt2-concurrent-hang/rr1-n4-full-gate/evidence/R04_MATRIX/cases/tool-edit-conflict-preserves-user-version.json
bb810a38ce8bfbcafc0d64e1fc2831a08e952dfdc4a057fd99166ef589df1032  ??  artifacts/rust-tauri/R04/RR1-G05-E01/negative-rr1-attempt2-concurrent-hang/rr1-n4-full-gate/evidence/R04_MATRIX/cases/tool-edit-real-chain.json
bec2c6d085918085fb7eb01f8ec54ea53681b68aa489b59bc0a8e9b272c5c02e  ??  artifacts/rust-tauri/R04/RR1-G05-E01/negative-rr1-attempt2-concurrent-hang/rr1-n4-full-gate/evidence/R04_MATRIX/cases/tool-exec-cancel-cleanup.json
c0341bc7ba746aaa51754e5650264b1d7d55e93d55ea2a03df67769834825bcc  ??  artifacts/rust-tauri/R04/RR1-G05-E01/negative-rr1-attempt2-concurrent-hang/rr1-n4-full-gate/evidence/R04_MATRIX/cases/tool-exec-command-real-chain.json
e990fcd2da49cb923f667ea1714cfea3f69c8f3bd0002416761b93ab35d87ec3  ??  artifacts/rust-tauri/R04/RR1-G05-E01/negative-rr1-attempt2-concurrent-hang/rr1-n4-full-gate/evidence/R04_MATRIX/cases/tool-read-real-chain.json
ea288f832ccf584b20e6d0ef80d0116568fd2c989aff55d985adce98266f5f62  ??  artifacts/rust-tauri/R04/RR1-G05-E01/negative-rr1-attempt2-concurrent-hang/rr1-n4-full-gate/evidence/R04_MATRIX/cases/tool-write-real-chain.json
52e2d9bbf2b9890f5b4d03bf7c27cfb6c82322790e254fc813b47b7f093d939f  ??  artifacts/rust-tauri/R04/RR1-G05-E01/negative-rr1-attempt2-concurrent-hang/rr1-n4-full-gate/evidence/R04_MATRIX/cases/tool-write-stdin-continuation.json
83f514b83ad20e51f11205b345ebcce85d4423a69379cb2a9804c8ceaf07a027  ??  artifacts/rust-tauri/R04/RR1-G05-E01/negative-rr1-attempt2-concurrent-hang/rr1-n4-full-gate/evidence/R04_MATRIX/cases/tool-write-stdin-foreign-writes.json
c471fa08013c67ab99fb67a5e4e430f83cfc349758cdc601fb53e35b1ee28397  ??  artifacts/rust-tauri/R04/RR1-G05-E01/negative-rr1-attempt2-concurrent-hang/rr1-n4-full-gate/evidence/R04_MATRIX/leaf-cases.json
1dbc5972065a848f6d2d8456df0891660c2c695ca72f24c3d4bd7fde395b462e  ??  artifacts/rust-tauri/R04/RR1-G05-E01/negative-rr1-attempt2-concurrent-hang/rr1-n4-full-gate/evidence/R04_MATRIX/matrix-counts.json
c4b89a1d71b795ad2518d955b3f903f183edaf0aeda58c7aca6440c003cf98f2  ??  artifacts/rust-tauri/R04/RR1-G05-E01/negative-rr1-attempt2-concurrent-hang/rr1-n4-full-gate/evidence/R04_MATRIX/summary.txt
03e75607ce89dd2e535b6cf22efaed7cf04a57924ed973dec1a260cb30c15557  ??  artifacts/rust-tauri/R04/RR1-G05-E01/negative-rr1-attempt2-concurrent-hang/rr1-n4-full-gate/evidence/R04_RR1_REPAIR/cases.jsonl
b4fd3ba1d5faec40aabb94b266bc3484540894de3ccac3756469a6737878300a  ??  artifacts/rust-tauri/R04/RR1-G05-E01/negative-rr1-attempt2-concurrent-hang/rr1-n4-full-gate/evidence/R04_RR1_REPAIR/cid-table.txt
e3b0c44298fc1c149afbf4c8996fb92427ae41e4649b934ca495991b7852b855  ??  artifacts/rust-tauri/R04/RR1-G05-E01/negative-rr1-attempt2-concurrent-hang/rr1-n4-full-gate/evidence/R04_RR1_REPAIR/gaps.txt
ba844bee5f873a8bb6499613c3ac20e7d0807fd4d848e52c3021047ed6b60bd7  ??  artifacts/rust-tauri/R04/RR1-G05-E01/negative-rr1-attempt2-concurrent-hang/rr1-n4-full-gate/evidence/R04_RR1_REPAIR/pin-table.txt
e3a88bae43771884e0e5533f962b936823b53d97a6a31a19b8bbdf8fd6ea8ad8  ??  artifacts/rust-tauri/R04/RR1-G05-E01/negative-rr1-attempt2-concurrent-hang/rr1-n4-full-gate/evidence/R04_RR1_REPAIR/rr1-cases.json
da42a9869ba6c08739ae77b1d02c4d5b83737bce11b394cf0498bf59f68465e8  ??  artifacts/rust-tauri/R04/RR1-G05-E01/negative-rr1-attempt2-concurrent-hang/rr1-n4-full-gate/evidence/R04_RR1_REPAIR/summary.txt
1101501cd66f510e6375fe06e5f560b0db1bb4410cba9b9d5c3ac29727279af8  ??  artifacts/rust-tauri/R04/RR1-G05-E01/negative-rr1-attempt2-concurrent-hang/rr1-n4-full-gate/evidence/candidate-source-after.json
1101501cd66f510e6375fe06e5f560b0db1bb4410cba9b9d5c3ac29727279af8  ??  artifacts/rust-tauri/R04/RR1-G05-E01/negative-rr1-attempt2-concurrent-hang/rr1-n4-full-gate/evidence/candidate-source-before.json
fbc6d34e81295a3d21b6833265906d703811be74e5b45bbeb29d90c4b2980ed6  ??  artifacts/rust-tauri/R04/RR1-G05-E01/negative-rr1-attempt2-concurrent-hang/rr1-n4-full-gate/evidence/verify-stage-result.json
4355a46b19d348dc2f57c046f8ef63d4538ebb936000f3c9ee954a27460dd865  ??  artifacts/rust-tauri/R04/RR1-G05-E01/negative-rr1-attempt2-concurrent-hang/rr1-n4-full-gate/exit-code.txt
5dbd7a13401d1a5df4a37d0baca8f986e5c565d1a5e2f9983c9c77c61dd49a1f  ??  artifacts/rust-tauri/R04/RR1-G05-E01/negative-rr1-attempt2-concurrent-hang/rr1-n4-full-gate/named-check.txt
41372fd14858067a60371ba5bded9fd8184d0a63949b88f8e8f6ba5ec87272a8  ??  artifacts/rust-tauri/R04/RR1-G05-E01/negative-rr1-attempt2-concurrent-hang/summary.txt
5ef134b02d81b51c1908c3976ee1c07b06ee6b63f638f76cc05ad622a00aafc2  ??  artifacts/rust-tauri/R04/RR1-G05-E01/negative-rr1/case-results.json
336ebb949e52663842c7ec8f84d4b771c56afa0133f75d79fe023d26a9b894cd  ??  artifacts/rust-tauri/R04/RR1-G05-E01/negative-rr1/case-results.tsv
35888cd868f067f8f87c15a9410217b30040db29866e7e439194cf5e716cae86  ??  artifacts/rust-tauri/R04/RR1-G05-E01/negative-rr1/pristine/R04.json
264b19b6dd1582affa06407855c73e939e9fab378982e56a10cdd1b04aa8bc6f  ??  artifacts/rust-tauri/R04/RR1-G05-E01/negative-rr1/pristine/r04_rr1_g05_repair_suites.sh
39b8dc3fc8b44765c8e6f1adee04c5b465e555ab791cc42d0d9e810d5b64297c  ??  artifacts/rust-tauri/R04/RR1-G05-E01/negative-rr1/rr1-n1-delete-rr1-scenario/exit-code.txt
39b8dc3fc8b44765c8e6f1adee04c5b465e555ab791cc42d0d9e810d5b64297c  ??  artifacts/rust-tauri/R04/RR1-G05-E01/negative-rr1/rr1-n2-tamper-pin-count/exit-code.txt
39b8dc3fc8b44765c8e6f1adee04c5b465e555ab791cc42d0d9e810d5b64297c  ??  artifacts/rust-tauri/R04/RR1-G05-E01/negative-rr1/rr1-n3-drop-cid-line/exit-code.txt
f5b0981175fe9bd307c7bb4e8dcb8490cfa58585d62d9c3e2f7eb03e4e875e54  ??  artifacts/rust-tauri/R04/RR1-G05-E01/negative-rr1/rr1-n4-full-gate/evidence/R03_REGRESSION/A15/cases/background-run-completes-decoupled.json
fda5f46e011354371ff149d97818d48d3b78dca205e17e8a7b39dba1cb4013e6  ??  artifacts/rust-tauri/R04/RR1-G05-E01/negative-rr1/rr1-n4-full-gate/evidence/R03_REGRESSION/A15/cases/background-survives-unrelated-cancel.json
92eebd1162583e5ed42a8e61a80b5c84e94753ed6562c35c930ebb65f6e23f01  ??  artifacts/rust-tauri/R04/RR1-G05-E01/negative-rr1/rr1-n4-full-gate/evidence/R03_REGRESSION/A15/cases/cancel-live-run-accepted-terminal-cancelled.json
edc380e78d3b8f95b51f12c2bbfcb702760327da3f20bd6c9f456b5c7e0934de  ??  artifacts/rust-tauri/R04/RR1-G05-E01/negative-rr1/rr1-n4-full-gate/evidence/R03_REGRESSION/A15/cases/cancel-terminal-run-already-terminal.json
e320e539d701e4f285fcff1a42629b28016fa5f103e77fccb5c1ddf921155742  ??  artifacts/rust-tauri/R04/RR1-G05-E01/negative-rr1/rr1-n4-full-gate/evidence/R03_REGRESSION/A15/cases/cancel-unknown-run-not-found.json
a513a19cd5ca9bc857d2e01c9be7ec61e3e5677e7d1948db618b31fb7aba127a  ??  artifacts/rust-tauri/R04/RR1-G05-E01/negative-rr1/rr1-n4-full-gate/evidence/R03_REGRESSION/A15/cases/cancel-waiting-approval-cancels-cleanly.json
602b436fbd1f0de778ca086853030197fe28a3fde1a5f694ebea64e4f8779c8a  ??  artifacts/rust-tauri/R04/RR1-G05-E01/negative-rr1/rr1-n4-full-gate/evidence/R03_REGRESSION/A15/cases/combo-cancel-stream-terminal-cancelled.json
b24ff9cdbb08092492dd68815bdf3c4a6f38c8e2a42cd79c30abbfcacdfef745  ??  artifacts/rust-tauri/R04/RR1-G05-E01/negative-rr1/rr1-n4-full-gate/evidence/R03_REGRESSION/A15/cases/combo-crash-recovery-honest-interrupted.json
d9e8dea9429b0f0c9fc86be7f31dcd96b4b227e1174dcdea6d1f00b177ec2987  ??  artifacts/rust-tauri/R04/RR1-G05-E01/negative-rr1/rr1-n4-full-gate/evidence/R03_REGRESSION/A15/cases/combo-cross-session-both-complete.json
106bebd1aa293f120bb83f22b33de1e19ae817a4963587e2ee17be8731293349  ??  artifacts/rust-tauri/R04/RR1-G05-E01/negative-rr1/rr1-n4-full-gate/evidence/R03_REGRESSION/A15/cases/combo-duplicate-conflict-rejected.json
eafb37ffcb4d76d45d58a64d80d9ef413064c1f979d64ba1cc2e609d147963fc  ??  artifacts/rust-tauri/R04/RR1-G05-E01/negative-rr1/rr1-n4-full-gate/evidence/R03_REGRESSION/A15/cases/combo-duplicate-replay-no-second-run.json
346e6cb6ae16f125e4bbfdbf24d2bbcf63c92fa9642b2676fa06a78bfa1e8fdb  ??  artifacts/rust-tauri/R04/RR1-G05-E01/negative-rr1/rr1-n4-full-gate/evidence/R03_REGRESSION/A15/cases/combo-events-subscriber-saw-terminal.json
97a0c8f8404d1c042f8f7efd240d5d5f5446103b21bcccf9c5c90461b6082043  ??  artifacts/rust-tauri/R04/RR1-G05-E01/negative-rr1/rr1-n4-full-gate/evidence/R03_REGRESSION/A15/cases/combo-multi-tool-three-calls.json
aa936466e694a90f4087b7ae928f7c9b96ae1450073774fcb29d177dfa59c7b6  ??  artifacts/rust-tauri/R04/RR1-G05-E01/negative-rr1/rr1-n4-full-gate/evidence/R03_REGRESSION/A15/cases/combo-multi-turn-one-terminal.json
f7bdd9e301d37d6a062e13225cfc84d7e96c1f88cd75d34e300ab00dd0fad0a0  ??  artifacts/rust-tauri/R04/RR1-G05-E01/negative-rr1/rr1-n4-full-gate/evidence/R03_REGRESSION/A15/cases/combo-normal-run-completed.json
51d8bd26cb2f29bee74097b5ef9a36e3389a56a1c7127e86fa36d75a8106659e  ??  artifacts/rust-tauri/R04/RR1-G05-E01/negative-rr1/rr1-n4-full-gate/evidence/R03_REGRESSION/A15/cases/combo-out-of-order-late-result-fenced.json
e18f1fcb5cc4af47da6184707fb88e0c0ed656f1fafffe8020a3001c9826c931  ??  artifacts/rust-tauri/R04/RR1-G05-E01/negative-rr1/rr1-n4-full-gate/evidence/R03_REGRESSION/A15/cases/combo-timeout-budget-loud-failure.json
ccbc0f5c630f404851ca1c561fd5c73421ba9b217ceeff29973b263f05e30888  ??  artifacts/rust-tauri/R04/RR1-G05-E01/negative-rr1/rr1-n4-full-gate/evidence/R03_REGRESSION/A15/cases/parent-cancel-stops-child-run.json
d72d7e1151ea38a4eeb9ad435aa66dc376039e41ff714f9f550e1f2c8934585a  ??  artifacts/rust-tauri/R04/RR1-G05-E01/negative-rr1/rr1-n4-full-gate/evidence/R03_REGRESSION/A15/cases/reconnect-resume-no-model-restart.json
5d89ed42d309bfcfd13956b901f209eb432200e88c2ae1eea74d6eaffe625b2a  ??  artifacts/rust-tauri/R04/RR1-G05-E01/negative-rr1/rr1-n4-full-gate/evidence/R03_REGRESSION/A15/cases/steer-busy-accepted.json
360ccd0c00f5114974f5f2967860d1c339a2e2baa808a2f5dca49f334fe0d386  ??  artifacts/rust-tauri/R04/RR1-G05-E01/negative-rr1/rr1-n4-full-gate/evidence/R03_REGRESSION/A15/cases/steer-idle-miss.json
d00e58227225a313e612b18019d7f95a07382b0426ab7fbeb39bc4b05b740cc5  ??  artifacts/rust-tauri/R04/RR1-G05-E01/negative-rr1/rr1-n4-full-gate/evidence/R03_REGRESSION/A15/cases/steer-text-drained-into-model-input.json
1d91fbec57470aebfedf338d49c5109fdd0216e02d720737ed53335eb06ae4c8  ??  artifacts/rust-tauri/R04/RR1-G05-E01/negative-rr1/rr1-n4-full-gate/evidence/R03_REGRESSION/A15/cases/subagent-child-cancel-stops-child-only.json
25c6b5b26b72b0a4408db94f4f0e40b77faa84d32ccfeaffaf04e29fb20c07c9  ??  artifacts/rust-tauri/R04/RR1-G05-E01/negative-rr1/rr1-n4-full-gate/evidence/R03_REGRESSION/A15/cases/subagent-close-thread-closed-status.json
c8d7de61de38e7dfa38ea3376602da5c50882e6d6238c3a1ff61b6ac7df04418  ??  artifacts/rust-tauri/R04/RR1-G05-E01/negative-rr1/rr1-n4-full-gate/evidence/R03_REGRESSION/A15/cases/subagent-dispatch-child-lineage-recorded.json
dce5bbb9b54961ee64c8634f90f4f2600975918f6a2590b57b7b28dd425016bd  ??  artifacts/rust-tauri/R04/RR1-G05-E01/negative-rr1/rr1-n4-full-gate/evidence/R03_REGRESSION/A15/cases/subagent-escalation-write-denied-zero-children.json
dcd19d358a8a5e560042eee304f1f5460d1c79ba1a64d611fb1007b830562010  ??  artifacts/rust-tauri/R04/RR1-G05-E01/negative-rr1/rr1-n4-full-gate/evidence/R03_REGRESSION/A15/cases/subagent-policy-proactive-delegation-default-off.json
ffef3903ae224f661b415622ed9c76da5e265c01a9c15b867f429c1f6d10ef15  ??  artifacts/rust-tauri/R04/RR1-G05-E01/negative-rr1/rr1-n4-full-gate/evidence/R03_REGRESSION/A15/cases/subagent-reply-continues-thread.json
d097c60f1416e1febc17bd0959b1c9252ca9be86b6a1e982d42d9240a38b107e  ??  artifacts/rust-tauri/R04/RR1-G05-E01/negative-rr1/rr1-n4-full-gate/evidence/R03_REGRESSION/A15/combo-counts.json
4c56fd82542a56017ef5e59d3b0c9752ede52032f31f31c24c2de458153ad296  ??  artifacts/rust-tauri/R04/RR1-G05-E01/negative-rr1/rr1-n4-full-gate/evidence/R03_REGRESSION/A15/combos/cancel-approval-wait.json
f861ce9b1dbe64f781134bae916b9c8f2503f4ad8572e98bfc18d180a4e35e33  ??  artifacts/rust-tauri/R04/RR1-G05-E01/negative-rr1/rr1-n4-full-gate/evidence/R03_REGRESSION/A15/combos/cancel-stream-read.json
76b74d822e65d068718af971eb29865cc4891a50d128a35b0bc955cc3b6b65a2  ??  artifacts/rust-tauri/R04/RR1-G05-E01/negative-rr1/rr1-n4-full-gate/evidence/R03_REGRESSION/A15/combos/crash-recovery.json
ef5545b54a472c39f9b09d995f9ba2e3671618a56d4de3eb7fe4fad24d81f22b  ??  artifacts/rust-tauri/R04/RR1-G05-E01/negative-rr1/rr1-n4-full-gate/evidence/R03_REGRESSION/A15/combos/cross-session-parallel.json
7f7fd9a6f050ba6811d5b1d7313d11473f92089a4ec0fd2335779e99b59cdaa1  ??  artifacts/rust-tauri/R04/RR1-G05-E01/negative-rr1/rr1-n4-full-gate/evidence/R03_REGRESSION/A15/combos/duplicate-submission.json
fc9b468ae0f2bd2cfff1a3ead3ba02756e59e73dc0c0a0ebb5142456d1ae38a8  ??  artifacts/rust-tauri/R04/RR1-G05-E01/negative-rr1/rr1-n4-full-gate/evidence/R03_REGRESSION/A15/combos/leaf-parent-cancel.json
a59635405b3569b1c0c950cb282ecf3749923b36c6b1b5e4d3d21fc3f4458102  ??  artifacts/rust-tauri/R04/RR1-G05-E01/negative-rr1/rr1-n4-full-gate/evidence/R03_REGRESSION/A15/combos/leaf-steer.json
fd60e4ca043c4073ddf838b3f0fe918436ede45ff7765efc8f1cad42821186f4  ??  artifacts/rust-tauri/R04/RR1-G05-E01/negative-rr1/rr1-n4-full-gate/evidence/R03_REGRESSION/A15/combos/multi-tool.json
075cad25ce0207f3b49138b8d415d0db78da1005207b2f64d282b478bffa44ae  ??  artifacts/rust-tauri/R04/RR1-G05-E01/negative-rr1/rr1-n4-full-gate/evidence/R03_REGRESSION/A15/combos/multi-turn-model.json
f94832aef81d68346dd1b25b1ad7312d6bc141a69a616a218b640aa170fbebcb  ??  artifacts/rust-tauri/R04/RR1-G05-E01/negative-rr1/rr1-n4-full-gate/evidence/R03_REGRESSION/A15/combos/normal.json
44f5b48c4f288ee214f7053e16857997f1fb66a6be241466141301a16c6872e7  ??  artifacts/rust-tauri/R04/RR1-G05-E01/negative-rr1/rr1-n4-full-gate/evidence/R03_REGRESSION/A15/combos/timeout-budget.json
505ecfbac3942739846be3a188cabea9d26c9641628253767c5457bdff2ab44f  ??  artifacts/rust-tauri/R04/RR1-G05-E01/negative-rr1/rr1-n4-full-gate/evidence/R03_REGRESSION/A15/leaf-cases.json
3ca3b1b04d3a878093a10b40d2de6d7b24376b28f35c1c59418cfae8511ea980  ??  artifacts/rust-tauri/R04/RR1-G05-E01/negative-rr1/rr1-n4-full-gate/evidence/R03_REGRESSION/A15/summary.txt
9a652a14c5a43c20164935bd4963aa32c2a32445a13a91c504c563352517c3b7  ??  artifacts/rust-tauri/R04/RR1-G05-E01/negative-rr1/rr1-n4-full-gate/evidence/R03_REGRESSION/A16/captured-seed.txt
9a652a14c5a43c20164935bd4963aa32c2a32445a13a91c504c563352517c3b7  ??  artifacts/rust-tauri/R04/RR1-G05-E01/negative-rr1/rr1-n4-full-gate/evidence/R03_REGRESSION/A16/p2-captured-seed-attempt-0.txt
9a652a14c5a43c20164935bd4963aa32c2a32445a13a91c504c563352517c3b7  ??  artifacts/rust-tauri/R04/RR1-G05-E01/negative-rr1/rr1-n4-full-gate/evidence/R03_REGRESSION/A16/p3-replay-1-seed.txt
9a652a14c5a43c20164935bd4963aa32c2a32445a13a91c504c563352517c3b7  ??  artifacts/rust-tauri/R04/RR1-G05-E01/negative-rr1/rr1-n4-full-gate/evidence/R03_REGRESSION/A16/p3-replay-2-seed.txt
3fd4aaf96fe0793daf71f6aa3f52fa6c74856c7ddd31d414962724cf4df651d5  ??  artifacts/rust-tauri/R04/RR1-G05-E01/negative-rr1/rr1-n4-full-gate/evidence/R03_REGRESSION/A16/seed-mechanism.json
7d823ecd2fe778be4bc9ccdeaa060189bb8c8a9e8bd9737f51cb16fbd9b11f68  ??  artifacts/rust-tauri/R04/RR1-G05-E01/negative-rr1/rr1-n4-full-gate/evidence/R03_REGRESSION/A16/summary.txt
5f7ef4991d4afea16fd8cd437d0e0b02f6b194f957746a7850b621807b94391e  ??  artifacts/rust-tauri/R04/RR1-G05-E01/negative-rr1/rr1-n4-full-gate/evidence/R03_REGRESSION/G07_REPAIR/cases.jsonl
e3b0c44298fc1c149afbf4c8996fb92427ae41e4649b934ca495991b7852b855  ??  artifacts/rust-tauri/R04/RR1-G05-E01/negative-rr1/rr1-n4-full-gate/evidence/R03_REGRESSION/G07_REPAIR/gaps.txt
1f29d43f2cf02b52219bc351e44642ea8aea0b0d413dd9064dac814574a7deff  ??  artifacts/rust-tauri/R04/RR1-G05-E01/negative-rr1/rr1-n4-full-gate/evidence/R03_REGRESSION/G07_REPAIR/repair-cases.json
429bb6584db17c46f9d5c22a064bbb7159386139f50debf848d77eb254ef70ce  ??  artifacts/rust-tauri/R04/RR1-G05-E01/negative-rr1/rr1-n4-full-gate/evidence/R03_REGRESSION/G07_REPAIR/summary.txt
aa0492d54b146a0ee68f36709289754a68b0a9b2cd474ecf5bd908c9741bfb9e  ??  artifacts/rust-tauri/R04/RR1-G05-E01/negative-rr1/rr1-n4-full-gate/evidence/R03_REGRESSION/R02/A05_A06/.last-body
ae474cd8990e171d88d97942679ddc5f55a2671a3b092d75a8b0e428f952ea7e  ??  artifacts/rust-tauri/R04/RR1-G05-E01/negative-rr1/rr1-n4-full-gate/evidence/R03_REGRESSION/R02/A05_A06/creds-after-authz.json
843039c153e5254f10476b19111b0f96e149a66bbda268f41d7501aeec719f93  ??  artifacts/rust-tauri/R04/RR1-G05-E01/negative-rr1/rr1-n4-full-gate/evidence/R03_REGRESSION/R02/A05_A06/creds-before-authz.json
e90ac8abab9b25931fa1bc37d27add22c6139e6db9b168d2918ba3e802fbee52  ??  artifacts/rust-tauri/R04/RR1-G05-E01/negative-rr1/rr1-n4-full-gate/evidence/R03_REGRESSION/R02/A05_A06/devices-after-authz.json
b2f0bc0d7874a88974436ceea5c1bc252e6ee5ec8f233b2a4276fcbf43fe91ca  ??  artifacts/rust-tauri/R04/RR1-G05-E01/negative-rr1/rr1-n4-full-gate/evidence/R03_REGRESSION/R02/A05_A06/devices-before-authz.json
dff307e4c640949dedcdc9532023c91bc9cb61c9875d442016d8bd77ec5fd09a  ??  artifacts/rust-tauri/R04/RR1-G05-E01/negative-rr1/rr1-n4-full-gate/evidence/R03_REGRESSION/R02/A05_A06/leaf-cases.ndjson
f902a43a62b477726789e2159c0236da69a63efd3a1af5da60ce20762c0b0662  ??  artifacts/rust-tauri/R04/RR1-G05-E01/negative-rr1/rr1-n4-full-gate/evidence/R03_REGRESSION/R02/A05_A06/me-denied-after.sha256
f902a43a62b477726789e2159c0236da69a63efd3a1af5da60ce20762c0b0662  ??  artifacts/rust-tauri/R04/RR1-G05-E01/negative-rr1/rr1-n4-full-gate/evidence/R03_REGRESSION/R02/A05_A06/me-denied-before.sha256
619f672f5d1247eef1353214562142a0c18f81db27331b177429a79ec3342345  ??  artifacts/rust-tauri/R04/RR1-G05-E01/negative-rr1/rr1-n4-full-gate/evidence/R03_REGRESSION/R02/A05_A06/sessions-list-matrix.json
8a7a4ad558189648b435b869dd69cc7ee7336c4f611568a1bcd594d80a289094  ??  artifacts/rust-tauri/R04/RR1-G05-E01/negative-rr1/rr1-n4-full-gate/evidence/R03_REGRESSION/R02/A05_A06/state-after-authn.txt
c4984da94559262491520a98aa5bccb5091aef07ca26d63be45bb1846e4b8b2a  ??  artifacts/rust-tauri/R04/RR1-G05-E01/negative-rr1/rr1-n4-full-gate/evidence/R03_REGRESSION/R02/A05_A06/state-after.txt
8a7a4ad558189648b435b869dd69cc7ee7336c4f611568a1bcd594d80a289094  ??  artifacts/rust-tauri/R04/RR1-G05-E01/negative-rr1/rr1-n4-full-gate/evidence/R03_REGRESSION/R02/A05_A06/state-before-authz.txt
8a7a4ad558189648b435b869dd69cc7ee7336c4f611568a1bcd594d80a289094  ??  artifacts/rust-tauri/R04/RR1-G05-E01/negative-rr1/rr1-n4-full-gate/evidence/R03_REGRESSION/R02/A05_A06/state-before.txt
45e12c0385a2a54e466ff5ab6b78c177ae335cbe046f6f12e03755f15781cb8d  ??  artifacts/rust-tauri/R04/RR1-G05-E01/negative-rr1/rr1-n4-full-gate/evidence/R03_REGRESSION/R02/A05_A06/summary.txt
cc1a7f65eff4d8e9728a24c4e4c4311876cf297f0167d63ec51896b416506d85  ??  artifacts/rust-tauri/R04/RR1-G05-E01/negative-rr1/rr1-n4-full-gate/evidence/R03_REGRESSION/R02/A07_A08/last-db-hashes.txt
e613a984930f45c73fa5aa79af6955b0ac56faa30868e1da85d84a96a180eee3  ??  artifacts/rust-tauri/R04/RR1-G05-E01/negative-rr1/rr1-n4-full-gate/evidence/R03_REGRESSION/R02/A07_A08/s1-counts-after-stop.json
6e11d3157e36f2f24de72943cc5df97aec8475c1e95a29c6fed9cc451e41da10  ??  artifacts/rust-tauri/R04/RR1-G05-E01/negative-rr1/rr1-n4-full-gate/evidence/R03_REGRESSION/R02/A07_A08/s2-counts-after-crash.json
682e438f5280ee82013a620cb163b62244a70e0819c39e57dc0ea77258f7e673  ??  artifacts/rust-tauri/R04/RR1-G05-E01/negative-rr1/rr1-n4-full-gate/evidence/R03_REGRESSION/R02/A07_A08/s2-runs-dump.jsonl
f037fd8b7ed742e8d9b2a232cdc24f62565153c63829bbc98fe24a1db97fefda  ??  artifacts/rust-tauri/R04/RR1-G05-E01/negative-rr1/rr1-n4-full-gate/evidence/R03_REGRESSION/R02/A07_A08/s3-fault.err
e3b0c44298fc1c149afbf4c8996fb92427ae41e4649b934ca495991b7852b855  ??  artifacts/rust-tauri/R04/RR1-G05-E01/negative-rr1/rr1-n4-full-gate/evidence/R03_REGRESSION/R02/A07_A08/s3-fault.out
27d1342d15a4e26ccde0ab67cee51a5670dc022f358ee04c409012b31aa982eb  ??  artifacts/rust-tauri/R04/RR1-G05-E01/negative-rr1/rr1-n4-full-gate/evidence/R03_REGRESSION/R02/A07_A08/s4-hashes-after.txt
27d1342d15a4e26ccde0ab67cee51a5670dc022f358ee04c409012b31aa982eb  ??  artifacts/rust-tauri/R04/RR1-G05-E01/negative-rr1/rr1-n4-full-gate/evidence/R03_REGRESSION/R02/A07_A08/s4-hashes-before.txt
8ff310ceeb0dc3ea713329d1f197dc76d1e8aa252e6ec09101f69ed3268de880  ??  artifacts/rust-tauri/R04/RR1-G05-E01/negative-rr1/rr1-n4-full-gate/evidence/R03_REGRESSION/R02/A07_A08/s4-migrations-round1.json
8ff310ceeb0dc3ea713329d1f197dc76d1e8aa252e6ec09101f69ed3268de880  ??  artifacts/rust-tauri/R04/RR1-G05-E01/negative-rr1/rr1-n4-full-gate/evidence/R03_REGRESSION/R02/A07_A08/s4-migrations-round2.json
8ff310ceeb0dc3ea713329d1f197dc76d1e8aa252e6ec09101f69ed3268de880  ??  artifacts/rust-tauri/R04/RR1-G05-E01/negative-rr1/rr1-n4-full-gate/evidence/R03_REGRESSION/R02/A07_A08/s4-migrations-round3.json
869fd4ce0c148e5c77349a7874732b271ccd0361d3b4fb535668f8a91bbfa48d  ??  artifacts/rust-tauri/R04/RR1-G05-E01/negative-rr1/rr1-n4-full-gate/evidence/R03_REGRESSION/R02/A07_A08/service-s1.err
a38e4eb020a0596975fe46f0a3b4b2554fc4d9cd7966b81de5e78cba3ef89a30  ??  artifacts/rust-tauri/R04/RR1-G05-E01/negative-rr1/rr1-n4-full-gate/evidence/R03_REGRESSION/R02/A07_A08/service-s1.out
0803599d753af74daa1be51bb1947e8724efaeef03ab593e34d588988e8d4a33  ??  artifacts/rust-tauri/R04/RR1-G05-E01/negative-rr1/rr1-n4-full-gate/evidence/R03_REGRESSION/R02/A07_A08/service-s1b.err
c53b768b59333935b44d615e9ad9e9ecf97d3c3de856ac2c973157023c2ea9af  ??  artifacts/rust-tauri/R04/RR1-G05-E01/negative-rr1/rr1-n4-full-gate/evidence/R03_REGRESSION/R02/A07_A08/service-s1b.out
dc8f59e77559b29e66f37ba4a047e7e94682bbd50d92f332a0ca5c4b0d95ffb9  ??  artifacts/rust-tauri/R04/RR1-G05-E01/negative-rr1/rr1-n4-full-gate/evidence/R03_REGRESSION/R02/A07_A08/service-s2.err
b5329bc6eb6fb97ec9cdfeab3e110d29404c56033af999de1fd3da93324f8cb7  ??  artifacts/rust-tauri/R04/RR1-G05-E01/negative-rr1/rr1-n4-full-gate/evidence/R03_REGRESSION/R02/A07_A08/service-s2.out
f23ccd2eefa476ed17140ce60494dd48731a7ad84c58f0225a37b60438ebf5fe  ??  artifacts/rust-tauri/R04/RR1-G05-E01/negative-rr1/rr1-n4-full-gate/evidence/R03_REGRESSION/R02/A07_A08/service-s2b.err
a33d9d480f6b4ffa7a110e46385f7c88bc54e0e914b4b540966cea96d74abffb  ??  artifacts/rust-tauri/R04/RR1-G05-E01/negative-rr1/rr1-n4-full-gate/evidence/R03_REGRESSION/R02/A07_A08/service-s2b.out
89b0a2de3d09dc683398d6825920f070a8ff3c0acf897004d6e7358369dbaf22  ??  artifacts/rust-tauri/R04/RR1-G05-E01/negative-rr1/rr1-n4-full-gate/evidence/R03_REGRESSION/R02/A07_A08/service-s4-1.err
a7e7ae3bbcb72e1a89d05ae0fd9e939a345f72581896958385edba442ebdd864  ??  artifacts/rust-tauri/R04/RR1-G05-E01/negative-rr1/rr1-n4-full-gate/evidence/R03_REGRESSION/R02/A07_A08/service-s4-1.out
36a4a8d38705c6545c42e75cde124ab0de61402ad37a52994e92f5fb79a236b3  ??  artifacts/rust-tauri/R04/RR1-G05-E01/negative-rr1/rr1-n4-full-gate/evidence/R03_REGRESSION/R02/A07_A08/service-s4-2.err
0b98f5e6b9784543beca02f2992bdf16ff711cf070f4016273a774cc5c44f76c  ??  artifacts/rust-tauri/R04/RR1-G05-E01/negative-rr1/rr1-n4-full-gate/evidence/R03_REGRESSION/R02/A07_A08/service-s4-2.out
94c1ed9de966e2b595fe7c3d02ad30748a6a1e6d9e75d7d30b6d34d240e6c0f7  ??  artifacts/rust-tauri/R04/RR1-G05-E01/negative-rr1/rr1-n4-full-gate/evidence/R03_REGRESSION/R02/A07_A08/service-s4-3.err
30b5e826a04a13326879e682349daec1a94b94049b1922842cb26eeb7ca93f55  ??  artifacts/rust-tauri/R04/RR1-G05-E01/negative-rr1/rr1-n4-full-gate/evidence/R03_REGRESSION/R02/A07_A08/service-s4-3.out
9c406fae3befa65c9f757aa77d9279dcd853692b0b77687f6e43c037cd34d06a  ??  artifacts/rust-tauri/R04/RR1-G05-E01/negative-rr1/rr1-n4-full-gate/evidence/R03_REGRESSION/R02/A07_A08/service.addr
54acecab1f8dccae0a53aa79a8edea386671e8e978829f85cbcc063e4dea6954  ??  artifacts/rust-tauri/R04/RR1-G05-E01/negative-rr1/rr1-n4-full-gate/evidence/R03_REGRESSION/R02/A07_A08/service.pid
478691407d059534f998a4c687d3d0056ce9c58eea8ddfa72767880435c3176e  ??  artifacts/rust-tauri/R04/RR1-G05-E01/negative-rr1/rr1-n4-full-gate/evidence/R03_REGRESSION/R02/A07_A08/summary.txt
0936c952a9f582e6af4659c6928b789fa424662eff0331f6598cd23a6adf982b  ??  artifacts/rust-tauri/R04/RR1-G05-E01/negative-rr1/rr1-n4-full-gate/evidence/R03_REGRESSION/R02/A09_A10/a09-merged-view.json
0b0d1eb9c8e9aadb27bcfe3b6490af9117c0c844eb722c6752b70f85e741372e  ??  artifacts/rust-tauri/R04/RR1-G05-E01/negative-rr1/rr1-n4-full-gate/evidence/R03_REGRESSION/R02/A09_A10/a10-rebuild-diff.json
b963ce42e69dbc6c864faddc24c6724b7206f31c30f68439ac929c47c85c4515  ??  artifacts/rust-tauri/R04/RR1-G05-E01/negative-rr1/rr1-n4-full-gate/evidence/R03_REGRESSION/R02/A09_A10/key-events-dump.json
8e4e8e0830d23eda089a04310fb33b3af4af1ceb12510c21e9441ca248ec0c43  ??  artifacts/rust-tauri/R04/RR1-G05-E01/negative-rr1/rr1-n4-full-gate/evidence/R03_REGRESSION/R02/A09_A10/matrix.json
0be2bc02f1ea232d854aa6d47f59d2e990d2db62547ef4539daba8d7f29627cd  ??  artifacts/rust-tauri/R04/RR1-G05-E01/negative-rr1/rr1-n4-full-gate/evidence/R03_REGRESSION/R02/A09_A10/probe-matrix.jsonl
6b8426c12b7c615be9a7597561ae3766e75b4c23816a47285fafbad8bfea06ed  ??  artifacts/rust-tauri/R04/RR1-G05-E01/negative-rr1/rr1-n4-full-gate/evidence/R03_REGRESSION/R02/A09_A10/service.err
27c3a6119f35896fababc87bea46d9fa9c1c4fbd5e678c4e44042c478d2b7df5  ??  artifacts/rust-tauri/R04/RR1-G05-E01/negative-rr1/rr1-n4-full-gate/evidence/R03_REGRESSION/R02/A09_A10/service.out
111cec556545f8d04d1a34684b69d99984ab5d08c1fa1297bfe49e925052aeee  ??  artifacts/rust-tauri/R04/RR1-G05-E01/negative-rr1/rr1-n4-full-gate/evidence/R03_REGRESSION/R02/A09_A10/summary.txt
dd63f79ce1a39fdef735dbb9eb292c3f8a45db77c2513d3cc7379e5dbe13749e  ??  artifacts/rust-tauri/R04/RR1-G05-E01/negative-rr1/rr1-n4-full-gate/evidence/R03_REGRESSION/R02/A11/backup-restore/s1-backup-dir-listing.txt
a68304159fe6f95cffa937704ee25352082c37de66169526dcba61eece4688bc  ??  artifacts/rust-tauri/R04/RR1-G05-E01/negative-rr1/rr1-n4-full-gate/evidence/R03_REGRESSION/R02/A11/backup-restore/s1-backup-outcome.json
e3b0c44298fc1c149afbf4c8996fb92427ae41e4649b934ca495991b7852b855  ??  artifacts/rust-tauri/R04/RR1-G05-E01/negative-rr1/rr1-n4-full-gate/evidence/R03_REGRESSION/R02/A11/backup-restore/s1-backup.err
76bd1740b6db6e06983131c409b087d44c1186374545a010d5f83713147b1306  ??  artifacts/rust-tauri/R04/RR1-G05-E01/negative-rr1/rr1-n4-full-gate/evidence/R03_REGRESSION/R02/A11/backup-restore/s1-restore-outcome.json
e3b0c44298fc1c149afbf4c8996fb92427ae41e4649b934ca495991b7852b855  ??  artifacts/rust-tauri/R04/RR1-G05-E01/negative-rr1/rr1-n4-full-gate/evidence/R03_REGRESSION/R02/A11/backup-restore/s1-restore.err
08f76d5437357797a05b8209003ed8dbad9c3abe1e9d205701846a2996d07014  ??  artifacts/rust-tauri/R04/RR1-G05-E01/negative-rr1/rr1-n4-full-gate/evidence/R03_REGRESSION/R02/A11/backup-restore/s1-restored-dump.jsonl
c5e1b9b1e15e7808770a2561679e6fbd104bd131c5a23bd138bfb4e9aab7163b  ??  artifacts/rust-tauri/R04/RR1-G05-E01/negative-rr1/rr1-n4-full-gate/evidence/R03_REGRESSION/R02/A11/backup-restore/s1-restored-hash.txt
08f76d5437357797a05b8209003ed8dbad9c3abe1e9d205701846a2996d07014  ??  artifacts/rust-tauri/R04/RR1-G05-E01/negative-rr1/rr1-n4-full-gate/evidence/R03_REGRESSION/R02/A11/backup-restore/s1-source-dump.jsonl
5062475550b2981c2c68e254224ae7a5c1a0b57071db71f0fb7e27f628c48b2d  ??  artifacts/rust-tauri/R04/RR1-G05-E01/negative-rr1/rr1-n4-full-gate/evidence/R03_REGRESSION/R02/A11/backup-restore/s1-source-hash.txt
951e1f2cedf4a978898a4f9e620777561b8381ece9faf4223f8594a201f47f74  ??  artifacts/rust-tauri/R04/RR1-G05-E01/negative-rr1/rr1-n4-full-gate/evidence/R03_REGRESSION/R02/A11/backup-restore/s1-wal-size.txt
e3b0c44298fc1c149afbf4c8996fb92427ae41e4649b934ca495991b7852b855  ??  artifacts/rust-tauri/R04/RR1-G05-E01/negative-rr1/rr1-n4-full-gate/evidence/R03_REGRESSION/R02/A11/backup-restore/s3-backup-out.json
e5481f4e727538f95fe0ca6af7bf71259d302bbd9e38a5f7f23f66fdac3a9d86  ??  artifacts/rust-tauri/R04/RR1-G05-E01/negative-rr1/rr1-n4-full-gate/evidence/R03_REGRESSION/R02/A11/backup-restore/s3-backup.err
9b33c4d50a9f7a0434980244454a85ce4288c7323241cf9ff22c50e6b8f8dd85  ??  artifacts/rust-tauri/R04/RR1-G05-E01/negative-rr1/rr1-n4-full-gate/evidence/R03_REGRESSION/R02/A11/backup-restore/s4-ws-probe.json
a4c3ed04a95a3da14a9d235c83d868bed7c0f45cf7f3faa751ee8f50598d2211  ??  artifacts/rust-tauri/R04/RR1-G05-E01/negative-rr1/rr1-n4-full-gate/evidence/R03_REGRESSION/R02/A11/backup-restore/s4-ws-probe.json.probe-done
8fbe5fbf29a38db986c681945665b83bf90f1162cc88b7d469b6ad9f325bb5b3  ??  artifacts/rust-tauri/R04/RR1-G05-E01/negative-rr1/rr1-n4-full-gate/evidence/R03_REGRESSION/R02/A11/backup-restore/service-s1.addr
1051988c584efbd49f6428fc6dd8ba789d743aae0c82d1692062e779b85bc933  ??  artifacts/rust-tauri/R04/RR1-G05-E01/negative-rr1/rr1-n4-full-gate/evidence/R03_REGRESSION/R02/A11/backup-restore/service-s1.err
4cc177efd667d4b2fb4e01e850bb7a51f17c7339a6089c2893b48ea53db6b94b  ??  artifacts/rust-tauri/R04/RR1-G05-E01/negative-rr1/rr1-n4-full-gate/evidence/R03_REGRESSION/R02/A11/backup-restore/service-s1.out
87d4dc782b87714cd467c6326f85fb2c9b867ef3da0df1f6ed468224cd2f2293  ??  artifacts/rust-tauri/R04/RR1-G05-E01/negative-rr1/rr1-n4-full-gate/evidence/R03_REGRESSION/R02/A11/backup-restore/service-s2.addr
5128a0ed2b324257303fdd9070b4983135d85282290084062a49274fc38bf11b  ??  artifacts/rust-tauri/R04/RR1-G05-E01/negative-rr1/rr1-n4-full-gate/evidence/R03_REGRESSION/R02/A11/backup-restore/service-s2.err
8295bdc21ff3961e74ed8ef5c3d47762f291db58c75b8d2b92201fd24448a2d8  ??  artifacts/rust-tauri/R04/RR1-G05-E01/negative-rr1/rr1-n4-full-gate/evidence/R03_REGRESSION/R02/A11/backup-restore/service-s2.out
1c1d9a069f650fe248ccefefcbaf3236669a512586e176e31fb74b3e39b3c108  ??  artifacts/rust-tauri/R04/RR1-G05-E01/negative-rr1/rr1-n4-full-gate/evidence/R03_REGRESSION/R02/A11/backup-restore/service-s4.addr
a47940691bb6a994d35fe51ac65b97ae31ac411adb483b28412656def59c18bf  ??  artifacts/rust-tauri/R04/RR1-G05-E01/negative-rr1/rr1-n4-full-gate/evidence/R03_REGRESSION/R02/A11/backup-restore/service-s4.err
d8bf5e3cdd6ee8a499610378b547b4a88d94d7911ce419a4409ef61137ee8a16  ??  artifacts/rust-tauri/R04/RR1-G05-E01/negative-rr1/rr1-n4-full-gate/evidence/R03_REGRESSION/R02/A11/backup-restore/service-s4.out
658a7380d712312bf9657368958ae571910ea99ccd822e23fbabec580012a5bb  ??  artifacts/rust-tauri/R04/RR1-G05-E01/negative-rr1/rr1-n4-full-gate/evidence/R03_REGRESSION/R02/A11/backup-restore/service.pid
07b08893db112d125a3aff6785f13acff9956645671ae8543c9e5ae31f3a0307  ??  artifacts/rust-tauri/R04/RR1-G05-E01/negative-rr1/rr1-n4-full-gate/evidence/R03_REGRESSION/R02/A11/backup-restore/summary.txt
e27f467d0c5800cbf88870f7af1b940792d93d6df973b6ce7bab3a78851ae8bb  ??  artifacts/rust-tauri/R04/RR1-G05-E01/negative-rr1/rr1-n4-full-gate/evidence/R03_REGRESSION/R02/A12/recovery-drill/coexist-after.txt
e27f467d0c5800cbf88870f7af1b940792d93d6df973b6ce7bab3a78851ae8bb  ??  artifacts/rust-tauri/R04/RR1-G05-E01/negative-rr1/rr1-n4-full-gate/evidence/R03_REGRESSION/R02/A12/recovery-drill/coexist-before.txt
08ab8d62bdccf443601bb9b3f7e39165d33b649e5389e57259646011e8c32b79  ??  artifacts/rust-tauri/R04/RR1-G05-E01/negative-rr1/rr1-n4-full-gate/evidence/R03_REGRESSION/R02/A12/recovery-drill/own-created-homes.txt
a652912c7ba2429b6e3c765b290feda092ddccfdc8bea9defe050dd98d5ce9b8  ??  artifacts/rust-tauri/R04/RR1-G05-E01/negative-rr1/rr1-n4-full-gate/evidence/R03_REGRESSION/R02/A12/recovery-drill/summary.txt
7b2f675d535131e9ee3b95eb996b520af42000b1efea572dc62eff72fd758a84  ??  artifacts/rust-tauri/R04/RR1-G05-E01/negative-rr1/rr1-n4-full-gate/evidence/R03_REGRESSION/R02/A12/recovery-drill/v1-hashes-after.txt
7b2f675d535131e9ee3b95eb996b520af42000b1efea572dc62eff72fd758a84  ??  artifacts/rust-tauri/R04/RR1-G05-E01/negative-rr1/rr1-n4-full-gate/evidence/R03_REGRESSION/R02/A12/recovery-drill/v1-hashes-before.txt
426685b3c7760819b165b812dbd95497ac82ede2a6bd0e7f2bfe0452ae2e7e65  ??  artifacts/rust-tauri/R04/RR1-G05-E01/negative-rr1/rr1-n4-full-gate/evidence/R03_REGRESSION/R02/A12/recovery-drill/v1.err
e3b0c44298fc1c149afbf4c8996fb92427ae41e4649b934ca495991b7852b855  ??  artifacts/rust-tauri/R04/RR1-G05-E01/negative-rr1/rr1-n4-full-gate/evidence/R03_REGRESSION/R02/A12/recovery-drill/v1.out
fcb269f1fc43e20619871bab0f6e464d30773313e55b17f725fc62249ab521be  ??  artifacts/rust-tauri/R04/RR1-G05-E01/negative-rr1/rr1-n4-full-gate/evidence/R03_REGRESSION/R02/A12/recovery-drill/v2-hashes-after.txt
fcb269f1fc43e20619871bab0f6e464d30773313e55b17f725fc62249ab521be  ??  artifacts/rust-tauri/R04/RR1-G05-E01/negative-rr1/rr1-n4-full-gate/evidence/R03_REGRESSION/R02/A12/recovery-drill/v2-hashes-before.txt
cc00599ff13372cc89b5dbfddaf142a04d99487da24b72e82afde87f8c0d2128  ??  artifacts/rust-tauri/R04/RR1-G05-E01/negative-rr1/rr1-n4-full-gate/evidence/R03_REGRESSION/R02/A12/recovery-drill/v2.err
e3b0c44298fc1c149afbf4c8996fb92427ae41e4649b934ca495991b7852b855  ??  artifacts/rust-tauri/R04/RR1-G05-E01/negative-rr1/rr1-n4-full-gate/evidence/R03_REGRESSION/R02/A12/recovery-drill/v2.out
a33ffd69acb495d9a221778bb2317e4cef00e4d752d794b9c1267890666ec43d  ??  artifacts/rust-tauri/R04/RR1-G05-E01/negative-rr1/rr1-n4-full-gate/evidence/R03_REGRESSION/R02/A12/recovery-drill/v3-hashes-after.txt
a33ffd69acb495d9a221778bb2317e4cef00e4d752d794b9c1267890666ec43d  ??  artifacts/rust-tauri/R04/RR1-G05-E01/negative-rr1/rr1-n4-full-gate/evidence/R03_REGRESSION/R02/A12/recovery-drill/v3-hashes-before.txt
a0ff1d4aa7dac8df3f7e9d9b8ca10a2335e3bcd6a85f809e31602e20b261e556  ??  artifacts/rust-tauri/R04/RR1-G05-E01/negative-rr1/rr1-n4-full-gate/evidence/R03_REGRESSION/R02/A12/recovery-drill/v3.err
e3b0c44298fc1c149afbf4c8996fb92427ae41e4649b934ca495991b7852b855  ??  artifacts/rust-tauri/R04/RR1-G05-E01/negative-rr1/rr1-n4-full-gate/evidence/R03_REGRESSION/R02/A12/recovery-drill/v3.out
4fa9a07702ef2ac70055a0d78c60f8457bb4f117465df5b25e9faca0d3d52854  ??  artifacts/rust-tauri/R04/RR1-G05-E01/negative-rr1/rr1-n4-full-gate/evidence/R03_REGRESSION/R02/A12/recovery-drill/v4.err
5e7d4babedb304c38144a3c924467dd2a2ab8047b62133ff35094384460fa276  ??  artifacts/rust-tauri/R04/RR1-G05-E01/negative-rr1/rr1-n4-full-gate/evidence/R03_REGRESSION/R02/A12/recovery-drill/v4.out
11b6e5039aa2a8e8dd299de9aaa3f3e43aa04f3ed34b14df9b6deee47777f798  ??  artifacts/rust-tauri/R04/RR1-G05-E01/negative-rr1/rr1-n4-full-gate/evidence/R03_REGRESSION/R02/A12/recovery-drill/v5-hashes-after.txt
11b6e5039aa2a8e8dd299de9aaa3f3e43aa04f3ed34b14df9b6deee47777f798  ??  artifacts/rust-tauri/R04/RR1-G05-E01/negative-rr1/rr1-n4-full-gate/evidence/R03_REGRESSION/R02/A12/recovery-drill/v5-hashes-before.txt
9fff0d810c284566728dbfa99279b4b800bbdf89ae1c1c77443caea4cd4c414e  ??  artifacts/rust-tauri/R04/RR1-G05-E01/negative-rr1/rr1-n4-full-gate/evidence/R03_REGRESSION/R02/A12/recovery-drill/v5.err
e3b0c44298fc1c149afbf4c8996fb92427ae41e4649b934ca495991b7852b855  ??  artifacts/rust-tauri/R04/RR1-G05-E01/negative-rr1/rr1-n4-full-gate/evidence/R03_REGRESSION/R02/A12/recovery-drill/v5.out
f09dea140b6128a37a38c735db92fe5836a7fbfed08fc022289eca4bd0567a4d  ??  artifacts/rust-tauri/R04/RR1-G05-E01/negative-rr1/rr1-n4-full-gate/evidence/R03_REGRESSION/R02/A12/recovery-drill/v6-recovered-dump.jsonl
27badc983df1780b60c2b3fa9d3a19a00e46aac798451f0febdca52920faaddf  ??  artifacts/rust-tauri/R04/RR1-G05-E01/negative-rr1/rr1-n4-full-gate/evidence/R03_REGRESSION/R02/A12/recovery-drill/v6-seed-execute.txt
e8ddc1f8679135590fa7a3bfac3d7ab5c8118aa18aa3000dcbd8225b71ec609a  ??  artifacts/rust-tauri/R04/RR1-G05-E01/negative-rr1/rr1-n4-full-gate/evidence/R03_REGRESSION/R02/A12/recovery-drill/v6-seed.err
62244bf6f944a63d087156ee45b7c9b28ae9754bc362c7108206f1da42be23da  ??  artifacts/rust-tauri/R04/RR1-G05-E01/negative-rr1/rr1-n4-full-gate/evidence/R03_REGRESSION/R02/A12/recovery-drill/v6-seed.out
da808c607471c16f3933b1740e66d08bd40b13244dd486feb03c73f54f318050  ??  artifacts/rust-tauri/R04/RR1-G05-E01/negative-rr1/rr1-n4-full-gate/evidence/R03_REGRESSION/R02/A12/recovery-drill/v6.err
66f6d59d1963aa34a8fe96a25496b08714bfa07ce47384321a4449dc9900297d  ??  artifacts/rust-tauri/R04/RR1-G05-E01/negative-rr1/rr1-n4-full-gate/evidence/R03_REGRESSION/R02/A12/recovery-drill/v6.out
66e228a7e160c7e2f5e885826e7c439977349fe34496690f9cb248d170276d3c  ??  artifacts/rust-tauri/R04/RR1-G05-E01/negative-rr1/rr1-n4-full-gate/evidence/R03_REGRESSION/R02/A12/recovery-drill/v7-hashes-after.txt
66e228a7e160c7e2f5e885826e7c439977349fe34496690f9cb248d170276d3c  ??  artifacts/rust-tauri/R04/RR1-G05-E01/negative-rr1/rr1-n4-full-gate/evidence/R03_REGRESSION/R02/A12/recovery-drill/v7-hashes-before.txt
8158381f0ca6cd0cc7f96578c38eec3aaaa8a22ef5f67939bab74c142ca07f2b  ??  artifacts/rust-tauri/R04/RR1-G05-E01/negative-rr1/rr1-n4-full-gate/evidence/R03_REGRESSION/R02/A12/recovery-drill/v7-seed.err
0b9805a09a8a2b47172db85040d97481c251028b2b3a567e93365c4134927c3b  ??  artifacts/rust-tauri/R04/RR1-G05-E01/negative-rr1/rr1-n4-full-gate/evidence/R03_REGRESSION/R02/A12/recovery-drill/v7-seed.out
429f44e6c2424e043075340d0c39426309e436e2617d37c0b2034e6346ba15e0  ??  artifacts/rust-tauri/R04/RR1-G05-E01/negative-rr1/rr1-n4-full-gate/evidence/R03_REGRESSION/R02/A12/recovery-drill/v7.err
e3b0c44298fc1c149afbf4c8996fb92427ae41e4649b934ca495991b7852b855  ??  artifacts/rust-tauri/R04/RR1-G05-E01/negative-rr1/rr1-n4-full-gate/evidence/R03_REGRESSION/R02/A12/recovery-drill/v7.out
2c2cd8ae494f291b069aac20712d9edb1eb1bc38e19521dbf9cb7dcfaeba7a9e  ??  artifacts/rust-tauri/R04/RR1-G05-E01/negative-rr1/rr1-n4-full-gate/evidence/R03_REGRESSION/R02/A12/recovery-drill/v8-observed.err
06a65e49d1186b3aeee662a2a360bbd775ea526258ff11f0f09a41db578b6e94  ??  artifacts/rust-tauri/R04/RR1-G05-E01/negative-rr1/rr1-n4-full-gate/evidence/R03_REGRESSION/R02/A12/recovery-drill/v8-seed.err
29b15edfed39f28d6d428927e65015692e7074703f799418b489dc4bacc2ad9f  ??  artifacts/rust-tauri/R04/RR1-G05-E01/negative-rr1/rr1-n4-full-gate/evidence/R03_REGRESSION/R02/A12/recovery-drill/v8-seed.out
2c2cd8ae494f291b069aac20712d9edb1eb1bc38e19521dbf9cb7dcfaeba7a9e  ??  artifacts/rust-tauri/R04/RR1-G05-E01/negative-rr1/rr1-n4-full-gate/evidence/R03_REGRESSION/R02/A12/recovery-drill/v8.err
4dc4a07ce8de7714e25373c7ae7c773ec87331e948c9d2d480bb98e426b2348f  ??  artifacts/rust-tauri/R04/RR1-G05-E01/negative-rr1/rr1-n4-full-gate/evidence/R03_REGRESSION/R02/A12/recovery-drill/v8.out
110901aa1067932dad4bf5778e3905d95933beaa314d35595617ea205b3afac6  ??  artifacts/rust-tauri/R04/RR1-G05-E01/negative-rr1/rr1-n4-full-gate/evidence/R03_REGRESSION/R02/A15/full-chain/pre-restart-head.json
e3b0c44298fc1c149afbf4c8996fb92427ae41e4649b934ca495991b7852b855  ??  artifacts/rust-tauri/R04/RR1-G05-E01/negative-rr1/rr1-n4-full-gate/evidence/R03_REGRESSION/R02/A15/full-chain/probe1.err
73590511f6755f270af0a53a847bed8d4955faeb3598d7c0c642596c1a627b70  ??  artifacts/rust-tauri/R04/RR1-G05-E01/negative-rr1/rr1-n4-full-gate/evidence/R03_REGRESSION/R02/A15/full-chain/probe1.pass-lines
e3b0c44298fc1c149afbf4c8996fb92427ae41e4649b934ca495991b7852b855  ??  artifacts/rust-tauri/R04/RR1-G05-E01/negative-rr1/rr1-n4-full-gate/evidence/R03_REGRESSION/R02/A15/full-chain/probe2.err
28a411dc95be7e6596d2954fdbecf8eb034d9f8dc1248ab1d111c07c1c218b89  ??  artifacts/rust-tauri/R04/RR1-G05-E01/negative-rr1/rr1-n4-full-gate/evidence/R03_REGRESSION/R02/A15/full-chain/probe2.pass-lines
e6419b5c2fac32dacde80415636f0a0a6518555215b2190a6ab74fbcfe1ec48a  ??  artifacts/rust-tauri/R04/RR1-G05-E01/negative-rr1/rr1-n4-full-gate/evidence/R03_REGRESSION/R02/A15/full-chain/service1.err
c0e3b07b9f16c3c578d533ada976f9f26d1ff666ce7316ce305842e24729ce8f  ??  artifacts/rust-tauri/R04/RR1-G05-E01/negative-rr1/rr1-n4-full-gate/evidence/R03_REGRESSION/R02/A15/full-chain/service1.out
0b491a27fff1dccf1c23f88c7beaf26bfc0a0fa3494d9fa9b57fc1a17af775f0  ??  artifacts/rust-tauri/R04/RR1-G05-E01/negative-rr1/rr1-n4-full-gate/evidence/R03_REGRESSION/R02/A15/full-chain/service2.err
7db82a53fbadee06868710c97f5e2dfda5fa7fc54eaed8f337782d40b4f8e49d  ??  artifacts/rust-tauri/R04/RR1-G05-E01/negative-rr1/rr1-n4-full-gate/evidence/R03_REGRESSION/R02/A15/full-chain/service2.out
b321e9ff9485b290b48bb92c1c375b6ea99a6599990797ee74b346d2d2663d81  ??  artifacts/rust-tauri/R04/RR1-G05-E01/negative-rr1/rr1-n4-full-gate/evidence/R03_REGRESSION/R02/A15/full-chain/summary.txt
c5b8b0afd47e197e59df5898b3dc7e66c4982962dd197c9f786cb6ad7c10c8f0  ??  artifacts/rust-tauri/R04/RR1-G05-E01/negative-rr1/rr1-n4-full-gate/evidence/R03_REGRESSION/R02/A16/legacy-entry/e0-candidate-binding.tsv
d89ceaa37e539232ac04cd79bcec52de141d4a1a9707441e1118212e88dec49f  ??  artifacts/rust-tauri/R04/RR1-G05-E01/negative-rr1/rr1-n4-full-gate/evidence/R03_REGRESSION/R02/A16/legacy-entry/e0-candidate-dirty.diff
0167145cb32ce399f40f9942d793fdc8fd5cbab41d104c9c63b530a398747e88  ??  artifacts/rust-tauri/R04/RR1-G05-E01/negative-rr1/rr1-n4-full-gate/evidence/R03_REGRESSION/R02/A16/legacy-entry/e0-candidate-dirty.txt
f4980590699d2f81a569e1991a53958c6298b932dcab619c59a05357e9530734  ??  artifacts/rust-tauri/R04/RR1-G05-E01/negative-rr1/rr1-n4-full-gate/evidence/R03_REGRESSION/R02/A16/legacy-entry/summary.txt
1101501cd66f510e6375fe06e5f560b0db1bb4410cba9b9d5c3ac29727279af8  ??  artifacts/rust-tauri/R04/RR1-G05-E01/negative-rr1/rr1-n4-full-gate/evidence/R03_REGRESSION/candidate-source-after.json
1101501cd66f510e6375fe06e5f560b0db1bb4410cba9b9d5c3ac29727279af8  ??  artifacts/rust-tauri/R04/RR1-G05-E01/negative-rr1/rr1-n4-full-gate/evidence/R03_REGRESSION/candidate-source-before.json
793fb7d23d0288627ae11b5d5d5c0e3a1949341e6c7a195dfd155416db19f797  ??  artifacts/rust-tauri/R04/RR1-G05-E01/negative-rr1/rr1-n4-full-gate/evidence/R03_REGRESSION/verify-stage-result.json
10a16641e3405663989bf586c36c94e6522cc9932c30df552a4cb308377a9676  ??  artifacts/rust-tauri/R04/RR1-G05-E01/negative-rr1/rr1-n4-full-gate/evidence/R04_MATRIX/cases/a15-directory-claim-refused.json
09f385efaedc793ea498845967037cfcbfc0fe2c163104737d7ff99e880e98bc  ??  artifacts/rust-tauri/R04/RR1-G05-E01/negative-rr1/rr1-n4-full-gate/evidence/R04_MATRIX/cases/a15-gateway-audit-directory-ref-failed.json
d0df7dade822790f5735f4ebef501e03b8aa905318cb8a60905b81715d427965  ??  artifacts/rust-tauri/R04/RR1-G05-E01/negative-rr1/rr1-n4-full-gate/evidence/R04_MATRIX/cases/a15-gateway-audit-fake-ref-failed.json
a0800cd68927a3e79f38730d4c55036813c6947a5675713428917d03a1b44145  ??  artifacts/rust-tauri/R04/RR1-G05-E01/negative-rr1/rr1-n4-full-gate/evidence/R04_MATRIX/cases/a15-gateway-audit-real-ref-passes.json
8f9b212963fdfce437456018df1536c00c82aa2118f3c3af37532e979ed04f2b  ??  artifacts/rust-tauri/R04/RR1-G05-E01/negative-rr1/rr1-n4-full-gate/evidence/R04_MATRIX/cases/a15-missing-claim-refused.json
04245f14680505fadaf81819e4b39818cf0d629654f8733039a6ac2e8d68bb98  ??  artifacts/rust-tauri/R04/RR1-G05-E01/negative-rr1/rr1-n4-full-gate/evidence/R04_MATRIX/cases/a15-out-of-grant-claim-refused.json
e4bb14f7a842ae22ee91e7b3bebdfcc5273aec1410f84eb90970f2bc4dc3fc91  ??  artifacts/rust-tauri/R04/RR1-G05-E01/negative-rr1/rr1-n4-full-gate/evidence/R04_MATRIX/cases/a15-real-delivery-registered.json
6895d6a72b4da91d630223ce6ad2b8320db84534f721b5748ac0f487c1a29223  ??  artifacts/rust-tauri/R04/RR1-G05-E01/negative-rr1/rr1-n4-full-gate/evidence/R04_MATRIX/cases/a15-structure-violation-refused.json
94c57b04cb80a3ce8932e58d775b4aaa85affa76e33e34512e4a0bc47ade49a9  ??  artifacts/rust-tauri/R04/RR1-G05-E01/negative-rr1/rr1-n4-full-gate/evidence/R04_MATRIX/cases/a16-alias-route-covered.json
506ae3c069a2a967546a4ca114bf3e15abac6ebcdb0f7e35b359b12c1cde92b5  ??  artifacts/rust-tauri/R04/RR1-G05-E01/negative-rr1/rr1-n4-full-gate/evidence/R04_MATRIX/cases/a16-history-preserved.json
901361017912bc20e016d13a2a4f8d701ddee123481ac52c440c176b6d9510aa  ??  artifacts/rust-tauri/R04/RR1-G05-E01/negative-rr1/rr1-n4-full-gate/evidence/R04_MATRIX/cases/approval-answer-executes-once.json
bd45162c41ae2eec362f6f35bc50015ae2a8266f70ce5f91d5c45e5ad8053270  ??  artifacts/rust-tauri/R04/RR1-G05-E01/negative-rr1/rr1-n4-full-gate/evidence/R04_MATRIX/cases/approval-duplicate-idempotent.json
bababcc7f3e64579d35c9259a419a674630e4e549217be76c41f04eda4f0bcdc  ??  artifacts/rust-tauri/R04/RR1-G05-E01/negative-rr1/rr1-n4-full-gate/evidence/R04_MATRIX/cases/approval-reject-zero-dispatch.json
20fd6bee69494fece169e2b99ea1e3085ddffbb071d88ebc23f7dcaeb412c721  ??  artifacts/rust-tauri/R04/RR1-G05-E01/negative-rr1/rr1-n4-full-gate/evidence/R04_MATRIX/cases/catalog-face-lists-mcp-tools-with-permission.json
a6740bd82388993cca6d0b79d294334e6ad84438d23b819303e84cb2670999df  ??  artifacts/rust-tauri/R04/RR1-G05-E01/negative-rr1/rr1-n4-full-gate/evidence/R04_MATRIX/cases/future-tool-shape-ast_edit-discoverable-not-callable.json
821137c4819111c5cab65e31fe33146b843d4bc963a7ae66bf3c6139aab4dc68  ??  artifacts/rust-tauri/R04/RR1-G05-E01/negative-rr1/rr1-n4-full-gate/evidence/R04_MATRIX/cases/future-tool-shape-ast_grep-discoverable-not-callable.json
9827cfcbf4ea963126bc89e02f8247506844fc54c5a0d9086547106cafdcdefd  ??  artifacts/rust-tauri/R04/RR1-G05-E01/negative-rr1/rr1-n4-full-gate/evidence/R04_MATRIX/cases/future-tool-shape-file-discoverable-not-callable.json
cb8e2db3b924a24b0bf8d611b22015f3a2a10ccc3f6ee16a819bc9388379c7f3  ??  artifacts/rust-tauri/R04/RR1-G05-E01/negative-rr1/rr1-n4-full-gate/evidence/R04_MATRIX/cases/future-tool-shape-find-discoverable-not-callable.json
1c192846cc1d07ba6864e5dd594b97a48f402ab5519fca2040ecc7edc3d3fd02  ??  artifacts/rust-tauri/R04/RR1-G05-E01/negative-rr1/rr1-n4-full-gate/evidence/R04_MATRIX/cases/future-tool-shape-grep-discoverable-not-callable.json
bbe14f10f21cc0a2c306c3554804930c3bf5b13c66b6b90cf1c79b465e394c3b  ??  artifacts/rust-tauri/R04/RR1-G05-E01/negative-rr1/rr1-n4-full-gate/evidence/R04_MATRIX/cases/future-tool-shape-ls-discoverable-not-callable.json
a9b97d5170fb12a3359bdde03aa8fdfc8fe089399cd5f1dc3810dacaf5ac5653  ??  artifacts/rust-tauri/R04/RR1-G05-E01/negative-rr1/rr1-n4-full-gate/evidence/R04_MATRIX/cases/future-tool-shape-lsp-discoverable-not-callable.json
6bc884d530bd7615a63e4dd9241155689273f4f9c70ccc044e2d91afc8eba4f1  ??  artifacts/rust-tauri/R04/RR1-G05-E01/negative-rr1/rr1-n4-full-gate/evidence/R04_MATRIX/cases/future-tool-shape-materialize-discoverable-not-callable.json
5904c81036b270e82834b8084ca4b8b9b4492957d7d3ac5a83328f9bdc84b538  ??  artifacts/rust-tauri/R04/RR1-G05-E01/negative-rr1/rr1-n4-full-gate/evidence/R04_MATRIX/cases/future-tool-shape-run_code-discoverable-not-callable.json
c9d67aa6d2f3fce41a3a011e42ac47399824eae28c54e2b89cf0bdae0dbf8052  ??  artifacts/rust-tauri/R04/RR1-G05-E01/negative-rr1/rr1-n4-full-gate/evidence/R04_MATRIX/cases/future-tool-shape-security_scan-discoverable-not-callable.json
6cf1880613144cb8b359bd1c195f561f79c42836315ec94767b2336f24a9b783  ??  artifacts/rust-tauri/R04/RR1-G05-E01/negative-rr1/rr1-n4-full-gate/evidence/R04_MATRIX/cases/future-tool-shape-stage_files-discoverable-not-callable.json
87164a841282a81c7b614451f88f157e89c03336043524a16637aa848d201f59  ??  artifacts/rust-tauri/R04/RR1-G05-E01/negative-rr1/rr1-n4-full-gate/evidence/R04_MATRIX/cases/gateway-each-call-independent-permission.json
7d3631b38221c7c56e5b77793921c4de3ab067e7097d1c77131e73a3dadb0ce5  ??  artifacts/rust-tauri/R04/RR1-G05-E01/negative-rr1/rr1-n4-full-gate/evidence/R04_MATRIX/cases/matrix-lifecycle-disable-holes.json
52e2294d2db41ba60884ca74bedd63d9e196def8ea43623c327cf7579c72e6e0  ??  artifacts/rust-tauri/R04/RR1-G05-E01/negative-rr1/rr1-n4-full-gate/evidence/R04_MATRIX/cases/matrix-lifecycle-generation-refusals.json
710d96abbd53795e2f40639001eee2454a6ce7e5a285c883f9cd62f1b58ebda9  ??  artifacts/rust-tauri/R04/RR1-G05-E01/negative-rr1/rr1-n4-full-gate/evidence/R04_MATRIX/cases/matrix-lifecycle-uninstall-holes.json
23c16612d569bb60e563215b453c022203ab19f05298ce7c9a3fc080da10b7d2  ??  artifacts/rust-tauri/R04/RR1-G05-E01/negative-rr1/rr1-n4-full-gate/evidence/R04_MATRIX/cases/matrix-permission-consistency.json
d475fb8c9114bfdf95de5cc202da903bf354241d13f071bce870d8ba2502fd60  ??  artifacts/rust-tauri/R04/RR1-G05-E01/negative-rr1/rr1-n4-full-gate/evidence/R04_MATRIX/cases/matrix-route-consistency.json
2b451a4a1fd773fba2e107116235dd5f28a06d104c7f7450f221f662510fc070  ??  artifacts/rust-tauri/R04/RR1-G05-E01/negative-rr1/rr1-n4-full-gate/evidence/R04_MATRIX/cases/matrix-tool-family-count.json
1e442f90436b22848aeb3329ce35c020def0d74ba7d6bbc49eb983573e8e708d  ??  artifacts/rust-tauri/R04/RR1-G05-E01/negative-rr1/rr1-n4-full-gate/evidence/R04_MATRIX/cases/mcp-connector-catalog-sync.json
02be7eb700e551cb0a000177a0e033872c65ad8b5ef7f46d66c014ecf3fb7150  ??  artifacts/rust-tauri/R04/RR1-G05-E01/negative-rr1/rr1-n4-full-gate/evidence/R04_MATRIX/cases/mcp-connector-register-handshake.json
905e6508c4c99929579667bd3184014916a117d7522917621f1aea839bdd039e  ??  artifacts/rust-tauri/R04/RR1-G05-E01/negative-rr1/rr1-n4-full-gate/evidence/R04_MATRIX/cases/mcp-describe-real-identity.json
42c719e1d9f2fdae556b08414f6facea228b729210f804971fb1f41772e1ec5f  ??  artifacts/rust-tauri/R04/RR1-G05-E01/negative-rr1/rr1-n4-full-gate/evidence/R04_MATRIX/cases/mcp-search-namespaced.json
dfbc531d38332ae34bc27eef48d7c96103f6f7b0cf55e51377608e95deffabc9  ??  artifacts/rust-tauri/R04/RR1-G05-E01/negative-rr1/rr1-n4-full-gate/evidence/R04_MATRIX/cases/mcp-tool-call-full-chain.json
916eba77e6c3a4f9a8bf58bdf3a14d110fe9b75b22aa316ce7a47412c013fa04  ??  artifacts/rust-tauri/R04/RR1-G05-E01/negative-rr1/rr1-n4-full-gate/evidence/R04_MATRIX/cases/mcp-tool-permission-face.json
c3f30127a40dfa980a32479cec6547074c067a4d8cd61e858b0aa7dc095455b3  ??  artifacts/rust-tauri/R04/RR1-G05-E01/negative-rr1/rr1-n4-full-gate/evidence/R04_MATRIX/cases/permission-face-modes-verifiable.json
c51a56cfdce860c73de8e015f088d38b31bbf8e373a0dc6e1c8e43f9b5f80a2c  ??  artifacts/rust-tauri/R04/RR1-G05-E01/negative-rr1/rr1-n4-full-gate/evidence/R04_MATRIX/cases/preauthorization-single-session-scoped.json
eefd602104c2c290f3a2704acec9cf3923cbf072e0e9ac1e5dad4b1103794f05  ??  artifacts/rust-tauri/R04/RR1-G05-E01/negative-rr1/rr1-n4-full-gate/evidence/R04_MATRIX/cases/semantics-cancel-leaves-no-fabricated-receipt.json
1c8fced2b48030b05d00ab397c3aa0470c4f068287f841b1c7e53778b43e038d  ??  artifacts/rust-tauri/R04/RR1-G05-E01/negative-rr1/rr1-n4-full-gate/evidence/R04_MATRIX/cases/semantics-failed-never-dispatched-receipt.json
220379bb262285fad8e6314d35a23f12ba26fcb0e501fe2431141c1a4d28a5a2  ??  artifacts/rust-tauri/R04/RR1-G05-E01/negative-rr1/rr1-n4-full-gate/evidence/R04_MATRIX/cases/semantics-success-receipt-dispatched.json
8337cc9f0c6c3a4eeb0b4beb6ff1d93acd40878d92c9f16c4649942469017888  ??  artifacts/rust-tauri/R04/RR1-G05-E01/negative-rr1/rr1-n4-full-gate/evidence/R04_MATRIX/cases/semantics-unknown-receipt-honest.json
cb89e56a59ac812a63576832232489b328ac7abf8041df762e7b1af1e2caa95d  ??  artifacts/rust-tauri/R04/RR1-G05-E01/negative-rr1/rr1-n4-full-gate/evidence/R04_MATRIX/cases/sup01-ask-subagent-write-refused.json
1b21930f6737d6935a82328d4afb7b4fd7b439c107b48d01b29e4cdfa7399015  ??  artifacts/rust-tauri/R04/RR1-G05-E01/negative-rr1/rr1-n4-full-gate/evidence/R04_MATRIX/cases/terminal-close-stops-terminal.json
59095540a473b474ab918f20eb08986f6bbb6cbfd08c49b9810963ae37407de5  ??  artifacts/rust-tauri/R04/RR1-G05-E01/negative-rr1/rr1-n4-full-gate/evidence/R04_MATRIX/cases/terminal-snapshot-current-transcript.json
004a41eae978391bad56ebe5c3e6d2ced1a2c02eda01a37f79abc8867cb5a063  ??  artifacts/rust-tauri/R04/RR1-G05-E01/negative-rr1/rr1-n4-full-gate/evidence/R04_MATRIX/cases/terminal-tail-cursor-continuation.json
16870fec4c31cd9e67e56d3328c74d20f9213a2e96113c28be3d7f7fe0d28979  ??  artifacts/rust-tauri/R04/RR1-G05-E01/negative-rr1/rr1-n4-full-gate/evidence/R04_MATRIX/cases/tool-edit-conflict-preserves-user-version.json
bb810a38ce8bfbcafc0d64e1fc2831a08e952dfdc4a057fd99166ef589df1032  ??  artifacts/rust-tauri/R04/RR1-G05-E01/negative-rr1/rr1-n4-full-gate/evidence/R04_MATRIX/cases/tool-edit-real-chain.json
bec2c6d085918085fb7eb01f8ec54ea53681b68aa489b59bc0a8e9b272c5c02e  ??  artifacts/rust-tauri/R04/RR1-G05-E01/negative-rr1/rr1-n4-full-gate/evidence/R04_MATRIX/cases/tool-exec-cancel-cleanup.json
c0341bc7ba746aaa51754e5650264b1d7d55e93d55ea2a03df67769834825bcc  ??  artifacts/rust-tauri/R04/RR1-G05-E01/negative-rr1/rr1-n4-full-gate/evidence/R04_MATRIX/cases/tool-exec-command-real-chain.json
e990fcd2da49cb923f667ea1714cfea3f69c8f3bd0002416761b93ab35d87ec3  ??  artifacts/rust-tauri/R04/RR1-G05-E01/negative-rr1/rr1-n4-full-gate/evidence/R04_MATRIX/cases/tool-read-real-chain.json
ea288f832ccf584b20e6d0ef80d0116568fd2c989aff55d985adce98266f5f62  ??  artifacts/rust-tauri/R04/RR1-G05-E01/negative-rr1/rr1-n4-full-gate/evidence/R04_MATRIX/cases/tool-write-real-chain.json
52e2d9bbf2b9890f5b4d03bf7c27cfb6c82322790e254fc813b47b7f093d939f  ??  artifacts/rust-tauri/R04/RR1-G05-E01/negative-rr1/rr1-n4-full-gate/evidence/R04_MATRIX/cases/tool-write-stdin-continuation.json
83f514b83ad20e51f11205b345ebcce85d4423a69379cb2a9804c8ceaf07a027  ??  artifacts/rust-tauri/R04/RR1-G05-E01/negative-rr1/rr1-n4-full-gate/evidence/R04_MATRIX/cases/tool-write-stdin-foreign-writes.json
c471fa08013c67ab99fb67a5e4e430f83cfc349758cdc601fb53e35b1ee28397  ??  artifacts/rust-tauri/R04/RR1-G05-E01/negative-rr1/rr1-n4-full-gate/evidence/R04_MATRIX/leaf-cases.json
1dbc5972065a848f6d2d8456df0891660c2c695ca72f24c3d4bd7fde395b462e  ??  artifacts/rust-tauri/R04/RR1-G05-E01/negative-rr1/rr1-n4-full-gate/evidence/R04_MATRIX/matrix-counts.json
c4b89a1d71b795ad2518d955b3f903f183edaf0aeda58c7aca6440c003cf98f2  ??  artifacts/rust-tauri/R04/RR1-G05-E01/negative-rr1/rr1-n4-full-gate/evidence/R04_MATRIX/summary.txt
03e75607ce89dd2e535b6cf22efaed7cf04a57924ed973dec1a260cb30c15557  ??  artifacts/rust-tauri/R04/RR1-G05-E01/negative-rr1/rr1-n4-full-gate/evidence/R04_RR1_REPAIR/cases.jsonl
b4fd3ba1d5faec40aabb94b266bc3484540894de3ccac3756469a6737878300a  ??  artifacts/rust-tauri/R04/RR1-G05-E01/negative-rr1/rr1-n4-full-gate/evidence/R04_RR1_REPAIR/cid-table.txt
e3b0c44298fc1c149afbf4c8996fb92427ae41e4649b934ca495991b7852b855  ??  artifacts/rust-tauri/R04/RR1-G05-E01/negative-rr1/rr1-n4-full-gate/evidence/R04_RR1_REPAIR/gaps.txt
ba844bee5f873a8bb6499613c3ac20e7d0807fd4d848e52c3021047ed6b60bd7  ??  artifacts/rust-tauri/R04/RR1-G05-E01/negative-rr1/rr1-n4-full-gate/evidence/R04_RR1_REPAIR/pin-table.txt
e3a88bae43771884e0e5533f962b936823b53d97a6a31a19b8bbdf8fd6ea8ad8  ??  artifacts/rust-tauri/R04/RR1-G05-E01/negative-rr1/rr1-n4-full-gate/evidence/R04_RR1_REPAIR/rr1-cases.json
da42a9869ba6c08739ae77b1d02c4d5b83737bce11b394cf0498bf59f68465e8  ??  artifacts/rust-tauri/R04/RR1-G05-E01/negative-rr1/rr1-n4-full-gate/evidence/R04_RR1_REPAIR/summary.txt
1101501cd66f510e6375fe06e5f560b0db1bb4410cba9b9d5c3ac29727279af8  ??  artifacts/rust-tauri/R04/RR1-G05-E01/negative-rr1/rr1-n4-full-gate/evidence/candidate-source-after.json
1101501cd66f510e6375fe06e5f560b0db1bb4410cba9b9d5c3ac29727279af8  ??  artifacts/rust-tauri/R04/RR1-G05-E01/negative-rr1/rr1-n4-full-gate/evidence/candidate-source-before.json
f1e8d470e1764fce72a038b9e7642bc2d1dbb79ba9a1313319b0467cc3ad5164  ??  artifacts/rust-tauri/R04/RR1-G05-E01/negative-rr1/rr1-n4-full-gate/evidence/verify-stage-result.json
4355a46b19d348dc2f57c046f8ef63d4538ebb936000f3c9ee954a27460dd865  ??  artifacts/rust-tauri/R04/RR1-G05-E01/negative-rr1/rr1-n4-full-gate/exit-code.txt
f078a12636405b59aa11c2459cf08673afa4fdbaf57d756b7af5d61989e30640  ??  artifacts/rust-tauri/R04/RR1-G05-E01/negative-rr1/rr1-n4-full-gate/named-check.txt
5649871467f9995739af8b4a1b693a032e475f662747c02a40d2678bd2f9c976  ??  artifacts/rust-tauri/R04/RR1-G05-E01/negative-rr1/summary.txt
2f33e600c24e71dbcb74a968bd4255f7105daeccb62364dd4293bff404cf3b4f  ??  artifacts/rust-tauri/R04/RR1-G05-E01/negative/c03a-stale-evidence-root/evidence/old.txt
4355a46b19d348dc2f57c046f8ef63d4538ebb936000f3c9ee954a27460dd865  ??  artifacts/rust-tauri/R04/RR1-G05-E01/negative/c03a-stale-evidence-root/exit-code.txt
f5b0981175fe9bd307c7bb4e8dcb8490cfa58585d62d9c3e2f7eb03e4e875e54  ??  artifacts/rust-tauri/R04/RR1-G05-E01/negative/c03b-killed-battery-partial/evidence/R03_REGRESSION/A15/cases/background-run-completes-decoupled.json
fda5f46e011354371ff149d97818d48d3b78dca205e17e8a7b39dba1cb4013e6  ??  artifacts/rust-tauri/R04/RR1-G05-E01/negative/c03b-killed-battery-partial/evidence/R03_REGRESSION/A15/cases/background-survives-unrelated-cancel.json
92eebd1162583e5ed42a8e61a80b5c84e94753ed6562c35c930ebb65f6e23f01  ??  artifacts/rust-tauri/R04/RR1-G05-E01/negative/c03b-killed-battery-partial/evidence/R03_REGRESSION/A15/cases/cancel-live-run-accepted-terminal-cancelled.json
edc380e78d3b8f95b51f12c2bbfcb702760327da3f20bd6c9f456b5c7e0934de  ??  artifacts/rust-tauri/R04/RR1-G05-E01/negative/c03b-killed-battery-partial/evidence/R03_REGRESSION/A15/cases/cancel-terminal-run-already-terminal.json
e320e539d701e4f285fcff1a42629b28016fa5f103e77fccb5c1ddf921155742  ??  artifacts/rust-tauri/R04/RR1-G05-E01/negative/c03b-killed-battery-partial/evidence/R03_REGRESSION/A15/cases/cancel-unknown-run-not-found.json
a513a19cd5ca9bc857d2e01c9be7ec61e3e5677e7d1948db618b31fb7aba127a  ??  artifacts/rust-tauri/R04/RR1-G05-E01/negative/c03b-killed-battery-partial/evidence/R03_REGRESSION/A15/cases/cancel-waiting-approval-cancels-cleanly.json
602b436fbd1f0de778ca086853030197fe28a3fde1a5f694ebea64e4f8779c8a  ??  artifacts/rust-tauri/R04/RR1-G05-E01/negative/c03b-killed-battery-partial/evidence/R03_REGRESSION/A15/cases/combo-cancel-stream-terminal-cancelled.json
b24ff9cdbb08092492dd68815bdf3c4a6f38c8e2a42cd79c30abbfcacdfef745  ??  artifacts/rust-tauri/R04/RR1-G05-E01/negative/c03b-killed-battery-partial/evidence/R03_REGRESSION/A15/cases/combo-crash-recovery-honest-interrupted.json
d9e8dea9429b0f0c9fc86be7f31dcd96b4b227e1174dcdea6d1f00b177ec2987  ??  artifacts/rust-tauri/R04/RR1-G05-E01/negative/c03b-killed-battery-partial/evidence/R03_REGRESSION/A15/cases/combo-cross-session-both-complete.json
106bebd1aa293f120bb83f22b33de1e19ae817a4963587e2ee17be8731293349  ??  artifacts/rust-tauri/R04/RR1-G05-E01/negative/c03b-killed-battery-partial/evidence/R03_REGRESSION/A15/cases/combo-duplicate-conflict-rejected.json
eafb37ffcb4d76d45d58a64d80d9ef413064c1f979d64ba1cc2e609d147963fc  ??  artifacts/rust-tauri/R04/RR1-G05-E01/negative/c03b-killed-battery-partial/evidence/R03_REGRESSION/A15/cases/combo-duplicate-replay-no-second-run.json
346e6cb6ae16f125e4bbfdbf24d2bbcf63c92fa9642b2676fa06a78bfa1e8fdb  ??  artifacts/rust-tauri/R04/RR1-G05-E01/negative/c03b-killed-battery-partial/evidence/R03_REGRESSION/A15/cases/combo-events-subscriber-saw-terminal.json
97a0c8f8404d1c042f8f7efd240d5d5f5446103b21bcccf9c5c90461b6082043  ??  artifacts/rust-tauri/R04/RR1-G05-E01/negative/c03b-killed-battery-partial/evidence/R03_REGRESSION/A15/cases/combo-multi-tool-three-calls.json
aa936466e694a90f4087b7ae928f7c9b96ae1450073774fcb29d177dfa59c7b6  ??  artifacts/rust-tauri/R04/RR1-G05-E01/negative/c03b-killed-battery-partial/evidence/R03_REGRESSION/A15/cases/combo-multi-turn-one-terminal.json
f7bdd9e301d37d6a062e13225cfc84d7e96c1f88cd75d34e300ab00dd0fad0a0  ??  artifacts/rust-tauri/R04/RR1-G05-E01/negative/c03b-killed-battery-partial/evidence/R03_REGRESSION/A15/cases/combo-normal-run-completed.json
51d8bd26cb2f29bee74097b5ef9a36e3389a56a1c7127e86fa36d75a8106659e  ??  artifacts/rust-tauri/R04/RR1-G05-E01/negative/c03b-killed-battery-partial/evidence/R03_REGRESSION/A15/cases/combo-out-of-order-late-result-fenced.json
e18f1fcb5cc4af47da6184707fb88e0c0ed656f1fafffe8020a3001c9826c931  ??  artifacts/rust-tauri/R04/RR1-G05-E01/negative/c03b-killed-battery-partial/evidence/R03_REGRESSION/A15/cases/combo-timeout-budget-loud-failure.json
ccbc0f5c630f404851ca1c561fd5c73421ba9b217ceeff29973b263f05e30888  ??  artifacts/rust-tauri/R04/RR1-G05-E01/negative/c03b-killed-battery-partial/evidence/R03_REGRESSION/A15/cases/parent-cancel-stops-child-run.json
d72d7e1151ea38a4eeb9ad435aa66dc376039e41ff714f9f550e1f2c8934585a  ??  artifacts/rust-tauri/R04/RR1-G05-E01/negative/c03b-killed-battery-partial/evidence/R03_REGRESSION/A15/cases/reconnect-resume-no-model-restart.json
5d89ed42d309bfcfd13956b901f209eb432200e88c2ae1eea74d6eaffe625b2a  ??  artifacts/rust-tauri/R04/RR1-G05-E01/negative/c03b-killed-battery-partial/evidence/R03_REGRESSION/A15/cases/steer-busy-accepted.json
360ccd0c00f5114974f5f2967860d1c339a2e2baa808a2f5dca49f334fe0d386  ??  artifacts/rust-tauri/R04/RR1-G05-E01/negative/c03b-killed-battery-partial/evidence/R03_REGRESSION/A15/cases/steer-idle-miss.json
d00e58227225a313e612b18019d7f95a07382b0426ab7fbeb39bc4b05b740cc5  ??  artifacts/rust-tauri/R04/RR1-G05-E01/negative/c03b-killed-battery-partial/evidence/R03_REGRESSION/A15/cases/steer-text-drained-into-model-input.json
1d91fbec57470aebfedf338d49c5109fdd0216e02d720737ed53335eb06ae4c8  ??  artifacts/rust-tauri/R04/RR1-G05-E01/negative/c03b-killed-battery-partial/evidence/R03_REGRESSION/A15/cases/subagent-child-cancel-stops-child-only.json
25c6b5b26b72b0a4408db94f4f0e40b77faa84d32ccfeaffaf04e29fb20c07c9  ??  artifacts/rust-tauri/R04/RR1-G05-E01/negative/c03b-killed-battery-partial/evidence/R03_REGRESSION/A15/cases/subagent-close-thread-closed-status.json
c8d7de61de38e7dfa38ea3376602da5c50882e6d6238c3a1ff61b6ac7df04418  ??  artifacts/rust-tauri/R04/RR1-G05-E01/negative/c03b-killed-battery-partial/evidence/R03_REGRESSION/A15/cases/subagent-dispatch-child-lineage-recorded.json
dce5bbb9b54961ee64c8634f90f4f2600975918f6a2590b57b7b28dd425016bd  ??  artifacts/rust-tauri/R04/RR1-G05-E01/negative/c03b-killed-battery-partial/evidence/R03_REGRESSION/A15/cases/subagent-escalation-write-denied-zero-children.json
dcd19d358a8a5e560042eee304f1f5460d1c79ba1a64d611fb1007b830562010  ??  artifacts/rust-tauri/R04/RR1-G05-E01/negative/c03b-killed-battery-partial/evidence/R03_REGRESSION/A15/cases/subagent-policy-proactive-delegation-default-off.json
ffef3903ae224f661b415622ed9c76da5e265c01a9c15b867f429c1f6d10ef15  ??  artifacts/rust-tauri/R04/RR1-G05-E01/negative/c03b-killed-battery-partial/evidence/R03_REGRESSION/A15/cases/subagent-reply-continues-thread.json
d097c60f1416e1febc17bd0959b1c9252ca9be86b6a1e982d42d9240a38b107e  ??  artifacts/rust-tauri/R04/RR1-G05-E01/negative/c03b-killed-battery-partial/evidence/R03_REGRESSION/A15/combo-counts.json
4c56fd82542a56017ef5e59d3b0c9752ede52032f31f31c24c2de458153ad296  ??  artifacts/rust-tauri/R04/RR1-G05-E01/negative/c03b-killed-battery-partial/evidence/R03_REGRESSION/A15/combos/cancel-approval-wait.json
f861ce9b1dbe64f781134bae916b9c8f2503f4ad8572e98bfc18d180a4e35e33  ??  artifacts/rust-tauri/R04/RR1-G05-E01/negative/c03b-killed-battery-partial/evidence/R03_REGRESSION/A15/combos/cancel-stream-read.json
76b74d822e65d068718af971eb29865cc4891a50d128a35b0bc955cc3b6b65a2  ??  artifacts/rust-tauri/R04/RR1-G05-E01/negative/c03b-killed-battery-partial/evidence/R03_REGRESSION/A15/combos/crash-recovery.json
ef5545b54a472c39f9b09d995f9ba2e3671618a56d4de3eb7fe4fad24d81f22b  ??  artifacts/rust-tauri/R04/RR1-G05-E01/negative/c03b-killed-battery-partial/evidence/R03_REGRESSION/A15/combos/cross-session-parallel.json
7f7fd9a6f050ba6811d5b1d7313d11473f92089a4ec0fd2335779e99b59cdaa1  ??  artifacts/rust-tauri/R04/RR1-G05-E01/negative/c03b-killed-battery-partial/evidence/R03_REGRESSION/A15/combos/duplicate-submission.json
fc9b468ae0f2bd2cfff1a3ead3ba02756e59e73dc0c0a0ebb5142456d1ae38a8  ??  artifacts/rust-tauri/R04/RR1-G05-E01/negative/c03b-killed-battery-partial/evidence/R03_REGRESSION/A15/combos/leaf-parent-cancel.json
a59635405b3569b1c0c950cb282ecf3749923b36c6b1b5e4d3d21fc3f4458102  ??  artifacts/rust-tauri/R04/RR1-G05-E01/negative/c03b-killed-battery-partial/evidence/R03_REGRESSION/A15/combos/leaf-steer.json
fd60e4ca043c4073ddf838b3f0fe918436ede45ff7765efc8f1cad42821186f4  ??  artifacts/rust-tauri/R04/RR1-G05-E01/negative/c03b-killed-battery-partial/evidence/R03_REGRESSION/A15/combos/multi-tool.json
075cad25ce0207f3b49138b8d415d0db78da1005207b2f64d282b478bffa44ae  ??  artifacts/rust-tauri/R04/RR1-G05-E01/negative/c03b-killed-battery-partial/evidence/R03_REGRESSION/A15/combos/multi-turn-model.json
f94832aef81d68346dd1b25b1ad7312d6bc141a69a616a218b640aa170fbebcb  ??  artifacts/rust-tauri/R04/RR1-G05-E01/negative/c03b-killed-battery-partial/evidence/R03_REGRESSION/A15/combos/normal.json
44f5b48c4f288ee214f7053e16857997f1fb66a6be241466141301a16c6872e7  ??  artifacts/rust-tauri/R04/RR1-G05-E01/negative/c03b-killed-battery-partial/evidence/R03_REGRESSION/A15/combos/timeout-budget.json
505ecfbac3942739846be3a188cabea9d26c9641628253767c5457bdff2ab44f  ??  artifacts/rust-tauri/R04/RR1-G05-E01/negative/c03b-killed-battery-partial/evidence/R03_REGRESSION/A15/leaf-cases.json
e5d7d468d76fefaca846cba19b6791e7d1569f209256489ddb9d80c4fc491a58  ??  artifacts/rust-tauri/R04/RR1-G05-E01/negative/c03b-killed-battery-partial/evidence/R03_REGRESSION/A15/summary.txt
6920bf8a3970dde6168a0b80856a4e07c836bbb6534dba1d1475cfc0676050ee  ??  artifacts/rust-tauri/R04/RR1-G05-E01/negative/c03b-killed-battery-partial/evidence/R03_REGRESSION/R02/A05_A06/.last-body
1319bbe558a1a9043433da92529bc8c24d2b6fbcabc962836a938e946e273399  ??  artifacts/rust-tauri/R04/RR1-G05-E01/negative/c03b-killed-battery-partial/evidence/R03_REGRESSION/R02/A05_A06/body-limit.txt
c0c19dff508a998f0c6e1fbf2643c2d78647cd6495bc53c57d2566877a3abc0b  ??  artifacts/rust-tauri/R04/RR1-G05-E01/negative/c03b-killed-battery-partial/evidence/R03_REGRESSION/R02/A05_A06/cli-sessions-limit-case.json
ad2e293be5d3e7982cd2f27fb566b852813e0b6d17addc124864d29fd2b344d0  ??  artifacts/rust-tauri/R04/RR1-G05-E01/negative/c03b-killed-battery-partial/evidence/R03_REGRESSION/R02/A05_A06/creds-after-authz.json
a5af7e4a1a954de90d92f211c38f03ef6ca700241e73e05242b1bc3cf45cefb2  ??  artifacts/rust-tauri/R04/RR1-G05-E01/negative/c03b-killed-battery-partial/evidence/R03_REGRESSION/R02/A05_A06/creds-before-authz.json
55c75077c0147664895f87db6c1b03c8f950ef0c1f0817cfbd9adcd621318deb  ??  artifacts/rust-tauri/R04/RR1-G05-E01/negative/c03b-killed-battery-partial/evidence/R03_REGRESSION/R02/A05_A06/devices-after-authz.json
ff6f219d69ead8fc62f937764d5f0cb030d9fea0c32f792a8973d20999bf5254  ??  artifacts/rust-tauri/R04/RR1-G05-E01/negative/c03b-killed-battery-partial/evidence/R03_REGRESSION/R02/A05_A06/devices-before-authz.json
db78c5579d47d0e2d1c5dc6ac4c5032b15d746f98f7d02b82aaa148413f435f9  ??  artifacts/rust-tauri/R04/RR1-G05-E01/negative/c03b-killed-battery-partial/evidence/R03_REGRESSION/R02/A05_A06/leaf-cases.json
3a766b06959f393486688107293cc731ae1cecf2432f25405f438a0b47553e25  ??  artifacts/rust-tauri/R04/RR1-G05-E01/negative/c03b-killed-battery-partial/evidence/R03_REGRESSION/R02/A05_A06/leaf-cases.ndjson
7af243653386c909218c07d2d03b1e278950aff024a663c229507cfa7253ecc2  ??  artifacts/rust-tauri/R04/RR1-G05-E01/negative/c03b-killed-battery-partial/evidence/R03_REGRESSION/R02/A05_A06/me-denied-after.sha256
7af243653386c909218c07d2d03b1e278950aff024a663c229507cfa7253ecc2  ??  artifacts/rust-tauri/R04/RR1-G05-E01/negative/c03b-killed-battery-partial/evidence/R03_REGRESSION/R02/A05_A06/me-denied-before.sha256
9901fa4939e8c0683cc392787126273c429530490fdebe18e68d1ad0c6fc2459  ??  artifacts/rust-tauri/R04/RR1-G05-E01/negative/c03b-killed-battery-partial/evidence/R03_REGRESSION/R02/A05_A06/sessions-list-matrix.json
c149a2f0568cd918aaa78b40266573bf73848674d3368ae0b021500252060bae  ??  artifacts/rust-tauri/R04/RR1-G05-E01/negative/c03b-killed-battery-partial/evidence/R03_REGRESSION/R02/A05_A06/state-after-authn.txt
f96004fc2211ee67f370c879f7138b6b8995b9a33f47597f0a409257caad9c90  ??  artifacts/rust-tauri/R04/RR1-G05-E01/negative/c03b-killed-battery-partial/evidence/R03_REGRESSION/R02/A05_A06/state-after.txt
c149a2f0568cd918aaa78b40266573bf73848674d3368ae0b021500252060bae  ??  artifacts/rust-tauri/R04/RR1-G05-E01/negative/c03b-killed-battery-partial/evidence/R03_REGRESSION/R02/A05_A06/state-before-authz.txt
c149a2f0568cd918aaa78b40266573bf73848674d3368ae0b021500252060bae  ??  artifacts/rust-tauri/R04/RR1-G05-E01/negative/c03b-killed-battery-partial/evidence/R03_REGRESSION/R02/A05_A06/state-before.txt
ffcd46cdce3bf1c18cf67a7faf6ee21b6b6f45c8e1784eb92fd23940e86ca7fc  ??  artifacts/rust-tauri/R04/RR1-G05-E01/negative/c03b-killed-battery-partial/evidence/R03_REGRESSION/R02/A05_A06/summary.txt
59f60244c9344bb64cb05709e7b2186e9f2e8fbfa7dd1856ea079f8adefb3330  ??  artifacts/rust-tauri/R04/RR1-G05-E01/negative/c03b-killed-battery-partial/evidence/R03_REGRESSION/R02/A05_A06/ws-matrix.json
18bf7cd232c054eb663db760bc00ccb33bea8988954e1a6ed02ed67ee2dee4b8  ??  artifacts/rust-tauri/R04/RR1-G05-E01/negative/c03b-killed-battery-partial/evidence/R03_REGRESSION/R02/A07_A08/last-db-hashes.txt
e613a984930f45c73fa5aa79af6955b0ac56faa30868e1da85d84a96a180eee3  ??  artifacts/rust-tauri/R04/RR1-G05-E01/negative/c03b-killed-battery-partial/evidence/R03_REGRESSION/R02/A07_A08/s1-counts-after-stop.json
6e11d3157e36f2f24de72943cc5df97aec8475c1e95a29c6fed9cc451e41da10  ??  artifacts/rust-tauri/R04/RR1-G05-E01/negative/c03b-killed-battery-partial/evidence/R03_REGRESSION/R02/A07_A08/s2-counts-after-crash.json
9210f81393f5be530b2931fe7c02037de32e49b04d8c0a6ae84b3582aaf1f7bb  ??  artifacts/rust-tauri/R04/RR1-G05-E01/negative/c03b-killed-battery-partial/evidence/R03_REGRESSION/R02/A07_A08/s2-runs-dump.jsonl
be6ca342fbdfbb256fd8539010e1d999ff216c158ed97863e6c5236d080cda3d  ??  artifacts/rust-tauri/R04/RR1-G05-E01/negative/c03b-killed-battery-partial/evidence/R03_REGRESSION/R02/A07_A08/s3-fault.err
e3b0c44298fc1c149afbf4c8996fb92427ae41e4649b934ca495991b7852b855  ??  artifacts/rust-tauri/R04/RR1-G05-E01/negative/c03b-killed-battery-partial/evidence/R03_REGRESSION/R02/A07_A08/s3-fault.out
549ab29b98693bc025527818ea49591f7a1297a26fb121f0e77f1fd285c8e7c5  ??  artifacts/rust-tauri/R04/RR1-G05-E01/negative/c03b-killed-battery-partial/evidence/R03_REGRESSION/R02/A07_A08/s4-hashes-after.txt
549ab29b98693bc025527818ea49591f7a1297a26fb121f0e77f1fd285c8e7c5  ??  artifacts/rust-tauri/R04/RR1-G05-E01/negative/c03b-killed-battery-partial/evidence/R03_REGRESSION/R02/A07_A08/s4-hashes-before.txt
33eef9ab7ab66655a9d22bbba0bc6a21c7b00a6efa38b6fc5713c0b208175a6d  ??  artifacts/rust-tauri/R04/RR1-G05-E01/negative/c03b-killed-battery-partial/evidence/R03_REGRESSION/R02/A07_A08/s4-migrations-round1.json
33eef9ab7ab66655a9d22bbba0bc6a21c7b00a6efa38b6fc5713c0b208175a6d  ??  artifacts/rust-tauri/R04/RR1-G05-E01/negative/c03b-killed-battery-partial/evidence/R03_REGRESSION/R02/A07_A08/s4-migrations-round2.json
33eef9ab7ab66655a9d22bbba0bc6a21c7b00a6efa38b6fc5713c0b208175a6d  ??  artifacts/rust-tauri/R04/RR1-G05-E01/negative/c03b-killed-battery-partial/evidence/R03_REGRESSION/R02/A07_A08/s4-migrations-round3.json
7e5839f5944547b4d2341f56a2ec77f73ff21073fbf3b79596e292878d6f0f64  ??  artifacts/rust-tauri/R04/RR1-G05-E01/negative/c03b-killed-battery-partial/evidence/R03_REGRESSION/R02/A07_A08/service-s1.err
f3647760ac25365ab82fbe1be1806e95c64a0947791adbb46ed8cca59ee6f40f  ??  artifacts/rust-tauri/R04/RR1-G05-E01/negative/c03b-killed-battery-partial/evidence/R03_REGRESSION/R02/A07_A08/service-s1.out
0ac7268bcc9c59f930bd9324f86eb59e34667ee8757e41136b9708e2cb663af2  ??  artifacts/rust-tauri/R04/RR1-G05-E01/negative/c03b-killed-battery-partial/evidence/R03_REGRESSION/R02/A07_A08/service-s1b.err
034f1b30346e09853ce57a0700bc87f3cde5af4ef36fea345f61716ecbd7d4e7  ??  artifacts/rust-tauri/R04/RR1-G05-E01/negative/c03b-killed-battery-partial/evidence/R03_REGRESSION/R02/A07_A08/service-s1b.out
947a7bc15cb13fd98428bd77eec9c2af256ec92836c1fc4a738ccedf355a0820  ??  artifacts/rust-tauri/R04/RR1-G05-E01/negative/c03b-killed-battery-partial/evidence/R03_REGRESSION/R02/A07_A08/service-s2.err
44c6243df4eec7450234604276c5a392d6f89a53eec296e0b2d80f80ba063b0a  ??  artifacts/rust-tauri/R04/RR1-G05-E01/negative/c03b-killed-battery-partial/evidence/R03_REGRESSION/R02/A07_A08/service-s2.out
84edcc0ef691738482260a67712c6471e488730478efb9a9a04d7afb7c1eaf52  ??  artifacts/rust-tauri/R04/RR1-G05-E01/negative/c03b-killed-battery-partial/evidence/R03_REGRESSION/R02/A07_A08/service-s2b.err
e331704043b810e023111a9d60ecaf7d28a8b819142168fe561ca7aee31008c6  ??  artifacts/rust-tauri/R04/RR1-G05-E01/negative/c03b-killed-battery-partial/evidence/R03_REGRESSION/R02/A07_A08/service-s2b.out
d71278aca14e1b7b7dc88fb7cd0617addf28d5210ba2a27d9001acb56b1c6880  ??  artifacts/rust-tauri/R04/RR1-G05-E01/negative/c03b-killed-battery-partial/evidence/R03_REGRESSION/R02/A07_A08/service-s4-1.err
138f9a02a850147a70edf315bf2dc230474de788e69a12b5f400a790f7a89e82  ??  artifacts/rust-tauri/R04/RR1-G05-E01/negative/c03b-killed-battery-partial/evidence/R03_REGRESSION/R02/A07_A08/service-s4-1.out
106f05080b1ec5d32d381965670619592233194ed57424cd748a3283d598968e  ??  artifacts/rust-tauri/R04/RR1-G05-E01/negative/c03b-killed-battery-partial/evidence/R03_REGRESSION/R02/A07_A08/service-s4-2.err
e8eb16ddb839ff5bb3cadd7419df984a3a7870916f430d241edae7ec5d7aaf40  ??  artifacts/rust-tauri/R04/RR1-G05-E01/negative/c03b-killed-battery-partial/evidence/R03_REGRESSION/R02/A07_A08/service-s4-2.out
038bc3442b6a51a51e8c51082008b7b798bdbe059bb4ffd37434f0839979ff82  ??  artifacts/rust-tauri/R04/RR1-G05-E01/negative/c03b-killed-battery-partial/evidence/R03_REGRESSION/R02/A07_A08/service-s4-3.err
f9779a3577ea335ff2f8bdd8e7f9c021be4b967bb0cff00784a964482c88c440  ??  artifacts/rust-tauri/R04/RR1-G05-E01/negative/c03b-killed-battery-partial/evidence/R03_REGRESSION/R02/A07_A08/service-s4-3.out
e07d746fdbe9d5dc0994e77fccdd83b71c33b4502c16b5be7c882c017de4e528  ??  artifacts/rust-tauri/R04/RR1-G05-E01/negative/c03b-killed-battery-partial/evidence/R03_REGRESSION/R02/A07_A08/service.addr
989a79756b30e5a86111f91c66fcd8ccd4136862dfcccbddcd70d17892a5f58b  ??  artifacts/rust-tauri/R04/RR1-G05-E01/negative/c03b-killed-battery-partial/evidence/R03_REGRESSION/R02/A07_A08/service.pid
1c42fa08a9ec39a4d1b77312f9a6bab7419b66327dad965e050fc487aef2b0f6  ??  artifacts/rust-tauri/R04/RR1-G05-E01/negative/c03b-killed-battery-partial/evidence/R03_REGRESSION/R02/A07_A08/summary.txt
dd63f79ce1a39fdef735dbb9eb292c3f8a45db77c2513d3cc7379e5dbe13749e  ??  artifacts/rust-tauri/R04/RR1-G05-E01/negative/c03b-killed-battery-partial/evidence/R03_REGRESSION/R02/A11/backup-restore/s1-backup-dir-listing.txt
77a512a159212302e7b092538055dea39232ef65b8019df9ca38f92fdb51b9a6  ??  artifacts/rust-tauri/R04/RR1-G05-E01/negative/c03b-killed-battery-partial/evidence/R03_REGRESSION/R02/A11/backup-restore/s1-backup-outcome.json
e3b0c44298fc1c149afbf4c8996fb92427ae41e4649b934ca495991b7852b855  ??  artifacts/rust-tauri/R04/RR1-G05-E01/negative/c03b-killed-battery-partial/evidence/R03_REGRESSION/R02/A11/backup-restore/s1-backup.err
11e35f3002f52709343d85deb7d78b8711bce51136714dd19548a1d06f1898f2  ??  artifacts/rust-tauri/R04/RR1-G05-E01/negative/c03b-killed-battery-partial/evidence/R03_REGRESSION/R02/A11/backup-restore/s1-restore-outcome.json
e3b0c44298fc1c149afbf4c8996fb92427ae41e4649b934ca495991b7852b855  ??  artifacts/rust-tauri/R04/RR1-G05-E01/negative/c03b-killed-battery-partial/evidence/R03_REGRESSION/R02/A11/backup-restore/s1-restore.err
4cb3cff071c663cf18a7b6e9f70b444c0af80ef1d2f0ccb0a53b86c2d37d3c9a  ??  artifacts/rust-tauri/R04/RR1-G05-E01/negative/c03b-killed-battery-partial/evidence/R03_REGRESSION/R02/A11/backup-restore/s1-restored-dump.jsonl
1b9b8208869806d8f600c4fb482767062df508e55396f775fbc63ab40208b63d  ??  artifacts/rust-tauri/R04/RR1-G05-E01/negative/c03b-killed-battery-partial/evidence/R03_REGRESSION/R02/A11/backup-restore/s1-restored-hash.txt
4cb3cff071c663cf18a7b6e9f70b444c0af80ef1d2f0ccb0a53b86c2d37d3c9a  ??  artifacts/rust-tauri/R04/RR1-G05-E01/negative/c03b-killed-battery-partial/evidence/R03_REGRESSION/R02/A11/backup-restore/s1-source-dump.jsonl
b1e042a1204fdc661938c194e757826f62a550ddee4abc076556b09af43f71f0  ??  artifacts/rust-tauri/R04/RR1-G05-E01/negative/c03b-killed-battery-partial/evidence/R03_REGRESSION/R02/A11/backup-restore/s1-source-hash.txt
951e1f2cedf4a978898a4f9e620777561b8381ece9faf4223f8594a201f47f74  ??  artifacts/rust-tauri/R04/RR1-G05-E01/negative/c03b-killed-battery-partial/evidence/R03_REGRESSION/R02/A11/backup-restore/s1-wal-size.txt
e3b0c44298fc1c149afbf4c8996fb92427ae41e4649b934ca495991b7852b855  ??  artifacts/rust-tauri/R04/RR1-G05-E01/negative/c03b-killed-battery-partial/evidence/R03_REGRESSION/R02/A11/backup-restore/s3-backup-out.json
79f83e81b9256fe6e765e78a2677cd1113999ce4633173fc1660af06c73ca9e3  ??  artifacts/rust-tauri/R04/RR1-G05-E01/negative/c03b-killed-battery-partial/evidence/R03_REGRESSION/R02/A11/backup-restore/s3-backup.err
9b33c4d50a9f7a0434980244454a85ce4288c7323241cf9ff22c50e6b8f8dd85  ??  artifacts/rust-tauri/R04/RR1-G05-E01/negative/c03b-killed-battery-partial/evidence/R03_REGRESSION/R02/A11/backup-restore/s4-ws-probe.json
a4c3ed04a95a3da14a9d235c83d868bed7c0f45cf7f3faa751ee8f50598d2211  ??  artifacts/rust-tauri/R04/RR1-G05-E01/negative/c03b-killed-battery-partial/evidence/R03_REGRESSION/R02/A11/backup-restore/s4-ws-probe.json.probe-done
e001ab36e1b5be57bcd8d1477b194c68679aafb1553b962195aafbe4c3072aca  ??  artifacts/rust-tauri/R04/RR1-G05-E01/negative/c03b-killed-battery-partial/evidence/R03_REGRESSION/R02/A11/backup-restore/service-s1.addr
222e1d8cacbd7d6baba792a7a72fe7771b1263a5b85cb4dc3895b3cf470b159c  ??  artifacts/rust-tauri/R04/RR1-G05-E01/negative/c03b-killed-battery-partial/evidence/R03_REGRESSION/R02/A11/backup-restore/service-s1.err
2ef5bab35ab23e741c0f8ed9c11823f381168189e8999c839a6eb2088f81bc2a  ??  artifacts/rust-tauri/R04/RR1-G05-E01/negative/c03b-killed-battery-partial/evidence/R03_REGRESSION/R02/A11/backup-restore/service-s1.out
d4ab7034ad99cb2becaa873b1665748c13797d736c37f2755b2861b10c5fd021  ??  artifacts/rust-tauri/R04/RR1-G05-E01/negative/c03b-killed-battery-partial/evidence/R03_REGRESSION/R02/A11/backup-restore/service-s2.addr
449acda0358145de284cd33063a70c44f8ae8cbf0924d883bc7b24f5cbe3ac19  ??  artifacts/rust-tauri/R04/RR1-G05-E01/negative/c03b-killed-battery-partial/evidence/R03_REGRESSION/R02/A11/backup-restore/service-s2.err
7ec00d0bb53660180c9d3c0f3e73faed4579cc33f81f022cfccd58d712930d49  ??  artifacts/rust-tauri/R04/RR1-G05-E01/negative/c03b-killed-battery-partial/evidence/R03_REGRESSION/R02/A11/backup-restore/service-s2.out
a61be3c6b0d410ec6f530a47f226851062c13f377ed6bac18d4fe045d75cb959  ??  artifacts/rust-tauri/R04/RR1-G05-E01/negative/c03b-killed-battery-partial/evidence/R03_REGRESSION/R02/A11/backup-restore/service-s4.addr
1d67a5bf77c5a82453bea8c8a0a53baa0aefd55fe8c1e4973080c04334da7256  ??  artifacts/rust-tauri/R04/RR1-G05-E01/negative/c03b-killed-battery-partial/evidence/R03_REGRESSION/R02/A11/backup-restore/service-s4.err
1745d9d24a820f019aeba2da5380c188a0dcc66dbb855a80e79919e296acee70  ??  artifacts/rust-tauri/R04/RR1-G05-E01/negative/c03b-killed-battery-partial/evidence/R03_REGRESSION/R02/A11/backup-restore/service-s4.out
c31fb8df3dee0a7e26e262808f1dfd9079ee3110acf64ff54c5bf650c3920926  ??  artifacts/rust-tauri/R04/RR1-G05-E01/negative/c03b-killed-battery-partial/evidence/R03_REGRESSION/R02/A11/backup-restore/service.pid
7e2e6b484a54ebaec859abb6fb4fe9137fea20c753555d04c9344a7601875172  ??  artifacts/rust-tauri/R04/RR1-G05-E01/negative/c03b-killed-battery-partial/evidence/R03_REGRESSION/R02/A11/backup-restore/summary.txt
10f348ded68be50b1cdf37ec8b125dac9b4fc48ff7e282a5fb42709d4a4528f0  ??  artifacts/rust-tauri/R04/RR1-G05-E01/negative/c03b-killed-battery-partial/evidence/R03_REGRESSION/R02/A12/recovery-drill/coexist-after.txt
10f348ded68be50b1cdf37ec8b125dac9b4fc48ff7e282a5fb42709d4a4528f0  ??  artifacts/rust-tauri/R04/RR1-G05-E01/negative/c03b-killed-battery-partial/evidence/R03_REGRESSION/R02/A12/recovery-drill/coexist-before.txt
3e8881f795df371ccd6852af64f93748c0db65055a62f6862442cbe230f89819  ??  artifacts/rust-tauri/R04/RR1-G05-E01/negative/c03b-killed-battery-partial/evidence/R03_REGRESSION/R02/A12/recovery-drill/own-created-homes.txt
0e0e6d91a7af6900004da1486fd5f59ea3b57f4f38b4946527c163dc75349cc1  ??  artifacts/rust-tauri/R04/RR1-G05-E01/negative/c03b-killed-battery-partial/evidence/R03_REGRESSION/R02/A12/recovery-drill/summary.txt
7b2f675d535131e9ee3b95eb996b520af42000b1efea572dc62eff72fd758a84  ??  artifacts/rust-tauri/R04/RR1-G05-E01/negative/c03b-killed-battery-partial/evidence/R03_REGRESSION/R02/A12/recovery-drill/v1-hashes-after.txt
7b2f675d535131e9ee3b95eb996b520af42000b1efea572dc62eff72fd758a84  ??  artifacts/rust-tauri/R04/RR1-G05-E01/negative/c03b-killed-battery-partial/evidence/R03_REGRESSION/R02/A12/recovery-drill/v1-hashes-before.txt
e27c2a12877c6b6850f9c082359a31935ff33968427b990c43177208321774b0  ??  artifacts/rust-tauri/R04/RR1-G05-E01/negative/c03b-killed-battery-partial/evidence/R03_REGRESSION/R02/A12/recovery-drill/v1.err
e3b0c44298fc1c149afbf4c8996fb92427ae41e4649b934ca495991b7852b855  ??  artifacts/rust-tauri/R04/RR1-G05-E01/negative/c03b-killed-battery-partial/evidence/R03_REGRESSION/R02/A12/recovery-drill/v1.out
fcb269f1fc43e20619871bab0f6e464d30773313e55b17f725fc62249ab521be  ??  artifacts/rust-tauri/R04/RR1-G05-E01/negative/c03b-killed-battery-partial/evidence/R03_REGRESSION/R02/A12/recovery-drill/v2-hashes-after.txt
fcb269f1fc43e20619871bab0f6e464d30773313e55b17f725fc62249ab521be  ??  artifacts/rust-tauri/R04/RR1-G05-E01/negative/c03b-killed-battery-partial/evidence/R03_REGRESSION/R02/A12/recovery-drill/v2-hashes-before.txt
356da247d01ec026819a17d27c67ae99cc74439d046d030e97d454bfeb438fab  ??  artifacts/rust-tauri/R04/RR1-G05-E01/negative/c03b-killed-battery-partial/evidence/R03_REGRESSION/R02/A12/recovery-drill/v2.err
e3b0c44298fc1c149afbf4c8996fb92427ae41e4649b934ca495991b7852b855  ??  artifacts/rust-tauri/R04/RR1-G05-E01/negative/c03b-killed-battery-partial/evidence/R03_REGRESSION/R02/A12/recovery-drill/v2.out
a33ffd69acb495d9a221778bb2317e4cef00e4d752d794b9c1267890666ec43d  ??  artifacts/rust-tauri/R04/RR1-G05-E01/negative/c03b-killed-battery-partial/evidence/R03_REGRESSION/R02/A12/recovery-drill/v3-hashes-after.txt
a33ffd69acb495d9a221778bb2317e4cef00e4d752d794b9c1267890666ec43d  ??  artifacts/rust-tauri/R04/RR1-G05-E01/negative/c03b-killed-battery-partial/evidence/R03_REGRESSION/R02/A12/recovery-drill/v3-hashes-before.txt
f4a3971533b7a444e1d11009bf2be7b3fd1365818b602ead2289173f0df2f574  ??  artifacts/rust-tauri/R04/RR1-G05-E01/negative/c03b-killed-battery-partial/evidence/R03_REGRESSION/R02/A12/recovery-drill/v3.err
e3b0c44298fc1c149afbf4c8996fb92427ae41e4649b934ca495991b7852b855  ??  artifacts/rust-tauri/R04/RR1-G05-E01/negative/c03b-killed-battery-partial/evidence/R03_REGRESSION/R02/A12/recovery-drill/v3.out
439a31781e198855a7632d27e1b53ed119dba971c28596518a001439b099cfff  ??  artifacts/rust-tauri/R04/RR1-G05-E01/negative/c03b-killed-battery-partial/evidence/R03_REGRESSION/R02/A12/recovery-drill/v4.err
9b3878c94d61c51c546e5e927ee01cceb227148a8a149fbc0f9dab9aa4d93909  ??  artifacts/rust-tauri/R04/RR1-G05-E01/negative/c03b-killed-battery-partial/evidence/R03_REGRESSION/R02/A12/recovery-drill/v4.out
cbe5777b58e33b1eff49bdd74f380fbc1902edc539d9c9261b391bb9b4049225  ??  artifacts/rust-tauri/R04/RR1-G05-E01/negative/c03b-killed-battery-partial/evidence/R03_REGRESSION/R02/A12/recovery-drill/v5-hashes-after.txt
cbe5777b58e33b1eff49bdd74f380fbc1902edc539d9c9261b391bb9b4049225  ??  artifacts/rust-tauri/R04/RR1-G05-E01/negative/c03b-killed-battery-partial/evidence/R03_REGRESSION/R02/A12/recovery-drill/v5-hashes-before.txt
e75c7714a5c9dbb8aa01cdb78de1b74c42887de8148e815d0ddfdca24e53d03d  ??  artifacts/rust-tauri/R04/RR1-G05-E01/negative/c03b-killed-battery-partial/evidence/R03_REGRESSION/R02/A12/recovery-drill/v5.err
e3b0c44298fc1c149afbf4c8996fb92427ae41e4649b934ca495991b7852b855  ??  artifacts/rust-tauri/R04/RR1-G05-E01/negative/c03b-killed-battery-partial/evidence/R03_REGRESSION/R02/A12/recovery-drill/v5.out
206c7b11b61f846d8082d4f040ac4de8825d1cde46e9e11b6cf9be73c8abe1c2  ??  artifacts/rust-tauri/R04/RR1-G05-E01/negative/c03b-killed-battery-partial/evidence/R03_REGRESSION/R02/A12/recovery-drill/v6-recovered-dump.jsonl
27badc983df1780b60c2b3fa9d3a19a00e46aac798451f0febdca52920faaddf  ??  artifacts/rust-tauri/R04/RR1-G05-E01/negative/c03b-killed-battery-partial/evidence/R03_REGRESSION/R02/A12/recovery-drill/v6-seed-execute.txt
83a9c9b6273f0e35f44bdca57ff33d33b94aa39e4d12484bf23d8ddfdbd5965e  ??  artifacts/rust-tauri/R04/RR1-G05-E01/negative/c03b-killed-battery-partial/evidence/R03_REGRESSION/R02/A12/recovery-drill/v6-seed.err
8f143eccae0d179d7a91e3dd6c7389ab1404f6f4db7d5f3167f53880d6b84c44  ??  artifacts/rust-tauri/R04/RR1-G05-E01/negative/c03b-killed-battery-partial/evidence/R03_REGRESSION/R02/A12/recovery-drill/v6-seed.out
7381bce6ef3ff603d209af043031c232201830edee136b95bb9393e280316511  ??  artifacts/rust-tauri/R04/RR1-G05-E01/negative/c03b-killed-battery-partial/evidence/R03_REGRESSION/R02/A12/recovery-drill/v6.err
3fc9cb34f1f6625a5dd95076e14ba54da65a366cdca40283d55c563435e04023  ??  artifacts/rust-tauri/R04/RR1-G05-E01/negative/c03b-killed-battery-partial/evidence/R03_REGRESSION/R02/A12/recovery-drill/v6.out
3674d4fe2c2adca79d62f6d6acd57edcd44f16e1eea2bbd656b8a04d29ba4448  ??  artifacts/rust-tauri/R04/RR1-G05-E01/negative/c03b-killed-battery-partial/evidence/R03_REGRESSION/R02/A12/recovery-drill/v7-hashes-after.txt
3674d4fe2c2adca79d62f6d6acd57edcd44f16e1eea2bbd656b8a04d29ba4448  ??  artifacts/rust-tauri/R04/RR1-G05-E01/negative/c03b-killed-battery-partial/evidence/R03_REGRESSION/R02/A12/recovery-drill/v7-hashes-before.txt
a6c63a379c4e9e8256f3221e5908f9a96a97b43b4b665f58b3c54c0ae9c1cf49  ??  artifacts/rust-tauri/R04/RR1-G05-E01/negative/c03b-killed-battery-partial/evidence/R03_REGRESSION/R02/A12/recovery-drill/v7-seed.err
3c2f89dc6936d8096efffc5c69c6880e4113310597dbe16393237b3ff08627e8  ??  artifacts/rust-tauri/R04/RR1-G05-E01/negative/c03b-killed-battery-partial/evidence/R03_REGRESSION/R02/A12/recovery-drill/v7-seed.out
a6b85a83aa56ec0d65ba767d3a39e035254d102ec2d44dbf3bc9a4e6905b90b9  ??  artifacts/rust-tauri/R04/RR1-G05-E01/negative/c03b-killed-battery-partial/evidence/R03_REGRESSION/R02/A12/recovery-drill/v7.err
e3b0c44298fc1c149afbf4c8996fb92427ae41e4649b934ca495991b7852b855  ??  artifacts/rust-tauri/R04/RR1-G05-E01/negative/c03b-killed-battery-partial/evidence/R03_REGRESSION/R02/A12/recovery-drill/v7.out
bec0457bad34c53a1a21f919bfa77f1b3cbd69107c9be641038afbd75dbac3e0  ??  artifacts/rust-tauri/R04/RR1-G05-E01/negative/c03b-killed-battery-partial/evidence/R03_REGRESSION/R02/A12/recovery-drill/v8-observed.err
eb7989662fd588434567add18e41747569332a6789c7f535abad981a546b5d64  ??  artifacts/rust-tauri/R04/RR1-G05-E01/negative/c03b-killed-battery-partial/evidence/R03_REGRESSION/R02/A12/recovery-drill/v8-seed.err
e6357510530482b669023e2926dba9336850f2a0e4822fcce6217e337d3a1754  ??  artifacts/rust-tauri/R04/RR1-G05-E01/negative/c03b-killed-battery-partial/evidence/R03_REGRESSION/R02/A12/recovery-drill/v8-seed.out
bec0457bad34c53a1a21f919bfa77f1b3cbd69107c9be641038afbd75dbac3e0  ??  artifacts/rust-tauri/R04/RR1-G05-E01/negative/c03b-killed-battery-partial/evidence/R03_REGRESSION/R02/A12/recovery-drill/v8.err
2964649d84c1c0783b300729c8c9ceb0c657b850dad894788c8c148f72abf1c5  ??  artifacts/rust-tauri/R04/RR1-G05-E01/negative/c03b-killed-battery-partial/evidence/R03_REGRESSION/R02/A12/recovery-drill/v8.out
7aa283d24b934c6ce4ec901f6eb4da1fffab5b4a4293ba698ab4b0d906a36170  ??  artifacts/rust-tauri/R04/RR1-G05-E01/negative/c03b-killed-battery-partial/evidence/R03_REGRESSION/R02/A15/full-chain/pre-restart-head.json
e3b0c44298fc1c149afbf4c8996fb92427ae41e4649b934ca495991b7852b855  ??  artifacts/rust-tauri/R04/RR1-G05-E01/negative/c03b-killed-battery-partial/evidence/R03_REGRESSION/R02/A15/full-chain/probe1.err
955b3ac8dd339696d9a64f47fa6c0acaa99a953401f3f1aec09a4f1f111acd50  ??  artifacts/rust-tauri/R04/RR1-G05-E01/negative/c03b-killed-battery-partial/evidence/R03_REGRESSION/R02/A15/full-chain/probe1.pass-lines
e3b0c44298fc1c149afbf4c8996fb92427ae41e4649b934ca495991b7852b855  ??  artifacts/rust-tauri/R04/RR1-G05-E01/negative/c03b-killed-battery-partial/evidence/R03_REGRESSION/R02/A15/full-chain/probe2.err
28a411dc95be7e6596d2954fdbecf8eb034d9f8dc1248ab1d111c07c1c218b89  ??  artifacts/rust-tauri/R04/RR1-G05-E01/negative/c03b-killed-battery-partial/evidence/R03_REGRESSION/R02/A15/full-chain/probe2.pass-lines
8d45df63e6dcb8823c5a41f2548b7d55f50ece19777e791630febc3bfbaefebb  ??  artifacts/rust-tauri/R04/RR1-G05-E01/negative/c03b-killed-battery-partial/evidence/R03_REGRESSION/R02/A15/full-chain/service1.err
c84ad84e8562f30f44f7d2c0bb01516e70c4ed68a24b0b7822fdda6bb8b5ba5d  ??  artifacts/rust-tauri/R04/RR1-G05-E01/negative/c03b-killed-battery-partial/evidence/R03_REGRESSION/R02/A15/full-chain/service1.out
4c06410d4b12e64c04c2afb56c584c5a5c00aa7cd6b606a248bae1ec93290a7f  ??  artifacts/rust-tauri/R04/RR1-G05-E01/negative/c03b-killed-battery-partial/evidence/R03_REGRESSION/R02/A15/full-chain/service2.err
e34d4d74b1935672c84ea0c7192527f68fe00c6a3ef8ba0011bb3f12af145567  ??  artifacts/rust-tauri/R04/RR1-G05-E01/negative/c03b-killed-battery-partial/evidence/R03_REGRESSION/R02/A15/full-chain/service2.out
50866bbcac654c0708e0bea1ed055d1fdce8e07c486f860685a45468ba18b735  ??  artifacts/rust-tauri/R04/RR1-G05-E01/negative/c03b-killed-battery-partial/evidence/R03_REGRESSION/R02/A15/full-chain/summary.txt
fc1360819498604605ab1ac3190b87869e7c2265a5d5a3d8ab67463802c21ab2  ??  artifacts/rust-tauri/R04/RR1-G05-E01/negative/c03b-killed-battery-partial/evidence/R03_REGRESSION/R02/A16/legacy-entry/e0-candidate-binding.tsv
ef89491cca744fcaca9d179db675040c8bbf12e5188d1dd0058f5f5e942194b3  ??  artifacts/rust-tauri/R04/RR1-G05-E01/negative/c03b-killed-battery-partial/evidence/R03_REGRESSION/R02/A16/legacy-entry/e0-candidate-dirty.diff
07928f6f2fa9308ce89583a7286891cebe58f0ebf70f569bbea2bec2ec7a6fcf  ??  artifacts/rust-tauri/R04/RR1-G05-E01/negative/c03b-killed-battery-partial/evidence/R03_REGRESSION/R02/A16/legacy-entry/e0-candidate-dirty.txt
3d463ab83879abf8c11dc8868a866ecf3b39d8629a24dc811f620f3e9a770129  ??  artifacts/rust-tauri/R04/RR1-G05-E01/negative/c03b-killed-battery-partial/evidence/R03_REGRESSION/R02/A16/legacy-entry/summary.txt
10a16641e3405663989bf586c36c94e6522cc9932c30df552a4cb308377a9676  ??  artifacts/rust-tauri/R04/RR1-G05-E01/negative/c03b-killed-battery-partial/evidence/R04_MATRIX/cases/a15-directory-claim-refused.json
09f385efaedc793ea498845967037cfcbfc0fe2c163104737d7ff99e880e98bc  ??  artifacts/rust-tauri/R04/RR1-G05-E01/negative/c03b-killed-battery-partial/evidence/R04_MATRIX/cases/a15-gateway-audit-directory-ref-failed.json
d0df7dade822790f5735f4ebef501e03b8aa905318cb8a60905b81715d427965  ??  artifacts/rust-tauri/R04/RR1-G05-E01/negative/c03b-killed-battery-partial/evidence/R04_MATRIX/cases/a15-gateway-audit-fake-ref-failed.json
a0800cd68927a3e79f38730d4c55036813c6947a5675713428917d03a1b44145  ??  artifacts/rust-tauri/R04/RR1-G05-E01/negative/c03b-killed-battery-partial/evidence/R04_MATRIX/cases/a15-gateway-audit-real-ref-passes.json
8f9b212963fdfce437456018df1536c00c82aa2118f3c3af37532e979ed04f2b  ??  artifacts/rust-tauri/R04/RR1-G05-E01/negative/c03b-killed-battery-partial/evidence/R04_MATRIX/cases/a15-missing-claim-refused.json
04245f14680505fadaf81819e4b39818cf0d629654f8733039a6ac2e8d68bb98  ??  artifacts/rust-tauri/R04/RR1-G05-E01/negative/c03b-killed-battery-partial/evidence/R04_MATRIX/cases/a15-out-of-grant-claim-refused.json
e4bb14f7a842ae22ee91e7b3bebdfcc5273aec1410f84eb90970f2bc4dc3fc91  ??  artifacts/rust-tauri/R04/RR1-G05-E01/negative/c03b-killed-battery-partial/evidence/R04_MATRIX/cases/a15-real-delivery-registered.json
6895d6a72b4da91d630223ce6ad2b8320db84534f721b5748ac0f487c1a29223  ??  artifacts/rust-tauri/R04/RR1-G05-E01/negative/c03b-killed-battery-partial/evidence/R04_MATRIX/cases/a15-structure-violation-refused.json
94c57b04cb80a3ce8932e58d775b4aaa85affa76e33e34512e4a0bc47ade49a9  ??  artifacts/rust-tauri/R04/RR1-G05-E01/negative/c03b-killed-battery-partial/evidence/R04_MATRIX/cases/a16-alias-route-covered.json
506ae3c069a2a967546a4ca114bf3e15abac6ebcdb0f7e35b359b12c1cde92b5  ??  artifacts/rust-tauri/R04/RR1-G05-E01/negative/c03b-killed-battery-partial/evidence/R04_MATRIX/cases/a16-history-preserved.json
901361017912bc20e016d13a2a4f8d701ddee123481ac52c440c176b6d9510aa  ??  artifacts/rust-tauri/R04/RR1-G05-E01/negative/c03b-killed-battery-partial/evidence/R04_MATRIX/cases/approval-answer-executes-once.json
bd45162c41ae2eec362f6f35bc50015ae2a8266f70ce5f91d5c45e5ad8053270  ??  artifacts/rust-tauri/R04/RR1-G05-E01/negative/c03b-killed-battery-partial/evidence/R04_MATRIX/cases/approval-duplicate-idempotent.json
bababcc7f3e64579d35c9259a419a674630e4e549217be76c41f04eda4f0bcdc  ??  artifacts/rust-tauri/R04/RR1-G05-E01/negative/c03b-killed-battery-partial/evidence/R04_MATRIX/cases/approval-reject-zero-dispatch.json
20fd6bee69494fece169e2b99ea1e3085ddffbb071d88ebc23f7dcaeb412c721  ??  artifacts/rust-tauri/R04/RR1-G05-E01/negative/c03b-killed-battery-partial/evidence/R04_MATRIX/cases/catalog-face-lists-mcp-tools-with-permission.json
a6740bd82388993cca6d0b79d294334e6ad84438d23b819303e84cb2670999df  ??  artifacts/rust-tauri/R04/RR1-G05-E01/negative/c03b-killed-battery-partial/evidence/R04_MATRIX/cases/future-tool-shape-ast_edit-discoverable-not-callable.json
821137c4819111c5cab65e31fe33146b843d4bc963a7ae66bf3c6139aab4dc68  ??  artifacts/rust-tauri/R04/RR1-G05-E01/negative/c03b-killed-battery-partial/evidence/R04_MATRIX/cases/future-tool-shape-ast_grep-discoverable-not-callable.json
9827cfcbf4ea963126bc89e02f8247506844fc54c5a0d9086547106cafdcdefd  ??  artifacts/rust-tauri/R04/RR1-G05-E01/negative/c03b-killed-battery-partial/evidence/R04_MATRIX/cases/future-tool-shape-file-discoverable-not-callable.json
cb8e2db3b924a24b0bf8d611b22015f3a2a10ccc3f6ee16a819bc9388379c7f3  ??  artifacts/rust-tauri/R04/RR1-G05-E01/negative/c03b-killed-battery-partial/evidence/R04_MATRIX/cases/future-tool-shape-find-discoverable-not-callable.json
1c192846cc1d07ba6864e5dd594b97a48f402ab5519fca2040ecc7edc3d3fd02  ??  artifacts/rust-tauri/R04/RR1-G05-E01/negative/c03b-killed-battery-partial/evidence/R04_MATRIX/cases/future-tool-shape-grep-discoverable-not-callable.json
bbe14f10f21cc0a2c306c3554804930c3bf5b13c66b6b90cf1c79b465e394c3b  ??  artifacts/rust-tauri/R04/RR1-G05-E01/negative/c03b-killed-battery-partial/evidence/R04_MATRIX/cases/future-tool-shape-ls-discoverable-not-callable.json
a9b97d5170fb12a3359bdde03aa8fdfc8fe089399cd5f1dc3810dacaf5ac5653  ??  artifacts/rust-tauri/R04/RR1-G05-E01/negative/c03b-killed-battery-partial/evidence/R04_MATRIX/cases/future-tool-shape-lsp-discoverable-not-callable.json
6bc884d530bd7615a63e4dd9241155689273f4f9c70ccc044e2d91afc8eba4f1  ??  artifacts/rust-tauri/R04/RR1-G05-E01/negative/c03b-killed-battery-partial/evidence/R04_MATRIX/cases/future-tool-shape-materialize-discoverable-not-callable.json
5904c81036b270e82834b8084ca4b8b9b4492957d7d3ac5a83328f9bdc84b538  ??  artifacts/rust-tauri/R04/RR1-G05-E01/negative/c03b-killed-battery-partial/evidence/R04_MATRIX/cases/future-tool-shape-run_code-discoverable-not-callable.json
c9d67aa6d2f3fce41a3a011e42ac47399824eae28c54e2b89cf0bdae0dbf8052  ??  artifacts/rust-tauri/R04/RR1-G05-E01/negative/c03b-killed-battery-partial/evidence/R04_MATRIX/cases/future-tool-shape-security_scan-discoverable-not-callable.json
6cf1880613144cb8b359bd1c195f561f79c42836315ec94767b2336f24a9b783  ??  artifacts/rust-tauri/R04/RR1-G05-E01/negative/c03b-killed-battery-partial/evidence/R04_MATRIX/cases/future-tool-shape-stage_files-discoverable-not-callable.json
87164a841282a81c7b614451f88f157e89c03336043524a16637aa848d201f59  ??  artifacts/rust-tauri/R04/RR1-G05-E01/negative/c03b-killed-battery-partial/evidence/R04_MATRIX/cases/gateway-each-call-independent-permission.json
7d3631b38221c7c56e5b77793921c4de3ab067e7097d1c77131e73a3dadb0ce5  ??  artifacts/rust-tauri/R04/RR1-G05-E01/negative/c03b-killed-battery-partial/evidence/R04_MATRIX/cases/matrix-lifecycle-disable-holes.json
52e2294d2db41ba60884ca74bedd63d9e196def8ea43623c327cf7579c72e6e0  ??  artifacts/rust-tauri/R04/RR1-G05-E01/negative/c03b-killed-battery-partial/evidence/R04_MATRIX/cases/matrix-lifecycle-generation-refusals.json
710d96abbd53795e2f40639001eee2454a6ce7e5a285c883f9cd62f1b58ebda9  ??  artifacts/rust-tauri/R04/RR1-G05-E01/negative/c03b-killed-battery-partial/evidence/R04_MATRIX/cases/matrix-lifecycle-uninstall-holes.json
23c16612d569bb60e563215b453c022203ab19f05298ce7c9a3fc080da10b7d2  ??  artifacts/rust-tauri/R04/RR1-G05-E01/negative/c03b-killed-battery-partial/evidence/R04_MATRIX/cases/matrix-permission-consistency.json
d475fb8c9114bfdf95de5cc202da903bf354241d13f071bce870d8ba2502fd60  ??  artifacts/rust-tauri/R04/RR1-G05-E01/negative/c03b-killed-battery-partial/evidence/R04_MATRIX/cases/matrix-route-consistency.json
2b451a4a1fd773fba2e107116235dd5f28a06d104c7f7450f221f662510fc070  ??  artifacts/rust-tauri/R04/RR1-G05-E01/negative/c03b-killed-battery-partial/evidence/R04_MATRIX/cases/matrix-tool-family-count.json
1e442f90436b22848aeb3329ce35c020def0d74ba7d6bbc49eb983573e8e708d  ??  artifacts/rust-tauri/R04/RR1-G05-E01/negative/c03b-killed-battery-partial/evidence/R04_MATRIX/cases/mcp-connector-catalog-sync.json
02be7eb700e551cb0a000177a0e033872c65ad8b5ef7f46d66c014ecf3fb7150  ??  artifacts/rust-tauri/R04/RR1-G05-E01/negative/c03b-killed-battery-partial/evidence/R04_MATRIX/cases/mcp-connector-register-handshake.json
905e6508c4c99929579667bd3184014916a117d7522917621f1aea839bdd039e  ??  artifacts/rust-tauri/R04/RR1-G05-E01/negative/c03b-killed-battery-partial/evidence/R04_MATRIX/cases/mcp-describe-real-identity.json
42c719e1d9f2fdae556b08414f6facea228b729210f804971fb1f41772e1ec5f  ??  artifacts/rust-tauri/R04/RR1-G05-E01/negative/c03b-killed-battery-partial/evidence/R04_MATRIX/cases/mcp-search-namespaced.json
dfbc531d38332ae34bc27eef48d7c96103f6f7b0cf55e51377608e95deffabc9  ??  artifacts/rust-tauri/R04/RR1-G05-E01/negative/c03b-killed-battery-partial/evidence/R04_MATRIX/cases/mcp-tool-call-full-chain.json
916eba77e6c3a4f9a8bf58bdf3a14d110fe9b75b22aa316ce7a47412c013fa04  ??  artifacts/rust-tauri/R04/RR1-G05-E01/negative/c03b-killed-battery-partial/evidence/R04_MATRIX/cases/mcp-tool-permission-face.json
c3f30127a40dfa980a32479cec6547074c067a4d8cd61e858b0aa7dc095455b3  ??  artifacts/rust-tauri/R04/RR1-G05-E01/negative/c03b-killed-battery-partial/evidence/R04_MATRIX/cases/permission-face-modes-verifiable.json
c51a56cfdce860c73de8e015f088d38b31bbf8e373a0dc6e1c8e43f9b5f80a2c  ??  artifacts/rust-tauri/R04/RR1-G05-E01/negative/c03b-killed-battery-partial/evidence/R04_MATRIX/cases/preauthorization-single-session-scoped.json
eefd602104c2c290f3a2704acec9cf3923cbf072e0e9ac1e5dad4b1103794f05  ??  artifacts/rust-tauri/R04/RR1-G05-E01/negative/c03b-killed-battery-partial/evidence/R04_MATRIX/cases/semantics-cancel-leaves-no-fabricated-receipt.json
1c8fced2b48030b05d00ab397c3aa0470c4f068287f841b1c7e53778b43e038d  ??  artifacts/rust-tauri/R04/RR1-G05-E01/negative/c03b-killed-battery-partial/evidence/R04_MATRIX/cases/semantics-failed-never-dispatched-receipt.json
220379bb262285fad8e6314d35a23f12ba26fcb0e501fe2431141c1a4d28a5a2  ??  artifacts/rust-tauri/R04/RR1-G05-E01/negative/c03b-killed-battery-partial/evidence/R04_MATRIX/cases/semantics-success-receipt-dispatched.json
8337cc9f0c6c3a4eeb0b4beb6ff1d93acd40878d92c9f16c4649942469017888  ??  artifacts/rust-tauri/R04/RR1-G05-E01/negative/c03b-killed-battery-partial/evidence/R04_MATRIX/cases/semantics-unknown-receipt-honest.json
cb89e56a59ac812a63576832232489b328ac7abf8041df762e7b1af1e2caa95d  ??  artifacts/rust-tauri/R04/RR1-G05-E01/negative/c03b-killed-battery-partial/evidence/R04_MATRIX/cases/sup01-ask-subagent-write-refused.json
1b21930f6737d6935a82328d4afb7b4fd7b439c107b48d01b29e4cdfa7399015  ??  artifacts/rust-tauri/R04/RR1-G05-E01/negative/c03b-killed-battery-partial/evidence/R04_MATRIX/cases/terminal-close-stops-terminal.json
59095540a473b474ab918f20eb08986f6bbb6cbfd08c49b9810963ae37407de5  ??  artifacts/rust-tauri/R04/RR1-G05-E01/negative/c03b-killed-battery-partial/evidence/R04_MATRIX/cases/terminal-snapshot-current-transcript.json
004a41eae978391bad56ebe5c3e6d2ced1a2c02eda01a37f79abc8867cb5a063  ??  artifacts/rust-tauri/R04/RR1-G05-E01/negative/c03b-killed-battery-partial/evidence/R04_MATRIX/cases/terminal-tail-cursor-continuation.json
16870fec4c31cd9e67e56d3328c74d20f9213a2e96113c28be3d7f7fe0d28979  ??  artifacts/rust-tauri/R04/RR1-G05-E01/negative/c03b-killed-battery-partial/evidence/R04_MATRIX/cases/tool-edit-conflict-preserves-user-version.json
bb810a38ce8bfbcafc0d64e1fc2831a08e952dfdc4a057fd99166ef589df1032  ??  artifacts/rust-tauri/R04/RR1-G05-E01/negative/c03b-killed-battery-partial/evidence/R04_MATRIX/cases/tool-edit-real-chain.json
bec2c6d085918085fb7eb01f8ec54ea53681b68aa489b59bc0a8e9b272c5c02e  ??  artifacts/rust-tauri/R04/RR1-G05-E01/negative/c03b-killed-battery-partial/evidence/R04_MATRIX/cases/tool-exec-cancel-cleanup.json
c0341bc7ba746aaa51754e5650264b1d7d55e93d55ea2a03df67769834825bcc  ??  artifacts/rust-tauri/R04/RR1-G05-E01/negative/c03b-killed-battery-partial/evidence/R04_MATRIX/cases/tool-exec-command-real-chain.json
e990fcd2da49cb923f667ea1714cfea3f69c8f3bd0002416761b93ab35d87ec3  ??  artifacts/rust-tauri/R04/RR1-G05-E01/negative/c03b-killed-battery-partial/evidence/R04_MATRIX/cases/tool-read-real-chain.json
ea288f832ccf584b20e6d0ef80d0116568fd2c989aff55d985adce98266f5f62  ??  artifacts/rust-tauri/R04/RR1-G05-E01/negative/c03b-killed-battery-partial/evidence/R04_MATRIX/cases/tool-write-real-chain.json
52e2d9bbf2b9890f5b4d03bf7c27cfb6c82322790e254fc813b47b7f093d939f  ??  artifacts/rust-tauri/R04/RR1-G05-E01/negative/c03b-killed-battery-partial/evidence/R04_MATRIX/cases/tool-write-stdin-continuation.json
83f514b83ad20e51f11205b345ebcce85d4423a69379cb2a9804c8ceaf07a027  ??  artifacts/rust-tauri/R04/RR1-G05-E01/negative/c03b-killed-battery-partial/evidence/R04_MATRIX/cases/tool-write-stdin-foreign-writes.json
c471fa08013c67ab99fb67a5e4e430f83cfc349758cdc601fb53e35b1ee28397  ??  artifacts/rust-tauri/R04/RR1-G05-E01/negative/c03b-killed-battery-partial/evidence/R04_MATRIX/leaf-cases.json
1dbc5972065a848f6d2d8456df0891660c2c695ca72f24c3d4bd7fde395b462e  ??  artifacts/rust-tauri/R04/RR1-G05-E01/negative/c03b-killed-battery-partial/evidence/R04_MATRIX/matrix-counts.json
814516da5a440d3048e0d91264b14796ba6c568851e0dc18eccbd2ea0091bd04  ??  artifacts/rust-tauri/R04/RR1-G05-E01/negative/c03b-killed-battery-partial/evidence/R04_MATRIX/summary.txt
4355a46b19d348dc2f57c046f8ef63d4538ebb936000f3c9ee954a27460dd865  ??  artifacts/rust-tauri/R04/RR1-G05-E01/negative/c03b-killed-battery-partial/exit-code.txt
4355a46b19d348dc2f57c046f8ef63d4538ebb936000f3c9ee954a27460dd865  ??  artifacts/rust-tauri/R04/RR1-G05-E01/negative/c03b-killed-battery-partial/midrun-change-applied.txt
f5b0981175fe9bd307c7bb4e8dcb8490cfa58585d62d9c3e2f7eb03e4e875e54  ??  artifacts/rust-tauri/R04/RR1-G05-E01/negative/c03b-midrun-input-change/evidence/R03_REGRESSION/A15/cases/background-run-completes-decoupled.json
fda5f46e011354371ff149d97818d48d3b78dca205e17e8a7b39dba1cb4013e6  ??  artifacts/rust-tauri/R04/RR1-G05-E01/negative/c03b-midrun-input-change/evidence/R03_REGRESSION/A15/cases/background-survives-unrelated-cancel.json
92eebd1162583e5ed42a8e61a80b5c84e94753ed6562c35c930ebb65f6e23f01  ??  artifacts/rust-tauri/R04/RR1-G05-E01/negative/c03b-midrun-input-change/evidence/R03_REGRESSION/A15/cases/cancel-live-run-accepted-terminal-cancelled.json
edc380e78d3b8f95b51f12c2bbfcb702760327da3f20bd6c9f456b5c7e0934de  ??  artifacts/rust-tauri/R04/RR1-G05-E01/negative/c03b-midrun-input-change/evidence/R03_REGRESSION/A15/cases/cancel-terminal-run-already-terminal.json
e320e539d701e4f285fcff1a42629b28016fa5f103e77fccb5c1ddf921155742  ??  artifacts/rust-tauri/R04/RR1-G05-E01/negative/c03b-midrun-input-change/evidence/R03_REGRESSION/A15/cases/cancel-unknown-run-not-found.json
a513a19cd5ca9bc857d2e01c9be7ec61e3e5677e7d1948db618b31fb7aba127a  ??  artifacts/rust-tauri/R04/RR1-G05-E01/negative/c03b-midrun-input-change/evidence/R03_REGRESSION/A15/cases/cancel-waiting-approval-cancels-cleanly.json
602b436fbd1f0de778ca086853030197fe28a3fde1a5f694ebea64e4f8779c8a  ??  artifacts/rust-tauri/R04/RR1-G05-E01/negative/c03b-midrun-input-change/evidence/R03_REGRESSION/A15/cases/combo-cancel-stream-terminal-cancelled.json
b24ff9cdbb08092492dd68815bdf3c4a6f38c8e2a42cd79c30abbfcacdfef745  ??  artifacts/rust-tauri/R04/RR1-G05-E01/negative/c03b-midrun-input-change/evidence/R03_REGRESSION/A15/cases/combo-crash-recovery-honest-interrupted.json
d9e8dea9429b0f0c9fc86be7f31dcd96b4b227e1174dcdea6d1f00b177ec2987  ??  artifacts/rust-tauri/R04/RR1-G05-E01/negative/c03b-midrun-input-change/evidence/R03_REGRESSION/A15/cases/combo-cross-session-both-complete.json
106bebd1aa293f120bb83f22b33de1e19ae817a4963587e2ee17be8731293349  ??  artifacts/rust-tauri/R04/RR1-G05-E01/negative/c03b-midrun-input-change/evidence/R03_REGRESSION/A15/cases/combo-duplicate-conflict-rejected.json
eafb37ffcb4d76d45d58a64d80d9ef413064c1f979d64ba1cc2e609d147963fc  ??  artifacts/rust-tauri/R04/RR1-G05-E01/negative/c03b-midrun-input-change/evidence/R03_REGRESSION/A15/cases/combo-duplicate-replay-no-second-run.json
346e6cb6ae16f125e4bbfdbf24d2bbcf63c92fa9642b2676fa06a78bfa1e8fdb  ??  artifacts/rust-tauri/R04/RR1-G05-E01/negative/c03b-midrun-input-change/evidence/R03_REGRESSION/A15/cases/combo-events-subscriber-saw-terminal.json
97a0c8f8404d1c042f8f7efd240d5d5f5446103b21bcccf9c5c90461b6082043  ??  artifacts/rust-tauri/R04/RR1-G05-E01/negative/c03b-midrun-input-change/evidence/R03_REGRESSION/A15/cases/combo-multi-tool-three-calls.json
aa936466e694a90f4087b7ae928f7c9b96ae1450073774fcb29d177dfa59c7b6  ??  artifacts/rust-tauri/R04/RR1-G05-E01/negative/c03b-midrun-input-change/evidence/R03_REGRESSION/A15/cases/combo-multi-turn-one-terminal.json
f7bdd9e301d37d6a062e13225cfc84d7e96c1f88cd75d34e300ab00dd0fad0a0  ??  artifacts/rust-tauri/R04/RR1-G05-E01/negative/c03b-midrun-input-change/evidence/R03_REGRESSION/A15/cases/combo-normal-run-completed.json
51d8bd26cb2f29bee74097b5ef9a36e3389a56a1c7127e86fa36d75a8106659e  ??  artifacts/rust-tauri/R04/RR1-G05-E01/negative/c03b-midrun-input-change/evidence/R03_REGRESSION/A15/cases/combo-out-of-order-late-result-fenced.json
e18f1fcb5cc4af47da6184707fb88e0c0ed656f1fafffe8020a3001c9826c931  ??  artifacts/rust-tauri/R04/RR1-G05-E01/negative/c03b-midrun-input-change/evidence/R03_REGRESSION/A15/cases/combo-timeout-budget-loud-failure.json
ccbc0f5c630f404851ca1c561fd5c73421ba9b217ceeff29973b263f05e30888  ??  artifacts/rust-tauri/R04/RR1-G05-E01/negative/c03b-midrun-input-change/evidence/R03_REGRESSION/A15/cases/parent-cancel-stops-child-run.json
d72d7e1151ea38a4eeb9ad435aa66dc376039e41ff714f9f550e1f2c8934585a  ??  artifacts/rust-tauri/R04/RR1-G05-E01/negative/c03b-midrun-input-change/evidence/R03_REGRESSION/A15/cases/reconnect-resume-no-model-restart.json
5d89ed42d309bfcfd13956b901f209eb432200e88c2ae1eea74d6eaffe625b2a  ??  artifacts/rust-tauri/R04/RR1-G05-E01/negative/c03b-midrun-input-change/evidence/R03_REGRESSION/A15/cases/steer-busy-accepted.json
360ccd0c00f5114974f5f2967860d1c339a2e2baa808a2f5dca49f334fe0d386  ??  artifacts/rust-tauri/R04/RR1-G05-E01/negative/c03b-midrun-input-change/evidence/R03_REGRESSION/A15/cases/steer-idle-miss.json
d00e58227225a313e612b18019d7f95a07382b0426ab7fbeb39bc4b05b740cc5  ??  artifacts/rust-tauri/R04/RR1-G05-E01/negative/c03b-midrun-input-change/evidence/R03_REGRESSION/A15/cases/steer-text-drained-into-model-input.json
1d91fbec57470aebfedf338d49c5109fdd0216e02d720737ed53335eb06ae4c8  ??  artifacts/rust-tauri/R04/RR1-G05-E01/negative/c03b-midrun-input-change/evidence/R03_REGRESSION/A15/cases/subagent-child-cancel-stops-child-only.json
25c6b5b26b72b0a4408db94f4f0e40b77faa84d32ccfeaffaf04e29fb20c07c9  ??  artifacts/rust-tauri/R04/RR1-G05-E01/negative/c03b-midrun-input-change/evidence/R03_REGRESSION/A15/cases/subagent-close-thread-closed-status.json
c8d7de61de38e7dfa38ea3376602da5c50882e6d6238c3a1ff61b6ac7df04418  ??  artifacts/rust-tauri/R04/RR1-G05-E01/negative/c03b-midrun-input-change/evidence/R03_REGRESSION/A15/cases/subagent-dispatch-child-lineage-recorded.json
dce5bbb9b54961ee64c8634f90f4f2600975918f6a2590b57b7b28dd425016bd  ??  artifacts/rust-tauri/R04/RR1-G05-E01/negative/c03b-midrun-input-change/evidence/R03_REGRESSION/A15/cases/subagent-escalation-write-denied-zero-children.json
dcd19d358a8a5e560042eee304f1f5460d1c79ba1a64d611fb1007b830562010  ??  artifacts/rust-tauri/R04/RR1-G05-E01/negative/c03b-midrun-input-change/evidence/R03_REGRESSION/A15/cases/subagent-policy-proactive-delegation-default-off.json
ffef3903ae224f661b415622ed9c76da5e265c01a9c15b867f429c1f6d10ef15  ??  artifacts/rust-tauri/R04/RR1-G05-E01/negative/c03b-midrun-input-change/evidence/R03_REGRESSION/A15/cases/subagent-reply-continues-thread.json
d097c60f1416e1febc17bd0959b1c9252ca9be86b6a1e982d42d9240a38b107e  ??  artifacts/rust-tauri/R04/RR1-G05-E01/negative/c03b-midrun-input-change/evidence/R03_REGRESSION/A15/combo-counts.json
4c56fd82542a56017ef5e59d3b0c9752ede52032f31f31c24c2de458153ad296  ??  artifacts/rust-tauri/R04/RR1-G05-E01/negative/c03b-midrun-input-change/evidence/R03_REGRESSION/A15/combos/cancel-approval-wait.json
f861ce9b1dbe64f781134bae916b9c8f2503f4ad8572e98bfc18d180a4e35e33  ??  artifacts/rust-tauri/R04/RR1-G05-E01/negative/c03b-midrun-input-change/evidence/R03_REGRESSION/A15/combos/cancel-stream-read.json
76b74d822e65d068718af971eb29865cc4891a50d128a35b0bc955cc3b6b65a2  ??  artifacts/rust-tauri/R04/RR1-G05-E01/negative/c03b-midrun-input-change/evidence/R03_REGRESSION/A15/combos/crash-recovery.json
ef5545b54a472c39f9b09d995f9ba2e3671618a56d4de3eb7fe4fad24d81f22b  ??  artifacts/rust-tauri/R04/RR1-G05-E01/negative/c03b-midrun-input-change/evidence/R03_REGRESSION/A15/combos/cross-session-parallel.json
7f7fd9a6f050ba6811d5b1d7313d11473f92089a4ec0fd2335779e99b59cdaa1  ??  artifacts/rust-tauri/R04/RR1-G05-E01/negative/c03b-midrun-input-change/evidence/R03_REGRESSION/A15/combos/duplicate-submission.json
fc9b468ae0f2bd2cfff1a3ead3ba02756e59e73dc0c0a0ebb5142456d1ae38a8  ??  artifacts/rust-tauri/R04/RR1-G05-E01/negative/c03b-midrun-input-change/evidence/R03_REGRESSION/A15/combos/leaf-parent-cancel.json
a59635405b3569b1c0c950cb282ecf3749923b36c6b1b5e4d3d21fc3f4458102  ??  artifacts/rust-tauri/R04/RR1-G05-E01/negative/c03b-midrun-input-change/evidence/R03_REGRESSION/A15/combos/leaf-steer.json
fd60e4ca043c4073ddf838b3f0fe918436ede45ff7765efc8f1cad42821186f4  ??  artifacts/rust-tauri/R04/RR1-G05-E01/negative/c03b-midrun-input-change/evidence/R03_REGRESSION/A15/combos/multi-tool.json
075cad25ce0207f3b49138b8d415d0db78da1005207b2f64d282b478bffa44ae  ??  artifacts/rust-tauri/R04/RR1-G05-E01/negative/c03b-midrun-input-change/evidence/R03_REGRESSION/A15/combos/multi-turn-model.json
f94832aef81d68346dd1b25b1ad7312d6bc141a69a616a218b640aa170fbebcb  ??  artifacts/rust-tauri/R04/RR1-G05-E01/negative/c03b-midrun-input-change/evidence/R03_REGRESSION/A15/combos/normal.json
44f5b48c4f288ee214f7053e16857997f1fb66a6be241466141301a16c6872e7  ??  artifacts/rust-tauri/R04/RR1-G05-E01/negative/c03b-midrun-input-change/evidence/R03_REGRESSION/A15/combos/timeout-budget.json
505ecfbac3942739846be3a188cabea9d26c9641628253767c5457bdff2ab44f  ??  artifacts/rust-tauri/R04/RR1-G05-E01/negative/c03b-midrun-input-change/evidence/R03_REGRESSION/A15/leaf-cases.json
e5d7d468d76fefaca846cba19b6791e7d1569f209256489ddb9d80c4fc491a58  ??  artifacts/rust-tauri/R04/RR1-G05-E01/negative/c03b-midrun-input-change/evidence/R03_REGRESSION/A15/summary.txt
9a652a14c5a43c20164935bd4963aa32c2a32445a13a91c504c563352517c3b7  ??  artifacts/rust-tauri/R04/RR1-G05-E01/negative/c03b-midrun-input-change/evidence/R03_REGRESSION/A16/captured-seed.txt
9a652a14c5a43c20164935bd4963aa32c2a32445a13a91c504c563352517c3b7  ??  artifacts/rust-tauri/R04/RR1-G05-E01/negative/c03b-midrun-input-change/evidence/R03_REGRESSION/A16/p2-captured-seed-attempt-0.txt
9a652a14c5a43c20164935bd4963aa32c2a32445a13a91c504c563352517c3b7  ??  artifacts/rust-tauri/R04/RR1-G05-E01/negative/c03b-midrun-input-change/evidence/R03_REGRESSION/A16/p3-replay-1-seed.txt
9a652a14c5a43c20164935bd4963aa32c2a32445a13a91c504c563352517c3b7  ??  artifacts/rust-tauri/R04/RR1-G05-E01/negative/c03b-midrun-input-change/evidence/R03_REGRESSION/A16/p3-replay-2-seed.txt
3fd4aaf96fe0793daf71f6aa3f52fa6c74856c7ddd31d414962724cf4df651d5  ??  artifacts/rust-tauri/R04/RR1-G05-E01/negative/c03b-midrun-input-change/evidence/R03_REGRESSION/A16/seed-mechanism.json
7d823ecd2fe778be4bc9ccdeaa060189bb8c8a9e8bd9737f51cb16fbd9b11f68  ??  artifacts/rust-tauri/R04/RR1-G05-E01/negative/c03b-midrun-input-change/evidence/R03_REGRESSION/A16/summary.txt
5f7ef4991d4afea16fd8cd437d0e0b02f6b194f957746a7850b621807b94391e  ??  artifacts/rust-tauri/R04/RR1-G05-E01/negative/c03b-midrun-input-change/evidence/R03_REGRESSION/G07_REPAIR/cases.jsonl
e3b0c44298fc1c149afbf4c8996fb92427ae41e4649b934ca495991b7852b855  ??  artifacts/rust-tauri/R04/RR1-G05-E01/negative/c03b-midrun-input-change/evidence/R03_REGRESSION/G07_REPAIR/gaps.txt
1f29d43f2cf02b52219bc351e44642ea8aea0b0d413dd9064dac814574a7deff  ??  artifacts/rust-tauri/R04/RR1-G05-E01/negative/c03b-midrun-input-change/evidence/R03_REGRESSION/G07_REPAIR/repair-cases.json
26a0ff2a5dac57c3ecace1b420b6db3294c9ca2c6c05f2a0406edb8b700f1679  ??  artifacts/rust-tauri/R04/RR1-G05-E01/negative/c03b-midrun-input-change/evidence/R03_REGRESSION/G07_REPAIR/summary.txt
08391f7c7f024a55987ced795b114391a03faa45c48ae6ba4ed16d64cd8a7ccc  ??  artifacts/rust-tauri/R04/RR1-G05-E01/negative/c03b-midrun-input-change/evidence/R03_REGRESSION/R02/A05_A06/.last-body
1319bbe558a1a9043433da92529bc8c24d2b6fbcabc962836a938e946e273399  ??  artifacts/rust-tauri/R04/RR1-G05-E01/negative/c03b-midrun-input-change/evidence/R03_REGRESSION/R02/A05_A06/body-limit.txt
c0c19dff508a998f0c6e1fbf2643c2d78647cd6495bc53c57d2566877a3abc0b  ??  artifacts/rust-tauri/R04/RR1-G05-E01/negative/c03b-midrun-input-change/evidence/R03_REGRESSION/R02/A05_A06/cli-sessions-limit-case.json
dbc4cc84579c1ef3a12d67ff91b1fab7451cebe99a914b9cacb2feffb4954221  ??  artifacts/rust-tauri/R04/RR1-G05-E01/negative/c03b-midrun-input-change/evidence/R03_REGRESSION/R02/A05_A06/creds-after-authz.json
7d16cddf91818e83858d27033602c0584f0843016cac46c3798a732084c3ec8c  ??  artifacts/rust-tauri/R04/RR1-G05-E01/negative/c03b-midrun-input-change/evidence/R03_REGRESSION/R02/A05_A06/creds-before-authz.json
b7c4a54a1d4481679ff791aa3b659a7fa1b64bc619e7611327d1e2102a3f1166  ??  artifacts/rust-tauri/R04/RR1-G05-E01/negative/c03b-midrun-input-change/evidence/R03_REGRESSION/R02/A05_A06/devices-after-authz.json
4af029e0b015a0f6a9757ab41fddac6ac97de2cad380c085c7131171ff666925  ??  artifacts/rust-tauri/R04/RR1-G05-E01/negative/c03b-midrun-input-change/evidence/R03_REGRESSION/R02/A05_A06/devices-before-authz.json
82452320a4967fd6286b1e6865400f1edb8602098e83df946d18fbf895bec284  ??  artifacts/rust-tauri/R04/RR1-G05-E01/negative/c03b-midrun-input-change/evidence/R03_REGRESSION/R02/A05_A06/leaf-cases.json
bb8c76ff4510bd16e1b2fc4626c7b87a68e2f2ae779207baa395aaabb66eb018  ??  artifacts/rust-tauri/R04/RR1-G05-E01/negative/c03b-midrun-input-change/evidence/R03_REGRESSION/R02/A05_A06/leaf-cases.ndjson
95bcae63915cd87dbc45c47fcd84a08514464825cd8ae80d9d72a0c38dce836a  ??  artifacts/rust-tauri/R04/RR1-G05-E01/negative/c03b-midrun-input-change/evidence/R03_REGRESSION/R02/A05_A06/me-denied-after.sha256
95bcae63915cd87dbc45c47fcd84a08514464825cd8ae80d9d72a0c38dce836a  ??  artifacts/rust-tauri/R04/RR1-G05-E01/negative/c03b-midrun-input-change/evidence/R03_REGRESSION/R02/A05_A06/me-denied-before.sha256
9901fa4939e8c0683cc392787126273c429530490fdebe18e68d1ad0c6fc2459  ??  artifacts/rust-tauri/R04/RR1-G05-E01/negative/c03b-midrun-input-change/evidence/R03_REGRESSION/R02/A05_A06/sessions-list-matrix.json
6af431cb45648b796e3650895f0127e329d46286d345fc2fe82e71f973869375  ??  artifacts/rust-tauri/R04/RR1-G05-E01/negative/c03b-midrun-input-change/evidence/R03_REGRESSION/R02/A05_A06/state-after-authn.txt
ca5eddcf4ebca73fafa52286fe8ceb15b52e32d06d3d56bc2df42ee1d9e0877d  ??  artifacts/rust-tauri/R04/RR1-G05-E01/negative/c03b-midrun-input-change/evidence/R03_REGRESSION/R02/A05_A06/state-after.txt
6af431cb45648b796e3650895f0127e329d46286d345fc2fe82e71f973869375  ??  artifacts/rust-tauri/R04/RR1-G05-E01/negative/c03b-midrun-input-change/evidence/R03_REGRESSION/R02/A05_A06/state-before-authz.txt
6af431cb45648b796e3650895f0127e329d46286d345fc2fe82e71f973869375  ??  artifacts/rust-tauri/R04/RR1-G05-E01/negative/c03b-midrun-input-change/evidence/R03_REGRESSION/R02/A05_A06/state-before.txt
ef08be9b13b397b305cba6023253336cde9083ac4f4c41c961098b8d17d6084d  ??  artifacts/rust-tauri/R04/RR1-G05-E01/negative/c03b-midrun-input-change/evidence/R03_REGRESSION/R02/A05_A06/summary.txt
af936e93c23be12941decd9b7895cc50e41767c97057f712e6a2522c7cc33b29  ??  artifacts/rust-tauri/R04/RR1-G05-E01/negative/c03b-midrun-input-change/evidence/R03_REGRESSION/R02/A05_A06/ws-matrix.json
17b2d18b24caefb99a658cf90f5f8b600e20fd3dd127f002b86ae6b7804e703d  ??  artifacts/rust-tauri/R04/RR1-G05-E01/negative/c03b-midrun-input-change/evidence/R03_REGRESSION/R02/A07_A08/last-db-hashes.txt
e613a984930f45c73fa5aa79af6955b0ac56faa30868e1da85d84a96a180eee3  ??  artifacts/rust-tauri/R04/RR1-G05-E01/negative/c03b-midrun-input-change/evidence/R03_REGRESSION/R02/A07_A08/s1-counts-after-stop.json
6e11d3157e36f2f24de72943cc5df97aec8475c1e95a29c6fed9cc451e41da10  ??  artifacts/rust-tauri/R04/RR1-G05-E01/negative/c03b-midrun-input-change/evidence/R03_REGRESSION/R02/A07_A08/s2-counts-after-crash.json
7d50519f36f8be38cc97d94262b9ec540313bddf6b638b42c1a117cbd41ee7dc  ??  artifacts/rust-tauri/R04/RR1-G05-E01/negative/c03b-midrun-input-change/evidence/R03_REGRESSION/R02/A07_A08/s2-runs-dump.jsonl
8d65745c94e22426639749737521b97cbb2d06e6c21533e88b9cc939ea911a86  ??  artifacts/rust-tauri/R04/RR1-G05-E01/negative/c03b-midrun-input-change/evidence/R03_REGRESSION/R02/A07_A08/s3-fault.err
e3b0c44298fc1c149afbf4c8996fb92427ae41e4649b934ca495991b7852b855  ??  artifacts/rust-tauri/R04/RR1-G05-E01/negative/c03b-midrun-input-change/evidence/R03_REGRESSION/R02/A07_A08/s3-fault.out
cc4b0fb2903bcd346d608e88a489a40d8ba22116b5b99e305252c21983de792f  ??  artifacts/rust-tauri/R04/RR1-G05-E01/negative/c03b-midrun-input-change/evidence/R03_REGRESSION/R02/A07_A08/s4-hashes-after.txt
cc4b0fb2903bcd346d608e88a489a40d8ba22116b5b99e305252c21983de792f  ??  artifacts/rust-tauri/R04/RR1-G05-E01/negative/c03b-midrun-input-change/evidence/R03_REGRESSION/R02/A07_A08/s4-hashes-before.txt
0d66a272899fd7b5f11384527d68340881c4dc68122e48dc06463a1949f41acd  ??  artifacts/rust-tauri/R04/RR1-G05-E01/negative/c03b-midrun-input-change/evidence/R03_REGRESSION/R02/A07_A08/s4-migrations-round1.json
0d66a272899fd7b5f11384527d68340881c4dc68122e48dc06463a1949f41acd  ??  artifacts/rust-tauri/R04/RR1-G05-E01/negative/c03b-midrun-input-change/evidence/R03_REGRESSION/R02/A07_A08/s4-migrations-round2.json
0d66a272899fd7b5f11384527d68340881c4dc68122e48dc06463a1949f41acd  ??  artifacts/rust-tauri/R04/RR1-G05-E01/negative/c03b-midrun-input-change/evidence/R03_REGRESSION/R02/A07_A08/s4-migrations-round3.json
ce50cc7c86c4c5d9684e7de5feea8009e3441abee7b943955a4b54bdde5987a4  ??  artifacts/rust-tauri/R04/RR1-G05-E01/negative/c03b-midrun-input-change/evidence/R03_REGRESSION/R02/A07_A08/service-s1.err
6b53594cf4e66b552b46d6bb75b2e1567edb9561038d6089415db1764d72dfe1  ??  artifacts/rust-tauri/R04/RR1-G05-E01/negative/c03b-midrun-input-change/evidence/R03_REGRESSION/R02/A07_A08/service-s1.out
59410e808cfc80f8385e39c3c7ce59c88a3826f1ecdc0d00ecdaeacfc771a243  ??  artifacts/rust-tauri/R04/RR1-G05-E01/negative/c03b-midrun-input-change/evidence/R03_REGRESSION/R02/A07_A08/service-s1b.err
9fc3859780dec88926f06d2e3677f664e14d2c72213fdf9cdb1dd01ec5f80866  ??  artifacts/rust-tauri/R04/RR1-G05-E01/negative/c03b-midrun-input-change/evidence/R03_REGRESSION/R02/A07_A08/service-s1b.out
b3ca9f4273fcdd9aba5a981bd8f85a2e18e70af0593b9497bba09318c8758bab  ??  artifacts/rust-tauri/R04/RR1-G05-E01/negative/c03b-midrun-input-change/evidence/R03_REGRESSION/R02/A07_A08/service-s2.err
e7b1894f163df57f85fed63f40269520b20d266f6277fba8e4aadf912ccc5fb3  ??  artifacts/rust-tauri/R04/RR1-G05-E01/negative/c03b-midrun-input-change/evidence/R03_REGRESSION/R02/A07_A08/service-s2.out
246ec78c901e295470335507b01e13b1a505c0c22472b8e346685fb93d68ad7c  ??  artifacts/rust-tauri/R04/RR1-G05-E01/negative/c03b-midrun-input-change/evidence/R03_REGRESSION/R02/A07_A08/service-s2b.err
849f38dcaf790b2ba50ffdb9f59ea8b6afed69420c65e80af692413a1cc43cd9  ??  artifacts/rust-tauri/R04/RR1-G05-E01/negative/c03b-midrun-input-change/evidence/R03_REGRESSION/R02/A07_A08/service-s2b.out
0887e03d0a677c4ee7147af1a0f3e729110b230b7767408894c07c5538428e8e  ??  artifacts/rust-tauri/R04/RR1-G05-E01/negative/c03b-midrun-input-change/evidence/R03_REGRESSION/R02/A07_A08/service-s4-1.err
91db67a368f969fd86e4dc6475e1168d2502874e0350609d15c175808d9bc91a  ??  artifacts/rust-tauri/R04/RR1-G05-E01/negative/c03b-midrun-input-change/evidence/R03_REGRESSION/R02/A07_A08/service-s4-1.out
ea5e0a1e12ec099f6f41f63b5814c4e6f796a4e1ee8e7b27c1063995e589ea62  ??  artifacts/rust-tauri/R04/RR1-G05-E01/negative/c03b-midrun-input-change/evidence/R03_REGRESSION/R02/A07_A08/service-s4-2.err
45ad449343f6cfad421790b9eb3795a550892be124e4adbf855f4334cd686c48  ??  artifacts/rust-tauri/R04/RR1-G05-E01/negative/c03b-midrun-input-change/evidence/R03_REGRESSION/R02/A07_A08/service-s4-2.out
da59e804cdd82b530b4d88061d6637db26bd7a4e2bf10d6a83b948fd19a3901a  ??  artifacts/rust-tauri/R04/RR1-G05-E01/negative/c03b-midrun-input-change/evidence/R03_REGRESSION/R02/A07_A08/service-s4-3.err
a1730b1ea4ee8a08c30f55f59c5be4a9dc91a9c2f037b85acd0db279b79cc52c  ??  artifacts/rust-tauri/R04/RR1-G05-E01/negative/c03b-midrun-input-change/evidence/R03_REGRESSION/R02/A07_A08/service-s4-3.out
369508b8871cfda9b51a5968d622bab4c5fd268a5f16c67233db6a714dfca86d  ??  artifacts/rust-tauri/R04/RR1-G05-E01/negative/c03b-midrun-input-change/evidence/R03_REGRESSION/R02/A07_A08/service.addr
f66d6fef536fa076d4f8ce476d76e8999d4fb6484c4b025aab59503d618e6f33  ??  artifacts/rust-tauri/R04/RR1-G05-E01/negative/c03b-midrun-input-change/evidence/R03_REGRESSION/R02/A07_A08/service.pid
1c42fa08a9ec39a4d1b77312f9a6bab7419b66327dad965e050fc487aef2b0f6  ??  artifacts/rust-tauri/R04/RR1-G05-E01/negative/c03b-midrun-input-change/evidence/R03_REGRESSION/R02/A07_A08/summary.txt
b56a642e507be422738434167ad0a129d3a4805f35468ce687848e1dd6cab785  ??  artifacts/rust-tauri/R04/RR1-G05-E01/negative/c03b-midrun-input-change/evidence/R03_REGRESSION/R02/A09_A10/a09-merged-view.json
88df3c2613adc4aba1043bedcf7654877e93abae3be5ebaca1802b6671e8349c  ??  artifacts/rust-tauri/R04/RR1-G05-E01/negative/c03b-midrun-input-change/evidence/R03_REGRESSION/R02/A09_A10/a10-rebuild-diff.json
53c87c0adce831135a046af5a6bc2381057ac640fdc1100c468154976a1f4119  ??  artifacts/rust-tauri/R04/RR1-G05-E01/negative/c03b-midrun-input-change/evidence/R03_REGRESSION/R02/A09_A10/key-events-dump.json
5d0120feb03dc708e919f84c43c5c3b0f83c3566b3ab011999c00e871032a2d2  ??  artifacts/rust-tauri/R04/RR1-G05-E01/negative/c03b-midrun-input-change/evidence/R03_REGRESSION/R02/A09_A10/matrix.json
75ae56c991343a464ad86123e525ebcf81b6b164f7f26a803addadf8e139703d  ??  artifacts/rust-tauri/R04/RR1-G05-E01/negative/c03b-midrun-input-change/evidence/R03_REGRESSION/R02/A09_A10/probe-matrix.jsonl
1290bcd0b57addf7fb1311dc9d162e09b6fa99440d83e2ee6a3be69f5d18ec25  ??  artifacts/rust-tauri/R04/RR1-G05-E01/negative/c03b-midrun-input-change/evidence/R03_REGRESSION/R02/A09_A10/service.err
0a53d71cb9884cf1cb87ab822cbf1dca84d5a48ae2cede3a7acdb4bba125879d  ??  artifacts/rust-tauri/R04/RR1-G05-E01/negative/c03b-midrun-input-change/evidence/R03_REGRESSION/R02/A09_A10/service.out
4e8f42520fc319007af73c3b9f3e39de5d67f68f0c672007ad747628988a3f95  ??  artifacts/rust-tauri/R04/RR1-G05-E01/negative/c03b-midrun-input-change/evidence/R03_REGRESSION/R02/A09_A10/summary.txt
dd63f79ce1a39fdef735dbb9eb292c3f8a45db77c2513d3cc7379e5dbe13749e  ??  artifacts/rust-tauri/R04/RR1-G05-E01/negative/c03b-midrun-input-change/evidence/R03_REGRESSION/R02/A11/backup-restore/s1-backup-dir-listing.txt
3cd30692815d9ca73d68585940e01f9118013ed0f9154e0360f17aa7f450e083  ??  artifacts/rust-tauri/R04/RR1-G05-E01/negative/c03b-midrun-input-change/evidence/R03_REGRESSION/R02/A11/backup-restore/s1-backup-outcome.json
e3b0c44298fc1c149afbf4c8996fb92427ae41e4649b934ca495991b7852b855  ??  artifacts/rust-tauri/R04/RR1-G05-E01/negative/c03b-midrun-input-change/evidence/R03_REGRESSION/R02/A11/backup-restore/s1-backup.err
24a9248f74080f3807248d58b1eb003ef8177c95c5f9a884127a91997e750a5d  ??  artifacts/rust-tauri/R04/RR1-G05-E01/negative/c03b-midrun-input-change/evidence/R03_REGRESSION/R02/A11/backup-restore/s1-restore-outcome.json
e3b0c44298fc1c149afbf4c8996fb92427ae41e4649b934ca495991b7852b855  ??  artifacts/rust-tauri/R04/RR1-G05-E01/negative/c03b-midrun-input-change/evidence/R03_REGRESSION/R02/A11/backup-restore/s1-restore.err
f5087a8761b094d8602638f137bf9bc40c9b33c85cae19818c689f5fef4013ca  ??  artifacts/rust-tauri/R04/RR1-G05-E01/negative/c03b-midrun-input-change/evidence/R03_REGRESSION/R02/A11/backup-restore/s1-restored-dump.jsonl
8010f147e0f450f7aef00a37235c09b20a169c3f27773cd70eb88ce61cb6a9a4  ??  artifacts/rust-tauri/R04/RR1-G05-E01/negative/c03b-midrun-input-change/evidence/R03_REGRESSION/R02/A11/backup-restore/s1-restored-hash.txt
f5087a8761b094d8602638f137bf9bc40c9b33c85cae19818c689f5fef4013ca  ??  artifacts/rust-tauri/R04/RR1-G05-E01/negative/c03b-midrun-input-change/evidence/R03_REGRESSION/R02/A11/backup-restore/s1-source-dump.jsonl
4bfc4091cdc744775b7c8eb29ea434e2805775045ff2ef369fd60d0e97c3e7c6  ??  artifacts/rust-tauri/R04/RR1-G05-E01/negative/c03b-midrun-input-change/evidence/R03_REGRESSION/R02/A11/backup-restore/s1-source-hash.txt
951e1f2cedf4a978898a4f9e620777561b8381ece9faf4223f8594a201f47f74  ??  artifacts/rust-tauri/R04/RR1-G05-E01/negative/c03b-midrun-input-change/evidence/R03_REGRESSION/R02/A11/backup-restore/s1-wal-size.txt
e3b0c44298fc1c149afbf4c8996fb92427ae41e4649b934ca495991b7852b855  ??  artifacts/rust-tauri/R04/RR1-G05-E01/negative/c03b-midrun-input-change/evidence/R03_REGRESSION/R02/A11/backup-restore/s3-backup-out.json
2e0d849a6bea6490b030f972c73ecd2c50f82e738a6b4efe22ca7d828f138264  ??  artifacts/rust-tauri/R04/RR1-G05-E01/negative/c03b-midrun-input-change/evidence/R03_REGRESSION/R02/A11/backup-restore/s3-backup.err
9b33c4d50a9f7a0434980244454a85ce4288c7323241cf9ff22c50e6b8f8dd85  ??  artifacts/rust-tauri/R04/RR1-G05-E01/negative/c03b-midrun-input-change/evidence/R03_REGRESSION/R02/A11/backup-restore/s4-ws-probe.json
a4c3ed04a95a3da14a9d235c83d868bed7c0f45cf7f3faa751ee8f50598d2211  ??  artifacts/rust-tauri/R04/RR1-G05-E01/negative/c03b-midrun-input-change/evidence/R03_REGRESSION/R02/A11/backup-restore/s4-ws-probe.json.probe-done
70b41fbb1fdaa29259ddde9e29eaa1b48ff0e7df6c4816767f01f77c2c1749df  ??  artifacts/rust-tauri/R04/RR1-G05-E01/negative/c03b-midrun-input-change/evidence/R03_REGRESSION/R02/A11/backup-restore/service-s1.addr
c815502ba0d75e4cd23c48d02ff131f4664f59b2c57d7e96b0728a8335f3ba7b  ??  artifacts/rust-tauri/R04/RR1-G05-E01/negative/c03b-midrun-input-change/evidence/R03_REGRESSION/R02/A11/backup-restore/service-s1.err
571c99e24d229c195c4f0193a7adc07a8cce6f21f1591425cd0e8609bd2b5d9a  ??  artifacts/rust-tauri/R04/RR1-G05-E01/negative/c03b-midrun-input-change/evidence/R03_REGRESSION/R02/A11/backup-restore/service-s1.out
04207b863833d990541a56fc26ec881b41077302c687ea17902e18bf8fcb1c22  ??  artifacts/rust-tauri/R04/RR1-G05-E01/negative/c03b-midrun-input-change/evidence/R03_REGRESSION/R02/A11/backup-restore/service-s2.addr
79761cb563181790ccf921b0740f6ce256b6f657304867ab7776bc0ab26d6a13  ??  artifacts/rust-tauri/R04/RR1-G05-E01/negative/c03b-midrun-input-change/evidence/R03_REGRESSION/R02/A11/backup-restore/service-s2.err
7b5c202ab380f692f7bc809e012e664bedc29d06e829dda370d1470639e995c8  ??  artifacts/rust-tauri/R04/RR1-G05-E01/negative/c03b-midrun-input-change/evidence/R03_REGRESSION/R02/A11/backup-restore/service-s2.out
ade49bf8e58c28a985236b66815780d207de974246027a61a4fa0a62bd1c2498  ??  artifacts/rust-tauri/R04/RR1-G05-E01/negative/c03b-midrun-input-change/evidence/R03_REGRESSION/R02/A11/backup-restore/service-s4.addr
fc975ca03d73b4f4c592fd3819fe6cade33c9e0b81df3c0be778e474e55ca0b0  ??  artifacts/rust-tauri/R04/RR1-G05-E01/negative/c03b-midrun-input-change/evidence/R03_REGRESSION/R02/A11/backup-restore/service-s4.err
9868c95abbacea3336d943e67e6b79af2dd9cca5d1083bb7a60ba2aebfcb2bc1  ??  artifacts/rust-tauri/R04/RR1-G05-E01/negative/c03b-midrun-input-change/evidence/R03_REGRESSION/R02/A11/backup-restore/service-s4.out
4ac53951f0ca9f7e19950ec8781fa16e0a27e0d68f81f0fde82c06954727400d  ??  artifacts/rust-tauri/R04/RR1-G05-E01/negative/c03b-midrun-input-change/evidence/R03_REGRESSION/R02/A11/backup-restore/service.pid
7e2e6b484a54ebaec859abb6fb4fe9137fea20c753555d04c9344a7601875172  ??  artifacts/rust-tauri/R04/RR1-G05-E01/negative/c03b-midrun-input-change/evidence/R03_REGRESSION/R02/A11/backup-restore/summary.txt
fedb57e1044591fa10136322add1c0e0029f8553c8f135545d69b51391fdd051  ??  artifacts/rust-tauri/R04/RR1-G05-E01/negative/c03b-midrun-input-change/evidence/R03_REGRESSION/R02/A12/recovery-drill/coexist-after.txt
fedb57e1044591fa10136322add1c0e0029f8553c8f135545d69b51391fdd051  ??  artifacts/rust-tauri/R04/RR1-G05-E01/negative/c03b-midrun-input-change/evidence/R03_REGRESSION/R02/A12/recovery-drill/coexist-before.txt
9d511a603e0d6fef058715e9fe31d4d48e5e6092efac6e73b259989d0732629b  ??  artifacts/rust-tauri/R04/RR1-G05-E01/negative/c03b-midrun-input-change/evidence/R03_REGRESSION/R02/A12/recovery-drill/own-created-homes.txt
0e0e6d91a7af6900004da1486fd5f59ea3b57f4f38b4946527c163dc75349cc1  ??  artifacts/rust-tauri/R04/RR1-G05-E01/negative/c03b-midrun-input-change/evidence/R03_REGRESSION/R02/A12/recovery-drill/summary.txt
7b2f675d535131e9ee3b95eb996b520af42000b1efea572dc62eff72fd758a84  ??  artifacts/rust-tauri/R04/RR1-G05-E01/negative/c03b-midrun-input-change/evidence/R03_REGRESSION/R02/A12/recovery-drill/v1-hashes-after.txt
7b2f675d535131e9ee3b95eb996b520af42000b1efea572dc62eff72fd758a84  ??  artifacts/rust-tauri/R04/RR1-G05-E01/negative/c03b-midrun-input-change/evidence/R03_REGRESSION/R02/A12/recovery-drill/v1-hashes-before.txt
267ae3f6ad6ea78d484fa1a69563b7b53b3c44fee08c0cebb19cc846f15ad0d5  ??  artifacts/rust-tauri/R04/RR1-G05-E01/negative/c03b-midrun-input-change/evidence/R03_REGRESSION/R02/A12/recovery-drill/v1.err
e3b0c44298fc1c149afbf4c8996fb92427ae41e4649b934ca495991b7852b855  ??  artifacts/rust-tauri/R04/RR1-G05-E01/negative/c03b-midrun-input-change/evidence/R03_REGRESSION/R02/A12/recovery-drill/v1.out
fcb269f1fc43e20619871bab0f6e464d30773313e55b17f725fc62249ab521be  ??  artifacts/rust-tauri/R04/RR1-G05-E01/negative/c03b-midrun-input-change/evidence/R03_REGRESSION/R02/A12/recovery-drill/v2-hashes-after.txt
fcb269f1fc43e20619871bab0f6e464d30773313e55b17f725fc62249ab521be  ??  artifacts/rust-tauri/R04/RR1-G05-E01/negative/c03b-midrun-input-change/evidence/R03_REGRESSION/R02/A12/recovery-drill/v2-hashes-before.txt
45a79980f3294b0e1f8835dc47e4d3431332006298c53d8171c75f034636cf40  ??  artifacts/rust-tauri/R04/RR1-G05-E01/negative/c03b-midrun-input-change/evidence/R03_REGRESSION/R02/A12/recovery-drill/v2.err
e3b0c44298fc1c149afbf4c8996fb92427ae41e4649b934ca495991b7852b855  ??  artifacts/rust-tauri/R04/RR1-G05-E01/negative/c03b-midrun-input-change/evidence/R03_REGRESSION/R02/A12/recovery-drill/v2.out
a33ffd69acb495d9a221778bb2317e4cef00e4d752d794b9c1267890666ec43d  ??  artifacts/rust-tauri/R04/RR1-G05-E01/negative/c03b-midrun-input-change/evidence/R03_REGRESSION/R02/A12/recovery-drill/v3-hashes-after.txt
a33ffd69acb495d9a221778bb2317e4cef00e4d752d794b9c1267890666ec43d  ??  artifacts/rust-tauri/R04/RR1-G05-E01/negative/c03b-midrun-input-change/evidence/R03_REGRESSION/R02/A12/recovery-drill/v3-hashes-before.txt
957f5077f2a005c86a76b90812e0d30fc944e35c846d6b786a2f6aaf13d5afec  ??  artifacts/rust-tauri/R04/RR1-G05-E01/negative/c03b-midrun-input-change/evidence/R03_REGRESSION/R02/A12/recovery-drill/v3.err
e3b0c44298fc1c149afbf4c8996fb92427ae41e4649b934ca495991b7852b855  ??  artifacts/rust-tauri/R04/RR1-G05-E01/negative/c03b-midrun-input-change/evidence/R03_REGRESSION/R02/A12/recovery-drill/v3.out
13e2bc6c45872a6d730261f48459e5e870de6c9a119c0b3ade8ee3666f68662f  ??  artifacts/rust-tauri/R04/RR1-G05-E01/negative/c03b-midrun-input-change/evidence/R03_REGRESSION/R02/A12/recovery-drill/v4.err
f74fd9612a50f2a0cb3fe3996b091dab4e1df7164819e85ccc4480fb7f45a481  ??  artifacts/rust-tauri/R04/RR1-G05-E01/negative/c03b-midrun-input-change/evidence/R03_REGRESSION/R02/A12/recovery-drill/v4.out
09930dbb748b513322783ed00c13620438f1c8d99af770ca0e0d1962b1cf6607  ??  artifacts/rust-tauri/R04/RR1-G05-E01/negative/c03b-midrun-input-change/evidence/R03_REGRESSION/R02/A12/recovery-drill/v5-hashes-after.txt
09930dbb748b513322783ed00c13620438f1c8d99af770ca0e0d1962b1cf6607  ??  artifacts/rust-tauri/R04/RR1-G05-E01/negative/c03b-midrun-input-change/evidence/R03_REGRESSION/R02/A12/recovery-drill/v5-hashes-before.txt
d456179b0aea7d98a35d99c0595ba934e44f42fdb098b2667129358ca8c306b3  ??  artifacts/rust-tauri/R04/RR1-G05-E01/negative/c03b-midrun-input-change/evidence/R03_REGRESSION/R02/A12/recovery-drill/v5.err
e3b0c44298fc1c149afbf4c8996fb92427ae41e4649b934ca495991b7852b855  ??  artifacts/rust-tauri/R04/RR1-G05-E01/negative/c03b-midrun-input-change/evidence/R03_REGRESSION/R02/A12/recovery-drill/v5.out
fb5554e4196b4fc761738db9c53cef3f4bbb5c904d25f017abc553e52efeeeeb  ??  artifacts/rust-tauri/R04/RR1-G05-E01/negative/c03b-midrun-input-change/evidence/R03_REGRESSION/R02/A12/recovery-drill/v6-recovered-dump.jsonl
27badc983df1780b60c2b3fa9d3a19a00e46aac798451f0febdca52920faaddf  ??  artifacts/rust-tauri/R04/RR1-G05-E01/negative/c03b-midrun-input-change/evidence/R03_REGRESSION/R02/A12/recovery-drill/v6-seed-execute.txt
1e5f7e3d4f39a45ec550d3c00e82d9b6dac96da4a7539cb6b1ec18138c0162f3  ??  artifacts/rust-tauri/R04/RR1-G05-E01/negative/c03b-midrun-input-change/evidence/R03_REGRESSION/R02/A12/recovery-drill/v6-seed.err
e6b491f55762471f40cfe9ec19e53093c1f8cef1e935b7c310dd5e6157836267  ??  artifacts/rust-tauri/R04/RR1-G05-E01/negative/c03b-midrun-input-change/evidence/R03_REGRESSION/R02/A12/recovery-drill/v6-seed.out
fbb7c86484ae938cb6cb0fd097db2f97736e7dfdf12e1c4680e9a542fb2b5257  ??  artifacts/rust-tauri/R04/RR1-G05-E01/negative/c03b-midrun-input-change/evidence/R03_REGRESSION/R02/A12/recovery-drill/v6.err
961f22d65e4c26872cb4b3c27256b9c078aebd8b707ed20b67c6474179b21495  ??  artifacts/rust-tauri/R04/RR1-G05-E01/negative/c03b-midrun-input-change/evidence/R03_REGRESSION/R02/A12/recovery-drill/v6.out
4c7bcea3ad40de8242986dda96450232438e68985599373a50ec2c7b5ade296a  ??  artifacts/rust-tauri/R04/RR1-G05-E01/negative/c03b-midrun-input-change/evidence/R03_REGRESSION/R02/A12/recovery-drill/v7-hashes-after.txt
4c7bcea3ad40de8242986dda96450232438e68985599373a50ec2c7b5ade296a  ??  artifacts/rust-tauri/R04/RR1-G05-E01/negative/c03b-midrun-input-change/evidence/R03_REGRESSION/R02/A12/recovery-drill/v7-hashes-before.txt
df1c8a304154de23a68bdda3e71e7835e3c040f70f8751754c1aecb447d086ad  ??  artifacts/rust-tauri/R04/RR1-G05-E01/negative/c03b-midrun-input-change/evidence/R03_REGRESSION/R02/A12/recovery-drill/v7-seed.err
6a5e48d0f34be622d25d0fd90b78d83731321ada504fc16a3512af03f2abebfa  ??  artifacts/rust-tauri/R04/RR1-G05-E01/negative/c03b-midrun-input-change/evidence/R03_REGRESSION/R02/A12/recovery-drill/v7-seed.out
d6d2478ca15f597582e1a2db9e27e82fd0fa2beddc1f5388bc6dd53dad3a77a6  ??  artifacts/rust-tauri/R04/RR1-G05-E01/negative/c03b-midrun-input-change/evidence/R03_REGRESSION/R02/A12/recovery-drill/v7.err
e3b0c44298fc1c149afbf4c8996fb92427ae41e4649b934ca495991b7852b855  ??  artifacts/rust-tauri/R04/RR1-G05-E01/negative/c03b-midrun-input-change/evidence/R03_REGRESSION/R02/A12/recovery-drill/v7.out
0b9dfb187705cc8001a603140fc3b535f5c7f273040f97176e45ed6e54263976  ??  artifacts/rust-tauri/R04/RR1-G05-E01/negative/c03b-midrun-input-change/evidence/R03_REGRESSION/R02/A12/recovery-drill/v8-observed.err
ea69670050653cff88ed1e41ac56699d012f027b13cb0a46b7e684543952e1f9  ??  artifacts/rust-tauri/R04/RR1-G05-E01/negative/c03b-midrun-input-change/evidence/R03_REGRESSION/R02/A12/recovery-drill/v8-seed.err
96f69400425c8405bdd30f842875da8bfc4b8fdd8c88f67c6d8bf6dd2fc1e4b2  ??  artifacts/rust-tauri/R04/RR1-G05-E01/negative/c03b-midrun-input-change/evidence/R03_REGRESSION/R02/A12/recovery-drill/v8-seed.out
0b9dfb187705cc8001a603140fc3b535f5c7f273040f97176e45ed6e54263976  ??  artifacts/rust-tauri/R04/RR1-G05-E01/negative/c03b-midrun-input-change/evidence/R03_REGRESSION/R02/A12/recovery-drill/v8.err
36ec93db4a4ee6f15ecd46670095782f80635ac1bf9f3a4c9e5adbd37126f0b3  ??  artifacts/rust-tauri/R04/RR1-G05-E01/negative/c03b-midrun-input-change/evidence/R03_REGRESSION/R02/A12/recovery-drill/v8.out
c505918980f08efcc901682f9462b9868a0f3dab8f0264c5e81acfbabf2cca2f  ??  artifacts/rust-tauri/R04/RR1-G05-E01/negative/c03b-midrun-input-change/evidence/R03_REGRESSION/R02/A15/full-chain/pre-restart-head.json
e3b0c44298fc1c149afbf4c8996fb92427ae41e4649b934ca495991b7852b855  ??  artifacts/rust-tauri/R04/RR1-G05-E01/negative/c03b-midrun-input-change/evidence/R03_REGRESSION/R02/A15/full-chain/probe1.err
893f1ff87d71bba8211eef072b07bdf4adca3ec7c81f02e9e72c22d56eeed4d6  ??  artifacts/rust-tauri/R04/RR1-G05-E01/negative/c03b-midrun-input-change/evidence/R03_REGRESSION/R02/A15/full-chain/probe1.pass-lines
e3b0c44298fc1c149afbf4c8996fb92427ae41e4649b934ca495991b7852b855  ??  artifacts/rust-tauri/R04/RR1-G05-E01/negative/c03b-midrun-input-change/evidence/R03_REGRESSION/R02/A15/full-chain/probe2.err
28a411dc95be7e6596d2954fdbecf8eb034d9f8dc1248ab1d111c07c1c218b89  ??  artifacts/rust-tauri/R04/RR1-G05-E01/negative/c03b-midrun-input-change/evidence/R03_REGRESSION/R02/A15/full-chain/probe2.pass-lines
dfc1a039376bb151f03a3ff4d5d819a0755d6fc67ecdc336a05af37d4d742ccc  ??  artifacts/rust-tauri/R04/RR1-G05-E01/negative/c03b-midrun-input-change/evidence/R03_REGRESSION/R02/A15/full-chain/service1.err
6fd630abf1cbd0d4e41fc5309b66b83335002ef6dc33bd5053d90c116e77a5cb  ??  artifacts/rust-tauri/R04/RR1-G05-E01/negative/c03b-midrun-input-change/evidence/R03_REGRESSION/R02/A15/full-chain/service1.out
43937527a3ce4fe5d439cac5949b4465f97881a499426318f68e66d664ffe20b  ??  artifacts/rust-tauri/R04/RR1-G05-E01/negative/c03b-midrun-input-change/evidence/R03_REGRESSION/R02/A15/full-chain/service2.err
437c3da95b4df0529c9e72eadb7edc4f632092e08090775f5ba17f962851d7a6  ??  artifacts/rust-tauri/R04/RR1-G05-E01/negative/c03b-midrun-input-change/evidence/R03_REGRESSION/R02/A15/full-chain/service2.out
d2510379aa8f0fe195ebed5a7913537f9fa51a36ccf1217f106d11ee9af9a69d  ??  artifacts/rust-tauri/R04/RR1-G05-E01/negative/c03b-midrun-input-change/evidence/R03_REGRESSION/R02/A15/full-chain/summary.txt
fc1360819498604605ab1ac3190b87869e7c2265a5d5a3d8ab67463802c21ab2  ??  artifacts/rust-tauri/R04/RR1-G05-E01/negative/c03b-midrun-input-change/evidence/R03_REGRESSION/R02/A16/legacy-entry/e0-candidate-binding.tsv
ef89491cca744fcaca9d179db675040c8bbf12e5188d1dd0058f5f5e942194b3  ??  artifacts/rust-tauri/R04/RR1-G05-E01/negative/c03b-midrun-input-change/evidence/R03_REGRESSION/R02/A16/legacy-entry/e0-candidate-dirty.diff
07928f6f2fa9308ce89583a7286891cebe58f0ebf70f569bbea2bec2ec7a6fcf  ??  artifacts/rust-tauri/R04/RR1-G05-E01/negative/c03b-midrun-input-change/evidence/R03_REGRESSION/R02/A16/legacy-entry/e0-candidate-dirty.txt
159edc64a497e3453be63041a4482606d4420e26d273b3aeaf705b8e49decb44  ??  artifacts/rust-tauri/R04/RR1-G05-E01/negative/c03b-midrun-input-change/evidence/R03_REGRESSION/R02/A16/legacy-entry/summary.txt
1a78afb41fff959357b9de8ea300a4f82779db9cf70a7154a0660c185fabf453  ??  artifacts/rust-tauri/R04/RR1-G05-E01/negative/c03b-midrun-input-change/evidence/R03_REGRESSION/candidate-source-after.json
1a78afb41fff959357b9de8ea300a4f82779db9cf70a7154a0660c185fabf453  ??  artifacts/rust-tauri/R04/RR1-G05-E01/negative/c03b-midrun-input-change/evidence/R03_REGRESSION/candidate-source-before.json
d3a58f6ddc202d8c5a2e868413eba7ccfa64e1ac7a1b35f837845093c2ff3c8b  ??  artifacts/rust-tauri/R04/RR1-G05-E01/negative/c03b-midrun-input-change/evidence/R03_REGRESSION/verify-stage-result.json
10a16641e3405663989bf586c36c94e6522cc9932c30df552a4cb308377a9676  ??  artifacts/rust-tauri/R04/RR1-G05-E01/negative/c03b-midrun-input-change/evidence/R04_MATRIX/cases/a15-directory-claim-refused.json
09f385efaedc793ea498845967037cfcbfc0fe2c163104737d7ff99e880e98bc  ??  artifacts/rust-tauri/R04/RR1-G05-E01/negative/c03b-midrun-input-change/evidence/R04_MATRIX/cases/a15-gateway-audit-directory-ref-failed.json
d0df7dade822790f5735f4ebef501e03b8aa905318cb8a60905b81715d427965  ??  artifacts/rust-tauri/R04/RR1-G05-E01/negative/c03b-midrun-input-change/evidence/R04_MATRIX/cases/a15-gateway-audit-fake-ref-failed.json
a0800cd68927a3e79f38730d4c55036813c6947a5675713428917d03a1b44145  ??  artifacts/rust-tauri/R04/RR1-G05-E01/negative/c03b-midrun-input-change/evidence/R04_MATRIX/cases/a15-gateway-audit-real-ref-passes.json
8f9b212963fdfce437456018df1536c00c82aa2118f3c3af37532e979ed04f2b  ??  artifacts/rust-tauri/R04/RR1-G05-E01/negative/c03b-midrun-input-change/evidence/R04_MATRIX/cases/a15-missing-claim-refused.json
04245f14680505fadaf81819e4b39818cf0d629654f8733039a6ac2e8d68bb98  ??  artifacts/rust-tauri/R04/RR1-G05-E01/negative/c03b-midrun-input-change/evidence/R04_MATRIX/cases/a15-out-of-grant-claim-refused.json
e4bb14f7a842ae22ee91e7b3bebdfcc5273aec1410f84eb90970f2bc4dc3fc91  ??  artifacts/rust-tauri/R04/RR1-G05-E01/negative/c03b-midrun-input-change/evidence/R04_MATRIX/cases/a15-real-delivery-registered.json
6895d6a72b4da91d630223ce6ad2b8320db84534f721b5748ac0f487c1a29223  ??  artifacts/rust-tauri/R04/RR1-G05-E01/negative/c03b-midrun-input-change/evidence/R04_MATRIX/cases/a15-structure-violation-refused.json
94c57b04cb80a3ce8932e58d775b4aaa85affa76e33e34512e4a0bc47ade49a9  ??  artifacts/rust-tauri/R04/RR1-G05-E01/negative/c03b-midrun-input-change/evidence/R04_MATRIX/cases/a16-alias-route-covered.json
506ae3c069a2a967546a4ca114bf3e15abac6ebcdb0f7e35b359b12c1cde92b5  ??  artifacts/rust-tauri/R04/RR1-G05-E01/negative/c03b-midrun-input-change/evidence/R04_MATRIX/cases/a16-history-preserved.json
901361017912bc20e016d13a2a4f8d701ddee123481ac52c440c176b6d9510aa  ??  artifacts/rust-tauri/R04/RR1-G05-E01/negative/c03b-midrun-input-change/evidence/R04_MATRIX/cases/approval-answer-executes-once.json
bd45162c41ae2eec362f6f35bc50015ae2a8266f70ce5f91d5c45e5ad8053270  ??  artifacts/rust-tauri/R04/RR1-G05-E01/negative/c03b-midrun-input-change/evidence/R04_MATRIX/cases/approval-duplicate-idempotent.json
bababcc7f3e64579d35c9259a419a674630e4e549217be76c41f04eda4f0bcdc  ??  artifacts/rust-tauri/R04/RR1-G05-E01/negative/c03b-midrun-input-change/evidence/R04_MATRIX/cases/approval-reject-zero-dispatch.json
20fd6bee69494fece169e2b99ea1e3085ddffbb071d88ebc23f7dcaeb412c721  ??  artifacts/rust-tauri/R04/RR1-G05-E01/negative/c03b-midrun-input-change/evidence/R04_MATRIX/cases/catalog-face-lists-mcp-tools-with-permission.json
a6740bd82388993cca6d0b79d294334e6ad84438d23b819303e84cb2670999df  ??  artifacts/rust-tauri/R04/RR1-G05-E01/negative/c03b-midrun-input-change/evidence/R04_MATRIX/cases/future-tool-shape-ast_edit-discoverable-not-callable.json
821137c4819111c5cab65e31fe33146b843d4bc963a7ae66bf3c6139aab4dc68  ??  artifacts/rust-tauri/R04/RR1-G05-E01/negative/c03b-midrun-input-change/evidence/R04_MATRIX/cases/future-tool-shape-ast_grep-discoverable-not-callable.json
9827cfcbf4ea963126bc89e02f8247506844fc54c5a0d9086547106cafdcdefd  ??  artifacts/rust-tauri/R04/RR1-G05-E01/negative/c03b-midrun-input-change/evidence/R04_MATRIX/cases/future-tool-shape-file-discoverable-not-callable.json
cb8e2db3b924a24b0bf8d611b22015f3a2a10ccc3f6ee16a819bc9388379c7f3  ??  artifacts/rust-tauri/R04/RR1-G05-E01/negative/c03b-midrun-input-change/evidence/R04_MATRIX/cases/future-tool-shape-find-discoverable-not-callable.json
1c192846cc1d07ba6864e5dd594b97a48f402ab5519fca2040ecc7edc3d3fd02  ??  artifacts/rust-tauri/R04/RR1-G05-E01/negative/c03b-midrun-input-change/evidence/R04_MATRIX/cases/future-tool-shape-grep-discoverable-not-callable.json
bbe14f10f21cc0a2c306c3554804930c3bf5b13c66b6b90cf1c79b465e394c3b  ??  artifacts/rust-tauri/R04/RR1-G05-E01/negative/c03b-midrun-input-change/evidence/R04_MATRIX/cases/future-tool-shape-ls-discoverable-not-callable.json
a9b97d5170fb12a3359bdde03aa8fdfc8fe089399cd5f1dc3810dacaf5ac5653  ??  artifacts/rust-tauri/R04/RR1-G05-E01/negative/c03b-midrun-input-change/evidence/R04_MATRIX/cases/future-tool-shape-lsp-discoverable-not-callable.json
6bc884d530bd7615a63e4dd9241155689273f4f9c70ccc044e2d91afc8eba4f1  ??  artifacts/rust-tauri/R04/RR1-G05-E01/negative/c03b-midrun-input-change/evidence/R04_MATRIX/cases/future-tool-shape-materialize-discoverable-not-callable.json
5904c81036b270e82834b8084ca4b8b9b4492957d7d3ac5a83328f9bdc84b538  ??  artifacts/rust-tauri/R04/RR1-G05-E01/negative/c03b-midrun-input-change/evidence/R04_MATRIX/cases/future-tool-shape-run_code-discoverable-not-callable.json
c9d67aa6d2f3fce41a3a011e42ac47399824eae28c54e2b89cf0bdae0dbf8052  ??  artifacts/rust-tauri/R04/RR1-G05-E01/negative/c03b-midrun-input-change/evidence/R04_MATRIX/cases/future-tool-shape-security_scan-discoverable-not-callable.json
6cf1880613144cb8b359bd1c195f561f79c42836315ec94767b2336f24a9b783  ??  artifacts/rust-tauri/R04/RR1-G05-E01/negative/c03b-midrun-input-change/evidence/R04_MATRIX/cases/future-tool-shape-stage_files-discoverable-not-callable.json
87164a841282a81c7b614451f88f157e89c03336043524a16637aa848d201f59  ??  artifacts/rust-tauri/R04/RR1-G05-E01/negative/c03b-midrun-input-change/evidence/R04_MATRIX/cases/gateway-each-call-independent-permission.json
7d3631b38221c7c56e5b77793921c4de3ab067e7097d1c77131e73a3dadb0ce5  ??  artifacts/rust-tauri/R04/RR1-G05-E01/negative/c03b-midrun-input-change/evidence/R04_MATRIX/cases/matrix-lifecycle-disable-holes.json
52e2294d2db41ba60884ca74bedd63d9e196def8ea43623c327cf7579c72e6e0  ??  artifacts/rust-tauri/R04/RR1-G05-E01/negative/c03b-midrun-input-change/evidence/R04_MATRIX/cases/matrix-lifecycle-generation-refusals.json
710d96abbd53795e2f40639001eee2454a6ce7e5a285c883f9cd62f1b58ebda9  ??  artifacts/rust-tauri/R04/RR1-G05-E01/negative/c03b-midrun-input-change/evidence/R04_MATRIX/cases/matrix-lifecycle-uninstall-holes.json
23c16612d569bb60e563215b453c022203ab19f05298ce7c9a3fc080da10b7d2  ??  artifacts/rust-tauri/R04/RR1-G05-E01/negative/c03b-midrun-input-change/evidence/R04_MATRIX/cases/matrix-permission-consistency.json
d475fb8c9114bfdf95de5cc202da903bf354241d13f071bce870d8ba2502fd60  ??  artifacts/rust-tauri/R04/RR1-G05-E01/negative/c03b-midrun-input-change/evidence/R04_MATRIX/cases/matrix-route-consistency.json
2b451a4a1fd773fba2e107116235dd5f28a06d104c7f7450f221f662510fc070  ??  artifacts/rust-tauri/R04/RR1-G05-E01/negative/c03b-midrun-input-change/evidence/R04_MATRIX/cases/matrix-tool-family-count.json
1e442f90436b22848aeb3329ce35c020def0d74ba7d6bbc49eb983573e8e708d  ??  artifacts/rust-tauri/R04/RR1-G05-E01/negative/c03b-midrun-input-change/evidence/R04_MATRIX/cases/mcp-connector-catalog-sync.json
02be7eb700e551cb0a000177a0e033872c65ad8b5ef7f46d66c014ecf3fb7150  ??  artifacts/rust-tauri/R04/RR1-G05-E01/negative/c03b-midrun-input-change/evidence/R04_MATRIX/cases/mcp-connector-register-handshake.json
905e6508c4c99929579667bd3184014916a117d7522917621f1aea839bdd039e  ??  artifacts/rust-tauri/R04/RR1-G05-E01/negative/c03b-midrun-input-change/evidence/R04_MATRIX/cases/mcp-describe-real-identity.json
42c719e1d9f2fdae556b08414f6facea228b729210f804971fb1f41772e1ec5f  ??  artifacts/rust-tauri/R04/RR1-G05-E01/negative/c03b-midrun-input-change/evidence/R04_MATRIX/cases/mcp-search-namespaced.json
dfbc531d38332ae34bc27eef48d7c96103f6f7b0cf55e51377608e95deffabc9  ??  artifacts/rust-tauri/R04/RR1-G05-E01/negative/c03b-midrun-input-change/evidence/R04_MATRIX/cases/mcp-tool-call-full-chain.json
916eba77e6c3a4f9a8bf58bdf3a14d110fe9b75b22aa316ce7a47412c013fa04  ??  artifacts/rust-tauri/R04/RR1-G05-E01/negative/c03b-midrun-input-change/evidence/R04_MATRIX/cases/mcp-tool-permission-face.json
c3f30127a40dfa980a32479cec6547074c067a4d8cd61e858b0aa7dc095455b3  ??  artifacts/rust-tauri/R04/RR1-G05-E01/negative/c03b-midrun-input-change/evidence/R04_MATRIX/cases/permission-face-modes-verifiable.json
c51a56cfdce860c73de8e015f088d38b31bbf8e373a0dc6e1c8e43f9b5f80a2c  ??  artifacts/rust-tauri/R04/RR1-G05-E01/negative/c03b-midrun-input-change/evidence/R04_MATRIX/cases/preauthorization-single-session-scoped.json
eefd602104c2c290f3a2704acec9cf3923cbf072e0e9ac1e5dad4b1103794f05  ??  artifacts/rust-tauri/R04/RR1-G05-E01/negative/c03b-midrun-input-change/evidence/R04_MATRIX/cases/semantics-cancel-leaves-no-fabricated-receipt.json
1c8fced2b48030b05d00ab397c3aa0470c4f068287f841b1c7e53778b43e038d  ??  artifacts/rust-tauri/R04/RR1-G05-E01/negative/c03b-midrun-input-change/evidence/R04_MATRIX/cases/semantics-failed-never-dispatched-receipt.json
220379bb262285fad8e6314d35a23f12ba26fcb0e501fe2431141c1a4d28a5a2  ??  artifacts/rust-tauri/R04/RR1-G05-E01/negative/c03b-midrun-input-change/evidence/R04_MATRIX/cases/semantics-success-receipt-dispatched.json
8337cc9f0c6c3a4eeb0b4beb6ff1d93acd40878d92c9f16c4649942469017888  ??  artifacts/rust-tauri/R04/RR1-G05-E01/negative/c03b-midrun-input-change/evidence/R04_MATRIX/cases/semantics-unknown-receipt-honest.json
cb89e56a59ac812a63576832232489b328ac7abf8041df762e7b1af1e2caa95d  ??  artifacts/rust-tauri/R04/RR1-G05-E01/negative/c03b-midrun-input-change/evidence/R04_MATRIX/cases/sup01-ask-subagent-write-refused.json
1b21930f6737d6935a82328d4afb7b4fd7b439c107b48d01b29e4cdfa7399015  ??  artifacts/rust-tauri/R04/RR1-G05-E01/negative/c03b-midrun-input-change/evidence/R04_MATRIX/cases/terminal-close-stops-terminal.json
59095540a473b474ab918f20eb08986f6bbb6cbfd08c49b9810963ae37407de5  ??  artifacts/rust-tauri/R04/RR1-G05-E01/negative/c03b-midrun-input-change/evidence/R04_MATRIX/cases/terminal-snapshot-current-transcript.json
004a41eae978391bad56ebe5c3e6d2ced1a2c02eda01a37f79abc8867cb5a063  ??  artifacts/rust-tauri/R04/RR1-G05-E01/negative/c03b-midrun-input-change/evidence/R04_MATRIX/cases/terminal-tail-cursor-continuation.json
16870fec4c31cd9e67e56d3328c74d20f9213a2e96113c28be3d7f7fe0d28979  ??  artifacts/rust-tauri/R04/RR1-G05-E01/negative/c03b-midrun-input-change/evidence/R04_MATRIX/cases/tool-edit-conflict-preserves-user-version.json
bb810a38ce8bfbcafc0d64e1fc2831a08e952dfdc4a057fd99166ef589df1032  ??  artifacts/rust-tauri/R04/RR1-G05-E01/negative/c03b-midrun-input-change/evidence/R04_MATRIX/cases/tool-edit-real-chain.json
bec2c6d085918085fb7eb01f8ec54ea53681b68aa489b59bc0a8e9b272c5c02e  ??  artifacts/rust-tauri/R04/RR1-G05-E01/negative/c03b-midrun-input-change/evidence/R04_MATRIX/cases/tool-exec-cancel-cleanup.json
c0341bc7ba746aaa51754e5650264b1d7d55e93d55ea2a03df67769834825bcc  ??  artifacts/rust-tauri/R04/RR1-G05-E01/negative/c03b-midrun-input-change/evidence/R04_MATRIX/cases/tool-exec-command-real-chain.json
e990fcd2da49cb923f667ea1714cfea3f69c8f3bd0002416761b93ab35d87ec3  ??  artifacts/rust-tauri/R04/RR1-G05-E01/negative/c03b-midrun-input-change/evidence/R04_MATRIX/cases/tool-read-real-chain.json
ea288f832ccf584b20e6d0ef80d0116568fd2c989aff55d985adce98266f5f62  ??  artifacts/rust-tauri/R04/RR1-G05-E01/negative/c03b-midrun-input-change/evidence/R04_MATRIX/cases/tool-write-real-chain.json
52e2d9bbf2b9890f5b4d03bf7c27cfb6c82322790e254fc813b47b7f093d939f  ??  artifacts/rust-tauri/R04/RR1-G05-E01/negative/c03b-midrun-input-change/evidence/R04_MATRIX/cases/tool-write-stdin-continuation.json
83f514b83ad20e51f11205b345ebcce85d4423a69379cb2a9804c8ceaf07a027  ??  artifacts/rust-tauri/R04/RR1-G05-E01/negative/c03b-midrun-input-change/evidence/R04_MATRIX/cases/tool-write-stdin-foreign-writes.json
c471fa08013c67ab99fb67a5e4e430f83cfc349758cdc601fb53e35b1ee28397  ??  artifacts/rust-tauri/R04/RR1-G05-E01/negative/c03b-midrun-input-change/evidence/R04_MATRIX/leaf-cases.json
1dbc5972065a848f6d2d8456df0891660c2c695ca72f24c3d4bd7fde395b462e  ??  artifacts/rust-tauri/R04/RR1-G05-E01/negative/c03b-midrun-input-change/evidence/R04_MATRIX/matrix-counts.json
814516da5a440d3048e0d91264b14796ba6c568851e0dc18eccbd2ea0091bd04  ??  artifacts/rust-tauri/R04/RR1-G05-E01/negative/c03b-midrun-input-change/evidence/R04_MATRIX/summary.txt
03e75607ce89dd2e535b6cf22efaed7cf04a57924ed973dec1a260cb30c15557  ??  artifacts/rust-tauri/R04/RR1-G05-E01/negative/c03b-midrun-input-change/evidence/R04_RR1_REPAIR/cases.jsonl
b4fd3ba1d5faec40aabb94b266bc3484540894de3ccac3756469a6737878300a  ??  artifacts/rust-tauri/R04/RR1-G05-E01/negative/c03b-midrun-input-change/evidence/R04_RR1_REPAIR/cid-table.txt
e3b0c44298fc1c149afbf4c8996fb92427ae41e4649b934ca495991b7852b855  ??  artifacts/rust-tauri/R04/RR1-G05-E01/negative/c03b-midrun-input-change/evidence/R04_RR1_REPAIR/gaps.txt
ba844bee5f873a8bb6499613c3ac20e7d0807fd4d848e52c3021047ed6b60bd7  ??  artifacts/rust-tauri/R04/RR1-G05-E01/negative/c03b-midrun-input-change/evidence/R04_RR1_REPAIR/pin-table.txt
e3a88bae43771884e0e5533f962b936823b53d97a6a31a19b8bbdf8fd6ea8ad8  ??  artifacts/rust-tauri/R04/RR1-G05-E01/negative/c03b-midrun-input-change/evidence/R04_RR1_REPAIR/rr1-cases.json
65dbeb078bd00376f9875042490b67e13b023858e0b3046ce6d60c68352c2130  ??  artifacts/rust-tauri/R04/RR1-G05-E01/negative/c03b-midrun-input-change/evidence/R04_RR1_REPAIR/summary.txt
1a78afb41fff959357b9de8ea300a4f82779db9cf70a7154a0660c185fabf453  ??  artifacts/rust-tauri/R04/RR1-G05-E01/negative/c03b-midrun-input-change/evidence/candidate-source-after.json
08ba827bbc3e05ca57bd110e1071b318409f364a89352a3c58c2b5453ccb0e2e  ??  artifacts/rust-tauri/R04/RR1-G05-E01/negative/c03b-midrun-input-change/evidence/candidate-source-before.json
44d83cbfb7fbfbd32e57118b26786308ded257065178dc7bbc5feb0b12f314db  ??  artifacts/rust-tauri/R04/RR1-G05-E01/negative/c03b-midrun-input-change/evidence/verify-stage-result.json
4355a46b19d348dc2f57c046f8ef63d4538ebb936000f3c9ee954a27460dd865  ??  artifacts/rust-tauri/R04/RR1-G05-E01/negative/c03b-midrun-input-change/exit-code.txt
4355a46b19d348dc2f57c046f8ef63d4538ebb936000f3c9ee954a27460dd865  ??  artifacts/rust-tauri/R04/RR1-G05-E01/negative/c03b-midrun-input-change/midrun-change-applied.txt
e861b31a4a2bea49d3e8b7cf3554664d2d7d4b17addb815d983a441328a3a75b  ??  artifacts/rust-tauri/R04/RR1-G05-E01/negative/case-results.json
e5ea02d8428632f1a8685bc2e8995d93f3558061c743f3f7c3a3e71139dce35f  ??  artifacts/rust-tauri/R04/RR1-G05-E01/negative/case-results.tsv
53c234e5e8472b6ac51c1ae1cab3fe06fad053beb8ebfd8977b010655bfdd3c3  ??  artifacts/rust-tauri/R04/RR1-G05-E01/negative/n-empty-scenario-set/exit-code.txt
53c234e5e8472b6ac51c1ae1cab3fe06fad053beb8ebfd8977b010655bfdd3c3  ??  artifacts/rust-tauri/R04/RR1-G05-E01/negative/n-unknown-stage/exit-code.txt
34f20a397ae7bb5434f96ae8b2ccb3d29e4f7a7cde4bc7dfed1c0bb8183ff5a6  ??  artifacts/rust-tauri/R04/RR1-G05-E01/negative/n1a-delete-leaf-mapping/evidence/candidate-source-after.json
34f20a397ae7bb5434f96ae8b2ccb3d29e4f7a7cde4bc7dfed1c0bb8183ff5a6  ??  artifacts/rust-tauri/R04/RR1-G05-E01/negative/n1a-delete-leaf-mapping/evidence/candidate-source-before.json
b7c7c00924b8948f6c18df62e1037d8ea600606790c22edf892e6654916a18a0  ??  artifacts/rust-tauri/R04/RR1-G05-E01/negative/n1a-delete-leaf-mapping/evidence/verify-stage-result.json
4355a46b19d348dc2f57c046f8ef63d4538ebb936000f3c9ee954a27460dd865  ??  artifacts/rust-tauri/R04/RR1-G05-E01/negative/n1a-delete-leaf-mapping/exit-code.txt
53c234e5e8472b6ac51c1ae1cab3fe06fad053beb8ebfd8977b010655bfdd3c3  ??  artifacts/rust-tauri/R04/RR1-G05-E01/negative/n1b-delete-command-mapping/exit-code.txt
f5b0981175fe9bd307c7bb4e8dcb8490cfa58585d62d9c3e2f7eb03e4e875e54  ??  artifacts/rust-tauri/R04/RR1-G05-E01/negative/n2-zero-match-filter/evidence/R03_REGRESSION/A15/cases/background-run-completes-decoupled.json
fda5f46e011354371ff149d97818d48d3b78dca205e17e8a7b39dba1cb4013e6  ??  artifacts/rust-tauri/R04/RR1-G05-E01/negative/n2-zero-match-filter/evidence/R03_REGRESSION/A15/cases/background-survives-unrelated-cancel.json
92eebd1162583e5ed42a8e61a80b5c84e94753ed6562c35c930ebb65f6e23f01  ??  artifacts/rust-tauri/R04/RR1-G05-E01/negative/n2-zero-match-filter/evidence/R03_REGRESSION/A15/cases/cancel-live-run-accepted-terminal-cancelled.json
edc380e78d3b8f95b51f12c2bbfcb702760327da3f20bd6c9f456b5c7e0934de  ??  artifacts/rust-tauri/R04/RR1-G05-E01/negative/n2-zero-match-filter/evidence/R03_REGRESSION/A15/cases/cancel-terminal-run-already-terminal.json
e320e539d701e4f285fcff1a42629b28016fa5f103e77fccb5c1ddf921155742  ??  artifacts/rust-tauri/R04/RR1-G05-E01/negative/n2-zero-match-filter/evidence/R03_REGRESSION/A15/cases/cancel-unknown-run-not-found.json
a513a19cd5ca9bc857d2e01c9be7ec61e3e5677e7d1948db618b31fb7aba127a  ??  artifacts/rust-tauri/R04/RR1-G05-E01/negative/n2-zero-match-filter/evidence/R03_REGRESSION/A15/cases/cancel-waiting-approval-cancels-cleanly.json
602b436fbd1f0de778ca086853030197fe28a3fde1a5f694ebea64e4f8779c8a  ??  artifacts/rust-tauri/R04/RR1-G05-E01/negative/n2-zero-match-filter/evidence/R03_REGRESSION/A15/cases/combo-cancel-stream-terminal-cancelled.json
b24ff9cdbb08092492dd68815bdf3c4a6f38c8e2a42cd79c30abbfcacdfef745  ??  artifacts/rust-tauri/R04/RR1-G05-E01/negative/n2-zero-match-filter/evidence/R03_REGRESSION/A15/cases/combo-crash-recovery-honest-interrupted.json
d9e8dea9429b0f0c9fc86be7f31dcd96b4b227e1174dcdea6d1f00b177ec2987  ??  artifacts/rust-tauri/R04/RR1-G05-E01/negative/n2-zero-match-filter/evidence/R03_REGRESSION/A15/cases/combo-cross-session-both-complete.json
106bebd1aa293f120bb83f22b33de1e19ae817a4963587e2ee17be8731293349  ??  artifacts/rust-tauri/R04/RR1-G05-E01/negative/n2-zero-match-filter/evidence/R03_REGRESSION/A15/cases/combo-duplicate-conflict-rejected.json
eafb37ffcb4d76d45d58a64d80d9ef413064c1f979d64ba1cc2e609d147963fc  ??  artifacts/rust-tauri/R04/RR1-G05-E01/negative/n2-zero-match-filter/evidence/R03_REGRESSION/A15/cases/combo-duplicate-replay-no-second-run.json
346e6cb6ae16f125e4bbfdbf24d2bbcf63c92fa9642b2676fa06a78bfa1e8fdb  ??  artifacts/rust-tauri/R04/RR1-G05-E01/negative/n2-zero-match-filter/evidence/R03_REGRESSION/A15/cases/combo-events-subscriber-saw-terminal.json
97a0c8f8404d1c042f8f7efd240d5d5f5446103b21bcccf9c5c90461b6082043  ??  artifacts/rust-tauri/R04/RR1-G05-E01/negative/n2-zero-match-filter/evidence/R03_REGRESSION/A15/cases/combo-multi-tool-three-calls.json
aa936466e694a90f4087b7ae928f7c9b96ae1450073774fcb29d177dfa59c7b6  ??  artifacts/rust-tauri/R04/RR1-G05-E01/negative/n2-zero-match-filter/evidence/R03_REGRESSION/A15/cases/combo-multi-turn-one-terminal.json
f7bdd9e301d37d6a062e13225cfc84d7e96c1f88cd75d34e300ab00dd0fad0a0  ??  artifacts/rust-tauri/R04/RR1-G05-E01/negative/n2-zero-match-filter/evidence/R03_REGRESSION/A15/cases/combo-normal-run-completed.json
51d8bd26cb2f29bee74097b5ef9a36e3389a56a1c7127e86fa36d75a8106659e  ??  artifacts/rust-tauri/R04/RR1-G05-E01/negative/n2-zero-match-filter/evidence/R03_REGRESSION/A15/cases/combo-out-of-order-late-result-fenced.json
e18f1fcb5cc4af47da6184707fb88e0c0ed656f1fafffe8020a3001c9826c931  ??  artifacts/rust-tauri/R04/RR1-G05-E01/negative/n2-zero-match-filter/evidence/R03_REGRESSION/A15/cases/combo-timeout-budget-loud-failure.json
ccbc0f5c630f404851ca1c561fd5c73421ba9b217ceeff29973b263f05e30888  ??  artifacts/rust-tauri/R04/RR1-G05-E01/negative/n2-zero-match-filter/evidence/R03_REGRESSION/A15/cases/parent-cancel-stops-child-run.json
d72d7e1151ea38a4eeb9ad435aa66dc376039e41ff714f9f550e1f2c8934585a  ??  artifacts/rust-tauri/R04/RR1-G05-E01/negative/n2-zero-match-filter/evidence/R03_REGRESSION/A15/cases/reconnect-resume-no-model-restart.json
5d89ed42d309bfcfd13956b901f209eb432200e88c2ae1eea74d6eaffe625b2a  ??  artifacts/rust-tauri/R04/RR1-G05-E01/negative/n2-zero-match-filter/evidence/R03_REGRESSION/A15/cases/steer-busy-accepted.json
360ccd0c00f5114974f5f2967860d1c339a2e2baa808a2f5dca49f334fe0d386  ??  artifacts/rust-tauri/R04/RR1-G05-E01/negative/n2-zero-match-filter/evidence/R03_REGRESSION/A15/cases/steer-idle-miss.json
d00e58227225a313e612b18019d7f95a07382b0426ab7fbeb39bc4b05b740cc5  ??  artifacts/rust-tauri/R04/RR1-G05-E01/negative/n2-zero-match-filter/evidence/R03_REGRESSION/A15/cases/steer-text-drained-into-model-input.json
1d91fbec57470aebfedf338d49c5109fdd0216e02d720737ed53335eb06ae4c8  ??  artifacts/rust-tauri/R04/RR1-G05-E01/negative/n2-zero-match-filter/evidence/R03_REGRESSION/A15/cases/subagent-child-cancel-stops-child-only.json
25c6b5b26b72b0a4408db94f4f0e40b77faa84d32ccfeaffaf04e29fb20c07c9  ??  artifacts/rust-tauri/R04/RR1-G05-E01/negative/n2-zero-match-filter/evidence/R03_REGRESSION/A15/cases/subagent-close-thread-closed-status.json
c8d7de61de38e7dfa38ea3376602da5c50882e6d6238c3a1ff61b6ac7df04418  ??  artifacts/rust-tauri/R04/RR1-G05-E01/negative/n2-zero-match-filter/evidence/R03_REGRESSION/A15/cases/subagent-dispatch-child-lineage-recorded.json
dce5bbb9b54961ee64c8634f90f4f2600975918f6a2590b57b7b28dd425016bd  ??  artifacts/rust-tauri/R04/RR1-G05-E01/negative/n2-zero-match-filter/evidence/R03_REGRESSION/A15/cases/subagent-escalation-write-denied-zero-children.json
dcd19d358a8a5e560042eee304f1f5460d1c79ba1a64d611fb1007b830562010  ??  artifacts/rust-tauri/R04/RR1-G05-E01/negative/n2-zero-match-filter/evidence/R03_REGRESSION/A15/cases/subagent-policy-proactive-delegation-default-off.json
ffef3903ae224f661b415622ed9c76da5e265c01a9c15b867f429c1f6d10ef15  ??  artifacts/rust-tauri/R04/RR1-G05-E01/negative/n2-zero-match-filter/evidence/R03_REGRESSION/A15/cases/subagent-reply-continues-thread.json
d097c60f1416e1febc17bd0959b1c9252ca9be86b6a1e982d42d9240a38b107e  ??  artifacts/rust-tauri/R04/RR1-G05-E01/negative/n2-zero-match-filter/evidence/R03_REGRESSION/A15/combo-counts.json
4c56fd82542a56017ef5e59d3b0c9752ede52032f31f31c24c2de458153ad296  ??  artifacts/rust-tauri/R04/RR1-G05-E01/negative/n2-zero-match-filter/evidence/R03_REGRESSION/A15/combos/cancel-approval-wait.json
f861ce9b1dbe64f781134bae916b9c8f2503f4ad8572e98bfc18d180a4e35e33  ??  artifacts/rust-tauri/R04/RR1-G05-E01/negative/n2-zero-match-filter/evidence/R03_REGRESSION/A15/combos/cancel-stream-read.json
76b74d822e65d068718af971eb29865cc4891a50d128a35b0bc955cc3b6b65a2  ??  artifacts/rust-tauri/R04/RR1-G05-E01/negative/n2-zero-match-filter/evidence/R03_REGRESSION/A15/combos/crash-recovery.json
ef5545b54a472c39f9b09d995f9ba2e3671618a56d4de3eb7fe4fad24d81f22b  ??  artifacts/rust-tauri/R04/RR1-G05-E01/negative/n2-zero-match-filter/evidence/R03_REGRESSION/A15/combos/cross-session-parallel.json
7f7fd9a6f050ba6811d5b1d7313d11473f92089a4ec0fd2335779e99b59cdaa1  ??  artifacts/rust-tauri/R04/RR1-G05-E01/negative/n2-zero-match-filter/evidence/R03_REGRESSION/A15/combos/duplicate-submission.json
fc9b468ae0f2bd2cfff1a3ead3ba02756e59e73dc0c0a0ebb5142456d1ae38a8  ??  artifacts/rust-tauri/R04/RR1-G05-E01/negative/n2-zero-match-filter/evidence/R03_REGRESSION/A15/combos/leaf-parent-cancel.json
a59635405b3569b1c0c950cb282ecf3749923b36c6b1b5e4d3d21fc3f4458102  ??  artifacts/rust-tauri/R04/RR1-G05-E01/negative/n2-zero-match-filter/evidence/R03_REGRESSION/A15/combos/leaf-steer.json
fd60e4ca043c4073ddf838b3f0fe918436ede45ff7765efc8f1cad42821186f4  ??  artifacts/rust-tauri/R04/RR1-G05-E01/negative/n2-zero-match-filter/evidence/R03_REGRESSION/A15/combos/multi-tool.json
075cad25ce0207f3b49138b8d415d0db78da1005207b2f64d282b478bffa44ae  ??  artifacts/rust-tauri/R04/RR1-G05-E01/negative/n2-zero-match-filter/evidence/R03_REGRESSION/A15/combos/multi-turn-model.json
f94832aef81d68346dd1b25b1ad7312d6bc141a69a616a218b640aa170fbebcb  ??  artifacts/rust-tauri/R04/RR1-G05-E01/negative/n2-zero-match-filter/evidence/R03_REGRESSION/A15/combos/normal.json
44f5b48c4f288ee214f7053e16857997f1fb66a6be241466141301a16c6872e7  ??  artifacts/rust-tauri/R04/RR1-G05-E01/negative/n2-zero-match-filter/evidence/R03_REGRESSION/A15/combos/timeout-budget.json
505ecfbac3942739846be3a188cabea9d26c9641628253767c5457bdff2ab44f  ??  artifacts/rust-tauri/R04/RR1-G05-E01/negative/n2-zero-match-filter/evidence/R03_REGRESSION/A15/leaf-cases.json
e5d7d468d76fefaca846cba19b6791e7d1569f209256489ddb9d80c4fc491a58  ??  artifacts/rust-tauri/R04/RR1-G05-E01/negative/n2-zero-match-filter/evidence/R03_REGRESSION/A15/summary.txt
9a652a14c5a43c20164935bd4963aa32c2a32445a13a91c504c563352517c3b7  ??  artifacts/rust-tauri/R04/RR1-G05-E01/negative/n2-zero-match-filter/evidence/R03_REGRESSION/A16/captured-seed.txt
9a652a14c5a43c20164935bd4963aa32c2a32445a13a91c504c563352517c3b7  ??  artifacts/rust-tauri/R04/RR1-G05-E01/negative/n2-zero-match-filter/evidence/R03_REGRESSION/A16/p2-captured-seed-attempt-0.txt
9a652a14c5a43c20164935bd4963aa32c2a32445a13a91c504c563352517c3b7  ??  artifacts/rust-tauri/R04/RR1-G05-E01/negative/n2-zero-match-filter/evidence/R03_REGRESSION/A16/p3-replay-1-seed.txt
9a652a14c5a43c20164935bd4963aa32c2a32445a13a91c504c563352517c3b7  ??  artifacts/rust-tauri/R04/RR1-G05-E01/negative/n2-zero-match-filter/evidence/R03_REGRESSION/A16/p3-replay-2-seed.txt
3fd4aaf96fe0793daf71f6aa3f52fa6c74856c7ddd31d414962724cf4df651d5  ??  artifacts/rust-tauri/R04/RR1-G05-E01/negative/n2-zero-match-filter/evidence/R03_REGRESSION/A16/seed-mechanism.json
7d823ecd2fe778be4bc9ccdeaa060189bb8c8a9e8bd9737f51cb16fbd9b11f68  ??  artifacts/rust-tauri/R04/RR1-G05-E01/negative/n2-zero-match-filter/evidence/R03_REGRESSION/A16/summary.txt
5f7ef4991d4afea16fd8cd437d0e0b02f6b194f957746a7850b621807b94391e  ??  artifacts/rust-tauri/R04/RR1-G05-E01/negative/n2-zero-match-filter/evidence/R03_REGRESSION/G07_REPAIR/cases.jsonl
e3b0c44298fc1c149afbf4c8996fb92427ae41e4649b934ca495991b7852b855  ??  artifacts/rust-tauri/R04/RR1-G05-E01/negative/n2-zero-match-filter/evidence/R03_REGRESSION/G07_REPAIR/gaps.txt
1f29d43f2cf02b52219bc351e44642ea8aea0b0d413dd9064dac814574a7deff  ??  artifacts/rust-tauri/R04/RR1-G05-E01/negative/n2-zero-match-filter/evidence/R03_REGRESSION/G07_REPAIR/repair-cases.json
26a0ff2a5dac57c3ecace1b420b6db3294c9ca2c6c05f2a0406edb8b700f1679  ??  artifacts/rust-tauri/R04/RR1-G05-E01/negative/n2-zero-match-filter/evidence/R03_REGRESSION/G07_REPAIR/summary.txt
103b791460c739d35b4081364fbd6ce637dbfb3e28b1c99dd8e7852d8b67f0e9  ??  artifacts/rust-tauri/R04/RR1-G05-E01/negative/n2-zero-match-filter/evidence/R03_REGRESSION/R02/A05_A06/.last-body
1319bbe558a1a9043433da92529bc8c24d2b6fbcabc962836a938e946e273399  ??  artifacts/rust-tauri/R04/RR1-G05-E01/negative/n2-zero-match-filter/evidence/R03_REGRESSION/R02/A05_A06/body-limit.txt
c0c19dff508a998f0c6e1fbf2643c2d78647cd6495bc53c57d2566877a3abc0b  ??  artifacts/rust-tauri/R04/RR1-G05-E01/negative/n2-zero-match-filter/evidence/R03_REGRESSION/R02/A05_A06/cli-sessions-limit-case.json
771930e4bbdfe6afd653f2f6450d2bffeb7564d47d1f3217d0e089ebcb051f24  ??  artifacts/rust-tauri/R04/RR1-G05-E01/negative/n2-zero-match-filter/evidence/R03_REGRESSION/R02/A05_A06/creds-after-authz.json
8867a76ed2486cd241ef9456f5d35a472dc7e09efb3b7a82d008f883a2deb78c  ??  artifacts/rust-tauri/R04/RR1-G05-E01/negative/n2-zero-match-filter/evidence/R03_REGRESSION/R02/A05_A06/creds-before-authz.json
b822df16a0246491bf63ca060b2669b5c1c2a8e0c889f4005f81d3a904f47e48  ??  artifacts/rust-tauri/R04/RR1-G05-E01/negative/n2-zero-match-filter/evidence/R03_REGRESSION/R02/A05_A06/devices-after-authz.json
f19381770fcffc12327bf02ccba00095392924f46a60d82dea01b408ae133f15  ??  artifacts/rust-tauri/R04/RR1-G05-E01/negative/n2-zero-match-filter/evidence/R03_REGRESSION/R02/A05_A06/devices-before-authz.json
e2b4b2f13d95c472d8fe1e2dca8ad6151b30c3bb9a73f6ecad866495802e6b7f  ??  artifacts/rust-tauri/R04/RR1-G05-E01/negative/n2-zero-match-filter/evidence/R03_REGRESSION/R02/A05_A06/leaf-cases.json
690862a92075de681f2f298d53d18a3ccf6cfe8715f43e43af012fce61d2e694  ??  artifacts/rust-tauri/R04/RR1-G05-E01/negative/n2-zero-match-filter/evidence/R03_REGRESSION/R02/A05_A06/leaf-cases.ndjson
77548ffc823b7ffdde6d8734ce1d8550eb4065ac7bddc4dcf14b5f2abeb78acd  ??  artifacts/rust-tauri/R04/RR1-G05-E01/negative/n2-zero-match-filter/evidence/R03_REGRESSION/R02/A05_A06/me-denied-after.sha256
77548ffc823b7ffdde6d8734ce1d8550eb4065ac7bddc4dcf14b5f2abeb78acd  ??  artifacts/rust-tauri/R04/RR1-G05-E01/negative/n2-zero-match-filter/evidence/R03_REGRESSION/R02/A05_A06/me-denied-before.sha256
9901fa4939e8c0683cc392787126273c429530490fdebe18e68d1ad0c6fc2459  ??  artifacts/rust-tauri/R04/RR1-G05-E01/negative/n2-zero-match-filter/evidence/R03_REGRESSION/R02/A05_A06/sessions-list-matrix.json
1081bd28ef8403964c6d5a9f6d738f09c80759a682f242958c57ab8f2b8feab7  ??  artifacts/rust-tauri/R04/RR1-G05-E01/negative/n2-zero-match-filter/evidence/R03_REGRESSION/R02/A05_A06/state-after-authn.txt
ebf0198ccdc25e44dfe612729718d2c9fa6a9ea9b79f3be37f6c73367c05420b  ??  artifacts/rust-tauri/R04/RR1-G05-E01/negative/n2-zero-match-filter/evidence/R03_REGRESSION/R02/A05_A06/state-after.txt
1081bd28ef8403964c6d5a9f6d738f09c80759a682f242958c57ab8f2b8feab7  ??  artifacts/rust-tauri/R04/RR1-G05-E01/negative/n2-zero-match-filter/evidence/R03_REGRESSION/R02/A05_A06/state-before-authz.txt
1081bd28ef8403964c6d5a9f6d738f09c80759a682f242958c57ab8f2b8feab7  ??  artifacts/rust-tauri/R04/RR1-G05-E01/negative/n2-zero-match-filter/evidence/R03_REGRESSION/R02/A05_A06/state-before.txt
8f0aae342f3438a28766fa62450d03de2f79d810d0b58fb97193c6f6f38aadb5  ??  artifacts/rust-tauri/R04/RR1-G05-E01/negative/n2-zero-match-filter/evidence/R03_REGRESSION/R02/A05_A06/summary.txt
0b7dbe0703ef8f74f25c10a0f13c229fc4786122b913f80edcd9091760d2769b  ??  artifacts/rust-tauri/R04/RR1-G05-E01/negative/n2-zero-match-filter/evidence/R03_REGRESSION/R02/A05_A06/ws-matrix.json
63f25d846f68ff176abbbc40e7b023f1845779d4522243ee57671fb6cb5ee974  ??  artifacts/rust-tauri/R04/RR1-G05-E01/negative/n2-zero-match-filter/evidence/R03_REGRESSION/R02/A07_A08/last-db-hashes.txt
e613a984930f45c73fa5aa79af6955b0ac56faa30868e1da85d84a96a180eee3  ??  artifacts/rust-tauri/R04/RR1-G05-E01/negative/n2-zero-match-filter/evidence/R03_REGRESSION/R02/A07_A08/s1-counts-after-stop.json
6e11d3157e36f2f24de72943cc5df97aec8475c1e95a29c6fed9cc451e41da10  ??  artifacts/rust-tauri/R04/RR1-G05-E01/negative/n2-zero-match-filter/evidence/R03_REGRESSION/R02/A07_A08/s2-counts-after-crash.json
41d1504d2b0adc68b77a811fdda2ffcf02cc3fafae4c3c388363675aafa57380  ??  artifacts/rust-tauri/R04/RR1-G05-E01/negative/n2-zero-match-filter/evidence/R03_REGRESSION/R02/A07_A08/s2-runs-dump.jsonl
151100658612eb8bcdc71c9e622240d0be1ecfca0fb39f62fe85990bda6ae568  ??  artifacts/rust-tauri/R04/RR1-G05-E01/negative/n2-zero-match-filter/evidence/R03_REGRESSION/R02/A07_A08/s3-fault.err
e3b0c44298fc1c149afbf4c8996fb92427ae41e4649b934ca495991b7852b855  ??  artifacts/rust-tauri/R04/RR1-G05-E01/negative/n2-zero-match-filter/evidence/R03_REGRESSION/R02/A07_A08/s3-fault.out
e0010eec7fbd23165d3de9375f4863321838d78c4c402e85ca341790768a0124  ??  artifacts/rust-tauri/R04/RR1-G05-E01/negative/n2-zero-match-filter/evidence/R03_REGRESSION/R02/A07_A08/s4-hashes-after.txt
e0010eec7fbd23165d3de9375f4863321838d78c4c402e85ca341790768a0124  ??  artifacts/rust-tauri/R04/RR1-G05-E01/negative/n2-zero-match-filter/evidence/R03_REGRESSION/R02/A07_A08/s4-hashes-before.txt
4944727a65fed989034c1bd6cfcfd2933976546229a158d2c67e9a258b8955ac  ??  artifacts/rust-tauri/R04/RR1-G05-E01/negative/n2-zero-match-filter/evidence/R03_REGRESSION/R02/A07_A08/s4-migrations-round1.json
4944727a65fed989034c1bd6cfcfd2933976546229a158d2c67e9a258b8955ac  ??  artifacts/rust-tauri/R04/RR1-G05-E01/negative/n2-zero-match-filter/evidence/R03_REGRESSION/R02/A07_A08/s4-migrations-round2.json
4944727a65fed989034c1bd6cfcfd2933976546229a158d2c67e9a258b8955ac  ??  artifacts/rust-tauri/R04/RR1-G05-E01/negative/n2-zero-match-filter/evidence/R03_REGRESSION/R02/A07_A08/s4-migrations-round3.json
20ce48ee5ddf500c5fa6837fd55cfab8891457dc04799a4e3fb2ddbceae5b7fb  ??  artifacts/rust-tauri/R04/RR1-G05-E01/negative/n2-zero-match-filter/evidence/R03_REGRESSION/R02/A07_A08/service-s1.err
c634f80b7e1655eed165ac30b99ec3bdc8a9f51810d57d839d9ea50fdef13da6  ??  artifacts/rust-tauri/R04/RR1-G05-E01/negative/n2-zero-match-filter/evidence/R03_REGRESSION/R02/A07_A08/service-s1.out
14b53a1084a084100cf465be61dfa8d984331552638c58e9cf032d86d90279bd  ??  artifacts/rust-tauri/R04/RR1-G05-E01/negative/n2-zero-match-filter/evidence/R03_REGRESSION/R02/A07_A08/service-s1b.err
485f4dd300231a15fee23c526d24271018b10ab9f95fc45792e5417a6edbfcb2  ??  artifacts/rust-tauri/R04/RR1-G05-E01/negative/n2-zero-match-filter/evidence/R03_REGRESSION/R02/A07_A08/service-s1b.out
fddff32d1a1d8cc83171281148114f8f6a7020e9e683ec0491c2e7850968ac89  ??  artifacts/rust-tauri/R04/RR1-G05-E01/negative/n2-zero-match-filter/evidence/R03_REGRESSION/R02/A07_A08/service-s2.err
3f53fba2709f19bb9e02fadd4c17019eec9a61334a8c5804b37f2cf3c4b5a612  ??  artifacts/rust-tauri/R04/RR1-G05-E01/negative/n2-zero-match-filter/evidence/R03_REGRESSION/R02/A07_A08/service-s2.out
bfb6778764c086e5f53243113b3b2aaf89f6a3ca0ad5ac0b50a27f8a72329956  ??  artifacts/rust-tauri/R04/RR1-G05-E01/negative/n2-zero-match-filter/evidence/R03_REGRESSION/R02/A07_A08/service-s2b.err
312450b7e9c9ec9500f095db511c59d8dcb427be277bdb650b1dc65c717432d4  ??  artifacts/rust-tauri/R04/RR1-G05-E01/negative/n2-zero-match-filter/evidence/R03_REGRESSION/R02/A07_A08/service-s2b.out
ce1cfccfea74e4d8382eb8c90f09d1b91408941d81ae276d92049c17ef53b4d8  ??  artifacts/rust-tauri/R04/RR1-G05-E01/negative/n2-zero-match-filter/evidence/R03_REGRESSION/R02/A07_A08/service-s4-1.err
42f6b94dc8c4184637ed3067c68722408edfac24ddb32f57711b8144a26d4c20  ??  artifacts/rust-tauri/R04/RR1-G05-E01/negative/n2-zero-match-filter/evidence/R03_REGRESSION/R02/A07_A08/service-s4-1.out
ec47907c29291f2aeb8696e89e274c99b891110555d2625eaedea4451a537ce6  ??  artifacts/rust-tauri/R04/RR1-G05-E01/negative/n2-zero-match-filter/evidence/R03_REGRESSION/R02/A07_A08/service-s4-2.err
37408ebeb37afc15099c6d5cd146ac5f6c09505a79012b4637c2bbc630c649d0  ??  artifacts/rust-tauri/R04/RR1-G05-E01/negative/n2-zero-match-filter/evidence/R03_REGRESSION/R02/A07_A08/service-s4-2.out
3192e910ad72c4f9bf64272ad53503c60f43fb6c43677d4a2f7d06de2da36c5d  ??  artifacts/rust-tauri/R04/RR1-G05-E01/negative/n2-zero-match-filter/evidence/R03_REGRESSION/R02/A07_A08/service-s4-3.err
ddd3d57c52de0cda61179b61b979339ac09e156794a7bc5072aa07d5e5200d5a  ??  artifacts/rust-tauri/R04/RR1-G05-E01/negative/n2-zero-match-filter/evidence/R03_REGRESSION/R02/A07_A08/service-s4-3.out
98cdc655481d458ffbddafde4c5d99c5287ca99de476e233f243918d0513d41a  ??  artifacts/rust-tauri/R04/RR1-G05-E01/negative/n2-zero-match-filter/evidence/R03_REGRESSION/R02/A07_A08/service.addr
d0faa3f5938ed82d19f3937f735ce80fc8f06737156bfbd3cf74c474ffd8f104  ??  artifacts/rust-tauri/R04/RR1-G05-E01/negative/n2-zero-match-filter/evidence/R03_REGRESSION/R02/A07_A08/service.pid
1c42fa08a9ec39a4d1b77312f9a6bab7419b66327dad965e050fc487aef2b0f6  ??  artifacts/rust-tauri/R04/RR1-G05-E01/negative/n2-zero-match-filter/evidence/R03_REGRESSION/R02/A07_A08/summary.txt
0a1dfc36b710d724a83679e296da66ae20417608389daf0044843196f12dbcdd  ??  artifacts/rust-tauri/R04/RR1-G05-E01/negative/n2-zero-match-filter/evidence/R03_REGRESSION/R02/A09_A10/a09-merged-view.json
d95f9f2316e40e8b22d36946ad5f1de4e362e399da83da416d681a84a89559bd  ??  artifacts/rust-tauri/R04/RR1-G05-E01/negative/n2-zero-match-filter/evidence/R03_REGRESSION/R02/A09_A10/a10-rebuild-diff.json
e48da32d58363f51c1f91b108f56f43d69d923124d224bf534839b8222ce2cc5  ??  artifacts/rust-tauri/R04/RR1-G05-E01/negative/n2-zero-match-filter/evidence/R03_REGRESSION/R02/A09_A10/key-events-dump.json
ea1bcfe15ea6d016c064f4c20985802010f6054a84c0c98e6dbb068d7af86795  ??  artifacts/rust-tauri/R04/RR1-G05-E01/negative/n2-zero-match-filter/evidence/R03_REGRESSION/R02/A09_A10/matrix.json
57c0dda0be2d6268544efd71832473f6bc6edabd29587f64a6685d9802736da6  ??  artifacts/rust-tauri/R04/RR1-G05-E01/negative/n2-zero-match-filter/evidence/R03_REGRESSION/R02/A09_A10/probe-matrix.jsonl
557e3bf7972027a1f36b689491c83df7b96433f13d7843718f5eb28b84b18801  ??  artifacts/rust-tauri/R04/RR1-G05-E01/negative/n2-zero-match-filter/evidence/R03_REGRESSION/R02/A09_A10/service.err
833a1683a933fda54c197ad62595b600c4fb76e8006b16404f78ec60c24f079b  ??  artifacts/rust-tauri/R04/RR1-G05-E01/negative/n2-zero-match-filter/evidence/R03_REGRESSION/R02/A09_A10/service.out
b57e9ebf21aad2135985d38aff486d478ad78071ac7bad551d5b37447e8cf85b  ??  artifacts/rust-tauri/R04/RR1-G05-E01/negative/n2-zero-match-filter/evidence/R03_REGRESSION/R02/A09_A10/summary.txt
dd63f79ce1a39fdef735dbb9eb292c3f8a45db77c2513d3cc7379e5dbe13749e  ??  artifacts/rust-tauri/R04/RR1-G05-E01/negative/n2-zero-match-filter/evidence/R03_REGRESSION/R02/A11/backup-restore/s1-backup-dir-listing.txt
9e3daac98554a924894c8ba85dabfe343e1cb5dadb9234e85af9f8f1859fa240  ??  artifacts/rust-tauri/R04/RR1-G05-E01/negative/n2-zero-match-filter/evidence/R03_REGRESSION/R02/A11/backup-restore/s1-backup-outcome.json
e3b0c44298fc1c149afbf4c8996fb92427ae41e4649b934ca495991b7852b855  ??  artifacts/rust-tauri/R04/RR1-G05-E01/negative/n2-zero-match-filter/evidence/R03_REGRESSION/R02/A11/backup-restore/s1-backup.err
603458d8c40d3b682f9ffcb4798f83a6667d2b35fe184bd951fe1b582b98a144  ??  artifacts/rust-tauri/R04/RR1-G05-E01/negative/n2-zero-match-filter/evidence/R03_REGRESSION/R02/A11/backup-restore/s1-restore-outcome.json
e3b0c44298fc1c149afbf4c8996fb92427ae41e4649b934ca495991b7852b855  ??  artifacts/rust-tauri/R04/RR1-G05-E01/negative/n2-zero-match-filter/evidence/R03_REGRESSION/R02/A11/backup-restore/s1-restore.err
3c8ffbb7eb5509f0d889a3dc81cbe334e3b6c6195aebc0e77e724734f317f573  ??  artifacts/rust-tauri/R04/RR1-G05-E01/negative/n2-zero-match-filter/evidence/R03_REGRESSION/R02/A11/backup-restore/s1-restored-dump.jsonl
b0c634e6716a7cad53136ac5c9186cd024d8e60a78c2a55a3ce3bba14792addf  ??  artifacts/rust-tauri/R04/RR1-G05-E01/negative/n2-zero-match-filter/evidence/R03_REGRESSION/R02/A11/backup-restore/s1-restored-hash.txt
3c8ffbb7eb5509f0d889a3dc81cbe334e3b6c6195aebc0e77e724734f317f573  ??  artifacts/rust-tauri/R04/RR1-G05-E01/negative/n2-zero-match-filter/evidence/R03_REGRESSION/R02/A11/backup-restore/s1-source-dump.jsonl
537f53a3c22d41a1f4f7e7e70dd4de8fe9a02e7fa4cb04a3bf1e1fdb8b0d8102  ??  artifacts/rust-tauri/R04/RR1-G05-E01/negative/n2-zero-match-filter/evidence/R03_REGRESSION/R02/A11/backup-restore/s1-source-hash.txt
951e1f2cedf4a978898a4f9e620777561b8381ece9faf4223f8594a201f47f74  ??  artifacts/rust-tauri/R04/RR1-G05-E01/negative/n2-zero-match-filter/evidence/R03_REGRESSION/R02/A11/backup-restore/s1-wal-size.txt
e3b0c44298fc1c149afbf4c8996fb92427ae41e4649b934ca495991b7852b855  ??  artifacts/rust-tauri/R04/RR1-G05-E01/negative/n2-zero-match-filter/evidence/R03_REGRESSION/R02/A11/backup-restore/s3-backup-out.json
ab02246925890c421b11b6b86ae79d4933935ca5d2781081e4366ddc2e45001d  ??  artifacts/rust-tauri/R04/RR1-G05-E01/negative/n2-zero-match-filter/evidence/R03_REGRESSION/R02/A11/backup-restore/s3-backup.err
9b33c4d50a9f7a0434980244454a85ce4288c7323241cf9ff22c50e6b8f8dd85  ??  artifacts/rust-tauri/R04/RR1-G05-E01/negative/n2-zero-match-filter/evidence/R03_REGRESSION/R02/A11/backup-restore/s4-ws-probe.json
a4c3ed04a95a3da14a9d235c83d868bed7c0f45cf7f3faa751ee8f50598d2211  ??  artifacts/rust-tauri/R04/RR1-G05-E01/negative/n2-zero-match-filter/evidence/R03_REGRESSION/R02/A11/backup-restore/s4-ws-probe.json.probe-done
64b5eb2794456842729c13ce9427e9abfbf5f0176b41bb2eb74fb39d2d15d157  ??  artifacts/rust-tauri/R04/RR1-G05-E01/negative/n2-zero-match-filter/evidence/R03_REGRESSION/R02/A11/backup-restore/service-s1.addr
cba061070aeb20d64ace58d760cb0d7d74a609f1a3c03ed21d5c7dbf5c0414bd  ??  artifacts/rust-tauri/R04/RR1-G05-E01/negative/n2-zero-match-filter/evidence/R03_REGRESSION/R02/A11/backup-restore/service-s1.err
dc29b66ea3ec70732c1149bd680387388b9da0ddceb79104a5e484bf9bfe665b  ??  artifacts/rust-tauri/R04/RR1-G05-E01/negative/n2-zero-match-filter/evidence/R03_REGRESSION/R02/A11/backup-restore/service-s1.out
aa1684015ad422dce574cf26755a90cd31857665d62a7c123104e43dc2fe064e  ??  artifacts/rust-tauri/R04/RR1-G05-E01/negative/n2-zero-match-filter/evidence/R03_REGRESSION/R02/A11/backup-restore/service-s2.addr
265d5d3271460cdb115720bebd0975b66f27338bd48dfa27f214971fd51fb873  ??  artifacts/rust-tauri/R04/RR1-G05-E01/negative/n2-zero-match-filter/evidence/R03_REGRESSION/R02/A11/backup-restore/service-s2.err
6a433185fc014373601a84609bcc9611e95299e2ec95f644180f58ab565d050d  ??  artifacts/rust-tauri/R04/RR1-G05-E01/negative/n2-zero-match-filter/evidence/R03_REGRESSION/R02/A11/backup-restore/service-s2.out
f1d37063381a7cd5f7d959c97bc7d78b76b27c46555e5a3b1d7c9e22f543bda3  ??  artifacts/rust-tauri/R04/RR1-G05-E01/negative/n2-zero-match-filter/evidence/R03_REGRESSION/R02/A11/backup-restore/service-s4.addr
a58829b5372777a2c1e249ace73c78ed6f81719f05f021cdc81bfc4c07363694  ??  artifacts/rust-tauri/R04/RR1-G05-E01/negative/n2-zero-match-filter/evidence/R03_REGRESSION/R02/A11/backup-restore/service-s4.err
7eed830da6a8904e7bc35f1cb2a1b18b729f710f852ba5581851ab384f21b9e6  ??  artifacts/rust-tauri/R04/RR1-G05-E01/negative/n2-zero-match-filter/evidence/R03_REGRESSION/R02/A11/backup-restore/service-s4.out
051bae069e67871dfc36e0b70cb36a148b2af9fa8c2b39ffb55ad813f183aaf0  ??  artifacts/rust-tauri/R04/RR1-G05-E01/negative/n2-zero-match-filter/evidence/R03_REGRESSION/R02/A11/backup-restore/service.pid
7e2e6b484a54ebaec859abb6fb4fe9137fea20c753555d04c9344a7601875172  ??  artifacts/rust-tauri/R04/RR1-G05-E01/negative/n2-zero-match-filter/evidence/R03_REGRESSION/R02/A11/backup-restore/summary.txt
ea1b0cdc0600b976f2312e4edac42fda8eeb8e6e51cf8dd84422212b768048cd  ??  artifacts/rust-tauri/R04/RR1-G05-E01/negative/n2-zero-match-filter/evidence/R03_REGRESSION/R02/A12/recovery-drill/coexist-after.txt
ea1b0cdc0600b976f2312e4edac42fda8eeb8e6e51cf8dd84422212b768048cd  ??  artifacts/rust-tauri/R04/RR1-G05-E01/negative/n2-zero-match-filter/evidence/R03_REGRESSION/R02/A12/recovery-drill/coexist-before.txt
d1031707dc7f05954a8817b7e274752a10320990ffa8cbcb058a51f9783df766  ??  artifacts/rust-tauri/R04/RR1-G05-E01/negative/n2-zero-match-filter/evidence/R03_REGRESSION/R02/A12/recovery-drill/own-created-homes.txt
0e0e6d91a7af6900004da1486fd5f59ea3b57f4f38b4946527c163dc75349cc1  ??  artifacts/rust-tauri/R04/RR1-G05-E01/negative/n2-zero-match-filter/evidence/R03_REGRESSION/R02/A12/recovery-drill/summary.txt
7b2f675d535131e9ee3b95eb996b520af42000b1efea572dc62eff72fd758a84  ??  artifacts/rust-tauri/R04/RR1-G05-E01/negative/n2-zero-match-filter/evidence/R03_REGRESSION/R02/A12/recovery-drill/v1-hashes-after.txt
7b2f675d535131e9ee3b95eb996b520af42000b1efea572dc62eff72fd758a84  ??  artifacts/rust-tauri/R04/RR1-G05-E01/negative/n2-zero-match-filter/evidence/R03_REGRESSION/R02/A12/recovery-drill/v1-hashes-before.txt
1a9e2e3b73556543095ec9d30909a85751f471cf9df552d258dec6f46f3f71c3  ??  artifacts/rust-tauri/R04/RR1-G05-E01/negative/n2-zero-match-filter/evidence/R03_REGRESSION/R02/A12/recovery-drill/v1.err
e3b0c44298fc1c149afbf4c8996fb92427ae41e4649b934ca495991b7852b855  ??  artifacts/rust-tauri/R04/RR1-G05-E01/negative/n2-zero-match-filter/evidence/R03_REGRESSION/R02/A12/recovery-drill/v1.out
fcb269f1fc43e20619871bab0f6e464d30773313e55b17f725fc62249ab521be  ??  artifacts/rust-tauri/R04/RR1-G05-E01/negative/n2-zero-match-filter/evidence/R03_REGRESSION/R02/A12/recovery-drill/v2-hashes-after.txt
fcb269f1fc43e20619871bab0f6e464d30773313e55b17f725fc62249ab521be  ??  artifacts/rust-tauri/R04/RR1-G05-E01/negative/n2-zero-match-filter/evidence/R03_REGRESSION/R02/A12/recovery-drill/v2-hashes-before.txt
aab9304ebeca4df1223a2b0f3dda2b2ba73ed1580e5bfd2c05a105c0b9077f78  ??  artifacts/rust-tauri/R04/RR1-G05-E01/negative/n2-zero-match-filter/evidence/R03_REGRESSION/R02/A12/recovery-drill/v2.err
e3b0c44298fc1c149afbf4c8996fb92427ae41e4649b934ca495991b7852b855  ??  artifacts/rust-tauri/R04/RR1-G05-E01/negative/n2-zero-match-filter/evidence/R03_REGRESSION/R02/A12/recovery-drill/v2.out
a33ffd69acb495d9a221778bb2317e4cef00e4d752d794b9c1267890666ec43d  ??  artifacts/rust-tauri/R04/RR1-G05-E01/negative/n2-zero-match-filter/evidence/R03_REGRESSION/R02/A12/recovery-drill/v3-hashes-after.txt
a33ffd69acb495d9a221778bb2317e4cef00e4d752d794b9c1267890666ec43d  ??  artifacts/rust-tauri/R04/RR1-G05-E01/negative/n2-zero-match-filter/evidence/R03_REGRESSION/R02/A12/recovery-drill/v3-hashes-before.txt
92497d1beca992f4ca649e321712c14cfc8719cae657495a6f4dcbea8241cfac  ??  artifacts/rust-tauri/R04/RR1-G05-E01/negative/n2-zero-match-filter/evidence/R03_REGRESSION/R02/A12/recovery-drill/v3.err
e3b0c44298fc1c149afbf4c8996fb92427ae41e4649b934ca495991b7852b855  ??  artifacts/rust-tauri/R04/RR1-G05-E01/negative/n2-zero-match-filter/evidence/R03_REGRESSION/R02/A12/recovery-drill/v3.out
4daf063e73d6abe280faf90314d40b4e0acdf8fffdbad8c3b95698a99f1748c6  ??  artifacts/rust-tauri/R04/RR1-G05-E01/negative/n2-zero-match-filter/evidence/R03_REGRESSION/R02/A12/recovery-drill/v4.err
2753a3ec8407e564e4ac8674c6497639934e4beeb2f504fe579400caba2378a1  ??  artifacts/rust-tauri/R04/RR1-G05-E01/negative/n2-zero-match-filter/evidence/R03_REGRESSION/R02/A12/recovery-drill/v4.out
20b578ff809020a06d00abf6bf197b3c461f5f4acf447d851c30f53eecf21fc9  ??  artifacts/rust-tauri/R04/RR1-G05-E01/negative/n2-zero-match-filter/evidence/R03_REGRESSION/R02/A12/recovery-drill/v5-hashes-after.txt
20b578ff809020a06d00abf6bf197b3c461f5f4acf447d851c30f53eecf21fc9  ??  artifacts/rust-tauri/R04/RR1-G05-E01/negative/n2-zero-match-filter/evidence/R03_REGRESSION/R02/A12/recovery-drill/v5-hashes-before.txt
8fac04d65a9635c7e21cfa7c06c73b984cfc0586dc5dd79ee9415baf4ef76086  ??  artifacts/rust-tauri/R04/RR1-G05-E01/negative/n2-zero-match-filter/evidence/R03_REGRESSION/R02/A12/recovery-drill/v5.err
e3b0c44298fc1c149afbf4c8996fb92427ae41e4649b934ca495991b7852b855  ??  artifacts/rust-tauri/R04/RR1-G05-E01/negative/n2-zero-match-filter/evidence/R03_REGRESSION/R02/A12/recovery-drill/v5.out
a963530b88f2cdc1ad0b03bdb3cbb774fbd6a1ebecc03d59318c6023747f7d7b  ??  artifacts/rust-tauri/R04/RR1-G05-E01/negative/n2-zero-match-filter/evidence/R03_REGRESSION/R02/A12/recovery-drill/v6-recovered-dump.jsonl
27badc983df1780b60c2b3fa9d3a19a00e46aac798451f0febdca52920faaddf  ??  artifacts/rust-tauri/R04/RR1-G05-E01/negative/n2-zero-match-filter/evidence/R03_REGRESSION/R02/A12/recovery-drill/v6-seed-execute.txt
955d660130560a56b08a61d1c82fe27ca815bf9ccf9b9e7daca5faba1d124f34  ??  artifacts/rust-tauri/R04/RR1-G05-E01/negative/n2-zero-match-filter/evidence/R03_REGRESSION/R02/A12/recovery-drill/v6-seed.err
ef6a59e82d17e8b99d527298bd5ce6dfeb274d64aa24652f217dc925c2cb886e  ??  artifacts/rust-tauri/R04/RR1-G05-E01/negative/n2-zero-match-filter/evidence/R03_REGRESSION/R02/A12/recovery-drill/v6-seed.out
ebcc16b80e9d24758fa0b88777083108703da76df7ad0a4e9b4388125d4567e2  ??  artifacts/rust-tauri/R04/RR1-G05-E01/negative/n2-zero-match-filter/evidence/R03_REGRESSION/R02/A12/recovery-drill/v6.err
70557cbb2c885197f981f2754e0432490bca4df796725725f43b310abf91a016  ??  artifacts/rust-tauri/R04/RR1-G05-E01/negative/n2-zero-match-filter/evidence/R03_REGRESSION/R02/A12/recovery-drill/v6.out
12c6d35f39380956ff32927d68f806780ca14d5d1753de349ec8d09d84bfa419  ??  artifacts/rust-tauri/R04/RR1-G05-E01/negative/n2-zero-match-filter/evidence/R03_REGRESSION/R02/A12/recovery-drill/v7-hashes-after.txt
12c6d35f39380956ff32927d68f806780ca14d5d1753de349ec8d09d84bfa419  ??  artifacts/rust-tauri/R04/RR1-G05-E01/negative/n2-zero-match-filter/evidence/R03_REGRESSION/R02/A12/recovery-drill/v7-hashes-before.txt
95b951650998e631ba8849f8f83eb465ed6638b899dcaa85efd1ac0048b5c249  ??  artifacts/rust-tauri/R04/RR1-G05-E01/negative/n2-zero-match-filter/evidence/R03_REGRESSION/R02/A12/recovery-drill/v7-seed.err
97530bff101d7482943f5011db50df6378f801a6cbeff2647709ce22552d2a3d  ??  artifacts/rust-tauri/R04/RR1-G05-E01/negative/n2-zero-match-filter/evidence/R03_REGRESSION/R02/A12/recovery-drill/v7-seed.out
c35fda7c75e752b17f0f58635ef89667afe2e99a6e3b0c8d20b3e1ef21742f49  ??  artifacts/rust-tauri/R04/RR1-G05-E01/negative/n2-zero-match-filter/evidence/R03_REGRESSION/R02/A12/recovery-drill/v7.err
e3b0c44298fc1c149afbf4c8996fb92427ae41e4649b934ca495991b7852b855  ??  artifacts/rust-tauri/R04/RR1-G05-E01/negative/n2-zero-match-filter/evidence/R03_REGRESSION/R02/A12/recovery-drill/v7.out
869d5826638240ca3f00252ac466a716ee1682a4f0d40edacf27011593d7b71b  ??  artifacts/rust-tauri/R04/RR1-G05-E01/negative/n2-zero-match-filter/evidence/R03_REGRESSION/R02/A12/recovery-drill/v8-observed.err
0bbd02be53f45c469a04b60dc6de73b68c513e215b4f3ccc17cc6ee5ac79f50b  ??  artifacts/rust-tauri/R04/RR1-G05-E01/negative/n2-zero-match-filter/evidence/R03_REGRESSION/R02/A12/recovery-drill/v8-seed.err
ecb2f5f1c277d1e8e9bbadde07304df6aad4bf1a72652689d5b539a142faca23  ??  artifacts/rust-tauri/R04/RR1-G05-E01/negative/n2-zero-match-filter/evidence/R03_REGRESSION/R02/A12/recovery-drill/v8-seed.out
869d5826638240ca3f00252ac466a716ee1682a4f0d40edacf27011593d7b71b  ??  artifacts/rust-tauri/R04/RR1-G05-E01/negative/n2-zero-match-filter/evidence/R03_REGRESSION/R02/A12/recovery-drill/v8.err
08c8f61977cca7797a1af0abe9e4c101db87c1df2b1552a6669991d9832b6bff  ??  artifacts/rust-tauri/R04/RR1-G05-E01/negative/n2-zero-match-filter/evidence/R03_REGRESSION/R02/A12/recovery-drill/v8.out
854b32c9c069097125b72cb47b1a6801972810bf9dd3490f3edea3707d6fb0df  ??  artifacts/rust-tauri/R04/RR1-G05-E01/negative/n2-zero-match-filter/evidence/R03_REGRESSION/R02/A15/full-chain/pre-restart-head.json
e3b0c44298fc1c149afbf4c8996fb92427ae41e4649b934ca495991b7852b855  ??  artifacts/rust-tauri/R04/RR1-G05-E01/negative/n2-zero-match-filter/evidence/R03_REGRESSION/R02/A15/full-chain/probe1.err
c503938a1e0aa65a4ed18b332a5322f695fa2a92a0e6757c08e9568867831570  ??  artifacts/rust-tauri/R04/RR1-G05-E01/negative/n2-zero-match-filter/evidence/R03_REGRESSION/R02/A15/full-chain/probe1.pass-lines
e3b0c44298fc1c149afbf4c8996fb92427ae41e4649b934ca495991b7852b855  ??  artifacts/rust-tauri/R04/RR1-G05-E01/negative/n2-zero-match-filter/evidence/R03_REGRESSION/R02/A15/full-chain/probe2.err
28a411dc95be7e6596d2954fdbecf8eb034d9f8dc1248ab1d111c07c1c218b89  ??  artifacts/rust-tauri/R04/RR1-G05-E01/negative/n2-zero-match-filter/evidence/R03_REGRESSION/R02/A15/full-chain/probe2.pass-lines
b23b4fa40b65a2be2ebabb12033cc777ad5760debcfa0a38133bc0a2582c9710  ??  artifacts/rust-tauri/R04/RR1-G05-E01/negative/n2-zero-match-filter/evidence/R03_REGRESSION/R02/A15/full-chain/service1.err
b7200d01001ed40d919162945dc07bf3aecb5dd7adfbe96f449102b3ab27598a  ??  artifacts/rust-tauri/R04/RR1-G05-E01/negative/n2-zero-match-filter/evidence/R03_REGRESSION/R02/A15/full-chain/service1.out
1b287a1bde421deb84e874401845235baf4f442a42e2990fed9071ff05548804  ??  artifacts/rust-tauri/R04/RR1-G05-E01/negative/n2-zero-match-filter/evidence/R03_REGRESSION/R02/A15/full-chain/service2.err
2aaffbdcc703c7fbfabc1e837d3c9c66f863f2157cdab084df90ef7bf4553471  ??  artifacts/rust-tauri/R04/RR1-G05-E01/negative/n2-zero-match-filter/evidence/R03_REGRESSION/R02/A15/full-chain/service2.out
e960cc8918dcc8e3662b5dee597da77fe69a0403812a4230cd0b202081dccbad  ??  artifacts/rust-tauri/R04/RR1-G05-E01/negative/n2-zero-match-filter/evidence/R03_REGRESSION/R02/A15/full-chain/summary.txt
71cf373b417d4284ba7a528bd1f041fb27165c14848fe02c6a9e111b30977139  ??  artifacts/rust-tauri/R04/RR1-G05-E01/negative/n2-zero-match-filter/evidence/R03_REGRESSION/R02/A16/legacy-entry/e0-candidate-binding.tsv
c6f6c3fc8c0d01e3110029f8e7867883b1f4d77d0cf26809e2540c39052d6a18  ??  artifacts/rust-tauri/R04/RR1-G05-E01/negative/n2-zero-match-filter/evidence/R03_REGRESSION/R02/A16/legacy-entry/e0-candidate-dirty.diff
75e82802779cdf96cab8d44191639f77703cd12dbe42431ed517ff6ae421a969  ??  artifacts/rust-tauri/R04/RR1-G05-E01/negative/n2-zero-match-filter/evidence/R03_REGRESSION/R02/A16/legacy-entry/e0-candidate-dirty.txt
4653e962af8ba94631c204692bb07d06228f25538fd8f14da85508fc3940c957  ??  artifacts/rust-tauri/R04/RR1-G05-E01/negative/n2-zero-match-filter/evidence/R03_REGRESSION/R02/A16/legacy-entry/summary.txt
54ad00e1a3badf91c75d113e8238c8889e80e5be0d300c90ea19d4ba92859278  ??  artifacts/rust-tauri/R04/RR1-G05-E01/negative/n2-zero-match-filter/evidence/R03_REGRESSION/candidate-source-after.json
54ad00e1a3badf91c75d113e8238c8889e80e5be0d300c90ea19d4ba92859278  ??  artifacts/rust-tauri/R04/RR1-G05-E01/negative/n2-zero-match-filter/evidence/R03_REGRESSION/candidate-source-before.json
99556b6c1d814fec35831e6ea86231681e5d9f87d920ab2b0577a482ebb6aad3  ??  artifacts/rust-tauri/R04/RR1-G05-E01/negative/n2-zero-match-filter/evidence/R03_REGRESSION/verify-stage-result.json
99ec153a7d21406ee523f6ac98288f49e52c29d28289ba29ba60cfa096b7fb22  ??  artifacts/rust-tauri/R04/RR1-G05-E01/negative/n2-zero-match-filter/evidence/R04_MATRIX/summary.txt
03e75607ce89dd2e535b6cf22efaed7cf04a57924ed973dec1a260cb30c15557  ??  artifacts/rust-tauri/R04/RR1-G05-E01/negative/n2-zero-match-filter/evidence/R04_RR1_REPAIR/cases.jsonl
b4fd3ba1d5faec40aabb94b266bc3484540894de3ccac3756469a6737878300a  ??  artifacts/rust-tauri/R04/RR1-G05-E01/negative/n2-zero-match-filter/evidence/R04_RR1_REPAIR/cid-table.txt
e3b0c44298fc1c149afbf4c8996fb92427ae41e4649b934ca495991b7852b855  ??  artifacts/rust-tauri/R04/RR1-G05-E01/negative/n2-zero-match-filter/evidence/R04_RR1_REPAIR/gaps.txt
ba844bee5f873a8bb6499613c3ac20e7d0807fd4d848e52c3021047ed6b60bd7  ??  artifacts/rust-tauri/R04/RR1-G05-E01/negative/n2-zero-match-filter/evidence/R04_RR1_REPAIR/pin-table.txt
e3a88bae43771884e0e5533f962b936823b53d97a6a31a19b8bbdf8fd6ea8ad8  ??  artifacts/rust-tauri/R04/RR1-G05-E01/negative/n2-zero-match-filter/evidence/R04_RR1_REPAIR/rr1-cases.json
65dbeb078bd00376f9875042490b67e13b023858e0b3046ce6d60c68352c2130  ??  artifacts/rust-tauri/R04/RR1-G05-E01/negative/n2-zero-match-filter/evidence/R04_RR1_REPAIR/summary.txt
54ad00e1a3badf91c75d113e8238c8889e80e5be0d300c90ea19d4ba92859278  ??  artifacts/rust-tauri/R04/RR1-G05-E01/negative/n2-zero-match-filter/evidence/candidate-source-after.json
54ad00e1a3badf91c75d113e8238c8889e80e5be0d300c90ea19d4ba92859278  ??  artifacts/rust-tauri/R04/RR1-G05-E01/negative/n2-zero-match-filter/evidence/candidate-source-before.json
99cd623a5edc709e00c9a2f1a11de3a2e670cff10a333284b77a8e342e80fdbe  ??  artifacts/rust-tauri/R04/RR1-G05-E01/negative/n2-zero-match-filter/evidence/verify-stage-result.json
4355a46b19d348dc2f57c046f8ef63d4538ebb936000f3c9ee954a27460dd865  ??  artifacts/rust-tauri/R04/RR1-G05-E01/negative/n2-zero-match-filter/exit-code.txt
f5b0981175fe9bd307c7bb4e8dcb8490cfa58585d62d9c3e2f7eb03e4e875e54  ??  artifacts/rust-tauri/R04/RR1-G05-E01/negative/n3-missing-evidence-file/evidence/R03_REGRESSION/A15/cases/background-run-completes-decoupled.json
fda5f46e011354371ff149d97818d48d3b78dca205e17e8a7b39dba1cb4013e6  ??  artifacts/rust-tauri/R04/RR1-G05-E01/negative/n3-missing-evidence-file/evidence/R03_REGRESSION/A15/cases/background-survives-unrelated-cancel.json
92eebd1162583e5ed42a8e61a80b5c84e94753ed6562c35c930ebb65f6e23f01  ??  artifacts/rust-tauri/R04/RR1-G05-E01/negative/n3-missing-evidence-file/evidence/R03_REGRESSION/A15/cases/cancel-live-run-accepted-terminal-cancelled.json
edc380e78d3b8f95b51f12c2bbfcb702760327da3f20bd6c9f456b5c7e0934de  ??  artifacts/rust-tauri/R04/RR1-G05-E01/negative/n3-missing-evidence-file/evidence/R03_REGRESSION/A15/cases/cancel-terminal-run-already-terminal.json
e320e539d701e4f285fcff1a42629b28016fa5f103e77fccb5c1ddf921155742  ??  artifacts/rust-tauri/R04/RR1-G05-E01/negative/n3-missing-evidence-file/evidence/R03_REGRESSION/A15/cases/cancel-unknown-run-not-found.json
a513a19cd5ca9bc857d2e01c9be7ec61e3e5677e7d1948db618b31fb7aba127a  ??  artifacts/rust-tauri/R04/RR1-G05-E01/negative/n3-missing-evidence-file/evidence/R03_REGRESSION/A15/cases/cancel-waiting-approval-cancels-cleanly.json
602b436fbd1f0de778ca086853030197fe28a3fde1a5f694ebea64e4f8779c8a  ??  artifacts/rust-tauri/R04/RR1-G05-E01/negative/n3-missing-evidence-file/evidence/R03_REGRESSION/A15/cases/combo-cancel-stream-terminal-cancelled.json
b24ff9cdbb08092492dd68815bdf3c4a6f38c8e2a42cd79c30abbfcacdfef745  ??  artifacts/rust-tauri/R04/RR1-G05-E01/negative/n3-missing-evidence-file/evidence/R03_REGRESSION/A15/cases/combo-crash-recovery-honest-interrupted.json
d9e8dea9429b0f0c9fc86be7f31dcd96b4b227e1174dcdea6d1f00b177ec2987  ??  artifacts/rust-tauri/R04/RR1-G05-E01/negative/n3-missing-evidence-file/evidence/R03_REGRESSION/A15/cases/combo-cross-session-both-complete.json
106bebd1aa293f120bb83f22b33de1e19ae817a4963587e2ee17be8731293349  ??  artifacts/rust-tauri/R04/RR1-G05-E01/negative/n3-missing-evidence-file/evidence/R03_REGRESSION/A15/cases/combo-duplicate-conflict-rejected.json
eafb37ffcb4d76d45d58a64d80d9ef413064c1f979d64ba1cc2e609d147963fc  ??  artifacts/rust-tauri/R04/RR1-G05-E01/negative/n3-missing-evidence-file/evidence/R03_REGRESSION/A15/cases/combo-duplicate-replay-no-second-run.json
346e6cb6ae16f125e4bbfdbf24d2bbcf63c92fa9642b2676fa06a78bfa1e8fdb  ??  artifacts/rust-tauri/R04/RR1-G05-E01/negative/n3-missing-evidence-file/evidence/R03_REGRESSION/A15/cases/combo-events-subscriber-saw-terminal.json
97a0c8f8404d1c042f8f7efd240d5d5f5446103b21bcccf9c5c90461b6082043  ??  artifacts/rust-tauri/R04/RR1-G05-E01/negative/n3-missing-evidence-file/evidence/R03_REGRESSION/A15/cases/combo-multi-tool-three-calls.json
aa936466e694a90f4087b7ae928f7c9b96ae1450073774fcb29d177dfa59c7b6  ??  artifacts/rust-tauri/R04/RR1-G05-E01/negative/n3-missing-evidence-file/evidence/R03_REGRESSION/A15/cases/combo-multi-turn-one-terminal.json
f7bdd9e301d37d6a062e13225cfc84d7e96c1f88cd75d34e300ab00dd0fad0a0  ??  artifacts/rust-tauri/R04/RR1-G05-E01/negative/n3-missing-evidence-file/evidence/R03_REGRESSION/A15/cases/combo-normal-run-completed.json
51d8bd26cb2f29bee74097b5ef9a36e3389a56a1c7127e86fa36d75a8106659e  ??  artifacts/rust-tauri/R04/RR1-G05-E01/negative/n3-missing-evidence-file/evidence/R03_REGRESSION/A15/cases/combo-out-of-order-late-result-fenced.json
e18f1fcb5cc4af47da6184707fb88e0c0ed656f1fafffe8020a3001c9826c931  ??  artifacts/rust-tauri/R04/RR1-G05-E01/negative/n3-missing-evidence-file/evidence/R03_REGRESSION/A15/cases/combo-timeout-budget-loud-failure.json
ccbc0f5c630f404851ca1c561fd5c73421ba9b217ceeff29973b263f05e30888  ??  artifacts/rust-tauri/R04/RR1-G05-E01/negative/n3-missing-evidence-file/evidence/R03_REGRESSION/A15/cases/parent-cancel-stops-child-run.json
d72d7e1151ea38a4eeb9ad435aa66dc376039e41ff714f9f550e1f2c8934585a  ??  artifacts/rust-tauri/R04/RR1-G05-E01/negative/n3-missing-evidence-file/evidence/R03_REGRESSION/A15/cases/reconnect-resume-no-model-restart.json
5d89ed42d309bfcfd13956b901f209eb432200e88c2ae1eea74d6eaffe625b2a  ??  artifacts/rust-tauri/R04/RR1-G05-E01/negative/n3-missing-evidence-file/evidence/R03_REGRESSION/A15/cases/steer-busy-accepted.json
360ccd0c00f5114974f5f2967860d1c339a2e2baa808a2f5dca49f334fe0d386  ??  artifacts/rust-tauri/R04/RR1-G05-E01/negative/n3-missing-evidence-file/evidence/R03_REGRESSION/A15/cases/steer-idle-miss.json
d00e58227225a313e612b18019d7f95a07382b0426ab7fbeb39bc4b05b740cc5  ??  artifacts/rust-tauri/R04/RR1-G05-E01/negative/n3-missing-evidence-file/evidence/R03_REGRESSION/A15/cases/steer-text-drained-into-model-input.json
1d91fbec57470aebfedf338d49c5109fdd0216e02d720737ed53335eb06ae4c8  ??  artifacts/rust-tauri/R04/RR1-G05-E01/negative/n3-missing-evidence-file/evidence/R03_REGRESSION/A15/cases/subagent-child-cancel-stops-child-only.json
25c6b5b26b72b0a4408db94f4f0e40b77faa84d32ccfeaffaf04e29fb20c07c9  ??  artifacts/rust-tauri/R04/RR1-G05-E01/negative/n3-missing-evidence-file/evidence/R03_REGRESSION/A15/cases/subagent-close-thread-closed-status.json
c8d7de61de38e7dfa38ea3376602da5c50882e6d6238c3a1ff61b6ac7df04418  ??  artifacts/rust-tauri/R04/RR1-G05-E01/negative/n3-missing-evidence-file/evidence/R03_REGRESSION/A15/cases/subagent-dispatch-child-lineage-recorded.json
dce5bbb9b54961ee64c8634f90f4f2600975918f6a2590b57b7b28dd425016bd  ??  artifacts/rust-tauri/R04/RR1-G05-E01/negative/n3-missing-evidence-file/evidence/R03_REGRESSION/A15/cases/subagent-escalation-write-denied-zero-children.json
dcd19d358a8a5e560042eee304f1f5460d1c79ba1a64d611fb1007b830562010  ??  artifacts/rust-tauri/R04/RR1-G05-E01/negative/n3-missing-evidence-file/evidence/R03_REGRESSION/A15/cases/subagent-policy-proactive-delegation-default-off.json
ffef3903ae224f661b415622ed9c76da5e265c01a9c15b867f429c1f6d10ef15  ??  artifacts/rust-tauri/R04/RR1-G05-E01/negative/n3-missing-evidence-file/evidence/R03_REGRESSION/A15/cases/subagent-reply-continues-thread.json
d097c60f1416e1febc17bd0959b1c9252ca9be86b6a1e982d42d9240a38b107e  ??  artifacts/rust-tauri/R04/RR1-G05-E01/negative/n3-missing-evidence-file/evidence/R03_REGRESSION/A15/combo-counts.json
4c56fd82542a56017ef5e59d3b0c9752ede52032f31f31c24c2de458153ad296  ??  artifacts/rust-tauri/R04/RR1-G05-E01/negative/n3-missing-evidence-file/evidence/R03_REGRESSION/A15/combos/cancel-approval-wait.json
f861ce9b1dbe64f781134bae916b9c8f2503f4ad8572e98bfc18d180a4e35e33  ??  artifacts/rust-tauri/R04/RR1-G05-E01/negative/n3-missing-evidence-file/evidence/R03_REGRESSION/A15/combos/cancel-stream-read.json
76b74d822e65d068718af971eb29865cc4891a50d128a35b0bc955cc3b6b65a2  ??  artifacts/rust-tauri/R04/RR1-G05-E01/negative/n3-missing-evidence-file/evidence/R03_REGRESSION/A15/combos/crash-recovery.json
ef5545b54a472c39f9b09d995f9ba2e3671618a56d4de3eb7fe4fad24d81f22b  ??  artifacts/rust-tauri/R04/RR1-G05-E01/negative/n3-missing-evidence-file/evidence/R03_REGRESSION/A15/combos/cross-session-parallel.json
7f7fd9a6f050ba6811d5b1d7313d11473f92089a4ec0fd2335779e99b59cdaa1  ??  artifacts/rust-tauri/R04/RR1-G05-E01/negative/n3-missing-evidence-file/evidence/R03_REGRESSION/A15/combos/duplicate-submission.json
fc9b468ae0f2bd2cfff1a3ead3ba02756e59e73dc0c0a0ebb5142456d1ae38a8  ??  artifacts/rust-tauri/R04/RR1-G05-E01/negative/n3-missing-evidence-file/evidence/R03_REGRESSION/A15/combos/leaf-parent-cancel.json
a59635405b3569b1c0c950cb282ecf3749923b36c6b1b5e4d3d21fc3f4458102  ??  artifacts/rust-tauri/R04/RR1-G05-E01/negative/n3-missing-evidence-file/evidence/R03_REGRESSION/A15/combos/leaf-steer.json
fd60e4ca043c4073ddf838b3f0fe918436ede45ff7765efc8f1cad42821186f4  ??  artifacts/rust-tauri/R04/RR1-G05-E01/negative/n3-missing-evidence-file/evidence/R03_REGRESSION/A15/combos/multi-tool.json
075cad25ce0207f3b49138b8d415d0db78da1005207b2f64d282b478bffa44ae  ??  artifacts/rust-tauri/R04/RR1-G05-E01/negative/n3-missing-evidence-file/evidence/R03_REGRESSION/A15/combos/multi-turn-model.json
f94832aef81d68346dd1b25b1ad7312d6bc141a69a616a218b640aa170fbebcb  ??  artifacts/rust-tauri/R04/RR1-G05-E01/negative/n3-missing-evidence-file/evidence/R03_REGRESSION/A15/combos/normal.json
44f5b48c4f288ee214f7053e16857997f1fb66a6be241466141301a16c6872e7  ??  artifacts/rust-tauri/R04/RR1-G05-E01/negative/n3-missing-evidence-file/evidence/R03_REGRESSION/A15/combos/timeout-budget.json
505ecfbac3942739846be3a188cabea9d26c9641628253767c5457bdff2ab44f  ??  artifacts/rust-tauri/R04/RR1-G05-E01/negative/n3-missing-evidence-file/evidence/R03_REGRESSION/A15/leaf-cases.json
e5d7d468d76fefaca846cba19b6791e7d1569f209256489ddb9d80c4fc491a58  ??  artifacts/rust-tauri/R04/RR1-G05-E01/negative/n3-missing-evidence-file/evidence/R03_REGRESSION/A15/summary.txt
9a652a14c5a43c20164935bd4963aa32c2a32445a13a91c504c563352517c3b7  ??  artifacts/rust-tauri/R04/RR1-G05-E01/negative/n3-missing-evidence-file/evidence/R03_REGRESSION/A16/captured-seed.txt
9a652a14c5a43c20164935bd4963aa32c2a32445a13a91c504c563352517c3b7  ??  artifacts/rust-tauri/R04/RR1-G05-E01/negative/n3-missing-evidence-file/evidence/R03_REGRESSION/A16/p2-captured-seed-attempt-0.txt
9a652a14c5a43c20164935bd4963aa32c2a32445a13a91c504c563352517c3b7  ??  artifacts/rust-tauri/R04/RR1-G05-E01/negative/n3-missing-evidence-file/evidence/R03_REGRESSION/A16/p3-replay-1-seed.txt
9a652a14c5a43c20164935bd4963aa32c2a32445a13a91c504c563352517c3b7  ??  artifacts/rust-tauri/R04/RR1-G05-E01/negative/n3-missing-evidence-file/evidence/R03_REGRESSION/A16/p3-replay-2-seed.txt
3fd4aaf96fe0793daf71f6aa3f52fa6c74856c7ddd31d414962724cf4df651d5  ??  artifacts/rust-tauri/R04/RR1-G05-E01/negative/n3-missing-evidence-file/evidence/R03_REGRESSION/A16/seed-mechanism.json
7d823ecd2fe778be4bc9ccdeaa060189bb8c8a9e8bd9737f51cb16fbd9b11f68  ??  artifacts/rust-tauri/R04/RR1-G05-E01/negative/n3-missing-evidence-file/evidence/R03_REGRESSION/A16/summary.txt
5f7ef4991d4afea16fd8cd437d0e0b02f6b194f957746a7850b621807b94391e  ??  artifacts/rust-tauri/R04/RR1-G05-E01/negative/n3-missing-evidence-file/evidence/R03_REGRESSION/G07_REPAIR/cases.jsonl
e3b0c44298fc1c149afbf4c8996fb92427ae41e4649b934ca495991b7852b855  ??  artifacts/rust-tauri/R04/RR1-G05-E01/negative/n3-missing-evidence-file/evidence/R03_REGRESSION/G07_REPAIR/gaps.txt
1f29d43f2cf02b52219bc351e44642ea8aea0b0d413dd9064dac814574a7deff  ??  artifacts/rust-tauri/R04/RR1-G05-E01/negative/n3-missing-evidence-file/evidence/R03_REGRESSION/G07_REPAIR/repair-cases.json
26a0ff2a5dac57c3ecace1b420b6db3294c9ca2c6c05f2a0406edb8b700f1679  ??  artifacts/rust-tauri/R04/RR1-G05-E01/negative/n3-missing-evidence-file/evidence/R03_REGRESSION/G07_REPAIR/summary.txt
f7cb022a051d9bdff4ba34988c4c5dcc8802038b42fa83243041acefe93cfc22  ??  artifacts/rust-tauri/R04/RR1-G05-E01/negative/n3-missing-evidence-file/evidence/R03_REGRESSION/R02/A05_A06/.last-body
1319bbe558a1a9043433da92529bc8c24d2b6fbcabc962836a938e946e273399  ??  artifacts/rust-tauri/R04/RR1-G05-E01/negative/n3-missing-evidence-file/evidence/R03_REGRESSION/R02/A05_A06/body-limit.txt
c0c19dff508a998f0c6e1fbf2643c2d78647cd6495bc53c57d2566877a3abc0b  ??  artifacts/rust-tauri/R04/RR1-G05-E01/negative/n3-missing-evidence-file/evidence/R03_REGRESSION/R02/A05_A06/cli-sessions-limit-case.json
6360883ea8ae93deec52611259a6ce128c487155d833fe7034d98c18dac432f7  ??  artifacts/rust-tauri/R04/RR1-G05-E01/negative/n3-missing-evidence-file/evidence/R03_REGRESSION/R02/A05_A06/creds-after-authz.json
b0967bb4438aad156b24ac9e7615ec64778872d8ba150db41e98e861d59403e1  ??  artifacts/rust-tauri/R04/RR1-G05-E01/negative/n3-missing-evidence-file/evidence/R03_REGRESSION/R02/A05_A06/creds-before-authz.json
e78108d48c331a81c6b4ea2ed529d51ebdaa70dd762d05af7761ae2566c8616f  ??  artifacts/rust-tauri/R04/RR1-G05-E01/negative/n3-missing-evidence-file/evidence/R03_REGRESSION/R02/A05_A06/devices-after-authz.json
adeeaddecfc064d4f1c990e16a65615daedf75604641bf40650a23013ddaa015  ??  artifacts/rust-tauri/R04/RR1-G05-E01/negative/n3-missing-evidence-file/evidence/R03_REGRESSION/R02/A05_A06/devices-before-authz.json
57e234f7069bda809a19458b0c36cd62eb31d212091a18b0afa9a2d6c00af10c  ??  artifacts/rust-tauri/R04/RR1-G05-E01/negative/n3-missing-evidence-file/evidence/R03_REGRESSION/R02/A05_A06/leaf-cases.json
dfb782108a40817d3ad869f43aac34a4ea4502b2e32bc896c25a8c95a4bcf1b6  ??  artifacts/rust-tauri/R04/RR1-G05-E01/negative/n3-missing-evidence-file/evidence/R03_REGRESSION/R02/A05_A06/leaf-cases.ndjson
b26e12ce8a114a8b6cebf946a5c5ca01d6922a387e20bfc4937a8939e192dda6  ??  artifacts/rust-tauri/R04/RR1-G05-E01/negative/n3-missing-evidence-file/evidence/R03_REGRESSION/R02/A05_A06/me-denied-after.sha256
b26e12ce8a114a8b6cebf946a5c5ca01d6922a387e20bfc4937a8939e192dda6  ??  artifacts/rust-tauri/R04/RR1-G05-E01/negative/n3-missing-evidence-file/evidence/R03_REGRESSION/R02/A05_A06/me-denied-before.sha256
9901fa4939e8c0683cc392787126273c429530490fdebe18e68d1ad0c6fc2459  ??  artifacts/rust-tauri/R04/RR1-G05-E01/negative/n3-missing-evidence-file/evidence/R03_REGRESSION/R02/A05_A06/sessions-list-matrix.json
f827c5fda6bce45f4dd7937675ecef4c4362302e73ce8b98a4682e66b9531c3d  ??  artifacts/rust-tauri/R04/RR1-G05-E01/negative/n3-missing-evidence-file/evidence/R03_REGRESSION/R02/A05_A06/state-after-authn.txt
b3fbefa0b9f541767a6883b9bde7d6878e13aac95212b7b9b3b239876ef2d29a  ??  artifacts/rust-tauri/R04/RR1-G05-E01/negative/n3-missing-evidence-file/evidence/R03_REGRESSION/R02/A05_A06/state-after.txt
f827c5fda6bce45f4dd7937675ecef4c4362302e73ce8b98a4682e66b9531c3d  ??  artifacts/rust-tauri/R04/RR1-G05-E01/negative/n3-missing-evidence-file/evidence/R03_REGRESSION/R02/A05_A06/state-before-authz.txt
f827c5fda6bce45f4dd7937675ecef4c4362302e73ce8b98a4682e66b9531c3d  ??  artifacts/rust-tauri/R04/RR1-G05-E01/negative/n3-missing-evidence-file/evidence/R03_REGRESSION/R02/A05_A06/state-before.txt
91af1563379d392aa778d1e6a2d0f227127d6b9850a9052959f9b4a9da6a2b24  ??  artifacts/rust-tauri/R04/RR1-G05-E01/negative/n3-missing-evidence-file/evidence/R03_REGRESSION/R02/A05_A06/summary.txt
d4ecf4169fa54bb2937304bda5deb5832e6d2b47b4c1e14f323554e5e6a1714e  ??  artifacts/rust-tauri/R04/RR1-G05-E01/negative/n3-missing-evidence-file/evidence/R03_REGRESSION/R02/A05_A06/ws-matrix.json
de4ec9a6b42292e18b10c1a0b18e177380c7a2519c21292e72e25968d2b0eac4  ??  artifacts/rust-tauri/R04/RR1-G05-E01/negative/n3-missing-evidence-file/evidence/R03_REGRESSION/R02/A07_A08/last-db-hashes.txt
e613a984930f45c73fa5aa79af6955b0ac56faa30868e1da85d84a96a180eee3  ??  artifacts/rust-tauri/R04/RR1-G05-E01/negative/n3-missing-evidence-file/evidence/R03_REGRESSION/R02/A07_A08/s1-counts-after-stop.json
6e11d3157e36f2f24de72943cc5df97aec8475c1e95a29c6fed9cc451e41da10  ??  artifacts/rust-tauri/R04/RR1-G05-E01/negative/n3-missing-evidence-file/evidence/R03_REGRESSION/R02/A07_A08/s2-counts-after-crash.json
9c20a27213f87e8d0ce659d7e98250eb61f2b05fde8fdded239649a0d1eb1f5f  ??  artifacts/rust-tauri/R04/RR1-G05-E01/negative/n3-missing-evidence-file/evidence/R03_REGRESSION/R02/A07_A08/s2-runs-dump.jsonl
d8e3f78c9dc041d1bdc29d9b98e11b632208d82df6a662439628ad53cdb74759  ??  artifacts/rust-tauri/R04/RR1-G05-E01/negative/n3-missing-evidence-file/evidence/R03_REGRESSION/R02/A07_A08/s3-fault.err
e3b0c44298fc1c149afbf4c8996fb92427ae41e4649b934ca495991b7852b855  ??  artifacts/rust-tauri/R04/RR1-G05-E01/negative/n3-missing-evidence-file/evidence/R03_REGRESSION/R02/A07_A08/s3-fault.out
e31a3f2d3e46f9387bd2fb67b7112d8587782aadbd18ce5b1f11f31805e12add  ??  artifacts/rust-tauri/R04/RR1-G05-E01/negative/n3-missing-evidence-file/evidence/R03_REGRESSION/R02/A07_A08/s4-hashes-after.txt
e31a3f2d3e46f9387bd2fb67b7112d8587782aadbd18ce5b1f11f31805e12add  ??  artifacts/rust-tauri/R04/RR1-G05-E01/negative/n3-missing-evidence-file/evidence/R03_REGRESSION/R02/A07_A08/s4-hashes-before.txt
be160173e2a11425d42d653a40fee569026385686143b8e590cb034adf3938a6  ??  artifacts/rust-tauri/R04/RR1-G05-E01/negative/n3-missing-evidence-file/evidence/R03_REGRESSION/R02/A07_A08/s4-migrations-round1.json
be160173e2a11425d42d653a40fee569026385686143b8e590cb034adf3938a6  ??  artifacts/rust-tauri/R04/RR1-G05-E01/negative/n3-missing-evidence-file/evidence/R03_REGRESSION/R02/A07_A08/s4-migrations-round2.json
be160173e2a11425d42d653a40fee569026385686143b8e590cb034adf3938a6  ??  artifacts/rust-tauri/R04/RR1-G05-E01/negative/n3-missing-evidence-file/evidence/R03_REGRESSION/R02/A07_A08/s4-migrations-round3.json
dedb0ebe7962c6ebd8fe11c41ae9b0886c48010bad5df20ab37a110822cd1d74  ??  artifacts/rust-tauri/R04/RR1-G05-E01/negative/n3-missing-evidence-file/evidence/R03_REGRESSION/R02/A07_A08/service-s1.err
bacac43331bd323aa8dd1784321915d2874e5a886c12ab15402213ffa8cc051f  ??  artifacts/rust-tauri/R04/RR1-G05-E01/negative/n3-missing-evidence-file/evidence/R03_REGRESSION/R02/A07_A08/service-s1.out
712eb55b260a076f38fb8d587974bd7fe4b724ed5c0140191467b11dc3a7a153  ??  artifacts/rust-tauri/R04/RR1-G05-E01/negative/n3-missing-evidence-file/evidence/R03_REGRESSION/R02/A07_A08/service-s1b.err
a81746c07d56ac5f38880511af2894698ad25b3a4c4f81602ba8c262dad693f3  ??  artifacts/rust-tauri/R04/RR1-G05-E01/negative/n3-missing-evidence-file/evidence/R03_REGRESSION/R02/A07_A08/service-s1b.out
87d7afa6d5a83613b6af18223b9c4e08204838dd5e9977f692cb7cad0bb39823  ??  artifacts/rust-tauri/R04/RR1-G05-E01/negative/n3-missing-evidence-file/evidence/R03_REGRESSION/R02/A07_A08/service-s2.err
5cf988fba121ea565f20a7ad01f37f170e10b7f0f918856ece130becad088828  ??  artifacts/rust-tauri/R04/RR1-G05-E01/negative/n3-missing-evidence-file/evidence/R03_REGRESSION/R02/A07_A08/service-s2.out
91d297eb02cd21eaf6c946eb1fe2f313b3c0d2d55fbc256f56553c22c7f29b20  ??  artifacts/rust-tauri/R04/RR1-G05-E01/negative/n3-missing-evidence-file/evidence/R03_REGRESSION/R02/A07_A08/service-s2b.err
8be053f2c65ccd8f2ce353638dafd7b538123f9659132537cc58e61e8bfca2f5  ??  artifacts/rust-tauri/R04/RR1-G05-E01/negative/n3-missing-evidence-file/evidence/R03_REGRESSION/R02/A07_A08/service-s2b.out
d05ae7f9381aacd0f648a86d384a35090eda01b3bb2b52b618a034699bdc871c  ??  artifacts/rust-tauri/R04/RR1-G05-E01/negative/n3-missing-evidence-file/evidence/R03_REGRESSION/R02/A07_A08/service-s4-1.err
21c9ac7267d8da69ea2c597479a12c4b54d3d2a4d0c15270e8461fb186abef9e  ??  artifacts/rust-tauri/R04/RR1-G05-E01/negative/n3-missing-evidence-file/evidence/R03_REGRESSION/R02/A07_A08/service-s4-1.out
60ebaa863bc5b49e0667cf21996dc9d3d3ce299313357325a5fb7c97c7f7d8fe  ??  artifacts/rust-tauri/R04/RR1-G05-E01/negative/n3-missing-evidence-file/evidence/R03_REGRESSION/R02/A07_A08/service-s4-2.err
a0a10434e70849f88e6bd27a0dbdf35a559a5ed9e60a513c699f07a85ab167e8  ??  artifacts/rust-tauri/R04/RR1-G05-E01/negative/n3-missing-evidence-file/evidence/R03_REGRESSION/R02/A07_A08/service-s4-2.out
ed5ed4140f1682e282e688a08ed0d846dae8d8ad845654e4f870acf59fdfcb63  ??  artifacts/rust-tauri/R04/RR1-G05-E01/negative/n3-missing-evidence-file/evidence/R03_REGRESSION/R02/A07_A08/service-s4-3.err
ed78eb6510ed44e5a900e632d079025b74fa5dd2b66081dc34b7d005e8f6d0f1  ??  artifacts/rust-tauri/R04/RR1-G05-E01/negative/n3-missing-evidence-file/evidence/R03_REGRESSION/R02/A07_A08/service-s4-3.out
6b203744d4076135ec2f9aa87b58504d8278d4f6c314be76b1ff2cf224f33eaf  ??  artifacts/rust-tauri/R04/RR1-G05-E01/negative/n3-missing-evidence-file/evidence/R03_REGRESSION/R02/A07_A08/service.addr
b3e1dd832f65f16fb9eef59ebe1c8038ff4351a3e561f5ec9244c0cc110439b1  ??  artifacts/rust-tauri/R04/RR1-G05-E01/negative/n3-missing-evidence-file/evidence/R03_REGRESSION/R02/A07_A08/service.pid
1c42fa08a9ec39a4d1b77312f9a6bab7419b66327dad965e050fc487aef2b0f6  ??  artifacts/rust-tauri/R04/RR1-G05-E01/negative/n3-missing-evidence-file/evidence/R03_REGRESSION/R02/A07_A08/summary.txt
fe45ac30cd7441762d79f7cbf718937010f804c8b4b0b874429a038bf0d87008  ??  artifacts/rust-tauri/R04/RR1-G05-E01/negative/n3-missing-evidence-file/evidence/R03_REGRESSION/R02/A09_A10/a09-merged-view.json
653508835e9aa0407b71f4f8f4ce5e4ab5f55b8c3a9ad956401b49acb4e15a2a  ??  artifacts/rust-tauri/R04/RR1-G05-E01/negative/n3-missing-evidence-file/evidence/R03_REGRESSION/R02/A09_A10/a10-rebuild-diff.json
7e0340f7f6eaafb4e8a7c8edf82b07ec0c8999a08abbf47134ebba23e801d97f  ??  artifacts/rust-tauri/R04/RR1-G05-E01/negative/n3-missing-evidence-file/evidence/R03_REGRESSION/R02/A09_A10/key-events-dump.json
b9b41aa145844198935d2bca768b789e87a024bfa3256c9076c4f4af3f8d3c31  ??  artifacts/rust-tauri/R04/RR1-G05-E01/negative/n3-missing-evidence-file/evidence/R03_REGRESSION/R02/A09_A10/matrix.json
5dbe09214fc78d180697a775601c16694865115e05328e77cee3542639c4a587  ??  artifacts/rust-tauri/R04/RR1-G05-E01/negative/n3-missing-evidence-file/evidence/R03_REGRESSION/R02/A09_A10/probe-matrix.jsonl
e2575222ae99b5321c914284422a6381c3e8f15d8ee7a91abfc29ca2af3088f4  ??  artifacts/rust-tauri/R04/RR1-G05-E01/negative/n3-missing-evidence-file/evidence/R03_REGRESSION/R02/A09_A10/service.err
085abe4de0c73a6f5704b01ec73a9d8a654766244a3f41c0b0a360a960d047a7  ??  artifacts/rust-tauri/R04/RR1-G05-E01/negative/n3-missing-evidence-file/evidence/R03_REGRESSION/R02/A09_A10/service.out
ecc0940ac3dd9b30283299466712e130a899d5a059af4ee6b1dc7d377013f957  ??  artifacts/rust-tauri/R04/RR1-G05-E01/negative/n3-missing-evidence-file/evidence/R03_REGRESSION/R02/A09_A10/summary.txt
dd63f79ce1a39fdef735dbb9eb292c3f8a45db77c2513d3cc7379e5dbe13749e  ??  artifacts/rust-tauri/R04/RR1-G05-E01/negative/n3-missing-evidence-file/evidence/R03_REGRESSION/R02/A11/backup-restore/s1-backup-dir-listing.txt
201aa2d930178fdb3c2455151610d5f2a424154f300002ee3d9407b936b2a4c8  ??  artifacts/rust-tauri/R04/RR1-G05-E01/negative/n3-missing-evidence-file/evidence/R03_REGRESSION/R02/A11/backup-restore/s1-backup-outcome.json
e3b0c44298fc1c149afbf4c8996fb92427ae41e4649b934ca495991b7852b855  ??  artifacts/rust-tauri/R04/RR1-G05-E01/negative/n3-missing-evidence-file/evidence/R03_REGRESSION/R02/A11/backup-restore/s1-backup.err
cf8ec45fd276789cf402a61fd4c968e594b8ebc47769dfbc61d3e477ce7fa421  ??  artifacts/rust-tauri/R04/RR1-G05-E01/negative/n3-missing-evidence-file/evidence/R03_REGRESSION/R02/A11/backup-restore/s1-restore-outcome.json
e3b0c44298fc1c149afbf4c8996fb92427ae41e4649b934ca495991b7852b855  ??  artifacts/rust-tauri/R04/RR1-G05-E01/negative/n3-missing-evidence-file/evidence/R03_REGRESSION/R02/A11/backup-restore/s1-restore.err
91026940d2dcc7e500c2be2f17014cf361703b3fc6e7f3d763e87121e50d4cdc  ??  artifacts/rust-tauri/R04/RR1-G05-E01/negative/n3-missing-evidence-file/evidence/R03_REGRESSION/R02/A11/backup-restore/s1-restored-dump.jsonl
ea75f4db72d165a83265eb6d3c64932f471f16e5a9f1743cd477832ac413a76b  ??  artifacts/rust-tauri/R04/RR1-G05-E01/negative/n3-missing-evidence-file/evidence/R03_REGRESSION/R02/A11/backup-restore/s1-restored-hash.txt
91026940d2dcc7e500c2be2f17014cf361703b3fc6e7f3d763e87121e50d4cdc  ??  artifacts/rust-tauri/R04/RR1-G05-E01/negative/n3-missing-evidence-file/evidence/R03_REGRESSION/R02/A11/backup-restore/s1-source-dump.jsonl
918f0cd8a34ac49dcf64596a4e26b7aa2d766fb4973bf881c589ab198ac08ea4  ??  artifacts/rust-tauri/R04/RR1-G05-E01/negative/n3-missing-evidence-file/evidence/R03_REGRESSION/R02/A11/backup-restore/s1-source-hash.txt
951e1f2cedf4a978898a4f9e620777561b8381ece9faf4223f8594a201f47f74  ??  artifacts/rust-tauri/R04/RR1-G05-E01/negative/n3-missing-evidence-file/evidence/R03_REGRESSION/R02/A11/backup-restore/s1-wal-size.txt
e3b0c44298fc1c149afbf4c8996fb92427ae41e4649b934ca495991b7852b855  ??  artifacts/rust-tauri/R04/RR1-G05-E01/negative/n3-missing-evidence-file/evidence/R03_REGRESSION/R02/A11/backup-restore/s3-backup-out.json
425d3907716d9a0444773502fd1e787fd7dcc2ed79e07eaa1b22a2c2d8fb46b8  ??  artifacts/rust-tauri/R04/RR1-G05-E01/negative/n3-missing-evidence-file/evidence/R03_REGRESSION/R02/A11/backup-restore/s3-backup.err
9b33c4d50a9f7a0434980244454a85ce4288c7323241cf9ff22c50e6b8f8dd85  ??  artifacts/rust-tauri/R04/RR1-G05-E01/negative/n3-missing-evidence-file/evidence/R03_REGRESSION/R02/A11/backup-restore/s4-ws-probe.json
a4c3ed04a95a3da14a9d235c83d868bed7c0f45cf7f3faa751ee8f50598d2211  ??  artifacts/rust-tauri/R04/RR1-G05-E01/negative/n3-missing-evidence-file/evidence/R03_REGRESSION/R02/A11/backup-restore/s4-ws-probe.json.probe-done
4c7af3cc29324f521c21cc8f645de774a53cf6cfb951502cc20ca7c27851b8e9  ??  artifacts/rust-tauri/R04/RR1-G05-E01/negative/n3-missing-evidence-file/evidence/R03_REGRESSION/R02/A11/backup-restore/service-s1.addr
50de90a3042911032967c7251428b4cef832edad08dae5d7f12510da5ff65183  ??  artifacts/rust-tauri/R04/RR1-G05-E01/negative/n3-missing-evidence-file/evidence/R03_REGRESSION/R02/A11/backup-restore/service-s1.err
a051fbfca67ccb33c2fc6c69be4111307db178a5a9eb075bb4ff3aec243d703b  ??  artifacts/rust-tauri/R04/RR1-G05-E01/negative/n3-missing-evidence-file/evidence/R03_REGRESSION/R02/A11/backup-restore/service-s1.out
55dbcc785478a94e619559e411c83bda3e724744bfbbc1d59589a6b012d5a95b  ??  artifacts/rust-tauri/R04/RR1-G05-E01/negative/n3-missing-evidence-file/evidence/R03_REGRESSION/R02/A11/backup-restore/service-s2.addr
310b23ae9474cc6c45fcc6af6aa0d445b678fd8137e0a0d506bf9c4baa22038a  ??  artifacts/rust-tauri/R04/RR1-G05-E01/negative/n3-missing-evidence-file/evidence/R03_REGRESSION/R02/A11/backup-restore/service-s2.err
8c480d670a4507726441294586cf3c775872e8e253f4070fbf1a384d1cef7982  ??  artifacts/rust-tauri/R04/RR1-G05-E01/negative/n3-missing-evidence-file/evidence/R03_REGRESSION/R02/A11/backup-restore/service-s2.out
f930989c67e57974bcf816240a073658f3c1eb45f9cb56072671e8fa19172a6e  ??  artifacts/rust-tauri/R04/RR1-G05-E01/negative/n3-missing-evidence-file/evidence/R03_REGRESSION/R02/A11/backup-restore/service-s4.addr
605d013221c034381a7ebf3ac9d0b70bc61ea64c221ab9b28dbdb75f4c4291d5  ??  artifacts/rust-tauri/R04/RR1-G05-E01/negative/n3-missing-evidence-file/evidence/R03_REGRESSION/R02/A11/backup-restore/service-s4.err
708027981b5e10d106ee227199ce7f2fd7351c099902c00eedfa5b7d908a9999  ??  artifacts/rust-tauri/R04/RR1-G05-E01/negative/n3-missing-evidence-file/evidence/R03_REGRESSION/R02/A11/backup-restore/service-s4.out
a15a68eb8562fdcd1ad2781a841f06608eda545938f8d8ac7792f22d5605c851  ??  artifacts/rust-tauri/R04/RR1-G05-E01/negative/n3-missing-evidence-file/evidence/R03_REGRESSION/R02/A11/backup-restore/service.pid
7e2e6b484a54ebaec859abb6fb4fe9137fea20c753555d04c9344a7601875172  ??  artifacts/rust-tauri/R04/RR1-G05-E01/negative/n3-missing-evidence-file/evidence/R03_REGRESSION/R02/A11/backup-restore/summary.txt
d0bb3ad7fc101f67eed0b284dc6ab32fdaf0e9b26d9ebefbd019f24ff88f138f  ??  artifacts/rust-tauri/R04/RR1-G05-E01/negative/n3-missing-evidence-file/evidence/R03_REGRESSION/R02/A12/recovery-drill/coexist-after.txt
d0bb3ad7fc101f67eed0b284dc6ab32fdaf0e9b26d9ebefbd019f24ff88f138f  ??  artifacts/rust-tauri/R04/RR1-G05-E01/negative/n3-missing-evidence-file/evidence/R03_REGRESSION/R02/A12/recovery-drill/coexist-before.txt
5d2de18687a2a544dec11f150cb1f213cdd3fd243af8bd5ba6e6cae87d97a68d  ??  artifacts/rust-tauri/R04/RR1-G05-E01/negative/n3-missing-evidence-file/evidence/R03_REGRESSION/R02/A12/recovery-drill/own-created-homes.txt
0e0e6d91a7af6900004da1486fd5f59ea3b57f4f38b4946527c163dc75349cc1  ??  artifacts/rust-tauri/R04/RR1-G05-E01/negative/n3-missing-evidence-file/evidence/R03_REGRESSION/R02/A12/recovery-drill/summary.txt
7b2f675d535131e9ee3b95eb996b520af42000b1efea572dc62eff72fd758a84  ??  artifacts/rust-tauri/R04/RR1-G05-E01/negative/n3-missing-evidence-file/evidence/R03_REGRESSION/R02/A12/recovery-drill/v1-hashes-after.txt
7b2f675d535131e9ee3b95eb996b520af42000b1efea572dc62eff72fd758a84  ??  artifacts/rust-tauri/R04/RR1-G05-E01/negative/n3-missing-evidence-file/evidence/R03_REGRESSION/R02/A12/recovery-drill/v1-hashes-before.txt
011f30197eb286247203efb8e34ed8406a2a8e3ed41f72f98ee6924cb6b6f259  ??  artifacts/rust-tauri/R04/RR1-G05-E01/negative/n3-missing-evidence-file/evidence/R03_REGRESSION/R02/A12/recovery-drill/v1.err
e3b0c44298fc1c149afbf4c8996fb92427ae41e4649b934ca495991b7852b855  ??  artifacts/rust-tauri/R04/RR1-G05-E01/negative/n3-missing-evidence-file/evidence/R03_REGRESSION/R02/A12/recovery-drill/v1.out
fcb269f1fc43e20619871bab0f6e464d30773313e55b17f725fc62249ab521be  ??  artifacts/rust-tauri/R04/RR1-G05-E01/negative/n3-missing-evidence-file/evidence/R03_REGRESSION/R02/A12/recovery-drill/v2-hashes-after.txt
fcb269f1fc43e20619871bab0f6e464d30773313e55b17f725fc62249ab521be  ??  artifacts/rust-tauri/R04/RR1-G05-E01/negative/n3-missing-evidence-file/evidence/R03_REGRESSION/R02/A12/recovery-drill/v2-hashes-before.txt
24435f5699bcb926d20ca6d61d2a0f93c1036ceee1b30b69b87e31a44a4f208f  ??  artifacts/rust-tauri/R04/RR1-G05-E01/negative/n3-missing-evidence-file/evidence/R03_REGRESSION/R02/A12/recovery-drill/v2.err
e3b0c44298fc1c149afbf4c8996fb92427ae41e4649b934ca495991b7852b855  ??  artifacts/rust-tauri/R04/RR1-G05-E01/negative/n3-missing-evidence-file/evidence/R03_REGRESSION/R02/A12/recovery-drill/v2.out
a33ffd69acb495d9a221778bb2317e4cef00e4d752d794b9c1267890666ec43d  ??  artifacts/rust-tauri/R04/RR1-G05-E01/negative/n3-missing-evidence-file/evidence/R03_REGRESSION/R02/A12/recovery-drill/v3-hashes-after.txt
a33ffd69acb495d9a221778bb2317e4cef00e4d752d794b9c1267890666ec43d  ??  artifacts/rust-tauri/R04/RR1-G05-E01/negative/n3-missing-evidence-file/evidence/R03_REGRESSION/R02/A12/recovery-drill/v3-hashes-before.txt
66ddd03bb4f16ebea5a2f464511e38020dec1780a154e4188a4e5e0f17d8cd1c  ??  artifacts/rust-tauri/R04/RR1-G05-E01/negative/n3-missing-evidence-file/evidence/R03_REGRESSION/R02/A12/recovery-drill/v3.err
e3b0c44298fc1c149afbf4c8996fb92427ae41e4649b934ca495991b7852b855  ??  artifacts/rust-tauri/R04/RR1-G05-E01/negative/n3-missing-evidence-file/evidence/R03_REGRESSION/R02/A12/recovery-drill/v3.out
3100eabe0a89973ad717074ba50c24ec2b4f795c4df2fb012c153252af01d142  ??  artifacts/rust-tauri/R04/RR1-G05-E01/negative/n3-missing-evidence-file/evidence/R03_REGRESSION/R02/A12/recovery-drill/v4.err
90c82f346534da6c63758169e75dfa288bd8dececcb8f2ed6de80706452a2ced  ??  artifacts/rust-tauri/R04/RR1-G05-E01/negative/n3-missing-evidence-file/evidence/R03_REGRESSION/R02/A12/recovery-drill/v4.out
27d66683739b1d6f500addd89296cfdd5814e4dff8f189c839a52b1bfbf2a912  ??  artifacts/rust-tauri/R04/RR1-G05-E01/negative/n3-missing-evidence-file/evidence/R03_REGRESSION/R02/A12/recovery-drill/v5-hashes-after.txt
27d66683739b1d6f500addd89296cfdd5814e4dff8f189c839a52b1bfbf2a912  ??  artifacts/rust-tauri/R04/RR1-G05-E01/negative/n3-missing-evidence-file/evidence/R03_REGRESSION/R02/A12/recovery-drill/v5-hashes-before.txt
529c80ae88b6f89a9765af1b7cc89e2c184baf043664871bab148b838083f1eb  ??  artifacts/rust-tauri/R04/RR1-G05-E01/negative/n3-missing-evidence-file/evidence/R03_REGRESSION/R02/A12/recovery-drill/v5.err
e3b0c44298fc1c149afbf4c8996fb92427ae41e4649b934ca495991b7852b855  ??  artifacts/rust-tauri/R04/RR1-G05-E01/negative/n3-missing-evidence-file/evidence/R03_REGRESSION/R02/A12/recovery-drill/v5.out
b4a5b3ae6c11d8c2f112b4d3bd1e53134a684e8a0a2b5b03fd22ce533fce09f5  ??  artifacts/rust-tauri/R04/RR1-G05-E01/negative/n3-missing-evidence-file/evidence/R03_REGRESSION/R02/A12/recovery-drill/v6-recovered-dump.jsonl
27badc983df1780b60c2b3fa9d3a19a00e46aac798451f0febdca52920faaddf  ??  artifacts/rust-tauri/R04/RR1-G05-E01/negative/n3-missing-evidence-file/evidence/R03_REGRESSION/R02/A12/recovery-drill/v6-seed-execute.txt
ae7a3e36fedfa2467d94b278b3eeb2992bd2366aaf142770f9152716841af512  ??  artifacts/rust-tauri/R04/RR1-G05-E01/negative/n3-missing-evidence-file/evidence/R03_REGRESSION/R02/A12/recovery-drill/v6-seed.err
6552ab9f2b5b5e89f2e56bfa1e43412c25adac969b9d1adabe2214fd189ebd22  ??  artifacts/rust-tauri/R04/RR1-G05-E01/negative/n3-missing-evidence-file/evidence/R03_REGRESSION/R02/A12/recovery-drill/v6-seed.out
f38b2ba5f685e4ad7d2e2b470bdf21b410ab5affc5a90ed262ec8bdbe2c78a4f  ??  artifacts/rust-tauri/R04/RR1-G05-E01/negative/n3-missing-evidence-file/evidence/R03_REGRESSION/R02/A12/recovery-drill/v6.err
b39cbc05036217eb886fd5d3c4eb4174c50897c7b37604927727732da6b5b279  ??  artifacts/rust-tauri/R04/RR1-G05-E01/negative/n3-missing-evidence-file/evidence/R03_REGRESSION/R02/A12/recovery-drill/v6.out
100c4705461d4552ee04f27d0b04fcc4ab97098b237a28c58ecae6f430904888  ??  artifacts/rust-tauri/R04/RR1-G05-E01/negative/n3-missing-evidence-file/evidence/R03_REGRESSION/R02/A12/recovery-drill/v7-hashes-after.txt
100c4705461d4552ee04f27d0b04fcc4ab97098b237a28c58ecae6f430904888  ??  artifacts/rust-tauri/R04/RR1-G05-E01/negative/n3-missing-evidence-file/evidence/R03_REGRESSION/R02/A12/recovery-drill/v7-hashes-before.txt
55d86e63f606a4bbb0dd5a45540977ca3b47f6eca8229e80ab4cf805cf3882ae  ??  artifacts/rust-tauri/R04/RR1-G05-E01/negative/n3-missing-evidence-file/evidence/R03_REGRESSION/R02/A12/recovery-drill/v7-seed.err
db2e726352343796115ec0b0986c4fd97020e3f78b643919232fe508a764c533  ??  artifacts/rust-tauri/R04/RR1-G05-E01/negative/n3-missing-evidence-file/evidence/R03_REGRESSION/R02/A12/recovery-drill/v7-seed.out
54c201fa76b5606e3bf54777c11b45dd2a46284ab5c0ee9912039c51a92a1f85  ??  artifacts/rust-tauri/R04/RR1-G05-E01/negative/n3-missing-evidence-file/evidence/R03_REGRESSION/R02/A12/recovery-drill/v7.err
e3b0c44298fc1c149afbf4c8996fb92427ae41e4649b934ca495991b7852b855  ??  artifacts/rust-tauri/R04/RR1-G05-E01/negative/n3-missing-evidence-file/evidence/R03_REGRESSION/R02/A12/recovery-drill/v7.out
61296cc231e6c785c0c25dca24602e7870dd34972c0ee4e847c57bac23f664bc  ??  artifacts/rust-tauri/R04/RR1-G05-E01/negative/n3-missing-evidence-file/evidence/R03_REGRESSION/R02/A12/recovery-drill/v8-observed.err
b907a5f43550c7f702167104522f54d932615264437b75760b1ff288e029765e  ??  artifacts/rust-tauri/R04/RR1-G05-E01/negative/n3-missing-evidence-file/evidence/R03_REGRESSION/R02/A12/recovery-drill/v8-seed.err
d20e84f1bd06367d06402604b7d587555e4fa2929c094f756caac8403ae4599b  ??  artifacts/rust-tauri/R04/RR1-G05-E01/negative/n3-missing-evidence-file/evidence/R03_REGRESSION/R02/A12/recovery-drill/v8-seed.out
61296cc231e6c785c0c25dca24602e7870dd34972c0ee4e847c57bac23f664bc  ??  artifacts/rust-tauri/R04/RR1-G05-E01/negative/n3-missing-evidence-file/evidence/R03_REGRESSION/R02/A12/recovery-drill/v8.err
4c717c192fcacc7230bf3c904cf43b6af9b8e440f6166a1d461ea0873e78f27f  ??  artifacts/rust-tauri/R04/RR1-G05-E01/negative/n3-missing-evidence-file/evidence/R03_REGRESSION/R02/A12/recovery-drill/v8.out
0f015c9b0f41835b4ed81c607bec2e25c8026acc60f7d29e2b02817983bd5d5e  ??  artifacts/rust-tauri/R04/RR1-G05-E01/negative/n3-missing-evidence-file/evidence/R03_REGRESSION/R02/A15/full-chain/pre-restart-head.json
e3b0c44298fc1c149afbf4c8996fb92427ae41e4649b934ca495991b7852b855  ??  artifacts/rust-tauri/R04/RR1-G05-E01/negative/n3-missing-evidence-file/evidence/R03_REGRESSION/R02/A15/full-chain/probe1.err
a0be83fd9039c674f0ac3a54f44b999c9147bc1d5e765d778639f039a4ad6c51  ??  artifacts/rust-tauri/R04/RR1-G05-E01/negative/n3-missing-evidence-file/evidence/R03_REGRESSION/R02/A15/full-chain/probe1.pass-lines
e3b0c44298fc1c149afbf4c8996fb92427ae41e4649b934ca495991b7852b855  ??  artifacts/rust-tauri/R04/RR1-G05-E01/negative/n3-missing-evidence-file/evidence/R03_REGRESSION/R02/A15/full-chain/probe2.err
28a411dc95be7e6596d2954fdbecf8eb034d9f8dc1248ab1d111c07c1c218b89  ??  artifacts/rust-tauri/R04/RR1-G05-E01/negative/n3-missing-evidence-file/evidence/R03_REGRESSION/R02/A15/full-chain/probe2.pass-lines
d909a35f5d25e3dc20e539ccb35f7e5c7b54658efac85d8c97dfc1a138a8b2d2  ??  artifacts/rust-tauri/R04/RR1-G05-E01/negative/n3-missing-evidence-file/evidence/R03_REGRESSION/R02/A15/full-chain/service1.err
59eaba83359d896905d3641dda908399ebfa61ebae6baa1984d98f44cba30acf  ??  artifacts/rust-tauri/R04/RR1-G05-E01/negative/n3-missing-evidence-file/evidence/R03_REGRESSION/R02/A15/full-chain/service1.out
a9db486e3098f567f91d659792254cdd11ecd7e3f4ece54a23e67399b1057519  ??  artifacts/rust-tauri/R04/RR1-G05-E01/negative/n3-missing-evidence-file/evidence/R03_REGRESSION/R02/A15/full-chain/service2.err
b431b4006dcbdbc6a267fb50b48e9ae6029ddba3af65a759fb8e78b584806d64  ??  artifacts/rust-tauri/R04/RR1-G05-E01/negative/n3-missing-evidence-file/evidence/R03_REGRESSION/R02/A15/full-chain/service2.out
6172916456aa299b6e16bc88c927e1f9fe9200741bb9ab478ce9d5833bc41584  ??  artifacts/rust-tauri/R04/RR1-G05-E01/negative/n3-missing-evidence-file/evidence/R03_REGRESSION/R02/A15/full-chain/summary.txt
de4ff55de7d3726b701fcfd21d931be88acfec074cc7e60cb0a654522aa0b6c1  ??  artifacts/rust-tauri/R04/RR1-G05-E01/negative/n3-missing-evidence-file/evidence/R03_REGRESSION/R02/A16/legacy-entry/e0-candidate-binding.tsv
3d0cc2d352d79a5ed210cadbbfecf098f69621c7ea0ade6b645729e01f7b99a6  ??  artifacts/rust-tauri/R04/RR1-G05-E01/negative/n3-missing-evidence-file/evidence/R03_REGRESSION/R02/A16/legacy-entry/e0-candidate-dirty.diff
c30a4376bc8433abd68d92267e046cb946ca6cc8414c46473129c8be946a732e  ??  artifacts/rust-tauri/R04/RR1-G05-E01/negative/n3-missing-evidence-file/evidence/R03_REGRESSION/R02/A16/legacy-entry/e0-candidate-dirty.txt
04049206fd03846ec1091545c73a9a5cd50dc1285a37bacd1dd3175039704f2b  ??  artifacts/rust-tauri/R04/RR1-G05-E01/negative/n3-missing-evidence-file/evidence/R03_REGRESSION/R02/A16/legacy-entry/summary.txt
a4631b2c6b55b850e8e47186b68854e7ea90c2ac3699394f271dd8a9ddcbfb95  ??  artifacts/rust-tauri/R04/RR1-G05-E01/negative/n3-missing-evidence-file/evidence/R03_REGRESSION/candidate-source-after.json
a4631b2c6b55b850e8e47186b68854e7ea90c2ac3699394f271dd8a9ddcbfb95  ??  artifacts/rust-tauri/R04/RR1-G05-E01/negative/n3-missing-evidence-file/evidence/R03_REGRESSION/candidate-source-before.json
9274a092dcc25462fdbe4306e9df2f04e25362e9b5fe572cda25aff394af8dbe  ??  artifacts/rust-tauri/R04/RR1-G05-E01/negative/n3-missing-evidence-file/evidence/R03_REGRESSION/verify-stage-result.json
10a16641e3405663989bf586c36c94e6522cc9932c30df552a4cb308377a9676  ??  artifacts/rust-tauri/R04/RR1-G05-E01/negative/n3-missing-evidence-file/evidence/R04_MATRIX/cases/a15-directory-claim-refused.json
09f385efaedc793ea498845967037cfcbfc0fe2c163104737d7ff99e880e98bc  ??  artifacts/rust-tauri/R04/RR1-G05-E01/negative/n3-missing-evidence-file/evidence/R04_MATRIX/cases/a15-gateway-audit-directory-ref-failed.json
d0df7dade822790f5735f4ebef501e03b8aa905318cb8a60905b81715d427965  ??  artifacts/rust-tauri/R04/RR1-G05-E01/negative/n3-missing-evidence-file/evidence/R04_MATRIX/cases/a15-gateway-audit-fake-ref-failed.json
a0800cd68927a3e79f38730d4c55036813c6947a5675713428917d03a1b44145  ??  artifacts/rust-tauri/R04/RR1-G05-E01/negative/n3-missing-evidence-file/evidence/R04_MATRIX/cases/a15-gateway-audit-real-ref-passes.json
8f9b212963fdfce437456018df1536c00c82aa2118f3c3af37532e979ed04f2b  ??  artifacts/rust-tauri/R04/RR1-G05-E01/negative/n3-missing-evidence-file/evidence/R04_MATRIX/cases/a15-missing-claim-refused.json
04245f14680505fadaf81819e4b39818cf0d629654f8733039a6ac2e8d68bb98  ??  artifacts/rust-tauri/R04/RR1-G05-E01/negative/n3-missing-evidence-file/evidence/R04_MATRIX/cases/a15-out-of-grant-claim-refused.json
e4bb14f7a842ae22ee91e7b3bebdfcc5273aec1410f84eb90970f2bc4dc3fc91  ??  artifacts/rust-tauri/R04/RR1-G05-E01/negative/n3-missing-evidence-file/evidence/R04_MATRIX/cases/a15-real-delivery-registered.json
6895d6a72b4da91d630223ce6ad2b8320db84534f721b5748ac0f487c1a29223  ??  artifacts/rust-tauri/R04/RR1-G05-E01/negative/n3-missing-evidence-file/evidence/R04_MATRIX/cases/a15-structure-violation-refused.json
94c57b04cb80a3ce8932e58d775b4aaa85affa76e33e34512e4a0bc47ade49a9  ??  artifacts/rust-tauri/R04/RR1-G05-E01/negative/n3-missing-evidence-file/evidence/R04_MATRIX/cases/a16-alias-route-covered.json
506ae3c069a2a967546a4ca114bf3e15abac6ebcdb0f7e35b359b12c1cde92b5  ??  artifacts/rust-tauri/R04/RR1-G05-E01/negative/n3-missing-evidence-file/evidence/R04_MATRIX/cases/a16-history-preserved.json
901361017912bc20e016d13a2a4f8d701ddee123481ac52c440c176b6d9510aa  ??  artifacts/rust-tauri/R04/RR1-G05-E01/negative/n3-missing-evidence-file/evidence/R04_MATRIX/cases/approval-answer-executes-once.json
bd45162c41ae2eec362f6f35bc50015ae2a8266f70ce5f91d5c45e5ad8053270  ??  artifacts/rust-tauri/R04/RR1-G05-E01/negative/n3-missing-evidence-file/evidence/R04_MATRIX/cases/approval-duplicate-idempotent.json
bababcc7f3e64579d35c9259a419a674630e4e549217be76c41f04eda4f0bcdc  ??  artifacts/rust-tauri/R04/RR1-G05-E01/negative/n3-missing-evidence-file/evidence/R04_MATRIX/cases/approval-reject-zero-dispatch.json
20fd6bee69494fece169e2b99ea1e3085ddffbb071d88ebc23f7dcaeb412c721  ??  artifacts/rust-tauri/R04/RR1-G05-E01/negative/n3-missing-evidence-file/evidence/R04_MATRIX/cases/catalog-face-lists-mcp-tools-with-permission.json
a6740bd82388993cca6d0b79d294334e6ad84438d23b819303e84cb2670999df  ??  artifacts/rust-tauri/R04/RR1-G05-E01/negative/n3-missing-evidence-file/evidence/R04_MATRIX/cases/future-tool-shape-ast_edit-discoverable-not-callable.json
821137c4819111c5cab65e31fe33146b843d4bc963a7ae66bf3c6139aab4dc68  ??  artifacts/rust-tauri/R04/RR1-G05-E01/negative/n3-missing-evidence-file/evidence/R04_MATRIX/cases/future-tool-shape-ast_grep-discoverable-not-callable.json
9827cfcbf4ea963126bc89e02f8247506844fc54c5a0d9086547106cafdcdefd  ??  artifacts/rust-tauri/R04/RR1-G05-E01/negative/n3-missing-evidence-file/evidence/R04_MATRIX/cases/future-tool-shape-file-discoverable-not-callable.json
cb8e2db3b924a24b0bf8d611b22015f3a2a10ccc3f6ee16a819bc9388379c7f3  ??  artifacts/rust-tauri/R04/RR1-G05-E01/negative/n3-missing-evidence-file/evidence/R04_MATRIX/cases/future-tool-shape-find-discoverable-not-callable.json
1c192846cc1d07ba6864e5dd594b97a48f402ab5519fca2040ecc7edc3d3fd02  ??  artifacts/rust-tauri/R04/RR1-G05-E01/negative/n3-missing-evidence-file/evidence/R04_MATRIX/cases/future-tool-shape-grep-discoverable-not-callable.json
bbe14f10f21cc0a2c306c3554804930c3bf5b13c66b6b90cf1c79b465e394c3b  ??  artifacts/rust-tauri/R04/RR1-G05-E01/negative/n3-missing-evidence-file/evidence/R04_MATRIX/cases/future-tool-shape-ls-discoverable-not-callable.json
a9b97d5170fb12a3359bdde03aa8fdfc8fe089399cd5f1dc3810dacaf5ac5653  ??  artifacts/rust-tauri/R04/RR1-G05-E01/negative/n3-missing-evidence-file/evidence/R04_MATRIX/cases/future-tool-shape-lsp-discoverable-not-callable.json
6bc884d530bd7615a63e4dd9241155689273f4f9c70ccc044e2d91afc8eba4f1  ??  artifacts/rust-tauri/R04/RR1-G05-E01/negative/n3-missing-evidence-file/evidence/R04_MATRIX/cases/future-tool-shape-materialize-discoverable-not-callable.json
5904c81036b270e82834b8084ca4b8b9b4492957d7d3ac5a83328f9bdc84b538  ??  artifacts/rust-tauri/R04/RR1-G05-E01/negative/n3-missing-evidence-file/evidence/R04_MATRIX/cases/future-tool-shape-run_code-discoverable-not-callable.json
c9d67aa6d2f3fce41a3a011e42ac47399824eae28c54e2b89cf0bdae0dbf8052  ??  artifacts/rust-tauri/R04/RR1-G05-E01/negative/n3-missing-evidence-file/evidence/R04_MATRIX/cases/future-tool-shape-security_scan-discoverable-not-callable.json
6cf1880613144cb8b359bd1c195f561f79c42836315ec94767b2336f24a9b783  ??  artifacts/rust-tauri/R04/RR1-G05-E01/negative/n3-missing-evidence-file/evidence/R04_MATRIX/cases/future-tool-shape-stage_files-discoverable-not-callable.json
87164a841282a81c7b614451f88f157e89c03336043524a16637aa848d201f59  ??  artifacts/rust-tauri/R04/RR1-G05-E01/negative/n3-missing-evidence-file/evidence/R04_MATRIX/cases/gateway-each-call-independent-permission.json
7d3631b38221c7c56e5b77793921c4de3ab067e7097d1c77131e73a3dadb0ce5  ??  artifacts/rust-tauri/R04/RR1-G05-E01/negative/n3-missing-evidence-file/evidence/R04_MATRIX/cases/matrix-lifecycle-disable-holes.json
52e2294d2db41ba60884ca74bedd63d9e196def8ea43623c327cf7579c72e6e0  ??  artifacts/rust-tauri/R04/RR1-G05-E01/negative/n3-missing-evidence-file/evidence/R04_MATRIX/cases/matrix-lifecycle-generation-refusals.json
710d96abbd53795e2f40639001eee2454a6ce7e5a285c883f9cd62f1b58ebda9  ??  artifacts/rust-tauri/R04/RR1-G05-E01/negative/n3-missing-evidence-file/evidence/R04_MATRIX/cases/matrix-lifecycle-uninstall-holes.json
23c16612d569bb60e563215b453c022203ab19f05298ce7c9a3fc080da10b7d2  ??  artifacts/rust-tauri/R04/RR1-G05-E01/negative/n3-missing-evidence-file/evidence/R04_MATRIX/cases/matrix-permission-consistency.json
d475fb8c9114bfdf95de5cc202da903bf354241d13f071bce870d8ba2502fd60  ??  artifacts/rust-tauri/R04/RR1-G05-E01/negative/n3-missing-evidence-file/evidence/R04_MATRIX/cases/matrix-route-consistency.json
2b451a4a1fd773fba2e107116235dd5f28a06d104c7f7450f221f662510fc070  ??  artifacts/rust-tauri/R04/RR1-G05-E01/negative/n3-missing-evidence-file/evidence/R04_MATRIX/cases/matrix-tool-family-count.json
1e442f90436b22848aeb3329ce35c020def0d74ba7d6bbc49eb983573e8e708d  ??  artifacts/rust-tauri/R04/RR1-G05-E01/negative/n3-missing-evidence-file/evidence/R04_MATRIX/cases/mcp-connector-catalog-sync.json
02be7eb700e551cb0a000177a0e033872c65ad8b5ef7f46d66c014ecf3fb7150  ??  artifacts/rust-tauri/R04/RR1-G05-E01/negative/n3-missing-evidence-file/evidence/R04_MATRIX/cases/mcp-connector-register-handshake.json
905e6508c4c99929579667bd3184014916a117d7522917621f1aea839bdd039e  ??  artifacts/rust-tauri/R04/RR1-G05-E01/negative/n3-missing-evidence-file/evidence/R04_MATRIX/cases/mcp-describe-real-identity.json
42c719e1d9f2fdae556b08414f6facea228b729210f804971fb1f41772e1ec5f  ??  artifacts/rust-tauri/R04/RR1-G05-E01/negative/n3-missing-evidence-file/evidence/R04_MATRIX/cases/mcp-search-namespaced.json
dfbc531d38332ae34bc27eef48d7c96103f6f7b0cf55e51377608e95deffabc9  ??  artifacts/rust-tauri/R04/RR1-G05-E01/negative/n3-missing-evidence-file/evidence/R04_MATRIX/cases/mcp-tool-call-full-chain.json
916eba77e6c3a4f9a8bf58bdf3a14d110fe9b75b22aa316ce7a47412c013fa04  ??  artifacts/rust-tauri/R04/RR1-G05-E01/negative/n3-missing-evidence-file/evidence/R04_MATRIX/cases/mcp-tool-permission-face.json
c3f30127a40dfa980a32479cec6547074c067a4d8cd61e858b0aa7dc095455b3  ??  artifacts/rust-tauri/R04/RR1-G05-E01/negative/n3-missing-evidence-file/evidence/R04_MATRIX/cases/permission-face-modes-verifiable.json
c51a56cfdce860c73de8e015f088d38b31bbf8e373a0dc6e1c8e43f9b5f80a2c  ??  artifacts/rust-tauri/R04/RR1-G05-E01/negative/n3-missing-evidence-file/evidence/R04_MATRIX/cases/preauthorization-single-session-scoped.json
eefd602104c2c290f3a2704acec9cf3923cbf072e0e9ac1e5dad4b1103794f05  ??  artifacts/rust-tauri/R04/RR1-G05-E01/negative/n3-missing-evidence-file/evidence/R04_MATRIX/cases/semantics-cancel-leaves-no-fabricated-receipt.json
1c8fced2b48030b05d00ab397c3aa0470c4f068287f841b1c7e53778b43e038d  ??  artifacts/rust-tauri/R04/RR1-G05-E01/negative/n3-missing-evidence-file/evidence/R04_MATRIX/cases/semantics-failed-never-dispatched-receipt.json
220379bb262285fad8e6314d35a23f12ba26fcb0e501fe2431141c1a4d28a5a2  ??  artifacts/rust-tauri/R04/RR1-G05-E01/negative/n3-missing-evidence-file/evidence/R04_MATRIX/cases/semantics-success-receipt-dispatched.json
8337cc9f0c6c3a4eeb0b4beb6ff1d93acd40878d92c9f16c4649942469017888  ??  artifacts/rust-tauri/R04/RR1-G05-E01/negative/n3-missing-evidence-file/evidence/R04_MATRIX/cases/semantics-unknown-receipt-honest.json
cb89e56a59ac812a63576832232489b328ac7abf8041df762e7b1af1e2caa95d  ??  artifacts/rust-tauri/R04/RR1-G05-E01/negative/n3-missing-evidence-file/evidence/R04_MATRIX/cases/sup01-ask-subagent-write-refused.json
1b21930f6737d6935a82328d4afb7b4fd7b439c107b48d01b29e4cdfa7399015  ??  artifacts/rust-tauri/R04/RR1-G05-E01/negative/n3-missing-evidence-file/evidence/R04_MATRIX/cases/terminal-close-stops-terminal.json
59095540a473b474ab918f20eb08986f6bbb6cbfd08c49b9810963ae37407de5  ??  artifacts/rust-tauri/R04/RR1-G05-E01/negative/n3-missing-evidence-file/evidence/R04_MATRIX/cases/terminal-snapshot-current-transcript.json
004a41eae978391bad56ebe5c3e6d2ced1a2c02eda01a37f79abc8867cb5a063  ??  artifacts/rust-tauri/R04/RR1-G05-E01/negative/n3-missing-evidence-file/evidence/R04_MATRIX/cases/terminal-tail-cursor-continuation.json
16870fec4c31cd9e67e56d3328c74d20f9213a2e96113c28be3d7f7fe0d28979  ??  artifacts/rust-tauri/R04/RR1-G05-E01/negative/n3-missing-evidence-file/evidence/R04_MATRIX/cases/tool-edit-conflict-preserves-user-version.json
bb810a38ce8bfbcafc0d64e1fc2831a08e952dfdc4a057fd99166ef589df1032  ??  artifacts/rust-tauri/R04/RR1-G05-E01/negative/n3-missing-evidence-file/evidence/R04_MATRIX/cases/tool-edit-real-chain.json
bec2c6d085918085fb7eb01f8ec54ea53681b68aa489b59bc0a8e9b272c5c02e  ??  artifacts/rust-tauri/R04/RR1-G05-E01/negative/n3-missing-evidence-file/evidence/R04_MATRIX/cases/tool-exec-cancel-cleanup.json
c0341bc7ba746aaa51754e5650264b1d7d55e93d55ea2a03df67769834825bcc  ??  artifacts/rust-tauri/R04/RR1-G05-E01/negative/n3-missing-evidence-file/evidence/R04_MATRIX/cases/tool-exec-command-real-chain.json
e990fcd2da49cb923f667ea1714cfea3f69c8f3bd0002416761b93ab35d87ec3  ??  artifacts/rust-tauri/R04/RR1-G05-E01/negative/n3-missing-evidence-file/evidence/R04_MATRIX/cases/tool-read-real-chain.json
ea288f832ccf584b20e6d0ef80d0116568fd2c989aff55d985adce98266f5f62  ??  artifacts/rust-tauri/R04/RR1-G05-E01/negative/n3-missing-evidence-file/evidence/R04_MATRIX/cases/tool-write-real-chain.json
52e2d9bbf2b9890f5b4d03bf7c27cfb6c82322790e254fc813b47b7f093d939f  ??  artifacts/rust-tauri/R04/RR1-G05-E01/negative/n3-missing-evidence-file/evidence/R04_MATRIX/cases/tool-write-stdin-continuation.json
83f514b83ad20e51f11205b345ebcce85d4423a69379cb2a9804c8ceaf07a027  ??  artifacts/rust-tauri/R04/RR1-G05-E01/negative/n3-missing-evidence-file/evidence/R04_MATRIX/cases/tool-write-stdin-foreign-writes.json
c471fa08013c67ab99fb67a5e4e430f83cfc349758cdc601fb53e35b1ee28397  ??  artifacts/rust-tauri/R04/RR1-G05-E01/negative/n3-missing-evidence-file/evidence/R04_MATRIX/leaf-cases.json
1dbc5972065a848f6d2d8456df0891660c2c695ca72f24c3d4bd7fde395b462e  ??  artifacts/rust-tauri/R04/RR1-G05-E01/negative/n3-missing-evidence-file/evidence/R04_MATRIX/matrix-counts.json
814516da5a440d3048e0d91264b14796ba6c568851e0dc18eccbd2ea0091bd04  ??  artifacts/rust-tauri/R04/RR1-G05-E01/negative/n3-missing-evidence-file/evidence/R04_MATRIX/summary.txt
03e75607ce89dd2e535b6cf22efaed7cf04a57924ed973dec1a260cb30c15557  ??  artifacts/rust-tauri/R04/RR1-G05-E01/negative/n3-missing-evidence-file/evidence/R04_RR1_REPAIR/cases.jsonl
b4fd3ba1d5faec40aabb94b266bc3484540894de3ccac3756469a6737878300a  ??  artifacts/rust-tauri/R04/RR1-G05-E01/negative/n3-missing-evidence-file/evidence/R04_RR1_REPAIR/cid-table.txt
e3b0c44298fc1c149afbf4c8996fb92427ae41e4649b934ca495991b7852b855  ??  artifacts/rust-tauri/R04/RR1-G05-E01/negative/n3-missing-evidence-file/evidence/R04_RR1_REPAIR/gaps.txt
ba844bee5f873a8bb6499613c3ac20e7d0807fd4d848e52c3021047ed6b60bd7  ??  artifacts/rust-tauri/R04/RR1-G05-E01/negative/n3-missing-evidence-file/evidence/R04_RR1_REPAIR/pin-table.txt
e3a88bae43771884e0e5533f962b936823b53d97a6a31a19b8bbdf8fd6ea8ad8  ??  artifacts/rust-tauri/R04/RR1-G05-E01/negative/n3-missing-evidence-file/evidence/R04_RR1_REPAIR/rr1-cases.json
65dbeb078bd00376f9875042490b67e13b023858e0b3046ce6d60c68352c2130  ??  artifacts/rust-tauri/R04/RR1-G05-E01/negative/n3-missing-evidence-file/evidence/R04_RR1_REPAIR/summary.txt
a4631b2c6b55b850e8e47186b68854e7ea90c2ac3699394f271dd8a9ddcbfb95  ??  artifacts/rust-tauri/R04/RR1-G05-E01/negative/n3-missing-evidence-file/evidence/candidate-source-after.json
a4631b2c6b55b850e8e47186b68854e7ea90c2ac3699394f271dd8a9ddcbfb95  ??  artifacts/rust-tauri/R04/RR1-G05-E01/negative/n3-missing-evidence-file/evidence/candidate-source-before.json
1a7ee8876e41d018de73ccd326ffff52907538c1d83de1e91383db6526a48fa0  ??  artifacts/rust-tauri/R04/RR1-G05-E01/negative/n3-missing-evidence-file/evidence/verify-stage-result.json
4355a46b19d348dc2f57c046f8ef63d4538ebb936000f3c9ee954a27460dd865  ??  artifacts/rust-tauri/R04/RR1-G05-E01/negative/n3-missing-evidence-file/exit-code.txt
39b8dc3fc8b44765c8e6f1adee04c5b465e555ab791cc42d0d9e810d5b64297c  ??  artifacts/rust-tauri/R04/RR1-G05-E01/negative/n4-delete-sup-scenario/exit-code.txt
35888cd868f067f8f87c15a9410217b30040db29866e7e439194cf5e716cae86  ??  artifacts/rust-tauri/R04/RR1-G05-E01/negative/pristine/R04.json
264b19b6dd1582affa06407855c73e939e9fab378982e56a10cdd1b04aa8bc6f  ??  artifacts/rust-tauri/R04/RR1-G05-E01/negative/pristine/r04_rr1_g05_repair_suites.sh
cca8b19f38bd8b061b2f7c5a52ecf27ef30ef58b80c3caa54fbf3b56190ebd4a  ??  artifacts/rust-tauri/R04/RR1-G05-E01/negative/pristine/r04_t08_matrix.sh
a52f74645185c5fa23f65e859e841257cf7771cd30353adc2448a25cd4cc4fdf  ??  artifacts/rust-tauri/R04/RR1-G05-E01/negative/summary.txt
f5b0981175fe9bd307c7bb4e8dcb8490cfa58585d62d9c3e2f7eb03e4e875e54  ??  artifacts/rust-tauri/R04/RR1-G05-E01/verify-R03-prereorder/A15/cases/background-run-completes-decoupled.json
fda5f46e011354371ff149d97818d48d3b78dca205e17e8a7b39dba1cb4013e6  ??  artifacts/rust-tauri/R04/RR1-G05-E01/verify-R03-prereorder/A15/cases/background-survives-unrelated-cancel.json
92eebd1162583e5ed42a8e61a80b5c84e94753ed6562c35c930ebb65f6e23f01  ??  artifacts/rust-tauri/R04/RR1-G05-E01/verify-R03-prereorder/A15/cases/cancel-live-run-accepted-terminal-cancelled.json
edc380e78d3b8f95b51f12c2bbfcb702760327da3f20bd6c9f456b5c7e0934de  ??  artifacts/rust-tauri/R04/RR1-G05-E01/verify-R03-prereorder/A15/cases/cancel-terminal-run-already-terminal.json
e320e539d701e4f285fcff1a42629b28016fa5f103e77fccb5c1ddf921155742  ??  artifacts/rust-tauri/R04/RR1-G05-E01/verify-R03-prereorder/A15/cases/cancel-unknown-run-not-found.json
a513a19cd5ca9bc857d2e01c9be7ec61e3e5677e7d1948db618b31fb7aba127a  ??  artifacts/rust-tauri/R04/RR1-G05-E01/verify-R03-prereorder/A15/cases/cancel-waiting-approval-cancels-cleanly.json
602b436fbd1f0de778ca086853030197fe28a3fde1a5f694ebea64e4f8779c8a  ??  artifacts/rust-tauri/R04/RR1-G05-E01/verify-R03-prereorder/A15/cases/combo-cancel-stream-terminal-cancelled.json
b24ff9cdbb08092492dd68815bdf3c4a6f38c8e2a42cd79c30abbfcacdfef745  ??  artifacts/rust-tauri/R04/RR1-G05-E01/verify-R03-prereorder/A15/cases/combo-crash-recovery-honest-interrupted.json
d9e8dea9429b0f0c9fc86be7f31dcd96b4b227e1174dcdea6d1f00b177ec2987  ??  artifacts/rust-tauri/R04/RR1-G05-E01/verify-R03-prereorder/A15/cases/combo-cross-session-both-complete.json
106bebd1aa293f120bb83f22b33de1e19ae817a4963587e2ee17be8731293349  ??  artifacts/rust-tauri/R04/RR1-G05-E01/verify-R03-prereorder/A15/cases/combo-duplicate-conflict-rejected.json
eafb37ffcb4d76d45d58a64d80d9ef413064c1f979d64ba1cc2e609d147963fc  ??  artifacts/rust-tauri/R04/RR1-G05-E01/verify-R03-prereorder/A15/cases/combo-duplicate-replay-no-second-run.json
346e6cb6ae16f125e4bbfdbf24d2bbcf63c92fa9642b2676fa06a78bfa1e8fdb  ??  artifacts/rust-tauri/R04/RR1-G05-E01/verify-R03-prereorder/A15/cases/combo-events-subscriber-saw-terminal.json
97a0c8f8404d1c042f8f7efd240d5d5f5446103b21bcccf9c5c90461b6082043  ??  artifacts/rust-tauri/R04/RR1-G05-E01/verify-R03-prereorder/A15/cases/combo-multi-tool-three-calls.json
aa936466e694a90f4087b7ae928f7c9b96ae1450073774fcb29d177dfa59c7b6  ??  artifacts/rust-tauri/R04/RR1-G05-E01/verify-R03-prereorder/A15/cases/combo-multi-turn-one-terminal.json
f7bdd9e301d37d6a062e13225cfc84d7e96c1f88cd75d34e300ab00dd0fad0a0  ??  artifacts/rust-tauri/R04/RR1-G05-E01/verify-R03-prereorder/A15/cases/combo-normal-run-completed.json
51d8bd26cb2f29bee74097b5ef9a36e3389a56a1c7127e86fa36d75a8106659e  ??  artifacts/rust-tauri/R04/RR1-G05-E01/verify-R03-prereorder/A15/cases/combo-out-of-order-late-result-fenced.json
e18f1fcb5cc4af47da6184707fb88e0c0ed656f1fafffe8020a3001c9826c931  ??  artifacts/rust-tauri/R04/RR1-G05-E01/verify-R03-prereorder/A15/cases/combo-timeout-budget-loud-failure.json
ccbc0f5c630f404851ca1c561fd5c73421ba9b217ceeff29973b263f05e30888  ??  artifacts/rust-tauri/R04/RR1-G05-E01/verify-R03-prereorder/A15/cases/parent-cancel-stops-child-run.json
d72d7e1151ea38a4eeb9ad435aa66dc376039e41ff714f9f550e1f2c8934585a  ??  artifacts/rust-tauri/R04/RR1-G05-E01/verify-R03-prereorder/A15/cases/reconnect-resume-no-model-restart.json
5d89ed42d309bfcfd13956b901f209eb432200e88c2ae1eea74d6eaffe625b2a  ??  artifacts/rust-tauri/R04/RR1-G05-E01/verify-R03-prereorder/A15/cases/steer-busy-accepted.json
360ccd0c00f5114974f5f2967860d1c339a2e2baa808a2f5dca49f334fe0d386  ??  artifacts/rust-tauri/R04/RR1-G05-E01/verify-R03-prereorder/A15/cases/steer-idle-miss.json
d00e58227225a313e612b18019d7f95a07382b0426ab7fbeb39bc4b05b740cc5  ??  artifacts/rust-tauri/R04/RR1-G05-E01/verify-R03-prereorder/A15/cases/steer-text-drained-into-model-input.json
1d91fbec57470aebfedf338d49c5109fdd0216e02d720737ed53335eb06ae4c8  ??  artifacts/rust-tauri/R04/RR1-G05-E01/verify-R03-prereorder/A15/cases/subagent-child-cancel-stops-child-only.json
25c6b5b26b72b0a4408db94f4f0e40b77faa84d32ccfeaffaf04e29fb20c07c9  ??  artifacts/rust-tauri/R04/RR1-G05-E01/verify-R03-prereorder/A15/cases/subagent-close-thread-closed-status.json
c8d7de61de38e7dfa38ea3376602da5c50882e6d6238c3a1ff61b6ac7df04418  ??  artifacts/rust-tauri/R04/RR1-G05-E01/verify-R03-prereorder/A15/cases/subagent-dispatch-child-lineage-recorded.json
dce5bbb9b54961ee64c8634f90f4f2600975918f6a2590b57b7b28dd425016bd  ??  artifacts/rust-tauri/R04/RR1-G05-E01/verify-R03-prereorder/A15/cases/subagent-escalation-write-denied-zero-children.json
dcd19d358a8a5e560042eee304f1f5460d1c79ba1a64d611fb1007b830562010  ??  artifacts/rust-tauri/R04/RR1-G05-E01/verify-R03-prereorder/A15/cases/subagent-policy-proactive-delegation-default-off.json
ffef3903ae224f661b415622ed9c76da5e265c01a9c15b867f429c1f6d10ef15  ??  artifacts/rust-tauri/R04/RR1-G05-E01/verify-R03-prereorder/A15/cases/subagent-reply-continues-thread.json
d097c60f1416e1febc17bd0959b1c9252ca9be86b6a1e982d42d9240a38b107e  ??  artifacts/rust-tauri/R04/RR1-G05-E01/verify-R03-prereorder/A15/combo-counts.json
4c56fd82542a56017ef5e59d3b0c9752ede52032f31f31c24c2de458153ad296  ??  artifacts/rust-tauri/R04/RR1-G05-E01/verify-R03-prereorder/A15/combos/cancel-approval-wait.json
f861ce9b1dbe64f781134bae916b9c8f2503f4ad8572e98bfc18d180a4e35e33  ??  artifacts/rust-tauri/R04/RR1-G05-E01/verify-R03-prereorder/A15/combos/cancel-stream-read.json
76b74d822e65d068718af971eb29865cc4891a50d128a35b0bc955cc3b6b65a2  ??  artifacts/rust-tauri/R04/RR1-G05-E01/verify-R03-prereorder/A15/combos/crash-recovery.json
ef5545b54a472c39f9b09d995f9ba2e3671618a56d4de3eb7fe4fad24d81f22b  ??  artifacts/rust-tauri/R04/RR1-G05-E01/verify-R03-prereorder/A15/combos/cross-session-parallel.json
7f7fd9a6f050ba6811d5b1d7313d11473f92089a4ec0fd2335779e99b59cdaa1  ??  artifacts/rust-tauri/R04/RR1-G05-E01/verify-R03-prereorder/A15/combos/duplicate-submission.json
fc9b468ae0f2bd2cfff1a3ead3ba02756e59e73dc0c0a0ebb5142456d1ae38a8  ??  artifacts/rust-tauri/R04/RR1-G05-E01/verify-R03-prereorder/A15/combos/leaf-parent-cancel.json
a59635405b3569b1c0c950cb282ecf3749923b36c6b1b5e4d3d21fc3f4458102  ??  artifacts/rust-tauri/R04/RR1-G05-E01/verify-R03-prereorder/A15/combos/leaf-steer.json
fd60e4ca043c4073ddf838b3f0fe918436ede45ff7765efc8f1cad42821186f4  ??  artifacts/rust-tauri/R04/RR1-G05-E01/verify-R03-prereorder/A15/combos/multi-tool.json
075cad25ce0207f3b49138b8d415d0db78da1005207b2f64d282b478bffa44ae  ??  artifacts/rust-tauri/R04/RR1-G05-E01/verify-R03-prereorder/A15/combos/multi-turn-model.json
f94832aef81d68346dd1b25b1ad7312d6bc141a69a616a218b640aa170fbebcb  ??  artifacts/rust-tauri/R04/RR1-G05-E01/verify-R03-prereorder/A15/combos/normal.json
44f5b48c4f288ee214f7053e16857997f1fb66a6be241466141301a16c6872e7  ??  artifacts/rust-tauri/R04/RR1-G05-E01/verify-R03-prereorder/A15/combos/timeout-budget.json
505ecfbac3942739846be3a188cabea9d26c9641628253767c5457bdff2ab44f  ??  artifacts/rust-tauri/R04/RR1-G05-E01/verify-R03-prereorder/A15/leaf-cases.json
bdaad3ebf5ff0689f1652a4b7c24716f5b0138db8876d8941ceb6bbe390650fa  ??  artifacts/rust-tauri/R04/RR1-G05-E01/verify-R03-prereorder/A15/summary.txt
9a652a14c5a43c20164935bd4963aa32c2a32445a13a91c504c563352517c3b7  ??  artifacts/rust-tauri/R04/RR1-G05-E01/verify-R03-prereorder/A16/captured-seed.txt
9a652a14c5a43c20164935bd4963aa32c2a32445a13a91c504c563352517c3b7  ??  artifacts/rust-tauri/R04/RR1-G05-E01/verify-R03-prereorder/A16/p2-captured-seed-attempt-0.txt
9a652a14c5a43c20164935bd4963aa32c2a32445a13a91c504c563352517c3b7  ??  artifacts/rust-tauri/R04/RR1-G05-E01/verify-R03-prereorder/A16/p3-replay-1-seed.txt
9a652a14c5a43c20164935bd4963aa32c2a32445a13a91c504c563352517c3b7  ??  artifacts/rust-tauri/R04/RR1-G05-E01/verify-R03-prereorder/A16/p3-replay-2-seed.txt
3fd4aaf96fe0793daf71f6aa3f52fa6c74856c7ddd31d414962724cf4df651d5  ??  artifacts/rust-tauri/R04/RR1-G05-E01/verify-R03-prereorder/A16/seed-mechanism.json
7d823ecd2fe778be4bc9ccdeaa060189bb8c8a9e8bd9737f51cb16fbd9b11f68  ??  artifacts/rust-tauri/R04/RR1-G05-E01/verify-R03-prereorder/A16/summary.txt
5f7ef4991d4afea16fd8cd437d0e0b02f6b194f957746a7850b621807b94391e  ??  artifacts/rust-tauri/R04/RR1-G05-E01/verify-R03-prereorder/G07_REPAIR/cases.jsonl
e3b0c44298fc1c149afbf4c8996fb92427ae41e4649b934ca495991b7852b855  ??  artifacts/rust-tauri/R04/RR1-G05-E01/verify-R03-prereorder/G07_REPAIR/gaps.txt
1f29d43f2cf02b52219bc351e44642ea8aea0b0d413dd9064dac814574a7deff  ??  artifacts/rust-tauri/R04/RR1-G05-E01/verify-R03-prereorder/G07_REPAIR/repair-cases.json
5df7a3de271b9e0346ecab24934c0ab10069d2d5ccf2a8abc6c612303c536ee6  ??  artifacts/rust-tauri/R04/RR1-G05-E01/verify-R03-prereorder/G07_REPAIR/summary.txt
118ec529d1b4b66c9aff9131fb7a5b3a6e4d9d44e6f89c45c9f602d16983ab36  ??  artifacts/rust-tauri/R04/RR1-G05-E01/verify-R03-prereorder/R02/A05_A06/.last-body
1319bbe558a1a9043433da92529bc8c24d2b6fbcabc962836a938e946e273399  ??  artifacts/rust-tauri/R04/RR1-G05-E01/verify-R03-prereorder/R02/A05_A06/body-limit.txt
c0c19dff508a998f0c6e1fbf2643c2d78647cd6495bc53c57d2566877a3abc0b  ??  artifacts/rust-tauri/R04/RR1-G05-E01/verify-R03-prereorder/R02/A05_A06/cli-sessions-limit-case.json
12730fee460560a435f7a8d1ae260ad7a572e202b5b44144c86bbdda18051b04  ??  artifacts/rust-tauri/R04/RR1-G05-E01/verify-R03-prereorder/R02/A05_A06/creds-after-authz.json
103eda4cc852730f37041322a0f6d3f1332de0f12129b01cd20193e4e7fdfc4f  ??  artifacts/rust-tauri/R04/RR1-G05-E01/verify-R03-prereorder/R02/A05_A06/creds-before-authz.json
8a3b8dd67628705b3e445149b333600770f1dc4ca620b14cb8dc1cc533268834  ??  artifacts/rust-tauri/R04/RR1-G05-E01/verify-R03-prereorder/R02/A05_A06/devices-after-authz.json
46ffec175a3757194988f3955bb48757ab4605f76a53fccacc03ab6a0666f8fa  ??  artifacts/rust-tauri/R04/RR1-G05-E01/verify-R03-prereorder/R02/A05_A06/devices-before-authz.json
a2104b8e98f99279eb0b18cc111d3e0aa0317a557db0190cfb819af468db5a22  ??  artifacts/rust-tauri/R04/RR1-G05-E01/verify-R03-prereorder/R02/A05_A06/leaf-cases.json
412b0e569cee50133d3667f093da3a665fd35b6682e4ef9ffdc856d1bde27496  ??  artifacts/rust-tauri/R04/RR1-G05-E01/verify-R03-prereorder/R02/A05_A06/leaf-cases.ndjson
d53f9a6cdd337473cb0dc6937112352eaee68b481e3422d8a7a946c76123e14b  ??  artifacts/rust-tauri/R04/RR1-G05-E01/verify-R03-prereorder/R02/A05_A06/me-denied-after.sha256
d53f9a6cdd337473cb0dc6937112352eaee68b481e3422d8a7a946c76123e14b  ??  artifacts/rust-tauri/R04/RR1-G05-E01/verify-R03-prereorder/R02/A05_A06/me-denied-before.sha256
9901fa4939e8c0683cc392787126273c429530490fdebe18e68d1ad0c6fc2459  ??  artifacts/rust-tauri/R04/RR1-G05-E01/verify-R03-prereorder/R02/A05_A06/sessions-list-matrix.json
47171c6ca8e1951b1774d88672093dab41223fe3dba8c392634576df2cccfe45  ??  artifacts/rust-tauri/R04/RR1-G05-E01/verify-R03-prereorder/R02/A05_A06/state-after-authn.txt
38aad4c19be005ce50f345137568e6f693683f3ff5771b77355a892a0fdc056b  ??  artifacts/rust-tauri/R04/RR1-G05-E01/verify-R03-prereorder/R02/A05_A06/state-after.txt
47171c6ca8e1951b1774d88672093dab41223fe3dba8c392634576df2cccfe45  ??  artifacts/rust-tauri/R04/RR1-G05-E01/verify-R03-prereorder/R02/A05_A06/state-before-authz.txt
47171c6ca8e1951b1774d88672093dab41223fe3dba8c392634576df2cccfe45  ??  artifacts/rust-tauri/R04/RR1-G05-E01/verify-R03-prereorder/R02/A05_A06/state-before.txt
f485fdcf12ae37f68785a94aaa708f5f3e8e38376b8dfff9fdd7ba8745b14b91  ??  artifacts/rust-tauri/R04/RR1-G05-E01/verify-R03-prereorder/R02/A05_A06/summary.txt
f3386691664b96821ca9a0c33f2f76241c60637b537103d1303ecb0f1a98d9f6  ??  artifacts/rust-tauri/R04/RR1-G05-E01/verify-R03-prereorder/R02/A05_A06/ws-matrix.json
7f3a2d6313df1f3951ac2051559070aa133332a2b4a00d7ff9af1195a3c59a9a  ??  artifacts/rust-tauri/R04/RR1-G05-E01/verify-R03-prereorder/R02/A07_A08/last-db-hashes.txt
e613a984930f45c73fa5aa79af6955b0ac56faa30868e1da85d84a96a180eee3  ??  artifacts/rust-tauri/R04/RR1-G05-E01/verify-R03-prereorder/R02/A07_A08/s1-counts-after-stop.json
6e11d3157e36f2f24de72943cc5df97aec8475c1e95a29c6fed9cc451e41da10  ??  artifacts/rust-tauri/R04/RR1-G05-E01/verify-R03-prereorder/R02/A07_A08/s2-counts-after-crash.json
62fd3712472e3e2f0beb6ec3163121dd402f09d53921f897edfe9c16cb7ad570  ??  artifacts/rust-tauri/R04/RR1-G05-E01/verify-R03-prereorder/R02/A07_A08/s2-runs-dump.jsonl
3a049bf4195c89eefdf8bea902561bf9bcefbda32a4086f390ad93db6820cd3e  ??  artifacts/rust-tauri/R04/RR1-G05-E01/verify-R03-prereorder/R02/A07_A08/s3-fault.err
e3b0c44298fc1c149afbf4c8996fb92427ae41e4649b934ca495991b7852b855  ??  artifacts/rust-tauri/R04/RR1-G05-E01/verify-R03-prereorder/R02/A07_A08/s3-fault.out
64ceb3984a8e83a7e9eeea3c826a9cc8615e5f9c06bfef0c500662018b7046f3  ??  artifacts/rust-tauri/R04/RR1-G05-E01/verify-R03-prereorder/R02/A07_A08/s4-hashes-after.txt
64ceb3984a8e83a7e9eeea3c826a9cc8615e5f9c06bfef0c500662018b7046f3  ??  artifacts/rust-tauri/R04/RR1-G05-E01/verify-R03-prereorder/R02/A07_A08/s4-hashes-before.txt
b7f9a6f81feee7244d382e1023665a866234db7a18c77b51b760a0ac230c3f0a  ??  artifacts/rust-tauri/R04/RR1-G05-E01/verify-R03-prereorder/R02/A07_A08/s4-migrations-round1.json
b7f9a6f81feee7244d382e1023665a866234db7a18c77b51b760a0ac230c3f0a  ??  artifacts/rust-tauri/R04/RR1-G05-E01/verify-R03-prereorder/R02/A07_A08/s4-migrations-round2.json
b7f9a6f81feee7244d382e1023665a866234db7a18c77b51b760a0ac230c3f0a  ??  artifacts/rust-tauri/R04/RR1-G05-E01/verify-R03-prereorder/R02/A07_A08/s4-migrations-round3.json
af4bab920b32f9a9054e7a81c9240df60aa762c04064a459287e0c15752f9a20  ??  artifacts/rust-tauri/R04/RR1-G05-E01/verify-R03-prereorder/R02/A07_A08/service-s1.err
f477746dd8cbce18425c1a3777f301ddcc79d0f6505b563146b09981dcd02317  ??  artifacts/rust-tauri/R04/RR1-G05-E01/verify-R03-prereorder/R02/A07_A08/service-s1.out
59a8ffc75e50af905bf03300a789c1c5672fe77289b548dd0ca66ad779834fb7  ??  artifacts/rust-tauri/R04/RR1-G05-E01/verify-R03-prereorder/R02/A07_A08/service-s1b.err
df2e017cd27d0749b8961dd7c324ae0a4fbacc395c060c5462e575c8bfdfe113  ??  artifacts/rust-tauri/R04/RR1-G05-E01/verify-R03-prereorder/R02/A07_A08/service-s1b.out
45befb557e426223e7277fbbaa6953aad8ca489fc12d981854e8aa2b1758837b  ??  artifacts/rust-tauri/R04/RR1-G05-E01/verify-R03-prereorder/R02/A07_A08/service-s2.err
64c1b46ef1537554744ad79f0cc93d1d0dffcb23111e8eb81461908387e4058c  ??  artifacts/rust-tauri/R04/RR1-G05-E01/verify-R03-prereorder/R02/A07_A08/service-s2.out
4ac7b07854a780ef1c13a132a72a708fa57d9afd023a2b84e41bed6d782fc7a2  ??  artifacts/rust-tauri/R04/RR1-G05-E01/verify-R03-prereorder/R02/A07_A08/service-s2b.err
4c7e7dbc255f399b4cf07c4a5a72244916d6cd2678a6a34fc3b6b3b4b4e32ab5  ??  artifacts/rust-tauri/R04/RR1-G05-E01/verify-R03-prereorder/R02/A07_A08/service-s2b.out
1ec412098218d03007d8082890089d380ed7e21f917a1a61e02a6bf38d01a86f  ??  artifacts/rust-tauri/R04/RR1-G05-E01/verify-R03-prereorder/R02/A07_A08/service-s4-1.err
2a0cd3ad8aa0c39b4c3f5f60923d9c186ad6c7931fdf4ef47fe42eddb2a88240  ??  artifacts/rust-tauri/R04/RR1-G05-E01/verify-R03-prereorder/R02/A07_A08/service-s4-1.out
611f12124b755efc1a00ad59a6937d49768f2b50cabe3e47a9f42637906c9bdf  ??  artifacts/rust-tauri/R04/RR1-G05-E01/verify-R03-prereorder/R02/A07_A08/service-s4-2.err
36eee558388b3145ac3dd9913eea407b32de386f8363d46483806cc1b7537150  ??  artifacts/rust-tauri/R04/RR1-G05-E01/verify-R03-prereorder/R02/A07_A08/service-s4-2.out
2cbac2c8e0e7fd8ffb1283c10a15a5af3ef0ffa43d8ca7ee97d556e966ecfefa  ??  artifacts/rust-tauri/R04/RR1-G05-E01/verify-R03-prereorder/R02/A07_A08/service-s4-3.err
45a57d4389a94dd4b3649371a8c814f9d812b8998862f6ca497958051b0ce5ae  ??  artifacts/rust-tauri/R04/RR1-G05-E01/verify-R03-prereorder/R02/A07_A08/service-s4-3.out
6c47b04e369055b4fcb60a1960c5be9df88b5793183f589b5009de32cf66ce39  ??  artifacts/rust-tauri/R04/RR1-G05-E01/verify-R03-prereorder/R02/A07_A08/service.addr
837eb53850d542b3bac30bf3eae3598aaeafa5673e0c1003a6f2c7a2991309ce  ??  artifacts/rust-tauri/R04/RR1-G05-E01/verify-R03-prereorder/R02/A07_A08/service.pid
ef0c69072110e13bcf354619c10a98d842e8e82779465f9daa468de30a268a6b  ??  artifacts/rust-tauri/R04/RR1-G05-E01/verify-R03-prereorder/R02/A07_A08/summary.txt
df4bf4facc92abbf6c6caa42dff375e9a75ec8e41f46842bfbff1533c86a5822  ??  artifacts/rust-tauri/R04/RR1-G05-E01/verify-R03-prereorder/R02/A09_A10/a09-merged-view.json
c2024cd60f2d7b3df59776549dd6cba9d95dcea3b3c611f397b8a2e4c08f0b05  ??  artifacts/rust-tauri/R04/RR1-G05-E01/verify-R03-prereorder/R02/A09_A10/a10-rebuild-diff.json
21b999dda8c054fc8518cbb43a8251ec4801b6c58a3ea4513838259e07b89f27  ??  artifacts/rust-tauri/R04/RR1-G05-E01/verify-R03-prereorder/R02/A09_A10/key-events-dump.json
91925c5386dca53964cf65b529d039759ef92ea57223b2ea55d4b6e89ee56f38  ??  artifacts/rust-tauri/R04/RR1-G05-E01/verify-R03-prereorder/R02/A09_A10/matrix.json
766ef1502ebcbce26bf71a23d76155bd87043b49b5cac41b3fe16ce76951bab9  ??  artifacts/rust-tauri/R04/RR1-G05-E01/verify-R03-prereorder/R02/A09_A10/probe-matrix.jsonl
e3a0aa8fb7c888efdff8ea01fc71901e2f32c227d505ac920f4fad7e2bfbb3d9  ??  artifacts/rust-tauri/R04/RR1-G05-E01/verify-R03-prereorder/R02/A09_A10/service.err
ea391bdd232293a49638681ff33ffb487b28839b2af839b2462a89dde5be89d6  ??  artifacts/rust-tauri/R04/RR1-G05-E01/verify-R03-prereorder/R02/A09_A10/service.out
528e507b72451f28683c9240bb0ab17756a9f9d03c42269f1b8fd4ecd23b9b3e  ??  artifacts/rust-tauri/R04/RR1-G05-E01/verify-R03-prereorder/R02/A09_A10/summary.txt
dd63f79ce1a39fdef735dbb9eb292c3f8a45db77c2513d3cc7379e5dbe13749e  ??  artifacts/rust-tauri/R04/RR1-G05-E01/verify-R03-prereorder/R02/A11/backup-restore/s1-backup-dir-listing.txt
fd01dd3f7d7d2fe011c4b3b1d2c4844d3e8f27052ac5d886b1489040fb19ff85  ??  artifacts/rust-tauri/R04/RR1-G05-E01/verify-R03-prereorder/R02/A11/backup-restore/s1-backup-outcome.json
e3b0c44298fc1c149afbf4c8996fb92427ae41e4649b934ca495991b7852b855  ??  artifacts/rust-tauri/R04/RR1-G05-E01/verify-R03-prereorder/R02/A11/backup-restore/s1-backup.err
fe4b422742cefa0b4b7d7c729c787a8980f583fe5f03bc98306baf82d74aad9f  ??  artifacts/rust-tauri/R04/RR1-G05-E01/verify-R03-prereorder/R02/A11/backup-restore/s1-restore-outcome.json
e3b0c44298fc1c149afbf4c8996fb92427ae41e4649b934ca495991b7852b855  ??  artifacts/rust-tauri/R04/RR1-G05-E01/verify-R03-prereorder/R02/A11/backup-restore/s1-restore.err
75df8e61617fcd3859e874a7fa9d853ef8a33ec46b224fd3a00ea74ca1e39543  ??  artifacts/rust-tauri/R04/RR1-G05-E01/verify-R03-prereorder/R02/A11/backup-restore/s1-restored-dump.jsonl
b41cd29dee605f1a3584e67afbd6df6afbbede95969029dc51d118e494c4457d  ??  artifacts/rust-tauri/R04/RR1-G05-E01/verify-R03-prereorder/R02/A11/backup-restore/s1-restored-hash.txt
75df8e61617fcd3859e874a7fa9d853ef8a33ec46b224fd3a00ea74ca1e39543  ??  artifacts/rust-tauri/R04/RR1-G05-E01/verify-R03-prereorder/R02/A11/backup-restore/s1-source-dump.jsonl
60498eef9eb0194f79a436e67bfc69f5e5a2f2b16863fa950ceba5ae60dabe0a  ??  artifacts/rust-tauri/R04/RR1-G05-E01/verify-R03-prereorder/R02/A11/backup-restore/s1-source-hash.txt
951e1f2cedf4a978898a4f9e620777561b8381ece9faf4223f8594a201f47f74  ??  artifacts/rust-tauri/R04/RR1-G05-E01/verify-R03-prereorder/R02/A11/backup-restore/s1-wal-size.txt
e3b0c44298fc1c149afbf4c8996fb92427ae41e4649b934ca495991b7852b855  ??  artifacts/rust-tauri/R04/RR1-G05-E01/verify-R03-prereorder/R02/A11/backup-restore/s3-backup-out.json
d8586d4c9cd3fa8ad2347482c6d1781e1b17796d16d08e276ad75836574326d5  ??  artifacts/rust-tauri/R04/RR1-G05-E01/verify-R03-prereorder/R02/A11/backup-restore/s3-backup.err
9b33c4d50a9f7a0434980244454a85ce4288c7323241cf9ff22c50e6b8f8dd85  ??  artifacts/rust-tauri/R04/RR1-G05-E01/verify-R03-prereorder/R02/A11/backup-restore/s4-ws-probe.json
a4c3ed04a95a3da14a9d235c83d868bed7c0f45cf7f3faa751ee8f50598d2211  ??  artifacts/rust-tauri/R04/RR1-G05-E01/verify-R03-prereorder/R02/A11/backup-restore/s4-ws-probe.json.probe-done
81441a45130d68358f863c2e5484e44e0c3fb58cc903f74bd55016b6d23d278e  ??  artifacts/rust-tauri/R04/RR1-G05-E01/verify-R03-prereorder/R02/A11/backup-restore/service-s1.addr
da5929dcd7f6b225958aa762120d4c5d8391daf505fbf7cc0bcdd74fa08ffe93  ??  artifacts/rust-tauri/R04/RR1-G05-E01/verify-R03-prereorder/R02/A11/backup-restore/service-s1.err
03bb6137deeb56e6e6c13b9704239106758c3242f3bd75e84088cab7bc2be973  ??  artifacts/rust-tauri/R04/RR1-G05-E01/verify-R03-prereorder/R02/A11/backup-restore/service-s1.out
c412f4578ec4eaeab7763fa808d214d5fd3fc12522f766ccd4637fb75977ca17  ??  artifacts/rust-tauri/R04/RR1-G05-E01/verify-R03-prereorder/R02/A11/backup-restore/service-s2.addr
6772e4a285e6c6d977e022fc20163ce19d3cd719b5d458d5c1448973dae049c4  ??  artifacts/rust-tauri/R04/RR1-G05-E01/verify-R03-prereorder/R02/A11/backup-restore/service-s2.err
ec341909d8aeba82458b0705f02301a049efe77e9f6f382bd1ab8c4193d707e1  ??  artifacts/rust-tauri/R04/RR1-G05-E01/verify-R03-prereorder/R02/A11/backup-restore/service-s2.out
11af5728c319fe97d6eca054c01703a4bbc8fd67f43340cf76482cee6c9173e6  ??  artifacts/rust-tauri/R04/RR1-G05-E01/verify-R03-prereorder/R02/A11/backup-restore/service-s4.addr
02bbbac9bf378b83c203a5194ec3f60ed6f90d1790e88f552630be5964164219  ??  artifacts/rust-tauri/R04/RR1-G05-E01/verify-R03-prereorder/R02/A11/backup-restore/service-s4.err
a2fc6047f37411be0742e7c55ffb7425c7d888af11b8c602177eaaa3b20c2af8  ??  artifacts/rust-tauri/R04/RR1-G05-E01/verify-R03-prereorder/R02/A11/backup-restore/service-s4.out
2816b0cfc6e07918528fc625669593ccb603a9925a50e111fc7c8b77188c71c9  ??  artifacts/rust-tauri/R04/RR1-G05-E01/verify-R03-prereorder/R02/A11/backup-restore/service.pid
668ed90314dae2acbb6362721a735ad323dcedd827e5ccc35d22848e6361a2f5  ??  artifacts/rust-tauri/R04/RR1-G05-E01/verify-R03-prereorder/R02/A11/backup-restore/summary.txt
af0dafb3e92b7b162387a344890fc57de24f7d5769f09ce9e537c3950f1c4c78  ??  artifacts/rust-tauri/R04/RR1-G05-E01/verify-R03-prereorder/R02/A12/recovery-drill/coexist-after.txt
af0dafb3e92b7b162387a344890fc57de24f7d5769f09ce9e537c3950f1c4c78  ??  artifacts/rust-tauri/R04/RR1-G05-E01/verify-R03-prereorder/R02/A12/recovery-drill/coexist-before.txt
539c16127dfc30daa33eb69a8da63029c1bb639f5206096559284154e2fbe4e9  ??  artifacts/rust-tauri/R04/RR1-G05-E01/verify-R03-prereorder/R02/A12/recovery-drill/own-created-homes.txt
79be6d64aa93bf457e5b337dfa16a187af549e49a08c7760b4ddb0f61bedf8ac  ??  artifacts/rust-tauri/R04/RR1-G05-E01/verify-R03-prereorder/R02/A12/recovery-drill/summary.txt
7b2f675d535131e9ee3b95eb996b520af42000b1efea572dc62eff72fd758a84  ??  artifacts/rust-tauri/R04/RR1-G05-E01/verify-R03-prereorder/R02/A12/recovery-drill/v1-hashes-after.txt
7b2f675d535131e9ee3b95eb996b520af42000b1efea572dc62eff72fd758a84  ??  artifacts/rust-tauri/R04/RR1-G05-E01/verify-R03-prereorder/R02/A12/recovery-drill/v1-hashes-before.txt
39fb0992f08ec31ac4b11c7f3ba4b6a3e8187257977e6b60355233a008b36e8c  ??  artifacts/rust-tauri/R04/RR1-G05-E01/verify-R03-prereorder/R02/A12/recovery-drill/v1.err
e3b0c44298fc1c149afbf4c8996fb92427ae41e4649b934ca495991b7852b855  ??  artifacts/rust-tauri/R04/RR1-G05-E01/verify-R03-prereorder/R02/A12/recovery-drill/v1.out
fcb269f1fc43e20619871bab0f6e464d30773313e55b17f725fc62249ab521be  ??  artifacts/rust-tauri/R04/RR1-G05-E01/verify-R03-prereorder/R02/A12/recovery-drill/v2-hashes-after.txt
fcb269f1fc43e20619871bab0f6e464d30773313e55b17f725fc62249ab521be  ??  artifacts/rust-tauri/R04/RR1-G05-E01/verify-R03-prereorder/R02/A12/recovery-drill/v2-hashes-before.txt
116f46c66459a481fa2ca4565dce63a967ce092b25027258ba11c6c7b47ca634  ??  artifacts/rust-tauri/R04/RR1-G05-E01/verify-R03-prereorder/R02/A12/recovery-drill/v2.err
e3b0c44298fc1c149afbf4c8996fb92427ae41e4649b934ca495991b7852b855  ??  artifacts/rust-tauri/R04/RR1-G05-E01/verify-R03-prereorder/R02/A12/recovery-drill/v2.out
a33ffd69acb495d9a221778bb2317e4cef00e4d752d794b9c1267890666ec43d  ??  artifacts/rust-tauri/R04/RR1-G05-E01/verify-R03-prereorder/R02/A12/recovery-drill/v3-hashes-after.txt
a33ffd69acb495d9a221778bb2317e4cef00e4d752d794b9c1267890666ec43d  ??  artifacts/rust-tauri/R04/RR1-G05-E01/verify-R03-prereorder/R02/A12/recovery-drill/v3-hashes-before.txt
afec3ad53bdfce0352bdeecbcc1c7ab1ade85434ea3fe7422ba2552b3c3d7182  ??  artifacts/rust-tauri/R04/RR1-G05-E01/verify-R03-prereorder/R02/A12/recovery-drill/v3.err
e3b0c44298fc1c149afbf4c8996fb92427ae41e4649b934ca495991b7852b855  ??  artifacts/rust-tauri/R04/RR1-G05-E01/verify-R03-prereorder/R02/A12/recovery-drill/v3.out
5db7ea52112d142b3abc105891b78f4bc0f3391fd1bf7db20673d4ff5f4fa751  ??  artifacts/rust-tauri/R04/RR1-G05-E01/verify-R03-prereorder/R02/A12/recovery-drill/v4.err
b0d36a48959b9f4d5d84532e872be00b9ba2c8e747bc7e08f2a199212bbf1299  ??  artifacts/rust-tauri/R04/RR1-G05-E01/verify-R03-prereorder/R02/A12/recovery-drill/v4.out
482be14cc32fd397e2ad871277bcaf63929d0f94138bcd63bab0550a6e3410ff  ??  artifacts/rust-tauri/R04/RR1-G05-E01/verify-R03-prereorder/R02/A12/recovery-drill/v5-hashes-after.txt
482be14cc32fd397e2ad871277bcaf63929d0f94138bcd63bab0550a6e3410ff  ??  artifacts/rust-tauri/R04/RR1-G05-E01/verify-R03-prereorder/R02/A12/recovery-drill/v5-hashes-before.txt
a3b9cba5676eade41289e2c8c23f97eda8b62587388febc7557d9c76ccf1460b  ??  artifacts/rust-tauri/R04/RR1-G05-E01/verify-R03-prereorder/R02/A12/recovery-drill/v5.err
e3b0c44298fc1c149afbf4c8996fb92427ae41e4649b934ca495991b7852b855  ??  artifacts/rust-tauri/R04/RR1-G05-E01/verify-R03-prereorder/R02/A12/recovery-drill/v5.out
8d5d5e868bbbca269078284fbeeb3a741f0d451d14e671439e8d27318ff63304  ??  artifacts/rust-tauri/R04/RR1-G05-E01/verify-R03-prereorder/R02/A12/recovery-drill/v6-recovered-dump.jsonl
27badc983df1780b60c2b3fa9d3a19a00e46aac798451f0febdca52920faaddf  ??  artifacts/rust-tauri/R04/RR1-G05-E01/verify-R03-prereorder/R02/A12/recovery-drill/v6-seed-execute.txt
54bdc5ad1aa6b48b215791f62c9a5c66ca4cffebba2eb35d41573581d044e993  ??  artifacts/rust-tauri/R04/RR1-G05-E01/verify-R03-prereorder/R02/A12/recovery-drill/v6-seed.err
d566347e5c826878c13c5dbf29e9d565ee3b94b7befebc9d1b4ae011146b9bb2  ??  artifacts/rust-tauri/R04/RR1-G05-E01/verify-R03-prereorder/R02/A12/recovery-drill/v6-seed.out
8d505f64107070eff8fc6b52c9adc79ac37abcb70d7d516380355cf65944b222  ??  artifacts/rust-tauri/R04/RR1-G05-E01/verify-R03-prereorder/R02/A12/recovery-drill/v6.err
3ea5b72ccaf4fa669ed64332df943835c30f46756ff3aad3eaa5c60eff977c37  ??  artifacts/rust-tauri/R04/RR1-G05-E01/verify-R03-prereorder/R02/A12/recovery-drill/v6.out
fd515f5bcfa448004867c9308bf88d5e259beb7845f74553587e019e396aa36f  ??  artifacts/rust-tauri/R04/RR1-G05-E01/verify-R03-prereorder/R02/A12/recovery-drill/v7-hashes-after.txt
fd515f5bcfa448004867c9308bf88d5e259beb7845f74553587e019e396aa36f  ??  artifacts/rust-tauri/R04/RR1-G05-E01/verify-R03-prereorder/R02/A12/recovery-drill/v7-hashes-before.txt
eefde3b66019827ae0fc4c4f617b78dc6ffd64ec43aacd93fbfe1473a9ebcede  ??  artifacts/rust-tauri/R04/RR1-G05-E01/verify-R03-prereorder/R02/A12/recovery-drill/v7-seed.err
78ad30ffbcfa090d8e3e58d86b67250e5d081100080a05681c7979dbaf2ea05a  ??  artifacts/rust-tauri/R04/RR1-G05-E01/verify-R03-prereorder/R02/A12/recovery-drill/v7-seed.out
440badb2d2ae9ded6b5b859db0cfc07432b00c0714f5e2ece91ceafb225536a9  ??  artifacts/rust-tauri/R04/RR1-G05-E01/verify-R03-prereorder/R02/A12/recovery-drill/v7.err
e3b0c44298fc1c149afbf4c8996fb92427ae41e4649b934ca495991b7852b855  ??  artifacts/rust-tauri/R04/RR1-G05-E01/verify-R03-prereorder/R02/A12/recovery-drill/v7.out
67cffc8dad60327541eb1465eb0838b4584f8213c48db46da51223d279bb1cbb  ??  artifacts/rust-tauri/R04/RR1-G05-E01/verify-R03-prereorder/R02/A12/recovery-drill/v8-observed.err
3a3b25792add7494064dd5f869c15fce998c22fbb5213f8122a726c0cf22645e  ??  artifacts/rust-tauri/R04/RR1-G05-E01/verify-R03-prereorder/R02/A12/recovery-drill/v8-seed.err
267a5cc321b0086673f29ba50f0fb6ccd18aa418112c2b8f83e783d6a38c63a3  ??  artifacts/rust-tauri/R04/RR1-G05-E01/verify-R03-prereorder/R02/A12/recovery-drill/v8-seed.out
67cffc8dad60327541eb1465eb0838b4584f8213c48db46da51223d279bb1cbb  ??  artifacts/rust-tauri/R04/RR1-G05-E01/verify-R03-prereorder/R02/A12/recovery-drill/v8.err
92d9bfbe85d06840d920d85501c6e7a9e0c87e367e65a02362e1fd48b00b5f72  ??  artifacts/rust-tauri/R04/RR1-G05-E01/verify-R03-prereorder/R02/A12/recovery-drill/v8.out
e89fc5eb46e574fa0806d72fbaa2c8d4b1378e36eb6d41697fceb5a7ea03a5c1  ??  artifacts/rust-tauri/R04/RR1-G05-E01/verify-R03-prereorder/R02/A15/full-chain/pre-restart-head.json
e3b0c44298fc1c149afbf4c8996fb92427ae41e4649b934ca495991b7852b855  ??  artifacts/rust-tauri/R04/RR1-G05-E01/verify-R03-prereorder/R02/A15/full-chain/probe1.err
eb144615f1f53a52b0ab0a0bec0dc102ee58828297f9878b726a89665de45f27  ??  artifacts/rust-tauri/R04/RR1-G05-E01/verify-R03-prereorder/R02/A15/full-chain/probe1.pass-lines
e3b0c44298fc1c149afbf4c8996fb92427ae41e4649b934ca495991b7852b855  ??  artifacts/rust-tauri/R04/RR1-G05-E01/verify-R03-prereorder/R02/A15/full-chain/probe2.err
28a411dc95be7e6596d2954fdbecf8eb034d9f8dc1248ab1d111c07c1c218b89  ??  artifacts/rust-tauri/R04/RR1-G05-E01/verify-R03-prereorder/R02/A15/full-chain/probe2.pass-lines
966a4a291b048b7e8e2e634108747442d91d68332391277610fc76726d777c79  ??  artifacts/rust-tauri/R04/RR1-G05-E01/verify-R03-prereorder/R02/A15/full-chain/service1.err
f63c5ef6ec6b43e882c69076fa87b3521b46146ac4319239a787c4d02d92cf4a  ??  artifacts/rust-tauri/R04/RR1-G05-E01/verify-R03-prereorder/R02/A15/full-chain/service1.out
aedbd0e57112679c7b44309ac8722c9f0ec43d0e15898eec1e2c46e807cb1f48  ??  artifacts/rust-tauri/R04/RR1-G05-E01/verify-R03-prereorder/R02/A15/full-chain/service2.err
0ff92d13805daff9d61639b361e8fcb759889ac767644e4ee211f021442daf6d  ??  artifacts/rust-tauri/R04/RR1-G05-E01/verify-R03-prereorder/R02/A15/full-chain/service2.out
33710d2afc9c82c1e35876c3a9121c588f632a41166f5b4d5d009396118157b0  ??  artifacts/rust-tauri/R04/RR1-G05-E01/verify-R03-prereorder/R02/A15/full-chain/summary.txt
523ab963a6589a5728516dedfd166d3bb33ca94dad0fc96ba72028e6cc17b218  ??  artifacts/rust-tauri/R04/RR1-G05-E01/verify-R03-prereorder/R02/A16/legacy-entry/e0-base-purity.txt
14c38b7bc14976523523eccdf5126d6aefa97b79ff759c08151852ef59514f91  ??  artifacts/rust-tauri/R04/RR1-G05-E01/verify-R03-prereorder/R02/A16/legacy-entry/e0-candidate-binding.tsv
57ba5fadb95755582d5dd63f9ad1de152e43fabc309de228ca5ab7ae3d1f6cdb  ??  artifacts/rust-tauri/R04/RR1-G05-E01/verify-R03-prereorder/R02/A16/legacy-entry/e0-candidate-dirty.diff
abf9e08240a360be78dcadb2af5fe2f6bcb62f0163a0ed0b80c460b5c3a2d862  ??  artifacts/rust-tauri/R04/RR1-G05-E01/verify-R03-prereorder/R02/A16/legacy-entry/e0-candidate-dirty.txt
dafecdaa505ce47155b8f0b1a6b9d326f65e6e84a229add0428c0fb851a0e505  ??  artifacts/rust-tauri/R04/RR1-G05-E01/verify-R03-prereorder/R02/A16/legacy-entry/e1-binding-surface-intersect.txt
e478b5019f8dc054385b670fc46863aacb8ae7bb2c6af54b195ae23a7474e9a3  ??  artifacts/rust-tauri/R04/RR1-G05-E01/verify-R03-prereorder/R02/A16/legacy-entry/e1-default-entry-assertions.txt
ef2350de6ebbff4c6a51fabb6fb01f20fc0a67edbd04555ea9e9a1603d3e4f19  ??  artifacts/rust-tauri/R04/RR1-G05-E01/verify-R03-prereorder/R02/A16/legacy-entry/e1-surface-diff-files.txt
65a8e4d55d1d7b3d0f11e06928569acf896fdaa4c01cf07c3eb17427b16c603a  ??  artifacts/rust-tauri/R04/RR1-G05-E01/verify-R03-prereorder/R02/A16/legacy-entry/e5-cause-classes.txt
a6336e88a861d5d65bf8332c6e104672fbecde11272907b15e2847bc36cfc7b2  ??  artifacts/rust-tauri/R04/RR1-G05-E01/verify-R03-prereorder/R02/A16/legacy-entry/e5-seal-family.txt
baa3e31e4479c199b3cbc3cee46e9a37259348b92b8e0ad26199c6869c0f6fdf  ??  artifacts/rust-tauri/R04/RR1-G05-E01/verify-R03-prereorder/R02/A16/legacy-entry/summary.txt
1bfe8914cd7ac7149e81f3b4db1d3ab5b89efbcf0742ff00db25a5f824a923c5  ??  artifacts/rust-tauri/R04/RR1-G05-E01/verify-R03-prereorder/candidate-source-after.json
1bfe8914cd7ac7149e81f3b4db1d3ab5b89efbcf0742ff00db25a5f824a923c5  ??  artifacts/rust-tauri/R04/RR1-G05-E01/verify-R03-prereorder/candidate-source-before.json
d939e89fa13c8ff5e0e77bca663cc866794de705716a7fa1cb62724844d1aa9d  ??  artifacts/rust-tauri/R04/RR1-G05-E01/verify-R03-prereorder/verify-stage-result.json
f5b0981175fe9bd307c7bb4e8dcb8490cfa58585d62d9c3e2f7eb03e4e875e54  ??  artifacts/rust-tauri/R04/RR1-G05-E01/verify-R03/A15/cases/background-run-completes-decoupled.json
fda5f46e011354371ff149d97818d48d3b78dca205e17e8a7b39dba1cb4013e6  ??  artifacts/rust-tauri/R04/RR1-G05-E01/verify-R03/A15/cases/background-survives-unrelated-cancel.json
92eebd1162583e5ed42a8e61a80b5c84e94753ed6562c35c930ebb65f6e23f01  ??  artifacts/rust-tauri/R04/RR1-G05-E01/verify-R03/A15/cases/cancel-live-run-accepted-terminal-cancelled.json
edc380e78d3b8f95b51f12c2bbfcb702760327da3f20bd6c9f456b5c7e0934de  ??  artifacts/rust-tauri/R04/RR1-G05-E01/verify-R03/A15/cases/cancel-terminal-run-already-terminal.json
e320e539d701e4f285fcff1a42629b28016fa5f103e77fccb5c1ddf921155742  ??  artifacts/rust-tauri/R04/RR1-G05-E01/verify-R03/A15/cases/cancel-unknown-run-not-found.json
a513a19cd5ca9bc857d2e01c9be7ec61e3e5677e7d1948db618b31fb7aba127a  ??  artifacts/rust-tauri/R04/RR1-G05-E01/verify-R03/A15/cases/cancel-waiting-approval-cancels-cleanly.json
602b436fbd1f0de778ca086853030197fe28a3fde1a5f694ebea64e4f8779c8a  ??  artifacts/rust-tauri/R04/RR1-G05-E01/verify-R03/A15/cases/combo-cancel-stream-terminal-cancelled.json
b24ff9cdbb08092492dd68815bdf3c4a6f38c8e2a42cd79c30abbfcacdfef745  ??  artifacts/rust-tauri/R04/RR1-G05-E01/verify-R03/A15/cases/combo-crash-recovery-honest-interrupted.json
d9e8dea9429b0f0c9fc86be7f31dcd96b4b227e1174dcdea6d1f00b177ec2987  ??  artifacts/rust-tauri/R04/RR1-G05-E01/verify-R03/A15/cases/combo-cross-session-both-complete.json
106bebd1aa293f120bb83f22b33de1e19ae817a4963587e2ee17be8731293349  ??  artifacts/rust-tauri/R04/RR1-G05-E01/verify-R03/A15/cases/combo-duplicate-conflict-rejected.json
eafb37ffcb4d76d45d58a64d80d9ef413064c1f979d64ba1cc2e609d147963fc  ??  artifacts/rust-tauri/R04/RR1-G05-E01/verify-R03/A15/cases/combo-duplicate-replay-no-second-run.json
346e6cb6ae16f125e4bbfdbf24d2bbcf63c92fa9642b2676fa06a78bfa1e8fdb  ??  artifacts/rust-tauri/R04/RR1-G05-E01/verify-R03/A15/cases/combo-events-subscriber-saw-terminal.json
97a0c8f8404d1c042f8f7efd240d5d5f5446103b21bcccf9c5c90461b6082043  ??  artifacts/rust-tauri/R04/RR1-G05-E01/verify-R03/A15/cases/combo-multi-tool-three-calls.json
aa936466e694a90f4087b7ae928f7c9b96ae1450073774fcb29d177dfa59c7b6  ??  artifacts/rust-tauri/R04/RR1-G05-E01/verify-R03/A15/cases/combo-multi-turn-one-terminal.json
f7bdd9e301d37d6a062e13225cfc84d7e96c1f88cd75d34e300ab00dd0fad0a0  ??  artifacts/rust-tauri/R04/RR1-G05-E01/verify-R03/A15/cases/combo-normal-run-completed.json
51d8bd26cb2f29bee74097b5ef9a36e3389a56a1c7127e86fa36d75a8106659e  ??  artifacts/rust-tauri/R04/RR1-G05-E01/verify-R03/A15/cases/combo-out-of-order-late-result-fenced.json
e18f1fcb5cc4af47da6184707fb88e0c0ed656f1fafffe8020a3001c9826c931  ??  artifacts/rust-tauri/R04/RR1-G05-E01/verify-R03/A15/cases/combo-timeout-budget-loud-failure.json
ccbc0f5c630f404851ca1c561fd5c73421ba9b217ceeff29973b263f05e30888  ??  artifacts/rust-tauri/R04/RR1-G05-E01/verify-R03/A15/cases/parent-cancel-stops-child-run.json
d72d7e1151ea38a4eeb9ad435aa66dc376039e41ff714f9f550e1f2c8934585a  ??  artifacts/rust-tauri/R04/RR1-G05-E01/verify-R03/A15/cases/reconnect-resume-no-model-restart.json
5d89ed42d309bfcfd13956b901f209eb432200e88c2ae1eea74d6eaffe625b2a  ??  artifacts/rust-tauri/R04/RR1-G05-E01/verify-R03/A15/cases/steer-busy-accepted.json
360ccd0c00f5114974f5f2967860d1c339a2e2baa808a2f5dca49f334fe0d386  ??  artifacts/rust-tauri/R04/RR1-G05-E01/verify-R03/A15/cases/steer-idle-miss.json
d00e58227225a313e612b18019d7f95a07382b0426ab7fbeb39bc4b05b740cc5  ??  artifacts/rust-tauri/R04/RR1-G05-E01/verify-R03/A15/cases/steer-text-drained-into-model-input.json
1d91fbec57470aebfedf338d49c5109fdd0216e02d720737ed53335eb06ae4c8  ??  artifacts/rust-tauri/R04/RR1-G05-E01/verify-R03/A15/cases/subagent-child-cancel-stops-child-only.json
25c6b5b26b72b0a4408db94f4f0e40b77faa84d32ccfeaffaf04e29fb20c07c9  ??  artifacts/rust-tauri/R04/RR1-G05-E01/verify-R03/A15/cases/subagent-close-thread-closed-status.json
c8d7de61de38e7dfa38ea3376602da5c50882e6d6238c3a1ff61b6ac7df04418  ??  artifacts/rust-tauri/R04/RR1-G05-E01/verify-R03/A15/cases/subagent-dispatch-child-lineage-recorded.json
dce5bbb9b54961ee64c8634f90f4f2600975918f6a2590b57b7b28dd425016bd  ??  artifacts/rust-tauri/R04/RR1-G05-E01/verify-R03/A15/cases/subagent-escalation-write-denied-zero-children.json
dcd19d358a8a5e560042eee304f1f5460d1c79ba1a64d611fb1007b830562010  ??  artifacts/rust-tauri/R04/RR1-G05-E01/verify-R03/A15/cases/subagent-policy-proactive-delegation-default-off.json
ffef3903ae224f661b415622ed9c76da5e265c01a9c15b867f429c1f6d10ef15  ??  artifacts/rust-tauri/R04/RR1-G05-E01/verify-R03/A15/cases/subagent-reply-continues-thread.json
d097c60f1416e1febc17bd0959b1c9252ca9be86b6a1e982d42d9240a38b107e  ??  artifacts/rust-tauri/R04/RR1-G05-E01/verify-R03/A15/combo-counts.json
4c56fd82542a56017ef5e59d3b0c9752ede52032f31f31c24c2de458153ad296  ??  artifacts/rust-tauri/R04/RR1-G05-E01/verify-R03/A15/combos/cancel-approval-wait.json
f861ce9b1dbe64f781134bae916b9c8f2503f4ad8572e98bfc18d180a4e35e33  ??  artifacts/rust-tauri/R04/RR1-G05-E01/verify-R03/A15/combos/cancel-stream-read.json
76b74d822e65d068718af971eb29865cc4891a50d128a35b0bc955cc3b6b65a2  ??  artifacts/rust-tauri/R04/RR1-G05-E01/verify-R03/A15/combos/crash-recovery.json
ef5545b54a472c39f9b09d995f9ba2e3671618a56d4de3eb7fe4fad24d81f22b  ??  artifacts/rust-tauri/R04/RR1-G05-E01/verify-R03/A15/combos/cross-session-parallel.json
7f7fd9a6f050ba6811d5b1d7313d11473f92089a4ec0fd2335779e99b59cdaa1  ??  artifacts/rust-tauri/R04/RR1-G05-E01/verify-R03/A15/combos/duplicate-submission.json
fc9b468ae0f2bd2cfff1a3ead3ba02756e59e73dc0c0a0ebb5142456d1ae38a8  ??  artifacts/rust-tauri/R04/RR1-G05-E01/verify-R03/A15/combos/leaf-parent-cancel.json
a59635405b3569b1c0c950cb282ecf3749923b36c6b1b5e4d3d21fc3f4458102  ??  artifacts/rust-tauri/R04/RR1-G05-E01/verify-R03/A15/combos/leaf-steer.json
fd60e4ca043c4073ddf838b3f0fe918436ede45ff7765efc8f1cad42821186f4  ??  artifacts/rust-tauri/R04/RR1-G05-E01/verify-R03/A15/combos/multi-tool.json
075cad25ce0207f3b49138b8d415d0db78da1005207b2f64d282b478bffa44ae  ??  artifacts/rust-tauri/R04/RR1-G05-E01/verify-R03/A15/combos/multi-turn-model.json
f94832aef81d68346dd1b25b1ad7312d6bc141a69a616a218b640aa170fbebcb  ??  artifacts/rust-tauri/R04/RR1-G05-E01/verify-R03/A15/combos/normal.json
44f5b48c4f288ee214f7053e16857997f1fb66a6be241466141301a16c6872e7  ??  artifacts/rust-tauri/R04/RR1-G05-E01/verify-R03/A15/combos/timeout-budget.json
505ecfbac3942739846be3a188cabea9d26c9641628253767c5457bdff2ab44f  ??  artifacts/rust-tauri/R04/RR1-G05-E01/verify-R03/A15/leaf-cases.json
bdaad3ebf5ff0689f1652a4b7c24716f5b0138db8876d8941ceb6bbe390650fa  ??  artifacts/rust-tauri/R04/RR1-G05-E01/verify-R03/A15/summary.txt
cd8604202dc94db2ed1ff07e12ef4ea21d36bf7c8564c702d5010d067678ddb6  ??  artifacts/rust-tauri/R04/RR1-G05-E01/verify-R03/R02/A05_A06/.last-body
1319bbe558a1a9043433da92529bc8c24d2b6fbcabc962836a938e946e273399  ??  artifacts/rust-tauri/R04/RR1-G05-E01/verify-R03/R02/A05_A06/body-limit.txt
c0c19dff508a998f0c6e1fbf2643c2d78647cd6495bc53c57d2566877a3abc0b  ??  artifacts/rust-tauri/R04/RR1-G05-E01/verify-R03/R02/A05_A06/cli-sessions-limit-case.json
762599aba7c73825d01ef7cfa3cf4e8c4e2ba0e48da06cbf8d95075dec1267cb  ??  artifacts/rust-tauri/R04/RR1-G05-E01/verify-R03/R02/A05_A06/creds-after-authz.json
bdcf65736fb04c83bfa1d8c1dfea77308e9f449b7344e94adead87ef6f0fd101  ??  artifacts/rust-tauri/R04/RR1-G05-E01/verify-R03/R02/A05_A06/creds-before-authz.json
361adc0db234efa4ba0eaaca56ec7df551958a33efc9f02690b59279f02e912d  ??  artifacts/rust-tauri/R04/RR1-G05-E01/verify-R03/R02/A05_A06/devices-after-authz.json
cef94ff3f23610dcabe946410321f63ecb85105dc5bf734a872798433dbad8c3  ??  artifacts/rust-tauri/R04/RR1-G05-E01/verify-R03/R02/A05_A06/devices-before-authz.json
b3735138373233b525e729bb08cae8b3695b57a899564a9ede57473ebab156c8  ??  artifacts/rust-tauri/R04/RR1-G05-E01/verify-R03/R02/A05_A06/leaf-cases.json
ec56ecec6bf08943dcf77e1f4eb731f0ba0e13943887885800b6d445f4fb0a2c  ??  artifacts/rust-tauri/R04/RR1-G05-E01/verify-R03/R02/A05_A06/leaf-cases.ndjson
b88b28821a14cc8b4c117bb380f3e356149977e32e242ad55cd271489c196fab  ??  artifacts/rust-tauri/R04/RR1-G05-E01/verify-R03/R02/A05_A06/me-denied-after.sha256
b88b28821a14cc8b4c117bb380f3e356149977e32e242ad55cd271489c196fab  ??  artifacts/rust-tauri/R04/RR1-G05-E01/verify-R03/R02/A05_A06/me-denied-before.sha256
9901fa4939e8c0683cc392787126273c429530490fdebe18e68d1ad0c6fc2459  ??  artifacts/rust-tauri/R04/RR1-G05-E01/verify-R03/R02/A05_A06/sessions-list-matrix.json
c849e09fd3a05ef9f528f13d7f762a30ac7149109a2c2f860151dddfac065bbd  ??  artifacts/rust-tauri/R04/RR1-G05-E01/verify-R03/R02/A05_A06/state-after-authn.txt
b6d1527eb354cce33c75c5b388b0b207663d3c6702ea9a49cbf306ded169eb6d  ??  artifacts/rust-tauri/R04/RR1-G05-E01/verify-R03/R02/A05_A06/state-after.txt
c849e09fd3a05ef9f528f13d7f762a30ac7149109a2c2f860151dddfac065bbd  ??  artifacts/rust-tauri/R04/RR1-G05-E01/verify-R03/R02/A05_A06/state-before-authz.txt
c849e09fd3a05ef9f528f13d7f762a30ac7149109a2c2f860151dddfac065bbd  ??  artifacts/rust-tauri/R04/RR1-G05-E01/verify-R03/R02/A05_A06/state-before.txt
2fd5407a5312382297cc20a657e7fba38bac629e93f6676db5e38dc4b1e90da2  ??  artifacts/rust-tauri/R04/RR1-G05-E01/verify-R03/R02/A05_A06/summary.txt
9640d474364cb18aae6beef20a693b286973760c20cd4c502c3041ba39913df3  ??  artifacts/rust-tauri/R04/RR1-G05-E01/verify-R03/R02/A05_A06/ws-matrix.json
dad412dd83d68c796418ffd0436ebf1add392d14b84c67cbf17ded371bcccffb  ??  artifacts/rust-tauri/R04/RR1-G05-E01/verify-R03/R02/A07_A08/last-db-hashes.txt
e613a984930f45c73fa5aa79af6955b0ac56faa30868e1da85d84a96a180eee3  ??  artifacts/rust-tauri/R04/RR1-G05-E01/verify-R03/R02/A07_A08/s1-counts-after-stop.json
6e11d3157e36f2f24de72943cc5df97aec8475c1e95a29c6fed9cc451e41da10  ??  artifacts/rust-tauri/R04/RR1-G05-E01/verify-R03/R02/A07_A08/s2-counts-after-crash.json
898c2c45fab656505ee4afee25cd27922c0fcbd1eafe78add5b43d54628408f2  ??  artifacts/rust-tauri/R04/RR1-G05-E01/verify-R03/R02/A07_A08/s2-runs-dump.jsonl
c4290e32bac05651a68d9d647eca44a06a1a3c9e520fd227f45eddcb3533fa92  ??  artifacts/rust-tauri/R04/RR1-G05-E01/verify-R03/R02/A07_A08/s3-fault.err
e3b0c44298fc1c149afbf4c8996fb92427ae41e4649b934ca495991b7852b855  ??  artifacts/rust-tauri/R04/RR1-G05-E01/verify-R03/R02/A07_A08/s3-fault.out
e1d3b13d0e587138b50e03fe1c6a47fb0ba25996c23e3239a0567ad13517dcf5  ??  artifacts/rust-tauri/R04/RR1-G05-E01/verify-R03/R02/A07_A08/s4-hashes-after.txt
e1d3b13d0e587138b50e03fe1c6a47fb0ba25996c23e3239a0567ad13517dcf5  ??  artifacts/rust-tauri/R04/RR1-G05-E01/verify-R03/R02/A07_A08/s4-hashes-before.txt
bfa13d36cae7392a078b8417b6e2aebfcaa2fd7fb6d109720b67dba58de95ee0  ??  artifacts/rust-tauri/R04/RR1-G05-E01/verify-R03/R02/A07_A08/s4-migrations-round1.json
bfa13d36cae7392a078b8417b6e2aebfcaa2fd7fb6d109720b67dba58de95ee0  ??  artifacts/rust-tauri/R04/RR1-G05-E01/verify-R03/R02/A07_A08/s4-migrations-round2.json
bfa13d36cae7392a078b8417b6e2aebfcaa2fd7fb6d109720b67dba58de95ee0  ??  artifacts/rust-tauri/R04/RR1-G05-E01/verify-R03/R02/A07_A08/s4-migrations-round3.json
a01ac5281215ce8ec134133d420786d43f3b0e909c7b932f36252c38e1420b00  ??  artifacts/rust-tauri/R04/RR1-G05-E01/verify-R03/R02/A07_A08/service-s1.err
0663449bace0e9d82383e6848b208406d5c08670b38a4303345e382077147805  ??  artifacts/rust-tauri/R04/RR1-G05-E01/verify-R03/R02/A07_A08/service-s1.out
cddc7d6c55e92589e53ece7167eed6ef647f978c86147218d49533df020f9424  ??  artifacts/rust-tauri/R04/RR1-G05-E01/verify-R03/R02/A07_A08/service-s1b.err
93eb13a8769055fb7f06a033fb17a9cb5872bab0d804302a93eb9fd5dddf3030  ??  artifacts/rust-tauri/R04/RR1-G05-E01/verify-R03/R02/A07_A08/service-s1b.out
5a1e7a3f4274adb7d958b00b0a3ba33f12219f0efa0ae3d9c4b9692d699b1ae6  ??  artifacts/rust-tauri/R04/RR1-G05-E01/verify-R03/R02/A07_A08/service-s2.err
197bf35a8305258527cd3e7eb91adf184f8090127c018f3dccfb3cae38beeba1  ??  artifacts/rust-tauri/R04/RR1-G05-E01/verify-R03/R02/A07_A08/service-s2.out
f88194cd9fc3016c6c277666b00e627d67f71398f6f71a549e23264fccd1f156  ??  artifacts/rust-tauri/R04/RR1-G05-E01/verify-R03/R02/A07_A08/service-s2b.err
7198003484e93bd7c11f94199a9005bf69620235607ca5a26d52f183ac43006b  ??  artifacts/rust-tauri/R04/RR1-G05-E01/verify-R03/R02/A07_A08/service-s2b.out
d309c8359356e81769e6fb2f05dc5480525fc3e2748d96fcb100c6d3e1218846  ??  artifacts/rust-tauri/R04/RR1-G05-E01/verify-R03/R02/A07_A08/service-s4-1.err
6faf28d5c5085e1b255041b182b9f9361965a6ee4cf45448458b6633f699c023  ??  artifacts/rust-tauri/R04/RR1-G05-E01/verify-R03/R02/A07_A08/service-s4-1.out
7dd72c8d6e1dbc5381fed7869a0ed4020c855417cd7ab3ce102aea6811ead0c2  ??  artifacts/rust-tauri/R04/RR1-G05-E01/verify-R03/R02/A07_A08/service-s4-2.err
3fc19448fdbd2ef585abc682c3f2db8dabbb47065880248d9c08304eb556d411  ??  artifacts/rust-tauri/R04/RR1-G05-E01/verify-R03/R02/A07_A08/service-s4-2.out
46ef202772fd62b9c746e0baab5b00f088dbe57a097a988670f5cac0c4226d35  ??  artifacts/rust-tauri/R04/RR1-G05-E01/verify-R03/R02/A07_A08/service-s4-3.err
6f56364564c2257fb15acf69ab67bb565e5c7cf4c177a8e1a26bb9e4d06c3bdc  ??  artifacts/rust-tauri/R04/RR1-G05-E01/verify-R03/R02/A07_A08/service-s4-3.out
6363621da55017be54a0104c60a104335a9f8e9b2ce03f97099b44ca965d8325  ??  artifacts/rust-tauri/R04/RR1-G05-E01/verify-R03/R02/A07_A08/service.addr
c52f2536a9e8462dc8d533cf99662098c86d035cd6e9fd58579e0c101c2e0aa5  ??  artifacts/rust-tauri/R04/RR1-G05-E01/verify-R03/R02/A07_A08/service.pid
ef0c69072110e13bcf354619c10a98d842e8e82779465f9daa468de30a268a6b  ??  artifacts/rust-tauri/R04/RR1-G05-E01/verify-R03/R02/A07_A08/summary.txt
dd63f79ce1a39fdef735dbb9eb292c3f8a45db77c2513d3cc7379e5dbe13749e  ??  artifacts/rust-tauri/R04/RR1-G05-E01/verify-R03/R02/A11/backup-restore/s1-backup-dir-listing.txt
1e60a9fa9e082c4466afb1bb6cc418d6e0f357ed131f786cdc6a8da24532a4e0  ??  artifacts/rust-tauri/R04/RR1-G05-E01/verify-R03/R02/A11/backup-restore/s1-backup-outcome.json
e3b0c44298fc1c149afbf4c8996fb92427ae41e4649b934ca495991b7852b855  ??  artifacts/rust-tauri/R04/RR1-G05-E01/verify-R03/R02/A11/backup-restore/s1-backup.err
df7f6ea6f04de7599fe94109d8f8fc4999108621dda151f5bcc0f5800efe6cef  ??  artifacts/rust-tauri/R04/RR1-G05-E01/verify-R03/R02/A11/backup-restore/s1-restore-outcome.json
e3b0c44298fc1c149afbf4c8996fb92427ae41e4649b934ca495991b7852b855  ??  artifacts/rust-tauri/R04/RR1-G05-E01/verify-R03/R02/A11/backup-restore/s1-restore.err
7022d9b33e580e4c83c40d9cff3d5fa03a8e811092150858f3596a64c50e771f  ??  artifacts/rust-tauri/R04/RR1-G05-E01/verify-R03/R02/A11/backup-restore/s1-restored-dump.jsonl
1b2c231387260d9ef750856b0b5dd9920f22fc7f9e673162ef8eb55dc23c1d89  ??  artifacts/rust-tauri/R04/RR1-G05-E01/verify-R03/R02/A11/backup-restore/s1-restored-hash.txt
7022d9b33e580e4c83c40d9cff3d5fa03a8e811092150858f3596a64c50e771f  ??  artifacts/rust-tauri/R04/RR1-G05-E01/verify-R03/R02/A11/backup-restore/s1-source-dump.jsonl
dcfd970d0efe5e78c125c2d70611ba61ab6ef8b9d5648ae3ff57c77a4b8b2457  ??  artifacts/rust-tauri/R04/RR1-G05-E01/verify-R03/R02/A11/backup-restore/s1-source-hash.txt
951e1f2cedf4a978898a4f9e620777561b8381ece9faf4223f8594a201f47f74  ??  artifacts/rust-tauri/R04/RR1-G05-E01/verify-R03/R02/A11/backup-restore/s1-wal-size.txt
e3b0c44298fc1c149afbf4c8996fb92427ae41e4649b934ca495991b7852b855  ??  artifacts/rust-tauri/R04/RR1-G05-E01/verify-R03/R02/A11/backup-restore/s3-backup-out.json
bf6497e1f51e6e6d4c4136de4c5d62cdeeaef7a4605680bbd1ab07a029329939  ??  artifacts/rust-tauri/R04/RR1-G05-E01/verify-R03/R02/A11/backup-restore/s3-backup.err
9b33c4d50a9f7a0434980244454a85ce4288c7323241cf9ff22c50e6b8f8dd85  ??  artifacts/rust-tauri/R04/RR1-G05-E01/verify-R03/R02/A11/backup-restore/s4-ws-probe.json
a4c3ed04a95a3da14a9d235c83d868bed7c0f45cf7f3faa751ee8f50598d2211  ??  artifacts/rust-tauri/R04/RR1-G05-E01/verify-R03/R02/A11/backup-restore/s4-ws-probe.json.probe-done
bc607ded37352921294dc29df802ada81f2f930147745bd63a6cc31f6e65c7ed  ??  artifacts/rust-tauri/R04/RR1-G05-E01/verify-R03/R02/A11/backup-restore/service-s1.addr
1affcb2bde34bbbc5da9eba198fb4c65c959fc6b66a6af80980c6250aff6b7ba  ??  artifacts/rust-tauri/R04/RR1-G05-E01/verify-R03/R02/A11/backup-restore/service-s1.err
22ae5dbf9600c452e0b23bb4e1fc5ca2e0ee11f54c5383e909628bae5c9ac7ac  ??  artifacts/rust-tauri/R04/RR1-G05-E01/verify-R03/R02/A11/backup-restore/service-s1.out
ff8fba128f6b8f09a0324ad494cb82c1dcb171438746737c4865df9c1fa9989b  ??  artifacts/rust-tauri/R04/RR1-G05-E01/verify-R03/R02/A11/backup-restore/service-s2.addr
9e6b27b628585b4d587d7cb1ee5de91c3e5ef878cd9c4c77af13a4b7fd09478a  ??  artifacts/rust-tauri/R04/RR1-G05-E01/verify-R03/R02/A11/backup-restore/service-s2.err
d30886a04a2fb6665768c79cc47b8b0eb739681c53a36bffd25a013d4a8f66cc  ??  artifacts/rust-tauri/R04/RR1-G05-E01/verify-R03/R02/A11/backup-restore/service-s2.out
272e702d8c059a92edb33b3b434229b9384d65d613befaec9c9b1f0f31408c15  ??  artifacts/rust-tauri/R04/RR1-G05-E01/verify-R03/R02/A11/backup-restore/service-s4.addr
d5fcbf800bcde766cbf9ef367c7e2294e2909023c6c3592da9c43b1ce24d127d  ??  artifacts/rust-tauri/R04/RR1-G05-E01/verify-R03/R02/A11/backup-restore/service-s4.err
ae5de3391cc081b7a58bbc8b6e3f493a6e448b4916e3898aa15d7827a9457e73  ??  artifacts/rust-tauri/R04/RR1-G05-E01/verify-R03/R02/A11/backup-restore/service-s4.out
3ac80140e9834797a1c61c5b6c2fee7fdfaed4d742a7967fb5834230a5aaa8f5  ??  artifacts/rust-tauri/R04/RR1-G05-E01/verify-R03/R02/A11/backup-restore/service.pid
668ed90314dae2acbb6362721a735ad323dcedd827e5ccc35d22848e6361a2f5  ??  artifacts/rust-tauri/R04/RR1-G05-E01/verify-R03/R02/A11/backup-restore/summary.txt
571478c0b6e5fadcefb9fd0547fb7fc326dd2d1b92be64021a602f6541251624  ??  artifacts/rust-tauri/R04/RR1-G05-E01/verify-R03/R02/A12/recovery-drill/coexist-after.txt
571478c0b6e5fadcefb9fd0547fb7fc326dd2d1b92be64021a602f6541251624  ??  artifacts/rust-tauri/R04/RR1-G05-E01/verify-R03/R02/A12/recovery-drill/coexist-before.txt
8a7425399910f6195e810a47bdea7a4058f1824d541e4b35cfe037ced33afe99  ??  artifacts/rust-tauri/R04/RR1-G05-E01/verify-R03/R02/A12/recovery-drill/own-created-homes.txt
79be6d64aa93bf457e5b337dfa16a187af549e49a08c7760b4ddb0f61bedf8ac  ??  artifacts/rust-tauri/R04/RR1-G05-E01/verify-R03/R02/A12/recovery-drill/summary.txt
7b2f675d535131e9ee3b95eb996b520af42000b1efea572dc62eff72fd758a84  ??  artifacts/rust-tauri/R04/RR1-G05-E01/verify-R03/R02/A12/recovery-drill/v1-hashes-after.txt
7b2f675d535131e9ee3b95eb996b520af42000b1efea572dc62eff72fd758a84  ??  artifacts/rust-tauri/R04/RR1-G05-E01/verify-R03/R02/A12/recovery-drill/v1-hashes-before.txt
f834afd553ce8cf94968afd9c439bfde8671d70e1e746597d7504910be1b9ee0  ??  artifacts/rust-tauri/R04/RR1-G05-E01/verify-R03/R02/A12/recovery-drill/v1.err
e3b0c44298fc1c149afbf4c8996fb92427ae41e4649b934ca495991b7852b855  ??  artifacts/rust-tauri/R04/RR1-G05-E01/verify-R03/R02/A12/recovery-drill/v1.out
fcb269f1fc43e20619871bab0f6e464d30773313e55b17f725fc62249ab521be  ??  artifacts/rust-tauri/R04/RR1-G05-E01/verify-R03/R02/A12/recovery-drill/v2-hashes-after.txt
fcb269f1fc43e20619871bab0f6e464d30773313e55b17f725fc62249ab521be  ??  artifacts/rust-tauri/R04/RR1-G05-E01/verify-R03/R02/A12/recovery-drill/v2-hashes-before.txt
18b8e49fc492939636725cf950adeaf9999fe7e493ef45a24970fa7ec532856b  ??  artifacts/rust-tauri/R04/RR1-G05-E01/verify-R03/R02/A12/recovery-drill/v2.err
e3b0c44298fc1c149afbf4c8996fb92427ae41e4649b934ca495991b7852b855  ??  artifacts/rust-tauri/R04/RR1-G05-E01/verify-R03/R02/A12/recovery-drill/v2.out
a33ffd69acb495d9a221778bb2317e4cef00e4d752d794b9c1267890666ec43d  ??  artifacts/rust-tauri/R04/RR1-G05-E01/verify-R03/R02/A12/recovery-drill/v3-hashes-after.txt
a33ffd69acb495d9a221778bb2317e4cef00e4d752d794b9c1267890666ec43d  ??  artifacts/rust-tauri/R04/RR1-G05-E01/verify-R03/R02/A12/recovery-drill/v3-hashes-before.txt
b44b6d40aed50237671afbedc79c95b236e417760b3c24c3cd2ca35863fa4812  ??  artifacts/rust-tauri/R04/RR1-G05-E01/verify-R03/R02/A12/recovery-drill/v3.err
e3b0c44298fc1c149afbf4c8996fb92427ae41e4649b934ca495991b7852b855  ??  artifacts/rust-tauri/R04/RR1-G05-E01/verify-R03/R02/A12/recovery-drill/v3.out
ce5d5a330e1fdc661bf651935dca9cfc14f95b0bb158f8ca110105db255ab5ba  ??  artifacts/rust-tauri/R04/RR1-G05-E01/verify-R03/R02/A12/recovery-drill/v4.err
ce89029abdd00454df67a12d05bfb3ab698a6bbcb274f54c94815524393eda53  ??  artifacts/rust-tauri/R04/RR1-G05-E01/verify-R03/R02/A12/recovery-drill/v4.out
dbaf34a941295a69ad3e4cf81cf6ddc58ba8155108d927e7dfacd3fd39b109f1  ??  artifacts/rust-tauri/R04/RR1-G05-E01/verify-R03/R02/A12/recovery-drill/v5-hashes-after.txt
dbaf34a941295a69ad3e4cf81cf6ddc58ba8155108d927e7dfacd3fd39b109f1  ??  artifacts/rust-tauri/R04/RR1-G05-E01/verify-R03/R02/A12/recovery-drill/v5-hashes-before.txt
7fb4ec992c45da3b71ab133266f341af80b7fd851562f1063eca27c1cff50867  ??  artifacts/rust-tauri/R04/RR1-G05-E01/verify-R03/R02/A12/recovery-drill/v5.err
e3b0c44298fc1c149afbf4c8996fb92427ae41e4649b934ca495991b7852b855  ??  artifacts/rust-tauri/R04/RR1-G05-E01/verify-R03/R02/A12/recovery-drill/v5.out
423a293b8a7e3c47e0b7666e71dc6e9105f5e31d07b40aabc57e9956951845eb  ??  artifacts/rust-tauri/R04/RR1-G05-E01/verify-R03/R02/A12/recovery-drill/v6-recovered-dump.jsonl
27badc983df1780b60c2b3fa9d3a19a00e46aac798451f0febdca52920faaddf  ??  artifacts/rust-tauri/R04/RR1-G05-E01/verify-R03/R02/A12/recovery-drill/v6-seed-execute.txt
fa8d6fdf3627d83197ec5fa85e96fccd1595571d040738fc75c4b6d5fee4f41f  ??  artifacts/rust-tauri/R04/RR1-G05-E01/verify-R03/R02/A12/recovery-drill/v6-seed.err
d497ce5909a31d58836cc7da2a3a98ddea161bac6e772d010f9aca39cd827db7  ??  artifacts/rust-tauri/R04/RR1-G05-E01/verify-R03/R02/A12/recovery-drill/v6-seed.out
f98351b4420111bc956ddf808bb56b860a2155aefebb103ecc7383e2ed596432  ??  artifacts/rust-tauri/R04/RR1-G05-E01/verify-R03/R02/A12/recovery-drill/v6.err
0f4c35a07105cf22b0640ab0772e2464a76867d8391626a68f0b86afa767a7be  ??  artifacts/rust-tauri/R04/RR1-G05-E01/verify-R03/R02/A12/recovery-drill/v6.out
1ab6137c89a5751dcaf137c1d5d063a2c453c81e7598b97ae907670cf5f761e9  ??  artifacts/rust-tauri/R04/RR1-G05-E01/verify-R03/R02/A12/recovery-drill/v7-hashes-after.txt
1ab6137c89a5751dcaf137c1d5d063a2c453c81e7598b97ae907670cf5f761e9  ??  artifacts/rust-tauri/R04/RR1-G05-E01/verify-R03/R02/A12/recovery-drill/v7-hashes-before.txt
350a7c21582081f77ae120550549cbedcacbf557c8a4d4130d333493061278df  ??  artifacts/rust-tauri/R04/RR1-G05-E01/verify-R03/R02/A12/recovery-drill/v7-seed.err
fd430b238b5e49daaab1f9e1fc042c9ce6c71398251edd600f1a8844e2ea94ac  ??  artifacts/rust-tauri/R04/RR1-G05-E01/verify-R03/R02/A12/recovery-drill/v7-seed.out
a8bc1d40ed7f09f866024b943fefce99738b001a913eebafdc2f990bf01e2d57  ??  artifacts/rust-tauri/R04/RR1-G05-E01/verify-R03/R02/A12/recovery-drill/v7.err
e3b0c44298fc1c149afbf4c8996fb92427ae41e4649b934ca495991b7852b855  ??  artifacts/rust-tauri/R04/RR1-G05-E01/verify-R03/R02/A12/recovery-drill/v7.out
78ae602a00d3db5e8eb8fe60fe3312d1c2e656f726f73cd00a48062fc158abed  ??  artifacts/rust-tauri/R04/RR1-G05-E01/verify-R03/R02/A12/recovery-drill/v8-observed.err
6df5145ded68cd73f08b2b3ec8651910f071dbb900e39ab0a986b31f1877c9ae  ??  artifacts/rust-tauri/R04/RR1-G05-E01/verify-R03/R02/A12/recovery-drill/v8-seed.err
e0007868a96315e9c20c1744090133eeafd83db7105c4dfe00264d102631b111  ??  artifacts/rust-tauri/R04/RR1-G05-E01/verify-R03/R02/A12/recovery-drill/v8-seed.out
78ae602a00d3db5e8eb8fe60fe3312d1c2e656f726f73cd00a48062fc158abed  ??  artifacts/rust-tauri/R04/RR1-G05-E01/verify-R03/R02/A12/recovery-drill/v8.err
96e4854252bdf5fae7651a04f3c2e78eaada8144c7dcbe1ed64628541a834378  ??  artifacts/rust-tauri/R04/RR1-G05-E01/verify-R03/R02/A12/recovery-drill/v8.out
eb282e66883beca88a02cb86149106ca133216aa3b80f448f67f6fac9c0d357a  ??  artifacts/rust-tauri/R04/RR1-G05-E01/verify-R03/R02/A15/full-chain/pre-restart-head.json
e3b0c44298fc1c149afbf4c8996fb92427ae41e4649b934ca495991b7852b855  ??  artifacts/rust-tauri/R04/RR1-G05-E01/verify-R03/R02/A15/full-chain/probe1.err
e1a7ad32a232356b70c379a0751b5a7d7df2f2810b078dbaf5423e7145aaf289  ??  artifacts/rust-tauri/R04/RR1-G05-E01/verify-R03/R02/A15/full-chain/probe1.pass-lines
e3b0c44298fc1c149afbf4c8996fb92427ae41e4649b934ca495991b7852b855  ??  artifacts/rust-tauri/R04/RR1-G05-E01/verify-R03/R02/A15/full-chain/probe2.err
28a411dc95be7e6596d2954fdbecf8eb034d9f8dc1248ab1d111c07c1c218b89  ??  artifacts/rust-tauri/R04/RR1-G05-E01/verify-R03/R02/A15/full-chain/probe2.pass-lines
af69bff8b69ad95022de4010988e186b52ecf07287342ccabce593ddb41da33d  ??  artifacts/rust-tauri/R04/RR1-G05-E01/verify-R03/R02/A15/full-chain/service1.err
260e0fd11ea852ab0d4a0d01e187aec668cbc5bf61447d0ab2b804ee6eb3e888  ??  artifacts/rust-tauri/R04/RR1-G05-E01/verify-R03/R02/A15/full-chain/service1.out
f3db7c65f5b29a2ee3063dfe74c4900b6f390b7618deeb321a99151e8a865ea1  ??  artifacts/rust-tauri/R04/RR1-G05-E01/verify-R03/R02/A15/full-chain/service2.err
c38c715d4b07cfb66215f10e0c0dd78eb732423b6a28c3568be87de79a821b3f  ??  artifacts/rust-tauri/R04/RR1-G05-E01/verify-R03/R02/A15/full-chain/service2.out
14c717e5c9b543893b6303a50bc0b8457f09c3a0fd2b2f05163e821fa58ab9cd  ??  artifacts/rust-tauri/R04/RR1-G05-E01/verify-R03/R02/A15/full-chain/summary.txt
f5b0981175fe9bd307c7bb4e8dcb8490cfa58585d62d9c3e2f7eb03e4e875e54  ??  artifacts/rust-tauri/R04/RR1-G05-E01/verify-R04-attempt1-flaky-terminal-snapshot/R03_REGRESSION/A15/cases/background-run-completes-decoupled.json
fda5f46e011354371ff149d97818d48d3b78dca205e17e8a7b39dba1cb4013e6  ??  artifacts/rust-tauri/R04/RR1-G05-E01/verify-R04-attempt1-flaky-terminal-snapshot/R03_REGRESSION/A15/cases/background-survives-unrelated-cancel.json
92eebd1162583e5ed42a8e61a80b5c84e94753ed6562c35c930ebb65f6e23f01  ??  artifacts/rust-tauri/R04/RR1-G05-E01/verify-R04-attempt1-flaky-terminal-snapshot/R03_REGRESSION/A15/cases/cancel-live-run-accepted-terminal-cancelled.json
edc380e78d3b8f95b51f12c2bbfcb702760327da3f20bd6c9f456b5c7e0934de  ??  artifacts/rust-tauri/R04/RR1-G05-E01/verify-R04-attempt1-flaky-terminal-snapshot/R03_REGRESSION/A15/cases/cancel-terminal-run-already-terminal.json
e320e539d701e4f285fcff1a42629b28016fa5f103e77fccb5c1ddf921155742  ??  artifacts/rust-tauri/R04/RR1-G05-E01/verify-R04-attempt1-flaky-terminal-snapshot/R03_REGRESSION/A15/cases/cancel-unknown-run-not-found.json
a513a19cd5ca9bc857d2e01c9be7ec61e3e5677e7d1948db618b31fb7aba127a  ??  artifacts/rust-tauri/R04/RR1-G05-E01/verify-R04-attempt1-flaky-terminal-snapshot/R03_REGRESSION/A15/cases/cancel-waiting-approval-cancels-cleanly.json
602b436fbd1f0de778ca086853030197fe28a3fde1a5f694ebea64e4f8779c8a  ??  artifacts/rust-tauri/R04/RR1-G05-E01/verify-R04-attempt1-flaky-terminal-snapshot/R03_REGRESSION/A15/cases/combo-cancel-stream-terminal-cancelled.json
b24ff9cdbb08092492dd68815bdf3c4a6f38c8e2a42cd79c30abbfcacdfef745  ??  artifacts/rust-tauri/R04/RR1-G05-E01/verify-R04-attempt1-flaky-terminal-snapshot/R03_REGRESSION/A15/cases/combo-crash-recovery-honest-interrupted.json
d9e8dea9429b0f0c9fc86be7f31dcd96b4b227e1174dcdea6d1f00b177ec2987  ??  artifacts/rust-tauri/R04/RR1-G05-E01/verify-R04-attempt1-flaky-terminal-snapshot/R03_REGRESSION/A15/cases/combo-cross-session-both-complete.json
106bebd1aa293f120bb83f22b33de1e19ae817a4963587e2ee17be8731293349  ??  artifacts/rust-tauri/R04/RR1-G05-E01/verify-R04-attempt1-flaky-terminal-snapshot/R03_REGRESSION/A15/cases/combo-duplicate-conflict-rejected.json
eafb37ffcb4d76d45d58a64d80d9ef413064c1f979d64ba1cc2e609d147963fc  ??  artifacts/rust-tauri/R04/RR1-G05-E01/verify-R04-attempt1-flaky-terminal-snapshot/R03_REGRESSION/A15/cases/combo-duplicate-replay-no-second-run.json
346e6cb6ae16f125e4bbfdbf24d2bbcf63c92fa9642b2676fa06a78bfa1e8fdb  ??  artifacts/rust-tauri/R04/RR1-G05-E01/verify-R04-attempt1-flaky-terminal-snapshot/R03_REGRESSION/A15/cases/combo-events-subscriber-saw-terminal.json
97a0c8f8404d1c042f8f7efd240d5d5f5446103b21bcccf9c5c90461b6082043  ??  artifacts/rust-tauri/R04/RR1-G05-E01/verify-R04-attempt1-flaky-terminal-snapshot/R03_REGRESSION/A15/cases/combo-multi-tool-three-calls.json
aa936466e694a90f4087b7ae928f7c9b96ae1450073774fcb29d177dfa59c7b6  ??  artifacts/rust-tauri/R04/RR1-G05-E01/verify-R04-attempt1-flaky-terminal-snapshot/R03_REGRESSION/A15/cases/combo-multi-turn-one-terminal.json
f7bdd9e301d37d6a062e13225cfc84d7e96c1f88cd75d34e300ab00dd0fad0a0  ??  artifacts/rust-tauri/R04/RR1-G05-E01/verify-R04-attempt1-flaky-terminal-snapshot/R03_REGRESSION/A15/cases/combo-normal-run-completed.json
51d8bd26cb2f29bee74097b5ef9a36e3389a56a1c7127e86fa36d75a8106659e  ??  artifacts/rust-tauri/R04/RR1-G05-E01/verify-R04-attempt1-flaky-terminal-snapshot/R03_REGRESSION/A15/cases/combo-out-of-order-late-result-fenced.json
e18f1fcb5cc4af47da6184707fb88e0c0ed656f1fafffe8020a3001c9826c931  ??  artifacts/rust-tauri/R04/RR1-G05-E01/verify-R04-attempt1-flaky-terminal-snapshot/R03_REGRESSION/A15/cases/combo-timeout-budget-loud-failure.json
ccbc0f5c630f404851ca1c561fd5c73421ba9b217ceeff29973b263f05e30888  ??  artifacts/rust-tauri/R04/RR1-G05-E01/verify-R04-attempt1-flaky-terminal-snapshot/R03_REGRESSION/A15/cases/parent-cancel-stops-child-run.json
d72d7e1151ea38a4eeb9ad435aa66dc376039e41ff714f9f550e1f2c8934585a  ??  artifacts/rust-tauri/R04/RR1-G05-E01/verify-R04-attempt1-flaky-terminal-snapshot/R03_REGRESSION/A15/cases/reconnect-resume-no-model-restart.json
5d89ed42d309bfcfd13956b901f209eb432200e88c2ae1eea74d6eaffe625b2a  ??  artifacts/rust-tauri/R04/RR1-G05-E01/verify-R04-attempt1-flaky-terminal-snapshot/R03_REGRESSION/A15/cases/steer-busy-accepted.json
360ccd0c00f5114974f5f2967860d1c339a2e2baa808a2f5dca49f334fe0d386  ??  artifacts/rust-tauri/R04/RR1-G05-E01/verify-R04-attempt1-flaky-terminal-snapshot/R03_REGRESSION/A15/cases/steer-idle-miss.json
d00e58227225a313e612b18019d7f95a07382b0426ab7fbeb39bc4b05b740cc5  ??  artifacts/rust-tauri/R04/RR1-G05-E01/verify-R04-attempt1-flaky-terminal-snapshot/R03_REGRESSION/A15/cases/steer-text-drained-into-model-input.json
1d91fbec57470aebfedf338d49c5109fdd0216e02d720737ed53335eb06ae4c8  ??  artifacts/rust-tauri/R04/RR1-G05-E01/verify-R04-attempt1-flaky-terminal-snapshot/R03_REGRESSION/A15/cases/subagent-child-cancel-stops-child-only.json
25c6b5b26b72b0a4408db94f4f0e40b77faa84d32ccfeaffaf04e29fb20c07c9  ??  artifacts/rust-tauri/R04/RR1-G05-E01/verify-R04-attempt1-flaky-terminal-snapshot/R03_REGRESSION/A15/cases/subagent-close-thread-closed-status.json
c8d7de61de38e7dfa38ea3376602da5c50882e6d6238c3a1ff61b6ac7df04418  ??  artifacts/rust-tauri/R04/RR1-G05-E01/verify-R04-attempt1-flaky-terminal-snapshot/R03_REGRESSION/A15/cases/subagent-dispatch-child-lineage-recorded.json
dce5bbb9b54961ee64c8634f90f4f2600975918f6a2590b57b7b28dd425016bd  ??  artifacts/rust-tauri/R04/RR1-G05-E01/verify-R04-attempt1-flaky-terminal-snapshot/R03_REGRESSION/A15/cases/subagent-escalation-write-denied-zero-children.json
dcd19d358a8a5e560042eee304f1f5460d1c79ba1a64d611fb1007b830562010  ??  artifacts/rust-tauri/R04/RR1-G05-E01/verify-R04-attempt1-flaky-terminal-snapshot/R03_REGRESSION/A15/cases/subagent-policy-proactive-delegation-default-off.json
ffef3903ae224f661b415622ed9c76da5e265c01a9c15b867f429c1f6d10ef15  ??  artifacts/rust-tauri/R04/RR1-G05-E01/verify-R04-attempt1-flaky-terminal-snapshot/R03_REGRESSION/A15/cases/subagent-reply-continues-thread.json
d097c60f1416e1febc17bd0959b1c9252ca9be86b6a1e982d42d9240a38b107e  ??  artifacts/rust-tauri/R04/RR1-G05-E01/verify-R04-attempt1-flaky-terminal-snapshot/R03_REGRESSION/A15/combo-counts.json
4c56fd82542a56017ef5e59d3b0c9752ede52032f31f31c24c2de458153ad296  ??  artifacts/rust-tauri/R04/RR1-G05-E01/verify-R04-attempt1-flaky-terminal-snapshot/R03_REGRESSION/A15/combos/cancel-approval-wait.json
f861ce9b1dbe64f781134bae916b9c8f2503f4ad8572e98bfc18d180a4e35e33  ??  artifacts/rust-tauri/R04/RR1-G05-E01/verify-R04-attempt1-flaky-terminal-snapshot/R03_REGRESSION/A15/combos/cancel-stream-read.json
76b74d822e65d068718af971eb29865cc4891a50d128a35b0bc955cc3b6b65a2  ??  artifacts/rust-tauri/R04/RR1-G05-E01/verify-R04-attempt1-flaky-terminal-snapshot/R03_REGRESSION/A15/combos/crash-recovery.json
ef5545b54a472c39f9b09d995f9ba2e3671618a56d4de3eb7fe4fad24d81f22b  ??  artifacts/rust-tauri/R04/RR1-G05-E01/verify-R04-attempt1-flaky-terminal-snapshot/R03_REGRESSION/A15/combos/cross-session-parallel.json
7f7fd9a6f050ba6811d5b1d7313d11473f92089a4ec0fd2335779e99b59cdaa1  ??  artifacts/rust-tauri/R04/RR1-G05-E01/verify-R04-attempt1-flaky-terminal-snapshot/R03_REGRESSION/A15/combos/duplicate-submission.json
fc9b468ae0f2bd2cfff1a3ead3ba02756e59e73dc0c0a0ebb5142456d1ae38a8  ??  artifacts/rust-tauri/R04/RR1-G05-E01/verify-R04-attempt1-flaky-terminal-snapshot/R03_REGRESSION/A15/combos/leaf-parent-cancel.json
a59635405b3569b1c0c950cb282ecf3749923b36c6b1b5e4d3d21fc3f4458102  ??  artifacts/rust-tauri/R04/RR1-G05-E01/verify-R04-attempt1-flaky-terminal-snapshot/R03_REGRESSION/A15/combos/leaf-steer.json
fd60e4ca043c4073ddf838b3f0fe918436ede45ff7765efc8f1cad42821186f4  ??  artifacts/rust-tauri/R04/RR1-G05-E01/verify-R04-attempt1-flaky-terminal-snapshot/R03_REGRESSION/A15/combos/multi-tool.json
075cad25ce0207f3b49138b8d415d0db78da1005207b2f64d282b478bffa44ae  ??  artifacts/rust-tauri/R04/RR1-G05-E01/verify-R04-attempt1-flaky-terminal-snapshot/R03_REGRESSION/A15/combos/multi-turn-model.json
f94832aef81d68346dd1b25b1ad7312d6bc141a69a616a218b640aa170fbebcb  ??  artifacts/rust-tauri/R04/RR1-G05-E01/verify-R04-attempt1-flaky-terminal-snapshot/R03_REGRESSION/A15/combos/normal.json
44f5b48c4f288ee214f7053e16857997f1fb66a6be241466141301a16c6872e7  ??  artifacts/rust-tauri/R04/RR1-G05-E01/verify-R04-attempt1-flaky-terminal-snapshot/R03_REGRESSION/A15/combos/timeout-budget.json
505ecfbac3942739846be3a188cabea9d26c9641628253767c5457bdff2ab44f  ??  artifacts/rust-tauri/R04/RR1-G05-E01/verify-R04-attempt1-flaky-terminal-snapshot/R03_REGRESSION/A15/leaf-cases.json
bdaad3ebf5ff0689f1652a4b7c24716f5b0138db8876d8941ceb6bbe390650fa  ??  artifacts/rust-tauri/R04/RR1-G05-E01/verify-R04-attempt1-flaky-terminal-snapshot/R03_REGRESSION/A15/summary.txt
9a652a14c5a43c20164935bd4963aa32c2a32445a13a91c504c563352517c3b7  ??  artifacts/rust-tauri/R04/RR1-G05-E01/verify-R04-attempt1-flaky-terminal-snapshot/R03_REGRESSION/A16/captured-seed.txt
9a652a14c5a43c20164935bd4963aa32c2a32445a13a91c504c563352517c3b7  ??  artifacts/rust-tauri/R04/RR1-G05-E01/verify-R04-attempt1-flaky-terminal-snapshot/R03_REGRESSION/A16/p2-captured-seed-attempt-0.txt
9a652a14c5a43c20164935bd4963aa32c2a32445a13a91c504c563352517c3b7  ??  artifacts/rust-tauri/R04/RR1-G05-E01/verify-R04-attempt1-flaky-terminal-snapshot/R03_REGRESSION/A16/p3-replay-1-seed.txt
9a652a14c5a43c20164935bd4963aa32c2a32445a13a91c504c563352517c3b7  ??  artifacts/rust-tauri/R04/RR1-G05-E01/verify-R04-attempt1-flaky-terminal-snapshot/R03_REGRESSION/A16/p3-replay-2-seed.txt
3fd4aaf96fe0793daf71f6aa3f52fa6c74856c7ddd31d414962724cf4df651d5  ??  artifacts/rust-tauri/R04/RR1-G05-E01/verify-R04-attempt1-flaky-terminal-snapshot/R03_REGRESSION/A16/seed-mechanism.json
7d823ecd2fe778be4bc9ccdeaa060189bb8c8a9e8bd9737f51cb16fbd9b11f68  ??  artifacts/rust-tauri/R04/RR1-G05-E01/verify-R04-attempt1-flaky-terminal-snapshot/R03_REGRESSION/A16/summary.txt
5f7ef4991d4afea16fd8cd437d0e0b02f6b194f957746a7850b621807b94391e  ??  artifacts/rust-tauri/R04/RR1-G05-E01/verify-R04-attempt1-flaky-terminal-snapshot/R03_REGRESSION/G07_REPAIR/cases.jsonl
e3b0c44298fc1c149afbf4c8996fb92427ae41e4649b934ca495991b7852b855  ??  artifacts/rust-tauri/R04/RR1-G05-E01/verify-R04-attempt1-flaky-terminal-snapshot/R03_REGRESSION/G07_REPAIR/gaps.txt
1f29d43f2cf02b52219bc351e44642ea8aea0b0d413dd9064dac814574a7deff  ??  artifacts/rust-tauri/R04/RR1-G05-E01/verify-R04-attempt1-flaky-terminal-snapshot/R03_REGRESSION/G07_REPAIR/repair-cases.json
5df7a3de271b9e0346ecab24934c0ab10069d2d5ccf2a8abc6c612303c536ee6  ??  artifacts/rust-tauri/R04/RR1-G05-E01/verify-R04-attempt1-flaky-terminal-snapshot/R03_REGRESSION/G07_REPAIR/summary.txt
4c7964705ed82cea13ed046181bba91fb7a26c7f2c4658c01b6090c832b50c91  ??  artifacts/rust-tauri/R04/RR1-G05-E01/verify-R04-attempt1-flaky-terminal-snapshot/R03_REGRESSION/R02/A05_A06/.last-body
1319bbe558a1a9043433da92529bc8c24d2b6fbcabc962836a938e946e273399  ??  artifacts/rust-tauri/R04/RR1-G05-E01/verify-R04-attempt1-flaky-terminal-snapshot/R03_REGRESSION/R02/A05_A06/body-limit.txt
c0c19dff508a998f0c6e1fbf2643c2d78647cd6495bc53c57d2566877a3abc0b  ??  artifacts/rust-tauri/R04/RR1-G05-E01/verify-R04-attempt1-flaky-terminal-snapshot/R03_REGRESSION/R02/A05_A06/cli-sessions-limit-case.json
731d014b5a6752b62184d74ae583cce3c5e631f3269d9d45ed513fabcdb4ab9d  ??  artifacts/rust-tauri/R04/RR1-G05-E01/verify-R04-attempt1-flaky-terminal-snapshot/R03_REGRESSION/R02/A05_A06/creds-after-authz.json
9bfbf0bd591fd817d6ca1c734fedcdc5cfb380919009c2ff5b90c187d3655550  ??  artifacts/rust-tauri/R04/RR1-G05-E01/verify-R04-attempt1-flaky-terminal-snapshot/R03_REGRESSION/R02/A05_A06/creds-before-authz.json
7637159713d136c418cec242652da606d8820a1913e83e0309b5907a16912b00  ??  artifacts/rust-tauri/R04/RR1-G05-E01/verify-R04-attempt1-flaky-terminal-snapshot/R03_REGRESSION/R02/A05_A06/devices-after-authz.json
c478bc54c14d9d4edba7b08673df9e35273787528974bc77723b078c7fe8b7b2  ??  artifacts/rust-tauri/R04/RR1-G05-E01/verify-R04-attempt1-flaky-terminal-snapshot/R03_REGRESSION/R02/A05_A06/devices-before-authz.json
0af820b0a50b85ecb55bdfc791e08af88fc9b9fea59a887ebaad2e0363f42feb  ??  artifacts/rust-tauri/R04/RR1-G05-E01/verify-R04-attempt1-flaky-terminal-snapshot/R03_REGRESSION/R02/A05_A06/leaf-cases.json
b598b2befc170d3e225cec8ba9b6bd956440e356fb72caf1c3b4cf9924665829  ??  artifacts/rust-tauri/R04/RR1-G05-E01/verify-R04-attempt1-flaky-terminal-snapshot/R03_REGRESSION/R02/A05_A06/leaf-cases.ndjson
7e2cc9a7620263779d40ebe6560616824dca6dcc16d2263aa09556e3facaac3e  ??  artifacts/rust-tauri/R04/RR1-G05-E01/verify-R04-attempt1-flaky-terminal-snapshot/R03_REGRESSION/R02/A05_A06/me-denied-after.sha256
7e2cc9a7620263779d40ebe6560616824dca6dcc16d2263aa09556e3facaac3e  ??  artifacts/rust-tauri/R04/RR1-G05-E01/verify-R04-attempt1-flaky-terminal-snapshot/R03_REGRESSION/R02/A05_A06/me-denied-before.sha256
9901fa4939e8c0683cc392787126273c429530490fdebe18e68d1ad0c6fc2459  ??  artifacts/rust-tauri/R04/RR1-G05-E01/verify-R04-attempt1-flaky-terminal-snapshot/R03_REGRESSION/R02/A05_A06/sessions-list-matrix.json
aea8be10cb0a4c4610b0d98c36c49863d7c412612b77e98a0cc8546332fe8e67  ??  artifacts/rust-tauri/R04/RR1-G05-E01/verify-R04-attempt1-flaky-terminal-snapshot/R03_REGRESSION/R02/A05_A06/state-after-authn.txt
ec89256ad81934e8ddddd2fb89ee1968aaaa3ea5f4f18354cd8c7c65f3750bbc  ??  artifacts/rust-tauri/R04/RR1-G05-E01/verify-R04-attempt1-flaky-terminal-snapshot/R03_REGRESSION/R02/A05_A06/state-after.txt
aea8be10cb0a4c4610b0d98c36c49863d7c412612b77e98a0cc8546332fe8e67  ??  artifacts/rust-tauri/R04/RR1-G05-E01/verify-R04-attempt1-flaky-terminal-snapshot/R03_REGRESSION/R02/A05_A06/state-before-authz.txt
aea8be10cb0a4c4610b0d98c36c49863d7c412612b77e98a0cc8546332fe8e67  ??  artifacts/rust-tauri/R04/RR1-G05-E01/verify-R04-attempt1-flaky-terminal-snapshot/R03_REGRESSION/R02/A05_A06/state-before.txt
59d3128748aaeceb2164192fb14d880c6717e2c60822ecbd00971375d96df768  ??  artifacts/rust-tauri/R04/RR1-G05-E01/verify-R04-attempt1-flaky-terminal-snapshot/R03_REGRESSION/R02/A05_A06/summary.txt
7afb8ee8dc3640b27955d817530b8515bdc5826a62b00aca4f050a7db25bcc97  ??  artifacts/rust-tauri/R04/RR1-G05-E01/verify-R04-attempt1-flaky-terminal-snapshot/R03_REGRESSION/R02/A05_A06/ws-matrix.json
3e33745161e173168316ae5657d0b892e2b2f69134db3dfef558ded38caf22b6  ??  artifacts/rust-tauri/R04/RR1-G05-E01/verify-R04-attempt1-flaky-terminal-snapshot/R03_REGRESSION/R02/A07_A08/last-db-hashes.txt
e613a984930f45c73fa5aa79af6955b0ac56faa30868e1da85d84a96a180eee3  ??  artifacts/rust-tauri/R04/RR1-G05-E01/verify-R04-attempt1-flaky-terminal-snapshot/R03_REGRESSION/R02/A07_A08/s1-counts-after-stop.json
6e11d3157e36f2f24de72943cc5df97aec8475c1e95a29c6fed9cc451e41da10  ??  artifacts/rust-tauri/R04/RR1-G05-E01/verify-R04-attempt1-flaky-terminal-snapshot/R03_REGRESSION/R02/A07_A08/s2-counts-after-crash.json
947c4821c98fa62cf5b2db15069d70c16ba8a9254c685259ca4db2032cb18b3b  ??  artifacts/rust-tauri/R04/RR1-G05-E01/verify-R04-attempt1-flaky-terminal-snapshot/R03_REGRESSION/R02/A07_A08/s2-runs-dump.jsonl
eea3748e90b9c96066b0ff310b1abad99b7274bd9ffeed9a6bde0e3ea76beece  ??  artifacts/rust-tauri/R04/RR1-G05-E01/verify-R04-attempt1-flaky-terminal-snapshot/R03_REGRESSION/R02/A07_A08/s3-fault.err
e3b0c44298fc1c149afbf4c8996fb92427ae41e4649b934ca495991b7852b855  ??  artifacts/rust-tauri/R04/RR1-G05-E01/verify-R04-attempt1-flaky-terminal-snapshot/R03_REGRESSION/R02/A07_A08/s3-fault.out
73826ea0d15b2b6bd1cccc7dc9242939d415a03ba515fd322e2aa2fda55ea6bf  ??  artifacts/rust-tauri/R04/RR1-G05-E01/verify-R04-attempt1-flaky-terminal-snapshot/R03_REGRESSION/R02/A07_A08/s4-hashes-after.txt
73826ea0d15b2b6bd1cccc7dc9242939d415a03ba515fd322e2aa2fda55ea6bf  ??  artifacts/rust-tauri/R04/RR1-G05-E01/verify-R04-attempt1-flaky-terminal-snapshot/R03_REGRESSION/R02/A07_A08/s4-hashes-before.txt
a4a501fbe803871035e93e21e46585b9949f3dc42c89dffc55020ed556ecd59b  ??  artifacts/rust-tauri/R04/RR1-G05-E01/verify-R04-attempt1-flaky-terminal-snapshot/R03_REGRESSION/R02/A07_A08/s4-migrations-round1.json
a4a501fbe803871035e93e21e46585b9949f3dc42c89dffc55020ed556ecd59b  ??  artifacts/rust-tauri/R04/RR1-G05-E01/verify-R04-attempt1-flaky-terminal-snapshot/R03_REGRESSION/R02/A07_A08/s4-migrations-round2.json
a4a501fbe803871035e93e21e46585b9949f3dc42c89dffc55020ed556ecd59b  ??  artifacts/rust-tauri/R04/RR1-G05-E01/verify-R04-attempt1-flaky-terminal-snapshot/R03_REGRESSION/R02/A07_A08/s4-migrations-round3.json
148ce4624d777900a25bccca4d7213f30062e120dbce36169c8f2fc1fa0e4bdd  ??  artifacts/rust-tauri/R04/RR1-G05-E01/verify-R04-attempt1-flaky-terminal-snapshot/R03_REGRESSION/R02/A07_A08/service-s1.err
08f6dc62cd053a60e58021cae450fe4aed2036088ba31571d3b7c7800d798759  ??  artifacts/rust-tauri/R04/RR1-G05-E01/verify-R04-attempt1-flaky-terminal-snapshot/R03_REGRESSION/R02/A07_A08/service-s1.out
3b8c099bb4ac010b5952bdf25ebbd775fdf228836c481c9295dc42c3058ccbb5  ??  artifacts/rust-tauri/R04/RR1-G05-E01/verify-R04-attempt1-flaky-terminal-snapshot/R03_REGRESSION/R02/A07_A08/service-s1b.err
4fde3faa60500f59110f747089972745543e50989b6c6ebb4560344b4e72ebcb  ??  artifacts/rust-tauri/R04/RR1-G05-E01/verify-R04-attempt1-flaky-terminal-snapshot/R03_REGRESSION/R02/A07_A08/service-s1b.out
164ea56f4db744bd40020f0556072eeefbccabd043a048163c54c2c0005194c3  ??  artifacts/rust-tauri/R04/RR1-G05-E01/verify-R04-attempt1-flaky-terminal-snapshot/R03_REGRESSION/R02/A07_A08/service-s2.err
28add341d80afb43363f2424145fbaec962bb1a831d396f4040cd75e7141bb95  ??  artifacts/rust-tauri/R04/RR1-G05-E01/verify-R04-attempt1-flaky-terminal-snapshot/R03_REGRESSION/R02/A07_A08/service-s2.out
04a59cb0c506248518678440f320a008888035a0a37cce3706afa2afa2a10033  ??  artifacts/rust-tauri/R04/RR1-G05-E01/verify-R04-attempt1-flaky-terminal-snapshot/R03_REGRESSION/R02/A07_A08/service-s2b.err
35abb9cabadd60b91f4f2a07bf713e0ae02abf17d4d9f2353c49ba4f27afabc8  ??  artifacts/rust-tauri/R04/RR1-G05-E01/verify-R04-attempt1-flaky-terminal-snapshot/R03_REGRESSION/R02/A07_A08/service-s2b.out
d9b0be1d42e02519a891da5b0a52278702f9f5ec03d9c3606decb0bba123936c  ??  artifacts/rust-tauri/R04/RR1-G05-E01/verify-R04-attempt1-flaky-terminal-snapshot/R03_REGRESSION/R02/A07_A08/service-s4-1.err
957b6ea2285e66bcad9a43918cd2c197ae60ed73a77355a286323e2ea15018a3  ??  artifacts/rust-tauri/R04/RR1-G05-E01/verify-R04-attempt1-flaky-terminal-snapshot/R03_REGRESSION/R02/A07_A08/service-s4-1.out
a7bd53e08076e59baf116cb94c0dba3547793ffb353a4ba896445e25540a7785  ??  artifacts/rust-tauri/R04/RR1-G05-E01/verify-R04-attempt1-flaky-terminal-snapshot/R03_REGRESSION/R02/A07_A08/service-s4-2.err
c2cf0b55d1a1bae812752c9e32042b802be6fc7e7f51429dd360a5bda0bc2201  ??  artifacts/rust-tauri/R04/RR1-G05-E01/verify-R04-attempt1-flaky-terminal-snapshot/R03_REGRESSION/R02/A07_A08/service-s4-2.out
a070007f900f3b52a844e44965afaec0d1665a7291a62ee46d1671ba405c9a4e  ??  artifacts/rust-tauri/R04/RR1-G05-E01/verify-R04-attempt1-flaky-terminal-snapshot/R03_REGRESSION/R02/A07_A08/service-s4-3.err
5410a60cf300adf277bdab72c3d8213a88f4d5abf2a6a6be326b520351a90ba2  ??  artifacts/rust-tauri/R04/RR1-G05-E01/verify-R04-attempt1-flaky-terminal-snapshot/R03_REGRESSION/R02/A07_A08/service-s4-3.out
63c894ac944b8c9ec9cdc25796171f8d011d09cf51dc48a54fc5d1211f981023  ??  artifacts/rust-tauri/R04/RR1-G05-E01/verify-R04-attempt1-flaky-terminal-snapshot/R03_REGRESSION/R02/A07_A08/service.addr
2aaf53b7fc1c3236c9202252057c021e9858a5d3b08e40f8b37763c0a02af086  ??  artifacts/rust-tauri/R04/RR1-G05-E01/verify-R04-attempt1-flaky-terminal-snapshot/R03_REGRESSION/R02/A07_A08/service.pid
ef0c69072110e13bcf354619c10a98d842e8e82779465f9daa468de30a268a6b  ??  artifacts/rust-tauri/R04/RR1-G05-E01/verify-R04-attempt1-flaky-terminal-snapshot/R03_REGRESSION/R02/A07_A08/summary.txt
e8ca96363073e960376b45c70a0d0bcd6a6d2913769841d61a855010e6fb8113  ??  artifacts/rust-tauri/R04/RR1-G05-E01/verify-R04-attempt1-flaky-terminal-snapshot/R03_REGRESSION/R02/A09_A10/a09-merged-view.json
43372fc20bfb8ee740861a2e3eb55a8173840b568536e9e54d4bacac7a4afd42  ??  artifacts/rust-tauri/R04/RR1-G05-E01/verify-R04-attempt1-flaky-terminal-snapshot/R03_REGRESSION/R02/A09_A10/a10-rebuild-diff.json
abee535b86233b1054c467bf943dae3d60bd272b329488d4b1aa0ab8b143a10f  ??  artifacts/rust-tauri/R04/RR1-G05-E01/verify-R04-attempt1-flaky-terminal-snapshot/R03_REGRESSION/R02/A09_A10/key-events-dump.json
39341978a29ee112e4b45694ad3b5cfc2a8a98114c0684bdaebf6ffb4e210224  ??  artifacts/rust-tauri/R04/RR1-G05-E01/verify-R04-attempt1-flaky-terminal-snapshot/R03_REGRESSION/R02/A09_A10/matrix.json
e37cfff713aa818303ccca977378ed3c4a2d04e7acc5f7dbc04eafd44c94fee1  ??  artifacts/rust-tauri/R04/RR1-G05-E01/verify-R04-attempt1-flaky-terminal-snapshot/R03_REGRESSION/R02/A09_A10/probe-matrix.jsonl
2bd9c99f22d4869022669e8704bb0b7e08581380668ebd339d14b16708a5126b  ??  artifacts/rust-tauri/R04/RR1-G05-E01/verify-R04-attempt1-flaky-terminal-snapshot/R03_REGRESSION/R02/A09_A10/service.err
cd8adb3c773f6e3e16a2d9c09fdfa1a05895ed9e88a1c77e6d33639a306774cf  ??  artifacts/rust-tauri/R04/RR1-G05-E01/verify-R04-attempt1-flaky-terminal-snapshot/R03_REGRESSION/R02/A09_A10/service.out
73d16d4a99e34c5c816b43af17bb045c2b44ef4d3c8bea430f030ca961e74fae  ??  artifacts/rust-tauri/R04/RR1-G05-E01/verify-R04-attempt1-flaky-terminal-snapshot/R03_REGRESSION/R02/A09_A10/summary.txt
dd63f79ce1a39fdef735dbb9eb292c3f8a45db77c2513d3cc7379e5dbe13749e  ??  artifacts/rust-tauri/R04/RR1-G05-E01/verify-R04-attempt1-flaky-terminal-snapshot/R03_REGRESSION/R02/A11/backup-restore/s1-backup-dir-listing.txt
9b9ef90e7023f55b3db01d340a06bad45d93099afca8c372349bf33fdc1fc08c  ??  artifacts/rust-tauri/R04/RR1-G05-E01/verify-R04-attempt1-flaky-terminal-snapshot/R03_REGRESSION/R02/A11/backup-restore/s1-backup-outcome.json
e3b0c44298fc1c149afbf4c8996fb92427ae41e4649b934ca495991b7852b855  ??  artifacts/rust-tauri/R04/RR1-G05-E01/verify-R04-attempt1-flaky-terminal-snapshot/R03_REGRESSION/R02/A11/backup-restore/s1-backup.err
ae40ba45cbeb43dad77e18686e6458aa4ac1d32420aab6d6dea959e0a27f31ab  ??  artifacts/rust-tauri/R04/RR1-G05-E01/verify-R04-attempt1-flaky-terminal-snapshot/R03_REGRESSION/R02/A11/backup-restore/s1-restore-outcome.json
e3b0c44298fc1c149afbf4c8996fb92427ae41e4649b934ca495991b7852b855  ??  artifacts/rust-tauri/R04/RR1-G05-E01/verify-R04-attempt1-flaky-terminal-snapshot/R03_REGRESSION/R02/A11/backup-restore/s1-restore.err
27f47e59d1ee8d5b3b0851d3c22f594e0fd54207ab9db21ad9bd9471f074ce60  ??  artifacts/rust-tauri/R04/RR1-G05-E01/verify-R04-attempt1-flaky-terminal-snapshot/R03_REGRESSION/R02/A11/backup-restore/s1-restored-dump.jsonl
f5a0f42c73536f1040fd39760f89299b34faf7465c4cb119bfc5a2b554241de5  ??  artifacts/rust-tauri/R04/RR1-G05-E01/verify-R04-attempt1-flaky-terminal-snapshot/R03_REGRESSION/R02/A11/backup-restore/s1-restored-hash.txt
27f47e59d1ee8d5b3b0851d3c22f594e0fd54207ab9db21ad9bd9471f074ce60  ??  artifacts/rust-tauri/R04/RR1-G05-E01/verify-R04-attempt1-flaky-terminal-snapshot/R03_REGRESSION/R02/A11/backup-restore/s1-source-dump.jsonl
3ef71c19dad5c82bf01263f2160c72418ac04914084c8c268709693913bb883b  ??  artifacts/rust-tauri/R04/RR1-G05-E01/verify-R04-attempt1-flaky-terminal-snapshot/R03_REGRESSION/R02/A11/backup-restore/s1-source-hash.txt
951e1f2cedf4a978898a4f9e620777561b8381ece9faf4223f8594a201f47f74  ??  artifacts/rust-tauri/R04/RR1-G05-E01/verify-R04-attempt1-flaky-terminal-snapshot/R03_REGRESSION/R02/A11/backup-restore/s1-wal-size.txt
e3b0c44298fc1c149afbf4c8996fb92427ae41e4649b934ca495991b7852b855  ??  artifacts/rust-tauri/R04/RR1-G05-E01/verify-R04-attempt1-flaky-terminal-snapshot/R03_REGRESSION/R02/A11/backup-restore/s3-backup-out.json
4e1cc0fbb3ab909adcfc834968600761a9e2d39b9ebe6cc91b1db8a4147d29c7  ??  artifacts/rust-tauri/R04/RR1-G05-E01/verify-R04-attempt1-flaky-terminal-snapshot/R03_REGRESSION/R02/A11/backup-restore/s3-backup.err
9b33c4d50a9f7a0434980244454a85ce4288c7323241cf9ff22c50e6b8f8dd85  ??  artifacts/rust-tauri/R04/RR1-G05-E01/verify-R04-attempt1-flaky-terminal-snapshot/R03_REGRESSION/R02/A11/backup-restore/s4-ws-probe.json
a4c3ed04a95a3da14a9d235c83d868bed7c0f45cf7f3faa751ee8f50598d2211  ??  artifacts/rust-tauri/R04/RR1-G05-E01/verify-R04-attempt1-flaky-terminal-snapshot/R03_REGRESSION/R02/A11/backup-restore/s4-ws-probe.json.probe-done
0da7bbfd4667fdabe4f00be2dbb077f973a548b7d9b2fecaabc93ff03224e932  ??  artifacts/rust-tauri/R04/RR1-G05-E01/verify-R04-attempt1-flaky-terminal-snapshot/R03_REGRESSION/R02/A11/backup-restore/service-s1.addr
24ca61d1143484e337db0a323383b61502d9468aedcc394d5c3ae5b3730a9ec5  ??  artifacts/rust-tauri/R04/RR1-G05-E01/verify-R04-attempt1-flaky-terminal-snapshot/R03_REGRESSION/R02/A11/backup-restore/service-s1.err
ae16be0c1a560b16c30e451e8b11364092e701c4e24433f0e946b938feaa2b9f  ??  artifacts/rust-tauri/R04/RR1-G05-E01/verify-R04-attempt1-flaky-terminal-snapshot/R03_REGRESSION/R02/A11/backup-restore/service-s1.out
3535bd8e50deb8288fba4387fcaa3d020db8960e7478dd8d22a246121af2268d  ??  artifacts/rust-tauri/R04/RR1-G05-E01/verify-R04-attempt1-flaky-terminal-snapshot/R03_REGRESSION/R02/A11/backup-restore/service-s2.addr
2e7f2906e966ec7111e4475f940f2e0825169113b804ad1c1a7d1851437bb6f4  ??  artifacts/rust-tauri/R04/RR1-G05-E01/verify-R04-attempt1-flaky-terminal-snapshot/R03_REGRESSION/R02/A11/backup-restore/service-s2.err
6ffc70aa45060ee3e803d864bb91c91b0479a61212b997485fa4b256716533a3  ??  artifacts/rust-tauri/R04/RR1-G05-E01/verify-R04-attempt1-flaky-terminal-snapshot/R03_REGRESSION/R02/A11/backup-restore/service-s2.out
7229d79cce9bff9e8f1ab5736ab453252e789a8fa572c454e97a00c7c1d1af31  ??  artifacts/rust-tauri/R04/RR1-G05-E01/verify-R04-attempt1-flaky-terminal-snapshot/R03_REGRESSION/R02/A11/backup-restore/service-s4.addr
71733533da36925322b03647f20a32537c893efaf4e78bf0a29694ea0d83225b  ??  artifacts/rust-tauri/R04/RR1-G05-E01/verify-R04-attempt1-flaky-terminal-snapshot/R03_REGRESSION/R02/A11/backup-restore/service-s4.err
dfa7d6e7e0a331811d2b9b282c7b402be2d467db30a95fdba6305646257174ee  ??  artifacts/rust-tauri/R04/RR1-G05-E01/verify-R04-attempt1-flaky-terminal-snapshot/R03_REGRESSION/R02/A11/backup-restore/service-s4.out
af5d503e7f6636c522822c2a9a006936f68b1aa83b4273b2ee761dc24ef59df8  ??  artifacts/rust-tauri/R04/RR1-G05-E01/verify-R04-attempt1-flaky-terminal-snapshot/R03_REGRESSION/R02/A11/backup-restore/service.pid
668ed90314dae2acbb6362721a735ad323dcedd827e5ccc35d22848e6361a2f5  ??  artifacts/rust-tauri/R04/RR1-G05-E01/verify-R04-attempt1-flaky-terminal-snapshot/R03_REGRESSION/R02/A11/backup-restore/summary.txt
ad4bed7f8f664e3b81b4e9ac69d8641f570985bf2c90a6dc20e22bdbe0cee1e1  ??  artifacts/rust-tauri/R04/RR1-G05-E01/verify-R04-attempt1-flaky-terminal-snapshot/R03_REGRESSION/R02/A12/recovery-drill/coexist-after.txt
ad4bed7f8f664e3b81b4e9ac69d8641f570985bf2c90a6dc20e22bdbe0cee1e1  ??  artifacts/rust-tauri/R04/RR1-G05-E01/verify-R04-attempt1-flaky-terminal-snapshot/R03_REGRESSION/R02/A12/recovery-drill/coexist-before.txt
8a52353fd8b7a0c7c05e6bbfc291fd1f6b64e24dffd863c86106ed793498bdc6  ??  artifacts/rust-tauri/R04/RR1-G05-E01/verify-R04-attempt1-flaky-terminal-snapshot/R03_REGRESSION/R02/A12/recovery-drill/own-created-homes.txt
79be6d64aa93bf457e5b337dfa16a187af549e49a08c7760b4ddb0f61bedf8ac  ??  artifacts/rust-tauri/R04/RR1-G05-E01/verify-R04-attempt1-flaky-terminal-snapshot/R03_REGRESSION/R02/A12/recovery-drill/summary.txt
7b2f675d535131e9ee3b95eb996b520af42000b1efea572dc62eff72fd758a84  ??  artifacts/rust-tauri/R04/RR1-G05-E01/verify-R04-attempt1-flaky-terminal-snapshot/R03_REGRESSION/R02/A12/recovery-drill/v1-hashes-after.txt
7b2f675d535131e9ee3b95eb996b520af42000b1efea572dc62eff72fd758a84  ??  artifacts/rust-tauri/R04/RR1-G05-E01/verify-R04-attempt1-flaky-terminal-snapshot/R03_REGRESSION/R02/A12/recovery-drill/v1-hashes-before.txt
c966210d0d0d66a5cbc490abc2c985c89b4a1e0d45821dfbed1668f4288cbd48  ??  artifacts/rust-tauri/R04/RR1-G05-E01/verify-R04-attempt1-flaky-terminal-snapshot/R03_REGRESSION/R02/A12/recovery-drill/v1.err
e3b0c44298fc1c149afbf4c8996fb92427ae41e4649b934ca495991b7852b855  ??  artifacts/rust-tauri/R04/RR1-G05-E01/verify-R04-attempt1-flaky-terminal-snapshot/R03_REGRESSION/R02/A12/recovery-drill/v1.out
fcb269f1fc43e20619871bab0f6e464d30773313e55b17f725fc62249ab521be  ??  artifacts/rust-tauri/R04/RR1-G05-E01/verify-R04-attempt1-flaky-terminal-snapshot/R03_REGRESSION/R02/A12/recovery-drill/v2-hashes-after.txt
fcb269f1fc43e20619871bab0f6e464d30773313e55b17f725fc62249ab521be  ??  artifacts/rust-tauri/R04/RR1-G05-E01/verify-R04-attempt1-flaky-terminal-snapshot/R03_REGRESSION/R02/A12/recovery-drill/v2-hashes-before.txt
76d0ef21f55370d2e2a467f3bdbfd8d2b57e4c1944899bb6352beafcc52d1899  ??  artifacts/rust-tauri/R04/RR1-G05-E01/verify-R04-attempt1-flaky-terminal-snapshot/R03_REGRESSION/R02/A12/recovery-drill/v2.err
e3b0c44298fc1c149afbf4c8996fb92427ae41e4649b934ca495991b7852b855  ??  artifacts/rust-tauri/R04/RR1-G05-E01/verify-R04-attempt1-flaky-terminal-snapshot/R03_REGRESSION/R02/A12/recovery-drill/v2.out
a33ffd69acb495d9a221778bb2317e4cef00e4d752d794b9c1267890666ec43d  ??  artifacts/rust-tauri/R04/RR1-G05-E01/verify-R04-attempt1-flaky-terminal-snapshot/R03_REGRESSION/R02/A12/recovery-drill/v3-hashes-after.txt
a33ffd69acb495d9a221778bb2317e4cef00e4d752d794b9c1267890666ec43d  ??  artifacts/rust-tauri/R04/RR1-G05-E01/verify-R04-attempt1-flaky-terminal-snapshot/R03_REGRESSION/R02/A12/recovery-drill/v3-hashes-before.txt
42f0093dbee5e562c2fbb65fc7cdfa046ec3853edf162b0f8427352834c14728  ??  artifacts/rust-tauri/R04/RR1-G05-E01/verify-R04-attempt1-flaky-terminal-snapshot/R03_REGRESSION/R02/A12/recovery-drill/v3.err
e3b0c44298fc1c149afbf4c8996fb92427ae41e4649b934ca495991b7852b855  ??  artifacts/rust-tauri/R04/RR1-G05-E01/verify-R04-attempt1-flaky-terminal-snapshot/R03_REGRESSION/R02/A12/recovery-drill/v3.out
5e96c717d4e0abe54fa45c7ff85877057027a107bb17e8a615356e14ec225495  ??  artifacts/rust-tauri/R04/RR1-G05-E01/verify-R04-attempt1-flaky-terminal-snapshot/R03_REGRESSION/R02/A12/recovery-drill/v4.err
b8765ee49c9e913b51160e934bebe699f61e961e848ed275733f9d8982d40bf0  ??  artifacts/rust-tauri/R04/RR1-G05-E01/verify-R04-attempt1-flaky-terminal-snapshot/R03_REGRESSION/R02/A12/recovery-drill/v4.out
c506e1e14ec6379b01346884dc1e8e92ce2fc782e772e789610cdecfab5eaf01  ??  artifacts/rust-tauri/R04/RR1-G05-E01/verify-R04-attempt1-flaky-terminal-snapshot/R03_REGRESSION/R02/A12/recovery-drill/v5-hashes-after.txt
c506e1e14ec6379b01346884dc1e8e92ce2fc782e772e789610cdecfab5eaf01  ??  artifacts/rust-tauri/R04/RR1-G05-E01/verify-R04-attempt1-flaky-terminal-snapshot/R03_REGRESSION/R02/A12/recovery-drill/v5-hashes-before.txt
eb3ac457304c43f9a8ea4edf369218c1abbb0416e2fdc8a209ff69f08d092250  ??  artifacts/rust-tauri/R04/RR1-G05-E01/verify-R04-attempt1-flaky-terminal-snapshot/R03_REGRESSION/R02/A12/recovery-drill/v5.err
e3b0c44298fc1c149afbf4c8996fb92427ae41e4649b934ca495991b7852b855  ??  artifacts/rust-tauri/R04/RR1-G05-E01/verify-R04-attempt1-flaky-terminal-snapshot/R03_REGRESSION/R02/A12/recovery-drill/v5.out
36f5b9f9dc2e1dd5e9eadc3ff12009fbe9ce8ad83473834afd2f9a07c4dbfbf8  ??  artifacts/rust-tauri/R04/RR1-G05-E01/verify-R04-attempt1-flaky-terminal-snapshot/R03_REGRESSION/R02/A12/recovery-drill/v6-recovered-dump.jsonl
27badc983df1780b60c2b3fa9d3a19a00e46aac798451f0febdca52920faaddf  ??  artifacts/rust-tauri/R04/RR1-G05-E01/verify-R04-attempt1-flaky-terminal-snapshot/R03_REGRESSION/R02/A12/recovery-drill/v6-seed-execute.txt
6e5613fcacfa658cba8c0c9952d45a6dfd78316d70188e99924164a2e7ea27d9  ??  artifacts/rust-tauri/R04/RR1-G05-E01/verify-R04-attempt1-flaky-terminal-snapshot/R03_REGRESSION/R02/A12/recovery-drill/v6-seed.err
2bd106ea1e5e727fb76e84555d8c55945a75eec20bd58fa6aea3ab0b500e81e7  ??  artifacts/rust-tauri/R04/RR1-G05-E01/verify-R04-attempt1-flaky-terminal-snapshot/R03_REGRESSION/R02/A12/recovery-drill/v6-seed.out
9c9bc7b9f221c5dca8e17fb9fb7f922ecc7c0f1de1993ada5b2cd67badad6e9d  ??  artifacts/rust-tauri/R04/RR1-G05-E01/verify-R04-attempt1-flaky-terminal-snapshot/R03_REGRESSION/R02/A12/recovery-drill/v6.err
00bb44b8b6e110cf97667ab8cdd46b2e823f3b5f88b43a18fccc82915621450b  ??  artifacts/rust-tauri/R04/RR1-G05-E01/verify-R04-attempt1-flaky-terminal-snapshot/R03_REGRESSION/R02/A12/recovery-drill/v6.out
d6ebd7d0201d64f437029f31c477c39b8e95cd8b0872fb3435f28c8e994964c7  ??  artifacts/rust-tauri/R04/RR1-G05-E01/verify-R04-attempt1-flaky-terminal-snapshot/R03_REGRESSION/R02/A12/recovery-drill/v7-hashes-after.txt
d6ebd7d0201d64f437029f31c477c39b8e95cd8b0872fb3435f28c8e994964c7  ??  artifacts/rust-tauri/R04/RR1-G05-E01/verify-R04-attempt1-flaky-terminal-snapshot/R03_REGRESSION/R02/A12/recovery-drill/v7-hashes-before.txt
de9a41c88ca63a10e6a9e7eecc6954a0b6f3c79d4c60c76620c11550008c7bed  ??  artifacts/rust-tauri/R04/RR1-G05-E01/verify-R04-attempt1-flaky-terminal-snapshot/R03_REGRESSION/R02/A12/recovery-drill/v7-seed.err
dd1941b8ad3ab88f602334f45b30d946f03fc4858f7ed64708a960e69153fb68  ??  artifacts/rust-tauri/R04/RR1-G05-E01/verify-R04-attempt1-flaky-terminal-snapshot/R03_REGRESSION/R02/A12/recovery-drill/v7-seed.out
8bcff47caa8cb3c01ccc3e541d20afd87f81069079cbf4e5bc7bd135a30b715c  ??  artifacts/rust-tauri/R04/RR1-G05-E01/verify-R04-attempt1-flaky-terminal-snapshot/R03_REGRESSION/R02/A12/recovery-drill/v7.err
e3b0c44298fc1c149afbf4c8996fb92427ae41e4649b934ca495991b7852b855  ??  artifacts/rust-tauri/R04/RR1-G05-E01/verify-R04-attempt1-flaky-terminal-snapshot/R03_REGRESSION/R02/A12/recovery-drill/v7.out
254130b73395070c331cb8439140ae5bf20d76111fccd79b61c8b68375f0d0f5  ??  artifacts/rust-tauri/R04/RR1-G05-E01/verify-R04-attempt1-flaky-terminal-snapshot/R03_REGRESSION/R02/A12/recovery-drill/v8-observed.err
f3324ed0bea991415d1f125784776f731f9f3d6d16cc422ed440f00b28b192f9  ??  artifacts/rust-tauri/R04/RR1-G05-E01/verify-R04-attempt1-flaky-terminal-snapshot/R03_REGRESSION/R02/A12/recovery-drill/v8-seed.err
bb0bb0790aeeb87a4b4ea1c3c410d82332e22119154e843dde5ed494eab9b8e8  ??  artifacts/rust-tauri/R04/RR1-G05-E01/verify-R04-attempt1-flaky-terminal-snapshot/R03_REGRESSION/R02/A12/recovery-drill/v8-seed.out
254130b73395070c331cb8439140ae5bf20d76111fccd79b61c8b68375f0d0f5  ??  artifacts/rust-tauri/R04/RR1-G05-E01/verify-R04-attempt1-flaky-terminal-snapshot/R03_REGRESSION/R02/A12/recovery-drill/v8.err
037e01f9cc69bfb0f983cb906fc80448c7f5adc8b6881a16a93737472b2c9454  ??  artifacts/rust-tauri/R04/RR1-G05-E01/verify-R04-attempt1-flaky-terminal-snapshot/R03_REGRESSION/R02/A12/recovery-drill/v8.out
f33589d413dcd4636d2e8bc55585d38e998b11df27278e969a6ca5a59c387ad4  ??  artifacts/rust-tauri/R04/RR1-G05-E01/verify-R04-attempt1-flaky-terminal-snapshot/R03_REGRESSION/R02/A15/full-chain/pre-restart-head.json
e3b0c44298fc1c149afbf4c8996fb92427ae41e4649b934ca495991b7852b855  ??  artifacts/rust-tauri/R04/RR1-G05-E01/verify-R04-attempt1-flaky-terminal-snapshot/R03_REGRESSION/R02/A15/full-chain/probe1.err
4826255bceac3342158bd7d7d7989a71cb61631ba4ae99cf3a6e7aca1af2f3d8  ??  artifacts/rust-tauri/R04/RR1-G05-E01/verify-R04-attempt1-flaky-terminal-snapshot/R03_REGRESSION/R02/A15/full-chain/probe1.pass-lines
e3b0c44298fc1c149afbf4c8996fb92427ae41e4649b934ca495991b7852b855  ??  artifacts/rust-tauri/R04/RR1-G05-E01/verify-R04-attempt1-flaky-terminal-snapshot/R03_REGRESSION/R02/A15/full-chain/probe2.err
28a411dc95be7e6596d2954fdbecf8eb034d9f8dc1248ab1d111c07c1c218b89  ??  artifacts/rust-tauri/R04/RR1-G05-E01/verify-R04-attempt1-flaky-terminal-snapshot/R03_REGRESSION/R02/A15/full-chain/probe2.pass-lines
446ace5884baf583c59ad2f958eea1809f618fc11609c7f5aecd62a4874bed5d  ??  artifacts/rust-tauri/R04/RR1-G05-E01/verify-R04-attempt1-flaky-terminal-snapshot/R03_REGRESSION/R02/A15/full-chain/service1.err
9451581de755c848d7c64557728dc0b22b01add5ee9148a751ebf44b1a225c7c  ??  artifacts/rust-tauri/R04/RR1-G05-E01/verify-R04-attempt1-flaky-terminal-snapshot/R03_REGRESSION/R02/A15/full-chain/service1.out
5a15e8c8ccbdbc8c6e3ad786e6dc5143aeb0eb79c6cae4c9607afd2d3de533bc  ??  artifacts/rust-tauri/R04/RR1-G05-E01/verify-R04-attempt1-flaky-terminal-snapshot/R03_REGRESSION/R02/A15/full-chain/service2.err
7fa1b61d72046f4fd6abbf3d1fda52e07e39f4de9665468bcd0beb63f5b0378d  ??  artifacts/rust-tauri/R04/RR1-G05-E01/verify-R04-attempt1-flaky-terminal-snapshot/R03_REGRESSION/R02/A15/full-chain/service2.out
875f8c00b4f6dbd792175ab3a885b5f530418f94e2c7ad3abdea19f633318c70  ??  artifacts/rust-tauri/R04/RR1-G05-E01/verify-R04-attempt1-flaky-terminal-snapshot/R03_REGRESSION/R02/A15/full-chain/summary.txt
523ab963a6589a5728516dedfd166d3bb33ca94dad0fc96ba72028e6cc17b218  ??  artifacts/rust-tauri/R04/RR1-G05-E01/verify-R04-attempt1-flaky-terminal-snapshot/R03_REGRESSION/R02/A16/legacy-entry/e0-base-purity.txt
0862889d72de04424bbb9cd2c46a21bd61367f1f18ab3239b87b47a42eddbf5d  ??  artifacts/rust-tauri/R04/RR1-G05-E01/verify-R04-attempt1-flaky-terminal-snapshot/R03_REGRESSION/R02/A16/legacy-entry/e0-candidate-binding.tsv
57ba5fadb95755582d5dd63f9ad1de152e43fabc309de228ca5ab7ae3d1f6cdb  ??  artifacts/rust-tauri/R04/RR1-G05-E01/verify-R04-attempt1-flaky-terminal-snapshot/R03_REGRESSION/R02/A16/legacy-entry/e0-candidate-dirty.diff
abf9e08240a360be78dcadb2af5fe2f6bcb62f0163a0ed0b80c460b5c3a2d862  ??  artifacts/rust-tauri/R04/RR1-G05-E01/verify-R04-attempt1-flaky-terminal-snapshot/R03_REGRESSION/R02/A16/legacy-entry/e0-candidate-dirty.txt
dafecdaa505ce47155b8f0b1a6b9d326f65e6e84a229add0428c0fb851a0e505  ??  artifacts/rust-tauri/R04/RR1-G05-E01/verify-R04-attempt1-flaky-terminal-snapshot/R03_REGRESSION/R02/A16/legacy-entry/e1-binding-surface-intersect.txt
e478b5019f8dc054385b670fc46863aacb8ae7bb2c6af54b195ae23a7474e9a3  ??  artifacts/rust-tauri/R04/RR1-G05-E01/verify-R04-attempt1-flaky-terminal-snapshot/R03_REGRESSION/R02/A16/legacy-entry/e1-default-entry-assertions.txt
ef2350de6ebbff4c6a51fabb6fb01f20fc0a67edbd04555ea9e9a1603d3e4f19  ??  artifacts/rust-tauri/R04/RR1-G05-E01/verify-R04-attempt1-flaky-terminal-snapshot/R03_REGRESSION/R02/A16/legacy-entry/e1-surface-diff-files.txt
65a8e4d55d1d7b3d0f11e06928569acf896fdaa4c01cf07c3eb17427b16c603a  ??  artifacts/rust-tauri/R04/RR1-G05-E01/verify-R04-attempt1-flaky-terminal-snapshot/R03_REGRESSION/R02/A16/legacy-entry/e5-cause-classes.txt
a6336e88a861d5d65bf8332c6e104672fbecde11272907b15e2847bc36cfc7b2  ??  artifacts/rust-tauri/R04/RR1-G05-E01/verify-R04-attempt1-flaky-terminal-snapshot/R03_REGRESSION/R02/A16/legacy-entry/e5-seal-family.txt
745ced96fedafdd19acffacab86b51080841207a18759ab0b143c5a1325fcc9b  ??  artifacts/rust-tauri/R04/RR1-G05-E01/verify-R04-attempt1-flaky-terminal-snapshot/R03_REGRESSION/R02/A16/legacy-entry/summary.txt
d48ca133e6b8a4416f04ed59fe28c5a8b1b339574242e4e28c6cf7342272f70d  ??  artifacts/rust-tauri/R04/RR1-G05-E01/verify-R04-attempt1-flaky-terminal-snapshot/R03_REGRESSION/candidate-source-after.json
d48ca133e6b8a4416f04ed59fe28c5a8b1b339574242e4e28c6cf7342272f70d  ??  artifacts/rust-tauri/R04/RR1-G05-E01/verify-R04-attempt1-flaky-terminal-snapshot/R03_REGRESSION/candidate-source-before.json
3fd53ccfaeca0291b53bdadac0a69b2a44e207e73a53d82e65157f8763b18504  ??  artifacts/rust-tauri/R04/RR1-G05-E01/verify-R04-attempt1-flaky-terminal-snapshot/R03_REGRESSION/verify-stage-result.json
10a16641e3405663989bf586c36c94e6522cc9932c30df552a4cb308377a9676  ??  artifacts/rust-tauri/R04/RR1-G05-E01/verify-R04-attempt1-flaky-terminal-snapshot/R04_MATRIX/cases/a15-directory-claim-refused.json
09f385efaedc793ea498845967037cfcbfc0fe2c163104737d7ff99e880e98bc  ??  artifacts/rust-tauri/R04/RR1-G05-E01/verify-R04-attempt1-flaky-terminal-snapshot/R04_MATRIX/cases/a15-gateway-audit-directory-ref-failed.json
d0df7dade822790f5735f4ebef501e03b8aa905318cb8a60905b81715d427965  ??  artifacts/rust-tauri/R04/RR1-G05-E01/verify-R04-attempt1-flaky-terminal-snapshot/R04_MATRIX/cases/a15-gateway-audit-fake-ref-failed.json
a0800cd68927a3e79f38730d4c55036813c6947a5675713428917d03a1b44145  ??  artifacts/rust-tauri/R04/RR1-G05-E01/verify-R04-attempt1-flaky-terminal-snapshot/R04_MATRIX/cases/a15-gateway-audit-real-ref-passes.json
8f9b212963fdfce437456018df1536c00c82aa2118f3c3af37532e979ed04f2b  ??  artifacts/rust-tauri/R04/RR1-G05-E01/verify-R04-attempt1-flaky-terminal-snapshot/R04_MATRIX/cases/a15-missing-claim-refused.json
04245f14680505fadaf81819e4b39818cf0d629654f8733039a6ac2e8d68bb98  ??  artifacts/rust-tauri/R04/RR1-G05-E01/verify-R04-attempt1-flaky-terminal-snapshot/R04_MATRIX/cases/a15-out-of-grant-claim-refused.json
e4bb14f7a842ae22ee91e7b3bebdfcc5273aec1410f84eb90970f2bc4dc3fc91  ??  artifacts/rust-tauri/R04/RR1-G05-E01/verify-R04-attempt1-flaky-terminal-snapshot/R04_MATRIX/cases/a15-real-delivery-registered.json
6895d6a72b4da91d630223ce6ad2b8320db84534f721b5748ac0f487c1a29223  ??  artifacts/rust-tauri/R04/RR1-G05-E01/verify-R04-attempt1-flaky-terminal-snapshot/R04_MATRIX/cases/a15-structure-violation-refused.json
94c57b04cb80a3ce8932e58d775b4aaa85affa76e33e34512e4a0bc47ade49a9  ??  artifacts/rust-tauri/R04/RR1-G05-E01/verify-R04-attempt1-flaky-terminal-snapshot/R04_MATRIX/cases/a16-alias-route-covered.json
506ae3c069a2a967546a4ca114bf3e15abac6ebcdb0f7e35b359b12c1cde92b5  ??  artifacts/rust-tauri/R04/RR1-G05-E01/verify-R04-attempt1-flaky-terminal-snapshot/R04_MATRIX/cases/a16-history-preserved.json
901361017912bc20e016d13a2a4f8d701ddee123481ac52c440c176b6d9510aa  ??  artifacts/rust-tauri/R04/RR1-G05-E01/verify-R04-attempt1-flaky-terminal-snapshot/R04_MATRIX/cases/approval-answer-executes-once.json
bd45162c41ae2eec362f6f35bc50015ae2a8266f70ce5f91d5c45e5ad8053270  ??  artifacts/rust-tauri/R04/RR1-G05-E01/verify-R04-attempt1-flaky-terminal-snapshot/R04_MATRIX/cases/approval-duplicate-idempotent.json
bababcc7f3e64579d35c9259a419a674630e4e549217be76c41f04eda4f0bcdc  ??  artifacts/rust-tauri/R04/RR1-G05-E01/verify-R04-attempt1-flaky-terminal-snapshot/R04_MATRIX/cases/approval-reject-zero-dispatch.json
20fd6bee69494fece169e2b99ea1e3085ddffbb071d88ebc23f7dcaeb412c721  ??  artifacts/rust-tauri/R04/RR1-G05-E01/verify-R04-attempt1-flaky-terminal-snapshot/R04_MATRIX/cases/catalog-face-lists-mcp-tools-with-permission.json
a6740bd82388993cca6d0b79d294334e6ad84438d23b819303e84cb2670999df  ??  artifacts/rust-tauri/R04/RR1-G05-E01/verify-R04-attempt1-flaky-terminal-snapshot/R04_MATRIX/cases/future-tool-shape-ast_edit-discoverable-not-callable.json
821137c4819111c5cab65e31fe33146b843d4bc963a7ae66bf3c6139aab4dc68  ??  artifacts/rust-tauri/R04/RR1-G05-E01/verify-R04-attempt1-flaky-terminal-snapshot/R04_MATRIX/cases/future-tool-shape-ast_grep-discoverable-not-callable.json
9827cfcbf4ea963126bc89e02f8247506844fc54c5a0d9086547106cafdcdefd  ??  artifacts/rust-tauri/R04/RR1-G05-E01/verify-R04-attempt1-flaky-terminal-snapshot/R04_MATRIX/cases/future-tool-shape-file-discoverable-not-callable.json
cb8e2db3b924a24b0bf8d611b22015f3a2a10ccc3f6ee16a819bc9388379c7f3  ??  artifacts/rust-tauri/R04/RR1-G05-E01/verify-R04-attempt1-flaky-terminal-snapshot/R04_MATRIX/cases/future-tool-shape-find-discoverable-not-callable.json
1c192846cc1d07ba6864e5dd594b97a48f402ab5519fca2040ecc7edc3d3fd02  ??  artifacts/rust-tauri/R04/RR1-G05-E01/verify-R04-attempt1-flaky-terminal-snapshot/R04_MATRIX/cases/future-tool-shape-grep-discoverable-not-callable.json
bbe14f10f21cc0a2c306c3554804930c3bf5b13c66b6b90cf1c79b465e394c3b  ??  artifacts/rust-tauri/R04/RR1-G05-E01/verify-R04-attempt1-flaky-terminal-snapshot/R04_MATRIX/cases/future-tool-shape-ls-discoverable-not-callable.json
a9b97d5170fb12a3359bdde03aa8fdfc8fe089399cd5f1dc3810dacaf5ac5653  ??  artifacts/rust-tauri/R04/RR1-G05-E01/verify-R04-attempt1-flaky-terminal-snapshot/R04_MATRIX/cases/future-tool-shape-lsp-discoverable-not-callable.json
6bc884d530bd7615a63e4dd9241155689273f4f9c70ccc044e2d91afc8eba4f1  ??  artifacts/rust-tauri/R04/RR1-G05-E01/verify-R04-attempt1-flaky-terminal-snapshot/R04_MATRIX/cases/future-tool-shape-materialize-discoverable-not-callable.json
5904c81036b270e82834b8084ca4b8b9b4492957d7d3ac5a83328f9bdc84b538  ??  artifacts/rust-tauri/R04/RR1-G05-E01/verify-R04-attempt1-flaky-terminal-snapshot/R04_MATRIX/cases/future-tool-shape-run_code-discoverable-not-callable.json
c9d67aa6d2f3fce41a3a011e42ac47399824eae28c54e2b89cf0bdae0dbf8052  ??  artifacts/rust-tauri/R04/RR1-G05-E01/verify-R04-attempt1-flaky-terminal-snapshot/R04_MATRIX/cases/future-tool-shape-security_scan-discoverable-not-callable.json
6cf1880613144cb8b359bd1c195f561f79c42836315ec94767b2336f24a9b783  ??  artifacts/rust-tauri/R04/RR1-G05-E01/verify-R04-attempt1-flaky-terminal-snapshot/R04_MATRIX/cases/future-tool-shape-stage_files-discoverable-not-callable.json
87164a841282a81c7b614451f88f157e89c03336043524a16637aa848d201f59  ??  artifacts/rust-tauri/R04/RR1-G05-E01/verify-R04-attempt1-flaky-terminal-snapshot/R04_MATRIX/cases/gateway-each-call-independent-permission.json
7d3631b38221c7c56e5b77793921c4de3ab067e7097d1c77131e73a3dadb0ce5  ??  artifacts/rust-tauri/R04/RR1-G05-E01/verify-R04-attempt1-flaky-terminal-snapshot/R04_MATRIX/cases/matrix-lifecycle-disable-holes.json
52e2294d2db41ba60884ca74bedd63d9e196def8ea43623c327cf7579c72e6e0  ??  artifacts/rust-tauri/R04/RR1-G05-E01/verify-R04-attempt1-flaky-terminal-snapshot/R04_MATRIX/cases/matrix-lifecycle-generation-refusals.json
710d96abbd53795e2f40639001eee2454a6ce7e5a285c883f9cd62f1b58ebda9  ??  artifacts/rust-tauri/R04/RR1-G05-E01/verify-R04-attempt1-flaky-terminal-snapshot/R04_MATRIX/cases/matrix-lifecycle-uninstall-holes.json
23c16612d569bb60e563215b453c022203ab19f05298ce7c9a3fc080da10b7d2  ??  artifacts/rust-tauri/R04/RR1-G05-E01/verify-R04-attempt1-flaky-terminal-snapshot/R04_MATRIX/cases/matrix-permission-consistency.json
d475fb8c9114bfdf95de5cc202da903bf354241d13f071bce870d8ba2502fd60  ??  artifacts/rust-tauri/R04/RR1-G05-E01/verify-R04-attempt1-flaky-terminal-snapshot/R04_MATRIX/cases/matrix-route-consistency.json
2b451a4a1fd773fba2e107116235dd5f28a06d104c7f7450f221f662510fc070  ??  artifacts/rust-tauri/R04/RR1-G05-E01/verify-R04-attempt1-flaky-terminal-snapshot/R04_MATRIX/cases/matrix-tool-family-count.json
1e442f90436b22848aeb3329ce35c020def0d74ba7d6bbc49eb983573e8e708d  ??  artifacts/rust-tauri/R04/RR1-G05-E01/verify-R04-attempt1-flaky-terminal-snapshot/R04_MATRIX/cases/mcp-connector-catalog-sync.json
02be7eb700e551cb0a000177a0e033872c65ad8b5ef7f46d66c014ecf3fb7150  ??  artifacts/rust-tauri/R04/RR1-G05-E01/verify-R04-attempt1-flaky-terminal-snapshot/R04_MATRIX/cases/mcp-connector-register-handshake.json
905e6508c4c99929579667bd3184014916a117d7522917621f1aea839bdd039e  ??  artifacts/rust-tauri/R04/RR1-G05-E01/verify-R04-attempt1-flaky-terminal-snapshot/R04_MATRIX/cases/mcp-describe-real-identity.json
42c719e1d9f2fdae556b08414f6facea228b729210f804971fb1f41772e1ec5f  ??  artifacts/rust-tauri/R04/RR1-G05-E01/verify-R04-attempt1-flaky-terminal-snapshot/R04_MATRIX/cases/mcp-search-namespaced.json
dfbc531d38332ae34bc27eef48d7c96103f6f7b0cf55e51377608e95deffabc9  ??  artifacts/rust-tauri/R04/RR1-G05-E01/verify-R04-attempt1-flaky-terminal-snapshot/R04_MATRIX/cases/mcp-tool-call-full-chain.json
916eba77e6c3a4f9a8bf58bdf3a14d110fe9b75b22aa316ce7a47412c013fa04  ??  artifacts/rust-tauri/R04/RR1-G05-E01/verify-R04-attempt1-flaky-terminal-snapshot/R04_MATRIX/cases/mcp-tool-permission-face.json
c3f30127a40dfa980a32479cec6547074c067a4d8cd61e858b0aa7dc095455b3  ??  artifacts/rust-tauri/R04/RR1-G05-E01/verify-R04-attempt1-flaky-terminal-snapshot/R04_MATRIX/cases/permission-face-modes-verifiable.json
c51a56cfdce860c73de8e015f088d38b31bbf8e373a0dc6e1c8e43f9b5f80a2c  ??  artifacts/rust-tauri/R04/RR1-G05-E01/verify-R04-attempt1-flaky-terminal-snapshot/R04_MATRIX/cases/preauthorization-single-session-scoped.json
eefd602104c2c290f3a2704acec9cf3923cbf072e0e9ac1e5dad4b1103794f05  ??  artifacts/rust-tauri/R04/RR1-G05-E01/verify-R04-attempt1-flaky-terminal-snapshot/R04_MATRIX/cases/semantics-cancel-leaves-no-fabricated-receipt.json
1c8fced2b48030b05d00ab397c3aa0470c4f068287f841b1c7e53778b43e038d  ??  artifacts/rust-tauri/R04/RR1-G05-E01/verify-R04-attempt1-flaky-terminal-snapshot/R04_MATRIX/cases/semantics-failed-never-dispatched-receipt.json
220379bb262285fad8e6314d35a23f12ba26fcb0e501fe2431141c1a4d28a5a2  ??  artifacts/rust-tauri/R04/RR1-G05-E01/verify-R04-attempt1-flaky-terminal-snapshot/R04_MATRIX/cases/semantics-success-receipt-dispatched.json
8337cc9f0c6c3a4eeb0b4beb6ff1d93acd40878d92c9f16c4649942469017888  ??  artifacts/rust-tauri/R04/RR1-G05-E01/verify-R04-attempt1-flaky-terminal-snapshot/R04_MATRIX/cases/semantics-unknown-receipt-honest.json
cb89e56a59ac812a63576832232489b328ac7abf8041df762e7b1af1e2caa95d  ??  artifacts/rust-tauri/R04/RR1-G05-E01/verify-R04-attempt1-flaky-terminal-snapshot/R04_MATRIX/cases/sup01-ask-subagent-write-refused.json
1b21930f6737d6935a82328d4afb7b4fd7b439c107b48d01b29e4cdfa7399015  ??  artifacts/rust-tauri/R04/RR1-G05-E01/verify-R04-attempt1-flaky-terminal-snapshot/R04_MATRIX/cases/terminal-close-stops-terminal.json
59095540a473b474ab918f20eb08986f6bbb6cbfd08c49b9810963ae37407de5  ??  artifacts/rust-tauri/R04/RR1-G05-E01/verify-R04-attempt1-flaky-terminal-snapshot/R04_MATRIX/cases/terminal-snapshot-current-transcript.json
004a41eae978391bad56ebe5c3e6d2ced1a2c02eda01a37f79abc8867cb5a063  ??  artifacts/rust-tauri/R04/RR1-G05-E01/verify-R04-attempt1-flaky-terminal-snapshot/R04_MATRIX/cases/terminal-tail-cursor-continuation.json
16870fec4c31cd9e67e56d3328c74d20f9213a2e96113c28be3d7f7fe0d28979  ??  artifacts/rust-tauri/R04/RR1-G05-E01/verify-R04-attempt1-flaky-terminal-snapshot/R04_MATRIX/cases/tool-edit-conflict-preserves-user-version.json
bb810a38ce8bfbcafc0d64e1fc2831a08e952dfdc4a057fd99166ef589df1032  ??  artifacts/rust-tauri/R04/RR1-G05-E01/verify-R04-attempt1-flaky-terminal-snapshot/R04_MATRIX/cases/tool-edit-real-chain.json
bec2c6d085918085fb7eb01f8ec54ea53681b68aa489b59bc0a8e9b272c5c02e  ??  artifacts/rust-tauri/R04/RR1-G05-E01/verify-R04-attempt1-flaky-terminal-snapshot/R04_MATRIX/cases/tool-exec-cancel-cleanup.json
c0341bc7ba746aaa51754e5650264b1d7d55e93d55ea2a03df67769834825bcc  ??  artifacts/rust-tauri/R04/RR1-G05-E01/verify-R04-attempt1-flaky-terminal-snapshot/R04_MATRIX/cases/tool-exec-command-real-chain.json
e990fcd2da49cb923f667ea1714cfea3f69c8f3bd0002416761b93ab35d87ec3  ??  artifacts/rust-tauri/R04/RR1-G05-E01/verify-R04-attempt1-flaky-terminal-snapshot/R04_MATRIX/cases/tool-read-real-chain.json
ea288f832ccf584b20e6d0ef80d0116568fd2c989aff55d985adce98266f5f62  ??  artifacts/rust-tauri/R04/RR1-G05-E01/verify-R04-attempt1-flaky-terminal-snapshot/R04_MATRIX/cases/tool-write-real-chain.json
52e2d9bbf2b9890f5b4d03bf7c27cfb6c82322790e254fc813b47b7f093d939f  ??  artifacts/rust-tauri/R04/RR1-G05-E01/verify-R04-attempt1-flaky-terminal-snapshot/R04_MATRIX/cases/tool-write-stdin-continuation.json
83f514b83ad20e51f11205b345ebcce85d4423a69379cb2a9804c8ceaf07a027  ??  artifacts/rust-tauri/R04/RR1-G05-E01/verify-R04-attempt1-flaky-terminal-snapshot/R04_MATRIX/cases/tool-write-stdin-foreign-writes.json
c471fa08013c67ab99fb67a5e4e430f83cfc349758cdc601fb53e35b1ee28397  ??  artifacts/rust-tauri/R04/RR1-G05-E01/verify-R04-attempt1-flaky-terminal-snapshot/R04_MATRIX/leaf-cases.json
1dbc5972065a848f6d2d8456df0891660c2c695ca72f24c3d4bd7fde395b462e  ??  artifacts/rust-tauri/R04/RR1-G05-E01/verify-R04-attempt1-flaky-terminal-snapshot/R04_MATRIX/matrix-counts.json
4d427e411d4094175bda8b798c0114af4830967a0acf48fd27ee7f9e11c1fd46  ??  artifacts/rust-tauri/R04/RR1-G05-E01/verify-R04-attempt1-flaky-terminal-snapshot/R04_MATRIX/summary.txt
03e75607ce89dd2e535b6cf22efaed7cf04a57924ed973dec1a260cb30c15557  ??  artifacts/rust-tauri/R04/RR1-G05-E01/verify-R04-attempt1-flaky-terminal-snapshot/R04_RR1_REPAIR/cases.jsonl
b4fd3ba1d5faec40aabb94b266bc3484540894de3ccac3756469a6737878300a  ??  artifacts/rust-tauri/R04/RR1-G05-E01/verify-R04-attempt1-flaky-terminal-snapshot/R04_RR1_REPAIR/cid-table.txt
e3b0c44298fc1c149afbf4c8996fb92427ae41e4649b934ca495991b7852b855  ??  artifacts/rust-tauri/R04/RR1-G05-E01/verify-R04-attempt1-flaky-terminal-snapshot/R04_RR1_REPAIR/gaps.txt
ba844bee5f873a8bb6499613c3ac20e7d0807fd4d848e52c3021047ed6b60bd7  ??  artifacts/rust-tauri/R04/RR1-G05-E01/verify-R04-attempt1-flaky-terminal-snapshot/R04_RR1_REPAIR/pin-table.txt
e3a88bae43771884e0e5533f962b936823b53d97a6a31a19b8bbdf8fd6ea8ad8  ??  artifacts/rust-tauri/R04/RR1-G05-E01/verify-R04-attempt1-flaky-terminal-snapshot/R04_RR1_REPAIR/rr1-cases.json
a5320ab81cc9b04ac125140a9bffca4f8fd222c774b5109b4c869beed40631bf  ??  artifacts/rust-tauri/R04/RR1-G05-E01/verify-R04-attempt1-flaky-terminal-snapshot/R04_RR1_REPAIR/summary.txt
cbe0daa974514d3bd672ca6e4623071bf7b15b0d2dc05cb42c8c01e70a828a48  ??  artifacts/rust-tauri/R04/RR1-G05-E01/verify-R04-attempt1-flaky-terminal-snapshot/candidate-source-after.json
cbe0daa974514d3bd672ca6e4623071bf7b15b0d2dc05cb42c8c01e70a828a48  ??  artifacts/rust-tauri/R04/RR1-G05-E01/verify-R04-attempt1-flaky-terminal-snapshot/candidate-source-before.json
00adc9411dee4a50594a79cda4b91d37631cea29a0fa4ee64b800c21fdf183b2  ??  artifacts/rust-tauri/R04/RR1-G05-E01/verify-R04-attempt1-flaky-terminal-snapshot/verify-stage-result.json
f5b0981175fe9bd307c7bb4e8dcb8490cfa58585d62d9c3e2f7eb03e4e875e54  ??  artifacts/rust-tauri/R04/RR1-G05-E01/verify-R04-prereorder/R03_REGRESSION/A15/cases/background-run-completes-decoupled.json
fda5f46e011354371ff149d97818d48d3b78dca205e17e8a7b39dba1cb4013e6  ??  artifacts/rust-tauri/R04/RR1-G05-E01/verify-R04-prereorder/R03_REGRESSION/A15/cases/background-survives-unrelated-cancel.json
92eebd1162583e5ed42a8e61a80b5c84e94753ed6562c35c930ebb65f6e23f01  ??  artifacts/rust-tauri/R04/RR1-G05-E01/verify-R04-prereorder/R03_REGRESSION/A15/cases/cancel-live-run-accepted-terminal-cancelled.json
edc380e78d3b8f95b51f12c2bbfcb702760327da3f20bd6c9f456b5c7e0934de  ??  artifacts/rust-tauri/R04/RR1-G05-E01/verify-R04-prereorder/R03_REGRESSION/A15/cases/cancel-terminal-run-already-terminal.json
e320e539d701e4f285fcff1a42629b28016fa5f103e77fccb5c1ddf921155742  ??  artifacts/rust-tauri/R04/RR1-G05-E01/verify-R04-prereorder/R03_REGRESSION/A15/cases/cancel-unknown-run-not-found.json
a513a19cd5ca9bc857d2e01c9be7ec61e3e5677e7d1948db618b31fb7aba127a  ??  artifacts/rust-tauri/R04/RR1-G05-E01/verify-R04-prereorder/R03_REGRESSION/A15/cases/cancel-waiting-approval-cancels-cleanly.json
602b436fbd1f0de778ca086853030197fe28a3fde1a5f694ebea64e4f8779c8a  ??  artifacts/rust-tauri/R04/RR1-G05-E01/verify-R04-prereorder/R03_REGRESSION/A15/cases/combo-cancel-stream-terminal-cancelled.json
b24ff9cdbb08092492dd68815bdf3c4a6f38c8e2a42cd79c30abbfcacdfef745  ??  artifacts/rust-tauri/R04/RR1-G05-E01/verify-R04-prereorder/R03_REGRESSION/A15/cases/combo-crash-recovery-honest-interrupted.json
d9e8dea9429b0f0c9fc86be7f31dcd96b4b227e1174dcdea6d1f00b177ec2987  ??  artifacts/rust-tauri/R04/RR1-G05-E01/verify-R04-prereorder/R03_REGRESSION/A15/cases/combo-cross-session-both-complete.json
106bebd1aa293f120bb83f22b33de1e19ae817a4963587e2ee17be8731293349  ??  artifacts/rust-tauri/R04/RR1-G05-E01/verify-R04-prereorder/R03_REGRESSION/A15/cases/combo-duplicate-conflict-rejected.json
eafb37ffcb4d76d45d58a64d80d9ef413064c1f979d64ba1cc2e609d147963fc  ??  artifacts/rust-tauri/R04/RR1-G05-E01/verify-R04-prereorder/R03_REGRESSION/A15/cases/combo-duplicate-replay-no-second-run.json
346e6cb6ae16f125e4bbfdbf24d2bbcf63c92fa9642b2676fa06a78bfa1e8fdb  ??  artifacts/rust-tauri/R04/RR1-G05-E01/verify-R04-prereorder/R03_REGRESSION/A15/cases/combo-events-subscriber-saw-terminal.json
97a0c8f8404d1c042f8f7efd240d5d5f5446103b21bcccf9c5c90461b6082043  ??  artifacts/rust-tauri/R04/RR1-G05-E01/verify-R04-prereorder/R03_REGRESSION/A15/cases/combo-multi-tool-three-calls.json
aa936466e694a90f4087b7ae928f7c9b96ae1450073774fcb29d177dfa59c7b6  ??  artifacts/rust-tauri/R04/RR1-G05-E01/verify-R04-prereorder/R03_REGRESSION/A15/cases/combo-multi-turn-one-terminal.json
f7bdd9e301d37d6a062e13225cfc84d7e96c1f88cd75d34e300ab00dd0fad0a0  ??  artifacts/rust-tauri/R04/RR1-G05-E01/verify-R04-prereorder/R03_REGRESSION/A15/cases/combo-normal-run-completed.json
51d8bd26cb2f29bee74097b5ef9a36e3389a56a1c7127e86fa36d75a8106659e  ??  artifacts/rust-tauri/R04/RR1-G05-E01/verify-R04-prereorder/R03_REGRESSION/A15/cases/combo-out-of-order-late-result-fenced.json
e18f1fcb5cc4af47da6184707fb88e0c0ed656f1fafffe8020a3001c9826c931  ??  artifacts/rust-tauri/R04/RR1-G05-E01/verify-R04-prereorder/R03_REGRESSION/A15/cases/combo-timeout-budget-loud-failure.json
ccbc0f5c630f404851ca1c561fd5c73421ba9b217ceeff29973b263f05e30888  ??  artifacts/rust-tauri/R04/RR1-G05-E01/verify-R04-prereorder/R03_REGRESSION/A15/cases/parent-cancel-stops-child-run.json
d72d7e1151ea38a4eeb9ad435aa66dc376039e41ff714f9f550e1f2c8934585a  ??  artifacts/rust-tauri/R04/RR1-G05-E01/verify-R04-prereorder/R03_REGRESSION/A15/cases/reconnect-resume-no-model-restart.json
5d89ed42d309bfcfd13956b901f209eb432200e88c2ae1eea74d6eaffe625b2a  ??  artifacts/rust-tauri/R04/RR1-G05-E01/verify-R04-prereorder/R03_REGRESSION/A15/cases/steer-busy-accepted.json
360ccd0c00f5114974f5f2967860d1c339a2e2baa808a2f5dca49f334fe0d386  ??  artifacts/rust-tauri/R04/RR1-G05-E01/verify-R04-prereorder/R03_REGRESSION/A15/cases/steer-idle-miss.json
d00e58227225a313e612b18019d7f95a07382b0426ab7fbeb39bc4b05b740cc5  ??  artifacts/rust-tauri/R04/RR1-G05-E01/verify-R04-prereorder/R03_REGRESSION/A15/cases/steer-text-drained-into-model-input.json
1d91fbec57470aebfedf338d49c5109fdd0216e02d720737ed53335eb06ae4c8  ??  artifacts/rust-tauri/R04/RR1-G05-E01/verify-R04-prereorder/R03_REGRESSION/A15/cases/subagent-child-cancel-stops-child-only.json
25c6b5b26b72b0a4408db94f4f0e40b77faa84d32ccfeaffaf04e29fb20c07c9  ??  artifacts/rust-tauri/R04/RR1-G05-E01/verify-R04-prereorder/R03_REGRESSION/A15/cases/subagent-close-thread-closed-status.json
c8d7de61de38e7dfa38ea3376602da5c50882e6d6238c3a1ff61b6ac7df04418  ??  artifacts/rust-tauri/R04/RR1-G05-E01/verify-R04-prereorder/R03_REGRESSION/A15/cases/subagent-dispatch-child-lineage-recorded.json
dce5bbb9b54961ee64c8634f90f4f2600975918f6a2590b57b7b28dd425016bd  ??  artifacts/rust-tauri/R04/RR1-G05-E01/verify-R04-prereorder/R03_REGRESSION/A15/cases/subagent-escalation-write-denied-zero-children.json
dcd19d358a8a5e560042eee304f1f5460d1c79ba1a64d611fb1007b830562010  ??  artifacts/rust-tauri/R04/RR1-G05-E01/verify-R04-prereorder/R03_REGRESSION/A15/cases/subagent-policy-proactive-delegation-default-off.json
ffef3903ae224f661b415622ed9c76da5e265c01a9c15b867f429c1f6d10ef15  ??  artifacts/rust-tauri/R04/RR1-G05-E01/verify-R04-prereorder/R03_REGRESSION/A15/cases/subagent-reply-continues-thread.json
d097c60f1416e1febc17bd0959b1c9252ca9be86b6a1e982d42d9240a38b107e  ??  artifacts/rust-tauri/R04/RR1-G05-E01/verify-R04-prereorder/R03_REGRESSION/A15/combo-counts.json
4c56fd82542a56017ef5e59d3b0c9752ede52032f31f31c24c2de458153ad296  ??  artifacts/rust-tauri/R04/RR1-G05-E01/verify-R04-prereorder/R03_REGRESSION/A15/combos/cancel-approval-wait.json
f861ce9b1dbe64f781134bae916b9c8f2503f4ad8572e98bfc18d180a4e35e33  ??  artifacts/rust-tauri/R04/RR1-G05-E01/verify-R04-prereorder/R03_REGRESSION/A15/combos/cancel-stream-read.json
76b74d822e65d068718af971eb29865cc4891a50d128a35b0bc955cc3b6b65a2  ??  artifacts/rust-tauri/R04/RR1-G05-E01/verify-R04-prereorder/R03_REGRESSION/A15/combos/crash-recovery.json
ef5545b54a472c39f9b09d995f9ba2e3671618a56d4de3eb7fe4fad24d81f22b  ??  artifacts/rust-tauri/R04/RR1-G05-E01/verify-R04-prereorder/R03_REGRESSION/A15/combos/cross-session-parallel.json
7f7fd9a6f050ba6811d5b1d7313d11473f92089a4ec0fd2335779e99b59cdaa1  ??  artifacts/rust-tauri/R04/RR1-G05-E01/verify-R04-prereorder/R03_REGRESSION/A15/combos/duplicate-submission.json
fc9b468ae0f2bd2cfff1a3ead3ba02756e59e73dc0c0a0ebb5142456d1ae38a8  ??  artifacts/rust-tauri/R04/RR1-G05-E01/verify-R04-prereorder/R03_REGRESSION/A15/combos/leaf-parent-cancel.json
a59635405b3569b1c0c950cb282ecf3749923b36c6b1b5e4d3d21fc3f4458102  ??  artifacts/rust-tauri/R04/RR1-G05-E01/verify-R04-prereorder/R03_REGRESSION/A15/combos/leaf-steer.json
fd60e4ca043c4073ddf838b3f0fe918436ede45ff7765efc8f1cad42821186f4  ??  artifacts/rust-tauri/R04/RR1-G05-E01/verify-R04-prereorder/R03_REGRESSION/A15/combos/multi-tool.json
075cad25ce0207f3b49138b8d415d0db78da1005207b2f64d282b478bffa44ae  ??  artifacts/rust-tauri/R04/RR1-G05-E01/verify-R04-prereorder/R03_REGRESSION/A15/combos/multi-turn-model.json
f94832aef81d68346dd1b25b1ad7312d6bc141a69a616a218b640aa170fbebcb  ??  artifacts/rust-tauri/R04/RR1-G05-E01/verify-R04-prereorder/R03_REGRESSION/A15/combos/normal.json
44f5b48c4f288ee214f7053e16857997f1fb66a6be241466141301a16c6872e7  ??  artifacts/rust-tauri/R04/RR1-G05-E01/verify-R04-prereorder/R03_REGRESSION/A15/combos/timeout-budget.json
505ecfbac3942739846be3a188cabea9d26c9641628253767c5457bdff2ab44f  ??  artifacts/rust-tauri/R04/RR1-G05-E01/verify-R04-prereorder/R03_REGRESSION/A15/leaf-cases.json
bdaad3ebf5ff0689f1652a4b7c24716f5b0138db8876d8941ceb6bbe390650fa  ??  artifacts/rust-tauri/R04/RR1-G05-E01/verify-R04-prereorder/R03_REGRESSION/A15/summary.txt
9a652a14c5a43c20164935bd4963aa32c2a32445a13a91c504c563352517c3b7  ??  artifacts/rust-tauri/R04/RR1-G05-E01/verify-R04-prereorder/R03_REGRESSION/A16/captured-seed.txt
9a652a14c5a43c20164935bd4963aa32c2a32445a13a91c504c563352517c3b7  ??  artifacts/rust-tauri/R04/RR1-G05-E01/verify-R04-prereorder/R03_REGRESSION/A16/p2-captured-seed-attempt-0.txt
9a652a14c5a43c20164935bd4963aa32c2a32445a13a91c504c563352517c3b7  ??  artifacts/rust-tauri/R04/RR1-G05-E01/verify-R04-prereorder/R03_REGRESSION/A16/p3-replay-1-seed.txt
9a652a14c5a43c20164935bd4963aa32c2a32445a13a91c504c563352517c3b7  ??  artifacts/rust-tauri/R04/RR1-G05-E01/verify-R04-prereorder/R03_REGRESSION/A16/p3-replay-2-seed.txt
3fd4aaf96fe0793daf71f6aa3f52fa6c74856c7ddd31d414962724cf4df651d5  ??  artifacts/rust-tauri/R04/RR1-G05-E01/verify-R04-prereorder/R03_REGRESSION/A16/seed-mechanism.json
7d823ecd2fe778be4bc9ccdeaa060189bb8c8a9e8bd9737f51cb16fbd9b11f68  ??  artifacts/rust-tauri/R04/RR1-G05-E01/verify-R04-prereorder/R03_REGRESSION/A16/summary.txt
5f7ef4991d4afea16fd8cd437d0e0b02f6b194f957746a7850b621807b94391e  ??  artifacts/rust-tauri/R04/RR1-G05-E01/verify-R04-prereorder/R03_REGRESSION/G07_REPAIR/cases.jsonl
e3b0c44298fc1c149afbf4c8996fb92427ae41e4649b934ca495991b7852b855  ??  artifacts/rust-tauri/R04/RR1-G05-E01/verify-R04-prereorder/R03_REGRESSION/G07_REPAIR/gaps.txt
1f29d43f2cf02b52219bc351e44642ea8aea0b0d413dd9064dac814574a7deff  ??  artifacts/rust-tauri/R04/RR1-G05-E01/verify-R04-prereorder/R03_REGRESSION/G07_REPAIR/repair-cases.json
5df7a3de271b9e0346ecab24934c0ab10069d2d5ccf2a8abc6c612303c536ee6  ??  artifacts/rust-tauri/R04/RR1-G05-E01/verify-R04-prereorder/R03_REGRESSION/G07_REPAIR/summary.txt
c9abcd886c96b269f74db48c7b6e4887ce864e0bf81dc4813aaaeb0dfb58af48  ??  artifacts/rust-tauri/R04/RR1-G05-E01/verify-R04-prereorder/R03_REGRESSION/R02/A05_A06/.last-body
1319bbe558a1a9043433da92529bc8c24d2b6fbcabc962836a938e946e273399  ??  artifacts/rust-tauri/R04/RR1-G05-E01/verify-R04-prereorder/R03_REGRESSION/R02/A05_A06/body-limit.txt
c0c19dff508a998f0c6e1fbf2643c2d78647cd6495bc53c57d2566877a3abc0b  ??  artifacts/rust-tauri/R04/RR1-G05-E01/verify-R04-prereorder/R03_REGRESSION/R02/A05_A06/cli-sessions-limit-case.json
6d28e17e1163a7c122ab75ff848535fc15da5ead8e136d3c4e7716c6fb72b5f9  ??  artifacts/rust-tauri/R04/RR1-G05-E01/verify-R04-prereorder/R03_REGRESSION/R02/A05_A06/creds-after-authz.json
d317815efe67ccd052bfceb99ed59af5e75dc2ab165f5c8b5df20fef5048b291  ??  artifacts/rust-tauri/R04/RR1-G05-E01/verify-R04-prereorder/R03_REGRESSION/R02/A05_A06/creds-before-authz.json
9d36adc1d010997e7b431834aeca94a93fee9e7b4ec8bb38227340b4458515d0  ??  artifacts/rust-tauri/R04/RR1-G05-E01/verify-R04-prereorder/R03_REGRESSION/R02/A05_A06/devices-after-authz.json
71a566818d44e9b07d8f7a87436716835cdd17501c2d978e7ff1552c67e7e644  ??  artifacts/rust-tauri/R04/RR1-G05-E01/verify-R04-prereorder/R03_REGRESSION/R02/A05_A06/devices-before-authz.json
783f035b3ba00811082275764213f2c7fa7eb8d1df22d00b4fb8ef497e23de35  ??  artifacts/rust-tauri/R04/RR1-G05-E01/verify-R04-prereorder/R03_REGRESSION/R02/A05_A06/leaf-cases.json
c4e54a8c60d55cdf47f9e357b32d7e82835ee24b37542b3eb60f12b8056acea8  ??  artifacts/rust-tauri/R04/RR1-G05-E01/verify-R04-prereorder/R03_REGRESSION/R02/A05_A06/leaf-cases.ndjson
599ecdafff6d0b56f4285eee195d157f2ffc7b452c10f18d7a49194b7d016d2d  ??  artifacts/rust-tauri/R04/RR1-G05-E01/verify-R04-prereorder/R03_REGRESSION/R02/A05_A06/me-denied-after.sha256
599ecdafff6d0b56f4285eee195d157f2ffc7b452c10f18d7a49194b7d016d2d  ??  artifacts/rust-tauri/R04/RR1-G05-E01/verify-R04-prereorder/R03_REGRESSION/R02/A05_A06/me-denied-before.sha256
9901fa4939e8c0683cc392787126273c429530490fdebe18e68d1ad0c6fc2459  ??  artifacts/rust-tauri/R04/RR1-G05-E01/verify-R04-prereorder/R03_REGRESSION/R02/A05_A06/sessions-list-matrix.json
1b2af31aa455ca346c49747e79b1f5b968ca95bcfed026532e9e3e5155e098f9  ??  artifacts/rust-tauri/R04/RR1-G05-E01/verify-R04-prereorder/R03_REGRESSION/R02/A05_A06/state-after-authn.txt
bc421b5e135868a17092e7e40be5ca21f9e78dac4dbc7c89eb8291c2e3851fb4  ??  artifacts/rust-tauri/R04/RR1-G05-E01/verify-R04-prereorder/R03_REGRESSION/R02/A05_A06/state-after.txt
1b2af31aa455ca346c49747e79b1f5b968ca95bcfed026532e9e3e5155e098f9  ??  artifacts/rust-tauri/R04/RR1-G05-E01/verify-R04-prereorder/R03_REGRESSION/R02/A05_A06/state-before-authz.txt
1b2af31aa455ca346c49747e79b1f5b968ca95bcfed026532e9e3e5155e098f9  ??  artifacts/rust-tauri/R04/RR1-G05-E01/verify-R04-prereorder/R03_REGRESSION/R02/A05_A06/state-before.txt
056710a3d868929868372e418c2acc182ba3541fadb54e709824c17a09dee05a  ??  artifacts/rust-tauri/R04/RR1-G05-E01/verify-R04-prereorder/R03_REGRESSION/R02/A05_A06/summary.txt
efb47447b80a1a25be4d220a161387e32a3175684108cb5fd834570bcae4e8e5  ??  artifacts/rust-tauri/R04/RR1-G05-E01/verify-R04-prereorder/R03_REGRESSION/R02/A05_A06/ws-matrix.json
3813df3919bee5855517917ecf7a184d62475beee260e3612cecb9de89ced3f9  ??  artifacts/rust-tauri/R04/RR1-G05-E01/verify-R04-prereorder/R03_REGRESSION/R02/A07_A08/last-db-hashes.txt
e613a984930f45c73fa5aa79af6955b0ac56faa30868e1da85d84a96a180eee3  ??  artifacts/rust-tauri/R04/RR1-G05-E01/verify-R04-prereorder/R03_REGRESSION/R02/A07_A08/s1-counts-after-stop.json
6e11d3157e36f2f24de72943cc5df97aec8475c1e95a29c6fed9cc451e41da10  ??  artifacts/rust-tauri/R04/RR1-G05-E01/verify-R04-prereorder/R03_REGRESSION/R02/A07_A08/s2-counts-after-crash.json
559ed14ea74399a7b06b5e36fe3fd73c43a5a151fa0defd5c666d314fd2ab5d3  ??  artifacts/rust-tauri/R04/RR1-G05-E01/verify-R04-prereorder/R03_REGRESSION/R02/A07_A08/s2-runs-dump.jsonl
482e499b58dedc57bc07c4f8e50809b8ecec5af0a15689a819914d9ac6532bf5  ??  artifacts/rust-tauri/R04/RR1-G05-E01/verify-R04-prereorder/R03_REGRESSION/R02/A07_A08/s3-fault.err
e3b0c44298fc1c149afbf4c8996fb92427ae41e4649b934ca495991b7852b855  ??  artifacts/rust-tauri/R04/RR1-G05-E01/verify-R04-prereorder/R03_REGRESSION/R02/A07_A08/s3-fault.out
f403dc7d737c1cc6dea5ddf101bd739746ef813e9ae43ac3f416d362a40b27c2  ??  artifacts/rust-tauri/R04/RR1-G05-E01/verify-R04-prereorder/R03_REGRESSION/R02/A07_A08/s4-hashes-after.txt
f403dc7d737c1cc6dea5ddf101bd739746ef813e9ae43ac3f416d362a40b27c2  ??  artifacts/rust-tauri/R04/RR1-G05-E01/verify-R04-prereorder/R03_REGRESSION/R02/A07_A08/s4-hashes-before.txt
fc270aac5328b0f780cf55ed4780c1cf62017444a7309ac91546033933182594  ??  artifacts/rust-tauri/R04/RR1-G05-E01/verify-R04-prereorder/R03_REGRESSION/R02/A07_A08/s4-migrations-round1.json
fc270aac5328b0f780cf55ed4780c1cf62017444a7309ac91546033933182594  ??  artifacts/rust-tauri/R04/RR1-G05-E01/verify-R04-prereorder/R03_REGRESSION/R02/A07_A08/s4-migrations-round2.json
fc270aac5328b0f780cf55ed4780c1cf62017444a7309ac91546033933182594  ??  artifacts/rust-tauri/R04/RR1-G05-E01/verify-R04-prereorder/R03_REGRESSION/R02/A07_A08/s4-migrations-round3.json
993f1c0b9e35c41e988208e8aa0056771153f089171d8e73b2a0c0c6f54a8796  ??  artifacts/rust-tauri/R04/RR1-G05-E01/verify-R04-prereorder/R03_REGRESSION/R02/A07_A08/service-s1.err
2b91cb8d491ef02121ee92699947810fee065addcea4f8e9515c7df21b673199  ??  artifacts/rust-tauri/R04/RR1-G05-E01/verify-R04-prereorder/R03_REGRESSION/R02/A07_A08/service-s1.out
4487a2ad75c6c4f46f89389e7c250e0f462a2504baee043567ab60cbf3970a92  ??  artifacts/rust-tauri/R04/RR1-G05-E01/verify-R04-prereorder/R03_REGRESSION/R02/A07_A08/service-s1b.err
581fd7dca702b7d25ccbb144d8a67ef961e537602c60a88f5ebde1f35a932df5  ??  artifacts/rust-tauri/R04/RR1-G05-E01/verify-R04-prereorder/R03_REGRESSION/R02/A07_A08/service-s1b.out
94cbdd2e2820cf11bd413c6dbaf9b2fd435593413aa9040ffc15fd819618e7ed  ??  artifacts/rust-tauri/R04/RR1-G05-E01/verify-R04-prereorder/R03_REGRESSION/R02/A07_A08/service-s2.err
3d469b50b4f57c75a1989b1d2939b5387f8c50630402b4f5200d30b45f574389  ??  artifacts/rust-tauri/R04/RR1-G05-E01/verify-R04-prereorder/R03_REGRESSION/R02/A07_A08/service-s2.out
6490d53517213faacca56ac23a90f23df77dadd06eb77aef58541335d66523ad  ??  artifacts/rust-tauri/R04/RR1-G05-E01/verify-R04-prereorder/R03_REGRESSION/R02/A07_A08/service-s2b.err
dab14bc7a4dec1f4afcfb63a3c47a82c10bd8c0cdeb2005caa10265b473f79a5  ??  artifacts/rust-tauri/R04/RR1-G05-E01/verify-R04-prereorder/R03_REGRESSION/R02/A07_A08/service-s2b.out
2bb0a5766297a5f47e4d6cb60a424ddd6b4a45c50db029e59caea8ed2b6439e0  ??  artifacts/rust-tauri/R04/RR1-G05-E01/verify-R04-prereorder/R03_REGRESSION/R02/A07_A08/service-s4-1.err
f0b489ce05a6bb96d246cdf97da1df39778a3fd72defee6b041d0c25d0f27af7  ??  artifacts/rust-tauri/R04/RR1-G05-E01/verify-R04-prereorder/R03_REGRESSION/R02/A07_A08/service-s4-1.out
c05971d7f44cc3abaabc61c40388c36a70b53efdd726ed6baf9a2223271f93a7  ??  artifacts/rust-tauri/R04/RR1-G05-E01/verify-R04-prereorder/R03_REGRESSION/R02/A07_A08/service-s4-2.err
7e0c8c7d60b6720409f33dd509da41c3c969ec859b85fed2e43e1ca076d18ae9  ??  artifacts/rust-tauri/R04/RR1-G05-E01/verify-R04-prereorder/R03_REGRESSION/R02/A07_A08/service-s4-2.out
0dc2b6c2e6d9d7521fc3b533dd8eddbd1f89e795ff4d5a1b6c50af0540613ee5  ??  artifacts/rust-tauri/R04/RR1-G05-E01/verify-R04-prereorder/R03_REGRESSION/R02/A07_A08/service-s4-3.err
bfb7047ed0f6da9573ee82e0373163d2d8f40deca3ba7acd139a7cb1f2541ddb  ??  artifacts/rust-tauri/R04/RR1-G05-E01/verify-R04-prereorder/R03_REGRESSION/R02/A07_A08/service-s4-3.out
686f1df910b0955a44a65ebd283ba829aaed188db03b82f58d4e507567eced9d  ??  artifacts/rust-tauri/R04/RR1-G05-E01/verify-R04-prereorder/R03_REGRESSION/R02/A07_A08/service.addr
2f3a9ba3e967ddf6bdf47476001febfd83eadf16577baf2a45ce123a9c7cde26  ??  artifacts/rust-tauri/R04/RR1-G05-E01/verify-R04-prereorder/R03_REGRESSION/R02/A07_A08/service.pid
ef0c69072110e13bcf354619c10a98d842e8e82779465f9daa468de30a268a6b  ??  artifacts/rust-tauri/R04/RR1-G05-E01/verify-R04-prereorder/R03_REGRESSION/R02/A07_A08/summary.txt
2160d5f9d6daa2625ce7f3358d0b7b86f768dd15030c30885c6e5455b67ccffb  ??  artifacts/rust-tauri/R04/RR1-G05-E01/verify-R04-prereorder/R03_REGRESSION/R02/A09_A10/a09-merged-view.json
45352a770f87a71e52e032c66af4a32ea2ff6c2b7a56ca2154bd631724d913e0  ??  artifacts/rust-tauri/R04/RR1-G05-E01/verify-R04-prereorder/R03_REGRESSION/R02/A09_A10/a10-rebuild-diff.json
cd3a7cab1b26bdc39b10bab66c154d2550699af11df671a3512c5241c18c2bad  ??  artifacts/rust-tauri/R04/RR1-G05-E01/verify-R04-prereorder/R03_REGRESSION/R02/A09_A10/key-events-dump.json
26165a86b99366cc0ccedd173e7cefedb9ab029d796c42b62088110e3ebc8309  ??  artifacts/rust-tauri/R04/RR1-G05-E01/verify-R04-prereorder/R03_REGRESSION/R02/A09_A10/matrix.json
ef25923b0e428139e8da355a90a45a1697be1056e28a6bf31b54c5e09aa4b404  ??  artifacts/rust-tauri/R04/RR1-G05-E01/verify-R04-prereorder/R03_REGRESSION/R02/A09_A10/probe-matrix.jsonl
4c3c995087bf910e74c364ea46664e5775e735deee7b604cfe5f94b4557008fa  ??  artifacts/rust-tauri/R04/RR1-G05-E01/verify-R04-prereorder/R03_REGRESSION/R02/A09_A10/service.err
b3f5c3425a525f998a1b5ae3550e87e5640bebc1ea35bc439140dab00b1675f8  ??  artifacts/rust-tauri/R04/RR1-G05-E01/verify-R04-prereorder/R03_REGRESSION/R02/A09_A10/service.out
c743ebf3bda5299d11fbe43abba50b4618a61d5c34724794d810a9aacb5a5ce1  ??  artifacts/rust-tauri/R04/RR1-G05-E01/verify-R04-prereorder/R03_REGRESSION/R02/A09_A10/summary.txt
dd63f79ce1a39fdef735dbb9eb292c3f8a45db77c2513d3cc7379e5dbe13749e  ??  artifacts/rust-tauri/R04/RR1-G05-E01/verify-R04-prereorder/R03_REGRESSION/R02/A11/backup-restore/s1-backup-dir-listing.txt
053de43b4355d76ba0486eada139277cfa58c3e4c214a15db9b57448b3e2d27e  ??  artifacts/rust-tauri/R04/RR1-G05-E01/verify-R04-prereorder/R03_REGRESSION/R02/A11/backup-restore/s1-backup-outcome.json
e3b0c44298fc1c149afbf4c8996fb92427ae41e4649b934ca495991b7852b855  ??  artifacts/rust-tauri/R04/RR1-G05-E01/verify-R04-prereorder/R03_REGRESSION/R02/A11/backup-restore/s1-backup.err
837d70d8574cc399d7096eac6ac25d01a405b7449af7883b09939ebab116bd66  ??  artifacts/rust-tauri/R04/RR1-G05-E01/verify-R04-prereorder/R03_REGRESSION/R02/A11/backup-restore/s1-restore-outcome.json
e3b0c44298fc1c149afbf4c8996fb92427ae41e4649b934ca495991b7852b855  ??  artifacts/rust-tauri/R04/RR1-G05-E01/verify-R04-prereorder/R03_REGRESSION/R02/A11/backup-restore/s1-restore.err
c5c5b494a1710d26d9147011bb5ba0eec0e64f3b679062d134c882b980e6b515  ??  artifacts/rust-tauri/R04/RR1-G05-E01/verify-R04-prereorder/R03_REGRESSION/R02/A11/backup-restore/s1-restored-dump.jsonl
16055dffaa27916f12a84010eab23439c3936fc9e5175ad6e9f10921cc40d2fc  ??  artifacts/rust-tauri/R04/RR1-G05-E01/verify-R04-prereorder/R03_REGRESSION/R02/A11/backup-restore/s1-restored-hash.txt
c5c5b494a1710d26d9147011bb5ba0eec0e64f3b679062d134c882b980e6b515  ??  artifacts/rust-tauri/R04/RR1-G05-E01/verify-R04-prereorder/R03_REGRESSION/R02/A11/backup-restore/s1-source-dump.jsonl
bdf1cb432f32d27768130581d73a3fe5861f0d695b1c8fc2d95c0561999b7493  ??  artifacts/rust-tauri/R04/RR1-G05-E01/verify-R04-prereorder/R03_REGRESSION/R02/A11/backup-restore/s1-source-hash.txt
951e1f2cedf4a978898a4f9e620777561b8381ece9faf4223f8594a201f47f74  ??  artifacts/rust-tauri/R04/RR1-G05-E01/verify-R04-prereorder/R03_REGRESSION/R02/A11/backup-restore/s1-wal-size.txt
e3b0c44298fc1c149afbf4c8996fb92427ae41e4649b934ca495991b7852b855  ??  artifacts/rust-tauri/R04/RR1-G05-E01/verify-R04-prereorder/R03_REGRESSION/R02/A11/backup-restore/s3-backup-out.json
3f8f0f4d7174085d9033654215d0ae6c08cca115187eaa48ad68eddd42beb402  ??  artifacts/rust-tauri/R04/RR1-G05-E01/verify-R04-prereorder/R03_REGRESSION/R02/A11/backup-restore/s3-backup.err
9b33c4d50a9f7a0434980244454a85ce4288c7323241cf9ff22c50e6b8f8dd85  ??  artifacts/rust-tauri/R04/RR1-G05-E01/verify-R04-prereorder/R03_REGRESSION/R02/A11/backup-restore/s4-ws-probe.json
a4c3ed04a95a3da14a9d235c83d868bed7c0f45cf7f3faa751ee8f50598d2211  ??  artifacts/rust-tauri/R04/RR1-G05-E01/verify-R04-prereorder/R03_REGRESSION/R02/A11/backup-restore/s4-ws-probe.json.probe-done
b7a81f24fef04f7d14c626888e68c17a3b5d354ca5d5b63d1b009b6a4545f778  ??  artifacts/rust-tauri/R04/RR1-G05-E01/verify-R04-prereorder/R03_REGRESSION/R02/A11/backup-restore/service-s1.addr
fc97d4b51a534fc2492055e4520f6f8032716ee4751352f87c8b0347f2c12d26  ??  artifacts/rust-tauri/R04/RR1-G05-E01/verify-R04-prereorder/R03_REGRESSION/R02/A11/backup-restore/service-s1.err
dea9cea934e51d4a38fdc5454c982703d7dfd18e5a57fe8b48ec12e0d480665f  ??  artifacts/rust-tauri/R04/RR1-G05-E01/verify-R04-prereorder/R03_REGRESSION/R02/A11/backup-restore/service-s1.out
d626446e1a34ac8e4fc05dfdbf9ebf4f68a863d9c172a079adfb2abb8ede079c  ??  artifacts/rust-tauri/R04/RR1-G05-E01/verify-R04-prereorder/R03_REGRESSION/R02/A11/backup-restore/service-s2.addr
ac9685456ff7560dab594ec443538352cd9bffc1939b6d5cbe92918ea8bf2bc7  ??  artifacts/rust-tauri/R04/RR1-G05-E01/verify-R04-prereorder/R03_REGRESSION/R02/A11/backup-restore/service-s2.err
2a064a910442900dd0d343eed0143a5553af8e6fa28773fae53b52b7eb2f233e  ??  artifacts/rust-tauri/R04/RR1-G05-E01/verify-R04-prereorder/R03_REGRESSION/R02/A11/backup-restore/service-s2.out
cf3ac48f522a6ad8d380743029e927cec92361424390357c30e2b71a94e73358  ??  artifacts/rust-tauri/R04/RR1-G05-E01/verify-R04-prereorder/R03_REGRESSION/R02/A11/backup-restore/service-s4.addr
dfd4019ee817f656f9541dbb4b16f45a0ab45f4de7fe0911d402552f6266af2e  ??  artifacts/rust-tauri/R04/RR1-G05-E01/verify-R04-prereorder/R03_REGRESSION/R02/A11/backup-restore/service-s4.err
feb2fff260a8e4a924c0b700fb8f846b607e1ac539cf84bc4937d0e26c37afee  ??  artifacts/rust-tauri/R04/RR1-G05-E01/verify-R04-prereorder/R03_REGRESSION/R02/A11/backup-restore/service-s4.out
d2fd53a45f0c31655a91c28334323393afe3d410dc7efca17eec7adb8e3927cb  ??  artifacts/rust-tauri/R04/RR1-G05-E01/verify-R04-prereorder/R03_REGRESSION/R02/A11/backup-restore/service.pid
668ed90314dae2acbb6362721a735ad323dcedd827e5ccc35d22848e6361a2f5  ??  artifacts/rust-tauri/R04/RR1-G05-E01/verify-R04-prereorder/R03_REGRESSION/R02/A11/backup-restore/summary.txt
86bc25be5d5c68ef44bd7701c6f7704dc77cfd3e9f23d5ab68aa6110a2337b17  ??  artifacts/rust-tauri/R04/RR1-G05-E01/verify-R04-prereorder/R03_REGRESSION/R02/A12/recovery-drill/coexist-after.txt
86bc25be5d5c68ef44bd7701c6f7704dc77cfd3e9f23d5ab68aa6110a2337b17  ??  artifacts/rust-tauri/R04/RR1-G05-E01/verify-R04-prereorder/R03_REGRESSION/R02/A12/recovery-drill/coexist-before.txt
8d6f04544416f082c26d0343adacc413986783899cf9760ceed4fb553e772b87  ??  artifacts/rust-tauri/R04/RR1-G05-E01/verify-R04-prereorder/R03_REGRESSION/R02/A12/recovery-drill/own-created-homes.txt
79be6d64aa93bf457e5b337dfa16a187af549e49a08c7760b4ddb0f61bedf8ac  ??  artifacts/rust-tauri/R04/RR1-G05-E01/verify-R04-prereorder/R03_REGRESSION/R02/A12/recovery-drill/summary.txt
7b2f675d535131e9ee3b95eb996b520af42000b1efea572dc62eff72fd758a84  ??  artifacts/rust-tauri/R04/RR1-G05-E01/verify-R04-prereorder/R03_REGRESSION/R02/A12/recovery-drill/v1-hashes-after.txt
7b2f675d535131e9ee3b95eb996b520af42000b1efea572dc62eff72fd758a84  ??  artifacts/rust-tauri/R04/RR1-G05-E01/verify-R04-prereorder/R03_REGRESSION/R02/A12/recovery-drill/v1-hashes-before.txt
0fa4794c73abd4668bc951ceb91c8abbb07a074bd067d3c42031c69592cde961  ??  artifacts/rust-tauri/R04/RR1-G05-E01/verify-R04-prereorder/R03_REGRESSION/R02/A12/recovery-drill/v1.err
e3b0c44298fc1c149afbf4c8996fb92427ae41e4649b934ca495991b7852b855  ??  artifacts/rust-tauri/R04/RR1-G05-E01/verify-R04-prereorder/R03_REGRESSION/R02/A12/recovery-drill/v1.out
fcb269f1fc43e20619871bab0f6e464d30773313e55b17f725fc62249ab521be  ??  artifacts/rust-tauri/R04/RR1-G05-E01/verify-R04-prereorder/R03_REGRESSION/R02/A12/recovery-drill/v2-hashes-after.txt
fcb269f1fc43e20619871bab0f6e464d30773313e55b17f725fc62249ab521be  ??  artifacts/rust-tauri/R04/RR1-G05-E01/verify-R04-prereorder/R03_REGRESSION/R02/A12/recovery-drill/v2-hashes-before.txt
0298471f5a1fdd6656bc0e91fa9d6898cca03bc2ec56d9b8d64f4de057695f7c  ??  artifacts/rust-tauri/R04/RR1-G05-E01/verify-R04-prereorder/R03_REGRESSION/R02/A12/recovery-drill/v2.err
e3b0c44298fc1c149afbf4c8996fb92427ae41e4649b934ca495991b7852b855  ??  artifacts/rust-tauri/R04/RR1-G05-E01/verify-R04-prereorder/R03_REGRESSION/R02/A12/recovery-drill/v2.out
a33ffd69acb495d9a221778bb2317e4cef00e4d752d794b9c1267890666ec43d  ??  artifacts/rust-tauri/R04/RR1-G05-E01/verify-R04-prereorder/R03_REGRESSION/R02/A12/recovery-drill/v3-hashes-after.txt
a33ffd69acb495d9a221778bb2317e4cef00e4d752d794b9c1267890666ec43d  ??  artifacts/rust-tauri/R04/RR1-G05-E01/verify-R04-prereorder/R03_REGRESSION/R02/A12/recovery-drill/v3-hashes-before.txt
0ed0bafd3ba140cfabec37204cc98baaf91b5473aa4f0dd975330cb1a3db2119  ??  artifacts/rust-tauri/R04/RR1-G05-E01/verify-R04-prereorder/R03_REGRESSION/R02/A12/recovery-drill/v3.err
e3b0c44298fc1c149afbf4c8996fb92427ae41e4649b934ca495991b7852b855  ??  artifacts/rust-tauri/R04/RR1-G05-E01/verify-R04-prereorder/R03_REGRESSION/R02/A12/recovery-drill/v3.out
ad26e78d9ccbbb7c016257edbadb68fdadfc1f4a9abf2c5a222f0669a7b91b68  ??  artifacts/rust-tauri/R04/RR1-G05-E01/verify-R04-prereorder/R03_REGRESSION/R02/A12/recovery-drill/v4.err
153c27b39dbc048695e8193900836d2dc1d579c9d39592f71c36b7932988b04f  ??  artifacts/rust-tauri/R04/RR1-G05-E01/verify-R04-prereorder/R03_REGRESSION/R02/A12/recovery-drill/v4.out
390cd6ed4126d76b74594a7f6296d9c08ace88ee32c7989246ab836704ebeba4  ??  artifacts/rust-tauri/R04/RR1-G05-E01/verify-R04-prereorder/R03_REGRESSION/R02/A12/recovery-drill/v5-hashes-after.txt
390cd6ed4126d76b74594a7f6296d9c08ace88ee32c7989246ab836704ebeba4  ??  artifacts/rust-tauri/R04/RR1-G05-E01/verify-R04-prereorder/R03_REGRESSION/R02/A12/recovery-drill/v5-hashes-before.txt
78e2d200e0dc818b68cc70fcd750937f1be743e53f21075c0eb9c62583c292db  ??  artifacts/rust-tauri/R04/RR1-G05-E01/verify-R04-prereorder/R03_REGRESSION/R02/A12/recovery-drill/v5.err
e3b0c44298fc1c149afbf4c8996fb92427ae41e4649b934ca495991b7852b855  ??  artifacts/rust-tauri/R04/RR1-G05-E01/verify-R04-prereorder/R03_REGRESSION/R02/A12/recovery-drill/v5.out
138608fd0c62b9111fad16dc1913c9463a563b9a07b638e84a5c4c0778cc3718  ??  artifacts/rust-tauri/R04/RR1-G05-E01/verify-R04-prereorder/R03_REGRESSION/R02/A12/recovery-drill/v6-recovered-dump.jsonl
27badc983df1780b60c2b3fa9d3a19a00e46aac798451f0febdca52920faaddf  ??  artifacts/rust-tauri/R04/RR1-G05-E01/verify-R04-prereorder/R03_REGRESSION/R02/A12/recovery-drill/v6-seed-execute.txt
977d282a4880507a08e434c476ac52b23287361b78cfb2e73a7085ad39e2c4a4  ??  artifacts/rust-tauri/R04/RR1-G05-E01/verify-R04-prereorder/R03_REGRESSION/R02/A12/recovery-drill/v6-seed.err
9eeeb9c696dd0728efa57b180f007bfa09046f095c3625d68462bb4ff4de5607  ??  artifacts/rust-tauri/R04/RR1-G05-E01/verify-R04-prereorder/R03_REGRESSION/R02/A12/recovery-drill/v6-seed.out
738b4e7726cc7339ba83ec6089d390abe822ad1052820d043ed0e0703724657c  ??  artifacts/rust-tauri/R04/RR1-G05-E01/verify-R04-prereorder/R03_REGRESSION/R02/A12/recovery-drill/v6.err
8557045df8b12617e0fadf4f9f69c1367b5a0a2276871aa8ea0b72b6a2570b92  ??  artifacts/rust-tauri/R04/RR1-G05-E01/verify-R04-prereorder/R03_REGRESSION/R02/A12/recovery-drill/v6.out
fa14b2441dfd1be5af584c54d06000875491d92f4dd4c468db1fe578e5a3f6a9  ??  artifacts/rust-tauri/R04/RR1-G05-E01/verify-R04-prereorder/R03_REGRESSION/R02/A12/recovery-drill/v7-hashes-after.txt
fa14b2441dfd1be5af584c54d06000875491d92f4dd4c468db1fe578e5a3f6a9  ??  artifacts/rust-tauri/R04/RR1-G05-E01/verify-R04-prereorder/R03_REGRESSION/R02/A12/recovery-drill/v7-hashes-before.txt
869c903ab9dd4ad72186e9956109c406d52e1211f8a4cfb13ca41b242123a338  ??  artifacts/rust-tauri/R04/RR1-G05-E01/verify-R04-prereorder/R03_REGRESSION/R02/A12/recovery-drill/v7-seed.err
c45a1dffe676a80e34c3c6f46cea96dc89577f047ba6f47a769eac6316a48243  ??  artifacts/rust-tauri/R04/RR1-G05-E01/verify-R04-prereorder/R03_REGRESSION/R02/A12/recovery-drill/v7-seed.out
442ba074d33291bd3ca4ec27891578a789b37df7d65929014fb7d3b17e07412e  ??  artifacts/rust-tauri/R04/RR1-G05-E01/verify-R04-prereorder/R03_REGRESSION/R02/A12/recovery-drill/v7.err
e3b0c44298fc1c149afbf4c8996fb92427ae41e4649b934ca495991b7852b855  ??  artifacts/rust-tauri/R04/RR1-G05-E01/verify-R04-prereorder/R03_REGRESSION/R02/A12/recovery-drill/v7.out
fc6e2a3330a3227ccdfc74996660eb676633878ba9bafce97028cf72b6462833  ??  artifacts/rust-tauri/R04/RR1-G05-E01/verify-R04-prereorder/R03_REGRESSION/R02/A12/recovery-drill/v8-observed.err
55bcc03fb7b514dc74cccb73daf64f82a655c05339ceb95dcdae7175480519df  ??  artifacts/rust-tauri/R04/RR1-G05-E01/verify-R04-prereorder/R03_REGRESSION/R02/A12/recovery-drill/v8-seed.err
6613bcf5aa48394c26ccb98fafaac7995690e037e36835ebf4aad21cf14296f3  ??  artifacts/rust-tauri/R04/RR1-G05-E01/verify-R04-prereorder/R03_REGRESSION/R02/A12/recovery-drill/v8-seed.out
fc6e2a3330a3227ccdfc74996660eb676633878ba9bafce97028cf72b6462833  ??  artifacts/rust-tauri/R04/RR1-G05-E01/verify-R04-prereorder/R03_REGRESSION/R02/A12/recovery-drill/v8.err
0c909a91ebfafec858f7388008c82800316fbe5ca18c131f276c0b1dcd07b19b  ??  artifacts/rust-tauri/R04/RR1-G05-E01/verify-R04-prereorder/R03_REGRESSION/R02/A12/recovery-drill/v8.out
9ca173e1bda5e9d540aeb26f9402a21b608e728baee88e713b9087b76531c043  ??  artifacts/rust-tauri/R04/RR1-G05-E01/verify-R04-prereorder/R03_REGRESSION/R02/A15/full-chain/pre-restart-head.json
e3b0c44298fc1c149afbf4c8996fb92427ae41e4649b934ca495991b7852b855  ??  artifacts/rust-tauri/R04/RR1-G05-E01/verify-R04-prereorder/R03_REGRESSION/R02/A15/full-chain/probe1.err
9215c2663641bc7bb4ab61bdc2bac49d836b69a6240a3ee69936d92c0b019a38  ??  artifacts/rust-tauri/R04/RR1-G05-E01/verify-R04-prereorder/R03_REGRESSION/R02/A15/full-chain/probe1.pass-lines
e3b0c44298fc1c149afbf4c8996fb92427ae41e4649b934ca495991b7852b855  ??  artifacts/rust-tauri/R04/RR1-G05-E01/verify-R04-prereorder/R03_REGRESSION/R02/A15/full-chain/probe2.err
28a411dc95be7e6596d2954fdbecf8eb034d9f8dc1248ab1d111c07c1c218b89  ??  artifacts/rust-tauri/R04/RR1-G05-E01/verify-R04-prereorder/R03_REGRESSION/R02/A15/full-chain/probe2.pass-lines
e5ef3bcc5073d04e91922c279b77b8c63c097bf77cd7f4a566a519a0e2c0c676  ??  artifacts/rust-tauri/R04/RR1-G05-E01/verify-R04-prereorder/R03_REGRESSION/R02/A15/full-chain/service1.err
2801894b3596e5f5c67cd0a8a4fd0c32bfdc7d68f8277f0728fda5ce3292d034  ??  artifacts/rust-tauri/R04/RR1-G05-E01/verify-R04-prereorder/R03_REGRESSION/R02/A15/full-chain/service1.out
574703a65aabc479951ff1542fed3943d50ddaa86ce6424c6920e5a300387dce  ??  artifacts/rust-tauri/R04/RR1-G05-E01/verify-R04-prereorder/R03_REGRESSION/R02/A15/full-chain/service2.err
c5f8827fe18a281c8485084c542cd351135d02c100c14967e7331faa941651db  ??  artifacts/rust-tauri/R04/RR1-G05-E01/verify-R04-prereorder/R03_REGRESSION/R02/A15/full-chain/service2.out
0464542e74c5c6a64f9bf4e97e9b13cfc6c9e4475fec7aa8fb68a1a670f541e1  ??  artifacts/rust-tauri/R04/RR1-G05-E01/verify-R04-prereorder/R03_REGRESSION/R02/A15/full-chain/summary.txt
523ab963a6589a5728516dedfd166d3bb33ca94dad0fc96ba72028e6cc17b218  ??  artifacts/rust-tauri/R04/RR1-G05-E01/verify-R04-prereorder/R03_REGRESSION/R02/A16/legacy-entry/e0-base-purity.txt
dd7912704d102e4c4d4388beaf6fc8046c9a0104ab61a02505c3b78b7cc7ffe2  ??  artifacts/rust-tauri/R04/RR1-G05-E01/verify-R04-prereorder/R03_REGRESSION/R02/A16/legacy-entry/e0-candidate-binding.tsv
57ba5fadb95755582d5dd63f9ad1de152e43fabc309de228ca5ab7ae3d1f6cdb  ??  artifacts/rust-tauri/R04/RR1-G05-E01/verify-R04-prereorder/R03_REGRESSION/R02/A16/legacy-entry/e0-candidate-dirty.diff
abf9e08240a360be78dcadb2af5fe2f6bcb62f0163a0ed0b80c460b5c3a2d862  ??  artifacts/rust-tauri/R04/RR1-G05-E01/verify-R04-prereorder/R03_REGRESSION/R02/A16/legacy-entry/e0-candidate-dirty.txt
dafecdaa505ce47155b8f0b1a6b9d326f65e6e84a229add0428c0fb851a0e505  ??  artifacts/rust-tauri/R04/RR1-G05-E01/verify-R04-prereorder/R03_REGRESSION/R02/A16/legacy-entry/e1-binding-surface-intersect.txt
e478b5019f8dc054385b670fc46863aacb8ae7bb2c6af54b195ae23a7474e9a3  ??  artifacts/rust-tauri/R04/RR1-G05-E01/verify-R04-prereorder/R03_REGRESSION/R02/A16/legacy-entry/e1-default-entry-assertions.txt
ef2350de6ebbff4c6a51fabb6fb01f20fc0a67edbd04555ea9e9a1603d3e4f19  ??  artifacts/rust-tauri/R04/RR1-G05-E01/verify-R04-prereorder/R03_REGRESSION/R02/A16/legacy-entry/e1-surface-diff-files.txt
65a8e4d55d1d7b3d0f11e06928569acf896fdaa4c01cf07c3eb17427b16c603a  ??  artifacts/rust-tauri/R04/RR1-G05-E01/verify-R04-prereorder/R03_REGRESSION/R02/A16/legacy-entry/e5-cause-classes.txt
a6336e88a861d5d65bf8332c6e104672fbecde11272907b15e2847bc36cfc7b2  ??  artifacts/rust-tauri/R04/RR1-G05-E01/verify-R04-prereorder/R03_REGRESSION/R02/A16/legacy-entry/e5-seal-family.txt
b214203e3d6f8da8df5b1833ce704fd6fc5d695ce4fc77367bd1d8520366e68c  ??  artifacts/rust-tauri/R04/RR1-G05-E01/verify-R04-prereorder/R03_REGRESSION/R02/A16/legacy-entry/summary.txt
2bdafa13abdff4d29d4eb417b03851032f73eb97745596b88279b97c4c63dcd2  ??  artifacts/rust-tauri/R04/RR1-G05-E01/verify-R04-prereorder/R03_REGRESSION/candidate-source-after.json
2bdafa13abdff4d29d4eb417b03851032f73eb97745596b88279b97c4c63dcd2  ??  artifacts/rust-tauri/R04/RR1-G05-E01/verify-R04-prereorder/R03_REGRESSION/candidate-source-before.json
e4a51c96d030526fc57232d38530c61133766183fe4e090337335b36e35821d8  ??  artifacts/rust-tauri/R04/RR1-G05-E01/verify-R04-prereorder/R03_REGRESSION/verify-stage-result.json
10a16641e3405663989bf586c36c94e6522cc9932c30df552a4cb308377a9676  ??  artifacts/rust-tauri/R04/RR1-G05-E01/verify-R04-prereorder/R04_MATRIX/cases/a15-directory-claim-refused.json
09f385efaedc793ea498845967037cfcbfc0fe2c163104737d7ff99e880e98bc  ??  artifacts/rust-tauri/R04/RR1-G05-E01/verify-R04-prereorder/R04_MATRIX/cases/a15-gateway-audit-directory-ref-failed.json
d0df7dade822790f5735f4ebef501e03b8aa905318cb8a60905b81715d427965  ??  artifacts/rust-tauri/R04/RR1-G05-E01/verify-R04-prereorder/R04_MATRIX/cases/a15-gateway-audit-fake-ref-failed.json
a0800cd68927a3e79f38730d4c55036813c6947a5675713428917d03a1b44145  ??  artifacts/rust-tauri/R04/RR1-G05-E01/verify-R04-prereorder/R04_MATRIX/cases/a15-gateway-audit-real-ref-passes.json
8f9b212963fdfce437456018df1536c00c82aa2118f3c3af37532e979ed04f2b  ??  artifacts/rust-tauri/R04/RR1-G05-E01/verify-R04-prereorder/R04_MATRIX/cases/a15-missing-claim-refused.json
04245f14680505fadaf81819e4b39818cf0d629654f8733039a6ac2e8d68bb98  ??  artifacts/rust-tauri/R04/RR1-G05-E01/verify-R04-prereorder/R04_MATRIX/cases/a15-out-of-grant-claim-refused.json
e4bb14f7a842ae22ee91e7b3bebdfcc5273aec1410f84eb90970f2bc4dc3fc91  ??  artifacts/rust-tauri/R04/RR1-G05-E01/verify-R04-prereorder/R04_MATRIX/cases/a15-real-delivery-registered.json
6895d6a72b4da91d630223ce6ad2b8320db84534f721b5748ac0f487c1a29223  ??  artifacts/rust-tauri/R04/RR1-G05-E01/verify-R04-prereorder/R04_MATRIX/cases/a15-structure-violation-refused.json
94c57b04cb80a3ce8932e58d775b4aaa85affa76e33e34512e4a0bc47ade49a9  ??  artifacts/rust-tauri/R04/RR1-G05-E01/verify-R04-prereorder/R04_MATRIX/cases/a16-alias-route-covered.json
506ae3c069a2a967546a4ca114bf3e15abac6ebcdb0f7e35b359b12c1cde92b5  ??  artifacts/rust-tauri/R04/RR1-G05-E01/verify-R04-prereorder/R04_MATRIX/cases/a16-history-preserved.json
901361017912bc20e016d13a2a4f8d701ddee123481ac52c440c176b6d9510aa  ??  artifacts/rust-tauri/R04/RR1-G05-E01/verify-R04-prereorder/R04_MATRIX/cases/approval-answer-executes-once.json
bd45162c41ae2eec362f6f35bc50015ae2a8266f70ce5f91d5c45e5ad8053270  ??  artifacts/rust-tauri/R04/RR1-G05-E01/verify-R04-prereorder/R04_MATRIX/cases/approval-duplicate-idempotent.json
bababcc7f3e64579d35c9259a419a674630e4e549217be76c41f04eda4f0bcdc  ??  artifacts/rust-tauri/R04/RR1-G05-E01/verify-R04-prereorder/R04_MATRIX/cases/approval-reject-zero-dispatch.json
20fd6bee69494fece169e2b99ea1e3085ddffbb071d88ebc23f7dcaeb412c721  ??  artifacts/rust-tauri/R04/RR1-G05-E01/verify-R04-prereorder/R04_MATRIX/cases/catalog-face-lists-mcp-tools-with-permission.json
a6740bd82388993cca6d0b79d294334e6ad84438d23b819303e84cb2670999df  ??  artifacts/rust-tauri/R04/RR1-G05-E01/verify-R04-prereorder/R04_MATRIX/cases/future-tool-shape-ast_edit-discoverable-not-callable.json
821137c4819111c5cab65e31fe33146b843d4bc963a7ae66bf3c6139aab4dc68  ??  artifacts/rust-tauri/R04/RR1-G05-E01/verify-R04-prereorder/R04_MATRIX/cases/future-tool-shape-ast_grep-discoverable-not-callable.json
9827cfcbf4ea963126bc89e02f8247506844fc54c5a0d9086547106cafdcdefd  ??  artifacts/rust-tauri/R04/RR1-G05-E01/verify-R04-prereorder/R04_MATRIX/cases/future-tool-shape-file-discoverable-not-callable.json
cb8e2db3b924a24b0bf8d611b22015f3a2a10ccc3f6ee16a819bc9388379c7f3  ??  artifacts/rust-tauri/R04/RR1-G05-E01/verify-R04-prereorder/R04_MATRIX/cases/future-tool-shape-find-discoverable-not-callable.json
1c192846cc1d07ba6864e5dd594b97a48f402ab5519fca2040ecc7edc3d3fd02  ??  artifacts/rust-tauri/R04/RR1-G05-E01/verify-R04-prereorder/R04_MATRIX/cases/future-tool-shape-grep-discoverable-not-callable.json
bbe14f10f21cc0a2c306c3554804930c3bf5b13c66b6b90cf1c79b465e394c3b  ??  artifacts/rust-tauri/R04/RR1-G05-E01/verify-R04-prereorder/R04_MATRIX/cases/future-tool-shape-ls-discoverable-not-callable.json
a9b97d5170fb12a3359bdde03aa8fdfc8fe089399cd5f1dc3810dacaf5ac5653  ??  artifacts/rust-tauri/R04/RR1-G05-E01/verify-R04-prereorder/R04_MATRIX/cases/future-tool-shape-lsp-discoverable-not-callable.json
6bc884d530bd7615a63e4dd9241155689273f4f9c70ccc044e2d91afc8eba4f1  ??  artifacts/rust-tauri/R04/RR1-G05-E01/verify-R04-prereorder/R04_MATRIX/cases/future-tool-shape-materialize-discoverable-not-callable.json
5904c81036b270e82834b8084ca4b8b9b4492957d7d3ac5a83328f9bdc84b538  ??  artifacts/rust-tauri/R04/RR1-G05-E01/verify-R04-prereorder/R04_MATRIX/cases/future-tool-shape-run_code-discoverable-not-callable.json
c9d67aa6d2f3fce41a3a011e42ac47399824eae28c54e2b89cf0bdae0dbf8052  ??  artifacts/rust-tauri/R04/RR1-G05-E01/verify-R04-prereorder/R04_MATRIX/cases/future-tool-shape-security_scan-discoverable-not-callable.json
6cf1880613144cb8b359bd1c195f561f79c42836315ec94767b2336f24a9b783  ??  artifacts/rust-tauri/R04/RR1-G05-E01/verify-R04-prereorder/R04_MATRIX/cases/future-tool-shape-stage_files-discoverable-not-callable.json
87164a841282a81c7b614451f88f157e89c03336043524a16637aa848d201f59  ??  artifacts/rust-tauri/R04/RR1-G05-E01/verify-R04-prereorder/R04_MATRIX/cases/gateway-each-call-independent-permission.json
7d3631b38221c7c56e5b77793921c4de3ab067e7097d1c77131e73a3dadb0ce5  ??  artifacts/rust-tauri/R04/RR1-G05-E01/verify-R04-prereorder/R04_MATRIX/cases/matrix-lifecycle-disable-holes.json
52e2294d2db41ba60884ca74bedd63d9e196def8ea43623c327cf7579c72e6e0  ??  artifacts/rust-tauri/R04/RR1-G05-E01/verify-R04-prereorder/R04_MATRIX/cases/matrix-lifecycle-generation-refusals.json
710d96abbd53795e2f40639001eee2454a6ce7e5a285c883f9cd62f1b58ebda9  ??  artifacts/rust-tauri/R04/RR1-G05-E01/verify-R04-prereorder/R04_MATRIX/cases/matrix-lifecycle-uninstall-holes.json
23c16612d569bb60e563215b453c022203ab19f05298ce7c9a3fc080da10b7d2  ??  artifacts/rust-tauri/R04/RR1-G05-E01/verify-R04-prereorder/R04_MATRIX/cases/matrix-permission-consistency.json
d475fb8c9114bfdf95de5cc202da903bf354241d13f071bce870d8ba2502fd60  ??  artifacts/rust-tauri/R04/RR1-G05-E01/verify-R04-prereorder/R04_MATRIX/cases/matrix-route-consistency.json
2b451a4a1fd773fba2e107116235dd5f28a06d104c7f7450f221f662510fc070  ??  artifacts/rust-tauri/R04/RR1-G05-E01/verify-R04-prereorder/R04_MATRIX/cases/matrix-tool-family-count.json
1e442f90436b22848aeb3329ce35c020def0d74ba7d6bbc49eb983573e8e708d  ??  artifacts/rust-tauri/R04/RR1-G05-E01/verify-R04-prereorder/R04_MATRIX/cases/mcp-connector-catalog-sync.json
02be7eb700e551cb0a000177a0e033872c65ad8b5ef7f46d66c014ecf3fb7150  ??  artifacts/rust-tauri/R04/RR1-G05-E01/verify-R04-prereorder/R04_MATRIX/cases/mcp-connector-register-handshake.json
905e6508c4c99929579667bd3184014916a117d7522917621f1aea839bdd039e  ??  artifacts/rust-tauri/R04/RR1-G05-E01/verify-R04-prereorder/R04_MATRIX/cases/mcp-describe-real-identity.json
42c719e1d9f2fdae556b08414f6facea228b729210f804971fb1f41772e1ec5f  ??  artifacts/rust-tauri/R04/RR1-G05-E01/verify-R04-prereorder/R04_MATRIX/cases/mcp-search-namespaced.json
dfbc531d38332ae34bc27eef48d7c96103f6f7b0cf55e51377608e95deffabc9  ??  artifacts/rust-tauri/R04/RR1-G05-E01/verify-R04-prereorder/R04_MATRIX/cases/mcp-tool-call-full-chain.json
916eba77e6c3a4f9a8bf58bdf3a14d110fe9b75b22aa316ce7a47412c013fa04  ??  artifacts/rust-tauri/R04/RR1-G05-E01/verify-R04-prereorder/R04_MATRIX/cases/mcp-tool-permission-face.json
c3f30127a40dfa980a32479cec6547074c067a4d8cd61e858b0aa7dc095455b3  ??  artifacts/rust-tauri/R04/RR1-G05-E01/verify-R04-prereorder/R04_MATRIX/cases/permission-face-modes-verifiable.json
c51a56cfdce860c73de8e015f088d38b31bbf8e373a0dc6e1c8e43f9b5f80a2c  ??  artifacts/rust-tauri/R04/RR1-G05-E01/verify-R04-prereorder/R04_MATRIX/cases/preauthorization-single-session-scoped.json
eefd602104c2c290f3a2704acec9cf3923cbf072e0e9ac1e5dad4b1103794f05  ??  artifacts/rust-tauri/R04/RR1-G05-E01/verify-R04-prereorder/R04_MATRIX/cases/semantics-cancel-leaves-no-fabricated-receipt.json
1c8fced2b48030b05d00ab397c3aa0470c4f068287f841b1c7e53778b43e038d  ??  artifacts/rust-tauri/R04/RR1-G05-E01/verify-R04-prereorder/R04_MATRIX/cases/semantics-failed-never-dispatched-receipt.json
220379bb262285fad8e6314d35a23f12ba26fcb0e501fe2431141c1a4d28a5a2  ??  artifacts/rust-tauri/R04/RR1-G05-E01/verify-R04-prereorder/R04_MATRIX/cases/semantics-success-receipt-dispatched.json
8337cc9f0c6c3a4eeb0b4beb6ff1d93acd40878d92c9f16c4649942469017888  ??  artifacts/rust-tauri/R04/RR1-G05-E01/verify-R04-prereorder/R04_MATRIX/cases/semantics-unknown-receipt-honest.json
cb89e56a59ac812a63576832232489b328ac7abf8041df762e7b1af1e2caa95d  ??  artifacts/rust-tauri/R04/RR1-G05-E01/verify-R04-prereorder/R04_MATRIX/cases/sup01-ask-subagent-write-refused.json
1b21930f6737d6935a82328d4afb7b4fd7b439c107b48d01b29e4cdfa7399015  ??  artifacts/rust-tauri/R04/RR1-G05-E01/verify-R04-prereorder/R04_MATRIX/cases/terminal-close-stops-terminal.json
59095540a473b474ab918f20eb08986f6bbb6cbfd08c49b9810963ae37407de5  ??  artifacts/rust-tauri/R04/RR1-G05-E01/verify-R04-prereorder/R04_MATRIX/cases/terminal-snapshot-current-transcript.json
004a41eae978391bad56ebe5c3e6d2ced1a2c02eda01a37f79abc8867cb5a063  ??  artifacts/rust-tauri/R04/RR1-G05-E01/verify-R04-prereorder/R04_MATRIX/cases/terminal-tail-cursor-continuation.json
16870fec4c31cd9e67e56d3328c74d20f9213a2e96113c28be3d7f7fe0d28979  ??  artifacts/rust-tauri/R04/RR1-G05-E01/verify-R04-prereorder/R04_MATRIX/cases/tool-edit-conflict-preserves-user-version.json
bb810a38ce8bfbcafc0d64e1fc2831a08e952dfdc4a057fd99166ef589df1032  ??  artifacts/rust-tauri/R04/RR1-G05-E01/verify-R04-prereorder/R04_MATRIX/cases/tool-edit-real-chain.json
bec2c6d085918085fb7eb01f8ec54ea53681b68aa489b59bc0a8e9b272c5c02e  ??  artifacts/rust-tauri/R04/RR1-G05-E01/verify-R04-prereorder/R04_MATRIX/cases/tool-exec-cancel-cleanup.json
c0341bc7ba746aaa51754e5650264b1d7d55e93d55ea2a03df67769834825bcc  ??  artifacts/rust-tauri/R04/RR1-G05-E01/verify-R04-prereorder/R04_MATRIX/cases/tool-exec-command-real-chain.json
e990fcd2da49cb923f667ea1714cfea3f69c8f3bd0002416761b93ab35d87ec3  ??  artifacts/rust-tauri/R04/RR1-G05-E01/verify-R04-prereorder/R04_MATRIX/cases/tool-read-real-chain.json
ea288f832ccf584b20e6d0ef80d0116568fd2c989aff55d985adce98266f5f62  ??  artifacts/rust-tauri/R04/RR1-G05-E01/verify-R04-prereorder/R04_MATRIX/cases/tool-write-real-chain.json
52e2d9bbf2b9890f5b4d03bf7c27cfb6c82322790e254fc813b47b7f093d939f  ??  artifacts/rust-tauri/R04/RR1-G05-E01/verify-R04-prereorder/R04_MATRIX/cases/tool-write-stdin-continuation.json
83f514b83ad20e51f11205b345ebcce85d4423a69379cb2a9804c8ceaf07a027  ??  artifacts/rust-tauri/R04/RR1-G05-E01/verify-R04-prereorder/R04_MATRIX/cases/tool-write-stdin-foreign-writes.json
c471fa08013c67ab99fb67a5e4e430f83cfc349758cdc601fb53e35b1ee28397  ??  artifacts/rust-tauri/R04/RR1-G05-E01/verify-R04-prereorder/R04_MATRIX/leaf-cases.json
1dbc5972065a848f6d2d8456df0891660c2c695ca72f24c3d4bd7fde395b462e  ??  artifacts/rust-tauri/R04/RR1-G05-E01/verify-R04-prereorder/R04_MATRIX/matrix-counts.json
4d427e411d4094175bda8b798c0114af4830967a0acf48fd27ee7f9e11c1fd46  ??  artifacts/rust-tauri/R04/RR1-G05-E01/verify-R04-prereorder/R04_MATRIX/summary.txt
03e75607ce89dd2e535b6cf22efaed7cf04a57924ed973dec1a260cb30c15557  ??  artifacts/rust-tauri/R04/RR1-G05-E01/verify-R04-prereorder/R04_RR1_REPAIR/cases.jsonl
b4fd3ba1d5faec40aabb94b266bc3484540894de3ccac3756469a6737878300a  ??  artifacts/rust-tauri/R04/RR1-G05-E01/verify-R04-prereorder/R04_RR1_REPAIR/cid-table.txt
e3b0c44298fc1c149afbf4c8996fb92427ae41e4649b934ca495991b7852b855  ??  artifacts/rust-tauri/R04/RR1-G05-E01/verify-R04-prereorder/R04_RR1_REPAIR/gaps.txt
ba844bee5f873a8bb6499613c3ac20e7d0807fd4d848e52c3021047ed6b60bd7  ??  artifacts/rust-tauri/R04/RR1-G05-E01/verify-R04-prereorder/R04_RR1_REPAIR/pin-table.txt
e3a88bae43771884e0e5533f962b936823b53d97a6a31a19b8bbdf8fd6ea8ad8  ??  artifacts/rust-tauri/R04/RR1-G05-E01/verify-R04-prereorder/R04_RR1_REPAIR/rr1-cases.json
a5320ab81cc9b04ac125140a9bffca4f8fd222c774b5109b4c869beed40631bf  ??  artifacts/rust-tauri/R04/RR1-G05-E01/verify-R04-prereorder/R04_RR1_REPAIR/summary.txt
d8d88c7b1ce4e3c3b9aea6bd75ceceb163f6db72caaba32c5608c56a8fa0a2df  ??  artifacts/rust-tauri/R04/RR1-G05-E01/verify-R04-prereorder/candidate-source-after.json
d8d88c7b1ce4e3c3b9aea6bd75ceceb163f6db72caaba32c5608c56a8fa0a2df  ??  artifacts/rust-tauri/R04/RR1-G05-E01/verify-R04-prereorder/candidate-source-before.json
730a3a8bf428624a933265350b43877a0a0f23469a68fc38f54447d58989b0fa  ??  artifacts/rust-tauri/R04/RR1-G05-E01/verify-R04-prereorder/verify-stage-result.json
f5b0981175fe9bd307c7bb4e8dcb8490cfa58585d62d9c3e2f7eb03e4e875e54  ??  artifacts/rust-tauri/R04/RR1-G05-E01/verify-R04/R03_REGRESSION/A15/cases/background-run-completes-decoupled.json
fda5f46e011354371ff149d97818d48d3b78dca205e17e8a7b39dba1cb4013e6  ??  artifacts/rust-tauri/R04/RR1-G05-E01/verify-R04/R03_REGRESSION/A15/cases/background-survives-unrelated-cancel.json
92eebd1162583e5ed42a8e61a80b5c84e94753ed6562c35c930ebb65f6e23f01  ??  artifacts/rust-tauri/R04/RR1-G05-E01/verify-R04/R03_REGRESSION/A15/cases/cancel-live-run-accepted-terminal-cancelled.json
edc380e78d3b8f95b51f12c2bbfcb702760327da3f20bd6c9f456b5c7e0934de  ??  artifacts/rust-tauri/R04/RR1-G05-E01/verify-R04/R03_REGRESSION/A15/cases/cancel-terminal-run-already-terminal.json
e320e539d701e4f285fcff1a42629b28016fa5f103e77fccb5c1ddf921155742  ??  artifacts/rust-tauri/R04/RR1-G05-E01/verify-R04/R03_REGRESSION/A15/cases/cancel-unknown-run-not-found.json
a513a19cd5ca9bc857d2e01c9be7ec61e3e5677e7d1948db618b31fb7aba127a  ??  artifacts/rust-tauri/R04/RR1-G05-E01/verify-R04/R03_REGRESSION/A15/cases/cancel-waiting-approval-cancels-cleanly.json
602b436fbd1f0de778ca086853030197fe28a3fde1a5f694ebea64e4f8779c8a  ??  artifacts/rust-tauri/R04/RR1-G05-E01/verify-R04/R03_REGRESSION/A15/cases/combo-cancel-stream-terminal-cancelled.json
b24ff9cdbb08092492dd68815bdf3c4a6f38c8e2a42cd79c30abbfcacdfef745  ??  artifacts/rust-tauri/R04/RR1-G05-E01/verify-R04/R03_REGRESSION/A15/cases/combo-crash-recovery-honest-interrupted.json
d9e8dea9429b0f0c9fc86be7f31dcd96b4b227e1174dcdea6d1f00b177ec2987  ??  artifacts/rust-tauri/R04/RR1-G05-E01/verify-R04/R03_REGRESSION/A15/cases/combo-cross-session-both-complete.json
106bebd1aa293f120bb83f22b33de1e19ae817a4963587e2ee17be8731293349  ??  artifacts/rust-tauri/R04/RR1-G05-E01/verify-R04/R03_REGRESSION/A15/cases/combo-duplicate-conflict-rejected.json
eafb37ffcb4d76d45d58a64d80d9ef413064c1f979d64ba1cc2e609d147963fc  ??  artifacts/rust-tauri/R04/RR1-G05-E01/verify-R04/R03_REGRESSION/A15/cases/combo-duplicate-replay-no-second-run.json
346e6cb6ae16f125e4bbfdbf24d2bbcf63c92fa9642b2676fa06a78bfa1e8fdb  ??  artifacts/rust-tauri/R04/RR1-G05-E01/verify-R04/R03_REGRESSION/A15/cases/combo-events-subscriber-saw-terminal.json
97a0c8f8404d1c042f8f7efd240d5d5f5446103b21bcccf9c5c90461b6082043  ??  artifacts/rust-tauri/R04/RR1-G05-E01/verify-R04/R03_REGRESSION/A15/cases/combo-multi-tool-three-calls.json
aa936466e694a90f4087b7ae928f7c9b96ae1450073774fcb29d177dfa59c7b6  ??  artifacts/rust-tauri/R04/RR1-G05-E01/verify-R04/R03_REGRESSION/A15/cases/combo-multi-turn-one-terminal.json
f7bdd9e301d37d6a062e13225cfc84d7e96c1f88cd75d34e300ab00dd0fad0a0  ??  artifacts/rust-tauri/R04/RR1-G05-E01/verify-R04/R03_REGRESSION/A15/cases/combo-normal-run-completed.json
51d8bd26cb2f29bee74097b5ef9a36e3389a56a1c7127e86fa36d75a8106659e  ??  artifacts/rust-tauri/R04/RR1-G05-E01/verify-R04/R03_REGRESSION/A15/cases/combo-out-of-order-late-result-fenced.json
e18f1fcb5cc4af47da6184707fb88e0c0ed656f1fafffe8020a3001c9826c931  ??  artifacts/rust-tauri/R04/RR1-G05-E01/verify-R04/R03_REGRESSION/A15/cases/combo-timeout-budget-loud-failure.json
ccbc0f5c630f404851ca1c561fd5c73421ba9b217ceeff29973b263f05e30888  ??  artifacts/rust-tauri/R04/RR1-G05-E01/verify-R04/R03_REGRESSION/A15/cases/parent-cancel-stops-child-run.json
d72d7e1151ea38a4eeb9ad435aa66dc376039e41ff714f9f550e1f2c8934585a  ??  artifacts/rust-tauri/R04/RR1-G05-E01/verify-R04/R03_REGRESSION/A15/cases/reconnect-resume-no-model-restart.json
5d89ed42d309bfcfd13956b901f209eb432200e88c2ae1eea74d6eaffe625b2a  ??  artifacts/rust-tauri/R04/RR1-G05-E01/verify-R04/R03_REGRESSION/A15/cases/steer-busy-accepted.json
360ccd0c00f5114974f5f2967860d1c339a2e2baa808a2f5dca49f334fe0d386  ??  artifacts/rust-tauri/R04/RR1-G05-E01/verify-R04/R03_REGRESSION/A15/cases/steer-idle-miss.json
d00e58227225a313e612b18019d7f95a07382b0426ab7fbeb39bc4b05b740cc5  ??  artifacts/rust-tauri/R04/RR1-G05-E01/verify-R04/R03_REGRESSION/A15/cases/steer-text-drained-into-model-input.json
1d91fbec57470aebfedf338d49c5109fdd0216e02d720737ed53335eb06ae4c8  ??  artifacts/rust-tauri/R04/RR1-G05-E01/verify-R04/R03_REGRESSION/A15/cases/subagent-child-cancel-stops-child-only.json
25c6b5b26b72b0a4408db94f4f0e40b77faa84d32ccfeaffaf04e29fb20c07c9  ??  artifacts/rust-tauri/R04/RR1-G05-E01/verify-R04/R03_REGRESSION/A15/cases/subagent-close-thread-closed-status.json
c8d7de61de38e7dfa38ea3376602da5c50882e6d6238c3a1ff61b6ac7df04418  ??  artifacts/rust-tauri/R04/RR1-G05-E01/verify-R04/R03_REGRESSION/A15/cases/subagent-dispatch-child-lineage-recorded.json
dce5bbb9b54961ee64c8634f90f4f2600975918f6a2590b57b7b28dd425016bd  ??  artifacts/rust-tauri/R04/RR1-G05-E01/verify-R04/R03_REGRESSION/A15/cases/subagent-escalation-write-denied-zero-children.json
dcd19d358a8a5e560042eee304f1f5460d1c79ba1a64d611fb1007b830562010  ??  artifacts/rust-tauri/R04/RR1-G05-E01/verify-R04/R03_REGRESSION/A15/cases/subagent-policy-proactive-delegation-default-off.json
ffef3903ae224f661b415622ed9c76da5e265c01a9c15b867f429c1f6d10ef15  ??  artifacts/rust-tauri/R04/RR1-G05-E01/verify-R04/R03_REGRESSION/A15/cases/subagent-reply-continues-thread.json
d097c60f1416e1febc17bd0959b1c9252ca9be86b6a1e982d42d9240a38b107e  ??  artifacts/rust-tauri/R04/RR1-G05-E01/verify-R04/R03_REGRESSION/A15/combo-counts.json
4c56fd82542a56017ef5e59d3b0c9752ede52032f31f31c24c2de458153ad296  ??  artifacts/rust-tauri/R04/RR1-G05-E01/verify-R04/R03_REGRESSION/A15/combos/cancel-approval-wait.json
f861ce9b1dbe64f781134bae916b9c8f2503f4ad8572e98bfc18d180a4e35e33  ??  artifacts/rust-tauri/R04/RR1-G05-E01/verify-R04/R03_REGRESSION/A15/combos/cancel-stream-read.json
76b74d822e65d068718af971eb29865cc4891a50d128a35b0bc955cc3b6b65a2  ??  artifacts/rust-tauri/R04/RR1-G05-E01/verify-R04/R03_REGRESSION/A15/combos/crash-recovery.json
ef5545b54a472c39f9b09d995f9ba2e3671618a56d4de3eb7fe4fad24d81f22b  ??  artifacts/rust-tauri/R04/RR1-G05-E01/verify-R04/R03_REGRESSION/A15/combos/cross-session-parallel.json
7f7fd9a6f050ba6811d5b1d7313d11473f92089a4ec0fd2335779e99b59cdaa1  ??  artifacts/rust-tauri/R04/RR1-G05-E01/verify-R04/R03_REGRESSION/A15/combos/duplicate-submission.json
fc9b468ae0f2bd2cfff1a3ead3ba02756e59e73dc0c0a0ebb5142456d1ae38a8  ??  artifacts/rust-tauri/R04/RR1-G05-E01/verify-R04/R03_REGRESSION/A15/combos/leaf-parent-cancel.json
a59635405b3569b1c0c950cb282ecf3749923b36c6b1b5e4d3d21fc3f4458102  ??  artifacts/rust-tauri/R04/RR1-G05-E01/verify-R04/R03_REGRESSION/A15/combos/leaf-steer.json
fd60e4ca043c4073ddf838b3f0fe918436ede45ff7765efc8f1cad42821186f4  ??  artifacts/rust-tauri/R04/RR1-G05-E01/verify-R04/R03_REGRESSION/A15/combos/multi-tool.json
075cad25ce0207f3b49138b8d415d0db78da1005207b2f64d282b478bffa44ae  ??  artifacts/rust-tauri/R04/RR1-G05-E01/verify-R04/R03_REGRESSION/A15/combos/multi-turn-model.json
f94832aef81d68346dd1b25b1ad7312d6bc141a69a616a218b640aa170fbebcb  ??  artifacts/rust-tauri/R04/RR1-G05-E01/verify-R04/R03_REGRESSION/A15/combos/normal.json
44f5b48c4f288ee214f7053e16857997f1fb66a6be241466141301a16c6872e7  ??  artifacts/rust-tauri/R04/RR1-G05-E01/verify-R04/R03_REGRESSION/A15/combos/timeout-budget.json
505ecfbac3942739846be3a188cabea9d26c9641628253767c5457bdff2ab44f  ??  artifacts/rust-tauri/R04/RR1-G05-E01/verify-R04/R03_REGRESSION/A15/leaf-cases.json
bdaad3ebf5ff0689f1652a4b7c24716f5b0138db8876d8941ceb6bbe390650fa  ??  artifacts/rust-tauri/R04/RR1-G05-E01/verify-R04/R03_REGRESSION/A15/summary.txt
9a652a14c5a43c20164935bd4963aa32c2a32445a13a91c504c563352517c3b7  ??  artifacts/rust-tauri/R04/RR1-G05-E01/verify-R04/R03_REGRESSION/A16/captured-seed.txt
9a652a14c5a43c20164935bd4963aa32c2a32445a13a91c504c563352517c3b7  ??  artifacts/rust-tauri/R04/RR1-G05-E01/verify-R04/R03_REGRESSION/A16/p2-captured-seed-attempt-0.txt
9a652a14c5a43c20164935bd4963aa32c2a32445a13a91c504c563352517c3b7  ??  artifacts/rust-tauri/R04/RR1-G05-E01/verify-R04/R03_REGRESSION/A16/p3-replay-1-seed.txt
9a652a14c5a43c20164935bd4963aa32c2a32445a13a91c504c563352517c3b7  ??  artifacts/rust-tauri/R04/RR1-G05-E01/verify-R04/R03_REGRESSION/A16/p3-replay-2-seed.txt
3fd4aaf96fe0793daf71f6aa3f52fa6c74856c7ddd31d414962724cf4df651d5  ??  artifacts/rust-tauri/R04/RR1-G05-E01/verify-R04/R03_REGRESSION/A16/seed-mechanism.json
7d823ecd2fe778be4bc9ccdeaa060189bb8c8a9e8bd9737f51cb16fbd9b11f68  ??  artifacts/rust-tauri/R04/RR1-G05-E01/verify-R04/R03_REGRESSION/A16/summary.txt
5f7ef4991d4afea16fd8cd437d0e0b02f6b194f957746a7850b621807b94391e  ??  artifacts/rust-tauri/R04/RR1-G05-E01/verify-R04/R03_REGRESSION/G07_REPAIR/cases.jsonl
e3b0c44298fc1c149afbf4c8996fb92427ae41e4649b934ca495991b7852b855  ??  artifacts/rust-tauri/R04/RR1-G05-E01/verify-R04/R03_REGRESSION/G07_REPAIR/gaps.txt
1f29d43f2cf02b52219bc351e44642ea8aea0b0d413dd9064dac814574a7deff  ??  artifacts/rust-tauri/R04/RR1-G05-E01/verify-R04/R03_REGRESSION/G07_REPAIR/repair-cases.json
5df7a3de271b9e0346ecab24934c0ab10069d2d5ccf2a8abc6c612303c536ee6  ??  artifacts/rust-tauri/R04/RR1-G05-E01/verify-R04/R03_REGRESSION/G07_REPAIR/summary.txt
2287442c3575410d1b93a6444bf82f3770c341a64d89d8eb690005c759d68482  ??  artifacts/rust-tauri/R04/RR1-G05-E01/verify-R04/R03_REGRESSION/R02/A05_A06/.last-body
1319bbe558a1a9043433da92529bc8c24d2b6fbcabc962836a938e946e273399  ??  artifacts/rust-tauri/R04/RR1-G05-E01/verify-R04/R03_REGRESSION/R02/A05_A06/body-limit.txt
c0c19dff508a998f0c6e1fbf2643c2d78647cd6495bc53c57d2566877a3abc0b  ??  artifacts/rust-tauri/R04/RR1-G05-E01/verify-R04/R03_REGRESSION/R02/A05_A06/cli-sessions-limit-case.json
fd36183ec3f78bd25b3d65316037925664e92e4a386653af96f42dbe1cdb0313  ??  artifacts/rust-tauri/R04/RR1-G05-E01/verify-R04/R03_REGRESSION/R02/A05_A06/creds-after-authz.json
5f12b89e0cfdfe617cc006b9907934b9776253ab873ccd004570a1fa9c153284  ??  artifacts/rust-tauri/R04/RR1-G05-E01/verify-R04/R03_REGRESSION/R02/A05_A06/creds-before-authz.json
ad6656bff5b68fb4c5e8b6106f923d737de806d29083e1e3468356ff710a2da2  ??  artifacts/rust-tauri/R04/RR1-G05-E01/verify-R04/R03_REGRESSION/R02/A05_A06/devices-after-authz.json
c661265c29c356fc4f613d7d191da7b16d13839a860ea9750538b4c3ec5cf639  ??  artifacts/rust-tauri/R04/RR1-G05-E01/verify-R04/R03_REGRESSION/R02/A05_A06/devices-before-authz.json
2b5555c7cb7c37d044432ec9179329b4bd997ba6e8704569ca7e8e3daa91a202  ??  artifacts/rust-tauri/R04/RR1-G05-E01/verify-R04/R03_REGRESSION/R02/A05_A06/leaf-cases.json
98869e94cd346b773f56ca9a1a36129db5c5089b80c8426a485a723610abbb4b  ??  artifacts/rust-tauri/R04/RR1-G05-E01/verify-R04/R03_REGRESSION/R02/A05_A06/leaf-cases.ndjson
ee95871c0a62f7625eb39ca198f10851602d0325f3bb231b92ecc2795155ad71  ??  artifacts/rust-tauri/R04/RR1-G05-E01/verify-R04/R03_REGRESSION/R02/A05_A06/me-denied-after.sha256
ee95871c0a62f7625eb39ca198f10851602d0325f3bb231b92ecc2795155ad71  ??  artifacts/rust-tauri/R04/RR1-G05-E01/verify-R04/R03_REGRESSION/R02/A05_A06/me-denied-before.sha256
9901fa4939e8c0683cc392787126273c429530490fdebe18e68d1ad0c6fc2459  ??  artifacts/rust-tauri/R04/RR1-G05-E01/verify-R04/R03_REGRESSION/R02/A05_A06/sessions-list-matrix.json
b8ad35f3c972bc4bf78f200949c9ff2ccd700bbf361a244799f56c7a345a37ce  ??  artifacts/rust-tauri/R04/RR1-G05-E01/verify-R04/R03_REGRESSION/R02/A05_A06/state-after-authn.txt
6012f02e5f0aca3f671ec63011e728ec7a823eef592d5781d7025cfd736634fb  ??  artifacts/rust-tauri/R04/RR1-G05-E01/verify-R04/R03_REGRESSION/R02/A05_A06/state-after.txt
b8ad35f3c972bc4bf78f200949c9ff2ccd700bbf361a244799f56c7a345a37ce  ??  artifacts/rust-tauri/R04/RR1-G05-E01/verify-R04/R03_REGRESSION/R02/A05_A06/state-before-authz.txt
b8ad35f3c972bc4bf78f200949c9ff2ccd700bbf361a244799f56c7a345a37ce  ??  artifacts/rust-tauri/R04/RR1-G05-E01/verify-R04/R03_REGRESSION/R02/A05_A06/state-before.txt
4392e994bcf3e1fb92bf95006b22ca3b5e7bbb4d89db9ddf02eb006388e460d3  ??  artifacts/rust-tauri/R04/RR1-G05-E01/verify-R04/R03_REGRESSION/R02/A05_A06/summary.txt
698ffa7e829e6873503e5cf9c2a843bee88edabe531de87dfb7dbbeacd88374a  ??  artifacts/rust-tauri/R04/RR1-G05-E01/verify-R04/R03_REGRESSION/R02/A05_A06/ws-matrix.json
ff3a8c3cde6f66eecf36bf7ce3dfc6e8f3b88fa22fb8b3746cd85d3fb5719b5e  ??  artifacts/rust-tauri/R04/RR1-G05-E01/verify-R04/R03_REGRESSION/R02/A07_A08/last-db-hashes.txt
e613a984930f45c73fa5aa79af6955b0ac56faa30868e1da85d84a96a180eee3  ??  artifacts/rust-tauri/R04/RR1-G05-E01/verify-R04/R03_REGRESSION/R02/A07_A08/s1-counts-after-stop.json
6e11d3157e36f2f24de72943cc5df97aec8475c1e95a29c6fed9cc451e41da10  ??  artifacts/rust-tauri/R04/RR1-G05-E01/verify-R04/R03_REGRESSION/R02/A07_A08/s2-counts-after-crash.json
d55ac2d3224b76b6cdbfe74b507b259851e5c1032638b4f13aef150288f40804  ??  artifacts/rust-tauri/R04/RR1-G05-E01/verify-R04/R03_REGRESSION/R02/A07_A08/s2-runs-dump.jsonl
477f159e401353e051759bf2d9683af341c5cd5751ac179c233943c4ebdd3b66  ??  artifacts/rust-tauri/R04/RR1-G05-E01/verify-R04/R03_REGRESSION/R02/A07_A08/s3-fault.err
e3b0c44298fc1c149afbf4c8996fb92427ae41e4649b934ca495991b7852b855  ??  artifacts/rust-tauri/R04/RR1-G05-E01/verify-R04/R03_REGRESSION/R02/A07_A08/s3-fault.out
2b23bc00eb59e1a4d6e68a3c0ea5a8922764c33136cc073340cfb728a924cf9a  ??  artifacts/rust-tauri/R04/RR1-G05-E01/verify-R04/R03_REGRESSION/R02/A07_A08/s4-hashes-after.txt
2b23bc00eb59e1a4d6e68a3c0ea5a8922764c33136cc073340cfb728a924cf9a  ??  artifacts/rust-tauri/R04/RR1-G05-E01/verify-R04/R03_REGRESSION/R02/A07_A08/s4-hashes-before.txt
2872a4ed0962a788624522bb991ecf97507de433213ff57609627b826f25af6f  ??  artifacts/rust-tauri/R04/RR1-G05-E01/verify-R04/R03_REGRESSION/R02/A07_A08/s4-migrations-round1.json
2872a4ed0962a788624522bb991ecf97507de433213ff57609627b826f25af6f  ??  artifacts/rust-tauri/R04/RR1-G05-E01/verify-R04/R03_REGRESSION/R02/A07_A08/s4-migrations-round2.json
2872a4ed0962a788624522bb991ecf97507de433213ff57609627b826f25af6f  ??  artifacts/rust-tauri/R04/RR1-G05-E01/verify-R04/R03_REGRESSION/R02/A07_A08/s4-migrations-round3.json
9fee889f3ac74396690d2d1d40a2e69da9dee550c8b3e0ddd9fb5fde21ba8ad3  ??  artifacts/rust-tauri/R04/RR1-G05-E01/verify-R04/R03_REGRESSION/R02/A07_A08/service-s1.err
f67c5e137362f49383c14af5bcf336fe0039a7d1d7ece51de803300ba796dd44  ??  artifacts/rust-tauri/R04/RR1-G05-E01/verify-R04/R03_REGRESSION/R02/A07_A08/service-s1.out
6c27785d562fb96d1442e1fd164ae387eaddff930f59cb6cd583a4e928e5d0a3  ??  artifacts/rust-tauri/R04/RR1-G05-E01/verify-R04/R03_REGRESSION/R02/A07_A08/service-s1b.err
d64697d718f4abe9238f24c0c9adbe379c89cce3ac6dcb775c0eb6dee965cfcb  ??  artifacts/rust-tauri/R04/RR1-G05-E01/verify-R04/R03_REGRESSION/R02/A07_A08/service-s1b.out
7c0381dccdf9df442701243ead4fd138fac074cc1d979eea09bcd6b364a797ce  ??  artifacts/rust-tauri/R04/RR1-G05-E01/verify-R04/R03_REGRESSION/R02/A07_A08/service-s2.err
2332c67f543cdd351eeb244390bffcf0f1ff7437cb08d15f6667b808fd6794ed  ??  artifacts/rust-tauri/R04/RR1-G05-E01/verify-R04/R03_REGRESSION/R02/A07_A08/service-s2.out
6a1d3227fe85d1c2179f9d242acfca705480d8aa38a43e9be9be47dcde4cdb3b  ??  artifacts/rust-tauri/R04/RR1-G05-E01/verify-R04/R03_REGRESSION/R02/A07_A08/service-s2b.err
fd56cefa3f8cefaa7a57e710d9db9021488d4d358ce266932c8cac41e748f802  ??  artifacts/rust-tauri/R04/RR1-G05-E01/verify-R04/R03_REGRESSION/R02/A07_A08/service-s2b.out
244f5e298b759a08a5761faec69e025d914c6c2f20858bf0a9c1a7f835ec6667  ??  artifacts/rust-tauri/R04/RR1-G05-E01/verify-R04/R03_REGRESSION/R02/A07_A08/service-s4-1.err
4d91ec146cf256baa0c5df6b805fa70a196ea1fcf26a86d4f229814d5d804af8  ??  artifacts/rust-tauri/R04/RR1-G05-E01/verify-R04/R03_REGRESSION/R02/A07_A08/service-s4-1.out
d9dc3ad1bc2a2e76ff40b76e805aba11e03b2336e99a73393e79da77c3ddd678  ??  artifacts/rust-tauri/R04/RR1-G05-E01/verify-R04/R03_REGRESSION/R02/A07_A08/service-s4-2.err
b45e2179c9a73ecf90deec2604446fc11a2d70b438b6d4e5bc5473ef3a7b1db6  ??  artifacts/rust-tauri/R04/RR1-G05-E01/verify-R04/R03_REGRESSION/R02/A07_A08/service-s4-2.out
5ea93c7c987f2933ee667315a0b1809b7f26f6db012a4461c7b5a45fac237b9f  ??  artifacts/rust-tauri/R04/RR1-G05-E01/verify-R04/R03_REGRESSION/R02/A07_A08/service-s4-3.err
ef672e0ed312892cd98f7b2d88d8cde588646796cc33cb728d1495077d3dbbb6  ??  artifacts/rust-tauri/R04/RR1-G05-E01/verify-R04/R03_REGRESSION/R02/A07_A08/service-s4-3.out
6fa8a0baf1bb536ac27e796ad8b8c4bb6eea35882943f8a830272f9f2e78c36a  ??  artifacts/rust-tauri/R04/RR1-G05-E01/verify-R04/R03_REGRESSION/R02/A07_A08/service.addr
3280019222a44440118f3f3f9033d5117e5926a8c2d5588e21decb6046a5a697  ??  artifacts/rust-tauri/R04/RR1-G05-E01/verify-R04/R03_REGRESSION/R02/A07_A08/service.pid
ef0c69072110e13bcf354619c10a98d842e8e82779465f9daa468de30a268a6b  ??  artifacts/rust-tauri/R04/RR1-G05-E01/verify-R04/R03_REGRESSION/R02/A07_A08/summary.txt
4c1f8bc31b98eeffb58486b78913f363e1a8e27cdc8ff61e78d761f300a19311  ??  artifacts/rust-tauri/R04/RR1-G05-E01/verify-R04/R03_REGRESSION/R02/A09_A10/a09-merged-view.json
6eaa273057367d3cc86ed349e93d914164d3d1c727f90d02e183ed5d756905a5  ??  artifacts/rust-tauri/R04/RR1-G05-E01/verify-R04/R03_REGRESSION/R02/A09_A10/a10-rebuild-diff.json
6e9a77f46739f4afaa717bf7824b5762eaded75c448cc207b5ec8843a16f7c91  ??  artifacts/rust-tauri/R04/RR1-G05-E01/verify-R04/R03_REGRESSION/R02/A09_A10/key-events-dump.json
bb6e8b82227f04833205ab39e6183699f8efd39b7714c3816eb94d17ad017258  ??  artifacts/rust-tauri/R04/RR1-G05-E01/verify-R04/R03_REGRESSION/R02/A09_A10/matrix.json
bae3ec5c0353cbdf12ff3ccbffe7176f7815cdb1f21f86fcd4ac8e56f5240117  ??  artifacts/rust-tauri/R04/RR1-G05-E01/verify-R04/R03_REGRESSION/R02/A09_A10/probe-matrix.jsonl
37f3528bd7f59421569410424fa688f189d1a53ce70522998937fb4928d83948  ??  artifacts/rust-tauri/R04/RR1-G05-E01/verify-R04/R03_REGRESSION/R02/A09_A10/service.err
16205efe5d9fcb1c1665427ce6aca7a7c1c0209cbbf3ffcdea59d6ffedfc4a6d  ??  artifacts/rust-tauri/R04/RR1-G05-E01/verify-R04/R03_REGRESSION/R02/A09_A10/service.out
5055e278a5d84fa6159fcc6b196e2a787bafa3b0311d83b55770dd7c43bae944  ??  artifacts/rust-tauri/R04/RR1-G05-E01/verify-R04/R03_REGRESSION/R02/A09_A10/summary.txt
dd63f79ce1a39fdef735dbb9eb292c3f8a45db77c2513d3cc7379e5dbe13749e  ??  artifacts/rust-tauri/R04/RR1-G05-E01/verify-R04/R03_REGRESSION/R02/A11/backup-restore/s1-backup-dir-listing.txt
449eda7b59d3a51b5d32a38104bee896575bab04c1d18ae3f43dba7ffd4fa830  ??  artifacts/rust-tauri/R04/RR1-G05-E01/verify-R04/R03_REGRESSION/R02/A11/backup-restore/s1-backup-outcome.json
e3b0c44298fc1c149afbf4c8996fb92427ae41e4649b934ca495991b7852b855  ??  artifacts/rust-tauri/R04/RR1-G05-E01/verify-R04/R03_REGRESSION/R02/A11/backup-restore/s1-backup.err
c0c98a406b50fae731b58b8d530c3ee2352d37a9e05f44cc546c9389b4ee168c  ??  artifacts/rust-tauri/R04/RR1-G05-E01/verify-R04/R03_REGRESSION/R02/A11/backup-restore/s1-restore-outcome.json
e3b0c44298fc1c149afbf4c8996fb92427ae41e4649b934ca495991b7852b855  ??  artifacts/rust-tauri/R04/RR1-G05-E01/verify-R04/R03_REGRESSION/R02/A11/backup-restore/s1-restore.err
54bdd2f00def0fa61d8bbfc7570ebdbdf96a4b8f358adcf331719c84f2b64006  ??  artifacts/rust-tauri/R04/RR1-G05-E01/verify-R04/R03_REGRESSION/R02/A11/backup-restore/s1-restored-dump.jsonl
6cff0be47bc299ba8cb1e1e44a3302c245ec206582d317b24695f13166777cfc  ??  artifacts/rust-tauri/R04/RR1-G05-E01/verify-R04/R03_REGRESSION/R02/A11/backup-restore/s1-restored-hash.txt
54bdd2f00def0fa61d8bbfc7570ebdbdf96a4b8f358adcf331719c84f2b64006  ??  artifacts/rust-tauri/R04/RR1-G05-E01/verify-R04/R03_REGRESSION/R02/A11/backup-restore/s1-source-dump.jsonl
3af18fdc3ebca3a016dfa99541735bd000ffe44b4d65e4f8e0847d9df888c04e  ??  artifacts/rust-tauri/R04/RR1-G05-E01/verify-R04/R03_REGRESSION/R02/A11/backup-restore/s1-source-hash.txt
951e1f2cedf4a978898a4f9e620777561b8381ece9faf4223f8594a201f47f74  ??  artifacts/rust-tauri/R04/RR1-G05-E01/verify-R04/R03_REGRESSION/R02/A11/backup-restore/s1-wal-size.txt
e3b0c44298fc1c149afbf4c8996fb92427ae41e4649b934ca495991b7852b855  ??  artifacts/rust-tauri/R04/RR1-G05-E01/verify-R04/R03_REGRESSION/R02/A11/backup-restore/s3-backup-out.json
8dd8d35b9ca6f510c034f42a268d0e10582841fa1f29565a6695cbf5f3059f53  ??  artifacts/rust-tauri/R04/RR1-G05-E01/verify-R04/R03_REGRESSION/R02/A11/backup-restore/s3-backup.err
9b33c4d50a9f7a0434980244454a85ce4288c7323241cf9ff22c50e6b8f8dd85  ??  artifacts/rust-tauri/R04/RR1-G05-E01/verify-R04/R03_REGRESSION/R02/A11/backup-restore/s4-ws-probe.json
a4c3ed04a95a3da14a9d235c83d868bed7c0f45cf7f3faa751ee8f50598d2211  ??  artifacts/rust-tauri/R04/RR1-G05-E01/verify-R04/R03_REGRESSION/R02/A11/backup-restore/s4-ws-probe.json.probe-done
6aae35919a5b98b10c31c8abb087cfda89c316a136c0b36171be8904a2d850f2  ??  artifacts/rust-tauri/R04/RR1-G05-E01/verify-R04/R03_REGRESSION/R02/A11/backup-restore/service-s1.addr
b2b7bcd0670f222b7c54f66922cafccb40c6dd2e0198385ff2ae9a7fe54c34f5  ??  artifacts/rust-tauri/R04/RR1-G05-E01/verify-R04/R03_REGRESSION/R02/A11/backup-restore/service-s1.err
13d1890bcf0705ba39723f01c44bc759db3571b3e67f1e6a7b50c06c1233e7e7  ??  artifacts/rust-tauri/R04/RR1-G05-E01/verify-R04/R03_REGRESSION/R02/A11/backup-restore/service-s1.out
97583e53d90bc0c552ac2dfbb351e73a55087c5ad3d1631598a3f130979dedb1  ??  artifacts/rust-tauri/R04/RR1-G05-E01/verify-R04/R03_REGRESSION/R02/A11/backup-restore/service-s2.addr
a53a652f85f0116286e1be35616f195073565d612988755ac13fe3de3391ee90  ??  artifacts/rust-tauri/R04/RR1-G05-E01/verify-R04/R03_REGRESSION/R02/A11/backup-restore/service-s2.err
3384b391b729db57ac1b981cf56f0aff9bd6809e086a161c6d77d3c5dacd897d  ??  artifacts/rust-tauri/R04/RR1-G05-E01/verify-R04/R03_REGRESSION/R02/A11/backup-restore/service-s2.out
2c32f6db5213522f7210e23e5080d1cec33e283e27d40b45c2535a0db120eb5f  ??  artifacts/rust-tauri/R04/RR1-G05-E01/verify-R04/R03_REGRESSION/R02/A11/backup-restore/service-s4.addr
18460f4c6925b014c23f50f0298cab9f4d26a671b2d2023ca689a7685310a1bf  ??  artifacts/rust-tauri/R04/RR1-G05-E01/verify-R04/R03_REGRESSION/R02/A11/backup-restore/service-s4.err
5860792e32188bf717bf4f5fa16ad627b233aaaa7a9d60937264cc245aaf8179  ??  artifacts/rust-tauri/R04/RR1-G05-E01/verify-R04/R03_REGRESSION/R02/A11/backup-restore/service-s4.out
5d8eaa5573d469fc1414cfeb3fd3f7a385e192aae75bb8ac41c501350858a5a7  ??  artifacts/rust-tauri/R04/RR1-G05-E01/verify-R04/R03_REGRESSION/R02/A11/backup-restore/service.pid
668ed90314dae2acbb6362721a735ad323dcedd827e5ccc35d22848e6361a2f5  ??  artifacts/rust-tauri/R04/RR1-G05-E01/verify-R04/R03_REGRESSION/R02/A11/backup-restore/summary.txt
38b6c30de14dfb7122b8ed178443fdee8c1bd3e55cf03a7596a47804f1cde847  ??  artifacts/rust-tauri/R04/RR1-G05-E01/verify-R04/R03_REGRESSION/R02/A12/recovery-drill/coexist-after.txt
38b6c30de14dfb7122b8ed178443fdee8c1bd3e55cf03a7596a47804f1cde847  ??  artifacts/rust-tauri/R04/RR1-G05-E01/verify-R04/R03_REGRESSION/R02/A12/recovery-drill/coexist-before.txt
0013dc39e9223a06a45ba6c91ec7913b480ff61e8f87ea60eda0c62864be0f86  ??  artifacts/rust-tauri/R04/RR1-G05-E01/verify-R04/R03_REGRESSION/R02/A12/recovery-drill/own-created-homes.txt
79be6d64aa93bf457e5b337dfa16a187af549e49a08c7760b4ddb0f61bedf8ac  ??  artifacts/rust-tauri/R04/RR1-G05-E01/verify-R04/R03_REGRESSION/R02/A12/recovery-drill/summary.txt
7b2f675d535131e9ee3b95eb996b520af42000b1efea572dc62eff72fd758a84  ??  artifacts/rust-tauri/R04/RR1-G05-E01/verify-R04/R03_REGRESSION/R02/A12/recovery-drill/v1-hashes-after.txt
7b2f675d535131e9ee3b95eb996b520af42000b1efea572dc62eff72fd758a84  ??  artifacts/rust-tauri/R04/RR1-G05-E01/verify-R04/R03_REGRESSION/R02/A12/recovery-drill/v1-hashes-before.txt
8c3562e3c785e760724e51f3854f0e0501005980d2e778702f3dbe1cd17c6911  ??  artifacts/rust-tauri/R04/RR1-G05-E01/verify-R04/R03_REGRESSION/R02/A12/recovery-drill/v1.err
e3b0c44298fc1c149afbf4c8996fb92427ae41e4649b934ca495991b7852b855  ??  artifacts/rust-tauri/R04/RR1-G05-E01/verify-R04/R03_REGRESSION/R02/A12/recovery-drill/v1.out
fcb269f1fc43e20619871bab0f6e464d30773313e55b17f725fc62249ab521be  ??  artifacts/rust-tauri/R04/RR1-G05-E01/verify-R04/R03_REGRESSION/R02/A12/recovery-drill/v2-hashes-after.txt
fcb269f1fc43e20619871bab0f6e464d30773313e55b17f725fc62249ab521be  ??  artifacts/rust-tauri/R04/RR1-G05-E01/verify-R04/R03_REGRESSION/R02/A12/recovery-drill/v2-hashes-before.txt
f8447f0deaeece2a17ceb706f109ef507e24dd532e7c289a577991fa4ff19bc0  ??  artifacts/rust-tauri/R04/RR1-G05-E01/verify-R04/R03_REGRESSION/R02/A12/recovery-drill/v2.err
e3b0c44298fc1c149afbf4c8996fb92427ae41e4649b934ca495991b7852b855  ??  artifacts/rust-tauri/R04/RR1-G05-E01/verify-R04/R03_REGRESSION/R02/A12/recovery-drill/v2.out
a33ffd69acb495d9a221778bb2317e4cef00e4d752d794b9c1267890666ec43d  ??  artifacts/rust-tauri/R04/RR1-G05-E01/verify-R04/R03_REGRESSION/R02/A12/recovery-drill/v3-hashes-after.txt
a33ffd69acb495d9a221778bb2317e4cef00e4d752d794b9c1267890666ec43d  ??  artifacts/rust-tauri/R04/RR1-G05-E01/verify-R04/R03_REGRESSION/R02/A12/recovery-drill/v3-hashes-before.txt
0832e9d93ad723e049bf4098cefcfa0e4e881e046481cc80644049434de359a6  ??  artifacts/rust-tauri/R04/RR1-G05-E01/verify-R04/R03_REGRESSION/R02/A12/recovery-drill/v3.err
e3b0c44298fc1c149afbf4c8996fb92427ae41e4649b934ca495991b7852b855  ??  artifacts/rust-tauri/R04/RR1-G05-E01/verify-R04/R03_REGRESSION/R02/A12/recovery-drill/v3.out
295a941d6f7089546e2ba25eb9418ed2efe9944334ad2e6521851855fd9469de  ??  artifacts/rust-tauri/R04/RR1-G05-E01/verify-R04/R03_REGRESSION/R02/A12/recovery-drill/v4.err
4b8a77e8ad51afd7f4e284de084df7eed679191acf015f18f96683b18464f2fb  ??  artifacts/rust-tauri/R04/RR1-G05-E01/verify-R04/R03_REGRESSION/R02/A12/recovery-drill/v4.out
8a478ff2858c2e7f11c2f4d15018a29be633347ecc995b486c31863966e9db5e  ??  artifacts/rust-tauri/R04/RR1-G05-E01/verify-R04/R03_REGRESSION/R02/A12/recovery-drill/v5-hashes-after.txt
8a478ff2858c2e7f11c2f4d15018a29be633347ecc995b486c31863966e9db5e  ??  artifacts/rust-tauri/R04/RR1-G05-E01/verify-R04/R03_REGRESSION/R02/A12/recovery-drill/v5-hashes-before.txt
d4e32f38dc33c688246ffc81c657026b5a6f0c5909fc09ff99eef440d16cfcc4  ??  artifacts/rust-tauri/R04/RR1-G05-E01/verify-R04/R03_REGRESSION/R02/A12/recovery-drill/v5.err
e3b0c44298fc1c149afbf4c8996fb92427ae41e4649b934ca495991b7852b855  ??  artifacts/rust-tauri/R04/RR1-G05-E01/verify-R04/R03_REGRESSION/R02/A12/recovery-drill/v5.out
6a99b54b09cf697a358e2b9497c7555390fc3087b90344039e552478fb76df4c  ??  artifacts/rust-tauri/R04/RR1-G05-E01/verify-R04/R03_REGRESSION/R02/A12/recovery-drill/v6-recovered-dump.jsonl
27badc983df1780b60c2b3fa9d3a19a00e46aac798451f0febdca52920faaddf  ??  artifacts/rust-tauri/R04/RR1-G05-E01/verify-R04/R03_REGRESSION/R02/A12/recovery-drill/v6-seed-execute.txt
e56335562bfdcd950961415fcbb60c0f622461f9ef5061bf2fa12d76fbc37af3  ??  artifacts/rust-tauri/R04/RR1-G05-E01/verify-R04/R03_REGRESSION/R02/A12/recovery-drill/v6-seed.err
41430731b9b8bc6e52f3090be25cfc256bd6f6bd4bfdce709603e53ab5daeb7f  ??  artifacts/rust-tauri/R04/RR1-G05-E01/verify-R04/R03_REGRESSION/R02/A12/recovery-drill/v6-seed.out
3b15b22b65c6b31e9224f50f8076f766e2a65a0fb1bf4fd70135d9dce67a2d3a  ??  artifacts/rust-tauri/R04/RR1-G05-E01/verify-R04/R03_REGRESSION/R02/A12/recovery-drill/v6.err
1ace4da0a60a2e0277639243e9625fe7d0660ac2db41e03dcdad532727dc757b  ??  artifacts/rust-tauri/R04/RR1-G05-E01/verify-R04/R03_REGRESSION/R02/A12/recovery-drill/v6.out
09cebb798a9acfc738d76aec439809454cae8cb1193ea4c152c5ef61e43bd0ae  ??  artifacts/rust-tauri/R04/RR1-G05-E01/verify-R04/R03_REGRESSION/R02/A12/recovery-drill/v7-hashes-after.txt
09cebb798a9acfc738d76aec439809454cae8cb1193ea4c152c5ef61e43bd0ae  ??  artifacts/rust-tauri/R04/RR1-G05-E01/verify-R04/R03_REGRESSION/R02/A12/recovery-drill/v7-hashes-before.txt
4ba8341b04e90a9cd82b8bb2b79e1c9d0626cbaee8ed1b1f5aed8ce6974f5aa1  ??  artifacts/rust-tauri/R04/RR1-G05-E01/verify-R04/R03_REGRESSION/R02/A12/recovery-drill/v7-seed.err
b655fe802cf082a8c3a2ad2669c7fac4584d9f2b80d9324af1a88e92047762f7  ??  artifacts/rust-tauri/R04/RR1-G05-E01/verify-R04/R03_REGRESSION/R02/A12/recovery-drill/v7-seed.out
a8765550e68b03b5cbc3e97a023148b1a70ec20855ead977bafb27338499da98  ??  artifacts/rust-tauri/R04/RR1-G05-E01/verify-R04/R03_REGRESSION/R02/A12/recovery-drill/v7.err
e3b0c44298fc1c149afbf4c8996fb92427ae41e4649b934ca495991b7852b855  ??  artifacts/rust-tauri/R04/RR1-G05-E01/verify-R04/R03_REGRESSION/R02/A12/recovery-drill/v7.out
1ed794f1c4f29c8148d1a8a5877fd55ae4e62262762517f70bfad569e03e8ea2  ??  artifacts/rust-tauri/R04/RR1-G05-E01/verify-R04/R03_REGRESSION/R02/A12/recovery-drill/v8-observed.err
9adb6f35e67b4f6e17e8469e0e295ec51f9f538011dc4fcecd4e07dd73bc150e  ??  artifacts/rust-tauri/R04/RR1-G05-E01/verify-R04/R03_REGRESSION/R02/A12/recovery-drill/v8-seed.err
a3902021782019e1dce04ba9a732c1ee1b30401ef0c1e44d35696d65920662ca  ??  artifacts/rust-tauri/R04/RR1-G05-E01/verify-R04/R03_REGRESSION/R02/A12/recovery-drill/v8-seed.out
1ed794f1c4f29c8148d1a8a5877fd55ae4e62262762517f70bfad569e03e8ea2  ??  artifacts/rust-tauri/R04/RR1-G05-E01/verify-R04/R03_REGRESSION/R02/A12/recovery-drill/v8.err
58f37b6aa43cb86697b01e8030f3b9ecb03ebef5011555a602d5b5698ac7a062  ??  artifacts/rust-tauri/R04/RR1-G05-E01/verify-R04/R03_REGRESSION/R02/A12/recovery-drill/v8.out
98859ae81777d12d37217c202d6982a183989e3240d1edc2280b543c61c6a76e  ??  artifacts/rust-tauri/R04/RR1-G05-E01/verify-R04/R03_REGRESSION/R02/A15/full-chain/pre-restart-head.json
e3b0c44298fc1c149afbf4c8996fb92427ae41e4649b934ca495991b7852b855  ??  artifacts/rust-tauri/R04/RR1-G05-E01/verify-R04/R03_REGRESSION/R02/A15/full-chain/probe1.err
01a1e4c89751b3b49bdad584c4b5493e73021364f87e74fde56da154d158d02d  ??  artifacts/rust-tauri/R04/RR1-G05-E01/verify-R04/R03_REGRESSION/R02/A15/full-chain/probe1.pass-lines
e3b0c44298fc1c149afbf4c8996fb92427ae41e4649b934ca495991b7852b855  ??  artifacts/rust-tauri/R04/RR1-G05-E01/verify-R04/R03_REGRESSION/R02/A15/full-chain/probe2.err
28a411dc95be7e6596d2954fdbecf8eb034d9f8dc1248ab1d111c07c1c218b89  ??  artifacts/rust-tauri/R04/RR1-G05-E01/verify-R04/R03_REGRESSION/R02/A15/full-chain/probe2.pass-lines
e5928ec9823e3ac05cb10d52eb6b35d4dffd20343273df06444f304475cca8b4  ??  artifacts/rust-tauri/R04/RR1-G05-E01/verify-R04/R03_REGRESSION/R02/A15/full-chain/service1.err
83891234f5950d86617bde9f603e4d44d801739e6b0f5fb70e7a59f6edab3321  ??  artifacts/rust-tauri/R04/RR1-G05-E01/verify-R04/R03_REGRESSION/R02/A15/full-chain/service1.out
668a90181f108b21c2f3cbd9f217437c716b7acc7654ae7e47c1a7e95df2caa5  ??  artifacts/rust-tauri/R04/RR1-G05-E01/verify-R04/R03_REGRESSION/R02/A15/full-chain/service2.err
81daaab48581bcc10f466ec4404f990505f5fe1e7f5ed321ed808e0d6b713c04  ??  artifacts/rust-tauri/R04/RR1-G05-E01/verify-R04/R03_REGRESSION/R02/A15/full-chain/service2.out
812a5144da9ab7df78cfb6d9854598c21e9b1323fec098d8f7c5b83b35b979ed  ??  artifacts/rust-tauri/R04/RR1-G05-E01/verify-R04/R03_REGRESSION/R02/A15/full-chain/summary.txt
523ab963a6589a5728516dedfd166d3bb33ca94dad0fc96ba72028e6cc17b218  ??  artifacts/rust-tauri/R04/RR1-G05-E01/verify-R04/R03_REGRESSION/R02/A16/legacy-entry/e0-base-purity.txt
cfe4b9bd9ac2311265515f7adc16e4e6b640573ef7de9833b70018fc0770dc0c  ??  artifacts/rust-tauri/R04/RR1-G05-E01/verify-R04/R03_REGRESSION/R02/A16/legacy-entry/e0-candidate-binding.tsv
6059193c7b0678e1480f985ddec88687cab8140931ad03b768e0732c943a3b39  ??  artifacts/rust-tauri/R04/RR1-G05-E01/verify-R04/R03_REGRESSION/R02/A16/legacy-entry/e0-candidate-dirty.diff
abf9e08240a360be78dcadb2af5fe2f6bcb62f0163a0ed0b80c460b5c3a2d862  ??  artifacts/rust-tauri/R04/RR1-G05-E01/verify-R04/R03_REGRESSION/R02/A16/legacy-entry/e0-candidate-dirty.txt
dafecdaa505ce47155b8f0b1a6b9d326f65e6e84a229add0428c0fb851a0e505  ??  artifacts/rust-tauri/R04/RR1-G05-E01/verify-R04/R03_REGRESSION/R02/A16/legacy-entry/e1-binding-surface-intersect.txt
e478b5019f8dc054385b670fc46863aacb8ae7bb2c6af54b195ae23a7474e9a3  ??  artifacts/rust-tauri/R04/RR1-G05-E01/verify-R04/R03_REGRESSION/R02/A16/legacy-entry/e1-default-entry-assertions.txt
ef2350de6ebbff4c6a51fabb6fb01f20fc0a67edbd04555ea9e9a1603d3e4f19  ??  artifacts/rust-tauri/R04/RR1-G05-E01/verify-R04/R03_REGRESSION/R02/A16/legacy-entry/e1-surface-diff-files.txt
65a8e4d55d1d7b3d0f11e06928569acf896fdaa4c01cf07c3eb17427b16c603a  ??  artifacts/rust-tauri/R04/RR1-G05-E01/verify-R04/R03_REGRESSION/R02/A16/legacy-entry/e5-cause-classes.txt
a6336e88a861d5d65bf8332c6e104672fbecde11272907b15e2847bc36cfc7b2  ??  artifacts/rust-tauri/R04/RR1-G05-E01/verify-R04/R03_REGRESSION/R02/A16/legacy-entry/e5-seal-family.txt
2ef3413adc786331d2fef550f75a4aeac07623d3bc735d0d2bb73aa3e233fa14  ??  artifacts/rust-tauri/R04/RR1-G05-E01/verify-R04/R03_REGRESSION/R02/A16/legacy-entry/summary.txt
ee3914088a1b90fca1d6293898b9446de7713e4667d3ff790dfd5e6eb164f79f  ??  artifacts/rust-tauri/R04/RR1-G05-E01/verify-R04/R03_REGRESSION/candidate-source-after.json
ee3914088a1b90fca1d6293898b9446de7713e4667d3ff790dfd5e6eb164f79f  ??  artifacts/rust-tauri/R04/RR1-G05-E01/verify-R04/R03_REGRESSION/candidate-source-before.json
0cd63934c127298683a1932fa5b030a73b3a862b1b10e0066ed10d1d3c0e9bb1  ??  artifacts/rust-tauri/R04/RR1-G05-E01/verify-R04/R03_REGRESSION/verify-stage-result.json
10a16641e3405663989bf586c36c94e6522cc9932c30df552a4cb308377a9676  ??  artifacts/rust-tauri/R04/RR1-G05-E01/verify-R04/R04_MATRIX/cases/a15-directory-claim-refused.json
09f385efaedc793ea498845967037cfcbfc0fe2c163104737d7ff99e880e98bc  ??  artifacts/rust-tauri/R04/RR1-G05-E01/verify-R04/R04_MATRIX/cases/a15-gateway-audit-directory-ref-failed.json
d0df7dade822790f5735f4ebef501e03b8aa905318cb8a60905b81715d427965  ??  artifacts/rust-tauri/R04/RR1-G05-E01/verify-R04/R04_MATRIX/cases/a15-gateway-audit-fake-ref-failed.json
a0800cd68927a3e79f38730d4c55036813c6947a5675713428917d03a1b44145  ??  artifacts/rust-tauri/R04/RR1-G05-E01/verify-R04/R04_MATRIX/cases/a15-gateway-audit-real-ref-passes.json
8f9b212963fdfce437456018df1536c00c82aa2118f3c3af37532e979ed04f2b  ??  artifacts/rust-tauri/R04/RR1-G05-E01/verify-R04/R04_MATRIX/cases/a15-missing-claim-refused.json
04245f14680505fadaf81819e4b39818cf0d629654f8733039a6ac2e8d68bb98  ??  artifacts/rust-tauri/R04/RR1-G05-E01/verify-R04/R04_MATRIX/cases/a15-out-of-grant-claim-refused.json
e4bb14f7a842ae22ee91e7b3bebdfcc5273aec1410f84eb90970f2bc4dc3fc91  ??  artifacts/rust-tauri/R04/RR1-G05-E01/verify-R04/R04_MATRIX/cases/a15-real-delivery-registered.json
6895d6a72b4da91d630223ce6ad2b8320db84534f721b5748ac0f487c1a29223  ??  artifacts/rust-tauri/R04/RR1-G05-E01/verify-R04/R04_MATRIX/cases/a15-structure-violation-refused.json
94c57b04cb80a3ce8932e58d775b4aaa85affa76e33e34512e4a0bc47ade49a9  ??  artifacts/rust-tauri/R04/RR1-G05-E01/verify-R04/R04_MATRIX/cases/a16-alias-route-covered.json
506ae3c069a2a967546a4ca114bf3e15abac6ebcdb0f7e35b359b12c1cde92b5  ??  artifacts/rust-tauri/R04/RR1-G05-E01/verify-R04/R04_MATRIX/cases/a16-history-preserved.json
901361017912bc20e016d13a2a4f8d701ddee123481ac52c440c176b6d9510aa  ??  artifacts/rust-tauri/R04/RR1-G05-E01/verify-R04/R04_MATRIX/cases/approval-answer-executes-once.json
bd45162c41ae2eec362f6f35bc50015ae2a8266f70ce5f91d5c45e5ad8053270  ??  artifacts/rust-tauri/R04/RR1-G05-E01/verify-R04/R04_MATRIX/cases/approval-duplicate-idempotent.json
bababcc7f3e64579d35c9259a419a674630e4e549217be76c41f04eda4f0bcdc  ??  artifacts/rust-tauri/R04/RR1-G05-E01/verify-R04/R04_MATRIX/cases/approval-reject-zero-dispatch.json
20fd6bee69494fece169e2b99ea1e3085ddffbb071d88ebc23f7dcaeb412c721  ??  artifacts/rust-tauri/R04/RR1-G05-E01/verify-R04/R04_MATRIX/cases/catalog-face-lists-mcp-tools-with-permission.json
a6740bd82388993cca6d0b79d294334e6ad84438d23b819303e84cb2670999df  ??  artifacts/rust-tauri/R04/RR1-G05-E01/verify-R04/R04_MATRIX/cases/future-tool-shape-ast_edit-discoverable-not-callable.json
821137c4819111c5cab65e31fe33146b843d4bc963a7ae66bf3c6139aab4dc68  ??  artifacts/rust-tauri/R04/RR1-G05-E01/verify-R04/R04_MATRIX/cases/future-tool-shape-ast_grep-discoverable-not-callable.json
9827cfcbf4ea963126bc89e02f8247506844fc54c5a0d9086547106cafdcdefd  ??  artifacts/rust-tauri/R04/RR1-G05-E01/verify-R04/R04_MATRIX/cases/future-tool-shape-file-discoverable-not-callable.json
cb8e2db3b924a24b0bf8d611b22015f3a2a10ccc3f6ee16a819bc9388379c7f3  ??  artifacts/rust-tauri/R04/RR1-G05-E01/verify-R04/R04_MATRIX/cases/future-tool-shape-find-discoverable-not-callable.json
1c192846cc1d07ba6864e5dd594b97a48f402ab5519fca2040ecc7edc3d3fd02  ??  artifacts/rust-tauri/R04/RR1-G05-E01/verify-R04/R04_MATRIX/cases/future-tool-shape-grep-discoverable-not-callable.json
bbe14f10f21cc0a2c306c3554804930c3bf5b13c66b6b90cf1c79b465e394c3b  ??  artifacts/rust-tauri/R04/RR1-G05-E01/verify-R04/R04_MATRIX/cases/future-tool-shape-ls-discoverable-not-callable.json
a9b97d5170fb12a3359bdde03aa8fdfc8fe089399cd5f1dc3810dacaf5ac5653  ??  artifacts/rust-tauri/R04/RR1-G05-E01/verify-R04/R04_MATRIX/cases/future-tool-shape-lsp-discoverable-not-callable.json
6bc884d530bd7615a63e4dd9241155689273f4f9c70ccc044e2d91afc8eba4f1  ??  artifacts/rust-tauri/R04/RR1-G05-E01/verify-R04/R04_MATRIX/cases/future-tool-shape-materialize-discoverable-not-callable.json
5904c81036b270e82834b8084ca4b8b9b4492957d7d3ac5a83328f9bdc84b538  ??  artifacts/rust-tauri/R04/RR1-G05-E01/verify-R04/R04_MATRIX/cases/future-tool-shape-run_code-discoverable-not-callable.json
c9d67aa6d2f3fce41a3a011e42ac47399824eae28c54e2b89cf0bdae0dbf8052  ??  artifacts/rust-tauri/R04/RR1-G05-E01/verify-R04/R04_MATRIX/cases/future-tool-shape-security_scan-discoverable-not-callable.json
6cf1880613144cb8b359bd1c195f561f79c42836315ec94767b2336f24a9b783  ??  artifacts/rust-tauri/R04/RR1-G05-E01/verify-R04/R04_MATRIX/cases/future-tool-shape-stage_files-discoverable-not-callable.json
87164a841282a81c7b614451f88f157e89c03336043524a16637aa848d201f59  ??  artifacts/rust-tauri/R04/RR1-G05-E01/verify-R04/R04_MATRIX/cases/gateway-each-call-independent-permission.json
7d3631b38221c7c56e5b77793921c4de3ab067e7097d1c77131e73a3dadb0ce5  ??  artifacts/rust-tauri/R04/RR1-G05-E01/verify-R04/R04_MATRIX/cases/matrix-lifecycle-disable-holes.json
52e2294d2db41ba60884ca74bedd63d9e196def8ea43623c327cf7579c72e6e0  ??  artifacts/rust-tauri/R04/RR1-G05-E01/verify-R04/R04_MATRIX/cases/matrix-lifecycle-generation-refusals.json
710d96abbd53795e2f40639001eee2454a6ce7e5a285c883f9cd62f1b58ebda9  ??  artifacts/rust-tauri/R04/RR1-G05-E01/verify-R04/R04_MATRIX/cases/matrix-lifecycle-uninstall-holes.json
23c16612d569bb60e563215b453c022203ab19f05298ce7c9a3fc080da10b7d2  ??  artifacts/rust-tauri/R04/RR1-G05-E01/verify-R04/R04_MATRIX/cases/matrix-permission-consistency.json
d475fb8c9114bfdf95de5cc202da903bf354241d13f071bce870d8ba2502fd60  ??  artifacts/rust-tauri/R04/RR1-G05-E01/verify-R04/R04_MATRIX/cases/matrix-route-consistency.json
2b451a4a1fd773fba2e107116235dd5f28a06d104c7f7450f221f662510fc070  ??  artifacts/rust-tauri/R04/RR1-G05-E01/verify-R04/R04_MATRIX/cases/matrix-tool-family-count.json
1e442f90436b22848aeb3329ce35c020def0d74ba7d6bbc49eb983573e8e708d  ??  artifacts/rust-tauri/R04/RR1-G05-E01/verify-R04/R04_MATRIX/cases/mcp-connector-catalog-sync.json
02be7eb700e551cb0a000177a0e033872c65ad8b5ef7f46d66c014ecf3fb7150  ??  artifacts/rust-tauri/R04/RR1-G05-E01/verify-R04/R04_MATRIX/cases/mcp-connector-register-handshake.json
905e6508c4c99929579667bd3184014916a117d7522917621f1aea839bdd039e  ??  artifacts/rust-tauri/R04/RR1-G05-E01/verify-R04/R04_MATRIX/cases/mcp-describe-real-identity.json
42c719e1d9f2fdae556b08414f6facea228b729210f804971fb1f41772e1ec5f  ??  artifacts/rust-tauri/R04/RR1-G05-E01/verify-R04/R04_MATRIX/cases/mcp-search-namespaced.json
dfbc531d38332ae34bc27eef48d7c96103f6f7b0cf55e51377608e95deffabc9  ??  artifacts/rust-tauri/R04/RR1-G05-E01/verify-R04/R04_MATRIX/cases/mcp-tool-call-full-chain.json
916eba77e6c3a4f9a8bf58bdf3a14d110fe9b75b22aa316ce7a47412c013fa04  ??  artifacts/rust-tauri/R04/RR1-G05-E01/verify-R04/R04_MATRIX/cases/mcp-tool-permission-face.json
c3f30127a40dfa980a32479cec6547074c067a4d8cd61e858b0aa7dc095455b3  ??  artifacts/rust-tauri/R04/RR1-G05-E01/verify-R04/R04_MATRIX/cases/permission-face-modes-verifiable.json
c51a56cfdce860c73de8e015f088d38b31bbf8e373a0dc6e1c8e43f9b5f80a2c  ??  artifacts/rust-tauri/R04/RR1-G05-E01/verify-R04/R04_MATRIX/cases/preauthorization-single-session-scoped.json
eefd602104c2c290f3a2704acec9cf3923cbf072e0e9ac1e5dad4b1103794f05  ??  artifacts/rust-tauri/R04/RR1-G05-E01/verify-R04/R04_MATRIX/cases/semantics-cancel-leaves-no-fabricated-receipt.json
1c8fced2b48030b05d00ab397c3aa0470c4f068287f841b1c7e53778b43e038d  ??  artifacts/rust-tauri/R04/RR1-G05-E01/verify-R04/R04_MATRIX/cases/semantics-failed-never-dispatched-receipt.json
220379bb262285fad8e6314d35a23f12ba26fcb0e501fe2431141c1a4d28a5a2  ??  artifacts/rust-tauri/R04/RR1-G05-E01/verify-R04/R04_MATRIX/cases/semantics-success-receipt-dispatched.json
8337cc9f0c6c3a4eeb0b4beb6ff1d93acd40878d92c9f16c4649942469017888  ??  artifacts/rust-tauri/R04/RR1-G05-E01/verify-R04/R04_MATRIX/cases/semantics-unknown-receipt-honest.json
cb89e56a59ac812a63576832232489b328ac7abf8041df762e7b1af1e2caa95d  ??  artifacts/rust-tauri/R04/RR1-G05-E01/verify-R04/R04_MATRIX/cases/sup01-ask-subagent-write-refused.json
1b21930f6737d6935a82328d4afb7b4fd7b439c107b48d01b29e4cdfa7399015  ??  artifacts/rust-tauri/R04/RR1-G05-E01/verify-R04/R04_MATRIX/cases/terminal-close-stops-terminal.json
59095540a473b474ab918f20eb08986f6bbb6cbfd08c49b9810963ae37407de5  ??  artifacts/rust-tauri/R04/RR1-G05-E01/verify-R04/R04_MATRIX/cases/terminal-snapshot-current-transcript.json
004a41eae978391bad56ebe5c3e6d2ced1a2c02eda01a37f79abc8867cb5a063  ??  artifacts/rust-tauri/R04/RR1-G05-E01/verify-R04/R04_MATRIX/cases/terminal-tail-cursor-continuation.json
16870fec4c31cd9e67e56d3328c74d20f9213a2e96113c28be3d7f7fe0d28979  ??  artifacts/rust-tauri/R04/RR1-G05-E01/verify-R04/R04_MATRIX/cases/tool-edit-conflict-preserves-user-version.json
bb810a38ce8bfbcafc0d64e1fc2831a08e952dfdc4a057fd99166ef589df1032  ??  artifacts/rust-tauri/R04/RR1-G05-E01/verify-R04/R04_MATRIX/cases/tool-edit-real-chain.json
bec2c6d085918085fb7eb01f8ec54ea53681b68aa489b59bc0a8e9b272c5c02e  ??  artifacts/rust-tauri/R04/RR1-G05-E01/verify-R04/R04_MATRIX/cases/tool-exec-cancel-cleanup.json
c0341bc7ba746aaa51754e5650264b1d7d55e93d55ea2a03df67769834825bcc  ??  artifacts/rust-tauri/R04/RR1-G05-E01/verify-R04/R04_MATRIX/cases/tool-exec-command-real-chain.json
e990fcd2da49cb923f667ea1714cfea3f69c8f3bd0002416761b93ab35d87ec3  ??  artifacts/rust-tauri/R04/RR1-G05-E01/verify-R04/R04_MATRIX/cases/tool-read-real-chain.json
ea288f832ccf584b20e6d0ef80d0116568fd2c989aff55d985adce98266f5f62  ??  artifacts/rust-tauri/R04/RR1-G05-E01/verify-R04/R04_MATRIX/cases/tool-write-real-chain.json
52e2d9bbf2b9890f5b4d03bf7c27cfb6c82322790e254fc813b47b7f093d939f  ??  artifacts/rust-tauri/R04/RR1-G05-E01/verify-R04/R04_MATRIX/cases/tool-write-stdin-continuation.json
83f514b83ad20e51f11205b345ebcce85d4423a69379cb2a9804c8ceaf07a027  ??  artifacts/rust-tauri/R04/RR1-G05-E01/verify-R04/R04_MATRIX/cases/tool-write-stdin-foreign-writes.json
c471fa08013c67ab99fb67a5e4e430f83cfc349758cdc601fb53e35b1ee28397  ??  artifacts/rust-tauri/R04/RR1-G05-E01/verify-R04/R04_MATRIX/leaf-cases.json
1dbc5972065a848f6d2d8456df0891660c2c695ca72f24c3d4bd7fde395b462e  ??  artifacts/rust-tauri/R04/RR1-G05-E01/verify-R04/R04_MATRIX/matrix-counts.json
4d427e411d4094175bda8b798c0114af4830967a0acf48fd27ee7f9e11c1fd46  ??  artifacts/rust-tauri/R04/RR1-G05-E01/verify-R04/R04_MATRIX/summary.txt
03e75607ce89dd2e535b6cf22efaed7cf04a57924ed973dec1a260cb30c15557  ??  artifacts/rust-tauri/R04/RR1-G05-E01/verify-R04/R04_RR1_REPAIR/cases.jsonl
b4fd3ba1d5faec40aabb94b266bc3484540894de3ccac3756469a6737878300a  ??  artifacts/rust-tauri/R04/RR1-G05-E01/verify-R04/R04_RR1_REPAIR/cid-table.txt
e3b0c44298fc1c149afbf4c8996fb92427ae41e4649b934ca495991b7852b855  ??  artifacts/rust-tauri/R04/RR1-G05-E01/verify-R04/R04_RR1_REPAIR/gaps.txt
ba844bee5f873a8bb6499613c3ac20e7d0807fd4d848e52c3021047ed6b60bd7  ??  artifacts/rust-tauri/R04/RR1-G05-E01/verify-R04/R04_RR1_REPAIR/pin-table.txt
e3a88bae43771884e0e5533f962b936823b53d97a6a31a19b8bbdf8fd6ea8ad8  ??  artifacts/rust-tauri/R04/RR1-G05-E01/verify-R04/R04_RR1_REPAIR/rr1-cases.json
a5320ab81cc9b04ac125140a9bffca4f8fd222c774b5109b4c869beed40631bf  ??  artifacts/rust-tauri/R04/RR1-G05-E01/verify-R04/R04_RR1_REPAIR/summary.txt
34d4ced3e4fbfdddc1c36e0017249f411f18315c466c40df8de035e3a9f66dba  ??  artifacts/rust-tauri/R04/RR1-G05-E01/verify-R04/candidate-source-after.json
34d4ced3e4fbfdddc1c36e0017249f411f18315c466c40df8de035e3a9f66dba  ??  artifacts/rust-tauri/R04/RR1-G05-E01/verify-R04/candidate-source-before.json
1c456e03b568c6496b4e164bbfa995e497d0ff2750830b9aa98c3d05608e1d98  ??  artifacts/rust-tauri/R04/RR1-G05-E01/verify-R04/verify-stage-result.json
c45aa969aa3f4385c1eb41b615e31a04114ca0c7973be726dc051277a987049d   M  docs/rust-tauri/R04/R04_TEST_MAP.json
bd33b441c06603494c171b97b4f2dcea10babced00133e16300e1046ce57d40b   M  rust/crates/xtask/src/stage_map.rs
35888cd868f067f8f87c15a9410217b30040db29866e7e439194cf5e716cae86   M  rust/crates/xtask/src/stage_maps/R04.json
5c59920b05ac38f51a625f7ddad541858948f198c4ea379d81c96118e9ee06e4  ??  scripts/rust-tauri/r04_rr1_g05_negative_tests.sh
264b19b6dd1582affa06407855c73e939e9fab378982e56a10cdd1b04aa8bc6f  ??  scripts/rust-tauri/r04_rr1_g05_repair_suites.sh
455788433aa7e05527e41a9cc9eebc51c569cdb0c508e159d617abe6959efb11   M  scripts/rust-tauri/r04_t08_gate_negative_tests.sh
622600d00be67b03b1993611b621a2412325bfde44735df66307739ce6dcd745   M  scripts/rust-tauri/r04_t08_generate_stage_map.py
