# binding-exclusion: artifacts/rust-tauri/R03/STAGE-REPAIR-G01-F03/a16-retry-2/A16/legacy-entry/** — this gate's own run-time evidence output subtree (runner output, never candidate source); applied symmetrically to BOTH the main-repo binding and the candidate-copy binding (E0 mirror compare)
fa597d34360f91ea60a51bbd129ed71db252ce619e84eea39010e8916e9197e9  ??  artifacts/rust-tauri/R03/STAGE-REPAIR-G01-F01/a07-directed/A07_LIVE_FAULT/case.json
f2e373dab444d4eac5276adcaf4e1180e7661425d298621a91e8fe0117243006  ??  artifacts/rust-tauri/R03/STAGE-REPAIR-G01-F01/a07-directed/A07_LIVE_FAULT/checked.json
25eecba68a1c5c636771e963118e10995eade25f25c45982e604007e178e96bf  ??  artifacts/rust-tauri/R03/STAGE-REPAIR-G01-F01/a14-directed/A14/slow-subscriber/detach-lines.txt
60fc59ad82f83fe4106117922ad0566dcffa05f104ef7c3fad77bb57aefb8f0e  ??  artifacts/rust-tauri/R03/STAGE-REPAIR-G01-F01/a14-directed/A14/slow-subscriber/rss-samples.csv
60380658c0e2ac2fc5d19258a115f1b101ec4124c8c35073c4cecb65db849768  ??  artifacts/rust-tauri/R03/STAGE-REPAIR-G01-F01/a14-directed/A14/slow-subscriber/service.err
606d789b56ee76197d0b4c5f25a594928b12834f4200b2a178f25c492fbf813a  ??  artifacts/rust-tauri/R03/STAGE-REPAIR-G01-F01/a14-directed/A14/slow-subscriber/service.out
15f65053b1d55f6be6b9c68e9e3c0157d88abab084b85e0816590522fd84ba4a  ??  artifacts/rust-tauri/R03/STAGE-REPAIR-G01-F01/a14-directed/A14/slow-subscriber/storm-results.json
c67805c8915550076c6d7461e34339bc8788305418352f992849fb9e07e3d6d7  ??  artifacts/rust-tauri/R03/STAGE-REPAIR-G01-F01/a14-directed/A14/slow-subscriber/summary.txt
e3b0c44298fc1c149afbf4c8996fb92427ae41e4649b934ca495991b7852b855  ??  artifacts/rust-tauri/R03/STAGE-REPAIR-G01-F01/verify-stage-r02/A01/a01-cargo-metadata.err
c2410654b2aa3ad946c1d5be683bd7dbac88c940824bcda09c4a1e2df444bb78  ??  artifacts/rust-tauri/R03/STAGE-REPAIR-G01-F01/verify-stage-r02/A01/a01-cargo-metadata.json
e3b0c44298fc1c149afbf4c8996fb92427ae41e4649b934ca495991b7852b855  ??  artifacts/rust-tauri/R03/STAGE-REPAIR-G01-F01/verify-stage-r02/A01/a01-child-snapshot.tsv
f7fcacea611f836fcfee896f96b921cb6f11f87ef330adf7f40d820cb361ac1c  ??  artifacts/rust-tauri/R03/STAGE-REPAIR-G01-F01/verify-stage-r02/A01/a01-health-body.json
5169148b6bc0e84fadb26c4a5e4f4944be8ce2f7046b9866ce7f368e7536906a  ??  artifacts/rust-tauri/R03/STAGE-REPAIR-G01-F01/verify-stage-r02/A01/a01-invalid-bind-homes-after.txt
5169148b6bc0e84fadb26c4a5e4f4944be8ce2f7046b9866ce7f368e7536906a  ??  artifacts/rust-tauri/R03/STAGE-REPAIR-G01-F01/verify-stage-r02/A01/a01-invalid-bind-homes-before.txt
6c88f1bf243b09c3f5c0207654b095224ce3608f74e78b992b2a648ff6ad119b  ??  artifacts/rust-tauri/R03/STAGE-REPAIR-G01-F01/verify-stage-r02/A01/a01-leaf-cases.json
6bb74bb3246f6eeec622e24fbcdee216a677c7e58660daf0108146e46c5b6df8  ??  artifacts/rust-tauri/R03/STAGE-REPAIR-G01-F01/verify-stage-r02/A01/a01-newer-config-data-fallback-after.txt
6bb74bb3246f6eeec622e24fbcdee216a677c7e58660daf0108146e46c5b6df8  ??  artifacts/rust-tauri/R03/STAGE-REPAIR-G01-F01/verify-stage-r02/A01/a01-newer-config-data-fallback-before.txt
cadc2d8bc22327639afcdd1e77ce3920ec66c9ed533f7c1124beb77d13d0937b  ??  artifacts/rust-tauri/R03/STAGE-REPAIR-G01-F01/verify-stage-r02/A01/a01-newer-config-data-homes-after.txt
669ba2ebc3feadbbcfaf85fca530ee8464492a089e4ec8118730392c3d1666ee  ??  artifacts/rust-tauri/R03/STAGE-REPAIR-G01-F01/verify-stage-r02/A01/a01-newer-config-data-homes-before.txt
d489b5e46b61c78f5f6b4135b3e6f720b1a05d9539fab1b8cf1382f1b7087ac1  ??  artifacts/rust-tauri/R03/STAGE-REPAIR-G01-F01/verify-stage-r02/A01/a01-newer-config-data-original-after.sha256
d489b5e46b61c78f5f6b4135b3e6f720b1a05d9539fab1b8cf1382f1b7087ac1  ??  artifacts/rust-tauri/R03/STAGE-REPAIR-G01-F01/verify-stage-r02/A01/a01-newer-config-data-original-before.sha256
6bb74bb3246f6eeec622e24fbcdee216a677c7e58660daf0108146e46c5b6df8  ??  artifacts/rust-tauri/R03/STAGE-REPAIR-G01-F01/verify-stage-r02/A01/a01-newer-data-fallback-after.txt
6bb74bb3246f6eeec622e24fbcdee216a677c7e58660daf0108146e46c5b6df8  ??  artifacts/rust-tauri/R03/STAGE-REPAIR-G01-F01/verify-stage-r02/A01/a01-newer-data-fallback-before.txt
f5b6918073149de198ed352a929fa2459c4553c247f6247427198ed9d7d4e1b9  ??  artifacts/rust-tauri/R03/STAGE-REPAIR-G01-F01/verify-stage-r02/A01/a01-newer-data-homes-after.txt
aa2205b650bc23cf39345def997174c5eb78895b5c7b1c0005eb274fa39e2f21  ??  artifacts/rust-tauri/R03/STAGE-REPAIR-G01-F01/verify-stage-r02/A01/a01-newer-data-homes-before.txt
098dc58234a6775732766818d5e28e65f7f58b281930da764d73795a111eaa8d  ??  artifacts/rust-tauri/R03/STAGE-REPAIR-G01-F01/verify-stage-r02/A01/a01-newer-data-original-after.sha256
098dc58234a6775732766818d5e28e65f7f58b281930da764d73795a111eaa8d  ??  artifacts/rust-tauri/R03/STAGE-REPAIR-G01-F01/verify-stage-r02/A01/a01-newer-data-original-before.sha256
6bb74bb3246f6eeec622e24fbcdee216a677c7e58660daf0108146e46c5b6df8  ??  artifacts/rust-tauri/R03/STAGE-REPAIR-G01-F01/verify-stage-r02/A01/a01-newer-env-data-fallback-after.txt
6bb74bb3246f6eeec622e24fbcdee216a677c7e58660daf0108146e46c5b6df8  ??  artifacts/rust-tauri/R03/STAGE-REPAIR-G01-F01/verify-stage-r02/A01/a01-newer-env-data-fallback-before.txt
cff999cc7301e07c1fde094901e4bfc9cc367805968eb1d9783abd4aba4502c6  ??  artifacts/rust-tauri/R03/STAGE-REPAIR-G01-F01/verify-stage-r02/A01/a01-newer-env-data-homes-after.txt
7a3b01cf7a837cc0917326758ce2b93d1a9fd5acc1427c9e3cfc5dd79d61f52c  ??  artifacts/rust-tauri/R03/STAGE-REPAIR-G01-F01/verify-stage-r02/A01/a01-newer-env-data-homes-before.txt
30dfb32631f85d1b0dea2b2239561540d0a3313e5fd14351df05cff803610a4c  ??  artifacts/rust-tauri/R03/STAGE-REPAIR-G01-F01/verify-stage-r02/A01/a01-newer-env-data-original-after.sha256
30dfb32631f85d1b0dea2b2239561540d0a3313e5fd14351df05cff803610a4c  ??  artifacts/rust-tauri/R03/STAGE-REPAIR-G01-F01/verify-stage-r02/A01/a01-newer-env-data-original-before.sha256
3ce1005240a8ebfb25acd73c8ec01b4df742a35b81e2a622a6c65bf368865033  ??  artifacts/rust-tauri/R03/STAGE-REPAIR-G01-F01/verify-stage-r02/A01/leaf-cases.ndjson
ac33786329c1d52375460615608ba4a2f0938878c5a866c1ceea00809a92a154  ??  artifacts/rust-tauri/R03/STAGE-REPAIR-G01-F01/verify-stage-r02/A03/a03-forged-record.json
f7fcacea611f836fcfee896f96b921cb6f11f87ef330adf7f40d820cb361ac1c  ??  artifacts/rust-tauri/R03/STAGE-REPAIR-G01-F01/verify-stage-r02/A03/a03-inst1-health.json
9887f111d8f8fd46bca61aafc3ff7ad09e88ee8f9918db48aab55999f0dd02c8  ??  artifacts/rust-tauri/R03/STAGE-REPAIR-G01-F01/verify-stage-r02/A03/a03-inst2-marker.txt
45c28d79ab31e4c9f15bd589665199dcf3614a332e5c523b8326025fb5e8a356  ??  artifacts/rust-tauri/R03/STAGE-REPAIR-G01-F01/verify-stage-r02/A03/a03-summary.txt
6ee1c6a127a61ef0558d6c76d73dacd7b4c8f8268b59c73c666abeae04eb36ef  ??  artifacts/rust-tauri/R03/STAGE-REPAIR-G01-F01/verify-stage-r02/A04/a04-summary.txt
c3d080c5672731782f9a46e1b1cb9ec8d6537413a12759300eb2e8e6beb1db5e  ??  artifacts/rust-tauri/R03/STAGE-REPAIR-G01-F01/verify-stage-r02/A05_A06/.last-body
1319bbe558a1a9043433da92529bc8c24d2b6fbcabc962836a938e946e273399  ??  artifacts/rust-tauri/R03/STAGE-REPAIR-G01-F01/verify-stage-r02/A05_A06/body-limit.txt
c0c19dff508a998f0c6e1fbf2643c2d78647cd6495bc53c57d2566877a3abc0b  ??  artifacts/rust-tauri/R03/STAGE-REPAIR-G01-F01/verify-stage-r02/A05_A06/cli-sessions-limit-case.json
d1d942bd83c2b12f16470595f913def30192f53d211c1ad21d05dfe4fbffd11c  ??  artifacts/rust-tauri/R03/STAGE-REPAIR-G01-F01/verify-stage-r02/A05_A06/creds-after-authz.json
3c110ed1c8cde55d3119760f42a5464040e5161f2b7132b1558c7a05cfd9a91a  ??  artifacts/rust-tauri/R03/STAGE-REPAIR-G01-F01/verify-stage-r02/A05_A06/creds-before-authz.json
7428f009f1c1454b6d7b9dbba3407bf0395078aea412229db253f4b5cd8bdb9b  ??  artifacts/rust-tauri/R03/STAGE-REPAIR-G01-F01/verify-stage-r02/A05_A06/devices-after-authz.json
d0652db32f3c003985fbc6d927490ebeb870deb49c1f66f13079c28627b2ac97  ??  artifacts/rust-tauri/R03/STAGE-REPAIR-G01-F01/verify-stage-r02/A05_A06/devices-before-authz.json
397a93c9f74c9376ec9ad3d9d444fec90ace47ab7c255b750b72ebc287ba4787  ??  artifacts/rust-tauri/R03/STAGE-REPAIR-G01-F01/verify-stage-r02/A05_A06/leaf-cases.json
9fcda9d48d6526b6882ea3c81b769f2f4e937237a7ef0236d2c42dce83f2501c  ??  artifacts/rust-tauri/R03/STAGE-REPAIR-G01-F01/verify-stage-r02/A05_A06/leaf-cases.ndjson
ea444ddaca246c517384e4ba680fed103471f4850b3a1361d4d8f07621dd2370  ??  artifacts/rust-tauri/R03/STAGE-REPAIR-G01-F01/verify-stage-r02/A05_A06/me-denied-after.sha256
ea444ddaca246c517384e4ba680fed103471f4850b3a1361d4d8f07621dd2370  ??  artifacts/rust-tauri/R03/STAGE-REPAIR-G01-F01/verify-stage-r02/A05_A06/me-denied-before.sha256
9901fa4939e8c0683cc392787126273c429530490fdebe18e68d1ad0c6fc2459  ??  artifacts/rust-tauri/R03/STAGE-REPAIR-G01-F01/verify-stage-r02/A05_A06/sessions-list-matrix.json
2a554234247bca8f01edd22ec54ca04641579a6244748e9d116737432baaee67  ??  artifacts/rust-tauri/R03/STAGE-REPAIR-G01-F01/verify-stage-r02/A05_A06/state-after-authn.txt
fe85cbada5c1081d227660a8a243abf78c347bf7d1c942e9f7766f6920d3121c  ??  artifacts/rust-tauri/R03/STAGE-REPAIR-G01-F01/verify-stage-r02/A05_A06/state-after.txt
2a554234247bca8f01edd22ec54ca04641579a6244748e9d116737432baaee67  ??  artifacts/rust-tauri/R03/STAGE-REPAIR-G01-F01/verify-stage-r02/A05_A06/state-before-authz.txt
2a554234247bca8f01edd22ec54ca04641579a6244748e9d116737432baaee67  ??  artifacts/rust-tauri/R03/STAGE-REPAIR-G01-F01/verify-stage-r02/A05_A06/state-before.txt
9250aa1218d643d2d33528b9f858030790d2f35dc617fbb7f8ee10de4dbb27be  ??  artifacts/rust-tauri/R03/STAGE-REPAIR-G01-F01/verify-stage-r02/A05_A06/summary.txt
9a7a4d36adb8f6c71e1eb9a3f8ad7fbcb7780d843e975e1a3b49bb2114ea0f2a  ??  artifacts/rust-tauri/R03/STAGE-REPAIR-G01-F01/verify-stage-r02/A05_A06/ws-matrix.json
051770dfa6bd389b7b984b3125afeddc6617ef52414aacb13f9e551e9d3c094b  ??  artifacts/rust-tauri/R03/STAGE-REPAIR-G01-F01/verify-stage-r02/A07_A08/last-db-hashes.txt
e613a984930f45c73fa5aa79af6955b0ac56faa30868e1da85d84a96a180eee3  ??  artifacts/rust-tauri/R03/STAGE-REPAIR-G01-F01/verify-stage-r02/A07_A08/s1-counts-after-stop.json
6e11d3157e36f2f24de72943cc5df97aec8475c1e95a29c6fed9cc451e41da10  ??  artifacts/rust-tauri/R03/STAGE-REPAIR-G01-F01/verify-stage-r02/A07_A08/s2-counts-after-crash.json
489907211c51c4d1d0cb7ee175c392a4b358d66cdea59fa6f3a7a8c83667d961  ??  artifacts/rust-tauri/R03/STAGE-REPAIR-G01-F01/verify-stage-r02/A07_A08/s2-runs-dump.jsonl
19357089240bd6764876ba749552d8bf4c8fcd7c13f6092aad58a32f7416d8d9  ??  artifacts/rust-tauri/R03/STAGE-REPAIR-G01-F01/verify-stage-r02/A07_A08/s3-fault.err
e3b0c44298fc1c149afbf4c8996fb92427ae41e4649b934ca495991b7852b855  ??  artifacts/rust-tauri/R03/STAGE-REPAIR-G01-F01/verify-stage-r02/A07_A08/s3-fault.out
1c934ee1e56d4fefd5b0fc0afdc1200b9f017970d31d92f7bfe11caf3aabc908  ??  artifacts/rust-tauri/R03/STAGE-REPAIR-G01-F01/verify-stage-r02/A07_A08/s4-hashes-after.txt
1c934ee1e56d4fefd5b0fc0afdc1200b9f017970d31d92f7bfe11caf3aabc908  ??  artifacts/rust-tauri/R03/STAGE-REPAIR-G01-F01/verify-stage-r02/A07_A08/s4-hashes-before.txt
695872b2b69a3bf3ad16114e226027ff0f0111aefc918ab8858e8dcd46f521ac  ??  artifacts/rust-tauri/R03/STAGE-REPAIR-G01-F01/verify-stage-r02/A07_A08/s4-migrations-round1.json
695872b2b69a3bf3ad16114e226027ff0f0111aefc918ab8858e8dcd46f521ac  ??  artifacts/rust-tauri/R03/STAGE-REPAIR-G01-F01/verify-stage-r02/A07_A08/s4-migrations-round2.json
695872b2b69a3bf3ad16114e226027ff0f0111aefc918ab8858e8dcd46f521ac  ??  artifacts/rust-tauri/R03/STAGE-REPAIR-G01-F01/verify-stage-r02/A07_A08/s4-migrations-round3.json
dc3388ee055ac25ae4045db93b1a6a1f438c17ea01a9d954e48fcd05ed73f569  ??  artifacts/rust-tauri/R03/STAGE-REPAIR-G01-F01/verify-stage-r02/A07_A08/service-s1.err
444074aad4fb9392e383171901a5ded9a78097dbe87d8fe38fabf3e5a47e4a95  ??  artifacts/rust-tauri/R03/STAGE-REPAIR-G01-F01/verify-stage-r02/A07_A08/service-s1.out
e68798deb6f029fa27e693174678a8639fab116721acaf31746354decf98613d  ??  artifacts/rust-tauri/R03/STAGE-REPAIR-G01-F01/verify-stage-r02/A07_A08/service-s1b.err
2f493450ab3875e31f17e06faa8cbe55b18e22f6d49b226f8a5c2deeaf82e491  ??  artifacts/rust-tauri/R03/STAGE-REPAIR-G01-F01/verify-stage-r02/A07_A08/service-s1b.out
f4dbb457d60fbdb4c0e68533d0b7cda3891b9b0cd8fced2d24b4d5ae2a03b081  ??  artifacts/rust-tauri/R03/STAGE-REPAIR-G01-F01/verify-stage-r02/A07_A08/service-s2.err
ea91d2bcdfdaeea037f9593563d56d439188012c79e6d97759756a6d535ca919  ??  artifacts/rust-tauri/R03/STAGE-REPAIR-G01-F01/verify-stage-r02/A07_A08/service-s2.out
57c1beb4fa8764e6753bbe837e793f367efde19a3da33c074499aef9fe1b7727  ??  artifacts/rust-tauri/R03/STAGE-REPAIR-G01-F01/verify-stage-r02/A07_A08/service-s2b.err
77ec1d2b188e637faad873b5cd4e1ff4305c4f43b964ece2d85bf6bbc721f41e  ??  artifacts/rust-tauri/R03/STAGE-REPAIR-G01-F01/verify-stage-r02/A07_A08/service-s2b.out
cc9a7770f682269c50b4a80052345fff873b01d69365d176144db52faa7b884a  ??  artifacts/rust-tauri/R03/STAGE-REPAIR-G01-F01/verify-stage-r02/A07_A08/service-s4-1.err
ede987ae1d1c52ecc6350f19a3872e015d46aab85b7db44fa6dd3b70deb89872  ??  artifacts/rust-tauri/R03/STAGE-REPAIR-G01-F01/verify-stage-r02/A07_A08/service-s4-1.out
848863320854f3c60fb5c7b4f30e2f7c0a816ae3436eb5c7cd39d6bc33c1d173  ??  artifacts/rust-tauri/R03/STAGE-REPAIR-G01-F01/verify-stage-r02/A07_A08/service-s4-2.err
8e4a565ddb9843ff665461dedf3f14c03ed230d572fc7897afd6220093b4dc44  ??  artifacts/rust-tauri/R03/STAGE-REPAIR-G01-F01/verify-stage-r02/A07_A08/service-s4-2.out
40d8e983b0d5f50313d01400cfef6a48b10e660facb678833a4c828888745570  ??  artifacts/rust-tauri/R03/STAGE-REPAIR-G01-F01/verify-stage-r02/A07_A08/service-s4-3.err
227cefcda003945633958e5b4fd326759bec31fd095578b223eef98c8dc578b9  ??  artifacts/rust-tauri/R03/STAGE-REPAIR-G01-F01/verify-stage-r02/A07_A08/service-s4-3.out
3a31ab53865ab919f48175db4a329c5fdde90c7fc16b4d1c199a0f5ddfbcadea  ??  artifacts/rust-tauri/R03/STAGE-REPAIR-G01-F01/verify-stage-r02/A07_A08/service.addr
1a9db8539d87a032b778dd3b92cf9721767c147e1d969a83dea1df7fc3dfe748  ??  artifacts/rust-tauri/R03/STAGE-REPAIR-G01-F01/verify-stage-r02/A07_A08/service.pid
ef0c69072110e13bcf354619c10a98d842e8e82779465f9daa468de30a268a6b  ??  artifacts/rust-tauri/R03/STAGE-REPAIR-G01-F01/verify-stage-r02/A07_A08/summary.txt
f5b8e8b3ddd87817744dae0bbd605ba2362febd9df434b701e0ca2a379dd3d9d  ??  artifacts/rust-tauri/R03/STAGE-REPAIR-G01-F01/verify-stage-r02/A07_LIVE_FAULT/case.json
f2e373dab444d4eac5276adcaf4e1180e7661425d298621a91e8fe0117243006  ??  artifacts/rust-tauri/R03/STAGE-REPAIR-G01-F01/verify-stage-r02/A07_LIVE_FAULT/checked.json
bd9bd4d748ebfb06a7257d579a23e4b9b1844c8b040c64b7b6a4bf9816fe5d75  ??  artifacts/rust-tauri/R03/STAGE-REPAIR-G01-F01/verify-stage-r02/A09_A10/a09-merged-view.json
1f34acb0853aa6f1e5da047ddeb63b1e1dc6769301f9036151ca68c7a2264153  ??  artifacts/rust-tauri/R03/STAGE-REPAIR-G01-F01/verify-stage-r02/A09_A10/a10-rebuild-diff.json
6c40be7d1e53563d3bfa839e727f80b600a76986d6d18fa63ea9a827a0550a2d  ??  artifacts/rust-tauri/R03/STAGE-REPAIR-G01-F01/verify-stage-r02/A09_A10/key-events-dump.json
d05f7743e5794751c8a6c7e6c4a717f29f3a90a9ec03eee517948f784986d4ec  ??  artifacts/rust-tauri/R03/STAGE-REPAIR-G01-F01/verify-stage-r02/A09_A10/matrix.json
1d1c7533b2fbf895576902dc3e1d4181b19de44a75a804778d2599ef9c55b587  ??  artifacts/rust-tauri/R03/STAGE-REPAIR-G01-F01/verify-stage-r02/A09_A10/probe-matrix.jsonl
6dd3566774c62ff2c57f4bf98c65460e91b5f0e44d647fa6b55ee6842b1c2f80  ??  artifacts/rust-tauri/R03/STAGE-REPAIR-G01-F01/verify-stage-r02/A09_A10/service.err
b575bf315490aacad7b02b6d168866d4fd7a124b038bfdcefe250141712f0f2f  ??  artifacts/rust-tauri/R03/STAGE-REPAIR-G01-F01/verify-stage-r02/A09_A10/service.out
c28638c3583222841c522907f03c889dc5f938cedcb3999a56c4a283eb23cc16  ??  artifacts/rust-tauri/R03/STAGE-REPAIR-G01-F01/verify-stage-r02/A09_A10/summary.txt
dd63f79ce1a39fdef735dbb9eb292c3f8a45db77c2513d3cc7379e5dbe13749e  ??  artifacts/rust-tauri/R03/STAGE-REPAIR-G01-F01/verify-stage-r02/A11/backup-restore/s1-backup-dir-listing.txt
18bb8d39c7c5b7af47f18a5afab1c829fb926ad252db387cd8840fb37587d1fa  ??  artifacts/rust-tauri/R03/STAGE-REPAIR-G01-F01/verify-stage-r02/A11/backup-restore/s1-backup-outcome.json
e3b0c44298fc1c149afbf4c8996fb92427ae41e4649b934ca495991b7852b855  ??  artifacts/rust-tauri/R03/STAGE-REPAIR-G01-F01/verify-stage-r02/A11/backup-restore/s1-backup.err
4f95072d14adcc2d68298bd3797de5d7b43b80fd343f7328cb179e0e45eb282c  ??  artifacts/rust-tauri/R03/STAGE-REPAIR-G01-F01/verify-stage-r02/A11/backup-restore/s1-restore-outcome.json
e3b0c44298fc1c149afbf4c8996fb92427ae41e4649b934ca495991b7852b855  ??  artifacts/rust-tauri/R03/STAGE-REPAIR-G01-F01/verify-stage-r02/A11/backup-restore/s1-restore.err
6b35fe72fff1af098f89902ba7036235359c312342efa6b6f7dd0ab2ddab2627  ??  artifacts/rust-tauri/R03/STAGE-REPAIR-G01-F01/verify-stage-r02/A11/backup-restore/s1-restored-dump.jsonl
ce24c95225a33ec5e912b5c0780bef9c4cdc68aa0029a39adca7be98f84f21b4  ??  artifacts/rust-tauri/R03/STAGE-REPAIR-G01-F01/verify-stage-r02/A11/backup-restore/s1-restored-hash.txt
6b35fe72fff1af098f89902ba7036235359c312342efa6b6f7dd0ab2ddab2627  ??  artifacts/rust-tauri/R03/STAGE-REPAIR-G01-F01/verify-stage-r02/A11/backup-restore/s1-source-dump.jsonl
35646e5ad254d34e4a254458d973d7683988e59d50a0709917eb8574fe48e71f  ??  artifacts/rust-tauri/R03/STAGE-REPAIR-G01-F01/verify-stage-r02/A11/backup-restore/s1-source-hash.txt
951e1f2cedf4a978898a4f9e620777561b8381ece9faf4223f8594a201f47f74  ??  artifacts/rust-tauri/R03/STAGE-REPAIR-G01-F01/verify-stage-r02/A11/backup-restore/s1-wal-size.txt
e3b0c44298fc1c149afbf4c8996fb92427ae41e4649b934ca495991b7852b855  ??  artifacts/rust-tauri/R03/STAGE-REPAIR-G01-F01/verify-stage-r02/A11/backup-restore/s3-backup-out.json
b8adb728dce0e01279eab525b71d3018d095e9c2c1dac65d171f5a4bb4e99bba  ??  artifacts/rust-tauri/R03/STAGE-REPAIR-G01-F01/verify-stage-r02/A11/backup-restore/s3-backup.err
9b33c4d50a9f7a0434980244454a85ce4288c7323241cf9ff22c50e6b8f8dd85  ??  artifacts/rust-tauri/R03/STAGE-REPAIR-G01-F01/verify-stage-r02/A11/backup-restore/s4-ws-probe.json
a4c3ed04a95a3da14a9d235c83d868bed7c0f45cf7f3faa751ee8f50598d2211  ??  artifacts/rust-tauri/R03/STAGE-REPAIR-G01-F01/verify-stage-r02/A11/backup-restore/s4-ws-probe.json.probe-done
d5a0ed83f3f17318bd8efdb70f3ca70c061ce3cf09fa21fae25aaa6c9dd2a9b2  ??  artifacts/rust-tauri/R03/STAGE-REPAIR-G01-F01/verify-stage-r02/A11/backup-restore/service-s1.addr
2d19715d3679143c0baceac69ef15ec5d4bbc502663d347e63d174849cdbc901  ??  artifacts/rust-tauri/R03/STAGE-REPAIR-G01-F01/verify-stage-r02/A11/backup-restore/service-s1.err
f6f1be8dbc67fe6c137a6e07f3a85dacb05f522a22edf5f8034658e8a161b8ac  ??  artifacts/rust-tauri/R03/STAGE-REPAIR-G01-F01/verify-stage-r02/A11/backup-restore/service-s1.out
519d6d182c923a9b6fbb916167279ae2b32c6c47f9e4e3584023575b09a75711  ??  artifacts/rust-tauri/R03/STAGE-REPAIR-G01-F01/verify-stage-r02/A11/backup-restore/service-s2.addr
0489b6e5ca363712bfcfbfa29077ce69ff855dfdfc6802068d688f7c9b09e44f  ??  artifacts/rust-tauri/R03/STAGE-REPAIR-G01-F01/verify-stage-r02/A11/backup-restore/service-s2.err
b81626d184c5ff97e8f8b3e47f44b4659dc15c2cfe8560e6d44b0001c2917ff0  ??  artifacts/rust-tauri/R03/STAGE-REPAIR-G01-F01/verify-stage-r02/A11/backup-restore/service-s2.out
7e0c3775d17c650a808e81ebb2fe9636efb4e85cccf099f1892b72e6b9742f59  ??  artifacts/rust-tauri/R03/STAGE-REPAIR-G01-F01/verify-stage-r02/A11/backup-restore/service-s4.addr
c00fb5bc178b036b92058c6b4bea9734438a088dda4de4b5fa3c2b35c7b14694  ??  artifacts/rust-tauri/R03/STAGE-REPAIR-G01-F01/verify-stage-r02/A11/backup-restore/service-s4.err
941f6ad2ec7bd454dbc1cb688b66c193828caf755f754a2d3bfe590599579482  ??  artifacts/rust-tauri/R03/STAGE-REPAIR-G01-F01/verify-stage-r02/A11/backup-restore/service-s4.out
94c685d86a48bb755952d39210d9ceb266a595a27ffcae565ee471dcedb394d7  ??  artifacts/rust-tauri/R03/STAGE-REPAIR-G01-F01/verify-stage-r02/A11/backup-restore/service.pid
668ed90314dae2acbb6362721a735ad323dcedd827e5ccc35d22848e6361a2f5  ??  artifacts/rust-tauri/R03/STAGE-REPAIR-G01-F01/verify-stage-r02/A11/backup-restore/summary.txt
5b1d240b31c608c60a55902767b50a1a13a0fbd3e62ec783c61ae780bc953c58  ??  artifacts/rust-tauri/R03/STAGE-REPAIR-G01-F01/verify-stage-r02/A12/recovery-drill/coexist-after.txt
5b1d240b31c608c60a55902767b50a1a13a0fbd3e62ec783c61ae780bc953c58  ??  artifacts/rust-tauri/R03/STAGE-REPAIR-G01-F01/verify-stage-r02/A12/recovery-drill/coexist-before.txt
19d8b3b6104b679747ac00bab118b0184e03c20218907acce74ddc1a69069c96  ??  artifacts/rust-tauri/R03/STAGE-REPAIR-G01-F01/verify-stage-r02/A12/recovery-drill/own-created-homes.txt
79be6d64aa93bf457e5b337dfa16a187af549e49a08c7760b4ddb0f61bedf8ac  ??  artifacts/rust-tauri/R03/STAGE-REPAIR-G01-F01/verify-stage-r02/A12/recovery-drill/summary.txt
7b2f675d535131e9ee3b95eb996b520af42000b1efea572dc62eff72fd758a84  ??  artifacts/rust-tauri/R03/STAGE-REPAIR-G01-F01/verify-stage-r02/A12/recovery-drill/v1-hashes-after.txt
7b2f675d535131e9ee3b95eb996b520af42000b1efea572dc62eff72fd758a84  ??  artifacts/rust-tauri/R03/STAGE-REPAIR-G01-F01/verify-stage-r02/A12/recovery-drill/v1-hashes-before.txt
408651634dc5571253d97f01297d32f2f4a96a0a707d9655e2556b84075a80e9  ??  artifacts/rust-tauri/R03/STAGE-REPAIR-G01-F01/verify-stage-r02/A12/recovery-drill/v1.err
e3b0c44298fc1c149afbf4c8996fb92427ae41e4649b934ca495991b7852b855  ??  artifacts/rust-tauri/R03/STAGE-REPAIR-G01-F01/verify-stage-r02/A12/recovery-drill/v1.out
fcb269f1fc43e20619871bab0f6e464d30773313e55b17f725fc62249ab521be  ??  artifacts/rust-tauri/R03/STAGE-REPAIR-G01-F01/verify-stage-r02/A12/recovery-drill/v2-hashes-after.txt
fcb269f1fc43e20619871bab0f6e464d30773313e55b17f725fc62249ab521be  ??  artifacts/rust-tauri/R03/STAGE-REPAIR-G01-F01/verify-stage-r02/A12/recovery-drill/v2-hashes-before.txt
ead90c06e6f70d65f104a334e3f289e06cc00d337009ef058e48d09ffdf08779  ??  artifacts/rust-tauri/R03/STAGE-REPAIR-G01-F01/verify-stage-r02/A12/recovery-drill/v2.err
e3b0c44298fc1c149afbf4c8996fb92427ae41e4649b934ca495991b7852b855  ??  artifacts/rust-tauri/R03/STAGE-REPAIR-G01-F01/verify-stage-r02/A12/recovery-drill/v2.out
a33ffd69acb495d9a221778bb2317e4cef00e4d752d794b9c1267890666ec43d  ??  artifacts/rust-tauri/R03/STAGE-REPAIR-G01-F01/verify-stage-r02/A12/recovery-drill/v3-hashes-after.txt
a33ffd69acb495d9a221778bb2317e4cef00e4d752d794b9c1267890666ec43d  ??  artifacts/rust-tauri/R03/STAGE-REPAIR-G01-F01/verify-stage-r02/A12/recovery-drill/v3-hashes-before.txt
e7aad5289fa891605b1357e13383a364c491815dc867c95a6c4a8471569bfc7d  ??  artifacts/rust-tauri/R03/STAGE-REPAIR-G01-F01/verify-stage-r02/A12/recovery-drill/v3.err
e3b0c44298fc1c149afbf4c8996fb92427ae41e4649b934ca495991b7852b855  ??  artifacts/rust-tauri/R03/STAGE-REPAIR-G01-F01/verify-stage-r02/A12/recovery-drill/v3.out
35ee317dc1ed54fcdbe1f28738948025beb19f73c7d1c2dafaadeccf77f0e890  ??  artifacts/rust-tauri/R03/STAGE-REPAIR-G01-F01/verify-stage-r02/A12/recovery-drill/v4.err
5c02950b9261fc11b1af9a9e078a7423b88ff6319fbd013d0ad3f46656029f54  ??  artifacts/rust-tauri/R03/STAGE-REPAIR-G01-F01/verify-stage-r02/A12/recovery-drill/v4.out
bc3161f34c1af6c204ef8c80b4baee9973a11d89cd040076813ae6ff4960e6fa  ??  artifacts/rust-tauri/R03/STAGE-REPAIR-G01-F01/verify-stage-r02/A12/recovery-drill/v5-hashes-after.txt
bc3161f34c1af6c204ef8c80b4baee9973a11d89cd040076813ae6ff4960e6fa  ??  artifacts/rust-tauri/R03/STAGE-REPAIR-G01-F01/verify-stage-r02/A12/recovery-drill/v5-hashes-before.txt
8a44a668fa2773b970aea20ef6d4f69af741125fe1799d1db5983e56d4157104  ??  artifacts/rust-tauri/R03/STAGE-REPAIR-G01-F01/verify-stage-r02/A12/recovery-drill/v5.err
e3b0c44298fc1c149afbf4c8996fb92427ae41e4649b934ca495991b7852b855  ??  artifacts/rust-tauri/R03/STAGE-REPAIR-G01-F01/verify-stage-r02/A12/recovery-drill/v5.out
5c9672576b150fa349a8570aefc8aacbad9b63708199bebf37d8f950dc9adb2b  ??  artifacts/rust-tauri/R03/STAGE-REPAIR-G01-F01/verify-stage-r02/A12/recovery-drill/v6-recovered-dump.jsonl
27badc983df1780b60c2b3fa9d3a19a00e46aac798451f0febdca52920faaddf  ??  artifacts/rust-tauri/R03/STAGE-REPAIR-G01-F01/verify-stage-r02/A12/recovery-drill/v6-seed-execute.txt
e0f969dd30d1e8c021ac94d1510341ba9678365f47ad3f98f6354048261ff130  ??  artifacts/rust-tauri/R03/STAGE-REPAIR-G01-F01/verify-stage-r02/A12/recovery-drill/v6-seed.err
b25c3a8bd8557fc64fb982b997a6f0ae4b18ebc7b9be28f1dee1c15ec8b73a26  ??  artifacts/rust-tauri/R03/STAGE-REPAIR-G01-F01/verify-stage-r02/A12/recovery-drill/v6-seed.out
960c334fbcde896750eb1209bce2b1812fd85203a66859a2fa87b8d01f152ff2  ??  artifacts/rust-tauri/R03/STAGE-REPAIR-G01-F01/verify-stage-r02/A12/recovery-drill/v6.err
14e13049d4ac2e25024837b35217e4db0e74cf10fab8a6c9254576c56738f530  ??  artifacts/rust-tauri/R03/STAGE-REPAIR-G01-F01/verify-stage-r02/A12/recovery-drill/v6.out
3080f01099fce275d4b7607bae8f05717771c4a7e05552f143666be0cd300f88  ??  artifacts/rust-tauri/R03/STAGE-REPAIR-G01-F01/verify-stage-r02/A12/recovery-drill/v7-hashes-after.txt
3080f01099fce275d4b7607bae8f05717771c4a7e05552f143666be0cd300f88  ??  artifacts/rust-tauri/R03/STAGE-REPAIR-G01-F01/verify-stage-r02/A12/recovery-drill/v7-hashes-before.txt
0681113d7e921af1ee786672dc75fea6b0f2ec5fbcb9d31133e17926f23479aa  ??  artifacts/rust-tauri/R03/STAGE-REPAIR-G01-F01/verify-stage-r02/A12/recovery-drill/v7-seed.err
0375bfe7764011c8c6416b5f03e4522816ff7719ef8572b9b678fc204a5af82a  ??  artifacts/rust-tauri/R03/STAGE-REPAIR-G01-F01/verify-stage-r02/A12/recovery-drill/v7-seed.out
7b4f494db4eb4a027dd6d9b6d85aa82952b2a42fa394f89a964dd2dd21a938c3  ??  artifacts/rust-tauri/R03/STAGE-REPAIR-G01-F01/verify-stage-r02/A12/recovery-drill/v7.err
e3b0c44298fc1c149afbf4c8996fb92427ae41e4649b934ca495991b7852b855  ??  artifacts/rust-tauri/R03/STAGE-REPAIR-G01-F01/verify-stage-r02/A12/recovery-drill/v7.out
b6419922ef1eb7ba58f39c95bed6e4389489b65cc3d1e4ff9af61c20b3bf9dfc  ??  artifacts/rust-tauri/R03/STAGE-REPAIR-G01-F01/verify-stage-r02/A12/recovery-drill/v8-observed.err
efb1baffd4ee47bdb87e1c80aa9a58879d373cd92eef885d68c30c6ef9ca48ac  ??  artifacts/rust-tauri/R03/STAGE-REPAIR-G01-F01/verify-stage-r02/A12/recovery-drill/v8-seed.err
26812b1a17a3b9b86ad7d9813450a6177ab5857c2943981b0d6f48e0a1df48d6  ??  artifacts/rust-tauri/R03/STAGE-REPAIR-G01-F01/verify-stage-r02/A12/recovery-drill/v8-seed.out
b6419922ef1eb7ba58f39c95bed6e4389489b65cc3d1e4ff9af61c20b3bf9dfc  ??  artifacts/rust-tauri/R03/STAGE-REPAIR-G01-F01/verify-stage-r02/A12/recovery-drill/v8.err
e22b33adeb4143da7c2dba5d32e5091fce5dc58a241acb19d5e9f9fa37c7cd2a  ??  artifacts/rust-tauri/R03/STAGE-REPAIR-G01-F01/verify-stage-r02/A12/recovery-drill/v8.out
5e2e730c2b53d7e09edab5ae88bb8659f2af92a751104b1828963d1c0c0dbb5c  ??  artifacts/rust-tauri/R03/STAGE-REPAIR-G01-F01/verify-stage-r02/A13/redaction-scan/inventory.txt
dce821afd2f8da1a146f7b6edf99936c1c823667984362bc1045ec678173a53e  ??  artifacts/rust-tauri/R03/STAGE-REPAIR-G01-F01/verify-stage-r02/A13/redaction-scan/p1-execute-ok.body
91c2250f398aac1f975e6f5b0323513285b0fcd472c730e9c385ce668d8f7d0a  ??  artifacts/rust-tauri/R03/STAGE-REPAIR-G01-F01/verify-stage-r02/A13/redaction-scan/p1-execute-ok.headers
4e38ffcd373cb9faac3bd1881d675776a089520fc94d443b306bced20e040e27  ??  artifacts/rust-tauri/R03/STAGE-REPAIR-G01-F01/verify-stage-r02/A13/redaction-scan/p1-execute-request.json
31c81e5e8e005455321c2856ef1b3a5d53768b03ccb42e6a329ebb1c9d7772b3  ??  artifacts/rust-tauri/R03/STAGE-REPAIR-G01-F01/verify-stage-r02/A13/redaction-scan/p1-issue-credential.body
b82c071db22266e6835c0c4f2e24e43fa6f3fba773631743cb5734a99897f4a0  ??  artifacts/rust-tauri/R03/STAGE-REPAIR-G01-F01/verify-stage-r02/A13/redaction-scan/p1-issue-credential.headers
e4f7d15ff214194f7c5c24e9a2d1c020776147eba88dd3ecea2e456a7c234da3  ??  artifacts/rust-tauri/R03/STAGE-REPAIR-G01-F01/verify-stage-r02/A13/redaction-scan/p1-issue-request.json
883689289a17a8e446d7c45e921d8734fe1974df15f533cc0d1e7bad58267858  ??  artifacts/rust-tauri/R03/STAGE-REPAIR-G01-F01/verify-stage-r02/A13/redaction-scan/p1-me-ok.body
a16fd32a352c676ca26ec66b99f24266f7ccaffe9f7f5743473d76fd8000e443  ??  artifacts/rust-tauri/R03/STAGE-REPAIR-G01-F01/verify-stage-r02/A13/redaction-scan/p1-me-ok.headers
44136fa355b3678a1146ad16f7e8649e94fb4fc21fe77e8310c060f61caaff8a  ??  artifacts/rust-tauri/R03/STAGE-REPAIR-G01-F01/verify-stage-r02/A13/redaction-scan/p1-ticket-request.json
d409c77ebbfe78bc759f347ca59b85644407cb36031e64f2b93f866f84997a89  ??  artifacts/rust-tauri/R03/STAGE-REPAIR-G01-F01/verify-stage-r02/A13/redaction-scan/p1-ticket.body
da742573b7216acad3556c4e0f2dcac3d53f77ddc110f3afd4f48cff94b522a8  ??  artifacts/rust-tauri/R03/STAGE-REPAIR-G01-F01/verify-stage-r02/A13/redaction-scan/p1-ticket.headers
f215d3ebd3b69843dd2907ec917db2805ea67dcb45ab9953e71e9e4578837f44  ??  artifacts/rust-tauri/R03/STAGE-REPAIR-G01-F01/verify-stage-r02/A13/redaction-scan/p2-me-bad-bearer.body
573e0e7aac642d1aa280d34cba2f16cc02b0fa40a9c980dac177bb333f25b3fb  ??  artifacts/rust-tauri/R03/STAGE-REPAIR-G01-F01/verify-stage-r02/A13/redaction-scan/p2-me-bad-bearer.headers
b27d43404b2b49d295f129966d0e20d6cd672d21bf1fec17177147bf2585b7be  ??  artifacts/rust-tauri/R03/STAGE-REPAIR-G01-F01/verify-stage-r02/A13/redaction-scan/p2-me-no-auth.body
573e0e7aac642d1aa280d34cba2f16cc02b0fa40a9c980dac177bb333f25b3fb  ??  artifacts/rust-tauri/R03/STAGE-REPAIR-G01-F01/verify-stage-r02/A13/redaction-scan/p2-me-no-auth.headers
ba872d036c3f872bfe99c92ac67ef46bc4dd056a4f04050eecd27ddc0eb21105  ??  artifacts/rust-tauri/R03/STAGE-REPAIR-G01-F01/verify-stage-r02/A13/redaction-scan/p2-session-cross.body
cce295a08880f3b8835d7fb82ce618ad10346414d1d3b98b643b5b1149cd5453  ??  artifacts/rust-tauri/R03/STAGE-REPAIR-G01-F01/verify-stage-r02/A13/redaction-scan/p2-session-cross.headers
9098eb7098b62375e332dc89f7e0eb14a9aa17d9fa61ec31da67fa5864f12cbc  ??  artifacts/rust-tauri/R03/STAGE-REPAIR-G01-F01/verify-stage-r02/A13/redaction-scan/p2-session-missing.body
d74385a3f6667c88e925e3169ac2d16eea5a48f4c8dc3abd7ef5a873c02d696e  ??  artifacts/rust-tauri/R03/STAGE-REPAIR-G01-F01/verify-stage-r02/A13/redaction-scan/p2-session-missing.headers
b46f0b032c921501bf2a985e7857e5b19f5f774d76fac6ec7fc58474105abf05  ??  artifacts/rust-tauri/R03/STAGE-REPAIR-G01-F01/verify-stage-r02/A13/redaction-scan/p2-ws-bad-query.body
573e0e7aac642d1aa280d34cba2f16cc02b0fa40a9c980dac177bb333f25b3fb  ??  artifacts/rust-tauri/R03/STAGE-REPAIR-G01-F01/verify-stage-r02/A13/redaction-scan/p2-ws-bad-query.headers
bc5c798c8846facd87a34da03c3888687355cd3b64ccd008907c9fea00a535ae  ??  artifacts/rust-tauri/R03/STAGE-REPAIR-G01-F01/verify-stage-r02/A13/redaction-scan/p2-ws-transcript.txt
49962b07bf2dc251c5675b5d5a3517a8f49b3062a542ce516d457c21c5034993  ??  artifacts/rust-tauri/R03/STAGE-REPAIR-G01-F01/verify-stage-r02/A13/redaction-scan/p3-burst-1.body
8d60de4a6726ead8515d6bd3479114761293f15c073f850cc8c2085b74706e74  ??  artifacts/rust-tauri/R03/STAGE-REPAIR-G01-F01/verify-stage-r02/A13/redaction-scan/p3-burst-2.body
d6b75fd071b0888b4164b63d334dfa3d1daa9ee7e9a680b9929a0bfbdbfcf65c  ??  artifacts/rust-tauri/R03/STAGE-REPAIR-G01-F01/verify-stage-r02/A13/redaction-scan/p3-burst-3.body
1ee3fde7c68c83ba46b064c335ce9d8480e0e0420786ff9133453415b9ccc73e  ??  artifacts/rust-tauri/R03/STAGE-REPAIR-G01-F01/verify-stage-r02/A13/redaction-scan/p3-burst-4.body
96bb1eb5f7e97172f6e96b85fd3956ec559fdc03e0ce7b4cd5b372ca4ebb897c  ??  artifacts/rust-tauri/R03/STAGE-REPAIR-G01-F01/verify-stage-r02/A13/redaction-scan/p3-burst-5.body
0864e78129fad8714216c1f1c391a98bbb019892e0e6ed8d5eb1b3b206390411  ??  artifacts/rust-tauri/R03/STAGE-REPAIR-G01-F01/verify-stage-r02/A13/redaction-scan/p3-burst-6.body
00f8048e7b3741556bc93af1c92ff277f6c55e62990821ac0195ee29a9a7fd49  ??  artifacts/rust-tauri/R03/STAGE-REPAIR-G01-F01/verify-stage-r02/A13/redaction-scan/p3-burst-7.body
775412f3bca3e84a89f68c7a1aab08afb637b8d476d6dace12c5a21a1e4dfdaa  ??  artifacts/rust-tauri/R03/STAGE-REPAIR-G01-F01/verify-stage-r02/A13/redaction-scan/p3-burst-8.body
e89d50f95150fa2e9458cb0c5d045ab66124116f16d839c55b21a703190fe91d  ??  artifacts/rust-tauri/R03/STAGE-REPAIR-G01-F01/verify-stage-r02/A13/redaction-scan/p3-execute-request.json
579ddd5f5acb5164c439a0fc1f6e730394917d2a9b163911b1e80dce5a57981b  ??  artifacts/rust-tauri/R03/STAGE-REPAIR-G01-F01/verify-stage-r02/A13/redaction-scan/p3-status-codes.txt
464f15f8d58466bb0ff9630880cc599be3e592e3f7d0287648ad2be58bf14208  ??  artifacts/rust-tauri/R03/STAGE-REPAIR-G01-F01/verify-stage-r02/A13/redaction-scan/service-logs/retention-manifest.txt
3bbe19412e986f5e30c022dcf81d8b07f9a50a2f187510a051200d247eaa8d0d  ??  artifacts/rust-tauri/R03/STAGE-REPAIR-G01-F01/verify-stage-r02/A13/redaction-scan/service-p1.addr
9591a42d49dc117c3fad8f705511bd210457d07ef920586bce0a3f02851080e2  ??  artifacts/rust-tauri/R03/STAGE-REPAIR-G01-F01/verify-stage-r02/A13/redaction-scan/service-p1.err
0833309f22230358a4a3e0f1cab9b5adfca00fef91b974754f9a7ead3947ba63  ??  artifacts/rust-tauri/R03/STAGE-REPAIR-G01-F01/verify-stage-r02/A13/redaction-scan/service-p1.out
eb0fdf56dc5ee0772e91426513e89568a4baff444c7b1d04afc61935e76a2b65  ??  artifacts/rust-tauri/R03/STAGE-REPAIR-G01-F01/verify-stage-r02/A13/redaction-scan/service-p3.addr
97acac453407cf4ea9bf393a5bacddd84d72914df12db7a7424ef63d2e13ce93  ??  artifacts/rust-tauri/R03/STAGE-REPAIR-G01-F01/verify-stage-r02/A13/redaction-scan/service-p3.err
f505cd7c447e186d95708b5399dcfbab8f758d51c27b99ca4ebf9ea7eed8e551  ??  artifacts/rust-tauri/R03/STAGE-REPAIR-G01-F01/verify-stage-r02/A13/redaction-scan/service-p3.out
3423eff026fa7b84a6e203fb0d3b2e34c42ee9a21c533d342d8b92e1fc0ce6d4  ??  artifacts/rust-tauri/R03/STAGE-REPAIR-G01-F01/verify-stage-r02/A13/redaction-scan/service-p4.err
e3b0c44298fc1c149afbf4c8996fb92427ae41e4649b934ca495991b7852b855  ??  artifacts/rust-tauri/R03/STAGE-REPAIR-G01-F01/verify-stage-r02/A13/redaction-scan/service-p4.out
1437cc0a3851f85f5b8abddd7b1e35b52afe42fea858f32f26f28ebd46edb4d9  ??  artifacts/rust-tauri/R03/STAGE-REPAIR-G01-F01/verify-stage-r02/A13/redaction-scan/summary.txt
23b6a74f2f87e83731bb947e282a11fbf43030adce5a0b3fe8f1bf7ec8dc04df  ??  artifacts/rust-tauri/R03/STAGE-REPAIR-G01-F01/verify-stage-r02/A14/slow-subscriber/detach-lines.txt
2192aacdee5fd8a535a14906f641f4055c452fb7e9f363092194808b3c1c5392  ??  artifacts/rust-tauri/R03/STAGE-REPAIR-G01-F01/verify-stage-r02/A14/slow-subscriber/rss-samples.csv
b89c9a6d317332351a68c5d7193040bcdc2591d994062abd1b9d82bf4b68d04a  ??  artifacts/rust-tauri/R03/STAGE-REPAIR-G01-F01/verify-stage-r02/A14/slow-subscriber/service.err
400537b67065413f1e5377551aec5cbd5507131ee7c0caa5b6e183a33ebdfc30  ??  artifacts/rust-tauri/R03/STAGE-REPAIR-G01-F01/verify-stage-r02/A14/slow-subscriber/service.out
72143381ef9b46061d735ca78408cf65911f63d54ded5d512990cd8163650e0c  ??  artifacts/rust-tauri/R03/STAGE-REPAIR-G01-F01/verify-stage-r02/A14/slow-subscriber/storm-results.json
c10b7306d4acf73a7777a2a1f54f427c9abff0efefb80531f1f9a1a25b416ade  ??  artifacts/rust-tauri/R03/STAGE-REPAIR-G01-F01/verify-stage-r02/A14/slow-subscriber/summary.txt
54f08d304fcd4ac739dbde373c7ab1155dc61c310e5c7bac81bcde96b5adf53d  ??  artifacts/rust-tauri/R03/STAGE-REPAIR-G01-F01/verify-stage-r02/A15/full-chain/pre-restart-head.json
e3b0c44298fc1c149afbf4c8996fb92427ae41e4649b934ca495991b7852b855  ??  artifacts/rust-tauri/R03/STAGE-REPAIR-G01-F01/verify-stage-r02/A15/full-chain/probe1.err
f7453a97342e62dd5fb49939fd9af9f75c9dc622b2cab7cf78101fcad185037c  ??  artifacts/rust-tauri/R03/STAGE-REPAIR-G01-F01/verify-stage-r02/A15/full-chain/probe1.pass-lines
e3b0c44298fc1c149afbf4c8996fb92427ae41e4649b934ca495991b7852b855  ??  artifacts/rust-tauri/R03/STAGE-REPAIR-G01-F01/verify-stage-r02/A15/full-chain/probe2.err
28a411dc95be7e6596d2954fdbecf8eb034d9f8dc1248ab1d111c07c1c218b89  ??  artifacts/rust-tauri/R03/STAGE-REPAIR-G01-F01/verify-stage-r02/A15/full-chain/probe2.pass-lines
3a838c144581c354d2b9c9c9a57ef795c67648a3e1203b48bd3cd9aba2d1d739  ??  artifacts/rust-tauri/R03/STAGE-REPAIR-G01-F01/verify-stage-r02/A15/full-chain/service1.err
456e64a453e341feb559576bcf1cbfacbcc839ab72788e718db72653113e2002  ??  artifacts/rust-tauri/R03/STAGE-REPAIR-G01-F01/verify-stage-r02/A15/full-chain/service1.out
10ebde9e474e5dd1363e310d28c137c6a4d575edae72f73afca485e81b594c2d  ??  artifacts/rust-tauri/R03/STAGE-REPAIR-G01-F01/verify-stage-r02/A15/full-chain/service2.err
d2081bd96942fe7805f640d87c23d10ae12db088788ce7f981cbc15142c68d1b  ??  artifacts/rust-tauri/R03/STAGE-REPAIR-G01-F01/verify-stage-r02/A15/full-chain/service2.out
b2f821a684712b1efaa7a0d7ab63971cfb88948f77202388a6142b5e8174c7cd  ??  artifacts/rust-tauri/R03/STAGE-REPAIR-G01-F01/verify-stage-r02/A15/full-chain/summary.txt
523ab963a6589a5728516dedfd166d3bb33ca94dad0fc96ba72028e6cc17b218  ??  artifacts/rust-tauri/R03/STAGE-REPAIR-G01-F01/verify-stage-r02/A16/legacy-entry/e0-base-purity.txt
50a59ff99a1fb635bff3d232929451091b4cb1d2b29deb629ec9ed033ef548b4  ??  artifacts/rust-tauri/R03/STAGE-REPAIR-G01-F01/verify-stage-r02/A16/legacy-entry/e0-candidate-binding.tsv
01a68b817a2cdec6320379639ce24e75fe8140e11304e1e2e8ca7b7bc1036a4f  ??  artifacts/rust-tauri/R03/STAGE-REPAIR-G01-F01/verify-stage-r02/A16/legacy-entry/e0-candidate-dirty.diff
bf90922f3f4cd1d67ee84fdc4fe17b8bd8c65e1ddeedd4ef50c9136c1a612e66  ??  artifacts/rust-tauri/R03/STAGE-REPAIR-G01-F01/verify-stage-r02/A16/legacy-entry/e0-candidate-dirty.txt
dafecdaa505ce47155b8f0b1a6b9d326f65e6e84a229add0428c0fb851a0e505  ??  artifacts/rust-tauri/R03/STAGE-REPAIR-G01-F01/verify-stage-r02/A16/legacy-entry/e1-binding-surface-intersect.txt
e478b5019f8dc054385b670fc46863aacb8ae7bb2c6af54b195ae23a7474e9a3  ??  artifacts/rust-tauri/R03/STAGE-REPAIR-G01-F01/verify-stage-r02/A16/legacy-entry/e1-default-entry-assertions.txt
c290e5efd31bc081acd023ea447b5df27ff4ba8703d5be4e3a02c9b69f0782f8  ??  artifacts/rust-tauri/R03/STAGE-REPAIR-G01-F01/verify-stage-r02/A16/legacy-entry/e1-surface-diff-files.txt
a6336e88a861d5d65bf8332c6e104672fbecde11272907b15e2847bc36cfc7b2  ??  artifacts/rust-tauri/R03/STAGE-REPAIR-G01-F01/verify-stage-r02/A16/legacy-entry/e5-allowed-reds.txt
e3b0c44298fc1c149afbf4c8996fb92427ae41e4649b934ca495991b7852b855  ??  artifacts/rust-tauri/R03/STAGE-REPAIR-G01-F01/verify-stage-r02/A16/legacy-entry/e5-base-blocks.txt
e3b0c44298fc1c149afbf4c8996fb92427ae41e4649b934ca495991b7852b855  ??  artifacts/rust-tauri/R03/STAGE-REPAIR-G01-F01/verify-stage-r02/A16/legacy-entry/e5-base-cause-classes.txt
e3b0c44298fc1c149afbf4c8996fb92427ae41e4649b934ca495991b7852b855  ??  artifacts/rust-tauri/R03/STAGE-REPAIR-G01-F01/verify-stage-r02/A16/legacy-entry/e5-base-causes.txt
e3b0c44298fc1c149afbf4c8996fb92427ae41e4649b934ca495991b7852b855  ??  artifacts/rust-tauri/R03/STAGE-REPAIR-G01-F01/verify-stage-r02/A16/legacy-entry/e5-base-failed-files.txt
67749fc3fa359c2ae0f4b7ee1918ea2c03b0dff7946ecaae0b3dce5d04bde997  ??  artifacts/rust-tauri/R03/STAGE-REPAIR-G01-F01/verify-stage-r02/A16/legacy-entry/e5-base-summary-counts.txt
743ee00ec630db0a366e492136ca5723388dbcc165fae948335f161480e4456d  ??  artifacts/rust-tauri/R03/STAGE-REPAIR-G01-F01/verify-stage-r02/A16/legacy-entry/e5-candidate-blocks.txt
c23b963a9bdb747027827dbd4656f441901b5d21cd34bfcd69bacf7703fa8cd8  ??  artifacts/rust-tauri/R03/STAGE-REPAIR-G01-F01/verify-stage-r02/A16/legacy-entry/e5-candidate-cause-classes.txt
ea2b826bf489757713685476b88d19708b1ebef9bc1783b6c57a83388326686e  ??  artifacts/rust-tauri/R03/STAGE-REPAIR-G01-F01/verify-stage-r02/A16/legacy-entry/e5-candidate-causes.txt
a6336e88a861d5d65bf8332c6e104672fbecde11272907b15e2847bc36cfc7b2  ??  artifacts/rust-tauri/R03/STAGE-REPAIR-G01-F01/verify-stage-r02/A16/legacy-entry/e5-candidate-failed-files.txt
1e19d70bf42c53c2cb113717c45dd8f4ab52c9590f414525461a01f922e62b67  ??  artifacts/rust-tauri/R03/STAGE-REPAIR-G01-F01/verify-stage-r02/A16/legacy-entry/e5-candidate-summary-counts.txt
f0289aaf3c4e4c687e25134df576fd06a36a89fa914dd7929a7acd358973dc3d  ??  artifacts/rust-tauri/R03/STAGE-REPAIR-G01-F01/verify-stage-r02/A16/legacy-entry/e5-candidate-vitest-summary.txt
65a8e4d55d1d7b3d0f11e06928569acf896fdaa4c01cf07c3eb17427b16c603a  ??  artifacts/rust-tauri/R03/STAGE-REPAIR-G01-F01/verify-stage-r02/A16/legacy-entry/e5-cause-classes.txt
a6336e88a861d5d65bf8332c6e104672fbecde11272907b15e2847bc36cfc7b2  ??  artifacts/rust-tauri/R03/STAGE-REPAIR-G01-F01/verify-stage-r02/A16/legacy-entry/e5-new-since-base.txt
a6336e88a861d5d65bf8332c6e104672fbecde11272907b15e2847bc36cfc7b2  ??  artifacts/rust-tauri/R03/STAGE-REPAIR-G01-F01/verify-stage-r02/A16/legacy-entry/e5-registered-preexisting-family.txt
a6336e88a861d5d65bf8332c6e104672fbecde11272907b15e2847bc36cfc7b2  ??  artifacts/rust-tauri/R03/STAGE-REPAIR-G01-F01/verify-stage-r02/A16/legacy-entry/e5-seal-family.txt
83730a5c38b10bc5656c1dc430bf8714c25a496a8208e1d947dad0a4a7547073  ??  artifacts/rust-tauri/R03/STAGE-REPAIR-G01-F01/verify-stage-r02/A16/legacy-entry/summary.txt
e3b0c44298fc1c149afbf4c8996fb92427ae41e4649b934ca495991b7852b855  ??  artifacts/rust-tauri/R03/STAGE-REPAIR-G01-F02/verify-stage-r02/A01/a01-cargo-metadata.err
c2410654b2aa3ad946c1d5be683bd7dbac88c940824bcda09c4a1e2df444bb78  ??  artifacts/rust-tauri/R03/STAGE-REPAIR-G01-F02/verify-stage-r02/A01/a01-cargo-metadata.json
e3b0c44298fc1c149afbf4c8996fb92427ae41e4649b934ca495991b7852b855  ??  artifacts/rust-tauri/R03/STAGE-REPAIR-G01-F02/verify-stage-r02/A01/a01-child-snapshot.tsv
f7fcacea611f836fcfee896f96b921cb6f11f87ef330adf7f40d820cb361ac1c  ??  artifacts/rust-tauri/R03/STAGE-REPAIR-G01-F02/verify-stage-r02/A01/a01-health-body.json
c16dda6bc5e649b31d7250f0a10a9344cd24cc62f976ce7a5e7dbe9e4ce0772d  ??  artifacts/rust-tauri/R03/STAGE-REPAIR-G01-F02/verify-stage-r02/A01/a01-invalid-bind-homes-after.txt
c16dda6bc5e649b31d7250f0a10a9344cd24cc62f976ce7a5e7dbe9e4ce0772d  ??  artifacts/rust-tauri/R03/STAGE-REPAIR-G01-F02/verify-stage-r02/A01/a01-invalid-bind-homes-before.txt
6c88f1bf243b09c3f5c0207654b095224ce3608f74e78b992b2a648ff6ad119b  ??  artifacts/rust-tauri/R03/STAGE-REPAIR-G01-F02/verify-stage-r02/A01/a01-leaf-cases.json
c83ac80516a98b50f915f2adc140f326d244469a116a59e3cfbfab968e598921  ??  artifacts/rust-tauri/R03/STAGE-REPAIR-G01-F02/verify-stage-r02/A01/a01-newer-config-data-fallback-after.txt
c83ac80516a98b50f915f2adc140f326d244469a116a59e3cfbfab968e598921  ??  artifacts/rust-tauri/R03/STAGE-REPAIR-G01-F02/verify-stage-r02/A01/a01-newer-config-data-fallback-before.txt
e4a70f6244d1df9d936d948ef742eb0f331e85a5d1c23e10023894a76f64e274  ??  artifacts/rust-tauri/R03/STAGE-REPAIR-G01-F02/verify-stage-r02/A01/a01-newer-config-data-homes-after.txt
116cf649d26f50dfcae05ffd9a3c81e3558db7bbc4bb8d929db66108d30ca1ec  ??  artifacts/rust-tauri/R03/STAGE-REPAIR-G01-F02/verify-stage-r02/A01/a01-newer-config-data-homes-before.txt
418c636b60a2d0e83f92e528ff9dbbd498e4ad2ff705697c125169b0936ac39e  ??  artifacts/rust-tauri/R03/STAGE-REPAIR-G01-F02/verify-stage-r02/A01/a01-newer-config-data-original-after.sha256
418c636b60a2d0e83f92e528ff9dbbd498e4ad2ff705697c125169b0936ac39e  ??  artifacts/rust-tauri/R03/STAGE-REPAIR-G01-F02/verify-stage-r02/A01/a01-newer-config-data-original-before.sha256
c83ac80516a98b50f915f2adc140f326d244469a116a59e3cfbfab968e598921  ??  artifacts/rust-tauri/R03/STAGE-REPAIR-G01-F02/verify-stage-r02/A01/a01-newer-data-fallback-after.txt
c83ac80516a98b50f915f2adc140f326d244469a116a59e3cfbfab968e598921  ??  artifacts/rust-tauri/R03/STAGE-REPAIR-G01-F02/verify-stage-r02/A01/a01-newer-data-fallback-before.txt
89c42ff5c6a3fff39243326d6a31f7d7fe4cbbc16379ae43b7a40058a5c20629  ??  artifacts/rust-tauri/R03/STAGE-REPAIR-G01-F02/verify-stage-r02/A01/a01-newer-data-homes-after.txt
11eb2ba20e08cca30f3cadb401b9be0969a5783212164bd2928c80d50f968ad2  ??  artifacts/rust-tauri/R03/STAGE-REPAIR-G01-F02/verify-stage-r02/A01/a01-newer-data-homes-before.txt
26ba94895c46fc4c48e80efa2698c487ca991f139b821168c7c56f4c21bff313  ??  artifacts/rust-tauri/R03/STAGE-REPAIR-G01-F02/verify-stage-r02/A01/a01-newer-data-original-after.sha256
26ba94895c46fc4c48e80efa2698c487ca991f139b821168c7c56f4c21bff313  ??  artifacts/rust-tauri/R03/STAGE-REPAIR-G01-F02/verify-stage-r02/A01/a01-newer-data-original-before.sha256
c83ac80516a98b50f915f2adc140f326d244469a116a59e3cfbfab968e598921  ??  artifacts/rust-tauri/R03/STAGE-REPAIR-G01-F02/verify-stage-r02/A01/a01-newer-env-data-fallback-after.txt
c83ac80516a98b50f915f2adc140f326d244469a116a59e3cfbfab968e598921  ??  artifacts/rust-tauri/R03/STAGE-REPAIR-G01-F02/verify-stage-r02/A01/a01-newer-env-data-fallback-before.txt
e5a3047460b2b5602e2b9b27332c4ef323dafbe27f53aa4bdd5376c4a57675bb  ??  artifacts/rust-tauri/R03/STAGE-REPAIR-G01-F02/verify-stage-r02/A01/a01-newer-env-data-homes-after.txt
154af44c9aa6763dc802f8b9ab11b4143d83940873f59838c1ac4a92befabc87  ??  artifacts/rust-tauri/R03/STAGE-REPAIR-G01-F02/verify-stage-r02/A01/a01-newer-env-data-homes-before.txt
98c91c7ebdb67f6aecabccc1ec2c298b024b9a27c59351e0067f3ade70603ec4  ??  artifacts/rust-tauri/R03/STAGE-REPAIR-G01-F02/verify-stage-r02/A01/a01-newer-env-data-original-after.sha256
98c91c7ebdb67f6aecabccc1ec2c298b024b9a27c59351e0067f3ade70603ec4  ??  artifacts/rust-tauri/R03/STAGE-REPAIR-G01-F02/verify-stage-r02/A01/a01-newer-env-data-original-before.sha256
3ce1005240a8ebfb25acd73c8ec01b4df742a35b81e2a622a6c65bf368865033  ??  artifacts/rust-tauri/R03/STAGE-REPAIR-G01-F02/verify-stage-r02/A01/leaf-cases.ndjson
41119ba1db06ac1af26f80b1a0b1f04d6eae4f2ca558be93365eaeff5af9073e  ??  artifacts/rust-tauri/R03/STAGE-REPAIR-G01-F02/verify-stage-r02/A03/a03-forged-record.json
f7fcacea611f836fcfee896f96b921cb6f11f87ef330adf7f40d820cb361ac1c  ??  artifacts/rust-tauri/R03/STAGE-REPAIR-G01-F02/verify-stage-r02/A03/a03-inst1-health.json
abe7837d3257c9de2632dd951e6ceaef645fed71acbe7b989cb00fc51454eb12  ??  artifacts/rust-tauri/R03/STAGE-REPAIR-G01-F02/verify-stage-r02/A03/a03-inst2-marker.txt
5c37baa536844ddf70c8e5329e4f27ed63eccbc24e557cb77de856f2198940d6  ??  artifacts/rust-tauri/R03/STAGE-REPAIR-G01-F02/verify-stage-r02/A03/a03-summary.txt
24dc40e97861f3bc5448c74bcd63f9496b70913054b0a14117c5fbb350fea77e  ??  artifacts/rust-tauri/R03/STAGE-REPAIR-G01-F02/verify-stage-r02/A04/a04-summary.txt
18a9c001678895dcc5d087113898355d8e199b6681f6780a960c0fe7dc1704ed  ??  artifacts/rust-tauri/R03/STAGE-REPAIR-G01-F02/verify-stage-r02/A05_A06/.last-body
1319bbe558a1a9043433da92529bc8c24d2b6fbcabc962836a938e946e273399  ??  artifacts/rust-tauri/R03/STAGE-REPAIR-G01-F02/verify-stage-r02/A05_A06/body-limit.txt
c0c19dff508a998f0c6e1fbf2643c2d78647cd6495bc53c57d2566877a3abc0b  ??  artifacts/rust-tauri/R03/STAGE-REPAIR-G01-F02/verify-stage-r02/A05_A06/cli-sessions-limit-case.json
eb89b13ee95a3d62bccccc69a6954dc81724b481f044b69740549ac0f1fdb837  ??  artifacts/rust-tauri/R03/STAGE-REPAIR-G01-F02/verify-stage-r02/A05_A06/creds-after-authz.json
52aac23fd0600851ddf0c63ee15034f9ced6c6179540a8bcd9436055890d2a0d  ??  artifacts/rust-tauri/R03/STAGE-REPAIR-G01-F02/verify-stage-r02/A05_A06/creds-before-authz.json
ae9ccbbde496cdf7d0dbaf362ec7b33d8bf3f6fd8953fce774d10d86eba1735c  ??  artifacts/rust-tauri/R03/STAGE-REPAIR-G01-F02/verify-stage-r02/A05_A06/devices-after-authz.json
a15249d2a1d7efc6e683f0756bdabc68566c4cbfb461c18e0851288ab6df616a  ??  artifacts/rust-tauri/R03/STAGE-REPAIR-G01-F02/verify-stage-r02/A05_A06/devices-before-authz.json
b45a6b74c2374b2e68a0e6696d7f15b57442915c008b20bba4eb67919e74b861  ??  artifacts/rust-tauri/R03/STAGE-REPAIR-G01-F02/verify-stage-r02/A05_A06/leaf-cases.json
97381bde71ff3b7dd8899b6cbdaf164bfbf00b2d7dca7f17ca859bd22c624c4a  ??  artifacts/rust-tauri/R03/STAGE-REPAIR-G01-F02/verify-stage-r02/A05_A06/leaf-cases.ndjson
fecf1cfc7916fa8dbf1302896a1153a096eccd45442f4a508789564f27548541  ??  artifacts/rust-tauri/R03/STAGE-REPAIR-G01-F02/verify-stage-r02/A05_A06/me-denied-after.sha256
fecf1cfc7916fa8dbf1302896a1153a096eccd45442f4a508789564f27548541  ??  artifacts/rust-tauri/R03/STAGE-REPAIR-G01-F02/verify-stage-r02/A05_A06/me-denied-before.sha256
9901fa4939e8c0683cc392787126273c429530490fdebe18e68d1ad0c6fc2459  ??  artifacts/rust-tauri/R03/STAGE-REPAIR-G01-F02/verify-stage-r02/A05_A06/sessions-list-matrix.json
1e2eeb9c737b65883c8c002cbf287672f107c75f21a9eba6c3e1fd072ea8551d  ??  artifacts/rust-tauri/R03/STAGE-REPAIR-G01-F02/verify-stage-r02/A05_A06/state-after-authn.txt
72d13e5ea665dafb81c4f09e7ba13181642c5b5252c212c885214262debe4461  ??  artifacts/rust-tauri/R03/STAGE-REPAIR-G01-F02/verify-stage-r02/A05_A06/state-after.txt
1e2eeb9c737b65883c8c002cbf287672f107c75f21a9eba6c3e1fd072ea8551d  ??  artifacts/rust-tauri/R03/STAGE-REPAIR-G01-F02/verify-stage-r02/A05_A06/state-before-authz.txt
1e2eeb9c737b65883c8c002cbf287672f107c75f21a9eba6c3e1fd072ea8551d  ??  artifacts/rust-tauri/R03/STAGE-REPAIR-G01-F02/verify-stage-r02/A05_A06/state-before.txt
e52f14869b43c34efff6f6f7bf09c2242371bd166dd359a3877508c872ca977d  ??  artifacts/rust-tauri/R03/STAGE-REPAIR-G01-F02/verify-stage-r02/A05_A06/summary.txt
29ed94b0e8e72c8d2d55f59ca82999e52957ad271f963f3b8852cf37182c5fe9  ??  artifacts/rust-tauri/R03/STAGE-REPAIR-G01-F02/verify-stage-r02/A05_A06/ws-matrix.json
108b21c2d106870e4f3686869d807eb920c3a1ec5e19a72260abb685d4a02cd2  ??  artifacts/rust-tauri/R03/STAGE-REPAIR-G01-F02/verify-stage-r02/A07_A08/last-db-hashes.txt
e613a984930f45c73fa5aa79af6955b0ac56faa30868e1da85d84a96a180eee3  ??  artifacts/rust-tauri/R03/STAGE-REPAIR-G01-F02/verify-stage-r02/A07_A08/s1-counts-after-stop.json
6e11d3157e36f2f24de72943cc5df97aec8475c1e95a29c6fed9cc451e41da10  ??  artifacts/rust-tauri/R03/STAGE-REPAIR-G01-F02/verify-stage-r02/A07_A08/s2-counts-after-crash.json
67678c51c9638876684bcc4034786f22a41f6402ee60fa2696bb572416aaaa50  ??  artifacts/rust-tauri/R03/STAGE-REPAIR-G01-F02/verify-stage-r02/A07_A08/s2-runs-dump.jsonl
289a8c2316bd3e3e986d899af7e1ddd33061b016caeb3810f8c2b457a5d7716c  ??  artifacts/rust-tauri/R03/STAGE-REPAIR-G01-F02/verify-stage-r02/A07_A08/s3-fault.err
e3b0c44298fc1c149afbf4c8996fb92427ae41e4649b934ca495991b7852b855  ??  artifacts/rust-tauri/R03/STAGE-REPAIR-G01-F02/verify-stage-r02/A07_A08/s3-fault.out
8433eb82150b740429b6754e189600c343cb08843f770dfe35a31a96d84260fe  ??  artifacts/rust-tauri/R03/STAGE-REPAIR-G01-F02/verify-stage-r02/A07_A08/s4-hashes-after.txt
8433eb82150b740429b6754e189600c343cb08843f770dfe35a31a96d84260fe  ??  artifacts/rust-tauri/R03/STAGE-REPAIR-G01-F02/verify-stage-r02/A07_A08/s4-hashes-before.txt
eacd97bd90e082da9cbdfd950e18cae62ce2c4cf07ab48e71b85f75da5878fe5  ??  artifacts/rust-tauri/R03/STAGE-REPAIR-G01-F02/verify-stage-r02/A07_A08/s4-migrations-round1.json
eacd97bd90e082da9cbdfd950e18cae62ce2c4cf07ab48e71b85f75da5878fe5  ??  artifacts/rust-tauri/R03/STAGE-REPAIR-G01-F02/verify-stage-r02/A07_A08/s4-migrations-round2.json
eacd97bd90e082da9cbdfd950e18cae62ce2c4cf07ab48e71b85f75da5878fe5  ??  artifacts/rust-tauri/R03/STAGE-REPAIR-G01-F02/verify-stage-r02/A07_A08/s4-migrations-round3.json
1aa79d63d0790305df099e1bbe2dbad7b3e72c71c9eaeeff4bc1808c3632c7ef  ??  artifacts/rust-tauri/R03/STAGE-REPAIR-G01-F02/verify-stage-r02/A07_A08/service-s1.err
db16510566a32002796a774b47bb030dbb53268351f221abb24ba29a1ca5b95c  ??  artifacts/rust-tauri/R03/STAGE-REPAIR-G01-F02/verify-stage-r02/A07_A08/service-s1.out
3e8eb3901923f193d28ad2d2ee452541ee2a6a3aa5a9272b33e064e6824165d5  ??  artifacts/rust-tauri/R03/STAGE-REPAIR-G01-F02/verify-stage-r02/A07_A08/service-s1b.err
e4d129aa3f0b3d446435baeb9ff9a5fb17922aa54eed9f9eb0c67b51eefd2386  ??  artifacts/rust-tauri/R03/STAGE-REPAIR-G01-F02/verify-stage-r02/A07_A08/service-s1b.out
5be54b8ca66bafaadcf183bceb343fe65df7c3812548afef4f7828174e108394  ??  artifacts/rust-tauri/R03/STAGE-REPAIR-G01-F02/verify-stage-r02/A07_A08/service-s2.err
e8260126ccb60b6fc952264c0ca4fb2433656930a065cee9625287bbdea54c66  ??  artifacts/rust-tauri/R03/STAGE-REPAIR-G01-F02/verify-stage-r02/A07_A08/service-s2.out
c812271308f6818f1baf02f62c5399af7dc92032f9030573af9d390bdce2da2c  ??  artifacts/rust-tauri/R03/STAGE-REPAIR-G01-F02/verify-stage-r02/A07_A08/service-s2b.err
4fafdb9147247bcdf05580bc95e06b8244ef470be4fd7ebc3fd8d380408c1681  ??  artifacts/rust-tauri/R03/STAGE-REPAIR-G01-F02/verify-stage-r02/A07_A08/service-s2b.out
2b064a2fc4cc6a6abc25ab278105aea8a09a8a3729d49e4af26e138086a0a4ad  ??  artifacts/rust-tauri/R03/STAGE-REPAIR-G01-F02/verify-stage-r02/A07_A08/service-s4-1.err
bc0fff5abe68b7e8a1829172fe0e9efa40535f897d732cf331a3b9c85935bc47  ??  artifacts/rust-tauri/R03/STAGE-REPAIR-G01-F02/verify-stage-r02/A07_A08/service-s4-1.out
f6a42f5ecaa3c15917c5450b09fd6c7135b06bcfc15f8b28a87cbabb5771c8bf  ??  artifacts/rust-tauri/R03/STAGE-REPAIR-G01-F02/verify-stage-r02/A07_A08/service-s4-2.err
07134d7d65447250ac01f4806d0df5aeacbecffde93e014a885f4dd6cb4ce014  ??  artifacts/rust-tauri/R03/STAGE-REPAIR-G01-F02/verify-stage-r02/A07_A08/service-s4-2.out
1a1e3b9d1881bfe1045a1b1b75688933d3d1891fb8ec79e21b09f18044c2843c  ??  artifacts/rust-tauri/R03/STAGE-REPAIR-G01-F02/verify-stage-r02/A07_A08/service-s4-3.err
5f18ad35763a500ef6f80905b0696938e6934769547768646f98b5ce75f5626a  ??  artifacts/rust-tauri/R03/STAGE-REPAIR-G01-F02/verify-stage-r02/A07_A08/service-s4-3.out
065316e569e0a051437b64609f5a4569aa9d104eeccd284cb519bd76df4d0341  ??  artifacts/rust-tauri/R03/STAGE-REPAIR-G01-F02/verify-stage-r02/A07_A08/service.addr
d76d4222e0ec9d0fcf45d4a25967861f1bbfcc35f04a84aa5f607ff2b0db68c8  ??  artifacts/rust-tauri/R03/STAGE-REPAIR-G01-F02/verify-stage-r02/A07_A08/service.pid
ef0c69072110e13bcf354619c10a98d842e8e82779465f9daa468de30a268a6b  ??  artifacts/rust-tauri/R03/STAGE-REPAIR-G01-F02/verify-stage-r02/A07_A08/summary.txt
24060e08426e5d815d87436f0ed8bf04e9e34e8869d9e173ddcbe5443c32b8bc  ??  artifacts/rust-tauri/R03/STAGE-REPAIR-G01-F02/verify-stage-r02/A07_LIVE_FAULT/case.json
f2e373dab444d4eac5276adcaf4e1180e7661425d298621a91e8fe0117243006  ??  artifacts/rust-tauri/R03/STAGE-REPAIR-G01-F02/verify-stage-r02/A07_LIVE_FAULT/checked.json
5363361cdde3569dea40c50dcf8e427107d4e0427eae461a935bd3c272050ca9  ??  artifacts/rust-tauri/R03/STAGE-REPAIR-G01-F02/verify-stage-r02/A09_A10/a09-merged-view.json
054e1f7afa7bd2ff649f2bdf9807821c928de478ae36bc291dc4b2f3a5c00649  ??  artifacts/rust-tauri/R03/STAGE-REPAIR-G01-F02/verify-stage-r02/A09_A10/a10-rebuild-diff.json
ff23e8a5679c07f7d15293f4efaffc20f33418e4d9b6f8d2313b273995146bc2  ??  artifacts/rust-tauri/R03/STAGE-REPAIR-G01-F02/verify-stage-r02/A09_A10/key-events-dump.json
ac33b9a37bf3f2b5f782e3873bd249fe7016a988d3704d8819df6381c0e42c0b  ??  artifacts/rust-tauri/R03/STAGE-REPAIR-G01-F02/verify-stage-r02/A09_A10/matrix.json
3cbc9d31af77ad2426ea3de88ccf48e54b9220903da12f51086557e681f99f34  ??  artifacts/rust-tauri/R03/STAGE-REPAIR-G01-F02/verify-stage-r02/A09_A10/probe-matrix.jsonl
78a97b99ea60c8b43d26374e3a36811c4276a2097dd02868eb580b0601d83583  ??  artifacts/rust-tauri/R03/STAGE-REPAIR-G01-F02/verify-stage-r02/A09_A10/service.err
843587909a843586ba2f91f51a327ca15fc5574f11dffbdb08adc9a06b73eda1  ??  artifacts/rust-tauri/R03/STAGE-REPAIR-G01-F02/verify-stage-r02/A09_A10/service.out
99a3476ccf4ad759b429e57f74f012323c243fd063492b1a13eb2fd21b8832f6  ??  artifacts/rust-tauri/R03/STAGE-REPAIR-G01-F02/verify-stage-r02/A09_A10/summary.txt
dd63f79ce1a39fdef735dbb9eb292c3f8a45db77c2513d3cc7379e5dbe13749e  ??  artifacts/rust-tauri/R03/STAGE-REPAIR-G01-F02/verify-stage-r02/A11/backup-restore/s1-backup-dir-listing.txt
938990a9a2e1da6be712558074d8a303bf8fbdb1bcab804fd3bc261ffd2fac05  ??  artifacts/rust-tauri/R03/STAGE-REPAIR-G01-F02/verify-stage-r02/A11/backup-restore/s1-backup-outcome.json
e3b0c44298fc1c149afbf4c8996fb92427ae41e4649b934ca495991b7852b855  ??  artifacts/rust-tauri/R03/STAGE-REPAIR-G01-F02/verify-stage-r02/A11/backup-restore/s1-backup.err
6fa0752dc4971c598a3b08067dc435ad57aee7e1d3c1cd5eb25a0f5e01ab4112  ??  artifacts/rust-tauri/R03/STAGE-REPAIR-G01-F02/verify-stage-r02/A11/backup-restore/s1-restore-outcome.json
e3b0c44298fc1c149afbf4c8996fb92427ae41e4649b934ca495991b7852b855  ??  artifacts/rust-tauri/R03/STAGE-REPAIR-G01-F02/verify-stage-r02/A11/backup-restore/s1-restore.err
2d92c5ae30f72745de355f5802a8c174f72c0c74e352b87eae5383a2e549e2be  ??  artifacts/rust-tauri/R03/STAGE-REPAIR-G01-F02/verify-stage-r02/A11/backup-restore/s1-restored-dump.jsonl
1b88dcc62a7ce1a9668ebba1af5ef8cf74be8c2b2ab2754d63318bc62a77cf11  ??  artifacts/rust-tauri/R03/STAGE-REPAIR-G01-F02/verify-stage-r02/A11/backup-restore/s1-restored-hash.txt
2d92c5ae30f72745de355f5802a8c174f72c0c74e352b87eae5383a2e549e2be  ??  artifacts/rust-tauri/R03/STAGE-REPAIR-G01-F02/verify-stage-r02/A11/backup-restore/s1-source-dump.jsonl
a5c7f01abf74729113f7347fd3aad663a057c85455d5e905656889c289c43772  ??  artifacts/rust-tauri/R03/STAGE-REPAIR-G01-F02/verify-stage-r02/A11/backup-restore/s1-source-hash.txt
951e1f2cedf4a978898a4f9e620777561b8381ece9faf4223f8594a201f47f74  ??  artifacts/rust-tauri/R03/STAGE-REPAIR-G01-F02/verify-stage-r02/A11/backup-restore/s1-wal-size.txt
e3b0c44298fc1c149afbf4c8996fb92427ae41e4649b934ca495991b7852b855  ??  artifacts/rust-tauri/R03/STAGE-REPAIR-G01-F02/verify-stage-r02/A11/backup-restore/s3-backup-out.json
fd9aaf177ef3c9104a825e88fa064b4fa74aaf99a1bacfd131e24fe3755cfe21  ??  artifacts/rust-tauri/R03/STAGE-REPAIR-G01-F02/verify-stage-r02/A11/backup-restore/s3-backup.err
9b33c4d50a9f7a0434980244454a85ce4288c7323241cf9ff22c50e6b8f8dd85  ??  artifacts/rust-tauri/R03/STAGE-REPAIR-G01-F02/verify-stage-r02/A11/backup-restore/s4-ws-probe.json
a4c3ed04a95a3da14a9d235c83d868bed7c0f45cf7f3faa751ee8f50598d2211  ??  artifacts/rust-tauri/R03/STAGE-REPAIR-G01-F02/verify-stage-r02/A11/backup-restore/s4-ws-probe.json.probe-done
5517e696216fb235f952a3affc4173b3e1509c9d2bf027fd66982ea95480d099  ??  artifacts/rust-tauri/R03/STAGE-REPAIR-G01-F02/verify-stage-r02/A11/backup-restore/service-s1.addr
1108a51f1b3213cd5c3691e3ae5069434309b4568a541d643b018c2637ab6b18  ??  artifacts/rust-tauri/R03/STAGE-REPAIR-G01-F02/verify-stage-r02/A11/backup-restore/service-s1.err
c08aaf36860f98c8d8c67a43116a14a6f7fef4f01c3608e70a7f3c5dd0f0f5ad  ??  artifacts/rust-tauri/R03/STAGE-REPAIR-G01-F02/verify-stage-r02/A11/backup-restore/service-s1.out
110a3938c53affddb4909388d1c355c4c0d1ba6e49f72a39c834af625c42fd29  ??  artifacts/rust-tauri/R03/STAGE-REPAIR-G01-F02/verify-stage-r02/A11/backup-restore/service-s2.addr
1f16cbdb806cf49192f81f89a2fd91a95d2c79edd102ff4a60151bc1ad63262f  ??  artifacts/rust-tauri/R03/STAGE-REPAIR-G01-F02/verify-stage-r02/A11/backup-restore/service-s2.err
aaa553e416d7f5263e996f164be647cd3a32cd7113ea1c156f2b31f76714bf40  ??  artifacts/rust-tauri/R03/STAGE-REPAIR-G01-F02/verify-stage-r02/A11/backup-restore/service-s2.out
eb18f57ca344d4f8fae3fe4c035b4e68b5a89b9f2d56faf02859f043f1be0edf  ??  artifacts/rust-tauri/R03/STAGE-REPAIR-G01-F02/verify-stage-r02/A11/backup-restore/service-s4.addr
528f4acf247d8fd500d7cb2c0d312f485f5812ba6b6abd6543301c4258f0f149  ??  artifacts/rust-tauri/R03/STAGE-REPAIR-G01-F02/verify-stage-r02/A11/backup-restore/service-s4.err
e19a399017591ad2c234c0a54d561d35fcd6e13da32f403cd457ffb0b78581da  ??  artifacts/rust-tauri/R03/STAGE-REPAIR-G01-F02/verify-stage-r02/A11/backup-restore/service-s4.out
1a2b7aa07ef81941abd55a43681d35e1b0353286e03ac90169e886eb8b3562d9  ??  artifacts/rust-tauri/R03/STAGE-REPAIR-G01-F02/verify-stage-r02/A11/backup-restore/service.pid
668ed90314dae2acbb6362721a735ad323dcedd827e5ccc35d22848e6361a2f5  ??  artifacts/rust-tauri/R03/STAGE-REPAIR-G01-F02/verify-stage-r02/A11/backup-restore/summary.txt
79f3a4592ae754710909856a052d89d984b46b5ba214f6d09250d854d898bd71  ??  artifacts/rust-tauri/R03/STAGE-REPAIR-G01-F02/verify-stage-r02/A12/recovery-drill/coexist-after.txt
79f3a4592ae754710909856a052d89d984b46b5ba214f6d09250d854d898bd71  ??  artifacts/rust-tauri/R03/STAGE-REPAIR-G01-F02/verify-stage-r02/A12/recovery-drill/coexist-before.txt
b1211b79aa495ee1ad129e56204378c6d5c501aaed5efbe3a7043e855c9f509e  ??  artifacts/rust-tauri/R03/STAGE-REPAIR-G01-F02/verify-stage-r02/A12/recovery-drill/own-created-homes.txt
79be6d64aa93bf457e5b337dfa16a187af549e49a08c7760b4ddb0f61bedf8ac  ??  artifacts/rust-tauri/R03/STAGE-REPAIR-G01-F02/verify-stage-r02/A12/recovery-drill/summary.txt
7b2f675d535131e9ee3b95eb996b520af42000b1efea572dc62eff72fd758a84  ??  artifacts/rust-tauri/R03/STAGE-REPAIR-G01-F02/verify-stage-r02/A12/recovery-drill/v1-hashes-after.txt
7b2f675d535131e9ee3b95eb996b520af42000b1efea572dc62eff72fd758a84  ??  artifacts/rust-tauri/R03/STAGE-REPAIR-G01-F02/verify-stage-r02/A12/recovery-drill/v1-hashes-before.txt
a8362c61de0f79d443e0997280a27633c2fd43265801f9d3833f46f41c31a1a1  ??  artifacts/rust-tauri/R03/STAGE-REPAIR-G01-F02/verify-stage-r02/A12/recovery-drill/v1.err
e3b0c44298fc1c149afbf4c8996fb92427ae41e4649b934ca495991b7852b855  ??  artifacts/rust-tauri/R03/STAGE-REPAIR-G01-F02/verify-stage-r02/A12/recovery-drill/v1.out
fcb269f1fc43e20619871bab0f6e464d30773313e55b17f725fc62249ab521be  ??  artifacts/rust-tauri/R03/STAGE-REPAIR-G01-F02/verify-stage-r02/A12/recovery-drill/v2-hashes-after.txt
fcb269f1fc43e20619871bab0f6e464d30773313e55b17f725fc62249ab521be  ??  artifacts/rust-tauri/R03/STAGE-REPAIR-G01-F02/verify-stage-r02/A12/recovery-drill/v2-hashes-before.txt
cc1779801f6c251be7e55b52957ca01b52d6c66ca826ec60faa608a8baeb8876  ??  artifacts/rust-tauri/R03/STAGE-REPAIR-G01-F02/verify-stage-r02/A12/recovery-drill/v2.err
e3b0c44298fc1c149afbf4c8996fb92427ae41e4649b934ca495991b7852b855  ??  artifacts/rust-tauri/R03/STAGE-REPAIR-G01-F02/verify-stage-r02/A12/recovery-drill/v2.out
a33ffd69acb495d9a221778bb2317e4cef00e4d752d794b9c1267890666ec43d  ??  artifacts/rust-tauri/R03/STAGE-REPAIR-G01-F02/verify-stage-r02/A12/recovery-drill/v3-hashes-after.txt
a33ffd69acb495d9a221778bb2317e4cef00e4d752d794b9c1267890666ec43d  ??  artifacts/rust-tauri/R03/STAGE-REPAIR-G01-F02/verify-stage-r02/A12/recovery-drill/v3-hashes-before.txt
85329ea115661526c66f3093a91d491ca062f8188d86230d1165e74cf98d33a7  ??  artifacts/rust-tauri/R03/STAGE-REPAIR-G01-F02/verify-stage-r02/A12/recovery-drill/v3.err
e3b0c44298fc1c149afbf4c8996fb92427ae41e4649b934ca495991b7852b855  ??  artifacts/rust-tauri/R03/STAGE-REPAIR-G01-F02/verify-stage-r02/A12/recovery-drill/v3.out
fdf1b44e48ef0e00b93f0c0f3a7da29fa236ff6abd72b08615b4da908e1b0fdb  ??  artifacts/rust-tauri/R03/STAGE-REPAIR-G01-F02/verify-stage-r02/A12/recovery-drill/v4.err
16e1ceef6898e5b322d3fb526e855879cf203550a8dc5f823b89beae225a089f  ??  artifacts/rust-tauri/R03/STAGE-REPAIR-G01-F02/verify-stage-r02/A12/recovery-drill/v4.out
65109ac53ff31778ea600cd95d460520c82dac355552e7cb52f8754cbf56bd13  ??  artifacts/rust-tauri/R03/STAGE-REPAIR-G01-F02/verify-stage-r02/A12/recovery-drill/v5-hashes-after.txt
65109ac53ff31778ea600cd95d460520c82dac355552e7cb52f8754cbf56bd13  ??  artifacts/rust-tauri/R03/STAGE-REPAIR-G01-F02/verify-stage-r02/A12/recovery-drill/v5-hashes-before.txt
7789671a45dfb15deb49e4beffa0fe4c5641c1d3b964aa3f6fef82a26975550a  ??  artifacts/rust-tauri/R03/STAGE-REPAIR-G01-F02/verify-stage-r02/A12/recovery-drill/v5.err
e3b0c44298fc1c149afbf4c8996fb92427ae41e4649b934ca495991b7852b855  ??  artifacts/rust-tauri/R03/STAGE-REPAIR-G01-F02/verify-stage-r02/A12/recovery-drill/v5.out
8bb6dfa4947f362238bf1d6460435c0d2c645f012afe71f663e5989a5e3cfcea  ??  artifacts/rust-tauri/R03/STAGE-REPAIR-G01-F02/verify-stage-r02/A12/recovery-drill/v6-recovered-dump.jsonl
27badc983df1780b60c2b3fa9d3a19a00e46aac798451f0febdca52920faaddf  ??  artifacts/rust-tauri/R03/STAGE-REPAIR-G01-F02/verify-stage-r02/A12/recovery-drill/v6-seed-execute.txt
ee76dc22f1c35ceca5ca68be377acb5a4ca62cfdb70bcdd4450527ed6e34579d  ??  artifacts/rust-tauri/R03/STAGE-REPAIR-G01-F02/verify-stage-r02/A12/recovery-drill/v6-seed.err
6be8c7a1243cacc89114f1d3c88b2ee79d69983733a5ba5f8a071f597bffe8b5  ??  artifacts/rust-tauri/R03/STAGE-REPAIR-G01-F02/verify-stage-r02/A12/recovery-drill/v6-seed.out
51df70c0770af2d4515a7c2cf3615534756d773086d648596aa0834fa350c775  ??  artifacts/rust-tauri/R03/STAGE-REPAIR-G01-F02/verify-stage-r02/A12/recovery-drill/v6.err
493bc67c8c9a3d4d217b6d450bbe37d7585c26423b77bf1ef525caa0ff3ffd68  ??  artifacts/rust-tauri/R03/STAGE-REPAIR-G01-F02/verify-stage-r02/A12/recovery-drill/v6.out
2032b1c6b4c7873382adcf49c01a0a2d36fcd3fd7642f75cefa30cda86c79b46  ??  artifacts/rust-tauri/R03/STAGE-REPAIR-G01-F02/verify-stage-r02/A12/recovery-drill/v7-hashes-after.txt
2032b1c6b4c7873382adcf49c01a0a2d36fcd3fd7642f75cefa30cda86c79b46  ??  artifacts/rust-tauri/R03/STAGE-REPAIR-G01-F02/verify-stage-r02/A12/recovery-drill/v7-hashes-before.txt
444eeeceadb1834287425431fbdc2731687fcd76cbcb68d8d37701520f75b990  ??  artifacts/rust-tauri/R03/STAGE-REPAIR-G01-F02/verify-stage-r02/A12/recovery-drill/v7-seed.err
39e5477d073ba12108f966f9ee49afc91171a9a0b52295fcf298935395c6a873  ??  artifacts/rust-tauri/R03/STAGE-REPAIR-G01-F02/verify-stage-r02/A12/recovery-drill/v7-seed.out
bad0b094f99d8483526baf0da0f287f64320140d8ed123d7280c98bf7c48348d  ??  artifacts/rust-tauri/R03/STAGE-REPAIR-G01-F02/verify-stage-r02/A12/recovery-drill/v7.err
e3b0c44298fc1c149afbf4c8996fb92427ae41e4649b934ca495991b7852b855  ??  artifacts/rust-tauri/R03/STAGE-REPAIR-G01-F02/verify-stage-r02/A12/recovery-drill/v7.out
3cdac00b678348b5897ba4a397793f8813edc043e52d149aaa13bfdfcc1bf50b  ??  artifacts/rust-tauri/R03/STAGE-REPAIR-G01-F02/verify-stage-r02/A12/recovery-drill/v8-observed.err
1213e61a87c6c737ec310b958ad51460ae27d49377b052cc9b2cd962d710cdc9  ??  artifacts/rust-tauri/R03/STAGE-REPAIR-G01-F02/verify-stage-r02/A12/recovery-drill/v8-seed.err
55d2aac3593a2dd4cde2c08945a79f619b6e5e2758c368c4390a7dd4ce3387f1  ??  artifacts/rust-tauri/R03/STAGE-REPAIR-G01-F02/verify-stage-r02/A12/recovery-drill/v8-seed.out
3cdac00b678348b5897ba4a397793f8813edc043e52d149aaa13bfdfcc1bf50b  ??  artifacts/rust-tauri/R03/STAGE-REPAIR-G01-F02/verify-stage-r02/A12/recovery-drill/v8.err
1639c2679a60f444c4c7f5ca3eaf84b3055f2a0eaf3157dafe5810429ed92dbb  ??  artifacts/rust-tauri/R03/STAGE-REPAIR-G01-F02/verify-stage-r02/A12/recovery-drill/v8.out
69ee4c1988cbec847ecaf558f3667827a2f28c03b679de64d42669d413f5ac8b  ??  artifacts/rust-tauri/R03/STAGE-REPAIR-G01-F02/verify-stage-r02/A13/redaction-scan/inventory.txt
37ff9abd25b64f337ed170300eeb915d89b9c9d4840b69c8677b5250ede5edcd  ??  artifacts/rust-tauri/R03/STAGE-REPAIR-G01-F02/verify-stage-r02/A13/redaction-scan/p1-execute-ok.body
2900c99c6ad3a953cc302c010922c37df3327f068ec291f7c72d296a67870b73  ??  artifacts/rust-tauri/R03/STAGE-REPAIR-G01-F02/verify-stage-r02/A13/redaction-scan/p1-execute-ok.headers
4e38ffcd373cb9faac3bd1881d675776a089520fc94d443b306bced20e040e27  ??  artifacts/rust-tauri/R03/STAGE-REPAIR-G01-F02/verify-stage-r02/A13/redaction-scan/p1-execute-request.json
6acad3ae283044bd1ee75fbe70d0d1197ecf2ec836c5d0c2adad2f905bd9e653  ??  artifacts/rust-tauri/R03/STAGE-REPAIR-G01-F02/verify-stage-r02/A13/redaction-scan/p1-issue-credential.body
a47819ec1a359225dc14d34d640123ac503590de02c582d9c4c654ed16dbc94c  ??  artifacts/rust-tauri/R03/STAGE-REPAIR-G01-F02/verify-stage-r02/A13/redaction-scan/p1-issue-credential.headers
e4f7d15ff214194f7c5c24e9a2d1c020776147eba88dd3ecea2e456a7c234da3  ??  artifacts/rust-tauri/R03/STAGE-REPAIR-G01-F02/verify-stage-r02/A13/redaction-scan/p1-issue-request.json
194f8cad9cfe2f07033f44273e1540419395acd75f1c7f5e9469cb4ea7f7fa85  ??  artifacts/rust-tauri/R03/STAGE-REPAIR-G01-F02/verify-stage-r02/A13/redaction-scan/p1-me-ok.body
b805f3db0999b14d004a3d494d42fe02552a6082a1b043c2852bb50017bfee67  ??  artifacts/rust-tauri/R03/STAGE-REPAIR-G01-F02/verify-stage-r02/A13/redaction-scan/p1-me-ok.headers
44136fa355b3678a1146ad16f7e8649e94fb4fc21fe77e8310c060f61caaff8a  ??  artifacts/rust-tauri/R03/STAGE-REPAIR-G01-F02/verify-stage-r02/A13/redaction-scan/p1-ticket-request.json
24f590344fa3532ca6051be8bb3f8bc779ec7f3ebb6cc10887146b07d97e069a  ??  artifacts/rust-tauri/R03/STAGE-REPAIR-G01-F02/verify-stage-r02/A13/redaction-scan/p1-ticket.body
78931c60ec48eec15347991ced9dc53f18005555e0ab26af259c381f10934396  ??  artifacts/rust-tauri/R03/STAGE-REPAIR-G01-F02/verify-stage-r02/A13/redaction-scan/p1-ticket.headers
082b0280c15a7785000f5eccf7d20d6b629107b0a235a061ebdae47548e3bd21  ??  artifacts/rust-tauri/R03/STAGE-REPAIR-G01-F02/verify-stage-r02/A13/redaction-scan/p2-me-bad-bearer.body
e2c6d1edcf0c70f00d101309da40c6cd12c628d1c7903a17397d7ff99ca06f17  ??  artifacts/rust-tauri/R03/STAGE-REPAIR-G01-F02/verify-stage-r02/A13/redaction-scan/p2-me-bad-bearer.headers
1788cc26b9b120c983732476044bb99c7bc24f9c41285c40ccff5e3c2d35f1bb  ??  artifacts/rust-tauri/R03/STAGE-REPAIR-G01-F02/verify-stage-r02/A13/redaction-scan/p2-me-no-auth.body
e2c6d1edcf0c70f00d101309da40c6cd12c628d1c7903a17397d7ff99ca06f17  ??  artifacts/rust-tauri/R03/STAGE-REPAIR-G01-F02/verify-stage-r02/A13/redaction-scan/p2-me-no-auth.headers
a867cf5b60b36ebf36080ff045c37b8b8ed7af9cf72b0a0796412a2115d076ef  ??  artifacts/rust-tauri/R03/STAGE-REPAIR-G01-F02/verify-stage-r02/A13/redaction-scan/p2-session-cross.body
10115c0bae061965e5730f609dd970f583920aefef648b747604e145109e8945  ??  artifacts/rust-tauri/R03/STAGE-REPAIR-G01-F02/verify-stage-r02/A13/redaction-scan/p2-session-cross.headers
6ed1c1bfd7dcfe1f5c0bf757fdd8f73c4a9f19f323065a8ab7e914326c62c434  ??  artifacts/rust-tauri/R03/STAGE-REPAIR-G01-F02/verify-stage-r02/A13/redaction-scan/p2-session-missing.body
3f431c740f4f46f560394f0d32780030a753ce038405f1ae1dfe6754ab74b1c0  ??  artifacts/rust-tauri/R03/STAGE-REPAIR-G01-F02/verify-stage-r02/A13/redaction-scan/p2-session-missing.headers
caa5c8bbd0bd3c159b4f12e88615e0983b6beb34575e3de190b6d88816af1316  ??  artifacts/rust-tauri/R03/STAGE-REPAIR-G01-F02/verify-stage-r02/A13/redaction-scan/p2-ws-bad-query.body
e2c6d1edcf0c70f00d101309da40c6cd12c628d1c7903a17397d7ff99ca06f17  ??  artifacts/rust-tauri/R03/STAGE-REPAIR-G01-F02/verify-stage-r02/A13/redaction-scan/p2-ws-bad-query.headers
bc5c798c8846facd87a34da03c3888687355cd3b64ccd008907c9fea00a535ae  ??  artifacts/rust-tauri/R03/STAGE-REPAIR-G01-F02/verify-stage-r02/A13/redaction-scan/p2-ws-transcript.txt
a74cabf2f925c9c9c00e8ad712337827780661b230445ada6e5d9a295067c972  ??  artifacts/rust-tauri/R03/STAGE-REPAIR-G01-F02/verify-stage-r02/A13/redaction-scan/p3-burst-1.body
77baddf114b17cf91499fc6502f7f688775be0998b8ee577635e82466704b70d  ??  artifacts/rust-tauri/R03/STAGE-REPAIR-G01-F02/verify-stage-r02/A13/redaction-scan/p3-burst-2.body
5114857a1485c3c8867a53bc5a7f9c4bf70f0c03cdcea07f067fe443349508d8  ??  artifacts/rust-tauri/R03/STAGE-REPAIR-G01-F02/verify-stage-r02/A13/redaction-scan/p3-burst-3.body
57047dc3b5886727134f1f1a90ef8aee6ed506a47890876aa2d046a2d086855e  ??  artifacts/rust-tauri/R03/STAGE-REPAIR-G01-F02/verify-stage-r02/A13/redaction-scan/p3-burst-4.body
daf15a7fd3326ba74db9f99433ad904f2bb45e7a4f88995606a4efa560321522  ??  artifacts/rust-tauri/R03/STAGE-REPAIR-G01-F02/verify-stage-r02/A13/redaction-scan/p3-burst-5.body
be5c14ba3b40e0848ab2f164dcb08768b1d0623d06214c2ec68d07e5699279da  ??  artifacts/rust-tauri/R03/STAGE-REPAIR-G01-F02/verify-stage-r02/A13/redaction-scan/p3-burst-6.body
b5f227965ecb1ca7390be130a47d26503b7c35e81bd0d4c29bceb13f829b3850  ??  artifacts/rust-tauri/R03/STAGE-REPAIR-G01-F02/verify-stage-r02/A13/redaction-scan/p3-burst-7.body
d1afd8c6558b06ada77b73da7784f9fd9cbdc290e75c977974ad544325ed33b6  ??  artifacts/rust-tauri/R03/STAGE-REPAIR-G01-F02/verify-stage-r02/A13/redaction-scan/p3-burst-8.body
e89d50f95150fa2e9458cb0c5d045ab66124116f16d839c55b21a703190fe91d  ??  artifacts/rust-tauri/R03/STAGE-REPAIR-G01-F02/verify-stage-r02/A13/redaction-scan/p3-execute-request.json
a86717704e647a5147592f8603122f2f9199a14438645766636b4bf48232c2a0  ??  artifacts/rust-tauri/R03/STAGE-REPAIR-G01-F02/verify-stage-r02/A13/redaction-scan/p3-status-codes.txt
a7005639d7585a054af84dddd28c4d6c0606085b11f9f42ae562eb38819ed2c1  ??  artifacts/rust-tauri/R03/STAGE-REPAIR-G01-F02/verify-stage-r02/A13/redaction-scan/service-logs/retention-manifest.txt
41a173c4f6289d94ed68dc6e8dc1256ef0f4c8a165e063939621426e3f3451ce  ??  artifacts/rust-tauri/R03/STAGE-REPAIR-G01-F02/verify-stage-r02/A13/redaction-scan/service-p1.addr
77055e160ab0f4551255caf9a70ec941d26f2c089b2e5a9e77dfd983cbbcad9a  ??  artifacts/rust-tauri/R03/STAGE-REPAIR-G01-F02/verify-stage-r02/A13/redaction-scan/service-p1.err
2242afaf1d221b326246efa9a24c6e5c489ee35027e96ca7d272cfc601f11690  ??  artifacts/rust-tauri/R03/STAGE-REPAIR-G01-F02/verify-stage-r02/A13/redaction-scan/service-p1.out
3ea3cffb67c9ac1b24fc002ad4f61e659dde8abd4cffda20ffd739d63aa0a936  ??  artifacts/rust-tauri/R03/STAGE-REPAIR-G01-F02/verify-stage-r02/A13/redaction-scan/service-p3.addr
203508bbc07c46a4033d562cdeb6065ee134c52ec52e043ad9d7e12ebba05355  ??  artifacts/rust-tauri/R03/STAGE-REPAIR-G01-F02/verify-stage-r02/A13/redaction-scan/service-p3.err
2c4cdc57575a54d2da08a21c5ae5487f2160cf0d591095341715fc0562e4ea97  ??  artifacts/rust-tauri/R03/STAGE-REPAIR-G01-F02/verify-stage-r02/A13/redaction-scan/service-p3.out
a31ed6b9040a7e542015118b5f8488e530a9f278b05813b7286a08e6940e757e  ??  artifacts/rust-tauri/R03/STAGE-REPAIR-G01-F02/verify-stage-r02/A13/redaction-scan/service-p4.err
e3b0c44298fc1c149afbf4c8996fb92427ae41e4649b934ca495991b7852b855  ??  artifacts/rust-tauri/R03/STAGE-REPAIR-G01-F02/verify-stage-r02/A13/redaction-scan/service-p4.out
cbf0cf9483b2b62d7effceb3e3bb8607e4764076eacf20e84c772221c640d7e2  ??  artifacts/rust-tauri/R03/STAGE-REPAIR-G01-F02/verify-stage-r02/A13/redaction-scan/summary.txt
a0d0dd063417433af6aa63dc6805586c9e920a1449d386a0722fd4ecb9db72f1  ??  artifacts/rust-tauri/R03/STAGE-REPAIR-G01-F02/verify-stage-r02/A14/slow-subscriber/detach-lines.txt
2b190da21d5be460da4dafab3f091da3c96552bd53ab78312b7aa778c0bec98c  ??  artifacts/rust-tauri/R03/STAGE-REPAIR-G01-F02/verify-stage-r02/A14/slow-subscriber/rss-samples.csv
e867d13e36c6ca44977363641cd2c079df0a3f50ad759c191e696105bc10e3b6  ??  artifacts/rust-tauri/R03/STAGE-REPAIR-G01-F02/verify-stage-r02/A14/slow-subscriber/service.err
fecd80bc9b44d25c2767972b3066779a9022d895ddfce2ddf658500f0762ad94  ??  artifacts/rust-tauri/R03/STAGE-REPAIR-G01-F02/verify-stage-r02/A14/slow-subscriber/service.out
0766e4204dae5d9aaecb828389705c2a595abf3cb423149d587ad0976df6145b  ??  artifacts/rust-tauri/R03/STAGE-REPAIR-G01-F02/verify-stage-r02/A14/slow-subscriber/storm-results.json
a14b29136db939d9fe17bb9af9244304614fd8e46ed30b87ead55bc07f421f23  ??  artifacts/rust-tauri/R03/STAGE-REPAIR-G01-F02/verify-stage-r02/A14/slow-subscriber/summary.txt
164f2632757cbb7647fc89c89e2f583987e3d7f65d105bf3a2e26f70b82f0609  ??  artifacts/rust-tauri/R03/STAGE-REPAIR-G01-F02/verify-stage-r02/A15/full-chain/pre-restart-head.json
e3b0c44298fc1c149afbf4c8996fb92427ae41e4649b934ca495991b7852b855  ??  artifacts/rust-tauri/R03/STAGE-REPAIR-G01-F02/verify-stage-r02/A15/full-chain/probe1.err
26ff0a9e52cca1d3f28ea0fdf7c758ea02527375c3cd85683f6b8d81fac320bd  ??  artifacts/rust-tauri/R03/STAGE-REPAIR-G01-F02/verify-stage-r02/A15/full-chain/probe1.pass-lines
e3b0c44298fc1c149afbf4c8996fb92427ae41e4649b934ca495991b7852b855  ??  artifacts/rust-tauri/R03/STAGE-REPAIR-G01-F02/verify-stage-r02/A15/full-chain/probe2.err
28a411dc95be7e6596d2954fdbecf8eb034d9f8dc1248ab1d111c07c1c218b89  ??  artifacts/rust-tauri/R03/STAGE-REPAIR-G01-F02/verify-stage-r02/A15/full-chain/probe2.pass-lines
198353659094d90ff4c4b586624b496bda6271225de37ff58fc86c702a66064b  ??  artifacts/rust-tauri/R03/STAGE-REPAIR-G01-F02/verify-stage-r02/A15/full-chain/service1.err
934e4df4b28d14989db6b0c4c35a68c39b3bc1d75dc5f3ff9417cb112b6b2ea2  ??  artifacts/rust-tauri/R03/STAGE-REPAIR-G01-F02/verify-stage-r02/A15/full-chain/service1.out
095015dbc6b7ca4793bd1b74be43f1d4c08fc506f3450ce9de5bf82449a433b1  ??  artifacts/rust-tauri/R03/STAGE-REPAIR-G01-F02/verify-stage-r02/A15/full-chain/service2.err
33acf938d59dd9bd7414a1fbf9ad6352da6290a9f7c07f17f39307d206150abc  ??  artifacts/rust-tauri/R03/STAGE-REPAIR-G01-F02/verify-stage-r02/A15/full-chain/service2.out
028271518869dcbef897d45264d8da1a543d3d6510298352e41ac48b64ae2ffe  ??  artifacts/rust-tauri/R03/STAGE-REPAIR-G01-F02/verify-stage-r02/A15/full-chain/summary.txt
523ab963a6589a5728516dedfd166d3bb33ca94dad0fc96ba72028e6cc17b218  ??  artifacts/rust-tauri/R03/STAGE-REPAIR-G01-F02/verify-stage-r02/A16/legacy-entry/e0-base-purity.txt
914330b415df18cf756efd42ed252b64d87a0be8d51697278b62aef37aa959e3  ??  artifacts/rust-tauri/R03/STAGE-REPAIR-G01-F02/verify-stage-r02/A16/legacy-entry/e0-candidate-binding.tsv
01a68b817a2cdec6320379639ce24e75fe8140e11304e1e2e8ca7b7bc1036a4f  ??  artifacts/rust-tauri/R03/STAGE-REPAIR-G01-F02/verify-stage-r02/A16/legacy-entry/e0-candidate-dirty.diff
bf90922f3f4cd1d67ee84fdc4fe17b8bd8c65e1ddeedd4ef50c9136c1a612e66  ??  artifacts/rust-tauri/R03/STAGE-REPAIR-G01-F02/verify-stage-r02/A16/legacy-entry/e0-candidate-dirty.txt
dafecdaa505ce47155b8f0b1a6b9d326f65e6e84a229add0428c0fb851a0e505  ??  artifacts/rust-tauri/R03/STAGE-REPAIR-G01-F02/verify-stage-r02/A16/legacy-entry/e1-binding-surface-intersect.txt
e478b5019f8dc054385b670fc46863aacb8ae7bb2c6af54b195ae23a7474e9a3  ??  artifacts/rust-tauri/R03/STAGE-REPAIR-G01-F02/verify-stage-r02/A16/legacy-entry/e1-default-entry-assertions.txt
c290e5efd31bc081acd023ea447b5df27ff4ba8703d5be4e3a02c9b69f0782f8  ??  artifacts/rust-tauri/R03/STAGE-REPAIR-G01-F02/verify-stage-r02/A16/legacy-entry/e1-surface-diff-files.txt
a6336e88a861d5d65bf8332c6e104672fbecde11272907b15e2847bc36cfc7b2  ??  artifacts/rust-tauri/R03/STAGE-REPAIR-G01-F02/verify-stage-r02/A16/legacy-entry/e5-allowed-reds.txt
e3b0c44298fc1c149afbf4c8996fb92427ae41e4649b934ca495991b7852b855  ??  artifacts/rust-tauri/R03/STAGE-REPAIR-G01-F02/verify-stage-r02/A16/legacy-entry/e5-base-blocks.txt
e3b0c44298fc1c149afbf4c8996fb92427ae41e4649b934ca495991b7852b855  ??  artifacts/rust-tauri/R03/STAGE-REPAIR-G01-F02/verify-stage-r02/A16/legacy-entry/e5-base-failed-files.txt
67749fc3fa359c2ae0f4b7ee1918ea2c03b0dff7946ecaae0b3dce5d04bde997  ??  artifacts/rust-tauri/R03/STAGE-REPAIR-G01-F02/verify-stage-r02/A16/legacy-entry/e5-base-summary-counts.txt
22de9a919c8f3c771437e1c5315e9392ce66985afdc80651dfd9bf080e84c7bf  ??  artifacts/rust-tauri/R03/STAGE-REPAIR-G01-F02/verify-stage-r02/A16/legacy-entry/e5-candidate-blocks.txt
2fc6e95574e1c799de5eade48f0b948fe1e5605690a6682796271855896975da  ??  artifacts/rust-tauri/R03/STAGE-REPAIR-G01-F02/verify-stage-r02/A16/legacy-entry/e5-candidate-failed-files.txt
2fa9306dfb46749f8a962c5ff9a3459a10e8b9606e29888fe091294ed15d8317  ??  artifacts/rust-tauri/R03/STAGE-REPAIR-G01-F02/verify-stage-r02/A16/legacy-entry/e5-candidate-summary-counts.txt
ad7b7b9bc736faee38c2ee72a1c328814004eb68ff513c96e66988841effb236  ??  artifacts/rust-tauri/R03/STAGE-REPAIR-G01-F02/verify-stage-r02/A16/legacy-entry/e5-candidate-vitest-summary.txt
65a8e4d55d1d7b3d0f11e06928569acf896fdaa4c01cf07c3eb17427b16c603a  ??  artifacts/rust-tauri/R03/STAGE-REPAIR-G01-F02/verify-stage-r02/A16/legacy-entry/e5-cause-classes.txt
2fc6e95574e1c799de5eade48f0b948fe1e5605690a6682796271855896975da  ??  artifacts/rust-tauri/R03/STAGE-REPAIR-G01-F02/verify-stage-r02/A16/legacy-entry/e5-new-since-base.txt
994fa050e2dc16d322de8d203cf495de310916f7964eff331c33d0e1e8f4939c  ??  artifacts/rust-tauri/R03/STAGE-REPAIR-G01-F02/verify-stage-r02/A16/legacy-entry/e5-non-family-failures.txt
a6336e88a861d5d65bf8332c6e104672fbecde11272907b15e2847bc36cfc7b2  ??  artifacts/rust-tauri/R03/STAGE-REPAIR-G01-F02/verify-stage-r02/A16/legacy-entry/e5-registered-preexisting-family.txt
a6336e88a861d5d65bf8332c6e104672fbecde11272907b15e2847bc36cfc7b2  ??  artifacts/rust-tauri/R03/STAGE-REPAIR-G01-F02/verify-stage-r02/A16/legacy-entry/e5-seal-family.txt
bc3474b3ab2d1e12bd32c5f26f4e23e2b60948b714f62e04877c8ac2ff075995  ??  artifacts/rust-tauri/R03/STAGE-REPAIR-G01-F02/verify-stage-r02/A16/legacy-entry/summary.txt
442a1c47e27bf0634e2ea685045f59e741037f47fccdc9679c0797a50c359085  ??  artifacts/rust-tauri/R03/STAGE-REPAIR-G01-F03/a16-retry/A16/legacy-entry/e0-candidate-binding.tsv
01a68b817a2cdec6320379639ce24e75fe8140e11304e1e2e8ca7b7bc1036a4f  ??  artifacts/rust-tauri/R03/STAGE-REPAIR-G01-F03/a16-retry/A16/legacy-entry/e0-candidate-dirty.diff
bf90922f3f4cd1d67ee84fdc4fe17b8bd8c65e1ddeedd4ef50c9136c1a612e66  ??  artifacts/rust-tauri/R03/STAGE-REPAIR-G01-F03/a16-retry/A16/legacy-entry/e0-candidate-dirty.txt
56e86023780cfbe07c23f7635067c7ec4e34ba3014eb8f0495fce021b2bf892e  ??  artifacts/rust-tauri/R03/STAGE-REPAIR-G01-F03/a16-retry/A16/legacy-entry/summary.txt
840895b6d3def20850a65e59e68da151c82937cc0ecc431874f7678ceeb73326  ??  artifacts/rust-tauri/R03/STAGE-REPAIR-G01-F03/a16-retry/exit.txt
e3b0c44298fc1c149afbf4c8996fb92427ae41e4649b934ca495991b7852b855  ??  artifacts/rust-tauri/R03/STAGE-REPAIR-G01-F03/verify-stage-r02/A01/a01-cargo-metadata.err
c2410654b2aa3ad946c1d5be683bd7dbac88c940824bcda09c4a1e2df444bb78  ??  artifacts/rust-tauri/R03/STAGE-REPAIR-G01-F03/verify-stage-r02/A01/a01-cargo-metadata.json
e3b0c44298fc1c149afbf4c8996fb92427ae41e4649b934ca495991b7852b855  ??  artifacts/rust-tauri/R03/STAGE-REPAIR-G01-F03/verify-stage-r02/A01/a01-child-snapshot.tsv
f7fcacea611f836fcfee896f96b921cb6f11f87ef330adf7f40d820cb361ac1c  ??  artifacts/rust-tauri/R03/STAGE-REPAIR-G01-F03/verify-stage-r02/A01/a01-health-body.json
a4636162f684bd6c85d3d4d4683db6e97909a737aaa2e433e185320a6010bbe8  ??  artifacts/rust-tauri/R03/STAGE-REPAIR-G01-F03/verify-stage-r02/A01/a01-invalid-bind-homes-after.txt
a4636162f684bd6c85d3d4d4683db6e97909a737aaa2e433e185320a6010bbe8  ??  artifacts/rust-tauri/R03/STAGE-REPAIR-G01-F03/verify-stage-r02/A01/a01-invalid-bind-homes-before.txt
6c88f1bf243b09c3f5c0207654b095224ce3608f74e78b992b2a648ff6ad119b  ??  artifacts/rust-tauri/R03/STAGE-REPAIR-G01-F03/verify-stage-r02/A01/a01-leaf-cases.json
52155fc91aa8fe6c9a6f33a38c74d94f1f1e3fa2b181bbd4bbc73a4b75d24c19  ??  artifacts/rust-tauri/R03/STAGE-REPAIR-G01-F03/verify-stage-r02/A01/a01-newer-config-data-fallback-after.txt
52155fc91aa8fe6c9a6f33a38c74d94f1f1e3fa2b181bbd4bbc73a4b75d24c19  ??  artifacts/rust-tauri/R03/STAGE-REPAIR-G01-F03/verify-stage-r02/A01/a01-newer-config-data-fallback-before.txt
c9f5f0a4dab1b7c49c88d9dd10f018e9493c677bd72be64eee7fab00a0dd85b2  ??  artifacts/rust-tauri/R03/STAGE-REPAIR-G01-F03/verify-stage-r02/A01/a01-newer-config-data-homes-after.txt
330463a7afea603e11e92936cf99b1f3985a8200c90efe473b37866ca99b8854  ??  artifacts/rust-tauri/R03/STAGE-REPAIR-G01-F03/verify-stage-r02/A01/a01-newer-config-data-homes-before.txt
8452870929de9176b6fd5642f9bc4b6ef5ada0e1108f8baccc4acca60f50fdbd  ??  artifacts/rust-tauri/R03/STAGE-REPAIR-G01-F03/verify-stage-r02/A01/a01-newer-config-data-original-after.sha256
8452870929de9176b6fd5642f9bc4b6ef5ada0e1108f8baccc4acca60f50fdbd  ??  artifacts/rust-tauri/R03/STAGE-REPAIR-G01-F03/verify-stage-r02/A01/a01-newer-config-data-original-before.sha256
52155fc91aa8fe6c9a6f33a38c74d94f1f1e3fa2b181bbd4bbc73a4b75d24c19  ??  artifacts/rust-tauri/R03/STAGE-REPAIR-G01-F03/verify-stage-r02/A01/a01-newer-data-fallback-after.txt
52155fc91aa8fe6c9a6f33a38c74d94f1f1e3fa2b181bbd4bbc73a4b75d24c19  ??  artifacts/rust-tauri/R03/STAGE-REPAIR-G01-F03/verify-stage-r02/A01/a01-newer-data-fallback-before.txt
d2014239968d35118ba06ccafc55906e7de5ad53588d81ba5db4410da5b8935f  ??  artifacts/rust-tauri/R03/STAGE-REPAIR-G01-F03/verify-stage-r02/A01/a01-newer-data-homes-after.txt
fcfdfb59842633d0ca9998d6657a906fc2e741752c627c578cb0b8363ceb8b25  ??  artifacts/rust-tauri/R03/STAGE-REPAIR-G01-F03/verify-stage-r02/A01/a01-newer-data-homes-before.txt
6c98111cb2f90848a8f90674bd7224de839c41e5ee6b2fb51af2415bbd2de56c  ??  artifacts/rust-tauri/R03/STAGE-REPAIR-G01-F03/verify-stage-r02/A01/a01-newer-data-original-after.sha256
6c98111cb2f90848a8f90674bd7224de839c41e5ee6b2fb51af2415bbd2de56c  ??  artifacts/rust-tauri/R03/STAGE-REPAIR-G01-F03/verify-stage-r02/A01/a01-newer-data-original-before.sha256
52155fc91aa8fe6c9a6f33a38c74d94f1f1e3fa2b181bbd4bbc73a4b75d24c19  ??  artifacts/rust-tauri/R03/STAGE-REPAIR-G01-F03/verify-stage-r02/A01/a01-newer-env-data-fallback-after.txt
52155fc91aa8fe6c9a6f33a38c74d94f1f1e3fa2b181bbd4bbc73a4b75d24c19  ??  artifacts/rust-tauri/R03/STAGE-REPAIR-G01-F03/verify-stage-r02/A01/a01-newer-env-data-fallback-before.txt
0c73f53456b6784ec99cade085625d84c0d90d5b674789826b017b99d635ba46  ??  artifacts/rust-tauri/R03/STAGE-REPAIR-G01-F03/verify-stage-r02/A01/a01-newer-env-data-homes-after.txt
54a6ccc9f033faa0fb059e32e7ecd434230a7e4002f9b81020dd4e2bffdaa897  ??  artifacts/rust-tauri/R03/STAGE-REPAIR-G01-F03/verify-stage-r02/A01/a01-newer-env-data-homes-before.txt
076f9c4eb3426ac4ada0c0364589228b3690037e5001f06e8015a13390161c4e  ??  artifacts/rust-tauri/R03/STAGE-REPAIR-G01-F03/verify-stage-r02/A01/a01-newer-env-data-original-after.sha256
076f9c4eb3426ac4ada0c0364589228b3690037e5001f06e8015a13390161c4e  ??  artifacts/rust-tauri/R03/STAGE-REPAIR-G01-F03/verify-stage-r02/A01/a01-newer-env-data-original-before.sha256
3ce1005240a8ebfb25acd73c8ec01b4df742a35b81e2a622a6c65bf368865033  ??  artifacts/rust-tauri/R03/STAGE-REPAIR-G01-F03/verify-stage-r02/A01/leaf-cases.ndjson
8dc4d3e3a97551c180fb091ac3d891659c2061bfea183ee17ebdcc3252c7dc27  ??  artifacts/rust-tauri/R03/STAGE-REPAIR-G01-F03/verify-stage-r02/A03/a03-forged-record.json
f7fcacea611f836fcfee896f96b921cb6f11f87ef330adf7f40d820cb361ac1c  ??  artifacts/rust-tauri/R03/STAGE-REPAIR-G01-F03/verify-stage-r02/A03/a03-inst1-health.json
684465290220e19c3f4d9838154e31caea90031ad478ab3605febfa3c208226b  ??  artifacts/rust-tauri/R03/STAGE-REPAIR-G01-F03/verify-stage-r02/A03/a03-inst2-marker.txt
026b6e0a31fc0decf2f3fdef5893512beec16abe24d6651617c080cbc64727c9  ??  artifacts/rust-tauri/R03/STAGE-REPAIR-G01-F03/verify-stage-r02/A03/a03-summary.txt
50ceeafe3e803755a14101f70c97db0e37e03bd0afaa5977093042c37cb25b48  ??  artifacts/rust-tauri/R03/STAGE-REPAIR-G01-F03/verify-stage-r02/A04/a04-summary.txt
bcbabb959d4aa89a3418bde7d2d29caade2b3358e810f9c6ef8732e457b9787f  ??  artifacts/rust-tauri/R03/STAGE-REPAIR-G01-F03/verify-stage-r02/A05_A06/.last-body
1319bbe558a1a9043433da92529bc8c24d2b6fbcabc962836a938e946e273399  ??  artifacts/rust-tauri/R03/STAGE-REPAIR-G01-F03/verify-stage-r02/A05_A06/body-limit.txt
c0c19dff508a998f0c6e1fbf2643c2d78647cd6495bc53c57d2566877a3abc0b  ??  artifacts/rust-tauri/R03/STAGE-REPAIR-G01-F03/verify-stage-r02/A05_A06/cli-sessions-limit-case.json
203fc727a48a812d726ee6be9cd811eee16a5b0d0300ee3c192ddc92da47c2bc  ??  artifacts/rust-tauri/R03/STAGE-REPAIR-G01-F03/verify-stage-r02/A05_A06/creds-after-authz.json
c34e39e4872afaea87667debe459ae526e0b849becd03218fbde0cf4e123fc74  ??  artifacts/rust-tauri/R03/STAGE-REPAIR-G01-F03/verify-stage-r02/A05_A06/creds-before-authz.json
937db07e6fc8bf324e09494a605219d6fcb1bf2d2df7ce21bf18e2e4c86c803c  ??  artifacts/rust-tauri/R03/STAGE-REPAIR-G01-F03/verify-stage-r02/A05_A06/devices-after-authz.json
d3e516b1a63bed11734416dd6ee083cb54c3f38f69cdfb00c00243cf4f01f581  ??  artifacts/rust-tauri/R03/STAGE-REPAIR-G01-F03/verify-stage-r02/A05_A06/devices-before-authz.json
9ba9acd27cf4f09821432e9a1fc8d9f217112383e5ef904cf7795fabb931d426  ??  artifacts/rust-tauri/R03/STAGE-REPAIR-G01-F03/verify-stage-r02/A05_A06/leaf-cases.json
6b485d5f1c27650bfe5594e51c68891a2c8fe53af7e59c0b4edb9af9d33c3afa  ??  artifacts/rust-tauri/R03/STAGE-REPAIR-G01-F03/verify-stage-r02/A05_A06/leaf-cases.ndjson
7383caa0041c456aab98e86c773d6962b4208db9ad733eb8aa6e5cedc7b9c1a2  ??  artifacts/rust-tauri/R03/STAGE-REPAIR-G01-F03/verify-stage-r02/A05_A06/me-denied-after.sha256
7383caa0041c456aab98e86c773d6962b4208db9ad733eb8aa6e5cedc7b9c1a2  ??  artifacts/rust-tauri/R03/STAGE-REPAIR-G01-F03/verify-stage-r02/A05_A06/me-denied-before.sha256
9901fa4939e8c0683cc392787126273c429530490fdebe18e68d1ad0c6fc2459  ??  artifacts/rust-tauri/R03/STAGE-REPAIR-G01-F03/verify-stage-r02/A05_A06/sessions-list-matrix.json
2ec152e812d0a04f14c6b8f4c577578324a3a99fd03f4ea6c68b8da7cf74975a  ??  artifacts/rust-tauri/R03/STAGE-REPAIR-G01-F03/verify-stage-r02/A05_A06/state-after-authn.txt
41ca8c37bb96e72b1243937a05d719342f80387a5c8a012fbb3eb782a7203e88  ??  artifacts/rust-tauri/R03/STAGE-REPAIR-G01-F03/verify-stage-r02/A05_A06/state-after.txt
2ec152e812d0a04f14c6b8f4c577578324a3a99fd03f4ea6c68b8da7cf74975a  ??  artifacts/rust-tauri/R03/STAGE-REPAIR-G01-F03/verify-stage-r02/A05_A06/state-before-authz.txt
2ec152e812d0a04f14c6b8f4c577578324a3a99fd03f4ea6c68b8da7cf74975a  ??  artifacts/rust-tauri/R03/STAGE-REPAIR-G01-F03/verify-stage-r02/A05_A06/state-before.txt
f5cc74e5d18f7756eb012c72a527d6780e5ab3dda40fc8fa6c37e95c42db3901  ??  artifacts/rust-tauri/R03/STAGE-REPAIR-G01-F03/verify-stage-r02/A05_A06/summary.txt
ce61014699ba0fa86b1381e5b0b3351cd163c4f76463dee5e81ad1f06839818c  ??  artifacts/rust-tauri/R03/STAGE-REPAIR-G01-F03/verify-stage-r02/A05_A06/ws-matrix.json
143404de6663dfec422314e2be2aedd6aa6908abc32c082d23c3184b3288d785  ??  artifacts/rust-tauri/R03/STAGE-REPAIR-G01-F03/verify-stage-r02/A07_A08/last-db-hashes.txt
e613a984930f45c73fa5aa79af6955b0ac56faa30868e1da85d84a96a180eee3  ??  artifacts/rust-tauri/R03/STAGE-REPAIR-G01-F03/verify-stage-r02/A07_A08/s1-counts-after-stop.json
6e11d3157e36f2f24de72943cc5df97aec8475c1e95a29c6fed9cc451e41da10  ??  artifacts/rust-tauri/R03/STAGE-REPAIR-G01-F03/verify-stage-r02/A07_A08/s2-counts-after-crash.json
270796ca55d1f4556f6fe4a186c6619fe5a27ae58a4d2174c347ac3ac02cb67a  ??  artifacts/rust-tauri/R03/STAGE-REPAIR-G01-F03/verify-stage-r02/A07_A08/s2-runs-dump.jsonl
dfc4f192877e38a79120131131af710fd1fd2d1ab302813144f1b52fbf90b321  ??  artifacts/rust-tauri/R03/STAGE-REPAIR-G01-F03/verify-stage-r02/A07_A08/s3-fault.err
e3b0c44298fc1c149afbf4c8996fb92427ae41e4649b934ca495991b7852b855  ??  artifacts/rust-tauri/R03/STAGE-REPAIR-G01-F03/verify-stage-r02/A07_A08/s3-fault.out
444e0f2314c076fce9fee6545978d5984f9c17ef7244f5619a2049b947057ab9  ??  artifacts/rust-tauri/R03/STAGE-REPAIR-G01-F03/verify-stage-r02/A07_A08/s4-hashes-after.txt
444e0f2314c076fce9fee6545978d5984f9c17ef7244f5619a2049b947057ab9  ??  artifacts/rust-tauri/R03/STAGE-REPAIR-G01-F03/verify-stage-r02/A07_A08/s4-hashes-before.txt
b0ea34edfde5ca9b4ce8d32227157e12a6572a655c8b34c6a7ef38cc5d4bdf74  ??  artifacts/rust-tauri/R03/STAGE-REPAIR-G01-F03/verify-stage-r02/A07_A08/s4-migrations-round1.json
b0ea34edfde5ca9b4ce8d32227157e12a6572a655c8b34c6a7ef38cc5d4bdf74  ??  artifacts/rust-tauri/R03/STAGE-REPAIR-G01-F03/verify-stage-r02/A07_A08/s4-migrations-round2.json
b0ea34edfde5ca9b4ce8d32227157e12a6572a655c8b34c6a7ef38cc5d4bdf74  ??  artifacts/rust-tauri/R03/STAGE-REPAIR-G01-F03/verify-stage-r02/A07_A08/s4-migrations-round3.json
de1eecb89bf105d4fd0172bd1caf15c5c22a853cd9cd063f5c6b51fbe08031eb  ??  artifacts/rust-tauri/R03/STAGE-REPAIR-G01-F03/verify-stage-r02/A07_A08/service-s1.err
981de31e5f82e0f72d3c19dde83b7ccc6ce0559c7fd9c43c263ed59c2509efa5  ??  artifacts/rust-tauri/R03/STAGE-REPAIR-G01-F03/verify-stage-r02/A07_A08/service-s1.out
c45548e79bfa0a1a5a270e6258f389c29e73541506f3c53a5576dd95cde7a38b  ??  artifacts/rust-tauri/R03/STAGE-REPAIR-G01-F03/verify-stage-r02/A07_A08/service-s1b.err
0c33a818d54daba22cb6c5a0e5fd1fc5d8e35cba186b8139f7b2af59a33f1e88  ??  artifacts/rust-tauri/R03/STAGE-REPAIR-G01-F03/verify-stage-r02/A07_A08/service-s1b.out
a7c4c6b82c93df2aaa9afd85a7e2022f1fea20554fcd1fd7130ee265eebde9a2  ??  artifacts/rust-tauri/R03/STAGE-REPAIR-G01-F03/verify-stage-r02/A07_A08/service-s2.err
82e239c3fb674f1c26da565ed22880aa5cff05924d6805568b6446131498dad4  ??  artifacts/rust-tauri/R03/STAGE-REPAIR-G01-F03/verify-stage-r02/A07_A08/service-s2.out
1e66da7b1d06b16d2badc4a581f5ea0463185ab2b6b036b936752981f48ae316  ??  artifacts/rust-tauri/R03/STAGE-REPAIR-G01-F03/verify-stage-r02/A07_A08/service-s2b.err
d01158ba383a63ea6e57149509c5718f5afc2a2118cfe927b47cd0df22251208  ??  artifacts/rust-tauri/R03/STAGE-REPAIR-G01-F03/verify-stage-r02/A07_A08/service-s2b.out
cbb6cd6a6f0455d48e046e772148d909b007ac0660f50204cbbd4e7844e39f37  ??  artifacts/rust-tauri/R03/STAGE-REPAIR-G01-F03/verify-stage-r02/A07_A08/service-s4-1.err
f8c6dc2e4ed1033dfd367c512f84d6ff30771aa59b0d800bb22d82f976f45b11  ??  artifacts/rust-tauri/R03/STAGE-REPAIR-G01-F03/verify-stage-r02/A07_A08/service-s4-1.out
3a6e3b0374ae8e6dbc835401a7ce6991324206f39544cdefad058cdd95e34134  ??  artifacts/rust-tauri/R03/STAGE-REPAIR-G01-F03/verify-stage-r02/A07_A08/service-s4-2.err
ffdd00211731d0bb3e500b3e903687dd5542ffede1a2c9f01d1b91bdb96567d0  ??  artifacts/rust-tauri/R03/STAGE-REPAIR-G01-F03/verify-stage-r02/A07_A08/service-s4-2.out
a47a3f9d815319f7211a00c682e9de3156289045c0128e72a4975c417b9edca4  ??  artifacts/rust-tauri/R03/STAGE-REPAIR-G01-F03/verify-stage-r02/A07_A08/service-s4-3.err
1ad94a541795e4562e8de9891c43b60a0eb898eaea1bcc9ff9d4c62be1948d2b  ??  artifacts/rust-tauri/R03/STAGE-REPAIR-G01-F03/verify-stage-r02/A07_A08/service-s4-3.out
d0388d8474c3cd5f9f709702dc24a514afd934d5c19ded61e276d3e71f0cf03b  ??  artifacts/rust-tauri/R03/STAGE-REPAIR-G01-F03/verify-stage-r02/A07_A08/service.addr
fc0b82b09d1feb45d47a2d22dd6838fa8b2852b6284d01bfde60d279442ea649  ??  artifacts/rust-tauri/R03/STAGE-REPAIR-G01-F03/verify-stage-r02/A07_A08/service.pid
ef0c69072110e13bcf354619c10a98d842e8e82779465f9daa468de30a268a6b  ??  artifacts/rust-tauri/R03/STAGE-REPAIR-G01-F03/verify-stage-r02/A07_A08/summary.txt
595bf582f302fb3cb3d0f36eecb9393c8fe1c8fae86363a28c1c29b7c841e56e  ??  artifacts/rust-tauri/R03/STAGE-REPAIR-G01-F03/verify-stage-r02/A07_LIVE_FAULT/case.json
f2e373dab444d4eac5276adcaf4e1180e7661425d298621a91e8fe0117243006  ??  artifacts/rust-tauri/R03/STAGE-REPAIR-G01-F03/verify-stage-r02/A07_LIVE_FAULT/checked.json
2d71a578f62bfeb690d50aec29f5f11fda7b44b54f364d584d8c278495498432  ??  artifacts/rust-tauri/R03/STAGE-REPAIR-G01-F03/verify-stage-r02/A09_A10/a09-merged-view.json
ac17c062eca8baa04fad20bd1ec0b670320e66d1cbbae5b556b0c6274c1f7966  ??  artifacts/rust-tauri/R03/STAGE-REPAIR-G01-F03/verify-stage-r02/A09_A10/a10-rebuild-diff.json
f310ca2ef12989e5b8905ca51f39a174210ac91c997a4f0a924e6d12349e3c60  ??  artifacts/rust-tauri/R03/STAGE-REPAIR-G01-F03/verify-stage-r02/A09_A10/key-events-dump.json
99c286726c6df61543909c72dc9caeef805a7b8845a9f1dcabc0048fcf75e30d  ??  artifacts/rust-tauri/R03/STAGE-REPAIR-G01-F03/verify-stage-r02/A09_A10/matrix.json
cfb64c1a04751f5e4b1a3be5f2f94e1c56e51398a63a25c68c6cd132d0ff1113  ??  artifacts/rust-tauri/R03/STAGE-REPAIR-G01-F03/verify-stage-r02/A09_A10/probe-matrix.jsonl
02894c31d238e44acb4e88abd0ea656d76d8f1f7d75895d3729230927aaefb0b  ??  artifacts/rust-tauri/R03/STAGE-REPAIR-G01-F03/verify-stage-r02/A09_A10/service.err
6e96112baa4b2d8ed1de43eaaf3a5aa27eb66d75c5c6e485fff0f2bf89c8f17f  ??  artifacts/rust-tauri/R03/STAGE-REPAIR-G01-F03/verify-stage-r02/A09_A10/service.out
9ede6b1cc141d13313a2e3ecd8c3e5e9f7e3b1c54d6f2b760526016e3da32a6b  ??  artifacts/rust-tauri/R03/STAGE-REPAIR-G01-F03/verify-stage-r02/A09_A10/summary.txt
dd63f79ce1a39fdef735dbb9eb292c3f8a45db77c2513d3cc7379e5dbe13749e  ??  artifacts/rust-tauri/R03/STAGE-REPAIR-G01-F03/verify-stage-r02/A11/backup-restore/s1-backup-dir-listing.txt
a45121c965550246bfea395fbc90d94f5a944a971f31c93b6ccf3fd78ada0a98  ??  artifacts/rust-tauri/R03/STAGE-REPAIR-G01-F03/verify-stage-r02/A11/backup-restore/s1-backup-outcome.json
e3b0c44298fc1c149afbf4c8996fb92427ae41e4649b934ca495991b7852b855  ??  artifacts/rust-tauri/R03/STAGE-REPAIR-G01-F03/verify-stage-r02/A11/backup-restore/s1-backup.err
3c4f1f65babe8faf84fdab5db8d821a8cf7dc53a5e9c18345d8a3ce943c563d8  ??  artifacts/rust-tauri/R03/STAGE-REPAIR-G01-F03/verify-stage-r02/A11/backup-restore/s1-restore-outcome.json
e3b0c44298fc1c149afbf4c8996fb92427ae41e4649b934ca495991b7852b855  ??  artifacts/rust-tauri/R03/STAGE-REPAIR-G01-F03/verify-stage-r02/A11/backup-restore/s1-restore.err
48cb4b9cd0c6e7f0563b09123cb0437e6556683bb2850ab8c43d624f34dfd563  ??  artifacts/rust-tauri/R03/STAGE-REPAIR-G01-F03/verify-stage-r02/A11/backup-restore/s1-restored-dump.jsonl
59c569cb008674d04781148a7238da3efd9e5821ae7d38d3ba4e6404676a1fc9  ??  artifacts/rust-tauri/R03/STAGE-REPAIR-G01-F03/verify-stage-r02/A11/backup-restore/s1-restored-hash.txt
48cb4b9cd0c6e7f0563b09123cb0437e6556683bb2850ab8c43d624f34dfd563  ??  artifacts/rust-tauri/R03/STAGE-REPAIR-G01-F03/verify-stage-r02/A11/backup-restore/s1-source-dump.jsonl
96ebd07cc98705769c46f0d513d05b5fe23fb931bc645bb01799b35a892275b6  ??  artifacts/rust-tauri/R03/STAGE-REPAIR-G01-F03/verify-stage-r02/A11/backup-restore/s1-source-hash.txt
951e1f2cedf4a978898a4f9e620777561b8381ece9faf4223f8594a201f47f74  ??  artifacts/rust-tauri/R03/STAGE-REPAIR-G01-F03/verify-stage-r02/A11/backup-restore/s1-wal-size.txt
e3b0c44298fc1c149afbf4c8996fb92427ae41e4649b934ca495991b7852b855  ??  artifacts/rust-tauri/R03/STAGE-REPAIR-G01-F03/verify-stage-r02/A11/backup-restore/s3-backup-out.json
baf6ca6388b91adaa51949e7a23b2e3e5b595557f64940c71836e8994ca398d3  ??  artifacts/rust-tauri/R03/STAGE-REPAIR-G01-F03/verify-stage-r02/A11/backup-restore/s3-backup.err
9b33c4d50a9f7a0434980244454a85ce4288c7323241cf9ff22c50e6b8f8dd85  ??  artifacts/rust-tauri/R03/STAGE-REPAIR-G01-F03/verify-stage-r02/A11/backup-restore/s4-ws-probe.json
a4c3ed04a95a3da14a9d235c83d868bed7c0f45cf7f3faa751ee8f50598d2211  ??  artifacts/rust-tauri/R03/STAGE-REPAIR-G01-F03/verify-stage-r02/A11/backup-restore/s4-ws-probe.json.probe-done
6c6451cce53b42b1c41818b2c6724e750194eb52841586d4152562fe50d5e7ff  ??  artifacts/rust-tauri/R03/STAGE-REPAIR-G01-F03/verify-stage-r02/A11/backup-restore/service-s1.addr
a9f4f52c482d1c4d1a5da79a3c6311010fc2db404ef84ea03bf48bec6ced28af  ??  artifacts/rust-tauri/R03/STAGE-REPAIR-G01-F03/verify-stage-r02/A11/backup-restore/service-s1.err
8a542a5ef294c653a7e4312654f1106cedae3d996774679a541ff32e49ca9cd3  ??  artifacts/rust-tauri/R03/STAGE-REPAIR-G01-F03/verify-stage-r02/A11/backup-restore/service-s1.out
a2b84c2bab2539aff09fcbe9125960bb8ff52390d7c90797dc96dfafdab80868  ??  artifacts/rust-tauri/R03/STAGE-REPAIR-G01-F03/verify-stage-r02/A11/backup-restore/service-s2.addr
f8b35ade14bbd684f848cb4185ec51db34bdb99da76da7445b127b3da24a91dd  ??  artifacts/rust-tauri/R03/STAGE-REPAIR-G01-F03/verify-stage-r02/A11/backup-restore/service-s2.err
709faf35173d1b60b49a9ff2eac2e287f00f114406588102e1dd8b80b8a55488  ??  artifacts/rust-tauri/R03/STAGE-REPAIR-G01-F03/verify-stage-r02/A11/backup-restore/service-s2.out
fd694d1eec105b7097b130316d6e0010ace1bbb39faf2c8797bf613d11824f2d  ??  artifacts/rust-tauri/R03/STAGE-REPAIR-G01-F03/verify-stage-r02/A11/backup-restore/service-s4.addr
0eedb8a76ce8da90b51457a14fac72f777315ee6b986c45dc68a421b069e81ea  ??  artifacts/rust-tauri/R03/STAGE-REPAIR-G01-F03/verify-stage-r02/A11/backup-restore/service-s4.err
fe489350cd33759b17a645923fed0edb9171884232c9bd3bda894a49ecd422bf  ??  artifacts/rust-tauri/R03/STAGE-REPAIR-G01-F03/verify-stage-r02/A11/backup-restore/service-s4.out
0f3155e769591a56143a48160dfe72975a9d9dad61c8a754783084b7bc01e354  ??  artifacts/rust-tauri/R03/STAGE-REPAIR-G01-F03/verify-stage-r02/A11/backup-restore/service.pid
668ed90314dae2acbb6362721a735ad323dcedd827e5ccc35d22848e6361a2f5  ??  artifacts/rust-tauri/R03/STAGE-REPAIR-G01-F03/verify-stage-r02/A11/backup-restore/summary.txt
d2c0c587090c014d81cfad6bed55bd078d40974a6f218ccdf30d047647627a2e  ??  artifacts/rust-tauri/R03/STAGE-REPAIR-G01-F03/verify-stage-r02/A12/recovery-drill/coexist-after.txt
d2c0c587090c014d81cfad6bed55bd078d40974a6f218ccdf30d047647627a2e  ??  artifacts/rust-tauri/R03/STAGE-REPAIR-G01-F03/verify-stage-r02/A12/recovery-drill/coexist-before.txt
aaef72f0e0c0f1e2641d9aa76bae3e7baa0d1a6f29535b7116cf1be3d82e70ad  ??  artifacts/rust-tauri/R03/STAGE-REPAIR-G01-F03/verify-stage-r02/A12/recovery-drill/own-created-homes.txt
79be6d64aa93bf457e5b337dfa16a187af549e49a08c7760b4ddb0f61bedf8ac  ??  artifacts/rust-tauri/R03/STAGE-REPAIR-G01-F03/verify-stage-r02/A12/recovery-drill/summary.txt
7b2f675d535131e9ee3b95eb996b520af42000b1efea572dc62eff72fd758a84  ??  artifacts/rust-tauri/R03/STAGE-REPAIR-G01-F03/verify-stage-r02/A12/recovery-drill/v1-hashes-after.txt
7b2f675d535131e9ee3b95eb996b520af42000b1efea572dc62eff72fd758a84  ??  artifacts/rust-tauri/R03/STAGE-REPAIR-G01-F03/verify-stage-r02/A12/recovery-drill/v1-hashes-before.txt
03fde67c75317ea7fcb9017ccb51722fd0db4915703d7834ad96dcf9216c72be  ??  artifacts/rust-tauri/R03/STAGE-REPAIR-G01-F03/verify-stage-r02/A12/recovery-drill/v1.err
e3b0c44298fc1c149afbf4c8996fb92427ae41e4649b934ca495991b7852b855  ??  artifacts/rust-tauri/R03/STAGE-REPAIR-G01-F03/verify-stage-r02/A12/recovery-drill/v1.out
fcb269f1fc43e20619871bab0f6e464d30773313e55b17f725fc62249ab521be  ??  artifacts/rust-tauri/R03/STAGE-REPAIR-G01-F03/verify-stage-r02/A12/recovery-drill/v2-hashes-after.txt
fcb269f1fc43e20619871bab0f6e464d30773313e55b17f725fc62249ab521be  ??  artifacts/rust-tauri/R03/STAGE-REPAIR-G01-F03/verify-stage-r02/A12/recovery-drill/v2-hashes-before.txt
e73964bcddb6a779c8189966fd9440db2d87e845454038282e543b8489b10844  ??  artifacts/rust-tauri/R03/STAGE-REPAIR-G01-F03/verify-stage-r02/A12/recovery-drill/v2.err
e3b0c44298fc1c149afbf4c8996fb92427ae41e4649b934ca495991b7852b855  ??  artifacts/rust-tauri/R03/STAGE-REPAIR-G01-F03/verify-stage-r02/A12/recovery-drill/v2.out
a33ffd69acb495d9a221778bb2317e4cef00e4d752d794b9c1267890666ec43d  ??  artifacts/rust-tauri/R03/STAGE-REPAIR-G01-F03/verify-stage-r02/A12/recovery-drill/v3-hashes-after.txt
a33ffd69acb495d9a221778bb2317e4cef00e4d752d794b9c1267890666ec43d  ??  artifacts/rust-tauri/R03/STAGE-REPAIR-G01-F03/verify-stage-r02/A12/recovery-drill/v3-hashes-before.txt
64971b17d86704cafcea1138733e6bd0df80f0acb3a8f93161b264c3c22a27f1  ??  artifacts/rust-tauri/R03/STAGE-REPAIR-G01-F03/verify-stage-r02/A12/recovery-drill/v3.err
e3b0c44298fc1c149afbf4c8996fb92427ae41e4649b934ca495991b7852b855  ??  artifacts/rust-tauri/R03/STAGE-REPAIR-G01-F03/verify-stage-r02/A12/recovery-drill/v3.out
a4b7bcb47022ea395a83deb9e7620023a38540e8b45fb204a707c57ea438593a  ??  artifacts/rust-tauri/R03/STAGE-REPAIR-G01-F03/verify-stage-r02/A12/recovery-drill/v4.err
886ff0b9dd626440a132254635986d7844055ad43b7fd6f0453fa2f75f005b29  ??  artifacts/rust-tauri/R03/STAGE-REPAIR-G01-F03/verify-stage-r02/A12/recovery-drill/v4.out
b4adfcc9c45bfe8f0e2bf1cbd11c678b535a33628295fbdd70ea48ad0b7651f2  ??  artifacts/rust-tauri/R03/STAGE-REPAIR-G01-F03/verify-stage-r02/A12/recovery-drill/v5-hashes-after.txt
b4adfcc9c45bfe8f0e2bf1cbd11c678b535a33628295fbdd70ea48ad0b7651f2  ??  artifacts/rust-tauri/R03/STAGE-REPAIR-G01-F03/verify-stage-r02/A12/recovery-drill/v5-hashes-before.txt
ff357010564efca2a7b1a7f2906e9db43f818b2727820e923e16774f68e342dc  ??  artifacts/rust-tauri/R03/STAGE-REPAIR-G01-F03/verify-stage-r02/A12/recovery-drill/v5.err
e3b0c44298fc1c149afbf4c8996fb92427ae41e4649b934ca495991b7852b855  ??  artifacts/rust-tauri/R03/STAGE-REPAIR-G01-F03/verify-stage-r02/A12/recovery-drill/v5.out
2245f29377fb4f6dac313154b230a46fd1b5af994be06e2f9c90cf0201b52726  ??  artifacts/rust-tauri/R03/STAGE-REPAIR-G01-F03/verify-stage-r02/A12/recovery-drill/v6-recovered-dump.jsonl
27badc983df1780b60c2b3fa9d3a19a00e46aac798451f0febdca52920faaddf  ??  artifacts/rust-tauri/R03/STAGE-REPAIR-G01-F03/verify-stage-r02/A12/recovery-drill/v6-seed-execute.txt
ade7b9147c75e9feb3476441074427c20bf43cf0c5b9af5a9dfe079739249008  ??  artifacts/rust-tauri/R03/STAGE-REPAIR-G01-F03/verify-stage-r02/A12/recovery-drill/v6-seed.err
21ceef220dced364104a8b585219da7da40c2873d50d3ed5c1129a2d87c32671  ??  artifacts/rust-tauri/R03/STAGE-REPAIR-G01-F03/verify-stage-r02/A12/recovery-drill/v6-seed.out
2a7bd6048900c8c5fae8fd0ef9536824388d0082c31ae1bdbcad308fb358ab6c  ??  artifacts/rust-tauri/R03/STAGE-REPAIR-G01-F03/verify-stage-r02/A12/recovery-drill/v6.err
ba71a38043bc97e023f1bca0df3c120cde90f56741809af4025c27e171a4a181  ??  artifacts/rust-tauri/R03/STAGE-REPAIR-G01-F03/verify-stage-r02/A12/recovery-drill/v6.out
19c96fd552f43508dab71c9475afec3442f25874daa274c790315b3ee7527176  ??  artifacts/rust-tauri/R03/STAGE-REPAIR-G01-F03/verify-stage-r02/A12/recovery-drill/v7-hashes-after.txt
19c96fd552f43508dab71c9475afec3442f25874daa274c790315b3ee7527176  ??  artifacts/rust-tauri/R03/STAGE-REPAIR-G01-F03/verify-stage-r02/A12/recovery-drill/v7-hashes-before.txt
b9110157834ee3a39cf05b3dddf5bc1583450bc0cc9b4d74ff73c1a572f37d87  ??  artifacts/rust-tauri/R03/STAGE-REPAIR-G01-F03/verify-stage-r02/A12/recovery-drill/v7-seed.err
e18f5dae5f9e6454f6e7ce08d0269c6fb002d5fa73dfe891e6f3a3becaa5612a  ??  artifacts/rust-tauri/R03/STAGE-REPAIR-G01-F03/verify-stage-r02/A12/recovery-drill/v7-seed.out
45d1d0dc4d5d119bc93152263fcb8f79d6a91ca5d572672ec6660440cf0fe5b7  ??  artifacts/rust-tauri/R03/STAGE-REPAIR-G01-F03/verify-stage-r02/A12/recovery-drill/v7.err
e3b0c44298fc1c149afbf4c8996fb92427ae41e4649b934ca495991b7852b855  ??  artifacts/rust-tauri/R03/STAGE-REPAIR-G01-F03/verify-stage-r02/A12/recovery-drill/v7.out
9be1df912af097a8bc15c85dba52be6b98bd04368811e1972050b8453e4eacf6  ??  artifacts/rust-tauri/R03/STAGE-REPAIR-G01-F03/verify-stage-r02/A12/recovery-drill/v8-observed.err
bea045b737209d2018140468a254faf0b5c9708140407e31f0df6e98e4499a16  ??  artifacts/rust-tauri/R03/STAGE-REPAIR-G01-F03/verify-stage-r02/A12/recovery-drill/v8-seed.err
dbc9ccd0b5065c81e21c8cc27ad727e96e78b8caffb6d3e38f4d3617bb90caa0  ??  artifacts/rust-tauri/R03/STAGE-REPAIR-G01-F03/verify-stage-r02/A12/recovery-drill/v8-seed.out
9be1df912af097a8bc15c85dba52be6b98bd04368811e1972050b8453e4eacf6  ??  artifacts/rust-tauri/R03/STAGE-REPAIR-G01-F03/verify-stage-r02/A12/recovery-drill/v8.err
bf710251e4ea395010086ef3737f228bcd4df5d675ec80d30dac600c35fc11fa  ??  artifacts/rust-tauri/R03/STAGE-REPAIR-G01-F03/verify-stage-r02/A12/recovery-drill/v8.out
c50f0cfbdf5afb7f4072212f70967ea02fd1803fed46d806f383c4a6437bb8f1  ??  artifacts/rust-tauri/R03/STAGE-REPAIR-G01-F03/verify-stage-r02/A13/redaction-scan/inventory.txt
9ca44df4f7567ff35b00cfe32dae015efb2da1ae7357369a5080418037f1bbeb  ??  artifacts/rust-tauri/R03/STAGE-REPAIR-G01-F03/verify-stage-r02/A13/redaction-scan/p1-execute-ok.body
c8b1a17cb213c7468df539c236a7fa8df674510481e576a67366401f67ba7777  ??  artifacts/rust-tauri/R03/STAGE-REPAIR-G01-F03/verify-stage-r02/A13/redaction-scan/p1-execute-ok.headers
4e38ffcd373cb9faac3bd1881d675776a089520fc94d443b306bced20e040e27  ??  artifacts/rust-tauri/R03/STAGE-REPAIR-G01-F03/verify-stage-r02/A13/redaction-scan/p1-execute-request.json
cf95dc7fa8a155e664c510ad6eed944ac99c7f7518c4caf95d159aa17905b01d  ??  artifacts/rust-tauri/R03/STAGE-REPAIR-G01-F03/verify-stage-r02/A13/redaction-scan/p1-issue-credential.body
97d3505d341ef24ce0ff41e6bf837bab1e7bbe6758c12bfd41d450b32e43eccd  ??  artifacts/rust-tauri/R03/STAGE-REPAIR-G01-F03/verify-stage-r02/A13/redaction-scan/p1-issue-credential.headers
e4f7d15ff214194f7c5c24e9a2d1c020776147eba88dd3ecea2e456a7c234da3  ??  artifacts/rust-tauri/R03/STAGE-REPAIR-G01-F03/verify-stage-r02/A13/redaction-scan/p1-issue-request.json
8d6ae70943ec5df35ad279062a44d599f541df8ae740b3e3da2bab34f57e9824  ??  artifacts/rust-tauri/R03/STAGE-REPAIR-G01-F03/verify-stage-r02/A13/redaction-scan/p1-me-ok.body
b27e9cf5649cf90a6fa6eb61bbe6c101c7450dbd40b689f966d0aa782acd71eb  ??  artifacts/rust-tauri/R03/STAGE-REPAIR-G01-F03/verify-stage-r02/A13/redaction-scan/p1-me-ok.headers
44136fa355b3678a1146ad16f7e8649e94fb4fc21fe77e8310c060f61caaff8a  ??  artifacts/rust-tauri/R03/STAGE-REPAIR-G01-F03/verify-stage-r02/A13/redaction-scan/p1-ticket-request.json
e8233eed3b43f94ded14095f1f71576b56fd0420c0fbcfc599876f28bb494fb6  ??  artifacts/rust-tauri/R03/STAGE-REPAIR-G01-F03/verify-stage-r02/A13/redaction-scan/p1-ticket.body
59b63775507f8417d5602891d624b21916f982b71a2a7b99c624bff0c2a91faa  ??  artifacts/rust-tauri/R03/STAGE-REPAIR-G01-F03/verify-stage-r02/A13/redaction-scan/p1-ticket.headers
75a1faed475725413a6d7cf7cbb8f8f32f89ab52fa39a6f3c235581d96e25ba1  ??  artifacts/rust-tauri/R03/STAGE-REPAIR-G01-F03/verify-stage-r02/A13/redaction-scan/p2-me-bad-bearer.body
f80b4f5621efc18cd232063a8254fbcf6cae323b86eb9e6ddbc03d68d4c1fc5e  ??  artifacts/rust-tauri/R03/STAGE-REPAIR-G01-F03/verify-stage-r02/A13/redaction-scan/p2-me-bad-bearer.headers
778f9b07c8539271c7e8fc1f2be557df9db19432b06bbee03010e8b9a5775397  ??  artifacts/rust-tauri/R03/STAGE-REPAIR-G01-F03/verify-stage-r02/A13/redaction-scan/p2-me-no-auth.body
f80b4f5621efc18cd232063a8254fbcf6cae323b86eb9e6ddbc03d68d4c1fc5e  ??  artifacts/rust-tauri/R03/STAGE-REPAIR-G01-F03/verify-stage-r02/A13/redaction-scan/p2-me-no-auth.headers
a417878ad93763a6bc8de39cc4292148f4bd50927642d4d32f167905ad107600  ??  artifacts/rust-tauri/R03/STAGE-REPAIR-G01-F03/verify-stage-r02/A13/redaction-scan/p2-session-cross.body
7c6629b4d03c4606b024db0e75911423257cf74e65bf3e74cdf5145f06b89a7d  ??  artifacts/rust-tauri/R03/STAGE-REPAIR-G01-F03/verify-stage-r02/A13/redaction-scan/p2-session-cross.headers
4eb8cc8c476782b05aed8c0a822a38f562e1ca24726651bc996b8387b76a3b99  ??  artifacts/rust-tauri/R03/STAGE-REPAIR-G01-F03/verify-stage-r02/A13/redaction-scan/p2-session-missing.body
426e9dcb951440e8888da6020c2b38d83d7b9618e7a890bdcbae02fbd4a18d82  ??  artifacts/rust-tauri/R03/STAGE-REPAIR-G01-F03/verify-stage-r02/A13/redaction-scan/p2-session-missing.headers
774fe76a480dd55d865acf94643d230ca3f3182807ad83c54f4df50ccc36cf7e  ??  artifacts/rust-tauri/R03/STAGE-REPAIR-G01-F03/verify-stage-r02/A13/redaction-scan/p2-ws-bad-query.body
f80b4f5621efc18cd232063a8254fbcf6cae323b86eb9e6ddbc03d68d4c1fc5e  ??  artifacts/rust-tauri/R03/STAGE-REPAIR-G01-F03/verify-stage-r02/A13/redaction-scan/p2-ws-bad-query.headers
bc5c798c8846facd87a34da03c3888687355cd3b64ccd008907c9fea00a535ae  ??  artifacts/rust-tauri/R03/STAGE-REPAIR-G01-F03/verify-stage-r02/A13/redaction-scan/p2-ws-transcript.txt
4b6ea5535fb90ba5a5d91515987eb1d86f94e6cc4b578c17b7d0a19e5042c0a3  ??  artifacts/rust-tauri/R03/STAGE-REPAIR-G01-F03/verify-stage-r02/A13/redaction-scan/p3-burst-1.body
19454fb5151699842a231206a6f7eca9f2d637522ede08d899cb67e67ab1beb3  ??  artifacts/rust-tauri/R03/STAGE-REPAIR-G01-F03/verify-stage-r02/A13/redaction-scan/p3-burst-2.body
18d41ba17224cf86aa8228e1dfe895e8bcc849a0fdee598000d3ce05b747e28f  ??  artifacts/rust-tauri/R03/STAGE-REPAIR-G01-F03/verify-stage-r02/A13/redaction-scan/p3-burst-3.body
8df1b7fa1195e9c58f550f71d5e2f46eecbe5de316f243ee1a0971e22f53b1aa  ??  artifacts/rust-tauri/R03/STAGE-REPAIR-G01-F03/verify-stage-r02/A13/redaction-scan/p3-burst-4.body
1123303d8667166bbc135b8d77241f30157dd2aa39ac1cd7f788e5a07f69b3bc  ??  artifacts/rust-tauri/R03/STAGE-REPAIR-G01-F03/verify-stage-r02/A13/redaction-scan/p3-burst-5.body
fe39fd6311a0dd9b60032597e21a5b15041ff0a912513e82f05ec5f603ae3635  ??  artifacts/rust-tauri/R03/STAGE-REPAIR-G01-F03/verify-stage-r02/A13/redaction-scan/p3-burst-6.body
f1aca49e735e8c0dfef1ae40bc47524e8421b667ee7596ba17a8969c351134a5  ??  artifacts/rust-tauri/R03/STAGE-REPAIR-G01-F03/verify-stage-r02/A13/redaction-scan/p3-burst-7.body
3a14f349a3e4ed76772620c180cb30085cbd02a4d6117cd335df8708af69b8bb  ??  artifacts/rust-tauri/R03/STAGE-REPAIR-G01-F03/verify-stage-r02/A13/redaction-scan/p3-burst-8.body
e89d50f95150fa2e9458cb0c5d045ab66124116f16d839c55b21a703190fe91d  ??  artifacts/rust-tauri/R03/STAGE-REPAIR-G01-F03/verify-stage-r02/A13/redaction-scan/p3-execute-request.json
579ddd5f5acb5164c439a0fc1f6e730394917d2a9b163911b1e80dce5a57981b  ??  artifacts/rust-tauri/R03/STAGE-REPAIR-G01-F03/verify-stage-r02/A13/redaction-scan/p3-status-codes.txt
6617cb6e837000fe3ea46e71db41c60a1b25f4c17d470350c5d78598ac963696  ??  artifacts/rust-tauri/R03/STAGE-REPAIR-G01-F03/verify-stage-r02/A13/redaction-scan/service-logs/retention-manifest.txt
97db85aa1694551be4b5e664544b556fed62cbf9bd312b89f4a46644ed6d0936  ??  artifacts/rust-tauri/R03/STAGE-REPAIR-G01-F03/verify-stage-r02/A13/redaction-scan/service-p1.addr
aef40b2c8355b377eceee06beddf96e18efce53714c93aca3fd90bc728085cb3  ??  artifacts/rust-tauri/R03/STAGE-REPAIR-G01-F03/verify-stage-r02/A13/redaction-scan/service-p1.err
2a2d3dd221abd11436975a888fb98c259e93446f9a98e18aa189facaf9447e8b  ??  artifacts/rust-tauri/R03/STAGE-REPAIR-G01-F03/verify-stage-r02/A13/redaction-scan/service-p1.out
5d6a641fca04bdfc1895b6f792c45a0708fbc29b7397bb21ed5406d4c4ccf23a  ??  artifacts/rust-tauri/R03/STAGE-REPAIR-G01-F03/verify-stage-r02/A13/redaction-scan/service-p3.addr
dbcf91271a77a839df2b7c66cb4e46042ddae960f36e51e7a9c592f275daf1b2  ??  artifacts/rust-tauri/R03/STAGE-REPAIR-G01-F03/verify-stage-r02/A13/redaction-scan/service-p3.err
eaa3d131322e7ab7b31c18ffac5d5dd820c8bd10782002b40fefe69007eb4cb6  ??  artifacts/rust-tauri/R03/STAGE-REPAIR-G01-F03/verify-stage-r02/A13/redaction-scan/service-p3.out
6f7bfcc5daff7b36a4a0a5abc7fac658a0e90bf53691add11cffe606714e0ef6  ??  artifacts/rust-tauri/R03/STAGE-REPAIR-G01-F03/verify-stage-r02/A13/redaction-scan/service-p4.err
e3b0c44298fc1c149afbf4c8996fb92427ae41e4649b934ca495991b7852b855  ??  artifacts/rust-tauri/R03/STAGE-REPAIR-G01-F03/verify-stage-r02/A13/redaction-scan/service-p4.out
0d12aea7a81c1d352fab64531a24433192eeb4818d64138ab9be3079cfcfde61  ??  artifacts/rust-tauri/R03/STAGE-REPAIR-G01-F03/verify-stage-r02/A13/redaction-scan/summary.txt
41eb44ba95b95df7bfc85b1544255bdf6155b315058607797debb0163b6f6847  ??  artifacts/rust-tauri/R03/STAGE-REPAIR-G01-F03/verify-stage-r02/A14/slow-subscriber/detach-lines.txt
0c0c448f6fe341c3dc816da11a2864a15c2b7fd9dd2e1fe8f94a79be2e0b2eaf  ??  artifacts/rust-tauri/R03/STAGE-REPAIR-G01-F03/verify-stage-r02/A14/slow-subscriber/rss-samples.csv
8d6ac35c90280962bb6de842668006dfa76a333c5ccd4c65421af2c5754c96ae  ??  artifacts/rust-tauri/R03/STAGE-REPAIR-G01-F03/verify-stage-r02/A14/slow-subscriber/service.err
dce63d5ee5c44def7d8364ac7903fabf2959cddfbc8009aa375e8a0d5fd91412  ??  artifacts/rust-tauri/R03/STAGE-REPAIR-G01-F03/verify-stage-r02/A14/slow-subscriber/service.out
648b4b9ef900af8ef2b4a0e6f7b982f6e818ed2c71a20dd7e96a78bc08d8cb78  ??  artifacts/rust-tauri/R03/STAGE-REPAIR-G01-F03/verify-stage-r02/A14/slow-subscriber/storm-results.json
b2be83d9d3e4558a889f4420c0d5935081f818eec464d04c113b9260af70ec5e  ??  artifacts/rust-tauri/R03/STAGE-REPAIR-G01-F03/verify-stage-r02/A14/slow-subscriber/summary.txt
6b96fb33454ee87e5fdb9630ae316606b392eca3d71eaee77e4b270de662a94c  ??  artifacts/rust-tauri/R03/STAGE-REPAIR-G01-F03/verify-stage-r02/A15/full-chain/pre-restart-head.json
e3b0c44298fc1c149afbf4c8996fb92427ae41e4649b934ca495991b7852b855  ??  artifacts/rust-tauri/R03/STAGE-REPAIR-G01-F03/verify-stage-r02/A15/full-chain/probe1.err
1ab7e49a88bf922118506f98632b34c3c5096c2317ffbc82ae4e792f01dd7cd3  ??  artifacts/rust-tauri/R03/STAGE-REPAIR-G01-F03/verify-stage-r02/A15/full-chain/probe1.pass-lines
e3b0c44298fc1c149afbf4c8996fb92427ae41e4649b934ca495991b7852b855  ??  artifacts/rust-tauri/R03/STAGE-REPAIR-G01-F03/verify-stage-r02/A15/full-chain/probe2.err
28a411dc95be7e6596d2954fdbecf8eb034d9f8dc1248ab1d111c07c1c218b89  ??  artifacts/rust-tauri/R03/STAGE-REPAIR-G01-F03/verify-stage-r02/A15/full-chain/probe2.pass-lines
17638106a74fbbd0ddd8f7ea53bdeea5ac83b9a5d4c110fedbb7f072da7981df  ??  artifacts/rust-tauri/R03/STAGE-REPAIR-G01-F03/verify-stage-r02/A15/full-chain/service1.err
1e6d17680166fba3bb69a0fa149f7cb90d39c6f7a31ac1c1f35a2ebbf6c94cc7  ??  artifacts/rust-tauri/R03/STAGE-REPAIR-G01-F03/verify-stage-r02/A15/full-chain/service1.out
a327fdc7c5c48d52d9b0e829254830523eba0f6c247e7fc289d195cb9806c47d  ??  artifacts/rust-tauri/R03/STAGE-REPAIR-G01-F03/verify-stage-r02/A15/full-chain/service2.err
47e24bf5aafceb4fb2a4dd21d5d9e8070281a5dd27b799241413ab6e9dfea311  ??  artifacts/rust-tauri/R03/STAGE-REPAIR-G01-F03/verify-stage-r02/A15/full-chain/service2.out
3a86093d7a4742dc4ad153bd8846b2218b6bb5c82ed2b72eee31ab2107b169ae  ??  artifacts/rust-tauri/R03/STAGE-REPAIR-G01-F03/verify-stage-r02/A15/full-chain/summary.txt
523ab963a6589a5728516dedfd166d3bb33ca94dad0fc96ba72028e6cc17b218  ??  artifacts/rust-tauri/R03/STAGE-REPAIR-G01-F03/verify-stage-r02/A16/legacy-entry/e0-base-purity.txt
ec6c2ede6764916fc1d42468a0b20e154426b5a5d762f5655c7f0855fd3c3633  ??  artifacts/rust-tauri/R03/STAGE-REPAIR-G01-F03/verify-stage-r02/A16/legacy-entry/e0-candidate-binding.tsv
01a68b817a2cdec6320379639ce24e75fe8140e11304e1e2e8ca7b7bc1036a4f  ??  artifacts/rust-tauri/R03/STAGE-REPAIR-G01-F03/verify-stage-r02/A16/legacy-entry/e0-candidate-dirty.diff
bf90922f3f4cd1d67ee84fdc4fe17b8bd8c65e1ddeedd4ef50c9136c1a612e66  ??  artifacts/rust-tauri/R03/STAGE-REPAIR-G01-F03/verify-stage-r02/A16/legacy-entry/e0-candidate-dirty.txt
dafecdaa505ce47155b8f0b1a6b9d326f65e6e84a229add0428c0fb851a0e505  ??  artifacts/rust-tauri/R03/STAGE-REPAIR-G01-F03/verify-stage-r02/A16/legacy-entry/e1-binding-surface-intersect.txt
e478b5019f8dc054385b670fc46863aacb8ae7bb2c6af54b195ae23a7474e9a3  ??  artifacts/rust-tauri/R03/STAGE-REPAIR-G01-F03/verify-stage-r02/A16/legacy-entry/e1-default-entry-assertions.txt
c290e5efd31bc081acd023ea447b5df27ff4ba8703d5be4e3a02c9b69f0782f8  ??  artifacts/rust-tauri/R03/STAGE-REPAIR-G01-F03/verify-stage-r02/A16/legacy-entry/e1-surface-diff-files.txt
dc037e2a7e0a9111f262aea8475f4fd0cc2a87c5420170ee1650860fa93f9781  ??  artifacts/rust-tauri/R03/STAGE-REPAIR-G01-F03/verify-stage-r02/A16/legacy-entry/e5-candidate-summary-counts.txt
aa8bce81c2569ed3ba726c032b15a820ccdd47f9b0ef0450c0ba18eeb485de9a  ??  artifacts/rust-tauri/R03/STAGE-REPAIR-G01-F03/verify-stage-r02/A16/legacy-entry/e5-candidate-vitest-summary.txt
65a8e4d55d1d7b3d0f11e06928569acf896fdaa4c01cf07c3eb17427b16c603a  ??  artifacts/rust-tauri/R03/STAGE-REPAIR-G01-F03/verify-stage-r02/A16/legacy-entry/e5-cause-classes.txt
a6336e88a861d5d65bf8332c6e104672fbecde11272907b15e2847bc36cfc7b2  ??  artifacts/rust-tauri/R03/STAGE-REPAIR-G01-F03/verify-stage-r02/A16/legacy-entry/e5-seal-family.txt
1294e0eae3b09a7441d1f5beb85d47cb8c07be9a92f12d55b266248b04029b3f  ??  artifacts/rust-tauri/R03/STAGE-REPAIR-G01-F03/verify-stage-r02/A16/legacy-entry/summary.txt
4f53cda18c2baa0c0354bb5f9a3ecbe5ed12ab4d8e11ba873c2f11161202b945  ??  artifacts/rust-tauri/R03/STAGE-REPAIR-G01-F03/verify-stage-r02/CLIENT/cli-help-exit0-no-start/home-after.json
4f53cda18c2baa0c0354bb5f9a3ecbe5ed12ab4d8e11ba873c2f11161202b945  ??  artifacts/rust-tauri/R03/STAGE-REPAIR-G01-F03/verify-stage-r02/CLIENT/cli-help-exit0-no-start/home-before.json
4f53cda18c2baa0c0354bb5f9a3ecbe5ed12ab4d8e11ba873c2f11161202b945  ??  artifacts/rust-tauri/R03/STAGE-REPAIR-G01-F03/verify-stage-r02/CLIENT/cli-serve-unknown-arg-exit1-no-start/home-after.json
4f53cda18c2baa0c0354bb5f9a3ecbe5ed12ab4d8e11ba873c2f11161202b945  ??  artifacts/rust-tauri/R03/STAGE-REPAIR-G01-F03/verify-stage-r02/CLIENT/cli-serve-unknown-arg-exit1-no-start/home-before.json
4f53cda18c2baa0c0354bb5f9a3ecbe5ed12ab4d8e11ba873c2f11161202b945  ??  artifacts/rust-tauri/R03/STAGE-REPAIR-G01-F03/verify-stage-r02/CLIENT/cli-unknown-arg-exit1-no-start/home-after.json
4f53cda18c2baa0c0354bb5f9a3ecbe5ed12ab4d8e11ba873c2f11161202b945  ??  artifacts/rust-tauri/R03/STAGE-REPAIR-G01-F03/verify-stage-r02/CLIENT/cli-unknown-arg-exit1-no-start/home-before.json
e534a9930bc2fac1a30edd423723f077594ec239685991b45fad835a0e462e8d  ??  artifacts/rust-tauri/R03/STAGE-REPAIR-G01-F03/verify-stage-r02/CLIENT/leaf-cases.json
9a51d9093a8a95218544870c9d1d955e86f0ff5d88432763a3a1e7b54339fce2  ??  artifacts/rust-tauri/R03/STAGE-REPAIR-G01-F03/verify-stage-r02/CLIENT/sharing-cases.json
c29bf1160d2dce56c65046e7d8895a26bc85a675b95db528d92a1f7b2ca44460  ??  artifacts/rust-tauri/R03/STAGE-REPAIR-G01-F03/verify-stage-r02/CLIENT/summary.json
e652e6e9bc74212f9f0fa69aad8c26b20bbbdc92dac73ee765461fd84c1bfe5b  ??  artifacts/rust-tauri/R03/STAGE-REPAIR-G01-F03/verify-stage-r02/CLI_RUST/cli-rust-cases.json
cf11ac956cde08d09cd3f049402afcee8cf3af7ddd41aca79a8c7757954dbdab  ??  artifacts/rust-tauri/R03/STAGE-REPAIR-G01-F03/verify-stage-r02/CLI_RUST/home-main/data-epoch.json
7753b70ac9783ec6d4195715224aafc152343be9d0eacfe7fa0f2147844f4f1d  ??  artifacts/rust-tauri/R03/STAGE-REPAIR-G01-F03/verify-stage-r02/CLI_RUST/home-main/lingxi-service/data/runs.db-shm
e3b0c44298fc1c149afbf4c8996fb92427ae41e4649b934ca495991b7852b855  ??  artifacts/rust-tauri/R03/STAGE-REPAIR-G01-F03/verify-stage-r02/CLI_RUST/home-main/lingxi-service/data/runs.db-wal
ec23e93de543963f45f84cd67570922aea1075875f4c3d598a8cc8c771f606e5  ??  artifacts/rust-tauri/R03/STAGE-REPAIR-G01-F03/verify-stage-r02/CLI_RUST/home-main/lingxi-service/device-credentials.json
455c1633e53e28adb8ff9e0d2e8a5229226f505750d699ee6869dd3446fa1790  ??  artifacts/rust-tauri/R03/STAGE-REPAIR-G01-F03/verify-stage-r02/CLI_RUST/home-main/lingxi-service/devices.json
e3b0c44298fc1c149afbf4c8996fb92427ae41e4649b934ca495991b7852b855  ??  artifacts/rust-tauri/R03/STAGE-REPAIR-G01-F03/verify-stage-r02/CLI_RUST/home-main/lingxi-service/instance.lock
3b2d7c6a48834ff59d2cee83b3ff02e48523fb7422eec4331935436bf47b05ff  ??  artifacts/rust-tauri/R03/STAGE-REPAIR-G01-F03/verify-stage-r02/CLI_RUST/home-main/lingxi-service/local-token.json
3ed3252ae33db8075c1be39e386134b99044cdc74c180e5fb432a63cdebcfc55  ??  artifacts/rust-tauri/R03/STAGE-REPAIR-G01-F03/verify-stage-r02/CLI_RUST/home-main/lingxi-service/management.json
fef1da12458d4f58e5ac150ea8cf9628d7234180c32d4ceed0b3b71d4e83f05e  ??  artifacts/rust-tauri/R03/STAGE-REPAIR-G01-F03/verify-stage-r02/CLI_RUST/home-newer/data-epoch.json
e3b0c44298fc1c149afbf4c8996fb92427ae41e4649b934ca495991b7852b855  ??  artifacts/rust-tauri/R03/STAGE-REPAIR-G01-F03/verify-stage-r02/CLI_RUST/home-newer/lingxi-service/instance.lock
655fa99a5156e03d194eedbb14b5beb839aaa9a95a9a4349a91bd384082aa37d  ??  artifacts/rust-tauri/R03/STAGE-REPAIR-G01-F03/verify-stage-r02/CLI_RUST/sessions-empty-api.json
a093ea2f412cf5edaa436379137acf65fc1c404f1e26e805a03bcb4babe6bb4f  ??  artifacts/rust-tauri/R03/STAGE-REPAIR-G01-F03/verify-stage-r02/CLI_RUST/sessions-fixture-ledger.json
4d3ccf725a93266a04f78eeff964c2a1e2200807575e1c27b7ab31b4b2904309  ??  artifacts/rust-tauri/R03/STAGE-REPAIR-G01-F03/verify-stage-r02/CLI_RUST/sessions-limit-api.json
a41dd6c3f98f00818211ec781982712f3f22f370d545b213e536e0b10a7dab28  ??  artifacts/rust-tauri/R03/STAGE-REPAIR-G01-F03/verify-stage-r02/CLI_RUST/sessions-owner-api.json
151cea73d07c33a0eda4c9dff586fe3ad14e3e8707e52a8fca522d36d074122f  ??  artifacts/rust-tauri/R03/STAGE-REPAIR-G01-F03/verify-stage-r02/CLI_SESSIONS/auth/.last-body
1319bbe558a1a9043433da92529bc8c24d2b6fbcabc962836a938e946e273399  ??  artifacts/rust-tauri/R03/STAGE-REPAIR-G01-F03/verify-stage-r02/CLI_SESSIONS/auth/body-limit.txt
c0c19dff508a998f0c6e1fbf2643c2d78647cd6495bc53c57d2566877a3abc0b  ??  artifacts/rust-tauri/R03/STAGE-REPAIR-G01-F03/verify-stage-r02/CLI_SESSIONS/auth/cli-sessions-limit-case.json
e6f151a827cf51fd0ff0a4841b75cc58ddfeb5f802386cbd3b14a7abea471846  ??  artifacts/rust-tauri/R03/STAGE-REPAIR-G01-F03/verify-stage-r02/CLI_SESSIONS/auth/creds-after-authz.json
f09fafb50d384c3d60d576bcee4024016242d916aaa429eb19e1d7ee12e82dfa  ??  artifacts/rust-tauri/R03/STAGE-REPAIR-G01-F03/verify-stage-r02/CLI_SESSIONS/auth/creds-before-authz.json
19e55755c341acf74211f6a4df1389fcdc07d81589cd6b58ed4229fe10082eb2  ??  artifacts/rust-tauri/R03/STAGE-REPAIR-G01-F03/verify-stage-r02/CLI_SESSIONS/auth/devices-after-authz.json
722496506fbbb94825238bf5d6aa7429ad8414f275ed332711a1c6981fad0a53  ??  artifacts/rust-tauri/R03/STAGE-REPAIR-G01-F03/verify-stage-r02/CLI_SESSIONS/auth/devices-before-authz.json
4b3e91f3528b6fdfdee9dc535fc42a4f679a3dd86b75f50764d31c089935857e  ??  artifacts/rust-tauri/R03/STAGE-REPAIR-G01-F03/verify-stage-r02/CLI_SESSIONS/auth/leaf-cases.json
0ff5ce288dcb3013ec08d8e73d78bc7226429d3a1c0ce8573a782c62acbb6c0a  ??  artifacts/rust-tauri/R03/STAGE-REPAIR-G01-F03/verify-stage-r02/CLI_SESSIONS/auth/leaf-cases.ndjson
e262c2c04997fd2fd3ef778176627b761325d47630c7974c606f5b2c5d430cb8  ??  artifacts/rust-tauri/R03/STAGE-REPAIR-G01-F03/verify-stage-r02/CLI_SESSIONS/auth/me-denied-after.sha256
e262c2c04997fd2fd3ef778176627b761325d47630c7974c606f5b2c5d430cb8  ??  artifacts/rust-tauri/R03/STAGE-REPAIR-G01-F03/verify-stage-r02/CLI_SESSIONS/auth/me-denied-before.sha256
9901fa4939e8c0683cc392787126273c429530490fdebe18e68d1ad0c6fc2459  ??  artifacts/rust-tauri/R03/STAGE-REPAIR-G01-F03/verify-stage-r02/CLI_SESSIONS/auth/sessions-list-matrix.json
69c99abe2610573be8df85c25ccf7b7726997ba1b2e8ab813b3795c3e752aed9  ??  artifacts/rust-tauri/R03/STAGE-REPAIR-G01-F03/verify-stage-r02/CLI_SESSIONS/auth/state-after-authn.txt
aee00f12cd86b36f935a9b45f8c3feca6b8caa07f3b9523bf386390253c6ce2c  ??  artifacts/rust-tauri/R03/STAGE-REPAIR-G01-F03/verify-stage-r02/CLI_SESSIONS/auth/state-after.txt
69c99abe2610573be8df85c25ccf7b7726997ba1b2e8ab813b3795c3e752aed9  ??  artifacts/rust-tauri/R03/STAGE-REPAIR-G01-F03/verify-stage-r02/CLI_SESSIONS/auth/state-before-authz.txt
69c99abe2610573be8df85c25ccf7b7726997ba1b2e8ab813b3795c3e752aed9  ??  artifacts/rust-tauri/R03/STAGE-REPAIR-G01-F03/verify-stage-r02/CLI_SESSIONS/auth/state-before.txt
1540ccff7464ca1e993ff7ff317eea9a11ed0f0a3363fed5aebbed490d62efe2  ??  artifacts/rust-tauri/R03/STAGE-REPAIR-G01-F03/verify-stage-r02/CLI_SESSIONS/auth/summary.txt
37cb5ec7086e8ba2a028ecbe4da28113957b445af4080066d423d29a128e2c95  ??  artifacts/rust-tauri/R03/STAGE-REPAIR-G01-F03/verify-stage-r02/CLI_SESSIONS/auth/ws-matrix.json
6358fa3cfd2dcdb9e36af0188381c9c4df2e386219459c834d18bfdb33e664c0  ??  artifacts/rust-tauri/R03/STAGE-REPAIR-G01-F03/verify-stage-r02/CLI_SESSIONS/cli-sessions-cases.json
dd11c8fde14cbeef007286f16f7fdb2e22955c1e40dbaafc15700af5d61f1851  ??  artifacts/rust-tauri/R03/STAGE-REPAIR-G01-F03/verify-stage-r02/CLI_SESSIONS/summary.json
ce6a47ee44cc76d25b4bdb6c960be627c04807fa1e074e41a0976500ac495985  ??  artifacts/rust-tauri/R03/STAGE-REPAIR-G01-F03/verify-stage-r02/MANAGEMENT/management-cases.json
c0da44e07d64f2d89135876b13aaa92a7b6a7690188e4acf30bfeb4cee77fc24  ??  artifacts/rust-tauri/R03/STAGE-REPAIR-G01-F03/verify-stage-r02/MANAGEMENT/security-audit-sources.json
cb9164f154485a1aac966f475e592dd9fd4b2e7ed905eb5598ee537052b2a943  ??  artifacts/rust-tauri/R03/STAGE-REPAIR-G01-F03/verify-stage-r02/MANAGEMENT/security-audit.jsonl
84b1cdb6ed467f68c6a35b330a72e839759a171539036af20adc73e80fa77139  ??  artifacts/rust-tauri/R03/STAGE-REPAIR-G01-F03/verify-stage-r02/MANAGEMENT/summary.json
c71ea5f7520ea670f1c6b38bedab8ba3d31e8c57b9481b5508f0b2e33992bac9  ??  artifacts/rust-tauri/R03/STAGE-REPAIR-G01-F03/verify-stage-r02/MANAGEMENT/tls-web-login-cases.json
518518a158c71749d5caf7acb163844de09143366e8efe46bd7e77822c9c8330  ??  artifacts/rust-tauri/R03/STAGE-REPAIR-G01-F03/verify-stage-r02/MANAGEMENT/web-login-cases.json
1c7affd88fbf974168567ad2bb7e59112ada629817bdf95bd681c594376fc0d5  ??  artifacts/rust-tauri/R03/STAGE-REPAIR-G01-F03/verify-stage-r02/STATIC_WEB/static-web-cases.json
d97520e11e1f9b700e2e68ab86525807a1ae15ceb1b3c2819b54df9b87ee2d34  ??  artifacts/rust-tauri/R03/STAGE-REPAIR-G01-F03/verify-stage-r02/STATIC_WEB/summary.json
2af7d5514830509179e2d8df218aa497607234d1bf2d4855b89f7cf990ed6486  ??  artifacts/rust-tauri/R03/STAGE-REPAIR-G01-F03/verify-stage-r02/candidate-source-after.json
2af7d5514830509179e2d8df218aa497607234d1bf2d4855b89f7cf990ed6486  ??  artifacts/rust-tauri/R03/STAGE-REPAIR-G01-F03/verify-stage-r02/candidate-source-before.json
15acce187d009d953b273450c6a2e09f13492ddd8638e8e6980bbf24d3cfeb17  ??  artifacts/rust-tauri/R03/STAGE-REPAIR-G01-F03/verify-stage-r02/verify-stage-result.json
3c7ba24f4cd7fe723a5b8c5f3da3626b99f1b74cbfdaaa3604b5ab699032cfce   M  docs/rust-tauri/R03/R03-T06_REPORT.md
a10942f2aae49046af909d49ed82436579c9678602c02dbb75db87884c94f7fe   M  docs/rust-tauri/R03/R03_HANDOFF.json
df3871d3a3812d07f7dd71f367226ad18e2924d35cdbb1a1109fa67de643762d   M  docs/rust-tauri/R03/R03_REPORT.md
81af8df4dbd0eebde16ca93d37ee14f14276b6386a21e7401fca38e045e45f1f  ??  docs/rust-tauri/R03/dispatches/R03-STAGE_REPAIR_G01_F01_DISPATCH.md
8c7edd491525ce2e96e9c749b66058ef0cf127004dd0f7bbf2504ed0d2b750ba  ??  docs/rust-tauri/R03/repairs/R03_STAGE_REPAIR_G01_F01.md
09937756a5413dddcea15268b764915351e7974ef6938776fd0519b706405ed6   M  scripts/rust-tauri/r02_t04_live_fault_evidence.py
0cd47b5529d1fc4f4f46dd53d9ed9a0599eacd410ccf35b4d4139e6ce7d6e652   M  scripts/rust-tauri/r02_t07_slow_subscriber.sh
