2026-09-28T15:14:10.164895Z  INFO lingxi_service: data root resolved effective_home=/var/folders/5r/wq54gtms21gfjgr5v94ynfyh0000gn/T//lingxi-r02t07-a14.qY3BDr source=cli ignored_sources=none
2026-09-28T15:14:10.165622Z  INFO lingxi_service: data root prepared (canonicalized; runtime dir private 0700) canonical_home=/private/var/folders/5r/wq54gtms21gfjgr5v94ynfyh0000gn/T/lingxi-r02t07-a14.qY3BDr runtime_dir=/private/var/folders/5r/wq54gtms21gfjgr5v94ynfyh0000gn/T/lingxi-r02t07-a14.qY3BDr/lingxi-service
2026-09-28T15:14:10.165918Z  INFO lingxi_service: single-writer lock acquired instance_id=5ccf50f6db90d44758e8b83853fe9d09 start_nonce=2ec9ce68ce0c8785 pid=84705 entropy="os-random-device" lock=/private/var/folders/5r/wq54gtms21gfjgr5v94ynfyh0000gn/T/lingxi-r02t07-a14.qY3BDr/lingxi-service/instance.lock network_mode=loopback
2026-09-28T15:14:10.180863Z  INFO lingxi_service: data-epoch gate passed home=/private/var/folders/5r/wq54gtms21gfjgr5v94ynfyh0000gn/T/lingxi-r02t07-a14.qY3BDr decision=ProceedStampedNew(EpochStamp { format: V2, minimum_reader_epoch: 1, committed_data_epoch: 1, last_version: Some("0.0.0") })
2026-09-28T15:14:10.221826Z  INFO lingxi_adapters::storage::run_store: run database migrated db=/private/var/folders/5r/wq54gtms21gfjgr5v94ynfyh0000gn/T/lingxi-r02t07-a14.qY3BDr/lingxi-service/data/runs.db applied=[1] version=1
2026-09-28T15:14:10.222277Z  INFO lingxi_service: auth service bootstrapped (per-start loopback token, owner-only); run database migrated and seeded local_token_file=/private/var/folders/5r/wq54gtms21gfjgr5v94ynfyh0000gn/T/lingxi-r02t07-a14.qY3BDr/lingxi-service/local-token.json run_database=/private/var/folders/5r/wq54gtms21gfjgr5v94ynfyh0000gn/T/lingxi-r02t07-a14.qY3BDr/lingxi-service/data/runs.db
2026-09-28T15:14:10.230976Z  INFO lingxi_service: instance record published (atomic write) record=/private/var/folders/5r/wq54gtms21gfjgr5v94ynfyh0000gn/T/lingxi-r02t07-a14.qY3BDr/lingxi-service/instance.json bind_addr=127.0.0.1:49527
2026-09-28T15:14:10.390374Z  INFO lingxi_service: request handled request_id=req-9097fe28157b7d131175a5dd1f7f626c method=GET path=/lingxi/v1/ws status=101
2026-09-28T15:14:10.396296Z  INFO lingxi_service: request handled request_id=req-d7a1afcd6cf5cf7d32ceba032d1a5f6a method=GET path=/lingxi/v1/ws status=101
2026-09-28T15:14:10.412795Z  INFO lingxi_service::sessions: run committed and published (post-commit) run_id=run_000001a0e894a36a_000001 session_id=sess_local_alpha events=run_000001a0e894a36a_000001-done input_chars=16
2026-09-28T15:14:10.413371Z  INFO lingxi_service::sessions: run committed and published (post-commit) run_id=run_000001a0e894a36a_000002 session_id=sess_local_alpha events=run_000001a0e894a36a_000002-done input_chars=15
2026-09-28T15:14:10.413652Z  INFO lingxi_service::sessions: run committed and published (post-commit) run_id=run_000001a0e894a36a_000003 session_id=sess_local_alpha events=run_000001a0e894a36a_000003-done input_chars=15
2026-09-28T15:14:10.413842Z  INFO lingxi_service::sessions: run committed and published (post-commit) run_id=run_000001a0e894a36a_000004 session_id=sess_local_alpha events=run_000001a0e894a36a_000004-done input_chars=15
2026-09-28T15:14:10.416071Z  INFO lingxi_service: request handled request_id=req-76a00bf9bfa6a206ed028a2e07803e23 method=POST path=/lingxi/v1/sessions/sess_local_alpha/execute status=200
2026-09-28T15:14:10.416255Z  INFO lingxi_service::sessions: run committed and published (post-commit) run_id=run_000001a0e894a36a_000005 session_id=sess_local_alpha events=run_000001a0e894a36a_000005-done input_chars=16
2026-09-28T15:14:10.417837Z  INFO lingxi_service: request handled request_id=req-50f5aa2f9db74860f0733648b8e03540 method=POST path=/lingxi/v1/sessions/sess_local_alpha/execute status=200
2026-09-28T15:14:10.418039Z  INFO lingxi_service: request handled request_id=req-93d793fb706dc78b57f72cbb359d9073 method=POST path=/lingxi/v1/sessions/sess_local_alpha/execute status=200
2026-09-28T15:14:10.418072Z  INFO lingxi_service: request handled request_id=req-9a867647834c9a20b472c4b7ca2e05c1 method=POST path=/lingxi/v1/sessions/sess_local_alpha/execute status=200
2026-09-28T15:14:10.418275Z  INFO lingxi_service::sessions: run committed and published (post-commit) run_id=run_000001a0e894a36a_000006 session_id=sess_local_alpha events=run_000001a0e894a36a_000006-done input_chars=15
2026-09-28T15:14:10.418425Z  INFO lingxi_service::sessions: run committed and published (post-commit) run_id=run_000001a0e894a36a_000007 session_id=sess_local_alpha events=run_000001a0e894a36a_000007-done input_chars=16
2026-09-28T15:14:10.418572Z  INFO lingxi_service::sessions: run committed and published (post-commit) run_id=run_000001a0e894a36a_000008 session_id=sess_local_alpha events=run_000001a0e894a36a_000008-done input_chars=15
2026-09-28T15:14:10.418715Z  INFO lingxi_service::sessions: run committed and published (post-commit) run_id=run_000001a0e894a36a_000009 session_id=sess_local_alpha events=run_000001a0e894a36a_000009-done input_chars=16
2026-09-28T15:14:10.418862Z  INFO lingxi_service::sessions: run committed and published (post-commit) run_id=run_000001a0e894a36a_00000a session_id=sess_local_alpha events=run_000001a0e894a36a_00000a-done input_chars=15
2026-09-28T15:14:10.419002Z  INFO lingxi_service::sessions: run committed and published (post-commit) run_id=run_000001a0e894a36a_00000b session_id=sess_local_alpha events=run_000001a0e894a36a_00000b-done input_chars=15
2026-09-28T15:14:10.419145Z  INFO lingxi_service::sessions: run committed and published (post-commit) run_id=run_000001a0e894a36b_00000c session_id=sess_local_alpha events=run_000001a0e894a36b_00000c-done input_chars=16
2026-09-28T15:14:10.419314Z  INFO lingxi_service::sessions: run committed and published (post-commit) run_id=run_000001a0e894a36b_00000d session_id=sess_local_alpha events=run_000001a0e894a36b_00000d-done input_chars=15
2026-09-28T15:14:10.419479Z  INFO lingxi_service::sessions: run committed and published (post-commit) run_id=run_000001a0e894a36b_00000e session_id=sess_local_alpha events=run_000001a0e894a36b_00000e-done input_chars=16
2026-09-28T15:14:10.419671Z  INFO lingxi_service::sessions: run committed and published (post-commit) run_id=run_000001a0e894a36b_00000f session_id=sess_local_alpha events=run_000001a0e894a36b_00000f-done input_chars=16
2026-09-28T15:14:10.419871Z  INFO lingxi_service::sessions: run committed and published (post-commit) run_id=run_000001a0e894a36b_000010 session_id=sess_local_alpha events=run_000001a0e894a36b_000010-done input_chars=15
2026-09-28T15:14:10.419898Z  INFO lingxi_service: request handled request_id=req-410fa5bba8cc02808117c5f747bdd59e method=POST path=/lingxi/v1/sessions/sess_local_alpha/execute status=200
2026-09-28T15:14:10.420118Z  INFO lingxi_service::sessions: run committed and published (post-commit) run_id=run_000001a0e894a36b_000011 session_id=sess_local_alpha events=run_000001a0e894a36b_000011-done input_chars=16
2026-09-28T15:14:10.420279Z  INFO lingxi_service::sessions: run committed and published (post-commit) run_id=run_000001a0e894a36b_000012 session_id=sess_local_alpha events=run_000001a0e894a36b_000012-done input_chars=15
2026-09-28T15:14:10.420420Z  INFO lingxi_service::sessions: run committed and published (post-commit) run_id=run_000001a0e894a36b_000013 session_id=sess_local_alpha events=run_000001a0e894a36b_000013-done input_chars=16
2026-09-28T15:14:10.420556Z  INFO lingxi_service::sessions: run committed and published (post-commit) run_id=run_000001a0e894a36b_000014 session_id=sess_local_alpha events=run_000001a0e894a36b_000014-done input_chars=16
2026-09-28T15:14:10.420697Z  INFO lingxi_service::sessions: run committed and published (post-commit) run_id=run_000001a0e894a36b_000015 session_id=sess_local_alpha events=run_000001a0e894a36b_000015-done input_chars=16
2026-09-28T15:14:10.420833Z  INFO lingxi_service::sessions: run committed and published (post-commit) run_id=run_000001a0e894a36b_000016 session_id=sess_local_alpha events=run_000001a0e894a36b_000016-done input_chars=16
2026-09-28T15:14:10.420973Z  INFO lingxi_service::sessions: run committed and published (post-commit) run_id=run_000001a0e894a36b_000017 session_id=sess_local_alpha events=run_000001a0e894a36b_000017-done input_chars=16
2026-09-28T15:14:10.421113Z  INFO lingxi_service::sessions: run committed and published (post-commit) run_id=run_000001a0e894a36c_000018 session_id=sess_local_alpha events=run_000001a0e894a36c_000018-done input_chars=16
2026-09-28T15:14:10.421155Z  INFO lingxi_service: request handled request_id=req-ca214d1c4b6161429cf50830af7a371c method=POST path=/lingxi/v1/sessions/sess_local_alpha/execute status=200
2026-09-28T15:14:10.421157Z  INFO lingxi_service: request handled request_id=req-a97f398ad009f978f68a1977daefbc8c method=POST path=/lingxi/v1/sessions/sess_local_alpha/execute status=200
2026-09-28T15:14:10.421184Z  INFO lingxi_service: request handled request_id=req-b160f890614b7729d39b69260f3b79d8 method=POST path=/lingxi/v1/sessions/sess_local_alpha/execute status=200
2026-09-28T15:14:10.421162Z  INFO lingxi_service: request handled request_id=req-b7f1631c809ed437c279d3eae67f0a4f method=POST path=/lingxi/v1/sessions/sess_local_alpha/execute status=200
2026-09-28T15:14:10.421248Z  INFO lingxi_service: request handled request_id=req-4353dbec0462a8497186748c6ed092ee method=POST path=/lingxi/v1/sessions/sess_local_alpha/execute status=200
2026-09-28T15:14:10.421217Z  INFO lingxi_service: request handled request_id=req-01b5b3216c56f5869d09fefe1c31780c method=POST path=/lingxi/v1/sessions/sess_local_alpha/execute status=200
2026-09-28T15:14:10.421236Z  INFO lingxi_service: request handled request_id=req-975a46ee30e84274dd752f3621504df1 method=POST path=/lingxi/v1/sessions/sess_local_alpha/execute status=200
2026-09-28T15:14:10.421372Z  INFO lingxi_service: request handled request_id=req-ce9f9ed5ccae44a7cb26143b02ac3c0d method=POST path=/lingxi/v1/sessions/sess_local_alpha/execute status=200
2026-09-28T15:14:10.421191Z  INFO lingxi_service: request handled request_id=req-052a1bf5c563a392a3f885e8f25f40f8 method=POST path=/lingxi/v1/sessions/sess_local_alpha/execute status=200
2026-09-28T15:14:10.421294Z  INFO lingxi_service: request handled request_id=req-23b907707ec3f8df48b3360665099ebf method=POST path=/lingxi/v1/sessions/sess_local_alpha/execute status=200
2026-09-28T15:14:10.421331Z  INFO lingxi_service: request handled request_id=req-5386f91e2e35f2380ce3850bec73ea1a method=POST path=/lingxi/v1/sessions/sess_local_alpha/execute status=200
2026-09-28T15:14:10.421316Z  INFO lingxi_service: request handled request_id=req-bf3a2bd0756c57874738fee2f7146b3c method=POST path=/lingxi/v1/sessions/sess_local_alpha/execute status=200
2026-09-28T15:14:10.421337Z  INFO lingxi_service: request handled request_id=req-80a3bfb8000795cafa977402ab1700b3 method=POST path=/lingxi/v1/sessions/sess_local_alpha/execute status=200
2026-09-28T15:14:10.421346Z  INFO lingxi_service: request handled request_id=req-412259d9f29bfab339cfd965065b5d89 method=POST path=/lingxi/v1/sessions/sess_local_alpha/execute status=200
2026-09-28T15:14:10.421363Z  INFO lingxi_service: request handled request_id=req-5f8b5e18cc386166751b6559d77bc2c1 method=POST path=/lingxi/v1/sessions/sess_local_alpha/execute status=200
2026-09-28T15:14:10.421362Z  INFO lingxi_service: request handled request_id=req-5cedeacc8a0292fa3a0523c6c1941d03 method=POST path=/lingxi/v1/sessions/sess_local_alpha/execute status=200
2026-09-28T15:14:10.421372Z  INFO lingxi_service: request handled request_id=req-429a4339b3906f06b369d9b0fcbc2ba8 method=POST path=/lingxi/v1/sessions/sess_local_alpha/execute status=200
2026-09-28T15:14:10.421380Z  INFO lingxi_service: request handled request_id=req-f31b8b9fe77af8ff7208b74b7ff5f45a method=POST path=/lingxi/v1/sessions/sess_local_alpha/execute status=200
2026-09-28T15:14:10.421269Z  INFO lingxi_service: request handled request_id=req-08b9b7f66ca0d2b36391f9b8c5e47d74 method=POST path=/lingxi/v1/sessions/sess_local_alpha/execute status=200
2026-09-28T15:14:10.423827Z  INFO lingxi_service::sessions: run committed and published (post-commit) run_id=run_000001a0e894a377_000019 session_id=sess_local_alpha events=run_000001a0e894a377_000019-done input_chars=16
2026-09-28T15:14:10.424580Z  INFO lingxi_service: request handled request_id=req-0b038f49d86dbc378758edf630f5e936 method=POST path=/lingxi/v1/sessions/sess_local_alpha/execute status=200
2026-09-28T15:14:10.424790Z  INFO lingxi_service::sessions: run committed and published (post-commit) run_id=run_000001a0e894a377_00001a session_id=sess_local_alpha events=run_000001a0e894a377_00001a-done input_chars=16
2026-09-28T15:14:10.424978Z  INFO lingxi_service::sessions: run committed and published (post-commit) run_id=run_000001a0e894a377_00001b session_id=sess_local_alpha events=run_000001a0e894a377_00001b-done input_chars=16
2026-09-28T15:14:10.425146Z  INFO lingxi_service::sessions: run committed and published (post-commit) run_id=run_000001a0e894a377_00001c session_id=sess_local_alpha events=run_000001a0e894a377_00001c-done input_chars=16
2026-09-28T15:14:10.426067Z  INFO lingxi_service: request handled request_id=req-4623659e2f0981b25ced1462ac78debe method=POST path=/lingxi/v1/sessions/sess_local_alpha/execute status=200
2026-09-28T15:14:10.426371Z  INFO lingxi_service: request handled request_id=req-d7b65af6b19688caf31d7ca11fdc4fd5 method=POST path=/lingxi/v1/sessions/sess_local_alpha/execute status=200
2026-09-28T15:14:10.426422Z  INFO lingxi_service: request handled request_id=req-df814221f76f25467940c0dd7a656112 method=POST path=/lingxi/v1/sessions/sess_local_alpha/execute status=200
2026-09-28T15:14:10.426628Z  INFO lingxi_service::sessions: run committed and published (post-commit) run_id=run_000001a0e894a377_00001d session_id=sess_local_alpha events=run_000001a0e894a377_00001d-done input_chars=16
2026-09-28T15:14:10.426891Z  INFO lingxi_service::sessions: run committed and published (post-commit) run_id=run_000001a0e894a377_00001e session_id=sess_local_alpha events=run_000001a0e894a377_00001e-done input_chars=16
2026-09-28T15:14:10.427098Z  INFO lingxi_service::sessions: run committed and published (post-commit) run_id=run_000001a0e894a377_00001f session_id=sess_local_alpha events=run_000001a0e894a377_00001f-done input_chars=16
2026-09-28T15:14:10.427689Z  INFO lingxi_service::sessions: run committed and published (post-commit) run_id=run_000001a0e894a378_000020 session_id=sess_local_alpha events=run_000001a0e894a378_000020-done input_chars=16
2026-09-28T15:14:10.428239Z  INFO lingxi_service::sessions: run committed and published (post-commit) run_id=run_000001a0e894a378_000021 session_id=sess_local_alpha events=run_000001a0e894a378_000021-done input_chars=16
2026-09-28T15:14:10.428868Z  INFO lingxi_service: request handled request_id=req-b96e534e23217f3b522a3b69c2a58ee0 method=POST path=/lingxi/v1/sessions/sess_local_alpha/execute status=200
2026-09-28T15:14:10.429086Z  INFO lingxi_service: request handled request_id=req-6ec2029eabab5e9fd6b6da31da35487f method=POST path=/lingxi/v1/sessions/sess_local_alpha/execute status=200
2026-09-28T15:14:10.429095Z  INFO lingxi_service: request handled request_id=req-0beeb7279bf64c3638a498e674416cef method=POST path=/lingxi/v1/sessions/sess_local_alpha/execute status=200
2026-09-28T15:14:10.429230Z  INFO lingxi_service::sessions: run committed and published (post-commit) run_id=run_000001a0e894a378_000022 session_id=sess_local_alpha events=run_000001a0e894a378_000022-done input_chars=16
2026-09-28T15:14:10.429410Z  INFO lingxi_service::sessions: run committed and published (post-commit) run_id=run_000001a0e894a378_000023 session_id=sess_local_alpha events=run_000001a0e894a378_000023-done input_chars=16
2026-09-28T15:14:10.429431Z  INFO lingxi_service: request handled request_id=req-13e2b5f227b22a2c088e7954cf09fc01 method=POST path=/lingxi/v1/sessions/sess_local_alpha/execute status=200
2026-09-28T15:14:10.429670Z  INFO lingxi_service::sessions: run committed and published (post-commit) run_id=run_000001a0e894a378_000024 session_id=sess_local_alpha events=run_000001a0e894a378_000024-done input_chars=16
2026-09-28T15:14:10.429895Z  INFO lingxi_service::sessions: run committed and published (post-commit) run_id=run_000001a0e894a378_000025 session_id=sess_local_alpha events=run_000001a0e894a378_000025-done input_chars=16
2026-09-28T15:14:10.430570Z  INFO lingxi_service: request handled request_id=req-8d83532b632875988952b151028a5283 method=POST path=/lingxi/v1/sessions/sess_local_alpha/execute status=200
2026-09-28T15:14:10.430705Z  INFO lingxi_service::sessions: run committed and published (post-commit) run_id=run_000001a0e894a379_000026 session_id=sess_local_alpha events=run_000001a0e894a379_000026-done input_chars=16
2026-09-28T15:14:10.431033Z  INFO lingxi_service::sessions: run committed and published (post-commit) run_id=run_000001a0e894a379_000027 session_id=sess_local_alpha events=run_000001a0e894a379_000027-done input_chars=16
2026-09-28T15:14:10.431536Z  INFO lingxi_service::sessions: run committed and published (post-commit) run_id=run_000001a0e894a379_000028 session_id=sess_local_alpha events=run_000001a0e894a379_000028-done input_chars=16
2026-09-28T15:14:10.431875Z  INFO lingxi_service::sessions: run committed and published (post-commit) run_id=run_000001a0e894a379_000029 session_id=sess_local_alpha events=run_000001a0e894a379_000029-done input_chars=16
2026-09-28T15:14:10.431894Z  INFO lingxi_service: request handled request_id=req-2dcdfffb5f7f0962001bc4559f467dba method=POST path=/lingxi/v1/sessions/sess_local_alpha/execute status=200
2026-09-28T15:14:10.431909Z  INFO lingxi_service: request handled request_id=req-8f8fda2014b67381d3ddd699a460c412 method=POST path=/lingxi/v1/sessions/sess_local_alpha/execute status=200
2026-09-28T15:14:10.431917Z  INFO lingxi_service: request handled request_id=req-87014667352e8b6b04796fc5f1517aec method=POST path=/lingxi/v1/sessions/sess_local_alpha/execute status=200
2026-09-28T15:14:10.431948Z  INFO lingxi_service: request handled request_id=req-117b6a91c3a2d1d9bbea7cb68b19649c method=POST path=/lingxi/v1/sessions/sess_local_alpha/execute status=200
2026-09-28T15:14:10.432121Z  INFO lingxi_service::sessions: run committed and published (post-commit) run_id=run_000001a0e894a37a_00002a session_id=sess_local_alpha events=run_000001a0e894a37a_00002a-done input_chars=16
2026-09-28T15:14:10.432296Z  INFO lingxi_service::sessions: run committed and published (post-commit) run_id=run_000001a0e894a37a_00002b session_id=sess_local_alpha events=run_000001a0e894a37a_00002b-done input_chars=16
2026-09-28T15:14:10.432456Z  INFO lingxi_service::sessions: run committed and published (post-commit) run_id=run_000001a0e894a37a_00002c session_id=sess_local_alpha events=run_000001a0e894a37a_00002c-done input_chars=16
2026-09-28T15:14:10.432482Z  INFO lingxi_service: request handled request_id=req-661cb7304baba7df4d828e36a512fcb0 method=POST path=/lingxi/v1/sessions/sess_local_alpha/execute status=200
2026-09-28T15:14:10.432625Z  INFO lingxi_service::sessions: run committed and published (post-commit) run_id=run_000001a0e894a37a_00002d session_id=sess_local_alpha events=run_000001a0e894a37a_00002d-done input_chars=16
2026-09-28T15:14:10.432647Z  INFO lingxi_service: request handled request_id=req-712cd1b89eec7d0cf316ada11f669a4a method=POST path=/lingxi/v1/sessions/sess_local_alpha/execute status=200
2026-09-28T15:14:10.432814Z  INFO lingxi_service::sessions: run committed and published (post-commit) run_id=run_000001a0e894a37a_00002e session_id=sess_local_alpha events=run_000001a0e894a37a_00002e-done input_chars=16
2026-09-28T15:14:10.433034Z  INFO lingxi_service::sessions: run committed and published (post-commit) run_id=run_000001a0e894a37a_00002f session_id=sess_local_alpha events=run_000001a0e894a37a_00002f-done input_chars=16
2026-09-28T15:14:10.433055Z  INFO lingxi_service: request handled request_id=req-07a78d5494d194d8d9c5c04eceda7bb5 method=POST path=/lingxi/v1/sessions/sess_local_alpha/execute status=200
2026-09-28T15:14:10.433259Z  INFO lingxi_service::sessions: run committed and published (post-commit) run_id=run_000001a0e894a37a_000030 session_id=sess_local_alpha events=run_000001a0e894a37a_000030-done input_chars=16
2026-09-28T15:14:10.433320Z  INFO lingxi_service: request handled request_id=req-14ca2d4b39dc04ea49d1f685aa38cc9c method=POST path=/lingxi/v1/sessions/sess_local_alpha/execute status=200
2026-09-28T15:14:10.433324Z  INFO lingxi_service: request handled request_id=req-cb7e75e0a139a8e961df2d583f5c7bec method=POST path=/lingxi/v1/sessions/sess_local_alpha/execute status=200
2026-09-28T15:14:10.433359Z  INFO lingxi_service: request handled request_id=req-657cf12fa256ab5fd6c7c3cd0bc963e7 method=POST path=/lingxi/v1/sessions/sess_local_alpha/execute status=200
2026-09-28T15:14:10.433343Z  INFO lingxi_service: request handled request_id=req-57329e970180bbc92dc4a2fd461897b6 method=POST path=/lingxi/v1/sessions/sess_local_alpha/execute status=200
2026-09-28T15:14:10.433360Z  INFO lingxi_service: request handled request_id=req-81f66617b7e9e54710dadbda65eda13c method=POST path=/lingxi/v1/sessions/sess_local_alpha/execute status=200
2026-09-28T15:14:10.433360Z  INFO lingxi_service: request handled request_id=req-c21a93bbffc994283110f932d5a0d2d3 method=POST path=/lingxi/v1/sessions/sess_local_alpha/execute status=200
2026-09-28T15:14:10.433383Z  INFO lingxi_service: request handled request_id=req-95e1ad111457a67b75cc0abe136ac5ec method=POST path=/lingxi/v1/sessions/sess_local_alpha/execute status=200
2026-09-28T15:14:10.433440Z  INFO lingxi_service: request handled request_id=req-6c7c8aecf0d4ba790765021d66665afe method=POST path=/lingxi/v1/sessions/sess_local_alpha/execute status=200
2026-09-28T15:14:10.434834Z  INFO lingxi_service::sessions: run committed and published (post-commit) run_id=run_000001a0e894a382_000031 session_id=sess_local_alpha events=run_000001a0e894a382_000031-done input_chars=16
2026-09-28T15:14:10.435405Z  INFO lingxi_service: request handled request_id=req-b90833e23d21b78e41eb7abf2b314eec method=POST path=/lingxi/v1/sessions/sess_local_alpha/execute status=200
2026-09-28T15:14:10.435576Z  INFO lingxi_service::sessions: run committed and published (post-commit) run_id=run_000001a0e894a382_000032 session_id=sess_local_alpha events=run_000001a0e894a382_000032-done input_chars=16
2026-09-28T15:14:10.435978Z  INFO lingxi_service::sessions: run committed and published (post-commit) run_id=run_000001a0e894a382_000033 session_id=sess_local_alpha events=run_000001a0e894a382_000033-done input_chars=16
2026-09-28T15:14:10.436621Z  INFO lingxi_service: request handled request_id=req-aedad94dcb11e7c16512af92a9291fdc method=POST path=/lingxi/v1/sessions/sess_local_alpha/execute status=200
2026-09-28T15:14:10.436865Z  INFO lingxi_service::sessions: run committed and published (post-commit) run_id=run_000001a0e894a382_000034 session_id=sess_local_alpha events=run_000001a0e894a382_000034-done input_chars=16
2026-09-28T15:14:10.437137Z  INFO lingxi_service: request handled request_id=req-0a9686f9a1ed81921126878f6410addd method=POST path=/lingxi/v1/sessions/sess_local_alpha/execute status=200
2026-09-28T15:14:10.437312Z  INFO lingxi_service::sessions: run committed and published (post-commit) run_id=run_000001a0e894a382_000035 session_id=sess_local_alpha events=run_000001a0e894a382_000035-done input_chars=16
2026-09-28T15:14:10.437933Z  INFO lingxi_service::sessions: run committed and published (post-commit) run_id=run_000001a0e894a383_000036 session_id=sess_local_alpha events=run_000001a0e894a383_000036-done input_chars=16
2026-09-28T15:14:10.438547Z  INFO lingxi_service: request handled request_id=req-a72fa0eda33abc45cfd3cc0c94fdb68e method=POST path=/lingxi/v1/sessions/sess_local_alpha/execute status=200
2026-09-28T15:14:10.438694Z  INFO lingxi_service::sessions: run committed and published (post-commit) run_id=run_000001a0e894a383_000037 session_id=sess_local_alpha events=run_000001a0e894a383_000037-done input_chars=16
2026-09-28T15:14:10.439107Z  INFO lingxi_service: request handled request_id=req-e0197b75af498c3e431aece757871193 method=POST path=/lingxi/v1/sessions/sess_local_alpha/execute status=200
2026-09-28T15:14:10.439589Z  INFO lingxi_service::sessions: run committed and published (post-commit) run_id=run_000001a0e894a383_000038 session_id=sess_local_alpha events=run_000001a0e894a383_000038-done input_chars=16
2026-09-28T15:14:10.440047Z  INFO lingxi_service::sessions: run committed and published (post-commit) run_id=run_000001a0e894a383_000039 session_id=sess_local_alpha events=run_000001a0e894a383_000039-done input_chars=16
2026-09-28T15:14:10.440299Z  INFO lingxi_service: request handled request_id=req-4fd23ee0410eccb4b5d5e86530f579ab method=POST path=/lingxi/v1/sessions/sess_local_alpha/execute status=200
2026-09-28T15:14:10.440398Z  INFO lingxi_service::sessions: run committed and published (post-commit) run_id=run_000001a0e894a383_00003a session_id=sess_local_alpha events=run_000001a0e894a383_00003a-done input_chars=16
2026-09-28T15:14:10.440519Z  INFO lingxi_service::sessions: run committed and published (post-commit) run_id=run_000001a0e894a383_00003b session_id=sess_local_alpha events=run_000001a0e894a383_00003b-done input_chars=16
2026-09-28T15:14:10.440633Z  INFO lingxi_service::sessions: run committed and published (post-commit) run_id=run_000001a0e894a383_00003c session_id=sess_local_alpha events=run_000001a0e894a383_00003c-done input_chars=16
2026-09-28T15:14:10.440964Z  INFO lingxi_service: request handled request_id=req-04fe46c0d107afb27e599a9cafd3ac42 method=POST path=/lingxi/v1/sessions/sess_local_alpha/execute status=200
2026-09-28T15:14:10.441079Z  INFO lingxi_service::sessions: run committed and published (post-commit) run_id=run_000001a0e894a384_00003d session_id=sess_local_alpha events=run_000001a0e894a384_00003d-done input_chars=16
2026-09-28T15:14:10.441192Z  INFO lingxi_service::sessions: run committed and published (post-commit) run_id=run_000001a0e894a384_00003e session_id=sess_local_alpha events=run_000001a0e894a384_00003e-done input_chars=16
2026-09-28T15:14:10.441646Z  INFO lingxi_service: request handled request_id=req-bae4ab8929506adb99d37a18de843361 method=POST path=/lingxi/v1/sessions/sess_local_alpha/execute status=200
2026-09-28T15:14:10.441751Z  INFO lingxi_service::sessions: run committed and published (post-commit) run_id=run_000001a0e894a384_00003f session_id=sess_local_alpha events=run_000001a0e894a384_00003f-done input_chars=16
2026-09-28T15:14:10.441918Z  INFO lingxi_service: request handled request_id=req-74ee4cd0093732fcca400b7ca94ca749 method=POST path=/lingxi/v1/sessions/sess_local_alpha/execute status=200
2026-09-28T15:14:10.442026Z  INFO lingxi_service::sessions: run committed and published (post-commit) run_id=run_000001a0e894a384_000040 session_id=sess_local_alpha events=run_000001a0e894a384_000040-done input_chars=16
2026-09-28T15:14:10.442406Z  INFO lingxi_service: request handled request_id=req-df59a9d44aaf2c2eda64e1241fc1b542 method=POST path=/lingxi/v1/sessions/sess_local_alpha/execute status=200
2026-09-28T15:14:10.442422Z  INFO lingxi_service: request handled request_id=req-5d407b302ba421cb60b3971ed220ce88 method=POST path=/lingxi/v1/sessions/sess_local_alpha/execute status=200
2026-09-28T15:14:10.442438Z  INFO lingxi_service: request handled request_id=req-557d66d9c1c6d1554377e9dc5b794807 method=POST path=/lingxi/v1/sessions/sess_local_alpha/execute status=200
2026-09-28T15:14:10.442602Z  INFO lingxi_service::sessions: run committed and published (post-commit) run_id=run_000001a0e894a384_000041 session_id=sess_local_alpha events=run_000001a0e894a384_000041-done input_chars=16
2026-09-28T15:14:10.442780Z  INFO lingxi_service::sessions: run committed and published (post-commit) run_id=run_000001a0e894a385_000042 session_id=sess_local_alpha events=run_000001a0e894a385_000042-done input_chars=16
2026-09-28T15:14:10.442837Z  INFO lingxi_service: request handled request_id=req-978af6954770280da0ebefd03aa9c385 method=POST path=/lingxi/v1/sessions/sess_local_alpha/execute status=200
2026-09-28T15:14:10.442838Z  INFO lingxi_service: request handled request_id=req-32b8cd218b4aec7050f14ee97301480a method=POST path=/lingxi/v1/sessions/sess_local_alpha/execute status=200
2026-09-28T15:14:10.442936Z  INFO lingxi_service::sessions: run committed and published (post-commit) run_id=run_000001a0e894a385_000043 session_id=sess_local_alpha events=run_000001a0e894a385_000043-done input_chars=16
2026-09-28T15:14:10.443059Z  INFO lingxi_service::sessions: run committed and published (post-commit) run_id=run_000001a0e894a385_000044 session_id=sess_local_alpha events=run_000001a0e894a385_000044-done input_chars=16
2026-09-28T15:14:10.443174Z  INFO lingxi_service::sessions: run committed and published (post-commit) run_id=run_000001a0e894a385_000045 session_id=sess_local_alpha events=run_000001a0e894a385_000045-done input_chars=16
2026-09-28T15:14:10.443200Z  INFO lingxi_service: request handled request_id=req-ae29cb3c8f04fac1cab024e633539cf2 method=POST path=/lingxi/v1/sessions/sess_local_alpha/execute status=200
2026-09-28T15:14:10.443307Z  INFO lingxi_service::sessions: run committed and published (post-commit) run_id=run_000001a0e894a385_000046 session_id=sess_local_alpha events=run_000001a0e894a385_000046-done input_chars=16
2026-09-28T15:14:10.443330Z  INFO lingxi_service: request handled request_id=req-fd5f5990501d3862a7a7dc01962ef4b8 method=POST path=/lingxi/v1/sessions/sess_local_alpha/execute status=200
2026-09-28T15:14:10.443442Z  INFO lingxi_service::sessions: run committed and published (post-commit) run_id=run_000001a0e894a385_000047 session_id=sess_local_alpha events=run_000001a0e894a385_000047-done input_chars=16
2026-09-28T15:14:10.443565Z  INFO lingxi_service::sessions: run committed and published (post-commit) run_id=run_000001a0e894a385_000048 session_id=sess_local_alpha events=run_000001a0e894a385_000048-done input_chars=16
2026-09-28T15:14:10.443587Z  INFO lingxi_service: request handled request_id=req-e9ae7c4073f01917e5095f3718a7eea8 method=POST path=/lingxi/v1/sessions/sess_local_alpha/execute status=200
2026-09-28T15:14:10.443609Z  INFO lingxi_service: request handled request_id=req-f91ce30747221ee7370abc6344e85dc6 method=POST path=/lingxi/v1/sessions/sess_local_alpha/execute status=200
2026-09-28T15:14:10.443633Z  INFO lingxi_service: request handled request_id=req-923a5cf465cea6e930afe46078b42b5e method=POST path=/lingxi/v1/sessions/sess_local_alpha/execute status=200
2026-09-28T15:14:10.443648Z  INFO lingxi_service: request handled request_id=req-eac5f4e32cb5ffc860294686924b226c method=POST path=/lingxi/v1/sessions/sess_local_alpha/execute status=200
2026-09-28T15:14:10.443667Z  INFO lingxi_service: request handled request_id=req-cb1a94398a5f604ed233b0bfc29903bf method=POST path=/lingxi/v1/sessions/sess_local_alpha/execute status=200
2026-09-28T15:14:10.443686Z  INFO lingxi_service: request handled request_id=req-b9a4b1cb273975555e88805ca66c0964 method=POST path=/lingxi/v1/sessions/sess_local_alpha/execute status=200
2026-09-28T15:14:10.443700Z  INFO lingxi_service: request handled request_id=req-9403b0da41cd1d33d81f133fc80fc8c4 method=POST path=/lingxi/v1/sessions/sess_local_alpha/execute status=200
2026-09-28T15:14:10.443697Z  INFO lingxi_service: request handled request_id=req-dbfe51c1e6334d8071e98a9362562015 method=POST path=/lingxi/v1/sessions/sess_local_alpha/execute status=200
2026-09-28T15:14:10.445246Z  INFO lingxi_service::sessions: run committed and published (post-commit) run_id=run_000001a0e894a38c_000049 session_id=sess_local_alpha events=run_000001a0e894a38c_000049-done input_chars=16
2026-09-28T15:14:10.445647Z  INFO lingxi_service: request handled request_id=req-3de157d2172dd5e2180c3c7d48cfbff9 method=POST path=/lingxi/v1/sessions/sess_local_alpha/execute status=200
2026-09-28T15:14:10.445771Z  INFO lingxi_service::sessions: run committed and published (post-commit) run_id=run_000001a0e894a38c_00004a session_id=sess_local_alpha events=run_000001a0e894a38c_00004a-done input_chars=16
2026-09-28T15:14:10.446075Z  INFO lingxi_service::sessions: run committed and published (post-commit) run_id=run_000001a0e894a38d_00004b session_id=sess_local_alpha events=run_000001a0e894a38d_00004b-done input_chars=16
2026-09-28T15:14:10.447195Z  INFO lingxi_service: request handled request_id=req-5edbb810120d9816679916ec88f966ff method=POST path=/lingxi/v1/sessions/sess_local_alpha/execute status=200
2026-09-28T15:14:10.447345Z  INFO lingxi_service::sessions: run committed and published (post-commit) run_id=run_000001a0e894a38d_00004c session_id=sess_local_alpha events=run_000001a0e894a38d_00004c-done input_chars=16
2026-09-28T15:14:10.447587Z  INFO lingxi_service: request handled request_id=req-48528c5500141f01eebd179d2a17c784 method=POST path=/lingxi/v1/sessions/sess_local_alpha/execute status=200
2026-09-28T15:14:10.447709Z  INFO lingxi_service::sessions: run committed and published (post-commit) run_id=run_000001a0e894a38d_00004d session_id=sess_local_alpha events=run_000001a0e894a38d_00004d-done input_chars=16
2026-09-28T15:14:10.447869Z  INFO lingxi_service::sessions: run committed and published (post-commit) run_id=run_000001a0e894a38d_00004e session_id=sess_local_alpha events=run_000001a0e894a38d_00004e-done input_chars=16
2026-09-28T15:14:10.448021Z  INFO lingxi_service::sessions: run committed and published (post-commit) run_id=run_000001a0e894a38d_00004f session_id=sess_local_alpha events=run_000001a0e894a38d_00004f-done input_chars=16
2026-09-28T15:14:10.448168Z  INFO lingxi_service::sessions: run committed and published (post-commit) run_id=run_000001a0e894a38d_000050 session_id=sess_local_alpha events=run_000001a0e894a38d_000050-done input_chars=16
2026-09-28T15:14:10.448306Z  INFO lingxi_service::sessions: run committed and published (post-commit) run_id=run_000001a0e894a38d_000051 session_id=sess_local_alpha events=run_000001a0e894a38d_000051-done input_chars=16
2026-09-28T15:14:10.448492Z  INFO lingxi_service: request handled request_id=req-3b3a65d31610bd76dab12d402e2c904b method=POST path=/lingxi/v1/sessions/sess_local_alpha/execute status=200
2026-09-28T15:14:10.448594Z  INFO lingxi_service::sessions: run committed and published (post-commit) run_id=run_000001a0e894a38d_000052 session_id=sess_local_alpha events=run_000001a0e894a38d_000052-done input_chars=16
2026-09-28T15:14:10.449084Z  INFO lingxi_service: request handled request_id=req-9efb0d55a3b320296d906b90d725f33e method=POST path=/lingxi/v1/sessions/sess_local_alpha/execute status=200
2026-09-28T15:14:10.449111Z  INFO lingxi_service: request handled request_id=req-d1c44b18b129643669d2078d052b1739 method=POST path=/lingxi/v1/sessions/sess_local_alpha/execute status=200
2026-09-28T15:14:10.449746Z  INFO lingxi_service: request handled request_id=req-86df2b49e924152be93331b4ff07e052 method=POST path=/lingxi/v1/sessions/sess_local_alpha/execute status=200
2026-09-28T15:14:10.449943Z  INFO lingxi_service: request handled request_id=req-26995333df5e4d247af7da9c5765155a method=POST path=/lingxi/v1/sessions/sess_local_alpha/execute status=200
2026-09-28T15:14:10.450151Z  INFO lingxi_service: request handled request_id=req-657b71d38827a84398f9b757395cb719 method=POST path=/lingxi/v1/sessions/sess_local_alpha/execute status=200
2026-09-28T15:14:10.450306Z  INFO lingxi_service::sessions: run committed and published (post-commit) run_id=run_000001a0e894a38d_000053 session_id=sess_local_alpha events=run_000001a0e894a38d_000053-done input_chars=16
2026-09-28T15:14:10.450486Z  INFO lingxi_service: request handled request_id=req-2f83e2679281e7f2ece4a2b602d99ddd method=POST path=/lingxi/v1/sessions/sess_local_alpha/execute status=200
2026-09-28T15:14:10.450597Z  INFO lingxi_service::sessions: run committed and published (post-commit) run_id=run_000001a0e894a38e_000054 session_id=sess_local_alpha events=run_000001a0e894a38e_000054-done input_chars=16
2026-09-28T15:14:10.450858Z  INFO lingxi_service::sessions: run committed and published (post-commit) run_id=run_000001a0e894a38e_000055 session_id=sess_local_alpha events=run_000001a0e894a38e_000055-done input_chars=16
2026-09-28T15:14:10.450960Z  INFO lingxi_service::sessions: run committed and published (post-commit) run_id=run_000001a0e894a38e_000056 session_id=sess_local_alpha events=run_000001a0e894a38e_000056-done input_chars=16
2026-09-28T15:14:10.451447Z  INFO lingxi_service::sessions: run committed and published (post-commit) run_id=run_000001a0e894a38e_000057 session_id=sess_local_alpha events=run_000001a0e894a38e_000057-done input_chars=16
2026-09-28T15:14:10.451553Z  INFO lingxi_service::sessions: run committed and published (post-commit) run_id=run_000001a0e894a38e_000058 session_id=sess_local_alpha events=run_000001a0e894a38e_000058-done input_chars=16
2026-09-28T15:14:10.451812Z  INFO lingxi_service::sessions: run committed and published (post-commit) run_id=run_000001a0e894a38e_000059 session_id=sess_local_alpha events=run_000001a0e894a38e_000059-done input_chars=16
2026-09-28T15:14:10.451921Z  INFO lingxi_service::sessions: run committed and published (post-commit) run_id=run_000001a0e894a38f_00005a session_id=sess_local_alpha events=run_000001a0e894a38f_00005a-done input_chars=16
2026-09-28T15:14:10.452030Z  INFO lingxi_service::sessions: run committed and published (post-commit) run_id=run_000001a0e894a38f_00005b session_id=sess_local_alpha events=run_000001a0e894a38f_00005b-done input_chars=16
2026-09-28T15:14:10.452055Z  INFO lingxi_service: request handled request_id=req-70e39ef87dc661fd1f53ae8452ce6cd3 method=POST path=/lingxi/v1/sessions/sess_local_alpha/execute status=200
2026-09-28T15:14:10.452172Z  INFO lingxi_service::sessions: run committed and published (post-commit) run_id=run_000001a0e894a38f_00005c session_id=sess_local_alpha events=run_000001a0e894a38f_00005c-done input_chars=16
2026-09-28T15:14:10.452192Z  INFO lingxi_service: request handled request_id=req-e47f338a02e1d4fd48ed9ea3a08e38ba method=POST path=/lingxi/v1/sessions/sess_local_alpha/execute status=200
2026-09-28T15:14:10.452302Z  INFO lingxi_service::sessions: run committed and published (post-commit) run_id=run_000001a0e894a38f_00005d session_id=sess_local_alpha events=run_000001a0e894a38f_00005d-done input_chars=16
2026-09-28T15:14:10.452324Z  INFO lingxi_service: request handled request_id=req-ba9d167134d12fdcf911a7a2ae2b098d method=POST path=/lingxi/v1/sessions/sess_local_alpha/execute status=200
2026-09-28T15:14:10.452352Z  INFO lingxi_service: request handled request_id=req-6fa31ad69e1feca77805f0df73d455f2 method=POST path=/lingxi/v1/sessions/sess_local_alpha/execute status=200
2026-09-28T15:14:10.452466Z  INFO lingxi_service::sessions: run committed and published (post-commit) run_id=run_000001a0e894a38f_00005e session_id=sess_local_alpha events=run_000001a0e894a38f_00005e-done input_chars=16
2026-09-28T15:14:10.452583Z  INFO lingxi_service::sessions: run committed and published (post-commit) run_id=run_000001a0e894a390_00005f session_id=sess_local_alpha events=run_000001a0e894a390_00005f-done input_chars=16
2026-09-28T15:14:10.452608Z  INFO lingxi_service: request handled request_id=req-217fd5fcbd0cbc65c65c6552568afeda method=POST path=/lingxi/v1/sessions/sess_local_alpha/execute status=200
2026-09-28T15:14:10.452624Z  INFO lingxi_service: request handled request_id=req-7c395d4eefafde2266a3be1186c8a92a method=POST path=/lingxi/v1/sessions/sess_local_alpha/execute status=200
2026-09-28T15:14:10.452747Z  INFO lingxi_service::sessions: run committed and published (post-commit) run_id=run_000001a0e894a390_000060 session_id=sess_local_alpha events=run_000001a0e894a390_000060-done input_chars=16
2026-09-28T15:14:10.452770Z  INFO lingxi_service: request handled request_id=req-08ac7279555deddd383916925d6f3c7c method=POST path=/lingxi/v1/sessions/sess_local_alpha/execute status=200
2026-09-28T15:14:10.452848Z  INFO lingxi_service: request handled request_id=req-41211f160cc6ee167f870ff2f854cd68 method=POST path=/lingxi/v1/sessions/sess_local_alpha/execute status=200
2026-09-28T15:14:10.452871Z  INFO lingxi_service: request handled request_id=req-bac6785bdc3b558d1de050a5ad02355d method=POST path=/lingxi/v1/sessions/sess_local_alpha/execute status=200
2026-09-28T15:14:10.452856Z  INFO lingxi_service: request handled request_id=req-2c4239f7e911c3f5e00172dbda712d8e method=POST path=/lingxi/v1/sessions/sess_local_alpha/execute status=200
2026-09-28T15:14:10.452923Z  INFO lingxi_service: request handled request_id=req-ae3c7b029e440be094e076b8c49a8b56 method=POST path=/lingxi/v1/sessions/sess_local_alpha/execute status=200
2026-09-28T15:14:10.452933Z  INFO lingxi_service: request handled request_id=req-8bd8a9f830382ce5be4c91c22a7f4a14 method=POST path=/lingxi/v1/sessions/sess_local_alpha/execute status=200
2026-09-28T15:14:10.452935Z  INFO lingxi_service: request handled request_id=req-3e76e015b6a70e84aba966f6a490fbd9 method=POST path=/lingxi/v1/sessions/sess_local_alpha/execute status=200
2026-09-28T15:14:10.452925Z  INFO lingxi_service: request handled request_id=req-dc44cac56c1c2704b398c23256817b86 method=POST path=/lingxi/v1/sessions/sess_local_alpha/execute status=200
2026-09-28T15:14:10.454638Z  INFO lingxi_service::sessions: run committed and published (post-commit) run_id=run_000001a0e894a396_000061 session_id=sess_local_alpha events=run_000001a0e894a396_000061-done input_chars=16
2026-09-28T15:14:10.455459Z  INFO lingxi_service: request handled request_id=req-f7b4f60860c14303f32b8ec26ef8d681 method=POST path=/lingxi/v1/sessions/sess_local_alpha/execute status=200
2026-09-28T15:14:10.455611Z  INFO lingxi_service::sessions: run committed and published (post-commit) run_id=run_000001a0e894a396_000062 session_id=sess_local_alpha events=run_000001a0e894a396_000062-done input_chars=16
2026-09-28T15:14:10.455750Z  INFO lingxi_service::sessions: run committed and published (post-commit) run_id=run_000001a0e894a396_000063 session_id=sess_local_alpha events=run_000001a0e894a396_000063-done input_chars=16
2026-09-28T15:14:10.455913Z  INFO lingxi_service::sessions: run committed and published (post-commit) run_id=run_000001a0e894a396_000064 session_id=sess_local_alpha events=run_000001a0e894a396_000064-done input_chars=17
2026-09-28T15:14:10.456057Z  INFO lingxi_service::sessions: run committed and published (post-commit) run_id=run_000001a0e894a396_000065 session_id=sess_local_alpha events=run_000001a0e894a396_000065-done input_chars=16
2026-09-28T15:14:10.456790Z  INFO lingxi_service: request handled request_id=req-41bf89e0e3951f6ee6ec01ba3ccda036 method=POST path=/lingxi/v1/sessions/sess_local_alpha/execute status=200
2026-09-28T15:14:10.457479Z  INFO lingxi_service: request handled request_id=req-b32bc0f72022950494c68c821c2c0513 method=POST path=/lingxi/v1/sessions/sess_local_alpha/execute status=200
2026-09-28T15:14:10.457660Z  INFO lingxi_service: request handled request_id=req-f78eaf15672cd84ebb2d12bf235f7ad5 method=POST path=/lingxi/v1/sessions/sess_local_alpha/execute status=200
2026-09-28T15:14:10.457869Z  INFO lingxi_service: request handled request_id=req-a5985c8a52bd82d72b7babda64bcf2ff method=POST path=/lingxi/v1/sessions/sess_local_alpha/execute status=200
2026-09-28T15:14:10.457987Z  INFO lingxi_service::sessions: run committed and published (post-commit) run_id=run_000001a0e894a396_000066 session_id=sess_local_alpha events=run_000001a0e894a396_000066-done input_chars=17
2026-09-28T15:14:10.458098Z  INFO lingxi_service::sessions: run committed and published (post-commit) run_id=run_000001a0e894a396_000067 session_id=sess_local_alpha events=run_000001a0e894a396_000067-done input_chars=17
2026-09-28T15:14:10.458209Z  INFO lingxi_service::sessions: run committed and published (post-commit) run_id=run_000001a0e894a396_000068 session_id=sess_local_alpha events=run_000001a0e894a396_000068-done input_chars=17
2026-09-28T15:14:10.458340Z  INFO lingxi_service::sessions: run committed and published (post-commit) run_id=run_000001a0e894a397_000069 session_id=sess_local_alpha events=run_000001a0e894a397_000069-done input_chars=17
2026-09-28T15:14:10.458460Z  INFO lingxi_service::sessions: run committed and published (post-commit) run_id=run_000001a0e894a397_00006a session_id=sess_local_alpha events=run_000001a0e894a397_00006a-done input_chars=17
2026-09-28T15:14:10.458610Z  INFO lingxi_service::sessions: run committed and published (post-commit) run_id=run_000001a0e894a397_00006b session_id=sess_local_alpha events=run_000001a0e894a397_00006b-done input_chars=17
2026-09-28T15:14:10.458931Z  INFO lingxi_service::sessions: run committed and published (post-commit) run_id=run_000001a0e894a397_00006c session_id=sess_local_alpha events=run_000001a0e894a397_00006c-done input_chars=17
2026-09-28T15:14:10.459266Z  INFO lingxi_service::sessions: run committed and published (post-commit) run_id=run_000001a0e894a397_00006d session_id=sess_local_alpha events=run_000001a0e894a397_00006d-done input_chars=17
2026-09-28T15:14:10.459497Z  INFO lingxi_service: request handled request_id=req-70e5f96527a46cdb80fc4a3ae7e89b8f method=POST path=/lingxi/v1/sessions/sess_local_alpha/execute status=200
2026-09-28T15:14:10.459514Z  INFO lingxi_service: request handled request_id=req-f6e0e669ed8c7de417e5c0fefbe19a1c method=POST path=/lingxi/v1/sessions/sess_local_alpha/execute status=200
2026-09-28T15:14:10.459879Z  INFO lingxi_service: request handled request_id=req-1fca9938b43073d2005728bdcd152b31 method=POST path=/lingxi/v1/sessions/sess_local_alpha/execute status=200
2026-09-28T15:14:10.460035Z  INFO lingxi_service: request handled request_id=req-a624aabb3b4340d408d7834ac871abad method=POST path=/lingxi/v1/sessions/sess_local_alpha/execute status=200
2026-09-28T15:14:10.460710Z  INFO lingxi_service: request handled request_id=req-49aac1ef8ce7edf60b280e3cb710d6d8 method=POST path=/lingxi/v1/sessions/sess_local_alpha/execute status=200
2026-09-28T15:14:10.460727Z  INFO lingxi_service: request handled request_id=req-3023e0db1bed067a90c73fd4e3933dd9 method=POST path=/lingxi/v1/sessions/sess_local_alpha/execute status=200
2026-09-28T15:14:10.460835Z  INFO lingxi_service::sessions: run committed and published (post-commit) run_id=run_000001a0e894a397_00006e session_id=sess_local_alpha events=run_000001a0e894a397_00006e-done input_chars=17
2026-09-28T15:14:10.461008Z  INFO lingxi_service: request handled request_id=req-a6720f870885a13d7fb7580b9096eed3 method=POST path=/lingxi/v1/sessions/sess_local_alpha/execute status=200
2026-09-28T15:14:10.461118Z  INFO lingxi_service::sessions: run committed and published (post-commit) run_id=run_000001a0e894a398_00006f session_id=sess_local_alpha events=run_000001a0e894a398_00006f-done input_chars=17
2026-09-28T15:14:10.461141Z  INFO lingxi_service: request handled request_id=req-d68a1e003df66907c7ed020e71502c90 method=POST path=/lingxi/v1/sessions/sess_local_alpha/execute status=200
2026-09-28T15:14:10.461258Z  INFO lingxi_service::sessions: run committed and published (post-commit) run_id=run_000001a0e894a398_000070 session_id=sess_local_alpha events=run_000001a0e894a398_000070-done input_chars=17
2026-09-28T15:14:10.461385Z  INFO lingxi_service::sessions: run committed and published (post-commit) run_id=run_000001a0e894a398_000071 session_id=sess_local_alpha events=run_000001a0e894a398_000071-done input_chars=17
2026-09-28T15:14:10.461493Z  INFO lingxi_service::sessions: run committed and published (post-commit) run_id=run_000001a0e894a398_000072 session_id=sess_local_alpha events=run_000001a0e894a398_000072-done input_chars=17
2026-09-28T15:14:10.461618Z  INFO lingxi_service::sessions: run committed and published (post-commit) run_id=run_000001a0e894a399_000073 session_id=sess_local_alpha events=run_000001a0e894a399_000073-done input_chars=17
2026-09-28T15:14:10.461728Z  INFO lingxi_service::sessions: run committed and published (post-commit) run_id=run_000001a0e894a399_000074 session_id=sess_local_alpha events=run_000001a0e894a399_000074-done input_chars=17
2026-09-28T15:14:10.462222Z  INFO lingxi_service::sessions: run committed and published (post-commit) run_id=run_000001a0e894a399_000075 session_id=sess_local_alpha events=run_000001a0e894a399_000075-done input_chars=17
2026-09-28T15:14:10.462432Z  INFO lingxi_service::sessions: run committed and published (post-commit) run_id=run_000001a0e894a399_000076 session_id=sess_local_alpha events=run_000001a0e894a399_000076-done input_chars=17
2026-09-28T15:14:10.462547Z  INFO lingxi_service::sessions: run committed and published (post-commit) run_id=run_000001a0e894a399_000077 session_id=sess_local_alpha events=run_000001a0e894a399_000077-done input_chars=17
2026-09-28T15:14:10.462573Z  INFO lingxi_service: request handled request_id=req-a0d12511fec87004efe5ccd3203fed83 method=POST path=/lingxi/v1/sessions/sess_local_alpha/execute status=200
2026-09-28T15:14:10.462678Z  INFO lingxi_service::sessions: run committed and published (post-commit) run_id=run_000001a0e894a399_000078 session_id=sess_local_alpha events=run_000001a0e894a399_000078-done input_chars=17
2026-09-28T15:14:10.462726Z  INFO lingxi_service: request handled request_id=req-94151f2cb173c9c3ed1c1531e84508a8 method=POST path=/lingxi/v1/sessions/sess_local_alpha/execute status=200
2026-09-28T15:14:10.462724Z  INFO lingxi_service: request handled request_id=req-d3c7b6bbb6e16d44a0865c3d535211b2 method=POST path=/lingxi/v1/sessions/sess_local_alpha/execute status=200
2026-09-28T15:14:10.462772Z  INFO lingxi_service: request handled request_id=req-448bc5df08b44adc62e5268493769862 method=POST path=/lingxi/v1/sessions/sess_local_alpha/execute status=200
2026-09-28T15:14:10.462787Z  INFO lingxi_service: request handled request_id=req-2f149ae50280e3952061db8d3304cf63 method=POST path=/lingxi/v1/sessions/sess_local_alpha/execute status=200
2026-09-28T15:14:10.462739Z  INFO lingxi_service: request handled request_id=req-c9ff502b36182055b50861d51db19261 method=POST path=/lingxi/v1/sessions/sess_local_alpha/execute status=200
2026-09-28T15:14:10.462792Z  INFO lingxi_service: request handled request_id=req-ff070ee12532a0cc9e950840bafd9071 method=POST path=/lingxi/v1/sessions/sess_local_alpha/execute status=200
2026-09-28T15:14:10.462859Z  INFO lingxi_service: request handled request_id=req-bff79406178dc48ce5674969c9cf51d2 method=POST path=/lingxi/v1/sessions/sess_local_alpha/execute status=200
2026-09-28T15:14:10.462825Z  INFO lingxi_service: request handled request_id=req-6f44b7abf2b43c5ed7eceefa4439594b method=POST path=/lingxi/v1/sessions/sess_local_alpha/execute status=200
2026-09-28T15:14:10.462852Z  INFO lingxi_service: request handled request_id=req-f8795631843bbd50d8035d7dc49a66fc method=POST path=/lingxi/v1/sessions/sess_local_alpha/execute status=200
2026-09-28T15:14:10.462759Z  INFO lingxi_service: request handled request_id=req-63fa0c2073ecd74c1a69e6b6a80009be method=POST path=/lingxi/v1/sessions/sess_local_alpha/execute status=200
2026-09-28T15:14:10.465096Z  INFO lingxi_service::sessions: run committed and published (post-commit) run_id=run_000001a0e894a3a0_000079 session_id=sess_local_alpha events=run_000001a0e894a3a0_000079-done input_chars=17
2026-09-28T15:14:10.465216Z  INFO lingxi_service::sessions: run committed and published (post-commit) run_id=run_000001a0e894a3a0_00007a session_id=sess_local_alpha events=run_000001a0e894a3a0_00007a-done input_chars=17
2026-09-28T15:14:10.466020Z  INFO lingxi_service: request handled request_id=req-2cb6d4a0aaeb8f27168306655baf1977 method=POST path=/lingxi/v1/sessions/sess_local_alpha/execute status=200
2026-09-28T15:14:10.466046Z  INFO lingxi_service: request handled request_id=req-e78c4eb356ddca4745bfde5c6a793f26 method=POST path=/lingxi/v1/sessions/sess_local_alpha/execute status=200
2026-09-28T15:14:10.466257Z  INFO lingxi_service::sessions: run committed and published (post-commit) run_id=run_000001a0e894a3a0_00007b session_id=sess_local_alpha events=run_000001a0e894a3a0_00007b-done input_chars=17
2026-09-28T15:14:10.466425Z  INFO lingxi_service::sessions: run committed and published (post-commit) run_id=run_000001a0e894a3a0_00007c session_id=sess_local_alpha events=run_000001a0e894a3a0_00007c-done input_chars=17
2026-09-28T15:14:10.466586Z  INFO lingxi_service::sessions: run committed and published (post-commit) run_id=run_000001a0e894a3a0_00007d session_id=sess_local_alpha events=run_000001a0e894a3a0_00007d-done input_chars=17
2026-09-28T15:14:10.466755Z  INFO lingxi_service::sessions: run committed and published (post-commit) run_id=run_000001a0e894a3a0_00007e session_id=sess_local_alpha events=run_000001a0e894a3a0_00007e-done input_chars=17
2026-09-28T15:14:10.467412Z  INFO lingxi_service: request handled request_id=req-44a1b66265ffc20fba33f91c865be160 method=POST path=/lingxi/v1/sessions/sess_local_alpha/execute status=200
2026-09-28T15:14:10.467603Z  INFO lingxi_service: request handled request_id=req-d28826aa268460ccb0a7e77a347ae46d method=POST path=/lingxi/v1/sessions/sess_local_alpha/execute status=200
2026-09-28T15:14:10.467820Z  INFO lingxi_service: request handled request_id=req-225f4de519a0d099de9972f7381d0d67 method=POST path=/lingxi/v1/sessions/sess_local_alpha/execute status=200
2026-09-28T15:14:10.467852Z  INFO lingxi_service: request handled request_id=req-d62ecd9c644f18908ae3ee8be00f1a0a method=POST path=/lingxi/v1/sessions/sess_local_alpha/execute status=200
2026-09-28T15:14:10.467974Z  INFO lingxi_service::sessions: run committed and published (post-commit) run_id=run_000001a0e894a3a0_00007f session_id=sess_local_alpha events=run_000001a0e894a3a0_00007f-done input_chars=17
2026-09-28T15:14:10.468165Z  INFO lingxi_service::sessions: run committed and published (post-commit) run_id=run_000001a0e894a3a1_000080 session_id=sess_local_alpha events=run_000001a0e894a3a1_000080-done input_chars=17
2026-09-28T15:14:10.468302Z  INFO lingxi_service::sessions: run committed and published (post-commit) run_id=run_000001a0e894a3a1_000081 session_id=sess_local_alpha events=run_000001a0e894a3a1_000081-done input_chars=17
2026-09-28T15:14:10.468748Z  INFO lingxi_service::sessions: run committed and published (post-commit) run_id=run_000001a0e894a3a1_000082 session_id=sess_local_alpha events=run_000001a0e894a3a1_000082-done input_chars=17
2026-09-28T15:14:10.469181Z  INFO lingxi_service::sessions: run committed and published (post-commit) run_id=run_000001a0e894a3a1_000083 session_id=sess_local_alpha events=run_000001a0e894a3a1_000083-done input_chars=17
2026-09-28T15:14:10.469930Z  INFO lingxi_service: request handled request_id=req-946ff1b465180a26986edd6d1ce928fd method=POST path=/lingxi/v1/sessions/sess_local_alpha/execute status=200
2026-09-28T15:14:10.470157Z  INFO lingxi_service: request handled request_id=req-2f4e25a4ba98b5d6e7ec5b242d44fe49 method=POST path=/lingxi/v1/sessions/sess_local_alpha/execute status=200
2026-09-28T15:14:10.470160Z  INFO lingxi_service: request handled request_id=req-e49c9ec11f448215a653e03c7d98da1f method=POST path=/lingxi/v1/sessions/sess_local_alpha/execute status=200
2026-09-28T15:14:10.470340Z  INFO lingxi_service::sessions: run committed and published (post-commit) run_id=run_000001a0e894a3a2_000084 session_id=sess_local_alpha events=run_000001a0e894a3a2_000084-done input_chars=17
2026-09-28T15:14:10.470479Z  INFO lingxi_service::sessions: run committed and published (post-commit) run_id=run_000001a0e894a3a2_000085 session_id=sess_local_alpha events=run_000001a0e894a3a2_000085-done input_chars=17
2026-09-28T15:14:10.470816Z  INFO lingxi_service: request handled request_id=req-4008620ba2d3216794446050abe8d05e method=POST path=/lingxi/v1/sessions/sess_local_alpha/execute status=200
2026-09-28T15:14:10.470949Z  INFO lingxi_service::sessions: run committed and published (post-commit) run_id=run_000001a0e894a3a2_000086 session_id=sess_local_alpha events=run_000001a0e894a3a2_000086-done input_chars=17
2026-09-28T15:14:10.471361Z  INFO lingxi_service::sessions: run committed and published (post-commit) run_id=run_000001a0e894a3a2_000087 session_id=sess_local_alpha events=run_000001a0e894a3a2_000087-done input_chars=17
2026-09-28T15:14:10.471386Z  INFO lingxi_service: request handled request_id=req-f0655870cfa23565548ebbdd35ecca6b method=POST path=/lingxi/v1/sessions/sess_local_alpha/execute status=200
2026-09-28T15:14:10.471490Z  INFO lingxi_service::sessions: run committed and published (post-commit) run_id=run_000001a0e894a3a2_000088 session_id=sess_local_alpha events=run_000001a0e894a3a2_000088-done input_chars=17
2026-09-28T15:14:10.471641Z  INFO lingxi_service::sessions: run committed and published (post-commit) run_id=run_000001a0e894a3a3_000089 session_id=sess_local_alpha events=run_000001a0e894a3a3_000089-done input_chars=17
2026-09-28T15:14:10.471767Z  INFO lingxi_service::sessions: run committed and published (post-commit) run_id=run_000001a0e894a3a3_00008a session_id=sess_local_alpha events=run_000001a0e894a3a3_00008a-done input_chars=17
2026-09-28T15:14:10.471902Z  INFO lingxi_service::sessions: run committed and published (post-commit) run_id=run_000001a0e894a3a3_00008b session_id=sess_local_alpha events=run_000001a0e894a3a3_00008b-done input_chars=17
2026-09-28T15:14:10.472010Z  INFO lingxi_service::sessions: run committed and published (post-commit) run_id=run_000001a0e894a3a3_00008c session_id=sess_local_alpha events=run_000001a0e894a3a3_00008c-done input_chars=17
2026-09-28T15:14:10.472037Z  INFO lingxi_service: request handled request_id=req-e54742b21af1e6108b3ffc49cd3305e6 method=POST path=/lingxi/v1/sessions/sess_local_alpha/execute status=200
2026-09-28T15:14:10.472055Z  INFO lingxi_service: request handled request_id=req-1bfc458323c6f9e7201930692fd08ed1 method=POST path=/lingxi/v1/sessions/sess_local_alpha/execute status=200
2026-09-28T15:14:10.472165Z  INFO lingxi_service::sessions: run committed and published (post-commit) run_id=run_000001a0e894a3a3_00008d session_id=sess_local_alpha events=run_000001a0e894a3a3_00008d-done input_chars=17
2026-09-28T15:14:10.472272Z  INFO lingxi_service::sessions: run committed and published (post-commit) run_id=run_000001a0e894a3a3_00008e session_id=sess_local_alpha events=run_000001a0e894a3a3_00008e-done input_chars=17
2026-09-28T15:14:10.472294Z  INFO lingxi_service: request handled request_id=req-b6d882743f0e3d84deb5c9b73c9b8320 method=POST path=/lingxi/v1/sessions/sess_local_alpha/execute status=200
2026-09-28T15:14:10.472409Z  INFO lingxi_service::sessions: run committed and published (post-commit) run_id=run_000001a0e894a3a3_00008f session_id=sess_local_alpha events=run_000001a0e894a3a3_00008f-done input_chars=17
2026-09-28T15:14:10.472536Z  INFO lingxi_service::sessions: run committed and published (post-commit) run_id=run_000001a0e894a3a3_000090 session_id=sess_local_alpha events=run_000001a0e894a3a3_000090-done input_chars=17
2026-09-28T15:14:10.472560Z  INFO lingxi_service: request handled request_id=req-a7db95176044b11588c84657fab0c624 method=POST path=/lingxi/v1/sessions/sess_local_alpha/execute status=200
2026-09-28T15:14:10.472573Z  INFO lingxi_service: request handled request_id=req-f025abb6f14d8d38862afb0ea43b0b50 method=POST path=/lingxi/v1/sessions/sess_local_alpha/execute status=200
2026-09-28T15:14:10.472612Z  INFO lingxi_service: request handled request_id=req-de03c13cf44271e575954796c287d08b method=POST path=/lingxi/v1/sessions/sess_local_alpha/execute status=200
2026-09-28T15:14:10.472599Z  INFO lingxi_service: request handled request_id=req-cb1f73af790d0c91935a8afd2c28a6bd method=POST path=/lingxi/v1/sessions/sess_local_alpha/execute status=200
2026-09-28T15:14:10.472641Z  INFO lingxi_service: request handled request_id=req-e45f8422414034dde76659f24d5a75a7 method=POST path=/lingxi/v1/sessions/sess_local_alpha/execute status=200
2026-09-28T15:14:10.472657Z  INFO lingxi_service: request handled request_id=req-92805405978c198058085a48b38d309c method=POST path=/lingxi/v1/sessions/sess_local_alpha/execute status=200
2026-09-28T15:14:10.472729Z  INFO lingxi_service: request handled request_id=req-31cd3fa1a411dcf7738f1dddbc0f6122 method=POST path=/lingxi/v1/sessions/sess_local_alpha/execute status=200
2026-09-28T15:14:10.472695Z  INFO lingxi_service: request handled request_id=req-590452f878a76d1ac3422302000211e2 method=POST path=/lingxi/v1/sessions/sess_local_alpha/execute status=200
2026-09-28T15:14:10.472723Z  INFO lingxi_service: request handled request_id=req-b8e864e51b920059d5b01a1b2099fd63 method=POST path=/lingxi/v1/sessions/sess_local_alpha/execute status=200
2026-09-28T15:14:10.472690Z  INFO lingxi_service: request handled request_id=req-f0f1345587af77d93e7cbc15a799845d method=POST path=/lingxi/v1/sessions/sess_local_alpha/execute status=200
2026-09-28T15:14:10.474962Z  INFO lingxi_service::sessions: run committed and published (post-commit) run_id=run_000001a0e894a3aa_000091 session_id=sess_local_alpha events=run_000001a0e894a3aa_000091-done input_chars=17
2026-09-28T15:14:10.475108Z  INFO lingxi_service::sessions: run committed and published (post-commit) run_id=run_000001a0e894a3aa_000092 session_id=sess_local_alpha events=run_000001a0e894a3aa_000092-done input_chars=17
2026-09-28T15:14:10.475950Z  INFO lingxi_service: request handled request_id=req-15db57ae63953ab9ebc3218a83149387 method=POST path=/lingxi/v1/sessions/sess_local_alpha/execute status=200
2026-09-28T15:14:10.475955Z  INFO lingxi_service: request handled request_id=req-246da7a27787937f21fb699efa4efa49 method=POST path=/lingxi/v1/sessions/sess_local_alpha/execute status=200
2026-09-28T15:14:10.476142Z  INFO lingxi_service::sessions: run committed and published (post-commit) run_id=run_000001a0e894a3aa_000093 session_id=sess_local_alpha events=run_000001a0e894a3aa_000093-done input_chars=17
2026-09-28T15:14:10.476349Z  INFO lingxi_service::sessions: run committed and published (post-commit) run_id=run_000001a0e894a3aa_000094 session_id=sess_local_alpha events=run_000001a0e894a3aa_000094-done input_chars=17
2026-09-28T15:14:10.476924Z  INFO lingxi_service::sessions: run committed and published (post-commit) run_id=run_000001a0e894a3aa_000095 session_id=sess_local_alpha events=run_000001a0e894a3aa_000095-done input_chars=17
2026-09-28T15:14:10.477202Z  INFO lingxi_service::sessions: run committed and published (post-commit) run_id=run_000001a0e894a3aa_000096 session_id=sess_local_alpha events=run_000001a0e894a3aa_000096-done input_chars=17
2026-09-28T15:14:10.477614Z  INFO lingxi_service: request handled request_id=req-3d4121d9b1e9662368f2a68112c31c04 method=POST path=/lingxi/v1/sessions/sess_local_alpha/execute status=200
2026-09-28T15:14:10.477634Z  INFO lingxi_service: request handled request_id=req-8fbc4d9c2e08963370f1f49506c78191 method=POST path=/lingxi/v1/sessions/sess_local_alpha/execute status=200
2026-09-28T15:14:10.477777Z  INFO lingxi_service::sessions: run committed and published (post-commit) run_id=run_000001a0e894a3aa_000097 session_id=sess_local_alpha events=run_000001a0e894a3aa_000097-done input_chars=17
2026-09-28T15:14:10.477948Z  INFO lingxi_service::sessions: run committed and published (post-commit) run_id=run_000001a0e894a3aa_000098 session_id=sess_local_alpha events=run_000001a0e894a3aa_000098-done input_chars=17
2026-09-28T15:14:10.478688Z  INFO lingxi_service: request handled request_id=req-c051cdcd9e55cf7c4dab2914da434ec2 method=POST path=/lingxi/v1/sessions/sess_local_alpha/execute status=200
2026-09-28T15:14:10.478726Z  INFO lingxi_service: request handled request_id=req-13e2b2290a654aa69e417f279788946b method=POST path=/lingxi/v1/sessions/sess_local_alpha/execute status=200
2026-09-28T15:14:10.478906Z  INFO lingxi_service::sessions: run committed and published (post-commit) run_id=run_000001a0e894a3ab_000099 session_id=sess_local_alpha events=run_000001a0e894a3ab_000099-done input_chars=17
2026-09-28T15:14:10.479043Z  INFO lingxi_service::sessions: run committed and published (post-commit) run_id=run_000001a0e894a3ab_00009a session_id=sess_local_alpha events=run_000001a0e894a3ab_00009a-done input_chars=17
2026-09-28T15:14:10.479623Z  INFO lingxi_service: request handled request_id=req-819841aca6bb2012aeb3a941143bcfbe method=POST path=/lingxi/v1/sessions/sess_local_alpha/execute status=200
2026-09-28T15:14:10.479645Z  INFO lingxi_service: request handled request_id=req-e3ba5d0b6c3ff08ee3631e9a8b33ea04 method=POST path=/lingxi/v1/sessions/sess_local_alpha/execute status=200
2026-09-28T15:14:10.479809Z  INFO lingxi_service::sessions: run committed and published (post-commit) run_id=run_000001a0e894a3ab_00009b session_id=sess_local_alpha events=run_000001a0e894a3ab_00009b-done input_chars=17
2026-09-28T15:14:10.479962Z  INFO lingxi_service::sessions: run committed and published (post-commit) run_id=run_000001a0e894a3ab_00009c session_id=sess_local_alpha events=run_000001a0e894a3ab_00009c-done input_chars=17
2026-09-28T15:14:10.480132Z  INFO lingxi_service::sessions: run committed and published (post-commit) run_id=run_000001a0e894a3ab_00009d session_id=sess_local_alpha events=run_000001a0e894a3ab_00009d-done input_chars=17
2026-09-28T15:14:10.480459Z  INFO lingxi_service::sessions: run committed and published (post-commit) run_id=run_000001a0e894a3ab_00009e session_id=sess_local_alpha events=run_000001a0e894a3ab_00009e-done input_chars=17
2026-09-28T15:14:10.481444Z  INFO lingxi_service: request handled request_id=req-d94260f69a16c904528e7431b0e72eb2 method=POST path=/lingxi/v1/sessions/sess_local_alpha/execute status=200
2026-09-28T15:14:10.481452Z  INFO lingxi_service: request handled request_id=req-b1c099119bcebf909ae82a705acbaa4b method=POST path=/lingxi/v1/sessions/sess_local_alpha/execute status=200
2026-09-28T15:14:10.481557Z  INFO lingxi_service::sessions: run committed and published (post-commit) run_id=run_000001a0e894a3ac_00009f session_id=sess_local_alpha events=run_000001a0e894a3ac_00009f-done input_chars=17
2026-09-28T15:14:10.481706Z  INFO lingxi_service::sessions: run committed and published (post-commit) run_id=run_000001a0e894a3ac_0000a0 session_id=sess_local_alpha events=run_000001a0e894a3ac_0000a0-done input_chars=17
2026-09-28T15:14:10.481821Z  INFO lingxi_service::sessions: run committed and published (post-commit) run_id=run_000001a0e894a3ac_0000a1 session_id=sess_local_alpha events=run_000001a0e894a3ac_0000a1-done input_chars=17
2026-09-28T15:14:10.481848Z  INFO lingxi_service: request handled request_id=req-36254c5f6b8c3fc07a7d04a3b549507a method=POST path=/lingxi/v1/sessions/sess_local_alpha/execute status=200
2026-09-28T15:14:10.481874Z  INFO lingxi_service: request handled request_id=req-9ca62c479deacf661460240dd5e459d8 method=POST path=/lingxi/v1/sessions/sess_local_alpha/execute status=200
2026-09-28T15:14:10.481896Z  INFO lingxi_service: request handled request_id=req-9092378c88f527f388e059b3584d99c6 method=POST path=/lingxi/v1/sessions/sess_local_alpha/execute status=200
2026-09-28T15:14:10.482021Z  INFO lingxi_service::sessions: run committed and published (post-commit) run_id=run_000001a0e894a3ac_0000a2 session_id=sess_local_alpha events=run_000001a0e894a3ac_0000a2-done input_chars=17
2026-09-28T15:14:10.482042Z  INFO lingxi_service: request handled request_id=req-aa654165b8c95eeb708a12b177ffe129 method=POST path=/lingxi/v1/sessions/sess_local_alpha/execute status=200
2026-09-28T15:14:10.482157Z  INFO lingxi_service::sessions: run committed and published (post-commit) run_id=run_000001a0e894a3ad_0000a3 session_id=sess_local_alpha events=run_000001a0e894a3ad_0000a3-done input_chars=17
2026-09-28T15:14:10.482276Z  INFO lingxi_service::sessions: run committed and published (post-commit) run_id=run_000001a0e894a3ad_0000a4 session_id=sess_local_alpha events=run_000001a0e894a3ad_0000a4-done input_chars=17
2026-09-28T15:14:10.482382Z  INFO lingxi_service::sessions: run committed and published (post-commit) run_id=run_000001a0e894a3ad_0000a5 session_id=sess_local_alpha events=run_000001a0e894a3ad_0000a5-done input_chars=17
2026-09-28T15:14:10.482492Z  INFO lingxi_service::sessions: run committed and published (post-commit) run_id=run_000001a0e894a3ad_0000a6 session_id=sess_local_alpha events=run_000001a0e894a3ad_0000a6-done input_chars=17
2026-09-28T15:14:10.482600Z  INFO lingxi_service::sessions: run committed and published (post-commit) run_id=run_000001a0e894a3ad_0000a7 session_id=sess_local_alpha events=run_000001a0e894a3ad_0000a7-done input_chars=17
2026-09-28T15:14:10.482716Z  INFO lingxi_service::sessions: run committed and published (post-commit) run_id=run_000001a0e894a3ad_0000a8 session_id=sess_local_alpha events=run_000001a0e894a3ad_0000a8-done input_chars=17
2026-09-28T15:14:10.482759Z  INFO lingxi_service: request handled request_id=req-8c8234853fa3770b8f3c502878f1b98b method=POST path=/lingxi/v1/sessions/sess_local_alpha/execute status=200
2026-09-28T15:14:10.482775Z  INFO lingxi_service: request handled request_id=req-9dfbab613c3df384713cf2c9ffcd0aae method=POST path=/lingxi/v1/sessions/sess_local_alpha/execute status=200
2026-09-28T15:14:10.482804Z  INFO lingxi_service: request handled request_id=req-7d9cb3ac79a57e5d02c57a8b39cc539f method=POST path=/lingxi/v1/sessions/sess_local_alpha/execute status=200
2026-09-28T15:14:10.482788Z  INFO lingxi_service: request handled request_id=req-22b5f0a4b333c986ef9db520436b9711 method=POST path=/lingxi/v1/sessions/sess_local_alpha/execute status=200
2026-09-28T15:14:10.482857Z  INFO lingxi_service: request handled request_id=req-2b30cb11bddc00094082293ed74a1c69 method=POST path=/lingxi/v1/sessions/sess_local_alpha/execute status=200
2026-09-28T15:14:10.482901Z  INFO lingxi_service: request handled request_id=req-064d4f49f75f2791a6bf6d4772990718 method=POST path=/lingxi/v1/sessions/sess_local_alpha/execute status=200
2026-09-28T15:14:10.482864Z  INFO lingxi_service: request handled request_id=req-aa8d248a18ba35e15b4781450240e1b4 method=POST path=/lingxi/v1/sessions/sess_local_alpha/execute status=200
2026-09-28T15:14:10.482928Z  INFO lingxi_service: request handled request_id=req-86090c30c60412e8228ca11c93518aab method=POST path=/lingxi/v1/sessions/sess_local_alpha/execute status=200
2026-09-28T15:14:10.482945Z  INFO lingxi_service: request handled request_id=req-960bc4871b4b9adea8e4cf35fe140106 method=POST path=/lingxi/v1/sessions/sess_local_alpha/execute status=200
2026-09-28T15:14:10.482985Z  INFO lingxi_service: request handled request_id=req-efbd17dcc03da4da1ea8bdccf6101717 method=POST path=/lingxi/v1/sessions/sess_local_alpha/execute status=200
2026-09-28T15:14:10.484722Z  INFO lingxi_service::sessions: run committed and published (post-commit) run_id=run_000001a0e894a3b4_0000a9 session_id=sess_local_alpha events=run_000001a0e894a3b4_0000a9-done input_chars=17
2026-09-28T15:14:10.485723Z  INFO lingxi_service: request handled request_id=req-21fcf175e15788f82a79705c58659739 method=POST path=/lingxi/v1/sessions/sess_local_alpha/execute status=200
2026-09-28T15:14:10.485879Z  INFO lingxi_service::sessions: run committed and published (post-commit) run_id=run_000001a0e894a3b4_0000aa session_id=sess_local_alpha events=run_000001a0e894a3b4_0000aa-done input_chars=17
2026-09-28T15:14:10.486050Z  INFO lingxi_service::sessions: run committed and published (post-commit) run_id=run_000001a0e894a3b4_0000ab session_id=sess_local_alpha events=run_000001a0e894a3b4_0000ab-done input_chars=17
2026-09-28T15:14:10.486234Z  INFO lingxi_service::sessions: run committed and published (post-commit) run_id=run_000001a0e894a3b4_0000ac session_id=sess_local_alpha events=run_000001a0e894a3b4_0000ac-done input_chars=17
2026-09-28T15:14:10.486397Z  INFO lingxi_service::sessions: run committed and published (post-commit) run_id=run_000001a0e894a3b4_0000ad session_id=sess_local_alpha events=run_000001a0e894a3b4_0000ad-done input_chars=17
2026-09-28T15:14:10.486570Z  INFO lingxi_service::sessions: run committed and published (post-commit) run_id=run_000001a0e894a3b4_0000ae session_id=sess_local_alpha events=run_000001a0e894a3b4_0000ae-done input_chars=17
2026-09-28T15:14:10.487734Z  INFO lingxi_service: request handled request_id=req-c9723dcaa1154f57bccf212e5da5e63c method=POST path=/lingxi/v1/sessions/sess_local_alpha/execute status=200
2026-09-28T15:14:10.488151Z  INFO lingxi_service: request handled request_id=req-5c39a4bb8fc8f85e645ec02b4aaed5f7 method=POST path=/lingxi/v1/sessions/sess_local_alpha/execute status=200
2026-09-28T15:14:10.488182Z  INFO lingxi_service: request handled request_id=req-79eb7cb61450d6b434203d4f1ede6e58 method=POST path=/lingxi/v1/sessions/sess_local_alpha/execute status=200
2026-09-28T15:14:10.488396Z  INFO lingxi_service: request handled request_id=req-10becc831f0c51c461aea68fcafb3563 method=POST path=/lingxi/v1/sessions/sess_local_alpha/execute status=200
2026-09-28T15:14:10.488415Z  INFO lingxi_service: request handled request_id=req-e49cacb7d9c21e4f44c93f36f5a643ed method=POST path=/lingxi/v1/sessions/sess_local_alpha/execute status=200
2026-09-28T15:14:10.488583Z  INFO lingxi_service::sessions: run committed and published (post-commit) run_id=run_000001a0e894a3b4_0000af session_id=sess_local_alpha events=run_000001a0e894a3b4_0000af-done input_chars=17
2026-09-28T15:14:10.488749Z  INFO lingxi_service::sessions: run committed and published (post-commit) run_id=run_000001a0e894a3b4_0000b0 session_id=sess_local_alpha events=run_000001a0e894a3b4_0000b0-done input_chars=17
2026-09-28T15:14:10.489193Z  INFO lingxi_service::sessions: run committed and published (post-commit) run_id=run_000001a0e894a3b5_0000b1 session_id=sess_local_alpha events=run_000001a0e894a3b5_0000b1-done input_chars=17
2026-09-28T15:14:10.489720Z  INFO lingxi_service::sessions: run committed and published (post-commit) run_id=run_000001a0e894a3b5_0000b2 session_id=sess_local_alpha events=run_000001a0e894a3b5_0000b2-done input_chars=17
2026-09-28T15:14:10.489886Z  INFO lingxi_service::sessions: run committed and published (post-commit) run_id=run_000001a0e894a3b5_0000b3 session_id=sess_local_alpha events=run_000001a0e894a3b5_0000b3-done input_chars=17
2026-09-28T15:14:10.490211Z  INFO lingxi_service::sessions: run committed and published (post-commit) run_id=run_000001a0e894a3b5_0000b4 session_id=sess_local_alpha events=run_000001a0e894a3b5_0000b4-done input_chars=17
2026-09-28T15:14:10.491257Z  INFO lingxi_service: request handled request_id=req-5dc6478553388fd4da17ec6341d056fc method=POST path=/lingxi/v1/sessions/sess_local_alpha/execute status=200
2026-09-28T15:14:10.491435Z  INFO lingxi_service: request handled request_id=req-a0316c79c1730c1c1ee193fab6a38fb5 method=POST path=/lingxi/v1/sessions/sess_local_alpha/execute status=200
2026-09-28T15:14:10.491527Z  INFO lingxi_service::sessions: run committed and published (post-commit) run_id=run_000001a0e894a3b5_0000b5 session_id=sess_local_alpha events=run_000001a0e894a3b5_0000b5-done input_chars=17
2026-09-28T15:14:10.491648Z  INFO lingxi_service::sessions: run committed and published (post-commit) run_id=run_000001a0e894a3b5_0000b6 session_id=sess_local_alpha events=run_000001a0e894a3b5_0000b6-done input_chars=17
2026-09-28T15:14:10.491683Z  INFO lingxi_service: request handled request_id=req-c217b8366533e5decba22f74b3aa72c9 method=POST path=/lingxi/v1/sessions/sess_local_alpha/execute status=200
2026-09-28T15:14:10.491798Z  INFO lingxi_service::sessions: run committed and published (post-commit) run_id=run_000001a0e894a3b6_0000b7 session_id=sess_local_alpha events=run_000001a0e894a3b6_0000b7-done input_chars=17
2026-09-28T15:14:10.491914Z  INFO lingxi_service::sessions: run committed and published (post-commit) run_id=run_000001a0e894a3b6_0000b8 session_id=sess_local_alpha events=run_000001a0e894a3b6_0000b8-done input_chars=17
2026-09-28T15:14:10.491942Z  INFO lingxi_service: request handled request_id=req-58d94feb1028a98a05eb04f3b3d0379d method=POST path=/lingxi/v1/sessions/sess_local_alpha/execute status=200
2026-09-28T15:14:10.491961Z  INFO lingxi_service: request handled request_id=req-61872d03fbb221177fbc3706929f092d method=POST path=/lingxi/v1/sessions/sess_local_alpha/execute status=200
2026-09-28T15:14:10.492076Z  INFO lingxi_service::sessions: run committed and published (post-commit) run_id=run_000001a0e894a3b6_0000b9 session_id=sess_local_alpha events=run_000001a0e894a3b6_0000b9-done input_chars=17
2026-09-28T15:14:10.492104Z  INFO lingxi_service: request handled request_id=req-2847ee0cfef5ae0ae23fee325e9ab993 method=POST path=/lingxi/v1/sessions/sess_local_alpha/execute status=200
2026-09-28T15:14:10.492266Z  INFO lingxi_service::sessions: run committed and published (post-commit) run_id=run_000001a0e894a3b6_0000ba session_id=sess_local_alpha events=run_000001a0e894a3b6_0000ba-done input_chars=17
2026-09-28T15:14:10.492400Z  INFO lingxi_service::sessions: run committed and published (post-commit) run_id=run_000001a0e894a3b7_0000bb session_id=sess_local_alpha events=run_000001a0e894a3b7_0000bb-done input_chars=17
2026-09-28T15:14:10.492511Z  INFO lingxi_service::sessions: run committed and published (post-commit) run_id=run_000001a0e894a3b7_0000bc session_id=sess_local_alpha events=run_000001a0e894a3b7_0000bc-done input_chars=17
2026-09-28T15:14:10.492623Z  INFO lingxi_service::sessions: run committed and published (post-commit) run_id=run_000001a0e894a3b7_0000bd session_id=sess_local_alpha events=run_000001a0e894a3b7_0000bd-done input_chars=17
2026-09-28T15:14:10.492736Z  INFO lingxi_service::sessions: run committed and published (post-commit) run_id=run_000001a0e894a3b7_0000be session_id=sess_local_alpha events=run_000001a0e894a3b7_0000be-done input_chars=17
2026-09-28T15:14:10.492893Z  INFO lingxi_service::sessions: run committed and published (post-commit) run_id=run_000001a0e894a3b7_0000bf session_id=sess_local_alpha events=run_000001a0e894a3b7_0000bf-done input_chars=17
2026-09-28T15:14:10.493052Z  INFO lingxi_service::sessions: run committed and published (post-commit) run_id=run_000001a0e894a3b7_0000c0 session_id=sess_local_alpha events=run_000001a0e894a3b7_0000c0-done input_chars=17
2026-09-28T15:14:10.493091Z  INFO lingxi_service: request handled request_id=req-186d706960b9d07ed1db8a62181aad42 method=POST path=/lingxi/v1/sessions/sess_local_alpha/execute status=200
2026-09-28T15:14:10.493123Z  INFO lingxi_service: request handled request_id=req-1f3d96c50c8c8420d618076cbe0dc58a method=POST path=/lingxi/v1/sessions/sess_local_alpha/execute status=200
2026-09-28T15:14:10.493158Z  INFO lingxi_service: request handled request_id=req-6c84d2c9ab2209fe8de3f2f50ea5eb9a method=POST path=/lingxi/v1/sessions/sess_local_alpha/execute status=200
2026-09-28T15:14:10.493178Z  INFO lingxi_service: request handled request_id=req-7a04a370885d31f4cacd0c92fceb2120 method=POST path=/lingxi/v1/sessions/sess_local_alpha/execute status=200
2026-09-28T15:14:10.493197Z  INFO lingxi_service: request handled request_id=req-2cbd3aa6c4cf3d162e0ab48f1c2ebe25 method=POST path=/lingxi/v1/sessions/sess_local_alpha/execute status=200
2026-09-28T15:14:10.493217Z  INFO lingxi_service: request handled request_id=req-393f89b897460982e196204bcff07c7d method=POST path=/lingxi/v1/sessions/sess_local_alpha/execute status=200
2026-09-28T15:14:10.493252Z  INFO lingxi_service: request handled request_id=req-0dc2fa47f89bb23717c335cbff50f306 method=POST path=/lingxi/v1/sessions/sess_local_alpha/execute status=200
2026-09-28T15:14:10.493243Z  INFO lingxi_service: request handled request_id=req-38362b21ffe8478452e33ebc22ebe029 method=POST path=/lingxi/v1/sessions/sess_local_alpha/execute status=200
2026-09-28T15:14:10.493346Z  INFO lingxi_service: request handled request_id=req-f3f9688205b8a44089990dcb5db95fe0 method=POST path=/lingxi/v1/sessions/sess_local_alpha/execute status=200
2026-09-28T15:14:10.493303Z  INFO lingxi_service: request handled request_id=req-f90a2ec29b8fd9d35bd4d7625e0b5641 method=POST path=/lingxi/v1/sessions/sess_local_alpha/execute status=200
2026-09-28T15:14:10.493315Z  INFO lingxi_service: request handled request_id=req-04c85ecfd6aaa533f5a1883cd5b8c73e method=POST path=/lingxi/v1/sessions/sess_local_alpha/execute status=200
2026-09-28T15:14:10.493287Z  INFO lingxi_service: request handled request_id=req-ac5f2f221c38094c4d2f9e95ded730a8 method=POST path=/lingxi/v1/sessions/sess_local_alpha/execute status=200
2026-09-28T15:14:10.494991Z  INFO lingxi_service::sessions: run committed and published (post-commit) run_id=run_000001a0e894a3be_0000c1 session_id=sess_local_alpha events=run_000001a0e894a3be_0000c1-done input_chars=17
2026-09-28T15:14:10.495831Z  INFO lingxi_service: request handled request_id=req-abc91c76c4ff3d82e80b790b46e429ab method=POST path=/lingxi/v1/sessions/sess_local_alpha/execute status=200
2026-09-28T15:14:10.495976Z  INFO lingxi_service::sessions: run committed and published (post-commit) run_id=run_000001a0e894a3be_0000c2 session_id=sess_local_alpha events=run_000001a0e894a3be_0000c2-done input_chars=17
2026-09-28T15:14:10.496152Z  INFO lingxi_service::sessions: run committed and published (post-commit) run_id=run_000001a0e894a3be_0000c3 session_id=sess_local_alpha events=run_000001a0e894a3be_0000c3-done input_chars=17
2026-09-28T15:14:10.496385Z  INFO lingxi_service::sessions: run committed and published (post-commit) run_id=run_000001a0e894a3be_0000c4 session_id=sess_local_alpha events=run_000001a0e894a3be_0000c4-done input_chars=17
2026-09-28T15:14:10.496593Z  INFO lingxi_service::sessions: run committed and published (post-commit) run_id=run_000001a0e894a3be_0000c5 session_id=sess_local_alpha events=run_000001a0e894a3be_0000c5-done input_chars=17
2026-09-28T15:14:10.497523Z  INFO lingxi_service: request handled request_id=req-905fd20d45782869c340561ddd169d59 method=POST path=/lingxi/v1/sessions/sess_local_alpha/execute status=200
2026-09-28T15:14:10.497749Z  INFO lingxi_service: request handled request_id=req-7d8360598972cb3c889f79e2ea7180d2 method=POST path=/lingxi/v1/sessions/sess_local_alpha/execute status=200
2026-09-28T15:14:10.497776Z  INFO lingxi_service: request handled request_id=req-f33248a6624d855113868a5bc6991a28 method=POST path=/lingxi/v1/sessions/sess_local_alpha/execute status=200
2026-09-28T15:14:10.497814Z  INFO lingxi_service: request handled request_id=req-3bf36ea0784778f38d42a4baf4dc80dd method=POST path=/lingxi/v1/sessions/sess_local_alpha/execute status=200
2026-09-28T15:14:10.497953Z  INFO lingxi_service::sessions: run committed and published (post-commit) run_id=run_000001a0e894a3bf_0000c6 session_id=sess_local_alpha events=run_000001a0e894a3bf_0000c6-done input_chars=17
2026-09-28T15:14:10.498090Z  INFO lingxi_service::sessions: run committed and published (post-commit) run_id=run_000001a0e894a3bf_0000c7 session_id=sess_local_alpha events=run_000001a0e894a3bf_0000c7-done input_chars=17
2026-09-28T15:14:10.498393Z  INFO lingxi_service::sessions: run committed and published (post-commit) run_id=run_000001a0e894a3bf_0000c8 session_id=sess_local_alpha events=run_000001a0e894a3bf_0000c8-done input_chars=17
2026-09-28T15:14:10.498666Z  INFO lingxi_service::sessions: run committed and published (post-commit) run_id=run_000001a0e894a3bf_0000c9 session_id=sess_local_alpha events=run_000001a0e894a3bf_0000c9-done input_chars=17
2026-09-28T15:14:10.498803Z  INFO lingxi_service::sessions: run committed and published (post-commit) run_id=run_000001a0e894a3bf_0000ca session_id=sess_local_alpha events=run_000001a0e894a3bf_0000ca-done input_chars=17
2026-09-28T15:14:10.499710Z  INFO lingxi_service: request handled request_id=req-a04a47701ba25151ead812afcdad2c73 method=POST path=/lingxi/v1/sessions/sess_local_alpha/execute status=200
2026-09-28T15:14:10.499728Z  INFO lingxi_service: request handled request_id=req-0ae4caa800fb384993b007fe2c77068b method=POST path=/lingxi/v1/sessions/sess_local_alpha/execute status=200
2026-09-28T15:14:10.499877Z  INFO lingxi_service::sessions: run committed and published (post-commit) run_id=run_000001a0e894a3bf_0000cb session_id=sess_local_alpha events=run_000001a0e894a3bf_0000cb-done input_chars=17
2026-09-28T15:14:10.500342Z  INFO lingxi_service: request handled request_id=req-5168f0c275bf0c8485767bfe2b9a94c7 method=POST path=/lingxi/v1/sessions/sess_local_alpha/execute status=200
2026-09-28T15:14:10.500481Z  INFO lingxi_service::sessions: run committed and published (post-commit) run_id=run_000001a0e894a3bf_0000cc session_id=sess_local_alpha events=run_000001a0e894a3bf_0000cc-done input_chars=17
2026-09-28T15:14:10.500961Z  INFO lingxi_service: request handled request_id=req-32ee8569f356fb66a7bb4f4f43ce240d method=POST path=/lingxi/v1/sessions/sess_local_alpha/execute status=200
2026-09-28T15:14:10.500982Z  INFO lingxi_service: request handled request_id=req-baac65ae671268c14283d208b60c06a1 method=POST path=/lingxi/v1/sessions/sess_local_alpha/execute status=200
2026-09-28T15:14:10.501094Z  INFO lingxi_service::sessions: run committed and published (post-commit) run_id=run_000001a0e894a3c0_0000cd session_id=sess_local_alpha events=run_000001a0e894a3c0_0000cd-done input_chars=17
2026-09-28T15:14:10.501209Z  INFO lingxi_service::sessions: run committed and published (post-commit) run_id=run_000001a0e894a3c0_0000ce session_id=sess_local_alpha events=run_000001a0e894a3c0_0000ce-done input_chars=17
2026-09-28T15:14:10.501327Z  INFO lingxi_service::sessions: run committed and published (post-commit) run_id=run_000001a0e894a3c0_0000cf session_id=sess_local_alpha events=run_000001a0e894a3c0_0000cf-done input_chars=17
2026-09-28T15:14:10.501439Z  INFO lingxi_service::sessions: run committed and published (post-commit) run_id=run_000001a0e894a3c0_0000d0 session_id=sess_local_alpha events=run_000001a0e894a3c0_0000d0-done input_chars=17
2026-09-28T15:14:10.501551Z  INFO lingxi_service::sessions: run committed and published (post-commit) run_id=run_000001a0e894a3c0_0000d1 session_id=sess_local_alpha events=run_000001a0e894a3c0_0000d1-done input_chars=17
2026-09-28T15:14:10.501899Z  INFO lingxi_service: request handled request_id=req-d6760a4341516e4a094e175cb591a125 method=POST path=/lingxi/v1/sessions/sess_local_alpha/execute status=200
2026-09-28T15:14:10.502006Z  INFO lingxi_service::sessions: run committed and published (post-commit) run_id=run_000001a0e894a3c1_0000d2 session_id=sess_local_alpha events=run_000001a0e894a3c1_0000d2-done input_chars=17
2026-09-28T15:14:10.502116Z  INFO lingxi_service::sessions: run committed and published (post-commit) run_id=run_000001a0e894a3c1_0000d3 session_id=sess_local_alpha events=run_000001a0e894a3c1_0000d3-done input_chars=17
2026-09-28T15:14:10.502143Z  INFO lingxi_service: request handled request_id=req-fcfbe48ddbe2d14a0cbba550aff4636a method=POST path=/lingxi/v1/sessions/sess_local_alpha/execute status=200
2026-09-28T15:14:10.502307Z  INFO lingxi_service::sessions: run committed and published (post-commit) run_id=run_000001a0e894a3c1_0000d4 session_id=sess_local_alpha events=run_000001a0e894a3c1_0000d4-done input_chars=17
2026-09-28T15:14:10.502422Z  INFO lingxi_service::sessions: run committed and published (post-commit) run_id=run_000001a0e894a3c1_0000d5 session_id=sess_local_alpha events=run_000001a0e894a3c1_0000d5-done input_chars=17
2026-09-28T15:14:10.502536Z  INFO lingxi_service::sessions: run committed and published (post-commit) run_id=run_000001a0e894a3c1_0000d6 session_id=sess_local_alpha events=run_000001a0e894a3c1_0000d6-done input_chars=17
2026-09-28T15:14:10.502562Z  INFO lingxi_service: request handled request_id=req-1d9013a80648c0cb6b8a58f7e94fd730 method=POST path=/lingxi/v1/sessions/sess_local_alpha/execute status=200
2026-09-28T15:14:10.502588Z  INFO lingxi_service: request handled request_id=req-dd99c9fb19ee8cc931ac9365d693b9eb method=POST path=/lingxi/v1/sessions/sess_local_alpha/execute status=200
2026-09-28T15:14:10.502610Z  INFO lingxi_service: request handled request_id=req-16ead3fd29b61dedc426e750aa66acfc method=POST path=/lingxi/v1/sessions/sess_local_alpha/execute status=200
2026-09-28T15:14:10.502642Z  INFO lingxi_service: request handled request_id=req-92eed0b829abf839a3fc41486322668b method=POST path=/lingxi/v1/sessions/sess_local_alpha/execute status=200
2026-09-28T15:14:10.502672Z  INFO lingxi_service: request handled request_id=req-956aaca4dee041bbe156b5df746f0cd9 method=POST path=/lingxi/v1/sessions/sess_local_alpha/execute status=200
2026-09-28T15:14:10.502820Z  INFO lingxi_service::sessions: run committed and published (post-commit) run_id=run_000001a0e894a3c1_0000d7 session_id=sess_local_alpha events=run_000001a0e894a3c1_0000d7-done input_chars=17
2026-09-28T15:14:10.502975Z  INFO lingxi_service::sessions: run committed and published (post-commit) run_id=run_000001a0e894a3c1_0000d8 session_id=sess_local_alpha events=run_000001a0e894a3c1_0000d8-done input_chars=17
2026-09-28T15:14:10.503023Z  INFO lingxi_service: request handled request_id=req-e76112fa9d82d5e8217c5f5825051eb0 method=POST path=/lingxi/v1/sessions/sess_local_alpha/execute status=200
2026-09-28T15:14:10.503091Z  INFO lingxi_service: request handled request_id=req-8e195b3e75d351cd382780c12004cbc8 method=POST path=/lingxi/v1/sessions/sess_local_alpha/execute status=200
2026-09-28T15:14:10.503104Z  INFO lingxi_service: request handled request_id=req-9be4ff42733b6a56eed957928ab77e9d method=POST path=/lingxi/v1/sessions/sess_local_alpha/execute status=200
2026-09-28T15:14:10.503134Z  INFO lingxi_service: request handled request_id=req-115fd52193456ba2779eb13372ce2e07 method=POST path=/lingxi/v1/sessions/sess_local_alpha/execute status=200
2026-09-28T15:14:10.503117Z  INFO lingxi_service: request handled request_id=req-34ddcba5dd42784134c02f0d3b27f7c7 method=POST path=/lingxi/v1/sessions/sess_local_alpha/execute status=200
2026-09-28T15:14:10.503147Z  INFO lingxi_service: request handled request_id=req-48742baf0f5070c8a4743ed9abcff4fe method=POST path=/lingxi/v1/sessions/sess_local_alpha/execute status=200
2026-09-28T15:14:10.503176Z  INFO lingxi_service: request handled request_id=req-950cc7427f07ddd8b1231f358ad9bee3 method=POST path=/lingxi/v1/sessions/sess_local_alpha/execute status=200
2026-09-28T15:14:10.504823Z  INFO lingxi_service::sessions: run committed and published (post-commit) run_id=run_000001a0e894a3c8_0000d9 session_id=sess_local_alpha events=run_000001a0e894a3c8_0000d9-done input_chars=17
2026-09-28T15:14:10.504978Z  INFO lingxi_service::sessions: run committed and published (post-commit) run_id=run_000001a0e894a3c8_0000da session_id=sess_local_alpha events=run_000001a0e894a3c8_0000da-done input_chars=17
2026-09-28T15:14:10.505800Z  INFO lingxi_service: request handled request_id=req-0399cd6f428a5cef7357235c576a9938 method=POST path=/lingxi/v1/sessions/sess_local_alpha/execute status=200
2026-09-28T15:14:10.505821Z  INFO lingxi_service: request handled request_id=req-441d538be50c6bd13a66bbd8811e608f method=POST path=/lingxi/v1/sessions/sess_local_alpha/execute status=200
2026-09-28T15:14:10.505947Z  INFO lingxi_service::sessions: run committed and published (post-commit) run_id=run_000001a0e894a3c8_0000db session_id=sess_local_alpha events=run_000001a0e894a3c8_0000db-done input_chars=17
2026-09-28T15:14:10.506198Z  INFO lingxi_service::sessions: run committed and published (post-commit) run_id=run_000001a0e894a3c8_0000dc session_id=sess_local_alpha events=run_000001a0e894a3c8_0000dc-done input_chars=17
2026-09-28T15:14:10.506634Z  INFO lingxi_service::sessions: run committed and published (post-commit) run_id=run_000001a0e894a3c8_0000dd session_id=sess_local_alpha events=run_000001a0e894a3c8_0000dd-done input_chars=17
2026-09-28T15:14:10.506840Z  INFO lingxi_service::sessions: run committed and published (post-commit) run_id=run_000001a0e894a3c8_0000de session_id=sess_local_alpha events=run_000001a0e894a3c8_0000de-done input_chars=17
2026-09-28T15:14:10.507365Z  INFO lingxi_service: request handled request_id=req-69298a72866b197716020f6b8bcdb689 method=POST path=/lingxi/v1/sessions/sess_local_alpha/execute status=200
2026-09-28T15:14:10.507641Z  INFO lingxi_service: request handled request_id=req-2992127e8ff1d07285b357422ebfce65 method=POST path=/lingxi/v1/sessions/sess_local_alpha/execute status=200
2026-09-28T15:14:10.507871Z  INFO lingxi_service::sessions: run committed and published (post-commit) run_id=run_000001a0e894a3c8_0000df session_id=sess_local_alpha events=run_000001a0e894a3c8_0000df-done input_chars=17
2026-09-28T15:14:10.508236Z  INFO lingxi_service: request handled request_id=req-98906b7219fbc200b938765961e94efd method=POST path=/lingxi/v1/sessions/sess_local_alpha/execute status=200
2026-09-28T15:14:10.508593Z  INFO lingxi_service: request handled request_id=req-a6c65ca5a6ca024bb565c2a575d29f91 method=POST path=/lingxi/v1/sessions/sess_local_alpha/execute status=200
2026-09-28T15:14:10.508701Z  INFO lingxi_service::sessions: run committed and published (post-commit) run_id=run_000001a0e894a3c9_0000e0 session_id=sess_local_alpha events=run_000001a0e894a3c9_0000e0-done input_chars=17
2026-09-28T15:14:10.508949Z  INFO lingxi_service::sessions: run committed and published (post-commit) run_id=run_000001a0e894a3c9_0000e1 session_id=sess_local_alpha events=run_000001a0e894a3c9_0000e1-done input_chars=17
2026-09-28T15:14:10.509102Z  INFO lingxi_service::sessions: run committed and published (post-commit) run_id=run_000001a0e894a3c9_0000e2 session_id=sess_local_alpha events=run_000001a0e894a3c9_0000e2-done input_chars=17
2026-09-28T15:14:10.509648Z  INFO lingxi_service: request handled request_id=req-42e079bb444854fa7f864537c4fccfdb method=POST path=/lingxi/v1/sessions/sess_local_alpha/execute status=200
2026-09-28T15:14:10.509843Z  INFO lingxi_service::sessions: run committed and published (post-commit) run_id=run_000001a0e894a3c9_0000e3 session_id=sess_local_alpha events=run_000001a0e894a3c9_0000e3-done input_chars=17
2026-09-28T15:14:10.509996Z  INFO lingxi_service::sessions: run committed and published (post-commit) run_id=run_000001a0e894a3c9_0000e4 session_id=sess_local_alpha events=run_000001a0e894a3c9_0000e4-done input_chars=17
2026-09-28T15:14:10.510475Z  INFO lingxi_service::sessions: run committed and published (post-commit) run_id=run_000001a0e894a3c9_0000e5 session_id=sess_local_alpha events=run_000001a0e894a3c9_0000e5-done input_chars=17
2026-09-28T15:14:10.510657Z  INFO lingxi_service::sessions: run committed and published (post-commit) run_id=run_000001a0e894a3c9_0000e6 session_id=sess_local_alpha events=run_000001a0e894a3c9_0000e6-done input_chars=17
2026-09-28T15:14:10.511304Z  INFO lingxi_service: request handled request_id=req-516642056cc69a7a7681e878c30bda52 method=POST path=/lingxi/v1/sessions/sess_local_alpha/execute status=200
2026-09-28T15:14:10.511829Z  INFO lingxi_service: request handled request_id=req-634dc051b2316d91495ed594d7fa4d27 method=POST path=/lingxi/v1/sessions/sess_local_alpha/execute status=200
2026-09-28T15:14:10.511848Z  INFO lingxi_service: request handled request_id=req-166c3f4386d665ff16cbbc1101bd3d07 method=POST path=/lingxi/v1/sessions/sess_local_alpha/execute status=200
2026-09-28T15:14:10.511975Z  INFO lingxi_service::sessions: run committed and published (post-commit) run_id=run_000001a0e894a3ca_0000e7 session_id=sess_local_alpha events=run_000001a0e894a3ca_0000e7-done input_chars=17
2026-09-28T15:14:10.512549Z  INFO lingxi_service::sessions: run committed and published (post-commit) run_id=run_000001a0e894a3ca_0000e8 session_id=sess_local_alpha events=run_000001a0e894a3ca_0000e8-done input_chars=17
2026-09-28T15:14:10.512571Z  INFO lingxi_service: request handled request_id=req-434eeabd52c4fbd5f086b4d392834cb2 method=POST path=/lingxi/v1/sessions/sess_local_alpha/execute status=200
2026-09-28T15:14:10.512596Z  INFO lingxi_service: request handled request_id=req-dc697991ef3c7971777e26434842856c method=POST path=/lingxi/v1/sessions/sess_local_alpha/execute status=200
2026-09-28T15:14:10.512614Z  INFO lingxi_service: request handled request_id=req-c43631bd618778e2fd9a64b58a6daadf method=POST path=/lingxi/v1/sessions/sess_local_alpha/execute status=200
2026-09-28T15:14:10.512642Z  INFO lingxi_service: request handled request_id=req-79787a891b95cbf17265093e0fe9d961 method=POST path=/lingxi/v1/sessions/sess_local_alpha/execute status=200
2026-09-28T15:14:10.512788Z  INFO lingxi_service::sessions: run committed and published (post-commit) run_id=run_000001a0e894a3ca_0000e9 session_id=sess_local_alpha events=run_000001a0e894a3ca_0000e9-done input_chars=17
2026-09-28T15:14:10.512940Z  INFO lingxi_service::sessions: run committed and published (post-commit) run_id=run_000001a0e894a3cb_0000ea session_id=sess_local_alpha events=run_000001a0e894a3cb_0000ea-done input_chars=17
2026-09-28T15:14:10.513065Z  INFO lingxi_service::sessions: run committed and published (post-commit) run_id=run_000001a0e894a3cb_0000eb session_id=sess_local_alpha events=run_000001a0e894a3cb_0000eb-done input_chars=17
2026-09-28T15:14:10.513178Z  INFO lingxi_service::sessions: run committed and published (post-commit) run_id=run_000001a0e894a3cb_0000ec session_id=sess_local_alpha events=run_000001a0e894a3cb_0000ec-done input_chars=17
2026-09-28T15:14:10.513313Z  INFO lingxi_service::sessions: run committed and published (post-commit) run_id=run_000001a0e894a3cb_0000ed session_id=sess_local_alpha events=run_000001a0e894a3cb_0000ed-done input_chars=17
2026-09-28T15:14:10.513470Z  INFO lingxi_service::sessions: run committed and published (post-commit) run_id=run_000001a0e894a3cb_0000ee session_id=sess_local_alpha events=run_000001a0e894a3cb_0000ee-done input_chars=17
2026-09-28T15:14:10.513504Z  INFO lingxi_service: request handled request_id=req-9f64e141774a1e00cb36e58019c66b1b method=POST path=/lingxi/v1/sessions/sess_local_alpha/execute status=200
2026-09-28T15:14:10.513609Z  INFO lingxi_service::sessions: run committed and published (post-commit) run_id=run_000001a0e894a3cb_0000ef session_id=sess_local_alpha events=run_000001a0e894a3cb_0000ef-done input_chars=17
2026-09-28T15:14:10.513722Z  INFO lingxi_service::sessions: run committed and published (post-commit) run_id=run_000001a0e894a3cb_0000f0 session_id=sess_local_alpha events=run_000001a0e894a3cb_0000f0-done input_chars=17
2026-09-28T15:14:10.513752Z  INFO lingxi_service: request handled request_id=req-985f43fbb5dd9fa0c6b4af47e2c07b1b method=POST path=/lingxi/v1/sessions/sess_local_alpha/execute status=200
2026-09-28T15:14:10.513796Z  INFO lingxi_service: request handled request_id=req-540df2d898b96338b4dc454b310c2636 method=POST path=/lingxi/v1/sessions/sess_local_alpha/execute status=200
2026-09-28T15:14:10.513809Z  INFO lingxi_service: request handled request_id=req-fba8a919ac545b1f9ea0f0d6e701f701 method=POST path=/lingxi/v1/sessions/sess_local_alpha/execute status=200
2026-09-28T15:14:10.513831Z  INFO lingxi_service: request handled request_id=req-53f85aa6ceabf5db866d74deaf8e63d6 method=POST path=/lingxi/v1/sessions/sess_local_alpha/execute status=200
2026-09-28T15:14:10.513881Z  INFO lingxi_service: request handled request_id=req-821b09698beb9fb54065bed8d90e8b03 method=POST path=/lingxi/v1/sessions/sess_local_alpha/execute status=200
2026-09-28T15:14:10.513849Z  INFO lingxi_service: request handled request_id=req-ac833916bf22bef491307c6319f14cb7 method=POST path=/lingxi/v1/sessions/sess_local_alpha/execute status=200
2026-09-28T15:14:10.513929Z  INFO lingxi_service: request handled request_id=req-3e560a4a208dcc194f137c003856d36e method=POST path=/lingxi/v1/sessions/sess_local_alpha/execute status=200
2026-09-28T15:14:10.513952Z  INFO lingxi_service: request handled request_id=req-2711e9321e8b5ad9a764717ab5cbd6db method=POST path=/lingxi/v1/sessions/sess_local_alpha/execute status=200
2026-09-28T15:14:10.513942Z  INFO lingxi_service: request handled request_id=req-1f955504f68dd4acbd7472cb230e2204 method=POST path=/lingxi/v1/sessions/sess_local_alpha/execute status=200
2026-09-28T15:14:10.515465Z  INFO lingxi_service::sessions: run committed and published (post-commit) run_id=run_000001a0e894a3d2_0000f1 session_id=sess_local_alpha events=run_000001a0e894a3d2_0000f1-done input_chars=17
2026-09-28T15:14:10.516063Z  INFO lingxi_service: request handled request_id=req-ea81ec1fe3ab02c0883e42cd1317b484 method=POST path=/lingxi/v1/sessions/sess_local_alpha/execute status=200
2026-09-28T15:14:10.516282Z  INFO lingxi_service::sessions: run committed and published (post-commit) run_id=run_000001a0e894a3d3_0000f2 session_id=sess_local_alpha events=run_000001a0e894a3d3_0000f2-done input_chars=17
2026-09-28T15:14:10.516447Z  INFO lingxi_service::sessions: run committed and published (post-commit) run_id=run_000001a0e894a3d3_0000f3 session_id=sess_local_alpha events=run_000001a0e894a3d3_0000f3-done input_chars=17
2026-09-28T15:14:10.517644Z  INFO lingxi_service: request handled request_id=req-4c3b2a55c61e4e489336d84ef4816a0e method=POST path=/lingxi/v1/sessions/sess_local_alpha/execute status=200
2026-09-28T15:14:10.517668Z  INFO lingxi_service: request handled request_id=req-5920979e223397eadb24d789e7e86892 method=POST path=/lingxi/v1/sessions/sess_local_alpha/execute status=200
2026-09-28T15:14:10.517816Z  INFO lingxi_service::sessions: run committed and published (post-commit) run_id=run_000001a0e894a3d3_0000f4 session_id=sess_local_alpha events=run_000001a0e894a3d3_0000f4-done input_chars=17
2026-09-28T15:14:10.517968Z  INFO lingxi_service::sessions: run committed and published (post-commit) run_id=run_000001a0e894a3d3_0000f5 session_id=sess_local_alpha events=run_000001a0e894a3d3_0000f5-done input_chars=17
2026-09-28T15:14:10.518275Z  INFO lingxi_service::sessions: run committed and published (post-commit) run_id=run_000001a0e894a3d3_0000f6 session_id=sess_local_alpha events=run_000001a0e894a3d3_0000f6-done input_chars=17
2026-09-28T15:14:10.518436Z  INFO lingxi_service::sessions: run committed and published (post-commit) run_id=run_000001a0e894a3d3_0000f7 session_id=sess_local_alpha events=run_000001a0e894a3d3_0000f7-done input_chars=17
2026-09-28T15:14:10.518713Z  INFO lingxi_service::sessions: run committed and published (post-commit) run_id=run_000001a0e894a3d3_0000f8 session_id=sess_local_alpha events=run_000001a0e894a3d3_0000f8-done input_chars=17
2026-09-28T15:14:10.518818Z  INFO lingxi_service::sessions: run committed and published (post-commit) run_id=run_000001a0e894a3d3_0000f9 session_id=sess_local_alpha events=run_000001a0e894a3d3_0000f9-done input_chars=17
2026-09-28T15:14:10.519331Z  INFO lingxi_service: request handled request_id=req-14f9e396998a67ee94a5afe63659af08 method=POST path=/lingxi/v1/sessions/sess_local_alpha/execute status=200
2026-09-28T15:14:10.519357Z  INFO lingxi_service: request handled request_id=req-1d1749482df93e26f21c45ccb41b571b method=POST path=/lingxi/v1/sessions/sess_local_alpha/execute status=200
2026-09-28T15:14:10.519462Z  INFO lingxi_service::sessions: run committed and published (post-commit) run_id=run_000001a0e894a3d4_0000fa session_id=sess_local_alpha events=run_000001a0e894a3d4_0000fa-done input_chars=17
2026-09-28T15:14:10.520137Z  INFO lingxi_service: request handled request_id=req-d634a4e84eda1e0b479cdfe8ffe75ab3 method=POST path=/lingxi/v1/sessions/sess_local_alpha/execute status=200
2026-09-28T15:14:10.520178Z  INFO lingxi_service: request handled request_id=req-6b9e1a71860ae354253d299bfce07afd method=POST path=/lingxi/v1/sessions/sess_local_alpha/execute status=200
2026-09-28T15:14:10.520300Z  INFO lingxi_service::sessions: run committed and published (post-commit) run_id=run_000001a0e894a3d4_0000fb session_id=sess_local_alpha events=run_000001a0e894a3d4_0000fb-done input_chars=17
2026-09-28T15:14:10.520670Z  INFO lingxi_service: request handled request_id=req-1fc69dec2482a6d8987d72b399e1b21e method=POST path=/lingxi/v1/sessions/sess_local_alpha/execute status=200
2026-09-28T15:14:10.520690Z  INFO lingxi_service: request handled request_id=req-45310eabcc4562f1812caf51db8443eb method=POST path=/lingxi/v1/sessions/sess_local_alpha/execute status=200
2026-09-28T15:14:10.520802Z  INFO lingxi_service::sessions: run committed and published (post-commit) run_id=run_000001a0e894a3d4_0000fc session_id=sess_local_alpha events=run_000001a0e894a3d4_0000fc-done input_chars=17
2026-09-28T15:14:10.521063Z  INFO lingxi_service::sessions: run committed and published (post-commit) run_id=run_000001a0e894a3d4_0000fd session_id=sess_local_alpha events=run_000001a0e894a3d4_0000fd-done input_chars=17
2026-09-28T15:14:10.521170Z  INFO lingxi_service::sessions: run committed and published (post-commit) run_id=run_000001a0e894a3d4_0000fe session_id=sess_local_alpha events=run_000001a0e894a3d4_0000fe-done input_chars=17
2026-09-28T15:14:10.521839Z  INFO lingxi_service: request handled request_id=req-7aa635d8274a99e01f9fdb1d0c3ff971 method=POST path=/lingxi/v1/sessions/sess_local_alpha/execute status=200
2026-09-28T15:14:10.521946Z  INFO lingxi_service::sessions: run committed and published (post-commit) run_id=run_000001a0e894a3d5_0000ff session_id=sess_local_alpha events=run_000001a0e894a3d5_0000ff-done input_chars=17
2026-09-28T15:14:10.522058Z  INFO lingxi_service::sessions: run committed and published (post-commit) run_id=run_000001a0e894a3d5_000100 session_id=sess_local_alpha events=run_000001a0e894a3d5_000100-done input_chars=17
2026-09-28T15:14:10.522172Z  INFO lingxi_service::sessions: run committed and published (post-commit) run_id=run_000001a0e894a3d5_000101 session_id=sess_local_alpha events=run_000001a0e894a3d5_000101-done input_chars=17
2026-09-28T15:14:10.522204Z  INFO lingxi_service: request handled request_id=req-d99de48c507a8f7255d38cb20990181f method=POST path=/lingxi/v1/sessions/sess_local_alpha/execute status=200
2026-09-28T15:14:10.522311Z  INFO lingxi_service::sessions: run committed and published (post-commit) run_id=run_000001a0e894a3d5_000102 session_id=sess_local_alpha events=run_000001a0e894a3d5_000102-done input_chars=17
2026-09-28T15:14:10.522432Z  INFO lingxi_service::sessions: run committed and published (post-commit) run_id=run_000001a0e894a3d5_000103 session_id=sess_local_alpha events=run_000001a0e894a3d5_000103-done input_chars=17
2026-09-28T15:14:10.522469Z  INFO lingxi_service: request handled request_id=req-81e7bed39a4766ed0261071c05ddd9d8 method=POST path=/lingxi/v1/sessions/sess_local_alpha/execute status=200
2026-09-28T15:14:10.522564Z  INFO lingxi_service::sessions: run committed and published (post-commit) run_id=run_000001a0e894a3d5_000104 session_id=sess_local_alpha events=run_000001a0e894a3d5_000104-done input_chars=17
2026-09-28T15:14:10.522611Z  INFO lingxi_service: request handled request_id=req-505a5f7fddd47f58288df420dcf8529e method=POST path=/lingxi/v1/sessions/sess_local_alpha/execute status=200
2026-09-28T15:14:10.522635Z  INFO lingxi_service: request handled request_id=req-151fac15cdf17bf1daa47dca996a5bdf method=POST path=/lingxi/v1/sessions/sess_local_alpha/execute status=200
2026-09-28T15:14:10.522784Z  INFO lingxi_service::sessions: run committed and published (post-commit) run_id=run_000001a0e894a3d5_000105 session_id=sess_local_alpha events=run_000001a0e894a3d5_000105-done input_chars=17
2026-09-28T15:14:10.522951Z  INFO lingxi_service::sessions: run committed and published (post-commit) run_id=run_000001a0e894a3d6_000106 session_id=sess_local_alpha events=run_000001a0e894a3d6_000106-done input_chars=17
2026-09-28T15:14:10.523098Z  INFO lingxi_service::sessions: run committed and published (post-commit) run_id=run_000001a0e894a3d6_000107 session_id=sess_local_alpha events=run_000001a0e894a3d6_000107-done input_chars=17
2026-09-28T15:14:10.523282Z  INFO lingxi_service::sessions: run committed and published (post-commit) run_id=run_000001a0e894a3d6_000108 session_id=sess_local_alpha events=run_000001a0e894a3d6_000108-done input_chars=17
2026-09-28T15:14:10.523318Z  INFO lingxi_service: request handled request_id=req-b33f33c093db2bff8fee9f548eb81f63 method=POST path=/lingxi/v1/sessions/sess_local_alpha/execute status=200
2026-09-28T15:14:10.523354Z  INFO lingxi_service: request handled request_id=req-c6bddbcbd894310045bd1c694ec80934 method=POST path=/lingxi/v1/sessions/sess_local_alpha/execute status=200
2026-09-28T15:14:10.523388Z  INFO lingxi_service: request handled request_id=req-40cf32058f4264557557d7715f3767b1 method=POST path=/lingxi/v1/sessions/sess_local_alpha/execute status=200
2026-09-28T15:14:10.523406Z  INFO lingxi_service: request handled request_id=req-4d43b7e37eca6369596b93d62aac2624 method=POST path=/lingxi/v1/sessions/sess_local_alpha/execute status=200
2026-09-28T15:14:10.523430Z  INFO lingxi_service: request handled request_id=req-fd873773853f1dfb7a77cc7154aaa6db method=POST path=/lingxi/v1/sessions/sess_local_alpha/execute status=200
2026-09-28T15:14:10.523452Z  INFO lingxi_service: request handled request_id=req-d44e25851627d1a6fb0bdd32e32e8187 method=POST path=/lingxi/v1/sessions/sess_local_alpha/execute status=200
2026-09-28T15:14:10.523493Z  INFO lingxi_service: request handled request_id=req-300d3ffce9da34da937d6773f74776eb method=POST path=/lingxi/v1/sessions/sess_local_alpha/execute status=200
2026-09-28T15:14:10.523535Z  INFO lingxi_service: request handled request_id=req-8149686eba596e288d77a901be19be44 method=POST path=/lingxi/v1/sessions/sess_local_alpha/execute status=200
2026-09-28T15:14:10.523527Z  INFO lingxi_service: request handled request_id=req-183968b0e04f863b1cd82358a0806f28 method=POST path=/lingxi/v1/sessions/sess_local_alpha/execute status=200
2026-09-28T15:14:10.523547Z  INFO lingxi_service: request handled request_id=req-be81c8a743e47cbc904f11bbb2fbe9c5 method=POST path=/lingxi/v1/sessions/sess_local_alpha/execute status=200
2026-09-28T15:14:10.524985Z  INFO lingxi_service::sessions: run committed and published (post-commit) run_id=run_000001a0e894a3dc_000109 session_id=sess_local_alpha events=run_000001a0e894a3dc_000109-done input_chars=17
2026-09-28T15:14:10.525408Z  INFO lingxi_service: request handled request_id=req-2766a6485ea20f4f92f66dd3c04ba52f method=POST path=/lingxi/v1/sessions/sess_local_alpha/execute status=200
2026-09-28T15:14:10.525560Z  INFO lingxi_service::sessions: run committed and published (post-commit) run_id=run_000001a0e894a3dc_00010a session_id=sess_local_alpha events=run_000001a0e894a3dc_00010a-done input_chars=17
2026-09-28T15:14:10.525723Z  INFO lingxi_service::sessions: run committed and published (post-commit) run_id=run_000001a0e894a3dc_00010b session_id=sess_local_alpha events=run_000001a0e894a3dc_00010b-done input_chars=17
2026-09-28T15:14:10.526737Z  INFO lingxi_service: request handled request_id=req-b99e3d380c7ec9aea03a187a82cdac2e method=POST path=/lingxi/v1/sessions/sess_local_alpha/execute status=200
2026-09-28T15:14:10.526770Z  INFO lingxi_service: request handled request_id=req-c15936f2200943b635b4ca4ee7914082 method=POST path=/lingxi/v1/sessions/sess_local_alpha/execute status=200
2026-09-28T15:14:10.526931Z  INFO lingxi_service::sessions: run committed and published (post-commit) run_id=run_000001a0e894a3dc_00010c session_id=sess_local_alpha events=run_000001a0e894a3dc_00010c-done input_chars=17
2026-09-28T15:14:10.527133Z  INFO lingxi_service::sessions: run committed and published (post-commit) run_id=run_000001a0e894a3dc_00010d session_id=sess_local_alpha events=run_000001a0e894a3dc_00010d-done input_chars=17
2026-09-28T15:14:10.527309Z  INFO lingxi_service::sessions: run committed and published (post-commit) run_id=run_000001a0e894a3dd_00010e session_id=sess_local_alpha events=run_000001a0e894a3dd_00010e-done input_chars=17
2026-09-28T15:14:10.527473Z  INFO lingxi_service::sessions: run committed and published (post-commit) run_id=run_000001a0e894a3dd_00010f session_id=sess_local_alpha events=run_000001a0e894a3dd_00010f-done input_chars=17
2026-09-28T15:14:10.527628Z  INFO lingxi_service::sessions: run committed and published (post-commit) run_id=run_000001a0e894a3dd_000110 session_id=sess_local_alpha events=run_000001a0e894a3dd_000110-done input_chars=17
2026-09-28T15:14:10.528216Z  INFO lingxi_service: request handled request_id=req-63869c42df3b0bb54c969b2da5411d0f method=POST path=/lingxi/v1/sessions/sess_local_alpha/execute status=200
2026-09-28T15:14:10.528249Z  INFO lingxi_service: request handled request_id=req-ebc8cd26ec89769729cb3752807f18fa method=POST path=/lingxi/v1/sessions/sess_local_alpha/execute status=200
2026-09-28T15:14:10.528632Z  INFO lingxi_service: request handled request_id=req-4007bf9b3aa1ac783c51f6aa9fac003d method=POST path=/lingxi/v1/sessions/sess_local_alpha/execute status=200
2026-09-28T15:14:10.528987Z  INFO lingxi_service: request handled request_id=req-8149852d0a6e99dbdc9b459b3d5e7c70 method=POST path=/lingxi/v1/sessions/sess_local_alpha/execute status=200
2026-09-28T15:14:10.529189Z  INFO lingxi_service: request handled request_id=req-ff26fb40135a87d734fa68daafb454c0 method=POST path=/lingxi/v1/sessions/sess_local_alpha/execute status=200
2026-09-28T15:14:10.529318Z  INFO lingxi_service::sessions: run committed and published (post-commit) run_id=run_000001a0e894a3dd_000111 session_id=sess_local_alpha events=run_000001a0e894a3dd_000111-done input_chars=17
2026-09-28T15:14:10.529461Z  INFO lingxi_service::sessions: run committed and published (post-commit) run_id=run_000001a0e894a3dd_000112 session_id=sess_local_alpha events=run_000001a0e894a3dd_000112-done input_chars=17
2026-09-28T15:14:10.529625Z  INFO lingxi_service::sessions: run committed and published (post-commit) run_id=run_000001a0e894a3dd_000113 session_id=sess_local_alpha events=run_000001a0e894a3dd_000113-done input_chars=17
2026-09-28T15:14:10.530019Z  INFO lingxi_service::sessions: run committed and published (post-commit) run_id=run_000001a0e894a3de_000114 session_id=sess_local_alpha events=run_000001a0e894a3de_000114-done input_chars=17
2026-09-28T15:14:10.530381Z  INFO lingxi_service::sessions: run committed and published (post-commit) run_id=run_000001a0e894a3de_000115 session_id=sess_local_alpha events=run_000001a0e894a3de_000115-done input_chars=17
2026-09-28T15:14:10.530713Z  INFO lingxi_service::sessions: run committed and published (post-commit) run_id=run_000001a0e894a3de_000116 session_id=sess_local_alpha events=run_000001a0e894a3de_000116-done input_chars=17
2026-09-28T15:14:10.530867Z  INFO lingxi_service::sessions: run committed and published (post-commit) run_id=run_000001a0e894a3de_000117 session_id=sess_local_alpha events=run_000001a0e894a3de_000117-done input_chars=17
2026-09-28T15:14:10.530982Z  INFO lingxi_service::sessions: run committed and published (post-commit) run_id=run_000001a0e894a3de_000118 session_id=sess_local_alpha events=run_000001a0e894a3de_000118-done input_chars=17
2026-09-28T15:14:10.531815Z  INFO lingxi_service: request handled request_id=req-df6f746472ddb1af388d62dcb46ed3ce method=POST path=/lingxi/v1/sessions/sess_local_alpha/execute status=200
2026-09-28T15:14:10.531828Z  INFO lingxi_service: request handled request_id=req-0a49105532e6dc3b8c8f7f38a9da6521 method=POST path=/lingxi/v1/sessions/sess_local_alpha/execute status=200
2026-09-28T15:14:10.531850Z  INFO lingxi_service: request handled request_id=req-b86ac3a7faf856975001387d0c0568fe method=POST path=/lingxi/v1/sessions/sess_local_alpha/execute status=200
2026-09-28T15:14:10.531965Z  INFO lingxi_service::sessions: run committed and published (post-commit) run_id=run_000001a0e894a3df_000119 session_id=sess_local_alpha events=run_000001a0e894a3df_000119-done input_chars=17
2026-09-28T15:14:10.531996Z  INFO lingxi_service: request handled request_id=req-907bf9d2899fdd9352669989682feae8 method=POST path=/lingxi/v1/sessions/sess_local_alpha/execute status=200
2026-09-28T15:14:10.532156Z  INFO lingxi_service::sessions: run committed and published (post-commit) run_id=run_000001a0e894a3df_00011a session_id=sess_local_alpha events=run_000001a0e894a3df_00011a-done input_chars=17
2026-09-28T15:14:10.532191Z  INFO lingxi_service: request handled request_id=req-0176ac2c6849633db08b6abf1eaf76d8 method=POST path=/lingxi/v1/sessions/sess_local_alpha/execute status=200
2026-09-28T15:14:10.532875Z  INFO lingxi_service::sessions: run committed and published (post-commit) run_id=run_000001a0e894a3df_00011b session_id=sess_local_alpha events=run_000001a0e894a3df_00011b-done input_chars=17
2026-09-28T15:14:10.532935Z  INFO lingxi_service: request handled request_id=req-a061f4c076bbd728965cbaf198493f8d method=POST path=/lingxi/v1/sessions/sess_local_alpha/execute status=200
2026-09-28T15:14:10.532946Z  INFO lingxi_service: request handled request_id=req-052abeec5a53b728ad963145cefc137c method=POST path=/lingxi/v1/sessions/sess_local_alpha/execute status=200
2026-09-28T15:14:10.532973Z  INFO lingxi_service: request handled request_id=req-c98c237d70c058ec419ec2ccd3d38ce2 method=POST path=/lingxi/v1/sessions/sess_local_alpha/execute status=200
2026-09-28T15:14:10.533192Z  INFO lingxi_service::sessions: run committed and published (post-commit) run_id=run_000001a0e894a3df_00011c session_id=sess_local_alpha events=run_000001a0e894a3df_00011c-done input_chars=17
2026-09-28T15:14:10.533358Z  INFO lingxi_service::sessions: run committed and published (post-commit) run_id=run_000001a0e894a3df_00011d session_id=sess_local_alpha events=run_000001a0e894a3df_00011d-done input_chars=17
2026-09-28T15:14:10.533551Z  INFO lingxi_service::sessions: run committed and published (post-commit) run_id=run_000001a0e894a3df_00011e session_id=sess_local_alpha events=run_000001a0e894a3df_00011e-done input_chars=17
2026-09-28T15:14:10.533691Z  INFO lingxi_service::sessions: run committed and published (post-commit) run_id=run_000001a0e894a3df_00011f session_id=sess_local_alpha events=run_000001a0e894a3df_00011f-done input_chars=17
2026-09-28T15:14:10.533809Z  INFO lingxi_service::sessions: run committed and published (post-commit) run_id=run_000001a0e894a3df_000120 session_id=sess_local_alpha events=run_000001a0e894a3df_000120-done input_chars=17
2026-09-28T15:14:10.533850Z  INFO lingxi_service: request handled request_id=req-15641a79085c6f1d5157af565bf64f42 method=POST path=/lingxi/v1/sessions/sess_local_alpha/execute status=200
2026-09-28T15:14:10.533883Z  INFO lingxi_service: request handled request_id=req-ca0b55dee894a13189299a14d78a759d method=POST path=/lingxi/v1/sessions/sess_local_alpha/execute status=200
2026-09-28T15:14:10.533905Z  INFO lingxi_service: request handled request_id=req-6eb0ac10b4321d33c931deaae45fa987 method=POST path=/lingxi/v1/sessions/sess_local_alpha/execute status=200
2026-09-28T15:14:10.533931Z  INFO lingxi_service: request handled request_id=req-75b7dde0995d9a91bdf3c67d577baed0 method=POST path=/lingxi/v1/sessions/sess_local_alpha/execute status=200
2026-09-28T15:14:10.533958Z  INFO lingxi_service: request handled request_id=req-296c66131bb0e4ec9b729309ebfe2606 method=POST path=/lingxi/v1/sessions/sess_local_alpha/execute status=200
2026-09-28T15:14:10.533987Z  INFO lingxi_service: request handled request_id=req-2050773c128cb6db2ac863f59e0c80f2 method=POST path=/lingxi/v1/sessions/sess_local_alpha/execute status=200
2026-09-28T15:14:10.534016Z  INFO lingxi_service: request handled request_id=req-ad313d1a4c30abb23c9fb156600bff96 method=POST path=/lingxi/v1/sessions/sess_local_alpha/execute status=200
2026-09-28T15:14:10.534083Z  INFO lingxi_service: request handled request_id=req-de73f549cb31bf824aec92c3a222b18e method=POST path=/lingxi/v1/sessions/sess_local_alpha/execute status=200
2026-09-28T15:14:10.535413Z  INFO lingxi_service::sessions: run committed and published (post-commit) run_id=run_000001a0e894a3e6_000121 session_id=sess_local_alpha events=run_000001a0e894a3e6_000121-done input_chars=17
2026-09-28T15:14:10.535850Z  INFO lingxi_service: request handled request_id=req-bbe0f1b9a4379e7837e580d808476d0f method=POST path=/lingxi/v1/sessions/sess_local_alpha/execute status=200
2026-09-28T15:14:10.535964Z  INFO lingxi_service::sessions: run committed and published (post-commit) run_id=run_000001a0e894a3e7_000122 session_id=sess_local_alpha events=run_000001a0e894a3e7_000122-done input_chars=17
2026-09-28T15:14:10.536134Z  INFO lingxi_service::sessions: run committed and published (post-commit) run_id=run_000001a0e894a3e7_000123 session_id=sess_local_alpha events=run_000001a0e894a3e7_000123-done input_chars=17
2026-09-28T15:14:10.537178Z  INFO lingxi_service: request handled request_id=req-7c06a4c02fdd732eb236d96b7c210b17 method=POST path=/lingxi/v1/sessions/sess_local_alpha/execute status=200
2026-09-28T15:14:10.537423Z  INFO lingxi_service: request handled request_id=req-e8059304262b2db8694cbe99a409a6db method=POST path=/lingxi/v1/sessions/sess_local_alpha/execute status=200
2026-09-28T15:14:10.537585Z  INFO lingxi_service::sessions: run committed and published (post-commit) run_id=run_000001a0e894a3e7_000124 session_id=sess_local_alpha events=run_000001a0e894a3e7_000124-done input_chars=17
2026-09-28T15:14:10.537752Z  INFO lingxi_service::sessions: run committed and published (post-commit) run_id=run_000001a0e894a3e7_000125 session_id=sess_local_alpha events=run_000001a0e894a3e7_000125-done input_chars=17
2026-09-28T15:14:10.537924Z  INFO lingxi_service::sessions: run committed and published (post-commit) run_id=run_000001a0e894a3e7_000126 session_id=sess_local_alpha events=run_000001a0e894a3e7_000126-done input_chars=17
2026-09-28T15:14:10.538046Z  INFO lingxi_service::sessions: run committed and published (post-commit) run_id=run_000001a0e894a3e7_000127 session_id=sess_local_alpha events=run_000001a0e894a3e7_000127-done input_chars=17
2026-09-28T15:14:10.538419Z  INFO lingxi_service::sessions: run committed and published (post-commit) run_id=run_000001a0e894a3e7_000128 session_id=sess_local_alpha events=run_000001a0e894a3e7_000128-done input_chars=17
2026-09-28T15:14:10.538498Z  INFO lingxi_service: request handled request_id=req-8b135964ac5b5589628cb6ac049643d2 method=POST path=/lingxi/v1/sessions/sess_local_alpha/execute status=200
2026-09-28T15:14:10.539268Z  INFO lingxi_service: request handled request_id=req-963aa7008e18adbc2beeb3c837e75f51 method=POST path=/lingxi/v1/sessions/sess_local_alpha/execute status=200
2026-09-28T15:14:10.539302Z  INFO lingxi_service: request handled request_id=req-83f6054131160bc17231be8d2b2b45dd method=POST path=/lingxi/v1/sessions/sess_local_alpha/execute status=200
2026-09-28T15:14:10.539328Z  INFO lingxi_service: request handled request_id=req-11c5c77472481743a6c330a682ed5803 method=POST path=/lingxi/v1/sessions/sess_local_alpha/execute status=200
2026-09-28T15:14:10.539468Z  INFO lingxi_service::sessions: run committed and published (post-commit) run_id=run_000001a0e894a3e8_000129 session_id=sess_local_alpha events=run_000001a0e894a3e8_000129-done input_chars=17
2026-09-28T15:14:10.540359Z  INFO lingxi_service: request handled request_id=req-e54ab33e60fbcb13396763e85fa146b3 method=POST path=/lingxi/v1/sessions/sess_local_alpha/execute status=200
2026-09-28T15:14:10.540843Z  INFO lingxi_service::sessions: run committed and published (post-commit) run_id=run_000001a0e894a3e8_00012a session_id=sess_local_alpha events=run_000001a0e894a3e8_00012a-done input_chars=17
2026-09-28T15:14:10.540966Z  INFO lingxi_service::sessions: run committed and published (post-commit) run_id=run_000001a0e894a3e8_00012b session_id=sess_local_alpha events=run_000001a0e894a3e8_00012b-done input_chars=17
2026-09-28T15:14:10.541078Z  INFO lingxi_service::sessions: run committed and published (post-commit) run_id=run_000001a0e894a3e8_00012c session_id=sess_local_alpha events=run_000001a0e894a3e8_00012c-done input_chars=17
2026-09-28T15:14:10.541189Z  INFO lingxi_service::sessions: run committed and published (post-commit) run_id=run_000001a0e894a3e8_00012d session_id=sess_local_alpha events=run_000001a0e894a3e8_00012d-done input_chars=17
2026-09-28T15:14:10.541529Z  INFO lingxi_service: request handled request_id=req-52b06e33de1d76357ee29b62fde9abe3 method=POST path=/lingxi/v1/sessions/sess_local_alpha/execute status=200
2026-09-28T15:14:10.541633Z  INFO lingxi_service::sessions: run committed and published (post-commit) run_id=run_000001a0e894a3e9_00012e session_id=sess_local_alpha events=run_000001a0e894a3e9_00012e-done input_chars=17
2026-09-28T15:14:10.541743Z  INFO lingxi_service::sessions: run committed and published (post-commit) run_id=run_000001a0e894a3e9_00012f session_id=sess_local_alpha events=run_000001a0e894a3e9_00012f-done input_chars=17
2026-09-28T15:14:10.541867Z  INFO lingxi_service::sessions: run committed and published (post-commit) run_id=run_000001a0e894a3e9_000130 session_id=sess_local_alpha events=run_000001a0e894a3e9_000130-done input_chars=17
2026-09-28T15:14:10.541975Z  INFO lingxi_service::sessions: run committed and published (post-commit) run_id=run_000001a0e894a3e9_000131 session_id=sess_local_alpha events=run_000001a0e894a3e9_000131-done input_chars=17
2026-09-28T15:14:10.542087Z  INFO lingxi_service::sessions: run committed and published (post-commit) run_id=run_000001a0e894a3e9_000132 session_id=sess_local_alpha events=run_000001a0e894a3e9_000132-done input_chars=17
2026-09-28T15:14:10.542194Z  INFO lingxi_service::sessions: run committed and published (post-commit) run_id=run_000001a0e894a3e9_000133 session_id=sess_local_alpha events=run_000001a0e894a3e9_000133-done input_chars=17
2026-09-28T15:14:10.542681Z  INFO lingxi_service: request handled request_id=req-421ea95469c6932a0924772ca2c7ae63 method=POST path=/lingxi/v1/sessions/sess_local_alpha/execute status=200
2026-09-28T15:14:10.542724Z  INFO lingxi_service: request handled request_id=req-d1e4de9849b2ee8bb6d5174cdb2c43f1 method=POST path=/lingxi/v1/sessions/sess_local_alpha/execute status=200
2026-09-28T15:14:10.542739Z  INFO lingxi_service: request handled request_id=req-ee7e383e3ce9bb5ce619b6268702664e method=POST path=/lingxi/v1/sessions/sess_local_alpha/execute status=200
2026-09-28T15:14:10.542761Z  INFO lingxi_service: request handled request_id=req-d26d4c778372f95d94718d47534c96d4 method=POST path=/lingxi/v1/sessions/sess_local_alpha/execute status=200
2026-09-28T15:14:10.542969Z  INFO lingxi_service::sessions: run committed and published (post-commit) run_id=run_000001a0e894a3e9_000134 session_id=sess_local_alpha events=run_000001a0e894a3e9_000134-done input_chars=17
2026-09-28T15:14:10.543157Z  INFO lingxi_service::sessions: run committed and published (post-commit) run_id=run_000001a0e894a3ea_000135 session_id=sess_local_alpha events=run_000001a0e894a3ea_000135-done input_chars=17
2026-09-28T15:14:10.543177Z  INFO lingxi_service: request handled request_id=req-2f20b9f25c6c46b79fb643e5d2b10999 method=POST path=/lingxi/v1/sessions/sess_local_alpha/execute status=200
2026-09-28T15:14:10.543205Z  INFO lingxi_service: request handled request_id=req-83e6e5c73b7d222479c2c568cfa19d3c method=POST path=/lingxi/v1/sessions/sess_local_alpha/execute status=200
2026-09-28T15:14:10.543253Z  INFO lingxi_service: request handled request_id=req-3e3e3f09576f9629e62ae78562b66113 method=POST path=/lingxi/v1/sessions/sess_local_alpha/execute status=200
2026-09-28T15:14:10.543269Z  INFO lingxi_service: request handled request_id=req-17a9c6bb9084e4cda7edadf213ddf9ea method=POST path=/lingxi/v1/sessions/sess_local_alpha/execute status=200
2026-09-28T15:14:10.543324Z  INFO lingxi_service: request handled request_id=req-b9ff688d8f02d9226b6443e853de0709 method=POST path=/lingxi/v1/sessions/sess_local_alpha/execute status=200
2026-09-28T15:14:10.543345Z  INFO lingxi_service: request handled request_id=req-c3351cdd6aafe7e1f6033a67a748564c method=POST path=/lingxi/v1/sessions/sess_local_alpha/execute status=200
2026-09-28T15:14:10.543515Z  INFO lingxi_service::sessions: run committed and published (post-commit) run_id=run_000001a0e894a3ea_000136 session_id=sess_local_alpha events=run_000001a0e894a3ea_000136-done input_chars=17
2026-09-28T15:14:10.543684Z  INFO lingxi_service::sessions: run committed and published (post-commit) run_id=run_000001a0e894a3ea_000137 session_id=sess_local_alpha events=run_000001a0e894a3ea_000137-done input_chars=17
2026-09-28T15:14:10.543845Z  INFO lingxi_service::sessions: run committed and published (post-commit) run_id=run_000001a0e894a3ea_000138 session_id=sess_local_alpha events=run_000001a0e894a3ea_000138-done input_chars=17
2026-09-28T15:14:10.543885Z  INFO lingxi_service: request handled request_id=req-34f835096d5917801327bc0e3c9881d3 method=POST path=/lingxi/v1/sessions/sess_local_alpha/execute status=200
2026-09-28T15:14:10.543906Z  INFO lingxi_service: request handled request_id=req-7c3ee95f5cc5bd49090f2ba57460df7f method=POST path=/lingxi/v1/sessions/sess_local_alpha/execute status=200
2026-09-28T15:14:10.543936Z  INFO lingxi_service: request handled request_id=req-f25856b635f7ac322d66e5409580dd9c method=POST path=/lingxi/v1/sessions/sess_local_alpha/execute status=200
2026-09-28T15:14:10.543971Z  INFO lingxi_service: request handled request_id=req-785dc589c940b21b2744d8f8cafa3929 method=POST path=/lingxi/v1/sessions/sess_local_alpha/execute status=200
2026-09-28T15:14:10.543991Z  INFO lingxi_service: request handled request_id=req-ea7cb1415e03ed9a0f23af6236ea7abe method=POST path=/lingxi/v1/sessions/sess_local_alpha/execute status=200
2026-09-28T15:14:10.545510Z  INFO lingxi_service::sessions: run committed and published (post-commit) run_id=run_000001a0e894a3f0_000139 session_id=sess_local_alpha events=run_000001a0e894a3f0_000139-done input_chars=17
2026-09-28T15:14:10.546828Z  INFO lingxi_service: request handled request_id=req-f9773fa440769a8c11e0f631bc39bef4 method=POST path=/lingxi/v1/sessions/sess_local_alpha/execute status=200
2026-09-28T15:14:10.547011Z  INFO lingxi_service::sessions: run committed and published (post-commit) run_id=run_000001a0e894a3f1_00013a session_id=sess_local_alpha events=run_000001a0e894a3f1_00013a-done input_chars=17
2026-09-28T15:14:10.547155Z  INFO lingxi_service::sessions: run committed and published (post-commit) run_id=run_000001a0e894a3f1_00013b session_id=sess_local_alpha events=run_000001a0e894a3f1_00013b-done input_chars=17
2026-09-28T15:14:10.547279Z  INFO lingxi_service::sessions: run committed and published (post-commit) run_id=run_000001a0e894a3f1_00013c session_id=sess_local_alpha events=run_000001a0e894a3f1_00013c-done input_chars=17
2026-09-28T15:14:10.547399Z  INFO lingxi_service::sessions: run committed and published (post-commit) run_id=run_000001a0e894a3f1_00013d session_id=sess_local_alpha events=run_000001a0e894a3f1_00013d-done input_chars=17
2026-09-28T15:14:10.547548Z  INFO lingxi_service::sessions: run committed and published (post-commit) run_id=run_000001a0e894a3f1_00013e session_id=sess_local_alpha events=run_000001a0e894a3f1_00013e-done input_chars=17
2026-09-28T15:14:10.547730Z  INFO lingxi_service::sessions: run committed and published (post-commit) run_id=run_000001a0e894a3f1_00013f session_id=sess_local_alpha events=run_000001a0e894a3f1_00013f-done input_chars=17
2026-09-28T15:14:10.548295Z  INFO lingxi_service: request handled request_id=req-53a63ae9fad7b10bd356be3b47157cc1 method=POST path=/lingxi/v1/sessions/sess_local_alpha/execute status=200
2026-09-28T15:14:10.548334Z  INFO lingxi_service: request handled request_id=req-609b5dbaf1182a5d6d990518e6b83ca3 method=POST path=/lingxi/v1/sessions/sess_local_alpha/execute status=200
2026-09-28T15:14:10.548354Z  INFO lingxi_service: request handled request_id=req-3bcc4ba056acc0d3e2916d657b83f065 method=POST path=/lingxi/v1/sessions/sess_local_alpha/execute status=200
2026-09-28T15:14:10.548886Z  INFO lingxi_service: request handled request_id=req-df479dcf8d38f3c3d6a4a709b9d87976 method=POST path=/lingxi/v1/sessions/sess_local_alpha/execute status=200
2026-09-28T15:14:10.549248Z  INFO lingxi_service: request handled request_id=req-428640a360fbae45807e2fc8f1b55651 method=POST path=/lingxi/v1/sessions/sess_local_alpha/execute status=200
2026-09-28T15:14:10.549295Z  INFO lingxi_service: request handled request_id=req-0aa4c563aac688d4ee46e50024c6ef5d method=POST path=/lingxi/v1/sessions/sess_local_alpha/execute status=200
2026-09-28T15:14:10.549417Z  INFO lingxi_service::sessions: run committed and published (post-commit) run_id=run_000001a0e894a3f1_000140 session_id=sess_local_alpha events=run_000001a0e894a3f1_000140-done input_chars=17
2026-09-28T15:14:10.549552Z  INFO lingxi_service::sessions: run committed and published (post-commit) run_id=run_000001a0e894a3f1_000141 session_id=sess_local_alpha events=run_000001a0e894a3f1_000141-done input_chars=17
2026-09-28T15:14:10.550143Z  INFO lingxi_service::sessions: run committed and published (post-commit) run_id=run_000001a0e894a3f1_000142 session_id=sess_local_alpha events=run_000001a0e894a3f1_000142-done input_chars=17
2026-09-28T15:14:10.550505Z  INFO lingxi_service::sessions: run committed and published (post-commit) run_id=run_000001a0e894a3f2_000143 session_id=sess_local_alpha events=run_000001a0e894a3f2_000143-done input_chars=17
2026-09-28T15:14:10.550637Z  INFO lingxi_service::sessions: run committed and published (post-commit) run_id=run_000001a0e894a3f2_000144 session_id=sess_local_alpha events=run_000001a0e894a3f2_000144-done input_chars=17
2026-09-28T15:14:10.550836Z  INFO lingxi_service::sessions: run committed and published (post-commit) run_id=run_000001a0e894a3f2_000145 session_id=sess_local_alpha events=run_000001a0e894a3f2_000145-done input_chars=17
2026-09-28T15:14:10.550959Z  INFO lingxi_service::sessions: run committed and published (post-commit) run_id=run_000001a0e894a3f2_000146 session_id=sess_local_alpha events=run_000001a0e894a3f2_000146-done input_chars=17
2026-09-28T15:14:10.551072Z  INFO lingxi_service::sessions: run committed and published (post-commit) run_id=run_000001a0e894a3f2_000147 session_id=sess_local_alpha events=run_000001a0e894a3f2_000147-done input_chars=17
2026-09-28T15:14:10.552146Z  INFO lingxi_service: request handled request_id=req-700cdeb71ee5dc02878615509de42650 method=POST path=/lingxi/v1/sessions/sess_local_alpha/execute status=200
2026-09-28T15:14:10.552190Z  INFO lingxi_service: request handled request_id=req-2485f344d9d320241124de13f4b698db method=POST path=/lingxi/v1/sessions/sess_local_alpha/execute status=200
2026-09-28T15:14:10.552345Z  INFO lingxi_service::sessions: run committed and published (post-commit) run_id=run_000001a0e894a3f2_000148 session_id=sess_local_alpha events=run_000001a0e894a3f2_000148-done input_chars=17
2026-09-28T15:14:10.552555Z  INFO lingxi_service::sessions: run committed and published (post-commit) run_id=run_000001a0e894a3f2_000149 session_id=sess_local_alpha events=run_000001a0e894a3f2_000149-done input_chars=17
2026-09-28T15:14:10.552587Z  INFO lingxi_service: request handled request_id=req-6b0ee19926e0040a138079518e01f346 method=POST path=/lingxi/v1/sessions/sess_local_alpha/execute status=200
2026-09-28T15:14:10.552741Z  INFO lingxi_service::sessions: run committed and published (post-commit) run_id=run_000001a0e894a3f3_00014a session_id=sess_local_alpha events=run_000001a0e894a3f3_00014a-done input_chars=17
2026-09-28T15:14:10.552784Z  INFO lingxi_service: request handled request_id=req-a9463a8c097dac62c2cd470221fed0bf method=POST path=/lingxi/v1/sessions/sess_local_alpha/execute status=200
2026-09-28T15:14:10.552884Z  INFO lingxi_service: request handled request_id=req-f57e3b450070398dd4412df1e1f4e41d method=POST path=/lingxi/v1/sessions/sess_local_alpha/execute status=200
2026-09-28T15:14:10.552898Z  INFO lingxi_service: request handled request_id=req-541fbb48832a6588e114bc9a7848f02c method=POST path=/lingxi/v1/sessions/sess_local_alpha/execute status=200
2026-09-28T15:14:10.552891Z  INFO lingxi_service: request handled request_id=req-10f30c74c62f60032fbeeb1ba8f41d1e method=POST path=/lingxi/v1/sessions/sess_local_alpha/execute status=200
2026-09-28T15:14:10.552910Z  INFO lingxi_service: request handled request_id=req-83b3213ba9a74d91d2674c40881ae490 method=POST path=/lingxi/v1/sessions/sess_local_alpha/execute status=200
2026-09-28T15:14:10.553079Z  INFO lingxi_service::sessions: run committed and published (post-commit) run_id=run_000001a0e894a3f3_00014b session_id=sess_local_alpha events=run_000001a0e894a3f3_00014b-done input_chars=17
2026-09-28T15:14:10.553238Z  INFO lingxi_service::sessions: run committed and published (post-commit) run_id=run_000001a0e894a3f3_00014c session_id=sess_local_alpha events=run_000001a0e894a3f3_00014c-done input_chars=17
2026-09-28T15:14:10.553357Z  INFO lingxi_service::sessions: run committed and published (post-commit) run_id=run_000001a0e894a3f3_00014d session_id=sess_local_alpha events=run_000001a0e894a3f3_00014d-done input_chars=17
2026-09-28T15:14:10.553479Z  INFO lingxi_service::sessions: run committed and published (post-commit) run_id=run_000001a0e894a3f3_00014e session_id=sess_local_alpha events=run_000001a0e894a3f3_00014e-done input_chars=17
2026-09-28T15:14:10.553595Z  INFO lingxi_service::sessions: run committed and published (post-commit) run_id=run_000001a0e894a3f3_00014f session_id=sess_local_alpha events=run_000001a0e894a3f3_00014f-done input_chars=17
2026-09-28T15:14:10.553723Z  INFO lingxi_service::sessions: run committed and published (post-commit) run_id=run_000001a0e894a3f4_000150 session_id=sess_local_alpha events=run_000001a0e894a3f4_000150-done input_chars=17
2026-09-28T15:14:10.553764Z  INFO lingxi_service: request handled request_id=req-2a12c0f126525e947c869cf221240b6e method=POST path=/lingxi/v1/sessions/sess_local_alpha/execute status=200
2026-09-28T15:14:10.553789Z  INFO lingxi_service: request handled request_id=req-dfdd753e95a8fac6ae03f42e5700b768 method=POST path=/lingxi/v1/sessions/sess_local_alpha/execute status=200
2026-09-28T15:14:10.553816Z  INFO lingxi_service: request handled request_id=req-dfb76d2eaded75de3ba4b6b94e88dc10 method=POST path=/lingxi/v1/sessions/sess_local_alpha/execute status=200
2026-09-28T15:14:10.553839Z  INFO lingxi_service: request handled request_id=req-cdb8c4486e43436db72379a6ada1ca26 method=POST path=/lingxi/v1/sessions/sess_local_alpha/execute status=200
2026-09-28T15:14:10.553880Z  INFO lingxi_service: request handled request_id=req-886acdd29b150dcfb674662994b140ba method=POST path=/lingxi/v1/sessions/sess_local_alpha/execute status=200
2026-09-28T15:14:10.553923Z  INFO lingxi_service: request handled request_id=req-26642d8031d70091c87f53b8750437d4 method=POST path=/lingxi/v1/sessions/sess_local_alpha/execute status=200
2026-09-28T15:14:10.553947Z  INFO lingxi_service: request handled request_id=req-35e9828bc0c6748852e60b05806d2772 method=POST path=/lingxi/v1/sessions/sess_local_alpha/execute status=200
2026-09-28T15:14:10.553984Z  INFO lingxi_service: request handled request_id=req-73182b3eacc1ac7b6ccb84897a93a956 method=POST path=/lingxi/v1/sessions/sess_local_alpha/execute status=200
2026-09-28T15:14:10.554005Z  INFO lingxi_service: request handled request_id=req-d6f32bb53b0b4ea54218fc3ad72864a8 method=POST path=/lingxi/v1/sessions/sess_local_alpha/execute status=200
2026-09-28T15:14:10.555492Z  INFO lingxi_service::sessions: run committed and published (post-commit) run_id=run_000001a0e894a3fb_000151 session_id=sess_local_alpha events=run_000001a0e894a3fb_000151-done input_chars=17
2026-09-28T15:14:10.556437Z  INFO lingxi_service: request handled request_id=req-6632cb8d94d26bd539f79849c0853eec method=POST path=/lingxi/v1/sessions/sess_local_alpha/execute status=200
2026-09-28T15:14:10.556556Z  INFO lingxi_service::sessions: run committed and published (post-commit) run_id=run_000001a0e894a3fb_000152 session_id=sess_local_alpha events=run_000001a0e894a3fb_000152-done input_chars=17
2026-09-28T15:14:10.556735Z  INFO lingxi_service::sessions: run committed and published (post-commit) run_id=run_000001a0e894a3fb_000153 session_id=sess_local_alpha events=run_000001a0e894a3fb_000153-done input_chars=17
2026-09-28T15:14:10.556906Z  INFO lingxi_service::sessions: run committed and published (post-commit) run_id=run_000001a0e894a3fb_000154 session_id=sess_local_alpha events=run_000001a0e894a3fb_000154-done input_chars=17
2026-09-28T15:14:10.557090Z  INFO lingxi_service::sessions: run committed and published (post-commit) run_id=run_000001a0e894a3fb_000155 session_id=sess_local_alpha events=run_000001a0e894a3fb_000155-done input_chars=17
2026-09-28T15:14:10.558116Z  INFO lingxi_service: request handled request_id=req-c71d3e4cc5b8760cf1d0f279d8bfdfb0 method=POST path=/lingxi/v1/sessions/sess_local_alpha/execute status=200
2026-09-28T15:14:10.558646Z  INFO lingxi_service: request handled request_id=req-019d241ad80d4c5fd3d0f1b0d05ec482 method=POST path=/lingxi/v1/sessions/sess_local_alpha/execute status=200
2026-09-28T15:14:10.559023Z  INFO lingxi_service: request handled request_id=req-71246ece3b3437b1a9817ba5a04bae86 method=POST path=/lingxi/v1/sessions/sess_local_alpha/execute status=200
2026-09-28T15:14:10.559048Z  INFO lingxi_service: request handled request_id=req-b8dabd9022863902efd08e3f15ab3d3b method=POST path=/lingxi/v1/sessions/sess_local_alpha/execute status=200
2026-09-28T15:14:10.559186Z  INFO lingxi_service::sessions: run committed and published (post-commit) run_id=run_000001a0e894a3fb_000157 session_id=sess_local_alpha events=run_000001a0e894a3fb_000157-done input_chars=17
2026-09-28T15:14:10.559332Z  INFO lingxi_service::sessions: run committed and published (post-commit) run_id=run_000001a0e894a3fb_000156 session_id=sess_local_alpha events=run_000001a0e894a3fb_000156-done input_chars=17
2026-09-28T15:14:10.559889Z  INFO lingxi_service::sessions: run committed and published (post-commit) run_id=run_000001a0e894a3fb_000158 session_id=sess_local_alpha events=run_000001a0e894a3fb_000158-done input_chars=17
2026-09-28T15:14:10.560048Z  INFO lingxi_service::sessions: run committed and published (post-commit) run_id=run_000001a0e894a3fc_000159 session_id=sess_local_alpha events=run_000001a0e894a3fc_000159-done input_chars=17
2026-09-28T15:14:10.560180Z  INFO lingxi_service::sessions: run committed and published (post-commit) run_id=run_000001a0e894a3fc_00015a session_id=sess_local_alpha events=run_000001a0e894a3fc_00015a-done input_chars=17
2026-09-28T15:14:10.560617Z  INFO lingxi_service::sessions: run committed and published (post-commit) run_id=run_000001a0e894a3fc_00015b session_id=sess_local_alpha events=run_000001a0e894a3fc_00015b-done input_chars=17
2026-09-28T15:14:10.560732Z  INFO lingxi_service::sessions: run committed and published (post-commit) run_id=run_000001a0e894a3fc_00015c session_id=sess_local_alpha events=run_000001a0e894a3fc_00015c-done input_chars=17
2026-09-28T15:14:10.562031Z  INFO lingxi_service: request handled request_id=req-3a8ae53b236ee8444c61e4c6ac2b86cd method=POST path=/lingxi/v1/sessions/sess_local_alpha/execute status=200
2026-09-28T15:14:10.562046Z  INFO lingxi_service: request handled request_id=req-4a412ad15d7cec4664d40a1547b912dd method=POST path=/lingxi/v1/sessions/sess_local_alpha/execute status=200
2026-09-28T15:14:10.562161Z  INFO lingxi_service::sessions: run committed and published (post-commit) run_id=run_000001a0e894a3fc_00015d session_id=sess_local_alpha events=run_000001a0e894a3fc_00015d-done input_chars=17
2026-09-28T15:14:10.562426Z  INFO lingxi_service::sessions: run committed and published (post-commit) run_id=run_000001a0e894a3fc_00015e session_id=sess_local_alpha events=run_000001a0e894a3fc_00015e-done input_chars=17
2026-09-28T15:14:10.562460Z  INFO lingxi_service: request handled request_id=req-4e77c4b8d64ca935657d427d0dbb95f3 method=POST path=/lingxi/v1/sessions/sess_local_alpha/execute status=200
2026-09-28T15:14:10.562486Z  INFO lingxi_service: request handled request_id=req-3bee59a7f16dbdc0e666a652e0e1ec41 method=POST path=/lingxi/v1/sessions/sess_local_alpha/execute status=200
2026-09-28T15:14:10.562530Z  INFO lingxi_service: request handled request_id=req-74870d4452272355e0f074cc4e013960 method=POST path=/lingxi/v1/sessions/sess_local_alpha/execute status=200
2026-09-28T15:14:10.562630Z  INFO lingxi_service::sessions: run committed and published (post-commit) run_id=run_000001a0e894a3fc_00015f session_id=sess_local_alpha events=run_000001a0e894a3fc_00015f-done input_chars=17
2026-09-28T15:14:10.562772Z  INFO lingxi_service::sessions: run committed and published (post-commit) run_id=run_000001a0e894a3fc_000160 session_id=sess_local_alpha events=run_000001a0e894a3fc_000160-done input_chars=17
2026-09-28T15:14:10.562805Z  INFO lingxi_service: request handled request_id=req-831b4e83f164f710aefd29cdd066df50 method=POST path=/lingxi/v1/sessions/sess_local_alpha/execute status=200
2026-09-28T15:14:10.562847Z  INFO lingxi_service: request handled request_id=req-e21f1c958d5378aa4895bd90599e8ada method=POST path=/lingxi/v1/sessions/sess_local_alpha/execute status=200
2026-09-28T15:14:10.562993Z  INFO lingxi_service::sessions: run committed and published (post-commit) run_id=run_000001a0e894a3fd_000161 session_id=sess_local_alpha events=run_000001a0e894a3fd_000161-done input_chars=17
2026-09-28T15:14:10.563146Z  INFO lingxi_service::sessions: run committed and published (post-commit) run_id=run_000001a0e894a3fd_000162 session_id=sess_local_alpha events=run_000001a0e894a3fd_000162-done input_chars=17
2026-09-28T15:14:10.563325Z  INFO lingxi_service::sessions: run committed and published (post-commit) run_id=run_000001a0e894a3fd_000163 session_id=sess_local_alpha events=run_000001a0e894a3fd_000163-done input_chars=17
2026-09-28T15:14:10.563486Z  INFO lingxi_service::sessions: run committed and published (post-commit) run_id=run_000001a0e894a3fd_000164 session_id=sess_local_alpha events=run_000001a0e894a3fd_000164-done input_chars=17
2026-09-28T15:14:10.563628Z  INFO lingxi_service::sessions: run committed and published (post-commit) run_id=run_000001a0e894a3fd_000165 session_id=sess_local_alpha events=run_000001a0e894a3fd_000165-done input_chars=17
2026-09-28T15:14:10.563743Z  INFO lingxi_service::sessions: run committed and published (post-commit) run_id=run_000001a0e894a3fe_000166 session_id=sess_local_alpha events=run_000001a0e894a3fe_000166-done input_chars=17
2026-09-28T15:14:10.563865Z  INFO lingxi_service::sessions: run committed and published (post-commit) run_id=run_000001a0e894a3fd_000167 session_id=sess_local_alpha events=run_000001a0e894a3fd_000167-done input_chars=17
2026-09-28T15:14:10.563911Z  INFO lingxi_service: request handled request_id=req-2c74a2bd588d5b3323351d25742879bc method=POST path=/lingxi/v1/sessions/sess_local_alpha/execute status=200
2026-09-28T15:14:10.564068Z  INFO lingxi_service::sessions: run committed and published (post-commit) run_id=run_000001a0e894a3fe_000168 session_id=sess_local_alpha events=run_000001a0e894a3fe_000168-done input_chars=17
2026-09-28T15:14:10.564100Z  INFO lingxi_service: request handled request_id=req-0d512378bb1767273eb335961b9519e1 method=POST path=/lingxi/v1/sessions/sess_local_alpha/execute status=200
2026-09-28T15:14:10.564181Z  INFO lingxi_service: request handled request_id=req-05e01c0a896b86fe44ed63d428d07c46 method=POST path=/lingxi/v1/sessions/sess_local_alpha/execute status=200
2026-09-28T15:14:10.564175Z  INFO lingxi_service: request handled request_id=req-5d9c94bcb0d7bc81cadd4a587a068041 method=POST path=/lingxi/v1/sessions/sess_local_alpha/execute status=200
2026-09-28T15:14:10.564177Z  INFO lingxi_service: request handled request_id=req-6a00d90ebc7e0b23b682c125e20583af method=POST path=/lingxi/v1/sessions/sess_local_alpha/execute status=200
2026-09-28T15:14:10.564213Z  INFO lingxi_service: request handled request_id=req-500e6fd042f28eab74a0c9356493924c method=POST path=/lingxi/v1/sessions/sess_local_alpha/execute status=200
2026-09-28T15:14:10.564238Z  INFO lingxi_service: request handled request_id=req-0880bd32bd3f99b3ec3275bf31bac518 method=POST path=/lingxi/v1/sessions/sess_local_alpha/execute status=200
2026-09-28T15:14:10.564280Z  INFO lingxi_service: request handled request_id=req-83c4555cc3e988d9b278b4b4197ef06c method=POST path=/lingxi/v1/sessions/sess_local_alpha/execute status=200
2026-09-28T15:14:10.564307Z  INFO lingxi_service: request handled request_id=req-5ac4c9067cb792b8d90270dc9e60cea2 method=POST path=/lingxi/v1/sessions/sess_local_alpha/execute status=200
2026-09-28T15:14:10.564332Z  INFO lingxi_service: request handled request_id=req-6b7fcf181926b1826ef2fc7ee9f9dbe9 method=POST path=/lingxi/v1/sessions/sess_local_alpha/execute status=200
2026-09-28T15:14:10.564362Z  INFO lingxi_service: request handled request_id=req-635957876a503a48968433a706bd9f0c method=POST path=/lingxi/v1/sessions/sess_local_alpha/execute status=200
2026-09-28T15:14:10.564388Z  INFO lingxi_service: request handled request_id=req-ea41aee2a48f4afa095d6940e9984968 method=POST path=/lingxi/v1/sessions/sess_local_alpha/execute status=200
2026-09-28T15:14:10.567200Z  INFO lingxi_service::sessions: run committed and published (post-commit) run_id=run_000001a0e894a406_000169 session_id=sess_local_alpha events=run_000001a0e894a406_000169-done input_chars=17
2026-09-28T15:14:10.568078Z  INFO lingxi_service: request handled request_id=req-61cfb90e402b3a0a5ea6f9c1ca0eda0a method=POST path=/lingxi/v1/sessions/sess_local_alpha/execute status=200
2026-09-28T15:14:10.568275Z  INFO lingxi_service::sessions: run committed and published (post-commit) run_id=run_000001a0e894a406_00016a session_id=sess_local_alpha events=run_000001a0e894a406_00016a-done input_chars=17
2026-09-28T15:14:10.568445Z  INFO lingxi_service::sessions: run committed and published (post-commit) run_id=run_000001a0e894a407_00016b session_id=sess_local_alpha events=run_000001a0e894a407_00016b-done input_chars=17
2026-09-28T15:14:10.568577Z  INFO lingxi_service::sessions: run committed and published (post-commit) run_id=run_000001a0e894a407_00016c session_id=sess_local_alpha events=run_000001a0e894a407_00016c-done input_chars=17
2026-09-28T15:14:10.568714Z  INFO lingxi_service::sessions: run committed and published (post-commit) run_id=run_000001a0e894a407_00016d session_id=sess_local_alpha events=run_000001a0e894a407_00016d-done input_chars=17
2026-09-28T15:14:10.569402Z  INFO lingxi_service: request handled request_id=req-fa7569843a7600a071f357706b46f204 method=POST path=/lingxi/v1/sessions/sess_local_alpha/execute status=200
2026-09-28T15:14:10.569663Z  INFO lingxi_service: request handled request_id=req-dc7d0a9e99e36b63c0cf56347df9f05d method=POST path=/lingxi/v1/sessions/sess_local_alpha/execute status=200
2026-09-28T15:14:10.569964Z  INFO lingxi_service: request handled request_id=req-5700d71df90aecfb71ed4de4e18c06f1 method=POST path=/lingxi/v1/sessions/sess_local_alpha/execute status=200
2026-09-28T15:14:10.570235Z  INFO lingxi_service: request handled request_id=req-1d3eef85f458aac6f5dfa3c5214a6dd2 method=POST path=/lingxi/v1/sessions/sess_local_alpha/execute status=200
2026-09-28T15:14:10.570384Z  INFO lingxi_service::sessions: run committed and published (post-commit) run_id=run_000001a0e894a407_00016e session_id=sess_local_alpha events=run_000001a0e894a407_00016e-done input_chars=17
2026-09-28T15:14:10.570517Z  INFO lingxi_service::sessions: run committed and published (post-commit) run_id=run_000001a0e894a407_00016f session_id=sess_local_alpha events=run_000001a0e894a407_00016f-done input_chars=17
2026-09-28T15:14:10.570663Z  INFO lingxi_service::sessions: run committed and published (post-commit) run_id=run_000001a0e894a407_000170 session_id=sess_local_alpha events=run_000001a0e894a407_000170-done input_chars=17
2026-09-28T15:14:10.570797Z  INFO lingxi_service::sessions: run committed and published (post-commit) run_id=run_000001a0e894a407_000171 session_id=sess_local_alpha events=run_000001a0e894a407_000171-done input_chars=17
2026-09-28T15:14:10.570965Z  INFO lingxi_service::sessions: run committed and published (post-commit) run_id=run_000001a0e894a407_000172 session_id=sess_local_alpha events=run_000001a0e894a407_000172-done input_chars=17
2026-09-28T15:14:10.571415Z  INFO lingxi_service::sessions: run committed and published (post-commit) run_id=run_000001a0e894a408_000173 session_id=sess_local_alpha events=run_000001a0e894a408_000173-done input_chars=17
2026-09-28T15:14:10.571780Z  INFO lingxi_service: request handled request_id=req-488dc5860ad2a5e0bd9b700b73afb707 method=POST path=/lingxi/v1/sessions/sess_local_alpha/execute status=200
2026-09-28T15:14:10.572136Z  INFO lingxi_service: request handled request_id=req-d1d23fa87f20be98d844417cc9ff29d6 method=POST path=/lingxi/v1/sessions/sess_local_alpha/execute status=200
2026-09-28T15:14:10.572165Z  INFO lingxi_service: request handled request_id=req-f3204f3df1162cab9ff466c210c77b1c method=POST path=/lingxi/v1/sessions/sess_local_alpha/execute status=200
2026-09-28T15:14:10.572665Z  INFO lingxi_service: request handled request_id=req-68cad69482cfd87a0a396b1773e49a34 method=POST path=/lingxi/v1/sessions/sess_local_alpha/execute status=200
2026-09-28T15:14:10.572695Z  INFO lingxi_service: request handled request_id=req-c111a9ec8b3479ba15ec673ba46b8969 method=POST path=/lingxi/v1/sessions/sess_local_alpha/execute status=200
2026-09-28T15:14:10.572917Z  INFO lingxi_service::sessions: run committed and published (post-commit) run_id=run_000001a0e894a408_000174 session_id=sess_local_alpha events=run_000001a0e894a408_000174-done input_chars=17
2026-09-28T15:14:10.573243Z  INFO lingxi_service::sessions: run committed and published (post-commit) run_id=run_000001a0e894a408_000175 session_id=sess_local_alpha events=run_000001a0e894a408_000175-done input_chars=17
2026-09-28T15:14:10.573853Z  INFO lingxi_service: request handled request_id=req-fa91376e32968335f49bf81b037bebda method=POST path=/lingxi/v1/sessions/sess_local_alpha/execute status=200
2026-09-28T15:14:10.573979Z  INFO lingxi_service::sessions: run committed and published (post-commit) run_id=run_000001a0e894a408_000176 session_id=sess_local_alpha events=run_000001a0e894a408_000176-done input_chars=17
2026-09-28T15:14:10.574116Z  INFO lingxi_service::sessions: run committed and published (post-commit) run_id=run_000001a0e894a409_000177 session_id=sess_local_alpha events=run_000001a0e894a409_000177-done input_chars=17
2026-09-28T15:14:10.574229Z  INFO lingxi_service::sessions: run committed and published (post-commit) run_id=run_000001a0e894a409_000178 session_id=sess_local_alpha events=run_000001a0e894a409_000178-done input_chars=17
2026-09-28T15:14:10.574353Z  INFO lingxi_service::sessions: run committed and published (post-commit) run_id=run_000001a0e894a409_000179 session_id=sess_local_alpha events=run_000001a0e894a409_000179-done input_chars=17
2026-09-28T15:14:10.574470Z  INFO lingxi_service::sessions: run committed and published (post-commit) run_id=run_000001a0e894a409_00017a session_id=sess_local_alpha events=run_000001a0e894a409_00017a-done input_chars=17
2026-09-28T15:14:10.574588Z  INFO lingxi_service::sessions: run committed and published (post-commit) run_id=run_000001a0e894a409_00017b session_id=sess_local_alpha events=run_000001a0e894a409_00017b-done input_chars=17
2026-09-28T15:14:10.574719Z  INFO lingxi_service::sessions: run committed and published (post-commit) run_id=run_000001a0e894a409_00017c session_id=sess_local_alpha events=run_000001a0e894a409_00017c-done input_chars=17
2026-09-28T15:14:10.574758Z  INFO lingxi_service: request handled request_id=req-44d3d831dd2dcab78402292e38b6e522 method=POST path=/lingxi/v1/sessions/sess_local_alpha/execute status=200
2026-09-28T15:14:10.574861Z  INFO lingxi_service::sessions: run committed and published (post-commit) run_id=run_000001a0e894a409_00017d session_id=sess_local_alpha events=run_000001a0e894a409_00017d-done input_chars=17
2026-09-28T15:14:10.574900Z  INFO lingxi_service: request handled request_id=req-1d0d6bfb2414be2c49d85ba5432b2a90 method=POST path=/lingxi/v1/sessions/sess_local_alpha/execute status=200
2026-09-28T15:14:10.575006Z  INFO lingxi_service::sessions: run committed and published (post-commit) run_id=run_000001a0e894a40a_00017e session_id=sess_local_alpha events=run_000001a0e894a40a_00017e-done input_chars=17
2026-09-28T15:14:10.575137Z  INFO lingxi_service::sessions: run committed and published (post-commit) run_id=run_000001a0e894a40a_00017f session_id=sess_local_alpha events=run_000001a0e894a40a_00017f-done input_chars=17
2026-09-28T15:14:10.575290Z  INFO lingxi_service::sessions: run committed and published (post-commit) run_id=run_000001a0e894a40a_000180 session_id=sess_local_alpha events=run_000001a0e894a40a_000180-done input_chars=17
2026-09-28T15:14:10.575328Z  INFO lingxi_service: request handled request_id=req-b9ec124ffdb2652a2b38cc3331e830e5 method=POST path=/lingxi/v1/sessions/sess_local_alpha/execute status=200
2026-09-28T15:14:10.575357Z  INFO lingxi_service: request handled request_id=req-d531087453bceac813a6a826ce495287 method=POST path=/lingxi/v1/sessions/sess_local_alpha/execute status=200
2026-09-28T15:14:10.575385Z  INFO lingxi_service: request handled request_id=req-c4b550e3eea8689383763e8b1b21c2e9 method=POST path=/lingxi/v1/sessions/sess_local_alpha/execute status=200
2026-09-28T15:14:10.575424Z  INFO lingxi_service: request handled request_id=req-cf3e7325d051490caa54e31b12253594 method=POST path=/lingxi/v1/sessions/sess_local_alpha/execute status=200
2026-09-28T15:14:10.575453Z  INFO lingxi_service: request handled request_id=req-d53c00e81bbb5fa1510ff234a689cb80 method=POST path=/lingxi/v1/sessions/sess_local_alpha/execute status=200
2026-09-28T15:14:10.575478Z  INFO lingxi_service: request handled request_id=req-ec00a2913a99523dcdc4cbd9ef21797c method=POST path=/lingxi/v1/sessions/sess_local_alpha/execute status=200
2026-09-28T15:14:10.575519Z  INFO lingxi_service: request handled request_id=req-97c9952318abd09549a8498c4aa09f98 method=POST path=/lingxi/v1/sessions/sess_local_alpha/execute status=200
2026-09-28T15:14:10.575565Z  INFO lingxi_service: request handled request_id=req-290bb2c2a7d36d7c10d52c7cecf4d68d method=POST path=/lingxi/v1/sessions/sess_local_alpha/execute status=200
2026-09-28T15:14:10.575610Z  INFO lingxi_service: request handled request_id=req-7becd5acd0a80ebf718fda4da508d2e9 method=POST path=/lingxi/v1/sessions/sess_local_alpha/execute status=200
2026-09-28T15:14:10.575638Z  INFO lingxi_service: request handled request_id=req-74deda86af4c9fbba2b5fc35f231dea7 method=POST path=/lingxi/v1/sessions/sess_local_alpha/execute status=200
2026-09-28T15:14:10.575666Z  INFO lingxi_service: request handled request_id=req-24ec00326d3d5e833e83a0380ac7c165 method=POST path=/lingxi/v1/sessions/sess_local_alpha/execute status=200
2026-09-28T15:14:10.577123Z  INFO lingxi_service::sessions: run committed and published (post-commit) run_id=run_000001a0e894a410_000181 session_id=sess_local_alpha events=run_000001a0e894a410_000181-done input_chars=17
2026-09-28T15:14:10.577407Z  INFO lingxi_service: request handled request_id=req-45e5cd40bf5f10ca7cc04d9db2716ed1 method=POST path=/lingxi/v1/sessions/sess_local_alpha/execute status=200
2026-09-28T15:14:10.577553Z  INFO lingxi_service::sessions: run committed and published (post-commit) run_id=run_000001a0e894a410_000182 session_id=sess_local_alpha events=run_000001a0e894a410_000182-done input_chars=17
2026-09-28T15:14:10.578292Z  INFO lingxi_service: request handled request_id=req-ae68685301d4194204c4ea790ea05df8 method=POST path=/lingxi/v1/sessions/sess_local_alpha/execute status=200
2026-09-28T15:14:10.578446Z  INFO lingxi_service::sessions: run committed and published (post-commit) run_id=run_000001a0e894a411_000183 session_id=sess_local_alpha events=run_000001a0e894a411_000183-done input_chars=17
2026-09-28T15:14:10.578590Z  INFO lingxi_service::sessions: run committed and published (post-commit) run_id=run_000001a0e894a411_000184 session_id=sess_local_alpha events=run_000001a0e894a411_000184-done input_chars=17
2026-09-28T15:14:10.578725Z  INFO lingxi_service::sessions: run committed and published (post-commit) run_id=run_000001a0e894a411_000185 session_id=sess_local_alpha events=run_000001a0e894a411_000185-done input_chars=17
2026-09-28T15:14:10.578891Z  INFO lingxi_service::sessions: run committed and published (post-commit) run_id=run_000001a0e894a411_000186 session_id=sess_local_alpha events=run_000001a0e894a411_000186-done input_chars=17
2026-09-28T15:14:10.579526Z  INFO lingxi_service: request handled request_id=req-bbc2a2b7b78b3ae7e6a3b6e61d3c08f3 method=POST path=/lingxi/v1/sessions/sess_local_alpha/execute status=200
2026-09-28T15:14:10.579819Z  INFO lingxi_service: request handled request_id=req-a5f34bec987a9920bbce9957f94182b1 method=POST path=/lingxi/v1/sessions/sess_local_alpha/execute status=200
2026-09-28T15:14:10.580094Z  INFO lingxi_service: request handled request_id=req-d912a284e745d9a78b4cc00ca432a3d0 method=POST path=/lingxi/v1/sessions/sess_local_alpha/execute status=200
2026-09-28T15:14:10.580109Z  INFO lingxi_service: request handled request_id=req-d0886496fb2ff9937537d585c5490b56 method=POST path=/lingxi/v1/sessions/sess_local_alpha/execute status=200
2026-09-28T15:14:10.580286Z  INFO lingxi_service::sessions: run committed and published (post-commit) run_id=run_000001a0e894a411_000187 session_id=sess_local_alpha events=run_000001a0e894a411_000187-done input_chars=17
2026-09-28T15:14:10.580465Z  INFO lingxi_service::sessions: run committed and published (post-commit) run_id=run_000001a0e894a411_000188 session_id=sess_local_alpha events=run_000001a0e894a411_000188-done input_chars=17
2026-09-28T15:14:10.580883Z  INFO lingxi_service::sessions: run committed and published (post-commit) run_id=run_000001a0e894a411_000189 session_id=sess_local_alpha events=run_000001a0e894a411_000189-done input_chars=17
2026-09-28T15:14:10.581630Z  INFO lingxi_service::sessions: run committed and published (post-commit) run_id=run_000001a0e894a412_00018a session_id=sess_local_alpha events=run_000001a0e894a412_00018a-done input_chars=17
2026-09-28T15:14:10.581829Z  INFO lingxi_service::sessions: run committed and published (post-commit) run_id=run_000001a0e894a412_00018b session_id=sess_local_alpha events=run_000001a0e894a412_00018b-done input_chars=17
2026-09-28T15:14:10.582174Z  INFO lingxi_service: request handled request_id=req-e250e0b894d456ab01b0f0ceee8c054a method=POST path=/lingxi/v1/sessions/sess_local_alpha/execute status=200
2026-09-28T15:14:10.582200Z  INFO lingxi_service: request handled request_id=req-cfe5a7e2c643afaa8e5b1b885ea3152f method=POST path=/lingxi/v1/sessions/sess_local_alpha/execute status=200
2026-09-28T15:14:10.582310Z  INFO lingxi_service::sessions: run committed and published (post-commit) run_id=run_000001a0e894a412_00018c session_id=sess_local_alpha events=run_000001a0e894a412_00018c-done input_chars=17
2026-09-28T15:14:10.582570Z  INFO lingxi_service::sessions: run committed and published (post-commit) run_id=run_000001a0e894a412_00018d session_id=sess_local_alpha events=run_000001a0e894a412_00018d-done input_chars=17
2026-09-28T15:14:10.582761Z  INFO lingxi_service: request handled request_id=req-54a219bf955f27308b95ef51123a7ccf method=POST path=/lingxi/v1/sessions/sess_local_alpha/execute status=200
2026-09-28T15:14:10.582913Z  INFO lingxi_service::sessions: run committed and published (post-commit) run_id=run_000001a0e894a412_00018e session_id=sess_local_alpha events=run_000001a0e894a412_00018e-done input_chars=17
2026-09-28T15:14:10.584121Z  INFO lingxi_service: request handled request_id=req-ded875e84b1525a9276ab26d7c1db69d method=POST path=/lingxi/v1/sessions/sess_local_alpha/execute status=200
2026-09-28T15:14:10.584138Z  INFO lingxi_service: request handled request_id=req-a5ff223e6f9a440f2078c170e38e35e3 method=POST path=/lingxi/v1/sessions/sess_local_alpha/execute status=200
2026-09-28T15:14:10.584239Z  INFO lingxi_service::sessions: run committed and published (post-commit) run_id=run_000001a0e894a413_00018f session_id=sess_local_alpha events=run_000001a0e894a413_00018f-done input_chars=17
2026-09-28T15:14:10.584359Z  INFO lingxi_service::sessions: run committed and published (post-commit) run_id=run_000001a0e894a413_000190 session_id=sess_local_alpha events=run_000001a0e894a413_000190-done input_chars=17
2026-09-28T15:14:10.584412Z  INFO lingxi_service: request handled request_id=req-47011903cf8186ffbbc326b49232354f method=POST path=/lingxi/v1/sessions/sess_local_alpha/execute status=200
2026-09-28T15:14:10.584527Z  INFO lingxi_service::sessions: run committed and published (post-commit) run_id=run_000001a0e894a413_000191 session_id=sess_local_alpha events=run_000001a0e894a413_000191-done input_chars=17
2026-09-28T15:14:10.584567Z  INFO lingxi_service: request handled request_id=req-2f89e380747280600ccb37d472354727 method=POST path=/lingxi/v1/sessions/sess_local_alpha/execute status=200
2026-09-28T15:14:10.584722Z  INFO lingxi_service::sessions: run committed and published (post-commit) run_id=run_000001a0e894a413_000192 session_id=sess_local_alpha events=run_000001a0e894a413_000192-done input_chars=17
2026-09-28T15:14:10.584757Z  INFO lingxi_service: request handled request_id=req-b8974ecd69d618de1480afb17d95c27d method=POST path=/lingxi/v1/sessions/sess_local_alpha/execute status=200
2026-09-28T15:14:10.584876Z  INFO lingxi_service::sessions: run committed and published (post-commit) run_id=run_000001a0e894a413_000193 session_id=sess_local_alpha events=run_000001a0e894a413_000193-done input_chars=17
2026-09-28T15:14:10.584987Z  INFO lingxi_service::sessions: run committed and published (post-commit) run_id=run_000001a0e894a413_000194 session_id=sess_local_alpha events=run_000001a0e894a413_000194-done input_chars=17
2026-09-28T15:14:10.585097Z  INFO lingxi_service::sessions: run committed and published (post-commit) run_id=run_000001a0e894a413_000195 session_id=sess_local_alpha events=run_000001a0e894a413_000195-done input_chars=17
2026-09-28T15:14:10.585208Z  INFO lingxi_service::sessions: run committed and published (post-commit) run_id=run_000001a0e894a413_000196 session_id=sess_local_alpha events=run_000001a0e894a413_000196-done input_chars=17
2026-09-28T15:14:10.585315Z  INFO lingxi_service::sessions: run committed and published (post-commit) run_id=run_000001a0e894a413_000197 session_id=sess_local_alpha events=run_000001a0e894a413_000197-done input_chars=17
2026-09-28T15:14:10.585430Z  INFO lingxi_service::sessions: run committed and published (post-commit) run_id=run_000001a0e894a413_000198 session_id=sess_local_alpha events=run_000001a0e894a413_000198-done input_chars=17
2026-09-28T15:14:10.585466Z  INFO lingxi_service: request handled request_id=req-c380d064bc151b3e5a7ca291dff70cbc method=POST path=/lingxi/v1/sessions/sess_local_alpha/execute status=200
2026-09-28T15:14:10.585494Z  INFO lingxi_service: request handled request_id=req-8a05617eafe4de1d3a637c426d7b16e1 method=POST path=/lingxi/v1/sessions/sess_local_alpha/execute status=200
2026-09-28T15:14:10.585526Z  INFO lingxi_service: request handled request_id=req-9f3ae76f425eb8ecc5590a9584a501b4 method=POST path=/lingxi/v1/sessions/sess_local_alpha/execute status=200
2026-09-28T15:14:10.585551Z  INFO lingxi_service: request handled request_id=req-67ace6cad3f32af94820de33cbf42efc method=POST path=/lingxi/v1/sessions/sess_local_alpha/execute status=200
2026-09-28T15:14:10.585592Z  INFO lingxi_service: request handled request_id=req-44b7d4bbde51c5500fe1e56a59db53f9 method=POST path=/lingxi/v1/sessions/sess_local_alpha/execute status=200
2026-09-28T15:14:10.585616Z  INFO lingxi_service: request handled request_id=req-171b3715bb0ebab2da44ae1db303405b method=POST path=/lingxi/v1/sessions/sess_local_alpha/execute status=200
2026-09-28T15:14:10.585640Z  INFO lingxi_service: request handled request_id=req-4084f2df7a9148b2d5e3330b23c68934 method=POST path=/lingxi/v1/sessions/sess_local_alpha/execute status=200
2026-09-28T15:14:10.585679Z  INFO lingxi_service: request handled request_id=req-933f8a05b7a1695d492f44e214e2f214 method=POST path=/lingxi/v1/sessions/sess_local_alpha/execute status=200
2026-09-28T15:14:10.585711Z  INFO lingxi_service: request handled request_id=req-156ccc6bd71de659679eb680bcbd99f0 method=POST path=/lingxi/v1/sessions/sess_local_alpha/execute status=200
2026-09-28T15:14:10.585738Z  INFO lingxi_service: request handled request_id=req-15b8d12a1d7bb116a64bc116f8878f00 method=POST path=/lingxi/v1/sessions/sess_local_alpha/execute status=200
2026-09-28T15:14:10.587288Z  INFO lingxi_service::sessions: run committed and published (post-commit) run_id=run_000001a0e894a41a_000199 session_id=sess_local_alpha events=run_000001a0e894a41a_000199-done input_chars=17
2026-09-28T15:14:10.587958Z  INFO lingxi_service: request handled request_id=req-8de18581f20541fc4ef0a6634a63f01a method=POST path=/lingxi/v1/sessions/sess_local_alpha/execute status=200
2026-09-28T15:14:10.588084Z  INFO lingxi_service::sessions: run committed and published (post-commit) run_id=run_000001a0e894a41b_00019a session_id=sess_local_alpha events=run_000001a0e894a41b_00019a-done input_chars=17
2026-09-28T15:14:10.588233Z  INFO lingxi_service::sessions: run committed and published (post-commit) run_id=run_000001a0e894a41b_00019b session_id=sess_local_alpha events=run_000001a0e894a41b_00019b-done input_chars=17
2026-09-28T15:14:10.588413Z  INFO lingxi_service::sessions: run committed and published (post-commit) run_id=run_000001a0e894a41b_00019c session_id=sess_local_alpha events=run_000001a0e894a41b_00019c-done input_chars=17
2026-09-28T15:14:10.589230Z  INFO lingxi_service: request handled request_id=req-2481b2cb801f80a4fafcf6f8dc433bc6 method=POST path=/lingxi/v1/sessions/sess_local_alpha/execute status=200
2026-09-28T15:14:10.589506Z  INFO lingxi_service: request handled request_id=req-6f203228b952ecc2194502dfb17ea29d method=POST path=/lingxi/v1/sessions/sess_local_alpha/execute status=200
2026-09-28T15:14:10.589647Z  INFO lingxi_service: request handled request_id=req-fdf0179f71ddc429ecf10473fb74e4da method=POST path=/lingxi/v1/sessions/sess_local_alpha/execute status=200
2026-09-28T15:14:10.589829Z  INFO lingxi_service::sessions: run committed and published (post-commit) run_id=run_000001a0e894a41b_00019d session_id=sess_local_alpha events=run_000001a0e894a41b_00019d-done input_chars=17
2026-09-28T15:14:10.590018Z  INFO lingxi_service::sessions: run committed and published (post-commit) run_id=run_000001a0e894a41b_00019e session_id=sess_local_alpha events=run_000001a0e894a41b_00019e-done input_chars=17
2026-09-28T15:14:10.590191Z  INFO lingxi_service::sessions: run committed and published (post-commit) run_id=run_000001a0e894a41b_00019f session_id=sess_local_alpha events=run_000001a0e894a41b_00019f-done input_chars=17
2026-09-28T15:14:10.590406Z  INFO lingxi_service::sessions: run committed and published (post-commit) run_id=run_000001a0e894a41b_0001a0 session_id=sess_local_alpha events=run_000001a0e894a41b_0001a0-done input_chars=17
2026-09-28T15:14:10.590546Z  INFO lingxi_service::sessions: run committed and published (post-commit) run_id=run_000001a0e894a41b_0001a1 session_id=sess_local_alpha events=run_000001a0e894a41b_0001a1-done input_chars=17
2026-09-28T15:14:10.591650Z  INFO lingxi_service: request handled request_id=req-9ceebb3eb7d381caf3feb26dca15927f method=POST path=/lingxi/v1/sessions/sess_local_alpha/execute status=200
2026-09-28T15:14:10.591692Z  INFO lingxi_service: request handled request_id=req-ce08767daaa8450a76dcb81641f8ddb1 method=POST path=/lingxi/v1/sessions/sess_local_alpha/execute status=200
2026-09-28T15:14:10.592107Z  INFO lingxi_service: request handled request_id=req-a747ca0cb5ac654a854ce409809ac03f method=POST path=/lingxi/v1/sessions/sess_local_alpha/execute status=200
2026-09-28T15:14:10.592464Z  INFO lingxi_service: request handled request_id=req-8113aefa8e890f23ddf98159344dd2a3 method=POST path=/lingxi/v1/sessions/sess_local_alpha/execute status=200
2026-09-28T15:14:10.592493Z  INFO lingxi_service: request handled request_id=req-f67c6baafc19024d40a4e309f9ae5b40 method=POST path=/lingxi/v1/sessions/sess_local_alpha/execute status=200
2026-09-28T15:14:10.592601Z  INFO lingxi_service::sessions: run committed and published (post-commit) run_id=run_000001a0e894a41c_0001a2 session_id=sess_local_alpha events=run_000001a0e894a41c_0001a2-done input_chars=17
2026-09-28T15:14:10.592732Z  INFO lingxi_service::sessions: run committed and published (post-commit) run_id=run_000001a0e894a41c_0001a3 session_id=sess_local_alpha events=run_000001a0e894a41c_0001a3-done input_chars=17
2026-09-28T15:14:10.592944Z  INFO lingxi_service::sessions: run committed and published (post-commit) run_id=run_000001a0e894a41c_0001a4 session_id=sess_local_alpha events=run_000001a0e894a41c_0001a4-done input_chars=17
2026-09-28T15:14:10.593097Z  INFO lingxi_service::sessions: run committed and published (post-commit) run_id=run_000001a0e894a41c_0001a5 session_id=sess_local_alpha events=run_000001a0e894a41c_0001a5-done input_chars=17
2026-09-28T15:14:10.593260Z  INFO lingxi_service::sessions: run committed and published (post-commit) run_id=run_000001a0e894a41c_0001a6 session_id=sess_local_alpha events=run_000001a0e894a41c_0001a6-done input_chars=17
2026-09-28T15:14:10.593440Z  INFO lingxi_service::sessions: run committed and published (post-commit) run_id=run_000001a0e894a41c_0001a7 session_id=sess_local_alpha events=run_000001a0e894a41c_0001a7-done input_chars=17
2026-09-28T15:14:10.594139Z  INFO lingxi_service::sessions: run committed and published (post-commit) run_id=run_000001a0e894a41d_0001a8 session_id=sess_local_alpha events=run_000001a0e894a41d_0001a8-done input_chars=17
2026-09-28T15:14:10.594269Z  INFO lingxi_service::sessions: run committed and published (post-commit) run_id=run_000001a0e894a41d_0001a9 session_id=sess_local_alpha events=run_000001a0e894a41d_0001a9-done input_chars=17
2026-09-28T15:14:10.594670Z  INFO lingxi_service::sessions: run committed and published (post-commit) run_id=run_000001a0e894a41d_0001aa session_id=sess_local_alpha events=run_000001a0e894a41d_0001aa-done input_chars=17
2026-09-28T15:14:10.594783Z  INFO lingxi_service::sessions: run committed and published (post-commit) run_id=run_000001a0e894a41d_0001ab session_id=sess_local_alpha events=run_000001a0e894a41d_0001ab-done input_chars=17
2026-09-28T15:14:10.594834Z  INFO lingxi_service: request handled request_id=req-f09bdaec734413fc521f654ab2f3e8c5 method=POST path=/lingxi/v1/sessions/sess_local_alpha/execute status=200
2026-09-28T15:14:10.594858Z  INFO lingxi_service: request handled request_id=req-4f16ae5a6a7f2df1eb3c631afab03ac3 method=POST path=/lingxi/v1/sessions/sess_local_alpha/execute status=200
2026-09-28T15:14:10.594886Z  INFO lingxi_service: request handled request_id=req-38c51880b341341a6fca06f8d66e20f0 method=POST path=/lingxi/v1/sessions/sess_local_alpha/execute status=200
2026-09-28T15:14:10.594915Z  INFO lingxi_service: request handled request_id=req-dc3cd7a8459eb414b58591a2b751eb68 method=POST path=/lingxi/v1/sessions/sess_local_alpha/execute status=200
2026-09-28T15:14:10.594943Z  INFO lingxi_service: request handled request_id=req-8b3181e918273e1c01d0b09bb472b797 method=POST path=/lingxi/v1/sessions/sess_local_alpha/execute status=200
2026-09-28T15:14:10.594977Z  INFO lingxi_service: request handled request_id=req-f3e035ca59f8ea45300088e7ab560d07 method=POST path=/lingxi/v1/sessions/sess_local_alpha/execute status=200
2026-09-28T15:14:10.595082Z  INFO lingxi_service::sessions: run committed and published (post-commit) run_id=run_000001a0e894a41d_0001ac session_id=sess_local_alpha events=run_000001a0e894a41d_0001ac-done input_chars=17
2026-09-28T15:14:10.595302Z  INFO lingxi_service::sessions: run committed and published (post-commit) run_id=run_000001a0e894a41e_0001ad session_id=sess_local_alpha events=run_000001a0e894a41e_0001ad-done input_chars=17
2026-09-28T15:14:10.595434Z  INFO lingxi_service::sessions: run committed and published (post-commit) run_id=run_000001a0e894a41e_0001ae session_id=sess_local_alpha events=run_000001a0e894a41e_0001ae-done input_chars=17
2026-09-28T15:14:10.595473Z  INFO lingxi_service: request handled request_id=req-436ee65a58ef194bb4c721aef547d34c method=POST path=/lingxi/v1/sessions/sess_local_alpha/execute status=200
2026-09-28T15:14:10.595506Z  INFO lingxi_service: request handled request_id=req-3fd652966b90d74829c3d7f5fa523e5b method=POST path=/lingxi/v1/sessions/sess_local_alpha/execute status=200
2026-09-28T15:14:10.595611Z  INFO lingxi_service::sessions: run committed and published (post-commit) run_id=run_000001a0e894a41e_0001af session_id=sess_local_alpha events=run_000001a0e894a41e_0001af-done input_chars=17
2026-09-28T15:14:10.595728Z  INFO lingxi_service::sessions: run committed and published (post-commit) run_id=run_000001a0e894a41e_0001b0 session_id=sess_local_alpha events=run_000001a0e894a41e_0001b0-done input_chars=17
2026-09-28T15:14:10.595768Z  INFO lingxi_service: request handled request_id=req-909c117010f33535d7c6b75c86c3f325 method=POST path=/lingxi/v1/sessions/sess_local_alpha/execute status=200
2026-09-28T15:14:10.595801Z  INFO lingxi_service: request handled request_id=req-a52253e7a72348e6681723be603e1e5b method=POST path=/lingxi/v1/sessions/sess_local_alpha/execute status=200
2026-09-28T15:14:10.595827Z  INFO lingxi_service: request handled request_id=req-d03b80a7ac593e09f1d2142a48a482ca method=POST path=/lingxi/v1/sessions/sess_local_alpha/execute status=200
2026-09-28T15:14:10.595855Z  INFO lingxi_service: request handled request_id=req-5124d0a5248790c893ae38e68e7aed74 method=POST path=/lingxi/v1/sessions/sess_local_alpha/execute status=200
2026-09-28T15:14:10.595920Z  INFO lingxi_service: request handled request_id=req-7ffabca7d62a0761cf7d64519bd5e5e9 method=POST path=/lingxi/v1/sessions/sess_local_alpha/execute status=200
2026-09-28T15:14:10.595945Z  INFO lingxi_service: request handled request_id=req-2258b53a9b470fad8f6b5793e2331cc8 method=POST path=/lingxi/v1/sessions/sess_local_alpha/execute status=200
2026-09-28T15:14:10.595926Z  INFO lingxi_service: request handled request_id=req-cec388aeb7e9fda407cb905a4c9ed504 method=POST path=/lingxi/v1/sessions/sess_local_alpha/execute status=200
2026-09-28T15:14:10.597704Z  INFO lingxi_service::sessions: run committed and published (post-commit) run_id=run_000001a0e894a425_0001b1 session_id=sess_local_alpha events=run_000001a0e894a425_0001b1-done input_chars=17
2026-09-28T15:14:10.598811Z  INFO lingxi_service: request handled request_id=req-46be12989a71c9acd9d27c8a358cdee0 method=POST path=/lingxi/v1/sessions/sess_local_alpha/execute status=200
2026-09-28T15:14:10.598969Z  INFO lingxi_service::sessions: run committed and published (post-commit) run_id=run_000001a0e894a425_0001b2 session_id=sess_local_alpha events=run_000001a0e894a425_0001b2-done input_chars=17
2026-09-28T15:14:10.599198Z  INFO lingxi_service::sessions: run committed and published (post-commit) run_id=run_000001a0e894a425_0001b3 session_id=sess_local_alpha events=run_000001a0e894a425_0001b3-done input_chars=17
2026-09-28T15:14:10.599366Z  INFO lingxi_service::sessions: run committed and published (post-commit) run_id=run_000001a0e894a425_0001b4 session_id=sess_local_alpha events=run_000001a0e894a425_0001b4-done input_chars=17
2026-09-28T15:14:10.599548Z  INFO lingxi_service::sessions: run committed and published (post-commit) run_id=run_000001a0e894a425_0001b5 session_id=sess_local_alpha events=run_000001a0e894a425_0001b5-done input_chars=17
2026-09-28T15:14:10.599749Z  INFO lingxi_service::sessions: run committed and published (post-commit) run_id=run_000001a0e894a425_0001b6 session_id=sess_local_alpha events=run_000001a0e894a425_0001b6-done input_chars=17
2026-09-28T15:14:10.600758Z  INFO lingxi_service: request handled request_id=req-3fec421b5cea39f0bc3b5b7f5c3d7b08 method=POST path=/lingxi/v1/sessions/sess_local_alpha/execute status=200
2026-09-28T15:14:10.600787Z  INFO lingxi_service: request handled request_id=req-935d249888b7637c41dd7a4e292e2dd8 method=POST path=/lingxi/v1/sessions/sess_local_alpha/execute status=200
2026-09-28T15:14:10.600978Z  INFO lingxi_service: request handled request_id=req-4f168fbc9738ee615bbc02ea8872e634 method=POST path=/lingxi/v1/sessions/sess_local_alpha/execute status=200
2026-09-28T15:14:10.601396Z  INFO lingxi_service: request handled request_id=req-dc3123653ead1bfcc38ded1f5f22fa31 method=POST path=/lingxi/v1/sessions/sess_local_alpha/execute status=200
2026-09-28T15:14:10.601429Z  INFO lingxi_service: request handled request_id=req-c6f79624dee2813a028be8e8498b1d71 method=POST path=/lingxi/v1/sessions/sess_local_alpha/execute status=200
2026-09-28T15:14:10.601556Z  INFO lingxi_service::sessions: run committed and published (post-commit) run_id=run_000001a0e894a425_0001b7 session_id=sess_local_alpha events=run_000001a0e894a425_0001b7-done input_chars=17
2026-09-28T15:14:10.601694Z  INFO lingxi_service::sessions: run committed and published (post-commit) run_id=run_000001a0e894a425_0001b8 session_id=sess_local_alpha events=run_000001a0e894a425_0001b8-done input_chars=17
2026-09-28T15:14:10.601810Z  INFO lingxi_service::sessions: run committed and published (post-commit) run_id=run_000001a0e894a425_0001b9 session_id=sess_local_alpha events=run_000001a0e894a425_0001b9-done input_chars=17
2026-09-28T15:14:10.602065Z  INFO lingxi_service::sessions: run committed and published (post-commit) run_id=run_000001a0e894a426_0001ba session_id=sess_local_alpha events=run_000001a0e894a426_0001ba-done input_chars=17
2026-09-28T15:14:10.602176Z  INFO lingxi_service::sessions: run committed and published (post-commit) run_id=run_000001a0e894a426_0001bb session_id=sess_local_alpha events=run_000001a0e894a426_0001bb-done input_chars=17
2026-09-28T15:14:10.602435Z  INFO lingxi_service::sessions: run committed and published (post-commit) run_id=run_000001a0e894a426_0001bc session_id=sess_local_alpha events=run_000001a0e894a426_0001bc-done input_chars=17
2026-09-28T15:14:10.602770Z  INFO lingxi_service::sessions: run committed and published (post-commit) run_id=run_000001a0e894a426_0001bd session_id=sess_local_alpha events=run_000001a0e894a426_0001bd-done input_chars=17
2026-09-28T15:14:10.603088Z  INFO lingxi_service::sessions: run committed and published (post-commit) run_id=run_000001a0e894a426_0001be session_id=sess_local_alpha events=run_000001a0e894a426_0001be-done input_chars=17
2026-09-28T15:14:10.604531Z  INFO lingxi_service: request handled request_id=req-6c45672d0adcee06eb45d2437e9b2844 method=POST path=/lingxi/v1/sessions/sess_local_alpha/execute status=200
2026-09-28T15:14:10.604731Z  INFO lingxi_service: request handled request_id=req-0e6a2a9899a8dce96077214fccb5b4d8 method=POST path=/lingxi/v1/sessions/sess_local_alpha/execute status=200
2026-09-28T15:14:10.604763Z  INFO lingxi_service: request handled request_id=req-0b03956885fb26754301f43a52eaf333 method=POST path=/lingxi/v1/sessions/sess_local_alpha/execute status=200
2026-09-28T15:14:10.604871Z  INFO lingxi_service::sessions: run committed and published (post-commit) run_id=run_000001a0e894a426_0001bf session_id=sess_local_alpha events=run_000001a0e894a426_0001bf-done input_chars=17
2026-09-28T15:14:10.604927Z  INFO lingxi_service: request handled request_id=req-5b147e772f2be4ded7ea9e898bae7076 method=POST path=/lingxi/v1/sessions/sess_local_alpha/execute status=200
2026-09-28T15:14:10.604950Z  INFO lingxi_service: request handled request_id=req-aa9df5b62f7e36940535c0d790b11a45 method=POST path=/lingxi/v1/sessions/sess_local_alpha/execute status=200
2026-09-28T15:14:10.605077Z  INFO lingxi_service::sessions: run committed and published (post-commit) run_id=run_000001a0e894a427_0001c0 session_id=sess_local_alpha events=run_000001a0e894a427_0001c0-done input_chars=17
2026-09-28T15:14:10.605120Z  INFO lingxi_service: request handled request_id=req-b2e553dd8c4cd583a4f7adaef7f9e64e method=POST path=/lingxi/v1/sessions/sess_local_alpha/execute status=200
2026-09-28T15:14:10.605241Z  INFO lingxi_service::sessions: run committed and published (post-commit) run_id=run_000001a0e894a427_0001c1 session_id=sess_local_alpha events=run_000001a0e894a427_0001c1-done input_chars=17
2026-09-28T15:14:10.605287Z  INFO lingxi_service: request handled request_id=req-328d78729b77b14b9efbcf1baa76e053 method=POST path=/lingxi/v1/sessions/sess_local_alpha/execute status=200
2026-09-28T15:14:10.605388Z  INFO lingxi_service::sessions: run committed and published (post-commit) run_id=run_000001a0e894a427_0001c2 session_id=sess_local_alpha events=run_000001a0e894a427_0001c2-done input_chars=17
2026-09-28T15:14:10.605448Z  INFO lingxi_service: request handled request_id=req-6cccac481059911612eebcb32d1580fa method=POST path=/lingxi/v1/sessions/sess_local_alpha/execute status=200
2026-09-28T15:14:10.605596Z  INFO lingxi_service::sessions: run committed and published (post-commit) run_id=run_000001a0e894a427_0001c3 session_id=sess_local_alpha events=run_000001a0e894a427_0001c3-done input_chars=17
2026-09-28T15:14:10.605721Z  INFO lingxi_service::sessions: run committed and published (post-commit) run_id=run_000001a0e894a427_0001c4 session_id=sess_local_alpha events=run_000001a0e894a427_0001c4-done input_chars=17
2026-09-28T15:14:10.605836Z  INFO lingxi_service::sessions: run committed and published (post-commit) run_id=run_000001a0e894a427_0001c5 session_id=sess_local_alpha events=run_000001a0e894a427_0001c5-done input_chars=17
2026-09-28T15:14:10.605945Z  INFO lingxi_service::sessions: run committed and published (post-commit) run_id=run_000001a0e894a428_0001c6 session_id=sess_local_alpha events=run_000001a0e894a428_0001c6-done input_chars=17
2026-09-28T15:14:10.606061Z  INFO lingxi_service::sessions: run committed and published (post-commit) run_id=run_000001a0e894a428_0001c7 session_id=sess_local_alpha events=run_000001a0e894a428_0001c7-done input_chars=17
2026-09-28T15:14:10.606246Z  INFO lingxi_service::sessions: run committed and published (post-commit) run_id=run_000001a0e894a428_0001c8 session_id=sess_local_alpha events=run_000001a0e894a428_0001c8-done input_chars=17
2026-09-28T15:14:10.606307Z  INFO lingxi_service: request handled request_id=req-375e4bd480377c13228ee45694d1afde method=POST path=/lingxi/v1/sessions/sess_local_alpha/execute status=200
2026-09-28T15:14:10.606342Z  INFO lingxi_service: request handled request_id=req-4d034cd71947f94b9f8379398f286cf9 method=POST path=/lingxi/v1/sessions/sess_local_alpha/execute status=200
2026-09-28T15:14:10.606374Z  INFO lingxi_service: request handled request_id=req-d1bb6265da30e4ccdf178a8b0086ce8f method=POST path=/lingxi/v1/sessions/sess_local_alpha/execute status=200
2026-09-28T15:14:10.606407Z  INFO lingxi_service: request handled request_id=req-3c1807dca6227eb6b995adb57ec3e786 method=POST path=/lingxi/v1/sessions/sess_local_alpha/execute status=200
2026-09-28T15:14:10.606449Z  INFO lingxi_service: request handled request_id=req-5a8142e6c5fde7e44994359e87659f5b method=POST path=/lingxi/v1/sessions/sess_local_alpha/execute status=200
2026-09-28T15:14:10.606473Z  INFO lingxi_service: request handled request_id=req-293f3d9f5891e9f1c4f8f68e508184bb method=POST path=/lingxi/v1/sessions/sess_local_alpha/execute status=200
2026-09-28T15:14:10.606496Z  INFO lingxi_service: request handled request_id=req-edb2f53277c26ec15f93edc106ae2985 method=POST path=/lingxi/v1/sessions/sess_local_alpha/execute status=200
2026-09-28T15:14:10.606551Z  INFO lingxi_service: request handled request_id=req-591a7cdfb357f23f4932881cd89c1ad5 method=POST path=/lingxi/v1/sessions/sess_local_alpha/execute status=200
2026-09-28T15:14:10.606583Z  INFO lingxi_service: request handled request_id=req-182d09a5bfce1818e112f9f577560cf1 method=POST path=/lingxi/v1/sessions/sess_local_alpha/execute status=200
2026-09-28T15:14:10.606603Z  INFO lingxi_service: request handled request_id=req-6e9309e001225f6a8f0846bf7544dd17 method=POST path=/lingxi/v1/sessions/sess_local_alpha/execute status=200
2026-09-28T15:14:10.610133Z  INFO lingxi_service::sessions: run committed and published (post-commit) run_id=run_000001a0e894a431_0001c9 session_id=sess_local_alpha events=run_000001a0e894a431_0001c9-done input_chars=17
2026-09-28T15:14:10.610746Z  INFO lingxi_service: request handled request_id=req-7221993dc852e3b3628affbe1168d405 method=POST path=/lingxi/v1/sessions/sess_local_alpha/execute status=200
2026-09-28T15:14:10.610857Z  INFO lingxi_service::sessions: run committed and published (post-commit) run_id=run_000001a0e894a431_0001ca session_id=sess_local_alpha events=run_000001a0e894a431_0001ca-done input_chars=17
2026-09-28T15:14:10.611047Z  INFO lingxi_service::sessions: run committed and published (post-commit) run_id=run_000001a0e894a431_0001cb session_id=sess_local_alpha events=run_000001a0e894a431_0001cb-done input_chars=17
2026-09-28T15:14:10.611913Z  INFO lingxi_service: request handled request_id=req-2df9df65113d1557bb9edbc1e16a4e44 method=POST path=/lingxi/v1/sessions/sess_local_alpha/execute status=200
2026-09-28T15:14:10.612192Z  INFO lingxi_service: request handled request_id=req-08fdf62fc72c6958ed7fd35fea09e589 method=POST path=/lingxi/v1/sessions/sess_local_alpha/execute status=200
2026-09-28T15:14:10.612352Z  INFO lingxi_service::sessions: run committed and published (post-commit) run_id=run_000001a0e894a432_0001cc session_id=sess_local_alpha events=run_000001a0e894a432_0001cc-done input_chars=17
2026-09-28T15:14:10.612498Z  INFO lingxi_service::sessions: run committed and published (post-commit) run_id=run_000001a0e894a432_0001cd session_id=sess_local_alpha events=run_000001a0e894a432_0001cd-done input_chars=17
2026-09-28T15:14:10.612639Z  INFO lingxi_service::sessions: run committed and published (post-commit) run_id=run_000001a0e894a432_0001ce session_id=sess_local_alpha events=run_000001a0e894a432_0001ce-done input_chars=17
2026-09-28T15:14:10.612895Z  INFO lingxi_service::sessions: run committed and published (post-commit) run_id=run_000001a0e894a432_0001cf session_id=sess_local_alpha events=run_000001a0e894a432_0001cf-done input_chars=17
2026-09-28T15:14:10.613080Z  INFO lingxi_service::sessions: run committed and published (post-commit) run_id=run_000001a0e894a432_0001d0 session_id=sess_local_alpha events=run_000001a0e894a432_0001d0-done input_chars=17
2026-09-28T15:14:10.613650Z  INFO lingxi_service: request handled request_id=req-5c3d026ee0ef09b68656ec2fc553aaf5 method=POST path=/lingxi/v1/sessions/sess_local_alpha/execute status=200
2026-09-28T15:14:10.613900Z  INFO lingxi_service: request handled request_id=req-3f4f1798cae8a186285db0187d1d7e31 method=POST path=/lingxi/v1/sessions/sess_local_alpha/execute status=200
2026-09-28T15:14:10.614264Z  INFO lingxi_service: request handled request_id=req-b642d18a5cc65bb8c3f516302b28e79c method=POST path=/lingxi/v1/sessions/sess_local_alpha/execute status=200
2026-09-28T15:14:10.614792Z  INFO lingxi_service: request handled request_id=req-a104848ed432f5e0813365273ec81ca3 method=POST path=/lingxi/v1/sessions/sess_local_alpha/execute status=200
2026-09-28T15:14:10.614856Z  INFO lingxi_service: request handled request_id=req-61135807dcb7fb564abeb3b17cf6bc7d method=POST path=/lingxi/v1/sessions/sess_local_alpha/execute status=200
2026-09-28T15:14:10.614980Z  INFO lingxi_service::sessions: run committed and published (post-commit) run_id=run_000001a0e894a432_0001d1 session_id=sess_local_alpha events=run_000001a0e894a432_0001d1-done input_chars=17
2026-09-28T15:14:10.615389Z  INFO lingxi_service::sessions: run committed and published (post-commit) run_id=run_000001a0e894a433_0001d2 session_id=sess_local_alpha events=run_000001a0e894a433_0001d2-done input_chars=17
2026-09-28T15:14:10.615504Z  INFO lingxi_service::sessions: run committed and published (post-commit) run_id=run_000001a0e894a433_0001d3 session_id=sess_local_alpha events=run_000001a0e894a433_0001d3-done input_chars=17
2026-09-28T15:14:10.615762Z  INFO lingxi_service::sessions: run committed and published (post-commit) run_id=run_000001a0e894a433_0001d4 session_id=sess_local_alpha events=run_000001a0e894a433_0001d4-done input_chars=17
2026-09-28T15:14:10.615918Z  INFO lingxi_service::sessions: run committed and published (post-commit) run_id=run_000001a0e894a433_0001d5 session_id=sess_local_alpha events=run_000001a0e894a433_0001d5-done input_chars=17
2026-09-28T15:14:10.616469Z  INFO lingxi_service::sessions: run committed and published (post-commit) run_id=run_000001a0e894a433_0001d6 session_id=sess_local_alpha events=run_000001a0e894a433_0001d6-done input_chars=17
2026-09-28T15:14:10.616635Z  INFO lingxi_service::sessions: run committed and published (post-commit) run_id=run_000001a0e894a433_0001d7 session_id=sess_local_alpha events=run_000001a0e894a433_0001d7-done input_chars=17
2026-09-28T15:14:10.616788Z  INFO lingxi_service::sessions: run committed and published (post-commit) run_id=run_000001a0e894a434_0001d8 session_id=sess_local_alpha events=run_000001a0e894a434_0001d8-done input_chars=17
2026-09-28T15:14:10.617318Z  INFO lingxi_service: request handled request_id=req-8fceb41b0318bcee2a7a36e80df4ee60 method=POST path=/lingxi/v1/sessions/sess_local_alpha/execute status=200
2026-09-28T15:14:10.617453Z  INFO lingxi_service::sessions: run committed and published (post-commit) run_id=run_000001a0e894a434_0001d9 session_id=sess_local_alpha events=run_000001a0e894a434_0001d9-done input_chars=17
2026-09-28T15:14:10.617602Z  INFO lingxi_service::sessions: run committed and published (post-commit) run_id=run_000001a0e894a434_0001da session_id=sess_local_alpha events=run_000001a0e894a434_0001da-done input_chars=17
2026-09-28T15:14:10.617643Z  INFO lingxi_service: request handled request_id=req-bfec0a32cbc046bdfb44792939ded8b7 method=POST path=/lingxi/v1/sessions/sess_local_alpha/execute status=200
2026-09-28T15:14:10.617677Z  INFO lingxi_service: request handled request_id=req-56f1840784228f63a9aecaf7c7035c9c method=POST path=/lingxi/v1/sessions/sess_local_alpha/execute status=200
2026-09-28T15:14:10.617800Z  INFO lingxi_service::sessions: run committed and published (post-commit) run_id=run_000001a0e894a434_0001db session_id=sess_local_alpha events=run_000001a0e894a434_0001db-done input_chars=17
2026-09-28T15:14:10.617840Z  INFO lingxi_service: request handled request_id=req-7830d44cf2cd3d0ae3f27c717ea3f67d method=POST path=/lingxi/v1/sessions/sess_local_alpha/execute status=200
2026-09-28T15:14:10.617875Z  INFO lingxi_service: request handled request_id=req-909b50884fa727e7b549b0ffcd8f2c87 method=POST path=/lingxi/v1/sessions/sess_local_alpha/execute status=200
2026-09-28T15:14:10.617992Z  INFO lingxi_service::sessions: run committed and published (post-commit) run_id=run_000001a0e894a434_0001dc session_id=sess_local_alpha events=run_000001a0e894a434_0001dc-done input_chars=17
2026-09-28T15:14:10.618115Z  INFO lingxi_service::sessions: run committed and published (post-commit) run_id=run_000001a0e894a434_0001dd session_id=sess_local_alpha events=run_000001a0e894a434_0001dd-done input_chars=17
2026-09-28T15:14:10.618160Z  INFO lingxi_service: request handled request_id=req-8f9672698517b72bd523a32c4a83c3e6 method=POST path=/lingxi/v1/sessions/sess_local_alpha/execute status=200
2026-09-28T15:14:10.618195Z  INFO lingxi_service: request handled request_id=req-393213918d976a97368a42e38f1bda4c method=POST path=/lingxi/v1/sessions/sess_local_alpha/execute status=200
2026-09-28T15:14:10.618221Z  INFO lingxi_service: request handled request_id=req-994753ef74d804b785f1e8ba05b10937 method=POST path=/lingxi/v1/sessions/sess_local_alpha/execute status=200
2026-09-28T15:14:10.618330Z  INFO lingxi_service::sessions: run committed and published (post-commit) run_id=run_000001a0e894a435_0001de session_id=sess_local_alpha events=run_000001a0e894a435_0001de-done input_chars=17
2026-09-28T15:14:10.618446Z  INFO lingxi_service::sessions: run committed and published (post-commit) run_id=run_000001a0e894a435_0001df session_id=sess_local_alpha events=run_000001a0e894a435_0001df-done input_chars=17
2026-09-28T15:14:10.618559Z  INFO lingxi_service::sessions: run committed and published (post-commit) run_id=run_000001a0e894a435_0001e0 session_id=sess_local_alpha events=run_000001a0e894a435_0001e0-done input_chars=17
2026-09-28T15:14:10.618602Z  INFO lingxi_service: request handled request_id=req-bc597c5dc1598480b3fd05876cc16a49 method=POST path=/lingxi/v1/sessions/sess_local_alpha/execute status=200
2026-09-28T15:14:10.618631Z  INFO lingxi_service: request handled request_id=req-35ae2768e5b16cfc957a7602c6aba510 method=POST path=/lingxi/v1/sessions/sess_local_alpha/execute status=200
2026-09-28T15:14:10.618663Z  INFO lingxi_service: request handled request_id=req-33a88d495996c02a33c454b4e4ea9c60 method=POST path=/lingxi/v1/sessions/sess_local_alpha/execute status=200
2026-09-28T15:14:10.618693Z  INFO lingxi_service: request handled request_id=req-2688cf382c0ef65103e0e1a63413c30e method=POST path=/lingxi/v1/sessions/sess_local_alpha/execute status=200
2026-09-28T15:14:10.618729Z  INFO lingxi_service: request handled request_id=req-e7c13171bfc81615d19ba375b6f72483 method=POST path=/lingxi/v1/sessions/sess_local_alpha/execute status=200
2026-09-28T15:14:10.618772Z  INFO lingxi_service: request handled request_id=req-1358af3a47daf6f843daa8df2a3d5111 method=POST path=/lingxi/v1/sessions/sess_local_alpha/execute status=200
2026-09-28T15:14:10.618794Z  INFO lingxi_service: request handled request_id=req-3c75fa4bf243e434d8f8a39ef9ab96d4 method=POST path=/lingxi/v1/sessions/sess_local_alpha/execute status=200
2026-09-28T15:14:10.618823Z  INFO lingxi_service: request handled request_id=req-11ff0b2f0f6932bd42c9676b363f42c6 method=POST path=/lingxi/v1/sessions/sess_local_alpha/execute status=200
2026-09-28T15:14:10.620692Z  INFO lingxi_service::sessions: run committed and published (post-commit) run_id=run_000001a0e894a43b_0001e1 session_id=sess_local_alpha events=run_000001a0e894a43b_0001e1-done input_chars=17
2026-09-28T15:14:10.620887Z  INFO lingxi_service::sessions: run committed and published (post-commit) run_id=run_000001a0e894a43b_0001e2 session_id=sess_local_alpha events=run_000001a0e894a43b_0001e2-done input_chars=17
2026-09-28T15:14:10.621639Z  INFO lingxi_service: request handled request_id=req-4d7cbc02df75ab6428e7cbe61a4fb211 method=POST path=/lingxi/v1/sessions/sess_local_alpha/execute status=200
2026-09-28T15:14:10.621698Z  INFO lingxi_service: request handled request_id=req-acb51ebda5f52bf5ba69fa85ce76e94f method=POST path=/lingxi/v1/sessions/sess_local_alpha/execute status=200
2026-09-28T15:14:10.621854Z  INFO lingxi_service::sessions: run committed and published (post-commit) run_id=run_000001a0e894a43c_0001e3 session_id=sess_local_alpha events=run_000001a0e894a43c_0001e3-done input_chars=17
2026-09-28T15:14:10.622008Z  INFO lingxi_service::sessions: run committed and published (post-commit) run_id=run_000001a0e894a43c_0001e4 session_id=sess_local_alpha events=run_000001a0e894a43c_0001e4-done input_chars=17
2026-09-28T15:14:10.622403Z  INFO lingxi_service::sessions: run committed and published (post-commit) run_id=run_000001a0e894a43c_0001e5 session_id=sess_local_alpha events=run_000001a0e894a43c_0001e5-done input_chars=17
2026-09-28T15:14:10.622678Z  INFO lingxi_service::sessions: run committed and published (post-commit) run_id=run_000001a0e894a43c_0001e6 session_id=sess_local_alpha events=run_000001a0e894a43c_0001e6-done input_chars=17
2026-09-28T15:14:10.623283Z  INFO lingxi_service: request handled request_id=req-6cbae3ca6f612624f0503dd7409a034b method=POST path=/lingxi/v1/sessions/sess_local_alpha/execute status=200
2026-09-28T15:14:10.623314Z  INFO lingxi_service: request handled request_id=req-622bedab54a7bde75f5b4ab3834cb3b7 method=POST path=/lingxi/v1/sessions/sess_local_alpha/execute status=200
2026-09-28T15:14:10.623458Z  INFO lingxi_service::sessions: run committed and published (post-commit) run_id=run_000001a0e894a43c_0001e7 session_id=sess_local_alpha events=run_000001a0e894a43c_0001e7-done input_chars=17
2026-09-28T15:14:10.624213Z  INFO lingxi_service: request handled request_id=req-7d8adb756165ca895649b99e889c5980 method=POST path=/lingxi/v1/sessions/sess_local_alpha/execute status=200
2026-09-28T15:14:10.624264Z  INFO lingxi_service: request handled request_id=req-bf548b278b842ba5e250fa4d0c7f7e42 method=POST path=/lingxi/v1/sessions/sess_local_alpha/execute status=200
2026-09-28T15:14:10.624409Z  INFO lingxi_service::sessions: run committed and published (post-commit) run_id=run_000001a0e894a43c_0001e8 session_id=sess_local_alpha events=run_000001a0e894a43c_0001e8-done input_chars=17
2026-09-28T15:14:10.624849Z  INFO lingxi_service::sessions: run committed and published (post-commit) run_id=run_000001a0e894a43d_0001e9 session_id=sess_local_alpha events=run_000001a0e894a43d_0001e9-done input_chars=17
2026-09-28T15:14:10.625086Z  INFO lingxi_service: request handled request_id=req-a796f32495620e05b73005ab64f5b4e7 method=POST path=/lingxi/v1/sessions/sess_local_alpha/execute status=200
2026-09-28T15:14:10.625187Z  INFO lingxi_service::sessions: run committed and published (post-commit) run_id=run_000001a0e894a43d_0001ea session_id=sess_local_alpha events=run_000001a0e894a43d_0001ea-done input_chars=17
2026-09-28T15:14:10.625317Z  INFO lingxi_service::sessions: run committed and published (post-commit) run_id=run_000001a0e894a43d_0001eb session_id=sess_local_alpha events=run_000001a0e894a43d_0001eb-done input_chars=17
2026-09-28T15:14:10.625677Z  INFO lingxi_service::sessions: run committed and published (post-commit) run_id=run_000001a0e894a43d_0001ec session_id=sess_local_alpha events=run_000001a0e894a43d_0001ec-done input_chars=17
2026-09-28T15:14:10.625825Z  INFO lingxi_service::sessions: run committed and published (post-commit) run_id=run_000001a0e894a43d_0001ed session_id=sess_local_alpha events=run_000001a0e894a43d_0001ed-done input_chars=17
2026-09-28T15:14:10.626443Z  INFO lingxi_service: request handled request_id=req-72939d5201b46f49b3e0a9798448739e method=POST path=/lingxi/v1/sessions/sess_local_alpha/execute status=200
2026-09-28T15:14:10.626537Z  INFO lingxi_service::sessions: run committed and published (post-commit) run_id=run_000001a0e894a43d_0001ee session_id=sess_local_alpha events=run_000001a0e894a43d_0001ee-done input_chars=17
2026-09-28T15:14:10.626690Z  INFO lingxi_service::sessions: run committed and published (post-commit) run_id=run_000001a0e894a43d_0001ef session_id=sess_local_alpha events=run_000001a0e894a43d_0001ef-done input_chars=17
2026-09-28T15:14:10.627090Z  INFO lingxi_service: request handled request_id=req-500217c97c3fad0848a7770a9b9d7df4 method=POST path=/lingxi/v1/sessions/sess_local_alpha/execute status=200
2026-09-28T15:14:10.627203Z  INFO lingxi_service::sessions: run committed and published (post-commit) run_id=run_000001a0e894a43d_0001f0 session_id=sess_local_alpha events=run_000001a0e894a43d_0001f0-done input_chars=17
2026-09-28T15:14:10.627597Z  INFO lingxi_service: request handled request_id=req-00fe6f1866703ae3331a1966c04d9d15 method=POST path=/lingxi/v1/sessions/sess_local_alpha/execute status=200
2026-09-28T15:14:10.627628Z  INFO lingxi_service: request handled request_id=req-1def1a15e4284adffd4c841427855f96 method=POST path=/lingxi/v1/sessions/sess_local_alpha/execute status=200
2026-09-28T15:14:10.627827Z  INFO lingxi_service::sessions: run committed and published (post-commit) run_id=run_000001a0e894a43e_0001f1 session_id=sess_local_alpha events=run_000001a0e894a43e_0001f1-done input_chars=17
2026-09-28T15:14:10.627867Z  INFO lingxi_service: request handled request_id=req-4f9576bd77d977185b05e674a5bee619 method=POST path=/lingxi/v1/sessions/sess_local_alpha/execute status=200
2026-09-28T15:14:10.627902Z  INFO lingxi_service: request handled request_id=req-c6169dffa80c7b471b47777725154fb6 method=POST path=/lingxi/v1/sessions/sess_local_alpha/execute status=200
2026-09-28T15:14:10.628005Z  INFO lingxi_service::sessions: run committed and published (post-commit) run_id=run_000001a0e894a43e_0001f2 session_id=sess_local_alpha events=run_000001a0e894a43e_0001f2-done input_chars=17
2026-09-28T15:14:10.628119Z  INFO lingxi_service::sessions: run committed and published (post-commit) run_id=run_000001a0e894a43e_0001f3 session_id=sess_local_alpha events=run_000001a0e894a43e_0001f3-done input_chars=17
2026-09-28T15:14:10.628242Z  INFO lingxi_service::sessions: run committed and published (post-commit) run_id=run_000001a0e894a43e_0001f4 session_id=sess_local_alpha events=run_000001a0e894a43e_0001f4-done input_chars=17
2026-09-28T15:14:10.628286Z  INFO lingxi_service: request handled request_id=req-b3c9c5f631424984627a3566f4d12647 method=POST path=/lingxi/v1/sessions/sess_local_alpha/execute status=200
2026-09-28T15:14:10.628319Z  INFO lingxi_service: request handled request_id=req-b5e0fa62f5008d763c90d81831ff46f6 method=POST path=/lingxi/v1/sessions/sess_local_alpha/execute status=200
2026-09-28T15:14:10.628439Z  INFO lingxi_service::sessions: run committed and published (post-commit) run_id=run_000001a0e894a43f_0001f5 session_id=sess_local_alpha events=run_000001a0e894a43f_0001f5-done input_chars=17
2026-09-28T15:14:10.628555Z  INFO lingxi_service::sessions: run committed and published (post-commit) run_id=run_000001a0e894a43f_0001f6 session_id=sess_local_alpha events=run_000001a0e894a43f_0001f6-done input_chars=17
2026-09-28T15:14:10.628593Z  INFO lingxi_service: request handled request_id=req-fc4b96cc7711b2fa2e4b32e32f7414ad method=POST path=/lingxi/v1/sessions/sess_local_alpha/execute status=200
2026-09-28T15:14:10.628702Z  INFO lingxi_service::sessions: run committed and published (post-commit) run_id=run_000001a0e894a43f_0001f7 session_id=sess_local_alpha events=run_000001a0e894a43f_0001f7-done input_chars=17
2026-09-28T15:14:10.628817Z  INFO lingxi_service::sessions: run committed and published (post-commit) run_id=run_000001a0e894a43f_0001f8 session_id=sess_local_alpha events=run_000001a0e894a43f_0001f8-done input_chars=17
2026-09-28T15:14:10.628859Z  INFO lingxi_service: request handled request_id=req-9741ddb70f61fe45d47696f682a821fa method=POST path=/lingxi/v1/sessions/sess_local_alpha/execute status=200
2026-09-28T15:14:10.628895Z  INFO lingxi_service: request handled request_id=req-b652be3dd1ee83bc3a0b7edf04ec8e09 method=POST path=/lingxi/v1/sessions/sess_local_alpha/execute status=200
2026-09-28T15:14:10.628924Z  INFO lingxi_service: request handled request_id=req-555fc2930840c46d9a09fcd5d718f287 method=POST path=/lingxi/v1/sessions/sess_local_alpha/execute status=200
2026-09-28T15:14:10.628957Z  INFO lingxi_service: request handled request_id=req-6495851cd37eed0bf2b3b3dcbbbe9460 method=POST path=/lingxi/v1/sessions/sess_local_alpha/execute status=200
2026-09-28T15:14:10.629007Z  INFO lingxi_service: request handled request_id=req-fa6155e3dfb4ff397b349fdfc7988138 method=POST path=/lingxi/v1/sessions/sess_local_alpha/execute status=200
2026-09-28T15:14:10.629034Z  INFO lingxi_service: request handled request_id=req-cc00fc165743a2eb5463fbc293c36f03 method=POST path=/lingxi/v1/sessions/sess_local_alpha/execute status=200
2026-09-28T15:14:10.629060Z  INFO lingxi_service: request handled request_id=req-adf1d3f4f5008ecad2e97501312b0267 method=POST path=/lingxi/v1/sessions/sess_local_alpha/execute status=200
2026-09-28T15:14:10.629098Z  INFO lingxi_service: request handled request_id=req-d29ce77561f43c3aec1b86108252e10b method=POST path=/lingxi/v1/sessions/sess_local_alpha/execute status=200
2026-09-28T15:14:10.630430Z  INFO lingxi_service::sessions: run committed and published (post-commit) run_id=run_000001a0e894a445_0001f9 session_id=sess_local_alpha events=run_000001a0e894a445_0001f9-done input_chars=17
2026-09-28T15:14:10.631367Z  INFO lingxi_service: request handled request_id=req-1d8a21b875e9bf4bb4869618c580e20b method=POST path=/lingxi/v1/sessions/sess_local_alpha/execute status=200
2026-09-28T15:14:10.631585Z  INFO lingxi_service::sessions: run committed and published (post-commit) run_id=run_000001a0e894a446_0001fa session_id=sess_local_alpha events=run_000001a0e894a446_0001fa-done input_chars=17
2026-09-28T15:14:10.631759Z  INFO lingxi_service::sessions: run committed and published (post-commit) run_id=run_000001a0e894a446_0001fb session_id=sess_local_alpha events=run_000001a0e894a446_0001fb-done input_chars=17
2026-09-28T15:14:10.633202Z  INFO lingxi_service: request handled request_id=req-ee1ad978a15b913ad05ceb21e8cf74c3 method=POST path=/lingxi/v1/sessions/sess_local_alpha/execute status=200
2026-09-28T15:14:10.633231Z  INFO lingxi_service: request handled request_id=req-8296bc7c25b382567e80172de567e373 method=POST path=/lingxi/v1/sessions/sess_local_alpha/execute status=200
2026-09-28T15:14:10.633406Z  INFO lingxi_service::sessions: run committed and published (post-commit) run_id=run_000001a0e894a446_0001fc session_id=sess_local_alpha events=run_000001a0e894a446_0001fc-done input_chars=17
2026-09-28T15:14:10.633586Z  INFO lingxi_service::sessions: run committed and published (post-commit) run_id=run_000001a0e894a446_0001fd session_id=sess_local_alpha events=run_000001a0e894a446_0001fd-done input_chars=17
2026-09-28T15:14:10.633906Z  INFO lingxi_service::sessions: run committed and published (post-commit) run_id=run_000001a0e894a446_0001fe session_id=sess_local_alpha events=run_000001a0e894a446_0001fe-done input_chars=17
2026-09-28T15:14:10.634022Z  INFO lingxi_service::sessions: run committed and published (post-commit) run_id=run_000001a0e894a447_0001ff session_id=sess_local_alpha events=run_000001a0e894a447_0001ff-done input_chars=17
2026-09-28T15:14:10.634398Z  INFO lingxi_service::sessions: run committed and published (post-commit) run_id=run_000001a0e894a447_000200 session_id=sess_local_alpha events=run_000001a0e894a447_000200-done input_chars=17
2026-09-28T15:14:10.634530Z  INFO lingxi_service::sessions: run committed and published (post-commit) run_id=run_000001a0e894a447_000201 session_id=sess_local_alpha events=run_000001a0e894a447_000201-done input_chars=17
2026-09-28T15:14:10.635356Z  INFO lingxi_service: request handled request_id=req-7c4404d6139eddc87e65fc7b09f08bed method=POST path=/lingxi/v1/sessions/sess_local_alpha/execute status=200
2026-09-28T15:14:10.635394Z  INFO lingxi_service: request handled request_id=req-7bd86c2ab86002015e5466f925ed09f2 method=POST path=/lingxi/v1/sessions/sess_local_alpha/execute status=200
2026-09-28T15:14:10.635520Z  INFO lingxi_service::sessions: run committed and published (post-commit) run_id=run_000001a0e894a447_000202 session_id=sess_local_alpha events=run_000001a0e894a447_000202-done input_chars=17
2026-09-28T15:14:10.635563Z  INFO lingxi_service: request handled request_id=req-4985ab48f81490ad3678a260ae1af17f method=POST path=/lingxi/v1/sessions/sess_local_alpha/execute status=200
2026-09-28T15:14:10.635613Z  INFO lingxi_service: request handled request_id=req-878cb88807c9beba5f156dbd5ef198be method=POST path=/lingxi/v1/sessions/sess_local_alpha/execute status=200
2026-09-28T15:14:10.635720Z  INFO lingxi_service::sessions: run committed and published (post-commit) run_id=run_000001a0e894a447_000203 session_id=sess_local_alpha events=run_000001a0e894a447_000203-done input_chars=17
2026-09-28T15:14:10.636822Z  INFO lingxi_service: request handled request_id=req-c3e93123671bb8c8999da08b4f25c92b method=POST path=/lingxi/v1/sessions/sess_local_alpha/execute status=200
2026-09-28T15:14:10.637038Z  INFO lingxi_service: request handled request_id=req-41f439b9a72114dc95edafdfa25f62db method=POST path=/lingxi/v1/sessions/sess_local_alpha/execute status=200
2026-09-28T15:14:10.637141Z  INFO lingxi_service::sessions: run committed and published (post-commit) run_id=run_000001a0e894a447_000204 session_id=sess_local_alpha events=run_000001a0e894a447_000204-done input_chars=17
2026-09-28T15:14:10.637269Z  INFO lingxi_service::sessions: run committed and published (post-commit) run_id=run_000001a0e894a447_000205 session_id=sess_local_alpha events=run_000001a0e894a447_000205-done input_chars=17
2026-09-28T15:14:10.637707Z  INFO lingxi_service::sessions: run committed and published (post-commit) run_id=run_000001a0e894a448_000206 session_id=sess_local_alpha events=run_000001a0e894a448_000206-done input_chars=17
2026-09-28T15:14:10.637818Z  INFO lingxi_service::sessions: run committed and published (post-commit) run_id=run_000001a0e894a448_000207 session_id=sess_local_alpha events=run_000001a0e894a448_000207-done input_chars=17
2026-09-28T15:14:10.637865Z  INFO lingxi_service: request handled request_id=req-473431c11acd2423ee7c56067ddffeb9 method=POST path=/lingxi/v1/sessions/sess_local_alpha/execute status=200
2026-09-28T15:14:10.637896Z  INFO lingxi_service: request handled request_id=req-4e35b62a5a309fad5c30ac4e17b3337a method=POST path=/lingxi/v1/sessions/sess_local_alpha/execute status=200
2026-09-28T15:14:10.638004Z  INFO lingxi_service::sessions: run committed and published (post-commit) run_id=run_000001a0e894a448_000208 session_id=sess_local_alpha events=run_000001a0e894a448_000208-done input_chars=17
2026-09-28T15:14:10.638113Z  INFO lingxi_service::sessions: run committed and published (post-commit) run_id=run_000001a0e894a448_000209 session_id=sess_local_alpha events=run_000001a0e894a448_000209-done input_chars=17
2026-09-28T15:14:10.638222Z  INFO lingxi_service::sessions: run committed and published (post-commit) run_id=run_000001a0e894a448_00020a session_id=sess_local_alpha events=run_000001a0e894a448_00020a-done input_chars=17
2026-09-28T15:14:10.638333Z  INFO lingxi_service::sessions: run committed and published (post-commit) run_id=run_000001a0e894a448_00020b session_id=sess_local_alpha events=run_000001a0e894a448_00020b-done input_chars=17
2026-09-28T15:14:10.638440Z  INFO lingxi_service::sessions: run committed and published (post-commit) run_id=run_000001a0e894a448_00020c session_id=sess_local_alpha events=run_000001a0e894a448_00020c-done input_chars=17
2026-09-28T15:14:10.638554Z  INFO lingxi_service::sessions: run committed and published (post-commit) run_id=run_000001a0e894a449_00020d session_id=sess_local_alpha events=run_000001a0e894a449_00020d-done input_chars=17
2026-09-28T15:14:10.638662Z  INFO lingxi_service::sessions: run committed and published (post-commit) run_id=run_000001a0e894a449_00020e session_id=sess_local_alpha events=run_000001a0e894a449_00020e-done input_chars=17
2026-09-28T15:14:10.638705Z  INFO lingxi_service: request handled request_id=req-438f399af43e0d74d6c8c20f0dffb116 method=POST path=/lingxi/v1/sessions/sess_local_alpha/execute status=200
2026-09-28T15:14:10.638757Z  INFO lingxi_service: request handled request_id=req-e98ce33edea9f6b0bf017b133c55130f method=POST path=/lingxi/v1/sessions/sess_local_alpha/execute status=200
2026-09-28T15:14:10.638927Z  INFO lingxi_service::sessions: run committed and published (post-commit) run_id=run_000001a0e894a449_00020f session_id=sess_local_alpha events=run_000001a0e894a449_00020f-done input_chars=17
2026-09-28T15:14:10.639121Z  INFO lingxi_service::sessions: run committed and published (post-commit) run_id=run_000001a0e894a449_000210 session_id=sess_local_alpha events=run_000001a0e894a449_000210-done input_chars=17
2026-09-28T15:14:10.639166Z  INFO lingxi_service: request handled request_id=req-f98a8550ee13c2b7ffaea712424dad81 method=POST path=/lingxi/v1/sessions/sess_local_alpha/execute status=200
2026-09-28T15:14:10.639229Z  INFO lingxi_service: request handled request_id=req-9700ca90f4269bf3aafb9d75e1802536 method=POST path=/lingxi/v1/sessions/sess_local_alpha/execute status=200
2026-09-28T15:14:10.639270Z  INFO lingxi_service: request handled request_id=req-fe3db9cb1ea4b789799951f8ae8330ea method=POST path=/lingxi/v1/sessions/sess_local_alpha/execute status=200
2026-09-28T15:14:10.639299Z  INFO lingxi_service: request handled request_id=req-c11b1f5cf55b6706c3ea4d837f8a6b8d method=POST path=/lingxi/v1/sessions/sess_local_alpha/execute status=200
2026-09-28T15:14:10.639333Z  INFO lingxi_service: request handled request_id=req-97cfed967079570407c403dfd61b1ae2 method=POST path=/lingxi/v1/sessions/sess_local_alpha/execute status=200
2026-09-28T15:14:10.639387Z  INFO lingxi_service: request handled request_id=req-80b8a98f6b5f92ddccee2abdb7342aef method=POST path=/lingxi/v1/sessions/sess_local_alpha/execute status=200
2026-09-28T15:14:10.639433Z  INFO lingxi_service: request handled request_id=req-287c84e53b36f2aff309405be5e65f7c method=POST path=/lingxi/v1/sessions/sess_local_alpha/execute status=200
2026-09-28T15:14:10.639444Z  INFO lingxi_service: request handled request_id=req-d2e667ebc22db0af895b388b49740000 method=POST path=/lingxi/v1/sessions/sess_local_alpha/execute status=200
2026-09-28T15:14:10.639479Z  INFO lingxi_service: request handled request_id=req-3725ba7397b20b1deb6fdee010f06603 method=POST path=/lingxi/v1/sessions/sess_local_alpha/execute status=200
2026-09-28T15:14:10.639514Z  INFO lingxi_service: request handled request_id=req-8bef2e0e7f662c7d303fb96bcd1eb4d2 method=POST path=/lingxi/v1/sessions/sess_local_alpha/execute status=200
2026-09-28T15:14:10.639554Z  INFO lingxi_service: request handled request_id=req-71c9e8bbd86d4548c6a778f99d22aa16 method=POST path=/lingxi/v1/sessions/sess_local_alpha/execute status=200
2026-09-28T15:14:10.641313Z  INFO lingxi_service::sessions: run committed and published (post-commit) run_id=run_000001a0e894a450_000211 session_id=sess_local_alpha events=run_000001a0e894a450_000211-done input_chars=17
2026-09-28T15:14:10.642580Z  INFO lingxi_service: request handled request_id=req-89f873b2cdbc7cbe66d312a9485b6b4b method=POST path=/lingxi/v1/sessions/sess_local_alpha/execute status=200
2026-09-28T15:14:10.642734Z  INFO lingxi_service::sessions: run committed and published (post-commit) run_id=run_000001a0e894a450_000212 session_id=sess_local_alpha events=run_000001a0e894a450_000212-done input_chars=17
2026-09-28T15:14:10.642928Z  INFO lingxi_service::sessions: run committed and published (post-commit) run_id=run_000001a0e894a450_000213 session_id=sess_local_alpha events=run_000001a0e894a450_000213-done input_chars=17
2026-09-28T15:14:10.643118Z  INFO lingxi_service::sessions: run committed and published (post-commit) run_id=run_000001a0e894a450_000214 session_id=sess_local_alpha events=run_000001a0e894a450_000214-done input_chars=17
2026-09-28T15:14:10.643291Z  INFO lingxi_service::sessions: run committed and published (post-commit) run_id=run_000001a0e894a450_000215 session_id=sess_local_alpha events=run_000001a0e894a450_000215-done input_chars=17
2026-09-28T15:14:10.643442Z  INFO lingxi_service::sessions: run committed and published (post-commit) run_id=run_000001a0e894a450_000216 session_id=sess_local_alpha events=run_000001a0e894a450_000216-done input_chars=17
2026-09-28T15:14:10.643613Z  INFO lingxi_service::sessions: run committed and published (post-commit) run_id=run_000001a0e894a451_000217 session_id=sess_local_alpha events=run_000001a0e894a451_000217-done input_chars=17
2026-09-28T15:14:10.644188Z  INFO lingxi_service: request handled request_id=req-3f60bf72c5f7b14677a1e2f938f6f8b2 method=POST path=/lingxi/v1/sessions/sess_local_alpha/execute status=200
2026-09-28T15:14:10.644275Z  INFO lingxi_service: request handled request_id=req-12c9d8a464f4a8dc5f42d667d2343acb method=POST path=/lingxi/v1/sessions/sess_local_alpha/execute status=200
2026-09-28T15:14:10.644808Z  INFO lingxi_service: request handled request_id=req-ef5fe9a24d4c22986e13979c1d588332 method=POST path=/lingxi/v1/sessions/sess_local_alpha/execute status=200
2026-09-28T15:14:10.645029Z  INFO lingxi_service: request handled request_id=req-b1f5aa3d02d1bd6a5f5aaee248c0f69a method=POST path=/lingxi/v1/sessions/sess_local_alpha/execute status=200
2026-09-28T15:14:10.645105Z  INFO lingxi_service: request handled request_id=req-45df75c02d5a52069077dca7f5e0e014 method=POST path=/lingxi/v1/sessions/sess_local_alpha/execute status=200
2026-09-28T15:14:10.645149Z  INFO lingxi_service: request handled request_id=req-08d89711d214e8edd8fb808bd195d63a method=POST path=/lingxi/v1/sessions/sess_local_alpha/execute status=200
2026-09-28T15:14:10.645319Z  INFO lingxi_service::sessions: run committed and published (post-commit) run_id=run_000001a0e894a451_000218 session_id=sess_local_alpha events=run_000001a0e894a451_000218-done input_chars=17
2026-09-28T15:14:10.645429Z  INFO lingxi_service::sessions: run committed and published (post-commit) run_id=run_000001a0e894a451_000219 session_id=sess_local_alpha events=run_000001a0e894a451_000219-done input_chars=17
2026-09-28T15:14:10.645543Z  INFO lingxi_service::sessions: run committed and published (post-commit) run_id=run_000001a0e894a451_00021a session_id=sess_local_alpha events=run_000001a0e894a451_00021a-done input_chars=17
2026-09-28T15:14:10.646491Z  INFO lingxi_service::sessions: run committed and published (post-commit) run_id=run_000001a0e894a451_00021b session_id=sess_local_alpha events=run_000001a0e894a451_00021b-done input_chars=17
2026-09-28T15:14:10.646645Z  INFO lingxi_service::sessions: run committed and published (post-commit) run_id=run_000001a0e894a452_00021c session_id=sess_local_alpha events=run_000001a0e894a452_00021c-done input_chars=17
2026-09-28T15:14:10.646808Z  INFO lingxi_service::sessions: run committed and published (post-commit) run_id=run_000001a0e894a452_00021d session_id=sess_local_alpha events=run_000001a0e894a452_00021d-done input_chars=17
2026-09-28T15:14:10.646956Z  INFO lingxi_service::sessions: run committed and published (post-commit) run_id=run_000001a0e894a452_00021e session_id=sess_local_alpha events=run_000001a0e894a452_00021e-done input_chars=17
2026-09-28T15:14:10.647829Z  INFO lingxi_service: request handled request_id=req-6fa59deb1f988d2e2f797b3a1aa32fd5 method=POST path=/lingxi/v1/sessions/sess_local_alpha/execute status=200
2026-09-28T15:14:10.647863Z  INFO lingxi_service: request handled request_id=req-fa390c9f39056fd941b47400c8ea6ec3 method=POST path=/lingxi/v1/sessions/sess_local_alpha/execute status=200
2026-09-28T15:14:10.647903Z  INFO lingxi_service: request handled request_id=req-0510e4914ccba5447f092a6a44f483f8 method=POST path=/lingxi/v1/sessions/sess_local_alpha/execute status=200
2026-09-28T15:14:10.648017Z  INFO lingxi_service::sessions: run committed and published (post-commit) run_id=run_000001a0e894a452_00021f session_id=sess_local_alpha events=run_000001a0e894a452_00021f-done input_chars=17
2026-09-28T15:14:10.648154Z  INFO lingxi_service::sessions: run committed and published (post-commit) run_id=run_000001a0e894a452_000220 session_id=sess_local_alpha events=run_000001a0e894a452_000220-done input_chars=17
2026-09-28T15:14:10.648279Z  INFO lingxi_service::sessions: run committed and published (post-commit) run_id=run_000001a0e894a452_000221 session_id=sess_local_alpha events=run_000001a0e894a452_000221-done input_chars=17
2026-09-28T15:14:10.648391Z  INFO lingxi_service::sessions: run committed and published (post-commit) run_id=run_000001a0e894a453_000222 session_id=sess_local_alpha events=run_000001a0e894a453_000222-done input_chars=17
2026-09-28T15:14:10.648515Z  INFO lingxi_service::sessions: run committed and published (post-commit) run_id=run_000001a0e894a453_000223 session_id=sess_local_alpha events=run_000001a0e894a453_000223-done input_chars=17
2026-09-28T15:14:10.648561Z  INFO lingxi_service: request handled request_id=req-4f3a8bff91f93ae726f592b932844a3d method=POST path=/lingxi/v1/sessions/sess_local_alpha/execute status=200
2026-09-28T15:14:10.648595Z  INFO lingxi_service: request handled request_id=req-90005e6cdc9397a92869681a242d5992 method=POST path=/lingxi/v1/sessions/sess_local_alpha/execute status=200
2026-09-28T15:14:10.648629Z  INFO lingxi_service: request handled request_id=req-34edc601788db86eaa9afac5ca318d91 method=POST path=/lingxi/v1/sessions/sess_local_alpha/execute status=200
2026-09-28T15:14:10.648665Z  INFO lingxi_service: request handled request_id=req-e109b607f259198ecea79f50d4ca7091 method=POST path=/lingxi/v1/sessions/sess_local_alpha/execute status=200
2026-09-28T15:14:10.648825Z  INFO lingxi_service::sessions: run committed and published (post-commit) run_id=run_000001a0e894a453_000224 session_id=sess_local_alpha events=run_000001a0e894a453_000224-done input_chars=17
2026-09-28T15:14:10.648970Z  INFO lingxi_service::sessions: run committed and published (post-commit) run_id=run_000001a0e894a453_000225 session_id=sess_local_alpha events=run_000001a0e894a453_000225-done input_chars=17
2026-09-28T15:14:10.649103Z  INFO lingxi_service::sessions: run committed and published (post-commit) run_id=run_000001a0e894a453_000226 session_id=sess_local_alpha events=run_000001a0e894a453_000226-done input_chars=17
2026-09-28T15:14:10.649209Z  INFO lingxi_service::sessions: run committed and published (post-commit) run_id=run_000001a0e894a453_000227 session_id=sess_local_alpha events=run_000001a0e894a453_000227-done input_chars=17
2026-09-28T15:14:10.649319Z  INFO lingxi_service::sessions: run committed and published (post-commit) run_id=run_000001a0e894a453_000228 session_id=sess_local_alpha events=run_000001a0e894a453_000228-done input_chars=17
2026-09-28T15:14:10.649384Z  INFO lingxi_service: request handled request_id=req-775a3457353ba474a62095e06f87f7b9 method=POST path=/lingxi/v1/sessions/sess_local_alpha/execute status=200
2026-09-28T15:14:10.649421Z  INFO lingxi_service: request handled request_id=req-c8ea2c57472ecccf4d89b45edfd6e9c9 method=POST path=/lingxi/v1/sessions/sess_local_alpha/execute status=200
2026-09-28T15:14:10.649463Z  INFO lingxi_service: request handled request_id=req-f10beb500fc10817a83a88ee92d08958 method=POST path=/lingxi/v1/sessions/sess_local_alpha/execute status=200
2026-09-28T15:14:10.649591Z  INFO lingxi_service: request handled request_id=req-838cdc5950d485a33391dee4602520ca method=POST path=/lingxi/v1/sessions/sess_local_alpha/execute status=200
2026-09-28T15:14:10.649601Z  INFO lingxi_service: request handled request_id=req-47dfc6a4a5c69be3df68ea434885956b method=POST path=/lingxi/v1/sessions/sess_local_alpha/execute status=200
2026-09-28T15:14:10.649588Z  INFO lingxi_service: request handled request_id=req-276c8a6886ba7e64273925a4572282e9 method=POST path=/lingxi/v1/sessions/sess_local_alpha/execute status=200
2026-09-28T15:14:10.649656Z  INFO lingxi_service: request handled request_id=req-215cd51fbec8442e2defa9a4d6b72509 method=POST path=/lingxi/v1/sessions/sess_local_alpha/execute status=200
2026-09-28T15:14:10.649683Z  INFO lingxi_service: request handled request_id=req-0f09523681537c6b1944d4cc18aeee46 method=POST path=/lingxi/v1/sessions/sess_local_alpha/execute status=200
2026-09-28T15:14:10.649707Z  INFO lingxi_service: request handled request_id=req-08016690a1c5872a491297121c1705db method=POST path=/lingxi/v1/sessions/sess_local_alpha/execute status=200
2026-09-28T15:14:10.649769Z  INFO lingxi_service: request handled request_id=req-e5f24fc01f1d106f2976109c5f628590 method=POST path=/lingxi/v1/sessions/sess_local_alpha/execute status=200
2026-09-28T15:14:10.651152Z  INFO lingxi_service::sessions: run committed and published (post-commit) run_id=run_000001a0e894a45a_000229 session_id=sess_local_alpha events=run_000001a0e894a45a_000229-done input_chars=17
2026-09-28T15:14:10.651506Z  INFO lingxi_service: request handled request_id=req-10cd853c408d7300b41dc030148c5c57 method=POST path=/lingxi/v1/sessions/sess_local_alpha/execute status=200
2026-09-28T15:14:10.651671Z  INFO lingxi_service::sessions: run committed and published (post-commit) run_id=run_000001a0e894a45a_00022a session_id=sess_local_alpha events=run_000001a0e894a45a_00022a-done input_chars=17
2026-09-28T15:14:10.652434Z  INFO lingxi_service: request handled request_id=req-7214fb8a1cc432b7009edfad42661952 method=POST path=/lingxi/v1/sessions/sess_local_alpha/execute status=200
2026-09-28T15:14:10.652597Z  INFO lingxi_service::sessions: run committed and published (post-commit) run_id=run_000001a0e894a45a_00022b session_id=sess_local_alpha events=run_000001a0e894a45a_00022b-done input_chars=17
2026-09-28T15:14:10.652726Z  INFO lingxi_service::sessions: run committed and published (post-commit) run_id=run_000001a0e894a45b_00022c session_id=sess_local_alpha events=run_000001a0e894a45b_00022c-done input_chars=17
2026-09-28T15:14:10.652891Z  INFO lingxi_service::sessions: run committed and published (post-commit) run_id=run_000001a0e894a45b_00022d session_id=sess_local_alpha events=run_000001a0e894a45b_00022d-done input_chars=17
2026-09-28T15:14:10.653311Z  INFO lingxi_service::sessions: run committed and published (post-commit) run_id=run_000001a0e894a45b_00022e session_id=sess_local_alpha events=run_000001a0e894a45b_00022e-done input_chars=17
2026-09-28T15:14:10.653863Z  INFO lingxi_service: request handled request_id=req-5fc753d4a9c37dedb64d19313e60bda1 method=POST path=/lingxi/v1/sessions/sess_local_alpha/execute status=200
2026-09-28T15:14:10.654783Z  INFO lingxi_service: request handled request_id=req-604499f7e9598ebed969c345fab29968 method=POST path=/lingxi/v1/sessions/sess_local_alpha/execute status=200
2026-09-28T15:14:10.654813Z  INFO lingxi_service: request handled request_id=req-4b43dbcf1acdf8c34819977f266efa34 method=POST path=/lingxi/v1/sessions/sess_local_alpha/execute status=200
2026-09-28T15:14:10.655162Z  INFO lingxi_service::sessions: run committed and published (post-commit) run_id=run_000001a0e894a45b_00022f session_id=sess_local_alpha events=run_000001a0e894a45b_00022f-done input_chars=17
2026-09-28T15:14:10.655227Z  INFO lingxi_service: request handled request_id=req-e12e60e98a71941e3cc934edb1a8de98 method=POST path=/lingxi/v1/sessions/sess_local_alpha/execute status=200
2026-09-28T15:14:10.655337Z  INFO lingxi_service::sessions: run committed and published (post-commit) run_id=run_000001a0e894a45b_000230 session_id=sess_local_alpha events=run_000001a0e894a45b_000230-done input_chars=17
2026-09-28T15:14:10.655512Z  INFO lingxi_service::sessions: run committed and published (post-commit) run_id=run_000001a0e894a45b_000231 session_id=sess_local_alpha events=run_000001a0e894a45b_000231-done input_chars=17
2026-09-28T15:14:10.656182Z  INFO lingxi_service::sessions: run committed and published (post-commit) run_id=run_000001a0e894a45c_000232 session_id=sess_local_alpha events=run_000001a0e894a45c_000232-done input_chars=17
2026-09-28T15:14:10.656367Z  INFO lingxi_service::sessions: run committed and published (post-commit) run_id=run_000001a0e894a45c_000233 session_id=sess_local_alpha events=run_000001a0e894a45c_000233-done input_chars=17
2026-09-28T15:14:10.656724Z  INFO lingxi_service::sessions: run committed and published (post-commit) run_id=run_000001a0e894a45c_000234 session_id=sess_local_alpha events=run_000001a0e894a45c_000234-done input_chars=17
2026-09-28T15:14:10.657192Z  INFO lingxi_service: request handled request_id=req-d4327137a73804c3a97d3eedc00be131 method=POST path=/lingxi/v1/sessions/sess_local_alpha/execute status=200
2026-09-28T15:14:10.657644Z  INFO lingxi_service: request handled request_id=req-6ea81cd0b0992a3a306c918e160442d5 method=POST path=/lingxi/v1/sessions/sess_local_alpha/execute status=200
2026-09-28T15:14:10.657682Z  INFO lingxi_service: request handled request_id=req-0f4e9e08b6ebe58d0b1b6f57c8b0e107 method=POST path=/lingxi/v1/sessions/sess_local_alpha/execute status=200
2026-09-28T15:14:10.657789Z  INFO lingxi_service::sessions: run committed and published (post-commit) run_id=run_000001a0e894a45c_000235 session_id=sess_local_alpha events=run_000001a0e894a45c_000235-done input_chars=17
2026-09-28T15:14:10.657911Z  INFO lingxi_service::sessions: run committed and published (post-commit) run_id=run_000001a0e894a45c_000236 session_id=sess_local_alpha events=run_000001a0e894a45c_000236-done input_chars=17
2026-09-28T15:14:10.658020Z  INFO lingxi_service::sessions: run committed and published (post-commit) run_id=run_000001a0e894a45c_000237 session_id=sess_local_alpha events=run_000001a0e894a45c_000237-done input_chars=17
2026-09-28T15:14:10.658698Z  INFO lingxi_service: request handled request_id=req-79ef442c9fe9fa88ae9bf8eba3967026 method=POST path=/lingxi/v1/sessions/sess_local_alpha/execute status=200
2026-09-28T15:14:10.658735Z  INFO lingxi_service: request handled request_id=req-f3b35b2cf50137851bab6a9b7a54bfab method=POST path=/lingxi/v1/sessions/sess_local_alpha/execute status=200
2026-09-28T15:14:10.658842Z  INFO lingxi_service::sessions: run committed and published (post-commit) run_id=run_000001a0e894a45d_000238 session_id=sess_local_alpha events=run_000001a0e894a45d_000238-done input_chars=17
2026-09-28T15:14:10.658885Z  INFO lingxi_service: request handled request_id=req-190726fef715d8b49230396d78cc6f8c method=POST path=/lingxi/v1/sessions/sess_local_alpha/execute status=200
2026-09-28T15:14:10.658997Z  INFO lingxi_service::sessions: run committed and published (post-commit) run_id=run_000001a0e894a45d_000239 session_id=sess_local_alpha events=run_000001a0e894a45d_000239-done input_chars=17
2026-09-28T15:14:10.659109Z  INFO lingxi_service::sessions: run committed and published (post-commit) run_id=run_000001a0e894a45d_00023a session_id=sess_local_alpha events=run_000001a0e894a45d_00023a-done input_chars=17
2026-09-28T15:14:10.659218Z  INFO lingxi_service::sessions: run committed and published (post-commit) run_id=run_000001a0e894a45d_00023b session_id=sess_local_alpha events=run_000001a0e894a45d_00023b-done input_chars=17
2026-09-28T15:14:10.659350Z  INFO lingxi_service::sessions: run committed and published (post-commit) run_id=run_000001a0e894a45d_00023c session_id=sess_local_alpha events=run_000001a0e894a45d_00023c-done input_chars=17
2026-09-28T15:14:10.659408Z  INFO lingxi_service: request handled request_id=req-79d15f6405ac8c22617d70ecf4f9f476 method=POST path=/lingxi/v1/sessions/sess_local_alpha/execute status=200
2026-09-28T15:14:10.659455Z  INFO lingxi_service: request handled request_id=req-bb3ae1edcbb0419b4a84d8597f86366c method=POST path=/lingxi/v1/sessions/sess_local_alpha/execute status=200
2026-09-28T15:14:10.659493Z  INFO lingxi_service: request handled request_id=req-923eb0e4e6ba2484eef84b841111fc8a method=POST path=/lingxi/v1/sessions/sess_local_alpha/execute status=200
2026-09-28T15:14:10.659672Z  INFO lingxi_service::sessions: run committed and published (post-commit) run_id=run_000001a0e894a45d_00023d session_id=sess_local_alpha events=run_000001a0e894a45d_00023d-done input_chars=17
2026-09-28T15:14:10.659833Z  INFO lingxi_service::sessions: run committed and published (post-commit) run_id=run_000001a0e894a45d_00023e session_id=sess_local_alpha events=run_000001a0e894a45d_00023e-done input_chars=17
2026-09-28T15:14:10.659999Z  INFO lingxi_service::sessions: run committed and published (post-commit) run_id=run_000001a0e894a45d_00023f session_id=sess_local_alpha events=run_000001a0e894a45d_00023f-done input_chars=17
2026-09-28T15:14:10.660158Z  INFO lingxi_service::sessions: run committed and published (post-commit) run_id=run_000001a0e894a45d_000240 session_id=sess_local_alpha events=run_000001a0e894a45d_000240-done input_chars=17
2026-09-28T15:14:10.660215Z  INFO lingxi_service: request handled request_id=req-53ce4f80b62bde1226d223d341060080 method=POST path=/lingxi/v1/sessions/sess_local_alpha/execute status=200
2026-09-28T15:14:10.660245Z  INFO lingxi_service: request handled request_id=req-ed50c881d7ab965d1a20da75d94ea169 method=POST path=/lingxi/v1/sessions/sess_local_alpha/execute status=200
2026-09-28T15:14:10.660276Z  INFO lingxi_service: request handled request_id=req-1f8007864c623dca2f0ce9261ab61225 method=POST path=/lingxi/v1/sessions/sess_local_alpha/execute status=200
2026-09-28T15:14:10.660325Z  INFO lingxi_service: request handled request_id=req-a14a7a6567329baa92ce41ccb7cf5d19 method=POST path=/lingxi/v1/sessions/sess_local_alpha/execute status=200
2026-09-28T15:14:10.660352Z  INFO lingxi_service: request handled request_id=req-30704b5296849a76f151b1cf1efa1dc8 method=POST path=/lingxi/v1/sessions/sess_local_alpha/execute status=200
2026-09-28T15:14:10.660397Z  INFO lingxi_service: request handled request_id=req-4c5194d179b51a5d09edccb2752c5256 method=POST path=/lingxi/v1/sessions/sess_local_alpha/execute status=200
2026-09-28T15:14:10.660433Z  INFO lingxi_service: request handled request_id=req-cc5563b3435d60b05eedbf1729702a2f method=POST path=/lingxi/v1/sessions/sess_local_alpha/execute status=200
2026-09-28T15:14:10.660467Z  INFO lingxi_service: request handled request_id=req-1a021fc194dba769a33644a9467e98a5 method=POST path=/lingxi/v1/sessions/sess_local_alpha/execute status=200
2026-09-28T15:14:10.660508Z  INFO lingxi_service: request handled request_id=req-1bda87aeb68c0f5a95250b5be5663760 method=POST path=/lingxi/v1/sessions/sess_local_alpha/execute status=200
2026-09-28T15:14:10.662146Z  INFO lingxi_service::sessions: run committed and published (post-commit) run_id=run_000001a0e894a465_000241 session_id=sess_local_alpha events=run_000001a0e894a465_000241-done input_chars=17
2026-09-28T15:14:10.662463Z  INFO lingxi_service::sessions: run committed and published (post-commit) run_id=run_000001a0e894a465_000242 session_id=sess_local_alpha events=run_000001a0e894a465_000242-done input_chars=17
2026-09-28T15:14:10.663156Z  INFO lingxi_service: request handled request_id=req-1b40abe3b932da301c2d8d7e82264c22 method=POST path=/lingxi/v1/sessions/sess_local_alpha/execute status=200
2026-09-28T15:14:10.663324Z  INFO lingxi_service::sessions: run committed and published (post-commit) run_id=run_000001a0e894a465_000243 session_id=sess_local_alpha events=run_000001a0e894a465_000243-done input_chars=17
2026-09-28T15:14:10.663440Z  INFO lingxi_service: request handled request_id=req-c4676f1c844352a449fb1461ea935a43 method=POST path=/lingxi/v1/sessions/sess_local_alpha/execute status=200
2026-09-28T15:14:10.663621Z  INFO lingxi_service::sessions: run committed and published (post-commit) run_id=run_000001a0e894a465_000244 session_id=sess_local_alpha events=run_000001a0e894a465_000244-done input_chars=17
2026-09-28T15:14:10.663807Z  INFO lingxi_service::sessions: run committed and published (post-commit) run_id=run_000001a0e894a465_000245 session_id=sess_local_alpha events=run_000001a0e894a465_000245-done input_chars=17
2026-09-28T15:14:10.663931Z  INFO lingxi_service::sessions: run committed and published (post-commit) run_id=run_000001a0e894a465_000246 session_id=sess_local_alpha events=run_000001a0e894a465_000246-done input_chars=17
2026-09-28T15:14:10.664718Z  INFO lingxi_service: request handled request_id=req-038cfb8372a6aed22f408c24e8f7fc20 method=POST path=/lingxi/v1/sessions/sess_local_alpha/execute status=200
2026-09-28T15:14:10.665290Z  INFO lingxi_service: request handled request_id=req-c3770d73d130339ddfc08359338f8b43 method=POST path=/lingxi/v1/sessions/sess_local_alpha/execute status=200
2026-09-28T15:14:10.665338Z  INFO lingxi_service: request handled request_id=req-cf951acbf3301c780a17313e9d6d9c7e method=POST path=/lingxi/v1/sessions/sess_local_alpha/execute status=200
2026-09-28T15:14:10.665397Z  INFO lingxi_service: request handled request_id=req-2fff0c92daa22c8e9be0f78ddf673a77 method=POST path=/lingxi/v1/sessions/sess_local_alpha/execute status=200
2026-09-28T15:14:10.665508Z  INFO lingxi_service::sessions: run committed and published (post-commit) run_id=run_000001a0e894a466_000247 session_id=sess_local_alpha events=run_000001a0e894a466_000247-done input_chars=17
2026-09-28T15:14:10.665778Z  INFO lingxi_service::sessions: run committed and published (post-commit) run_id=run_000001a0e894a466_000248 session_id=sess_local_alpha events=run_000001a0e894a466_000248-done input_chars=17
2026-09-28T15:14:10.665909Z  INFO lingxi_service::sessions: run committed and published (post-commit) run_id=run_000001a0e894a466_000249 session_id=sess_local_alpha events=run_000001a0e894a466_000249-done input_chars=17
2026-09-28T15:14:10.666068Z  INFO lingxi_service::sessions: run committed and published (post-commit) run_id=run_000001a0e894a466_00024a session_id=sess_local_alpha events=run_000001a0e894a466_00024a-done input_chars=17
2026-09-28T15:14:10.666240Z  INFO lingxi_service::sessions: run committed and published (post-commit) run_id=run_000001a0e894a466_00024b session_id=sess_local_alpha events=run_000001a0e894a466_00024b-done input_chars=17
2026-09-28T15:14:10.666387Z  INFO lingxi_service::sessions: run committed and published (post-commit) run_id=run_000001a0e894a466_00024c session_id=sess_local_alpha events=run_000001a0e894a466_00024c-done input_chars=17
2026-09-28T15:14:10.666568Z  INFO lingxi_service::sessions: run committed and published (post-commit) run_id=run_000001a0e894a466_00024d session_id=sess_local_alpha events=run_000001a0e894a466_00024d-done input_chars=17
2026-09-28T15:14:10.667406Z  INFO lingxi_service: request handled request_id=req-7903e3e5f412fd7162a6ca6db7dd9a1c method=POST path=/lingxi/v1/sessions/sess_local_alpha/execute status=200
2026-09-28T15:14:10.667549Z  INFO lingxi_service::sessions: run committed and published (post-commit) run_id=run_000001a0e894a467_00024e session_id=sess_local_alpha events=run_000001a0e894a467_00024e-done input_chars=17
2026-09-28T15:14:10.668081Z  INFO lingxi_service: request handled request_id=req-abb94bda686d65b81dd060d7a1c4f8a1 method=POST path=/lingxi/v1/sessions/sess_local_alpha/execute status=200
2026-09-28T15:14:10.668617Z  INFO lingxi_service: request handled request_id=req-82acd6861d5133aa9a64666063745f4a method=POST path=/lingxi/v1/sessions/sess_local_alpha/execute status=200
2026-09-28T15:14:10.668656Z  INFO lingxi_service: request handled request_id=req-a0b4227910bd89c31b46752e1f5461fd method=POST path=/lingxi/v1/sessions/sess_local_alpha/execute status=200
2026-09-28T15:14:10.668696Z  INFO lingxi_service: request handled request_id=req-b925a3cebd107bbb20bd4990b2c0051a method=POST path=/lingxi/v1/sessions/sess_local_alpha/execute status=200
2026-09-28T15:14:10.668733Z  INFO lingxi_service: request handled request_id=req-837bb0bab37cf3c960c154b4320b4b50 method=POST path=/lingxi/v1/sessions/sess_local_alpha/execute status=200
2026-09-28T15:14:10.668785Z  INFO lingxi_service: request handled request_id=req-4be304b74644df5579b0ba9e21429c1b method=POST path=/lingxi/v1/sessions/sess_local_alpha/execute status=200
2026-09-28T15:14:10.668897Z  INFO lingxi_service::sessions: run committed and published (post-commit) run_id=run_000001a0e894a467_00024f session_id=sess_local_alpha events=run_000001a0e894a467_00024f-done input_chars=17
2026-09-28T15:14:10.669024Z  INFO lingxi_service::sessions: run committed and published (post-commit) run_id=run_000001a0e894a467_000250 session_id=sess_local_alpha events=run_000001a0e894a467_000250-done input_chars=17
2026-09-28T15:14:10.669128Z  INFO lingxi_service::sessions: run committed and published (post-commit) run_id=run_000001a0e894a467_000251 session_id=sess_local_alpha events=run_000001a0e894a467_000251-done input_chars=17
2026-09-28T15:14:10.669269Z  INFO lingxi_service::sessions: run committed and published (post-commit) run_id=run_000001a0e894a467_000252 session_id=sess_local_alpha events=run_000001a0e894a467_000252-done input_chars=17
2026-09-28T15:14:10.669320Z  INFO lingxi_service: request handled request_id=req-77da3d60ad7f0645534a57e8f2c76502 method=POST path=/lingxi/v1/sessions/sess_local_alpha/execute status=200
2026-09-28T15:14:10.669432Z  INFO lingxi_service::sessions: run committed and published (post-commit) run_id=run_000001a0e894a468_000253 session_id=sess_local_alpha events=run_000001a0e894a468_000253-done input_chars=17
2026-09-28T15:14:10.669609Z  INFO lingxi_service::sessions: run committed and published (post-commit) run_id=run_000001a0e894a468_000254 session_id=sess_local_alpha events=run_000001a0e894a468_000254-done input_chars=17
2026-09-28T15:14:10.669812Z  INFO lingxi_service::sessions: run committed and published (post-commit) run_id=run_000001a0e894a468_000255 session_id=sess_local_alpha events=run_000001a0e894a468_000255-done input_chars=17
2026-09-28T15:14:10.669942Z  INFO lingxi_service::sessions: run committed and published (post-commit) run_id=run_000001a0e894a468_000256 session_id=sess_local_alpha events=run_000001a0e894a468_000256-done input_chars=17
2026-09-28T15:14:10.670092Z  INFO lingxi_service::sessions: run committed and published (post-commit) run_id=run_000001a0e894a468_000257 session_id=sess_local_alpha events=run_000001a0e894a468_000257-done input_chars=17
2026-09-28T15:14:10.670219Z  INFO lingxi_service::sessions: run committed and published (post-commit) run_id=run_000001a0e894a468_000258 session_id=sess_local_alpha events=run_000001a0e894a468_000258-done input_chars=17
2026-09-28T15:14:10.670278Z  INFO lingxi_service: request handled request_id=req-c246f7cb7f579198140a6a656b4cc2bc method=POST path=/lingxi/v1/sessions/sess_local_alpha/execute status=200
2026-09-28T15:14:10.670311Z  INFO lingxi_service: request handled request_id=req-a8f8d7a0c3f33c754fff256603851752 method=POST path=/lingxi/v1/sessions/sess_local_alpha/execute status=200
2026-09-28T15:14:10.670354Z  INFO lingxi_service: request handled request_id=req-ce5b90cfd36eee9d84aec2bf7fa7dbd6 method=POST path=/lingxi/v1/sessions/sess_local_alpha/execute status=200
2026-09-28T15:14:10.670391Z  INFO lingxi_service: request handled request_id=req-d84d4a5a61d46511c3cc1d2e6995368c method=POST path=/lingxi/v1/sessions/sess_local_alpha/execute status=200
2026-09-28T15:14:10.670429Z  INFO lingxi_service: request handled request_id=req-d178392957db465181280a2534e80350 method=POST path=/lingxi/v1/sessions/sess_local_alpha/execute status=200
2026-09-28T15:14:10.670472Z  INFO lingxi_service: request handled request_id=req-aa72b063e2b3796e2a0409686514c6ac method=POST path=/lingxi/v1/sessions/sess_local_alpha/execute status=200
2026-09-28T15:14:10.670506Z  INFO lingxi_service: request handled request_id=req-787cb2a27efb39cb58a6e5a5525cf5cc method=POST path=/lingxi/v1/sessions/sess_local_alpha/execute status=200
2026-09-28T15:14:10.670548Z  INFO lingxi_service: request handled request_id=req-d76be95fbd83ccd806130c2edba7e289 method=POST path=/lingxi/v1/sessions/sess_local_alpha/execute status=200
2026-09-28T15:14:10.670586Z  INFO lingxi_service: request handled request_id=req-2e88765de73abed041e3ec8bf8541fc0 method=POST path=/lingxi/v1/sessions/sess_local_alpha/execute status=200
2026-09-28T15:14:10.670619Z  INFO lingxi_service: request handled request_id=req-e2305795275cf8bc2a33508b1cec44d0 method=POST path=/lingxi/v1/sessions/sess_local_alpha/execute status=200
2026-09-28T15:14:10.672003Z  INFO lingxi_service::sessions: run committed and published (post-commit) run_id=run_000001a0e894a46f_000259 session_id=sess_local_alpha events=run_000001a0e894a46f_000259-done input_chars=17
2026-09-28T15:14:10.672503Z  INFO lingxi_service: request handled request_id=req-99999267d93f652f383ce9db1542f9a1 method=POST path=/lingxi/v1/sessions/sess_local_alpha/execute status=200
2026-09-28T15:14:10.672662Z  INFO lingxi_service::sessions: run committed and published (post-commit) run_id=run_000001a0e894a46f_00025a session_id=sess_local_alpha events=run_000001a0e894a46f_00025a-done input_chars=17
2026-09-28T15:14:10.672879Z  INFO lingxi_service::sessions: run committed and published (post-commit) run_id=run_000001a0e894a46f_00025b session_id=sess_local_alpha events=run_000001a0e894a46f_00025b-done input_chars=17
2026-09-28T15:14:10.674113Z  INFO lingxi_service: request handled request_id=req-62912161ea2b0ff505fa27f5ad3611ff method=POST path=/lingxi/v1/sessions/sess_local_alpha/execute status=200
2026-09-28T15:14:10.674217Z  INFO lingxi_service: request handled request_id=req-bbb901642f72273b475da59973f0f542 method=POST path=/lingxi/v1/sessions/sess_local_alpha/execute status=200
2026-09-28T15:14:10.674371Z  INFO lingxi_service::sessions: run committed and published (post-commit) run_id=run_000001a0e894a46f_00025c session_id=sess_local_alpha events=run_000001a0e894a46f_00025c-done input_chars=17
2026-09-28T15:14:10.674534Z  INFO lingxi_service::sessions: run committed and published (post-commit) run_id=run_000001a0e894a46f_00025d session_id=sess_local_alpha events=run_000001a0e894a46f_00025d-done input_chars=17
2026-09-28T15:14:10.674701Z  INFO lingxi_service::sessions: run committed and published (post-commit) run_id=run_000001a0e894a470_00025e session_id=sess_local_alpha events=run_000001a0e894a470_00025e-done input_chars=17
2026-09-28T15:14:10.674830Z  INFO lingxi_service::sessions: run committed and published (post-commit) run_id=run_000001a0e894a470_00025f session_id=sess_local_alpha events=run_000001a0e894a470_00025f-done input_chars=17
2026-09-28T15:14:10.674944Z  INFO lingxi_service::sessions: run committed and published (post-commit) run_id=run_000001a0e894a470_000260 session_id=sess_local_alpha events=run_000001a0e894a470_000260-done input_chars=17
2026-09-28T15:14:10.675073Z  INFO lingxi_service::sessions: run committed and published (post-commit) run_id=run_000001a0e894a470_000261 session_id=sess_local_alpha events=run_000001a0e894a470_000261-done input_chars=17
2026-09-28T15:14:10.675620Z  INFO lingxi_service: request handled request_id=req-70092c316a2c478db0a7745cbbe6441f method=POST path=/lingxi/v1/sessions/sess_local_alpha/execute status=200
2026-09-28T15:14:10.675969Z  INFO lingxi_service: request handled request_id=req-ba36cbe4f65c863768ca5a7aeceec97f method=POST path=/lingxi/v1/sessions/sess_local_alpha/execute status=200
2026-09-28T15:14:10.676016Z  INFO lingxi_service: request handled request_id=req-0c43e31384c3ef67636c478c887d6dd1 method=POST path=/lingxi/v1/sessions/sess_local_alpha/execute status=200
2026-09-28T15:14:10.676097Z  INFO lingxi_service: request handled request_id=req-d1059b9843b0e40d7960d5040575600e method=POST path=/lingxi/v1/sessions/sess_local_alpha/execute status=200
2026-09-28T15:14:10.676332Z  INFO lingxi_service: request handled request_id=req-f80ad702ba8d4fb1387ad0a6d54ad48e method=POST path=/lingxi/v1/sessions/sess_local_alpha/execute status=200
2026-09-28T15:14:10.676794Z  INFO lingxi_service: request handled request_id=req-ae9deee8baff53cdbae6d32810038527 method=POST path=/lingxi/v1/sessions/sess_local_alpha/execute status=200
2026-09-28T15:14:10.676939Z  INFO lingxi_service::sessions: run committed and published (post-commit) run_id=run_000001a0e894a470_000262 session_id=sess_local_alpha events=run_000001a0e894a470_000262-done input_chars=17
2026-09-28T15:14:10.677080Z  INFO lingxi_service::sessions: run committed and published (post-commit) run_id=run_000001a0e894a470_000263 session_id=sess_local_alpha events=run_000001a0e894a470_000263-done input_chars=17
2026-09-28T15:14:10.677528Z  INFO lingxi_service::sessions: run committed and published (post-commit) run_id=run_000001a0e894a471_000264 session_id=sess_local_alpha events=run_000001a0e894a471_000264-done input_chars=17
2026-09-28T15:14:10.677644Z  INFO lingxi_service::sessions: run committed and published (post-commit) run_id=run_000001a0e894a471_000265 session_id=sess_local_alpha events=run_000001a0e894a471_000265-done input_chars=17
2026-09-28T15:14:10.678161Z  INFO lingxi_service::sessions: run committed and published (post-commit) run_id=run_000001a0e894a471_000266 session_id=sess_local_alpha events=run_000001a0e894a471_000266-done input_chars=17
2026-09-28T15:14:10.679001Z  INFO lingxi_service::sessions: run committed and published (post-commit) run_id=run_000001a0e894a472_000267 session_id=sess_local_alpha events=run_000001a0e894a472_000267-done input_chars=17
2026-09-28T15:14:10.679404Z  INFO lingxi_service::sessions: run committed and published (post-commit) run_id=run_000001a0e894a472_000268 session_id=sess_local_alpha events=run_000001a0e894a472_000268-done input_chars=17
2026-09-28T15:14:10.679587Z  INFO lingxi_service::sessions: run committed and published (post-commit) run_id=run_000001a0e894a472_000269 session_id=sess_local_alpha events=run_000001a0e894a472_000269-done input_chars=17
2026-09-28T15:14:10.679650Z  INFO lingxi_service: request handled request_id=req-5610bc2c16419683a85471cc00aa8762 method=POST path=/lingxi/v1/sessions/sess_local_alpha/execute status=200
2026-09-28T15:14:10.679696Z  INFO lingxi_service: request handled request_id=req-0ff8d3e56bbef8901b8e1996ae91a5e9 method=POST path=/lingxi/v1/sessions/sess_local_alpha/execute status=200
2026-09-28T15:14:10.679858Z  INFO lingxi_service::sessions: run committed and published (post-commit) run_id=run_000001a0e894a472_00026a session_id=sess_local_alpha events=run_000001a0e894a472_00026a-done input_chars=17
2026-09-28T15:14:10.680028Z  INFO lingxi_service::sessions: run committed and published (post-commit) run_id=run_000001a0e894a472_00026b session_id=sess_local_alpha events=run_000001a0e894a472_00026b-done input_chars=17
2026-09-28T15:14:10.680075Z  INFO lingxi_service: request handled request_id=req-f47a7e6f1679be2911b19e02766237fa method=POST path=/lingxi/v1/sessions/sess_local_alpha/execute status=200
2026-09-28T15:14:10.680116Z  INFO lingxi_service: request handled request_id=req-9467013bd63ae048c9babbc7c1628a30 method=POST path=/lingxi/v1/sessions/sess_local_alpha/execute status=200
2026-09-28T15:14:10.680151Z  INFO lingxi_service: request handled request_id=req-852b1351b0865aa19e9d98a7b4ff0b6a method=POST path=/lingxi/v1/sessions/sess_local_alpha/execute status=200
2026-09-28T15:14:10.680277Z  INFO lingxi_service::sessions: run committed and published (post-commit) run_id=run_000001a0e894a472_00026c session_id=sess_local_alpha events=run_000001a0e894a472_00026c-done input_chars=17
2026-09-28T15:14:10.680399Z  INFO lingxi_service::sessions: run committed and published (post-commit) run_id=run_000001a0e894a472_00026d session_id=sess_local_alpha events=run_000001a0e894a472_00026d-done input_chars=17
2026-09-28T15:14:10.680517Z  INFO lingxi_service::sessions: run committed and published (post-commit) run_id=run_000001a0e894a472_00026e session_id=sess_local_alpha events=run_000001a0e894a472_00026e-done input_chars=17
2026-09-28T15:14:10.680640Z  INFO lingxi_service::sessions: run committed and published (post-commit) run_id=run_000001a0e894a472_00026f session_id=sess_local_alpha events=run_000001a0e894a472_00026f-done input_chars=17
2026-09-28T15:14:10.680690Z  INFO lingxi_service: request handled request_id=req-1f846be9ad5f828716f9c6e936fd5f82 method=POST path=/lingxi/v1/sessions/sess_local_alpha/execute status=200
2026-09-28T15:14:10.680813Z  INFO lingxi_service::sessions: run committed and published (post-commit) run_id=run_000001a0e894a472_000270 session_id=sess_local_alpha events=run_000001a0e894a472_000270-done input_chars=17
2026-09-28T15:14:10.680866Z  INFO lingxi_service: request handled request_id=req-33ee4694c31b091e46e19cf6a07fe616 method=POST path=/lingxi/v1/sessions/sess_local_alpha/execute status=200
2026-09-28T15:14:10.680906Z  INFO lingxi_service: request handled request_id=req-42cf1972a7f03a8940cd02cdaa1e41b3 method=POST path=/lingxi/v1/sessions/sess_local_alpha/execute status=200
2026-09-28T15:14:10.680942Z  INFO lingxi_service: request handled request_id=req-2df5a1dcc67293d84e573a2eaa3f7053 method=POST path=/lingxi/v1/sessions/sess_local_alpha/execute status=200
2026-09-28T15:14:10.680978Z  INFO lingxi_service: request handled request_id=req-e070fdc770928cb91a072cdbe34e00d3 method=POST path=/lingxi/v1/sessions/sess_local_alpha/execute status=200
2026-09-28T15:14:10.681018Z  INFO lingxi_service: request handled request_id=req-afc37e274ad31f3d1301047231ec61bb method=POST path=/lingxi/v1/sessions/sess_local_alpha/execute status=200
2026-09-28T15:14:10.681072Z  INFO lingxi_service: request handled request_id=req-d0280a1ae3bd14ce38a64350648b850c method=POST path=/lingxi/v1/sessions/sess_local_alpha/execute status=200
2026-09-28T15:14:10.681099Z  INFO lingxi_service: request handled request_id=req-204dc98dff6a4473f3b1a80b858d149d method=POST path=/lingxi/v1/sessions/sess_local_alpha/execute status=200
2026-09-28T15:14:10.681134Z  INFO lingxi_service: request handled request_id=req-ad27be78e9da015a4f1f1970acd801b9 method=POST path=/lingxi/v1/sessions/sess_local_alpha/execute status=200
2026-09-28T15:14:10.681184Z  INFO lingxi_service: request handled request_id=req-6c6821f3b3b4db484cfd7497e371afe4 method=POST path=/lingxi/v1/sessions/sess_local_alpha/execute status=200
2026-09-28T15:14:10.682538Z  INFO lingxi_service::sessions: run committed and published (post-commit) run_id=run_000001a0e894a47a_000271 session_id=sess_local_alpha events=run_000001a0e894a47a_000271-done input_chars=17
2026-09-28T15:14:10.683025Z  INFO lingxi_service: request handled request_id=req-92a1673640d7081a69b8f1899d3dbe57 method=POST path=/lingxi/v1/sessions/sess_local_alpha/execute status=200
2026-09-28T15:14:10.683190Z  INFO lingxi_service::sessions: run committed and published (post-commit) run_id=run_000001a0e894a47a_000272 session_id=sess_local_alpha events=run_000001a0e894a47a_000272-done input_chars=17
2026-09-28T15:14:10.683553Z  INFO lingxi_service::sessions: run committed and published (post-commit) run_id=run_000001a0e894a47a_000273 session_id=sess_local_alpha events=run_000001a0e894a47a_000273-done input_chars=17
2026-09-28T15:14:10.684416Z  INFO lingxi_service: request handled request_id=req-21268d15d9141f79444aa740717c12cb method=POST path=/lingxi/v1/sessions/sess_local_alpha/execute status=200
2026-09-28T15:14:10.684540Z  INFO lingxi_service::sessions: run committed and published (post-commit) run_id=run_000001a0e894a47a_000274 session_id=sess_local_alpha events=run_000001a0e894a47a_000274-done input_chars=17
2026-09-28T15:14:10.684785Z  INFO lingxi_service: request handled request_id=req-8b1a6e864309d7cffbf3bcd9d47c10f6 method=POST path=/lingxi/v1/sessions/sess_local_alpha/execute status=200
2026-09-28T15:14:10.684927Z  INFO lingxi_service::sessions: run committed and published (post-commit) run_id=run_000001a0e894a47a_000275 session_id=sess_local_alpha events=run_000001a0e894a47a_000275-done input_chars=17
2026-09-28T15:14:10.685141Z  INFO lingxi_service::sessions: run committed and published (post-commit) run_id=run_000001a0e894a47a_000276 session_id=sess_local_alpha events=run_000001a0e894a47a_000276-done input_chars=17
2026-09-28T15:14:10.685283Z  INFO lingxi_service::sessions: run committed and published (post-commit) run_id=run_000001a0e894a47a_000277 session_id=sess_local_alpha events=run_000001a0e894a47a_000277-done input_chars=17
2026-09-28T15:14:10.685445Z  INFO lingxi_service::sessions: run committed and published (post-commit) run_id=run_000001a0e894a47a_000278 session_id=sess_local_alpha events=run_000001a0e894a47a_000278-done input_chars=17
2026-09-28T15:14:10.685498Z  INFO lingxi_service: request handled request_id=req-de8296254c03f53a28869f35d2bce759 method=POST path=/lingxi/v1/sessions/sess_local_alpha/execute status=200
2026-09-28T15:14:10.685619Z  INFO lingxi_service::sessions: run committed and published (post-commit) run_id=run_000001a0e894a47a_000279 session_id=sess_local_alpha events=run_000001a0e894a47a_000279-done input_chars=17
2026-09-28T15:14:10.686520Z  INFO lingxi_service: request handled request_id=req-b66ed6ea0ba68edc83336b468df5fb63 method=POST path=/lingxi/v1/sessions/sess_local_alpha/execute status=200
2026-09-28T15:14:10.686804Z  INFO lingxi_service: request handled request_id=req-d9211709f1f1e79ead96ebd71ab7c507 method=POST path=/lingxi/v1/sessions/sess_local_alpha/execute status=200
2026-09-28T15:14:10.687436Z  INFO lingxi_service: request handled request_id=req-00310d929f4365e104aa45593e159dda method=POST path=/lingxi/v1/sessions/sess_local_alpha/execute status=200
2026-09-28T15:14:10.687683Z  INFO lingxi_service: request handled request_id=req-fa3fcbf6b52a3d19aec30a46cf037ce5 method=POST path=/lingxi/v1/sessions/sess_local_alpha/execute status=200
2026-09-28T15:14:10.687723Z  INFO lingxi_service: request handled request_id=req-467776329529ac618166bdd5baffc70b method=POST path=/lingxi/v1/sessions/sess_local_alpha/execute status=200
2026-09-28T15:14:10.687833Z  INFO lingxi_service::sessions: run committed and published (post-commit) run_id=run_000001a0e894a47b_00027a session_id=sess_local_alpha events=run_000001a0e894a47b_00027a-done input_chars=17
2026-09-28T15:14:10.687955Z  INFO lingxi_service::sessions: run committed and published (post-commit) run_id=run_000001a0e894a47b_00027b session_id=sess_local_alpha events=run_000001a0e894a47b_00027b-done input_chars=17
2026-09-28T15:14:10.688092Z  INFO lingxi_service::sessions: run committed and published (post-commit) run_id=run_000001a0e894a47b_00027c session_id=sess_local_alpha events=run_000001a0e894a47b_00027c-done input_chars=17
2026-09-28T15:14:10.688240Z  INFO lingxi_service::sessions: run committed and published (post-commit) run_id=run_000001a0e894a47b_00027d session_id=sess_local_alpha events=run_000001a0e894a47b_00027d-done input_chars=17
2026-09-28T15:14:10.688709Z  INFO lingxi_service::sessions: run committed and published (post-commit) run_id=run_000001a0e894a47c_00027e session_id=sess_local_alpha events=run_000001a0e894a47c_00027e-done input_chars=17
2026-09-28T15:14:10.689029Z  INFO lingxi_service::sessions: run committed and published (post-commit) run_id=run_000001a0e894a47c_00027f session_id=sess_local_alpha events=run_000001a0e894a47c_00027f-done input_chars=17
2026-09-28T15:14:10.689136Z  INFO lingxi_service::sessions: run committed and published (post-commit) run_id=run_000001a0e894a47c_000280 session_id=sess_local_alpha events=run_000001a0e894a47c_000280-done input_chars=17
2026-09-28T15:14:10.689291Z  INFO lingxi_service::sessions: run committed and published (post-commit) run_id=run_000001a0e894a47c_000281 session_id=sess_local_alpha events=run_000001a0e894a47c_000281-done input_chars=17
2026-09-28T15:14:10.689982Z  INFO lingxi_service::sessions: run committed and published (post-commit) run_id=run_000001a0e894a47c_000282 session_id=sess_local_alpha events=run_000001a0e894a47c_000282-done input_chars=17
2026-09-28T15:14:10.690042Z  INFO lingxi_service: request handled request_id=req-e5ad4359d3528b573c97f1ce927a36a5 method=POST path=/lingxi/v1/sessions/sess_local_alpha/execute status=200
2026-09-28T15:14:10.690083Z  INFO lingxi_service: request handled request_id=req-bdd6facdb2e70def1d216f7cc862e00f method=POST path=/lingxi/v1/sessions/sess_local_alpha/execute status=200
2026-09-28T15:14:10.690117Z  INFO lingxi_service: request handled request_id=req-cba4ac8246ca95e5a046ec585e60616f method=POST path=/lingxi/v1/sessions/sess_local_alpha/execute status=200
2026-09-28T15:14:10.690159Z  INFO lingxi_service: request handled request_id=req-9bff275bf66cca49628531b5dca851e8 method=POST path=/lingxi/v1/sessions/sess_local_alpha/execute status=200
2026-09-28T15:14:10.690274Z  INFO lingxi_service::sessions: run committed and published (post-commit) run_id=run_000001a0e894a47d_000283 session_id=sess_local_alpha events=run_000001a0e894a47d_000283-done input_chars=17
2026-09-28T15:14:10.690425Z  INFO lingxi_service::sessions: run committed and published (post-commit) run_id=run_000001a0e894a47d_000284 session_id=sess_local_alpha events=run_000001a0e894a47d_000284-done input_chars=17
2026-09-28T15:14:10.690474Z  INFO lingxi_service: request handled request_id=req-1ab63f7d56b0917a24bc2e208b1e7e26 method=POST path=/lingxi/v1/sessions/sess_local_alpha/execute status=200
2026-09-28T15:14:10.690621Z  INFO lingxi_service::sessions: run committed and published (post-commit) run_id=run_000001a0e894a47d_000285 session_id=sess_local_alpha events=run_000001a0e894a47d_000285-done input_chars=17
2026-09-28T15:14:10.690667Z  INFO lingxi_service: request handled request_id=req-1347617f9c44b731efe26b4fd371d73a method=POST path=/lingxi/v1/sessions/sess_local_alpha/execute status=200
2026-09-28T15:14:10.690710Z  INFO lingxi_service: request handled request_id=req-c37a67f2133443a98e1567fb5bc96e82 method=POST path=/lingxi/v1/sessions/sess_local_alpha/execute status=200
2026-09-28T15:14:10.690763Z  INFO lingxi_service: request handled request_id=req-aa9ce9a06b0ff95670159d445be25650 method=POST path=/lingxi/v1/sessions/sess_local_alpha/execute status=200
2026-09-28T15:14:10.690899Z  INFO lingxi_service::sessions: run committed and published (post-commit) run_id=run_000001a0e894a47d_000286 session_id=sess_local_alpha events=run_000001a0e894a47d_000286-done input_chars=17
2026-09-28T15:14:10.691034Z  INFO lingxi_service::sessions: run committed and published (post-commit) run_id=run_000001a0e894a47d_000287 session_id=sess_local_alpha events=run_000001a0e894a47d_000287-done input_chars=17
2026-09-28T15:14:10.691145Z  INFO lingxi_service::sessions: run committed and published (post-commit) run_id=run_000001a0e894a47d_000288 session_id=sess_local_alpha events=run_000001a0e894a47d_000288-done input_chars=17
2026-09-28T15:14:10.691193Z  INFO lingxi_service: request handled request_id=req-911e7c300b7e605d58f331ff066feb91 method=POST path=/lingxi/v1/sessions/sess_local_alpha/execute status=200
2026-09-28T15:14:10.691234Z  INFO lingxi_service: request handled request_id=req-8f45906b8f123ba186892329c07f21f1 method=POST path=/lingxi/v1/sessions/sess_local_alpha/execute status=200
2026-09-28T15:14:10.691273Z  INFO lingxi_service: request handled request_id=req-c90330599989c4120378436c2d34728d method=POST path=/lingxi/v1/sessions/sess_local_alpha/execute status=200
2026-09-28T15:14:10.691314Z  INFO lingxi_service: request handled request_id=req-9eb95bf80b9558428bea08fe0dc8835e method=POST path=/lingxi/v1/sessions/sess_local_alpha/execute status=200
2026-09-28T15:14:10.691355Z  INFO lingxi_service: request handled request_id=req-f05430643761a8bbfeb993e5a1a598da method=POST path=/lingxi/v1/sessions/sess_local_alpha/execute status=200
2026-09-28T15:14:10.691407Z  INFO lingxi_service: request handled request_id=req-46383a09e1047a0a2b23431c6f800696 method=POST path=/lingxi/v1/sessions/sess_local_alpha/execute status=200
2026-09-28T15:14:10.691436Z  INFO lingxi_service: request handled request_id=req-2cec782bfffaa8ed4fe983c983e0102d method=POST path=/lingxi/v1/sessions/sess_local_alpha/execute status=200
2026-09-28T15:14:10.693041Z  INFO lingxi_service::sessions: run committed and published (post-commit) run_id=run_000001a0e894a484_000289 session_id=sess_local_alpha events=run_000001a0e894a484_000289-done input_chars=17
2026-09-28T15:14:10.693268Z  INFO lingxi_service::sessions: run committed and published (post-commit) run_id=run_000001a0e894a484_00028a session_id=sess_local_alpha events=run_000001a0e894a484_00028a-done input_chars=17
2026-09-28T15:14:10.694214Z  INFO lingxi_service: request handled request_id=req-98e2e9ceb145679036a107e5a91836f0 method=POST path=/lingxi/v1/sessions/sess_local_alpha/execute status=200
2026-09-28T15:14:10.694271Z  INFO lingxi_service: request handled request_id=req-56329fd305b6033e121a73fb67435293 method=POST path=/lingxi/v1/sessions/sess_local_alpha/execute status=200
2026-09-28T15:14:10.694419Z  INFO lingxi_service::sessions: run committed and published (post-commit) run_id=run_000001a0e894a484_00028b session_id=sess_local_alpha events=run_000001a0e894a484_00028b-done input_chars=17
2026-09-28T15:14:10.694570Z  INFO lingxi_service::sessions: run committed and published (post-commit) run_id=run_000001a0e894a484_00028c session_id=sess_local_alpha events=run_000001a0e894a484_00028c-done input_chars=17
2026-09-28T15:14:10.695082Z  INFO lingxi_service::sessions: run committed and published (post-commit) run_id=run_000001a0e894a484_00028d session_id=sess_local_alpha events=run_000001a0e894a484_00028d-done input_chars=17
2026-09-28T15:14:10.695206Z  INFO lingxi_service::sessions: run committed and published (post-commit) run_id=run_000001a0e894a484_00028e session_id=sess_local_alpha events=run_000001a0e894a484_00028e-done input_chars=17
2026-09-28T15:14:10.695662Z  INFO lingxi_service: request handled request_id=req-b912702b7f56879d1385fc3cbf52df4c method=POST path=/lingxi/v1/sessions/sess_local_alpha/execute status=200
2026-09-28T15:14:10.695684Z  INFO lingxi_service: request handled request_id=req-bcc851731acccabe1e1a955b721d3b30 method=POST path=/lingxi/v1/sessions/sess_local_alpha/execute status=200
2026-09-28T15:14:10.695818Z  INFO lingxi_service::sessions: run committed and published (post-commit) run_id=run_000001a0e894a484_00028f session_id=sess_local_alpha events=run_000001a0e894a484_00028f-done input_chars=17
2026-09-28T15:14:10.695955Z  INFO lingxi_service::sessions: run committed and published (post-commit) run_id=run_000001a0e894a485_000290 session_id=sess_local_alpha events=run_000001a0e894a485_000290-done input_chars=17
2026-09-28T15:14:10.696226Z  INFO lingxi_service: request handled request_id=req-4344e104570d5f09d476c840e575a0cf method=POST path=/lingxi/v1/sessions/sess_local_alpha/execute status=200
2026-09-28T15:14:10.696264Z  INFO lingxi_service: request handled request_id=req-d160e0b87be84d5a587dad66101d65cf method=POST path=/lingxi/v1/sessions/sess_local_alpha/execute status=200
2026-09-28T15:14:10.696418Z  INFO lingxi_service::sessions: run committed and published (post-commit) run_id=run_000001a0e894a485_000291 session_id=sess_local_alpha events=run_000001a0e894a485_000291-done input_chars=17
2026-09-28T15:14:10.696951Z  INFO lingxi_service::sessions: run committed and published (post-commit) run_id=run_000001a0e894a485_000292 session_id=sess_local_alpha events=run_000001a0e894a485_000292-done input_chars=17
2026-09-28T15:14:10.697793Z  INFO lingxi_service: request handled request_id=req-90ebcff821a128a49be841c827502e9b method=POST path=/lingxi/v1/sessions/sess_local_alpha/execute status=200
2026-09-28T15:14:10.697828Z  INFO lingxi_service: request handled request_id=req-2ce822a37023332e6b536504b55d8b17 method=POST path=/lingxi/v1/sessions/sess_local_alpha/execute status=200
2026-09-28T15:14:10.697943Z  INFO lingxi_service::sessions: run committed and published (post-commit) run_id=run_000001a0e894a485_000293 session_id=sess_local_alpha events=run_000001a0e894a485_000293-done input_chars=17
2026-09-28T15:14:10.698324Z  INFO lingxi_service: request handled request_id=req-077639982cc490603f085f4c9a26de19 method=POST path=/lingxi/v1/sessions/sess_local_alpha/execute status=200
2026-09-28T15:14:10.698429Z  INFO lingxi_service::sessions: run committed and published (post-commit) run_id=run_000001a0e894a486_000294 session_id=sess_local_alpha events=run_000001a0e894a486_000294-done input_chars=17
2026-09-28T15:14:10.698540Z  INFO lingxi_service::sessions: run committed and published (post-commit) run_id=run_000001a0e894a486_000295 session_id=sess_local_alpha events=run_000001a0e894a486_000295-done input_chars=17
2026-09-28T15:14:10.699002Z  INFO lingxi_service: request handled request_id=req-8bae9e8700d40bffb049ac99b972f8ec method=POST path=/lingxi/v1/sessions/sess_local_alpha/execute status=200
2026-09-28T15:14:10.699145Z  INFO lingxi_service::sessions: run committed and published (post-commit) run_id=run_000001a0e894a486_000296 session_id=sess_local_alpha events=run_000001a0e894a486_000296-done input_chars=17
2026-09-28T15:14:10.699666Z  INFO lingxi_service::sessions: run committed and published (post-commit) run_id=run_000001a0e894a486_000297 session_id=sess_local_alpha events=run_000001a0e894a486_000297-done input_chars=17
2026-09-28T15:14:10.699924Z  INFO lingxi_service::sessions: run committed and published (post-commit) run_id=run_000001a0e894a486_000298 session_id=sess_local_alpha events=run_000001a0e894a486_000298-done input_chars=17
2026-09-28T15:14:10.700059Z  INFO lingxi_service::sessions: run committed and published (post-commit) run_id=run_000001a0e894a486_000299 session_id=sess_local_alpha events=run_000001a0e894a486_000299-done input_chars=17
2026-09-28T15:14:10.700125Z  INFO lingxi_service: request handled request_id=req-2330d7e7dba2dc9c1fb4ed2d382d3341 method=POST path=/lingxi/v1/sessions/sess_local_alpha/execute status=200
2026-09-28T15:14:10.700249Z  INFO lingxi_service::sessions: run committed and published (post-commit) run_id=run_000001a0e894a487_00029a session_id=sess_local_alpha events=run_000001a0e894a487_00029a-done input_chars=17
2026-09-28T15:14:10.700363Z  INFO lingxi_service::sessions: run committed and published (post-commit) run_id=run_000001a0e894a487_00029b session_id=sess_local_alpha events=run_000001a0e894a487_00029b-done input_chars=17
2026-09-28T15:14:10.700416Z  INFO lingxi_service: request handled request_id=req-8e3e0b9bbc16a112d67e2dff621d9c1c method=POST path=/lingxi/v1/sessions/sess_local_alpha/execute status=200
2026-09-28T15:14:10.700458Z  INFO lingxi_service: request handled request_id=req-2c3f0c1bce3d17cd2ff582c3481fa2d0 method=POST path=/lingxi/v1/sessions/sess_local_alpha/execute status=200
2026-09-28T15:14:10.700567Z  INFO lingxi_service::sessions: run committed and published (post-commit) run_id=run_000001a0e894a487_00029c session_id=sess_local_alpha events=run_000001a0e894a487_00029c-done input_chars=17
2026-09-28T15:14:10.701070Z  INFO lingxi_service::sessions: run committed and published (post-commit) run_id=run_000001a0e894a487_00029d session_id=sess_local_alpha events=run_000001a0e894a487_00029d-done input_chars=17
2026-09-28T15:14:10.701121Z  INFO lingxi_service: request handled request_id=req-21102db835ad06e1467af6a471f7cf12 method=POST path=/lingxi/v1/sessions/sess_local_alpha/execute status=200
2026-09-28T15:14:10.701272Z  INFO lingxi_service::sessions: run committed and published (post-commit) run_id=run_000001a0e894a487_00029e session_id=sess_local_alpha events=run_000001a0e894a487_00029e-done input_chars=17
2026-09-28T15:14:10.701383Z  INFO lingxi_service::sessions: run committed and published (post-commit) run_id=run_000001a0e894a487_00029f session_id=sess_local_alpha events=run_000001a0e894a487_00029f-done input_chars=17
2026-09-28T15:14:10.701431Z  INFO lingxi_service: request handled request_id=req-70421886573f2f1ab0820f3e0240b805 method=POST path=/lingxi/v1/sessions/sess_local_alpha/execute status=200
2026-09-28T15:14:10.701539Z  INFO lingxi_service::sessions: run committed and published (post-commit) run_id=run_000001a0e894a487_0002a0 session_id=sess_local_alpha events=run_000001a0e894a487_0002a0-done input_chars=17
2026-09-28T15:14:10.701594Z  INFO lingxi_service: request handled request_id=req-485fe366be39a46548a2c412b94fcca5 method=POST path=/lingxi/v1/sessions/sess_local_alpha/execute status=200
2026-09-28T15:14:10.701637Z  INFO lingxi_service: request handled request_id=req-e7550f6e72b33140eb97f8a1266fa414 method=POST path=/lingxi/v1/sessions/sess_local_alpha/execute status=200
2026-09-28T15:14:10.701673Z  INFO lingxi_service: request handled request_id=req-c9a607cd3e921a5a1172fcadbe3ba391 method=POST path=/lingxi/v1/sessions/sess_local_alpha/execute status=200
2026-09-28T15:14:10.701724Z  INFO lingxi_service: request handled request_id=req-373426e1b412409f3da8ffe3eca97d42 method=POST path=/lingxi/v1/sessions/sess_local_alpha/execute status=200
2026-09-28T15:14:10.701771Z  INFO lingxi_service: request handled request_id=req-54935628b05c7901188f45f2077e0522 method=POST path=/lingxi/v1/sessions/sess_local_alpha/execute status=200
2026-09-28T15:14:10.701813Z  INFO lingxi_service: request handled request_id=req-125f6b42a730e6138fcdfe7ab2c051a1 method=POST path=/lingxi/v1/sessions/sess_local_alpha/execute status=200
2026-09-28T15:14:10.701874Z  INFO lingxi_service: request handled request_id=req-9241ecd38f8ed1842d3f3ef18f28ac0d method=POST path=/lingxi/v1/sessions/sess_local_alpha/execute status=200
2026-09-28T15:14:10.701921Z  INFO lingxi_service: request handled request_id=req-802070af2b986bd730fed1f1bcd0b874 method=POST path=/lingxi/v1/sessions/sess_local_alpha/execute status=200
2026-09-28T15:14:10.701980Z  INFO lingxi_service: request handled request_id=req-82009b7d226ecb6e945a572d318114fa method=POST path=/lingxi/v1/sessions/sess_local_alpha/execute status=200
2026-09-28T15:14:10.703742Z  INFO lingxi_service::sessions: run committed and published (post-commit) run_id=run_000001a0e894a48e_0002a1 session_id=sess_local_alpha events=run_000001a0e894a48e_0002a1-done input_chars=17
2026-09-28T15:14:10.703903Z  INFO lingxi_service::sessions: run committed and published (post-commit) run_id=run_000001a0e894a48e_0002a2 session_id=sess_local_alpha events=run_000001a0e894a48e_0002a2-done input_chars=17
2026-09-28T15:14:10.704209Z  INFO lingxi_service::sessions: run committed and published (post-commit) run_id=run_000001a0e894a48e_0002a3 session_id=sess_local_alpha events=run_000001a0e894a48e_0002a3-done input_chars=17
2026-09-28T15:14:10.704517Z  INFO lingxi_service: request handled request_id=req-4708bbe883c149c3ff4ccce4d40b9699 method=POST path=/lingxi/v1/sessions/sess_local_alpha/execute status=200
2026-09-28T15:14:10.704773Z  INFO lingxi_service: request handled request_id=req-789f59e3ea9deeb54eb553cc2a56b481 method=POST path=/lingxi/v1/sessions/sess_local_alpha/execute status=200
2026-09-28T15:14:10.704910Z  INFO lingxi_service::sessions: run committed and published (post-commit) run_id=run_000001a0e894a48e_0002a4 session_id=sess_local_alpha events=run_000001a0e894a48e_0002a4-done input_chars=17
2026-09-28T15:14:10.705356Z  INFO lingxi_service: request handled request_id=req-0397a7ce7fbf2ccd32a4031737c76f6e method=POST path=/lingxi/v1/sessions/sess_local_alpha/execute status=200
2026-09-28T15:14:10.705502Z  INFO lingxi_service::sessions: run committed and published (post-commit) run_id=run_000001a0e894a48f_0002a5 session_id=sess_local_alpha events=run_000001a0e894a48f_0002a5-done input_chars=17
2026-09-28T15:14:10.705696Z  INFO lingxi_service::sessions: run committed and published (post-commit) run_id=run_000001a0e894a48f_0002a6 session_id=sess_local_alpha events=run_000001a0e894a48f_0002a6-done input_chars=17
2026-09-28T15:14:10.706169Z  INFO lingxi_service: request handled request_id=req-930767d00de59a3d790003108416449b method=POST path=/lingxi/v1/sessions/sess_local_alpha/execute status=200
2026-09-28T15:14:10.706302Z  INFO lingxi_service::sessions: run committed and published (post-commit) run_id=run_000001a0e894a48f_0002a7 session_id=sess_local_alpha events=run_000001a0e894a48f_0002a7-done input_chars=17
2026-09-28T15:14:10.706440Z  INFO lingxi_service::sessions: run committed and published (post-commit) run_id=run_000001a0e894a48f_0002a8 session_id=sess_local_alpha events=run_000001a0e894a48f_0002a8-done input_chars=17
2026-09-28T15:14:10.707073Z  INFO lingxi_service: request handled request_id=req-10fd579fd6a788ed5242af8fb0fb0752 method=POST path=/lingxi/v1/sessions/sess_local_alpha/execute status=200
2026-09-28T15:14:10.707133Z  INFO lingxi_service: request handled request_id=req-075c5f90da4c530797ca3da00199abc1 method=POST path=/lingxi/v1/sessions/sess_local_alpha/execute status=200
2026-09-28T15:14:10.707246Z  INFO lingxi_service::sessions: run committed and published (post-commit) run_id=run_000001a0e894a48f_0002a9 session_id=sess_local_alpha events=run_000001a0e894a48f_0002a9-done input_chars=17
2026-09-28T15:14:10.707400Z  INFO lingxi_service::sessions: run committed and published (post-commit) run_id=run_000001a0e894a48f_0002aa session_id=sess_local_alpha events=run_000001a0e894a48f_0002aa-done input_chars=17
2026-09-28T15:14:10.707939Z  INFO lingxi_service: request handled request_id=req-5d0af9393965d46bc07f9b0672859ffa method=POST path=/lingxi/v1/sessions/sess_local_alpha/execute status=200
2026-09-28T15:14:10.708301Z  INFO lingxi_service: request handled request_id=req-a1e936fc97d02b08872d8e01a56813ba method=POST path=/lingxi/v1/sessions/sess_local_alpha/execute status=200
2026-09-28T15:14:10.708405Z  INFO lingxi_service::sessions: run committed and published (post-commit) run_id=run_000001a0e894a490_0002ab session_id=sess_local_alpha events=run_000001a0e894a490_0002ab-done input_chars=17
2026-09-28T15:14:10.708532Z  INFO lingxi_service::sessions: run committed and published (post-commit) run_id=run_000001a0e894a490_0002ac session_id=sess_local_alpha events=run_000001a0e894a490_0002ac-done input_chars=17
2026-09-28T15:14:10.708985Z  INFO lingxi_service::sessions: run committed and published (post-commit) run_id=run_000001a0e894a490_0002ad session_id=sess_local_alpha events=run_000001a0e894a490_0002ad-done input_chars=17
2026-09-28T15:14:10.709598Z  INFO lingxi_service: request handled request_id=req-3dc1de734e80668812ffbf0efb280209 method=POST path=/lingxi/v1/sessions/sess_local_alpha/execute status=200
2026-09-28T15:14:10.709635Z  INFO lingxi_service: request handled request_id=req-3bf36a88f13b3b20e2056721aca1c61f method=POST path=/lingxi/v1/sessions/sess_local_alpha/execute status=200
2026-09-28T15:14:10.709759Z  INFO lingxi_service::sessions: run committed and published (post-commit) run_id=run_000001a0e894a490_0002ae session_id=sess_local_alpha events=run_000001a0e894a490_0002ae-done input_chars=17
2026-09-28T15:14:10.709874Z  INFO lingxi_service::sessions: run committed and published (post-commit) run_id=run_000001a0e894a490_0002af session_id=sess_local_alpha events=run_000001a0e894a490_0002af-done input_chars=17
2026-09-28T15:14:10.710310Z  INFO lingxi_service::sessions: run committed and published (post-commit) run_id=run_000001a0e894a490_0002b0 session_id=sess_local_alpha events=run_000001a0e894a490_0002b0-done input_chars=17
2026-09-28T15:14:10.710440Z  INFO lingxi_service::sessions: run committed and published (post-commit) run_id=run_000001a0e894a491_0002b1 session_id=sess_local_alpha events=run_000001a0e894a491_0002b1-done input_chars=17
2026-09-28T15:14:10.710595Z  INFO lingxi_service::sessions: run committed and published (post-commit) run_id=run_000001a0e894a491_0002b2 session_id=sess_local_alpha events=run_000001a0e894a491_0002b2-done input_chars=17
2026-09-28T15:14:10.710666Z  INFO lingxi_service: request handled request_id=req-019ccff4bec9a1311f010ebd4cc9faea method=POST path=/lingxi/v1/sessions/sess_local_alpha/execute status=200
2026-09-28T15:14:10.710723Z  INFO lingxi_service: request handled request_id=req-f650856c6bb2478f3794dc63bf3769c5 method=POST path=/lingxi/v1/sessions/sess_local_alpha/execute status=200
2026-09-28T15:14:10.710884Z  INFO lingxi_service::sessions: run committed and published (post-commit) run_id=run_000001a0e894a491_0002b3 session_id=sess_local_alpha events=run_000001a0e894a491_0002b3-done input_chars=17
2026-09-28T15:14:10.710937Z  INFO lingxi_service: request handled request_id=req-6e28936ecefb4e1e2955e0c8e93d392a method=POST path=/lingxi/v1/sessions/sess_local_alpha/execute status=200
2026-09-28T15:14:10.711053Z  INFO lingxi_service::sessions: run committed and published (post-commit) run_id=run_000001a0e894a491_0002b4 session_id=sess_local_alpha events=run_000001a0e894a491_0002b4-done input_chars=17
2026-09-28T15:14:10.711166Z  INFO lingxi_service::sessions: run committed and published (post-commit) run_id=run_000001a0e894a491_0002b5 session_id=sess_local_alpha events=run_000001a0e894a491_0002b5-done input_chars=17
2026-09-28T15:14:10.711334Z  INFO lingxi_service::sessions: run committed and published (post-commit) run_id=run_000001a0e894a492_0002b6 session_id=sess_local_alpha events=run_000001a0e894a492_0002b6-done input_chars=17
2026-09-28T15:14:10.711389Z  INFO lingxi_service: request handled request_id=req-beca291dc951ad8715df1ccccd2b4fed method=POST path=/lingxi/v1/sessions/sess_local_alpha/execute status=200
2026-09-28T15:14:10.711429Z  INFO lingxi_service: request handled request_id=req-e0ec2a1a1f7e277306744b562c32ae4b method=POST path=/lingxi/v1/sessions/sess_local_alpha/execute status=200
2026-09-28T15:14:10.711539Z  INFO lingxi_service::sessions: run committed and published (post-commit) run_id=run_000001a0e894a492_0002b7 session_id=sess_local_alpha events=run_000001a0e894a492_0002b7-done input_chars=17
2026-09-28T15:14:10.711652Z  INFO lingxi_service::sessions: run committed and published (post-commit) run_id=run_000001a0e894a492_0002b8 session_id=sess_local_alpha events=run_000001a0e894a492_0002b8-done input_chars=17
2026-09-28T15:14:10.711703Z  INFO lingxi_service: request handled request_id=req-80780a57fef6f23cce3544539a740a1e method=POST path=/lingxi/v1/sessions/sess_local_alpha/execute status=200
2026-09-28T15:14:10.711746Z  INFO lingxi_service: request handled request_id=req-609b939f0a0e80d9713c62e44e51202a method=POST path=/lingxi/v1/sessions/sess_local_alpha/execute status=200
2026-09-28T15:14:10.711789Z  INFO lingxi_service: request handled request_id=req-4c7fefa73a269244cef97f5cabb6730c method=POST path=/lingxi/v1/sessions/sess_local_alpha/execute status=200
2026-09-28T15:14:10.711828Z  INFO lingxi_service: request handled request_id=req-4dbf6eba471c5fd8c3505f7c2e0dca42 method=POST path=/lingxi/v1/sessions/sess_local_alpha/execute status=200
2026-09-28T15:14:10.711890Z  INFO lingxi_service: request handled request_id=req-e2939f1e77a1f1ec89b70b8a8406a09c method=POST path=/lingxi/v1/sessions/sess_local_alpha/execute status=200
2026-09-28T15:14:10.711920Z  INFO lingxi_service: request handled request_id=req-bbf14c15925290f7fd88c7803b8293aa method=POST path=/lingxi/v1/sessions/sess_local_alpha/execute status=200
2026-09-28T15:14:10.711970Z  INFO lingxi_service: request handled request_id=req-c6f6e94b8980d7df3e97d88f51b42bde method=POST path=/lingxi/v1/sessions/sess_local_alpha/execute status=200
2026-09-28T15:14:10.712020Z  INFO lingxi_service: request handled request_id=req-7d3f9e93e910edc58a18500492f56056 method=POST path=/lingxi/v1/sessions/sess_local_alpha/execute status=200
2026-09-28T15:14:10.712069Z  INFO lingxi_service: request handled request_id=req-3641c03eee193620125381bd63918d1c method=POST path=/lingxi/v1/sessions/sess_local_alpha/execute status=200
2026-09-28T15:14:10.713793Z  INFO lingxi_service::sessions: run committed and published (post-commit) run_id=run_000001a0e894a499_0002b9 session_id=sess_local_alpha events=run_000001a0e894a499_0002b9-done input_chars=17
2026-09-28T15:14:10.713966Z  INFO lingxi_service::sessions: run committed and published (post-commit) run_id=run_000001a0e894a499_0002ba session_id=sess_local_alpha events=run_000001a0e894a499_0002ba-done input_chars=17
2026-09-28T15:14:10.714658Z  INFO lingxi_service: request handled request_id=req-155e69af28717f976f6bb91213c434e6 method=POST path=/lingxi/v1/sessions/sess_local_alpha/execute status=200
2026-09-28T15:14:10.714730Z  INFO lingxi_service: request handled request_id=req-b3ef5589fd8c27d9b1ce6dedd022e8a5 method=POST path=/lingxi/v1/sessions/sess_local_alpha/execute status=200
2026-09-28T15:14:10.714877Z  INFO lingxi_service::sessions: run committed and published (post-commit) run_id=run_000001a0e894a499_0002bb session_id=sess_local_alpha events=run_000001a0e894a499_0002bb-done input_chars=17
2026-09-28T15:14:10.715083Z  INFO lingxi_service::sessions: run committed and published (post-commit) run_id=run_000001a0e894a499_0002bc session_id=sess_local_alpha events=run_000001a0e894a499_0002bc-done input_chars=17
2026-09-28T15:14:10.715979Z  INFO lingxi_service::sessions: run committed and published (post-commit) run_id=run_000001a0e894a499_0002bd session_id=sess_local_alpha events=run_000001a0e894a499_0002bd-done input_chars=17
2026-09-28T15:14:10.716923Z  INFO lingxi_service: request handled request_id=req-cf015cee93f0074adf59f1a9f672f56d method=POST path=/lingxi/v1/sessions/sess_local_alpha/execute status=200
2026-09-28T15:14:10.716957Z  INFO lingxi_service: request handled request_id=req-dd07410f610558d8c1e09b37f5007ce2 method=POST path=/lingxi/v1/sessions/sess_local_alpha/execute status=200
2026-09-28T15:14:10.717072Z  INFO lingxi_service::sessions: run committed and published (post-commit) run_id=run_000001a0e894a499_0002be session_id=sess_local_alpha events=run_000001a0e894a499_0002be-done input_chars=17
2026-09-28T15:14:10.717194Z  INFO lingxi_service::sessions: run committed and published (post-commit) run_id=run_000001a0e894a499_0002bf session_id=sess_local_alpha events=run_000001a0e894a499_0002bf-done input_chars=17
2026-09-28T15:14:10.717350Z  INFO lingxi_service::sessions: run committed and published (post-commit) run_id=run_000001a0e894a499_0002c0 session_id=sess_local_alpha events=run_000001a0e894a499_0002c0-done input_chars=17
2026-09-28T15:14:10.717627Z  INFO lingxi_service: request handled request_id=req-6c787b7d1ee743a3c43670162d7b06d3 method=POST path=/lingxi/v1/sessions/sess_local_alpha/execute status=200
2026-09-28T15:14:10.717743Z  INFO lingxi_service::sessions: run committed and published (post-commit) run_id=run_000001a0e894a499_0002c1 session_id=sess_local_alpha events=run_000001a0e894a499_0002c1-done input_chars=17
2026-09-28T15:14:10.717904Z  INFO lingxi_service::sessions: run committed and published (post-commit) run_id=run_000001a0e894a49a_0002c2 session_id=sess_local_alpha events=run_000001a0e894a49a_0002c2-done input_chars=17
2026-09-28T15:14:10.718188Z  INFO lingxi_service::sessions: run committed and published (post-commit) run_id=run_000001a0e894a49a_0002c3 session_id=sess_local_alpha events=run_000001a0e894a49a_0002c3-done input_chars=17
2026-09-28T15:14:10.718296Z  INFO lingxi_service::sessions: run committed and published (post-commit) run_id=run_000001a0e894a49a_0002c4 session_id=sess_local_alpha events=run_000001a0e894a49a_0002c4-done input_chars=17
2026-09-28T15:14:10.718409Z  INFO lingxi_service::sessions: run committed and published (post-commit) run_id=run_000001a0e894a49a_0002c5 session_id=sess_local_alpha events=run_000001a0e894a49a_0002c5-done input_chars=17
2026-09-28T15:14:10.718467Z  INFO lingxi_service: request handled request_id=req-ee0c2201fa024b422ae48af1913d096c method=POST path=/lingxi/v1/sessions/sess_local_alpha/execute status=200
2026-09-28T15:14:10.718661Z  INFO lingxi_service: request handled request_id=req-dae61c06ad5193f4f27981a6932eedcd method=POST path=/lingxi/v1/sessions/sess_local_alpha/execute status=200
2026-09-28T15:14:10.719049Z  INFO lingxi_service: request handled request_id=req-29d0b667df50f69e61457a6672b8b06f method=POST path=/lingxi/v1/sessions/sess_local_alpha/execute status=200
2026-09-28T15:14:10.719155Z  INFO lingxi_service::sessions: run committed and published (post-commit) run_id=run_000001a0e894a49a_0002c6 session_id=sess_local_alpha events=run_000001a0e894a49a_0002c6-done input_chars=17
2026-09-28T15:14:10.720344Z  INFO lingxi_service: request handled request_id=req-0bfc6a1ef7502d4871decfbf067f8121 method=POST path=/lingxi/v1/sessions/sess_local_alpha/execute status=200
2026-09-28T15:14:10.720384Z  INFO lingxi_service: request handled request_id=req-83ab26824e894a027f601b034d1fe6e1 method=POST path=/lingxi/v1/sessions/sess_local_alpha/execute status=200
2026-09-28T15:14:10.720502Z  INFO lingxi_service::sessions: run committed and published (post-commit) run_id=run_000001a0e894a49a_0002c7 session_id=sess_local_alpha events=run_000001a0e894a49a_0002c7-done input_chars=17
2026-09-28T15:14:10.720557Z  INFO lingxi_service: request handled request_id=req-16937e0d42dfeec4ff177450afb8e542 method=POST path=/lingxi/v1/sessions/sess_local_alpha/execute status=200
2026-09-28T15:14:10.720607Z  INFO lingxi_service: request handled request_id=req-b87d4243b59635c510a5d01a850af51d method=POST path=/lingxi/v1/sessions/sess_local_alpha/execute status=200
2026-09-28T15:14:10.720654Z  INFO lingxi_service: request handled request_id=req-8ca596e5132dd6263dc9916a8f81299d method=POST path=/lingxi/v1/sessions/sess_local_alpha/execute status=200
2026-09-28T15:14:10.720801Z  INFO lingxi_service::sessions: run committed and published (post-commit) run_id=run_000001a0e894a49b_0002c8 session_id=sess_local_alpha events=run_000001a0e894a49b_0002c8-done input_chars=17
2026-09-28T15:14:10.720911Z  INFO lingxi_service::sessions: run committed and published (post-commit) run_id=run_000001a0e894a49b_0002c9 session_id=sess_local_alpha events=run_000001a0e894a49b_0002c9-done input_chars=17
2026-09-28T15:14:10.721022Z  INFO lingxi_service::sessions: run committed and published (post-commit) run_id=run_000001a0e894a49b_0002ca session_id=sess_local_alpha events=run_000001a0e894a49b_0002ca-done input_chars=17
2026-09-28T15:14:10.721076Z  INFO lingxi_service: request handled request_id=req-5c5087175018ccc78771a6c2307b0eac method=POST path=/lingxi/v1/sessions/sess_local_alpha/execute status=200
2026-09-28T15:14:10.721183Z  INFO lingxi_service::sessions: run committed and published (post-commit) run_id=run_000001a0e894a49b_0002cb session_id=sess_local_alpha events=run_000001a0e894a49b_0002cb-done input_chars=17
2026-09-28T15:14:10.721293Z  INFO lingxi_service::sessions: run committed and published (post-commit) run_id=run_000001a0e894a49b_0002cc session_id=sess_local_alpha events=run_000001a0e894a49b_0002cc-done input_chars=17
2026-09-28T15:14:10.721423Z ERROR lingxi_service::events: subscription detached with explicit snapshot_required signal stream=sess_local_alpha subscriber=0 reason="slow_consumer" queue_capacity=4 dropped_deltas=0 last_enqueued_seq=1436
2026-09-28T15:14:10.721496Z  INFO lingxi_service::sessions: run committed and published (post-commit) run_id=run_000001a0e894a49b_0002cd session_id=sess_local_alpha events=run_000001a0e894a49b_0002cd-done input_chars=17
2026-09-28T15:14:10.721518Z  INFO lingxi_service::sessions: run committed and published (post-commit) run_id=run_000001a0e894a49c_0002ce session_id=sess_local_alpha events=run_000001a0e894a49c_0002ce-done input_chars=17
2026-09-28T15:14:10.721628Z  INFO lingxi_service::sessions: run committed and published (post-commit) run_id=run_000001a0e894a49c_0002cf session_id=sess_local_alpha events=run_000001a0e894a49c_0002cf-done input_chars=17
2026-09-28T15:14:10.721736Z  INFO lingxi_service::sessions: run committed and published (post-commit) run_id=run_000001a0e894a49c_0002d0 session_id=sess_local_alpha events=run_000001a0e894a49c_0002d0-done input_chars=17
2026-09-28T15:14:10.721794Z  INFO lingxi_service: request handled request_id=req-8e51a46bac4e9fb6d3f71e37163e06ea method=POST path=/lingxi/v1/sessions/sess_local_alpha/execute status=200
2026-09-28T15:14:10.721832Z  INFO lingxi_service: request handled request_id=req-024e17083bbc2ed1f52d076d75c8a834 method=POST path=/lingxi/v1/sessions/sess_local_alpha/execute status=200
2026-09-28T15:14:10.721877Z  INFO lingxi_service: request handled request_id=req-3a2b7d77ba2b7582c6c4e4134c6bb62b method=POST path=/lingxi/v1/sessions/sess_local_alpha/execute status=200
2026-09-28T15:14:10.721921Z  INFO lingxi_service: request handled request_id=req-97c94f8b877500a84fdcbffb56432f0c method=POST path=/lingxi/v1/sessions/sess_local_alpha/execute status=200
2026-09-28T15:14:10.721973Z  INFO lingxi_service: request handled request_id=req-3021e475aeeceda18b64f8557f562a5f method=POST path=/lingxi/v1/sessions/sess_local_alpha/execute status=200
2026-09-28T15:14:10.722016Z  INFO lingxi_service: request handled request_id=req-291251d44d777e4cbe687310b6396726 method=POST path=/lingxi/v1/sessions/sess_local_alpha/execute status=200
2026-09-28T15:14:10.722052Z  INFO lingxi_service: request handled request_id=req-db4b28dcb782a15a0079491111e1f460 method=POST path=/lingxi/v1/sessions/sess_local_alpha/execute status=200
2026-09-28T15:14:10.722108Z  INFO lingxi_service: request handled request_id=req-e40c18ceb41f0b11ebf66dd27685dc45 method=POST path=/lingxi/v1/sessions/sess_local_alpha/execute status=200
2026-09-28T15:14:10.722148Z  INFO lingxi_service: request handled request_id=req-26f3cbdb4a0ca945510e9a267dc27348 method=POST path=/lingxi/v1/sessions/sess_local_alpha/execute status=200
2026-09-28T15:14:10.722197Z  INFO lingxi_service: request handled request_id=req-48d20ff471222d71cd07dc3f6076c995 method=POST path=/lingxi/v1/sessions/sess_local_alpha/execute status=200
2026-09-28T15:14:10.723837Z  INFO lingxi_service::sessions: run committed and published (post-commit) run_id=run_000001a0e894a4a3_0002d1 session_id=sess_local_alpha events=run_000001a0e894a4a3_0002d1-done input_chars=17
2026-09-28T15:14:10.724773Z  INFO lingxi_service: request handled request_id=req-5d6868559867a2216d17c737145be1d2 method=POST path=/lingxi/v1/sessions/sess_local_alpha/execute status=200
2026-09-28T15:14:10.724909Z  INFO lingxi_service::sessions: run committed and published (post-commit) run_id=run_000001a0e894a4a3_0002d2 session_id=sess_local_alpha events=run_000001a0e894a4a3_0002d2-done input_chars=17
2026-09-28T15:14:10.725036Z  INFO lingxi_service::sessions: run committed and published (post-commit) run_id=run_000001a0e894a4a3_0002d3 session_id=sess_local_alpha events=run_000001a0e894a4a3_0002d3-done input_chars=17
2026-09-28T15:14:10.725175Z  INFO lingxi_service::sessions: run committed and published (post-commit) run_id=run_000001a0e894a4a3_0002d4 session_id=sess_local_alpha events=run_000001a0e894a4a3_0002d4-done input_chars=17
2026-09-28T15:14:10.725328Z  INFO lingxi_service::sessions: run committed and published (post-commit) run_id=run_000001a0e894a4a3_0002d5 session_id=sess_local_alpha events=run_000001a0e894a4a3_0002d5-done input_chars=17
2026-09-28T15:14:10.726827Z  INFO lingxi_service: request handled request_id=req-2c4a64ae3eb04ee460b884b7c6a4f282 method=POST path=/lingxi/v1/sessions/sess_local_alpha/execute status=200
2026-09-28T15:14:10.727041Z  INFO lingxi_service: request handled request_id=req-742922051ed112d41f1a81977148db7c method=POST path=/lingxi/v1/sessions/sess_local_alpha/execute status=200
2026-09-28T15:14:10.727248Z  INFO lingxi_service: request handled request_id=req-62c25915a6d910c91eba54fdeebbd467 method=POST path=/lingxi/v1/sessions/sess_local_alpha/execute status=200
2026-09-28T15:14:10.727488Z  INFO lingxi_service: request handled request_id=req-37f82654c89943cbe6779c436646c0f6 method=POST path=/lingxi/v1/sessions/sess_local_alpha/execute status=200
2026-09-28T15:14:10.727617Z  INFO lingxi_service::sessions: run committed and published (post-commit) run_id=run_000001a0e894a4a3_0002d6 session_id=sess_local_alpha events=run_000001a0e894a4a3_0002d6-done input_chars=17
2026-09-28T15:14:10.727786Z  INFO lingxi_service::sessions: run committed and published (post-commit) run_id=run_000001a0e894a4a3_0002d7 session_id=sess_local_alpha events=run_000001a0e894a4a3_0002d7-done input_chars=17
2026-09-28T15:14:10.727931Z  INFO lingxi_service::sessions: run committed and published (post-commit) run_id=run_000001a0e894a4a3_0002d8 session_id=sess_local_alpha events=run_000001a0e894a4a3_0002d8-done input_chars=17
2026-09-28T15:14:10.728036Z  INFO lingxi_service::sessions: run committed and published (post-commit) run_id=run_000001a0e894a4a3_0002d9 session_id=sess_local_alpha events=run_000001a0e894a4a3_0002d9-done input_chars=17
2026-09-28T15:14:10.728148Z  INFO lingxi_service::sessions: run committed and published (post-commit) run_id=run_000001a0e894a4a4_0002da session_id=sess_local_alpha events=run_000001a0e894a4a4_0002da-done input_chars=17
2026-09-28T15:14:10.728617Z  INFO lingxi_service::sessions: run committed and published (post-commit) run_id=run_000001a0e894a4a4_0002db session_id=sess_local_alpha events=run_000001a0e894a4a4_0002db-done input_chars=17
2026-09-28T15:14:10.728732Z  INFO lingxi_service::sessions: run committed and published (post-commit) run_id=run_000001a0e894a4a4_0002dc session_id=sess_local_alpha events=run_000001a0e894a4a4_0002dc-done input_chars=17
2026-09-28T15:14:10.729178Z  INFO lingxi_service::sessions: run committed and published (post-commit) run_id=run_000001a0e894a4a4_0002dd session_id=sess_local_alpha events=run_000001a0e894a4a4_0002dd-done input_chars=17
2026-09-28T15:14:10.730327Z  INFO lingxi_service: request handled request_id=req-eda1c053913548b0892b2d7abb651fa4 method=POST path=/lingxi/v1/sessions/sess_local_alpha/execute status=200
2026-09-28T15:14:10.730577Z  INFO lingxi_service: request handled request_id=req-5e0e404de944b48b5230df441b1fbeae method=POST path=/lingxi/v1/sessions/sess_local_alpha/execute status=200
2026-09-28T15:14:10.730622Z  INFO lingxi_service: request handled request_id=req-80ab8255bae064e293dd0434c828dd54 method=POST path=/lingxi/v1/sessions/sess_local_alpha/execute status=200
2026-09-28T15:14:10.730665Z  INFO lingxi_service: request handled request_id=req-791d51044140a64411b23e89a9fd1a33 method=POST path=/lingxi/v1/sessions/sess_local_alpha/execute status=200
2026-09-28T15:14:10.730734Z  INFO lingxi_service: request handled request_id=req-1d7351c659cf36caf76ed316c962d4de method=POST path=/lingxi/v1/sessions/sess_local_alpha/execute status=200
2026-09-28T15:14:10.730854Z  INFO lingxi_service::sessions: run committed and published (post-commit) run_id=run_000001a0e894a4a4_0002de session_id=sess_local_alpha events=run_000001a0e894a4a4_0002de-done input_chars=17
2026-09-28T15:14:10.731023Z  INFO lingxi_service::sessions: run committed and published (post-commit) run_id=run_000001a0e894a4a4_0002df session_id=sess_local_alpha events=run_000001a0e894a4a4_0002df-done input_chars=17
2026-09-28T15:14:10.731079Z  INFO lingxi_service: request handled request_id=req-060bdd569c91a9d5777d8c0af174ff54 method=POST path=/lingxi/v1/sessions/sess_local_alpha/execute status=200
2026-09-28T15:14:10.731124Z  INFO lingxi_service: request handled request_id=req-53c123ad945a16a5ba08c07bb7073880 method=POST path=/lingxi/v1/sessions/sess_local_alpha/execute status=200
2026-09-28T15:14:10.731275Z  INFO lingxi_service::sessions: run committed and published (post-commit) run_id=run_000001a0e894a4a5_0002e0 session_id=sess_local_alpha events=run_000001a0e894a4a5_0002e0-done input_chars=17
2026-09-28T15:14:10.731386Z  INFO lingxi_service::sessions: run committed and published (post-commit) run_id=run_000001a0e894a4a5_0002e1 session_id=sess_local_alpha events=run_000001a0e894a4a5_0002e1-done input_chars=17
2026-09-28T15:14:10.731440Z  INFO lingxi_service: request handled request_id=req-26d4ad0b2eda37ddd84404c9e8aecae1 method=POST path=/lingxi/v1/sessions/sess_local_alpha/execute status=200
2026-09-28T15:14:10.731548Z  INFO lingxi_service::sessions: run committed and published (post-commit) run_id=run_000001a0e894a4a5_0002e2 session_id=sess_local_alpha events=run_000001a0e894a4a5_0002e2-done input_chars=17
2026-09-28T15:14:10.731661Z  INFO lingxi_service::sessions: run committed and published (post-commit) run_id=run_000001a0e894a4a5_0002e3 session_id=sess_local_alpha events=run_000001a0e894a4a5_0002e3-done input_chars=17
2026-09-28T15:14:10.731776Z  INFO lingxi_service::sessions: run committed and published (post-commit) run_id=run_000001a0e894a4a5_0002e4 session_id=sess_local_alpha events=run_000001a0e894a4a5_0002e4-done input_chars=17
2026-09-28T15:14:10.731909Z  INFO lingxi_service::sessions: run committed and published (post-commit) run_id=run_000001a0e894a4a5_0002e5 session_id=sess_local_alpha events=run_000001a0e894a4a5_0002e5-done input_chars=17
2026-09-28T15:14:10.732025Z  INFO lingxi_service::sessions: run committed and published (post-commit) run_id=run_000001a0e894a4a6_0002e6 session_id=sess_local_alpha events=run_000001a0e894a4a6_0002e6-done input_chars=17
2026-09-28T15:14:10.732133Z  INFO lingxi_service::sessions: run committed and published (post-commit) run_id=run_000001a0e894a4a6_0002e7 session_id=sess_local_alpha events=run_000001a0e894a4a6_0002e7-done input_chars=17
2026-09-28T15:14:10.732268Z  INFO lingxi_service::sessions: run committed and published (post-commit) run_id=run_000001a0e894a4a6_0002e8 session_id=sess_local_alpha events=run_000001a0e894a4a6_0002e8-done input_chars=17
2026-09-28T15:14:10.732321Z  INFO lingxi_service: request handled request_id=req-bbfbe53f1a4f9cb312dc837574ed03e3 method=POST path=/lingxi/v1/sessions/sess_local_alpha/execute status=200
2026-09-28T15:14:10.732366Z  INFO lingxi_service: request handled request_id=req-f82f5ed78e58831505fb6ff9002eef26 method=POST path=/lingxi/v1/sessions/sess_local_alpha/execute status=200
2026-09-28T15:14:10.732408Z  INFO lingxi_service: request handled request_id=req-c9d88f629c1d4d868daac76b885a8b3c method=POST path=/lingxi/v1/sessions/sess_local_alpha/execute status=200
2026-09-28T15:14:10.732456Z  INFO lingxi_service: request handled request_id=req-521c74de51c89ef4867e8f3778744437 method=POST path=/lingxi/v1/sessions/sess_local_alpha/execute status=200
2026-09-28T15:14:10.732512Z  INFO lingxi_service: request handled request_id=req-1f5ccb2e04a5c3988d73a5ec99ddf826 method=POST path=/lingxi/v1/sessions/sess_local_alpha/execute status=200
2026-09-28T15:14:10.732555Z  INFO lingxi_service: request handled request_id=req-5e85fe514913118fff62db32842689c6 method=POST path=/lingxi/v1/sessions/sess_local_alpha/execute status=200
2026-09-28T15:14:10.732593Z  INFO lingxi_service: request handled request_id=req-5bea5d4f55fa32301763df0a911b5ea5 method=POST path=/lingxi/v1/sessions/sess_local_alpha/execute status=200
2026-09-28T15:14:10.732647Z  INFO lingxi_service: request handled request_id=req-39cc668acdef2d85d08f608587e0a784 method=POST path=/lingxi/v1/sessions/sess_local_alpha/execute status=200
2026-09-28T15:14:10.732687Z  INFO lingxi_service: request handled request_id=req-adb00b7136f2b93684e6d3183e9c5fbb method=POST path=/lingxi/v1/sessions/sess_local_alpha/execute status=200
2026-09-28T15:14:10.732755Z  INFO lingxi_service: request handled request_id=req-66c82cf8ca49faf8b1820a9849031a42 method=POST path=/lingxi/v1/sessions/sess_local_alpha/execute status=200
2026-09-28T15:14:10.732803Z  INFO lingxi_service: request handled request_id=req-af428d966578d7525258a9334c96d3b0 method=POST path=/lingxi/v1/sessions/sess_local_alpha/execute status=200
2026-09-28T15:14:10.734025Z  INFO lingxi_service::sessions: run committed and published (post-commit) run_id=run_000001a0e894a4ad_0002e9 session_id=sess_local_alpha events=run_000001a0e894a4ad_0002e9-done input_chars=17
2026-09-28T15:14:10.734294Z  INFO lingxi_service: request handled request_id=req-f8e4a9f769e3a753c21208ddb22056ea method=POST path=/lingxi/v1/sessions/sess_local_alpha/execute status=200
2026-09-28T15:14:10.734455Z  INFO lingxi_service::sessions: run committed and published (post-commit) run_id=run_000001a0e894a4ad_0002ea session_id=sess_local_alpha events=run_000001a0e894a4ad_0002ea-done input_chars=17
2026-09-28T15:14:10.735114Z  INFO lingxi_service: request handled request_id=req-c4bc4f1d70073015b66df744075162a5 method=POST path=/lingxi/v1/sessions/sess_local_alpha/execute status=200
2026-09-28T15:14:10.735226Z  INFO lingxi_service::sessions: run committed and published (post-commit) run_id=run_000001a0e894a4ae_0002eb session_id=sess_local_alpha events=run_000001a0e894a4ae_0002eb-done input_chars=17
2026-09-28T15:14:10.735365Z  INFO lingxi_service::sessions: run committed and published (post-commit) run_id=run_000001a0e894a4ae_0002ec session_id=sess_local_alpha events=run_000001a0e894a4ae_0002ec-done input_chars=17
2026-09-28T15:14:10.735505Z  INFO lingxi_service::sessions: run committed and published (post-commit) run_id=run_000001a0e894a4ae_0002ed session_id=sess_local_alpha events=run_000001a0e894a4ae_0002ed-done input_chars=17
2026-09-28T15:14:10.736437Z  INFO lingxi_service: request handled request_id=req-55c9ab0fa4baab4ff4fb9722e50c5890 method=POST path=/lingxi/v1/sessions/sess_local_alpha/execute status=200
2026-09-28T15:14:10.736483Z  INFO lingxi_service: request handled request_id=req-10c93b22fb5d105daec8eec8bc3bf78d method=POST path=/lingxi/v1/sessions/sess_local_alpha/execute status=200
2026-09-28T15:14:10.736538Z  INFO lingxi_service: request handled request_id=req-424fe90e0deb6a242893200bd7aafc49 method=POST path=/lingxi/v1/sessions/sess_local_alpha/execute status=200
2026-09-28T15:14:10.736700Z  INFO lingxi_service::sessions: run committed and published (post-commit) run_id=run_000001a0e894a4ae_0002ee session_id=sess_local_alpha events=run_000001a0e894a4ae_0002ee-done input_chars=17
2026-09-28T15:14:10.737084Z  INFO lingxi_service::sessions: run committed and published (post-commit) run_id=run_000001a0e894a4ae_0002ef session_id=sess_local_alpha events=run_000001a0e894a4ae_0002ef-done input_chars=17
2026-09-28T15:14:10.737230Z  INFO lingxi_service::sessions: run committed and published (post-commit) run_id=run_000001a0e894a4ae_0002f0 session_id=sess_local_alpha events=run_000001a0e894a4ae_0002f0-done input_chars=17
2026-09-28T15:14:10.737548Z  INFO lingxi_service::sessions: run committed and published (post-commit) run_id=run_000001a0e894a4ae_0002f1 session_id=sess_local_alpha events=run_000001a0e894a4ae_0002f1-done input_chars=17
2026-09-28T15:14:10.737840Z  INFO lingxi_service: request handled request_id=req-a73f1efd9fc03b19b8ebc3e3e13e1b9b method=POST path=/lingxi/v1/sessions/sess_local_alpha/execute status=200
2026-09-28T15:14:10.737935Z  INFO lingxi_service::sessions: run committed and published (post-commit) run_id=run_000001a0e894a4af_0002f2 session_id=sess_local_alpha events=run_000001a0e894a4af_0002f2-done input_chars=17
2026-09-28T15:14:10.738367Z  INFO lingxi_service: request handled request_id=req-6249af120767e21120b805e269b915fb method=POST path=/lingxi/v1/sessions/sess_local_alpha/execute status=200
2026-09-28T15:14:10.738418Z  INFO lingxi_service: request handled request_id=req-4a96d216d0609be650467d3af3c17cbc method=POST path=/lingxi/v1/sessions/sess_local_alpha/execute status=200
2026-09-28T15:14:10.738556Z  INFO lingxi_service::sessions: run committed and published (post-commit) run_id=run_000001a0e894a4af_0002f3 session_id=sess_local_alpha events=run_000001a0e894a4af_0002f3-done input_chars=17
2026-09-28T15:14:10.739107Z  INFO lingxi_service: request handled request_id=req-69bc6be70a7648270069cc03f87ef568 method=POST path=/lingxi/v1/sessions/sess_local_alpha/execute status=200
2026-09-28T15:14:10.739199Z  INFO lingxi_service::sessions: run committed and published (post-commit) run_id=run_000001a0e894a4af_0002f4 session_id=sess_local_alpha events=run_000001a0e894a4af_0002f4-done input_chars=17
2026-09-28T15:14:10.739788Z  INFO lingxi_service: request handled request_id=req-8ca032c59b5b539e3990041a2137b213 method=POST path=/lingxi/v1/sessions/sess_local_alpha/execute status=200
2026-09-28T15:14:10.739955Z  INFO lingxi_service::sessions: run committed and published (post-commit) run_id=run_000001a0e894a4af_0002f5 session_id=sess_local_alpha events=run_000001a0e894a4af_0002f5-done input_chars=17
2026-09-28T15:14:10.740139Z  INFO lingxi_service::sessions: run committed and published (post-commit) run_id=run_000001a0e894a4af_0002f6 session_id=sess_local_alpha events=run_000001a0e894a4af_0002f6-done input_chars=17
2026-09-28T15:14:10.740804Z  INFO lingxi_service: request handled request_id=req-d1cde313cfaf816ec638408aa996e189 method=POST path=/lingxi/v1/sessions/sess_local_alpha/execute status=200
2026-09-28T15:14:10.740901Z  INFO lingxi_service::sessions: run committed and published (post-commit) run_id=run_000001a0e894a4b0_0002f7 session_id=sess_local_alpha events=run_000001a0e894a4b0_0002f7-done input_chars=17
2026-09-28T15:14:10.741209Z  INFO lingxi_service::sessions: run committed and published (post-commit) run_id=run_000001a0e894a4b0_0002f8 session_id=sess_local_alpha events=run_000001a0e894a4b0_0002f8-done input_chars=17
2026-09-28T15:14:10.741323Z  INFO lingxi_service::sessions: run committed and published (post-commit) run_id=run_000001a0e894a4b0_0002f9 session_id=sess_local_alpha events=run_000001a0e894a4b0_0002f9-done input_chars=17
2026-09-28T15:14:10.741377Z  INFO lingxi_service: request handled request_id=req-13c35f7c865bf05fb401dc9ce0a541b1 method=POST path=/lingxi/v1/sessions/sess_local_alpha/execute status=200
2026-09-28T15:14:10.741482Z  INFO lingxi_service::sessions: run committed and published (post-commit) run_id=run_000001a0e894a4b0_0002fa session_id=sess_local_alpha events=run_000001a0e894a4b0_0002fa-done input_chars=17
2026-09-28T15:14:10.741649Z  INFO lingxi_service::sessions: run committed and published (post-commit) run_id=run_000001a0e894a4b0_0002fb session_id=sess_local_alpha events=run_000001a0e894a4b0_0002fb-done input_chars=17
2026-09-28T15:14:10.741759Z  INFO lingxi_service::sessions: run committed and published (post-commit) run_id=run_000001a0e894a4b0_0002fc session_id=sess_local_alpha events=run_000001a0e894a4b0_0002fc-done input_chars=17
2026-09-28T15:14:10.741815Z  INFO lingxi_service: request handled request_id=req-bc40854de87d9905270d841818dc4a2f method=POST path=/lingxi/v1/sessions/sess_local_alpha/execute status=200
2026-09-28T15:14:10.741858Z  INFO lingxi_service: request handled request_id=req-978b9a336e9149524f6bc1e690b504b6 method=POST path=/lingxi/v1/sessions/sess_local_alpha/execute status=200
2026-09-28T15:14:10.741965Z  INFO lingxi_service::sessions: run committed and published (post-commit) run_id=run_000001a0e894a4b1_0002fd session_id=sess_local_alpha events=run_000001a0e894a4b1_0002fd-done input_chars=17
2026-09-28T15:14:10.742083Z  INFO lingxi_service::sessions: run committed and published (post-commit) run_id=run_000001a0e894a4b1_0002fe session_id=sess_local_alpha events=run_000001a0e894a4b1_0002fe-done input_chars=17
2026-09-28T15:14:10.742263Z  INFO lingxi_service::sessions: run committed and published (post-commit) run_id=run_000001a0e894a4b1_0002ff session_id=sess_local_alpha events=run_000001a0e894a4b1_0002ff-done input_chars=17
2026-09-28T15:14:10.742318Z  INFO lingxi_service: request handled request_id=req-ccba86fe3e34c0417a5d3e0f10d0e177 method=POST path=/lingxi/v1/sessions/sess_local_alpha/execute status=200
2026-09-28T15:14:10.742421Z  INFO lingxi_service::sessions: run committed and published (post-commit) run_id=run_000001a0e894a4b1_000300 session_id=sess_local_alpha events=run_000001a0e894a4b1_000300-done input_chars=17
2026-09-28T15:14:10.742476Z  INFO lingxi_service: request handled request_id=req-fbd384e7b0b0065cf69369c845cd6637 method=POST path=/lingxi/v1/sessions/sess_local_alpha/execute status=200
2026-09-28T15:14:10.742518Z  INFO lingxi_service: request handled request_id=req-257c80113032ad3dd35208a92b765137 method=POST path=/lingxi/v1/sessions/sess_local_alpha/execute status=200
2026-09-28T15:14:10.742565Z  INFO lingxi_service: request handled request_id=req-db82b5943df1aeb7667f08d95801a65f method=POST path=/lingxi/v1/sessions/sess_local_alpha/execute status=200
2026-09-28T15:14:10.742624Z  INFO lingxi_service: request handled request_id=req-93f38011cad54a6b781793e259a508d4 method=POST path=/lingxi/v1/sessions/sess_local_alpha/execute status=200
2026-09-28T15:14:10.742661Z  INFO lingxi_service: request handled request_id=req-c3ffecfdaffd43d8e98a39e6d0a62738 method=POST path=/lingxi/v1/sessions/sess_local_alpha/execute status=200
2026-09-28T15:14:10.742717Z  INFO lingxi_service: request handled request_id=req-aa5ff6992ad6ca4344a8b1d5da1dc29c method=POST path=/lingxi/v1/sessions/sess_local_alpha/execute status=200
2026-09-28T15:14:10.742779Z  INFO lingxi_service: request handled request_id=req-77e6270793b5145ee1382f97d36e1d6d method=POST path=/lingxi/v1/sessions/sess_local_alpha/execute status=200
2026-09-28T15:14:10.742850Z  INFO lingxi_service: request handled request_id=req-02c822231822cf54b3a52956d25f9cb8 method=POST path=/lingxi/v1/sessions/sess_local_alpha/execute status=200
2026-09-28T15:14:10.742896Z  INFO lingxi_service: request handled request_id=req-b8c8e536074b8665f316dad0df20066e method=POST path=/lingxi/v1/sessions/sess_local_alpha/execute status=200
2026-09-28T15:14:10.744493Z  INFO lingxi_service::sessions: run committed and published (post-commit) run_id=run_000001a0e894a4b7_000301 session_id=sess_local_alpha events=run_000001a0e894a4b7_000301-done input_chars=17
2026-09-28T15:14:10.745129Z  INFO lingxi_service: request handled request_id=req-2789e45c8e0accc974ad9fcd37f54766 method=POST path=/lingxi/v1/sessions/sess_local_alpha/execute status=200
2026-09-28T15:14:10.745234Z  INFO lingxi_service::sessions: run committed and published (post-commit) run_id=run_000001a0e894a4b8_000302 session_id=sess_local_alpha events=run_000001a0e894a4b8_000302-done input_chars=17
2026-09-28T15:14:10.745405Z  INFO lingxi_service::sessions: run committed and published (post-commit) run_id=run_000001a0e894a4b8_000303 session_id=sess_local_alpha events=run_000001a0e894a4b8_000303-done input_chars=17
2026-09-28T15:14:10.745578Z  INFO lingxi_service::sessions: run committed and published (post-commit) run_id=run_000001a0e894a4b8_000304 session_id=sess_local_alpha events=run_000001a0e894a4b8_000304-done input_chars=17
2026-09-28T15:14:10.746010Z  INFO lingxi_service: request handled request_id=req-a3917fbfec413692160cf66e008f6d4c method=POST path=/lingxi/v1/sessions/sess_local_alpha/execute status=200
2026-09-28T15:14:10.746529Z  INFO lingxi_service: request handled request_id=req-d5d3b42ee6fbb1c7148a667820e839f6 method=POST path=/lingxi/v1/sessions/sess_local_alpha/execute status=200
2026-09-28T15:14:10.746829Z  INFO lingxi_service: request handled request_id=req-5af1ce9d1ba380e7bd59852592b2b48d method=POST path=/lingxi/v1/sessions/sess_local_alpha/execute status=200
2026-09-28T15:14:10.747033Z  INFO lingxi_service::sessions: run committed and published (post-commit) run_id=run_000001a0e894a4b8_000305 session_id=sess_local_alpha events=run_000001a0e894a4b8_000305-done input_chars=17
2026-09-28T15:14:10.747180Z  INFO lingxi_service::sessions: run committed and published (post-commit) run_id=run_000001a0e894a4b8_000306 session_id=sess_local_alpha events=run_000001a0e894a4b8_000306-done input_chars=17
2026-09-28T15:14:10.747867Z  INFO lingxi_service::sessions: run committed and published (post-commit) run_id=run_000001a0e894a4b8_000307 session_id=sess_local_alpha events=run_000001a0e894a4b8_000307-done input_chars=17
2026-09-28T15:14:10.747980Z  INFO lingxi_service::sessions: run committed and published (post-commit) run_id=run_000001a0e894a4b9_000308 session_id=sess_local_alpha events=run_000001a0e894a4b9_000308-done input_chars=17
2026-09-28T15:14:10.748272Z  INFO lingxi_service::sessions: run committed and published (post-commit) run_id=run_000001a0e894a4b9_000309 session_id=sess_local_alpha events=run_000001a0e894a4b9_000309-done input_chars=17
2026-09-28T15:14:10.749140Z  INFO lingxi_service: request handled request_id=req-da3dabd20f2a49175960ef94b6443460 method=POST path=/lingxi/v1/sessions/sess_local_alpha/execute status=200
2026-09-28T15:14:10.749195Z  INFO lingxi_service: request handled request_id=req-97b48788025f56c9fa95bf8ec2a24362 method=POST path=/lingxi/v1/sessions/sess_local_alpha/execute status=200
2026-09-28T15:14:10.749315Z  INFO lingxi_service::sessions: run committed and published (post-commit) run_id=run_000001a0e894a4b9_00030a session_id=sess_local_alpha events=run_000001a0e894a4b9_00030a-done input_chars=17
2026-09-28T15:14:10.749448Z  INFO lingxi_service::sessions: run committed and published (post-commit) run_id=run_000001a0e894a4b9_00030b session_id=sess_local_alpha events=run_000001a0e894a4b9_00030b-done input_chars=17
2026-09-28T15:14:10.749606Z  INFO lingxi_service::sessions: run committed and published (post-commit) run_id=run_000001a0e894a4b9_00030c session_id=sess_local_alpha events=run_000001a0e894a4b9_00030c-done input_chars=17
2026-09-28T15:14:10.750062Z  INFO lingxi_service: request handled request_id=req-edc8ad8f6526dcc45d7e79feeddb5ceb method=POST path=/lingxi/v1/sessions/sess_local_alpha/execute status=200
2026-09-28T15:14:10.750105Z  INFO lingxi_service: request handled request_id=req-b5eef3b706424447ae9c0059acd249c7 method=POST path=/lingxi/v1/sessions/sess_local_alpha/execute status=200
2026-09-28T15:14:10.750263Z  INFO lingxi_service::sessions: run committed and published (post-commit) run_id=run_000001a0e894a4b9_00030d session_id=sess_local_alpha events=run_000001a0e894a4b9_00030d-done input_chars=17
2026-09-28T15:14:10.750712Z  INFO lingxi_service: request handled request_id=req-65f6fe66db3dbd9df495f791b47d642c method=POST path=/lingxi/v1/sessions/sess_local_alpha/execute status=200
2026-09-28T15:14:10.750831Z  INFO lingxi_service::sessions: run committed and published (post-commit) run_id=run_000001a0e894a4b9_00030e session_id=sess_local_alpha events=run_000001a0e894a4b9_00030e-done input_chars=17
2026-09-28T15:14:10.750950Z  INFO lingxi_service::sessions: run committed and published (post-commit) run_id=run_000001a0e894a4b9_00030f session_id=sess_local_alpha events=run_000001a0e894a4b9_00030f-done input_chars=17
2026-09-28T15:14:10.751829Z  INFO lingxi_service: request handled request_id=req-f551071a712c75284a5efa3080074b47 method=POST path=/lingxi/v1/sessions/sess_local_alpha/execute status=200
2026-09-28T15:14:10.751878Z  INFO lingxi_service: request handled request_id=req-05b7ab96b838764c95626fe9ab40dfcf method=POST path=/lingxi/v1/sessions/sess_local_alpha/execute status=200
2026-09-28T15:14:10.751918Z  INFO lingxi_service: request handled request_id=req-caea216e3b9ec3004d167a71ee1a93f2 method=POST path=/lingxi/v1/sessions/sess_local_alpha/execute status=200
2026-09-28T15:14:10.752026Z  INFO lingxi_service::sessions: run committed and published (post-commit) run_id=run_000001a0e894a4ba_000310 session_id=sess_local_alpha events=run_000001a0e894a4ba_000310-done input_chars=17
2026-09-28T15:14:10.752142Z  INFO lingxi_service::sessions: run committed and published (post-commit) run_id=run_000001a0e894a4ba_000311 session_id=sess_local_alpha events=run_000001a0e894a4ba_000311-done input_chars=17
2026-09-28T15:14:10.752199Z  INFO lingxi_service: request handled request_id=req-aef589505f21e25d1bcea8496769c119 method=POST path=/lingxi/v1/sessions/sess_local_alpha/execute status=200
2026-09-28T15:14:10.752303Z  INFO lingxi_service::sessions: run committed and published (post-commit) run_id=run_000001a0e894a4ba_000312 session_id=sess_local_alpha events=run_000001a0e894a4ba_000312-done input_chars=17
2026-09-28T15:14:10.752421Z  INFO lingxi_service::sessions: run committed and published (post-commit) run_id=run_000001a0e894a4ba_000313 session_id=sess_local_alpha events=run_000001a0e894a4ba_000313-done input_chars=17
2026-09-28T15:14:10.752475Z  INFO lingxi_service: request handled request_id=req-dfe52102834490e8506183ef629bf3b4 method=POST path=/lingxi/v1/sessions/sess_local_alpha/execute status=200
2026-09-28T15:14:10.752525Z  INFO lingxi_service: request handled request_id=req-d40fdb3354ba3a6036adbf7603acc1fb method=POST path=/lingxi/v1/sessions/sess_local_alpha/execute status=200
2026-09-28T15:14:10.752627Z  INFO lingxi_service::sessions: run committed and published (post-commit) run_id=run_000001a0e894a4bb_000314 session_id=sess_local_alpha events=run_000001a0e894a4bb_000314-done input_chars=17
2026-09-28T15:14:10.752748Z  INFO lingxi_service::sessions: run committed and published (post-commit) run_id=run_000001a0e894a4bb_000315 session_id=sess_local_alpha events=run_000001a0e894a4bb_000315-done input_chars=17
2026-09-28T15:14:10.752921Z  INFO lingxi_service::sessions: run committed and published (post-commit) run_id=run_000001a0e894a4bb_000316 session_id=sess_local_alpha events=run_000001a0e894a4bb_000316-done input_chars=17
2026-09-28T15:14:10.753079Z  INFO lingxi_service::sessions: run committed and published (post-commit) run_id=run_000001a0e894a4bb_000317 session_id=sess_local_alpha events=run_000001a0e894a4bb_000317-done input_chars=17
2026-09-28T15:14:10.753224Z  INFO lingxi_service::sessions: run committed and published (post-commit) run_id=run_000001a0e894a4bb_000318 session_id=sess_local_alpha events=run_000001a0e894a4bb_000318-done input_chars=17
2026-09-28T15:14:10.753295Z  INFO lingxi_service: request handled request_id=req-321a0d76f48274c46fa71d236dfc6d12 method=POST path=/lingxi/v1/sessions/sess_local_alpha/execute status=200
2026-09-28T15:14:10.753348Z  INFO lingxi_service: request handled request_id=req-b3b6162e269db16dd86ee29db1992f44 method=POST path=/lingxi/v1/sessions/sess_local_alpha/execute status=200
2026-09-28T15:14:10.753416Z  INFO lingxi_service: request handled request_id=req-6688fea4d1b643e521d676358c05339d method=POST path=/lingxi/v1/sessions/sess_local_alpha/execute status=200
2026-09-28T15:14:10.753447Z  INFO lingxi_service: request handled request_id=req-767d817d8f4260d0a4b740beef2ff363 method=POST path=/lingxi/v1/sessions/sess_local_alpha/execute status=200
2026-09-28T15:14:10.753510Z  INFO lingxi_service: request handled request_id=req-fabe0e8f787df3cf808151a9a6f77644 method=POST path=/lingxi/v1/sessions/sess_local_alpha/execute status=200
2026-09-28T15:14:10.753551Z  INFO lingxi_service: request handled request_id=req-cc080e174e035976913f06dc70e7393b method=POST path=/lingxi/v1/sessions/sess_local_alpha/execute status=200
2026-09-28T15:14:10.753615Z  INFO lingxi_service: request handled request_id=req-b97f0360723898e2c1704daa211b60aa method=POST path=/lingxi/v1/sessions/sess_local_alpha/execute status=200
2026-09-28T15:14:10.753650Z  INFO lingxi_service: request handled request_id=req-5897a3f6a0b1b4730601fa6ff0640a76 method=POST path=/lingxi/v1/sessions/sess_local_alpha/execute status=200
2026-09-28T15:14:10.753698Z  INFO lingxi_service: request handled request_id=req-3b3eda09356dd30ed78ecca7d5313cb9 method=POST path=/lingxi/v1/sessions/sess_local_alpha/execute status=200
2026-09-28T15:14:10.755097Z  INFO lingxi_service::sessions: run committed and published (post-commit) run_id=run_000001a0e894a4c2_000319 session_id=sess_local_alpha events=run_000001a0e894a4c2_000319-done input_chars=17
2026-09-28T15:14:10.755769Z  INFO lingxi_service: request handled request_id=req-0a5beb418451189cae13ef437ab49f1d method=POST path=/lingxi/v1/sessions/sess_local_alpha/execute status=200
2026-09-28T15:14:10.755913Z  INFO lingxi_service::sessions: run committed and published (post-commit) run_id=run_000001a0e894a4c2_00031a session_id=sess_local_alpha events=run_000001a0e894a4c2_00031a-done input_chars=17
2026-09-28T15:14:10.756081Z  INFO lingxi_service::sessions: run committed and published (post-commit) run_id=run_000001a0e894a4c2_00031b session_id=sess_local_alpha events=run_000001a0e894a4c2_00031b-done input_chars=17
2026-09-28T15:14:10.756382Z  INFO lingxi_service::sessions: run committed and published (post-commit) run_id=run_000001a0e894a4c2_00031c session_id=sess_local_alpha events=run_000001a0e894a4c2_00031c-done input_chars=17
2026-09-28T15:14:10.757436Z  INFO lingxi_service: request handled request_id=req-b2fb5fba37cc6aa047a6b10a2e6aa174 method=POST path=/lingxi/v1/sessions/sess_local_alpha/execute status=200
2026-09-28T15:14:10.757850Z  INFO lingxi_service: request handled request_id=req-8d59b34552c5e209fb1687e24a622ca4 method=POST path=/lingxi/v1/sessions/sess_local_alpha/execute status=200
2026-09-28T15:14:10.757922Z  INFO lingxi_service: request handled request_id=req-011419559dd7b37bb8cbe0e72dc99af0 method=POST path=/lingxi/v1/sessions/sess_local_alpha/execute status=200
2026-09-28T15:14:10.758045Z  INFO lingxi_service::sessions: run committed and published (post-commit) run_id=run_000001a0e894a4c2_00031d session_id=sess_local_alpha events=run_000001a0e894a4c2_00031d-done input_chars=17
2026-09-28T15:14:10.758203Z  INFO lingxi_service::sessions: run committed and published (post-commit) run_id=run_000001a0e894a4c3_00031e session_id=sess_local_alpha events=run_000001a0e894a4c3_00031e-done input_chars=17
2026-09-28T15:14:10.758317Z  INFO lingxi_service::sessions: run committed and published (post-commit) run_id=run_000001a0e894a4c3_00031f session_id=sess_local_alpha events=run_000001a0e894a4c3_00031f-done input_chars=17
2026-09-28T15:14:10.758468Z  INFO lingxi_service::sessions: run committed and published (post-commit) run_id=run_000001a0e894a4c3_000320 session_id=sess_local_alpha events=run_000001a0e894a4c3_000320-done input_chars=17
2026-09-28T15:14:10.758603Z  INFO lingxi_service::sessions: run committed and published (post-commit) run_id=run_000001a0e894a4c3_000321 session_id=sess_local_alpha events=run_000001a0e894a4c3_000321-done input_chars=17
2026-09-28T15:14:10.758754Z  INFO lingxi_service::sessions: run committed and published (post-commit) run_id=run_000001a0e894a4c3_000322 session_id=sess_local_alpha events=run_000001a0e894a4c3_000322-done input_chars=17
2026-09-28T15:14:10.758864Z  INFO lingxi_service::sessions: run committed and published (post-commit) run_id=run_000001a0e894a4c3_000323 session_id=sess_local_alpha events=run_000001a0e894a4c3_000323-done input_chars=17
2026-09-28T15:14:10.760158Z  INFO lingxi_service: request handled request_id=req-126ebc96a388e18360e891b6753195dc method=POST path=/lingxi/v1/sessions/sess_local_alpha/execute status=200
2026-09-28T15:14:10.760194Z  INFO lingxi_service: request handled request_id=req-d5546ba4a435ee033578fd285f278697 method=POST path=/lingxi/v1/sessions/sess_local_alpha/execute status=200
2026-09-28T15:14:10.760640Z  INFO lingxi_service: request handled request_id=req-8b5ac3e63700972d0f977e038eb9bdbd method=POST path=/lingxi/v1/sessions/sess_local_alpha/execute status=200
2026-09-28T15:14:10.761023Z  INFO lingxi_service: request handled request_id=req-a19fd8a3676867d0a8d696e72ce9cb99 method=POST path=/lingxi/v1/sessions/sess_local_alpha/execute status=200
2026-09-28T15:14:10.761403Z  INFO lingxi_service: request handled request_id=req-71314262d62f5b4536e127ed8ed3cfb5 method=POST path=/lingxi/v1/sessions/sess_local_alpha/execute status=200
2026-09-28T15:14:10.761452Z  INFO lingxi_service: request handled request_id=req-108e2f9e33456d7fee8c8fd8c28e4eab method=POST path=/lingxi/v1/sessions/sess_local_alpha/execute status=200
2026-09-28T15:14:10.761495Z  INFO lingxi_service: request handled request_id=req-c94ff31426bc11c20f6860d20bfe6a29 method=POST path=/lingxi/v1/sessions/sess_local_alpha/execute status=200
2026-09-28T15:14:10.761620Z  INFO lingxi_service::sessions: run committed and published (post-commit) run_id=run_000001a0e894a4c4_000324 session_id=sess_local_alpha events=run_000001a0e894a4c4_000324-done input_chars=17
2026-09-28T15:14:10.761779Z  INFO lingxi_service::sessions: run committed and published (post-commit) run_id=run_000001a0e894a4c4_000325 session_id=sess_local_alpha events=run_000001a0e894a4c4_000325-done input_chars=17
2026-09-28T15:14:10.761911Z  INFO lingxi_service::sessions: run committed and published (post-commit) run_id=run_000001a0e894a4c4_000326 session_id=sess_local_alpha events=run_000001a0e894a4c4_000326-done input_chars=17
2026-09-28T15:14:10.762023Z  INFO lingxi_service::sessions: run committed and published (post-commit) run_id=run_000001a0e894a4c4_000327 session_id=sess_local_alpha events=run_000001a0e894a4c4_000327-done input_chars=17
2026-09-28T15:14:10.762161Z  INFO lingxi_service::sessions: run committed and published (post-commit) run_id=run_000001a0e894a4c4_000328 session_id=sess_local_alpha events=run_000001a0e894a4c4_000328-done input_chars=17
2026-09-28T15:14:10.762269Z  INFO lingxi_service::sessions: run committed and published (post-commit) run_id=run_000001a0e894a4c4_000329 session_id=sess_local_alpha events=run_000001a0e894a4c4_000329-done input_chars=17
2026-09-28T15:14:10.762386Z  INFO lingxi_service::sessions: run committed and published (post-commit) run_id=run_000001a0e894a4c4_00032a session_id=sess_local_alpha events=run_000001a0e894a4c4_00032a-done input_chars=17
2026-09-28T15:14:10.762503Z  INFO lingxi_service::sessions: run committed and published (post-commit) run_id=run_000001a0e894a4c5_00032b session_id=sess_local_alpha events=run_000001a0e894a4c5_00032b-done input_chars=17
2026-09-28T15:14:10.762631Z  INFO lingxi_service::sessions: run committed and published (post-commit) run_id=run_000001a0e894a4c5_00032c session_id=sess_local_alpha events=run_000001a0e894a4c5_00032c-done input_chars=17
2026-09-28T15:14:10.762780Z  INFO lingxi_service::sessions: run committed and published (post-commit) run_id=run_000001a0e894a4c5_00032d session_id=sess_local_alpha events=run_000001a0e894a4c5_00032d-done input_chars=17
2026-09-28T15:14:10.762948Z  INFO lingxi_service::sessions: run committed and published (post-commit) run_id=run_000001a0e894a4c5_00032e session_id=sess_local_alpha events=run_000001a0e894a4c5_00032e-done input_chars=17
2026-09-28T15:14:10.763094Z  INFO lingxi_service::sessions: run committed and published (post-commit) run_id=run_000001a0e894a4c5_00032f session_id=sess_local_alpha events=run_000001a0e894a4c5_00032f-done input_chars=17
2026-09-28T15:14:10.763248Z  INFO lingxi_service::sessions: run committed and published (post-commit) run_id=run_000001a0e894a4c5_000330 session_id=sess_local_alpha events=run_000001a0e894a4c5_000330-done input_chars=17
2026-09-28T15:14:10.763322Z  INFO lingxi_service: request handled request_id=req-ac5fbd0fb8b9cf637ca91bb894e44cad method=POST path=/lingxi/v1/sessions/sess_local_alpha/execute status=200
2026-09-28T15:14:10.763365Z  INFO lingxi_service: request handled request_id=req-b5faac47919ad39b96be3dae7b8680be method=POST path=/lingxi/v1/sessions/sess_local_alpha/execute status=200
2026-09-28T15:14:10.763416Z  INFO lingxi_service: request handled request_id=req-b7ea1837cd89ee81cd751a6c0876cb91 method=POST path=/lingxi/v1/sessions/sess_local_alpha/execute status=200
2026-09-28T15:14:10.763469Z  INFO lingxi_service: request handled request_id=req-d56cc07bf7e92ef3f02a332bf09e407c method=POST path=/lingxi/v1/sessions/sess_local_alpha/execute status=200
2026-09-28T15:14:10.763511Z  INFO lingxi_service: request handled request_id=req-b3353724de7a77d7a6f16a14912b2b52 method=POST path=/lingxi/v1/sessions/sess_local_alpha/execute status=200
2026-09-28T15:14:10.763566Z  INFO lingxi_service: request handled request_id=req-1a0b313df4019f3493c1e6887ce41e2b method=POST path=/lingxi/v1/sessions/sess_local_alpha/execute status=200
2026-09-28T15:14:10.763610Z  INFO lingxi_service: request handled request_id=req-9c567851bb5c2fbcb23e73e607034e9c method=POST path=/lingxi/v1/sessions/sess_local_alpha/execute status=200
2026-09-28T15:14:10.763662Z  INFO lingxi_service: request handled request_id=req-f76caae4b3d0c67a12557a5f8b3b8ea5 method=POST path=/lingxi/v1/sessions/sess_local_alpha/execute status=200
2026-09-28T15:14:10.763732Z  INFO lingxi_service: request handled request_id=req-988c8aee3ef29f8754030530fd4f5d9e method=POST path=/lingxi/v1/sessions/sess_local_alpha/execute status=200
2026-09-28T15:14:10.763760Z  INFO lingxi_service: request handled request_id=req-c23d749f09c42a90cde0184da52a9d7d method=POST path=/lingxi/v1/sessions/sess_local_alpha/execute status=200
2026-09-28T15:14:10.763799Z  INFO lingxi_service: request handled request_id=req-c2ab8c98fadee4c335bcd8bfdc5a68b2 method=POST path=/lingxi/v1/sessions/sess_local_alpha/execute status=200
2026-09-28T15:14:10.763862Z  INFO lingxi_service: request handled request_id=req-dc458a40359ce562ca4023c9ea3d9167 method=POST path=/lingxi/v1/sessions/sess_local_alpha/execute status=200
2026-09-28T15:14:10.763902Z  INFO lingxi_service: request handled request_id=req-4cb45eede4f6e97a41a8dc2eed1d613c method=POST path=/lingxi/v1/sessions/sess_local_alpha/execute status=200
2026-09-28T15:14:10.765287Z  INFO lingxi_service::sessions: run committed and published (post-commit) run_id=run_000001a0e894a4cc_000331 session_id=sess_local_alpha events=run_000001a0e894a4cc_000331-done input_chars=17
2026-09-28T15:14:10.765819Z  INFO lingxi_service: request handled request_id=req-82fb95778e9dbc68eae0981189986783 method=POST path=/lingxi/v1/sessions/sess_local_alpha/execute status=200
2026-09-28T15:14:10.765924Z  INFO lingxi_service::sessions: run committed and published (post-commit) run_id=run_000001a0e894a4cc_000332 session_id=sess_local_alpha events=run_000001a0e894a4cc_000332-done input_chars=17
2026-09-28T15:14:10.766395Z  INFO lingxi_service::sessions: run committed and published (post-commit) run_id=run_000001a0e894a4cd_000333 session_id=sess_local_alpha events=run_000001a0e894a4cd_000333-done input_chars=17
2026-09-28T15:14:10.766714Z  INFO lingxi_service: request handled request_id=req-a91e984ec4cdb626a151477bc2ceed26 method=POST path=/lingxi/v1/sessions/sess_local_alpha/execute status=200
2026-09-28T15:14:10.766895Z  INFO lingxi_service::sessions: run committed and published (post-commit) run_id=run_000001a0e894a4cd_000334 session_id=sess_local_alpha events=run_000001a0e894a4cd_000334-done input_chars=17
2026-09-28T15:14:10.767231Z  INFO lingxi_service: request handled request_id=req-babf4f88c567e3a6d620f56e5b57f920 method=POST path=/lingxi/v1/sessions/sess_local_alpha/execute status=200
2026-09-28T15:14:10.767419Z  INFO lingxi_service::sessions: run committed and published (post-commit) run_id=run_000001a0e894a4cd_000335 session_id=sess_local_alpha events=run_000001a0e894a4cd_000335-done input_chars=17
2026-09-28T15:14:10.767863Z  INFO lingxi_service: request handled request_id=req-01e4696361181e07ff9a7642ae7dcb13 method=POST path=/lingxi/v1/sessions/sess_local_alpha/execute status=200
2026-09-28T15:14:10.767964Z  INFO lingxi_service::sessions: run committed and published (post-commit) run_id=run_000001a0e894a4cd_000336 session_id=sess_local_alpha events=run_000001a0e894a4cd_000336-done input_chars=17
2026-09-28T15:14:10.769323Z  INFO lingxi_service: request handled request_id=req-e20d5492248fb2d58fd13b84c37f787d method=POST path=/lingxi/v1/sessions/sess_local_alpha/execute status=200
2026-09-28T15:14:10.769471Z  INFO lingxi_service::sessions: run committed and published (post-commit) run_id=run_000001a0e894a4cd_000337 session_id=sess_local_alpha events=run_000001a0e894a4cd_000337-done input_chars=17
2026-09-28T15:14:10.769631Z  INFO lingxi_service::sessions: run committed and published (post-commit) run_id=run_000001a0e894a4cd_000338 session_id=sess_local_alpha events=run_000001a0e894a4cd_000338-done input_chars=17
2026-09-28T15:14:10.769739Z  INFO lingxi_service: request handled request_id=req-1623535ed954d9d288f56fef6edff098 method=POST path=/lingxi/v1/sessions/sess_local_alpha/execute status=200
2026-09-28T15:14:10.769891Z  INFO lingxi_service::sessions: run committed and published (post-commit) run_id=run_000001a0e894a4ce_000339 session_id=sess_local_alpha events=run_000001a0e894a4ce_000339-done input_chars=17
2026-09-28T15:14:10.770091Z  INFO lingxi_service::sessions: run committed and published (post-commit) run_id=run_000001a0e894a4ce_00033a session_id=sess_local_alpha events=run_000001a0e894a4ce_00033a-done input_chars=17
2026-09-28T15:14:10.770278Z  INFO lingxi_service::sessions: run committed and published (post-commit) run_id=run_000001a0e894a4ce_00033b session_id=sess_local_alpha events=run_000001a0e894a4ce_00033b-done input_chars=17
2026-09-28T15:14:10.770391Z  INFO lingxi_service::sessions: run committed and published (post-commit) run_id=run_000001a0e894a4ce_00033c session_id=sess_local_alpha events=run_000001a0e894a4ce_00033c-done input_chars=17
2026-09-28T15:14:10.770682Z  INFO lingxi_service::sessions: run committed and published (post-commit) run_id=run_000001a0e894a4ce_00033d session_id=sess_local_alpha events=run_000001a0e894a4ce_00033d-done input_chars=17
2026-09-28T15:14:10.770796Z  INFO lingxi_service::sessions: run committed and published (post-commit) run_id=run_000001a0e894a4ce_00033e session_id=sess_local_alpha events=run_000001a0e894a4ce_00033e-done input_chars=17
2026-09-28T15:14:10.770906Z  INFO lingxi_service::sessions: run committed and published (post-commit) run_id=run_000001a0e894a4ce_00033f session_id=sess_local_alpha events=run_000001a0e894a4ce_00033f-done input_chars=17
2026-09-28T15:14:10.771125Z  INFO lingxi_service: request handled request_id=req-2514a3f297c7181f2fddbfd66f5939ca method=POST path=/lingxi/v1/sessions/sess_local_alpha/execute status=200
2026-09-28T15:14:10.771538Z  INFO lingxi_service: request handled request_id=req-6023825dfd40f53446a018492a8f3dd6 method=POST path=/lingxi/v1/sessions/sess_local_alpha/execute status=200
2026-09-28T15:14:10.772538Z  INFO lingxi_service: request handled request_id=req-12ccf8c79c51b24118247536f9dfa169 method=POST path=/lingxi/v1/sessions/sess_local_alpha/execute status=200
2026-09-28T15:14:10.773075Z  INFO lingxi_service: request handled request_id=req-5c29e2a5da2d1513206510e8fdc508e3 method=POST path=/lingxi/v1/sessions/sess_local_alpha/execute status=200
2026-09-28T15:14:10.773123Z  INFO lingxi_service: request handled request_id=req-9940c61613fbddd41346bea0133147ed method=POST path=/lingxi/v1/sessions/sess_local_alpha/execute status=200
2026-09-28T15:14:10.773195Z  INFO lingxi_service: request handled request_id=req-36dc17eb027e1670606d8e34a90fd6cd method=POST path=/lingxi/v1/sessions/sess_local_alpha/execute status=200
2026-09-28T15:14:10.773329Z  INFO lingxi_service::sessions: run committed and published (post-commit) run_id=run_000001a0e894a4cf_000340 session_id=sess_local_alpha events=run_000001a0e894a4cf_000340-done input_chars=17
2026-09-28T15:14:10.773392Z  INFO lingxi_service: request handled request_id=req-ae7a0258ed560c8b50c40e1bd6f55bdb method=POST path=/lingxi/v1/sessions/sess_local_alpha/execute status=200
2026-09-28T15:14:10.773466Z  INFO lingxi_service: request handled request_id=req-5bf63599e324378984f5329ca70fd98d method=POST path=/lingxi/v1/sessions/sess_local_alpha/execute status=200
2026-09-28T15:14:10.773513Z  INFO lingxi_service: request handled request_id=req-2df143205b12f62c0effeb726857d0cd method=POST path=/lingxi/v1/sessions/sess_local_alpha/execute status=200
2026-09-28T15:14:10.773651Z  INFO lingxi_service::sessions: run committed and published (post-commit) run_id=run_000001a0e894a4cf_000341 session_id=sess_local_alpha events=run_000001a0e894a4cf_000341-done input_chars=17
2026-09-28T15:14:10.773805Z  INFO lingxi_service::sessions: run committed and published (post-commit) run_id=run_000001a0e894a4cf_000342 session_id=sess_local_alpha events=run_000001a0e894a4cf_000342-done input_chars=17
2026-09-28T15:14:10.773932Z  INFO lingxi_service::sessions: run committed and published (post-commit) run_id=run_000001a0e894a4cf_000343 session_id=sess_local_alpha events=run_000001a0e894a4cf_000343-done input_chars=17
2026-09-28T15:14:10.774042Z  INFO lingxi_service::sessions: run committed and published (post-commit) run_id=run_000001a0e894a4d0_000344 session_id=sess_local_alpha events=run_000001a0e894a4d0_000344-done input_chars=17
2026-09-28T15:14:10.774164Z  INFO lingxi_service::sessions: run committed and published (post-commit) run_id=run_000001a0e894a4d0_000345 session_id=sess_local_alpha events=run_000001a0e894a4d0_000345-done input_chars=17
2026-09-28T15:14:10.774279Z  INFO lingxi_service::sessions: run committed and published (post-commit) run_id=run_000001a0e894a4d0_000346 session_id=sess_local_alpha events=run_000001a0e894a4d0_000346-done input_chars=17
2026-09-28T15:14:10.774395Z  INFO lingxi_service::sessions: run committed and published (post-commit) run_id=run_000001a0e894a4d0_000347 session_id=sess_local_alpha events=run_000001a0e894a4d0_000347-done input_chars=17
2026-09-28T15:14:10.774504Z  INFO lingxi_service::sessions: run committed and published (post-commit) run_id=run_000001a0e894a4d0_000348 session_id=sess_local_alpha events=run_000001a0e894a4d0_000348-done input_chars=17
2026-09-28T15:14:10.774567Z  INFO lingxi_service: request handled request_id=req-1fe425a00d6bc9122c432c56012176f6 method=POST path=/lingxi/v1/sessions/sess_local_alpha/execute status=200
2026-09-28T15:14:10.774613Z  INFO lingxi_service: request handled request_id=req-e67a6990f618374d3f7719c3b5962f5a method=POST path=/lingxi/v1/sessions/sess_local_alpha/execute status=200
2026-09-28T15:14:10.774658Z  INFO lingxi_service: request handled request_id=req-adc1be12dd020834de8f58119fdbd394 method=POST path=/lingxi/v1/sessions/sess_local_alpha/execute status=200
2026-09-28T15:14:10.774706Z  INFO lingxi_service: request handled request_id=req-824484e4570aba710423a7f6e2179290 method=POST path=/lingxi/v1/sessions/sess_local_alpha/execute status=200
2026-09-28T15:14:10.774762Z  INFO lingxi_service: request handled request_id=req-10b1877179b3213f2fed5ceee598e820 method=POST path=/lingxi/v1/sessions/sess_local_alpha/execute status=200
2026-09-28T15:14:10.774805Z  INFO lingxi_service: request handled request_id=req-c8ab9b108ce17f9d8b82596d9aabd44f method=POST path=/lingxi/v1/sessions/sess_local_alpha/execute status=200
2026-09-28T15:14:10.774850Z  INFO lingxi_service: request handled request_id=req-09dc7a76a82963ca5df29d7b4801c559 method=POST path=/lingxi/v1/sessions/sess_local_alpha/execute status=200
2026-09-28T15:14:10.774902Z  INFO lingxi_service: request handled request_id=req-d0bbf2d56d59d0c9126a760feba2b0d1 method=POST path=/lingxi/v1/sessions/sess_local_alpha/execute status=200
2026-09-28T15:14:10.774953Z  INFO lingxi_service: request handled request_id=req-6bc1739fcd953002149fdb84265df85d method=POST path=/lingxi/v1/sessions/sess_local_alpha/execute status=200
2026-09-28T15:14:10.776469Z  INFO lingxi_service::sessions: run committed and published (post-commit) run_id=run_000001a0e894a4d7_000349 session_id=sess_local_alpha events=run_000001a0e894a4d7_000349-done input_chars=17
2026-09-28T15:14:10.777596Z  INFO lingxi_service: request handled request_id=req-6cfa60bad6c842094540b23b12d43687 method=POST path=/lingxi/v1/sessions/sess_local_alpha/execute status=200
2026-09-28T15:14:10.777790Z  INFO lingxi_service::sessions: run committed and published (post-commit) run_id=run_000001a0e894a4d7_00034a session_id=sess_local_alpha events=run_000001a0e894a4d7_00034a-done input_chars=17
2026-09-28T15:14:10.777964Z  INFO lingxi_service::sessions: run committed and published (post-commit) run_id=run_000001a0e894a4d7_00034b session_id=sess_local_alpha events=run_000001a0e894a4d7_00034b-done input_chars=17
2026-09-28T15:14:10.778327Z  INFO lingxi_service::sessions: run committed and published (post-commit) run_id=run_000001a0e894a4d8_00034c session_id=sess_local_alpha events=run_000001a0e894a4d8_00034c-done input_chars=17
2026-09-28T15:14:10.778679Z  INFO lingxi_service::sessions: run committed and published (post-commit) run_id=run_000001a0e894a4d8_00034d session_id=sess_local_alpha events=run_000001a0e894a4d8_00034d-done input_chars=17
2026-09-28T15:14:10.778854Z  INFO lingxi_service::sessions: run committed and published (post-commit) run_id=run_000001a0e894a4d8_00034e session_id=sess_local_alpha events=run_000001a0e894a4d8_00034e-done input_chars=17
2026-09-28T15:14:10.779456Z  INFO lingxi_service: request handled request_id=req-85763767f52a3e0823846e941ae3cce3 method=POST path=/lingxi/v1/sessions/sess_local_alpha/execute status=200
2026-09-28T15:14:10.779519Z  INFO lingxi_service: request handled request_id=req-07470797b0f31cfd4d40b597de00f55e method=POST path=/lingxi/v1/sessions/sess_local_alpha/execute status=200
2026-09-28T15:14:10.779651Z  INFO lingxi_service::sessions: run committed and published (post-commit) run_id=run_000001a0e894a4d8_00034f session_id=sess_local_alpha events=run_000001a0e894a4d8_00034f-done input_chars=17
2026-09-28T15:14:10.780053Z  INFO lingxi_service: request handled request_id=req-78fdaaef3196e5a49974583db3055c9b method=POST path=/lingxi/v1/sessions/sess_local_alpha/execute status=200
2026-09-28T15:14:10.780155Z  INFO lingxi_service::sessions: run committed and published (post-commit) run_id=run_000001a0e894a4d8_000350 session_id=sess_local_alpha events=run_000001a0e894a4d8_000350-done input_chars=17
2026-09-28T15:14:10.780393Z  INFO lingxi_service: request handled request_id=req-c00723da399287ed94a0501812f0202d method=POST path=/lingxi/v1/sessions/sess_local_alpha/execute status=200
2026-09-28T15:14:10.780458Z  INFO lingxi_service: request handled request_id=req-2145aa0c7e7234d6fa0d0b45af34e9d1 method=POST path=/lingxi/v1/sessions/sess_local_alpha/execute status=200
2026-09-28T15:14:10.780582Z  INFO lingxi_service::sessions: run committed and published (post-commit) run_id=run_000001a0e894a4d8_000351 session_id=sess_local_alpha events=run_000001a0e894a4d8_000351-done input_chars=17
2026-09-28T15:14:10.780844Z  INFO lingxi_service::sessions: run committed and published (post-commit) run_id=run_000001a0e894a4d8_000352 session_id=sess_local_alpha events=run_000001a0e894a4d8_000352-done input_chars=17
2026-09-28T15:14:10.781199Z  INFO lingxi_service: request handled request_id=req-9531f379afd9f63bc18d26fbc8a36799 method=POST path=/lingxi/v1/sessions/sess_local_alpha/execute status=200
2026-09-28T15:14:10.781305Z  INFO lingxi_service::sessions: run committed and published (post-commit) run_id=run_000001a0e894a4d8_000353 session_id=sess_local_alpha events=run_000001a0e894a4d8_000353-done input_chars=17
2026-09-28T15:14:10.781734Z  INFO lingxi_service::sessions: run committed and published (post-commit) run_id=run_000001a0e894a4d9_000354 session_id=sess_local_alpha events=run_000001a0e894a4d9_000354-done input_chars=17
2026-09-28T15:14:10.782115Z  INFO lingxi_service: request handled request_id=req-edb0eb07d7aa0f4a8ad47948ab7ab7d4 method=POST path=/lingxi/v1/sessions/sess_local_alpha/execute status=200
2026-09-28T15:14:10.782239Z  INFO lingxi_service::sessions: run committed and published (post-commit) run_id=run_000001a0e894a4d9_000355 session_id=sess_local_alpha events=run_000001a0e894a4d9_000355-done input_chars=17
2026-09-28T15:14:10.782920Z  INFO lingxi_service: request handled request_id=req-41bdedaaed5b6ace1f4dee4a7f3591ff method=POST path=/lingxi/v1/sessions/sess_local_alpha/execute status=200
2026-09-28T15:14:10.783098Z  INFO lingxi_service::sessions: run committed and published (post-commit) run_id=run_000001a0e894a4d9_000356 session_id=sess_local_alpha events=run_000001a0e894a4d9_000356-done input_chars=17
2026-09-28T15:14:10.783165Z  INFO lingxi_service: request handled request_id=req-70d39edfe40cd0aa02e40bd06185d943 method=POST path=/lingxi/v1/sessions/sess_local_alpha/execute status=200
2026-09-28T15:14:10.783277Z  INFO lingxi_service::sessions: run committed and published (post-commit) run_id=run_000001a0e894a4d9_000357 session_id=sess_local_alpha events=run_000001a0e894a4d9_000357-done input_chars=17
2026-09-28T15:14:10.783449Z  INFO lingxi_service::sessions: run committed and published (post-commit) run_id=run_000001a0e894a4da_000358 session_id=sess_local_alpha events=run_000001a0e894a4da_000358-done input_chars=17
2026-09-28T15:14:10.783510Z  INFO lingxi_service: request handled request_id=req-bc8f38be0284f3e62e5482af5b8a5784 method=POST path=/lingxi/v1/sessions/sess_local_alpha/execute status=200
2026-09-28T15:14:10.783639Z  INFO lingxi_service::sessions: run committed and published (post-commit) run_id=run_000001a0e894a4da_000359 session_id=sess_local_alpha events=run_000001a0e894a4da_000359-done input_chars=17
2026-09-28T15:14:10.783768Z  INFO lingxi_service::sessions: run committed and published (post-commit) run_id=run_000001a0e894a4da_00035a session_id=sess_local_alpha events=run_000001a0e894a4da_00035a-done input_chars=17
2026-09-28T15:14:10.783833Z  INFO lingxi_service: request handled request_id=req-36e0efd03641d227ae35bec524405695 method=POST path=/lingxi/v1/sessions/sess_local_alpha/execute status=200
2026-09-28T15:14:10.783950Z  INFO lingxi_service::sessions: run committed and published (post-commit) run_id=run_000001a0e894a4da_00035b session_id=sess_local_alpha events=run_000001a0e894a4da_00035b-done input_chars=17
2026-09-28T15:14:10.784065Z  INFO lingxi_service::sessions: run committed and published (post-commit) run_id=run_000001a0e894a4da_00035c session_id=sess_local_alpha events=run_000001a0e894a4da_00035c-done input_chars=17
2026-09-28T15:14:10.784125Z  INFO lingxi_service: request handled request_id=req-3143ad44357439602ac4b8ffedb9fc3a method=POST path=/lingxi/v1/sessions/sess_local_alpha/execute status=200
2026-09-28T15:14:10.784261Z  INFO lingxi_service::sessions: run committed and published (post-commit) run_id=run_000001a0e894a4da_00035d session_id=sess_local_alpha events=run_000001a0e894a4da_00035d-done input_chars=17
2026-09-28T15:14:10.784385Z  INFO lingxi_service::sessions: run committed and published (post-commit) run_id=run_000001a0e894a4da_00035e session_id=sess_local_alpha events=run_000001a0e894a4da_00035e-done input_chars=17
2026-09-28T15:14:10.784501Z  INFO lingxi_service::sessions: run committed and published (post-commit) run_id=run_000001a0e894a4db_00035f session_id=sess_local_alpha events=run_000001a0e894a4db_00035f-done input_chars=17
2026-09-28T15:14:10.784645Z  INFO lingxi_service::sessions: run committed and published (post-commit) run_id=run_000001a0e894a4da_000360 session_id=sess_local_alpha events=run_000001a0e894a4da_000360-done input_chars=17
2026-09-28T15:14:10.784707Z  INFO lingxi_service: request handled request_id=req-caa49a025a89a79098dce2b8a7fa17df method=POST path=/lingxi/v1/sessions/sess_local_alpha/execute status=200
2026-09-28T15:14:10.784760Z  INFO lingxi_service: request handled request_id=req-e68d63343aee6bf5de28e89d12aa1a88 method=POST path=/lingxi/v1/sessions/sess_local_alpha/execute status=200
2026-09-28T15:14:10.784804Z  INFO lingxi_service: request handled request_id=req-b76980a7abec2cee01f8155972fe4f73 method=POST path=/lingxi/v1/sessions/sess_local_alpha/execute status=200
2026-09-28T15:14:10.784854Z  INFO lingxi_service: request handled request_id=req-d45537034955ec4133e64e5f5c6ea298 method=POST path=/lingxi/v1/sessions/sess_local_alpha/execute status=200
2026-09-28T15:14:10.784902Z  INFO lingxi_service: request handled request_id=req-f965f94f3027069f85c92550aa891379 method=POST path=/lingxi/v1/sessions/sess_local_alpha/execute status=200
2026-09-28T15:14:10.784951Z  INFO lingxi_service: request handled request_id=req-d6286bf34d46b1406d4ea74bd0cbbaa5 method=POST path=/lingxi/v1/sessions/sess_local_alpha/execute status=200
2026-09-28T15:14:10.785002Z  INFO lingxi_service: request handled request_id=req-12560afb638e82d67780fac51e2b2b04 method=POST path=/lingxi/v1/sessions/sess_local_alpha/execute status=200
2026-09-28T15:14:10.785049Z  INFO lingxi_service: request handled request_id=req-5becd943ef89f37153b98eb83b658e0b method=POST path=/lingxi/v1/sessions/sess_local_alpha/execute status=200
2026-09-28T15:14:10.785098Z  INFO lingxi_service: request handled request_id=req-0376f2ce22604697ef5ba424da9407bf method=POST path=/lingxi/v1/sessions/sess_local_alpha/execute status=200
2026-09-28T15:14:10.785146Z  INFO lingxi_service: request handled request_id=req-a647455ff2277d93d3abbbbcacd59270 method=POST path=/lingxi/v1/sessions/sess_local_alpha/execute status=200
2026-09-28T15:14:10.785212Z  INFO lingxi_service: request handled request_id=req-49cf163845bdf9e15bb24a0f4ed337f8 method=POST path=/lingxi/v1/sessions/sess_local_alpha/execute status=200
2026-09-28T15:14:10.786467Z  INFO lingxi_service::sessions: run committed and published (post-commit) run_id=run_000001a0e894a4e1_000361 session_id=sess_local_alpha events=run_000001a0e894a4e1_000361-done input_chars=17
2026-09-28T15:14:10.787220Z  INFO lingxi_service: request handled request_id=req-22a304b61fdbcb61d6eb07a4c5858330 method=POST path=/lingxi/v1/sessions/sess_local_alpha/execute status=200
2026-09-28T15:14:10.787357Z  INFO lingxi_service::sessions: run committed and published (post-commit) run_id=run_000001a0e894a4e1_000362 session_id=sess_local_alpha events=run_000001a0e894a4e1_000362-done input_chars=17
2026-09-28T15:14:10.787535Z  INFO lingxi_service::sessions: run committed and published (post-commit) run_id=run_000001a0e894a4e1_000363 session_id=sess_local_alpha events=run_000001a0e894a4e1_000363-done input_chars=17
2026-09-28T15:14:10.787660Z  INFO lingxi_service::sessions: run committed and published (post-commit) run_id=run_000001a0e894a4e2_000364 session_id=sess_local_alpha events=run_000001a0e894a4e2_000364-done input_chars=17
2026-09-28T15:14:10.788488Z  INFO lingxi_service: request handled request_id=req-70831778d19f07de611872f4e7b80b6f method=POST path=/lingxi/v1/sessions/sess_local_alpha/execute status=200
2026-09-28T15:14:10.788574Z  INFO lingxi_service: request handled request_id=req-53cde6fbedee548623eaf1c44b125a1b method=POST path=/lingxi/v1/sessions/sess_local_alpha/execute status=200
2026-09-28T15:14:10.788613Z  INFO lingxi_service: request handled request_id=req-9a3e84d068a850d70e4c4f78a0285661 method=POST path=/lingxi/v1/sessions/sess_local_alpha/execute status=200
2026-09-28T15:14:10.788751Z  INFO lingxi_service::sessions: run committed and published (post-commit) run_id=run_000001a0e894a4e2_000365 session_id=sess_local_alpha events=run_000001a0e894a4e2_000365-done input_chars=17
2026-09-28T15:14:10.788956Z  INFO lingxi_service::sessions: run committed and published (post-commit) run_id=run_000001a0e894a4e2_000366 session_id=sess_local_alpha events=run_000001a0e894a4e2_000366-done input_chars=17
2026-09-28T15:14:10.789409Z  INFO lingxi_service::sessions: run committed and published (post-commit) run_id=run_000001a0e894a4e2_000367 session_id=sess_local_alpha events=run_000001a0e894a4e2_000367-done input_chars=17
2026-09-28T15:14:10.789593Z  INFO lingxi_service::sessions: run committed and published (post-commit) run_id=run_000001a0e894a4e2_000368 session_id=sess_local_alpha events=run_000001a0e894a4e2_000368-done input_chars=17
2026-09-28T15:14:10.790580Z  INFO lingxi_service: request handled request_id=req-b0303ad93555e473875d04ac1a9e3287 method=POST path=/lingxi/v1/sessions/sess_local_alpha/execute status=200
2026-09-28T15:14:10.790638Z  INFO lingxi_service: request handled request_id=req-076fd2bc0d48ad2ce30e39566df53438 method=POST path=/lingxi/v1/sessions/sess_local_alpha/execute status=200
2026-09-28T15:14:10.790751Z  INFO lingxi_service::sessions: run committed and published (post-commit) run_id=run_000001a0e894a4e3_000369 session_id=sess_local_alpha events=run_000001a0e894a4e3_000369-done input_chars=17
2026-09-28T15:14:10.791168Z  INFO lingxi_service: request handled request_id=req-9f8bc616bd9d93e7ddb590c3ca87014b method=POST path=/lingxi/v1/sessions/sess_local_alpha/execute status=200
2026-09-28T15:14:10.791220Z  INFO lingxi_service: request handled request_id=req-11a717968cb9ad7f6e52bf5448753998 method=POST path=/lingxi/v1/sessions/sess_local_alpha/execute status=200
2026-09-28T15:14:10.791352Z  INFO lingxi_service::sessions: run committed and published (post-commit) run_id=run_000001a0e894a4e3_00036a session_id=sess_local_alpha events=run_000001a0e894a4e3_00036a-done input_chars=17
2026-09-28T15:14:10.791640Z  INFO lingxi_service::sessions: run committed and published (post-commit) run_id=run_000001a0e894a4e3_00036b session_id=sess_local_alpha events=run_000001a0e894a4e3_00036b-done input_chars=17
2026-09-28T15:14:10.791760Z  INFO lingxi_service::sessions: run committed and published (post-commit) run_id=run_000001a0e894a4e3_00036c session_id=sess_local_alpha events=run_000001a0e894a4e3_00036c-done input_chars=17
2026-09-28T15:14:10.792015Z  INFO lingxi_service::sessions: run committed and published (post-commit) run_id=run_000001a0e894a4e3_00036d session_id=sess_local_alpha events=run_000001a0e894a4e3_00036d-done input_chars=17
2026-09-28T15:14:10.792128Z  INFO lingxi_service::sessions: run committed and published (post-commit) run_id=run_000001a0e894a4e3_00036e session_id=sess_local_alpha events=run_000001a0e894a4e3_00036e-done input_chars=17
2026-09-28T15:14:10.792337Z  INFO lingxi_service: request handled request_id=req-634a6885d56212c938aefdebdfa9a8e6 method=POST path=/lingxi/v1/sessions/sess_local_alpha/execute status=200
2026-09-28T15:14:10.792438Z  INFO lingxi_service::sessions: run committed and published (post-commit) run_id=run_000001a0e894a4e4_00036f session_id=sess_local_alpha events=run_000001a0e894a4e4_00036f-done input_chars=17
2026-09-28T15:14:10.792703Z  INFO lingxi_service::sessions: run committed and published (post-commit) run_id=run_000001a0e894a4e4_000370 session_id=sess_local_alpha events=run_000001a0e894a4e4_000370-done input_chars=17
2026-09-28T15:14:10.793502Z  INFO lingxi_service: request handled request_id=req-cb3132d27ba9e08e68a1656714b4b217 method=POST path=/lingxi/v1/sessions/sess_local_alpha/execute status=200
2026-09-28T15:14:10.793621Z  INFO lingxi_service::sessions: run committed and published (post-commit) run_id=run_000001a0e894a4e4_000371 session_id=sess_local_alpha events=run_000001a0e894a4e4_000371-done input_chars=17
2026-09-28T15:14:10.793693Z  INFO lingxi_service: request handled request_id=req-891841f5cc92123b8cad77d1e5c25728 method=POST path=/lingxi/v1/sessions/sess_local_alpha/execute status=200
2026-09-28T15:14:10.793745Z  INFO lingxi_service: request handled request_id=req-28fb29f603d9de143a95a8f6ffa85904 method=POST path=/lingxi/v1/sessions/sess_local_alpha/execute status=200
2026-09-28T15:14:10.793856Z  INFO lingxi_service::sessions: run committed and published (post-commit) run_id=run_000001a0e894a4e4_000372 session_id=sess_local_alpha events=run_000001a0e894a4e4_000372-done input_chars=17
2026-09-28T15:14:10.793929Z  INFO lingxi_service: request handled request_id=req-8e5fdb05d19220859f837085b54b5d46 method=POST path=/lingxi/v1/sessions/sess_local_alpha/execute status=200
2026-09-28T15:14:10.793974Z  INFO lingxi_service: request handled request_id=req-91821adeabcfdfef699efa1452541771 method=POST path=/lingxi/v1/sessions/sess_local_alpha/execute status=200
2026-09-28T15:14:10.794104Z  INFO lingxi_service::sessions: run committed and published (post-commit) run_id=run_000001a0e894a4e4_000373 session_id=sess_local_alpha events=run_000001a0e894a4e4_000373-done input_chars=17
2026-09-28T15:14:10.794167Z  INFO lingxi_service: request handled request_id=req-3f747039e54f97d59b4723b48215e3b7 method=POST path=/lingxi/v1/sessions/sess_local_alpha/execute status=200
2026-09-28T15:14:10.794275Z  INFO lingxi_service::sessions: run committed and published (post-commit) run_id=run_000001a0e894a4e5_000374 session_id=sess_local_alpha events=run_000001a0e894a4e5_000374-done input_chars=17
2026-09-28T15:14:10.794356Z  INFO lingxi_service: request handled request_id=req-3a0c9e736620e3c36d183d7c7c7d7151 method=POST path=/lingxi/v1/sessions/sess_local_alpha/execute status=200
2026-09-28T15:14:10.794447Z  INFO lingxi_service::sessions: run committed and published (post-commit) run_id=run_000001a0e894a4e5_000375 session_id=sess_local_alpha events=run_000001a0e894a4e5_000375-done input_chars=17
2026-09-28T15:14:10.794569Z  INFO lingxi_service::sessions: run committed and published (post-commit) run_id=run_000001a0e894a4e5_000376 session_id=sess_local_alpha events=run_000001a0e894a4e5_000376-done input_chars=17
2026-09-28T15:14:10.794681Z  INFO lingxi_service::sessions: run committed and published (post-commit) run_id=run_000001a0e894a4e5_000377 session_id=sess_local_alpha events=run_000001a0e894a4e5_000377-done input_chars=17
2026-09-28T15:14:10.794792Z  INFO lingxi_service::sessions: run committed and published (post-commit) run_id=run_000001a0e894a4e5_000378 session_id=sess_local_alpha events=run_000001a0e894a4e5_000378-done input_chars=17
2026-09-28T15:14:10.794854Z  INFO lingxi_service: request handled request_id=req-94fc6ef31b29614bf9c5d2e339e0adf8 method=POST path=/lingxi/v1/sessions/sess_local_alpha/execute status=200
2026-09-28T15:14:10.794901Z  INFO lingxi_service: request handled request_id=req-982e362a5475857d3fc1389f4d3ddb1f method=POST path=/lingxi/v1/sessions/sess_local_alpha/execute status=200
2026-09-28T15:14:10.794949Z  INFO lingxi_service: request handled request_id=req-d56d2dc1c23048bfd399bc758cb77302 method=POST path=/lingxi/v1/sessions/sess_local_alpha/execute status=200
2026-09-28T15:14:10.794999Z  INFO lingxi_service: request handled request_id=req-80958cd2a84e05c080f307b9ee5bfdf8 method=POST path=/lingxi/v1/sessions/sess_local_alpha/execute status=200
2026-09-28T15:14:10.795055Z  INFO lingxi_service: request handled request_id=req-4b2092195c99f6fa231a38b2227eefdd method=POST path=/lingxi/v1/sessions/sess_local_alpha/execute status=200
2026-09-28T15:14:10.795102Z  INFO lingxi_service: request handled request_id=req-e59414a1e06fbf83e7c5baeb17b427c3 method=POST path=/lingxi/v1/sessions/sess_local_alpha/execute status=200
2026-09-28T15:14:10.795161Z  INFO lingxi_service: request handled request_id=req-ef87a805fdbf4317b4a1eaa15514adf7 method=POST path=/lingxi/v1/sessions/sess_local_alpha/execute status=200
2026-09-28T15:14:10.795196Z  INFO lingxi_service: request handled request_id=req-9ccd4bd1066cf33a9f61aacbe5e8b152 method=POST path=/lingxi/v1/sessions/sess_local_alpha/execute status=200
2026-09-28T15:14:10.796345Z  INFO lingxi_service::sessions: run committed and published (post-commit) run_id=run_000001a0e894a4eb_000379 session_id=sess_local_alpha events=run_000001a0e894a4eb_000379-done input_chars=17
2026-09-28T15:14:10.796663Z  INFO lingxi_service: request handled request_id=req-83f5809213b4101cfb7c2f77ec05097c method=POST path=/lingxi/v1/sessions/sess_local_alpha/execute status=200
2026-09-28T15:14:10.796857Z  INFO lingxi_service::sessions: run committed and published (post-commit) run_id=run_000001a0e894a4ec_00037a session_id=sess_local_alpha events=run_000001a0e894a4ec_00037a-done input_chars=17
2026-09-28T15:14:10.798022Z  INFO lingxi_service: request handled request_id=req-84af523189d5a68372c568e4c9149382 method=POST path=/lingxi/v1/sessions/sess_local_alpha/execute status=200
2026-09-28T15:14:10.798177Z  INFO lingxi_service::sessions: run committed and published (post-commit) run_id=run_000001a0e894a4ec_00037b session_id=sess_local_alpha events=run_000001a0e894a4ec_00037b-done input_chars=17
2026-09-28T15:14:10.798356Z  INFO lingxi_service::sessions: run committed and published (post-commit) run_id=run_000001a0e894a4ec_00037c session_id=sess_local_alpha events=run_000001a0e894a4ec_00037c-done input_chars=17
2026-09-28T15:14:10.798509Z  INFO lingxi_service::sessions: run committed and published (post-commit) run_id=run_000001a0e894a4ec_00037d session_id=sess_local_alpha events=run_000001a0e894a4ec_00037d-done input_chars=17
2026-09-28T15:14:10.799468Z  INFO lingxi_service: request handled request_id=req-eca8c30c08d34955edcd05c45af359dc method=POST path=/lingxi/v1/sessions/sess_local_alpha/execute status=200
2026-09-28T15:14:10.800215Z  INFO lingxi_service: request handled request_id=req-c8b48d6d2f4684a750d75324c3878ba1 method=POST path=/lingxi/v1/sessions/sess_local_alpha/execute status=200
2026-09-28T15:14:10.800514Z  INFO lingxi_service: request handled request_id=req-02a85e3b44cf8d9b4d4cdb328c495f1c method=POST path=/lingxi/v1/sessions/sess_local_alpha/execute status=200
2026-09-28T15:14:10.800649Z  INFO lingxi_service::sessions: run committed and published (post-commit) run_id=run_000001a0e894a4ec_00037e session_id=sess_local_alpha events=run_000001a0e894a4ec_00037e-done input_chars=17
2026-09-28T15:14:10.800789Z  INFO lingxi_service::sessions: run committed and published (post-commit) run_id=run_000001a0e894a4ec_00037f session_id=sess_local_alpha events=run_000001a0e894a4ec_00037f-done input_chars=17
2026-09-28T15:14:10.801353Z  INFO lingxi_service::sessions: run committed and published (post-commit) run_id=run_000001a0e894a4ed_000380 session_id=sess_local_alpha events=run_000001a0e894a4ed_000380-done input_chars=17
2026-09-28T15:14:10.801495Z  INFO lingxi_service::sessions: run committed and published (post-commit) run_id=run_000001a0e894a4ed_000381 session_id=sess_local_alpha events=run_000001a0e894a4ed_000381-done input_chars=17
2026-09-28T15:14:10.801625Z  INFO lingxi_service::sessions: run committed and published (post-commit) run_id=run_000001a0e894a4ed_000382 session_id=sess_local_alpha events=run_000001a0e894a4ed_000382-done input_chars=17
2026-09-28T15:14:10.801941Z  INFO lingxi_service::sessions: run committed and published (post-commit) run_id=run_000001a0e894a4ed_000383 session_id=sess_local_alpha events=run_000001a0e894a4ed_000383-done input_chars=17
2026-09-28T15:14:10.802258Z  INFO lingxi_service::sessions: run committed and published (post-commit) run_id=run_000001a0e894a4ed_000384 session_id=sess_local_alpha events=run_000001a0e894a4ed_000384-done input_chars=17
2026-09-28T15:14:10.802367Z  INFO lingxi_service::sessions: run committed and published (post-commit) run_id=run_000001a0e894a4ed_000385 session_id=sess_local_alpha events=run_000001a0e894a4ed_000385-done input_chars=17
2026-09-28T15:14:10.802480Z  INFO lingxi_service::sessions: run committed and published (post-commit) run_id=run_000001a0e894a4ed_000386 session_id=sess_local_alpha events=run_000001a0e894a4ed_000386-done input_chars=17
2026-09-28T15:14:10.802927Z  INFO lingxi_service: request handled request_id=req-505927b3b7bf808af154145ed07994a6 method=POST path=/lingxi/v1/sessions/sess_local_alpha/execute status=200
2026-09-28T15:14:10.802967Z  INFO lingxi_service: request handled request_id=req-adf0d7f3ae838e05e2aee4682e2a7a43 method=POST path=/lingxi/v1/sessions/sess_local_alpha/execute status=200
2026-09-28T15:14:10.803114Z  INFO lingxi_service::sessions: run committed and published (post-commit) run_id=run_000001a0e894a4ee_000387 session_id=sess_local_alpha events=run_000001a0e894a4ee_000387-done input_chars=17
2026-09-28T15:14:10.803295Z  INFO lingxi_service::sessions: run committed and published (post-commit) run_id=run_000001a0e894a4ee_000388 session_id=sess_local_alpha events=run_000001a0e894a4ee_000388-done input_chars=17
2026-09-28T15:14:10.804003Z  INFO lingxi_service: request handled request_id=req-b20e8b480739e99e0039d54664d494f7 method=POST path=/lingxi/v1/sessions/sess_local_alpha/execute status=200
2026-09-28T15:14:10.804054Z  INFO lingxi_service: request handled request_id=req-d658855ad07a56659ee3c357e90fd4d9 method=POST path=/lingxi/v1/sessions/sess_local_alpha/execute status=200
2026-09-28T15:14:10.804106Z  INFO lingxi_service: request handled request_id=req-8fbd6424e9d3772150212d7647e8a6b4 method=POST path=/lingxi/v1/sessions/sess_local_alpha/execute status=200
2026-09-28T15:14:10.804281Z  INFO lingxi_service::sessions: run committed and published (post-commit) run_id=run_000001a0e894a4ee_000389 session_id=sess_local_alpha events=run_000001a0e894a4ee_000389-done input_chars=17
2026-09-28T15:14:10.804347Z  INFO lingxi_service: request handled request_id=req-5c87ed994786b3990d25fccdd60eeb10 method=POST path=/lingxi/v1/sessions/sess_local_alpha/execute status=200
2026-09-28T15:14:10.804460Z  INFO lingxi_service::sessions: run committed and published (post-commit) run_id=run_000001a0e894a4ee_00038a session_id=sess_local_alpha events=run_000001a0e894a4ee_00038a-done input_chars=17
2026-09-28T15:14:10.804523Z  INFO lingxi_service: request handled request_id=req-78d2e15c8ddb55258396b3f898c42f1b method=POST path=/lingxi/v1/sessions/sess_local_alpha/execute status=200
2026-09-28T15:14:10.804573Z  INFO lingxi_service: request handled request_id=req-8d70e3abb653e38c23111e98bee84a15 method=POST path=/lingxi/v1/sessions/sess_local_alpha/execute status=200
2026-09-28T15:14:10.804624Z  INFO lingxi_service: request handled request_id=req-3fccfb67361c21c2dbe1b800b977cae9 method=POST path=/lingxi/v1/sessions/sess_local_alpha/execute status=200
2026-09-28T15:14:10.804747Z  INFO lingxi_service::sessions: run committed and published (post-commit) run_id=run_000001a0e894a4ee_00038b session_id=sess_local_alpha events=run_000001a0e894a4ee_00038b-done input_chars=17
2026-09-28T15:14:10.804900Z  INFO lingxi_service::sessions: run committed and published (post-commit) run_id=run_000001a0e894a4ee_00038c session_id=sess_local_alpha events=run_000001a0e894a4ee_00038c-done input_chars=17
2026-09-28T15:14:10.804959Z  INFO lingxi_service: request handled request_id=req-557541f62a024c3d9cf781b651092905 method=POST path=/lingxi/v1/sessions/sess_local_alpha/execute status=200
2026-09-28T15:14:10.805014Z  INFO lingxi_service: request handled request_id=req-61b7a5a8af4e21009d7dfc6326606a57 method=POST path=/lingxi/v1/sessions/sess_local_alpha/execute status=200
2026-09-28T15:14:10.805119Z  INFO lingxi_service::sessions: run committed and published (post-commit) run_id=run_000001a0e894a4ee_00038d session_id=sess_local_alpha events=run_000001a0e894a4ee_00038d-done input_chars=17
2026-09-28T15:14:10.805232Z  INFO lingxi_service::sessions: run committed and published (post-commit) run_id=run_000001a0e894a4ef_00038e session_id=sess_local_alpha events=run_000001a0e894a4ef_00038e-done input_chars=17
2026-09-28T15:14:10.805348Z  INFO lingxi_service::sessions: run committed and published (post-commit) run_id=run_000001a0e894a4ef_00038f session_id=sess_local_alpha events=run_000001a0e894a4ef_00038f-done input_chars=17
2026-09-28T15:14:10.805457Z  INFO lingxi_service::sessions: run committed and published (post-commit) run_id=run_000001a0e894a4ef_000390 session_id=sess_local_alpha events=run_000001a0e894a4ef_000390-done input_chars=17
2026-09-28T15:14:10.805516Z  INFO lingxi_service: request handled request_id=req-d8a5d3c26dd71466849573e952350e73 method=POST path=/lingxi/v1/sessions/sess_local_alpha/execute status=200
2026-09-28T15:14:10.805570Z  INFO lingxi_service: request handled request_id=req-9467b559f7c8218468c5087d1b45209c method=POST path=/lingxi/v1/sessions/sess_local_alpha/execute status=200
2026-09-28T15:14:10.805619Z  INFO lingxi_service: request handled request_id=req-c43307d7f465628bf2d4ce328d12ad8d method=POST path=/lingxi/v1/sessions/sess_local_alpha/execute status=200
2026-09-28T15:14:10.805691Z  INFO lingxi_service: request handled request_id=req-d50837dff1f4e295126a66fb4f7cb64a method=POST path=/lingxi/v1/sessions/sess_local_alpha/execute status=200
2026-09-28T15:14:10.805751Z  INFO lingxi_service: request handled request_id=req-02f80390861f90232ea6df9e905036fe method=POST path=/lingxi/v1/sessions/sess_local_alpha/execute status=200
2026-09-28T15:14:10.805806Z  INFO lingxi_service: request handled request_id=req-830e51fe7e428ed23a9ae3698ad5d731 method=POST path=/lingxi/v1/sessions/sess_local_alpha/execute status=200
2026-09-28T15:14:10.805857Z  INFO lingxi_service: request handled request_id=req-912124d3eb50875315895cf5c4b18a93 method=POST path=/lingxi/v1/sessions/sess_local_alpha/execute status=200
2026-09-28T15:14:10.805913Z  INFO lingxi_service: request handled request_id=req-cef71cede9e522ead82d38a5e1f27b15 method=POST path=/lingxi/v1/sessions/sess_local_alpha/execute status=200
2026-09-28T15:14:10.806952Z  INFO lingxi_service::sessions: run committed and published (post-commit) run_id=run_000001a0e894a4f6_000391 session_id=sess_local_alpha events=run_000001a0e894a4f6_000391-done input_chars=17
2026-09-28T15:14:10.807248Z  INFO lingxi_service: request handled request_id=req-d1fb7ae0a2baabb961a41181c2a20084 method=POST path=/lingxi/v1/sessions/sess_local_alpha/execute status=200
2026-09-28T15:14:10.807421Z  INFO lingxi_service::sessions: run committed and published (post-commit) run_id=run_000001a0e894a4f6_000392 session_id=sess_local_alpha events=run_000001a0e894a4f6_000392-done input_chars=17
2026-09-28T15:14:10.808116Z  INFO lingxi_service: request handled request_id=req-0d2818eb73c93b20bc8d1b25b9c57b91 method=POST path=/lingxi/v1/sessions/sess_local_alpha/execute status=200
2026-09-28T15:14:10.808265Z  INFO lingxi_service::sessions: run committed and published (post-commit) run_id=run_000001a0e894a4f7_000393 session_id=sess_local_alpha events=run_000001a0e894a4f7_000393-done input_chars=17
2026-09-28T15:14:10.808404Z  INFO lingxi_service::sessions: run committed and published (post-commit) run_id=run_000001a0e894a4f7_000394 session_id=sess_local_alpha events=run_000001a0e894a4f7_000394-done input_chars=17
2026-09-28T15:14:10.808703Z  INFO lingxi_service::sessions: run committed and published (post-commit) run_id=run_000001a0e894a4f7_000395 session_id=sess_local_alpha events=run_000001a0e894a4f7_000395-done input_chars=17
2026-09-28T15:14:10.809168Z  INFO lingxi_service: request handled request_id=req-189ac28a53e272533898f0931de0beca method=POST path=/lingxi/v1/sessions/sess_local_alpha/execute status=200
2026-09-28T15:14:10.809200Z  INFO lingxi_service: request handled request_id=req-a5bf8af60be5f849ed22a74d36830d34 method=POST path=/lingxi/v1/sessions/sess_local_alpha/execute status=200
2026-09-28T15:14:10.809329Z  INFO lingxi_service::sessions: run committed and published (post-commit) run_id=run_000001a0e894a4f7_000396 session_id=sess_local_alpha events=run_000001a0e894a4f7_000396-done input_chars=17
2026-09-28T15:14:10.809649Z  INFO lingxi_service: request handled request_id=req-fcdfeb3a91a9582c7c34effa85508cce method=POST path=/lingxi/v1/sessions/sess_local_alpha/execute status=200
2026-09-28T15:14:10.809784Z  INFO lingxi_service::sessions: run committed and published (post-commit) run_id=run_000001a0e894a4f7_000397 session_id=sess_local_alpha events=run_000001a0e894a4f7_000397-done input_chars=17
2026-09-28T15:14:10.810365Z  INFO lingxi_service::sessions: run committed and published (post-commit) run_id=run_000001a0e894a4f7_000398 session_id=sess_local_alpha events=run_000001a0e894a4f7_000398-done input_chars=17
2026-09-28T15:14:10.810610Z  INFO lingxi_service: request handled request_id=req-0e8f07a38cb968141f6d57e9fca1b131 method=POST path=/lingxi/v1/sessions/sess_local_alpha/execute status=200
2026-09-28T15:14:10.810717Z  INFO lingxi_service::sessions: run committed and published (post-commit) run_id=run_000001a0e894a4f7_000399 session_id=sess_local_alpha events=run_000001a0e894a4f7_000399-done input_chars=17
2026-09-28T15:14:10.811144Z  INFO lingxi_service: request handled request_id=req-f031a3d5b48e72654e304fdbd65ab9db method=POST path=/lingxi/v1/sessions/sess_local_alpha/execute status=200
2026-09-28T15:14:10.811249Z  INFO lingxi_service::sessions: run committed and published (post-commit) run_id=run_000001a0e894a4f8_00039a session_id=sess_local_alpha events=run_000001a0e894a4f8_00039a-done input_chars=17
2026-09-28T15:14:10.811384Z  INFO lingxi_service::sessions: run committed and published (post-commit) run_id=run_000001a0e894a4f8_00039b session_id=sess_local_alpha events=run_000001a0e894a4f8_00039b-done input_chars=17
2026-09-28T15:14:10.811781Z  INFO lingxi_service: request handled request_id=req-ab07e4f599b12f7f40653e08ab5598c9 method=POST path=/lingxi/v1/sessions/sess_local_alpha/execute status=200
2026-09-28T15:14:10.811901Z  INFO lingxi_service::sessions: run committed and published (post-commit) run_id=run_000001a0e894a4f8_00039c session_id=sess_local_alpha events=run_000001a0e894a4f8_00039c-done input_chars=17
2026-09-28T15:14:10.812123Z  INFO lingxi_service: request handled request_id=req-e7fb316525d41fd690e5b86d591a2c8a method=POST path=/lingxi/v1/sessions/sess_local_alpha/execute status=200
2026-09-28T15:14:10.812224Z  INFO lingxi_service::sessions: run committed and published (post-commit) run_id=run_000001a0e894a4f8_00039d session_id=sess_local_alpha events=run_000001a0e894a4f8_00039d-done input_chars=17
2026-09-28T15:14:10.812346Z  INFO lingxi_service::sessions: run committed and published (post-commit) run_id=run_000001a0e894a4f8_00039e session_id=sess_local_alpha events=run_000001a0e894a4f8_00039e-done input_chars=17
2026-09-28T15:14:10.813128Z  INFO lingxi_service: request handled request_id=req-b91427050a6bd5a4292b4201a2706a25 method=POST path=/lingxi/v1/sessions/sess_local_alpha/execute status=200
2026-09-28T15:14:10.813204Z  INFO lingxi_service: request handled request_id=req-fa48141defeeb24567e556fb3cd98db7 method=POST path=/lingxi/v1/sessions/sess_local_alpha/execute status=200
2026-09-28T15:14:10.813322Z  INFO lingxi_service::sessions: run committed and published (post-commit) run_id=run_000001a0e894a4f8_00039f session_id=sess_local_alpha events=run_000001a0e894a4f8_00039f-done input_chars=17
2026-09-28T15:14:10.813470Z  INFO lingxi_service::sessions: run committed and published (post-commit) run_id=run_000001a0e894a4f8_0003a0 session_id=sess_local_alpha events=run_000001a0e894a4f8_0003a0-done input_chars=17
2026-09-28T15:14:10.814074Z  INFO lingxi_service: request handled request_id=req-244b13951cf55dabb64fab305cb30109 method=POST path=/lingxi/v1/sessions/sess_local_alpha/execute status=200
2026-09-28T15:14:10.814178Z  INFO lingxi_service::sessions: run committed and published (post-commit) run_id=run_000001a0e894a4f9_0003a1 session_id=sess_local_alpha events=run_000001a0e894a4f9_0003a1-done input_chars=17
2026-09-28T15:14:10.814250Z  INFO lingxi_service: request handled request_id=req-35fe77318fbdcf0aa57718093b6e5b96 method=POST path=/lingxi/v1/sessions/sess_local_alpha/execute status=200
2026-09-28T15:14:10.814305Z  INFO lingxi_service: request handled request_id=req-659558b2b08b9d2bc1f8fd5c8abc91d6 method=POST path=/lingxi/v1/sessions/sess_local_alpha/execute status=200
2026-09-28T15:14:10.814418Z  INFO lingxi_service::sessions: run committed and published (post-commit) run_id=run_000001a0e894a4f9_0003a2 session_id=sess_local_alpha events=run_000001a0e894a4f9_0003a2-done input_chars=17
2026-09-28T15:14:10.814565Z  INFO lingxi_service::sessions: run committed and published (post-commit) run_id=run_000001a0e894a4f9_0003a3 session_id=sess_local_alpha events=run_000001a0e894a4f9_0003a3-done input_chars=17
2026-09-28T15:14:10.814670Z  INFO lingxi_service::sessions: run committed and published (post-commit) run_id=run_000001a0e894a4f9_0003a4 session_id=sess_local_alpha events=run_000001a0e894a4f9_0003a4-done input_chars=17
2026-09-28T15:14:10.814782Z  INFO lingxi_service::sessions: run committed and published (post-commit) run_id=run_000001a0e894a4fa_0003a5 session_id=sess_local_alpha events=run_000001a0e894a4fa_0003a5-done input_chars=17
2026-09-28T15:14:10.814850Z  INFO lingxi_service: request handled request_id=req-384fa3c633d3b00d717bef6e192177ef method=POST path=/lingxi/v1/sessions/sess_local_alpha/execute status=200
2026-09-28T15:14:10.814904Z  INFO lingxi_service: request handled request_id=req-fa568d40bb014cd2079c8bb5ef9f98a4 method=POST path=/lingxi/v1/sessions/sess_local_alpha/execute status=200
2026-09-28T15:14:10.815006Z  INFO lingxi_service::sessions: run committed and published (post-commit) run_id=run_000001a0e894a4fa_0003a6 session_id=sess_local_alpha events=run_000001a0e894a4fa_0003a6-done input_chars=17
2026-09-28T15:14:10.815136Z  INFO lingxi_service::sessions: run committed and published (post-commit) run_id=run_000001a0e894a4fa_0003a7 session_id=sess_local_alpha events=run_000001a0e894a4fa_0003a7-done input_chars=17
2026-09-28T15:14:10.815293Z  INFO lingxi_service::sessions: run committed and published (post-commit) run_id=run_000001a0e894a4fa_0003a8 session_id=sess_local_alpha events=run_000001a0e894a4fa_0003a8-done input_chars=17
2026-09-28T15:14:10.815364Z  INFO lingxi_service: request handled request_id=req-6e237397cec29f4bbbaedd76d7bd06a5 method=POST path=/lingxi/v1/sessions/sess_local_alpha/execute status=200
2026-09-28T15:14:10.815418Z  INFO lingxi_service: request handled request_id=req-fd08ee170445769c2755274c175223aa method=POST path=/lingxi/v1/sessions/sess_local_alpha/execute status=200
2026-09-28T15:14:10.815469Z  INFO lingxi_service: request handled request_id=req-2bde359177ac7877d735f6af7b67cc63 method=POST path=/lingxi/v1/sessions/sess_local_alpha/execute status=200
2026-09-28T15:14:10.815525Z  INFO lingxi_service: request handled request_id=req-30b12778362ad146b5020127ee518fb6 method=POST path=/lingxi/v1/sessions/sess_local_alpha/execute status=200
2026-09-28T15:14:10.815575Z  INFO lingxi_service: request handled request_id=req-13fdc28e3cd9f9fc09ff92862152a689 method=POST path=/lingxi/v1/sessions/sess_local_alpha/execute status=200
2026-09-28T15:14:10.815624Z  INFO lingxi_service: request handled request_id=req-e844928eef4112c676e5f2641211e2d9 method=POST path=/lingxi/v1/sessions/sess_local_alpha/execute status=200
2026-09-28T15:14:10.815679Z  INFO lingxi_service: request handled request_id=req-93e320590fc049124638987153e652fb method=POST path=/lingxi/v1/sessions/sess_local_alpha/execute status=200
2026-09-28T15:14:10.815729Z  INFO lingxi_service: request handled request_id=req-ebf9b239315b0099c977f7a756295211 method=POST path=/lingxi/v1/sessions/sess_local_alpha/execute status=200
2026-09-28T15:14:10.818955Z  INFO lingxi_service::sessions: run committed and published (post-commit) run_id=run_000001a0e894a502_0003a9 session_id=sess_local_alpha events=run_000001a0e894a502_0003a9-done input_chars=17
2026-09-28T15:14:10.819244Z  INFO lingxi_service: request handled request_id=req-6b39cc9fba30621f9369128cd4df7dfc method=POST path=/lingxi/v1/sessions/sess_local_alpha/execute status=200
2026-09-28T15:14:10.819378Z  INFO lingxi_service::sessions: run committed and published (post-commit) run_id=run_000001a0e894a502_0003aa session_id=sess_local_alpha events=run_000001a0e894a502_0003aa-done input_chars=17
2026-09-28T15:14:10.820383Z  INFO lingxi_service: request handled request_id=req-91d950413bc8018eef3ab319ff2f3e39 method=POST path=/lingxi/v1/sessions/sess_local_alpha/execute status=200
2026-09-28T15:14:10.820555Z  INFO lingxi_service::sessions: run committed and published (post-commit) run_id=run_000001a0e894a502_0003ab session_id=sess_local_alpha events=run_000001a0e894a502_0003ab-done input_chars=17
2026-09-28T15:14:10.820802Z  INFO lingxi_service::sessions: run committed and published (post-commit) run_id=run_000001a0e894a502_0003ac session_id=sess_local_alpha events=run_000001a0e894a502_0003ac-done input_chars=17
2026-09-28T15:14:10.820963Z  INFO lingxi_service::sessions: run committed and published (post-commit) run_id=run_000001a0e894a503_0003ad session_id=sess_local_alpha events=run_000001a0e894a503_0003ad-done input_chars=17
2026-09-28T15:14:10.821117Z  INFO lingxi_service::sessions: run committed and published (post-commit) run_id=run_000001a0e894a503_0003ae session_id=sess_local_alpha events=run_000001a0e894a503_0003ae-done input_chars=17
2026-09-28T15:14:10.821379Z  INFO lingxi_service: request handled request_id=req-b76d1ccc90d33ac1eb30b0bf9a8ad261 method=POST path=/lingxi/v1/sessions/sess_local_alpha/execute status=200
2026-09-28T15:14:10.821858Z  INFO lingxi_service: request handled request_id=req-660d1e6b2d431cb5fb0f4bc4d2a62296 method=POST path=/lingxi/v1/sessions/sess_local_alpha/execute status=200
2026-09-28T15:14:10.821926Z  INFO lingxi_service: request handled request_id=req-965288d103511b5f848622c646faf641 method=POST path=/lingxi/v1/sessions/sess_local_alpha/execute status=200
2026-09-28T15:14:10.822349Z  INFO lingxi_service: request handled request_id=req-0624beae375638304138004fa26c00cc method=POST path=/lingxi/v1/sessions/sess_local_alpha/execute status=200
2026-09-28T15:14:10.822477Z  INFO lingxi_service::sessions: run committed and published (post-commit) run_id=run_000001a0e894a503_0003af session_id=sess_local_alpha events=run_000001a0e894a503_0003af-done input_chars=17
2026-09-28T15:14:10.822696Z  INFO lingxi_service::sessions: run committed and published (post-commit) run_id=run_000001a0e894a503_0003b0 session_id=sess_local_alpha events=run_000001a0e894a503_0003b0-done input_chars=17
2026-09-28T15:14:10.823386Z  INFO lingxi_service::sessions: run committed and published (post-commit) run_id=run_000001a0e894a503_0003b1 session_id=sess_local_alpha events=run_000001a0e894a503_0003b1-done input_chars=17
2026-09-28T15:14:10.824147Z  INFO lingxi_service::sessions: run committed and published (post-commit) run_id=run_000001a0e894a504_0003b2 session_id=sess_local_alpha events=run_000001a0e894a504_0003b2-done input_chars=17
2026-09-28T15:14:10.824304Z  INFO lingxi_service::sessions: run committed and published (post-commit) run_id=run_000001a0e894a504_0003b3 session_id=sess_local_alpha events=run_000001a0e894a504_0003b3-done input_chars=17
2026-09-28T15:14:10.824925Z  INFO lingxi_service: request handled request_id=req-1c488d1cdaaf49e7f5664cc1c5572b8a method=POST path=/lingxi/v1/sessions/sess_local_alpha/execute status=200
2026-09-28T15:14:10.824969Z  INFO lingxi_service: request handled request_id=req-85726937af2a39524452d78d4dbb8476 method=POST path=/lingxi/v1/sessions/sess_local_alpha/execute status=200
2026-09-28T15:14:10.825037Z  INFO lingxi_service: request handled request_id=req-a2aad8ebec486a4985ce7d3a73520c19 method=POST path=/lingxi/v1/sessions/sess_local_alpha/execute status=200
2026-09-28T15:14:10.825210Z  INFO lingxi_service::sessions: run committed and published (post-commit) run_id=run_000001a0e894a504_0003b4 session_id=sess_local_alpha events=run_000001a0e894a504_0003b4-done input_chars=17
2026-09-28T15:14:10.825336Z  INFO lingxi_service::sessions: run committed and published (post-commit) run_id=run_000001a0e894a504_0003b5 session_id=sess_local_alpha events=run_000001a0e894a504_0003b5-done input_chars=17
2026-09-28T15:14:10.825650Z  INFO lingxi_service::sessions: run committed and published (post-commit) run_id=run_000001a0e894a505_0003b6 session_id=sess_local_alpha events=run_000001a0e894a505_0003b6-done input_chars=17
2026-09-28T15:14:10.826265Z  INFO lingxi_service: request handled request_id=req-6bacf99afcda25e711f8fa84d582598e method=POST path=/lingxi/v1/sessions/sess_local_alpha/execute status=200
2026-09-28T15:14:10.826317Z  INFO lingxi_service: request handled request_id=req-d0fa1e4d871fba979a5f1819fdd7e0ad method=POST path=/lingxi/v1/sessions/sess_local_alpha/execute status=200
2026-09-28T15:14:10.826463Z  INFO lingxi_service::sessions: run committed and published (post-commit) run_id=run_000001a0e894a505_0003b7 session_id=sess_local_alpha events=run_000001a0e894a505_0003b7-done input_chars=17
2026-09-28T15:14:10.826841Z  INFO lingxi_service::sessions: run committed and published (post-commit) run_id=run_000001a0e894a505_0003b8 session_id=sess_local_alpha events=run_000001a0e894a505_0003b8-done input_chars=17
2026-09-28T15:14:10.827001Z  INFO lingxi_service::sessions: run committed and published (post-commit) run_id=run_000001a0e894a505_0003b9 session_id=sess_local_alpha events=run_000001a0e894a505_0003b9-done input_chars=17
2026-09-28T15:14:10.827425Z  INFO lingxi_service: request handled request_id=req-9f265bf4d008e82d31cc65f00018ed20 method=POST path=/lingxi/v1/sessions/sess_local_alpha/execute status=200
2026-09-28T15:14:10.827480Z  INFO lingxi_service: request handled request_id=req-dfc5dac5faff405465768ae069f42914 method=POST path=/lingxi/v1/sessions/sess_local_alpha/execute status=200
2026-09-28T15:14:10.827586Z  INFO lingxi_service::sessions: run committed and published (post-commit) run_id=run_000001a0e894a505_0003ba session_id=sess_local_alpha events=run_000001a0e894a505_0003ba-done input_chars=17
2026-09-28T15:14:10.827652Z  INFO lingxi_service: request handled request_id=req-0998446c17035bef31724170593c4fd8 method=POST path=/lingxi/v1/sessions/sess_local_alpha/execute status=200
2026-09-28T15:14:10.827766Z  INFO lingxi_service::sessions: run committed and published (post-commit) run_id=run_000001a0e894a505_0003bb session_id=sess_local_alpha events=run_000001a0e894a505_0003bb-done input_chars=17
2026-09-28T15:14:10.827884Z  INFO lingxi_service::sessions: run committed and published (post-commit) run_id=run_000001a0e894a506_0003bc session_id=sess_local_alpha events=run_000001a0e894a506_0003bc-done input_chars=17
2026-09-28T15:14:10.827995Z  INFO lingxi_service::sessions: run committed and published (post-commit) run_id=run_000001a0e894a506_0003bd session_id=sess_local_alpha events=run_000001a0e894a506_0003bd-done input_chars=17
2026-09-28T15:14:10.828060Z  INFO lingxi_service: request handled request_id=req-b806bb9adf7b490228a47a7e3c1e4971 method=POST path=/lingxi/v1/sessions/sess_local_alpha/execute status=200
2026-09-28T15:14:10.828169Z  INFO lingxi_service::sessions: run committed and published (post-commit) run_id=run_000001a0e894a506_0003be session_id=sess_local_alpha events=run_000001a0e894a506_0003be-done input_chars=17
2026-09-28T15:14:10.828231Z  INFO lingxi_service: request handled request_id=req-652d0c09813f14f3f539ed9d92c77087 method=POST path=/lingxi/v1/sessions/sess_local_alpha/execute status=200
2026-09-28T15:14:10.828286Z  INFO lingxi_service: request handled request_id=req-51490f153647c023019969e119c19823 method=POST path=/lingxi/v1/sessions/sess_local_alpha/execute status=200
2026-09-28T15:14:10.828387Z  INFO lingxi_service::sessions: run committed and published (post-commit) run_id=run_000001a0e894a506_0003bf session_id=sess_local_alpha events=run_000001a0e894a506_0003bf-done input_chars=17
2026-09-28T15:14:10.828504Z  INFO lingxi_service::sessions: run committed and published (post-commit) run_id=run_000001a0e894a506_0003c0 session_id=sess_local_alpha events=run_000001a0e894a506_0003c0-done input_chars=17
2026-09-28T15:14:10.828560Z  INFO lingxi_service: request handled request_id=req-fbfd99a794d8f73f3d61e488305f3f96 method=POST path=/lingxi/v1/sessions/sess_local_alpha/execute status=200
2026-09-28T15:14:10.828616Z  INFO lingxi_service: request handled request_id=req-390ea0a8485e9cd41cb3e0a37bae02a3 method=POST path=/lingxi/v1/sessions/sess_local_alpha/execute status=200
2026-09-28T15:14:10.828679Z  INFO lingxi_service: request handled request_id=req-1151f08cc9c43004b2f8fbf9f54aafa1 method=POST path=/lingxi/v1/sessions/sess_local_alpha/execute status=200
2026-09-28T15:14:10.828724Z  INFO lingxi_service: request handled request_id=req-5fea1b1961f390229c61e724e5de576e method=POST path=/lingxi/v1/sessions/sess_local_alpha/execute status=200
2026-09-28T15:14:10.828779Z  INFO lingxi_service: request handled request_id=req-86c931728ad953c1aebf9b3c5e53aff5 method=POST path=/lingxi/v1/sessions/sess_local_alpha/execute status=200
2026-09-28T15:14:10.828838Z  INFO lingxi_service: request handled request_id=req-dce6c3e99cba940be2128ab188bd2024 method=POST path=/lingxi/v1/sessions/sess_local_alpha/execute status=200
2026-09-28T15:14:10.828897Z  INFO lingxi_service: request handled request_id=req-8bd8f8aa5e00b18b8a04e7dead63fdab method=POST path=/lingxi/v1/sessions/sess_local_alpha/execute status=200
2026-09-28T15:14:10.830648Z  INFO lingxi_service::sessions: run committed and published (post-commit) run_id=run_000001a0e894a50d_0003c1 session_id=sess_local_alpha events=run_000001a0e894a50d_0003c1-done input_chars=17
2026-09-28T15:14:10.830820Z  INFO lingxi_service::sessions: run committed and published (post-commit) run_id=run_000001a0e894a50d_0003c2 session_id=sess_local_alpha events=run_000001a0e894a50d_0003c2-done input_chars=17
2026-09-28T15:14:10.831927Z  INFO lingxi_service: request handled request_id=req-41423ea5df1b331a5f00247aed19e320 method=POST path=/lingxi/v1/sessions/sess_local_alpha/execute status=200
2026-09-28T15:14:10.831992Z  INFO lingxi_service: request handled request_id=req-e29b23c12db3cc241af585eb31160c1f method=POST path=/lingxi/v1/sessions/sess_local_alpha/execute status=200
2026-09-28T15:14:10.832119Z  INFO lingxi_service::sessions: run committed and published (post-commit) run_id=run_000001a0e894a50e_0003c3 session_id=sess_local_alpha events=run_000001a0e894a50e_0003c3-done input_chars=17
2026-09-28T15:14:10.832236Z  INFO lingxi_service::sessions: run committed and published (post-commit) run_id=run_000001a0e894a50e_0003c4 session_id=sess_local_alpha events=run_000001a0e894a50e_0003c4-done input_chars=17
2026-09-28T15:14:10.832361Z  INFO lingxi_service::sessions: run committed and published (post-commit) run_id=run_000001a0e894a50e_0003c5 session_id=sess_local_alpha events=run_000001a0e894a50e_0003c5-done input_chars=17
2026-09-28T15:14:10.833076Z  INFO lingxi_service::sessions: run committed and published (post-commit) run_id=run_000001a0e894a50e_0003c6 session_id=sess_local_alpha events=run_000001a0e894a50e_0003c6-done input_chars=17
2026-09-28T15:14:10.833259Z  INFO lingxi_service::sessions: run committed and published (post-commit) run_id=run_000001a0e894a50e_0003c7 session_id=sess_local_alpha events=run_000001a0e894a50e_0003c7-done input_chars=17
2026-09-28T15:14:10.833626Z  INFO lingxi_service: request handled request_id=req-cd968feadf78256b8e5f671839b54de1 method=POST path=/lingxi/v1/sessions/sess_local_alpha/execute status=200
2026-09-28T15:14:10.833888Z  INFO lingxi_service: request handled request_id=req-bd2d54cfda9951120a7017511cdfe879 method=POST path=/lingxi/v1/sessions/sess_local_alpha/execute status=200
2026-09-28T15:14:10.833946Z  INFO lingxi_service: request handled request_id=req-63178ca8b08c917e0c33c07b84fef6ac method=POST path=/lingxi/v1/sessions/sess_local_alpha/execute status=200
2026-09-28T15:14:10.834125Z  INFO lingxi_service::sessions: run committed and published (post-commit) run_id=run_000001a0e894a50e_0003c8 session_id=sess_local_alpha events=run_000001a0e894a50e_0003c8-done input_chars=17
2026-09-28T15:14:10.834261Z  INFO lingxi_service::sessions: run committed and published (post-commit) run_id=run_000001a0e894a50e_0003c9 session_id=sess_local_alpha events=run_000001a0e894a50e_0003c9-done input_chars=17
2026-09-28T15:14:10.835032Z  INFO lingxi_service: request handled request_id=req-2f8ad51d37d6c0ded4c85a9ec22bc391 method=POST path=/lingxi/v1/sessions/sess_local_alpha/execute status=200
2026-09-28T15:14:10.835248Z  INFO lingxi_service: request handled request_id=req-006d7c5b613a26f476d9b2c28e9404e7 method=POST path=/lingxi/v1/sessions/sess_local_alpha/execute status=200
2026-09-28T15:14:10.835354Z  INFO lingxi_service::sessions: run committed and published (post-commit) run_id=run_000001a0e894a50e_0003ca session_id=sess_local_alpha events=run_000001a0e894a50e_0003ca-done input_chars=17
2026-09-28T15:14:10.835616Z  INFO lingxi_service::sessions: run committed and published (post-commit) run_id=run_000001a0e894a50f_0003cb session_id=sess_local_alpha events=run_000001a0e894a50f_0003cb-done input_chars=17
2026-09-28T15:14:10.836228Z  INFO lingxi_service: request handled request_id=req-67d5e680ea1d63706e29f5b8bcbc8f0b method=POST path=/lingxi/v1/sessions/sess_local_alpha/execute status=200
2026-09-28T15:14:10.836469Z  INFO lingxi_service: request handled request_id=req-264c7206a18b12802c37b7d952c90d21 method=POST path=/lingxi/v1/sessions/sess_local_alpha/execute status=200
2026-09-28T15:14:10.836630Z  INFO lingxi_service::sessions: run committed and published (post-commit) run_id=run_000001a0e894a50f_0003cc session_id=sess_local_alpha events=run_000001a0e894a50f_0003cc-done input_chars=17
2026-09-28T15:14:10.837084Z  INFO lingxi_service::sessions: run committed and published (post-commit) run_id=run_000001a0e894a50f_0003cd session_id=sess_local_alpha events=run_000001a0e894a50f_0003cd-done input_chars=17
2026-09-28T15:14:10.837200Z  INFO lingxi_service::sessions: run committed and published (post-commit) run_id=run_000001a0e894a50f_0003ce session_id=sess_local_alpha events=run_000001a0e894a50f_0003ce-done input_chars=17
2026-09-28T15:14:10.837331Z  INFO lingxi_service::sessions: run committed and published (post-commit) run_id=run_000001a0e894a50f_0003cf session_id=sess_local_alpha events=run_000001a0e894a50f_0003cf-done input_chars=17
2026-09-28T15:14:10.837635Z  INFO lingxi_service::sessions: run committed and published (post-commit) run_id=run_000001a0e894a50f_0003d0 session_id=sess_local_alpha events=run_000001a0e894a50f_0003d0-done input_chars=17
2026-09-28T15:14:10.837708Z  INFO lingxi_service: request handled request_id=req-014c8572e81b207307c5819428b9060d method=POST path=/lingxi/v1/sessions/sess_local_alpha/execute status=200
2026-09-28T15:14:10.837827Z  INFO lingxi_service::sessions: run committed and published (post-commit) run_id=run_000001a0e894a510_0003d1 session_id=sess_local_alpha events=run_000001a0e894a510_0003d1-done input_chars=17
2026-09-28T15:14:10.837894Z  INFO lingxi_service: request handled request_id=req-79fc908f7d75467337af08a9aec31852 method=POST path=/lingxi/v1/sessions/sess_local_alpha/execute status=200
2026-09-28T15:14:10.837996Z  INFO lingxi_service::sessions: run committed and published (post-commit) run_id=run_000001a0e894a510_0003d2 session_id=sess_local_alpha events=run_000001a0e894a510_0003d2-done input_chars=17
2026-09-28T15:14:10.838125Z  INFO lingxi_service::sessions: run committed and published (post-commit) run_id=run_000001a0e894a510_0003d3 session_id=sess_local_alpha events=run_000001a0e894a510_0003d3-done input_chars=17
2026-09-28T15:14:10.838235Z  INFO lingxi_service::sessions: run committed and published (post-commit) run_id=run_000001a0e894a510_0003d4 session_id=sess_local_alpha events=run_000001a0e894a510_0003d4-done input_chars=17
2026-09-28T15:14:10.838346Z  INFO lingxi_service::sessions: run committed and published (post-commit) run_id=run_000001a0e894a510_0003d5 session_id=sess_local_alpha events=run_000001a0e894a510_0003d5-done input_chars=17
2026-09-28T15:14:10.838415Z  INFO lingxi_service: request handled request_id=req-f0f47010ca13bdbfdce54fa7460a3f8a method=POST path=/lingxi/v1/sessions/sess_local_alpha/execute status=200
2026-09-28T15:14:10.838516Z  INFO lingxi_service::sessions: run committed and published (post-commit) run_id=run_000001a0e894a510_0003d6 session_id=sess_local_alpha events=run_000001a0e894a510_0003d6-done input_chars=17
2026-09-28T15:14:10.838633Z  INFO lingxi_service::sessions: run committed and published (post-commit) run_id=run_000001a0e894a510_0003d7 session_id=sess_local_alpha events=run_000001a0e894a510_0003d7-done input_chars=17
2026-09-28T15:14:10.838697Z  INFO lingxi_service: request handled request_id=req-1c5697a6254c90ffdbaeb3996f893d19 method=POST path=/lingxi/v1/sessions/sess_local_alpha/execute status=200
2026-09-28T15:14:10.838757Z  INFO lingxi_service: request handled request_id=req-234b971c870cb24ee5511c8939a05432 method=POST path=/lingxi/v1/sessions/sess_local_alpha/execute status=200
2026-09-28T15:14:10.838810Z  INFO lingxi_service: request handled request_id=req-6e6d09eb4565e9cb0844b433e73870d8 method=POST path=/lingxi/v1/sessions/sess_local_alpha/execute status=200
2026-09-28T15:14:10.838923Z  INFO lingxi_service::sessions: run committed and published (post-commit) run_id=run_000001a0e894a510_0003d8 session_id=sess_local_alpha events=run_000001a0e894a510_0003d8-done input_chars=17
2026-09-28T15:14:10.838989Z  INFO lingxi_service: request handled request_id=req-172371c2a4babd5a9ddefcdd2ad017a7 method=POST path=/lingxi/v1/sessions/sess_local_alpha/execute status=200
2026-09-28T15:14:10.839043Z  INFO lingxi_service: request handled request_id=req-7cc875d938cc9cddaf3c1df60ede82dc method=POST path=/lingxi/v1/sessions/sess_local_alpha/execute status=200
2026-09-28T15:14:10.839097Z  INFO lingxi_service: request handled request_id=req-bc02a37cab2d732afcf082f2b824180c method=POST path=/lingxi/v1/sessions/sess_local_alpha/execute status=200
2026-09-28T15:14:10.839155Z  INFO lingxi_service: request handled request_id=req-1f60073232a9b074b2139b2ad86519d2 method=POST path=/lingxi/v1/sessions/sess_local_alpha/execute status=200
2026-09-28T15:14:10.839208Z  INFO lingxi_service: request handled request_id=req-793151e481e7e419df09cb5ed8b02956 method=POST path=/lingxi/v1/sessions/sess_local_alpha/execute status=200
2026-09-28T15:14:10.839264Z  INFO lingxi_service: request handled request_id=req-4d7e9655ea9e51f77f830435753e9231 method=POST path=/lingxi/v1/sessions/sess_local_alpha/execute status=200
2026-09-28T15:14:10.839316Z  INFO lingxi_service: request handled request_id=req-999e6d48851031ee88c14f1257f649c7 method=POST path=/lingxi/v1/sessions/sess_local_alpha/execute status=200
2026-09-28T15:14:10.839370Z  INFO lingxi_service: request handled request_id=req-c65d84ab63f678b4e424c07f66cd3817 method=POST path=/lingxi/v1/sessions/sess_local_alpha/execute status=200
2026-09-28T15:14:10.839447Z  INFO lingxi_service: request handled request_id=req-210ae0738dd4997bae9fb560449b8f02 method=POST path=/lingxi/v1/sessions/sess_local_alpha/execute status=200
2026-09-28T15:14:10.840996Z  INFO lingxi_service::sessions: run committed and published (post-commit) run_id=run_000001a0e894a518_0003d9 session_id=sess_local_alpha events=run_000001a0e894a518_0003d9-done input_chars=17
2026-09-28T15:14:10.841148Z  INFO lingxi_service::sessions: run committed and published (post-commit) run_id=run_000001a0e894a518_0003da session_id=sess_local_alpha events=run_000001a0e894a518_0003da-done input_chars=17
2026-09-28T15:14:10.841466Z  INFO lingxi_service: request handled request_id=req-504dfd925342933bbec3ddbe079b6f93 method=POST path=/lingxi/v1/sessions/sess_local_alpha/execute status=200
2026-09-28T15:14:10.841895Z  INFO lingxi_service: request handled request_id=req-ff7b6ab373fbc283c5cf5a932b690e6e method=POST path=/lingxi/v1/sessions/sess_local_alpha/execute status=200
2026-09-28T15:14:10.842021Z  INFO lingxi_service::sessions: run committed and published (post-commit) run_id=run_000001a0e894a518_0003db session_id=sess_local_alpha events=run_000001a0e894a518_0003db-done input_chars=17
2026-09-28T15:14:10.842535Z  INFO lingxi_service::sessions: run committed and published (post-commit) run_id=run_000001a0e894a518_0003dc session_id=sess_local_alpha events=run_000001a0e894a518_0003dc-done input_chars=17
2026-09-28T15:14:10.842665Z  INFO lingxi_service::sessions: run committed and published (post-commit) run_id=run_000001a0e894a518_0003dd session_id=sess_local_alpha events=run_000001a0e894a518_0003dd-done input_chars=17
2026-09-28T15:14:10.842752Z  INFO lingxi_service: request handled request_id=req-ba90e2a96635a98ddb2af5afbedc5ebe method=POST path=/lingxi/v1/sessions/sess_local_alpha/execute status=200
2026-09-28T15:14:10.842996Z  INFO lingxi_service::sessions: run committed and published (post-commit) run_id=run_000001a0e894a519_0003de session_id=sess_local_alpha events=run_000001a0e894a519_0003de-done input_chars=17
2026-09-28T15:14:10.843181Z  INFO lingxi_service::sessions: run committed and published (post-commit) run_id=run_000001a0e894a519_0003df session_id=sess_local_alpha events=run_000001a0e894a519_0003df-done input_chars=17
2026-09-28T15:14:10.843851Z  INFO lingxi_service: request handled request_id=req-997454740de0b33c55c9ab8bed872d72 method=POST path=/lingxi/v1/sessions/sess_local_alpha/execute status=200
2026-09-28T15:14:10.844061Z  INFO lingxi_service: request handled request_id=req-30b0d240262783f8401a9f5756f15bf7 method=POST path=/lingxi/v1/sessions/sess_local_alpha/execute status=200
2026-09-28T15:14:10.844887Z  INFO lingxi_service: request handled request_id=req-5217f07f82ce705568e0d9d7b630cc32 method=POST path=/lingxi/v1/sessions/sess_local_alpha/execute status=200
2026-09-28T15:14:10.844945Z  INFO lingxi_service: request handled request_id=req-4bfcd69d1aff8f147c2b748b44f88e99 method=POST path=/lingxi/v1/sessions/sess_local_alpha/execute status=200
2026-09-28T15:14:10.845047Z  INFO lingxi_service::sessions: run committed and published (post-commit) run_id=run_000001a0e894a519_0003e0 session_id=sess_local_alpha events=run_000001a0e894a519_0003e0-done input_chars=17
2026-09-28T15:14:10.845163Z  INFO lingxi_service::sessions: run committed and published (post-commit) run_id=run_000001a0e894a519_0003e1 session_id=sess_local_alpha events=run_000001a0e894a519_0003e1-done input_chars=17
2026-09-28T15:14:10.845302Z  INFO lingxi_service::sessions: run committed and published (post-commit) run_id=run_000001a0e894a519_0003e2 session_id=sess_local_alpha events=run_000001a0e894a519_0003e2-done input_chars=17
2026-09-28T15:14:10.845436Z  INFO lingxi_service::sessions: run committed and published (post-commit) run_id=run_000001a0e894a519_0003e3 session_id=sess_local_alpha events=run_000001a0e894a519_0003e3-done input_chars=17
2026-09-28T15:14:10.845598Z  INFO lingxi_service::sessions: run committed and published (post-commit) run_id=run_000001a0e894a51a_0003e4 session_id=sess_local_alpha events=run_000001a0e894a51a_0003e4-done input_chars=17
2026-09-28T15:14:10.845768Z  INFO lingxi_service::sessions: run committed and published (post-commit) run_id=run_000001a0e894a51a_0003e5 session_id=sess_local_alpha events=run_000001a0e894a51a_0003e5-done input_chars=17
2026-09-28T15:14:10.845956Z  INFO lingxi_service::sessions: run committed and published (post-commit) run_id=run_000001a0e894a51a_0003e6 session_id=sess_local_alpha events=run_000001a0e894a51a_0003e6-done input_chars=17
2026-09-28T15:14:10.846606Z  INFO lingxi_service::sessions: run committed and published (post-commit) run_id=run_000001a0e894a51a_0003e7 session_id=sess_local_alpha events=run_000001a0e894a51a_0003e7-done input_chars=17
2026-09-28T15:14:10.846759Z  INFO lingxi_service::sessions: run committed and published (post-commit) run_id=run_000001a0e894a51a_0003e8 session_id=sess_local_alpha events=run_000001a0e894a51a_0003e8-done input_chars=17
2026-09-28T15:14:10.846837Z  INFO lingxi_service: request handled request_id=req-8d39019f950d77ac297031d0295ded2a method=POST path=/lingxi/v1/sessions/sess_local_alpha/execute status=200
2026-09-28T15:14:10.846884Z  INFO lingxi_service: request handled request_id=req-ace94cea0e07d70076f0f9613f8d0a7d method=POST path=/lingxi/v1/sessions/sess_local_alpha/execute status=200
2026-09-28T15:14:10.846940Z  INFO lingxi_service: request handled request_id=req-ce0f2637a8f5ec68187908072a919307 method=POST path=/lingxi/v1/sessions/sess_local_alpha/execute status=200
2026-09-28T15:14:10.847014Z  INFO lingxi_service: request handled request_id=req-214b2294eff9b32e4463968dc5f14460 method=POST path=/lingxi/v1/sessions/sess_local_alpha/execute status=200
2026-09-28T15:14:10.847069Z  INFO lingxi_service: request handled request_id=req-297fe6a4cb96d6821eda85e9295ad443 method=POST path=/lingxi/v1/sessions/sess_local_alpha/execute status=200
2026-09-28T15:14:10.847126Z  INFO lingxi_service: request handled request_id=req-640f10eb5c701350d09dca51dea51c1e method=POST path=/lingxi/v1/sessions/sess_local_alpha/execute status=200
2026-09-28T15:14:10.847198Z  INFO lingxi_service: request handled request_id=req-0d1c116e8d1f72b49e20bb0d1ddf9f83 method=POST path=/lingxi/v1/sessions/sess_local_alpha/execute status=200
2026-09-28T15:14:10.847250Z  INFO lingxi_service: request handled request_id=req-ed79fa74be729feaf1656e49a9203956 method=POST path=/lingxi/v1/sessions/sess_local_alpha/execute status=200
2026-09-28T15:14:10.847301Z  INFO lingxi_service: request handled request_id=req-5bebe87434a18a618cce152a8e2ada0f method=POST path=/lingxi/v1/sessions/sess_local_alpha/execute status=200
2026-09-28T15:14:10.848179Z  INFO lingxi_service::sessions: run committed and published (post-commit) run_id=run_000001a0e894a51f_0003e9 session_id=sess_local_alpha events=run_000001a0e894a51f_0003e9-done input_chars=20
2026-09-28T15:14:10.848318Z  INFO lingxi_service: request handled request_id=req-228b689c56f5f35d81b48b15b155c97a method=POST path=/lingxi/v1/sessions/sess_local_alpha/execute status=200
2026-09-28T15:14:10.848979Z  INFO lingxi_service::sessions: run committed and published (post-commit) run_id=run_000001a0e894a520_0003ea session_id=sess_local_alpha events=run_000001a0e894a520_0003ea-done input_chars=20
2026-09-28T15:14:10.849117Z  INFO lingxi_service: request handled request_id=req-04e9126f968d20a8bff2fff0fcd33899 method=POST path=/lingxi/v1/sessions/sess_local_alpha/execute status=200
2026-09-28T15:14:10.849795Z  INFO lingxi_service::sessions: run committed and published (post-commit) run_id=run_000001a0e894a521_0003eb session_id=sess_local_alpha events=run_000001a0e894a521_0003eb-done input_chars=20
2026-09-28T15:14:10.849993Z  INFO lingxi_service: request handled request_id=req-b9af530792c7dafb3010fe5584ec429e method=POST path=/lingxi/v1/sessions/sess_local_alpha/execute status=200
2026-09-28T15:14:10.850753Z  INFO lingxi_service::sessions: run committed and published (post-commit) run_id=run_000001a0e894a522_0003ec session_id=sess_local_alpha events=run_000001a0e894a522_0003ec-done input_chars=20
2026-09-28T15:14:10.850900Z  INFO lingxi_service: request handled request_id=req-1c5847a0bbcc5002500497aeb426beb5 method=POST path=/lingxi/v1/sessions/sess_local_alpha/execute status=200
2026-09-28T15:14:10.851498Z  INFO lingxi_service::sessions: run committed and published (post-commit) run_id=run_000001a0e894a523_0003ed session_id=sess_local_alpha events=run_000001a0e894a523_0003ed-done input_chars=20
2026-09-28T15:14:10.851634Z  INFO lingxi_service: request handled request_id=req-5bbbc80c48f3fa8319f609798f055223 method=POST path=/lingxi/v1/sessions/sess_local_alpha/execute status=200
2026-09-28T15:14:10.852200Z  INFO lingxi_service::sessions: run committed and published (post-commit) run_id=run_000001a0e894a523_0003ee session_id=sess_local_alpha events=run_000001a0e894a523_0003ee-done input_chars=20
2026-09-28T15:14:10.852341Z  INFO lingxi_service: request handled request_id=req-6e8e25b1275fe326552aea0b4a6f028f method=POST path=/lingxi/v1/sessions/sess_local_alpha/execute status=200
2026-09-28T15:14:10.852986Z  INFO lingxi_service::sessions: run committed and published (post-commit) run_id=run_000001a0e894a524_0003ef session_id=sess_local_alpha events=run_000001a0e894a524_0003ef-done input_chars=20
2026-09-28T15:14:10.853159Z  INFO lingxi_service: request handled request_id=req-6bfc8866aaee90836039eff4e2d1ccb6 method=POST path=/lingxi/v1/sessions/sess_local_alpha/execute status=200
2026-09-28T15:14:10.853937Z  INFO lingxi_service::sessions: run committed and published (post-commit) run_id=run_000001a0e894a525_0003f0 session_id=sess_local_alpha events=run_000001a0e894a525_0003f0-done input_chars=20
2026-09-28T15:14:10.854097Z  INFO lingxi_service: request handled request_id=req-8209a9fb5055e47cea16efac6145a74d method=POST path=/lingxi/v1/sessions/sess_local_alpha/execute status=200
2026-09-28T15:14:10.854769Z  INFO lingxi_service::sessions: run committed and published (post-commit) run_id=run_000001a0e894a526_0003f1 session_id=sess_local_alpha events=run_000001a0e894a526_0003f1-done input_chars=20
2026-09-28T15:14:10.854906Z  INFO lingxi_service: request handled request_id=req-887a756b7d425883df62b0f5c10e2c44 method=POST path=/lingxi/v1/sessions/sess_local_alpha/execute status=200
2026-09-28T15:14:10.855458Z  INFO lingxi_service::sessions: run committed and published (post-commit) run_id=run_000001a0e894a527_0003f2 session_id=sess_local_alpha events=run_000001a0e894a527_0003f2-done input_chars=20
2026-09-28T15:14:10.855591Z  INFO lingxi_service: request handled request_id=req-628c1af8ebc75853f775c38373c27c04 method=POST path=/lingxi/v1/sessions/sess_local_alpha/execute status=200
2026-09-28T15:14:10.856151Z  INFO lingxi_service::sessions: run committed and published (post-commit) run_id=run_000001a0e894a527_0003f3 session_id=sess_local_alpha events=run_000001a0e894a527_0003f3-done input_chars=21
2026-09-28T15:14:10.856351Z  INFO lingxi_service: request handled request_id=req-06aa78591a7f205f0265a414b09a2d56 method=POST path=/lingxi/v1/sessions/sess_local_alpha/execute status=200
2026-09-28T15:14:10.857129Z  INFO lingxi_service::sessions: run committed and published (post-commit) run_id=run_000001a0e894a528_0003f4 session_id=sess_local_alpha events=run_000001a0e894a528_0003f4-done input_chars=21
2026-09-28T15:14:10.857275Z  INFO lingxi_service: request handled request_id=req-37f148cc86dce0d22575ac5093c854c2 method=POST path=/lingxi/v1/sessions/sess_local_alpha/execute status=200
2026-09-28T15:14:10.857938Z  INFO lingxi_service::sessions: run committed and published (post-commit) run_id=run_000001a0e894a529_0003f5 session_id=sess_local_alpha events=run_000001a0e894a529_0003f5-done input_chars=21
2026-09-28T15:14:10.858080Z  INFO lingxi_service: request handled request_id=req-84e55fa227b9709d4fbc574db3eb6bfd method=POST path=/lingxi/v1/sessions/sess_local_alpha/execute status=200
2026-09-28T15:14:10.858669Z  INFO lingxi_service::sessions: run committed and published (post-commit) run_id=run_000001a0e894a52a_0003f6 session_id=sess_local_alpha events=run_000001a0e894a52a_0003f6-done input_chars=21
2026-09-28T15:14:10.858806Z  INFO lingxi_service: request handled request_id=req-904c7c8df6cac029f51c6523b37a4ee4 method=POST path=/lingxi/v1/sessions/sess_local_alpha/execute status=200
2026-09-28T15:14:10.859369Z  INFO lingxi_service::sessions: run committed and published (post-commit) run_id=run_000001a0e894a52b_0003f7 session_id=sess_local_alpha events=run_000001a0e894a52b_0003f7-done input_chars=21
2026-09-28T15:14:10.859554Z  INFO lingxi_service: request handled request_id=req-61cf0f89cf9c10603f56c5152cf21107 method=POST path=/lingxi/v1/sessions/sess_local_alpha/execute status=200
2026-09-28T15:14:10.860284Z  INFO lingxi_service::sessions: run committed and published (post-commit) run_id=run_000001a0e894a52b_0003f8 session_id=sess_local_alpha events=run_000001a0e894a52b_0003f8-done input_chars=21
2026-09-28T15:14:10.860436Z  INFO lingxi_service: request handled request_id=req-436628b7f3e8d97d674ac8e67a632c0e method=POST path=/lingxi/v1/sessions/sess_local_alpha/execute status=200
2026-09-28T15:14:10.861045Z  INFO lingxi_service::sessions: run committed and published (post-commit) run_id=run_000001a0e894a52c_0003f9 session_id=sess_local_alpha events=run_000001a0e894a52c_0003f9-done input_chars=21
2026-09-28T15:14:10.861183Z  INFO lingxi_service: request handled request_id=req-e823ebca6a44e69cdb277bc377be34e0 method=POST path=/lingxi/v1/sessions/sess_local_alpha/execute status=200
2026-09-28T15:14:10.861746Z  INFO lingxi_service::sessions: run committed and published (post-commit) run_id=run_000001a0e894a52d_0003fa session_id=sess_local_alpha events=run_000001a0e894a52d_0003fa-done input_chars=21
2026-09-28T15:14:10.861879Z  INFO lingxi_service: request handled request_id=req-d6c19ff2512fc1353411f132a0d80625 method=POST path=/lingxi/v1/sessions/sess_local_alpha/execute status=200
2026-09-28T15:14:10.862418Z  INFO lingxi_service::sessions: run committed and published (post-commit) run_id=run_000001a0e894a52e_0003fb session_id=sess_local_alpha events=run_000001a0e894a52e_0003fb-done input_chars=21
2026-09-28T15:14:10.862549Z  INFO lingxi_service: request handled request_id=req-ad89d4e640594675f9a6a90e4e0ba684 method=POST path=/lingxi/v1/sessions/sess_local_alpha/execute status=200
2026-09-28T15:14:10.863184Z  INFO lingxi_service::sessions: run committed and published (post-commit) run_id=run_000001a0e894a52e_0003fc session_id=sess_local_alpha events=run_000001a0e894a52e_0003fc-done input_chars=21
2026-09-28T15:14:10.863351Z  INFO lingxi_service: request handled request_id=req-d455ec6d2681b1d331ff427c1d079a1d method=POST path=/lingxi/v1/sessions/sess_local_alpha/execute status=200
2026-09-28T15:14:10.864041Z  INFO lingxi_service::sessions: run committed and published (post-commit) run_id=run_000001a0e894a52f_0003fd session_id=sess_local_alpha events=run_000001a0e894a52f_0003fd-done input_chars=21
2026-09-28T15:14:10.864210Z  INFO lingxi_service: request handled request_id=req-a68fe5a41e9c69b9133501e204dd8ba0 method=POST path=/lingxi/v1/sessions/sess_local_alpha/execute status=200
2026-09-28T15:14:10.864786Z  INFO lingxi_service::sessions: run committed and published (post-commit) run_id=run_000001a0e894a530_0003fe session_id=sess_local_alpha events=run_000001a0e894a530_0003fe-done input_chars=21
2026-09-28T15:14:10.864923Z  INFO lingxi_service: request handled request_id=req-211aae6c57639f4af5e30524d128cafa method=POST path=/lingxi/v1/sessions/sess_local_alpha/execute status=200
2026-09-28T15:14:10.865521Z  INFO lingxi_service::sessions: run committed and published (post-commit) run_id=run_000001a0e894a531_0003ff session_id=sess_local_alpha events=run_000001a0e894a531_0003ff-done input_chars=21
2026-09-28T15:14:10.865661Z  INFO lingxi_service: request handled request_id=req-4e31f37c5c84951461a7d671fd3ca732 method=POST path=/lingxi/v1/sessions/sess_local_alpha/execute status=200
2026-09-28T15:14:10.866316Z  INFO lingxi_service::sessions: run committed and published (post-commit) run_id=run_000001a0e894a531_000400 session_id=sess_local_alpha events=run_000001a0e894a531_000400-done input_chars=21
2026-09-28T15:14:10.866483Z  INFO lingxi_service: request handled request_id=req-000ab7bce09bb48b1fc3e6057dfe9974 method=POST path=/lingxi/v1/sessions/sess_local_alpha/execute status=200
2026-09-28T15:14:10.867194Z  INFO lingxi_service::sessions: run committed and published (post-commit) run_id=run_000001a0e894a532_000401 session_id=sess_local_alpha events=run_000001a0e894a532_000401-done input_chars=21
2026-09-28T15:14:10.867337Z  INFO lingxi_service: request handled request_id=req-573a7cb32dc90a9fb285c17701afae56 method=POST path=/lingxi/v1/sessions/sess_local_alpha/execute status=200
2026-09-28T15:14:10.867982Z  INFO lingxi_service::sessions: run committed and published (post-commit) run_id=run_000001a0e894a533_000402 session_id=sess_local_alpha events=run_000001a0e894a533_000402-done input_chars=21
2026-09-28T15:14:10.868121Z  INFO lingxi_service: request handled request_id=req-dd6b455b96b34dd8f70bbbfdb48e727d method=POST path=/lingxi/v1/sessions/sess_local_alpha/execute status=200
2026-09-28T15:14:10.868696Z  INFO lingxi_service::sessions: run committed and published (post-commit) run_id=run_000001a0e894a534_000403 session_id=sess_local_alpha events=run_000001a0e894a534_000403-done input_chars=21
2026-09-28T15:14:10.868833Z  INFO lingxi_service: request handled request_id=req-f8681c0efb2355958e69fd96e82d4dc7 method=POST path=/lingxi/v1/sessions/sess_local_alpha/execute status=200
2026-09-28T15:14:10.869386Z  INFO lingxi_service::sessions: run committed and published (post-commit) run_id=run_000001a0e894a535_000404 session_id=sess_local_alpha events=run_000001a0e894a535_000404-done input_chars=21
2026-09-28T15:14:10.869556Z  INFO lingxi_service: request handled request_id=req-ee25d1410ae5ab6e946228430e97dbde method=POST path=/lingxi/v1/sessions/sess_local_alpha/execute status=200
2026-09-28T15:14:10.870366Z  INFO lingxi_service::sessions: run committed and published (post-commit) run_id=run_000001a0e894a535_000405 session_id=sess_local_alpha events=run_000001a0e894a535_000405-done input_chars=21
2026-09-28T15:14:10.870527Z  INFO lingxi_service: request handled request_id=req-52c548753f175663cb4d0dfb39258b46 method=POST path=/lingxi/v1/sessions/sess_local_alpha/execute status=200
2026-09-28T15:14:10.871177Z  INFO lingxi_service::sessions: run committed and published (post-commit) run_id=run_000001a0e894a536_000406 session_id=sess_local_alpha events=run_000001a0e894a536_000406-done input_chars=21
2026-09-28T15:14:10.871314Z  INFO lingxi_service: request handled request_id=req-eaa850f1641e76c2365781da3a4707b8 method=POST path=/lingxi/v1/sessions/sess_local_alpha/execute status=200
2026-09-28T15:14:10.871864Z  INFO lingxi_service::sessions: run committed and published (post-commit) run_id=run_000001a0e894a537_000407 session_id=sess_local_alpha events=run_000001a0e894a537_000407-done input_chars=21
2026-09-28T15:14:10.871999Z  INFO lingxi_service: request handled request_id=req-80b59c1ab7fb0e1c2a097bb06ac512e2 method=POST path=/lingxi/v1/sessions/sess_local_alpha/execute status=200
2026-09-28T15:14:10.872555Z  INFO lingxi_service::sessions: run committed and published (post-commit) run_id=run_000001a0e894a538_000408 session_id=sess_local_alpha events=run_000001a0e894a538_000408-done input_chars=21
2026-09-28T15:14:10.872688Z  INFO lingxi_service: request handled request_id=req-76e491a80479fb49c92b06c21f1df4d6 method=POST path=/lingxi/v1/sessions/sess_local_alpha/execute status=200
2026-09-28T15:14:10.873466Z  INFO lingxi_service::sessions: run committed and published (post-commit) run_id=run_000001a0e894a538_000409 session_id=sess_local_alpha events=run_000001a0e894a538_000409-done input_chars=21
2026-09-28T15:14:10.873648Z  INFO lingxi_service: request handled request_id=req-4cd41ea60205d64294a03fbd96d1bd02 method=POST path=/lingxi/v1/sessions/sess_local_alpha/execute status=200
2026-09-28T15:14:10.874419Z  INFO lingxi_service::sessions: run committed and published (post-commit) run_id=run_000001a0e894a53a_00040a session_id=sess_local_alpha events=run_000001a0e894a53a_00040a-done input_chars=21
2026-09-28T15:14:10.874560Z  INFO lingxi_service: request handled request_id=req-5a511c806755ea6b92e2d27f10263581 method=POST path=/lingxi/v1/sessions/sess_local_alpha/execute status=200
2026-09-28T15:14:10.875203Z  INFO lingxi_service::sessions: run committed and published (post-commit) run_id=run_000001a0e894a53a_00040b session_id=sess_local_alpha events=run_000001a0e894a53a_00040b-done input_chars=21
2026-09-28T15:14:10.875342Z  INFO lingxi_service: request handled request_id=req-1fc650c126944cdd25a8db0ea3c97e98 method=POST path=/lingxi/v1/sessions/sess_local_alpha/execute status=200
2026-09-28T15:14:10.875979Z  INFO lingxi_service::sessions: run committed and published (post-commit) run_id=run_000001a0e894a53b_00040c session_id=sess_local_alpha events=run_000001a0e894a53b_00040c-done input_chars=21
2026-09-28T15:14:10.876135Z  INFO lingxi_service: request handled request_id=req-d08fef9575b683443cd9b0a971dd8b05 method=POST path=/lingxi/v1/sessions/sess_local_alpha/execute status=200
2026-09-28T15:14:10.877032Z  INFO lingxi_service::sessions: run committed and published (post-commit) run_id=run_000001a0e894a53c_00040d session_id=sess_local_alpha events=run_000001a0e894a53c_00040d-done input_chars=21
2026-09-28T15:14:10.877197Z  INFO lingxi_service: request handled request_id=req-1358625681f7426bd9c1bfec1256654b method=POST path=/lingxi/v1/sessions/sess_local_alpha/execute status=200
2026-09-28T15:14:10.877915Z  INFO lingxi_service::sessions: run committed and published (post-commit) run_id=run_000001a0e894a53d_00040e session_id=sess_local_alpha events=run_000001a0e894a53d_00040e-done input_chars=21
2026-09-28T15:14:10.878056Z  INFO lingxi_service: request handled request_id=req-00c41a6440c313b8527ac1387e6c2959 method=POST path=/lingxi/v1/sessions/sess_local_alpha/execute status=200
2026-09-28T15:14:10.878685Z  INFO lingxi_service::sessions: run committed and published (post-commit) run_id=run_000001a0e894a53e_00040f session_id=sess_local_alpha events=run_000001a0e894a53e_00040f-done input_chars=21
2026-09-28T15:14:10.878828Z  INFO lingxi_service: request handled request_id=req-deadef0220009ba8b1ead721b34534bb method=POST path=/lingxi/v1/sessions/sess_local_alpha/execute status=200
2026-09-28T15:14:10.879424Z  INFO lingxi_service::sessions: run committed and published (post-commit) run_id=run_000001a0e894a53f_000410 session_id=sess_local_alpha events=run_000001a0e894a53f_000410-done input_chars=21
2026-09-28T15:14:10.879601Z  INFO lingxi_service: request handled request_id=req-2d636fb8e8bf5f72f18cedbb7b27dbd9 method=POST path=/lingxi/v1/sessions/sess_local_alpha/execute status=200
2026-09-28T15:14:10.880381Z  INFO lingxi_service::sessions: run committed and published (post-commit) run_id=run_000001a0e894a540_000411 session_id=sess_local_alpha events=run_000001a0e894a540_000411-done input_chars=21
2026-09-28T15:14:10.880548Z  INFO lingxi_service: request handled request_id=req-7c70b055e0a5d1442ae72a6bfdef7783 method=POST path=/lingxi/v1/sessions/sess_local_alpha/execute status=200
2026-09-28T15:14:10.881220Z  INFO lingxi_service::sessions: run committed and published (post-commit) run_id=run_000001a0e894a540_000412 session_id=sess_local_alpha events=run_000001a0e894a540_000412-done input_chars=21
2026-09-28T15:14:10.881356Z  INFO lingxi_service: request handled request_id=req-92be7eced14dea705637499a99f48f5e method=POST path=/lingxi/v1/sessions/sess_local_alpha/execute status=200
2026-09-28T15:14:10.881991Z  INFO lingxi_service::sessions: run committed and published (post-commit) run_id=run_000001a0e894a541_000413 session_id=sess_local_alpha events=run_000001a0e894a541_000413-done input_chars=21
2026-09-28T15:14:10.882141Z  INFO lingxi_service: request handled request_id=req-c2d97d8e5e9d80262f5300ed514e3659 method=POST path=/lingxi/v1/sessions/sess_local_alpha/execute status=200
2026-09-28T15:14:10.882753Z  INFO lingxi_service::sessions: run committed and published (post-commit) run_id=run_000001a0e894a542_000414 session_id=sess_local_alpha events=run_000001a0e894a542_000414-done input_chars=21
2026-09-28T15:14:10.882927Z  INFO lingxi_service: request handled request_id=req-a608dd79252798813fd217d24fbdd884 method=POST path=/lingxi/v1/sessions/sess_local_alpha/execute status=200
2026-09-28T15:14:10.883710Z  INFO lingxi_service::sessions: run committed and published (post-commit) run_id=run_000001a0e894a543_000415 session_id=sess_local_alpha events=run_000001a0e894a543_000415-done input_chars=21
2026-09-28T15:14:10.883875Z  INFO lingxi_service: request handled request_id=req-05fcd213eb4836a9cdc0c2005932eec3 method=POST path=/lingxi/v1/sessions/sess_local_alpha/execute status=200
2026-09-28T15:14:10.884547Z  INFO lingxi_service::sessions: run committed and published (post-commit) run_id=run_000001a0e894a544_000416 session_id=sess_local_alpha events=run_000001a0e894a544_000416-done input_chars=21
2026-09-28T15:14:10.884685Z  INFO lingxi_service: request handled request_id=req-50195a927586370f0859b81ccc1c70ee method=POST path=/lingxi/v1/sessions/sess_local_alpha/execute status=200
2026-09-28T15:14:10.885247Z  INFO lingxi_service::sessions: run committed and published (post-commit) run_id=run_000001a0e894a544_000417 session_id=sess_local_alpha events=run_000001a0e894a544_000417-done input_chars=21
2026-09-28T15:14:10.885386Z  INFO lingxi_service: request handled request_id=req-50d8cb2c83641fd921d13175cc7d8463 method=POST path=/lingxi/v1/sessions/sess_local_alpha/execute status=200
2026-09-28T15:14:10.885979Z  INFO lingxi_service::sessions: run committed and published (post-commit) run_id=run_000001a0e894a545_000418 session_id=sess_local_alpha events=run_000001a0e894a545_000418-done input_chars=21
2026-09-28T15:14:10.886132Z  INFO lingxi_service: request handled request_id=req-3f0fe30aa6ea5bfa81b4056379b89e36 method=POST path=/lingxi/v1/sessions/sess_local_alpha/execute status=200
2026-09-28T15:14:10.886953Z  INFO lingxi_service::sessions: run committed and published (post-commit) run_id=run_000001a0e894a546_000419 session_id=sess_local_alpha events=run_000001a0e894a546_000419-done input_chars=21
2026-09-28T15:14:10.887124Z  INFO lingxi_service: request handled request_id=req-0a0e63164ef5af9a4e391f9d274f1c2b method=POST path=/lingxi/v1/sessions/sess_local_alpha/execute status=200
2026-09-28T15:14:10.887836Z  INFO lingxi_service::sessions: run committed and published (post-commit) run_id=run_000001a0e894a547_00041a session_id=sess_local_alpha events=run_000001a0e894a547_00041a-done input_chars=21
2026-09-28T15:14:10.887973Z  INFO lingxi_service: request handled request_id=req-34210eb0e39f7e1e8ef369436ca96894 method=POST path=/lingxi/v1/sessions/sess_local_alpha/execute status=200
2026-09-28T15:14:10.888539Z  INFO lingxi_service::sessions: run committed and published (post-commit) run_id=run_000001a0e894a548_00041b session_id=sess_local_alpha events=run_000001a0e894a548_00041b-done input_chars=21
2026-09-28T15:14:10.888678Z  INFO lingxi_service: request handled request_id=req-a0116fcf1919d3e2494589553760545c method=POST path=/lingxi/v1/sessions/sess_local_alpha/execute status=200
2026-09-28T15:14:10.889438Z  INFO lingxi_service::sessions: run committed and published (post-commit) run_id=run_000001a0e894a548_00041c session_id=sess_local_alpha events=run_000001a0e894a548_00041c-done input_chars=21
2026-09-28T15:14:10.889600Z  INFO lingxi_service: request handled request_id=req-c91857ec38bd5a5c92ab3a04500cb2a7 method=POST path=/lingxi/v1/sessions/sess_local_alpha/execute status=200
2026-09-28T15:14:10.890311Z  INFO lingxi_service::sessions: run committed and published (post-commit) run_id=run_000001a0e894a549_00041d session_id=sess_local_alpha events=run_000001a0e894a549_00041d-done input_chars=21
2026-09-28T15:14:10.890457Z  INFO lingxi_service: request handled request_id=req-96b15ba5283da698f73bc03e918ea134 method=POST path=/lingxi/v1/sessions/sess_local_alpha/execute status=200
2026-09-28T15:14:10.891111Z  INFO lingxi_service::sessions: run committed and published (post-commit) run_id=run_000001a0e894a54a_00041e session_id=sess_local_alpha events=run_000001a0e894a54a_00041e-done input_chars=21
2026-09-28T15:14:10.891251Z  INFO lingxi_service: request handled request_id=req-0fbf65cc0fc01ffd32f5b93fc5625b94 method=POST path=/lingxi/v1/sessions/sess_local_alpha/execute status=200
2026-09-28T15:14:10.892409Z  INFO lingxi_service::sessions: run committed and published (post-commit) run_id=run_000001a0e894a54b_00041f session_id=sess_local_alpha events=run_000001a0e894a54b_00041f-done input_chars=21
2026-09-28T15:14:10.892589Z  INFO lingxi_service: request handled request_id=req-fdd1898ec520819cc32341c6c0468ba4 method=POST path=/lingxi/v1/sessions/sess_local_alpha/execute status=200
2026-09-28T15:14:10.893380Z  INFO lingxi_service::sessions: run committed and published (post-commit) run_id=run_000001a0e894a54c_000420 session_id=sess_local_alpha events=run_000001a0e894a54c_000420-done input_chars=21
2026-09-28T15:14:10.893530Z  INFO lingxi_service: request handled request_id=req-54d3528e8ee5afceda8664729023b56c method=POST path=/lingxi/v1/sessions/sess_local_alpha/execute status=200
2026-09-28T15:14:10.894095Z  INFO lingxi_service::sessions: run committed and published (post-commit) run_id=run_000001a0e894a54d_000421 session_id=sess_local_alpha events=run_000001a0e894a54d_000421-done input_chars=21
2026-09-28T15:14:10.894237Z  INFO lingxi_service: request handled request_id=req-d09a6f29a7c318ed660f4096e6ba7cf2 method=POST path=/lingxi/v1/sessions/sess_local_alpha/execute status=200
2026-09-28T15:14:10.894805Z  INFO lingxi_service::sessions: run committed and published (post-commit) run_id=run_000001a0e894a54e_000422 session_id=sess_local_alpha events=run_000001a0e894a54e_000422-done input_chars=21
2026-09-28T15:14:10.894941Z  INFO lingxi_service: request handled request_id=req-9b1f7537df1c8b910cb94c8892103dd1 method=POST path=/lingxi/v1/sessions/sess_local_alpha/execute status=200
2026-09-28T15:14:10.895515Z  INFO lingxi_service::sessions: run committed and published (post-commit) run_id=run_000001a0e894a54f_000423 session_id=sess_local_alpha events=run_000001a0e894a54f_000423-done input_chars=21
2026-09-28T15:14:10.895698Z  INFO lingxi_service: request handled request_id=req-63e2b5dbd338bfdfb47e03dd933a71e1 method=POST path=/lingxi/v1/sessions/sess_local_alpha/execute status=200
2026-09-28T15:14:10.896438Z  INFO lingxi_service::sessions: run committed and published (post-commit) run_id=run_000001a0e894a550_000424 session_id=sess_local_alpha events=run_000001a0e894a550_000424-done input_chars=21
2026-09-28T15:14:10.896594Z  INFO lingxi_service: request handled request_id=req-2a7d96093d1ab8835e8d9c71c5f3040f method=POST path=/lingxi/v1/sessions/sess_local_alpha/execute status=200
2026-09-28T15:14:10.897270Z  INFO lingxi_service::sessions: run committed and published (post-commit) run_id=run_000001a0e894a550_000425 session_id=sess_local_alpha events=run_000001a0e894a550_000425-done input_chars=21
2026-09-28T15:14:10.897418Z  INFO lingxi_service: request handled request_id=req-a4eeb39e4c6ad2c9c1b0e475239c65ba method=POST path=/lingxi/v1/sessions/sess_local_alpha/execute status=200
2026-09-28T15:14:10.897995Z  INFO lingxi_service::sessions: run committed and published (post-commit) run_id=run_000001a0e894a551_000426 session_id=sess_local_alpha events=run_000001a0e894a551_000426-done input_chars=21
2026-09-28T15:14:10.898134Z  INFO lingxi_service: request handled request_id=req-2484f439269b536927331edf9ac7f886 method=POST path=/lingxi/v1/sessions/sess_local_alpha/execute status=200
2026-09-28T15:14:10.898697Z  INFO lingxi_service::sessions: run committed and published (post-commit) run_id=run_000001a0e894a552_000427 session_id=sess_local_alpha events=run_000001a0e894a552_000427-done input_chars=21
2026-09-28T15:14:10.898840Z  INFO lingxi_service: request handled request_id=req-edf647df8f4dabdd031fc206722a102b method=POST path=/lingxi/v1/sessions/sess_local_alpha/execute status=200
2026-09-28T15:14:10.899454Z  INFO lingxi_service::sessions: run committed and published (post-commit) run_id=run_000001a0e894a553_000428 session_id=sess_local_alpha events=run_000001a0e894a553_000428-done input_chars=21
2026-09-28T15:14:10.899674Z  INFO lingxi_service: request handled request_id=req-e5cb609294fbb5829d77319b08e0115b method=POST path=/lingxi/v1/sessions/sess_local_alpha/execute status=200
2026-09-28T15:14:10.900418Z  INFO lingxi_service::sessions: run committed and published (post-commit) run_id=run_000001a0e894a554_000429 session_id=sess_local_alpha events=run_000001a0e894a554_000429-done input_chars=21
2026-09-28T15:14:10.900580Z  INFO lingxi_service: request handled request_id=req-6b84493012362776ac055aaaaf04ed6f method=POST path=/lingxi/v1/sessions/sess_local_alpha/execute status=200
2026-09-28T15:14:10.901216Z  INFO lingxi_service::sessions: run committed and published (post-commit) run_id=run_000001a0e894a554_00042a session_id=sess_local_alpha events=run_000001a0e894a554_00042a-done input_chars=21
2026-09-28T15:14:10.901358Z  INFO lingxi_service: request handled request_id=req-6d6a635a95e2ae68b6377e927eef1695 method=POST path=/lingxi/v1/sessions/sess_local_alpha/execute status=200
2026-09-28T15:14:10.902000Z  INFO lingxi_service::sessions: run committed and published (post-commit) run_id=run_000001a0e894a555_00042b session_id=sess_local_alpha events=run_000001a0e894a555_00042b-done input_chars=21
2026-09-28T15:14:10.902139Z  INFO lingxi_service: request handled request_id=req-4f27b49d03c8777e07c4cee87e6467b4 method=POST path=/lingxi/v1/sessions/sess_local_alpha/execute status=200
2026-09-28T15:14:10.902699Z  INFO lingxi_service::sessions: run committed and published (post-commit) run_id=run_000001a0e894a556_00042c session_id=sess_local_alpha events=run_000001a0e894a556_00042c-done input_chars=21
2026-09-28T15:14:10.902868Z  INFO lingxi_service: request handled request_id=req-75b13e1b3580cdbacd6220a575b00cc5 method=POST path=/lingxi/v1/sessions/sess_local_alpha/execute status=200
2026-09-28T15:14:10.903706Z  INFO lingxi_service::sessions: run committed and published (post-commit) run_id=run_000001a0e894a557_00042d session_id=sess_local_alpha events=run_000001a0e894a557_00042d-done input_chars=21
2026-09-28T15:14:10.903874Z  INFO lingxi_service: request handled request_id=req-f908b55893c884810f269a27fcbeebd4 method=POST path=/lingxi/v1/sessions/sess_local_alpha/execute status=200
2026-09-28T15:14:10.904541Z  INFO lingxi_service::sessions: run committed and published (post-commit) run_id=run_000001a0e894a558_00042e session_id=sess_local_alpha events=run_000001a0e894a558_00042e-done input_chars=21
2026-09-28T15:14:10.904678Z  INFO lingxi_service: request handled request_id=req-cf70917dcabbb47c3c17478826ebc148 method=POST path=/lingxi/v1/sessions/sess_local_alpha/execute status=200
2026-09-28T15:14:10.905264Z  INFO lingxi_service::sessions: run committed and published (post-commit) run_id=run_000001a0e894a558_00042f session_id=sess_local_alpha events=run_000001a0e894a558_00042f-done input_chars=21
2026-09-28T15:14:10.905409Z  INFO lingxi_service: request handled request_id=req-757e8250bd6bce066bc7f56e727cede5 method=POST path=/lingxi/v1/sessions/sess_local_alpha/execute status=200
2026-09-28T15:14:10.905976Z  INFO lingxi_service::sessions: run committed and published (post-commit) run_id=run_000001a0e894a559_000430 session_id=sess_local_alpha events=run_000001a0e894a559_000430-done input_chars=21
2026-09-28T15:14:10.906128Z  INFO lingxi_service: request handled request_id=req-975cf3d4aa28560c0ebf361c4891cf20 method=POST path=/lingxi/v1/sessions/sess_local_alpha/execute status=200
2026-09-28T15:14:10.907000Z  INFO lingxi_service::sessions: run committed and published (post-commit) run_id=run_000001a0e894a55a_000431 session_id=sess_local_alpha events=run_000001a0e894a55a_000431-done input_chars=21
2026-09-28T15:14:10.907167Z  INFO lingxi_service: request handled request_id=req-06a1a429734e702d7c7df85f76496e3e method=POST path=/lingxi/v1/sessions/sess_local_alpha/execute status=200
2026-09-28T15:14:10.907842Z  INFO lingxi_service::sessions: run committed and published (post-commit) run_id=run_000001a0e894a55b_000432 session_id=sess_local_alpha events=run_000001a0e894a55b_000432-done input_chars=21
2026-09-28T15:14:10.907984Z  INFO lingxi_service: request handled request_id=req-3d211c1cb085911d75af5434e184323c method=POST path=/lingxi/v1/sessions/sess_local_alpha/execute status=200
2026-09-28T15:14:10.908592Z  INFO lingxi_service::sessions: run committed and published (post-commit) run_id=run_000001a0e894a55c_000433 session_id=sess_local_alpha events=run_000001a0e894a55c_000433-done input_chars=21
2026-09-28T15:14:10.908733Z  INFO lingxi_service: request handled request_id=req-c0f600fd70d74452bf4d80b93980db9a method=POST path=/lingxi/v1/sessions/sess_local_alpha/execute status=200
2026-09-28T15:14:10.909340Z  INFO lingxi_service::sessions: run committed and published (post-commit) run_id=run_000001a0e894a55c_000434 session_id=sess_local_alpha events=run_000001a0e894a55c_000434-done input_chars=21
2026-09-28T15:14:10.909509Z  INFO lingxi_service: request handled request_id=req-28352ecdfbc013d7d38386f2e2b4f590 method=POST path=/lingxi/v1/sessions/sess_local_alpha/execute status=200
2026-09-28T15:14:10.910305Z  INFO lingxi_service::sessions: run committed and published (post-commit) run_id=run_000001a0e894a55d_000435 session_id=sess_local_alpha events=run_000001a0e894a55d_000435-done input_chars=21
2026-09-28T15:14:10.910470Z  INFO lingxi_service: request handled request_id=req-b21bacab093c9451bfdbffd88a3273bf method=POST path=/lingxi/v1/sessions/sess_local_alpha/execute status=200
2026-09-28T15:14:10.911140Z  INFO lingxi_service::sessions: run committed and published (post-commit) run_id=run_000001a0e894a55e_000436 session_id=sess_local_alpha events=run_000001a0e894a55e_000436-done input_chars=21
2026-09-28T15:14:10.911279Z  INFO lingxi_service: request handled request_id=req-436d79f41aed527561f25413b73d8782 method=POST path=/lingxi/v1/sessions/sess_local_alpha/execute status=200
2026-09-28T15:14:10.911849Z  INFO lingxi_service::sessions: run committed and published (post-commit) run_id=run_000001a0e894a55f_000437 session_id=sess_local_alpha events=run_000001a0e894a55f_000437-done input_chars=21
2026-09-28T15:14:10.911984Z  INFO lingxi_service: request handled request_id=req-634c943308209b11401e285b477e3d5f method=POST path=/lingxi/v1/sessions/sess_local_alpha/execute status=200
2026-09-28T15:14:10.912523Z  INFO lingxi_service::sessions: run committed and published (post-commit) run_id=run_000001a0e894a560_000438 session_id=sess_local_alpha events=run_000001a0e894a560_000438-done input_chars=21
2026-09-28T15:14:10.912665Z  INFO lingxi_service: request handled request_id=req-b1a91b91f6e08da4a78fe2f303169490 method=POST path=/lingxi/v1/sessions/sess_local_alpha/execute status=200
2026-09-28T15:14:10.913454Z  INFO lingxi_service::sessions: run committed and published (post-commit) run_id=run_000001a0e894a560_000439 session_id=sess_local_alpha events=run_000001a0e894a560_000439-done input_chars=21
2026-09-28T15:14:10.913617Z  INFO lingxi_service: request handled request_id=req-e8edf3ef9ecb6f8901fbf97ff03b4e9b method=POST path=/lingxi/v1/sessions/sess_local_alpha/execute status=200
2026-09-28T15:14:10.914292Z  INFO lingxi_service::sessions: run committed and published (post-commit) run_id=run_000001a0e894a561_00043a session_id=sess_local_alpha events=run_000001a0e894a561_00043a-done input_chars=21
2026-09-28T15:14:10.914436Z  INFO lingxi_service: request handled request_id=req-3a06df7e3af37594f88c4b090d2329be method=POST path=/lingxi/v1/sessions/sess_local_alpha/execute status=200
2026-09-28T15:14:10.915043Z  INFO lingxi_service::sessions: run committed and published (post-commit) run_id=run_000001a0e894a562_00043b session_id=sess_local_alpha events=run_000001a0e894a562_00043b-done input_chars=21
2026-09-28T15:14:10.915183Z  INFO lingxi_service: request handled request_id=req-612d197ef826438257aea465a4f9f7cf method=POST path=/lingxi/v1/sessions/sess_local_alpha/execute status=200
2026-09-28T15:14:10.915767Z  INFO lingxi_service::sessions: run committed and published (post-commit) run_id=run_000001a0e894a563_00043c session_id=sess_local_alpha events=run_000001a0e894a563_00043c-done input_chars=21
2026-09-28T15:14:10.915906Z  INFO lingxi_service: request handled request_id=req-94261590e016fa9f18f1878c0336d4c7 method=POST path=/lingxi/v1/sessions/sess_local_alpha/execute status=200
2026-09-28T15:14:10.916631Z  INFO lingxi_service::sessions: run committed and published (post-commit) run_id=run_000001a0e894a564_00043d session_id=sess_local_alpha events=run_000001a0e894a564_00043d-done input_chars=21
2026-09-28T15:14:10.916804Z  INFO lingxi_service: request handled request_id=req-d28783e809fa48df3c60625a822fae1c method=POST path=/lingxi/v1/sessions/sess_local_alpha/execute status=200
2026-09-28T15:14:10.917562Z  INFO lingxi_service::sessions: run committed and published (post-commit) run_id=run_000001a0e894a565_00043e session_id=sess_local_alpha events=run_000001a0e894a565_00043e-done input_chars=21
2026-09-28T15:14:10.917706Z  INFO lingxi_service: request handled request_id=req-783ade1f4fa700ff098e1d9ea9287c28 method=POST path=/lingxi/v1/sessions/sess_local_alpha/execute status=200
2026-09-28T15:14:10.918326Z  INFO lingxi_service::sessions: run committed and published (post-commit) run_id=run_000001a0e894a565_00043f session_id=sess_local_alpha events=run_000001a0e894a565_00043f-done input_chars=21
2026-09-28T15:14:10.918468Z  INFO lingxi_service: request handled request_id=req-33c37172cba1d0ffd25d146a247be22a method=POST path=/lingxi/v1/sessions/sess_local_alpha/execute status=200
2026-09-28T15:14:10.919119Z  INFO lingxi_service::sessions: run committed and published (post-commit) run_id=run_000001a0e894a566_000440 session_id=sess_local_alpha events=run_000001a0e894a566_000440-done input_chars=21
2026-09-28T15:14:10.919260Z  INFO lingxi_service: request handled request_id=req-467c603282f4ce6a3c0b68ffc6d50378 method=POST path=/lingxi/v1/sessions/sess_local_alpha/execute status=200
2026-09-28T15:14:10.919967Z  INFO lingxi_service::sessions: run committed and published (post-commit) run_id=run_000001a0e894a567_000441 session_id=sess_local_alpha events=run_000001a0e894a567_000441-done input_chars=21
2026-09-28T15:14:10.920134Z  INFO lingxi_service: request handled request_id=req-3a799a88486ae59bf1dc54a81af56413 method=POST path=/lingxi/v1/sessions/sess_local_alpha/execute status=200
2026-09-28T15:14:10.920951Z  INFO lingxi_service::sessions: run committed and published (post-commit) run_id=run_000001a0e894a568_000442 session_id=sess_local_alpha events=run_000001a0e894a568_000442-done input_chars=21
2026-09-28T15:14:10.921102Z  INFO lingxi_service: request handled request_id=req-627ae581084ca614c57c83d50dadd738 method=POST path=/lingxi/v1/sessions/sess_local_alpha/execute status=200
2026-09-28T15:14:10.921725Z  INFO lingxi_service::sessions: run committed and published (post-commit) run_id=run_000001a0e894a569_000443 session_id=sess_local_alpha events=run_000001a0e894a569_000443-done input_chars=21
2026-09-28T15:14:10.921865Z  INFO lingxi_service: request handled request_id=req-7869b4a7eb45bb24f0cd62bcc8a763ce method=POST path=/lingxi/v1/sessions/sess_local_alpha/execute status=200
2026-09-28T15:14:10.922461Z  INFO lingxi_service::sessions: run committed and published (post-commit) run_id=run_000001a0e894a56a_000444 session_id=sess_local_alpha events=run_000001a0e894a56a_000444-done input_chars=21
2026-09-28T15:14:10.922604Z  INFO lingxi_service: request handled request_id=req-e7939633412c44b550ddb83b4066952b method=POST path=/lingxi/v1/sessions/sess_local_alpha/execute status=200
2026-09-28T15:14:10.923323Z  INFO lingxi_service::sessions: run committed and published (post-commit) run_id=run_000001a0e894a56a_000445 session_id=sess_local_alpha events=run_000001a0e894a56a_000445-done input_chars=21
2026-09-28T15:14:10.923493Z  INFO lingxi_service: request handled request_id=req-4410569c7496720155ee51cda37dbfa9 method=POST path=/lingxi/v1/sessions/sess_local_alpha/execute status=200
2026-09-28T15:14:10.924227Z  INFO lingxi_service::sessions: run committed and published (post-commit) run_id=run_000001a0e894a56b_000446 session_id=sess_local_alpha events=run_000001a0e894a56b_000446-done input_chars=21
2026-09-28T15:14:10.924369Z  INFO lingxi_service: request handled request_id=req-e80d2a43fede500bac7706fcc1cadf86 method=POST path=/lingxi/v1/sessions/sess_local_alpha/execute status=200
2026-09-28T15:14:10.924957Z  INFO lingxi_service::sessions: run committed and published (post-commit) run_id=run_000001a0e894a56c_000447 session_id=sess_local_alpha events=run_000001a0e894a56c_000447-done input_chars=21
2026-09-28T15:14:10.925095Z  INFO lingxi_service: request handled request_id=req-7660a1c7eb01eaade5f9b881f199aae3 method=POST path=/lingxi/v1/sessions/sess_local_alpha/execute status=200
2026-09-28T15:14:10.925632Z  INFO lingxi_service::sessions: run committed and published (post-commit) run_id=run_000001a0e894a56d_000448 session_id=sess_local_alpha events=run_000001a0e894a56d_000448-done input_chars=21
2026-09-28T15:14:10.925769Z  INFO lingxi_service: request handled request_id=req-bf6b6f638e3516277b7c111731c986ab method=POST path=/lingxi/v1/sessions/sess_local_alpha/execute status=200
2026-09-28T15:14:10.926479Z  INFO lingxi_service::sessions: run committed and published (post-commit) run_id=run_000001a0e894a56e_000449 session_id=sess_local_alpha events=run_000001a0e894a56e_000449-done input_chars=21
2026-09-28T15:14:10.926655Z  INFO lingxi_service: request handled request_id=req-0efe6464f7e7f522b40cdb7e3d220d0d method=POST path=/lingxi/v1/sessions/sess_local_alpha/execute status=200
2026-09-28T15:14:10.927406Z  INFO lingxi_service::sessions: run committed and published (post-commit) run_id=run_000001a0e894a56f_00044a session_id=sess_local_alpha events=run_000001a0e894a56f_00044a-done input_chars=21
2026-09-28T15:14:10.927557Z  INFO lingxi_service: request handled request_id=req-592ea9d0e1f8b8526bf85d1952069253 method=POST path=/lingxi/v1/sessions/sess_local_alpha/execute status=200
2026-09-28T15:14:10.928185Z  INFO lingxi_service::sessions: run committed and published (post-commit) run_id=run_000001a0e894a56f_00044b session_id=sess_local_alpha events=run_000001a0e894a56f_00044b-done input_chars=21
2026-09-28T15:14:10.928337Z  INFO lingxi_service: request handled request_id=req-c6066a345da46059b9b9342d9b2a7968 method=POST path=/lingxi/v1/sessions/sess_local_alpha/execute status=200
2026-09-28T15:14:10.928964Z  INFO lingxi_service::sessions: run committed and published (post-commit) run_id=run_000001a0e894a570_00044c session_id=sess_local_alpha events=run_000001a0e894a570_00044c-done input_chars=21
2026-09-28T15:14:10.929107Z  INFO lingxi_service: request handled request_id=req-ffa825c062b0bd99553dcd6623dddeb5 method=POST path=/lingxi/v1/sessions/sess_local_alpha/execute status=200
2026-09-28T15:14:10.929847Z  INFO lingxi_service::sessions: run committed and published (post-commit) run_id=run_000001a0e894a571_00044d session_id=sess_local_alpha events=run_000001a0e894a571_00044d-done input_chars=22
2026-09-28T15:14:10.930025Z  INFO lingxi_service: request handled request_id=req-2eba36737b5260edaf0a5d8b8aab256d method=POST path=/lingxi/v1/sessions/sess_local_alpha/execute status=200
2026-09-28T15:14:10.930701Z  INFO lingxi_service::sessions: run committed and published (post-commit) run_id=run_000001a0e894a572_00044e session_id=sess_local_alpha events=run_000001a0e894a572_00044e-done input_chars=22
2026-09-28T15:14:10.930849Z  INFO lingxi_service: request handled request_id=req-4cb05f659d18ca4663b95795a0e0ba74 method=POST path=/lingxi/v1/sessions/sess_local_alpha/execute status=200
2026-09-28T15:14:10.931558Z  INFO lingxi_service::sessions: run committed and published (post-commit) run_id=run_000001a0e894a573_00044f session_id=sess_local_alpha events=run_000001a0e894a573_00044f-done input_chars=22
2026-09-28T15:14:10.931701Z  INFO lingxi_service: request handled request_id=req-11576fe58592fb73c5ef305e70b4f6a0 method=POST path=/lingxi/v1/sessions/sess_local_alpha/execute status=200
2026-09-28T15:14:10.932357Z  INFO lingxi_service::sessions: run committed and published (post-commit) run_id=run_000001a0e894a573_000450 session_id=sess_local_alpha events=run_000001a0e894a573_000450-done input_chars=22
2026-09-28T15:14:10.932497Z  INFO lingxi_service: request handled request_id=req-f60c4b4f88e33d7636b85df45ebf0339 method=POST path=/lingxi/v1/sessions/sess_local_alpha/execute status=200
2026-09-28T15:14:10.933220Z  INFO lingxi_service::sessions: run committed and published (post-commit) run_id=run_000001a0e894a574_000451 session_id=sess_local_alpha events=run_000001a0e894a574_000451-done input_chars=22
2026-09-28T15:14:10.933393Z  INFO lingxi_service: request handled request_id=req-54c04c926534ff8d6db328d800ddea00 method=POST path=/lingxi/v1/sessions/sess_local_alpha/execute status=200
2026-09-28T15:14:10.934111Z  INFO lingxi_service::sessions: run committed and published (post-commit) run_id=run_000001a0e894a575_000452 session_id=sess_local_alpha events=run_000001a0e894a575_000452-done input_chars=22
2026-09-28T15:14:10.934255Z  INFO lingxi_service: request handled request_id=req-ee9911f637b2f00255101b47012ea264 method=POST path=/lingxi/v1/sessions/sess_local_alpha/execute status=200
2026-09-28T15:14:10.934868Z  INFO lingxi_service::sessions: run committed and published (post-commit) run_id=run_000001a0e894a576_000453 session_id=sess_local_alpha events=run_000001a0e894a576_000453-done input_chars=22
2026-09-28T15:14:10.935012Z  INFO lingxi_service: request handled request_id=req-a4c0a6d4737688e8406970bae8543045 method=POST path=/lingxi/v1/sessions/sess_local_alpha/execute status=200
2026-09-28T15:14:10.935601Z  INFO lingxi_service::sessions: run committed and published (post-commit) run_id=run_000001a0e894a577_000454 session_id=sess_local_alpha events=run_000001a0e894a577_000454-done input_chars=22
2026-09-28T15:14:10.935745Z  INFO lingxi_service: request handled request_id=req-62c82cb3844770d22347ca5734640071 method=POST path=/lingxi/v1/sessions/sess_local_alpha/execute status=200
2026-09-28T15:14:10.936969Z  INFO lingxi_service::sessions: run committed and published (post-commit) run_id=run_000001a0e894a578_000455 session_id=sess_local_alpha events=run_000001a0e894a578_000455-done input_chars=22
2026-09-28T15:14:10.937141Z  INFO lingxi_service: request handled request_id=req-076b71022eac142ef1737defefebaf03 method=POST path=/lingxi/v1/sessions/sess_local_alpha/execute status=200
2026-09-28T15:14:10.937794Z  INFO lingxi_service::sessions: run committed and published (post-commit) run_id=run_000001a0e894a579_000456 session_id=sess_local_alpha events=run_000001a0e894a579_000456-done input_chars=22
2026-09-28T15:14:10.937936Z  INFO lingxi_service: request handled request_id=req-47cb4b69d7f1babc9e532c956d0568a9 method=POST path=/lingxi/v1/sessions/sess_local_alpha/execute status=200
2026-09-28T15:14:10.938543Z  INFO lingxi_service::sessions: run committed and published (post-commit) run_id=run_000001a0e894a57a_000457 session_id=sess_local_alpha events=run_000001a0e894a57a_000457-done input_chars=22
2026-09-28T15:14:10.938684Z  INFO lingxi_service: request handled request_id=req-e55f1ae18ff054c27ef3013fb9258fff method=POST path=/lingxi/v1/sessions/sess_local_alpha/execute status=200
2026-09-28T15:14:10.939401Z  INFO lingxi_service::sessions: run committed and published (post-commit) run_id=run_000001a0e894a57a_000458 session_id=sess_local_alpha events=run_000001a0e894a57a_000458-done input_chars=22
2026-09-28T15:14:10.939573Z  INFO lingxi_service: request handled request_id=req-8c5992b6f2311f7fc411e9b746704cad method=POST path=/lingxi/v1/sessions/sess_local_alpha/execute status=200
2026-09-28T15:14:10.940288Z  INFO lingxi_service::sessions: run committed and published (post-commit) run_id=run_000001a0e894a57b_000459 session_id=sess_local_alpha events=run_000001a0e894a57b_000459-done input_chars=22
2026-09-28T15:14:10.940469Z  INFO lingxi_service: request handled request_id=req-3de3c399c924d016f0472663d4c237a0 method=POST path=/lingxi/v1/sessions/sess_local_alpha/execute status=200
2026-09-28T15:14:10.941079Z  INFO lingxi_service::sessions: run committed and published (post-commit) run_id=run_000001a0e894a57c_00045a session_id=sess_local_alpha events=run_000001a0e894a57c_00045a-done input_chars=22
2026-09-28T15:14:10.941227Z  INFO lingxi_service: request handled request_id=req-198fec21f1bd16f4510f9181238c498e method=POST path=/lingxi/v1/sessions/sess_local_alpha/execute status=200
2026-09-28T15:14:10.941782Z  INFO lingxi_service::sessions: run committed and published (post-commit) run_id=run_000001a0e894a57d_00045b session_id=sess_local_alpha events=run_000001a0e894a57d_00045b-done input_chars=22
2026-09-28T15:14:10.941921Z  INFO lingxi_service: request handled request_id=req-2f48ca7eb7c447c1f1160e473e95fefe method=POST path=/lingxi/v1/sessions/sess_local_alpha/execute status=200
2026-09-28T15:14:10.942512Z  INFO lingxi_service::sessions: run committed and published (post-commit) run_id=run_000001a0e894a57e_00045c session_id=sess_local_alpha events=run_000001a0e894a57e_00045c-done input_chars=22
2026-09-28T15:14:10.942651Z  INFO lingxi_service: request handled request_id=req-e182747e897840346ea5ab367f3d41b7 method=POST path=/lingxi/v1/sessions/sess_local_alpha/execute status=200
2026-09-28T15:14:10.943350Z  INFO lingxi_service::sessions: run committed and published (post-commit) run_id=run_000001a0e894a57e_00045d session_id=sess_local_alpha events=run_000001a0e894a57e_00045d-done input_chars=22
2026-09-28T15:14:10.943518Z  INFO lingxi_service: request handled request_id=req-683611f7c091ecea4474942a4b4fb1dd method=POST path=/lingxi/v1/sessions/sess_local_alpha/execute status=200
2026-09-28T15:14:10.944205Z  INFO lingxi_service::sessions: run committed and published (post-commit) run_id=run_000001a0e894a57f_00045e session_id=sess_local_alpha events=run_000001a0e894a57f_00045e-done input_chars=22
2026-09-28T15:14:10.944349Z  INFO lingxi_service: request handled request_id=req-48ccbc07287578324963ea5d22253343 method=POST path=/lingxi/v1/sessions/sess_local_alpha/execute status=200
2026-09-28T15:14:10.944991Z  INFO lingxi_service::sessions: run committed and published (post-commit) run_id=run_000001a0e894a580_00045f session_id=sess_local_alpha events=run_000001a0e894a580_00045f-done input_chars=22
2026-09-28T15:14:10.945129Z  INFO lingxi_service: request handled request_id=req-29a66557df972e0338ad99de65dd5857 method=POST path=/lingxi/v1/sessions/sess_local_alpha/execute status=200
2026-09-28T15:14:10.945687Z  INFO lingxi_service::sessions: run committed and published (post-commit) run_id=run_000001a0e894a581_000460 session_id=sess_local_alpha events=run_000001a0e894a581_000460-done input_chars=22
2026-09-28T15:14:10.945831Z  INFO lingxi_service: request handled request_id=req-036793d4511b7c5b2f71c0de94bda80a method=POST path=/lingxi/v1/sessions/sess_local_alpha/execute status=200
2026-09-28T15:14:10.946598Z  INFO lingxi_service::sessions: run committed and published (post-commit) run_id=run_000001a0e894a582_000461 session_id=sess_local_alpha events=run_000001a0e894a582_000461-done input_chars=22
2026-09-28T15:14:10.946786Z  INFO lingxi_service: request handled request_id=req-3a4f840a2678891b5a70d708afe84873 method=POST path=/lingxi/v1/sessions/sess_local_alpha/execute status=200
2026-09-28T15:14:10.947538Z  INFO lingxi_service::sessions: run committed and published (post-commit) run_id=run_000001a0e894a583_000462 session_id=sess_local_alpha events=run_000001a0e894a583_000462-done input_chars=22
2026-09-28T15:14:10.947684Z  INFO lingxi_service: request handled request_id=req-ac69f2c8e8cf66586a68861ab296eb3c method=POST path=/lingxi/v1/sessions/sess_local_alpha/execute status=200
2026-09-28T15:14:10.948273Z  INFO lingxi_service::sessions: run committed and published (post-commit) run_id=run_000001a0e894a583_000463 session_id=sess_local_alpha events=run_000001a0e894a583_000463-done input_chars=22
2026-09-28T15:14:10.948413Z  INFO lingxi_service: request handled request_id=req-913b873aa49166828330ba046b8f5f43 method=POST path=/lingxi/v1/sessions/sess_local_alpha/execute status=200
2026-09-28T15:14:10.949075Z  INFO lingxi_service::sessions: run committed and published (post-commit) run_id=run_000001a0e894a584_000464 session_id=sess_local_alpha events=run_000001a0e894a584_000464-done input_chars=22
2026-09-28T15:14:10.949214Z  INFO lingxi_service: request handled request_id=req-cb630955e5528776127b4a263b91e2c7 method=POST path=/lingxi/v1/sessions/sess_local_alpha/execute status=200
2026-09-28T15:14:10.949945Z  INFO lingxi_service::sessions: run committed and published (post-commit) run_id=run_000001a0e894a585_000465 session_id=sess_local_alpha events=run_000001a0e894a585_000465-done input_chars=22
2026-09-28T15:14:10.950108Z  INFO lingxi_service: request handled request_id=req-f652c625c8f796c2c6d69756ca60a77a method=POST path=/lingxi/v1/sessions/sess_local_alpha/execute status=200
2026-09-28T15:14:10.950807Z  INFO lingxi_service::sessions: run committed and published (post-commit) run_id=run_000001a0e894a586_000466 session_id=sess_local_alpha events=run_000001a0e894a586_000466-done input_chars=22
2026-09-28T15:14:10.950951Z  INFO lingxi_service: request handled request_id=req-677292a5db07e8f2d35e4bad1743d545 method=POST path=/lingxi/v1/sessions/sess_local_alpha/execute status=200
2026-09-28T15:14:10.951523Z  INFO lingxi_service::sessions: run committed and published (post-commit) run_id=run_000001a0e894a587_000467 session_id=sess_local_alpha events=run_000001a0e894a587_000467-done input_chars=22
2026-09-28T15:14:10.951662Z  INFO lingxi_service: request handled request_id=req-cdbbe10840f005c80843262b04b73bbe method=POST path=/lingxi/v1/sessions/sess_local_alpha/execute status=200
2026-09-28T15:14:10.952199Z  INFO lingxi_service::sessions: run committed and published (post-commit) run_id=run_000001a0e894a587_000468 session_id=sess_local_alpha events=run_000001a0e894a587_000468-done input_chars=22
2026-09-28T15:14:10.952340Z  INFO lingxi_service: request handled request_id=req-b64b2ca945d893fd25ecbd0cd7eb0ee8 method=POST path=/lingxi/v1/sessions/sess_local_alpha/execute status=200
2026-09-28T15:14:10.953014Z  INFO lingxi_service::sessions: run committed and published (post-commit) run_id=run_000001a0e894a588_000469 session_id=sess_local_alpha events=run_000001a0e894a588_000469-done input_chars=22
2026-09-28T15:14:10.953176Z  INFO lingxi_service: request handled request_id=req-e511ed910f5ef6dcca279810a0ce65d1 method=POST path=/lingxi/v1/sessions/sess_local_alpha/execute status=200
2026-09-28T15:14:10.953883Z  INFO lingxi_service::sessions: run committed and published (post-commit) run_id=run_000001a0e894a589_00046a session_id=sess_local_alpha events=run_000001a0e894a589_00046a-done input_chars=22
2026-09-28T15:14:10.954040Z  INFO lingxi_service: request handled request_id=req-f65d6729b63a010828cdbe1872c22f29 method=POST path=/lingxi/v1/sessions/sess_local_alpha/execute status=200
2026-09-28T15:14:10.954755Z  INFO lingxi_service::sessions: run committed and published (post-commit) run_id=run_000001a0e894a58a_00046b session_id=sess_local_alpha events=run_000001a0e894a58a_00046b-done input_chars=22
2026-09-28T15:14:10.954903Z  INFO lingxi_service: request handled request_id=req-ebc21d27bc92afd06ee9c49daf1012d2 method=POST path=/lingxi/v1/sessions/sess_local_alpha/execute status=200
2026-09-28T15:14:10.955527Z  INFO lingxi_service::sessions: run committed and published (post-commit) run_id=run_000001a0e894a58b_00046c session_id=sess_local_alpha events=run_000001a0e894a58b_00046c-done input_chars=22
2026-09-28T15:14:10.955670Z  INFO lingxi_service: request handled request_id=req-57b8da614704c3a4bf2f42781e0b904e method=POST path=/lingxi/v1/sessions/sess_local_alpha/execute status=200
2026-09-28T15:14:10.956381Z  INFO lingxi_service::sessions: run committed and published (post-commit) run_id=run_000001a0e894a58b_00046d session_id=sess_local_alpha events=run_000001a0e894a58b_00046d-done input_chars=22
2026-09-28T15:14:10.956552Z  INFO lingxi_service: request handled request_id=req-50d5974e6ca4b571ad3247b7f0b236f8 method=POST path=/lingxi/v1/sessions/sess_local_alpha/execute status=200
2026-09-28T15:14:10.957293Z  INFO lingxi_service::sessions: run committed and published (post-commit) run_id=run_000001a0e894a58c_00046e session_id=sess_local_alpha events=run_000001a0e894a58c_00046e-done input_chars=22
2026-09-28T15:14:10.957453Z  INFO lingxi_service: request handled request_id=req-a7d0eac3c6883dd158c007d81490c6f6 method=POST path=/lingxi/v1/sessions/sess_local_alpha/execute status=200
2026-09-28T15:14:10.958134Z  INFO lingxi_service::sessions: run committed and published (post-commit) run_id=run_000001a0e894a58d_00046f session_id=sess_local_alpha events=run_000001a0e894a58d_00046f-done input_chars=22
2026-09-28T15:14:10.958277Z  INFO lingxi_service: request handled request_id=req-9546e4de63829f38f8da4b14305b7b0b method=POST path=/lingxi/v1/sessions/sess_local_alpha/execute status=200
2026-09-28T15:14:10.958877Z  INFO lingxi_service::sessions: run committed and published (post-commit) run_id=run_000001a0e894a58e_000470 session_id=sess_local_alpha events=run_000001a0e894a58e_000470-done input_chars=22
2026-09-28T15:14:10.959022Z  INFO lingxi_service: request handled request_id=req-853b2d70b8027fc835689d27865b9431 method=POST path=/lingxi/v1/sessions/sess_local_alpha/execute status=200
2026-09-28T15:14:10.959681Z  INFO lingxi_service::sessions: run committed and published (post-commit) run_id=run_000001a0e894a58f_000471 session_id=sess_local_alpha events=run_000001a0e894a58f_000471-done input_chars=22
2026-09-28T15:14:10.959853Z  INFO lingxi_service: request handled request_id=req-d15a71767fb6e173287e2da463071a07 method=POST path=/lingxi/v1/sessions/sess_local_alpha/execute status=200
2026-09-28T15:14:10.960591Z  INFO lingxi_service::sessions: run committed and published (post-commit) run_id=run_000001a0e894a590_000472 session_id=sess_local_alpha events=run_000001a0e894a590_000472-done input_chars=22
2026-09-28T15:14:10.960747Z  INFO lingxi_service: request handled request_id=req-57d56e1d6c532c3ba527004ae630d2c1 method=POST path=/lingxi/v1/sessions/sess_local_alpha/execute status=200
2026-09-28T15:14:10.961330Z  INFO lingxi_service::sessions: run committed and published (post-commit) run_id=run_000001a0e894a591_000473 session_id=sess_local_alpha events=run_000001a0e894a591_000473-done input_chars=22
2026-09-28T15:14:10.961473Z  INFO lingxi_service: request handled request_id=req-6599bbca86070d6e4db1f97dd8a2e144 method=POST path=/lingxi/v1/sessions/sess_local_alpha/execute status=200
2026-09-28T15:14:10.962035Z  INFO lingxi_service::sessions: run committed and published (post-commit) run_id=run_000001a0e894a591_000474 session_id=sess_local_alpha events=run_000001a0e894a591_000474-done input_chars=22
2026-09-28T15:14:10.962183Z  INFO lingxi_service: request handled request_id=req-15d64d52adca7194a6b9da7b4109172b method=POST path=/lingxi/v1/sessions/sess_local_alpha/execute status=200
2026-09-28T15:14:10.962769Z  INFO lingxi_service::sessions: run committed and published (post-commit) run_id=run_000001a0e894a592_000475 session_id=sess_local_alpha events=run_000001a0e894a592_000475-done input_chars=22
2026-09-28T15:14:10.962963Z  INFO lingxi_service: request handled request_id=req-0d06b6cac79b23de467d27b83024e978 method=POST path=/lingxi/v1/sessions/sess_local_alpha/execute status=200
2026-09-28T15:14:10.963763Z  INFO lingxi_service::sessions: run committed and published (post-commit) run_id=run_000001a0e894a593_000476 session_id=sess_local_alpha events=run_000001a0e894a593_000476-done input_chars=22
2026-09-28T15:14:10.963928Z  INFO lingxi_service: request handled request_id=req-8739c0ff9ca6be3ee10ae85807db2d54 method=POST path=/lingxi/v1/sessions/sess_local_alpha/execute status=200
2026-09-28T15:14:10.964555Z  INFO lingxi_service::sessions: run committed and published (post-commit) run_id=run_000001a0e894a594_000477 session_id=sess_local_alpha events=run_000001a0e894a594_000477-done input_chars=22
2026-09-28T15:14:10.964698Z  INFO lingxi_service: request handled request_id=req-79422f7588f3c15627d743e4cd6512b1 method=POST path=/lingxi/v1/sessions/sess_local_alpha/execute status=200
2026-09-28T15:14:10.965295Z  INFO lingxi_service::sessions: run committed and published (post-commit) run_id=run_000001a0e894a594_000478 session_id=sess_local_alpha events=run_000001a0e894a594_000478-done input_chars=22
2026-09-28T15:14:10.965442Z  INFO lingxi_service: request handled request_id=req-2640bd2d0311509dfb6125918b6337a0 method=POST path=/lingxi/v1/sessions/sess_local_alpha/execute status=200
2026-09-28T15:14:10.966047Z  INFO lingxi_service::sessions: run committed and published (post-commit) run_id=run_000001a0e894a595_000479 session_id=sess_local_alpha events=run_000001a0e894a595_000479-done input_chars=22
2026-09-28T15:14:10.966233Z  INFO lingxi_service: request handled request_id=req-a4dfe0b802fc2b4811f86e15cd828689 method=POST path=/lingxi/v1/sessions/sess_local_alpha/execute status=200
2026-09-28T15:14:10.966993Z  INFO lingxi_service::sessions: run committed and published (post-commit) run_id=run_000001a0e894a596_00047a session_id=sess_local_alpha events=run_000001a0e894a596_00047a-done input_chars=22
2026-09-28T15:14:10.967175Z  INFO lingxi_service: request handled request_id=req-4db6fdfdb080d4dec47592c91fd2b8ff method=POST path=/lingxi/v1/sessions/sess_local_alpha/execute status=200
2026-09-28T15:14:10.967890Z  INFO lingxi_service::sessions: run committed and published (post-commit) run_id=run_000001a0e894a597_00047b session_id=sess_local_alpha events=run_000001a0e894a597_00047b-done input_chars=22
2026-09-28T15:14:10.968033Z  INFO lingxi_service: request handled request_id=req-d2189fbb465a5cbc7ad432d6b8ce067d method=POST path=/lingxi/v1/sessions/sess_local_alpha/execute status=200
2026-09-28T15:14:10.968605Z  INFO lingxi_service::sessions: run committed and published (post-commit) run_id=run_000001a0e894a598_00047c session_id=sess_local_alpha events=run_000001a0e894a598_00047c-done input_chars=22
2026-09-28T15:14:10.968751Z  INFO lingxi_service: request handled request_id=req-58e9428b9ff59dfc30d426eae42295bb method=POST path=/lingxi/v1/sessions/sess_local_alpha/execute status=200
2026-09-28T15:14:10.969341Z  INFO lingxi_service::sessions: run committed and published (post-commit) run_id=run_000001a0e894a599_00047d session_id=sess_local_alpha events=run_000001a0e894a599_00047d-done input_chars=22
2026-09-28T15:14:10.969493Z  INFO lingxi_service: request handled request_id=req-5d8154e281bcb76a517144d9a4dc4688 method=POST path=/lingxi/v1/sessions/sess_local_alpha/execute status=200
2026-09-28T15:14:10.970282Z  INFO lingxi_service::sessions: run committed and published (post-commit) run_id=run_000001a0e894a599_00047e session_id=sess_local_alpha events=run_000001a0e894a599_00047e-done input_chars=22
2026-09-28T15:14:10.970442Z  INFO lingxi_service: request handled request_id=req-1188c67b410f8f60e736d7aa7fe5e89f method=POST path=/lingxi/v1/sessions/sess_local_alpha/execute status=200
2026-09-28T15:14:10.971099Z  INFO lingxi_service::sessions: run committed and published (post-commit) run_id=run_000001a0e894a59a_00047f session_id=sess_local_alpha events=run_000001a0e894a59a_00047f-done input_chars=22
2026-09-28T15:14:10.971241Z  INFO lingxi_service: request handled request_id=req-28310c4457895bc96283470f9759371b method=POST path=/lingxi/v1/sessions/sess_local_alpha/execute status=200
2026-09-28T15:14:10.971820Z  INFO lingxi_service::sessions: run committed and published (post-commit) run_id=run_000001a0e894a59b_000480 session_id=sess_local_alpha events=run_000001a0e894a59b_000480-done input_chars=22
2026-09-28T15:14:10.971958Z  INFO lingxi_service: request handled request_id=req-e1c4fe5e50d5f490082c008303d03612 method=POST path=/lingxi/v1/sessions/sess_local_alpha/execute status=200
2026-09-28T15:14:10.972516Z  INFO lingxi_service::sessions: run committed and published (post-commit) run_id=run_000001a0e894a59c_000481 session_id=sess_local_alpha events=run_000001a0e894a59c_000481-done input_chars=22
2026-09-28T15:14:10.972654Z  INFO lingxi_service: request handled request_id=req-6630313f8607231efd8e9c0efbbbd1e7 method=POST path=/lingxi/v1/sessions/sess_local_alpha/execute status=200
2026-09-28T15:14:10.973401Z  INFO lingxi_service::sessions: run committed and published (post-commit) run_id=run_000001a0e894a59d_000482 session_id=sess_local_alpha events=run_000001a0e894a59d_000482-done input_chars=22
2026-09-28T15:14:10.973578Z  INFO lingxi_service: request handled request_id=req-1cddb82aa4e78281d8296e8588704b1c method=POST path=/lingxi/v1/sessions/sess_local_alpha/execute status=200
2026-09-28T15:14:10.974304Z  INFO lingxi_service::sessions: run committed and published (post-commit) run_id=run_000001a0e894a59d_000483 session_id=sess_local_alpha events=run_000001a0e894a59d_000483-done input_chars=22
2026-09-28T15:14:10.974456Z  INFO lingxi_service: request handled request_id=req-1a08baf1cf462ae63fe5b6f033141eb3 method=POST path=/lingxi/v1/sessions/sess_local_alpha/execute status=200
2026-09-28T15:14:10.975072Z  INFO lingxi_service::sessions: run committed and published (post-commit) run_id=run_000001a0e894a59e_000484 session_id=sess_local_alpha events=run_000001a0e894a59e_000484-done input_chars=22
2026-09-28T15:14:10.975213Z  INFO lingxi_service: request handled request_id=req-d052f5e45a6f733ef0eb2ac70dfd4ce5 method=POST path=/lingxi/v1/sessions/sess_local_alpha/execute status=200
2026-09-28T15:14:10.975857Z  INFO lingxi_service::sessions: run committed and published (post-commit) run_id=run_000001a0e894a59f_000485 session_id=sess_local_alpha events=run_000001a0e894a59f_000485-done input_chars=22
2026-09-28T15:14:10.975994Z  INFO lingxi_service: request handled request_id=req-dc60c0bd3a4eec48e7bdd4bd06e63046 method=POST path=/lingxi/v1/sessions/sess_local_alpha/execute status=200
2026-09-28T15:14:10.976733Z  INFO lingxi_service::sessions: run committed and published (post-commit) run_id=run_000001a0e894a5a0_000486 session_id=sess_local_alpha events=run_000001a0e894a5a0_000486-done input_chars=22
2026-09-28T15:14:10.976900Z  INFO lingxi_service: request handled request_id=req-a233dabe3868e46f9e06586dbd180dac method=POST path=/lingxi/v1/sessions/sess_local_alpha/execute status=200
2026-09-28T15:14:10.977638Z  INFO lingxi_service::sessions: run committed and published (post-commit) run_id=run_000001a0e894a5a1_000487 session_id=sess_local_alpha events=run_000001a0e894a5a1_000487-done input_chars=22
2026-09-28T15:14:10.977781Z  INFO lingxi_service: request handled request_id=req-60597b81fae9a380ecf9478dc79e9f09 method=POST path=/lingxi/v1/sessions/sess_local_alpha/execute status=200
2026-09-28T15:14:10.978373Z  INFO lingxi_service::sessions: run committed and published (post-commit) run_id=run_000001a0e894a5a2_000488 session_id=sess_local_alpha events=run_000001a0e894a5a2_000488-done input_chars=22
2026-09-28T15:14:10.978515Z  INFO lingxi_service: request handled request_id=req-4be0322d20e75040aad7f2c49ec93eaa method=POST path=/lingxi/v1/sessions/sess_local_alpha/execute status=200
2026-09-28T15:14:10.979078Z  INFO lingxi_service::sessions: run committed and published (post-commit) run_id=run_000001a0e894a5a2_000489 session_id=sess_local_alpha events=run_000001a0e894a5a2_000489-done input_chars=22
2026-09-28T15:14:10.979219Z  INFO lingxi_service: request handled request_id=req-d49ea231ee1af70f60e6785056744b7b method=POST path=/lingxi/v1/sessions/sess_local_alpha/execute status=200
2026-09-28T15:14:10.979970Z  INFO lingxi_service::sessions: run committed and published (post-commit) run_id=run_000001a0e894a5a3_00048a session_id=sess_local_alpha events=run_000001a0e894a5a3_00048a-done input_chars=22
2026-09-28T15:14:10.980146Z  INFO lingxi_service: request handled request_id=req-6f79da617935b06ca07c3234537c2d37 method=POST path=/lingxi/v1/sessions/sess_local_alpha/execute status=200
2026-09-28T15:14:10.980871Z  INFO lingxi_service::sessions: run committed and published (post-commit) run_id=run_000001a0e894a5a4_00048b session_id=sess_local_alpha events=run_000001a0e894a5a4_00048b-done input_chars=22
2026-09-28T15:14:10.981029Z  INFO lingxi_service: request handled request_id=req-b078266ffb9e6e29a7acb721ed05e00e method=POST path=/lingxi/v1/sessions/sess_local_alpha/execute status=200
2026-09-28T15:14:10.982048Z  INFO lingxi_service::sessions: run committed and published (post-commit) run_id=run_000001a0e894a5a5_00048c session_id=sess_local_alpha events=run_000001a0e894a5a5_00048c-done input_chars=22
2026-09-28T15:14:10.982208Z  INFO lingxi_service: request handled request_id=req-b56e7af05239ddd822c1887c8cd7c855 method=POST path=/lingxi/v1/sessions/sess_local_alpha/execute status=200
2026-09-28T15:14:10.982980Z  INFO lingxi_service::sessions: run committed and published (post-commit) run_id=run_000001a0e894a5a6_00048d session_id=sess_local_alpha events=run_000001a0e894a5a6_00048d-done input_chars=22
2026-09-28T15:14:10.983154Z  INFO lingxi_service: request handled request_id=req-24e0cc9b012b0eb94273a2c136178382 method=POST path=/lingxi/v1/sessions/sess_local_alpha/execute status=200
2026-09-28T15:14:10.983902Z  INFO lingxi_service::sessions: run committed and published (post-commit) run_id=run_000001a0e894a5a7_00048e session_id=sess_local_alpha events=run_000001a0e894a5a7_00048e-done input_chars=22
2026-09-28T15:14:10.984060Z  INFO lingxi_service: request handled request_id=req-4a5ee26ffb004c92c7e3f07d145a6eac method=POST path=/lingxi/v1/sessions/sess_local_alpha/execute status=200
2026-09-28T15:14:10.984717Z  INFO lingxi_service::sessions: run committed and published (post-commit) run_id=run_000001a0e894a5a8_00048f session_id=sess_local_alpha events=run_000001a0e894a5a8_00048f-done input_chars=22
2026-09-28T15:14:10.984868Z  INFO lingxi_service: request handled request_id=req-72b006ba701846d49e1f172eb620826d method=POST path=/lingxi/v1/sessions/sess_local_alpha/execute status=200
2026-09-28T15:14:10.985635Z  INFO lingxi_service::sessions: run committed and published (post-commit) run_id=run_000001a0e894a5a9_000490 session_id=sess_local_alpha events=run_000001a0e894a5a9_000490-done input_chars=22
2026-09-28T15:14:10.985785Z  INFO lingxi_service: request handled request_id=req-243ccc8828ac9daf17e66237bccda100 method=POST path=/lingxi/v1/sessions/sess_local_alpha/execute status=200
2026-09-28T15:14:10.986561Z  INFO lingxi_service::sessions: run committed and published (post-commit) run_id=run_000001a0e894a5aa_000491 session_id=sess_local_alpha events=run_000001a0e894a5aa_000491-done input_chars=22
2026-09-28T15:14:10.986740Z  INFO lingxi_service: request handled request_id=req-1697b837db0135bdd65ecd5e47b8e999 method=POST path=/lingxi/v1/sessions/sess_local_alpha/execute status=200
2026-09-28T15:14:10.987552Z  INFO lingxi_service::sessions: run committed and published (post-commit) run_id=run_000001a0e894a5ab_000492 session_id=sess_local_alpha events=run_000001a0e894a5ab_000492-done input_chars=22
2026-09-28T15:14:10.987705Z  INFO lingxi_service: request handled request_id=req-7457be2c710f416f171a544dde1d219f method=POST path=/lingxi/v1/sessions/sess_local_alpha/execute status=200
2026-09-28T15:14:10.988425Z  INFO lingxi_service::sessions: run committed and published (post-commit) run_id=run_000001a0e894a5ac_000493 session_id=sess_local_alpha events=run_000001a0e894a5ac_000493-done input_chars=22
2026-09-28T15:14:10.988569Z  INFO lingxi_service: request handled request_id=req-8b058174c694d3ac7061a1de6cf302b5 method=POST path=/lingxi/v1/sessions/sess_local_alpha/execute status=200
2026-09-28T15:14:10.989166Z  INFO lingxi_service::sessions: run committed and published (post-commit) run_id=run_000001a0e894a5ac_000494 session_id=sess_local_alpha events=run_000001a0e894a5ac_000494-done input_chars=22
2026-09-28T15:14:10.989323Z  INFO lingxi_service: request handled request_id=req-7417ee6cbf4ad9824d7abb1f9f171568 method=POST path=/lingxi/v1/sessions/sess_local_alpha/execute status=200
2026-09-28T15:14:10.990630Z  INFO lingxi_service::sessions: run committed and published (post-commit) run_id=run_000001a0e894a5ae_000495 session_id=sess_local_alpha events=run_000001a0e894a5ae_000495-done input_chars=22
2026-09-28T15:14:10.990796Z  INFO lingxi_service: request handled request_id=req-c6f48a8cd4b8a28e9739972a1d79485e method=POST path=/lingxi/v1/sessions/sess_local_alpha/execute status=200
2026-09-28T15:14:10.991453Z  INFO lingxi_service::sessions: run committed and published (post-commit) run_id=run_000001a0e894a5af_000496 session_id=sess_local_alpha events=run_000001a0e894a5af_000496-done input_chars=22
2026-09-28T15:14:10.991600Z  INFO lingxi_service: request handled request_id=req-b72429f776372e9d604523a05c29803d method=POST path=/lingxi/v1/sessions/sess_local_alpha/execute status=200
2026-09-28T15:14:10.992179Z  INFO lingxi_service::sessions: run committed and published (post-commit) run_id=run_000001a0e894a5af_000497 session_id=sess_local_alpha events=run_000001a0e894a5af_000497-done input_chars=22
2026-09-28T15:14:10.992327Z  INFO lingxi_service: request handled request_id=req-b33ab116837dc7d976fa9ece282c2f87 method=POST path=/lingxi/v1/sessions/sess_local_alpha/execute status=200
2026-09-28T15:14:10.993070Z  INFO lingxi_service::sessions: run committed and published (post-commit) run_id=run_000001a0e894a5b0_000498 session_id=sess_local_alpha events=run_000001a0e894a5b0_000498-done input_chars=22
2026-09-28T15:14:10.993259Z  INFO lingxi_service: request handled request_id=req-261252fb737a8a3cf5c300f937f1601c method=POST path=/lingxi/v1/sessions/sess_local_alpha/execute status=200
2026-09-28T15:14:10.994101Z  INFO lingxi_service::sessions: run committed and published (post-commit) run_id=run_000001a0e894a5b1_000499 session_id=sess_local_alpha events=run_000001a0e894a5b1_000499-done input_chars=22
2026-09-28T15:14:10.994255Z  INFO lingxi_service: request handled request_id=req-c207c4f47fca6e091f85648047dbf776 method=POST path=/lingxi/v1/sessions/sess_local_alpha/execute status=200
2026-09-28T15:14:10.994918Z  INFO lingxi_service::sessions: run committed and published (post-commit) run_id=run_000001a0e894a5b2_00049a session_id=sess_local_alpha events=run_000001a0e894a5b2_00049a-done input_chars=22
2026-09-28T15:14:10.995063Z  INFO lingxi_service: request handled request_id=req-7e676a159f811561159d29ca1f5ecb16 method=POST path=/lingxi/v1/sessions/sess_local_alpha/execute status=200
2026-09-28T15:14:10.995692Z  INFO lingxi_service::sessions: run committed and published (post-commit) run_id=run_000001a0e894a5b3_00049b session_id=sess_local_alpha events=run_000001a0e894a5b3_00049b-done input_chars=22
2026-09-28T15:14:10.995835Z  INFO lingxi_service: request handled request_id=req-808c7800a7f78eeb303ae4e503cf8949 method=POST path=/lingxi/v1/sessions/sess_local_alpha/execute status=200
2026-09-28T15:14:10.996670Z  INFO lingxi_service::sessions: run committed and published (post-commit) run_id=run_000001a0e894a5b4_00049c session_id=sess_local_alpha events=run_000001a0e894a5b4_00049c-done input_chars=22
2026-09-28T15:14:10.996868Z  INFO lingxi_service: request handled request_id=req-09c789d4ee2a22126e9c4f9fecd2e596 method=POST path=/lingxi/v1/sessions/sess_local_alpha/execute status=200
2026-09-28T15:14:10.997554Z  INFO lingxi_service::sessions: run committed and published (post-commit) run_id=run_000001a0e894a5b5_00049d session_id=sess_local_alpha events=run_000001a0e894a5b5_00049d-done input_chars=22
2026-09-28T15:14:10.997704Z  INFO lingxi_service: request handled request_id=req-4005b338392f8e6731c0dd9006578477 method=POST path=/lingxi/v1/sessions/sess_local_alpha/execute status=200
2026-09-28T15:14:10.998284Z  INFO lingxi_service::sessions: run committed and published (post-commit) run_id=run_000001a0e894a5b5_00049e session_id=sess_local_alpha events=run_000001a0e894a5b5_00049e-done input_chars=22
2026-09-28T15:14:10.998426Z  INFO lingxi_service: request handled request_id=req-1a15dc60520e959e23e2e91ef1600d59 method=POST path=/lingxi/v1/sessions/sess_local_alpha/execute status=200
2026-09-28T15:14:10.999077Z  INFO lingxi_service::sessions: run committed and published (post-commit) run_id=run_000001a0e894a5b6_00049f session_id=sess_local_alpha events=run_000001a0e894a5b6_00049f-done input_chars=22
2026-09-28T15:14:10.999263Z  INFO lingxi_service: request handled request_id=req-d29fd4d7ba1a633390258a4cf7c50c3b method=POST path=/lingxi/v1/sessions/sess_local_alpha/execute status=200
2026-09-28T15:14:11.000037Z  INFO lingxi_service::sessions: run committed and published (post-commit) run_id=run_000001a0e894a5b7_0004a0 session_id=sess_local_alpha events=run_000001a0e894a5b7_0004a0-done input_chars=22
2026-09-28T15:14:11.000196Z  INFO lingxi_service: request handled request_id=req-fb84b21439937d55644d1999d60d5902 method=POST path=/lingxi/v1/sessions/sess_local_alpha/execute status=200
2026-09-28T15:14:11.000848Z  INFO lingxi_service::sessions: run committed and published (post-commit) run_id=run_000001a0e894a5b8_0004a1 session_id=sess_local_alpha events=run_000001a0e894a5b8_0004a1-done input_chars=22
2026-09-28T15:14:11.000994Z  INFO lingxi_service: request handled request_id=req-951d4157fee5d0d5a4e9fe7c071c87b1 method=POST path=/lingxi/v1/sessions/sess_local_alpha/execute status=200
2026-09-28T15:14:11.001584Z  INFO lingxi_service::sessions: run committed and published (post-commit) run_id=run_000001a0e894a5b9_0004a2 session_id=sess_local_alpha events=run_000001a0e894a5b9_0004a2-done input_chars=22
2026-09-28T15:14:11.001727Z  INFO lingxi_service: request handled request_id=req-1b92937c9b5a22c9c59c0085d1909352 method=POST path=/lingxi/v1/sessions/sess_local_alpha/execute status=200
2026-09-28T15:14:11.002269Z  INFO lingxi_service::sessions: run committed and published (post-commit) run_id=run_000001a0e894a5b9_0004a3 session_id=sess_local_alpha events=run_000001a0e894a5b9_0004a3-done input_chars=22
2026-09-28T15:14:11.002410Z  INFO lingxi_service: request handled request_id=req-5a80eda0e881f82e7a6682f9178fb6c0 method=POST path=/lingxi/v1/sessions/sess_local_alpha/execute status=200
2026-09-28T15:14:11.003008Z  INFO lingxi_service::sessions: run committed and published (post-commit) run_id=run_000001a0e894a5ba_0004a4 session_id=sess_local_alpha events=run_000001a0e894a5ba_0004a4-done input_chars=22
2026-09-28T15:14:11.003193Z  INFO lingxi_service: request handled request_id=req-e6b5a8bc445d6defc4592d3d6fb54ec4 method=POST path=/lingxi/v1/sessions/sess_local_alpha/execute status=200
2026-09-28T15:14:11.003941Z  INFO lingxi_service::sessions: run committed and published (post-commit) run_id=run_000001a0e894a5bb_0004a5 session_id=sess_local_alpha events=run_000001a0e894a5bb_0004a5-done input_chars=22
2026-09-28T15:14:11.004091Z  INFO lingxi_service: request handled request_id=req-2a370decb0efec45cb3d7dceb2248a7d method=POST path=/lingxi/v1/sessions/sess_local_alpha/execute status=200
2026-09-28T15:14:11.004672Z  INFO lingxi_service::sessions: run committed and published (post-commit) run_id=run_000001a0e894a5bc_0004a6 session_id=sess_local_alpha events=run_000001a0e894a5bc_0004a6-done input_chars=22
2026-09-28T15:14:11.004817Z  INFO lingxi_service: request handled request_id=req-04ab1a7004c5b58e674ae3beb29c819f method=POST path=/lingxi/v1/sessions/sess_local_alpha/execute status=200
2026-09-28T15:14:11.005394Z  INFO lingxi_service::sessions: run committed and published (post-commit) run_id=run_000001a0e894a5bd_0004a7 session_id=sess_local_alpha events=run_000001a0e894a5bd_0004a7-done input_chars=22
2026-09-28T15:14:11.005543Z  INFO lingxi_service: request handled request_id=req-45b15b99d80193ec6b65a5cf0779748b method=POST path=/lingxi/v1/sessions/sess_local_alpha/execute status=200
2026-09-28T15:14:11.006112Z  INFO lingxi_service::sessions: run committed and published (post-commit) run_id=run_000001a0e894a5bd_0004a8 session_id=sess_local_alpha events=run_000001a0e894a5bd_0004a8-done input_chars=22
2026-09-28T15:14:11.006314Z  INFO lingxi_service: request handled request_id=req-d6825391c09168873bb16d34ca41b9a6 method=POST path=/lingxi/v1/sessions/sess_local_alpha/execute status=200
2026-09-28T15:14:11.007078Z  INFO lingxi_service::sessions: run committed and published (post-commit) run_id=run_000001a0e894a5be_0004a9 session_id=sess_local_alpha events=run_000001a0e894a5be_0004a9-done input_chars=22
2026-09-28T15:14:11.007237Z  INFO lingxi_service: request handled request_id=req-75494c623158c6c0e7ec87f79fc9cb5b method=POST path=/lingxi/v1/sessions/sess_local_alpha/execute status=200
2026-09-28T15:14:11.007995Z  INFO lingxi_service::sessions: run committed and published (post-commit) run_id=run_000001a0e894a5bf_0004aa session_id=sess_local_alpha events=run_000001a0e894a5bf_0004aa-done input_chars=22
2026-09-28T15:14:11.008147Z  INFO lingxi_service: request handled request_id=req-6714782b658419933f16ffeac9fa4cc1 method=POST path=/lingxi/v1/sessions/sess_local_alpha/execute status=200
2026-09-28T15:14:11.008708Z  INFO lingxi_service::sessions: run committed and published (post-commit) run_id=run_000001a0e894a5c0_0004ab session_id=sess_local_alpha events=run_000001a0e894a5c0_0004ab-done input_chars=22
2026-09-28T15:14:11.008849Z  INFO lingxi_service: request handled request_id=req-23eca7e1c919831107e1d9dec6316643 method=POST path=/lingxi/v1/sessions/sess_local_alpha/execute status=200
2026-09-28T15:14:11.009413Z  INFO lingxi_service::sessions: run committed and published (post-commit) run_id=run_000001a0e894a5c1_0004ac session_id=sess_local_alpha events=run_000001a0e894a5c1_0004ac-done input_chars=22
2026-09-28T15:14:11.009630Z  INFO lingxi_service: request handled request_id=req-d1b599fbf233a8830ec23680c0c0a6c2 method=POST path=/lingxi/v1/sessions/sess_local_alpha/execute status=200
2026-09-28T15:14:11.010403Z  INFO lingxi_service::sessions: run committed and published (post-commit) run_id=run_000001a0e894a5c1_0004ad session_id=sess_local_alpha events=run_000001a0e894a5c1_0004ad-done input_chars=22
2026-09-28T15:14:11.010577Z  INFO lingxi_service: request handled request_id=req-a0a18921e132578df2922f33994e9814 method=POST path=/lingxi/v1/sessions/sess_local_alpha/execute status=200
2026-09-28T15:14:11.011248Z  INFO lingxi_service::sessions: run committed and published (post-commit) run_id=run_000001a0e894a5c2_0004ae session_id=sess_local_alpha events=run_000001a0e894a5c2_0004ae-done input_chars=22
2026-09-28T15:14:11.011395Z  INFO lingxi_service: request handled request_id=req-22dab98167e1c108d1abe715d9134ffa method=POST path=/lingxi/v1/sessions/sess_local_alpha/execute status=200
2026-09-28T15:14:11.011948Z  INFO lingxi_service::sessions: run committed and published (post-commit) run_id=run_000001a0e894a5c3_0004af session_id=sess_local_alpha events=run_000001a0e894a5c3_0004af-done input_chars=22
2026-09-28T15:14:11.012101Z  INFO lingxi_service: request handled request_id=req-51927828bbf2beedb926f6d6c2898e71 method=POST path=/lingxi/v1/sessions/sess_local_alpha/execute status=200
2026-09-28T15:14:11.012671Z  INFO lingxi_service::sessions: run committed and published (post-commit) run_id=run_000001a0e894a5c4_0004b0 session_id=sess_local_alpha events=run_000001a0e894a5c4_0004b0-done input_chars=22
2026-09-28T15:14:11.012825Z  INFO lingxi_service: request handled request_id=req-f3f185f8b1b38255d356b93796027c70 method=POST path=/lingxi/v1/sessions/sess_local_alpha/execute status=200
2026-09-28T15:14:11.013602Z  INFO lingxi_service::sessions: run committed and published (post-commit) run_id=run_000001a0e894a5c5_0004b1 session_id=sess_local_alpha events=run_000001a0e894a5c5_0004b1-done input_chars=22
2026-09-28T15:14:11.013772Z  INFO lingxi_service: request handled request_id=req-1db4721cbe3eb25b357c872b9fc8a352 method=POST path=/lingxi/v1/sessions/sess_local_alpha/execute status=200
2026-09-28T15:14:11.014470Z  INFO lingxi_service::sessions: run committed and published (post-commit) run_id=run_000001a0e894a5c6_0004b2 session_id=sess_local_alpha events=run_000001a0e894a5c6_0004b2-done input_chars=22
2026-09-28T15:14:11.014623Z  INFO lingxi_service: request handled request_id=req-7ab7e112896019e3bdc65818624b480c method=POST path=/lingxi/v1/sessions/sess_local_alpha/execute status=200
2026-09-28T15:14:11.015253Z  INFO lingxi_service::sessions: run committed and published (post-commit) run_id=run_000001a0e894a5c6_0004b3 session_id=sess_local_alpha events=run_000001a0e894a5c6_0004b3-done input_chars=22
2026-09-28T15:14:11.015403Z  INFO lingxi_service: request handled request_id=req-ad60fbc69b10ee6065d4af6f16f7977b method=POST path=/lingxi/v1/sessions/sess_local_alpha/execute status=200
2026-09-28T15:14:11.015995Z  INFO lingxi_service::sessions: run committed and published (post-commit) run_id=run_000001a0e894a5c7_0004b4 session_id=sess_local_alpha events=run_000001a0e894a5c7_0004b4-done input_chars=22
2026-09-28T15:14:11.016158Z  INFO lingxi_service: request handled request_id=req-61277c330db7eae5ce7dc729a55cb9b0 method=POST path=/lingxi/v1/sessions/sess_local_alpha/execute status=200
2026-09-28T15:14:11.016970Z  INFO lingxi_service::sessions: run committed and published (post-commit) run_id=run_000001a0e894a5c8_0004b5 session_id=sess_local_alpha events=run_000001a0e894a5c8_0004b5-done input_chars=22
2026-09-28T15:14:11.017137Z  INFO lingxi_service: request handled request_id=req-74e4d075725c14d121d4ccbcaa54e8b0 method=POST path=/lingxi/v1/sessions/sess_local_alpha/execute status=200
2026-09-28T15:14:11.017799Z  INFO lingxi_service::sessions: run committed and published (post-commit) run_id=run_000001a0e894a5c9_0004b6 session_id=sess_local_alpha events=run_000001a0e894a5c9_0004b6-done input_chars=22
2026-09-28T15:14:11.017947Z  INFO lingxi_service: request handled request_id=req-936a92f534c7d625dd9d6fab2eee4a29 method=POST path=/lingxi/v1/sessions/sess_local_alpha/execute status=200
2026-09-28T15:14:11.018557Z  INFO lingxi_service::sessions: run committed and published (post-commit) run_id=run_000001a0e894a5ca_0004b7 session_id=sess_local_alpha events=run_000001a0e894a5ca_0004b7-done input_chars=22
2026-09-28T15:14:11.018701Z  INFO lingxi_service: request handled request_id=req-cc5d07e3e9fd842ae5da43c924531f40 method=POST path=/lingxi/v1/sessions/sess_local_alpha/execute status=200
2026-09-28T15:14:11.019362Z  INFO lingxi_service::sessions: run committed and published (post-commit) run_id=run_000001a0e894a5ca_0004b8 session_id=sess_local_alpha events=run_000001a0e894a5ca_0004b8-done input_chars=22
2026-09-28T15:14:11.019579Z  INFO lingxi_service: request handled request_id=req-73b81277d7f6495a5e086aea0510e15c method=POST path=/lingxi/v1/sessions/sess_local_alpha/execute status=200
2026-09-28T15:14:11.020357Z  INFO lingxi_service::sessions: run committed and published (post-commit) run_id=run_000001a0e894a5cb_0004b9 session_id=sess_local_alpha events=run_000001a0e894a5cb_0004b9-done input_chars=22
2026-09-28T15:14:11.020522Z  INFO lingxi_service: request handled request_id=req-09e54b592e9203ea957fad5d305dedef method=POST path=/lingxi/v1/sessions/sess_local_alpha/execute status=200
2026-09-28T15:14:11.021121Z  INFO lingxi_service::sessions: run committed and published (post-commit) run_id=run_000001a0e894a5cc_0004ba session_id=sess_local_alpha events=run_000001a0e894a5cc_0004ba-done input_chars=22
2026-09-28T15:14:11.021270Z  INFO lingxi_service: request handled request_id=req-7ac88caf8b50d0cc4c8f24a22ef8c272 method=POST path=/lingxi/v1/sessions/sess_local_alpha/execute status=200
2026-09-28T15:14:11.021846Z  INFO lingxi_service::sessions: run committed and published (post-commit) run_id=run_000001a0e894a5cd_0004bb session_id=sess_local_alpha events=run_000001a0e894a5cd_0004bb-done input_chars=22
2026-09-28T15:14:11.021989Z  INFO lingxi_service: request handled request_id=req-a8e9a4b0e4192c937ae1d0fc2fae6daa method=POST path=/lingxi/v1/sessions/sess_local_alpha/execute status=200
2026-09-28T15:14:11.022536Z  INFO lingxi_service::sessions: run committed and published (post-commit) run_id=run_000001a0e894a5ce_0004bc session_id=sess_local_alpha events=run_000001a0e894a5ce_0004bc-done input_chars=22
2026-09-28T15:14:11.022685Z  INFO lingxi_service: request handled request_id=req-3825d08889dd3f7b4e6737ad4402d5d3 method=POST path=/lingxi/v1/sessions/sess_local_alpha/execute status=200
2026-09-28T15:14:11.023453Z  INFO lingxi_service::sessions: run committed and published (post-commit) run_id=run_000001a0e894a5ce_0004bd session_id=sess_local_alpha events=run_000001a0e894a5ce_0004bd-done input_chars=22
2026-09-28T15:14:11.023635Z  INFO lingxi_service: request handled request_id=req-09332bac5283b2ff79accbde31a06c53 method=POST path=/lingxi/v1/sessions/sess_local_alpha/execute status=200
2026-09-28T15:14:11.024368Z  INFO lingxi_service::sessions: run committed and published (post-commit) run_id=run_000001a0e894a5d0_0004be session_id=sess_local_alpha events=run_000001a0e894a5d0_0004be-done input_chars=22
2026-09-28T15:14:11.024517Z  INFO lingxi_service: request handled request_id=req-bb8ef8201c0d08550b0440300e15ebc0 method=POST path=/lingxi/v1/sessions/sess_local_alpha/execute status=200
2026-09-28T15:14:11.025090Z  INFO lingxi_service::sessions: run committed and published (post-commit) run_id=run_000001a0e894a5d0_0004bf session_id=sess_local_alpha events=run_000001a0e894a5d0_0004bf-done input_chars=22
2026-09-28T15:14:11.025235Z  INFO lingxi_service: request handled request_id=req-faefd1d22a578c9f87e26c7a378e7a8d method=POST path=/lingxi/v1/sessions/sess_local_alpha/execute status=200
2026-09-28T15:14:11.025798Z  INFO lingxi_service::sessions: run committed and published (post-commit) run_id=run_000001a0e894a5d1_0004c0 session_id=sess_local_alpha events=run_000001a0e894a5d1_0004c0-done input_chars=22
2026-09-28T15:14:11.025943Z  INFO lingxi_service: request handled request_id=req-b47cb222d83113f8e6adef7ae0912099 method=POST path=/lingxi/v1/sessions/sess_local_alpha/execute status=200
2026-09-28T15:14:11.026744Z  INFO lingxi_service::sessions: run committed and published (post-commit) run_id=run_000001a0e894a5d2_0004c1 session_id=sess_local_alpha events=run_000001a0e894a5d2_0004c1-done input_chars=22
2026-09-28T15:14:11.026930Z  INFO lingxi_service: request handled request_id=req-071ae3cb9fdafb228403f31cee8fc5bb method=POST path=/lingxi/v1/sessions/sess_local_alpha/execute status=200
2026-09-28T15:14:11.028927Z  INFO lingxi_service::sessions: run committed and published (post-commit) run_id=run_000001a0e894a5d4_0004c2 session_id=sess_local_alpha events=run_000001a0e894a5d4_0004c2-done input_chars=22
2026-09-28T15:14:11.029083Z  INFO lingxi_service: request handled request_id=req-304284b0a0dcc90868fe374c070ee1e0 method=POST path=/lingxi/v1/sessions/sess_local_alpha/execute status=200
2026-09-28T15:14:11.030322Z  INFO lingxi_service::sessions: run committed and published (post-commit) run_id=run_000001a0e894a5d5_0004c3 session_id=sess_local_alpha events=run_000001a0e894a5d5_0004c3-done input_chars=22
2026-09-28T15:14:11.030519Z  INFO lingxi_service: request handled request_id=req-3cb127e5158c573e655add6490f0f6f1 method=POST path=/lingxi/v1/sessions/sess_local_alpha/execute status=200
2026-09-28T15:14:11.031357Z  INFO lingxi_service::sessions: run committed and published (post-commit) run_id=run_000001a0e894a5d6_0004c4 session_id=sess_local_alpha events=run_000001a0e894a5d6_0004c4-done input_chars=22
2026-09-28T15:14:11.031520Z  INFO lingxi_service: request handled request_id=req-1d109b8daae5b6c8cf3d42b3d310664b method=POST path=/lingxi/v1/sessions/sess_local_alpha/execute status=200
2026-09-28T15:14:11.032187Z  INFO lingxi_service::sessions: run committed and published (post-commit) run_id=run_000001a0e894a5d7_0004c5 session_id=sess_local_alpha events=run_000001a0e894a5d7_0004c5-done input_chars=22
2026-09-28T15:14:11.032344Z  INFO lingxi_service: request handled request_id=req-5e73ca4caf96a73a711c9fc5e79266bf method=POST path=/lingxi/v1/sessions/sess_local_alpha/execute status=200
2026-09-28T15:14:11.033220Z  INFO lingxi_service::sessions: run committed and published (post-commit) run_id=run_000001a0e894a5d8_0004c6 session_id=sess_local_alpha events=run_000001a0e894a5d8_0004c6-done input_chars=22
2026-09-28T15:14:11.033416Z  INFO lingxi_service: request handled request_id=req-2a17501ae432936f1ec1ee60fad2a56a method=POST path=/lingxi/v1/sessions/sess_local_alpha/execute status=200
2026-09-28T15:14:11.034187Z  INFO lingxi_service::sessions: run committed and published (post-commit) run_id=run_000001a0e894a5d9_0004c7 session_id=sess_local_alpha events=run_000001a0e894a5d9_0004c7-done input_chars=22
2026-09-28T15:14:11.034355Z  INFO lingxi_service: request handled request_id=req-f55dc0c331b98fa86c73dcbde0e00854 method=POST path=/lingxi/v1/sessions/sess_local_alpha/execute status=200
2026-09-28T15:14:11.035115Z  INFO lingxi_service::sessions: run committed and published (post-commit) run_id=run_000001a0e894a5da_0004c8 session_id=sess_local_alpha events=run_000001a0e894a5da_0004c8-done input_chars=22
2026-09-28T15:14:11.035264Z  INFO lingxi_service: request handled request_id=req-ade06abfd8045666ebd8066e52ff2eaf method=POST path=/lingxi/v1/sessions/sess_local_alpha/execute status=200
2026-09-28T15:14:11.035858Z  INFO lingxi_service::sessions: run committed and published (post-commit) run_id=run_000001a0e894a5db_0004c9 session_id=sess_local_alpha events=run_000001a0e894a5db_0004c9-done input_chars=22
2026-09-28T15:14:11.036003Z  INFO lingxi_service: request handled request_id=req-9aa6a0385946be873eb728e516dc2eb1 method=POST path=/lingxi/v1/sessions/sess_local_alpha/execute status=200
2026-09-28T15:14:11.036833Z  INFO lingxi_service::sessions: run committed and published (post-commit) run_id=run_000001a0e894a5dc_0004ca session_id=sess_local_alpha events=run_000001a0e894a5dc_0004ca-done input_chars=22
2026-09-28T15:14:11.037011Z  INFO lingxi_service: request handled request_id=req-a73dcdeb7d12322ce92f5aa9d7f0327a method=POST path=/lingxi/v1/sessions/sess_local_alpha/execute status=200
2026-09-28T15:14:11.037750Z  INFO lingxi_service::sessions: run committed and published (post-commit) run_id=run_000001a0e894a5dd_0004cb session_id=sess_local_alpha events=run_000001a0e894a5dd_0004cb-done input_chars=22
2026-09-28T15:14:11.037902Z  INFO lingxi_service: request handled request_id=req-47afdd3042487226c9bc07fb6d87783f method=POST path=/lingxi/v1/sessions/sess_local_alpha/execute status=200
2026-09-28T15:14:11.038495Z  INFO lingxi_service::sessions: run committed and published (post-commit) run_id=run_000001a0e894a5de_0004cc session_id=sess_local_alpha events=run_000001a0e894a5de_0004cc-done input_chars=22
2026-09-28T15:14:11.038644Z  INFO lingxi_service: request handled request_id=req-e64fb49a93467f87bea58bfd1f013f89 method=POST path=/lingxi/v1/sessions/sess_local_alpha/execute status=200
2026-09-28T15:14:11.039232Z  INFO lingxi_service::sessions: run committed and published (post-commit) run_id=run_000001a0e894a5de_0004cd session_id=sess_local_alpha events=run_000001a0e894a5de_0004cd-done input_chars=22
2026-09-28T15:14:11.039382Z  INFO lingxi_service: request handled request_id=req-83fe641c0ec55e0b55b0071ebc7520e5 method=POST path=/lingxi/v1/sessions/sess_local_alpha/execute status=200
2026-09-28T15:14:11.040061Z  INFO lingxi_service::sessions: run committed and published (post-commit) run_id=run_000001a0e894a5df_0004ce session_id=sess_local_alpha events=run_000001a0e894a5df_0004ce-done input_chars=22
2026-09-28T15:14:11.040230Z  INFO lingxi_service: request handled request_id=req-a5ded31cf7e6280a1e2d2723c31faff1 method=POST path=/lingxi/v1/sessions/sess_local_alpha/execute status=200
2026-09-28T15:14:11.040946Z  INFO lingxi_service::sessions: run committed and published (post-commit) run_id=run_000001a0e894a5e0_0004cf session_id=sess_local_alpha events=run_000001a0e894a5e0_0004cf-done input_chars=22
2026-09-28T15:14:11.041092Z  INFO lingxi_service: request handled request_id=req-81c0d94a33b1124f8453f86200c01e7a method=POST path=/lingxi/v1/sessions/sess_local_alpha/execute status=200
2026-09-28T15:14:11.041675Z  INFO lingxi_service::sessions: run committed and published (post-commit) run_id=run_000001a0e894a5e1_0004d0 session_id=sess_local_alpha events=run_000001a0e894a5e1_0004d0-done input_chars=22
2026-09-28T15:14:11.041827Z  INFO lingxi_service: request handled request_id=req-9aa93f53a87eef0ee05c1d0cbbb4744e method=POST path=/lingxi/v1/sessions/sess_local_alpha/execute status=200
2026-09-28T15:14:11.042445Z  INFO lingxi_service::sessions: run committed and published (post-commit) run_id=run_000001a0e894a5e2_0004d1 session_id=sess_local_alpha events=run_000001a0e894a5e2_0004d1-done input_chars=22
2026-09-28T15:14:11.042594Z  INFO lingxi_service: request handled request_id=req-d3a555c5b14ddb83025ec390c3c9b563 method=POST path=/lingxi/v1/sessions/sess_local_alpha/execute status=200
2026-09-28T15:14:11.043406Z  INFO lingxi_service::sessions: run committed and published (post-commit) run_id=run_000001a0e894a5e2_0004d2 session_id=sess_local_alpha events=run_000001a0e894a5e2_0004d2-done input_chars=22
2026-09-28T15:14:11.043592Z  INFO lingxi_service: request handled request_id=req-459d18ac3656a5fda906dc884f588198 method=POST path=/lingxi/v1/sessions/sess_local_alpha/execute status=200
2026-09-28T15:14:11.044379Z  INFO lingxi_service::sessions: run committed and published (post-commit) run_id=run_000001a0e894a5e3_0004d3 session_id=sess_local_alpha events=run_000001a0e894a5e3_0004d3-done input_chars=22
2026-09-28T15:14:11.044532Z  INFO lingxi_service: request handled request_id=req-faec3b0ddde66d88ca390f0562e3253d method=POST path=/lingxi/v1/sessions/sess_local_alpha/execute status=200
2026-09-28T15:14:11.045146Z  INFO lingxi_service::sessions: run committed and published (post-commit) run_id=run_000001a0e894a5e4_0004d4 session_id=sess_local_alpha events=run_000001a0e894a5e4_0004d4-done input_chars=22
2026-09-28T15:14:11.045292Z  INFO lingxi_service: request handled request_id=req-74d4af0d6a234c0cee5bdd4ea464887e method=POST path=/lingxi/v1/sessions/sess_local_alpha/execute status=200
2026-09-28T15:14:11.045897Z  INFO lingxi_service::sessions: run committed and published (post-commit) run_id=run_000001a0e894a5e5_0004d5 session_id=sess_local_alpha events=run_000001a0e894a5e5_0004d5-done input_chars=22
2026-09-28T15:14:11.046043Z  INFO lingxi_service: request handled request_id=req-3c8fa623bd3bd03e5afe598f6ec41c9c method=POST path=/lingxi/v1/sessions/sess_local_alpha/execute status=200
2026-09-28T15:14:11.046940Z  INFO lingxi_service::sessions: run committed and published (post-commit) run_id=run_000001a0e894a5e6_0004d6 session_id=sess_local_alpha events=run_000001a0e894a5e6_0004d6-done input_chars=22
2026-09-28T15:14:11.047103Z  INFO lingxi_service: request handled request_id=req-1d6a9cb1e11a6d399826454330f47190 method=POST path=/lingxi/v1/sessions/sess_local_alpha/execute status=200
2026-09-28T15:14:11.047830Z  INFO lingxi_service::sessions: run committed and published (post-commit) run_id=run_000001a0e894a5e7_0004d7 session_id=sess_local_alpha events=run_000001a0e894a5e7_0004d7-done input_chars=22
2026-09-28T15:14:11.047975Z  INFO lingxi_service: request handled request_id=req-fb2b78a557ffedc0a72c5fb08b979622 method=POST path=/lingxi/v1/sessions/sess_local_alpha/execute status=200
2026-09-28T15:14:11.048595Z  INFO lingxi_service::sessions: run committed and published (post-commit) run_id=run_000001a0e894a5e8_0004d8 session_id=sess_local_alpha events=run_000001a0e894a5e8_0004d8-done input_chars=22
2026-09-28T15:14:11.048744Z  INFO lingxi_service: request handled request_id=req-8d4b7333765c9d1a4bdf79e6d56635e8 method=POST path=/lingxi/v1/sessions/sess_local_alpha/execute status=200
2026-09-28T15:14:11.049332Z  INFO lingxi_service::sessions: run committed and published (post-commit) run_id=run_000001a0e894a5e9_0004d9 session_id=sess_local_alpha events=run_000001a0e894a5e9_0004d9-done input_chars=22
2026-09-28T15:14:11.049489Z  INFO lingxi_service: request handled request_id=req-0dcae01b3370384e114e13927c2bf210 method=POST path=/lingxi/v1/sessions/sess_local_alpha/execute status=200
2026-09-28T15:14:11.050271Z  INFO lingxi_service::sessions: run committed and published (post-commit) run_id=run_000001a0e894a5e9_0004da session_id=sess_local_alpha events=run_000001a0e894a5e9_0004da-done input_chars=22
2026-09-28T15:14:11.050447Z  INFO lingxi_service: request handled request_id=req-1dc138c91a23608f9245bf2b7f0eccbc method=POST path=/lingxi/v1/sessions/sess_local_alpha/execute status=200
2026-09-28T15:14:11.051238Z  INFO lingxi_service::sessions: run committed and published (post-commit) run_id=run_000001a0e894a5ea_0004db session_id=sess_local_alpha events=run_000001a0e894a5ea_0004db-done input_chars=22
2026-09-28T15:14:11.051399Z  INFO lingxi_service: request handled request_id=req-9896a1ffa0a6791349083aa3df420bf6 method=POST path=/lingxi/v1/sessions/sess_local_alpha/execute status=200
2026-09-28T15:14:11.052045Z  INFO lingxi_service::sessions: run committed and published (post-commit) run_id=run_000001a0e894a5eb_0004dc session_id=sess_local_alpha events=run_000001a0e894a5eb_0004dc-done input_chars=22
2026-09-28T15:14:11.052206Z  INFO lingxi_service: request handled request_id=req-e2b07ab59e1e36c74d2b3bc21cb3cd30 method=POST path=/lingxi/v1/sessions/sess_local_alpha/execute status=200
2026-09-28T15:14:11.052894Z  INFO lingxi_service::sessions: run committed and published (post-commit) run_id=run_000001a0e894a5ec_0004dd session_id=sess_local_alpha events=run_000001a0e894a5ec_0004dd-done input_chars=22
2026-09-28T15:14:11.053095Z  INFO lingxi_service: request handled request_id=req-c4719dd8e14c5737de2c4adc30745530 method=POST path=/lingxi/v1/sessions/sess_local_alpha/execute status=200
2026-09-28T15:14:11.053874Z  INFO lingxi_service::sessions: run committed and published (post-commit) run_id=run_000001a0e894a5ed_0004de session_id=sess_local_alpha events=run_000001a0e894a5ed_0004de-done input_chars=22
2026-09-28T15:14:11.054043Z  INFO lingxi_service: request handled request_id=req-f21b5894cccdb0f716410b46371411b8 method=POST path=/lingxi/v1/sessions/sess_local_alpha/execute status=200
2026-09-28T15:14:11.054881Z  INFO lingxi_service::sessions: run committed and published (post-commit) run_id=run_000001a0e894a5ee_0004df session_id=sess_local_alpha events=run_000001a0e894a5ee_0004df-done input_chars=22
2026-09-28T15:14:11.055086Z  INFO lingxi_service: request handled request_id=req-39d3a8604e599407607eebab10b97933 method=POST path=/lingxi/v1/sessions/sess_local_alpha/execute status=200
2026-09-28T15:14:11.056919Z  INFO lingxi_service::sessions: run committed and published (post-commit) run_id=run_000001a0e894a5ef_0004e0 session_id=sess_local_alpha events=run_000001a0e894a5ef_0004e0-done input_chars=22
2026-09-28T15:14:11.057201Z  INFO lingxi_service: request handled request_id=req-21ff8b4e73eee603033bd4aad52f96eb method=POST path=/lingxi/v1/sessions/sess_local_alpha/execute status=200
2026-09-28T15:14:11.058161Z  INFO lingxi_service::sessions: run committed and published (post-commit) run_id=run_000001a0e894a5f1_0004e1 session_id=sess_local_alpha events=run_000001a0e894a5f1_0004e1-done input_chars=22
2026-09-28T15:14:11.058331Z  INFO lingxi_service: request handled request_id=req-c7b4653b708b68682b27c4cf35ba8c66 method=POST path=/lingxi/v1/sessions/sess_local_alpha/execute status=200
2026-09-28T15:14:11.059103Z  INFO lingxi_service::sessions: run committed and published (post-commit) run_id=run_000001a0e894a5f2_0004e2 session_id=sess_local_alpha events=run_000001a0e894a5f2_0004e2-done input_chars=22
2026-09-28T15:14:11.059262Z  INFO lingxi_service: request handled request_id=req-eabd3c06966690f6580d526f3cf3de3a method=POST path=/lingxi/v1/sessions/sess_local_alpha/execute status=200
2026-09-28T15:14:11.060130Z  INFO lingxi_service::sessions: run committed and published (post-commit) run_id=run_000001a0e894a5f3_0004e3 session_id=sess_local_alpha events=run_000001a0e894a5f3_0004e3-done input_chars=22
2026-09-28T15:14:11.060298Z  INFO lingxi_service: request handled request_id=req-bd7df3e27caa4c4762e9768a287bf595 method=POST path=/lingxi/v1/sessions/sess_local_alpha/execute status=200
2026-09-28T15:14:11.061317Z  INFO lingxi_service::sessions: run committed and published (post-commit) run_id=run_000001a0e894a5f4_0004e4 session_id=sess_local_alpha events=run_000001a0e894a5f4_0004e4-done input_chars=22
2026-09-28T15:14:11.061488Z  INFO lingxi_service: request handled request_id=req-0ab8e5b490ec90c5c60d0234358f246c method=POST path=/lingxi/v1/sessions/sess_local_alpha/execute status=200
2026-09-28T15:14:11.062413Z  INFO lingxi_service::sessions: run committed and published (post-commit) run_id=run_000001a0e894a5f6_0004e5 session_id=sess_local_alpha events=run_000001a0e894a5f6_0004e5-done input_chars=22
2026-09-28T15:14:11.062580Z  INFO lingxi_service: request handled request_id=req-be04cdc1344110f27a965c4403f78147 method=POST path=/lingxi/v1/sessions/sess_local_alpha/execute status=200
2026-09-28T15:14:11.063458Z  INFO lingxi_service::sessions: run committed and published (post-commit) run_id=run_000001a0e894a5f7_0004e6 session_id=sess_local_alpha events=run_000001a0e894a5f7_0004e6-done input_chars=22
2026-09-28T15:14:11.063623Z  INFO lingxi_service: request handled request_id=req-fa85497ce306968d7708aaffb84d6e74 method=POST path=/lingxi/v1/sessions/sess_local_alpha/execute status=200
2026-09-28T15:14:11.064389Z  INFO lingxi_service::sessions: run committed and published (post-commit) run_id=run_000001a0e894a5f8_0004e7 session_id=sess_local_alpha events=run_000001a0e894a5f8_0004e7-done input_chars=22
2026-09-28T15:14:11.064559Z  INFO lingxi_service: request handled request_id=req-fa8f36b496c95af963147087ee23511a method=POST path=/lingxi/v1/sessions/sess_local_alpha/execute status=200
2026-09-28T15:14:11.065184Z  INFO lingxi_service::sessions: run committed and published (post-commit) run_id=run_000001a0e894a5f8_0004e8 session_id=sess_local_alpha events=run_000001a0e894a5f8_0004e8-done input_chars=22
2026-09-28T15:14:11.065330Z  INFO lingxi_service: request handled request_id=req-664851a2805b86ab6dfc5c7f8af896b0 method=POST path=/lingxi/v1/sessions/sess_local_alpha/execute status=200
2026-09-28T15:14:11.065936Z  INFO lingxi_service::sessions: run committed and published (post-commit) run_id=run_000001a0e894a5f9_0004e9 session_id=sess_local_alpha events=run_000001a0e894a5f9_0004e9-done input_chars=22
2026-09-28T15:14:11.066084Z  INFO lingxi_service: request handled request_id=req-4bc1deaeda40ffbb9dcfb3bace6bd781 method=POST path=/lingxi/v1/sessions/sess_local_alpha/execute status=200
2026-09-28T15:14:11.067013Z  INFO lingxi_service::sessions: run committed and published (post-commit) run_id=run_000001a0e894a5fa_0004ea session_id=sess_local_alpha events=run_000001a0e894a5fa_0004ea-done input_chars=22
2026-09-28T15:14:11.067244Z  INFO lingxi_service: request handled request_id=req-d991cadc9856e0c3b5053beac5017e12 method=POST path=/lingxi/v1/sessions/sess_local_alpha/execute status=200
2026-09-28T15:14:11.068247Z  INFO lingxi_service::sessions: run committed and published (post-commit) run_id=run_000001a0e894a5fb_0004eb session_id=sess_local_alpha events=run_000001a0e894a5fb_0004eb-done input_chars=22
2026-09-28T15:14:11.068410Z  INFO lingxi_service: request handled request_id=req-8789eaa69c8a354bf6e693c8421e2072 method=POST path=/lingxi/v1/sessions/sess_local_alpha/execute status=200
2026-09-28T15:14:11.069253Z  INFO lingxi_service::sessions: run committed and published (post-commit) run_id=run_000001a0e894a5fc_0004ec session_id=sess_local_alpha events=run_000001a0e894a5fc_0004ec-done input_chars=22
2026-09-28T15:14:11.069420Z  INFO lingxi_service: request handled request_id=req-4c9e29f91e1085b2984216a0173c00e5 method=POST path=/lingxi/v1/sessions/sess_local_alpha/execute status=200
2026-09-28T15:14:11.070253Z  INFO lingxi_service::sessions: run committed and published (post-commit) run_id=run_000001a0e894a5fd_0004ed session_id=sess_local_alpha events=run_000001a0e894a5fd_0004ed-done input_chars=22
2026-09-28T15:14:11.070433Z  INFO lingxi_service: request handled request_id=req-a51d665902bfa227947dbc0489f02ed8 method=POST path=/lingxi/v1/sessions/sess_local_alpha/execute status=200
2026-09-28T15:14:11.071240Z  INFO lingxi_service::sessions: run committed and published (post-commit) run_id=run_000001a0e894a5fe_0004ee session_id=sess_local_alpha events=run_000001a0e894a5fe_0004ee-done input_chars=22
2026-09-28T15:14:11.071391Z  INFO lingxi_service: request handled request_id=req-8e23d24b12211c01ae53a6d0f4ef0b31 method=POST path=/lingxi/v1/sessions/sess_local_alpha/execute status=200
2026-09-28T15:14:11.071981Z  INFO lingxi_service::sessions: run committed and published (post-commit) run_id=run_000001a0e894a5ff_0004ef session_id=sess_local_alpha events=run_000001a0e894a5ff_0004ef-done input_chars=22
2026-09-28T15:14:11.072134Z  INFO lingxi_service: request handled request_id=req-eaef699cd4f24834713a8e245b622fc6 method=POST path=/lingxi/v1/sessions/sess_local_alpha/execute status=200
2026-09-28T15:14:11.072726Z  INFO lingxi_service::sessions: run committed and published (post-commit) run_id=run_000001a0e894a600_0004f0 session_id=sess_local_alpha events=run_000001a0e894a600_0004f0-done input_chars=22
2026-09-28T15:14:11.072895Z  INFO lingxi_service: request handled request_id=req-fd25265b092e5a907017152b2bb77631 method=POST path=/lingxi/v1/sessions/sess_local_alpha/execute status=200
2026-09-28T15:14:11.073667Z  INFO lingxi_service::sessions: run committed and published (post-commit) run_id=run_000001a0e894a601_0004f1 session_id=sess_local_alpha events=run_000001a0e894a601_0004f1-done input_chars=22
2026-09-28T15:14:11.073833Z  INFO lingxi_service: request handled request_id=req-413413d2a31d3fd6576d963f72854839 method=POST path=/lingxi/v1/sessions/sess_local_alpha/execute status=200
2026-09-28T15:14:11.074582Z  INFO lingxi_service::sessions: run committed and published (post-commit) run_id=run_000001a0e894a602_0004f2 session_id=sess_local_alpha events=run_000001a0e894a602_0004f2-done input_chars=22
2026-09-28T15:14:11.074734Z  INFO lingxi_service: request handled request_id=req-8394238bfb3ace31e1b239724fc82ecc method=POST path=/lingxi/v1/sessions/sess_local_alpha/execute status=200
2026-09-28T15:14:11.075333Z  INFO lingxi_service::sessions: run committed and published (post-commit) run_id=run_000001a0e894a603_0004f3 session_id=sess_local_alpha events=run_000001a0e894a603_0004f3-done input_chars=22
2026-09-28T15:14:11.075485Z  INFO lingxi_service: request handled request_id=req-2ce2c4b276f9be538607662774f9a8a9 method=POST path=/lingxi/v1/sessions/sess_local_alpha/execute status=200
2026-09-28T15:14:11.076080Z  INFO lingxi_service::sessions: run committed and published (post-commit) run_id=run_000001a0e894a603_0004f4 session_id=sess_local_alpha events=run_000001a0e894a603_0004f4-done input_chars=22
2026-09-28T15:14:11.076262Z  INFO lingxi_service: request handled request_id=req-102e071d58235a5f8786032cd5da7c3c method=POST path=/lingxi/v1/sessions/sess_local_alpha/execute status=200
2026-09-28T15:14:11.077511Z  INFO lingxi_service::sessions: run committed and published (post-commit) run_id=run_000001a0e894a604_0004f5 session_id=sess_local_alpha events=run_000001a0e894a604_0004f5-done input_chars=22
2026-09-28T15:14:11.077729Z  INFO lingxi_service: request handled request_id=req-2491cef4b9cadc718fca8b5c18d6edc5 method=POST path=/lingxi/v1/sessions/sess_local_alpha/execute status=200
2026-09-28T15:14:11.078669Z  INFO lingxi_service::sessions: run committed and published (post-commit) run_id=run_000001a0e894a606_0004f6 session_id=sess_local_alpha events=run_000001a0e894a606_0004f6-done input_chars=22
2026-09-28T15:14:11.078845Z  INFO lingxi_service: request handled request_id=req-f00e07a4993c7689ab38bb0e2d205030 method=POST path=/lingxi/v1/sessions/sess_local_alpha/execute status=200
2026-09-28T15:14:11.079782Z  INFO lingxi_service::sessions: run committed and published (post-commit) run_id=run_000001a0e894a607_0004f7 session_id=sess_local_alpha events=run_000001a0e894a607_0004f7-done input_chars=22
2026-09-28T15:14:11.079973Z  INFO lingxi_service: request handled request_id=req-e642ddf08844306b810eaa5a88779172 method=POST path=/lingxi/v1/sessions/sess_local_alpha/execute status=200
2026-09-28T15:14:11.080824Z  INFO lingxi_service::sessions: run committed and published (post-commit) run_id=run_000001a0e894a608_0004f8 session_id=sess_local_alpha events=run_000001a0e894a608_0004f8-done input_chars=22
2026-09-28T15:14:11.080998Z  INFO lingxi_service: request handled request_id=req-dcf0ba8f08f7880ae20b7b810a51cb14 method=POST path=/lingxi/v1/sessions/sess_local_alpha/execute status=200
2026-09-28T15:14:11.082355Z  INFO lingxi_service::sessions: run committed and published (post-commit) run_id=run_000001a0e894a609_0004f9 session_id=sess_local_alpha events=run_000001a0e894a609_0004f9-done input_chars=22
2026-09-28T15:14:11.082525Z  INFO lingxi_service: request handled request_id=req-afacfc4bba26919c1f356021703309e5 method=POST path=/lingxi/v1/sessions/sess_local_alpha/execute status=200
2026-09-28T15:14:11.083418Z  INFO lingxi_service::sessions: run committed and published (post-commit) run_id=run_000001a0e894a60a_0004fa session_id=sess_local_alpha events=run_000001a0e894a60a_0004fa-done input_chars=22
2026-09-28T15:14:11.083633Z  INFO lingxi_service: request handled request_id=req-6d013277ee44f695d18e2ab3d51cfaa6 method=POST path=/lingxi/v1/sessions/sess_local_alpha/execute status=200
2026-09-28T15:14:11.084439Z  INFO lingxi_service::sessions: run committed and published (post-commit) run_id=run_000001a0e894a60c_0004fb session_id=sess_local_alpha events=run_000001a0e894a60c_0004fb-done input_chars=22
2026-09-28T15:14:11.084599Z  INFO lingxi_service: request handled request_id=req-ef4cb9cb3c9e6245ab6202708762b19d method=POST path=/lingxi/v1/sessions/sess_local_alpha/execute status=200
2026-09-28T15:14:11.085278Z  INFO lingxi_service::sessions: run committed and published (post-commit) run_id=run_000001a0e894a60c_0004fc session_id=sess_local_alpha events=run_000001a0e894a60c_0004fc-done input_chars=22
2026-09-28T15:14:11.085441Z  INFO lingxi_service: request handled request_id=req-ca13d598bd0337962d161aff690ca8e3 method=POST path=/lingxi/v1/sessions/sess_local_alpha/execute status=200
2026-09-28T15:14:11.086498Z  INFO lingxi_service::sessions: run committed and published (post-commit) run_id=run_000001a0e894a60e_0004fd session_id=sess_local_alpha events=run_000001a0e894a60e_0004fd-done input_chars=22
2026-09-28T15:14:11.086726Z  INFO lingxi_service: request handled request_id=req-06c2f11788d16ed6297956d73fc55fde method=POST path=/lingxi/v1/sessions/sess_local_alpha/execute status=200
2026-09-28T15:14:11.087642Z  INFO lingxi_service::sessions: run committed and published (post-commit) run_id=run_000001a0e894a60f_0004fe session_id=sess_local_alpha events=run_000001a0e894a60f_0004fe-done input_chars=22
2026-09-28T15:14:11.087818Z  INFO lingxi_service: request handled request_id=req-1efc1733c5aa3aa99503db48955a9b58 method=POST path=/lingxi/v1/sessions/sess_local_alpha/execute status=200
2026-09-28T15:14:11.088617Z  INFO lingxi_service::sessions: run committed and published (post-commit) run_id=run_000001a0e894a610_0004ff session_id=sess_local_alpha events=run_000001a0e894a610_0004ff-done input_chars=22
2026-09-28T15:14:11.088777Z  INFO lingxi_service: request handled request_id=req-24620125a7f3e2a4b13a89436900aa76 method=POST path=/lingxi/v1/sessions/sess_local_alpha/execute status=200
2026-09-28T15:14:11.089722Z  INFO lingxi_service::sessions: run committed and published (post-commit) run_id=run_000001a0e894a611_000500 session_id=sess_local_alpha events=run_000001a0e894a611_000500-done input_chars=22
2026-09-28T15:14:11.089890Z  INFO lingxi_service: request handled request_id=req-1865ccbf9051fc30a254b3f1a65c6cc6 method=POST path=/lingxi/v1/sessions/sess_local_alpha/execute status=200
2026-09-28T15:14:11.090611Z  INFO lingxi_service::sessions: run committed and published (post-commit) run_id=run_000001a0e894a612_000501 session_id=sess_local_alpha events=run_000001a0e894a612_000501-done input_chars=22
2026-09-28T15:14:11.090778Z  INFO lingxi_service: request handled request_id=req-7760d2216d66e3aef6d916b8b641c750 method=POST path=/lingxi/v1/sessions/sess_local_alpha/execute status=200
2026-09-28T15:14:11.091452Z  INFO lingxi_service::sessions: run committed and published (post-commit) run_id=run_000001a0e894a613_000502 session_id=sess_local_alpha events=run_000001a0e894a613_000502-done input_chars=22
2026-09-28T15:14:11.091606Z  INFO lingxi_service: request handled request_id=req-0c42e92a5734aaf6c64963ea11945e27 method=POST path=/lingxi/v1/sessions/sess_local_alpha/execute status=200
2026-09-28T15:14:11.092394Z  INFO lingxi_service::sessions: run committed and published (post-commit) run_id=run_000001a0e894a613_000503 session_id=sess_local_alpha events=run_000001a0e894a613_000503-done input_chars=22
2026-09-28T15:14:11.092647Z  INFO lingxi_service: request handled request_id=req-974a028ac01abdada01e2b1fb47e35a3 method=POST path=/lingxi/v1/sessions/sess_local_alpha/execute status=200
2026-09-28T15:14:11.093669Z  INFO lingxi_service::sessions: run committed and published (post-commit) run_id=run_000001a0e894a615_000504 session_id=sess_local_alpha events=run_000001a0e894a615_000504-done input_chars=22
2026-09-28T15:14:11.093855Z  INFO lingxi_service: request handled request_id=req-1b30214f58046827ec65817eb84b3165 method=POST path=/lingxi/v1/sessions/sess_local_alpha/execute status=200
2026-09-28T15:14:11.094534Z  INFO lingxi_service::sessions: run committed and published (post-commit) run_id=run_000001a0e894a616_000505 session_id=sess_local_alpha events=run_000001a0e894a616_000505-done input_chars=22
2026-09-28T15:14:11.094695Z  INFO lingxi_service: request handled request_id=req-d26b408c28313871d92531cd87c9ebcc method=POST path=/lingxi/v1/sessions/sess_local_alpha/execute status=200
2026-09-28T15:14:11.095339Z  INFO lingxi_service::sessions: run committed and published (post-commit) run_id=run_000001a0e894a617_000506 session_id=sess_local_alpha events=run_000001a0e894a617_000506-done input_chars=22
2026-09-28T15:14:11.095489Z  INFO lingxi_service: request handled request_id=req-40ea13c1298232084e77889c7771186c method=POST path=/lingxi/v1/sessions/sess_local_alpha/execute status=200
2026-09-28T15:14:11.096106Z  INFO lingxi_service::sessions: run committed and published (post-commit) run_id=run_000001a0e894a617_000507 session_id=sess_local_alpha events=run_000001a0e894a617_000507-done input_chars=22
2026-09-28T15:14:11.096262Z  INFO lingxi_service: request handled request_id=req-0d048e11aee0a04a6f3669e98dd3e6e6 method=POST path=/lingxi/v1/sessions/sess_local_alpha/execute status=200
2026-09-28T15:14:11.097463Z  INFO lingxi_service::sessions: run committed and published (post-commit) run_id=run_000001a0e894a618_000508 session_id=sess_local_alpha events=run_000001a0e894a618_000508-done input_chars=22
2026-09-28T15:14:11.097689Z  INFO lingxi_service: request handled request_id=req-e693ab0d0b3580098cba180a0a1103cf method=POST path=/lingxi/v1/sessions/sess_local_alpha/execute status=200
2026-09-28T15:14:11.098557Z  INFO lingxi_service::sessions: run committed and published (post-commit) run_id=run_000001a0e894a61a_000509 session_id=sess_local_alpha events=run_000001a0e894a61a_000509-done input_chars=22
2026-09-28T15:14:11.098758Z  INFO lingxi_service: request handled request_id=req-656ef524be2337305a1c58dc40fbae57 method=POST path=/lingxi/v1/sessions/sess_local_alpha/execute status=200
2026-09-28T15:14:11.099561Z  INFO lingxi_service::sessions: run committed and published (post-commit) run_id=run_000001a0e894a61b_00050a session_id=sess_local_alpha events=run_000001a0e894a61b_00050a-done input_chars=22
2026-09-28T15:14:11.099797Z  INFO lingxi_service: request handled request_id=req-d4cf20db36cda665a196d6812e706b59 method=POST path=/lingxi/v1/sessions/sess_local_alpha/execute status=200
2026-09-28T15:14:11.100656Z  INFO lingxi_service::sessions: run committed and published (post-commit) run_id=run_000001a0e894a61c_00050b session_id=sess_local_alpha events=run_000001a0e894a61c_00050b-done input_chars=22
2026-09-28T15:14:11.100825Z  INFO lingxi_service: request handled request_id=req-59bba5aa3fb45318119286dbdfd8bbee method=POST path=/lingxi/v1/sessions/sess_local_alpha/execute status=200
2026-09-28T15:14:11.101526Z  INFO lingxi_service::sessions: run committed and published (post-commit) run_id=run_000001a0e894a61d_00050c session_id=sess_local_alpha events=run_000001a0e894a61d_00050c-done input_chars=22
2026-09-28T15:14:11.101677Z  INFO lingxi_service: request handled request_id=req-a59bc663aea90e632c407f101fe11237 method=POST path=/lingxi/v1/sessions/sess_local_alpha/execute status=200
2026-09-28T15:14:11.102276Z  INFO lingxi_service::sessions: run committed and published (post-commit) run_id=run_000001a0e894a61d_00050d session_id=sess_local_alpha events=run_000001a0e894a61d_00050d-done input_chars=22
2026-09-28T15:14:11.102433Z  INFO lingxi_service: request handled request_id=req-b5c67cd3470c227d43739d4155eb009f method=POST path=/lingxi/v1/sessions/sess_local_alpha/execute status=200
2026-09-28T15:14:11.103369Z  INFO lingxi_service::sessions: run committed and published (post-commit) run_id=run_000001a0e894a61e_00050e session_id=sess_local_alpha events=run_000001a0e894a61e_00050e-done input_chars=22
2026-09-28T15:14:11.103592Z  INFO lingxi_service: request handled request_id=req-b21919b43a3c1193357cc37f2d95c0dc method=POST path=/lingxi/v1/sessions/sess_local_alpha/execute status=200
2026-09-28T15:14:11.104451Z  INFO lingxi_service::sessions: run committed and published (post-commit) run_id=run_000001a0e894a620_00050f session_id=sess_local_alpha events=run_000001a0e894a620_00050f-done input_chars=22
2026-09-28T15:14:11.104618Z  INFO lingxi_service: request handled request_id=req-25f3645cd32d16518a36b92fa26eff0c method=POST path=/lingxi/v1/sessions/sess_local_alpha/execute status=200
2026-09-28T15:14:11.105568Z  INFO lingxi_service::sessions: run committed and published (post-commit) run_id=run_000001a0e894a621_000510 session_id=sess_local_alpha events=run_000001a0e894a621_000510-done input_chars=22
2026-09-28T15:14:11.105812Z  INFO lingxi_service: request handled request_id=req-1b0876080931f7b35469a334dcfa38b0 method=POST path=/lingxi/v1/sessions/sess_local_alpha/execute status=200
2026-09-28T15:14:11.106953Z  INFO lingxi_service::sessions: run committed and published (post-commit) run_id=run_000001a0e894a622_000511 session_id=sess_local_alpha events=run_000001a0e894a622_000511-done input_chars=22
2026-09-28T15:14:11.107233Z  INFO lingxi_service: request handled request_id=req-f6eadecd72266c53e5fca5952d64df96 method=POST path=/lingxi/v1/sessions/sess_local_alpha/execute status=200
2026-09-28T15:14:11.108101Z  INFO lingxi_service::sessions: run committed and published (post-commit) run_id=run_000001a0e894a623_000512 session_id=sess_local_alpha events=run_000001a0e894a623_000512-done input_chars=22
2026-09-28T15:14:11.108261Z  INFO lingxi_service: request handled request_id=req-5fac521d58b322686f3c72dbe95834aa method=POST path=/lingxi/v1/sessions/sess_local_alpha/execute status=200
2026-09-28T15:14:11.108966Z  INFO lingxi_service::sessions: run committed and published (post-commit) run_id=run_000001a0e894a624_000513 session_id=sess_local_alpha events=run_000001a0e894a624_000513-done input_chars=22
2026-09-28T15:14:11.109118Z  INFO lingxi_service: request handled request_id=req-3a2f7006991b9dacbf27237733538136 method=POST path=/lingxi/v1/sessions/sess_local_alpha/execute status=200
2026-09-28T15:14:11.109840Z  INFO lingxi_service::sessions: run committed and published (post-commit) run_id=run_000001a0e894a625_000514 session_id=sess_local_alpha events=run_000001a0e894a625_000514-done input_chars=22
2026-09-28T15:14:11.110018Z  INFO lingxi_service: request handled request_id=req-b2696a763beb1682006b3b93a8fa4965 method=POST path=/lingxi/v1/sessions/sess_local_alpha/execute status=200
2026-09-28T15:14:11.110718Z  INFO lingxi_service::sessions: run committed and published (post-commit) run_id=run_000001a0e894a626_000515 session_id=sess_local_alpha events=run_000001a0e894a626_000515-done input_chars=22
2026-09-28T15:14:11.110876Z  INFO lingxi_service: request handled request_id=req-ea1d63317f86321b2d380982f25983da method=POST path=/lingxi/v1/sessions/sess_local_alpha/execute status=200
2026-09-28T15:14:11.111551Z  INFO lingxi_service::sessions: run committed and published (post-commit) run_id=run_000001a0e894a627_000516 session_id=sess_local_alpha events=run_000001a0e894a627_000516-done input_chars=22
2026-09-28T15:14:11.111706Z  INFO lingxi_service: request handled request_id=req-49aa45077c197683ee16dd88c03b2130 method=POST path=/lingxi/v1/sessions/sess_local_alpha/execute status=200
2026-09-28T15:14:11.112348Z  INFO lingxi_service::sessions: run committed and published (post-commit) run_id=run_000001a0e894a627_000517 session_id=sess_local_alpha events=run_000001a0e894a627_000517-done input_chars=22
2026-09-28T15:14:11.112504Z  INFO lingxi_service: request handled request_id=req-4fe04b9a7cc5323550dd717779d72985 method=POST path=/lingxi/v1/sessions/sess_local_alpha/execute status=200
2026-09-28T15:14:11.113341Z  INFO lingxi_service::sessions: run committed and published (post-commit) run_id=run_000001a0e894a628_000518 session_id=sess_local_alpha events=run_000001a0e894a628_000518-done input_chars=22
2026-09-28T15:14:11.113538Z  INFO lingxi_service: request handled request_id=req-769dd7b01e508e5a5debf8fc1193443c method=POST path=/lingxi/v1/sessions/sess_local_alpha/execute status=200
2026-09-28T15:14:11.114355Z  INFO lingxi_service::sessions: run committed and published (post-commit) run_id=run_000001a0e894a629_000519 session_id=sess_local_alpha events=run_000001a0e894a629_000519-done input_chars=22
2026-09-28T15:14:11.114524Z  INFO lingxi_service: request handled request_id=req-bb395e65462303c94be70dd2d18b78da method=POST path=/lingxi/v1/sessions/sess_local_alpha/execute status=200
2026-09-28T15:14:11.115219Z  INFO lingxi_service::sessions: run committed and published (post-commit) run_id=run_000001a0e894a62a_00051a session_id=sess_local_alpha events=run_000001a0e894a62a_00051a-done input_chars=22
2026-09-28T15:14:11.115374Z  INFO lingxi_service: request handled request_id=req-3218a872d3fc7d46fe699973ae9b1daa method=POST path=/lingxi/v1/sessions/sess_local_alpha/execute status=200
2026-09-28T15:14:11.115982Z  INFO lingxi_service::sessions: run committed and published (post-commit) run_id=run_000001a0e894a62b_00051b session_id=sess_local_alpha events=run_000001a0e894a62b_00051b-done input_chars=22
2026-09-28T15:14:11.116197Z  INFO lingxi_service: request handled request_id=req-5b644adf21ffbbb77cd487fd87919d12 method=POST path=/lingxi/v1/sessions/sess_local_alpha/execute status=200
2026-09-28T15:14:11.117373Z  INFO lingxi_service::sessions: run committed and published (post-commit) run_id=run_000001a0e894a62c_00051c session_id=sess_local_alpha events=run_000001a0e894a62c_00051c-done input_chars=22
2026-09-28T15:14:11.117623Z  INFO lingxi_service: request handled request_id=req-f68e0699d04f0ab42569bfbebf0af558 method=POST path=/lingxi/v1/sessions/sess_local_alpha/execute status=200
2026-09-28T15:14:11.118775Z  INFO lingxi_service::sessions: run committed and published (post-commit) run_id=run_000001a0e894a62e_00051d session_id=sess_local_alpha events=run_000001a0e894a62e_00051d-done input_chars=22
2026-09-28T15:14:11.118964Z  INFO lingxi_service: request handled request_id=req-b31cd18347fec864aff4419581f6d728 method=POST path=/lingxi/v1/sessions/sess_local_alpha/execute status=200
2026-09-28T15:14:11.119945Z  INFO lingxi_service::sessions: run committed and published (post-commit) run_id=run_000001a0e894a62f_00051e session_id=sess_local_alpha events=run_000001a0e894a62f_00051e-done input_chars=22
2026-09-28T15:14:11.120124Z  INFO lingxi_service: request handled request_id=req-3f8981fdf043181e63aa6c3f30863f1a method=POST path=/lingxi/v1/sessions/sess_local_alpha/execute status=200
2026-09-28T15:14:11.120966Z  INFO lingxi_service::sessions: run committed and published (post-commit) run_id=run_000001a0e894a630_00051f session_id=sess_local_alpha events=run_000001a0e894a630_00051f-done input_chars=22
2026-09-28T15:14:11.121131Z  INFO lingxi_service: request handled request_id=req-d06a3beecd5f09ea73a48cccbaa0cbeb method=POST path=/lingxi/v1/sessions/sess_local_alpha/execute status=200
2026-09-28T15:14:11.121762Z  INFO lingxi_service::sessions: run committed and published (post-commit) run_id=run_000001a0e894a631_000520 session_id=sess_local_alpha events=run_000001a0e894a631_000520-done input_chars=22
2026-09-28T15:14:11.121910Z  INFO lingxi_service: request handled request_id=req-78c015a126f6bcceac299a391db04b0f method=POST path=/lingxi/v1/sessions/sess_local_alpha/execute status=200
2026-09-28T15:14:11.122488Z  INFO lingxi_service::sessions: run committed and published (post-commit) run_id=run_000001a0e894a632_000521 session_id=sess_local_alpha events=run_000001a0e894a632_000521-done input_chars=22
2026-09-28T15:14:11.122651Z  INFO lingxi_service: request handled request_id=req-c861a908402f1457182949f2b239eafd method=POST path=/lingxi/v1/sessions/sess_local_alpha/execute status=200
2026-09-28T15:14:11.123522Z  INFO lingxi_service::sessions: run committed and published (post-commit) run_id=run_000001a0e894a633_000522 session_id=sess_local_alpha events=run_000001a0e894a633_000522-done input_chars=22
2026-09-28T15:14:11.123695Z  INFO lingxi_service: request handled request_id=req-79598d411eb0724b57ada368bc8933ad method=POST path=/lingxi/v1/sessions/sess_local_alpha/execute status=200
2026-09-28T15:14:11.124384Z  INFO lingxi_service::sessions: run committed and published (post-commit) run_id=run_000001a0e894a634_000523 session_id=sess_local_alpha events=run_000001a0e894a634_000523-done input_chars=22
2026-09-28T15:14:11.124546Z  INFO lingxi_service: request handled request_id=req-28a9f4e2846bf61d2480aef4bd1c9d52 method=POST path=/lingxi/v1/sessions/sess_local_alpha/execute status=200
2026-09-28T15:14:11.125195Z  INFO lingxi_service::sessions: run committed and published (post-commit) run_id=run_000001a0e894a634_000524 session_id=sess_local_alpha events=run_000001a0e894a634_000524-done input_chars=22
2026-09-28T15:14:11.125357Z  INFO lingxi_service: request handled request_id=req-12b4f960b1926123ae4b727ee563f547 method=POST path=/lingxi/v1/sessions/sess_local_alpha/execute status=200
2026-09-28T15:14:11.126033Z  INFO lingxi_service::sessions: run committed and published (post-commit) run_id=run_000001a0e894a635_000525 session_id=sess_local_alpha events=run_000001a0e894a635_000525-done input_chars=22
2026-09-28T15:14:11.126207Z  INFO lingxi_service: request handled request_id=req-3a242fff3f252d6e9e0a738a97a09d98 method=POST path=/lingxi/v1/sessions/sess_local_alpha/execute status=200
2026-09-28T15:14:11.127158Z  INFO lingxi_service::sessions: run committed and published (post-commit) run_id=run_000001a0e894a636_000526 session_id=sess_local_alpha events=run_000001a0e894a636_000526-done input_chars=22
2026-09-28T15:14:11.127391Z  INFO lingxi_service: request handled request_id=req-724af547146912c55a5dd5052e63274f method=POST path=/lingxi/v1/sessions/sess_local_alpha/execute status=200
2026-09-28T15:14:11.128420Z  INFO lingxi_service::sessions: run committed and published (post-commit) run_id=run_000001a0e894a637_000527 session_id=sess_local_alpha events=run_000001a0e894a637_000527-done input_chars=22
2026-09-28T15:14:11.128631Z  INFO lingxi_service: request handled request_id=req-be0491783086c6bb83ba5acf443560de method=POST path=/lingxi/v1/sessions/sess_local_alpha/execute status=200
2026-09-28T15:14:11.129668Z  INFO lingxi_service::sessions: run committed and published (post-commit) run_id=run_000001a0e894a639_000528 session_id=sess_local_alpha events=run_000001a0e894a639_000528-done input_chars=22
2026-09-28T15:14:11.129905Z  INFO lingxi_service: request handled request_id=req-46b0148dbb3ffc478a3ac7517932b766 method=POST path=/lingxi/v1/sessions/sess_local_alpha/execute status=200
2026-09-28T15:14:11.130825Z  INFO lingxi_service::sessions: run committed and published (post-commit) run_id=run_000001a0e894a63a_000529 session_id=sess_local_alpha events=run_000001a0e894a63a_000529-done input_chars=22
2026-09-28T15:14:11.130998Z  INFO lingxi_service: request handled request_id=req-bee3998d870758829639beb74be0cc22 method=POST path=/lingxi/v1/sessions/sess_local_alpha/execute status=200
2026-09-28T15:14:11.131762Z  INFO lingxi_service::sessions: run committed and published (post-commit) run_id=run_000001a0e894a63b_00052a session_id=sess_local_alpha events=run_000001a0e894a63b_00052a-done input_chars=22
2026-09-28T15:14:11.131925Z  INFO lingxi_service: request handled request_id=req-af3c17be83d9f77c57a30cd12b05b0c7 method=POST path=/lingxi/v1/sessions/sess_local_alpha/execute status=200
2026-09-28T15:14:11.132639Z  INFO lingxi_service::sessions: run committed and published (post-commit) run_id=run_000001a0e894a63c_00052b session_id=sess_local_alpha events=run_000001a0e894a63c_00052b-done input_chars=22
2026-09-28T15:14:11.132853Z  INFO lingxi_service: request handled request_id=req-03dfd661a8efbca498305c599bcff412 method=POST path=/lingxi/v1/sessions/sess_local_alpha/execute status=200
2026-09-28T15:14:11.133709Z  INFO lingxi_service::sessions: run committed and published (post-commit) run_id=run_000001a0e894a63d_00052c session_id=sess_local_alpha events=run_000001a0e894a63d_00052c-done input_chars=22
2026-09-28T15:14:11.133902Z  INFO lingxi_service: request handled request_id=req-d1ee3711f023982a8dc54584d31fce70 method=POST path=/lingxi/v1/sessions/sess_local_alpha/execute status=200
2026-09-28T15:14:11.134633Z  INFO lingxi_service::sessions: run committed and published (post-commit) run_id=run_000001a0e894a63e_00052d session_id=sess_local_alpha events=run_000001a0e894a63e_00052d-done input_chars=22
2026-09-28T15:14:11.134861Z  INFO lingxi_service: request handled request_id=req-49e584b90407fd775ae06ee9882f153e method=POST path=/lingxi/v1/sessions/sess_local_alpha/execute status=200
2026-09-28T15:14:11.135685Z  INFO lingxi_service::sessions: run committed and published (post-commit) run_id=run_000001a0e894a63f_00052e session_id=sess_local_alpha events=run_000001a0e894a63f_00052e-done input_chars=22
2026-09-28T15:14:11.135855Z  INFO lingxi_service: request handled request_id=req-6deaba533036f53b0d5e9c0e322b284e method=POST path=/lingxi/v1/sessions/sess_local_alpha/execute status=200
2026-09-28T15:14:11.136602Z  INFO lingxi_service::sessions: run committed and published (post-commit) run_id=run_000001a0e894a640_00052f session_id=sess_local_alpha events=run_000001a0e894a640_00052f-done input_chars=22
2026-09-28T15:14:11.136818Z  INFO lingxi_service: request handled request_id=req-c1bd45d7e240c608b5699794281fd1b0 method=POST path=/lingxi/v1/sessions/sess_local_alpha/execute status=200
2026-09-28T15:14:11.138336Z  INFO lingxi_service::sessions: run committed and published (post-commit) run_id=run_000001a0e894a641_000530 session_id=sess_local_alpha events=run_000001a0e894a641_000530-done input_chars=22
2026-09-28T15:14:11.138540Z  INFO lingxi_service: request handled request_id=req-e39e266f0f2b31eddde8cb04589520c5 method=POST path=/lingxi/v1/sessions/sess_local_alpha/execute status=200
2026-09-28T15:14:11.139362Z  INFO lingxi_service::sessions: run committed and published (post-commit) run_id=run_000001a0e894a642_000531 session_id=sess_local_alpha events=run_000001a0e894a642_000531-done input_chars=22
2026-09-28T15:14:11.139644Z  INFO lingxi_service: request handled request_id=req-16faf34d0c970c81e51e71dc2a980ef3 method=POST path=/lingxi/v1/sessions/sess_local_alpha/execute status=200
2026-09-28T15:14:11.140569Z  INFO lingxi_service::sessions: run committed and published (post-commit) run_id=run_000001a0e894a644_000532 session_id=sess_local_alpha events=run_000001a0e894a644_000532-done input_chars=22
2026-09-28T15:14:11.140790Z  INFO lingxi_service: request handled request_id=req-a359e3265660a0f8c24232293323b0b0 method=POST path=/lingxi/v1/sessions/sess_local_alpha/execute status=200
2026-09-28T15:14:11.141497Z  INFO lingxi_service::sessions: run committed and published (post-commit) run_id=run_000001a0e894a645_000533 session_id=sess_local_alpha events=run_000001a0e894a645_000533-done input_chars=22
2026-09-28T15:14:11.141662Z  INFO lingxi_service: request handled request_id=req-7fe212e9344aca98612d892cd1bca76a method=POST path=/lingxi/v1/sessions/sess_local_alpha/execute status=200
2026-09-28T15:14:11.142634Z  INFO lingxi_service::sessions: run committed and published (post-commit) run_id=run_000001a0e894a646_000534 session_id=sess_local_alpha events=run_000001a0e894a646_000534-done input_chars=22
2026-09-28T15:14:11.142824Z  INFO lingxi_service: request handled request_id=req-c29409a253e4f73f5cb39690f06f274d method=POST path=/lingxi/v1/sessions/sess_local_alpha/execute status=200
2026-09-28T15:14:11.143693Z  INFO lingxi_service::sessions: run committed and published (post-commit) run_id=run_000001a0e894a647_000535 session_id=sess_local_alpha events=run_000001a0e894a647_000535-done input_chars=22
2026-09-28T15:14:11.143870Z  INFO lingxi_service: request handled request_id=req-263aaf847b16f160ee2677cafb7f98cc method=POST path=/lingxi/v1/sessions/sess_local_alpha/execute status=200
2026-09-28T15:14:11.144551Z  INFO lingxi_service::sessions: run committed and published (post-commit) run_id=run_000001a0e894a648_000536 session_id=sess_local_alpha events=run_000001a0e894a648_000536-done input_chars=22
2026-09-28T15:14:11.144715Z  INFO lingxi_service: request handled request_id=req-89979a95e2f847056e7cf067a8a0592a method=POST path=/lingxi/v1/sessions/sess_local_alpha/execute status=200
2026-09-28T15:14:11.145385Z  INFO lingxi_service::sessions: run committed and published (post-commit) run_id=run_000001a0e894a649_000537 session_id=sess_local_alpha events=run_000001a0e894a649_000537-done input_chars=22
2026-09-28T15:14:11.145562Z  INFO lingxi_service: request handled request_id=req-c809a4758201fabf3b177b32312b2068 method=POST path=/lingxi/v1/sessions/sess_local_alpha/execute status=200
2026-09-28T15:14:11.146241Z  INFO lingxi_service::sessions: run committed and published (post-commit) run_id=run_000001a0e894a649_000538 session_id=sess_local_alpha events=run_000001a0e894a649_000538-done input_chars=22
2026-09-28T15:14:11.146437Z  INFO lingxi_service: request handled request_id=req-5503b2277d20bd87ed19a28d15b7c7c4 method=POST path=/lingxi/v1/sessions/sess_local_alpha/execute status=200
2026-09-28T15:14:11.147503Z  INFO lingxi_service::sessions: run committed and published (post-commit) run_id=run_000001a0e894a64a_000539 session_id=sess_local_alpha events=run_000001a0e894a64a_000539-done input_chars=22
2026-09-28T15:14:11.147740Z  INFO lingxi_service: request handled request_id=req-371daa893f28bceb91d86eb6ccafdbaf method=POST path=/lingxi/v1/sessions/sess_local_alpha/execute status=200
2026-09-28T15:14:11.148759Z  INFO lingxi_service::sessions: run committed and published (post-commit) run_id=run_000001a0e894a64c_00053a session_id=sess_local_alpha events=run_000001a0e894a64c_00053a-done input_chars=22
2026-09-28T15:14:11.148991Z  INFO lingxi_service: request handled request_id=req-f17b8f04a5433feaafcfe5c324732a66 method=POST path=/lingxi/v1/sessions/sess_local_alpha/execute status=200
2026-09-28T15:14:11.149954Z  INFO lingxi_service::sessions: run committed and published (post-commit) run_id=run_000001a0e894a64d_00053b session_id=sess_local_alpha events=run_000001a0e894a64d_00053b-done input_chars=22
2026-09-28T15:14:11.150169Z  INFO lingxi_service: request handled request_id=req-d156bf6168ee86a11b9e60d0f067f25b method=POST path=/lingxi/v1/sessions/sess_local_alpha/execute status=200
2026-09-28T15:14:11.151004Z  INFO lingxi_service::sessions: run committed and published (post-commit) run_id=run_000001a0e894a64e_00053c session_id=sess_local_alpha events=run_000001a0e894a64e_00053c-done input_chars=22
2026-09-28T15:14:11.151179Z  INFO lingxi_service: request handled request_id=req-1594d30446bc6f463ca756d06cfdc097 method=POST path=/lingxi/v1/sessions/sess_local_alpha/execute status=200
2026-09-28T15:14:11.151898Z  INFO lingxi_service::sessions: run committed and published (post-commit) run_id=run_000001a0e894a64f_00053d session_id=sess_local_alpha events=run_000001a0e894a64f_00053d-done input_chars=22
2026-09-28T15:14:11.152065Z  INFO lingxi_service: request handled request_id=req-cdf20806bec7d2b52e53d99ac0c9013d method=POST path=/lingxi/v1/sessions/sess_local_alpha/execute status=200
2026-09-28T15:14:11.153169Z  INFO lingxi_service::sessions: run committed and published (post-commit) run_id=run_000001a0e894a650_00053e session_id=sess_local_alpha events=run_000001a0e894a650_00053e-done input_chars=22
2026-09-28T15:14:11.153393Z  INFO lingxi_service: request handled request_id=req-4ed974b7ee4b1c01cf825cd656a01aea method=POST path=/lingxi/v1/sessions/sess_local_alpha/execute status=200
2026-09-28T15:14:11.154455Z  INFO lingxi_service::sessions: run committed and published (post-commit) run_id=run_000001a0e894a651_00053f session_id=sess_local_alpha events=run_000001a0e894a651_00053f-done input_chars=22
2026-09-28T15:14:11.154639Z  INFO lingxi_service: request handled request_id=req-b853612c44ad5748197b08b212adac07 method=POST path=/lingxi/v1/sessions/sess_local_alpha/execute status=200
2026-09-28T15:14:11.155461Z  INFO lingxi_service::sessions: run committed and published (post-commit) run_id=run_000001a0e894a652_000540 session_id=sess_local_alpha events=run_000001a0e894a652_000540-done input_chars=22
2026-09-28T15:14:11.155633Z  INFO lingxi_service: request handled request_id=req-2bf64afec33b9ddfccd11fe5fe4ca758 method=POST path=/lingxi/v1/sessions/sess_local_alpha/execute status=200
2026-09-28T15:14:11.156697Z  INFO lingxi_service::sessions: run committed and published (post-commit) run_id=run_000001a0e894a654_000541 session_id=sess_local_alpha events=run_000001a0e894a654_000541-done input_chars=22
2026-09-28T15:14:11.156976Z  INFO lingxi_service: request handled request_id=req-93b7b9dfa8b04d39d1a39893cef231d0 method=POST path=/lingxi/v1/sessions/sess_local_alpha/execute status=200
2026-09-28T15:14:11.157931Z  INFO lingxi_service::sessions: run committed and published (post-commit) run_id=run_000001a0e894a655_000542 session_id=sess_local_alpha events=run_000001a0e894a655_000542-done input_chars=22
2026-09-28T15:14:11.158145Z  INFO lingxi_service: request handled request_id=req-7b67333ef7d3c9eb1b493116088fea51 method=POST path=/lingxi/v1/sessions/sess_local_alpha/execute status=200
2026-09-28T15:14:11.158958Z  INFO lingxi_service::sessions: run committed and published (post-commit) run_id=run_000001a0e894a656_000543 session_id=sess_local_alpha events=run_000001a0e894a656_000543-done input_chars=22
2026-09-28T15:14:11.159146Z  INFO lingxi_service: request handled request_id=req-edc903131ded0cc58406cb3eed57c733 method=POST path=/lingxi/v1/sessions/sess_local_alpha/execute status=200
2026-09-28T15:14:11.159960Z  INFO lingxi_service::sessions: run committed and published (post-commit) run_id=run_000001a0e894a657_000544 session_id=sess_local_alpha events=run_000001a0e894a657_000544-done input_chars=22
2026-09-28T15:14:11.160150Z  INFO lingxi_service: request handled request_id=req-37dd3f194364aaa3516834acc81f1f3d method=POST path=/lingxi/v1/sessions/sess_local_alpha/execute status=200
2026-09-28T15:14:11.161034Z  INFO lingxi_service::sessions: run committed and published (post-commit) run_id=run_000001a0e894a658_000545 session_id=sess_local_alpha events=run_000001a0e894a658_000545-done input_chars=22
2026-09-28T15:14:11.161195Z  INFO lingxi_service: request handled request_id=req-a65fbe81b5f198e6d48722bdc1ac154b method=POST path=/lingxi/v1/sessions/sess_local_alpha/execute status=200
2026-09-28T15:14:11.161853Z  INFO lingxi_service::sessions: run committed and published (post-commit) run_id=run_000001a0e894a659_000546 session_id=sess_local_alpha events=run_000001a0e894a659_000546-done input_chars=22
2026-09-28T15:14:11.162004Z  INFO lingxi_service: request handled request_id=req-6e9bb3ab5f80c3edb0efa7f695aeb64c method=POST path=/lingxi/v1/sessions/sess_local_alpha/execute status=200
2026-09-28T15:14:11.162648Z  INFO lingxi_service::sessions: run committed and published (post-commit) run_id=run_000001a0e894a65a_000547 session_id=sess_local_alpha events=run_000001a0e894a65a_000547-done input_chars=22
2026-09-28T15:14:11.162804Z  INFO lingxi_service: request handled request_id=req-f43a65966e6871e6b7b0fe649ee21537 method=POST path=/lingxi/v1/sessions/sess_local_alpha/execute status=200
2026-09-28T15:14:11.163423Z  INFO lingxi_service::sessions: run committed and published (post-commit) run_id=run_000001a0e894a65b_000548 session_id=sess_local_alpha events=run_000001a0e894a65b_000548-done input_chars=22
2026-09-28T15:14:11.163574Z  INFO lingxi_service: request handled request_id=req-50c2dea58b1e16e164cfe81d0a51fee5 method=POST path=/lingxi/v1/sessions/sess_local_alpha/execute status=200
2026-09-28T15:14:11.164219Z  INFO lingxi_service::sessions: run committed and published (post-commit) run_id=run_000001a0e894a65b_000549 session_id=sess_local_alpha events=run_000001a0e894a65b_000549-done input_chars=22
2026-09-28T15:14:11.164374Z  INFO lingxi_service: request handled request_id=req-8fb54725f060fcc04804dc2df5f85fbb method=POST path=/lingxi/v1/sessions/sess_local_alpha/execute status=200
2026-09-28T15:14:11.165006Z  INFO lingxi_service::sessions: run committed and published (post-commit) run_id=run_000001a0e894a65c_00054a session_id=sess_local_alpha events=run_000001a0e894a65c_00054a-done input_chars=22
2026-09-28T15:14:11.165155Z  INFO lingxi_service: request handled request_id=req-a97e61e59d855ced40249844606ca557 method=POST path=/lingxi/v1/sessions/sess_local_alpha/execute status=200
2026-09-28T15:14:11.165862Z  INFO lingxi_service::sessions: run committed and published (post-commit) run_id=run_000001a0e894a65d_00054b session_id=sess_local_alpha events=run_000001a0e894a65d_00054b-done input_chars=22
2026-09-28T15:14:11.166021Z  INFO lingxi_service: request handled request_id=req-a7ba82968567be91998437ce92c37d6c method=POST path=/lingxi/v1/sessions/sess_local_alpha/execute status=200
2026-09-28T15:14:11.166719Z  INFO lingxi_service::sessions: run committed and published (post-commit) run_id=run_000001a0e894a65e_00054c session_id=sess_local_alpha events=run_000001a0e894a65e_00054c-done input_chars=22
2026-09-28T15:14:11.166935Z  INFO lingxi_service: request handled request_id=req-7d09c8edb71ffc1fab04c42efccdb78e method=POST path=/lingxi/v1/sessions/sess_local_alpha/execute status=200
2026-09-28T15:14:11.167845Z  INFO lingxi_service::sessions: run committed and published (post-commit) run_id=run_000001a0e894a65f_00054d session_id=sess_local_alpha events=run_000001a0e894a65f_00054d-done input_chars=22
2026-09-28T15:14:11.168043Z  INFO lingxi_service: request handled request_id=req-4264ff59d70487320f5e6133db71fe5c method=POST path=/lingxi/v1/sessions/sess_local_alpha/execute status=200
2026-09-28T15:14:11.169028Z  INFO lingxi_service::sessions: run committed and published (post-commit) run_id=run_000001a0e894a660_00054e session_id=sess_local_alpha events=run_000001a0e894a660_00054e-done input_chars=22
2026-09-28T15:14:11.169208Z  INFO lingxi_service: request handled request_id=req-1e8a38e43d974fc008c3c48f73da1780 method=POST path=/lingxi/v1/sessions/sess_local_alpha/execute status=200
2026-09-28T15:14:11.170086Z  INFO lingxi_service::sessions: run committed and published (post-commit) run_id=run_000001a0e894a661_00054f session_id=sess_local_alpha events=run_000001a0e894a661_00054f-done input_chars=22
2026-09-28T15:14:11.170274Z  INFO lingxi_service: request handled request_id=req-26975f163f16f45ec6e381fe60469279 method=POST path=/lingxi/v1/sessions/sess_local_alpha/execute status=200
2026-09-28T15:14:11.170994Z  INFO lingxi_service::sessions: run committed and published (post-commit) run_id=run_000001a0e894a662_000550 session_id=sess_local_alpha events=run_000001a0e894a662_000550-done input_chars=22
2026-09-28T15:14:11.171146Z  INFO lingxi_service: request handled request_id=req-ef68b696c4c7af077bd7fe18e0489612 method=POST path=/lingxi/v1/sessions/sess_local_alpha/execute status=200
2026-09-28T15:14:11.171750Z  INFO lingxi_service::sessions: run committed and published (post-commit) run_id=run_000001a0e894a663_000551 session_id=sess_local_alpha events=run_000001a0e894a663_000551-done input_chars=22
2026-09-28T15:14:11.171910Z  INFO lingxi_service: request handled request_id=req-68b898c9a4896178905fe6fc5277c501 method=POST path=/lingxi/v1/sessions/sess_local_alpha/execute status=200
2026-09-28T15:14:11.172554Z  INFO lingxi_service::sessions: run committed and published (post-commit) run_id=run_000001a0e894a664_000552 session_id=sess_local_alpha events=run_000001a0e894a664_000552-done input_chars=22
2026-09-28T15:14:11.172710Z  INFO lingxi_service: request handled request_id=req-bea95f9188026c59277075569bb3f589 method=POST path=/lingxi/v1/sessions/sess_local_alpha/execute status=200
2026-09-28T15:14:11.173671Z  INFO lingxi_service::sessions: run committed and published (post-commit) run_id=run_000001a0e894a665_000553 session_id=sess_local_alpha events=run_000001a0e894a665_000553-done input_chars=22
2026-09-28T15:14:11.173850Z  INFO lingxi_service: request handled request_id=req-a3f4273fc5c5675b65ef23dfb5ecd245 method=POST path=/lingxi/v1/sessions/sess_local_alpha/execute status=200
2026-09-28T15:14:11.174547Z  INFO lingxi_service::sessions: run committed and published (post-commit) run_id=run_000001a0e894a666_000554 session_id=sess_local_alpha events=run_000001a0e894a666_000554-done input_chars=22
2026-09-28T15:14:11.174710Z  INFO lingxi_service: request handled request_id=req-e7e02c1052a70a9f8dc4e034561a267b method=POST path=/lingxi/v1/sessions/sess_local_alpha/execute status=200
2026-09-28T15:14:11.175381Z  INFO lingxi_service::sessions: run committed and published (post-commit) run_id=run_000001a0e894a666_000555 session_id=sess_local_alpha events=run_000001a0e894a666_000555-done input_chars=22
2026-09-28T15:14:11.175546Z  INFO lingxi_service: request handled request_id=req-2f5f328c4599935b160107ae1981dd1c method=POST path=/lingxi/v1/sessions/sess_local_alpha/execute status=200
2026-09-28T15:14:11.176302Z  INFO lingxi_service::sessions: run committed and published (post-commit) run_id=run_000001a0e894a667_000556 session_id=sess_local_alpha events=run_000001a0e894a667_000556-done input_chars=22
2026-09-28T15:14:11.176466Z  INFO lingxi_service: request handled request_id=req-3730f4b265dda07a6a2e0bd05464e096 method=POST path=/lingxi/v1/sessions/sess_local_alpha/execute status=200
2026-09-28T15:14:11.177412Z  INFO lingxi_service::sessions: run committed and published (post-commit) run_id=run_000001a0e894a668_000557 session_id=sess_local_alpha events=run_000001a0e894a668_000557-done input_chars=22
2026-09-28T15:14:11.177641Z  INFO lingxi_service: request handled request_id=req-417af8c445a20f08ac5ca984ea641e17 method=POST path=/lingxi/v1/sessions/sess_local_alpha/execute status=200
2026-09-28T15:14:11.178533Z  INFO lingxi_service::sessions: run committed and published (post-commit) run_id=run_000001a0e894a66a_000558 session_id=sess_local_alpha events=run_000001a0e894a66a_000558-done input_chars=22
2026-09-28T15:14:11.178727Z  INFO lingxi_service: request handled request_id=req-1edd2af662ed0b4ac49cccce5190ad4e method=POST path=/lingxi/v1/sessions/sess_local_alpha/execute status=200
2026-09-28T15:14:11.179711Z  INFO lingxi_service::sessions: run committed and published (post-commit) run_id=run_000001a0e894a66b_000559 session_id=sess_local_alpha events=run_000001a0e894a66b_000559-done input_chars=22
2026-09-28T15:14:11.179931Z  INFO lingxi_service: request handled request_id=req-3964e161510f9b971cc40b16f001259f method=POST path=/lingxi/v1/sessions/sess_local_alpha/execute status=200
2026-09-28T15:14:11.180785Z  INFO lingxi_service::sessions: run committed and published (post-commit) run_id=run_000001a0e894a66c_00055a session_id=sess_local_alpha events=run_000001a0e894a66c_00055a-done input_chars=22
2026-09-28T15:14:11.180951Z  INFO lingxi_service: request handled request_id=req-1413e57594310b841ed210a1d85a74b1 method=POST path=/lingxi/v1/sessions/sess_local_alpha/execute status=200
2026-09-28T15:14:11.181780Z  INFO lingxi_service::sessions: run committed and published (post-commit) run_id=run_000001a0e894a66d_00055b session_id=sess_local_alpha events=run_000001a0e894a66d_00055b-done input_chars=22
2026-09-28T15:14:11.181959Z  INFO lingxi_service: request handled request_id=req-e38af7dd04dac285bbdd0e3ee15b5ff0 method=POST path=/lingxi/v1/sessions/sess_local_alpha/execute status=200
2026-09-28T15:14:11.182727Z  INFO lingxi_service::sessions: run committed and published (post-commit) run_id=run_000001a0e894a66e_00055c session_id=sess_local_alpha events=run_000001a0e894a66e_00055c-done input_chars=22
2026-09-28T15:14:11.182916Z  INFO lingxi_service: request handled request_id=req-c2bcec13da42d710739b8be6918b23c6 method=POST path=/lingxi/v1/sessions/sess_local_alpha/execute status=200
2026-09-28T15:14:11.183707Z  INFO lingxi_service::sessions: run committed and published (post-commit) run_id=run_000001a0e894a66f_00055d session_id=sess_local_alpha events=run_000001a0e894a66f_00055d-done input_chars=22
2026-09-28T15:14:11.183877Z  INFO lingxi_service: request handled request_id=req-3fa852b19613573ba3e32aa57ddc4519 method=POST path=/lingxi/v1/sessions/sess_local_alpha/execute status=200
2026-09-28T15:14:11.184515Z  INFO lingxi_service::sessions: run committed and published (post-commit) run_id=run_000001a0e894a670_00055e session_id=sess_local_alpha events=run_000001a0e894a670_00055e-done input_chars=22
2026-09-28T15:14:11.184676Z  INFO lingxi_service: request handled request_id=req-6fe10a32bd7a9f8515bc12ce761e521f method=POST path=/lingxi/v1/sessions/sess_local_alpha/execute status=200
2026-09-28T15:14:11.185305Z  INFO lingxi_service::sessions: run committed and published (post-commit) run_id=run_000001a0e894a670_00055f session_id=sess_local_alpha events=run_000001a0e894a670_00055f-done input_chars=22
2026-09-28T15:14:11.185463Z  INFO lingxi_service: request handled request_id=req-ee41b8d3dcee5e368c9f4d913d5525dd method=POST path=/lingxi/v1/sessions/sess_local_alpha/execute status=200
2026-09-28T15:14:11.186200Z  INFO lingxi_service::sessions: run committed and published (post-commit) run_id=run_000001a0e894a671_000560 session_id=sess_local_alpha events=run_000001a0e894a671_000560-done input_chars=22
2026-09-28T15:14:11.186378Z  INFO lingxi_service: request handled request_id=req-1e9fe4f37561a7b8a437b9fc1d4de93f method=POST path=/lingxi/v1/sessions/sess_local_alpha/execute status=200
2026-09-28T15:14:11.187376Z  INFO lingxi_service::sessions: run committed and published (post-commit) run_id=run_000001a0e894a672_000561 session_id=sess_local_alpha events=run_000001a0e894a672_000561-done input_chars=22
2026-09-28T15:14:11.187586Z  INFO lingxi_service: request handled request_id=req-b859ba4e9efc1ec0b1626a8383aa843d method=POST path=/lingxi/v1/sessions/sess_local_alpha/execute status=200
2026-09-28T15:14:11.188598Z  INFO lingxi_service::sessions: run committed and published (post-commit) run_id=run_000001a0e894a674_000562 session_id=sess_local_alpha events=run_000001a0e894a674_000562-done input_chars=22
2026-09-28T15:14:11.188818Z  INFO lingxi_service: request handled request_id=req-c5a32025e232eefa34c79c772d7adb8e method=POST path=/lingxi/v1/sessions/sess_local_alpha/execute status=200
2026-09-28T15:14:11.189913Z  INFO lingxi_service::sessions: run committed and published (post-commit) run_id=run_000001a0e894a675_000563 session_id=sess_local_alpha events=run_000001a0e894a675_000563-done input_chars=22
2026-09-28T15:14:11.190104Z  INFO lingxi_service: request handled request_id=req-94bbd7624a47764ea119b2011f850ca6 method=POST path=/lingxi/v1/sessions/sess_local_alpha/execute status=200
2026-09-28T15:14:11.190889Z  INFO lingxi_service::sessions: run committed and published (post-commit) run_id=run_000001a0e894a676_000564 session_id=sess_local_alpha events=run_000001a0e894a676_000564-done input_chars=22
2026-09-28T15:14:11.191058Z  INFO lingxi_service: request handled request_id=req-4d58ebc0bfc8294ff2475ef75ffc6056 method=POST path=/lingxi/v1/sessions/sess_local_alpha/execute status=200
2026-09-28T15:14:11.191765Z  INFO lingxi_service::sessions: run committed and published (post-commit) run_id=run_000001a0e894a677_000565 session_id=sess_local_alpha events=run_000001a0e894a677_000565-done input_chars=22
2026-09-28T15:14:11.191930Z  INFO lingxi_service: request handled request_id=req-63df8ab6e7a9a877236d46f4992d28db method=POST path=/lingxi/v1/sessions/sess_local_alpha/execute status=200
2026-09-28T15:14:11.193212Z  INFO lingxi_service::sessions: run committed and published (post-commit) run_id=run_000001a0e894a678_000566 session_id=sess_local_alpha events=run_000001a0e894a678_000566-done input_chars=22
2026-09-28T15:14:11.193412Z  INFO lingxi_service: request handled request_id=req-e54af4e7dfa4240501c4e61233f02ef4 method=POST path=/lingxi/v1/sessions/sess_local_alpha/execute status=200
2026-09-28T15:14:11.194230Z  INFO lingxi_service::sessions: run committed and published (post-commit) run_id=run_000001a0e894a679_000567 session_id=sess_local_alpha events=run_000001a0e894a679_000567-done input_chars=22
2026-09-28T15:14:11.194394Z  INFO lingxi_service: request handled request_id=req-347c4e14d847e1e78ebcb528ed7db21d method=POST path=/lingxi/v1/sessions/sess_local_alpha/execute status=200
2026-09-28T15:14:11.195073Z  INFO lingxi_service::sessions: run committed and published (post-commit) run_id=run_000001a0e894a67a_000568 session_id=sess_local_alpha events=run_000001a0e894a67a_000568-done input_chars=22
2026-09-28T15:14:11.195246Z  INFO lingxi_service: request handled request_id=req-cd396d301c617d311f4e025b6db67c29 method=POST path=/lingxi/v1/sessions/sess_local_alpha/execute status=200
2026-09-28T15:14:11.195971Z  INFO lingxi_service::sessions: run committed and published (post-commit) run_id=run_000001a0e894a67b_000569 session_id=sess_local_alpha events=run_000001a0e894a67b_000569-done input_chars=22
2026-09-28T15:14:11.196151Z  INFO lingxi_service: request handled request_id=req-5b6b6d5d35df254362568120ad5b6133 method=POST path=/lingxi/v1/sessions/sess_local_alpha/execute status=200
2026-09-28T15:14:11.197149Z  INFO lingxi_service::sessions: run committed and published (post-commit) run_id=run_000001a0e894a67c_00056a session_id=sess_local_alpha events=run_000001a0e894a67c_00056a-done input_chars=22
2026-09-28T15:14:11.197381Z  INFO lingxi_service: request handled request_id=req-94e758d1ef31afc122d798c6259f37e8 method=POST path=/lingxi/v1/sessions/sess_local_alpha/execute status=200
2026-09-28T15:14:11.198371Z  INFO lingxi_service::sessions: run committed and published (post-commit) run_id=run_000001a0e894a67d_00056b session_id=sess_local_alpha events=run_000001a0e894a67d_00056b-done input_chars=22
2026-09-28T15:14:11.198578Z  INFO lingxi_service: request handled request_id=req-4a0558caa82d2145aa92a39138434cd3 method=POST path=/lingxi/v1/sessions/sess_local_alpha/execute status=200
2026-09-28T15:14:11.199571Z  INFO lingxi_service::sessions: run committed and published (post-commit) run_id=run_000001a0e894a67f_00056c session_id=sess_local_alpha events=run_000001a0e894a67f_00056c-done input_chars=22
2026-09-28T15:14:11.199808Z  INFO lingxi_service: request handled request_id=req-bfd7c52a637c64730381dc890799a1ca method=POST path=/lingxi/v1/sessions/sess_local_alpha/execute status=200
2026-09-28T15:14:11.200701Z  INFO lingxi_service::sessions: run committed and published (post-commit) run_id=run_000001a0e894a680_00056d session_id=sess_local_alpha events=run_000001a0e894a680_00056d-done input_chars=22
2026-09-28T15:14:11.200874Z  INFO lingxi_service: request handled request_id=req-53c7384a30f66393186c4546b9bbc317 method=POST path=/lingxi/v1/sessions/sess_local_alpha/execute status=200
2026-09-28T15:14:11.201703Z  INFO lingxi_service::sessions: run committed and published (post-commit) run_id=run_000001a0e894a681_00056e session_id=sess_local_alpha events=run_000001a0e894a681_00056e-done input_chars=22
2026-09-28T15:14:11.201878Z  INFO lingxi_service: request handled request_id=req-6f9ddc286d24dbfbde9b5c968b3459ad method=POST path=/lingxi/v1/sessions/sess_local_alpha/execute status=200
2026-09-28T15:14:11.202677Z  INFO lingxi_service::sessions: run committed and published (post-commit) run_id=run_000001a0e894a682_00056f session_id=sess_local_alpha events=run_000001a0e894a682_00056f-done input_chars=22
2026-09-28T15:14:11.202902Z  INFO lingxi_service: request handled request_id=req-9685ba1cb37a0f5e4627e975ec58ebcd method=POST path=/lingxi/v1/sessions/sess_local_alpha/execute status=200
2026-09-28T15:14:11.203881Z  INFO lingxi_service::sessions: run committed and published (post-commit) run_id=run_000001a0e894a683_000570 session_id=sess_local_alpha events=run_000001a0e894a683_000570-done input_chars=22
2026-09-28T15:14:11.204075Z  INFO lingxi_service: request handled request_id=req-84a6f380151d154ae4b759661907052d method=POST path=/lingxi/v1/sessions/sess_local_alpha/execute status=200
2026-09-28T15:14:11.204862Z  INFO lingxi_service::sessions: run committed and published (post-commit) run_id=run_000001a0e894a684_000571 session_id=sess_local_alpha events=run_000001a0e894a684_000571-done input_chars=22
2026-09-28T15:14:11.205027Z  INFO lingxi_service: request handled request_id=req-e4744fb826f715e093d0f54b1a555604 method=POST path=/lingxi/v1/sessions/sess_local_alpha/execute status=200
2026-09-28T15:14:11.205836Z  INFO lingxi_service::sessions: run committed and published (post-commit) run_id=run_000001a0e894a685_000572 session_id=sess_local_alpha events=run_000001a0e894a685_000572-done input_chars=22
2026-09-28T15:14:11.206006Z  INFO lingxi_service: request handled request_id=req-5a2c2755e95cb8b26da62cff129c655a method=POST path=/lingxi/v1/sessions/sess_local_alpha/execute status=200
2026-09-28T15:14:11.207092Z  INFO lingxi_service::sessions: run committed and published (post-commit) run_id=run_000001a0e894a686_000573 session_id=sess_local_alpha events=run_000001a0e894a686_000573-done input_chars=22
2026-09-28T15:14:11.207334Z  INFO lingxi_service: request handled request_id=req-dfda377bac6a18dfebd6327188a19897 method=POST path=/lingxi/v1/sessions/sess_local_alpha/execute status=200
2026-09-28T15:14:11.208407Z  INFO lingxi_service::sessions: run committed and published (post-commit) run_id=run_000001a0e894a687_000574 session_id=sess_local_alpha events=run_000001a0e894a687_000574-done input_chars=22
2026-09-28T15:14:11.208642Z  INFO lingxi_service: request handled request_id=req-458cdb42712723da349aa2835ce7b041 method=POST path=/lingxi/v1/sessions/sess_local_alpha/execute status=200
2026-09-28T15:14:11.209556Z  INFO lingxi_service::sessions: run committed and published (post-commit) run_id=run_000001a0e894a689_000575 session_id=sess_local_alpha events=run_000001a0e894a689_000575-done input_chars=22
2026-09-28T15:14:11.209797Z  INFO lingxi_service: request handled request_id=req-8c33bcc6aa2e7cdabc289546692089ce method=POST path=/lingxi/v1/sessions/sess_local_alpha/execute status=200
2026-09-28T15:14:11.210710Z  INFO lingxi_service::sessions: run committed and published (post-commit) run_id=run_000001a0e894a68a_000576 session_id=sess_local_alpha events=run_000001a0e894a68a_000576-done input_chars=22
2026-09-28T15:14:11.210903Z  INFO lingxi_service: request handled request_id=req-768f9a11e4570e1513d642ceca36e2c0 method=POST path=/lingxi/v1/sessions/sess_local_alpha/execute status=200
2026-09-28T15:14:11.211772Z  INFO lingxi_service::sessions: run committed and published (post-commit) run_id=run_000001a0e894a68b_000577 session_id=sess_local_alpha events=run_000001a0e894a68b_000577-done input_chars=22
2026-09-28T15:14:11.211947Z  INFO lingxi_service: request handled request_id=req-ff905b09421ee6444b3a12a9aad2d010 method=POST path=/lingxi/v1/sessions/sess_local_alpha/execute status=200
2026-09-28T15:14:11.212976Z  INFO lingxi_service::sessions: run committed and published (post-commit) run_id=run_000001a0e894a68c_000578 session_id=sess_local_alpha events=run_000001a0e894a68c_000578-done input_chars=22
2026-09-28T15:14:11.213217Z  INFO lingxi_service: request handled request_id=req-6fab5638d194816d11f46da259fd6bc8 method=POST path=/lingxi/v1/sessions/sess_local_alpha/execute status=200
2026-09-28T15:14:11.214197Z  INFO lingxi_service::sessions: run committed and published (post-commit) run_id=run_000001a0e894a68d_000579 session_id=sess_local_alpha events=run_000001a0e894a68d_000579-done input_chars=22
2026-09-28T15:14:11.214384Z  INFO lingxi_service: request handled request_id=req-7dbe4df6d2c044c11716a66359c17d59 method=POST path=/lingxi/v1/sessions/sess_local_alpha/execute status=200
2026-09-28T15:14:11.215232Z  INFO lingxi_service::sessions: run committed and published (post-commit) run_id=run_000001a0e894a68e_00057a session_id=sess_local_alpha events=run_000001a0e894a68e_00057a-done input_chars=22
2026-09-28T15:14:11.215403Z  INFO lingxi_service: request handled request_id=req-fd88032f6a14aac7bb5d2bdcf89d54a6 method=POST path=/lingxi/v1/sessions/sess_local_alpha/execute status=200
2026-09-28T15:14:11.216358Z  INFO lingxi_service::sessions: run committed and published (post-commit) run_id=run_000001a0e894a68f_00057b session_id=sess_local_alpha events=run_000001a0e894a68f_00057b-done input_chars=22
2026-09-28T15:14:11.216549Z  INFO lingxi_service: request handled request_id=req-574a846506951e2658063f45e83d271f method=POST path=/lingxi/v1/sessions/sess_local_alpha/execute status=200
2026-09-28T15:14:11.217602Z  INFO lingxi_service::sessions: run committed and published (post-commit) run_id=run_000001a0e894a691_00057c session_id=sess_local_alpha events=run_000001a0e894a691_00057c-done input_chars=22
2026-09-28T15:14:11.217882Z  INFO lingxi_service: request handled request_id=req-52392a6dc1c827e27d24920ec5110148 method=POST path=/lingxi/v1/sessions/sess_local_alpha/execute status=200
2026-09-28T15:14:11.218755Z  INFO lingxi_service::sessions: run committed and published (post-commit) run_id=run_000001a0e894a692_00057d session_id=sess_local_alpha events=run_000001a0e894a692_00057d-done input_chars=22
2026-09-28T15:14:11.218969Z  INFO lingxi_service: request handled request_id=req-6bce2cbe87ceee8badd44c3476b6b3b3 method=POST path=/lingxi/v1/sessions/sess_local_alpha/execute status=200
2026-09-28T15:14:11.219833Z  INFO lingxi_service::sessions: run committed and published (post-commit) run_id=run_000001a0e894a693_00057e session_id=sess_local_alpha events=run_000001a0e894a693_00057e-done input_chars=22
2026-09-28T15:14:11.220061Z  INFO lingxi_service: request handled request_id=req-7b7e3d4a6e6cc5a5e099ede0edce4b51 method=POST path=/lingxi/v1/sessions/sess_local_alpha/execute status=200
2026-09-28T15:14:11.220870Z  INFO lingxi_service::sessions: run committed and published (post-commit) run_id=run_000001a0e894a694_00057f session_id=sess_local_alpha events=run_000001a0e894a694_00057f-done input_chars=22
2026-09-28T15:14:11.221040Z  INFO lingxi_service: request handled request_id=req-71b0e76a315a3c71401bcf9358922237 method=POST path=/lingxi/v1/sessions/sess_local_alpha/execute status=200
2026-09-28T15:14:11.221799Z  INFO lingxi_service::sessions: run committed and published (post-commit) run_id=run_000001a0e894a695_000580 session_id=sess_local_alpha events=run_000001a0e894a695_000580-done input_chars=22
2026-09-28T15:14:11.221972Z  INFO lingxi_service: request handled request_id=req-c63618c5573b263df3f4c32d51628873 method=POST path=/lingxi/v1/sessions/sess_local_alpha/execute status=200
2026-09-28T15:14:11.222895Z  INFO lingxi_service::sessions: run committed and published (post-commit) run_id=run_000001a0e894a696_000581 session_id=sess_local_alpha events=run_000001a0e894a696_000581-done input_chars=22
2026-09-28T15:14:11.223135Z  INFO lingxi_service: request handled request_id=req-501544408cbd0925e2b0ce0b95f0ad11 method=POST path=/lingxi/v1/sessions/sess_local_alpha/execute status=200
2026-09-28T15:14:11.224055Z  INFO lingxi_service::sessions: run committed and published (post-commit) run_id=run_000001a0e894a697_000582 session_id=sess_local_alpha events=run_000001a0e894a697_000582-done input_chars=22
2026-09-28T15:14:11.224229Z  INFO lingxi_service: request handled request_id=req-f13dbc270d885e49d2b3e3c046947f10 method=POST path=/lingxi/v1/sessions/sess_local_alpha/execute status=200
2026-09-28T15:14:11.224972Z  INFO lingxi_service::sessions: run committed and published (post-commit) run_id=run_000001a0e894a698_000583 session_id=sess_local_alpha events=run_000001a0e894a698_000583-done input_chars=22
2026-09-28T15:14:11.225144Z  INFO lingxi_service: request handled request_id=req-d730da37136b6af0395ece6618bfc995 method=POST path=/lingxi/v1/sessions/sess_local_alpha/execute status=200
2026-09-28T15:14:11.225947Z  INFO lingxi_service::sessions: run committed and published (post-commit) run_id=run_000001a0e894a699_000584 session_id=sess_local_alpha events=run_000001a0e894a699_000584-done input_chars=22
2026-09-28T15:14:11.226158Z  INFO lingxi_service: request handled request_id=req-9f6d32101633fecb7dec4106dd17eaa9 method=POST path=/lingxi/v1/sessions/sess_local_alpha/execute status=200
2026-09-28T15:14:11.227263Z  INFO lingxi_service::sessions: run committed and published (post-commit) run_id=run_000001a0e894a69a_000585 session_id=sess_local_alpha events=run_000001a0e894a69a_000585-done input_chars=22
2026-09-28T15:14:11.227498Z  INFO lingxi_service: request handled request_id=req-a7bb72006ab3e5c3d30d08e921b392e8 method=POST path=/lingxi/v1/sessions/sess_local_alpha/execute status=200
2026-09-28T15:14:11.228645Z  INFO lingxi_service::sessions: run committed and published (post-commit) run_id=run_000001a0e894a69b_000586 session_id=sess_local_alpha events=run_000001a0e894a69b_000586-done input_chars=22
2026-09-28T15:14:11.228874Z  INFO lingxi_service: request handled request_id=req-61b2cb776f2258e8d57a7c3f918c7eeb method=POST path=/lingxi/v1/sessions/sess_local_alpha/execute status=200
2026-09-28T15:14:11.229948Z  INFO lingxi_service::sessions: run committed and published (post-commit) run_id=run_000001a0e894a69d_000587 session_id=sess_local_alpha events=run_000001a0e894a69d_000587-done input_chars=22
2026-09-28T15:14:11.230151Z  INFO lingxi_service: request handled request_id=req-91498df21d4fc28afb7112e53d57c4ac method=POST path=/lingxi/v1/sessions/sess_local_alpha/execute status=200
2026-09-28T15:14:11.231041Z  INFO lingxi_service::sessions: run committed and published (post-commit) run_id=run_000001a0e894a69e_000588 session_id=sess_local_alpha events=run_000001a0e894a69e_000588-done input_chars=22
2026-09-28T15:14:11.231216Z  INFO lingxi_service: request handled request_id=req-3275d6ad80514cf594279b582b4a4ab7 method=POST path=/lingxi/v1/sessions/sess_local_alpha/execute status=200
2026-09-28T15:14:11.232118Z  INFO lingxi_service::sessions: run committed and published (post-commit) run_id=run_000001a0e894a69f_000589 session_id=sess_local_alpha events=run_000001a0e894a69f_000589-done input_chars=22
2026-09-28T15:14:11.232325Z  INFO lingxi_service: request handled request_id=req-5d00cee2c25ddb72615e28a775e8772d method=POST path=/lingxi/v1/sessions/sess_local_alpha/execute status=200
2026-09-28T15:14:11.233274Z  INFO lingxi_service::sessions: run committed and published (post-commit) run_id=run_000001a0e894a6a0_00058a session_id=sess_local_alpha events=run_000001a0e894a6a0_00058a-done input_chars=22
2026-09-28T15:14:11.233501Z  INFO lingxi_service: request handled request_id=req-a4ad591299d2e5057c099534b254df0c method=POST path=/lingxi/v1/sessions/sess_local_alpha/execute status=200
2026-09-28T15:14:11.234445Z  INFO lingxi_service::sessions: run committed and published (post-commit) run_id=run_000001a0e894a6a1_00058b session_id=sess_local_alpha events=run_000001a0e894a6a1_00058b-done input_chars=22
2026-09-28T15:14:11.234619Z  INFO lingxi_service: request handled request_id=req-8375f0e6a89ada2a30d993ac3563d37e method=POST path=/lingxi/v1/sessions/sess_local_alpha/execute status=200
2026-09-28T15:14:11.235337Z  INFO lingxi_service::sessions: run committed and published (post-commit) run_id=run_000001a0e894a6a2_00058c session_id=sess_local_alpha events=run_000001a0e894a6a2_00058c-done input_chars=22
2026-09-28T15:14:11.235549Z  INFO lingxi_service: request handled request_id=req-3f533fe03a993517236b4441f6d8e6d5 method=POST path=/lingxi/v1/sessions/sess_local_alpha/execute status=200
2026-09-28T15:14:11.236465Z  INFO lingxi_service::sessions: run committed and published (post-commit) run_id=run_000001a0e894a6a3_00058d session_id=sess_local_alpha events=run_000001a0e894a6a3_00058d-done input_chars=22
2026-09-28T15:14:11.236679Z  INFO lingxi_service: request handled request_id=req-8397aa7af894d496a834ca804c58e892 method=POST path=/lingxi/v1/sessions/sess_local_alpha/execute status=200
2026-09-28T15:14:11.240068Z  INFO lingxi_service::sessions: run committed and published (post-commit) run_id=run_000001a0e894a6a7_00058e session_id=sess_local_alpha events=run_000001a0e894a6a7_00058e-done input_chars=22
2026-09-28T15:14:11.240314Z  INFO lingxi_service: request handled request_id=req-09e1c41fddd7e807b3b453bfd2da26c3 method=POST path=/lingxi/v1/sessions/sess_local_alpha/execute status=200
2026-09-28T15:14:11.241203Z  INFO lingxi_service::sessions: run committed and published (post-commit) run_id=run_000001a0e894a6a8_00058f session_id=sess_local_alpha events=run_000001a0e894a6a8_00058f-done input_chars=22
2026-09-28T15:14:11.241403Z  INFO lingxi_service: request handled request_id=req-4f5b1ce8fad3a9c34ba26589e4b0d559 method=POST path=/lingxi/v1/sessions/sess_local_alpha/execute status=200
2026-09-28T15:14:11.242286Z  INFO lingxi_service::sessions: run committed and published (post-commit) run_id=run_000001a0e894a6a9_000590 session_id=sess_local_alpha events=run_000001a0e894a6a9_000590-done input_chars=22
2026-09-28T15:14:11.242464Z  INFO lingxi_service: request handled request_id=req-0f5daa7783ecdbd0ccf48579614cea4e method=POST path=/lingxi/v1/sessions/sess_local_alpha/execute status=200
2026-09-28T15:14:11.243505Z  INFO lingxi_service::sessions: run committed and published (post-commit) run_id=run_000001a0e894a6aa_000591 session_id=sess_local_alpha events=run_000001a0e894a6aa_000591-done input_chars=22
2026-09-28T15:14:11.243723Z  INFO lingxi_service: request handled request_id=req-ce4136147a2f0a91a010d357bfd5a211 method=POST path=/lingxi/v1/sessions/sess_local_alpha/execute status=200
2026-09-28T15:14:11.244644Z  INFO lingxi_service::sessions: run committed and published (post-commit) run_id=run_000001a0e894a6ac_000592 session_id=sess_local_alpha events=run_000001a0e894a6ac_000592-done input_chars=22
2026-09-28T15:14:11.244826Z  INFO lingxi_service: request handled request_id=req-e0af72fb9b19fee0992aa854c400303c method=POST path=/lingxi/v1/sessions/sess_local_alpha/execute status=200
2026-09-28T15:14:11.245776Z  INFO lingxi_service::sessions: run committed and published (post-commit) run_id=run_000001a0e894a6ad_000593 session_id=sess_local_alpha events=run_000001a0e894a6ad_000593-done input_chars=22
2026-09-28T15:14:11.245965Z  INFO lingxi_service: request handled request_id=req-9111e5462dfde16f1cbdc8dd5d0e7c21 method=POST path=/lingxi/v1/sessions/sess_local_alpha/execute status=200
2026-09-28T15:14:11.246828Z  INFO lingxi_service::sessions: run committed and published (post-commit) run_id=run_000001a0e894a6ae_000594 session_id=sess_local_alpha events=run_000001a0e894a6ae_000594-done input_chars=22
2026-09-28T15:14:11.247062Z  INFO lingxi_service: request handled request_id=req-49d4e18c507cdb8820470e5c5cbca98e method=POST path=/lingxi/v1/sessions/sess_local_alpha/execute status=200
2026-09-28T15:14:11.247947Z  INFO lingxi_service::sessions: run committed and published (post-commit) run_id=run_000001a0e894a6af_000595 session_id=sess_local_alpha events=run_000001a0e894a6af_000595-done input_chars=22
2026-09-28T15:14:11.248156Z  INFO lingxi_service: request handled request_id=req-a20cf0695bab6de64ec597cf1c52d0ec method=POST path=/lingxi/v1/sessions/sess_local_alpha/execute status=200
2026-09-28T15:14:11.249344Z  INFO lingxi_service::sessions: run committed and published (post-commit) run_id=run_000001a0e894a6b0_000596 session_id=sess_local_alpha events=run_000001a0e894a6b0_000596-done input_chars=22
2026-09-28T15:14:11.249563Z  INFO lingxi_service: request handled request_id=req-db57b1d5a3bff5b87648eae16a8d067b method=POST path=/lingxi/v1/sessions/sess_local_alpha/execute status=200
2026-09-28T15:14:11.250447Z  INFO lingxi_service::sessions: run committed and published (post-commit) run_id=run_000001a0e894a6b1_000597 session_id=sess_local_alpha events=run_000001a0e894a6b1_000597-done input_chars=22
2026-09-28T15:14:11.250632Z  INFO lingxi_service: request handled request_id=req-4e1d536986a9d0a8d507b9eed3ec280b method=POST path=/lingxi/v1/sessions/sess_local_alpha/execute status=200
2026-09-28T15:14:11.251658Z  INFO lingxi_service::sessions: run committed and published (post-commit) run_id=run_000001a0e894a6b3_000598 session_id=sess_local_alpha events=run_000001a0e894a6b3_000598-done input_chars=22
2026-09-28T15:14:11.251864Z  INFO lingxi_service: request handled request_id=req-7eb635f48c86786f520c20ff62c709ac method=POST path=/lingxi/v1/sessions/sess_local_alpha/execute status=200
2026-09-28T15:14:11.252760Z  INFO lingxi_service::sessions: run committed and published (post-commit) run_id=run_000001a0e894a6b4_000599 session_id=sess_local_alpha events=run_000001a0e894a6b4_000599-done input_chars=22
2026-09-28T15:14:11.252941Z  INFO lingxi_service: request handled request_id=req-24d0b817d4950a4ea1838e6d724ecf6f method=POST path=/lingxi/v1/sessions/sess_local_alpha/execute status=200
2026-09-28T15:14:11.253738Z  INFO lingxi_service::sessions: run committed and published (post-commit) run_id=run_000001a0e894a6b5_00059a session_id=sess_local_alpha events=run_000001a0e894a6b5_00059a-done input_chars=22
2026-09-28T15:14:11.253902Z  INFO lingxi_service: request handled request_id=req-5b23e72f279d4fcc324db3d7849108dc method=POST path=/lingxi/v1/sessions/sess_local_alpha/execute status=200
2026-09-28T15:14:11.254592Z  INFO lingxi_service::sessions: run committed and published (post-commit) run_id=run_000001a0e894a6b6_00059b session_id=sess_local_alpha events=run_000001a0e894a6b6_00059b-done input_chars=22
2026-09-28T15:14:11.254750Z  INFO lingxi_service: request handled request_id=req-764306bf3e7073237218652c61417350 method=POST path=/lingxi/v1/sessions/sess_local_alpha/execute status=200
2026-09-28T15:14:11.255490Z  INFO lingxi_service::sessions: run committed and published (post-commit) run_id=run_000001a0e894a6b7_00059c session_id=sess_local_alpha events=run_000001a0e894a6b7_00059c-done input_chars=22
2026-09-28T15:14:11.255657Z  INFO lingxi_service: request handled request_id=req-a9f9e0f6ab5c4247c68a71a724cead1a method=POST path=/lingxi/v1/sessions/sess_local_alpha/execute status=200
2026-09-28T15:14:11.257026Z  INFO lingxi_service::sessions: run committed and published (post-commit) run_id=run_000001a0e894a6b7_00059d session_id=sess_local_alpha events=run_000001a0e894a6b7_00059d-done input_chars=22
2026-09-28T15:14:11.257266Z  INFO lingxi_service: request handled request_id=req-ddc69d0b19c910d51c12d73a4b43283d method=POST path=/lingxi/v1/sessions/sess_local_alpha/execute status=200
2026-09-28T15:14:11.258285Z  INFO lingxi_service::sessions: run committed and published (post-commit) run_id=run_000001a0e894a6b9_00059e session_id=sess_local_alpha events=run_000001a0e894a6b9_00059e-done input_chars=22
2026-09-28T15:14:11.258496Z  INFO lingxi_service: request handled request_id=req-aa15296a223872a921d65f24ce59cc15 method=POST path=/lingxi/v1/sessions/sess_local_alpha/execute status=200
2026-09-28T15:14:11.259563Z  INFO lingxi_service::sessions: run committed and published (post-commit) run_id=run_000001a0e894a6ba_00059f session_id=sess_local_alpha events=run_000001a0e894a6ba_00059f-done input_chars=22
2026-09-28T15:14:11.259807Z  INFO lingxi_service: request handled request_id=req-b98be1f639fa2297e9860a786a689028 method=POST path=/lingxi/v1/sessions/sess_local_alpha/execute status=200
2026-09-28T15:14:11.260744Z  INFO lingxi_service::sessions: run committed and published (post-commit) run_id=run_000001a0e894a6bc_0005a0 session_id=sess_local_alpha events=run_000001a0e894a6bc_0005a0-done input_chars=22
2026-09-28T15:14:11.260932Z  INFO lingxi_service: request handled request_id=req-2d80a4f8743df1dd8489a6551bbc3a63 method=POST path=/lingxi/v1/sessions/sess_local_alpha/execute status=200
2026-09-28T15:14:11.261612Z  INFO lingxi_service::sessions: run committed and published (post-commit) run_id=run_000001a0e894a6bd_0005a1 session_id=sess_local_alpha events=run_000001a0e894a6bd_0005a1-done input_chars=22
2026-09-28T15:14:11.261791Z  INFO lingxi_service: request handled request_id=req-c1fd3550a961bafd34206fb2816a8edd method=POST path=/lingxi/v1/sessions/sess_local_alpha/execute status=200
2026-09-28T15:14:11.262827Z  INFO lingxi_service::sessions: run committed and published (post-commit) run_id=run_000001a0e894a6be_0005a2 session_id=sess_local_alpha events=run_000001a0e894a6be_0005a2-done input_chars=22
2026-09-28T15:14:11.263030Z  INFO lingxi_service: request handled request_id=req-efc6ebbbc85a9f7caa870ffbe220ab04 method=POST path=/lingxi/v1/sessions/sess_local_alpha/execute status=200
2026-09-28T15:14:11.263955Z  INFO lingxi_service::sessions: run committed and published (post-commit) run_id=run_000001a0e894a6bf_0005a3 session_id=sess_local_alpha events=run_000001a0e894a6bf_0005a3-done input_chars=22
2026-09-28T15:14:11.264134Z  INFO lingxi_service: request handled request_id=req-6c713c041c0cf328c06c79a0f73e0440 method=POST path=/lingxi/v1/sessions/sess_local_alpha/execute status=200
2026-09-28T15:14:11.264956Z  INFO lingxi_service::sessions: run committed and published (post-commit) run_id=run_000001a0e894a6c0_0005a4 session_id=sess_local_alpha events=run_000001a0e894a6c0_0005a4-done input_chars=22
2026-09-28T15:14:11.265120Z  INFO lingxi_service: request handled request_id=req-af6660977a1e194c3a3abac8f6130119 method=POST path=/lingxi/v1/sessions/sess_local_alpha/execute status=200
2026-09-28T15:14:11.265771Z  INFO lingxi_service::sessions: run committed and published (post-commit) run_id=run_000001a0e894a6c1_0005a5 session_id=sess_local_alpha events=run_000001a0e894a6c1_0005a5-done input_chars=22
2026-09-28T15:14:11.265937Z  INFO lingxi_service: request handled request_id=req-b611dbe21cdbf724a9af0b88e64dbd6a method=POST path=/lingxi/v1/sessions/sess_local_alpha/execute status=200
2026-09-28T15:14:11.266783Z  INFO lingxi_service::sessions: run committed and published (post-commit) run_id=run_000001a0e894a6c2_0005a6 session_id=sess_local_alpha events=run_000001a0e894a6c2_0005a6-done input_chars=22
2026-09-28T15:14:11.267041Z  INFO lingxi_service: request handled request_id=req-c955a76053e63226b0f57f9629ea6dc5 method=POST path=/lingxi/v1/sessions/sess_local_alpha/execute status=200
2026-09-28T15:14:11.267982Z  INFO lingxi_service::sessions: run committed and published (post-commit) run_id=run_000001a0e894a6c3_0005a7 session_id=sess_local_alpha events=run_000001a0e894a6c3_0005a7-done input_chars=22
2026-09-28T15:14:11.268189Z  INFO lingxi_service: request handled request_id=req-70b558abefb35c899bf0b0e64cd91144 method=POST path=/lingxi/v1/sessions/sess_local_alpha/execute status=200
2026-09-28T15:14:11.269188Z  INFO lingxi_service::sessions: run committed and published (post-commit) run_id=run_000001a0e894a6c4_0005a8 session_id=sess_local_alpha events=run_000001a0e894a6c4_0005a8-done input_chars=22
2026-09-28T15:14:11.269419Z  INFO lingxi_service: request handled request_id=req-7bd023cc6431cfc328790c78570293cf method=POST path=/lingxi/v1/sessions/sess_local_alpha/execute status=200
2026-09-28T15:14:11.270345Z  INFO lingxi_service::sessions: run committed and published (post-commit) run_id=run_000001a0e894a6c5_0005a9 session_id=sess_local_alpha events=run_000001a0e894a6c5_0005a9-done input_chars=22
2026-09-28T15:14:11.270528Z  INFO lingxi_service: request handled request_id=req-fdf9f84b4403d396f4e95195ebbfa4f9 method=POST path=/lingxi/v1/sessions/sess_local_alpha/execute status=200
2026-09-28T15:14:11.271378Z  INFO lingxi_service::sessions: run committed and published (post-commit) run_id=run_000001a0e894a6c6_0005aa session_id=sess_local_alpha events=run_000001a0e894a6c6_0005aa-done input_chars=22
2026-09-28T15:14:11.271598Z  INFO lingxi_service: request handled request_id=req-d508ebc38c5bdb4ff7d903456bddfbe2 method=POST path=/lingxi/v1/sessions/sess_local_alpha/execute status=200
2026-09-28T15:14:11.272452Z  INFO lingxi_service::sessions: run committed and published (post-commit) run_id=run_000001a0e894a6c7_0005ab session_id=sess_local_alpha events=run_000001a0e894a6c7_0005ab-done input_chars=22
2026-09-28T15:14:11.272684Z  INFO lingxi_service: request handled request_id=req-f29d8ace81749c8317dbd9562cc37191 method=POST path=/lingxi/v1/sessions/sess_local_alpha/execute status=200
2026-09-28T15:14:11.273605Z  INFO lingxi_service::sessions: run committed and published (post-commit) run_id=run_000001a0e894a6c9_0005ac session_id=sess_local_alpha events=run_000001a0e894a6c9_0005ac-done input_chars=22
2026-09-28T15:14:11.273791Z  INFO lingxi_service: request handled request_id=req-489d057f49ea7a579a8bed9ac6a6ff62 method=POST path=/lingxi/v1/sessions/sess_local_alpha/execute status=200
2026-09-28T15:14:11.274624Z  INFO lingxi_service::sessions: run committed and published (post-commit) run_id=run_000001a0e894a6ca_0005ad session_id=sess_local_alpha events=run_000001a0e894a6ca_0005ad-done input_chars=22
2026-09-28T15:14:11.274848Z  INFO lingxi_service: request handled request_id=req-59a5d144056d6f1c5d3bce53c312c8e3 method=POST path=/lingxi/v1/sessions/sess_local_alpha/execute status=200
2026-09-28T15:14:11.275671Z  INFO lingxi_service::sessions: run committed and published (post-commit) run_id=run_000001a0e894a6cb_0005ae session_id=sess_local_alpha events=run_000001a0e894a6cb_0005ae-done input_chars=22
2026-09-28T15:14:11.275909Z  INFO lingxi_service: request handled request_id=req-e4bf75d306356589006243fec1dbf3ed method=POST path=/lingxi/v1/sessions/sess_local_alpha/execute status=200
2026-09-28T15:14:11.276916Z  INFO lingxi_service::sessions: run committed and published (post-commit) run_id=run_000001a0e894a6cc_0005af session_id=sess_local_alpha events=run_000001a0e894a6cc_0005af-done input_chars=22
2026-09-28T15:14:11.277109Z  INFO lingxi_service: request handled request_id=req-b92bea323262bd0aade50148a1031d81 method=POST path=/lingxi/v1/sessions/sess_local_alpha/execute status=200
2026-09-28T15:14:11.278083Z  INFO lingxi_service::sessions: run committed and published (post-commit) run_id=run_000001a0e894a6cd_0005b0 session_id=sess_local_alpha events=run_000001a0e894a6cd_0005b0-done input_chars=22
2026-09-28T15:14:11.278294Z  INFO lingxi_service: request handled request_id=req-36444e9739cf92195efaab5d2f44ef5f method=POST path=/lingxi/v1/sessions/sess_local_alpha/execute status=200
2026-09-28T15:14:11.279351Z  INFO lingxi_service::sessions: run committed and published (post-commit) run_id=run_000001a0e894a6ce_0005b1 session_id=sess_local_alpha events=run_000001a0e894a6ce_0005b1-done input_chars=22
2026-09-28T15:14:11.279694Z  INFO lingxi_service: request handled request_id=req-df34d86b45124375c6bf2db7446065af method=POST path=/lingxi/v1/sessions/sess_local_alpha/execute status=200
2026-09-28T15:14:11.280688Z  INFO lingxi_service::sessions: run committed and published (post-commit) run_id=run_000001a0e894a6d0_0005b2 session_id=sess_local_alpha events=run_000001a0e894a6d0_0005b2-done input_chars=22
2026-09-28T15:14:11.280887Z  INFO lingxi_service: request handled request_id=req-63cb86189758862d9d14756200bf202d method=POST path=/lingxi/v1/sessions/sess_local_alpha/execute status=200
2026-09-28T15:14:11.281663Z  INFO lingxi_service::sessions: run committed and published (post-commit) run_id=run_000001a0e894a6d1_0005b3 session_id=sess_local_alpha events=run_000001a0e894a6d1_0005b3-done input_chars=22
2026-09-28T15:14:11.281882Z  INFO lingxi_service: request handled request_id=req-189c460f5e8f4632bf28ed8c65b032f6 method=POST path=/lingxi/v1/sessions/sess_local_alpha/execute status=200
2026-09-28T15:14:11.282843Z  INFO lingxi_service::sessions: run committed and published (post-commit) run_id=run_000001a0e894a6d2_0005b4 session_id=sess_local_alpha events=run_000001a0e894a6d2_0005b4-done input_chars=22
2026-09-28T15:14:11.283074Z  INFO lingxi_service: request handled request_id=req-f9dcc71ce7dc3ce34c7fbb2026828165 method=POST path=/lingxi/v1/sessions/sess_local_alpha/execute status=200
2026-09-28T15:14:11.284033Z  INFO lingxi_service::sessions: run committed and published (post-commit) run_id=run_000001a0e894a6d3_0005b5 session_id=sess_local_alpha events=run_000001a0e894a6d3_0005b5-done input_chars=22
2026-09-28T15:14:11.284214Z  INFO lingxi_service: request handled request_id=req-e7d3c653acb5da2b2731d5c3252a61eb method=POST path=/lingxi/v1/sessions/sess_local_alpha/execute status=200
2026-09-28T15:14:11.284992Z  INFO lingxi_service::sessions: run committed and published (post-commit) run_id=run_000001a0e894a6d4_0005b6 session_id=sess_local_alpha events=run_000001a0e894a6d4_0005b6-done input_chars=22
2026-09-28T15:14:11.285154Z  INFO lingxi_service: request handled request_id=req-d970fc375d86655047fffa34117dfeb2 method=POST path=/lingxi/v1/sessions/sess_local_alpha/execute status=200
2026-09-28T15:14:11.285810Z  INFO lingxi_service::sessions: run committed and published (post-commit) run_id=run_000001a0e894a6d5_0005b7 session_id=sess_local_alpha events=run_000001a0e894a6d5_0005b7-done input_chars=22
2026-09-28T15:14:11.286052Z  INFO lingxi_service: request handled request_id=req-5dfdfd8b58891b51f0ff7f2e77d5f90f method=POST path=/lingxi/v1/sessions/sess_local_alpha/execute status=200
2026-09-28T15:14:11.287111Z  INFO lingxi_service::sessions: run committed and published (post-commit) run_id=run_000001a0e894a6d6_0005b8 session_id=sess_local_alpha events=run_000001a0e894a6d6_0005b8-done input_chars=22
2026-09-28T15:14:11.287311Z  INFO lingxi_service: request handled request_id=req-10969ffcc8640e0f7a37aee869f9d262 method=POST path=/lingxi/v1/sessions/sess_local_alpha/execute status=200
2026-09-28T15:14:11.288321Z  INFO lingxi_service::sessions: run committed and published (post-commit) run_id=run_000001a0e894a6d7_0005b9 session_id=sess_local_alpha events=run_000001a0e894a6d7_0005b9-done input_chars=22
2026-09-28T15:14:11.288517Z  INFO lingxi_service: request handled request_id=req-377b775e6d55fe0836bf5d79687c682d method=POST path=/lingxi/v1/sessions/sess_local_alpha/execute status=200
2026-09-28T15:14:11.289380Z  INFO lingxi_service::sessions: run committed and published (post-commit) run_id=run_000001a0e894a6d8_0005ba session_id=sess_local_alpha events=run_000001a0e894a6d8_0005ba-done input_chars=22
2026-09-28T15:14:11.289546Z  INFO lingxi_service: request handled request_id=req-94d6aa9c00fdec8c3741814b72b5b23c method=POST path=/lingxi/v1/sessions/sess_local_alpha/execute status=200
2026-09-28T15:14:11.290267Z  INFO lingxi_service::sessions: run committed and published (post-commit) run_id=run_000001a0e894a6d9_0005bb session_id=sess_local_alpha events=run_000001a0e894a6d9_0005bb-done input_chars=22
2026-09-28T15:14:11.290439Z  INFO lingxi_service: request handled request_id=req-85ee528be45aa6ac57894184fc47676e method=POST path=/lingxi/v1/sessions/sess_local_alpha/execute status=200
2026-09-28T15:14:11.291116Z  INFO lingxi_service::sessions: run committed and published (post-commit) run_id=run_000001a0e894a6da_0005bc session_id=sess_local_alpha events=run_000001a0e894a6da_0005bc-done input_chars=22
2026-09-28T15:14:11.291272Z  INFO lingxi_service: request handled request_id=req-a668dc2d7805b5ed7af5b2dd94ec5f00 method=POST path=/lingxi/v1/sessions/sess_local_alpha/execute status=200
2026-09-28T15:14:11.291847Z  INFO lingxi_service::sessions: run committed and published (post-commit) run_id=run_000001a0e894a6db_0005bd session_id=sess_local_alpha events=run_000001a0e894a6db_0005bd-done input_chars=22
2026-09-28T15:14:11.292002Z  INFO lingxi_service: request handled request_id=req-ca60b1775b049cf2f7532431a44c3563 method=POST path=/lingxi/v1/sessions/sess_local_alpha/execute status=200
2026-09-28T15:14:11.292597Z  INFO lingxi_service::sessions: run committed and published (post-commit) run_id=run_000001a0e894a6dc_0005be session_id=sess_local_alpha events=run_000001a0e894a6dc_0005be-done input_chars=22
2026-09-28T15:14:11.292766Z  INFO lingxi_service: request handled request_id=req-7888d372db862da5dd7c38a37a161bf7 method=POST path=/lingxi/v1/sessions/sess_local_alpha/execute status=200
2026-09-28T15:14:11.293389Z  INFO lingxi_service::sessions: run committed and published (post-commit) run_id=run_000001a0e894a6dd_0005bf session_id=sess_local_alpha events=run_000001a0e894a6dd_0005bf-done input_chars=22
2026-09-28T15:14:11.293563Z  INFO lingxi_service: request handled request_id=req-b5af82ba97a2f335c5a25e70bdeaef5d method=POST path=/lingxi/v1/sessions/sess_local_alpha/execute status=200
2026-09-28T15:14:11.294157Z  INFO lingxi_service::sessions: run committed and published (post-commit) run_id=run_000001a0e894a6dd_0005c0 session_id=sess_local_alpha events=run_000001a0e894a6dd_0005c0-done input_chars=22
2026-09-28T15:14:11.294324Z  INFO lingxi_service: request handled request_id=req-c53521c9454cf998afc7749c37692d0e method=POST path=/lingxi/v1/sessions/sess_local_alpha/execute status=200
2026-09-28T15:14:11.294961Z  INFO lingxi_service::sessions: run committed and published (post-commit) run_id=run_000001a0e894a6de_0005c1 session_id=sess_local_alpha events=run_000001a0e894a6de_0005c1-done input_chars=22
2026-09-28T15:14:11.295128Z  INFO lingxi_service: request handled request_id=req-f98a466998140b55492de51c9b23ca82 method=POST path=/lingxi/v1/sessions/sess_local_alpha/execute status=200
2026-09-28T15:14:11.295712Z  INFO lingxi_service::sessions: run committed and published (post-commit) run_id=run_000001a0e894a6df_0005c2 session_id=sess_local_alpha events=run_000001a0e894a6df_0005c2-done input_chars=22
2026-09-28T15:14:11.295879Z  INFO lingxi_service: request handled request_id=req-3911f878bece3845cb2ba30dd93cdf8d method=POST path=/lingxi/v1/sessions/sess_local_alpha/execute status=200
2026-09-28T15:14:11.296475Z  INFO lingxi_service::sessions: run committed and published (post-commit) run_id=run_000001a0e894a6e0_0005c3 session_id=sess_local_alpha events=run_000001a0e894a6e0_0005c3-done input_chars=22
2026-09-28T15:14:11.296633Z  INFO lingxi_service: request handled request_id=req-5a9b085662145e51b0b0566a8f6660f5 method=POST path=/lingxi/v1/sessions/sess_local_alpha/execute status=200
2026-09-28T15:14:11.297177Z  INFO lingxi_service::sessions: run committed and published (post-commit) run_id=run_000001a0e894a6e0_0005c4 session_id=sess_local_alpha events=run_000001a0e894a6e0_0005c4-done input_chars=22
2026-09-28T15:14:11.297332Z  INFO lingxi_service: request handled request_id=req-9d0e7ed5845e5353484af8878518f02a method=POST path=/lingxi/v1/sessions/sess_local_alpha/execute status=200
2026-09-28T15:14:11.297970Z  INFO lingxi_service::sessions: run committed and published (post-commit) run_id=run_000001a0e894a6e1_0005c5 session_id=sess_local_alpha events=run_000001a0e894a6e1_0005c5-done input_chars=22
2026-09-28T15:14:11.298134Z  INFO lingxi_service: request handled request_id=req-e1b2b09e1d76e39d4537bd447ce4728b method=POST path=/lingxi/v1/sessions/sess_local_alpha/execute status=200
2026-09-28T15:14:11.298866Z  INFO lingxi_service::sessions: run committed and published (post-commit) run_id=run_000001a0e894a6e2_0005c6 session_id=sess_local_alpha events=run_000001a0e894a6e2_0005c6-done input_chars=22
2026-09-28T15:14:11.299061Z  INFO lingxi_service: request handled request_id=req-15207c10758749fc73dc68916f3220f6 method=POST path=/lingxi/v1/sessions/sess_local_alpha/execute status=200
2026-09-28T15:14:11.299778Z  INFO lingxi_service::sessions: run committed and published (post-commit) run_id=run_000001a0e894a6e3_0005c7 session_id=sess_local_alpha events=run_000001a0e894a6e3_0005c7-done input_chars=22
2026-09-28T15:14:11.299947Z  INFO lingxi_service: request handled request_id=req-4c370f60f39855790ceeb0cbbb4c35b5 method=POST path=/lingxi/v1/sessions/sess_local_alpha/execute status=200
2026-09-28T15:14:11.300593Z  INFO lingxi_service::sessions: run committed and published (post-commit) run_id=run_000001a0e894a6e4_0005c8 session_id=sess_local_alpha events=run_000001a0e894a6e4_0005c8-done input_chars=22
2026-09-28T15:14:11.300751Z  INFO lingxi_service: request handled request_id=req-972e7f844f8e29a89637d7caeecdfd0a method=POST path=/lingxi/v1/sessions/sess_local_alpha/execute status=200
2026-09-28T15:14:11.301349Z  INFO lingxi_service::sessions: run committed and published (post-commit) run_id=run_000001a0e894a6e5_0005c9 session_id=sess_local_alpha events=run_000001a0e894a6e5_0005c9-done input_chars=22
2026-09-28T15:14:11.301511Z  INFO lingxi_service: request handled request_id=req-153fc7a3fe93a3f7322fcf88ab9214f5 method=POST path=/lingxi/v1/sessions/sess_local_alpha/execute status=200
2026-09-28T15:14:11.302100Z  INFO lingxi_service::sessions: run committed and published (post-commit) run_id=run_000001a0e894a6e5_0005ca session_id=sess_local_alpha events=run_000001a0e894a6e5_0005ca-done input_chars=22
2026-09-28T15:14:11.302263Z  INFO lingxi_service: request handled request_id=req-83824fd991057ba21d54c8e0095f88a2 method=POST path=/lingxi/v1/sessions/sess_local_alpha/execute status=200
2026-09-28T15:14:11.302856Z  INFO lingxi_service::sessions: run committed and published (post-commit) run_id=run_000001a0e894a6e6_0005cb session_id=sess_local_alpha events=run_000001a0e894a6e6_0005cb-done input_chars=22
2026-09-28T15:14:11.303030Z  INFO lingxi_service: request handled request_id=req-eecf007ce83b31b88d25f90d623ab348 method=POST path=/lingxi/v1/sessions/sess_local_alpha/execute status=200
2026-09-28T15:14:11.303745Z  INFO lingxi_service::sessions: run committed and published (post-commit) run_id=run_000001a0e894a6e7_0005cc session_id=sess_local_alpha events=run_000001a0e894a6e7_0005cc-done input_chars=22
2026-09-28T15:14:11.303921Z  INFO lingxi_service: request handled request_id=req-8c78b450b77980d37132612162a77cd1 method=POST path=/lingxi/v1/sessions/sess_local_alpha/execute status=200
2026-09-28T15:14:11.304687Z  INFO lingxi_service::sessions: run committed and published (post-commit) run_id=run_000001a0e894a6e8_0005cd session_id=sess_local_alpha events=run_000001a0e894a6e8_0005cd-done input_chars=22
2026-09-28T15:14:11.304851Z  INFO lingxi_service: request handled request_id=req-d959aceb9018da0ad48947c9a225a843 method=POST path=/lingxi/v1/sessions/sess_local_alpha/execute status=200
2026-09-28T15:14:11.305524Z  INFO lingxi_service::sessions: run committed and published (post-commit) run_id=run_000001a0e894a6e9_0005ce session_id=sess_local_alpha events=run_000001a0e894a6e9_0005ce-done input_chars=22
2026-09-28T15:14:11.305691Z  INFO lingxi_service: request handled request_id=req-ec81b97399d5ddedd666327ff693d431 method=POST path=/lingxi/v1/sessions/sess_local_alpha/execute status=200
2026-09-28T15:14:11.306444Z  INFO lingxi_service::sessions: run committed and published (post-commit) run_id=run_000001a0e894a6ea_0005cf session_id=sess_local_alpha events=run_000001a0e894a6ea_0005cf-done input_chars=22
2026-09-28T15:14:11.306615Z  INFO lingxi_service: request handled request_id=req-083aa548353efa052116115912af9a22 method=POST path=/lingxi/v1/sessions/sess_local_alpha/execute status=200
2026-09-28T15:14:11.307361Z  INFO lingxi_service::sessions: run committed and published (post-commit) run_id=run_000001a0e894a6ea_0005d0 session_id=sess_local_alpha events=run_000001a0e894a6ea_0005d0-done input_chars=22
2026-09-28T15:14:11.307538Z  INFO lingxi_service: request handled request_id=req-5bdeac382064ff42b95ee2019e258f32 method=POST path=/lingxi/v1/sessions/sess_local_alpha/execute status=200
2026-09-28T15:14:11.308301Z  INFO lingxi_service::sessions: run committed and published (post-commit) run_id=run_000001a0e894a6eb_0005d1 session_id=sess_local_alpha events=run_000001a0e894a6eb_0005d1-done input_chars=22
2026-09-28T15:14:11.308470Z  INFO lingxi_service: request handled request_id=req-3b34823d7eb6079eef4f87b85cfd4cbf method=POST path=/lingxi/v1/sessions/sess_local_alpha/execute status=200
2026-09-28T15:14:11.309128Z  INFO lingxi_service::sessions: run committed and published (post-commit) run_id=run_000001a0e894a6ec_0005d2 session_id=sess_local_alpha events=run_000001a0e894a6ec_0005d2-done input_chars=22
2026-09-28T15:14:11.309301Z  INFO lingxi_service: request handled request_id=req-5e619e1d2d2cdb44700db18f8514aecd method=POST path=/lingxi/v1/sessions/sess_local_alpha/execute status=200
2026-09-28T15:14:11.310177Z  INFO lingxi_service::sessions: run committed and published (post-commit) run_id=run_000001a0e894a6ed_0005d3 session_id=sess_local_alpha events=run_000001a0e894a6ed_0005d3-done input_chars=22
2026-09-28T15:14:11.310358Z  INFO lingxi_service: request handled request_id=req-be429dccb4f4b6dbec01f99259bc6594 method=POST path=/lingxi/v1/sessions/sess_local_alpha/execute status=200
2026-09-28T15:14:11.311495Z  INFO lingxi_service::sessions: run committed and published (post-commit) run_id=run_000001a0e894a6ee_0005d4 session_id=sess_local_alpha events=run_000001a0e894a6ee_0005d4-done input_chars=22
2026-09-28T15:14:11.311678Z  INFO lingxi_service: request handled request_id=req-1a7bed7e45cb9664c5a8764eff5dd927 method=POST path=/lingxi/v1/sessions/sess_local_alpha/execute status=200
2026-09-28T15:14:11.312425Z  INFO lingxi_service::sessions: run committed and published (post-commit) run_id=run_000001a0e894a6f0_0005d5 session_id=sess_local_alpha events=run_000001a0e894a6f0_0005d5-done input_chars=22
2026-09-28T15:14:11.312605Z  INFO lingxi_service: request handled request_id=req-158e7070d1e8c6ee67fb60e129b42ca2 method=POST path=/lingxi/v1/sessions/sess_local_alpha/execute status=200
2026-09-28T15:14:11.313304Z  INFO lingxi_service::sessions: run committed and published (post-commit) run_id=run_000001a0e894a6f0_0005d6 session_id=sess_local_alpha events=run_000001a0e894a6f0_0005d6-done input_chars=22
2026-09-28T15:14:11.313497Z  INFO lingxi_service: request handled request_id=req-f062875eeb18c5f2673812e4355d96ac method=POST path=/lingxi/v1/sessions/sess_local_alpha/execute status=200
2026-09-28T15:14:11.314223Z  INFO lingxi_service::sessions: run committed and published (post-commit) run_id=run_000001a0e894a6f1_0005d7 session_id=sess_local_alpha events=run_000001a0e894a6f1_0005d7-done input_chars=22
2026-09-28T15:14:11.314391Z  INFO lingxi_service: request handled request_id=req-37a8f95e34bc808e1edf351cf4a753cb method=POST path=/lingxi/v1/sessions/sess_local_alpha/execute status=200
2026-09-28T15:14:11.315066Z  INFO lingxi_service::sessions: run committed and published (post-commit) run_id=run_000001a0e894a6f2_0005d8 session_id=sess_local_alpha events=run_000001a0e894a6f2_0005d8-done input_chars=22
2026-09-28T15:14:11.315230Z  INFO lingxi_service: request handled request_id=req-289cbf64f0913e618601736b2bad6c40 method=POST path=/lingxi/v1/sessions/sess_local_alpha/execute status=200
2026-09-28T15:14:11.315909Z  INFO lingxi_service::sessions: run committed and published (post-commit) run_id=run_000001a0e894a6f3_0005d9 session_id=sess_local_alpha events=run_000001a0e894a6f3_0005d9-done input_chars=22
2026-09-28T15:14:11.316080Z  INFO lingxi_service: request handled request_id=req-cff2620a729e51143bd38913e9c0c0fc method=POST path=/lingxi/v1/sessions/sess_local_alpha/execute status=200
2026-09-28T15:14:11.316819Z  INFO lingxi_service::sessions: run committed and published (post-commit) run_id=run_000001a0e894a6f4_0005da session_id=sess_local_alpha events=run_000001a0e894a6f4_0005da-done input_chars=22
2026-09-28T15:14:11.317000Z  INFO lingxi_service: request handled request_id=req-be58aee8972ce848ec7481ee6d5ac39c method=POST path=/lingxi/v1/sessions/sess_local_alpha/execute status=200
2026-09-28T15:14:11.317765Z  INFO lingxi_service::sessions: run committed and published (post-commit) run_id=run_000001a0e894a6f5_0005db session_id=sess_local_alpha events=run_000001a0e894a6f5_0005db-done input_chars=22
2026-09-28T15:14:11.317925Z  INFO lingxi_service: request handled request_id=req-c52fec4569e3ea52cf49691ae4d156bd method=POST path=/lingxi/v1/sessions/sess_local_alpha/execute status=200
2026-09-28T15:14:11.318524Z  INFO lingxi_service::sessions: run committed and published (post-commit) run_id=run_000001a0e894a6f6_0005dc session_id=sess_local_alpha events=run_000001a0e894a6f6_0005dc-done input_chars=22
2026-09-28T15:14:11.318684Z  INFO lingxi_service: request handled request_id=req-3994c915d242e3d09849ca3bc676c4f2 method=POST path=/lingxi/v1/sessions/sess_local_alpha/execute status=200
2026-09-28T15:14:11.319355Z  INFO lingxi_service::sessions: run committed and published (post-commit) run_id=run_000001a0e894a6f7_0005dd session_id=sess_local_alpha events=run_000001a0e894a6f7_0005dd-done input_chars=22
2026-09-28T15:14:11.319550Z  INFO lingxi_service: request handled request_id=req-aee15d7a1bf3504080ff84def7661a54 method=POST path=/lingxi/v1/sessions/sess_local_alpha/execute status=200
2026-09-28T15:14:11.320247Z  INFO lingxi_service::sessions: run committed and published (post-commit) run_id=run_000001a0e894a6f7_0005de session_id=sess_local_alpha events=run_000001a0e894a6f7_0005de-done input_chars=22
2026-09-28T15:14:11.320417Z  INFO lingxi_service: request handled request_id=req-a778e557718c7723b509b2cf1bcfc863 method=POST path=/lingxi/v1/sessions/sess_local_alpha/execute status=200
2026-09-28T15:14:11.321204Z  INFO lingxi_service::sessions: run committed and published (post-commit) run_id=run_000001a0e894a6f8_0005df session_id=sess_local_alpha events=run_000001a0e894a6f8_0005df-done input_chars=22
2026-09-28T15:14:11.321371Z  INFO lingxi_service: request handled request_id=req-825e7caf6900f66a24efd1521ee8cc32 method=POST path=/lingxi/v1/sessions/sess_local_alpha/execute status=200
2026-09-28T15:14:11.322048Z  INFO lingxi_service::sessions: run committed and published (post-commit) run_id=run_000001a0e894a6f9_0005e0 session_id=sess_local_alpha events=run_000001a0e894a6f9_0005e0-done input_chars=22
2026-09-28T15:14:11.322215Z  INFO lingxi_service: request handled request_id=req-ccc8e051de65251f54bbf833e2cc5f8d method=POST path=/lingxi/v1/sessions/sess_local_alpha/execute status=200
2026-09-28T15:14:11.322985Z  INFO lingxi_service::sessions: run committed and published (post-commit) run_id=run_000001a0e894a6fa_0005e1 session_id=sess_local_alpha events=run_000001a0e894a6fa_0005e1-done input_chars=22
2026-09-28T15:14:11.323161Z  INFO lingxi_service: request handled request_id=req-bf79b8b2feaeb982867b898e089f8354 method=POST path=/lingxi/v1/sessions/sess_local_alpha/execute status=200
2026-09-28T15:14:11.323926Z  INFO lingxi_service::sessions: run committed and published (post-commit) run_id=run_000001a0e894a6fb_0005e2 session_id=sess_local_alpha events=run_000001a0e894a6fb_0005e2-done input_chars=22
2026-09-28T15:14:11.324114Z  INFO lingxi_service: request handled request_id=req-12ce96cbca05ca2f0d1c6e348a3eb572 method=POST path=/lingxi/v1/sessions/sess_local_alpha/execute status=200
2026-09-28T15:14:11.324836Z  INFO lingxi_service::sessions: run committed and published (post-commit) run_id=run_000001a0e894a6fc_0005e3 session_id=sess_local_alpha events=run_000001a0e894a6fc_0005e3-done input_chars=22
2026-09-28T15:14:11.325005Z  INFO lingxi_service: request handled request_id=req-b73391e289d95044029c5d8cada27209 method=POST path=/lingxi/v1/sessions/sess_local_alpha/execute status=200
2026-09-28T15:14:11.325669Z  INFO lingxi_service::sessions: run committed and published (post-commit) run_id=run_000001a0e894a6fd_0005e4 session_id=sess_local_alpha events=run_000001a0e894a6fd_0005e4-done input_chars=22
2026-09-28T15:14:11.325847Z  INFO lingxi_service: request handled request_id=req-cdf67143c8b32584452294326649cd84 method=POST path=/lingxi/v1/sessions/sess_local_alpha/execute status=200
2026-09-28T15:14:11.326628Z  INFO lingxi_service::sessions: run committed and published (post-commit) run_id=run_000001a0e894a6fe_0005e5 session_id=sess_local_alpha events=run_000001a0e894a6fe_0005e5-done input_chars=22
2026-09-28T15:14:11.326808Z  INFO lingxi_service: request handled request_id=req-38c3cfeb40df39d17a08a67dfb400feb method=POST path=/lingxi/v1/sessions/sess_local_alpha/execute status=200
2026-09-28T15:14:11.327550Z  INFO lingxi_service::sessions: run committed and published (post-commit) run_id=run_000001a0e894a6ff_0005e6 session_id=sess_local_alpha events=run_000001a0e894a6ff_0005e6-done input_chars=22
2026-09-28T15:14:11.327719Z  INFO lingxi_service: request handled request_id=req-89dd9fe8298f0840d1b0a430b3954342 method=POST path=/lingxi/v1/sessions/sess_local_alpha/execute status=200
2026-09-28T15:14:11.328361Z  INFO lingxi_service::sessions: run committed and published (post-commit) run_id=run_000001a0e894a700_0005e7 session_id=sess_local_alpha events=run_000001a0e894a700_0005e7-done input_chars=22
2026-09-28T15:14:11.328855Z  INFO lingxi_service: request handled request_id=req-3a1fb7244b1d491c311debe34309ad6e method=POST path=/lingxi/v1/sessions/sess_local_alpha/execute status=200
2026-09-28T15:14:11.329668Z  INFO lingxi_service::sessions: run committed and published (post-commit) run_id=run_000001a0e894a701_0005e8 session_id=sess_local_alpha events=run_000001a0e894a701_0005e8-done input_chars=22
2026-09-28T15:14:11.329861Z  INFO lingxi_service: request handled request_id=req-6305d192d8dc6304a803cb933fdaa452 method=POST path=/lingxi/v1/sessions/sess_local_alpha/execute status=200
2026-09-28T15:14:11.330567Z  INFO lingxi_service::sessions: run committed and published (post-commit) run_id=run_000001a0e894a702_0005e9 session_id=sess_local_alpha events=run_000001a0e894a702_0005e9-done input_chars=22
2026-09-28T15:14:11.330731Z  INFO lingxi_service: request handled request_id=req-f71080c5ed727c99d91e5c792506eba8 method=POST path=/lingxi/v1/sessions/sess_local_alpha/execute status=200
2026-09-28T15:14:11.331449Z  INFO lingxi_service::sessions: run committed and published (post-commit) run_id=run_000001a0e894a703_0005ea session_id=sess_local_alpha events=run_000001a0e894a703_0005ea-done input_chars=22
2026-09-28T15:14:11.331626Z  INFO lingxi_service: request handled request_id=req-98bf7410af3349ed2b70add45b7d7c3d method=POST path=/lingxi/v1/sessions/sess_local_alpha/execute status=200
2026-09-28T15:14:11.332380Z  INFO lingxi_service::sessions: run committed and published (post-commit) run_id=run_000001a0e894a703_0005eb session_id=sess_local_alpha events=run_000001a0e894a703_0005eb-done input_chars=22
2026-09-28T15:14:11.332561Z  INFO lingxi_service: request handled request_id=req-81fb7696ccd3daf24b43f51dcb484c1a method=POST path=/lingxi/v1/sessions/sess_local_alpha/execute status=200
2026-09-28T15:14:11.333311Z  INFO lingxi_service::sessions: run committed and published (post-commit) run_id=run_000001a0e894a704_0005ec session_id=sess_local_alpha events=run_000001a0e894a704_0005ec-done input_chars=22
2026-09-28T15:14:11.333559Z  INFO lingxi_service: request handled request_id=req-0fba735a20c54cecd7fa09a3fbb4910e method=POST path=/lingxi/v1/sessions/sess_local_alpha/execute status=200
2026-09-28T15:14:11.334362Z  INFO lingxi_service::sessions: run committed and published (post-commit) run_id=run_000001a0e894a705_0005ed session_id=sess_local_alpha events=run_000001a0e894a705_0005ed-done input_chars=22
2026-09-28T15:14:11.334554Z  INFO lingxi_service: request handled request_id=req-280049e122945059504ceb315721fa30 method=POST path=/lingxi/v1/sessions/sess_local_alpha/execute status=200
2026-09-28T15:14:11.335389Z  INFO lingxi_service::sessions: run committed and published (post-commit) run_id=run_000001a0e894a706_0005ee session_id=sess_local_alpha events=run_000001a0e894a706_0005ee-done input_chars=22
2026-09-28T15:14:11.335567Z  INFO lingxi_service: request handled request_id=req-0884044bbec8411ed898e46278f74f84 method=POST path=/lingxi/v1/sessions/sess_local_alpha/execute status=200
2026-09-28T15:14:11.336299Z  INFO lingxi_service::sessions: run committed and published (post-commit) run_id=run_000001a0e894a707_0005ef session_id=sess_local_alpha events=run_000001a0e894a707_0005ef-done input_chars=22
2026-09-28T15:14:11.336543Z  INFO lingxi_service: request handled request_id=req-5261f864e2af1d3eafb45a5caf92f3b2 method=POST path=/lingxi/v1/sessions/sess_local_alpha/execute status=200
2026-09-28T15:14:11.337290Z  INFO lingxi_service::sessions: run committed and published (post-commit) run_id=run_000001a0e894a708_0005f0 session_id=sess_local_alpha events=run_000001a0e894a708_0005f0-done input_chars=22
2026-09-28T15:14:11.337468Z  INFO lingxi_service: request handled request_id=req-f12103ae914fe5b6c68b8c3ba9cec4d1 method=POST path=/lingxi/v1/sessions/sess_local_alpha/execute status=200
2026-09-28T15:14:11.338173Z  INFO lingxi_service::sessions: run committed and published (post-commit) run_id=run_000001a0e894a709_0005f1 session_id=sess_local_alpha events=run_000001a0e894a709_0005f1-done input_chars=22
2026-09-28T15:14:11.338336Z  INFO lingxi_service: request handled request_id=req-fad296452908e4faffba50d91a465f3c method=POST path=/lingxi/v1/sessions/sess_local_alpha/execute status=200
2026-09-28T15:14:11.339055Z  INFO lingxi_service::sessions: run committed and published (post-commit) run_id=run_000001a0e894a70a_0005f2 session_id=sess_local_alpha events=run_000001a0e894a70a_0005f2-done input_chars=22
2026-09-28T15:14:11.339223Z  INFO lingxi_service: request handled request_id=req-d3e930eb4644345ae66be258311765b9 method=POST path=/lingxi/v1/sessions/sess_local_alpha/execute status=200
2026-09-28T15:14:11.339889Z  INFO lingxi_service::sessions: run committed and published (post-commit) run_id=run_000001a0e894a70b_0005f3 session_id=sess_local_alpha events=run_000001a0e894a70b_0005f3-done input_chars=22
2026-09-28T15:14:11.340061Z  INFO lingxi_service: request handled request_id=req-753e0cd208651d3627a3860230de7854 method=POST path=/lingxi/v1/sessions/sess_local_alpha/execute status=200
2026-09-28T15:14:11.340747Z  INFO lingxi_service::sessions: run committed and published (post-commit) run_id=run_000001a0e894a70c_0005f4 session_id=sess_local_alpha events=run_000001a0e894a70c_0005f4-done input_chars=22
2026-09-28T15:14:11.340914Z  INFO lingxi_service: request handled request_id=req-daf673116cc234fbe93f8a763a442aa2 method=POST path=/lingxi/v1/sessions/sess_local_alpha/execute status=200
2026-09-28T15:14:11.341530Z  INFO lingxi_service::sessions: run committed and published (post-commit) run_id=run_000001a0e894a70d_0005f5 session_id=sess_local_alpha events=run_000001a0e894a70d_0005f5-done input_chars=22
2026-09-28T15:14:11.341700Z  INFO lingxi_service: request handled request_id=req-5a6f6c717b0b5cf52dc2b762233fe139 method=POST path=/lingxi/v1/sessions/sess_local_alpha/execute status=200
2026-09-28T15:14:11.342288Z  INFO lingxi_service::sessions: run committed and published (post-commit) run_id=run_000001a0e894a70d_0005f6 session_id=sess_local_alpha events=run_000001a0e894a70d_0005f6-done input_chars=22
2026-09-28T15:14:11.342464Z  INFO lingxi_service: request handled request_id=req-d2f3c7c6449cdc87fe8f639d30875b45 method=POST path=/lingxi/v1/sessions/sess_local_alpha/execute status=200
2026-09-28T15:14:11.343141Z  INFO lingxi_service::sessions: run committed and published (post-commit) run_id=run_000001a0e894a70e_0005f7 session_id=sess_local_alpha events=run_000001a0e894a70e_0005f7-done input_chars=22
2026-09-28T15:14:11.343315Z  INFO lingxi_service: request handled request_id=req-534ba67d84770e445d82a84d1c0952b1 method=POST path=/lingxi/v1/sessions/sess_local_alpha/execute status=200
2026-09-28T15:14:11.343940Z  INFO lingxi_service::sessions: run committed and published (post-commit) run_id=run_000001a0e894a70f_0005f8 session_id=sess_local_alpha events=run_000001a0e894a70f_0005f8-done input_chars=22
2026-09-28T15:14:11.344133Z  INFO lingxi_service: request handled request_id=req-7c4e1f679d021982b22f57bca0e34828 method=POST path=/lingxi/v1/sessions/sess_local_alpha/execute status=200
2026-09-28T15:14:11.344761Z  INFO lingxi_service::sessions: run committed and published (post-commit) run_id=run_000001a0e894a710_0005f9 session_id=sess_local_alpha events=run_000001a0e894a710_0005f9-done input_chars=22
2026-09-28T15:14:11.344925Z  INFO lingxi_service: request handled request_id=req-cfe0d77ad7d223e106d0d5d6d181cdb8 method=POST path=/lingxi/v1/sessions/sess_local_alpha/execute status=200
2026-09-28T15:14:11.345576Z  INFO lingxi_service::sessions: run committed and published (post-commit) run_id=run_000001a0e894a711_0005fa session_id=sess_local_alpha events=run_000001a0e894a711_0005fa-done input_chars=22
2026-09-28T15:14:11.345743Z  INFO lingxi_service: request handled request_id=req-d510b10cd1eb8789dafdc8427a807a81 method=POST path=/lingxi/v1/sessions/sess_local_alpha/execute status=200
2026-09-28T15:14:11.346431Z  INFO lingxi_service::sessions: run committed and published (post-commit) run_id=run_000001a0e894a712_0005fb session_id=sess_local_alpha events=run_000001a0e894a712_0005fb-done input_chars=22
2026-09-28T15:14:11.346603Z  INFO lingxi_service: request handled request_id=req-c302b5172f4542fd8846e49887d22562 method=POST path=/lingxi/v1/sessions/sess_local_alpha/execute status=200
2026-09-28T15:14:11.347318Z  INFO lingxi_service::sessions: run committed and published (post-commit) run_id=run_000001a0e894a712_0005fc session_id=sess_local_alpha events=run_000001a0e894a712_0005fc-done input_chars=22
2026-09-28T15:14:11.347519Z  INFO lingxi_service: request handled request_id=req-96218d315c31fb1367931fedc2c9463d method=POST path=/lingxi/v1/sessions/sess_local_alpha/execute status=200
2026-09-28T15:14:11.348384Z  INFO lingxi_service::sessions: run committed and published (post-commit) run_id=run_000001a0e894a713_0005fd session_id=sess_local_alpha events=run_000001a0e894a713_0005fd-done input_chars=22
2026-09-28T15:14:11.348579Z  INFO lingxi_service: request handled request_id=req-529d97a71e549496e0c0a4f46661a18d method=POST path=/lingxi/v1/sessions/sess_local_alpha/execute status=200
2026-09-28T15:14:11.349470Z  INFO lingxi_service::sessions: run committed and published (post-commit) run_id=run_000001a0e894a715_0005fe session_id=sess_local_alpha events=run_000001a0e894a715_0005fe-done input_chars=22
2026-09-28T15:14:11.349695Z  INFO lingxi_service: request handled request_id=req-e38b682db62dd4e4896e4c62a0e8e1a6 method=POST path=/lingxi/v1/sessions/sess_local_alpha/execute status=200
2026-09-28T15:14:11.354918Z  INFO lingxi_service::sessions: run committed and published (post-commit) run_id=run_000001a0e894a71a_0005ff session_id=sess_local_alpha events=run_000001a0e894a71a_0005ff-done input_chars=22
2026-09-28T15:14:11.355142Z  INFO lingxi_service: request handled request_id=req-164ffb4faa9bc04830a88c2f335c0de4 method=POST path=/lingxi/v1/sessions/sess_local_alpha/execute status=200
2026-09-28T15:14:11.356053Z  INFO lingxi_service::sessions: run committed and published (post-commit) run_id=run_000001a0e894a71b_000600 session_id=sess_local_alpha events=run_000001a0e894a71b_000600-done input_chars=22
2026-09-28T15:14:11.356226Z  INFO lingxi_service: request handled request_id=req-8916b3bc2d9d419f34626f76f67ee454 method=POST path=/lingxi/v1/sessions/sess_local_alpha/execute status=200
2026-09-28T15:14:11.356933Z  INFO lingxi_service::sessions: run committed and published (post-commit) run_id=run_000001a0e894a71c_000601 session_id=sess_local_alpha events=run_000001a0e894a71c_000601-done input_chars=22
2026-09-28T15:14:11.357096Z  INFO lingxi_service: request handled request_id=req-5b5e37dc18eb5b47d1e435ab70d0ff5e method=POST path=/lingxi/v1/sessions/sess_local_alpha/execute status=200
2026-09-28T15:14:11.357992Z  INFO lingxi_service::sessions: run committed and published (post-commit) run_id=run_000001a0e894a71d_000602 session_id=sess_local_alpha events=run_000001a0e894a71d_000602-done input_chars=22
2026-09-28T15:14:11.358167Z  INFO lingxi_service: request handled request_id=req-6a24da83e7abdaa4ca2caf19b0bca0bd method=POST path=/lingxi/v1/sessions/sess_local_alpha/execute status=200
2026-09-28T15:14:11.358914Z  INFO lingxi_service::sessions: run committed and published (post-commit) run_id=run_000001a0e894a71e_000603 session_id=sess_local_alpha events=run_000001a0e894a71e_000603-done input_chars=22
2026-09-28T15:14:11.359081Z  INFO lingxi_service: request handled request_id=req-85b45b490d8282f0a21b9748548d60cd method=POST path=/lingxi/v1/sessions/sess_local_alpha/execute status=200
2026-09-28T15:14:11.359904Z  INFO lingxi_service::sessions: run committed and published (post-commit) run_id=run_000001a0e894a71f_000604 session_id=sess_local_alpha events=run_000001a0e894a71f_000604-done input_chars=22
2026-09-28T15:14:11.360091Z  INFO lingxi_service: request handled request_id=req-f481e5893e2e7eb5597e06edc964c206 method=POST path=/lingxi/v1/sessions/sess_local_alpha/execute status=200
2026-09-28T15:14:11.360846Z  INFO lingxi_service::sessions: run committed and published (post-commit) run_id=run_000001a0e894a720_000605 session_id=sess_local_alpha events=run_000001a0e894a720_000605-done input_chars=22
2026-09-28T15:14:11.361011Z  INFO lingxi_service: request handled request_id=req-578eb1c425ed90c69a111be2e461d989 method=POST path=/lingxi/v1/sessions/sess_local_alpha/execute status=200
2026-09-28T15:14:11.361623Z  INFO lingxi_service::sessions: run committed and published (post-commit) run_id=run_000001a0e894a721_000606 session_id=sess_local_alpha events=run_000001a0e894a721_000606-done input_chars=22
2026-09-28T15:14:11.361782Z  INFO lingxi_service: request handled request_id=req-f8b98bb8b0558afe087ade1f089ee537 method=POST path=/lingxi/v1/sessions/sess_local_alpha/execute status=200
2026-09-28T15:14:11.362445Z  INFO lingxi_service::sessions: run committed and published (post-commit) run_id=run_000001a0e894a722_000607 session_id=sess_local_alpha events=run_000001a0e894a722_000607-done input_chars=22
2026-09-28T15:14:11.362623Z  INFO lingxi_service: request handled request_id=req-2b3d92dbb688c5a976a0800a3b305b97 method=POST path=/lingxi/v1/sessions/sess_local_alpha/execute status=200
2026-09-28T15:14:11.363527Z  INFO lingxi_service::sessions: run committed and published (post-commit) run_id=run_000001a0e894a722_000608 session_id=sess_local_alpha events=run_000001a0e894a722_000608-done input_chars=22
2026-09-28T15:14:11.363713Z  INFO lingxi_service: request handled request_id=req-923f3be9e5d50d10faece6a241d9438c method=POST path=/lingxi/v1/sessions/sess_local_alpha/execute status=200
2026-09-28T15:14:11.364415Z  INFO lingxi_service::sessions: run committed and published (post-commit) run_id=run_000001a0e894a724_000609 session_id=sess_local_alpha events=run_000001a0e894a724_000609-done input_chars=22
2026-09-28T15:14:11.364586Z  INFO lingxi_service: request handled request_id=req-a4deb22bf31abd0807d1a7134c5ae363 method=POST path=/lingxi/v1/sessions/sess_local_alpha/execute status=200
2026-09-28T15:14:11.365217Z  INFO lingxi_service::sessions: run committed and published (post-commit) run_id=run_000001a0e894a724_00060a session_id=sess_local_alpha events=run_000001a0e894a724_00060a-done input_chars=22
2026-09-28T15:14:11.365377Z  INFO lingxi_service: request handled request_id=req-20d14aaae035fba759d5c73ada830281 method=POST path=/lingxi/v1/sessions/sess_local_alpha/execute status=200
2026-09-28T15:14:11.366564Z  INFO lingxi_service::sessions: run committed and published (post-commit) run_id=run_000001a0e894a725_00060b session_id=sess_local_alpha events=run_000001a0e894a725_00060b-done input_chars=22
2026-09-28T15:14:11.366757Z  INFO lingxi_service: request handled request_id=req-2ea2ec20be69bedc0942b5ef8a4d1bf0 method=POST path=/lingxi/v1/sessions/sess_local_alpha/execute status=200
2026-09-28T15:14:11.367740Z  INFO lingxi_service::sessions: run committed and published (post-commit) run_id=run_000001a0e894a727_00060c session_id=sess_local_alpha events=run_000001a0e894a727_00060c-done input_chars=22
2026-09-28T15:14:11.367981Z  INFO lingxi_service: request handled request_id=req-351a0af64f694fdea73a9c953e54108f method=POST path=/lingxi/v1/sessions/sess_local_alpha/execute status=200
2026-09-28T15:14:11.369052Z  INFO lingxi_service::sessions: run committed and published (post-commit) run_id=run_000001a0e894a728_00060d session_id=sess_local_alpha events=run_000001a0e894a728_00060d-done input_chars=22
2026-09-28T15:14:11.369252Z  INFO lingxi_service: request handled request_id=req-753280d8f2ccfcfb7cb7105abb242ca0 method=POST path=/lingxi/v1/sessions/sess_local_alpha/execute status=200
2026-09-28T15:14:11.370067Z  INFO lingxi_service::sessions: run committed and published (post-commit) run_id=run_000001a0e894a729_00060e session_id=sess_local_alpha events=run_000001a0e894a729_00060e-done input_chars=22
2026-09-28T15:14:11.370247Z  INFO lingxi_service: request handled request_id=req-072af64a0b288188ade62c7f8a26bab5 method=POST path=/lingxi/v1/sessions/sess_local_alpha/execute status=200
2026-09-28T15:14:11.370959Z  INFO lingxi_service::sessions: run committed and published (post-commit) run_id=run_000001a0e894a72a_00060f session_id=sess_local_alpha events=run_000001a0e894a72a_00060f-done input_chars=22
2026-09-28T15:14:11.371126Z  INFO lingxi_service: request handled request_id=req-4fbb47f703205ed17f7fb5a47523ac39 method=POST path=/lingxi/v1/sessions/sess_local_alpha/execute status=200
2026-09-28T15:14:11.371764Z  INFO lingxi_service::sessions: run committed and published (post-commit) run_id=run_000001a0e894a72b_000610 session_id=sess_local_alpha events=run_000001a0e894a72b_000610-done input_chars=22
2026-09-28T15:14:11.371926Z  INFO lingxi_service: request handled request_id=req-f200483b17cde8a2363e6b718f9595fb method=POST path=/lingxi/v1/sessions/sess_local_alpha/execute status=200
2026-09-28T15:14:11.372612Z  INFO lingxi_service::sessions: run committed and published (post-commit) run_id=run_000001a0e894a72c_000611 session_id=sess_local_alpha events=run_000001a0e894a72c_000611-done input_chars=22
2026-09-28T15:14:11.372810Z  INFO lingxi_service: request handled request_id=req-4efb791f5bfc9fabd6dd2e959057cfc0 method=POST path=/lingxi/v1/sessions/sess_local_alpha/execute status=200
2026-09-28T15:14:11.373748Z  INFO lingxi_service::sessions: run committed and published (post-commit) run_id=run_000001a0e894a72d_000612 session_id=sess_local_alpha events=run_000001a0e894a72d_000612-done input_chars=22
2026-09-28T15:14:11.373942Z  INFO lingxi_service: request handled request_id=req-60494f681ab5fa0e29ed9e07d4b09466 method=POST path=/lingxi/v1/sessions/sess_local_alpha/execute status=200
2026-09-28T15:14:11.374651Z  INFO lingxi_service::sessions: run committed and published (post-commit) run_id=run_000001a0e894a72e_000613 session_id=sess_local_alpha events=run_000001a0e894a72e_000613-done input_chars=22
2026-09-28T15:14:11.374820Z  INFO lingxi_service: request handled request_id=req-f593bf757cfd13854b58f936b0545f31 method=POST path=/lingxi/v1/sessions/sess_local_alpha/execute status=200
2026-09-28T15:14:11.375475Z  INFO lingxi_service::sessions: run committed and published (post-commit) run_id=run_000001a0e894a72f_000614 session_id=sess_local_alpha events=run_000001a0e894a72f_000614-done input_chars=22
2026-09-28T15:14:11.375683Z  INFO lingxi_service: request handled request_id=req-6d8ca895ef7d266520d4cac344ed490d method=POST path=/lingxi/v1/sessions/sess_local_alpha/execute status=200
2026-09-28T15:14:11.376501Z  INFO lingxi_service::sessions: run committed and published (post-commit) run_id=run_000001a0e894a730_000615 session_id=sess_local_alpha events=run_000001a0e894a730_000615-done input_chars=22
2026-09-28T15:14:11.376737Z  INFO lingxi_service: request handled request_id=req-6cbfe91d53c9905ea581725dd6a95a63 method=POST path=/lingxi/v1/sessions/sess_local_alpha/execute status=200
2026-09-28T15:14:11.377728Z  INFO lingxi_service::sessions: run committed and published (post-commit) run_id=run_000001a0e894a731_000616 session_id=sess_local_alpha events=run_000001a0e894a731_000616-done input_chars=22
2026-09-28T15:14:11.377945Z  INFO lingxi_service: request handled request_id=req-83cffb23f9dd8c8dcf54c2b3c6f32f93 method=POST path=/lingxi/v1/sessions/sess_local_alpha/execute status=200
2026-09-28T15:14:11.378857Z  INFO lingxi_service::sessions: run committed and published (post-commit) run_id=run_000001a0e894a732_000617 session_id=sess_local_alpha events=run_000001a0e894a732_000617-done input_chars=22
2026-09-28T15:14:11.379052Z  INFO lingxi_service: request handled request_id=req-600cda2efbe892a7feaa99292a60f83d method=POST path=/lingxi/v1/sessions/sess_local_alpha/execute status=200
2026-09-28T15:14:11.380015Z  INFO lingxi_service::sessions: run committed and published (post-commit) run_id=run_000001a0e894a733_000618 session_id=sess_local_alpha events=run_000001a0e894a733_000618-done input_chars=22
2026-09-28T15:14:11.380211Z  INFO lingxi_service: request handled request_id=req-0721e236f29cca68aa6151e64fb3d643 method=POST path=/lingxi/v1/sessions/sess_local_alpha/execute status=200
2026-09-28T15:14:11.381065Z  INFO lingxi_service::sessions: run committed and published (post-commit) run_id=run_000001a0e894a734_000619 session_id=sess_local_alpha events=run_000001a0e894a734_000619-done input_chars=22
2026-09-28T15:14:11.381248Z  INFO lingxi_service: request handled request_id=req-f438652fc2c1e7bf1a1f13c47cf5d845 method=POST path=/lingxi/v1/sessions/sess_local_alpha/execute status=200
2026-09-28T15:14:11.382055Z  INFO lingxi_service::sessions: run committed and published (post-commit) run_id=run_000001a0e894a735_00061a session_id=sess_local_alpha events=run_000001a0e894a735_00061a-done input_chars=22
2026-09-28T15:14:11.382223Z  INFO lingxi_service: request handled request_id=req-e8e1893aeaa975db99799f3c46d86215 method=POST path=/lingxi/v1/sessions/sess_local_alpha/execute status=200
2026-09-28T15:14:11.382984Z  INFO lingxi_service::sessions: run committed and published (post-commit) run_id=run_000001a0e894a736_00061b session_id=sess_local_alpha events=run_000001a0e894a736_00061b-done input_chars=22
2026-09-28T15:14:11.383172Z  INFO lingxi_service: request handled request_id=req-05278d00a3aac74805bda0790156385b method=POST path=/lingxi/v1/sessions/sess_local_alpha/execute status=200
2026-09-28T15:14:11.383973Z  INFO lingxi_service::sessions: run committed and published (post-commit) run_id=run_000001a0e894a737_00061c session_id=sess_local_alpha events=run_000001a0e894a737_00061c-done input_chars=22
2026-09-28T15:14:11.384140Z  INFO lingxi_service: request handled request_id=req-3bdca6cecabe85f2990f284b148d2e76 method=POST path=/lingxi/v1/sessions/sess_local_alpha/execute status=200
2026-09-28T15:14:11.384721Z  INFO lingxi_service::sessions: run committed and published (post-commit) run_id=run_000001a0e894a738_00061d session_id=sess_local_alpha events=run_000001a0e894a738_00061d-done input_chars=22
2026-09-28T15:14:11.384889Z  INFO lingxi_service: request handled request_id=req-dd369756669516575fd9abd8ce20b944 method=POST path=/lingxi/v1/sessions/sess_local_alpha/execute status=200
2026-09-28T15:14:11.385632Z  INFO lingxi_service::sessions: run committed and published (post-commit) run_id=run_000001a0e894a739_00061e session_id=sess_local_alpha events=run_000001a0e894a739_00061e-done input_chars=22
2026-09-28T15:14:11.385798Z  INFO lingxi_service: request handled request_id=req-42470f05a28f99ddf1c5992430b57eda method=POST path=/lingxi/v1/sessions/sess_local_alpha/execute status=200
2026-09-28T15:14:11.386577Z  INFO lingxi_service::sessions: run committed and published (post-commit) run_id=run_000001a0e894a73a_00061f session_id=sess_local_alpha events=run_000001a0e894a73a_00061f-done input_chars=22
2026-09-28T15:14:11.386784Z  INFO lingxi_service: request handled request_id=req-7ac2298cc66c85af1360063c3d947f20 method=POST path=/lingxi/v1/sessions/sess_local_alpha/execute status=200
2026-09-28T15:14:11.387771Z  INFO lingxi_service::sessions: run committed and published (post-commit) run_id=run_000001a0e894a73b_000620 session_id=sess_local_alpha events=run_000001a0e894a73b_000620-done input_chars=22
2026-09-28T15:14:11.387968Z  INFO lingxi_service: request handled request_id=req-c19137a1bc33e12befb171cfd5a6574a method=POST path=/lingxi/v1/sessions/sess_local_alpha/execute status=200
2026-09-28T15:14:11.388837Z  INFO lingxi_service::sessions: run committed and published (post-commit) run_id=run_000001a0e894a73c_000621 session_id=sess_local_alpha events=run_000001a0e894a73c_000621-done input_chars=22
2026-09-28T15:14:11.389063Z  INFO lingxi_service: request handled request_id=req-02a4ba2b4de886ba2d9940b348916a95 method=POST path=/lingxi/v1/sessions/sess_local_alpha/execute status=200
2026-09-28T15:14:11.390006Z  INFO lingxi_service::sessions: run committed and published (post-commit) run_id=run_000001a0e894a73d_000622 session_id=sess_local_alpha events=run_000001a0e894a73d_000622-done input_chars=22
2026-09-28T15:14:11.390211Z  INFO lingxi_service: request handled request_id=req-44418e368ecdd0de2f60d8c7cfa28d05 method=POST path=/lingxi/v1/sessions/sess_local_alpha/execute status=200
2026-09-28T15:14:11.391041Z  INFO lingxi_service::sessions: run committed and published (post-commit) run_id=run_000001a0e894a73e_000623 session_id=sess_local_alpha events=run_000001a0e894a73e_000623-done input_chars=22
2026-09-28T15:14:11.391219Z  INFO lingxi_service: request handled request_id=req-d691bc306888c751b0ac0f8a85a62a60 method=POST path=/lingxi/v1/sessions/sess_local_alpha/execute status=200
2026-09-28T15:14:11.391917Z  INFO lingxi_service::sessions: run committed and published (post-commit) run_id=run_000001a0e894a73f_000624 session_id=sess_local_alpha events=run_000001a0e894a73f_000624-done input_chars=22
2026-09-28T15:14:11.392084Z  INFO lingxi_service: request handled request_id=req-46cca3ef06e9d5117bcffdfc47c565c8 method=POST path=/lingxi/v1/sessions/sess_local_alpha/execute status=200
2026-09-28T15:14:11.392866Z  INFO lingxi_service::sessions: run committed and published (post-commit) run_id=run_000001a0e894a740_000625 session_id=sess_local_alpha events=run_000001a0e894a740_000625-done input_chars=22
2026-09-28T15:14:11.393057Z  INFO lingxi_service: request handled request_id=req-09c41d82d054645136ccb09fbc9c04ee method=POST path=/lingxi/v1/sessions/sess_local_alpha/execute status=200
2026-09-28T15:14:11.393824Z  INFO lingxi_service::sessions: run committed and published (post-commit) run_id=run_000001a0e894a741_000626 session_id=sess_local_alpha events=run_000001a0e894a741_000626-done input_chars=22
2026-09-28T15:14:11.393999Z  INFO lingxi_service: request handled request_id=req-9916ba24dbe000a16b8ac24404601a7e method=POST path=/lingxi/v1/sessions/sess_local_alpha/execute status=200
2026-09-28T15:14:11.394688Z  INFO lingxi_service::sessions: run committed and published (post-commit) run_id=run_000001a0e894a742_000627 session_id=sess_local_alpha events=run_000001a0e894a742_000627-done input_chars=22
2026-09-28T15:14:11.394865Z  INFO lingxi_service: request handled request_id=req-6a565423d602e21d861016ec1431d467 method=POST path=/lingxi/v1/sessions/sess_local_alpha/execute status=200
2026-09-28T15:14:11.395730Z  INFO lingxi_service::sessions: run committed and published (post-commit) run_id=run_000001a0e894a743_000628 session_id=sess_local_alpha events=run_000001a0e894a743_000628-done input_chars=22
2026-09-28T15:14:11.395911Z  INFO lingxi_service: request handled request_id=req-0cb18be8e14bb1ba506bd71253c2b933 method=POST path=/lingxi/v1/sessions/sess_local_alpha/execute status=200
2026-09-28T15:14:11.396721Z  INFO lingxi_service::sessions: run committed and published (post-commit) run_id=run_000001a0e894a744_000629 session_id=sess_local_alpha events=run_000001a0e894a744_000629-done input_chars=22
2026-09-28T15:14:11.396907Z  INFO lingxi_service: request handled request_id=req-e97db25a11bd5ba2acef335f8a691cee method=POST path=/lingxi/v1/sessions/sess_local_alpha/execute status=200
2026-09-28T15:14:11.397620Z  INFO lingxi_service::sessions: run committed and published (post-commit) run_id=run_000001a0e894a745_00062a session_id=sess_local_alpha events=run_000001a0e894a745_00062a-done input_chars=22
2026-09-28T15:14:11.397795Z  INFO lingxi_service: request handled request_id=req-ede20e96749d321db6654b1b6e81b07e method=POST path=/lingxi/v1/sessions/sess_local_alpha/execute status=200
2026-09-28T15:14:11.398461Z  INFO lingxi_service::sessions: run committed and published (post-commit) run_id=run_000001a0e894a746_00062b session_id=sess_local_alpha events=run_000001a0e894a746_00062b-done input_chars=22
2026-09-28T15:14:11.398627Z  INFO lingxi_service: request handled request_id=req-534ebcd56e18d87241dcbbf72c2f56fd method=POST path=/lingxi/v1/sessions/sess_local_alpha/execute status=200
2026-09-28T15:14:11.399387Z  INFO lingxi_service::sessions: run committed and published (post-commit) run_id=run_000001a0e894a747_00062c session_id=sess_local_alpha events=run_000001a0e894a747_00062c-done input_chars=22
2026-09-28T15:14:11.399590Z  INFO lingxi_service: request handled request_id=req-74f80b2ba2d3f5c654688c8e4d1c50d2 method=POST path=/lingxi/v1/sessions/sess_local_alpha/execute status=200
2026-09-28T15:14:11.400350Z  INFO lingxi_service::sessions: run committed and published (post-commit) run_id=run_000001a0e894a747_00062d session_id=sess_local_alpha events=run_000001a0e894a747_00062d-done input_chars=22
2026-09-28T15:14:11.400538Z  INFO lingxi_service: request handled request_id=req-39573c70136c5c66da78c75801e3229a method=POST path=/lingxi/v1/sessions/sess_local_alpha/execute status=200
2026-09-28T15:14:11.401272Z  INFO lingxi_service::sessions: run committed and published (post-commit) run_id=run_000001a0e894a748_00062e session_id=sess_local_alpha events=run_000001a0e894a748_00062e-done input_chars=22
2026-09-28T15:14:11.401441Z  INFO lingxi_service: request handled request_id=req-666fc35f52030e68960370d7205d895f method=POST path=/lingxi/v1/sessions/sess_local_alpha/execute status=200
2026-09-28T15:14:11.402106Z  INFO lingxi_service::sessions: run committed and published (post-commit) run_id=run_000001a0e894a749_00062f session_id=sess_local_alpha events=run_000001a0e894a749_00062f-done input_chars=22
2026-09-28T15:14:11.402285Z  INFO lingxi_service: request handled request_id=req-de33ef8edc48cdc2b72b1e4ba369b061 method=POST path=/lingxi/v1/sessions/sess_local_alpha/execute status=200
2026-09-28T15:14:11.403009Z  INFO lingxi_service::sessions: run committed and published (post-commit) run_id=run_000001a0e894a74a_000630 session_id=sess_local_alpha events=run_000001a0e894a74a_000630-done input_chars=22
2026-09-28T15:14:11.403201Z  INFO lingxi_service: request handled request_id=req-d70dae597dad2d09033499bf30c975c5 method=POST path=/lingxi/v1/sessions/sess_local_alpha/execute status=200
2026-09-28T15:14:11.403920Z  INFO lingxi_service::sessions: run committed and published (post-commit) run_id=run_000001a0e894a74b_000631 session_id=sess_local_alpha events=run_000001a0e894a74b_000631-done input_chars=22
2026-09-28T15:14:11.404090Z  INFO lingxi_service: request handled request_id=req-ae08b189f428e99b1950e23d2e5d762e method=POST path=/lingxi/v1/sessions/sess_local_alpha/execute status=200
2026-09-28T15:14:11.404748Z  INFO lingxi_service::sessions: run committed and published (post-commit) run_id=run_000001a0e894a74c_000632 session_id=sess_local_alpha events=run_000001a0e894a74c_000632-done input_chars=22
2026-09-28T15:14:11.404920Z  INFO lingxi_service: request handled request_id=req-b474e6e6946a5675d8d2e640a11fcac7 method=POST path=/lingxi/v1/sessions/sess_local_alpha/execute status=200
2026-09-28T15:14:11.405587Z  INFO lingxi_service::sessions: run committed and published (post-commit) run_id=run_000001a0e894a74d_000633 session_id=sess_local_alpha events=run_000001a0e894a74d_000633-done input_chars=22
2026-09-28T15:14:11.405772Z  INFO lingxi_service: request handled request_id=req-7182d73b0bd0abf56118c68e5f811d78 method=POST path=/lingxi/v1/sessions/sess_local_alpha/execute status=200
2026-09-28T15:14:11.406528Z  INFO lingxi_service::sessions: run committed and published (post-commit) run_id=run_000001a0e894a74e_000634 session_id=sess_local_alpha events=run_000001a0e894a74e_000634-done input_chars=22
2026-09-28T15:14:11.406708Z  INFO lingxi_service: request handled request_id=req-9755ab8249aaf6c9dc5e6e687f481309 method=POST path=/lingxi/v1/sessions/sess_local_alpha/execute status=200
2026-09-28T15:14:11.407407Z  INFO lingxi_service::sessions: run committed and published (post-commit) run_id=run_000001a0e894a74f_000635 session_id=sess_local_alpha events=run_000001a0e894a74f_000635-done input_chars=22
2026-09-28T15:14:11.407578Z  INFO lingxi_service: request handled request_id=req-43b35b4e7a039dfcd55e7ed89d98812a method=POST path=/lingxi/v1/sessions/sess_local_alpha/execute status=200
2026-09-28T15:14:11.408198Z  INFO lingxi_service::sessions: run committed and published (post-commit) run_id=run_000001a0e894a74f_000636 session_id=sess_local_alpha events=run_000001a0e894a74f_000636-done input_chars=22
2026-09-28T15:14:11.408377Z  INFO lingxi_service: request handled request_id=req-6187a312a6c7405c90856cc774424192 method=POST path=/lingxi/v1/sessions/sess_local_alpha/execute status=200
2026-09-28T15:14:11.409058Z  INFO lingxi_service::sessions: run committed and published (post-commit) run_id=run_000001a0e894a750_000637 session_id=sess_local_alpha events=run_000001a0e894a750_000637-done input_chars=22
2026-09-28T15:14:11.409239Z  INFO lingxi_service: request handled request_id=req-bfc5037e381654f4eeb9df411bbe4cf0 method=POST path=/lingxi/v1/sessions/sess_local_alpha/execute status=200
2026-09-28T15:14:11.409959Z  INFO lingxi_service::sessions: run committed and published (post-commit) run_id=run_000001a0e894a751_000638 session_id=sess_local_alpha events=run_000001a0e894a751_000638-done input_chars=22
2026-09-28T15:14:11.410131Z  INFO lingxi_service: request handled request_id=req-bd8b58dd9b6040f53e2980580b09d6b6 method=POST path=/lingxi/v1/sessions/sess_local_alpha/execute status=200
2026-09-28T15:14:11.410758Z  INFO lingxi_service::sessions: run committed and published (post-commit) run_id=run_000001a0e894a752_000639 session_id=sess_local_alpha events=run_000001a0e894a752_000639-done input_chars=22
2026-09-28T15:14:11.410928Z  INFO lingxi_service: request handled request_id=req-a9b21f7e4c6d4c8afaf1649d95aa5a74 method=POST path=/lingxi/v1/sessions/sess_local_alpha/execute status=200
2026-09-28T15:14:11.411552Z  INFO lingxi_service::sessions: run committed and published (post-commit) run_id=run_000001a0e894a753_00063a session_id=sess_local_alpha events=run_000001a0e894a753_00063a-done input_chars=22
2026-09-28T15:14:11.411726Z  INFO lingxi_service: request handled request_id=req-11bbd38693d5b04248246604ab817734 method=POST path=/lingxi/v1/sessions/sess_local_alpha/execute status=200
2026-09-28T15:14:11.412516Z  INFO lingxi_service::sessions: run committed and published (post-commit) run_id=run_000001a0e894a754_00063b session_id=sess_local_alpha events=run_000001a0e894a754_00063b-done input_chars=22
2026-09-28T15:14:11.412704Z  INFO lingxi_service: request handled request_id=req-f3f766fb5038365d87675f49eb5d1d1d method=POST path=/lingxi/v1/sessions/sess_local_alpha/execute status=200
2026-09-28T15:14:11.413397Z  INFO lingxi_service::sessions: run committed and published (post-commit) run_id=run_000001a0e894a755_00063c session_id=sess_local_alpha events=run_000001a0e894a755_00063c-done input_chars=22
2026-09-28T15:14:11.413642Z  INFO lingxi_service: request handled request_id=req-d513a1399e6f77c6321fa83f1408d0d5 method=POST path=/lingxi/v1/sessions/sess_local_alpha/execute status=200
2026-09-28T15:14:11.414312Z  INFO lingxi_service::sessions: run committed and published (post-commit) run_id=run_000001a0e894a755_00063d session_id=sess_local_alpha events=run_000001a0e894a755_00063d-done input_chars=22
2026-09-28T15:14:11.414492Z  INFO lingxi_service: request handled request_id=req-d0a0fc54994e91ca7a2e8b7844472eb1 method=POST path=/lingxi/v1/sessions/sess_local_alpha/execute status=200
2026-09-28T15:14:11.415175Z  INFO lingxi_service::sessions: run committed and published (post-commit) run_id=run_000001a0e894a756_00063e session_id=sess_local_alpha events=run_000001a0e894a756_00063e-done input_chars=22
2026-09-28T15:14:11.415360Z  INFO lingxi_service: request handled request_id=req-8a983a618a1af75412fa49a23535a2a9 method=POST path=/lingxi/v1/sessions/sess_local_alpha/execute status=200
2026-09-28T15:14:11.416037Z  INFO lingxi_service::sessions: run committed and published (post-commit) run_id=run_000001a0e894a757_00063f session_id=sess_local_alpha events=run_000001a0e894a757_00063f-done input_chars=22
2026-09-28T15:14:11.416208Z  INFO lingxi_service: request handled request_id=req-4078c2a0b08ae13b4337ffc3adfcfbe0 method=POST path=/lingxi/v1/sessions/sess_local_alpha/execute status=200
2026-09-28T15:14:11.416922Z  INFO lingxi_service::sessions: run committed and published (post-commit) run_id=run_000001a0e894a758_000640 session_id=sess_local_alpha events=run_000001a0e894a758_000640-done input_chars=22
2026-09-28T15:14:11.417100Z  INFO lingxi_service: request handled request_id=req-63c3798ee670c141922098db8d85a6b4 method=POST path=/lingxi/v1/sessions/sess_local_alpha/execute status=200
2026-09-28T15:14:11.418212Z  INFO lingxi_service::sessions: run committed and published (post-commit) run_id=run_000001a0e894a759_000641 session_id=sess_local_alpha events=run_000001a0e894a759_000641-done input_chars=22
2026-09-28T15:14:11.418390Z  INFO lingxi_service: request handled request_id=req-c15ac60cf718f271f6c164e31b343108 method=POST path=/lingxi/v1/sessions/sess_local_alpha/execute status=200
2026-09-28T15:14:11.419070Z  INFO lingxi_service::sessions: run committed and published (post-commit) run_id=run_000001a0e894a75a_000642 session_id=sess_local_alpha events=run_000001a0e894a75a_000642-done input_chars=22
2026-09-28T15:14:11.419328Z  INFO lingxi_service: request handled request_id=req-34f6b3fc39daaea95126a20d71925750 method=POST path=/lingxi/v1/sessions/sess_local_alpha/execute status=200
2026-09-28T15:14:11.420110Z  INFO lingxi_service::sessions: run committed and published (post-commit) run_id=run_000001a0e894a75b_000643 session_id=sess_local_alpha events=run_000001a0e894a75b_000643-done input_chars=22
2026-09-28T15:14:11.420283Z  INFO lingxi_service: request handled request_id=req-bb992a88e8bc10505990034927466150 method=POST path=/lingxi/v1/sessions/sess_local_alpha/execute status=200
2026-09-28T15:14:11.420987Z  INFO lingxi_service::sessions: run committed and published (post-commit) run_id=run_000001a0e894a75c_000644 session_id=sess_local_alpha events=run_000001a0e894a75c_000644-done input_chars=22
2026-09-28T15:14:11.421154Z  INFO lingxi_service: request handled request_id=req-fb00cc6507b9790bba3774ad0b75e306 method=POST path=/lingxi/v1/sessions/sess_local_alpha/execute status=200
2026-09-28T15:14:11.421840Z  INFO lingxi_service::sessions: run committed and published (post-commit) run_id=run_000001a0e894a75d_000645 session_id=sess_local_alpha events=run_000001a0e894a75d_000645-done input_chars=22
2026-09-28T15:14:11.422012Z  INFO lingxi_service: request handled request_id=req-3ee18c37cfd44160fc99dabd39f52c85 method=POST path=/lingxi/v1/sessions/sess_local_alpha/execute status=200
2026-09-28T15:14:11.422670Z  INFO lingxi_service::sessions: run committed and published (post-commit) run_id=run_000001a0e894a75e_000646 session_id=sess_local_alpha events=run_000001a0e894a75e_000646-done input_chars=22
2026-09-28T15:14:11.422841Z  INFO lingxi_service: request handled request_id=req-57b5dca6e48bc8272c76d210183562b8 method=POST path=/lingxi/v1/sessions/sess_local_alpha/execute status=200
2026-09-28T15:14:11.423590Z  INFO lingxi_service::sessions: run committed and published (post-commit) run_id=run_000001a0e894a75f_000647 session_id=sess_local_alpha events=run_000001a0e894a75f_000647-done input_chars=22
2026-09-28T15:14:11.423779Z  INFO lingxi_service: request handled request_id=req-67aed201766b1874d01349b3353caf7b method=POST path=/lingxi/v1/sessions/sess_local_alpha/execute status=200
2026-09-28T15:14:11.424471Z  INFO lingxi_service::sessions: run committed and published (post-commit) run_id=run_000001a0e894a760_000648 session_id=sess_local_alpha events=run_000001a0e894a760_000648-done input_chars=22
2026-09-28T15:14:11.424645Z  INFO lingxi_service: request handled request_id=req-2faeb71528c3454433e8ea665fadf415 method=POST path=/lingxi/v1/sessions/sess_local_alpha/execute status=200
2026-09-28T15:14:11.425248Z  INFO lingxi_service::sessions: run committed and published (post-commit) run_id=run_000001a0e894a760_000649 session_id=sess_local_alpha events=run_000001a0e894a760_000649-done input_chars=22
2026-09-28T15:14:11.425416Z  INFO lingxi_service: request handled request_id=req-b7135b3eb31b5d27d71aabb6d046dfe1 method=POST path=/lingxi/v1/sessions/sess_local_alpha/execute status=200
2026-09-28T15:14:11.426060Z  INFO lingxi_service::sessions: run committed and published (post-commit) run_id=run_000001a0e894a761_00064a session_id=sess_local_alpha events=run_000001a0e894a761_00064a-done input_chars=22
2026-09-28T15:14:11.426260Z  INFO lingxi_service: request handled request_id=req-3ed390c4fb51b6232327ae3a0b9fae74 method=POST path=/lingxi/v1/sessions/sess_local_alpha/execute status=200
2026-09-28T15:14:11.427082Z  INFO lingxi_service::sessions: run committed and published (post-commit) run_id=run_000001a0e894a762_00064b session_id=sess_local_alpha events=run_000001a0e894a762_00064b-done input_chars=22
2026-09-28T15:14:11.427278Z  INFO lingxi_service: request handled request_id=req-7cc35acb744150d719a0bde28b057eac method=POST path=/lingxi/v1/sessions/sess_local_alpha/execute status=200
2026-09-28T15:14:11.427963Z  INFO lingxi_service::sessions: run committed and published (post-commit) run_id=run_000001a0e894a763_00064c session_id=sess_local_alpha events=run_000001a0e894a763_00064c-done input_chars=22
2026-09-28T15:14:11.428137Z  INFO lingxi_service: request handled request_id=req-457c9ea232d02b95e2391180c446a151 method=POST path=/lingxi/v1/sessions/sess_local_alpha/execute status=200
2026-09-28T15:14:11.428829Z  INFO lingxi_service::sessions: run committed and published (post-commit) run_id=run_000001a0e894a764_00064d session_id=sess_local_alpha events=run_000001a0e894a764_00064d-done input_chars=22
2026-09-28T15:14:11.429026Z  INFO lingxi_service: request handled request_id=req-39d944095b889917741e04c371371d6a method=POST path=/lingxi/v1/sessions/sess_local_alpha/execute status=200
2026-09-28T15:14:11.429792Z  INFO lingxi_service::sessions: run committed and published (post-commit) run_id=run_000001a0e894a765_00064e session_id=sess_local_alpha events=run_000001a0e894a765_00064e-done input_chars=22
2026-09-28T15:14:11.429982Z  INFO lingxi_service: request handled request_id=req-52c0bebedd2dbbf3e5c2379fdc3ec5c3 method=POST path=/lingxi/v1/sessions/sess_local_alpha/execute status=200
2026-09-28T15:14:11.430728Z  INFO lingxi_service::sessions: run committed and published (post-commit) run_id=run_000001a0e894a766_00064f session_id=sess_local_alpha events=run_000001a0e894a766_00064f-done input_chars=22
2026-09-28T15:14:11.430901Z  INFO lingxi_service: request handled request_id=req-38ed8bfb495375cdbf718a472abd13c4 method=POST path=/lingxi/v1/sessions/sess_local_alpha/execute status=200
2026-09-28T15:14:11.431540Z  INFO lingxi_service::sessions: run committed and published (post-commit) run_id=run_000001a0e894a767_000650 session_id=sess_local_alpha events=run_000001a0e894a767_000650-done input_chars=22
2026-09-28T15:14:11.431721Z  INFO lingxi_service: request handled request_id=req-5951650b2cc342ee2e2d0073780b0258 method=POST path=/lingxi/v1/sessions/sess_local_alpha/execute status=200
2026-09-28T15:14:11.432409Z  INFO lingxi_service::sessions: run committed and published (post-commit) run_id=run_000001a0e894a768_000651 session_id=sess_local_alpha events=run_000001a0e894a768_000651-done input_chars=22
2026-09-28T15:14:11.432585Z  INFO lingxi_service: request handled request_id=req-891f2f71ef0ef666b9e700186787d854 method=POST path=/lingxi/v1/sessions/sess_local_alpha/execute status=200
2026-09-28T15:14:11.433427Z  INFO lingxi_service::sessions: run committed and published (post-commit) run_id=run_000001a0e894a768_000652 session_id=sess_local_alpha events=run_000001a0e894a768_000652-done input_chars=22
2026-09-28T15:14:11.433622Z  INFO lingxi_service: request handled request_id=req-0cb498f83bbd0e2270411f13f352245b method=POST path=/lingxi/v1/sessions/sess_local_alpha/execute status=200
2026-09-28T15:14:11.434366Z  INFO lingxi_service::sessions: run committed and published (post-commit) run_id=run_000001a0e894a769_000653 session_id=sess_local_alpha events=run_000001a0e894a769_000653-done input_chars=22
2026-09-28T15:14:11.434547Z  INFO lingxi_service: request handled request_id=req-0c9c17c55d621a9be69d90355d7407ee method=POST path=/lingxi/v1/sessions/sess_local_alpha/execute status=200
2026-09-28T15:14:11.435245Z  INFO lingxi_service::sessions: run committed and published (post-commit) run_id=run_000001a0e894a76a_000654 session_id=sess_local_alpha events=run_000001a0e894a76a_000654-done input_chars=22
2026-09-28T15:14:11.435420Z  INFO lingxi_service: request handled request_id=req-e54e5dfe8f201d7d01340223441943e5 method=POST path=/lingxi/v1/sessions/sess_local_alpha/execute status=200
2026-09-28T15:14:11.436140Z  INFO lingxi_service::sessions: run committed and published (post-commit) run_id=run_000001a0e894a76b_000655 session_id=sess_local_alpha events=run_000001a0e894a76b_000655-done input_chars=22
2026-09-28T15:14:11.436316Z  INFO lingxi_service: request handled request_id=req-ef7ad6a2a6cb0d962081f89bba2fc429 method=POST path=/lingxi/v1/sessions/sess_local_alpha/execute status=200
2026-09-28T15:14:11.437131Z  INFO lingxi_service::sessions: run committed and published (post-commit) run_id=run_000001a0e894a76c_000656 session_id=sess_local_alpha events=run_000001a0e894a76c_000656-done input_chars=22
2026-09-28T15:14:11.437311Z  INFO lingxi_service: request handled request_id=req-0d7595cd93f143c2fab98e8468f45cc0 method=POST path=/lingxi/v1/sessions/sess_local_alpha/execute status=200
2026-09-28T15:14:11.438011Z  INFO lingxi_service::sessions: run committed and published (post-commit) run_id=run_000001a0e894a76d_000657 session_id=sess_local_alpha events=run_000001a0e894a76d_000657-done input_chars=22
2026-09-28T15:14:11.438182Z  INFO lingxi_service: request handled request_id=req-8f9980c5bb44a7a7951faac9865c2429 method=POST path=/lingxi/v1/sessions/sess_local_alpha/execute status=200
2026-09-28T15:14:11.438806Z  INFO lingxi_service::sessions: run committed and published (post-commit) run_id=run_000001a0e894a76e_000658 session_id=sess_local_alpha events=run_000001a0e894a76e_000658-done input_chars=22
2026-09-28T15:14:11.438983Z  INFO lingxi_service: request handled request_id=req-00f308e6b7697b4fa389a8fee62a8744 method=POST path=/lingxi/v1/sessions/sess_local_alpha/execute status=200
2026-09-28T15:14:11.439647Z  INFO lingxi_service::sessions: run committed and published (post-commit) run_id=run_000001a0e894a76f_000659 session_id=sess_local_alpha events=run_000001a0e894a76f_000659-done input_chars=22
2026-09-28T15:14:11.439828Z  INFO lingxi_service: request handled request_id=req-986e950d9ad12f34c0abaf6c01b0df07 method=POST path=/lingxi/v1/sessions/sess_local_alpha/execute status=200
2026-09-28T15:14:11.440613Z  INFO lingxi_service::sessions: run committed and published (post-commit) run_id=run_000001a0e894a770_00065a session_id=sess_local_alpha events=run_000001a0e894a770_00065a-done input_chars=22
2026-09-28T15:14:11.440904Z  INFO lingxi_service: request handled request_id=req-cd87c437fd76e75a7ce3823df3969c6e method=POST path=/lingxi/v1/sessions/sess_local_alpha/execute status=200
2026-09-28T15:14:11.441641Z  INFO lingxi_service::sessions: run committed and published (post-commit) run_id=run_000001a0e894a771_00065b session_id=sess_local_alpha events=run_000001a0e894a771_00065b-done input_chars=22
2026-09-28T15:14:11.441825Z  INFO lingxi_service: request handled request_id=req-d10c2bbe0f7df59e55bdd70ff1f8cb00 method=POST path=/lingxi/v1/sessions/sess_local_alpha/execute status=200
2026-09-28T15:14:11.442509Z  INFO lingxi_service::sessions: run committed and published (post-commit) run_id=run_000001a0e894a772_00065c session_id=sess_local_alpha events=run_000001a0e894a772_00065c-done input_chars=22
2026-09-28T15:14:11.442691Z  INFO lingxi_service: request handled request_id=req-30ba90f7cf731cd4bba0cdfa47704b12 method=POST path=/lingxi/v1/sessions/sess_local_alpha/execute status=200
2026-09-28T15:14:11.443368Z  INFO lingxi_service::sessions: run committed and published (post-commit) run_id=run_000001a0e894a773_00065d session_id=sess_local_alpha events=run_000001a0e894a773_00065d-done input_chars=22
2026-09-28T15:14:11.443563Z  INFO lingxi_service: request handled request_id=req-71575740d2e61fd61b817663e397f280 method=POST path=/lingxi/v1/sessions/sess_local_alpha/execute status=200
2026-09-28T15:14:11.444271Z  INFO lingxi_service::sessions: run committed and published (post-commit) run_id=run_000001a0e894a773_00065e session_id=sess_local_alpha events=run_000001a0e894a773_00065e-done input_chars=22
2026-09-28T15:14:11.444445Z  INFO lingxi_service: request handled request_id=req-525a52701769c82357173cd8ca3b6862 method=POST path=/lingxi/v1/sessions/sess_local_alpha/execute status=200
2026-09-28T15:14:11.445091Z  INFO lingxi_service::sessions: run committed and published (post-commit) run_id=run_000001a0e894a774_00065f session_id=sess_local_alpha events=run_000001a0e894a774_00065f-done input_chars=22
2026-09-28T15:14:11.445280Z  INFO lingxi_service: request handled request_id=req-12b87c70ee8ca8652d459cf0f80c1559 method=POST path=/lingxi/v1/sessions/sess_local_alpha/execute status=200
2026-09-28T15:14:11.446012Z  INFO lingxi_service::sessions: run committed and published (post-commit) run_id=run_000001a0e894a775_000660 session_id=sess_local_alpha events=run_000001a0e894a775_000660-done input_chars=22
2026-09-28T15:14:11.446201Z  INFO lingxi_service: request handled request_id=req-6532b196b35f6290439fb1173845e1b9 method=POST path=/lingxi/v1/sessions/sess_local_alpha/execute status=200
2026-09-28T15:14:11.446919Z  INFO lingxi_service::sessions: run committed and published (post-commit) run_id=run_000001a0e894a776_000661 session_id=sess_local_alpha events=run_000001a0e894a776_000661-done input_chars=22
2026-09-28T15:14:11.447126Z  INFO lingxi_service: request handled request_id=req-7d51a4d4a87c809df264247031c5cd83 method=POST path=/lingxi/v1/sessions/sess_local_alpha/execute status=200
2026-09-28T15:14:11.447775Z  INFO lingxi_service::sessions: run committed and published (post-commit) run_id=run_000001a0e894a777_000662 session_id=sess_local_alpha events=run_000001a0e894a777_000662-done input_chars=22
2026-09-28T15:14:11.447948Z  INFO lingxi_service: request handled request_id=req-7ffe4eb9257c78419f7e421404518453 method=POST path=/lingxi/v1/sessions/sess_local_alpha/execute status=200
2026-09-28T15:14:11.448578Z  INFO lingxi_service::sessions: run committed and published (post-commit) run_id=run_000001a0e894a778_000663 session_id=sess_local_alpha events=run_000001a0e894a778_000663-done input_chars=22
2026-09-28T15:14:11.448747Z  INFO lingxi_service: request handled request_id=req-cb3794b8530223cf2bb7329a9b693c5a method=POST path=/lingxi/v1/sessions/sess_local_alpha/execute status=200
2026-09-28T15:14:11.449420Z  INFO lingxi_service::sessions: run committed and published (post-commit) run_id=run_000001a0e894a779_000664 session_id=sess_local_alpha events=run_000001a0e894a779_000664-done input_chars=22
2026-09-28T15:14:11.449601Z  INFO lingxi_service: request handled request_id=req-4b295a8d5df96f974a5d9cbe2bce4a24 method=POST path=/lingxi/v1/sessions/sess_local_alpha/execute status=200
2026-09-28T15:14:11.450419Z  INFO lingxi_service::sessions: run committed and published (post-commit) run_id=run_000001a0e894a779_000665 session_id=sess_local_alpha events=run_000001a0e894a779_000665-done input_chars=22
2026-09-28T15:14:11.450609Z  INFO lingxi_service: request handled request_id=req-270cd2896f783d71b9248e315f6375b1 method=POST path=/lingxi/v1/sessions/sess_local_alpha/execute status=200
2026-09-28T15:14:11.451353Z  INFO lingxi_service::sessions: run committed and published (post-commit) run_id=run_000001a0e894a77b_000666 session_id=sess_local_alpha events=run_000001a0e894a77b_000666-done input_chars=22
2026-09-28T15:14:11.451550Z  INFO lingxi_service: request handled request_id=req-41a0c22019cba8e4f3d92b1872181974 method=POST path=/lingxi/v1/sessions/sess_local_alpha/execute status=200
2026-09-28T15:14:11.452309Z  INFO lingxi_service::sessions: run committed and published (post-commit) run_id=run_000001a0e894a77b_000667 session_id=sess_local_alpha events=run_000001a0e894a77b_000667-done input_chars=22
2026-09-28T15:14:11.452479Z  INFO lingxi_service: request handled request_id=req-ce841bd233bfe8743b0ab25efd5c0d74 method=POST path=/lingxi/v1/sessions/sess_local_alpha/execute status=200
2026-09-28T15:14:11.453330Z  INFO lingxi_service::sessions: run committed and published (post-commit) run_id=run_000001a0e894a77c_000668 session_id=sess_local_alpha events=run_000001a0e894a77c_000668-done input_chars=22
2026-09-28T15:14:11.453512Z  INFO lingxi_service: request handled request_id=req-1fdda007fcf6170d783b104685086e78 method=POST path=/lingxi/v1/sessions/sess_local_alpha/execute status=200
2026-09-28T15:14:11.454170Z  INFO lingxi_service::sessions: run committed and published (post-commit) run_id=run_000001a0e894a77d_000669 session_id=sess_local_alpha events=run_000001a0e894a77d_000669-done input_chars=22
2026-09-28T15:14:11.454336Z  INFO lingxi_service: request handled request_id=req-cf487245b0811a00521fe8a440f4c4ab method=POST path=/lingxi/v1/sessions/sess_local_alpha/execute status=200
2026-09-28T15:14:11.457322Z  INFO lingxi_service::sessions: run committed and published (post-commit) run_id=run_000001a0e894a780_00066a session_id=sess_local_alpha events=run_000001a0e894a780_00066a-done input_chars=22
2026-09-28T15:14:11.457519Z  INFO lingxi_service: request handled request_id=req-fbaf36c1ac158e3df089dbea826ebe89 method=POST path=/lingxi/v1/sessions/sess_local_alpha/execute status=200
2026-09-28T15:14:11.458165Z  INFO lingxi_service::sessions: run committed and published (post-commit) run_id=run_000001a0e894a781_00066b session_id=sess_local_alpha events=run_000001a0e894a781_00066b-done input_chars=22
2026-09-28T15:14:11.458333Z  INFO lingxi_service: request handled request_id=req-e1d5808d84acc7a1f4fcb2ae2f0dfe8a method=POST path=/lingxi/v1/sessions/sess_local_alpha/execute status=200
2026-09-28T15:14:11.458930Z  INFO lingxi_service::sessions: run committed and published (post-commit) run_id=run_000001a0e894a782_00066c session_id=sess_local_alpha events=run_000001a0e894a782_00066c-done input_chars=22
2026-09-28T15:14:11.459107Z  INFO lingxi_service: request handled request_id=req-d9876e41ddde638525be4404625dbb81 method=POST path=/lingxi/v1/sessions/sess_local_alpha/execute status=200
2026-09-28T15:14:11.459997Z  INFO lingxi_service::sessions: run committed and published (post-commit) run_id=run_000001a0e894a783_00066d session_id=sess_local_alpha events=run_000001a0e894a783_00066d-done input_chars=22
2026-09-28T15:14:11.460187Z  INFO lingxi_service: request handled request_id=req-312ae7312b362c91b57a2a4a6f0ac009 method=POST path=/lingxi/v1/sessions/sess_local_alpha/execute status=200
2026-09-28T15:14:11.461052Z  INFO lingxi_service::sessions: run committed and published (post-commit) run_id=run_000001a0e894a784_00066e session_id=sess_local_alpha events=run_000001a0e894a784_00066e-done input_chars=22
2026-09-28T15:14:11.461236Z  INFO lingxi_service: request handled request_id=req-d580427398e8c68f6b957b6407c23adb method=POST path=/lingxi/v1/sessions/sess_local_alpha/execute status=200
2026-09-28T15:14:11.461960Z  INFO lingxi_service::sessions: run committed and published (post-commit) run_id=run_000001a0e894a785_00066f session_id=sess_local_alpha events=run_000001a0e894a785_00066f-done input_chars=22
2026-09-28T15:14:11.462147Z  INFO lingxi_service: request handled request_id=req-a6bb411f42f41a361cdb51cf01dc70a9 method=POST path=/lingxi/v1/sessions/sess_local_alpha/execute status=200
2026-09-28T15:14:11.462845Z  INFO lingxi_service::sessions: run committed and published (post-commit) run_id=run_000001a0e894a786_000670 session_id=sess_local_alpha events=run_000001a0e894a786_000670-done input_chars=22
2026-09-28T15:14:11.463140Z  INFO lingxi_service: request handled request_id=req-0028392222195bd890505d0e7e5ae39a method=POST path=/lingxi/v1/sessions/sess_local_alpha/execute status=200
2026-09-28T15:14:11.463906Z  INFO lingxi_service::sessions: run committed and published (post-commit) run_id=run_000001a0e894a787_000671 session_id=sess_local_alpha events=run_000001a0e894a787_000671-done input_chars=22
2026-09-28T15:14:11.464096Z  INFO lingxi_service: request handled request_id=req-0d072012a4694bf894312692bea05753 method=POST path=/lingxi/v1/sessions/sess_local_alpha/execute status=200
2026-09-28T15:14:11.464772Z  INFO lingxi_service::sessions: run committed and published (post-commit) run_id=run_000001a0e894a788_000672 session_id=sess_local_alpha events=run_000001a0e894a788_000672-done input_chars=22
2026-09-28T15:14:11.464938Z  INFO lingxi_service: request handled request_id=req-5e8a59ada64801c28073461eb5772766 method=POST path=/lingxi/v1/sessions/sess_local_alpha/execute status=200
2026-09-28T15:14:11.465680Z  INFO lingxi_service::sessions: run committed and published (post-commit) run_id=run_000001a0e894a789_000673 session_id=sess_local_alpha events=run_000001a0e894a789_000673-done input_chars=22
2026-09-28T15:14:11.465851Z  INFO lingxi_service: request handled request_id=req-5137e43e683fb0c40ce8eb58ded61efc method=POST path=/lingxi/v1/sessions/sess_local_alpha/execute status=200
2026-09-28T15:14:11.466495Z  INFO lingxi_service::sessions: run committed and published (post-commit) run_id=run_000001a0e894a78a_000674 session_id=sess_local_alpha events=run_000001a0e894a78a_000674-done input_chars=22
2026-09-28T15:14:11.466688Z  INFO lingxi_service: request handled request_id=req-9ec479ef498b6b09fd8333ce563e6993 method=POST path=/lingxi/v1/sessions/sess_local_alpha/execute status=200
2026-09-28T15:14:11.467447Z  INFO lingxi_service::sessions: run committed and published (post-commit) run_id=run_000001a0e894a78b_000675 session_id=sess_local_alpha events=run_000001a0e894a78b_000675-done input_chars=22
2026-09-28T15:14:11.467616Z  INFO lingxi_service: request handled request_id=req-5f69f82aa0c4efd14298fd26c05815fd method=POST path=/lingxi/v1/sessions/sess_local_alpha/execute status=200
2026-09-28T15:14:11.468250Z  INFO lingxi_service::sessions: run committed and published (post-commit) run_id=run_000001a0e894a78b_000676 session_id=sess_local_alpha events=run_000001a0e894a78b_000676-done input_chars=22
2026-09-28T15:14:11.468419Z  INFO lingxi_service: request handled request_id=req-202f9b7fa3cd46a027f095b4023ed198 method=POST path=/lingxi/v1/sessions/sess_local_alpha/execute status=200
2026-09-28T15:14:11.469031Z  INFO lingxi_service::sessions: run committed and published (post-commit) run_id=run_000001a0e894a78c_000677 session_id=sess_local_alpha events=run_000001a0e894a78c_000677-done input_chars=22
2026-09-28T15:14:11.469207Z  INFO lingxi_service: request handled request_id=req-bbb3a907ab3b31f560704bea3b842200 method=POST path=/lingxi/v1/sessions/sess_local_alpha/execute status=200
2026-09-28T15:14:11.470255Z  INFO lingxi_service::sessions: run committed and published (post-commit) run_id=run_000001a0e894a78d_000678 session_id=sess_local_alpha events=run_000001a0e894a78d_000678-done input_chars=22
2026-09-28T15:14:11.470472Z  INFO lingxi_service: request handled request_id=req-ac431858dc688f07d4299b9849e80da9 method=POST path=/lingxi/v1/sessions/sess_local_alpha/execute status=200
2026-09-28T15:14:11.471215Z  INFO lingxi_service::sessions: run committed and published (post-commit) run_id=run_000001a0e894a78e_000679 session_id=sess_local_alpha events=run_000001a0e894a78e_000679-done input_chars=22
2026-09-28T15:14:11.471383Z  INFO lingxi_service: request handled request_id=req-c152ba468b6747ab73002e7ba576eed7 method=POST path=/lingxi/v1/sessions/sess_local_alpha/execute status=200
2026-09-28T15:14:11.471995Z  INFO lingxi_service::sessions: run committed and published (post-commit) run_id=run_000001a0e894a78f_00067a session_id=sess_local_alpha events=run_000001a0e894a78f_00067a-done input_chars=22
2026-09-28T15:14:11.472177Z  INFO lingxi_service: request handled request_id=req-c8ea3c1155b5a6d88eccf30af644f784 method=POST path=/lingxi/v1/sessions/sess_local_alpha/execute status=200
2026-09-28T15:14:11.472947Z  INFO lingxi_service::sessions: run committed and published (post-commit) run_id=run_000001a0e894a790_00067b session_id=sess_local_alpha events=run_000001a0e894a790_00067b-done input_chars=22
2026-09-28T15:14:11.473118Z  INFO lingxi_service: request handled request_id=req-e94972dde50fc1a3ee05344f2b239137 method=POST path=/lingxi/v1/sessions/sess_local_alpha/execute status=200
2026-09-28T15:14:11.473812Z  INFO lingxi_service::sessions: run committed and published (post-commit) run_id=run_000001a0e894a791_00067c session_id=sess_local_alpha events=run_000001a0e894a791_00067c-done input_chars=22
2026-09-28T15:14:11.473985Z  INFO lingxi_service: request handled request_id=req-2e5455d2f05f9d0dda0f786e3f75161b method=POST path=/lingxi/v1/sessions/sess_local_alpha/execute status=200
2026-09-28T15:14:11.474605Z  INFO lingxi_service::sessions: run committed and published (post-commit) run_id=run_000001a0e894a792_00067d session_id=sess_local_alpha events=run_000001a0e894a792_00067d-done input_chars=22
2026-09-28T15:14:11.474773Z  INFO lingxi_service: request handled request_id=req-d6912a868027dd7d7e71070b1fb72c79 method=POST path=/lingxi/v1/sessions/sess_local_alpha/execute status=200
2026-09-28T15:14:11.475326Z  INFO lingxi_service::sessions: run committed and published (post-commit) run_id=run_000001a0e894a793_00067e session_id=sess_local_alpha events=run_000001a0e894a793_00067e-done input_chars=22
2026-09-28T15:14:11.475495Z  INFO lingxi_service: request handled request_id=req-d6c02ef744d3224b34dacf1af026e40b method=POST path=/lingxi/v1/sessions/sess_local_alpha/execute status=200
2026-09-28T15:14:11.476232Z  INFO lingxi_service::sessions: run committed and published (post-commit) run_id=run_000001a0e894a793_00067f session_id=sess_local_alpha events=run_000001a0e894a793_00067f-done input_chars=22
2026-09-28T15:14:11.476417Z  INFO lingxi_service: request handled request_id=req-65e7899325b924f145f104b746351b66 method=POST path=/lingxi/v1/sessions/sess_local_alpha/execute status=200
2026-09-28T15:14:11.477046Z  INFO lingxi_service::sessions: run committed and published (post-commit) run_id=run_000001a0e894a794_000680 session_id=sess_local_alpha events=run_000001a0e894a794_000680-done input_chars=22
2026-09-28T15:14:11.477215Z  INFO lingxi_service: request handled request_id=req-cf690ac4b38a42d6ae2b7788c7b60369 method=POST path=/lingxi/v1/sessions/sess_local_alpha/execute status=200
2026-09-28T15:14:11.477839Z  INFO lingxi_service::sessions: run committed and published (post-commit) run_id=run_000001a0e894a795_000681 session_id=sess_local_alpha events=run_000001a0e894a795_000681-done input_chars=22
2026-09-28T15:14:11.478003Z  INFO lingxi_service: request handled request_id=req-4382bb343ccf37e5f4b077d333c6f7f7 method=POST path=/lingxi/v1/sessions/sess_local_alpha/execute status=200
2026-09-28T15:14:11.478617Z  INFO lingxi_service::sessions: run committed and published (post-commit) run_id=run_000001a0e894a796_000682 session_id=sess_local_alpha events=run_000001a0e894a796_000682-done input_chars=22
2026-09-28T15:14:11.478779Z  INFO lingxi_service: request handled request_id=req-71a4ab66c79850aa693cf339c4748dfe method=POST path=/lingxi/v1/sessions/sess_local_alpha/execute status=200
2026-09-28T15:14:11.479401Z  INFO lingxi_service::sessions: run committed and published (post-commit) run_id=run_000001a0e894a797_000683 session_id=sess_local_alpha events=run_000001a0e894a797_000683-done input_chars=22
2026-09-28T15:14:11.479571Z  INFO lingxi_service: request handled request_id=req-51fed215ad5dd3487d6196e1af22cde6 method=POST path=/lingxi/v1/sessions/sess_local_alpha/execute status=200
2026-09-28T15:14:11.480372Z  INFO lingxi_service::sessions: run committed and published (post-commit) run_id=run_000001a0e894a797_000684 session_id=sess_local_alpha events=run_000001a0e894a797_000684-done input_chars=22
2026-09-28T15:14:11.480556Z  INFO lingxi_service: request handled request_id=req-c2bea22207be3a0dd8de048002eaad1a method=POST path=/lingxi/v1/sessions/sess_local_alpha/execute status=200
2026-09-28T15:14:11.481307Z  INFO lingxi_service::sessions: run committed and published (post-commit) run_id=run_000001a0e894a798_000685 session_id=sess_local_alpha events=run_000001a0e894a798_000685-done input_chars=22
2026-09-28T15:14:11.481475Z  INFO lingxi_service: request handled request_id=req-827f0b7215f67672a424ead605b1c8f9 method=POST path=/lingxi/v1/sessions/sess_local_alpha/execute status=200
2026-09-28T15:14:11.482083Z  INFO lingxi_service::sessions: run committed and published (post-commit) run_id=run_000001a0e894a799_000686 session_id=sess_local_alpha events=run_000001a0e894a799_000686-done input_chars=22
2026-09-28T15:14:11.482252Z  INFO lingxi_service: request handled request_id=req-9f1709b5ee639a948b027184da287e5e method=POST path=/lingxi/v1/sessions/sess_local_alpha/execute status=200
2026-09-28T15:14:11.482913Z  INFO lingxi_service::sessions: run committed and published (post-commit) run_id=run_000001a0e894a79a_000687 session_id=sess_local_alpha events=run_000001a0e894a79a_000687-done input_chars=22
2026-09-28T15:14:11.483162Z  INFO lingxi_service: request handled request_id=req-c66fc117a90c2c27daa05ef29b9bace1 method=POST path=/lingxi/v1/sessions/sess_local_alpha/execute status=200
2026-09-28T15:14:11.483955Z  INFO lingxi_service::sessions: run committed and published (post-commit) run_id=run_000001a0e894a79b_000688 session_id=sess_local_alpha events=run_000001a0e894a79b_000688-done input_chars=22
2026-09-28T15:14:11.484130Z  INFO lingxi_service: request handled request_id=req-035b90fb7669042b73f6c56c71014032 method=POST path=/lingxi/v1/sessions/sess_local_alpha/execute status=200
2026-09-28T15:14:11.484783Z  INFO lingxi_service::sessions: run committed and published (post-commit) run_id=run_000001a0e894a79c_000689 session_id=sess_local_alpha events=run_000001a0e894a79c_000689-done input_chars=22
2026-09-28T15:14:11.484949Z  INFO lingxi_service: request handled request_id=req-c64a34fce4a02489eea6d56303f6c626 method=POST path=/lingxi/v1/sessions/sess_local_alpha/execute status=200
2026-09-28T15:14:11.485594Z  INFO lingxi_service::sessions: run committed and published (post-commit) run_id=run_000001a0e894a79d_00068a session_id=sess_local_alpha events=run_000001a0e894a79d_00068a-done input_chars=22
2026-09-28T15:14:11.485770Z  INFO lingxi_service: request handled request_id=req-f50bc9657cd91edb7efc432984a17272 method=POST path=/lingxi/v1/sessions/sess_local_alpha/execute status=200
2026-09-28T15:14:11.486523Z  INFO lingxi_service::sessions: run committed and published (post-commit) run_id=run_000001a0e894a79e_00068b session_id=sess_local_alpha events=run_000001a0e894a79e_00068b-done input_chars=22
2026-09-28T15:14:11.486730Z  INFO lingxi_service: request handled request_id=req-01ffe4c402da1c5c9de02c6b92dfae2b method=POST path=/lingxi/v1/sessions/sess_local_alpha/execute status=200
2026-09-28T15:14:11.487417Z  INFO lingxi_service::sessions: run committed and published (post-commit) run_id=run_000001a0e894a79f_00068c session_id=sess_local_alpha events=run_000001a0e894a79f_00068c-done input_chars=22
2026-09-28T15:14:11.487586Z  INFO lingxi_service: request handled request_id=req-7197f6d38449a8b2ef4131a5933c94d1 method=POST path=/lingxi/v1/sessions/sess_local_alpha/execute status=200
2026-09-28T15:14:11.488183Z  INFO lingxi_service::sessions: run committed and published (post-commit) run_id=run_000001a0e894a79f_00068d session_id=sess_local_alpha events=run_000001a0e894a79f_00068d-done input_chars=22
2026-09-28T15:14:11.488349Z  INFO lingxi_service: request handled request_id=req-77cd51b625cde8902f031bc385736589 method=POST path=/lingxi/v1/sessions/sess_local_alpha/execute status=200
2026-09-28T15:14:11.488984Z  INFO lingxi_service::sessions: run committed and published (post-commit) run_id=run_000001a0e894a7a0_00068e session_id=sess_local_alpha events=run_000001a0e894a7a0_00068e-done input_chars=22
2026-09-28T15:14:11.489153Z  INFO lingxi_service: request handled request_id=req-c7f2a4ed49a7687d925144b1136f606a method=POST path=/lingxi/v1/sessions/sess_local_alpha/execute status=200
2026-09-28T15:14:11.489802Z  INFO lingxi_service::sessions: run committed and published (post-commit) run_id=run_000001a0e894a7a1_00068f session_id=sess_local_alpha events=run_000001a0e894a7a1_00068f-done input_chars=22
2026-09-28T15:14:11.490063Z  INFO lingxi_service: request handled request_id=req-d6c3d78d5d3591c7960f805222da8a40 method=POST path=/lingxi/v1/sessions/sess_local_alpha/execute status=200
2026-09-28T15:14:11.490752Z  INFO lingxi_service::sessions: run committed and published (post-commit) run_id=run_000001a0e894a7a2_000690 session_id=sess_local_alpha events=run_000001a0e894a7a2_000690-done input_chars=22
2026-09-28T15:14:11.490926Z  INFO lingxi_service: request handled request_id=req-bbe0d8252b142a548bb198b237b72a0e method=POST path=/lingxi/v1/sessions/sess_local_alpha/execute status=200
2026-09-28T15:14:11.491518Z  INFO lingxi_service::sessions: run committed and published (post-commit) run_id=run_000001a0e894a7a3_000691 session_id=sess_local_alpha events=run_000001a0e894a7a3_000691-done input_chars=22
2026-09-28T15:14:11.491687Z  INFO lingxi_service: request handled request_id=req-08eaf910cd27e100ce853700e83ecd48 method=POST path=/lingxi/v1/sessions/sess_local_alpha/execute status=200
2026-09-28T15:14:11.492250Z  INFO lingxi_service::sessions: run committed and published (post-commit) run_id=run_000001a0e894a7a3_000692 session_id=sess_local_alpha events=run_000001a0e894a7a3_000692-done input_chars=22
2026-09-28T15:14:11.492416Z  INFO lingxi_service: request handled request_id=req-0a3104561cd59408e84c78a7497ffe66 method=POST path=/lingxi/v1/sessions/sess_local_alpha/execute status=200
2026-09-28T15:14:11.493015Z  INFO lingxi_service::sessions: run committed and published (post-commit) run_id=run_000001a0e894a7a4_000693 session_id=sess_local_alpha events=run_000001a0e894a7a4_000693-done input_chars=22
2026-09-28T15:14:11.493196Z  INFO lingxi_service: request handled request_id=req-578342fa8fdbee4fe574dce3119229e5 method=POST path=/lingxi/v1/sessions/sess_local_alpha/execute status=200
2026-09-28T15:14:11.493884Z  INFO lingxi_service::sessions: run committed and published (post-commit) run_id=run_000001a0e894a7a5_000694 session_id=sess_local_alpha events=run_000001a0e894a7a5_000694-done input_chars=22
2026-09-28T15:14:11.494061Z  INFO lingxi_service: request handled request_id=req-c36e3a3b50dd5fc874413f5ddc935e19 method=POST path=/lingxi/v1/sessions/sess_local_alpha/execute status=200
2026-09-28T15:14:11.494667Z  INFO lingxi_service::sessions: run committed and published (post-commit) run_id=run_000001a0e894a7a6_000695 session_id=sess_local_alpha events=run_000001a0e894a7a6_000695-done input_chars=22
2026-09-28T15:14:11.494836Z  INFO lingxi_service: request handled request_id=req-75ff9245a06799aae04f84bc2838ae65 method=POST path=/lingxi/v1/sessions/sess_local_alpha/execute status=200
2026-09-28T15:14:11.495399Z  INFO lingxi_service::sessions: run committed and published (post-commit) run_id=run_000001a0e894a7a7_000696 session_id=sess_local_alpha events=run_000001a0e894a7a7_000696-done input_chars=22
2026-09-28T15:14:11.495570Z  INFO lingxi_service: request handled request_id=req-4b7db6192f1759bac35be5c0051162f4 method=POST path=/lingxi/v1/sessions/sess_local_alpha/execute status=200
2026-09-28T15:14:11.496143Z  INFO lingxi_service::sessions: run committed and published (post-commit) run_id=run_000001a0e894a7a7_000697 session_id=sess_local_alpha events=run_000001a0e894a7a7_000697-done input_chars=22
2026-09-28T15:14:11.496331Z  INFO lingxi_service: request handled request_id=req-ab375e6ed79d7b1a75893e8e2be4d2a0 method=POST path=/lingxi/v1/sessions/sess_local_alpha/execute status=200
2026-09-28T15:14:11.497077Z  INFO lingxi_service::sessions: run committed and published (post-commit) run_id=run_000001a0e894a7a8_000698 session_id=sess_local_alpha events=run_000001a0e894a7a8_000698-done input_chars=22
2026-09-28T15:14:11.497257Z  INFO lingxi_service: request handled request_id=req-5e36f15bf5f4324cbd017918a86c9bbe method=POST path=/lingxi/v1/sessions/sess_local_alpha/execute status=200
2026-09-28T15:14:11.497857Z  INFO lingxi_service::sessions: run committed and published (post-commit) run_id=run_000001a0e894a7a9_000699 session_id=sess_local_alpha events=run_000001a0e894a7a9_000699-done input_chars=22
2026-09-28T15:14:11.498025Z  INFO lingxi_service: request handled request_id=req-be67f52d5561010209bbe8969be8c4f1 method=POST path=/lingxi/v1/sessions/sess_local_alpha/execute status=200
2026-09-28T15:14:11.498591Z  INFO lingxi_service::sessions: run committed and published (post-commit) run_id=run_000001a0e894a7aa_00069a session_id=sess_local_alpha events=run_000001a0e894a7aa_00069a-done input_chars=22
2026-09-28T15:14:11.498766Z  INFO lingxi_service: request handled request_id=req-2a9a8f366931c442eb1b105e1a3b668d method=POST path=/lingxi/v1/sessions/sess_local_alpha/execute status=200
2026-09-28T15:14:11.499359Z  INFO lingxi_service::sessions: run committed and published (post-commit) run_id=run_000001a0e894a7ab_00069b session_id=sess_local_alpha events=run_000001a0e894a7ab_00069b-done input_chars=22
2026-09-28T15:14:11.499537Z  INFO lingxi_service: request handled request_id=req-711c9aa279eb37a5275992214d3eea6a method=POST path=/lingxi/v1/sessions/sess_local_alpha/execute status=200
2026-09-28T15:14:11.500317Z  INFO lingxi_service::sessions: run committed and published (post-commit) run_id=run_000001a0e894a7ab_00069c session_id=sess_local_alpha events=run_000001a0e894a7ab_00069c-done input_chars=22
2026-09-28T15:14:11.500502Z  INFO lingxi_service: request handled request_id=req-cd515ed10ee6d0979ef2e22d38a71385 method=POST path=/lingxi/v1/sessions/sess_local_alpha/execute status=200
2026-09-28T15:14:11.501219Z  INFO lingxi_service::sessions: run committed and published (post-commit) run_id=run_000001a0e894a7ac_00069d session_id=sess_local_alpha events=run_000001a0e894a7ac_00069d-done input_chars=22
2026-09-28T15:14:11.501390Z  INFO lingxi_service: request handled request_id=req-fac36427298d9d1382a3fbfd048ab89c method=POST path=/lingxi/v1/sessions/sess_local_alpha/execute status=200
2026-09-28T15:14:11.501990Z  INFO lingxi_service::sessions: run committed and published (post-commit) run_id=run_000001a0e894a7ad_00069e session_id=sess_local_alpha events=run_000001a0e894a7ad_00069e-done input_chars=22
2026-09-28T15:14:11.502164Z  INFO lingxi_service: request handled request_id=req-09baff23259510c769fc0d0b706e835f method=POST path=/lingxi/v1/sessions/sess_local_alpha/execute status=200
2026-09-28T15:14:11.502788Z  INFO lingxi_service::sessions: run committed and published (post-commit) run_id=run_000001a0e894a7ae_00069f session_id=sess_local_alpha events=run_000001a0e894a7ae_00069f-done input_chars=22
2026-09-28T15:14:11.502968Z  INFO lingxi_service: request handled request_id=req-a85ff0eb2b7e0805cd61f3911405bce1 method=POST path=/lingxi/v1/sessions/sess_local_alpha/execute status=200
2026-09-28T15:14:11.503695Z  INFO lingxi_service::sessions: run committed and published (post-commit) run_id=run_000001a0e894a7af_0006a0 session_id=sess_local_alpha events=run_000001a0e894a7af_0006a0-done input_chars=22
2026-09-28T15:14:11.503870Z  INFO lingxi_service: request handled request_id=req-c88d988db2e1c436115e1457a813a464 method=POST path=/lingxi/v1/sessions/sess_local_alpha/execute status=200
2026-09-28T15:14:11.504469Z  INFO lingxi_service::sessions: run committed and published (post-commit) run_id=run_000001a0e894a7b0_0006a1 session_id=sess_local_alpha events=run_000001a0e894a7b0_0006a1-done input_chars=22
2026-09-28T15:14:11.504638Z  INFO lingxi_service: request handled request_id=req-6fe485297c37d5149a1c0610ef2b6718 method=POST path=/lingxi/v1/sessions/sess_local_alpha/execute status=200
2026-09-28T15:14:11.505212Z  INFO lingxi_service::sessions: run committed and published (post-commit) run_id=run_000001a0e894a7b0_0006a2 session_id=sess_local_alpha events=run_000001a0e894a7b0_0006a2-done input_chars=22
2026-09-28T15:14:11.505382Z  INFO lingxi_service: request handled request_id=req-10be593da82975cbea7e28306a4aa996 method=POST path=/lingxi/v1/sessions/sess_local_alpha/execute status=200
2026-09-28T15:14:11.506088Z  INFO lingxi_service::sessions: run committed and published (post-commit) run_id=run_000001a0e894a7b1_0006a3 session_id=sess_local_alpha events=run_000001a0e894a7b1_0006a3-done input_chars=22
2026-09-28T15:14:11.506279Z  INFO lingxi_service: request handled request_id=req-246e5bd4c8b25255073fe51303b6345c method=POST path=/lingxi/v1/sessions/sess_local_alpha/execute status=200
2026-09-28T15:14:11.506980Z  INFO lingxi_service::sessions: run committed and published (post-commit) run_id=run_000001a0e894a7b2_0006a4 session_id=sess_local_alpha events=run_000001a0e894a7b2_0006a4-done input_chars=22
2026-09-28T15:14:11.507234Z  INFO lingxi_service: request handled request_id=req-ad25691de7e773286c7a735720dd47f6 method=POST path=/lingxi/v1/sessions/sess_local_alpha/execute status=200
2026-09-28T15:14:11.507867Z  INFO lingxi_service::sessions: run committed and published (post-commit) run_id=run_000001a0e894a7b3_0006a5 session_id=sess_local_alpha events=run_000001a0e894a7b3_0006a5-done input_chars=22
2026-09-28T15:14:11.508041Z  INFO lingxi_service: request handled request_id=req-7b08652c7b03de63831d79346765a192 method=POST path=/lingxi/v1/sessions/sess_local_alpha/execute status=200
2026-09-28T15:14:11.508814Z  INFO lingxi_service::sessions: run committed and published (post-commit) run_id=run_000001a0e894a7b4_0006a6 session_id=sess_local_alpha events=run_000001a0e894a7b4_0006a6-done input_chars=22
2026-09-28T15:14:11.508980Z  INFO lingxi_service: request handled request_id=req-602818705869a7af998d4523e7537279 method=POST path=/lingxi/v1/sessions/sess_local_alpha/execute status=200
2026-09-28T15:14:11.509558Z  INFO lingxi_service::sessions: run committed and published (post-commit) run_id=run_000001a0e894a7b5_0006a7 session_id=sess_local_alpha events=run_000001a0e894a7b5_0006a7-done input_chars=22
2026-09-28T15:14:11.509750Z  INFO lingxi_service: request handled request_id=req-716589aaa8cbf269ce5ce849146ad63c method=POST path=/lingxi/v1/sessions/sess_local_alpha/execute status=200
2026-09-28T15:14:11.510522Z  INFO lingxi_service::sessions: run committed and published (post-commit) run_id=run_000001a0e894a7b6_0006a8 session_id=sess_local_alpha events=run_000001a0e894a7b6_0006a8-done input_chars=22
2026-09-28T15:14:11.510701Z  INFO lingxi_service: request handled request_id=req-1f7f46b69853fa640582007ce7b908b0 method=POST path=/lingxi/v1/sessions/sess_local_alpha/execute status=200
2026-09-28T15:14:11.511356Z  INFO lingxi_service::sessions: run committed and published (post-commit) run_id=run_000001a0e894a7b6_0006a9 session_id=sess_local_alpha events=run_000001a0e894a7b6_0006a9-done input_chars=22
2026-09-28T15:14:11.511529Z  INFO lingxi_service: request handled request_id=req-37040ffae5b50a716ab2bbbb9e892b0e method=POST path=/lingxi/v1/sessions/sess_local_alpha/execute status=200
2026-09-28T15:14:11.512192Z  INFO lingxi_service::sessions: run committed and published (post-commit) run_id=run_000001a0e894a7b7_0006aa session_id=sess_local_alpha events=run_000001a0e894a7b7_0006aa-done input_chars=22
2026-09-28T15:14:11.512361Z  INFO lingxi_service: request handled request_id=req-8d0b4d891a3a46a1b888434627577d2e method=POST path=/lingxi/v1/sessions/sess_local_alpha/execute status=200
2026-09-28T15:14:11.513095Z  INFO lingxi_service::sessions: run committed and published (post-commit) run_id=run_000001a0e894a7b8_0006ab session_id=sess_local_alpha events=run_000001a0e894a7b8_0006ab-done input_chars=22
2026-09-28T15:14:11.513299Z  INFO lingxi_service: request handled request_id=req-0541eb525a6e24953cb1121812c532f0 method=POST path=/lingxi/v1/sessions/sess_local_alpha/execute status=200
2026-09-28T15:14:11.513973Z  INFO lingxi_service::sessions: run committed and published (post-commit) run_id=run_000001a0e894a7b9_0006ac session_id=sess_local_alpha events=run_000001a0e894a7b9_0006ac-done input_chars=22
2026-09-28T15:14:11.514158Z  INFO lingxi_service: request handled request_id=req-fec54f6bda4b725a8029d257563951be method=POST path=/lingxi/v1/sessions/sess_local_alpha/execute status=200
2026-09-28T15:14:11.514763Z  INFO lingxi_service::sessions: run committed and published (post-commit) run_id=run_000001a0e894a7ba_0006ad session_id=sess_local_alpha events=run_000001a0e894a7ba_0006ad-done input_chars=22
2026-09-28T15:14:11.514930Z  INFO lingxi_service: request handled request_id=req-bdfbb4a1f3ae1997469a0ef62edfcd4c method=POST path=/lingxi/v1/sessions/sess_local_alpha/execute status=200
2026-09-28T15:14:11.515940Z  INFO lingxi_service::sessions: run committed and published (post-commit) run_id=run_000001a0e894a7bb_0006ae session_id=sess_local_alpha events=run_000001a0e894a7bb_0006ae-done input_chars=22
2026-09-28T15:14:11.516119Z  INFO lingxi_service: request handled request_id=req-07d74d96df653e8b04a8faa2914e10fb method=POST path=/lingxi/v1/sessions/sess_local_alpha/execute status=200
2026-09-28T15:14:11.516880Z  INFO lingxi_service::sessions: run committed and published (post-commit) run_id=run_000001a0e894a7bc_0006af session_id=sess_local_alpha events=run_000001a0e894a7bc_0006af-done input_chars=22
2026-09-28T15:14:11.517065Z  INFO lingxi_service: request handled request_id=req-e8b4d81172671b40ec0448c3baa220b9 method=POST path=/lingxi/v1/sessions/sess_local_alpha/execute status=200
2026-09-28T15:14:11.517712Z  INFO lingxi_service::sessions: run committed and published (post-commit) run_id=run_000001a0e894a7bd_0006b0 session_id=sess_local_alpha events=run_000001a0e894a7bd_0006b0-done input_chars=22
2026-09-28T15:14:11.517882Z  INFO lingxi_service: request handled request_id=req-c2b4b3e9b4e749cfe12850babc415a11 method=POST path=/lingxi/v1/sessions/sess_local_alpha/execute status=200
2026-09-28T15:14:11.518461Z  INFO lingxi_service::sessions: run committed and published (post-commit) run_id=run_000001a0e894a7be_0006b1 session_id=sess_local_alpha events=run_000001a0e894a7be_0006b1-done input_chars=22
2026-09-28T15:14:11.518625Z  INFO lingxi_service: request handled request_id=req-ab8202dc18fceab3f7ab1bd5a87edea0 method=POST path=/lingxi/v1/sessions/sess_local_alpha/execute status=200
2026-09-28T15:14:11.519169Z  INFO lingxi_service::sessions: run committed and published (post-commit) run_id=run_000001a0e894a7be_0006b2 session_id=sess_local_alpha events=run_000001a0e894a7be_0006b2-done input_chars=22
2026-09-28T15:14:11.519332Z  INFO lingxi_service: request handled request_id=req-0f01a6ff6fe2a16ceb7eb502ddf17fa0 method=POST path=/lingxi/v1/sessions/sess_local_alpha/execute status=200
2026-09-28T15:14:11.520027Z  INFO lingxi_service::sessions: run committed and published (post-commit) run_id=run_000001a0e894a7bf_0006b3 session_id=sess_local_alpha events=run_000001a0e894a7bf_0006b3-done input_chars=22
2026-09-28T15:14:11.520203Z  INFO lingxi_service: request handled request_id=req-ddcb1f3d8eb2133cdc6a8e6f775abcd8 method=POST path=/lingxi/v1/sessions/sess_local_alpha/execute status=200
2026-09-28T15:14:11.520854Z  INFO lingxi_service::sessions: run committed and published (post-commit) run_id=run_000001a0e894a7c0_0006b4 session_id=sess_local_alpha events=run_000001a0e894a7c0_0006b4-done input_chars=22
2026-09-28T15:14:11.521033Z  INFO lingxi_service: request handled request_id=req-3f078e6e5bcf8065157cbcace8957e60 method=POST path=/lingxi/v1/sessions/sess_local_alpha/execute status=200
2026-09-28T15:14:11.521610Z  INFO lingxi_service::sessions: run committed and published (post-commit) run_id=run_000001a0e894a7c1_0006b5 session_id=sess_local_alpha events=run_000001a0e894a7c1_0006b5-done input_chars=22
2026-09-28T15:14:11.521777Z  INFO lingxi_service: request handled request_id=req-f26f3b8a7a2770cca8c8ba96d15c82cf method=POST path=/lingxi/v1/sessions/sess_local_alpha/execute status=200
2026-09-28T15:14:11.522455Z  INFO lingxi_service::sessions: run committed and published (post-commit) run_id=run_000001a0e894a7c2_0006b6 session_id=sess_local_alpha events=run_000001a0e894a7c2_0006b6-done input_chars=22
2026-09-28T15:14:11.522664Z  INFO lingxi_service: request handled request_id=req-21983b67cb74420f3cf2df7082e5710c method=POST path=/lingxi/v1/sessions/sess_local_alpha/execute status=200
2026-09-28T15:14:11.523428Z  INFO lingxi_service::sessions: run committed and published (post-commit) run_id=run_000001a0e894a7c3_0006b7 session_id=sess_local_alpha events=run_000001a0e894a7c3_0006b7-done input_chars=22
2026-09-28T15:14:11.523599Z  INFO lingxi_service: request handled request_id=req-b752df36b5e3e3914eafadc1373cd353 method=POST path=/lingxi/v1/sessions/sess_local_alpha/execute status=200
2026-09-28T15:14:11.524191Z  INFO lingxi_service::sessions: run committed and published (post-commit) run_id=run_000001a0e894a7c3_0006b8 session_id=sess_local_alpha events=run_000001a0e894a7c3_0006b8-done input_chars=22
2026-09-28T15:14:11.524363Z  INFO lingxi_service: request handled request_id=req-351411dba683361023e4fb1b4c783ebd method=POST path=/lingxi/v1/sessions/sess_local_alpha/execute status=200
2026-09-28T15:14:11.524960Z  INFO lingxi_service::sessions: run committed and published (post-commit) run_id=run_000001a0e894a7c4_0006b9 session_id=sess_local_alpha events=run_000001a0e894a7c4_0006b9-done input_chars=22
2026-09-28T15:14:11.525139Z  INFO lingxi_service: request handled request_id=req-5ce4e5faab4a28d4cdb0bd22ef201d3e method=POST path=/lingxi/v1/sessions/sess_local_alpha/execute status=200
2026-09-28T15:14:11.525744Z  INFO lingxi_service::sessions: run committed and published (post-commit) run_id=run_000001a0e894a7c5_0006ba session_id=sess_local_alpha events=run_000001a0e894a7c5_0006ba-done input_chars=22
2026-09-28T15:14:11.525917Z  INFO lingxi_service: request handled request_id=req-968a088c4e51e8e61afebba8591ef6aa method=POST path=/lingxi/v1/sessions/sess_local_alpha/execute status=200
2026-09-28T15:14:11.526709Z  INFO lingxi_service::sessions: run committed and published (post-commit) run_id=run_000001a0e894a7c6_0006bb session_id=sess_local_alpha events=run_000001a0e894a7c6_0006bb-done input_chars=22
2026-09-28T15:14:11.526911Z  INFO lingxi_service: request handled request_id=req-edc75486eef6a56f0ec887206460074c method=POST path=/lingxi/v1/sessions/sess_local_alpha/execute status=200
2026-09-28T15:14:11.527642Z  INFO lingxi_service::sessions: run committed and published (post-commit) run_id=run_000001a0e894a7c7_0006bc session_id=sess_local_alpha events=run_000001a0e894a7c7_0006bc-done input_chars=22
2026-09-28T15:14:11.527824Z  INFO lingxi_service: request handled request_id=req-5437a54da836548ba7299ef32ae3880b method=POST path=/lingxi/v1/sessions/sess_local_alpha/execute status=200
2026-09-28T15:14:11.528405Z  INFO lingxi_service::sessions: run committed and published (post-commit) run_id=run_000001a0e894a7c8_0006bd session_id=sess_local_alpha events=run_000001a0e894a7c8_0006bd-done input_chars=22
2026-09-28T15:14:11.528574Z  INFO lingxi_service: request handled request_id=req-0b33dd96ddeccf45f842c94eb75402e1 method=POST path=/lingxi/v1/sessions/sess_local_alpha/execute status=200
2026-09-28T15:14:11.529139Z  INFO lingxi_service::sessions: run committed and published (post-commit) run_id=run_000001a0e894a7c8_0006be session_id=sess_local_alpha events=run_000001a0e894a7c8_0006be-done input_chars=22
2026-09-28T15:14:11.529306Z  INFO lingxi_service: request handled request_id=req-daf6101e9b6917eec053a2786ba869a1 method=POST path=/lingxi/v1/sessions/sess_local_alpha/execute status=200
2026-09-28T15:14:11.530031Z  INFO lingxi_service::sessions: run committed and published (post-commit) run_id=run_000001a0e894a7c9_0006bf session_id=sess_local_alpha events=run_000001a0e894a7c9_0006bf-done input_chars=22
2026-09-28T15:14:11.530225Z  INFO lingxi_service: request handled request_id=req-9ed37a54ddfad675e5ce719eca6b7aa6 method=POST path=/lingxi/v1/sessions/sess_local_alpha/execute status=200
2026-09-28T15:14:11.530915Z  INFO lingxi_service::sessions: run committed and published (post-commit) run_id=run_000001a0e894a7ca_0006c0 session_id=sess_local_alpha events=run_000001a0e894a7ca_0006c0-done input_chars=22
2026-09-28T15:14:11.531084Z  INFO lingxi_service: request handled request_id=req-a955469c925ee96b8cb91acd829e36c6 method=POST path=/lingxi/v1/sessions/sess_local_alpha/execute status=200
2026-09-28T15:14:11.531715Z  INFO lingxi_service::sessions: run committed and published (post-commit) run_id=run_000001a0e894a7cb_0006c1 session_id=sess_local_alpha events=run_000001a0e894a7cb_0006c1-done input_chars=22
2026-09-28T15:14:11.531884Z  INFO lingxi_service: request handled request_id=req-20ab01c13f6980eae395616724a38268 method=POST path=/lingxi/v1/sessions/sess_local_alpha/execute status=200
2026-09-28T15:14:11.532469Z  INFO lingxi_service::sessions: run committed and published (post-commit) run_id=run_000001a0e894a7cc_0006c2 session_id=sess_local_alpha events=run_000001a0e894a7cc_0006c2-done input_chars=22
2026-09-28T15:14:11.532637Z  INFO lingxi_service: request handled request_id=req-7483127d74ae8509e2eeeebe3dfee09b method=POST path=/lingxi/v1/sessions/sess_local_alpha/execute status=200
2026-09-28T15:14:11.533361Z  INFO lingxi_service::sessions: run committed and published (post-commit) run_id=run_000001a0e894a7cc_0006c3 session_id=sess_local_alpha events=run_000001a0e894a7cc_0006c3-done input_chars=22
2026-09-28T15:14:11.533544Z  INFO lingxi_service: request handled request_id=req-898a31ba0222f3caf81fcbe8715a9639 method=POST path=/lingxi/v1/sessions/sess_local_alpha/execute status=200
2026-09-28T15:14:11.534166Z  INFO lingxi_service::sessions: run committed and published (post-commit) run_id=run_000001a0e894a7cd_0006c4 session_id=sess_local_alpha events=run_000001a0e894a7cd_0006c4-done input_chars=22
2026-09-28T15:14:11.534335Z  INFO lingxi_service: request handled request_id=req-eca24020718f73820968bb9203feae52 method=POST path=/lingxi/v1/sessions/sess_local_alpha/execute status=200
2026-09-28T15:14:11.534873Z  INFO lingxi_service::sessions: run committed and published (post-commit) run_id=run_000001a0e894a7ce_0006c5 session_id=sess_local_alpha events=run_000001a0e894a7ce_0006c5-done input_chars=22
2026-09-28T15:14:11.535039Z  INFO lingxi_service: request handled request_id=req-a4eba671eceac1245bc19e3d78256147 method=POST path=/lingxi/v1/sessions/sess_local_alpha/execute status=200
2026-09-28T15:14:11.535599Z  INFO lingxi_service::sessions: run committed and published (post-commit) run_id=run_000001a0e894a7cf_0006c6 session_id=sess_local_alpha events=run_000001a0e894a7cf_0006c6-done input_chars=22
2026-09-28T15:14:11.535767Z  INFO lingxi_service: request handled request_id=req-309954a03f27fb17c6b6c735c32f2935 method=POST path=/lingxi/v1/sessions/sess_local_alpha/execute status=200
2026-09-28T15:14:11.536330Z  INFO lingxi_service::sessions: run committed and published (post-commit) run_id=run_000001a0e894a7cf_0006c7 session_id=sess_local_alpha events=run_000001a0e894a7cf_0006c7-done input_chars=22
2026-09-28T15:14:11.536526Z  INFO lingxi_service: request handled request_id=req-d9553cd8f6c82c35dc9713555493f20c method=POST path=/lingxi/v1/sessions/sess_local_alpha/execute status=200
2026-09-28T15:14:11.537175Z  INFO lingxi_service::sessions: run committed and published (post-commit) run_id=run_000001a0e894a7d0_0006c8 session_id=sess_local_alpha events=run_000001a0e894a7d0_0006c8-done input_chars=22
2026-09-28T15:14:11.537347Z  INFO lingxi_service: request handled request_id=req-3ea5fce31f11330142835307735ec915 method=POST path=/lingxi/v1/sessions/sess_local_alpha/execute status=200
2026-09-28T15:14:11.537986Z  INFO lingxi_service::sessions: run committed and published (post-commit) run_id=run_000001a0e894a7d1_0006c9 session_id=sess_local_alpha events=run_000001a0e894a7d1_0006c9-done input_chars=22
2026-09-28T15:14:11.538152Z  INFO lingxi_service: request handled request_id=req-6f8583b227c992d500cdbe683cb7bab5 method=POST path=/lingxi/v1/sessions/sess_local_alpha/execute status=200
2026-09-28T15:14:11.538731Z  INFO lingxi_service::sessions: run committed and published (post-commit) run_id=run_000001a0e894a7d2_0006ca session_id=sess_local_alpha events=run_000001a0e894a7d2_0006ca-done input_chars=22
2026-09-28T15:14:11.538902Z  INFO lingxi_service: request handled request_id=req-ae4111143229d1803a940df3988c6f39 method=POST path=/lingxi/v1/sessions/sess_local_alpha/execute status=200
2026-09-28T15:14:11.539447Z  INFO lingxi_service::sessions: run committed and published (post-commit) run_id=run_000001a0e894a7d3_0006cb session_id=sess_local_alpha events=run_000001a0e894a7d3_0006cb-done input_chars=22
2026-09-28T15:14:11.539634Z  INFO lingxi_service: request handled request_id=req-3742d72a6a5139f69d348b49d8fde21b method=POST path=/lingxi/v1/sessions/sess_local_alpha/execute status=200
2026-09-28T15:14:11.540374Z  INFO lingxi_service::sessions: run committed and published (post-commit) run_id=run_000001a0e894a7d4_0006cc session_id=sess_local_alpha events=run_000001a0e894a7d4_0006cc-done input_chars=22
2026-09-28T15:14:11.540559Z  INFO lingxi_service: request handled request_id=req-04e4979a964ef333f4bffc7b90bfce6c method=POST path=/lingxi/v1/sessions/sess_local_alpha/execute status=200
2026-09-28T15:14:11.541196Z  INFO lingxi_service::sessions: run committed and published (post-commit) run_id=run_000001a0e894a7d4_0006cd session_id=sess_local_alpha events=run_000001a0e894a7d4_0006cd-done input_chars=22
2026-09-28T15:14:11.541367Z  INFO lingxi_service: request handled request_id=req-47aa5396a8e68e5bbf17f958f997b0f8 method=POST path=/lingxi/v1/sessions/sess_local_alpha/execute status=200
2026-09-28T15:14:11.541950Z  INFO lingxi_service::sessions: run committed and published (post-commit) run_id=run_000001a0e894a7d5_0006ce session_id=sess_local_alpha events=run_000001a0e894a7d5_0006ce-done input_chars=22
2026-09-28T15:14:11.542124Z  INFO lingxi_service: request handled request_id=req-aacf86f57fed2ccab618865fa24b5294 method=POST path=/lingxi/v1/sessions/sess_local_alpha/execute status=200
2026-09-28T15:14:11.542684Z  INFO lingxi_service::sessions: run committed and published (post-commit) run_id=run_000001a0e894a7d6_0006cf session_id=sess_local_alpha events=run_000001a0e894a7d6_0006cf-done input_chars=22
2026-09-28T15:14:11.542857Z  INFO lingxi_service: request handled request_id=req-24b45a09c654fd501e4b28df16abf230 method=POST path=/lingxi/v1/sessions/sess_local_alpha/execute status=200
2026-09-28T15:14:11.543552Z  INFO lingxi_service::sessions: run committed and published (post-commit) run_id=run_000001a0e894a7d7_0006d0 session_id=sess_local_alpha events=run_000001a0e894a7d7_0006d0-done input_chars=22
2026-09-28T15:14:11.543736Z  INFO lingxi_service: request handled request_id=req-5a39737353806907ef6f8e885ba74c67 method=POST path=/lingxi/v1/sessions/sess_local_alpha/execute status=200
2026-09-28T15:14:11.544406Z  INFO lingxi_service::sessions: run committed and published (post-commit) run_id=run_000001a0e894a7d8_0006d1 session_id=sess_local_alpha events=run_000001a0e894a7d8_0006d1-done input_chars=22
2026-09-28T15:14:11.544577Z  INFO lingxi_service: request handled request_id=req-e3d7f59ed8e9e9e11acd54b5dbc618be method=POST path=/lingxi/v1/sessions/sess_local_alpha/execute status=200
2026-09-28T15:14:11.545146Z  INFO lingxi_service::sessions: run committed and published (post-commit) run_id=run_000001a0e894a7d8_0006d2 session_id=sess_local_alpha events=run_000001a0e894a7d8_0006d2-done input_chars=22
2026-09-28T15:14:11.545315Z  INFO lingxi_service: request handled request_id=req-2329637bc50ad0f9ddb4f49ef192143a method=POST path=/lingxi/v1/sessions/sess_local_alpha/execute status=200
2026-09-28T15:14:11.545918Z  INFO lingxi_service::sessions: run committed and published (post-commit) run_id=run_000001a0e894a7d9_0006d3 session_id=sess_local_alpha events=run_000001a0e894a7d9_0006d3-done input_chars=22
2026-09-28T15:14:11.546090Z  INFO lingxi_service: request handled request_id=req-88eb385827bb71ee7458fae49e456778 method=POST path=/lingxi/v1/sessions/sess_local_alpha/execute status=200
2026-09-28T15:14:11.546782Z  INFO lingxi_service::sessions: run committed and published (post-commit) run_id=run_000001a0e894a7da_0006d4 session_id=sess_local_alpha events=run_000001a0e894a7da_0006d4-done input_chars=22
2026-09-28T15:14:11.546963Z  INFO lingxi_service: request handled request_id=req-1183a60bca36b7dc936bea3cc1444801 method=POST path=/lingxi/v1/sessions/sess_local_alpha/execute status=200
2026-09-28T15:14:11.547606Z  INFO lingxi_service::sessions: run committed and published (post-commit) run_id=run_000001a0e894a7db_0006d5 session_id=sess_local_alpha events=run_000001a0e894a7db_0006d5-done input_chars=22
2026-09-28T15:14:11.547778Z  INFO lingxi_service: request handled request_id=req-29b953e8a8e4f3984b4467ffbb6766ce method=POST path=/lingxi/v1/sessions/sess_local_alpha/execute status=200
2026-09-28T15:14:11.548362Z  INFO lingxi_service::sessions: run committed and published (post-commit) run_id=run_000001a0e894a7dc_0006d6 session_id=sess_local_alpha events=run_000001a0e894a7dc_0006d6-done input_chars=22
2026-09-28T15:14:11.548534Z  INFO lingxi_service: request handled request_id=req-58a8d7d6cbf3283bf61b51ba9e6da399 method=POST path=/lingxi/v1/sessions/sess_local_alpha/execute status=200
2026-09-28T15:14:11.549092Z  INFO lingxi_service::sessions: run committed and published (post-commit) run_id=run_000001a0e894a7dc_0006d7 session_id=sess_local_alpha events=run_000001a0e894a7dc_0006d7-done input_chars=22
2026-09-28T15:14:11.549268Z  INFO lingxi_service: request handled request_id=req-d1b3556327ff73811a1a13796d8376d1 method=POST path=/lingxi/v1/sessions/sess_local_alpha/execute status=200
2026-09-28T15:14:11.550004Z  INFO lingxi_service::sessions: run committed and published (post-commit) run_id=run_000001a0e894a7dd_0006d8 session_id=sess_local_alpha events=run_000001a0e894a7dd_0006d8-done input_chars=22
2026-09-28T15:14:11.550196Z  INFO lingxi_service: request handled request_id=req-009d495124b0baf9445b083305c4ef0a method=POST path=/lingxi/v1/sessions/sess_local_alpha/execute status=200
2026-09-28T15:14:11.550884Z  INFO lingxi_service::sessions: run committed and published (post-commit) run_id=run_000001a0e894a7de_0006d9 session_id=sess_local_alpha events=run_000001a0e894a7de_0006d9-done input_chars=22
2026-09-28T15:14:11.551055Z  INFO lingxi_service: request handled request_id=req-b3d9cb3d03014bdc41a6d961c4990fc3 method=POST path=/lingxi/v1/sessions/sess_local_alpha/execute status=200
2026-09-28T15:14:11.551685Z  INFO lingxi_service::sessions: run committed and published (post-commit) run_id=run_000001a0e894a7df_0006da session_id=sess_local_alpha events=run_000001a0e894a7df_0006da-done input_chars=22
2026-09-28T15:14:11.551853Z  INFO lingxi_service: request handled request_id=req-b58ac5637d9039378ec8c4ac0ff2834e method=POST path=/lingxi/v1/sessions/sess_local_alpha/execute status=200
2026-09-28T15:14:11.552459Z  INFO lingxi_service::sessions: run committed and published (post-commit) run_id=run_000001a0e894a7e0_0006db session_id=sess_local_alpha events=run_000001a0e894a7e0_0006db-done input_chars=22
2026-09-28T15:14:11.552632Z  INFO lingxi_service: request handled request_id=req-5db8a2d14de68a2644aafa89635d3261 method=POST path=/lingxi/v1/sessions/sess_local_alpha/execute status=200
2026-09-28T15:14:11.553353Z  INFO lingxi_service::sessions: run committed and published (post-commit) run_id=run_000001a0e894a7e0_0006dc session_id=sess_local_alpha events=run_000001a0e894a7e0_0006dc-done input_chars=22
2026-09-28T15:14:11.553544Z  INFO lingxi_service: request handled request_id=req-33fd24d6ecad97f267e788c088393173 method=POST path=/lingxi/v1/sessions/sess_local_alpha/execute status=200
2026-09-28T15:14:11.554181Z  INFO lingxi_service::sessions: run committed and published (post-commit) run_id=run_000001a0e894a7e1_0006dd session_id=sess_local_alpha events=run_000001a0e894a7e1_0006dd-done input_chars=22
2026-09-28T15:14:11.554354Z  INFO lingxi_service: request handled request_id=req-9a65d406487118a83783e09c38c5e2d0 method=POST path=/lingxi/v1/sessions/sess_local_alpha/execute status=200
2026-09-28T15:14:11.554940Z  INFO lingxi_service::sessions: run committed and published (post-commit) run_id=run_000001a0e894a7e2_0006de session_id=sess_local_alpha events=run_000001a0e894a7e2_0006de-done input_chars=22
2026-09-28T15:14:11.555108Z  INFO lingxi_service: request handled request_id=req-1f35ba27566e060ebae6f010e1faa37e method=POST path=/lingxi/v1/sessions/sess_local_alpha/execute status=200
2026-09-28T15:14:11.555657Z  INFO lingxi_service::sessions: run committed and published (post-commit) run_id=run_000001a0e894a7e3_0006df session_id=sess_local_alpha events=run_000001a0e894a7e3_0006df-done input_chars=22
2026-09-28T15:14:11.555827Z  INFO lingxi_service: request handled request_id=req-3772a03e83890a97a98b8f61e128b4b3 method=POST path=/lingxi/v1/sessions/sess_local_alpha/execute status=200
2026-09-28T15:14:11.556466Z  INFO lingxi_service::sessions: run committed and published (post-commit) run_id=run_000001a0e894a7e4_0006e0 session_id=sess_local_alpha events=run_000001a0e894a7e4_0006e0-done input_chars=22
2026-09-28T15:14:11.556672Z  INFO lingxi_service: request handled request_id=req-3a4619afe51b1faae67641fbb7ccd677 method=POST path=/lingxi/v1/sessions/sess_local_alpha/execute status=200
2026-09-28T15:14:11.557372Z  INFO lingxi_service::sessions: run committed and published (post-commit) run_id=run_000001a0e894a7e4_0006e1 session_id=sess_local_alpha events=run_000001a0e894a7e4_0006e1-done input_chars=22
2026-09-28T15:14:11.557552Z  INFO lingxi_service: request handled request_id=req-4ef144dd129b84fcdde682f7f5c9c883 method=POST path=/lingxi/v1/sessions/sess_local_alpha/execute status=200
2026-09-28T15:14:11.558186Z  INFO lingxi_service::sessions: run committed and published (post-commit) run_id=run_000001a0e894a7e5_0006e2 session_id=sess_local_alpha events=run_000001a0e894a7e5_0006e2-done input_chars=22
2026-09-28T15:14:11.558357Z  INFO lingxi_service: request handled request_id=req-484a9bc19498b8fb87e388741ec86a0c method=POST path=/lingxi/v1/sessions/sess_local_alpha/execute status=200
2026-09-28T15:14:11.558921Z  INFO lingxi_service::sessions: run committed and published (post-commit) run_id=run_000001a0e894a7e6_0006e3 session_id=sess_local_alpha events=run_000001a0e894a7e6_0006e3-done input_chars=22
2026-09-28T15:14:11.559087Z  INFO lingxi_service: request handled request_id=req-43b958c87c15f891f57e4aa19c048fcd method=POST path=/lingxi/v1/sessions/sess_local_alpha/execute status=200
2026-09-28T15:14:11.559805Z  INFO lingxi_service::sessions: run committed and published (post-commit) run_id=run_000001a0e894a7e7_0006e4 session_id=sess_local_alpha events=run_000001a0e894a7e7_0006e4-done input_chars=22
2026-09-28T15:14:11.559999Z  INFO lingxi_service: request handled request_id=req-d24fa73736f5d4a6df48c22a2b571c5f method=POST path=/lingxi/v1/sessions/sess_local_alpha/execute status=200
2026-09-28T15:14:11.561116Z  INFO lingxi_service::sessions: run committed and published (post-commit) run_id=run_000001a0e894a7e8_0006e5 session_id=sess_local_alpha events=run_000001a0e894a7e8_0006e5-done input_chars=22
2026-09-28T15:14:11.561289Z  INFO lingxi_service: request handled request_id=req-7836f1a067de57240ed0d00d0c3a0cf4 method=POST path=/lingxi/v1/sessions/sess_local_alpha/execute status=200
2026-09-28T15:14:11.561927Z  INFO lingxi_service::sessions: run committed and published (post-commit) run_id=run_000001a0e894a7e9_0006e6 session_id=sess_local_alpha events=run_000001a0e894a7e9_0006e6-done input_chars=22
2026-09-28T15:14:11.562095Z  INFO lingxi_service: request handled request_id=req-040b0d3cfd64c4c5ebba6abe041fc62c method=POST path=/lingxi/v1/sessions/sess_local_alpha/execute status=200
2026-09-28T15:14:11.562691Z  INFO lingxi_service::sessions: run committed and published (post-commit) run_id=run_000001a0e894a7ea_0006e7 session_id=sess_local_alpha events=run_000001a0e894a7ea_0006e7-done input_chars=22
2026-09-28T15:14:11.562880Z  INFO lingxi_service: request handled request_id=req-2b6cb8f1de37ba2ae99494a490539c49 method=POST path=/lingxi/v1/sessions/sess_local_alpha/execute status=200
2026-09-28T15:14:11.563638Z  INFO lingxi_service::sessions: run committed and published (post-commit) run_id=run_000001a0e894a7eb_0006e8 session_id=sess_local_alpha events=run_000001a0e894a7eb_0006e8-done input_chars=22
2026-09-28T15:14:11.563827Z  INFO lingxi_service: request handled request_id=req-df1090fceaf143457711a166a03a9a4d method=POST path=/lingxi/v1/sessions/sess_local_alpha/execute status=200
2026-09-28T15:14:11.564509Z  INFO lingxi_service::sessions: run committed and published (post-commit) run_id=run_000001a0e894a7ec_0006e9 session_id=sess_local_alpha events=run_000001a0e894a7ec_0006e9-done input_chars=22
2026-09-28T15:14:11.564684Z  INFO lingxi_service: request handled request_id=req-92367e1bf76697748e30a57b4fd91a6f method=POST path=/lingxi/v1/sessions/sess_local_alpha/execute status=200
2026-09-28T15:14:11.565287Z  INFO lingxi_service::sessions: run committed and published (post-commit) run_id=run_000001a0e894a7ec_0006ea session_id=sess_local_alpha events=run_000001a0e894a7ec_0006ea-done input_chars=22
2026-09-28T15:14:11.565457Z  INFO lingxi_service: request handled request_id=req-b694c126a6c546d6ebd71c84ca4857a0 method=POST path=/lingxi/v1/sessions/sess_local_alpha/execute status=200
2026-09-28T15:14:11.566077Z  INFO lingxi_service::sessions: run committed and published (post-commit) run_id=run_000001a0e894a7ed_0006eb session_id=sess_local_alpha events=run_000001a0e894a7ed_0006eb-done input_chars=22
2026-09-28T15:14:11.566259Z  INFO lingxi_service: request handled request_id=req-972a29cca0c723643dd921bbeb847741 method=POST path=/lingxi/v1/sessions/sess_local_alpha/execute status=200
2026-09-28T15:14:11.566958Z  INFO lingxi_service::sessions: run committed and published (post-commit) run_id=run_000001a0e894a7ee_0006ec session_id=sess_local_alpha events=run_000001a0e894a7ee_0006ec-done input_chars=22
2026-09-28T15:14:11.567146Z  INFO lingxi_service: request handled request_id=req-7d7d09b680e17a56b0404bb2e164745c method=POST path=/lingxi/v1/sessions/sess_local_alpha/execute status=200
2026-09-28T15:14:11.567873Z  INFO lingxi_service::sessions: run committed and published (post-commit) run_id=run_000001a0e894a7ef_0006ed session_id=sess_local_alpha events=run_000001a0e894a7ef_0006ed-done input_chars=22
2026-09-28T15:14:11.568048Z  INFO lingxi_service: request handled request_id=req-e1782ddeb892c2f22c01bb267caf336d method=POST path=/lingxi/v1/sessions/sess_local_alpha/execute status=200
2026-09-28T15:14:11.568746Z  INFO lingxi_service::sessions: run committed and published (post-commit) run_id=run_000001a0e894a7f0_0006ee session_id=sess_local_alpha events=run_000001a0e894a7f0_0006ee-done input_chars=22
2026-09-28T15:14:11.568926Z  INFO lingxi_service: request handled request_id=req-4934f41ac359c3220190e2e9df2a388e method=POST path=/lingxi/v1/sessions/sess_local_alpha/execute status=200
2026-09-28T15:14:11.569574Z  INFO lingxi_service::sessions: run committed and published (post-commit) run_id=run_000001a0e894a7f1_0006ef session_id=sess_local_alpha events=run_000001a0e894a7f1_0006ef-done input_chars=22
2026-09-28T15:14:11.569753Z  INFO lingxi_service: request handled request_id=req-a8a69cef49320009afa793b338926ac1 method=POST path=/lingxi/v1/sessions/sess_local_alpha/execute status=200
2026-09-28T15:14:11.570429Z  INFO lingxi_service::sessions: run committed and published (post-commit) run_id=run_000001a0e894a7f2_0006f0 session_id=sess_local_alpha events=run_000001a0e894a7f2_0006f0-done input_chars=22
2026-09-28T15:14:11.570608Z  INFO lingxi_service: request handled request_id=req-84d81893e887c915f2a9d7afaf1b4a2e method=POST path=/lingxi/v1/sessions/sess_local_alpha/execute status=200
2026-09-28T15:14:11.571258Z  INFO lingxi_service::sessions: run committed and published (post-commit) run_id=run_000001a0e894a7f2_0006f1 session_id=sess_local_alpha events=run_000001a0e894a7f2_0006f1-done input_chars=22
2026-09-28T15:14:11.571430Z  INFO lingxi_service: request handled request_id=req-271d2470b45652014efaae331ac702d8 method=POST path=/lingxi/v1/sessions/sess_local_alpha/execute status=200
2026-09-28T15:14:11.572010Z  INFO lingxi_service::sessions: run committed and published (post-commit) run_id=run_000001a0e894a7f3_0006f2 session_id=sess_local_alpha events=run_000001a0e894a7f3_0006f2-done input_chars=22
2026-09-28T15:14:11.572184Z  INFO lingxi_service: request handled request_id=req-0c7b478c66ebaf056f8382aa71fae4fa method=POST path=/lingxi/v1/sessions/sess_local_alpha/execute status=200
2026-09-28T15:14:11.572759Z  INFO lingxi_service::sessions: run committed and published (post-commit) run_id=run_000001a0e894a7f4_0006f3 session_id=sess_local_alpha events=run_000001a0e894a7f4_0006f3-done input_chars=22
2026-09-28T15:14:11.572942Z  INFO lingxi_service: request handled request_id=req-15b59d34b5317a463b6c57b06c9e4f58 method=POST path=/lingxi/v1/sessions/sess_local_alpha/execute status=200
2026-09-28T15:14:11.573630Z  INFO lingxi_service::sessions: run committed and published (post-commit) run_id=run_000001a0e894a7f5_0006f4 session_id=sess_local_alpha events=run_000001a0e894a7f5_0006f4-done input_chars=22
2026-09-28T15:14:11.573809Z  INFO lingxi_service: request handled request_id=req-4be5dce361ec95becb817540f066ade7 method=POST path=/lingxi/v1/sessions/sess_local_alpha/execute status=200
2026-09-28T15:14:11.574419Z  INFO lingxi_service::sessions: run committed and published (post-commit) run_id=run_000001a0e894a7f6_0006f5 session_id=sess_local_alpha events=run_000001a0e894a7f6_0006f5-done input_chars=22
2026-09-28T15:14:11.574597Z  INFO lingxi_service: request handled request_id=req-626352b7098700870ac9e7bfbde22545 method=POST path=/lingxi/v1/sessions/sess_local_alpha/execute status=200
2026-09-28T15:14:11.575260Z  INFO lingxi_service::sessions: run committed and published (post-commit) run_id=run_000001a0e894a7f6_0006f6 session_id=sess_local_alpha events=run_000001a0e894a7f6_0006f6-done input_chars=22
2026-09-28T15:14:11.575433Z  INFO lingxi_service: request handled request_id=req-7aed12b22003528bf27c61b1db97c358 method=POST path=/lingxi/v1/sessions/sess_local_alpha/execute status=200
2026-09-28T15:14:11.576025Z  INFO lingxi_service::sessions: run committed and published (post-commit) run_id=run_000001a0e894a7f7_0006f7 session_id=sess_local_alpha events=run_000001a0e894a7f7_0006f7-done input_chars=22
2026-09-28T15:14:11.576207Z  INFO lingxi_service: request handled request_id=req-fa716c54ecf6bd1d994f3c9e6023732f method=POST path=/lingxi/v1/sessions/sess_local_alpha/execute status=200
2026-09-28T15:14:11.576918Z  INFO lingxi_service::sessions: run committed and published (post-commit) run_id=run_000001a0e894a7f8_0006f8 session_id=sess_local_alpha events=run_000001a0e894a7f8_0006f8-done input_chars=22
2026-09-28T15:14:11.577100Z  INFO lingxi_service: request handled request_id=req-b7c9de95120636659471e1949c154b6a method=POST path=/lingxi/v1/sessions/sess_local_alpha/execute status=200
2026-09-28T15:14:11.577675Z  INFO lingxi_service::sessions: run committed and published (post-commit) run_id=run_000001a0e894a7f9_0006f9 session_id=sess_local_alpha events=run_000001a0e894a7f9_0006f9-done input_chars=22
2026-09-28T15:14:11.577850Z  INFO lingxi_service: request handled request_id=req-690c84464710e6f52287e57db1408b13 method=POST path=/lingxi/v1/sessions/sess_local_alpha/execute status=200
2026-09-28T15:14:11.578404Z  INFO lingxi_service::sessions: run committed and published (post-commit) run_id=run_000001a0e894a7fa_0006fa session_id=sess_local_alpha events=run_000001a0e894a7fa_0006fa-done input_chars=22
2026-09-28T15:14:11.578575Z  INFO lingxi_service: request handled request_id=req-4db0f8731cf440f21a6632363ccf23db method=POST path=/lingxi/v1/sessions/sess_local_alpha/execute status=200
2026-09-28T15:14:11.579129Z  INFO lingxi_service::sessions: run committed and published (post-commit) run_id=run_000001a0e894a7fa_0006fb session_id=sess_local_alpha events=run_000001a0e894a7fa_0006fb-done input_chars=22
2026-09-28T15:14:11.579298Z  INFO lingxi_service: request handled request_id=req-db0120a1aee6b78ae1e392644449b506 method=POST path=/lingxi/v1/sessions/sess_local_alpha/execute status=200
2026-09-28T15:14:11.580000Z  INFO lingxi_service::sessions: run committed and published (post-commit) run_id=run_000001a0e894a7fb_0006fc session_id=sess_local_alpha events=run_000001a0e894a7fb_0006fc-done input_chars=22
2026-09-28T15:14:11.580191Z  INFO lingxi_service: request handled request_id=req-b19160a8d5eab724d0bbb34edc685975 method=POST path=/lingxi/v1/sessions/sess_local_alpha/execute status=200
2026-09-28T15:14:11.580861Z  INFO lingxi_service::sessions: run committed and published (post-commit) run_id=run_000001a0e894a7fc_0006fd session_id=sess_local_alpha events=run_000001a0e894a7fc_0006fd-done input_chars=22
2026-09-28T15:14:11.581040Z  INFO lingxi_service: request handled request_id=req-c4e2dd2acf2c10bda5283246a6d35bac method=POST path=/lingxi/v1/sessions/sess_local_alpha/execute status=200
2026-09-28T15:14:11.581616Z  INFO lingxi_service::sessions: run committed and published (post-commit) run_id=run_000001a0e894a7fd_0006fe session_id=sess_local_alpha events=run_000001a0e894a7fd_0006fe-done input_chars=22
2026-09-28T15:14:11.581787Z  INFO lingxi_service: request handled request_id=req-ee87e50cb224676c9a735c0476dd6623 method=POST path=/lingxi/v1/sessions/sess_local_alpha/execute status=200
2026-09-28T15:14:11.582380Z  INFO lingxi_service::sessions: run committed and published (post-commit) run_id=run_000001a0e894a7fe_0006ff session_id=sess_local_alpha events=run_000001a0e894a7fe_0006ff-done input_chars=22
2026-09-28T15:14:11.582551Z  INFO lingxi_service: request handled request_id=req-82569abf62215ae05288ce81412aa1c9 method=POST path=/lingxi/v1/sessions/sess_local_alpha/execute status=200
2026-09-28T15:14:11.583277Z  INFO lingxi_service::sessions: run committed and published (post-commit) run_id=run_000001a0e894a7fe_000700 session_id=sess_local_alpha events=run_000001a0e894a7fe_000700-done input_chars=22
2026-09-28T15:14:11.583469Z  INFO lingxi_service: request handled request_id=req-5ddb14d1bafc953986875b58bc92a617 method=POST path=/lingxi/v1/sessions/sess_local_alpha/execute status=200
2026-09-28T15:14:11.584120Z  INFO lingxi_service::sessions: run committed and published (post-commit) run_id=run_000001a0e894a7ff_000701 session_id=sess_local_alpha events=run_000001a0e894a7ff_000701-done input_chars=22
2026-09-28T15:14:11.584292Z  INFO lingxi_service: request handled request_id=req-32fabd1c842d9a4a13cd29634083c476 method=POST path=/lingxi/v1/sessions/sess_local_alpha/execute status=200
2026-09-28T15:14:11.584927Z  INFO lingxi_service::sessions: run committed and published (post-commit) run_id=run_000001a0e894a800_000702 session_id=sess_local_alpha events=run_000001a0e894a800_000702-done input_chars=22
2026-09-28T15:14:11.585106Z  INFO lingxi_service: request handled request_id=req-0599595d44504ac8fa838d356ab8cb8f method=POST path=/lingxi/v1/sessions/sess_local_alpha/execute status=200
2026-09-28T15:14:11.585811Z  INFO lingxi_service::sessions: run committed and published (post-commit) run_id=run_000001a0e894a801_000703 session_id=sess_local_alpha events=run_000001a0e894a801_000703-done input_chars=22
2026-09-28T15:14:11.586006Z  INFO lingxi_service: request handled request_id=req-16d3b03808a413e57287721c1c00b3e5 method=POST path=/lingxi/v1/sessions/sess_local_alpha/execute status=200
2026-09-28T15:14:11.586776Z  INFO lingxi_service::sessions: run committed and published (post-commit) run_id=run_000001a0e894a802_000704 session_id=sess_local_alpha events=run_000001a0e894a802_000704-done input_chars=22
2026-09-28T15:14:11.586958Z  INFO lingxi_service: request handled request_id=req-12a97f00e70dcb27e1ec43c3366acfac method=POST path=/lingxi/v1/sessions/sess_local_alpha/execute status=200
2026-09-28T15:14:11.587576Z  INFO lingxi_service::sessions: run committed and published (post-commit) run_id=run_000001a0e894a803_000705 session_id=sess_local_alpha events=run_000001a0e894a803_000705-done input_chars=22
2026-09-28T15:14:11.587751Z  INFO lingxi_service: request handled request_id=req-eb2bf44e8ea864a153880d8af9b25783 method=POST path=/lingxi/v1/sessions/sess_local_alpha/execute status=200
2026-09-28T15:14:11.588340Z  INFO lingxi_service::sessions: run committed and published (post-commit) run_id=run_000001a0e894a803_000706 session_id=sess_local_alpha events=run_000001a0e894a803_000706-done input_chars=22
2026-09-28T15:14:11.588510Z  INFO lingxi_service: request handled request_id=req-742007fbccc105b11a34232bea0ca346 method=POST path=/lingxi/v1/sessions/sess_local_alpha/execute status=200
2026-09-28T15:14:11.589083Z  INFO lingxi_service::sessions: run committed and published (post-commit) run_id=run_000001a0e894a804_000707 session_id=sess_local_alpha events=run_000001a0e894a804_000707-done input_chars=22
2026-09-28T15:14:11.589250Z  INFO lingxi_service: request handled request_id=req-bb37aa2dc73511315827e35ea6e0d192 method=POST path=/lingxi/v1/sessions/sess_local_alpha/execute status=200
2026-09-28T15:14:11.590007Z  INFO lingxi_service::sessions: run committed and published (post-commit) run_id=run_000001a0e894a805_000708 session_id=sess_local_alpha events=run_000001a0e894a805_000708-done input_chars=22
2026-09-28T15:14:11.590203Z  INFO lingxi_service: request handled request_id=req-b5b7bffaf25181246a6e99264d551086 method=POST path=/lingxi/v1/sessions/sess_local_alpha/execute status=200
2026-09-28T15:14:11.590873Z  INFO lingxi_service::sessions: run committed and published (post-commit) run_id=run_000001a0e894a806_000709 session_id=sess_local_alpha events=run_000001a0e894a806_000709-done input_chars=22
2026-09-28T15:14:11.591049Z  INFO lingxi_service: request handled request_id=req-48511767160caedc8a30eb6e1e409edb method=POST path=/lingxi/v1/sessions/sess_local_alpha/execute status=200
2026-09-28T15:14:11.591647Z  INFO lingxi_service::sessions: run committed and published (post-commit) run_id=run_000001a0e894a807_00070a session_id=sess_local_alpha events=run_000001a0e894a807_00070a-done input_chars=22
2026-09-28T15:14:11.591819Z  INFO lingxi_service: request handled request_id=req-720265650700c2c914b17ec0dbd86d8a method=POST path=/lingxi/v1/sessions/sess_local_alpha/execute status=200
2026-09-28T15:14:11.592376Z  INFO lingxi_service::sessions: run committed and published (post-commit) run_id=run_000001a0e894a808_00070b session_id=sess_local_alpha events=run_000001a0e894a808_00070b-done input_chars=22
2026-09-28T15:14:11.592547Z  INFO lingxi_service: request handled request_id=req-52ab231f968ad8b4236137376d83eaa3 method=POST path=/lingxi/v1/sessions/sess_local_alpha/execute status=200
2026-09-28T15:14:11.593219Z  INFO lingxi_service::sessions: run committed and published (post-commit) run_id=run_000001a0e894a808_00070c session_id=sess_local_alpha events=run_000001a0e894a808_00070c-done input_chars=22
2026-09-28T15:14:11.593403Z  INFO lingxi_service: request handled request_id=req-2accb69e9bb7edafca7a8ef89c16e37e method=POST path=/lingxi/v1/sessions/sess_local_alpha/execute status=200
2026-09-28T15:14:11.594117Z  INFO lingxi_service::sessions: run committed and published (post-commit) run_id=run_000001a0e894a809_00070d session_id=sess_local_alpha events=run_000001a0e894a809_00070d-done input_chars=22
2026-09-28T15:14:11.594293Z  INFO lingxi_service: request handled request_id=req-ca3cc00e73b270d0a296c6fdf4096e77 method=POST path=/lingxi/v1/sessions/sess_local_alpha/execute status=200
2026-09-28T15:14:11.594891Z  INFO lingxi_service::sessions: run committed and published (post-commit) run_id=run_000001a0e894a80a_00070e session_id=sess_local_alpha events=run_000001a0e894a80a_00070e-done input_chars=22
2026-09-28T15:14:11.595061Z  INFO lingxi_service: request handled request_id=req-29764c2166b3a9dc51c5127645dd6cba method=POST path=/lingxi/v1/sessions/sess_local_alpha/execute status=200
2026-09-28T15:14:11.595623Z  INFO lingxi_service::sessions: run committed and published (post-commit) run_id=run_000001a0e894a80b_00070f session_id=sess_local_alpha events=run_000001a0e894a80b_00070f-done input_chars=22
2026-09-28T15:14:11.595796Z  INFO lingxi_service: request handled request_id=req-74dc23ed7acce43ca765a611fa4ed9e2 method=POST path=/lingxi/v1/sessions/sess_local_alpha/execute status=200
2026-09-28T15:14:11.596378Z  INFO lingxi_service::sessions: run committed and published (post-commit) run_id=run_000001a0e894a80c_000710 session_id=sess_local_alpha events=run_000001a0e894a80c_000710-done input_chars=22
2026-09-28T15:14:11.596560Z  INFO lingxi_service: request handled request_id=req-ca197390e1a4dbcbbe07296b685d6b6c method=POST path=/lingxi/v1/sessions/sess_local_alpha/execute status=200
2026-09-28T15:14:11.597216Z  INFO lingxi_service::sessions: run committed and published (post-commit) run_id=run_000001a0e894a80c_000711 session_id=sess_local_alpha events=run_000001a0e894a80c_000711-done input_chars=22
2026-09-28T15:14:11.597395Z  INFO lingxi_service: request handled request_id=req-542f83dc0a164a7bcfe0a4008b9a6f1c method=POST path=/lingxi/v1/sessions/sess_local_alpha/execute status=200
2026-09-28T15:14:11.598022Z  INFO lingxi_service::sessions: run committed and published (post-commit) run_id=run_000001a0e894a80d_000712 session_id=sess_local_alpha events=run_000001a0e894a80d_000712-done input_chars=22
2026-09-28T15:14:11.598193Z  INFO lingxi_service: request handled request_id=req-138df3db00c844fe55016b20f81f7a92 method=POST path=/lingxi/v1/sessions/sess_local_alpha/execute status=200
2026-09-28T15:14:11.598756Z  INFO lingxi_service::sessions: run committed and published (post-commit) run_id=run_000001a0e894a80e_000713 session_id=sess_local_alpha events=run_000001a0e894a80e_000713-done input_chars=22
2026-09-28T15:14:11.598929Z  INFO lingxi_service: request handled request_id=req-7233dd5bccece7acbde86ec1716db887 method=POST path=/lingxi/v1/sessions/sess_local_alpha/execute status=200
2026-09-28T15:14:11.599552Z  INFO lingxi_service::sessions: run committed and published (post-commit) run_id=run_000001a0e894a80f_000714 session_id=sess_local_alpha events=run_000001a0e894a80f_000714-done input_chars=22
2026-09-28T15:14:11.599743Z  INFO lingxi_service: request handled request_id=req-49eed3b4bb8cc93476cb9a6e20e46f10 method=POST path=/lingxi/v1/sessions/sess_local_alpha/execute status=200
2026-09-28T15:14:11.600446Z  INFO lingxi_service::sessions: run committed and published (post-commit) run_id=run_000001a0e894a810_000715 session_id=sess_local_alpha events=run_000001a0e894a810_000715-done input_chars=22
2026-09-28T15:14:11.600625Z  INFO lingxi_service: request handled request_id=req-537635031e6b5b1d53004d588aa89a22 method=POST path=/lingxi/v1/sessions/sess_local_alpha/execute status=200
2026-09-28T15:14:11.601194Z  INFO lingxi_service::sessions: run committed and published (post-commit) run_id=run_000001a0e894a810_000716 session_id=sess_local_alpha events=run_000001a0e894a810_000716-done input_chars=22
2026-09-28T15:14:11.601363Z  INFO lingxi_service: request handled request_id=req-9b61548db0df542334cf707dc6b5188e method=POST path=/lingxi/v1/sessions/sess_local_alpha/execute status=200
2026-09-28T15:14:11.601950Z  INFO lingxi_service::sessions: run committed and published (post-commit) run_id=run_000001a0e894a811_000717 session_id=sess_local_alpha events=run_000001a0e894a811_000717-done input_chars=22
2026-09-28T15:14:11.602124Z  INFO lingxi_service: request handled request_id=req-e67d87d99211bb7e38eaf46bcb539440 method=POST path=/lingxi/v1/sessions/sess_local_alpha/execute status=200
2026-09-28T15:14:11.602746Z  INFO lingxi_service::sessions: run committed and published (post-commit) run_id=run_000001a0e894a812_000718 session_id=sess_local_alpha events=run_000001a0e894a812_000718-done input_chars=22
2026-09-28T15:14:11.602931Z  INFO lingxi_service: request handled request_id=req-0e39f13dd22d3372f18d7881e02d1a4f method=POST path=/lingxi/v1/sessions/sess_local_alpha/execute status=200
2026-09-28T15:14:11.603607Z  INFO lingxi_service::sessions: run committed and published (post-commit) run_id=run_000001a0e894a813_000719 session_id=sess_local_alpha events=run_000001a0e894a813_000719-done input_chars=22
2026-09-28T15:14:11.603786Z  INFO lingxi_service: request handled request_id=req-d5647dc3b7c86134f3122dee7e2669cb method=POST path=/lingxi/v1/sessions/sess_local_alpha/execute status=200
2026-09-28T15:14:11.604359Z  INFO lingxi_service::sessions: run committed and published (post-commit) run_id=run_000001a0e894a814_00071a session_id=sess_local_alpha events=run_000001a0e894a814_00071a-done input_chars=22
2026-09-28T15:14:11.604533Z  INFO lingxi_service: request handled request_id=req-a114507b0dd4b9eba01940c4f44602fc method=POST path=/lingxi/v1/sessions/sess_local_alpha/execute status=200
2026-09-28T15:14:11.605108Z  INFO lingxi_service::sessions: run committed and published (post-commit) run_id=run_000001a0e894a814_00071b session_id=sess_local_alpha events=run_000001a0e894a814_00071b-done input_chars=22
2026-09-28T15:14:11.605279Z  INFO lingxi_service: request handled request_id=req-5b0b7ea56b8d388ee3eb142482307b04 method=POST path=/lingxi/v1/sessions/sess_local_alpha/execute status=200
2026-09-28T15:14:11.606242Z  INFO lingxi_service::sessions: run committed and published (post-commit) run_id=run_000001a0e894a815_00071c session_id=sess_local_alpha events=run_000001a0e894a815_00071c-done input_chars=22
2026-09-28T15:14:11.606428Z  INFO lingxi_service: request handled request_id=req-fa8f17cfb8e9ed9242b306aa40f9261a method=POST path=/lingxi/v1/sessions/sess_local_alpha/execute status=200
2026-09-28T15:14:11.607234Z  INFO lingxi_service::sessions: run committed and published (post-commit) run_id=run_000001a0e894a816_00071d session_id=sess_local_alpha events=run_000001a0e894a816_00071d-done input_chars=22
2026-09-28T15:14:11.607416Z  INFO lingxi_service: request handled request_id=req-b1ffcfce0f6ef5693580bdf33af98b73 method=POST path=/lingxi/v1/sessions/sess_local_alpha/execute status=200
2026-09-28T15:14:11.607997Z  INFO lingxi_service::sessions: run committed and published (post-commit) run_id=run_000001a0e894a817_00071e session_id=sess_local_alpha events=run_000001a0e894a817_00071e-done input_chars=22
2026-09-28T15:14:11.608170Z  INFO lingxi_service: request handled request_id=req-31f4d47313b4d10255a98d278f0159a8 method=POST path=/lingxi/v1/sessions/sess_local_alpha/execute status=200
2026-09-28T15:14:11.608755Z  INFO lingxi_service::sessions: run committed and published (post-commit) run_id=run_000001a0e894a818_00071f session_id=sess_local_alpha events=run_000001a0e894a818_00071f-done input_chars=22
2026-09-28T15:14:11.608931Z  INFO lingxi_service: request handled request_id=req-38e29680bf095d2afd410938148e33b5 method=POST path=/lingxi/v1/sessions/sess_local_alpha/execute status=200
2026-09-28T15:14:11.609532Z  INFO lingxi_service::sessions: run committed and published (post-commit) run_id=run_000001a0e894a819_000720 session_id=sess_local_alpha events=run_000001a0e894a819_000720-done input_chars=22
2026-09-28T15:14:11.609735Z  INFO lingxi_service: request handled request_id=req-ea153a7561ba7e6a523cbdf3f7f2f71e method=POST path=/lingxi/v1/sessions/sess_local_alpha/execute status=200
2026-09-28T15:14:11.610410Z  INFO lingxi_service::sessions: run committed and published (post-commit) run_id=run_000001a0e894a81a_000721 session_id=sess_local_alpha events=run_000001a0e894a81a_000721-done input_chars=22
2026-09-28T15:14:11.610591Z  INFO lingxi_service: request handled request_id=req-19c32e9a16fa066937f23c25e089d55f method=POST path=/lingxi/v1/sessions/sess_local_alpha/execute status=200
2026-09-28T15:14:11.611257Z  INFO lingxi_service::sessions: run committed and published (post-commit) run_id=run_000001a0e894a81a_000722 session_id=sess_local_alpha events=run_000001a0e894a81a_000722-done input_chars=22
2026-09-28T15:14:11.611432Z  INFO lingxi_service: request handled request_id=req-e2b04929d235156a1990231cebb64813 method=POST path=/lingxi/v1/sessions/sess_local_alpha/execute status=200
2026-09-28T15:14:11.612026Z  INFO lingxi_service::sessions: run committed and published (post-commit) run_id=run_000001a0e894a81b_000723 session_id=sess_local_alpha events=run_000001a0e894a81b_000723-done input_chars=22
2026-09-28T15:14:11.612196Z  INFO lingxi_service: request handled request_id=req-d2c95584819c7ad53c3d01073850fed4 method=POST path=/lingxi/v1/sessions/sess_local_alpha/execute status=200
2026-09-28T15:14:11.612795Z  INFO lingxi_service::sessions: run committed and published (post-commit) run_id=run_000001a0e894a81c_000724 session_id=sess_local_alpha events=run_000001a0e894a81c_000724-done input_chars=22
2026-09-28T15:14:11.612975Z  INFO lingxi_service: request handled request_id=req-761ca124cd382059922340448d4d3728 method=POST path=/lingxi/v1/sessions/sess_local_alpha/execute status=200
2026-09-28T15:14:11.613677Z  INFO lingxi_service::sessions: run committed and published (post-commit) run_id=run_000001a0e894a81d_000725 session_id=sess_local_alpha events=run_000001a0e894a81d_000725-done input_chars=22
2026-09-28T15:14:11.613859Z  INFO lingxi_service: request handled request_id=req-05d423f160287b27cd85b12e6f3ed7c3 method=POST path=/lingxi/v1/sessions/sess_local_alpha/execute status=200
2026-09-28T15:14:11.614441Z  INFO lingxi_service::sessions: run committed and published (post-commit) run_id=run_000001a0e894a81e_000726 session_id=sess_local_alpha events=run_000001a0e894a81e_000726-done input_chars=22
2026-09-28T15:14:11.614618Z  INFO lingxi_service: request handled request_id=req-7c850f077901bf97de592521f882f387 method=POST path=/lingxi/v1/sessions/sess_local_alpha/execute status=200
2026-09-28T15:14:11.615199Z  INFO lingxi_service::sessions: run committed and published (post-commit) run_id=run_000001a0e894a81e_000727 session_id=sess_local_alpha events=run_000001a0e894a81e_000727-done input_chars=22
2026-09-28T15:14:11.615372Z  INFO lingxi_service: request handled request_id=req-778a241e26d61819c24eceb705b4b42b method=POST path=/lingxi/v1/sessions/sess_local_alpha/execute status=200
2026-09-28T15:14:11.615929Z  INFO lingxi_service::sessions: run committed and published (post-commit) run_id=run_000001a0e894a81f_000728 session_id=sess_local_alpha events=run_000001a0e894a81f_000728-done input_chars=22
2026-09-28T15:14:11.616106Z  INFO lingxi_service: request handled request_id=req-4c276b4addd8e29b8b494751770f6df0 method=POST path=/lingxi/v1/sessions/sess_local_alpha/execute status=200
2026-09-28T15:14:11.616762Z  INFO lingxi_service::sessions: run committed and published (post-commit) run_id=run_000001a0e894a820_000729 session_id=sess_local_alpha events=run_000001a0e894a820_000729-done input_chars=22
2026-09-28T15:14:11.616950Z  INFO lingxi_service: request handled request_id=req-ecd76fc28229893db05aa640d792acce method=POST path=/lingxi/v1/sessions/sess_local_alpha/execute status=200
2026-09-28T15:14:11.617627Z  INFO lingxi_service::sessions: run committed and published (post-commit) run_id=run_000001a0e894a821_00072a session_id=sess_local_alpha events=run_000001a0e894a821_00072a-done input_chars=22
2026-09-28T15:14:11.617802Z  INFO lingxi_service: request handled request_id=req-c6790d59421c87cbeca53605e9b1e29b method=POST path=/lingxi/v1/sessions/sess_local_alpha/execute status=200
2026-09-28T15:14:11.618388Z  INFO lingxi_service::sessions: run committed and published (post-commit) run_id=run_000001a0e894a822_00072b session_id=sess_local_alpha events=run_000001a0e894a822_00072b-done input_chars=22
2026-09-28T15:14:11.618569Z  INFO lingxi_service: request handled request_id=req-d747be40ebee96ae1888d72c9b295c94 method=POST path=/lingxi/v1/sessions/sess_local_alpha/execute status=200
2026-09-28T15:14:11.619168Z  INFO lingxi_service::sessions: run committed and published (post-commit) run_id=run_000001a0e894a822_00072c session_id=sess_local_alpha events=run_000001a0e894a822_00072c-done input_chars=22
2026-09-28T15:14:11.619344Z  INFO lingxi_service: request handled request_id=req-b5cf7e01a42c138dda2fd56ece8322b2 method=POST path=/lingxi/v1/sessions/sess_local_alpha/execute status=200
2026-09-28T15:14:11.620017Z  INFO lingxi_service::sessions: run committed and published (post-commit) run_id=run_000001a0e894a823_00072d session_id=sess_local_alpha events=run_000001a0e894a823_00072d-done input_chars=22
2026-09-28T15:14:11.620214Z  INFO lingxi_service: request handled request_id=req-3aac81ab4c284a9dd43d54351fb0ac4b method=POST path=/lingxi/v1/sessions/sess_local_alpha/execute status=200
2026-09-28T15:14:11.620894Z  INFO lingxi_service::sessions: run committed and published (post-commit) run_id=run_000001a0e894a824_00072e session_id=sess_local_alpha events=run_000001a0e894a824_00072e-done input_chars=22
2026-09-28T15:14:11.621066Z  INFO lingxi_service: request handled request_id=req-0dad0f1aa1ac571f130984c875076b79 method=POST path=/lingxi/v1/sessions/sess_local_alpha/execute status=200
2026-09-28T15:14:11.621642Z  INFO lingxi_service::sessions: run committed and published (post-commit) run_id=run_000001a0e894a825_00072f session_id=sess_local_alpha events=run_000001a0e894a825_00072f-done input_chars=22
2026-09-28T15:14:11.621815Z  INFO lingxi_service: request handled request_id=req-94d9727ce6a412b8d96a3c73299ecc49 method=POST path=/lingxi/v1/sessions/sess_local_alpha/execute status=200
2026-09-28T15:14:11.622397Z  INFO lingxi_service::sessions: run committed and published (post-commit) run_id=run_000001a0e894a826_000730 session_id=sess_local_alpha events=run_000001a0e894a826_000730-done input_chars=22
2026-09-28T15:14:11.622575Z  INFO lingxi_service: request handled request_id=req-5afbb1197ef597888e73e5ac278871c4 method=POST path=/lingxi/v1/sessions/sess_local_alpha/execute status=200
2026-09-28T15:14:11.623276Z  INFO lingxi_service::sessions: run committed and published (post-commit) run_id=run_000001a0e894a826_000731 session_id=sess_local_alpha events=run_000001a0e894a826_000731-done input_chars=22
2026-09-28T15:14:11.623468Z  INFO lingxi_service: request handled request_id=req-33e5e0b73551c8928954f58f815be831 method=POST path=/lingxi/v1/sessions/sess_local_alpha/execute status=200
2026-09-28T15:14:11.624144Z  INFO lingxi_service::sessions: run committed and published (post-commit) run_id=run_000001a0e894a827_000732 session_id=sess_local_alpha events=run_000001a0e894a827_000732-done input_chars=22
2026-09-28T15:14:11.624320Z  INFO lingxi_service: request handled request_id=req-76ff2a333651a502b788fc139a4166b8 method=POST path=/lingxi/v1/sessions/sess_local_alpha/execute status=200
2026-09-28T15:14:11.624899Z  INFO lingxi_service::sessions: run committed and published (post-commit) run_id=run_000001a0e894a828_000733 session_id=sess_local_alpha events=run_000001a0e894a828_000733-done input_chars=22
2026-09-28T15:14:11.625074Z  INFO lingxi_service: request handled request_id=req-6eb53b2dc1c152c9220b7dd7075951c0 method=POST path=/lingxi/v1/sessions/sess_local_alpha/execute status=200
2026-09-28T15:14:11.625642Z  INFO lingxi_service::sessions: run committed and published (post-commit) run_id=run_000001a0e894a829_000734 session_id=sess_local_alpha events=run_000001a0e894a829_000734-done input_chars=22
2026-09-28T15:14:11.625816Z  INFO lingxi_service: request handled request_id=req-c38345803eb699304ecc035b081f95c7 method=POST path=/lingxi/v1/sessions/sess_local_alpha/execute status=200
2026-09-28T15:14:11.626421Z  INFO lingxi_service::sessions: run committed and published (post-commit) run_id=run_000001a0e894a82a_000735 session_id=sess_local_alpha events=run_000001a0e894a82a_000735-done input_chars=22
2026-09-28T15:14:11.626631Z  INFO lingxi_service: request handled request_id=req-3180afa03f88af4de693e0b907c1ce05 method=POST path=/lingxi/v1/sessions/sess_local_alpha/execute status=200
2026-09-28T15:14:11.627277Z  INFO lingxi_service::sessions: run committed and published (post-commit) run_id=run_000001a0e894a82a_000736 session_id=sess_local_alpha events=run_000001a0e894a82a_000736-done input_chars=22
2026-09-28T15:14:11.627454Z  INFO lingxi_service: request handled request_id=req-99fdcdad921aa92b927c87424cfdb582 method=POST path=/lingxi/v1/sessions/sess_local_alpha/execute status=200
2026-09-28T15:14:11.628009Z  INFO lingxi_service::sessions: run committed and published (post-commit) run_id=run_000001a0e894a82b_000737 session_id=sess_local_alpha events=run_000001a0e894a82b_000737-done input_chars=22
2026-09-28T15:14:11.628186Z  INFO lingxi_service: request handled request_id=req-beed6423f70479e6278ae111d726c31b method=POST path=/lingxi/v1/sessions/sess_local_alpha/execute status=200
2026-09-28T15:14:11.628774Z  INFO lingxi_service::sessions: run committed and published (post-commit) run_id=run_000001a0e894a82c_000738 session_id=sess_local_alpha events=run_000001a0e894a82c_000738-done input_chars=22
2026-09-28T15:14:11.628954Z  INFO lingxi_service: request handled request_id=req-c13466c687d2342f5188f5920628c7be method=POST path=/lingxi/v1/sessions/sess_local_alpha/execute status=200
2026-09-28T15:14:11.629561Z  INFO lingxi_service::sessions: run committed and published (post-commit) run_id=run_000001a0e894a82d_000739 session_id=sess_local_alpha events=run_000001a0e894a82d_000739-done input_chars=22
2026-09-28T15:14:11.629743Z  INFO lingxi_service: request handled request_id=req-70f1e6a1e65866b7298a6a6a2de267e2 method=POST path=/lingxi/v1/sessions/sess_local_alpha/execute status=200
2026-09-28T15:14:11.630440Z  INFO lingxi_service::sessions: run committed and published (post-commit) run_id=run_000001a0e894a82e_00073a session_id=sess_local_alpha events=run_000001a0e894a82e_00073a-done input_chars=22
2026-09-28T15:14:11.630619Z  INFO lingxi_service: request handled request_id=req-25912c2b5e4c07eede1a0965766b6def method=POST path=/lingxi/v1/sessions/sess_local_alpha/execute status=200
2026-09-28T15:14:11.631177Z  INFO lingxi_service::sessions: run committed and published (post-commit) run_id=run_000001a0e894a82e_00073b session_id=sess_local_alpha events=run_000001a0e894a82e_00073b-done input_chars=22
2026-09-28T15:14:11.631350Z  INFO lingxi_service: request handled request_id=req-1117636170cccda25b6ff985a6652031 method=POST path=/lingxi/v1/sessions/sess_local_alpha/execute status=200
2026-09-28T15:14:11.631913Z  INFO lingxi_service::sessions: run committed and published (post-commit) run_id=run_000001a0e894a82f_00073c session_id=sess_local_alpha events=run_000001a0e894a82f_00073c-done input_chars=22
2026-09-28T15:14:11.632088Z  INFO lingxi_service: request handled request_id=req-df6980eef70d57cf68db042dbc666449 method=POST path=/lingxi/v1/sessions/sess_local_alpha/execute status=200
2026-09-28T15:14:11.632654Z  INFO lingxi_service::sessions: run committed and published (post-commit) run_id=run_000001a0e894a830_00073d session_id=sess_local_alpha events=run_000001a0e894a830_00073d-done input_chars=22
2026-09-28T15:14:11.632830Z  INFO lingxi_service: request handled request_id=req-2c9d7abf3d39f7cf9de4d2f1283f7d37 method=POST path=/lingxi/v1/sessions/sess_local_alpha/execute status=200
2026-09-28T15:14:11.633489Z  INFO lingxi_service::sessions: run committed and published (post-commit) run_id=run_000001a0e894a831_00073e session_id=sess_local_alpha events=run_000001a0e894a831_00073e-done input_chars=22
2026-09-28T15:14:11.633675Z  INFO lingxi_service: request handled request_id=req-b8530e959869b7b27b2c991aab78c1a1 method=POST path=/lingxi/v1/sessions/sess_local_alpha/execute status=200
2026-09-28T15:14:11.634367Z  INFO lingxi_service::sessions: run committed and published (post-commit) run_id=run_000001a0e894a831_00073f session_id=sess_local_alpha events=run_000001a0e894a831_00073f-done input_chars=22
2026-09-28T15:14:11.634545Z  INFO lingxi_service: request handled request_id=req-ce48def42d941803892dab77359401df method=POST path=/lingxi/v1/sessions/sess_local_alpha/execute status=200
2026-09-28T15:14:11.635164Z  INFO lingxi_service::sessions: run committed and published (post-commit) run_id=run_000001a0e894a832_000740 session_id=sess_local_alpha events=run_000001a0e894a832_000740-done input_chars=22
2026-09-28T15:14:11.635339Z  INFO lingxi_service: request handled request_id=req-e2d02a7c3d21efdb2f36e3c87b4a144f method=POST path=/lingxi/v1/sessions/sess_local_alpha/execute status=200
2026-09-28T15:14:11.635929Z  INFO lingxi_service::sessions: run committed and published (post-commit) run_id=run_000001a0e894a833_000741 session_id=sess_local_alpha events=run_000001a0e894a833_000741-done input_chars=22
2026-09-28T15:14:11.636102Z  INFO lingxi_service: request handled request_id=req-0a9ee99dc7d3a0a9b51cc0a9af2f7116 method=POST path=/lingxi/v1/sessions/sess_local_alpha/execute status=200
2026-09-28T15:14:11.636722Z  INFO lingxi_service::sessions: run committed and published (post-commit) run_id=run_000001a0e894a834_000742 session_id=sess_local_alpha events=run_000001a0e894a834_000742-done input_chars=22
2026-09-28T15:14:11.636908Z  INFO lingxi_service: request handled request_id=req-cf531fa31c76fcfad0ba99d13a6ffbbc method=POST path=/lingxi/v1/sessions/sess_local_alpha/execute status=200
2026-09-28T15:14:11.637510Z  INFO lingxi_service::sessions: run committed and published (post-commit) run_id=run_000001a0e894a835_000743 session_id=sess_local_alpha events=run_000001a0e894a835_000743-done input_chars=22
2026-09-28T15:14:11.637684Z  INFO lingxi_service: request handled request_id=req-1970ff5cbc0058f6e1dbc76734053e44 method=POST path=/lingxi/v1/sessions/sess_local_alpha/execute status=200
2026-09-28T15:14:11.638247Z  INFO lingxi_service::sessions: run committed and published (post-commit) run_id=run_000001a0e894a835_000744 session_id=sess_local_alpha events=run_000001a0e894a835_000744-done input_chars=22
2026-09-28T15:14:11.638417Z  INFO lingxi_service: request handled request_id=req-9bdda67da45bbdb8866db59b7cf0ec98 method=POST path=/lingxi/v1/sessions/sess_local_alpha/execute status=200
2026-09-28T15:14:11.639006Z  INFO lingxi_service::sessions: run committed and published (post-commit) run_id=run_000001a0e894a836_000745 session_id=sess_local_alpha events=run_000001a0e894a836_000745-done input_chars=22
2026-09-28T15:14:11.639188Z  INFO lingxi_service: request handled request_id=req-f936002ef082d50f3ab52d118e487758 method=POST path=/lingxi/v1/sessions/sess_local_alpha/execute status=200
2026-09-28T15:14:11.639829Z  INFO lingxi_service::sessions: run committed and published (post-commit) run_id=run_000001a0e894a837_000746 session_id=sess_local_alpha events=run_000001a0e894a837_000746-done input_chars=22
2026-09-28T15:14:11.640020Z  INFO lingxi_service: request handled request_id=req-7633df91d23cb21d3dc7e7d7b8caaf69 method=POST path=/lingxi/v1/sessions/sess_local_alpha/execute status=200
2026-09-28T15:14:11.640654Z  INFO lingxi_service::sessions: run committed and published (post-commit) run_id=run_000001a0e894a838_000747 session_id=sess_local_alpha events=run_000001a0e894a838_000747-done input_chars=22
2026-09-28T15:14:11.640833Z  INFO lingxi_service: request handled request_id=req-95dfc032cdc56e49e5ea4a84f2908c3a method=POST path=/lingxi/v1/sessions/sess_local_alpha/execute status=200
2026-09-28T15:14:11.641437Z  INFO lingxi_service::sessions: run committed and published (post-commit) run_id=run_000001a0e894a839_000748 session_id=sess_local_alpha events=run_000001a0e894a839_000748-done input_chars=22
2026-09-28T15:14:11.641612Z  INFO lingxi_service: request handled request_id=req-ef640f1b5241f0804f0790056a2d09e8 method=POST path=/lingxi/v1/sessions/sess_local_alpha/execute status=200
2026-09-28T15:14:11.642185Z  INFO lingxi_service::sessions: run committed and published (post-commit) run_id=run_000001a0e894a839_000749 session_id=sess_local_alpha events=run_000001a0e894a839_000749-done input_chars=22
2026-09-28T15:14:11.642363Z  INFO lingxi_service: request handled request_id=req-6a728b37ac2fdbf30a058255dc372307 method=POST path=/lingxi/v1/sessions/sess_local_alpha/execute status=200
2026-09-28T15:14:11.642977Z  INFO lingxi_service::sessions: run committed and published (post-commit) run_id=run_000001a0e894a83a_00074a session_id=sess_local_alpha events=run_000001a0e894a83a_00074a-done input_chars=22
2026-09-28T15:14:11.643177Z  INFO lingxi_service: request handled request_id=req-c99bd9946d9f61e1fac9a369b51f564e method=POST path=/lingxi/v1/sessions/sess_local_alpha/execute status=200
2026-09-28T15:14:11.643881Z  INFO lingxi_service::sessions: run committed and published (post-commit) run_id=run_000001a0e894a83b_00074b session_id=sess_local_alpha events=run_000001a0e894a83b_00074b-done input_chars=22
2026-09-28T15:14:11.644059Z  INFO lingxi_service: request handled request_id=req-d25788e2465707254190e9ad4bff9bf9 method=POST path=/lingxi/v1/sessions/sess_local_alpha/execute status=200
2026-09-28T15:14:11.644648Z  INFO lingxi_service::sessions: run committed and published (post-commit) run_id=run_000001a0e894a83c_00074c session_id=sess_local_alpha events=run_000001a0e894a83c_00074c-done input_chars=22
2026-09-28T15:14:11.644820Z  INFO lingxi_service: request handled request_id=req-26a291fb37be9038ec5e11d28669fbdb method=POST path=/lingxi/v1/sessions/sess_local_alpha/execute status=200
2026-09-28T15:14:11.645419Z  INFO lingxi_service::sessions: run committed and published (post-commit) run_id=run_000001a0e894a83d_00074d session_id=sess_local_alpha events=run_000001a0e894a83d_00074d-done input_chars=22
2026-09-28T15:14:11.645596Z  INFO lingxi_service: request handled request_id=req-c0fb9522dfda47ae6c473447c4d3ef73 method=POST path=/lingxi/v1/sessions/sess_local_alpha/execute status=200
2026-09-28T15:14:11.646210Z  INFO lingxi_service::sessions: run committed and published (post-commit) run_id=run_000001a0e894a83d_00074e session_id=sess_local_alpha events=run_000001a0e894a83d_00074e-done input_chars=22
2026-09-28T15:14:11.646405Z  INFO lingxi_service: request handled request_id=req-8cbe66fa16251ef7e3e51e8ff3da1a77 method=POST path=/lingxi/v1/sessions/sess_local_alpha/execute status=200
2026-09-28T15:14:11.647067Z  INFO lingxi_service::sessions: run committed and published (post-commit) run_id=run_000001a0e894a83e_00074f session_id=sess_local_alpha events=run_000001a0e894a83e_00074f-done input_chars=22
2026-09-28T15:14:11.647247Z  INFO lingxi_service: request handled request_id=req-ae697b2f27959e27b11ba1fc5b0ca990 method=POST path=/lingxi/v1/sessions/sess_local_alpha/execute status=200
2026-09-28T15:14:11.647823Z  INFO lingxi_service::sessions: run committed and published (post-commit) run_id=run_000001a0e894a83f_000750 session_id=sess_local_alpha events=run_000001a0e894a83f_000750-done input_chars=22
2026-09-28T15:14:11.647996Z  INFO lingxi_service: request handled request_id=req-ce993e2f973c7a6bac524d2ed6d0cc6d method=POST path=/lingxi/v1/sessions/sess_local_alpha/execute status=200
2026-09-28T15:14:11.648659Z  INFO lingxi_service::sessions: run committed and published (post-commit) run_id=run_000001a0e894a840_000751 session_id=sess_local_alpha events=run_000001a0e894a840_000751-done input_chars=22
2026-09-28T15:14:11.648841Z  INFO lingxi_service: request handled request_id=req-403c01852cea1edc0a10cca3d014abb1 method=POST path=/lingxi/v1/sessions/sess_local_alpha/execute status=200
2026-09-28T15:14:11.649864Z  INFO lingxi_service::sessions: run committed and published (post-commit) run_id=run_000001a0e894a841_000752 session_id=sess_local_alpha events=run_000001a0e894a841_000752-done input_chars=22
2026-09-28T15:14:11.650065Z  INFO lingxi_service: request handled request_id=req-5483f579df0d6784a968b4ca9521fb56 method=POST path=/lingxi/v1/sessions/sess_local_alpha/execute status=200
2026-09-28T15:14:11.650762Z  INFO lingxi_service::sessions: run committed and published (post-commit) run_id=run_000001a0e894a842_000753 session_id=sess_local_alpha events=run_000001a0e894a842_000753-done input_chars=22
2026-09-28T15:14:11.650943Z  INFO lingxi_service: request handled request_id=req-90a4b2816ea4904894d26a4e96bf3367 method=POST path=/lingxi/v1/sessions/sess_local_alpha/execute status=200
2026-09-28T15:14:11.651521Z  INFO lingxi_service::sessions: run committed and published (post-commit) run_id=run_000001a0e894a843_000754 session_id=sess_local_alpha events=run_000001a0e894a843_000754-done input_chars=22
2026-09-28T15:14:11.651695Z  INFO lingxi_service: request handled request_id=req-2edc52c28103156596832555742f03b4 method=POST path=/lingxi/v1/sessions/sess_local_alpha/execute status=200
2026-09-28T15:14:11.652256Z  INFO lingxi_service::sessions: run committed and published (post-commit) run_id=run_000001a0e894a843_000755 session_id=sess_local_alpha events=run_000001a0e894a843_000755-done input_chars=22
2026-09-28T15:14:11.652430Z  INFO lingxi_service: request handled request_id=req-d39d2c716e987ae902d91bcf7b7e8317 method=POST path=/lingxi/v1/sessions/sess_local_alpha/execute status=200
2026-09-28T15:14:11.653103Z  INFO lingxi_service::sessions: run committed and published (post-commit) run_id=run_000001a0e894a844_000756 session_id=sess_local_alpha events=run_000001a0e894a844_000756-done input_chars=22
2026-09-28T15:14:11.653314Z  INFO lingxi_service: request handled request_id=req-4a0084b2a349da631649aa95626c2a7a method=POST path=/lingxi/v1/sessions/sess_local_alpha/execute status=200
2026-09-28T15:14:11.653998Z  INFO lingxi_service::sessions: run committed and published (post-commit) run_id=run_000001a0e894a845_000757 session_id=sess_local_alpha events=run_000001a0e894a845_000757-done input_chars=22
2026-09-28T15:14:11.654173Z  INFO lingxi_service: request handled request_id=req-e2d143f4f8a84fc483074889fcdaf2ea method=POST path=/lingxi/v1/sessions/sess_local_alpha/execute status=200
2026-09-28T15:14:11.654809Z  INFO lingxi_service::sessions: run committed and published (post-commit) run_id=run_000001a0e894a846_000758 session_id=sess_local_alpha events=run_000001a0e894a846_000758-done input_chars=22
2026-09-28T15:14:11.654985Z  INFO lingxi_service: request handled request_id=req-0323fe56ddc6809b105baf042537500f method=POST path=/lingxi/v1/sessions/sess_local_alpha/execute status=200
2026-09-28T15:14:11.655567Z  INFO lingxi_service::sessions: run committed and published (post-commit) run_id=run_000001a0e894a847_000759 session_id=sess_local_alpha events=run_000001a0e894a847_000759-done input_chars=22
2026-09-28T15:14:11.655750Z  INFO lingxi_service: request handled request_id=req-41c80d2f0274a4b149bd7909009dde75 method=POST path=/lingxi/v1/sessions/sess_local_alpha/execute status=200
2026-09-28T15:14:11.656563Z  INFO lingxi_service::sessions: run committed and published (post-commit) run_id=run_000001a0e894a848_00075a session_id=sess_local_alpha events=run_000001a0e894a848_00075a-done input_chars=22
2026-09-28T15:14:11.656767Z  INFO lingxi_service: request handled request_id=req-1ef83df3c0b76c4d40904999347f281c method=POST path=/lingxi/v1/sessions/sess_local_alpha/execute status=200
2026-09-28T15:14:11.657477Z  INFO lingxi_service::sessions: run committed and published (post-commit) run_id=run_000001a0e894a849_00075b session_id=sess_local_alpha events=run_000001a0e894a849_00075b-done input_chars=22
2026-09-28T15:14:11.657661Z  INFO lingxi_service: request handled request_id=req-f0881aeb83f50a4d089adfd8be0a227d method=POST path=/lingxi/v1/sessions/sess_local_alpha/execute status=200
2026-09-28T15:14:11.658274Z  INFO lingxi_service::sessions: run committed and published (post-commit) run_id=run_000001a0e894a849_00075c session_id=sess_local_alpha events=run_000001a0e894a849_00075c-done input_chars=22
2026-09-28T15:14:11.658458Z  INFO lingxi_service: request handled request_id=req-adcf83ec9b31f257503b391abcdd40e2 method=POST path=/lingxi/v1/sessions/sess_local_alpha/execute status=200
2026-09-28T15:14:11.659106Z  INFO lingxi_service::sessions: run committed and published (post-commit) run_id=run_000001a0e894a84a_00075d session_id=sess_local_alpha events=run_000001a0e894a84a_00075d-done input_chars=22
2026-09-28T15:14:11.659288Z  INFO lingxi_service: request handled request_id=req-e6e414270c4dbf6f18928c99ed5b4254 method=POST path=/lingxi/v1/sessions/sess_local_alpha/execute status=200
2026-09-28T15:14:11.659926Z  INFO lingxi_service::sessions: run committed and published (post-commit) run_id=run_000001a0e894a84b_00075e session_id=sess_local_alpha events=run_000001a0e894a84b_00075e-done input_chars=22
2026-09-28T15:14:11.660151Z  INFO lingxi_service: request handled request_id=req-12fc85c9c48de48d3160c6766828c4d9 method=POST path=/lingxi/v1/sessions/sess_local_alpha/execute status=200
2026-09-28T15:14:11.660804Z  INFO lingxi_service::sessions: run committed and published (post-commit) run_id=run_000001a0e894a84c_00075f session_id=sess_local_alpha events=run_000001a0e894a84c_00075f-done input_chars=22
2026-09-28T15:14:11.660986Z  INFO lingxi_service: request handled request_id=req-0e803f9dae3949b6c0d93b8b4791062d method=POST path=/lingxi/v1/sessions/sess_local_alpha/execute status=200
2026-09-28T15:14:11.661571Z  INFO lingxi_service::sessions: run committed and published (post-commit) run_id=run_000001a0e894a84d_000760 session_id=sess_local_alpha events=run_000001a0e894a84d_000760-done input_chars=22
2026-09-28T15:14:11.661744Z  INFO lingxi_service: request handled request_id=req-277dc5f7adc7ac13a6e39fd6579a4511 method=POST path=/lingxi/v1/sessions/sess_local_alpha/execute status=200
2026-09-28T15:14:11.662394Z  INFO lingxi_service::sessions: run committed and published (post-commit) run_id=run_000001a0e894a84d_000761 session_id=sess_local_alpha events=run_000001a0e894a84d_000761-done input_chars=22
2026-09-28T15:14:11.662569Z  INFO lingxi_service: request handled request_id=req-87c3c45da8fdf3b45e4ce7f8ad723894 method=POST path=/lingxi/v1/sessions/sess_local_alpha/execute status=200
2026-09-28T15:14:11.663171Z  INFO lingxi_service::sessions: run committed and published (post-commit) run_id=run_000001a0e894a84e_000762 session_id=sess_local_alpha events=run_000001a0e894a84e_000762-done input_chars=22
2026-09-28T15:14:11.663373Z  INFO lingxi_service: request handled request_id=req-b50b79339984358a77f959bfb66b12a2 method=POST path=/lingxi/v1/sessions/sess_local_alpha/execute status=200
2026-09-28T15:14:11.664090Z  INFO lingxi_service::sessions: run committed and published (post-commit) run_id=run_000001a0e894a84f_000763 session_id=sess_local_alpha events=run_000001a0e894a84f_000763-done input_chars=22
2026-09-28T15:14:11.664270Z  INFO lingxi_service: request handled request_id=req-6a7ba0d24fb090e6c0e50f5c1ce92a4a method=POST path=/lingxi/v1/sessions/sess_local_alpha/execute status=200
2026-09-28T15:14:11.664868Z  INFO lingxi_service::sessions: run committed and published (post-commit) run_id=run_000001a0e894a850_000764 session_id=sess_local_alpha events=run_000001a0e894a850_000764-done input_chars=22
2026-09-28T15:14:11.665044Z  INFO lingxi_service: request handled request_id=req-afb4ca9a9408171dbc174a254840f589 method=POST path=/lingxi/v1/sessions/sess_local_alpha/execute status=200
2026-09-28T15:14:11.665614Z  INFO lingxi_service::sessions: run committed and published (post-commit) run_id=run_000001a0e894a851_000765 session_id=sess_local_alpha events=run_000001a0e894a851_000765-done input_chars=22
2026-09-28T15:14:11.665786Z  INFO lingxi_service: request handled request_id=req-de459483c6d7feb2874c48e9ca59e746 method=POST path=/lingxi/v1/sessions/sess_local_alpha/execute status=200
2026-09-28T15:14:11.666433Z  INFO lingxi_service::sessions: run committed and published (post-commit) run_id=run_000001a0e894a852_000766 session_id=sess_local_alpha events=run_000001a0e894a852_000766-done input_chars=22
2026-09-28T15:14:11.666642Z  INFO lingxi_service: request handled request_id=req-f7fa3d692cdbb523f660227531d2aa0c method=POST path=/lingxi/v1/sessions/sess_local_alpha/execute status=200
2026-09-28T15:14:11.667308Z  INFO lingxi_service::sessions: run committed and published (post-commit) run_id=run_000001a0e894a852_000767 session_id=sess_local_alpha events=run_000001a0e894a852_000767-done input_chars=22
2026-09-28T15:14:11.667486Z  INFO lingxi_service: request handled request_id=req-5ebaab238de6f7db41f42f325a39bebf method=POST path=/lingxi/v1/sessions/sess_local_alpha/execute status=200
2026-09-28T15:14:11.668050Z  INFO lingxi_service::sessions: run committed and published (post-commit) run_id=run_000001a0e894a853_000768 session_id=sess_local_alpha events=run_000001a0e894a853_000768-done input_chars=22
2026-09-28T15:14:11.668226Z  INFO lingxi_service: request handled request_id=req-60013eab3dcbdae296248abbaea8af2b method=POST path=/lingxi/v1/sessions/sess_local_alpha/execute status=200
2026-09-28T15:14:11.668793Z  INFO lingxi_service::sessions: run committed and published (post-commit) run_id=run_000001a0e894a854_000769 session_id=sess_local_alpha events=run_000001a0e894a854_000769-done input_chars=22
2026-09-28T15:14:11.668973Z  INFO lingxi_service: request handled request_id=req-2671ae4c7bc56178e28ec0c6f38d7b81 method=POST path=/lingxi/v1/sessions/sess_local_alpha/execute status=200
2026-09-28T15:14:11.669548Z  INFO lingxi_service::sessions: run committed and published (post-commit) run_id=run_000001a0e894a855_00076a session_id=sess_local_alpha events=run_000001a0e894a855_00076a-done input_chars=22
2026-09-28T15:14:11.669731Z  INFO lingxi_service: request handled request_id=req-9237fcd1fc5ac9d1ef98d3ada8f79a8e method=POST path=/lingxi/v1/sessions/sess_local_alpha/execute status=200
2026-09-28T15:14:11.670466Z  INFO lingxi_service::sessions: run committed and published (post-commit) run_id=run_000001a0e894a856_00076b session_id=sess_local_alpha events=run_000001a0e894a856_00076b-done input_chars=22
2026-09-28T15:14:11.670651Z  INFO lingxi_service: request handled request_id=req-e983d7c00029528cb8ea812f110942f6 method=POST path=/lingxi/v1/sessions/sess_local_alpha/execute status=200
2026-09-28T15:14:11.671317Z  INFO lingxi_service::sessions: run committed and published (post-commit) run_id=run_000001a0e894a856_00076c session_id=sess_local_alpha events=run_000001a0e894a856_00076c-done input_chars=22
2026-09-28T15:14:11.671494Z  INFO lingxi_service: request handled request_id=req-f8b37827424d1bd815f3a5a1a6658254 method=POST path=/lingxi/v1/sessions/sess_local_alpha/execute status=200
2026-09-28T15:14:11.672149Z  INFO lingxi_service::sessions: run committed and published (post-commit) run_id=run_000001a0e894a857_00076d session_id=sess_local_alpha events=run_000001a0e894a857_00076d-done input_chars=22
2026-09-28T15:14:11.672323Z  INFO lingxi_service: request handled request_id=req-e3aa68000304c0edc33842696bd246c5 method=POST path=/lingxi/v1/sessions/sess_local_alpha/execute status=200
2026-09-28T15:14:11.674863Z  INFO lingxi_service::sessions: run committed and published (post-commit) run_id=run_000001a0e894a85a_00076e session_id=sess_local_alpha events=run_000001a0e894a85a_00076e-done input_chars=22
2026-09-28T15:14:11.675066Z  INFO lingxi_service: request handled request_id=req-d08c7907ff7dc25572850b9c3f25ba66 method=POST path=/lingxi/v1/sessions/sess_local_alpha/execute status=200
2026-09-28T15:14:11.675693Z  INFO lingxi_service::sessions: run committed and published (post-commit) run_id=run_000001a0e894a85b_00076f session_id=sess_local_alpha events=run_000001a0e894a85b_00076f-done input_chars=22
2026-09-28T15:14:11.675874Z  INFO lingxi_service: request handled request_id=req-af28955568357d220e107ff2dc7d90ee method=POST path=/lingxi/v1/sessions/sess_local_alpha/execute status=200
2026-09-28T15:14:11.676528Z  INFO lingxi_service::sessions: run committed and published (post-commit) run_id=run_000001a0e894a85c_000770 session_id=sess_local_alpha events=run_000001a0e894a85c_000770-done input_chars=22
2026-09-28T15:14:11.676771Z  INFO lingxi_service: request handled request_id=req-2e38186926a8b43ede0b39ae842db889 method=POST path=/lingxi/v1/sessions/sess_local_alpha/execute status=200
2026-09-28T15:14:11.677589Z  INFO lingxi_service::sessions: run committed and published (post-commit) run_id=run_000001a0e894a85d_000771 session_id=sess_local_alpha events=run_000001a0e894a85d_000771-done input_chars=22
2026-09-28T15:14:11.677770Z  INFO lingxi_service: request handled request_id=req-bb4079e49a5357a3dc4abc00ec1c5701 method=POST path=/lingxi/v1/sessions/sess_local_alpha/execute status=200
2026-09-28T15:14:11.678381Z  INFO lingxi_service::sessions: run committed and published (post-commit) run_id=run_000001a0e894a85e_000772 session_id=sess_local_alpha events=run_000001a0e894a85e_000772-done input_chars=22
2026-09-28T15:14:11.678562Z  INFO lingxi_service: request handled request_id=req-b663a1346ce7865e9ae6d53802c911b2 method=POST path=/lingxi/v1/sessions/sess_local_alpha/execute status=200
2026-09-28T15:14:11.679195Z  INFO lingxi_service::sessions: run committed and published (post-commit) run_id=run_000001a0e894a85e_000773 session_id=sess_local_alpha events=run_000001a0e894a85e_000773-done input_chars=22
2026-09-28T15:14:11.679376Z  INFO lingxi_service: request handled request_id=req-3e46b6f5be96965d609b1fad0b6aec3d method=POST path=/lingxi/v1/sessions/sess_local_alpha/execute status=200
2026-09-28T15:14:11.680189Z  INFO lingxi_service::sessions: run committed and published (post-commit) run_id=run_000001a0e894a85f_000774 session_id=sess_local_alpha events=run_000001a0e894a85f_000774-done input_chars=22
2026-09-28T15:14:11.680388Z  INFO lingxi_service: request handled request_id=req-d83f77493ceb23a1a2f5c7194b1c94a4 method=POST path=/lingxi/v1/sessions/sess_local_alpha/execute status=200
2026-09-28T15:14:11.681050Z  INFO lingxi_service::sessions: run committed and published (post-commit) run_id=run_000001a0e894a860_000775 session_id=sess_local_alpha events=run_000001a0e894a860_000775-done input_chars=22
2026-09-28T15:14:11.681224Z  INFO lingxi_service: request handled request_id=req-2f4a30be01872c76ee8fdaa6794ada6b method=POST path=/lingxi/v1/sessions/sess_local_alpha/execute status=200
2026-09-28T15:14:11.681786Z  INFO lingxi_service::sessions: run committed and published (post-commit) run_id=run_000001a0e894a861_000776 session_id=sess_local_alpha events=run_000001a0e894a861_000776-done input_chars=22
2026-09-28T15:14:11.681960Z  INFO lingxi_service: request handled request_id=req-b0fee3fbc98bace900888c3f68891b12 method=POST path=/lingxi/v1/sessions/sess_local_alpha/execute status=200
2026-09-28T15:14:11.682526Z  INFO lingxi_service::sessions: run committed and published (post-commit) run_id=run_000001a0e894a862_000777 session_id=sess_local_alpha events=run_000001a0e894a862_000777-done input_chars=22
2026-09-28T15:14:11.682698Z  INFO lingxi_service: request handled request_id=req-0fd3e9046beff954b8b7bf3276db6ee9 method=POST path=/lingxi/v1/sessions/sess_local_alpha/execute status=200
2026-09-28T15:14:11.683364Z  INFO lingxi_service::sessions: run committed and published (post-commit) run_id=run_000001a0e894a863_000778 session_id=sess_local_alpha events=run_000001a0e894a863_000778-done input_chars=22
2026-09-28T15:14:11.683566Z  INFO lingxi_service: request handled request_id=req-91d9b3432449c1a4b70ae1cf7f3b5dec method=POST path=/lingxi/v1/sessions/sess_local_alpha/execute status=200
2026-09-28T15:14:11.684212Z  INFO lingxi_service::sessions: run committed and published (post-commit) run_id=run_000001a0e894a863_000779 session_id=sess_local_alpha events=run_000001a0e894a863_000779-done input_chars=22
2026-09-28T15:14:11.684386Z  INFO lingxi_service: request handled request_id=req-2371f1c4151599c43c072f56e1786eb7 method=POST path=/lingxi/v1/sessions/sess_local_alpha/execute status=200
2026-09-28T15:14:11.685027Z  INFO lingxi_service::sessions: run committed and published (post-commit) run_id=run_000001a0e894a864_00077a session_id=sess_local_alpha events=run_000001a0e894a864_00077a-done input_chars=22
2026-09-28T15:14:11.685211Z  INFO lingxi_service: request handled request_id=req-29300e225a5caf68d014a47d846487e6 method=POST path=/lingxi/v1/sessions/sess_local_alpha/execute status=200
2026-09-28T15:14:11.685797Z  INFO lingxi_service::sessions: run committed and published (post-commit) run_id=run_000001a0e894a865_00077b session_id=sess_local_alpha events=run_000001a0e894a865_00077b-done input_chars=22
2026-09-28T15:14:11.685972Z  INFO lingxi_service: request handled request_id=req-9155367233a18935f575f967e74b665d method=POST path=/lingxi/v1/sessions/sess_local_alpha/execute status=200
2026-09-28T15:14:11.686680Z  INFO lingxi_service::sessions: run committed and published (post-commit) run_id=run_000001a0e894a866_00077c session_id=sess_local_alpha events=run_000001a0e894a866_00077c-done input_chars=22
2026-09-28T15:14:11.686868Z  INFO lingxi_service: request handled request_id=req-0ff81695826b65b875951f5a7f235fa0 method=POST path=/lingxi/v1/sessions/sess_local_alpha/execute status=200
2026-09-28T15:14:11.687573Z  INFO lingxi_service::sessions: run committed and published (post-commit) run_id=run_000001a0e894a867_00077d session_id=sess_local_alpha events=run_000001a0e894a867_00077d-done input_chars=22
2026-09-28T15:14:11.687753Z  INFO lingxi_service: request handled request_id=req-c22768754bfb094980d4a929075200f1 method=POST path=/lingxi/v1/sessions/sess_local_alpha/execute status=200
2026-09-28T15:14:11.688359Z  INFO lingxi_service::sessions: run committed and published (post-commit) run_id=run_000001a0e894a868_00077e session_id=sess_local_alpha events=run_000001a0e894a868_00077e-done input_chars=22
2026-09-28T15:14:11.688539Z  INFO lingxi_service: request handled request_id=req-5e19d7ad61b04a53f6d95c51f2fa9700 method=POST path=/lingxi/v1/sessions/sess_local_alpha/execute status=200
2026-09-28T15:14:11.689134Z  INFO lingxi_service::sessions: run committed and published (post-commit) run_id=run_000001a0e894a868_00077f session_id=sess_local_alpha events=run_000001a0e894a868_00077f-done input_chars=22
2026-09-28T15:14:11.689308Z  INFO lingxi_service: request handled request_id=req-4c19931e02f99cec0dc66ac0b9db9c19 method=POST path=/lingxi/v1/sessions/sess_local_alpha/execute status=200
2026-09-28T15:14:11.690019Z  INFO lingxi_service::sessions: run committed and published (post-commit) run_id=run_000001a0e894a869_000780 session_id=sess_local_alpha events=run_000001a0e894a869_000780-done input_chars=22
2026-09-28T15:14:11.690214Z  INFO lingxi_service: request handled request_id=req-93da058ee1f5f78a9b3680404d774264 method=POST path=/lingxi/v1/sessions/sess_local_alpha/execute status=200
2026-09-28T15:14:11.690875Z  INFO lingxi_service::sessions: run committed and published (post-commit) run_id=run_000001a0e894a86a_000781 session_id=sess_local_alpha events=run_000001a0e894a86a_000781-done input_chars=22
2026-09-28T15:14:11.691070Z  INFO lingxi_service: request handled request_id=req-40d57045d3b7c7f7c1fbd533c1b175fc method=POST path=/lingxi/v1/sessions/sess_local_alpha/execute status=200
2026-09-28T15:14:11.691651Z  INFO lingxi_service::sessions: run committed and published (post-commit) run_id=run_000001a0e894a86b_000782 session_id=sess_local_alpha events=run_000001a0e894a86b_000782-done input_chars=22
2026-09-28T15:14:11.691829Z  INFO lingxi_service: request handled request_id=req-f61e3f373762c6619962feab08de159e method=POST path=/lingxi/v1/sessions/sess_local_alpha/execute status=200
2026-09-28T15:14:11.692393Z  INFO lingxi_service::sessions: run committed and published (post-commit) run_id=run_000001a0e894a86c_000783 session_id=sess_local_alpha events=run_000001a0e894a86c_000783-done input_chars=22
2026-09-28T15:14:11.692568Z  INFO lingxi_service: request handled request_id=req-3af13a458a5485e7fb0663a50423dbb3 method=POST path=/lingxi/v1/sessions/sess_local_alpha/execute status=200
2026-09-28T15:14:11.693216Z  INFO lingxi_service::sessions: run committed and published (post-commit) run_id=run_000001a0e894a86c_000784 session_id=sess_local_alpha events=run_000001a0e894a86c_000784-done input_chars=22
2026-09-28T15:14:11.693407Z  INFO lingxi_service: request handled request_id=req-3654c05c5348fbd397487ec6d49882e2 method=POST path=/lingxi/v1/sessions/sess_local_alpha/execute status=200
2026-09-28T15:14:11.694092Z  INFO lingxi_service::sessions: run committed and published (post-commit) run_id=run_000001a0e894a86d_000785 session_id=sess_local_alpha events=run_000001a0e894a86d_000785-done input_chars=22
2026-09-28T15:14:11.694271Z  INFO lingxi_service: request handled request_id=req-366ab579d304749d0228ec931da28ecc method=POST path=/lingxi/v1/sessions/sess_local_alpha/execute status=200
2026-09-28T15:14:11.694886Z  INFO lingxi_service::sessions: run committed and published (post-commit) run_id=run_000001a0e894a86e_000786 session_id=sess_local_alpha events=run_000001a0e894a86e_000786-done input_chars=22
2026-09-28T15:14:11.695067Z  INFO lingxi_service: request handled request_id=req-3a11db128d8b19690bd5922670fe1889 method=POST path=/lingxi/v1/sessions/sess_local_alpha/execute status=200
2026-09-28T15:14:11.695688Z  INFO lingxi_service::sessions: run committed and published (post-commit) run_id=run_000001a0e894a86f_000787 session_id=sess_local_alpha events=run_000001a0e894a86f_000787-done input_chars=22
2026-09-28T15:14:11.695877Z  INFO lingxi_service: request handled request_id=req-e869371fff411d19da0b6b82cde6fe9a method=POST path=/lingxi/v1/sessions/sess_local_alpha/execute status=200
2026-09-28T15:14:11.696875Z  INFO lingxi_service::sessions: run committed and published (post-commit) run_id=run_000001a0e894a870_000788 session_id=sess_local_alpha events=run_000001a0e894a870_000788-done input_chars=22
2026-09-28T15:14:11.697059Z  INFO lingxi_service: request handled request_id=req-4ee1d5cb143c7483d9fda59c129dc4bf method=POST path=/lingxi/v1/sessions/sess_local_alpha/execute status=200
2026-09-28T15:14:11.697773Z  INFO lingxi_service::sessions: run committed and published (post-commit) run_id=run_000001a0e894a871_000789 session_id=sess_local_alpha events=run_000001a0e894a871_000789-done input_chars=22
2026-09-28T15:14:11.697949Z  INFO lingxi_service: request handled request_id=req-78cefe02a97d2e089991d499b9f482b4 method=POST path=/lingxi/v1/sessions/sess_local_alpha/execute status=200
2026-09-28T15:14:11.698540Z  INFO lingxi_service::sessions: run committed and published (post-commit) run_id=run_000001a0e894a872_00078a session_id=sess_local_alpha events=run_000001a0e894a872_00078a-done input_chars=22
2026-09-28T15:14:11.698723Z  INFO lingxi_service: request handled request_id=req-e7627ab1db8b504ad12338922ad131ec method=POST path=/lingxi/v1/sessions/sess_local_alpha/execute status=200
2026-09-28T15:14:11.699295Z  INFO lingxi_service::sessions: run committed and published (post-commit) run_id=run_000001a0e894a872_00078b session_id=sess_local_alpha events=run_000001a0e894a872_00078b-done input_chars=22
2026-09-28T15:14:11.699483Z  INFO lingxi_service: request handled request_id=req-6ab29299495d08cd60af3b468e89ca9a method=POST path=/lingxi/v1/sessions/sess_local_alpha/execute status=200
2026-09-28T15:14:11.700243Z  INFO lingxi_service::sessions: run committed and published (post-commit) run_id=run_000001a0e894a873_00078c session_id=sess_local_alpha events=run_000001a0e894a873_00078c-done input_chars=22
2026-09-28T15:14:11.700443Z  INFO lingxi_service: request handled request_id=req-b3264c714a10eb96d5f6340309f1b234 method=POST path=/lingxi/v1/sessions/sess_local_alpha/execute status=200
2026-09-28T15:14:11.701046Z  INFO lingxi_service::sessions: run committed and published (post-commit) run_id=run_000001a0e894a874_00078d session_id=sess_local_alpha events=run_000001a0e894a874_00078d-done input_chars=22
2026-09-28T15:14:11.701220Z  INFO lingxi_service: request handled request_id=req-69a1c4c2c0da2cea19bfaae9fcdefdd7 method=POST path=/lingxi/v1/sessions/sess_local_alpha/execute status=200
2026-09-28T15:14:11.701827Z  INFO lingxi_service::sessions: run committed and published (post-commit) run_id=run_000001a0e894a875_00078e session_id=sess_local_alpha events=run_000001a0e894a875_00078e-done input_chars=22
2026-09-28T15:14:11.702005Z  INFO lingxi_service: request handled request_id=req-1de115b176380488f1e3791c02fb12e2 method=POST path=/lingxi/v1/sessions/sess_local_alpha/execute status=200
2026-09-28T15:14:11.702557Z  INFO lingxi_service::sessions: run committed and published (post-commit) run_id=run_000001a0e894a876_00078f session_id=sess_local_alpha events=run_000001a0e894a876_00078f-done input_chars=22
2026-09-28T15:14:11.702738Z  INFO lingxi_service: request handled request_id=req-00f8f7245d4ebbf6c0a1ad58ba143f20 method=POST path=/lingxi/v1/sessions/sess_local_alpha/execute status=200
2026-09-28T15:14:11.703457Z  INFO lingxi_service::sessions: run committed and published (post-commit) run_id=run_000001a0e894a877_000790 session_id=sess_local_alpha events=run_000001a0e894a877_000790-done input_chars=22
2026-09-28T15:14:11.703648Z  INFO lingxi_service: request handled request_id=req-4f5f32d9f500f2f5ef750a35dae9578a method=POST path=/lingxi/v1/sessions/sess_local_alpha/execute status=200
2026-09-28T15:14:11.704262Z  INFO lingxi_service::sessions: run committed and published (post-commit) run_id=run_000001a0e894a877_000791 session_id=sess_local_alpha events=run_000001a0e894a877_000791-done input_chars=22
2026-09-28T15:14:11.704437Z  INFO lingxi_service: request handled request_id=req-8a1c7ab10315b3c940ae10c3822e5a28 method=POST path=/lingxi/v1/sessions/sess_local_alpha/execute status=200
2026-09-28T15:14:11.705040Z  INFO lingxi_service::sessions: run committed and published (post-commit) run_id=run_000001a0e894a878_000792 session_id=sess_local_alpha events=run_000001a0e894a878_000792-done input_chars=22
2026-09-28T15:14:11.705220Z  INFO lingxi_service: request handled request_id=req-68426f4ef812c59ba9f3c2ee32f75e20 method=POST path=/lingxi/v1/sessions/sess_local_alpha/execute status=200
2026-09-28T15:14:11.705817Z  INFO lingxi_service::sessions: run committed and published (post-commit) run_id=run_000001a0e894a879_000793 session_id=sess_local_alpha events=run_000001a0e894a879_000793-done input_chars=22
2026-09-28T15:14:11.706008Z  INFO lingxi_service: request handled request_id=req-3c3d18e43a3b3ace5326afec0f34c1e9 method=POST path=/lingxi/v1/sessions/sess_local_alpha/execute status=200
2026-09-28T15:14:11.706713Z  INFO lingxi_service::sessions: run committed and published (post-commit) run_id=run_000001a0e894a87a_000794 session_id=sess_local_alpha events=run_000001a0e894a87a_000794-done input_chars=22
2026-09-28T15:14:11.706911Z  INFO lingxi_service: request handled request_id=req-3c93633d2546c824207db0e415f785ab method=POST path=/lingxi/v1/sessions/sess_local_alpha/execute status=200
2026-09-28T15:14:11.707545Z  INFO lingxi_service::sessions: run committed and published (post-commit) run_id=run_000001a0e894a87b_000795 session_id=sess_local_alpha events=run_000001a0e894a87b_000795-done input_chars=22
2026-09-28T15:14:11.707728Z  INFO lingxi_service: request handled request_id=req-128f62f405d3ffb47a23d0ef1f55961b method=POST path=/lingxi/v1/sessions/sess_local_alpha/execute status=200
2026-09-28T15:14:11.708321Z  INFO lingxi_service::sessions: run committed and published (post-commit) run_id=run_000001a0e894a87b_000796 session_id=sess_local_alpha events=run_000001a0e894a87b_000796-done input_chars=22
2026-09-28T15:14:11.708502Z  INFO lingxi_service: request handled request_id=req-1fc8d96831c8e487ee60ca584866f4d4 method=POST path=/lingxi/v1/sessions/sess_local_alpha/execute status=200
2026-09-28T15:14:11.709082Z  INFO lingxi_service::sessions: run committed and published (post-commit) run_id=run_000001a0e894a87c_000797 session_id=sess_local_alpha events=run_000001a0e894a87c_000797-done input_chars=22
2026-09-28T15:14:11.709261Z  INFO lingxi_service: request handled request_id=req-ce52e1dff401750e353d72a72012e50d method=POST path=/lingxi/v1/sessions/sess_local_alpha/execute status=200
2026-09-28T15:14:11.710005Z  INFO lingxi_service::sessions: run committed and published (post-commit) run_id=run_000001a0e894a87d_000798 session_id=sess_local_alpha events=run_000001a0e894a87d_000798-done input_chars=22
2026-09-28T15:14:11.710204Z  INFO lingxi_service: request handled request_id=req-02f149c2afc5779a371892de188a58e6 method=POST path=/lingxi/v1/sessions/sess_local_alpha/execute status=200
2026-09-28T15:14:11.710861Z  INFO lingxi_service::sessions: run committed and published (post-commit) run_id=run_000001a0e894a87e_000799 session_id=sess_local_alpha events=run_000001a0e894a87e_000799-done input_chars=22
2026-09-28T15:14:11.711044Z  INFO lingxi_service: request handled request_id=req-c2ccc52f7e74b6d7c7f0bcf6b7a1cb33 method=POST path=/lingxi/v1/sessions/sess_local_alpha/execute status=200
2026-09-28T15:14:11.711647Z  INFO lingxi_service::sessions: run committed and published (post-commit) run_id=run_000001a0e894a87f_00079a session_id=sess_local_alpha events=run_000001a0e894a87f_00079a-done input_chars=22
2026-09-28T15:14:11.711824Z  INFO lingxi_service: request handled request_id=req-a940c49cbfacf8c5d8a2ccc87eeebab0 method=POST path=/lingxi/v1/sessions/sess_local_alpha/execute status=200
2026-09-28T15:14:11.712406Z  INFO lingxi_service::sessions: run committed and published (post-commit) run_id=run_000001a0e894a880_00079b session_id=sess_local_alpha events=run_000001a0e894a880_00079b-done input_chars=22
2026-09-28T15:14:11.712580Z  INFO lingxi_service: request handled request_id=req-98031069fa6028ab15bc77ca1cd90d2c method=POST path=/lingxi/v1/sessions/sess_local_alpha/execute status=200
2026-09-28T15:14:11.713162Z  INFO lingxi_service::sessions: run committed and published (post-commit) run_id=run_000001a0e894a880_00079c session_id=sess_local_alpha events=run_000001a0e894a880_00079c-done input_chars=22
2026-09-28T15:14:11.713373Z  INFO lingxi_service: request handled request_id=req-0a1399da65da00b12e5caca06204843f method=POST path=/lingxi/v1/sessions/sess_local_alpha/execute status=200
2026-09-28T15:14:11.714085Z  INFO lingxi_service::sessions: run committed and published (post-commit) run_id=run_000001a0e894a881_00079d session_id=sess_local_alpha events=run_000001a0e894a881_00079d-done input_chars=22
2026-09-28T15:14:11.714271Z  INFO lingxi_service: request handled request_id=req-5f2c690dc7bd4b80dc80473ae997d9ae method=POST path=/lingxi/v1/sessions/sess_local_alpha/execute status=200
2026-09-28T15:14:11.714841Z  INFO lingxi_service::sessions: run committed and published (post-commit) run_id=run_000001a0e894a882_00079e session_id=sess_local_alpha events=run_000001a0e894a882_00079e-done input_chars=22
2026-09-28T15:14:11.715018Z  INFO lingxi_service: request handled request_id=req-2265f45a1bd2dcaeee9ad63c0abba34f method=POST path=/lingxi/v1/sessions/sess_local_alpha/execute status=200
2026-09-28T15:14:11.715575Z  INFO lingxi_service::sessions: run committed and published (post-commit) run_id=run_000001a0e894a883_00079f session_id=sess_local_alpha events=run_000001a0e894a883_00079f-done input_chars=22
2026-09-28T15:14:11.715757Z  INFO lingxi_service: request handled request_id=req-d79566caa4daca1b124cd16765510a81 method=POST path=/lingxi/v1/sessions/sess_local_alpha/execute status=200
2026-09-28T15:14:11.716345Z  INFO lingxi_service::sessions: run committed and published (post-commit) run_id=run_000001a0e894a883_0007a0 session_id=sess_local_alpha events=run_000001a0e894a883_0007a0-done input_chars=22
2026-09-28T15:14:11.716541Z  INFO lingxi_service: request handled request_id=req-e1882525cdc100431edefff39ee6ee02 method=POST path=/lingxi/v1/sessions/sess_local_alpha/execute status=200
2026-09-28T15:14:11.717221Z  INFO lingxi_service::sessions: run committed and published (post-commit) run_id=run_000001a0e894a884_0007a1 session_id=sess_local_alpha events=run_000001a0e894a884_0007a1-done input_chars=22
2026-09-28T15:14:11.717405Z  INFO lingxi_service: request handled request_id=req-6afafaa646dcb3c6b0e1eb491ed086e4 method=POST path=/lingxi/v1/sessions/sess_local_alpha/execute status=200
2026-09-28T15:14:11.718009Z  INFO lingxi_service::sessions: run committed and published (post-commit) run_id=run_000001a0e894a885_0007a2 session_id=sess_local_alpha events=run_000001a0e894a885_0007a2-done input_chars=22
2026-09-28T15:14:11.718190Z  INFO lingxi_service: request handled request_id=req-585c925576065915cacafbd3b2562b2a method=POST path=/lingxi/v1/sessions/sess_local_alpha/execute status=200
2026-09-28T15:14:11.718813Z  INFO lingxi_service::sessions: run committed and published (post-commit) run_id=run_000001a0e894a886_0007a3 session_id=sess_local_alpha events=run_000001a0e894a886_0007a3-done input_chars=22
2026-09-28T15:14:11.719000Z  INFO lingxi_service: request handled request_id=req-ff5b6cde6a126dafdc6e31ab1550a04a method=POST path=/lingxi/v1/sessions/sess_local_alpha/execute status=200
2026-09-28T15:14:11.719742Z  INFO lingxi_service::sessions: run committed and published (post-commit) run_id=run_000001a0e894a887_0007a4 session_id=sess_local_alpha events=run_000001a0e894a887_0007a4-done input_chars=22
2026-09-28T15:14:11.719940Z  INFO lingxi_service: request handled request_id=req-3763ff282c8d9eccd17f142ed7a12afb method=POST path=/lingxi/v1/sessions/sess_local_alpha/execute status=200
2026-09-28T15:14:11.720560Z  INFO lingxi_service::sessions: run committed and published (post-commit) run_id=run_000001a0e894a888_0007a5 session_id=sess_local_alpha events=run_000001a0e894a888_0007a5-done input_chars=22
2026-09-28T15:14:11.720739Z  INFO lingxi_service: request handled request_id=req-6c9c4b9134cfeed050d4e0e236137eb1 method=POST path=/lingxi/v1/sessions/sess_local_alpha/execute status=200
2026-09-28T15:14:11.721313Z  INFO lingxi_service::sessions: run committed and published (post-commit) run_id=run_000001a0e894a888_0007a6 session_id=sess_local_alpha events=run_000001a0e894a888_0007a6-done input_chars=22
2026-09-28T15:14:11.721493Z  INFO lingxi_service: request handled request_id=req-1cc0fd0af7ff5950ded236ee574f12a7 method=POST path=/lingxi/v1/sessions/sess_local_alpha/execute status=200
2026-09-28T15:14:11.722085Z  INFO lingxi_service::sessions: run committed and published (post-commit) run_id=run_000001a0e894a889_0007a7 session_id=sess_local_alpha events=run_000001a0e894a889_0007a7-done input_chars=22
2026-09-28T15:14:11.722264Z  INFO lingxi_service: request handled request_id=req-06dcdbae6f05e0ed507e154c91cd139b method=POST path=/lingxi/v1/sessions/sess_local_alpha/execute status=200
2026-09-28T15:14:11.722835Z  INFO lingxi_service::sessions: run committed and published (post-commit) run_id=run_000001a0e894a88a_0007a8 session_id=sess_local_alpha events=run_000001a0e894a88a_0007a8-done input_chars=22
2026-09-28T15:14:11.723019Z  INFO lingxi_service: request handled request_id=req-61237b157ed04cd3914bcdf531582042 method=POST path=/lingxi/v1/sessions/sess_local_alpha/execute status=200
2026-09-28T15:14:11.723901Z  INFO lingxi_service::sessions: run committed and published (post-commit) run_id=run_000001a0e894a88b_0007a9 session_id=sess_local_alpha events=run_000001a0e894a88b_0007a9-done input_chars=22
2026-09-28T15:14:11.724106Z  INFO lingxi_service: request handled request_id=req-72a186a7add27ff612c3b4241a87e263 method=POST path=/lingxi/v1/sessions/sess_local_alpha/execute status=200
2026-09-28T15:14:11.724782Z  INFO lingxi_service::sessions: run committed and published (post-commit) run_id=run_000001a0e894a88c_0007aa session_id=sess_local_alpha events=run_000001a0e894a88c_0007aa-done input_chars=22
2026-09-28T15:14:11.724965Z  INFO lingxi_service: request handled request_id=req-759f1ab26ab239e76f893d9bc759492a method=POST path=/lingxi/v1/sessions/sess_local_alpha/execute status=200
2026-09-28T15:14:11.725559Z  INFO lingxi_service::sessions: run committed and published (post-commit) run_id=run_000001a0e894a88d_0007ab session_id=sess_local_alpha events=run_000001a0e894a88d_0007ab-done input_chars=22
2026-09-28T15:14:11.725742Z  INFO lingxi_service: request handled request_id=req-1a26b0a35be7d36e3c429da91f7c91ff method=POST path=/lingxi/v1/sessions/sess_local_alpha/execute status=200
2026-09-28T15:14:11.726396Z  INFO lingxi_service::sessions: run committed and published (post-commit) run_id=run_000001a0e894a88d_0007ac session_id=sess_local_alpha events=run_000001a0e894a88d_0007ac-done input_chars=22
2026-09-28T15:14:11.726625Z  INFO lingxi_service: request handled request_id=req-247d714a9793f636a343651331bbc7ea method=POST path=/lingxi/v1/sessions/sess_local_alpha/execute status=200
2026-09-28T15:14:11.727287Z  INFO lingxi_service::sessions: run committed and published (post-commit) run_id=run_000001a0e894a88e_0007ad session_id=sess_local_alpha events=run_000001a0e894a88e_0007ad-done input_chars=22
2026-09-28T15:14:11.727466Z  INFO lingxi_service: request handled request_id=req-ccb8a6491b2492fb92ddbd2531ad9a40 method=POST path=/lingxi/v1/sessions/sess_local_alpha/execute status=200
2026-09-28T15:14:11.728030Z  INFO lingxi_service::sessions: run committed and published (post-commit) run_id=run_000001a0e894a88f_0007ae session_id=sess_local_alpha events=run_000001a0e894a88f_0007ae-done input_chars=22
2026-09-28T15:14:11.728225Z  INFO lingxi_service: request handled request_id=req-a1150569b1a2b06338cac0646fa72008 method=POST path=/lingxi/v1/sessions/sess_local_alpha/execute status=200
2026-09-28T15:14:11.728783Z  INFO lingxi_service::sessions: run committed and published (post-commit) run_id=run_000001a0e894a890_0007af session_id=sess_local_alpha events=run_000001a0e894a890_0007af-done input_chars=22
2026-09-28T15:14:11.728962Z  INFO lingxi_service: request handled request_id=req-0266623e4df43316ca5db26830f8d659 method=POST path=/lingxi/v1/sessions/sess_local_alpha/execute status=200
2026-09-28T15:14:11.729591Z  INFO lingxi_service::sessions: run committed and published (post-commit) run_id=run_000001a0e894a891_0007b0 session_id=sess_local_alpha events=run_000001a0e894a891_0007b0-done input_chars=22
2026-09-28T15:14:11.729806Z  INFO lingxi_service: request handled request_id=req-a557385456c2844cff473fb3160ae94b method=POST path=/lingxi/v1/sessions/sess_local_alpha/execute status=200
2026-09-28T15:14:11.730497Z  INFO lingxi_service::sessions: run committed and published (post-commit) run_id=run_000001a0e894a892_0007b1 session_id=sess_local_alpha events=run_000001a0e894a892_0007b1-done input_chars=22
2026-09-28T15:14:11.730681Z  INFO lingxi_service: request handled request_id=req-1636c072e811e2d9bdf995a03e0ad146 method=POST path=/lingxi/v1/sessions/sess_local_alpha/execute status=200
2026-09-28T15:14:11.731287Z  INFO lingxi_service::sessions: run committed and published (post-commit) run_id=run_000001a0e894a892_0007b2 session_id=sess_local_alpha events=run_000001a0e894a892_0007b2-done input_chars=22
2026-09-28T15:14:11.731467Z  INFO lingxi_service: request handled request_id=req-62432850ea6bbff0c557a956ac90fc08 method=POST path=/lingxi/v1/sessions/sess_local_alpha/execute status=200
2026-09-28T15:14:11.732020Z  INFO lingxi_service::sessions: run committed and published (post-commit) run_id=run_000001a0e894a893_0007b3 session_id=sess_local_alpha events=run_000001a0e894a893_0007b3-done input_chars=22
2026-09-28T15:14:11.732205Z  INFO lingxi_service: request handled request_id=req-e610d859177fd9f2fbd2c0b2cfb9b814 method=POST path=/lingxi/v1/sessions/sess_local_alpha/execute status=200
2026-09-28T15:14:11.733025Z  INFO lingxi_service::sessions: run committed and published (post-commit) run_id=run_000001a0e894a894_0007b4 session_id=sess_local_alpha events=run_000001a0e894a894_0007b4-done input_chars=22
2026-09-28T15:14:11.733214Z  INFO lingxi_service: request handled request_id=req-29de94f88112555f27b43c87ee194caa method=POST path=/lingxi/v1/sessions/sess_local_alpha/execute status=200
2026-09-28T15:14:11.733966Z  INFO lingxi_service::sessions: run committed and published (post-commit) run_id=run_000001a0e894a895_0007b5 session_id=sess_local_alpha events=run_000001a0e894a895_0007b5-done input_chars=22
2026-09-28T15:14:11.734151Z  INFO lingxi_service: request handled request_id=req-512c3d7597a7b01979e0d46af877386d method=POST path=/lingxi/v1/sessions/sess_local_alpha/execute status=200
2026-09-28T15:14:11.734819Z  INFO lingxi_service::sessions: run committed and published (post-commit) run_id=run_000001a0e894a896_0007b6 session_id=sess_local_alpha events=run_000001a0e894a896_0007b6-done input_chars=22
2026-09-28T15:14:11.734995Z  INFO lingxi_service: request handled request_id=req-0ad5e2988697960bede819dd50664a51 method=POST path=/lingxi/v1/sessions/sess_local_alpha/execute status=200
2026-09-28T15:14:11.735615Z  INFO lingxi_service::sessions: run committed and published (post-commit) run_id=run_000001a0e894a897_0007b7 session_id=sess_local_alpha events=run_000001a0e894a897_0007b7-done input_chars=22
2026-09-28T15:14:11.735792Z  INFO lingxi_service: request handled request_id=req-5a00823a91e0ae4b74a1d40ec898e5d5 method=POST path=/lingxi/v1/sessions/sess_local_alpha/execute status=200
2026-09-28T15:14:11.736413Z  INFO lingxi_service::sessions: run committed and published (post-commit) run_id=run_000001a0e894a898_0007b8 session_id=sess_local_alpha events=run_000001a0e894a898_0007b8-done input_chars=22
2026-09-28T15:14:11.736604Z  INFO lingxi_service: request handled request_id=req-308e00769f9bcb31769b9d8e4df67ceb method=POST path=/lingxi/v1/sessions/sess_local_alpha/execute status=200
2026-09-28T15:14:11.737327Z  INFO lingxi_service::sessions: run committed and published (post-commit) run_id=run_000001a0e894a898_0007b9 session_id=sess_local_alpha events=run_000001a0e894a898_0007b9-done input_chars=22
2026-09-28T15:14:11.737519Z  INFO lingxi_service: request handled request_id=req-f2d19afdc909a331d539465ad71fc4b4 method=POST path=/lingxi/v1/sessions/sess_local_alpha/execute status=200
2026-09-28T15:14:11.738147Z  INFO lingxi_service::sessions: run committed and published (post-commit) run_id=run_000001a0e894a899_0007ba session_id=sess_local_alpha events=run_000001a0e894a899_0007ba-done input_chars=22
2026-09-28T15:14:11.738328Z  INFO lingxi_service: request handled request_id=req-492c0928ecc0e9c69867e64fe8edf6cd method=POST path=/lingxi/v1/sessions/sess_local_alpha/execute status=200
2026-09-28T15:14:11.738928Z  INFO lingxi_service::sessions: run committed and published (post-commit) run_id=run_000001a0e894a89a_0007bb session_id=sess_local_alpha events=run_000001a0e894a89a_0007bb-done input_chars=22
2026-09-28T15:14:11.739105Z  INFO lingxi_service: request handled request_id=req-81679d6a0ff4fcd95ccea36938d478d6 method=POST path=/lingxi/v1/sessions/sess_local_alpha/execute status=200
2026-09-28T15:14:11.739733Z  INFO lingxi_service::sessions: run committed and published (post-commit) run_id=run_000001a0e894a89b_0007bc session_id=sess_local_alpha events=run_000001a0e894a89b_0007bc-done input_chars=22
2026-09-28T15:14:11.739943Z  INFO lingxi_service: request handled request_id=req-7394883279f68c796c8b4f304b6565fd method=POST path=/lingxi/v1/sessions/sess_local_alpha/execute status=200
2026-09-28T15:14:11.740701Z  INFO lingxi_service::sessions: run committed and published (post-commit) run_id=run_000001a0e894a89c_0007bd session_id=sess_local_alpha events=run_000001a0e894a89c_0007bd-done input_chars=22
2026-09-28T15:14:11.740894Z  INFO lingxi_service: request handled request_id=req-6f34ca4ab7741943a862021c7c7b63df method=POST path=/lingxi/v1/sessions/sess_local_alpha/execute status=200
2026-09-28T15:14:11.741835Z  INFO lingxi_service::sessions: run committed and published (post-commit) run_id=run_000001a0e894a89d_0007be session_id=sess_local_alpha events=run_000001a0e894a89d_0007be-done input_chars=22
2026-09-28T15:14:11.742020Z  INFO lingxi_service: request handled request_id=req-a20e5e3de68aa9fba1cc86a41f7fad5b method=POST path=/lingxi/v1/sessions/sess_local_alpha/execute status=200
2026-09-28T15:14:11.742642Z  INFO lingxi_service::sessions: run committed and published (post-commit) run_id=run_000001a0e894a89e_0007bf session_id=sess_local_alpha events=run_000001a0e894a89e_0007bf-done input_chars=22
2026-09-28T15:14:11.742832Z  INFO lingxi_service: request handled request_id=req-e8d499cd48e872f3a39f25b7e6861e9f method=POST path=/lingxi/v1/sessions/sess_local_alpha/execute status=200
2026-09-28T15:14:11.743516Z  INFO lingxi_service::sessions: run committed and published (post-commit) run_id=run_000001a0e894a89f_0007c0 session_id=sess_local_alpha events=run_000001a0e894a89f_0007c0-done input_chars=22
2026-09-28T15:14:11.743718Z  INFO lingxi_service: request handled request_id=req-85ee46093bbc08b6da3960fa5d3d5e0e method=POST path=/lingxi/v1/sessions/sess_local_alpha/execute status=200
2026-09-28T15:14:11.744417Z  INFO lingxi_service::sessions: run committed and published (post-commit) run_id=run_000001a0e894a8a0_0007c1 session_id=sess_local_alpha events=run_000001a0e894a8a0_0007c1-done input_chars=22
2026-09-28T15:14:11.744606Z  INFO lingxi_service: request handled request_id=req-1d0cfb3866dff9d5c98615d9b02afb35 method=POST path=/lingxi/v1/sessions/sess_local_alpha/execute status=200
2026-09-28T15:14:11.745224Z  INFO lingxi_service::sessions: run committed and published (post-commit) run_id=run_000001a0e894a8a0_0007c2 session_id=sess_local_alpha events=run_000001a0e894a8a0_0007c2-done input_chars=22
2026-09-28T15:14:11.745414Z  INFO lingxi_service: request handled request_id=req-da491b946aa790f0e19dd4802198bd9b method=POST path=/lingxi/v1/sessions/sess_local_alpha/execute status=200
2026-09-28T15:14:11.746143Z  INFO lingxi_service::sessions: run committed and published (post-commit) run_id=run_000001a0e894a8a1_0007c3 session_id=sess_local_alpha events=run_000001a0e894a8a1_0007c3-done input_chars=22
2026-09-28T15:14:11.746340Z  INFO lingxi_service: request handled request_id=req-7ff916f484a838eb6fafe38bc74641f7 method=POST path=/lingxi/v1/sessions/sess_local_alpha/execute status=200
2026-09-28T15:14:11.747001Z  INFO lingxi_service::sessions: run committed and published (post-commit) run_id=run_000001a0e894a8a2_0007c4 session_id=sess_local_alpha events=run_000001a0e894a8a2_0007c4-done input_chars=22
2026-09-28T15:14:11.747192Z  INFO lingxi_service: request handled request_id=req-e446b9e99af4cc0b99b3dc716a1a8d5c method=POST path=/lingxi/v1/sessions/sess_local_alpha/execute status=200
2026-09-28T15:14:11.747760Z  INFO lingxi_service::sessions: run committed and published (post-commit) run_id=run_000001a0e894a8a3_0007c5 session_id=sess_local_alpha events=run_000001a0e894a8a3_0007c5-done input_chars=22
2026-09-28T15:14:11.747942Z  INFO lingxi_service: request handled request_id=req-4b5f6d41be77f4d78e816c1bfd025dba method=POST path=/lingxi/v1/sessions/sess_local_alpha/execute status=200
2026-09-28T15:14:11.748512Z  INFO lingxi_service::sessions: run committed and published (post-commit) run_id=run_000001a0e894a8a4_0007c6 session_id=sess_local_alpha events=run_000001a0e894a8a4_0007c6-done input_chars=22
2026-09-28T15:14:11.748691Z  INFO lingxi_service: request handled request_id=req-ea737b5cf30d0dc6d5cfd0bbd39a74e1 method=POST path=/lingxi/v1/sessions/sess_local_alpha/execute status=200
2026-09-28T15:14:11.749326Z  INFO lingxi_service::sessions: run committed and published (post-commit) run_id=run_000001a0e894a8a4_0007c7 session_id=sess_local_alpha events=run_000001a0e894a8a4_0007c7-done input_chars=22
2026-09-28T15:14:11.749510Z  INFO lingxi_service: request handled request_id=req-08fffca4a72ec47ea73cab027ea1a3e1 method=POST path=/lingxi/v1/sessions/sess_local_alpha/execute status=200
2026-09-28T15:14:11.750188Z  INFO lingxi_service::sessions: run committed and published (post-commit) run_id=run_000001a0e894a8a5_0007c8 session_id=sess_local_alpha events=run_000001a0e894a8a5_0007c8-done input_chars=22
2026-09-28T15:14:11.750381Z  INFO lingxi_service: request handled request_id=req-04ef989422ca8ac4aff1684289e0f76c method=POST path=/lingxi/v1/sessions/sess_local_alpha/execute status=200
2026-09-28T15:14:11.751064Z  INFO lingxi_service::sessions: run committed and published (post-commit) run_id=run_000001a0e894a8a6_0007c9 session_id=sess_local_alpha events=run_000001a0e894a8a6_0007c9-done input_chars=22
2026-09-28T15:14:11.751245Z  INFO lingxi_service: request handled request_id=req-6c3e458869499b2dd61cbb03e2b9855f method=POST path=/lingxi/v1/sessions/sess_local_alpha/execute status=200
2026-09-28T15:14:11.751858Z  INFO lingxi_service::sessions: run committed and published (post-commit) run_id=run_000001a0e894a8a7_0007ca session_id=sess_local_alpha events=run_000001a0e894a8a7_0007ca-done input_chars=22
2026-09-28T15:14:11.752041Z  INFO lingxi_service: request handled request_id=req-7e42ec4c176bde5e47b19a64d0a96d69 method=POST path=/lingxi/v1/sessions/sess_local_alpha/execute status=200
2026-09-28T15:14:11.752600Z  INFO lingxi_service::sessions: run committed and published (post-commit) run_id=run_000001a0e894a8a8_0007cb session_id=sess_local_alpha events=run_000001a0e894a8a8_0007cb-done input_chars=22
2026-09-28T15:14:11.752789Z  INFO lingxi_service: request handled request_id=req-3649d6b77972f6f8ae68a3b174991e90 method=POST path=/lingxi/v1/sessions/sess_local_alpha/execute status=200
2026-09-28T15:14:11.753519Z  INFO lingxi_service::sessions: run committed and published (post-commit) run_id=run_000001a0e894a8a9_0007cc session_id=sess_local_alpha events=run_000001a0e894a8a9_0007cc-done input_chars=22
2026-09-28T15:14:11.753718Z  INFO lingxi_service: request handled request_id=req-1439aa0ab3c404455642d9bb7662e78e method=POST path=/lingxi/v1/sessions/sess_local_alpha/execute status=200
2026-09-28T15:14:11.754329Z  INFO lingxi_service::sessions: run committed and published (post-commit) run_id=run_000001a0e894a8aa_0007cd session_id=sess_local_alpha events=run_000001a0e894a8aa_0007cd-done input_chars=22
2026-09-28T15:14:11.754508Z  INFO lingxi_service: request handled request_id=req-327a3e105fca52aa789d4e991759b0fe method=POST path=/lingxi/v1/sessions/sess_local_alpha/execute status=200
2026-09-28T15:14:11.755099Z  INFO lingxi_service::sessions: run committed and published (post-commit) run_id=run_000001a0e894a8aa_0007ce session_id=sess_local_alpha events=run_000001a0e894a8aa_0007ce-done input_chars=22
2026-09-28T15:14:11.755282Z  INFO lingxi_service: request handled request_id=req-4544bca577b44361844bdf4378fb2964 method=POST path=/lingxi/v1/sessions/sess_local_alpha/execute status=200
2026-09-28T15:14:11.755885Z  INFO lingxi_service::sessions: run committed and published (post-commit) run_id=run_000001a0e894a8ab_0007cf session_id=sess_local_alpha events=run_000001a0e894a8ab_0007cf-done input_chars=22
2026-09-28T15:14:11.756068Z  INFO lingxi_service: request handled request_id=req-6ce3dffc259440ec15c9748a8fe27cda method=POST path=/lingxi/v1/sessions/sess_local_alpha/execute status=200
2026-09-28T15:14:11.756778Z  INFO lingxi_service::sessions: run committed and published (post-commit) run_id=run_000001a0e894a8ac_0007d0 session_id=sess_local_alpha events=run_000001a0e894a8ac_0007d0-done input_chars=22
2026-09-28T15:14:11.756973Z  INFO lingxi_service: request handled request_id=req-0d264c8ff4ae8ffaf2517fdff2663756 method=POST path=/lingxi/v1/sessions/sess_local_alpha/execute status=200
2026-09-28T15:14:11.757596Z  INFO lingxi_service::sessions: run committed and published (post-commit) run_id=run_000001a0e894a8ad_0007d1 session_id=sess_local_alpha events=run_000001a0e894a8ad_0007d1-done input_chars=23
2026-09-28T15:14:11.757779Z  INFO lingxi_service: request handled request_id=req-4f3ea135ccb36365d54667a584a32c4d method=POST path=/lingxi/v1/sessions/sess_local_alpha/execute status=200
2026-09-28T15:14:11.758396Z  INFO lingxi_service::sessions: run committed and published (post-commit) run_id=run_000001a0e894a8ae_0007d2 session_id=sess_local_alpha events=run_000001a0e894a8ae_0007d2-done input_chars=23
2026-09-28T15:14:11.758577Z  INFO lingxi_service: request handled request_id=req-ba9468786294b5dd9ddf2be2fe2e3da3 method=POST path=/lingxi/v1/sessions/sess_local_alpha/execute status=200
2026-09-28T15:14:11.759174Z  INFO lingxi_service::sessions: run committed and published (post-commit) run_id=run_000001a0e894a8ae_0007d3 session_id=sess_local_alpha events=run_000001a0e894a8ae_0007d3-done input_chars=23
2026-09-28T15:14:11.759362Z  INFO lingxi_service: request handled request_id=req-d8e8596587c2bc1129b607f405bbcf40 method=POST path=/lingxi/v1/sessions/sess_local_alpha/execute status=200
2026-09-28T15:14:11.760185Z  INFO lingxi_service::sessions: run committed and published (post-commit) run_id=run_000001a0e894a8af_0007d4 session_id=sess_local_alpha events=run_000001a0e894a8af_0007d4-done input_chars=23
2026-09-28T15:14:11.760380Z  INFO lingxi_service: request handled request_id=req-f926e6ba36a0211826d3d1d164959b34 method=POST path=/lingxi/v1/sessions/sess_local_alpha/execute status=200
2026-09-28T15:14:11.761018Z  INFO lingxi_service::sessions: run committed and published (post-commit) run_id=run_000001a0e894a8b0_0007d5 session_id=sess_local_alpha events=run_000001a0e894a8b0_0007d5-done input_chars=23
2026-09-28T15:14:11.761197Z  INFO lingxi_service: request handled request_id=req-1711dc401b2ffc6ab9e14c5e3f241735 method=POST path=/lingxi/v1/sessions/sess_local_alpha/execute status=200
2026-09-28T15:14:11.761777Z  INFO lingxi_service::sessions: run committed and published (post-commit) run_id=run_000001a0e894a8b1_0007d6 session_id=sess_local_alpha events=run_000001a0e894a8b1_0007d6-done input_chars=23
2026-09-28T15:14:11.761955Z  INFO lingxi_service: request handled request_id=req-c63296bdd4e06614e2f306e595d1146e method=POST path=/lingxi/v1/sessions/sess_local_alpha/execute status=200
2026-09-28T15:14:11.762509Z  INFO lingxi_service::sessions: run committed and published (post-commit) run_id=run_000001a0e894a8b2_0007d7 session_id=sess_local_alpha events=run_000001a0e894a8b2_0007d7-done input_chars=23
2026-09-28T15:14:11.762696Z  INFO lingxi_service: request handled request_id=req-efb72307a2bc065d94ecfd96f73045be method=POST path=/lingxi/v1/sessions/sess_local_alpha/execute status=200
2026-09-28T15:14:11.763382Z  INFO lingxi_service::sessions: run committed and published (post-commit) run_id=run_000001a0e894a8b3_0007d8 session_id=sess_local_alpha events=run_000001a0e894a8b3_0007d8-done input_chars=23
2026-09-28T15:14:11.763576Z  INFO lingxi_service: request handled request_id=req-dd123b8849f0d679283ed81f982ac928 method=POST path=/lingxi/v1/sessions/sess_local_alpha/execute status=200
2026-09-28T15:14:11.764223Z  INFO lingxi_service::sessions: run committed and published (post-commit) run_id=run_000001a0e894a8b3_0007d9 session_id=sess_local_alpha events=run_000001a0e894a8b3_0007d9-done input_chars=23
2026-09-28T15:14:11.764404Z  INFO lingxi_service: request handled request_id=req-07cd6f7452a6ec9581b0fdb3421d4b48 method=POST path=/lingxi/v1/sessions/sess_local_alpha/execute status=200
2026-09-28T15:14:11.765017Z  INFO lingxi_service::sessions: run committed and published (post-commit) run_id=run_000001a0e894a8b4_0007da session_id=sess_local_alpha events=run_000001a0e894a8b4_0007da-done input_chars=23
2026-09-28T15:14:11.765207Z  INFO lingxi_service: request handled request_id=req-68c934fe201c9a6d830730fba41b8c77 method=POST path=/lingxi/v1/sessions/sess_local_alpha/execute status=200
2026-09-28T15:14:11.765797Z  INFO lingxi_service::sessions: run committed and published (post-commit) run_id=run_000001a0e894a8b5_0007db session_id=sess_local_alpha events=run_000001a0e894a8b5_0007db-done input_chars=23
2026-09-28T15:14:11.765977Z  INFO lingxi_service: request handled request_id=req-de181a65670093c7c85199592ed48981 method=POST path=/lingxi/v1/sessions/sess_local_alpha/execute status=200
2026-09-28T15:14:11.766681Z  INFO lingxi_service::sessions: run committed and published (post-commit) run_id=run_000001a0e894a8b6_0007dc session_id=sess_local_alpha events=run_000001a0e894a8b6_0007dc-done input_chars=23
2026-09-28T15:14:11.766879Z  INFO lingxi_service: request handled request_id=req-0b5a64a1d26a836637dead08df108bb8 method=POST path=/lingxi/v1/sessions/sess_local_alpha/execute status=200
2026-09-28T15:14:11.767581Z  INFO lingxi_service::sessions: run committed and published (post-commit) run_id=run_000001a0e894a8b7_0007dd session_id=sess_local_alpha events=run_000001a0e894a8b7_0007dd-done input_chars=23
2026-09-28T15:14:11.767759Z  INFO lingxi_service: request handled request_id=req-48ee089226a1f2af574e45a77dcc9765 method=POST path=/lingxi/v1/sessions/sess_local_alpha/execute status=200
2026-09-28T15:14:11.768360Z  INFO lingxi_service::sessions: run committed and published (post-commit) run_id=run_000001a0e894a8b8_0007de session_id=sess_local_alpha events=run_000001a0e894a8b8_0007de-done input_chars=23
2026-09-28T15:14:11.768546Z  INFO lingxi_service: request handled request_id=req-41c101ebc1cd96324f3c465863c91985 method=POST path=/lingxi/v1/sessions/sess_local_alpha/execute status=200
2026-09-28T15:14:11.769102Z  INFO lingxi_service::sessions: run committed and published (post-commit) run_id=run_000001a0e894a8b8_0007df session_id=sess_local_alpha events=run_000001a0e894a8b8_0007df-done input_chars=23
2026-09-28T15:14:11.769284Z  INFO lingxi_service: request handled request_id=req-192732cbb26d15f34904f79303c7a08e method=POST path=/lingxi/v1/sessions/sess_local_alpha/execute status=200
2026-09-28T15:14:11.769982Z  INFO lingxi_service::sessions: run committed and published (post-commit) run_id=run_000001a0e894a8b9_0007e0 session_id=sess_local_alpha events=run_000001a0e894a8b9_0007e0-done input_chars=23
2026-09-28T15:14:11.770180Z  INFO lingxi_service: request handled request_id=req-c38fca53f3b139bb147a2b6b36720b2d method=POST path=/lingxi/v1/sessions/sess_local_alpha/execute status=200
2026-09-28T15:14:11.770834Z  INFO lingxi_service::sessions: run committed and published (post-commit) run_id=run_000001a0e894a8ba_0007e1 session_id=sess_local_alpha events=run_000001a0e894a8ba_0007e1-done input_chars=23
2026-09-28T15:14:11.771018Z  INFO lingxi_service: request handled request_id=req-05c4612887c9aef1961e8af571e16fd1 method=POST path=/lingxi/v1/sessions/sess_local_alpha/execute status=200
2026-09-28T15:14:11.771601Z  INFO lingxi_service::sessions: run committed and published (post-commit) run_id=run_000001a0e894a8bb_0007e2 session_id=sess_local_alpha events=run_000001a0e894a8bb_0007e2-done input_chars=23
2026-09-28T15:14:11.771784Z  INFO lingxi_service: request handled request_id=req-15d78cf7b7a4f7ee07897c92f0714a76 method=POST path=/lingxi/v1/sessions/sess_local_alpha/execute status=200
2026-09-28T15:14:11.772410Z  INFO lingxi_service::sessions: run committed and published (post-commit) run_id=run_000001a0e894a8bc_0007e3 session_id=sess_local_alpha events=run_000001a0e894a8bc_0007e3-done input_chars=23
2026-09-28T15:14:11.772593Z  INFO lingxi_service: request handled request_id=req-45a0f0a3f111996cc3a289b7ff384107 method=POST path=/lingxi/v1/sessions/sess_local_alpha/execute status=200
2026-09-28T15:14:11.773338Z  INFO lingxi_service::sessions: run committed and published (post-commit) run_id=run_000001a0e894a8bc_0007e4 session_id=sess_local_alpha events=run_000001a0e894a8bc_0007e4-done input_chars=23
2026-09-28T15:14:11.773541Z  INFO lingxi_service: request handled request_id=req-589b3c2baa181690c8e8dadf18a2103e method=POST path=/lingxi/v1/sessions/sess_local_alpha/execute status=200
2026-09-28T15:14:11.774224Z  INFO lingxi_service::sessions: run committed and published (post-commit) run_id=run_000001a0e894a8bd_0007e5 session_id=sess_local_alpha events=run_000001a0e894a8bd_0007e5-done input_chars=23
2026-09-28T15:14:11.774408Z  INFO lingxi_service: request handled request_id=req-a36f00c808383b3f318e9ac6f959e172 method=POST path=/lingxi/v1/sessions/sess_local_alpha/execute status=200
2026-09-28T15:14:11.775032Z  INFO lingxi_service::sessions: run committed and published (post-commit) run_id=run_000001a0e894a8be_0007e6 session_id=sess_local_alpha events=run_000001a0e894a8be_0007e6-done input_chars=23
2026-09-28T15:14:11.775210Z  INFO lingxi_service: request handled request_id=req-b2e78f1020f5f56a41acf4d48e601879 method=POST path=/lingxi/v1/sessions/sess_local_alpha/execute status=200
2026-09-28T15:14:11.775817Z  INFO lingxi_service::sessions: run committed and published (post-commit) run_id=run_000001a0e894a8bf_0007e7 session_id=sess_local_alpha events=run_000001a0e894a8bf_0007e7-done input_chars=23
2026-09-28T15:14:11.776001Z  INFO lingxi_service: request handled request_id=req-be09f0b4b900aff351fe87b020459f67 method=POST path=/lingxi/v1/sessions/sess_local_alpha/execute status=200
2026-09-28T15:14:11.776749Z  INFO lingxi_service::sessions: run committed and published (post-commit) run_id=run_000001a0e894a8c0_0007e8 session_id=sess_local_alpha events=run_000001a0e894a8c0_0007e8-done input_chars=23
2026-09-28T15:14:11.776953Z  INFO lingxi_service: request handled request_id=req-c3a7662622fda7243e81c6946d3588a8 method=POST path=/lingxi/v1/sessions/sess_local_alpha/execute status=200
2026-09-28T15:14:11.777625Z  INFO lingxi_service::sessions: run committed and published (post-commit) run_id=run_000001a0e894a8c1_0007e9 session_id=sess_local_alpha events=run_000001a0e894a8c1_0007e9-done input_chars=23
2026-09-28T15:14:11.777805Z  INFO lingxi_service: request handled request_id=req-27c4407820e9e064c91b0799458b384f method=POST path=/lingxi/v1/sessions/sess_local_alpha/execute status=200
2026-09-28T15:14:11.778415Z  INFO lingxi_service::sessions: run committed and published (post-commit) run_id=run_000001a0e894a8c2_0007ea session_id=sess_local_alpha events=run_000001a0e894a8c2_0007ea-done input_chars=23
2026-09-28T15:14:11.778593Z  INFO lingxi_service: request handled request_id=req-22c825d78cd2f92ce9da6c785290835b method=POST path=/lingxi/v1/sessions/sess_local_alpha/execute status=200
2026-09-28T15:14:11.779201Z  INFO lingxi_service::sessions: run committed and published (post-commit) run_id=run_000001a0e894a8c2_0007eb session_id=sess_local_alpha events=run_000001a0e894a8c2_0007eb-done input_chars=23
2026-09-28T15:14:11.779397Z  INFO lingxi_service: request handled request_id=req-9b542e9c405157ff9ba0005b7b14e366 method=POST path=/lingxi/v1/sessions/sess_local_alpha/execute status=200
2026-09-28T15:14:11.780104Z  INFO lingxi_service::sessions: run committed and published (post-commit) run_id=run_000001a0e894a8c3_0007ec session_id=sess_local_alpha events=run_000001a0e894a8c3_0007ec-done input_chars=23
2026-09-28T15:14:11.780290Z  INFO lingxi_service: request handled request_id=req-e19e4720d0c26c899b4cc0e5393b67c0 method=POST path=/lingxi/v1/sessions/sess_local_alpha/execute status=200
2026-09-28T15:14:11.780884Z  INFO lingxi_service::sessions: run committed and published (post-commit) run_id=run_000001a0e894a8c4_0007ed session_id=sess_local_alpha events=run_000001a0e894a8c4_0007ed-done input_chars=23
2026-09-28T15:14:11.781070Z  INFO lingxi_service: request handled request_id=req-479c052da8e786585fcf5ea620af3751 method=POST path=/lingxi/v1/sessions/sess_local_alpha/execute status=200
2026-09-28T15:14:11.781646Z  INFO lingxi_service::sessions: run committed and published (post-commit) run_id=run_000001a0e894a8c5_0007ee session_id=sess_local_alpha events=run_000001a0e894a8c5_0007ee-done input_chars=23
2026-09-28T15:14:11.781825Z  INFO lingxi_service: request handled request_id=req-c8f2d42a6f89118275efc11e901f7e19 method=POST path=/lingxi/v1/sessions/sess_local_alpha/execute status=200
2026-09-28T15:14:11.782395Z  INFO lingxi_service::sessions: run committed and published (post-commit) run_id=run_000001a0e894a8c6_0007ef session_id=sess_local_alpha events=run_000001a0e894a8c6_0007ef-done input_chars=23
2026-09-28T15:14:11.782577Z  INFO lingxi_service: request handled request_id=req-42fafe8450230cc69956e93f00fd6804 method=POST path=/lingxi/v1/sessions/sess_local_alpha/execute status=200
2026-09-28T15:14:11.783199Z  INFO lingxi_service::sessions: run committed and published (post-commit) run_id=run_000001a0e894a8c6_0007f0 session_id=sess_local_alpha events=run_000001a0e894a8c6_0007f0-done input_chars=23
2026-09-28T15:14:11.783422Z  INFO lingxi_service: request handled request_id=req-8e4dfa24fa9659c5b65fa8ebd708be45 method=POST path=/lingxi/v1/sessions/sess_local_alpha/execute status=200
2026-09-28T15:14:11.784124Z  INFO lingxi_service::sessions: run committed and published (post-commit) run_id=run_000001a0e894a8c7_0007f1 session_id=sess_local_alpha events=run_000001a0e894a8c7_0007f1-done input_chars=23
2026-09-28T15:14:11.784316Z  INFO lingxi_service: request handled request_id=req-ff4a3df3f968def38c57b46e65530580 method=POST path=/lingxi/v1/sessions/sess_local_alpha/execute status=200
2026-09-28T15:14:11.784900Z  INFO lingxi_service::sessions: run committed and published (post-commit) run_id=run_000001a0e894a8c8_0007f2 session_id=sess_local_alpha events=run_000001a0e894a8c8_0007f2-done input_chars=23
2026-09-28T15:14:11.785080Z  INFO lingxi_service: request handled request_id=req-6756905a5079aad31509e4d9f8a46437 method=POST path=/lingxi/v1/sessions/sess_local_alpha/execute status=200
2026-09-28T15:14:11.785688Z  INFO lingxi_service::sessions: run committed and published (post-commit) run_id=run_000001a0e894a8c9_0007f3 session_id=sess_local_alpha events=run_000001a0e894a8c9_0007f3-done input_chars=23
2026-09-28T15:14:11.785869Z  INFO lingxi_service: request handled request_id=req-b82eb9c99ca9f64af881fbfb5ecc0c7d method=POST path=/lingxi/v1/sessions/sess_local_alpha/execute status=200
2026-09-28T15:14:11.786626Z  INFO lingxi_service::sessions: run committed and published (post-commit) run_id=run_000001a0e894a8ca_0007f4 session_id=sess_local_alpha events=run_000001a0e894a8ca_0007f4-done input_chars=23
2026-09-28T15:14:11.786828Z  INFO lingxi_service: request handled request_id=req-fe2c2687e11a50a2d0b71c75f6fd96e6 method=POST path=/lingxi/v1/sessions/sess_local_alpha/execute status=200
2026-09-28T15:14:11.787911Z  INFO lingxi_service::sessions: run committed and published (post-commit) run_id=run_000001a0e894a8cb_0007f5 session_id=sess_local_alpha events=run_000001a0e894a8cb_0007f5-done input_chars=23
2026-09-28T15:14:11.788099Z  INFO lingxi_service: request handled request_id=req-0f012e66831fe7ff0902e7da4cc21028 method=POST path=/lingxi/v1/sessions/sess_local_alpha/execute status=200
2026-09-28T15:14:11.788729Z  INFO lingxi_service::sessions: run committed and published (post-commit) run_id=run_000001a0e894a8cc_0007f6 session_id=sess_local_alpha events=run_000001a0e894a8cc_0007f6-done input_chars=23
2026-09-28T15:14:11.788917Z  INFO lingxi_service: request handled request_id=req-da124e3a5d496ae77c742eee97356441 method=POST path=/lingxi/v1/sessions/sess_local_alpha/execute status=200
2026-09-28T15:14:11.789613Z  INFO lingxi_service::sessions: run committed and published (post-commit) run_id=run_000001a0e894a8cd_0007f7 session_id=sess_local_alpha events=run_000001a0e894a8cd_0007f7-done input_chars=23
2026-09-28T15:14:11.789814Z  INFO lingxi_service: request handled request_id=req-37ddd03ed0b59bce19bd59008627cf12 method=POST path=/lingxi/v1/sessions/sess_local_alpha/execute status=200
2026-09-28T15:14:11.790530Z  INFO lingxi_service::sessions: run committed and published (post-commit) run_id=run_000001a0e894a8ce_0007f8 session_id=sess_local_alpha events=run_000001a0e894a8ce_0007f8-done input_chars=23
2026-09-28T15:14:11.790731Z  INFO lingxi_service: request handled request_id=req-4929410699ad6055a4350f254441016e method=POST path=/lingxi/v1/sessions/sess_local_alpha/execute status=200
2026-09-28T15:14:11.791362Z  INFO lingxi_service::sessions: run committed and published (post-commit) run_id=run_000001a0e894a8ce_0007f9 session_id=sess_local_alpha events=run_000001a0e894a8ce_0007f9-done input_chars=23
2026-09-28T15:14:11.791548Z  INFO lingxi_service: request handled request_id=req-3669ea7d8c43a7972d0291d172275838 method=POST path=/lingxi/v1/sessions/sess_local_alpha/execute status=200
2026-09-28T15:14:11.792215Z  INFO lingxi_service::sessions: run committed and published (post-commit) run_id=run_000001a0e894a8cf_0007fa session_id=sess_local_alpha events=run_000001a0e894a8cf_0007fa-done input_chars=23
2026-09-28T15:14:11.792394Z  INFO lingxi_service: request handled request_id=req-6b86c7f151cad231e25642aa4d60947b method=POST path=/lingxi/v1/sessions/sess_local_alpha/execute status=200
2026-09-28T15:14:11.792976Z  INFO lingxi_service::sessions: run committed and published (post-commit) run_id=run_000001a0e894a8d0_0007fb session_id=sess_local_alpha events=run_000001a0e894a8d0_0007fb-done input_chars=23
2026-09-28T15:14:11.793178Z  INFO lingxi_service: request handled request_id=req-6021baecf849aa1f45dcd75025b0f1c3 method=POST path=/lingxi/v1/sessions/sess_local_alpha/execute status=200
2026-09-28T15:14:11.793913Z  INFO lingxi_service::sessions: run committed and published (post-commit) run_id=run_000001a0e894a8d1_0007fc session_id=sess_local_alpha events=run_000001a0e894a8d1_0007fc-done input_chars=23
2026-09-28T15:14:11.794103Z  INFO lingxi_service: request handled request_id=req-3df106760e70db7ab13279ca5985d80c method=POST path=/lingxi/v1/sessions/sess_local_alpha/execute status=200
2026-09-28T15:14:11.794731Z  INFO lingxi_service::sessions: run committed and published (post-commit) run_id=run_000001a0e894a8d2_0007fd session_id=sess_local_alpha events=run_000001a0e894a8d2_0007fd-done input_chars=23
2026-09-28T15:14:11.794915Z  INFO lingxi_service: request handled request_id=req-c9cb323e431090acfe451e5842065664 method=POST path=/lingxi/v1/sessions/sess_local_alpha/execute status=200
2026-09-28T15:14:11.795494Z  INFO lingxi_service::sessions: run committed and published (post-commit) run_id=run_000001a0e894a8d3_0007fe session_id=sess_local_alpha events=run_000001a0e894a8d3_0007fe-done input_chars=23
2026-09-28T15:14:11.795674Z  INFO lingxi_service: request handled request_id=req-fce575dc0111476cbcd8d63fbe713448 method=POST path=/lingxi/v1/sessions/sess_local_alpha/execute status=200
2026-09-28T15:14:11.796243Z  INFO lingxi_service::sessions: run committed and published (post-commit) run_id=run_000001a0e894a8d3_0007ff session_id=sess_local_alpha events=run_000001a0e894a8d3_0007ff-done input_chars=23
2026-09-28T15:14:11.796436Z  INFO lingxi_service: request handled request_id=req-079541e8ccb1815743d4371d4f3d408c method=POST path=/lingxi/v1/sessions/sess_local_alpha/execute status=200
2026-09-28T15:14:11.797154Z  INFO lingxi_service::sessions: run committed and published (post-commit) run_id=run_000001a0e894a8d4_000800 session_id=sess_local_alpha events=run_000001a0e894a8d4_000800-done input_chars=23
2026-09-28T15:14:11.797338Z  INFO lingxi_service: request handled request_id=req-e786690e1a59ec6564baf07da299f731 method=POST path=/lingxi/v1/sessions/sess_local_alpha/execute status=200
2026-09-28T15:14:11.797908Z  INFO lingxi_service::sessions: run committed and published (post-commit) run_id=run_000001a0e894a8d5_000801 session_id=sess_local_alpha events=run_000001a0e894a8d5_000801-done input_chars=23
2026-09-28T15:14:11.798089Z  INFO lingxi_service: request handled request_id=req-b9edb3b43b8d7cd3fda6a2e7b5cfe1de method=POST path=/lingxi/v1/sessions/sess_local_alpha/execute status=200
2026-09-28T15:14:11.798631Z  INFO lingxi_service::sessions: run committed and published (post-commit) run_id=run_000001a0e894a8d6_000802 session_id=sess_local_alpha events=run_000001a0e894a8d6_000802-done input_chars=23
2026-09-28T15:14:11.798818Z  INFO lingxi_service: request handled request_id=req-fd7f3330ea7f345196aa9a5538c90a36 method=POST path=/lingxi/v1/sessions/sess_local_alpha/execute status=200
2026-09-28T15:14:11.799384Z  INFO lingxi_service::sessions: run committed and published (post-commit) run_id=run_000001a0e894a8d7_000803 session_id=sess_local_alpha events=run_000001a0e894a8d7_000803-done input_chars=23
2026-09-28T15:14:11.799649Z  INFO lingxi_service: request handled request_id=req-24e5d5dbfbbb4d30a07e87978e6b9ce7 method=POST path=/lingxi/v1/sessions/sess_local_alpha/execute status=200
2026-09-28T15:14:11.800372Z  INFO lingxi_service::sessions: run committed and published (post-commit) run_id=run_000001a0e894a8d8_000804 session_id=sess_local_alpha events=run_000001a0e894a8d8_000804-done input_chars=23
2026-09-28T15:14:11.800563Z  INFO lingxi_service: request handled request_id=req-52c5a8900dddb6543c146d91b046e240 method=POST path=/lingxi/v1/sessions/sess_local_alpha/execute status=200
2026-09-28T15:14:11.801143Z  INFO lingxi_service::sessions: run committed and published (post-commit) run_id=run_000001a0e894a8d8_000805 session_id=sess_local_alpha events=run_000001a0e894a8d8_000805-done input_chars=23
2026-09-28T15:14:11.801330Z  INFO lingxi_service: request handled request_id=req-ca5d7a961ffcb6b8360ec7cf4a23997e method=POST path=/lingxi/v1/sessions/sess_local_alpha/execute status=200
2026-09-28T15:14:11.801931Z  INFO lingxi_service::sessions: run committed and published (post-commit) run_id=run_000001a0e894a8d9_000806 session_id=sess_local_alpha events=run_000001a0e894a8d9_000806-done input_chars=23
2026-09-28T15:14:11.802114Z  INFO lingxi_service: request handled request_id=req-7961c884594d760040b10611ea5bc798 method=POST path=/lingxi/v1/sessions/sess_local_alpha/execute status=200
2026-09-28T15:14:11.802647Z  INFO lingxi_service::sessions: run committed and published (post-commit) run_id=run_000001a0e894a8da_000807 session_id=sess_local_alpha events=run_000001a0e894a8da_000807-done input_chars=23
2026-09-28T15:14:11.802834Z  INFO lingxi_service: request handled request_id=req-d8c58c118515f6190a02b0f1341aa2ea method=POST path=/lingxi/v1/sessions/sess_local_alpha/execute status=200
2026-09-28T15:14:11.803539Z  INFO lingxi_service::sessions: run committed and published (post-commit) run_id=run_000001a0e894a8db_000808 session_id=sess_local_alpha events=run_000001a0e894a8db_000808-done input_chars=23
2026-09-28T15:14:11.803732Z  INFO lingxi_service: request handled request_id=req-76425823d7524c26597cef0855383703 method=POST path=/lingxi/v1/sessions/sess_local_alpha/execute status=200
2026-09-28T15:14:11.804359Z  INFO lingxi_service::sessions: run committed and published (post-commit) run_id=run_000001a0e894a8dc_000809 session_id=sess_local_alpha events=run_000001a0e894a8dc_000809-done input_chars=23
2026-09-28T15:14:11.804549Z  INFO lingxi_service: request handled request_id=req-65c2426f0e7019dd114a26d3fe1a079e method=POST path=/lingxi/v1/sessions/sess_local_alpha/execute status=200
2026-09-28T15:14:11.805147Z  INFO lingxi_service::sessions: run committed and published (post-commit) run_id=run_000001a0e894a8dc_00080a session_id=sess_local_alpha events=run_000001a0e894a8dc_00080a-done input_chars=23
2026-09-28T15:14:11.805330Z  INFO lingxi_service: request handled request_id=req-ee06fea6fa2af1d2c3ab1c2c349c2567 method=POST path=/lingxi/v1/sessions/sess_local_alpha/execute status=200
2026-09-28T15:14:11.805975Z  INFO lingxi_service::sessions: run committed and published (post-commit) run_id=run_000001a0e894a8dd_00080b session_id=sess_local_alpha events=run_000001a0e894a8dd_00080b-done input_chars=23
2026-09-28T15:14:11.806159Z  INFO lingxi_service: request handled request_id=req-d3d7474915848c6478718b5db909937e method=POST path=/lingxi/v1/sessions/sess_local_alpha/execute status=200
2026-09-28T15:14:11.806906Z  INFO lingxi_service::sessions: run committed and published (post-commit) run_id=run_000001a0e894a8de_00080c session_id=sess_local_alpha events=run_000001a0e894a8de_00080c-done input_chars=23
2026-09-28T15:14:11.807103Z  INFO lingxi_service: request handled request_id=req-64d21d8cb6c47d1f3eea9e49f598caf6 method=POST path=/lingxi/v1/sessions/sess_local_alpha/execute status=200
2026-09-28T15:14:11.807784Z  INFO lingxi_service::sessions: run committed and published (post-commit) run_id=run_000001a0e894a8df_00080d session_id=sess_local_alpha events=run_000001a0e894a8df_00080d-done input_chars=23
2026-09-28T15:14:11.807969Z  INFO lingxi_service: request handled request_id=req-b501eaa8341019867da0d04f3d424abf method=POST path=/lingxi/v1/sessions/sess_local_alpha/execute status=200
2026-09-28T15:14:11.808596Z  INFO lingxi_service::sessions: run committed and published (post-commit) run_id=run_000001a0e894a8e0_00080e session_id=sess_local_alpha events=run_000001a0e894a8e0_00080e-done input_chars=23
2026-09-28T15:14:11.808781Z  INFO lingxi_service: request handled request_id=req-66aab64dc72943c4f9509340d3d0e7ad method=POST path=/lingxi/v1/sessions/sess_local_alpha/execute status=200
2026-09-28T15:14:11.809394Z  INFO lingxi_service::sessions: run committed and published (post-commit) run_id=run_000001a0e894a8e1_00080f session_id=sess_local_alpha events=run_000001a0e894a8e1_00080f-done input_chars=23
2026-09-28T15:14:11.809585Z  INFO lingxi_service: request handled request_id=req-9bd8c74732c8523f04059c4c9026a43a method=POST path=/lingxi/v1/sessions/sess_local_alpha/execute status=200
2026-09-28T15:14:11.810302Z  INFO lingxi_service::sessions: run committed and published (post-commit) run_id=run_000001a0e894a8e1_000810 session_id=sess_local_alpha events=run_000001a0e894a8e1_000810-done input_chars=23
2026-09-28T15:14:11.810504Z  INFO lingxi_service: request handled request_id=req-fac695e28ef265554d70adc4222a68b4 method=POST path=/lingxi/v1/sessions/sess_local_alpha/execute status=200
2026-09-28T15:14:11.811107Z  INFO lingxi_service::sessions: run committed and published (post-commit) run_id=run_000001a0e894a8e2_000811 session_id=sess_local_alpha events=run_000001a0e894a8e2_000811-done input_chars=23
2026-09-28T15:14:11.811289Z  INFO lingxi_service: request handled request_id=req-86e6802add522388b6af75052c5faf4b method=POST path=/lingxi/v1/sessions/sess_local_alpha/execute status=200
2026-09-28T15:14:11.811888Z  INFO lingxi_service::sessions: run committed and published (post-commit) run_id=run_000001a0e894a8e3_000812 session_id=sess_local_alpha events=run_000001a0e894a8e3_000812-done input_chars=23
2026-09-28T15:14:11.812067Z  INFO lingxi_service: request handled request_id=req-39bde0a5fc0c6756400ca9182600ca55 method=POST path=/lingxi/v1/sessions/sess_local_alpha/execute status=200
2026-09-28T15:14:11.812849Z  INFO lingxi_service::sessions: run committed and published (post-commit) run_id=run_000001a0e894a8e4_000813 session_id=sess_local_alpha events=run_000001a0e894a8e4_000813-done input_chars=23
2026-09-28T15:14:11.813056Z  INFO lingxi_service: request handled request_id=req-4290a6c681af0ab73497b9e50d071dee method=POST path=/lingxi/v1/sessions/sess_local_alpha/execute status=200
2026-09-28T15:14:11.813675Z  INFO lingxi_service::sessions: run committed and published (post-commit) run_id=run_000001a0e894a8e5_000814 session_id=sess_local_alpha events=run_000001a0e894a8e5_000814-done input_chars=23
2026-09-28T15:14:11.813860Z  INFO lingxi_service: request handled request_id=req-bac7981bf5e2e8bd21347bfea709a672 method=POST path=/lingxi/v1/sessions/sess_local_alpha/execute status=200
2026-09-28T15:14:11.814411Z  INFO lingxi_service::sessions: run committed and published (post-commit) run_id=run_000001a0e894a8e6_000815 session_id=sess_local_alpha events=run_000001a0e894a8e6_000815-done input_chars=23
2026-09-28T15:14:11.814593Z  INFO lingxi_service: request handled request_id=req-b931514c31085b1aec7e8c2bf7e4a46b method=POST path=/lingxi/v1/sessions/sess_local_alpha/execute status=200
2026-09-28T15:14:11.815137Z  INFO lingxi_service::sessions: run committed and published (post-commit) run_id=run_000001a0e894a8e6_000816 session_id=sess_local_alpha events=run_000001a0e894a8e6_000816-done input_chars=23
2026-09-28T15:14:11.815318Z  INFO lingxi_service: request handled request_id=req-d46d37ffbd9a4c1d82dbd36cab3cebd8 method=POST path=/lingxi/v1/sessions/sess_local_alpha/execute status=200
2026-09-28T15:14:11.815862Z  INFO lingxi_service::sessions: run committed and published (post-commit) run_id=run_000001a0e894a8e7_000817 session_id=sess_local_alpha events=run_000001a0e894a8e7_000817-done input_chars=23
2026-09-28T15:14:11.816043Z  INFO lingxi_service: request handled request_id=req-b9c9b854ac7aa91c6b9db26768e95d1c method=POST path=/lingxi/v1/sessions/sess_local_alpha/execute status=200
2026-09-28T15:14:11.816617Z  INFO lingxi_service::sessions: run committed and published (post-commit) run_id=run_000001a0e894a8e8_000818 session_id=sess_local_alpha events=run_000001a0e894a8e8_000818-done input_chars=23
2026-09-28T15:14:11.816815Z  INFO lingxi_service: request handled request_id=req-7169c5c08ad2d133defbe6f23d33f85b method=POST path=/lingxi/v1/sessions/sess_local_alpha/execute status=200
2026-09-28T15:14:11.817497Z  INFO lingxi_service::sessions: run committed and published (post-commit) run_id=run_000001a0e894a8e9_000819 session_id=sess_local_alpha events=run_000001a0e894a8e9_000819-done input_chars=23
2026-09-28T15:14:11.817685Z  INFO lingxi_service: request handled request_id=req-0a0fb43d53e4f935bd3971149f14857e method=POST path=/lingxi/v1/sessions/sess_local_alpha/execute status=200
2026-09-28T15:14:11.818287Z  INFO lingxi_service::sessions: run committed and published (post-commit) run_id=run_000001a0e894a8e9_00081a session_id=sess_local_alpha events=run_000001a0e894a8e9_00081a-done input_chars=23
2026-09-28T15:14:11.818474Z  INFO lingxi_service: request handled request_id=req-a5e4f503a6e50512b50b52783f68034e method=POST path=/lingxi/v1/sessions/sess_local_alpha/execute status=200
2026-09-28T15:14:11.819061Z  INFO lingxi_service::sessions: run committed and published (post-commit) run_id=run_000001a0e894a8ea_00081b session_id=sess_local_alpha events=run_000001a0e894a8ea_00081b-done input_chars=23
2026-09-28T15:14:11.819248Z  INFO lingxi_service: request handled request_id=req-23e4df8e4795a61feec8933e667ba139 method=POST path=/lingxi/v1/sessions/sess_local_alpha/execute status=200
2026-09-28T15:14:11.819920Z  INFO lingxi_service::sessions: run committed and published (post-commit) run_id=run_000001a0e894a8eb_00081c session_id=sess_local_alpha events=run_000001a0e894a8eb_00081c-done input_chars=23
2026-09-28T15:14:11.820126Z  INFO lingxi_service: request handled request_id=req-fac25a329eca78641a31d4a50c1a6162 method=POST path=/lingxi/v1/sessions/sess_local_alpha/execute status=200
2026-09-28T15:14:11.820784Z  INFO lingxi_service::sessions: run committed and published (post-commit) run_id=run_000001a0e894a8ec_00081d session_id=sess_local_alpha events=run_000001a0e894a8ec_00081d-done input_chars=23
2026-09-28T15:14:11.820975Z  INFO lingxi_service: request handled request_id=req-82a4547a195f018ff5a3d7e6b8cbb05b method=POST path=/lingxi/v1/sessions/sess_local_alpha/execute status=200
2026-09-28T15:14:11.821583Z  INFO lingxi_service::sessions: run committed and published (post-commit) run_id=run_000001a0e894a8ed_00081e session_id=sess_local_alpha events=run_000001a0e894a8ed_00081e-done input_chars=23
2026-09-28T15:14:11.821766Z  INFO lingxi_service: request handled request_id=req-9cde14619dc7048c3e4fe52463462b14 method=POST path=/lingxi/v1/sessions/sess_local_alpha/execute status=200
2026-09-28T15:14:11.822365Z  INFO lingxi_service::sessions: run committed and published (post-commit) run_id=run_000001a0e894a8ee_00081f session_id=sess_local_alpha events=run_000001a0e894a8ee_00081f-done input_chars=23
2026-09-28T15:14:11.822549Z  INFO lingxi_service: request handled request_id=req-e7a771731b1d3e568db1c4168dfe6945 method=POST path=/lingxi/v1/sessions/sess_local_alpha/execute status=200
2026-09-28T15:14:11.823203Z  INFO lingxi_service::sessions: run committed and published (post-commit) run_id=run_000001a0e894a8ee_000820 session_id=sess_local_alpha events=run_000001a0e894a8ee_000820-done input_chars=23
2026-09-28T15:14:11.823404Z  INFO lingxi_service: request handled request_id=req-2bfdd531c732c2ffbaeac19e2a9c3cdf method=POST path=/lingxi/v1/sessions/sess_local_alpha/execute status=200
2026-09-28T15:14:11.824026Z  INFO lingxi_service::sessions: run committed and published (post-commit) run_id=run_000001a0e894a8ef_000821 session_id=sess_local_alpha events=run_000001a0e894a8ef_000821-done input_chars=23
2026-09-28T15:14:11.824214Z  INFO lingxi_service: request handled request_id=req-a9ed05a2be605090b526ddf565bf67be method=POST path=/lingxi/v1/sessions/sess_local_alpha/execute status=200
2026-09-28T15:14:11.824790Z  INFO lingxi_service::sessions: run committed and published (post-commit) run_id=run_000001a0e894a8f0_000822 session_id=sess_local_alpha events=run_000001a0e894a8f0_000822-done input_chars=23
2026-09-28T15:14:11.824973Z  INFO lingxi_service: request handled request_id=req-eab8fd8e59aaba6cc3c1b828244774d2 method=POST path=/lingxi/v1/sessions/sess_local_alpha/execute status=200
2026-09-28T15:14:11.825564Z  INFO lingxi_service::sessions: run committed and published (post-commit) run_id=run_000001a0e894a8f1_000823 session_id=sess_local_alpha events=run_000001a0e894a8f1_000823-done input_chars=23
2026-09-28T15:14:11.825745Z  INFO lingxi_service: request handled request_id=req-9f9212d82af37c7039a2a46821f13527 method=POST path=/lingxi/v1/sessions/sess_local_alpha/execute status=200
2026-09-28T15:14:11.826442Z  INFO lingxi_service::sessions: run committed and published (post-commit) run_id=run_000001a0e894a8f1_000824 session_id=sess_local_alpha events=run_000001a0e894a8f1_000824-done input_chars=23
2026-09-28T15:14:11.826673Z  INFO lingxi_service: request handled request_id=req-fb9b1cde7baa4f3e13870f20f1bd96ef method=POST path=/lingxi/v1/sessions/sess_local_alpha/execute status=200
2026-09-28T15:14:11.827336Z  INFO lingxi_service::sessions: run committed and published (post-commit) run_id=run_000001a0e894a8f2_000825 session_id=sess_local_alpha events=run_000001a0e894a8f2_000825-done input_chars=23
2026-09-28T15:14:11.827524Z  INFO lingxi_service: request handled request_id=req-7ed291a48e9c0717c67659f6afbb7af1 method=POST path=/lingxi/v1/sessions/sess_local_alpha/execute status=200
2026-09-28T15:14:11.828108Z  INFO lingxi_service::sessions: run committed and published (post-commit) run_id=run_000001a0e894a8f3_000826 session_id=sess_local_alpha events=run_000001a0e894a8f3_000826-done input_chars=23
2026-09-28T15:14:11.828290Z  INFO lingxi_service: request handled request_id=req-baa888d1ef582a19a4b4f45626d3e57e method=POST path=/lingxi/v1/sessions/sess_local_alpha/execute status=200
2026-09-28T15:14:11.828842Z  INFO lingxi_service::sessions: run committed and published (post-commit) run_id=run_000001a0e894a8f4_000827 session_id=sess_local_alpha events=run_000001a0e894a8f4_000827-done input_chars=23
2026-09-28T15:14:11.829024Z  INFO lingxi_service: request handled request_id=req-c20aeabc7765f845ca447dfd1aab925d method=POST path=/lingxi/v1/sessions/sess_local_alpha/execute status=200
2026-09-28T15:14:11.829655Z  INFO lingxi_service::sessions: run committed and published (post-commit) run_id=run_000001a0e894a8f5_000828 session_id=sess_local_alpha events=run_000001a0e894a8f5_000828-done input_chars=23
2026-09-28T15:14:11.829875Z  INFO lingxi_service: request handled request_id=req-4251c9afad321204e4788be75bd87a0f method=POST path=/lingxi/v1/sessions/sess_local_alpha/execute status=200
2026-09-28T15:14:11.830543Z  INFO lingxi_service::sessions: run committed and published (post-commit) run_id=run_000001a0e894a8f6_000829 session_id=sess_local_alpha events=run_000001a0e894a8f6_000829-done input_chars=23
2026-09-28T15:14:11.830729Z  INFO lingxi_service: request handled request_id=req-8d473b16bb5eb9fe09931e65a11d2353 method=POST path=/lingxi/v1/sessions/sess_local_alpha/execute status=200
2026-09-28T15:14:11.831337Z  INFO lingxi_service::sessions: run committed and published (post-commit) run_id=run_000001a0e894a8f7_00082a session_id=sess_local_alpha events=run_000001a0e894a8f7_00082a-done input_chars=23
2026-09-28T15:14:11.831525Z  INFO lingxi_service: request handled request_id=req-c26cca327b06ab4e6756c12cb95fbbb9 method=POST path=/lingxi/v1/sessions/sess_local_alpha/execute status=200
2026-09-28T15:14:11.832098Z  INFO lingxi_service::sessions: run committed and published (post-commit) run_id=run_000001a0e894a8f7_00082b session_id=sess_local_alpha events=run_000001a0e894a8f7_00082b-done input_chars=23
2026-09-28T15:14:11.832281Z  INFO lingxi_service: request handled request_id=req-67d13885f5344d1fe815e24185fc69c5 method=POST path=/lingxi/v1/sessions/sess_local_alpha/execute status=200
2026-09-28T15:14:11.832850Z  INFO lingxi_service::sessions: run committed and published (post-commit) run_id=run_000001a0e894a8f8_00082c session_id=sess_local_alpha events=run_000001a0e894a8f8_00082c-done input_chars=23
2026-09-28T15:14:11.833051Z  INFO lingxi_service: request handled request_id=req-14986bc3e9a9f026b27d52bd0b80d574 method=POST path=/lingxi/v1/sessions/sess_local_alpha/execute status=200
2026-09-28T15:14:11.834144Z  INFO lingxi_service::sessions: run committed and published (post-commit) run_id=run_000001a0e894a8f9_00082d session_id=sess_local_alpha events=run_000001a0e894a8f9_00082d-done input_chars=23
2026-09-28T15:14:11.834340Z  INFO lingxi_service: request handled request_id=req-fd98d26619bb741061519a49b885a949 method=POST path=/lingxi/v1/sessions/sess_local_alpha/execute status=200
2026-09-28T15:14:11.834905Z  INFO lingxi_service::sessions: run committed and published (post-commit) run_id=run_000001a0e894a8fa_00082e session_id=sess_local_alpha events=run_000001a0e894a8fa_00082e-done input_chars=23
2026-09-28T15:14:11.835088Z  INFO lingxi_service: request handled request_id=req-0bb9ce5a0761f0080a5f3d455d3aa815 method=POST path=/lingxi/v1/sessions/sess_local_alpha/execute status=200
2026-09-28T15:14:11.835695Z  INFO lingxi_service::sessions: run committed and published (post-commit) run_id=run_000001a0e894a8fb_00082f session_id=sess_local_alpha events=run_000001a0e894a8fb_00082f-done input_chars=23
2026-09-28T15:14:11.835882Z  INFO lingxi_service: request handled request_id=req-8235a5b4f8228208f88530a5d5e9cdc7 method=POST path=/lingxi/v1/sessions/sess_local_alpha/execute status=200
2026-09-28T15:14:11.836524Z  INFO lingxi_service::sessions: run committed and published (post-commit) run_id=run_000001a0e894a8fc_000830 session_id=sess_local_alpha events=run_000001a0e894a8fc_000830-done input_chars=23
2026-09-28T15:14:11.836731Z  INFO lingxi_service: request handled request_id=req-f3d7298786cb022fa7985a619f92f2a6 method=POST path=/lingxi/v1/sessions/sess_local_alpha/execute status=200
2026-09-28T15:14:11.837429Z  INFO lingxi_service::sessions: run committed and published (post-commit) run_id=run_000001a0e894a8fd_000831 session_id=sess_local_alpha events=run_000001a0e894a8fd_000831-done input_chars=23
2026-09-28T15:14:11.837616Z  INFO lingxi_service: request handled request_id=req-19217679260e6d8304a3425e6b1371a8 method=POST path=/lingxi/v1/sessions/sess_local_alpha/execute status=200
2026-09-28T15:14:11.838187Z  INFO lingxi_service::sessions: run committed and published (post-commit) run_id=run_000001a0e894a8fd_000832 session_id=sess_local_alpha events=run_000001a0e894a8fd_000832-done input_chars=23
2026-09-28T15:14:11.838371Z  INFO lingxi_service: request handled request_id=req-0670c394224769820b49d332a3143e61 method=POST path=/lingxi/v1/sessions/sess_local_alpha/execute status=200
2026-09-28T15:14:11.838944Z  INFO lingxi_service::sessions: run committed and published (post-commit) run_id=run_000001a0e894a8fe_000833 session_id=sess_local_alpha events=run_000001a0e894a8fe_000833-done input_chars=23
2026-09-28T15:14:11.839128Z  INFO lingxi_service: request handled request_id=req-0262b702d59ec05c8d66e80c2c60ec08 method=POST path=/lingxi/v1/sessions/sess_local_alpha/execute status=200
2026-09-28T15:14:11.839705Z  INFO lingxi_service::sessions: run committed and published (post-commit) run_id=run_000001a0e894a8ff_000834 session_id=sess_local_alpha events=run_000001a0e894a8ff_000834-done input_chars=23
2026-09-28T15:14:11.839910Z  INFO lingxi_service: request handled request_id=req-22a32b30c52bbad1c16aa0739cb270cd method=POST path=/lingxi/v1/sessions/sess_local_alpha/execute status=200
2026-09-28T15:14:11.840535Z  INFO lingxi_service::sessions: run committed and published (post-commit) run_id=run_000001a0e894a900_000835 session_id=sess_local_alpha events=run_000001a0e894a900_000835-done input_chars=23
2026-09-28T15:14:11.840724Z  INFO lingxi_service: request handled request_id=req-97b8ee5f7d4827d51dab5cada917ecd6 method=POST path=/lingxi/v1/sessions/sess_local_alpha/execute status=200
2026-09-28T15:14:11.841363Z  INFO lingxi_service::sessions: run committed and published (post-commit) run_id=run_000001a0e894a900_000836 session_id=sess_local_alpha events=run_000001a0e894a900_000836-done input_chars=23
2026-09-28T15:14:11.841549Z  INFO lingxi_service: request handled request_id=req-1b73bd4cd249e93ca18c3f0656e75cb2 method=POST path=/lingxi/v1/sessions/sess_local_alpha/execute status=200
2026-09-28T15:14:11.842180Z  INFO lingxi_service::sessions: run committed and published (post-commit) run_id=run_000001a0e894a901_000837 session_id=sess_local_alpha events=run_000001a0e894a901_000837-done input_chars=23
2026-09-28T15:14:11.842371Z  INFO lingxi_service: request handled request_id=req-a0ea3b106cf49a6f4469dfc52b051d77 method=POST path=/lingxi/v1/sessions/sess_local_alpha/execute status=200
2026-09-28T15:14:11.842955Z  INFO lingxi_service::sessions: run committed and published (post-commit) run_id=run_000001a0e894a902_000838 session_id=sess_local_alpha events=run_000001a0e894a902_000838-done input_chars=23
2026-09-28T15:14:11.843152Z  INFO lingxi_service: request handled request_id=req-55d9d62ee52a22ebc83a0113043f7c60 method=POST path=/lingxi/v1/sessions/sess_local_alpha/execute status=200
2026-09-28T15:14:11.843897Z  INFO lingxi_service::sessions: run committed and published (post-commit) run_id=run_000001a0e894a903_000839 session_id=sess_local_alpha events=run_000001a0e894a903_000839-done input_chars=23
2026-09-28T15:14:11.844085Z  INFO lingxi_service: request handled request_id=req-d6ef830bf8c39d90fcb7eca14506f5dc method=POST path=/lingxi/v1/sessions/sess_local_alpha/execute status=200
2026-09-28T15:14:11.844731Z  INFO lingxi_service::sessions: run committed and published (post-commit) run_id=run_000001a0e894a904_00083a session_id=sess_local_alpha events=run_000001a0e894a904_00083a-done input_chars=23
2026-09-28T15:14:11.844916Z  INFO lingxi_service: request handled request_id=req-79676e8678afbd1617b019543c1e8e92 method=POST path=/lingxi/v1/sessions/sess_local_alpha/execute status=200
2026-09-28T15:14:11.845510Z  INFO lingxi_service::sessions: run committed and published (post-commit) run_id=run_000001a0e894a905_00083b session_id=sess_local_alpha events=run_000001a0e894a905_00083b-done input_chars=23
2026-09-28T15:14:11.845697Z  INFO lingxi_service: request handled request_id=req-9826881cb1d7550d0800c8c9ae515945 method=POST path=/lingxi/v1/sessions/sess_local_alpha/execute status=200
2026-09-28T15:14:11.846355Z  INFO lingxi_service::sessions: run committed and published (post-commit) run_id=run_000001a0e894a905_00083c session_id=sess_local_alpha events=run_000001a0e894a905_00083c-done input_chars=23
2026-09-28T15:14:11.846556Z  INFO lingxi_service: request handled request_id=req-a55e7f2082f177c7fcb1e3d871bec380 method=POST path=/lingxi/v1/sessions/sess_local_alpha/execute status=200
2026-09-28T15:14:11.847330Z  INFO lingxi_service::sessions: run committed and published (post-commit) run_id=run_000001a0e894a906_00083d session_id=sess_local_alpha events=run_000001a0e894a906_00083d-done input_chars=23
2026-09-28T15:14:11.847519Z  INFO lingxi_service: request handled request_id=req-e98d432c15f9cd8b0fec2a4f58cc8b6b method=POST path=/lingxi/v1/sessions/sess_local_alpha/execute status=200
2026-09-28T15:14:11.848103Z  INFO lingxi_service::sessions: run committed and published (post-commit) run_id=run_000001a0e894a907_00083e session_id=sess_local_alpha events=run_000001a0e894a907_00083e-done input_chars=23
2026-09-28T15:14:11.848288Z  INFO lingxi_service: request handled request_id=req-7868e2f10f90bb302cd8a98af13cfdb9 method=POST path=/lingxi/v1/sessions/sess_local_alpha/execute status=200
2026-09-28T15:14:11.848874Z  INFO lingxi_service::sessions: run committed and published (post-commit) run_id=run_000001a0e894a908_00083f session_id=sess_local_alpha events=run_000001a0e894a908_00083f-done input_chars=23
2026-09-28T15:14:11.849058Z  INFO lingxi_service: request handled request_id=req-ac18d885b59c5b3fd775ccf6e739dda5 method=POST path=/lingxi/v1/sessions/sess_local_alpha/execute status=200
2026-09-28T15:14:11.849802Z  INFO lingxi_service::sessions: run committed and published (post-commit) run_id=run_000001a0e894a909_000840 session_id=sess_local_alpha events=run_000001a0e894a909_000840-done input_chars=23
2026-09-28T15:14:11.850014Z  INFO lingxi_service: request handled request_id=req-ace0ca6e15db94a61a6f604411f5b94d method=POST path=/lingxi/v1/sessions/sess_local_alpha/execute status=200
2026-09-28T15:14:11.850685Z  INFO lingxi_service::sessions: run committed and published (post-commit) run_id=run_000001a0e894a90a_000841 session_id=sess_local_alpha events=run_000001a0e894a90a_000841-done input_chars=23
2026-09-28T15:14:11.850879Z  INFO lingxi_service: request handled request_id=req-547e23081763aa4d398220c6b2be8965 method=POST path=/lingxi/v1/sessions/sess_local_alpha/execute status=200
2026-09-28T15:14:11.851502Z  INFO lingxi_service::sessions: run committed and published (post-commit) run_id=run_000001a0e894a90b_000842 session_id=sess_local_alpha events=run_000001a0e894a90b_000842-done input_chars=23
2026-09-28T15:14:11.851689Z  INFO lingxi_service: request handled request_id=req-f44efd3592245909dfffd05eca0e23b6 method=POST path=/lingxi/v1/sessions/sess_local_alpha/execute status=200
2026-09-28T15:14:11.852266Z  INFO lingxi_service::sessions: run committed and published (post-commit) run_id=run_000001a0e894a90b_000843 session_id=sess_local_alpha events=run_000001a0e894a90b_000843-done input_chars=23
2026-09-28T15:14:11.852451Z  INFO lingxi_service: request handled request_id=req-4cf4a225a94400a491293eaf45ca48d3 method=POST path=/lingxi/v1/sessions/sess_local_alpha/execute status=200
2026-09-28T15:14:11.853133Z  INFO lingxi_service::sessions: run committed and published (post-commit) run_id=run_000001a0e894a90c_000844 session_id=sess_local_alpha events=run_000001a0e894a90c_000844-done input_chars=23
2026-09-28T15:14:11.853368Z  INFO lingxi_service: request handled request_id=req-1b5ffdd3856019e11cd089cea1820e80 method=POST path=/lingxi/v1/sessions/sess_local_alpha/execute status=200
2026-09-28T15:14:11.854026Z  INFO lingxi_service::sessions: run committed and published (post-commit) run_id=run_000001a0e894a90d_000845 session_id=sess_local_alpha events=run_000001a0e894a90d_000845-done input_chars=23
2026-09-28T15:14:11.854212Z  INFO lingxi_service: request handled request_id=req-63ad3a95d501323f65573bc9ab1c7d1f method=POST path=/lingxi/v1/sessions/sess_local_alpha/execute status=200
2026-09-28T15:14:11.854765Z  INFO lingxi_service::sessions: run committed and published (post-commit) run_id=run_000001a0e894a90e_000846 session_id=sess_local_alpha events=run_000001a0e894a90e_000846-done input_chars=23
2026-09-28T15:14:11.854949Z  INFO lingxi_service: request handled request_id=req-c64c1b2b5092d5fadfa5fef022f00a89 method=POST path=/lingxi/v1/sessions/sess_local_alpha/execute status=200
2026-09-28T15:14:11.855516Z  INFO lingxi_service::sessions: run committed and published (post-commit) run_id=run_000001a0e894a90f_000847 session_id=sess_local_alpha events=run_000001a0e894a90f_000847-done input_chars=23
2026-09-28T15:14:11.855701Z  INFO lingxi_service: request handled request_id=req-bdedb62dfc877ce3dd21497d4a9d0879 method=POST path=/lingxi/v1/sessions/sess_local_alpha/execute status=200
2026-09-28T15:14:11.856290Z  INFO lingxi_service::sessions: run committed and published (post-commit) run_id=run_000001a0e894a90f_000848 session_id=sess_local_alpha events=run_000001a0e894a90f_000848-done input_chars=23
2026-09-28T15:14:11.856498Z  INFO lingxi_service: request handled request_id=req-979121ec25eea1f88e992a215809d316 method=POST path=/lingxi/v1/sessions/sess_local_alpha/execute status=200
2026-09-28T15:14:11.857135Z  INFO lingxi_service::sessions: run committed and published (post-commit) run_id=run_000001a0e894a910_000849 session_id=sess_local_alpha events=run_000001a0e894a910_000849-done input_chars=23
2026-09-28T15:14:11.857326Z  INFO lingxi_service: request handled request_id=req-9f5dbf1996b57cf024ef53b307e96de6 method=POST path=/lingxi/v1/sessions/sess_local_alpha/execute status=200
2026-09-28T15:14:11.857929Z  INFO lingxi_service::sessions: run committed and published (post-commit) run_id=run_000001a0e894a911_00084a session_id=sess_local_alpha events=run_000001a0e894a911_00084a-done input_chars=23
2026-09-28T15:14:11.858116Z  INFO lingxi_service: request handled request_id=req-d5e6cae402aa3fa59a2a692020a49f21 method=POST path=/lingxi/v1/sessions/sess_local_alpha/execute status=200
2026-09-28T15:14:11.858683Z  INFO lingxi_service::sessions: run committed and published (post-commit) run_id=run_000001a0e894a912_00084b session_id=sess_local_alpha events=run_000001a0e894a912_00084b-done input_chars=23
2026-09-28T15:14:11.858870Z  INFO lingxi_service: request handled request_id=req-d38af9c30061c2a87b43c13307aabf73 method=POST path=/lingxi/v1/sessions/sess_local_alpha/execute status=200
2026-09-28T15:14:11.859453Z  INFO lingxi_service::sessions: run committed and published (post-commit) run_id=run_000001a0e894a913_00084c session_id=sess_local_alpha events=run_000001a0e894a913_00084c-done input_chars=23
2026-09-28T15:14:11.859644Z  INFO lingxi_service: request handled request_id=req-5a91b8988d7c314a7c51674833629be3 method=POST path=/lingxi/v1/sessions/sess_local_alpha/execute status=200
2026-09-28T15:14:11.860396Z  INFO lingxi_service::sessions: run committed and published (post-commit) run_id=run_000001a0e894a913_00084d session_id=sess_local_alpha events=run_000001a0e894a913_00084d-done input_chars=23
2026-09-28T15:14:11.860590Z  INFO lingxi_service: request handled request_id=req-351630beca97e6622ffb5419e2c9dea0 method=POST path=/lingxi/v1/sessions/sess_local_alpha/execute status=200
2026-09-28T15:14:11.861167Z  INFO lingxi_service::sessions: run committed and published (post-commit) run_id=run_000001a0e894a914_00084e session_id=sess_local_alpha events=run_000001a0e894a914_00084e-done input_chars=23
2026-09-28T15:14:11.861351Z  INFO lingxi_service: request handled request_id=req-0c69216cd0dd09653b65fa3f78990efd method=POST path=/lingxi/v1/sessions/sess_local_alpha/execute status=200
2026-09-28T15:14:11.861929Z  INFO lingxi_service::sessions: run committed and published (post-commit) run_id=run_000001a0e894a915_00084f session_id=sess_local_alpha events=run_000001a0e894a915_00084f-done input_chars=23
2026-09-28T15:14:11.862114Z  INFO lingxi_service: request handled request_id=req-b2e45a12524fc4cd3b6fbb004f4abf75 method=POST path=/lingxi/v1/sessions/sess_local_alpha/execute status=200
2026-09-28T15:14:11.862701Z  INFO lingxi_service::sessions: run committed and published (post-commit) run_id=run_000001a0e894a916_000850 session_id=sess_local_alpha events=run_000001a0e894a916_000850-done input_chars=23
2026-09-28T15:14:11.862908Z  INFO lingxi_service: request handled request_id=req-c510f212a497920f9491744b887630bf method=POST path=/lingxi/v1/sessions/sess_local_alpha/execute status=200
2026-09-28T15:14:11.863605Z  INFO lingxi_service::sessions: run committed and published (post-commit) run_id=run_000001a0e894a917_000851 session_id=sess_local_alpha events=run_000001a0e894a917_000851-done input_chars=23
2026-09-28T15:14:11.863812Z  INFO lingxi_service: request handled request_id=req-e4d635458786d32a766f506da3507751 method=POST path=/lingxi/v1/sessions/sess_local_alpha/execute status=200
2026-09-28T15:14:11.864459Z  INFO lingxi_service::sessions: run committed and published (post-commit) run_id=run_000001a0e894a918_000852 session_id=sess_local_alpha events=run_000001a0e894a918_000852-done input_chars=23
2026-09-28T15:14:11.864646Z  INFO lingxi_service: request handled request_id=req-212274d14757212f2663e1c7e0a6a6a1 method=POST path=/lingxi/v1/sessions/sess_local_alpha/execute status=200
2026-09-28T15:14:11.865221Z  INFO lingxi_service::sessions: run committed and published (post-commit) run_id=run_000001a0e894a918_000853 session_id=sess_local_alpha events=run_000001a0e894a918_000853-done input_chars=23
2026-09-28T15:14:11.865407Z  INFO lingxi_service: request handled request_id=req-97deb6fe38cf9388bc64b9668ea6e45f method=POST path=/lingxi/v1/sessions/sess_local_alpha/execute status=200
2026-09-28T15:14:11.865986Z  INFO lingxi_service::sessions: run committed and published (post-commit) run_id=run_000001a0e894a919_000854 session_id=sess_local_alpha events=run_000001a0e894a919_000854-done input_chars=23
2026-09-28T15:14:11.866177Z  INFO lingxi_service: request handled request_id=req-b689cf6265ee64ecf22b08514ed4b7d1 method=POST path=/lingxi/v1/sessions/sess_local_alpha/execute status=200
2026-09-28T15:14:11.866839Z  INFO lingxi_service::sessions: run committed and published (post-commit) run_id=run_000001a0e894a91a_000855 session_id=sess_local_alpha events=run_000001a0e894a91a_000855-done input_chars=23
2026-09-28T15:14:11.867036Z  INFO lingxi_service: request handled request_id=req-df31c05ef4488bc098f12d90d873653e method=POST path=/lingxi/v1/sessions/sess_local_alpha/execute status=200
2026-09-28T15:14:11.867634Z  INFO lingxi_service::sessions: run committed and published (post-commit) run_id=run_000001a0e894a91b_000856 session_id=sess_local_alpha events=run_000001a0e894a91b_000856-done input_chars=23
2026-09-28T15:14:11.867821Z  INFO lingxi_service: request handled request_id=req-eb54821bea9b82576de4f009377c7737 method=POST path=/lingxi/v1/sessions/sess_local_alpha/execute status=200
2026-09-28T15:14:11.868452Z  INFO lingxi_service::sessions: run committed and published (post-commit) run_id=run_000001a0e894a91c_000857 session_id=sess_local_alpha events=run_000001a0e894a91c_000857-done input_chars=23
2026-09-28T15:14:11.868637Z  INFO lingxi_service: request handled request_id=req-f8dbf3b8e822e1a6f4a1279700bdc8a8 method=POST path=/lingxi/v1/sessions/sess_local_alpha/execute status=200
2026-09-28T15:14:11.869201Z  INFO lingxi_service::sessions: run committed and published (post-commit) run_id=run_000001a0e894a91c_000858 session_id=sess_local_alpha events=run_000001a0e894a91c_000858-done input_chars=23
2026-09-28T15:14:11.869388Z  INFO lingxi_service: request handled request_id=req-2ec8a5546e3154bc18f463bbce54d79e method=POST path=/lingxi/v1/sessions/sess_local_alpha/execute status=200
2026-09-28T15:14:11.870081Z  INFO lingxi_service::sessions: run committed and published (post-commit) run_id=run_000001a0e894a91d_000859 session_id=sess_local_alpha events=run_000001a0e894a91d_000859-done input_chars=23
2026-09-28T15:14:11.870288Z  INFO lingxi_service: request handled request_id=req-7286273044154be03939f38f7d59899f method=POST path=/lingxi/v1/sessions/sess_local_alpha/execute status=200
2026-09-28T15:14:11.870943Z  INFO lingxi_service::sessions: run committed and published (post-commit) run_id=run_000001a0e894a91e_00085a session_id=sess_local_alpha events=run_000001a0e894a91e_00085a-done input_chars=23
2026-09-28T15:14:11.871145Z  INFO lingxi_service: request handled request_id=req-10f9e0f20eed485819b242ce19284adc method=POST path=/lingxi/v1/sessions/sess_local_alpha/execute status=200
2026-09-28T15:14:11.871750Z  INFO lingxi_service::sessions: run committed and published (post-commit) run_id=run_000001a0e894a91f_00085b session_id=sess_local_alpha events=run_000001a0e894a91f_00085b-done input_chars=23
2026-09-28T15:14:11.871941Z  INFO lingxi_service: request handled request_id=req-aa77bccc65151cb9abfb6a8986bcd36c method=POST path=/lingxi/v1/sessions/sess_local_alpha/execute status=200
2026-09-28T15:14:11.872533Z  INFO lingxi_service::sessions: run committed and published (post-commit) run_id=run_000001a0e894a920_00085c session_id=sess_local_alpha events=run_000001a0e894a920_00085c-done input_chars=23
2026-09-28T15:14:11.872722Z  INFO lingxi_service: request handled request_id=req-3ab30baaf3318c00dbf448ec7d39f968 method=POST path=/lingxi/v1/sessions/sess_local_alpha/execute status=200
2026-09-28T15:14:11.873403Z  INFO lingxi_service::sessions: run committed and published (post-commit) run_id=run_000001a0e894a921_00085d session_id=sess_local_alpha events=run_000001a0e894a921_00085d-done input_chars=23
2026-09-28T15:14:11.873613Z  INFO lingxi_service: request handled request_id=req-bf11cf798d0ea8b9921cbbe637319a3b method=POST path=/lingxi/v1/sessions/sess_local_alpha/execute status=200
2026-09-28T15:14:11.874237Z  INFO lingxi_service::sessions: run committed and published (post-commit) run_id=run_000001a0e894a921_00085e session_id=sess_local_alpha events=run_000001a0e894a921_00085e-done input_chars=23
2026-09-28T15:14:11.874427Z  INFO lingxi_service: request handled request_id=req-908d73945de2029365ad015742d9a0b0 method=POST path=/lingxi/v1/sessions/sess_local_alpha/execute status=200
2026-09-28T15:14:11.875015Z  INFO lingxi_service::sessions: run committed and published (post-commit) run_id=run_000001a0e894a922_00085f session_id=sess_local_alpha events=run_000001a0e894a922_00085f-done input_chars=23
2026-09-28T15:14:11.875198Z  INFO lingxi_service: request handled request_id=req-e1384835f6a254081fb7005ac5d16d2b method=POST path=/lingxi/v1/sessions/sess_local_alpha/execute status=200
2026-09-28T15:14:11.875753Z  INFO lingxi_service::sessions: run committed and published (post-commit) run_id=run_000001a0e894a923_000860 session_id=sess_local_alpha events=run_000001a0e894a923_000860-done input_chars=23
2026-09-28T15:14:11.875939Z  INFO lingxi_service: request handled request_id=req-7286610c7fcd9e89bbb057bb39bd1d48 method=POST path=/lingxi/v1/sessions/sess_local_alpha/execute status=200
2026-09-28T15:14:11.876661Z  INFO lingxi_service::sessions: run committed and published (post-commit) run_id=run_000001a0e894a924_000861 session_id=sess_local_alpha events=run_000001a0e894a924_000861-done input_chars=23
2026-09-28T15:14:11.876861Z  INFO lingxi_service: request handled request_id=req-94c2f072b73c9eb2cb123b0e09b63f7a method=POST path=/lingxi/v1/sessions/sess_local_alpha/execute status=200
2026-09-28T15:14:11.877566Z  INFO lingxi_service::sessions: run committed and published (post-commit) run_id=run_000001a0e894a925_000862 session_id=sess_local_alpha events=run_000001a0e894a925_000862-done input_chars=23
2026-09-28T15:14:11.877761Z  INFO lingxi_service: request handled request_id=req-10a5b89c5db3c89f55edd7bd95464d25 method=POST path=/lingxi/v1/sessions/sess_local_alpha/execute status=200
2026-09-28T15:14:11.878786Z  INFO lingxi_service::sessions: run committed and published (post-commit) run_id=run_000001a0e894a926_000863 session_id=sess_local_alpha events=run_000001a0e894a926_000863-done input_chars=23
2026-09-28T15:14:11.878974Z  INFO lingxi_service: request handled request_id=req-f525d96871dd5b00bac163972cf426b5 method=POST path=/lingxi/v1/sessions/sess_local_alpha/execute status=200
2026-09-28T15:14:11.879585Z  INFO lingxi_service::sessions: run committed and published (post-commit) run_id=run_000001a0e894a927_000864 session_id=sess_local_alpha events=run_000001a0e894a927_000864-done input_chars=23
2026-09-28T15:14:11.879781Z  INFO lingxi_service: request handled request_id=req-45370e83fef8f3ba958bfeae3b7bcb8b method=POST path=/lingxi/v1/sessions/sess_local_alpha/execute status=200
2026-09-28T15:14:11.880466Z  INFO lingxi_service::sessions: run committed and published (post-commit) run_id=run_000001a0e894a928_000865 session_id=sess_local_alpha events=run_000001a0e894a928_000865-done input_chars=23
2026-09-28T15:14:11.880666Z  INFO lingxi_service: request handled request_id=req-a66d2130ca0e32f6b17d7fff948ba777 method=POST path=/lingxi/v1/sessions/sess_local_alpha/execute status=200
2026-09-28T15:14:11.881254Z  INFO lingxi_service::sessions: run committed and published (post-commit) run_id=run_000001a0e894a928_000866 session_id=sess_local_alpha events=run_000001a0e894a928_000866-done input_chars=23
2026-09-28T15:14:11.881445Z  INFO lingxi_service: request handled request_id=req-fad7f7ba025fb42f17e261b04f111db0 method=POST path=/lingxi/v1/sessions/sess_local_alpha/execute status=200
2026-09-28T15:14:11.881996Z  INFO lingxi_service::sessions: run committed and published (post-commit) run_id=run_000001a0e894a929_000867 session_id=sess_local_alpha events=run_000001a0e894a929_000867-done input_chars=23
2026-09-28T15:14:11.882186Z  INFO lingxi_service: request handled request_id=req-1ca785c24f524ab9378826321db7574a method=POST path=/lingxi/v1/sessions/sess_local_alpha/execute status=200
2026-09-28T15:14:11.882801Z  INFO lingxi_service::sessions: run committed and published (post-commit) run_id=run_000001a0e894a92a_000868 session_id=sess_local_alpha events=run_000001a0e894a92a_000868-done input_chars=23
2026-09-28T15:14:11.883009Z  INFO lingxi_service: request handled request_id=req-5ef0c08d53b58cf4d55c942bae4f8f25 method=POST path=/lingxi/v1/sessions/sess_local_alpha/execute status=200
2026-09-28T15:14:11.883697Z  INFO lingxi_service::sessions: run committed and published (post-commit) run_id=run_000001a0e894a92b_000869 session_id=sess_local_alpha events=run_000001a0e894a92b_000869-done input_chars=23
2026-09-28T15:14:11.883895Z  INFO lingxi_service: request handled request_id=req-2b7bb90cd842becf202dd525acb39675 method=POST path=/lingxi/v1/sessions/sess_local_alpha/execute status=200
2026-09-28T15:14:11.884519Z  INFO lingxi_service::sessions: run committed and published (post-commit) run_id=run_000001a0e894a92c_00086a session_id=sess_local_alpha events=run_000001a0e894a92c_00086a-done input_chars=23
2026-09-28T15:14:11.884710Z  INFO lingxi_service: request handled request_id=req-0787456b42064d78142b255976d4620d method=POST path=/lingxi/v1/sessions/sess_local_alpha/execute status=200
2026-09-28T15:14:11.885297Z  INFO lingxi_service::sessions: run committed and published (post-commit) run_id=run_000001a0e894a92c_00086b session_id=sess_local_alpha events=run_000001a0e894a92c_00086b-done input_chars=23
2026-09-28T15:14:11.885486Z  INFO lingxi_service: request handled request_id=req-da257f2cde313131a1c182fe7bd61e15 method=POST path=/lingxi/v1/sessions/sess_local_alpha/execute status=200
2026-09-28T15:14:11.886120Z  INFO lingxi_service::sessions: run committed and published (post-commit) run_id=run_000001a0e894a92d_00086c session_id=sess_local_alpha events=run_000001a0e894a92d_00086c-done input_chars=23
2026-09-28T15:14:11.886320Z  INFO lingxi_service: request handled request_id=req-e012860830122c9ca0601a9c8040e39f method=POST path=/lingxi/v1/sessions/sess_local_alpha/execute status=200
2026-09-28T15:14:11.887019Z  INFO lingxi_service::sessions: run committed and published (post-commit) run_id=run_000001a0e894a92e_00086d session_id=sess_local_alpha events=run_000001a0e894a92e_00086d-done input_chars=23
2026-09-28T15:14:11.887218Z  INFO lingxi_service: request handled request_id=req-ca68a40e41747349ab879caf9298f7f4 method=POST path=/lingxi/v1/sessions/sess_local_alpha/execute status=200
2026-09-28T15:14:11.887857Z  INFO lingxi_service::sessions: run committed and published (post-commit) run_id=run_000001a0e894a92f_00086e session_id=sess_local_alpha events=run_000001a0e894a92f_00086e-done input_chars=23
2026-09-28T15:14:11.888040Z  INFO lingxi_service: request handled request_id=req-5b6a7d344cd2c543b02fb3653852444c method=POST path=/lingxi/v1/sessions/sess_local_alpha/execute status=200
2026-09-28T15:14:11.888600Z  INFO lingxi_service::sessions: run committed and published (post-commit) run_id=run_000001a0e894a930_00086f session_id=sess_local_alpha events=run_000001a0e894a930_00086f-done input_chars=23
2026-09-28T15:14:11.888785Z  INFO lingxi_service: request handled request_id=req-2696676e1520c3e94992778bc39aa349 method=POST path=/lingxi/v1/sessions/sess_local_alpha/execute status=200
2026-09-28T15:14:11.889329Z  INFO lingxi_service::sessions: run committed and published (post-commit) run_id=run_000001a0e894a931_000870 session_id=sess_local_alpha events=run_000001a0e894a931_000870-done input_chars=23
2026-09-28T15:14:11.889539Z  INFO lingxi_service: request handled request_id=req-5c0bb15c5b90d9f21e54587bd68d842d method=POST path=/lingxi/v1/sessions/sess_local_alpha/execute status=200
2026-09-28T15:14:11.891827Z  INFO lingxi_service::sessions: run committed and published (post-commit) run_id=run_000001a0e894a933_000871 session_id=sess_local_alpha events=run_000001a0e894a933_000871-done input_chars=23
2026-09-28T15:14:11.892035Z  INFO lingxi_service: request handled request_id=req-4cdf9cc828507163196139d23dd40986 method=POST path=/lingxi/v1/sessions/sess_local_alpha/execute status=200
2026-09-28T15:14:11.892729Z  INFO lingxi_service::sessions: run committed and published (post-commit) run_id=run_000001a0e894a934_000872 session_id=sess_local_alpha events=run_000001a0e894a934_000872-done input_chars=23
2026-09-28T15:14:11.892938Z  INFO lingxi_service: request handled request_id=req-00f38ead6366195cd13644161198e2ce method=POST path=/lingxi/v1/sessions/sess_local_alpha/execute status=200
2026-09-28T15:14:11.893705Z  INFO lingxi_service::sessions: run committed and published (post-commit) run_id=run_000001a0e894a935_000873 session_id=sess_local_alpha events=run_000001a0e894a935_000873-done input_chars=23
2026-09-28T15:14:11.893904Z  INFO lingxi_service: request handled request_id=req-2661266bf3b0ce41e0fd50ee79feb560 method=POST path=/lingxi/v1/sessions/sess_local_alpha/execute status=200
2026-09-28T15:14:11.894617Z  INFO lingxi_service::sessions: run committed and published (post-commit) run_id=run_000001a0e894a936_000874 session_id=sess_local_alpha events=run_000001a0e894a936_000874-done input_chars=23
2026-09-28T15:14:11.894814Z  INFO lingxi_service: request handled request_id=req-ec03722074de3c03909c6c3fb85d1958 method=POST path=/lingxi/v1/sessions/sess_local_alpha/execute status=200
2026-09-28T15:14:11.895451Z  INFO lingxi_service::sessions: run committed and published (post-commit) run_id=run_000001a0e894a937_000875 session_id=sess_local_alpha events=run_000001a0e894a937_000875-done input_chars=23
2026-09-28T15:14:11.895643Z  INFO lingxi_service: request handled request_id=req-ede08805546d62845aa8d248ed333ec5 method=POST path=/lingxi/v1/sessions/sess_local_alpha/execute status=200
2026-09-28T15:14:11.896331Z  INFO lingxi_service::sessions: run committed and published (post-commit) run_id=run_000001a0e894a937_000876 session_id=sess_local_alpha events=run_000001a0e894a937_000876-done input_chars=23
2026-09-28T15:14:11.896553Z  INFO lingxi_service: request handled request_id=req-ce7ea1df1d0989b2c57997da9376e5fc method=POST path=/lingxi/v1/sessions/sess_local_alpha/execute status=200
2026-09-28T15:14:11.897328Z  INFO lingxi_service::sessions: run committed and published (post-commit) run_id=run_000001a0e894a938_000877 session_id=sess_local_alpha events=run_000001a0e894a938_000877-done input_chars=23
2026-09-28T15:14:11.897524Z  INFO lingxi_service: request handled request_id=req-41d00b3bb4a36c1e7cb33e78d8b6933f method=POST path=/lingxi/v1/sessions/sess_local_alpha/execute status=200
2026-09-28T15:14:11.898162Z  INFO lingxi_service::sessions: run committed and published (post-commit) run_id=run_000001a0e894a939_000878 session_id=sess_local_alpha events=run_000001a0e894a939_000878-done input_chars=23
2026-09-28T15:14:11.898348Z  INFO lingxi_service: request handled request_id=req-e223fa9e5bf48324530f5b213c2d189d method=POST path=/lingxi/v1/sessions/sess_local_alpha/execute status=200
2026-09-28T15:14:11.899089Z  INFO lingxi_service::sessions: run committed and published (post-commit) run_id=run_000001a0e894a93a_000879 session_id=sess_local_alpha events=run_000001a0e894a93a_000879-done input_chars=23
2026-09-28T15:14:11.899282Z  INFO lingxi_service: request handled request_id=req-39704689f279cb857cf1aaee7bf6de48 method=POST path=/lingxi/v1/sessions/sess_local_alpha/execute status=200
2026-09-28T15:14:11.899955Z  INFO lingxi_service::sessions: run committed and published (post-commit) run_id=run_000001a0e894a93b_00087a session_id=sess_local_alpha events=run_000001a0e894a93b_00087a-done input_chars=23
2026-09-28T15:14:11.900177Z  INFO lingxi_service: request handled request_id=req-0a092f386bcfcc54a782a7c57d7969b5 method=POST path=/lingxi/v1/sessions/sess_local_alpha/execute status=200
2026-09-28T15:14:11.900854Z  INFO lingxi_service::sessions: run committed and published (post-commit) run_id=run_000001a0e894a93c_00087b session_id=sess_local_alpha events=run_000001a0e894a93c_00087b-done input_chars=23
2026-09-28T15:14:11.901052Z  INFO lingxi_service: request handled request_id=req-8497a1b9f51e1b964778ae00c3f1ffd5 method=POST path=/lingxi/v1/sessions/sess_local_alpha/execute status=200
2026-09-28T15:14:11.901708Z  INFO lingxi_service::sessions: run committed and published (post-commit) run_id=run_000001a0e894a93d_00087c session_id=sess_local_alpha events=run_000001a0e894a93d_00087c-done input_chars=23
2026-09-28T15:14:11.901899Z  INFO lingxi_service: request handled request_id=req-aff565c4f942251f247312fad02161bf method=POST path=/lingxi/v1/sessions/sess_local_alpha/execute status=200
2026-09-28T15:14:11.902532Z  INFO lingxi_service::sessions: run committed and published (post-commit) run_id=run_000001a0e894a93e_00087d session_id=sess_local_alpha events=run_000001a0e894a93e_00087d-done input_chars=23
2026-09-28T15:14:11.902727Z  INFO lingxi_service: request handled request_id=req-22cdacdb8359d70be2b8e4342486bfc2 method=POST path=/lingxi/v1/sessions/sess_local_alpha/execute status=200
2026-09-28T15:14:11.903437Z  INFO lingxi_service::sessions: run committed and published (post-commit) run_id=run_000001a0e894a93f_00087e session_id=sess_local_alpha events=run_000001a0e894a93f_00087e-done input_chars=23
2026-09-28T15:14:11.903649Z  INFO lingxi_service: request handled request_id=req-f1c8081dcdb5554c0c23c91d5f81d0fa method=POST path=/lingxi/v1/sessions/sess_local_alpha/execute status=200
2026-09-28T15:14:11.904310Z  INFO lingxi_service::sessions: run committed and published (post-commit) run_id=run_000001a0e894a93f_00087f session_id=sess_local_alpha events=run_000001a0e894a93f_00087f-done input_chars=23
2026-09-28T15:14:11.904497Z  INFO lingxi_service: request handled request_id=req-16b58bf2bb976fae11b3b97049e4507c method=POST path=/lingxi/v1/sessions/sess_local_alpha/execute status=200
2026-09-28T15:14:11.905175Z  INFO lingxi_service::sessions: run committed and published (post-commit) run_id=run_000001a0e894a940_000880 session_id=sess_local_alpha events=run_000001a0e894a940_000880-done input_chars=23
2026-09-28T15:14:11.905363Z  INFO lingxi_service: request handled request_id=req-8ed947e9bd9645d75264d3cca5f60d69 method=POST path=/lingxi/v1/sessions/sess_local_alpha/execute status=200
2026-09-28T15:14:11.905975Z  INFO lingxi_service::sessions: run committed and published (post-commit) run_id=run_000001a0e894a941_000881 session_id=sess_local_alpha events=run_000001a0e894a941_000881-done input_chars=23
2026-09-28T15:14:11.906179Z  INFO lingxi_service: request handled request_id=req-860511e3f49d5d62417f023641471fb0 method=POST path=/lingxi/v1/sessions/sess_local_alpha/execute status=200
2026-09-28T15:14:11.906860Z  INFO lingxi_service::sessions: run committed and published (post-commit) run_id=run_000001a0e894a942_000882 session_id=sess_local_alpha events=run_000001a0e894a942_000882-done input_chars=23
2026-09-28T15:14:11.907065Z  INFO lingxi_service: request handled request_id=req-7735d02c1f8a05b255766d4a40deab10 method=POST path=/lingxi/v1/sessions/sess_local_alpha/execute status=200
2026-09-28T15:14:11.907693Z  INFO lingxi_service::sessions: run committed and published (post-commit) run_id=run_000001a0e894a943_000883 session_id=sess_local_alpha events=run_000001a0e894a943_000883-done input_chars=23
2026-09-28T15:14:11.907880Z  INFO lingxi_service: request handled request_id=req-25ae357eb7b525284ed9e9c9dc8ea487 method=POST path=/lingxi/v1/sessions/sess_local_alpha/execute status=200
2026-09-28T15:14:11.908446Z  INFO lingxi_service::sessions: run committed and published (post-commit) run_id=run_000001a0e894a944_000884 session_id=sess_local_alpha events=run_000001a0e894a944_000884-done input_chars=23
2026-09-28T15:14:11.908633Z  INFO lingxi_service: request handled request_id=req-3994e6928e7052e69ddc00a08dd4d257 method=POST path=/lingxi/v1/sessions/sess_local_alpha/execute status=200
2026-09-28T15:14:11.909338Z  INFO lingxi_service::sessions: run committed and published (post-commit) run_id=run_000001a0e894a944_000885 session_id=sess_local_alpha events=run_000001a0e894a944_000885-done input_chars=23
2026-09-28T15:14:11.909553Z  INFO lingxi_service: request handled request_id=req-319876ed346405397ecf50e4f58a60f8 method=POST path=/lingxi/v1/sessions/sess_local_alpha/execute status=200
2026-09-28T15:14:11.910254Z  INFO lingxi_service::sessions: run committed and published (post-commit) run_id=run_000001a0e894a945_000886 session_id=sess_local_alpha events=run_000001a0e894a945_000886-done input_chars=23
2026-09-28T15:14:11.910450Z  INFO lingxi_service: request handled request_id=req-2cb00ca59e8f79edd61a52d0a64edf95 method=POST path=/lingxi/v1/sessions/sess_local_alpha/execute status=200
2026-09-28T15:14:11.911031Z  INFO lingxi_service::sessions: run committed and published (post-commit) run_id=run_000001a0e894a946_000887 session_id=sess_local_alpha events=run_000001a0e894a946_000887-done input_chars=23
2026-09-28T15:14:11.911219Z  INFO lingxi_service: request handled request_id=req-9e56bb3cab68a671451802550fb2509c method=POST path=/lingxi/v1/sessions/sess_local_alpha/execute status=200
2026-09-28T15:14:11.911780Z  INFO lingxi_service::sessions: run committed and published (post-commit) run_id=run_000001a0e894a947_000888 session_id=sess_local_alpha events=run_000001a0e894a947_000888-done input_chars=23
2026-09-28T15:14:11.911969Z  INFO lingxi_service: request handled request_id=req-5b541824b89a46f485433d140c42c4d5 method=POST path=/lingxi/v1/sessions/sess_local_alpha/execute status=200
2026-09-28T15:14:11.912585Z  INFO lingxi_service::sessions: run committed and published (post-commit) run_id=run_000001a0e894a948_000889 session_id=sess_local_alpha events=run_000001a0e894a948_000889-done input_chars=23
2026-09-28T15:14:11.912777Z  INFO lingxi_service: request handled request_id=req-c7fad014eaddcf76e9afb23b14d6bed2 method=POST path=/lingxi/v1/sessions/sess_local_alpha/execute status=200
2026-09-28T15:14:11.913425Z  INFO lingxi_service::sessions: run committed and published (post-commit) run_id=run_000001a0e894a949_00088a session_id=sess_local_alpha events=run_000001a0e894a949_00088a-done input_chars=23
2026-09-28T15:14:11.913630Z  INFO lingxi_service: request handled request_id=req-d1241a3b7ae559d7829b6db8a28e4add method=POST path=/lingxi/v1/sessions/sess_local_alpha/execute status=200
2026-09-28T15:14:11.914323Z  INFO lingxi_service::sessions: run committed and published (post-commit) run_id=run_000001a0e894a949_00088b session_id=sess_local_alpha events=run_000001a0e894a949_00088b-done input_chars=23
2026-09-28T15:14:11.914511Z  INFO lingxi_service: request handled request_id=req-38b59d4b083da017607c07a5bdc8b09d method=POST path=/lingxi/v1/sessions/sess_local_alpha/execute status=200
2026-09-28T15:14:11.915086Z  INFO lingxi_service::sessions: run committed and published (post-commit) run_id=run_000001a0e894a94a_00088c session_id=sess_local_alpha events=run_000001a0e894a94a_00088c-done input_chars=23
2026-09-28T15:14:11.915272Z  INFO lingxi_service: request handled request_id=req-c25721f5ca2879e35b2cd2184a98e35e method=POST path=/lingxi/v1/sessions/sess_local_alpha/execute status=200
2026-09-28T15:14:11.915858Z  INFO lingxi_service::sessions: run committed and published (post-commit) run_id=run_000001a0e894a94b_00088d session_id=sess_local_alpha events=run_000001a0e894a94b_00088d-done input_chars=23
2026-09-28T15:14:11.916049Z  INFO lingxi_service: request handled request_id=req-cd0ed8bc928c08eb1163f5dcbebfffa7 method=POST path=/lingxi/v1/sessions/sess_local_alpha/execute status=200
2026-09-28T15:14:11.916712Z  INFO lingxi_service::sessions: run committed and published (post-commit) run_id=run_000001a0e894a94c_00088e session_id=sess_local_alpha events=run_000001a0e894a94c_00088e-done input_chars=23
2026-09-28T15:14:11.916911Z  INFO lingxi_service: request handled request_id=req-24ca66283825400c1f8da1d534912b64 method=POST path=/lingxi/v1/sessions/sess_local_alpha/execute status=200
2026-09-28T15:14:11.917542Z  INFO lingxi_service::sessions: run committed and published (post-commit) run_id=run_000001a0e894a94d_00088f session_id=sess_local_alpha events=run_000001a0e894a94d_00088f-done input_chars=23
2026-09-28T15:14:11.917735Z  INFO lingxi_service: request handled request_id=req-c391372a7e1d64a66153bb2845e91918 method=POST path=/lingxi/v1/sessions/sess_local_alpha/execute status=200
2026-09-28T15:14:11.918316Z  INFO lingxi_service::sessions: run committed and published (post-commit) run_id=run_000001a0e894a94d_000890 session_id=sess_local_alpha events=run_000001a0e894a94d_000890-done input_chars=23
2026-09-28T15:14:11.918504Z  INFO lingxi_service: request handled request_id=req-2c4143bbe59486eff09951e30f7de513 method=POST path=/lingxi/v1/sessions/sess_local_alpha/execute status=200
2026-09-28T15:14:11.919079Z  INFO lingxi_service::sessions: run committed and published (post-commit) run_id=run_000001a0e894a94e_000891 session_id=sess_local_alpha events=run_000001a0e894a94e_000891-done input_chars=23
2026-09-28T15:14:11.919272Z  INFO lingxi_service: request handled request_id=req-7b151a8a01be9d4b30249109b449b555 method=POST path=/lingxi/v1/sessions/sess_local_alpha/execute status=200
2026-09-28T15:14:11.919867Z  INFO lingxi_service::sessions: run committed and published (post-commit) run_id=run_000001a0e894a94f_000892 session_id=sess_local_alpha events=run_000001a0e894a94f_000892-done input_chars=23
2026-09-28T15:14:11.920081Z  INFO lingxi_service: request handled request_id=req-1675b6fd42b88287b3bccc8dff438e44 method=POST path=/lingxi/v1/sessions/sess_local_alpha/execute status=200
2026-09-28T15:14:11.920736Z  INFO lingxi_service::sessions: run committed and published (post-commit) run_id=run_000001a0e894a950_000893 session_id=sess_local_alpha events=run_000001a0e894a950_000893-done input_chars=23
2026-09-28T15:14:11.920933Z  INFO lingxi_service: request handled request_id=req-0dcfe4ae1a2404d40e5bb006503189f1 method=POST path=/lingxi/v1/sessions/sess_local_alpha/execute status=200
2026-09-28T15:14:11.921514Z  INFO lingxi_service::sessions: run committed and published (post-commit) run_id=run_000001a0e894a951_000894 session_id=sess_local_alpha events=run_000001a0e894a951_000894-done input_chars=23
2026-09-28T15:14:11.921706Z  INFO lingxi_service: request handled request_id=req-e759fc28d211fecc13caa82f6861a8f2 method=POST path=/lingxi/v1/sessions/sess_local_alpha/execute status=200
2026-09-28T15:14:11.922332Z  INFO lingxi_service::sessions: run committed and published (post-commit) run_id=run_000001a0e894a951_000895 session_id=sess_local_alpha events=run_000001a0e894a951_000895-done input_chars=23
2026-09-28T15:14:11.922528Z  INFO lingxi_service: request handled request_id=req-64f01169712324eb257b02408fbe3182 method=POST path=/lingxi/v1/sessions/sess_local_alpha/execute status=200
2026-09-28T15:14:11.923180Z  INFO lingxi_service::sessions: run committed and published (post-commit) run_id=run_000001a0e894a952_000896 session_id=sess_local_alpha events=run_000001a0e894a952_000896-done input_chars=23
2026-09-28T15:14:11.923390Z  INFO lingxi_service: request handled request_id=req-1e176cec33c5e34bd1c2831a24d7705a method=POST path=/lingxi/v1/sessions/sess_local_alpha/execute status=200
2026-09-28T15:14:11.924066Z  INFO lingxi_service::sessions: run committed and published (post-commit) run_id=run_000001a0e894a953_000897 session_id=sess_local_alpha events=run_000001a0e894a953_000897-done input_chars=23
2026-09-28T15:14:11.924259Z  INFO lingxi_service: request handled request_id=req-ac4b3574f600f475faa1d3d1a79bc8a0 method=POST path=/lingxi/v1/sessions/sess_local_alpha/execute status=200
2026-09-28T15:14:11.924847Z  INFO lingxi_service::sessions: run committed and published (post-commit) run_id=run_000001a0e894a954_000898 session_id=sess_local_alpha events=run_000001a0e894a954_000898-done input_chars=23
2026-09-28T15:14:11.925037Z  INFO lingxi_service: request handled request_id=req-84dac502833db357c6d15e24e564dea0 method=POST path=/lingxi/v1/sessions/sess_local_alpha/execute status=200
2026-09-28T15:14:41.946603Z  INFO lingxi_service: request handled request_id=req-d5a7903a2130d504121b82ebcc8153b3 method=GET path=/lingxi/v1/sessions/sess_local_alpha/events status=200
2026-09-28T15:14:41.962123Z  INFO lingxi_service: request handled request_id=req-366471d51632529e782664b2552b3ef7 method=GET path=/lingxi/v1/sessions/sess_local_alpha/events status=200
2026-09-28T15:14:41.975066Z  INFO lingxi_service: request handled request_id=req-5a0ee74755145b055752fcb5d9e544b0 method=GET path=/lingxi/v1/sessions/sess_local_alpha/events status=200
2026-09-28T15:14:41.986926Z  INFO lingxi_service: request handled request_id=req-725c9eb89e286add3baaa1d4f0c07bdf method=GET path=/lingxi/v1/sessions/sess_local_alpha/events status=200
2026-09-28T15:14:41.998059Z  INFO lingxi_service: request handled request_id=req-e538c17d8792ac351bde90d9f3f5abe1 method=GET path=/lingxi/v1/sessions/sess_local_alpha/events status=200
2026-09-28T15:14:42.008269Z  INFO lingxi_service: request handled request_id=req-3f769282c38005912b2a12c4f8aab5a2 method=GET path=/lingxi/v1/sessions/sess_local_alpha/events status=200
2026-09-28T15:14:42.018542Z  INFO lingxi_service: request handled request_id=req-f10fb489425966a792889e023b86f9f1 method=GET path=/lingxi/v1/sessions/sess_local_alpha/events status=200
2026-09-28T15:14:42.028293Z  INFO lingxi_service: request handled request_id=req-0f6aff1d4547f9669660a5baa12cc136 method=GET path=/lingxi/v1/sessions/sess_local_alpha/events status=200
2026-09-28T15:14:42.036442Z  INFO lingxi_service: request handled request_id=req-8bf7a831708ea7f1fbbbe22d279e8a06 method=GET path=/lingxi/v1/sessions/sess_local_alpha/events status=200
2026-09-28T15:14:42.263633Z  WARN lingxi_service: ws session read failed err=Connection reset by peer (os error 54)
2026-09-28T15:14:42.913647Z  INFO lingxi_service: shutdown signal: SIGTERM
2026-09-28T15:14:42.915009Z  INFO lingxi_service::shutdown: run database closed (drained, WAL truncated) phase=storage_close
2026-09-28T15:14:42.915270Z  INFO lingxi_service::shutdown: own instance record removed, lock released phase=record_cleanup
2026-09-28T15:14:42.915331Z  INFO lingxi_service: lingxi-service stopped cleanly (run database closed, own record removed, lock released)
