# binding-exclusion: artifacts/rust-tauri/R03/T08-R01-review/verify-stage-r03/R02/A16/legacy-entry/** — this gate's own run-time evidence output subtree (runner output, never candidate source); applied symmetrically to BOTH the main-repo binding and the candidate-copy binding (E0 mirror compare)
1cd67327a9e5ddfa812fcad4576efd85f3c15eee7374661d748d380ede98b70e  ??  artifacts/rust-tauri/R03/T08-E01/evidence-digest.txt
c41531189b1f994d073e7736e50fcb47ef32f27f545b22c1d5309d5a6fac1129  ??  artifacts/rust-tauri/R03/T08-E01/negative-probes/exit-codes.csv
e3b0c44298fc1c149afbf4c8996fb92427ae41e4649b934ca495991b7852b855  ??  artifacts/rust-tauri/R03/T08-E01/verify-stage-r02-regression/A01/a01-cargo-metadata.err
9daa7dc25bceb1d4254da32a9221eadc01179a65b82ca468ea6df5e53c192016  ??  artifacts/rust-tauri/R03/T08-E01/verify-stage-r02-regression/A01/a01-cargo-metadata.json
e3b0c44298fc1c149afbf4c8996fb92427ae41e4649b934ca495991b7852b855  ??  artifacts/rust-tauri/R03/T08-E01/verify-stage-r02-regression/A01/a01-child-snapshot.tsv
f7fcacea611f836fcfee896f96b921cb6f11f87ef330adf7f40d820cb361ac1c  ??  artifacts/rust-tauri/R03/T08-E01/verify-stage-r02-regression/A01/a01-health-body.json
ba752b90539cc3310a138f65c15210a1edd1525edbbf7c45e7fea38a9a4180e0  ??  artifacts/rust-tauri/R03/T08-E01/verify-stage-r02-regression/A01/a01-invalid-bind-homes-after.txt
ba752b90539cc3310a138f65c15210a1edd1525edbbf7c45e7fea38a9a4180e0  ??  artifacts/rust-tauri/R03/T08-E01/verify-stage-r02-regression/A01/a01-invalid-bind-homes-before.txt
6c88f1bf243b09c3f5c0207654b095224ce3608f74e78b992b2a648ff6ad119b  ??  artifacts/rust-tauri/R03/T08-E01/verify-stage-r02-regression/A01/a01-leaf-cases.json
f6172c5cd9867ff3dca1a2a0d274662d2630239f5c94455679c87e4aada6ce12  ??  artifacts/rust-tauri/R03/T08-E01/verify-stage-r02-regression/A01/a01-newer-config-data-fallback-after.txt
f6172c5cd9867ff3dca1a2a0d274662d2630239f5c94455679c87e4aada6ce12  ??  artifacts/rust-tauri/R03/T08-E01/verify-stage-r02-regression/A01/a01-newer-config-data-fallback-before.txt
9fd17a5f8bcb6a6d05a1bb664be1d2545d9236ceb45b112237aa063aa04abeb5  ??  artifacts/rust-tauri/R03/T08-E01/verify-stage-r02-regression/A01/a01-newer-config-data-homes-after.txt
8c1f70340552443b390fac27864419b398e4e8c7039e81b15cee57fbc90d8e64  ??  artifacts/rust-tauri/R03/T08-E01/verify-stage-r02-regression/A01/a01-newer-config-data-homes-before.txt
cff4c681ba377baaa1c3fff7ef9c7fcae0736005217012e563fdead40834761b  ??  artifacts/rust-tauri/R03/T08-E01/verify-stage-r02-regression/A01/a01-newer-config-data-original-after.sha256
cff4c681ba377baaa1c3fff7ef9c7fcae0736005217012e563fdead40834761b  ??  artifacts/rust-tauri/R03/T08-E01/verify-stage-r02-regression/A01/a01-newer-config-data-original-before.sha256
f6172c5cd9867ff3dca1a2a0d274662d2630239f5c94455679c87e4aada6ce12  ??  artifacts/rust-tauri/R03/T08-E01/verify-stage-r02-regression/A01/a01-newer-data-fallback-after.txt
f6172c5cd9867ff3dca1a2a0d274662d2630239f5c94455679c87e4aada6ce12  ??  artifacts/rust-tauri/R03/T08-E01/verify-stage-r02-regression/A01/a01-newer-data-fallback-before.txt
5edd16e8f9d9bc64286f33e6cd81d9901fe3f2620a341864ca7d854a9f78a153  ??  artifacts/rust-tauri/R03/T08-E01/verify-stage-r02-regression/A01/a01-newer-data-homes-after.txt
073e168ce74487b3c87fd21314ac015a3686e96b89da593505451372238564a4  ??  artifacts/rust-tauri/R03/T08-E01/verify-stage-r02-regression/A01/a01-newer-data-homes-before.txt
daca1cb164dd48d3ce6a474709242b6b972e9e5894cc6379c21c95d7d7aa5def  ??  artifacts/rust-tauri/R03/T08-E01/verify-stage-r02-regression/A01/a01-newer-data-original-after.sha256
daca1cb164dd48d3ce6a474709242b6b972e9e5894cc6379c21c95d7d7aa5def  ??  artifacts/rust-tauri/R03/T08-E01/verify-stage-r02-regression/A01/a01-newer-data-original-before.sha256
f6172c5cd9867ff3dca1a2a0d274662d2630239f5c94455679c87e4aada6ce12  ??  artifacts/rust-tauri/R03/T08-E01/verify-stage-r02-regression/A01/a01-newer-env-data-fallback-after.txt
f6172c5cd9867ff3dca1a2a0d274662d2630239f5c94455679c87e4aada6ce12  ??  artifacts/rust-tauri/R03/T08-E01/verify-stage-r02-regression/A01/a01-newer-env-data-fallback-before.txt
a3155d4d02934eed3c1b37eac107f20862b659605e0d957b0a084d33d6d99692  ??  artifacts/rust-tauri/R03/T08-E01/verify-stage-r02-regression/A01/a01-newer-env-data-homes-after.txt
f3545be882bacfca06d14456888a3889b2482ad6f448b4ebf848d9294ab7df36  ??  artifacts/rust-tauri/R03/T08-E01/verify-stage-r02-regression/A01/a01-newer-env-data-homes-before.txt
1bf3bee9e9a5cec93c475d48183855660dc80565cc8f319a228de7ff23890aa7  ??  artifacts/rust-tauri/R03/T08-E01/verify-stage-r02-regression/A01/a01-newer-env-data-original-after.sha256
1bf3bee9e9a5cec93c475d48183855660dc80565cc8f319a228de7ff23890aa7  ??  artifacts/rust-tauri/R03/T08-E01/verify-stage-r02-regression/A01/a01-newer-env-data-original-before.sha256
3ce1005240a8ebfb25acd73c8ec01b4df742a35b81e2a622a6c65bf368865033  ??  artifacts/rust-tauri/R03/T08-E01/verify-stage-r02-regression/A01/leaf-cases.ndjson
d536b0a334f4fd7a0b7327f3666adedaab219e0116a45db6dd35d85f7c617fc4  ??  artifacts/rust-tauri/R03/T08-E01/verify-stage-r02-regression/A03/a03-forged-record.json
f7fcacea611f836fcfee896f96b921cb6f11f87ef330adf7f40d820cb361ac1c  ??  artifacts/rust-tauri/R03/T08-E01/verify-stage-r02-regression/A03/a03-inst1-health.json
7db271b71bf4dfbb929497159457c83a2cee0339b51a21842bb2175bf1d7c530  ??  artifacts/rust-tauri/R03/T08-E01/verify-stage-r02-regression/A03/a03-inst2-marker.txt
3a5c08d9773ea9cb0cfa151db8ce3508493c00a850d4cffa4123ff8d809d1742  ??  artifacts/rust-tauri/R03/T08-E01/verify-stage-r02-regression/A03/a03-summary.txt
8072ccf4e5e575106c51e0277931ed262431d752339ec42e3c30f7d26780e217  ??  artifacts/rust-tauri/R03/T08-E01/verify-stage-r02-regression/A04/a04-summary.txt
5b34f075048fdabe26297a1646492719aec6340a22da5aea719947661e79c0d9  ??  artifacts/rust-tauri/R03/T08-E01/verify-stage-r02-regression/A05_A06/.last-body
1319bbe558a1a9043433da92529bc8c24d2b6fbcabc962836a938e946e273399  ??  artifacts/rust-tauri/R03/T08-E01/verify-stage-r02-regression/A05_A06/body-limit.txt
c0c19dff508a998f0c6e1fbf2643c2d78647cd6495bc53c57d2566877a3abc0b  ??  artifacts/rust-tauri/R03/T08-E01/verify-stage-r02-regression/A05_A06/cli-sessions-limit-case.json
8466bb31efcde317c5241a64e5ec521a0890f257e4a69d6cf64b2900f08a997c  ??  artifacts/rust-tauri/R03/T08-E01/verify-stage-r02-regression/A05_A06/creds-after-authz.json
feaa4c63d4cd30862465b21d329c50f6b37a91fd7b053b32d3a0c4cb736c97c7  ??  artifacts/rust-tauri/R03/T08-E01/verify-stage-r02-regression/A05_A06/creds-before-authz.json
32311ebc58e5f61c9f832a88b42b582e09fc2cb69d0f8ca6c63217658952f782  ??  artifacts/rust-tauri/R03/T08-E01/verify-stage-r02-regression/A05_A06/devices-after-authz.json
7cf791b1fe03c49cbb427c6a3e8984d878dffd05004bd7b17925cf9f7c68a4ae  ??  artifacts/rust-tauri/R03/T08-E01/verify-stage-r02-regression/A05_A06/devices-before-authz.json
50317efd0ac2c39fa33f28e6a6023701bc111e7db0f55371c8da1c340edfbf7e  ??  artifacts/rust-tauri/R03/T08-E01/verify-stage-r02-regression/A05_A06/leaf-cases.json
77b636b1593883d505032b6b494f82d599b9387d96aa65b6d00066125d69c59d  ??  artifacts/rust-tauri/R03/T08-E01/verify-stage-r02-regression/A05_A06/leaf-cases.ndjson
2d2e24c3b745ae1967340d1a520b631a0cf143c2ca513e517110be4c901773ed  ??  artifacts/rust-tauri/R03/T08-E01/verify-stage-r02-regression/A05_A06/me-denied-after.sha256
2d2e24c3b745ae1967340d1a520b631a0cf143c2ca513e517110be4c901773ed  ??  artifacts/rust-tauri/R03/T08-E01/verify-stage-r02-regression/A05_A06/me-denied-before.sha256
9901fa4939e8c0683cc392787126273c429530490fdebe18e68d1ad0c6fc2459  ??  artifacts/rust-tauri/R03/T08-E01/verify-stage-r02-regression/A05_A06/sessions-list-matrix.json
e40c26dfad07982c4edf1a3e36f6903782840cb0da04dd620f01e24ffd149690  ??  artifacts/rust-tauri/R03/T08-E01/verify-stage-r02-regression/A05_A06/state-after-authn.txt
5b6b0073b714cd9d18b34088a113f247fafc06e554e1d0b8fc7bb615d3ca01d8  ??  artifacts/rust-tauri/R03/T08-E01/verify-stage-r02-regression/A05_A06/state-after.txt
e40c26dfad07982c4edf1a3e36f6903782840cb0da04dd620f01e24ffd149690  ??  artifacts/rust-tauri/R03/T08-E01/verify-stage-r02-regression/A05_A06/state-before-authz.txt
e40c26dfad07982c4edf1a3e36f6903782840cb0da04dd620f01e24ffd149690  ??  artifacts/rust-tauri/R03/T08-E01/verify-stage-r02-regression/A05_A06/state-before.txt
e24fbc2b6f2b1bc76f8506f3efe0d47c3059dc0fa34df759d5aff54cf13b421d  ??  artifacts/rust-tauri/R03/T08-E01/verify-stage-r02-regression/A05_A06/summary.txt
9c36a75175dac38468203551157bf6b1d52c7e9596b082f261b78ab6be4445a8  ??  artifacts/rust-tauri/R03/T08-E01/verify-stage-r02-regression/A05_A06/ws-matrix.json
5a78b9610442c45aa0ccf60ad63c59b96c6519464f8433d72fc26eff7509b574  ??  artifacts/rust-tauri/R03/T08-E01/verify-stage-r02-regression/A07_A08/last-db-hashes.txt
e613a984930f45c73fa5aa79af6955b0ac56faa30868e1da85d84a96a180eee3  ??  artifacts/rust-tauri/R03/T08-E01/verify-stage-r02-regression/A07_A08/s1-counts-after-stop.json
6e11d3157e36f2f24de72943cc5df97aec8475c1e95a29c6fed9cc451e41da10  ??  artifacts/rust-tauri/R03/T08-E01/verify-stage-r02-regression/A07_A08/s2-counts-after-crash.json
3b6906e5fffbf648f36a2d0d3fb504ca36eb43314aa18fe2d792ba70f5493a18  ??  artifacts/rust-tauri/R03/T08-E01/verify-stage-r02-regression/A07_A08/s2-runs-dump.jsonl
262f92ea25b5fdb6e7260b4be7ad81068619602649234aa4ffd0a75de74dfa25  ??  artifacts/rust-tauri/R03/T08-E01/verify-stage-r02-regression/A07_A08/s3-fault.err
e3b0c44298fc1c149afbf4c8996fb92427ae41e4649b934ca495991b7852b855  ??  artifacts/rust-tauri/R03/T08-E01/verify-stage-r02-regression/A07_A08/s3-fault.out
2aa934ddc4303bf9d0854e261f97cb1af3a613d15a0031cdfeff9b4a82b752a5  ??  artifacts/rust-tauri/R03/T08-E01/verify-stage-r02-regression/A07_A08/s4-hashes-after.txt
2aa934ddc4303bf9d0854e261f97cb1af3a613d15a0031cdfeff9b4a82b752a5  ??  artifacts/rust-tauri/R03/T08-E01/verify-stage-r02-regression/A07_A08/s4-hashes-before.txt
02bf966f893e0486ab51c2a6a690ca8932d4a32fa6fa1c0f26755959757c5e80  ??  artifacts/rust-tauri/R03/T08-E01/verify-stage-r02-regression/A07_A08/s4-migrations-round1.json
02bf966f893e0486ab51c2a6a690ca8932d4a32fa6fa1c0f26755959757c5e80  ??  artifacts/rust-tauri/R03/T08-E01/verify-stage-r02-regression/A07_A08/s4-migrations-round2.json
02bf966f893e0486ab51c2a6a690ca8932d4a32fa6fa1c0f26755959757c5e80  ??  artifacts/rust-tauri/R03/T08-E01/verify-stage-r02-regression/A07_A08/s4-migrations-round3.json
17f1eed57b32a1f7b3cfef14deb2392416ff33a2faf05ef6a4e387795f57f728  ??  artifacts/rust-tauri/R03/T08-E01/verify-stage-r02-regression/A07_A08/service-s1.err
e05d71e03647a6cf5835e4fd70d21e3bd803b132da8bac40eb3ae7a32e841355  ??  artifacts/rust-tauri/R03/T08-E01/verify-stage-r02-regression/A07_A08/service-s1.out
8361ef9a3a4a3c4c58769251800937c0c376668e88b45533ae8b2647fd67585b  ??  artifacts/rust-tauri/R03/T08-E01/verify-stage-r02-regression/A07_A08/service-s1b.err
93a592e21549ac13ea4a193a82bc2c066cfc441e3467816067bfa9374d79572a  ??  artifacts/rust-tauri/R03/T08-E01/verify-stage-r02-regression/A07_A08/service-s1b.out
481011605b353a537504f6615bc79be8abd0335e10d7065b5f520e972709e710  ??  artifacts/rust-tauri/R03/T08-E01/verify-stage-r02-regression/A07_A08/service-s2.err
63726ea418d0d357e721773438171b9661f97dbfc7bb7cabcb1089c783462087  ??  artifacts/rust-tauri/R03/T08-E01/verify-stage-r02-regression/A07_A08/service-s2.out
d46d9090173d60fbd215cc3b6d070260e1cf2fad5b5d1b7557f585e6206ea05e  ??  artifacts/rust-tauri/R03/T08-E01/verify-stage-r02-regression/A07_A08/service-s2b.err
0d64593c7a154a68cee59e76aa96042ff3aaaca07f7629018f4b8975fbe01202  ??  artifacts/rust-tauri/R03/T08-E01/verify-stage-r02-regression/A07_A08/service-s2b.out
da2e99d60e3336481b78db1c328ef6583d084f78d66094b794eca5b53223f8d6  ??  artifacts/rust-tauri/R03/T08-E01/verify-stage-r02-regression/A07_A08/service-s4-1.err
30652fd173ab35c0aee74d0143575425a815a54582a0467caba11bd2373223af  ??  artifacts/rust-tauri/R03/T08-E01/verify-stage-r02-regression/A07_A08/service-s4-1.out
f19e36e15f075157032a5c3b520c37a3d0cad9fd24b14369390fac73443d58bb  ??  artifacts/rust-tauri/R03/T08-E01/verify-stage-r02-regression/A07_A08/service-s4-2.err
8e750a68c20df34ad6d35073fdcdb9eedb6ec9f7af41a14928d1d3bada1fc67e  ??  artifacts/rust-tauri/R03/T08-E01/verify-stage-r02-regression/A07_A08/service-s4-2.out
deb762606d6d3645f5fea6638221fd078946b38df2144da12933a34e926e980e  ??  artifacts/rust-tauri/R03/T08-E01/verify-stage-r02-regression/A07_A08/service-s4-3.err
b988c733911c0e54f59436750253713199773a448b79d24565a5867820ad0abe  ??  artifacts/rust-tauri/R03/T08-E01/verify-stage-r02-regression/A07_A08/service-s4-3.out
173d972139e4c444982ef25ad963e524dd3192e5f0da6a8deb356cdee6ea03ca  ??  artifacts/rust-tauri/R03/T08-E01/verify-stage-r02-regression/A07_A08/service.addr
1fb26c2b525e7d98f5b888cc91e6820b5db7b63c3204a0e851e64b7adeed2a46  ??  artifacts/rust-tauri/R03/T08-E01/verify-stage-r02-regression/A07_A08/service.pid
0ea0a381f0aee00cd29435e419fe273f9c3bf82bf3e6a955e985efa7b1c31fcc  ??  artifacts/rust-tauri/R03/T08-E01/verify-stage-r02-regression/A07_A08/summary.txt
7f27aac3f7144ca08bcbe5d916d5b535cc55963d43de2190ac1da37d03d6455c  ??  artifacts/rust-tauri/R03/T08-E01/verify-stage-r02-regression/A07_LIVE_FAULT/case.json
f6fc2c794016ecc12cd3bc019d9ce5c1df99eefa852bdfaeaa8b36524db2bd20  ??  artifacts/rust-tauri/R03/T08-E01/verify-stage-r02-regression/A07_LIVE_FAULT/checked.json
d16d7e2c2eb14fcc1a621679860cc7f390d99a453a8c2dcb19d0806a1b713ee5  ??  artifacts/rust-tauri/R03/T08-E01/verify-stage-r02-regression/A09_A10/a09-merged-view.json
2565d27899f927c81caf8f7b9d2981c70d393f65f1743de1bded6d272444c0e9  ??  artifacts/rust-tauri/R03/T08-E01/verify-stage-r02-regression/A09_A10/a10-rebuild-diff.json
d1c0bf3cd0d4a086c0a618bab7edd4b96148a51a13ac3dd399aa2e03d9dca15b  ??  artifacts/rust-tauri/R03/T08-E01/verify-stage-r02-regression/A09_A10/key-events-dump.json
b9e9f91cf5623a433119ee36c9309ed5d56ed19a1d170992d8458ee2ab0b8582  ??  artifacts/rust-tauri/R03/T08-E01/verify-stage-r02-regression/A09_A10/matrix.json
2ff3fcce118b65b1ee5d2f4c0969d4530f5ab36e65b53f0ccf45245a05b1c80f  ??  artifacts/rust-tauri/R03/T08-E01/verify-stage-r02-regression/A09_A10/probe-matrix.jsonl
2246a33b86c92c08c7fc6f18ef7618c5afa8212167a402fa7f72bda6b3603450  ??  artifacts/rust-tauri/R03/T08-E01/verify-stage-r02-regression/A09_A10/service.err
f92efe38d877fc7cfb09e00f67847d975128b01878463e7145095f6725356f6e  ??  artifacts/rust-tauri/R03/T08-E01/verify-stage-r02-regression/A09_A10/service.out
3f5f6b9a518ef0b123fc2460d773a070b5f0b26e036a9ec752a9c10e159883f1  ??  artifacts/rust-tauri/R03/T08-E01/verify-stage-r02-regression/A09_A10/summary.txt
dd63f79ce1a39fdef735dbb9eb292c3f8a45db77c2513d3cc7379e5dbe13749e  ??  artifacts/rust-tauri/R03/T08-E01/verify-stage-r02-regression/A11/backup-restore/s1-backup-dir-listing.txt
4cce351f48ceab3cef93549202f5c0a487d4600ae52eb6eed522d746eace6ae1  ??  artifacts/rust-tauri/R03/T08-E01/verify-stage-r02-regression/A11/backup-restore/s1-backup-outcome.json
e3b0c44298fc1c149afbf4c8996fb92427ae41e4649b934ca495991b7852b855  ??  artifacts/rust-tauri/R03/T08-E01/verify-stage-r02-regression/A11/backup-restore/s1-backup.err
4f19251675db32f83ddbb87f04e86b2a0898a06ece66f8c3492d860490edc8ee  ??  artifacts/rust-tauri/R03/T08-E01/verify-stage-r02-regression/A11/backup-restore/s1-restore-outcome.json
e3b0c44298fc1c149afbf4c8996fb92427ae41e4649b934ca495991b7852b855  ??  artifacts/rust-tauri/R03/T08-E01/verify-stage-r02-regression/A11/backup-restore/s1-restore.err
43275af1614cf71e836cb5614815da68ff557c02e25dcffdb2e95c90e589e829  ??  artifacts/rust-tauri/R03/T08-E01/verify-stage-r02-regression/A11/backup-restore/s1-restored-dump.jsonl
5bd4b6ae52ac86827b7ecd039f97336d408bbfe95740ba39bbeef7643ce838bf  ??  artifacts/rust-tauri/R03/T08-E01/verify-stage-r02-regression/A11/backup-restore/s1-restored-hash.txt
43275af1614cf71e836cb5614815da68ff557c02e25dcffdb2e95c90e589e829  ??  artifacts/rust-tauri/R03/T08-E01/verify-stage-r02-regression/A11/backup-restore/s1-source-dump.jsonl
7f31c0971b3d31778cf91eaab5aab6c3c9acfbb313ec8329b35064c266a6d2de  ??  artifacts/rust-tauri/R03/T08-E01/verify-stage-r02-regression/A11/backup-restore/s1-source-hash.txt
951e1f2cedf4a978898a4f9e620777561b8381ece9faf4223f8594a201f47f74  ??  artifacts/rust-tauri/R03/T08-E01/verify-stage-r02-regression/A11/backup-restore/s1-wal-size.txt
e3b0c44298fc1c149afbf4c8996fb92427ae41e4649b934ca495991b7852b855  ??  artifacts/rust-tauri/R03/T08-E01/verify-stage-r02-regression/A11/backup-restore/s3-backup-out.json
5214227e8ca3235a6d5b3737a2096cef936d90f42f9018c5d54e8227dce7a057  ??  artifacts/rust-tauri/R03/T08-E01/verify-stage-r02-regression/A11/backup-restore/s3-backup.err
9b33c4d50a9f7a0434980244454a85ce4288c7323241cf9ff22c50e6b8f8dd85  ??  artifacts/rust-tauri/R03/T08-E01/verify-stage-r02-regression/A11/backup-restore/s4-ws-probe.json
a4c3ed04a95a3da14a9d235c83d868bed7c0f45cf7f3faa751ee8f50598d2211  ??  artifacts/rust-tauri/R03/T08-E01/verify-stage-r02-regression/A11/backup-restore/s4-ws-probe.json.probe-done
5dc3f5d0b812eee50b93ccd064f33839b35eb870837a271b0b99baa7f45352f0  ??  artifacts/rust-tauri/R03/T08-E01/verify-stage-r02-regression/A11/backup-restore/service-s1.addr
69a40d5c36b82ebb3e05c9256793ca285fe3e72b465f463723b64ac7aa7628c9  ??  artifacts/rust-tauri/R03/T08-E01/verify-stage-r02-regression/A11/backup-restore/service-s1.err
330c2e27bf22f60f90e4d5141cf97696e64a5bb351ebc259832513c5cdb90377  ??  artifacts/rust-tauri/R03/T08-E01/verify-stage-r02-regression/A11/backup-restore/service-s1.out
3777443ad071b833cd82ee0847229a7e98102a736b585726591ff87c5ccf474c  ??  artifacts/rust-tauri/R03/T08-E01/verify-stage-r02-regression/A11/backup-restore/service-s2.addr
b3f4c6de9a011f0dcd654a88d3cc95f3983cdb6811eebeeecde9ebb8d80455ae  ??  artifacts/rust-tauri/R03/T08-E01/verify-stage-r02-regression/A11/backup-restore/service-s2.err
d487a5cb800b5f5fd39933768b377c81f9847074db352bfadbf26723c577f403  ??  artifacts/rust-tauri/R03/T08-E01/verify-stage-r02-regression/A11/backup-restore/service-s2.out
ec3eede6b64ca753460252427200f4740e9f43610fcb63b8fb819d09c2fc38ac  ??  artifacts/rust-tauri/R03/T08-E01/verify-stage-r02-regression/A11/backup-restore/service-s4.addr
db7004dd864c150b9100db86f310db786594f34eed774b2f3ab03554e8ce5160  ??  artifacts/rust-tauri/R03/T08-E01/verify-stage-r02-regression/A11/backup-restore/service-s4.err
7ab5724566d6bc1cf0dabfe398e83f8cdac35bf7bd8de4e9bcb68e38382bf33d  ??  artifacts/rust-tauri/R03/T08-E01/verify-stage-r02-regression/A11/backup-restore/service-s4.out
165824250149702f7b8ed2159b52962691089e4610f972d42af9ad972601fbe3  ??  artifacts/rust-tauri/R03/T08-E01/verify-stage-r02-regression/A11/backup-restore/service.pid
a2910b627586f230c5d67d75dfd77cdff52fae4097ba84484b6b52581a2bd855  ??  artifacts/rust-tauri/R03/T08-E01/verify-stage-r02-regression/A11/backup-restore/summary.txt
b9b700a4a4787c25ffdf290479b0afeb87471368c91304466a37ee763fb2ba6f  ??  artifacts/rust-tauri/R03/T08-E01/verify-stage-r02-regression/A12/recovery-drill/coexist-after.txt
b9b700a4a4787c25ffdf290479b0afeb87471368c91304466a37ee763fb2ba6f  ??  artifacts/rust-tauri/R03/T08-E01/verify-stage-r02-regression/A12/recovery-drill/coexist-before.txt
f17e270c87d5ad466672225d7fca94fa277994101b88981383ee2a3cdb27660e  ??  artifacts/rust-tauri/R03/T08-E01/verify-stage-r02-regression/A12/recovery-drill/own-created-homes.txt
4d7d02698760084334944883286d8a456a3da2fb342c587cade3720f0915a0cb  ??  artifacts/rust-tauri/R03/T08-E01/verify-stage-r02-regression/A12/recovery-drill/summary.txt
7b2f675d535131e9ee3b95eb996b520af42000b1efea572dc62eff72fd758a84  ??  artifacts/rust-tauri/R03/T08-E01/verify-stage-r02-regression/A12/recovery-drill/v1-hashes-after.txt
7b2f675d535131e9ee3b95eb996b520af42000b1efea572dc62eff72fd758a84  ??  artifacts/rust-tauri/R03/T08-E01/verify-stage-r02-regression/A12/recovery-drill/v1-hashes-before.txt
17e916f9fc799bb6143b3abeadd82e677720171060e6c0214eb9f2e3166a075f  ??  artifacts/rust-tauri/R03/T08-E01/verify-stage-r02-regression/A12/recovery-drill/v1.err
e3b0c44298fc1c149afbf4c8996fb92427ae41e4649b934ca495991b7852b855  ??  artifacts/rust-tauri/R03/T08-E01/verify-stage-r02-regression/A12/recovery-drill/v1.out
fcb269f1fc43e20619871bab0f6e464d30773313e55b17f725fc62249ab521be  ??  artifacts/rust-tauri/R03/T08-E01/verify-stage-r02-regression/A12/recovery-drill/v2-hashes-after.txt
fcb269f1fc43e20619871bab0f6e464d30773313e55b17f725fc62249ab521be  ??  artifacts/rust-tauri/R03/T08-E01/verify-stage-r02-regression/A12/recovery-drill/v2-hashes-before.txt
eb8033439296b490e06ddbdaaf267bb488085735c8c0e19d65257b41533ee674  ??  artifacts/rust-tauri/R03/T08-E01/verify-stage-r02-regression/A12/recovery-drill/v2.err
e3b0c44298fc1c149afbf4c8996fb92427ae41e4649b934ca495991b7852b855  ??  artifacts/rust-tauri/R03/T08-E01/verify-stage-r02-regression/A12/recovery-drill/v2.out
a33ffd69acb495d9a221778bb2317e4cef00e4d752d794b9c1267890666ec43d  ??  artifacts/rust-tauri/R03/T08-E01/verify-stage-r02-regression/A12/recovery-drill/v3-hashes-after.txt
a33ffd69acb495d9a221778bb2317e4cef00e4d752d794b9c1267890666ec43d  ??  artifacts/rust-tauri/R03/T08-E01/verify-stage-r02-regression/A12/recovery-drill/v3-hashes-before.txt
bbf97bfe0815cf51b9482303f345f9c6c169000bbf3ca70a5978c44333cd1a4a  ??  artifacts/rust-tauri/R03/T08-E01/verify-stage-r02-regression/A12/recovery-drill/v3.err
e3b0c44298fc1c149afbf4c8996fb92427ae41e4649b934ca495991b7852b855  ??  artifacts/rust-tauri/R03/T08-E01/verify-stage-r02-regression/A12/recovery-drill/v3.out
4324eb747771d04f3c40f29f9477a484e3cc6fa8578be00e0adceb0d409a3ddc  ??  artifacts/rust-tauri/R03/T08-E01/verify-stage-r02-regression/A12/recovery-drill/v4.err
3dba51a9fa228af29391190615dca83870473af6ea7e074a79ce70edd7cd43ab  ??  artifacts/rust-tauri/R03/T08-E01/verify-stage-r02-regression/A12/recovery-drill/v4.out
8037d10dbc44a955b34664d246169f0791247d327b42dfe45a541e74a5567d2b  ??  artifacts/rust-tauri/R03/T08-E01/verify-stage-r02-regression/A12/recovery-drill/v5-hashes-after.txt
8037d10dbc44a955b34664d246169f0791247d327b42dfe45a541e74a5567d2b  ??  artifacts/rust-tauri/R03/T08-E01/verify-stage-r02-regression/A12/recovery-drill/v5-hashes-before.txt
ae863b4f60b86bc91cce990c31b2334ab09ea39f83fc791c231de89fc8682086  ??  artifacts/rust-tauri/R03/T08-E01/verify-stage-r02-regression/A12/recovery-drill/v5.err
e3b0c44298fc1c149afbf4c8996fb92427ae41e4649b934ca495991b7852b855  ??  artifacts/rust-tauri/R03/T08-E01/verify-stage-r02-regression/A12/recovery-drill/v5.out
cba3f0d7e7b01e8253d00395717304c493a12a922606cbb9c65148d65ea7f2b5  ??  artifacts/rust-tauri/R03/T08-E01/verify-stage-r02-regression/A12/recovery-drill/v6-recovered-dump.jsonl
27badc983df1780b60c2b3fa9d3a19a00e46aac798451f0febdca52920faaddf  ??  artifacts/rust-tauri/R03/T08-E01/verify-stage-r02-regression/A12/recovery-drill/v6-seed-execute.txt
a6a185e4433c1e17606b25cbab5a791028e995a3e9028867172506b9cf724c59  ??  artifacts/rust-tauri/R03/T08-E01/verify-stage-r02-regression/A12/recovery-drill/v6-seed.err
0aa06b5dbb3643310ea08f008d952badc93b96d1cbd9a648b75c56f3bd99b4e6  ??  artifacts/rust-tauri/R03/T08-E01/verify-stage-r02-regression/A12/recovery-drill/v6-seed.out
d51b2f82b14dcf6c448b7ab342d1f219b75369ff72459bbc19a4267738af10bc  ??  artifacts/rust-tauri/R03/T08-E01/verify-stage-r02-regression/A12/recovery-drill/v6.err
0b7cd49066aa7e7a7600f2f157b5838194926ac539579a7b6b412040509a1bf6  ??  artifacts/rust-tauri/R03/T08-E01/verify-stage-r02-regression/A12/recovery-drill/v6.out
3aed505c64ea9395c1961ad101f166f9eb792cc655730b8489a413574141252d  ??  artifacts/rust-tauri/R03/T08-E01/verify-stage-r02-regression/A12/recovery-drill/v7-hashes-after.txt
3aed505c64ea9395c1961ad101f166f9eb792cc655730b8489a413574141252d  ??  artifacts/rust-tauri/R03/T08-E01/verify-stage-r02-regression/A12/recovery-drill/v7-hashes-before.txt
a65f2658ffc34ecb798bf2fec96b7d267547ba03525588d57139f70de3698061  ??  artifacts/rust-tauri/R03/T08-E01/verify-stage-r02-regression/A12/recovery-drill/v7-seed.err
b8d6722f1886281d6cacfccdc8170ea280a2e75baf6e8ffacf868c73e40d9df6  ??  artifacts/rust-tauri/R03/T08-E01/verify-stage-r02-regression/A12/recovery-drill/v7-seed.out
d97561839ef448f8df3ec66a2b9a75450b7c2665d02fff1fc1ec8aa3a1876f69  ??  artifacts/rust-tauri/R03/T08-E01/verify-stage-r02-regression/A12/recovery-drill/v7.err
e3b0c44298fc1c149afbf4c8996fb92427ae41e4649b934ca495991b7852b855  ??  artifacts/rust-tauri/R03/T08-E01/verify-stage-r02-regression/A12/recovery-drill/v7.out
e56329d4abfb757559ec14f51ea9f2ffa22b4f54eda8546f18ecb8ec8d4cfeda  ??  artifacts/rust-tauri/R03/T08-E01/verify-stage-r02-regression/A12/recovery-drill/v8-observed.err
cf5cc697335fafab2b1aebf87d28305de894968c846df169d3a642cbe0f2aaf1  ??  artifacts/rust-tauri/R03/T08-E01/verify-stage-r02-regression/A12/recovery-drill/v8-seed.err
936bf000f1b24a0b8f4c6921d30aed9c61e80eb934cf665a931f2500f2a2c0c2  ??  artifacts/rust-tauri/R03/T08-E01/verify-stage-r02-regression/A12/recovery-drill/v8-seed.out
e56329d4abfb757559ec14f51ea9f2ffa22b4f54eda8546f18ecb8ec8d4cfeda  ??  artifacts/rust-tauri/R03/T08-E01/verify-stage-r02-regression/A12/recovery-drill/v8.err
48bb6234e31034a856b73722c8faacea9fd4e8cfce1997b5bdf29f5401926274  ??  artifacts/rust-tauri/R03/T08-E01/verify-stage-r02-regression/A12/recovery-drill/v8.out
ec9fc90d01af1e2bb151788dd8cbf7026ba548d805d73f6b73766db7f0168476  ??  artifacts/rust-tauri/R03/T08-E01/verify-stage-r02-regression/A13/redaction-scan/inventory.txt
199cfa4b888ea1ac7df7c0cca8a7124bc80b9bd4bd0d4838b50eb4f17ab47647  ??  artifacts/rust-tauri/R03/T08-E01/verify-stage-r02-regression/A13/redaction-scan/p1-execute-ok.body
d2f0ba74b60bf36d0bca38ee9c0cd929536dda4d3dc982e19b9ad5ca0c08066b  ??  artifacts/rust-tauri/R03/T08-E01/verify-stage-r02-regression/A13/redaction-scan/p1-execute-ok.headers
4e38ffcd373cb9faac3bd1881d675776a089520fc94d443b306bced20e040e27  ??  artifacts/rust-tauri/R03/T08-E01/verify-stage-r02-regression/A13/redaction-scan/p1-execute-request.json
9f1d7c5d7c22bdeb40d34ab500ca1e6a96c2e098ee38cdd41e5a888b87a3d384  ??  artifacts/rust-tauri/R03/T08-E01/verify-stage-r02-regression/A13/redaction-scan/p1-issue-credential.body
1f603bc53709913a7ec4e4ef798f6fa702243cc8846c6f27568242926b0dfae0  ??  artifacts/rust-tauri/R03/T08-E01/verify-stage-r02-regression/A13/redaction-scan/p1-issue-credential.headers
e4f7d15ff214194f7c5c24e9a2d1c020776147eba88dd3ecea2e456a7c234da3  ??  artifacts/rust-tauri/R03/T08-E01/verify-stage-r02-regression/A13/redaction-scan/p1-issue-request.json
7df7dc76e5d86b7e680430bb25a9a2b986eb031018b217ce5b586efc13ad4d1e  ??  artifacts/rust-tauri/R03/T08-E01/verify-stage-r02-regression/A13/redaction-scan/p1-me-ok.body
2490642d4d105a332827710429711a0f0ba03f7e854159c257114819ed84a790  ??  artifacts/rust-tauri/R03/T08-E01/verify-stage-r02-regression/A13/redaction-scan/p1-me-ok.headers
44136fa355b3678a1146ad16f7e8649e94fb4fc21fe77e8310c060f61caaff8a  ??  artifacts/rust-tauri/R03/T08-E01/verify-stage-r02-regression/A13/redaction-scan/p1-ticket-request.json
e8d6d1a3477b3574c54aefbc07f2f6fc7969a3a9747bbe81357ec7c7689d586c  ??  artifacts/rust-tauri/R03/T08-E01/verify-stage-r02-regression/A13/redaction-scan/p1-ticket.body
462130fc745d94225edd63843da6e928606809bd4fe9a210df7ea3ebc59db03a  ??  artifacts/rust-tauri/R03/T08-E01/verify-stage-r02-regression/A13/redaction-scan/p1-ticket.headers
f4267f802853af406d50a3026042b56e751ae9ce77d17814fb94c746c79ef70c  ??  artifacts/rust-tauri/R03/T08-E01/verify-stage-r02-regression/A13/redaction-scan/p2-me-bad-bearer.body
be0cf7067b4e8b384c5dc795f41fa6a6a33e890f656d5c79df2c4de9d52a8ac0  ??  artifacts/rust-tauri/R03/T08-E01/verify-stage-r02-regression/A13/redaction-scan/p2-me-bad-bearer.headers
8716c6e608f8fa634a494b3bb6636933ff7ab5e5dc9cf89f6b6582f68e99b4d7  ??  artifacts/rust-tauri/R03/T08-E01/verify-stage-r02-regression/A13/redaction-scan/p2-me-no-auth.body
be0cf7067b4e8b384c5dc795f41fa6a6a33e890f656d5c79df2c4de9d52a8ac0  ??  artifacts/rust-tauri/R03/T08-E01/verify-stage-r02-regression/A13/redaction-scan/p2-me-no-auth.headers
ad9fcaf82285c1cd6a3c2f00c255e921147aa2340227bc4d936fa79f1253f8c2  ??  artifacts/rust-tauri/R03/T08-E01/verify-stage-r02-regression/A13/redaction-scan/p2-session-cross.body
7bca31c46394867bf69adf1f5cb209f5259137e280b3e57ac3b76f3801c106e0  ??  artifacts/rust-tauri/R03/T08-E01/verify-stage-r02-regression/A13/redaction-scan/p2-session-cross.headers
c37fb5774e065d43685a8a8f5a8f370cf44b05bca61fcf5683f2f53834e5d962  ??  artifacts/rust-tauri/R03/T08-E01/verify-stage-r02-regression/A13/redaction-scan/p2-session-missing.body
0808dd5fa2bc981911abb559a93473d90c1aeaf1e0e30447ee50f1aa9b59c9dd  ??  artifacts/rust-tauri/R03/T08-E01/verify-stage-r02-regression/A13/redaction-scan/p2-session-missing.headers
128cd2d598b2a74472c0e3d83041ae07d44208bf9a2c4e9b6fded35381bb5410  ??  artifacts/rust-tauri/R03/T08-E01/verify-stage-r02-regression/A13/redaction-scan/p2-ws-bad-query.body
be0cf7067b4e8b384c5dc795f41fa6a6a33e890f656d5c79df2c4de9d52a8ac0  ??  artifacts/rust-tauri/R03/T08-E01/verify-stage-r02-regression/A13/redaction-scan/p2-ws-bad-query.headers
bc5c798c8846facd87a34da03c3888687355cd3b64ccd008907c9fea00a535ae  ??  artifacts/rust-tauri/R03/T08-E01/verify-stage-r02-regression/A13/redaction-scan/p2-ws-transcript.txt
ce3dc2a3a6ad0738b9fcd7be4e17572edb1f3a8f094e46bd437c4c39286508e7  ??  artifacts/rust-tauri/R03/T08-E01/verify-stage-r02-regression/A13/redaction-scan/p3-burst-1.body
39530b8c630d9c01b354d6267705e4aee53486b2777b953d6f1c9bb1cb18aca4  ??  artifacts/rust-tauri/R03/T08-E01/verify-stage-r02-regression/A13/redaction-scan/p3-burst-2.body
7fee9cdeebba5e3ddfd7310130c375307ab0bc31898a2befd851e324c052c4a8  ??  artifacts/rust-tauri/R03/T08-E01/verify-stage-r02-regression/A13/redaction-scan/p3-burst-3.body
b207d2e698dad91c1f24ac90cfa2196b0573b758410aa275527122e88566b454  ??  artifacts/rust-tauri/R03/T08-E01/verify-stage-r02-regression/A13/redaction-scan/p3-burst-4.body
f3617504d3b9cca045486b550852a2dad0136a5affbd19bb055b8a3db228bd39  ??  artifacts/rust-tauri/R03/T08-E01/verify-stage-r02-regression/A13/redaction-scan/p3-burst-5.body
94a361db021fd611ada27fc2eb10870db0e505a4f4a3b6bd1bed002cc91a1cc4  ??  artifacts/rust-tauri/R03/T08-E01/verify-stage-r02-regression/A13/redaction-scan/p3-burst-6.body
d4af477d9a01bd3c353ad49426a5ac66b45124dd5d0f40e64c9c86969fda3da9  ??  artifacts/rust-tauri/R03/T08-E01/verify-stage-r02-regression/A13/redaction-scan/p3-burst-7.body
f3646523734fe0bef9ae907615936ce2ad967c8e94b86bf76a39909b312279d3  ??  artifacts/rust-tauri/R03/T08-E01/verify-stage-r02-regression/A13/redaction-scan/p3-burst-8.body
e89d50f95150fa2e9458cb0c5d045ab66124116f16d839c55b21a703190fe91d  ??  artifacts/rust-tauri/R03/T08-E01/verify-stage-r02-regression/A13/redaction-scan/p3-execute-request.json
a639071b1b2e349677e892de60e030beabc67a02d784ec62f53e8913e12573e9  ??  artifacts/rust-tauri/R03/T08-E01/verify-stage-r02-regression/A13/redaction-scan/p3-status-codes.txt
335bd610f1185730224cbac4e9da0df8678a17e3e6b6e6153e30adf5aa0ea69c  ??  artifacts/rust-tauri/R03/T08-E01/verify-stage-r02-regression/A13/redaction-scan/service-logs/retention-manifest.txt
a845e8cc6847ba1b09a0bda145c412f629034e8785c2ad51142789586c47b402  ??  artifacts/rust-tauri/R03/T08-E01/verify-stage-r02-regression/A13/redaction-scan/service-p1.addr
2cb04b9c0bd424ec2ef62b55196bb8aa59951621dfec2f47352a5d8711d5a5ec  ??  artifacts/rust-tauri/R03/T08-E01/verify-stage-r02-regression/A13/redaction-scan/service-p1.err
1aabceae4610f5ab716a85b95e6ac80a4adf00111fab0b3fdc7f4175c787d0cf  ??  artifacts/rust-tauri/R03/T08-E01/verify-stage-r02-regression/A13/redaction-scan/service-p1.out
6813e828b69084173e558f90d9af71bdcda021a72c4af968307009e49cdaf327  ??  artifacts/rust-tauri/R03/T08-E01/verify-stage-r02-regression/A13/redaction-scan/service-p3.addr
32524cd18c9a21ffe1a72ac9e41ce5ba1bbe575e8d87150dad020ffced8e4079  ??  artifacts/rust-tauri/R03/T08-E01/verify-stage-r02-regression/A13/redaction-scan/service-p3.err
b7cacd369e18972af86d2648bb76f8e2fc8bd9477a5695a7786edb3cfcbac7e7  ??  artifacts/rust-tauri/R03/T08-E01/verify-stage-r02-regression/A13/redaction-scan/service-p3.out
ee2b63007bd25bdc5db25075a8ed10c2fb67fc82ec0b263a2c68722f2cc7e4f0  ??  artifacts/rust-tauri/R03/T08-E01/verify-stage-r02-regression/A13/redaction-scan/service-p4.err
e3b0c44298fc1c149afbf4c8996fb92427ae41e4649b934ca495991b7852b855  ??  artifacts/rust-tauri/R03/T08-E01/verify-stage-r02-regression/A13/redaction-scan/service-p4.out
86718775f1ffb4195408d5d4e4ef3ff4131d26d1298f7a16284a62438f2b09e3  ??  artifacts/rust-tauri/R03/T08-E01/verify-stage-r02-regression/A13/redaction-scan/summary.txt
ea2cae1a950c86b83649dd043e30fb30a5136fae6550fa6c77edf56dca683a2d  ??  artifacts/rust-tauri/R03/T08-E01/verify-stage-r02-regression/A14/slow-subscriber/service.err
dbc89fb0b01816b7de4cfe77028817011322bbf3cb78bc56edfe6b2a7f861fd2  ??  artifacts/rust-tauri/R03/T08-E01/verify-stage-r02-regression/A14/slow-subscriber/service.out
c5814873b93c912d1abc97acb2d50a17bc83113effde4f01ce9fecb85bb4dc22  ??  artifacts/rust-tauri/R03/T08-E01/verify-stage-r02-regression/A14/slow-subscriber/summary.txt
ca49818256209afca6927ed08f98cffd00087dbae1cfd2c613dc6a8569ea43d7  ??  artifacts/rust-tauri/R03/T08-E01/verify-stage-r02-regression/A15/full-chain/pre-restart-head.json
e3b0c44298fc1c149afbf4c8996fb92427ae41e4649b934ca495991b7852b855  ??  artifacts/rust-tauri/R03/T08-E01/verify-stage-r02-regression/A15/full-chain/probe1.err
5ddbbe033ead78c45fa056b36383fb9e3d995bb26d583c1e91541044a040cff8  ??  artifacts/rust-tauri/R03/T08-E01/verify-stage-r02-regression/A15/full-chain/probe1.pass-lines
e3b0c44298fc1c149afbf4c8996fb92427ae41e4649b934ca495991b7852b855  ??  artifacts/rust-tauri/R03/T08-E01/verify-stage-r02-regression/A15/full-chain/probe2.err
28a411dc95be7e6596d2954fdbecf8eb034d9f8dc1248ab1d111c07c1c218b89  ??  artifacts/rust-tauri/R03/T08-E01/verify-stage-r02-regression/A15/full-chain/probe2.pass-lines
36826dfdd8d8593896c5ecd338574d0ef5968ad413e7cb8390b335e5b5b6837e  ??  artifacts/rust-tauri/R03/T08-E01/verify-stage-r02-regression/A15/full-chain/service1.err
e56629d14257e64c052c9f67169ddb57d293dda6e812288f3985e578e31512a9  ??  artifacts/rust-tauri/R03/T08-E01/verify-stage-r02-regression/A15/full-chain/service1.out
6363f48ecaa6dae3aec5dbecd948eb85d0250d424b8687ce08801af5f2c707a9  ??  artifacts/rust-tauri/R03/T08-E01/verify-stage-r02-regression/A15/full-chain/service2.err
996d4b78c1c0d64af7cb1d872b15b741d11c2559ba126fbb549e384456185654  ??  artifacts/rust-tauri/R03/T08-E01/verify-stage-r02-regression/A15/full-chain/service2.out
d3296bd6b3d868f0937ad51a06a489548903b5b7488a6b0f18f3c57fa06b6bf9  ??  artifacts/rust-tauri/R03/T08-E01/verify-stage-r02-regression/A15/full-chain/summary.txt
523ab963a6589a5728516dedfd166d3bb33ca94dad0fc96ba72028e6cc17b218  ??  artifacts/rust-tauri/R03/T08-E01/verify-stage-r02-regression/A16/legacy-entry/e0-base-purity.txt
6cbce51d8772ddaf667a0363847a5433d387d18106edd148a132b64688ccd99b  ??  artifacts/rust-tauri/R03/T08-E01/verify-stage-r02-regression/A16/legacy-entry/e0-candidate-binding.tsv
7deab269990f9b432c2517735036fa64794f01078c06011d8b0319b003745ede  ??  artifacts/rust-tauri/R03/T08-E01/verify-stage-r02-regression/A16/legacy-entry/e0-candidate-dirty.diff
bd1be2ee4a10dabe0dc1081f579781726727f33fa7c4f062de97b319364baa35  ??  artifacts/rust-tauri/R03/T08-E01/verify-stage-r02-regression/A16/legacy-entry/e0-candidate-dirty.txt
dafecdaa505ce47155b8f0b1a6b9d326f65e6e84a229add0428c0fb851a0e505  ??  artifacts/rust-tauri/R03/T08-E01/verify-stage-r02-regression/A16/legacy-entry/e1-binding-surface-intersect.txt
e478b5019f8dc054385b670fc46863aacb8ae7bb2c6af54b195ae23a7474e9a3  ??  artifacts/rust-tauri/R03/T08-E01/verify-stage-r02-regression/A16/legacy-entry/e1-default-entry-assertions.txt
c290e5efd31bc081acd023ea447b5df27ff4ba8703d5be4e3a02c9b69f0782f8  ??  artifacts/rust-tauri/R03/T08-E01/verify-stage-r02-regression/A16/legacy-entry/e1-surface-diff-files.txt
a6336e88a861d5d65bf8332c6e104672fbecde11272907b15e2847bc36cfc7b2  ??  artifacts/rust-tauri/R03/T08-E01/verify-stage-r02-regression/A16/legacy-entry/e5-allowed-reds.txt
e3b0c44298fc1c149afbf4c8996fb92427ae41e4649b934ca495991b7852b855  ??  artifacts/rust-tauri/R03/T08-E01/verify-stage-r02-regression/A16/legacy-entry/e5-base-blocks.txt
e3b0c44298fc1c149afbf4c8996fb92427ae41e4649b934ca495991b7852b855  ??  artifacts/rust-tauri/R03/T08-E01/verify-stage-r02-regression/A16/legacy-entry/e5-base-cause-classes.txt
e3b0c44298fc1c149afbf4c8996fb92427ae41e4649b934ca495991b7852b855  ??  artifacts/rust-tauri/R03/T08-E01/verify-stage-r02-regression/A16/legacy-entry/e5-base-causes.txt
e3b0c44298fc1c149afbf4c8996fb92427ae41e4649b934ca495991b7852b855  ??  artifacts/rust-tauri/R03/T08-E01/verify-stage-r02-regression/A16/legacy-entry/e5-base-failed-files.txt
67749fc3fa359c2ae0f4b7ee1918ea2c03b0dff7946ecaae0b3dce5d04bde997  ??  artifacts/rust-tauri/R03/T08-E01/verify-stage-r02-regression/A16/legacy-entry/e5-base-summary-counts.txt
60623195453f7adba7f60566377fcb1fdda50f44622c4149550a3b4023d7e0ff  ??  artifacts/rust-tauri/R03/T08-E01/verify-stage-r02-regression/A16/legacy-entry/e5-candidate-blocks.txt
c23b963a9bdb747027827dbd4656f441901b5d21cd34bfcd69bacf7703fa8cd8  ??  artifacts/rust-tauri/R03/T08-E01/verify-stage-r02-regression/A16/legacy-entry/e5-candidate-cause-classes.txt
ea2b826bf489757713685476b88d19708b1ebef9bc1783b6c57a83388326686e  ??  artifacts/rust-tauri/R03/T08-E01/verify-stage-r02-regression/A16/legacy-entry/e5-candidate-causes.txt
a6336e88a861d5d65bf8332c6e104672fbecde11272907b15e2847bc36cfc7b2  ??  artifacts/rust-tauri/R03/T08-E01/verify-stage-r02-regression/A16/legacy-entry/e5-candidate-failed-files.txt
1e19d70bf42c53c2cb113717c45dd8f4ab52c9590f414525461a01f922e62b67  ??  artifacts/rust-tauri/R03/T08-E01/verify-stage-r02-regression/A16/legacy-entry/e5-candidate-summary-counts.txt
f0289aaf3c4e4c687e25134df576fd06a36a89fa914dd7929a7acd358973dc3d  ??  artifacts/rust-tauri/R03/T08-E01/verify-stage-r02-regression/A16/legacy-entry/e5-candidate-vitest-summary.txt
65a8e4d55d1d7b3d0f11e06928569acf896fdaa4c01cf07c3eb17427b16c603a  ??  artifacts/rust-tauri/R03/T08-E01/verify-stage-r02-regression/A16/legacy-entry/e5-cause-classes.txt
a6336e88a861d5d65bf8332c6e104672fbecde11272907b15e2847bc36cfc7b2  ??  artifacts/rust-tauri/R03/T08-E01/verify-stage-r02-regression/A16/legacy-entry/e5-new-since-base.txt
a6336e88a861d5d65bf8332c6e104672fbecde11272907b15e2847bc36cfc7b2  ??  artifacts/rust-tauri/R03/T08-E01/verify-stage-r02-regression/A16/legacy-entry/e5-registered-preexisting-family.txt
a6336e88a861d5d65bf8332c6e104672fbecde11272907b15e2847bc36cfc7b2  ??  artifacts/rust-tauri/R03/T08-E01/verify-stage-r02-regression/A16/legacy-entry/e5-seal-family.txt
a90cc555685569de054d89a10558c6d388cbfa2091b292efb13ec1d93b32af11  ??  artifacts/rust-tauri/R03/T08-E01/verify-stage-r02-regression/A16/legacy-entry/summary.txt
4f53cda18c2baa0c0354bb5f9a3ecbe5ed12ab4d8e11ba873c2f11161202b945  ??  artifacts/rust-tauri/R03/T08-E01/verify-stage-r02-regression/CLIENT/cli-help-exit0-no-start/home-after.json
4f53cda18c2baa0c0354bb5f9a3ecbe5ed12ab4d8e11ba873c2f11161202b945  ??  artifacts/rust-tauri/R03/T08-E01/verify-stage-r02-regression/CLIENT/cli-help-exit0-no-start/home-before.json
4f53cda18c2baa0c0354bb5f9a3ecbe5ed12ab4d8e11ba873c2f11161202b945  ??  artifacts/rust-tauri/R03/T08-E01/verify-stage-r02-regression/CLIENT/cli-serve-unknown-arg-exit1-no-start/home-after.json
4f53cda18c2baa0c0354bb5f9a3ecbe5ed12ab4d8e11ba873c2f11161202b945  ??  artifacts/rust-tauri/R03/T08-E01/verify-stage-r02-regression/CLIENT/cli-serve-unknown-arg-exit1-no-start/home-before.json
4f53cda18c2baa0c0354bb5f9a3ecbe5ed12ab4d8e11ba873c2f11161202b945  ??  artifacts/rust-tauri/R03/T08-E01/verify-stage-r02-regression/CLIENT/cli-unknown-arg-exit1-no-start/home-after.json
4f53cda18c2baa0c0354bb5f9a3ecbe5ed12ab4d8e11ba873c2f11161202b945  ??  artifacts/rust-tauri/R03/T08-E01/verify-stage-r02-regression/CLIENT/cli-unknown-arg-exit1-no-start/home-before.json
cd0e3af5013ad83ed0c614432d9a2cbdfc075cdde0320915e170675c121aaa53  ??  artifacts/rust-tauri/R03/T08-E01/verify-stage-r02-regression/CLIENT/leaf-cases.json
9a51d9093a8a95218544870c9d1d955e86f0ff5d88432763a3a1e7b54339fce2  ??  artifacts/rust-tauri/R03/T08-E01/verify-stage-r02-regression/CLIENT/sharing-cases.json
4b28459b9e9d5318d29e6ebc69fe7605bfec0475d1e542c5a519cdbc457f9599  ??  artifacts/rust-tauri/R03/T08-E01/verify-stage-r02-regression/CLIENT/summary.json
eb0bdbbbb0566fad03df7008e75c4aa7814ec1081a24005a509def1b235c71e9  ??  artifacts/rust-tauri/R03/T08-E01/verify-stage-r02-regression/CLI_RUST/cli-rust-cases.json
c2d0a17586dbed6ef76420f50906a1df3c36434f6696b24db2c9efbbb8ba8da2  ??  artifacts/rust-tauri/R03/T08-E01/verify-stage-r02-regression/CLI_RUST/home-main/data-epoch.json
a321f5bdf6ba238b7f7cd88d3a218fad9696b51420509ed8cdf9cb2c954f19ef  ??  artifacts/rust-tauri/R03/T08-E01/verify-stage-r02-regression/CLI_RUST/home-main/lingxi-service/data/runs.db-shm
e3b0c44298fc1c149afbf4c8996fb92427ae41e4649b934ca495991b7852b855  ??  artifacts/rust-tauri/R03/T08-E01/verify-stage-r02-regression/CLI_RUST/home-main/lingxi-service/data/runs.db-wal
9bc2ab759f8d9c4fd28b76720e26f77598ab2d747b6b2150adbb1ed022dcbaa1  ??  artifacts/rust-tauri/R03/T08-E01/verify-stage-r02-regression/CLI_RUST/home-main/lingxi-service/device-credentials.json
1faa810078b2795e9422457ec4708d79173906f3f752216246982a984ebcea31  ??  artifacts/rust-tauri/R03/T08-E01/verify-stage-r02-regression/CLI_RUST/home-main/lingxi-service/devices.json
e3b0c44298fc1c149afbf4c8996fb92427ae41e4649b934ca495991b7852b855  ??  artifacts/rust-tauri/R03/T08-E01/verify-stage-r02-regression/CLI_RUST/home-main/lingxi-service/instance.lock
a8f26b52ea13e20d94bb6c1100152baf44507189d362917f37879d69661afa70  ??  artifacts/rust-tauri/R03/T08-E01/verify-stage-r02-regression/CLI_RUST/home-main/lingxi-service/local-token.json
586ebeb0add813a83eab304ce99446fcffbf2dd88193c9d9b7a342bd65d70c31  ??  artifacts/rust-tauri/R03/T08-E01/verify-stage-r02-regression/CLI_RUST/home-main/lingxi-service/management.json
fef1da12458d4f58e5ac150ea8cf9628d7234180c32d4ceed0b3b71d4e83f05e  ??  artifacts/rust-tauri/R03/T08-E01/verify-stage-r02-regression/CLI_RUST/home-newer/data-epoch.json
e3b0c44298fc1c149afbf4c8996fb92427ae41e4649b934ca495991b7852b855  ??  artifacts/rust-tauri/R03/T08-E01/verify-stage-r02-regression/CLI_RUST/home-newer/lingxi-service/instance.lock
655fa99a5156e03d194eedbb14b5beb839aaa9a95a9a4349a91bd384082aa37d  ??  artifacts/rust-tauri/R03/T08-E01/verify-stage-r02-regression/CLI_RUST/sessions-empty-api.json
d7044def7055a05c889556c984e88e5919f131f8e61d2222b90d24e66845d72c  ??  artifacts/rust-tauri/R03/T08-E01/verify-stage-r02-regression/CLI_RUST/sessions-fixture-ledger.json
4d3ccf725a93266a04f78eeff964c2a1e2200807575e1c27b7ab31b4b2904309  ??  artifacts/rust-tauri/R03/T08-E01/verify-stage-r02-regression/CLI_RUST/sessions-limit-api.json
a41dd6c3f98f00818211ec781982712f3f22f370d545b213e536e0b10a7dab28  ??  artifacts/rust-tauri/R03/T08-E01/verify-stage-r02-regression/CLI_RUST/sessions-owner-api.json
9b83ba47bfa919a6ff763c389c3918c9b1484aecb77f8d9aa5a25af9918e826a  ??  artifacts/rust-tauri/R03/T08-E01/verify-stage-r02-regression/CLI_SESSIONS/auth/.last-body
1319bbe558a1a9043433da92529bc8c24d2b6fbcabc962836a938e946e273399  ??  artifacts/rust-tauri/R03/T08-E01/verify-stage-r02-regression/CLI_SESSIONS/auth/body-limit.txt
c0c19dff508a998f0c6e1fbf2643c2d78647cd6495bc53c57d2566877a3abc0b  ??  artifacts/rust-tauri/R03/T08-E01/verify-stage-r02-regression/CLI_SESSIONS/auth/cli-sessions-limit-case.json
949b47d69c70639416c67b4ab76ac522e42c9a28b21b52f7fe773260e15402ac  ??  artifacts/rust-tauri/R03/T08-E01/verify-stage-r02-regression/CLI_SESSIONS/auth/creds-after-authz.json
e485c822d1f504303ef4056347e7a80d88d26041c5f47cbd01afeec8fe189502  ??  artifacts/rust-tauri/R03/T08-E01/verify-stage-r02-regression/CLI_SESSIONS/auth/creds-before-authz.json
8cb5cea63479ba30d4e9dd59675de49e5a9907d5b2786758a4ead79aef5caa8c  ??  artifacts/rust-tauri/R03/T08-E01/verify-stage-r02-regression/CLI_SESSIONS/auth/devices-after-authz.json
2f1df118ec50f926f2cb46bd6f4043aeef2377b8cbd3f009a99d0bcf793e464e  ??  artifacts/rust-tauri/R03/T08-E01/verify-stage-r02-regression/CLI_SESSIONS/auth/devices-before-authz.json
b84efdd96bc7eafbc139342cad540f1ead0df4700a611020be382d9fd52bde63  ??  artifacts/rust-tauri/R03/T08-E01/verify-stage-r02-regression/CLI_SESSIONS/auth/leaf-cases.json
ecc53a0906e4e0a4a789ce8c4f95827e0212e8fd2ec76c09e588247a2f7c3808  ??  artifacts/rust-tauri/R03/T08-E01/verify-stage-r02-regression/CLI_SESSIONS/auth/leaf-cases.ndjson
c483f2713946cf4cc2e33b9a9697c892e988257243367c793e127504bdcbf03c  ??  artifacts/rust-tauri/R03/T08-E01/verify-stage-r02-regression/CLI_SESSIONS/auth/me-denied-after.sha256
c483f2713946cf4cc2e33b9a9697c892e988257243367c793e127504bdcbf03c  ??  artifacts/rust-tauri/R03/T08-E01/verify-stage-r02-regression/CLI_SESSIONS/auth/me-denied-before.sha256
9901fa4939e8c0683cc392787126273c429530490fdebe18e68d1ad0c6fc2459  ??  artifacts/rust-tauri/R03/T08-E01/verify-stage-r02-regression/CLI_SESSIONS/auth/sessions-list-matrix.json
1b1381c7fafe7abbf870a5177f72612da0675345959486e6be4a909cada7c862  ??  artifacts/rust-tauri/R03/T08-E01/verify-stage-r02-regression/CLI_SESSIONS/auth/state-after-authn.txt
3a9295401820db1c6f32ef2d16f4c56d87b8518f208879fd6e3b691bfa77038a  ??  artifacts/rust-tauri/R03/T08-E01/verify-stage-r02-regression/CLI_SESSIONS/auth/state-after.txt
1b1381c7fafe7abbf870a5177f72612da0675345959486e6be4a909cada7c862  ??  artifacts/rust-tauri/R03/T08-E01/verify-stage-r02-regression/CLI_SESSIONS/auth/state-before-authz.txt
1b1381c7fafe7abbf870a5177f72612da0675345959486e6be4a909cada7c862  ??  artifacts/rust-tauri/R03/T08-E01/verify-stage-r02-regression/CLI_SESSIONS/auth/state-before.txt
95772893e7b6c2f032e378b51621f300acbf0aa327728f48c9fb644a4faf7eaf  ??  artifacts/rust-tauri/R03/T08-E01/verify-stage-r02-regression/CLI_SESSIONS/auth/summary.txt
477e9428c2658490589c0b3979616060021f012e4b5848e3bb9fb8d9f551fd39  ??  artifacts/rust-tauri/R03/T08-E01/verify-stage-r02-regression/CLI_SESSIONS/auth/ws-matrix.json
6358fa3cfd2dcdb9e36af0188381c9c4df2e386219459c834d18bfdb33e664c0  ??  artifacts/rust-tauri/R03/T08-E01/verify-stage-r02-regression/CLI_SESSIONS/cli-sessions-cases.json
fbfe34b9360624bc89ba5cab673677c3bc69f06303d0a26444947cbc55985276  ??  artifacts/rust-tauri/R03/T08-E01/verify-stage-r02-regression/CLI_SESSIONS/summary.json
fa5bfdb76b92386b5f0db9fbea9f1957ffe67f560868b0b34c1c1aa99d224fa2  ??  artifacts/rust-tauri/R03/T08-E01/verify-stage-r02-regression/MANAGEMENT/management-cases.json
3938c95b7baa687c90f246a78430bd7ca5c18e57edaa1e928e74f64edd3ee9bb  ??  artifacts/rust-tauri/R03/T08-E01/verify-stage-r02-regression/MANAGEMENT/security-audit-sources.json
4e1f7fffd939f48d8656581feedd4405fd44cd6e91b9fcdbe755adf913739cb7  ??  artifacts/rust-tauri/R03/T08-E01/verify-stage-r02-regression/MANAGEMENT/security-audit.jsonl
9d74c6a1515dc0f6d65ba583d2a26d188d1b27f1089b283e1d6260224bd2ee2c  ??  artifacts/rust-tauri/R03/T08-E01/verify-stage-r02-regression/MANAGEMENT/summary.json
c71ea5f7520ea670f1c6b38bedab8ba3d31e8c57b9481b5508f0b2e33992bac9  ??  artifacts/rust-tauri/R03/T08-E01/verify-stage-r02-regression/MANAGEMENT/tls-web-login-cases.json
0eaa1790e586a1136b75cae456b4bedc44b552273cea2a7327275807fa708c13  ??  artifacts/rust-tauri/R03/T08-E01/verify-stage-r02-regression/MANAGEMENT/web-login-cases.json
1c7affd88fbf974168567ad2bb7e59112ada629817bdf95bd681c594376fc0d5  ??  artifacts/rust-tauri/R03/T08-E01/verify-stage-r02-regression/STATIC_WEB/static-web-cases.json
ae561e385d04f774b50acb0b7b1b93ef1a8c54addaae0c5078c242b020d497d7  ??  artifacts/rust-tauri/R03/T08-E01/verify-stage-r02-regression/STATIC_WEB/summary.json
04f95c6cdd67801b06d5d09a7c857de6c0e59e3e52b11356655044da03636615  ??  artifacts/rust-tauri/R03/T08-E01/verify-stage-r02-regression/candidate-source-after.json
04f95c6cdd67801b06d5d09a7c857de6c0e59e3e52b11356655044da03636615  ??  artifacts/rust-tauri/R03/T08-E01/verify-stage-r02-regression/candidate-source-before.json
068d51b4d15d2d4031956cc8b8171f61367bb60a5b2946a83e1ea892a7557003  ??  artifacts/rust-tauri/R03/T08-E01/verify-stage-r02-regression/verify-stage-result.json
f5b0981175fe9bd307c7bb4e8dcb8490cfa58585d62d9c3e2f7eb03e4e875e54  ??  artifacts/rust-tauri/R03/T08-E01/verify-stage-r03-attempt1/A15/cases/background-run-completes-decoupled.json
fda5f46e011354371ff149d97818d48d3b78dca205e17e8a7b39dba1cb4013e6  ??  artifacts/rust-tauri/R03/T08-E01/verify-stage-r03-attempt1/A15/cases/background-survives-unrelated-cancel.json
92eebd1162583e5ed42a8e61a80b5c84e94753ed6562c35c930ebb65f6e23f01  ??  artifacts/rust-tauri/R03/T08-E01/verify-stage-r03-attempt1/A15/cases/cancel-live-run-accepted-terminal-cancelled.json
edc380e78d3b8f95b51f12c2bbfcb702760327da3f20bd6c9f456b5c7e0934de  ??  artifacts/rust-tauri/R03/T08-E01/verify-stage-r03-attempt1/A15/cases/cancel-terminal-run-already-terminal.json
e320e539d701e4f285fcff1a42629b28016fa5f103e77fccb5c1ddf921155742  ??  artifacts/rust-tauri/R03/T08-E01/verify-stage-r03-attempt1/A15/cases/cancel-unknown-run-not-found.json
a513a19cd5ca9bc857d2e01c9be7ec61e3e5677e7d1948db618b31fb7aba127a  ??  artifacts/rust-tauri/R03/T08-E01/verify-stage-r03-attempt1/A15/cases/cancel-waiting-approval-cancels-cleanly.json
602b436fbd1f0de778ca086853030197fe28a3fde1a5f694ebea64e4f8779c8a  ??  artifacts/rust-tauri/R03/T08-E01/verify-stage-r03-attempt1/A15/cases/combo-cancel-stream-terminal-cancelled.json
b24ff9cdbb08092492dd68815bdf3c4a6f38c8e2a42cd79c30abbfcacdfef745  ??  artifacts/rust-tauri/R03/T08-E01/verify-stage-r03-attempt1/A15/cases/combo-crash-recovery-honest-interrupted.json
d9e8dea9429b0f0c9fc86be7f31dcd96b4b227e1174dcdea6d1f00b177ec2987  ??  artifacts/rust-tauri/R03/T08-E01/verify-stage-r03-attempt1/A15/cases/combo-cross-session-both-complete.json
106bebd1aa293f120bb83f22b33de1e19ae817a4963587e2ee17be8731293349  ??  artifacts/rust-tauri/R03/T08-E01/verify-stage-r03-attempt1/A15/cases/combo-duplicate-conflict-rejected.json
eafb37ffcb4d76d45d58a64d80d9ef413064c1f979d64ba1cc2e609d147963fc  ??  artifacts/rust-tauri/R03/T08-E01/verify-stage-r03-attempt1/A15/cases/combo-duplicate-replay-no-second-run.json
346e6cb6ae16f125e4bbfdbf24d2bbcf63c92fa9642b2676fa06a78bfa1e8fdb  ??  artifacts/rust-tauri/R03/T08-E01/verify-stage-r03-attempt1/A15/cases/combo-events-subscriber-saw-terminal.json
97a0c8f8404d1c042f8f7efd240d5d5f5446103b21bcccf9c5c90461b6082043  ??  artifacts/rust-tauri/R03/T08-E01/verify-stage-r03-attempt1/A15/cases/combo-multi-tool-three-calls.json
aa936466e694a90f4087b7ae928f7c9b96ae1450073774fcb29d177dfa59c7b6  ??  artifacts/rust-tauri/R03/T08-E01/verify-stage-r03-attempt1/A15/cases/combo-multi-turn-one-terminal.json
f7bdd9e301d37d6a062e13225cfc84d7e96c1f88cd75d34e300ab00dd0fad0a0  ??  artifacts/rust-tauri/R03/T08-E01/verify-stage-r03-attempt1/A15/cases/combo-normal-run-completed.json
51d8bd26cb2f29bee74097b5ef9a36e3389a56a1c7127e86fa36d75a8106659e  ??  artifacts/rust-tauri/R03/T08-E01/verify-stage-r03-attempt1/A15/cases/combo-out-of-order-late-result-fenced.json
e18f1fcb5cc4af47da6184707fb88e0c0ed656f1fafffe8020a3001c9826c931  ??  artifacts/rust-tauri/R03/T08-E01/verify-stage-r03-attempt1/A15/cases/combo-timeout-budget-loud-failure.json
ccbc0f5c630f404851ca1c561fd5c73421ba9b217ceeff29973b263f05e30888  ??  artifacts/rust-tauri/R03/T08-E01/verify-stage-r03-attempt1/A15/cases/parent-cancel-stops-child-run.json
d72d7e1151ea38a4eeb9ad435aa66dc376039e41ff714f9f550e1f2c8934585a  ??  artifacts/rust-tauri/R03/T08-E01/verify-stage-r03-attempt1/A15/cases/reconnect-resume-no-model-restart.json
5d89ed42d309bfcfd13956b901f209eb432200e88c2ae1eea74d6eaffe625b2a  ??  artifacts/rust-tauri/R03/T08-E01/verify-stage-r03-attempt1/A15/cases/steer-busy-accepted.json
360ccd0c00f5114974f5f2967860d1c339a2e2baa808a2f5dca49f334fe0d386  ??  artifacts/rust-tauri/R03/T08-E01/verify-stage-r03-attempt1/A15/cases/steer-idle-miss.json
d00e58227225a313e612b18019d7f95a07382b0426ab7fbeb39bc4b05b740cc5  ??  artifacts/rust-tauri/R03/T08-E01/verify-stage-r03-attempt1/A15/cases/steer-text-drained-into-model-input.json
1d91fbec57470aebfedf338d49c5109fdd0216e02d720737ed53335eb06ae4c8  ??  artifacts/rust-tauri/R03/T08-E01/verify-stage-r03-attempt1/A15/cases/subagent-child-cancel-stops-child-only.json
25c6b5b26b72b0a4408db94f4f0e40b77faa84d32ccfeaffaf04e29fb20c07c9  ??  artifacts/rust-tauri/R03/T08-E01/verify-stage-r03-attempt1/A15/cases/subagent-close-thread-closed-status.json
c8d7de61de38e7dfa38ea3376602da5c50882e6d6238c3a1ff61b6ac7df04418  ??  artifacts/rust-tauri/R03/T08-E01/verify-stage-r03-attempt1/A15/cases/subagent-dispatch-child-lineage-recorded.json
dce5bbb9b54961ee64c8634f90f4f2600975918f6a2590b57b7b28dd425016bd  ??  artifacts/rust-tauri/R03/T08-E01/verify-stage-r03-attempt1/A15/cases/subagent-escalation-write-denied-zero-children.json
dcd19d358a8a5e560042eee304f1f5460d1c79ba1a64d611fb1007b830562010  ??  artifacts/rust-tauri/R03/T08-E01/verify-stage-r03-attempt1/A15/cases/subagent-policy-proactive-delegation-default-off.json
ffef3903ae224f661b415622ed9c76da5e265c01a9c15b867f429c1f6d10ef15  ??  artifacts/rust-tauri/R03/T08-E01/verify-stage-r03-attempt1/A15/cases/subagent-reply-continues-thread.json
68d15df7292608d2a400c54ab895533d8056286e5586ecb6d956e87b1b2ac4b8  ??  artifacts/rust-tauri/R03/T08-E01/verify-stage-r03-attempt1/A15/combo-counts.json
4c56fd82542a56017ef5e59d3b0c9752ede52032f31f31c24c2de458153ad296  ??  artifacts/rust-tauri/R03/T08-E01/verify-stage-r03-attempt1/A15/combos/cancel-approval-wait.json
f861ce9b1dbe64f781134bae916b9c8f2503f4ad8572e98bfc18d180a4e35e33  ??  artifacts/rust-tauri/R03/T08-E01/verify-stage-r03-attempt1/A15/combos/cancel-stream-read.json
76b74d822e65d068718af971eb29865cc4891a50d128a35b0bc955cc3b6b65a2  ??  artifacts/rust-tauri/R03/T08-E01/verify-stage-r03-attempt1/A15/combos/crash-recovery.json
ef5545b54a472c39f9b09d995f9ba2e3671618a56d4de3eb7fe4fad24d81f22b  ??  artifacts/rust-tauri/R03/T08-E01/verify-stage-r03-attempt1/A15/combos/cross-session-parallel.json
7f7fd9a6f050ba6811d5b1d7313d11473f92089a4ec0fd2335779e99b59cdaa1  ??  artifacts/rust-tauri/R03/T08-E01/verify-stage-r03-attempt1/A15/combos/duplicate-submission.json
bc33f4da54e3db7ed77d1d11272d9a0003c142210052e902a4b26b0eb263fabf  ??  artifacts/rust-tauri/R03/T08-E01/verify-stage-r03-attempt1/A15/combos/leaf-parent-cancel.json
a59635405b3569b1c0c950cb282ecf3749923b36c6b1b5e4d3d21fc3f4458102  ??  artifacts/rust-tauri/R03/T08-E01/verify-stage-r03-attempt1/A15/combos/leaf-steer.json
fd60e4ca043c4073ddf838b3f0fe918436ede45ff7765efc8f1cad42821186f4  ??  artifacts/rust-tauri/R03/T08-E01/verify-stage-r03-attempt1/A15/combos/multi-tool.json
075cad25ce0207f3b49138b8d415d0db78da1005207b2f64d282b478bffa44ae  ??  artifacts/rust-tauri/R03/T08-E01/verify-stage-r03-attempt1/A15/combos/multi-turn-model.json
f94832aef81d68346dd1b25b1ad7312d6bc141a69a616a218b640aa170fbebcb  ??  artifacts/rust-tauri/R03/T08-E01/verify-stage-r03-attempt1/A15/combos/normal.json
44f5b48c4f288ee214f7053e16857997f1fb66a6be241466141301a16c6872e7  ??  artifacts/rust-tauri/R03/T08-E01/verify-stage-r03-attempt1/A15/combos/timeout-budget.json
505ecfbac3942739846be3a188cabea9d26c9641628253767c5457bdff2ab44f  ??  artifacts/rust-tauri/R03/T08-E01/verify-stage-r03-attempt1/A15/leaf-cases.json
cfda19ea2bd03f1cfdc8f59e45095b5464996aebdc056fd8a562389412c023d4  ??  artifacts/rust-tauri/R03/T08-E01/verify-stage-r03-attempt1/A15/summary.txt
f11e1a0fb660ceba2856fa53d22d75d22db2dd1da0ce0abd640297ed91d39d18  ??  artifacts/rust-tauri/R03/T08-E01/verify-stage-r03-attempt1/FAILURE-ANALYSIS.txt
e7eab1c50538e53f1545a8efcee9bc777770c507a0f00d4f10a2493a4b3b3489  ??  artifacts/rust-tauri/R03/T08-E01/verify-stage-r03-attempt1/R02/A05_A06/.last-body
1319bbe558a1a9043433da92529bc8c24d2b6fbcabc962836a938e946e273399  ??  artifacts/rust-tauri/R03/T08-E01/verify-stage-r03-attempt1/R02/A05_A06/body-limit.txt
c0c19dff508a998f0c6e1fbf2643c2d78647cd6495bc53c57d2566877a3abc0b  ??  artifacts/rust-tauri/R03/T08-E01/verify-stage-r03-attempt1/R02/A05_A06/cli-sessions-limit-case.json
0cf8ee76701decb7d7ab438481c56bf7585cdd4cfb2f5866ad761c55fed5eb0d  ??  artifacts/rust-tauri/R03/T08-E01/verify-stage-r03-attempt1/R02/A05_A06/creds-after-authz.json
9cb217af75e5ebecfff1e7b81dda36fa6a62d07e3ddab6e60b05a7d399cf125c  ??  artifacts/rust-tauri/R03/T08-E01/verify-stage-r03-attempt1/R02/A05_A06/creds-before-authz.json
3c6f2a39f7bffd5bf016a4810f246d869b92e6c6aff15b8c3b18673b33ad829a  ??  artifacts/rust-tauri/R03/T08-E01/verify-stage-r03-attempt1/R02/A05_A06/devices-after-authz.json
1dd2604093b4260fe0dd5e6f5e66d269524401cb8fe783a36ec851d1184481f8  ??  artifacts/rust-tauri/R03/T08-E01/verify-stage-r03-attempt1/R02/A05_A06/devices-before-authz.json
e4f0521310cc148582c5a36225e00251dbddc91d5a2812c619e6e08cf4c4135d  ??  artifacts/rust-tauri/R03/T08-E01/verify-stage-r03-attempt1/R02/A05_A06/leaf-cases.json
e7d204ca85812242abeed3a7487550ab59491453538aa43f981f7438d93f1e60  ??  artifacts/rust-tauri/R03/T08-E01/verify-stage-r03-attempt1/R02/A05_A06/leaf-cases.ndjson
c6aa59bd2dd150b711fffdb4665e000828d14af5a3e0312afbbe5caaa908540f  ??  artifacts/rust-tauri/R03/T08-E01/verify-stage-r03-attempt1/R02/A05_A06/me-denied-after.sha256
c6aa59bd2dd150b711fffdb4665e000828d14af5a3e0312afbbe5caaa908540f  ??  artifacts/rust-tauri/R03/T08-E01/verify-stage-r03-attempt1/R02/A05_A06/me-denied-before.sha256
9901fa4939e8c0683cc392787126273c429530490fdebe18e68d1ad0c6fc2459  ??  artifacts/rust-tauri/R03/T08-E01/verify-stage-r03-attempt1/R02/A05_A06/sessions-list-matrix.json
ef5ddc763d9503fa57c44c19e10fb26f0c44a4bd6678f0dcb64100e643d8610e  ??  artifacts/rust-tauri/R03/T08-E01/verify-stage-r03-attempt1/R02/A05_A06/state-after-authn.txt
9b2047d9bcece73dd7d0bcacfe4f631170d5f2b619e87c9b00cd16c389c77806  ??  artifacts/rust-tauri/R03/T08-E01/verify-stage-r03-attempt1/R02/A05_A06/state-after.txt
ef5ddc763d9503fa57c44c19e10fb26f0c44a4bd6678f0dcb64100e643d8610e  ??  artifacts/rust-tauri/R03/T08-E01/verify-stage-r03-attempt1/R02/A05_A06/state-before-authz.txt
ef5ddc763d9503fa57c44c19e10fb26f0c44a4bd6678f0dcb64100e643d8610e  ??  artifacts/rust-tauri/R03/T08-E01/verify-stage-r03-attempt1/R02/A05_A06/state-before.txt
1cd270a925dd6964552e8a52df9c850fa778033ab342dded83093a5cb4b8745e  ??  artifacts/rust-tauri/R03/T08-E01/verify-stage-r03-attempt1/R02/A05_A06/summary.txt
ede3451cc2cc5d7f30b3b1421e1bb39ef170a837024507cb2e8c7323fdccb440  ??  artifacts/rust-tauri/R03/T08-E01/verify-stage-r03-attempt1/R02/A05_A06/ws-matrix.json
b5ca944f5be0e2f0ace173f74dcc639ae1a975dbfe6147825898c186942ee87c  ??  artifacts/rust-tauri/R03/T08-E01/verify-stage-r03-attempt1/R02/A07_A08/last-db-hashes.txt
e613a984930f45c73fa5aa79af6955b0ac56faa30868e1da85d84a96a180eee3  ??  artifacts/rust-tauri/R03/T08-E01/verify-stage-r03-attempt1/R02/A07_A08/s1-counts-after-stop.json
6e11d3157e36f2f24de72943cc5df97aec8475c1e95a29c6fed9cc451e41da10  ??  artifacts/rust-tauri/R03/T08-E01/verify-stage-r03-attempt1/R02/A07_A08/s2-counts-after-crash.json
0981fd61b5426bc889c2515e544a731f0b1277e516fa7d468c40fe4649f1dcef  ??  artifacts/rust-tauri/R03/T08-E01/verify-stage-r03-attempt1/R02/A07_A08/s2-runs-dump.jsonl
0abe414e8a824e8f4ca9bf88ad56094a8a0a8cc5efdee986d8340c15a8fc7aac  ??  artifacts/rust-tauri/R03/T08-E01/verify-stage-r03-attempt1/R02/A07_A08/s3-fault.err
e3b0c44298fc1c149afbf4c8996fb92427ae41e4649b934ca495991b7852b855  ??  artifacts/rust-tauri/R03/T08-E01/verify-stage-r03-attempt1/R02/A07_A08/s3-fault.out
6b63d9c293ece7bc5c089c5ef247f08a5af3435e25df6d0effe6dc57a02df374  ??  artifacts/rust-tauri/R03/T08-E01/verify-stage-r03-attempt1/R02/A07_A08/s4-hashes-after.txt
6b63d9c293ece7bc5c089c5ef247f08a5af3435e25df6d0effe6dc57a02df374  ??  artifacts/rust-tauri/R03/T08-E01/verify-stage-r03-attempt1/R02/A07_A08/s4-hashes-before.txt
ac6f445065a057cf1a5647dfb6252019ff765fc52756801486364a64259d3d64  ??  artifacts/rust-tauri/R03/T08-E01/verify-stage-r03-attempt1/R02/A07_A08/s4-migrations-round1.json
ac6f445065a057cf1a5647dfb6252019ff765fc52756801486364a64259d3d64  ??  artifacts/rust-tauri/R03/T08-E01/verify-stage-r03-attempt1/R02/A07_A08/s4-migrations-round2.json
ac6f445065a057cf1a5647dfb6252019ff765fc52756801486364a64259d3d64  ??  artifacts/rust-tauri/R03/T08-E01/verify-stage-r03-attempt1/R02/A07_A08/s4-migrations-round3.json
ae2b75e9137209f7a7a0517f5a52b0c7f10dcfb2c73418a59a9f622bb4d21ee8  ??  artifacts/rust-tauri/R03/T08-E01/verify-stage-r03-attempt1/R02/A07_A08/service-s1.err
74c773c56619f02ca7b901a23bc38d5fb6b95bec41f2768d55f33ca54e8a66a0  ??  artifacts/rust-tauri/R03/T08-E01/verify-stage-r03-attempt1/R02/A07_A08/service-s1.out
e9ae65bcb9e30c5b636abf241f5610612b4ed4a4f7c9be214493b3cc8ba94755  ??  artifacts/rust-tauri/R03/T08-E01/verify-stage-r03-attempt1/R02/A07_A08/service-s1b.err
005bd985a61c8d563efce28ba1895b49155aea6d536ab9ac9aa1e17e49498de2  ??  artifacts/rust-tauri/R03/T08-E01/verify-stage-r03-attempt1/R02/A07_A08/service-s1b.out
dcf6cda443ef35933e4174d34c51bfe3f118eddea36839152f28b04918f312b4  ??  artifacts/rust-tauri/R03/T08-E01/verify-stage-r03-attempt1/R02/A07_A08/service-s2.err
c6f1290ae06c8240333f19770fe1d975e74fe87b6fb32a0ca10c33da702e4e11  ??  artifacts/rust-tauri/R03/T08-E01/verify-stage-r03-attempt1/R02/A07_A08/service-s2.out
45da8c891a4d6ee210684840294ac7c669d2bbd6806d047e611b8d411d072011  ??  artifacts/rust-tauri/R03/T08-E01/verify-stage-r03-attempt1/R02/A07_A08/service-s2b.err
f7e3edd22d3c282ffe61ece016d4b12ee5ccd35c3374939218d00edcf559d0e6  ??  artifacts/rust-tauri/R03/T08-E01/verify-stage-r03-attempt1/R02/A07_A08/service-s2b.out
6eec93fcdf93411c491d36029344298e2a5b58d07a146a2082abc7e24c605808  ??  artifacts/rust-tauri/R03/T08-E01/verify-stage-r03-attempt1/R02/A07_A08/service-s4-1.err
00ad2bcd613fd0c1bc675a4e30cc4118f28900f10b86183b63d02fc4e2fcef1a  ??  artifacts/rust-tauri/R03/T08-E01/verify-stage-r03-attempt1/R02/A07_A08/service-s4-1.out
72af85f09e91f5f2f5c8629aedd66f3e679c46fbee8282f5223498abb15182d0  ??  artifacts/rust-tauri/R03/T08-E01/verify-stage-r03-attempt1/R02/A07_A08/service-s4-2.err
04f1acccb3fb8ca4f4e5a4edd7be87aa2875e330cad89c8a2bab92bdc83ccedf  ??  artifacts/rust-tauri/R03/T08-E01/verify-stage-r03-attempt1/R02/A07_A08/service-s4-2.out
3c75266f7305aa1ea34a9a7e46943c710b227fef70f62925cfcd4552b2d4b8c8  ??  artifacts/rust-tauri/R03/T08-E01/verify-stage-r03-attempt1/R02/A07_A08/service-s4-3.err
659a557682f6d96755d1b003f9c7fcfe580a0f698177c220dbce50fba4a69f54  ??  artifacts/rust-tauri/R03/T08-E01/verify-stage-r03-attempt1/R02/A07_A08/service-s4-3.out
fbc3bf53b583a53941e2414bab27b5b41e416e6ef33a3f336de07d932661cb44  ??  artifacts/rust-tauri/R03/T08-E01/verify-stage-r03-attempt1/R02/A07_A08/service.addr
37a04e9852a9124e2624abd365ee7fe07a82a5657b6fe25f81da73582bee4a13  ??  artifacts/rust-tauri/R03/T08-E01/verify-stage-r03-attempt1/R02/A07_A08/service.pid
0ea0a381f0aee00cd29435e419fe273f9c3bf82bf3e6a955e985efa7b1c31fcc  ??  artifacts/rust-tauri/R03/T08-E01/verify-stage-r03-attempt1/R02/A07_A08/summary.txt
a639336899def5cd37e3ee674746f722264f66dc476b9284cd1a66e2159b9ac7  ??  artifacts/rust-tauri/R03/T08-E01/verify-stage-r03-attempt1/R02/A09_A10/a09-merged-view.json
a70b08a3951edb79b3cbd53e8f17890f634df8812128b1071511084f276baea4  ??  artifacts/rust-tauri/R03/T08-E01/verify-stage-r03-attempt1/R02/A09_A10/a10-rebuild-diff.json
347186f847868c82e3a1f908970168cd16613048bdec0637fc3d26181ab17634  ??  artifacts/rust-tauri/R03/T08-E01/verify-stage-r03-attempt1/R02/A09_A10/key-events-dump.json
3fb91ae60ef6acf8571024ba69edf28fbf929152cf75694f3b9b0193f82f6820  ??  artifacts/rust-tauri/R03/T08-E01/verify-stage-r03-attempt1/R02/A09_A10/matrix.json
f51e4d55d538f043c9fe4c4cc5f1c35f703179b5135640dfcf06d632ce280dbb  ??  artifacts/rust-tauri/R03/T08-E01/verify-stage-r03-attempt1/R02/A09_A10/probe-matrix.jsonl
77d994570e90daf249bce98da5922fe2c89c3142096bd78b3cdaa73747ba8ffc  ??  artifacts/rust-tauri/R03/T08-E01/verify-stage-r03-attempt1/R02/A09_A10/service.err
a6add3f0d39d3902d4687fb755c92a9eddbb0137682e9fe59f70916604a5f709  ??  artifacts/rust-tauri/R03/T08-E01/verify-stage-r03-attempt1/R02/A09_A10/service.out
8483c218032b4a62d9aebc91678bab4e8da4ff33304dbe1efd07994db3901a4c  ??  artifacts/rust-tauri/R03/T08-E01/verify-stage-r03-attempt1/R02/A09_A10/summary.txt
dd63f79ce1a39fdef735dbb9eb292c3f8a45db77c2513d3cc7379e5dbe13749e  ??  artifacts/rust-tauri/R03/T08-E01/verify-stage-r03-attempt1/R02/A11/backup-restore/s1-backup-dir-listing.txt
aaf4799595c1b28cd5106f8ecfb30762d75dfa7faeff38b990879af2edddb8a5  ??  artifacts/rust-tauri/R03/T08-E01/verify-stage-r03-attempt1/R02/A11/backup-restore/s1-backup-outcome.json
e3b0c44298fc1c149afbf4c8996fb92427ae41e4649b934ca495991b7852b855  ??  artifacts/rust-tauri/R03/T08-E01/verify-stage-r03-attempt1/R02/A11/backup-restore/s1-backup.err
d9343a28319d799f0afe678af82240a344beb2cb932b4f2991076cf0a5cce702  ??  artifacts/rust-tauri/R03/T08-E01/verify-stage-r03-attempt1/R02/A11/backup-restore/s1-restore-outcome.json
e3b0c44298fc1c149afbf4c8996fb92427ae41e4649b934ca495991b7852b855  ??  artifacts/rust-tauri/R03/T08-E01/verify-stage-r03-attempt1/R02/A11/backup-restore/s1-restore.err
bc1ce4d8443224a68dba49199a4c9469a38e031e895d62608c8f4e19e380cf91  ??  artifacts/rust-tauri/R03/T08-E01/verify-stage-r03-attempt1/R02/A11/backup-restore/s1-restored-dump.jsonl
da428cff5b1cc8c242625281585e292459e7a98cd4f7ef058007f9cd6efdac1b  ??  artifacts/rust-tauri/R03/T08-E01/verify-stage-r03-attempt1/R02/A11/backup-restore/s1-restored-hash.txt
bc1ce4d8443224a68dba49199a4c9469a38e031e895d62608c8f4e19e380cf91  ??  artifacts/rust-tauri/R03/T08-E01/verify-stage-r03-attempt1/R02/A11/backup-restore/s1-source-dump.jsonl
83148b59c2228ef0553f1ea5fa02c4411be2cd1a07e0f4d9be4193ec529b5466  ??  artifacts/rust-tauri/R03/T08-E01/verify-stage-r03-attempt1/R02/A11/backup-restore/s1-source-hash.txt
951e1f2cedf4a978898a4f9e620777561b8381ece9faf4223f8594a201f47f74  ??  artifacts/rust-tauri/R03/T08-E01/verify-stage-r03-attempt1/R02/A11/backup-restore/s1-wal-size.txt
e3b0c44298fc1c149afbf4c8996fb92427ae41e4649b934ca495991b7852b855  ??  artifacts/rust-tauri/R03/T08-E01/verify-stage-r03-attempt1/R02/A11/backup-restore/s3-backup-out.json
9b873e979df5551b585fd949966a5ffdcea22d5fced92b0d70d93247847d7037  ??  artifacts/rust-tauri/R03/T08-E01/verify-stage-r03-attempt1/R02/A11/backup-restore/s3-backup.err
9b33c4d50a9f7a0434980244454a85ce4288c7323241cf9ff22c50e6b8f8dd85  ??  artifacts/rust-tauri/R03/T08-E01/verify-stage-r03-attempt1/R02/A11/backup-restore/s4-ws-probe.json
a4c3ed04a95a3da14a9d235c83d868bed7c0f45cf7f3faa751ee8f50598d2211  ??  artifacts/rust-tauri/R03/T08-E01/verify-stage-r03-attempt1/R02/A11/backup-restore/s4-ws-probe.json.probe-done
418cdd59b21dec8b15ce7c1b18ee3f1423440e4edc70ecba7d304a35b85142d1  ??  artifacts/rust-tauri/R03/T08-E01/verify-stage-r03-attempt1/R02/A11/backup-restore/service-s1.addr
2dc68d7bcc14fe918e164ea6a2c883eac4d0a98d6e53cc300efb5421bc75892d  ??  artifacts/rust-tauri/R03/T08-E01/verify-stage-r03-attempt1/R02/A11/backup-restore/service-s1.err
14dea79901c9a26948dff7a2ea5ddfd7bdaff954f6f0246ad013ace5abee2e6e  ??  artifacts/rust-tauri/R03/T08-E01/verify-stage-r03-attempt1/R02/A11/backup-restore/service-s1.out
a42741d1af14c30e8e3a4ac45a075cd71f4f95e89cd64d4690123bb355b02e04  ??  artifacts/rust-tauri/R03/T08-E01/verify-stage-r03-attempt1/R02/A11/backup-restore/service-s2.addr
eee96a1fe9b74c5d071f7d3889e9cecea5d48edea7413c98a4522c0af79b63ec  ??  artifacts/rust-tauri/R03/T08-E01/verify-stage-r03-attempt1/R02/A11/backup-restore/service-s2.err
8fb3126d171d249b51059c448c873d79949437b46e7489a9178cd0c64a8a77e6  ??  artifacts/rust-tauri/R03/T08-E01/verify-stage-r03-attempt1/R02/A11/backup-restore/service-s2.out
a661d6915990d8398a27a7cb606ec730cf38b4e1502835e888ff9ebf1951757d  ??  artifacts/rust-tauri/R03/T08-E01/verify-stage-r03-attempt1/R02/A11/backup-restore/service-s4.addr
a18bc54a5e98fae3e7667fc8813428999930b6057dee0b3827db8ec753854c3b  ??  artifacts/rust-tauri/R03/T08-E01/verify-stage-r03-attempt1/R02/A11/backup-restore/service-s4.err
5b38a2e9dc0c6005c51e84fd57ab92c0e51ce33ab72c83d51e6e854fd338a633  ??  artifacts/rust-tauri/R03/T08-E01/verify-stage-r03-attempt1/R02/A11/backup-restore/service-s4.out
cee1c085af7c952eb398f49680c559a1e1d0e1d4e7bb79392ea18f55e742a048  ??  artifacts/rust-tauri/R03/T08-E01/verify-stage-r03-attempt1/R02/A11/backup-restore/service.pid
a2910b627586f230c5d67d75dfd77cdff52fae4097ba84484b6b52581a2bd855  ??  artifacts/rust-tauri/R03/T08-E01/verify-stage-r03-attempt1/R02/A11/backup-restore/summary.txt
3340d7327679b24418498ca2e4565768a6723f0b9d5754ea488deb75e7bed7d8  ??  artifacts/rust-tauri/R03/T08-E01/verify-stage-r03-attempt1/R02/A12/recovery-drill/coexist-after.txt
3340d7327679b24418498ca2e4565768a6723f0b9d5754ea488deb75e7bed7d8  ??  artifacts/rust-tauri/R03/T08-E01/verify-stage-r03-attempt1/R02/A12/recovery-drill/coexist-before.txt
7d058cedc9d0cd4187599bbae8691047868c7f663b317f3c51a8b026ee88b2b4  ??  artifacts/rust-tauri/R03/T08-E01/verify-stage-r03-attempt1/R02/A12/recovery-drill/own-created-homes.txt
4d7d02698760084334944883286d8a456a3da2fb342c587cade3720f0915a0cb  ??  artifacts/rust-tauri/R03/T08-E01/verify-stage-r03-attempt1/R02/A12/recovery-drill/summary.txt
7b2f675d535131e9ee3b95eb996b520af42000b1efea572dc62eff72fd758a84  ??  artifacts/rust-tauri/R03/T08-E01/verify-stage-r03-attempt1/R02/A12/recovery-drill/v1-hashes-after.txt
7b2f675d535131e9ee3b95eb996b520af42000b1efea572dc62eff72fd758a84  ??  artifacts/rust-tauri/R03/T08-E01/verify-stage-r03-attempt1/R02/A12/recovery-drill/v1-hashes-before.txt
933d8a365c17babfb11ae456c5d3b59f2af2e2df8094c87ed648bb98c4bc4c7d  ??  artifacts/rust-tauri/R03/T08-E01/verify-stage-r03-attempt1/R02/A12/recovery-drill/v1.err
e3b0c44298fc1c149afbf4c8996fb92427ae41e4649b934ca495991b7852b855  ??  artifacts/rust-tauri/R03/T08-E01/verify-stage-r03-attempt1/R02/A12/recovery-drill/v1.out
fcb269f1fc43e20619871bab0f6e464d30773313e55b17f725fc62249ab521be  ??  artifacts/rust-tauri/R03/T08-E01/verify-stage-r03-attempt1/R02/A12/recovery-drill/v2-hashes-after.txt
fcb269f1fc43e20619871bab0f6e464d30773313e55b17f725fc62249ab521be  ??  artifacts/rust-tauri/R03/T08-E01/verify-stage-r03-attempt1/R02/A12/recovery-drill/v2-hashes-before.txt
5a93611be4c09bb04c60481d2a06c9350b79cee4c1216e47746958ce0a300e43  ??  artifacts/rust-tauri/R03/T08-E01/verify-stage-r03-attempt1/R02/A12/recovery-drill/v2.err
e3b0c44298fc1c149afbf4c8996fb92427ae41e4649b934ca495991b7852b855  ??  artifacts/rust-tauri/R03/T08-E01/verify-stage-r03-attempt1/R02/A12/recovery-drill/v2.out
a33ffd69acb495d9a221778bb2317e4cef00e4d752d794b9c1267890666ec43d  ??  artifacts/rust-tauri/R03/T08-E01/verify-stage-r03-attempt1/R02/A12/recovery-drill/v3-hashes-after.txt
a33ffd69acb495d9a221778bb2317e4cef00e4d752d794b9c1267890666ec43d  ??  artifacts/rust-tauri/R03/T08-E01/verify-stage-r03-attempt1/R02/A12/recovery-drill/v3-hashes-before.txt
077ee08814037d049366380b8b901c1e0c2df4e89a917e527cf3c272d6ba80e8  ??  artifacts/rust-tauri/R03/T08-E01/verify-stage-r03-attempt1/R02/A12/recovery-drill/v3.err
e3b0c44298fc1c149afbf4c8996fb92427ae41e4649b934ca495991b7852b855  ??  artifacts/rust-tauri/R03/T08-E01/verify-stage-r03-attempt1/R02/A12/recovery-drill/v3.out
e7d89ae23fe1120ffb5310ff689cc2bd56f3151040d3ac0d8da1dae41dfa2322  ??  artifacts/rust-tauri/R03/T08-E01/verify-stage-r03-attempt1/R02/A12/recovery-drill/v4.err
7deaf679e2b95285a5aef5686d441604abb956ab35f3b422ce500776b4e6406c  ??  artifacts/rust-tauri/R03/T08-E01/verify-stage-r03-attempt1/R02/A12/recovery-drill/v4.out
e97e745876eff0a9ecad0db4b32da3346ca34446d75ad0fdc432b113d340e68e  ??  artifacts/rust-tauri/R03/T08-E01/verify-stage-r03-attempt1/R02/A12/recovery-drill/v5-hashes-after.txt
e97e745876eff0a9ecad0db4b32da3346ca34446d75ad0fdc432b113d340e68e  ??  artifacts/rust-tauri/R03/T08-E01/verify-stage-r03-attempt1/R02/A12/recovery-drill/v5-hashes-before.txt
fbe04c6776d889b4b1d4c10629758d65d7b7df996877d7c238bdb96db3df20d5  ??  artifacts/rust-tauri/R03/T08-E01/verify-stage-r03-attempt1/R02/A12/recovery-drill/v5.err
e3b0c44298fc1c149afbf4c8996fb92427ae41e4649b934ca495991b7852b855  ??  artifacts/rust-tauri/R03/T08-E01/verify-stage-r03-attempt1/R02/A12/recovery-drill/v5.out
3be91387e397850f14e3910c46a1ff0a498381d878145fcba0d6b095977aed9c  ??  artifacts/rust-tauri/R03/T08-E01/verify-stage-r03-attempt1/R02/A12/recovery-drill/v6-recovered-dump.jsonl
27badc983df1780b60c2b3fa9d3a19a00e46aac798451f0febdca52920faaddf  ??  artifacts/rust-tauri/R03/T08-E01/verify-stage-r03-attempt1/R02/A12/recovery-drill/v6-seed-execute.txt
0333e095f39989202a46e0b8b43e40c0db722c880f8faec26bfe91e721755434  ??  artifacts/rust-tauri/R03/T08-E01/verify-stage-r03-attempt1/R02/A12/recovery-drill/v6-seed.err
8959c3eb8edc6f04452c1c6b8b406a2df58563fa8090e233606fb54420b4ac7c  ??  artifacts/rust-tauri/R03/T08-E01/verify-stage-r03-attempt1/R02/A12/recovery-drill/v6-seed.out
979657413d8f7581eb7dabd19f2d53c50f5981800abdc108ea93eeb5d7cffb0d  ??  artifacts/rust-tauri/R03/T08-E01/verify-stage-r03-attempt1/R02/A12/recovery-drill/v6.err
f041495d36e3620f58d5b2165e902f9a63b9c1a6a101fd6572fdbe20ef1c89d1  ??  artifacts/rust-tauri/R03/T08-E01/verify-stage-r03-attempt1/R02/A12/recovery-drill/v6.out
a0183a4eab9d1575ae1cfc82330823dc04ce54d6db3bd4738ab9529ff02de4d1  ??  artifacts/rust-tauri/R03/T08-E01/verify-stage-r03-attempt1/R02/A12/recovery-drill/v7-hashes-after.txt
a0183a4eab9d1575ae1cfc82330823dc04ce54d6db3bd4738ab9529ff02de4d1  ??  artifacts/rust-tauri/R03/T08-E01/verify-stage-r03-attempt1/R02/A12/recovery-drill/v7-hashes-before.txt
3ec3b14637d94f0186dc3874190dbc220c291d00d7d0132c658c41932638637d  ??  artifacts/rust-tauri/R03/T08-E01/verify-stage-r03-attempt1/R02/A12/recovery-drill/v7-seed.err
dda86c5432e5ac8e07606d5e38b0f64a4c1bedf5c8f130a25c85d7720bdd274b  ??  artifacts/rust-tauri/R03/T08-E01/verify-stage-r03-attempt1/R02/A12/recovery-drill/v7-seed.out
9acbbf3bb730a216d5d4a329c1df557ff5403fdbbfc0ac68384a2670c263eb13  ??  artifacts/rust-tauri/R03/T08-E01/verify-stage-r03-attempt1/R02/A12/recovery-drill/v7.err
e3b0c44298fc1c149afbf4c8996fb92427ae41e4649b934ca495991b7852b855  ??  artifacts/rust-tauri/R03/T08-E01/verify-stage-r03-attempt1/R02/A12/recovery-drill/v7.out
8fe2e7add4104d85fa810d92fd955a76ce4acac22cdfcc274f2a7c32a01fc768  ??  artifacts/rust-tauri/R03/T08-E01/verify-stage-r03-attempt1/R02/A12/recovery-drill/v8-observed.err
669b7b02805860607023726a6587b08053fa7ff17f8ae1630cbcb860deaa80da  ??  artifacts/rust-tauri/R03/T08-E01/verify-stage-r03-attempt1/R02/A12/recovery-drill/v8-seed.err
5e84e672ea159ea9302874781870cbef8a0d5b7555767b4e07146e1a344f29ac  ??  artifacts/rust-tauri/R03/T08-E01/verify-stage-r03-attempt1/R02/A12/recovery-drill/v8-seed.out
8fe2e7add4104d85fa810d92fd955a76ce4acac22cdfcc274f2a7c32a01fc768  ??  artifacts/rust-tauri/R03/T08-E01/verify-stage-r03-attempt1/R02/A12/recovery-drill/v8.err
7552968f54f38836e104681e76e99fb0a88e69e9dd35f38fcbb56a2a53a43104  ??  artifacts/rust-tauri/R03/T08-E01/verify-stage-r03-attempt1/R02/A12/recovery-drill/v8.out
9677397d1665e652cbc43ddbb955dd04e88946f4003b17c8d2e188cee859de95  ??  artifacts/rust-tauri/R03/T08-E01/verify-stage-r03-attempt1/R02/A15/full-chain/pre-restart-head.json
e3b0c44298fc1c149afbf4c8996fb92427ae41e4649b934ca495991b7852b855  ??  artifacts/rust-tauri/R03/T08-E01/verify-stage-r03-attempt1/R02/A15/full-chain/probe1.err
51a236aa4bd2ec7abd216b8f00bad6013bd0f249530efa6790e88f2b65b6136e  ??  artifacts/rust-tauri/R03/T08-E01/verify-stage-r03-attempt1/R02/A15/full-chain/probe1.pass-lines
e3b0c44298fc1c149afbf4c8996fb92427ae41e4649b934ca495991b7852b855  ??  artifacts/rust-tauri/R03/T08-E01/verify-stage-r03-attempt1/R02/A15/full-chain/probe2.err
28a411dc95be7e6596d2954fdbecf8eb034d9f8dc1248ab1d111c07c1c218b89  ??  artifacts/rust-tauri/R03/T08-E01/verify-stage-r03-attempt1/R02/A15/full-chain/probe2.pass-lines
6505c22204a8655461b1815b94c8ac336ae12c0cdfe69649b48f0420dbdaaa50  ??  artifacts/rust-tauri/R03/T08-E01/verify-stage-r03-attempt1/R02/A15/full-chain/service1.err
418f670b6e14ab357cc82b12936c3af873757da30bd25396d9d6887baf04b428  ??  artifacts/rust-tauri/R03/T08-E01/verify-stage-r03-attempt1/R02/A15/full-chain/service1.out
a3231aa1ed3d31503c96239fb25e381f86b47f80bed076f05da9c1538d1f1dd5  ??  artifacts/rust-tauri/R03/T08-E01/verify-stage-r03-attempt1/R02/A15/full-chain/service2.err
f88ececc21791fc9cb0c176f1b4970a8e11171977be7f46f155a16c4b00d7337  ??  artifacts/rust-tauri/R03/T08-E01/verify-stage-r03-attempt1/R02/A15/full-chain/service2.out
f01ef2534642a36b3237bbf92daa98f7981be30d31f699c39d63ab2fa4429f1b  ??  artifacts/rust-tauri/R03/T08-E01/verify-stage-r03-attempt1/R02/A15/full-chain/summary.txt
523ab963a6589a5728516dedfd166d3bb33ca94dad0fc96ba72028e6cc17b218  ??  artifacts/rust-tauri/R03/T08-E01/verify-stage-r03-attempt1/R02/A16/legacy-entry/e0-base-purity.txt
a03e5243541b8b56cd83feca14d4945244395a19b4e160ed286551acfe87dc72  ??  artifacts/rust-tauri/R03/T08-E01/verify-stage-r03-attempt1/R02/A16/legacy-entry/e0-candidate-binding.tsv
da91d4acdfdbb12ac0094856ead28db2826b3efcaa77355e984d926ba0cfdfd6  ??  artifacts/rust-tauri/R03/T08-E01/verify-stage-r03-attempt1/R02/A16/legacy-entry/e0-candidate-dirty.diff
ad8d624f2044c76ffa55f1dc2717979975b47022156d1c8d550224b14417fb56  ??  artifacts/rust-tauri/R03/T08-E01/verify-stage-r03-attempt1/R02/A16/legacy-entry/e0-candidate-dirty.txt
dafecdaa505ce47155b8f0b1a6b9d326f65e6e84a229add0428c0fb851a0e505  ??  artifacts/rust-tauri/R03/T08-E01/verify-stage-r03-attempt1/R02/A16/legacy-entry/e1-binding-surface-intersect.txt
e478b5019f8dc054385b670fc46863aacb8ae7bb2c6af54b195ae23a7474e9a3  ??  artifacts/rust-tauri/R03/T08-E01/verify-stage-r03-attempt1/R02/A16/legacy-entry/e1-default-entry-assertions.txt
c290e5efd31bc081acd023ea447b5df27ff4ba8703d5be4e3a02c9b69f0782f8  ??  artifacts/rust-tauri/R03/T08-E01/verify-stage-r03-attempt1/R02/A16/legacy-entry/e1-surface-diff-files.txt
a6336e88a861d5d65bf8332c6e104672fbecde11272907b15e2847bc36cfc7b2  ??  artifacts/rust-tauri/R03/T08-E01/verify-stage-r03-attempt1/R02/A16/legacy-entry/e5-allowed-reds.txt
e3b0c44298fc1c149afbf4c8996fb92427ae41e4649b934ca495991b7852b855  ??  artifacts/rust-tauri/R03/T08-E01/verify-stage-r03-attempt1/R02/A16/legacy-entry/e5-base-blocks.txt
e3b0c44298fc1c149afbf4c8996fb92427ae41e4649b934ca495991b7852b855  ??  artifacts/rust-tauri/R03/T08-E01/verify-stage-r03-attempt1/R02/A16/legacy-entry/e5-base-cause-classes.txt
e3b0c44298fc1c149afbf4c8996fb92427ae41e4649b934ca495991b7852b855  ??  artifacts/rust-tauri/R03/T08-E01/verify-stage-r03-attempt1/R02/A16/legacy-entry/e5-base-causes.txt
e3b0c44298fc1c149afbf4c8996fb92427ae41e4649b934ca495991b7852b855  ??  artifacts/rust-tauri/R03/T08-E01/verify-stage-r03-attempt1/R02/A16/legacy-entry/e5-base-failed-files.txt
67749fc3fa359c2ae0f4b7ee1918ea2c03b0dff7946ecaae0b3dce5d04bde997  ??  artifacts/rust-tauri/R03/T08-E01/verify-stage-r03-attempt1/R02/A16/legacy-entry/e5-base-summary-counts.txt
48282719cbd54640bf5f9a513ad938fe9767dbd338a02ec46a0f1edece424dc3  ??  artifacts/rust-tauri/R03/T08-E01/verify-stage-r03-attempt1/R02/A16/legacy-entry/e5-candidate-blocks.txt
c23b963a9bdb747027827dbd4656f441901b5d21cd34bfcd69bacf7703fa8cd8  ??  artifacts/rust-tauri/R03/T08-E01/verify-stage-r03-attempt1/R02/A16/legacy-entry/e5-candidate-cause-classes.txt
ea2b826bf489757713685476b88d19708b1ebef9bc1783b6c57a83388326686e  ??  artifacts/rust-tauri/R03/T08-E01/verify-stage-r03-attempt1/R02/A16/legacy-entry/e5-candidate-causes.txt
a6336e88a861d5d65bf8332c6e104672fbecde11272907b15e2847bc36cfc7b2  ??  artifacts/rust-tauri/R03/T08-E01/verify-stage-r03-attempt1/R02/A16/legacy-entry/e5-candidate-failed-files.txt
1e19d70bf42c53c2cb113717c45dd8f4ab52c9590f414525461a01f922e62b67  ??  artifacts/rust-tauri/R03/T08-E01/verify-stage-r03-attempt1/R02/A16/legacy-entry/e5-candidate-summary-counts.txt
f0289aaf3c4e4c687e25134df576fd06a36a89fa914dd7929a7acd358973dc3d  ??  artifacts/rust-tauri/R03/T08-E01/verify-stage-r03-attempt1/R02/A16/legacy-entry/e5-candidate-vitest-summary.txt
65a8e4d55d1d7b3d0f11e06928569acf896fdaa4c01cf07c3eb17427b16c603a  ??  artifacts/rust-tauri/R03/T08-E01/verify-stage-r03-attempt1/R02/A16/legacy-entry/e5-cause-classes.txt
a6336e88a861d5d65bf8332c6e104672fbecde11272907b15e2847bc36cfc7b2  ??  artifacts/rust-tauri/R03/T08-E01/verify-stage-r03-attempt1/R02/A16/legacy-entry/e5-new-since-base.txt
a6336e88a861d5d65bf8332c6e104672fbecde11272907b15e2847bc36cfc7b2  ??  artifacts/rust-tauri/R03/T08-E01/verify-stage-r03-attempt1/R02/A16/legacy-entry/e5-registered-preexisting-family.txt
a6336e88a861d5d65bf8332c6e104672fbecde11272907b15e2847bc36cfc7b2  ??  artifacts/rust-tauri/R03/T08-E01/verify-stage-r03-attempt1/R02/A16/legacy-entry/e5-seal-family.txt
ea25838fde6193878e30b256d52cd8464cb9fc5c40e32a820a6140687cf0d7ff  ??  artifacts/rust-tauri/R03/T08-E01/verify-stage-r03-attempt1/R02/A16/legacy-entry/summary.txt
d85ce34c2b132594075c65d49ae671288bb516f838fc40e16177ff011a0b5673  ??  artifacts/rust-tauri/R03/T08-E01/verify-stage-r03-attempt1/candidate-source-after.json
8e2afe786ce675a62acf1896135e92eaa8df02be452c970e5d6a74624eb7f382  ??  artifacts/rust-tauri/R03/T08-E01/verify-stage-r03-attempt1/candidate-source-before.json
cdc09a45ac99ac309b5a7708f7d44a5b825a3b4f6366c9d59a7b5d6c7d430060  ??  artifacts/rust-tauri/R03/T08-E01/verify-stage-r03-attempt1/verify-stage-result.json
f5b0981175fe9bd307c7bb4e8dcb8490cfa58585d62d9c3e2f7eb03e4e875e54  ??  artifacts/rust-tauri/R03/T08-E01/verify-stage-r03/A15/cases/background-run-completes-decoupled.json
fda5f46e011354371ff149d97818d48d3b78dca205e17e8a7b39dba1cb4013e6  ??  artifacts/rust-tauri/R03/T08-E01/verify-stage-r03/A15/cases/background-survives-unrelated-cancel.json
92eebd1162583e5ed42a8e61a80b5c84e94753ed6562c35c930ebb65f6e23f01  ??  artifacts/rust-tauri/R03/T08-E01/verify-stage-r03/A15/cases/cancel-live-run-accepted-terminal-cancelled.json
edc380e78d3b8f95b51f12c2bbfcb702760327da3f20bd6c9f456b5c7e0934de  ??  artifacts/rust-tauri/R03/T08-E01/verify-stage-r03/A15/cases/cancel-terminal-run-already-terminal.json
e320e539d701e4f285fcff1a42629b28016fa5f103e77fccb5c1ddf921155742  ??  artifacts/rust-tauri/R03/T08-E01/verify-stage-r03/A15/cases/cancel-unknown-run-not-found.json
a513a19cd5ca9bc857d2e01c9be7ec61e3e5677e7d1948db618b31fb7aba127a  ??  artifacts/rust-tauri/R03/T08-E01/verify-stage-r03/A15/cases/cancel-waiting-approval-cancels-cleanly.json
602b436fbd1f0de778ca086853030197fe28a3fde1a5f694ebea64e4f8779c8a  ??  artifacts/rust-tauri/R03/T08-E01/verify-stage-r03/A15/cases/combo-cancel-stream-terminal-cancelled.json
b24ff9cdbb08092492dd68815bdf3c4a6f38c8e2a42cd79c30abbfcacdfef745  ??  artifacts/rust-tauri/R03/T08-E01/verify-stage-r03/A15/cases/combo-crash-recovery-honest-interrupted.json
d9e8dea9429b0f0c9fc86be7f31dcd96b4b227e1174dcdea6d1f00b177ec2987  ??  artifacts/rust-tauri/R03/T08-E01/verify-stage-r03/A15/cases/combo-cross-session-both-complete.json
106bebd1aa293f120bb83f22b33de1e19ae817a4963587e2ee17be8731293349  ??  artifacts/rust-tauri/R03/T08-E01/verify-stage-r03/A15/cases/combo-duplicate-conflict-rejected.json
eafb37ffcb4d76d45d58a64d80d9ef413064c1f979d64ba1cc2e609d147963fc  ??  artifacts/rust-tauri/R03/T08-E01/verify-stage-r03/A15/cases/combo-duplicate-replay-no-second-run.json
346e6cb6ae16f125e4bbfdbf24d2bbcf63c92fa9642b2676fa06a78bfa1e8fdb  ??  artifacts/rust-tauri/R03/T08-E01/verify-stage-r03/A15/cases/combo-events-subscriber-saw-terminal.json
97a0c8f8404d1c042f8f7efd240d5d5f5446103b21bcccf9c5c90461b6082043  ??  artifacts/rust-tauri/R03/T08-E01/verify-stage-r03/A15/cases/combo-multi-tool-three-calls.json
aa936466e694a90f4087b7ae928f7c9b96ae1450073774fcb29d177dfa59c7b6  ??  artifacts/rust-tauri/R03/T08-E01/verify-stage-r03/A15/cases/combo-multi-turn-one-terminal.json
f7bdd9e301d37d6a062e13225cfc84d7e96c1f88cd75d34e300ab00dd0fad0a0  ??  artifacts/rust-tauri/R03/T08-E01/verify-stage-r03/A15/cases/combo-normal-run-completed.json
51d8bd26cb2f29bee74097b5ef9a36e3389a56a1c7127e86fa36d75a8106659e  ??  artifacts/rust-tauri/R03/T08-E01/verify-stage-r03/A15/cases/combo-out-of-order-late-result-fenced.json
e18f1fcb5cc4af47da6184707fb88e0c0ed656f1fafffe8020a3001c9826c931  ??  artifacts/rust-tauri/R03/T08-E01/verify-stage-r03/A15/cases/combo-timeout-budget-loud-failure.json
ccbc0f5c630f404851ca1c561fd5c73421ba9b217ceeff29973b263f05e30888  ??  artifacts/rust-tauri/R03/T08-E01/verify-stage-r03/A15/cases/parent-cancel-stops-child-run.json
d72d7e1151ea38a4eeb9ad435aa66dc376039e41ff714f9f550e1f2c8934585a  ??  artifacts/rust-tauri/R03/T08-E01/verify-stage-r03/A15/cases/reconnect-resume-no-model-restart.json
5d89ed42d309bfcfd13956b901f209eb432200e88c2ae1eea74d6eaffe625b2a  ??  artifacts/rust-tauri/R03/T08-E01/verify-stage-r03/A15/cases/steer-busy-accepted.json
360ccd0c00f5114974f5f2967860d1c339a2e2baa808a2f5dca49f334fe0d386  ??  artifacts/rust-tauri/R03/T08-E01/verify-stage-r03/A15/cases/steer-idle-miss.json
d00e58227225a313e612b18019d7f95a07382b0426ab7fbeb39bc4b05b740cc5  ??  artifacts/rust-tauri/R03/T08-E01/verify-stage-r03/A15/cases/steer-text-drained-into-model-input.json
1d91fbec57470aebfedf338d49c5109fdd0216e02d720737ed53335eb06ae4c8  ??  artifacts/rust-tauri/R03/T08-E01/verify-stage-r03/A15/cases/subagent-child-cancel-stops-child-only.json
25c6b5b26b72b0a4408db94f4f0e40b77faa84d32ccfeaffaf04e29fb20c07c9  ??  artifacts/rust-tauri/R03/T08-E01/verify-stage-r03/A15/cases/subagent-close-thread-closed-status.json
c8d7de61de38e7dfa38ea3376602da5c50882e6d6238c3a1ff61b6ac7df04418  ??  artifacts/rust-tauri/R03/T08-E01/verify-stage-r03/A15/cases/subagent-dispatch-child-lineage-recorded.json
dce5bbb9b54961ee64c8634f90f4f2600975918f6a2590b57b7b28dd425016bd  ??  artifacts/rust-tauri/R03/T08-E01/verify-stage-r03/A15/cases/subagent-escalation-write-denied-zero-children.json
dcd19d358a8a5e560042eee304f1f5460d1c79ba1a64d611fb1007b830562010  ??  artifacts/rust-tauri/R03/T08-E01/verify-stage-r03/A15/cases/subagent-policy-proactive-delegation-default-off.json
ffef3903ae224f661b415622ed9c76da5e265c01a9c15b867f429c1f6d10ef15  ??  artifacts/rust-tauri/R03/T08-E01/verify-stage-r03/A15/cases/subagent-reply-continues-thread.json
68d15df7292608d2a400c54ab895533d8056286e5586ecb6d956e87b1b2ac4b8  ??  artifacts/rust-tauri/R03/T08-E01/verify-stage-r03/A15/combo-counts.json
4c56fd82542a56017ef5e59d3b0c9752ede52032f31f31c24c2de458153ad296  ??  artifacts/rust-tauri/R03/T08-E01/verify-stage-r03/A15/combos/cancel-approval-wait.json
f861ce9b1dbe64f781134bae916b9c8f2503f4ad8572e98bfc18d180a4e35e33  ??  artifacts/rust-tauri/R03/T08-E01/verify-stage-r03/A15/combos/cancel-stream-read.json
76b74d822e65d068718af971eb29865cc4891a50d128a35b0bc955cc3b6b65a2  ??  artifacts/rust-tauri/R03/T08-E01/verify-stage-r03/A15/combos/crash-recovery.json
ef5545b54a472c39f9b09d995f9ba2e3671618a56d4de3eb7fe4fad24d81f22b  ??  artifacts/rust-tauri/R03/T08-E01/verify-stage-r03/A15/combos/cross-session-parallel.json
7f7fd9a6f050ba6811d5b1d7313d11473f92089a4ec0fd2335779e99b59cdaa1  ??  artifacts/rust-tauri/R03/T08-E01/verify-stage-r03/A15/combos/duplicate-submission.json
bc33f4da54e3db7ed77d1d11272d9a0003c142210052e902a4b26b0eb263fabf  ??  artifacts/rust-tauri/R03/T08-E01/verify-stage-r03/A15/combos/leaf-parent-cancel.json
a59635405b3569b1c0c950cb282ecf3749923b36c6b1b5e4d3d21fc3f4458102  ??  artifacts/rust-tauri/R03/T08-E01/verify-stage-r03/A15/combos/leaf-steer.json
fd60e4ca043c4073ddf838b3f0fe918436ede45ff7765efc8f1cad42821186f4  ??  artifacts/rust-tauri/R03/T08-E01/verify-stage-r03/A15/combos/multi-tool.json
075cad25ce0207f3b49138b8d415d0db78da1005207b2f64d282b478bffa44ae  ??  artifacts/rust-tauri/R03/T08-E01/verify-stage-r03/A15/combos/multi-turn-model.json
f94832aef81d68346dd1b25b1ad7312d6bc141a69a616a218b640aa170fbebcb  ??  artifacts/rust-tauri/R03/T08-E01/verify-stage-r03/A15/combos/normal.json
44f5b48c4f288ee214f7053e16857997f1fb66a6be241466141301a16c6872e7  ??  artifacts/rust-tauri/R03/T08-E01/verify-stage-r03/A15/combos/timeout-budget.json
505ecfbac3942739846be3a188cabea9d26c9641628253767c5457bdff2ab44f  ??  artifacts/rust-tauri/R03/T08-E01/verify-stage-r03/A15/leaf-cases.json
cfda19ea2bd03f1cfdc8f59e45095b5464996aebdc056fd8a562389412c023d4  ??  artifacts/rust-tauri/R03/T08-E01/verify-stage-r03/A15/summary.txt
9a652a14c5a43c20164935bd4963aa32c2a32445a13a91c504c563352517c3b7  ??  artifacts/rust-tauri/R03/T08-E01/verify-stage-r03/A16/captured-seed.txt
9a652a14c5a43c20164935bd4963aa32c2a32445a13a91c504c563352517c3b7  ??  artifacts/rust-tauri/R03/T08-E01/verify-stage-r03/A16/p2-captured-seed-attempt-0.txt
9a652a14c5a43c20164935bd4963aa32c2a32445a13a91c504c563352517c3b7  ??  artifacts/rust-tauri/R03/T08-E01/verify-stage-r03/A16/p3-replay-1-seed.txt
9a652a14c5a43c20164935bd4963aa32c2a32445a13a91c504c563352517c3b7  ??  artifacts/rust-tauri/R03/T08-E01/verify-stage-r03/A16/p3-replay-2-seed.txt
3fd4aaf96fe0793daf71f6aa3f52fa6c74856c7ddd31d414962724cf4df651d5  ??  artifacts/rust-tauri/R03/T08-E01/verify-stage-r03/A16/seed-mechanism.json
7d823ecd2fe778be4bc9ccdeaa060189bb8c8a9e8bd9737f51cb16fbd9b11f68  ??  artifacts/rust-tauri/R03/T08-E01/verify-stage-r03/A16/summary.txt
02a1ee67ac44b6384b811b58906b9e365aa27584f77a659856a56e5d52a7d292  ??  artifacts/rust-tauri/R03/T08-E01/verify-stage-r03/R02/A05_A06/.last-body
1319bbe558a1a9043433da92529bc8c24d2b6fbcabc962836a938e946e273399  ??  artifacts/rust-tauri/R03/T08-E01/verify-stage-r03/R02/A05_A06/body-limit.txt
c0c19dff508a998f0c6e1fbf2643c2d78647cd6495bc53c57d2566877a3abc0b  ??  artifacts/rust-tauri/R03/T08-E01/verify-stage-r03/R02/A05_A06/cli-sessions-limit-case.json
a5fbdf0fc69a44cd29d36fafddb7d0f350242cc4049dfaac0d354642f19336f9  ??  artifacts/rust-tauri/R03/T08-E01/verify-stage-r03/R02/A05_A06/creds-after-authz.json
b822e0467288d1fc0bded9f488433ec1110cd3fb2eacffba39fdbfde7bd475e9  ??  artifacts/rust-tauri/R03/T08-E01/verify-stage-r03/R02/A05_A06/creds-before-authz.json
55e4e09aa5b10273010d3b19473aa7d7b7119f8dcadb3238e433b5b795901fc4  ??  artifacts/rust-tauri/R03/T08-E01/verify-stage-r03/R02/A05_A06/devices-after-authz.json
6b06569b46d88f74b191220d93c647fae613ba3c09f262977cc8ff90d96ddf6b  ??  artifacts/rust-tauri/R03/T08-E01/verify-stage-r03/R02/A05_A06/devices-before-authz.json
76834bc529d11787b939aabc0ac10fdbd13486f8887af6612130e39f6645cbf8  ??  artifacts/rust-tauri/R03/T08-E01/verify-stage-r03/R02/A05_A06/leaf-cases.json
66b54b2d9ced8ffe5939e382018137eeff2e274d2cdc5ba973da86ce2f5c98b3  ??  artifacts/rust-tauri/R03/T08-E01/verify-stage-r03/R02/A05_A06/leaf-cases.ndjson
4eabc831624aa991fa452fae0491d7733b2fdc0729b1d8f518d7c1c009446164  ??  artifacts/rust-tauri/R03/T08-E01/verify-stage-r03/R02/A05_A06/me-denied-after.sha256
4eabc831624aa991fa452fae0491d7733b2fdc0729b1d8f518d7c1c009446164  ??  artifacts/rust-tauri/R03/T08-E01/verify-stage-r03/R02/A05_A06/me-denied-before.sha256
9901fa4939e8c0683cc392787126273c429530490fdebe18e68d1ad0c6fc2459  ??  artifacts/rust-tauri/R03/T08-E01/verify-stage-r03/R02/A05_A06/sessions-list-matrix.json
8f62bf533dcf63c9e7363e9264b974b02388fc8e537bdd768b9447b937e7de3b  ??  artifacts/rust-tauri/R03/T08-E01/verify-stage-r03/R02/A05_A06/state-after-authn.txt
7f2a53cded95c0cccf9aa29da3ec3e5d784fe8eff1c4e994239a3d9d957315e7  ??  artifacts/rust-tauri/R03/T08-E01/verify-stage-r03/R02/A05_A06/state-after.txt
8f62bf533dcf63c9e7363e9264b974b02388fc8e537bdd768b9447b937e7de3b  ??  artifacts/rust-tauri/R03/T08-E01/verify-stage-r03/R02/A05_A06/state-before-authz.txt
8f62bf533dcf63c9e7363e9264b974b02388fc8e537bdd768b9447b937e7de3b  ??  artifacts/rust-tauri/R03/T08-E01/verify-stage-r03/R02/A05_A06/state-before.txt
01ec136ee833923535ff70d32f67b4e8858acf4ab02efaf0dfd22f9f090df9f8  ??  artifacts/rust-tauri/R03/T08-E01/verify-stage-r03/R02/A05_A06/summary.txt
d19a8c75787868804f27ef7d262c4194e4d38e733017ba17c1e8dece60cb223d  ??  artifacts/rust-tauri/R03/T08-E01/verify-stage-r03/R02/A05_A06/ws-matrix.json
d444faeb221b1d9103047dc04ef2afd1c9907b29a0dd114709f2c4ee356ea4dd  ??  artifacts/rust-tauri/R03/T08-E01/verify-stage-r03/R02/A07_A08/last-db-hashes.txt
e613a984930f45c73fa5aa79af6955b0ac56faa30868e1da85d84a96a180eee3  ??  artifacts/rust-tauri/R03/T08-E01/verify-stage-r03/R02/A07_A08/s1-counts-after-stop.json
6e11d3157e36f2f24de72943cc5df97aec8475c1e95a29c6fed9cc451e41da10  ??  artifacts/rust-tauri/R03/T08-E01/verify-stage-r03/R02/A07_A08/s2-counts-after-crash.json
2b7ca60d37d4427acad64fbea4af9bc17787c1ccd7456ade972a1c56972e45de  ??  artifacts/rust-tauri/R03/T08-E01/verify-stage-r03/R02/A07_A08/s2-runs-dump.jsonl
f0aade0b672156980f61925e18ea90a2bf1a337c908a94386a3c5f00fa235090  ??  artifacts/rust-tauri/R03/T08-E01/verify-stage-r03/R02/A07_A08/s3-fault.err
e3b0c44298fc1c149afbf4c8996fb92427ae41e4649b934ca495991b7852b855  ??  artifacts/rust-tauri/R03/T08-E01/verify-stage-r03/R02/A07_A08/s3-fault.out
ad25acb1ed2b66115b3a1bc1794a10de00660b9f3720152a703c99fc0ff9873b  ??  artifacts/rust-tauri/R03/T08-E01/verify-stage-r03/R02/A07_A08/s4-hashes-after.txt
ad25acb1ed2b66115b3a1bc1794a10de00660b9f3720152a703c99fc0ff9873b  ??  artifacts/rust-tauri/R03/T08-E01/verify-stage-r03/R02/A07_A08/s4-hashes-before.txt
cbf7918e86a7fc874ccebd5066dae55ea6797e180fe3b59bb6c13531723fc811  ??  artifacts/rust-tauri/R03/T08-E01/verify-stage-r03/R02/A07_A08/s4-migrations-round1.json
cbf7918e86a7fc874ccebd5066dae55ea6797e180fe3b59bb6c13531723fc811  ??  artifacts/rust-tauri/R03/T08-E01/verify-stage-r03/R02/A07_A08/s4-migrations-round2.json
cbf7918e86a7fc874ccebd5066dae55ea6797e180fe3b59bb6c13531723fc811  ??  artifacts/rust-tauri/R03/T08-E01/verify-stage-r03/R02/A07_A08/s4-migrations-round3.json
820adaf9f675ba569d94f183e3e98a648f46aafa3938e04fd7e53d3f627eee9a  ??  artifacts/rust-tauri/R03/T08-E01/verify-stage-r03/R02/A07_A08/service-s1.err
457a35fd05b579bc1507c3422d38cb7fc5c5a3c0e7dd5b7488ad3c7689edbb4b  ??  artifacts/rust-tauri/R03/T08-E01/verify-stage-r03/R02/A07_A08/service-s1.out
c452b5f0b2e329354852a75b2b07a8e702eae188b638753f467cb6d029d77d10  ??  artifacts/rust-tauri/R03/T08-E01/verify-stage-r03/R02/A07_A08/service-s1b.err
f4b5153f7dae9f8d5617f690886bdd8c94aca734f2ee8fd42aaacc566f9bd070  ??  artifacts/rust-tauri/R03/T08-E01/verify-stage-r03/R02/A07_A08/service-s1b.out
6e6f08071f4ff88050202d56c7cffb71ab5af7339c0e96f6032ce8f6480dcdef  ??  artifacts/rust-tauri/R03/T08-E01/verify-stage-r03/R02/A07_A08/service-s2.err
ac707ad86579c852774422aaf6cb4c840d3ab2ddf47035f595b96be190f896d7  ??  artifacts/rust-tauri/R03/T08-E01/verify-stage-r03/R02/A07_A08/service-s2.out
dc94f3ec5b1ed4a42f0f87ecfef70b341cbe43f2b2424ce4d5a157b4a5f0069d  ??  artifacts/rust-tauri/R03/T08-E01/verify-stage-r03/R02/A07_A08/service-s2b.err
9ad0e6c1920db2b81163490c95d9785d3f5394d0f9b9220bd46d24aa0690c751  ??  artifacts/rust-tauri/R03/T08-E01/verify-stage-r03/R02/A07_A08/service-s2b.out
362c03db4e9010336858ae4d8a503f4d318e1ffed27e8e937771d751574b394f  ??  artifacts/rust-tauri/R03/T08-E01/verify-stage-r03/R02/A07_A08/service-s4-1.err
61ec289f2a7c4aab0c0ac1ffafe77c561f1e172357c0124a4aae7a8addab8341  ??  artifacts/rust-tauri/R03/T08-E01/verify-stage-r03/R02/A07_A08/service-s4-1.out
a0f070a4a95d1bc880ba11fbda3f746f43a1ea3ef23f16759f5e024e5e07232c  ??  artifacts/rust-tauri/R03/T08-E01/verify-stage-r03/R02/A07_A08/service-s4-2.err
bcdb2eae65c9d115e84034e9ffb1134684890b323f6c1c204897b6bfb695325b  ??  artifacts/rust-tauri/R03/T08-E01/verify-stage-r03/R02/A07_A08/service-s4-2.out
e69335df0a6bb0cb5f3fd74a65de191f1a4b9fe03fceb294db3f3e876c01460a  ??  artifacts/rust-tauri/R03/T08-E01/verify-stage-r03/R02/A07_A08/service-s4-3.err
5686a4e85c3db6eb89953d495193d0de0bff4f8787c445acb88c5adedd1ce153  ??  artifacts/rust-tauri/R03/T08-E01/verify-stage-r03/R02/A07_A08/service-s4-3.out
b5d9199b46f1e22ba3b68e3c8d9a3cdc8ef41661395f3c2389bc038aa835cb00  ??  artifacts/rust-tauri/R03/T08-E01/verify-stage-r03/R02/A07_A08/service.addr
1863087f11c8e4bacf439f8b2d69bd5c37b223b5e2ca17e5a4f4e6b60a77107f  ??  artifacts/rust-tauri/R03/T08-E01/verify-stage-r03/R02/A07_A08/service.pid
0ea0a381f0aee00cd29435e419fe273f9c3bf82bf3e6a955e985efa7b1c31fcc  ??  artifacts/rust-tauri/R03/T08-E01/verify-stage-r03/R02/A07_A08/summary.txt
843c1b54db0d22fd18f890c6faa588f34a69cd5f883886dc35fdac8240558ffd  ??  artifacts/rust-tauri/R03/T08-E01/verify-stage-r03/R02/A09_A10/a09-merged-view.json
310ffe4ffcb8cc0db3daa673b1e5f9af5518246222fd4e3ec35834d4c7d667d4  ??  artifacts/rust-tauri/R03/T08-E01/verify-stage-r03/R02/A09_A10/a10-rebuild-diff.json
c5607c041abbb492f6d5dfc2ce51050df0b785c3984f0bcf0d71624a810ea84f  ??  artifacts/rust-tauri/R03/T08-E01/verify-stage-r03/R02/A09_A10/key-events-dump.json
62d974f2b4effc8c617f4957871a82aa550250cf834be965448473f1d1bcac5d  ??  artifacts/rust-tauri/R03/T08-E01/verify-stage-r03/R02/A09_A10/matrix.json
70b84131cbf2d0467cf8c7be7e45c9447ccded000c10e24c8f8bd0633029ef46  ??  artifacts/rust-tauri/R03/T08-E01/verify-stage-r03/R02/A09_A10/probe-matrix.jsonl
fb0655b2cee0f4f8eb3ed320cb765a941696f5ecce68b3e8188a72944cccdbad  ??  artifacts/rust-tauri/R03/T08-E01/verify-stage-r03/R02/A09_A10/service.err
d479f290afd8031740e474ec624077c3bf4b496905d2c6ae4d3a6f602d80cbc7  ??  artifacts/rust-tauri/R03/T08-E01/verify-stage-r03/R02/A09_A10/service.out
3dbdb0dbfedfb6e080a3e40d8f653566f048e94920fd32f5c435db31f8710323  ??  artifacts/rust-tauri/R03/T08-E01/verify-stage-r03/R02/A09_A10/summary.txt
dd63f79ce1a39fdef735dbb9eb292c3f8a45db77c2513d3cc7379e5dbe13749e  ??  artifacts/rust-tauri/R03/T08-E01/verify-stage-r03/R02/A11/backup-restore/s1-backup-dir-listing.txt
649d1bee0fc670f5cc2ec009f3299540118c87dc449061cd410124975965bbbd  ??  artifacts/rust-tauri/R03/T08-E01/verify-stage-r03/R02/A11/backup-restore/s1-backup-outcome.json
e3b0c44298fc1c149afbf4c8996fb92427ae41e4649b934ca495991b7852b855  ??  artifacts/rust-tauri/R03/T08-E01/verify-stage-r03/R02/A11/backup-restore/s1-backup.err
10e9026366cd8aa34c34365028520b8bdf62e47ef97df72e9a65b839abafd4a9  ??  artifacts/rust-tauri/R03/T08-E01/verify-stage-r03/R02/A11/backup-restore/s1-restore-outcome.json
e3b0c44298fc1c149afbf4c8996fb92427ae41e4649b934ca495991b7852b855  ??  artifacts/rust-tauri/R03/T08-E01/verify-stage-r03/R02/A11/backup-restore/s1-restore.err
fc13d725313ea80536a79d948701ab0b97434f71f10b50373287ecb205b360c6  ??  artifacts/rust-tauri/R03/T08-E01/verify-stage-r03/R02/A11/backup-restore/s1-restored-dump.jsonl
ee23c134509338e3d45bb53700b1c873d425b35df7ce8a15c2c091e41830f9b9  ??  artifacts/rust-tauri/R03/T08-E01/verify-stage-r03/R02/A11/backup-restore/s1-restored-hash.txt
fc13d725313ea80536a79d948701ab0b97434f71f10b50373287ecb205b360c6  ??  artifacts/rust-tauri/R03/T08-E01/verify-stage-r03/R02/A11/backup-restore/s1-source-dump.jsonl
3ee10d52e99e27543e73028665c337b7de9eb12639e10c8705de0a2963e0bda3  ??  artifacts/rust-tauri/R03/T08-E01/verify-stage-r03/R02/A11/backup-restore/s1-source-hash.txt
951e1f2cedf4a978898a4f9e620777561b8381ece9faf4223f8594a201f47f74  ??  artifacts/rust-tauri/R03/T08-E01/verify-stage-r03/R02/A11/backup-restore/s1-wal-size.txt
e3b0c44298fc1c149afbf4c8996fb92427ae41e4649b934ca495991b7852b855  ??  artifacts/rust-tauri/R03/T08-E01/verify-stage-r03/R02/A11/backup-restore/s3-backup-out.json
dca88468f43288206c17083bb73098f07a4706e19527a72c767ca5949af2e8c8  ??  artifacts/rust-tauri/R03/T08-E01/verify-stage-r03/R02/A11/backup-restore/s3-backup.err
9b33c4d50a9f7a0434980244454a85ce4288c7323241cf9ff22c50e6b8f8dd85  ??  artifacts/rust-tauri/R03/T08-E01/verify-stage-r03/R02/A11/backup-restore/s4-ws-probe.json
a4c3ed04a95a3da14a9d235c83d868bed7c0f45cf7f3faa751ee8f50598d2211  ??  artifacts/rust-tauri/R03/T08-E01/verify-stage-r03/R02/A11/backup-restore/s4-ws-probe.json.probe-done
e2d8de8a61bd41887faa91a1659678a1b167d5dc160ce75acdc8bad7f36fbf02  ??  artifacts/rust-tauri/R03/T08-E01/verify-stage-r03/R02/A11/backup-restore/service-s1.addr
dad3d4292012a6e6cd33abcbf44d290eee87619d4f2733a02b31a8815ccb53dc  ??  artifacts/rust-tauri/R03/T08-E01/verify-stage-r03/R02/A11/backup-restore/service-s1.err
e2db77e1415f49f5aa1fe8b6bcdac4a0448ec5b8824ac719940c4898b70f4c7e  ??  artifacts/rust-tauri/R03/T08-E01/verify-stage-r03/R02/A11/backup-restore/service-s1.out
769ff7b31cfa1501fd1b343ce2efaba82ad39d445db1d7a2b3f05cc22f255578  ??  artifacts/rust-tauri/R03/T08-E01/verify-stage-r03/R02/A11/backup-restore/service-s2.addr
c20afa5254f1729a255416bf68cf4fddb1fd6b701557058255cc65a3c2663809  ??  artifacts/rust-tauri/R03/T08-E01/verify-stage-r03/R02/A11/backup-restore/service-s2.err
6faabb1367f0c175cbb1910aa6ebc803173dfb8baf988867e4078b91e755b45f  ??  artifacts/rust-tauri/R03/T08-E01/verify-stage-r03/R02/A11/backup-restore/service-s2.out
29edf04a49c1b2cadb3c057ad15a769d2eacdedf2c782d703944c8ca76099184  ??  artifacts/rust-tauri/R03/T08-E01/verify-stage-r03/R02/A11/backup-restore/service-s4.addr
7be99e9b956cd85676a0b601cd575b9c6ee323cfffc507a983cd0bcf5017057c  ??  artifacts/rust-tauri/R03/T08-E01/verify-stage-r03/R02/A11/backup-restore/service-s4.err
1696803e936ba52968e82d44a78fa80b7630bd4b4f2c75a7bebaa25e161530a4  ??  artifacts/rust-tauri/R03/T08-E01/verify-stage-r03/R02/A11/backup-restore/service-s4.out
7c4a3046f7af19f2c614d0cd01eb3fc70f969df6fc1fc8bc25175a6c8df23898  ??  artifacts/rust-tauri/R03/T08-E01/verify-stage-r03/R02/A11/backup-restore/service.pid
a2910b627586f230c5d67d75dfd77cdff52fae4097ba84484b6b52581a2bd855  ??  artifacts/rust-tauri/R03/T08-E01/verify-stage-r03/R02/A11/backup-restore/summary.txt
026c539820b95930d772354925874f95071e55a69646b7b442ce5bc1adc33328  ??  artifacts/rust-tauri/R03/T08-E01/verify-stage-r03/R02/A12/recovery-drill/coexist-after.txt
026c539820b95930d772354925874f95071e55a69646b7b442ce5bc1adc33328  ??  artifacts/rust-tauri/R03/T08-E01/verify-stage-r03/R02/A12/recovery-drill/coexist-before.txt
ca9c405c0b91684ce9aa52ce691fdd4feff8caf10d2ecdcbfa354fcca2863b7e  ??  artifacts/rust-tauri/R03/T08-E01/verify-stage-r03/R02/A12/recovery-drill/own-created-homes.txt
4d7d02698760084334944883286d8a456a3da2fb342c587cade3720f0915a0cb  ??  artifacts/rust-tauri/R03/T08-E01/verify-stage-r03/R02/A12/recovery-drill/summary.txt
7b2f675d535131e9ee3b95eb996b520af42000b1efea572dc62eff72fd758a84  ??  artifacts/rust-tauri/R03/T08-E01/verify-stage-r03/R02/A12/recovery-drill/v1-hashes-after.txt
7b2f675d535131e9ee3b95eb996b520af42000b1efea572dc62eff72fd758a84  ??  artifacts/rust-tauri/R03/T08-E01/verify-stage-r03/R02/A12/recovery-drill/v1-hashes-before.txt
1c46ac3e59439c72a6ec7caf3aa9708a6df243251973c0350f94f083a1cdf0a4  ??  artifacts/rust-tauri/R03/T08-E01/verify-stage-r03/R02/A12/recovery-drill/v1.err
e3b0c44298fc1c149afbf4c8996fb92427ae41e4649b934ca495991b7852b855  ??  artifacts/rust-tauri/R03/T08-E01/verify-stage-r03/R02/A12/recovery-drill/v1.out
fcb269f1fc43e20619871bab0f6e464d30773313e55b17f725fc62249ab521be  ??  artifacts/rust-tauri/R03/T08-E01/verify-stage-r03/R02/A12/recovery-drill/v2-hashes-after.txt
fcb269f1fc43e20619871bab0f6e464d30773313e55b17f725fc62249ab521be  ??  artifacts/rust-tauri/R03/T08-E01/verify-stage-r03/R02/A12/recovery-drill/v2-hashes-before.txt
47e1c0052eb5c737b769923eb4e7252621c93f01709f9f2281b58a5758bc22ca  ??  artifacts/rust-tauri/R03/T08-E01/verify-stage-r03/R02/A12/recovery-drill/v2.err
e3b0c44298fc1c149afbf4c8996fb92427ae41e4649b934ca495991b7852b855  ??  artifacts/rust-tauri/R03/T08-E01/verify-stage-r03/R02/A12/recovery-drill/v2.out
a33ffd69acb495d9a221778bb2317e4cef00e4d752d794b9c1267890666ec43d  ??  artifacts/rust-tauri/R03/T08-E01/verify-stage-r03/R02/A12/recovery-drill/v3-hashes-after.txt
a33ffd69acb495d9a221778bb2317e4cef00e4d752d794b9c1267890666ec43d  ??  artifacts/rust-tauri/R03/T08-E01/verify-stage-r03/R02/A12/recovery-drill/v3-hashes-before.txt
fe3ed8f20d3dd77a5408fbc4120ecc7d4cfc22ca0237378404301094b4276a1d  ??  artifacts/rust-tauri/R03/T08-E01/verify-stage-r03/R02/A12/recovery-drill/v3.err
e3b0c44298fc1c149afbf4c8996fb92427ae41e4649b934ca495991b7852b855  ??  artifacts/rust-tauri/R03/T08-E01/verify-stage-r03/R02/A12/recovery-drill/v3.out
611d6aa0b33fabf705ef9caa929215be3cfa6561c29613b97181c88f13c9d58c  ??  artifacts/rust-tauri/R03/T08-E01/verify-stage-r03/R02/A12/recovery-drill/v4.err
73d9c0eeb202db693fc4eee76521558ab4a8c1488404218dd863d6c7924e5890  ??  artifacts/rust-tauri/R03/T08-E01/verify-stage-r03/R02/A12/recovery-drill/v4.out
6e59f53d514e7d32e7869becbc6173c5a5b999563bda9c4ac390cb43c633052e  ??  artifacts/rust-tauri/R03/T08-E01/verify-stage-r03/R02/A12/recovery-drill/v5-hashes-after.txt
6e59f53d514e7d32e7869becbc6173c5a5b999563bda9c4ac390cb43c633052e  ??  artifacts/rust-tauri/R03/T08-E01/verify-stage-r03/R02/A12/recovery-drill/v5-hashes-before.txt
cbfdd0c7d10a44ae0b24fd9205a277d2c42bb49f39817b79801e52946e6a3569  ??  artifacts/rust-tauri/R03/T08-E01/verify-stage-r03/R02/A12/recovery-drill/v5.err
e3b0c44298fc1c149afbf4c8996fb92427ae41e4649b934ca495991b7852b855  ??  artifacts/rust-tauri/R03/T08-E01/verify-stage-r03/R02/A12/recovery-drill/v5.out
634c2b682c936fec4cedf41e5970302ef5600421defafcd95a321a03ee4cf56f  ??  artifacts/rust-tauri/R03/T08-E01/verify-stage-r03/R02/A12/recovery-drill/v6-recovered-dump.jsonl
27badc983df1780b60c2b3fa9d3a19a00e46aac798451f0febdca52920faaddf  ??  artifacts/rust-tauri/R03/T08-E01/verify-stage-r03/R02/A12/recovery-drill/v6-seed-execute.txt
38a3ea21bd11f82d7f3c99312e248273f8f5a9bc143b45e42d6b5f0ff126434e  ??  artifacts/rust-tauri/R03/T08-E01/verify-stage-r03/R02/A12/recovery-drill/v6-seed.err
99c60b8a187a34e8535829ae4640cedc02b55b32d5081059927e39e0eb52640f  ??  artifacts/rust-tauri/R03/T08-E01/verify-stage-r03/R02/A12/recovery-drill/v6-seed.out
1f9c07ba59bae4b12ae699dd2767b67b28e368903884ef2ac755370db20620a0  ??  artifacts/rust-tauri/R03/T08-E01/verify-stage-r03/R02/A12/recovery-drill/v6.err
fdf9cfd337def624f0a855ab7949c98b8a5f16cd4b2b53545d32a9ec70d45a47  ??  artifacts/rust-tauri/R03/T08-E01/verify-stage-r03/R02/A12/recovery-drill/v6.out
f967d468b424278efe2d3dbf8bab81715c96666f700897ef6719998beb485d88  ??  artifacts/rust-tauri/R03/T08-E01/verify-stage-r03/R02/A12/recovery-drill/v7-hashes-after.txt
f967d468b424278efe2d3dbf8bab81715c96666f700897ef6719998beb485d88  ??  artifacts/rust-tauri/R03/T08-E01/verify-stage-r03/R02/A12/recovery-drill/v7-hashes-before.txt
d74fcb08f84e6dc77d7331743d5deeb831b88b35aabcff00f37342beea44066d  ??  artifacts/rust-tauri/R03/T08-E01/verify-stage-r03/R02/A12/recovery-drill/v7-seed.err
793ba402e341647f4c64e29c10700fa2c501793329fed4c9a9dbfa977a4959df  ??  artifacts/rust-tauri/R03/T08-E01/verify-stage-r03/R02/A12/recovery-drill/v7-seed.out
1a87885f02f2608e90ffcaf3f700fecb445445e550aae6861aab708b24592f96  ??  artifacts/rust-tauri/R03/T08-E01/verify-stage-r03/R02/A12/recovery-drill/v7.err
e3b0c44298fc1c149afbf4c8996fb92427ae41e4649b934ca495991b7852b855  ??  artifacts/rust-tauri/R03/T08-E01/verify-stage-r03/R02/A12/recovery-drill/v7.out
a693ee1d59dd9500bcb6393a2fcbdc9811408bb56d1c606bdc3b122c84c0c8fd  ??  artifacts/rust-tauri/R03/T08-E01/verify-stage-r03/R02/A12/recovery-drill/v8-observed.err
42a558809a91cac8ebd954c9c719f40ba00309d4f2cd638d9f496f16d7f4426f  ??  artifacts/rust-tauri/R03/T08-E01/verify-stage-r03/R02/A12/recovery-drill/v8-seed.err
a68befba561b2be7429ba1da9e8159910368b9a9fda1618a8a31ed6420ec93d4  ??  artifacts/rust-tauri/R03/T08-E01/verify-stage-r03/R02/A12/recovery-drill/v8-seed.out
a693ee1d59dd9500bcb6393a2fcbdc9811408bb56d1c606bdc3b122c84c0c8fd  ??  artifacts/rust-tauri/R03/T08-E01/verify-stage-r03/R02/A12/recovery-drill/v8.err
4318d81c29231be3d301c6c8116b43c1bd88f5ecfe766e658dd45942de7d5fba  ??  artifacts/rust-tauri/R03/T08-E01/verify-stage-r03/R02/A12/recovery-drill/v8.out
1868454b574d096784e529868c008f34ebc1bd2ba7c8b1b628e9cd1fb04f8dbe  ??  artifacts/rust-tauri/R03/T08-E01/verify-stage-r03/R02/A15/full-chain/pre-restart-head.json
e3b0c44298fc1c149afbf4c8996fb92427ae41e4649b934ca495991b7852b855  ??  artifacts/rust-tauri/R03/T08-E01/verify-stage-r03/R02/A15/full-chain/probe1.err
f79a6c1b4aafbdd1e358c896d7e34dfa60210b31ce33437676e8797ed425270c  ??  artifacts/rust-tauri/R03/T08-E01/verify-stage-r03/R02/A15/full-chain/probe1.pass-lines
e3b0c44298fc1c149afbf4c8996fb92427ae41e4649b934ca495991b7852b855  ??  artifacts/rust-tauri/R03/T08-E01/verify-stage-r03/R02/A15/full-chain/probe2.err
28a411dc95be7e6596d2954fdbecf8eb034d9f8dc1248ab1d111c07c1c218b89  ??  artifacts/rust-tauri/R03/T08-E01/verify-stage-r03/R02/A15/full-chain/probe2.pass-lines
3c83aaad2703292c002631599e0c5e2e473107ae6d5e6af48eafcd7170cc1b9c  ??  artifacts/rust-tauri/R03/T08-E01/verify-stage-r03/R02/A15/full-chain/service1.err
b83f28fa6bf55f2ae64c902ca46463a195caf6d4a441db599eb01a07b61d5076  ??  artifacts/rust-tauri/R03/T08-E01/verify-stage-r03/R02/A15/full-chain/service1.out
ea284e89f0859a5311ae402de0f39f88d08514b6eccd98312f543286a4bb5393  ??  artifacts/rust-tauri/R03/T08-E01/verify-stage-r03/R02/A15/full-chain/service2.err
c62c313ecbe1be68fc41b4023022341e0d6c68459377901d7306691856126e15  ??  artifacts/rust-tauri/R03/T08-E01/verify-stage-r03/R02/A15/full-chain/service2.out
c138281e35091447390e6c61ae1f89460cace5a76bd09c9acc595eb6300269de  ??  artifacts/rust-tauri/R03/T08-E01/verify-stage-r03/R02/A15/full-chain/summary.txt
523ab963a6589a5728516dedfd166d3bb33ca94dad0fc96ba72028e6cc17b218  ??  artifacts/rust-tauri/R03/T08-E01/verify-stage-r03/R02/A16/legacy-entry/e0-base-purity.txt
939309e27bdbd68530bb3f9f352efe01ed95de0bcdec921a7b123c822d58a6ed  ??  artifacts/rust-tauri/R03/T08-E01/verify-stage-r03/R02/A16/legacy-entry/e0-candidate-binding.tsv
7deab269990f9b432c2517735036fa64794f01078c06011d8b0319b003745ede  ??  artifacts/rust-tauri/R03/T08-E01/verify-stage-r03/R02/A16/legacy-entry/e0-candidate-dirty.diff
bd1be2ee4a10dabe0dc1081f579781726727f33fa7c4f062de97b319364baa35  ??  artifacts/rust-tauri/R03/T08-E01/verify-stage-r03/R02/A16/legacy-entry/e0-candidate-dirty.txt
dafecdaa505ce47155b8f0b1a6b9d326f65e6e84a229add0428c0fb851a0e505  ??  artifacts/rust-tauri/R03/T08-E01/verify-stage-r03/R02/A16/legacy-entry/e1-binding-surface-intersect.txt
e478b5019f8dc054385b670fc46863aacb8ae7bb2c6af54b195ae23a7474e9a3  ??  artifacts/rust-tauri/R03/T08-E01/verify-stage-r03/R02/A16/legacy-entry/e1-default-entry-assertions.txt
c290e5efd31bc081acd023ea447b5df27ff4ba8703d5be4e3a02c9b69f0782f8  ??  artifacts/rust-tauri/R03/T08-E01/verify-stage-r03/R02/A16/legacy-entry/e1-surface-diff-files.txt
65a8e4d55d1d7b3d0f11e06928569acf896fdaa4c01cf07c3eb17427b16c603a  ??  artifacts/rust-tauri/R03/T08-E01/verify-stage-r03/R02/A16/legacy-entry/e5-cause-classes.txt
a6336e88a861d5d65bf8332c6e104672fbecde11272907b15e2847bc36cfc7b2  ??  artifacts/rust-tauri/R03/T08-E01/verify-stage-r03/R02/A16/legacy-entry/e5-seal-family.txt
a0662f09f3dda47dfb420f0e169bb4140879f63f17fd932fc520317119052af7  ??  artifacts/rust-tauri/R03/T08-E01/verify-stage-r03/R02/A16/legacy-entry/summary.txt
41cc91522cd2830a3feb9cbd9efd37d5468326f337e46878a6a27d2147cc4094  ??  artifacts/rust-tauri/R03/T08-E01/verify-stage-r03/candidate-source-after.json
41cc91522cd2830a3feb9cbd9efd37d5468326f337e46878a6a27d2147cc4094  ??  artifacts/rust-tauri/R03/T08-E01/verify-stage-r03/candidate-source-before.json
d05349c6d03041d163b984666e9baeffab845791066d3d80aa63d29623113ed7  ??  artifacts/rust-tauri/R03/T08-E01/verify-stage-r03/verify-stage-result.json
f5b0981175fe9bd307c7bb4e8dcb8490cfa58585d62d9c3e2f7eb03e4e875e54  ??  artifacts/rust-tauri/R03/T08-R01-review/verify-stage-r03/A15/cases/background-run-completes-decoupled.json
fda5f46e011354371ff149d97818d48d3b78dca205e17e8a7b39dba1cb4013e6  ??  artifacts/rust-tauri/R03/T08-R01-review/verify-stage-r03/A15/cases/background-survives-unrelated-cancel.json
92eebd1162583e5ed42a8e61a80b5c84e94753ed6562c35c930ebb65f6e23f01  ??  artifacts/rust-tauri/R03/T08-R01-review/verify-stage-r03/A15/cases/cancel-live-run-accepted-terminal-cancelled.json
edc380e78d3b8f95b51f12c2bbfcb702760327da3f20bd6c9f456b5c7e0934de  ??  artifacts/rust-tauri/R03/T08-R01-review/verify-stage-r03/A15/cases/cancel-terminal-run-already-terminal.json
e320e539d701e4f285fcff1a42629b28016fa5f103e77fccb5c1ddf921155742  ??  artifacts/rust-tauri/R03/T08-R01-review/verify-stage-r03/A15/cases/cancel-unknown-run-not-found.json
a513a19cd5ca9bc857d2e01c9be7ec61e3e5677e7d1948db618b31fb7aba127a  ??  artifacts/rust-tauri/R03/T08-R01-review/verify-stage-r03/A15/cases/cancel-waiting-approval-cancels-cleanly.json
602b436fbd1f0de778ca086853030197fe28a3fde1a5f694ebea64e4f8779c8a  ??  artifacts/rust-tauri/R03/T08-R01-review/verify-stage-r03/A15/cases/combo-cancel-stream-terminal-cancelled.json
b24ff9cdbb08092492dd68815bdf3c4a6f38c8e2a42cd79c30abbfcacdfef745  ??  artifacts/rust-tauri/R03/T08-R01-review/verify-stage-r03/A15/cases/combo-crash-recovery-honest-interrupted.json
d9e8dea9429b0f0c9fc86be7f31dcd96b4b227e1174dcdea6d1f00b177ec2987  ??  artifacts/rust-tauri/R03/T08-R01-review/verify-stage-r03/A15/cases/combo-cross-session-both-complete.json
106bebd1aa293f120bb83f22b33de1e19ae817a4963587e2ee17be8731293349  ??  artifacts/rust-tauri/R03/T08-R01-review/verify-stage-r03/A15/cases/combo-duplicate-conflict-rejected.json
eafb37ffcb4d76d45d58a64d80d9ef413064c1f979d64ba1cc2e609d147963fc  ??  artifacts/rust-tauri/R03/T08-R01-review/verify-stage-r03/A15/cases/combo-duplicate-replay-no-second-run.json
346e6cb6ae16f125e4bbfdbf24d2bbcf63c92fa9642b2676fa06a78bfa1e8fdb  ??  artifacts/rust-tauri/R03/T08-R01-review/verify-stage-r03/A15/cases/combo-events-subscriber-saw-terminal.json
97a0c8f8404d1c042f8f7efd240d5d5f5446103b21bcccf9c5c90461b6082043  ??  artifacts/rust-tauri/R03/T08-R01-review/verify-stage-r03/A15/cases/combo-multi-tool-three-calls.json
aa936466e694a90f4087b7ae928f7c9b96ae1450073774fcb29d177dfa59c7b6  ??  artifacts/rust-tauri/R03/T08-R01-review/verify-stage-r03/A15/cases/combo-multi-turn-one-terminal.json
f7bdd9e301d37d6a062e13225cfc84d7e96c1f88cd75d34e300ab00dd0fad0a0  ??  artifacts/rust-tauri/R03/T08-R01-review/verify-stage-r03/A15/cases/combo-normal-run-completed.json
51d8bd26cb2f29bee74097b5ef9a36e3389a56a1c7127e86fa36d75a8106659e  ??  artifacts/rust-tauri/R03/T08-R01-review/verify-stage-r03/A15/cases/combo-out-of-order-late-result-fenced.json
e18f1fcb5cc4af47da6184707fb88e0c0ed656f1fafffe8020a3001c9826c931  ??  artifacts/rust-tauri/R03/T08-R01-review/verify-stage-r03/A15/cases/combo-timeout-budget-loud-failure.json
ccbc0f5c630f404851ca1c561fd5c73421ba9b217ceeff29973b263f05e30888  ??  artifacts/rust-tauri/R03/T08-R01-review/verify-stage-r03/A15/cases/parent-cancel-stops-child-run.json
d72d7e1151ea38a4eeb9ad435aa66dc376039e41ff714f9f550e1f2c8934585a  ??  artifacts/rust-tauri/R03/T08-R01-review/verify-stage-r03/A15/cases/reconnect-resume-no-model-restart.json
5d89ed42d309bfcfd13956b901f209eb432200e88c2ae1eea74d6eaffe625b2a  ??  artifacts/rust-tauri/R03/T08-R01-review/verify-stage-r03/A15/cases/steer-busy-accepted.json
360ccd0c00f5114974f5f2967860d1c339a2e2baa808a2f5dca49f334fe0d386  ??  artifacts/rust-tauri/R03/T08-R01-review/verify-stage-r03/A15/cases/steer-idle-miss.json
d00e58227225a313e612b18019d7f95a07382b0426ab7fbeb39bc4b05b740cc5  ??  artifacts/rust-tauri/R03/T08-R01-review/verify-stage-r03/A15/cases/steer-text-drained-into-model-input.json
1d91fbec57470aebfedf338d49c5109fdd0216e02d720737ed53335eb06ae4c8  ??  artifacts/rust-tauri/R03/T08-R01-review/verify-stage-r03/A15/cases/subagent-child-cancel-stops-child-only.json
25c6b5b26b72b0a4408db94f4f0e40b77faa84d32ccfeaffaf04e29fb20c07c9  ??  artifacts/rust-tauri/R03/T08-R01-review/verify-stage-r03/A15/cases/subagent-close-thread-closed-status.json
c8d7de61de38e7dfa38ea3376602da5c50882e6d6238c3a1ff61b6ac7df04418  ??  artifacts/rust-tauri/R03/T08-R01-review/verify-stage-r03/A15/cases/subagent-dispatch-child-lineage-recorded.json
dce5bbb9b54961ee64c8634f90f4f2600975918f6a2590b57b7b28dd425016bd  ??  artifacts/rust-tauri/R03/T08-R01-review/verify-stage-r03/A15/cases/subagent-escalation-write-denied-zero-children.json
dcd19d358a8a5e560042eee304f1f5460d1c79ba1a64d611fb1007b830562010  ??  artifacts/rust-tauri/R03/T08-R01-review/verify-stage-r03/A15/cases/subagent-policy-proactive-delegation-default-off.json
ffef3903ae224f661b415622ed9c76da5e265c01a9c15b867f429c1f6d10ef15  ??  artifacts/rust-tauri/R03/T08-R01-review/verify-stage-r03/A15/cases/subagent-reply-continues-thread.json
68d15df7292608d2a400c54ab895533d8056286e5586ecb6d956e87b1b2ac4b8  ??  artifacts/rust-tauri/R03/T08-R01-review/verify-stage-r03/A15/combo-counts.json
4c56fd82542a56017ef5e59d3b0c9752ede52032f31f31c24c2de458153ad296  ??  artifacts/rust-tauri/R03/T08-R01-review/verify-stage-r03/A15/combos/cancel-approval-wait.json
f861ce9b1dbe64f781134bae916b9c8f2503f4ad8572e98bfc18d180a4e35e33  ??  artifacts/rust-tauri/R03/T08-R01-review/verify-stage-r03/A15/combos/cancel-stream-read.json
76b74d822e65d068718af971eb29865cc4891a50d128a35b0bc955cc3b6b65a2  ??  artifacts/rust-tauri/R03/T08-R01-review/verify-stage-r03/A15/combos/crash-recovery.json
ef5545b54a472c39f9b09d995f9ba2e3671618a56d4de3eb7fe4fad24d81f22b  ??  artifacts/rust-tauri/R03/T08-R01-review/verify-stage-r03/A15/combos/cross-session-parallel.json
7f7fd9a6f050ba6811d5b1d7313d11473f92089a4ec0fd2335779e99b59cdaa1  ??  artifacts/rust-tauri/R03/T08-R01-review/verify-stage-r03/A15/combos/duplicate-submission.json
bc33f4da54e3db7ed77d1d11272d9a0003c142210052e902a4b26b0eb263fabf  ??  artifacts/rust-tauri/R03/T08-R01-review/verify-stage-r03/A15/combos/leaf-parent-cancel.json
a59635405b3569b1c0c950cb282ecf3749923b36c6b1b5e4d3d21fc3f4458102  ??  artifacts/rust-tauri/R03/T08-R01-review/verify-stage-r03/A15/combos/leaf-steer.json
fd60e4ca043c4073ddf838b3f0fe918436ede45ff7765efc8f1cad42821186f4  ??  artifacts/rust-tauri/R03/T08-R01-review/verify-stage-r03/A15/combos/multi-tool.json
075cad25ce0207f3b49138b8d415d0db78da1005207b2f64d282b478bffa44ae  ??  artifacts/rust-tauri/R03/T08-R01-review/verify-stage-r03/A15/combos/multi-turn-model.json
f94832aef81d68346dd1b25b1ad7312d6bc141a69a616a218b640aa170fbebcb  ??  artifacts/rust-tauri/R03/T08-R01-review/verify-stage-r03/A15/combos/normal.json
44f5b48c4f288ee214f7053e16857997f1fb66a6be241466141301a16c6872e7  ??  artifacts/rust-tauri/R03/T08-R01-review/verify-stage-r03/A15/combos/timeout-budget.json
505ecfbac3942739846be3a188cabea9d26c9641628253767c5457bdff2ab44f  ??  artifacts/rust-tauri/R03/T08-R01-review/verify-stage-r03/A15/leaf-cases.json
bdaad3ebf5ff0689f1652a4b7c24716f5b0138db8876d8941ceb6bbe390650fa  ??  artifacts/rust-tauri/R03/T08-R01-review/verify-stage-r03/A15/summary.txt
ad7d11a76b6150d7ae00a6209190dace1b68ccf8a596c57091d319a0712b6c5c  ??  artifacts/rust-tauri/R03/T08-R01-review/verify-stage-r03/R02/A05_A06/.last-body
1319bbe558a1a9043433da92529bc8c24d2b6fbcabc962836a938e946e273399  ??  artifacts/rust-tauri/R03/T08-R01-review/verify-stage-r03/R02/A05_A06/body-limit.txt
c0c19dff508a998f0c6e1fbf2643c2d78647cd6495bc53c57d2566877a3abc0b  ??  artifacts/rust-tauri/R03/T08-R01-review/verify-stage-r03/R02/A05_A06/cli-sessions-limit-case.json
0f9c827a29adeb8c07183800f7616da8d3750155c2da792ba6bfac57900db323  ??  artifacts/rust-tauri/R03/T08-R01-review/verify-stage-r03/R02/A05_A06/creds-after-authz.json
e0d1ea40d4bc71e121ed1591d2d88ecb6386b3c43ecf2e3e7f0d90e2af736f60  ??  artifacts/rust-tauri/R03/T08-R01-review/verify-stage-r03/R02/A05_A06/creds-before-authz.json
aa27f14fc5eb939bda62333e96376a6204bba3a360346b8c6fd01adbbf533bc1  ??  artifacts/rust-tauri/R03/T08-R01-review/verify-stage-r03/R02/A05_A06/devices-after-authz.json
42bee66b962e139346acbebbbf3f400a3e0f7b9988f4e25489995b914b9db72c  ??  artifacts/rust-tauri/R03/T08-R01-review/verify-stage-r03/R02/A05_A06/devices-before-authz.json
6a931e987972f528e102de7517ceec44f8c62b360518faad6d96af4db88506ea  ??  artifacts/rust-tauri/R03/T08-R01-review/verify-stage-r03/R02/A05_A06/leaf-cases.json
9b711a88a1d568a483bd9b91c222b38ea35217a971c2bc4b5fd952342275f395  ??  artifacts/rust-tauri/R03/T08-R01-review/verify-stage-r03/R02/A05_A06/leaf-cases.ndjson
47919e876244ce913a942dcdb640a363a3bcded8fd19b25ea5b3c49c81cc2f3d  ??  artifacts/rust-tauri/R03/T08-R01-review/verify-stage-r03/R02/A05_A06/me-denied-after.sha256
47919e876244ce913a942dcdb640a363a3bcded8fd19b25ea5b3c49c81cc2f3d  ??  artifacts/rust-tauri/R03/T08-R01-review/verify-stage-r03/R02/A05_A06/me-denied-before.sha256
9901fa4939e8c0683cc392787126273c429530490fdebe18e68d1ad0c6fc2459  ??  artifacts/rust-tauri/R03/T08-R01-review/verify-stage-r03/R02/A05_A06/sessions-list-matrix.json
95d34e59f3208ccc178d69810d14c448da5779e4e46af771d9a8ee307b38a5bd  ??  artifacts/rust-tauri/R03/T08-R01-review/verify-stage-r03/R02/A05_A06/state-after-authn.txt
8ed58c8210f5ca1a6385548b2161daa2ebe61c38d8e5fe8d0db57feb847eeb5c  ??  artifacts/rust-tauri/R03/T08-R01-review/verify-stage-r03/R02/A05_A06/state-after.txt
95d34e59f3208ccc178d69810d14c448da5779e4e46af771d9a8ee307b38a5bd  ??  artifacts/rust-tauri/R03/T08-R01-review/verify-stage-r03/R02/A05_A06/state-before-authz.txt
95d34e59f3208ccc178d69810d14c448da5779e4e46af771d9a8ee307b38a5bd  ??  artifacts/rust-tauri/R03/T08-R01-review/verify-stage-r03/R02/A05_A06/state-before.txt
ce7d0433601f3c9a2ba39aae3c0eb4d9c1fe06ce5813ee0ffe07df865d72da4c  ??  artifacts/rust-tauri/R03/T08-R01-review/verify-stage-r03/R02/A05_A06/summary.txt
96a97d8f170e1f2c8585083eee9c1257ce2bb2eb1726c6e47e2676ee89fd117f  ??  artifacts/rust-tauri/R03/T08-R01-review/verify-stage-r03/R02/A05_A06/ws-matrix.json
cbfb0be284bd04fefcfb1ef006fea7a6d1441d7f23728279acc3dd4f5780c1c8  ??  artifacts/rust-tauri/R03/T08-R01-review/verify-stage-r03/R02/A07_A08/last-db-hashes.txt
e613a984930f45c73fa5aa79af6955b0ac56faa30868e1da85d84a96a180eee3  ??  artifacts/rust-tauri/R03/T08-R01-review/verify-stage-r03/R02/A07_A08/s1-counts-after-stop.json
6e11d3157e36f2f24de72943cc5df97aec8475c1e95a29c6fed9cc451e41da10  ??  artifacts/rust-tauri/R03/T08-R01-review/verify-stage-r03/R02/A07_A08/s2-counts-after-crash.json
6e5afc94b8d52ec6ead3a3a069ce6bd9675ca49deddba938a48b2989ba6344ad  ??  artifacts/rust-tauri/R03/T08-R01-review/verify-stage-r03/R02/A07_A08/s2-runs-dump.jsonl
4d91437a5e4eff7c0671f6ecd19d4e9afb426c6c5ae9c499c7baf2cc9ced62b6  ??  artifacts/rust-tauri/R03/T08-R01-review/verify-stage-r03/R02/A07_A08/s3-fault.err
e3b0c44298fc1c149afbf4c8996fb92427ae41e4649b934ca495991b7852b855  ??  artifacts/rust-tauri/R03/T08-R01-review/verify-stage-r03/R02/A07_A08/s3-fault.out
f4bd6cdc5e7a9e3188d396c300918330f7f0cc870bf0e2c500b752455bcb9bc3  ??  artifacts/rust-tauri/R03/T08-R01-review/verify-stage-r03/R02/A07_A08/s4-hashes-after.txt
f4bd6cdc5e7a9e3188d396c300918330f7f0cc870bf0e2c500b752455bcb9bc3  ??  artifacts/rust-tauri/R03/T08-R01-review/verify-stage-r03/R02/A07_A08/s4-hashes-before.txt
d6b112d34fa381517af0a23938612f94f6982eb8ca8db2e47df19fc76336448e  ??  artifacts/rust-tauri/R03/T08-R01-review/verify-stage-r03/R02/A07_A08/s4-migrations-round1.json
d6b112d34fa381517af0a23938612f94f6982eb8ca8db2e47df19fc76336448e  ??  artifacts/rust-tauri/R03/T08-R01-review/verify-stage-r03/R02/A07_A08/s4-migrations-round2.json
d6b112d34fa381517af0a23938612f94f6982eb8ca8db2e47df19fc76336448e  ??  artifacts/rust-tauri/R03/T08-R01-review/verify-stage-r03/R02/A07_A08/s4-migrations-round3.json
f33803da809d6cf81e3208b7b60c2f45a67b9e8ba5362b63c2f6b9ae9b86642e  ??  artifacts/rust-tauri/R03/T08-R01-review/verify-stage-r03/R02/A07_A08/service-s1.err
992f916fdef2718c5f97b95d732ca697cf790f57dc9955accbbd8713291f6c83  ??  artifacts/rust-tauri/R03/T08-R01-review/verify-stage-r03/R02/A07_A08/service-s1.out
801b43a871e6cfdaa426f1fef4736847d36fce6dbfbcb921ec4a8b8ddfc4f2bb  ??  artifacts/rust-tauri/R03/T08-R01-review/verify-stage-r03/R02/A07_A08/service-s1b.err
0072510b0376918738d505ba8f5f76691185fcceb76b9cb72330a29586e1b200  ??  artifacts/rust-tauri/R03/T08-R01-review/verify-stage-r03/R02/A07_A08/service-s1b.out
f4077a1b955d0c00c9cb7e8f531f3e24fc70b12ef7ddf9481fdbc29d21fba8dc  ??  artifacts/rust-tauri/R03/T08-R01-review/verify-stage-r03/R02/A07_A08/service-s2.err
cfac4f4ff11fb8342ce5bf10955cfb85d9da2c434ed9b16e1f0037798af32515  ??  artifacts/rust-tauri/R03/T08-R01-review/verify-stage-r03/R02/A07_A08/service-s2.out
0c4d97ee812c8608bc337f85158f2514399e706486c6a087f48e424ed27b6cc6  ??  artifacts/rust-tauri/R03/T08-R01-review/verify-stage-r03/R02/A07_A08/service-s2b.err
7278a29ad8bf1f5dbb361e3532e9cab161d290d2db25fccde40cae8d2c1b28ba  ??  artifacts/rust-tauri/R03/T08-R01-review/verify-stage-r03/R02/A07_A08/service-s2b.out
8d32e5c3a16a3b40f61ec35b73068e003b9dafdc925717f2102ab1b080a50bf6  ??  artifacts/rust-tauri/R03/T08-R01-review/verify-stage-r03/R02/A07_A08/service-s4-1.err
dc33fcdbac03808abd73be689c0a4739736f087e7be0494ffb79fa3942281f8a  ??  artifacts/rust-tauri/R03/T08-R01-review/verify-stage-r03/R02/A07_A08/service-s4-1.out
cec6b43c711a3a321ea82f2d9db0e203eeea103b4bcc0a61c22c6e9a086179b3  ??  artifacts/rust-tauri/R03/T08-R01-review/verify-stage-r03/R02/A07_A08/service-s4-2.err
ad7ffcf9e6e86585e610a31e2af6e034ada8c0518ccf6ab37a5acaf116f6e3bc  ??  artifacts/rust-tauri/R03/T08-R01-review/verify-stage-r03/R02/A07_A08/service-s4-2.out
c9d4da9490672e71e7939210641ba45cd29a14835dd4b1d55869047468d770d7  ??  artifacts/rust-tauri/R03/T08-R01-review/verify-stage-r03/R02/A07_A08/service-s4-3.err
792b48434eae02af6546703cbf159e86d7fcb3274b89958217e4fc71d92efa35  ??  artifacts/rust-tauri/R03/T08-R01-review/verify-stage-r03/R02/A07_A08/service-s4-3.out
0705688d5bfbb1d5da8b160fa9c59f90699d439df2ca184f2e1158448cfaadc4  ??  artifacts/rust-tauri/R03/T08-R01-review/verify-stage-r03/R02/A07_A08/service.addr
36107432e9f5abe7b977c390712f560e87d3d8e3abe03a87db59aebcf06009c0  ??  artifacts/rust-tauri/R03/T08-R01-review/verify-stage-r03/R02/A07_A08/service.pid
ef0c69072110e13bcf354619c10a98d842e8e82779465f9daa468de30a268a6b  ??  artifacts/rust-tauri/R03/T08-R01-review/verify-stage-r03/R02/A07_A08/summary.txt
dd63f79ce1a39fdef735dbb9eb292c3f8a45db77c2513d3cc7379e5dbe13749e  ??  artifacts/rust-tauri/R03/T08-R01-review/verify-stage-r03/R02/A11/backup-restore/s1-backup-dir-listing.txt
22846049f6d834e5c8f652d8222b8fe41e31f31d230ca1bca0915f6d7abc91df  ??  artifacts/rust-tauri/R03/T08-R01-review/verify-stage-r03/R02/A11/backup-restore/s1-backup-outcome.json
e3b0c44298fc1c149afbf4c8996fb92427ae41e4649b934ca495991b7852b855  ??  artifacts/rust-tauri/R03/T08-R01-review/verify-stage-r03/R02/A11/backup-restore/s1-backup.err
00f791eaff4c299f717afe39e0d7c3795aac0cb9639827a4b8d06bc307d4887e  ??  artifacts/rust-tauri/R03/T08-R01-review/verify-stage-r03/R02/A11/backup-restore/s1-restore-outcome.json
e3b0c44298fc1c149afbf4c8996fb92427ae41e4649b934ca495991b7852b855  ??  artifacts/rust-tauri/R03/T08-R01-review/verify-stage-r03/R02/A11/backup-restore/s1-restore.err
0af30b4d49a888c285c966a647cd51131786e9f2cadc332b8e7df37c8ef12081  ??  artifacts/rust-tauri/R03/T08-R01-review/verify-stage-r03/R02/A11/backup-restore/s1-restored-dump.jsonl
e5149767577bfb15512b6a7b605ded122b86ea105a0f9e20510526975282495f  ??  artifacts/rust-tauri/R03/T08-R01-review/verify-stage-r03/R02/A11/backup-restore/s1-restored-hash.txt
0af30b4d49a888c285c966a647cd51131786e9f2cadc332b8e7df37c8ef12081  ??  artifacts/rust-tauri/R03/T08-R01-review/verify-stage-r03/R02/A11/backup-restore/s1-source-dump.jsonl
0f559d072692b5e6cf4ffec5331098b8264eed2e926df2003525377d6477ea50  ??  artifacts/rust-tauri/R03/T08-R01-review/verify-stage-r03/R02/A11/backup-restore/s1-source-hash.txt
951e1f2cedf4a978898a4f9e620777561b8381ece9faf4223f8594a201f47f74  ??  artifacts/rust-tauri/R03/T08-R01-review/verify-stage-r03/R02/A11/backup-restore/s1-wal-size.txt
e3b0c44298fc1c149afbf4c8996fb92427ae41e4649b934ca495991b7852b855  ??  artifacts/rust-tauri/R03/T08-R01-review/verify-stage-r03/R02/A11/backup-restore/s3-backup-out.json
763e76f86732e2fdeec87b1bdbd06b43060e7a85ba80d602219e55babd34a8de  ??  artifacts/rust-tauri/R03/T08-R01-review/verify-stage-r03/R02/A11/backup-restore/s3-backup.err
9b33c4d50a9f7a0434980244454a85ce4288c7323241cf9ff22c50e6b8f8dd85  ??  artifacts/rust-tauri/R03/T08-R01-review/verify-stage-r03/R02/A11/backup-restore/s4-ws-probe.json
a4c3ed04a95a3da14a9d235c83d868bed7c0f45cf7f3faa751ee8f50598d2211  ??  artifacts/rust-tauri/R03/T08-R01-review/verify-stage-r03/R02/A11/backup-restore/s4-ws-probe.json.probe-done
590df75d595e0b76f82187e43d38cc12627c5d3c1db66bb75815d78ae76df671  ??  artifacts/rust-tauri/R03/T08-R01-review/verify-stage-r03/R02/A11/backup-restore/service-s1.addr
e1087fd1e600e669392d762a45b6bb89cf5c5e5095e780518276fccc7e6986f6  ??  artifacts/rust-tauri/R03/T08-R01-review/verify-stage-r03/R02/A11/backup-restore/service-s1.err
9fb3f8e84df30865ef8cbf32a9a5984797d1a534861c33bc76069bae2cdbf57f  ??  artifacts/rust-tauri/R03/T08-R01-review/verify-stage-r03/R02/A11/backup-restore/service-s1.out
d5a96fd40c2a0f39d2c93804b59dc0d8af1781325ecebbfa41d23ee3148e16b3  ??  artifacts/rust-tauri/R03/T08-R01-review/verify-stage-r03/R02/A11/backup-restore/service-s2.addr
e7651848b2177614dba36caa815d620312227ad8f6afc81e7f003b758ac1d627  ??  artifacts/rust-tauri/R03/T08-R01-review/verify-stage-r03/R02/A11/backup-restore/service-s2.err
ac9b5e0054662f7089cc2210163eb482864d0e5de26e2b77b4053857eda7e3e0  ??  artifacts/rust-tauri/R03/T08-R01-review/verify-stage-r03/R02/A11/backup-restore/service-s2.out
7398c1a4efe9cb3582cdf478ee2053aabc5fc618ba45c27f38b41c6989f2ff5f  ??  artifacts/rust-tauri/R03/T08-R01-review/verify-stage-r03/R02/A11/backup-restore/service-s4.addr
af249716ffc014a7317afc7220097a41ec9c26d074dfd0c2567dfa159828a528  ??  artifacts/rust-tauri/R03/T08-R01-review/verify-stage-r03/R02/A11/backup-restore/service-s4.err
014ed9f7b80e745ea00d677eb5b2dda879c308e6ba03b37cf1033192b6af06c9  ??  artifacts/rust-tauri/R03/T08-R01-review/verify-stage-r03/R02/A11/backup-restore/service-s4.out
8780591b57ef6cba19b54b3f644cf189129cbbf2ad5ccd7314cad99ceea7da3f  ??  artifacts/rust-tauri/R03/T08-R01-review/verify-stage-r03/R02/A11/backup-restore/service.pid
668ed90314dae2acbb6362721a735ad323dcedd827e5ccc35d22848e6361a2f5  ??  artifacts/rust-tauri/R03/T08-R01-review/verify-stage-r03/R02/A11/backup-restore/summary.txt
568ca95b22eecfb096315f500ef6a0320114fd98b94bbb2a8ab9f5f7602ba8b5  ??  artifacts/rust-tauri/R03/T08-R01-review/verify-stage-r03/R02/A12/recovery-drill/coexist-after.txt
568ca95b22eecfb096315f500ef6a0320114fd98b94bbb2a8ab9f5f7602ba8b5  ??  artifacts/rust-tauri/R03/T08-R01-review/verify-stage-r03/R02/A12/recovery-drill/coexist-before.txt
08b0543fc9fd69f7c1a4f8948b59000167868217dad2970a9ad74ae44937a676  ??  artifacts/rust-tauri/R03/T08-R01-review/verify-stage-r03/R02/A12/recovery-drill/own-created-homes.txt
79be6d64aa93bf457e5b337dfa16a187af549e49a08c7760b4ddb0f61bedf8ac  ??  artifacts/rust-tauri/R03/T08-R01-review/verify-stage-r03/R02/A12/recovery-drill/summary.txt
7b2f675d535131e9ee3b95eb996b520af42000b1efea572dc62eff72fd758a84  ??  artifacts/rust-tauri/R03/T08-R01-review/verify-stage-r03/R02/A12/recovery-drill/v1-hashes-after.txt
7b2f675d535131e9ee3b95eb996b520af42000b1efea572dc62eff72fd758a84  ??  artifacts/rust-tauri/R03/T08-R01-review/verify-stage-r03/R02/A12/recovery-drill/v1-hashes-before.txt
37dc632ce5ecda7c278c32d4ce86970cd3493c14eea0aa604fa02b736e9e669d  ??  artifacts/rust-tauri/R03/T08-R01-review/verify-stage-r03/R02/A12/recovery-drill/v1.err
e3b0c44298fc1c149afbf4c8996fb92427ae41e4649b934ca495991b7852b855  ??  artifacts/rust-tauri/R03/T08-R01-review/verify-stage-r03/R02/A12/recovery-drill/v1.out
fcb269f1fc43e20619871bab0f6e464d30773313e55b17f725fc62249ab521be  ??  artifacts/rust-tauri/R03/T08-R01-review/verify-stage-r03/R02/A12/recovery-drill/v2-hashes-after.txt
fcb269f1fc43e20619871bab0f6e464d30773313e55b17f725fc62249ab521be  ??  artifacts/rust-tauri/R03/T08-R01-review/verify-stage-r03/R02/A12/recovery-drill/v2-hashes-before.txt
1adefc3b458d5994a8117cf29db2b5149570e502376320f58dcdeee81bff44b1  ??  artifacts/rust-tauri/R03/T08-R01-review/verify-stage-r03/R02/A12/recovery-drill/v2.err
e3b0c44298fc1c149afbf4c8996fb92427ae41e4649b934ca495991b7852b855  ??  artifacts/rust-tauri/R03/T08-R01-review/verify-stage-r03/R02/A12/recovery-drill/v2.out
a33ffd69acb495d9a221778bb2317e4cef00e4d752d794b9c1267890666ec43d  ??  artifacts/rust-tauri/R03/T08-R01-review/verify-stage-r03/R02/A12/recovery-drill/v3-hashes-after.txt
a33ffd69acb495d9a221778bb2317e4cef00e4d752d794b9c1267890666ec43d  ??  artifacts/rust-tauri/R03/T08-R01-review/verify-stage-r03/R02/A12/recovery-drill/v3-hashes-before.txt
7d7f6066fae2b01888a83ee01a709404a24fb165df02a4c78666ef5daec6c0ed  ??  artifacts/rust-tauri/R03/T08-R01-review/verify-stage-r03/R02/A12/recovery-drill/v3.err
e3b0c44298fc1c149afbf4c8996fb92427ae41e4649b934ca495991b7852b855  ??  artifacts/rust-tauri/R03/T08-R01-review/verify-stage-r03/R02/A12/recovery-drill/v3.out
b38392f5d8f22f9c115a1b8617f7aa31f0fdf14b538e03317349447d7bb540d2  ??  artifacts/rust-tauri/R03/T08-R01-review/verify-stage-r03/R02/A12/recovery-drill/v4.err
244b11ac529bdd5a9a5ab0fddfd8adeaa63b672f9fd75ed30e3ad07deac31a7b  ??  artifacts/rust-tauri/R03/T08-R01-review/verify-stage-r03/R02/A12/recovery-drill/v4.out
972b64921e8b830411b2c15be3071aded57b582bc30dd941c63687da305e86fb  ??  artifacts/rust-tauri/R03/T08-R01-review/verify-stage-r03/R02/A12/recovery-drill/v5-hashes-after.txt
972b64921e8b830411b2c15be3071aded57b582bc30dd941c63687da305e86fb  ??  artifacts/rust-tauri/R03/T08-R01-review/verify-stage-r03/R02/A12/recovery-drill/v5-hashes-before.txt
c4e3f74dbbc986d2877937143c0eebda1d687bba620fe238f5393247ff29ed79  ??  artifacts/rust-tauri/R03/T08-R01-review/verify-stage-r03/R02/A12/recovery-drill/v5.err
e3b0c44298fc1c149afbf4c8996fb92427ae41e4649b934ca495991b7852b855  ??  artifacts/rust-tauri/R03/T08-R01-review/verify-stage-r03/R02/A12/recovery-drill/v5.out
c0e9832daa1b1f3a2aa604b4724c23e952d10e8a2a80d7bddf019097786f633a  ??  artifacts/rust-tauri/R03/T08-R01-review/verify-stage-r03/R02/A12/recovery-drill/v6-recovered-dump.jsonl
27badc983df1780b60c2b3fa9d3a19a00e46aac798451f0febdca52920faaddf  ??  artifacts/rust-tauri/R03/T08-R01-review/verify-stage-r03/R02/A12/recovery-drill/v6-seed-execute.txt
154325c796b06f7cbc2dc2d6476574dd35bde7df8f202dfa985b510a160780f8  ??  artifacts/rust-tauri/R03/T08-R01-review/verify-stage-r03/R02/A12/recovery-drill/v6-seed.err
fab8b9250deb631d3d7cfa4bb4d92c91012525f69ebf31e3b5bc809beaaf51f5  ??  artifacts/rust-tauri/R03/T08-R01-review/verify-stage-r03/R02/A12/recovery-drill/v6-seed.out
721fa77c5d0cfd4983b5156ca0da2ef46038b5fe59af50a86574ebaa256ef47a  ??  artifacts/rust-tauri/R03/T08-R01-review/verify-stage-r03/R02/A12/recovery-drill/v6.err
8238b16f25fd31d825e336ce5b0741fcfdfeddd1c4e93bb6558fb78edfbf65bc  ??  artifacts/rust-tauri/R03/T08-R01-review/verify-stage-r03/R02/A12/recovery-drill/v6.out
060b00d8b56c29704ba34ba181274b2f917d18e454f6949c235eed4146950c14  ??  artifacts/rust-tauri/R03/T08-R01-review/verify-stage-r03/R02/A12/recovery-drill/v7-hashes-after.txt
060b00d8b56c29704ba34ba181274b2f917d18e454f6949c235eed4146950c14  ??  artifacts/rust-tauri/R03/T08-R01-review/verify-stage-r03/R02/A12/recovery-drill/v7-hashes-before.txt
ba0cfd7c13604d71ab67fb3b06298526be598f8b797c2aa374152b610d925ab9  ??  artifacts/rust-tauri/R03/T08-R01-review/verify-stage-r03/R02/A12/recovery-drill/v7-seed.err
0c1ee49dbc65f47160481890aa7efc90d687204873f3b8f92768faf7b97c8bd8  ??  artifacts/rust-tauri/R03/T08-R01-review/verify-stage-r03/R02/A12/recovery-drill/v7-seed.out
336a7a338017134159275f5cb5d6c36b9ed89d75bef875bb81c1f699219a4872  ??  artifacts/rust-tauri/R03/T08-R01-review/verify-stage-r03/R02/A12/recovery-drill/v7.err
e3b0c44298fc1c149afbf4c8996fb92427ae41e4649b934ca495991b7852b855  ??  artifacts/rust-tauri/R03/T08-R01-review/verify-stage-r03/R02/A12/recovery-drill/v7.out
b25b9e4d612370f9985084607839698855b055143fa62157667da145d50591db  ??  artifacts/rust-tauri/R03/T08-R01-review/verify-stage-r03/R02/A12/recovery-drill/v8-observed.err
8e27ef2e7ce2bfd426dac75f88203927ac17849e988be446482b0e6d95d4be79  ??  artifacts/rust-tauri/R03/T08-R01-review/verify-stage-r03/R02/A12/recovery-drill/v8-seed.err
7b79d50b651384507e9c9db9d53bc56f8054b7e363626cbd42a1616fdfceaf44  ??  artifacts/rust-tauri/R03/T08-R01-review/verify-stage-r03/R02/A12/recovery-drill/v8-seed.out
b25b9e4d612370f9985084607839698855b055143fa62157667da145d50591db  ??  artifacts/rust-tauri/R03/T08-R01-review/verify-stage-r03/R02/A12/recovery-drill/v8.err
741c4eb675fc0f417f71badc5ffa56db9a7dafe81bcb89528af06831f7be5d81  ??  artifacts/rust-tauri/R03/T08-R01-review/verify-stage-r03/R02/A12/recovery-drill/v8.out
b4531e3839f644f4f46870bcfaf430ae142dee08d12b0bb42e00679f0e36adea  ??  artifacts/rust-tauri/R03/T08-R01-review/verify-stage-r03/R02/A15/full-chain/pre-restart-head.json
e3b0c44298fc1c149afbf4c8996fb92427ae41e4649b934ca495991b7852b855  ??  artifacts/rust-tauri/R03/T08-R01-review/verify-stage-r03/R02/A15/full-chain/probe1.err
c7095726fe91d93a183fa7b5f37c79a72debb23176cfb652d685148ad2b98a97  ??  artifacts/rust-tauri/R03/T08-R01-review/verify-stage-r03/R02/A15/full-chain/probe1.pass-lines
e3b0c44298fc1c149afbf4c8996fb92427ae41e4649b934ca495991b7852b855  ??  artifacts/rust-tauri/R03/T08-R01-review/verify-stage-r03/R02/A15/full-chain/probe2.err
28a411dc95be7e6596d2954fdbecf8eb034d9f8dc1248ab1d111c07c1c218b89  ??  artifacts/rust-tauri/R03/T08-R01-review/verify-stage-r03/R02/A15/full-chain/probe2.pass-lines
c2e003b5880d2872a57fd61d610448070382dd83a7d8e09c9300aff1cc23977a  ??  artifacts/rust-tauri/R03/T08-R01-review/verify-stage-r03/R02/A15/full-chain/service1.err
6ad3ec820511155146a5576eea11587615becfb4e6e87fdfa7a179b3154fe5d6  ??  artifacts/rust-tauri/R03/T08-R01-review/verify-stage-r03/R02/A15/full-chain/service1.out
dfd72cc250166e1432cc9deb85fdabf506477d9af9a6c7e3857f9322e46d3f7f  ??  artifacts/rust-tauri/R03/T08-R01-review/verify-stage-r03/R02/A15/full-chain/service2.err
c04792e8f98b45b18c8860f25b0351cd89162515a5f8f5cf73b15112552cfe04  ??  artifacts/rust-tauri/R03/T08-R01-review/verify-stage-r03/R02/A15/full-chain/service2.out
f4da4df27e45644b10404fb65c25a66880d6c5d926aa564eb36b494bbeb7ad29  ??  artifacts/rust-tauri/R03/T08-R01-review/verify-stage-r03/R02/A15/full-chain/summary.txt
b86cc9f19d6f2574be13a40b9163e86e08e7e75a4386829d1a07fc568bed1fc4   M  docs/rust-tauri/R02/R02-T04_STORAGE_REGISTRY.json
a64e83dabb4fdd65c99499588dd8a48397ef3d11a76a500ef75dd66c03d58570  ??  docs/rust-tauri/R03/R03-T08_REPORT.md
5c888264869fe065080ba2f6568ca3a1b33b83eb07fc7dd725f9b273342f98ec  ??  docs/rust-tauri/R03/R03_ACCEPTANCE_LEDGER.json
43851b08460e4dfcf0cb2930a43958cfa6d6f117a9758869eb5ecc0184009c27  ??  docs/rust-tauri/R03/R03_HANDOFF.json
573aad2058bcf9d200d43c393d146586f0fbed047f7ab768df2d939d9ea4640a  ??  docs/rust-tauri/R03/R03_REPORT.md
d2d632719f0c9514b37e28a6d0c999811253818151b9e4052b210e5d3bca3617  ??  docs/rust-tauri/R03/dispatches/R03-T08_DISPATCH_E01.md
6ba64780eb140885ba8f255317767b99e2ec7446fbbe6e1aa39d1ed0a81cfc3a  ??  docs/rust-tauri/R03/dispatches/R03-T08_REVIEW_R01_DISPATCH.md
9557f1c0605650fade30f6ec3c20c0b0e1b1d909fcf1e1310385ea9c1678dcf0   M  rust/crates/lingxi-adapters/tests/late_result_fencing_property.rs
9d0368782ecc7db598a6ca6cd5a7f29a90828cf163df4ac7050bb770ae1ce54c   M  rust/crates/lingxi-adapters/tests/run_finalize_property.rs
ee98393956935a839d724e1772a9eab40edd5556c884bc1bd82135713eb2be63  ??  rust/crates/lingxi-service/tests/r03_t08_acceptance_matrix.rs
06d83cbaadc17d95bccb4fbd79c347c6136363a39e350119dad2e74a62eae492   M  rust/crates/xtask/src/main.rs
d1671f12d1f34e476334fb54b98925b1db9736f6d912723f9193f3f19529295e   M  rust/crates/xtask/src/runner_identity.rs
8bbd35e44a166f463caf3a7ec48a3f6771fea8126b2bccd022ee46598f03d3e7   M  rust/crates/xtask/src/stage_map.rs
8b0e15d152e7db9bd206105f4f142ae92d14cb3678761d4e9263a2f5f23404c1  ??  rust/crates/xtask/src/stage_maps/R03.json
c50440de9b01cb4bfbf9748df54d8c65bbc3e9b6fb8c5df9cabbf612a3d35dfe   M  rust/crates/xtask/src/verify.rs
fffdc02579baaf2613bb6e550c31a722c2413490c8a6109c509a788a9b2bb30b   M  rust/crates/xtask/src/verify/runner_tests.rs
75fb2a987b28f1b6e066b1f8c7012f281f6b4982e310f5d926ef7ecdc28dd380   M  scripts/rust-tauri/r02_t04_storage_tx.sh
d4774ca2d654482df89c305661654e449498f9e07c46604d09702822f64fc2bc   M  scripts/rust-tauri/r02_t08_legacy_entry_regression.sh
6126ba3605069ec0c85ea28531fe7c152a958e36e765f11d24d9e0039c2246db  ??  scripts/rust-tauri/r03_t08_a16_seed_mechanism.sh
30c99c4c4f30e380d11156216fc7e6964c3cdcc8bffe63983c8e2ae9a8e17955  ??  scripts/rust-tauri/r03_t08_generate_stage_map.py
4ec53937487e1000062c909c9a70c84282f1bcb3d7db7461cb23a933dd5b5825  ??  scripts/rust-tauri/r03_t08_matrix.sh
